0 0 0 0 0 0 0 0 0 10 1 0 4 0 0 8 0 4 8 1 0 11 1 0 0 0 0 0 0 0 0 0 0 0 0 0 12 0 0 18 0 0 20 0 11 0 0 2 9 0 0 9 0 0 0 0 0 0 0 0 0 0 0 0 0 5 0 0 4 0 0 6 0 12 5 0 7 4 1 3 0 0 0 0 0 0 0 0 0 0 0 0 1 0 6 6 0 0 0 0 5 0 0 13 0 0 7 0 0 0 0 0 0 0 0 0 0 0 0 0 0 0 0 3 7 0 7 56 166 255 157 56 0 23 0 1 0 0 0 0 0 0 0 0 0 0 0 0 0 21 0 0 7 0 59 220 234 255 251 246 5 0 7 0 0 0 0 0 0 0 0 0 0 0 0 0 8 0 7 10 0 69 203 255 255 248 215 246 56 9 10 4 0 0 0 0 0 0 0 0 0 0 0 0 0 0 0 4 71 202 255 241 250 184 106 254 254 125 0 0 0 0 0 0 0 5 0 0 13 0 0 4 7 0 8 172 235 255 255 255 255 235 110 188 248 175 5 0 0 0 0 0 0 5 0 0 4 0 0 2 6 4 50 239 255 243 189 105 255 229 40 80 255 158 7 0 0 0 0 0 1 2 1 0 0 1 1 0 9 28 232 255 244 196 7 83 107 34 1 2 255 234 53 0 0 0 0 0 0 0 4 0 0 4 0 0 36 172 255 222 218 83 0 0 7 0 0 0 255 251 166 0 0 0 0 0 0 0 5 1 1 0 0 12 178 254 227 79 13 11 13 7 0 25 0 0 255 249 190 6 0 0 0 0 2 0 4 0 1 0 0 72 254 248 63 15 0 20 3 0 0 0 0 10 246 255 182 6 0 0 0 0 4 0 2 0 2 0 30 175 252 195 0 0 0 0 0 27 16 0 0 16 246 237 205 0 0 0 0 0 3 0 1 0 4 0 64 255 254 108 10 0 2 10 0 0 0 4 18 0 255 255 135 0 0 0 0 0 3 3 0 0 1 6 89 248 230 26 3 0 5 5 10 0 1 0 11 128 251 184 19 0 0 0 0 0 1 0 4 7 3 0 79 254 223 15 0 0 3 0 0 1 7 0 132 255 234 64 0 2 0 0 0 0 3 2 2 0 0 0 87 255 143 0 2 0 10 11 0 3 39 192 249 149 5 8 0 0 0 0 0 0 0 5 4 0 0 6 91 247 218 24 0 0 0 0 14 111 234 253 167 0 4 0 0 0 0 0 0 0 0 1 7 3 1 1 83 245 251 125 67 22 82 186 228 245 229 160 57 15 0 18 0 7 0 0 0 0 3 0 0 6 2 0 82 255 255 236 229 224 249 255 243 205 133 6 0 0 16 0 4 0 0 0 0 0 6 1 0 0 2 0 50 183 238 255 250 240 251 231 137 3 0 4 11 14 0 6 0 7 0 0 0 0 0 8 5 0 10 4 0 32 145 236 255 250 151 32 8 0 0 0 5 0 0 7 3 0 0 0 0 0 0 0 0 0 0 0 0 0 0 0 0 0 0 0 0 0 0 0 0 0 0 0 0 0 0 0 0 0 0 0 0 0 0 0 0 0 0 0 0 0 0 0 0 0 0 0 0 0 0 0 0 0 0 0 0 0 0 0 0 0 0 0 0 0 0 0 0 0 0 0 0 0 0 0 0 0 0 0 0 0 0 0 0 0 0 0 0 0 0 0 0 0 0 0 0 0 0 0 0 0 0 0 0 0 0 0 0 0 0 0 0 0
0 0 0 0 0 0 0 0 0 0 7 4 0 1 3 0 0 1 1 1 0 3 1 0 0 0 0 0 0 0 0 0 0 0 0 0 7 0 0 0 0 0 1 5 0 2 0 0 0 9 0 2 0 0 0 0 0 0 0 0 0 0 0 0 2 5 2 2 7 0 0 0 11 2 11 0 14 0 0 6 0 0 0 0 0 0 0 0 0 0 0 0 0 7 2 0 3 10 2 0 0 0 0 8 5 0 0 1 0 0 0 0 0 0 0 0 0 0 0 0 0 2 3 0 0 0 0 3 3 7 16 0 0 3 21 0 0 0 0 0 0 0 0 0 0 0 0 0 7 0 6 3 0 0 66 134 255 255 228 119 2 0 9 0 0 0 0 0 0 0 0 0 0 0 0 0 12 0 0 4 15 98 212 255 236 255 247 255 33 7 0 16 0 0 0 0 0 0 0 0 0 0 0 0 2 0 20 74 146 247 255 172 68 31 198 255 189 0 4 0 0 0 0 0 0 0 0 0 0 0 0 0 4 0 103 255 253 228 51 0 3 0 18 241 255 50 5 2 0 0 0 0 0 0 0 0 0 0 0 0 0 12 222 255 237 62 3 5 0 0 8 211 255 51 0 0 0 0 0 0 0 0 0 0 0 0 0 0 4 15 255 255 135 0 7 0 0 0 1 173 251 59 0 3 0 0 0 0 0 0 0 0 0 0 0 0 0 55 239 230 33 0 25 0 3 3 0 153 247 64 0 7 0 0 0 0 0 0 0 0 0 0 0 0 0 147 250 143 13 0 0 3 0 4 1 172 252 63 0 0 0 0 0 0 0 0 0 0 0 0 0 0 28 214 255 113 8 0 0 5 0 6 10 221 255 56 0 0 0 0 0 0 0 0 0 0 0 0 0 0 63 241 253 84 0 10 3 0 0 7 8 255 244 33 5 0 0 0 0 0 0 0 0 0 0 0 0 0 53 255 253 7 1 0 2 4 4 2 0 255 215 3 3 0 0 0 0 0 0 0 0 0 0 0 0 0 58 248 255 6 11 0 10 0 10 0 100 255 94 0 0 8 0 0 0 0 0 0 0 0 0 0 0 0 5 213 255 7 6 0 0 12 0 25 231 246 30 11 9 0 0 0 0 0 0 0 0 0 0 0 0 0 1 222 245 12 0 14 0 6 4 95 246 240 21 0 0 8 0 0 0 0 0 0 0 0 0 0 0 0 0 205 255 28 0 0 20 0 20 214 249 115 8 0 0 0 0 0 0 0 0 0 0 0 0 0 0 0 0 137 246 117 2 3 2 0 132 255 230 0 0 7 0 4 0 0 0 0 0 0 0 0 0 0 0 0 3 73 255 216 19 0 0 102 255 214 75 0 0 0 0 8 0 0 0 0 0 0 0 0 0 0 0 0 0 23 248 240 137 23 114 233 253 132 0 18 0 13 6 0 0 0 0 0 0 0 0 0 0 0 0 0 1 2 52 249 254 233 251 255 163 7 11 0 2 0 0 10 0 0 0 0 0 0 0 0 0 0 0 0 0 2 0 119 245 255 246 141 9 6 2 0 0 0 0 1 0 0 0 0 0 0 0 0 0 0 0 0 0 20 0 5 0 0 8 0 7 5 1 0 0 0 0 1 0 0 0 0 0 0 0 0 0 0 0 0 0 0 0 5 6 0 13 8 3 2 1 0 0 0 0 0 0 0 0 0 0 0 0 0 0 0 0 0 9 4 4 0 0 0 0 0 0 0 0 1 1 1 0 0 0 0 0 0
0 0 0 0 0 0 0 0 5 0 0 0 1 1 0 0 11 0 0 6 0 0 0 0 0 0 0 0 0 0 0 0 0 0 0 0 0 1 9 2 0 5 8 3 0 13 6 6 1 0 7 3 0 0 0 0 0 0 0 0 0 0 0 0 13 0 0 0 0 0 0 0 0 4 0 0 4 0 0 0 0 0 0 0 0 0 0 0 0 0 0 0 0 0 7 13 8 1 1 7 13 0 10 1 4 13 0 6 0 0 0 0 0 0 0 0 0 0 0 0 2 9 2 0 0 1 5 0 0 0 3 4 0 0 19 0 0 0 0 0 0 0 0 0 0 0 0 0 0 0 0 12 10 0 0 5 62 134 167 248 253 246 248 72 0 0 0 0 0 0 0 0 0 0 0 0 12 5 0 0 0 33 131 226 234 255 242 255 255 255 251 103 0 0 0 0 0 0 0 0 0 0 0 0 0 10 0 0 51 176 254 255 255 250 255 235 225 250 247 233 0 0 0 0 5 0 0 11 0 6 0 0 0 0 31 67 199 249 251 255 224 195 198 153 33 199 243 255 0 0 0 0 0 1 14 0 12 9 0 10 4 31 153 242 242 250 255 120 32 1 0 0 0 164 255 247 0 0 0 0 0 0 5 0 2 0 10 0 17 195 255 255 254 245 202 48 0 11 0 4 7 174 255 255 0 0 0 0 10 0 0 12 0 0 0 37 229 249 255 240 137 33 0 6 7 0 0 0 127 255 239 101 0 0 0 0 0 0 11 0 4 23 0 179 248 255 230 110 0 0 6 0 7 0 8 2 189 255 245 82 0 0 0 0 0 12 0 0 7 0 113 255 255 238 102 1 7 0 5 3 0 0 4 130 254 255 160 4 0 0 0 0 0 12 0 13 0 18 234 250 254 92 0 0 9 0 8 0 2 14 80 232 249 247 68 3 0 0 0 0 5 0 1 2 0 133 244 255 215 4 10 0 3 0 0 9 1 0 212 254 254 211 3 0 0 0 0 0 11 0 5 4 10 241 242 252 130 0 3 4 0 2 4 0 13 158 243 255 222 121 2 4 0 0 0 0 0 0 14 0 124 255 255 124 0 0 9 13 0 5 0 8 94 241 245 255 133 1 0 0 0 0 0 0 0 18 11 0 255 255 245 61 7 19 0 0 2 0 7 87 245 255 255 212 7 0 24 0 0 0 0 0 0 5 0 0 255 244 248 65 0 0 23 0 7 43 210 251 248 255 86 12 7 0 0 6 0 0 0 0 8 1 8 7 234 255 255 58 12 0 0 28 207 213 249 251 254 102 2 4 0 0 17 0 0 0 0 0 0 0 0 0 251 255 234 111 54 63 142 241 252 244 255 216 122 0 8 0 0 8 0 0 0 0 0 0 0 5 0 13 228 254 255 255 250 248 247 255 245 254 172 27 0 17 0 0 13 0 7 1 0 0 0 0 7 0 0 4 43 148 255 249 255 248 255 240 188 64 2 2 1 3 0 5 0 7 1 0 0 0 0 0 0 1 0 0 8 50 98 128 115 121 104 60 17 0 0 0 0 0 0 0 0 0 0 0 0 0 0 0 0 4 6 0 0 0 1 3 0 9 11 0 0 0 5 9 0 0 0 0 0 0 0 0 0 0 0 0 0 0 3 2 1 1 0 0 0 0 0 0 0 0 2 0 0 0 0 0 0 0 0 0 0 0 0 0 1 0 0 0 0 3 6 6 2 5 4 0 0 3 1 0 0 0 0 0 0 0 0 0 0 0 0 0
4 0 2 0 9 0 3 0 0 0 0 0 0 0 0 0 0 0 0 9 0 0 0 0 0 0 0 0 4 0 2 0 1 0 3 6 0 0 0 0 0 0 0 0 3 7 5 0 0 8 10 0 0 0 0 0 0 5 0 0 0 0 0 7 0 0 0 0 0 0 0 0 6 0 0 0 2 0 0 3 0 0 0 0 0 1 4 0 7 1 0 0 0 0 0 0 0 0 0 0 0 11 0 5 0 11 0 0 0 0 0 0 0 0 7 0 14 0 6 0 0 0 0 0 0 0 0 0 2 0 0 7 2 0 0 9 0 0 0 0 7 0 0 0 1 0 6 0 0 0 0 0 0 0 0 0 0 0 16 0 2 0 3 3 0 0 0 0 5 0 0 29 0 0 0 0 0 0 0 0 0 0 0 0 16 126 148 66 0 15 13 0 0 0 0 0 2 0 8 72 0 11 0 0 0 0 0 0 0 0 0 0 140 250 255 248 46 9 0 23 0 0 0 0 6 0 8 36 0 12 0 0 1 0 6 0 0 19 121 195 250 255 234 154 0 0 14 0 0 0 0 0 1 0 0 16 0 0 0 4 0 4 0 8 36 188 255 251 253 199 58 76 21 7 0 0 0 0 0 0 0 3 0 2 3 0 0 10 2 2 6 67 235 253 247 251 137 12 69 235 214 44 11 0 0 0 0 0 1 2 0 1 7 0 7 0 3 0 125 245 251 255 178 75 12 0 76 255 248 188 96 0 0 0 0 0 0 0 0 2 0 0 6 0 2 124 253 255 253 192 15 5 0 0 70 240 255 255 255 11 0 0 0 0 3 0 5 5 0 0 0 22 125 255 241 250 191 0 26 0 0 0 72 255 255 242 9 3 0 0 0 0 2 1 3 2 0 6 0 111 249 255 245 146 3 14 0 0 0 12 78 242 255 117 36 0 0 0 0 0 0 2 0 0 5 10 0 187 248 255 181 9 0 8 0 6 13 31 231 255 248 77 0 1 0 0 0 0 1 0 0 3 0 4 3 176 255 249 37 6 0 7 5 0 25 183 251 255 62 13 0 3 0 0 0 0 1 0 0 8 1 9 32 234 251 208 3 0 5 0 18 71 235 249 255 230 39 0 0 0 0 0 0 0 2 2 0 6 0 0 38 254 244 179 23 0 12 97 219 253 246 255 226 80 0 1 3 1 0 0 0 0 0 3 0 0 0 0 22 205 255 255 188 197 239 232 246 255 255 198 85 0 0 10 0 0 0 0 0 0 0 2 0 0 3 0 8 119 255 250 253 255 250 255 255 192 34 15 0 12 2 0 8 0 0 0 0 0 0 2 2 0 3 1 0 32 62 147 168 142 163 160 84 0 0 15 0 0 0 9 14 0 0 0 0 0 4 0 3 1 0 0 0 0 18 1 0 1 0 6 1 3 0 12 0 17 14 0 0 19 0 0 0 0 4 0 0 6 0 2 8 2 0 5 0 0 0 8 0 11 10 0 8 0 0 15 12 0 0 0 0 0 0 0 0 0 0 0 0 0 0 0 0 0 0 0 0 0 0 0 0 0 0 0 0 0 0 0 0 0 0 0 0 0 0 0 0 0 0 0 0 0 0 0 0 0 0 0 0 0 0 0 0 0 0 0 0 0 0 0 0 0 0 0 0 0 0 0 0 0 0 0 0 0 0 0 0 0 0 0 0 0 0 0 0 0 0 0 0 0 0 0 0 0 0 0 0 0 0 0 0 0 0 0 0 0 0 0 0 0 0 0 0 0
0 0 0 0 0 0 0 0 5 0 0 1 3 0 0 0 0 13 4 0 12 0 0 4 0 6 0 0 0 0 0 0 0 0 0 0 0 0 0 4 5 3 3 4 11 0 14 5 6 8 9 0 11 8 0 0 0 0 0 0 0 0 0 0 0 2 4 0 0 0 0 0 0 0 2 0 0 0 0 16 0 0 2 0 0 0 0 0 0 0 0 0 3 6 2 0 0 0 0 0 0 19 2 0 9 3 0 0 0 0 11 0 0 0 0 0 0 0 0 0 0 1 0 0 0 4 3 0 0 1 0 9 37 101 184 164 85 0 6 0 0 0 0 0 0 0 0 0 0 0 1 5 3 0 0 0 7 6 7 147 245 248 251 250 223 13 0 0 0 0 0 0 0 0 0 0 2 0 1 5 0 0 0 15 0 107 191 255 227 92 12 112 255 8 0 1 0 0 0 0 0 0 0 0 4 0 0 3 0 0 24 65 203 255 255 127 8 0 0 110 226 0 5 2 0 2 6 0 2 4 0 5 0 0 0 9 0 76 124 250 255 250 150 0 10 0 0 255 65 24 0 0 0 0 0 0 9 5 0 4 0 21 8 0 125 255 255 253 230 241 27 6 0 0 119 226 15 0 0 0 2 1 0 3 2 0 0 0 20 0 3 116 234 255 219 63 83 124 0 0 22 29 255 79 0 0 0 3 0 4 0 3 0 0 3 0 1 0 203 243 255 132 13 0 0 28 0 6 0 184 241 0 0 3 4 0 0 3 0 0 4 3 1 0 0 167 254 255 89 0 0 4 5 0 10 0 46 255 116 0 0 0 0 0 7 2 0 0 9 4 0 10 174 251 252 255 13 3 0 0 0 3 0 9 165 244 0 3 0 0 0 0 9 0 6 0 3 0 0 114 255 223 206 251 229 63 0 0 0 4 6 34 249 88 0 3 4 3 3 5 0 0 17 0 0 0 42 249 220 4 0 141 197 201 4 0 0 9 0 182 242 1 0 0 0 0 0 3 4 0 1 7 4 0 190 248 29 0 9 0 9 2 0 2 1 0 82 251 34 0 4 5 0 0 0 0 0 2 13 0 0 48 222 92 6 3 0 25 0 0 17 0 0 59 255 160 8 0 0 0 0 0 0 0 0 8 2 0 19 107 255 15 0 12 0 0 0 17 0 10 33 255 207 0 11 1 2 0 0 0 0 0 7 0 0 12 0 255 155 2 0 8 13 3 4 2 0 104 253 199 55 0 0 6 0 11 0 0 0 0 0 7 0 0 13 255 190 1 12 0 0 5 29 101 242 255 238 4 3 12 0 0 0 2 0 0 0 0 3 0 5 5 0 255 255 201 85 81 130 177 239 255 245 140 20 0 0 0 0 0 24 0 0 0 0 0 5 1 0 3 11 87 240 255 255 237 255 255 236 134 3 0 7 0 10 16 0 5 0 0 0 0 0 0 0 6 0 4 9 0 9 82 168 179 108 56 0 0 6 0 7 0 2 0 8 1 0 7 0 0 0 0 0 0 0 0 0 0 0 0 0 0 0 0 0 0 0 0 0 0 0 0 0 0 0 0 0 0 0 0 0 0 0 0 0 0 0 0 0 0 0 0 0 0 0 0 0 0 0 0 0 0 0 0 0 0 0 0 0 0 0 0 0 0 0 0 0 0 0 0 0 0 0 0 0 0 0 0 0 0 0 0 0 0 0 0 0 0 0 0 0 0 0 0 0 0 0 0 0 0 0 0 0 0 0 0 0 0 0 0 0 0 0 0
0 0 0 0 0 0 0 0 0 5 1 6 8 0 0 2 2 0 25 0 2 10 0 4 0 0 0 0 0 0 0 0 0 0 0 0 3 6 0 0 0 0 0 6 4 1 0 0 14 0 11 0 0 0 0 0 0 0 0 0 0 0 0 0 7 0 0 1 18 11 0 0 0 8 1 14 0 14 0 0 0 0 0 0 0 0 0 0 0 0 0 0 0 4 8 0 0 0 0 5 2 3 6 0 2 0 0 24 0 0 0 0 0 0 0 0 0 0 0 0 0 5 11 0 0 13 0 2 0 169 232 123 115 0 13 0 0 0 0 0 0 0 0 0 0 0 0 0 13 0 1 12 4 0 11 106 246 255 252 252 250 109 0 7 0 0 0 0 0 0 0 0 0 0 0 0 0 0 7 0 0 11 103 255 255 238 234 255 249 233 0 0 0 0 0 0 0 0 0 0 0 0 0 0 0 4 10 0 80 225 254 251 248 255 255 249 247 250 104 1 0 0 0 0 0 4 0 6 0 4 4 0 14 0 40 192 244 254 253 251 250 248 255 242 250 255 240 46 0 0 0 0 22 9 0 0 9 0 0 10 0 144 228 255 252 253 247 255 255 245 255 250 247 241 253 128 0 0 0 0 0 6 1 7 0 4 0 33 209 245 250 255 245 249 255 255 243 247 255 252 255 255 255 117 0 0 0 0 22 0 0 23 0 0 42 144 249 249 248 255 247 248 255 250 255 244 246 255 255 235 253 192 0 0 0 0 0 0 3 0 7 136 232 250 254 255 250 249 255 253 243 252 234 255 255 239 247 255 245 129 0 0 0 0 9 4 0 18 18 193 240 255 239 250 252 246 251 243 247 215 242 255 249 255 255 255 249 190 0 0 0 0 0 17 0 0 34 238 252 255 255 249 255 246 248 255 213 13 117 224 255 255 240 242 255 219 0 0 0 0 10 0 11 3 185 252 255 250 253 243 255 253 255 242 244 181 227 255 249 250 255 255 255 242 0 0 0 0 0 7 1 0 255 248 248 255 255 248 255 247 238 255 253 255 255 244 247 255 248 255 248 228 0 0 0 0 11 0 2 2 255 251 255 253 255 237 252 255 255 255 247 249 245 255 255 235 236 255 219 114 0 0 0 0 0 0 2 0 249 246 252 255 254 251 255 253 238 247 252 255 253 255 252 253 255 240 116 0 0 0 0 0 0 10 12 0 255 255 249 249 255 247 254 255 255 255 252 241 252 253 255 254 217 85 3 0 0 0 0 0 20 0 0 0 236 240 255 251 255 246 247 255 255 241 254 255 250 255 233 158 105 15 0 13 0 0 0 0 0 22 0 1 2 241 255 255 246 255 255 251 242 249 255 230 249 212 107 1 0 0 0 0 0 0 0 0 21 0 5 0 4 65 153 255 241 255 248 253 255 255 206 111 0 7 0 0 8 15 2 8 0 0 0 0 0 9 0 0 0 8 0 119 130 122 117 130 79 3 0 0 1 5 0 4 0 0 0 1 0 0 0 0 0 0 0 0 0 0 0 0 0 0 0 0 0 0 0 0 0 0 0 0 0 0 0 0 0 0 0 0 0 0 0 0 0 0 0 0 0 0 0 0 0 0 0 0 0 0 0 0 0 0 0 0 0 0 0 0 0 0 0 0 0 0 0 0 0 0 0 0 0 0 0 0 0 0 0 0 0 0 0 0 0 0 0 0 0 0 0 0 0 0 0 0 0 0 0 0 0 0 0 0 0 0 0 0 0 0 0 0 0 0 0 0
0 0 0 0 0 0 0 0 0 1 5 3 0 0 1 5 6 0 0 3 4 0 0 0 0 0 0 0 0 0 0 0 0 0 0 0 0 0 0 0 0 0 0 0 0 0 0 0 0 0 1 7 0 0 0 0 0 0 0 0 0 0 0 0 0 0 0 1 4 6 6 6 8 7 6 4 0 0 0 3 0 0 0 0 0 0 0 0 0 0 0 0 4 3 2 0 0 0 0 0 0 0 0 0 0 0 0 1 0 0 0 0 0 0 0 0 0 0 0 0 0 0 1 2 1 1 4 7 2 0 0 1 4 5 1 0 0 0 0 0 0 0 0 0 0 0 0 0 0 0 0 0 0 1 3 4 0 1 0 0 0 1 0 0 0 0 0 0 0 0 0 0 0 0 0 0 10 4 0 0 5 6 0 0 0 4 5 0 0 0 1 2 0 0 0 0 0 0 0 0 0 0 0 0 0 0 0 21 53 76 80 75 76 79 69 40 11 0 0 0 0 0 0 0 0 0 3 0 2 7 5 21 64 154 140 229 250 255 255 248 255 251 255 248 157 97 37 0 0 0 0 7 10 0 0 7 0 0 14 194 255 255 255 255 255 252 245 255 251 255 255 246 255 255 186 34 0 4 5 1 4 0 0 6 2 7 109 255 254 242 253 242 253 255 249 255 255 245 255 244 253 250 250 202 25 0 4 0 0 0 2 0 8 35 232 238 255 255 239 255 251 255 255 255 255 244 255 254 255 254 255 255 125 0 0 0 3 0 2 0 3 75 255 252 251 255 255 255 232 217 217 231 143 140 176 249 255 248 240 255 231 7 0 1 0 7 4 0 2 181 241 255 253 245 255 110 43 27 0 4 0 0 26 168 244 255 243 255 224 0 0 14 0 6 4 0 4 255 241 254 255 246 242 43 1 28 4 13 116 181 233 252 255 255 255 250 166 0 0 11 13 0 0 8 0 232 255 252 253 255 255 221 236 251 218 235 251 255 255 248 255 244 252 255 158 14 0 0 1 3 0 10 0 171 255 255 253 253 253 253 253 253 253 253 254 255 252 254 250 245 255 255 119 3 0 6 0 4 0 4 0 166 253 241 254 254 254 254 254 254 254 254 243 255 255 255 255 255 255 249 69 0 0 0 1 2 0 0 3 138 249 255 254 254 254 254 254 254 254 254 254 255 245 248 255 255 225 166 16 0 5 0 9 0 0 1 0 60 171 238 253 253 253 253 253 253 253 253 255 255 233 231 223 174 92 4 0 0 9 0 0 0 4 4 0 0 39 84 75 75 75 75 75 75 75 75 74 55 18 8 3 0 4 0 1 1 2 0 0 1 5 0 0 0 0 0 0 0 0 0 0 0 0 0 2 0 0 0 1 0 0 2 4 0 0 0 0 10 0 0 3 13 3 3 3 3 3 3 3 3 3 3 9 5 0 2 8 1 4 0 1 0 0 1 0 6 0 2 0 0 0 13 0 0 0 0 0 0 0 0 0 6 1 0 0 0 10 4 0 3 4 5 0 0 0 0 0 0 0 0 0 0 0 0 0 0 0 0 0 0 0 0 0 0 0 0 0 0 0 0 0 0 0 0 0 0 0 0 0 0 0 0 0 0 0 0 0 0 0 0 0 0 0 0 0 0 0 0 0 0 0 0 0 0 0 0 0 0 0 0 0 0 0 0 0 0 0 0 0 0 0 0 0 0 0 0 0 0 0 0 0 0 0 0 0 0 0 0 0 0 0 0 0 0 0 0 0 0 0 0 0 0 0 0
0 0 0 0 0 0 0 0 0 10 1 0 10 7 0 3 0 0 0 0 0 1 0 0 0 0 0 0 0 0 0 0 0 0 0 0 9 8 5 0 0 0 1 3 0 0 7 12 9 3 0 0 0 0 0 0 0 0 0 0 0 0 0 0 0 0 0 0 13 11 0 0 7 0 0 0 0 0 0 9 0 0 0 0 0 0 0 0 0 0 0 0 2 18 1 0 5 0 0 14 0 0 3 14 12 0 0 5 0 0 0 0 0 0 0 0 0 0 0 0 0 0 0 24 60 61 27 0 12 3 0 0 0 0 0 0 0 0 0 0 0 0 0 0 0 0 0 0 4 6 97 202 245 255 243 154 72 37 0 0 2 16 13 2 0 0 0 0 0 0 0 0 0 0 0 0 2 105 230 255 252 238 251 255 255 216 132 43 0 0 0 1 0 0 0 0 0 0 0 0 0 0 0 0 44 209 255 228 171 74 24 80 128 211 255 211 97 14 0 2 0 0 0 0 7 0 0 0 12 0 4 0 173 255 235 108 2 6 0 0 0 37 76 255 255 164 7 3 0 7 0 0 0 0 2 5 0 20 0 97 255 244 93 8 0 0 1 5 0 0 28 64 231 255 169 6 0 5 0 0 0 0 2 3 0 0 0 171 252 133 2 0 9 0 0 4 4 1 0 10 39 228 255 62 0 0 4 0 0 4 0 0 6 1 122 247 188 6 1 6 2 4 0 0 0 11 0 6 10 37 232 238 31 0 4 0 0 1 0 0 11 57 236 255 132 0 0 0 0 4 8 0 0 3 19 0 0 0 245 251 97 0 1 0 9 0 6 0 0 159 255 200 37 12 0 1 6 0 7 0 6 10 0 2 11 4 74 251 177 1 1 0 3 0 8 3 0 253 255 129 0 15 0 17 16 0 2 0 0 0 7 2 0 0 38 227 237 0 0 1 3 0 4 0 6 255 225 28 11 0 0 6 0 7 5 1 7 9 0 7 3 0 26 237 255 0 0 5 0 6 2 4 1 255 211 0 0 5 0 0 2 0 13 4 0 0 1 6 0 0 103 251 246 11 0 0 13 0 0 0 6 249 227 0 8 13 166 172 85 13 0 1 0 19 0 0 19 21 248 254 163 0 0 0 0 6 11 0 0 197 234 30 0 177 243 96 0 4 24 0 0 0 19 0 6 206 255 244 88 0 0 5 0 0 0 3 21 157 246 152 22 187 237 100 0 8 0 11 4 1 5 0 145 255 254 254 43 7 5 2 8 4 2 0 0 4 150 248 231 209 187 255 215 173 56 1 0 29 112 195 239 255 243 136 7 5 0 0 0 0 0 0 25 0 9 42 134 96 12 198 244 233 246 253 253 255 249 249 255 233 27 0 0 1 0 0 0 11 5 0 0 6 0 4 0 17 0 0 75 223 242 253 250 243 252 239 196 50 0 18 3 0 3 3 1 0 9 3 5 0 0 9 3 0 1 12 0 0 58 64 59 79 61 56 0 9 6 0 3 0 0 0 0 0 0 0 0 0 0 0 0 0 0 0 0 0 0 0 0 0 0 0 0 0 0 0 0 0 0 0 0 0 0 0 0 0 0 0 0 0 0 0 0 0 0 0 0 0 0 0 0 0 0 0 0 0 0 0 0 0 0 0 0 0 0 0 0 0 0 0 0 0 0 0 0 0 0 0 0 0 0 0 0 0 0 0 0 0 0 0 0 0 0 0 0 0 0 0 0 0 0 0 0 0 0 0 0 0 0 0 0 0 0 0
0 0 0 0 0 0 0 0 0 0 2 2 1 0 0 2 2 0 0 5 0 7 2 3 3 0 0 7 0 0 0 0 0 0 0 0 2 2 2 1 0 0 0 1 0 0 9 9 0 2 4 0 1 18 0 0 0 0 0 0 0 0 0 0 4 2 0 0 0 1 2 2 4 13 0 0 9 6 0 0 0 12 0 0 0 0 0 0 0 0 0 0 0 0 0 0 2 3 3 1 0 0 2 0 20 0 0 13 22 0 0 1 0 0 0 0 0 0 0 0 0 0 0 1 2 1 0 0 13 0 16 2 0 41 200 254 176 1 0 0 0 0 0 0 0 0 0 0 0 2 4 3 0 0 0 0 0 9 0 34 177 252 253 254 255 3 0 0 0 0 0 0 0 0 0 0 0 4 5 2 0 0 3 9 0 48 153 240 247 255 255 246 231 0 0 1 0 0 0 0 0 0 0 0 0 1 4 0 0 0 12 24 109 235 255 244 164 42 27 190 168 0 7 0 14 0 0 7 0 0 0 0 0 11 8 0 3 6 47 250 244 255 168 37 2 0 3 203 142 12 0 3 0 7 11 0 0 0 1 11 1 0 0 2 20 136 245 254 240 96 0 0 0 19 82 201 52 0 0 2 0 11 0 0 8 1 0 0 0 8 25 0 189 240 251 239 52 9 0 18 0 0 133 147 0 0 12 2 1 2 0 4 8 0 0 0 0 9 41 169 252 255 249 67 8 0 0 10 0 36 213 12 5 3 11 0 9 0 4 10 0 0 12 6 0 24 255 255 167 189 241 0 0 26 5 0 11 115 149 15 6 0 0 0 6 0 8 1 0 9 0 0 49 233 250 171 11 18 78 0 1 0 0 7 47 209 74 0 0 0 0 2 1 0 3 0 6 12 0 57 250 251 160 19 4 0 0 2 0 9 0 13 146 187 0 6 0 3 3 8 2 0 12 0 4 0 23 231 253 145 17 0 12 0 3 0 1 0 4 86 255 112 0 10 2 2 0 0 0 3 5 0 7 11 194 252 127 15 0 0 7 0 0 2 0 1 71 238 210 18 0 17 0 0 0 0 3 5 0 0 0 65 255 151 19 0 3 0 6 8 7 0 3 114 237 228 59 0 23 0 0 0 0 0 0 2 0 0 20 223 213 14 1 0 10 0 0 0 13 45 180 248 172 36 4 5 0 10 0 0 0 0 0 6 12 0 0 245 117 0 0 2 1 0 0 42 143 242 255 148 38 0 0 9 0 9 0 0 0 0 8 0 0 7 23 251 155 0 0 11 40 119 197 236 244 249 121 0 0 17 0 5 8 0 0 0 0 0 10 0 11 0 0 255 235 206 198 255 255 240 242 253 153 6 14 0 0 0 0 11 0 4 0 0 0 0 0 2 0 0 12 248 249 255 253 247 251 255 181 63 8 0 0 0 20 17 0 0 1 2 0 0 0 0 0 0 1 14 0 83 255 192 213 166 92 67 0 0 7 3 0 7 0 0 0 3 0 0 0 0 0 0 0 0 0 0 0 0 0 0 0 0 0 0 0 0 0 0 0 0 0 0 0 0 0 0 0 0 0 0 0 0 0 0 0 0 0 0 0 0 0 0 0 0 0 0 0 0 0 0 0 0 0 0 0 0 0 0 0 0 0 0 0 0 0 0 0 0 0 0 0 0 0 0 0 0 0 0 0 0 0 0 0 0 0 0 0 0 0 0 0 0 0 0 0 0 0 0 0 0 0 0 0 0 0 0 0 0 0 0 0 0 0 0
2 0 0 0 7 1 0 3 4 8 0 3 10 0 0 0 4 0 0 0 1 0 0 2 0 0 0 0 0 3 0 0 3 0 0 6 0 9 15 0 0 14 4 0 0 5 9 6 5 8 5 0 0 0 0 0 0 6 3 0 0 0 0 5 13 0 3 0 3 4 0 19 0 0 0 0 0 0 0 3 0 0 0 0 0 7 3 0 0 1 0 0 0 1 4 0 7 8 0 0 1 0 2 14 13 0 0 1 0 0 0 0 0 5 0 0 2 2 0 0 0 9 0 1 1 0 7 17 9 4 0 0 0 0 0 0 0 0 0 0 0 3 0 0 4 0 0 10 22 95 154 255 250 131 105 89 0 5 6 0 0 10 13 0 0 0 0 0 1 1 0 1 3 0 7 36 203 255 252 255 254 238 255 252 222 192 135 67 12 0 0 0 0 0 0 0 0 0 0 3 0 0 14 58 255 255 246 250 255 255 253 250 255 248 250 244 173 64 4 5 0 0 0 0 0 13 0 0 2 9 0 51 255 241 255 255 239 255 251 179 186 255 243 255 255 242 44 3 0 13 5 0 0 5 0 0 1 0 3 17 135 255 235 255 255 164 71 16 9 24 122 210 241 247 249 147 0 0 0 0 2 0 5 0 2 0 9 0 110 255 255 247 144 18 0 0 4 13 6 30 205 249 253 214 76 16 0 6 4 0 8 0 4 0 0 21 219 240 244 124 9 0 2 13 0 0 19 0 6 95 174 255 208 71 0 2 4 0 8 0 1 5 0 86 255 247 194 12 0 14 0 0 11 4 1 0 0 8 9 186 255 94 0 0 4 0 4 1 0 5 6 160 246 247 144 0 9 0 0 0 0 0 0 15 0 0 8 87 255 96 2 8 3 0 0 2 0 0 81 223 252 181 35 0 0 0 18 0 6 0 0 3 0 1 15 85 248 103 8 5 1 1 0 3 0 0 153 255 252 138 0 6 0 1 0 1 0 5 0 8 0 9 0 245 255 107 0 0 8 0 11 0 1 0 255 252 255 126 12 0 7 5 0 4 2 9 0 0 0 8 151 243 255 57 1 5 7 0 6 0 1 8 245 246 249 123 15 0 0 0 0 11 2 0 5 12 0 54 232 255 193 26 0 12 0 3 8 0 0 3 244 255 253 69 0 5 1 9 16 0 7 2 0 0 118 202 255 213 96 1 0 9 0 2 1 6 0 0 255 255 255 129 10 0 11 0 0 15 0 3 16 31 226 255 252 147 18 0 4 0 4 0 0 11 13 0 255 241 255 115 5 0 0 0 0 7 25 8 124 210 255 250 223 65 0 3 6 0 3 0 0 6 1 0 233 255 252 214 93 10 11 0 22 128 176 255 255 255 238 141 5 0 1 1 0 0 0 8 3 0 0 0 112 224 251 247 241 238 238 239 248 255 255 255 242 185 47 6 0 15 4 0 0 4 0 6 0 0 8 12 0 96 235 251 255 253 250 253 253 249 251 203 125 26 6 0 0 0 0 2 0 0 0 0 0 0 0 0 0 0 72 177 251 249 251 255 238 170 95 40 0 0 4 3 0 3 0 0 0 0 0 0 0 0 0 0 0 0 0 0 5 0 0 0 5 0 12 0 0 5 8 0 0 2 0 0 0 0 0 0 0 0 0 0 0 0 16 5 2 9 7 0 0 3 0 0 0 3 0 0 0 6 0 0 0 0 0 0 0 0 0 0 0 0 0 0 0 0 1 2 0 0 8 6 1 0 0 1 3 2 0 0 0 0
0 0 0 0 0 0 0 0 0 6 0 0 8 3 0 0 1 0 3 0 0 0 16 0 0 0 0 0 0 0 0 0 0 0 0 0 7 0 0 0 0 2 16 14 2 0 1 0 14 0 0 1 0 0 0 0 0 0 0 0 0 0 0 0 7 0 0 15 11 0 0 0 8 1 0 0 15 4 0 1 0 0 0 0 0 0 0 0 0 0 0 0 0 17 4 0 0 14 10 12 0 0 3 0 0 5 0 0 0 0 0 0 0 0 0 0 0 0 0 0 6 0 0 0 0 0 0 0 23 0 3 10 0 0 0 0 0 0 0 0 0 0 0 0 0 0 0 0 1 0 19 19 0 21 164 236 181 85 0 1 1 2 5 0 0 0 0 0 0 0 0 0 0 0 0 0 0 8 1 0 44 191 255 236 255 200 22 0 5 4 5 0 0 0 0 0 0 0 0 0 0 0 0 0 0 16 0 21 171 247 237 253 240 255 84 7 2 0 0 5 0 0 0 0 0 0 0 0 0 0 0 0 0 7 1 154 252 187 18 2 96 251 246 52 11 0 2 0 0 0 0 0 0 0 0 0 0 0 0 0 7 0 96 249 253 147 0 0 11 132 241 238 50 0 32 0 0 0 0 0 0 0 0 0 0 0 0 0 4 17 200 254 151 65 0 2 5 5 17 250 106 7 0 5 0 0 0 0 0 0 0 0 0 0 0 0 0 110 255 150 17 1 4 2 0 0 0 151 200 5 4 0 0 0 0 0 0 0 0 0 0 0 0 0 9 215 247 56 0 0 13 0 0 16 17 152 196 5 8 0 0 0 0 0 0 0 0 0 0 0 0 0 72 255 180 5 10 0 1 0 17 0 0 85 240 11 5 0 0 0 0 0 0 0 0 0 0 0 0 0 109 255 137 0 9 0 0 2 0 15 3 75 255 103 0 5 0 0 0 0 0 0 0 0 0 0 0 0 100 244 148 6 0 2 8 0 12 0 4 44 255 88 0 2 0 0 0 0 0 0 0 0 0 0 0 0 104 253 150 0 3 3 0 11 0 0 3 143 243 75 15 0 0 0 0 0 0 0 0 0 0 0 0 0 82 251 134 12 0 1 8 0 10 0 0 125 255 109 10 0 0 0 0 0 0 0 0 0 0 0 0 0 28 239 159 0 1 1 0 9 0 0 6 157 240 22 0 17 0 0 0 0 0 0 0 0 0 0 0 0 0 196 255 50 0 2 0 3 0 9 7 178 184 0 12 0 0 0 0 0 0 0 0 0 0 0 0 0 0 100 255 158 0 0 23 0 0 0 93 255 140 0 9 4 0 0 0 0 0 0 0 0 0 0 0 0 2 18 128 255 106 6 0 0 0 28 195 255 87 11 0 0 0 0 0 0 0 0 0 0 0 0 0 0 0 0 42 222 238 110 15 11 35 171 255 121 0 0 4 0 0 0 0 0 0 0 0 0 0 0 0 0 4 0 13 52 211 252 212 148 230 255 145 0 10 0 8 2 0 0 0 0 0 0 0 0 0 0 0 0 2 6 0 0 32 178 255 255 207 105 11 0 4 3 0 0 0 0 0 0 0 0 0 0 0 0 0 0 7 0 0 6 0 6 7 0 7 0 0 4 5 0 0 0 0 0 0 0 0 0 0 0 0 0 0 0 3 0 0 15 0 0 8 12 0 2 4 0 0 0 5 5 0 0 0 0 0 0 0 0 0 0 0 0 2 2 7 5 0 0 0 0 5 7 2 0 1 10 5 0 0 0 0 0
0 0 0 0 0 0 0 0 8 0 0 0 5 1 0 5 0 1 0 0 13 0 0 1 0 0 0 0 0 0 0 0 0 0 0 0 0 1 9 7 0 0 0 0 0 0 2 3 0 0 8 1 0 0 0 0 0 0 0 0 0 0 0 0 6 0 0 1 1 0 0 13 7 0 0 0 4 0 0 6 0 0 0 0 0 0 0 0 0 0 0 0 0 10 3 0 0 13 4 0 0 8 17 2 0 12 13 0 0 0 0 0 0 0 0 0 0 0 0 0 1 0 3 9 4 0 0 14 18 0 0 3 0 0 18 4 0 0 0 0 0 0 0 0 0 0 0 0 7 0 0 0 1 29 107 187 229 164 50 0 20 0 0 6 0 0 0 0 0 0 0 0 0 0 0 0 0 20 7 0 29 168 255 255 246 255 146 0 0 20 0 0 0 0 0 0 0 0 0 0 0 0 0 0 3 0 0 44 153 253 255 237 254 251 255 171 8 0 20 3 0 0 0 0 0 0 7 0 5 0 8 0 7 0 11 134 255 249 255 249 255 255 253 255 40 0 17 0 0 0 0 0 1 0 5 0 5 0 9 0 0 57 156 255 255 230 160 138 222 255 247 233 158 9 0 2 0 0 0 0 6 0 3 0 3 0 6 0 18 124 248 255 250 121 0 0 164 255 255 247 226 7 0 7 0 0 0 0 8 0 2 2 1 0 0 5 88 240 238 110 148 107 7 24 239 214 185 255 255 54 6 0 0 0 0 0 7 0 1 4 0 0 0 42 213 255 102 0 0 36 0 90 255 95 38 223 254 66 7 0 0 0 0 0 3 0 1 4 0 0 5 113 255 136 0 6 0 0 13 105 108 9 0 149 243 70 0 0 0 0 0 0 0 3 0 1 1 0 26 198 243 48 4 0 9 0 4 0 7 0 9 113 255 138 8 0 0 0 0 0 0 6 0 0 3 0 44 255 158 0 3 0 0 3 0 5 0 0 5 118 255 144 0 9 0 0 0 0 2 0 0 8 0 0 142 255 95 3 0 9 0 0 12 1 1 0 0 59 248 213 3 0 0 0 0 0 1 3 2 0 0 2 183 245 47 0 0 6 1 0 0 0 0 2 16 108 255 169 0 0 0 0 0 0 1 0 2 2 0 2 229 226 10 3 4 0 4 8 2 22 1 18 0 121 249 156 0 7 0 0 0 0 6 0 0 6 1 0 243 206 3 0 0 0 5 12 0 0 0 0 16 143 254 64 9 0 0 0 0 0 4 0 1 0 0 5 247 215 17 0 11 4 0 0 12 14 20 0 41 239 231 19 0 2 0 0 0 0 0 6 5 0 0 38 238 255 60 6 3 7 0 6 1 0 0 1 159 255 214 0 13 0 0 0 0 0 0 3 0 2 0 29 156 255 230 119 27 0 3 6 0 4 0 126 255 255 98 0 0 0 0 0 0 0 7 0 0 18 0 0 42 224 248 255 252 212 148 62 41 122 207 254 249 139 8 0 0 0 0 0 0 0 0 0 0 0 0 2 5 6 137 197 252 255 253 254 255 250 255 237 119 6 0 0 0 3 0 0 0 0 1 0 0 0 0 1 3 5 0 0 6 0 0 5 7 0 0 7 0 0 5 10 0 3 0 0 0 0 2 1 0 0 0 0 1 2 14 8 0 0 0 3 0 0 9 11 6 6 8 0 0 2 0 0 0 0 3 2 0 0 0 0 0 0 0 0 0 3 3 0 0 2 0 0 0 0 0 0 0 10 0 0 0 0
0 0 0 0 0 0 0 0 1 4 0 4 6 0 3 0 2 4 0 4 2 0 10 0 0 0 0 0 0 0 0 0 0 0 0 0 0 9 0 6 0 0 5 4 0 0 0 0 0 0 3 10 0 0 0 0 0 0 0 0 0 0 0 0 0 7 0 7 0 3 1 0 12 5 4 3 7 2 0 5 0 0 0 0 0 0 0 0 0 0 0 0 0 16 3 11 0 3 0 3 0 0 0 0 9 7 0 6 0 0 0 0 0 0 0 0 0 0 0 0 0 0 0 9 0 10 0 0 9 8 3 0 0 3 0 4 0 0 0 0 0 0 0 0 0 0 0 0 28 0 0 31 119 202 242 255 243 255 255 255 246 198 105 0 0 0 0 0 0 0 0 0 0 0 0 0 0 0 65 136 235 255 255 249 255 255 233 251 255 255 202 39 0 0 0 0 0 0 0 0 0 0 0 0 0 54 200 249 255 240 241 255 238 255 248 255 250 255 248 86 0 0 0 0 8 0 5 1 0 4 0 8 30 224 244 255 255 246 255 254 249 255 210 231 248 245 255 171 0 4 0 0 0 0 0 5 0 12 6 0 169 254 255 252 234 248 255 242 255 171 6 4 255 254 248 242 59 14 0 6 0 5 0 6 0 6 0 0 176 251 246 248 255 194 50 204 212 123 12 0 255 247 244 255 106 8 0 3 0 11 0 4 0 0 0 61 237 255 255 224 129 0 16 0 22 0 0 4 244 255 254 251 118 0 0 2 0 4 4 0 3 0 18 179 242 249 255 148 14 2 0 10 1 10 0 6 255 255 239 255 99 4 5 6 0 0 4 0 3 2 72 251 255 255 252 158 0 0 1 1 0 15 2 0 251 244 255 215 48 0 5 4 0 2 2 0 0 15 158 255 255 240 254 30 1 0 16 0 0 0 0 74 249 252 255 83 5 0 0 1 0 4 0 0 5 41 241 254 248 255 79 0 15 3 0 12 5 4 7 188 255 245 252 75 0 1 0 7 7 2 0 11 0 247 246 251 255 241 12 0 0 1 0 0 0 15 66 251 255 247 199 10 0 0 0 0 0 5 0 7 16 246 255 255 245 150 0 4 0 12 6 0 5 5 181 255 255 244 174 0 0 0 0 0 0 16 0 0 5 244 247 248 255 109 0 0 0 0 0 11 14 149 254 255 247 239 47 4 0 0 0 0 0 6 7 0 0 255 255 255 255 92 7 3 9 16 0 0 154 255 255 246 255 164 2 0 0 0 0 0 8 0 0 4 5 189 253 243 255 255 112 8 63 65 109 255 255 241 236 245 77 0 3 3 0 0 0 0 8 0 0 3 0 25 215 255 240 255 244 241 242 241 255 246 250 255 255 226 4 0 0 4 0 0 0 0 0 0 0 6 0 0 144 247 247 255 255 255 236 248 255 252 243 216 127 2 6 7 0 2 0 0 0 0 4 0 0 1 0 17 12 115 242 255 247 249 255 255 230 252 179 76 0 0 6 0 12 0 0 0 0 0 0 0 0 0 0 0 0 0 76 185 255 251 249 251 175 64 0 0 0 0 0 0 0 0 0 0 0 0 0 0 0 0 0 0 0 0 5 4 4 6 5 1 0 0 0 0 0 0 0 0 0 0 0 0 0 0 0 0 0 0 0 0 0 0 3 0 0 0 0 0 0 4 0 0 0 0 0 0 0 0 0 0 0 0 0 0 0 0 0 0 0 0 0 4 10 4 5 12 7 0 0 0 0 0 0 0 0 0 0 0 0 0
0 0 0 0 0 0 0 0 10 0 0 0 4 0 0 0 0 6 2 0 0 0 0 0 0 0 0 0 0 0 0 0 0 0 0 0 0 10 4 3 0 8 0 8 0 0 0 0 4 2 1 4 0 0 0 0 0 0 0 0 0 0 0 0 0 17 0 0 3 2 0 1 16 4 0 0 0 0 4 0 0 0 0 0 0 0 0 0 0 0 0 0 10 0 6 0 2 0 3 0 0 0 6 6 0 0 2 0 0 0 0 0 0 0 0 0 0 0 0 0 0 0 0 7 29 239 227 40 5 0 0 6 7 0 0 0 0 0 0 0 0 0 0 0 0 0 0 0 1 7 11 21 218 241 243 232 188 105 11 0 1 3 0 4 0 0 0 0 0 0 0 0 0 0 0 0 17 0 32 219 239 255 252 240 255 231 122 15 0 1 0 1 0 0 0 0 0 0 0 0 0 0 0 0 0 6 139 255 255 157 78 15 105 254 254 102 9 0 0 2 0 0 0 0 2 0 0 4 5 0 0 0 0 155 255 229 68 0 0 7 8 84 224 255 127 0 0 9 0 0 0 0 0 5 2 0 0 4 0 10 107 255 205 72 2 6 7 1 0 2 80 235 252 55 0 0 0 0 0 0 0 3 0 0 0 2 0 60 235 255 98 0 0 1 2 0 15 0 6 52 208 167 23 4 0 0 0 0 6 0 0 11 0 0 11 149 255 124 8 12 13 0 0 0 2 0 0 13 185 232 32 1 0 0 0 0 4 0 0 9 1 0 61 229 214 21 0 4 0 3 3 0 0 27 0 0 102 249 130 0 0 0 0 0 0 6 3 0 0 7 117 255 162 1 3 0 0 12 0 6 1 0 0 22 74 249 156 0 0 0 0 0 0 8 2 0 0 1 145 255 155 1 5 4 5 6 0 5 0 5 12 0 0 245 204 1 0 0 0 0 6 1 0 0 11 0 145 243 165 0 0 6 0 0 9 0 0 10 0 7 0 167 235 39 0 0 0 0 7 0 0 2 0 1 143 250 161 1 7 0 0 0 11 0 9 0 0 2 1 60 255 44 0 0 0 0 0 0 2 5 0 0 134 253 164 0 5 3 2 12 5 0 0 0 4 0 7 93 236 12 0 0 0 0 0 3 1 0 1 7 134 255 155 0 0 0 0 0 0 15 4 0 15 13 30 225 184 6 0 0 0 0 2 7 0 0 3 6 94 216 193 84 3 4 12 0 0 0 5 17 0 14 222 248 106 0 0 0 0 0 0 1 0 3 6 0 13 86 255 235 74 0 0 0 12 9 0 11 101 203 248 191 0 0 0 0 0 0 0 0 0 2 1 0 0 14 121 255 238 151 86 21 46 27 85 200 255 239 190 14 0 7 0 0 0 0 7 1 0 0 0 10 0 10 0 137 250 255 246 213 255 254 255 232 207 115 3 0 2 0 0 0 0 0 0 0 6 5 0 13 0 0 9 0 94 187 255 253 247 188 124 60 0 0 8 0 0 8 0 0 0 0 0 0 0 0 0 0 0 0 0 0 0 0 0 0 0 0 0 0 0 0 0 0 0 0 0 0 0 0 0 0 0 0 0 0 0 0 0 0 0 0 0 0 0 0 0 0 0 0 0 0 0 0 0 0 0 0 0 0 0 0 0 0 0 0 0 0 0 0 0 0 0 0 0 0 0 0 0 0 0 0 0 0 0 0 0 0 0 0 0 0 0 0 0 0 0 0 0 0 0 0 0 0 0 0 0 0 0 0 0 0 0 0
0 0 0 0 0 0 0 0 0 12 8 0 1 0 0 5 0 8 0 0 13 1 0 4 0 0 0 0 0 0 0 0 0 0 0 0 13 1 0 0 13 5 0 0 3 0 2 0 0 0 9 0 0 0 0 0 0 0 0 0 0 0 0 0 0 5 11 0 0 1 14 6 0 0 10 0 10 0 0 3 0 0 0 0 0 0 0 0 0 0 0 0 3 0 0 16 4 0 0 0 3 3 0 0 22 0 0 12 0 0 0 0 0 0 0 0 0 0 0 0 2 0 8 3 0 0 8 0 5 0 1 3 0 0 1 0 0 0 0 0 0 0 0 0 0 0 0 0 8 0 0 6 59 148 228 255 251 255 109 11 7 27 0 10 0 0 0 0 0 0 0 0 0 0 0 0 0 2 62 176 255 254 241 255 247 248 255 216 0 0 18 0 0 0 0 0 0 0 0 0 0 0 0 0 6 157 255 252 241 255 255 253 255 247 249 251 31 6 0 0 0 0 0 0 0 0 0 0 0 0 0 0 0 228 252 255 254 253 246 255 248 255 249 253 218 27 4 3 0 0 0 0 0 0 0 0 0 0 0 0 4 126 255 224 255 255 249 245 249 173 234 255 244 101 0 0 0 0 0 0 0 0 0 0 0 0 0 0 9 0 40 253 255 244 242 179 88 2 84 248 255 233 64 0 0 0 0 0 0 0 0 0 0 0 0 0 0 0 164 252 241 254 146 0 8 8 63 255 252 243 160 10 0 0 0 0 0 0 0 0 0 0 0 0 15 40 229 250 255 221 38 0 0 0 0 187 255 245 213 0 0 0 0 0 0 0 0 0 0 0 0 0 0 217 255 255 247 67 0 20 1 5 37 223 247 252 148 5 0 0 0 0 0 0 0 0 0 0 0 0 42 237 255 237 222 28 2 0 0 8 102 252 255 255 58 3 0 0 0 0 0 0 0 0 0 0 0 0 112 240 252 255 63 1 0 6 0 47 238 246 254 149 0 0 0 0 0 0 0 15 0 5 0 0 9 43 237 243 255 183 42 0 8 0 0 204 240 255 239 24 24 0 0 0 0 0 0 1 0 0 1 0 0 57 255 245 255 100 0 0 5 0 78 221 244 255 55 3 0 1 0 0 0 0 17 4 0 4 3 0 0 94 238 251 242 47 13 18 0 61 227 255 255 190 0 10 6 12 0 0 0 0 0 0 0 0 3 8 19 151 252 255 249 83 7 0 0 138 255 245 200 27 12 0 0 0 0 0 0 0 13 9 12 0 0 0 0 83 255 244 252 171 0 0 133 255 244 255 102 0 13 7 0 14 0 0 0 0 0 0 0 0 0 16 0 32 221 255 250 225 81 91 195 241 255 243 26 1 0 3 0 5 0 0 0 0 6 3 0 8 0 8 0 0 102 247 255 255 248 253 255 255 255 152 8 6 0 1 2 0 0 0 0 0 0 0 0 13 0 0 7 2 0 187 253 245 251 253 255 248 187 51 0 0 7 0 0 10 0 0 0 0 0 0 0 0 0 0 0 0 6 22 183 253 253 255 182 135 0 0 0 0 0 0 0 0 0 0 0 0 0 0 0 0 0 0 0 0 1 0 13 6 0 12 0 0 0 0 0 0 0 0 0 0 0 0 0 0 0 0 0 0 0 0 0 0 12 0 6 0 0 2 0 2 0 0 0 0 0 0 0 0 0 0 0 0 0 0 0 0 0 0 0 0 0 1 0 4 8 3 2 0 0 0 0 0 0 0 0 0 0 0 0 0
0 0 0 0 0 0 0 0 0 0 0 6 5 0 0 4 0 5 0 0 0 0 0 3 0 0 0 0 0 0 0 0 0 0 0 0 8 7 0 0 0 13 10 0 0 0 0 12 6 6 0 0 0 0 0 0 0 0 0 0 0 0 0 0 0 0 9 11 0 0 0 5 8 3 13 0 0 0 18 0 0 0 0 0 0 0 0 0 0 0 0 0 0 3 0 0 0 15 15 0 8 0 0 9 12 0 2 6 0 0 0 0 0 0 0 0 0 0 0 0 1 0 0 6 1 0 0 0 0 17 0 13 0 10 0 0 0 0 0 0 0 0 0 0 0 0 0 0 0 0 3 1 0 17 68 116 233 255 250 157 82 19 5 5 0 0 0 0 0 0 0 0 0 0 0 0 5 17 0 0 62 200 255 240 251 234 255 255 224 28 0 13 0 0 0 0 0 0 0 0 0 0 0 0 8 0 6 105 210 255 248 233 194 207 189 255 251 161 14 0 0 0 0 0 0 10 0 0 8 1 7 0 1 0 84 247 255 251 255 44 5 0 14 187 230 255 148 6 0 0 0 0 1 5 0 2 3 0 3 0 0 95 183 255 233 255 172 4 0 4 6 125 255 255 196 0 0 0 0 0 7 0 0 6 0 0 3 0 8 135 254 255 249 255 51 0 2 2 0 11 236 237 211 0 0 0 0 0 5 0 0 7 1 0 5 0 0 153 248 253 245 146 0 6 0 0 11 4 201 255 194 0 0 0 0 0 0 0 4 2 0 5 1 0 15 230 237 252 156 6 7 0 11 0 0 0 151 244 188 12 0 0 0 0 0 3 6 0 0 2 0 12 138 255 254 252 66 0 0 6 0 0 8 98 238 255 193 0 0 0 0 0 0 3 3 0 3 0 0 65 250 237 255 248 45 23 0 17 2 0 0 135 255 245 133 0 0 0 0 0 0 1 0 0 9 0 7 115 255 248 255 245 56 0 14 0 0 1 19 181 255 254 53 0 0 0 0 0 0 4 9 0 10 0 0 204 255 244 169 9 7 4 0 0 0 11 143 255 255 114 13 0 0 0 0 0 4 0 0 3 9 0 6 194 241 247 127 15 0 0 1 7 4 67 247 244 218 28 0 2 0 0 0 0 3 0 0 10 0 0 63 241 255 253 55 5 4 0 0 0 78 240 244 242 60 0 0 11 0 0 0 0 0 5 2 0 0 11 82 255 236 192 0 0 12 5 3 8 220 255 243 114 0 27 0 0 0 0 0 0 2 0 4 0 5 15 30 220 254 171 14 0 16 7 103 243 252 248 241 73 0 0 5 19 0 0 0 0 0 0 7 0 1 0 0 216 255 248 164 95 165 238 255 251 255 192 24 15 0 0 7 0 0 0 0 0 0 0 7 1 0 0 3 157 244 255 253 250 255 241 250 255 193 85 2 0 1 10 0 13 0 0 0 0 4 1 0 1 0 12 0 17 182 243 250 252 255 254 232 157 12 0 0 9 0 5 0 3 0 0 0 0 0 0 0 0 0 0 0 0 0 76 158 239 190 146 51 4 0 0 0 0 0 0 0 0 0 0 0 0 0 0 0 0 0 0 0 0 0 1 5 25 0 5 0 0 0 0 0 0 0 0 0 0 0 0 0 0 0 0 0 0 0 0 0 0 4 0 0 0 0 1 8 6 0 0 0 0 0 0 0 0 0 0 0 0 0 0 0 0 0 0 0 0 3 0 4 0 6 0 6 0 0 0 0 0 0 0 0 0 0 0 0 0
0 0 0 0 0 0 0 0 2 0 0 0 0 6 6 0 9 0 0 0 1 8 1 6 0 0 0 0 0 0 0 0 0 0 0 0 0 0 7 12 3 0 0 4 0 20 2 14 0 0 6 0 0 0 0 0 0 0 0 0 0 0 0 0 0 2 0 0 0 12 7 0 0 2 6 0 0 7 8 10 0 0 0 0 0 0 0 0 0 0 0 0 3 6 8 17 16 0 0 4 3 2 8 0 18 2 0 0 0 0 0 0 0 0 0 0 0 0 0 0 0 0 0 0 0 2 2 3 4 164 246 255 202 6 15 5 0 0 0 0 0 0 0 0 0 0 0 0 0 0 11 14 0 0 3 0 162 226 255 255 248 100 9 0 0 0 0 0 0 0 0 0 0 0 0 0 16 0 0 15 0 10 141 255 255 238 255 243 255 234 8 7 0 0 0 0 0 0 0 0 0 0 0 0 0 3 12 0 0 126 245 250 248 249 254 255 248 255 0 0 0 0 0 0 0 7 0 0 9 0 0 7 0 14 0 64 134 255 251 255 255 244 255 250 255 255 3 0 0 0 0 0 0 5 0 0 4 0 0 5 10 0 12 146 255 255 253 248 253 255 247 253 252 240 107 0 0 0 0 0 0 2 3 0 0 2 1 0 0 72 142 253 240 251 255 188 113 154 255 255 243 255 0 15 0 0 0 0 0 0 6 0 0 2 0 0 2 173 249 252 252 255 245 86 7 173 237 242 249 248 8 0 0 0 0 0 2 0 6 0 0 0 0 20 86 234 255 255 255 193 97 15 0 178 241 255 255 71 18 0 0 0 0 0 4 0 4 0 2 0 11 92 200 255 252 234 79 53 0 0 55 222 255 244 246 89 4 0 0 0 0 0 4 0 3 0 4 0 42 192 255 241 253 97 0 0 16 57 139 255 232 250 184 5 0 26 0 0 0 0 4 0 3 0 5 0 67 255 242 255 243 76 8 7 0 171 250 255 255 255 159 0 9 0 0 0 0 0 5 0 16 0 0 61 255 249 255 69 11 0 0 2 82 202 253 255 255 189 7 0 0 3 0 0 0 0 0 9 0 0 26 152 255 252 244 106 0 4 0 120 243 250 252 255 253 62 19 0 0 0 0 0 0 0 0 13 11 9 0 158 255 253 219 62 0 0 149 255 253 255 253 245 117 1 1 0 5 0 0 0 0 0 10 0 0 0 7 171 255 244 49 0 63 167 255 230 255 244 255 153 0 13 0 1 9 3 0 0 0 0 0 12 12 0 52 212 255 255 255 254 242 255 244 239 255 255 220 30 5 0 0 13 0 5 0 0 0 0 0 12 1 0 2 187 240 251 234 253 255 238 243 255 239 244 72 0 18 0 5 11 0 0 0 0 0 0 18 0 0 7 1 163 250 255 255 242 232 255 242 192 189 53 0 11 0 0 0 0 3 0 0 0 0 0 0 0 3 0 4 45 149 242 240 255 254 250 87 29 0 0 9 0 6 9 0 0 0 6 0 0 0 0 0 0 0 0 0 0 0 0 0 0 0 0 0 0 0 0 0 0 0 0 0 0 0 0 0 0 0 0 0 0 0 0 0 0 0 0 0 0 0 0 0 0 0 0 0 0 0 0 0 0 0 0 0 0 0 0 0 0 0 0 0 0 0 0 0 0 0 0 0 0 0 0 0 0 0 0 0 0 0 0 0 0 0 0 0 0 0 0 0 0 0 0 0 0 0 0 0 0 0 0 0 0 0 0 0 0 0 0 0 0 0 0
0 0 0 0 0 0 0 0 0 0 2 9 0 0 4 4 0 0 4 0 5 0 5 0 0 0 0 0 0 0 0 0 0 0 0 0 6 0 0 0 1 6 7 0 5 1 9 0 0 0 11 0 0 0 0 0 0 0 0 0 0 0 0 0 0 2 3 0 0 4 4 0 8 0 2 0 3 0 0 0 0 0 0 0 0 0 0 0 0 0 0 0 0 2 10 0 0 3 0 0 0 0 0 0 11 13 4 0 0 0 0 0 0 0 0 0 0 0 0 0 5 0 0 0 7 10 0 2 0 3 1 0 0 0 0 8 0 0 0 0 0 0 0 0 0 0 0 0 5 0 3 0 0 0 1 70 160 255 247 131 29 13 2 0 0 0 0 0 0 0 0 0 0 0 0 0 0 0 12 4 0 0 44 189 240 253 248 241 146 23 0 21 0 0 0 0 0 0 0 0 0 0 0 0 8 0 1 0 0 10 91 255 249 255 248 255 251 194 55 0 0 0 0 0 3 0 1 3 0 0 4 0 0 6 0 0 53 224 253 255 248 255 255 251 251 255 42 0 0 0 0 0 0 0 4 4 0 0 1 0 15 0 1 144 214 255 255 236 170 70 108 255 245 246 35 13 0 0 0 0 0 2 4 0 0 2 3 0 7 0 45 217 255 197 101 62 17 0 12 132 245 254 58 0 0 0 0 0 0 5 0 0 0 6 6 4 0 55 252 241 255 92 8 0 0 4 0 106 255 248 47 0 0 0 0 0 0 5 0 0 6 6 0 0 0 142 244 255 242 147 0 2 17 4 80 227 249 255 39 3 0 0 0 0 0 3 0 0 12 0 0 3 38 181 253 247 255 36 0 6 0 0 196 255 238 255 39 0 0 0 0 0 0 3 0 0 9 0 0 39 192 255 251 255 247 16 2 0 6 70 240 255 255 140 8 9 0 0 0 0 1 6 0 0 2 0 15 83 247 255 245 233 173 6 0 3 70 216 254 255 225 49 10 0 0 0 0 0 0 5 4 0 0 0 3 168 251 255 252 147 0 0 9 57 235 255 250 250 89 0 0 5 0 0 0 0 6 0 0 0 13 23 53 249 253 235 238 58 1 0 11 245 255 251 213 62 12 13 7 0 0 0 0 0 0 11 4 11 0 41 255 251 255 249 154 0 5 12 136 241 241 255 207 8 0 0 0 0 0 0 0 0 2 0 2 0 3 35 249 253 255 182 22 0 0 144 253 255 255 232 85 8 4 0 0 6 0 0 0 0 8 0 2 0 4 48 255 255 235 245 51 75 0 229 250 242 180 102 0 2 3 1 0 7 0 0 0 0 0 6 8 17 0 41 235 185 214 254 255 230 86 227 242 98 22 0 10 9 0 0 0 4 0 0 0 0 3 0 4 0 1 3 0 110 252 203 235 59 5 15 0 7 0 0 14 0 0 8 2 3 0 0 0 0 5 0 5 0 0 8 0 90 253 194 204 153 0 6 15 0 0 15 0 0 8 0 3 3 0 0 0 0 7 0 0 7 0 0 23 73 253 119 4 0 9 2 0 4 0 0 0 0 0 0 0 0 0 0 0 0 0 0 1 5 0 0 0 18 9 0 0 0 6 6 2 0 0 0 0 0 0 0 0 0 0 0 0 0 0 1 5 1 0 2 0 0 0 2 8 0 0 1 6 1 0 0 0 0 0 0 0 0 0 0 0 0 0 2 2 0 0 7 7 0 13 7 2 1 1 0 0 0 0 0 0 0 0 0 0 0 0 0 0 0
0 0 0 0 0 0 0 0 0 5 8 0 6 0 8 0 0 3 7 0 4 0 13 0 0 0 0 0 0 0 0 0 0 0 0 0 1 0 0 8 1 0 0 0 1 0 17 0 0 0 0 1 0 0 0 0 0 0 0 0 0 0 0 0 0 32 0 0 1 7 0 12 8 0 0 0 9 9 0 6 0 0 0 0 0 0 0 0 0 0 0 0 0 0 0 16 0 3 14 0 0 0 8 4 0 0 0 2 0 0 0 0 0 0 0 0 0 0 0 0 7 0 0 0 1 0 6 13 0 12 0 4 2 0 6 0 0 0 0 0 0 0 0 0 0 0 0 0 0 12 50 10 0 78 238 249 255 232 132 48 0 0 7 10 0 0 0 0 0 0 0 0 0 0 0 0 16 174 236 189 185 234 255 249 247 255 255 195 92 48 0 0 0 0 0 0 0 0 0 0 0 0 0 0 158 255 255 244 247 255 218 179 170 165 255 255 236 202 33 1 0 0 0 0 0 0 3 0 0 7 0 192 255 243 251 243 255 178 55 12 10 0 23 218 240 255 205 22 1 2 5 2 5 0 5 1 0 5 83 237 242 255 153 116 18 1 16 0 0 0 21 0 168 249 255 124 9 0 0 2 1 0 1 4 0 5 193 255 255 193 0 3 0 0 6 1 2 27 0 0 41 232 248 255 64 0 0 7 0 0 0 6 0 33 243 250 243 41 0 14 7 1 6 0 0 0 1 0 8 52 246 247 127 10 1 6 0 7 0 7 2 90 253 247 147 5 15 0 10 0 0 9 8 2 0 18 0 19 255 240 144 1 0 0 0 6 0 0 3 130 252 255 144 0 0 4 0 9 21 0 2 0 0 0 0 22 254 255 143 0 0 0 1 0 0 0 0 130 252 255 142 14 0 6 1 0 0 2 0 0 5 7 10 28 240 255 144 0 9 0 4 0 10 6 0 115 254 246 137 0 12 1 0 6 0 5 0 1 6 0 5 20 255 236 137 0 6 0 0 15 6 0 5 145 245 248 137 11 0 0 2 0 7 3 1 0 0 2 0 89 239 249 76 15 0 1 0 0 0 11 0 31 255 252 211 8 4 7 0 1 0 2 0 0 12 0 2 255 255 252 36 0 0 6 10 2 0 8 1 6 246 255 249 118 0 0 17 9 0 6 0 17 0 23 135 252 245 78 2 0 0 8 0 14 0 0 0 21 124 246 253 197 9 0 4 0 0 5 24 0 4 90 255 255 169 25 0 0 5 4 0 5 0 3 0 0 7 202 254 237 151 47 0 10 6 0 0 14 58 239 253 224 56 0 2 4 6 1 2 6 2 11 2 0 0 91 235 255 250 208 108 17 0 16 20 51 234 255 255 97 10 0 0 1 2 1 2 0 0 0 0 4 9 0 34 200 253 248 243 222 231 176 202 255 255 255 132 0 8 3 0 0 0 0 3 0 6 8 0 15 0 4 4 0 138 234 255 242 252 255 253 248 244 102 12 0 4 0 4 3 0 0 0 0 0 0 0 0 0 0 0 0 0 34 118 192 186 137 188 119 39 0 0 1 2 0 0 0 0 0 0 0 0 0 0 0 0 0 0 0 0 0 0 9 6 0 7 0 0 3 8 3 0 0 0 0 0 0 0 0 0 0 0 0 0 0 10 6 7 9 3 0 0 0 0 0 0 0 0 0 0 6 0 0 0 0 0 0 0 0 0 0 0 0 1 0 0 0 3 0 0 0 7 4 2 2 3 2 0 0 0 0 0 0
0 0 0 0 0 0 0 0 0 5 0 7 0 0 0 13 3 0 8 0 14 0 10 0 0 0 0 0 0 0 0 0 0 0 0 0 15 0 11 2 8 0 22 0 0 14 0 15 0 8 0 0 0 0 0 0 0 0 0 0 0 0 0 0 3 0 0 14 0 15 0 16 0 0 4 0 15 0 11 8 0 0 0 0 0 0 0 0 0 0 0 0 0 14 14 0 16 7 0 0 0 9 9 0 0 0 0 0 0 0 0 0 0 0 0 0 0 0 0 0 7 0 0 96 104 0 101 239 250 255 211 136 31 6 0 3 0 0 0 0 0 0 0 0 0 0 0 0 1 3 112 252 243 255 243 255 254 250 250 244 140 29 0 8 0 0 0 0 0 0 0 0 0 0 0 0 0 33 246 255 247 255 244 200 109 117 145 255 248 185 44 0 0 0 0 0 0 0 0 0 0 0 0 0 0 182 251 206 85 69 89 0 12 0 12 29 224 255 197 7 0 0 0 0 0 3 0 3 3 0 2 0 96 251 249 70 8 3 0 0 2 0 1 0 42 243 253 87 0 2 1 0 1 0 3 5 0 0 0 20 213 255 126 2 0 0 0 7 0 1 16 8 0 147 252 215 5 3 0 0 4 0 7 3 0 3 0 103 243 240 29 0 15 13 0 2 4 0 0 10 1 112 248 251 5 0 0 0 2 0 5 0 0 6 11 208 255 203 15 0 3 2 0 2 7 2 0 0 0 97 251 255 19 1 0 0 0 3 1 0 8 0 16 255 255 118 11 0 0 0 0 7 0 6 1 2 5 104 252 247 37 15 1 4 0 7 0 0 12 0 48 252 231 24 0 2 14 4 0 0 0 0 0 0 10 112 252 255 21 7 0 0 0 2 0 0 9 5 137 245 199 6 0 0 3 0 0 0 4 1 8 0 13 135 255 250 0 0 0 0 5 0 0 0 6 37 228 255 106 0 4 0 0 4 2 5 1 0 4 7 113 246 253 127 0 4 5 2 0 6 0 0 0 121 255 248 107 3 5 0 11 0 2 5 0 1 0 19 238 255 212 12 0 0 0 0 0 2 4 6 3 141 234 254 96 9 0 8 2 4 4 0 2 0 130 234 240 212 27 0 0 0 0 0 3 0 4 4 0 128 254 255 58 0 0 17 0 0 12 5 32 192 240 244 255 83 4 8 0 0 0 0 9 0 0 0 0 66 255 239 99 5 15 0 0 1 85 113 227 255 254 255 49 19 0 0 0 0 0 0 0 0 0 4 5 10 198 249 150 0 0 0 80 160 235 255 255 240 226 88 8 5 0 18 0 0 0 0 0 8 0 0 1 1 79 255 255 225 248 254 233 242 242 255 241 221 94 8 4 0 1 0 0 0 0 0 0 8 0 0 0 5 14 187 249 255 243 250 253 255 255 228 135 48 0 0 0 0 0 16 0 0 0 0 0 0 5 1 0 0 0 15 75 201 249 252 238 129 106 0 0 0 3 16 0 9 5 0 0 0 0 0 0 0 0 0 0 0 0 0 0 0 0 0 0 0 0 0 0 0 0 0 0 0 0 0 0 0 0 0 0 0 0 0 0 0 0 0 0 0 0 0 0 0 0 0 0 0 0 0 0 0 0 0 0 0 0 0 0 0 0 0 0 0 0 0 0 0 0 0 0 0 0 0 0 0 0 0 0 0 0 0 0 0 0 0 0 0 0 0 0 0 0 0 0 0 0 0 0 0 0 0 0 0 0 0 0 0 0 0 0 0 0 0
0 0 0 0 0 0 0 0 3 0 0 8 4 0 0 0 0 6 0 0 1 0 0 0 0 0 0 0 0 0 0 0 0 0 0 0 0 6 8 1 0 0 7 10 5 0 8 0 4 5 8 6 0 0 0 0 0 0 0 0 0 0 0 0 3 4 0 0 3 5 0 0 3 0 6 8 1 0 0 0 0 0 0 0 0 0 0 0 0 0 0 0 0 2 4 7 6 0 0 4 0 4 0 5 0 5 3 11 0 0 0 0 0 0 0 0 0 0 0 0 0 2 0 0 1 6 5 5 0 15 0 0 16 0 0 0 0 0 0 0 0 0 0 0 0 0 0 0 0 8 12 0 0 5 11 0 5 0 0 46 184 58 0 4 0 0 0 0 0 0 0 0 0 0 0 0 11 0 12 92 173 234 216 136 52 9 3 44 249 149 0 4 0 0 0 0 0 0 0 0 0 0 0 0 0 24 154 255 255 239 255 255 247 216 97 12 193 238 12 0 0 0 0 0 1 4 0 0 7 0 0 0 3 134 255 232 118 35 67 147 208 255 255 109 215 251 34 0 0 0 0 0 0 1 0 1 1 0 2 2 43 246 244 65 6 3 3 0 16 68 226 248 244 252 111 8 0 0 0 0 0 0 2 1 0 0 5 1 145 255 149 5 9 0 2 4 4 0 71 235 255 249 95 1 0 0 0 0 1 0 4 1 0 2 2 0 205 230 62 0 0 0 7 0 0 12 0 77 179 255 99 6 0 0 0 0 5 0 5 0 0 4 0 2 255 255 50 10 0 6 5 0 0 5 0 10 102 255 112 0 0 0 0 0 5 0 6 0 0 3 0 29 255 233 12 2 5 0 0 17 12 0 0 0 118 255 89 0 0 0 0 0 0 0 8 0 2 1 0 73 248 197 15 0 1 4 1 1 0 12 19 0 145 255 93 17 0 0 0 0 0 0 9 0 3 0 1 107 255 117 0 5 5 0 17 0 14 0 0 9 206 255 81 0 0 0 0 0 1 0 0 4 0 9 0 157 255 100 0 4 0 6 0 12 0 0 4 0 210 250 3 6 0 0 0 0 2 1 0 5 0 0 3 187 240 82 0 12 0 0 14 0 16 0 1 39 241 122 5 0 0 0 0 0 1 3 0 7 0 0 12 211 255 30 0 0 0 5 1 0 0 22 0 172 255 86 0 7 0 0 0 0 0 5 0 4 4 0 14 184 245 39 4 4 0 1 0 22 0 0 33 223 173 9 0 0 0 0 0 0 0 7 1 0 5 0 2 106 254 151 0 0 6 0 3 0 11 0 162 255 66 0 10 12 0 0 0 0 0 5 2 0 0 1 0 28 255 246 70 0 0 9 16 0 0 111 254 172 0 14 0 0 0 0 0 0 4 0 2 0 0 0 0 0 173 255 225 79 2 0 0 24 139 252 225 20 4 0 5 0 0 0 0 0 7 0 2 3 0 2 8 0 10 175 255 229 219 189 212 223 239 221 31 3 0 0 9 0 0 0 0 0 0 0 0 0 0 0 0 0 0 0 101 220 252 255 255 235 84 25 0 0 10 0 0 1 0 0 0 0 0 0 0 0 0 0 0 0 18 0 0 14 0 0 3 0 14 0 0 0 3 0 0 6 0 0 0 0 0 0 0 0 0 0 0 0 0 0 0 0 0 9 15 0 0 0 8 4 0 1 2 0 0 0 0 0 0 0 0 0 0 0 0 0 2 11 6 0 0 1 0 0 2 9 8 0 0 5 1 0 0 0 0 0
0 0 0 0 0 0 0 0 4 0 19 0 0 17 0 1 0 0 0 4 5 0 0 9 0 0 0 0 0 0 0 0 0 0 0 0 3 7 0 0 0 1 0 6 0 9 5 0 2 10 4 0 0 0 0 0 0 0 0 0 0 0 0 0 0 3 0 3 7 0 0 0 6 3 0 0 1 0 0 6 0 0 0 0 0 0 0 0 0 0 0 0 3 6 23 0 0 0 0 3 0 11 10 0 5 11 0 0 0 0 0 0 0 0 0 0 0 0 0 0 0 8 0 0 1 0 1 0 0 0 0 1 0 0 0 22 0 0 0 0 0 0 0 0 0 0 0 0 19 0 27 66 77 210 144 255 255 163 37 0 2 14 0 0 0 0 0 0 0 0 0 0 0 0 0 0 0 95 129 251 245 255 252 255 255 255 171 30 0 0 17 5 0 0 0 0 0 0 0 0 0 0 0 0 7 136 255 255 252 255 250 253 251 255 244 199 112 18 0 2 0 0 0 0 0 2 0 0 0 5 6 0 128 255 245 252 254 251 171 228 255 228 255 252 137 5 0 6 0 0 0 0 4 2 6 3 5 0 0 29 246 249 255 255 154 95 13 70 219 255 252 252 209 46 0 0 0 0 0 0 0 0 0 0 5 0 14 147 255 236 255 149 36 11 0 1 86 224 246 255 248 71 8 0 0 0 0 0 11 0 3 0 0 0 8 201 247 255 223 8 0 1 7 0 0 74 226 255 248 76 10 2 0 0 0 0 0 1 12 0 4 0 0 192 246 255 135 0 7 0 0 0 0 0 188 253 255 70 4 0 0 0 0 0 0 0 2 0 3 8 0 203 252 244 45 13 2 1 3 2 8 3 159 245 255 68 0 1 0 0 0 0 7 14 0 0 0 0 0 202 255 255 33 10 0 0 7 0 0 6 162 248 255 135 5 5 0 0 0 0 0 1 0 7 5 0 0 197 247 255 52 0 18 0 0 3 5 0 178 255 252 240 26 0 0 0 0 0 2 0 4 0 0 7 0 206 255 255 207 7 2 9 0 0 10 0 176 255 241 249 29 0 0 0 0 0 6 0 0 4 6 9 0 188 255 240 239 4 0 0 8 7 2 53 194 255 255 255 0 19 0 0 0 0 3 0 1 6 0 0 7 198 249 250 246 108 14 11 0 0 0 92 248 255 255 255 0 0 0 0 0 0 0 1 4 3 0 0 6 150 255 245 255 255 231 52 51 41 79 255 255 235 227 69 8 2 0 0 0 0 0 1 0 0 8 7 0 33 156 255 239 250 247 255 255 249 249 248 255 255 150 0 10 3 0 0 0 0 0 6 0 0 3 4 0 0 29 174 255 249 255 243 242 250 250 255 234 252 137 8 1 0 0 0 0 0 0 9 2 0 0 0 6 9 0 115 193 254 249 255 242 255 252 249 255 158 6 11 0 5 0 0 0 0 0 3 0 0 6 0 7 0 5 1 12 170 248 248 255 251 255 246 172 20 0 10 0 5 0 0 0 0 0 0 0 0 0 0 0 0 7 0 0 34 55 67 139 238 78 55 24 3 0 0 2 2 0 0 0 0 0 0 0 0 0 0 0 0 0 0 0 0 3 0 2 17 18 9 1 0 1 4 2 0 0 0 0 0 0 0 0 0 0 0 0 0 0 10 5 0 6 14 0 0 0 0 0 1 4 3 0 0 0 0 0 0 0 0 0 0 0 0 0 0 0 0 0 0 0 0 0 10 0 2 3 3 1 0 0 0 0 0 0 0
0 0 0 0 0 0 0 0 0 0 0 6 6 0 0 11 0 4 1 0 0 7 8 0 0 0 0 0 0 0 0 0 0 0 0 0 2 2 0 0 0 0 0 0 0 2 9 6 0 0 0 3 0 0 0 0 0 0 0 0 0 0 0 0 0 0 3 6 5 12 13 1 7 0 0 0 3 3 1 1 0 0 0 0 0 0 0 0 0 0 0 0 6 0 2 10 0 0 0 0 0 0 5 5 0 0 2 12 0 0 0 0 0 0 0 0 0 0 0 0 5 0 0 0 0 0 4 5 0 3 5 3 2 1 0 0 0 0 0 0 0 0 0 0 0 0 0 0 0 4 1 0 8 10 0 0 0 0 0 0 0 0 0 5 0 0 0 0 0 0 0 0 0 0 0 0 0 11 3 2 8 0 0 54 180 189 198 173 92 7 0 7 0 0 0 0 0 0 0 0 0 0 0 0 3 2 0 14 27 6 83 246 251 229 244 255 233 118 22 0 0 0 0 0 0 0 3 0 0 0 0 4 0 24 145 219 250 255 245 253 173 0 66 134 249 255 119 0 4 0 8 2 7 2 0 0 20 3 1 0 52 236 242 254 255 237 250 251 36 5 1 0 51 230 250 115 0 9 6 0 3 0 3 0 5 0 0 42 227 255 234 100 13 219 255 23 0 9 0 18 2 111 240 213 0 6 0 0 0 0 15 2 0 5 13 157 249 213 69 4 67 255 222 12 0 0 0 10 0 6 156 244 77 0 0 6 6 0 6 0 0 21 127 255 251 91 0 20 132 248 98 0 2 0 11 2 0 0 84 255 209 5 0 6 0 4 2 0 15 5 229 255 151 5 0 0 56 174 19 0 2 0 0 6 0 0 20 241 242 0 0 7 0 6 7 0 4 48 255 185 22 0 0 16 0 0 1 0 5 6 9 0 0 23 96 255 175 0 0 3 3 0 1 0 0 156 255 127 0 1 0 7 0 0 13 0 0 0 7 0 7 0 127 254 124 11 5 0 0 10 0 0 6 255 253 123 0 0 0 0 0 6 5 0 2 0 11 18 0 36 219 226 16 9 1 0 9 0 0 10 0 255 237 136 0 7 2 0 3 0 0 17 0 16 0 0 3 184 254 180 9 4 0 0 5 0 6 5 0 245 254 135 11 0 0 0 2 7 4 0 0 0 17 0 157 252 224 25 1 0 0 0 0 11 5 0 1 132 255 201 35 0 0 21 0 0 5 0 8 0 15 160 242 252 79 0 0 0 0 0 0 3 0 4 0 4 168 255 227 99 2 0 8 1 4 18 11 101 231 252 233 109 0 0 0 0 0 0 5 0 0 12 0 0 40 181 255 255 170 86 77 73 98 176 205 255 255 118 25 3 0 12 1 1 1 1 2 3 5 4 0 20 0 32 152 235 255 243 254 255 255 255 244 162 59 10 0 6 0 0 0 1 1 0 0 1 0 0 0 0 9 0 4 23 117 192 187 187 181 132 22 2 0 0 2 0 3 2 0 0 0 0 0 0 0 0 0 0 0 0 0 0 0 0 0 0 0 0 0 0 0 0 0 0 0 0 0 0 0 0 0 0 0 0 0 0 0 0 0 0 0 0 0 0 0 0 0 0 0 0 0 0 0 0 0 0 0 0 0 0 0 0 0 0 0 0 0 0 0 0 0 0 0 0 0 0 0 0 0 0 0 0 0 0 0 0 0 0 0 0 0 0 0 0 0 0 0 0 0 0 0 0 0 0 0 0 0 0 0 0 0 0 0 0
0 0 0 0 0 0 0 0 0 0 10 1 0 3 0 0 13 0 5 0 10 3 0 6 0 0 0 0 0 0 0 0 0 0 0 0 8 0 0 1 5 5 2 10 0 8 7 0 3 0 0 3 0 0 0 0 0 0 0 0 0 0 0 0 0 0 0 3 12 0 0 0 0 11 6 0 0 0 0 2 0 0 0 0 0 0 0 0 0 0 0 0 0 13 2 0 2 0 9 10 20 0 0 0 0 0 4 6 0 0 0 0 0 0 0 0 0 0 0 0 0 0 0 9 72 117 197 242 143 5 11 11 12 0 0 0 0 0 0 0 0 0 0 0 0 0 0 0 0 2 109 190 253 243 248 255 176 19 0 0 0 0 4 5 0 0 0 0 0 0 0 0 0 0 0 0 7 27 187 241 255 255 252 251 255 176 35 12 3 0 0 0 0 0 0 0 0 0 0 0 0 0 0 0 4 63 255 255 240 251 255 250 250 247 32 4 0 4 1 8 0 0 0 0 0 0 0 0 0 0 0 0 8 11 238 242 255 201 48 233 253 249 169 18 19 0 0 12 0 0 0 0 0 0 0 0 0 0 0 0 0 111 241 253 242 26 4 9 139 255 239 152 0 3 8 0 0 0 0 0 0 0 0 0 0 0 0 0 61 233 252 247 121 0 20 1 44 232 255 208 0 0 11 0 0 0 0 0 0 0 0 0 0 0 0 0 78 251 247 217 0 4 0 6 0 146 250 242 150 29 1 4 0 0 0 0 0 0 0 0 0 0 0 0 88 249 255 184 10 0 6 0 0 43 221 255 255 65 0 0 0 0 0 0 0 0 0 0 0 0 0 0 145 245 250 106 1 0 7 6 10 0 152 251 240 90 0 1 0 0 0 0 0 0 0 0 0 0 0 0 215 255 253 59 0 24 0 4 4 0 75 254 239 159 4 0 0 0 0 0 0 0 0 0 0 0 0 0 215 252 210 0 2 6 0 2 0 10 0 218 252 208 1 3 0 0 0 0 4 0 0 2 0 0 9 29 213 255 181 0 4 0 0 8 5 0 1 195 255 250 74 6 0 0 0 0 2 0 0 3 0 0 3 18 225 253 212 0 12 6 0 0 0 0 0 212 244 249 105 0 0 0 0 0 2 0 0 3 2 0 0 4 183 238 231 112 0 0 0 21 9 0 88 246 255 213 38 0 0 0 0 0 2 0 0 2 2 0 0 0 64 255 255 214 7 1 0 0 19 108 253 253 249 114 0 3 0 0 0 0 4 0 0 0 2 1 0 1 81 235 248 240 153 54 38 62 193 251 255 246 246 66 23 2 0 0 0 0 3 1 0 0 1 2 3 3 0 98 250 255 237 240 255 241 247 255 250 203 85 0 0 3 0 0 0 0 1 2 2 1 0 1 1 1 0 9 168 255 245 255 255 248 255 238 201 85 0 27 8 0 0 0 0 0 0 2 4 3 0 0 0 0 0 2 0 74 204 255 245 255 253 138 23 0 10 0 0 13 0 0 0 0 0 0 0 0 0 0 0 0 0 0 0 0 0 0 0 0 0 0 0 0 0 0 0 0 0 0 0 0 0 0 0 0 0 0 0 0 0 0 0 0 0 0 0 0 0 0 0 0 0 0 0 0 0 0 0 0 0 0 0 0 0 0 0 0 0 0 0 0 0 0 0 0 0 0 0 0 0 0 0 0 0 0 0 0 0 0 0 0 0 0 0 0 0 0 0 0 0 0 0 0 0 0 0 0 0 0 0 0 0 0 0 0
0 0 0 0 0 0 0 0 2 0 9 0 0 12 1 6 0 7 0 3 6 0 0 5 0 0 0 0 0 0 0 0 0 0 0 0 7 0 1 4 5 2 0 0 0 0 0 1 0 7 0 2 0 0 0 0 0 0 0 0 0 0 0 0 3 0 4 0 0 8 3 7 10 0 0 4 4 3 3 0 0 0 0 0 0 0 0 0 0 0 0 0 0 2 10 3 0 0 0 0 0 0 24 0 0 0 12 0 0 0 0 0 0 0 0 0 0 0 0 0 13 0 0 0 9 5 10 17 6 7 0 213 224 0 17 0 0 0 0 0 0 0 0 0 0 0 0 0 0 17 16 0 1 67 163 208 116 8 4 191 244 157 0 2 0 0 0 0 0 0 0 0 0 0 0 0 12 11 0 12 122 240 255 247 150 8 2 124 255 255 41 2 0 0 0 0 0 0 0 0 0 0 0 0 3 0 4 134 254 255 234 170 51 0 0 27 221 250 99 0 0 0 0 0 1 1 0 0 14 4 1 0 3 0 97 255 245 246 138 13 0 8 0 5 69 254 196 15 0 0 0 0 0 3 0 0 0 0 0 4 0 102 241 250 242 73 0 0 5 0 0 3 41 255 252 37 0 0 0 0 0 1 0 0 0 3 2 3 5 190 248 254 121 5 0 15 0 6 0 0 55 255 248 39 0 0 0 0 3 0 0 2 1 12 0 0 143 255 255 170 0 1 5 0 0 5 0 2 61 248 245 31 0 0 0 0 4 4 0 3 0 3 0 25 208 236 255 8 4 5 0 10 19 0 0 5 36 250 255 33 0 0 0 0 0 5 0 5 0 0 8 133 250 255 149 0 12 0 0 1 1 0 4 0 81 255 221 21 0 0 0 0 0 7 0 5 0 2 34 231 254 238 3 20 0 0 17 3 0 14 5 17 189 252 89 1 0 0 0 0 2 11 0 1 2 1 31 255 252 165 11 0 14 0 0 0 7 0 0 67 255 234 20 0 0 0 0 0 5 0 0 9 4 6 39 255 250 168 0 7 1 0 0 0 0 10 61 242 255 124 17 0 0 0 0 0 0 6 3 2 0 0 24 255 255 51 0 0 0 6 9 14 6 9 124 255 188 13 0 12 0 0 0 0 0 0 6 2 3 16 36 255 249 45 16 12 0 0 0 0 0 17 246 241 82 6 0 0 0 0 0 0 6 0 5 0 0 10 28 249 247 132 0 0 2 23 6 16 85 217 239 99 14 0 7 4 0 0 0 0 7 0 10 0 0 0 41 255 255 192 5 1 33 70 128 212 252 255 235 83 0 0 0 0 0 0 0 0 1 0 6 5 5 5 34 173 247 248 217 199 231 248 254 255 255 203 28 0 11 14 14 0 0 0 0 0 7 0 0 0 2 0 0 17 202 242 255 238 251 255 185 117 41 6 7 8 0 0 4 0 0 0 0 0 0 3 3 0 0 0 8 0 45 186 245 255 187 116 10 0 0 1 1 0 19 0 0 6 0 0 0 0 0 0 0 0 0 0 0 0 0 0 0 0 0 0 0 0 0 0 0 0 0 0 0 0 0 0 0 0 0 0 0 0 0 0 0 0 0 0 0 0 0 0 0 0 0 0 0 0 0 0 0 0 0 0 0 0 0 0 0 0 0 0 0 0 0 0 0 0 0 0 0 0 0 0 0 0 0 0 0 0 0 0 0 0 0 0 0 0 0 0 0 0 0 0 0 0 0 0 0 0 0 0 0 0 0 0 0 0 0 0 0 0
0 0 0 0 0 0 0 0 0 0 0 0 1 0 0 0 4 0 1 0 0 3 8 0 0 0 0 0 0 0 0 0 0 0 0 0 0 8 14 2 0 1 5 1 0 0 8 6 0 0 2 0 0 0 0 0 0 0 0 0 0 0 0 0 8 0 0 0 4 2 0 0 17 0 0 3 1 1 3 0 0 0 0 0 0 0 0 0 0 0 0 0 0 0 0 1 0 0 0 9 3 0 0 7 5 0 0 0 0 0 0 0 0 0 0 0 0 0 0 0 2 7 4 0 1 11 7 0 0 5 14 0 0 6 13 0 0 0 0 0 0 0 0 0 0 0 0 0 9 0 0 3 2 0 0 13 57 150 236 255 255 242 132 0 0 0 0 0 0 0 0 0 0 0 0 0 0 0 5 16 2 3 67 147 232 253 255 243 253 255 230 146 0 0 0 0 0 0 0 0 0 0 0 0 4 14 0 0 42 156 235 251 252 251 255 255 245 247 253 249 0 0 0 0 5 0 2 9 0 0 5 1 2 0 10 0 250 255 250 253 255 250 255 239 255 253 250 250 0 0 0 0 0 7 0 0 7 13 0 0 0 0 83 179 255 247 253 246 199 232 238 255 255 240 255 255 0 0 0 0 5 2 0 0 1 0 0 7 5 21 207 253 255 250 245 212 148 245 242 248 246 255 254 245 0 0 0 0 8 0 0 7 0 0 7 0 13 197 235 240 254 241 121 144 160 42 66 230 255 255 240 251 0 0 0 0 0 3 1 0 5 11 3 0 101 244 255 255 244 94 54 0 4 0 17 140 227 248 255 255 0 0 0 0 0 17 0 0 12 0 9 117 255 243 243 178 14 2 21 0 0 12 0 145 255 255 247 188 0 0 0 0 5 3 0 3 0 0 96 242 251 247 186 23 0 3 0 10 8 0 56 247 247 237 202 81 0 0 0 0 4 0 11 12 0 81 219 254 245 255 57 0 0 3 10 0 0 43 144 245 255 255 67 0 0 0 0 0 3 0 15 0 7 220 245 255 248 109 0 0 3 6 2 0 7 200 246 255 253 205 33 2 0 0 0 0 0 0 9 15 93 255 250 247 146 0 10 13 0 8 0 0 180 249 255 240 201 14 3 0 0 0 0 0 6 1 0 0 153 255 247 255 160 0 0 1 11 0 10 161 243 255 248 255 8 11 0 8 0 0 0 0 0 6 0 4 236 255 244 255 39 1 13 0 29 100 190 250 253 255 238 112 5 10 0 2 0 0 0 0 0 3 7 0 255 255 250 253 0 3 2 14 186 243 238 255 254 207 83 12 6 0 6 0 0 0 0 0 4 0 0 0 246 255 255 252 194 110 199 248 255 255 243 253 141 25 3 2 0 0 24 0 0 0 0 0 0 1 7 12 203 255 255 247 249 247 255 238 247 245 146 44 4 0 9 0 0 21 0 10 0 0 0 0 0 7 0 0 113 234 243 255 253 255 236 255 209 60 10 0 0 2 0 0 0 0 1 3 0 0 0 0 4 6 0 0 20 103 200 255 255 241 159 101 9 5 0 5 0 0 0 0 0 0 0 0 0 0 0 0 0 3 7 0 0 0 0 0 0 5 0 5 0 5 0 8 0 0 0 0 0 0 0 0 0 0 0 0 0 6 8 2 2 7 7 2 2 5 5 6 4 3 0 0 0 0 0 0 0 0 0 0 0 0 0 0 1 2 0 0 0 0 0 0 2 0 0 0 0 0 9 5 0 0 0 0 0 0 0 0 0 0 0 0
0 0 0 0 0 0 0 0 0 20 5 0 2 8 0 1 1 7 0 0 0 0 5 0 0 0 0 0 0 0 0 0 0 0 0 0 0 0 3 20 0 0 3 0 0 0 6 0 9 0 1 0 0 0 0 0 0 0 0 0 0 0 0 0 10 0 0 2 4 10 11 0 0 0 14 0 13 3 7 6 0 0 0 0 0 0 0 0 0 0 0 0 0 0 9 4 0 0 0 1 16 0 0 0 0 0 0 0 0 0 0 0 0 0 0 0 0 0 0 0 10 0 9 5 0 49 187 247 76 6 6 1 13 2 15 0 0 0 0 0 0 0 0 0 0 0 0 0 2 0 0 0 41 164 255 255 253 45 0 59 218 219 181 7 0 0 0 0 0 0 0 0 0 0 0 0 0 9 0 27 158 255 255 243 174 17 13 158 255 254 243 81 0 0 0 0 0 0 0 0 0 0 0 0 2 0 73 196 255 251 241 247 78 0 28 248 251 255 252 135 0 0 0 0 0 0 0 0 2 0 1 0 0 1 198 255 248 255 247 147 0 0 26 255 243 255 243 166 0 0 0 0 0 0 0 4 11 7 6 3 7 208 246 233 250 255 255 137 0 13 31 247 255 251 253 81 0 0 0 0 8 4 0 0 0 0 0 0 85 242 255 249 255 172 46 6 1 10 0 112 254 246 255 75 0 0 0 0 2 0 0 0 3 2 0 28 186 247 255 255 209 12 0 12 0 8 0 9 250 249 240 135 0 0 0 0 0 0 8 5 9 0 0 52 255 247 248 99 63 0 19 0 0 23 14 0 186 181 237 207 0 0 0 0 6 0 6 0 0 0 21 132 254 255 255 23 0 7 1 0 9 0 0 81 252 247 255 91 0 0 0 0 7 0 3 0 0 13 85 252 248 255 67 0 14 0 13 0 2 0 35 199 253 252 251 74 0 0 0 0 2 0 9 3 0 0 74 255 253 255 0 9 0 1 0 0 0 1 78 242 250 255 161 7 0 0 0 0 4 0 0 7 0 2 125 254 248 255 6 0 1 0 13 0 0 154 245 249 255 230 32 6 0 0 0 0 0 0 7 8 0 81 234 248 255 231 0 4 4 0 0 6 74 238 228 255 241 157 17 0 0 0 0 0 0 8 2 0 2 111 255 255 250 190 9 0 0 15 2 59 249 251 246 255 197 6 0 11 0 0 0 0 0 11 0 0 13 110 248 251 251 228 0 20 80 131 254 255 245 254 255 197 58 6 0 0 0 0 0 0 12 0 0 2 0 108 255 250 255 255 220 223 253 247 255 243 250 255 221 13 10 5 0 0 0 0 0 0 4 0 0 4 0 46 176 255 227 253 246 255 255 225 251 250 253 183 54 0 0 1 0 13 0 0 0 0 0 8 2 0 7 0 41 206 255 249 250 247 240 255 233 236 93 24 0 0 18 0 19 0 0 0 0 0 1 0 7 0 0 2 4 88 186 255 246 254 147 105 57 0 9 0 0 5 1 0 0 13 0 0 0 0 0 0 0 0 0 0 0 0 0 0 0 0 0 0 0 0 0 0 0 0 0 0 0 0 0 0 0 0 0 0 0 0 0 0 0 0 0 0 0 0 0 0 0 0 0 0 0 0 0 0 0 0 0 0 0 0 0 0 0 0 0 0 0 0 0 0 0 0 0 0 0 0 0 0 0 0 0 0 0 0 0 0 0 0 0 0 0 0 0 0 0 0 0 0 0 0 0 0 0 0 0 0 0 0 0 0 0 0 0 0 0 0
0 0 0 0 0 0 0 0 3 0 1 0 10 2 0 12 4 0 2 1 0 0 6 3 0 0 0 0 0 0 0 0 0 0 0 0 0 1 11 3 0 5 0 1 0 0 2 4 0 4 4 0 0 0 0 0 0 0 0 0 0 0 0 0 1 1 0 3 10 0 0 0 0 0 0 0 0 5 6 0 0 0 0 0 0 0 0 0 0 0 0 0 7 0 24 0 0 12 14 0 6 3 4 0 0 0 7 2 0 0 0 0 0 0 0 0 0 0 0 0 0 22 0 151 250 116 25 14 0 0 5 8 0 0 1 1 0 0 0 0 0 0 0 0 0 0 0 0 0 22 12 246 252 255 241 70 8 0 0 5 5 0 0 0 0 0 0 0 0 0 0 0 0 0 0 0 5 0 116 222 156 253 253 255 114 42 0 0 3 0 1 3 0 0 0 0 0 0 0 0 0 0 0 0 4 0 12 38 13 40 179 254 255 132 23 0 0 0 0 5 0 0 0 0 0 0 0 0 0 0 0 0 6 0 0 31 0 6 4 98 177 255 149 12 0 2 8 0 0 0 0 0 0 0 0 0 0 0 0 0 0 20 21 225 90 28 0 0 52 219 234 71 0 7 2 0 0 0 0 0 0 0 0 0 0 0 0 0 12 0 173 255 128 0 6 0 0 93 255 193 3 0 5 1 0 0 0 0 0 0 0 0 0 0 0 0 0 16 255 247 48 6 0 19 5 1 217 255 46 0 1 0 0 0 0 0 0 0 0 0 0 0 0 0 0 115 253 215 0 12 0 0 0 10 162 237 89 7 0 0 0 0 0 0 0 0 0 0 0 0 0 0 9 160 255 137 10 0 7 0 0 6 142 246 92 0 0 4 0 0 0 0 0 0 0 0 0 0 0 0 0 156 255 105 5 8 0 1 5 0 140 255 81 0 6 5 0 0 0 0 0 0 0 0 0 0 0 0 4 162 234 51 0 0 10 0 2 7 142 240 86 11 0 1 0 0 0 0 0 0 0 0 0 0 0 0 6 140 240 10 0 0 0 3 5 0 138 255 78 0 0 0 0 0 0 0 0 0 0 0 0 0 0 0 0 159 239 0 0 6 0 2 0 0 197 254 76 2 15 0 0 0 0 0 0 0 0 0 0 0 0 0 0 157 255 36 2 2 6 0 9 32 231 222 0 3 0 0 0 0 0 0 0 0 0 0 0 0 0 0 11 143 255 184 0 0 0 14 0 105 247 148 0 12 0 5 0 0 0 0 0 0 0 0 0 0 0 0 7 59 255 248 151 0 3 0 2 161 240 45 16 0 7 0 0 0 0 0 0 0 0 0 0 0 0 0 0 14 107 254 255 193 92 72 147 248 190 0 6 0 0 0 0 0 0 0 0 0 0 0 0 0 0 0 6 0 0 102 216 255 255 252 255 236 97 8 0 6 0 16 0 0 0 0 0 0 0 0 0 0 0 0 0 2 5 0 42 125 236 244 214 73 0 0 7 2 0 0 0 0 0 0 0 0 0 0 0 0 0 0 0 0 0 0 0 0 0 0 0 0 0 0 0 0 0 0 0 0 0 0 0 0 0 0 0 0 0 0 0 0 0 0 0 0 0 0 0 0 0 0 0 0 0 0 0 0 0 0 0 0 0 0 0 0 0 0 0 0 0 0 0 0 0 0 0 0 0 0 0 0 0 0 0 0 0 0 0 0 0 0 0 0 0 0 0 0 0 0 0 0 0 0 0 0 0 0 0 0 0 0 0 0 0 0
0 0 0 0 0 0 0 0 7 0 0 4 6 0 0 0 0 0 3 0 4 11 0 0 0 0 0 0 0 0 0 0 0 0 0 0 0 0 6 0 0 0 0 0 2 3 8 0 0 0 0 0 0 0 0 0 0 0 0 0 0 0 0 0 14 0 0 1 9 4 0 0 0 0 0 0 10 11 11 0 0 0 0 0 0 0 0 0 0 0 0 0 0 0 0 0 0 0 0 5 2 10 0 0 0 0 3 5 0 0 0 0 0 0 0 0 0 0 0 0 0 3 2 0 0 12 8 0 0 0 0 4 9 4 0 0 0 0 0 0 0 0 0 0 0 0 0 0 11 0 0 2 2 0 0 7 10 0 7 0 0 3 0 1 0 0 0 0 0 0 0 0 0 0 0 0 0 0 6 7 0 7 66 129 133 122 135 67 6 0 0 22 0 0 0 0 0 0 0 0 0 0 0 0 0 16 0 0 47 179 254 252 255 235 255 232 195 148 20 0 0 0 0 0 10 6 0 0 0 3 0 0 0 0 0 0 94 247 254 255 255 240 255 245 250 231 31 0 0 0 0 0 0 0 4 16 0 0 3 8 0 5 51 134 241 239 255 239 251 245 254 255 255 234 218 41 0 0 0 0 10 5 0 0 5 7 1 0 17 174 223 255 252 255 239 236 233 121 223 250 237 255 241 66 0 0 0 0 0 16 5 0 0 0 13 89 177 251 239 251 251 250 255 40 1 0 21 221 255 243 255 57 0 0 0 0 0 0 0 5 3 22 120 240 255 243 255 255 250 204 102 0 13 1 8 121 232 255 245 178 0 0 0 0 23 0 0 0 0 108 238 255 231 251 255 247 64 6 22 0 0 0 0 104 254 253 247 255 0 0 0 0 0 1 9 0 35 166 255 245 255 255 211 48 13 0 0 0 11 9 8 172 255 236 255 248 0 0 0 0 0 7 0 22 170 255 255 255 251 227 75 0 0 6 0 8 0 6 44 251 252 255 243 133 0 0 0 0 6 0 1 2 249 250 243 251 250 94 0 12 0 0 0 0 16 155 232 255 254 255 255 55 0 0 0 0 0 6 0 1 241 255 255 255 255 233 72 0 7 13 6 101 173 255 255 248 245 255 186 49 0 0 0 0 3 0 6 3 93 151 255 242 255 255 214 192 161 153 172 236 245 247 233 253 255 204 38 5 0 0 0 0 8 0 3 9 0 27 205 255 238 255 255 255 255 255 252 253 251 255 255 246 242 166 10 0 0 0 0 0 0 13 0 0 9 1 94 174 255 255 247 249 236 255 255 250 252 250 247 201 140 26 0 6 0 0 0 0 0 13 0 0 11 0 10 22 68 219 255 248 255 255 234 254 255 255 207 62 0 0 20 0 0 0 0 0 1 0 6 7 0 0 15 0 0 21 12 0 41 196 188 41 1 1 9 0 0 2 4 0 0 0 0 0 0 0 6 0 4 0 0 5 6 0 0 15 0 2 5 0 4 0 0 12 0 6 0 14 0 0 0 0 0 0 0 0 0 0 0 0 0 0 0 0 0 0 0 0 0 0 0 0 0 0 0 0 0 0 0 0 0 0 0 0 0 0 0 0 0 0 0 0 0 0 0 0 0 0 0 0 0 0 0 0 0 0 0 0 0 0 0 0 0 0 0 0 0 0 0 0 0 0 0 0 0 0 0 0 0 0 0 0 0 0 0 0 0 0 0 0 0 0 0 0 0 0 0 0 0 0 0 0 0 0 0 0 0 0 0 0 0 0 0 0
0 0 0 0 0 0 0 0 4 5 1 0 2 10 5 0 0 3 9 0 0 0 16 0 0 0 0 0 0 0 0 0 0 0 0 0 0 0 0 6 1 0 0 10 11 3 0 18 15 0 0 0 0 0 0 0 0 0 0 0 0 0 0 0 2 9 4 0 0 12 7 0 0 4 0 0 0 0 4 3 0 0 0 0 0 0 0 0 0 0 0 0 0 0 0 6 0 0 0 11 0 19 16 0 2 0 4 0 0 0 0 0 0 0 0 0 0 0 0 0 0 0 0 0 4 8 4 0 4 1 0 0 3 1 0 1 0 0 0 0 0 0 0 0 0 0 0 0 9 6 1 0 0 0 1 4 130 183 175 176 68 46 8 0 0 0 0 0 0 0 0 0 0 0 0 0 0 0 0 19 0 0 49 150 251 249 234 251 251 255 181 30 0 0 0 0 0 0 0 0 0 0 0 0 0 15 3 0 33 156 246 255 187 97 80 80 191 238 255 134 0 0 0 0 14 0 0 23 0 4 10 0 7 0 7 110 214 242 255 96 0 12 0 0 16 185 255 245 0 0 0 0 0 20 0 0 17 0 8 0 0 0 141 242 255 255 123 0 8 0 0 13 0 127 239 255 0 0 0 0 0 5 0 0 12 0 5 0 0 143 239 255 230 69 0 0 0 9 0 0 19 203 249 162 0 0 0 0 8 0 8 12 0 11 0 51 216 249 250 226 37 9 12 2 0 3 0 0 129 255 222 42 0 0 0 0 0 0 6 0 0 9 17 174 255 247 126 0 11 0 0 0 0 0 12 20 210 243 156 0 0 0 0 0 0 2 3 0 0 8 148 255 252 141 0 0 0 13 0 20 0 2 0 133 239 255 72 0 0 0 0 0 7 0 3 2 0 81 254 250 235 0 7 2 0 5 0 0 14 0 7 253 255 188 0 8 0 0 0 0 0 5 0 0 24 187 255 210 38 3 0 5 5 0 19 0 0 26 173 251 227 60 5 0 0 0 0 0 0 0 1 1 94 248 246 133 1 0 8 0 0 0 9 3 9 156 255 225 39 13 0 5 0 0 0 0 1 0 8 0 219 255 168 0 0 5 0 0 12 5 0 0 109 246 255 119 0 0 14 0 0 0 0 0 18 0 0 0 255 238 122 0 3 19 0 0 9 0 3 111 255 255 246 3 0 0 13 0 0 0 0 0 0 4 0 11 197 255 201 162 47 43 0 0 19 48 120 255 255 212 74 19 0 0 1 0 0 0 0 0 0 18 0 0 54 215 248 244 252 240 192 184 201 252 248 240 152 28 13 0 6 6 0 6 0 0 0 0 6 0 0 8 0 120 210 254 255 253 254 255 244 246 208 147 25 0 0 12 0 1 10 0 0 0 0 0 5 0 3 15 0 0 9 56 74 88 156 195 155 67 12 0 4 0 26 0 2 6 1 1 0 0 0 0 0 10 0 0 6 13 0 1 12 0 0 1 10 0 0 10 0 10 0 3 1 10 0 13 0 0 0 0 0 0 0 0 0 0 0 0 0 0 0 0 0 0 0 0 0 0 0 0 0 0 0 0 0 0 0 0 0 0 0 0 0 0 0 0 0 0 0 0 0 0 0 0 0 0 0 0 0 0 0 0 0 0 0 0 0 0 0 0 0 0 0 0 0 0 0 0 0 0 0 0 0 0 0 0 0 0 0 0 0 0 0 0 0 0 0 0 0 0 0 0 0 0 0 0 0 0 0 0 0 0 0 0 0 0 0 0 0 0 0 0
0 0 0 0 0 0 0 0 0 15 0 0 0 9 0 12 5 3 0 1 8 6 0 0 0 0 0 0 0 0 0 0 0 0 0 0 0 7 3 6 2 0 0 5 0 0 3 1 0 0 0 7 0 0 0 0 0 0 0 0 0 0 0 0 0 0 0 5 10 2 7 4 2 0 2 0 0 0 6 0 0 0 0 0 0 0 0 0 0 0 0 0 15 6 7 0 0 0 4 0 7 0 5 6 7 0 2 0 0 0 0 0 0 0 0 0 0 0 0 0 0 0 3 0 0 7 3 0 4 0 0 0 3 0 5 4 0 0 0 0 0 0 0 0 0 0 0 0 9 13 0 1 122 215 252 255 213 157 82 1 8 0 0 0 0 0 0 0 0 0 0 0 0 0 0 0 0 0 0 19 232 255 255 239 255 231 126 0 0 0 10 0 0 0 0 0 0 0 0 0 0 0 0 0 0 0 6 11 255 247 250 255 237 255 209 36 7 0 3 3 0 0 0 0 0 0 0 0 0 0 0 0 2 0 5 130 246 255 166 18 50 195 255 202 4 3 0 1 0 0 0 0 0 0 0 0 0 0 0 0 11 0 8 184 255 231 59 0 0 55 231 231 131 0 0 6 0 0 0 0 0 0 0 0 0 0 0 0 0 24 129 255 224 174 28 0 0 0 118 255 246 9 15 0 0 0 0 0 0 0 0 0 0 0 0 0 0 13 222 255 146 0 7 1 11 0 90 240 241 39 0 13 0 0 0 0 0 0 0 0 0 0 0 0 8 170 252 240 0 6 14 0 0 6 0 170 238 16 8 0 0 0 0 0 0 0 0 0 0 0 0 0 5 208 244 158 13 0 0 2 15 4 0 190 255 103 0 5 0 0 0 0 0 0 0 0 0 0 0 0 24 247 252 78 6 14 2 0 0 15 17 249 246 43 0 2 0 0 0 0 0 0 0 0 0 0 0 0 147 253 241 23 0 0 0 0 8 0 88 248 255 18 0 5 0 0 0 0 0 0 0 0 0 0 0 0 234 252 171 0 19 0 0 7 4 1 158 245 190 2 4 0 0 0 0 0 0 0 0 0 0 0 0 0 248 255 52 0 0 0 11 0 0 62 243 244 65 5 0 6 0 0 0 0 0 0 0 0 0 0 0 0 246 244 54 20 7 0 0 13 15 205 245 181 0 0 18 0 0 0 0 0 0 0 0 0 0 0 0 0 238 249 71 0 0 20 0 1 157 255 214 49 0 17 0 2 0 0 0 0 0 0 0 0 0 0 0 0 244 255 54 6 7 0 0 86 255 236 119 0 8 7 0 15 0 0 0 0 0 0 0 0 0 0 0 0 247 236 96 0 17 0 73 234 238 139 4 2 8 0 7 0 0 0 0 0 0 0 0 0 0 0 0 0 220 255 221 47 112 175 255 246 133 14 0 0 0 19 0 0 0 0 0 0 0 0 0 0 0 0 0 0 49 220 255 254 251 239 255 100 4 0 4 0 0 0 16 0 0 0 0 0 0 0 0 0 0 0 0 0 10 83 184 254 249 172 64 0 0 0 0 0 0 0 0 0 0 0 0 0 0 0 0 0 0 0 0 0 3 2 0 0 0 0 0 0 0 0 0 0 0 0 0 0 0 0 0 0 0 0 0 0 0 0 0 0 0 0 1 3 5 4 3 2 0 0 0 0 0 0 0 0 0 0 0 0 0 0 0 0 0 0 0 0 2 0 0 0 0 0 2 3 0 0 0 0 0 0 0 0 0 0 0 0
0 0 0 0 0 0 0 0 3 3 2 12 0 0 0 0 6 0 2 1 0 6 15 0 0 0 0 0 0 0 0 0 0 0 0 0 12 0 0 5 8 11 5 5 0 0 3 1 0 0 0 3 0 0 0 0 0 0 0 0 0 0 0 0 0 6 11 0 0 6 3 0 19 0 0 0 0 4 6 0 0 0 0 0 0 0 0 0 0 0 0 0 1 0 1 0 0 0 1 18 0 0 2 0 0 0 0 10 0 0 0 0 0 0 0 0 0 0 0 0 0 9 1 0 6 5 0 0 0 13 5 0 12 3 0 0 0 0 0 0 0 0 0 0 0 0 0 0 0 2 0 3 0 0 1 47 56 26 50 51 0 0 19 0 0 0 0 0 0 0 0 0 0 0 0 0 11 3 4 98 88 71 99 240 255 229 255 234 79 0 5 0 0 0 0 0 0 0 0 0 0 0 0 0 0 102 157 246 246 255 231 255 240 255 249 251 229 95 0 6 0 0 0 0 5 0 8 0 0 7 0 87 172 228 255 255 242 253 255 248 245 255 246 245 255 227 86 0 0 5 0 8 0 0 13 0 14 38 187 242 255 249 242 237 255 113 39 77 247 247 255 242 243 249 210 69 0 12 0 0 3 0 0 0 0 90 255 247 252 241 255 154 1 0 0 7 5 0 138 224 217 255 255 112 1 8 0 0 17 0 2 15 6 222 255 247 255 239 130 0 0 4 5 0 2 2 12 0 44 236 251 249 44 0 0 0 0 0 0 1 0 255 244 255 252 255 6 2 9 0 0 9 1 0 0 10 17 180 244 252 146 0 0 7 0 15 4 0 0 255 249 248 238 105 7 0 0 0 25 0 10 13 0 8 0 21 167 255 243 6 0 4 0 0 0 0 10 253 255 238 124 0 0 14 0 13 0 17 0 0 16 16 0 88 230 240 255 7 0 0 16 0 6 8 0 254 255 253 70 18 1 0 18 0 7 0 17 0 0 0 49 253 245 255 214 0 5 0 0 0 1 0 0 253 248 250 81 12 0 0 11 0 0 3 1 0 8 0 42 255 240 193 16 9 1 0 0 0 6 0 0 255 238 254 86 0 16 0 12 0 12 0 0 14 5 0 158 246 255 90 9 4 0 0 17 2 0 0 12 236 255 236 77 17 0 0 0 0 0 4 2 0 118 170 255 252 144 25 1 0 0 0 0 0 5 4 0 69 255 251 218 208 5 8 24 0 13 0 0 105 236 245 245 198 21 12 0 0 0 0 12 7 0 8 16 30 219 255 248 255 216 34 33 11 34 82 250 255 247 229 163 0 18 0 0 0 0 0 0 12 0 0 0 0 58 201 255 249 240 255 255 143 221 255 250 231 198 7 14 11 0 11 1 1 1 1 2 15 0 0 2 18 0 73 124 224 253 255 237 237 255 226 129 118 51 13 0 0 10 2 0 1 1 0 0 1 0 8 0 0 6 0 4 65 91 67 98 92 75 73 0 11 0 0 2 3 0 0 0 0 0 0 0 0 0 0 0 0 0 0 0 0 0 0 0 0 0 0 0 0 0 0 0 0 0 0 0 0 0 0 0 0 0 0 0 0 0 0 0 0 0 0 0 0 0 0 0 0 0 0 0 0 0 0 0 0 0 0 0 0 0 0 0 0 0 0 0 0 0 0 0 0 0 0 0 0 0 0 0 0 0 0 0 0 0 0 0 0 0 0 0 0 0 0 0 0 0 0 0 0 0 0 0 0 0 0 0 0 0 0 0 0 0 0
0 0 0 0 0 0 0 0 4 0 9 0 4 0 8 0 1 0 0 5 0 4 5 0 0 0 0 0 0 0 0 0 0 0 0 0 0 4 0 13 0 0 6 1 4 4 0 0 0 0 0 13 0 0 0 0 0 0 0 0 0 0 0 0 7 0 0 12 0 0 0 0 0 2 0 0 10 3 0 0 0 0 0 0 0 0 0 0 0 0 0 0 3 0 21 0 0 13 9 14 5 11 4 0 0 0 1 5 0 0 0 0 0 0 0 0 0 0 0 0 0 5 0 21 0 1 0 0 6 0 0 12 8 1 3 0 0 0 0 0 0 0 0 0 0 0 0 0 0 11 0 0 100 111 244 157 241 110 9 0 0 0 2 3 0 0 0 0 0 0 0 0 0 0 0 0 0 23 26 211 240 232 249 255 255 175 39 0 0 13 0 0 0 0 0 0 0 0 0 0 0 0 0 0 5 121 249 255 246 255 255 245 247 255 153 8 0 7 0 4 0 0 0 0 0 11 2 0 13 10 0 6 245 250 253 221 234 242 255 250 254 248 255 238 84 4 0 6 0 0 0 0 6 0 3 10 0 4 12 141 239 255 125 32 64 209 223 238 215 236 252 255 239 102 18 0 0 0 0 0 8 0 2 3 0 21 119 243 255 212 12 19 0 0 17 65 8 117 189 248 255 239 63 14 0 0 0 0 2 5 0 0 6 2 204 255 227 39 0 0 6 3 0 14 0 0 27 206 239 255 152 0 0 0 0 0 0 0 0 7 10 0 207 249 139 1 18 0 5 14 2 0 19 0 3 30 203 255 147 13 0 0 0 0 1 0 1 5 0 54 216 255 6 9 0 12 12 0 8 0 0 0 8 0 63 228 255 36 0 0 0 0 0 6 4 0 0 84 232 255 61 0 1 0 0 29 0 0 14 0 0 12 36 245 243 96 0 0 0 0 0 7 0 3 0 10 210 249 160 0 4 14 0 0 0 1 0 10 0 0 52 225 242 99 0 0 0 0 0 7 0 0 13 96 255 247 165 0 22 0 11 0 0 6 0 0 17 0 58 254 252 45 0 0 0 0 11 0 0 2 0 9 212 252 157 18 0 3 0 3 12 0 0 2 1 24 217 250 220 29 0 0 0 0 0 0 2 3 8 4 199 255 156 0 10 0 2 0 2 2 4 0 0 124 255 137 51 1 0 0 0 0 0 0 7 0 8 1 133 250 164 0 6 0 12 0 0 10 12 0 103 248 252 97 0 11 0 0 0 0 4 0 6 0 1 0 52 255 232 107 0 8 3 0 12 0 7 101 247 232 138 27 0 0 0 0 0 0 0 3 5 0 4 13 13 173 255 212 85 7 0 0 5 0 152 255 236 128 13 0 13 1 0 0 0 0 0 6 2 0 0 9 0 14 237 255 249 124 117 112 115 123 237 211 50 7 0 5 8 5 0 0 0 0 5 0 0 8 5 0 11 0 93 250 245 253 251 247 254 252 151 44 1 0 24 0 0 0 0 0 0 0 0 0 0 0 0 0 0 0 5 80 179 245 255 252 243 243 37 12 0 0 4 1 0 0 0 0 0 0 0 0 0 0 0 0 0 0 0 0 4 5 3 3 6 10 15 1 0 0 2 0 0 3 0 0 0 0 0 0 0 0 0 0 0 0 11 4 0 0 0 0 0 0 0 0 0 2 1 0 0 6 0 0 0 0 0 0 0 0 0 0 0 0 0 0 2 5 5 5 5 6 0 0 1 5 2 0 0 5 0 0 0 0
0 0 0 0 0 0 0 0 0 0 0 0 0 0 0 0 7 0 2 0 0 3 0 2 0 0 0 0 0 0 0 0 0 0 0 0 0 0 0 0 0 0 0 0 0 3 0 0 0 11 12 0 0 0 0 0 0 0 0 0 0 0 0 0 0 0 0 0 0 0 0 0 0 11 3 16 0 0 5 0 0 0 0 0 0 0 0 0 0 0 0 0 0 0 0 0 0 0 0 0 3 0 0 3 4 0 8 0 0 0 0 0 0 0 0 0 0 0 0 0 0 0 0 0 0 0 0 0 5 6 19 0 0 3 2 8 0 0 0 0 0 0 0 0 0 0 0 0 0 0 0 0 0 0 0 0 0 0 3 0 3 4 0 5 0 0 0 0 0 0 0 0 0 0 0 0 0 0 0 0 0 0 0 0 6 3 0 14 107 130 50 0 0 0 0 0 0 0 0 0 0 0 0 0 0 0 0 0 0 0 0 0 46 160 144 123 213 255 173 16 0 0 0 0 0 0 0 3 8 0 0 0 0 7 0 0 12 0 3 51 210 252 254 240 248 255 244 118 0 0 0 0 0 7 8 0 0 0 5 9 0 0 0 14 0 0 82 249 250 250 246 225 62 227 246 188 0 0 0 0 5 0 0 1 0 2 3 0 13 6 6 0 0 124 246 254 255 239 178 0 5 187 252 129 0 0 0 0 7 0 0 10 7 0 1 1 0 0 26 75 181 243 255 241 191 49 0 24 9 198 255 22 0 0 0 0 0 0 0 3 0 0 4 13 4 0 83 251 232 226 133 41 0 0 3 0 130 249 238 10 0 0 0 0 0 9 0 0 2 7 0 0 0 73 230 246 203 9 0 23 14 3 8 116 234 220 46 0 0 0 0 0 0 10 0 0 16 6 0 22 154 255 248 166 15 24 0 0 0 0 54 247 245 150 0 14 0 0 0 0 0 6 0 5 10 0 24 149 255 242 138 4 0 0 3 7 2 118 246 255 94 0 8 0 0 0 0 0 2 0 1 0 13 14 104 249 254 137 6 0 0 0 1 0 62 237 255 117 11 0 0 3 0 0 0 0 3 5 5 0 0 133 229 255 142 4 0 9 7 0 18 138 234 213 128 19 0 8 16 0 0 0 0 0 0 0 0 0 22 229 255 171 0 15 3 7 0 27 173 250 230 74 0 4 1 0 0 4 0 0 0 0 9 0 11 20 124 251 188 3 0 0 9 0 101 239 253 166 44 0 0 11 0 0 6 0 0 0 0 0 10 0 0 0 202 255 170 15 16 19 96 165 250 244 138 20 0 1 6 0 0 3 6 1 0 0 0 0 0 1 18 13 246 255 194 85 150 205 243 255 175 42 18 0 11 6 0 0 10 0 0 14 0 0 0 0 4 1 0 0 132 235 255 244 255 215 174 78 5 11 0 7 0 8 6 0 0 9 1 0 0 0 0 0 2 0 3 5 14 122 165 159 50 28 0 4 0 2 6 0 9 0 0 5 3 0 0 2 0 0 0 0 0 0 0 0 0 0 0 0 0 0 0 0 0 0 0 0 0 0 0 0 0 0 0 0 0 0 0 0 0 0 0 0 0 0 0 0 0 0 0 0 0 0 0 0 0 0 0 0 0 0 0 0 0 0 0 0 0 0 0 0 0 0 0 0 0 0 0 0 0 0 0 0 0 0 0 0 0 0 0 0 0 0 0 0 0 0 0 0 0 0 0 0 0 0 0 0 0 0 0 0 0 0 0 0 0 0 0 0 0 0 0 0
0 0 0 0 0 0 0 0 0 6 3 0 1 1 0 2 5 1 0 3 4 0 0 4 0 0 0 0 0 0 0 0 0 0 0 0 0 6 4 0 0 2 0 0 0 0 2 0 0 4 1 0 0 0 0 0 0 0 0 0 0 0 0 0 0 0 1 0 0 2 7 8 23 0 0 6 0 0 9 0 0 0 0 0 0 0 0 0 0 0 0 0 2 0 0 0 2 1 0 0 0 6 0 0 25 8 0 10 0 0 0 0 0 0 0 0 0 0 0 0 16 0 0 5 0 0 0 0 0 6 16 3 0 0 3 0 0 0 0 0 0 0 0 0 0 0 0 0 0 0 6 0 0 13 87 135 149 115 130 126 52 7 7 0 0 0 0 0 0 0 0 0 0 0 0 0 0 0 9 0 2 96 211 255 239 255 245 245 255 149 21 10 0 0 0 0 0 0 0 0 0 0 0 0 8 0 0 0 63 196 255 250 246 237 247 252 255 253 155 0 0 0 0 0 1 8 0 5 4 3 0 6 4 0 0 87 211 248 255 252 243 211 107 184 255 254 251 120 0 0 0 0 0 0 0 0 0 0 27 0 3 17 154 255 248 253 238 255 255 239 53 99 239 253 254 248 0 0 0 0 6 0 8 10 0 0 3 0 62 162 255 242 242 255 130 155 253 255 79 46 246 255 246 255 0 0 0 0 2 0 0 2 0 0 0 80 193 255 244 255 255 220 0 42 205 255 76 0 168 255 254 239 0 0 0 0 2 1 0 0 0 18 91 226 255 236 255 245 208 37 0 2 167 237 41 0 129 255 254 254 0 0 0 0 0 11 1 3 9 59 237 255 247 255 254 255 33 0 3 2 101 136 14 35 216 254 255 255 0 0 0 0 0 4 0 3 6 140 255 234 251 188 193 195 36 1 0 7 17 12 0 79 255 242 255 177 0 0 0 0 0 9 0 4 15 252 252 255 222 23 50 21 0 1 0 0 0 0 7 202 242 255 235 21 0 0 0 0 2 1 4 0 196 251 255 248 63 0 10 0 0 0 9 0 0 2 75 244 255 248 142 0 0 0 0 0 0 0 4 7 250 246 255 195 11 0 13 4 6 0 1 0 7 0 212 255 234 247 71 7 0 0 0 0 5 0 8 2 255 241 255 118 0 0 0 0 5 0 1 0 10 151 242 255 250 84 0 0 0 0 0 0 3 0 2 0 255 253 249 120 4 10 0 4 1 0 13 9 143 252 255 220 152 4 15 5 0 0 0 0 0 5 0 0 250 255 238 209 15 1 0 17 0 15 129 186 255 255 194 75 5 0 2 0 0 0 0 0 1 0 5 2 119 235 255 255 138 34 0 52 105 192 255 255 241 197 57 8 4 0 0 2 0 0 0 0 5 0 4 1 0 119 242 241 254 215 220 255 252 255 225 207 97 3 0 8 0 5 0 0 0 0 0 0 0 19 0 7 2 4 105 219 253 250 255 253 202 146 35 3 0 20 2 0 4 0 1 0 0 0 0 0 0 0 0 0 0 0 0 0 11 10 9 7 4 2 0 0 0 0 0 0 0 0 0 0 0 0 0 0 0 0 0 0 0 0 0 0 3 3 2 1 1 0 0 0 0 0 0 0 0 0 0 0 0 0 0 0 0 0 0 0 0 0 0 0 0 0 0 0 0 0 0 0 0 0 0 0 0 0 0 0 0 0 0 0 0 0 0 0 0 0 0 0 0 0 0 0 1 1 2 2 0 0 0 0 0 0 0 0 0 0 0 0
0 0 0 0 0 0 0 0 2 0 0 2 9 1 0 2 2 0 9 0 0 9 0 6 0 0 0 0 0 0 0 0 0 0 0 0 0 6 15 0 0 0 8 1 0 13 0 11 0 6 13 0 0 0 0 0 0 0 0 0 0 0 0 0 2 0 0 10 7 12 10 0 3 0 0 8 2 0 10 0 0 0 0 0 0 0 0 0 0 0 0 0 8 0 0 0 2 0 0 9 0 14 1 0 0 13 0 23 0 0 0 0 0 0 0 0 0 0 0 0 1 17 0 0 7 0 0 5 10 90 215 239 12 3 10 0 0 0 0 0 0 0 0 0 0 0 0 0 0 2 0 1 13 0 14 96 213 248 255 255 165 11 10 0 0 0 0 0 0 0 0 0 0 0 0 0 0 0 4 0 0 28 144 255 255 249 239 244 255 32 10 0 0 0 0 0 0 0 0 0 0 0 0 0 3 2 2 0 35 185 255 242 243 255 249 255 252 115 0 0 0 0 0 0 6 0 9 0 5 7 3 0 0 4 0 1 198 242 255 255 255 247 251 255 245 152 8 0 0 0 0 0 7 0 6 0 2 0 5 0 0 0 1 79 251 252 255 236 255 249 255 249 255 144 4 0 0 0 0 0 6 0 2 1 1 0 8 2 24 0 36 187 255 255 250 255 250 168 105 250 229 161 0 15 0 0 0 0 0 2 0 4 4 0 7 0 0 35 205 255 255 230 254 198 87 19 158 255 233 37 9 0 0 0 0 0 0 6 0 0 4 2 0 0 27 209 249 255 248 255 216 51 0 96 224 253 64 0 12 5 0 0 0 0 0 7 0 0 1 2 0 44 211 253 249 244 255 247 40 11 0 194 255 245 42 9 3 0 0 0 0 0 0 1 1 0 1 0 0 145 255 255 248 255 253 16 10 0 36 233 255 255 57 2 0 8 0 0 0 0 1 0 2 0 4 1 18 234 255 239 255 205 46 3 4 0 118 246 250 255 44 0 3 0 0 0 0 0 0 0 13 4 2 0 57 252 255 236 255 141 0 11 0 14 212 253 245 253 49 0 0 6 0 0 0 0 0 13 0 4 2 4 202 255 251 255 216 25 0 0 36 185 255 255 255 197 16 0 2 4 0 0 0 0 0 5 4 2 13 0 132 238 241 255 83 4 21 14 220 247 243 255 218 76 16 22 0 0 0 0 0 0 9 0 27 0 0 0 44 255 254 255 211 77 111 242 255 253 255 255 159 10 0 0 0 21 0 0 0 0 7 0 3 0 0 5 46 236 255 233 248 255 243 244 255 252 241 116 10 4 0 6 17 0 0 0 0 0 0 7 0 12 11 0 3 195 249 253 250 251 255 247 252 178 37 16 0 17 0 0 11 0 0 0 0 0 1 11 0 0 11 0 0 164 255 248 255 255 248 252 195 65 0 26 0 0 0 7 0 2 0 0 0 0 0 6 2 0 0 0 11 5 68 253 246 247 255 252 70 0 2 0 5 6 5 1 0 5 0 0 0 0 0 0 0 0 0 0 0 0 0 0 0 0 0 0 0 0 0 0 0 0 0 0 0 0 0 0 0 0 0 0 0 0 0 0 0 0 0 0 0 0 0 0 0 0 0 0 0 0 0 0 0 0 0 0 0 0 0 0 0 0 0 0 0 0 0 0 0 0 0 0 0 0 0 0 0 0 0 0 0 0 0 0 0 0 0 0 0 0 0 0 0 0 0 0 0 0 0 0 0 0 0 0 0 0 0 0 0 0 0 0 0 0
0 0 0 0 0 0 0 0 1 4 0 6 0 0 10 0 0 8 7 0 0 9 6 0 0 0 0 0 0 0 0 0 0 0 0 0 0 0 14 0 5 3 0 0 0 0 0 0 15 0 0 9 0 0 0 0 0 0 0 0 0 0 0 0 0 5 0 7 15 0 3 8 1 9 0 27 0 0 21 0 0 0 0 0 0 0 0 0 0 0 0 0 3 3 0 7 0 0 0 0 12 0 11 0 7 13 0 17 0 0 0 0 0 0 0 0 0 0 0 0 6 4 0 0 23 53 244 252 248 93 1 6 0 0 3 0 0 0 0 0 0 0 0 0 0 0 0 0 0 0 54 243 242 255 254 243 255 250 135 8 12 0 10 0 0 0 0 0 0 0 0 0 0 0 0 0 10 9 249 242 255 242 187 255 113 130 248 0 0 0 5 5 0 0 0 0 0 0 0 0 0 0 0 0 0 188 255 255 244 255 255 245 255 203 48 1 1 12 0 7 0 0 0 0 1 2 0 10 0 4 11 0 40 243 255 231 76 61 38 135 234 243 234 24 0 8 9 0 0 0 0 0 0 0 0 9 0 0 0 13 194 255 234 41 13 0 0 2 24 240 244 180 44 0 0 6 0 0 0 0 0 0 1 3 0 1 0 70 237 254 35 13 0 8 14 1 0 80 253 255 166 30 20 0 0 0 0 0 2 0 2 0 0 5 0 132 255 189 0 13 0 8 0 0 14 6 165 255 246 227 6 0 0 0 0 0 4 0 1 0 4 2 0 161 244 128 0 0 5 0 5 7 0 0 49 157 166 255 70 5 0 0 0 0 1 0 0 0 5 0 0 174 238 105 0 10 3 0 14 0 0 18 2 0 185 233 90 14 0 0 0 0 0 0 0 1 2 0 27 216 238 0 8 0 9 6 0 7 10 0 7 8 169 255 168 0 0 0 0 0 2 3 0 0 0 0 66 255 251 1 0 3 0 1 0 1 0 0 0 3 79 247 255 0 0 0 0 0 0 6 0 6 0 7 96 255 198 0 8 0 0 19 0 0 0 9 0 1 13 228 255 52 0 0 0 0 5 3 0 7 0 0 27 254 253 11 0 4 18 0 1 2 10 0 17 0 0 137 255 80 0 0 0 0 3 1 0 3 0 3 0 241 255 17 0 14 0 7 0 0 9 0 3 6 92 255 246 58 0 0 0 0 0 2 8 0 0 15 0 172 252 209 30 0 0 6 0 0 0 17 0 42 218 250 164 0 0 0 0 0 0 0 9 0 1 0 0 67 255 243 197 51 0 0 8 0 0 0 103 238 254 207 35 0 0 0 0 0 7 0 0 1 9 0 3 7 115 227 255 245 202 121 155 161 179 229 255 255 255 45 0 7 0 0 0 0 2 0 0 5 5 0 5 0 0 44 157 254 255 255 255 255 252 239 255 218 73 10 13 0 0 0 0 0 0 11 6 0 0 9 0 0 0 0 4 50 232 248 255 244 228 226 59 8 3 0 0 4 0 0 0 0 0 0 0 0 0 0 0 0 0 0 0 0 0 0 0 0 0 0 0 0 0 0 0 0 0 0 0 0 0 0 0 0 0 0 0 0 0 0 0 0 0 0 0 0 0 0 0 0 0 0 0 0 0 0 0 0 0 0 0 0 0 0 0 0 0 0 0 0 0 0 0 0 0 0 0 0 0 0 0 0 0 0 0 0 0 0 0 0 0 0 0 0 0 0 0 0 0 0 0 0 0 0 0 0 0 0 0 0 0 0 0 0
0 0 0 0 0 0 0 0 0 1 0 0 0 7 5 0 0 0 9 4 0 0 11 0 0 0 0 0 0 0 0 0 0 0 0 0 17 0 0 7 4 0 0 11 5 6 0 8 0 0 2 0 0 0 0 0 0 0 0 0 0 0 0 0 0 4 6 0 0 9 5 0 0 5 9 0 0 0 0 14 0 0 0 0 0 0 0 0 0 0 0 0 8 0 0 4 1 0 0 16 0 0 18 0 0 22 0 0 0 0 0 0 0 0 0 0 0 0 0 0 1 0 0 3 4 0 4 19 156 32 0 0 5 0 1 3 0 0 0 0 0 0 0 0 0 0 0 0 5 8 9 36 118 214 255 252 229 236 117 111 0 9 19 0 0 0 0 0 0 0 0 0 0 0 0 0 0 14 83 174 242 255 255 244 255 241 255 243 223 0 0 0 0 0 0 0 0 0 0 0 0 0 0 0 50 154 250 255 249 247 255 255 253 255 249 255 239 167 0 7 0 0 0 0 3 0 9 0 0 5 0 153 234 255 255 242 255 255 245 255 251 241 255 240 255 255 109 0 0 5 0 4 1 1 3 1 4 0 11 231 255 247 247 255 248 246 255 255 198 189 239 255 255 240 152 43 0 5 0 0 1 0 1 4 0 51 147 255 251 249 255 239 255 243 255 143 5 0 51 159 249 255 254 175 0 0 1 0 0 0 0 1 0 127 255 246 246 255 244 255 255 243 153 30 4 0 1 56 225 255 255 226 21 0 3 0 0 13 0 2 7 122 251 255 255 239 255 239 232 91 23 0 0 4 0 0 116 236 250 255 89 0 5 0 3 6 0 8 0 113 255 255 250 255 252 193 47 7 0 0 2 6 4 10 27 252 255 255 175 4 6 0 6 0 0 6 0 130 255 244 248 255 195 67 0 0 20 3 0 0 0 6 17 255 255 244 230 0 3 1 0 12 0 0 11 124 237 255 255 222 29 0 4 9 0 8 0 3 0 0 61 248 255 255 245 0 0 7 0 5 5 0 0 131 238 255 255 129 0 3 0 0 0 1 2 6 0 50 218 245 255 253 86 21 0 0 10 0 0 4 0 123 255 250 179 13 0 0 10 7 0 5 0 0 63 226 253 255 244 253 16 0 0 2 4 0 0 9 0 201 251 245 166 0 18 0 3 0 0 8 32 89 255 238 255 246 222 83 0 0 9 7 0 8 4 6 7 242 255 255 248 122 83 17 28 46 135 162 244 255 240 241 243 255 113 3 4 5 8 3 8 8 0 0 0 111 255 236 255 255 255 246 255 247 255 255 255 252 255 255 255 83 1 0 7 0 0 0 0 0 0 5 15 65 217 255 245 246 255 251 255 255 226 255 240 255 254 223 139 3 0 0 0 0 0 8 1 5 6 0 0 8 6 106 246 254 255 242 248 255 255 251 255 147 44 5 0 6 12 0 3 0 5 10 1 0 1 0 7 0 1 3 51 115 124 131 128 106 112 0 10 0 9 0 7 0 0 11 6 0 0 0 0 0 0 0 0 0 0 0 0 0 0 0 0 0 0 0 0 0 0 0 0 0 0 0 0 0 0 0 0 0 0 0 0 0 0 0 0 0 0 0 0 0 0 0 0 0 0 0 0 0 0 0 0 0 0 0 0 0 0 0 0 0 0 0 0 0 0 0 0 0 0 0 0 0 0 0 0 0 0 0 0 0 0 0 0 0 0 0 0 0 0 0 0 0 0 0 0 0 0 0 0 0 0 0 0 0 0 0 0 0 0 0
0 0 0 0 0 0 0 0 1 4 3 0 0 1 2 0 2 4 0 11 0 9 2 0 0 0 0 0 0 0 0 0 0 0 0 0 0 0 0 2 2 0 0 0 6 0 0 11 0 0 0 3 0 0 0 0 0 0 0 0 0 0 0 0 12 4 0 0 0 6 4 0 5 4 1 2 0 13 3 3 0 0 0 0 0 0 0 0 0 0 0 0 0 0 0 12 7 0 0 8 0 12 2 1 0 0 0 0 0 0 0 0 0 0 0 0 0 0 0 0 0 7 10 0 0 3 6 0 4 16 0 0 22 0 20 1 0 0 0 0 0 0 0 0 0 0 0 0 1 0 2 5 0 14 93 179 255 137 143 33 116 230 76 52 0 0 0 0 0 0 0 0 0 0 0 0 0 10 0 0 89 235 255 236 248 155 25 0 151 255 211 89 0 0 0 0 0 0 0 0 0 0 0 0 10 0 54 172 250 254 247 255 250 116 0 0 167 255 244 204 0 0 0 0 0 10 2 5 0 5 0 2 5 42 219 243 251 255 244 255 255 83 5 7 24 235 255 249 164 2 0 0 0 0 0 2 10 0 4 0 116 255 254 255 253 239 239 177 89 35 0 8 18 156 255 254 152 0 9 11 4 5 0 1 14 0 12 107 254 247 255 244 249 226 55 10 0 7 0 0 0 171 252 255 208 12 4 0 0 10 3 0 0 0 17 219 251 255 255 220 129 12 4 0 1 0 13 0 2 150 249 251 150 0 2 14 0 0 1 0 9 11 100 249 255 251 229 73 3 9 2 1 1 0 3 0 14 48 250 245 254 25 0 0 9 0 8 5 2 18 222 252 241 238 80 0 0 4 0 0 0 4 0 0 0 99 250 255 158 1 0 6 0 0 4 0 0 86 255 254 255 234 37 0 11 0 0 7 0 18 0 6 44 236 251 255 128 16 0 0 0 3 2 0 15 218 244 255 250 247 185 34 0 4 9 0 0 8 0 37 198 255 255 216 30 0 2 5 8 0 3 0 8 134 254 255 251 255 255 214 183 16 4 2 0 20 0 127 255 255 244 146 0 0 0 0 0 1 8 0 14 143 249 254 254 239 255 255 253 226 218 167 207 197 199 255 250 255 223 16 0 0 0 0 0 6 4 0 0 39 154 255 255 255 253 247 243 255 241 255 253 254 255 254 255 237 57 0 0 0 0 0 5 1 0 7 0 0 77 252 240 255 246 251 255 255 233 255 239 255 255 255 154 58 0 6 0 0 0 0 0 6 0 0 13 0 23 108 255 255 255 255 253 232 255 248 255 246 241 169 14 0 0 10 0 0 0 0 0 8 0 0 10 2 0 0 82 208 255 236 255 255 255 162 129 155 39 15 9 0 3 0 0 0 0 0 2 0 0 5 7 1 2 11 9 10 11 53 121 42 3 0 7 2 0 0 0 5 0 8 0 0 0 0 3 0 4 4 0 0 3 0 3 0 2 0 3 2 6 0 0 10 7 0 7 8 0 0 0 0 0 0 0 0 0 0 0 0 0 0 0 0 0 0 0 0 0 0 0 0 0 0 0 0 0 0 0 0 0 0 0 0 0 0 0 0 0 0 0 0 0 0 0 0 0 0 0 0 0 0 0 0 0 0 0 0 0 0 0 0 0 0 0 0 0 0 0 0 0 0 0 0 0 0 0 0 0 0 0 0 0 0 0 0 0 0 0 0 0 0 0 0 0 0 0 0 0 0 0 0 0 0 0 0 0 0 0 0 0 0 0 0 0 0
0 0 0 0 0 0 0 0 3 0 11 0 1 5 0 0 3 7 0 13 0 0 15 0 0 0 0 0 0 0 0 0 0 0 0 0 0 0 5 0 0 3 15 15 0 12 10 0 10 2 3 0 0 0 0 0 0 0 0 0 0 0 0 0 6 0 0 7 0 2 7 0 2 0 0 2 0 0 0 13 0 0 0 0 0 0 0 0 0 0 0 0 3 0 0 10 4 0 0 14 9 4 13 0 4 6 0 1 0 0 0 0 0 0 0 0 0 0 0 0 0 0 11 3 0 0 12 173 245 242 180 16 4 2 0 0 0 0 0 0 0 0 0 0 0 0 0 0 0 2 9 0 0 5 24 255 255 255 251 173 9 3 4 0 0 0 0 0 0 0 0 0 0 0 0 0 5 1 0 2 0 8 33 245 253 240 246 255 74 4 0 8 0 0 0 0 0 0 0 0 0 0 0 0 0 1 0 17 0 4 65 255 249 255 255 238 255 65 0 0 0 0 0 0 0 0 0 3 0 12 0 0 0 3 0 0 0 190 224 252 255 227 222 254 252 170 10 0 0 0 0 0 3 0 0 2 0 0 0 0 0 18 0 0 85 223 255 255 212 44 52 252 255 230 56 3 0 0 0 0 0 0 0 2 0 0 10 4 0 0 39 186 253 255 245 148 32 0 11 153 236 255 61 0 0 0 0 0 0 1 0 0 2 0 13 0 4 92 204 254 216 75 59 14 0 7 0 54 255 233 19 2 0 0 0 0 0 9 0 0 0 0 0 0 25 212 255 235 0 8 0 0 7 0 5 57 254 146 2 18 0 0 0 0 0 9 0 0 0 4 0 59 99 247 225 35 7 11 0 5 11 0 11 114 249 140 9 0 0 0 0 0 0 1 0 10 0 5 4 176 255 230 150 16 8 0 0 0 0 8 85 237 245 58 0 15 0 0 0 0 3 0 0 16 0 0 2 253 249 114 7 0 0 3 5 0 0 0 109 252 184 0 0 0 0 0 0 0 0 0 3 0 0 38 233 247 90 7 5 0 0 0 0 0 0 9 229 253 107 0 1 4 0 0 0 0 0 6 2 0 12 42 245 189 12 12 0 0 10 3 0 3 18 147 245 198 38 3 0 0 0 0 0 0 0 8 0 0 5 32 255 167 4 0 0 14 7 0 0 2 125 252 205 100 0 7 0 0 0 0 0 0 0 1 0 0 0 57 251 155 0 7 3 0 0 0 66 213 255 208 102 12 3 0 0 4 0 0 0 0 10 1 0 0 6 142 255 166 23 0 25 14 15 149 246 255 255 80 17 0 9 0 0 3 0 0 0 0 0 2 5 0 5 183 255 248 241 190 232 243 255 255 248 231 122 0 0 4 0 11 2 0 0 0 0 0 0 0 8 0 0 97 174 255 255 247 255 240 254 254 236 63 12 0 0 9 0 11 0 0 0 0 0 0 17 0 0 10 0 0 20 150 253 254 246 255 255 107 91 0 0 14 0 0 12 0 0 7 0 0 0 0 0 0 0 0 0 0 0 0 0 0 0 0 0 0 0 0 0 0 0 0 0 0 0 0 0 0 0 0 0 0 0 0 0 0 0 0 0 0 0 0 0 0 0 0 0 0 0 0 0 0 0 0 0 0 0 0 0 0 0 0 0 0 0 0 0 0 0 0 0 0 0 0 0 0 0 0 0 0 0 0 0 0 0 0 0 0 0 0 0 0 0 0 0 0 0 0 0 0 0 0 0 0 0 0 0 0 0 0 0 0 0 0
0 0 0 0 0 0 0 0 1 0 3 6 0 10 1 2 0 4 0 0 0 17 0 9 0 0 0 0 0 0 0 0 0 0 0 0 5 1 0 0 5 8 0 0 0 2 9 0 0 0 5 0 0 0 0 0 0 0 0 0 0 0 0 0 0 4 4 1 0 0 5 3 18 0 0 10 10 0 20 0 0 0 0 0 0 0 0 0 0 0 0 0 4 0 0 16 3 20 0 3 0 4 0 1 0 3 7 0 0 0 0 0 0 0 0 0 0 0 0 0 1 10 3 4 0 0 2 206 255 148 57 0 10 0 0 13 0 0 0 0 0 0 0 0 0 0 0 0 0 13 0 2 22 6 0 246 241 246 232 20 0 7 9 0 0 0 0 0 0 0 0 0 0 0 0 0 0 20 0 0 0 0 60 229 254 255 255 117 3 0 4 0 0 0 0 0 0 0 0 0 0 0 0 0 6 0 0 3 14 106 255 247 252 238 255 251 51 4 0 5 0 0 0 0 8 0 11 0 0 0 0 2 0 12 0 0 130 239 245 255 250 255 251 245 161 4 0 6 0 0 0 0 0 0 8 5 13 1 6 3 4 0 2 119 241 255 244 249 253 246 255 255 176 3 6 0 0 0 0 0 10 0 0 0 0 0 0 0 0 0 131 255 237 255 255 255 254 236 255 255 164 0 2 0 0 0 0 0 6 2 0 0 2 0 17 7 10 191 240 254 246 255 236 253 255 255 248 255 158 7 0 7 0 0 0 0 0 8 2 5 6 2 0 0 2 255 255 244 248 255 255 247 238 252 250 246 172 5 0 5 0 0 0 0 0 12 5 0 0 0 0 35 200 243 247 252 255 255 159 81 216 236 255 239 181 0 0 0 0 0 0 0 0 2 1 0 4 11 12 154 255 250 255 251 250 173 17 83 241 249 255 255 140 3 14 0 0 0 0 0 0 0 4 0 3 0 0 183 248 255 238 250 182 18 0 83 255 255 234 255 55 0 4 0 0 0 0 0 0 1 0 6 0 5 0 167 246 255 252 242 93 0 3 84 255 245 253 251 23 3 6 2 0 0 0 0 0 1 0 6 0 8 30 227 255 225 250 211 31 7 17 179 244 255 250 253 32 7 0 1 0 0 0 0 2 3 0 3 0 5 49 255 255 255 255 48 0 0 255 255 254 249 255 253 27 0 1 8 0 0 0 0 0 7 0 0 0 0 34 216 246 255 244 254 255 255 245 251 254 250 249 149 0 0 23 0 0 0 0 0 0 8 1 0 0 0 5 114 255 255 255 255 255 239 255 250 254 255 181 20 0 5 4 0 0 0 0 0 0 4 4 0 1 2 0 30 217 236 252 255 231 255 252 251 236 186 54 0 3 14 0 14 0 0 0 0 1 0 4 0 0 3 0 0 53 255 240 252 255 247 255 243 123 36 0 10 0 0 0 6 0 0 0 0 9 0 2 2 0 0 7 0 0 104 245 255 250 255 233 99 0 6 9 0 6 6 4 0 0 0 0 0 0 0 0 0 0 0 0 0 0 0 0 0 0 0 0 0 0 0 0 0 0 0 0 0 0 0 0 0 0 0 0 0 0 0 0 0 0 0 0 0 0 0 0 0 0 0 0 0 0 0 0 0 0 0 0 0 0 0 0 0 0 0 0 0 0 0 0 0 0 0 0 0 0 0 0 0 0 0 0 0 0 0 0 0 0 0 0 0 0 0 0 0 0 0 0 0 0 0 0 0 0 0 0 0 0 0 0 0 0 0 0 0
0 0 0 0 0 0 0 0 0 5 13 0 5 2 0 9 1 3 6 0 0 6 0 0 0 0 0 0 0 0 0 0 0 0 0 0 0 9 0 0 0 0 7 0 0 0 3 2 0 1 5 6 0 0 0 0 0 0 0 0 0 0 0 0 18 0 0 24 0 9 0 8 1 0 4 14 4 0 2 0 0 0 0 0 0 0 0 0 0 0 0 0 9 0 0 0 12 0 225 250 114 37 0 0 0 0 14 0 0 0 0 0 0 0 0 0 0 0 0 0 0 13 1 8 0 79 255 245 255 110 1 1 25 0 3 5 0 0 0 0 0 0 0 0 0 0 0 0 19 0 0 10 0 164 237 255 255 226 122 9 0 0 17 0 0 0 0 0 0 0 0 0 0 0 0 0 1 0 2 0 7 0 236 249 253 252 251 249 201 24 0 7 0 0 0 0 0 0 0 0 0 0 0 0 0 15 0 12 0 0 236 249 248 255 255 253 230 56 5 1 0 0 0 0 8 0 7 5 3 0 0 2 0 0 10 2 2 19 231 255 255 234 255 253 209 10 1 1 0 0 0 0 0 0 8 0 0 19 15 0 9 10 0 6 145 255 249 235 188 248 242 235 204 14 3 0 0 0 0 0 4 0 6 12 0 0 0 14 7 0 15 150 255 245 109 122 34 242 255 255 202 0 0 0 0 0 0 0 0 6 0 0 0 24 0 0 12 100 204 226 217 106 16 0 8 218 255 242 192 0 3 4 0 0 0 0 0 9 0 0 0 3 0 53 232 255 203 13 0 0 4 4 14 156 255 252 198 0 3 1 0 0 0 0 2 0 0 19 0 3 63 213 232 80 42 0 10 19 0 0 0 61 233 255 206 0 0 0 0 0 0 0 1 6 0 0 3 163 234 235 199 17 0 7 0 10 0 0 6 4 138 231 198 12 1 3 0 0 0 0 0 0 5 1 7 209 243 117 0 0 0 0 2 0 12 2 0 2 121 247 199 3 0 2 0 0 0 0 0 3 1 0 98 245 230 119 10 0 2 4 1 0 14 0 7 0 114 252 197 0 12 0 0 0 0 0 3 0 8 14 143 232 206 10 0 14 1 0 16 0 0 5 0 58 249 245 206 0 0 10 0 0 0 0 5 0 5 56 255 255 201 37 0 3 0 6 0 14 1 0 6 123 255 244 201 0 0 0 0 0 0 0 0 2 3 31 181 237 251 224 196 109 18 6 190 64 1 67 164 255 249 255 70 1 0 4 0 0 0 0 16 0 0 0 0 192 255 241 249 231 249 255 242 232 248 253 255 252 220 58 0 0 14 6 0 0 0 0 1 0 0 12 5 210 246 255 255 250 250 246 250 255 255 243 249 219 91 0 0 22 0 0 0 0 0 0 0 10 8 1 0 51 66 161 247 255 127 74 80 163 85 59 64 66 0 0 13 0 0 12 0 0 0 0 4 0 0 0 0 7 0 0 0 0 0 3 0 3 3 8 13 0 0 10 0 17 0 0 0 0 0 0 0 0 0 0 0 0 0 0 0 0 0 0 0 0 0 0 0 0 0 0 0 0 0 0 0 0 0 0 0 0 0 0 0 0 0 0 0 0 0 0 0 0 0 0 0 0 0 0 0 0 0 0 0 0 0 0 0 0 0 0 0 0 0 0 0 0 0 0 0 0 0 0 0 0 0 0 0 0 0 0 0 0 0 0 0 0 0 0 0 0 0 0 0 0 0 0 0 0 0 0 0 0 0 0 0 0 0 0 0 0 0 0
0 6 7 0 0 1 0 0 6 0 0 15 0 12 4 0 5 0 0 2 0 2 2 0 0 0 0 0 6 0 0 0 0 5 5 3 10 0 7 0 9 0 1 0 5 1 0 2 0 0 0 9 0 0 0 0 6 0 0 3 3 2 0 0 0 5 0 0 6 11 3 0 0 0 0 2 6 0 0 7 0 0 0 0 0 0 5 8 0 0 3 0 0 9 0 7 0 0 0 0 1 6 0 0 6 5 0 0 0 0 0 0 0 3 3 0 0 2 11 6 10 0 17 76 187 187 155 16 1 6 0 0 0 2 2 0 0 0 0 0 0 6 0 0 3 3 0 0 0 95 193 218 255 255 242 95 0 0 0 5 0 0 5 0 0 0 0 0 0 7 0 0 15 0 0 23 121 235 255 255 250 245 255 237 93 15 0 13 4 0 5 0 0 0 0 0 0 10 0 0 11 0 17 114 251 255 251 244 255 104 149 254 254 87 0 2 0 0 7 4 0 0 0 0 1 2 0 6 0 0 98 245 241 255 122 111 54 8 2 117 254 196 6 23 0 0 10 2 6 0 0 0 0 0 0 0 1 45 186 252 255 120 4 4 3 1 0 34 220 255 183 0 17 15 0 0 0 0 0 3 1 0 4 0 0 116 255 255 222 15 0 0 0 9 0 0 120 255 248 109 15 0 0 10 0 0 0 0 5 0 7 3 0 178 255 249 111 0 17 9 3 1 0 2 0 247 255 255 190 0 5 0 1 4 1 0 5 0 6 0 4 244 240 228 14 0 8 0 0 0 0 4 0 68 240 247 255 189 9 1 0 5 7 2 1 4 5 0 9 255 242 214 0 13 0 0 8 7 0 4 10 0 39 185 255 255 159 0 0 0 1 6 0 3 6 0 4 242 254 226 23 3 0 3 4 0 0 0 1 3 0 71 249 247 218 81 13 0 0 1 1 0 8 4 0 173 255 246 108 0 0 7 0 0 14 0 0 4 3 5 52 255 255 232 48 14 0 0 6 0 0 10 0 118 254 255 110 0 7 4 5 0 16 0 0 8 0 4 1 192 249 255 104 0 3 0 0 0 0 0 5 106 252 238 236 2 0 0 3 0 0 13 0 0 8 0 0 28 212 255 114 2 11 1 0 10 2 0 0 46 227 255 255 117 20 9 1 0 19 0 16 0 1 0 12 0 223 236 109 0 6 3 0 5 1 7 0 0 137 241 253 236 226 143 54 9 0 10 0 0 7 5 0 12 221 255 107 0 0 1 9 0 0 12 0 0 23 102 210 255 255 235 255 248 143 106 57 0 0 6 2 100 215 255 107 8 5 2 4 0 0 3 0 15 0 6 6 180 234 240 255 252 255 249 140 145 208 211 208 255 255 235 71 4 2 0 0 2 4 0 0 7 0 0 7 0 61 106 198 226 225 255 240 255 255 250 255 255 223 116 16 0 0 0 2 1 0 0 11 0 9 0 0 0 8 0 0 0 98 108 194 251 241 255 232 110 84 0 0 0 11 0 0 0 0 0 0 0 0 0 0 0 0 0 0 0 0 0 0 0 0 0 0 0 0 0 0 0 0 0 0 0 0 0 0 0 0 0 0 0 0 0 0 0 0 0 0 0 0 0 0 0 0 0 0 0 0 0 0 0 0 0 0 0 0 0 0 0 0 0 0 0 0 0 0 0 0 0 0 0 0 0 0 0 0 0 0 0 0 0 0 0 0 0 0 0 0 0 0 0 0 0 0 0 0 0 0 0 0 0 0 0 0 0
0 0 0 0 0 0 0 0 2 2 1 0 3 0 0 19 0 7 0 6 0 3 2 1 0 0 0 0 0 0 0 0 0 0 0 0 0 9 0 0 14 0 13 0 0 0 10 0 9 4 0 0 0 0 0 0 0 0 0 0 0 0 0 0 2 0 0 13 4 0 0 0 8 0 5 20 0 0 16 2 0 0 0 0 0 0 0 0 0 0 0 0 0 6 3 0 0 4 23 1 0 15 0 0 3 6 6 0 0 0 0 0 0 0 0 0 0 0 0 0 0 0 2 0 27 0 181 245 255 248 255 181 18 0 0 17 0 0 0 0 0 0 0 0 0 0 0 0 12 0 0 0 56 255 255 255 249 255 252 255 248 13 3 0 0 0 0 0 0 0 0 0 0 0 0 0 0 6 12 127 242 255 179 54 6 0 69 251 244 204 0 1 0 0 0 0 0 0 0 0 0 0 0 0 6 0 55 255 255 255 0 7 0 0 0 68 255 245 136 2 0 0 0 0 0 3 0 8 0 7 7 3 7 121 255 255 182 0 7 0 2 10 0 9 190 255 250 0 0 0 0 0 0 0 0 8 4 3 0 0 122 255 255 131 16 0 0 0 0 0 0 0 5 246 255 9 0 0 0 0 2 0 0 0 6 0 0 27 254 255 203 0 0 12 2 10 0 18 0 4 0 252 250 118 0 0 0 0 0 2 3 0 0 0 17 165 255 251 115 10 6 5 2 0 0 0 0 10 17 255 252 13 0 0 0 0 0 5 4 0 0 13 37 255 251 255 204 57 2 3 0 0 0 0 0 3 0 183 255 41 0 0 0 0 0 8 1 0 0 8 57 255 255 247 183 16 0 0 14 0 0 20 4 2 0 142 255 141 0 0 0 0 2 6 0 0 0 0 138 241 242 255 0 7 0 0 32 0 1 0 2 3 6 206 160 0 0 0 0 0 0 0 0 4 4 3 244 255 255 250 9 0 5 7 0 6 1 6 0 0 132 245 13 0 0 0 0 0 0 0 11 1 3 0 250 255 255 242 74 0 1 2 0 6 1 4 0 10 182 198 0 0 0 0 0 0 6 3 0 2 0 3 252 255 255 134 54 3 5 0 18 0 0 0 0 253 255 110 17 0 0 0 0 0 1 2 0 9 0 0 202 241 255 0 15 0 9 0 0 0 10 0 137 245 251 63 0 0 0 0 0 0 0 3 0 7 0 0 134 255 247 16 0 0 10 0 0 17 0 181 255 244 122 11 17 5 0 0 0 0 2 8 0 0 1 9 84 255 250 191 11 4 2 0 14 55 255 247 255 130 6 0 0 2 0 0 0 0 0 4 5 0 4 6 27 222 255 255 128 119 116 137 140 255 255 255 178 0 0 6 22 0 0 0 0 0 0 0 1 0 4 0 0 80 255 250 255 255 252 255 227 255 244 196 9 0 16 6 0 17 0 0 0 0 4 2 0 2 0 0 3 0 64 127 193 255 255 251 255 63 5 1 3 0 0 6 0 0 0 0 0 0 0 0 0 0 0 0 0 0 0 0 0 0 0 0 0 0 0 0 0 0 0 0 0 0 0 0 0 0 0 0 0 0 0 0 0 0 0 0 0 0 0 0 0 0 0 0 0 0 0 0 0 0 0 0 0 0 0 0 0 0 0 0 0 0 0 0 0 0 0 0 0 0 0 0 0 0 0 0 0 0 0 0 0 0 0 0 0 0 0 0 0 0 0 0 0 0 0 0 0 0 0 0 0 0 0 0 0 0 0 0 0 0
0 0 0 0 0 0 0 0 0 7 7 1 1 0 0 8 0 3 2 0 0 2 6 3 0 0 0 0 0 0 0 0 0 0 0 0 7 1 0 0 0 0 0 0 0 0 0 8 0 10 0 0 0 0 0 0 0 0 0 0 0 0 0 0 0 0 0 8 6 6 6 0 13 0 0 18 0 0 0 12 0 0 0 0 0 0 0 0 0 0 0 0 0 0 8 4 0 0 0 0 0 0 3 0 0 5 9 0 0 0 0 0 0 0 0 0 0 0 0 0 0 3 2 0 0 7 12 1 9 0 7 0 18 0 1 5 0 0 0 0 0 0 0 0 0 0 0 0 0 1 0 0 11 9 0 1 0 44 99 100 104 12 0 5 0 0 0 0 0 0 0 0 0 0 0 0 0 8 0 0 5 0 0 56 74 219 255 255 249 183 58 0 0 0 0 0 0 0 0 0 0 0 0 0 0 7 0 0 10 1 80 234 239 255 226 251 255 214 46 5 0 0 0 0 0 0 0 0 6 3 0 5 4 0 1 0 10 67 177 255 255 255 237 255 248 234 255 102 0 0 0 0 5 12 11 1 0 0 0 0 0 4 0 21 87 249 255 240 242 249 200 177 255 255 254 192 0 0 0 0 0 0 0 2 3 7 6 0 7 0 1 205 255 243 255 237 236 238 11 25 238 243 255 116 0 0 0 0 13 0 0 8 4 0 0 0 0 0 75 241 255 249 206 8 0 0 19 0 137 255 245 255 0 0 0 0 9 4 5 5 0 0 4 14 1 92 249 241 237 167 0 21 2 0 0 23 176 238 255 203 0 0 0 0 0 2 0 0 4 9 0 0 77 235 246 255 100 0 13 0 1 12 0 22 240 255 255 96 0 0 0 0 0 12 0 0 10 0 0 13 220 255 255 193 22 0 0 17 0 9 0 22 198 251 246 116 0 0 0 0 0 8 0 0 4 0 32 165 255 236 252 109 0 14 0 5 3 3 36 194 255 255 138 1 0 0 0 0 0 7 4 0 0 92 204 255 255 100 50 7 0 7 0 0 0 33 196 255 249 174 16 2 0 0 0 0 0 0 0 3 71 237 248 255 106 17 10 0 5 0 3 7 105 219 246 255 235 82 0 1 0 0 0 0 0 6 2 0 115 251 245 238 36 4 0 21 3 0 2 88 204 244 255 255 118 0 19 0 0 0 0 0 1 0 0 3 237 254 253 158 6 4 2 0 32 83 218 255 253 255 134 26 24 15 0 0 0 0 0 0 4 0 1 0 255 244 248 128 16 20 41 169 195 247 255 238 231 84 0 0 0 0 0 10 0 0 0 0 5 0 11 0 176 248 255 199 254 250 255 242 246 255 255 137 25 14 4 5 1 3 12 0 0 0 0 0 3 0 0 18 132 244 255 245 244 255 249 255 183 155 81 13 0 5 0 0 7 2 0 0 0 0 0 0 0 12 0 3 16 73 195 219 210 200 134 58 7 13 1 0 5 0 10 0 0 6 0 0 0 0 0 0 0 0 0 0 0 0 0 0 0 0 0 0 0 0 0 0 0 0 0 0 0 0 0 0 0 0 0 0 0 0 0 0 0 0 0 0 0 0 0 0 0 0 0 0 0 0 0 0 0 0 0 0 0 0 0 0 0 0 0 0 0 0 0 0 0 0 0 0 0 0 0 0 0 0 0 0 0 0 0 0 0 0 0 0 0 0 0 0 0 0 0 0 0 0 0 0 0 0 0 0 0 0 0 0 0 0 0 0 0 0 0 0
0 0 0 0 0 0 0 0 0 19 0 0 9 15 0 0 5 0 0 0 12 0 0 8 0 0 0 0 0 0 0 0 0 0 0 0 14 0 13 17 0 0 0 19 3 0 14 6 0 0 11 0 0 0 0 0 0 0 0 0 0 0 0 0 0 11 2 0 10 0 23 0 7 0 0 5 8 8 0 0 0 0 0 0 0 0 0 0 0 0 0 0 4 0 12 0 0 2 0 4 0 6 9 0 0 5 1 8 0 0 0 0 0 0 0 0 0 0 0 0 3 6 4 9 0 63 246 246 182 35 2 0 7 0 9 0 0 0 0 0 0 0 0 0 0 0 0 0 0 0 0 0 23 158 255 255 252 71 0 0 10 0 4 6 0 0 0 0 0 0 0 0 0 0 0 0 0 2 0 162 249 252 255 243 255 255 200 92 0 1 0 1 0 0 0 0 0 0 0 0 0 0 0 0 6 0 51 228 248 254 255 255 246 253 251 209 21 8 0 1 0 0 0 0 1 0 1 0 1 2 0 15 0 11 196 255 255 252 237 255 252 252 255 241 192 22 2 0 0 0 0 0 0 0 6 0 4 0 1 0 43 134 251 251 245 255 255 244 247 255 250 255 237 119 12 0 0 0 0 0 0 3 7 0 5 0 7 8 198 245 254 252 255 243 255 253 255 235 250 255 255 127 9 1 0 0 0 0 2 5 0 0 1 0 5 94 252 247 243 255 226 90 35 16 91 240 255 249 254 215 21 0 0 0 0 0 4 2 0 0 0 3 3 195 252 249 251 173 78 3 0 5 0 89 250 250 255 253 189 9 0 0 0 0 1 0 0 6 0 6 35 249 252 255 255 109 0 0 2 2 0 13 115 255 247 255 227 37 0 0 0 0 0 0 6 6 0 7 113 255 255 249 200 48 0 4 3 1 0 0 59 225 244 255 255 8 0 0 0 0 4 0 11 0 0 8 186 248 253 245 147 0 0 6 0 0 0 18 0 198 255 253 247 123 0 0 0 0 10 0 3 0 0 9 167 246 249 175 12 0 0 10 0 8 0 9 109 229 250 255 245 37 0 0 0 0 0 6 2 11 9 0 14 255 255 247 113 1 20 0 7 0 55 119 248 255 246 255 255 173 0 0 0 0 6 1 0 1 0 3 8 248 243 255 245 113 34 29 212 210 230 255 241 255 255 238 255 180 0 0 0 0 4 0 0 7 0 0 33 174 247 255 255 245 255 247 255 248 255 231 255 255 241 255 235 97 0 0 0 0 0 8 0 2 11 0 17 230 255 255 243 255 255 255 228 255 255 255 243 234 255 169 34 8 0 0 0 0 1 11 0 0 0 15 17 255 255 245 255 255 235 250 255 255 234 255 255 255 171 9 0 0 0 0 0 0 0 0 6 2 0 16 0 84 191 255 250 255 255 249 253 250 255 248 209 53 0 14 4 11 0 0 0 0 0 2 0 0 14 0 5 0 13 83 121 255 244 255 255 138 83 93 48 0 10 0 0 0 0 0 0 0 0 0 0 0 0 0 0 0 0 0 0 0 0 0 0 0 0 0 0 0 0 0 0 0 0 0 0 0 0 0 0 0 0 0 0 0 0 0 0 0 0 0 0 0 0 0 0 0 0 0 0 0 0 0 0 0 0 0 0 0 0 0 0 0 0 0 0 0 0 0 0 0 0 0 0 0 0 0 0 0 0 0 0 0 0 0 0 0 0 0 0 0 0 0 0 0 0 0 0 0 0 0 0 0 0 0 0 0 0 0 0 0
0 0 0 0 0 0 0 0 0 19 0 0 13 0 14 0 0 0 5 11 0 0 5 5 0 0 0 0 0 0 0 0 0 0 0 0 9 0 8 0 0 3 0 18 16 1 0 0 4 8 5 0 0 0 0 0 0 0 0 0 0 0 0 0 0 4 2 2 5 5 0 0 0 7 12 0 26 0 0 7 0 0 0 0 0 0 0 0 0 0 0 0 5 9 0 0 0 2 0 3 2 0 0 25 0 5 5 0 0 0 0 0 0 0 0 0 0 0 0 0 0 0 17 0 64 233 246 255 248 185 85 0 0 0 10 0 0 0 0 0 0 0 0 0 0 0 0 0 14 0 0 36 131 253 247 241 247 251 188 43 17 0 0 0 0 0 0 0 0 0 0 0 0 0 0 0 3 0 3 192 255 245 248 255 255 251 248 243 0 0 6 3 0 0 0 0 0 0 0 0 0 0 0 0 0 141 222 253 227 255 253 245 255 243 255 253 139 13 0 10 0 0 0 0 7 0 4 5 0 6 9 0 33 227 251 242 255 239 255 251 255 248 248 254 212 152 0 5 0 9 0 0 0 9 1 0 6 0 0 62 245 250 248 255 255 255 247 251 241 244 255 243 255 236 134 2 0 9 2 0 0 10 0 0 9 18 84 198 241 255 246 240 233 70 63 229 230 234 229 251 255 251 205 44 0 0 4 2 6 0 0 1 0 90 227 255 255 220 255 162 67 0 23 0 0 2 30 125 250 255 255 179 3 0 2 6 7 0 8 15 0 110 255 242 245 255 235 46 0 8 0 0 9 0 0 3 248 240 255 196 38 0 0 4 0 0 3 5 0 95 240 247 254 254 49 1 5 10 0 22 10 0 0 18 240 255 255 252 80 9 0 0 0 10 0 0 0 96 242 255 248 210 0 3 0 0 14 0 0 3 34 191 255 255 235 251 95 9 0 0 0 10 2 0 0 104 249 245 253 76 6 1 2 6 0 9 9 16 82 255 248 248 255 244 85 0 0 2 0 3 2 2 0 96 248 251 253 94 1 0 0 0 3 0 104 185 252 255 253 255 232 195 0 0 0 0 0 3 2 2 5 91 255 247 244 93 0 0 1 4 37 121 227 255 247 238 250 238 255 150 0 0 0 0 0 3 0 0 8 67 255 246 255 100 3 0 10 129 216 255 245 255 255 242 255 255 158 14 0 0 0 0 0 3 0 0 0 28 181 250 234 255 255 246 243 255 241 248 255 243 243 255 197 137 9 0 0 0 0 0 0 4 0 4 0 0 78 246 255 241 244 255 237 255 255 248 255 255 236 221 53 0 7 0 0 0 0 0 1 5 0 10 0 0 11 196 233 255 240 252 255 233 244 255 252 237 125 0 0 0 0 20 0 0 0 0 0 3 1 5 0 1 0 93 246 255 242 245 255 239 255 186 175 8 17 1 3 14 0 0 0 0 0 0 0 0 0 0 1 5 0 2 122 239 255 255 238 112 99 0 0 7 0 0 1 0 0 12 0 0 0 0 0 0 0 0 0 0 0 0 0 0 0 0 0 0 0 0 0 0 0 0 0 0 0 0 0 0 0 0 0 0 0 0 0 0 0 0 0 0 0 0 0 0 0 0 0 0 0 0 0 0 0 0 0 0 0 0 0 0 0 0 0 0 0 0 0 0 0 0 0 0 0 0 0 0 0 0 0 0 0 0 0 0 0 0 0 0 0 0 0 0 0 0 0 0 0 0 0 0 0 0 0 0 0 0 0 0 0 0 0 0 0 0
0 0 0 0 0 0 0 0 0 0 0 7 2 0 10 0 0 7 0 1 5 0 2 3 0 0 0 0 0 0 0 0 0 0 0 0 0 2 0 6 1 0 8 0 10 6 0 7 0 0 0 6 0 0 0 0 0 0 0 0 0 0 0 0 0 6 0 0 0 0 4 0 0 0 3 0 0 32 0 0 0 0 0 0 0 0 0 0 0 0 0 0 1 6 0 0 2 4 5 3 15 0 2 0 6 0 0 12 0 0 0 0 0 0 0 0 0 0 0 0 0 1 0 0 7 5 0 3 0 9 0 1 0 0 0 0 0 0 0 0 0 0 0 0 0 0 0 0 0 1 2 0 0 0 0 15 97 209 227 223 104 34 0 0 0 0 0 0 0 0 0 0 0 0 0 0 2 2 4 0 0 2 26 107 251 255 254 255 255 182 77 0 0 0 0 0 0 0 0 0 0 0 0 0 1 0 2 0 10 41 108 232 251 255 245 96 202 255 217 43 0 0 0 0 1 2 3 0 0 0 0 1 0 8 0 132 232 227 255 246 232 232 230 7 9 147 252 131 3 0 0 0 0 0 0 12 6 3 3 0 8 0 114 251 238 205 130 149 0 8 124 0 0 17 182 254 73 8 2 4 0 10 0 11 0 0 3 3 7 107 254 232 124 3 0 3 12 1 19 0 5 0 37 227 151 1 1 1 0 17 0 0 0 3 0 13 192 240 209 38 4 0 1 16 0 0 0 1 3 16 0 157 214 0 0 0 0 3 0 0 12 12 0 88 255 227 0 0 7 7 15 0 0 0 24 10 0 0 3 117 243 0 4 3 0 0 5 1 0 0 70 222 232 93 0 3 0 4 0 14 5 9 0 0 12 1 1 141 209 0 0 1 0 1 9 2 0 4 171 251 69 3 0 11 18 0 10 0 0 23 0 0 2 0 13 157 152 0 0 0 2 3 0 0 14 65 239 160 6 7 0 0 4 0 0 3 12 0 13 4 0 34 204 253 126 10 0 7 6 2 2 1 0 158 231 72 7 2 1 4 2 0 0 0 0 0 0 1 69 209 253 173 0 0 0 0 0 0 0 8 0 178 196 0 0 5 0 0 0 0 0 1 5 1 7 93 232 255 150 28 0 0 0 0 11 0 8 3 13 239 131 0 10 0 0 9 4 6 9 0 29 88 165 253 255 112 0 3 0 0 0 0 0 11 4 0 0 248 244 55 8 4 0 0 2 0 5 77 231 245 255 203 59 0 3 0 0 0 0 0 3 0 1 0 22 200 230 255 220 191 103 102 194 192 169 233 255 232 114 7 5 15 0 5 0 0 0 0 0 9 3 11 0 78 235 255 255 252 250 252 255 255 245 230 92 6 0 16 0 0 11 1 0 0 0 0 7 0 0 0 0 1 49 150 226 207 231 222 159 137 102 11 2 0 4 5 0 0 5 0 0 0 0 0 3 0 0 6 0 7 0 1 0 17 0 0 12 10 0 3 0 11 0 0 14 4 0 8 0 0 0 0 0 0 0 0 0 0 0 0 0 0 0 0 0 0 0 0 0 0 0 0 0 0 0 0 0 0 0 0 0 0 0 0 0 0 0 0 0 0 0 0 0 0 0 0 0 0 0 0 0 0 0 0 0 0 0 0 0 0 0 0 0 0 0 0 0 0 0 0 0 0 0 0 0 0 0 0 0 0 0 0 0 0 0 0 0 0 0 0 0 0 0 0 0 0 0 0 0 0 0 0 0 0 0 0 0 0 0 0 0 0 0 0
0 0 0 0 0 0 0 0 0 3 0 0 0 0 9 0 1 0 0 17 3 0 0 0 0 0 0 0 0 0 0 0 0 0 0 0 3 6 2 18 1 0 0 1 0 4 18 0 4 0 18 0 0 0 0 0 0 0 0 0 0 0 0 0 0 0 7 0 0 0 7 9 0 4 0 13 10 2 0 7 0 0 0 0 0 0 0 0 0 0 0 0 6 0 14 6 13 11 0 0 0 11 9 0 3 0 0 0 0 0 0 0 0 0 0 0 0 0 0 0 9 0 0 17 0 4 0 11 9 0 3 78 140 89 3 5 0 0 0 0 0 0 0 0 0 0 0 0 0 4 5 0 3 0 11 0 0 103 201 255 243 221 71 0 0 0 0 0 0 0 0 0 0 0 0 0 0 0 0 0 86 106 211 201 215 216 255 167 255 255 169 0 0 0 0 0 0 0 0 0 0 0 0 0 0 11 11 193 251 244 252 255 255 255 203 0 75 246 254 84 0 0 0 0 2 0 25 0 0 5 8 5 24 68 205 250 242 193 150 119 215 255 200 0 6 188 255 165 0 0 0 0 0 25 0 1 0 13 0 0 61 249 255 232 61 1 6 0 103 158 229 26 7 136 251 255 0 0 0 0 2 3 0 12 12 0 20 85 255 240 240 24 4 1 0 8 0 20 0 0 13 146 255 241 0 0 0 0 2 0 10 0 0 12 14 230 255 195 4 0 0 3 7 0 1 1 0 21 0 153 243 255 0 0 0 0 2 0 0 9 5 5 215 255 193 64 14 0 17 0 0 0 4 0 1 0 4 162 255 245 0 0 0 0 0 9 0 1 28 201 247 234 62 0 0 0 0 2 7 0 0 16 0 3 0 146 255 202 0 0 0 0 12 0 8 0 83 242 255 67 0 6 1 18 0 0 6 0 9 0 6 13 7 242 255 255 0 0 0 0 0 6 4 0 149 251 238 0 8 0 0 0 12 0 0 11 0 0 6 0 1 162 241 229 0 0 0 0 0 0 0 4 198 244 111 5 3 5 0 0 4 0 0 12 0 9 0 0 0 155 255 128 0 0 0 0 0 1 11 0 252 255 37 0 0 10 5 5 7 3 5 0 6 0 0 22 26 234 212 31 0 0 0 0 0 6 0 0 255 234 63 9 1 11 2 0 0 0 14 0 0 0 22 0 226 255 146 0 0 0 0 0 0 0 14 8 158 255 237 6 9 0 0 4 2 0 0 0 0 13 0 12 255 227 37 3 0 0 0 0 8 1 0 0 133 255 238 173 101 15 15 0 9 20 6 6 8 77 142 243 236 148 7 0 0 0 0 0 0 3 6 0 28 163 255 255 248 223 243 163 138 152 200 255 255 242 255 227 106 2 12 0 0 0 0 0 0 5 0 12 11 9 154 211 255 251 255 238 255 249 255 252 227 157 58 22 0 0 6 0 0 0 0 0 5 0 7 0 7 0 21 9 110 142 142 144 142 34 45 30 15 7 0 1 5 7 0 2 0 0 0 0 0 0 0 0 0 0 0 0 0 0 0 0 0 0 0 0 0 0 0 0 0 0 0 0 0 0 0 0 0 0 0 0 0 0 0 0 0 0 0 0 0 0 0 0 0 0 0 0 0 0 0 0 0 0 0 0 0 0 0 0 0 0 0 0 0 0 0 0 0 0 0 0 0 0 0 0 0 0 0 0 0 0 0 0 0 0 0 0 0 0 0 0 0 0 0 0 0 0 0 0 0 0 0 0 0 0 0 0 0 0 0 0
7 0 6 2 1 4 0 1 2 1 0 0 0 0 1 3 2 0 0 0 5 6 1 0 0 0 0 0 0 8 6 0 0 4 0 0 0 0 0 3 5 4 0 0 0 0 0 0 0 0 4 6 0 0 0 0 0 0 0 25 17 2 0 8 0 0 7 4 0 0 0 0 1 8 10 4 0 0 0 0 0 0 0 0 2 23 0 0 0 0 5 1 10 0 0 0 7 11 2 0 0 0 0 0 0 4 1 0 0 0 0 0 0 0 0 0 15 4 3 0 6 4 1 0 0 0 3 9 4 5 3 0 0 0 3 4 0 0 0 0 2 0 18 16 0 0 93 220 229 252 255 245 181 100 30 0 0 0 1 7 4 0 0 2 0 0 0 0 5 0 0 0 4 179 235 255 255 255 246 250 255 248 215 185 57 15 0 0 0 0 0 1 0 0 0 0 2 0 1 0 2 242 255 247 241 251 255 255 244 236 238 243 254 140 28 0 0 3 0 0 0 0 0 0 10 0 12 0 14 235 245 93 247 253 242 236 245 163 12 87 194 255 217 46 0 0 4 0 0 0 0 0 0 0 0 0 0 53 55 132 246 246 125 19 39 84 17 0 27 162 240 248 25 4 3 17 0 0 0 0 5 18 2 7 10 0 0 172 255 164 12 0 0 1 5 0 0 18 166 249 195 7 0 0 0 0 0 0 0 0 0 0 0 6 3 166 245 89 0 12 8 0 8 1 10 0 0 152 254 176 4 9 0 0 0 0 7 0 6 18 0 4 23 230 238 46 0 1 0 1 6 0 0 5 0 11 182 236 106 0 0 0 0 0 3 0 0 5 2 0 3 255 199 0 0 8 0 1 0 8 0 6 9 0 17 208 191 14 0 0 0 0 3 6 1 0 5 10 6 254 154 0 8 0 0 9 1 0 9 0 0 8 0 130 248 133 0 0 0 0 5 0 6 3 0 7 3 217 225 17 0 0 9 2 0 2 0 5 12 0 21 16 226 207 0 0 0 0 8 0 8 0 8 0 7 169 238 133 0 0 0 1 0 5 8 2 9 0 0 0 132 233 32 0 3 4 6 0 5 0 3 0 0 98 255 192 5 9 7 6 0 0 0 0 7 0 8 7 78 255 147 10 0 3 2 0 2 0 0 2 0 21 163 251 219 45 0 0 0 4 0 0 0 0 0 0 1 247 241 13 0 2 0 1 0 0 0 3 3 0 54 221 246 226 116 19 4 0 11 4 0 5 9 0 0 209 255 3 0 2 0 0 0 7 0 0 9 0 1 79 252 255 255 194 130 58 0 0 0 3 0 0 74 249 253 2 0 2 0 0 0 6 0 0 3 1 0 14 64 193 238 252 255 243 226 150 65 29 48 91 202 255 227 9 0 2 2 0 1 0 0 0 0 2 4 0 2 0 72 173 243 255 233 246 255 255 241 236 255 248 125 5 0 3 1 0 2 0 0 9 0 0 0 1 3 12 0 0 76 200 255 252 247 253 255 255 223 139 7 0 8 3 0 0 0 0 0 0 0 0 0 0 0 0 0 4 9 12 55 102 142 155 158 138 71 0 0 0 0 0 0 0 0 0 0 0 0 0 2 0 0 0 0 2 5 7 1 5 2 0 0 8 3 0 0 0 0 0 0 0 0 0 0 0 0 0 2 1 0 0 0 0 0 0 2 0 0 5 3 0 0 9 0 0 0 0 0 0 0 0 0 0 0 0 0 0 0 0 0 0 0 0 2 0 1 7 3 0 0 2 0 0 0 0
0 0 0 0 0 0 0 0 5 1 0 0 2 4 0 1 0 0 3 5 2 0 0 4 0 0 0 0 0 0 0 0 0 0 0 0 0 0 6 19 1 0 0 5 0 0 0 0 0 0 1 3 0 0 0 0 0 0 0 0 0 0 0 0 7 17 0 0 0 11 2 6 9 6 3 2 4 5 0 0 0 0 0 0 0 0 0 0 0 0 0 0 2 0 6 21 0 0 7 0 0 0 0 0 0 2 2 0 0 0 0 0 0 0 0 0 0 0 0 0 12 0 10 0 6 101 180 48 2 2 1 0 0 0 0 6 0 0 0 0 0 0 0 0 0 0 0 0 0 14 0 0 117 228 219 35 5 0 0 5 8 0 0 0 0 0 0 0 0 0 0 0 0 0 0 0 0 2 1 125 246 255 251 251 71 21 0 0 8 4 0 3 0 0 0 0 0 0 0 0 0 0 0 0 7 0 49 247 247 238 255 244 255 148 40 1 0 0 0 5 0 0 0 0 0 0 0 0 0 0 0 0 6 0 235 255 103 53 50 82 230 255 209 19 9 0 4 7 0 0 0 0 0 0 0 0 0 0 0 0 0 80 249 140 15 3 0 1 27 161 252 129 0 5 2 0 0 0 0 0 0 0 0 0 0 0 0 0 13 201 248 48 0 4 0 0 0 54 237 196 22 0 18 5 0 0 0 0 0 0 0 0 0 0 0 0 48 247 152 6 0 6 7 9 14 0 165 246 100 0 10 0 0 0 0 0 0 0 0 0 0 0 0 0 118 253 30 0 0 0 0 0 0 3 80 255 121 0 0 0 0 0 0 0 0 0 0 0 0 0 0 0 205 255 0 5 0 0 8 0 0 10 26 214 166 2 0 10 0 0 0 0 0 0 0 0 0 0 0 0 236 255 0 4 0 4 5 0 8 0 9 201 253 38 0 0 0 0 0 0 0 0 0 0 0 0 0 0 235 242 11 2 0 6 0 9 2 0 0 196 248 89 0 0 0 0 0 0 0 0 0 0 0 0 0 0 202 255 0 0 9 3 0 7 16 4 0 178 255 65 0 3 0 0 0 0 0 0 0 0 0 0 0 0 141 244 0 8 0 0 14 0 0 0 3 202 255 38 0 0 0 0 0 0 0 0 0 0 0 0 0 0 54 255 114 9 0 6 0 0 9 13 4 179 202 5 0 2 0 0 0 0 0 0 0 0 0 0 0 0 48 254 221 28 0 2 0 6 0 0 45 228 195 19 9 0 0 0 0 0 0 0 0 0 0 0 0 0 0 164 236 220 49 11 0 2 7 6 147 255 119 0 0 3 0 0 0 0 0 0 0 0 0 0 0 0 3 0 229 248 227 105 0 7 0 93 255 238 49 0 9 0 0 0 0 0 0 0 0 0 0 0 0 0 0 10 0 182 249 255 226 209 185 239 241 115 0 0 5 0 0 0 0 0 0 0 0 0 0 0 0 0 0 4 0 0 43 133 248 254 252 187 57 1 0 12 0 7 0 0 0 0 0 0 0 0 0 0 0 0 0 0 0 0 0 0 0 0 0 0 0 0 0 0 0 0 0 0 0 0 0 0 0 0 0 0 0 0 0 0 0 0 0 0 0 0 0 0 0 0 0 0 0 0 0 0 0 0 0 0 0 0 0 0 0 0 0 0 0 0 0 0 0 0 0 0 0 0 0 0 0 0 0 0 0 0 0 0 0 0 0 0 0 0 0 0 0 0 0 0 0 0 0 0 0 0 0 0 0 0 0 0 0 0
0 0 0 0 0 0 0 0 0 10 2 0 3 0 1 3 0 13 0 8 0 0 6 0 0 0 0 0 0 0 0 0 0 0 0 0 0 0 11 0 20 0 9 0 0 7 0 0 8 12 0 2 0 0 0 0 0 0 0 0 0 0 0 0 16 0 0 4 0 7 1 7 5 0 5 0 2 9 0 7 0 0 0 0 0 0 0 0 0 0 0 0 5 0 0 15 16 0 8 0 6 0 14 5 0 0 1 6 0 0 0 0 0 0 0 0 0 0 0 0 0 17 35 175 117 58 4 18 0 0 0 0 7 1 2 0 0 0 0 0 0 0 0 0 0 0 0 0 11 0 190 254 252 143 31 161 232 213 61 0 0 0 0 13 0 0 0 0 0 0 0 0 0 0 0 0 7 63 247 255 247 126 65 255 252 252 161 93 5 9 0 0 0 0 0 0 0 0 0 0 0 0 0 0 0 204 250 251 254 0 160 253 251 251 255 204 0 4 8 0 0 0 0 0 0 12 0 2 0 0 3 0 65 246 255 245 102 4 223 251 116 184 253 222 112 6 0 2 0 0 0 0 0 7 0 1 0 5 0 14 183 255 255 212 26 0 103 207 21 60 255 243 240 49 12 0 0 0 0 0 0 1 0 0 4 8 0 53 241 252 255 179 8 7 0 77 0 5 186 255 255 135 6 7 0 0 0 0 1 0 2 0 0 5 0 113 255 254 243 94 0 0 0 0 19 0 27 218 250 255 43 0 0 0 0 0 3 0 5 0 0 4 14 186 255 255 247 52 0 0 20 0 0 0 25 163 249 249 102 0 0 0 0 0 2 0 5 0 0 7 47 242 246 248 255 80 8 6 0 1 11 4 3 64 255 251 179 0 0 0 0 0 1 0 0 3 0 7 67 255 255 248 251 62 0 1 0 14 0 3 0 27 241 254 237 66 0 0 0 0 2 0 0 6 0 2 69 250 254 244 215 30 2 0 13 0 0 2 7 36 255 255 237 70 0 0 0 0 0 9 2 0 0 10 64 255 255 236 186 12 0 10 5 0 6 0 0 45 254 255 243 77 0 0 0 0 0 5 0 0 1 0 44 230 254 255 168 0 10 0 0 1 0 0 11 33 245 252 204 0 0 0 0 0 2 1 0 8 5 0 18 173 251 255 187 3 17 1 11 0 26 0 0 151 249 252 155 1 0 0 0 0 2 1 0 8 5 0 0 102 255 238 255 78 0 0 0 14 0 0 132 215 251 186 33 0 0 0 0 0 0 5 0 2 0 4 0 39 255 238 255 150 36 21 8 66 98 179 240 255 251 90 0 6 0 0 0 0 0 7 0 0 0 10 0 3 151 255 255 245 220 221 214 246 255 255 236 237 109 0 0 10 0 0 0 0 0 4 0 5 0 6 1 0 46 224 252 255 255 246 244 255 255 208 248 100 0 0 0 5 0 0 0 0 0 1 0 11 0 0 2 0 0 49 110 193 253 255 245 253 243 206 14 0 5 3 0 4 0 0 0 0 0 0 0 0 0 0 0 0 0 0 0 0 0 0 0 0 0 0 0 0 0 0 0 0 0 0 0 0 0 0 0 0 0 0 0 0 0 0 0 0 0 0 0 0 0 0 0 0 0 0 0 0 0 0 0 0 0 0 0 0 0 0 0 0 0 0 0 0 0 0 0 0 0 0 0 0 0 0 0 0 0 0 0 0 0 0 0 0 0 0 0 0 0 0 0 0 0 0 0 0 0 0 0 0 0 0 0 0 0 0 0 0
0 0 0 0 0 0 0 0 2 0 4 0 8 0 0 7 5 0 0 8 0 0 0 4 0 0 0 0 0 0 0 0 0 0 0 0 0 4 0 0 3 10 0 0 0 9 8 0 11 0 0 5 0 0 0 0 0 0 0 0 0 0 0 0 0 13 10 4 1 4 0 0 10 3 0 0 0 1 0 0 0 0 0 0 0 0 0 0 0 0 0 0 3 3 1 0 0 0 4 11 0 5 0 10 0 13 3 0 0 0 0 0 0 0 0 0 0 0 0 0 0 3 0 12 4 0 0 0 36 114 128 37 24 0 0 4 0 0 0 0 0 0 0 0 0 0 0 0 0 17 0 14 0 16 37 106 249 247 249 255 12 6 0 0 0 0 0 0 0 0 0 0 0 0 0 0 2 5 0 0 31 121 187 238 246 228 254 253 206 82 25 12 0 0 0 0 0 0 0 0 0 0 0 0 2 0 20 52 219 255 248 156 31 12 98 255 244 255 151 0 0 0 0 0 0 1 2 5 8 0 0 9 0 21 138 255 255 209 66 8 0 0 110 239 248 235 247 92 0 0 0 0 7 0 2 3 0 0 8 0 0 195 255 237 126 30 0 0 3 3 95 142 95 172 250 216 0 0 0 0 4 0 0 2 0 0 20 42 214 246 182 58 0 7 12 5 6 0 12 9 0 114 255 255 0 0 0 0 0 4 0 0 15 0 36 165 253 219 53 5 19 0 0 0 0 0 0 0 2 58 255 248 0 0 0 0 0 8 0 0 0 4 103 255 231 39 0 0 0 16 0 0 1 3 3 4 15 63 247 248 0 0 0 0 0 0 12 0 0 82 215 252 40 0 0 3 10 0 4 7 8 0 0 0 0 132 239 255 0 0 0 0 2 0 10 0 21 188 255 153 8 0 23 3 0 1 9 0 0 0 20 8 0 188 253 243 0 0 0 0 6 0 0 0 80 252 242 43 0 9 0 0 13 0 13 0 4 0 0 0 38 231 255 104 0 0 0 0 0 0 3 2 251 255 161 5 0 0 0 0 0 3 0 0 6 0 3 8 249 253 176 0 0 0 0 0 4 0 0 10 249 255 91 0 6 0 0 0 1 0 0 7 1 0 20 203 255 220 67 0 0 0 0 0 3 0 0 1 248 255 47 9 0 0 0 10 7 0 0 5 0 86 225 227 251 38 0 9 0 0 0 0 0 0 5 0 255 255 57 0 1 0 0 0 0 0 10 29 188 255 241 157 26 0 4 0 0 0 0 0 0 3 4 6 214 255 140 41 4 12 20 35 80 155 230 255 247 229 93 2 0 7 0 7 0 0 0 0 0 19 0 0 86 208 249 244 157 201 243 255 255 245 217 188 82 29 0 12 2 0 4 0 0 0 0 0 0 13 0 0 0 94 193 255 249 255 250 215 162 103 47 10 7 2 0 0 25 0 0 0 0 0 0 0 3 0 8 3 3 0 7 28 35 29 23 15 4 0 0 0 0 6 3 0 0 0 13 0 0 0 0 0 0 0 0 0 0 0 0 0 0 0 0 0 0 0 0 0 0 0 0 0 0 0 0 0 0 0 0 0 0 0 0 0 0 0 0 0 0 0 0 0 0 0 0 0 0 0 0 0 0 0 0 0 0 0 0 0 0 0 0 0 0 0 0 0 0 0 0 0 0 0 0 0 0 0 0 0 0 0 0 0 0 0 0 0 0 0 0 0 0 0 0 0 0 0 0 0 0 0 0 0 0 0 0 0 0 0 0 0 0 0 0 0
0 0 0 0 0 0 0 0 0 0 0 16 0 0 23 0 0 2 0 0 10 0 0 7 0 0 0 0 0 0 0 0 0 0 0 0 19 3 0 0 0 0 0 0 0 0 10 6 0 0 6 0 0 0 0 0 0 0 0 0 0 0 0 0 0 0 5 1 8 3 0 18 11 0 0 0 0 0 2 7 0 0 0 0 0 0 0 0 0 0 0 0 6 4 3 0 0 18 0 0 0 8 0 0 10 1 0 7 0 0 0 0 0 0 0 0 0 0 0 0 8 0 0 7 0 0 20 2 0 0 9 5 0 4 4 0 0 0 0 0 0 0 0 0 0 0 0 0 0 5 7 11 23 106 198 167 101 0 0 10 0 0 18 0 0 0 0 0 0 0 0 0 0 0 0 0 11 0 70 204 255 251 252 255 236 99 5 0 0 0 4 7 0 0 0 0 0 0 0 0 0 0 0 0 23 144 255 254 247 255 230 225 255 238 100 0 5 5 0 6 0 0 0 0 0 0 0 3 0 0 9 0 96 252 255 206 172 110 31 118 253 255 242 11 0 7 8 0 0 0 0 0 0 1 0 0 0 6 0 0 236 255 144 0 10 0 0 16 116 246 255 129 34 3 0 7 0 0 0 0 0 0 3 0 4 1 0 41 249 244 72 6 0 7 3 0 32 252 237 251 128 0 0 4 0 0 0 0 6 0 4 3 7 0 15 165 255 184 17 15 0 0 0 8 18 223 55 233 206 0 20 0 0 0 0 0 7 0 4 2 4 0 52 251 238 63 0 0 12 2 2 0 5 45 13 138 244 174 0 4 0 0 0 0 2 1 2 0 0 1 78 255 255 55 9 0 0 8 0 0 0 0 3 68 215 253 66 0 0 0 0 0 0 4 0 0 0 0 87 245 199 7 0 8 0 16 0 6 13 0 0 0 85 246 161 11 0 0 0 0 0 0 0 14 5 0 87 253 219 0 2 0 14 0 3 0 0 0 0 5 58 250 242 0 0 0 0 0 3 0 0 13 2 0 85 255 210 0 0 0 9 3 2 0 0 0 0 0 12 211 224 46 0 0 0 0 0 3 0 0 0 0 89 246 216 0 25 7 0 0 13 1 0 18 0 18 30 232 255 43 0 0 0 0 0 2 3 0 0 5 78 247 228 70 0 14 0 3 9 0 0 0 0 9 86 255 180 4 0 0 0 0 4 0 6 0 0 0 45 227 255 68 15 0 0 2 14 0 0 13 13 84 255 239 7 0 0 0 0 0 3 0 6 0 3 0 8 141 246 228 36 15 0 9 0 4 11 0 61 207 227 72 0 0 0 0 0 0 0 0 5 0 4 7 0 32 255 255 224 73 0 0 0 0 86 139 242 245 158 17 0 1 0 0 0 0 0 2 1 0 2 9 0 0 80 234 255 231 149 142 175 243 255 253 234 107 0 0 0 7 0 0 0 0 2 0 0 4 0 0 8 4 6 63 197 255 255 252 249 255 215 156 12 13 0 0 10 0 0 0 0 0 0 0 0 0 0 0 0 0 0 15 15 92 160 245 157 42 9 6 2 0 0 0 0 1 0 0 0 0 0 0 0 0 0 0 0 0 0 0 0 10 0 3 1 5 7 5 1 0 0 0 0 1 0 0 0 0 0 0 0 0 0 0 0 0 10 0 0 14 6 0 0 1 3 2 1 0 0 0 0 0 0 0 0 0 0 0 0 0 0 0 0 0 0 0 0 0 0 0 8 0 0 0 0 1 1 1 0 0 0 0 0 0
0 0 0 0 0 0 0 0 0 1 0 0 0 8 7 0 6 0 6 0 0 5 0 0 0 0 0 0 0 0 0 0 0 0 0 0 0 1 6 6 0 0 0 0 0 2 5 0 7 0 0 8 0 0 0 0 0 0 0 0 0 0 0 0 11 0 0 0 0 1 5 10 3 13 0 0 2 0 24 0 0 0 0 0 0 0 0 0 0 0 0 0 1 0 0 0 2 0 0 0 6 0 13 0 0 14 0 0 0 0 0 0 0 0 0 0 0 0 0 0 0 5 11 3 0 2 5 2 0 14 0 3 5 0 0 5 0 0 0 0 0 0 0 0 0 0 0 0 3 2 0 0 0 3 0 0 12 3 0 7 0 35 131 111 0 0 0 0 0 0 0 0 0 0 0 0 0 0 0 7 7 0 0 10 129 26 101 0 34 199 239 255 0 0 0 0 0 0 0 0 0 0 0 0 3 0 1 7 0 12 109 218 247 246 170 23 184 252 255 249 0 0 0 0 0 17 6 0 5 9 0 0 8 4 0 0 51 221 255 246 252 255 223 118 227 255 255 252 0 0 0 0 9 0 5 0 0 0 10 11 0 0 16 174 208 239 255 249 254 113 48 142 255 232 255 250 0 0 0 0 3 0 0 6 0 8 1 0 29 134 234 241 235 255 254 224 103 10 3 169 247 249 255 82 0 0 0 0 0 4 0 2 7 4 3 20 141 232 254 250 255 183 133 14 0 0 0 163 255 252 193 40 0 0 0 0 10 0 16 0 0 0 94 157 247 255 241 239 184 34 0 0 17 0 61 203 250 249 125 3 0 0 0 0 2 0 3 3 0 114 224 246 255 247 253 207 11 0 0 5 0 0 103 250 255 190 32 4 0 0 0 0 0 10 0 9 103 242 255 251 247 221 21 0 2 4 0 13 7 250 255 237 255 162 0 0 0 0 0 0 3 3 4 0 255 244 248 255 208 43 5 10 0 4 7 0 0 224 248 255 228 95 19 0 0 0 0 0 1 0 0 7 239 255 250 218 52 0 0 1 0 5 4 0 133 244 250 255 235 3 0 0 0 0 0 0 2 5 0 0 255 239 253 226 0 0 12 0 4 0 47 235 234 250 255 241 44 0 18 0 0 0 0 0 4 0 0 2 169 255 234 240 58 2 0 0 52 105 131 253 255 255 212 57 0 10 3 0 0 0 0 0 3 0 0 13 41 255 251 249 214 160 158 158 200 255 255 255 248 92 81 0 14 0 0 0 0 0 0 0 1 10 0 5 14 116 250 255 244 255 254 253 255 255 247 233 115 0 0 17 3 0 0 4 0 0 0 0 2 0 0 0 15 0 121 235 250 255 245 251 247 252 224 109 0 20 0 0 2 12 0 6 0 0 0 0 2 0 4 0 0 0 0 127 119 112 123 121 100 126 104 0 3 0 1 0 14 0 2 2 0 0 0 0 0 2 9 0 0 9 0 0 0 0 1 0 9 4 0 11 10 0 8 1 0 0 11 0 0 0 0 0 0 0 0 0 0 0 0 0 0 0 0 0 0 0 0 0 0 0 0 0 0 0 0 0 0 0 0 0 0 0 0 0 0 0 0 0 0 0 0 0 0 0 0 0 0 0 0 0 0 0 0 0 0 0 0 0 0 0 0 0 0 0 0 0 0 0 0 0 0 0 0 0 0 0 0 0 0 0 0 0 0 0 0 0 0 0 0 0 0 0 0 0 0 0 0 0 0 0 0 0 0 0 0 0 0 0 0 0 0 0 0 0
0 0 0 0 0 0 0 0 2 0 0 3 0 0 0 3 0 15 0 10 5 0 2 1 0 0 0 0 0 0 0 0 0 0 0 0 0 0 0 0 0 8 9 2 0 0 4 0 0 9 0 0 0 0 0 0 0 0 0 0 0 0 0 0 5 0 0 14 13 0 0 0 0 0 7 1 0 4 10 0 0 0 0 0 0 0 0 0 0 0 0 0 0 8 8 0 0 0 13 17 4 1 0 9 4 0 12 0 0 0 0 0 0 0 0 0 0 0 0 0 1 0 0 2 6 0 0 0 7 0 4 4 1 5 0 0 0 0 0 0 0 0 0 0 0 0 0 0 0 5 9 0 0 48 158 254 250 212 128 255 227 44 13 14 0 0 0 0 0 0 0 0 0 0 0 0 0 3 0 3 90 209 255 247 254 243 255 255 243 228 22 0 0 0 0 0 0 0 0 0 0 0 0 0 15 0 19 156 255 255 247 255 246 255 238 249 253 254 59 3 0 0 0 0 1 0 0 3 0 0 2 0 3 0 40 248 244 247 222 233 255 255 214 213 255 255 42 3 0 0 0 0 0 0 2 1 0 0 1 0 0 35 197 255 255 177 5 190 252 255 20 170 250 254 63 7 0 0 0 0 0 2 4 0 0 1 3 0 3 69 255 250 110 16 6 211 255 84 20 129 255 255 43 0 0 0 0 0 0 3 1 0 4 8 4 0 0 207 250 184 15 0 50 243 154 0 13 210 255 255 48 10 0 0 0 0 0 4 0 0 8 7 0 0 134 255 233 0 12 0 46 151 19 0 43 237 251 183 4 0 0 0 0 0 1 5 0 0 7 0 0 9 195 235 134 20 0 13 0 0 6 13 241 246 255 93 0 2 0 0 0 0 0 5 0 0 6 0 0 44 234 222 37 0 2 0 7 1 0 82 255 255 195 0 11 0 0 0 0 0 0 5 0 0 8 0 14 79 253 170 0 0 16 0 4 0 44 205 252 243 181 0 6 2 0 0 0 0 4 0 0 3 0 0 11 172 249 166 0 0 0 10 14 0 147 255 249 188 21 0 11 0 0 0 0 0 1 0 4 0 0 0 5 167 255 112 14 0 11 0 0 127 233 236 255 95 2 0 18 0 0 0 0 0 0 0 9 0 2 5 0 169 240 72 0 4 31 0 48 223 255 251 177 10 0 12 0 10 0 0 0 0 3 0 9 0 4 5 0 179 255 110 0 6 0 121 246 255 244 232 0 2 8 0 1 2 0 0 0 0 8 0 4 0 4 1 0 175 255 161 11 0 109 255 250 255 191 48 9 0 0 15 0 3 0 0 0 0 7 0 0 1 2 0 1 133 240 244 182 189 255 255 242 244 66 1 0 0 7 0 9 0 0 0 0 0 0 4 0 1 0 3 2 62 255 248 243 255 237 255 245 49 0 8 0 0 0 4 0 3 0 0 0 0 0 10 0 0 0 8 2 6 192 255 255 248 254 216 23 3 1 1 0 9 0 0 11 0 0 0 0 0 0 0 0 0 0 0 0 0 51 219 255 147 61 22 0 1 0 0 0 0 0 0 0 0 0 0 0 0 0 0 0 0 0 0 0 0 0 15 0 0 13 5 0 0 0 0 0 0 0 0 0 0 0 0 0 0 0 0 0 0 0 0 0 0 2 3 0 0 3 2 2 17 0 0 0 0 0 0 0 0 0 0 0 0 0 0 0 0 0 0 0 0 0 4 11 0 0 2 0 0 0 0 0 0 0 0 0 0 0 0 0 0
0 0 0 0 0 0 0 0 1 2 0 7 1 0 0 2 4 0 0 0 0 1 5 0 0 0 0 0 0 0 0 0 0 0 0 0 0 4 0 0 4 8 7 0 0 8 1 4 0 0 11 0 0 0 0 0 0 0 0 0 0 0 0 0 0 0 0 4 2 0 0 8 0 2 0 18 0 2 0 5 0 0 0 0 0 0 0 0 0 0 0 0 10 3 8 3 0 0 0 5 17 0 22 0 10 8 0 0 0 0 0 0 0 0 0 0 0 0 0 0 0 0 4 0 0 20 5 0 0 3 0 0 0 2 0 15 0 0 0 0 0 0 0 0 0 0 0 0 8 0 20 13 1 0 0 11 36 170 133 97 7 0 9 0 0 0 0 0 0 0 0 0 0 0 0 0 5 0 0 0 0 4 5 48 244 246 255 239 206 3 0 7 0 0 0 0 0 0 0 0 0 0 0 0 1 0 10 0 79 219 243 229 252 245 251 255 244 214 39 0 0 0 0 0 0 8 0 4 0 4 0 10 5 0 10 168 244 255 255 217 221 230 255 227 239 244 99 5 0 0 0 0 0 8 0 0 13 0 17 0 0 73 218 241 244 175 35 48 42 112 239 241 130 252 128 0 0 0 0 0 3 1 0 0 10 0 9 0 146 252 255 186 92 0 12 0 0 68 255 252 115 255 158 11 0 0 0 0 4 0 8 4 0 10 0 99 250 219 207 42 0 12 0 9 0 90 244 181 76 255 102 0 0 0 0 0 0 0 7 2 0 8 41 225 255 213 50 0 7 5 0 0 3 85 255 61 130 253 126 0 0 0 0 0 0 9 0 0 5 0 124 255 252 135 0 0 3 0 0 9 0 69 243 80 169 254 96 2 0 0 0 0 3 6 0 0 7 60 211 252 115 0 0 22 1 0 2 0 16 70 255 114 255 224 54 8 0 0 0 0 6 0 0 7 3 164 255 249 49 1 6 0 2 0 2 0 0 100 244 118 255 230 0 0 0 0 0 0 0 0 0 1 0 239 249 184 0 5 9 0 0 9 0 0 13 0 85 123 251 171 11 0 0 0 0 0 0 6 0 0 10 235 255 149 8 0 0 0 3 7 0 6 5 7 14 179 231 102 0 15 0 0 0 0 1 9 0 0 0 229 246 84 0 0 8 2 0 0 0 8 0 0 82 255 236 20 0 4 0 0 0 0 2 0 0 9 0 241 250 123 13 0 3 0 2 15 0 0 0 64 249 242 167 0 18 0 0 0 0 0 0 1 0 7 1 159 255 201 13 0 1 0 0 0 4 21 91 218 255 112 30 1 0 2 0 0 0 0 0 19 0 0 3 26 219 246 46 0 6 16 0 0 27 73 253 226 107 18 0 3 0 2 0 0 0 0 0 10 0 0 10 0 149 255 177 69 9 9 55 145 220 255 221 89 0 4 11 0 8 0 0 0 0 0 5 0 0 4 0 11 33 215 255 246 255 254 241 255 237 189 13 0 0 2 0 9 0 8 0 0 0 0 0 0 2 3 0 0 12 29 133 196 244 255 228 134 62 2 0 0 0 0 0 0 0 0 0 0 0 0 0 0 2 3 0 0 1 11 0 14 6 10 2 0 5 2 0 0 0 0 0 0 0 0 0 0 0 0 0 0 1 3 0 0 0 0 0 0 0 0 0 0 4 1 0 0 0 0 0 0 0 0 0 0 0 0 0 0 0 2 4 2 0 0 0 0 1 7 10 5 0 0 0 0 0 0 0 0 0 0 0 0 0 0
0 0 0 0 0 0 0 0 0 0 12 0 0 8 0 3 0 3 6 0 9 0 0 0 0 0 0 0 0 0 0 0 0 0 0 0 11 0 0 0 6 0 0 0 10 0 7 15 0 7 25 0 0 0 0 0 0 0 0 0 0 0 0 0 0 10 5 9 13 0 3 1 0 0 0 0 3 0 0 16 0 0 0 0 0 0 0 0 0 0 0 0 0 14 0 0 0 0 1 7 0 0 10 0 18 0 0 0 0 0 0 0 0 0 0 0 0 0 0 0 5 5 0 6 3 20 0 36 215 255 147 0 0 7 0 8 0 0 0 0 0 0 0 0 0 0 0 0 0 0 2 12 0 0 15 161 247 255 245 160 12 1 12 0 0 0 0 0 0 0 0 0 0 0 0 0 0 0 0 0 21 34 124 255 253 242 255 247 140 3 0 14 0 0 0 0 0 0 0 0 0 0 0 0 2 0 3 69 225 240 255 242 255 194 254 244 254 48 6 0 0 0 0 0 0 7 6 3 0 0 4 0 1 0 25 155 255 249 255 251 165 39 217 237 255 100 2 2 0 0 0 0 8 0 0 1 2 0 6 5 0 17 211 242 228 244 116 39 7 0 54 255 236 242 0 0 0 0 0 0 2 0 2 4 0 0 4 7 26 48 247 255 235 67 0 7 3 0 4 183 243 242 10 0 0 0 0 0 0 2 14 0 0 6 0 0 75 226 255 204 63 1 0 1 9 4 6 153 255 232 1 7 0 0 0 0 4 0 4 0 2 12 0 7 203 255 255 154 0 0 0 2 0 1 0 156 250 252 0 5 0 0 0 0 2 0 5 2 1 0 3 115 251 245 199 31 7 5 15 0 5 6 5 154 249 228 15 0 0 0 0 0 0 0 9 2 1 0 30 223 255 251 43 0 8 0 0 4 0 5 18 226 254 156 11 0 0 0 0 0 6 5 0 0 14 11 62 255 247 196 2 0 15 0 1 2 6 1 55 247 254 16 0 4 0 0 0 0 4 0 14 0 0 0 141 252 255 77 0 2 0 0 4 0 0 32 230 255 215 0 3 4 0 0 0 0 0 0 6 0 0 10 223 255 230 37 6 3 3 0 0 14 0 67 244 248 84 6 7 0 0 0 0 0 0 1 1 0 0 3 248 247 209 31 0 0 0 6 18 0 46 229 246 157 0 0 17 0 0 0 0 0 0 3 2 1 0 0 169 241 251 44 0 3 0 4 6 115 228 242 235 19 0 0 17 0 0 0 0 0 0 0 4 2 7 0 59 254 255 205 34 10 0 16 129 255 255 223 27 0 22 6 0 11 0 0 0 0 4 0 2 0 5 1 0 207 249 255 207 151 129 236 255 226 151 27 10 0 2 2 1 0 0 0 0 0 6 2 0 1 0 0 0 82 240 244 247 255 250 255 249 138 3 6 0 3 0 0 18 0 0 0 0 0 0 0 0 9 0 5 19 0 49 164 255 244 255 143 26 2 2 0 1 0 0 0 0 0 0 0 0 0 0 0 0 0 0 0 0 0 0 0 0 0 0 0 0 0 0 0 0 0 0 0 0 0 0 0 0 0 0 0 0 0 0 0 0 0 0 0 0 0 0 0 0 0 0 0 0 0 0 0 0 0 0 0 0 0 0 0 0 0 0 0 0 0 0 0 0 0 0 0 0 0 0 0 0 0 0 0 0 0 0 0 0 0 0 0 0 0 0 0 0 0 0 0 0 0 0 0 0 0 0 0 0 0 0 0 0 0 0 0 0 0
0 0 0 0 0 0 0 0 0 2 0 0 5 4 0 2 0 2 0 1 7 1 1 1 0 0 0 0 0 0 0 0 0 0 0 0 0 12 9 0 0 0 2 3 9 0 0 0 0 0 0 6 0 0 0 0 0 0 0 0 0 0 0 0 1 0 0 17 18 4 0 0 0 0 3 10 0 25 0 0 0 0 0 0 0 0 0 0 0 0 0 0 9 1 0 0 0 0 5 0 0 21 0 11 0 0 17 0 0 0 0 0 0 0 0 0 0 0 0 0 5 0 0 8 9 4 4 8 11 0 12 0 14 0 1 6 0 0 0 0 0 0 0 0 0 0 0 0 0 9 7 0 0 44 134 223 125 38 0 0 8 27 0 10 0 0 0 0 0 0 0 0 0 0 0 0 0 13 0 0 127 253 255 249 255 241 30 13 0 0 3 0 0 0 0 0 0 0 0 0 0 0 0 0 9 0 4 111 247 255 237 255 250 255 209 19 3 8 0 6 0 0 0 0 2 0 0 1 4 0 0 0 0 0 123 252 255 239 255 250 253 255 255 199 18 11 2 0 0 0 0 0 0 0 0 0 0 0 0 2 10 73 246 247 212 255 239 255 191 133 249 255 197 27 1 1 0 0 0 0 0 0 2 0 0 0 2 3 0 150 253 247 84 109 255 171 28 20 93 255 255 190 18 1 0 0 0 0 0 1 2 0 0 0 1 0 42 242 255 184 0 4 22 0 0 0 0 85 197 252 71 0 0 0 0 0 0 0 0 0 0 1 0 0 188 239 255 7 13 0 14 8 10 2 0 8 104 237 124 0 0 0 0 0 1 0 0 1 1 0 1 6 197 254 172 19 0 0 12 0 0 0 0 28 35 255 160 6 0 0 0 0 3 0 0 4 0 0 8 30 223 255 112 0 9 10 0 24 9 4 0 0 76 255 137 3 0 0 0 0 3 0 1 7 0 0 14 51 255 219 29 1 0 1 0 0 0 14 0 11 192 250 53 1 0 0 0 0 2 6 0 9 0 2 0 100 250 167 0 7 0 9 2 1 4 0 7 120 255 255 50 1 0 0 0 0 0 1 0 9 0 7 19 171 245 172 0 0 5 1 0 6 0 15 2 211 255 119 2 1 0 0 0 0 10 0 0 0 0 0 0 173 255 165 0 0 0 0 1 7 20 0 130 255 186 11 13 0 0 0 0 0 3 0 4 5 1 1 23 223 246 148 4 27 0 0 0 0 0 28 250 254 136 13 0 0 0 0 0 0 0 0 9 3 0 0 40 228 255 188 0 6 0 14 0 5 38 198 255 207 1 7 9 6 0 0 0 0 8 0 0 0 0 0 0 84 224 246 61 5 0 0 5 95 187 254 237 211 1 0 0 5 0 0 0 0 3 0 0 0 16 5 0 0 104 255 243 193 142 96 146 241 243 255 191 26 0 14 7 0 0 0 0 0 0 11 5 0 0 0 10 1 9 135 230 255 255 235 255 248 252 112 15 2 8 0 0 0 0 0 0 0 0 0 0 0 0 0 0 0 9 2 8 74 194 255 208 102 8 5 2 0 0 0 0 0 0 0 0 0 0 0 0 0 0 0 0 0 0 0 6 0 0 10 12 2 6 4 2 0 0 0 0 0 0 0 0 0 0 0 0 0 0 0 0 0 14 7 0 0 0 0 0 1 4 2 1 0 0 0 0 1 0 0 0 0 0 0 0 0 0 0 0 0 0 0 0 7 11 3 0 0 1 0 0 0 0 0 1 2 0 0 0 0
0 0 0 0 0 0 0 0 3 0 0 2 0 0 2 0 2 0 2 0 18 3 0 3 0 0 0 0 0 0 0 0 0 0 0 0 0 0 0 2 0 0 5 3 3 5 0 1 0 0 0 5 0 0 0 0 0 0 0 0 0 0 0 0 0 1 2 0 0 0 0 2 0 0 0 2 0 5 9 5 0 0 0 0 0 0 0 0 0 0 0 0 1 4 0 0 1 0 0 0 0 0 10 3 2 0 11 0 0 0 0 0 0 0 0 0 0 0 0 0 0 0 0 2 12 2 0 0 0 0 0 14 0 0 10 15 0 0 0 0 0 0 0 0 0 0 0 0 0 2 0 3 8 0 0 22 47 225 255 197 21 3 2 0 0 0 0 0 0 0 0 0 0 0 0 0 0 6 0 0 0 0 36 126 250 255 243 250 148 22 0 11 0 0 0 0 0 0 0 0 0 0 0 0 0 5 0 0 0 13 113 255 254 240 255 255 255 68 22 0 0 0 0 0 0 0 0 0 0 0 0 0 0 10 0 4 14 43 234 245 255 255 245 249 238 156 16 0 0 0 0 0 0 0 0 0 0 0 0 0 0 0 13 0 54 255 255 255 185 130 254 255 255 219 0 3 0 0 0 0 0 0 0 0 0 0 0 0 2 5 6 9 127 250 243 209 29 12 117 242 253 251 30 0 0 0 0 0 0 0 0 0 0 0 0 0 0 5 0 133 255 247 206 70 0 0 0 237 239 180 20 0 0 0 0 0 0 0 0 0 0 0 0 0 9 0 57 193 255 247 98 0 9 12 29 233 240 151 0 0 0 0 0 0 0 0 0 0 0 0 0 0 0 21 232 255 243 163 5 0 0 0 83 234 255 123 7 0 0 0 0 0 0 0 0 0 0 0 0 0 2 80 243 239 209 30 0 7 14 0 124 255 218 23 0 3 0 0 0 0 0 0 0 0 0 0 0 0 2 181 254 254 183 0 1 0 0 74 246 246 63 0 0 5 0 0 0 0 0 15 0 4 0 0 5 2 120 255 255 237 65 3 0 9 0 180 255 222 19 12 0 4 0 0 0 0 0 3 0 11 0 0 7 0 182 251 246 105 6 0 0 3 104 232 226 57 5 0 1 7 0 0 0 0 2 0 1 13 0 2 2 18 255 241 255 84 0 24 4 102 249 254 138 0 0 5 0 0 0 0 0 0 4 0 4 5 0 0 0 74 255 244 255 48 2 0 99 239 255 120 0 4 0 14 3 5 0 0 0 0 0 0 0 0 0 0 0 138 250 255 84 1 31 127 255 255 220 44 0 13 15 0 9 0 0 0 0 0 0 4 0 0 6 1 2 148 246 248 151 85 187 254 255 179 36 0 0 0 8 0 12 0 0 0 0 0 0 1 0 0 1 6 3 85 255 247 239 236 254 255 64 24 0 9 13 3 1 4 0 0 0 0 0 0 2 0 0 7 0 5 0 12 202 249 255 255 216 114 0 6 1 0 0 0 0 0 2 2 0 0 0 0 0 0 0 0 0 0 0 0 83 201 255 170 46 0 0 5 0 0 0 0 0 0 0 0 0 0 0 0 0 0 0 0 0 0 0 0 0 7 8 1 0 2 0 0 0 0 0 0 0 0 0 0 0 0 0 0 0 0 0 0 0 0 0 0 2 0 0 1 4 0 5 18 0 0 0 0 0 0 0 0 0 0 0 0 0 0 0 0 0 0 0 0 0 2 4 0 0 0 0 0 0 0 0 0 0 0 0 0 0 0 0 0
0 0 0 0 0 0 0 0 9 0 0 9 8 0 6 1 0 0 0 4 1 0 0 2 0 0 0 0 0 0 0 0 0 0 0 0 0 15 0 0 0 0 11 0 6 6 0 0 0 11 8 0 0 0 0 0 0 0 0 0 0 0 0 0 7 0 4 0 0 9 0 5 0 0 5 10 5 0 0 1 0 0 0 0 0 0 0 0 0 0 0 0 0 0 8 6 0 13 0 3 15 2 0 0 0 4 3 0 0 0 0 0 0 0 0 0 0 0 0 0 10 29 117 249 129 0 0 0 0 5 10 0 0 9 7 0 0 0 0 0 0 0 0 0 0 0 0 0 0 86 255 211 10 4 11 39 9 2 1 5 2 0 0 0 0 0 0 0 0 0 0 0 0 0 0 0 22 220 245 211 18 0 167 189 175 105 28 0 0 2 4 6 0 0 0 0 0 0 0 0 0 0 0 0 142 255 239 147 0 4 143 250 250 255 202 68 0 0 10 0 0 0 0 0 0 4 0 0 4 5 0 0 154 241 255 70 0 0 9 103 209 236 255 247 101 6 18 0 0 0 0 0 0 3 0 0 3 2 0 7 145 238 234 54 4 12 0 2 33 171 251 250 239 20 2 0 0 0 0 0 0 2 0 0 2 0 3 24 215 255 188 11 0 14 4 0 0 11 195 243 255 184 0 18 0 0 0 0 0 0 0 1 1 0 5 35 250 255 149 4 0 0 1 8 4 0 28 220 244 241 54 0 0 0 0 0 0 0 0 1 1 0 5 35 253 255 138 8 5 0 0 1 6 0 11 108 253 255 27 1 0 0 0 0 0 2 0 0 2 0 3 24 225 255 148 0 0 3 10 4 0 8 2 48 255 244 28 6 0 0 0 0 0 3 0 0 3 2 0 7 151 240 190 23 0 5 0 0 3 10 0 43 247 249 46 0 0 0 0 0 0 4 0 0 4 5 0 0 141 255 248 68 3 0 0 9 6 0 12 23 255 255 27 0 0 0 0 0 0 0 0 0 0 0 0 0 133 255 255 131 0 3 0 7 0 17 0 12 183 255 33 0 0 0 0 0 0 0 0 0 0 0 0 0 161 255 246 226 0 12 0 0 0 0 2 81 255 255 31 10 0 0 0 0 0 0 0 0 0 0 0 0 105 255 243 243 100 0 1 2 18 0 9 190 246 237 33 0 0 0 0 0 0 0 0 0 0 0 0 0 12 176 253 238 248 87 6 0 0 7 53 255 255 245 63 0 0 0 0 0 0 0 0 0 0 0 0 0 0 55 235 255 243 201 89 105 3 98 163 248 253 123 11 2 0 0 0 0 0 0 0 0 0 0 0 0 7 0 97 215 249 255 245 247 217 255 252 249 188 53 0 0 0 0 0 0 0 0 0 0 0 0 0 0 4 0 0 85 244 245 255 246 242 255 242 207 43 0 0 13 0 0 0 0 0 0 0 0 0 0 0 0 0 8 13 0 60 113 134 255 255 184 77 0 0 8 18 0 0 0 0 0 0 0 0 0 0 0 0 0 0 0 0 0 0 0 0 0 0 0 0 0 0 0 0 0 0 0 0 0 0 0 0 0 0 0 0 0 0 0 0 0 0 0 0 0 0 0 0 0 0 0 0 0 0 0 0 0 0 0 0 0 0 0 0 0 0 0 0 0 0 0 0 0 0 0 0 0 0 0 0 0 0 0 0 0 0 0 0 0 0 0 0 0 0 0 0 0 0 0 0 0 0 0 0 0 0 0 0 0 0 0 0 0
0 0 0 0 0 0 0 0 5 7 0 5 7 0 8 0 4 0 0 5 2 0 0 7 0 0 0 0 0 0 0 0 0 0 0 0 0 0 0 8 0 0 13 0 0 0 0 0 2 12 7 0 0 0 0 0 0 0 0 0 0 0 0 0 0 14 3 0 4 11 0 7 1 6 10 8 0 0 0 1 0 0 0 0 0 0 0 0 0 0 0 0 0 0 5 0 0 14 0 1 0 0 0 0 0 3 1 0 0 0 0 0 0 0 0 0 0 0 0 0 4 6 0 0 0 9 0 15 0 10 13 0 0 7 10 0 0 0 0 0 0 0 0 0 0 0 0 0 0 0 0 17 6 62 93 132 14 0 0 3 2 0 0 8 0 0 0 0 0 0 0 0 0 0 0 0 2 11 84 151 86 179 255 247 117 44 0 0 15 4 0 0 0 0 0 0 0 0 0 0 0 0 0 0 33 207 226 250 255 255 229 255 253 241 173 65 0 0 7 3 0 0 0 0 3 0 5 0 0 0 5 7 142 254 255 241 250 238 244 254 255 237 252 240 139 29 4 3 2 8 0 1 3 4 0 0 3 8 0 78 255 243 246 251 137 26 116 178 207 255 255 241 255 252 88 0 0 5 3 0 0 6 0 0 10 0 50 186 242 255 249 222 28 2 10 3 39 107 175 255 238 255 242 65 0 0 7 1 0 0 3 5 3 0 193 248 251 255 227 46 0 0 0 2 5 0 4 118 232 245 255 138 24 0 2 3 3 0 8 3 0 62 255 246 247 255 162 0 15 0 0 5 0 1 6 0 154 255 233 249 95 0 0 1 2 0 4 0 0 195 255 244 255 224 39 1 0 15 8 0 0 0 0 0 69 255 254 255 156 9 0 0 0 1 0 0 9 255 246 255 248 72 0 6 13 0 16 0 0 26 0 11 72 241 237 255 162 5 1 0 0 0 0 0 5 237 255 254 206 0 2 11 0 4 0 4 6 0 0 0 75 255 244 255 134 0 7 3 10 0 0 4 0 186 250 247 233 67 0 3 0 3 10 0 0 5 0 8 210 241 255 247 6 4 1 0 0 7 4 13 2 123 251 255 255 179 5 0 17 1 0 25 0 0 23 103 253 254 247 241 5 4 1 0 8 0 5 0 15 133 249 247 249 240 50 0 0 1 24 0 24 52 146 242 251 246 182 40 4 3 1 0 11 0 2 14 0 38 240 252 251 255 212 89 87 76 57 136 188 255 255 255 192 188 109 5 3 2 1 0 0 0 15 0 14 1 37 244 249 255 239 234 255 239 255 255 252 255 241 195 21 0 3 0 1 1 0 0 6 1 0 2 5 0 11 64 166 250 255 255 248 233 252 253 247 195 67 30 12 7 0 16 0 0 0 0 0 0 22 0 0 9 0 0 15 12 19 128 83 39 138 83 23 14 1 4 0 0 6 0 0 0 0 0 5 0 0 0 14 0 15 0 2 0 4 0 22 0 9 0 4 0 0 0 12 0 7 0 0 0 0 0 0 0 0 0 0 0 0 0 0 0 0 0 0 0 0 0 0 0 0 0 0 0 0 0 0 0 0 0 0 0 0 0 0 0 0 0 0 0 0 0 0 0 0 0 0 0 0 0 0 0 0 0 0 0 0 0 0 0 0 0 0 0 0 0 0 0 0 0 0 0 0 0 0 0 0 0 0 0 0 0 0 0 0 0 0 0 0 0 0 0 0 0 0 0 0 0 0 0 0 0 0 0 0 0 0 0 0 0 0 0 0 0
0 0 0 0 0 0 0 0 0 0 0 0 0 0 0 5 0 21 0 0 6 0 10 0 0 0 0 0 0 0 0 0 0 0 0 0 0 5 5 0 2 8 4 0 0 0 6 21 0 0 0 12 0 0 0 0 0 0 0 0 0 0 0 0 0 0 9 9 0 0 11 0 22 0 0 10 0 5 0 0 0 0 0 0 0 0 0 0 0 0 0 0 0 11 0 0 23 8 0 6 0 4 1 8 0 3 8 0 0 0 0 0 0 0 0 0 0 0 0 0 0 0 9 3 0 0 5 7 0 10 3 0 6 0 0 9 0 0 0 0 0 0 0 0 0 0 0 0 6 0 0 11 26 98 145 112 136 58 0 9 103 98 6 0 0 0 0 0 0 0 0 0 0 0 0 0 0 22 1 62 221 255 251 255 253 154 6 132 252 241 115 5 0 0 0 0 0 0 0 0 0 0 0 0 0 23 142 255 255 240 248 252 251 220 0 183 255 253 244 105 0 0 0 0 3 0 2 4 0 0 0 0 10 165 236 254 250 232 196 235 252 239 65 153 252 246 255 161 1 0 3 0 0 12 0 0 1 0 15 1 149 255 255 237 163 53 0 40 173 251 74 37 95 215 236 255 39 0 2 2 0 4 0 10 0 0 0 76 255 232 225 152 0 0 23 0 152 255 81 5 0 0 187 233 143 0 7 0 11 0 0 18 0 0 17 185 253 243 113 0 0 5 0 6 138 223 12 3 11 12 63 250 232 2 10 0 5 0 5 0 3 9 115 248 242 105 5 0 7 6 7 2 42 127 2 0 0 0 0 245 252 0 6 0 0 0 11 0 10 0 194 255 217 45 0 9 0 0 8 0 0 2 0 0 15 9 13 220 255 0 5 0 0 0 7 3 4 77 234 242 65 1 0 3 5 0 8 0 0 0 19 4 0 0 0 230 244 5 4 0 9 0 0 3 0 251 255 211 0 0 7 0 4 0 4 4 7 0 0 0 7 0 230 252 198 0 0 4 0 0 2 0 9 245 255 140 0 7 11 0 1 0 2 0 4 1 10 0 11 146 255 239 48 14 0 0 0 7 0 5 0 255 233 118 0 0 0 0 18 0 0 0 0 3 0 34 145 251 255 147 13 0 0 1 0 5 0 1 15 255 249 76 19 4 5 0 2 0 0 8 0 8 31 186 255 255 218 52 0 0 1 6 1 0 17 0 0 240 255 143 0 0 6 0 4 0 5 0 34 130 245 239 255 230 73 16 0 5 7 2 12 0 14 0 0 255 243 217 79 39 21 0 1 14 59 75 233 236 250 237 164 85 29 0 1 4 1 0 0 0 0 6 27 195 255 255 251 216 221 214 204 196 242 255 250 255 195 66 13 5 0 11 0 0 0 0 0 20 0 0 3 21 201 249 255 241 255 247 244 248 255 241 187 99 0 0 0 0 14 0 0 0 0 3 7 0 7 9 0 0 24 109 250 249 255 246 255 255 181 31 16 0 17 2 0 11 0 16 6 0 0 0 0 0 0 0 0 0 0 0 13 12 11 10 9 8 7 7 0 0 0 0 0 0 0 0 0 0 0 0 0 0 0 0 0 0 0 0 2 2 1 0 0 0 0 0 0 0 0 0 0 0 0 0 0 0 0 0 0 0 0 0 0 0 0 0 0 0 0 0 0 0 0 0 0 0 0 0 0 0 0 0 0 0 0 0 0 0 0 0 0 0 0 0 0 0 0 0 1 1 2 2 0 0 0 0 0 0 0 0 0 0 0 0
2 1 0 0 0 0 0 0 0 2 0 0 7 0 0 1 3 0 0 19 0 0 3 0 0 0 0 0 0 0 0 0 0 0 0 1 0 3 2 7 0 0 0 6 0 21 0 0 0 3 0 7 0 0 0 0 0 0 0 0 0 0 0 0 6 0 4 0 7 7 0 0 0 0 0 0 0 3 4 0 0 0 0 0 0 0 0 0 0 0 0 0 0 0 20 0 0 13 0 1 5 0 5 9 3 0 5 0 0 0 0 0 0 0 0 0 0 0 0 0 7 1 0 10 11 109 58 84 40 61 28 0 0 0 0 14 0 0 0 0 2 1 0 0 0 0 0 0 0 7 43 98 177 255 250 250 246 252 190 91 0 0 0 0 0 0 0 0 2 0 0 0 0 2 5 7 28 119 226 251 255 255 254 249 255 255 243 184 8 3 17 1 0 0 0 0 0 0 0 0 0 4 9 12 200 255 241 245 134 122 52 47 210 248 255 248 72 8 0 8 0 0 0 0 0 0 1 1 0 6 69 209 244 255 176 35 0 6 0 0 0 104 253 245 103 0 0 6 0 0 0 0 0 4 5 0 13 15 195 244 255 157 47 5 4 0 0 4 0 8 181 255 207 42 0 0 0 0 0 0 4 0 4 2 0 121 255 255 153 39 0 0 0 0 9 0 6 66 175 208 249 199 0 8 0 0 0 0 1 1 0 15 26 220 252 194 15 0 2 11 0 0 13 0 0 8 0 88 247 255 79 0 0 0 0 0 0 12 0 0 157 235 225 63 0 0 0 6 3 0 0 1 5 7 3 1 208 240 87 13 0 0 0 0 0 0 13 0 248 255 140 0 0 9 0 0 7 5 0 2 2 0 0 0 76 248 255 16 0 0 0 0 9 0 19 0 254 255 53 0 0 10 9 0 0 10 5 0 0 3 6 16 0 255 255 149 0 0 0 0 6 0 0 2 255 217 40 2 4 0 3 4 0 0 2 2 0 0 2 4 1 255 255 162 0 0 0 0 0 0 0 4 250 251 36 3 0 0 10 0 4 21 0 0 2 0 0 6 14 165 239 255 0 0 0 0 4 0 14 0 238 250 139 0 0 9 2 0 0 0 0 23 0 15 0 0 0 168 245 151 0 0 0 0 6 0 0 7 255 254 181 17 4 0 0 10 0 0 17 0 3 4 0 8 0 170 254 137 0 0 0 0 0 31 0 0 168 255 247 119 3 7 0 0 5 0 0 15 9 0 22 0 24 255 255 143 0 0 0 0 0 9 5 0 19 151 255 255 162 32 8 12 0 3 0 0 12 9 0 136 225 242 217 71 0 0 0 0 17 0 0 3 0 16 120 223 253 250 255 193 158 147 118 166 130 163 227 255 255 209 74 0 0 0 0 0 0 12 3 0 9 0 7 50 172 208 255 248 238 255 253 235 255 255 255 212 127 34 0 5 0 0 0 0 3 5 0 11 4 0 3 0 1 13 18 74 136 141 138 151 140 127 78 29 0 0 14 1 0 0 0 0 0 0 0 0 0 0 0 0 0 0 0 0 0 0 0 0 0 0 0 0 0 0 0 0 0 0 0 0 0 0 0 0 0 0 0 0 0 0 0 0 0 0 0 0 0 0 0 0 0 0 0 0 0 0 0 0 0 0 0 0 0 0 0 0 0 0 0 0 0 0 0 0 0 0 0 0 0 0 0 0 0 0 0 0 0 0 0 0 0 0 0 0 0 0 0 0 0 0 0 0 0 0 0 0 0 0 0 0 0 0 0 0
0 0 0 0 0 0 0 0 3 0 0 0 0 3 5 0 0 5 1 0 0 16 2 0 0 0 0 0 0 0 0 0 0 0 0 0 0 0 3 12 0 0 0 10 17 0 12 1 0 0 4 0 0 0 0 0 0 0 0 0 0 0 0 0 0 19 0 0 7 16 0 0 0 11 0 10 3 0 13 0 0 0 0 0 0 0 0 0 0 0 0 0 3 0 0 4 2 0 0 9 4 0 0 0 3 12 0 6 0 0 0 0 0 0 0 0 0 0 0 0 12 0 1 12 0 3 24 0 0 111 210 242 229 46 13 0 0 0 0 0 0 0 0 0 0 0 0 0 0 7 0 0 0 0 2 30 175 255 237 223 252 247 16 2 0 0 0 0 0 0 0 0 0 0 0 0 0 8 2 13 20 0 37 198 245 243 145 17 193 248 137 5 0 0 0 0 0 0 0 0 0 0 0 0 0 0 5 0 0 100 224 251 175 28 1 1 75 255 188 2 0 0 0 0 0 12 0 0 4 0 6 0 0 10 0 26 196 247 255 250 51 13 0 0 11 199 243 38 0 0 0 0 1 6 0 2 0 0 3 0 5 0 0 108 255 255 255 172 2 0 12 0 1 168 255 84 0 0 0 0 6 0 0 6 0 0 4 3 0 1 116 251 244 255 244 98 0 0 15 1 0 159 255 70 0 0 0 0 3 0 0 7 0 0 6 0 13 66 255 252 246 251 148 10 14 0 3 0 0 171 245 15 0 0 0 0 0 0 3 1 1 7 2 0 30 226 248 234 248 196 1 0 0 0 0 0 0 191 216 0 0 0 0 0 0 1 5 0 1 4 0 11 132 255 136 199 255 34 0 6 0 3 1 5 28 234 192 0 0 0 0 0 0 3 2 0 5 0 0 61 250 214 26 235 201 0 11 0 8 0 0 5 84 255 162 0 0 0 0 0 2 1 0 0 11 0 5 110 255 139 83 255 176 0 0 3 2 0 1 1 112 255 134 4 0 0 0 0 0 4 0 0 0 2 0 224 255 29 76 242 160 0 0 0 0 2 0 31 227 254 28 0 0 0 0 0 0 0 0 6 8 1 82 255 156 0 109 255 93 13 0 8 13 0 29 181 238 162 5 0 0 0 0 0 6 3 5 0 0 0 124 241 123 7 19 215 176 0 18 0 2 20 148 255 229 37 3 1 0 0 0 0 0 1 6 0 6 17 170 255 74 0 10 61 255 97 0 4 22 214 255 216 81 7 2 0 0 0 0 0 3 0 1 0 0 4 105 249 229 0 10 2 55 56 28 112 249 255 193 30 17 0 11 0 0 0 0 0 1 0 0 12 6 8 64 246 245 168 52 0 21 114 232 255 255 114 0 0 0 4 0 12 0 0 0 0 9 0 1 5 0 0 0 98 231 255 255 255 255 248 255 214 22 0 7 15 9 0 7 0 0 0 0 0 0 0 6 0 2 10 0 0 27 190 255 255 213 150 54 3 0 14 0 8 0 0 3 7 0 0 0 0 0 0 0 0 0 0 0 0 0 0 0 0 0 0 0 0 0 0 0 0 0 0 0 0 0 0 0 0 0 0 0 0 0 0 0 0 0 0 0 0 0 0 0 0 0 0 0 0 0 0 0 0 0 0 0 0 0 0 0 0 0 0 0 0 0 0 0 0 0 0 0 0 0 0 0 0 0 0 0 0 0 0 0 0 0 0 0 0 0 0 0 0 0 0 0 0 0 0 0 0 0 0 0 0 0 0 0 0 0 0 0 0
0 0 0 0 0 0 0 0 0 2 0 0 4 6 0 0 0 9 0 11 0 0 8 0 0 0 0 0 0 0 0 0 0 0 0 0 0 7 10 1 0 0 0 0 0 9 6 0 3 6 8 4 0 0 0 0 0 0 0 0 0 0 0 0 10 0 0 8 6 0 1 10 5 0 2 0 0 0 0 0 0 0 0 0 0 0 0 0 0 0 0 0 0 3 9 0 0 0 6 0 15 0 0 32 2 0 11 0 0 0 0 0 0 0 0 0 0 0 0 0 0 0 0 13 9 0 3 12 0 17 2 0 0 0 16 0 0 0 0 0 0 0 0 0 0 0 0 0 13 6 0 0 0 23 128 253 251 255 248 252 255 54 0 7 0 0 0 0 0 0 0 0 0 0 0 0 0 5 0 15 139 240 255 246 255 255 253 231 252 153 18 0 0 0 0 0 0 0 0 0 0 0 0 0 0 2 14 112 241 255 224 237 155 58 111 254 255 231 36 8 0 0 0 0 0 0 7 0 1 0 5 0 5 0 119 255 242 215 43 46 0 3 37 238 255 248 81 0 0 0 0 0 4 0 0 4 4 0 16 7 0 146 247 241 217 9 7 2 0 14 178 255 246 238 81 0 0 0 0 0 1 3 0 17 7 0 0 0 100 240 255 254 26 0 0 1 0 0 183 243 255 255 71 0 0 0 0 0 0 8 0 6 5 3 0 43 205 244 228 62 2 7 0 6 6 60 216 255 255 247 61 13 0 0 0 0 0 2 0 0 0 6 24 189 255 255 125 5 0 0 8 0 0 82 254 255 235 238 69 0 0 0 0 0 0 0 6 2 0 0 56 255 251 220 57 0 23 0 0 3 15 53 255 255 255 255 88 0 0 0 0 0 0 0 9 9 0 12 132 253 214 49 7 8 0 0 14 0 7 102 255 253 250 177 15 0 0 0 0 0 0 5 0 0 0 72 243 250 146 0 0 7 17 0 1 3 0 225 252 248 255 160 0 9 0 0 0 0 0 0 15 0 0 224 248 255 60 1 0 0 0 11 0 2 0 225 247 251 202 0 9 3 0 0 0 0 0 1 8 0 22 209 255 186 0 0 8 10 1 1 0 0 5 210 255 247 0 10 0 0 0 0 0 0 0 1 2 0 11 209 238 114 0 8 0 0 0 0 1 0 32 223 247 137 19 0 13 0 0 0 0 0 5 0 4 0 0 239 231 142 4 0 0 0 9 0 0 31 217 255 230 20 0 0 12 12 0 0 0 0 3 0 7 5 0 229 255 238 0 0 15 10 0 0 15 139 245 255 208 0 17 0 0 0 0 0 0 0 0 7 0 0 11 129 249 255 185 43 0 0 22 98 127 239 243 229 35 6 0 12 0 10 0 0 0 0 0 5 0 0 4 28 145 238 255 203 224 215 222 249 235 255 227 40 10 0 0 4 1 0 0 0 0 0 0 0 3 2 0 0 49 212 255 246 255 250 242 255 233 204 42 0 0 0 11 0 0 10 0 0 0 0 0 0 0 0 0 0 0 0 103 133 196 243 208 108 26 0 0 0 0 0 0 0 0 0 0 0 0 0 0 0 0 0 0 0 0 0 0 0 0 4 1 0 0 9 0 0 0 0 0 0 0 0 0 0 0 0 0 0 0 0 0 0 0 0 3 5 0 0 0 5 8 2 0 0 0 0 0 0 0 0 0 0 0 0 0 0 0 0 0 0 0 0 0 1 3 0 2 7 0 0 0 0 0 0 0 0 0 0 0 0 0 0
0 0 0 0 0 0 0 0 0 0 2 11 0 8 2 0 0 0 3 0 0 0 10 0 0 0 0 0 0 0 0 0 0 0 0 0 6 5 2 0 7 3 0 2 0 3 4 2 3 0 0 1 0 0 0 0 0 0 0 0 0 0 0 0 0 0 3 0 0 0 0 6 1 13 2 0 6 6 0 1 0 0 0 0 0 0 0 0 0 0 0 0 16 0 0 5 0 10 14 0 0 0 1 0 0 3 2 1 0 0 0 0 0 0 0 0 0 0 0 0 0 10 3 0 7 0 0 0 26 0 0 11 0 0 1 3 0 0 0 0 0 0 0 0 0 0 0 0 0 14 0 0 106 104 189 255 183 69 0 0 6 0 0 0 0 0 0 0 0 0 0 0 0 0 0 0 2 0 11 129 253 242 254 255 255 188 50 0 4 10 0 0 0 0 0 0 0 0 0 0 0 0 0 0 8 0 41 255 248 253 255 242 239 255 139 1 0 5 0 9 0 0 0 0 0 0 0 0 0 0 0 0 0 0 191 253 252 246 199 72 132 255 253 32 0 0 9 0 0 0 0 0 0 0 0 0 0 0 0 0 14 0 161 255 255 205 3 0 72 254 244 34 0 3 0 0 0 0 0 0 0 0 0 0 0 0 0 0 0 16 184 229 255 106 3 12 54 250 255 111 3 12 4 5 0 0 0 0 0 0 0 0 0 0 0 0 13 3 162 255 200 32 0 0 32 190 249 190 3 0 1 0 0 0 0 0 0 0 0 0 0 0 0 0 0 60 255 247 23 0 2 0 11 168 253 243 59 0 12 3 0 0 0 0 0 0 0 0 0 0 0 0 7 114 245 241 21 0 12 11 0 170 251 236 129 0 0 0 0 0 0 0 0 0 0 0 0 0 0 0 0 224 251 255 3 13 0 0 0 170 255 254 210 7 4 4 0 0 0 0 0 0 0 0 0 0 0 0 123 240 255 185 15 0 0 12 0 111 237 255 233 0 8 0 0 0 0 0 0 0 0 0 0 0 0 0 121 255 240 116 7 9 0 3 0 11 101 254 236 2 0 4 0 0 0 0 0 0 0 0 0 0 0 0 115 254 255 117 0 7 0 0 0 8 7 170 67 0 15 1 0 0 0 0 0 0 0 0 0 0 0 0 120 241 248 125 0 15 0 8 2 0 118 177 15 0 4 0 0 0 0 0 0 0 0 0 0 0 0 0 123 255 255 105 10 0 9 0 0 15 251 240 60 0 3 4 0 0 0 0 0 0 0 0 0 0 0 0 24 251 239 146 2 0 0 1 5 108 241 255 79 0 11 0 0 0 0 0 0 0 0 0 0 0 0 0 6 216 248 250 83 12 0 63 130 221 255 193 44 1 0 0 0 0 0 0 0 0 0 0 0 0 0 0 0 62 230 255 255 129 173 233 255 253 250 56 0 0 0 15 0 0 0 0 0 0 0 0 0 0 0 0 2 2 151 230 246 255 249 255 217 195 144 1 0 3 6 0 0 0 0 0 0 0 0 0 0 0 0 0 3 0 0 78 230 255 165 100 8 5 2 0 0 0 0 0 0 0 0 0 0 0 0 0 0 0 0 0 0 9 0 0 11 5 0 13 6 4 2 0 0 0 0 0 0 0 0 0 0 0 0 0 0 0 0 0 4 12 6 2 7 0 0 0 4 2 1 0 0 0 0 1 0 0 0 0 0 0 0 0 0 0 0 0 0 0 0 1 1 3 5 1 1 0 0 0 0 0 1 2 0 0 0 0
0 0 0 0 0 0 0 0 6 0 0 0 4 5 1 0 0 0 0 4 4 0 0 3 0 0 0 0 0 0 0 0 0 0 0 0 0 0 7 0 1 0 0 0 11 5 0 0 0 0 1 4 0 0 0 0 0 0 0 0 0 0 0 0 2 0 12 0 6 0 4 2 0 0 3 6 7 4 0 0 0 0 0 0 0 0 0 0 0 0 0 0 0 0 0 0 10 0 9 0 0 0 0 0 0 3 7 4 0 0 0 0 0 0 0 0 0 0 0 0 7 2 6 0 3 0 0 0 8 12 11 4 0 0 0 0 0 0 0 0 0 0 0 0 0 0 0 0 0 0 3 5 0 1 6 13 0 0 0 0 0 0 0 6 0 0 0 0 0 0 0 0 0 0 0 0 3 5 0 5 0 6 0 0 15 0 0 5 7 0 0 0 0 0 0 0 0 0 0 0 0 0 0 0 0 6 9 93 145 229 232 241 232 223 230 240 206 122 37 0 0 0 0 0 0 1 5 0 7 0 3 0 4 0 194 246 254 255 244 255 246 255 237 253 254 250 225 85 0 0 0 0 0 8 0 0 18 0 4 0 16 156 245 254 255 236 165 150 150 195 255 250 247 241 243 208 42 0 6 6 3 1 0 2 4 0 0 38 230 255 236 255 180 58 2 0 10 0 0 42 137 251 255 248 124 0 0 1 7 0 5 12 0 5 23 150 252 231 255 255 242 12 0 2 0 11 0 4 3 99 231 255 209 2 0 0 6 0 14 7 0 0 115 252 252 255 255 197 20 11 14 0 0 0 14 0 0 102 255 247 220 12 1 0 3 0 4 0 6 0 195 255 238 255 229 35 14 0 0 3 10 0 3 0 0 188 255 252 126 0 2 2 1 2 0 0 0 95 238 240 255 242 78 1 8 0 0 0 4 0 0 0 30 225 242 233 29 0 0 1 2 0 0 23 0 242 255 255 250 254 0 3 9 2 0 0 0 0 13 0 176 242 255 164 2 1 1 1 0 12 0 7 0 243 255 241 255 252 163 27 4 3 10 0 10 0 51 219 244 251 204 21 0 0 0 0 0 6 16 0 5 255 215 255 250 255 255 132 6 0 0 5 11 74 244 251 250 255 65 0 0 0 0 0 2 0 0 2 11 253 253 245 246 204 125 35 0 27 77 158 225 255 236 255 216 40 9 0 0 0 0 0 1 0 2 0 11 199 253 255 255 250 149 182 217 211 235 255 248 242 222 100 21 0 0 5 0 0 0 0 1 2 0 21 0 40 255 247 254 255 230 255 255 251 255 244 240 109 42 0 0 0 9 0 0 0 0 0 1 0 14 0 9 0 59 183 244 255 255 239 240 253 176 105 1 0 0 0 10 0 0 0 0 0 0 0 4 0 0 0 12 0 0 33 86 179 233 145 87 39 0 17 2 27 0 0 0 0 0 1 0 0 0 0 0 2 6 0 0 14 0 0 10 0 2 0 4 0 5 0 0 0 0 6 0 9 0 0 0 0 0 0 0 0 0 0 0 0 0 0 0 0 0 0 0 0 0 0 0 0 0 0 0 0 0 0 0 0 0 0 0 0 0 0 0 0 0 0 0 0 0 0 0 0 0 0 0 0 0 0 0 0 0 0 0 0 0 0 0 0 0 0 0 0 0 0 0 0 0 0 0 0 0 0 0 0 0 0 0 0 0 0 0 0 0 0 0 0 0 0 0 0 0 0 0 0 0 0 0 0 0 0 0 0 0 0 0 0 0 0 0 0 0 0
0 0 0 0 0 0 0 0 0 1 1 0 0 2 2 0 0 16 0 0 6 0 0 4 0 0 0 0 0 0 0 0 0 0 0 0 0 5 6 0 0 4 4 0 7 9 0 5 6 0 1 0 0 0 0 0 0 0 0 0 0 0 0 0 6 0 0 3 3 0 0 4 0 0 0 3 1 0 6 0 0 0 0 0 0 0 0 0 0 0 0 0 1 0 0 1 4 0 0 4 0 13 10 4 1 0 0 0 0 0 0 0 0 0 0 0 0 0 0 0 0 8 10 0 0 13 9 0 0 2 0 0 15 7 0 14 0 0 0 0 0 0 0 0 0 0 0 0 5 0 0 5 0 0 0 17 82 225 237 70 0 2 8 0 0 0 0 0 0 0 0 0 0 0 0 0 15 0 0 5 1 1 62 141 255 255 247 143 32 0 0 0 0 0 0 0 0 0 0 0 0 0 0 0 0 10 8 0 0 80 197 255 254 247 255 152 0 0 13 4 0 0 0 0 0 0 0 0 0 0 0 0 0 9 0 5 0 189 245 255 246 154 253 94 5 0 0 2 0 0 0 0 0 0 0 0 0 0 0 0 6 0 0 0 92 251 249 255 255 236 175 7 0 5 0 5 0 0 0 0 0 0 0 0 0 0 0 0 0 1 17 52 240 248 255 246 245 255 161 0 0 18 0 0 0 0 0 0 0 0 0 0 0 0 0 0 0 11 0 159 254 255 234 255 255 255 243 75 0 2 0 5 0 0 0 0 0 0 0 0 0 0 0 0 21 1 97 239 250 180 54 99 140 195 255 171 0 0 0 5 0 0 0 0 0 0 0 0 0 0 0 0 0 0 205 253 255 51 2 2 0 140 234 233 14 2 0 0 0 0 0 0 0 0 0 0 0 0 0 0 11 144 239 255 143 0 0 1 5 115 245 254 37 0 4 3 0 0 0 0 0 0 0 0 0 0 0 0 38 210 255 241 100 16 0 0 3 19 255 255 72 0 1 0 0 0 0 0 3 0 3 0 0 2 7 3 156 240 255 187 15 0 14 0 3 69 255 255 67 0 6 2 0 0 0 0 5 0 0 0 5 7 0 11 239 255 253 109 10 0 0 5 4 100 250 226 19 10 0 6 0 0 0 0 0 4 6 0 0 0 8 141 247 255 121 8 4 0 3 13 29 223 255 126 16 0 0 0 0 0 0 0 0 2 0 2 0 11 0 157 255 250 37 0 4 0 14 47 198 240 247 49 0 16 11 0 0 0 0 0 0 3 0 3 0 9 0 153 255 249 138 90 89 160 197 255 255 228 62 2 0 1 0 7 0 0 0 0 0 7 9 1 0 0 1 132 253 252 247 255 255 243 246 247 163 41 5 0 0 6 0 2 0 0 0 0 4 0 0 0 5 4 0 3 138 255 255 234 244 255 205 32 0 1 0 0 30 0 11 0 0 0 0 0 0 0 2 1 0 1 4 0 132 101 48 14 0 59 9 7 0 5 2 0 5 0 0 2 0 0 0 0 0 0 0 0 0 0 0 0 224 111 10 0 3 0 0 5 0 0 0 0 0 0 0 0 0 0 0 0 0 0 0 0 0 0 0 0 15 0 0 3 5 0 0 0 0 0 0 0 0 0 0 0 0 0 0 0 0 0 0 0 0 0 0 0 0 0 2 0 0 0 1 2 0 0 0 0 0 0 0 0 0 0 0 0 0 0 0 0 0 0 0 0 4 5 1 0 5 12 4 0 0 0 0 0 0 0 0 0 0 0 0 0
0 0 0 0 0 0 0 0 0 2 4 0 0 0 6 7 0 0 20 0 0 12 0 3 0 0 0 0 0 0 0 0 0 0 0 0 4 0 2 9 7 0 0 0 17 6 0 2 0 0 0 0 0 0 0 0 0 0 0 0 0 0 0 0 0 15 1 0 4 7 0 6 0 0 2 7 7 8 15 0 0 0 0 0 0 0 0 0 0 0 0 0 9 0 1 15 0 0 12 0 12 0 2 4 0 0 0 0 0 0 0 0 0 0 0 0 0 0 0 0 0 9 6 0 2 0 0 7 3 4 6 0 5 0 16 0 0 0 0 0 0 0 0 0 0 0 0 0 9 0 0 0 14 0 52 192 186 220 94 102 6 0 0 5 0 0 0 0 0 0 0 0 0 0 0 0 0 0 23 5 0 135 255 244 255 236 255 233 252 43 6 0 0 0 0 0 0 0 0 0 0 0 0 0 7 0 0 61 196 255 253 255 252 254 255 252 250 239 35 3 0 0 0 0 1 4 6 0 93 6 0 2 0 7 72 245 255 243 215 134 43 11 50 201 243 255 199 1 0 0 0 0 2 0 0 21 0 0 0 12 0 40 239 248 255 159 41 0 3 0 12 33 215 255 211 23 0 0 0 0 0 14 1 0 0 0 0 0 39 160 252 242 143 25 0 0 0 6 3 0 128 255 240 116 0 0 0 0 2 0 0 17 0 15 1 48 230 255 252 212 3 0 3 3 0 6 0 12 25 228 249 159 0 0 0 0 5 0 15 0 2 4 40 228 249 248 110 1 0 10 0 1 8 0 0 0 4 175 255 136 0 0 0 0 0 4 0 9 3 0 255 252 255 125 20 0 0 0 24 0 0 7 3 0 14 179 255 158 0 0 0 0 0 3 6 0 0 179 246 255 130 0 3 13 0 10 0 6 0 11 0 4 0 200 252 211 0 0 0 0 3 0 0 5 60 238 255 250 25 8 0 1 2 0 27 0 14 0 0 7 0 212 255 243 0 0 0 0 0 14 0 6 49 254 252 146 0 5 0 3 11 0 0 7 8 0 0 14 69 252 255 192 0 0 0 0 2 3 4 0 55 255 242 209 0 5 0 0 0 12 8 0 0 6 0 0 155 254 246 161 0 0 0 0 0 0 5 0 62 247 252 234 248 113 15 11 14 0 0 6 0 17 10 15 175 255 231 44 0 0 0 0 7 0 14 7 0 90 249 255 242 255 225 109 4 0 18 6 69 84 115 208 255 255 148 13 0 0 0 0 0 21 0 0 8 0 85 232 255 246 250 255 253 254 255 240 253 255 250 255 255 176 11 0 0 0 0 0 10 0 5 11 2 7 12 38 113 152 217 255 255 243 250 255 238 255 255 161 70 27 0 14 0 0 0 0 0 0 17 0 0 1 0 0 6 0 0 9 64 100 101 93 59 0 0 5 2 0 10 0 0 0 0 0 0 11 0 8 18 0 0 7 0 13 8 0 0 5 0 5 0 7 0 6 3 0 4 0 0 0 0 0 0 0 0 0 0 0 0 0 0 0 0 0 0 0 0 0 0 0 0 0 0 0 0 0 0 0 0 0 0 0 0 0 0 0 0 0 0 0 0 0 0 0 0 0 0 0 0 0 0 0 0 0 0 0 0 0 0 0 0 0 0 0 0 0 0 0 0 0 0 0 0 0 0 0 0 0 0 0 0 0 0 0 0 0 0 0 0 0 0 0 0 0 0 0 0 0 0 0 0 0 0 0 0 0 0 0 0 0 0 0 0 0
0 0 0 0 0 0 0 0 1 0 5 0 0 7 0 8 0 6 0 0 1 4 0 4 0 0 0 0 0 0 0 0 0 0 0 0 0 8 4 0 11 7 6 0 7 0 0 2 9 0 0 0 0 0 0 0 0 0 0 0 0 0 0 0 0 9 0 0 6 0 11 9 0 8 7 0 0 0 0 2 0 0 0 0 0 0 0 0 0 0 0 0 0 7 0 28 2 0 0 5 0 0 1 0 8 1 1 0 0 0 0 0 0 0 0 0 0 0 0 0 0 5 4 0 0 15 3 11 26 3 0 0 24 0 0 0 0 0 0 0 0 0 0 0 0 0 0 0 19 0 2 0 161 248 184 57 55 62 57 0 0 0 9 14 0 0 0 0 0 0 0 0 0 0 0 0 0 0 11 54 186 255 255 246 250 255 255 150 84 8 1 0 0 0 0 0 0 0 0 0 0 0 0 0 3 0 26 207 255 255 233 255 255 239 255 251 213 63 4 0 0 0 0 0 0 0 0 0 0 0 0 0 14 0 206 254 254 255 246 255 255 255 233 255 245 134 4 0 0 0 0 0 0 0 0 0 0 0 0 0 0 12 206 255 238 243 255 250 239 252 255 253 255 243 0 6 0 0 0 0 0 0 0 0 0 0 0 0 4 5 202 255 255 255 251 230 249 221 255 248 246 255 0 10 0 0 0 0 0 0 0 0 0 0 1 1 6 144 248 255 244 240 255 152 12 2 154 255 254 186 14 0 0 0 0 0 0 0 0 0 0 1 2 3 0 136 255 251 255 255 250 253 15 16 169 247 244 79 8 0 0 0 0 0 0 0 0 0 0 1 3 4 86 247 255 242 255 240 201 113 6 90 232 247 255 69 0 0 0 0 0 0 1 0 0 0 0 1 4 5 249 252 252 255 241 149 33 0 4 169 255 255 251 78 0 9 0 0 0 0 1 0 0 0 0 1 4 6 255 250 253 255 159 24 0 1 48 238 247 255 176 29 4 0 0 0 0 0 1 0 0 1 0 0 2 7 251 252 255 231 87 12 0 10 71 255 254 243 117 5 0 6 0 0 0 0 1 0 0 1 0 0 2 7 251 255 245 177 12 0 4 69 233 238 249 211 0 14 0 2 0 0 0 0 1 0 0 1 0 0 2 7 244 252 254 174 0 2 74 207 254 255 237 95 0 0 12 0 0 0 0 0 1 0 0 1 0 0 2 7 255 255 253 166 0 50 127 249 237 245 255 16 0 4 19 0 0 0 0 0 1 0 0 1 0 0 2 7 240 249 249 211 132 224 243 255 255 250 175 3 0 15 0 2 0 0 0 0 1 0 0 1 0 0 2 7 255 255 252 255 227 255 249 246 253 185 20 0 14 0 0 15 0 0 0 0 1 0 0 1 0 0 2 7 210 243 248 255 252 250 255 255 167 1 2 5 0 10 0 4 0 0 0 0 1 0 0 1 0 0 2 7 46 191 252 253 255 249 213 121 24 0 0 0 2 7 0 0 0 0 0 0 0 0 0 0 0 0 0 0 0 51 215 252 255 89 37 0 0 0 0 0 0 0 0 0 0 0 0 0 0 0 0 0 0 0 0 0 12 0 6 0 21 0 4 5 0 0 0 0 0 0 0 0 0 0 0 0 0 0 0 0 0 0 0 0 0 0 0 0 1 8 3 0 0 0 0 0 0 0 0 0 0 0 0 0 0 0 0 0 0 0 0 0 0 9 7 1 0 0 0 2 0 0 0 0 0 0 0 0 0 0 0 0
0 0 0 0 0 0 0 0 0 0 0 5 5 2 0 0 7 0 1 0 7 0 4 0 0 0 0 0 0 0 0 0 0 0 0 0 6 2 0 0 0 0 0 1 0 0 3 0 0 5 11 0 0 0 0 0 0 0 0 0 0 0 0 0 0 0 0 0 2 4 5 5 12 3 0 9 6 1 0 6 0 0 0 0 0 0 0 0 0 0 0 0 0 1 2 0 0 0 0 0 0 1 0 0 0 5 0 0 0 0 0 0 0 0 0 0 0 0 0 0 2 4 2 0 0 4 7 5 12 6 0 5 13 0 0 8 0 0 0 0 0 0 0 0 0 0 0 0 0 0 3 0 0 2 0 0 0 3 11 0 12 0 0 13 0 0 0 0 0 0 0 0 0 0 0 0 0 3 1 0 0 3 6 1 1 81 101 0 1 4 18 0 0 0 0 0 0 0 0 0 0 0 0 0 6 4 0 0 20 70 115 136 240 254 255 152 111 0 0 7 0 0 0 0 3 0 0 3 9 2 0 0 11 0 8 4 77 213 250 254 251 255 199 255 250 149 67 0 0 0 0 0 0 4 5 0 0 9 0 8 0 5 0 0 130 255 255 237 138 8 26 2 104 223 211 6 0 0 0 0 1 0 0 11 5 0 9 0 2 15 59 222 255 175 130 11 0 4 6 4 0 100 228 181 0 0 0 0 0 13 4 0 4 0 1 12 125 211 217 122 36 8 8 9 0 0 0 2 0 16 223 170 0 0 0 0 3 0 12 0 5 0 2 180 246 189 52 9 1 0 4 0 9 0 15 8 0 0 107 245 0 0 0 0 11 0 0 16 0 0 140 255 132 15 4 0 0 27 0 0 0 5 0 0 3 0 0 255 0 0 0 0 0 15 0 6 6 121 247 128 0 12 0 0 8 0 0 18 0 0 17 0 11 0 120 230 0 0 0 0 4 0 1 0 121 255 146 7 2 0 3 6 0 5 5 0 0 9 0 0 10 3 129 255 0 0 0 0 9 8 4 0 255 229 2 8 0 20 0 0 9 3 0 4 0 0 0 5 0 0 146 245 0 0 0 0 0 0 0 3 255 213 0 0 9 0 0 7 0 0 8 0 3 0 3 0 8 14 162 236 0 0 0 0 8 0 0 0 253 208 16 10 3 0 4 14 0 0 16 0 0 14 13 0 127 219 218 38 0 0 0 0 0 6 18 0 249 179 8 0 0 6 0 0 9 0 0 3 30 27 101 182 202 88 45 9 0 0 0 0 0 1 0 6 251 205 35 13 2 10 0 14 31 25 37 50 219 251 208 92 0 0 11 0 0 0 0 0 8 0 11 14 40 231 255 144 151 96 140 243 239 203 235 255 157 79 2 3 0 13 0 0 0 0 0 0 0 11 0 0 0 67 149 255 231 246 247 195 117 111 92 0 0 0 5 10 0 0 0 15 0 0 0 0 8 0 3 1 5 0 5 0 1 2 0 0 0 0 6 2 5 0 8 0 3 3 3 0 0 0 0 0 0 0 0 0 0 0 0 0 0 0 0 0 0 0 0 0 0 0 0 0 0 0 0 0 0 0 0 0 0 0 0 0 0 0 0 0 0 0 0 0 0 0 0 0 0 0 0 0 0 0 0 0 0 0 0 0 0 0 0 0 0 0 0 0 0 0 0 0 0 0 0 0 0 0 0 0 0 0 0 0 0 0 0 0 0 0 0 0 0 0 0 0 0 0 0 0 0 0 0 0 0 0 0 0 0 0 0 0 0 0 0 0
0 0 0 0 0 0 0 0 3 8 0 0 10 4 0 6 0 0 0 13 9 0 0 7 0 0 0 0 0 0 0 0 0 0 0 0 0 1 4 0 2 8 3 3 15 0 0 0 0 7 15 0 0 0 0 0 0 0 0 0 0 0 0 0 16 0 0 21 0 0 9 0 0 0 8 13 0 1 9 3 0 0 0 0 0 0 0 0 0 0 0 0 0 17 0 0 6 0 0 20 7 13 0 0 3 0 0 5 0 0 0 0 0 0 0 0 0 0 0 0 0 1 0 6 3 0 3 0 0 0 0 0 0 0 0 0 0 0 0 0 0 0 0 0 0 0 0 0 8 6 0 10 64 188 255 172 90 0 0 20 3 0 12 0 0 0 0 0 0 0 0 0 0 0 0 0 0 0 11 160 255 255 249 249 255 123 8 0 1 3 0 0 0 0 0 0 0 0 0 0 0 0 0 0 0 5 134 255 205 219 255 154 207 243 126 0 0 4 0 12 0 0 0 0 0 0 0 0 0 0 0 0 7 39 255 121 35 255 231 0 11 182 255 11 0 7 0 0 0 0 0 0 0 0 0 0 0 0 0 0 0 147 212 16 111 255 180 0 2 94 241 86 0 5 1 4 0 0 0 0 0 0 0 0 0 0 0 0 0 167 157 0 219 239 60 7 0 0 200 175 3 0 0 0 0 0 0 0 0 0 0 0 0 0 0 0 4 66 91 44 255 210 0 8 9 0 159 246 44 0 5 1 0 0 0 0 0 0 0 0 0 0 0 0 8 0 21 101 255 187 4 0 6 5 94 254 80 0 0 2 0 0 0 0 0 0 0 0 0 0 0 0 0 2 0 186 245 105 13 0 0 9 35 232 87 0 0 0 0 0 0 0 0 0 0 0 0 0 0 0 0 9 11 254 233 21 0 3 0 5 33 244 89 1 7 2 0 0 0 0 0 0 0 0 0 0 0 0 4 0 27 251 201 8 0 5 8 0 44 255 75 0 8 0 0 0 0 0 0 0 0 0 0 0 0 0 0 15 95 251 164 0 0 9 1 1 87 254 79 0 0 9 0 0 0 0 0 0 0 0 0 0 0 0 2 0 97 255 115 24 0 0 0 3 142 255 89 0 7 0 0 0 0 0 0 0 0 0 0 0 0 0 0 0 174 255 38 0 0 3 21 0 144 240 18 6 15 0 0 0 0 0 0 0 0 0 0 0 0 0 0 0 193 195 18 8 0 3 0 11 245 238 0 3 0 0 0 0 0 0 0 0 0 0 0 0 0 0 6 11 240 227 3 0 0 0 9 108 252 90 7 2 4 0 0 0 0 0 0 0 0 0 0 0 0 0 0 0 173 255 26 9 12 0 23 225 211 25 19 0 0 3 0 0 0 0 0 0 0 0 0 0 0 0 3 8 109 248 93 0 10 59 208 234 80 0 0 4 0 1 0 0 0 0 0 0 0 0 0 0 0 0 2 0 0 195 255 146 152 253 255 72 0 4 0 0 6 0 0 0 0 0 0 0 0 0 0 0 0 0 0 0 0 29 132 237 255 240 114 17 0 11 0 0 10 0 0 0 0 0 0 0 0 0 0 0 0 0 10 12 6 0 0 3 4 0 23 0 0 15 0 0 7 0 0 0 0 0 0 0 0 0 0 0 0 0 0 0 0 9 6 0 0 6 0 0 3 3 0 0 6 0 0 0 0 0 0 0 0 0 0 0 0 0 8 0 0 1 6 0 0 0 6 11 2 0 0 3 3 0 0 0 0 0
0 0 0 0 0 0 0 0 0 12 0 10 0 0 6 0 0 17 0 0 0 6 0 0 0 0 0 0 0 0 0 0 0 0 0 0 1 0 4 0 3 8 5 0 9 0 0 0 15 0 0 12 0 0 0 0 0 0 0 0 0 0 0 0 0 25 0 2 14 0 1 2 0 4 18 0 0 12 0 0 0 0 0 0 0 0 0 0 0 0 0 0 3 0 0 14 0 13 0 12 0 1 0 0 0 2 0 1 0 0 0 0 0 0 0 0 0 0 0 0 8 0 4 2 0 69 255 252 255 252 154 42 0 0 19 0 0 0 0 0 0 0 0 0 0 0 0 0 0 22 0 9 11 211 242 255 255 242 255 223 171 7 0 0 0 0 0 0 0 0 0 0 0 0 0 0 0 5 0 0 191 237 255 142 76 111 231 255 243 125 11 0 0 0 0 0 0 0 0 0 0 0 0 0 2 0 122 209 250 252 246 115 0 0 107 241 255 236 22 6 0 0 0 0 4 0 0 1 21 0 0 11 39 150 255 247 255 234 96 19 0 7 1 76 255 243 133 0 0 0 0 0 3 0 7 4 0 22 0 0 155 255 250 247 172 39 23 0 4 2 0 3 211 241 245 136 0 0 0 0 0 8 0 0 0 4 16 127 250 226 255 144 6 0 0 0 7 0 6 0 91 255 255 247 0 0 0 0 0 18 0 0 16 0 107 255 255 245 136 1 0 7 0 12 0 0 10 3 4 210 228 255 0 0 0 0 8 0 4 0 0 52 214 246 250 181 13 0 16 0 4 0 0 14 0 0 4 76 255 250 0 0 0 0 7 0 13 0 12 184 250 255 163 13 0 12 0 12 14 0 0 4 6 0 12 66 255 251 0 0 0 0 0 0 9 0 77 252 245 255 36 10 0 0 0 0 0 0 1 0 12 9 0 167 244 251 0 0 0 0 5 0 9 0 114 254 253 167 4 1 0 4 0 0 3 1 0 6 0 7 0 219 255 244 0 0 0 0 0 0 0 0 255 249 254 107 0 2 4 0 0 3 6 2 0 11 0 10 104 255 255 241 0 0 0 0 0 0 3 7 131 246 251 123 7 0 0 0 0 1 2 0 0 0 21 0 138 255 242 224 0 0 0 0 9 0 25 0 107 244 255 203 3 0 6 18 0 0 4 14 6 3 3 122 255 255 188 30 0 0 0 0 0 1 0 0 56 243 255 252 85 13 0 0 2 4 0 0 0 10 31 255 241 244 69 9 0 0 0 0 0 0 2 8 0 150 250 250 243 133 34 0 0 0 7 2 121 218 255 250 215 105 18 0 0 0 0 0 10 0 11 2 4 14 163 246 255 246 231 225 223 214 211 216 255 248 244 255 90 0 8 0 0 0 0 0 0 9 0 10 0 0 20 156 246 255 247 236 255 255 251 255 248 255 208 52 0 17 0 16 0 0 0 0 0 6 3 0 10 0 0 3 172 243 255 252 255 253 239 255 255 121 33 10 0 3 6 0 0 0 0 0 0 0 0 0 0 0 0 0 0 0 0 0 0 0 0 0 0 0 0 0 0 0 0 0 0 0 0 0 0 0 0 0 0 0 0 0 0 0 0 0 0 0 0 0 0 0 0 0 0 0 0 0 0 0 0 0 0 0 0 0 0 0 0 0 0 0 0 0 0 0 0 0 0 0 0 0 0 0 0 0 0 0 0 0 0 0 0 0 0 0 0 0 0 0 0 0 0 0 0 0 0 0 0 0 0 0 0 0 0 0 0 0
0 0 0 0 0 0 0 0 0 2 4 0 11 0 0 0 0 2 0 0 4 2 0 0 0 0 0 0 0 0 0 0 0 0 0 0 6 11 2 1 0 0 0 19 0 3 0 0 1 1 0 2 0 0 0 0 0 0 0 0 0 0 0 0 0 0 0 2 0 13 0 0 0 2 2 0 0 0 1 3 0 0 0 0 0 0 0 0 0 0 0 0 15 0 0 5 6 0 0 6 0 0 4 7 1 0 1 2 0 0 0 0 0 0 0 0 0 0 0 0 0 10 15 0 140 255 220 59 9 0 0 9 2 0 1 1 0 0 0 0 0 0 0 0 0 0 0 0 16 1 0 0 160 244 255 207 71 11 0 4 2 0 2 1 0 0 0 0 0 0 0 0 0 0 0 0 0 0 0 41 212 255 255 252 178 62 0 0 2 0 3 0 0 0 0 0 0 0 0 0 0 0 0 0 0 0 26 123 255 251 224 255 255 110 3 0 2 1 3 0 0 0 0 0 0 0 0 0 0 0 0 0 0 2 1 228 255 137 37 218 255 228 12 7 0 0 9 0 0 0 0 0 0 0 0 0 0 0 0 0 0 3 127 255 231 36 0 110 255 254 95 3 0 0 0 0 0 0 0 0 0 0 0 0 0 0 0 0 2 0 181 246 165 0 0 21 219 255 184 1 3 4 0 4 0 0 0 0 0 0 0 0 0 0 0 0 0 52 248 255 83 4 0 0 138 255 236 20 0 5 0 9 0 0 0 0 0 0 0 0 0 0 0 0 4 139 255 191 0 8 0 1 71 255 255 74 0 0 0 0 0 0 0 0 0 0 0 0 0 0 0 0 9 193 245 95 0 10 0 3 29 243 255 140 0 0 1 0 0 0 0 0 0 0 0 0 0 0 0 0 21 249 255 74 18 0 0 0 8 200 255 186 2 0 3 2 0 0 0 0 0 0 0 0 0 0 0 0 82 255 209 0 3 1 1 6 5 166 255 205 3 0 0 2 0 0 0 0 0 0 0 0 0 0 0 0 117 255 125 7 6 0 14 0 0 180 249 142 0 11 7 0 0 0 0 0 0 0 0 0 0 0 0 0 170 246 88 0 5 4 0 9 17 246 255 61 6 0 0 4 0 0 0 0 0 0 0 0 0 0 0 0 207 255 76 2 0 4 0 0 55 253 226 16 0 0 12 0 0 0 0 0 0 0 0 0 0 0 0 0 109 255 126 16 0 0 0 6 153 251 139 7 0 8 13 0 0 0 0 0 0 0 0 0 0 0 0 0 74 255 225 13 0 11 19 157 255 248 55 0 3 11 0 6 0 0 0 0 0 0 0 0 0 0 0 0 8 218 255 220 144 102 210 245 236 131 3 0 11 0 0 0 0 0 0 0 0 0 0 0 0 0 0 0 5 40 217 255 232 255 245 245 100 5 0 6 2 0 15 0 0 0 0 0 0 0 0 0 0 0 0 0 0 18 46 182 255 251 128 53 1 0 1 0 0 0 0 11 0 0 0 0 0 0 0 0 0 0 0 0 0 0 0 0 0 0 0 0 0 0 0 0 0 0 0 0 0 0 0 0 0 0 0 0 0 0 0 0 0 0 0 0 0 0 0 0 0 0 0 0 0 0 0 0 0 0 0 0 0 0 0 0 0 0 0 0 0 0 0 0 0 0 0 0 0 0 0 0 0 0 0 0 0 0 0 0 0 0 0 0 0 0 0 0 0 0 0 0 0 0 0 0 0 0 0 0 0 0 0 0 0 0 0 0
0 0 0 0 0 0 0 0 3 0 11 0 0 1 5 0 0 2 2 0 1 0 0 4 0 0 0 0 0 0 0 0 0 0 0 0 0 0 0 0 4 5 0 0 5 3 0 0 8 8 0 0 0 0 0 0 0 0 0 0 0 0 0 0 0 16 12 0 0 0 0 5 0 7 8 2 0 0 0 7 0 0 0 0 0 0 0 0 0 0 0 0 0 0 0 3 15 0 0 5 0 3 0 0 2 4 0 3 0 0 0 0 0 0 0 0 0 0 0 0 135 237 202 141 130 157 107 36 5 10 2 0 3 4 0 0 0 0 0 0 0 0 0 0 0 0 0 0 170 255 241 246 255 255 250 252 227 171 76 4 0 0 2 5 0 0 0 0 0 0 0 0 0 0 0 0 17 244 255 171 49 33 79 152 194 247 255 205 110 29 0 0 0 0 0 0 0 0 0 0 0 0 0 0 0 248 241 112 0 3 3 0 16 86 170 235 255 195 79 0 0 0 0 0 5 0 4 1 0 0 3 5 73 243 223 10 9 7 0 0 2 7 0 63 224 255 210 15 0 5 0 0 0 0 6 0 0 2 0 0 175 255 200 3 0 0 4 4 0 0 2 1 64 230 255 182 3 0 1 0 0 0 6 0 0 7 0 1 228 247 132 3 0 0 4 3 8 6 6 0 0 67 231 248 34 0 1 0 0 0 2 0 0 5 0 43 227 235 45 2 6 1 1 0 4 0 0 15 12 0 167 248 94 0 0 3 3 0 0 5 0 0 0 108 244 255 0 0 0 0 0 6 0 0 0 9 0 19 118 255 157 3 0 5 5 0 0 7 0 0 4 164 252 241 0 4 3 0 0 3 0 17 0 0 0 0 119 255 187 5 0 2 1 2 0 5 0 1 8 188 250 169 0 6 6 3 0 0 0 3 0 0 22 0 145 252 173 1 1 0 0 6 1 2 0 6 9 191 255 110 10 0 0 0 0 4 10 0 0 13 0 8 127 245 148 0 5 0 0 7 0 0 0 4 31 254 252 126 6 5 0 0 4 0 0 14 0 0 3 9 160 242 29 12 0 0 0 1 0 10 0 1 32 253 250 122 0 0 17 4 6 0 6 1 6 17 0 63 244 200 11 1 0 0 1 0 0 6 0 0 43 252 247 154 0 0 10 0 0 0 9 0 0 0 88 235 246 122 0 0 0 0 4 1 0 0 0 0 26 179 255 226 41 0 0 2 0 11 0 15 8 105 250 254 141 0 0 0 2 4 0 1 4 3 1 0 0 54 230 246 143 17 17 0 11 0 37 28 161 255 243 161 30 10 2 4 5 2 0 1 4 0 4 6 0 0 118 255 255 246 139 174 139 154 244 252 255 235 92 0 0 0 0 1 1 0 4 0 0 0 0 7 0 5 6 113 255 253 255 250 255 254 255 240 166 62 0 2 0 10 0 0 0 0 4 0 2 0 1 0 0 0 0 4 67 136 143 207 164 145 76 50 0 1 2 3 0 0 0 2 2 0 0 0 0 0 0 0 0 0 0 0 0 0 0 0 0 0 0 0 0 0 0 0 0 0 0 0 0 0 0 0 0 0 0 0 0 0 0 0 0 0 0 0 0 0 0 0 0 0 0 0 0 0 0 0 0 0 0 0 0 0 0 0 0 0 0 0 0 0 0 0 0 0 0 0 0 0 0 0 0 0 0 0 0 0 0 0 0 0 0 0 0 0 0 0 0 0 0 0 0 0 0 0 0 0 0 0 0 0 0 0 0 0
0 0 0 0 0 0 0 0 12 0 0 0 0 0 0 0 0 9 0 2 11 0 1 0 0 0 0 0 0 0 0 0 0 0 0 0 0 0 0 3 5 4 3 3 0 12 14 0 0 2 0 8 0 0 0 0 0 0 0 0 0 0 0 0 0 1 3 1 0 0 0 0 0 0 7 20 0 1 21 0 0 0 0 0 0 0 0 0 0 0 0 0 1 3 0 0 0 0 1 0 21 1 0 0 0 3 0 0 0 0 0 0 0 0 0 0 0 0 0 0 0 0 0 0 0 5 5 2 0 52 220 255 249 255 168 11 0 0 0 0 0 0 0 0 0 0 0 0 0 0 0 2 2 0 0 0 2 207 242 242 246 255 227 2 0 0 0 0 0 0 0 0 0 0 0 0 3 0 0 5 0 0 0 13 86 255 245 255 253 246 255 0 0 0 0 0 0 0 0 0 0 0 0 0 3 0 0 6 0 0 21 59 210 252 254 248 253 246 158 4 0 0 0 0 0 0 2 2 1 0 0 2 4 0 1 0 6 7 130 254 255 249 250 255 255 116 14 0 0 0 0 0 2 2 2 1 0 0 0 1 0 0 0 1 0 102 255 245 253 249 255 255 208 36 0 14 0 0 0 0 4 2 0 0 0 1 2 2 5 0 18 85 190 255 245 255 240 249 248 237 154 0 0 0 0 0 0 0 0 0 0 0 2 3 3 1 0 10 27 171 246 241 255 99 105 224 255 255 116 4 12 2 0 0 0 0 0 0 0 1 2 1 0 0 12 21 219 253 255 255 123 0 65 223 250 230 44 0 2 0 0 0 0 0 0 2 4 3 0 0 0 0 39 155 255 244 252 114 0 21 149 255 254 215 31 12 11 3 0 0 0 0 0 4 5 2 0 0 3 9 60 252 255 255 173 21 0 0 107 239 255 194 19 0 0 6 0 0 0 0 0 1 4 0 0 0 12 24 148 255 254 228 59 3 2 42 157 255 255 142 6 0 1 1 0 0 0 0 0 16 0 0 4 13 0 205 252 255 237 68 0 8 0 221 254 239 200 15 0 3 0 0 0 0 0 0 15 0 12 0 1 0 130 250 243 255 104 0 9 0 106 255 255 255 65 4 5 0 0 0 0 0 0 0 0 0 0 2 0 82 248 247 252 172 12 7 0 140 219 249 249 152 1 3 0 12 0 3 0 0 0 0 0 17 0 5 18 194 255 243 208 14 3 81 182 255 253 255 148 16 12 0 0 16 0 4 0 0 0 0 10 2 2 0 16 228 244 255 204 121 203 251 255 253 240 136 15 1 0 0 22 0 0 0 0 0 0 0 0 0 8 0 0 255 255 254 254 255 232 246 254 154 46 26 0 9 0 3 1 0 13 0 0 0 0 0 0 3 12 15 0 225 252 251 251 253 255 145 102 11 0 0 11 0 7 13 0 10 10 0 0 0 0 0 5 0 6 0 6 55 180 251 152 81 0 8 0 0 11 0 0 5 0 0 10 0 0 7 0 0 0 0 0 0 0 0 0 0 0 0 0 0 0 0 0 0 0 0 0 0 0 0 0 0 0 0 0 0 0 0 0 0 0 0 0 0 0 0 0 0 0 0 0 0 0 0 0 0 0 0 0 0 0 0 0 0 0 0 0 0 0 0 0 0 0 0 0 0 0 0 0 0 0 0 0 0 0 0 0 0 0 0 0 0 0 0 0 0 0 0 0 0 0 0 0 0 0 0 0 0 0 0 0 0 0 0 0 0 0 0 0 0 0 0
0 0 0 0 0 0 0 1 0 0 5 4 0 0 8 0 0 4 0 0 9 5 0 0 12 0 1 0 0 0 0 0 0 0 0 0 8 14 0 0 11 0 0 6 15 0 17 0 2 0 17 0 0 0 0 3 0 0 0 0 0 0 0 0 0 1 0 0 9 7 0 3 0 5 0 9 0 16 0 8 0 4 0 2 0 0 1 1 1 0 0 0 1 8 6 4 0 7 7 0 0 0 12 8 0 0 9 0 4 15 0 0 0 0 1 1 1 0 0 0 0 3 0 8 0 3 0 7 157 248 234 243 255 115 19 5 0 5 1 0 0 0 0 0 0 1 2 3 15 0 107 183 25 0 27 0 96 255 255 245 248 255 208 97 1 0 6 3 1 0 0 0 0 1 5 7 99 183 247 255 114 11 0 9 4 74 146 114 239 234 255 253 84 0 1 4 1 0 0 0 0 2 6 9 210 241 255 221 43 2 2 0 0 5 62 0 62 178 244 250 182 13 0 0 0 0 5 0 6 17 3 230 251 255 252 144 6 0 0 9 0 0 7 0 0 10 216 255 255 0 2 0 1 5 6 0 4 0 89 242 251 238 75 12 4 0 8 8 1 1 1 3 4 0 219 241 242 0 8 3 3 3 8 0 2 34 189 247 245 196 5 0 12 0 4 0 6 4 0 11 0 0 215 251 252 4 0 10 1 0 10 0 2 181 247 251 168 61 7 9 0 0 2 0 7 0 10 0 6 0 225 255 255 12 0 10 0 0 7 0 4 250 255 255 123 0 0 8 0 8 6 0 0 9 3 3 0 117 234 251 173 5 0 6 0 5 0 0 4 213 255 228 101 11 0 4 7 0 2 0 0 20 0 0 37 242 255 218 40 0 3 4 0 5 0 2 0 204 241 132 29 4 0 0 13 0 0 5 5 0 1 11 175 250 225 111 0 0 4 0 3 0 0 6 0 252 224 32 9 0 12 0 0 0 0 1 1 7 0 133 245 254 108 0 5 8 0 0 2 0 10 1 0 250 255 68 0 5 3 0 1 0 0 5 0 45 147 255 250 216 19 0 0 0 0 0 0 0 4 0 1 253 255 69 0 1 0 0 4 15 5 0 0 250 253 242 225 0 21 5 0 0 0 0 0 0 5 0 11 247 241 94 18 3 0 10 0 0 0 46 47 238 238 225 0 20 0 0 0 0 0 0 7 0 0 0 1 255 255 215 0 2 2 0 14 69 146 210 249 255 150 30 11 15 0 6 0 0 0 0 1 0 0 0 0 255 250 255 181 117 90 155 237 255 252 255 249 85 0 0 0 0 16 4 0 0 0 0 0 0 4 2 8 244 254 252 247 255 250 238 254 255 236 205 114 0 1 16 9 0 0 0 0 0 0 0 7 6 0 0 2 141 243 244 249 255 255 252 231 166 77 18 0 8 0 0 0 3 9 0 0 0 0 0 0 0 0 9 0 0 115 104 195 238 217 119 32 0 0 2 0 1 4 1 0 0 0 0 0 0 0 0 0 0 0 0 0 0 0 0 0 0 0 0 0 0 0 0 0 0 0 0 0 0 0 0 0 0 0 0 0 0 0 0 0 0 0 0 0 0 0 0 0 0 0 0 0 0 0 0 0 0 0 0 0 0 0 0 0 0 0 0 0 0 0 0 0 0 0 0 0 0 0 0 0 0 0 0 0 0 0 0 0 0 0 0 0 0 0 0 0 0 0 0 0 0 0 0 0 0 0 0 0 0 0 0 0 0 0 0 0 0 0 0
0 0 1 8 6 0 0 4 0 0 0 0 4 0 0 10 0 4 7 3 0 0 0 0 0 0 0 0 0 8 5 0 0 0 3 3 4 14 9 0 0 3 0 0 3 0 0 0 0 1 0 1 0 0 0 0 0 0 0 7 15 9 0 0 0 0 0 0 0 6 7 3 7 2 4 10 6 0 0 0 0 0 0 0 0 3 10 5 0 0 1 14 0 0 7 14 6 0 0 0 0 0 0 0 0 1 2 3 0 0 0 0 0 7 3 0 0 1 1 0 15 0 0 0 0 11 17 0 9 7 0 0 0 10 6 0 0 0 0 0 7 0 0 8 15 0 1 19 43 88 117 68 0 0 3 0 0 1 11 7 2 2 0 0 0 0 0 0 4 0 2 11 0 0 83 192 255 249 255 245 206 169 108 29 11 2 0 2 0 0 0 10 0 0 0 0 0 12 7 0 3 93 201 255 255 208 210 247 253 253 255 251 186 94 12 0 8 3 0 1 0 0 0 0 7 0 4 1 48 242 255 157 35 13 1 15 44 97 181 254 250 255 247 110 23 0 6 0 0 0 0 0 0 4 8 0 163 255 136 8 0 0 0 3 0 0 0 11 130 222 239 255 240 58 0 2 0 0 0 0 0 0 1 0 233 227 39 0 16 9 4 4 3 0 0 0 8 4 124 232 239 237 22 4 0 0 0 0 10 0 0 11 183 126 0 8 0 0 0 0 0 4 2 0 0 8 0 64 181 244 210 0 0 0 0 0 0 0 0 0 164 105 10 0 0 6 8 4 2 4 1 0 12 0 0 7 0 182 255 50 0 0 0 0 0 1 5 0 188 133 17 0 1 2 0 0 0 0 5 10 0 7 11 0 24 51 236 198 0 0 0 0 6 5 1 0 140 166 0 0 0 0 4 8 5 0 0 0 0 4 0 15 0 0 200 246 0 0 0 0 0 3 0 9 77 255 32 8 5 0 0 2 4 0 0 4 6 0 6 0 0 9 185 255 0 0 0 0 0 2 0 4 0 163 175 1 1 2 6 0 0 0 0 1 7 0 0 0 3 11 182 255 0 0 0 0 5 2 0 6 3 14 212 118 0 11 0 0 19 6 0 0 0 17 7 2 0 98 255 206 0 0 0 0 0 5 0 4 5 0 128 234 55 0 14 0 0 7 0 2 0 0 0 0 68 237 255 126 0 0 0 0 0 3 4 0 0 22 0 129 237 155 192 160 102 92 32 21 50 66 119 226 235 248 243 28 0 0 0 0 5 0 7 4 0 0 0 0 208 255 243 236 255 243 255 255 243 251 255 246 255 226 113 0 0 0 0 0 0 0 3 5 12 0 28 0 55 206 255 229 216 219 244 249 255 243 242 241 169 0 7 5 0 0 0 0 0 10 0 0 0 0 0 10 0 40 128 63 0 24 37 56 124 149 121 21 11 1 0 2 0 0 0 0 5 0 0 8 4 0 5 0 4 0 4 0 0 2 0 4 0 0 0 2 0 0 5 0 0 0 0 0 0 0 0 0 0 0 0 0 0 0 0 0 0 0 0 0 0 0 0 0 0 0 0 0 0 0 0 0 0 0 0 0 0 0 0 0 0 0 0 0 0 0 0 0 0 0 0 0 0 0 0 0 0 0 0 0 0 0 0 0 0 0 0 0 0 0 0 0 0 0 0 0 0 0 0 0 0 0 0 0 0 0 0 0 0 0 0 0 0 0 0 0 0 0 0 0 0 0 0 0 0 0 0 0 0 0 0 0 0 0 0 0
0 0 0 0 0 0 0 0 0 3 1 0 0 0 0 5 0 3 11 2 0 0 8 0 0 0 0 0 0 0 0 0 0 0 0 0 4 1 0 0 2 9 4 0 1 0 0 0 0 5 6 0 0 0 0 0 0 0 0 0 0 0 0 0 0 0 11 8 0 0 0 0 1 0 9 14 0 0 0 1 0 0 0 0 0 0 0 0 0 0 0 0 11 0 0 0 0 0 10 4 18 0 0 0 0 3 10 6 0 0 0 0 0 0 0 0 0 0 0 0 0 0 0 7 6 2 0 0 0 0 8 7 0 0 0 0 0 0 0 0 0 0 0 0 0 0 0 0 9 17 4 0 0 2 0 0 2 0 2 6 0 1 9 9 0 0 0 0 0 0 0 0 0 0 0 0 0 151 241 204 143 104 103 136 86 23 0 0 3 0 0 0 0 0 0 0 0 0 0 0 0 0 0 0 104 239 255 239 247 255 254 248 254 235 245 242 158 45 0 1 0 0 0 0 4 1 0 6 0 1 4 44 241 249 254 243 254 255 245 255 251 248 255 250 241 249 222 102 0 11 6 0 0 0 7 0 2 1 5 219 233 255 255 255 255 172 147 179 255 242 252 248 255 255 246 255 60 0 0 10 8 6 6 1 12 0 25 255 254 255 240 241 125 7 8 12 123 221 254 255 244 243 255 248 228 10 0 1 0 3 0 7 6 0 137 237 254 247 125 142 9 0 5 0 9 45 184 254 243 255 244 254 255 0 9 0 0 9 0 0 0 31 236 248 252 218 5 6 0 18 0 3 0 0 13 138 220 236 255 255 252 0 7 5 3 8 13 0 9 120 247 255 252 145 4 0 9 5 0 0 2 12 0 0 167 255 243 242 251 19 0 1 0 0 0 0 20 221 252 255 162 0 0 3 0 0 15 6 0 26 0 18 225 255 255 255 112 2 0 4 5 2 0 6 0 250 255 241 162 0 1 13 0 10 0 0 5 0 0 47 249 255 246 250 0 3 0 3 9 0 2 0 0 255 255 248 149 3 0 0 7 5 0 2 4 0 4 25 255 255 236 227 0 0 0 0 0 10 12 0 9 230 246 250 170 8 0 23 0 0 0 4 2 3 6 6 210 255 241 39 0 0 0 0 11 0 0 28 0 110 255 255 250 127 18 0 0 31 0 2 0 0 38 144 241 255 157 0 0 0 0 0 9 0 7 0 0 139 247 246 255 252 171 61 6 32 17 33 133 189 250 255 253 218 44 4 0 0 0 0 2 0 3 14 0 61 241 255 255 245 255 253 178 219 255 255 251 234 255 237 242 115 0 8 0 0 0 0 0 0 16 0 8 0 36 228 255 235 253 255 239 253 255 238 255 255 220 150 88 9 0 0 0 0 0 0 0 6 0 0 19 0 0 9 90 181 234 236 254 252 248 245 221 124 0 27 0 0 0 0 0 0 0 0 9 0 1 0 0 0 9 0 2 0 0 11 95 122 86 0 5 8 2 0 0 5 2 2 0 0 0 0 0 0 0 0 0 0 0 0 0 0 0 0 0 0 0 0 0 0 0 0 0 0 0 0 0 0 0 0 0 0 0 0 0 0 0 0 0 0 0 0 0 0 0 0 0 0 0 0 0 0 0 0 0 0 0 0 0 0 0 0 0 0 0 0 0 0 0 0 0 0 0 0 0 0 0 0 0 0 0 0 0 0 0 0 0 0 0 0 0 0 0 0 0 0 0 0 0 0 0 0 0 0 0 0 0 0 0 0 0 0 0 0
0 0 0 0 0 0 0 0 0 0 0 4 6 0 0 4 0 3 3 0 0 1 5 2 0 0 0 0 0 0 0 0 0 0 0 0 0 11 2 0 0 5 10 5 0 0 4 10 3 0 0 2 0 0 0 0 0 0 0 0 0 0 0 0 7 1 0 15 0 9 0 0 2 2 0 0 0 15 12 0 0 0 0 0 0 0 0 0 0 0 0 0 2 0 0 21 0 0 0 12 0 0 2 14 7 0 0 0 0 0 0 0 0 0 0 0 0 0 0 0 0 2 0 4 3 23 8 0 2 2 0 0 0 1 7 10 0 0 0 0 0 0 0 0 0 0 0 0 0 5 1 0 0 0 0 9 8 6 4 4 4 1 0 0 0 0 0 0 0 0 0 0 0 0 0 0 0 2 12 0 23 5 68 160 255 239 254 255 208 83 7 2 0 0 0 0 0 0 0 0 0 0 0 0 3 0 7 47 213 252 255 251 252 255 254 241 255 253 147 17 0 0 0 0 2 3 0 0 4 0 0 11 4 31 219 255 252 253 255 242 226 220 128 209 252 255 255 141 0 0 11 0 0 0 5 0 1 1 19 0 7 221 237 245 255 247 197 79 0 19 3 0 136 249 231 255 89 1 4 0 0 0 10 0 0 3 0 8 123 255 249 255 251 198 21 2 0 0 0 15 0 165 255 255 197 8 0 0 6 0 7 0 0 7 0 107 243 241 255 236 212 29 0 0 7 3 4 0 0 35 253 235 255 2 0 0 0 0 3 0 13 0 69 216 255 255 255 247 56 1 0 1 6 0 23 0 0 18 204 255 255 0 0 1 0 0 4 0 9 0 213 249 255 224 226 215 8 0 0 7 0 19 0 0 0 10 104 255 253 0 5 1 1 0 1 0 0 26 255 245 242 136 57 160 4 0 0 4 7 0 0 7 6 0 215 251 252 0 2 0 7 0 0 4 0 97 245 255 236 0 14 1 0 5 9 0 0 1 0 0 3 0 234 254 255 3 0 0 5 0 1 17 0 123 255 255 122 8 0 0 10 1 0 10 0 5 0 12 0 114 255 240 140 17 0 3 0 8 6 0 4 252 244 255 120 0 4 1 4 0 1 0 6 13 0 2 116 246 233 238 48 0 0 4 0 0 4 19 2 200 255 250 141 3 0 0 0 6 24 0 0 0 2 187 255 255 251 86 0 0 10 7 0 2 18 0 0 140 255 253 249 78 9 19 2 0 0 0 17 101 213 247 248 253 116 5 0 6 8 0 8 0 0 10 0 12 255 246 255 243 155 62 0 72 99 110 183 255 248 255 216 101 7 0 3 4 0 0 0 0 0 5 9 0 50 199 251 255 238 253 236 255 239 245 252 252 217 154 35 0 0 1 0 2 0 1 0 14 0 1 0 7 0 17 163 229 255 255 234 248 255 255 221 103 12 0 0 8 0 9 0 7 0 10 0 2 0 2 0 5 0 6 0 22 91 126 146 138 106 5 10 7 0 7 0 4 0 0 0 4 0 4 0 0 0 0 0 0 0 0 0 0 0 0 0 0 0 0 0 0 0 0 0 0 0 0 0 0 0 0 0 0 0 0 0 0 0 0 0 0 0 0 0 0 0 0 0 0 0 0 0 0 0 0 0 0 0 0 0 0 0 0 0 0 0 0 0 0 0 0 0 0 0 0 0 0 0 0 0 0 0 0 0 0 0 0 0 0 0 0 0 0 0 0 0 0 0 0 0 0 0 0 0 0 0 0 0 0 0 0 0 0 0 0
0 0 0 0 0 0 0 0 0 9 0 3 0 8 8 0 0 5 0 9 0 1 0 9 0 0 0 0 0 0 0 0 0 0 0 0 8 5 0 1 0 0 0 18 0 2 0 0 7 0 6 0 0 0 0 0 0 0 0 0 0 0 0 0 0 1 3 0 10 1 0 0 12 0 9 0 8 0 11 2 0 0 0 0 0 0 0 0 0 0 0 0 0 0 4 0 0 0 24 1 2 0 16 0 0 0 0 7 0 0 0 0 0 0 0 0 0 0 0 0 7 0 0 7 0 7 140 127 56 18 0 4 0 5 0 1 0 0 0 0 0 0 0 0 0 0 0 0 0 5 0 0 8 114 255 242 197 153 8 1 2 2 19 0 0 0 0 0 0 0 0 0 0 0 0 0 0 3 0 0 14 138 247 255 255 243 100 9 0 0 4 0 0 0 0 0 0 0 0 0 0 0 0 0 14 0 4 6 0 31 97 230 245 255 227 59 17 14 0 15 0 0 0 0 0 0 1 3 4 0 0 3 2 0 0 0 2 0 0 195 250 255 253 255 57 0 1 0 0 0 0 0 10 0 10 0 0 16 7 0 0 21 0 11 9 199 254 253 253 249 251 245 125 0 0 4 0 0 0 0 0 9 0 0 6 0 0 7 0 4 25 93 219 255 239 255 225 222 255 255 215 28 0 4 0 0 0 0 0 15 0 8 15 0 1 0 0 128 215 255 248 234 143 96 0 34 189 252 255 122 5 0 0 0 0 0 2 2 0 3 0 4 17 3 51 252 255 253 150 27 8 1 3 7 171 244 253 207 33 11 0 0 0 0 2 0 12 0 6 0 0 130 221 238 246 79 10 3 0 0 0 0 159 255 255 255 34 0 0 0 0 0 0 1 3 0 11 3 54 243 249 226 28 4 7 0 1 4 10 1 155 247 252 202 20 2 0 0 0 0 8 0 0 19 0 48 224 240 238 36 0 3 2 0 3 0 0 5 160 245 255 129 0 6 0 0 0 0 3 0 0 8 0 183 255 252 98 0 5 0 6 0 10 0 8 9 147 250 247 58 3 0 0 0 0 0 0 6 2 0 0 200 252 189 13 0 0 0 17 0 0 0 14 106 253 255 55 2 0 4 0 0 0 0 0 0 0 4 2 188 246 193 0 2 5 2 0 10 21 0 136 246 233 207 35 4 0 2 0 0 0 0 8 0 0 3 10 185 253 219 39 0 0 4 7 0 20 121 255 232 204 0 0 0 15 0 0 0 0 0 0 1 0 0 9 186 255 235 121 0 8 0 23 134 229 255 239 237 66 9 17 17 0 0 0 0 0 0 0 1 7 0 0 118 219 255 250 130 137 139 233 255 240 241 187 26 0 0 0 0 1 9 0 0 0 0 1 0 2 11 0 23 109 235 253 248 255 231 240 243 227 180 2 6 0 6 0 0 7 0 0 0 0 0 0 0 0 2 0 0 6 85 187 255 239 255 255 159 52 0 0 3 0 1 1 6 0 3 0 0 0 0 0 0 0 0 0 0 0 0 0 0 0 0 0 0 0 0 0 0 0 0 0 0 0 0 0 0 0 0 0 0 0 0 0 0 0 0 0 0 0 0 0 0 0 0 0 0 0 0 0 0 0 0 0 0 0 0 0 0 0 0 0 0 0 0 0 0 0 0 0 0 0 0 0 0 0 0 0 0 0 0 0 0 0 0 0 0 0 0 0 0 0 0 0 0 0 0 0 0 0 0 0 0 0 0 0 0 0 0 0 0 0 0
0 0 0 0 0 0 0 0 0 6 6 0 0 5 3 0 0 7 0 0 3 6 0 0 0 0 0 0 0 0 0 0 0 0 0 0 10 0 0 0 1 5 5 4 0 0 0 0 0 0 0 2 0 0 0 0 0 0 0 0 0 0 0 0 0 0 2 7 4 0 0 0 0 0 0 4 6 1 0 0 0 0 0 0 0 0 0 0 0 0 0 0 0 4 5 0 0 4 10 11 18 1 0 0 0 1 6 7 0 0 0 0 0 0 0 0 0 0 0 0 1 0 0 0 0 0 0 0 0 0 0 8 0 0 0 0 0 0 0 0 0 0 0 0 0 0 0 0 0 0 0 3 0 0 17 52 119 108 102 70 17 0 5 0 0 0 0 0 0 0 0 0 0 0 0 0 3 6 0 0 16 91 177 229 241 246 255 245 184 131 74 7 0 0 0 0 0 0 0 0 0 0 0 0 0 13 2 0 79 212 255 255 255 247 252 255 252 255 237 171 0 0 0 0 3 0 7 0 0 4 0 7 0 20 83 185 255 252 237 255 250 255 255 234 255 252 246 228 52 0 9 0 5 0 5 0 0 0 1 0 23 8 194 254 255 251 255 239 115 48 48 123 43 215 245 255 144 0 0 3 4 0 0 0 1 4 22 8 9 182 246 255 250 230 134 72 11 0 9 0 10 71 255 245 224 23 0 4 0 0 4 8 9 0 0 17 175 255 248 244 129 104 22 0 0 21 0 0 37 238 243 254 121 0 0 5 9 9 0 0 0 8 24 195 255 230 255 91 0 0 0 0 8 0 0 0 27 255 255 228 57 0 2 1 0 3 0 10 0 0 24 201 248 249 201 0 7 3 11 6 2 2 0 11 5 180 253 235 65 17 4 0 0 0 0 3 0 13 140 249 255 206 33 0 0 0 11 0 3 0 18 0 123 247 248 208 1 0 0 0 4 4 0 4 7 33 232 254 253 178 0 0 0 4 0 0 0 14 0 29 212 255 220 32 0 0 20 0 0 7 0 0 6 106 252 247 252 173 0 0 0 16 0 21 2 0 0 83 243 255 240 42 0 0 0 0 5 0 1 0 0 214 250 247 184 64 12 0 0 9 19 0 0 33 75 196 255 251 180 27 0 0 0 0 1 0 6 4 0 248 255 255 121 6 1 0 11 0 0 7 0 160 255 252 249 186 0 14 0 0 0 0 0 0 2 0 0 95 235 237 237 71 6 0 10 0 2 27 190 238 255 243 238 106 2 0 0 0 0 0 0 7 0 0 8 0 224 255 255 228 153 104 186 189 166 223 255 253 255 103 58 6 0 12 0 0 0 0 0 5 0 0 12 0 197 255 254 239 255 251 255 242 255 245 238 244 119 7 5 0 15 0 0 0 0 0 3 5 1 0 0 4 72 133 216 252 254 255 255 240 251 220 136 20 0 7 0 0 0 2 0 0 0 0 0 0 0 0 14 0 0 17 26 190 210 202 74 67 60 25 0 0 3 0 9 5 0 4 0 0 0 0 0 0 0 0 0 0 0 0 0 0 0 0 0 0 0 0 0 0 0 0 0 0 0 0 0 0 0 0 0 0 0 0 0 0 0 0 0 0 0 0 0 0 0 0 0 0 0 0 0 0 0 0 0 0 0 0 0 0 0 0 0 0 0 0 0 0 0 0 0 0 0 0 0 0 0 0 0 0 0 0 0 0 0 0 0 0 0 0 0 0 0 0 0 0 0 0 0 0 0 0 0 0 0 0 0 0 0 0 0 0 0 0
0 0 0 0 0 0 0 0 5 0 0 0 12 0 0 4 2 0 8 6 0 3 4 0 0 0 0 0 0 0 0 0 0 0 0 0 0 4 13 3 0 0 17 0 11 0 0 2 0 0 18 3 0 0 0 0 0 0 0 0 0 0 0 0 11 10 0 0 0 0 5 2 0 2 16 0 4 11 0 3 0 0 0 0 0 0 0 0 0 0 0 0 0 0 4 21 0 0 0 6 7 10 0 4 17 0 8 1 0 0 0 0 0 0 0 0 0 0 0 0 0 0 15 0 5 151 215 248 191 45 6 1 0 4 0 4 0 0 0 0 0 0 0 0 0 0 0 0 0 6 0 10 156 247 172 164 253 229 90 5 0 0 0 0 0 0 0 0 0 0 0 0 0 0 0 0 2 2 3 123 255 160 8 0 179 255 214 36 2 20 0 20 0 0 0 0 0 0 0 0 0 0 0 0 5 0 88 252 202 1 0 4 159 243 248 122 0 0 13 0 0 0 0 0 0 5 4 0 0 1 4 2 0 17 195 255 63 1 0 3 0 39 215 220 11 0 4 1 0 0 0 0 0 4 3 0 0 1 2 0 0 123 255 153 0 0 0 0 10 26 242 248 25 0 4 0 0 0 0 0 1 2 1 0 0 2 0 0 33 212 250 47 0 1 0 3 1 12 252 255 29 0 1 0 0 0 0 0 1 1 0 0 0 1 0 0 98 247 168 0 9 5 0 1 0 56 250 255 26 1 0 0 0 0 0 0 1 0 0 0 1 0 0 0 136 255 102 0 0 0 8 0 1 152 253 233 22 5 0 0 0 0 0 0 1 0 0 1 0 0 2 8 199 251 44 7 0 0 11 0 0 207 244 180 6 2 0 0 0 0 0 0 0 0 1 2 0 0 5 16 247 211 3 9 12 0 0 5 0 206 244 126 0 0 4 0 0 0 0 0 0 0 2 3 0 0 6 21 233 182 4 0 2 2 0 6 15 203 255 106 0 0 9 0 0 0 0 0 0 0 1 3 2 0 2 26 253 199 2 0 3 0 1 1 21 230 255 67 0 12 0 0 0 0 0 0 0 1 0 0 2 0 5 30 231 219 0 4 6 0 2 1 105 255 223 41 0 9 0 0 0 0 0 0 0 2 0 0 1 0 8 30 255 212 0 0 2 1 0 82 220 255 134 6 1 2 0 0 0 0 0 0 0 2 0 0 2 0 4 22 240 207 18 6 3 0 49 234 255 177 34 0 7 0 0 5 0 0 0 0 0 2 0 0 3 0 0 9 199 255 66 0 7 18 152 241 196 58 0 0 1 1 0 4 0 0 0 0 0 3 0 0 4 0 0 0 106 235 226 81 119 247 249 230 73 0 4 12 0 6 4 0 0 0 0 0 0 4 0 0 3 2 0 1 26 246 255 255 255 248 237 91 5 0 6 12 0 2 9 0 0 0 0 0 1 4 0 0 2 4 1 4 0 27 58 157 188 176 71 0 2 9 0 0 5 0 6 0 0 0 0 0 0 0 0 0 0 0 0 0 0 0 0 0 0 0 0 0 0 0 0 0 0 0 0 0 0 0 0 0 0 0 0 0 0 0 0 0 0 0 0 0 0 0 0 0 0 0 0 0 0 0 0 0 0 0 0 0 0 0 0 0 0 0 0 0 0 0 0 0 0 0 0 0 0 0 0 0 0 0 0 0 0 0 0 0 0 0 0 0 0 0 0 0 0 0 0 0 0 0 0 0 0 0 0 0 0 0 0 0 0 0 0 0
0 0 0 0 0 0 0 0 7 0 12 0 0 2 6 0 0 10 0 0 0 7 9 0 0 0 0 0 0 0 0 0 0 0 0 0 0 0 3 0 19 2 0 0 0 0 1 12 2 0 0 10 0 0 0 0 0 0 0 0 0 0 0 0 8 15 5 0 0 0 0 7 5 0 0 0 0 2 4 0 0 0 0 0 0 0 0 0 0 0 0 0 0 0 0 9 11 0 6 0 0 0 8 5 0 1 2 0 0 0 0 0 0 0 0 0 0 0 0 0 0 1 10 2 0 30 163 253 95 13 0 6 1 0 0 10 0 0 0 0 0 0 0 0 0 0 0 0 5 5 0 0 63 209 255 252 101 4 0 0 0 8 0 1 0 0 0 0 0 0 0 0 0 0 0 0 0 3 0 22 148 239 159 154 40 0 8 11 0 1 0 0 0 0 0 0 0 0 0 0 0 0 0 0 12 0 0 111 255 236 118 255 237 68 2 0 0 10 0 2 0 0 0 0 0 0 0 0 0 0 0 0 0 10 26 223 245 66 126 254 251 244 45 6 1 11 0 0 0 0 0 0 0 0 0 0 0 0 0 0 3 0 105 254 200 10 0 48 185 249 224 13 0 0 0 21 0 0 0 0 0 0 0 0 0 0 0 0 6 0 188 253 119 0 0 9 19 217 254 182 5 5 5 0 0 0 0 0 0 0 0 0 0 0 0 0 0 46 241 226 45 5 0 2 0 64 233 253 50 1 7 0 0 0 0 0 0 0 0 0 0 0 0 0 6 140 255 175 0 7 0 0 12 0 152 255 148 0 4 5 0 0 0 0 0 0 0 0 0 0 0 0 0 212 255 130 0 4 5 17 0 11 15 244 243 73 0 0 0 0 0 0 0 0 0 0 0 0 0 0 24 236 243 77 8 0 0 0 7 0 0 139 255 168 0 14 0 0 0 0 0 0 0 0 0 0 0 0 129 252 187 0 4 6 1 4 0 13 3 128 255 166 2 0 0 0 0 0 0 0 0 0 0 0 0 0 168 246 142 3 9 0 5 0 0 12 0 60 238 170 0 0 0 0 0 0 0 0 0 0 0 0 0 0 165 255 145 0 0 0 4 0 0 7 0 93 255 160 8 0 0 0 0 0 0 0 0 0 0 0 0 0 173 254 139 4 16 0 0 15 6 2 19 206 235 107 0 5 0 0 0 0 0 0 0 0 0 0 0 0 78 250 178 1 0 11 0 0 0 13 156 250 155 2 0 1 0 0 0 0 0 0 0 0 0 0 0 0 11 238 249 84 1 0 0 14 32 151 241 208 13 4 0 5 0 0 0 0 0 0 0 0 0 0 0 0 0 168 255 211 107 51 67 144 223 253 215 44 0 7 1 0 0 0 0 0 0 0 0 0 0 0 0 0 0 103 212 255 241 251 250 255 253 192 66 0 0 14 0 0 0 0 0 0 0 0 0 0 0 0 0 0 8 0 44 188 248 255 215 162 76 18 0 1 11 0 17 0 0 0 0 0 0 0 0 0 0 0 0 0 0 0 0 0 0 0 0 0 0 0 0 0 0 0 0 0 0 0 0 0 0 0 0 0 0 0 0 0 0 0 0 0 0 0 0 0 0 0 0 0 0 0 0 0 0 0 0 0 0 0 0 0 0 0 0 0 0 0 0 0 0 0 0 0 0 0 0 0 0 0 0 0 0 0 0 0 0 0 0 0 0 0 0 0 0 0 0 0 0 0 0 0 0 0 0 0 0 0 0 0 0 0 0 0
0 0 0 0 0 0 0 0 7 1 0 0 1 2 0 0 10 0 0 1 2 0 0 4 0 0 0 0 0 0 0 0 0 0 0 0 0 3 10 0 0 3 9 5 0 1 9 6 5 7 3 0 0 0 0 0 0 0 0 0 0 0 0 0 8 0 0 0 4 1 0 0 6 0 0 3 0 0 0 10 0 0 0 0 0 0 0 0 0 0 0 0 1 2 5 6 0 0 0 7 0 4 6 0 0 9 5 0 0 0 0 0 0 0 0 0 0 0 0 0 0 1 0 0 0 10 5 0 10 1 0 0 1 4 6 7 0 0 0 0 0 0 0 0 0 0 0 0 9 0 0 2 2 0 0 10 0 0 7 7 1 0 0 0 0 0 0 0 0 0 0 0 0 0 0 0 0 0 12 18 0 0 61 143 222 245 199 81 0 0 8 0 0 0 0 0 0 0 0 0 0 0 0 0 0 10 0 0 30 142 228 252 250 248 255 243 139 12 0 17 0 0 0 0 0 0 14 0 0 10 3 0 0 0 17 64 199 255 255 246 244 255 239 255 255 120 38 0 0 16 0 0 5 6 0 8 0 0 0 10 19 70 197 254 244 235 250 255 255 244 252 243 255 238 222 45 0 6 0 0 0 7 0 4 1 8 0 0 76 255 252 244 255 255 255 248 252 244 255 255 243 255 255 71 6 0 4 0 0 0 8 1 0 11 4 52 255 236 255 255 233 255 235 255 254 154 22 20 35 151 250 215 38 0 10 8 10 0 4 11 0 0 66 196 251 242 255 154 65 200 255 247 227 127 0 1 14 101 228 255 113 0 0 1 4 10 0 6 0 32 180 255 247 254 79 0 12 49 141 166 51 15 4 0 4 68 244 255 211 6 0 0 0 11 0 0 6 176 253 250 246 113 12 0 10 6 0 15 9 0 0 0 8 91 255 239 239 9 3 0 4 0 21 0 0 255 251 255 90 0 0 7 0 0 7 0 0 6 5 0 1 82 245 255 196 0 6 0 1 0 7 0 0 255 247 234 53 5 0 5 0 0 0 0 0 0 10 0 92 228 238 244 58 21 0 0 3 6 9 5 14 226 251 203 6 0 11 0 12 1 16 10 3 14 0 141 249 247 255 117 12 0 0 0 8 0 0 0 0 255 255 231 65 12 0 1 0 4 0 0 0 18 124 238 255 255 216 75 0 0 0 3 3 0 8 17 2 242 253 247 143 6 3 14 7 0 14 3 11 128 250 255 252 204 22 10 1 5 6 1 0 7 0 0 0 63 240 255 255 253 117 102 85 67 0 115 149 255 243 255 125 20 4 0 0 1 0 0 19 7 0 0 5 1 158 236 239 255 255 248 255 247 225 248 255 243 251 205 2 3 0 1 0 0 1 0 2 0 0 5 0 2 0 64 210 244 255 249 228 255 254 255 255 253 82 28 0 0 9 0 3 2 4 6 0 8 15 0 10 0 0 10 8 84 219 222 238 213 230 216 165 66 13 0 0 2 0 3 0 0 0 0 0 0 0 0 0 0 0 0 0 0 0 0 0 0 0 0 0 0 0 0 0 0 0 0 0 0 0 0 0 0 0 0 0 0 0 0 0 0 0 0 0 0 0 0 0 0 0 0 0 0 0 0 0 0 0 0 0 0 0 0 0 0 0 0 0 0 0 0 0 0 0 0 0 0 0 0 0 0 0 0 0 0 0 0 0 0 0 0 0 0 0 0 0 0 0 0 0 0 0 0 0 0 0 0 0 0 0 0 0 0 0 0
0 0 0 0 0 0 0 0 2 0 9 0 0 0 0 9 0 2 0 9 1 0 12 1 0 0 0 0 0 0 0 0 0 0 0 0 0 0 15 5 0 11 6 0 3 0 4 0 0 0 7 0 0 0 0 0 0 0 0 0 0 0 0 0 13 0 0 1 8 0 0 17 0 0 12 0 2 0 2 0 0 0 0 0 0 0 0 0 0 0 0 0 0 12 7 0 0 15 0 0 1 4 0 0 8 3 5 0 0 0 0 0 0 0 0 0 0 0 0 0 1 0 15 14 0 2 11 0 0 21 0 7 0 0 2 4 0 0 0 0 0 0 0 0 0 0 0 0 0 16 0 0 15 0 15 172 255 217 71 0 0 7 12 0 0 0 0 0 0 0 0 0 0 0 0 0 6 0 12 0 2 94 198 251 250 255 216 48 4 0 0 1 0 0 0 0 0 0 0 0 0 0 0 0 0 10 0 16 148 243 247 255 252 255 255 27 2 0 0 4 0 0 0 0 0 0 0 0 0 0 0 0 0 7 0 82 255 252 255 255 255 254 250 208 39 0 3 8 0 0 0 0 0 0 0 0 0 0 0 0 6 0 91 255 255 232 205 129 72 176 255 255 87 6 0 0 0 0 0 0 0 0 0 0 0 0 0 0 0 18 235 237 255 101 6 8 0 162 255 255 85 0 4 6 0 0 0 0 0 0 0 0 0 0 0 0 11 118 253 254 95 0 0 3 0 179 253 253 92 0 1 4 0 0 0 0 0 0 0 0 0 0 0 0 9 130 252 235 0 19 0 17 0 175 243 251 101 0 0 0 0 0 0 0 0 0 0 0 0 0 0 0 20 200 200 96 18 0 5 0 0 172 251 250 94 1 0 9 0 0 0 0 0 0 0 0 0 0 0 0 171 252 182 15 0 7 5 10 0 167 255 250 83 7 0 0 0 0 0 0 0 0 0 0 0 0 0 0 191 255 148 0 1 17 0 1 6 163 254 206 37 0 0 4 0 0 0 0 1 1 8 0 6 8 0 55 231 242 166 18 0 0 17 0 0 179 240 202 0 4 6 0 0 0 0 0 0 0 4 0 7 1 0 86 243 255 24 0 0 15 0 3 100 241 238 64 4 0 0 0 0 0 0 0 1 0 1 2 6 0 5 104 255 255 23 0 0 4 15 0 219 255 255 19 2 12 0 8 0 0 0 0 5 0 0 2 4 0 1 79 236 248 1 14 9 2 0 138 255 242 191 27 0 5 0 1 0 0 0 0 4 0 0 0 2 0 0 30 222 251 27 0 0 6 53 233 255 209 20 2 5 0 0 0 0 0 0 0 0 1 0 0 2 4 0 0 174 250 118 6 7 51 227 255 238 96 0 0 4 10 0 8 0 0 0 0 0 2 0 0 1 2 1 0 19 225 234 255 255 251 254 239 124 0 17 5 0 14 0 5 0 0 0 0 0 5 1 3 0 0 3 1 0 136 255 249 245 255 241 130 2 9 0 0 7 0 0 5 0 0 0 0 0 0 0 0 0 0 0 0 0 48 163 238 169 109 89 3 0 0 0 0 0 0 0 0 0 0 0 0 0 0 0 0 0 0 0 0 0 0 3 18 0 0 13 0 0 0 0 0 0 0 0 0 0 0 0 0 0 0 0 0 0 0 0 0 7 13 0 0 6 2 2 3 0 0 0 0 0 0 0 0 0 0 0 0 0 0 0 0 0 0 0 0 0 8 0 0 9 0 0 1 0 0 0 0 0 0 0 0 0 0 0 0
0 0 0 0 0 0 0 0 0 8 0 0 1 2 16 0 9 0 6 0 2 0 4 0 0 0 0 0 0 0 0 0 0 0 0 0 0 2 0 11 0 0 0 0 0 8 0 4 0 0 1 3 0 0 0 0 0 0 0 0 0 0 0 0 0 0 2 4 0 8 2 3 0 9 0 0 1 0 3 0 0 0 0 0 0 0 0 0 0 0 0 0 14 0 0 12 1 14 0 0 0 0 20 4 7 0 9 0 0 0 0 0 0 0 0 0 0 0 0 0 0 13 2 0 73 242 255 255 252 86 14 0 0 0 3 4 0 0 0 0 0 0 0 0 0 0 0 0 8 0 0 70 200 253 241 253 255 244 215 126 0 8 5 0 0 0 0 0 0 0 0 0 0 0 0 0 0 0 2 91 255 255 248 255 255 243 241 248 151 0 0 36 0 0 0 0 0 0 0 0 0 0 0 0 0 9 0 70 253 250 247 255 250 255 254 249 250 0 7 0 0 0 0 0 0 0 0 0 0 0 0 0 4 0 1 251 255 244 254 248 255 248 255 245 253 174 3 0 0 0 0 0 0 0 0 0 0 0 0 0 0 2 6 254 236 255 240 207 90 124 234 255 255 162 0 0 0 0 0 0 0 0 0 0 0 0 0 0 8 19 185 255 255 255 189 0 0 65 232 255 246 186 36 0 0 0 0 0 0 0 0 0 0 0 0 0 3 88 253 252 240 197 23 0 0 7 157 230 255 253 83 0 0 0 0 0 0 0 0 0 0 0 0 0 0 134 255 255 255 169 9 0 3 0 173 255 249 164 3 0 0 0 0 0 0 0 0 0 0 0 0 0 0 255 237 238 255 152 5 0 0 1 176 254 255 174 0 1 0 0 0 0 0 0 0 0 0 0 0 0 6 224 255 255 248 8 1 0 5 80 251 255 238 172 0 5 0 0 0 0 0 0 0 0 0 0 0 0 116 255 252 228 147 2 0 13 2 88 253 255 250 179 0 5 0 0 0 0 5 0 0 3 0 4 0 31 199 251 254 229 52 0 19 0 52 250 254 255 246 122 0 17 0 0 0 0 0 4 0 4 0 0 6 73 250 240 250 179 0 0 0 66 225 255 250 255 252 1 0 0 0 0 0 0 0 7 0 2 0 0 6 95 255 255 252 154 2 26 0 144 247 247 249 223 41 7 19 1 0 0 0 0 0 8 0 0 8 0 0 84 245 242 250 177 0 56 156 255 255 255 254 168 9 0 10 0 0 0 0 0 0 8 0 0 8 0 0 84 252 255 255 255 239 255 255 248 253 217 178 0 2 21 0 7 0 0 0 0 0 7 0 2 0 0 6 95 253 254 246 236 255 255 242 255 255 165 0 9 3 0 0 8 0 0 0 0 0 4 0 4 0 0 6 73 255 238 255 255 241 255 255 219 60 4 0 0 0 8 33 0 0 0 0 0 5 0 0 3 0 4 0 31 80 255 244 251 255 192 79 60 0 0 5 5 3 0 0 3 0 0 0 0 0 0 0 0 0 0 0 0 0 0 0 0 0 0 0 0 0 0 0 0 0 0 0 0 0 0 0 0 0 0 0 0 0 0 0 0 0 0 0 0 0 0 0 0 0 0 0 0 0 0 0 0 0 0 0 0 0 0 0 0 0 0 0 0 0 0 0 0 0 0 0 0 0 0 0 0 0 0 0 0 0 0 0 0 0 0 0 0 0 0 0 0 0 0 0 0 0 0 0 0 0 0 0 0 0 0 0 0 0 0 0 0
0 0 0 0 0 0 0 0 0 8 0 0 13 8 0 5 0 7 0 0 6 0 0 4 0 0 0 0 0 0 0 0 0 0 0 0 7 0 3 0 0 0 3 0 0 0 10 6 0 0 5 0 0 0 0 0 0 0 0 0 0 0 0 0 0 5 4 3 8 5 0 9 2 0 8 0 12 1 7 2 0 0 0 0 0 0 0 0 0 0 0 0 8 4 0 8 0 10 0 0 1 5 2 0 13 0 0 17 0 0 0 0 0 0 0 0 0 0 0 0 7 0 0 16 0 0 11 8 0 0 14 0 0 10 0 0 0 0 0 0 0 0 0 0 0 0 0 0 0 16 21 0 42 31 127 254 255 61 11 42 9 0 3 12 0 0 0 0 0 0 0 0 0 0 0 0 8 0 0 72 254 255 229 255 249 248 255 205 64 60 26 0 0 0 0 0 0 0 0 0 0 0 0 0 2 0 86 247 240 255 255 251 250 255 250 247 250 255 93 0 0 0 0 0 4 0 9 2 0 6 0 0 0 88 238 248 245 249 255 254 249 254 254 250 252 193 44 6 0 0 0 0 1 0 0 1 0 8 6 0 3 171 244 252 255 252 252 247 240 255 227 255 245 210 62 2 0 0 0 0 0 3 0 8 0 0 0 1 99 228 255 245 250 247 175 59 206 239 255 251 255 246 110 0 0 0 0 0 0 3 0 6 0 0 12 101 253 253 255 250 255 249 117 2 10 22 238 249 245 255 104 14 0 0 0 0 2 0 0 0 1 6 51 242 255 233 245 252 244 132 10 9 10 1 15 255 255 247 251 57 0 0 0 0 0 0 5 0 2 0 77 255 249 253 255 255 137 16 0 0 0 0 23 255 248 246 255 60 0 0 0 0 0 3 8 0 1 7 142 238 255 251 248 225 0 0 31 0 5 2 27 227 255 255 255 57 0 0 0 0 0 5 0 0 0 42 247 255 248 242 255 249 2 9 0 5 0 0 26 255 253 251 140 43 0 0 0 0 2 3 0 0 0 40 245 253 254 247 249 254 0 8 13 0 2 156 190 250 246 255 84 6 0 0 0 0 0 5 8 0 2 34 255 249 255 255 236 242 6 6 0 21 0 211 249 233 255 144 34 0 0 0 0 0 0 6 1 0 1 22 255 245 247 254 252 255 3 0 10 144 248 255 253 255 137 4 0 0 0 0 0 0 0 0 0 0 16 26 200 255 255 254 255 234 0 68 147 255 249 250 238 191 3 17 0 6 0 0 0 0 0 3 0 7 4 0 83 243 250 255 249 233 124 237 255 244 253 243 254 144 3 0 0 0 0 0 0 0 4 6 1 4 0 0 46 255 244 255 244 255 252 255 253 252 251 255 129 0 0 0 3 4 0 0 0 0 0 0 0 5 0 24 76 242 237 255 243 253 255 230 241 255 255 119 9 12 0 0 4 0 0 0 0 0 1 0 4 4 0 0 16 69 172 243 255 247 253 253 255 144 67 0 10 0 0 12 0 0 0 0 0 0 0 0 0 0 0 0 0 0 21 162 255 254 253 254 155 13 0 0 0 0 0 0 0 0 0 0 0 0 0 0 0 0 0 0 0 0 0 4 4 1 0 1 0 0 0 0 0 0 0 0 0 0 0 0 0 0 0 0 0 0 0 0 0 0 5 0 0 4 4 0 0 3 0 0 0 0 0 0 0 0 0 0 0 0 0 0 0 0 0 0 0 0 3 8 2 0 0 3 9 3 0 0 0 0 0 0 0 0 0 0 0 0
0 0 0 0 0 0 0 0 0 8 5 0 8 0 1 0 0 0 0 4 0 13 0 14 0 0 0 0 0 0 0 0 0 0 0 0 6 0 3 0 0 0 2 9 0 2 16 0 0 0 3 0 0 0 0 0 0 0 0 0 0 0 0 0 6 0 10 0 0 15 3 0 0 0 0 3 15 0 24 0 0 0 0 0 0 0 0 0 0 0 0 0 3 0 0 17 7 0 0 5 0 27 0 0 0 0 0 0 0 0 0 0 0 0 0 0 0 0 0 0 0 24 0 0 6 81 198 255 253 217 51 7 15 0 0 14 0 0 0 0 0 0 0 0 0 0 0 0 0 4 0 15 149 240 255 223 252 255 129 0 2 5 7 0 0 0 0 0 0 0 0 0 0 0 0 0 1 0 111 191 255 239 248 255 251 250 242 213 169 37 0 12 0 0 0 0 0 0 0 0 0 0 0 0 2 9 244 255 250 246 252 254 250 255 251 255 253 248 119 0 0 0 0 0 0 10 0 1 3 0 3 0 82 181 255 240 255 255 251 251 243 255 244 245 255 238 220 4 1 0 2 0 0 13 0 0 0 17 0 50 246 255 255 239 255 255 177 222 255 243 255 255 230 255 247 176 32 2 2 0 10 0 0 2 0 0 0 140 255 249 255 255 237 104 46 21 112 109 171 223 255 255 246 255 59 4 0 2 7 0 0 9 0 0 42 218 245 249 234 253 62 0 2 1 0 0 25 53 252 236 248 245 68 0 0 8 0 0 12 0 0 41 179 251 253 246 255 194 9 10 0 13 7 9 1 0 181 244 255 253 74 0 0 8 4 0 0 0 6 70 255 251 255 253 187 28 17 0 0 0 0 0 3 0 76 241 245 240 75 9 0 3 14 0 0 8 7 67 254 249 231 254 21 0 9 4 7 0 2 5 7 2 125 255 255 251 55 9 0 0 0 10 0 7 0 74 249 251 255 240 1 0 0 0 0 6 0 9 0 0 255 248 244 190 29 1 0 1 0 1 0 0 0 92 245 249 247 255 1 0 11 0 5 2 0 0 4 161 247 250 255 142 0 0 0 0 4 0 2 13 2 66 255 255 255 230 4 0 2 0 3 0 13 0 41 217 235 255 243 78 0 0 0 0 0 2 0 0 0 66 255 238 252 255 170 87 15 0 0 0 3 15 217 247 255 255 186 0 0 0 0 0 4 18 3 0 8 65 212 250 243 253 255 244 238 255 255 255 244 255 251 246 255 248 159 20 0 0 0 0 0 0 0 2 0 0 71 239 255 232 255 255 253 253 243 255 255 250 242 255 252 181 13 0 0 0 0 0 3 10 3 11 0 0 4 173 255 251 255 243 254 255 249 239 228 255 252 253 168 16 8 4 0 0 0 0 0 7 0 0 0 13 0 48 134 223 253 252 247 246 249 255 255 249 198 138 10 0 0 0 0 0 0 0 0 0 0 4 7 1 0 0 5 52 62 175 255 252 239 255 132 81 48 0 4 0 13 0 0 0 0 0 0 0 0 0 0 0 0 0 0 0 0 0 0 0 0 0 0 0 0 0 0 0 0 0 0 0 0 0 0 0 0 0 0 0 0 0 0 0 0 0 0 0 0 0 0 0 0 0 0 0 0 0 0 0 0 0 0 0 0 0 0 0 0 0 0 0 0 0 0 0 0 0 0 0 0 0 0 0 0 0 0 0 0 0 0 0 0 0 0 0 0 0 0 0 0 0 0 0 0 0 0 0 0 0 0 0 0 0 0 0 0 0
0 0 0 0 0 0 0 0 2 0 2 1 0 9 5 0 4 0 2 3 0 0 2 0 0 0 0 0 0 0 0 0 0 0 0 0 0 2 13 4 0 0 0 6 6 0 0 0 0 1 6 3 0 0 0 0 0 0 0 0 0 0 0 0 10 0 0 4 12 0 0 2 0 0 4 7 2 0 0 0 0 0 0 0 0 0 0 0 0 0 0 0 0 19 15 1 0 0 7 3 11 6 0 0 0 2 0 2 0 0 0 0 0 0 0 0 0 0 0 0 0 0 0 2 12 0 0 3 0 3 2 2 11 4 0 0 0 0 0 0 0 0 0 0 0 0 0 0 12 41 71 173 253 251 254 255 200 137 36 0 0 4 0 0 0 0 0 0 0 0 0 0 0 0 0 0 52 197 255 255 255 254 255 244 252 255 236 155 75 4 0 11 0 0 0 0 0 0 0 0 0 0 0 0 160 254 255 236 145 36 36 68 141 206 250 255 229 133 29 0 0 0 0 0 4 0 0 9 0 0 10 32 250 247 255 243 127 0 3 3 1 6 73 247 255 253 75 0 0 0 0 0 0 0 9 0 0 7 0 131 244 248 255 208 48 9 0 0 0 0 6 99 237 253 196 28 0 0 0 0 1 0 2 0 6 9 0 108 255 255 255 158 0 13 0 0 11 0 0 1 132 255 255 129 0 0 0 0 8 0 0 10 0 0 5 50 255 254 251 87 2 0 0 2 4 0 9 0 21 210 241 159 0 0 0 0 0 5 0 10 0 0 28 115 240 255 197 16 4 0 8 0 0 0 1 2 0 151 255 128 0 0 0 0 0 1 5 0 1 0 3 196 250 255 129 0 0 0 12 0 0 10 3 7 0 193 255 151 0 0 0 0 2 1 1 0 8 6 21 227 255 215 52 0 0 7 3 0 0 1 0 0 22 247 236 143 0 0 0 0 0 9 0 6 0 7 103 255 248 116 0 1 9 0 0 2 0 4 0 3 160 252 239 73 0 0 0 0 0 1 0 6 2 0 173 237 255 129 0 0 0 1 0 7 0 12 0 71 255 254 150 10 0 0 0 0 5 10 0 0 1 5 171 255 255 136 13 12 7 0 18 0 3 0 22 193 241 244 104 0 0 0 0 0 0 9 0 0 4 6 115 255 241 255 0 0 0 17 0 16 3 0 116 255 247 237 7 6 0 0 0 0 0 5 0 5 5 0 58 246 255 255 4 0 5 2 0 0 7 130 250 243 219 22 0 0 0 0 0 0 3 5 0 5 2 0 52 255 242 245 6 0 11 7 0 8 128 255 255 211 67 0 9 14 0 0 0 0 5 0 0 4 1 0 39 224 255 247 17 7 0 0 18 199 255 238 189 20 2 5 0 0 0 0 0 0 0 0 0 3 2 0 6 102 246 255 205 55 38 101 220 252 255 206 89 5 6 0 5 3 0 0 0 0 3 0 3 0 0 4 0 22 222 243 255 238 255 255 238 255 162 12 0 7 0 0 13 0 0 0 0 0 0 0 0 0 0 0 0 0 21 152 251 255 252 255 195 100 0 0 0 0 0 0 0 0 0 0 0 0 0 0 0 0 0 0 0 0 0 0 8 10 2 0 0 7 0 0 0 0 0 0 0 0 0 0 0 0 0 0 0 0 0 0 0 0 9 0 0 0 0 0 0 0 0 0 0 0 0 0 0 0 0 0 0 0 0 0 0 0 0 0 0 0 0 4 8 1 3 12 8 0 0 0 0 0 0 0 0 0 0 0 0 0
0 0 0 0 0 0 0 0 14 0 3 3 0 0 0 8 4 0 0 9 0 13 0 0 0 0 0 0 0 0 0 0 0 0 0 0 0 7 0 0 10 10 0 0 0 0 29 0 0 0 12 4 0 0 0 0 0 0 0 0 0 0 0 0 0 8 0 3 5 0 5 2 13 0 0 9 0 0 0 5 0 0 0 0 0 0 0 0 0 0 0 0 7 0 0 8 0 0 12 0 0 0 0 12 15 0 3 0 0 0 0 0 0 0 0 0 0 0 0 0 0 2 11 0 2 14 0 0 87 255 255 211 28 10 6 6 0 0 0 0 0 0 0 0 0 0 0 0 0 7 7 0 8 0 0 96 233 251 255 252 206 41 0 0 0 0 0 0 0 0 0 0 0 0 0 0 0 0 0 0 0 3 88 224 254 255 249 250 255 213 26 0 0 0 0 0 0 0 0 0 0 0 0 0 6 0 0 8 0 91 245 255 255 246 255 249 255 247 0 5 0 0 0 0 1 0 9 0 8 4 0 4 0 13 0 40 138 238 249 253 254 250 255 250 252 249 111 5 0 0 0 0 0 0 7 0 8 0 0 3 0 5 0 109 255 251 255 249 240 255 255 243 255 255 203 0 0 0 0 0 0 0 1 0 5 0 4 3 8 5 103 236 255 236 247 255 255 160 215 255 243 245 192 4 0 0 0 0 0 3 0 0 0 0 9 0 5 70 214 255 252 255 255 248 102 0 177 255 245 255 197 13 0 0 0 0 0 7 0 0 0 5 0 0 27 140 255 255 247 242 250 100 1 7 185 239 255 242 152 0 0 0 0 0 0 4 2 0 2 7 0 23 121 255 255 240 255 243 74 10 2 131 228 247 255 250 29 0 0 0 0 0 0 0 4 0 0 3 0 113 255 255 246 255 248 222 12 0 22 196 255 255 244 255 0 1 0 0 0 0 7 0 3 0 0 0 12 199 255 236 255 246 231 50 0 5 212 248 248 253 236 79 0 2 0 0 0 0 0 0 0 0 2 14 48 219 255 250 255 220 79 3 0 1 225 255 255 255 142 0 0 0 0 0 0 0 1 2 6 0 0 5 128 255 247 245 255 143 0 0 80 169 255 241 252 255 111 19 0 20 0 0 0 0 1 0 7 12 6 0 141 237 255 255 255 176 10 71 228 250 245 255 255 206 11 5 0 0 0 0 0 0 8 0 0 0 5 0 154 255 255 230 249 210 112 226 254 255 254 255 162 129 4 0 9 20 0 0 0 0 0 8 5 0 0 17 109 243 241 255 248 255 248 255 255 249 255 252 85 0 0 6 0 0 0 0 0 0 0 0 2 5 0 0 18 209 255 226 255 245 249 255 250 253 175 0 0 20 0 0 19 0 0 0 0 0 14 0 0 5 1 0 1 186 248 248 254 250 250 255 255 241 29 3 4 0 17 8 0 5 0 0 0 0 0 6 6 0 0 13 0 61 118 255 248 247 255 230 58 71 2 11 0 0 2 0 9 0 0 0 0 0 0 0 0 0 0 0 0 0 0 0 0 0 0 0 0 0 0 0 0 0 0 0 0 0 0 0 0 0 0 0 0 0 0 0 0 0 0 0 0 0 0 0 0 0 0 0 0 0 0 0 0 0 0 0 0 0 0 0 0 0 0 0 0 0 0 0 0 0 0 0 0 0 0 0 0 0 0 0 0 0 0 0 0 0 0 0 0 0 0 0 0 0 0 0 0 0 0 0 0 0 0 0 0 0 0 0 0 0 0 0 0 0
0 0 0 0 0 0 0 0 3 0 3 9 0 0 13 0 2 0 0 9 0 0 0 5 0 0 0 0 0 0 0 0 0 0 0 0 0 16 0 0 10 0 0 13 0 0 7 0 1 6 9 0 0 0 0 0 0 0 0 0 0 0 0 0 0 0 0 5 13 0 0 2 20 0 0 5 7 0 0 7 0 0 0 0 0 0 0 0 0 0 0 0 12 0 0 0 0 1 10 0 0 8 1 2 0 13 2 0 0 0 0 0 0 0 0 0 0 0 0 0 0 8 9 0 0 0 0 2 14 7 0 0 0 9 3 0 0 0 0 0 0 0 0 0 0 0 0 0 8 0 0 47 139 228 255 251 222 102 19 0 17 0 0 7 0 0 0 0 0 0 0 0 0 0 0 0 0 58 164 241 255 243 244 252 255 246 155 55 0 7 5 0 0 0 0 0 0 0 0 0 0 0 0 0 153 241 255 253 235 97 0 32 112 255 255 204 0 13 0 14 0 0 0 0 0 0 0 3 10 5 97 154 255 255 247 214 118 0 0 8 0 50 214 255 135 3 7 4 0 0 0 0 0 25 0 7 0 153 255 210 148 109 255 135 5 0 19 0 5 7 95 198 255 112 0 0 0 0 0 0 0 6 4 0 61 255 202 97 8 103 253 33 8 0 0 5 11 0 0 58 255 206 56 0 0 0 0 0 3 0 14 0 232 205 37 2 0 99 246 39 14 0 11 0 0 0 8 9 148 255 167 0 0 0 0 0 3 3 0 4 206 42 0 7 11 90 227 39 0 6 6 0 5 0 12 7 48 255 230 5 0 0 0 0 7 0 0 16 31 0 2 0 0 186 174 0 7 4 0 0 2 1 0 0 9 250 246 5 0 0 0 0 0 0 12 13 0 20 13 0 1 236 153 2 2 0 11 0 0 11 0 10 23 230 251 28 0 0 0 0 0 16 0 0 22 0 0 2 0 222 173 0 4 6 0 13 6 0 0 6 0 146 248 99 0 0 0 0 0 0 0 0 0 0 0 0 3 221 164 0 2 0 0 8 0 7 0 0 9 137 248 0 0 0 0 0 0 0 0 0 0 0 0 0 0 234 167 0 7 3 22 0 0 0 18 4 8 213 255 5 0 0 0 0 0 0 0 0 0 0 0 0 5 193 239 28 0 0 0 7 2 3 0 0 48 253 224 0 0 0 0 0 0 0 0 0 0 0 0 0 0 98 240 56 0 12 0 3 0 13 1 9 162 255 96 0 0 0 0 0 0 0 0 0 0 0 0 0 12 96 245 133 17 0 19 0 22 0 0 40 247 232 0 8 0 0 0 0 0 0 0 0 0 0 0 0 0 33 241 253 134 8 0 8 0 4 42 157 247 107 0 0 0 0 0 0 0 0 0 0 0 0 0 0 11 0 153 255 255 131 14 11 32 142 206 255 154 0 9 0 0 0 0 0 0 0 0 0 0 0 0 0 0 1 7 119 251 254 255 251 251 254 255 143 1 7 0 3 0 0 0 0 0 0 0 0 0 0 0 0 0 0 5 0 108 170 234 168 132 102 53 10 0 0 1 0 0 0 0 0 0 0 0 0 0 0 0 0 0 8 3 0 0 0 11 0 4 2 0 0 0 7 6 0 0 0 0 0 0 0 0 0 0 0 0 0 0 3 0 22 5 0 0 6 0 0 0 1 3 5 1 0 0 0 0 0 0 0 0 0 0 0 0 0 0 5 0 1 0 11 0 0 5 5 2 0 0 0 1 2 0 0 0 0
0 0 0 0 0 0 0 0 0 0 3 0 0 1 0 11 0 8 0 3 0 0 10 0 0 0 0 0 0 0 0 0 0 0 0 0 5 0 2 0 0 1 9 0 19 0 0 4 0 0 5 0 0 0 0 0 0 0 0 0 0 0 0 0 0 4 0 0 26 0 0 16 0 3 9 0 10 0 0 5 0 0 0 0 0 0 0 0 0 0 0 0 13 0 0 0 0 6 0 0 23 0 11 0 3 8 9 0 0 0 0 0 0 0 0 0 0 0 0 0 0 0 2 15 4 6 5 185 144 255 248 57 0 0 0 0 0 0 0 0 0 0 0 0 0 0 0 0 0 1 3 0 26 190 212 243 255 251 252 168 35 0 4 1 0 0 0 0 0 0 0 0 0 0 0 0 0 21 0 7 139 241 250 255 248 255 255 231 92 4 0 11 0 0 0 0 0 0 0 0 0 0 0 0 0 0 0 87 245 248 255 244 253 249 248 255 95 6 0 0 0 0 0 0 0 2 0 1 3 0 0 12 0 19 187 236 244 255 253 255 248 253 253 255 211 0 16 0 0 0 0 0 0 0 2 1 0 5 0 0 0 159 253 243 255 255 255 255 255 248 255 255 245 0 5 0 0 0 0 0 0 0 5 6 0 23 3 10 185 232 255 239 255 255 239 245 224 233 254 235 245 10 0 3 0 0 0 0 0 4 4 1 0 0 0 58 229 255 250 255 255 229 227 161 48 170 252 248 255 84 2 0 0 0 0 0 0 4 0 2 0 0 26 171 255 240 255 252 253 179 12 0 0 178 252 255 255 138 8 0 0 0 0 0 0 0 0 4 9 4 104 255 249 249 243 255 165 36 0 18 75 242 249 251 245 136 0 0 0 0 0 0 10 0 1 0 0 9 165 245 255 250 177 77 0 0 0 0 75 248 248 255 255 140 3 0 0 0 0 0 7 0 6 4 0 54 252 255 234 255 90 0 0 3 3 5 65 254 255 246 245 127 17 2 0 0 0 0 3 0 18 0 2 11 146 255 219 27 22 15 0 8 0 8 58 216 255 252 251 189 25 0 0 0 0 0 7 0 4 0 0 4 155 239 242 62 11 0 7 6 7 2 4 181 255 255 242 6 4 0 0 0 0 0 5 0 0 2 0 0 163 246 255 195 0 0 11 0 0 0 61 255 248 255 238 1 0 19 0 0 0 0 0 1 4 1 0 0 138 255 245 246 78 69 0 0 27 136 229 253 246 253 115 13 0 0 0 0 0 0 0 0 7 0 9 0 65 220 255 238 255 237 165 175 165 239 255 237 255 120 10 7 13 7 0 0 0 0 5 0 3 0 15 1 0 108 242 255 249 250 243 252 246 255 255 255 202 14 7 0 0 0 0 0 0 0 3 0 2 0 5 2 0 21 74 227 228 255 255 249 254 214 150 52 12 15 7 0 1 13 0 0 0 0 0 2 8 6 0 3 10 0 1 52 245 255 236 255 231 53 22 0 8 0 0 1 11 0 0 0 0 0 0 0 0 0 0 0 0 0 0 0 0 0 0 0 0 0 0 0 0 0 0 0 0 0 0 0 0 0 0 0 0 0 0 0 0 0 0 0 0 0 0 0 0 0 0 0 0 0 0 0 0 0 0 0 0 0 0 0 0 0 0 0 0 0 0 0 0 0 0 0 0 0 0 0 0 0 0 0 0 0 0 0 0 0 0 0 0 0 0 0 0 0 0 0 0 0 0 0 0 0 0 0 0 0 0 0 0 0 0 0 0 0
0 0 0 0 0 0 0 0 5 0 0 0 7 0 0 3 0 0 5 6 0 0 4 5 0 0 0 0 0 0 0 0 0 0 0 0 0 0 0 17 0 0 20 0 5 0 1 0 2 2 3 0 0 0 0 0 0 0 0 0 0 0 0 0 3 3 1 0 0 9 0 0 0 0 10 1 9 0 6 7 0 0 0 0 0 0 0 0 0 0 0 0 0 0 0 0 2 9 2 6 12 0 0 0 7 0 0 0 0 0 0 0 0 0 0 0 0 0 0 0 8 0 4 5 11 56 213 216 178 128 34 0 0 14 7 6 0 0 0 0 0 0 0 0 0 0 0 0 0 11 39 20 179 244 252 255 253 254 183 80 18 0 0 0 0 0 0 0 0 0 0 0 0 0 0 0 25 87 255 255 254 255 245 128 141 202 255 236 191 55 3 1 0 0 0 0 0 0 0 0 0 0 0 0 115 255 192 175 190 173 243 106 0 0 118 194 255 91 15 0 0 0 0 0 0 9 0 0 8 1 0 102 253 160 0 6 3 0 132 58 5 0 16 58 255 255 129 0 0 0 0 0 5 1 0 13 0 0 14 184 183 21 1 0 0 9 0 0 0 10 1 0 149 241 146 16 0 0 0 0 9 0 0 6 0 2 118 250 146 6 0 0 4 9 0 9 7 0 0 5 3 211 203 3 0 0 0 0 0 3 0 0 12 37 255 211 34 3 0 5 0 0 13 0 1 9 0 3 0 200 185 0 0 0 0 0 0 6 12 0 0 58 248 58 0 0 17 11 0 10 1 2 0 5 0 2 6 202 196 2 0 0 0 0 1 0 5 9 0 157 248 57 5 0 0 0 0 3 0 7 7 0 5 3 0 206 255 30 0 0 0 0 16 0 0 0 9 188 182 0 1 10 0 12 12 5 0 0 0 13 4 0 12 197 253 90 0 0 0 0 0 12 0 19 107 254 213 0 0 3 0 0 0 13 0 13 10 0 6 19 0 164 255 96 0 0 0 0 9 0 0 1 86 251 244 69 10 0 3 0 5 0 8 0 4 0 0 4 0 131 209 5 0 0 0 0 0 0 0 10 5 147 250 211 22 9 2 2 14 4 0 1 0 0 8 0 18 195 158 1 0 0 0 0 8 3 10 2 0 24 208 255 186 18 0 0 0 0 18 5 0 12 3 0 103 255 127 10 0 0 0 0 6 0 2 0 8 0 138 253 246 255 192 8 10 4 0 0 0 11 21 146 255 232 81 0 0 0 0 0 0 7 0 5 0 6 38 201 255 240 247 204 43 23 41 79 185 173 169 254 255 79 0 0 0 0 0 0 2 11 2 0 0 7 0 83 244 243 255 132 135 146 255 242 243 255 255 217 143 20 0 4 0 0 0 0 0 0 8 0 20 5 0 7 106 255 255 255 236 255 255 255 255 228 180 49 0 0 0 0 0 0 0 0 2 0 4 8 0 0 12 0 7 18 127 249 245 135 216 255 255 131 12 0 6 1 0 0 0 0 0 0 0 0 0 0 0 0 0 0 0 0 0 0 0 0 0 0 0 0 0 0 0 0 0 0 0 0 0 0 0 0 0 0 0 0 0 0 0 0 0 0 0 0 0 0 0 0 0 0 0 0 0 0 0 0 0 0 0 0 0 0 0 0 0 0 0 0 0 0 0 0 0 0 0 0 0 0 0 0 0 0 0 0 0 0 0 0 0 0 0 0 0 0 0 0 0 0 0 0 0 0 0 0 0 0 0 0 0 0 0 0 0 0
0 0 0 0 0 0 0 0 8 0 0 3 3 0 1 0 0 0 0 0 1 8 3 0 0 0 0 0 0 0 0 0 0 0 0 0 0 0 6 9 0 0 4 8 2 0 13 0 0 1 2 10 0 0 0 0 0 0 0 0 0 0 0 0 0 10 0 0 9 7 0 0 0 0 6 4 2 13 0 0 0 0 0 0 0 0 0 0 0 0 0 0 0 2 11 0 0 5 1 4 5 4 0 0 0 0 10 10 0 0 0 0 0 0 0 0 0 0 0 0 19 0 3 7 0 3 13 0 0 54 54 66 36 0 0 0 0 0 0 0 0 0 0 0 0 0 0 0 0 0 7 5 15 5 0 7 56 200 255 255 162 22 0 16 0 0 0 0 0 0 0 0 0 0 0 0 0 10 15 0 4 4 36 183 212 255 255 248 246 144 11 0 0 0 0 0 0 0 0 0 0 0 0 0 4 0 135 249 255 255 239 250 248 255 255 237 255 206 30 11 0 0 0 0 1 4 0 0 11 10 0 3 83 142 244 255 255 250 251 252 252 255 247 255 254 255 204 28 0 0 0 0 0 7 0 16 0 0 32 72 228 255 255 241 248 255 255 242 251 255 255 243 244 254 227 106 0 0 0 0 0 1 0 13 0 3 191 255 252 255 242 243 255 243 234 187 162 158 171 193 255 255 255 239 0 0 0 0 2 1 5 0 0 8 206 242 250 250 251 255 255 198 102 18 9 0 10 55 210 243 245 255 0 0 0 0 0 2 0 2 19 129 247 255 255 255 251 110 29 8 0 1 0 3 0 0 177 255 255 250 0 0 0 0 3 15 0 3 67 229 248 255 248 154 111 9 0 21 0 0 0 16 7 42 200 255 254 245 0 0 0 0 0 2 0 18 186 255 254 250 170 29 0 0 0 3 0 4 0 0 2 114 247 255 254 255 0 0 0 0 9 0 6 0 249 245 253 251 99 3 2 13 4 0 6 0 4 1 0 127 244 254 255 245 0 0 0 0 0 3 9 0 251 255 255 245 116 7 0 8 0 3 9 0 2 0 27 166 247 252 246 180 0 0 0 0 8 0 0 0 255 237 241 255 201 154 61 87 11 0 19 0 76 49 40 255 233 255 255 45 0 0 0 0 0 0 8 7 228 252 255 244 253 255 237 221 208 124 244 228 234 253 228 254 255 228 127 9 0 0 0 0 6 11 0 3 37 191 251 245 255 255 255 255 255 245 252 255 255 241 255 251 240 211 0 3 0 0 0 0 11 0 20 0 12 54 215 255 252 244 251 253 238 255 242 255 236 255 255 164 81 63 0 2 0 0 0 0 1 12 0 22 0 0 5 68 190 200 231 246 255 237 214 190 197 211 160 0 0 0 15 0 0 0 0 0 0 7 0 0 1 13 0 6 0 12 26 126 139 137 60 0 0 0 5 27 0 7 0 19 0 0 0 0 7 0 3 6 0 0 8 0 12 0 14 0 2 0 4 1 8 8 0 0 5 7 0 0 0 0 0 0 0 0 0 0 0 0 0 0 0 0 0 0 0 0 0 0 0 0 0 0 0 0 0 0 0 0 0 0 0 0 0 0 0 0 0 0 0 0 0 0 0 0 0 0 0 0 0 0 0 0 0 0 0 0 0 0 0 0 0 0 0 0 0 0 0 0 0 0 0 0 0 0 0 0 0 0 0 0 0 0 0 0 0 0 0 0 0 0 0 0 0 0 0 0 0 0 0 0 0 0 0 0 0 0 0 0 0 0 0 0 0 0
0 0 0 0 0 0 0 0 5 0 12 3 0 3 0 0 0 8 8 0 7 0 2 6 0 0 0 0 0 0 0 0 0 0 0 0 1 0 0 0 2 12 5 0 3 0 0 8 5 0 9 0 0 0 0 0 0 0 0 0 0 0 0 0 0 0 0 7 3 0 0 21 0 19 0 20 0 0 10 0 0 0 0 0 0 0 0 0 0 0 0 0 0 9 2 0 1 14 0 0 3 0 22 0 4 13 0 11 0 0 0 0 0 0 0 0 0 0 0 0 6 0 8 1 2 1 3 81 202 250 192 81 9 3 0 4 0 0 0 0 0 0 0 0 0 0 0 0 4 0 2 1 0 32 124 255 255 255 249 230 81 0 0 0 0 0 0 0 0 0 0 0 0 0 0 0 0 14 0 4 83 197 255 227 168 37 253 253 255 97 3 0 0 0 0 0 0 0 0 0 0 0 0 0 0 3 0 131 249 255 237 87 3 137 255 249 242 238 194 68 0 0 0 0 0 3 6 0 4 0 0 6 0 21 121 246 255 246 82 2 34 237 255 229 218 220 255 96 0 0 0 0 2 0 0 0 10 2 0 0 36 154 248 255 237 72 21 0 31 233 187 0 0 75 255 87 0 0 0 0 3 0 0 6 8 0 0 16 131 255 243 255 73 0 0 0 0 7 0 0 29 42 237 184 0 0 0 0 0 0 5 4 0 0 9 122 248 237 246 69 6 0 6 6 3 0 4 0 4 77 250 220 0 0 0 0 0 0 10 0 0 0 39 224 255 255 117 1 0 12 0 5 7 0 0 0 0 70 255 193 0 0 0 0 1 0 2 0 10 1 98 255 239 186 14 0 24 0 9 0 0 17 3 4 3 59 253 76 0 0 0 0 0 5 0 0 8 0 184 255 234 18 11 0 0 14 0 9 0 4 0 2 0 81 255 116 0 0 0 0 0 14 0 8 0 0 253 246 185 13 0 10 3 0 0 3 6 0 0 4 7 201 248 73 0 0 0 0 5 0 0 1 0 0 239 247 192 5 0 0 0 5 0 2 0 5 5 0 94 253 211 0 0 0 0 0 0 3 6 3 10 133 237 255 209 0 0 16 0 0 3 0 5 6 0 19 217 242 70 0 0 0 0 0 10 0 0 0 0 12 223 255 186 14 0 0 10 0 0 5 0 0 14 34 236 197 19 0 0 0 0 0 0 7 3 0 18 0 249 251 228 66 15 0 0 3 16 0 10 0 44 227 250 192 0 0 0 0 0 0 0 15 0 0 0 6 82 237 252 234 126 1 1 0 0 20 63 132 220 255 206 90 0 0 0 0 0 0 8 0 0 14 0 1 1 195 240 255 236 165 174 189 207 188 255 242 255 211 13 0 14 10 0 0 0 0 18 0 6 7 0 0 4 0 90 223 255 255 255 236 244 250 245 239 171 1 16 8 0 0 0 0 0 0 0 0 1 0 8 0 9 0 0 36 93 180 255 249 218 119 109 0 1 7 0 7 0 9 0 0 0 0 0 0 0 0 0 0 0 0 0 0 0 0 0 0 0 0 0 0 0 0 0 0 0 0 0 0 0 0 0 0 0 0 0 0 0 0 0 0 0 0 0 0 0 0 0 0 0 0 0 0 0 0 0 0 0 0 0 0 0 0 0 0 0 0 0 0 0 0 0 0 0 0 0 0 0 0 0 0 0 0 0 0 0 0 0 0 0 0 0 0 0 0 0 0 0 0 0 0 0 0 0 0 0 0 0 0 0 0 0 0 0 0
0 0 0 0 0 0 0 0 7 0 0 8 3 0 0 4 3 0 0 3 0 1 0 2 0 0 0 0 0 0 0 0 0 0 0 0 0 6 12 3 0 0 5 0 0 4 0 0 0 11 2 7 0 0 0 0 0 0 0 0 0 0 0 0 5 0 0 0 5 1 0 2 0 10 0 6 0 0 0 0 0 0 0 0 0 0 0 0 0 0 0 0 0 7 7 0 2 6 1 0 10 0 0 9 0 11 8 7 0 0 0 0 0 0 0 0 0 0 0 0 5 0 0 0 2 0 2 41 203 255 255 173 22 0 1 0 0 0 0 0 0 0 0 0 0 0 0 0 0 4 10 4 3 23 108 216 255 250 245 251 157 11 0 12 0 0 0 0 0 0 0 0 0 0 0 0 10 25 0 3 119 239 255 249 240 255 226 216 235 104 21 0 0 0 0 0 0 0 0 0 0 0 0 0 0 0 0 110 236 255 239 247 220 150 50 119 255 103 0 5 0 0 0 0 0 15 0 0 21 0 5 0 0 27 128 250 250 245 187 74 1 0 13 120 255 178 1 4 0 0 0 0 4 0 11 14 0 12 11 0 15 171 244 255 247 160 1 0 0 0 8 123 250 254 15 11 0 0 0 0 5 0 0 5 21 0 0 25 151 243 252 209 121 2 0 10 4 17 0 137 252 253 13 0 0 0 0 0 0 0 6 0 2 13 15 76 233 255 255 41 1 6 0 2 0 0 0 134 255 244 23 3 0 0 0 0 12 8 0 0 0 0 0 190 255 199 122 4 0 0 0 0 17 0 10 141 255 254 17 0 0 0 0 0 0 0 11 13 0 21 239 255 232 226 0 0 10 3 15 4 0 12 37 237 241 118 0 9 0 0 0 0 2 11 0 0 10 18 255 241 255 87 0 29 0 2 0 0 1 0 41 255 255 97 12 0 0 0 0 0 5 5 1 11 0 183 255 249 201 33 0 0 2 1 0 0 0 2 212 254 237 112 0 0 0 0 0 0 1 5 0 0 6 178 249 222 55 0 9 0 0 4 0 1 6 89 239 246 255 104 0 1 0 0 0 0 0 4 0 0 0 191 246 255 65 1 0 5 9 0 0 0 2 173 247 255 255 91 0 3 0 0 0 0 12 0 0 0 7 147 252 235 92 24 0 0 0 4 7 17 166 255 255 229 164 32 10 0 0 0 0 0 0 0 19 21 0 15 255 255 218 0 0 10 0 5 0 176 255 231 239 52 0 6 0 1 0 0 0 0 10 0 0 0 10 0 225 255 245 196 74 69 56 107 222 248 254 255 170 0 0 6 12 7 0 0 0 0 0 11 5 0 2 0 70 196 255 246 250 254 242 255 255 255 247 190 21 15 8 0 6 0 0 0 0 0 5 2 0 0 6 12 0 54 255 255 248 255 253 240 255 219 170 14 0 4 0 14 0 15 0 0 0 0 9 0 5 8 0 0 7 11 85 231 255 251 255 254 248 53 0 5 3 0 11 0 3 0 0 0 0 0 0 0 0 0 0 0 0 0 0 0 0 0 0 0 0 0 0 0 0 0 0 0 0 0 0 0 0 0 0 0 0 0 0 0 0 0 0 0 0 0 0 0 0 0 0 0 0 0 0 0 0 0 0 0 0 0 0 0 0 0 0 0 0 0 0 0 0 0 0 0 0 0 0 0 0 0 0 0 0 0 0 0 0 0 0 0 0 0 0 0 0 0 0 0 0 0 0 0 0 0 0 0 0 0 0 0 0 0 0 0 0 0
0 0 0 0 0 0 0 0 0 14 0 7 0 0 0 0 0 3 10 0 11 0 0 0 0 0 0 0 0 0 0 0 0 0 0 0 0 8 0 13 0 4 15 0 19 0 0 0 0 0 17 0 0 0 0 0 0 0 0 0 0 0 0 0 16 0 0 9 0 0 7 7 0 0 2 0 9 0 0 0 0 0 0 0 0 0 0 0 0 0 0 0 0 0 0 14 9 0 0 0 0 9 0 0 11 8 0 0 0 0 0 0 0 0 0 0 0 0 0 0 0 20 7 0 3 14 3 10 1 0 5 22 0 0 9 2 0 0 0 0 0 0 0 0 0 0 0 0 8 0 0 17 106 126 113 135 122 49 0 0 0 0 0 4 0 0 0 0 0 0 0 0 0 0 0 0 1 0 83 182 255 255 247 255 255 189 43 0 7 18 0 3 0 0 0 0 0 0 0 0 0 0 0 0 42 98 240 255 246 243 255 250 240 255 250 163 25 0 0 2 0 0 0 0 0 13 6 0 0 19 0 51 206 253 251 255 243 250 255 254 244 255 246 251 178 0 0 7 0 0 0 0 19 0 0 13 11 0 41 216 255 255 241 254 235 112 236 242 255 239 255 241 255 35 0 0 0 0 0 0 0 13 2 0 4 1 193 255 234 255 220 162 18 12 0 169 253 255 239 255 244 177 10 8 0 0 0 0 0 0 11 0 0 93 226 253 255 247 45 22 10 1 0 22 102 204 242 255 252 249 71 0 0 0 0 0 0 22 0 1 16 134 255 254 253 71 17 0 0 0 5 0 0 143 245 246 243 245 160 23 0 0 0 0 0 8 13 0 67 245 253 253 196 27 0 13 1 8 0 0 4 3 46 252 255 248 235 255 0 0 0 0 0 2 0 14 193 255 255 246 111 10 0 0 10 0 0 0 5 0 18 150 249 255 255 243 0 0 0 0 0 0 5 0 243 254 255 249 134 0 15 2 0 0 0 0 0 0 17 119 250 254 253 253 0 0 0 0 0 20 0 0 255 255 240 255 248 141 64 13 2 0 4 0 2 4 0 125 251 255 250 249 0 0 0 0 14 0 18 3 255 239 255 248 254 255 217 161 38 10 0 7 0 0 159 200 246 254 248 255 0 0 0 0 0 17 2 0 59 223 255 250 251 255 255 244 233 237 242 223 246 230 255 255 255 251 248 38 0 0 0 0 0 14 0 8 0 73 238 249 255 248 255 244 255 243 255 255 255 237 255 226 248 240 56 14 0 0 0 0 14 0 0 0 15 0 192 255 248 255 244 255 250 255 240 239 249 254 247 179 91 36 0 3 0 0 0 0 0 8 14 0 0 0 6 13 131 179 202 209 223 252 255 255 252 222 153 12 3 1 8 0 0 0 0 0 0 0 2 0 10 13 0 0 0 0 3 8 102 131 140 113 135 24 19 0 0 0 14 0 0 0 0 0 0 13 0 0 1 0 2 2 0 8 0 6 5 4 0 11 4 7 0 9 4 0 4 2 0 0 0 0 0 0 0 0 0 0 0 0 0 0 0 0 0 0 0 0 0 0 0 0 0 0 0 0 0 0 0 0 0 0 0 0 0 0 0 0 0 0 0 0 0 0 0 0 0 0 0 0 0 0 0 0 0 0 0 0 0 0 0 0 0 0 0 0 0 0 0 0 0 0 0 0 0 0 0 0 0 0 0 0 0 0 0 0 0 0 0 0 0 0 0 0 0 0 0 0 0 0 0 0 0 0 0 0 0 0 0 0 0 0 0 0
0 0 0 0 0 0 0 0 3 0 0 6 0 0 1 1 3 0 0 1 0 0 0 6 0 0 0 0 0 0 0 0 0 0 0 0 0 10 2 0 0 0 0 12 1 0 6 10 0 16 0 0 0 0 0 0 0 0 0 0 0 0 0 0 6 0 0 12 19 8 1 0 0 0 8 0 2 0 3 0 0 0 0 0 0 0 0 0 0 0 0 0 0 4 12 0 0 0 12 0 5 14 0 0 18 0 0 0 0 0 0 0 0 0 0 0 0 0 0 0 5 10 0 0 12 0 54 183 243 245 65 8 0 1 0 13 0 0 0 0 0 0 0 0 0 0 0 0 6 0 0 13 40 167 255 248 254 255 110 0 1 3 14 0 0 0 0 0 0 0 0 0 0 0 0 0 0 10 0 59 204 255 244 251 255 239 190 32 3 0 21 0 0 0 0 0 0 0 0 0 0 0 0 0 2 0 77 207 255 255 251 253 255 247 255 169 0 5 0 9 0 0 0 0 4 0 8 0 1 10 0 10 0 48 240 249 251 253 174 165 205 254 253 245 95 0 0 9 0 0 0 0 0 0 0 6 0 0 0 0 31 239 250 255 248 130 12 0 18 93 245 255 201 45 1 0 0 0 0 0 0 3 0 13 0 0 0 22 216 234 243 238 105 1 0 2 0 7 211 252 250 47 0 12 0 0 0 0 2 8 0 5 0 0 8 113 255 245 255 105 0 0 3 11 10 0 153 242 254 77 0 0 0 0 0 0 0 4 0 0 1 0 19 204 235 255 153 4 0 1 10 0 0 5 79 254 255 168 20 0 0 0 0 0 0 1 5 0 8 0 59 252 255 159 3 0 3 0 0 13 6 1 20 255 249 194 16 16 0 0 0 0 1 0 3 4 7 0 132 255 238 81 0 0 7 19 0 8 3 0 43 255 252 176 0 0 0 0 0 0 5 0 0 4 0 0 191 247 185 0 3 11 0 0 19 0 0 11 125 244 255 204 16 0 0 0 0 0 5 3 0 11 0 24 255 245 159 5 0 0 9 0 2 0 1 2 248 255 246 176 17 0 0 0 0 0 0 8 0 3 0 35 233 255 163 10 4 0 2 0 10 10 14 255 236 255 249 63 0 0 0 0 0 0 0 10 1 0 0 18 147 255 142 13 1 0 7 1 8 0 120 251 255 233 141 7 0 6 0 0 0 0 3 2 0 1 0 0 54 250 245 104 32 2 6 0 85 209 255 255 246 193 3 18 2 0 0 0 0 0 0 0 0 3 6 0 16 214 241 255 212 136 169 214 236 255 255 253 198 10 0 12 0 13 0 0 0 0 0 7 2 0 1 7 8 128 253 255 248 232 255 255 248 254 255 248 65 15 11 0 6 0 0 0 0 0 0 9 0 0 0 1 2 34 176 233 255 255 239 247 249 217 150 27 12 0 4 0 7 0 0 0 0 0 3 0 0 6 5 0 2 0 5 68 184 255 250 249 178 26 3 3 5 0 0 8 0 7 0 0 0 0 0 0 0 0 0 0 0 0 0 0 0 0 0 0 0 0 0 0 0 0 0 0 0 0 0 0 0 0 0 0 0 0 0 0 0 0 0 0 0 0 0 0 0 0 0 0 0 0 0 0 0 0 0 0 0 0 0 0 0 0 0 0 0 0 0 0 0 0 0 0 0 0 0 0 0 0 0 0 0 0 0 0 0 0 0 0 0 0 0 0 0 0 0 0 0 0 0 0 0 0 0 0 0 0 0 0 0 0 0 0 0 0
0 0 0 0 0 0 0 0 5 7 1 0 0 3 5 0 0 10 3 0 23 7 0 0 0 0 0 0 0 0 0 0 0 0 0 0 0 0 9 11 4 0 0 0 20 0 5 2 0 0 9 9 0 0 0 0 0 0 0 0 0 0 0 0 4 0 0 0 1 1 5 12 0 0 1 0 9 2 1 0 0 0 0 0 0 0 0 0 0 0 0 0 4 2 0 0 0 0 0 0 3 15 2 0 13 8 0 1 0 0 0 0 0 0 0 0 0 0 0 0 0 2 4 0 0 5 10 6 11 0 0 11 0 0 4 0 0 0 0 0 0 0 0 0 0 0 0 0 5 0 0 0 1 7 0 0 0 134 223 194 95 30 0 2 0 0 0 0 0 0 0 0 0 0 0 0 4 0 0 9 5 0 0 13 53 207 252 252 255 196 47 0 0 0 0 0 0 0 0 0 0 0 0 0 4 0 5 4 0 9 122 245 250 255 235 255 255 187 58 12 0 0 0 0 0 0 7 0 7 0 0 8 0 1 3 9 97 187 203 248 251 248 255 250 246 255 200 20 0 0 0 0 0 7 0 9 0 0 8 0 23 0 130 134 190 255 242 255 255 255 235 252 249 255 216 42 0 0 0 0 11 4 0 0 0 11 1 13 9 163 254 255 249 255 255 202 23 30 20 173 247 255 255 149 0 0 0 0 0 0 18 2 0 0 11 144 197 252 252 248 255 208 103 44 5 0 0 140 248 247 241 159 0 0 0 0 13 0 0 0 12 42 118 194 251 255 255 159 131 2 14 0 6 1 7 48 194 254 255 179 0 0 0 0 0 0 9 7 0 45 241 245 243 255 223 27 10 2 4 0 0 0 9 0 171 255 255 233 0 0 0 0 4 2 0 0 20 144 255 249 254 237 67 14 2 0 2 0 3 0 4 4 169 250 244 252 0 0 0 0 0 0 1 2 103 255 244 253 240 50 0 0 0 7 0 8 0 8 5 0 151 255 251 255 0 0 0 0 4 1 0 14 226 251 255 222 50 19 0 0 6 0 0 4 0 6 0 21 182 255 245 227 0 0 0 0 0 13 1 0 255 253 231 220 58 0 15 0 0 15 0 5 8 0 23 161 253 255 252 79 0 0 0 0 11 0 6 0 247 255 255 250 234 125 118 24 0 0 0 0 2 78 164 255 236 245 238 60 0 0 0 0 0 0 0 20 171 252 246 255 250 239 255 241 228 215 228 209 208 249 255 254 253 182 19 0 0 0 0 0 7 0 2 0 3 186 255 235 251 255 246 243 244 255 245 255 255 233 255 207 88 58 0 5 0 0 0 0 9 0 0 10 15 0 0 60 142 145 148 155 189 251 189 239 147 160 125 31 0 13 0 0 0 0 0 0 0 14 16 0 0 1 14 0 5 0 0 0 20 65 12 50 16 2 0 5 3 0 11 0 0 0 0 0 3 11 0 6 2 0 4 3 2 0 1 7 0 0 0 0 0 0 10 2 0 0 11 0 0 0 0 0 0 0 0 0 0 0 0 0 0 0 0 0 0 0 0 0 0 0 0 0 0 0 0 0 0 0 0 0 0 0 0 0 0 0 0 0 0 0 0 0 0 0 0 0 0 0 0 0 0 0 0 0 0 0 0 0 0 0 0 0 0 0 0 0 0 0 0 0 0 0 0 0 0 0 0 0 0 0 0 0 0 0 0 0 0 0 0 0 0 0 0 0 0 0 0 0 0 0 0 0 0 0 0 0 0 0 0 0 0 0 0 0
0 0 0 0 0 0 0 0 3 1 0 2 9 0 0 4 0 4 9 0 0 1 0 1 0 0 0 0 0 0 0 0 0 0 0 0 0 6 6 0 0 0 0 0 0 9 0 0 13 3 3 2 0 0 0 0 0 0 0 0 0 0 0 0 0 0 1 2 3 13 11 0 0 0 2 2 0 0 3 2 0 0 0 0 0 0 0 0 0 0 0 0 11 0 0 3 0 0 0 0 11 0 13 0 0 10 0 8 0 0 0 0 0 0 0 0 0 0 0 0 0 1 3 0 0 0 6 10 1 0 146 254 107 0 17 0 0 0 0 0 0 0 0 0 0 0 0 0 0 7 3 0 6 11 0 0 6 188 252 255 131 0 9 0 0 0 0 0 0 0 0 0 0 0 0 0 3 11 0 0 6 0 0 33 203 255 244 255 157 0 0 14 0 0 0 0 0 0 0 0 0 0 0 0 0 4 0 7 12 0 65 226 253 247 255 168 20 0 8 0 0 0 0 0 0 0 0 0 0 0 0 0 2 0 17 1 0 44 241 248 250 254 249 113 6 0 9 0 0 0 0 0 0 0 0 0 0 0 0 0 5 11 0 0 66 225 248 255 229 222 255 150 0 0 10 4 0 0 0 0 0 0 0 0 0 0 0 0 0 5 0 33 215 255 254 186 20 83 229 156 5 1 0 5 0 0 0 0 0 0 0 0 0 0 0 0 0 3 38 136 255 247 186 14 0 104 255 157 7 11 0 4 0 0 0 0 0 0 0 0 0 0 0 0 0 22 185 255 243 114 34 0 2 85 254 143 0 11 0 15 0 0 0 0 0 0 0 0 0 0 0 0 24 131 240 240 174 22 0 4 12 70 255 154 7 9 0 0 0 0 0 0 0 0 0 0 0 0 0 0 19 255 255 158 12 6 2 4 0 99 238 77 0 3 3 4 0 0 0 0 0 0 0 0 0 0 0 0 123 247 237 65 0 0 0 0 0 187 255 16 0 12 0 7 0 0 0 0 1 1 1 0 0 5 4 1 183 255 159 0 13 4 0 2 111 237 255 16 1 0 0 3 0 0 0 0 2 0 0 5 2 0 3 82 247 229 58 0 0 0 7 30 209 252 180 7 7 6 4 0 0 0 0 0 0 0 0 6 1 0 0 146 255 211 7 19 16 1 43 122 255 244 100 14 0 0 4 4 0 0 0 0 0 8 0 0 0 9 0 156 255 216 4 0 0 24 123 255 255 168 16 0 3 0 7 0 0 0 0 0 0 8 0 0 0 9 0 156 245 253 147 105 141 235 255 241 149 65 0 0 6 0 3 0 0 0 0 0 0 0 0 6 1 0 0 146 255 234 246 255 247 247 255 222 31 0 13 0 0 0 0 10 0 0 0 0 2 0 0 5 2 0 3 82 202 255 255 247 248 255 203 41 6 0 0 0 6 12 1 0 0 0 0 0 1 1 1 0 0 5 4 1 91 255 246 252 226 127 49 0 0 6 8 4 0 0 1 1 0 0 0 0 0 0 0 0 0 0 0 0 0 0 0 0 0 0 0 0 0 0 0 0 0 0 0 0 0 0 0 0 0 0 0 0 0 0 0 0 0 0 0 0 0 0 0 0 0 0 0 0 0 0 0 0 0 0 0 0 0 0 0 0 0 0 0 0 0 0 0 0 0 0 0 0 0 0 0 0 0 0 0 0 0 0 0 0 0 0 0 0 0 0 0 0 0 0 0 0 0 0 0 0 0 0 0 0 0 0 0 0 0 0 0 0
0 0 0 0 0 0 0 0 4 0 3 0 3 0 2 0 0 0 0 1 0 0 0 7 0 0 0 0 0 0 0 0 0 0 0 0 0 3 2 0 7 0 0 10 5 9 5 0 0 7 2 0 0 0 0 0 0 0 0 0 0 0 0 0 0 5 0 0 7 1 0 0 0 0 2 0 0 0 9 10 0 0 0 0 0 0 0 0 0 0 0 0 4 3 0 0 0 7 7 7 12 2 7 4 9 0 0 0 0 0 0 0 0 0 0 0 0 0 0 0 2 0 13 13 0 0 9 0 0 0 0 0 9 5 9 0 0 0 0 0 0 0 0 0 0 0 0 0 2 0 12 0 0 15 78 76 75 81 75 8 0 0 14 6 0 0 0 0 0 0 0 0 0 0 0 0 16 0 0 0 81 143 230 252 247 247 241 147 76 0 0 0 0 0 0 0 0 0 0 0 0 0 0 0 0 0 28 55 224 254 255 245 255 241 255 252 210 77 24 4 0 0 0 0 0 0 0 4 0 7 0 13 8 0 153 248 252 251 255 238 254 255 240 255 255 248 135 4 0 0 0 0 0 12 0 0 0 0 31 0 0 63 201 255 255 234 248 255 247 245 248 255 229 255 235 52 0 0 0 0 1 0 0 3 6 13 0 0 167 255 255 234 255 255 254 234 255 254 239 255 252 255 250 63 0 0 0 0 2 0 15 0 0 0 21 158 224 255 243 248 255 241 255 255 246 240 255 255 254 243 244 85 0 0 0 0 0 1 10 0 16 30 169 255 240 255 250 255 227 219 212 107 40 33 190 239 232 255 255 71 0 0 0 0 3 0 0 6 28 192 251 243 255 253 246 232 85 0 12 0 0 7 186 255 255 255 242 138 0 0 0 0 4 1 3 3 57 255 242 255 245 247 162 77 0 0 13 0 0 83 221 251 255 242 255 251 0 0 0 0 0 8 0 0 214 255 246 255 255 254 103 0 0 12 0 4 18 137 254 255 245 255 239 79 0 0 0 0 0 0 0 0 79 255 250 253 255 246 108 5 0 3 0 2 33 253 255 254 243 246 255 65 0 0 0 0 1 4 3 0 42 229 255 234 245 255 219 190 22 9 0 6 48 249 253 252 255 242 241 60 0 0 0 0 2 3 0 7 4 105 207 255 255 231 255 255 187 18 1 0 111 252 240 253 255 243 156 1 0 0 0 0 0 6 0 4 0 2 78 244 247 255 248 247 244 212 188 174 255 233 255 255 240 253 16 0 0 0 0 0 0 7 5 0 1 3 0 86 244 247 239 255 255 252 254 254 244 251 255 255 240 168 11 0 0 0 0 0 8 0 11 5 0 14 0 0 77 246 255 250 230 255 238 255 255 255 236 233 194 0 0 13 0 0 0 0 10 0 0 11 0 0 12 1 0 44 45 57 255 251 243 254 215 211 230 43 5 11 0 0 0 0 0 0 0 14 0 0 7 0 9 0 0 1 0 29 133 148 143 142 23 0 0 0 3 2 0 5 0 0 0 0 0 0 0 0 0 0 0 0 0 0 0 0 0 0 0 0 0 0 0 0 0 0 0 0 0 0 0 0 0 0 0 0 0 0 0 0 0 0 0 0 0 0 0 0 0 0 0 0 0 0 0 0 0 0 0 0 0 0 0 0 0 0 0 0 0 0 0 0 0 0 0 0 0 0 0 0 0 0 0 0 0 0 0 0 0 0 0 0 0 0 0 0 0 0 0 0 0 0 0 0 0 0 0 0 0 0 0 0 0 0 0 0
0 0 0 0 0 0 0 0 4 2 0 3 5 4 0 0 1 0 0 0 0 0 16 0 0 0 0 0 0 0 0 0 0 0 0 0 0 0 17 0 0 0 0 0 0 4 3 3 11 1 6 0 0 0 0 0 0 0 0 0 0 0 0 0 5 19 0 0 10 0 10 4 0 1 1 0 0 0 0 6 0 0 0 0 0 0 0 0 0 0 0 0 2 0 7 14 0 11 0 0 16 0 2 7 3 16 0 0 0 0 0 0 0 0 0 0 0 0 0 0 8 0 14 0 0 52 231 208 71 0 0 0 0 2 11 6 0 0 0 0 0 0 0 0 0 0 0 0 0 9 0 12 51 226 234 255 252 176 170 119 31 0 0 5 0 0 0 0 0 0 0 0 0 0 0 0 0 8 1 30 218 250 255 249 248 235 255 241 169 14 0 4 0 0 0 0 0 0 0 0 0 0 0 0 0 0 89 228 251 255 248 250 255 246 255 251 252 69 10 0 0 0 0 0 0 4 5 0 10 0 0 0 5 103 228 244 255 255 219 136 1 0 0 163 255 157 2 3 0 0 0 0 1 4 0 9 4 0 9 3 127 252 253 246 59 42 32 0 0 5 0 131 248 246 59 0 0 0 0 0 0 0 2 0 12 0 0 96 244 255 187 36 6 0 17 0 0 0 0 31 241 255 71 0 0 0 0 0 1 0 12 0 9 11 46 210 255 229 25 10 0 13 0 0 6 8 7 0 242 245 54 8 0 0 0 0 8 0 0 13 0 7 200 255 232 28 10 0 7 0 0 7 0 1 0 4 162 242 67 0 0 0 0 0 8 0 4 2 0 82 255 246 137 11 0 0 8 0 9 0 7 0 5 0 120 255 194 9 0 0 0 0 1 0 11 0 15 199 234 178 0 0 24 0 0 14 0 11 7 0 4 0 153 249 255 17 0 0 0 0 0 5 0 10 27 254 255 86 9 0 0 0 2 0 4 4 0 9 2 55 238 255 235 40 0 0 0 0 0 4 0 5 36 247 255 25 0 0 1 2 0 0 0 4 0 16 3 112 244 255 197 12 0 0 0 0 0 7 6 2 87 251 176 6 0 0 0 0 0 8 7 0 11 0 13 199 255 255 37 0 0 0 0 0 0 0 8 0 138 255 90 10 11 1 0 0 1 0 0 0 11 11 201 254 247 163 35 4 0 0 0 0 5 0 0 6 132 255 54 0 0 11 13 0 0 9 12 0 120 235 242 255 179 2 0 0 0 0 0 0 3 0 0 12 79 255 119 18 3 0 0 39 91 135 188 235 252 255 251 168 9 4 0 13 0 0 0 0 0 10 0 2 33 255 251 171 108 74 100 193 252 246 244 255 255 255 165 19 1 0 13 0 0 0 0 0 0 4 0 0 12 158 233 255 250 253 247 241 255 255 243 200 150 56 3 0 8 8 14 0 0 0 0 0 5 0 3 0 2 3 69 193 255 244 254 255 230 136 55 23 0 0 11 0 3 0 0 2 0 0 0 0 0 0 0 0 0 0 0 0 0 0 0 0 0 0 0 0 0 0 0 0 0 0 0 0 0 0 0 0 0 0 0 0 0 0 0 0 0 0 0 0 0 0 0 0 0 0 0 0 0 0 0 0 0 0 0 0 0 0 0 0 0 0 0 0 0 0 0 0 0 0 0 0 0 0 0 0 0 0 0 0 0 0 0 0 0 0 0 0 0 0 0 0 0 0 0 0 0 0 0 0 0 0 0 0 0 0 0 0 0 0 0 0
0 0 0 0 0 0 0 0 0 5 4 0 0 18 0 8 1 1 1 2 0 0 0 2 0 0 0 0 0 0 0 0 0 0 0 0 3 0 0 5 3 4 0 0 0 0 5 0 3 0 0 0 0 0 0 0 0 0 0 0 0 0 0 0 3 0 0 6 4 0 6 0 16 5 0 0 7 11 5 1 0 0 0 0 0 0 0 0 0 0 0 0 0 7 6 0 0 7 0 12 0 1 0 9 0 1 0 10 0 0 0 0 0 0 0 0 0 0 0 0 0 9 3 0 0 8 0 78 254 172 66 13 0 7 0 0 0 0 0 0 0 0 0 0 0 0 0 0 3 0 0 2 0 0 22 167 249 255 213 69 126 206 171 0 0 0 0 0 0 0 0 0 0 0 0 0 6 0 0 2 7 0 118 234 243 255 255 238 255 255 248 200 0 0 0 0 0 0 0 0 0 0 0 0 0 1 2 0 6 0 208 255 253 255 238 255 244 253 211 205 0 0 0 0 0 0 0 0 0 0 0 0 0 6 0 0 2 0 213 251 255 254 250 255 251 125 39 135 9 6 2 0 0 0 0 0 0 0 0 0 13 0 2 7 0 7 175 255 244 255 248 250 255 89 5 2 7 5 1 0 0 0 0 0 0 0 0 0 0 8 0 4 17 117 255 250 255 232 126 255 226 91 0 10 3 2 1 0 0 0 0 0 0 0 0 0 18 6 0 13 141 242 244 255 201 83 7 240 255 113 3 0 0 0 0 1 0 0 0 0 0 0 0 0 0 0 23 131 253 255 255 191 28 2 87 251 255 70 5 1 0 0 0 1 0 0 0 0 0 0 0 0 0 69 214 240 255 235 140 19 0 19 169 253 253 66 15 0 0 0 0 0 0 0 0 0 0 0 0 0 29 212 250 255 255 118 11 0 0 57 255 248 228 0 5 0 0 0 0 0 0 0 0 0 0 0 0 0 186 247 255 246 124 20 0 2 6 140 245 250 128 0 0 11 1 0 0 0 4 1 1 0 0 9 1 172 255 249 251 158 13 0 0 5 16 255 241 235 55 0 14 0 0 0 0 0 0 2 0 6 14 0 103 242 249 255 182 0 0 4 8 66 152 255 255 166 0 14 0 8 0 0 0 0 0 13 0 0 9 37 211 255 248 208 0 22 16 2 137 244 255 246 236 0 7 2 0 6 0 0 0 0 0 6 3 0 0 138 245 255 217 19 2 0 47 210 245 255 252 252 39 1 0 10 1 0 0 0 0 0 11 0 0 8 0 172 247 254 126 71 161 220 247 255 252 251 225 57 18 9 0 14 0 6 0 0 0 0 0 0 1 0 7 128 255 255 246 253 236 255 236 255 245 191 74 1 0 11 4 0 8 0 0 0 0 0 0 10 10 0 4 60 242 251 254 254 255 255 252 184 135 0 0 5 1 0 0 14 0 0 0 0 0 0 8 0 0 0 5 9 171 253 255 249 162 148 77 0 0 0 5 1 5 4 0 6 0 0 0 0 0 0 0 0 0 0 0 0 0 0 0 0 0 0 0 0 0 0 0 0 0 0 0 0 0 0 0 0 0 0 0 0 0 0 0 0 0 0 0 0 0 0 0 0 0 0 0 0 0 0 0 0 0 0 0 0 0 0 0 0 0 0 0 0 0 0 0 0 0 0 0 0 0 0 0 0 0 0 0 0 0 0 0 0 0 0 0 0 0 0 0 0 0 0 0 0 0 0 0 0 0 0 0 0 0 0 0 0 0 0 0 0 0 0
0 0 0 0 0 0 0 0 3 0 0 0 0 2 0 0 0 0 4 9 0 8 2 0 0 0 0 0 0 0 0 0 0 0 0 0 0 0 2 10 3 0 0 10 13 6 0 0 0 2 1 9 0 0 0 0 0 0 0 0 0 0 0 0 0 5 1 0 0 12 6 0 0 0 0 1 21 0 0 0 0 0 0 0 0 0 0 0 0 0 0 0 0 0 2 7 1 0 0 7 18 3 0 10 0 0 4 1 0 0 0 0 0 0 0 0 0 0 0 0 2 4 2 0 2 6 1 0 0 77 196 243 84 9 11 0 0 0 0 0 0 0 0 0 0 0 0 0 2 0 0 0 0 0 1 14 103 255 253 255 251 104 0 13 0 0 0 0 0 0 0 0 0 0 0 0 0 0 1 29 1 0 51 171 232 253 251 255 234 83 14 0 0 0 0 0 0 0 0 0 0 0 0 0 0 12 0 0 11 112 208 253 250 255 249 239 255 66 1 4 0 0 0 0 0 4 0 0 1 1 3 0 0 24 0 30 158 247 255 249 255 237 249 255 255 188 4 0 0 0 0 0 0 2 0 4 3 0 1 8 9 0 41 131 255 255 243 251 246 254 134 234 248 220 54 0 0 0 0 0 0 3 2 0 2 0 0 0 0 32 231 252 235 255 253 190 59 20 0 142 248 240 225 5 0 0 0 0 0 5 3 0 0 8 0 0 134 238 233 255 255 245 178 20 0 6 0 107 255 252 204 0 0 0 0 0 1 0 1 0 1 1 8 67 255 236 255 244 211 84 17 0 3 0 0 105 253 249 227 1 0 0 0 0 8 0 0 7 3 0 39 189 255 255 234 243 17 15 0 0 0 0 0 128 254 243 235 0 0 0 0 0 8 0 2 5 0 0 70 255 244 255 255 57 0 5 0 4 13 0 70 255 228 255 213 0 0 0 0 0 3 0 6 0 0 15 88 255 249 208 44 0 3 4 0 4 0 20 177 240 255 223 81 0 0 0 0 0 0 8 0 0 11 3 204 247 251 199 30 1 0 3 4 2 4 21 248 255 252 241 68 0 0 0 0 0 5 0 6 3 0 29 177 255 255 117 0 2 0 18 0 0 32 130 255 255 227 192 37 0 0 0 0 0 0 0 4 0 7 104 234 255 254 91 0 3 0 7 0 15 186 254 255 236 255 125 8 2 0 0 0 0 5 0 2 8 0 0 186 245 255 235 144 91 0 0 124 223 255 255 244 238 223 39 0 0 0 0 0 0 3 6 0 0 3 52 228 255 234 255 242 242 229 223 253 255 251 252 252 231 23 0 22 4 0 0 0 0 3 0 6 26 0 0 78 192 246 255 255 243 255 255 238 252 249 255 241 177 16 6 4 0 0 0 0 0 0 0 0 0 0 10 0 28 235 235 250 250 251 248 239 255 255 201 97 9 9 0 0 16 0 0 0 0 0 10 0 0 19 0 1 0 0 44 110 221 255 250 255 201 108 52 0 0 0 6 5 0 0 0 0 0 0 0 0 0 0 0 0 0 0 0 0 0 0 0 0 0 0 0 0 0 0 0 0 0 0 0 0 0 0 0 0 0 0 0 0 0 0 0 0 0 0 0 0 0 0 0 0 0 0 0 0 0 0 0 0 0 0 0 0 0 0 0 0 0 0 0 0 0 0 0 0 0 0 0 0 0 0 0 0 0 0 0 0 0 0 0 0 0 0 0 0 0 0 0 0 0 0 0 0 0 0 0 0 0 0 0 0 0 0 0 0 0
0 0 0 0 0 0 0 0 3 0 5 0 9 0 4 0 2 0 5 3 0 0 0 6 0 0 0 0 0 0 0 0 0 0 0 0 0 0 3 0 0 0 4 2 0 0 0 0 0 5 1 3 0 0 0 0 0 0 0 0 0 0 0 0 18 0 0 18 0 0 8 0 7 6 19 3 0 7 1 0 0 0 0 0 0 0 0 0 0 0 0 0 0 9 0 0 0 12 0 0 0 0 1 3 0 5 3 1 0 0 0 0 0 0 0 0 0 0 0 0 0 24 0 0 9 0 2 116 88 12 0 2 0 2 0 2 0 0 0 0 0 0 0 0 0 0 0 0 15 0 0 6 0 0 110 254 237 82 0 0 4 1 0 0 0 0 0 0 0 0 0 0 0 0 0 0 0 0 7 0 24 126 235 253 255 85 0 0 0 0 0 4 0 0 0 0 0 0 0 0 0 0 0 0 1 7 0 65 240 255 240 254 250 86 6 8 2 0 0 5 0 0 0 0 4 0 2 6 0 0 3 2 0 16 187 238 255 251 249 255 254 228 163 82 14 0 6 0 2 0 0 0 0 5 1 0 3 17 0 0 16 207 238 251 255 198 86 240 208 187 219 250 219 97 0 9 0 10 13 12 0 14 0 0 2 9 0 39 191 242 244 253 241 70 0 255 179 8 124 241 252 249 3 11 0 2 0 0 0 7 0 5 0 0 44 162 255 255 255 201 37 2 0 171 47 11 0 192 255 250 200 65 3 10 0 3 2 0 0 15 0 0 158 255 247 251 195 22 0 19 9 0 0 13 0 15 181 255 255 205 0 0 6 13 3 0 0 5 0 71 235 255 247 224 32 19 0 5 0 11 0 0 9 0 100 255 249 235 78 0 0 0 1 6 0 0 0 168 255 241 255 120 0 0 6 0 4 0 11 0 0 10 0 103 236 255 235 19 8 0 0 5 0 1 8 244 255 250 126 0 16 1 0 8 3 0 0 2 0 3 13 0 244 251 255 0 4 0 0 2 7 0 0 255 242 237 3 0 0 0 0 11 2 6 0 2 0 9 6 113 240 249 137 15 0 0 10 0 0 6 15 241 255 238 0 6 3 10 19 0 0 0 6 7 0 0 175 243 255 202 16 0 11 10 6 0 0 1 0 100 219 234 226 174 13 4 0 3 3 4 0 0 0 70 208 255 241 255 84 7 0 0 0 10 0 1 0 0 123 255 255 255 198 186 32 1 10 18 40 37 187 241 246 255 255 179 50 0 0 3 4 2 0 5 11 0 44 185 246 255 254 241 255 160 129 255 241 255 242 251 255 244 71 6 0 0 12 0 14 0 0 8 0 0 0 26 88 158 235 236 252 255 250 250 255 252 255 161 144 30 5 0 14 6 0 0 0 0 11 1 0 6 2 0 0 6 69 205 208 248 242 229 202 213 131 13 0 0 3 7 0 0 0 11 0 17 4 0 12 0 1 8 10 6 0 5 1 80 111 0 0 11 0 0 14 0 3 0 0 12 0 0 0 0 0 0 0 0 0 0 0 0 0 0 0 0 0 0 0 0 0 0 0 0 0 0 0 0 0 0 0 0 0 0 0 0 0 0 0 0 0 0 0 0 0 0 0 0 0 0 0 0 0 0 0 0 0 0 0 0 0 0 0 0 0 0 0 0 0 0 0 0 0 0 0 0 0 0 0 0 0 0 0 0 0 0 0 0 0 0 0 0 0 0 0 0 0 0 0 0 0 0 0 0 0 0 0 0 0 0 0 0 0 0
0 0 0 0 0 0 0 0 4 0 0 0 15 0 0 0 9 0 1 11 0 9 0 5 0 0 0 0 0 0 0 0 0 0 0 0 2 1 11 0 0 0 5 12 0 0 11 12 2 3 0 0 0 0 0 0 0 0 0 0 0 0 0 0 0 3 11 0 0 1 3 0 8 5 2 0 0 2 0 15 0 0 0 0 0 0 0 0 0 0 0 0 2 0 0 4 9 1 5 11 0 0 1 1 0 10 4 0 0 0 0 0 0 0 0 0 0 0 0 0 4 4 0 0 0 2 0 0 19 0 0 32 0 1 0 0 0 0 0 0 0 0 0 0 0 0 0 0 0 0 0 20 0 0 43 141 160 255 255 153 0 0 17 0 0 0 0 0 0 0 0 0 0 0 0 0 6 15 0 6 79 209 249 235 255 255 252 249 196 42 0 0 0 0 0 0 0 0 0 0 0 0 0 0 0 0 50 201 255 254 232 255 250 249 254 250 255 69 0 9 0 0 0 0 5 1 0 6 2 0 7 0 6 35 229 247 255 248 255 246 251 255 238 255 246 76 6 0 0 0 0 0 0 4 3 7 0 9 3 0 43 213 255 247 255 255 246 255 255 248 252 255 255 56 3 0 0 0 0 0 1 6 0 0 0 4 0 7 169 255 253 255 239 246 254 251 254 255 242 255 239 95 14 4 0 0 0 0 2 0 0 7 2 0 59 145 245 252 255 239 255 255 251 242 255 255 255 253 254 255 164 0 0 0 0 0 0 7 2 11 0 0 138 255 255 250 255 201 236 242 255 190 193 141 255 247 254 245 244 62 0 0 0 0 0 13 0 0 0 60 195 255 244 249 85 65 255 224 83 0 26 8 25 65 243 255 229 241 0 0 0 0 2 0 0 0 18 193 255 255 249 141 0 0 57 38 0 0 0 0 0 11 66 253 255 241 0 0 0 0 4 0 3 7 10 244 252 252 211 11 5 10 0 0 4 1 2 6 0 0 78 246 253 255 0 0 0 0 4 10 0 0 112 255 251 255 86 0 0 0 3 0 0 0 1 11 0 9 83 246 244 255 0 0 0 0 0 0 0 13 200 254 252 250 81 0 4 3 0 0 13 0 0 0 9 47 224 255 255 164 0 0 0 0 0 7 0 0 255 255 245 198 7 0 4 0 17 0 0 11 5 0 36 255 250 255 234 0 0 0 0 0 6 1 0 0 240 255 255 220 42 0 6 14 0 0 12 0 58 177 240 249 247 238 68 0 0 0 0 0 10 0 0 13 153 243 248 255 79 22 0 0 0 9 66 96 237 249 255 255 194 72 0 4 0 0 0 0 3 3 0 2 67 245 255 253 207 183 71 59 200 216 212 255 253 253 197 149 0 12 0 6 0 0 0 0 0 14 0 0 28 200 249 255 255 255 255 245 248 237 255 253 228 147 2 0 0 0 29 0 0 0 0 0 0 11 0 1 0 43 137 236 255 244 252 255 255 238 209 91 42 0 0 6 15 0 3 1 0 0 0 0 0 0 1 0 0 2 9 15 126 109 112 125 99 39 0 0 0 0 0 0 0 0 0 0 0 0 0 0 0 1 1 0 0 0 4 8 1 0 0 1 0 0 0 0 0 0 0 0 0 0 0 0 0 0 0 0 0 0 0 0 0 0 0 0 2 7 5 0 0 6 7 2 0 0 0 0 0 0 0 0 0 0 0 0 0 0 0 0 0 0 0 0 0 0 3 0 0 1 0 0 0 0 0 0 0 0 0 0 0 0 0 0
0 0 0 0 0 0 0 0 2 3 0 10 0 7 0 5 0 7 0 0 1 8 0 0 0 0 0 0 0 0 0 0 0 0 0 0 0 4 2 10 0 0 0 2 0 9 13 7 3 0 0 1 0 0 0 0 0 0 0 0 0 0 0 0 0 0 0 2 5 17 5 0 5 0 0 0 1 2 3 0 0 0 0 0 0 0 0 0 0 0 0 0 0 7 9 5 0 0 0 0 4 0 11 13 0 0 4 3 0 0 0 0 0 0 0 0 0 0 0 0 2 0 0 0 0 0 7 10 0 0 3 6 0 0 4 0 0 0 0 0 0 0 0 0 0 0 0 0 3 0 6 4 6 0 0 12 20 16 18 16 3 0 6 8 0 0 0 0 0 0 0 0 0 0 0 0 0 0 10 4 14 39 150 247 251 255 251 208 117 16 0 2 0 0 0 0 0 0 0 0 0 0 0 0 0 17 105 193 255 245 249 254 255 245 249 255 240 119 15 0 0 0 0 0 0 10 0 2 11 0 0 0 4 143 235 255 252 253 251 252 255 243 255 255 251 202 22 0 0 4 0 4 11 0 1 7 0 11 4 43 163 243 255 233 232 220 254 250 255 245 243 248 251 163 11 0 0 7 0 0 2 0 0 3 0 0 0 155 254 236 235 147 65 200 255 255 238 233 195 255 241 232 93 0 0 2 8 0 0 6 0 0 16 0 76 234 255 248 85 0 60 61 111 43 62 4 6 55 145 241 251 34 21 0 6 0 6 0 5 0 2 7 227 243 229 160 0 13 16 0 0 8 0 1 0 8 0 114 249 207 100 0 1 0 5 0 0 0 2 21 255 255 231 12 12 0 0 6 3 0 14 2 7 0 14 18 152 255 193 5 0 0 0 2 0 4 10 111 240 238 36 5 0 7 0 6 0 5 0 4 0 13 3 0 8 229 246 4 0 1 1 0 0 7 0 252 255 159 13 0 11 1 0 10 0 0 4 5 0 8 0 5 3 222 255 0 2 6 0 8 0 0 0 255 245 206 0 0 0 3 0 10 0 8 0 0 2 6 8 0 69 236 237 5 0 11 9 0 0 0 7 242 255 95 0 5 9 10 0 3 15 0 24 0 0 0 0 78 179 246 122 0 3 6 6 0 0 0 1 247 255 84 12 0 0 9 3 0 12 11 0 5 3 0 140 230 248 255 19 0 2 0 0 1 12 0 0 255 231 152 0 12 3 0 12 5 0 0 10 4 42 95 230 210 195 128 0 3 0 0 5 0 4 0 2 222 237 205 35 0 1 0 0 9 0 15 60 156 218 255 215 35 10 5 9 5 0 3 8 0 0 2 1 117 255 255 191 24 0 15 0 51 104 206 255 244 143 168 66 0 2 0 2 0 0 14 0 0 5 0 0 31 236 244 255 225 212 226 215 255 235 248 150 152 4 0 1 13 0 13 0 0 0 8 0 7 5 0 4 4 100 138 161 222 148 132 142 148 21 26 0 0 9 0 0 12 3 0 0 13 0 0 0 0 0 0 0 0 0 0 0 0 0 0 0 0 0 0 0 0 0 0 0 0 0 0 0 0 0 0 0 0 0 0 0 0 0 0 0 0 0 0 0 0 0 0 0 0 0 0 0 0 0 0 0 0 0 0 0 0 0 0 0 0 0 0 0 0 0 0 0 0 0 0 0 0 0 0 0 0 0 0 0 0 0 0 0 0 0 0 0 0 0 0 0 0 0 0 0 0 0 0 0 0 0 0 0 0 0 0 0 0 0 0
0 0 0 0 0 0 0 0 0 0 4 7 2 0 0 4 10 0 0 0 6 2 0 0 0 0 0 0 0 0 0 0 0 0 0 0 9 5 0 0 0 0 1 0 0 2 9 0 0 0 6 8 0 0 0 0 0 0 0 0 0 0 0 0 0 2 7 4 3 9 8 1 7 0 0 0 3 1 0 0 0 0 0 0 0 0 0 0 0 0 0 0 6 5 1 0 0 0 0 0 0 3 4 3 2 4 5 4 0 0 0 0 0 0 0 0 0 0 0 0 0 0 0 8 14 7 3 6 0 6 2 0 0 7 9 0 0 0 0 0 0 0 0 0 0 0 0 0 0 1 6 3 0 0 5 31 42 33 35 41 23 0 0 2 0 0 0 0 0 0 0 0 0 0 0 0 0 5 2 0 22 95 181 237 255 254 255 246 168 61 5 6 0 0 0 0 0 0 0 0 0 0 0 0 0 1 0 5 82 189 252 255 246 253 252 255 255 233 113 0 0 0 0 0 0 0 0 2 8 0 6 4 0 0 17 169 255 246 255 246 250 255 251 249 253 251 251 56 0 9 1 0 3 0 0 0 0 2 12 0 3 67 192 240 255 255 222 255 216 175 255 255 254 251 249 136 0 0 5 0 4 0 3 0 0 9 3 0 34 159 255 251 255 255 167 96 12 6 93 130 72 211 251 226 29 0 9 0 0 0 3 2 0 0 0 34 156 255 255 248 211 101 14 0 0 5 26 12 0 91 248 246 110 0 8 0 0 3 0 1 6 0 27 142 255 239 255 182 29 0 5 0 0 0 0 0 0 4 184 255 172 7 0 0 1 2 0 0 9 0 116 246 255 255 123 0 0 8 14 0 4 12 0 18 0 18 126 250 168 5 0 0 6 0 2 0 3 25 210 255 254 168 18 0 14 0 2 0 0 0 16 0 8 86 200 255 118 0 0 0 7 0 10 0 0 44 255 246 225 21 0 11 0 4 0 4 0 20 0 6 6 167 255 255 76 0 2 0 0 2 0 2 0 129 255 252 63 7 0 0 0 8 0 1 11 0 0 29 185 254 255 192 8 5 2 0 4 6 0 3 3 235 251 173 38 0 4 12 9 3 0 0 0 15 103 179 255 255 226 158 6 4 2 0 0 20 0 0 0 199 253 107 0 0 11 0 0 0 23 44 97 180 253 255 255 255 158 0 4 2 1 0 8 20 0 0 23 203 251 93 41 18 15 32 73 140 201 233 247 255 233 250 241 133 6 7 1 0 0 0 0 0 6 0 0 235 255 255 255 229 230 255 255 241 252 255 255 255 255 235 63 0 0 0 0 0 0 0 2 0 19 8 11 194 248 246 246 255 255 255 253 253 255 244 238 193 92 37 3 0 0 6 0 0 0 0 0 11 3 0 0 55 230 255 243 255 249 246 246 235 181 81 8 13 0 0 2 3 0 7 0 0 0 0 8 0 0 19 0 5 53 72 146 129 95 82 41 0 5 0 0 0 2 3 0 0 4 0 0 0 0 0 0 0 0 0 0 0 0 0 0 0 0 0 0 0 0 0 0 0 0 0 0 0 0 0 0 0 0 0 0 0 0 0 0 0 0 0 0 0 0 0 0 0 0 0 0 0 0 0 0 0 0 0 0 0 0 0 0 0 0 0 0 0 0 0 0 0 0 0 0 0 0 0 0 0 0 0 0 0 0 0 0 0 0 0 0 0 0 0 0 0 0 0 0 0 0 0 0 0 0 0 0 0 0 0 0 0 0 0 0 0 0 0
0 0 0 0 0 0 0 0 5 0 0 0 0 1 0 0 0 7 0 3 5 2 13 0 0 0 0 0 0 0 0 0 0 0 0 0 4 0 4 14 0 0 5 3 17 3 5 0 0 0 3 3 0 0 0 0 0 0 0 0 0 0 0 0 0 12 2 0 5 0 0 6 0 0 0 5 0 5 4 1 0 0 0 0 0 0 0 0 0 0 0 0 2 0 0 1 0 5 17 0 2 15 0 6 0 4 0 0 0 0 0 0 0 0 0 0 0 0 0 0 0 10 6 8 3 0 67 232 255 238 146 98 35 0 0 7 0 0 0 0 0 0 0 0 0 0 0 0 8 1 0 0 62 180 255 255 253 255 255 237 214 47 0 0 0 0 0 0 0 0 0 0 0 0 0 0 0 19 45 130 239 255 233 255 247 247 255 249 255 129 6 10 0 0 0 0 0 0 0 0 0 0 0 0 25 164 253 249 246 255 255 250 254 255 250 247 255 220 3 0 0 0 0 0 0 0 7 1 0 11 0 69 221 253 242 254 249 255 250 255 252 242 255 254 254 226 0 0 0 0 0 0 0 6 0 9 0 0 58 189 238 255 255 245 255 191 61 117 212 255 239 255 247 228 33 5 0 0 0 0 0 3 0 7 6 16 230 246 255 228 245 196 71 5 13 0 42 179 255 233 255 255 203 0 0 0 0 0 5 0 5 13 0 199 255 255 250 240 120 0 0 0 13 0 0 10 72 195 255 239 237 93 0 0 0 0 5 5 0 0 138 228 255 240 216 27 0 3 16 0 0 16 0 5 0 39 207 255 246 121 0 0 0 0 2 0 9 0 192 255 243 220 30 0 7 3 0 0 0 0 4 2 7 0 162 255 253 115 0 0 0 0 0 0 14 0 247 240 255 104 0 20 0 0 1 3 12 0 0 0 0 3 56 247 252 123 0 0 0 0 1 0 0 0 255 255 146 9 8 0 4 5 0 11 0 3 0 10 0 0 92 252 251 118 0 0 0 0 7 0 0 8 255 244 156 0 10 0 0 16 0 0 8 0 0 12 0 25 206 255 246 117 0 0 0 0 0 12 0 0 255 255 244 70 0 11 0 0 9 12 3 0 9 0 52 178 253 255 255 123 0 0 0 0 0 24 0 0 222 240 247 206 28 0 0 6 0 0 14 0 57 188 201 253 255 239 233 33 0 0 0 0 7 0 5 20 128 250 250 244 195 93 61 59 44 64 169 189 255 250 255 255 255 255 122 0 0 0 0 0 2 1 0 0 90 255 250 246 240 251 251 241 255 246 255 254 236 255 244 237 254 184 1 0 0 0 0 0 4 0 10 1 14 126 255 255 249 255 255 253 254 245 254 238 254 255 242 255 129 0 0 1 0 0 0 0 0 10 4 0 0 2 109 210 248 250 246 255 241 252 255 245 250 228 198 80 0 10 4 8 0 0 0 0 4 1 0 1 0 13 0 44 157 255 254 249 255 255 179 127 77 1 11 5 0 6 0 0 0 0 0 0 0 0 0 0 0 0 0 0 0 0 0 0 0 0 0 0 0 0 0 0 0 0 0 0 0 0 0 0 0 0 0 0 0 0 0 0 0 0 0 0 0 0 0 0 0 0 0 0 0 0 0 0 0 0 0 0 0 0 0 0 0 0 0 0 0 0 0 0 0 0 0 0 0 0 0 0 0 0 0 0 0 0 0 0 0 0 0 0 0 0 0 0 0 0 0 0 0 0 0 0 0 0 0 0 0 0 0 0 0 0 0 0
0 0 0 0 0 0 0 0 8 0 0 13 0 3 0 7 0 2 0 7 0 0 7 0 0 0 0 0 0 0 0 0 0 0 0 0 0 1 0 5 4 0 16 0 5 16 0 3 0 1 0 7 0 0 0 0 0 0 0 0 0 0 0 0 0 0 5 2 0 5 3 0 0 0 7 0 6 0 2 0 0 0 0 0 0 0 0 0 0 0 0 0 4 0 4 5 0 24 0 73 230 43 0 0 10 0 0 13 0 0 0 0 0 0 0 0 0 0 0 0 3 0 1 6 0 7 17 186 129 32 17 7 2 12 0 0 0 0 0 0 0 0 0 0 0 0 0 0 0 12 0 1 6 0 131 228 17 113 201 6 0 0 20 0 0 0 0 0 0 0 0 0 0 0 0 0 0 12 0 0 9 38 218 142 18 71 229 83 21 0 14 0 0 0 0 0 0 0 0 0 0 0 0 0 5 0 0 0 0 116 239 25 0 0 180 199 0 5 0 0 0 0 0 0 0 0 0 0 0 0 0 0 12 0 9 0 33 240 129 11 1 0 20 243 41 0 3 0 0 0 0 0 0 0 0 0 0 0 0 0 0 0 0 0 105 218 42 0 0 7 9 193 66 0 9 0 0 0 0 0 0 0 0 0 0 0 0 0 4 7 7 36 234 139 3 0 0 10 0 162 144 0 7 0 0 0 0 0 0 0 0 0 0 0 0 0 0 0 0 121 241 25 0 0 1 4 0 167 231 0 0 0 0 0 0 0 0 0 0 0 0 0 0 0 6 10 43 245 131 4 3 14 2 2 0 165 243 2 0 0 0 0 0 0 0 0 0 0 0 0 0 0 0 0 157 241 15 0 0 0 0 5 0 158 179 1 4 0 0 0 0 0 0 0 0 0 0 0 0 0 11 0 255 174 0 4 9 0 1 0 3 188 119 2 3 0 0 0 0 0 0 0 0 0 0 0 0 0 0 14 250 116 0 0 0 5 5 0 13 237 104 6 0 2 0 0 0 0 0 0 0 0 0 0 0 0 11 182 243 1 0 4 6 0 3 0 139 246 56 0 9 0 0 0 0 0 0 0 0 0 0 0 0 0 0 243 219 7 12 0 0 6 3 14 232 158 13 6 0 0 0 0 0 0 0 0 0 0 0 0 0 0 80 230 164 0 0 0 0 0 0 166 245 56 1 0 1 0 0 0 0 0 0 0 0 0 0 0 0 0 0 255 208 0 15 5 0 0 111 248 126 10 0 0 13 0 0 0 0 0 0 0 0 0 0 0 0 0 10 179 255 42 0 14 48 130 240 126 8 9 0 3 0 2 0 0 0 0 0 0 0 0 0 0 0 0 0 0 220 255 193 176 242 255 138 11 0 5 0 1 0 1 0 0 0 0 0 0 0 0 0 0 0 0 2 20 11 158 255 202 193 49 0 2 3 0 13 0 1 0 0 0 0 0 0 0 0 0 0 0 0 0 1 0 3 0 5 10 0 17 2 0 7 0 0 3 0 1 0 0 0 0 0 0 0 0 0 0 0 0 0 0 0 0 0 0 0 0 0 0 0 0 0 0 0 0 0 0 0 0 0 0 0 0 0 0 0 0 0 0 0 0 0 0 0 0 0 0 0 0 0 0 0 0 0 0 0 0 0 0 0 0 0 0 0 0 0 0 0 0 0 0 0 0 0 0 0 0 0 0 0 0 0 0 0 0 0 0 0 0 0 0 0 0 0 0 0 0 0 0 0 0 0 0 0 0 0 0 0 0 0 0 0 0
0 0 0 0 0 0 0 0 0 11 6 0 0 10 7 0 10 0 0 2 4 0 0 5 0 0 0 0 0 0 0 0 0 0 0 0 0 0 0 13 0 0 6 0 2 0 15 8 0 4 7 0 0 0 0 0 0 0 0 0 0 0 0 0 0 20 0 0 19 3 0 1 3 6 1 0 5 10 0 11 0 0 0 0 0 0 0 0 0 0 0 0 11 0 4 10 0 0 3 0 0 0 0 10 0 6 12 0 0 0 0 0 0 0 0 0 0 0 0 0 0 0 12 0 0 10 25 128 191 244 139 59 5 0 0 14 0 0 0 0 0 0 0 0 0 0 0 0 12 0 12 0 11 128 205 250 250 255 242 247 129 22 0 0 0 0 0 0 0 0 0 0 0 0 0 0 0 10 0 6 121 239 255 249 195 181 176 255 251 128 0 9 0 0 0 0 0 0 0 0 0 0 0 0 1 0 0 133 244 255 246 166 42 0 16 152 245 237 49 0 0 0 0 0 3 0 14 0 3 4 4 0 10 0 46 225 248 253 206 0 7 0 1 0 161 255 148 8 0 0 0 0 5 0 6 0 0 0 1 0 0 33 237 247 255 249 99 9 5 0 11 0 96 255 247 64 0 0 0 0 3 0 0 1 4 0 10 0 1 149 238 255 210 52 5 0 0 22 0 3 0 255 250 49 0 0 0 0 1 2 0 4 4 0 8 0 94 255 253 244 97 4 0 3 0 16 0 0 27 243 252 56 0 0 0 0 0 10 1 0 0 0 0 0 177 251 253 198 11 7 0 1 7 0 0 0 109 246 250 64 0 0 0 0 0 6 2 0 0 4 0 63 246 247 249 168 14 0 12 0 4 0 0 1 119 255 219 15 0 0 0 0 0 0 2 0 5 5 8 157 252 254 255 73 0 0 9 0 0 0 24 2 197 250 158 0 0 0 0 0 8 0 5 0 0 0 0 209 247 255 238 52 19 0 2 7 0 10 0 71 255 225 11 3 0 0 0 0 2 0 3 7 0 0 34 227 250 255 255 56 0 3 13 0 0 14 17 203 255 163 0 3 0 0 0 0 9 0 2 0 0 5 54 254 243 255 245 56 13 1 0 19 16 2 220 252 220 51 0 3 0 0 0 0 0 4 2 0 0 3 51 252 255 219 231 57 0 3 0 0 38 206 242 255 99 0 20 0 0 0 0 0 0 4 0 0 4 1 51 254 245 120 245 35 0 4 17 91 226 253 253 83 7 0 20 0 0 0 0 0 4 7 0 0 3 0 56 249 252 179 0 10 4 86 156 253 241 248 33 0 0 5 0 15 0 0 0 0 2 5 0 4 0 0 21 156 255 231 181 151 197 255 251 255 204 116 14 17 8 0 5 0 0 0 0 0 0 3 0 5 0 0 0 36 195 244 255 252 255 255 185 81 12 0 0 0 10 0 1 8 0 0 0 0 0 9 0 0 0 13 0 0 7 165 217 230 205 119 17 0 2 8 4 6 0 0 0 0 0 0 0 0 0 0 0 0 0 0 0 0 0 0 0 0 0 0 0 0 0 0 0 0 0 0 0 0 0 0 0 0 0 0 0 0 0 0 0 0 0 0 0 0 0 0 0 0 0 0 0 0 0 0 0 0 0 0 0 0 0 0 0 0 0 0 0 0 0 0 0 0 0 0 0 0 0 0 0 0 0 0 0 0 0 0 0 0 0 0 0 0 0 0 0 0 0 0 0 0 0 0 0 0 0 0 0 0 0 0 0 0 0 0 0 0
0 0 0 0 0 0 0 0 9 0 4 0 0 1 0 14 5 0 0 0 18 0 0 0 0 0 0 0 0 0 0 0 0 0 0 0 0 6 5 4 0 3 0 0 4 0 8 0 0 0 12 12 0 0 0 0 0 0 0 0 0 0 0 0 7 0 0 14 10 10 0 4 8 0 0 0 5 4 4 0 0 0 0 0 0 0 0 0 0 0 0 0 0 7 10 0 0 2 0 0 0 6 12 1 3 0 3 12 0 0 0 0 0 0 0 0 0 0 0 0 2 0 11 0 6 8 0 14 8 9 0 0 2 0 0 0 0 0 0 0 0 0 0 0 0 0 0 0 15 0 10 0 2 54 134 236 255 239 255 253 90 8 8 0 0 0 0 0 0 0 0 0 0 0 0 0 0 7 0 77 159 255 255 241 241 255 238 252 252 128 0 13 0 0 0 0 0 0 0 0 0 0 0 0 0 8 0 228 255 245 237 255 150 49 57 200 249 215 94 0 0 0 0 0 1 1 0 0 0 1 0 0 9 0 27 253 240 255 238 252 118 0 0 18 206 249 170 0 0 0 0 0 0 0 0 4 5 1 1 4 0 77 255 238 252 250 255 229 0 16 0 0 178 255 165 19 0 0 0 0 1 0 0 4 1 0 0 4 4 114 248 255 248 255 123 2 0 0 8 4 199 252 201 21 0 0 0 0 4 2 0 0 0 0 0 2 11 219 251 255 255 121 10 2 2 9 0 8 186 249 126 10 0 0 0 0 0 2 2 0 0 7 7 0 17 206 248 240 135 1 17 0 7 1 10 53 182 238 98 0 0 0 0 0 0 1 5 1 0 2 0 0 53 246 255 250 42 1 0 10 0 3 2 64 255 179 0 0 0 0 0 0 0 0 1 5 0 0 0 18 212 244 233 144 2 1 14 0 10 6 12 217 255 141 0 1 0 0 0 0 7 0 0 7 0 0 23 73 246 255 159 5 0 0 11 0 0 4 73 255 248 70 19 0 0 0 0 0 0 7 4 3 0 0 35 228 255 161 48 6 0 0 7 0 4 66 214 251 193 45 9 0 0 0 0 0 0 0 0 0 2 6 94 244 230 105 24 0 0 7 0 4 5 123 240 255 63 0 0 7 0 0 0 0 10 7 2 0 6 20 171 252 210 34 0 4 6 0 0 1 123 225 255 179 38 13 16 0 0 0 0 0 0 0 0 0 6 47 246 255 106 11 0 10 0 0 2 0 191 255 233 39 8 0 0 0 0 0 0 0 0 0 2 0 0 66 255 236 65 0 6 0 11 0 4 205 255 255 131 9 0 7 0 12 0 0 0 0 5 5 8 1 0 108 253 215 0 11 0 13 0 59 250 246 255 127 2 0 0 18 0 0 0 0 0 0 0 0 0 2 7 179 255 233 12 5 0 0 55 192 240 255 149 29 0 8 1 0 12 0 0 0 0 0 10 3 0 4 7 206 239 215 0 0 62 206 227 247 255 67 29 1 0 6 0 0 3 0 0 0 0 0 5 0 7 0 8 126 243 255 224 225 235 252 244 184 88 13 0 0 0 0 0 0 0 0 0 0 0 0 2 0 13 5 0 0 10 0 6 1 0 0 6 8 3 0 0 0 0 0 0 0 0 0 0 0 0 0 1 0 0 7 4 7 13 8 0 0 0 0 0 0 2 8 0 0 0 0 0 0 0 0 0 0 0 0 11 2 0 0 0 0 0 0 7 6 4 4 4 2 0 0 0 0 0 0 0 0 0 0 0 0 0 0
0 0 0 0 0 0 0 0 0 0 3 0 1 2 0 8 0 1 0 8 1 6 0 0 0 0 0 0 0 0 0 0 0 0 0 0 0 14 0 1 7 0 12 0 12 4 0 0 0 0 1 0 0 0 0 0 0 0 0 0 0 0 0 0 13 0 0 0 6 8 4 0 0 0 2 3 1 3 1 0 0 0 0 0 0 0 0 0 0 0 0 0 0 0 8 7 0 1 0 1 9 0 7 0 0 0 3 3 0 0 0 0 0 0 0 0 0 0 0 0 6 0 0 246 255 101 26 0 0 0 0 0 3 0 0 0 0 0 0 0 0 0 0 0 0 0 0 0 0 17 0 138 236 241 174 70 70 82 0 1 9 0 0 0 0 0 0 0 0 0 0 0 0 0 0 0 0 0 6 19 143 252 245 247 250 235 25 0 0 0 2 11 0 0 0 0 0 0 0 0 0 0 0 0 12 0 7 68 236 255 248 255 255 254 8 0 8 2 0 0 0 0 0 0 0 0 0 0 0 0 0 0 6 0 133 208 255 241 185 253 255 241 124 0 0 2 12 0 0 0 0 0 0 0 0 0 0 0 0 0 8 34 245 252 162 38 13 112 223 242 232 147 20 0 0 0 0 0 0 0 0 0 0 0 0 0 0 0 17 196 255 188 32 0 0 8 77 255 245 255 157 0 10 9 0 0 0 0 0 0 0 0 0 0 0 0 40 244 248 40 1 5 2 0 8 24 255 227 226 86 0 0 0 0 0 0 0 0 0 0 0 0 0 0 157 255 73 22 2 0 0 3 0 11 119 255 244 223 2 6 0 0 0 0 0 0 0 0 0 0 0 0 244 238 55 0 9 4 7 2 0 1 15 172 255 237 0 0 0 0 0 0 0 0 0 0 0 0 0 0 142 255 56 21 0 0 17 0 12 0 0 178 233 247 11 0 0 0 0 0 0 0 0 0 0 0 0 0 160 255 50 0 4 0 0 10 0 13 0 159 255 242 0 5 0 0 0 0 0 0 0 0 0 0 0 0 249 251 59 0 0 0 11 0 3 0 0 161 255 232 16 0 0 0 0 0 0 0 0 0 0 0 0 0 243 244 49 23 0 0 11 0 13 0 16 177 252 234 0 12 0 0 0 0 0 0 0 0 0 0 0 0 212 255 54 0 0 3 0 0 0 10 214 242 253 111 0 0 0 0 0 0 0 0 0 0 0 0 0 0 123 255 182 0 21 0 0 5 31 210 251 255 178 10 4 0 0 0 0 0 0 0 0 0 0 0 0 0 42 236 245 142 0 8 0 78 199 246 234 232 38 0 0 12 0 0 0 0 0 0 0 0 0 0 0 0 1 79 255 254 166 137 198 255 254 247 224 26 0 26 0 0 0 0 0 0 0 0 0 0 0 0 0 0 0 6 151 255 255 242 255 233 234 128 8 5 4 0 24 0 0 0 0 0 0 0 0 0 0 0 0 0 0 4 17 122 208 252 253 189 25 0 0 3 0 12 0 10 0 0 0 0 0 0 0 0 0 0 0 0 0 0 0 0 0 0 0 0 0 0 0 0 0 0 0 0 0 0 0 0 0 0 0 0 0 0 0 0 0 0 0 0 0 0 0 0 0 0 0 0 0 0 0 0 0 0 0 0 0 0 0 0 0 0 0 0 0 0 0 0 0 0 0 0 0 0 0 0 0 0 0 0 0 0 0 0 0 0 0 0 0 0 0 0 0 0 0 0 0 0 0 0 0 0 0 0 0 0 0 0 0 0 0 0
0 0 0 0 0 0 0 0 0 0 0 8 0 6 0 6 0 5 0 1 2 0 0 3 0 0 0 0 0 0 0 0 0 0 0 0 2 10 0 3 8 0 0 4 4 11 0 0 0 10 4 0 0 0 0 0 0 0 0 0 0 0 0 0 0 10 3 0 0 11 10 0 0 0 0 11 0 0 0 3 0 0 0 0 0 0 0 0 0 0 0 0 3 0 2 7 17 0 0 0 0 0 10 4 0 0 0 0 0 0 0 0 0 0 0 0 0 0 0 0 4 0 2 0 8 22 110 149 255 191 121 1 0 5 15 0 0 0 0 0 0 0 0 0 0 0 0 0 0 15 0 78 254 255 241 244 241 241 255 168 91 0 0 18 0 0 0 0 0 0 0 0 0 0 0 0 8 0 86 252 250 233 255 251 255 246 255 255 230 118 0 0 0 0 0 0 0 0 0 0 0 0 0 0 0 185 239 255 255 254 251 250 246 255 240 255 255 217 40 1 0 0 0 0 0 0 6 0 8 0 0 0 228 253 248 249 255 242 216 234 239 245 248 249 247 255 204 0 0 0 3 4 0 2 5 0 2 0 4 65 235 255 242 255 250 129 10 0 0 70 226 255 255 230 244 106 4 0 1 3 0 1 2 0 4 0 36 174 252 255 255 238 110 5 0 0 9 2 82 242 245 255 255 199 13 1 0 1 0 0 0 2 4 0 63 247 255 244 228 111 6 0 24 11 5 0 48 220 254 254 242 248 21 3 0 0 1 2 0 1 0 0 85 255 246 255 202 0 1 5 0 0 13 0 0 43 236 255 255 250 25 4 0 0 1 2 0 1 0 0 141 254 249 255 198 0 2 1 0 12 0 4 1 1 227 247 250 249 26 3 0 1 0 0 1 0 4 19 212 255 255 241 147 11 5 3 10 0 3 9 0 11 226 255 243 255 23 2 0 2 0 3 6 0 0 24 249 249 245 255 97 0 0 0 8 1 0 0 9 0 225 254 249 211 21 1 0 3 0 3 0 0 9 80 249 250 255 250 91 0 4 3 7 0 0 9 0 11 232 244 255 157 0 0 0 0 0 6 5 0 0 33 243 255 245 237 110 10 0 0 0 0 16 0 13 176 253 255 237 154 0 0 0 0 0 0 6 0 0 2 195 244 247 255 210 81 12 3 4 0 0 13 130 250 227 254 226 3 0 0 0 0 2 0 4 0 11 0 124 242 247 243 255 243 185 110 73 97 118 247 237 255 255 255 125 2 0 0 0 0 0 0 6 0 3 0 56 255 255 255 255 243 244 255 255 252 246 255 244 239 255 86 5 14 0 0 0 0 4 0 0 0 6 3 0 164 247 246 252 255 255 245 242 248 255 243 255 255 89 8 0 0 0 0 0 0 5 0 0 0 12 5 0 34 180 241 250 249 248 248 255 244 247 255 229 118 7 0 16 1 0 0 0 0 0 0 4 4 0 0 18 0 0 46 87 188 255 246 255 251 208 122 24 0 1 1 0 0 0 0 0 0 0 0 0 0 0 0 0 0 0 0 0 0 0 0 0 0 0 0 0 0 0 0 0 0 0 0 0 0 0 0 0 0 0 0 0 0 0 0 0 0 0 0 0 0 0 0 0 0 0 0 0 0 0 0 0 0 0 0 0 0 0 0 0 0 0 0 0 0 0 0 0 0 0 0 0 0 0 0 0 0 0 0 0 0 0 0 0 0 0 0 0 0 0 0 0 0 0 0 0 0 0 0 0 0 0 0 0 0 0 0 0 0
0 0 0 0 0 0 0 0 2 2 0 6 11 4 3 0 0 3 4 1 0 0 0 0 0 0 0 0 0 0 0 0 0 0 0 0 0 0 0 0 0 0 0 10 0 0 0 0 0 0 0 0 0 0 0 0 0 0 0 0 0 0 0 0 1 11 11 5 19 0 12 0 2 0 0 0 0 2 1 0 0 0 0 0 0 0 0 0 0 0 0 0 2 0 0 0 3 4 1 0 3 1 1 3 3 0 0 0 0 0 0 0 0 0 0 0 0 0 0 0 0 53 187 255 181 131 0 19 0 0 3 7 4 0 0 2 0 0 0 0 0 0 0 0 0 0 0 0 14 177 255 251 255 246 183 20 0 0 0 3 2 0 0 5 0 0 0 0 0 0 0 0 0 0 0 0 155 252 213 157 154 99 205 115 17 3 0 0 2 0 0 4 0 0 0 0 0 0 0 0 0 0 0 0 243 249 112 0 4 186 238 191 40 15 0 0 3 1 0 0 0 0 0 0 4 0 0 2 5 0 3 163 248 248 37 2 37 247 238 255 253 143 13 10 0 9 3 1 0 0 0 0 0 1 6 1 0 0 26 211 255 192 10 0 15 185 249 252 246 255 165 0 13 0 0 0 0 0 0 0 0 2 7 0 0 0 50 249 245 115 0 0 5 91 185 147 165 245 247 190 0 9 23 0 0 0 0 0 0 0 1 0 0 10 59 254 255 102 14 10 0 2 44 0 0 121 255 255 232 11 0 4 0 0 0 0 0 0 0 0 0 10 57 250 248 87 0 0 0 7 7 3 8 9 143 251 255 57 8 9 0 0 0 0 0 0 6 0 0 0 43 238 255 148 7 0 0 8 0 4 0 4 23 226 244 220 55 0 0 0 0 0 0 0 4 1 0 0 17 193 242 202 22 0 3 5 0 7 2 0 19 46 252 253 174 3 0 0 0 0 3 0 0 2 9 0 0 142 255 255 45 9 0 0 13 0 1 3 0 0 167 255 213 20 0 0 0 0 0 0 0 0 0 2 5 6 250 243 113 0 0 4 9 5 2 0 0 3 101 250 254 65 0 0 0 0 1 0 0 0 0 1 3 5 245 255 163 7 12 3 0 1 0 23 0 0 80 255 241 74 0 0 0 0 2 1 0 0 0 0 1 2 208 243 255 115 0 0 18 0 0 0 2 15 148 243 255 60 0 0 0 0 3 2 0 0 0 0 0 0 53 234 235 253 66 12 7 0 0 19 0 50 255 238 222 19 0 0 0 0 2 2 1 0 0 0 0 0 0 37 235 245 255 198 73 0 0 5 23 136 253 254 198 0 0 0 0 0 1 1 0 0 0 0 0 0 25 0 40 221 240 240 253 252 158 192 247 255 255 175 53 3 0 0 0 0 0 0 0 0 0 0 0 0 0 16 0 13 153 255 255 240 255 238 255 247 143 31 0 0 0 0 0 0 0 0 0 0 0 0 0 0 6 0 13 0 12 30 120 215 255 255 136 121 12 1 10 0 0 0 0 0 0 0 0 0 0 0 0 0 0 0 0 0 0 0 0 0 0 0 0 0 0 0 0 0 0 0 0 0 0 0 0 0 0 0 0 0 0 0 0 0 0 0 0 0 0 0 0 0 0 0 0 0 0 0 0 0 0 0 0 0 0 0 0 0 0 0 0 0 0 0 0 0 0 0 0 0 0 0 0 0 0 0 0 0 0 0 0 0 0 0 0 0 0 0 0 0 0 0 0 0 0 0 0 0 0 0 0 0 0 0 0 0
0 0 0 0 0 0 0 0 2 5 9 0 6 0 0 0 0 13 0 0 3 12 0 11 0 0 0 0 0 0 0 0 0 0 0 0 6 0 0 0 5 0 10 4 21 0 0 5 0 0 11 0 0 0 0 0 0 0 0 0 0 0 0 0 0 0 1 18 0 0 3 0 0 0 11 0 10 9 14 0 0 0 0 0 0 0 0 0 0 0 0 0 2 11 4 0 0 10 14 5 0 0 10 0 0 8 0 13 0 0 0 0 0 0 0 0 0 0 0 0 4 0 0 0 5 10 0 0 0 141 252 189 28 6 8 0 0 0 0 0 0 0 0 0 0 0 0 0 0 0 8 1 10 0 10 73 194 230 242 255 182 8 0 2 0 0 0 0 0 0 0 0 0 0 0 0 8 0 5 0 0 3 172 244 244 255 239 252 255 119 17 0 0 0 0 0 0 0 0 0 0 0 0 0 4 0 0 0 7 36 255 246 249 249 255 241 249 237 69 0 0 0 0 0 0 2 2 0 0 8 7 0 6 0 0 5 41 229 252 244 255 144 254 255 245 254 222 66 0 0 0 0 0 1 3 0 0 0 0 2 0 0 16 38 237 252 242 254 73 58 252 255 251 255 242 86 0 0 0 0 0 0 0 6 10 6 3 3 0 6 38 227 253 243 179 50 12 62 249 249 255 230 255 105 0 0 0 0 5 2 0 0 0 0 0 0 0 0 198 255 239 253 13 0 0 78 243 255 234 254 236 88 0 0 0 0 0 6 8 0 0 0 6 9 5 133 234 255 202 90 2 12 2 63 255 232 248 255 247 99 0 0 0 0 0 0 0 1 5 7 1 0 98 241 255 236 35 0 0 4 17 10 97 172 245 234 255 87 0 0 0 0 11 0 0 0 0 0 4 25 190 255 234 88 0 5 0 6 0 2 0 252 254 255 227 61 0 0 0 0 0 0 2 7 0 3 96 204 255 245 106 0 9 0 11 0 3 3 141 250 255 251 170 0 0 0 0 0 11 0 0 6 0 10 171 255 247 255 55 0 0 3 0 2 0 62 255 251 250 177 32 0 0 0 0 0 0 0 9 6 4 127 251 237 247 128 20 1 2 0 3 2 31 223 247 255 192 17 0 18 0 0 0 0 0 15 0 0 100 235 249 255 158 0 1 0 3 8 0 22 210 238 253 188 23 0 0 0 0 0 0 0 5 5 3 0 99 255 255 214 72 0 0 15 0 54 255 255 239 231 71 0 0 18 0 6 0 0 0 0 0 0 15 0 111 243 242 207 22 103 187 201 199 223 252 237 246 152 3 1 1 0 17 0 0 0 0 0 3 0 0 0 167 255 247 253 248 255 244 253 237 255 254 176 71 0 7 0 0 9 0 12 0 0 0 0 10 0 7 10 92 236 255 238 252 252 255 244 245 208 36 0 0 0 14 0 11 10 0 1 0 0 0 0 0 3 0 6 29 100 164 253 249 255 241 175 101 36 0 9 10 0 0 8 0 0 2 1 0 0 0 0 0 0 0 0 0 0 0 0 0 0 0 0 0 0 0 0 0 0 0 0 0 0 0 0 0 0 0 0 0 0 0 0 0 0 0 0 0 0 0 0 0 0 0 0 0 0 0 0 0 0 0 0 0 0 0 0 0 0 0 0 0 0 0 0 0 0 0 0 0 0 0 0 0 0 0 0 0 0 0 0 0 0 0 0 0 0 0 0 0 0 0 0 0 0 0 0 0 0 0 0 0 0 0 0 0 0 0 0 0 0 0 0
0 0 0 0 0 0 0 0 1 2 0 0 7 0 0 10 4 6 0 0 3 0 0 0 0 0 0 0 0 0 0 0 0 0 0 0 9 4 9 3 0 6 9 0 0 0 4 7 0 0 7 0 0 0 0 0 0 0 0 0 0 0 0 0 0 0 0 5 1 0 4 16 9 4 0 0 0 0 4 5 0 0 0 0 0 0 0 0 0 0 0 0 0 6 11 0 0 2 7 0 0 0 0 0 6 0 0 7 0 0 0 0 0 0 0 0 0 0 0 0 0 0 12 0 24 172 238 136 1 16 1 0 5 16 1 0 0 0 0 0 0 0 0 0 0 0 0 0 0 8 0 44 184 255 250 254 218 40 0 29 0 0 4 10 0 0 0 0 0 0 0 0 0 0 0 0 18 0 111 251 255 255 255 241 255 255 111 0 12 17 0 9 0 0 0 0 0 0 0 0 0 0 0 0 0 142 247 253 248 247 248 255 243 254 244 140 12 0 16 0 0 0 0 0 0 12 0 0 0 11 0 0 95 248 237 251 255 252 245 255 254 241 255 255 194 29 1 0 0 11 0 6 1 0 0 13 2 0 6 20 231 246 255 246 92 15 54 108 233 255 236 248 252 197 30 0 3 10 0 0 9 0 0 6 0 0 15 130 243 253 255 235 0 0 0 7 57 173 255 254 255 255 202 32 0 1 0 2 1 6 0 0 1 18 10 243 243 255 225 71 1 8 14 0 0 1 237 254 255 245 250 145 0 0 5 10 0 9 5 0 12 3 56 255 255 255 126 0 0 0 0 6 0 15 50 157 227 255 255 208 46 0 6 8 0 0 2 0 11 0 178 249 250 174 17 17 0 16 0 8 0 16 0 7 84 227 243 255 117 10 0 0 7 0 0 0 0 52 255 255 255 80 0 0 0 0 8 0 0 4 0 0 4 33 214 255 147 7 0 0 0 0 5 3 0 137 247 255 254 44 4 11 0 1 0 0 5 0 3 6 0 9 199 247 134 0 0 5 12 0 14 5 0 143 252 251 191 4 0 5 0 4 0 0 0 0 0 11 0 68 255 236 16 9 1 0 0 12 0 1 20 126 255 255 132 0 5 0 0 0 2 0 0 12 5 1 24 212 254 161 9 4 0 0 2 7 0 0 11 127 248 248 181 4 0 0 16 0 0 8 15 0 7 81 225 255 218 89 1 0 0 0 11 0 16 0 3 128 255 255 240 29 0 13 0 0 9 0 0 47 186 255 255 201 26 0 0 0 0 0 0 0 0 15 7 46 219 248 235 202 89 19 53 84 67 150 194 246 231 255 190 48 0 8 0 0 0 0 6 4 0 0 0 0 105 255 255 255 246 225 214 242 242 255 243 255 216 82 40 0 0 0 1 1 1 1 8 0 9 0 2 22 32 211 255 240 255 255 255 250 255 253 214 159 11 13 0 0 5 0 0 1 1 0 0 6 2 0 0 5 0 25 117 156 255 247 254 180 132 39 11 0 0 0 6 0 7 0 0 0 0 0 0 0 0 0 0 0 0 0 0 0 0 0 0 0 0 0 0 0 0 0 0 0 0 0 0 0 0 0 0 0 0 0 0 0 0 0 0 0 0 0 0 0 0 0 0 0 0 0 0 0 0 0 0 0 0 0 0 0 0 0 0 0 0 0 0 0 0 0 0 0 0 0 0 0 0 0 0 0 0 0 0 0 0 0 0 0 0 0 0 0 0 0 0 0 0 0 0 0 0 0 0 0 0 0 0 0 0 0 0 0 0 0
0 0 0 0 0 0 0 0 0 1 4 0 0 0 0 3 0 6 0 0 5 0 6 0 0 0 0 0 0 0 0 0 0 0 0 0 2 0 0 2 6 4 0 0 0 9 1 10 0 0 0 0 0 0 0 0 0 0 0 0 0 0 0 0 7 0 0 2 5 0 0 0 7 0 0 0 0 1 0 8 0 0 0 0 0 0 0 0 0 0 0 0 0 0 1 0 0 0 0 4 7 0 6 0 9 0 0 0 0 0 0 0 0 0 0 0 0 0 0 0 0 0 4 0 0 7 8 1 9 2 1 4 0 7 4 0 0 0 0 0 0 0 0 0 0 0 0 0 0 1 0 0 3 7 0 0 0 9 0 67 44 105 54 0 0 0 0 0 0 0 0 0 0 0 0 0 5 0 0 2 0 0 0 13 48 127 140 238 231 255 196 68 0 0 0 0 0 0 0 0 0 0 0 0 0 0 0 9 0 0 24 83 163 243 255 255 250 252 255 149 0 0 0 0 0 8 0 0 7 1 0 2 0 0 0 1 9 159 206 255 251 255 248 248 255 241 255 244 43 0 8 6 0 3 0 0 4 0 0 0 0 9 9 0 46 218 229 255 254 240 240 169 231 247 249 251 171 24 0 0 3 0 0 2 2 0 0 2 9 8 0 66 238 255 255 255 237 64 61 63 242 245 255 238 51 0 1 8 6 0 0 0 1 7 1 0 0 0 147 228 236 235 255 227 49 4 0 100 250 255 238 149 0 0 14 0 2 0 3 0 2 11 0 0 66 165 232 253 255 246 242 45 3 0 136 223 253 244 240 38 12 0 2 2 0 0 8 0 3 2 0 30 139 255 233 255 247 180 0 2 12 13 206 255 255 255 236 54 0 0 2 12 0 0 8 0 3 0 14 139 255 238 255 246 227 0 0 10 49 237 255 255 239 223 29 6 13 13 0 0 5 0 4 0 2 0 53 247 253 255 252 158 0 0 11 0 167 255 255 234 255 90 0 4 0 0 0 0 0 5 0 6 0 60 237 253 247 252 231 41 3 10 0 174 247 253 255 216 44 0 0 1 0 0 0 0 0 7 0 0 0 122 251 248 255 231 44 23 0 0 123 255 255 245 251 161 0 1 1 4 0 0 0 0 1 0 0 12 8 180 252 255 193 34 10 0 6 52 113 255 255 236 81 14 0 5 5 0 0 0 0 0 4 0 0 0 0 219 242 247 255 152 173 78 130 237 247 240 247 203 25 0 10 0 3 12 0 0 0 0 0 5 4 0 3 255 255 255 255 244 255 255 239 243 251 253 139 19 0 0 0 23 0 0 0 0 0 0 1 0 2 5 1 158 202 249 247 246 255 245 255 255 240 157 6 0 15 13 0 3 0 22 0 0 0 0 11 0 0 14 0 3 46 103 99 133 220 255 236 86 98 0 4 26 0 0 12 0 0 0 0 0 0 0 0 0 0 3 0 0 11 0 0 39 173 250 134 0 15 0 0 0 2 3 1 0 0 3 0 0 0 0 0 0 0 0 0 0 0 0 0 19 88 93 14 0 8 2 0 0 0 0 0 0 0 0 0 0 0 0 0 0 0 0 0 0 0 0 1 0 2 11 0 0 9 0 0 0 0 0 0 0 0 0 0 0 0 0 0 0 0 0 0 0 0 0 7 0 0 0 0 5 9 0 0 0 0 0 0 0 0 0 0 0 0 0 0 0 0 0 0 0 0 0 0 6 10 8 4 0 0 0 0 0 0 0 0 0 0 0 0 0 0 0
0 0 0 0 0 0 0 0 0 1 14 0 0 3 0 1 0 4 3 0 0 3 1 0 0 0 0 0 0 0 0 0 0 0 0 0 7 0 0 0 3 0 20 0 8 0 0 8 13 0 0 7 0 0 0 0 0 0 0 0 0 0 0 0 0 2 0 18 0 0 0 8 9 7 0 0 0 0 3 4 0 0 0 0 0 0 0 0 0 0 0 0 0 0 7 0 91 137 6 0 0 3 13 2 0 5 2 0 0 0 0 0 0 0 0 0 0 0 0 0 0 2 13 11 227 191 8 3 13 0 0 0 2 0 1 10 0 0 0 0 0 0 0 0 0 0 0 0 0 7 0 146 255 107 0 167 32 23 8 0 0 1 0 0 0 0 0 0 0 0 0 0 0 0 0 0 8 0 24 253 242 61 21 240 254 248 190 87 12 0 2 0 0 0 0 0 0 0 0 0 0 0 0 0 0 0 162 249 185 0 0 99 176 231 255 228 126 34 0 5 0 0 0 0 7 3 0 10 0 0 2 3 0 84 227 255 140 14 0 1 8 139 255 245 252 124 12 0 0 0 0 0 0 0 0 7 0 6 0 0 0 226 242 255 0 0 18 0 0 9 186 255 255 249 98 0 0 0 0 0 2 10 0 5 0 0 0 0 127 251 224 7 18 0 2 0 4 12 0 159 255 255 241 58 0 0 0 0 0 1 0 0 0 2 5 61 213 253 226 12 0 13 0 24 0 0 8 15 153 254 238 61 0 0 0 0 1 0 0 3 0 0 15 131 250 255 133 0 2 4 4 0 4 11 0 0 9 111 255 55 0 0 0 0 7 3 0 9 3 0 15 177 250 234 46 0 3 0 2 20 0 0 0 21 0 134 255 57 0 0 0 0 0 0 0 1 5 2 46 236 245 52 2 14 0 0 0 0 1 17 1 0 58 247 251 58 0 0 0 0 1 8 0 0 0 8 59 255 253 32 0 0 6 1 0 1 0 0 7 63 220 255 181 17 0 0 0 0 1 0 0 6 0 2 203 255 255 23 15 0 0 4 0 4 0 15 119 245 255 156 40 0 0 0 0 0 0 1 0 0 0 0 220 242 255 20 0 0 11 0 0 0 77 162 236 237 155 38 0 9 0 0 0 0 0 7 1 0 0 0 229 247 252 35 7 0 3 4 34 102 231 255 255 151 13 0 5 1 0 0 0 0 0 7 1 2 5 0 183 255 244 107 4 65 141 156 250 247 255 238 125 12 0 4 0 3 0 0 0 0 0 0 0 4 0 0 89 250 255 245 249 250 255 246 255 255 164 65 9 6 0 0 7 0 0 0 0 0 2 0 0 7 0 0 13 178 249 250 255 246 254 224 115 49 17 15 0 0 13 3 0 6 0 0 0 0 6 0 3 7 0 6 0 73 109 239 209 199 120 1 24 0 0 0 8 0 0 7 17 0 0 0 0 0 2 0 4 1 0 11 2 0 0 5 7 0 8 13 0 9 8 0 0 5 11 0 0 3 0 0 0 0 0 0 0 0 0 0 0 0 0 0 0 0 0 0 0 0 0 0 0 0 0 0 0 0 0 0 0 0 0 0 0 0 0 0 0 0 0 0 0 0 0 0 0 0 0 0 0 0 0 0 0 0 0 0 0 0 0 0 0 0 0 0 0 0 0 0 0 0 0 0 0 0 0 0 0 0 0 0 0 0 0 0 0 0 0 0 0 0 0 0 0 0 0 0 0 0 0 0 0 0 0 0 0 0 0 0 0 0 0 0 0 0
0 0 0 0 0 0 0 0 0 12 0 0 0 2 0 9 0 0 2 4 0 2 8 0 0 0 0 0 0 0 0 0 0 0 0 0 0 0 8 12 6 0 3 0 0 2 0 1 5 1 0 7 0 0 0 0 0 0 0 0 0 0 0 0 6 7 0 0 0 8 8 0 0 6 0 0 3 3 0 3 0 0 0 0 0 0 0 0 0 0 0 0 0 0 0 14 0 0 0 14 0 6 6 3 2 0 0 0 0 0 0 0 0 0 0 0 0 0 0 0 4 2 2 11 86 252 255 117 17 0 0 5 0 0 5 11 0 0 0 0 0 0 0 0 0 0 0 0 0 11 0 16 194 253 244 255 230 102 12 7 9 0 0 0 0 0 0 0 0 0 0 0 0 0 0 0 14 0 39 188 252 255 254 255 255 171 31 0 0 7 0 9 0 0 0 0 0 0 0 0 0 0 0 0 0 23 42 248 255 202 108 249 246 255 144 11 5 8 0 6 0 0 0 0 0 0 0 0 0 0 0 0 0 31 175 246 246 72 0 153 245 255 241 77 5 0 3 0 0 0 0 0 0 0 0 0 0 0 0 0 4 143 255 255 179 23 0 92 255 244 254 186 24 0 13 0 0 0 0 0 0 0 0 0 0 0 0 0 0 204 255 246 109 0 0 8 221 240 255 255 50 0 10 3 0 0 0 0 0 0 0 0 0 0 0 0 1 209 248 247 93 2 3 0 97 246 252 255 70 1 0 4 0 0 0 0 0 0 0 0 0 0 0 0 0 205 255 255 86 6 0 6 5 240 250 235 77 2 0 2 0 0 0 0 0 0 0 0 0 0 0 0 0 203 255 255 80 10 0 0 0 225 255 249 74 0 4 0 0 0 0 0 0 0 0 0 0 0 0 0 1 212 250 255 97 18 1 0 6 223 255 255 68 0 1 1 0 0 0 0 0 0 0 0 0 0 0 0 0 213 239 255 98 0 0 3 0 235 253 251 64 8 0 5 0 0 0 0 0 0 0 0 0 0 0 0 0 211 250 241 149 0 0 0 0 238 242 255 62 7 8 0 0 0 0 0 0 0 0 0 0 0 0 0 0 60 255 251 229 0 0 23 10 223 255 237 69 0 0 13 0 0 0 0 0 0 0 0 0 0 0 0 10 195 250 254 234 128 4 0 0 223 243 255 65 0 0 0 0 0 0 0 0 0 0 0 0 0 0 0 0 67 180 255 255 221 31 3 92 251 242 225 13 0 16 0 0 0 0 0 0 0 0 0 0 0 0 0 4 0 181 242 254 255 204 15 197 238 255 79 0 8 3 6 0 0 0 0 0 0 0 0 0 0 0 0 4 0 20 140 238 254 255 198 249 255 202 11 3 12 0 4 0 0 0 0 0 0 0 0 0 0 0 0 6 0 0 12 187 255 231 255 250 234 90 12 0 0 0 3 0 0 0 0 0 0 0 0 0 0 0 0 0 7 0 2 17 195 248 190 116 23 0 0 3 0 19 0 0 0 0 0 0 0 0 0 0 0 0 0 0 0 0 0 0 0 0 0 0 0 0 0 0 0 0 0 0 0 0 0 0 0 0 0 0 0 0 0 0 0 0 0 0 0 0 0 0 0 0 0 0 0 0 0 0 0 0 0 0 0 0 0 0 0 0 0 0 0 0 0 0 0 0 0 0 0 0 0 0 0 0 0 0 0 0 0 0 0 0 0 0 0 0 0 0 0 0 0 0 0 0 0 0 0 0 0 0 0 0 0 0 0 0 0
0 0 0 0 0 0 0 0 2 1 0 0 0 0 1 0 0 4 5 0 0 5 6 0 0 0 0 0 0 0 0 0 0 0 0 0 0 1 9 8 1 0 0 0 10 0 0 4 15 0 0 1 0 0 0 0 0 0 0 0 0 0 0 0 8 1 0 0 0 2 6 9 0 0 0 8 0 6 0 12 0 0 0 0 0 0 0 0 0 0 0 0 1 0 0 2 3 0 0 0 21 11 2 0 5 9 6 0 0 0 0 0 0 0 0 0 0 0 0 0 0 0 6 10 7 1 4 12 0 0 0 17 0 0 0 9 0 0 0 0 0 0 0 0 0 0 0 0 11 0 0 0 2 0 0 0 6 6 0 0 28 55 38 0 0 0 0 0 0 0 0 0 0 0 0 0 3 0 0 3 5 0 3 11 4 0 11 7 212 251 205 17 0 0 0 0 0 0 0 0 0 0 0 0 0 3 8 0 0 44 147 240 153 106 0 1 67 255 245 203 0 0 0 0 0 23 0 0 0 0 8 0 8 0 3 92 193 207 255 253 255 232 58 0 60 255 246 217 3 0 5 0 23 0 4 6 0 0 0 3 0 130 144 240 255 255 246 245 255 249 99 21 65 239 255 237 121 3 0 5 0 0 6 8 0 2 9 0 147 242 239 247 255 251 245 255 241 255 75 0 35 212 255 255 175 4 0 9 30 0 4 0 0 6 0 128 249 255 253 255 216 216 96 53 153 172 29 0 0 177 249 230 94 0 0 6 0 3 5 0 16 0 133 252 242 255 244 125 45 4 8 0 0 8 0 0 2 140 255 205 1 5 0 0 0 8 0 17 0 195 238 255 254 224 23 19 0 4 0 6 13 0 0 4 204 251 251 107 0 15 0 0 9 0 14 0 0 121 252 253 254 119 0 0 24 2 0 7 0 0 14 0 218 244 255 197 3 5 0 0 0 2 0 0 12 250 248 255 206 30 15 1 0 4 0 3 4 0 86 124 235 255 245 128 0 0 9 6 6 0 0 10 6 153 255 254 162 50 3 0 7 2 0 4 0 66 90 253 255 253 165 40 0 0 0 0 0 19 0 0 0 255 238 247 25 0 0 9 0 0 0 32 174 255 232 255 235 123 23 0 0 0 0 0 2 0 0 9 0 194 255 255 194 102 12 0 11 105 173 236 253 230 255 249 116 1 11 0 0 0 0 0 0 10 1 6 0 190 242 255 255 232 210 217 219 251 255 255 250 251 178 44 24 0 0 18 0 0 0 0 6 0 0 0 10 42 230 244 255 254 255 255 255 250 252 229 245 82 0 0 16 5 0 0 0 0 0 0 0 3 0 0 0 0 3 225 253 242 247 245 250 195 143 62 0 0 8 0 0 0 5 6 0 0 0 0 0 7 8 2 19 4 2 29 45 50 46 53 44 22 16 0 1 8 0 0 11 2 0 0 0 0 0 0 12 0 0 7 0 0 13 0 0 6 0 12 0 0 8 0 0 0 0 0 7 0 11 0 0 0 0 0 0 0 0 0 0 0 0 0 0 0 0 0 0 0 0 0 0 0 0 0 0 0 0 0 0 0 0 0 0 0 0 0 0 0 0 0 0 0 0 0 0 0 0 0 0 0 0 0 0 0 0 0 0 0 0 0 0 0 0 0 0 0 0 0 0 0 0 0 0 0 0 0 0 0 0 0 0 0 0 0 0 0 0 0 0 0 0 0 0 0 0 0 0 0 0 0 0 0 0 0 0 0 0 0 0 0 0 0 0 0 0 0
0 0 0 0 0 0 0 0 0 0 3 5 3 0 0 1 1 2 1 0 0 1 0 0 0 0 0 0 0 0 0 0 0 0 0 0 8 0 0 0 1 2 3 8 0 0 4 2 0 0 2 6 0 0 0 0 0 0 0 0 0 0 0 0 0 12 21 7 0 0 0 0 4 0 0 0 0 1 0 0 0 0 0 0 0 0 0 0 0 0 0 0 0 0 0 0 0 7 8 2 0 0 0 3 6 4 3 4 0 0 0 0 0 0 0 0 0 0 0 0 8 0 0 11 8 0 0 10 0 0 6 6 0 0 0 3 0 0 0 0 0 0 0 0 0 0 0 0 0 5 2 0 0 11 6 0 11 0 0 0 7 8 8 11 0 0 0 0 0 0 0 0 0 0 0 0 0 2 0 2 69 143 138 85 61 34 9 2 2 0 0 0 0 0 0 0 0 0 0 0 0 0 0 0 0 39 117 200 247 255 252 254 255 243 202 137 59 3 0 10 0 0 0 0 13 0 11 0 0 20 0 6 115 252 244 248 255 255 242 255 251 255 243 238 237 121 3 6 0 5 0 5 0 0 0 4 3 0 16 147 255 213 255 255 246 240 192 131 66 118 202 255 245 255 93 6 0 7 1 0 0 4 0 4 3 0 20 250 236 255 241 255 253 135 0 5 8 10 5 23 121 230 255 109 0 2 7 0 5 0 1 1 0 17 18 255 255 255 246 247 63 0 12 0 0 2 9 10 60 230 255 245 24 0 4 0 5 0 12 0 0 0 76 246 247 243 255 132 19 0 0 0 12 0 0 0 9 169 230 254 103 0 0 0 0 0 10 0 2 0 163 252 254 255 141 10 0 10 0 9 0 2 18 0 0 91 255 254 194 5 0 0 0 3 0 0 2 87 224 254 247 218 26 0 0 10 0 14 13 0 0 12 32 219 242 253 245 4 1 2 0 6 0 1 4 251 253 254 253 78 0 0 4 3 0 0 0 11 0 11 140 249 255 253 252 0 5 7 10 0 9 0 1 243 249 255 129 12 0 0 8 0 0 0 12 0 13 133 252 255 237 251 110 16 0 11 0 0 0 0 2 255 253 204 0 0 19 0 0 0 0 2 16 49 232 255 243 247 255 119 19 0 0 15 0 11 5 9 0 245 244 226 21 0 0 0 7 7 2 49 217 255 248 236 244 246 123 0 0 0 3 3 0 1 0 9 5 254 253 213 0 0 0 10 30 101 174 255 248 245 252 254 255 97 0 3 5 10 2 0 0 0 0 0 12 205 251 234 67 78 119 195 215 255 255 250 249 255 240 102 30 0 11 0 0 3 0 0 1 0 14 0 0 47 154 249 255 241 245 255 236 241 255 241 164 131 41 0 0 14 0 7 0 0 0 3 0 0 2 9 13 0 32 110 219 251 255 255 252 226 158 34 16 0 24 0 13 0 13 0 4 5 4 0 0 15 2 0 6 6 0 0 15 28 20 17 31 0 5 4 0 8 0 0 5 1 0 9 0 0 0 0 0 0 0 0 0 0 0 0 0 0 0 0 0 0 0 0 0 0 0 0 0 0 0 0 0 0 0 0 0 0 0 0 0 0 0 0 0 0 0 0 0 0 0 0 0 0 0 0 0 0 0 0 0 0 0 0 0 0 0 0 0 0 0 0 0 0 0 0 0 0 0 0 0 0 0 0 0 0 0 0 0 0 0 0 0 0 0 0 0 0 0 0 0 0 0 0 0 0 0 0 0 0 0 0 0 0 0 0 0 0 0 0
0 0 0 0 0 0 0 0 0 0 0 10 0 8 0 3 0 1 6 0 0 0 1 5 0 0 0 0 0 0 0 0 0 0 0 0 10 1 0 8 0 0 0 6 11 5 0 0 3 11 5 0 0 0 0 0 0 0 0 0 0 0 0 0 0 8 6 2 0 10 4 0 0 0 3 0 0 0 0 0 0 0 0 0 0 0 0 0 0 0 0 0 6 0 0 0 0 0 0 6 2 1 1 2 5 6 4 1 0 0 0 0 0 0 0 0 0 0 0 0 0 2 7 3 8 8 3 0 1 1 1 0 0 0 0 0 0 0 0 0 0 0 0 0 0 0 0 0 0 0 0 0 0 0 5 8 0 0 0 2 8 7 4 3 0 0 0 0 0 0 0 0 0 0 0 0 4 0 30 98 139 119 168 237 242 178 93 29 0 0 0 0 0 0 0 0 0 0 0 0 0 0 0 0 0 100 219 248 255 252 225 172 162 223 255 235 125 23 0 3 0 0 0 0 2 4 5 0 0 5 2 0 137 253 255 251 239 89 0 17 0 2 66 158 242 122 19 0 0 0 0 0 0 0 2 0 0 5 0 30 224 247 255 220 51 0 5 0 9 4 9 0 145 255 89 0 0 0 0 0 0 0 4 6 0 6 0 92 255 215 206 151 0 8 10 0 0 6 0 0 27 235 176 0 0 0 0 0 1 1 3 8 0 4 0 157 241 96 32 11 0 9 0 1 0 2 0 19 0 185 233 10 0 0 0 0 0 0 0 2 0 2 18 214 228 13 0 2 5 8 0 13 0 5 4 0 1 164 251 70 0 0 0 0 0 0 0 2 0 8 57 255 182 0 3 8 7 0 1 0 0 5 0 2 0 64 255 100 0 0 0 0 0 3 0 2 5 9 87 255 141 11 0 0 0 0 5 9 16 0 0 16 3 0 255 108 0 0 0 0 0 2 0 0 3 0 93 253 75 0 1 19 0 2 4 0 0 3 19 0 0 12 228 188 0 0 0 0 2 0 0 3 0 0 115 241 47 7 1 7 0 0 10 0 8 0 0 3 0 22 243 106 0 0 0 0 1 0 0 3 3 0 139 245 16 0 0 4 0 0 2 0 0 0 22 0 20 79 241 102 0 0 0 0 1 0 0 1 7 0 166 244 0 0 0 3 3 2 1 0 7 3 0 0 0 191 251 74 0 0 0 0 3 1 0 0 6 0 181 238 0 5 3 0 3 2 1 7 3 0 4 5 95 255 218 0 0 0 0 0 2 1 0 0 6 0 185 240 0 3 0 0 0 0 0 4 0 10 0 65 250 234 93 0 0 0 0 0 0 1 0 0 6 1 176 250 9 0 0 2 4 0 0 0 0 6 20 183 255 126 0 14 0 0 0 0 0 1 1 0 1 5 154 255 40 3 0 7 3 0 3 0 0 7 164 247 188 11 0 0 0 0 0 0 0 2 1 0 0 3 132 252 68 9 0 3 0 0 4 0 2 101 253 240 49 0 4 9 0 0 0 0 4 3 0 5 15 0 86 255 103 0 10 2 0 14 0 0 79 242 233 68 0 3 0 0 0 0 0 0 0 12 9 0 0 0 71 217 208 23 0 15 0 0 16 131 255 215 75 0 0 11 1 10 0 0 0 0 2 0 0 0 9 1 0 13 4 0 11 0 0 10 1 0 0 4 0 0 10 0 0 5 0 0 0 0 0 0 0 3 4 4 0 0 3 0 0 0 1 0 4 20 0 3 0 0 4 12 3 0 0 0 0 0
0 0 0 0 0 0 0 0 8 0 6 5 4 0 2 0 0 3 3 4 0 0 5 0 0 0 0 0 0 0 0 0 0 0 0 0 0 0 12 0 0 0 20 1 7 0 0 0 4 0 0 1 0 0 0 0 0 0 0 0 0 0 0 0 5 4 0 0 11 0 0 0 6 0 0 1 8 0 0 0 0 0 0 0 0 0 0 0 0 0 0 0 0 0 7 8 8 7 5 0 0 0 14 0 0 0 1 0 0 0 0 0 0 0 0 0 0 0 0 0 8 0 6 0 13 155 255 224 38 0 7 0 0 0 4 0 0 0 0 0 0 0 0 0 0 0 0 0 0 0 0 38 143 252 255 246 162 15 0 0 11 0 0 0 0 0 0 0 0 0 0 0 0 0 0 0 7 1 4 130 255 255 228 255 255 37 0 4 12 0 0 0 0 0 0 0 0 0 0 0 0 0 0 0 6 0 89 250 255 246 249 255 255 35 0 0 0 0 10 0 0 0 0 0 0 0 0 1 0 0 6 6 0 9 195 252 255 255 247 250 255 227 197 47 0 12 0 0 0 0 0 0 6 5 3 1 0 0 0 0 2 103 246 248 245 238 255 255 254 255 245 218 47 0 0 7 0 0 0 0 0 0 0 0 0 10 11 0 36 204 255 253 255 255 177 250 241 235 255 255 211 28 12 0 0 0 0 0 7 4 4 3 0 5 0 0 69 255 251 255 244 219 28 43 168 238 173 240 245 237 30 0 0 0 0 0 5 4 3 6 0 4 0 30 222 237 247 244 200 34 1 0 0 2 0 71 255 224 68 14 0 0 0 0 0 0 0 5 0 8 10 113 236 255 252 99 0 10 0 16 0 19 7 23 255 255 179 0 0 0 0 0 2 8 0 7 0 0 10 178 255 247 234 0 17 0 0 13 0 4 0 25 255 255 157 0 0 0 0 0 0 4 0 3 0 0 26 238 253 255 33 10 0 4 6 0 0 0 2 25 255 252 72 8 0 0 0 0 0 0 0 1 0 8 43 251 251 253 41 0 0 1 6 0 5 0 4 80 255 238 54 1 0 0 0 0 0 0 0 8 0 1 35 252 255 247 17 5 14 0 9 0 0 11 64 208 253 224 20 9 0 0 0 0 0 0 0 10 2 0 30 246 255 243 47 0 0 2 10 0 0 15 211 236 255 126 0 0 0 0 0 0 1 4 0 1 2 0 24 206 255 238 133 14 0 18 0 14 1 197 253 242 193 22 1 0 0 0 0 0 0 8 1 0 0 0 8 122 252 255 250 128 16 0 0 101 171 236 255 202 0 0 15 0 0 0 0 0 0 4 6 0 0 0 0 34 204 243 255 239 206 206 225 255 255 245 138 30 0 0 2 0 0 0 0 0 0 0 5 0 0 1 0 0 66 154 246 255 242 239 246 249 229 118 43 0 0 33 0 4 0 0 0 0 9 0 0 0 0 3 8 0 0 0 116 195 252 255 172 143 42 6 0 4 7 0 5 2 0 0 0 0 0 0 0 0 0 0 0 0 0 0 0 0 0 0 0 0 0 0 0 0 0 0 0 0 0 0 0 0 0 0 0 0 0 0 0 0 0 0 0 0 0 0 0 0 0 0 0 0 0 0 0 0 0 0 0 0 0 0 0 0 0 0 0 0 0 0 0 0 0 0 0 0 0 0 0 0 0 0 0 0 0 0 0 0 0 0 0 0 0 0 0 0 0 0 0 0 0 0 0 0 0 0 0 0 0 0 0 0 0 0 0 0
0 0 0 0 0 0 0 0 12 3 0 3 2 0 8 0 0 9 0 1 0 8 0 0 0 0 0 0 0 0 0 0 0 0 0 0 0 0 6 2 0 0 2 0 4 4 0 5 0 9 0 0 0 0 0 0 0 0 0 0 0 0 0 0 22 8 0 0 2 0 0 2 0 0 2 13 0 0 0 5 0 0 0 0 0 0 0 0 0 0 0 0 0 0 0 6 9 0 0 8 0 0 3 6 0 0 4 0 0 0 0 0 0 0 0 0 0 0 0 0 0 20 0 0 0 0 17 0 14 3 0 0 0 6 5 0 0 0 0 0 0 0 0 0 0 0 0 0 0 0 0 12 4 0 7 0 0 0 3 0 10 0 0 13 0 0 0 0 0 0 0 0 0 0 0 0 5 0 16 8 0 27 117 195 183 188 190 170 139 25 0 0 0 0 0 0 0 0 0 0 0 0 0 0 8 13 113 97 118 250 255 244 255 245 247 255 255 105 0 5 0 0 0 0 0 6 0 0 20 0 8 0 3 203 248 252 253 251 255 247 255 244 255 246 252 234 10 5 0 0 0 0 13 0 0 0 0 5 0 17 190 255 246 255 244 255 244 255 234 255 253 255 251 245 1 3 0 0 0 0 2 0 6 14 0 0 32 72 254 245 255 247 255 255 253 255 253 255 235 255 238 255 72 0 0 0 0 0 0 5 8 0 2 12 198 251 253 255 247 255 243 250 152 112 130 163 249 255 248 253 174 4 0 0 0 0 3 13 2 0 3 60 234 255 242 255 214 100 83 21 15 0 0 25 148 219 255 255 245 81 0 0 0 0 0 0 0 13 71 224 255 255 255 200 45 0 0 10 0 0 0 0 11 128 255 255 255 194 0 0 0 0 16 0 0 2 76 255 248 246 193 56 8 0 16 0 2 0 0 8 5 132 252 250 240 255 0 0 0 0 0 4 0 8 98 244 255 255 142 0 0 9 0 0 1 8 0 0 9 130 253 255 255 250 0 0 0 0 9 0 0 8 76 253 255 244 126 13 0 4 0 5 5 7 73 105 222 255 255 252 255 253 0 0 0 0 4 0 14 8 214 253 253 255 143 24 119 191 95 180 178 185 238 255 242 251 255 239 255 236 0 0 0 0 0 5 0 0 186 255 245 250 255 254 252 245 255 255 251 255 254 254 255 255 246 255 207 53 0 0 0 0 0 13 0 8 100 255 250 216 250 255 255 245 255 239 255 244 255 245 253 255 241 196 54 3 0 0 0 0 8 0 0 16 34 90 80 31 255 233 255 255 234 255 255 255 255 253 255 255 109 0 2 0 0 0 0 0 0 0 0 1 10 18 5 0 153 250 255 249 255 252 250 249 247 185 76 20 2 4 0 0 0 0 0 0 0 29 0 0 0 4 0 5 42 105 106 138 252 248 255 105 100 1 8 1 0 2 0 12 0 0 0 0 0 0 0 10 5 0 3 2 0 10 0 5 12 12 20 0 0 0 0 3 9 0 13 0 0 0 0 0 0 0 0 0 0 0 0 0 0 0 0 0 0 0 0 0 0 0 0 0 0 0 0 0 0 0 0 0 0 0 0 0 0 0 0 0 0 0 0 0 0 0 0 0 0 0 0 0 0 0 0 0 0 0 0 0 0 0 0 0 0 0 0 0 0 0 0 0 0 0 0 0 0 0 0 0 0 0 0 0 0 0 0 0 0 0 0 0 0 0 0 0 0 0 0 0 0 0 0 0 0 0 0 0 0 0 0 0 0 0 0 0
0 0 0 0 0 0 0 0 0 0 0 3 11 1 0 0 0 0 19 0 0 7 0 0 0 0 0 0 0 0 0 0 0 0 0 0 0 13 7 0 0 0 1 5 8 3 0 5 7 1 0 2 0 0 0 0 0 0 0 0 0 0 0 0 0 0 0 7 17 6 0 0 0 6 4 0 11 0 8 6 0 0 0 0 0 0 0 0 0 0 0 0 1 13 5 0 0 0 0 0 9 0 10 0 4 5 0 2 0 0 0 0 0 0 0 0 0 0 0 0 0 0 0 9 15 0 0 27 124 243 248 165 0 2 7 0 0 0 0 0 0 0 0 0 0 0 0 0 0 4 1 0 0 22 125 237 247 255 250 255 151 0 10 4 0 0 0 0 0 0 0 0 0 0 0 0 1 8 0 6 108 228 255 247 255 250 255 248 232 53 4 0 0 0 0 0 0 0 0 0 0 0 0 0 3 0 17 131 234 255 246 255 248 254 255 250 250 208 0 6 0 0 0 0 8 0 0 0 9 0 0 1 0 47 147 247 255 255 246 252 110 52 173 218 255 242 85 0 0 0 0 0 0 0 1 19 0 1 25 0 15 142 255 253 232 229 154 62 22 0 0 170 237 252 205 8 0 0 0 0 6 1 0 9 0 0 0 1 195 248 255 255 235 93 13 0 0 1 0 167 255 253 255 14 0 0 0 0 4 0 0 0 5 5 5 147 253 255 243 224 35 0 0 8 13 0 5 55 251 255 239 18 0 0 0 0 0 5 13 0 4 0 81 255 253 254 247 0 8 6 10 0 2 0 2 31 247 255 250 25 0 0 0 0 0 8 0 3 0 16 189 241 255 255 142 14 0 0 3 0 0 16 4 139 255 250 255 16 0 0 0 0 4 0 0 2 9 117 255 251 239 183 0 0 17 0 6 0 6 0 0 174 242 255 175 2 0 0 0 0 3 0 20 0 0 161 232 255 255 49 0 18 0 12 0 3 5 0 87 227 255 255 38 9 0 0 0 0 0 12 0 0 3 166 255 247 222 2 11 0 12 6 0 6 0 60 255 241 240 255 27 3 0 0 0 0 0 7 0 2 1 189 236 255 53 0 0 20 0 0 29 0 67 255 239 255 255 188 5 9 0 0 0 0 2 0 0 5 3 173 253 255 219 26 0 10 7 19 14 166 253 233 255 129 11 33 12 0 0 0 0 0 5 0 0 5 5 100 255 233 242 175 0 0 120 177 255 255 255 249 192 38 12 0 2 0 0 0 0 0 2 0 0 2 0 27 205 254 255 248 214 189 255 255 250 241 213 127 4 0 0 0 8 5 0 0 0 0 0 7 0 0 0 0 72 255 252 244 245 251 235 255 255 223 94 0 0 0 8 15 0 0 0 0 0 0 0 4 0 2 0 0 2 148 255 255 250 255 255 209 124 28 15 0 21 0 3 0 19 0 0 0 0 0 4 0 0 5 3 2 12 2 106 195 241 127 136 54 0 0 0 7 0 6 0 1 7 0 0 0 0 0 0 0 0 0 0 0 0 0 0 0 0 0 0 0 0 0 0 0 0 0 0 0 0 0 0 0 0 0 0 0 0 0 0 0 0 0 0 0 0 0 0 0 0 0 0 0 0 0 0 0 0 0 0 0 0 0 0 0 0 0 0 0 0 0 0 0 0 0 0 0 0 0 0 0 0 0 0 0 0 0 0 0 0 0 0 0 0 0 0 0 0 0 0 0 0 0 0 0 0 0 0 0 0 0 0 0 0 0 0 0 0 0
0 0 0 0 0 0 0 0 0 12 0 0 6 0 0 4 8 0 6 0 0 2 3 0 0 0 0 0 0 0 0 0 0 0 0 0 9 0 0 12 0 2 5 0 0 8 4 6 3 20 0 0 0 0 0 0 0 0 0 0 0 0 0 0 7 0 21 0 0 3 4 7 0 7 0 0 0 0 0 21 0 0 0 0 0 0 0 0 0 0 0 0 0 23 0 2 14 0 9 0 15 2 0 0 23 0 12 0 0 0 0 0 0 0 0 0 0 0 0 0 6 0 0 29 0 9 0 16 44 54 62 31 0 0 15 0 0 0 0 0 0 0 0 0 0 0 0 0 0 11 17 0 8 10 34 196 255 255 255 237 94 25 0 7 0 0 0 0 0 0 0 0 0 0 0 0 6 0 2 9 4 30 255 251 255 184 176 239 255 180 11 0 0 0 0 0 0 0 0 0 0 0 0 0 1 0 1 1 22 216 255 247 131 22 0 34 253 255 77 0 0 0 0 0 4 2 0 0 5 4 0 1 0 0 0 13 112 254 255 167 45 0 8 0 17 207 250 76 0 0 0 0 0 7 12 3 0 0 0 0 10 5 0 68 242 246 121 14 0 0 0 12 14 46 255 99 0 0 0 0 11 0 0 0 8 0 0 8 0 4 102 255 230 112 5 7 7 5 0 3 2 24 229 116 0 0 0 0 0 4 1 0 0 0 0 11 4 41 206 242 136 6 11 0 0 0 9 0 0 16 194 194 0 0 0 0 0 6 4 0 4 15 0 0 32 224 255 138 0 0 0 6 13 0 0 0 23 0 222 159 0 0 0 0 7 0 0 2 6 0 12 54 213 240 154 1 7 2 2 3 0 8 19 20 0 43 254 100 0 0 0 0 1 0 8 20 0 0 72 219 252 114 0 0 1 0 0 6 0 0 0 0 10 218 249 45 0 0 0 0 2 3 0 0 7 58 166 255 133 36 0 4 4 0 6 0 2 9 0 0 82 226 182 20 0 0 0 0 5 0 7 6 0 166 255 171 0 0 0 2 9 0 0 2 3 6 0 11 155 255 107 0 0 0 0 0 0 8 5 0 123 246 174 12 0 1 0 0 0 1 5 12 0 10 0 171 255 251 5 12 0 0 0 0 0 7 0 0 225 255 101 0 4 3 2 2 0 0 0 0 16 38 187 233 151 7 0 0 0 0 0 0 0 0 0 0 231 229 59 7 0 0 0 8 0 0 15 44 108 208 207 181 6 0 1 12 0 0 0 0 3 2 8 1 178 254 112 1 11 2 0 0 7 71 161 215 247 239 97 0 0 0 1 2 0 0 0 0 5 0 7 0 95 251 250 189 99 97 100 108 147 223 252 215 81 44 0 0 7 0 4 0 0 0 0 0 0 0 4 0 24 132 225 255 252 248 255 254 233 204 119 5 5 12 0 3 9 4 0 10 0 0 0 0 0 0 13 0 0 1 33 50 62 44 54 51 13 0 6 0 0 0 6 0 0 0 4 0 0 0 0 0 0 0 0 0 0 0 0 0 0 0 0 0 0 0 0 0 0 0 0 0 0 0 0 0 0 0 0 0 0 0 0 0 0 0 0 0 0 0 0 0 0 0 0 0 0 0 0 0 0 0 0 0 0 0 0 0 0 0 0 0 0 0 0 0 0 0 0 0 0 0 0 0 0 0 0 0 0 0 0 0 0 0 0 0 0 0 0 0 0 0 0 0 0 0 0 0 0 0 0 0 0 0 0 0 0 0 0 0 0 0 0 0
0 0 0 0 0 0 0 0 0 7 0 6 12 0 0 0 0 0 0 0 0 0 0 0 0 0 0 0 0 0 0 0 0 0 0 0 0 7 8 0 0 2 0 1 0 5 6 2 0 1 3 2 0 0 0 0 0 0 0 0 0 0 0 0 0 0 10 0 1 14 0 0 0 0 0 0 3 4 0 0 0 0 0 0 0 0 0 0 0 0 0 0 0 0 9 0 0 1 0 0 15 6 2 1 0 0 0 8 0 0 0 0 0 0 0 0 0 0 0 0 7 0 0 13 7 0 9 1 0 0 0 8 9 0 0 5 0 0 0 0 0 0 0 0 0 0 0 0 0 10 0 29 100 199 255 197 96 46 0 0 5 10 0 0 0 0 0 0 0 0 0 0 0 0 0 0 5 0 59 210 255 253 246 247 255 212 110 17 0 0 8 0 0 0 0 0 0 0 0 0 0 0 0 0 1 70 207 255 243 255 255 255 242 255 236 114 12 0 2 2 0 0 0 0 0 8 4 0 6 0 0 6 33 254 255 244 245 255 246 255 251 255 246 237 112 0 10 0 0 0 0 0 1 0 1 0 1 10 4 0 102 248 236 255 255 251 245 116 113 208 255 255 193 30 0 6 0 0 0 0 6 0 1 0 0 8 0 0 179 251 255 254 232 233 11 0 9 195 255 245 255 151 24 0 0 0 0 0 0 0 3 2 0 1 0 39 177 255 241 241 255 90 2 3 0 189 245 249 255 159 0 7 0 0 0 0 0 5 1 1 6 2 4 145 255 243 255 247 175 17 0 6 7 208 249 255 248 196 12 3 0 0 0 0 0 13 0 0 4 0 8 207 254 241 240 255 50 0 7 3 0 212 254 249 253 249 56 0 0 0 0 0 1 8 0 0 0 0 0 185 235 255 255 205 37 0 15 0 0 196 248 255 255 158 8 15 0 0 0 0 0 0 0 9 0 9 0 145 255 247 255 158 0 6 0 0 90 250 255 241 255 116 0 3 0 0 0 0 0 2 9 0 0 5 7 6 177 255 222 20 12 6 0 4 208 255 244 249 215 27 0 0 0 0 0 0 3 0 3 4 16 0 0 57 185 226 181 6 3 0 53 117 249 232 255 250 118 0 0 1 0 0 0 0 1 0 10 0 3 0 8 191 254 255 245 127 6 30 210 251 255 253 255 228 2 8 0 13 0 0 0 0 2 1 0 0 10 7 0 99 199 243 250 155 15 167 254 255 240 254 238 67 0 0 0 0 0 0 0 0 0 6 0 0 9 1 0 0 28 255 255 199 113 198 249 255 255 244 155 0 15 8 7 1 0 0 0 0 0 7 0 10 0 0 18 11 18 212 255 255 254 250 255 237 255 155 14 1 0 0 0 4 0 0 0 0 10 0 0 5 7 0 0 0 0 22 227 253 240 255 236 255 246 61 0 9 10 0 11 6 0 0 0 0 0 0 5 0 2 4 0 9 5 0 94 235 255 245 255 242 178 21 0 16 0 7 11 0 0 0 0 0 0 0 0 0 0 0 0 0 0 6 0 54 209 255 162 70 0 0 0 0 0 0 0 0 0 0 0 0 0 0 0 0 0 0 0 0 0 14 0 0 5 9 0 9 0 0 0 0 0 0 0 0 0 0 0 0 0 0 0 0 0 0 0 0 5 8 4 5 8 0 0 4 0 0 0 0 0 0 0 0 0 0 0 0 0 0 0 0 0 0 0 0 0 0 0 4 1 0 0 6 0 0 0 0 0 0 0 0 0 0 0 0
0 0 0 0 0 0 0 0 1 9 0 0 17 3 0 5 0 0 6 4 0 4 0 7 0 0 0 0 0 0 0 0 0 0 0 0 7 0 7 6 0 0 8 0 1 14 3 0 1 5 0 0 0 0 0 0 0 0 0 0 0 0 0 0 0 11 0 0 16 5 0 15 0 0 0 0 10 0 0 0 0 0 0 0 0 0 0 0 0 0 0 0 11 0 1 0 0 7 7 3 19 0 13 8 0 0 9 7 0 0 0 0 0 0 0 0 0 0 0 0 0 0 9 10 0 0 0 1 0 0 14 0 0 22 2 0 0 0 0 0 0 0 0 0 0 0 0 0 8 0 27 74 95 43 48 190 255 255 249 137 88 9 0 20 0 0 0 0 0 0 0 0 0 0 0 0 0 7 159 255 250 194 191 255 255 249 245 242 255 179 106 0 0 0 0 0 0 0 0 0 0 0 0 0 5 125 246 250 255 255 239 255 248 253 255 255 250 251 255 10 0 0 0 0 15 0 10 0 8 2 0 0 49 221 250 255 246 249 255 249 247 217 222 249 239 254 252 32 0 0 0 3 0 20 8 0 4 0 12 2 209 248 255 236 255 253 252 169 74 0 0 119 214 244 249 229 38 5 0 3 8 1 0 6 4 0 0 120 232 253 244 255 236 201 162 17 0 14 0 0 160 255 247 249 83 6 0 3 1 0 10 0 2 17 98 255 255 252 255 248 95 4 0 0 0 0 10 26 255 255 241 255 100 0 0 5 7 5 0 0 20 0 203 252 255 238 207 31 0 23 6 0 2 0 0 42 252 255 255 231 81 0 0 6 0 5 12 20 0 46 217 253 255 248 104 7 4 0 0 2 0 0 7 150 242 242 255 217 43 0 0 5 5 0 0 0 0 238 255 239 233 255 40 0 7 0 22 0 0 23 84 255 255 252 236 128 9 0 0 2 6 0 8 0 4 154 241 255 255 255 143 0 6 0 0 5 8 0 55 221 238 255 255 122 0 3 0 0 0 0 7 0 0 156 244 255 255 196 148 80 0 6 3 0 45 204 253 254 255 255 238 19 0 0 0 0 0 1 0 7 0 255 255 246 210 52 0 0 0 0 2 21 210 255 245 249 255 220 140 1 0 0 0 0 0 2 0 6 7 244 255 245 47 0 13 3 0 5 115 206 244 255 251 255 255 28 20 0 0 0 0 0 0 0 0 0 9 109 251 255 58 3 0 17 103 199 255 242 255 249 232 187 39 1 0 2 0 0 0 0 1 0 1 0 2 100 247 255 54 5 39 180 251 255 254 255 240 255 59 1 7 11 0 5 0 0 0 0 0 8 0 3 0 229 255 247 130 197 235 255 242 255 253 233 136 25 9 0 17 0 0 0 0 0 0 0 0 4 0 7 0 255 255 245 253 254 243 255 252 237 255 255 0 1 0 21 0 3 14 11 0 0 0 0 2 0 4 0 6 166 246 253 246 255 251 237 255 246 183 60 11 0 0 8 0 14 0 0 0 0 0 0 0 11 0 0 4 0 84 243 255 248 255 255 203 93 14 0 0 0 0 0 0 0 0 0 0 0 0 0 0 7 0 0 8 0 0 19 0 0 0 6 4 0 0 13 0 0 0 0 0 0 0 0 0 0 0 0 0 8 0 0 0 8 0 0 0 7 9 4 0 0 0 0 0 0 0 0 0 0 0 0 0 0 0 0 0 0 2 9 5 0 2 6 0 0 2 0 0 6 10 6 0 0 0 0 0 0 0 0 0 0 0 0
0 0 0 0 0 0 0 0 6 1 0 0 13 0 0 7 0 1 5 7 0 8 0 0 0 0 0 0 0 0 0 0 0 0 0 0 0 0 8 4 0 5 21 0 10 0 0 0 0 0 5 0 0 0 0 0 0 0 0 0 0 0 0 0 0 2 0 0 0 0 0 4 0 8 19 0 15 11 0 0 0 0 0 0 0 0 0 0 0 0 0 0 0 4 0 0 16 1 0 11 14 0 0 16 0 0 9 0 0 0 0 0 0 0 0 0 0 0 0 0 0 0 5 6 0 8 14 0 0 0 5 7 87 255 66 4 0 0 0 0 0 0 0 0 0 0 0 0 1 0 2 4 0 0 0 10 97 221 205 41 116 170 229 50 0 0 0 0 0 0 0 0 0 0 0 0 4 5 0 0 7 0 40 144 228 252 246 199 5 118 255 65 0 0 0 0 0 0 0 0 0 0 0 0 0 0 8 5 0 38 167 255 255 251 252 108 0 149 246 52 0 0 0 0 0 4 3 0 1 1 0 0 0 14 0 0 35 183 255 253 254 189 26 8 7 119 255 54 0 0 0 0 7 0 0 0 0 1 3 6 0 0 9 34 186 255 241 255 106 39 1 0 0 168 243 70 0 0 0 0 4 0 0 9 2 0 0 0 7 19 12 253 255 243 246 195 17 0 16 4 33 248 253 46 0 0 0 0 0 0 9 13 0 0 0 0 0 8 207 255 247 230 168 104 7 0 0 0 86 255 255 62 0 0 0 0 2 2 2 0 0 1 8 5 4 198 255 250 234 87 10 0 1 3 0 34 185 240 215 53 0 0 0 0 2 4 0 0 5 3 0 0 70 229 253 250 183 0 0 11 0 3 6 69 255 255 153 6 0 0 0 0 0 5 0 0 14 0 0 30 177 255 255 196 11 3 7 0 0 0 0 91 239 243 102 5 0 0 0 0 0 9 0 0 6 0 19 126 248 253 230 12 5 1 0 0 0 5 21 205 251 144 13 0 0 0 0 0 3 0 7 0 0 1 6 153 255 248 207 10 0 0 7 3 0 24 211 246 219 42 9 0 0 0 0 0 3 0 1 0 0 0 31 218 250 238 91 0 2 18 0 0 20 220 253 218 62 0 0 4 0 0 0 0 0 0 0 0 3 6 51 253 255 249 41 0 0 5 0 41 210 244 255 170 0 9 0 2 0 0 0 0 0 10 2 0 3 10 56 247 255 154 5 17 16 17 126 203 255 247 159 44 3 0 15 0 0 0 0 0 0 8 0 2 1 0 63 255 254 225 40 0 174 255 255 246 244 147 14 0 0 1 0 0 0 0 0 0 3 0 0 11 0 0 63 255 248 255 253 245 249 253 234 234 151 1 0 12 3 14 0 7 0 0 0 0 2 0 0 11 0 0 33 147 249 252 246 248 245 220 124 33 0 21 4 0 14 0 8 0 0 0 0 0 0 4 0 3 0 9 0 9 182 246 255 183 105 17 5 0 13 0 4 3 0 7 7 0 0 0 0 0 0 0 0 0 0 0 0 0 0 0 0 0 0 0 0 0 0 0 0 0 0 0 0 0 0 0 0 0 0 0 0 0 0 0 0 0 0 0 0 0 0 0 0 0 0 0 0 0 0 0 0 0 0 0 0 0 0 0 0 0 0 0 0 0 0 0 0 0 0 0 0 0 0 0 0 0 0 0 0 0 0 0 0 0 0 0 0 0 0 0 0 0 0 0 0 0 0 0 0 0 0 0 0 0 0 0 0 0 0 0 0 0
0 0 0 0 0 0 0 0 0 0 6 0 0 0 5 0 1 2 14 0 3 1 3 0 0 3 0 0 0 0 0 0 0 0 0 0 11 0 0 0 7 0 6 13 3 0 0 7 0 0 8 0 0 2 0 0 0 0 0 0 0 0 0 0 0 5 12 0 3 0 0 0 7 10 0 2 6 0 0 12 0 4 2 0 0 0 0 0 0 0 0 0 0 2 0 0 0 0 0 16 0 0 9 3 0 0 14 0 0 4 8 4 0 0 0 0 0 0 0 0 5 13 0 0 20 103 121 131 255 255 129 0 6 0 0 3 0 0 7 8 0 0 0 0 0 0 0 0 0 0 3 71 132 241 255 254 244 255 246 224 244 240 230 148 8 0 0 6 0 0 0 0 0 0 0 0 9 0 81 211 255 254 253 245 255 255 238 255 246 251 255 228 43 0 0 5 0 0 0 0 0 0 0 0 8 76 221 255 255 226 202 98 61 54 96 226 146 188 255 253 78 13 0 7 0 7 0 0 15 9 0 3 16 192 255 237 255 209 20 4 0 3 41 43 17 9 215 235 81 0 0 3 0 9 0 2 0 0 9 5 47 206 255 255 247 64 9 3 13 11 0 13 0 0 181 255 114 18 12 14 0 1 0 8 0 1 26 87 221 253 255 245 62 14 2 0 0 0 23 0 11 143 239 245 65 0 0 0 6 0 10 0 5 0 0 154 245 250 247 251 24 1 8 10 9 11 9 0 0 121 255 254 93 29 17 14 5 0 9 0 4 3 40 217 255 251 255 11 0 0 0 6 0 0 0 0 67 255 253 224 23 0 0 0 0 0 2 4 0 11 192 255 240 245 57 14 1 9 0 8 0 17 7 57 226 242 243 176 7 0 0 4 2 5 3 0 0 0 241 246 255 242 103 7 0 0 14 0 2 0 0 12 220 255 255 114 0 0 0 2 0 0 5 0 8 1 232 255 253 233 35 0 0 1 3 3 7 0 8 204 253 245 213 36 0 3 0 0 9 0 0 12 0 68 252 251 228 96 2 0 12 5 0 1 4 0 132 253 253 232 10 10 0 0 0 0 3 5 0 1 6 31 243 250 246 86 0 3 0 9 1 1 0 86 255 246 252 226 37 0 0 0 0 0 0 6 7 0 2 139 250 255 249 103 6 0 21 0 0 78 119 239 246 250 225 108 6 0 0 0 0 0 0 0 7 0 4 171 254 249 217 31 1 4 0 87 229 246 246 255 255 166 19 2 12 0 0 0 0 0 3 0 0 0 11 32 244 242 255 175 56 74 125 227 246 255 255 249 220 45 8 0 0 0 0 0 0 0 7 0 5 0 0 14 222 255 247 255 255 255 255 242 255 214 218 134 42 0 5 0 20 7 0 0 0 0 2 0 7 0 0 57 138 242 252 252 247 255 244 241 248 70 0 0 1 0 6 30 0 6 0 0 0 0 1 3 0 0 18 0 25 130 249 246 111 255 195 123 19 0 9 0 0 12 0 0 29 0 0 0 0 0 0 0 0 0 0 0 0 0 0 0 0 0 0 0 0 0 0 0 0 0 0 0 0 0 0 0 0 0 0 0 0 0 0 0 0 0 0 0 0 0 0 0 0 0 0 0 0 0 0 0 0 0 0 0 0 0 0 0 0 0 0 0 0 0 0 0 0 0 0 0 0 0 0 0 0 0 0 0 0 0 0 0 0 0 0 0 0 0 0 0 0 0 0 0 0 0 0 0 0 0 0 0 0 0 0 0 0 0 0 0 0 0
0 0 0 0 0 0 0 0 11 0 0 6 0 0 4 0 0 12 0 3 3 0 0 2 0 0 0 0 0 0 0 0 0 0 0 0 0 0 7 2 0 0 0 3 12 7 0 0 0 4 12 0 0 0 0 0 0 0 0 0 0 0 0 0 8 11 0 0 5 11 0 0 0 0 0 7 21 4 0 0 0 0 0 0 0 0 0 0 0 0 0 0 0 0 2 0 0 0 6 1 0 13 18 0 0 3 0 0 0 0 0 0 0 0 0 0 0 0 0 0 18 0 10 67 152 255 253 148 96 0 0 20 0 0 13 0 0 0 0 0 0 0 0 0 0 0 0 0 0 8 144 255 233 151 108 80 152 233 163 57 0 3 0 5 0 0 0 0 0 0 0 0 0 0 0 0 48 203 255 192 52 6 6 0 0 90 194 255 73 0 12 0 0 0 0 0 0 0 0 0 0 0 0 0 159 253 219 72 0 3 5 0 3 1 20 238 209 73 0 1 0 0 0 0 10 0 9 0 8 7 0 132 255 253 54 5 0 0 10 0 0 6 2 88 251 154 11 0 0 0 0 0 0 2 9 8 0 0 0 197 248 136 7 0 5 0 0 0 1 6 0 15 211 240 66 6 0 0 0 0 0 5 0 3 0 0 46 251 209 26 0 0 11 0 3 0 0 0 0 109 244 255 168 0 0 0 0 0 1 0 2 0 14 0 142 255 123 0 8 1 0 0 12 0 3 0 0 118 233 229 206 1 0 0 0 0 0 0 12 0 6 12 224 222 35 0 10 5 0 0 6 0 0 3 0 0 209 255 200 20 0 0 0 0 0 3 0 2 0 96 255 149 0 4 0 6 0 0 0 0 0 11 0 0 221 255 249 40 0 0 0 0 9 0 0 6 15 203 255 98 0 1 0 2 4 7 0 4 8 2 0 9 203 236 255 39 0 0 0 0 0 0 12 9 35 254 253 96 4 0 8 0 0 9 0 1 0 0 6 3 208 255 187 0 0 0 0 0 0 2 6 0 5 182 244 116 0 21 0 0 6 6 0 2 0 12 0 39 234 251 158 0 0 0 0 0 6 0 3 0 3 84 255 172 15 0 1 17 0 0 0 0 16 0 0 121 255 237 78 0 0 0 0 0 3 0 0 1 3 19 238 255 66 3 16 0 14 15 0 14 0 15 56 244 253 214 1 0 0 0 0 0 0 0 1 0 0 18 108 255 195 16 0 0 0 0 65 167 194 192 250 254 252 97 4 5 0 0 0 0 2 1 3 1 0 13 0 156 241 159 11 10 0 5 18 146 219 226 255 253 254 77 20 0 0 0 0 0 5 0 0 13 0 0 0 35 220 254 216 103 25 0 13 0 15 188 249 254 92 0 0 7 0 0 0 0 0 4 0 9 3 0 15 0 9 129 255 254 252 169 171 186 225 255 224 115 28 0 7 11 0 0 0 0 0 24 0 0 0 9 0 0 16 0 34 116 155 255 248 253 255 154 56 0 0 11 0 0 0 0 0 0 0 0 0 0 0 0 0 0 0 0 0 0 0 0 0 0 0 0 0 0 0 0 0 0 0 0 0 0 0 0 0 0 0 0 0 0 0 0 0 0 0 0 0 0 0 0 0 0 0 0 0 0 0 0 0 0 0 0 0 0 0 0 0 0 0 0 0 0 0 0 0 0 0 0 0 0 0 0 0 0 0 0 0 0 0 0 0 0 0 0 0 0 0 0 0 0 0 0 0 0 0 0 0 0 0 0 0 0 0 0 0 0
0 0 0 0 0 0 0 0 0 7 0 10 3 2 0 5 7 0 0 13 0 0 1 4 0 0 0 0 0 0 0 0 0 0 0 0 10 0 11 0 0 0 2 0 0 20 4 0 5 10 0 0 0 0 0 0 0 0 0 0 0 0 0 0 0 0 9 0 8 0 6 0 4 0 0 0 0 1 3 0 0 0 0 0 0 0 0 0 0 0 0 0 0 25 0 0 12 0 0 0 11 0 0 14 0 0 6 0 0 0 0 0 0 0 0 0 0 0 0 0 0 0 5 5 0 1 2 10 0 13 5 0 5 7 0 0 0 0 0 0 0 0 0 0 0 0 0 0 8 0 181 177 143 110 54 0 13 0 0 0 3 2 0 1 0 0 0 0 0 0 0 0 0 0 0 0 0 36 247 247 248 253 255 226 150 43 0 5 0 0 5 3 0 0 0 0 0 0 0 0 0 0 0 0 2 151 251 255 255 240 255 252 255 171 38 0 3 6 0 0 0 0 0 0 0 0 0 7 0 0 13 0 0 237 253 126 22 146 248 241 252 255 187 27 0 0 0 0 0 0 0 0 0 0 0 2 0 2 10 0 124 255 187 0 15 0 0 235 254 255 255 167 0 6 16 0 0 0 0 0 0 2 0 0 1 8 1 3 200 247 125 0 10 16 0 6 84 222 248 255 104 0 0 0 0 0 0 0 3 2 0 0 0 1 0 55 255 170 0 10 2 0 11 10 6 43 233 250 135 5 0 12 0 0 0 0 4 0 0 3 0 0 0 141 233 65 3 6 0 10 0 2 4 0 168 238 206 10 0 10 0 0 0 0 1 0 0 7 3 0 8 215 255 0 5 3 0 11 5 0 1 0 51 246 241 0 31 0 0 0 0 0 0 0 0 2 1 1 6 242 137 7 5 0 7 0 4 0 0 2 0 144 237 3 0 17 0 0 0 0 0 4 0 0 0 3 0 235 64 0 0 10 0 0 10 0 7 0 2 158 234 0 14 0 0 0 0 0 0 0 0 3 8 5 0 234 65 0 0 7 0 0 2 0 14 0 0 120 233 9 0 10 0 0 0 0 7 1 0 0 0 0 0 237 168 11 0 3 2 13 0 0 0 15 0 169 229 0 0 0 0 0 0 0 3 0 0 0 0 0 10 215 218 40 0 5 1 0 0 9 14 3 7 255 212 0 0 14 0 0 0 0 0 0 1 4 2 1 1 132 255 129 8 0 13 7 0 0 0 11 132 252 88 9 6 0 0 0 0 0 0 6 3 0 0 1 0 30 212 245 103 0 0 0 15 0 10 114 255 205 4 0 0 0 0 0 0 0 1 6 0 0 0 6 0 0 183 255 216 161 111 11 34 110 176 255 253 124 10 0 0 14 0 0 0 0 1 0 0 2 2 5 13 0 34 212 255 237 246 255 255 255 255 255 135 13 0 9 14 0 0 0 0 0 1 0 0 10 0 0 8 0 2 128 247 253 252 255 238 255 252 106 10 3 0 0 0 3 0 0 0 0 0 0 0 0 0 0 0 0 7 0 59 94 203 236 90 75 46 19 0 0 1 0 0 3 0 0 0 0 0 0 0 0 0 0 0 0 2 0 2 0 11 22 0 7 13 1 0 0 2 0 0 0 0 0 0 0 0 0 0 0 0 0 0 0 0 12 2 2 4 0 0 7 0 0 0 7 5 0 0 2 0 0 0 0 0 0 0 0 0 0 0 0 0 0 0 1 3 0 7 0 3 2 3 6 2 0 0 7 0 0 0 0
0 5 0 2 12 0 0 0 0 5 2 0 0 4 5 0 0 0 0 0 0 0 0 11 0 0 0 0 0 13 2 1 0 0 13 3 0 0 4 1 1 5 4 0 3 2 4 6 4 0 0 0 0 0 0 0 0 3 0 1 0 1 7 0 7 0 0 12 9 0 0 9 0 0 1 0 1 3 0 0 0 0 0 0 5 0 0 4 0 0 3 0 0 11 12 0 0 5 5 0 0 1 0 0 0 1 3 0 0 0 0 0 1 2 9 2 0 0 4 13 1 0 0 0 0 0 0 4 1 5 6 1 0 0 0 0 0 0 0 0 0 4 8 0 0 7 0 0 0 13 57 107 119 82 27 0 0 0 0 3 3 0 0 0 0 0 0 0 0 0 0 0 11 5 0 44 52 154 228 238 252 249 145 6 12 0 0 0 6 0 0 2 0 0 0 0 8 0 0 1 4 0 36 200 246 255 254 247 255 255 211 148 58 21 0 0 7 0 0 2 0 0 0 0 0 0 0 5 3 97 236 255 255 252 252 244 255 255 251 255 250 248 228 97 14 12 0 2 11 0 7 0 0 9 7 0 0 148 247 250 248 255 255 244 252 255 246 204 242 255 251 240 173 18 7 0 0 0 5 2 1 3 0 0 0 230 255 249 236 255 248 128 140 245 160 23 124 101 210 255 239 255 1 5 0 5 0 2 5 0 0 5 0 255 254 255 255 143 16 0 4 11 23 1 0 0 19 74 234 255 177 6 1 14 0 0 0 0 9 11 0 255 244 255 172 25 13 0 0 16 0 4 0 0 13 6 203 238 253 80 0 4 0 0 1 2 2 0 0 255 255 248 157 21 0 8 0 0 2 0 14 10 0 0 27 206 242 201 7 0 5 4 5 0 0 0 8 234 255 249 250 46 8 1 0 21 0 2 0 0 12 0 0 138 254 246 96 0 0 4 0 0 0 11 0 156 237 255 255 55 2 9 0 3 0 5 4 4 6 0 2 0 255 249 197 18 0 0 0 8 0 0 6 105 242 253 246 140 16 0 1 0 0 0 0 0 12 0 0 16 244 255 253 0 16 4 0 2 3 1 0 52 255 253 255 243 126 0 13 0 9 11 15 0 0 25 0 1 255 243 255 0 0 0 0 0 4 4 0 9 182 250 248 251 255 49 1 0 0 0 0 15 0 0 11 117 240 255 223 19 0 0 5 0 0 2 2 4 41 209 255 244 253 234 238 130 87 3 0 0 31 35 244 255 254 234 72 0 0 0 4 0 0 2 6 1 0 107 209 251 255 236 255 252 215 232 225 225 201 230 243 251 249 196 0 0 5 0 0 1 0 6 3 0 14 5 37 206 244 255 250 241 255 242 249 238 255 255 252 253 196 67 2 9 5 0 0 2 0 11 0 0 28 0 0 0 70 190 246 255 245 251 255 253 240 244 163 133 0 0 3 0 0 0 0 5 0 12 0 13 0 8 3 2 2 14 41 51 88 201 195 197 102 35 18 0 4 7 0 0 4 5 0 0 0 0 0 0 0 0 0 0 0 0 0 0 0 0 0 0 0 0 0 0 0 0 0 0 0 0 0 0 0 0 0 0 0 0 0 0 0 0 0 0 0 0 0 0 0 0 0 0 0 0 0 0 0 0 0 0 0 0 0 0 0 0 0 0 0 0 0 0 0 0 0 0 0 0 0 0 0 0 0 0 0 0 0 0 0 0 0 0 0 0 0 0 0 0 0 0 0 0 0 0 0 0 0 0 0 0 0 0 0 0
0 0 0 0 0 0 0 0 0 0 5 7 0 2 4 0 9 0 0 8 0 2 11 0 0 0 0 0 0 0 0 0 0 0 0 0 7 0 0 1 0 0 1 0 0 4 9 6 0 0 0 1 0 0 0 0 0 0 0 0 0 0 0 0 0 4 4 0 0 10 10 0 12 0 0 0 0 10 14 0 0 0 0 0 0 0 0 0 0 0 0 0 1 0 0 15 12 0 0 9 0 4 11 9 1 0 0 4 0 0 0 0 0 0 0 0 0 0 0 0 2 8 0 0 4 13 5 2 0 2 0 0 19 2 0 8 0 0 0 0 0 0 0 0 0 0 0 0 0 6 0 34 154 253 253 214 132 26 0 5 0 0 21 0 0 0 0 0 0 0 0 0 0 0 0 0 3 8 34 121 227 255 248 255 255 154 138 132 38 0 11 0 0 0 0 0 0 0 0 0 0 0 0 0 17 160 251 252 253 255 251 251 244 255 252 255 239 101 0 9 0 0 0 0 7 0 5 4 0 1 0 6 15 212 245 252 248 233 130 205 240 255 230 255 251 83 6 0 0 0 0 0 0 5 0 0 0 18 1 0 108 255 243 255 174 2 0 0 66 203 245 239 248 146 0 23 0 0 0 0 0 0 1 10 0 0 0 75 227 245 190 64 0 8 1 11 6 1 77 253 254 215 19 0 0 0 0 0 4 0 23 0 10 11 18 247 244 219 10 2 0 0 9 0 3 0 0 137 255 255 150 13 0 0 0 0 11 0 0 16 0 11 243 246 255 111 0 0 7 11 0 23 0 0 14 24 236 247 255 0 0 0 0 0 0 0 13 0 7 102 251 255 124 1 0 0 0 5 1 0 5 1 3 3 229 255 242 11 0 0 0 0 0 0 10 0 10 136 250 247 82 3 0 11 4 0 19 0 3 0 0 5 115 247 255 10 0 0 0 0 2 10 0 3 0 166 255 225 0 5 0 0 0 4 0 2 0 5 6 0 210 255 245 5 0 0 0 0 11 0 0 16 0 255 252 132 3 4 0 8 0 5 4 0 0 5 0 19 255 247 250 2 0 0 0 0 0 2 2 2 16 237 255 109 0 12 0 18 2 0 11 0 0 14 0 202 240 255 248 8 0 0 0 0 0 3 10 0 18 248 254 103 8 0 15 0 0 21 0 14 14 0 91 255 245 216 116 4 0 0 0 0 8 0 10 0 2 255 243 111 0 2 1 0 0 7 0 0 8 25 214 240 255 97 0 0 0 0 0 0 4 0 6 10 2 213 255 157 38 5 0 0 12 0 0 10 29 211 253 255 214 0 2 0 0 0 0 0 0 4 0 2 9 108 255 249 156 47 13 0 6 1 8 116 240 240 255 188 18 21 11 0 0 0 0 0 0 9 0 0 6 27 179 255 255 231 136 131 155 119 199 255 255 251 110 16 8 0 0 3 0 0 0 0 0 1 8 0 3 0 21 195 241 255 255 242 255 247 250 255 159 27 0 13 0 0 8 1 0 0 0 0 0 0 0 0 0 1 4 5 132 149 246 255 253 226 119 97 0 0 0 0 0 0 0 0 0 0 0 0 0 0 0 0 0 0 2 4 7 0 15 0 0 15 0 7 0 0 0 0 0 0 0 0 0 0 0 0 2 1 0 0 0 0 1 2 0 0 1 0 0 3 0 1 0 0 0 0 0 0 0 0 0 0 0 0 2 2 0 0 0 0 0 0 0 5 4 8 7 1 0 0 0 0 0 0 0 0 0 0 0 0 0 0
0 4 6 0 0 0 0 0 1 0 0 3 0 2 0 3 0 2 11 6 0 0 3 1 0 0 0 0 0 3 3 0 0 2 3 0 9 5 11 0 9 0 2 0 0 3 0 0 2 4 0 0 0 0 0 0 2 2 0 0 0 3 4 2 0 0 0 8 0 6 0 12 4 0 14 12 0 1 10 0 0 0 0 0 2 0 0 0 1 3 1 0 6 0 11 0 18 0 0 0 0 0 0 0 17 0 0 16 0 0 0 0 0 0 0 2 2 0 0 0 0 11 22 111 171 254 255 255 146 47 0 7 0 0 6 2 0 0 0 0 0 0 1 4 2 0 0 1 4 116 243 252 255 239 255 250 255 234 126 13 0 2 0 0 0 0 0 0 0 0 2 3 0 0 3 14 203 249 255 255 244 255 253 247 254 255 230 104 2 2 20 0 0 0 0 0 0 0 2 2 0 0 9 26 255 248 247 250 255 248 253 255 245 255 255 209 108 6 0 12 0 0 0 0 9 0 3 0 0 13 2 219 246 255 255 253 164 218 219 241 251 246 255 244 255 35 10 0 9 4 0 7 0 3 7 0 16 0 138 253 253 250 227 66 0 6 14 74 220 255 244 245 255 199 89 15 0 0 0 0 0 0 0 0 1 0 232 249 249 255 190 15 0 0 0 11 99 231 255 248 255 255 206 17 1 5 0 0 8 0 1 6 0 128 255 247 247 247 67 0 1 8 0 0 0 26 189 255 255 255 255 207 4 6 6 0 10 0 0 9 0 246 254 255 255 197 6 3 0 0 2 7 8 1 40 191 249 228 255 254 6 0 0 0 0 0 0 0 0 255 253 252 244 103 0 3 3 7 0 2 1 0 1 33 227 255 241 252 47 0 2 1 4 8 7 0 5 245 255 252 255 94 0 0 0 8 0 1 5 4 0 4 228 240 255 253 106 10 2 5 0 0 5 1 0 245 255 250 237 117 0 5 0 0 4 0 0 4 1 0 126 246 255 243 133 7 0 0 0 0 8 3 0 255 245 255 255 91 9 1 0 7 0 0 0 0 7 9 138 249 255 249 69 27 0 0 0 13 0 0 6 249 255 255 255 96 1 0 3 0 20 0 20 0 8 60 244 255 254 251 19 0 0 0 0 0 0 3 0 255 249 241 246 197 38 9 5 0 0 11 0 10 26 152 255 228 254 119 0 0 0 4 14 0 10 20 0 189 255 246 250 255 143 0 10 5 7 0 37 133 248 245 239 255 150 0 2 5 5 0 0 0 1 0 0 4 218 255 255 246 235 218 114 94 111 199 234 246 255 236 255 219 31 0 0 1 0 0 7 6 8 0 15 0 75 243 255 237 255 242 247 246 254 249 249 255 253 248 210 26 0 5 0 0 0 0 2 0 0 1 1 24 0 108 239 255 249 255 252 255 249 255 255 237 210 88 17 0 8 6 3 2 2 4 0 9 2 0 5 0 27 0 31 123 215 255 251 248 246 163 127 94 10 4 0 0 0 1 0 0 0 1 0 0 0 0 0 0 0 0 0 0 0 0 0 0 0 0 0 0 0 0 0 0 0 0 0 0 0 0 0 0 0 0 0 0 0 0 0 0 0 0 0 0 0 0 0 0 0 0 0 0 0 0 0 0 0 0 0 0 0 0 0 0 0 0 0 0 0 0 0 0 0 0 0 0 0 0 0 0 0 0 0 0 0 0 0 0 0 0 0 0 0 0 0 0 0 0 0 0 0 0 0 0 0 0 0 0 0 0 0 0 0 0
0 0 0 0 0 0 0 0 5 0 11 0 12 0 7 7 0 3 4 0 0 3 10 4 0 0 0 0 0 0 0 0 0 0 0 0 0 0 5 0 4 4 4 0 0 2 0 0 9 5 0 0 0 0 0 0 0 0 0 0 0 0 0 0 0 0 0 6 0 0 0 3 13 4 0 7 18 0 0 23 0 0 0 0 0 0 0 0 0 0 0 0 6 6 6 0 0 0 3 8 0 0 0 0 0 11 10 0 0 0 0 0 0 0 0 0 0 0 0 0 4 0 0 0 14 0 0 0 12 0 11 21 0 0 5 0 0 0 0 0 0 0 0 0 0 0 0 0 6 0 12 46 203 255 254 137 116 26 0 8 1 1 14 6 0 0 0 0 0 0 0 0 0 0 0 0 0 0 87 199 255 238 240 255 248 255 231 143 49 0 0 1 0 0 0 0 0 0 0 0 0 0 0 0 0 102 213 255 252 254 255 252 255 246 242 255 235 86 0 5 0 0 0 0 5 0 1 4 1 0 2 3 9 217 243 254 248 254 247 255 246 255 255 249 251 211 12 6 0 0 0 0 6 0 2 1 0 0 0 0 37 224 255 255 225 169 133 137 124 125 231 255 255 237 124 4 0 0 0 0 0 0 3 0 0 3 0 22 167 248 246 221 50 4 0 7 11 3 139 255 249 255 196 0 0 0 0 0 0 0 2 0 0 8 0 53 255 255 251 236 0 0 7 0 0 0 46 239 242 255 183 0 0 0 0 0 0 3 2 0 0 1 0 80 245 240 245 197 0 5 14 0 7 7 38 234 249 255 172 5 0 0 0 0 0 3 0 1 0 3 0 128 255 255 250 110 12 0 0 4 0 1 86 246 255 253 178 3 0 0 0 0 0 1 0 6 0 6 5 175 241 254 246 96 8 0 0 2 0 0 102 255 255 247 138 0 0 0 0 0 5 3 0 6 0 0 0 188 255 255 255 152 0 11 1 0 5 7 81 255 255 248 73 3 0 0 0 0 1 0 5 0 9 1 2 109 247 252 255 199 6 0 0 14 0 14 182 251 250 255 49 0 0 0 0 0 0 0 7 0 6 1 0 80 251 247 254 209 27 10 10 0 62 162 255 255 255 112 10 8 0 0 0 0 1 0 8 0 1 2 0 39 240 253 250 255 106 0 5 68 224 235 255 254 185 12 5 0 0 0 0 0 3 0 6 1 0 4 0 8 141 253 238 255 214 28 59 232 255 255 254 244 17 3 0 4 0 0 0 0 4 0 4 0 0 5 4 0 43 255 255 237 255 163 174 255 237 255 250 70 5 0 6 0 0 0 0 0 2 0 1 0 0 4 6 0 5 210 255 244 252 249 253 237 255 227 87 0 0 18 1 0 0 0 0 0 0 3 0 0 0 1 4 0 0 77 206 255 245 255 255 251 240 105 5 0 0 0 10 8 0 0 0 0 0 6 0 0 3 0 0 1 8 0 135 255 247 249 238 254 144 12 0 18 0 5 3 0 0 0 0 0 0 0 0 0 0 0 0 0 11 0 10 108 221 245 162 66 0 0 0 0 0 0 0 0 0 0 0 0 0 0 0 0 0 0 0 0 0 0 1 0 0 0 0 2 0 0 0 0 0 0 0 0 0 0 0 0 0 0 0 0 0 0 0 0 7 6 3 1 0 0 0 0 0 0 0 0 0 0 0 0 0 0 0 0 0 0 0 0 0 0 0 0 0 0 0 0 3 5 3 1 0 0 0 0 0 0 0 0 0 0 0 0
9 0 0 0 0 0 0 0 0 2 0 0 12 1 0 0 0 0 0 1 13 2 0 0 0 0 0 0 0 0 1 5 5 2 2 4 8 0 15 0 0 3 7 5 0 15 2 0 0 1 0 9 0 0 0 0 0 1 4 2 0 0 0 0 0 18 0 0 18 0 2 0 2 0 0 25 0 0 0 0 0 0 0 0 0 3 1 0 0 0 1 0 10 0 3 0 0 10 0 12 0 20 1 0 8 7 0 4 0 0 0 0 0 0 0 0 1 6 5 0 0 0 14 83 146 235 255 120 75 0 0 1 16 0 3 6 0 0 0 0 0 0 0 2 4 0 0 0 1 33 181 255 254 255 251 255 198 30 0 8 11 0 10 0 0 0 0 0 4 0 0 5 0 0 0 10 75 229 255 245 237 246 255 246 242 220 97 0 0 19 2 2 0 0 0 0 4 0 0 5 1 0 21 56 208 248 255 245 255 255 251 255 255 252 238 186 12 0 5 1 0 0 0 0 1 0 7 2 0 2 3 226 249 255 246 240 194 231 241 255 253 251 247 255 195 76 9 0 0 3 2 0 2 0 0 2 1 0 112 246 255 242 255 99 0 45 67 231 248 255 251 255 255 192 92 10 0 4 1 0 0 0 0 0 0 45 221 254 254 234 193 44 0 8 0 47 221 252 254 244 245 255 216 1 1 3 0 0 0 0 0 3 0 120 255 250 255 255 71 0 4 0 16 0 34 227 248 255 255 226 247 80 0 0 1 0 2 8 0 6 0 129 254 254 235 253 64 0 0 2 0 0 9 36 216 254 250 255 252 237 0 0 2 4 0 8 0 0 13 96 244 255 254 255 62 0 0 9 0 5 0 0 8 105 255 249 248 251 16 0 1 8 0 0 0 0 6 143 249 255 235 255 67 8 9 0 0 0 0 1 0 89 250 254 255 232 45 2 0 9 2 0 12 0 0 245 255 252 255 242 75 0 7 0 0 7 0 15 0 62 255 255 248 255 68 8 0 7 0 3 0 0 15 128 251 255 253 255 57 1 6 0 12 0 0 6 11 67 248 250 255 238 0 0 0 0 1 1 2 4 0 137 242 245 241 245 74 9 0 8 0 2 0 0 0 102 255 244 246 193 0 0 0 0 0 4 0 11 0 114 255 255 255 248 176 17 12 0 2 0 14 46 194 245 232 255 248 88 0 0 0 0 0 14 0 0 0 25 236 253 247 242 251 210 112 38 65 196 180 242 241 255 255 255 197 0 0 0 0 0 0 4 0 0 7 0 158 255 255 255 241 253 246 255 241 242 255 255 255 255 253 184 42 0 0 0 0 0 0 0 11 7 0 14 51 204 245 255 255 248 255 242 255 255 238 255 252 221 132 26 4 4 0 0 0 0 8 0 7 4 0 0 0 57 145 234 254 255 237 253 251 255 251 228 131 5 8 16 0 2 0 0 0 0 0 3 0 0 5 3 12 0 2 0 80 146 251 176 128 114 67 0 4 12 0 0 14 0 0 0 0 0 0 0 0 0 0 0 0 0 0 0 0 0 0 0 0 0 0 0 0 0 0 0 0 0 0 0 0 0 0 0 0 0 0 0 0 0 0 0 0 0 0 0 0 0 0 0 0 0 0 0 0 0 0 0 0 0 0 0 0 0 0 0 0 0 0 0 0 0 0 0 0 0 0 0 0 0 0 0 0 0 0 0 0 0 0 0 0 0 0 0 0 0 0 0 0 0 0 0 0 0 0 0 0 0 0 0 0 0 0 0 0 0
0 0 0 0 0 0 0 0 0 0 1 0 3 10 0 0 0 1 0 0 0 2 4 0 0 0 0 0 0 0 0 0 0 0 0 0 8 5 6 0 0 0 0 8 0 0 0 1 0 0 0 0 0 0 0 0 0 0 0 0 0 0 0 0 0 0 0 3 12 6 0 0 7 0 0 4 2 0 0 9 0 0 0 0 0 0 0 0 0 0 0 0 0 6 3 6 0 0 4 9 4 0 0 2 2 0 0 0 0 0 0 0 0 0 0 0 0 0 0 0 0 2 0 0 2 0 4 0 0 0 0 1 4 7 2 0 0 0 0 0 0 0 0 0 0 0 0 0 8 13 0 1 6 0 16 1 5 5 2 0 0 0 0 5 0 0 0 0 0 0 0 0 0 0 0 0 0 4 0 11 4 0 60 99 101 94 92 84 47 1 0 2 0 0 0 0 0 0 0 0 0 0 0 0 1 0 9 126 209 217 247 249 248 247 255 255 181 64 1 2 0 0 0 0 0 0 0 18 0 0 17 6 57 138 184 255 250 254 248 252 252 255 247 255 242 249 76 5 0 0 0 0 4 2 0 1 2 10 151 191 253 255 249 244 245 255 255 247 227 249 245 249 255 254 184 0 0 0 0 0 5 6 5 0 21 193 242 248 255 235 255 246 227 140 104 99 48 172 250 255 245 245 251 87 0 0 0 0 0 0 13 8 100 255 249 255 252 178 116 5 0 0 3 0 2 0 0 60 136 250 246 253 0 0 0 0 0 2 6 0 197 233 255 212 56 0 0 1 12 0 0 8 0 16 11 0 26 244 237 246 0 0 0 0 4 6 0 0 243 255 170 62 0 8 12 2 0 6 0 5 6 0 0 7 0 173 253 255 0 0 0 0 8 0 4 17 255 255 25 3 7 0 0 8 11 6 0 0 0 0 11 12 0 173 255 241 0 0 0 0 2 4 4 0 255 250 47 0 0 14 0 0 0 0 8 0 7 4 0 0 41 241 255 248 0 0 0 0 0 9 2 0 255 250 141 0 0 0 0 0 0 2 2 0 18 0 5 21 142 238 255 155 0 0 0 0 0 0 0 7 255 255 249 145 11 1 0 0 1 0 0 0 0 12 6 143 251 255 241 119 0 0 0 0 6 5 12 0 122 250 255 250 154 60 0 0 12 0 0 15 0 16 162 255 254 238 168 0 0 0 0 0 7 0 0 0 70 235 252 255 247 241 191 117 88 106 110 90 95 239 252 249 240 252 54 0 0 0 0 0 5 5 3 0 16 31 212 255 255 245 236 242 254 255 254 249 255 255 255 255 228 53 3 4 0 0 0 0 1 0 0 2 12 0 65 66 179 233 255 255 249 251 255 250 247 247 244 197 74 16 0 0 0 0 0 0 0 0 13 0 0 15 0 11 10 26 88 175 218 212 211 228 130 78 94 0 0 7 0 4 0 0 0 0 2 0 0 0 17 0 0 4 2 0 2 9 7 0 0 0 0 0 0 3 2 0 0 4 0 0 0 0 0 0 0 0 0 0 0 0 0 0 0 0 0 0 0 0 0 0 0 0 0 0 0 0 0 0 0 0 0 0 0 0 0 0 0 0 0 0 0 0 0 0 0 0 0 0 0 0 0 0 0 0 0 0 0 0 0 0 0 0 0 0 0 0 0 0 0 0 0 0 0 0 0 0 0 0 0 0 0 0 0 0 0 0 0 0 0 0 0 0 0 0 0 0 0 0 0 0 0 0 0 0 0 0 0 0 0 0 0 0 0 0
0 0 0 0 0 0 0 0 0 7 0 7 0 0 0 0 0 0 0 11 0 0 0 9 0 0 0 0 0 0 0 0 0 0 0 0 1 0 2 0 9 4 0 14 0 6 0 0 9 17 1 0 0 0 0 0 0 0 0 0 0 0 0 0 4 2 3 0 0 11 0 0 0 11 2 0 0 0 0 10 0 0 0 0 0 0 0 0 0 0 0 0 0 0 2 18 0 4 2 8 3 0 0 0 0 0 0 0 0 0 0 0 0 0 0 0 0 0 0 0 6 0 0 17 0 0 14 0 4 0 3 13 0 2 14 0 0 0 0 0 0 0 0 0 0 0 0 0 0 8 10 0 9 100 226 239 98 10 0 7 0 0 6 7 0 0 0 0 0 0 0 0 0 0 0 0 1 0 4 61 168 248 207 228 237 119 12 0 10 6 0 0 0 0 0 0 0 0 0 0 0 0 0 0 0 0 52 227 241 188 12 201 254 255 163 27 0 0 0 7 0 0 0 0 0 0 0 0 0 0 0 0 3 50 226 255 144 0 0 101 248 255 245 162 0 0 4 0 0 0 0 0 0 0 0 0 0 0 0 0 0 176 255 255 86 18 5 0 173 209 239 243 111 3 17 0 0 0 0 0 0 0 0 0 0 0 0 0 3 26 135 255 167 3 4 11 0 0 46 225 231 4 0 1 0 0 0 0 0 0 0 0 0 0 0 0 0 11 203 223 92 0 2 0 13 0 0 138 252 83 0 2 0 0 0 0 0 0 0 0 0 0 0 0 2 124 250 137 2 2 3 10 0 5 0 80 252 178 0 10 0 0 0 0 0 0 0 0 0 0 0 0 12 255 245 24 0 7 6 0 0 2 0 94 255 216 0 0 0 0 0 0 0 0 0 0 0 0 0 0 12 252 174 0 17 0 0 18 0 5 0 100 237 186 15 1 0 0 0 0 0 0 0 0 0 0 0 0 89 244 92 5 0 18 0 0 4 0 12 195 255 89 0 4 0 0 0 0 2 0 0 3 1 0 0 0 121 255 33 4 3 0 0 3 0 6 62 246 219 2 0 6 0 0 0 0 0 0 0 2 0 0 5 14 206 249 0 5 0 0 0 0 0 33 214 255 118 0 7 0 0 0 0 0 0 0 1 1 0 0 9 24 253 255 3 6 0 7 15 0 18 145 255 198 1 4 2 0 0 0 0 0 3 2 1 1 0 0 6 16 221 246 8 0 0 5 0 0 119 250 185 28 5 0 9 0 0 0 0 0 5 0 0 0 2 0 1 4 196 253 38 0 15 0 0 88 241 248 37 0 0 18 0 0 0 0 0 0 1 0 0 0 5 3 0 0 137 255 124 1 1 0 94 225 254 85 0 0 14 0 5 0 0 0 0 0 0 0 0 1 3 1 0 1 79 243 247 135 118 142 239 242 117 0 0 24 0 0 0 7 0 0 0 0 1 0 1 2 0 0 0 2 0 126 251 251 255 243 245 76 0 5 12 0 10 0 0 0 0 0 0 0 0 0 0 0 0 0 0 0 5 9 73 184 240 184 74 0 0 0 0 0 0 0 0 0 0 0 0 0 0 0 0 0 0 0 0 0 0 0 0 8 13 4 0 0 0 0 0 0 0 0 0 0 0 0 0 0 0 0 0 0 0 0 0 0 4 10 6 0 0 0 2 2 0 0 0 0 0 0 0 0 0 0 0 0 0 0 0 0 0 0 0 0 0 0 0 0 1 11 5 0 0 0 0 0 0 0 0 0 0 0 0 0
0 0 0 0 0 0 0 0 0 2 3 0 4 2 8 0 0 9 0 0 7 8 0 4 0 0 0 0 0 0 0 0 0 0 0 0 4 0 0 8 0 6 0 15 6 7 6 0 2 1 1 0 0 0 0 0 0 0 0 0 0 0 0 0 15 0 12 14 0 6 2 0 0 0 13 0 11 0 11 4 0 0 0 0 0 0 0 0 0 0 0 0 0 21 0 0 5 0 0 19 6 3 0 10 7 11 0 1 0 0 0 0 0 0 0 0 0 0 0 0 2 0 13 0 0 26 101 144 255 225 117 0 0 0 5 3 0 0 0 0 0 0 0 0 0 0 0 0 13 0 0 21 18 216 239 255 224 255 223 56 10 0 8 0 0 0 0 0 0 0 0 0 0 0 0 0 0 0 13 0 218 255 255 223 87 225 246 208 3 17 0 10 0 0 0 0 0 0 0 0 0 0 0 0 6 6 0 199 255 241 224 116 2 112 255 255 86 0 7 0 0 0 0 0 0 0 0 0 0 0 0 0 0 0 30 242 251 254 131 0 1 31 217 255 140 0 7 0 0 0 0 0 0 0 0 0 0 0 0 0 0 15 65 255 251 246 70 0 13 0 60 246 240 11 0 3 0 0 0 0 0 0 0 0 0 0 0 0 1 10 85 251 255 232 20 2 0 13 43 246 232 0 0 9 0 0 0 0 0 0 0 0 0 0 0 0 0 0 116 243 253 155 0 5 8 0 44 255 217 11 0 1 0 0 0 0 0 0 0 0 0 0 0 0 0 0 185 255 221 37 0 3 16 0 25 255 227 38 4 0 0 0 0 0 0 0 0 0 0 0 0 0 0 36 235 255 186 0 9 0 0 10 33 255 227 23 7 1 0 0 0 0 0 0 0 0 0 0 0 0 7 88 248 252 124 4 13 0 9 0 69 255 197 0 0 1 0 0 0 0 0 0 0 0 0 0 0 0 0 129 255 230 48 0 0 2 0 14 189 253 90 2 17 0 0 0 0 0 0 0 0 0 0 0 0 0 0 229 251 73 15 0 2 3 3 137 248 206 36 0 1 0 0 0 0 0 0 0 0 0 0 0 0 0 77 255 250 32 6 7 13 0 0 181 255 80 10 7 0 5 0 0 0 0 0 0 0 0 0 0 0 0 30 228 255 149 0 8 0 8 144 255 246 112 0 0 9 0 0 0 0 0 0 0 0 0 0 0 0 0 11 235 248 158 11 0 22 143 247 255 214 11 7 12 0 4 0 0 0 0 0 0 0 0 0 0 0 0 0 221 255 180 0 18 138 255 255 185 17 0 0 15 0 0 0 0 0 0 0 0 0 0 0 0 0 0 0 233 245 222 171 255 248 255 216 17 0 16 0 0 0 4 0 0 0 0 0 0 0 0 0 0 0 0 0 97 255 246 252 255 249 142 24 22 0 6 0 8 0 5 0 0 0 0 0 0 0 0 0 0 0 0 0 9 212 255 249 207 94 0 9 0 20 0 0 0 12 0 0 0 0 0 0 0 0 0 0 0 0 0 0 0 0 0 0 0 0 0 0 0 0 0 0 0 0 0 0 0 0 0 0 0 0 0 0 0 0 0 0 0 0 0 0 0 0 0 0 0 0 0 0 0 0 0 0 0 0 0 0 0 0 0 0 0 0 0 0 0 0 0 0 0 0 0 0 0 0 0 0 0 0 0 0 0 0 0 0 0 0 0 0 0 0 0 0 0 0 0 0 0 0 0 0 0 0 0 0 0 0 0 0 0 0 0
0 0 0 0 0 0 0 0 0 2 5 3 1 1 2 3 6 0 0 10 0 0 0 1 0 0 0 0 0 0 0 0 0 0 0 0 4 0 0 0 0 0 0 2 0 0 0 10 0 8 0 2 0 0 0 0 0 0 0 0 0 0 0 0 0 8 12 0 1 13 12 0 5 7 0 0 0 2 0 0 0 0 0 0 0 0 0 0 0 0 0 0 13 0 0 0 0 0 0 0 0 0 6 10 0 0 9 3 0 0 0 0 0 0 0 0 0 0 0 0 0 0 11 10 6 6 6 5 26 0 0 15 2 0 5 0 0 0 0 0 0 0 0 0 0 0 0 0 18 0 10 80 177 243 255 245 210 91 6 0 4 0 0 0 0 0 0 0 0 0 0 0 0 0 0 0 0 46 165 255 244 162 161 227 255 239 116 0 7 13 5 5 0 0 0 0 0 0 0 0 0 0 0 0 28 166 255 217 90 7 0 2 82 255 215 16 0 0 0 3 0 0 0 0 1 0 13 3 0 0 4 6 185 252 223 31 0 11 0 2 49 247 252 140 3 8 0 0 0 0 0 0 5 4 3 0 4 0 3 147 255 176 47 0 8 0 1 0 31 228 253 247 184 0 0 13 0 0 0 0 0 5 0 0 5 0 32 235 235 92 0 0 12 0 5 0 9 226 253 255 240 113 16 0 0 0 0 0 0 0 3 5 0 5 131 249 144 4 0 4 0 9 0 0 59 236 255 246 245 146 0 9 0 0 0 0 6 0 2 1 0 6 237 255 71 0 0 9 0 1 3 15 63 255 249 105 255 137 11 0 0 0 0 0 0 8 0 0 6 0 255 238 3 8 5 15 0 0 7 0 112 249 214 4 250 171 0 5 0 0 0 0 0 8 0 0 7 9 245 177 0 9 0 0 4 11 0 1 180 255 245 68 170 203 0 0 0 0 0 0 4 0 4 2 0 52 255 146 6 3 6 7 0 0 5 177 255 171 126 210 212 147 6 0 0 0 0 0 0 1 0 16 0 108 255 151 0 12 0 9 0 0 138 250 216 7 1 0 255 144 0 3 0 0 0 0 1 9 6 0 0 80 245 151 4 0 7 5 0 12 69 196 112 5 0 111 236 153 0 7 0 0 0 0 0 0 7 0 0 3 255 188 0 11 0 0 3 0 5 13 12 0 19 178 253 68 20 2 0 0 0 0 0 0 0 16 0 0 255 231 20 0 16 0 0 6 0 13 0 0 48 231 136 0 0 0 0 0 0 0 2 7 0 0 0 8 246 251 140 4 0 6 5 10 0 0 0 7 222 251 59 13 10 0 0 0 0 0 0 0 6 0 7 6 85 240 255 134 6 0 0 0 16 0 9 186 245 186 4 0 13 0 0 0 0 0 0 0 9 0 5 0 0 137 253 247 177 37 0 11 17 68 217 245 236 17 0 0 0 22 0 0 0 0 2 2 2 0 0 11 1 0 86 252 255 238 255 243 241 255 237 165 0 11 0 0 24 0 0 0 0 0 0 0 0 0 0 0 0 0 0 38 154 145 182 247 152 113 29 12 0 0 3 2 0 0 0 0 0 0 0 0 0 0 0 0 0 0 3 0 10 0 0 20 0 0 11 1 0 0 3 2 0 0 0 0 0 0 0 0 0 0 0 0 0 0 3 1 0 7 5 0 0 6 0 0 0 0 3 1 0 0 0 0 0 0 0 0 0 0 0 0 0 0 0 6 0 2 0 0 8 0 0 0 2 4 2 0 0 0 0 0 0 0
0 0 0 0 0 0 0 0 9 0 0 0 15 0 0 4 0 0 0 9 6 0 11 0 0 0 0 0 0 0 0 0 0 0 0 0 0 15 5 3 0 18 0 16 11 19 4 0 0 0 2 0 0 0 0 0 0 0 0 0 0 0 0 0 13 0 9 0 8 0 0 0 0 0 0 0 5 15 0 0 0 0 0 0 0 0 0 0 0 0 0 0 0 2 0 0 0 11 0 13 22 0 13 19 0 0 0 12 0 0 0 0 0 0 0 0 0 0 0 0 0 16 0 0 7 3 35 180 240 69 0 0 0 9 6 0 0 0 0 0 0 0 0 0 0 0 0 0 12 0 8 0 4 35 163 255 115 14 0 9 6 0 0 0 0 0 0 0 0 0 0 0 0 0 0 0 0 2 5 8 22 197 255 235 179 133 37 0 2 1 0 4 0 0 0 0 0 0 0 0 0 0 0 0 0 2 0 41 199 255 251 255 247 255 114 0 6 0 0 3 0 0 0 0 0 0 0 0 0 0 0 0 0 8 3 129 254 255 241 217 187 247 235 35 1 9 0 0 0 0 0 0 0 0 0 0 0 0 0 0 11 0 20 231 255 247 219 85 23 240 255 87 10 0 0 13 0 0 0 0 0 0 0 0 0 0 0 0 0 5 93 241 226 52 51 25 12 240 244 184 0 2 10 0 0 0 0 0 0 0 0 0 0 0 0 0 0 29 177 255 167 0 0 0 36 193 244 255 54 0 12 1 0 0 0 0 0 0 0 0 0 0 0 0 4 105 243 241 60 24 0 2 0 80 199 254 174 1 0 8 0 0 0 0 0 0 0 0 0 0 0 0 0 115 255 183 0 0 0 8 0 10 128 241 167 20 0 0 0 0 0 0 0 0 0 0 0 0 0 0 0 51 254 173 2 0 25 0 6 8 129 255 131 0 0 5 0 0 0 0 0 0 0 0 0 0 0 0 5 138 244 130 2 0 0 9 0 0 134 244 233 0 6 0 0 0 0 0 0 0 0 0 0 0 0 0 0 133 255 134 1 0 16 0 0 9 137 244 243 4 1 5 0 0 0 0 0 0 0 0 0 0 0 0 5 133 226 159 3 0 0 0 5 0 157 255 199 2 0 0 0 0 0 0 0 0 0 0 0 0 0 0 1 78 255 228 0 13 19 0 14 0 198 241 106 3 12 2 0 0 0 0 0 0 0 0 0 0 0 0 7 231 243 246 8 0 0 0 0 87 255 191 12 0 0 0 0 0 0 0 0 0 0 0 0 0 0 0 26 211 248 252 124 0 0 5 36 206 255 137 1 0 10 8 0 0 0 0 0 0 0 0 0 0 0 0 6 79 241 255 236 88 18 88 187 255 153 23 0 1 0 0 0 0 0 0 0 0 0 0 0 0 0 0 0 11 94 255 237 251 255 254 252 213 68 0 3 10 0 0 0 0 0 0 0 0 0 0 0 0 0 0 0 0 6 36 228 255 241 171 40 15 0 1 5 0 0 9 0 0 0 0 0 0 0 0 0 0 0 0 0 0 0 0 0 0 0 0 0 0 0 0 0 0 0 0 0 0 0 0 0 0 0 0 0 0 0 0 0 0 0 0 0 0 0 0 0 0 0 0 0 0 0 0 0 0 0 0 0 0 0 0 0 0 0 0 0 0 0 0 0 0 0 0 0 0 0 0 0 0 0 0 0 0 0 0 0 0 0 0 0 0 0 0 0 0 0 0 0 0 0 0 0 0 0 0 0 0 0 0 0 0 0 0
0 0 0 0 0 0 0 0 7 0 1 0 0 3 15 0 11 0 10 9 0 5 3 0 0 0 0 0 0 0 0 0 0 0 0 0 0 11 10 0 11 0 0 7 0 0 3 0 8 0 0 3 0 0 0 0 0 0 0 0 0 0 0 0 18 2 0 0 0 4 7 4 0 14 0 0 8 12 6 0 0 0 0 0 0 0 0 0 0 0 0 0 0 0 0 13 0 0 3 0 0 0 0 1 0 5 0 21 0 0 0 0 0 0 0 0 0 0 0 0 0 8 0 0 14 8 0 14 22 0 229 255 86 0 0 0 0 0 0 0 0 0 0 0 0 0 0 0 2 6 14 0 3 0 0 0 0 0 230 251 239 109 6 4 0 0 0 0 0 0 0 0 0 0 0 0 0 0 14 0 29 92 221 250 36 26 216 249 255 126 0 0 0 0 0 0 0 0 0 0 0 0 0 0 11 0 3 20 183 241 255 237 221 64 131 255 251 141 3 0 0 0 0 0 4 0 0 3 0 0 4 2 0 1 0 84 235 255 255 251 245 109 87 249 255 225 64 2 0 0 0 0 2 0 0 1 0 0 2 0 3 5 0 192 255 249 253 246 146 44 227 250 255 255 42 2 0 0 0 0 0 0 0 0 0 0 0 0 0 43 203 232 247 247 244 128 0 0 241 254 255 250 79 0 0 0 0 0 0 4 1 0 0 0 0 0 10 99 252 255 255 255 146 1 7 0 227 244 234 255 57 5 0 0 0 0 0 5 1 0 2 0 0 9 106 229 255 242 236 114 78 0 1 7 232 255 255 252 41 0 0 0 0 0 0 5 0 0 5 0 0 30 174 255 245 228 0 0 0 0 5 45 238 245 237 154 19 0 0 0 0 0 0 4 0 0 8 0 2 53 251 218 255 229 0 5 3 1 4 41 255 250 255 128 0 4 0 0 0 0 0 3 0 1 9 0 4 67 253 255 253 179 4 0 0 3 235 253 244 249 225 10 0 0 0 0 0 0 0 9 0 4 2 0 0 168 255 243 254 53 0 0 1 104 252 255 246 255 109 5 0 6 0 0 0 0 0 4 0 0 3 7 21 238 253 223 29 9 0 60 233 232 237 255 254 206 37 0 15 0 0 0 0 0 1 0 3 0 0 0 0 235 250 200 0 8 137 212 245 255 255 248 136 72 5 0 0 0 0 0 0 0 0 0 7 6 8 0 3 244 255 250 208 227 255 227 255 252 252 133 11 2 0 0 13 0 0 0 0 0 7 0 0 0 6 0 14 219 244 248 235 255 237 255 249 248 156 126 25 0 19 16 0 0 0 0 0 0 8 0 0 0 1 0 0 119 255 253 255 251 249 229 246 129 0 0 0 0 0 0 12 2 0 0 0 0 0 0 3 6 12 3 6 53 239 248 248 248 255 255 4 0 6 7 2 0 7 0 0 4 0 0 0 0 2 3 0 0 0 0 8 14 85 109 254 246 255 117 0 1 0 0 7 0 0 5 8 0 0 0 0 0 0 0 0 0 0 0 0 0 0 0 0 0 0 0 0 0 0 0 0 0 0 0 0 0 0 0 0 0 0 0 0 0 0 0 0 0 0 0 0 0 0 0 0 0 0 0 0 0 0 0 0 0 0 0 0 0 0 0 0 0 0 0 0 0 0 0 0 0 0 0 0 0 0 0 0 0 0 0 0 0 0 0 0 0 0 0 0 0 0 0 0 0 0 0 0 0 0 0 0 0 0 0 0 0 0 0 0 0 0 0 0 0
0 7 0 0 0 5 0 0 0 5 0 0 6 0 0 4 2 2 5 0 0 3 2 3 0 0 0 0 0 0 0 2 5 5 4 3 13 0 12 12 0 0 11 0 0 0 0 0 3 6 0 0 0 0 0 0 3 0 0 5 0 0 0 0 0 0 2 0 0 7 0 0 4 4 3 1 0 0 2 10 0 0 0 0 8 0 0 0 0 0 2 0 1 15 0 0 2 2 5 18 0 0 0 9 8 0 0 0 0 0 0 0 0 0 0 0 0 9 9 0 0 11 0 13 0 0 13 0 15 9 0 0 3 0 2 0 0 0 0 0 0 5 3 0 5 3 0 0 30 47 0 0 19 7 12 0 0 8 0 8 3 0 10 0 0 0 0 0 0 9 0 0 8 0 0 37 236 245 123 1 2 0 0 84 142 186 185 182 144 88 63 15 0 0 0 0 0 9 0 0 14 0 11 100 242 255 236 76 0 11 83 255 247 255 239 252 255 255 241 178 0 0 0 0 0 0 0 7 0 14 38 243 151 139 198 142 18 0 7 26 22 103 146 235 255 248 249 253 124 6 0 10 0 13 6 0 0 0 174 254 37 2 41 30 0 8 7 1 1 23 0 5 73 193 239 253 196 16 0 0 0 0 0 0 10 23 254 157 11 0 1 0 0 9 0 0 0 0 0 10 0 0 57 250 244 7 0 0 10 0 0 5 13 107 239 47 5 0 11 3 0 4 0 3 12 0 0 8 2 6 0 204 252 2 4 7 8 0 10 3 0 137 200 8 0 0 0 0 0 6 0 0 0 8 5 0 2 8 0 209 208 0 0 5 0 4 0 0 0 157 201 0 7 4 3 2 1 1 0 0 4 4 0 1 5 0 26 227 158 0 0 0 0 8 0 0 21 224 219 0 0 0 1 5 0 0 6 4 0 1 7 0 0 48 173 255 107 23 3 5 0 0 1 0 0 255 203 0 9 0 0 5 0 0 8 0 11 0 1 6 36 127 244 177 15 1 0 1 10 0 0 4 0 232 214 24 0 0 3 6 3 6 1 0 0 0 0 32 217 255 222 33 0 0 0 0 0 0 4 2 0 137 252 217 119 33 0 0 2 0 0 5 0 22 160 207 255 226 76 0 0 0 0 0 0 5 10 0 15 97 243 255 248 165 134 86 5 45 125 108 146 224 228 255 180 36 17 1 0 0 0 0 17 0 0 0 0 0 110 242 255 255 246 250 255 247 243 255 244 251 238 124 12 24 0 0 0 0 0 0 0 0 3 0 4 0 64 205 215 255 251 252 255 244 242 243 210 104 0 0 2 0 0 7 0 0 0 0 0 15 18 0 0 20 0 0 33 60 138 202 187 201 177 18 0 6 8 4 0 0 1 0 0 0 0 0 0 0 0 0 9 0 0 11 0 0 0 21 12 0 10 5 12 0 0 0 2 11 0 3 0 0 0 0 1 6 0 0 9 0 7 0 3 11 0 5 3 0 17 0 0 6 0 9 0 0 0 0 0 0 0 0 0 0 0 0 0 0 0 0 0 0 0 0 0 0 0 0 0 0 0 0 0 0 0 0 0 0 0 0 0 0 0 0 0 0 0 0 0 0 0 0 0 0 0 0 0 0 0 0 0 0 0 0 0 0 0 0 0 0 0 0 0 0 0 0 0 0 0 0 0 0 0 0 0 0 0 0 0 0 0 0 0 0 0 0 0 0 0 0 0 0 0 0 0 0 0 0 0 0 0 0 0 0 0 0 0 0 0 0 0 0 0 0
0 0 0 0 0 0 0 0 3 0 0 7 0 11 0 0 0 4 6 2 0 2 1 0 0 0 0 0 0 0 0 0 0 0 0 0 0 0 7 2 0 0 12 2 0 0 0 0 0 4 3 0 0 0 0 0 0 0 0 0 0 0 0 0 10 0 0 13 9 0 0 0 1 0 0 0 0 4 4 0 0 0 0 0 0 0 0 0 0 0 0 0 0 4 0 0 0 11 12 0 2 3 2 0 0 2 2 1 0 0 0 0 0 0 0 0 0 0 0 0 5 0 16 10 6 0 0 4 0 0 3 3 0 0 0 3 0 0 0 0 0 0 0 0 0 0 0 0 0 41 187 235 255 168 95 25 0 0 0 0 0 0 0 5 0 0 0 0 0 0 0 0 0 0 0 0 0 168 255 255 255 255 255 144 13 2 0 0 0 0 0 2 0 0 0 0 0 0 0 0 0 0 0 0 39 237 244 245 117 137 228 228 35 14 0 0 2 3 0 0 0 0 0 0 0 0 0 0 0 0 0 0 66 250 255 92 9 2 62 218 202 78 0 0 4 0 0 5 0 0 0 0 0 0 0 0 0 0 0 0 66 255 192 10 94 214 219 216 98 0 12 0 0 5 5 5 0 0 0 0 0 0 0 0 0 0 0 0 52 255 255 174 255 248 221 255 254 173 14 18 0 0 8 0 0 0 0 0 0 0 0 0 0 0 0 0 70 238 255 240 232 51 23 127 240 255 172 20 9 0 0 13 0 0 0 0 0 0 0 0 0 0 0 0 75 245 248 183 122 0 0 9 45 224 255 106 7 0 0 4 0 0 0 0 0 0 0 0 0 0 0 0 55 248 255 148 45 6 24 0 0 163 237 245 22 8 1 0 0 0 0 0 0 0 0 0 0 0 0 0 79 251 246 141 12 0 5 0 0 8 255 255 92 5 0 18 0 0 0 0 0 0 0 0 0 0 0 0 0 222 255 154 7 0 0 4 3 6 215 237 119 2 1 0 0 0 0 0 0 0 0 0 0 0 0 0 5 206 255 164 7 0 8 0 5 0 167 255 152 5 0 0 0 0 0 0 0 0 0 0 0 0 0 0 9 166 255 179 3 0 10 0 0 16 125 245 102 0 14 7 0 0 0 0 0 0 0 0 0 0 0 0 0 98 255 241 59 0 0 0 0 0 169 255 101 12 0 0 0 0 0 0 0 0 0 0 0 0 0 0 0 10 246 255 206 0 9 10 4 11 192 255 117 0 7 2 0 0 0 0 0 0 0 0 0 0 0 0 0 0 120 255 254 74 3 0 0 42 251 251 100 4 0 6 0 0 0 0 0 0 0 0 0 0 0 0 3 14 15 207 252 219 79 15 40 207 255 255 83 0 27 0 0 0 0 0 0 0 0 0 0 0 0 0 0 0 16 84 227 255 240 163 199 255 242 133 14 0 5 1 0 0 0 0 0 0 0 0 0 0 0 0 3 2 0 5 63 219 251 255 255 235 172 17 0 8 0 9 0 0 0 0 0 0 0 0 0 0 0 0 0 3 7 0 0 35 127 212 218 119 19 0 0 4 0 0 0 0 0 0 0 0 0 0 0 0 0 0 6 0 0 5 7 1 0 4 8 0 0 3 4 0 0 4 0 0 0 0 0 0 0 0 0 0 0 0 10 0 0 0 1 0 0 0 0 0 0 1 0 0 0 6 0 0 0 0 0 0 0 0 0 0 0 0 0 0 5 7 1 0 2 14 10 7 2 0 4 6 0 0 0 0 0 0
0 0 0 0 0 0 0 0 1 0 7 0 2 15 0 0 4 0 0 2 6 0 0 0 0 0 0 0 0 0 0 0 0 0 0 0 11 1 0 4 0 0 0 17 0 6 8 2 0 0 9 16 0 0 0 0 0 0 0 0 0 0 0 0 0 3 0 14 4 9 0 0 0 2 0 0 0 6 0 0 0 0 0 0 0 0 0 0 0 0 0 0 7 0 0 0 0 11 0 0 0 9 12 2 0 0 5 8 0 0 0 0 0 0 0 0 0 0 0 0 1 0 18 0 0 0 0 10 0 0 0 3 9 3 0 0 0 0 0 0 0 0 0 0 0 0 0 0 0 0 12 0 3 44 36 31 40 13 0 0 1 0 0 5 0 0 0 0 0 0 0 0 0 0 0 0 0 6 0 76 144 238 255 255 234 212 169 109 46 4 0 0 0 0 0 0 0 0 0 0 0 0 0 0 0 12 0 225 255 252 239 252 255 253 248 253 249 198 91 0 0 0 0 0 0 7 0 8 0 4 0 6 1 31 217 255 252 239 255 250 251 255 246 251 249 255 185 71 1 0 0 9 0 3 0 4 0 2 2 0 0 182 246 234 254 253 253 239 218 222 203 232 255 250 235 205 26 8 5 0 0 0 3 1 0 0 1 0 149 226 255 255 221 79 43 71 14 19 0 65 189 255 255 212 45 0 8 0 3 0 3 0 0 0 0 63 248 249 254 76 15 0 12 0 1 10 0 7 92 242 255 242 112 0 3 0 8 0 1 3 0 4 0 158 251 251 194 10 9 0 0 6 15 0 0 0 38 239 255 255 209 3 2 0 8 0 0 3 0 14 66 231 255 255 107 0 0 5 0 0 0 3 28 3 15 203 226 255 205 4 1 6 1 0 2 1 0 25 182 255 242 142 10 12 0 1 7 0 5 13 0 0 100 253 255 250 105 0 0 10 0 3 5 0 0 33 255 250 255 85 0 0 0 4 0 5 0 5 0 46 222 255 248 255 34 0 0 0 5 0 0 9 0 65 255 243 151 28 0 1 0 1 0 0 0 7 60 190 255 248 250 207 0 0 0 0 0 3 0 1 10 179 253 255 46 7 0 0 5 0 0 9 1 75 206 255 252 243 92 8 0 0 0 0 5 3 0 0 0 186 230 255 74 0 19 0 5 0 14 17 159 255 245 241 151 83 0 21 0 0 0 0 8 0 0 2 2 142 255 254 239 44 0 19 2 12 3 187 254 255 200 135 5 12 0 0 0 0 0 0 0 1 1 0 7 93 248 244 255 61 11 7 0 85 209 255 243 184 12 0 0 0 16 0 0 0 0 0 0 7 0 0 0 22 112 255 251 221 109 192 190 255 255 221 147 0 1 9 4 14 0 0 0 0 0 0 0 1 0 8 0 0 28 231 243 255 241 254 255 213 198 9 0 7 12 0 0 0 0 0 0 0 0 0 0 6 0 0 0 6 0 52 175 170 178 181 173 50 6 0 0 12 0 0 12 0 2 1 0 0 0 0 0 0 0 0 0 0 0 0 0 0 0 0 0 0 0 0 0 0 0 0 0 0 0 0 0 0 0 0 0 0 0 0 0 0 0 0 0 0 0 0 0 0 0 0 0 0 0 0 0 0 0 0 0 0 0 0 0 0 0 0 0 0 0 0 0 0 0 0 0 0 0 0 0 0 0 0 0 0 0 0 0 0 0 0 0 0 0 0 0 0 0 0 0 0 0 0 0 0 0 0 0 0 0 0 0 0 0 0 0 0 0 0
0 0 0 0 0 0 0 0 1 0 1 2 0 2 8 0 16 0 0 1 0 0 1 0 0 0 0 0 0 0 0 0 0 0 0 0 0 0 0 0 1 0 0 11 0 21 5 0 0 1 0 0 0 0 0 0 0 0 0 0 0 0 0 0 0 6 0 0 13 11 0 0 0 0 3 0 22 9 0 12 0 0 0 0 0 0 0 0 0 0 0 0 0 6 4 0 0 0 0 4 14 0 4 10 0 0 12 0 0 0 0 0 0 0 0 0 0 0 0 0 7 0 3 0 0 5 81 133 170 255 78 7 0 10 3 5 0 0 0 0 0 0 0 0 0 0 0 0 0 1 0 0 31 146 242 255 247 254 249 81 0 0 0 0 0 0 0 0 0 0 0 0 0 0 0 0 0 10 0 20 155 255 252 197 255 148 189 0 6 2 0 6 0 0 0 0 0 0 0 0 0 0 0 0 0 3 0 89 251 237 94 23 194 233 234 124 41 0 0 0 0 0 0 0 0 10 0 0 6 0 0 5 4 6 74 243 255 103 0 6 0 8 116 246 215 24 0 2 0 0 0 0 0 4 0 1 4 0 0 2 6 0 229 255 169 19 6 0 0 0 16 137 255 149 0 0 0 0 0 0 2 0 0 3 1 0 0 4 0 163 255 235 11 0 5 6 4 1 0 48 218 242 44 6 0 0 0 0 5 0 0 0 0 7 1 1 44 255 246 116 6 0 3 0 1 3 2 3 73 239 126 0 0 0 0 0 2 0 3 0 2 11 0 0 217 244 193 0 0 0 10 14 3 0 0 0 0 236 222 17 0 0 0 0 0 0 6 0 3 3 0 29 255 237 112 18 1 5 0 0 2 2 0 10 0 241 255 62 0 0 0 0 0 0 5 0 3 0 14 136 255 222 37 0 9 0 16 0 0 0 0 4 0 226 244 67 0 0 0 0 6 0 1 0 3 0 52 244 254 133 0 0 12 5 0 2 2 2 3 0 0 238 244 55 0 0 0 0 7 0 3 10 0 0 61 253 253 90 3 5 4 0 0 2 8 0 6 2 0 233 166 0 0 0 0 0 4 0 0 0 0 18 123 255 230 18 0 0 0 8 8 3 0 13 0 0 154 245 97 0 0 0 0 0 0 0 1 0 3 3 131 246 231 0 8 1 0 0 0 0 0 8 7 49 255 242 83 4 0 0 0 0 1 0 1 7 5 0 92 255 235 25 15 11 0 0 0 6 3 7 53 228 251 121 0 1 0 0 0 0 2 1 0 0 3 0 52 253 255 102 0 0 0 6 0 0 1 106 235 218 201 24 4 5 0 0 0 0 0 7 0 0 3 13 0 131 243 251 177 146 59 46 97 160 236 242 255 213 25 0 13 0 0 0 0 0 0 3 4 0 5 4 0 6 186 255 246 255 243 246 255 245 228 234 128 10 0 12 0 1 0 0 0 0 5 0 0 0 6 0 16 0 0 110 190 244 255 255 237 151 130 7 0 2 12 0 4 0 0 0 0 0 0 0 0 0 0 0 0 0 0 0 0 0 0 0 0 0 0 0 0 0 0 0 0 0 0 0 0 0 0 0 0 0 0 0 0 0 0 0 0 0 0 0 0 0 0 0 0 0 0 0 0 0 0 0 0 0 0 0 0 0 0 0 0 0 0 0 0 0 0 0 0 0 0 0 0 0 0 0 0 0 0 0 0 0 0 0 0 0 0 0 0 0 0 0 0 0 0 0 0 0 0 0 0 0 0 0 0 0 0 0 0 0
0 0 0 0 0 0 0 0 0 6 0 1 3 5 0 3 5 0 3 0 7 0 0 0 0 0 0 0 0 0 0 0 0 0 0 0 0 4 17 0 0 2 0 1 2 10 7 3 0 6 5 2 0 0 0 0 0 0 0 0 0 0 0 0 4 2 0 17 19 0 7 2 0 0 0 0 0 3 8 0 0 0 0 0 0 0 0 0 0 0 0 0 0 0 20 0 6 0 0 0 0 8 10 14 1 2 6 0 0 0 0 0 0 0 0 0 0 0 0 0 3 0 0 9 0 5 18 0 9 0 0 14 0 1 1 9 0 0 0 0 0 0 0 0 0 0 0 0 15 0 136 255 249 62 2 108 113 145 136 53 16 0 19 0 0 0 0 0 0 0 0 0 0 0 0 0 0 67 247 200 4 250 244 255 255 238 255 252 188 0 2 15 0 0 0 0 0 0 0 0 0 0 0 0 1 255 251 63 192 249 255 114 125 140 120 248 255 255 124 0 0 0 0 0 0 0 1 0 0 0 6 0 63 254 128 3 255 185 1 0 2 7 54 255 254 249 132 0 0 0 0 0 0 0 4 4 1 0 0 4 130 255 127 0 252 142 0 7 0 1 255 196 77 246 255 63 0 0 0 0 2 0 1 0 0 0 6 58 255 246 9 0 130 0 0 11 77 174 255 77 0 196 255 136 0 0 0 0 2 0 2 0 0 1 6 111 246 255 5 1 0 12 18 0 178 255 64 1 0 117 255 107 0 0 0 0 0 0 6 4 4 0 0 153 255 124 0 0 0 3 0 190 255 255 3 0 30 121 253 8 0 0 0 0 5 0 2 0 0 3 7 226 242 2 14 0 15 5 83 255 252 62 4 16 0 243 249 0 0 0 0 0 7 1 0 0 0 3 10 255 255 0 4 0 0 68 244 245 129 2 0 0 5 255 127 1 0 0 0 0 0 0 8 6 5 0 0 254 250 0 0 20 0 194 255 196 0 0 13 0 64 241 138 0 0 0 0 0 0 1 0 0 9 3 47 255 253 0 8 0 203 255 244 11 4 4 5 0 197 255 54 3 0 0 0 0 2 4 0 0 0 0 16 248 251 12 0 14 243 255 66 0 0 0 5 120 255 127 10 0 0 0 0 0 0 1 1 4 0 0 4 251 255 117 6 193 255 182 0 21 4 8 55 255 252 7 0 11 0 0 0 0 0 0 3 7 0 3 6 247 255 193 122 250 255 57 14 0 0 0 255 251 180 5 0 0 0 0 0 0 3 0 4 3 0 0 0 198 248 249 255 237 146 2 0 5 78 182 249 119 0 4 15 6 0 0 0 0 3 0 3 0 0 0 3 130 255 255 255 248 0 0 9 136 242 255 141 9 2 8 0 0 0 0 0 0 0 0 3 0 6 0 10 59 253 255 250 255 128 123 206 233 252 201 0 6 5 0 2 5 0 0 0 0 1 0 5 0 8 0 4 0 63 244 255 254 247 255 251 200 71 0 8 5 0 0 17 0 0 0 0 0 0 0 0 0 0 0 0 0 0 7 130 185 253 127 68 4 0 0 0 0 0 0 0 0 0 0 0 0 0 0 0 0 0 0 0 0 5 0 3 0 25 0 0 0 0 0 0 0 0 0 0 0 0 0 0 0 0 0 0 0 0 0 0 0 7 8 2 0 0 0 3 6 0 0 0 0 0 0 0 0 0 0 0 0 0 0 0 0 0 0 0 0 0 0 2 5 0 6 0 0 0 0 0 0 0 0 0 0 0 0 0 0
0 0 0 0 0 0 0 0 0 3 0 9 0 1 0 1 3 0 9 0 2 1 6 0 0 0 0 0 0 0 0 0 0 0 0 0 0 0 0 2 10 0 7 0 0 11 0 7 0 0 0 8 0 0 0 0 0 0 0 0 0 0 0 0 0 6 19 0 0 0 7 0 0 4 0 8 0 8 11 0 0 0 0 0 0 0 0 0 0 0 0 0 17 0 5 0 4 11 0 7 12 0 1 0 6 0 0 12 0 0 0 0 0 0 0 0 0 0 0 0 0 0 0 49 128 255 255 254 161 249 237 57 0 14 11 0 0 0 0 0 0 0 0 0 0 0 0 0 1 0 0 205 255 250 243 255 247 255 253 157 5 0 0 0 0 0 0 0 0 0 0 0 0 0 0 0 0 56 104 236 255 254 242 239 228 250 248 251 124 30 17 0 0 0 0 0 0 0 0 0 0 0 0 0 1 130 255 255 238 255 137 48 67 195 186 244 255 30 0 15 0 0 0 0 1 11 0 13 0 0 9 0 11 215 245 255 244 133 19 0 2 0 30 255 248 113 0 2 0 0 0 0 0 7 0 3 0 1 5 8 175 244 255 240 198 16 0 0 5 3 7 158 235 209 42 0 0 0 0 0 0 8 0 0 0 10 0 36 246 250 253 255 134 0 0 6 4 0 4 127 252 250 47 0 0 0 0 0 2 4 3 0 1 3 0 80 250 255 252 225 51 12 0 0 2 0 9 143 255 242 62 3 0 0 0 0 0 0 1 2 0 0 0 138 255 248 255 81 0 0 4 0 4 0 0 132 253 255 143 1 0 0 0 0 0 0 1 9 1 0 30 203 254 243 243 18 4 0 2 4 2 0 0 141 254 254 197 3 0 0 0 0 1 1 2 9 0 6 73 243 255 255 199 29 9 11 0 0 0 0 6 154 255 240 194 4 0 0 0 0 0 5 0 0 0 8 93 251 248 253 141 0 0 0 8 7 1 0 1 125 255 253 196 0 0 0 0 0 0 3 0 1 4 0 86 242 255 239 148 0 2 4 0 5 0 0 8 137 255 252 81 6 0 0 0 0 2 3 0 0 0 8 90 255 244 252 147 9 0 7 7 0 1 4 0 135 247 248 59 0 0 0 0 0 0 0 0 6 0 9 55 252 247 255 114 0 9 0 8 2 0 21 13 210 249 80 0 4 0 0 0 0 0 0 1 8 0 3 16 208 254 248 255 15 14 0 0 0 10 58 235 255 255 24 0 6 0 0 0 0 7 1 0 0 0 4 7 174 253 255 245 220 107 102 104 79 195 248 250 250 96 6 2 0 0 0 0 0 2 0 1 0 0 6 0 101 250 243 255 255 255 226 234 255 255 233 255 144 11 8 0 4 0 0 0 0 0 0 6 4 1 4 0 22 105 231 239 243 255 247 255 252 242 238 190 60 0 0 13 0 0 0 0 0 0 1 2 0 0 4 3 0 0 0 115 248 238 255 174 114 113 29 3 0 23 6 0 7 0 0 0 0 0 0 0 0 0 0 0 0 0 0 0 0 0 0 0 0 0 0 0 0 0 0 0 0 0 0 0 0 0 0 0 0 0 0 0 0 0 0 0 0 0 0 0 0 0 0 0 0 0 0 0 0 0 0 0 0 0 0 0 0 0 0 0 0 0 0 0 0 0 0 0 0 0 0 0 0 0 0 0 0 0 0 0 0 0 0 0 0 0 0 0 0 0 0 0 0 0 0 0 0 0 0 0 0 0 0 0 0 0 0 0 0
0 0 0 0 0 0 0 0 0 4 1 0 0 6 3 0 0 3 0 0 0 2 0 4 0 0 0 0 0 0 0 0 0 0 0 0 0 0 2 0 0 0 3 11 6 5 0 2 7 0 0 0 0 0 0 0 0 0 0 0 0 0 0 0 4 0 1 10 14 5 0 0 4 0 0 2 5 0 0 4 0 0 0 0 0 0 0 0 0 0 0 0 0 0 0 0 0 0 3 13 1 0 0 0 0 0 4 6 0 0 0 0 0 0 0 0 0 0 0 0 7 8 3 0 5 12 5 0 0 4 12 5 0 0 7 0 0 0 0 0 0 0 0 0 0 0 0 0 0 0 0 6 22 28 13 0 0 0 6 7 0 3 9 0 0 0 0 0 0 0 0 0 0 0 0 0 11 0 19 137 248 246 142 42 26 0 0 4 0 1 9 0 0 0 0 0 0 0 0 0 0 0 0 0 42 59 129 225 255 255 242 253 84 14 0 6 0 0 5 2 0 0 0 0 9 1 0 1 11 0 10 106 255 255 248 253 255 251 248 255 132 63 59 72 52 10 0 0 0 0 0 0 0 0 1 0 3 6 116 227 242 253 255 255 249 249 249 243 244 255 242 255 252 105 0 8 0 0 0 0 3 13 1 8 0 26 239 255 255 243 248 254 249 255 255 255 255 253 255 231 255 255 98 2 0 0 0 0 0 0 0 7 0 127 255 236 236 166 142 157 151 147 155 151 151 152 146 237 234 255 248 108 0 0 0 0 7 0 17 0 11 255 221 152 89 19 0 9 1 0 4 0 0 13 4 115 147 214 255 251 0 0 0 0 0 0 0 0 9 249 214 10 8 0 0 2 0 2 10 0 8 4 9 0 13 236 230 253 0 0 0 0 0 3 0 29 133 246 223 0 0 2 9 5 0 0 0 0 0 0 0 7 0 205 255 254 0 0 0 0 5 0 0 0 255 248 82 1 2 0 0 0 5 0 0 11 9 0 0 9 0 217 255 247 0 0 0 0 1 2 10 0 255 248 120 8 0 0 12 0 0 0 0 5 0 13 0 8 0 208 255 254 0 0 0 0 0 0 0 9 250 254 248 132 3 0 0 0 14 14 0 3 2 0 0 6 140 248 231 89 0 0 0 0 0 10 4 0 75 80 255 238 170 145 0 0 0 0 24 0 0 10 4 0 209 255 253 12 0 0 0 0 0 2 0 0 4 14 248 243 252 234 206 187 204 217 198 185 185 196 190 215 218 247 249 0 0 0 0 0 0 0 5 1 1 36 235 255 255 248 244 245 254 251 243 255 255 250 246 238 255 67 74 2 0 0 0 0 14 0 0 0 8 10 32 19 88 255 254 248 249 249 255 117 167 255 104 24 30 18 0 6 0 0 0 0 0 0 14 5 0 0 0 17 4 15 27 22 24 24 12 22 13 6 0 17 2 8 1 0 0 0 0 0 7 0 4 3 0 10 0 0 3 0 5 0 0 9 0 0 1 6 21 0 5 0 0 7 0 0 0 0 0 0 0 0 0 0 0 0 0 0 0 0 0 0 0 0 0 0 0 0 0 0 0 0 0 0 0 0 0 0 0 0 0 0 0 0 0 0 0 0 0 0 0 0 0 0 0 0 0 0 0 0 0 0 0 0 0 0 0 0 0 0 0 0 0 0 0 0 0 0 0 0 0 0 0 0 0 0 0 0 0 0 0 0 0 0 0 0 0 0 0 0 0 0 0 0 0 0 0 0 0 0 0 0 0 0 0 0 0 0 0 0
0 0 0 0 0 0 0 0 0 5 0 1 12 0 2 0 3 0 0 0 1 2 1 0 0 0 0 0 0 0 0 0 0 0 0 0 3 0 0 10 0 0 8 8 0 1 9 2 0 2 3 0 0 0 0 0 0 0 0 0 0 0 0 0 0 1 0 0 8 2 0 0 0 2 0 0 0 3 5 1 0 0 0 0 0 0 0 0 0 0 0 0 15 0 4 0 23 233 154 30 13 1 0 0 0 0 0 3 0 0 0 0 0 0 0 0 0 0 0 0 0 0 7 58 231 244 255 190 0 0 5 8 2 0 3 11 0 0 0 0 0 0 0 0 0 0 0 0 0 11 0 210 251 241 160 47 6 11 4 0 0 6 3 0 0 0 0 0 0 0 0 0 0 0 0 0 7 41 142 255 244 200 9 63 0 0 0 0 1 0 0 1 0 0 0 0 0 0 0 0 0 0 0 0 0 161 252 251 230 223 230 234 231 225 235 221 130 15 0 11 0 0 0 0 0 0 0 6 2 0 14 0 136 255 251 255 134 126 227 247 252 250 255 246 240 138 3 0 0 0 0 15 2 3 0 2 0 0 0 44 240 248 255 132 21 0 34 45 51 70 144 168 255 246 134 41 3 14 2 1 0 0 2 3 0 11 8 154 242 255 245 27 0 8 12 0 0 0 15 24 162 255 236 124 0 8 1 0 0 0 2 5 3 2 89 245 253 255 137 22 12 4 0 6 4 9 0 0 53 208 255 211 13 0 2 0 0 1 0 1 3 0 172 255 239 172 7 1 4 0 0 14 0 7 1 8 7 115 255 246 127 2 6 4 2 4 0 0 0 36 232 250 255 105 9 0 0 5 12 0 4 0 6 0 0 24 245 255 237 10 0 3 0 3 0 4 0 160 255 252 218 21 0 15 3 0 1 7 1 0 7 0 16 19 255 255 255 5 0 0 0 3 0 7 0 255 250 254 61 7 0 0 0 1 0 2 5 3 0 0 1 18 247 245 247 4 4 1 2 2 1 0 4 255 240 255 14 7 0 0 3 3 0 0 8 0 7 3 0 24 246 254 255 0 3 0 0 8 6 0 20 224 254 244 26 5 4 3 0 0 9 0 0 28 0 1 12 14 255 253 218 0 7 0 0 0 0 0 0 255 255 255 103 3 0 15 11 0 1 0 3 0 6 0 0 103 255 255 137 0 5 0 10 6 4 11 5 240 246 251 253 114 13 0 0 0 0 7 0 0 13 4 120 255 246 233 52 0 0 0 0 5 0 0 0 62 235 255 255 250 158 38 2 18 13 0 7 12 4 168 255 247 235 110 0 0 0 0 8 4 0 4 1 0 151 233 255 255 241 245 223 135 100 161 146 200 255 239 251 236 65 5 0 5 2 0 0 0 7 11 0 0 0 57 230 255 255 254 255 255 243 250 255 246 255 255 178 44 2 0 0 7 2 0 0 2 12 0 9 0 0 2 8 0 0 0 0 0 4 1 0 5 1 0 3 0 4 0 4 2 0 0 0 0 0 0 0 0 0 0 0 0 0 0 0 0 0 0 0 0 0 0 0 0 0 0 0 0 0 0 0 0 0 0 0 0 0 0 0 0 0 0 0 0 0 0 0 0 0 0 0 0 0 0 0 0 0 0 0 0 0 0 0 0 0 0 0 0 0 0 0 0 0 0 0 0 0 0 0 0 0 0 0 0 0 0 0 0 0 0 0 0 0 0 0 0 0 0 0 0 0 0 0 0 0 0 0 0 0 0 0 0 0 0
0 0 0 0 0 0 0 0 2 0 4 5 0 0 3 0 1 0 0 7 0 3 0 3 0 0 0 0 0 0 0 0 0 0 0 0 13 0 0 0 2 6 11 10 5 18 17 0 0 4 1 0 0 0 0 0 0 0 0 0 0 0 0 0 0 2 3 3 5 0 0 0 0 0 0 0 20 0 0 5 0 0 0 0 0 0 0 0 0 0 0 0 0 14 6 0 1 10 5 6 14 0 6 14 0 0 17 0 0 0 0 0 0 0 0 0 0 0 0 0 0 7 0 0 8 2 0 0 155 255 138 6 0 19 0 4 0 0 0 0 0 0 0 0 0 0 0 0 0 0 3 12 0 0 17 83 117 255 255 186 20 0 0 7 0 0 0 0 0 0 0 0 0 0 0 0 6 0 2 0 0 28 147 255 255 192 164 247 152 47 4 0 0 0 0 0 0 0 0 0 0 0 0 0 0 0 3 0 10 95 205 255 223 40 38 255 252 87 11 0 0 0 0 0 0 0 2 1 0 0 0 0 1 0 0 0 79 220 252 175 22 11 0 223 249 107 0 8 0 0 0 0 0 0 0 0 0 0 1 2 0 3 5 63 245 249 163 26 8 0 0 173 251 97 0 0 0 0 0 0 1 0 0 0 0 2 3 3 7 0 22 162 236 203 19 0 0 0 0 138 255 89 6 1 0 0 0 0 1 0 0 0 0 1 0 0 0 12 115 255 193 39 6 0 0 10 5 148 255 91 0 4 0 0 0 0 0 0 0 0 1 0 0 0 4 72 242 241 78 0 0 9 0 3 0 181 255 104 0 0 0 0 0 0 0 0 2 1 0 0 0 0 42 230 244 146 0 0 9 0 0 0 2 217 254 103 0 0 0 0 0 0 0 1 3 1 0 0 3 10 153 254 237 32 7 8 4 0 0 0 66 245 243 56 5 1 0 0 0 0 0 2 4 0 0 0 9 21 254 239 102 0 0 6 0 6 0 3 133 255 223 0 4 1 0 0 0 0 9 0 4 4 0 4 4 113 255 213 7 0 2 8 0 7 0 16 234 239 116 3 0 8 0 0 0 0 3 2 0 0 5 0 10 223 251 132 0 5 0 15 0 7 9 92 253 255 45 20 0 12 0 0 0 0 1 0 1 0 0 6 61 252 255 146 0 0 5 0 0 0 24 161 255 155 0 0 0 0 0 0 0 0 0 0 2 4 0 17 83 249 255 46 7 1 0 7 0 25 142 255 239 45 18 0 16 4 0 0 0 0 0 9 0 0 11 0 40 247 244 94 4 0 19 0 12 172 249 255 113 0 0 3 0 0 0 0 0 0 2 5 0 1 0 0 11 123 255 210 40 14 0 0 174 255 255 153 14 2 0 5 0 10 0 0 0 0 5 0 0 9 0 8 4 0 156 249 250 231 248 255 249 234 132 30 0 0 4 0 6 7 0 0 0 0 0 6 0 5 3 0 0 13 9 98 178 239 255 253 159 56 0 0 10 0 0 8 0 0 0 0 0 0 0 0 0 0 0 0 0 0 0 0 0 0 0 0 0 0 0 0 0 0 0 0 0 0 0 0 0 0 0 0 0 0 0 0 0 0 0 0 0 0 0 0 0 0 0 0 0 0 0 0 0 0 0 0 0 0 0 0 0 0 0 0 0 0 0 0 0 0 0 0 0 0 0 0 0 0 0 0 0 0 0 0 0 0 0 0 0 0 0 0 0 0 0 0 0 0 0 0 0 0 0 0 0 0 0 0 0 0 0 0 0 0
0 0 0 0 0 0 0 0 6 0 4 0 0 10 0 0 0 0 0 7 2 0 0 4 0 0 0 0 0 0 0 0 0 0 0 0 15 0 2 17 0 0 5 4 5 3 2 0 0 9 7 0 0 0 0 0 0 0 0 0 0 0 0 0 0 8 2 0 0 0 6 0 13 0 0 12 0 0 10 0 0 0 0 0 0 0 0 0 0 0 0 0 0 10 0 5 15 0 2 0 0 19 4 0 6 7 0 0 0 0 0 0 0 0 0 0 0 0 0 0 2 0 0 0 27 155 235 149 98 11 0 11 15 0 0 1 0 0 0 0 0 0 0 0 0 0 0 0 0 6 12 119 247 248 225 255 238 65 0 0 0 0 5 4 0 0 0 0 0 0 0 0 0 0 0 0 0 0 119 236 245 255 255 247 240 235 111 0 0 9 0 3 0 0 0 0 0 0 0 0 0 0 0 0 0 124 250 255 249 254 242 255 255 250 248 170 38 0 8 0 0 0 0 0 6 0 0 0 1 0 0 0 47 250 255 250 251 250 255 255 255 249 246 255 135 5 16 0 0 0 0 0 2 0 1 0 2 2 0 7 162 255 234 255 253 158 73 108 184 255 255 238 255 53 4 0 0 0 0 0 0 8 3 0 5 3 0 43 254 244 255 227 63 0 2 11 33 177 231 255 255 245 34 1 0 0 0 0 0 9 0 0 9 0 0 109 255 254 255 136 7 0 2 0 12 0 177 232 234 255 214 0 0 0 0 0 0 5 0 1 9 0 4 178 244 242 255 97 0 0 10 6 0 6 12 195 255 250 211 9 0 0 0 0 0 2 0 5 6 0 8 213 255 255 229 36 3 8 0 0 0 0 0 129 250 248 209 0 0 0 0 0 0 3 0 6 0 0 5 205 248 246 255 124 0 0 23 0 1 3 11 0 185 255 201 12 0 0 0 0 0 6 1 5 0 3 1 184 252 255 240 132 16 2 0 10 0 0 5 0 139 248 205 0 0 0 0 0 5 0 3 2 0 2 6 185 255 253 249 131 0 4 0 11 9 0 7 0 186 239 215 0 0 0 0 0 1 0 3 0 0 1 0 116 243 242 255 190 18 0 14 0 0 0 0 37 238 255 218 0 0 0 0 0 0 5 2 0 0 3 0 36 244 255 251 249 172 25 0 11 8 0 14 183 237 251 199 4 0 0 0 0 0 6 0 0 0 5 3 0 118 255 253 233 255 175 68 5 19 84 194 255 255 251 217 0 0 0 0 0 0 2 0 0 5 1 9 0 8 153 255 242 244 255 255 230 235 255 251 255 249 252 130 18 0 0 0 0 1 0 0 0 6 0 4 0 0 13 172 255 255 230 244 255 255 230 252 242 241 108 17 0 0 0 0 0 0 0 5 0 6 0 0 3 16 0 19 123 208 255 255 252 255 255 245 207 69 3 0 0 0 0 0 0 0 0 12 0 8 1 0 3 0 8 0 5 45 174 247 255 210 156 32 6 0 1 5 0 0 0 0 0 0 0 0 0 0 0 0 0 0 0 0 0 0 0 0 0 0 0 0 0 0 0 0 0 0 0 0 0 0 0 0 0 0 0 0 0 0 0 0 0 0 0 0 0 0 0 0 0 0 0 0 0 0 0 0 0 0 0 0 0 0 0 0 0 0 0 0 0 0 0 0 0 0 0 0 0 0 0 0 0 0 0 0 0 0 0 0 0 0 0 0 0 0 0 0 0 0 0 0 0 0 0 0 0 0 0 0 0 0 0 0 0
0 0 0 0 0 0 0 0 4 0 0 2 2 0 6 0 3 0 14 0 2 10 0 2 0 0 0 0 0 0 0 0 0 0 0 0 0 0 0 10 0 0 1 15 3 0 0 20 0 0 12 7 0 0 0 0 0 0 0 0 0 0 0 0 0 21 7 0 9 8 0 0 0 5 0 0 0 0 4 0 0 0 0 0 0 0 0 0 0 0 0 0 10 0 11 0 0 0 5 7 16 0 12 1 7 7 13 0 0 0 0 0 0 0 0 0 0 0 0 0 0 4 0 0 0 27 12 201 243 255 255 215 26 0 0 13 0 0 0 0 0 0 0 0 0 0 0 0 2 9 0 7 8 0 255 249 255 237 252 255 255 53 0 0 0 0 0 0 0 0 0 0 0 0 0 0 1 0 0 10 13 197 250 255 235 246 229 247 239 214 21 6 0 0 0 0 0 0 0 0 0 0 0 0 0 4 4 19 185 255 243 251 176 0 189 255 250 193 4 0 0 0 0 0 4 0 8 0 0 4 4 0 0 4 16 179 255 246 187 64 0 0 80 241 252 62 4 0 0 0 0 0 0 1 0 0 9 0 0 13 0 59 224 255 240 223 8 0 0 9 11 187 249 50 1 0 0 0 0 0 2 3 0 0 8 0 0 0 77 196 232 255 131 39 0 3 0 0 0 198 255 74 0 6 0 0 0 0 6 0 5 1 0 8 0 2 176 252 253 255 73 0 5 5 14 15 6 79 255 231 17 3 0 0 0 0 0 0 6 5 0 21 0 98 237 255 255 162 25 10 7 0 3 0 24 125 255 255 20 0 0 0 0 0 0 11 1 0 3 0 0 211 255 246 98 10 0 0 4 5 9 11 0 82 251 255 33 0 0 0 0 0 0 8 0 0 4 0 68 253 252 176 15 0 19 25 0 5 0 0 8 199 255 177 14 2 0 0 0 0 3 0 0 2 1 2 169 247 250 188 0 2 0 0 4 5 0 11 39 219 252 160 0 3 0 0 0 0 0 0 0 8 1 38 255 250 228 66 0 6 9 0 0 1 0 28 181 249 255 42 0 0 0 0 0 0 5 12 13 0 13 137 246 255 218 59 0 0 3 3 0 13 3 23 242 253 201 10 11 0 0 0 0 0 0 0 2 0 3 163 233 255 179 5 13 10 0 3 0 0 51 229 255 240 59 15 0 3 0 0 0 0 2 0 0 20 0 141 255 248 114 0 0 0 5 0 11 48 187 248 251 69 0 1 3 0 0 0 0 0 5 12 0 6 0 98 255 248 244 89 20 3 0 48 195 241 255 245 58 0 6 7 0 12 0 0 0 0 0 0 0 0 0 17 132 252 244 237 200 218 230 230 255 255 225 65 16 5 0 6 0 0 0 0 0 0 4 0 10 6 12 0 25 167 254 255 255 255 235 255 245 179 38 0 0 0 10 0 17 0 0 0 0 0 0 0 0 0 0 3 0 2 105 208 250 255 246 255 122 8 0 0 12 3 6 2 0 0 0 0 0 0 0 0 0 0 0 0 0 0 0 0 0 0 0 0 0 0 0 0 0 0 0 0 0 0 0 0 0 0 0 0 0 0 0 0 0 0 0 0 0 0 0 0 0 0 0 0 0 0 0 0 0 0 0 0 0 0 0 0 0 0 0 0 0 0 0 0 0 0 0 0 0 0 0 0 0 0 0 0 0 0 0 0 0 0 0 0 0 0 0 0 0 0 0 0 0 0 0 0 0 0 0 0 0 0 0 0 0 0 0 0 0 0
0 0 0 0 0 0 0 0 0 5 2 8 0 5 4 4 4 1 1 0 5 7 0 0 0 0 0 0 0 0 0 0 0 0 0 0 8 0 0 0 11 0 0 0 0 0 4 0 0 0 1 4 0 0 0 0 0 0 0 0 0 0 0 0 1 0 0 0 12 2 0 9 6 0 15 9 2 4 10 0 0 0 0 0 0 0 0 0 0 0 0 0 0 9 1 3 0 4 0 0 0 0 0 17 0 0 0 14 0 0 0 0 0 0 0 0 0 0 0 0 0 2 7 0 1 0 1 8 3 14 0 180 252 227 48 0 0 0 0 0 0 0 0 0 0 0 0 0 7 0 18 0 5 3 103 152 76 2 5 218 255 255 131 6 0 0 0 0 0 0 0 0 0 0 0 0 1 0 12 0 1 85 221 255 244 41 8 130 234 255 236 25 0 0 0 0 0 0 0 0 0 0 0 0 0 12 0 4 0 184 255 244 253 67 0 8 245 250 237 27 0 0 0 0 1 1 1 0 0 0 0 0 9 12 0 15 111 238 255 83 14 19 0 0 194 255 75 0 0 0 0 0 1 1 1 0 0 0 0 0 0 0 31 114 245 255 175 0 2 0 4 8 255 246 86 0 0 0 0 0 1 1 0 0 0 0 0 0 5 0 38 255 235 196 12 3 5 10 0 76 246 244 63 13 0 0 0 0 0 0 0 0 0 0 0 0 0 46 212 255 232 64 1 0 0 19 0 158 254 215 27 0 0 0 0 0 0 0 0 0 0 0 0 0 0 124 240 240 91 4 0 0 0 2 0 221 255 193 0 0 0 0 0 0 0 0 0 0 0 0 1 1 11 174 255 215 57 0 3 0 14 0 7 248 246 156 0 9 0 0 0 0 0 0 0 0 0 1 1 1 97 235 244 55 0 0 12 0 0 1 149 247 229 63 1 0 0 0 0 0 0 0 0 0 0 1 1 1 218 255 209 0 8 10 0 5 0 83 248 255 112 0 0 11 0 0 0 0 0 2 6 0 0 7 0 106 252 250 80 3 7 0 0 6 15 134 255 247 76 8 5 0 0 0 0 0 3 0 0 1 2 0 22 198 255 217 7 0 0 15 17 0 111 252 255 114 7 1 0 0 0 0 0 0 6 0 0 1 3 0 41 255 246 128 0 7 19 0 0 75 249 255 153 10 0 0 0 6 0 0 0 0 0 1 0 0 0 0 43 254 255 143 3 0 0 40 218 246 255 126 29 0 11 0 1 2 0 0 0 0 0 0 2 0 0 0 49 254 247 119 11 73 157 255 244 255 120 19 0 0 0 0 11 0 0 0 0 0 3 0 3 6 0 0 51 243 253 228 197 253 253 249 237 133 14 3 1 0 0 0 2 0 0 0 0 0 5 0 4 6 0 6 22 143 255 241 255 243 250 133 37 5 0 10 0 0 6 5 0 3 0 0 0 0 2 0 7 0 0 16 0 14 114 241 255 179 61 10 0 0 0 5 0 5 0 3 0 0 0 0 0 0 0 0 0 0 0 0 0 0 0 0 0 0 0 0 0 0 0 0 0 0 0 0 0 0 0 0 0 0 0 0 0 0 0 0 0 0 0 0 0 0 0 0 0 0 0 0 0 0 0 0 0 0 0 0 0 0 0 0 0 0 0 0 0 0 0 0 0 0 0 0 0 0 0 0 0 0 0 0 0 0 0 0 0 0 0 0 0 0 0 0 0 0 0 0 0 0 0 0 0 0 0 0 0 0 0 0 0 0 0 0 0 0
0 0 0 0 1 3 2 0 0 1 1 0 0 3 4 0 4 0 0 14 0 3 0 0 0 0 0 0 1 1 0 0 0 0 0 0 3 0 0 0 0 0 0 4 1 0 24 0 8 4 0 2 0 0 0 0 0 0 1 4 6 6 6 6 10 0 0 6 5 0 0 3 3 7 0 0 3 11 0 6 0 0 0 0 6 1 0 0 0 0 0 0 0 0 0 0 4 2 0 0 0 0 0 15 0 0 0 8 0 0 0 0 7 0 0 0 0 0 0 5 0 8 13 0 0 0 9 12 13 0 29 0 0 9 14 0 0 0 0 0 0 0 3 7 1 0 0 12 77 59 48 84 174 253 255 230 218 57 63 51 65 64 0 21 0 0 0 0 0 2 8 3 0 0 34 77 250 255 255 244 242 255 255 255 255 242 255 255 255 244 33 0 0 0 0 0 0 1 0 0 0 59 169 255 250 251 253 255 255 255 250 246 248 255 247 249 255 105 0 13 0 0 0 0 0 0 9 7 0 78 255 250 252 255 247 252 253 249 253 254 255 255 251 255 251 74 0 15 0 0 0 0 2 9 0 2 8 64 231 252 245 255 255 252 247 255 255 245 111 120 107 229 255 169 17 0 0 0 0 0 0 4 0 1 0 73 255 255 255 223 247 255 249 251 161 48 7 8 8 96 249 246 160 27 0 0 0 0 0 0 6 2 0 47 210 244 255 255 249 244 212 140 16 0 4 0 0 49 236 255 255 114 0 0 0 0 0 5 2 0 17 0 71 218 249 247 244 255 96 8 0 0 10 0 0 169 246 255 242 141 0 0 0 0 1 0 2 0 7 8 113 244 255 250 252 241 88 6 0 7 0 0 0 241 251 255 232 132 0 0 0 0 0 0 0 0 0 63 248 255 255 235 255 119 1 0 10 0 0 0 8 229 247 255 255 132 0 0 0 0 0 15 0 4 6 68 255 239 248 255 242 0 0 19 0 4 16 0 1 248 253 246 253 131 0 0 0 0 0 8 0 10 0 56 255 241 250 255 65 0 9 0 2 5 4 18 162 252 244 244 207 18 0 0 0 0 0 0 0 12 8 45 189 255 255 242 48 0 3 0 0 0 24 149 255 255 254 255 129 0 0 0 0 0 5 0 3 0 0 0 42 220 250 255 46 4 6 4 15 0 36 254 255 242 255 245 0 14 0 0 0 0 5 0 3 0 5 0 0 197 255 250 87 33 0 0 4 30 221 255 242 254 255 207 15 0 0 0 0 0 0 1 0 1 5 6 1 124 254 255 251 204 128 114 96 208 250 236 255 248 244 68 17 0 0 0 0 0 0 7 1 0 0 0 0 13 243 255 248 243 240 249 255 255 255 249 248 251 255 71 0 10 0 0 0 0 0 1 3 1 6 1 6 0 61 192 240 255 255 243 255 220 255 245 251 245 110 28 0 3 0 0 0 0 4 0 2 0 8 0 7 0 4 0 105 127 201 255 242 255 245 255 255 104 3 0 1 0 0 0 0 0 0 0 0 0 0 0 0 0 0 2 1 1 45 84 240 133 97 242 129 0 1 0 9 0 0 0 0 0 0 0 0 0 0 0 0 0 4 1 0 1 4 0 38 0 0 21 0 4 0 0 15 0 0 0 0 0 0 0 0 0 0 0 0 0 0 0 0 5 0 0 0 1 5 0 0 13 0 0 16 0 0 0 0 0 0 0 0 0 0 0 0 0 0 9 2 0 0 20 0 20 7 15 12 0 0 5 2 1 0 0 0 0
0 0 0 0 0 0 0 0 0 2 0 0 0 3 2 0 1 1 0 0 2 1 0 0 1 0 0 0 0 0 0 0 0 0 0 0 0 0 0 3 8 3 0 0 0 7 10 4 3 3 1 4 0 0 0 0 0 0 0 0 0 0 0 0 0 11 13 0 0 0 2 6 0 0 0 0 0 0 1 0 0 0 0 0 0 0 0 0 0 0 0 0 0 0 0 0 2 9 0 0 10 5 6 6 0 0 2 2 0 0 0 1 0 0 0 0 0 0 0 0 0 0 1 11 6 0 0 11 0 0 0 16 3 0 0 4 0 0 0 1 0 0 0 0 0 0 0 0 1 11 3 0 5 65 123 149 108 55 31 36 29 21 12 0 3 2 1 0 0 0 0 0 0 0 0 0 5 0 0 19 119 226 255 255 249 225 239 255 255 215 130 33 7 5 1 0 0 0 0 0 0 0 0 0 0 0 58 181 255 255 242 252 253 236 236 231 225 250 253 209 9 6 2 0 12 0 16 3 0 0 0 1 7 8 227 241 255 247 250 242 103 49 0 0 21 154 248 248 121 0 6 0 0 3 3 0 0 0 13 0 25 183 235 255 255 242 255 69 2 6 3 0 0 23 184 255 185 4 3 0 0 10 0 0 0 0 0 7 135 255 255 248 237 187 73 0 0 0 16 0 1 0 81 248 244 10 0 1 11 0 2 0 0 0 0 102 246 255 255 228 230 19 0 9 10 0 4 0 6 20 16 255 255 0 0 4 6 0 1 2 0 3 69 218 253 255 237 240 75 0 0 7 1 0 0 0 0 20 3 254 253 0 0 3 0 11 0 0 0 2 172 255 255 225 255 76 0 5 5 0 0 17 0 1 0 0 60 244 255 1 7 0 0 16 0 0 0 19 231 250 255 255 156 0 0 6 0 1 0 3 0 0 14 0 133 255 253 0 6 0 7 0 6 0 13 54 250 247 245 253 47 0 4 0 0 0 4 0 2 2 0 0 129 250 242 0 0 0 9 0 6 0 0 180 254 250 255 210 0 3 0 1 0 1 2 5 0 0 4 30 216 255 105 13 0 13 1 0 6 0 0 255 237 255 238 58 9 0 0 0 16 6 0 3 0 0 7 133 240 181 26 0 0 9 0 7 3 0 3 252 255 255 229 6 0 4 7 5 0 0 1 0 0 9 85 240 220 37 0 0 5 6 3 5 0 1 8 227 255 248 175 6 0 12 0 0 0 10 0 12 0 45 250 233 89 0 0 8 5 0 14 0 0 17 0 255 251 247 201 0 0 0 0 0 10 0 0 35 132 245 255 56 0 23 2 4 0 0 3 0 4 2 0 195 255 255 194 23 4 0 0 32 0 5 104 208 255 211 49 0 27 0 0 0 0 0 0 13 6 0 6 46 209 242 255 190 112 64 37 119 127 234 255 214 101 17 3 0 0 10 0 2 6 5 1 0 0 1 7 0 70 187 250 244 254 254 250 251 255 169 132 4 3 0 10 0 0 4 3 0 0 0 0 0 0 0 0 0 0 0 70 100 138 155 136 89 36 2 0 0 0 0 0 0 0 0 0 0 0 0 0 0 0 0 0 0 0 0 1 3 4 0 0 0 0 0 0 0 0 0 0 0 0 0 0 0 0 0 0 0 0 0 0 0 0 0 0 0 1 2 1 3 7 11 0 0 0 0 0 0 0 0 0 0 0 0 0 0 0 0 0 0 0 0 1 2 1 0 0 0 0 0 0 0 0 0 0 0 0 0 0 0 0 0
0 0 0 0 0 0 0 0 0 11 8 0 0 0 0 6 0 12 0 0 0 0 3 4 0 0 0 0 0 0 0 0 0 0 0 0 6 0 2 3 0 11 21 0 0 0 4 0 0 9 0 0 0 0 0 0 0 0 0 0 0 0 0 0 6 0 0 3 6 0 0 7 9 0 18 0 0 9 0 5 0 0 0 0 0 0 0 0 0 0 0 0 0 11 0 0 11 0 0 13 3 0 3 0 2 1 6 0 0 0 0 0 0 0 0 0 0 0 0 0 1 0 3 0 0 15 18 0 3 0 0 14 21 0 1 0 0 0 0 0 0 0 0 0 0 0 0 0 4 0 0 8 0 0 1 21 3 67 125 189 171 20 11 4 0 0 0 0 0 0 0 0 0 0 0 0 0 4 0 4 8 0 49 164 231 242 250 255 230 31 0 6 0 0 0 0 0 0 0 0 0 0 0 0 0 0 7 0 0 68 194 255 227 175 170 223 255 94 0 0 0 0 0 0 0 0 0 0 0 0 0 0 0 5 1 0 93 210 255 182 14 0 2 23 220 61 7 0 0 0 0 0 0 0 0 0 0 0 0 0 0 0 5 13 245 248 153 0 3 0 12 0 150 99 0 11 0 0 0 0 0 0 0 0 0 0 0 0 2 12 0 120 255 152 28 0 6 1 4 1 206 140 0 0 0 0 0 0 0 0 0 0 0 0 0 0 5 0 1 203 210 26 0 7 0 12 0 50 233 32 0 13 0 0 0 0 0 0 0 0 0 0 0 0 0 14 79 249 53 12 0 0 0 7 9 206 225 0 2 0 0 0 0 0 0 0 0 0 0 0 0 0 0 3 220 161 0 0 12 2 10 0 37 227 56 1 0 0 0 0 0 0 0 0 0 0 0 0 0 0 2 48 228 87 0 22 0 0 0 28 185 198 0 8 0 5 0 0 0 0 0 0 0 0 0 0 0 0 6 132 226 0 0 0 0 8 4 69 255 74 0 0 0 2 0 0 0 0 0 0 0 0 0 0 0 0 0 215 108 0 11 9 1 0 22 231 226 0 3 0 8 0 0 0 0 0 0 0 0 0 0 0 0 0 0 238 65 26 0 0 14 0 116 255 51 0 3 0 0 7 0 0 0 0 0 0 0 0 0 0 0 0 50 240 17 0 0 8 5 93 255 167 0 0 0 8 0 0 0 0 0 0 0 0 0 0 0 0 0 0 36 205 20 0 4 5 66 244 245 19 24 6 0 6 8 0 0 0 0 0 0 0 0 0 0 0 0 0 66 201 0 0 0 72 220 255 75 0 0 7 4 0 0 2 0 0 0 0 0 0 0 0 0 0 0 0 120 242 38 29 114 252 229 102 0 14 0 0 6 0 0 5 0 0 0 0 0 0 0 0 0 0 0 0 50 250 203 171 240 240 76 0 2 0 15 0 0 0 7 0 0 0 0 0 0 0 0 0 0 0 0 0 0 223 255 245 228 46 0 0 1 0 0 11 0 2 5 0 0 0 0 0 0 0 0 0 0 0 0 0 0 115 242 202 47 0 8 3 0 0 0 0 0 0 0 0 0 0 0 0 0 0 0 0 0 0 0 0 0 0 3 0 0 1 15 0 0 0 0 0 0 0 0 0 0 0 0 0 0 0 0 0 0 0 0 0 9 0 3 9 0 0 8 6 0 0 0 0 0 0 0 0 0 0 0 0 0 0 0 0 0 0 0 0 0 0 0 3 0 0 0 0 0 0 0 0 0 0 0 0 0 0 0 0
0 0 0 0 0 0 0 0 3 4 0 3 9 0 0 2 1 0 8 0 0 2 0 8 0 0 0 0 0 0 0 0 0 0 0 0 0 1 0 4 1 0 0 0 0 16 0 0 17 6 0 2 0 0 0 0 0 0 0 0 0 0 0 0 0 0 4 1 0 0 4 0 0 14 0 6 0 0 6 0 0 0 0 0 0 0 0 0 0 0 0 0 4 0 3 0 0 8 8 0 6 0 0 0 9 0 4 8 0 0 0 0 0 0 0 0 0 0 0 0 9 0 3 0 0 7 0 0 85 233 229 10 0 10 0 0 0 0 0 0 0 0 0 0 0 0 0 0 6 0 6 3 3 0 0 42 226 255 239 36 0 10 0 8 0 0 0 0 0 0 0 0 0 0 0 0 3 0 8 0 1 0 28 153 247 250 255 136 0 0 8 1 0 0 0 0 0 0 0 0 0 0 0 0 2 0 8 0 0 3 76 255 154 204 255 223 44 2 0 0 0 0 0 0 0 0 0 0 0 0 0 0 0 0 13 0 16 29 179 229 0 27 207 241 147 0 0 4 0 0 0 0 0 0 0 0 0 0 0 0 13 0 0 22 5 206 232 39 10 11 227 253 140 19 0 0 0 0 0 0 0 0 0 0 0 0 0 0 8 2 0 0 162 255 112 0 0 1 139 252 246 23 6 7 0 0 0 0 0 0 0 0 0 0 0 0 0 0 5 127 254 168 0 7 2 8 0 255 255 89 0 1 0 0 0 0 0 0 0 0 0 0 0 0 0 8 72 255 190 18 7 0 18 0 39 244 219 44 0 0 0 0 0 0 0 0 0 0 0 0 0 0 0 37 201 250 82 0 17 2 0 1 41 255 197 7 0 9 0 0 0 0 0 0 0 0 0 0 0 0 9 114 255 198 0 21 0 0 1 0 14 241 236 0 12 0 0 0 0 0 0 0 0 0 0 0 0 0 73 255 228 4 16 0 1 5 5 8 77 255 119 0 9 3 0 0 0 0 1 9 0 0 2 0 0 45 183 237 133 3 0 14 0 2 5 14 205 251 110 9 0 13 0 0 0 0 0 6 4 7 1 0 6 111 255 223 37 0 19 0 0 6 0 6 214 248 64 6 20 0 0 0 0 0 0 2 4 0 0 0 34 209 249 66 0 0 7 15 0 0 9 185 254 121 7 0 0 0 0 0 0 0 8 0 0 0 0 3 40 249 224 0 0 15 0 0 19 22 79 255 222 41 0 15 16 10 0 0 0 0 1 0 2 0 3 0 26 228 245 4 24 0 0 6 0 100 252 248 111 2 4 0 0 0 0 0 0 0 0 2 5 1 0 0 30 204 238 102 1 4 27 83 207 245 204 68 0 5 0 0 22 4 0 0 0 0 0 8 0 0 0 0 23 136 255 255 244 239 225 247 232 159 12 0 0 0 21 10 0 1 0 0 0 0 0 8 0 4 6 0 0 31 134 243 250 255 254 185 58 3 1 4 17 0 0 4 0 2 0 0 0 0 0 0 0 0 0 0 0 0 0 0 0 0 0 0 0 0 0 0 0 0 0 0 0 0 0 0 0 0 0 0 0 0 0 0 0 0 0 0 0 0 0 0 0 0 0 0 0 0 0 0 0 0 0 0 0 0 0 0 0 0 0 0 0 0 0 0 0 0 0 0 0 0 0 0 0 0 0 0 0 0 0 0 0 0 0 0 0 0 0 0 0 0 0 0 0 0 0 0 0 0 0 0 0 0 0 0 0 0 0 0 0 0
0 0 0 0 0 0 0 0 2 0 4 0 6 0 5 0 0 6 5 0 0 1 0 0 0 0 0 0 0 0 0 0 0 0 0 0 0 7 1 18 0 1 0 0 1 1 0 0 5 2 0 2 0 0 0 0 0 0 0 0 0 0 0 0 3 0 0 0 20 8 12 0 6 0 0 0 3 0 0 7 0 0 0 0 0 0 0 0 0 0 0 0 4 11 2 3 0 0 0 6 7 0 0 3 0 0 0 3 0 0 0 0 0 0 0 0 0 0 0 0 0 0 3 15 0 6 7 0 0 0 5 9 0 0 1 0 0 0 0 0 0 0 0 0 0 0 0 0 14 31 201 255 250 242 227 58 14 0 0 3 0 3 7 0 0 0 0 0 0 0 0 0 0 0 0 0 18 217 255 227 232 255 238 255 118 31 0 0 0 2 8 0 0 0 0 0 0 0 0 0 0 0 0 0 145 252 255 98 29 123 244 255 254 106 9 4 2 0 0 0 0 0 0 0 0 0 0 0 0 0 0 0 224 249 255 59 11 0 32 208 253 235 40 0 0 0 13 0 0 0 0 0 0 0 0 0 0 0 0 0 227 255 168 0 18 36 0 89 216 255 206 0 12 13 0 0 0 0 0 0 0 0 0 0 0 0 0 0 215 255 126 151 245 230 6 0 46 227 250 80 0 0 0 6 0 0 0 0 0 0 0 0 0 0 0 0 103 226 252 239 252 159 16 2 3 141 251 236 67 0 7 1 0 0 0 0 0 0 0 0 0 0 0 0 0 35 246 253 255 30 0 0 0 0 196 251 187 0 10 0 0 0 0 0 0 0 0 0 0 0 0 0 2 85 255 244 125 0 2 0 20 3 141 250 255 0 0 0 0 0 0 0 0 0 0 0 0 0 0 0 1 162 239 245 41 2 0 14 0 25 36 234 255 60 9 13 0 0 0 0 0 0 0 0 0 0 0 0 0 255 255 189 0 0 5 0 0 5 1 203 251 150 0 0 0 0 0 0 0 0 0 0 0 0 0 0 0 255 241 170 7 0 16 0 0 0 2 188 255 215 1 2 0 0 0 0 0 0 0 0 0 0 0 0 0 198 253 162 0 10 0 8 18 1 0 187 255 228 0 7 0 0 0 0 0 0 0 0 0 0 0 0 9 138 255 165 9 0 0 3 0 0 2 106 255 216 0 0 0 0 0 0 0 0 0 0 0 0 0 0 5 100 239 229 64 15 0 10 5 11 14 174 246 205 0 0 0 0 0 0 0 0 0 0 0 0 0 0 0 26 255 244 177 0 2 0 0 0 57 255 253 102 2 5 0 0 0 0 0 0 0 0 0 0 0 0 20 0 153 255 234 183 27 0 0 54 166 247 255 6 0 8 0 0 0 0 0 0 0 0 0 0 0 0 0 0 106 250 252 255 170 183 129 247 255 243 143 14 0 7 0 0 0 0 0 0 0 0 0 0 0 0 6 1 13 144 242 255 255 240 246 255 250 196 3 0 19 0 0 0 0 0 0 0 0 0 0 0 0 0 2 0 0 0 23 88 174 236 230 165 99 25 0 1 0 6 0 0 0 0 0 0 0 0 0 0 0 0 0 0 4 4 0 0 5 13 12 0 7 0 0 7 0 0 0 0 0 0 0 0 0 0 0 0 0 0 7 7 6 3 0 0 0 0 0 0 2 0 0 5 3 13 0 0 0 0 0 0 0 0 0 0 0 0 0 0 0 0 0 1 0 0 2 1 4 0 0 0 0 0 0 0 0 0
0 0 0 0 0 0 0 0 0 1 0 12 0 0 7 0 0 0 0 0 5 4 0 0 0 0 0 0 0 0 0 0 0 0 0 0 15 3 8 0 0 27 0 4 7 3 0 6 2 0 0 6 0 0 0 0 0 0 0 0 0 0 0 0 0 0 15 6 10 0 9 0 0 0 0 11 3 0 8 0 0 0 0 0 0 0 0 0 0 0 0 0 24 0 3 0 0 1 4 5 0 9 0 4 0 0 13 0 0 0 0 0 0 0 0 0 0 0 0 0 0 8 0 11 0 0 0 0 7 2 0 1 7 2 15 2 0 0 0 0 0 0 0 0 0 0 0 0 0 14 0 1 21 210 114 255 239 255 255 232 128 7 0 9 0 0 0 0 0 0 0 0 0 0 0 0 11 0 0 23 205 243 243 251 255 247 255 255 246 154 20 0 0 0 0 0 0 0 0 0 0 0 0 0 0 10 26 216 242 255 255 248 251 249 255 241 255 225 59 5 0 0 0 0 0 5 0 5 0 0 12 0 15 116 200 244 255 243 255 251 255 248 255 240 255 252 201 7 0 0 0 0 2 4 0 0 1 0 0 0 171 253 254 255 233 253 255 247 125 118 183 255 247 248 255 83 0 0 0 0 0 2 0 0 0 6 0 52 204 253 246 254 251 255 174 0 16 0 32 244 250 250 255 90 0 0 0 0 0 0 10 2 0 6 13 169 251 252 255 225 77 21 8 18 0 7 19 218 255 245 251 196 0 0 0 0 1 0 6 5 0 1 56 247 255 255 250 147 0 19 0 0 4 3 0 137 254 251 255 236 0 0 0 0 9 0 0 2 0 0 101 251 249 242 251 83 13 1 3 10 0 0 20 144 241 240 255 198 0 0 0 0 5 0 0 1 0 3 162 244 238 255 250 20 0 0 17 0 9 0 0 142 255 255 251 82 0 0 0 0 0 5 4 3 0 11 217 255 255 243 82 0 1 11 0 0 0 20 0 146 253 249 252 83 0 0 0 0 0 0 8 0 5 99 252 254 255 241 7 9 0 0 0 7 7 0 9 173 247 255 209 2 0 0 0 0 1 2 2 0 1 113 241 255 245 251 0 0 1 15 6 0 0 7 130 255 239 248 193 11 0 0 0 0 0 2 4 0 9 124 246 255 248 255 2 2 21 0 0 5 12 62 230 252 244 255 180 0 0 0 0 0 0 0 9 0 6 89 252 254 255 235 17 0 0 0 0 6 90 242 255 251 247 217 20 21 0 0 0 0 0 0 7 0 0 24 240 243 243 255 175 85 38 112 198 255 251 246 244 255 216 92 0 0 0 0 0 0 3 0 2 1 0 0 209 255 252 255 255 238 219 255 255 245 255 251 255 255 9 0 17 1 0 0 0 0 2 5 0 5 6 1 126 248 255 242 255 250 253 255 245 255 241 250 191 60 0 3 11 0 0 0 0 0 0 10 0 1 8 0 24 200 247 255 254 241 255 255 242 242 178 90 29 0 12 3 0 9 0 0 0 0 0 0 1 0 0 2 9 15 104 117 241 255 255 235 98 74 0 0 0 0 0 0 0 0 0 0 0 0 0 1 1 0 0 0 4 8 11 0 12 0 0 15 0 0 0 0 0 0 0 0 0 0 0 0 0 0 0 0 0 0 0 0 0 0 5 5 0 0 0 0 9 4 0 0 0 0 0 0 0 0 0 0 0 0 0 0 0 0 0 0 0 0 0 7 0 7 9 0 7 0 0 0 0 0 0 0 0 0 0 0 0 0
0 0 0 0 0 0 0 0 1 1 0 6 10 0 0 0 0 0 0 0 0 0 0 0 0 0 0 0 0 0 0 0 0 0 0 0 0 0 0 0 0 0 4 8 0 0 0 0 0 0 0 0 0 0 0 0 0 0 0 0 0 0 0 0 6 5 7 4 0 1 4 0 0 0 0 0 0 0 0 0 0 0 0 0 0 0 0 0 0 0 0 0 0 0 0 3 0 0 3 0 0 0 0 0 0 0 0 0 0 0 0 0 0 0 0 0 0 0 0 0 11 0 0 4 0 0 0 5 0 0 0 0 0 0 0 0 0 0 0 0 0 0 0 0 0 0 0 0 0 0 0 0 8 1 0 2 0 0 0 0 0 0 0 0 0 0 0 0 0 0 0 0 0 0 0 0 0 23 6 0 3 8 0 4 0 0 0 0 0 0 0 0 0 0 0 0 0 0 0 0 0 0 0 0 129 152 85 2 2 9 0 2 0 0 0 0 0 0 0 0 0 0 0 0 0 0 16 0 3 0 0 126 234 254 152 10 0 200 122 0 0 3 0 0 3 0 0 2 0 0 0 7 15 0 2 0 0 4 26 180 255 254 138 0 167 255 249 255 243 63 50 0 3 3 0 9 5 14 5 0 4 0 3 8 0 13 99 241 252 255 164 0 0 254 254 242 255 234 167 106 17 0 0 0 0 0 0 0 0 6 3 5 0 36 190 255 248 253 126 16 6 89 162 255 238 255 255 255 174 123 7 0 8 0 5 0 0 13 0 0 9 51 250 246 247 254 170 0 1 0 14 169 255 243 241 241 251 245 197 92 0 0 21 0 0 8 0 0 0 40 251 253 255 189 0 0 0 9 2 1 0 227 249 243 255 239 246 244 99 0 0 0 0 0 0 6 0 79 240 255 246 206 20 6 0 10 0 4 6 21 180 255 229 255 252 250 233 27 0 0 3 0 1 4 0 166 249 244 244 209 0 8 0 0 9 0 0 33 204 241 255 245 245 251 139 0 2 2 0 3 0 2 1 255 252 246 252 203 0 0 13 0 0 10 0 219 255 255 244 255 238 127 0 0 0 0 0 0 0 0 14 190 251 255 245 255 162 54 46 68 51 167 238 255 232 241 255 236 125 11 0 0 0 0 0 5 0 0 0 67 219 255 255 253 247 253 234 238 255 246 252 244 255 255 231 127 5 0 0 0 0 0 0 0 6 0 1 21 178 241 255 246 255 244 255 255 255 247 255 236 240 154 90 20 0 20 0 0 0 0 10 0 0 0 0 0 27 40 212 252 245 252 255 232 238 124 47 55 66 19 12 1 0 0 0 0 0 0 0 0 0 12 2 11 2 3 5 0 103 55 0 12 9 3 0 3 4 0 0 0 6 0 0 0 0 0 0 5 0 8 0 0 0 1 1 0 8 0 15 0 0 11 11 0 0 6 4 12 3 0 0 0 0 0 0 7 0 8 2 1 7 1 0 0 0 0 0 4 6 0 4 0 0 8 0 4 0 5 0 0 0 0 0 0 0 0 0 0 0 0 0 0 0 0 0 0 0 0 0 0 0 0 0 0 0 0 0 0 0 0 0 0 0 0 0 0 0 0 0 0 0 0 0 0 0 0 0 0 0 0 0 0 0 0 0 0 0 0 0 0 0 0 0 0 0 0 0 0 0 0 0 0 0 0 0 0 0 0 0 0 0 0 0 0 0 0 0 0 0 0 0 0 0 0 0 0 0 0 0 0 0 0 0 0 0 0 0 0 0 0 0 0 0 0
0 9 0 0 0 0 6 4 0 0 7 0 3 4 0 14 5 0 10 4 0 7 0 5 0 0 0 0 1 2 0 0 2 0 0 0 0 5 0 0 5 3 1 0 0 13 0 0 0 1 1 0 0 0 0 0 5 0 0 6 1 0 0 0 4 4 0 0 3 3 6 0 0 9 0 12 22 0 0 9 0 0 0 0 1 0 6 5 0 0 2 7 6 0 7 2 0 0 0 10 0 8 0 0 0 3 10 0 0 0 0 0 1 0 7 0 0 5 0 0 0 71 159 239 255 212 121 34 13 0 0 8 0 0 5 4 0 0 0 0 6 0 3 0 4 12 0 1 3 170 226 255 255 232 255 228 159 58 27 7 0 16 4 0 0 0 0 0 4 0 4 0 7 4 0 66 159 255 255 241 254 254 255 250 242 255 214 99 7 0 1 12 0 0 0 0 0 0 9 0 1 0 10 146 255 251 219 59 0 11 20 166 249 254 236 255 228 66 0 6 0 0 0 0 2 0 4 3 0 5 146 241 255 141 44 8 0 0 7 5 84 230 251 246 255 238 8 12 0 0 0 0 5 0 15 0 0 54 228 255 202 72 0 0 9 7 5 0 2 5 122 240 247 252 152 0 0 0 0 0 9 0 14 0 0 116 255 240 85 13 0 1 7 3 3 0 1 0 5 84 243 255 236 92 0 0 0 0 5 3 0 5 4 180 255 183 2 0 7 4 0 0 6 0 13 13 0 1 193 242 255 102 0 0 0 0 0 9 0 8 56 235 246 162 0 2 4 0 0 7 6 0 0 0 9 3 161 248 255 81 0 0 0 0 0 5 0 0 104 253 253 164 12 0 0 1 6 0 0 0 0 6 1 0 166 255 245 112 0 0 0 0 1 1 2 0 108 253 253 160 3 0 0 3 3 0 0 10 8 0 0 12 155 249 253 89 0 0 0 0 0 0 1 8 88 255 251 157 0 5 1 0 1 6 1 0 0 6 0 0 166 248 255 99 0 0 0 0 0 6 0 0 124 247 255 159 10 0 0 3 5 4 0 3 8 0 15 3 153 253 230 78 0 0 0 0 9 6 1 0 23 216 246 222 38 4 10 0 0 3 11 0 0 4 0 40 239 251 194 0 0 0 0 0 0 0 0 22 7 192 255 255 243 60 0 9 2 0 0 4 2 5 16 45 244 255 133 0 0 0 0 0 10 7 0 0 0 73 237 241 248 133 54 10 0 7 8 0 0 2 21 210 255 227 31 12 0 0 0 0 0 6 3 0 6 17 188 249 255 255 202 63 0 5 2 0 17 31 188 252 255 194 19 3 0 0 0 0 0 0 19 3 0 0 17 86 239 253 254 252 255 241 150 110 232 232 255 251 185 0 10 0 0 0 0 0 11 0 6 0 0 8 0 24 46 130 218 242 252 255 249 255 255 255 209 153 26 4 6 9 0 0 0 0 1 0 8 0 3 0 10 0 2 1 44 98 174 254 255 243 243 153 56 3 1 0 2 0 0 0 0 0 0 0 0 0 0 0 0 0 0 0 0 0 0 0 0 0 0 0 0 0 0 0 0 0 0 0 0 0 0 0 0 0 0 0 0 0 0 0 0 0 0 0 0 0 0 0 0 0 0 0 0 0 0 0 0 0 0 0 0 0 0 0 0 0 0 0 0 0 0 0 0 0 0 0 0 0 0 0 0 0 0 0 0 0 0 0 0 0 0 0 0 0 0 0 0 0 0 0 0 0 0 0 0 0 0 0 0 0 0 0 0 0
0 0 0 0 0 0 0 0 0 0 0 1 1 0 0 0 0 10 0 0 23 0 0 1 0 0 0 0 0 0 0 0 0 0 0 0 0 8 10 0 0 0 7 9 3 0 14 5 0 0 7 0 0 0 0 0 0 0 0 0 0 0 0 0 6 0 0 6 13 4 0 0 0 0 0 0 7 5 0 6 0 0 0 0 0 0 0 0 0 0 0 0 8 1 0 0 0 0 0 13 7 0 0 13 0 7 0 3 0 0 0 0 0 0 0 0 0 0 0 0 0 2 4 0 1 5 2 0 226 185 210 220 29 4 11 0 0 0 0 0 0 0 0 0 0 0 0 0 2 0 0 10 8 0 2 32 244 231 254 255 67 0 0 0 0 0 0 0 0 0 0 0 0 0 0 0 8 0 2 3 0 3 94 198 246 255 252 252 166 7 0 5 0 0 0 0 0 0 0 0 0 0 0 0 0 8 2 0 50 159 240 255 252 247 253 255 215 15 15 0 0 0 0 0 3 0 0 0 5 3 0 1 3 6 0 109 250 247 247 253 237 175 253 255 255 57 6 5 0 0 0 0 0 3 5 0 1 0 11 0 0 5 76 230 255 235 255 213 67 3 103 248 255 134 16 0 0 0 0 0 0 9 8 0 2 0 14 0 0 168 252 255 250 231 42 0 1 0 91 255 240 155 0 7 0 0 0 0 0 8 0 0 8 0 0 17 159 246 235 246 222 2 20 0 0 0 0 145 255 238 8 1 0 0 0 0 2 3 0 0 7 0 4 119 246 255 255 174 39 14 0 0 0 10 0 158 253 223 0 0 0 0 0 0 0 0 0 3 0 0 76 232 255 234 141 7 0 0 0 16 12 0 0 228 255 221 17 6 0 0 0 0 0 0 6 3 0 0 174 255 254 167 0 6 0 0 17 0 4 0 30 247 245 138 0 0 0 0 0 0 5 0 4 0 0 0 241 241 216 29 0 0 20 0 0 10 0 24 100 247 255 87 0 9 0 0 0 0 4 4 0 0 0 53 221 255 199 6 0 1 14 0 3 0 8 0 161 255 253 14 21 0 0 0 0 0 0 4 0 0 4 54 252 249 246 103 0 0 0 20 0 4 0 94 255 236 230 21 0 12 0 0 0 0 0 5 0 0 0 19 236 248 255 238 179 14 25 0 0 0 158 234 248 247 130 5 6 0 0 0 0 0 2 1 0 5 0 0 161 255 235 254 252 240 132 234 255 255 245 241 255 240 20 0 4 2 0 0 0 0 0 0 0 6 3 0 70 218 255 255 254 244 255 249 237 255 255 254 249 125 9 0 4 0 0 0 0 0 0 6 0 0 2 5 0 103 237 255 255 249 252 255 255 249 246 195 81 14 2 0 14 0 0 0 0 0 0 5 1 0 0 4 0 8 183 255 255 236 253 255 240 231 93 12 2 0 0 19 0 15 0 0 0 0 1 0 4 3 5 0 10 0 26 43 141 213 243 201 145 29 0 0 10 0 4 3 8 0 0 0 0 0 0 0 0 0 0 0 0 0 0 0 0 0 0 0 0 0 0 0 0 0 0 0 0 0 0 0 0 0 0 0 0 0 0 0 0 0 0 0 0 0 0 0 0 0 0 0 0 0 0 0 0 0 0 0 0 0 0 0 0 0 0 0 0 0 0 0 0 0 0 0 0 0 0 0 0 0 0 0 0 0 0 0 0 0 0 0 0 0 0 0 0 0 0 0 0 0 0 0 0 0 0 0 0 0 0 0 0 0 0 0 0 0
0 0 0 0 0 0 0 0 4 0 0 14 0 0 13 4 3 0 0 5 2 0 18 0 0 0 0 0 0 0 0 0 0 0 0 0 0 4 5 0 2 16 0 0 0 21 0 0 3 13 0 13 0 0 0 0 0 0 0 0 0 0 0 0 2 0 4 0 0 0 0 10 0 8 0 10 0 0 0 0 0 0 0 0 0 0 0 0 0 0 0 0 5 3 0 13 0 0 19 2 14 0 8 0 6 5 0 1 0 0 0 0 0 0 0 0 0 0 0 0 0 13 0 2 0 12 0 0 32 221 247 255 213 0 0 0 0 0 0 0 0 0 0 0 0 0 0 0 0 7 4 0 4 5 0 117 243 255 246 238 237 177 20 6 0 0 0 0 0 0 0 0 0 0 0 0 0 0 3 0 8 0 109 249 255 249 236 238 255 244 83 1 0 0 0 0 0 0 0 0 0 0 0 0 0 10 0 0 4 17 255 250 238 195 14 20 227 252 149 0 0 0 0 0 0 10 3 0 0 0 0 4 0 0 0 0 28 161 253 252 215 0 2 0 214 247 134 4 0 0 0 0 0 0 0 0 4 2 3 0 17 5 22 125 222 245 253 255 215 8 1 1 189 253 152 1 0 0 0 0 7 0 0 2 0 0 1 0 0 47 249 249 233 255 255 189 104 0 8 27 217 255 150 0 0 0 0 0 2 0 8 3 0 3 4 0 3 192 235 255 255 208 32 19 0 0 0 72 255 243 147 0 0 0 0 0 0 0 11 1 0 12 0 0 107 238 255 253 193 28 0 0 2 5 0 134 252 255 140 11 0 0 0 0 3 0 5 0 0 5 0 12 183 255 249 109 2 8 2 5 1 9 16 232 255 248 137 0 0 0 0 0 7 0 5 0 0 0 8 114 253 240 214 17 0 6 0 3 7 0 194 249 240 224 5 8 0 0 0 0 0 0 10 2 2 0 62 249 255 211 21 0 9 5 0 6 3 131 255 246 254 28 0 3 0 0 0 0 1 0 0 3 0 16 219 255 253 98 0 4 0 1 0 28 132 246 255 236 146 2 0 10 0 0 0 0 0 8 2 0 9 115 247 248 192 31 0 0 0 8 47 158 235 247 255 171 9 0 26 0 0 0 0 0 2 7 0 0 2 153 248 255 65 0 3 0 0 106 255 254 255 246 165 23 0 7 0 5 0 0 0 0 5 4 0 0 0 146 252 254 75 0 15 28 138 255 255 246 228 103 36 0 0 15 0 2 0 0 0 0 0 6 7 0 0 145 255 234 137 95 118 217 245 255 255 236 101 0 0 22 0 0 16 0 0 0 0 0 0 0 4 1 4 86 244 255 243 251 255 249 255 243 70 58 0 12 0 0 8 0 0 0 0 0 0 0 4 0 0 0 3 8 118 250 247 255 255 247 209 125 25 0 0 7 0 0 0 0 10 0 0 0 0 0 0 7 5 0 11 0 9 159 229 186 131 23 13 6 0 9 0 0 0 4 4 0 0 12 0 0 0 0 0 0 0 0 0 0 0 0 0 0 0 0 0 0 0 0 0 0 0 0 0 0 0 0 0 0 0 0 0 0 0 0 0 0 0 0 0 0 0 0 0 0 0 0 0 0 0 0 0 0 0 0 0 0 0 0 0 0 0 0 0 0 0 0 0 0 0 0 0 0 0 0 0 0 0 0 0 0 0 0 0 0 0 0 0 0 0 0 0 0 0 0 0 0 0 0 0 0 0 0 0 0 0 0 0 0 0 0 0 0 0 0
8 0 0 4 0 0 0 3 11 0 13 0 0 0 19 0 10 0 0 5 0 0 2 0 0 0 0 0 3 0 0 7 2 0 0 0 0 0 0 22 9 5 0 0 0 20 10 0 3 0 0 11 0 0 0 0 0 4 5 6 0 0 10 4 7 11 9 0 0 17 0 4 0 4 0 0 9 4 0 6 0 0 0 0 0 8 0 1 0 0 0 0 0 0 3 3 5 0 16 0 9 0 10 12 0 1 12 0 0 0 0 0 3 3 0 1 7 13 0 7 142 252 0 77 192 239 255 254 127 9 0 9 6 0 1 4 0 0 0 0 0 3 0 1 0 7 0 130 243 255 206 243 255 250 255 255 255 174 67 9 0 0 0 9 0 0 0 0 0 1 11 0 0 0 6 252 255 188 66 255 125 14 0 0 185 255 255 117 3 0 12 0 0 0 0 0 7 0 1 0 5 5 0 255 251 1 2 0 8 0 0 0 2 53 196 255 129 4 0 5 0 0 0 0 0 0 11 5 0 13 122 255 135 1 0 1 0 7 0 8 0 0 9 192 254 69 7 0 0 4 3 3 0 1 0 0 6 0 195 249 105 13 6 6 0 3 0 0 8 11 6 0 192 255 0 15 0 0 0 4 1 0 0 0 13 16 255 253 21 0 0 0 0 14 2 8 4 0 0 12 65 245 203 0 3 0 0 1 3 0 3 1 1 100 255 255 0 0 3 0 0 5 0 2 0 13 0 2 3 124 255 126 4 3 0 0 0 1 3 0 0 147 248 248 3 4 5 2 6 0 0 3 1 0 14 11 0 5 220 139 0 0 5 0 0 12 0 0 11 131 248 191 0 0 0 0 8 2 0 13 0 19 0 0 19 0 255 255 10 0 5 0 0 8 0 0 7 118 254 142 4 2 0 0 0 0 0 0 0 6 13 0 4 0 124 245 66 0 1 4 8 0 2 8 0 133 253 126 0 2 2 3 0 1 8 0 4 0 0 9 0 0 64 255 125 7 0 5 0 12 3 0 0 64 255 250 0 4 1 1 0 0 10 0 0 5 3 0 0 3 127 251 135 1 0 1 0 0 0 22 0 18 167 255 123 5 0 0 16 0 0 12 10 0 0 5 0 0 211 238 105 13 6 6 1 14 0 0 0 0 17 252 206 0 0 3 0 19 0 0 0 14 0 4 16 56 255 255 21 0 0 0 0 17 0 0 22 15 0 187 243 203 0 0 0 0 17 0 15 0 4 4 60 255 250 128 0 0 3 0 7 0 3 11 0 0 0 0 201 255 137 74 6 0 0 7 0 8 137 255 250 255 255 4 3 4 5 2 3 0 3 12 2 3 29 0 55 247 254 250 255 133 130 182 255 255 215 255 253 251 0 0 0 0 0 0 5 4 0 0 0 0 0 3 13 69 200 240 255 246 252 255 252 252 255 123 60 12 0 9 4 2 0 0 1 0 10 2 4 10 0 2 3 0 5 78 120 183 209 121 130 55 0 4 0 0 6 0 0 2 2 3 0 0 0 0 0 0 0 0 0 0 0 0 0 0 0 0 0 0 0 0 0 0 0 0 0 0 0 0 0 0 0 0 0 0 0 0 0 0 0 0 0 0 0 0 0 0 0 0 0 0 0 0 0 0 0 0 0 0 0 0 0 0 0 0 0 0 0 0 0 0 0 0 0 0 0 0 0 0 0 0 0 0 0 0 0 0 0 0 0 0 0 0 0 0 0 0 0 0 0 0 0 0 0 0 0 0 0 0 0 0 0 0
0 0 0 0 0 0 0 0 1 4 8 0 7 0 0 0 3 3 0 1 0 3 5 0 0 0 0 0 0 0 0 0 0 0 0 0 1 0 0 16 0 3 0 0 0 2 6 0 13 0 0 0 0 0 0 0 0 0 0 0 0 0 0 0 3 0 12 0 20 0 7 2 0 1 0 0 6 13 9 8 0 0 0 0 0 0 0 0 0 0 0 0 2 6 0 0 0 7 3 0 19 0 0 13 0 0 0 0 0 0 0 0 0 0 0 0 0 0 0 0 0 0 2 5 26 147 241 255 210 122 23 8 0 13 2 6 0 0 0 0 0 0 0 0 0 0 0 0 2 12 0 5 180 240 250 255 255 248 167 0 9 0 10 0 0 0 0 0 0 0 0 0 0 0 0 0 0 11 0 123 255 235 53 13 92 240 255 211 15 17 0 11 0 0 0 0 0 0 0 0 0 0 0 0 0 0 136 250 194 46 0 0 5 31 218 255 131 0 16 0 0 0 0 0 0 8 0 0 9 0 0 0 5 26 195 253 76 0 2 0 0 1 39 241 239 95 0 2 0 0 0 0 0 5 0 0 3 0 0 1 0 191 255 139 10 0 7 0 2 0 13 98 240 201 18 1 0 0 0 0 0 1 3 0 0 0 1 5 40 255 234 35 0 0 4 0 10 0 0 2 232 246 129 0 0 0 0 0 1 0 3 0 0 0 0 9 162 249 120 0 7 4 5 0 2 0 0 2 163 244 159 0 0 0 0 0 5 0 1 0 0 2 0 24 255 255 65 0 0 2 4 4 0 10 6 5 78 255 100 12 0 0 0 0 6 0 0 0 6 1 0 60 253 225 22 0 0 4 0 12 0 0 8 0 79 255 161 1 0 0 0 0 3 0 1 0 8 0 0 107 236 153 0 0 14 6 0 5 6 0 5 0 127 245 218 0 0 0 0 0 1 0 3 0 9 0 4 142 255 128 0 5 0 0 9 0 0 0 2 0 140 255 134 2 0 0 0 0 10 0 0 6 0 4 0 184 254 44 2 0 9 0 0 8 3 1 0 0 245 253 129 10 0 0 0 0 0 0 5 3 0 0 7 236 255 31 0 18 0 9 0 0 0 4 11 78 230 233 49 0 0 0 0 0 0 7 3 0 0 0 10 237 250 15 3 0 5 0 14 2 3 8 57 249 255 121 0 9 0 0 0 0 0 3 0 0 3 0 1 153 255 117 4 8 5 6 0 0 3 38 249 243 166 21 0 0 0 0 0 0 1 0 0 2 0 1 2 60 255 233 30 0 0 0 0 16 123 234 244 236 36 0 7 18 0 0 0 0 0 0 5 6 0 0 12 19 210 255 106 5 16 25 110 194 253 255 173 26 0 15 0 0 0 0 0 0 0 5 1 1 0 0 8 7 75 234 255 255 236 253 252 255 232 160 8 2 19 0 0 7 0 0 0 0 0 12 0 0 14 0 0 0 0 74 220 245 255 252 236 143 44 2 0 10 0 0 14 0 0 0 0 0 0 0 0 0 0 0 0 0 0 0 0 0 0 0 0 0 0 0 0 0 0 0 0 0 0 0 0 0 0 0 0 0 0 0 0 0 0 0 0 0 0 0 0 0 0 0 0 0 0 0 0 0 0 0 0 0 0 0 0 0 0 0 0 0 0 0 0 0 0 0 0 0 0 0 0 0 0 0 0 0 0 0 0 0 0 0 0 0 0 0 0 0 0 0 0 0 0 0 0 0 0 0 0 0 0 0 0 0 0 0 0 0
0 0 0 0 0 0 0 0 5 0 2 2 0 0 3 0 0 11 0 0 16 0 0 0 0 0 0 0 0 0 0 0 0 0 0 0 0 16 0 0 17 15 0 4 0 4 0 0 0 0 0 5 0 0 0 0 0 0 0 0 0 0 0 0 0 0 0 11 3 0 0 16 5 0 8 9 3 0 0 5 0 0 0 0 0 0 0 0 0 0 0 0 7 0 0 1 0 9 14 0 0 2 0 0 0 11 16 0 0 0 0 0 0 0 0 0 0 0 0 0 0 4 0 1 15 0 17 106 103 241 236 113 0 0 18 0 0 0 0 0 0 0 0 0 0 0 0 0 0 0 0 6 0 0 100 254 255 255 237 247 171 18 0 14 0 0 0 0 0 0 0 0 0 0 0 0 0 4 8 0 34 147 239 249 245 247 255 255 242 134 5 0 0 0 0 0 0 0 0 0 0 0 0 0 0 0 5 73 193 254 250 249 255 238 255 245 255 179 0 2 0 0 0 0 17 0 21 13 0 8 0 0 0 0 39 255 245 253 255 194 82 5 0 135 255 235 151 0 0 0 0 0 0 11 0 0 10 0 5 10 2 30 185 253 255 243 175 8 0 9 8 12 252 255 217 31 0 0 0 0 0 7 0 0 7 1 0 0 20 182 239 245 254 101 12 6 4 0 0 0 240 254 251 116 0 0 0 0 3 0 0 15 0 12 0 24 183 255 255 236 138 0 0 13 4 0 4 6 107 240 255 103 0 0 0 0 2 5 0 0 1 1 33 170 255 244 255 123 10 0 25 0 0 4 0 7 0 226 254 117 0 0 0 0 0 1 4 0 6 0 153 255 245 245 139 15 0 4 0 10 9 0 0 12 6 211 250 222 0 0 0 0 0 0 6 14 0 52 238 253 237 154 0 18 1 4 0 1 0 2 0 0 5 216 255 255 0 0 0 0 5 5 0 0 0 156 246 255 70 0 6 0 0 0 0 3 2 0 3 5 1 213 254 249 0 0 0 0 0 0 4 0 107 251 255 244 5 0 0 4 3 0 0 6 3 0 1 4 114 247 255 249 0 0 0 0 1 0 0 11 226 255 245 91 0 9 0 0 0 17 15 0 3 0 14 2 224 245 255 140 0 0 0 0 8 0 5 0 249 242 118 0 0 0 2 16 2 0 0 12 0 7 33 111 250 255 255 102 0 0 0 0 0 4 0 0 252 243 70 20 4 1 0 0 0 12 0 0 4 120 212 249 255 245 222 44 0 0 0 0 0 21 0 10 255 255 132 0 9 0 0 18 0 0 17 110 246 255 250 255 209 93 13 2 0 0 0 0 0 1 0 0 108 238 255 217 60 73 71 66 87 198 226 255 255 243 234 184 7 2 9 0 0 0 0 0 16 0 0 14 38 214 230 255 255 255 254 252 229 255 234 254 213 179 80 0 23 0 0 8 0 0 0 0 0 9 0 0 0 33 131 249 253 244 250 255 247 255 148 108 0 9 0 12 0 10 0 0 0 0 0 0 0 0 0 0 0 0 0 0 0 0 0 0 0 0 0 0 0 0 0 0 0 0 0 0 0 0 0 0 0 0 0 0 0 0 0 0 0 0 0 0 0 0 0 0 0 0 0 0 0 0 0 0 0 0 0 0 0 0 0 0 0 0 0 0 0 0 0 0 0 0 0 0 0 0 0 0 0 0 0 0 0 0 0 0 0 0 0 0 0 0 0 0 0 0 0 0 0 0 0 0 0 0 0 0 0 0 0 0 0 0 0 0
0 0 0 0 0 0 0 0 0 6 0 1 5 0 8 0 0 7 0 5 0 10 1 0 0 0 0 0 0 0 0 0 0 0 0 0 1 3 0 10 5 0 4 13 3 0 0 2 0 0 0 9 0 0 0 0 0 0 0 0 0 0 0 0 0 4 0 0 7 10 6 0 0 2 2 0 3 14 8 0 0 0 0 0 0 0 0 0 0 0 0 0 10 0 0 4 0 0 0 16 6 3 0 8 0 1 0 0 0 0 0 0 0 0 0 0 0 0 0 0 0 0 2 3 4 3 0 0 0 83 99 88 24 59 20 0 0 0 0 0 0 0 0 0 0 0 0 0 0 0 5 0 0 0 4 24 120 236 255 248 190 234 177 113 0 0 0 0 0 0 0 0 0 0 0 0 19 0 0 7 0 0 74 205 255 248 243 255 255 250 236 246 0 0 0 0 0 0 0 0 0 0 0 0 0 5 12 0 34 158 227 255 251 251 255 237 252 249 255 248 0 0 0 0 2 0 0 2 0 12 0 3 3 5 6 67 184 243 246 255 253 209 102 102 94 255 252 242 0 0 0 0 5 0 0 11 12 0 26 0 0 32 84 184 255 255 138 143 0 3 0 4 101 252 255 201 0 0 0 0 8 0 7 0 0 0 0 4 3 115 248 253 231 240 0 0 0 32 0 4 89 242 250 202 0 0 0 0 0 0 6 0 6 25 0 111 117 255 238 255 140 38 19 0 14 0 0 40 236 234 222 132 0 0 0 0 5 0 0 0 0 8 0 126 248 249 255 134 0 13 0 0 0 6 0 47 219 255 237 82 0 0 0 0 0 0 4 9 0 16 165 235 255 93 88 53 8 8 0 18 0 5 0 206 220 235 127 34 0 0 0 0 1 3 5 6 0 46 240 255 247 91 7 0 0 0 15 0 7 0 11 245 255 255 168 5 0 0 0 0 0 6 0 2 20 150 250 242 122 7 0 1 4 9 0 1 2 0 19 255 244 255 171 0 0 0 0 0 0 0 4 4 94 255 252 190 0 10 0 4 10 0 5 0 3 0 168 254 252 252 36 0 0 0 0 0 9 0 10 0 124 255 244 148 10 2 0 0 2 0 4 1 0 119 223 244 251 228 8 8 0 0 0 0 0 18 0 3 255 226 249 133 4 0 7 9 0 0 0 0 72 231 255 255 241 39 0 17 0 0 0 0 7 3 0 4 229 255 253 255 148 7 4 88 111 92 114 196 255 252 251 158 19 21 2 0 0 0 0 0 6 0 6 8 67 172 255 238 255 192 214 247 246 245 243 255 246 236 215 15 4 0 0 1 0 0 0 0 0 9 0 0 15 30 255 244 255 239 253 255 249 250 252 255 182 109 0 0 0 0 24 0 0 0 0 0 0 9 0 12 0 0 25 82 182 201 184 167 186 208 167 80 27 0 6 0 16 0 0 0 0 0 0 0 0 1 0 2 0 8 0 0 0 9 0 6 11 0 0 0 0 7 0 1 2 0 0 4 0 0 0 0 0 0 0 0 0 0 0 0 0 0 0 0 0 0 0 0 0 0 0 0 0 0 0 0 0 0 0 0 0 0 0 0 0 0 0 0 0 0 0 0 0 0 0 0 0 0 0 0 0 0 0 0 0 0 0 0 0 0 0 0 0 0 0 0 0 0 0 0 0 0 0 0 0 0 0 0 0 0 0 0 0 0 0 0 0 0 0 0 0 0 0 0 0 0 0 0 0 0 0 0 0 0 0 0 0 0 0 0 0 0 0 0
0 0 0 0 0 0 0 0 5 3 0 4 5 0 3 0 0 0 0 2 10 0 0 11 0 0 0 0 0 0 0 0 0 0 0 0 0 0 10 7 0 0 0 0 14 0 6 9 0 4 16 0 0 0 0 0 0 0 0 0 0 0 0 0 14 0 11 0 0 11 8 5 0 11 0 0 4 4 0 7 0 0 0 0 0 0 0 0 0 0 0 0 3 0 5 0 7 6 2 0 19 1 1 6 0 3 6 0 0 0 0 0 0 0 0 0 0 0 0 0 0 13 0 13 0 0 0 10 0 0 7 6 0 0 5 0 0 0 0 0 0 0 0 0 0 0 0 0 1 0 21 0 178 92 232 219 235 199 86 0 0 8 0 4 0 0 0 0 0 0 0 0 0 0 0 0 0 12 0 56 226 237 255 252 255 249 252 192 62 0 0 3 0 0 0 0 0 0 0 0 0 0 0 0 0 4 0 33 235 255 255 250 249 243 254 255 206 71 0 2 0 0 0 0 0 0 2 8 0 15 0 19 8 0 0 128 243 254 255 253 255 241 246 255 241 227 41 0 0 0 0 0 6 0 6 0 10 0 13 0 0 100 242 255 255 240 251 241 173 181 255 235 255 255 218 13 0 0 0 0 7 0 9 0 0 9 0 20 155 255 250 235 255 238 228 129 37 170 240 248 255 242 240 223 0 0 0 0 0 0 3 0 0 5 9 131 255 242 238 255 249 250 106 0 0 43 205 255 247 255 245 255 0 0 0 0 0 13 0 2 9 0 151 218 250 249 255 254 211 157 0 9 5 4 0 245 246 233 255 243 0 0 0 0 7 0 0 12 0 96 250 253 250 255 240 110 9 0 6 0 0 9 0 0 221 255 255 255 0 0 0 0 9 0 0 14 0 218 249 255 248 252 222 33 0 5 0 8 5 0 5 70 227 255 247 245 0 0 0 0 0 13 0 1 80 243 244 255 253 155 11 0 11 0 9 0 0 11 86 238 247 252 251 255 0 0 0 0 3 0 0 12 252 255 254 255 239 50 3 0 19 0 53 59 85 136 231 255 255 248 255 210 0 0 0 0 0 5 5 7 255 252 235 249 255 154 167 105 172 163 253 249 255 241 255 240 243 245 229 111 0 0 0 0 2 10 2 0 172 255 255 255 248 246 255 248 241 255 255 255 247 246 237 255 255 252 87 0 0 0 0 0 0 0 0 2 60 246 255 233 255 248 255 241 255 248 248 252 255 255 255 255 146 138 33 5 0 0 0 0 0 0 1 8 9 195 250 255 249 255 244 255 253 255 239 255 238 255 196 10 0 26 3 0 0 0 0 0 4 1 5 0 1 76 151 234 255 220 222 116 164 132 188 192 168 55 23 5 11 0 0 7 0 0 0 0 0 2 10 0 3 0 7 58 72 52 51 0 0 0 7 7 0 14 1 4 0 6 0 3 0 0 0 0 2 0 0 13 0 0 8 0 9 0 0 3 1 5 0 0 5 0 2 1 6 0 11 0 0 0 0 0 0 0 0 0 0 0 0 0 0 0 0 0 0 0 0 0 0 0 0 0 0 0 0 0 0 0 0 0 0 0 0 0 0 0 0 0 0 0 0 0 0 0 0 0 0 0 0 0 0 0 0 0 0 0 0 0 0 0 0 0 0 0 0 0 0 0 0 0 0 0 0 0 0 0 0 0 0 0 0 0 0 0 0 0 0 0 0 0 0 0 0 0 0 0 0 0 0 0 0 0 0 0 0 0 0 0 0 0 0 0 0 0
0 0 0 0 0 0 0 0 9 0 7 4 0 5 0 8 4 3 0 0 6 0 16 0 0 0 0 0 0 0 0 0 0 0 0 0 4 7 0 0 0 0 24 0 0 6 0 13 0 0 0 6 0 0 0 0 0 0 0 0 0 0 0 0 0 16 0 6 25 0 0 23 0 0 0 9 0 8 0 9 0 0 0 0 0 0 0 0 0 0 0 0 4 0 0 0 0 21 0 0 6 2 15 0 0 9 0 0 0 0 0 0 0 0 0 0 0 0 0 0 0 0 9 11 4 0 27 179 106 106 98 6 0 3 5 0 0 0 0 0 0 0 0 0 0 0 0 0 3 0 12 0 1 57 231 255 251 255 233 139 18 2 0 4 0 0 0 0 0 0 0 0 0 0 0 0 0 0 8 0 7 93 246 252 229 253 255 245 91 2 0 2 0 0 0 0 0 0 0 0 0 0 0 0 10 0 9 1 0 212 255 163 65 93 200 253 151 0 0 0 0 0 0 0 0 13 0 0 1 0 7 0 3 0 0 0 22 206 160 0 6 6 105 255 143 4 0 0 0 0 0 0 0 2 0 4 9 0 7 0 0 3 6 0 3 76 42 5 0 7 39 247 124 16 8 0 0 0 0 0 3 0 0 9 3 0 1 0 9 0 0 14 0 0 0 0 11 0 65 255 153 0 0 6 0 0 0 0 0 0 4 8 0 0 3 4 0 9 5 0 0 4 13 6 0 0 175 229 145 11 4 4 0 0 0 0 0 0 5 1 0 5 6 2 62 219 141 0 12 9 0 0 0 25 217 255 135 7 0 0 0 0 0 0 3 0 0 0 6 9 0 0 102 255 155 0 0 5 0 0 8 189 255 248 10 0 9 4 0 0 0 0 5 3 0 0 8 0 0 42 210 227 82 12 0 4 16 0 0 228 254 221 25 0 0 1 0 0 0 0 0 3 6 0 10 0 15 130 255 182 0 0 11 0 0 4 60 242 228 49 0 0 0 2 0 0 0 0 0 2 1 5 0 1 10 192 255 32 0 14 4 0 11 53 255 251 208 9 0 11 1 0 0 0 0 0 4 1 0 2 0 5 41 253 250 20 12 0 9 0 17 180 245 236 73 0 0 0 0 3 0 0 0 0 0 1 0 9 2 0 38 254 255 55 2 0 3 12 137 252 255 172 0 4 4 0 0 1 0 0 0 0 0 4 0 6 5 0 17 195 250 187 1 0 6 166 255 255 228 55 0 7 2 0 9 0 0 0 0 0 3 7 0 0 0 0 11 124 255 239 85 7 160 243 255 240 107 0 5 0 0 0 9 0 0 0 0 0 0 2 0 0 2 4 0 40 212 255 218 121 255 242 243 142 0 0 0 0 1 0 0 2 0 0 0 0 0 0 5 6 4 0 0 0 85 231 255 255 234 255 197 23 0 22 0 5 5 2 0 1 0 0 0 0 7 0 1 3 0 0 6 3 5 29 204 254 255 201 37 3 4 0 3 0 0 4 6 0 0 0 0 0 0 0 0 0 0 0 0 0 0 0 0 0 0 0 0 0 0 0 0 0 0 0 0 0 0 0 0 0 0 0 0 0 0 0 0 0 0 0 0 0 0 0 0 0 0 0 0 0 0 0 0 0 0 0 0 0 0 0 0 0 0 0 0 0 0 0 0 0 0 0 0 0 0 0 0 0 0 0 0 0 0 0 0 0 0 0 0 0 0 0 0 0 0 0 0 0 0 0 0 0 0 0 0 0 0 0 0 0 0 0 0 0
0 0 0 0 0 0 0 0 0 4 0 0 0 0 7 2 0 4 0 5 13 0 13 3 0 0 0 0 0 0 0 0 0 0 0 0 8 0 6 9 0 0 0 0 11 0 0 0 0 28 0 6 0 0 0 0 0 0 0 0 0 0 0 0 7 0 2 4 2 7 0 8 0 0 14 2 14 0 9 0 0 0 0 0 0 0 0 0 0 0 0 0 1 14 0 0 9 0 0 6 13 0 0 0 0 12 0 0 0 0 0 0 0 0 0 0 0 0 0 0 0 16 0 0 10 1 7 3 0 21 22 127 105 0 0 1 0 0 0 0 0 0 0 0 0 0 0 0 0 0 0 10 0 0 7 0 0 64 224 243 255 147 18 14 0 0 0 0 0 0 0 0 0 0 0 0 7 0 4 0 7 6 0 38 111 244 255 252 255 251 86 0 0 0 0 0 0 0 0 0 0 0 0 0 0 2 9 0 86 103 41 211 243 255 242 253 255 100 0 7 0 0 0 0 8 0 0 7 0 0 2 8 0 11 0 3 155 235 255 255 255 245 253 248 255 66 3 2 0 0 0 0 0 0 2 1 2 9 5 0 8 0 0 27 235 255 255 249 237 166 190 249 238 255 55 0 0 0 0 0 0 0 3 1 0 0 1 8 0 0 67 210 247 255 232 223 110 0 0 162 255 240 82 0 0 0 0 0 2 6 2 0 0 0 0 6 19 141 240 249 249 255 171 23 0 9 1 26 225 244 235 41 0 0 0 0 0 8 2 0 4 11 1 0 159 249 254 255 255 127 0 4 0 3 0 0 106 246 240 152 0 0 0 0 0 0 0 8 3 0 11 90 254 241 252 242 44 13 12 3 1 2 8 0 2 255 243 147 0 0 0 0 6 0 0 9 1 0 75 227 255 255 185 44 0 0 8 0 0 0 3 3 8 255 255 150 0 0 0 0 0 15 1 0 11 65 163 255 251 193 60 0 0 9 0 9 7 0 5 0 36 255 251 230 0 0 0 0 2 4 0 0 20 203 255 243 162 7 0 0 1 4 5 0 8 0 0 43 168 255 254 137 0 0 0 0 0 3 0 11 148 249 253 188 10 9 4 12 0 5 0 12 0 4 92 217 251 253 228 59 0 0 0 0 15 0 20 0 254 246 232 41 0 2 0 0 7 6 0 4 24 177 254 251 255 229 62 0 0 0 0 0 0 0 0 1 252 255 163 0 10 0 5 4 0 0 69 103 207 255 237 255 192 50 0 12 0 0 0 0 4 1 12 0 253 255 192 124 8 8 14 118 136 204 233 255 255 240 255 161 13 11 0 0 0 0 0 0 1 0 0 8 77 243 255 242 253 255 245 253 243 255 242 255 255 166 34 0 0 0 9 0 0 0 0 0 6 0 13 0 11 148 255 240 243 247 255 254 255 255 180 138 67 0 10 15 4 0 0 11 0 0 0 0 0 27 0 0 9 0 23 99 152 130 142 130 10 42 3 0 12 0 5 0 3 4 4 0 0 0 0 0 0 0 0 0 0 0 0 0 0 0 0 0 0 0 0 0 0 0 0 0 0 0 0 0 0 0 0 0 0 0 0 0 0 0 0 0 0 0 0 0 0 0 0 0 0 0 0 0 0 0 0 0 0 0 0 0 0 0 0 0 0 0 0 0 0 0 0 0 0 0 0 0 0 0 0 0 0 0 0 0 0 0 0 0 0 0 0 0 0 0 0 0 0 0 0 0 0 0 0 0 0 0 0 0 0 0 0 0 0 0 0 0
0 0 0 0 0 0 0 0 0 5 0 11 0 7 0 5 0 0 10 0 0 3 1 1 0 0 0 0 0 0 0 0 0 0 0 0 0 8 3 1 5 2 6 0 6 0 0 10 0 0 5 0 0 0 0 0 0 0 0 0 0 0 0 0 0 2 0 0 6 0 5 12 9 0 5 4 0 12 4 5 0 0 0 0 0 0 0 0 0 0 0 0 0 9 0 3 0 7 0 0 0 16 0 0 0 8 0 0 0 0 0 0 0 0 0 0 0 0 0 0 0 6 3 0 82 237 254 255 251 252 84 31 7 0 5 14 0 0 0 0 0 0 0 0 0 0 0 0 2 0 12 19 175 255 255 235 255 255 245 237 225 163 4 0 0 0 0 0 0 0 0 0 0 0 0 0 13 0 0 77 243 255 255 255 255 225 255 248 239 245 34 5 0 0 0 0 0 0 0 0 0 0 0 0 0 7 0 133 255 243 247 253 247 255 247 255 244 255 129 0 0 0 0 0 6 0 0 0 0 3 5 0 0 0 97 255 244 251 255 249 171 34 120 255 252 255 150 6 0 0 0 0 3 0 0 3 0 0 4 9 11 18 154 255 255 252 218 40 2 4 13 77 205 243 211 13 0 0 0 0 0 0 0 0 0 0 0 0 0 179 255 241 255 217 0 11 0 0 0 39 233 255 251 14 0 0 0 0 0 7 3 0 0 6 0 0 31 196 255 255 214 63 0 0 0 13 0 79 255 239 189 11 0 0 0 0 0 4 2 2 2 0 7 43 169 244 255 237 159 21 13 9 9 0 40 191 255 255 209 4 0 0 0 0 2 0 0 14 3 0 41 162 249 244 236 111 0 13 0 0 0 0 178 254 223 219 40 0 0 0 0 0 2 0 0 10 1 0 87 245 255 254 154 0 5 0 24 0 11 0 188 255 255 255 32 6 0 0 0 0 0 8 0 0 0 18 120 255 250 255 132 4 0 0 0 1 0 122 237 249 255 151 14 0 0 0 0 0 0 0 0 5 0 25 247 246 250 152 21 0 8 0 0 2 47 201 255 255 215 52 10 0 0 0 0 0 4 0 6 2 0 161 248 248 255 60 0 13 0 3 8 16 210 250 242 254 95 3 0 3 0 0 0 0 0 1 9 0 0 237 253 255 145 8 5 0 9 10 4 198 236 255 255 228 29 0 0 5 0 0 0 0 0 5 0 3 88 255 255 204 9 0 14 14 0 9 207 235 255 255 182 55 0 7 6 0 0 0 0 0 0 12 0 0 99 227 254 208 29 0 7 45 143 198 255 255 254 224 140 0 2 0 0 0 0 0 0 0 0 5 0 0 79 244 255 253 172 196 183 253 255 239 254 249 228 107 12 0 5 4 3 10 0 0 0 0 3 0 0 10 106 255 255 240 250 255 255 239 244 255 204 144 39 0 0 15 10 0 0 0 0 0 0 0 0 5 5 0 34 130 214 255 255 246 216 143 157 15 13 0 0 5 5 0 4 0 16 1 0 0 0 0 0 0 0 0 0 0 0 0 0 0 0 0 0 0 0 0 0 0 0 0 0 0 0 0 0 0 0 0 0 0 0 0 0 0 0 0 0 0 0 0 0 0 0 0 0 0 0 0 0 0 0 0 0 0 0 0 0 0 0 0 0 0 0 0 0 0 0 0 0 0 0 0 0 0 0 0 0 0 0 0 0 0 0 0 0 0 0 0 0 0 0 0 0 0 0 0 0 0 0 0 0 0 0 0 0 0 0 0 0 0 0 0
0 0 0 0 0 0 0 0 0 1 14 0 11 0 0 11 0 6 3 0 3 15 0 8 0 0 0 0 0 0 0 0 0 0 0 0 0 0 0 4 0 13 12 0 0 0 0 4 0 0 26 0 0 0 0 0 0 0 0 0 0 0 0 0 9 18 0 0 0 0 3 0 0 19 6 5 0 0 12 0 0 0 0 0 0 0 0 0 0 0 0 0 0 0 0 13 8 4 2 0 0 0 0 0 5 15 0 6 0 0 0 0 0 0 0 0 0 0 0 0 4 0 5 12 0 51 125 196 105 16 0 8 0 17 0 0 0 0 0 0 0 0 0 0 0 0 0 0 4 1 0 0 139 213 244 255 243 162 26 4 0 0 2 0 0 0 0 0 0 0 0 0 0 0 0 0 0 14 4 50 242 246 255 244 254 252 116 0 14 0 1 9 0 0 0 0 0 0 0 0 0 0 0 0 0 2 14 237 248 255 255 172 251 255 247 46 12 0 7 0 0 0 0 0 0 0 0 0 0 0 0 0 0 7 48 255 251 250 255 87 201 255 252 158 13 0 0 0 0 0 0 0 0 0 0 0 0 0 0 0 7 1 28 236 255 255 208 28 76 243 255 229 14 0 0 6 0 0 0 0 0 0 0 0 0 0 0 0 2 0 12 218 255 243 121 0 33 245 254 245 18 6 1 0 0 0 0 0 0 0 0 0 0 0 0 0 0 0 21 227 246 211 41 0 36 228 250 192 16 0 9 0 0 0 0 0 0 0 0 0 0 0 0 0 5 4 42 249 254 197 0 6 0 193 253 159 3 0 2 0 0 0 0 0 0 0 0 0 0 0 0 0 0 0 73 251 255 182 0 2 21 214 255 164 0 8 0 1 0 0 0 0 0 0 0 0 0 0 0 0 0 14 152 246 255 123 1 0 73 255 250 168 0 12 0 0 0 0 0 0 0 0 0 0 0 0 0 0 3 57 247 253 236 51 0 0 65 255 246 165 0 0 7 0 0 0 0 0 0 0 0 0 0 0 0 0 9 147 251 248 152 8 2 0 115 255 252 115 8 0 12 0 0 0 0 0 0 0 0 0 0 0 0 0 0 153 255 255 127 0 0 16 185 255 255 39 5 2 4 1 0 0 0 0 0 0 0 0 0 0 0 0 0 168 244 235 93 11 0 100 255 238 217 13 1 0 5 4 0 0 0 0 0 0 0 0 0 0 0 0 4 149 255 255 189 0 0 201 255 255 121 8 10 0 1 3 0 0 0 0 0 0 0 0 0 0 0 0 5 76 216 247 255 102 113 239 243 255 44 0 19 7 0 0 0 0 0 0 0 0 0 0 0 0 0 0 0 12 101 254 255 252 245 255 255 126 4 0 6 0 2 0 0 0 0 0 0 0 0 0 0 0 0 0 4 0 44 253 245 255 244 255 184 1 0 17 0 0 9 0 0 0 0 0 0 0 0 0 0 0 0 0 0 0 0 34 210 251 255 154 32 0 0 0 0 12 0 0 0 0 0 0 0 0 0 0 0 0 0 0 0 0 0 0 0 0 0 0 0 0 0 0 0 0 0 0 0 0 0 0 0 0 0 0 0 0 0 0 0 0 0 0 0 0 0 0 0 0 0 0 0 0 0 0 0 0 0 0 0 0 0 0 0 0 0 0 0 0 0 0 0 0 0 0 0 0 0 0 0 0 0 0 0 0 0 0 0 0 0 0 0 0 0 0 0 0 0 0 0 0 0 0 0 0 0 0 0 0 0 0 0 0 0 0
0 0 0 0 0 0 0 0 6 0 5 0 3 0 0 0 0 4 0 0 5 2 0 1 0 0 0 0 0 0 0 0 0 0 0 0 0 0 8 0 3 0 16 0 1 0 14 14 0 0 10 0 0 0 0 0 0 0 0 0 0 0 0 0 13 0 15 0 9 1 0 1 11 0 0 0 12 3 0 4 0 0 0 0 0 0 0 0 0 0 0 0 0 0 0 0 0 0 16 0 0 0 0 8 6 0 0 9 0 0 0 0 0 0 0 0 0 0 0 0 4 10 0 18 0 44 213 160 255 150 114 88 8 0 22 0 0 0 0 0 0 0 0 0 0 0 0 0 0 0 1 0 0 14 130 223 255 222 255 255 149 15 0 3 0 0 0 0 0 0 0 0 0 0 0 0 0 0 18 0 16 0 24 172 255 255 240 239 245 140 22 10 0 0 0 0 0 0 0 0 0 0 0 0 0 11 0 5 9 39 225 247 242 252 136 59 177 255 145 0 0 0 0 0 0 5 0 0 0 6 9 0 0 5 2 0 177 250 238 192 3 1 0 7 0 203 229 0 0 0 0 0 1 0 0 5 4 0 0 9 0 13 17 240 243 230 84 27 1 0 16 0 15 213 219 0 0 0 0 0 4 0 0 2 6 0 0 7 11 31 151 244 165 59 0 0 1 1 5 0 82 240 207 5 0 0 0 0 3 5 0 0 4 11 0 0 0 209 251 255 57 5 9 4 5 5 0 3 116 253 221 5 0 0 0 0 0 1 1 0 3 4 0 24 117 243 247 60 0 0 0 5 4 0 0 11 92 255 205 1 0 0 0 0 0 0 6 5 3 0 5 114 232 223 80 0 9 8 0 0 0 2 0 0 124 249 103 0 0 0 0 0 3 0 7 5 2 0 49 211 255 90 0 0 0 20 0 14 0 15 1 47 206 167 13 0 0 0 0 0 7 0 7 0 0 20 94 255 188 0 3 11 2 0 10 0 3 0 29 192 247 40 7 0 0 0 0 0 4 0 11 0 0 73 255 254 73 11 0 4 0 0 5 0 9 22 130 245 255 39 0 1 0 0 0 0 0 4 0 2 5 89 231 135 11 2 9 10 0 0 6 0 0 117 249 255 211 30 2 0 0 0 0 0 0 7 0 7 0 161 255 111 0 0 0 0 0 2 4 0 179 253 244 139 47 0 12 7 0 0 0 0 5 0 9 0 0 233 254 109 1 4 4 4 1 0 24 66 255 241 144 50 7 0 5 0 0 0 0 0 5 0 2 0 0 231 233 108 1 0 0 0 18 82 183 255 147 103 22 0 0 4 11 14 0 0 0 0 0 11 0 5 0 167 255 234 62 74 99 146 214 255 251 209 0 0 0 0 4 1 0 0 0 0 0 0 0 15 0 5 0 72 205 255 255 248 245 244 235 209 126 24 1 5 9 0 8 3 0 0 0 0 0 0 7 0 0 1 0 0 26 98 250 250 248 180 59 0 0 0 0 0 5 0 5 0 0 4 0 0 0 0 0 0 0 0 0 0 0 0 0 0 0 0 0 0 0 0 0 0 0 0 0 0 0 0 0 0 0 0 0 0 0 0 0 0 0 0 0 0 0 0 0 0 0 0 0 0 0 0 0 0 0 0 0 0 0 0 0 0 0 0 0 0 0 0 0 0 0 0 0 0 0 0 0 0 0 0 0 0 0 0 0 0 0 0 0 0 0 0 0 0 0 0 0 0 0 0 0 0 0 0 0 0 0 0 0 0 0 0 0 0 0 0
0 0 0 0 0 0 0 0 0 3 3 0 0 0 0 0 0 0 0 0 0 0 1 2 0 0 0 0 0 0 0 0 0 0 0 0 0 0 0 0 1 10 7 0 10 3 3 10 6 0 0 5 0 0 0 0 0 0 0 0 0 0 0 0 2 5 9 6 0 0 0 6 0 0 0 0 8 4 0 0 0 0 0 0 0 0 0 0 0 0 0 0 0 0 0 5 14 6 0 1 3 9 5 0 0 0 4 0 0 0 0 0 0 0 0 0 0 0 0 0 1 7 0 0 0 3 5 0 0 0 3 4 2 0 0 0 0 0 0 0 0 0 0 0 0 0 0 0 0 7 0 0 49 148 197 189 79 30 0 0 5 5 0 0 0 0 0 0 0 0 0 0 0 0 0 0 12 0 0 39 154 254 255 244 252 186 91 16 0 0 5 8 0 0 0 0 0 0 0 0 0 0 0 0 0 1 70 182 253 255 246 253 239 255 233 113 15 0 3 0 0 0 0 0 0 3 0 10 0 0 11 0 4 0 249 255 255 244 253 253 247 243 253 255 100 0 0 5 0 14 0 0 2 13 0 0 0 8 0 3 73 194 253 248 242 247 245 255 255 255 255 249 217 49 0 0 1 1 0 6 0 0 0 4 12 0 0 105 244 252 255 234 255 251 255 249 236 255 238 241 231 62 6 11 4 0 0 13 5 0 0 3 5 0 40 182 247 251 242 255 254 246 244 248 255 232 255 255 253 222 0 0 0 1 0 7 3 0 8 0 4 42 178 237 254 255 246 255 232 240 255 39 50 208 240 248 234 238 38 4 0 1 1 0 0 0 10 0 5 86 255 255 250 242 251 249 255 125 80 0 3 0 105 255 255 251 111 0 28 0 1 0 3 0 5 0 0 108 234 249 255 248 255 255 229 255 158 96 107 255 254 255 255 242 255 250 134 0 0 1 0 2 2 0 14 204 255 246 254 247 250 255 243 255 254 245 249 255 243 255 242 255 255 227 236 4 0 6 0 3 10 0 9 255 237 252 253 255 253 251 254 249 245 254 251 254 240 248 255 244 252 63 35 14 0 0 4 0 10 3 0 196 255 255 239 248 250 252 254 240 221 218 255 245 250 255 255 249 255 33 13 2 0 0 2 2 0 9 0 51 211 236 255 255 249 252 255 244 204 178 243 255 252 231 242 255 249 23 0 0 0 0 11 0 23 0 0 0 45 255 243 255 253 244 244 246 254 255 246 255 255 255 255 160 88 7 0 0 3 3 0 6 0 0 25 0 16 236 246 255 255 254 255 255 251 251 242 255 254 232 164 26 0 6 2 3 2 0 5 0 0 0 6 16 3 130 250 255 248 240 248 254 252 251 255 251 217 117 16 0 10 0 1 0 0 0 0 16 0 1 0 0 11 12 44 118 184 205 197 182 179 190 69 31 27 11 0 0 8 3 0 0 0 0 0 2 13 0 5 4 0 3 0 5 2 0 0 3 2 3 0 0 1 0 2 10 0 5 0 4 6 2 0 0 0 0 0 0 0 0 0 0 0 0 0 0 0 0 0 0 0 0 0 0 0 0 0 0 0 0 0 0 0 0 0 0 0 0 0 0 0 0 0 0 0 0 0 0 0 0 0 0 0 0 0 0 0 0 0 0 0 0 0 0 0 0 0 0 0 0 0 0 0 0 0 0 0 0 0 0 0 0 0 0 0 0 0 0 0 0 0 0 0 0 0 0 0 0 0 0 0 0 0 0 0 0 0 0 0 0 0 0 0 0
0 0 0 0 0 0 0 0 0 3 0 7 0 9 0 6 0 1 0 0 1 0 0 6 0 0 0 0 0 0 0 0 0 0 0 0 9 7 0 1 0 4 0 0 11 3 5 0 16 6 15 0 0 0 0 0 0 0 0 0 0 0 0 0 0 1 0 5 0 2 1 9 0 0 0 12 0 0 0 7 0 0 0 0 0 0 0 0 0 0 0 0 0 0 2 4 0 0 0 0 8 5 23 0 0 5 8 0 0 0 0 0 0 0 0 0 0 0 0 0 6 0 0 1 11 9 3 0 0 0 0 8 0 9 0 16 0 0 0 0 0 0 0 0 0 0 0 0 0 0 7 0 0 0 0 8 9 1 6 0 4 13 0 0 0 0 0 0 0 0 0 0 0 0 0 0 0 0 9 0 3 12 56 82 79 149 255 81 95 0 9 0 0 0 0 0 0 0 0 0 0 0 0 0 7 0 0 17 101 165 229 249 255 243 255 255 240 124 0 10 0 0 0 0 0 12 0 0 3 0 12 0 2 0 68 250 252 242 255 254 252 252 245 255 246 255 143 0 5 0 0 3 0 2 0 1 2 20 0 15 1 49 228 246 255 255 245 253 255 255 255 220 255 255 242 180 47 0 5 7 3 0 0 12 0 0 2 140 248 255 255 252 251 255 234 255 193 99 0 87 219 244 231 255 155 5 0 0 6 6 0 4 7 0 128 254 255 244 251 246 255 255 253 77 29 5 8 1 156 255 251 255 235 2 0 0 0 7 1 0 12 131 249 253 255 255 252 128 109 163 67 2 4 0 0 150 243 251 246 253 252 0 0 8 3 0 6 0 0 247 255 244 255 223 255 4 9 0 0 0 0 16 0 240 255 253 251 250 255 11 0 0 12 0 3 5 0 255 244 255 245 255 175 0 0 4 3 0 0 88 205 255 249 248 250 255 181 11 0 0 0 7 3 0 11 253 253 248 253 181 37 8 0 0 9 0 0 254 239 255 243 254 255 76 41 0 12 14 8 0 8 0 1 255 246 255 255 0 0 7 0 6 0 140 250 255 251 253 255 245 255 0 0 0 0 0 0 5 10 9 0 255 237 255 248 3 21 0 6 161 179 249 251 255 249 249 252 255 238 2 0 0 0 0 6 2 0 0 16 199 248 255 250 250 245 244 255 254 247 255 255 241 255 249 244 221 43 21 0 0 0 0 5 1 0 24 0 18 218 243 253 247 255 255 248 248 249 250 255 251 249 255 255 65 0 0 0 0 0 0 0 7 19 0 0 14 0 176 228 245 245 255 255 249 255 255 242 161 52 120 0 0 9 2 0 0 0 0 8 0 0 2 10 0 0 15 51 255 255 231 251 255 255 179 102 0 20 9 0 9 11 0 0 0 0 0 0 0 8 0 6 0 13 0 10 0 13 16 0 0 0 9 0 0 0 3 13 0 4 2 0 0 0 0 3 0 0 12 0 13 6 0 0 11 0 0 7 2 0 9 1 7 0 2 0 6 0 1 0 0 0 0 0 0 0 0 0 0 0 0 0 0 0 0 0 0 0 0 0 0 0 0 0 0 0 0 0 0 0 0 0 0 0 0 0 0 0 0 0 0 0 0 0 0 0 0 0 0 0 0 0 0 0 0 0 0 0 0 0 0 0 0 0 0 0 0 0 0 0 0 0 0 0 0 0 0 0 0 0 0 0 0 0 0 0 0 0 0 0 0 0 0 0 0 0 0 0 0 0 0 0 0 0 0 0 0 0 0 0 0 0 0 0 0
0 0 0 0 0 0 0 0 0 1 9 0 0 0 1 0 13 0 0 0 10 0 7 0 0 0 0 0 0 0 0 0 0 0 0 0 2 0 3 0 28 2 4 9 0 0 18 4 0 0 8 5 0 0 0 0 0 0 0 0 0 0 0 0 0 19 0 0 0 11 0 1 14 1 3 0 17 13 0 0 0 0 0 0 0 0 0 0 0 0 0 0 0 8 0 8 90 179 92 59 222 60 12 2 0 11 14 0 0 0 0 0 0 0 0 0 0 0 0 0 6 0 7 11 175 244 247 255 255 106 4 0 0 0 0 16 0 0 0 0 0 0 0 0 0 0 0 0 5 0 0 0 171 255 255 243 238 63 0 23 0 0 9 0 0 0 0 0 0 0 0 0 0 0 0 0 0 17 3 0 84 249 241 255 254 169 9 0 10 3 0 7 0 0 0 0 0 0 0 0 0 0 0 0 2 0 0 0 122 253 244 254 255 237 57 0 6 2 0 4 0 0 0 0 0 0 0 0 0 0 0 0 1 0 10 0 187 254 237 242 251 253 240 30 0 11 0 4 0 0 0 0 0 0 0 0 0 0 0 0 0 0 6 63 240 241 97 35 195 246 250 95 0 0 0 12 0 0 0 0 0 0 0 0 0 0 0 0 6 1 0 183 255 173 0 4 5 199 255 183 0 10 0 0 0 0 0 0 0 0 0 0 0 0 0 0 0 14 55 206 249 118 0 3 0 77 226 249 204 13 0 0 0 0 0 0 0 0 0 0 0 0 0 0 8 102 255 255 236 3 0 0 0 122 255 255 248 93 13 7 0 0 0 0 0 0 0 0 0 0 0 0 7 119 242 226 148 0 0 1 20 76 79 234 249 189 0 0 0 0 0 0 0 0 0 0 0 0 0 0 56 247 255 135 1 3 0 0 0 0 6 200 255 113 0 9 0 0 0 0 0 0 0 0 0 0 0 0 106 255 245 52 0 0 1 0 4 6 36 214 242 54 0 5 0 0 0 0 0 0 0 0 0 0 0 0 116 255 251 52 16 0 0 8 3 0 149 255 133 7 0 3 0 0 0 0 0 0 0 0 0 0 0 0 112 250 211 7 1 18 0 2 2 62 255 240 138 0 3 1 0 0 0 0 0 0 0 0 0 0 0 0 158 247 251 103 0 0 41 108 214 230 250 239 29 0 6 0 0 0 0 0 0 0 0 0 0 0 0 0 219 251 250 255 253 255 255 244 250 255 246 27 17 1 1 23 0 0 0 0 0 0 0 0 0 0 0 0 98 255 245 239 245 241 253 255 253 250 101 0 2 0 0 0 0 0 0 0 0 0 0 0 0 0 0 0 72 255 255 255 255 251 255 238 212 42 8 2 3 9 1 13 0 0 0 0 0 0 0 0 0 0 0 0 0 63 142 239 255 255 224 140 22 9 3 0 11 0 0 0 0 0 0 0 0 0 0 0 0 0 0 0 2 0 7 3 0 0 0 4 5 0 7 0 1 10 1 0 0 0 0 0 0 0 0 0 0 0 0 0 0 0 0 0 0 0 0 0 0 0 0 0 0 0 0 0 0 0 0 0 0 0 0 0 0 0 0 0 0 0 0 0 0 0 0 0 0 0 0 0 0 0 0 0 0 0 0 0 0 0 0 0 0 0 0 0 0 0 0 0 0 0 0 0 0 0 0 0 0 0 0 0 0 0 0 0 0 0 0 0 0 0 0 0 0 0 0 0 0 0 0 0 0 0 0 0 0 0 0 0 0 0 0 0
0 0 0 0 0 0 0 0 1 0 7 1 7 0 0 1 5 0 0 0 4 11 0 0 0 0 0 0 0 0 0 0 0 0 0 0 0 7 6 0 0 11 12 0 1 0 18 1 0 0 9 0 0 0 0 0 0 0 0 0 0 0 0 0 3 0 0 19 0 0 3 0 5 0 0 6 0 0 10 0 0 0 0 0 0 0 0 0 0 0 0 0 2 2 0 2 0 12 0 1 0 7 0 23 0 0 0 7 0 0 0 0 0 0 0 0 0 0 0 0 0 22 0 0 5 0 9 148 255 201 60 0 0 16 3 1 0 0 0 0 0 0 0 0 0 0 0 0 0 0 3 10 0 12 125 255 248 253 193 20 2 0 3 1 0 0 0 0 0 0 0 0 0 0 0 0 7 0 0 0 56 186 255 226 254 255 255 83 1 2 0 0 0 0 0 0 0 0 0 0 0 0 0 0 0 8 0 44 217 255 246 255 255 251 255 152 0 16 0 7 0 0 0 0 0 9 3 0 1 3 4 0 0 3 19 255 254 244 225 117 64 79 231 255 4 0 8 6 0 0 0 0 0 3 0 0 0 0 0 0 7 10 152 255 252 217 42 0 0 5 130 228 35 0 0 0 0 0 0 0 7 0 0 2 0 0 0 1 0 44 255 254 182 37 5 1 10 0 13 111 22 10 12 0 0 0 0 0 6 0 0 2 0 4 1 0 34 199 238 236 43 3 0 0 0 0 55 242 196 20 0 7 0 0 0 0 1 0 5 0 0 10 0 0 164 255 220 0 1 0 0 11 15 0 1 189 224 10 0 0 0 0 0 0 0 0 8 0 0 6 0 18 201 245 135 0 15 4 0 2 0 10 17 145 177 0 12 6 0 0 0 0 0 0 7 0 2 0 0 75 255 205 8 18 0 4 4 0 6 0 0 176 203 1 0 0 0 0 0 0 1 0 6 0 9 0 4 128 244 179 5 0 0 5 0 6 0 9 17 199 179 4 0 9 0 0 0 0 8 0 7 0 6 2 0 193 255 87 10 0 0 0 11 0 0 1 76 255 181 4 1 0 0 0 0 0 6 0 2 2 0 0 29 208 191 6 0 11 0 1 8 0 0 13 125 249 182 0 3 4 0 0 0 0 0 1 0 9 0 0 76 248 173 11 0 0 2 0 0 15 0 75 255 229 39 3 8 0 0 0 0 0 0 3 0 5 2 0 71 255 236 50 0 3 1 13 5 0 77 221 243 157 18 0 0 0 0 0 0 0 0 5 0 0 5 0 16 212 255 226 96 13 1 0 39 145 248 238 220 61 0 4 9 0 0 0 0 0 0 4 0 0 8 0 0 138 231 255 238 244 235 233 248 248 249 255 90 0 5 0 7 2 0 0 0 0 0 3 0 0 3 6 0 57 203 255 251 241 240 255 253 255 178 75 0 3 0 14 0 1 0 0 0 0 0 7 0 8 0 0 9 0 3 76 193 255 254 253 159 66 0 0 10 0 0 0 11 0 0 0 0 0 0 0 0 0 0 0 0 0 0 0 0 0 0 0 0 0 0 0 0 0 0 0 0 0 0 0 0 0 0 0 0 0 0 0 0 0 0 0 0 0 0 0 0 0 0 0 0 0 0 0 0 0 0 0 0 0 0 0 0 0 0 0 0 0 0 0 0 0 0 0 0 0 0 0 0 0 0 0 0 0 0 0 0 0 0 0 0 0 0 0 0 0 0 0 0 0 0 0 0 0 0 0 0 0 0 0 0 0 0 0 0 0
0 0 0 0 0 0 0 0 0 3 0 0 13 0 0 1 0 16 0 0 16 0 0 6 0 0 0 0 0 0 0 0 0 0 0 0 1 0 15 19 0 14 7 1 11 0 0 7 0 5 0 0 0 0 0 0 0 0 0 0 0 0 0 0 14 0 0 5 0 7 0 0 0 1 3 5 0 6 0 0 0 0 0 0 0 0 0 0 0 0 0 0 1 0 8 1 0 62 205 64 0 12 0 0 6 0 3 0 0 0 0 0 0 0 0 0 0 0 0 0 0 0 12 2 0 59 254 222 65 0 0 0 11 0 4 0 0 0 0 0 0 0 0 0 0 0 0 0 2 12 0 0 19 0 48 217 198 0 2 2 0 1 0 0 0 0 0 0 0 0 0 0 0 0 0 0 0 0 0 9 0 8 3 61 248 74 3 7 0 3 0 0 0 0 0 0 0 0 0 0 0 0 0 0 0 8 0 0 2 0 9 0 214 184 0 1 5 0 5 0 0 0 0 0 0 0 0 0 0 0 0 0 0 20 0 1 0 12 30 0 63 255 88 0 7 0 0 3 0 0 0 0 0 0 0 0 0 0 0 0 0 0 4 11 7 72 255 66 28 199 151 0 7 0 0 0 0 0 0 0 0 0 0 0 0 0 0 0 1 10 7 0 90 236 191 0 0 112 216 19 4 0 4 0 0 0 0 0 0 0 0 0 0 0 0 0 0 0 0 60 252 146 0 0 0 41 220 80 0 0 1 4 0 0 0 0 0 0 0 0 0 0 0 0 0 4 22 204 212 0 0 18 0 2 173 164 1 0 0 3 0 0 0 0 0 0 0 0 0 0 0 0 7 0 153 233 41 8 13 0 1 0 134 236 16 4 0 0 0 0 0 0 0 0 0 0 0 0 0 0 0 29 255 126 5 4 0 11 2 5 122 254 19 1 10 0 0 0 0 0 0 0 0 0 0 0 0 0 3 222 197 33 3 0 14 0 0 5 121 233 6 0 18 0 0 0 0 0 0 5 1 1 0 0 6 1 108 243 52 0 3 12 0 9 0 13 122 166 12 0 3 4 0 0 0 0 5 0 0 1 8 0 0 28 230 174 0 0 13 0 3 0 8 0 217 141 4 0 9 0 0 0 0 0 9 0 0 0 8 0 2 85 254 73 0 6 2 0 14 0 3 58 221 10 0 5 11 1 0 0 0 0 0 0 7 0 0 0 9 129 246 17 7 0 1 8 0 0 74 200 190 0 9 0 0 4 0 0 0 0 0 0 11 0 0 0 4 101 240 47 0 1 7 0 20 142 238 174 30 0 0 6 4 0 0 0 0 0 0 1 5 0 6 8 0 31 203 255 208 143 137 168 228 241 90 14 0 18 0 0 0 0 0 0 0 0 1 3 0 0 6 3 0 0 31 135 184 250 255 164 84 2 2 0 0 0 0 7 1 0 0 0 0 0 0 4 0 3 0 0 2 6 7 0 12 0 0 0 3 4 0 9 1 11 0 0 5 1 0 0 0 0 0 0 0 0 0 0 0 0 0 0 0 0 0 0 0 0 0 0 0 0 0 0 0 0 0 0 0 0 0 0 0 0 0 0 0 0 0 0 0 0 0 0 0 0 0 0 0 0 0 0 0 0 0 0 0 0 0 0 0 0 0 0 0 0 0 0 0 0 0 0 0 0 0 0 0 0 0 0 0 0 0 0 0 0 0 0 0 0 0 0 0 0 0 0 0 0 0 0 0 0 0 0 0 0 0 0 0 0 0 0 0 0
0 0 0 0 0 0 0 0 0 0 0 0 9 0 0 3 0 14 0 0 9 0 10 0 0 0 0 0 0 0 0 0 0 0 0 0 0 8 9 10 0 9 8 0 0 0 18 0 2 12 0 7 0 0 0 0 0 0 0 0 0 0 0 0 0 10 0 0 4 0 0 7 13 7 0 1 8 0 0 6 0 0 0 0 0 0 0 0 0 0 0 0 13 0 0 8 23 81 167 198 214 150 54 19 0 0 19 0 0 0 0 0 0 0 0 0 0 0 0 0 4 2 12 65 205 253 254 242 255 244 255 157 2 0 0 0 0 0 0 0 0 0 0 0 0 0 0 0 0 13 89 255 255 255 122 51 0 51 166 239 106 6 0 13 0 0 0 0 0 0 0 0 0 0 0 0 4 99 255 238 222 40 14 5 0 5 12 231 237 73 1 0 0 0 0 0 0 0 0 0 0 0 0 0 98 228 255 178 25 15 0 0 2 0 0 177 253 134 1 8 0 0 0 0 0 10 3 6 1 0 15 0 212 253 209 16 0 0 0 6 9 0 6 26 239 247 72 0 0 0 0 3 0 7 0 0 2 8 0 103 244 221 55 3 0 4 13 0 6 0 0 0 199 252 120 11 1 16 7 0 2 6 0 0 7 2 5 215 255 163 0 6 0 0 12 0 0 6 10 2 137 245 164 0 0 0 0 2 0 1 3 4 6 0 133 251 226 74 0 5 6 0 0 6 0 5 2 0 47 247 225 10 9 0 4 0 0 0 5 0 0 12 227 253 136 2 10 0 10 5 0 0 0 0 0 0 0 248 245 9 0 0 15 0 5 0 0 0 0 117 242 244 47 0 0 2 0 5 4 0 0 0 9 6 6 234 253 102 107 0 0 0 6 4 0 3 0 216 244 177 4 9 0 7 0 0 0 4 0 0 3 0 77 240 255 253 232 30 0 1 0 0 4 8 0 255 255 86 0 0 0 0 7 14 0 6 6 0 10 18 202 255 229 242 116 0 2 0 7 0 5 6 0 251 255 85 0 2 5 2 0 3 1 0 10 9 91 250 245 247 212 68 0 0 0 0 6 0 2 0 0 255 241 87 11 0 0 0 5 0 0 24 76 206 255 251 255 254 140 4 0 0 0 0 0 19 0 0 18 138 255 187 39 157 121 0 13 40 103 200 253 255 242 255 246 236 82 5 0 0 0 0 0 12 0 0 18 0 179 245 251 249 240 181 212 228 255 250 255 245 255 255 241 83 0 0 0 0 0 0 8 0 0 17 0 0 11 135 249 243 255 243 255 245 255 255 240 255 242 239 64 10 13 4 0 0 0 0 0 2 1 3 0 13 0 9 1 110 118 94 227 255 242 251 248 245 120 26 12 0 0 1 0 0 0 0 0 12 7 0 10 0 19 0 3 9 2 0 32 75 106 114 52 34 0 7 1 7 0 6 0 0 0 0 9 0 3 6 0 6 0 6 3 0 0 5 1 0 0 7 2 4 4 1 0 8 0 0 0 0 0 0 0 0 0 0 0 0 0 0 0 0 0 0 0 0 0 0 0 0 0 0 0 0 0 0 0 0 0 0 0 0 0 0 0 0 0 0 0 0 0 0 0 0 0 0 0 0 0 0 0 0 0 0 0 0 0 0 0 0 0 0 0 0 0 0 0 0 0 0 0 0 0 0 0 0 0 0 0 0 0 0 0 0 0 0 0 0 0 0 0 0 0 0 0 0 0 0 0 0 0 0 0 0 0 0 0 0 0 0 0 0 0 0
0 0 0 0 0 0 0 0 0 1 10 4 0 2 7 0 7 0 8 0 4 0 1 8 5 3 5 2 0 0 0 0 0 0 0 0 5 0 0 0 0 1 4 0 0 15 0 0 5 0 0 2 2 0 7 0 0 0 0 0 0 0 0 0 3 0 0 3 3 0 0 0 0 19 0 7 8 0 3 0 0 0 13 0 0 0 0 0 0 0 0 0 0 2 3 3 2 0 0 5 2 0 0 0 0 0 3 0 1 4 0 3 0 0 0 0 0 0 0 0 0 7 0 0 0 0 0 7 0 6 1 3 0 18 0 83 246 162 6 3 0 0 0 0 0 0 0 0 0 5 0 0 6 0 0 0 94 198 205 225 198 168 10 123 255 143 0 7 0 0 0 0 0 0 0 0 0 2 0 2 8 0 25 94 191 255 254 247 255 253 154 246 244 86 0 0 0 0 0 0 0 0 0 0 2 5 0 0 0 5 107 255 255 255 242 201 241 251 251 255 206 16 0 0 0 0 5 0 0 2 0 5 6 0 7 0 2 130 255 245 251 255 100 17 89 255 254 245 63 23 0 0 2 0 0 2 7 6 0 3 0 8 0 31 110 238 244 255 237 197 22 8 182 248 255 194 25 5 0 1 4 0 0 6 1 0 2 0 0 6 0 177 255 255 255 247 85 0 6 0 215 253 252 84 0 0 0 1 0 4 3 7 0 0 8 0 0 0 150 247 235 255 222 86 0 15 7 174 246 254 216 0 0 0 0 0 0 3 5 3 0 2 8 0 50 190 236 255 255 215 80 2 6 0 126 237 255 249 9 8 4 5 1 0 2 0 2 0 4 5 0 1 156 255 245 233 255 0 0 0 9 20 229 254 249 120 0 21 0 0 0 0 10 0 6 0 2 0 0 74 255 241 255 248 60 1 5 11 42 150 240 255 106 7 11 0 0 0 0 2 6 0 15 0 1 0 14 180 254 255 255 94 7 2 0 0 147 245 255 210 32 0 0 0 2 0 0 1 1 0 6 0 2 0 74 246 247 253 206 24 0 2 8 1 255 241 234 61 0 0 0 0 0 0 0 0 8 0 10 0 0 17 254 242 255 208 0 6 0 0 6 215 250 255 83 0 0 21 7 0 0 0 0 0 6 1 6 0 0 0 255 245 248 130 14 0 6 83 212 247 250 253 60 10 0 0 0 6 0 0 0 0 0 7 1 2 15 0 235 255 255 146 0 8 1 240 243 250 174 58 0 0 3 0 0 4 0 0 0 0 0 0 3 0 0 14 255 246 251 192 139 140 198 255 251 255 150 0 2 0 10 2 0 0 0 0 0 0 2 0 4 0 0 0 254 243 252 246 251 255 248 249 248 150 19 0 0 4 0 0 0 12 0 0 0 0 0 0 1 2 19 0 139 240 252 255 246 254 255 190 101 2 0 13 0 2 7 5 0 0 0 0 0 0 12 0 1 0 0 8 0 128 247 255 254 147 97 21 0 4 2 3 1 0 0 0 0 3 0 0 0 0 0 0 0 0 0 0 0 0 0 0 0 0 0 0 0 0 0 0 0 0 0 0 0 0 0 0 0 0 0 0 0 0 0 0 0 0 0 0 0 0 0 0 0 0 0 0 0 0 0 0 0 0 0 0 0 0 0 0 0 0 0 0 0 0 0 0 0 0 0 0 0 0 0 0 0 0 0 0 0 0 0 0 0 0 0 0 0 0 0 0 0 0 0 0 0 0 0 0 0 0 0 0 0 0 0 0 0 0 0 0 0 0
0 0 0 0 0 0 0 0 0 12 2 0 0 11 0 4 0 6 0 4 1 1 0 0 0 0 0 0 0 0 0 0 0 0 0 0 3 0 0 23 18 0 20 0 3 0 5 3 0 0 1 5 0 0 0 0 0 0 0 0 0 0 0 0 0 17 18 0 5 4 0 6 1 0 7 2 3 0 7 0 0 0 0 0 0 0 0 0 0 0 0 0 0 9 0 4 0 0 0 0 2 25 0 0 12 0 0 15 0 0 0 0 0 0 0 0 0 0 0 0 3 0 16 26 149 251 82 0 63 255 149 21 0 17 6 0 0 0 0 0 0 0 0 0 0 0 0 0 3 2 148 251 255 255 252 165 241 255 251 253 50 0 12 0 0 0 0 0 0 0 0 0 0 0 0 0 5 111 252 255 246 244 255 252 231 255 242 255 197 88 0 21 0 0 0 0 0 0 0 0 0 0 0 0 101 251 252 255 244 228 249 252 255 245 253 255 246 221 79 0 0 0 0 0 0 13 0 0 1 0 5 0 157 255 252 249 115 3 89 195 252 129 141 233 255 252 150 3 0 0 0 0 0 5 1 4 8 0 0 44 247 255 255 117 13 0 1 54 230 34 7 30 228 255 255 20 0 0 0 0 0 0 1 1 2 3 0 162 255 245 231 39 0 5 2 9 0 0 0 0 126 240 255 140 0 0 0 0 7 0 0 0 0 7 11 253 244 238 115 14 1 0 14 0 6 0 8 11 54 233 252 64 0 0 0 0 3 0 2 5 0 0 4 253 255 233 0 0 3 0 3 0 0 8 0 0 0 226 248 151 0 0 0 0 0 0 2 6 0 0 34 245 255 190 0 0 5 12 0 10 14 0 0 15 23 234 255 98 0 0 0 0 0 5 0 0 0 3 96 255 241 105 16 3 3 0 0 0 7 0 10 0 203 247 252 11 0 0 0 0 0 10 1 1 0 5 131 253 240 24 0 0 14 0 15 0 0 7 0 0 227 243 255 12 0 0 0 0 0 0 2 9 11 0 142 255 223 57 0 5 0 4 17 0 1 0 11 108 251 255 210 13 0 0 0 0 8 5 0 0 0 1 132 248 255 87 0 7 0 0 5 0 0 5 52 254 255 244 107 7 0 0 0 0 0 5 2 0 7 23 110 255 233 147 22 0 22 18 0 8 0 75 217 255 241 221 0 0 0 0 0 0 0 0 2 7 3 0 41 252 255 250 120 1 0 0 0 74 193 239 255 252 253 102 6 6 0 0 0 0 5 0 0 3 0 0 22 237 255 255 251 244 226 219 236 253 255 255 251 235 121 0 0 0 0 0 0 0 0 0 0 0 1 12 21 150 255 248 248 250 252 255 255 244 252 249 255 121 4 6 1 1 0 0 0 0 2 1 5 0 0 0 0 15 194 255 255 252 255 252 244 255 255 207 90 0 5 0 12 0 0 0 0 0 4 0 7 2 0 5 0 0 2 31 113 208 255 255 244 224 117 44 0 0 7 0 5 0 0 0 0 0 0 0 0 0 0 0 0 0 0 0 0 0 0 0 0 0 0 0 0 0 0 0 0 0 0 0 0 0 0 0 0 0 0 0 0 0 0 0 0 0 0 0 0 0 0 0 0 0 0 0 0 0 0 0 0 0 0 0 0 0 0 0 0 0 0 0 0 0 0 0 0 0 0 0 0 0 0 0 0 0 0 0 0 0 0 0 0 0 0 0 0 0 0 0 0 0 0 0 0 0 0 0 0 0 0 0 0 0 0 0 0 0
0 0 0 0 0 0 0 0 1 1 1 0 0 0 0 0 0 17 1 0 12 0 11 0 0 0 0 0 0 0 0 0 0 0 0 0 1 1 1 0 0 0 0 0 12 0 2 6 0 12 0 8 0 0 0 0 0 0 0 0 0 0 0 0 1 1 0 0 0 0 0 0 4 0 13 1 0 6 0 4 0 0 0 0 0 0 0 0 0 0 0 0 0 0 0 0 0 0 0 0 3 10 2 9 3 0 13 1 0 0 0 0 0 0 0 0 0 0 0 0 0 0 0 0 0 0 0 0 0 0 2 103 255 255 211 4 0 0 0 0 0 0 0 0 0 0 0 0 0 0 0 0 0 0 1 1 4 15 126 255 239 248 253 117 0 0 0 0 0 0 0 0 0 0 0 0 0 0 0 0 0 1 1 1 21 174 247 120 255 200 255 65 0 0 0 0 0 0 0 0 0 0 0 0 0 0 0 0 0 1 1 1 179 255 253 218 119 66 250 76 0 0 0 0 0 0 0 0 0 0 0 0 4 0 16 0 0 5 22 213 255 231 86 8 0 34 253 181 0 0 0 0 0 0 0 0 0 0 0 0 8 0 0 0 7 40 238 250 221 49 0 3 23 115 255 83 0 0 0 0 0 0 0 0 0 0 0 0 0 9 0 16 77 228 231 249 60 0 3 0 0 121 214 6 0 0 0 0 0 0 0 0 0 0 0 0 0 11 0 30 255 253 245 0 0 26 0 0 11 192 196 1 0 0 0 0 0 0 0 0 0 0 0 0 10 0 43 243 255 194 28 0 9 6 0 9 101 244 142 0 0 0 0 0 0 0 0 0 0 0 0 0 0 30 209 249 227 68 3 0 7 0 6 13 187 197 18 0 0 0 0 0 0 0 0 0 0 0 0 0 29 128 244 255 31 0 0 9 0 4 8 51 253 146 0 3 0 0 0 0 0 0 0 0 0 0 0 0 157 255 251 128 6 10 0 0 3 4 0 140 245 59 6 0 0 0 0 0 0 3 4 0 3 6 0 45 248 251 218 6 6 0 0 4 0 0 70 236 180 0 12 0 0 0 0 0 0 0 7 0 0 0 5 201 255 187 20 0 0 12 0 0 0 52 197 253 59 0 14 4 0 0 0 0 7 0 0 0 18 0 18 222 243 106 0 0 14 0 7 5 64 205 234 49 11 1 0 0 0 0 0 0 0 7 2 0 0 5 136 254 200 20 0 4 2 0 3 59 232 220 75 0 0 0 0 7 0 0 0 0 0 12 0 0 0 17 255 255 133 0 22 0 0 36 123 253 199 96 0 15 2 0 20 1 0 0 0 0 1 0 0 4 8 23 255 237 203 101 106 88 178 226 249 195 31 12 0 0 16 0 0 0 0 0 0 0 0 2 5 1 0 3 171 251 242 255 248 255 237 231 130 10 4 0 0 26 0 11 0 11 0 0 0 0 0 0 7 0 9 3 3 128 248 249 250 192 133 19 0 0 0 0 12 0 0 0 7 0 0 0 0 0 0 0 0 0 0 0 0 0 0 0 0 0 0 0 0 0 0 0 0 0 0 0 0 0 0 0 0 0 0 0 0 0 0 0 0 0 0 0 0 0 0 0 0 0 0 0 0 0 0 0 0 0 0 0 0 0 0 0 0 0 0 0 0 0 0 0 0 0 0 0 0 0 0 0 0 0 0 0 0 0 0 0 0 0 0 0 0 0 0 0 0 0 0 0 0 0 0 0 0 0 0 0 0 0 0 0 0 0 0 0 0 0
0 0 0 0 0 0 0 0 4 0 0 15 0 0 5 0 0 23 2 0 2 0 0 1 0 0 0 0 0 0 0 0 0 0 0 0 0 6 0 0 4 0 0 13 8 0 0 14 6 7 14 0 0 0 0 0 0 0 0 0 0 0 0 0 18 0 11 0 0 4 6 0 2 6 8 0 0 0 0 0 0 0 0 0 0 0 0 0 0 0 0 0 0 0 5 0 0 16 0 0 0 0 0 0 16 4 0 0 0 0 0 0 0 0 0 0 0 0 0 0 0 0 1 16 7 129 199 255 234 58 0 0 1 0 10 15 0 0 0 0 0 0 0 0 0 0 0 0 15 0 5 0 252 239 255 245 247 98 22 0 5 2 0 0 0 0 0 0 0 0 0 0 0 0 0 0 0 0 17 173 241 255 253 255 255 232 158 2 3 6 0 9 0 0 0 0 0 0 0 0 0 0 0 0 8 0 59 255 255 241 255 248 255 252 237 65 0 0 5 0 0 0 0 0 0 0 0 1 4 5 3 0 7 0 11 236 244 255 213 149 248 254 253 179 5 0 9 0 0 0 0 0 0 1 2 0 0 0 0 0 0 4 174 240 255 255 71 12 147 255 255 236 25 6 0 3 0 0 0 0 0 2 2 0 0 0 0 3 0 73 247 246 255 120 1 0 39 241 249 255 47 8 0 0 0 0 0 0 2 0 0 2 2 1 2 5 8 167 245 255 205 2 4 11 0 202 247 248 54 3 0 0 0 0 0 0 4 0 0 2 5 2 0 0 58 241 255 238 94 1 4 0 3 174 252 242 45 1 4 1 0 0 0 0 5 0 0 1 2 0 0 0 120 255 249 170 2 0 9 0 2 164 253 255 52 0 0 5 0 0 0 0 2 0 0 1 0 0 2 16 173 255 241 107 4 0 3 3 0 166 251 255 110 0 0 0 0 0 0 0 0 0 1 4 0 0 13 38 255 245 255 15 4 7 0 5 4 172 252 249 181 0 18 0 0 0 0 0 5 3 1 0 0 5 1 122 250 255 144 3 4 0 0 0 5 115 244 255 168 0 1 0 0 0 0 0 0 0 3 0 3 0 3 165 255 239 63 0 0 0 0 6 0 167 255 255 159 20 0 3 0 0 0 0 0 0 8 0 2 3 0 180 255 253 37 9 8 2 0 4 16 155 243 246 85 0 0 2 0 0 0 0 0 0 11 0 0 9 0 165 248 255 36 1 0 6 51 71 185 251 255 221 33 0 11 0 0 0 0 0 3 0 6 0 0 1 0 171 242 247 67 45 82 130 230 255 249 255 195 80 0 0 12 0 0 0 0 0 5 0 0 8 0 0 9 173 255 255 207 225 255 253 255 243 255 173 80 12 0 0 1 0 0 0 0 0 1 0 0 10 0 0 9 104 237 254 255 252 248 255 255 239 126 17 0 0 2 0 12 14 0 0 0 0 0 14 0 0 0 6 1 8 14 113 221 209 136 127 64 21 0 9 1 0 9 8 0 0 0 0 0 0 0 0 0 0 0 0 0 0 0 0 0 0 0 0 0 0 0 0 0 0 0 0 0 0 0 0 0 0 0 0 0 0 0 0 0 0 0 0 0 0 0 0 0 0 0 0 0 0 0 0 0 0 0 0 0 0 0 0 0 0 0 0 0 0 0 0 0 0 0 0 0 0 0 0 0 0 0 0 0 0 0 0 0 0 0 0 0 0 0 0 0 0 0 0 0 0 0 0 0 0 0 0 0 0 0 0 0 0 0 0 0 0
0 0 0 0 0 0 0 0 5 0 0 0 10 0 0 0 0 9 1 2 0 10 0 0 0 0 0 0 0 0 0 0 0 0 0 0 0 13 7 0 11 0 5 3 5 0 0 0 3 1 0 0 0 0 0 0 0 0 0 0 0 0 0 0 0 0 7 0 0 16 0 5 8 0 6 0 2 0 5 0 0 0 0 0 0 0 0 0 0 0 0 0 9 0 0 6 0 2 0 8 0 0 4 2 0 0 5 0 0 0 0 0 0 0 0 0 0 0 0 0 0 10 0 12 0 40 219 247 78 27 0 1 4 8 0 0 0 0 0 0 0 0 0 0 0 0 0 0 6 0 0 2 6 185 255 252 237 140 14 0 0 8 0 4 0 0 0 0 0 0 0 0 0 0 0 0 0 0 14 0 21 237 251 255 255 241 124 10 0 0 0 8 0 0 0 0 0 0 0 0 0 0 0 0 0 5 0 6 212 255 251 69 154 255 233 54 0 0 10 0 0 0 0 0 0 0 0 0 0 0 0 0 1 0 12 64 244 246 141 0 30 175 255 250 55 0 0 3 0 0 0 0 0 0 0 0 0 0 0 0 2 0 10 212 248 255 88 0 0 86 255 242 122 0 0 2 0 0 0 0 0 0 0 0 0 0 0 0 7 0 31 255 237 202 11 6 0 11 250 239 217 20 0 0 0 0 0 0 0 0 0 0 0 0 0 0 0 0 149 251 255 89 0 0 10 0 224 249 255 22 0 3 0 0 0 0 0 0 0 0 0 0 0 0 0 44 245 253 209 16 0 2 0 5 170 255 247 13 0 6 0 0 0 0 0 0 0 0 0 0 0 0 0 113 250 255 52 0 8 0 0 8 99 255 253 45 6 0 0 0 0 0 0 0 0 0 0 0 0 0 4 196 251 255 2 16 2 0 6 5 69 253 255 63 10 0 0 0 0 0 0 0 0 0 0 0 0 0 37 255 248 167 3 0 0 7 0 0 85 250 249 28 0 3 0 0 0 0 0 0 0 0 0 0 0 0 120 254 255 78 0 0 1 0 5 0 79 254 254 21 5 0 0 0 0 0 0 0 0 0 0 0 0 0 121 255 221 4 0 7 0 9 0 0 174 244 255 0 5 13 0 0 0 0 0 0 0 0 0 0 0 0 125 248 229 0 10 12 0 0 7 17 165 255 240 10 15 0 0 0 0 0 0 0 0 0 0 0 0 0 218 255 238 0 0 0 11 3 0 6 254 252 158 2 4 4 0 0 0 0 0 0 0 0 0 0 0 0 224 238 219 21 8 0 5 0 30 147 243 220 42 0 0 8 0 0 0 0 0 0 0 0 0 0 0 0 215 255 238 102 100 88 123 177 218 248 255 47 12 4 0 0 0 0 0 0 0 0 0 0 0 0 0 0 120 226 255 255 255 245 250 255 252 241 145 15 0 1 2 10 0 0 0 0 0 0 0 0 0 0 0 0 0 75 154 253 248 255 235 147 132 25 6 0 0 2 0 0 0 0 0 0 0 0 0 0 0 0 0 0 0 0 0 0 0 0 0 0 0 0 0 0 0 0 0 0 0 0 0 0 0 0 0 0 0 0 0 0 0 0 0 0 0 0 0 0 0 0 0 0 0 0 0 0 0 0 0 0 0 0 0 0 0 0 0 0 0 0 0 0 0 0 0 0 0 0 0 0 0 0 0 0 0 0 0 0 0 0 0 0 0 0 0 0 0 0 0 0 0 0 0 0 0 0 0 0 0 0 0 0 0 0 0 0
0 0 0 0 0 0 0 0 0 3 0 0 10 0 11 0 10 0 0 0 0 0 0 9 0 0 0 0 0 0 0 0 0 0 0 0 1 11 0 3 0 0 0 9 0 0 9 14 11 5 0 0 0 0 0 0 0 0 0 0 0 0 0 0 0 0 4 0 6 10 0 0 7 7 0 0 0 0 4 0 0 0 0 0 0 0 0 0 0 0 0 0 15 10 0 0 5 6 0 9 0 0 11 1 0 8 0 2 0 0 0 0 0 0 0 0 0 0 0 0 2 0 0 20 0 0 16 115 255 154 31 5 5 0 0 7 0 0 0 0 0 0 0 0 0 0 0 0 0 0 15 0 0 0 147 250 249 255 234 90 1 13 0 0 0 0 0 0 0 0 0 0 0 0 0 0 1 0 9 0 20 32 206 252 245 255 227 255 210 36 25 0 0 0 0 0 0 0 0 0 0 0 0 0 0 8 27 225 231 233 255 254 212 101 223 240 255 226 0 0 0 0 0 0 0 0 0 0 2 4 3 0 7 81 238 255 255 255 244 234 61 0 22 120 255 227 10 2 0 0 0 0 2 2 2 1 0 0 0 8 3 150 250 245 156 240 239 89 0 26 0 12 215 248 91 7 0 0 0 0 0 4 2 0 0 0 0 7 85 255 248 150 83 247 211 9 3 0 0 11 152 248 229 0 0 0 0 0 0 7 0 0 5 12 0 0 224 236 218 31 74 237 198 0 8 0 0 7 151 250 254 0 0 0 0 0 0 6 0 0 6 0 0 30 234 254 63 0 67 255 62 9 0 0 14 0 150 255 223 0 0 0 0 0 4 0 0 10 9 0 28 144 246 185 11 0 83 248 61 0 2 0 8 0 160 250 125 1 0 0 0 0 0 0 0 9 8 0 82 243 248 130 0 0 85 247 51 10 0 6 0 34 223 223 0 7 0 0 0 0 0 10 1 0 0 12 113 255 255 22 6 0 64 244 58 0 13 0 20 144 252 240 10 0 0 0 0 0 2 4 0 0 13 1 120 247 255 29 0 0 4 157 58 0 9 2 23 251 255 145 0 3 0 0 0 0 0 6 1 4 0 0 135 255 250 13 3 0 1 7 0 7 0 0 165 252 218 20 14 0 0 0 0 0 0 0 0 10 0 0 130 240 248 37 5 0 3 0 17 0 19 127 243 255 75 0 0 3 0 0 0 0 3 0 0 1 1 6 105 248 255 107 0 5 11 0 0 7 140 255 239 129 0 8 0 3 0 0 0 0 0 0 10 0 0 0 59 254 254 212 42 1 0 0 33 142 255 244 139 0 0 5 1 0 0 0 0 0 0 0 9 0 0 0 0 147 246 250 203 158 136 159 217 240 249 120 16 0 2 2 0 2 0 0 0 0 0 0 0 6 4 5 0 18 248 227 255 255 241 247 255 251 131 6 0 0 15 0 3 1 0 0 0 0 0 6 0 14 0 0 16 0 0 164 255 241 255 251 139 102 4 0 13 5 0 3 3 0 0 0 0 0 0 0 0 0 0 0 0 0 0 0 0 0 0 0 0 0 0 0 0 0 0 0 0 0 0 0 0 0 0 0 0 0 0 0 0 0 0 0 0 0 0 0 0 0 0 0 0 0 0 0 0 0 0 0 0 0 0 0 0 0 0 0 0 0 0 0 0 0 0 0 0 0 0 0 0 0 0 0 0 0 0 0 0 0 0 0 0 0 0 0 0 0 0 0 0 0 0 0 0 0 0 0 0 0 0 0 0 0 0 0 0 0
0 0 0 0 0 0 0 0 0 7 0 13 0 2 5 0 0 8 8 0 0 0 1 0 0 0 0 0 0 0 0 0 0 0 0 0 0 0 14 0 0 0 4 0 0 0 0 6 2 0 0 13 0 0 0 0 1 1 0 0 0 0 0 0 4 35 0 0 5 0 0 11 6 8 0 0 0 12 0 0 0 0 0 0 2 2 1 0 0 0 0 0 0 0 7 0 7 0 12 0 0 0 0 11 7 0 0 17 0 0 0 0 3 2 0 0 0 0 0 0 0 44 230 255 4 5 2 0 2 2 0 0 0 0 0 0 0 0 0 0 2 1 0 0 0 0 1 2 11 204 255 245 134 8 0 19 3 2 2 5 8 7 4 1 0 0 0 0 1 0 0 0 0 1 3 5 80 255 250 249 90 0 9 43 150 128 139 163 120 29 0 3 0 0 0 0 0 0 0 0 0 2 5 6 187 242 248 83 0 6 49 233 246 255 255 247 255 253 140 4 0 0 0 0 3 0 0 0 0 7 0 55 253 245 226 32 187 205 205 187 58 73 95 234 233 254 255 183 60 4 0 1 4 0 0 6 0 0 11 123 253 255 244 255 198 101 44 75 2 0 10 8 122 227 255 255 197 4 0 0 5 0 0 9 0 0 52 208 245 255 241 235 33 5 0 18 10 0 0 2 3 22 149 255 221 22 9 12 5 0 0 4 0 0 85 255 253 248 254 141 13 0 0 0 0 14 9 0 0 5 72 247 254 93 0 0 3 0 0 0 0 3 101 255 255 255 201 1 0 8 18 0 6 0 9 2 0 2 165 250 228 72 0 0 1 1 0 0 0 3 106 247 255 247 81 6 8 0 0 8 0 29 0 1 3 7 190 255 187 0 0 11 0 1 2 0 3 0 105 248 252 234 59 9 0 13 8 0 0 0 0 0 7 182 246 244 186 2 0 1 0 0 3 0 6 0 105 255 186 80 6 0 0 0 0 0 4 2 0 21 119 224 255 253 45 0 0 2 0 0 15 0 0 3 247 249 229 17 0 6 5 0 7 0 1 9 13 173 255 251 255 120 0 0 0 0 5 0 4 0 1 7 219 255 255 0 23 0 0 0 0 0 0 3 81 255 255 231 232 2 0 0 0 0 3 0 1 0 2 0 140 236 250 0 5 0 17 7 0 14 20 192 255 255 242 136 18 0 0 0 0 0 0 0 1 3 1 0 92 243 255 136 0 0 3 0 12 82 217 251 248 249 138 0 0 0 0 0 0 0 0 2 0 0 0 12 98 255 247 230 46 1 2 44 159 255 255 231 207 85 0 2 0 8 0 0 0 0 0 2 1 1 0 9 64 209 242 255 247 255 255 238 243 251 251 122 9 10 10 0 7 0 0 0 0 0 0 1 4 8 0 0 5 70 240 252 241 244 253 255 240 255 82 23 0 0 0 8 0 15 0 0 0 0 3 0 0 3 0 0 0 3 57 241 255 255 240 237 103 57 1 5 0 3 1 0 3 0 0 0 0 0 0 0 0 0 0 0 0 0 0 0 0 0 0 0 0 0 0 0 0 0 0 0 0 0 0 0 0 0 0 0 0 0 0 0 0 0 0 0 0 0 0 0 0 0 0 0 0 0 0 0 0 0 0 0 0 0 0 0 0 0 0 0 0 0 0 0 0 0 0 0 0 0 0 0 0 0 0 0 0 0 0 0 0 0 0 0 0 0 0 0 0 0 0 0 0 0 0 0 0 0 0 0 0 0 0 0 0 0 0 0 0 0
0 0 0 0 0 0 0 0 2 0 0 5 11 4 0 0 0 0 0 7 6 0 0 0 0 0 0 0 0 0 0 0 0 0 0 0 0 8 10 0 0 0 0 0 5 3 0 0 0 3 8 5 0 0 0 0 0 0 0 0 0 0 0 0 4 0 0 0 5 8 7 5 0 4 11 8 0 0 0 0 0 0 0 0 0 0 0 0 0 0 0 0 0 0 6 3 0 0 0 3 0 0 0 5 7 0 3 14 0 0 0 0 0 0 0 0 0 0 0 0 0 8 9 0 0 14 9 0 7 0 0 0 3 4 0 0 0 0 0 0 0 0 0 0 0 0 0 0 12 0 0 0 1 0 0 9 0 13 16 0 0 2 12 7 0 0 0 0 0 0 0 0 0 0 0 0 2 0 1 15 5 0 47 115 158 163 149 102 41 0 0 1 0 0 0 0 0 0 0 0 0 0 0 0 1 3 0 7 86 194 253 254 255 243 255 255 219 107 23 0 0 0 0 0 12 0 5 6 0 1 0 11 0 9 0 160 240 235 255 255 227 77 25 128 255 239 184 5 0 0 0 0 0 7 4 0 7 8 0 0 17 0 55 237 255 255 255 245 240 94 9 0 122 255 255 124 0 0 0 0 0 2 0 3 2 0 0 10 0 14 44 243 249 250 198 208 250 51 9 0 13 150 253 150 0 0 0 0 10 0 3 5 0 0 5 3 2 47 186 244 251 92 14 97 147 0 0 15 0 59 255 235 0 0 0 0 4 0 13 0 0 20 0 0 29 208 249 248 110 0 10 35 6 0 0 0 0 84 254 253 0 0 0 0 0 6 2 0 12 0 0 102 216 255 223 63 0 0 1 0 0 14 12 0 0 166 218 174 0 0 0 0 0 4 0 4 5 1 109 237 250 164 9 10 9 13 0 8 14 0 0 0 51 246 255 133 0 0 0 0 0 8 0 14 0 64 253 255 190 10 6 0 0 0 12 0 0 5 0 18 166 255 236 17 0 0 0 0 7 0 15 1 35 220 247 237 55 6 0 0 0 10 0 6 2 1 29 223 235 252 24 7 0 0 0 0 2 0 0 4 118 255 243 82 6 0 6 13 3 0 0 0 15 119 255 233 252 78 16 0 0 0 0 0 0 3 0 6 195 252 159 13 0 2 2 0 0 4 20 6 138 237 243 218 73 0 0 0 0 0 0 0 0 0 5 0 245 233 68 0 3 7 1 7 0 0 126 231 249 255 143 7 7 0 18 0 0 0 0 0 1 0 7 0 253 255 132 10 11 0 0 35 122 200 255 246 194 74 0 11 2 0 0 8 0 0 0 0 5 0 0 6 173 236 255 167 95 125 163 213 251 248 181 80 0 0 3 0 8 12 0 0 0 0 0 0 1 0 0 4 59 95 219 253 255 239 255 255 189 80 9 2 3 0 20 11 0 0 3 0 0 0 0 0 0 8 14 0 3 0 38 142 160 160 156 77 7 1 0 1 9 0 0 0 7 0 1 6 0 0 0 0 0 0 0 0 0 0 0 0 0 0 0 0 0 0 0 0 0 0 0 0 0 0 0 0 0 0 0 0 0 0 0 0 0 0 0 0 0 0 0 0 0 0 0 0 0 0 0 0 0 0 0 0 0 0 0 0 0 0 0 0 0 0 0 0 0 0 0 0 0 0 0 0 0 0 0 0 0 0 0 0 0 0 0 0 0 0 0 0 0 0 0 0 0 0 0 0 0 0 0 0 0 0 0 0 0 0 0 0 0 0 0 0
0 0 0 0 0 0 0 0 0 6 2 0 0 2 0 1 0 3 4 0 4 8 0 5 0 0 0 0 0 0 0 0 0 0 0 0 0 0 2 3 2 0 2 6 9 3 0 0 10 0 8 0 0 0 0 0 0 0 0 0 0 0 0 0 1 0 1 4 0 0 1 1 0 0 0 7 5 0 9 0 0 0 0 0 0 0 0 0 0 0 0 0 6 0 0 1 0 4 7 0 12 16 0 0 0 11 6 2 0 0 0 0 0 0 0 0 0 0 0 0 1 1 1 0 2 9 6 0 0 7 31 136 239 226 43 2 0 0 0 0 0 0 0 0 0 0 0 0 0 6 2 0 0 0 0 16 84 220 255 231 254 253 52 0 0 0 0 0 0 0 0 0 0 0 0 0 0 6 0 0 1 0 25 124 255 252 247 243 255 153 0 6 0 0 0 0 0 0 0 0 0 0 0 0 0 0 0 3 12 0 87 255 251 245 255 247 251 96 0 2 0 0 0 0 0 0 0 0 0 0 0 0 1 4 0 3 0 0 219 248 255 224 75 206 231 0 9 0 0 0 0 0 0 0 0 0 0 0 0 0 0 3 0 11 0 35 255 255 255 111 0 203 240 11 0 9 0 0 0 0 0 0 0 0 0 0 0 0 11 0 17 0 42 226 242 255 99 2 43 214 196 0 0 0 0 0 0 0 0 0 0 0 0 0 0 0 0 0 11 132 230 254 239 22 1 22 160 251 88 1 0 0 0 0 0 0 0 0 0 0 0 0 0 0 7 13 30 227 255 251 55 11 0 20 248 255 122 10 20 1 0 0 0 0 0 0 0 0 0 0 0 0 0 0 198 255 253 105 1 0 0 32 255 240 102 0 0 0 0 0 0 0 0 0 0 0 0 0 0 0 34 147 255 230 143 8 0 44 144 221 255 241 6 12 0 26 0 0 0 0 0 0 0 0 0 0 0 0 151 252 248 196 33 10 71 194 243 255 244 143 2 4 3 0 0 0 0 0 0 0 0 5 1 10 0 63 199 255 156 112 45 8 204 254 251 255 170 38 0 0 0 6 0 0 0 0 8 6 2 0 0 0 20 137 247 216 41 1 20 113 255 249 255 161 51 0 0 2 0 0 0 0 0 0 0 0 0 1 5 9 128 255 242 86 10 33 111 255 255 250 151 33 0 2 0 0 3 0 0 0 0 0 0 0 3 0 0 19 196 255 143 0 80 181 255 237 234 100 20 0 0 19 0 0 3 0 0 0 0 0 5 0 7 0 0 47 250 239 143 216 249 255 252 255 31 0 0 0 1 0 0 0 0 0 0 0 0 0 1 0 1 0 0 72 255 255 244 250 255 251 184 35 10 5 2 10 0 0 5 4 0 5 0 0 0 0 0 1 0 0 0 30 208 244 255 255 235 111 30 0 0 5 0 1 0 0 7 0 0 8 0 0 0 0 0 12 0 6 3 0 152 253 147 128 54 0 0 5 0 0 0 0 4 2 0 0 2 0 0 0 0 0 0 0 0 0 0 0 0 0 0 0 0 0 0 0 0 0 0 0 0 0 0 0 0 0 0 0 0 0 0 0 0 0 0 0 0 0 0 0 0 0 0 0 0 0 0 0 0 0 0 0 0 0 0 0 0 0 0 0 0 0 0 0 0 0 0 0 0 0 0 0 0 0 0 0 0 0 0 0 0 0 0 0 0 0 0 0 0 0 0 0 0 0 0 0 0 0 0 0 0 0 0 0 0 0 0 0 0 0 0 0 0 0
0 0 0 0 0 0 0 0 0 0 0 5 9 1 0 0 0 0 19 0 0 0 5 0 0 0 0 0 0 0 0 0 0 0 0 0 0 15 8 0 0 4 10 0 15 0 0 13 0 24 0 8 0 0 0 0 0 0 0 0 0 0 0 0 0 0 0 14 14 0 0 1 6 0 10 0 3 0 4 0 0 0 0 0 0 0 0 0 0 0 0 0 0 0 0 0 0 0 8 15 0 9 0 16 0 0 13 0 0 0 0 0 0 0 0 0 0 0 0 0 5 0 0 4 3 0 0 0 7 2 0 3 0 0 0 5 0 0 0 0 0 0 0 0 0 0 0 0 0 0 14 10 0 12 134 255 240 213 233 72 5 5 0 9 0 0 0 0 0 0 0 0 0 0 0 0 2 9 0 0 35 152 228 241 253 255 255 154 20 24 0 0 0 0 0 0 0 0 0 0 0 0 0 0 0 0 0 23 122 235 255 252 252 246 246 255 203 58 21 0 0 0 0 0 0 0 0 0 0 0 0 0 9 0 7 12 200 255 254 228 169 68 45 252 236 152 0 7 0 0 0 0 0 0 0 0 0 0 0 0 0 0 13 196 249 245 194 35 4 0 17 221 255 202 8 0 0 0 0 0 0 0 0 0 0 0 0 0 17 9 71 255 242 78 9 8 1 10 0 134 245 172 5 11 0 0 0 0 0 0 0 0 0 0 0 0 0 106 255 255 95 8 11 0 0 0 3 151 255 147 0 0 0 0 0 0 0 0 0 0 0 0 0 0 39 206 255 218 44 0 10 0 9 0 5 168 247 123 2 13 0 0 0 0 0 0 0 0 0 0 0 0 153 255 214 46 7 0 0 10 2 0 33 224 249 128 7 0 0 0 0 0 0 0 0 0 0 0 0 0 254 238 173 1 0 0 11 0 0 0 29 252 246 138 12 1 0 0 0 0 0 0 0 0 0 0 0 0 243 253 56 0 10 0 0 3 3 0 17 255 248 130 0 0 0 0 0 0 3 5 0 0 6 0 0 52 248 229 27 0 1 0 3 6 0 0 94 252 254 56 0 0 0 0 0 0 0 2 0 0 12 2 10 55 247 203 3 2 8 9 8 0 4 46 249 233 177 7 0 1 0 0 0 0 0 5 0 0 6 0 2 28 248 201 6 4 0 0 3 8 48 163 233 255 62 0 0 10 0 0 0 0 0 7 0 0 0 0 0 0 246 195 0 0 4 11 9 35 228 254 255 185 20 13 0 1 0 0 0 0 0 3 1 0 1 5 1 0 230 198 7 0 0 0 72 232 255 247 209 33 0 5 5 0 0 0 0 0 0 1 2 0 1 6 4 0 146 255 146 81 123 204 241 255 255 238 90 16 0 2 1 0 0 0 0 0 2 0 3 2 0 0 0 0 127 243 247 247 255 250 255 255 129 59 13 0 1 12 0 12 0 0 0 0 3 0 2 4 0 0 5 1 36 189 255 251 247 232 178 48 0 7 0 16 0 0 12 0 0 0 0 0 0 0 0 0 0 0 0 0 4 9 119 149 183 45 15 0 0 0 0 0 0 0 0 0 0 0 0 0 0 0 0 0 0 0 0 0 2 0 15 0 14 0 2 0 0 0 0 0 0 0 0 0 0 0 0 0 0 0 0 0 0 0 0 0 0 5 2 0 0 11 10 0 0 0 0 0 0 0 0 0 0 0 0 0 0 0 0 0 0 0 0 0 0 0 0 2 0 4 0 0 0 0 0 0 0 0 0 0 0 0 0 0
0 0 0 0 0 0 0 0 5 0 0 12 0 0 13 0 1 8 0 0 7 0 0 4 0 0 0 0 0 0 0 0 0 0 0 0 0 0 1 0 0 0 0 3 0 0 0 0 0 6 4 2 0 0 0 0 0 0 0 0 0 0 0 0 6 2 6 0 11 8 0 5 4 4 7 2 0 0 5 1 0 0 0 0 0 0 0 0 0 0 0 0 0 0 0 0 2 7 1 0 0 0 0 18 3 0 0 0 0 0 0 0 0 0 0 0 0 0 0 0 1 0 51 205 255 249 248 213 67 3 0 0 4 0 0 0 0 0 0 0 0 0 0 0 0 0 0 0 5 24 132 229 200 183 234 243 240 144 43 0 0 0 5 0 0 0 0 0 0 0 0 0 0 0 0 0 0 0 151 255 164 0 0 144 255 255 177 51 0 0 6 0 0 0 0 0 0 0 0 0 0 0 0 0 7 0 157 246 255 191 26 0 92 239 255 122 8 0 8 0 0 0 0 0 0 0 0 0 0 0 0 0 3 0 196 251 255 231 129 6 0 90 255 236 49 1 0 0 0 0 0 0 0 0 0 0 0 0 0 0 7 98 255 255 103 93 84 0 7 39 216 242 139 0 0 3 0 0 0 0 0 0 0 0 0 0 0 0 0 176 255 235 30 0 0 10 0 0 132 244 215 23 0 0 0 0 0 0 0 0 0 0 0 0 0 0 17 236 250 156 1 0 0 0 0 0 67 253 253 98 10 2 0 0 0 0 0 0 0 0 0 0 0 0 116 250 255 111 0 15 16 0 0 9 20 225 255 149 6 4 0 0 0 0 0 0 0 0 0 0 0 0 161 247 248 76 5 0 0 12 4 0 0 165 255 170 0 0 0 0 0 0 0 0 0 0 0 0 0 0 160 255 224 8 2 9 0 4 8 0 5 127 255 218 0 6 0 0 0 0 0 0 0 0 0 0 0 0 245 243 166 0 0 0 7 0 0 1 7 103 240 255 0 0 0 0 0 0 1 0 0 5 0 0 0 8 236 255 104 0 17 0 10 0 0 5 0 112 254 198 0 0 0 0 0 0 1 0 0 4 2 0 6 19 255 255 108 4 0 2 3 2 0 4 10 171 254 173 0 12 0 0 0 0 3 0 0 2 1 0 8 21 231 255 96 4 0 0 2 0 0 0 85 255 229 112 2 0 0 0 0 0 4 0 0 0 0 0 1 9 242 255 152 0 3 0 0 12 18 119 240 249 187 18 0 0 0 0 0 0 2 0 0 1 0 0 0 0 242 246 202 11 0 28 0 47 158 255 254 198 0 6 12 0 0 0 0 0 0 0 1 2 2 0 0 0 184 254 255 151 0 47 183 239 255 245 137 20 11 0 0 1 0 0 0 0 1 1 1 0 1 2 2 0 56 255 245 250 255 253 255 254 199 78 7 0 13 4 0 0 0 0 0 0 4 3 0 0 0 0 0 0 13 88 254 255 242 255 231 130 20 0 4 0 0 2 0 9 0 0 0 0 0 0 0 0 0 0 0 0 0 0 0 0 0 0 0 0 0 0 0 0 0 0 0 0 0 0 0 0 0 0 0 0 0 0 0 0 0 0 0 0 0 0 0 0 0 0 0 0 0 0 0 0 0 0 0 0 0 0 0 0 0 0 0 0 0 0 0 0 0 0 0 0 0 0 0 0 0 0 0 0 0 0 0 0 0 0 0 0 0 0 0 0 0 0 0 0 0 0 0 0 0 0 0 0 0 0 0 0 0 0 0 0
0 0 0 0 0 0 0 0 0 2 0 3 0 0 0 1 3 1 0 6 0 0 0 6 0 0 0 0 0 0 0 0 0 0 0 0 0 13 0 0 11 7 0 5 0 1 0 0 0 18 0 0 0 0 0 0 0 0 0 0 0 0 0 0 0 7 0 0 0 0 0 0 0 0 4 5 0 6 0 5 0 0 0 0 0 0 0 0 0 0 0 0 0 0 0 7 8 6 0 4 2 12 0 1 5 9 0 0 0 0 0 0 0 0 0 0 0 0 0 0 0 1 19 0 0 9 10 4 67 86 6 0 0 0 15 9 0 0 0 0 0 0 0 0 0 0 0 0 11 2 0 0 21 0 5 185 255 175 10 0 13 0 0 0 0 0 0 0 0 0 0 0 0 0 0 0 0 0 27 7 0 131 245 252 255 253 237 253 217 111 1 2 0 0 0 0 0 0 0 0 0 0 0 0 0 12 0 0 120 253 244 249 248 254 255 244 255 245 75 10 0 0 0 0 4 0 4 0 3 7 0 3 6 22 50 228 251 251 255 246 255 254 255 255 253 248 251 66 0 0 0 0 2 4 0 7 0 5 4 0 19 177 255 252 250 248 255 255 255 254 187 145 244 255 249 162 0 0 0 0 0 5 0 8 0 8 0 34 186 255 237 255 255 210 252 239 221 83 7 21 148 226 239 248 0 0 0 0 2 2 4 4 9 15 0 137 250 247 255 251 182 0 101 116 9 0 11 3 117 255 255 77 0 0 0 0 0 0 0 0 0 3 73 210 254 255 251 162 19 7 0 0 0 7 0 28 199 253 189 20 0 0 0 0 9 14 12 12 0 62 234 255 253 251 174 11 0 9 12 6 0 18 0 39 255 246 168 0 0 0 0 0 0 0 0 0 9 149 255 245 251 183 11 0 0 1 0 0 5 0 0 37 255 249 221 48 0 0 0 0 0 0 4 0 78 255 245 255 242 92 0 5 12 0 1 4 0 5 7 21 255 251 244 87 0 0 0 0 0 6 17 0 86 254 251 255 205 3 0 2 1 3 0 4 2 2 11 28 250 255 254 79 0 0 0 0 27 0 5 1 189 255 253 249 55 1 0 5 7 0 14 0 0 0 11 64 255 244 253 81 0 0 0 0 0 9 0 0 93 247 250 255 129 0 0 3 0 0 7 0 7 1 56 242 255 252 197 45 0 0 0 0 1 4 0 7 82 235 255 241 220 26 0 3 3 12 0 4 11 52 232 247 254 249 28 0 0 0 0 0 0 1 1 0 0 156 255 255 251 186 34 0 10 0 0 36 98 144 255 249 194 130 0 12 0 0 0 0 2 4 7 12 4 150 255 234 247 255 210 190 204 200 186 216 255 251 246 227 43 0 6 0 0 0 0 0 11 0 9 0 3 0 143 177 170 138 159 160 135 165 149 165 152 145 179 14 0 16 0 11 0 0 0 0 0 17 0 7 0 0 12 0 0 18 0 14 0 2 11 0 0 11 0 6 5 3 0 5 0 0 0 0 0 0 0 0 0 0 0 0 0 0 0 0 0 0 0 0 0 0 0 0 0 0 0 0 0 0 0 0 0 0 0 0 0 0 0 0 0 0 0 0 0 0 0 0 0 0 0 0 0 0 0 0 0 0 0 0 0 0 0 0 0 0 0 0 0 0 0 0 0 0 0 0 0 0 0 0 0 0 0 0 0 0 0 0 0 0 0 0 0 0 0 0 0 0 0 0 0 0 0 0 0 0 0 0 0 0 0 0 0 0 0 0
0 0 0 0 0 0 0 0 0 0 13 0 0 4 0 1 4 0 0 10 0 0 7 0 0 0 0 0 0 0 0 0 0 0 0 0 0 9 0 3 6 0 17 0 0 0 0 0 18 4 0 0 0 0 0 0 0 0 0 0 0 0 0 0 3 0 21 0 0 13 0 0 10 0 9 8 0 0 21 0 0 0 0 0 0 0 0 0 0 0 0 0 0 8 0 0 0 0 17 4 5 0 8 0 0 5 6 1 0 0 0 0 0 0 0 0 0 0 0 0 0 0 0 10 8 0 0 0 6 229 246 255 237 52 0 0 0 0 0 0 0 0 0 0 0 0 0 0 6 0 22 12 0 0 13 106 250 255 241 221 255 236 5 11 0 0 0 0 0 0 0 0 0 0 0 0 0 15 0 0 0 54 189 255 255 246 255 255 252 238 0 0 0 0 0 0 0 0 0 0 0 0 0 0 0 6 5 0 82 222 255 247 246 235 151 205 251 240 12 0 0 0 0 0 0 10 2 0 0 0 0 5 1 14 0 85 215 245 255 247 234 59 19 196 255 231 3 0 0 0 0 0 2 0 0 3 7 2 3 4 0 6 50 219 249 255 245 159 36 0 39 254 243 245 0 8 0 0 0 0 5 0 0 4 1 0 1 0 9 20 202 248 255 250 152 18 0 0 41 248 255 197 11 0 0 0 0 0 2 0 7 2 0 0 2 0 0 97 255 255 238 188 51 0 13 9 45 239 255 95 14 0 0 0 0 0 0 0 9 0 0 12 1 0 33 178 255 245 207 3 6 0 0 0 60 255 255 96 6 8 0 0 0 0 5 0 3 0 3 11 0 6 187 255 251 230 83 0 0 8 0 26 166 255 255 112 0 0 0 0 0 0 8 0 1 0 2 0 0 85 250 250 245 71 0 2 0 0 4 123 255 255 188 34 0 1 0 0 0 0 0 0 5 0 3 0 35 197 253 253 245 33 6 0 9 5 9 195 243 250 109 0 5 0 0 0 0 0 0 0 0 0 1 13 99 255 255 234 83 0 0 11 0 15 156 244 255 243 29 0 11 0 0 0 0 0 8 0 0 0 0 0 138 250 246 224 1 0 7 1 13 48 248 250 255 197 0 12 0 4 0 0 0 0 5 0 2 0 2 0 198 253 233 161 7 13 0 2 14 146 255 247 242 42 4 0 0 0 0 0 0 0 0 0 4 0 7 14 207 255 255 149 12 0 10 59 246 248 255 227 132 0 6 11 9 0 0 0 0 0 0 3 3 0 0 5 135 254 236 222 32 126 179 255 242 255 247 84 4 0 0 0 4 0 0 0 0 0 0 0 0 7 0 0 53 227 255 236 255 255 240 253 251 247 137 0 9 0 18 2 0 11 0 0 0 0 0 0 0 5 3 0 9 123 232 255 248 255 242 255 220 92 0 0 0 3 0 17 0 6 0 0 0 0 0 9 0 0 3 8 0 0 110 174 240 255 157 92 0 7 0 6 0 0 3 0 24 0 0 0 0 0 0 0 0 0 0 0 0 0 0 0 0 0 0 0 0 0 0 0 0 0 0 0 0 0 0 0 0 0 0 0 0 0 0 0 0 0 0 0 0 0 0 0 0 0 0 0 0 0 0 0 0 0 0 0 0 0 0 0 0 0 0 0 0 0 0 0 0 0 0 0 0 0 0 0 0 0 0 0 0 0 0 0 0 0 0 0 0 0 0 0 0 0 0 0 0 0 0 0 0 0 0 0 0 0 0 0 0 0 0 0 0 0
0 0 0 0 0 0 0 0 1 3 4 2 1 1 0 0 11 0 2 2 0 1 1 0 0 0 0 0 0 0 0 0 0 0 0 0 0 0 0 0 0 0 2 4 0 0 0 0 6 5 0 10 0 0 0 0 0 0 0 0 0 0 0 0 2 3 6 7 6 3 0 0 0 14 12 0 0 0 0 0 0 0 0 0 0 0 0 0 0 0 0 0 0 0 0 1 3 0 0 0 0 0 0 11 0 0 9 0 0 0 0 0 0 0 0 0 0 0 0 0 3 0 0 0 0 0 1 6 5 10 0 9 22 8 4 0 0 0 0 0 0 0 0 0 0 0 0 0 2 3 8 9 0 0 0 6 3 45 72 185 252 136 26 13 0 0 0 0 0 0 0 0 0 0 0 0 0 0 3 1 0 3 47 93 168 255 255 236 255 255 154 0 0 0 0 0 0 0 0 0 0 0 0 0 2 1 0 0 1 63 177 255 255 249 247 255 248 255 205 16 0 0 0 0 5 0 0 9 0 0 1 11 0 1 5 0 112 248 254 253 210 212 249 254 255 255 236 110 0 0 0 0 0 3 2 0 0 13 11 0 5 0 20 180 245 254 255 104 29 46 241 249 194 255 255 214 0 0 0 0 0 0 3 4 0 0 1 5 0 2 135 255 255 249 91 7 0 26 44 34 49 226 248 255 0 0 0 0 2 0 0 7 6 0 0 11 12 113 238 243 249 106 3 0 7 8 0 3 74 255 255 127 0 0 0 0 3 8 0 0 4 10 0 0 113 222 254 255 136 14 5 0 5 0 21 0 142 255 253 92 0 0 0 0 0 4 0 0 5 0 3 41 212 255 255 161 1 13 0 2 7 12 0 72 229 255 142 0 0 0 0 0 0 0 0 10 2 0 55 180 255 246 189 12 7 0 17 0 0 9 36 228 255 255 147 0 0 0 0 0 0 10 1 0 0 23 135 255 255 160 10 0 1 11 0 2 15 92 232 255 237 124 11 7 0 0 0 0 2 0 0 13 0 111 246 255 188 42 0 13 9 0 8 30 176 237 255 242 127 7 0 7 0 0 0 0 13 0 4 0 33 219 255 242 68 6 6 0 0 14 147 235 248 255 186 60 0 0 17 0 0 0 0 0 0 1 9 0 147 255 246 223 27 9 52 70 132 183 255 243 248 147 28 0 1 7 9 0 0 0 0 0 0 10 0 3 255 250 228 226 169 205 255 245 238 245 254 210 58 18 0 5 13 0 0 4 0 0 0 0 7 2 0 0 255 255 255 255 249 255 255 255 247 226 120 9 0 0 6 0 0 0 0 4 0 0 0 0 11 0 6 0 107 233 255 253 255 255 213 155 43 17 0 0 25 0 0 0 9 8 0 5 0 0 0 0 0 0 14 0 0 116 137 145 147 97 22 0 0 9 7 10 0 0 17 0 0 3 0 0 0 0 0 0 0 17 0 1 0 1 0 4 2 0 0 4 3 0 0 0 7 0 6 2 2 5 0 3 0 0 0 0 0 0 0 0 0 0 0 0 0 0 0 0 0 0 0 0 0 0 0 0 0 0 0 0 0 0 0 0 0 0 0 0 0 0 0 0 0 0 0 0 0 0 0 0 0 0 0 0 0 0 0 0 0 0 0 0 0 0 0 0 0 0 0 0 0 0 0 0 0 0 0 0 0 0 0 0 0 0 0 0 0 0 0 0 0 0 0 0 0 0 0 0 0 0 0 0 0 0 0 0 0 0 0 0 0 0 0 0 0 0 0 0
0 0 0 0 0 0 0 0 0 3 0 9 0 4 0 0 5 0 0 13 0 11 0 2 0 0 0 0 0 0 0 0 0 0 0 0 0 11 0 0 12 7 0 6 0 8 0 4 0 0 0 12 0 0 0 0 0 0 0 0 0 0 0 0 6 7 0 19 0 0 5 3 0 7 0 0 9 16 3 0 0 0 0 0 0 0 0 0 0 0 0 0 0 11 0 0 12 6 6 0 12 1 0 10 0 0 6 0 0 0 0 0 0 0 0 0 0 0 0 0 0 0 9 9 0 94 248 255 255 165 48 0 0 4 6 0 0 0 0 0 0 0 0 0 0 0 0 0 6 6 0 2 104 218 255 254 251 255 198 47 0 0 0 2 0 0 0 0 0 0 0 0 0 0 0 0 0 0 0 5 134 248 255 239 243 248 255 119 0 0 2 0 0 0 0 0 0 0 0 0 0 0 0 0 0 12 1 0 174 255 232 255 87 30 230 255 85 0 8 0 0 0 0 0 0 0 0 0 0 0 0 0 8 0 13 65 246 246 107 35 0 3 105 250 82 0 8 0 0 0 0 0 0 0 0 0 0 0 0 0 0 10 3 190 255 188 8 0 5 0 47 254 66 0 0 5 0 0 0 0 0 0 0 0 0 0 0 0 1 20 201 246 254 117 0 8 1 0 41 255 96 0 0 1 0 0 0 0 0 0 0 0 0 0 0 0 0 103 255 245 116 20 3 0 0 7 111 244 132 0 0 0 0 0 0 0 0 0 0 0 0 0 0 0 11 189 248 170 10 0 0 0 3 0 184 252 108 0 11 2 0 0 0 0 0 0 0 0 0 0 0 0 40 238 255 46 10 14 0 13 0 1 229 255 61 0 18 0 0 0 0 0 0 0 0 0 0 0 0 0 87 255 140 0 0 0 12 0 1 106 253 211 25 6 9 0 0 0 0 0 0 0 0 0 0 0 0 0 245 238 81 5 8 0 4 0 15 232 255 94 0 6 0 5 0 0 0 0 0 0 1 6 1 0 0 71 250 237 13 0 1 8 0 6 131 255 215 31 10 0 4 0 0 0 0 0 6 1 3 0 0 1 8 124 244 124 0 4 0 0 8 57 236 255 141 13 0 0 6 2 0 0 0 0 0 0 10 2 0 1 4 149 246 53 2 0 6 0 70 235 255 215 34 4 0 0 2 0 0 0 0 0 0 0 9 2 0 2 0 152 255 27 6 0 12 125 230 255 255 153 0 0 0 2 1 4 0 0 0 0 5 0 0 0 0 6 7 137 240 57 11 63 162 248 255 235 142 51 0 0 2 3 0 8 0 0 0 0 6 0 0 0 0 1 0 67 246 137 138 237 255 255 227 136 7 0 0 0 11 3 0 0 0 0 0 0 0 5 0 10 0 0 0 0 186 255 255 248 255 215 108 0 9 0 11 0 0 0 0 5 0 0 0 0 0 7 0 5 0 3 11 0 39 181 254 244 209 74 6 0 0 5 0 4 2 0 7 0 0 0 0 0 0 0 0 0 0 0 0 0 0 0 0 0 0 0 0 0 0 0 0 0 0 0 0 0 0 0 0 0 0 0 0 0 0 0 0 0 0 0 0 0 0 0 0 0 0 0 0 0 0 0 0 0 0 0 0 0 0 0 0 0 0 0 0 0 0 0 0 0 0 0 0 0 0 0 0 0 0 0 0 0 0 0 0 0 0 0 0 0 0 0 0 0 0 0 0 0 0 0 0 0 0 0 0 0 0 0 0 0 0 0 0 0
0 0 0 0 0 0 0 0 7 0 1 0 0 9 0 2 2 0 17 0 0 6 0 5 0 0 0 0 0 0 0 0 0 0 0 0 0 24 0 7 1 0 2 0 4 17 0 8 2 10 0 0 0 0 0 0 0 0 0 0 0 0 0 0 1 0 0 0 9 0 17 0 0 0 0 7 0 0 0 10 0 0 0 0 0 0 0 0 0 0 0 0 13 0 2 0 8 8 0 0 3 0 15 11 0 4 8 0 0 0 0 0 0 0 0 0 0 0 0 0 0 7 0 15 0 4 32 188 249 145 0 0 0 3 0 0 0 0 0 0 0 0 0 0 0 0 0 0 0 0 0 0 9 92 231 249 199 222 11 19 7 4 0 0 0 0 0 0 0 0 0 0 0 0 0 0 2 3 10 5 145 241 255 76 149 255 216 132 16 0 14 2 0 0 0 0 0 0 0 0 0 0 0 0 0 0 0 126 253 202 46 127 206 102 212 247 167 16 0 0 0 0 0 0 0 0 6 0 0 6 0 7 3 0 73 251 218 15 18 26 20 0 16 145 249 133 0 0 0 0 0 0 4 0 0 0 4 6 0 0 9 21 219 245 94 0 0 7 2 0 6 46 227 229 17 0 0 0 0 0 7 0 0 5 3 0 7 0 2 92 255 148 0 5 0 0 0 0 7 0 143 255 72 1 0 0 0 0 0 2 0 4 0 0 14 2 23 235 186 8 10 11 0 16 0 1 0 6 99 246 79 4 0 0 0 0 0 3 1 0 0 0 5 0 149 255 120 8 0 0 23 0 0 19 0 4 118 255 20 0 0 0 0 0 5 0 1 0 5 6 0 9 216 225 46 0 17 0 0 1 3 0 0 0 107 255 0 2 0 0 0 0 8 0 5 0 6 1 0 96 244 134 0 0 5 10 0 0 10 0 14 0 119 237 11 9 0 0 0 0 3 0 13 0 0 0 15 193 252 111 0 12 0 0 5 2 0 4 2 4 198 219 1 0 0 0 0 0 0 0 3 8 0 2 0 199 255 108 9 2 0 3 0 14 0 7 0 129 255 130 0 0 0 0 0 0 0 2 1 0 0 6 0 188 255 52 0 7 14 14 0 0 0 20 63 250 203 0 7 14 0 0 0 0 0 3 0 0 0 0 3 203 242 39 5 0 0 0 0 10 1 0 228 255 62 10 4 0 0 0 0 0 0 0 0 2 3 0 6 210 255 89 5 0 15 9 1 7 46 176 255 114 6 13 0 4 0 0 0 0 0 2 3 0 3 0 1 144 248 142 9 7 6 0 2 50 224 255 119 3 7 0 0 7 0 0 0 0 0 5 7 0 0 12 0 38 236 255 115 46 23 64 173 249 231 81 13 0 0 12 2 0 0 0 0 0 1 0 6 0 0 12 0 0 126 253 255 239 245 253 250 191 24 0 0 5 7 0 0 11 0 0 0 0 12 0 2 5 1 0 0 8 0 108 214 246 236 157 89 4 0 1 6 0 0 11 0 0 0 0 0 0 0 0 0 0 0 0 0 0 0 0 0 0 0 0 0 0 0 0 0 0 0 0 0 0 0 0 0 0 0 0 0 0 0 0 0 0 0 0 0 0 0 0 0 0 0 0 0 0 0 0 0 0 0 0 0 0 0 0 0 0 0 0 0 0 0 0 0 0 0 0 0 0 0 0 0 0 0 0 0 0 0 0 0 0 0 0 0 0 0 0 0 0 0 0 0 0 0 0 0 0 0 0 0 0 0 0 0 0 0 0 0 0
0 0 0 0 0 0 0 0 3 0 12 0 0 9 0 6 11 0 0 5 0 1 5 0 0 0 0 0 0 0 0 0 0 0 0 0 0 14 0 11 15 0 0 0 0 12 15 7 1 8 0 0 0 0 0 0 0 0 0 0 0 0 0 0 0 1 4 6 0 7 3 2 11 0 0 0 0 0 14 0 0 0 0 0 0 0 0 0 0 0 0 0 0 8 12 0 11 9 0 10 0 3 0 0 25 0 0 16 0 0 0 0 0 0 0 0 0 0 0 0 10 0 0 0 0 0 187 240 115 31 0 1 0 2 13 0 0 0 0 0 0 0 0 0 0 0 0 0 3 0 11 13 6 76 253 253 255 200 90 24 0 6 0 0 0 0 0 0 0 0 0 0 0 0 0 0 8 21 0 5 163 255 239 255 250 255 255 204 18 0 3 0 0 0 0 0 0 0 0 0 0 0 0 0 0 9 1 178 250 252 254 249 156 208 250 249 62 11 0 0 0 0 0 0 2 0 13 0 6 5 2 0 0 1 86 240 255 255 227 87 3 1 152 255 98 12 0 14 0 0 0 0 0 0 4 0 0 0 4 2 12 41 246 255 203 86 27 0 0 11 14 248 255 87 18 0 0 0 0 0 10 3 6 4 0 0 4 0 0 109 245 241 52 13 0 3 10 1 0 113 255 199 0 13 0 0 0 0 0 0 0 5 7 2 16 4 20 226 241 72 9 0 7 4 0 15 13 47 232 242 0 0 0 0 0 0 0 5 0 0 3 0 0 0 106 237 241 15 7 0 24 0 8 0 0 6 194 249 7 9 0 0 0 0 5 13 2 0 0 0 0 29 135 226 53 0 0 9 0 13 4 9 0 61 244 255 70 0 0 0 0 0 0 0 0 0 7 8 5 147 255 198 0 10 3 0 12 5 6 0 13 0 177 247 10 3 0 0 0 0 5 0 4 0 4 0 2 212 247 118 9 0 0 10 0 2 0 6 0 1 208 224 0 0 0 0 0 0 0 8 0 0 0 0 0 210 254 94 0 0 1 11 1 0 14 0 153 212 246 135 6 0 0 0 0 0 7 0 0 10 1 13 0 114 244 66 13 6 0 0 5 0 0 112 255 244 234 77 1 5 0 0 0 0 0 0 1 6 0 0 8 148 255 91 3 9 19 3 0 50 242 236 255 224 55 0 3 0 0 0 0 0 0 16 2 0 0 0 15 225 251 123 0 0 0 0 54 225 255 248 249 67 13 14 0 7 0 0 0 0 0 8 0 0 14 0 0 144 255 223 122 132 121 206 251 250 231 255 61 8 0 0 3 0 0 0 0 0 6 0 0 4 1 5 0 13 228 255 238 255 248 250 251 247 149 13 0 5 9 0 12 0 0 0 0 0 5 0 7 6 0 0 4 0 50 183 255 228 252 237 157 72 4 0 5 0 0 0 0 5 0 0 0 0 0 0 1 0 4 0 0 12 0 32 233 194 156 44 4 0 0 6 6 0 20 2 0 1 0 0 0 0 0 0 0 0 0 0 0 0 0 0 0 0 0 0 0 0 0 0 0 0 0 0 0 0 0 0 0 0 0 0 0 0 0 0 0 0 0 0 0 0 0 0 0 0 0 0 0 0 0 0 0 0 0 0 0 0 0 0 0 0 0 0 0 0 0 0 0 0 0 0 0 0 0 0 0 0 0 0 0 0 0 0 0 0 0 0 0 0 0 0 0 0 0 0 0 0 0 0 0 0 0 0 0 0 0 0 0 0 0 0 0 0
0 0 0 0 0 0 0 0 0 9 5 0 0 2 0 1 0 2 3 4 0 0 9 0 0 0 0 0 0 0 0 0 0 0 0 0 2 0 0 3 11 0 0 1 0 2 0 0 10 1 0 4 0 0 0 0 0 0 0 0 0 0 0 0 5 8 3 0 0 3 4 0 13 0 6 11 0 0 8 0 0 0 0 0 0 0 0 0 0 0 0 0 0 0 0 10 4 0 0 5 0 7 8 0 0 0 0 12 0 0 0 0 0 0 0 0 0 0 0 0 0 2 5 0 0 12 15 0 12 0 2 5 11 17 0 0 0 0 0 0 0 0 0 0 0 0 0 0 10 0 0 28 86 182 253 255 249 255 255 235 156 58 0 19 0 0 0 0 0 0 0 0 0 0 0 0 0 0 93 223 255 247 246 255 241 255 249 234 255 195 15 0 0 0 0 0 0 0 0 0 0 0 0 0 110 175 255 255 229 211 184 125 102 70 193 255 239 255 167 0 0 0 0 0 4 2 0 4 0 0 3 7 210 255 236 255 84 0 19 0 0 7 1 141 244 254 254 91 0 0 0 0 0 3 0 0 7 12 0 103 251 241 255 78 0 12 0 0 0 11 0 3 171 246 255 181 0 0 0 0 0 6 0 0 7 0 45 210 255 255 199 0 9 0 1 5 0 5 3 6 78 255 252 244 0 0 0 0 0 4 0 6 0 0 169 255 255 222 100 21 0 0 0 2 14 0 0 18 16 255 245 255 0 0 0 0 0 4 0 1 9 83 247 255 252 251 12 0 0 3 0 7 8 0 0 0 41 249 251 255 0 0 0 0 0 10 0 0 91 226 252 255 255 221 0 0 26 0 2 5 0 3 10 6 25 235 255 245 0 0 0 0 0 5 2 0 194 255 247 253 207 20 17 10 0 0 1 0 2 4 0 3 6 220 255 255 0 0 0 0 5 0 5 2 254 240 255 241 69 0 0 0 17 0 0 11 0 0 0 0 132 255 239 255 0 0 0 0 0 10 0 12 245 253 255 128 0 8 0 2 0 0 12 0 9 0 7 1 155 241 255 156 0 0 0 0 0 4 0 0 255 255 250 146 5 0 9 12 0 0 8 0 0 0 0 40 246 255 234 64 0 0 0 0 1 6 6 0 120 255 239 249 140 9 0 10 0 3 0 0 0 18 4 160 249 255 213 0 0 0 0 0 4 0 0 17 25 200 255 255 234 73 0 0 4 7 0 1 0 0 138 252 246 255 92 0 0 0 0 0 0 8 0 11 3 45 224 245 255 200 79 3 0 0 5 0 15 57 223 246 255 157 0 5 0 0 0 0 0 1 6 0 0 0 74 216 246 255 231 177 150 109 87 60 137 240 248 255 208 7 12 0 0 0 0 0 4 0 3 2 4 27 0 86 218 250 255 254 249 241 249 255 253 255 255 240 94 5 7 0 0 0 0 0 0 6 4 0 3 0 2 5 46 114 224 251 246 255 254 247 255 200 130 43 0 0 9 0 0 0 0 0 0 0 0 0 0 0 0 0 0 2 17 51 101 132 121 92 49 28 5 0 0 4 2 0 0 0 0 0 0 0 0 0 0 0 0 0 0 0 1 0 4 10 4 0 5 0 0 0 0 3 2 0 0 0 0 0 0 0 0 0 0 0 0 0 0 6 8 0 0 0 3 4 0 0 0 2 1 0 0 0 0 0 0 0 0 0 0 0 0 0 0 0 0 0 0 0 0 2 0 0 2 4 5 2 0 0 0 1 0 0 0 0
0 0 0 0 0 0 0 0 0 1 6 0 2 0 8 0 0 0 7 0 8 0 0 5 0 0 0 0 0 0 0 0 0 0 0 0 12 0 0 0 6 0 0 0 4 1 4 0 4 1 2 6 0 0 0 0 0 0 0 0 0 0 0 0 0 1 21 1 0 0 4 0 0 2 0 0 0 9 7 0 0 0 0 0 0 0 0 0 0 0 0 0 15 0 0 0 5 1 0 13 9 0 0 27 2 0 0 9 0 0 0 0 0 0 0 0 0 0 0 0 1 0 7 1 0 6 0 0 0 17 20 73 145 244 179 0 0 0 0 0 0 0 0 0 0 0 0 0 3 0 0 0 0 18 3 20 142 162 194 251 255 255 220 69 0 0 0 0 0 0 0 0 0 0 0 0 1 0 17 21 0 0 79 238 255 255 255 253 236 254 247 101 0 0 0 0 0 0 0 0 0 0 0 0 1 3 0 0 36 191 236 255 254 247 253 254 253 255 243 66 0 0 0 0 6 0 0 4 2 0 6 0 0 5 0 111 206 249 250 255 235 138 133 119 238 255 100 6 0 0 0 0 0 0 0 4 0 0 13 2 8 11 152 246 255 255 251 224 82 5 0 18 43 31 9 0 0 0 0 0 14 4 5 8 0 0 0 0 1 146 232 246 243 255 243 80 9 0 5 14 87 0 10 4 0 0 0 0 0 0 0 0 0 1 0 29 149 234 255 255 245 178 86 0 0 3 33 221 250 232 43 0 0 0 0 0 0 9 0 8 10 0 5 128 255 255 244 234 161 2 14 0 12 0 146 235 255 255 169 19 0 0 0 0 0 0 0 1 0 0 38 205 252 249 255 31 10 0 0 12 0 20 151 255 246 245 128 0 0 0 0 0 6 1 8 12 7 116 186 255 252 251 158 0 20 1 5 0 5 0 58 247 255 251 17 6 0 0 0 0 0 0 10 0 0 195 255 238 254 140 0 14 0 0 15 0 2 2 202 253 249 255 14 0 0 0 0 0 9 0 16 0 0 197 245 255 250 29 0 9 0 2 5 0 1 2 209 253 242 255 5 3 0 0 0 0 0 0 0 13 83 255 255 233 74 0 6 0 8 0 12 1 0 0 190 255 255 195 5 0 0 0 0 0 6 4 1 0 113 247 255 188 0 17 5 2 0 9 0 1 0 37 208 255 246 84 5 2 0 0 0 0 0 0 0 6 251 255 241 158 9 0 0 0 12 0 19 135 123 163 255 249 219 54 20 0 0 0 0 0 0 15 0 0 255 240 238 255 214 185 72 52 50 221 212 251 255 252 255 222 146 0 0 4 0 0 0 0 0 4 0 0 159 252 255 231 255 247 249 248 244 255 255 255 247 255 205 61 0 4 9 0 0 0 0 0 2 0 5 0 2 141 252 255 243 255 245 255 255 239 235 179 188 98 21 0 1 7 0 10 0 0 0 0 0 0 2 5 7 9 77 217 247 255 243 246 251 94 98 0 0 6 3 0 0 1 0 0 0 0 0 0 0 0 0 0 0 0 0 0 0 0 0 0 0 0 0 0 0 0 0 0 0 0 0 0 0 0 0 0 0 0 0 0 0 0 0 0 0 0 0 0 0 0 0 0 0 0 0 0 0 0 0 0 0 0 0 0 0 0 0 0 0 0 0 0 0 0 0 0 0 0 0 0 0 0 0 0 0 0 0 0 0 0 0 0 0 0 0 0 0 0 0 0 0 0 0 0 0 0 0 0 0 0 0 0 0 0 0 0 0 0 0 0
0 0 0 0 0 0 0 0 0 0 0 2 7 0 0 4 0 0 0 2 0 2 0 3 0 0 0 0 0 0 0 0 0 0 0 0 0 6 3 0 0 6 5 4 14 0 20 0 0 5 2 0 0 0 0 0 0 0 0 0 0 0 0 0 4 3 0 0 4 0 0 2 0 2 0 6 5 0 17 0 0 0 0 0 0 0 0 0 0 0 0 0 0 12 9 0 0 12 8 0 14 14 0 0 2 12 0 16 0 0 0 0 0 0 0 0 0 0 0 0 8 0 0 6 3 6 87 200 249 225 63 0 15 0 4 0 0 0 0 0 0 0 0 0 0 0 0 0 0 12 5 0 72 184 249 255 247 255 227 6 3 0 0 11 0 0 0 0 0 0 0 0 0 0 0 0 5 0 9 125 242 253 175 109 238 251 239 54 8 0 23 0 0 0 0 0 0 0 0 0 0 0 0 0 4 0 99 246 233 65 0 20 0 83 237 159 9 2 0 1 0 0 0 0 8 0 5 1 0 0 0 3 10 41 239 233 95 6 8 0 0 5 113 255 106 0 1 0 0 0 0 0 0 0 8 1 4 0 7 0 53 234 254 146 0 0 0 18 0 0 30 212 199 23 11 0 0 0 0 0 0 3 7 0 2 0 11 16 173 255 144 16 3 3 0 0 0 8 0 165 255 77 6 6 0 0 0 0 1 8 1 0 0 0 10 113 251 174 14 15 0 8 0 0 0 7 0 93 255 120 0 5 0 0 0 0 1 5 0 0 5 8 12 224 255 89 1 10 0 0 8 0 4 0 0 29 253 115 8 0 0 0 0 0 1 3 0 2 3 2 26 255 189 14 12 0 11 0 11 0 10 0 0 8 255 49 24 0 0 0 0 0 2 1 1 0 0 0 90 253 90 0 0 9 0 3 0 16 0 0 0 9 243 35 1 0 0 0 0 0 0 0 3 0 5 10 173 255 95 0 10 0 5 0 3 0 5 0 0 26 252 123 0 2 0 0 0 0 0 7 0 10 4 0 208 255 33 0 2 5 0 13 0 7 1 0 0 155 248 120 4 0 0 0 0 0 0 0 0 13 0 11 201 249 89 15 0 3 3 4 0 4 0 22 21 244 255 26 2 4 0 0 0 0 0 0 4 4 0 7 130 250 89 0 0 0 8 18 4 5 20 0 83 255 158 0 0 12 0 0 0 0 0 10 2 0 3 0 33 252 129 11 0 4 0 0 3 0 0 23 231 237 67 17 4 0 0 0 0 0 0 5 1 0 11 3 0 189 251 108 9 0 6 8 4 11 22 194 255 114 0 0 0 0 0 0 0 0 2 0 5 3 0 12 0 60 240 235 116 21 0 5 5 64 242 250 136 15 0 0 11 15 0 0 0 0 7 0 5 4 0 4 0 0 98 237 255 218 153 185 208 255 237 92 12 0 2 12 0 0 0 0 0 0 0 2 0 1 0 0 1 5 0 39 114 255 246 255 200 131 27 2 0 2 3 2 0 3 0 0 0 0 0 0 0 0 0 0 0 0 0 0 0 0 0 0 0 0 0 0 0 0 0 0 0 0 0 0 0 0 0 0 0 0 0 0 0 0 0 0 0 0 0 0 0 0 0 0 0 0 0 0 0 0 0 0 0 0 0 0 0 0 0 0 0 0 0 0 0 0 0 0 0 0 0 0 0 0 0 0 0 0 0 0 0 0 0 0 0 0 0 0 0 0 0 0 0 0 0 0 0 0 0 0 0 0 0 0 0 0 0 0 0 0
0 0 0 0 0 0 0 0 0 0 0 0 0 0 0 0 0 18 3 0 0 17 0 4 0 0 0 0 0 0 0 0 0 0 0 0 0 0 0 0 0 0 0 0 3 0 0 3 5 0 0 2 0 0 0 0 0 0 0 0 0 0 0 0 0 0 0 0 0 0 0 0 0 14 24 0 0 0 8 0 0 0 0 0 0 0 0 0 0 0 0 0 0 0 0 0 0 0 0 0 0 0 0 0 25 0 0 3 0 0 0 0 0 0 0 0 0 0 0 0 0 0 0 0 0 0 0 0 16 9 0 6 0 0 12 0 0 0 0 0 0 0 0 0 0 0 0 0 0 0 0 0 0 0 0 0 0 0 12 85 91 193 219 82 0 0 0 0 0 0 0 0 0 0 0 0 0 0 0 0 0 0 0 0 0 66 187 255 236 242 255 160 0 0 0 0 0 0 0 0 0 0 0 0 0 0 0 0 0 0 0 0 135 223 253 240 255 255 230 100 0 0 0 0 0 0 9 2 0 1 7 0 0 14 0 0 5 0 68 173 242 255 244 251 246 255 231 199 0 0 0 0 6 0 0 0 0 3 6 0 26 0 0 10 6 108 253 255 251 255 194 6 238 232 255 247 0 0 0 0 4 0 0 5 5 0 0 0 0 0 4 81 245 252 251 252 205 11 0 65 243 244 255 174 0 0 0 0 0 1 3 3 3 0 0 6 0 15 186 248 246 252 255 62 46 9 5 77 247 255 192 125 0 0 0 0 0 7 0 0 0 0 0 5 0 155 243 255 238 173 81 20 0 0 7 213 255 225 44 0 0 0 0 0 0 7 0 0 8 0 0 0 72 255 255 242 162 123 0 0 5 0 74 249 252 143 27 6 0 0 0 0 0 5 1 4 9 0 21 87 255 255 247 228 45 0 5 11 1 0 79 255 197 107 6 4 0 0 0 0 2 5 0 0 0 0 98 244 239 255 172 16 14 0 1 0 0 74 237 243 171 6 0 0 0 0 0 0 0 0 0 7 0 59 237 255 255 129 32 8 6 8 0 6 54 198 255 254 132 0 2 0 0 0 0 0 10 0 0 6 4 183 255 252 221 17 0 6 0 21 106 206 246 243 224 99 4 13 5 0 0 0 0 0 3 0 0 4 106 253 250 221 61 0 10 24 158 247 238 255 255 242 51 0 0 0 29 0 0 0 0 0 0 0 0 0 255 255 255 255 167 171 255 243 255 255 255 206 143 31 7 0 0 10 0 1 0 0 0 0 5 10 0 0 244 247 250 255 255 249 255 248 232 157 110 25 0 23 0 0 20 0 0 0 0 0 0 0 0 0 0 7 123 252 225 201 185 205 138 58 54 6 4 0 0 0 6 9 0 0 15 0 0 0 0 0 4 3 0 4 0 86 59 5 8 0 0 12 0 0 12 5 1 0 1 0 5 5 0 15 0 0 0 0 0 4 0 7 6 0 23 0 0 5 2 0 7 11 0 2 2 0 0 0 0 2 3 0 0 0 0 0 0 0 0 0 0 0 0 0 0 0 0 0 0 0 0 0 0 0 0 0 0 0 0 0 0 0 0 0 0 0 0 0 0 0 0 0 0 0 0 0 0 0 0 0 0 0 0 0 0 0 0 0 0 0 0 0 0 0 0 0 0 0 0 0 0 0 0 0 0 0 0 0 0 0 0 0 0 0 0 0 0 0 0 0 0 0 0 0 0 0 0 0 0 0 0 0 0 0 0 0 0 0 0 0 0 0 0 0 0 0 0 0
0 0 0 0 0 0 0 0 2 15 0 0 10 0 0 3 0 0 0 0 0 5 3 0 0 0 0 0 0 0 0 0 0 0 0 0 0 0 17 7 0 0 6 0 0 8 4 2 8 0 0 4 0 0 0 0 0 0 0 0 0 0 0 0 12 14 2 0 6 0 0 8 0 1 0 0 0 5 3 10 0 0 0 0 0 0 0 0 0 0 0 0 0 0 0 8 0 8 15 0 3 0 9 9 0 0 0 0 0 0 0 0 0 0 0 0 0 0 0 0 1 7 1 0 80 179 142 255 234 77 0 12 5 0 1 5 0 0 0 0 0 0 0 0 0 0 0 0 0 2 26 216 255 216 205 246 255 231 179 92 13 2 11 0 0 0 0 0 0 0 0 0 0 0 0 0 8 4 177 255 235 110 0 124 255 252 242 255 255 149 28 0 0 0 0 0 0 0 0 0 0 0 0 0 0 96 255 230 92 6 131 253 237 228 122 106 240 250 98 0 0 0 0 0 1 0 4 0 0 4 0 0 67 249 255 129 0 3 207 160 59 0 12 0 48 242 240 48 0 0 0 0 0 0 1 5 0 2 2 18 198 247 161 6 26 0 77 14 0 0 0 0 11 138 248 115 0 0 0 0 0 0 0 9 0 2 8 86 253 210 16 0 0 18 0 0 11 16 11 10 0 20 234 148 0 0 0 0 4 0 0 0 2 2 5 182 255 119 0 9 0 5 0 7 0 0 0 7 4 13 255 194 0 0 0 0 2 0 4 0 9 1 6 252 227 33 6 0 11 0 13 0 12 2 4 0 2 24 239 137 0 0 0 0 0 0 8 0 12 0 46 255 141 9 0 0 5 9 0 7 0 0 4 0 1 72 240 120 0 0 0 0 0 0 4 0 5 0 134 255 100 7 8 0 13 0 0 2 0 2 4 1 0 112 249 116 0 0 0 0 1 6 0 3 0 2 215 249 83 0 3 0 0 0 1 0 0 9 0 1 0 130 255 114 0 0 0 0 1 0 0 0 3 0 207 255 24 0 2 3 0 0 13 0 0 12 1 0 20 201 255 86 0 0 0 0 0 2 5 0 0 3 226 241 23 0 9 0 5 1 0 0 0 0 0 6 32 238 219 9 0 0 0 0 0 0 5 0 0 2 218 247 94 1 7 0 0 0 0 15 5 10 0 4 189 250 110 0 0 0 0 0 1 0 0 9 0 0 148 255 179 18 0 3 11 5 8 0 0 0 15 174 255 205 25 1 0 0 0 0 0 0 0 11 0 0 47 202 255 141 24 0 7 0 5 0 16 67 170 248 254 63 0 5 0 0 0 0 0 8 0 2 0 13 0 88 240 255 162 78 79 44 75 96 195 239 248 216 65 0 8 0 0 0 0 0 0 8 0 0 1 5 0 10 120 232 255 252 255 242 252 248 255 246 169 33 14 0 2 4 0 0 0 0 0 0 0 5 5 0 16 0 0 34 140 204 239 255 255 187 148 32 9 0 0 5 9 0 0 0 0 0 0 0 0 0 0 0 0 0 0 0 0 0 0 0 0 0 0 0 0 0 0 0 0 0 0 0 0 0 0 0 0 0 0 0 0 0 0 0 0 0 0 0 0 0 0 0 0 0 0 0 0 0 0 0 0 0 0 0 0 0 0 0 0 0 0 0 0 0 0 0 0 0 0 0 0 0 0 0 0 0 0 0 0 0 0 0 0 0 0 0 0 0 0 0 0 0 0 0 0 0 0 0 0 0 0 0 0 0 0 0 0 0
0 0 0 0 0 0 0 0 3 0 0 5 7 2 0 2 0 5 0 0 7 3 0 0 0 0 0 0 0 0 0 0 0 0 0 0 5 1 0 0 0 0 0 0 0 8 2 0 0 2 0 9 0 0 0 0 0 0 0 0 0 0 0 0 0 0 2 3 6 10 8 4 11 0 0 25 0 9 9 0 0 0 0 0 0 0 0 0 0 0 0 0 2 3 1 0 0 4 0 0 0 14 6 0 0 0 0 5 0 0 0 0 0 0 0 0 0 0 0 0 3 2 0 0 0 4 4 1 10 0 20 13 65 126 140 27 0 0 0 0 0 0 0 0 0 0 0 0 0 0 6 8 3 0 0 5 13 48 204 255 250 255 255 135 0 0 0 0 0 0 0 0 0 0 0 0 0 2 8 6 0 0 25 67 209 253 255 243 246 255 255 250 0 0 0 0 0 0 0 0 0 0 0 0 5 0 0 0 2 49 153 250 252 254 248 195 94 220 255 161 0 0 0 0 4 4 1 3 5 0 0 5 6 0 0 19 155 244 252 251 219 255 234 61 0 206 255 138 0 0 0 0 0 0 3 0 0 4 8 0 0 12 24 155 255 252 222 106 3 255 170 8 18 219 255 128 0 0 0 0 8 0 7 12 0 0 10 4 0 0 161 255 255 207 44 0 3 246 101 0 84 255 255 137 0 0 0 0 5 0 0 1 2 0 0 0 22 175 255 255 117 0 10 9 5 152 183 0 29 236 240 132 0 0 0 0 0 5 0 0 11 3 0 28 167 254 246 115 8 19 0 0 0 21 239 48 60 255 246 143 0 0 0 0 1 9 0 0 3 0 54 177 247 234 136 21 0 6 0 0 0 2 22 35 164 223 255 44 0 0 0 0 2 0 0 0 0 31 150 255 246 130 3 0 7 0 8 9 9 0 2 26 186 255 144 2 0 0 0 0 0 0 7 0 20 156 255 247 84 1 0 0 11 0 0 0 0 5 0 145 255 242 39 0 0 0 0 0 0 0 5 4 66 255 253 219 24 6 0 0 11 7 0 0 0 10 85 230 255 207 31 0 0 0 0 0 0 0 0 0 255 246 224 33 7 0 12 18 0 0 12 1 23 57 255 255 203 25 0 5 0 0 0 0 12 0 1 0 242 255 199 0 0 0 0 2 5 7 0 9 185 251 236 202 27 20 0 3 0 0 0 0 0 6 4 7 253 230 218 0 11 19 3 0 0 0 56 175 243 255 255 75 8 13 0 1 0 0 0 0 0 3 0 0 255 246 208 73 13 0 30 71 122 141 224 255 255 199 62 0 0 0 5 4 0 0 0 0 5 7 0 0 107 255 252 252 213 204 241 243 255 254 255 210 125 24 7 4 0 0 0 2 0 0 0 0 0 11 0 11 5 117 253 253 250 255 253 251 251 221 124 29 5 0 0 16 0 2 15 0 0 0 0 0 14 0 0 12 0 0 56 129 139 131 136 128 7 16 18 0 0 16 9 0 4 0 0 1 0 0 0 0 0 0 0 0 0 0 0 0 0 0 0 0 0 0 0 0 0 0 0 0 0 0 0 0 0 0 0 0 0 0 0 0 0 0 0 0 0 0 0 0 0 0 0 0 0 0 0 0 0 0 0 0 0 0 0 0 0 0 0 0 0 0 0 0 0 0 0 0 0 0 0 0 0 0 0 0 0 0 0 0 0 0 0 0 0 0 0 0 0 0 0 0 0 0 0 0 0 0 0 0 0 0 0 0 0 0 0 0 0 0 0 0
0 0 0 0 0 0 0 0 9 0 0 7 0 0 3 0 0 7 0 0 13 0 9 0 0 0 0 0 0 0 0 0 0 0 0 0 0 0 0 0 0 4 7 0 4 1 3 4 0 10 0 6 0 0 0 0 0 0 0 0 0 0 0 0 0 8 7 1 1 0 0 0 0 7 0 0 19 0 11 0 0 0 0 0 0 0 0 0 0 0 0 0 9 0 0 0 15 0 0 10 1 84 117 119 138 51 2 0 0 0 0 0 0 0 0 0 0 0 0 0 0 2 1 0 0 0 30 104 234 255 255 252 255 237 0 12 0 0 0 0 0 0 0 0 0 0 0 0 0 0 0 5 45 112 189 247 255 238 170 147 214 221 11 4 0 0 0 0 0 0 0 0 0 0 0 0 5 0 7 84 192 255 255 208 12 26 14 1 70 26 5 0 0 0 0 0 0 0 0 0 0 0 0 0 0 40 145 247 255 217 117 25 0 0 11 0 5 0 2 2 0 0 0 0 0 1 6 1 0 0 7 0 0 138 245 255 255 233 130 71 0 9 0 7 0 9 0 3 0 0 0 0 4 0 0 0 0 15 0 4 201 255 255 155 59 49 119 228 190 69 15 1 0 0 0 0 0 0 0 0 8 4 4 2 6 2 32 136 238 208 138 33 0 8 17 23 142 219 208 110 74 15 13 3 0 0 0 0 0 7 0 6 0 0 134 248 255 114 5 0 2 2 0 4 0 46 138 255 255 91 52 0 0 0 0 0 0 8 0 9 0 57 213 249 132 25 0 10 4 0 0 20 3 0 12 122 232 255 215 43 0 0 0 0 0 10 1 10 0 203 255 223 24 1 5 0 0 17 10 0 1 0 0 1 123 255 234 126 0 0 0 0 0 0 0 1 30 255 241 130 5 0 0 7 2 0 0 0 16 0 13 0 5 136 255 211 0 0 0 0 10 5 0 11 118 243 189 1 0 4 16 0 0 4 0 0 0 8 3 6 0 9 252 249 0 0 0 0 1 10 0 10 205 252 149 0 1 7 2 0 2 0 0 0 4 0 19 0 1 123 253 251 0 0 0 0 0 0 5 7 255 252 142 8 0 0 0 0 8 3 0 12 0 0 7 5 116 243 250 226 0 0 0 0 12 0 4 0 224 253 143 4 0 9 4 0 0 1 0 0 0 14 16 91 200 255 232 125 0 0 0 0 2 0 4 16 124 255 206 94 0 0 0 0 0 0 7 27 51 138 223 250 255 225 40 0 0 0 0 0 0 7 0 0 7 229 255 235 162 143 135 149 149 132 155 210 255 242 239 255 149 45 16 0 0 0 0 0 7 0 1 12 0 9 92 255 232 255 255 255 251 249 252 255 241 255 247 106 0 8 0 3 0 0 0 0 0 7 1 0 9 11 0 0 55 111 131 112 115 134 126 103 98 4 0 0 2 0 13 0 0 0 0 0 2 0 0 10 0 0 13 0 0 0 0 1 4 0 0 10 5 0 18 0 3 0 0 7 0 0 0 0 0 0 0 0 0 0 0 0 0 0 0 0 0 0 0 0 0 0 0 0 0 0 0 0 0 0 0 0 0 0 0 0 0 0 0 0 0 0 0 0 0 0 0 0 0 0 0 0 0 0 0 0 0 0 0 0 0 0 0 0 0 0 0 0 0 0 0 0 0 0 0 0 0 0 0 0 0 0 0 0 0 0 0 0 0 0 0 0 0 0 0 0 0 0 0 0 0 0 0 0 0 0 0 0 0 0 0 0 0 0 0 0
0 0 0 0 0 0 0 0 0 7 0 0 5 0 0 12 3 0 5 12 0 0 7 0 0 0 0 0 0 0 0 0 0 0 0 0 1 0 0 6 3 7 6 0 4 8 0 0 0 11 8 0 0 0 0 0 0 0 0 0 0 0 0 0 2 2 1 0 0 0 7 8 0 8 5 3 12 0 0 6 0 0 0 0 0 0 0 0 0 0 0 0 1 9 0 0 15 6 0 0 8 5 0 0 8 2 0 0 0 0 0 0 0 0 0 0 0 0 0 0 0 0 18 86 124 107 53 4 0 0 5 3 0 7 11 0 0 0 0 0 0 0 0 0 0 0 0 0 2 11 127 242 255 255 236 166 59 6 0 10 0 0 3 1 0 0 0 0 0 0 0 0 0 0 0 0 3 81 200 255 249 246 255 255 229 113 9 0 0 1 3 7 0 0 0 0 0 0 0 0 0 0 0 0 84 224 255 252 247 214 202 255 255 250 152 33 0 4 0 0 0 0 0 0 0 0 1 0 3 9 0 3 127 251 243 255 219 13 38 121 220 250 255 163 21 5 0 0 0 10 0 1 3 1 0 0 0 0 3 78 235 255 255 236 215 33 0 0 34 198 233 250 150 31 16 0 0 0 1 0 2 0 0 4 0 0 44 193 238 234 247 231 240 86 3 0 2 0 130 255 255 230 65 1 11 12 8 5 0 0 0 5 0 3 88 255 255 255 181 41 45 33 7 0 3 4 0 123 218 255 247 50 0 11 0 0 0 5 0 0 0 4 127 255 246 238 59 0 10 2 0 11 0 10 0 7 128 249 235 114 24 0 0 0 0 3 0 0 0 9 186 247 255 255 42 0 2 14 0 5 3 10 1 0 15 103 243 255 178 0 6 20 0 0 1 5 0 7 247 249 245 181 0 9 9 0 0 12 0 0 0 2 0 73 255 240 243 6 0 9 6 0 3 8 0 0 255 244 255 161 5 0 0 6 16 0 0 0 2 7 0 2 171 255 247 123 1 0 0 0 3 0 0 19 198 247 246 210 13 11 0 0 0 7 8 0 12 0 0 46 208 254 239 180 0 11 7 0 0 5 0 0 116 255 243 255 54 0 0 0 12 0 0 14 0 5 33 171 249 251 255 200 7 0 6 0 0 11 0 0 38 231 255 237 184 26 1 0 13 0 35 64 74 118 205 240 253 249 244 102 0 10 0 0 0 2 0 13 0 119 245 255 244 193 189 191 84 129 218 255 253 222 255 255 253 221 117 0 0 21 0 4 1 0 0 2 0 9 207 246 250 255 255 243 255 254 244 255 240 255 249 214 110 27 1 7 5 0 0 0 1 1 1 0 10 0 90 232 255 246 255 241 252 244 255 255 243 221 122 27 3 11 0 10 4 0 0 0 0 3 9 0 13 5 8 85 109 164 127 255 224 238 103 95 65 2 7 0 15 0 11 0 0 11 0 7 0 0 6 5 0 0 0 8 4 0 12 0 1 4 0 20 0 2 4 3 0 6 0 15 0 2 0 0 0 0 0 0 0 0 0 0 0 0 0 0 0 0 0 0 0 0 0 0 0 0 0 0 0 0 0 0 0 0 0 0 0 0 0 0 0 0 0 0 0 0 0 0 0 0 0 0 0 0 0 0 0 0 0 0 0 0 0 0 0 0 0 0 0 0 0 0 0 0 0 0 0 0 0 0 0 0 0 0 0 0 0 0 0 0 0 0 0 0 0 0 0 0 0 0 0 0 0 0 0 0 0 0 0 0 0 0 0 0
8 5 0 3 0 6 6 0 5 0 0 0 12 12 0 0 0 6 6 0 3 0 5 8 0 0 0 0 0 0 17 1 0 6 6 0 0 8 11 0 0 0 2 5 0 6 6 0 1 17 0 0 0 0 0 0 11 0 5 0 0 0 0 7 0 7 0 0 21 4 0 1 7 0 0 0 0 5 0 11 0 0 0 0 1 0 0 19 1 14 0 0 4 0 4 7 0 0 30 0 0 0 14 1 19 0 0 1 0 0 0 0 0 12 0 0 0 0 12 0 8 5 0 9 11 0 0 0 0 12 0 0 0 0 12 0 0 0 0 0 0 0 4 0 5 0 15 9 0 16 0 0 7 0 3 9 9 15 0 5 0 4 0 0 0 0 0 0 12 0 7 2 0 16 0 0 255 249 253 255 236 255 237 6 0 0 16 0 2 7 0 12 0 0 0 0 0 3 0 0 10 255 240 255 245 255 249 255 255 248 255 250 255 240 255 10 0 0 3 0 0 0 0 0 7 0 0 16 0 255 255 251 255 250 250 255 250 255 249 255 255 255 248 255 7 0 8 0 0 0 0 0 0 8 12 0 255 244 255 247 239 250 255 233 248 255 255 255 244 250 255 248 246 254 0 9 0 0 0 0 0 7 0 0 17 254 247 255 255 252 236 20 4 0 0 0 4 8 248 255 252 255 255 0 0 0 0 0 0 0 0 4 8 255 255 255 255 255 255 0 0 0 0 0 0 0 6 244 255 243 255 0 0 0 0 0 4 5 13 0 0 234 255 247 243 255 255 2 4 15 0 5 0 23 0 246 252 248 248 255 0 0 0 0 0 17 0 0 35 0 255 252 255 255 248 0 0 0 0 4 3 0 0 17 253 255 253 252 0 0 0 0 23 0 7 3 0 5 249 255 251 254 252 9 6 0 3 0 10 0 9 0 250 241 255 248 0 0 0 0 0 12 0 1 9 5 0 255 254 255 255 1 3 0 8 0 0 11 1 0 255 242 255 255 0 0 0 0 9 0 15 0 5 0 14 242 249 255 255 0 4 0 0 0 4 10 0 2 3 247 255 250 0 0 0 0 0 0 16 0 0 4 0 14 252 252 233 11 7 10 0 8 0 0 11 3 0 255 248 255 0 0 0 0 7 1 0 0 0 0 12 0 255 250 255 245 0 0 0 11 12 6 0 0 7 255 238 0 0 0 0 0 4 0 0 20 4 0 10 6 255 255 255 255 238 255 14 0 0 3 0 0 255 247 255 6 0 0 0 0 0 3 3 0 2 4 0 0 2 245 253 242 255 246 255 255 4 0 8 13 246 255 255 0 0 0 0 0 0 4 5 0 0 13 0 15 0 0 255 255 255 255 252 255 255 254 245 251 250 255 242 14 0 0 0 0 0 0 6 9 5 0 0 2 0 22 0 255 247 255 254 255 255 238 255 255 246 255 255 0 0 0 0 0 11 0 0 4 0 0 12 0 4 0 0 9 246 255 247 255 253 255 241 252 255 251 0 13 0 0 0 0 0 0 0 0 0 0 0 0 5 0 6 0 0 3 249 255 251 255 252 244 10 1 0 2 0 0 0 0 0 0 0 0 0 0 0 0 0 0 5 6 12 0 36 0 3 0 0 13 0 5 9 0 0 0 0 0 0 0 0 0 0 0 0 0 3 3 0 0 0 1 0 0 0 6 14 0 10 0 0 6 0 0 0 0 0 0 0 0 0 0 0 0 0 3 6 0 0 11 0 29 0 5 0 0 3 5 0 7 0 0 0 0
0 0 0 0 0 0 0 0 1 6 0 0 0 0 4 2 0 0 8 9 1 0 0 6 0 0 0 0 0 0 0 0 0 0 0 0 0 6 7 0 0 0 0 9 13 9 0 0 0 7 3 0 0 0 0 0 0 0 0 0 0 0 0 0 9 4 0 0 9 17 0 0 0 0 0 6 4 0 0 8 0 0 0 0 0 0 0 0 0 0 0 0 0 0 4 3 0 0 0 0 11 5 0 0 0 0 0 1 0 0 0 0 0 0 0 0 0 0 0 0 5 0 7 18 0 0 18 0 0 3 9 0 0 4 4 0 0 0 0 0 0 0 0 0 0 0 0 0 0 79 153 239 255 252 233 134 30 2 0 0 5 1 0 6 0 0 0 0 0 0 0 0 0 0 0 0 11 207 247 255 251 236 255 233 216 124 31 0 0 0 0 0 0 0 0 0 0 0 0 0 0 0 0 0 0 254 240 184 185 183 255 254 247 255 205 78 0 0 9 0 0 0 0 0 0 8 0 0 8 0 0 7 0 160 218 0 6 12 44 110 222 249 251 245 75 4 0 1 0 0 0 0 0 3 3 3 3 0 0 0 0 32 7 0 98 182 236 234 107 192 247 252 217 28 17 6 0 0 0 0 0 3 4 0 0 3 4 4 0 17 104 255 255 255 234 113 27 10 145 255 255 126 0 3 0 0 0 0 12 0 0 0 1 10 0 0 51 205 255 250 209 105 0 0 4 0 11 246 252 195 3 0 0 0 0 0 2 0 3 0 1 0 0 4 234 243 240 157 0 0 17 0 0 14 5 161 243 240 26 2 0 0 0 0 0 0 11 0 0 0 25 122 242 255 65 7 8 8 0 14 7 0 12 152 233 255 28 2 0 0 0 0 4 0 8 0 0 1 68 239 254 132 0 0 0 0 4 0 9 0 0 241 255 214 48 0 0 0 0 0 0 0 1 0 7 1 63 255 177 0 12 7 1 0 10 0 0 2 74 248 255 174 0 6 0 0 0 0 4 10 0 0 7 0 142 255 23 0 0 3 2 0 0 0 6 6 193 255 238 101 6 0 0 0 0 0 0 0 0 9 0 11 184 243 9 9 3 0 2 0 0 6 0 129 252 254 127 0 0 7 0 0 0 0 3 0 4 7 0 33 240 251 31 0 2 5 0 4 0 8 94 250 241 247 54 1 0 7 0 0 0 0 14 0 0 1 0 29 232 251 20 0 17 0 0 10 13 3 204 255 250 121 19 0 0 0 0 0 0 0 1 0 0 4 3 1 166 251 146 30 0 0 16 0 44 210 255 230 174 4 0 5 2 0 0 0 0 0 0 0 0 3 3 0 115 255 248 71 1 10 0 86 234 255 244 145 15 1 0 28 0 0 0 0 0 0 0 5 2 0 0 2 61 215 255 214 124 134 207 243 255 241 110 22 0 3 22 0 2 3 0 0 0 0 0 0 1 0 0 8 0 91 245 251 243 255 244 254 244 93 21 0 2 2 0 0 12 0 0 0 0 0 0 0 0 0 0 0 0 0 32 191 255 242 220 128 21 3 0 0 0 0 0 0 0 0 0 0 0 0 0 0 0 0 0 0 0 0 0 12 9 0 11 11 0 0 0 0 0 0 0 0 0 0 0 0 0 0 0 0 0 0 0 0 0 0 12 0 0 0 0 0 8 1 0 0 0 0 0 0 0 0 0 0 0 0 0 0 0 0 0 0 0 0 3 0 5 15 0 0 0 0 0 0 0 0 0 0 0 0 0 0 0 0
0 0 0 0 0 0 0 0 2 0 10 0 1 0 11 0 0 3 0 0 2 2 0 0 0 0 0 0 0 0 0 0 0 0 0 0 3 0 0 0 9 2 4 14 4 1 3 6 0 3 6 0 0 0 0 0 0 0 0 0 0 0 0 0 0 9 1 15 0 9 0 0 0 8 0 0 9 6 0 18 0 0 0 0 0 0 0 0 0 0 0 0 11 0 6 0 2 0 17 8 2 7 4 12 0 6 3 0 0 0 0 0 0 0 0 0 0 0 0 0 0 11 0 20 5 0 52 246 251 250 119 5 0 26 0 0 0 0 0 0 0 0 0 0 0 0 0 0 0 9 0 0 5 187 255 241 246 255 254 197 108 27 2 11 0 0 0 0 0 0 0 0 0 0 0 0 1 7 15 20 226 235 253 255 255 251 248 255 255 101 0 0 0 0 0 0 0 0 0 0 0 0 0 0 2 2 49 173 252 255 245 254 248 240 255 251 242 90 9 0 0 0 0 0 2 0 3 1 0 0 0 1 30 77 242 255 244 255 248 186 82 39 162 241 247 95 10 0 0 0 0 0 0 2 5 0 0 9 0 24 176 246 247 240 252 218 143 5 0 0 13 181 252 178 0 5 0 0 0 0 4 1 0 5 0 0 23 151 255 255 255 246 141 40 0 8 0 12 0 88 255 243 74 0 0 0 0 0 7 0 0 4 0 3 131 255 237 250 212 91 0 10 9 0 4 0 12 38 255 253 190 0 0 0 0 0 0 6 0 0 8 68 246 249 255 203 29 0 7 0 0 0 0 0 1 65 250 251 224 5 0 0 0 0 0 4 1 0 5 90 255 235 231 93 0 0 0 2 0 3 3 12 3 58 249 254 234 2 0 0 0 0 3 1 0 2 0 107 252 255 191 0 6 9 0 14 0 3 0 8 0 45 250 253 255 1 0 0 0 0 0 5 0 0 5 166 242 255 187 8 0 2 4 0 0 0 4 1 0 115 255 248 242 0 0 0 0 0 2 0 8 0 4 241 255 176 15 4 0 0 7 2 0 7 1 14 18 206 255 249 177 15 0 0 0 0 0 3 2 0 73 249 233 185 1 2 0 4 7 0 0 0 0 8 178 244 250 246 88 0 0 0 0 0 0 0 13 0 37 246 255 188 12 0 0 6 0 0 5 2 5 95 246 255 255 124 0 7 0 0 0 0 0 12 0 6 32 236 247 250 64 0 2 13 0 2 18 41 109 237 255 243 242 83 14 0 0 0 0 0 0 14 0 4 10 214 255 255 154 22 21 27 37 105 168 255 245 245 255 245 147 23 0 5 0 0 0 0 5 0 20 4 0 101 229 255 247 178 237 255 255 255 241 255 255 255 213 109 0 0 0 0 0 0 0 0 7 0 0 0 19 0 52 211 255 249 255 244 228 255 255 241 250 175 44 6 0 0 1 6 0 0 0 0 0 17 0 0 4 4 0 43 119 212 254 255 253 255 246 140 123 24 0 1 0 6 0 0 0 0 0 0 0 0 0 0 0 0 0 0 0 0 0 0 0 0 0 0 0 0 0 0 0 0 0 0 0 0 0 0 0 0 0 0 0 0 0 0 0 0 0 0 0 0 0 0 0 0 0 0 0 0 0 0 0 0 0 0 0 0 0 0 0 0 0 0 0 0 0 0 0 0 0 0 0 0 0 0 0 0 0 0 0 0 0 0 0 0 0 0 0 0 0 0 0 0 0 0 0 0 0 0 0 0 0 0 0 0 0 0 0 0 0 0
0 0 0 0 0 0 0 0 6 0 0 0 0 4 2 0 6 5 0 1 0 6 4 0 0 0 0 0 0 0 0 0 0 0 0 0 0 18 3 0 0 0 8 0 0 0 5 14 1 22 0 0 0 0 0 0 0 0 0 0 0 0 0 0 0 0 0 11 11 3 0 0 0 10 0 0 0 0 3 0 0 0 0 0 0 0 0 0 0 0 0 0 7 3 0 0 0 9 0 19 0 0 10 0 11 19 0 5 0 0 0 0 0 0 0 0 0 0 0 0 4 0 0 17 0 113 255 182 91 113 0 18 0 11 0 0 0 0 0 0 0 0 0 0 0 0 0 0 3 0 16 0 94 251 247 255 243 253 254 156 125 40 17 2 0 0 0 0 0 0 0 0 0 0 0 0 0 11 6 132 241 246 237 155 129 249 247 249 122 8 0 8 0 0 0 0 0 0 0 0 0 0 0 0 9 0 134 250 253 229 128 1 1 122 255 252 219 11 0 0 0 0 0 0 0 0 5 0 6 10 0 7 4 30 231 255 216 56 0 0 0 9 45 221 250 156 0 0 0 0 0 0 8 0 0 18 0 0 0 0 34 209 255 173 25 7 0 12 0 2 3 148 253 244 115 15 0 0 0 0 0 0 0 0 0 26 5 8 81 255 222 102 5 1 7 0 2 7 0 43 161 255 219 91 0 0 0 0 7 0 6 0 0 0 3 185 255 229 79 3 0 0 9 8 0 8 0 0 52 235 255 180 0 0 0 0 0 0 11 0 6 0 84 255 255 141 4 3 0 14 0 0 0 0 8 0 28 252 255 235 0 0 0 0 0 12 0 0 3 94 234 227 161 34 0 0 0 1 5 11 8 0 5 6 22 237 255 255 0 0 0 0 16 6 0 4 0 153 255 231 67 0 7 0 17 0 0 0 5 0 3 0 2 176 249 255 0 0 0 0 0 0 8 0 6 255 225 134 0 0 0 11 0 5 5 3 0 10 1 0 6 143 255 250 0 0 0 0 0 7 0 0 20 248 255 21 0 0 2 4 1 0 0 1 1 6 1 0 7 160 243 255 0 0 0 0 5 0 21 5 126 255 248 15 10 0 0 0 0 0 0 0 5 0 0 10 41 254 255 228 0 0 0 0 0 3 0 4 134 255 245 89 0 0 1 2 0 2 6 0 0 11 0 11 173 251 225 103 0 0 0 0 1 8 0 4 236 232 255 28 0 0 7 0 0 0 8 0 9 38 154 214 247 241 112 9 0 0 0 0 0 0 10 6 50 255 229 218 31 1 2 13 2 2 16 14 102 225 255 255 210 61 0 0 0 0 0 0 8 10 0 0 0 180 241 255 253 167 125 131 132 161 220 252 255 225 225 107 55 0 2 4 0 0 0 0 0 0 16 0 2 60 176 255 253 242 255 255 248 253 255 226 117 115 7 0 0 3 3 0 0 0 0 0 3 0 0 14 0 0 11 109 116 186 244 202 128 121 90 0 0 0 0 0 8 0 11 0 0 0 0 0 0 0 0 0 0 0 0 0 0 0 0 0 0 0 0 0 0 0 0 0 0 0 0 0 0 0 0 0 0 0 0 0 0 0 0 0 0 0 0 0 0 0 0 0 0 0 0 0 0 0 0 0 0 0 0 0 0 0 0 0 0 0 0 0 0 0 0 0 0 0 0 0 0 0 0 0 0 0 0 0 0 0 0 0 0 0 0 0 0 0 0 0 0 0 0 0 0 0 0 0 0 0 0 0 0 0 0 0 0 0 0 0
0 0 0 0 0 0 0 0 1 0 8 0 0 6 0 8 0 6 0 0 0 13 0 0 0 0 0 0 0 0 0 0 0 0 0 0 1 9 7 6 0 0 0 0 0 0 11 0 26 0 0 0 0 0 0 0 0 0 0 0 0 0 0 0 0 0 0 2 6 0 16 1 0 3 0 13 0 2 0 8 0 0 0 0 0 0 0 0 0 0 0 0 19 5 0 10 1 0 2 0 0 0 1 0 0 0 13 0 0 0 0 0 0 0 0 0 0 0 0 0 0 0 18 3 0 6 0 0 4 0 0 1 5 0 9 0 0 0 0 0 0 0 0 0 0 0 0 0 10 7 0 0 64 203 250 255 255 208 128 127 35 0 0 16 0 0 0 0 0 0 0 0 0 0 0 0 0 0 0 26 161 255 253 239 255 242 255 255 179 17 5 0 0 0 0 0 0 0 0 0 0 0 0 0 0 6 3 114 247 255 246 252 251 255 252 250 114 0 0 5 0 0 0 0 2 0 0 0 1 2 3 2 0 0 34 223 252 136 19 122 237 172 253 255 239 96 10 0 0 0 0 0 1 0 0 0 1 1 1 1 10 19 221 252 173 0 17 16 13 40 138 242 255 225 8 4 0 0 0 0 0 0 1 1 1 0 0 0 0 120 252 228 39 0 0 6 0 0 16 115 236 248 142 9 0 0 0 0 0 0 2 2 0 0 0 0 25 223 250 120 0 12 0 12 0 14 0 13 201 244 220 0 0 0 0 0 0 0 2 2 0 0 0 1 101 252 255 72 5 0 5 0 24 0 0 0 1 224 255 15 0 0 0 0 0 1 3 1 0 0 2 6 154 251 178 51 0 0 12 2 0 3 8 6 0 234 247 15 0 0 0 0 0 2 3 1 0 0 5 11 223 248 73 0 4 0 0 0 3 0 0 15 5 235 253 12 0 0 0 0 0 2 3 0 0 0 8 15 253 235 0 4 0 17 3 0 2 0 10 0 0 232 135 7 0 0 0 0 0 12 0 2 4 9 0 124 255 226 0 4 2 1 0 7 9 0 0 9 77 64 0 9 0 0 0 0 0 3 0 9 0 0 26 219 247 213 17 0 0 0 7 0 4 0 14 32 161 47 12 0 0 0 0 0 1 0 0 8 0 0 11 166 255 218 0 0 0 0 21 0 0 9 61 230 252 32 5 0 0 0 0 0 0 8 0 0 4 6 0 36 249 243 87 18 0 0 0 0 2 42 211 234 138 16 0 0 0 0 0 0 0 12 4 0 0 10 0 7 167 241 222 29 7 20 0 14 17 208 247 231 19 0 1 0 0 0 0 0 1 3 0 0 2 3 0 6 97 255 247 118 6 0 0 30 228 255 160 13 0 0 6 0 0 0 0 0 9 0 0 5 6 0 0 0 13 199 255 255 140 104 163 239 246 251 106 8 0 0 26 0 0 0 0 0 0 0 3 5 0 0 11 10 0 38 255 233 255 255 246 250 255 59 8 0 7 0 0 0 0 0 0 0 0 0 0 0 0 0 0 0 0 0 35 194 255 246 253 163 24 12 0 0 0 4 1 0 0 0 0 0 0 0 0 0 0 0 0 0 9 0 0 20 3 0 23 0 9 3 0 0 2 5 4 0 0 0 0 0 0 0 0 0 0 0 0 0 0 3 1 3 0 0 11 0 0 0 0 0 3 4 2 0 0 0 0 0 0 0 0 0 0 0 0 0 4 5 2 0 2 11 0 0 0 0 1 2 1 0 0 0 0 0 0 0
0 0 0 0 0 0 0 0 0 0 0 0 0 0 0 1 0 2 2 6 0 10 0 1 0 0 0 0 0 0 0 0 0 0 0 0 0 0 0 0 0 0 0 0 0 17 0 0 1 0 8 2 0 0 0 0 0 0 0 0 0 0 0 0 0 0 0 0 0 0 0 0 0 0 5 2 0 4 19 0 0 0 0 0 0 0 0 0 0 0 0 0 0 0 1 1 1 0 0 0 7 0 12 0 0 0 0 8 0 0 0 0 0 0 0 0 0 0 0 0 0 0 1 1 1 0 0 0 0 3 0 100 253 148 11 2 0 0 0 0 0 0 0 0 0 0 0 0 0 0 0 0 0 1 2 3 19 26 204 237 236 181 3 0 0 0 0 0 0 0 0 0 0 0 0 0 1 0 0 0 0 1 5 7 12 212 240 255 251 117 36 8 0 0 0 0 0 0 0 0 0 0 0 0 1 0 0 0 0 2 6 9 210 249 255 240 101 10 0 0 0 0 0 0 0 0 0 0 0 0 0 0 1 0 0 10 0 2 7 173 252 244 253 69 0 1 0 3 0 0 0 0 0 0 0 0 0 0 0 0 0 20 0 2 4 0 194 244 249 255 255 52 13 10 0 3 0 0 0 0 0 0 0 0 0 0 0 0 0 0 6 0 6 102 231 249 227 249 254 81 7 0 1 0 0 0 0 0 0 0 0 0 0 0 0 0 21 1 2 4 92 251 254 231 46 161 253 238 0 0 0 15 0 0 0 0 0 0 0 0 0 0 0 0 0 9 0 105 238 255 233 40 0 112 252 218 66 0 27 0 0 0 0 0 0 0 0 0 0 0 0 0 16 7 77 212 255 255 168 0 0 229 255 220 0 0 0 12 0 0 0 0 0 0 0 0 0 0 0 0 0 0 182 255 247 254 67 9 0 255 250 211 4 13 0 5 0 0 0 0 0 0 0 0 0 0 0 0 1 77 212 255 247 108 31 0 9 251 252 218 0 0 2 0 0 0 0 0 0 3 2 0 0 0 12 0 0 243 255 255 99 1 0 0 58 255 255 217 0 3 9 0 0 0 0 0 2 0 0 7 0 9 4 0 55 244 147 135 93 0 0 15 179 255 232 102 0 0 0 0 0 0 0 0 5 0 0 12 0 6 0 18 146 245 43 0 0 0 12 28 240 253 185 22 0 5 11 2 0 0 0 0 0 2 3 10 0 0 0 115 255 201 10 0 0 24 0 131 255 138 0 0 14 0 0 0 0 0 0 0 0 9 0 2 0 2 5 185 239 255 26 10 8 0 126 249 255 134 8 14 0 0 13 8 0 0 0 0 0 10 0 0 9 0 0 138 254 249 194 71 53 143 255 252 212 36 0 5 3 7 0 0 0 0 0 0 3 4 0 0 2 0 0 41 240 242 252 237 250 255 214 108 30 0 17 0 0 17 11 9 0 0 0 0 0 0 1 7 0 0 15 0 56 255 242 254 255 183 13 3 3 4 0 15 0 0 0 2 0 0 0 0 0 0 0 0 0 0 0 0 0 0 0 0 0 0 0 0 0 0 0 0 0 0 0 0 0 0 0 0 0 0 0 0 0 0 0 0 0 0 0 0 0 0 0 0 0 0 0 0 0 0 0 0 0 0 0 0 0 0 0 0 0 0 0 0 0 0 0 0 0 0 0 0 0 0 0 0 0 0 0 0 0 0 0 0 0 0 0 0 0 0 0 0 0 0 0 0 0 0 0 0 0 0 0 0 0 0 0 0 0 0 0 0
0 0 0 0 0 0 0 0 1 0 2 1 0 0 7 0 4 5 0 3 0 1 2 6 0 0 0 0 0 0 0 0 0 0 0 0 0 0 0 0 0 12 1 0 0 0 0 23 0 0 8 0 0 0 0 0 0 0 0 0 0 0 0 0 8 5 0 6 16 0 7 0 0 21 2 0 7 1 0 4 0 0 0 0 0 0 0 0 0 0 0 0 0 1 0 0 2 10 2 0 20 0 0 0 0 0 0 0 0 0 0 0 0 0 0 0 0 0 0 0 0 6 4 0 20 180 55 5 44 254 253 130 2 10 5 5 0 0 0 0 0 0 0 0 0 0 0 0 0 9 0 27 163 255 151 6 68 255 240 244 35 0 5 0 0 0 0 0 0 0 0 0 0 0 0 0 0 0 0 111 255 236 132 0 49 241 255 255 134 3 0 11 0 0 0 0 0 0 0 0 0 0 0 0 0 4 82 209 247 255 35 8 19 100 243 250 221 41 0 0 0 0 0 0 1 0 2 10 0 0 3 0 1 0 219 254 255 164 1 0 0 10 134 252 243 57 6 0 0 0 0 0 3 4 0 0 0 4 8 0 3 129 242 255 237 126 0 0 3 0 89 255 255 109 4 2 0 0 0 0 1 7 0 0 0 9 2 0 121 224 255 240 213 26 1 0 1 0 0 255 235 209 0 5 0 0 0 0 0 5 3 0 1 0 0 22 172 255 221 114 194 11 0 7 0 0 6 144 251 202 12 0 0 0 0 0 0 0 4 0 3 0 11 110 245 253 78 0 0 0 3 0 0 15 4 106 241 192 0 0 0 0 0 0 1 0 2 0 6 0 45 212 255 250 26 12 3 14 0 0 4 0 0 133 255 189 0 3 0 0 0 0 2 0 2 0 8 0 59 255 241 80 0 8 0 0 13 3 2 5 2 232 233 161 0 9 0 0 0 0 0 0 4 0 9 0 51 252 212 0 7 0 0 5 0 0 0 0 132 253 239 28 0 1 0 0 0 0 0 0 1 2 2 7 49 252 112 0 6 0 2 0 12 0 2 28 174 245 146 0 0 5 0 0 0 0 8 3 3 0 0 0 161 248 123 0 12 11 0 5 10 0 6 189 245 248 20 5 7 0 0 0 0 0 0 0 3 0 13 5 191 253 106 0 1 0 7 6 2 2 132 254 248 205 17 0 0 0 0 0 0 0 0 3 0 0 2 0 67 247 173 73 0 0 1 0 47 239 243 243 253 82 0 9 0 9 0 0 0 0 7 8 0 0 0 4 24 255 255 243 85 81 113 231 230 255 255 246 85 14 0 0 33 0 0 0 0 0 0 0 4 7 0 6 60 221 236 254 255 255 242 255 255 229 234 84 0 0 7 15 0 5 0 0 0 0 0 0 6 3 0 0 15 64 255 225 255 228 251 255 222 111 68 4 16 0 3 3 0 7 0 0 0 0 5 0 0 0 0 20 0 5 54 122 236 221 117 106 0 1 0 0 0 0 0 14 10 0 0 0 0 0 0 0 0 0 0 0 0 0 0 0 0 0 0 0 0 0 0 0 0 0 0 0 0 0 0 0 0 0 0 0 0 0 0 0 0 0 0 0 0 0 0 0 0 0 0 0 0 0 0 0 0 0 0 0 0 0 0 0 0 0 0 0 0 0 0 0 0 0 0 0 0 0 0 0 0 0 0 0 0 0 0 0 0 0 0 0 0 0 0 0 0 0 0 0 0 0 0 0 0 0 0 0 0 0 0 0 0 0 0 0 0 0
0 0 0 0 0 0 0 0 5 0 0 8 0 0 2 0 5 0 0 6 7 0 0 4 0 0 0 0 0 0 0 0 0 0 0 0 0 8 0 0 0 9 0 4 0 15 0 3 0 0 4 0 0 0 0 0 0 0 0 0 0 0 0 0 0 5 0 0 11 0 0 2 0 0 3 8 5 6 7 0 0 0 0 0 0 0 0 0 0 0 0 0 0 0 17 0 2 0 17 0 7 0 19 0 0 0 0 4 0 0 0 0 0 0 0 0 0 0 0 0 6 0 0 5 1 38 61 3 1 14 5 0 1 2 6 0 0 0 0 0 0 0 0 0 0 0 0 0 7 13 6 8 3 194 249 152 135 132 0 13 15 1 11 0 0 0 0 0 0 0 0 0 0 0 0 0 0 0 81 215 226 255 255 205 212 211 36 0 0 0 0 8 0 0 0 0 0 0 0 0 0 0 0 0 2 90 241 255 252 198 138 2 10 135 144 0 6 12 0 0 0 0 0 0 1 0 6 2 0 1 0 10 84 227 253 255 229 35 0 0 2 39 150 0 0 15 0 2 0 5 0 0 3 5 0 0 0 14 7 212 254 255 255 99 1 5 1 22 74 93 245 255 85 53 88 3 1 0 0 0 0 7 0 12 0 0 0 235 250 239 210 46 2 0 112 175 254 255 255 246 255 247 228 76 0 0 13 2 0 6 0 3 0 25 135 232 255 229 41 6 0 119 242 255 246 211 230 200 230 245 255 242 80 3 0 0 1 0 0 0 3 151 255 255 233 81 0 15 12 143 159 131 152 25 0 9 38 213 249 235 63 0 0 13 0 0 6 3 3 246 242 241 179 21 12 0 12 0 0 12 0 6 10 0 0 159 240 255 193 44 0 0 4 7 2 0 0 255 233 240 0 13 0 0 1 21 0 7 15 0 0 0 30 160 253 255 69 0 0 1 0 0 0 2 0 255 254 204 0 0 14 5 0 8 0 1 0 15 3 2 67 255 241 251 74 0 7 0 9 0 3 6 2 241 253 244 126 1 0 1 0 5 0 5 11 0 0 0 228 246 255 242 58 14 0 0 0 10 9 0 3 255 249 255 190 34 10 0 0 0 3 0 0 0 16 90 250 255 251 213 36 7 0 3 18 0 9 0 0 249 251 252 241 191 138 0 14 0 2 20 0 31 187 220 239 255 89 46 10 0 0 4 0 9 0 11 0 59 226 255 253 255 244 145 235 255 250 240 255 255 238 255 255 211 13 3 0 0 2 2 0 13 9 0 8 0 66 215 248 240 255 246 238 246 255 255 247 237 255 253 96 39 17 0 0 0 1 0 0 18 0 0 14 0 0 70 222 237 255 255 243 255 255 242 255 255 205 78 1 12 0 0 5 0 0 0 0 0 16 15 0 12 0 8 0 103 141 142 138 141 131 150 132 121 3 4 9 0 9 3 6 0 0 3 0 11 0 0 10 0 11 0 0 5 0 0 4 4 1 0 6 0 0 6 0 8 0 5 3 0 1 7 0 0 0 0 0 0 0 0 0 0 0 0 0 0 0 0 0 0 0 0 0 0 0 0 0 0 0 0 0 0 0 0 0 0 0 0 0 0 0 0 0 0 0 0 0 0 0 0 0 0 0 0 0 0 0 0 0 0 0 0 0 0 0 0 0 0 0 0 0 0 0 0 0 0 0 0 0 0 0 0 0 0 0 0 0 0 0 0 0 0 0 0 0 0 0 0 0 0 0 0 0 0 0 0 0 0 0 0 0 0 0 0
0 0 1 1 3 5 3 0 12 0 3 0 11 0 0 4 1 0 0 5 0 0 3 3 0 0 0 0 0 2 2 0 0 0 0 0 0 5 0 0 2 3 16 0 0 8 7 0 0 11 17 0 0 0 0 0 1 2 3 0 0 0 0 2 1 1 0 1 1 5 0 0 2 0 0 13 8 0 0 0 0 0 0 0 3 0 0 2 2 0 1 4 4 0 20 0 0 1 0 15 9 6 8 3 0 0 3 0 0 0 0 0 5 0 0 2 5 1 0 0 0 0 8 0 13 0 14 0 0 0 0 0 0 6 9 0 0 0 0 0 6 0 0 1 2 0 0 0 1 4 0 104 198 163 202 148 104 39 4 10 2 0 0 8 0 0 0 0 3 0 0 2 0 0 1 15 0 25 22 153 210 219 255 251 248 216 161 88 19 0 0 2 0 0 0 0 0 0 1 4 0 0 12 37 110 201 198 123 0 47 59 105 218 236 255 250 145 32 0 2 0 0 0 0 0 7 0 1 2 0 72 238 247 253 255 232 70 14 0 0 16 55 39 152 255 189 65 0 0 2 0 4 4 3 4 0 0 23 226 255 206 16 82 150 225 1 0 0 0 0 19 32 215 239 203 66 0 2 0 5 0 8 0 0 16 70 255 213 39 0 0 0 13 0 7 1 7 2 0 0 31 232 237 215 5 0 1 1 0 17 0 0 13 129 220 49 0 7 11 11 6 0 0 0 0 5 0 0 14 19 212 244 28 0 1 0 0 0 4 12 1 255 244 29 6 5 0 0 3 5 7 0 0 0 0 20 0 0 90 255 82 0 5 0 9 0 0 9 0 255 139 0 0 2 0 20 6 6 0 12 1 13 0 3 0 0 62 241 150 6 10 0 3 0 0 3 15 247 129 9 0 0 6 0 0 0 2 0 0 0 20 0 0 1 20 213 202 4 7 0 1 0 15 0 0 255 222 0 5 0 0 8 1 0 2 7 8 17 0 7 4 0 66 250 224 0 0 0 4 0 0 0 5 252 216 0 0 7 1 0 0 0 0 0 0 0 13 0 1 101 253 246 123 17 0 10 3 0 4 3 0 255 232 45 2 2 0 0 10 6 0 5 10 0 3 95 255 255 228 249 36 0 0 7 0 0 2 1 10 148 255 149 15 3 0 0 4 0 0 1 10 51 196 237 255 242 147 10 0 0 4 6 2 6 0 2 0 21 227 248 232 175 87 26 23 59 118 172 198 235 255 255 225 95 0 5 0 6 3 0 7 0 0 11 0 6 71 225 244 255 243 224 228 242 251 255 252 255 248 236 76 5 1 11 4 1 0 0 0 3 0 2 1 6 0 79 214 245 253 242 247 255 255 253 180 118 42 62 0 0 10 0 0 0 0 1 0 11 0 0 24 0 0 0 0 43 89 119 143 143 123 107 0 13 1 5 0 10 3 0 0 0 4 6 2 0 7 0 0 10 0 8 2 5 0 0 0 0 0 5 4 0 10 0 0 2 0 6 1 0 0 0 0 0 0 0 0 0 0 0 0 0 0 0 0 0 0 0 0 0 0 0 0 0 0 0 0 0 0 0 0 0 0 0 0 0 0 0 0 0 0 0 0 0 0 0 0 0 0 0 0 0 0 0 0 0 0 0 0 0 0 0 0 0 0 0 0 0 0 0 0 0 0 0 0 0 0 0 0 0 0 0 0 0 0 0 0 0 0 0 0 0 0 0 0 0 0 0 0 0 0 0 0 0 0 0 0 0 0 0 0 0 0 0
3 5 0 0 3 0 1 0 0 1 2 3 2 0 0 0 3 0 2 12 0 0 17 0 0 0 0 0 0 0 0 4 4 0 0 0 8 6 0 0 0 6 8 6 5 0 0 0 12 0 0 13 0 0 0 0 1 0 2 8 0 0 0 3 0 9 1 0 12 0 0 5 0 18 2 0 2 0 0 7 0 0 0 0 6 0 4 1 0 5 5 1 12 9 0 1 11 3 0 0 0 5 0 19 0 0 11 0 0 0 0 0 6 0 5 0 0 12 0 0 0 73 199 255 242 255 255 251 124 0 14 0 23 0 0 8 0 0 0 0 1 0 7 0 1 8 0 14 23 158 249 255 255 252 244 250 249 221 8 14 0 0 0 4 0 0 0 0 1 0 6 0 7 0 0 83 244 220 110 53 108 124 109 147 247 250 224 13 8 10 0 6 0 0 0 0 6 0 3 0 7 0 9 154 255 98 2 4 1 0 0 0 65 233 255 161 11 0 9 0 0 0 0 0 0 3 4 0 0 17 73 254 234 33 3 10 3 0 4 0 1 38 221 255 168 19 0 17 0 0 0 0 2 0 5 1 2 3 139 254 161 7 0 0 0 0 5 2 5 0 145 241 245 48 0 0 0 0 0 0 4 0 1 1 6 0 214 249 91 1 0 0 0 0 0 2 7 3 0 160 255 215 32 4 0 0 0 0 2 0 0 0 7 31 255 246 40 6 8 0 0 4 0 0 0 7 3 0 209 242 146 1 0 0 0 0 2 5 2 0 9 108 255 234 1 1 0 0 0 8 0 2 0 6 10 1 40 251 213 6 0 0 0 0 0 5 3 0 5 183 250 193 0 4 0 0 0 7 0 3 8 0 0 5 0 199 252 123 0 0 0 0 0 0 2 0 0 232 249 135 0 9 0 7 0 1 0 4 0 7 3 0 4 72 251 255 0 0 0 0 7 0 6 6 3 255 255 97 0 2 0 11 0 0 0 9 7 2 0 0 15 0 242 247 0 0 0 0 0 7 0 0 6 245 255 96 5 0 0 6 0 12 0 0 11 0 5 0 0 0 134 255 37 14 0 0 0 3 0 2 0 255 234 176 0 14 2 3 7 0 0 12 0 0 1 3 14 0 125 240 23 6 0 0 0 0 6 2 0 217 239 228 0 5 2 0 0 0 0 0 17 7 0 0 4 40 237 253 8 0 0 1 4 0 10 0 0 114 255 233 61 0 0 0 0 2 20 0 0 12 13 0 4 209 225 255 0 0 0 1 3 0 7 0 1 23 250 254 219 38 21 10 1 0 0 0 3 0 99 131 224 255 255 88 2 0 0 0 0 2 1 0 3 0 131 255 255 223 225 156 113 106 122 219 251 233 240 255 252 199 72 5 4 2 0 0 0 6 0 0 2 0 24 146 244 255 255 244 247 255 242 252 246 248 255 254 149 23 15 0 2 1 0 0 1 3 0 3 2 0 0 1 8 76 145 255 255 249 255 250 215 140 130 13 10 0 0 9 0 0 0 0 0 0 0 0 0 0 0 0 0 0 0 0 0 0 0 0 0 0 0 0 0 0 0 0 0 0 0 0 0 0 0 0 0 0 0 0 0 0 0 0 0 0 0 0 0 0 0 0 0 0 0 0 0 0 0 0 0 0 0 0 0 0 0 0 0 0 0 0 0 0 0 0 0 0 0 0 0 0 0 0 0 0 0 0 0 0 0 0 0 0 0 0 0 0 0 0 0 0 0 0 0 0 0 0 0 0 0 0 0 0 0 0
0 0 0 0 0 0 0 0 11 0 0 2 8 0 0 0 0 0 0 0 2 0 0 13 0 0 0 0 0 0 0 0 0 0 0 0 0 0 12 0 0 0 9 4 0 14 9 0 0 12 13 0 0 0 0 0 0 0 0 0 0 0 0 0 7 18 0 3 0 15 0 1 12 0 0 0 11 0 0 17 0 0 0 0 0 0 0 0 0 0 0 0 0 0 1 0 9 0 0 0 0 0 17 12 9 0 22 0 0 0 0 0 0 0 0 0 0 0 0 0 7 0 0 66 133 226 254 255 255 223 0 0 0 5 0 0 0 0 0 0 0 0 0 0 0 0 0 0 0 5 111 238 255 245 207 166 163 239 244 34 14 0 0 10 0 0 0 0 0 0 0 0 0 0 0 0 0 39 247 249 179 3 26 0 13 29 255 241 32 19 0 1 0 0 0 0 0 0 0 0 0 0 0 0 21 152 249 238 8 7 10 0 1 0 216 255 206 10 19 0 0 0 0 0 8 0 1 0 0 1 0 0 79 251 248 67 0 0 5 0 0 0 47 244 255 86 0 0 0 0 0 0 0 0 3 2 1 10 0 26 194 250 194 5 0 6 0 2 5 3 0 224 251 122 3 0 0 0 0 0 0 2 4 0 0 5 0 79 255 253 59 0 0 1 5 1 3 2 0 189 245 182 3 0 0 0 0 0 0 5 0 0 0 0 2 167 252 170 0 11 0 0 10 0 0 2 13 175 253 234 9 0 0 0 0 0 0 0 0 2 5 0 44 247 239 32 9 0 11 0 1 2 0 10 2 203 255 228 17 4 0 0 0 0 0 0 0 5 7 0 79 255 221 0 6 0 7 0 5 0 0 12 0 239 253 155 14 0 0 0 0 0 0 0 4 0 1 0 122 249 174 5 0 11 0 0 7 0 0 3 36 254 243 76 3 0 0 0 0 0 0 1 4 0 0 10 170 254 134 0 22 0 12 2 0 5 7 0 158 254 244 40 0 1 0 0 0 0 0 9 0 0 6 0 199 243 97 1 3 0 0 7 9 0 0 73 255 242 191 12 0 2 0 0 0 0 0 0 2 7 2 25 229 255 138 0 0 8 0 0 0 14 75 241 241 255 107 0 24 0 0 0 0 0 6 0 0 0 0 5 162 253 248 239 58 39 63 44 69 199 255 251 250 235 49 0 0 6 0 0 0 0 0 9 0 0 10 0 85 255 255 245 255 229 246 243 255 188 148 255 249 156 0 11 0 3 0 0 0 0 0 4 0 0 16 0 27 189 248 213 66 153 155 76 35 36 143 254 229 4 13 0 0 2 0 0 0 0 11 0 2 2 0 0 0 35 205 255 191 66 0 0 39 162 255 210 27 1 6 0 10 0 0 0 0 0 9 0 7 4 0 8 9 0 60 211 240 255 224 234 245 232 152 24 10 0 0 10 5 0 0 0 0 0 5 0 5 0 9 0 0 3 3 36 148 164 215 162 143 46 0 1 0 0 9 3 0 8 0 0 0 0 0 0 0 0 0 0 0 0 0 0 0 0 0 0 0 0 0 0 0 0 0 0 0 0 0 0 0 0 0 0 0 0 0 0 0 0 0 0 0 0 0 0 0 0 0 0 0 0 0 0 0 0 0 0 0 0 0 0 0 0 0 0 0 0 0 0 0 0 0 0 0 0 0 0 0 0 0 0 0 0 0 0 0 0 0 0 0 0 0 0 0 0 0 0 0 0 0 0 0 0 0 0 0 0 0 0 0 0 0 0 0 0
0 0 0 0 0 0 0 0 9 0 0 0 1 0 0 0 3 3 0 0 11 0 0 6 0 0 0 0 0 0 0 0 0 0 0 0 0 0 0 4 7 5 3 3 0 0 13 8 0 0 10 0 0 0 0 0 0 0 0 0 0 0 0 0 0 1 3 2 0 0 0 0 4 3 0 0 6 17 0 9 0 0 0 0 0 0 0 0 0 0 0 0 3 5 2 0 0 0 0 0 13 0 4 3 3 4 0 2 0 0 0 0 0 0 0 0 0 0 0 0 2 1 0 0 0 4 4 0 0 8 87 141 251 244 128 1 0 0 0 0 0 0 0 0 0 0 0 0 1 0 0 2 1 0 0 0 8 0 161 252 245 253 241 58 0 0 0 0 0 0 0 0 0 0 0 0 3 0 0 4 0 0 0 15 0 0 50 134 152 210 255 173 0 0 0 0 0 0 0 0 0 0 0 0 3 0 0 4 0 0 23 62 110 116 14 0 4 146 255 241 0 0 0 0 0 7 0 0 0 0 0 4 2 0 0 10 0 29 130 248 255 247 93 0 4 154 254 250 0 0 0 0 2 0 0 1 8 3 3 2 1 5 0 10 23 205 255 251 234 61 21 5 14 179 255 236 0 0 0 0 6 0 0 3 1 0 0 0 0 19 0 93 242 250 255 184 76 0 0 0 25 252 254 100 0 0 0 0 3 0 7 2 0 0 0 0 6 0 129 255 247 255 154 20 0 0 2 12 133 254 241 2 0 0 0 0 0 0 11 0 0 11 0 0 5 104 254 250 237 147 28 0 9 0 6 20 237 242 248 0 0 0 0 0 5 0 5 0 3 10 0 7 116 255 234 255 102 23 0 6 1 4 0 34 249 255 150 0 0 0 0 0 6 0 4 0 2 0 0 89 236 255 255 148 0 0 4 0 0 1 21 148 253 198 7 7 0 0 0 0 0 0 8 1 3 0 37 201 254 255 170 22 4 0 0 12 6 0 132 254 251 106 6 4 0 0 0 0 0 6 0 9 1 0 209 255 252 241 64 3 2 0 0 0 0 63 228 255 233 20 25 0 0 0 0 0 2 0 30 0 0 5 255 230 247 72 0 0 9 17 0 2 49 225 251 232 85 7 0 14 0 0 0 0 0 0 0 15 0 9 239 255 255 17 10 0 13 0 0 31 139 253 251 194 0 3 12 0 0 0 0 0 7 15 0 0 0 134 241 248 243 29 2 4 20 49 181 226 255 249 152 47 3 0 7 0 0 0 0 0 0 0 0 20 15 30 255 255 255 163 29 62 241 255 242 240 243 155 31 0 0 0 0 1 0 0 0 0 0 15 0 0 10 0 239 253 254 239 251 255 255 245 250 235 83 12 0 7 2 0 15 0 0 0 0 0 22 0 20 0 3 6 50 240 255 255 250 248 245 204 121 26 0 5 6 0 21 0 0 11 0 0 0 0 0 1 1 4 0 0 1 4 111 242 209 122 84 4 3 2 4 0 0 15 0 10 1 2 0 0 0 0 0 0 0 0 0 0 0 0 0 0 0 0 0 0 0 0 0 0 0 0 0 0 0 0 0 0 0 0 0 0 0 0 0 0 0 0 0 0 0 0 0 0 0 0 0 0 0 0 0 0 0 0 0 0 0 0 0 0 0 0 0 0 0 0 0 0 0 0 0 0 0 0 0 0 0 0 0 0 0 0 0 0 0 0 0 0 0 0 0 0 0 0 0 0 0 0 0 0 0 0 0 0 0 0 0 0 0 0 0 0 0 0
0 0 0 0 0 0 0 0 3 0 7 1 0 9 0 3 0 0 4 3 0 0 4 0 0 0 0 0 0 0 0 0 0 0 0 0 9 0 8 0 0 0 0 0 3 0 0 0 0 0 3 0 0 0 0 0 0 0 0 0 0 0 0 0 0 0 6 2 7 9 0 8 5 0 0 1 0 0 3 0 0 0 0 0 0 0 0 0 0 0 0 0 0 2 0 0 4 1 0 0 4 0 1 5 0 0 6 5 0 0 0 0 0 0 0 0 0 0 0 0 2 3 0 0 3 3 4 5 0 0 1 1 0 0 2 0 0 0 0 0 0 0 0 0 0 0 0 0 0 0 0 9 0 0 11 0 3 5 10 5 0 7 4 0 0 0 0 0 0 0 0 0 0 0 0 0 2 0 0 8 0 2 62 63 69 119 184 223 225 190 106 16 0 0 0 0 0 0 0 0 0 0 0 0 11 0 0 6 2 78 218 255 254 255 254 246 254 255 234 172 0 0 0 0 9 0 0 0 12 0 6 0 0 10 0 0 159 235 248 255 252 255 243 246 255 255 251 250 0 0 0 0 0 13 19 0 6 0 0 0 2 0 0 87 243 255 252 239 252 236 204 249 246 238 245 255 0 0 0 0 7 0 0 0 2 3 4 0 0 7 56 159 249 255 255 207 129 28 57 255 251 253 255 242 0 0 0 0 11 0 5 11 0 0 12 0 4 10 179 255 250 231 195 40 0 23 71 237 255 240 243 255 0 0 0 0 2 0 7 6 0 10 1 5 59 178 255 255 240 104 105 132 143 234 254 255 254 255 251 172 0 0 0 0 4 4 0 0 3 0 0 115 251 255 233 233 210 143 255 255 255 254 255 246 230 255 209 0 0 0 0 0 0 1 12 4 0 14 84 250 249 255 250 255 255 244 253 209 216 246 246 250 255 242 92 0 0 0 0 0 9 0 9 0 4 156 232 248 255 239 253 255 242 255 103 60 208 254 255 255 235 179 17 0 0 0 0 0 12 0 0 0 0 234 246 253 249 249 243 255 189 71 25 201 253 252 255 239 139 20 0 6 0 0 0 0 0 5 0 20 108 249 235 255 247 255 170 70 180 252 245 255 254 255 218 92 0 0 7 8 0 0 0 0 0 7 4 0 236 255 255 244 252 197 19 143 245 255 250 249 255 140 26 0 5 9 0 0 0 0 0 0 3 0 8 0 241 240 246 255 255 217 206 248 253 255 255 225 71 29 0 2 4 0 0 10 0 0 0 0 0 5 0 7 104 255 253 241 237 255 245 255 248 245 219 47 0 0 0 0 0 9 6 0 0 0 0 0 0 9 4 0 0 213 255 255 255 255 254 238 147 114 2 8 0 0 1 3 0 0 0 8 0 0 0 0 7 0 12 13 0 32 143 250 239 239 149 37 10 0 1 0 1 8 4 0 0 9 6 0 0 0 0 0 0 9 0 0 4 0 30 66 74 51 2 8 0 9 3 0 0 0 1 7 5 0 0 4 0 0 0 0 0 0 0 0 0 0 0 0 0 0 0 0 0 0 0 0 0 0 0 0 0 0 0 0 0 0 0 0 0 0 0 0 0 0 0 0 0 0 0 0 0 0 0 0 0 0 0 0 0 0 0 0 0 0 0 0 0 0 0 0 0 0 0 0 0 0 0 0 0 0 0 0 0 0 0 0 0 0 0 0 0 0 0 0 0 0 0 0 0 0 0 0 0 0 0 0 0 0 0 0 0 0 0 0 0 0 0 0 0 0 0 0
0 0 0 0 0 0 0 0 0 2 2 0 0 0 0 2 3 10 0 2 14 0 0 7 0 0 0 0 0 0 0 0 0 0 0 0 3 5 0 0 21 10 0 2 0 0 15 0 0 8 19 0 0 0 0 0 0 0 0 0 0 0 0 0 0 0 8 4 0 0 2 0 15 0 0 0 22 0 0 0 0 0 0 0 0 0 0 0 0 0 0 0 19 0 4 8 0 0 7 1 0 3 8 0 0 0 21 0 0 0 0 0 0 0 0 0 0 0 0 0 0 0 0 0 10 11 71 181 248 158 40 0 25 0 0 16 0 0 0 0 0 0 0 0 0 0 0 0 26 0 16 16 0 68 220 255 255 254 206 65 0 14 0 0 0 0 0 0 0 0 0 0 0 0 0 0 0 6 0 16 137 242 255 243 255 249 255 200 3 0 29 0 0 0 0 0 0 0 0 0 0 0 0 0 8 0 79 201 255 255 207 102 5 245 243 255 140 1 0 0 0 0 0 0 1 8 0 8 0 0 19 0 0 120 255 255 233 105 11 0 1 62 244 255 241 0 13 0 0 0 0 0 0 8 0 0 4 5 0 0 59 241 242 243 70 0 9 0 0 15 194 249 245 0 0 2 0 0 0 0 0 5 1 0 0 10 0 101 226 241 255 61 15 0 0 5 0 0 166 251 255 42 0 7 0 0 0 0 4 0 0 2 0 0 68 228 255 255 126 0 0 8 0 9 2 2 171 251 255 93 5 0 0 0 0 0 0 0 1 20 0 0 142 255 241 238 2 6 0 2 0 2 0 3 169 247 247 108 2 0 0 0 0 0 0 2 0 7 0 5 208 245 255 109 3 0 11 14 3 0 0 0 161 255 251 98 0 0 0 0 0 0 5 1 0 0 0 3 228 250 242 56 0 8 0 0 0 1 2 3 160 255 255 88 0 7 0 0 0 0 7 0 5 0 16 0 203 252 255 52 13 0 13 12 0 3 0 7 158 254 248 78 1 0 0 0 0 0 0 0 9 0 0 14 158 255 250 112 0 0 16 1 0 0 0 24 195 247 251 0 0 0 0 0 0 0 6 0 5 1 0 0 110 244 244 214 22 0 0 4 0 5 28 3 255 254 231 0 0 11 0 0 0 0 1 0 0 9 5 8 78 246 255 230 97 3 6 0 10 0 0 214 255 255 172 0 16 0 0 0 0 0 7 3 0 0 0 0 0 160 252 252 184 0 0 3 0 0 34 238 238 232 42 0 8 3 0 0 0 0 0 2 1 0 11 17 4 122 247 253 253 142 14 0 31 121 237 255 255 116 2 4 0 0 0 0 0 0 0 7 3 0 0 0 0 25 218 248 255 255 209 151 197 238 255 229 107 0 6 0 12 0 0 0 0 0 0 0 4 0 8 7 10 12 21 224 254 219 255 251 255 255 216 70 21 7 0 0 5 2 0 0 0 0 1 0 4 0 2 0 9 0 1 21 79 169 166 254 235 110 21 0 2 0 10 0 0 0 0 0 0 0 0 0 0 0 0 0 0 0 0 0 0 0 0 0 0 0 0 0 0 0 0 0 0 0 0 0 0 0 0 0 0 0 0 0 0 0 0 0 0 0 0 0 0 0 0 0 0 0 0 0 0 0 0 0 0 0 0 0 0 0 0 0 0 0 0 0 0 0 0 0 0 0 0 0 0 0 0 0 0 0 0 0 0 0 0 0 0 0 0 0 0 0 0 0 0 0 0 0 0 0 0 0 0 0 0 0 0 0 0 0 0 0
0 0 0 0 0 0 0 0 0 0 5 0 3 0 0 8 0 0 3 0 2 15 0 4 0 0 0 0 0 0 0 0 0 0 0 0 2 8 0 3 8 21 0 0 0 2 13 12 3 0 4 0 0 0 0 0 0 0 0 0 0 0 0 0 0 0 18 2 0 0 14 0 0 4 0 0 0 0 9 0 0 0 0 0 0 0 0 0 0 0 0 0 6 13 0 3 5 223 218 38 11 0 6 3 0 7 0 1 0 0 0 0 0 0 0 0 0 0 0 0 0 21 3 0 33 228 190 0 161 81 0 14 0 1 0 0 0 0 0 0 0 0 0 0 0 0 0 0 14 0 0 40 234 237 135 9 189 227 45 0 0 3 3 0 0 0 0 0 0 0 0 0 0 0 0 0 0 0 0 148 254 228 49 0 34 234 200 43 6 0 0 1 0 0 0 0 0 0 0 0 0 0 0 0 7 1 68 255 236 133 0 6 11 112 255 95 0 6 11 0 0 0 0 0 0 7 6 0 0 2 0 0 0 0 222 254 255 48 5 0 4 45 255 158 30 0 8 0 0 0 0 0 0 0 0 0 9 0 0 0 11 69 245 250 175 22 0 15 0 6 164 255 128 0 14 0 0 0 0 0 0 0 0 3 0 0 8 54 0 150 255 217 67 5 0 0 6 0 95 249 245 51 0 4 0 0 0 0 0 0 2 4 0 0 19 73 79 239 255 165 0 0 3 13 4 9 15 218 253 210 17 16 0 0 0 0 0 1 0 2 9 4 2 12 114 255 255 163 21 0 0 1 0 11 0 181 245 255 110 0 0 0 0 0 0 8 4 0 0 1 0 0 108 249 248 77 0 0 6 1 7 0 8 64 230 245 115 0 0 0 0 0 0 10 7 0 0 0 0 11 108 249 255 49 0 15 14 0 6 0 2 0 164 255 101 11 0 0 0 0 0 1 0 0 8 7 0 0 190 255 242 40 0 1 0 4 0 4 4 0 157 254 205 0 0 0 0 0 0 0 0 0 0 0 0 0 230 254 255 33 12 0 0 0 2 0 0 28 220 249 218 4 0 0 0 0 0 0 0 0 0 0 0 0 240 255 246 129 0 0 18 6 0 7 0 121 255 255 99 3 0 0 0 0 0 0 0 0 0 0 0 0 225 227 255 153 10 0 11 0 0 49 39 225 255 235 107 0 0 0 0 0 0 0 0 0 0 0 0 0 116 255 245 255 180 142 114 15 127 255 255 242 255 161 0 15 0 0 0 0 0 0 0 0 0 0 0 0 92 244 252 255 243 243 255 255 255 250 251 251 156 0 4 0 0 0 0 0 0 0 0 0 0 0 0 0 8 54 232 239 255 255 234 250 246 248 248 99 0 0 13 3 0 0 0 0 0 0 0 0 0 0 0 0 0 0 0 112 159 243 255 254 158 114 5 0 15 7 0 4 0 0 0 0 0 0 0 0 0 0 0 0 0 10 0 10 0 0 11 0 9 0 6 8 0 0 1 1 0 0 0 0 0 0 0 0 0 0 0 0 0 0 0 0 0 0 0 0 0 0 0 0 0 0 0 0 0 0 0 0 0 0 0 0 0 0 0 0 0 0 0 0 0 0 0 0 0 0 0 0 0 0 0 0 0 0 0 0 0 0 0 0 0 0 0 0 0 0 0 0 0 0 0 0 0 0 0 0 0 0 0 0 0 0 0 0 0 0 0 0 0 0 0 0 0 0 0 0 0 0 0 0 0 0 0 0 0 0 0 0 0 0 0 0
0 0 0 0 0 0 0 0 2 0 8 2 1 0 2 0 0 2 9 0 0 0 0 0 0 0 0 0 0 0 0 0 0 0 0 0 0 6 0 13 0 21 0 0 2 0 0 0 4 2 0 10 0 0 0 0 0 0 0 0 0 0 0 0 1 3 12 0 0 0 8 0 8 10 8 4 5 6 0 0 0 0 0 0 0 0 0 0 0 0 0 0 0 0 2 10 8 9 0 0 0 0 0 0 0 0 7 5 0 0 0 0 0 0 0 0 0 0 0 0 10 3 1 0 10 0 0 8 7 2 0 15 17 0 0 0 0 0 0 0 0 0 0 0 0 0 0 0 1 0 29 74 236 250 255 245 48 54 15 0 0 0 13 0 0 0 0 0 0 0 0 0 0 0 0 0 17 120 182 249 250 255 235 255 248 249 170 91 19 0 7 0 0 0 0 0 0 0 0 0 0 0 0 0 174 245 252 249 244 255 244 252 246 255 244 241 136 0 0 12 0 0 0 0 14 0 0 12 0 0 12 157 255 244 247 251 247 254 239 255 254 252 251 255 192 0 3 5 0 0 0 0 0 0 0 5 0 11 126 255 238 247 255 206 2 0 5 0 200 211 247 244 255 146 2 0 0 0 0 0 0 13 0 0 0 2 172 248 255 244 186 22 21 0 0 9 14 64 225 245 241 141 0 2 0 0 0 0 0 10 0 3 3 52 218 235 225 107 46 0 0 6 0 0 0 0 149 242 255 212 70 0 0 0 0 0 1 4 0 1 0 109 254 255 190 0 5 19 0 0 22 0 0 12 162 247 255 245 91 15 0 0 0 0 2 5 0 4 0 111 239 246 223 4 4 0 16 0 5 0 0 0 162 243 239 255 92 0 0 0 0 0 0 4 5 8 3 108 249 252 189 0 0 18 0 17 3 2 14 0 148 255 248 252 105 10 0 0 0 0 0 8 0 0 5 90 255 252 201 5 6 0 0 0 0 6 0 6 53 224 255 181 42 0 0 0 0 0 0 7 0 1 1 13 182 248 206 4 0 0 0 3 18 0 1 0 124 233 250 152 0 0 0 0 0 0 0 4 0 9 1 0 153 250 247 169 19 33 0 0 0 1 0 10 161 255 252 154 0 5 0 0 0 0 0 0 0 4 0 0 134 255 255 255 151 12 0 9 1 0 0 0 145 255 255 134 0 9 0 0 0 0 2 0 0 0 0 0 80 199 243 250 255 168 139 0 4 0 7 10 149 236 234 71 0 0 0 0 0 0 0 0 3 1 0 0 0 52 255 240 255 243 227 127 0 0 0 76 226 255 199 0 0 0 0 0 0 0 0 0 0 2 1 6 0 0 39 255 250 255 255 250 255 254 255 247 255 253 191 4 12 0 0 0 0 0 1 0 0 5 0 11 10 5 29 201 239 253 255 244 240 250 246 244 255 243 120 0 0 9 0 0 0 0 2 3 0 15 0 0 0 0 0 41 94 223 243 255 244 255 248 255 235 140 0 9 0 0 0 0 0 0 0 0 0 0 0 0 0 0 7 0 10 35 51 138 238 255 252 162 56 0 0 5 3 0 0 0 0 0 0 0 0 0 0 0 0 0 8 0 8 5 0 0 10 0 7 4 4 6 3 0 0 0 0 0 0 0 0 0 0 0 0 0 0 0 0 0 3 11 5 9 13 2 0 0 0 0 0 0 0 7 0 0 0 0 0 0 0 0 0 0 0 0 7 6 0 0 0 0 0 0 16 6 0 0 6 8 2 0 0 0 0 0
0 0 0 0 0 0 0 0 4 5 0 4 0 3 0 0 5 1 0 0 0 6 11 0 0 0 0 0 0 0 0 0 0 0 0 0 0 0 0 12 3 7 0 11 6 0 10 18 9 0 0 2 0 0 0 0 0 0 0 0 0 0 0 0 3 5 0 2 0 0 0 2 0 5 0 0 3 5 0 8 0 0 0 0 0 0 0 0 0 0 0 0 0 8 1 0 0 5 0 2 19 7 0 8 0 8 0 0 0 0 0 0 0 0 0 0 0 0 0 0 0 6 6 0 2 4 1 0 0 0 175 255 180 4 0 1 0 0 0 0 0 0 0 0 0 0 0 0 2 0 0 0 0 1 11 0 1 11 63 253 254 176 16 0 0 0 0 0 0 0 0 0 0 0 0 0 0 40 153 202 213 188 124 8 0 0 22 63 255 248 138 6 0 0 0 0 0 0 0 0 0 0 0 0 87 159 254 247 247 255 221 66 3 2 0 7 75 241 216 43 0 0 0 0 0 4 4 0 0 0 1 119 253 249 253 255 250 130 77 0 0 0 7 8 4 165 255 199 45 0 14 0 12 1 3 6 6 0 120 238 255 253 229 60 41 9 15 0 20 0 0 4 0 49 239 245 204 11 0 0 0 0 0 0 3 67 233 255 251 208 143 1 4 0 0 4 0 2 13 0 0 7 238 255 255 1 0 7 0 0 8 0 6 176 255 246 245 135 0 0 2 1 0 0 0 0 6 2 8 0 136 248 245 0 10 10 9 0 7 2 0 246 241 255 242 98 0 14 0 4 11 6 10 0 0 0 2 2 54 255 253 0 3 0 0 0 0 0 0 255 240 255 176 0 2 7 0 0 0 0 0 0 6 0 0 15 39 255 255 3 0 0 0 6 7 1 3 234 255 245 190 0 0 0 5 4 0 13 8 0 0 7 5 0 72 239 248 0 3 6 4 0 0 6 0 103 250 254 236 97 11 2 0 5 3 0 0 15 9 0 11 28 221 255 254 3 2 0 0 0 11 0 0 61 255 247 253 113 0 14 1 0 4 0 0 0 2 0 1 176 246 255 166 12 0 8 1 0 4 0 0 25 180 253 255 102 13 0 10 4 0 14 0 1 16 0 85 226 253 165 47 0 4 8 0 1 0 1 5 0 96 248 237 255 220 48 0 1 2 0 13 0 0 58 124 255 209 7 0 0 16 0 0 0 0 4 4 0 29 181 255 255 246 214 48 0 14 0 10 116 129 231 255 239 100 7 6 0 6 0 5 0 0 3 0 0 0 68 119 255 255 240 219 189 166 188 202 255 238 255 255 116 29 0 1 0 0 0 4 0 0 3 0 13 0 2 19 103 242 254 250 246 248 252 244 251 255 242 96 2 16 0 0 5 4 0 0 0 0 2 0 13 2 0 0 11 117 174 242 255 253 255 255 255 156 113 20 6 0 0 2 10 4 0 0 2 0 0 0 0 0 4 2 13 0 28 70 67 53 64 61 60 29 0 0 0 9 1 0 0 0 6 0 0 0 0 0 0 0 0 0 0 0 0 0 0 0 0 0 0 0 0 0 0 0 0 0 0 0 0 0 0 0 0 0 0 0 0 0 0 0 0 0 0 0 0 0 0 0 0 0 0 0 0 0 0 0 0 0 0 0 0 0 0 0 0 0 0 0 0 0 0 0 0 0 0 0 0 0 0 0 0 0 0 0 0 0 0 0 0 0 0 0 0 0 0 0 0 0 0 0 0 0 0 0 0 0 0 0 0 0 0 0 0
0 0 0 0 0 0 0 0 7 2 0 9 3 0 9 0 0 1 0 7 0 0 20 0 0 0 0 0 0 0 0 0 0 0 0 0 0 5 11 0 6 8 0 0 5 2 0 0 14 0 0 0 0 0 0 0 0 0 0 0 0 0 0 0 0 0 10 0 5 0 0 10 0 2 6 0 0 2 1 13 0 0 0 0 0 0 0 0 0 0 0 0 3 0 0 13 0 0 3 0 0 1 0 18 0 3 0 0 0 0 0 0 0 0 0 0 0 0 0 0 0 5 0 6 0 14 0 23 205 157 0 9 0 0 0 17 0 0 0 0 0 0 0 0 0 0 0 0 0 0 5 0 0 7 0 177 227 239 11 0 4 17 0 0 0 0 0 0 0 0 0 0 0 0 0 0 1 0 6 0 0 0 72 234 62 154 59 14 0 3 5 3 0 0 0 0 0 0 0 0 0 0 0 0 0 5 0 0 0 18 171 120 0 114 229 237 106 0 4 0 0 0 0 0 0 0 0 0 0 0 0 0 0 10 0 0 9 101 209 23 0 17 24 48 100 3 0 0 0 0 0 0 0 0 0 0 0 0 0 0 0 0 17 0 24 217 79 7 3 7 7 171 39 0 8 1 0 0 0 0 0 0 0 0 0 0 0 0 0 0 0 12 132 189 0 0 0 6 75 153 3 0 0 5 0 0 0 0 0 0 0 0 0 0 0 0 1 0 0 54 225 50 11 0 0 0 179 24 6 8 0 3 0 0 0 0 0 0 0 0 0 0 0 0 0 0 15 120 181 0 20 0 11 42 177 0 2 0 3 0 0 0 0 0 0 0 0 0 0 0 0 0 0 1 16 198 78 0 0 0 0 174 83 7 0 0 16 0 0 0 0 0 0 0 0 0 0 0 0 0 2 12 78 182 17 0 0 2 34 204 16 4 0 3 6 0 0 0 0 0 0 0 0 0 0 0 0 0 1 5 210 81 0 3 6 0 140 93 7 0 10 0 0 2 0 0 0 0 0 0 0 0 0 0 0 0 2 63 171 5 3 0 3 31 207 26 0 2 5 0 0 2 0 0 0 0 0 0 0 0 0 0 0 0 0 97 177 10 8 0 6 156 120 0 0 0 2 2 0 0 0 0 0 0 0 0 0 0 0 0 0 0 2 141 134 0 0 14 33 238 46 0 6 0 0 5 0 0 0 0 0 0 0 0 0 0 0 0 0 0 0 151 120 2 20 0 140 207 14 2 12 0 0 3 0 0 0 0 0 0 0 0 0 0 0 0 0 0 0 211 100 0 0 91 235 70 0 0 0 0 0 0 0 8 0 0 0 0 0 0 0 0 0 0 0 0 0 210 166 11 87 255 143 0 0 0 0 8 0 0 0 2 0 0 0 0 0 0 0 0 0 0 0 0 0 72 252 162 255 168 2 14 7 3 0 16 0 1 0 0 0 0 0 0 0 0 0 0 0 0 0 0 6 0 145 255 155 13 1 0 2 0 0 9 0 2 7 0 0 0 0 0 0 0 0 0 0 0 0 0 0 0 0 0 0 0 0 0 0 0 0 0 0 0 0 0 0 0 0 0 0 0 0 0 0 0 0 0 0 0 0 0 0 0 0 0 0 0 0 0 0 0 0 0 0 0 0 0 0 0 0 0 0 0 0 0 0 0 0 0 0 0 0 0 0 0 0 0 0 0 0 0 0 0 0 0 0 0 0 0 0 0 0 0 0 0 0 0 0 0 0 0 0 0 0 0 0 0 0 0 0 0 0 0
0 0 0 0 0 0 0 0 0 3 3 0 1 0 4 6 0 13 0 9 1 0 0 4 0 0 0 0 0 0 0 0 0 0 0 0 12 0 0 2 7 0 1 0 18 0 13 0 0 24 5 0 0 0 0 0 0 0 0 0 0 0 0 0 0 14 0 0 0 7 0 14 0 2 1 12 8 0 0 6 0 0 0 0 0 0 0 0 0 0 0 0 0 15 0 0 4 5 2 120 255 200 17 0 3 12 0 0 0 0 0 0 0 0 0 0 0 0 0 0 15 0 14 5 0 12 64 252 255 232 187 13 0 0 5 2 0 0 0 0 0 0 0 0 0 0 0 0 0 4 0 0 19 0 255 255 254 255 249 193 6 8 0 0 0 0 0 0 0 0 0 0 0 0 0 0 0 0 0 16 0 199 252 255 252 245 255 250 177 3 15 0 0 0 0 0 0 0 0 0 0 0 0 0 6 0 2 0 127 250 255 245 255 255 241 255 247 132 0 12 0 0 0 0 2 0 0 9 2 0 12 0 0 9 3 0 191 255 244 186 65 61 255 255 248 129 1 0 0 0 0 0 0 16 2 0 0 0 0 0 14 0 0 202 247 255 251 141 6 0 132 242 255 123 6 9 0 0 0 0 0 10 0 0 13 10 5 1 0 31 49 253 255 243 197 0 0 9 126 255 245 255 0 0 0 0 0 0 2 0 0 0 3 0 0 0 3 7 189 251 248 255 198 0 1 0 136 244 243 255 0 17 0 0 0 0 6 0 9 6 0 0 10 10 0 122 253 255 255 252 246 60 12 0 120 254 255 255 48 3 0 0 0 0 0 0 9 4 0 15 8 0 66 255 251 251 253 255 255 137 0 10 133 255 251 248 11 1 0 0 0 0 0 0 0 0 6 0 0 18 249 231 255 190 142 231 255 252 208 0 123 255 250 255 75 0 0 0 0 0 0 5 0 0 17 0 16 185 255 255 243 7 0 71 255 252 253 255 189 255 255 246 0 12 0 0 0 0 0 9 0 13 8 0 138 255 255 239 78 0 2 1 0 124 189 255 234 255 252 197 0 8 0 0 0 0 1 5 0 0 2 4 117 255 247 77 0 0 16 0 0 7 0 249 255 255 255 115 4 2 0 0 0 0 1 3 21 0 0 0 255 242 255 0 15 17 0 0 0 125 191 252 252 255 180 10 3 0 0 0 0 0 0 0 0 6 0 69 246 255 253 62 0 0 123 143 255 255 255 255 245 246 9 5 0 13 0 0 0 0 6 10 2 14 4 108 255 255 255 255 235 255 255 241 255 235 251 246 197 9 0 16 3 2 0 0 0 0 0 0 6 0 0 12 255 255 255 220 255 255 255 250 255 255 255 57 0 22 0 0 10 0 0 0 0 0 14 0 0 16 2 6 65 247 249 255 248 255 240 211 127 0 0 9 12 0 4 10 8 0 0 0 0 0 0 15 0 7 0 2 0 7 8 1 8 0 7 0 3 8 7 0 0 0 1 7 0 7 0 0 0 0 0 0 0 0 0 0 0 0 0 0 0 0 0 0 0 0 0 0 0 0 0 0 0 0 0 0 0 0 0 0 0 0 0 0 0 0 0 0 0 0 0 0 0 0 0 0 0 0 0 0 0 0 0 0 0 0 0 0 0 0 0 0 0 0 0 0 0 0 0 0 0 0 0 0 0 0 0 0 0 0 0 0 0 0 0 0 0 0 0 0 0 0 0 0 0 0 0 0 0 0 0 0 0 0 0 0 0 0 0 0 0 0
0 0 0 0 0 0 0 0 0 0 0 2 9 0 0 0 0 7 0 3 7 0 0 2 0 0 0 0 0 0 0 0 0 0 0 0 0 8 5 0 0 0 7 7 0 0 0 0 5 0 2 0 0 0 0 0 0 0 0 0 0 0 0 0 2 0 3 0 0 4 4 0 6 0 6 0 1 0 6 0 0 0 0 0 0 0 0 0 0 0 0 0 3 0 1 7 2 5 0 0 5 0 17 0 0 0 6 0 0 0 0 0 0 0 0 0 0 0 0 0 0 0 11 0 0 1 0 13 0 0 9 0 2 0 3 0 0 0 0 0 0 0 0 0 0 0 0 0 0 1 11 0 0 13 0 0 15 19 0 0 6 0 0 1 0 0 0 0 0 0 0 0 0 0 0 0 3 0 2 0 12 10 0 39 130 110 0 0 7 0 0 3 0 0 0 0 0 0 0 0 0 0 0 0 1 0 4 4 6 0 12 171 254 203 7 0 5 0 0 5 0 0 0 0 0 0 0 0 0 0 0 0 2 0 3 0 10 7 161 245 255 242 126 0 10 0 2 0 0 0 0 0 0 0 0 0 0 0 0 0 0 8 11 0 0 176 253 255 255 255 206 8 7 0 0 4 0 0 0 0 0 0 0 0 0 0 0 0 7 0 0 0 111 255 255 172 215 255 237 2 0 4 2 0 0 0 0 0 0 0 0 0 0 0 0 0 0 5 0 41 248 252 171 16 138 238 232 14 0 4 5 0 0 0 0 0 0 0 0 0 0 0 0 0 0 15 17 197 255 194 41 0 94 254 248 67 0 0 4 4 0 0 0 0 0 0 0 0 0 0 0 0 15 0 165 255 242 36 0 11 95 255 248 89 4 0 3 0 0 0 0 0 0 0 0 0 0 0 0 0 0 88 246 255 63 14 0 0 103 249 241 66 2 9 1 0 0 0 0 0 0 0 0 0 0 0 0 0 21 191 255 204 0 0 16 0 103 241 255 49 0 2 0 8 0 0 0 0 1 0 0 0 9 0 9 0 123 236 255 36 0 15 1 0 101 253 236 0 0 8 1 0 0 0 0 0 1 11 0 0 7 0 0 48 225 255 154 10 8 0 0 83 209 255 205 12 11 0 4 0 0 0 0 0 0 11 0 0 3 0 0 131 247 204 27 0 25 106 175 223 255 219 50 10 0 11 2 9 0 0 0 0 0 0 0 0 0 1 13 157 253 255 190 242 255 250 246 255 229 124 5 0 0 8 6 0 0 0 0 0 7 0 19 0 0 0 11 90 255 237 253 255 248 255 234 136 46 0 0 0 0 7 5 0 0 0 0 0 7 0 25 3 1 0 2 11 51 150 164 65 72 79 29 0 11 0 13 23 0 25 0 0 0 0 0 0 0 0 8 5 0 0 0 0 7 2 10 0 6 4 0 2 0 0 0 0 8 3 13 0 0 0 0 0 0 12 0 2 0 2 0 3 6 0 0 6 0 0 1 2 0 24 0 15 0 1 0 0 0 0 0 0 0 0 0 0 0 0 0 0 0 0 0 0 0 0 0 0 0 0 0 0 0 0 0 0 0 0 0 0 0 0 0 0 0 0 0 0 0 0 0 0 0 0 0 0 0 0 0 0 0 0 0 0 0 0 0 0 0 0 0 0 0 0 0 0 0 0 0 0 0 0 0 0 0 0 0 0 0 0 0 0 0 0 0 0 0 0 0 0 0 0 0 0 0 0 0 0 0 0 0 0 0 0 0 0 0 0 0 0 0 0 0 0
0 0 0 0 0 0 0 0 0 0 3 7 5 0 0 3 0 11 0 14 0 0 13 0 0 0 0 0 0 0 0 0 0 0 0 0 7 0 0 0 0 0 0 0 15 0 5 0 3 0 12 0 0 0 0 0 0 0 0 0 0 0 0 0 0 0 0 2 8 11 8 2 3 0 2 0 0 9 0 0 0 0 0 0 0 0 0 0 0 0 0 0 0 3 4 1 0 0 0 0 0 21 0 0 0 14 0 7 0 0 0 0 0 0 0 0 0 0 0 0 4 0 0 0 0 0 1 4 9 0 15 122 255 255 172 9 0 0 0 0 0 0 0 0 0 0 0 0 3 0 0 4 6 0 0 2 28 59 165 255 242 237 255 123 0 0 0 0 0 0 0 0 0 0 0 0 5 0 1 5 0 0 21 70 244 244 246 250 186 255 248 71 0 0 0 0 0 0 0 0 0 0 0 0 0 0 3 3 0 28 146 255 244 255 208 45 59 215 240 89 0 0 0 0 0 7 2 0 0 5 0 0 0 9 0 0 27 218 249 255 237 148 15 122 249 248 52 0 0 0 0 0 2 5 0 3 9 0 0 5 10 0 1 23 171 255 249 227 39 0 20 112 242 187 12 0 0 0 0 0 0 6 0 4 11 0 1 4 0 18 88 218 247 251 220 48 7 0 0 202 255 179 0 5 0 0 0 0 0 5 8 0 1 9 0 0 0 70 211 236 255 225 108 0 0 10 8 182 235 116 23 0 0 0 0 0 0 0 18 0 0 12 0 10 107 255 255 227 96 18 0 7 8 0 50 223 244 0 0 19 0 0 0 0 10 0 9 1 0 0 6 83 255 242 247 66 14 0 0 4 0 0 145 252 245 32 0 1 0 0 0 0 4 0 0 6 0 0 84 193 245 252 103 8 5 3 1 2 0 3 184 235 218 13 0 0 0 0 0 0 0 18 0 4 0 11 164 255 255 150 2 10 0 0 10 0 3 153 239 255 73 0 0 3 0 0 0 0 0 1 5 1 0 143 236 255 144 0 9 0 2 10 0 0 6 170 205 116 8 0 0 2 0 0 0 0 2 0 0 4 37 183 255 229 15 0 4 11 0 33 53 187 157 233 132 0 8 0 19 0 0 0 0 0 6 12 6 8 123 250 255 217 74 0 0 7 2 174 243 234 247 255 108 12 0 0 13 0 0 0 0 0 0 0 9 0 16 174 255 208 36 0 7 0 123 193 249 255 255 219 35 0 19 11 0 7 0 0 0 0 0 16 6 0 10 178 249 243 18 0 16 19 254 255 255 241 164 43 0 0 1 0 18 0 0 0 0 0 8 0 0 15 0 165 255 252 230 189 246 247 255 236 235 102 3 0 15 1 0 2 0 3 0 0 0 0 0 10 6 0 0 59 153 255 255 236 240 255 182 97 53 0 2 0 0 19 0 13 8 0 0 0 0 0 4 0 0 0 8 0 20 118 247 255 175 129 19 0 0 0 3 6 0 0 14 0 1 1 0 0 0 0 0 0 0 0 0 0 0 0 0 0 0 0 0 0 0 0 0 0 0 0 0 0 0 0 0 0 0 0 0 0 0 0 0 0 0 0 0 0 0 0 0 0 0 0 0 0 0 0 0 0 0 0 0 0 0 0 0 0 0 0 0 0 0 0 0 0 0 0 0 0 0 0 0 0 0 0 0 0 0 0 0 0 0 0 0 0 0 0 0 0 0 0 0 0 0 0 0 0 0 0 0 0 0 0 0 0 0 0 0 0 0 0
0 5 2 0 5 9 0 0 7 0 0 12 0 0 12 0 0 2 0 9 0 9 4 0 0 0 0 0 0 3 2 0 0 0 3 12 0 14 4 0 11 1 0 1 1 0 0 0 0 0 0 4 0 0 0 0 6 0 0 3 0 0 0 0 0 12 3 0 0 7 0 11 0 7 11 6 4 0 0 7 0 0 0 0 1 0 2 5 0 0 1 0 8 0 5 5 0 9 0 0 3 14 0 0 0 19 0 0 0 0 0 0 0 3 9 0 0 0 7 7 0 16 91 105 88 90 51 9 0 0 0 9 6 4 0 3 0 0 0 0 0 4 0 0 5 4 0 0 60 174 252 248 252 250 209 187 81 7 0 0 13 0 2 10 0 0 0 0 0 5 0 0 18 2 0 22 145 237 255 254 248 246 253 255 237 114 21 14 0 2 4 0 0 0 0 0 0 13 1 0 1 0 22 132 253 253 248 243 196 182 236 245 245 255 220 210 11 12 0 6 0 0 0 0 0 12 0 1 2 0 36 248 255 240 248 132 0 10 61 148 253 249 255 238 156 51 0 0 11 0 0 6 1 6 0 1 0 13 107 243 236 255 101 0 15 0 19 6 9 173 244 255 255 225 0 9 0 0 0 10 2 0 0 3 0 80 210 255 255 212 11 0 0 7 0 0 0 5 72 220 255 237 194 51 0 3 0 8 2 0 3 1 0 170 255 255 245 77 12 15 1 7 0 15 2 0 17 3 165 250 255 174 3 10 0 0 3 0 7 0 0 238 255 247 247 138 4 0 7 0 3 0 2 0 0 2 83 236 251 193 0 0 1 0 0 1 6 0 3 255 243 250 255 158 0 0 0 5 2 1 0 0 13 0 0 200 237 192 12 0 8 3 0 0 3 0 5 255 248 255 181 0 4 0 21 0 3 0 7 9 0 16 0 16 255 255 101 0 5 1 3 0 2 0 0 225 248 249 198 1 0 5 2 0 0 6 0 0 0 0 2 44 251 244 203 12 0 0 13 0 0 0 0 89 255 246 227 129 0 0 0 7 5 1 1 11 0 0 10 42 239 253 240 17 0 0 0 0 2 8 0 32 177 249 245 255 169 24 11 0 0 2 0 0 0 18 65 176 244 255 130 0 3 4 0 8 0 4 0 0 96 255 255 238 255 173 75 3 0 17 0 8 2 101 228 255 255 193 31 0 9 8 9 8 0 0 0 0 35 186 241 255 251 252 255 251 140 98 101 102 225 253 255 255 191 26 2 0 2 2 1 0 0 4 0 6 0 51 107 232 255 255 241 252 246 250 244 255 240 247 251 202 29 0 0 8 0 0 0 0 9 3 0 9 0 0 10 70 166 246 255 239 255 254 247 255 254 255 139 31 7 0 0 6 0 6 1 0 9 0 0 6 8 3 0 16 21 55 170 184 185 209 255 238 211 67 0 2 2 0 0 3 0 7 0 0 3 0 12 0 0 0 6 0 0 7 0 11 0 38 95 96 5 15 0 3 0 0 4 1 0 0 0 0 0 0 0 0 0 0 0 0 0 0 0 0 0 0 0 0 0 0 0 0 0 0 0 0 0 0 0 0 0 0 0 0 0 0 0 0 0 0 0 0 0 0 0 0 0 0 0 0 0 0 0 0 0 0 0 0 0 0 0 0 0 0 0 0 0 0 0 0 0 0 0 0 0 0 0 0 0 0 0 0 0 0 0 0 0 0 0 0 0 0 0 0 0 0 0 0 0 0 0 0 0 0 0 0 0 0 0 0 0 0
0 0 0 0 0 0 0 0 5 3 0 0 4 0 0 7 0 21 0 0 3 0 8 0 0 0 0 0 0 0 0 0 0 0 0 0 0 3 11 5 0 0 0 0 16 0 10 8 0 0 16 0 0 0 0 0 0 0 0 0 0 0 0 0 8 0 0 0 0 6 14 9 0 0 0 0 15 23 0 0 0 0 0 0 0 0 0 0 0 0 0 0 7 0 0 10 3 0 0 0 3 2 0 0 5 0 0 7 0 0 0 0 0 0 0 0 0 0 0 0 0 0 4 7 0 0 0 10 0 4 0 24 146 58 22 2 0 0 0 0 0 0 0 0 0 0 0 0 0 11 2 0 0 8 0 0 9 18 90 201 249 255 219 17 0 0 0 0 0 0 0 0 0 0 0 0 0 10 0 0 15 0 0 8 184 212 255 249 241 255 219 8 0 0 0 0 0 0 0 0 0 0 0 0 0 5 0 0 5 0 59 202 241 148 227 146 255 243 247 30 0 0 0 0 4 0 0 6 0 0 9 0 2 1 9 2 0 191 255 251 255 242 255 249 255 253 248 105 0 0 0 0 0 7 1 0 8 6 0 1 0 18 0 36 141 248 237 255 248 254 255 245 241 252 255 206 0 0 0 0 4 1 0 2 0 0 0 5 0 0 41 196 247 250 255 255 255 223 169 80 167 255 238 123 0 0 0 0 0 0 3 9 0 8 19 0 14 151 226 255 255 255 242 199 122 31 0 0 190 251 219 30 0 0 0 0 0 10 5 0 0 0 0 2 212 231 244 249 236 246 153 11 1 0 0 1 159 246 255 25 0 0 0 0 0 6 0 2 22 0 50 203 255 255 255 255 163 61 0 0 5 0 6 164 243 254 200 6 0 0 0 0 11 0 0 0 0 0 100 252 251 250 229 207 34 0 12 0 2 0 5 201 255 255 154 10 0 0 0 0 0 0 9 4 11 145 255 241 254 255 79 30 0 4 3 0 0 8 70 255 255 148 27 0 0 0 0 0 5 0 0 7 28 203 255 255 241 115 5 0 2 0 8 0 4 32 156 253 251 185 0 3 0 0 0 0 0 9 0 15 55 245 255 233 87 8 6 0 0 6 0 4 60 238 255 252 252 172 6 0 0 0 0 0 0 5 0 0 113 255 239 178 1 1 0 0 0 0 42 93 228 254 244 255 204 79 0 7 0 0 0 0 0 0 12 0 159 245 255 235 102 117 79 118 167 180 229 238 247 255 231 253 112 0 27 0 0 0 0 0 2 0 14 0 184 254 255 244 254 250 247 238 255 255 246 255 255 255 203 75 0 9 0 0 0 0 0 0 1 4 0 0 117 232 244 252 252 255 249 252 255 247 255 250 248 191 57 0 0 0 3 3 0 0 0 0 0 10 9 0 3 107 170 246 249 250 189 240 255 239 250 173 56 11 7 1 0 1 0 9 0 0 0 0 5 0 7 0 0 3 0 23 38 19 10 25 25 26 32 7 1 3 0 4 7 0 13 0 0 0 0 0 0 0 0 0 0 0 0 0 0 0 0 0 0 0 0 0 0 0 0 0 0 0 0 0 0 0 0 0 0 0 0 0 0 0 0 0 0 0 0 0 0 0 0 0 0 0 0 0 0 0 0 0 0 0 0 0 0 0 0 0 0 0 0 0 0 0 0 0 0 0 0 0 0 0 0 0 0 0 0 0 0 0 0 0 0 0 0 0 0 0 0 0 0 0 0 0 0 0 0 0 0 0 0 0 0 0 0 0 0 0 0 0
0 0 0 0 0 0 0 0 0 0 0 1 2 7 6 0 0 0 3 2 0 4 8 0 0 0 0 0 0 0 0 0 0 0 0 0 15 0 4 10 0 0 0 0 6 2 0 0 0 0 2 8 0 0 0 0 0 0 0 0 0 0 0 0 0 23 0 8 10 8 13 2 0 5 6 4 8 1 0 0 0 0 0 0 0 0 0 0 0 0 0 0 2 4 10 0 0 0 0 3 0 0 0 1 0 2 5 0 0 0 0 0 0 0 0 0 0 0 0 0 2 0 0 18 5 21 210 251 140 34 0 4 0 0 13 1 0 0 0 0 0 0 0 0 0 0 0 0 0 0 46 42 89 166 255 255 252 82 0 5 0 0 3 0 0 0 0 0 0 0 0 0 0 0 0 0 9 194 235 243 255 246 255 248 239 121 18 0 0 0 0 0 0 0 0 0 0 0 0 0 0 0 0 0 178 255 242 255 255 255 241 255 255 231 114 9 0 6 0 0 0 0 0 0 2 0 21 0 0 12 1 14 222 243 255 251 244 253 242 231 248 255 239 131 21 0 0 8 0 0 0 0 0 8 0 0 0 0 18 0 153 255 239 255 231 172 41 37 93 213 255 253 196 3 5 3 0 0 0 0 13 0 0 6 20 9 0 9 174 250 255 225 87 3 0 0 2 0 179 255 245 135 0 0 0 0 0 0 0 1 7 0 0 0 12 40 232 251 255 240 0 0 9 3 0 0 21 199 255 228 54 2 0 0 0 0 2 2 0 0 26 0 0 245 246 255 255 176 13 11 0 0 3 13 0 195 251 239 229 0 0 0 0 0 0 23 0 10 0 26 229 254 255 238 189 21 15 0 0 5 0 0 9 73 255 255 242 0 0 0 0 0 0 0 0 2 0 38 243 243 255 219 34 0 0 15 2 0 24 0 2 18 190 239 255 35 0 0 0 0 2 8 4 0 6 0 192 255 239 241 1 3 0 6 0 8 0 5 0 4 125 255 246 195 0 0 0 0 0 0 4 0 6 0 188 255 255 142 2 14 0 8 5 0 5 0 13 1 112 255 241 229 21 5 0 0 3 3 0 6 0 0 221 247 251 128 0 0 5 0 8 0 0 12 0 0 148 255 252 239 26 11 2 5 0 7 0 4 0 5 178 253 251 167 0 13 6 2 2 8 6 0 0 7 123 247 249 157 16 5 0 2 0 1 6 0 5 3 62 237 253 210 5 0 0 7 0 0 0 24 0 42 231 247 255 73 1 0 0 0 0 0 7 0 6 0 0 147 252 255 118 23 4 0 8 0 5 0 35 172 255 253 134 18 0 0 0 1 1 1 0 3 0 0 12 31 148 255 255 207 148 116 114 114 70 200 245 245 255 225 11 1 1 1 1 2 4 0 0 2 0 0 18 0 10 143 227 255 252 255 242 255 240 255 255 240 219 0 12 0 0 0 0 0 1 0 14 0 2 3 0 7 0 0 56 93 219 248 253 249 255 200 152 79 14 1 0 0 0 0 0 0 0 0 0 0 0 0 0 0 0 0 0 0 0 0 0 0 0 0 0 0 0 0 0 0 0 0 0 0 0 0 0 0 0 0 0 0 0 0 0 0 0 0 0 0 0 0 0 0 0 0 0 0 0 0 0 0 0 0 0 0 0 0 0 0 0 0 0 0 0 0 0 0 0 0 0 0 0 0 0 0 0 0 0 0 0 0 0 0 0 0 0 0 0 0 0 0 0 0 0 0 0 0 0 0 0 0 0 0 0 0 0 0
0 0 0 0 0 0 0 0 0 0 0 13 0 4 5 1 0 3 0 0 7 0 6 0 0 0 0 0 0 0 0 0 0 0 0 0 7 18 3 0 5 0 4 0 0 10 5 0 0 0 4 0 0 0 0 0 0 0 0 0 0 0 0 0 0 0 0 0 6 5 0 8 0 6 1 0 0 9 0 1 0 0 0 0 0 0 0 0 0 0 0 0 11 0 24 12 0 13 0 0 6 0 0 10 9 4 0 1 0 0 0 0 0 0 0 0 0 0 0 0 5 4 0 0 0 5 0 18 0 0 16 0 1 0 10 3 0 0 0 0 0 0 0 0 0 0 0 0 0 0 3 90 213 46 17 11 95 83 81 255 141 86 0 4 0 0 0 0 0 0 0 0 0 0 0 0 0 8 5 231 255 233 162 212 246 249 255 248 241 206 179 0 0 0 0 0 0 0 0 0 0 0 0 0 2 15 210 253 253 251 252 221 177 168 160 172 229 255 252 2 0 0 0 0 11 0 0 4 9 0 11 0 0 199 255 253 246 255 248 56 0 7 5 0 65 255 255 3 0 0 0 0 0 11 11 0 0 3 1 28 208 247 252 246 255 107 6 0 6 2 0 18 0 254 234 0 0 0 0 0 0 8 0 0 11 0 0 203 251 248 237 216 77 0 12 0 0 0 0 8 1 255 255 123 0 0 0 0 0 6 0 0 13 5 3 247 242 255 255 0 7 13 0 0 5 5 0 0 0 235 246 172 0 0 0 0 2 0 1 2 0 2 12 255 255 247 243 4 0 0 12 0 7 0 0 16 0 255 255 148 0 0 0 0 8 0 0 10 0 0 0 199 239 255 68 22 0 0 21 0 3 5 0 4 68 241 237 12 0 0 0 0 0 1 0 0 2 22 0 93 255 249 99 0 1 0 0 12 0 6 6 52 209 255 253 3 0 0 0 0 4 0 0 6 0 0 25 240 252 168 0 0 6 8 0 9 7 0 0 157 245 255 251 0 0 0 0 0 9 0 0 2 6 6 0 255 255 165 0 13 0 0 0 9 4 0 3 255 255 252 135 0 0 0 0 0 0 5 0 0 0 20 164 254 238 6 4 0 0 20 12 0 0 17 55 249 246 106 11 13 0 0 0 0 3 0 11 15 0 0 178 255 254 0 11 0 16 0 0 11 13 145 233 255 251 0 0 0 0 0 0 0 2 0 5 0 14 88 240 248 253 4 0 2 5 12 8 0 57 255 250 227 51 20 0 6 0 0 0 0 0 9 0 0 0 86 255 255 251 11 0 0 0 0 0 169 216 255 237 62 2 0 0 0 0 0 0 0 1 0 0 21 0 0 99 248 255 80 39 14 3 100 245 255 252 251 86 0 13 0 7 0 0 0 0 0 0 0 9 0 5 16 0 144 255 252 198 169 163 166 255 245 241 229 21 7 4 0 7 0 0 0 0 0 0 1 0 0 0 0 9 48 221 255 255 245 255 255 239 232 62 0 0 2 1 0 0 9 0 0 0 0 0 0 0 0 0 0 0 0 72 220 255 247 250 191 87 50 0 0 0 0 0 0 0 0 0 0 0 0 0 0 0 0 0 0 0 0 0 14 6 0 7 5 0 7 0 0 0 0 0 0 0 0 0 0 0 0 0 0 0 0 0 0 0 0 19 0 0 0 0 0 4 2 0 0 0 0 0 0 0 0 0 0 0 0 0 0 0 0 0 0 0 0 0 0 6 9 0 2 9 0 0 0 0 0 0 0 0 0 0 0 0 0
0 0 0 0 0 0 0 0 2 0 4 7 0 2 0 2 0 0 13 0 0 0 0 8 0 0 0 0 0 0 0 0 0 0 0 0 0 14 2 1 0 3 0 5 11 1 0 0 0 13 0 0 0 0 0 0 0 0 0 0 0 0 0 0 4 8 0 2 0 0 7 0 0 0 0 5 7 0 2 6 0 0 0 0 0 0 0 0 0 0 0 0 0 0 2 19 0 0 14 0 1 10 3 0 4 0 14 0 0 0 0 0 0 0 0 0 0 0 0 0 14 0 0 0 7 0 0 4 84 140 111 110 17 3 0 0 0 0 0 0 0 0 0 0 0 0 0 0 0 0 1 34 90 9 75 243 255 230 255 242 215 47 16 0 0 0 0 0 0 0 0 0 0 0 0 0 0 119 212 255 241 38 127 255 255 180 131 237 255 227 63 0 0 0 0 0 0 0 0 0 0 0 0 0 143 246 255 240 213 102 243 177 58 8 0 10 163 251 156 2 0 0 0 0 1 0 1 1 0 13 3 100 251 255 251 55 28 113 109 18 6 0 3 0 36 255 255 151 0 1 0 4 0 20 0 0 19 0 8 224 255 255 118 9 7 8 9 0 0 0 10 3 28 180 255 232 6 2 0 0 0 5 0 2 0 3 129 255 251 216 27 0 0 2 5 5 0 0 0 0 2 59 246 255 28 0 2 0 9 0 3 10 0 66 250 240 250 117 13 7 0 11 0 0 8 4 0 0 0 5 200 250 78 0 0 0 0 0 2 9 1 107 255 255 175 0 0 14 0 7 2 10 5 0 0 4 0 6 166 246 162 0 0 3 0 11 0 0 6 168 249 255 108 17 0 4 7 0 0 0 0 0 0 0 0 1 140 249 239 7 0 2 6 1 0 1 0 238 255 241 15 13 0 0 5 1 21 1 4 7 2 3 1 0 143 255 255 3 2 0 1 0 0 14 0 255 249 255 18 0 4 13 3 0 0 0 1 2 0 0 15 0 148 253 251 0 4 2 5 1 0 5 0 255 239 252 16 6 0 4 7 0 0 0 5 2 0 22 0 0 172 240 255 3 0 0 0 0 3 10 0 214 255 255 16 10 0 0 0 0 0 13 0 13 0 0 14 30 255 255 133 0 4 3 4 1 0 3 0 145 255 230 96 10 0 14 1 0 9 0 7 0 23 5 31 239 233 240 15 0 6 2 4 0 0 1 10 117 247 255 220 145 51 1 0 1 1 3 2 0 14 114 203 250 253 173 0 8 0 0 0 7 0 0 0 59 153 254 249 242 255 223 151 154 142 55 113 174 252 255 255 255 167 45 2 11 0 6 0 9 2 1 0 1 8 100 228 252 255 254 255 254 250 255 255 236 255 252 226 93 50 5 4 2 0 14 0 0 0 6 11 5 0 5 9 25 114 217 252 247 247 247 252 224 112 122 32 16 0 3 0 0 1 6 2 2 0 0 0 0 7 0 0 12 13 0 0 0 7 28 32 9 0 0 0 12 0 2 0 4 2 0 0 0 0 0 0 0 0 0 0 0 0 0 0 0 0 0 0 0 0 0 0 0 0 0 0 0 0 0 0 0 0 0 0 0 0 0 0 0 0 0 0 0 0 0 0 0 0 0 0 0 0 0 0 0 0 0 0 0 0 0 0 0 0 0 0 0 0 0 0 0 0 0 0 0 0 0 0 0 0 0 0 0 0 0 0 0 0 0 0 0 0 0 0 0 0 0 0 0 0 0 0 0 0 0 0 0 0 0 0 0 0 0
0 0 0 0 0 0 0 0 0 0 8 0 1 6 0 3 8 0 8 7 0 5 7 0 0 0 0 0 0 0 0 0 0 0 0 0 2 6 4 3 0 0 12 0 0 21 0 2 1 0 0 2 0 0 0 0 0 0 0 0 0 0 0 0 0 0 0 0 10 10 0 10 0 13 0 6 3 0 4 3 0 0 0 0 0 0 0 0 0 0 0 0 0 20 0 0 8 0 2 0 0 0 10 7 0 0 0 0 0 0 0 0 0 0 0 0 0 0 0 0 2 0 11 5 0 68 99 37 161 182 120 43 26 0 0 6 0 0 0 0 0 0 0 0 0 0 0 0 5 12 0 46 174 247 255 249 148 152 209 255 141 15 17 0 0 0 0 0 0 0 0 0 0 0 0 0 0 12 75 233 198 146 193 28 0 17 8 105 224 190 0 10 0 0 0 0 0 0 0 0 0 0 0 0 4 42 210 115 0 20 0 7 1 0 7 0 84 251 5 0 0 0 0 0 0 5 0 0 0 14 0 1 88 236 134 15 0 4 0 0 0 7 2 0 21 228 0 0 0 0 0 0 0 1 6 3 0 2 0 39 255 182 14 0 0 4 0 8 5 0 5 0 0 187 50 3 0 0 0 0 1 0 6 0 0 0 0 146 215 76 0 16 5 0 0 0 6 0 4 0 0 93 56 6 0 0 0 0 4 0 3 0 0 4 7 234 123 7 0 10 0 4 6 0 0 6 0 0 5 2 14 5 0 0 0 0 0 0 3 6 5 3 0 245 106 2 0 1 0 0 0 11 0 4 0 1 11 2 22 0 0 0 0 0 2 0 0 2 0 2 0 244 55 2 13 10 6 0 0 2 12 0 2 3 2 86 80 0 0 0 0 0 3 8 0 0 0 5 2 242 61 2 0 0 2 8 12 0 9 0 5 0 0 161 84 0 0 0 0 0 0 11 0 7 0 5 0 216 93 11 0 7 2 0 7 1 0 1 6 0 10 185 34 4 0 0 0 0 9 0 2 2 0 0 0 177 227 13 0 10 8 1 1 0 0 5 1 0 3 204 90 0 0 0 0 0 0 0 2 1 2 6 3 127 255 13 27 0 0 1 0 10 3 3 5 6 99 233 10 12 0 0 0 0 0 3 0 0 0 5 0 43 239 125 0 5 13 10 0 11 3 4 0 0 249 120 0 0 0 0 0 0 0 6 0 0 0 0 0 0 123 255 27 0 0 0 0 0 0 0 2 134 205 6 11 8 0 0 0 0 0 0 0 1 7 0 8 0 22 236 188 16 0 10 2 0 9 1 132 255 113 18 0 0 0 0 0 0 3 0 0 0 8 0 4 2 5 72 238 229 57 7 11 4 0 106 254 134 19 0 0 22 0 0 0 0 2 0 4 0 6 0 0 0 0 18 32 192 253 238 157 197 240 255 158 0 0 25 0 0 0 0 0 0 0 0 10 0 11 2 0 8 2 0 0 9 59 210 255 208 176 36 0 4 0 0 0 10 0 0 0 0 0 0 0 0 0 0 0 0 0 0 0 0 0 0 0 0 0 0 0 0 0 0 0 0 0 0 0 0 0 0 0 0 0 0 0 0 0 0 0 0 0 0 0 0 0 0 0 0 0 0 0 0 0 0 0 0 0 0 0 0 0 0 0 0 0 0 0 0 0 0 0 0 0 0 0 0 0 0 0 0 0 0 0 0 0 0 0 0 0 0 0 0 0 0 0 0 0 0 0 0 0 0 0 0 0 0 0 0 0 0 0 0
0 0 0 0 0 0 0 0 2 0 7 5 0 0 0 3 15 0 0 0 17 0 0 0 0 0 0 0 0 0 0 0 0 0 0 0 0 0 8 3 0 3 14 0 0 0 12 0 0 0 6 8 0 0 0 0 0 0 0 0 0 0 0 0 4 0 0 0 0 0 0 1 12 0 0 0 9 0 0 0 0 0 0 0 0 0 0 0 0 0 0 0 0 12 0 0 17 0 0 5 0 0 2 0 1 0 1 4 0 0 0 0 0 0 0 0 0 0 0 0 0 8 0 0 0 0 14 4 0 8 4 0 0 6 5 0 0 0 0 0 0 0 0 0 0 0 0 0 18 0 1 54 36 67 167 177 50 43 41 56 27 0 0 7 0 0 0 0 0 0 0 0 0 0 0 0 0 37 132 251 255 235 255 255 255 253 250 247 155 56 0 6 0 0 0 0 0 0 0 0 0 0 0 0 140 253 255 250 255 249 255 244 254 255 246 255 255 237 114 2 0 0 0 0 4 0 4 1 0 1 55 200 243 253 255 237 201 141 58 69 62 59 73 232 252 251 254 46 0 11 0 4 0 16 8 0 12 0 195 244 255 251 183 78 14 0 0 0 5 0 12 55 116 204 248 131 4 0 5 1 0 0 8 0 1 142 255 255 255 141 19 0 0 3 21 2 1 6 0 0 12 163 255 249 143 0 0 3 11 0 7 6 0 255 242 250 235 61 0 9 17 0 0 0 0 6 12 0 11 37 255 255 255 2 0 1 1 7 7 0 6 250 255 251 156 1 2 0 0 0 0 10 0 0 7 0 5 20 254 241 251 0 0 0 0 15 1 0 17 235 255 255 172 0 6 0 0 12 0 0 8 8 0 21 0 135 255 255 255 8 0 0 0 0 0 6 4 255 243 253 154 0 2 0 5 0 0 10 3 0 6 0 0 177 249 249 225 8 0 5 8 0 0 4 0 248 255 254 157 11 0 0 11 0 6 0 0 7 4 5 28 209 240 255 111 0 4 3 2 7 0 5 6 252 250 255 234 69 0 0 0 0 7 2 12 0 6 26 210 252 251 165 0 0 0 0 2 7 0 0 3 144 255 235 255 149 15 0 6 10 0 1 0 4 12 125 255 247 255 30 0 0 0 0 0 3 0 0 13 60 224 255 240 255 181 81 0 5 0 5 0 109 211 246 253 249 76 4 0 0 0 0 0 10 1 0 0 0 63 247 255 252 246 248 209 224 226 209 224 243 255 244 255 125 0 0 0 0 0 0 0 0 3 0 7 20 12 181 254 239 255 251 245 239 255 250 250 252 245 244 105 40 24 0 0 0 0 0 9 0 3 0 0 0 0 6 50 170 255 245 255 255 255 255 254 220 154 0 21 6 0 2 0 0 0 0 1 0 1 4 4 9 20 0 0 17 43 87 189 193 188 206 126 35 0 1 0 0 0 19 0 0 0 0 1 2 1 0 0 2 0 10 2 0 0 7 7 4 1 0 1 2 2 5 3 0 6 0 0 0 0 0 0 0 0 0 0 0 0 0 0 0 0 0 0 0 0 0 0 0 0 0 0 0 0 0 0 0 0 0 0 0 0 0 0 0 0 0 0 0 0 0 0 0 0 0 0 0 0 0 0 0 0 0 0 0 0 0 0 0 0 0 0 0 0 0 0 0 0 0 0 0 0 0 0 0 0 0 0 0 0 0 0 0 0 0 0 0 0 0 0 0 0 0 0 0 0 0 0 0 0 0 0 0 0 0 0 0 0 0 0 0 0 0
0 0 0 0 0 0 0 0 0 13 5 0 8 0 4 2 13 0 0 10 0 0 10 0 0 0 0 0 0 0 0 0 0 0 0 0 0 2 0 4 0 19 0 10 0 0 0 0 0 0 0 5 0 0 0 0 0 0 0 0 0 0 0 0 21 0 25 7 0 0 10 0 8 1 7 7 0 5 9 0 0 0 0 0 0 0 0 0 0 0 0 0 0 0 2 0 0 2 0 0 0 0 9 0 0 0 0 0 0 0 0 0 0 0 0 0 0 0 0 0 19 0 0 2 111 252 249 6 4 9 2 0 9 14 0 0 0 0 0 0 0 0 0 0 0 0 0 0 0 12 13 31 200 251 250 44 0 0 53 51 0 0 11 14 0 0 0 0 0 0 0 0 0 0 0 0 10 0 22 221 255 255 245 214 172 168 255 230 71 3 0 0 0 0 0 0 0 0 0 0 0 0 0 0 0 54 137 246 254 255 253 255 248 251 252 243 255 172 15 0 0 0 0 0 0 17 0 1 0 8 0 3 0 123 251 253 246 255 201 255 255 250 255 248 255 255 0 6 0 0 0 0 0 6 0 0 0 2 0 0 85 248 254 251 255 103 31 232 173 104 129 83 204 248 127 4 0 0 0 0 1 0 2 0 4 0 1 13 181 255 243 177 120 38 0 0 12 0 1 2 99 255 255 63 0 0 0 0 4 0 7 0 0 2 0 79 242 255 249 95 0 0 5 7 0 9 4 18 15 243 250 52 0 0 0 0 0 0 6 0 0 8 5 174 255 229 104 0 0 6 0 5 0 0 0 0 47 255 251 62 0 0 0 0 0 0 5 1 0 16 73 251 248 204 36 8 2 1 20 0 9 4 2 0 116 255 199 20 0 0 0 0 1 1 3 7 0 9 169 255 255 198 0 0 6 0 0 11 0 6 0 16 165 255 164 0 0 0 0 0 2 0 0 4 0 0 232 247 247 172 7 2 0 19 5 0 2 2 0 0 193 239 171 0 0 0 0 0 2 4 1 0 0 9 198 255 249 78 3 0 0 8 11 0 0 0 9 23 178 255 57 0 0 0 0 0 3 0 0 1 5 11 202 249 255 27 12 3 8 0 0 9 5 12 54 234 255 248 32 1 0 0 0 0 0 1 1 2 0 0 213 255 255 25 0 4 11 2 11 0 67 167 230 245 255 211 5 1 0 0 0 0 0 0 0 1 0 0 214 251 255 140 31 0 0 14 31 190 232 254 255 255 215 31 3 0 0 0 0 0 2 0 0 0 6 8 211 248 255 241 243 145 127 254 228 254 255 255 241 132 33 0 0 15 0 0 0 0 0 5 0 0 0 10 194 255 244 255 255 248 254 241 252 255 211 168 1 0 16 8 4 2 0 0 0 0 0 8 4 2 0 0 109 185 230 250 254 255 249 251 242 132 61 0 1 12 0 0 4 1 0 0 0 0 0 0 0 9 7 0 0 12 40 156 255 162 114 194 32 7 0 6 0 4 2 3 0 0 0 0 0 0 0 0 0 0 0 0 0 0 0 0 0 0 0 0 0 0 0 0 0 0 0 0 0 0 0 0 0 0 0 0 0 0 0 0 0 0 0 0 0 0 0 0 0 0 0 0 0 0 0 0 0 0 0 0 0 0 0 0 0 0 0 0 0 0 0 0 0 0 0 0 0 0 0 0 0 0 0 0 0 0 0 0 0 0 0 0 0 0 0 0 0 0 0 0 0 0 0 0 0 0 0 0 0 0 0 0 0 0 0 0 0 0
0 0 0 0 0 0 0 0 0 0 0 0 0 0 0 0 0 3 6 0 0 0 1 0 0 0 0 0 0 0 0 0 0 0 0 0 0 0 0 0 0 0 0 0 0 0 0 2 7 10 3 0 0 0 1 0 0 0 0 0 0 0 0 0 0 0 0 0 0 0 0 0 7 8 4 0 0 0 0 0 0 0 2 2 0 0 0 0 0 0 0 0 0 0 0 0 0 0 0 0 0 0 3 7 7 5 4 4 0 0 1 2 0 0 0 0 0 0 0 0 0 0 0 0 0 0 0 0 15 6 0 0 0 0 0 0 1 0 0 2 0 0 0 0 0 0 0 0 0 0 0 0 0 0 0 0 0 0 6 6 0 0 0 10 8 0 0 0 0 0 0 0 0 0 0 0 0 0 0 0 0 0 0 0 1 0 0 13 39 81 135 177 18 3 0 0 0 0 0 0 0 0 0 0 0 0 0 0 0 0 0 0 0 11 60 147 229 255 237 208 26 7 0 0 1 0 0 3 8 0 0 7 0 0 7 7 3 0 15 3 121 255 251 249 242 89 2 9 24 0 3 0 0 6 7 0 0 0 0 0 6 5 0 4 0 8 36 169 250 252 168 87 0 22 0 3 157 14 0 0 0 0 2 2 3 12 12 0 0 5 2 0 77 175 215 255 185 37 0 7 0 0 41 164 184 0 0 5 9 0 0 4 0 0 0 0 8 7 0 99 235 242 224 57 0 3 6 0 14 22 126 255 82 0 0 5 0 0 4 1 0 0 7 12 3 0 135 255 237 162 0 0 18 1 0 7 0 162 233 156 9 6 4 0 0 6 3 0 5 10 0 0 26 179 238 206 106 7 0 23 0 0 8 0 48 255 226 41 0 16 0 0 1 10 0 0 5 0 0 35 199 255 180 12 0 0 19 0 6 6 0 67 254 189 16 0 0 0 0 0 0 3 0 7 12 0 65 229 255 119 13 2 0 9 0 8 0 9 56 234 199 65 2 0 9 0 14 0 0 0 0 0 4 45 252 253 32 0 0 0 9 0 0 4 7 157 255 188 34 0 4 0 0 0 0 0 0 8 0 4 0 143 255 169 4 3 0 0 5 0 2 48 197 251 199 65 0 1 4 0 0 0 0 0 0 0 3 15 0 189 224 50 1 1 25 0 2 92 101 238 204 159 62 0 0 6 0 0 0 0 0 0 17 0 3 0 3 138 252 171 104 108 59 116 213 255 239 173 50 0 0 2 0 2 6 0 0 0 0 0 4 0 2 0 0 35 211 255 255 254 247 253 233 161 99 0 0 0 7 3 0 3 19 0 0 0 0 0 0 10 0 13 4 0 60 111 202 86 110 33 0 2 0 17 0 19 7 0 4 2 0 2 0 0 0 0 1 12 0 0 0 0 0 8 0 0 0 18 10 0 4 0 0 0 0 0 19 0 0 2 0 0 0 0 0 0 14 0 0 9 0 0 0 11 0 0 0 12 0 0 7 0 7 7 0 0 13 0 0 0 0 0 0 0 0 0 0 0 0 0 0 0 0 0 0 0 0 0 0 0 0 0 0 0 0 0 0 0 0 0 0 0 0 0 0 0 0 0 0 0 0 0 0 0 0 0 0 0 0 0 0 0 0 0 0 0 0 0 0 0 0 0 0 0 0 0 0 0 0 0 0 0 0 0 0 0 0 0 0 0 0 0 0 0 0 0 0 0 0 0 0 0 0 0 0 0 0 0 0 0 0 0 0 0 0 0 0 0 0 0 0 0 0 0
0 0 0 0 0 0 0 0 4 1 0 0 6 0 0 5 0 0 0 4 10 0 0 6 1 3 0 0 0 0 0 0 0 0 0 0 0 3 1 4 2 0 0 0 7 0 3 0 0 8 8 2 0 2 0 0 0 0 0 0 0 0 0 0 0 0 8 5 0 0 5 0 1 0 17 0 0 0 0 0 0 0 1 0 0 0 0 0 0 0 0 0 2 0 5 0 0 6 7 0 0 9 0 0 17 12 0 5 0 0 2 1 0 0 0 0 0 0 0 0 7 0 1 0 0 4 0 2 5 13 31 163 255 222 132 16 14 0 0 2 0 0 0 0 0 0 0 0 8 0 4 1 3 0 0 41 46 178 246 245 236 255 237 38 36 2 0 5 0 0 0 0 0 0 0 0 5 0 5 0 5 0 22 140 255 255 238 201 179 156 96 39 58 5 0 7 0 0 0 0 0 0 0 0 2 0 3 0 2 3 62 237 253 235 133 0 0 7 0 105 71 7 0 8 0 0 1 0 0 6 10 0 0 17 0 2 24 89 205 255 234 101 0 0 17 0 0 27 1 0 7 1 0 0 0 3 0 0 1 0 5 0 0 0 153 255 255 187 12 0 14 2 0 2 40 150 118 2 0 6 1 0 0 3 2 0 0 1 5 7 0 166 212 242 170 37 2 7 0 3 0 0 46 222 170 1 0 10 3 3 0 0 0 2 0 3 0 0 30 255 255 212 18 2 0 0 6 13 14 0 167 253 91 0 0 7 0 8 0 0 2 6 0 0 21 97 255 255 161 4 1 0 16 4 0 3 0 124 248 136 2 6 0 0 0 8 2 0 7 3 0 0 83 255 230 162 18 0 0 6 0 13 0 0 52 239 209 91 0 17 0 0 0 5 0 0 9 0 0 42 237 242 193 35 0 11 9 0 7 0 22 21 247 255 126 0 5 5 0 0 3 3 0 1 7 0 14 93 247 240 87 5 0 2 0 0 0 1 12 138 229 239 102 1 0 0 7 6 10 0 0 1 9 0 88 226 255 102 9 0 0 0 0 1 2 7 150 255 197 107 25 0 0 0 0 0 0 0 13 0 0 27 177 255 149 25 4 2 0 0 12 0 27 164 228 216 109 36 0 6 0 0 0 0 10 3 0 0 17 135 251 155 28 9 0 8 0 4 0 69 223 255 220 4 0 4 0 4 0 0 0 0 0 0 4 0 10 145 245 52 3 0 6 0 13 0 92 247 251 137 11 10 7 15 16 0 0 0 0 0 0 0 6 0 0 117 255 113 0 3 6 3 21 210 255 227 185 0 6 0 10 0 0 2 0 0 0 0 13 0 0 0 1 104 255 224 128 70 115 168 251 255 204 96 0 6 0 11 0 11 19 1 0 0 0 0 0 0 8 3 0 29 171 255 240 255 253 252 218 141 22 5 6 0 15 0 6 4 0 0 0 0 0 0 0 0 3 0 2 0 93 232 255 246 176 54 9 9 0 0 4 0 0 12 0 7 0 4 0 0 0 0 0 0 0 0 0 0 0 0 0 0 0 0 0 0 0 0 0 0 0 0 0 0 0 0 0 0 0 0 0 0 0 0 0 0 0 0 0 0 0 0 0 0 0 0 0 0 0 0 0 0 0 0 0 0 0 0 0 0 0 0 0 0 0 0 0 0 0 0 0 0 0 0 0 0 0 0 0 0 0 0 0 0 0 0 0 0 0 0 0 0 0 0 0 0 0 0 0 0 0 0 0 0 0 0 0 0 0 0 0 0 0 0
0 0 0 0 0 0 0 0 0 4 0 5 15 0 1 0 0 0 8 0 2 0 4 0 0 0 0 0 0 0 0 0 0 0 0 0 0 13 0 0 0 0 6 0 2 2 6 0 1 0 5 7 0 0 0 0 0 0 0 0 0 0 0 0 0 1 0 1 0 4 15 0 8 0 0 1 6 4 0 0 0 0 0 0 0 0 0 0 0 0 0 0 4 0 0 7 0 0 0 0 0 3 5 5 0 0 2 20 0 0 0 0 0 0 0 0 0 0 0 0 0 1 10 4 0 0 5 13 0 3 8 8 9 6 0 0 0 0 0 0 0 0 0 0 0 0 0 0 0 2 3 0 2 14 0 0 4 0 0 0 2 0 4 2 0 0 0 0 0 0 0 0 0 0 0 0 4 0 0 0 13 3 0 18 0 38 135 138 110 3 0 7 0 0 0 0 0 0 0 0 0 0 0 0 0 0 4 23 41 20 56 204 223 214 255 240 196 37 1 0 0 0 0 0 2 0 0 4 0 3 3 0 3 0 108 192 248 252 255 254 252 244 246 250 249 252 117 0 3 0 0 2 0 9 12 8 0 2 0 11 0 142 243 250 255 250 242 255 250 255 255 244 240 255 216 113 3 2 13 0 0 0 3 0 0 15 0 7 138 255 255 215 243 243 255 246 245 239 247 255 255 255 255 244 62 8 0 0 12 0 0 0 4 0 4 37 255 244 255 194 233 253 255 255 252 255 255 242 239 249 237 255 77 0 0 5 0 0 3 1 12 0 125 222 238 255 244 252 255 243 245 230 105 52 17 42 47 39 55 237 62 6 17 4 0 0 2 0 0 16 149 242 255 255 119 154 225 255 183 108 0 0 1 4 0 0 21 164 89 0 0 0 5 0 5 9 8 165 218 250 255 111 26 0 90 233 48 16 17 0 0 3 3 8 153 255 179 26 1 7 2 0 0 0 0 255 253 247 95 9 0 0 7 9 6 0 0 0 7 0 4 32 243 239 84 0 4 3 0 9 0 0 0 245 255 107 0 0 5 0 8 0 0 4 7 0 0 4 137 211 255 247 75 8 0 4 3 0 1 15 0 255 250 38 0 0 0 2 0 0 0 0 3 35 48 30 255 240 255 225 49 2 0 7 0 0 0 0 0 254 235 130 107 58 62 0 19 0 18 0 0 239 224 255 215 198 231 88 16 0 1 9 0 9 0 0 6 255 255 247 234 204 245 161 145 86 173 184 172 236 255 244 56 46 63 0 0 0 6 7 6 0 4 0 11 243 255 249 255 241 245 255 243 249 255 255 255 233 255 255 164 77 17 0 0 0 5 1 4 0 3 0 3 115 160 255 248 248 255 255 252 255 248 238 239 248 107 103 8 0 0 0 0 3 2 0 0 5 2 0 0 0 32 190 239 249 252 212 216 214 211 174 47 17 9 9 0 11 0 10 0 4 1 0 0 0 7 0 9 6 0 4 57 141 142 74 0 2 0 0 0 1 1 0 5 2 0 0 0 3 0 0 0 0 0 0 0 0 0 0 0 0 0 0 0 0 0 0 0 0 0 0 0 0 0 0 0 0 0 0 0 0 0 0 0 0 0 0 0 0 0 0 0 0 0 0 0 0 0 0 0 0 0 0 0 0 0 0 0 0 0 0 0 0 0 0 0 0 0 0 0 0 0 0 0 0 0 0 0 0 0 0 0 0 0 0 0 0 0 0 0 0 0 0 0 0 0 0 0 0 0 0 0 0 0 0 0 0 0 0 0 0 0 0
0 0 0 0 0 0 0 0 0 5 1 0 0 0 0 2 1 0 0 10 10 0 0 0 0 0 0 0 0 0 0 0 0 0 0 0 2 0 0 0 9 1 0 0 0 15 8 0 0 0 4 0 0 0 0 0 0 0 0 0 0 0 0 0 0 6 3 0 0 0 0 9 5 0 0 11 2 0 0 4 0 0 0 0 0 0 0 0 0 0 0 0 0 11 9 0 0 4 0 0 0 11 4 0 9 12 0 0 0 0 0 0 0 0 0 0 0 0 0 0 1 0 0 1 12 6 1 10 3 2 0 47 161 122 2 7 0 0 0 0 0 0 0 0 0 0 0 0 9 0 0 8 1 0 54 156 216 134 162 242 242 127 4 0 0 0 0 0 0 0 0 0 0 0 0 0 5 0 1 7 0 0 115 255 255 238 255 197 50 6 4 2 0 0 0 0 0 0 0 0 0 0 0 0 0 4 6 2 0 28 134 254 245 255 235 81 8 5 0 12 0 0 0 0 7 0 0 0 1 0 0 0 0 6 6 6 18 185 255 255 212 102 255 190 0 11 0 0 0 0 0 0 0 0 0 5 6 3 3 4 3 11 0 30 220 255 218 174 30 4 231 233 51 0 0 5 0 0 0 0 0 1 5 2 0 0 0 0 0 0 0 225 238 214 63 1 0 0 199 255 110 0 0 0 0 0 0 0 1 5 3 0 0 0 0 0 4 5 104 255 193 0 28 0 10 0 134 252 123 2 7 0 0 0 0 0 1 1 0 0 0 3 4 1 11 25 255 239 37 15 0 3 4 1 112 255 117 0 0 5 0 0 0 0 0 0 0 2 0 0 0 0 35 242 253 50 0 6 0 4 4 2 127 255 117 2 0 0 0 0 0 0 2 0 0 4 0 0 0 16 124 255 145 3 1 14 13 0 0 0 149 244 114 5 6 0 0 0 0 0 2 0 0 5 0 0 23 63 254 223 0 5 2 0 0 11 9 1 213 255 122 0 4 0 0 0 0 0 0 1 2 4 0 0 9 160 255 116 26 0 0 6 0 2 2 0 232 254 73 0 5 0 0 0 0 0 0 4 0 2 0 7 0 223 204 22 0 0 2 0 0 10 0 49 223 236 31 0 0 0 0 0 0 0 0 2 0 0 0 9 49 255 181 0 3 0 0 0 10 0 5 175 255 123 0 0 13 0 0 0 0 0 0 0 1 0 4 0 149 250 178 0 6 0 0 0 4 0 52 247 226 20 0 8 7 0 0 0 0 0 0 0 5 0 0 0 167 255 180 13 0 12 7 0 0 49 229 246 92 0 3 17 0 5 0 0 0 0 0 6 6 0 0 5 84 251 196 75 0 0 2 63 132 227 255 137 14 0 0 0 0 11 0 0 0 0 0 4 1 0 4 2 11 142 255 255 255 229 230 241 245 212 62 0 0 0 11 0 6 0 0 0 0 0 1 0 0 0 16 0 0 6 89 156 249 255 254 182 129 8 0 7 0 0 0 10 0 9 0 0 0 0 0 0 0 0 0 0 0 0 0 0 0 0 0 0 0 0 0 0 0 0 0 0 0 0 0 0 0 0 0 0 0 0 0 0 0 0 0 0 0 0 0 0 0 0 0 0 0 0 0 0 0 0 0 0 0 0 0 0 0 0 0 0 0 0 0 0 0 0 0 0 0 0 0 0 0 0 0 0 0 0 0 0 0 0 0 0 0 0 0 0 0 0 0 0 0 0 0 0 0 0 0 0 0 0 0 0 0 0 0 0 0 0
0 0 0 0 0 0 0 0 8 0 1 0 14 0 5 0 0 11 3 0 2 1 0 17 0 0 0 0 0 0 0 0 0 0 0 0 0 0 1 0 8 0 8 0 0 0 0 6 0 1 8 0 0 0 0 0 0 0 0 0 0 0 0 0 13 1 0 6 0 0 0 7 12 4 0 4 0 0 8 0 0 0 0 0 0 0 0 0 0 0 0 0 0 0 11 6 0 0 0 0 0 4 0 0 0 0 0 9 0 0 0 0 0 0 0 0 0 0 0 0 16 0 46 83 196 255 255 197 22 0 6 0 0 11 0 0 0 0 0 0 0 0 0 0 0 0 0 0 0 35 235 255 249 221 227 252 211 51 0 4 1 3 3 0 0 0 0 0 0 0 0 0 0 0 0 0 10 85 255 198 57 1 40 139 255 167 28 0 4 0 6 0 0 0 0 0 0 0 0 0 0 0 0 0 5 109 254 145 0 0 0 8 69 252 125 0 1 0 13 0 0 0 0 0 0 0 0 0 0 0 0 0 6 174 255 65 0 3 6 0 1 137 253 41 0 4 4 0 0 0 0 0 0 0 0 0 0 0 0 0 9 230 115 0 17 0 1 0 1 9 199 125 7 13 0 0 0 0 0 0 0 0 0 0 0 0 0 0 45 255 97 2 4 0 0 17 0 0 98 232 41 0 2 15 0 0 0 0 0 0 0 0 0 0 0 0 144 240 78 4 0 8 0 0 10 1 2 156 168 0 18 0 0 0 0 0 0 0 0 0 0 0 0 0 225 201 8 0 10 1 0 0 0 10 0 110 203 9 0 16 0 0 0 0 0 0 0 0 0 0 0 0 245 104 0 8 3 0 0 15 17 0 0 26 236 17 11 0 0 0 0 0 0 0 0 0 0 0 0 0 231 72 0 8 0 14 0 0 0 15 0 16 156 66 0 3 0 0 0 0 0 0 0 0 0 0 0 0 193 188 0 0 6 0 9 2 0 0 18 0 149 196 0 3 0 0 0 0 0 0 0 0 0 0 0 0 136 181 3 7 0 12 0 0 1 13 0 3 226 195 1 0 0 0 0 0 0 0 0 0 0 0 0 0 120 187 0 0 11 0 0 19 0 0 20 46 245 93 0 0 0 0 0 0 0 0 0 0 0 0 0 0 21 228 83 1 0 23 0 0 20 0 67 225 245 44 6 1 0 0 0 0 0 0 0 0 0 0 0 0 19 184 127 7 0 0 0 3 23 135 245 255 174 0 0 7 0 0 0 0 0 0 0 0 0 0 0 0 0 112 245 122 45 15 101 141 232 255 247 252 47 9 0 0 0 0 0 0 0 0 0 0 0 0 0 0 0 50 219 255 229 255 255 242 247 255 224 66 4 0 0 14 0 0 0 0 0 0 0 0 0 0 0 0 3 0 81 246 255 255 235 230 145 91 42 12 0 8 0 0 0 0 0 0 0 0 0 0 0 0 0 0 1 0 9 66 182 151 123 31 0 2 0 0 2 2 0 0 0 0 0 0 0 0 0 0 0 0 0 0 0 0 0 0 0 0 0 0 0 0 0 0 0 0 0 0 0 0 0 0 0 0 0 0 0 0 0 0 0 0 0 0 0 0 0 0 0 0 0 0 0 0 0 0 0 0 0 0 0 0 0 0 0 0 0 0 0 0 0 0 0 0 0 0 0 0 0 0 0 0 0 0 0 0 0 0 0 0 0 0 0 0 0 0 0 0 0 0 0 0 0 0 0 0 0 0 0 0 0 0 0 0 0 0
0 0 0 0 0 0 0 0 0 4 3 2 4 0 0 0 0 0 0 0 0 6 4 0 0 0 0 0 0 0 0 0 0 0 0 0 0 6 3 3 0 0 1 13 1 6 8 3 0 0 0 0 0 0 0 0 0 0 0 0 0 0 0 0 2 0 0 7 0 15 0 0 0 0 0 0 1 4 5 7 0 0 0 0 0 0 0 0 0 0 0 0 2 4 0 10 0 0 3 11 0 0 2 10 10 0 0 0 0 0 0 0 0 0 0 0 0 0 0 0 1 4 1 11 0 4 0 0 0 0 0 0 0 0 2 16 0 0 0 0 0 0 0 0 0 0 0 0 0 0 0 0 6 4 2 8 2 2 1 4 9 11 1 0 0 0 0 0 0 0 0 0 0 0 0 0 0 9 8 0 44 61 111 162 176 145 83 18 0 0 1 1 0 0 0 0 0 0 0 0 0 0 0 0 4 0 0 35 204 249 255 255 247 255 236 147 53 6 0 1 0 0 0 0 7 0 2 6 0 4 6 0 0 2 101 243 231 255 255 252 243 255 255 250 230 167 32 0 0 0 1 0 0 0 0 0 4 0 10 0 12 138 253 255 254 153 38 0 16 90 183 239 255 255 140 16 10 0 0 4 0 11 1 0 10 0 0 23 91 255 246 226 100 8 1 0 0 0 9 29 132 232 255 119 0 0 7 0 3 0 0 4 0 7 0 89 255 251 225 62 0 4 0 29 15 0 3 4 0 193 238 235 73 3 5 0 0 0 0 6 0 0 52 198 249 236 72 0 20 0 11 0 0 2 0 0 1 14 212 248 219 15 0 4 0 12 3 0 11 0 161 255 250 110 0 4 0 0 5 20 0 9 0 14 7 6 175 250 205 0 0 9 0 3 1 0 2 71 221 242 238 0 11 0 13 3 0 0 0 16 0 0 0 15 222 255 126 0 13 0 7 0 11 0 9 215 254 229 37 1 1 0 0 0 0 3 4 0 0 12 3 208 246 252 148 2 4 0 0 1 0 0 2 253 255 165 3 0 0 16 0 0 14 0 0 2 11 0 19 251 230 218 16 9 1 0 0 5 11 4 0 255 245 174 1 7 0 0 8 4 0 2 0 0 0 18 189 243 255 158 9 4 0 0 7 0 0 30 0 240 255 158 0 4 13 0 0 0 0 4 0 14 48 151 255 234 199 5 1 0 0 0 0 15 13 0 0 254 254 233 95 0 0 10 0 3 5 4 1 38 184 255 253 208 2 5 0 0 0 0 3 6 0 13 0 91 207 255 255 149 111 80 8 0 32 106 214 246 255 212 74 9 16 0 0 0 0 0 8 0 0 0 17 0 2 172 227 255 255 243 255 255 249 255 255 246 197 59 5 16 0 0 1 1 1 1 0 18 4 4 0 0 2 1 86 196 202 167 209 254 254 240 184 75 12 16 0 0 0 10 0 1 1 0 1 4 0 0 0 17 0 6 0 8 0 8 47 59 61 33 6 0 0 0 2 0 5 0 0 0 0 0 0 0 0 0 0 0 0 0 0 0 0 0 0 0 0 0 0 0 0 0 0 0 0 0 0 0 0 0 0 0 0 0 0 0 0 0 0 0 0 0 0 0 0 0 0 0 0 0 0 0 0 0 0 0 0 0 0 0 0 0 0 0 0 0 0 0 0 0 0 0 0 0 0 0 0 0 0 0 0 0 0 0 0 0 0 0 0 0 0 0 0 0 0 0 0 0 0 0 0 0 0 0 0 0 0 0 0 0 0 0 0 0
0 0 0 0 0 0 0 0 0 3 8 0 5 0 8 0 0 0 3 0 5 0 0 0 0 0 0 0 0 0 0 0 0 0 0 0 10 2 0 19 0 0 0 17 8 0 1 0 3 1 1 1 0 0 0 0 0 0 0 0 0 0 0 0 0 9 4 1 0 18 6 0 0 0 5 0 3 0 1 1 0 0 0 0 0 0 0 0 0 0 0 0 0 0 0 0 0 1 0 2 3 8 12 2 2 0 0 2 0 0 0 0 0 0 0 0 0 0 0 0 0 8 0 10 0 52 26 34 26 38 0 2 12 0 1 0 0 0 0 0 0 0 0 0 0 0 0 0 3 0 0 0 93 235 255 252 255 229 28 0 0 0 9 10 0 0 0 0 0 0 0 0 0 0 0 0 10 0 86 126 246 255 255 242 250 250 4 6 11 0 1 0 0 0 0 0 0 0 0 0 0 0 0 0 71 121 234 245 255 249 241 255 246 255 0 5 2 0 2 3 0 0 0 0 1 0 10 0 4 1 4 61 218 249 255 252 255 255 241 255 255 244 157 0 0 4 0 6 0 5 5 4 2 8 0 6 4 0 0 120 235 255 242 255 233 187 68 159 255 251 243 150 9 0 14 0 5 0 0 0 0 4 6 0 1 0 90 224 255 255 255 242 40 9 0 160 233 255 255 255 232 118 18 0 2 2 2 5 0 17 0 3 3 72 255 255 248 240 212 199 0 5 6 133 255 230 254 243 248 255 251 58 0 0 1 1 13 0 7 5 0 255 242 253 255 252 68 6 0 11 11 143 234 255 255 243 255 255 255 135 21 2 0 0 0 18 0 0 8 255 244 247 248 252 54 0 15 0 0 144 255 251 237 255 241 244 245 248 23 0 11 2 0 7 5 0 7 242 243 255 254 159 25 1 7 0 0 62 109 115 95 121 144 255 255 248 52 0 1 10 4 0 3 9 0 255 247 249 253 86 0 3 0 6 0 5 0 17 0 0 99 247 250 247 176 23 0 0 3 0 0 0 0 252 250 252 251 86 4 0 0 3 7 0 3 2 4 0 90 254 255 254 58 20 0 0 1 0 7 0 5 252 251 255 255 77 3 0 10 10 0 4 0 0 11 7 107 252 251 238 30 8 0 0 6 0 0 0 7 255 241 234 233 145 12 0 0 0 6 4 25 0 9 91 254 243 255 67 4 0 0 0 0 5 10 0 0 255 255 255 247 251 121 26 8 0 4 0 0 15 91 245 255 246 255 54 0 2 4 2 0 9 0 7 0 255 249 240 255 247 235 144 114 84 7 69 123 115 255 249 255 234 174 47 0 3 2 0 1 3 0 3 13 241 255 252 251 245 255 250 248 221 159 214 255 240 252 255 239 197 29 0 0 0 0 0 0 1 6 0 0 113 222 255 239 255 245 254 255 247 252 244 246 254 255 242 193 38 0 7 0 0 0 0 6 0 8 1 1 0 48 21 39 27 35 29 26 37 35 36 40 21 41 40 12 0 14 0 3 1 3 7 0 0 0 0 0 0 0 0 0 0 0 0 0 0 0 0 0 0 0 0 0 0 0 0 0 0 0 0 0 0 0 0 0 0 0 0 0 0 0 0 0 0 0 0 0 0 0 0 0 0 0 0 0 0 0 0 0 0 0 0 0 0 0 0 0 0 0 0 0 0 0 0 0 0 0 0 0 0 0 0 0 0 0 0 0 0 0 0 0 0 0 0 0 0 0 0 0 0 0 0 0 0 0 0 0 0 0 0 0 0 0 0
0 0 0 0 0 0 0 0 0 0 4 0 0 2 5 0 1 5 3 2 0 2 0 0 0 0 0 0 0 0 0 0 0 0 0 0 0 15 0 0 13 0 0 3 0 0 3 0 1 0 0 4 0 0 0 0 0 0 0 0 0 0 0 0 7 0 0 11 0 8 23 1 5 0 0 0 17 0 3 0 0 0 0 0 0 0 0 0 0 0 0 0 0 14 6 0 0 1 0 0 14 3 0 0 0 0 3 3 0 0 0 0 0 0 0 0 0 0 0 0 3 0 0 7 0 0 0 15 0 6 12 13 0 4 0 0 0 0 0 0 0 0 0 0 0 0 0 0 0 2 0 0 10 163 190 90 4 5 0 0 0 5 3 0 0 0 0 0 0 0 0 0 0 0 0 0 16 0 0 106 190 252 242 255 141 92 64 11 16 0 5 8 0 0 0 0 0 0 0 0 0 0 0 0 0 12 109 252 246 255 252 253 255 231 255 184 147 3 1 0 0 0 0 0 0 3 2 0 0 5 0 12 17 125 255 255 242 242 252 255 241 255 247 247 255 202 81 0 1 6 0 2 3 2 0 0 19 8 4 0 97 255 252 248 238 255 253 239 255 233 254 255 255 255 246 127 12 0 7 14 0 0 0 0 6 0 0 93 202 254 255 244 255 248 252 234 163 186 163 165 198 255 252 242 133 0 1 0 1 14 10 0 2 0 8 248 247 255 255 255 231 206 81 47 7 0 0 13 71 246 255 255 254 6 0 0 0 0 0 0 0 0 70 255 252 249 243 243 255 168 0 11 4 15 0 3 0 255 234 255 255 0 9 0 6 1 7 7 1 50 218 244 253 244 255 252 253 61 0 0 0 1 2 13 0 253 255 254 250 0 9 0 0 0 0 0 0 138 255 249 247 255 239 100 10 0 19 6 0 0 0 16 199 255 255 242 255 0 0 0 0 8 0 0 11 250 239 255 253 249 251 9 5 0 2 0 1 0 3 204 249 249 253 248 246 4 1 0 0 7 0 0 0 247 255 254 255 251 91 0 8 0 0 8 0 153 252 243 255 255 255 227 40 15 0 0 8 0 0 10 0 255 255 243 246 196 21 7 0 13 0 46 174 232 255 243 250 255 249 65 17 3 0 0 12 0 7 0 0 194 250 253 246 255 134 87 94 246 255 255 255 245 248 249 255 216 184 0 0 0 0 3 0 0 0 0 18 99 246 255 250 255 255 241 246 255 245 239 243 255 245 255 255 55 0 16 0 0 3 7 0 13 3 0 0 0 153 255 252 246 255 242 255 247 255 255 255 242 207 98 0 0 21 0 3 1 1 3 0 5 2 10 0 0 82 238 255 255 249 253 255 246 240 249 137 76 39 13 0 18 0 0 2 0 0 0 9 0 0 7 3 9 0 6 8 143 175 167 163 168 93 0 5 0 0 5 0 0 0 6 0 0 0 0 0 14 0 8 0 0 15 0 0 24 0 0 13 0 0 5 0 7 4 0 10 0 8 0 0 3 4 1 0 0 0 0 0 0 0 0 0 0 0 0 0 0 0 0 0 0 0 0 0 0 0 0 0 0 0 0 0 0 0 0 0 0 0 0 0 0 0 0 0 0 0 0 0 0 0 0 0 0 0 0 0 0 0 0 0 0 0 0 0 0 0 0 0 0 0 0 0 0 0 0 0 0 0 0 0 0 0 0 0 0 0 0 0 0 0 0 0 0 0 0 0 0 0 0 0 0 0 0 0 0 0 0 0 0 0 0 0 0 0 0
0 0 0 0 0 0 0 0 4 3 0 12 0 6 5 0 6 0 0 8 0 4 0 1 0 0 0 0 0 0 0 0 0 0 0 0 0 2 4 0 7 0 0 0 0 6 4 0 6 0 0 6 0 0 0 0 0 0 0 0 0 0 0 0 0 8 6 0 4 0 0 9 0 0 14 9 0 0 5 2 0 0 0 0 0 0 0 0 0 0 0 0 1 0 0 0 0 13 0 0 0 0 0 0 0 14 2 0 0 0 0 0 0 0 0 0 0 0 0 0 14 0 20 0 0 0 2 0 0 12 3 0 14 0 0 5 0 0 0 0 0 0 0 0 0 0 0 0 0 63 236 245 255 240 255 255 255 150 94 12 1 0 23 1 0 0 0 0 0 0 0 0 0 0 0 0 20 136 255 255 255 255 236 255 254 244 255 226 112 6 0 0 0 0 0 0 0 0 0 0 0 0 0 0 155 249 252 253 240 229 44 10 32 153 157 238 255 164 0 16 0 0 0 0 0 7 11 0 0 20 0 41 246 255 253 242 126 9 8 4 0 9 0 105 255 247 110 0 1 0 0 14 0 0 1 13 0 0 16 230 254 246 251 73 10 15 0 0 5 0 20 8 172 244 221 7 5 4 0 8 0 17 1 0 2 26 92 255 254 240 139 0 0 3 0 3 0 9 0 0 23 234 255 86 0 2 0 3 0 1 0 0 7 0 109 247 247 191 0 6 3 0 7 0 0 9 4 0 0 108 244 184 0 0 1 2 5 0 0 11 3 0 170 255 255 110 0 2 0 18 0 0 0 0 13 0 11 5 252 235 22 0 2 0 6 10 7 0 0 102 255 243 224 33 6 6 0 4 0 8 10 0 0 17 0 23 255 247 81 5 3 0 0 0 7 5 0 173 247 252 149 0 0 9 4 0 0 1 11 0 5 0 0 21 229 248 129 8 1 0 6 0 2 0 0 255 244 255 122 0 5 2 0 17 0 1 0 0 8 0 4 0 138 255 148 2 0 3 6 3 1 0 0 255 250 255 20 2 3 0 2 4 3 6 19 0 16 6 0 7 139 250 229 4 0 1 0 5 0 5 0 243 255 241 36 0 7 11 9 0 0 0 0 0 0 0 21 6 166 255 134 0 8 0 0 0 0 3 0 154 255 245 214 49 0 0 8 2 5 0 2 16 12 0 0 17 249 255 122 0 0 0 13 0 10 0 7 43 216 255 255 108 24 0 6 0 0 2 0 0 0 33 11 24 255 244 103 5 0 0 7 0 11 0 8 0 115 231 255 255 210 65 12 6 4 0 16 0 29 0 31 216 254 242 6 0 14 0 0 5 2 4 0 2 11 106 228 247 255 231 229 142 44 20 0 25 15 106 191 255 244 103 0 0 7 0 0 9 0 2 0 2 0 8 42 166 255 246 253 255 255 252 253 255 245 255 255 247 167 0 25 0 0 5 3 0 4 0 10 0 12 0 18 0 34 123 220 245 247 252 255 246 255 237 226 115 0 8 0 0 9 1 0 0 0 0 0 0 0 0 5 0 0 6 0 0 41 106 123 129 105 50 7 0 1 0 0 0 0 0 0 0 0 0 0 0 0 0 0 0 0 6 4 0 3 16 0 12 12 0 0 0 6 4 0 0 0 0 0 0 0 0 0 0 0 0 0 1 0 0 0 4 0 0 0 0 0 0 0 1 0 0 0 0 0 0 0 0 0 0 0 0 0 0 0 4 3 0 0 3 7 2 9 2 0 0 2 0 0 0 0 0 0 0
0 0 0 0 0 0 0 0 2 5 0 5 1 0 0 7 0 14 0 0 0 0 14 0 0 0 0 0 0 0 0 0 0 0 0 0 0 1 3 3 0 6 10 0 25 0 4 5 0 2 0 2 0 0 0 0 0 0 0 0 0 0 0 0 3 0 6 6 0 0 10 6 0 0 6 1 5 9 0 7 0 0 0 0 0 0 0 0 0 0 0 0 8 0 0 0 8 1 0 2 5 16 0 0 1 0 0 2 0 0 0 0 0 0 0 0 0 0 0 0 0 2 0 0 16 13 0 0 1 0 22 16 0 7 0 0 0 0 0 0 0 0 0 0 0 0 0 0 0 1 0 3 0 0 0 106 210 255 53 0 15 0 16 0 0 0 0 0 0 0 0 0 0 0 0 0 6 0 0 13 0 58 116 235 255 244 249 116 0 5 0 1 0 0 0 0 0 0 0 0 0 0 0 0 0 0 0 0 1 202 255 255 250 255 248 251 222 91 0 7 0 0 0 0 0 0 0 0 0 0 0 0 0 4 0 1 0 222 252 255 255 255 254 254 255 230 174 0 0 0 0 0 0 0 0 0 0 0 0 0 0 0 0 20 83 255 255 241 245 255 255 247 255 243 235 73 0 0 0 0 0 0 0 0 0 0 0 0 2 0 6 18 235 250 255 255 255 243 160 255 239 253 255 90 0 0 0 0 0 0 0 0 0 0 0 0 0 0 0 125 255 255 237 255 245 176 4 179 245 255 255 91 0 0 0 0 0 0 0 0 0 0 0 0 0 0 86 242 245 255 254 147 11 11 122 250 255 242 242 56 0 0 0 0 0 0 0 0 0 0 0 0 12 93 224 255 255 246 198 5 0 17 230 255 236 255 172 0 0 0 0 0 0 0 0 0 0 0 0 0 41 232 255 255 251 221 63 0 71 200 255 255 249 183 5 0 0 0 0 0 0 0 0 0 0 0 0 0 86 255 254 246 245 155 8 73 228 255 240 252 212 37 0 14 0 0 0 0 1 0 11 15 0 0 6 68 225 255 244 255 172 18 92 255 252 255 252 252 19 0 5 1 0 0 0 0 3 5 0 0 3 0 11 200 255 242 248 255 0 181 242 252 255 255 253 57 4 13 0 3 0 0 0 0 0 5 0 0 16 0 1 228 253 240 255 243 171 255 255 252 250 247 51 7 0 6 0 0 0 0 0 0 2 0 0 3 0 8 78 247 255 255 251 255 255 245 253 255 225 4 30 0 9 0 16 0 0 0 0 0 2 5 0 13 0 8 120 252 225 255 251 255 251 255 249 170 40 15 0 0 8 0 0 10 0 0 0 0 0 14 0 9 0 0 83 246 255 243 255 247 244 250 201 57 0 0 9 8 0 3 9 0 0 0 0 0 4 8 0 0 0 5 49 236 243 255 242 255 243 174 12 0 5 0 14 0 9 10 0 4 0 0 0 0 4 0 15 0 0 9 0 119 248 253 255 229 55 0 0 4 0 0 0 0 9 0 0 7 0 0 0 0 0 0 0 0 0 0 0 0 114 160 102 4 0 5 0 1 0 0 0 0 0 0 0 0 0 0 0 0 0 0 0 0 0 0 0 0 0 22 7 0 3 0 0 9 0 0 0 0 0 0 0 0 0 0 0 0 0 0 0 0 0 0 0 0 0 0 0 0 9 0 0 5 0 0 0 0 0 0 0 0 0 0 0 0 0 0 0 0 0 0 0 0 10 6 1 0 0 3 6 0 0 0 0 0 0 0 0 0 0 0 0 0
0 0 0 0 0 0 0 0 0 4 0 0 9 0 0 0 0 0 3 0 2 0 0 5 0 0 0 0 0 0 0 0 0 0 0 0 7 0 0 10 0 13 0 18 7 0 0 6 0 4 11 4 0 0 0 0 0 0 0 0 0 0 0 0 0 0 6 0 14 0 7 0 0 15 0 3 0 3 0 0 0 0 0 0 0 0 0 0 0 0 0 0 2 0 0 25 0 0 18 11 12 0 14 0 1 0 33 0 0 0 0 0 0 0 0 0 0 0 0 0 0 10 6 0 1 12 24 220 247 237 133 62 16 0 0 6 0 0 0 0 0 0 0 0 0 0 0 0 1 6 0 0 6 41 239 255 254 255 239 246 103 20 0 0 0 0 0 0 0 0 0 0 0 0 0 0 6 0 14 3 34 230 251 238 255 243 255 255 224 6 0 4 0 0 0 0 0 0 0 0 0 0 0 0 0 19 0 11 158 246 255 217 80 42 67 255 244 102 5 0 0 0 0 0 0 0 0 0 0 0 0 0 0 15 0 114 244 246 225 25 2 0 0 186 255 136 0 0 0 0 0 0 0 0 0 0 0 0 0 0 0 1 20 203 248 247 50 5 3 0 18 198 240 229 0 5 0 0 0 0 0 0 0 0 0 0 0 0 15 0 166 255 242 118 0 6 3 0 0 202 243 238 0 5 0 0 0 0 0 0 0 0 0 0 0 0 0 50 251 252 161 0 1 0 2 0 0 152 250 214 2 0 0 0 0 0 0 0 0 0 0 0 0 0 13 217 246 254 76 13 0 6 0 0 16 100 246 237 2 0 0 0 0 0 0 0 0 0 0 0 0 0 106 255 241 169 0 7 0 0 0 6 0 138 255 191 10 0 0 0 0 0 0 0 0 0 0 0 0 0 216 240 255 65 0 0 22 4 0 8 0 212 249 72 9 0 0 0 0 0 0 0 0 0 0 0 0 0 227 244 208 0 5 3 0 2 2 0 62 235 204 4 0 3 0 0 0 0 0 14 2 0 4 0 0 15 228 255 75 0 4 2 11 0 6 19 212 255 134 0 4 0 0 0 0 0 0 0 0 6 12 0 10 77 253 233 173 16 0 0 0 7 0 63 255 249 114 0 0 1 0 0 0 0 3 0 0 7 8 0 7 78 255 255 195 0 17 0 0 2 35 255 249 221 24 16 0 7 0 0 0 0 1 4 0 0 1 0 0 17 220 255 188 0 17 0 41 108 224 255 247 66 0 0 19 0 0 0 0 0 0 5 1 0 2 10 3 0 237 248 216 25 15 106 198 254 255 214 40 0 11 0 9 0 0 0 0 0 0 1 3 3 0 0 0 1 198 247 245 230 235 249 255 255 168 39 0 5 0 7 5 0 0 0 0 0 6 0 0 4 0 0 0 1 70 255 255 253 247 255 244 146 27 15 2 2 1 0 4 0 0 0 0 0 2 0 0 0 0 7 8 0 13 35 155 255 240 191 75 6 13 0 8 0 0 3 0 0 0 0 0 0 0 0 0 0 0 0 0 0 0 0 0 0 0 0 0 0 0 0 0 0 0 0 0 0 0 0 0 0 0 0 0 0 0 0 0 0 0 0 0 0 0 0 0 0 0 0 0 0 0 0 0 0 0 0 0 0 0 0 0 0 0 0 0 0 0 0 0 0 0 0 0 0 0 0 0 0 0 0 0 0 0 0 0 0 0 0 0 0 0 0 0 0 0 0 0 0 0 0 0 0 0 0 0 0 0 0 0 0 0 0 0 0
0 0 0 0 0 0 0 0 0 0 2 0 5 11 0 4 0 0 0 13 0 0 12 0 0 0 0 0 0 0 0 0 0 0 0 0 5 6 3 0 0 0 0 0 0 11 1 0 0 4 0 0 0 0 0 0 0 0 0 0 0 0 0 0 0 1 6 2 10 0 8 10 7 0 0 0 16 7 0 13 0 0 0 0 0 0 0 0 0 0 0 0 5 0 0 14 0 0 7 0 0 0 14 0 0 9 2 0 0 0 0 0 0 0 0 0 0 0 0 0 7 0 0 20 0 65 182 255 115 75 25 0 14 0 0 17 0 0 0 0 0 0 0 0 0 0 0 0 0 29 12 0 58 253 229 105 85 237 246 52 0 0 1 0 0 0 0 0 0 0 0 0 0 0 0 0 14 0 0 27 197 240 82 4 111 183 246 54 0 12 5 0 0 0 0 0 0 0 0 0 0 0 0 0 0 0 3 30 250 215 16 0 0 7 243 149 0 0 0 4 0 0 0 0 0 0 0 0 0 0 0 0 0 3 0 55 255 54 7 0 0 16 223 131 5 12 2 2 0 0 0 0 0 0 0 0 0 0 0 0 0 3 15 164 250 18 0 7 0 0 186 121 1 0 0 0 0 0 0 0 0 0 0 0 0 0 0 0 0 3 38 254 189 0 0 6 11 0 200 139 7 3 3 5 0 0 0 0 0 0 0 0 0 0 0 0 4 1 79 255 92 0 10 0 3 2 229 147 0 0 8 0 0 0 0 0 0 0 0 0 0 0 0 0 4 0 147 239 24 0 18 0 0 1 232 147 0 0 4 0 0 0 0 0 0 0 0 0 0 0 0 0 0 0 215 229 5 0 3 0 1 0 220 147 4 3 4 1 0 0 0 0 0 0 0 0 0 0 0 0 0 7 240 204 2 1 0 3 1 13 226 136 0 0 0 0 0 0 0 0 0 0 0 0 0 0 0 0 3 23 232 168 0 9 0 7 7 55 255 139 0 4 5 1 0 0 0 0 0 0 0 0 0 0 0 0 6 62 254 133 14 0 0 4 5 150 250 32 11 0 0 3 0 0 0 0 0 0 0 0 0 0 0 0 0 32 255 204 0 1 6 0 1 165 152 0 0 0 0 0 0 0 0 0 0 0 0 0 0 0 0 0 9 54 231 153 0 23 0 0 36 237 123 5 0 8 0 5 0 0 0 0 0 0 0 0 0 0 0 0 0 0 232 240 6 0 0 7 123 255 99 16 0 2 0 0 0 0 0 0 0 0 0 0 0 0 0 0 7 16 202 231 0 6 14 23 236 196 23 0 0 2 0 0 0 0 0 0 0 0 0 0 0 0 0 0 3 0 105 250 71 0 21 216 253 94 0 0 10 0 0 11 0 0 0 0 0 0 0 0 0 0 0 0 5 0 70 255 232 221 229 245 134 11 0 14 0 0 0 0 0 0 0 0 0 0 0 0 0 0 0 0 3 3 0 33 203 249 247 147 26 0 0 10 0 3 17 0 0 0 0 0 0 0 0 0 0 0 0 0 0 0 0 0 0 0 0 0 0 0 0 0 0 0 0 0 0 0 0 0 0 0 0 0 0 0 0 0 0 0 0 0 0 0 0 0 0 0 0 0 0 0 0 0 0 0 0 0 0 0 0 0 0 0 0 0 0 0 0 0 0 0 0 0 0 0 0 0 0 0 0 0 0 0 0 0 0 0 0 0 0 0 0 0 0 0 0 0 0 0 0 0 0 0 0 0 0 0 0 0 0 0 0 0
0 1 8 5 0 0 0 0 7 0 0 0 0 0 0 1 0 0 0 6 5 0 0 6 0 0 0 0 10 1 0 0 0 1 2 6 0 0 0 2 5 5 3 1 6 0 0 0 0 0 0 0 0 0 0 0 8 0 0 2 5 0 0 0 0 0 0 1 1 0 0 0 0 2 15 11 3 0 2 4 0 0 0 0 0 0 3 5 2 0 1 4 0 0 0 0 0 2 5 4 10 0 0 0 0 2 4 3 0 0 0 0 0 3 2 0 0 4 9 5 7 10 7 0 0 0 0 0 0 0 0 7 5 0 0 0 0 0 0 0 1 3 0 0 0 4 0 0 0 0 1 0 0 2 0 0 0 0 2 6 4 0 0 3 0 0 0 0 2 0 0 6 4 0 5 19 44 110 194 251 255 229 167 116 130 96 38 0 0 6 9 0 0 0 0 0 7 0 0 3 0 0 51 120 229 244 254 252 252 255 255 247 242 255 225 114 18 0 0 0 0 0 0 0 0 9 0 0 11 0 221 248 245 255 249 187 189 191 210 191 254 240 247 250 191 58 15 0 3 0 0 2 1 1 4 0 0 2 157 240 252 238 158 22 0 0 5 0 86 136 233 242 255 255 113 18 0 8 0 6 6 0 7 3 0 0 0 86 255 236 129 0 0 5 3 0 3 4 17 211 252 239 255 136 5 12 0 10 3 0 0 10 11 23 0 147 249 255 181 17 3 0 0 12 0 0 5 5 84 244 255 243 64 0 0 9 4 8 0 3 0 0 19 215 244 243 110 0 3 5 0 1 15 1 0 0 0 84 245 247 149 0 4 0 0 5 0 17 3 6 81 255 255 255 90 4 1 0 0 11 0 6 6 0 5 4 120 255 217 31 4 0 12 2 0 0 0 1 109 252 246 217 2 0 7 10 3 0 11 0 11 9 1 0 60 251 248 115 1 0 0 0 10 5 0 0 119 250 250 223 0 3 0 0 4 2 0 11 1 0 3 0 13 189 255 187 0 0 1 0 0 0 0 8 182 245 240 161 9 0 6 0 3 0 0 6 3 0 8 0 3 207 255 237 6 5 0 7 0 13 12 0 198 255 255 74 2 0 0 0 3 13 14 0 13 9 0 1 21 216 248 145 0 0 0 0 8 0 0 0 153 247 245 83 0 0 4 10 0 0 0 4 0 0 7 14 124 247 247 78 10 4 13 0 2 27 0 0 238 243 245 188 0 0 0 10 0 10 12 7 0 10 0 78 251 255 141 6 0 1 0 0 3 0 0 5 116 255 255 215 10 12 0 0 6 0 1 0 0 100 146 255 230 223 29 0 0 0 1 21 0 4 11 0 64 241 255 246 95 0 7 16 9 0 0 109 222 255 246 255 209 36 1 27 5 1 0 3 2 0 16 16 0 225 249 255 162 8 0 0 0 6 105 244 255 255 197 4 28 1 0 8 0 0 7 0 10 6 0 15 0 119 252 251 251 195 59 8 0 4 82 157 41 58 22 12 11 0 3 0 3 0 0 1 2 0 0 1 9 16 127 225 255 255 152 5 3 0 0 0 0 0 0 0 0 0 0 0 0 0 0 1 2 0 0 0 4 9 0 95 186 249 162 12 0 6 0 0 0 0 0 0 0 0 0 0 0 0 0 1 2 0 0 0 0 1 0 0 0 2 3 0 2 1 0 0 0 0 0 0 0 0 0 0 0 0 0 0 1 0 0 0 0 0 0 2 5 0 5 19 6 0 0 0 0 0 0 0 0 0 0 0 0 0
0 0 0 0 0 0 0 0 0 0 0 15 0 7 4 0 5 0 12 0 0 10 0 4 0 0 0 0 0 0 0 0 0 0 0 0 19 2 0 0 0 0 0 0 0 0 5 8 0 6 12 2 0 0 0 0 0 0 0 0 0 0 0 0 0 0 0 0 16 6 0 2 14 0 0 6 0 0 0 0 0 0 0 0 0 0 0 0 0 0 0 0 0 18 9 0 0 3 0 0 0 6 0 0 8 6 2 8 0 0 0 0 0 0 0 0 0 0 0 0 4 0 0 2 26 57 91 80 23 0 6 0 0 6 0 0 0 0 0 0 0 0 0 0 0 0 0 0 2 3 104 172 254 236 255 252 205 20 0 16 0 9 2 4 0 0 0 0 0 0 0 0 0 0 0 0 2 108 221 255 250 189 196 248 255 89 0 0 0 0 0 10 0 0 0 0 0 0 0 0 0 0 0 0 48 240 255 188 30 0 26 192 244 251 129 13 6 6 0 4 0 0 0 0 6 0 8 0 2 1 0 23 204 255 195 0 24 0 0 18 130 145 220 180 33 0 0 5 0 13 6 0 0 3 5 0 9 0 18 202 255 235 33 2 0 0 23 1 0 0 42 161 238 143 4 0 9 0 0 16 4 7 1 0 9 0 40 255 234 80 0 8 4 0 8 0 17 0 0 0 136 242 168 44 0 7 0 7 2 0 0 3 0 12 138 246 207 0 22 0 5 0 0 7 0 0 29 0 1 135 224 194 45 0 0 0 3 0 6 4 0 5 238 255 165 5 0 4 0 2 6 3 0 0 4 2 0 7 115 255 234 20 3 25 5 13 2 0 8 0 255 251 89 15 0 14 0 4 2 0 0 1 0 0 14 0 19 123 250 72 0 0 0 0 0 0 15 0 255 251 65 0 11 0 0 0 1 10 3 0 7 7 0 0 6 73 255 244 35 0 6 0 4 13 0 0 255 255 67 0 2 0 5 0 5 0 1 0 0 0 6 8 0 20 220 255 0 0 0 0 1 0 0 13 242 250 95 3 4 0 14 0 0 1 0 2 0 0 9 10 0 1 205 172 7 0 2 0 0 7 0 0 150 255 217 15 0 14 0 10 22 0 4 0 25 0 0 0 0 77 244 116 6 0 3 2 0 10 0 0 43 208 250 189 27 0 6 0 0 3 0 8 0 4 0 4 15 102 255 46 4 0 0 10 0 0 2 5 0 91 237 252 140 3 3 19 0 9 0 13 13 0 7 43 200 255 188 5 0 0 0 10 0 0 2 7 0 4 53 233 254 197 144 36 49 0 5 0 29 104 149 255 226 172 73 0 0 6 0 1 0 5 0 0 11 0 1 17 171 250 255 249 255 185 183 170 237 255 255 188 118 0 0 7 0 8 1 0 0 12 0 0 9 0 11 4 0 45 117 144 241 255 255 255 176 150 52 0 10 0 0 5 0 4 0 0 0 9 0 7 0 0 0 0 8 8 0 8 26 11 16 23 11 0 13 2 0 4 9 0 0 0 0 0 0 0 0 0 0 0 0 0 0 0 0 0 0 0 0 0 0 0 0 0 0 0 0 0 0 0 0 0 0 0 0 0 0 0 0 0 0 0 0 0 0 0 0 0 0 0 0 0 0 0 0 0 0 0 0 0 0 0 0 0 0 0 0 0 0 0 0 0 0 0 0 0 0 0 0 0 0 0 0 0 0 0 0 0 0 0 0 0 0 0 0 0 0 0 0 0 0 0 0 0 0 0 0 0 0 0 0 0 0 0
0 0 0 0 0 0 0 0 9 2 0 0 5 0 0 5 2 5 5 0 0 0 0 0 0 0 0 0 0 0 0 0 0 0 0 0 0 6 0 11 5 0 3 0 0 0 0 5 0 5 10 0 0 0 0 0 0 0 0 0 0 0 0 0 15 0 6 0 2 0 4 8 4 13 7 0 0 0 0 3 0 0 0 0 0 0 0 0 0 0 0 0 0 0 26 0 0 7 2 0 0 0 0 4 10 0 0 2 0 0 0 0 0 0 0 0 0 0 0 0 6 2 13 247 255 226 140 141 11 6 6 0 0 8 19 0 0 0 0 0 0 0 0 0 0 0 0 0 0 41 245 242 251 228 182 255 189 135 24 0 22 9 0 6 0 0 0 0 0 0 0 0 0 0 0 0 12 200 235 211 83 40 19 42 112 236 212 68 3 0 0 15 0 0 0 0 0 0 0 0 0 0 0 0 146 232 255 31 0 0 0 3 4 40 194 255 113 10 9 0 0 0 0 0 3 0 0 3 0 4 4 96 255 231 187 0 1 0 0 7 3 11 51 255 245 96 0 5 2 0 1 9 1 14 0 1 9 1 3 196 244 233 5 4 0 0 0 0 0 0 6 70 241 221 49 0 0 0 0 1 0 5 0 0 0 3 51 255 255 129 0 10 4 7 9 0 4 14 0 0 152 251 197 8 0 0 0 0 6 0 5 13 0 31 172 255 204 4 23 0 0 8 0 0 0 0 0 4 0 158 251 89 3 0 3 0 8 0 8 13 0 39 254 247 122 0 0 0 0 3 0 5 11 0 14 10 0 138 245 229 17 0 1 0 0 0 0 0 0 42 255 249 131 5 0 12 0 7 0 5 0 0 0 0 5 72 248 255 58 0 0 5 2 7 1 1 7 94 255 253 106 0 5 7 0 1 6 0 0 4 0 3 11 4 255 240 115 4 0 9 0 0 0 5 0 142 255 224 12 9 0 7 0 3 2 5 5 0 3 0 7 8 249 255 151 6 0 5 3 0 4 0 3 145 255 222 10 0 0 6 0 0 10 0 0 9 7 0 3 116 234 255 130 7 0 7 0 0 4 9 5 70 253 219 2 12 0 0 1 3 0 11 5 0 0 10 0 118 255 238 63 0 0 2 0 8 2 0 3 36 255 215 3 0 9 0 2 5 0 5 0 6 0 3 136 236 241 255 18 0 7 1 0 4 3 0 6 25 212 249 106 0 3 0 1 0 12 6 4 1 37 179 255 255 255 148 9 5 12 0 8 0 9 5 10 0 86 255 177 21 0 0 0 1 0 0 3 127 245 255 244 184 66 16 0 0 0 0 8 0 11 2 2 0 0 158 250 231 157 98 60 137 139 176 255 255 244 255 214 62 4 0 0 0 0 0 1 3 4 0 0 14 0 29 120 231 255 247 229 255 252 248 255 244 204 100 8 1 12 1 1 4 1 3 0 9 0 3 0 0 6 0 4 34 139 208 255 231 255 249 175 109 19 2 4 0 5 0 0 0 0 0 0 0 0 0 0 0 0 0 0 0 0 0 0 0 0 0 0 0 0 0 0 0 0 0 0 0 0 0 0 0 0 0 0 0 0 0 0 0 0 0 0 0 0 0 0 0 0 0 0 0 0 0 0 0 0 0 0 0 0 0 0 0 0 0 0 0 0 0 0 0 0 0 0 0 0 0 0 0 0 0 0 0 0 0 0 0 0 0 0 0 0 0 0 0 0 0 0 0 0 0 0 0 0 0 0 0 0 0 0 0 0 0
0 0 0 0 0 0 0 0 0 0 17 0 8 2 0 7 0 1 0 0 0 0 13 0 0 0 0 0 0 0 0 0 0 0 0 0 15 0 0 8 0 0 24 0 0 1 0 0 16 0 0 0 0 0 0 0 0 0 0 0 0 0 0 0 0 0 13 10 0 14 0 8 4 5 0 14 0 16 5 4 0 0 0 0 0 0 0 0 0 0 0 0 0 15 0 2 0 0 0 4 0 0 8 0 27 0 0 12 0 0 0 0 0 0 0 0 0 0 0 0 15 0 0 20 0 0 0 9 48 163 242 196 12 7 8 0 0 0 0 0 0 0 0 0 0 0 0 0 0 17 9 0 13 7 14 195 255 249 255 255 152 4 0 4 0 0 0 0 0 0 0 0 0 0 0 0 4 0 2 10 0 48 219 254 190 118 93 243 83 11 0 1 0 0 0 0 0 0 0 0 0 0 0 0 3 0 9 4 107 229 235 144 29 0 0 223 96 26 0 2 0 0 0 0 0 6 0 1 5 0 0 0 0 0 18 178 255 252 103 0 3 0 5 119 74 240 92 0 0 0 0 0 0 3 0 2 2 0 2 2 15 1 164 236 218 103 1 10 0 0 0 16 3 212 170 5 0 0 0 0 1 0 3 3 0 2 6 0 0 109 245 235 98 0 0 3 6 0 14 0 0 146 239 18 0 0 0 0 5 0 3 3 0 4 2 0 53 226 243 120 0 0 24 0 5 0 14 6 0 26 233 11 0 0 0 0 8 0 2 0 0 4 0 6 210 254 213 4 0 4 7 0 5 0 0 5 0 0 233 16 0 0 0 0 7 0 3 0 1 1 0 42 255 240 110 0 2 0 0 6 0 9 3 0 11 77 255 22 0 0 0 0 2 0 7 0 3 0 3 95 242 187 8 7 0 0 5 3 0 6 5 0 21 187 216 4 0 0 0 0 0 0 11 0 4 0 11 137 254 104 0 0 8 0 0 0 7 0 6 0 23 237 156 0 0 0 0 0 2 1 0 3 7 0 28 227 255 47 16 0 0 2 0 6 0 11 0 0 148 254 26 10 0 0 0 0 0 12 1 0 0 15 61 253 227 35 0 6 7 10 0 0 0 0 4 48 222 181 10 0 0 0 0 0 0 4 6 0 8 7 0 163 255 96 3 0 0 2 6 6 14 0 12 117 246 99 0 0 0 0 0 0 6 0 0 0 5 0 0 189 249 103 0 11 7 1 0 0 0 0 119 255 132 0 6 5 0 0 0 0 7 0 3 6 0 0 16 212 246 123 0 0 2 2 0 6 46 212 246 153 0 5 23 0 0 0 0 0 0 0 1 8 4 0 0 81 255 134 9 3 4 0 33 147 243 237 118 7 18 11 0 16 0 0 0 0 4 3 0 0 0 11 1 9 160 254 250 156 167 225 245 241 155 37 12 0 0 0 8 0 0 0 0 0 0 7 0 16 0 0 3 0 14 149 248 237 255 243 157 104 4 0 6 1 0 6 0 1 0 0 0 0 0 0 0 0 0 0 0 0 0 0 0 0 0 0 0 0 0 0 0 0 0 0 0 0 0 0 0 0 0 0 0 0 0 0 0 0 0 0 0 0 0 0 0 0 0 0 0 0 0 0 0 0 0 0 0 0 0 0 0 0 0 0 0 0 0 0 0 0 0 0 0 0 0 0 0 0 0 0 0 0 0 0 0 0 0 0 0 0 0 0 0 0 0 0 0 0 0 0 0 0 0 0 0 0 0 0 0 0 0 0 0 0
0 0 0 0 0 0 0 0 4 3 1 0 0 0 2 4 0 0 5 0 0 0 2 1 0 0 0 0 0 0 0 0 0 0 0 0 0 0 7 6 0 5 11 0 16 0 0 13 0 5 0 0 0 0 0 0 0 0 0 0 0 0 0 0 4 3 0 0 3 0 0 14 0 10 4 0 3 0 0 1 0 0 0 0 0 0 0 0 0 0 0 0 0 4 0 0 12 0 0 0 0 11 7 0 20 0 0 7 0 0 0 0 0 0 0 0 0 0 0 0 1 0 3 7 0 3 24 3 3 0 0 19 0 0 9 0 0 0 0 0 0 0 0 0 0 0 0 0 9 7 0 65 241 255 224 255 255 243 59 0 0 18 0 6 0 0 0 0 0 0 0 0 0 0 0 0 0 4 107 225 255 249 255 255 247 252 222 171 13 0 24 0 0 0 0 0 0 0 0 0 0 0 0 0 83 197 246 243 255 254 228 242 253 254 255 241 174 5 0 2 0 0 0 0 4 12 3 0 11 0 0 25 196 242 246 251 255 148 0 62 163 254 252 255 254 170 6 0 1 4 0 1 0 0 0 7 0 21 66 206 243 255 255 251 114 6 0 0 39 218 249 240 255 247 175 23 0 0 0 0 5 7 4 0 2 0 159 255 255 254 235 151 12 0 17 2 0 156 255 250 246 255 250 82 24 0 1 0 0 8 1 0 14 62 236 245 248 249 145 4 0 11 0 0 0 8 121 116 132 244 255 244 88 0 1 0 0 0 7 0 2 231 255 254 252 228 64 0 16 0 2 6 20 0 22 0 33 247 244 255 172 3 0 2 11 0 2 2 2 255 255 248 249 69 0 0 0 0 10 0 0 0 0 0 36 255 255 246 236 5 0 3 0 0 0 0 10 232 255 250 255 0 3 15 0 14 1 0 0 16 0 6 21 236 255 254 255 1 2 2 0 0 7 15 0 255 239 255 207 26 0 0 1 0 0 4 0 0 0 11 29 255 255 247 255 0 5 0 0 3 0 0 4 242 255 253 226 16 0 4 0 2 0 0 4 0 18 0 59 255 247 249 127 8 0 4 5 0 5 5 0 255 255 245 255 41 11 0 0 0 9 2 0 5 0 15 192 253 255 249 94 2 0 2 0 5 0 14 0 158 255 240 237 215 25 0 8 18 0 4 0 5 12 216 247 242 245 222 48 0 0 0 1 0 0 3 0 18 213 255 255 247 217 83 3 4 0 0 1 0 97 255 253 255 213 71 12 0 1 0 9 0 30 0 1 0 107 251 246 255 252 250 32 13 15 6 7 132 220 231 237 255 159 8 0 0 2 0 1 0 5 0 4 6 26 123 255 242 255 245 255 242 126 123 164 246 242 255 255 176 71 0 0 3 2 0 0 16 0 3 4 0 0 9 79 168 203 255 241 254 249 255 254 247 255 251 178 0 2 10 0 1 0 1 2 0 8 2 0 0 0 2 6 0 34 156 219 245 255 240 247 255 200 157 8 18 0 0 1 0 0 4 0 0 0 0 0 0 0 0 0 2 0 5 40 88 109 102 112 74 26 0 0 1 5 5 0 0 0 0 0 0 0 0 0 0 0 0 2 6 1 0 0 7 5 0 4 0 0 0 0 4 1 0 0 0 0 0 0 0 0 0 0 0 0 0 0 0 4 2 0 0 0 0 0 0 3 5 4 1 0 0 0 0 0 0 0 0 0 0 0 0 0 0 0 0 3 4 2 0 2 9 1 2 2 0 0 0 2 7 0 0 0 0
0 0 0 0 0 0 0 0 8 3 0 0 1 0 0 0 0 8 0 0 0 12 2 0 0 0 0 0 0 0 0 0 0 0 0 0 0 0 1 1 3 7 6 5 6 0 8 17 0 0 1 0 0 0 0 0 0 0 0 0 0 0 0 0 0 14 0 0 20 3 0 0 13 0 0 2 1 0 11 3 0 0 0 0 0 0 0 0 0 0 0 0 0 3 3 0 5 0 1 15 0 6 0 0 0 13 2 0 0 0 0 0 0 0 0 0 0 0 0 0 13 0 9 7 45 140 249 249 250 255 248 192 10 0 0 12 0 0 0 0 0 0 0 0 0 0 0 0 0 3 0 2 143 241 255 246 248 234 249 255 38 16 2 0 0 0 0 0 0 0 0 0 0 0 0 0 4 14 0 16 191 246 249 255 255 255 255 251 36 4 0 12 0 0 0 0 0 0 0 0 0 0 0 0 6 0 101 205 255 239 255 248 237 255 236 255 218 187 52 0 0 0 0 0 0 0 0 14 2 7 0 3 3 6 200 255 244 255 237 255 156 193 237 255 255 251 223 54 0 3 0 0 10 5 0 0 0 0 1 0 96 225 255 250 255 237 227 160 28 15 59 14 169 210 148 226 21 4 2 0 0 0 5 2 2 6 9 6 102 249 250 213 122 119 42 0 0 2 0 19 5 0 217 252 20 0 7 7 0 0 7 0 0 0 0 58 234 250 235 49 1 4 0 14 0 25 10 0 0 4 74 255 162 11 0 0 8 0 0 0 0 8 5 186 254 255 127 0 13 0 0 0 0 0 0 12 4 5 53 248 230 36 5 0 0 0 0 2 3 12 64 255 244 172 4 6 0 17 0 4 4 0 20 2 0 0 118 255 183 17 2 3 0 0 0 0 0 0 128 232 196 11 0 12 0 0 0 5 3 3 1 0 0 20 216 244 156 15 0 0 0 4 0 0 4 5 241 255 143 1 0 5 0 7 0 0 0 7 0 13 6 45 229 255 22 0 17 10 3 3 1 0 0 0 124 251 139 4 4 0 14 0 0 3 0 7 0 0 11 141 250 243 1 1 1 0 0 0 0 9 10 0 187 248 75 5 0 6 0 5 1 0 0 0 0 18 109 252 255 96 1 1 1 0 1 3 0 0 0 0 245 227 18 0 2 9 0 0 8 6 3 16 143 192 254 248 67 28 1 1 0 0 0 11 0 0 2 15 255 243 63 0 15 0 10 0 3 1 68 141 220 255 254 180 17 0 0 0 0 0 0 6 0 0 1 8 192 251 187 61 54 49 154 220 223 216 255 252 253 246 79 19 0 12 0 0 0 0 2 2 0 3 0 0 101 255 243 234 255 251 240 255 246 255 234 249 255 178 5 14 0 0 0 0 0 0 3 0 2 1 11 3 66 226 255 255 246 250 251 254 255 243 255 180 42 29 13 0 2 0 0 0 0 0 0 0 8 0 7 0 0 78 246 254 246 255 255 143 146 98 78 2 12 0 0 0 4 0 0 0 0 0 0 0 0 0 0 0 0 0 0 0 0 0 0 0 0 0 0 0 0 0 0 0 0 0 0 0 0 0 0 0 0 0 0 0 0 0 0 0 0 0 0 0 0 0 0 0 0 0 0 0 0 0 0 0 0 0 0 0 0 0 0 0 0 0 0 0 0 0 0 0 0 0 0 0 0 0 0 0 0 0 0 0 0 0 0 0 0 0 0 0 0 0 0 0 0 0 0 0 0 0 0 0 0 0 0 0 0 0 0 0 0 0
0 0 0 0 0 0 0 0 0 2 0 16 0 0 1 0 0 0 0 7 0 0 2 2 0 0 0 0 0 0 0 0 0 0 0 0 5 3 0 0 7 0 0 5 9 0 1 0 0 6 1 1 0 0 0 0 0 0 0 0 0 0 0 0 1 0 9 1 0 0 0 0 2 0 17 15 0 2 9 0 0 0 0 0 0 0 0 0 0 0 0 0 7 0 11 5 0 6 13 0 0 13 2 0 4 0 0 12 0 0 0 0 0 0 0 0 0 0 0 0 0 0 0 0 45 106 139 138 146 84 34 15 18 0 20 0 0 0 0 0 0 0 0 0 0 0 0 0 0 9 0 17 203 231 255 255 255 228 246 193 77 0 15 1 0 0 0 0 0 0 0 0 0 0 0 0 0 16 2 109 255 255 251 248 255 255 255 238 250 123 0 0 0 0 0 0 0 0 0 0 0 0 0 0 2 0 0 201 244 255 255 246 164 84 219 254 255 203 72 11 0 0 0 0 0 15 0 2 0 3 0 0 0 3 115 255 241 255 249 249 30 8 39 152 253 253 249 30 0 0 0 0 7 0 0 13 8 0 21 4 15 255 248 253 250 110 176 99 3 0 4 126 250 241 232 29 0 0 0 0 6 0 9 0 1 3 3 0 195 249 239 242 52 5 0 13 13 0 13 7 176 255 255 113 0 0 0 0 5 0 7 0 3 6 6 202 244 255 214 24 0 0 15 0 0 8 0 0 191 255 249 68 0 0 0 0 0 1 1 5 0 0 47 253 255 244 80 1 7 3 0 0 0 0 0 0 85 255 242 255 0 0 0 0 0 4 0 0 20 75 224 251 248 83 0 0 0 7 12 8 0 0 16 8 169 240 255 161 0 0 0 0 20 3 0 0 6 88 255 255 253 68 0 0 21 0 0 0 0 1 0 0 73 255 238 153 0 0 0 0 0 0 11 1 46 214 255 229 126 0 2 3 0 6 1 0 7 0 12 11 144 238 245 93 0 0 0 0 0 0 6 15 85 255 255 212 27 0 0 23 0 0 14 0 9 0 0 42 226 250 250 33 0 0 0 0 9 0 0 0 195 255 226 103 0 7 0 0 1 0 1 9 0 0 64 176 254 250 217 32 0 0 0 0 0 6 0 1 200 246 206 0 11 0 1 0 1 13 3 0 0 123 237 248 254 251 72 7 0 0 0 0 0 6 0 7 179 243 241 65 0 1 11 0 3 1 7 91 144 255 253 255 221 152 10 0 0 0 0 0 1 0 1 0 211 246 246 177 93 27 65 101 111 181 236 247 255 227 255 191 6 1 0 2 0 0 0 0 0 4 7 0 119 233 255 250 239 235 247 243 243 255 255 248 234 229 105 29 7 0 10 0 0 0 0 0 1 8 0 0 0 143 221 244 255 248 253 255 255 244 204 119 89 0 0 1 0 0 0 2 0 0 0 0 0 0 2 0 6 0 25 69 141 160 139 146 135 68 21 0 0 0 2 1 5 11 0 0 0 0 0 0 0 0 0 0 0 0 0 0 0 0 0 0 0 0 0 0 0 0 0 0 0 0 0 0 0 0 0 0 0 0 0 0 0 0 0 0 0 0 0 0 0 0 0 0 0 0 0 0 0 0 0 0 0 0 0 0 0 0 0 0 0 0 0 0 0 0 0 0 0 0 0 0 0 0 0 0 0 0 0 0 0 0 0 0 0 0 0 0 0 0 0 0 0 0 0 0 0 0 0 0 0 0 0 0 0 0 0 0 0 0 0 0
0 6 0 0 0 0 0 2 8 0 2 3 0 0 0 0 0 10 2 0 3 0 0 0 0 0 0 0 0 0 0 10 11 2 2 3 0 0 8 0 1 21 7 0 5 0 0 0 6 0 0 0 0 0 0 0 10 0 0 0 0 0 0 0 0 10 12 5 0 0 0 1 3 3 6 7 3 0 0 11 0 0 0 0 6 0 1 0 0 8 12 9 0 10 0 9 10 0 10 1 0 0 0 0 0 5 0 0 0 0 0 0 0 0 11 2 0 11 0 0 0 18 0 5 0 2 0 0 11 0 17 8 0 0 0 6 0 0 0 0 0 0 10 0 0 0 0 17 0 41 113 147 185 246 166 167 41 0 0 5 10 16 0 0 0 0 0 0 2 0 2 0 5 7 21 120 195 224 216 170 110 130 123 204 255 137 62 0 0 8 2 0 0 0 0 0 5 0 2 0 6 0 0 136 252 173 0 0 5 0 0 12 38 108 201 131 15 0 0 2 0 0 0 0 0 2 6 2 0 0 33 235 185 8 0 5 8 1 0 2 0 0 58 245 146 3 0 2 0 0 0 0 3 2 0 0 0 0 40 248 164 9 0 0 0 0 1 5 1 6 0 91 219 59 23 0 0 0 0 0 6 0 0 0 0 0 43 255 114 0 2 3 0 3 3 0 0 2 0 0 143 192 0 2 0 0 0 0 1 0 0 3 3 0 40 255 116 0 0 4 0 6 3 0 0 0 14 0 10 255 32 0 0 0 0 0 0 0 1 4 3 0 40 255 178 14 0 0 0 0 1 5 0 7 0 1 1 206 170 0 0 0 0 0 1 1 0 0 1 0 37 240 198 17 0 1 3 0 0 4 2 12 0 0 25 84 229 17 0 0 0 0 1 3 0 0 3 0 15 193 175 4 0 7 9 1 0 0 2 2 0 2 2 20 198 19 0 0 0 0 0 2 0 0 8 0 0 143 173 10 0 4 0 0 0 5 1 0 2 6 0 3 200 0 0 0 0 0 6 0 3 0 3 0 0 110 206 22 0 5 0 0 5 0 2 0 0 0 9 0 192 4 0 0 0 0 0 0 4 0 9 5 7 96 255 90 0 0 12 6 0 20 0 0 5 4 0 46 228 28 0 0 0 0 1 0 7 1 2 1 0 46 226 173 24 3 0 0 0 0 0 15 11 0 14 148 161 1 0 0 0 0 5 0 7 2 0 0 0 2 157 209 0 5 0 0 2 17 0 0 0 26 15 247 55 0 0 0 0 0 2 0 4 4 0 4 3 0 77 236 85 0 0 12 0 0 13 0 11 7 145 249 0 3 0 0 0 0 1 0 2 3 0 4 7 1 2 140 231 75 0 0 13 6 0 5 0 158 255 2 8 6 0 0 0 0 1 4 0 1 0 0 0 0 0 20 220 231 149 12 0 5 0 33 151 208 31 0 16 0 0 0 0 0 0 6 0 1 3 0 0 4 4 0 6 110 246 207 165 171 224 221 213 78 0 5 5 0 0 0 0 0 0 0 0 0 0 0 0 0 0 2 0 6 68 145 171 153 198 115 27 0 0 9 5 0 0 0 0 0 0 0 0 0 0 0 0 0 0 1 0 0 0 9 11 3 3 0 0 6 3 0 0 1 0 0 0 0 0 0 0 0 0 0 0 0 0 0 6 12 4 0 0 0 0 0 0 0 0 0 0 11 0 0 0 0 0 0 0 0 0 0 0 0 0 0 0 1 4 0 0 3 14 1 0 0 7 6 1 0 0 0 0 0
0 0 0 0 0 0 0 0 0 5 0 2 0 0 15 0 0 0 11 6 0 1 0 9 0 0 0 0 0 0 0 0 0 0 0 0 1 14 0 0 29 0 0 15 8 0 1 0 0 17 4 0 0 0 0 0 0 0 0 0 0 0 0 0 0 0 11 10 0 0 0 0 9 0 2 6 1 0 0 12 0 0 0 0 0 0 0 0 0 0 0 0 20 0 9 0 6 3 14 5 0 0 4 0 1 13 3 0 0 0 0 0 0 0 0 0 0 0 0 0 0 4 0 15 16 255 252 149 2 0 0 1 1 0 0 4 0 0 0 0 0 0 0 0 0 0 0 0 4 6 0 0 202 251 246 231 17 10 0 1 3 0 4 3 0 0 0 0 0 0 0 0 0 0 0 0 0 1 14 40 248 248 252 239 152 249 255 174 47 0 0 0 0 0 0 0 0 0 0 0 0 0 0 0 0 13 0 60 241 255 253 248 255 246 247 255 195 53 1 5 0 0 0 0 0 0 0 0 0 0 0 0 0 13 0 173 247 245 255 249 254 255 255 250 250 91 18 0 0 0 0 0 0 0 0 0 0 0 0 0 3 0 81 246 255 246 69 210 255 220 186 255 240 121 0 7 0 0 0 0 0 0 0 0 0 0 0 0 0 0 155 255 245 68 0 12 0 0 12 255 255 198 0 0 0 0 0 0 0 0 0 0 0 0 0 0 0 62 244 236 255 4 0 0 10 6 0 255 244 210 4 6 0 0 0 0 0 0 0 0 0 0 0 0 0 150 246 255 165 0 9 11 0 4 6 255 254 173 6 0 0 0 0 0 0 0 0 0 0 0 0 0 12 175 255 246 4 12 0 0 0 7 69 249 250 111 4 0 0 0 0 0 0 0 0 0 0 0 0 0 53 255 246 188 15 2 20 5 0 17 174 253 255 92 2 0 0 0 0 0 0 0 0 0 0 0 0 0 182 251 252 167 0 0 3 0 3 45 255 250 249 100 8 0 0 0 0 0 0 0 0 0 0 0 0 0 198 255 247 115 0 0 13 0 11 95 255 243 185 12 0 5 0 0 0 0 0 0 0 0 0 0 0 0 220 246 255 12 2 0 0 9 75 246 241 255 155 0 16 0 0 0 0 0 0 0 0 0 0 0 0 0 188 255 237 5 9 6 0 22 176 246 253 249 46 3 0 7 0 0 0 0 0 0 0 0 0 0 0 0 206 255 255 45 0 0 0 204 243 255 246 175 6 7 8 6 0 0 0 0 0 0 0 0 0 0 0 0 208 244 249 106 0 12 194 234 255 249 193 0 14 0 0 0 0 0 0 0 0 0 0 0 0 0 0 0 112 255 253 148 143 221 240 255 245 219 23 7 0 4 11 2 0 0 0 0 0 0 0 0 0 0 0 0 49 250 240 255 245 255 247 255 161 15 7 0 7 0 0 7 0 0 0 0 0 0 0 0 0 0 0 0 1 172 255 250 244 255 210 90 19 0 0 15 4 7 0 2 0 0 0 0 0 0 0 0 0 0 0 0 0 0 0 0 0 0 0 0 0 0 0 0 0 0 0 0 0 0 0 0 0 0 0 0 0 0 0 0 0 0 0 0 0 0 0 0 0 0 0 0 0 0 0 0 0 0 0 0 0 0 0 0 0 0 0 0 0 0 0 0 0 0 0 0 0 0 0 0 0 0 0 0 0 0 0 0 0 0 0 0 0 0 0 0 0 0 0 0 0 0 0 0 0 0 0 0 0 0 0 0 0 0 0 0
0 0 0 0 0 0 0 0 2 0 0 7 5 0 0 0 0 8 0 0 10 0 0 1 0 0 0 0 0 0 0 0 0 0 0 0 0 1 3 0 0 0 11 14 3 0 2 14 0 11 1 5 0 0 0 0 0 0 0 0 0 0 0 0 13 3 0 2 9 5 0 0 0 31 0 0 0 0 3 0 0 0 0 0 0 0 0 0 0 0 0 0 1 3 3 0 0 0 3 11 0 0 17 4 4 13 10 0 0 0 0 0 0 0 0 0 0 0 0 0 0 3 6 0 0 5 2 0 171 246 120 24 1 0 6 12 0 0 0 0 0 0 0 0 0 0 0 0 11 0 0 10 3 0 12 51 237 255 246 129 0 12 0 0 0 0 0 0 0 0 0 0 0 0 0 0 3 0 0 4 0 7 119 248 243 243 255 217 87 3 0 9 0 0 0 0 0 0 0 0 0 0 0 0 0 6 2 0 36 131 224 255 167 44 226 252 159 0 0 0 0 0 0 0 5 0 1 0 4 2 0 0 11 0 0 0 192 255 235 59 0 0 30 229 255 114 0 1 0 0 0 0 0 0 3 0 0 0 0 11 0 0 57 209 255 169 24 7 3 0 0 174 252 130 4 1 0 0 0 0 0 3 0 3 0 0 4 0 8 61 227 251 186 2 0 3 0 10 0 157 247 144 0 1 0 0 0 0 0 8 0 6 4 2 0 0 25 220 255 217 0 0 2 4 0 0 7 132 255 136 2 0 0 0 0 0 1 10 0 7 1 0 0 26 123 255 186 68 1 0 9 0 7 0 0 166 255 163 0 3 0 0 0 0 0 9 0 5 0 0 6 124 238 204 39 0 0 0 7 0 0 3 60 239 238 129 0 0 0 0 0 0 0 5 0 4 0 0 12 206 255 95 0 11 0 0 10 0 0 0 196 247 232 16 8 0 0 0 0 0 1 1 0 3 3 5 8 235 250 51 0 0 16 0 0 2 4 13 202 255 145 0 2 7 0 0 0 0 2 0 8 0 0 0 174 255 126 0 0 0 5 2 3 0 7 149 255 221 74 0 8 0 0 0 0 0 5 0 0 6 17 30 211 244 104 5 8 0 0 10 0 11 68 248 251 94 7 15 0 12 0 0 0 0 0 5 2 0 2 31 252 241 7 3 0 20 0 0 8 37 254 248 169 4 0 6 0 0 0 0 0 0 12 0 0 11 5 0 239 255 51 7 0 0 17 0 0 211 250 240 49 6 0 0 12 3 0 0 0 0 0 0 0 0 4 27 240 248 46 0 0 4 11 108 255 255 216 0 0 0 12 6 0 2 0 0 0 0 0 7 10 0 0 37 204 255 88 8 34 82 197 255 236 185 2 30 0 2 0 3 0 5 0 0 0 0 16 0 0 9 6 0 73 233 234 222 209 246 255 238 165 44 0 0 0 1 17 0 11 0 0 0 0 0 0 0 13 0 0 4 0 96 161 208 255 255 139 63 18 1 4 0 4 0 0 3 0 4 0 0 0 0 0 0 0 0 0 0 0 0 0 0 0 0 0 0 0 0 0 0 0 0 0 0 0 0 0 0 0 0 0 0 0 0 0 0 0 0 0 0 0 0 0 0 0 0 0 0 0 0 0 0 0 0 0 0 0 0 0 0 0 0 0 0 0 0 0 0 0 0 0 0 0 0 0 0 0 0 0 0 0 0 0 0 0 0 0 0 0 0 0 0 0 0 0 0 0 0 0 0 0 0 0 0 0 0 0 0 0 0 0 0 0 0
0 0 0 0 0 0 0 0 4 1 0 9 0 0 0 9 0 2 2 0 3 6 0 0 0 0 0 0 0 0 0 0 0 0 0 0 0 2 11 0 3 8 13 0 0 10 0 0 12 0 0 22 0 0 0 0 0 0 0 0 0 0 0 0 0 0 1 12 2 0 0 7 11 0 17 3 0 6 0 0 0 0 0 0 0 0 0 0 0 0 0 0 6 0 1 0 9 0 1 0 9 0 0 5 0 0 17 11 0 0 0 0 0 0 0 0 0 0 0 0 0 15 0 4 34 153 205 229 150 155 3 0 22 0 0 0 0 0 0 0 0 0 0 0 0 0 0 0 2 0 28 161 239 255 243 252 249 255 157 34 0 6 7 2 0 0 0 0 0 0 0 0 0 0 0 0 0 48 217 244 253 106 158 218 171 187 255 180 31 0 0 1 0 0 0 0 0 0 0 0 0 0 0 0 46 208 252 182 16 13 0 8 0 2 66 254 207 20 14 0 0 0 0 0 0 7 0 0 0 0 11 22 183 255 120 7 10 0 0 2 0 7 9 91 250 157 2 1 0 0 0 0 0 0 1 12 4 8 0 107 252 121 13 0 0 0 4 0 9 0 0 18 233 224 75 0 0 0 0 0 15 0 0 0 0 0 48 237 207 10 0 8 0 2 0 4 11 0 2 0 164 255 129 7 0 0 0 0 0 5 0 2 4 10 172 245 70 0 8 8 0 10 0 2 0 1 0 9 53 252 118 3 0 0 0 0 0 2 0 1 0 95 255 152 1 9 5 0 0 11 3 0 0 7 0 9 5 253 141 0 0 0 0 0 16 0 0 0 4 218 238 54 2 0 0 0 0 0 13 0 1 10 0 0 10 235 213 11 0 0 0 0 2 0 8 19 70 255 153 0 0 0 0 13 6 0 2 2 0 0 3 0 1 156 251 68 0 0 0 0 0 0 3 0 102 253 100 5 0 16 0 0 6 3 0 3 2 3 0 6 0 102 255 123 0 0 0 0 0 8 0 7 148 233 31 1 8 0 0 7 8 0 0 2 0 9 8 10 2 63 253 162 0 0 0 0 11 0 0 0 173 231 14 0 0 2 1 0 0 5 7 3 14 0 0 0 3 67 255 109 0 0 0 0 0 0 15 1 148 226 18 0 4 0 0 0 0 0 0 4 2 0 10 7 0 88 252 67 0 0 0 0 0 9 1 3 82 255 116 11 1 1 1 1 0 0 0 0 0 5 0 5 68 241 233 0 0 0 0 0 10 0 0 10 45 246 201 6 0 8 8 0 0 8 10 0 23 4 0 72 181 246 110 10 0 0 0 0 3 0 6 11 10 135 245 140 12 0 0 11 10 0 0 0 0 77 213 251 255 145 0 0 0 0 0 0 1 0 13 0 0 31 194 255 250 183 130 123 124 127 166 220 232 255 243 95 33 5 0 3 0 0 0 0 0 6 0 0 12 0 1 86 175 215 247 255 255 255 220 166 147 45 0 12 0 0 6 0 0 0 0 0 0 0 0 0 0 0 0 0 0 0 0 0 0 0 0 0 0 0 0 0 0 0 0 0 0 0 0 0 0 0 0 0 0 0 0 0 0 0 0 0 0 0 0 0 0 0 0 0 0 0 0 0 0 0 0 0 0 0 0 0 0 0 0 0 0 0 0 0 0 0 0 0 0 0 0 0 0 0 0 0 0 0 0 0 0 0 0 0 0 0 0 0 0 0 0 0 0 0 0 0 0 0 0 0 0 0 0 0 0 0 0 0
0 0 0 0 0 0 0 0 5 3 0 4 11 0 0 7 9 0 14 2 0 12 0 0 0 0 0 0 0 0 0 0 0 0 0 0 0 9 1 0 3 8 1 0 5 13 0 0 0 11 0 1 0 0 0 0 0 0 0 0 0 0 0 0 0 0 0 0 0 6 0 3 0 0 0 29 0 0 12 0 0 0 0 0 0 0 0 0 0 0 0 0 1 0 3 7 0 1 0 16 1 17 0 0 5 10 1 0 0 0 0 0 0 0 0 0 0 0 0 0 0 0 0 7 19 84 154 243 202 26 0 0 11 0 0 9 0 0 0 0 0 0 0 0 0 0 0 0 21 3 0 125 210 249 246 255 255 197 131 0 1 14 0 0 0 0 0 0 0 0 0 0 0 0 0 0 0 72 125 240 253 250 254 255 238 251 242 122 3 0 8 0 0 0 0 0 0 0 0 0 0 0 0 0 11 210 252 255 238 255 251 155 155 255 255 182 27 0 0 5 0 0 0 0 6 0 3 2 0 0 3 0 0 234 255 233 255 95 33 18 27 113 254 255 191 8 6 0 0 0 0 0 0 0 2 0 1 5 3 0 83 227 247 246 130 31 0 0 0 19 139 252 236 61 0 0 0 0 0 0 0 1 2 0 0 5 0 9 139 255 241 105 0 8 8 0 9 8 56 229 255 138 3 1 0 0 0 0 0 0 2 0 0 1 0 72 255 246 255 243 72 0 0 1 1 0 0 144 242 188 25 0 0 0 0 0 0 0 1 0 2 4 8 176 249 255 229 236 29 0 0 6 0 9 0 130 255 244 66 7 0 0 0 0 1 0 2 1 1 0 7 238 255 146 0 6 1 15 0 0 0 8 5 127 255 242 56 0 0 0 0 0 3 0 3 0 0 0 0 244 240 35 1 7 0 0 18 0 0 0 0 128 255 249 62 14 0 0 0 0 0 1 4 0 3 9 0 242 253 42 0 0 0 4 0 9 2 8 0 136 251 255 54 0 0 0 0 0 6 0 1 0 2 3 0 247 252 42 0 0 0 12 0 13 0 0 11 129 252 255 56 1 0 0 0 0 1 2 3 0 1 5 0 237 254 25 0 13 3 0 0 0 11 8 0 152 249 202 72 0 0 0 0 0 0 4 4 0 4 0 1 245 242 46 9 0 0 3 21 4 0 0 44 178 255 147 0 10 0 0 0 0 0 2 3 5 8 0 5 236 253 69 4 6 11 0 0 0 13 18 218 242 245 137 4 0 0 0 0 0 0 5 2 0 7 0 0 150 255 245 179 111 126 131 105 30 104 183 255 255 232 69 0 5 0 0 0 0 0 9 2 0 2 9 0 32 162 255 255 240 251 247 247 226 247 255 246 237 91 0 4 0 0 0 0 0 0 2 1 0 0 7 0 0 89 242 246 255 248 255 255 246 248 255 211 86 0 13 0 2 0 0 0 0 6 0 0 11 0 0 5 6 0 67 75 220 255 249 255 250 205 86 67 0 2 0 0 1 0 0 0 0 0 0 0 0 0 0 0 0 0 0 0 0 0 0 0 0 0 0 0 0 0 0 0 0 0 0 0 0 0 0 0 0 0 0 0 0 0 0 0 0 0 0 0 0 0 0 0 0 0 0 0 0 0 0 0 0 0 0 0 0 0 0 0 0 0 0 0 0 0 0 0 0 0 0 0 0 0 0 0 0 0 0 0 0 0 0 0 0 0 0 0 0 0 0 0 0 0 0 0 0 0 0 0 0 0 0 0 0 0 0 0 0
0 0 0 0 0 0 0 0 0 0 2 3 1 0 19 0 1 1 2 4 4 2 0 0 0 0 0 0 0 0 0 0 0 0 0 0 2 5 0 7 3 2 0 16 1 0 0 0 0 0 2 4 0 0 0 0 0 0 0 0 0 0 0 0 0 0 10 0 4 2 0 0 2 3 5 5 2 0 0 0 0 0 0 0 0 0 0 0 0 0 0 0 0 17 0 0 0 2 3 15 0 0 0 0 0 1 3 4 0 0 0 0 0 0 0 0 0 0 0 0 19 0 6 0 0 103 211 37 11 7 3 0 0 1 2 2 0 0 0 0 0 0 0 0 0 0 0 0 0 7 0 20 170 240 186 28 0 0 0 0 3 4 0 0 0 0 0 0 0 0 0 0 0 0 0 0 9 7 8 198 243 191 0 41 51 31 7 0 0 1 1 0 0 0 0 0 0 0 0 0 0 0 0 0 0 7 193 252 254 75 15 162 255 204 111 35 0 0 0 5 0 0 0 0 3 0 0 2 4 0 0 2 0 84 255 229 130 18 34 230 255 243 243 172 24 0 0 4 0 0 0 0 1 0 0 0 0 0 0 0 1 176 248 159 2 0 14 236 243 147 227 253 167 8 14 0 0 0 0 0 0 3 4 0 0 0 0 0 5 221 250 72 0 0 0 115 207 21 45 238 241 28 0 10 0 0 0 0 0 2 3 0 0 4 4 0 80 237 212 0 13 0 2 11 42 6 0 177 235 86 0 15 0 0 0 0 0 0 0 0 4 6 2 0 171 255 135 3 0 1 0 0 0 4 0 124 255 158 14 0 0 0 0 0 3 0 0 0 2 0 0 0 236 254 67 16 0 2 0 0 2 0 5 144 242 165 0 17 0 0 0 0 4 0 0 3 0 0 3 20 255 254 26 0 1 0 13 3 0 3 0 105 247 255 6 0 0 0 0 0 2 0 0 6 0 0 13 45 238 255 19 0 7 0 0 0 4 0 0 25 255 249 0 9 0 0 0 0 2 0 4 0 2 0 0 117 249 172 0 1 0 0 5 0 0 1 0 136 243 158 0 3 0 0 0 0 4 0 8 0 7 3 8 101 251 185 0 0 5 4 0 9 0 7 5 134 255 112 9 3 0 0 0 0 2 0 6 0 1 3 5 59 253 166 0 5 0 8 0 0 3 1 0 211 240 32 0 0 0 0 0 0 3 0 4 0 0 0 0 13 187 232 83 10 0 7 0 2 10 0 181 240 169 9 0 16 0 0 0 0 6 0 6 5 0 3 0 0 113 249 241 133 0 5 22 0 7 171 253 196 2 0 0 0 0 0 0 0 2 0 2 4 1 4 3 0 8 170 255 251 207 142 125 150 231 255 219 55 0 12 0 13 0 0 0 0 0 0 0 0 2 0 1 0 0 9 125 225 255 243 255 251 252 185 24 6 9 0 0 0 0 0 0 0 2 8 0 0 4 0 0 3 13 0 6 20 116 153 189 143 42 0 12 0 0 0 14 0 0 0 0 0 0 0 0 0 0 0 0 0 0 0 0 0 0 0 0 0 0 0 0 0 0 0 0 0 0 0 0 0 0 0 0 0 0 0 0 0 0 0 0 0 0 0 0 0 0 0 0 0 0 0 0 0 0 0 0 0 0 0 0 0 0 0 0 0 0 0 0 0 0 0 0 0 0 0 0 0 0 0 0 0 0 0 0 0 0 0 0 0 0 0 0 0 0 0 0 0 0 0 0 0 0 0 0 0 0 0 0 0 0 0 0 0
0 0 0 0 0 0 0 0 0 13 0 0 0 10 0 3 2 2 2 2 0 0 22 0 0 0 0 0 0 0 0 0 0 0 0 0 0 0 0 4 0 1 0 4 3 0 0 0 4 5 0 9 0 0 0 0 0 0 0 0 0 0 0 0 12 0 0 9 1 0 12 0 0 0 10 1 0 27 2 0 0 0 0 0 0 0 0 0 0 0 0 0 0 1 1 0 1 0 2 0 5 7 0 5 0 0 3 10 0 0 0 0 0 0 0 0 0 0 0 0 0 7 1 0 5 0 1 73 154 249 145 0 8 6 0 0 0 0 0 0 0 0 0 0 0 0 0 0 6 0 0 6 14 6 4 160 239 255 210 30 0 1 0 19 0 0 0 0 0 0 0 0 0 0 0 0 0 0 45 101 102 94 1 109 251 255 254 121 1 0 6 0 0 0 0 0 0 0 0 0 0 0 0 0 0 19 154 255 255 243 23 7 252 252 247 245 103 0 0 10 0 0 0 0 0 0 0 0 0 0 0 0 0 71 220 255 255 246 85 16 137 130 254 255 113 11 0 0 0 0 0 0 0 0 0 0 0 0 0 0 15 150 252 255 233 255 185 0 0 49 247 241 154 0 4 7 0 0 0 0 0 0 0 0 0 0 0 0 35 248 255 247 163 235 212 53 0 33 253 255 238 29 0 0 0 0 0 0 0 0 0 0 0 0 0 0 175 255 246 255 94 253 255 80 15 25 247 255 255 81 0 0 0 0 0 0 0 0 0 0 0 0 0 0 197 255 254 158 27 203 181 44 0 11 255 249 239 84 8 0 0 0 0 0 0 0 0 0 0 0 0 0 192 247 208 5 11 104 23 0 6 9 255 255 253 44 0 2 0 0 0 0 0 0 0 0 0 0 0 0 209 237 254 73 0 0 3 11 0 56 235 255 249 22 0 4 0 0 0 0 0 0 0 0 0 0 0 0 195 254 245 126 2 0 0 0 1 177 255 253 204 27 14 0 0 0 0 0 0 0 0 0 0 0 0 0 196 255 248 130 9 0 0 2 81 235 245 254 127 0 0 9 0 0 0 0 0 0 0 0 0 0 0 0 200 243 250 255 8 0 10 0 155 255 255 234 122 12 7 0 0 0 0 0 0 0 0 0 0 0 0 0 198 255 249 253 27 0 13 8 255 228 255 221 19 5 0 0 0 0 0 0 0 0 0 0 0 0 0 0 107 255 255 238 124 11 0 94 255 255 248 220 0 0 12 0 0 0 0 0 0 0 0 0 0 0 0 0 11 221 255 255 230 213 131 248 253 242 199 55 13 8 0 8 0 0 0 0 0 0 0 0 0 0 0 0 16 121 247 250 249 255 243 251 255 218 0 3 0 8 0 4 0 0 0 0 0 0 0 0 0 0 0 0 0 0 154 224 255 243 255 248 217 50 10 0 34 0 6 0 0 0 0 0 0 0 0 0 0 0 0 0 2 8 0 41 141 241 199 87 55 2 0 4 0 0 8 0 0 0 0 0 0 0 0 0 0 0 0 0 0 0 0 0 0 0 0 0 0 0 0 0 0 0 0 0 0 0 0 0 0 0 0 0 0 0 0 0 0 0 0 0 0 0 0 0 0 0 0 0 0 0 0 0 0 0 0 0 0 0 0 0 0 0 0 0 0 0 0 0 0 0 0 0 0 0 0 0 0 0 0 0 0 0 0 0 0 0 0 0 0 0 0 0 0 0 0 0 0 0 0 0 0 0 0 0 0 0 0 0 0 0 0 0
0 9 0 0 3 3 4 0 0 2 0 5 11 0 6 0 0 5 2 0 3 9 0 0 0 0 0 0 0 0 0 4 4 0 0 0 9 0 0 3 0 7 8 0 1 7 3 0 0 0 0 8 0 0 0 0 1 0 0 8 1 0 0 3 0 0 0 4 24 0 11 7 0 0 0 4 1 0 0 5 0 0 0 0 5 0 1 2 0 0 3 4 0 15 3 0 0 13 0 0 0 0 0 6 6 4 1 0 0 0 0 0 2 0 8 0 0 5 0 0 2 21 247 248 154 58 0 6 3 0 2 1 0 0 7 0 0 0 0 0 0 0 13 0 0 5 0 10 57 232 255 251 246 240 109 8 2 0 0 5 0 0 6 0 0 0 0 0 0 0 10 0 4 1 0 66 209 249 245 252 237 239 255 110 84 19 0 7 1 0 3 0 0 0 0 0 2 0 3 0 5 0 7 125 255 246 254 251 254 255 231 255 222 83 0 0 1 0 3 0 0 0 0 0 1 1 0 0 1 0 4 128 251 254 255 240 143 188 238 255 250 219 84 0 0 16 0 0 0 0 0 0 1 4 0 3 2 0 0 121 255 231 255 255 151 168 255 246 255 255 101 24 16 0 0 11 0 0 0 0 0 4 0 3 3 0 11 140 252 255 243 246 199 164 240 255 237 255 243 107 0 1 5 5 0 0 0 0 0 2 0 0 2 8 34 173 245 249 255 254 129 15 94 236 254 250 255 244 116 0 0 0 0 0 0 0 0 2 0 0 0 5 30 169 240 255 249 236 121 0 11 255 234 255 236 246 235 110 5 0 0 0 0 0 1 5 0 1 0 0 5 134 255 238 249 196 18 0 2 69 255 248 255 252 255 170 0 0 0 0 0 0 1 4 0 2 1 0 0 120 226 254 255 157 4 0 0 7 81 211 255 244 241 230 143 0 0 0 0 0 0 0 0 0 4 1 9 134 255 254 251 185 65 0 0 0 0 136 248 243 255 255 106 10 0 0 0 0 6 0 1 0 2 5 43 183 252 241 255 255 132 0 9 4 5 129 238 254 251 255 120 7 0 0 0 0 0 0 7 4 3 6 80 255 249 242 250 253 200 48 18 0 51 216 247 255 237 254 128 0 0 0 0 0 8 0 4 0 0 0 21 140 252 255 244 234 255 227 209 178 94 244 231 243 250 253 123 22 0 0 0 0 0 1 3 0 7 6 0 12 140 236 255 255 246 255 246 252 247 251 255 253 250 241 115 0 0 0 0 0 0 4 6 0 2 5 0 0 0 134 255 253 241 250 254 248 246 250 251 234 255 231 87 6 0 0 0 0 6 1 0 0 0 0 0 0 22 9 108 158 255 239 243 255 233 255 235 255 215 92 0 0 0 0 0 0 4 0 0 4 12 5 3 5 0 0 25 14 170 253 254 253 255 238 252 251 73 0 12 0 0 0 0 0 0 8 3 0 0 0 3 0 7 4 0 1 26 29 46 247 243 255 243 77 2 0 2 0 0 0 0 0 0 0 0 0 0 0 0 0 0 0 0 0 0 0 0 0 0 0 0 0 0 0 0 0 0 0 0 0 0 0 0 0 0 0 0 0 0 0 0 0 0 0 0 0 0 0 0 0 0 0 0 0 0 0 0 0 0 0 0 0 0 0 0 0 0 0 0 0 0 0 0 0 0 0 0 0 0 0 0 0 0 0 0 0 0 0 0 0 0 0 0 0 0 0 0 0 0 0 0 0 0 0 0 0 0 0 0 0 0 0 0 0
3 1 0 0 7 3 0 3 0 0 0 7 2 0 5 0 0 0 13 3 0 6 0 0 0 0 0 0 0 4 5 0 0 0 0 0 3 26 4 0 0 0 1 9 5 5 0 15 0 15 0 1 0 0 0 0 0 0 0 5 5 10 8 0 0 0 0 6 10 1 5 0 0 7 0 3 0 0 1 15 0 0 0 0 13 0 0 6 0 0 0 0 4 10 9 6 0 0 14 0 0 8 0 0 11 0 7 0 0 0 0 0 1 0 0 1 0 0 5 16 0 0 2 114 171 63 0 11 1 14 0 11 0 5 0 0 0 0 0 0 0 4 1 0 9 15 2 0 31 40 137 246 253 230 169 39 13 0 2 6 0 0 0 18 0 0 0 0 0 11 0 0 7 0 0 8 182 255 251 244 255 249 234 255 127 46 73 6 9 0 2 0 0 0 0 0 0 7 0 3 9 0 40 174 255 251 252 255 249 249 255 242 255 240 255 126 0 4 1 4 0 0 0 0 0 7 0 0 4 0 61 205 225 236 255 255 114 53 66 165 240 255 248 225 61 2 0 3 0 0 0 0 0 9 0 0 12 0 0 9 0 195 240 201 40 6 0 2 38 164 255 248 180 11 0 4 0 0 0 0 0 11 0 0 0 6 0 0 70 255 255 114 0 0 0 0 21 42 204 254 255 80 13 0 0 0 0 0 0 0 4 7 0 0 2 12 111 242 252 16 0 0 0 16 0 0 171 255 248 115 0 8 0 0 0 0 9 0 0 11 4 0 0 0 96 249 255 13 14 4 0 0 7 30 59 172 255 243 73 7 0 0 0 0 6 0 0 0 0 5 13 8 98 242 149 2 0 0 17 17 0 13 0 115 250 255 181 19 0 0 0 0 0 2 10 4 0 0 0 0 200 255 98 10 0 0 0 0 4 1 3 116 246 255 243 33 0 0 0 0 5 3 0 0 6 2 0 7 244 255 115 0 3 6 8 0 0 2 0 0 146 240 197 31 0 0 0 0 0 10 0 0 11 4 0 0 240 255 112 6 2 0 2 0 11 0 0 16 89 255 255 36 0 0 0 0 1 5 0 2 0 0 16 96 255 242 121 0 7 17 0 0 0 0 15 0 231 232 255 50 0 0 0 0 7 0 0 6 10 0 12 82 246 255 114 2 0 0 19 0 0 15 0 42 239 251 139 7 0 0 0 0 0 1 0 0 12 5 0 1 242 249 142 16 0 14 7 0 0 0 61 158 254 211 38 0 0 0 0 0 0 7 6 0 0 0 0 0 162 255 248 135 5 0 0 5 5 38 220 255 244 96 0 6 0 0 0 0 1 1 1 0 0 0 3 8 94 234 255 253 153 105 95 71 114 226 255 193 102 8 0 9 0 0 0 0 8 0 0 3 5 3 0 0 19 85 223 255 253 254 226 251 248 255 191 41 11 0 12 0 0 0 0 0 0 0 2 0 0 1 6 0 1 0 59 151 255 253 255 243 249 123 34 0 0 7 0 2 0 0 0 0 0 0 0 0 0 0 0 0 0 0 0 0 0 0 0 0 0 0 0 0 0 0 0 0 0 0 0 0 0 0 0 0 0 0 0 0 0 0 0 0 0 0 0 0 0 0 0 0 0 0 0 0 0 0 0 0 0 0 0 0 0 0 0 0 0 0 0 0 0 0 0 0 0 0 0 0 0 0 0 0 0 0 0 0 0 0 0 0 0 0 0 0 0 0 0 0 0 0 0 0 0 0 0 0 0 0 0 0 0 0 0 0
0 0 0 0 0 0 0 0 0 0 3 6 0 0 0 0 8 0 8 0 0 0 0 1 0 0 0 0 0 0 0 0 0 0 0 0 2 0 0 12 0 0 1 2 0 0 4 9 4 5 0 0 0 0 0 0 0 0 0 0 0 0 0 0 0 19 0 0 7 6 0 1 7 0 1 0 0 6 2 0 0 0 0 0 0 0 0 0 0 0 0 0 0 18 5 0 0 0 15 0 0 0 10 0 0 1 1 3 0 0 0 0 0 0 0 0 0 0 0 0 13 0 16 136 248 255 239 91 26 0 0 6 6 3 0 0 0 0 0 0 0 0 0 0 0 0 0 0 6 0 0 116 255 246 255 243 169 50 0 0 4 10 0 0 0 0 0 0 0 0 0 0 0 0 0 0 0 15 0 127 255 245 217 219 255 168 79 13 0 5 3 2 0 0 0 0 0 0 0 0 0 0 0 0 4 0 21 202 251 248 169 31 207 254 249 119 2 0 2 2 0 0 0 0 0 1 0 9 0 7 5 0 0 29 187 255 255 249 207 5 24 207 255 247 129 36 9 0 0 15 3 0 0 9 2 3 0 0 0 0 0 139 255 245 255 188 42 6 9 37 137 231 252 215 1 6 0 0 0 3 0 6 0 3 2 17 0 0 62 214 255 255 229 134 17 0 1 3 0 94 255 237 128 4 8 0 0 3 6 6 0 0 1 6 0 14 129 243 255 247 65 0 3 0 0 5 5 13 187 255 251 126 0 0 9 0 0 1 0 2 0 0 7 113 255 255 244 162 10 12 0 1 0 0 21 15 48 203 251 247 20 0 2 5 0 0 0 10 9 0 12 157 242 252 248 140 0 0 0 3 4 4 0 0 0 48 249 251 136 14 0 4 3 4 0 0 3 0 0 155 244 255 255 127 9 0 17 0 0 0 16 0 19 37 255 254 230 51 0 0 0 9 5 0 1 16 66 255 255 238 214 9 0 18 0 5 0 11 0 0 13 28 247 254 226 55 4 3 0 0 11 0 0 0 37 194 251 255 204 1 1 0 0 0 5 0 9 11 0 140 255 240 51 17 0 0 4 0 4 0 1 0 65 245 255 247 60 0 6 33 0 14 0 14 0 0 43 222 238 234 15 0 0 2 5 0 0 1 2 0 72 252 252 255 131 0 0 0 0 5 6 0 7 22 188 255 237 165 0 0 1 5 2 0 0 4 3 0 38 174 255 231 220 29 0 13 17 0 0 0 16 218 255 250 237 41 0 4 6 1 0 1 1 0 3 0 4 72 236 255 255 118 0 10 0 0 4 112 201 242 248 249 69 7 0 2 0 0 0 8 0 0 3 0 0 14 106 255 247 223 185 204 195 194 188 242 255 253 157 35 8 7 0 0 0 0 0 9 0 0 4 3 0 0 35 218 252 255 255 233 255 255 253 255 188 111 0 11 0 0 0 0 0 4 0 6 0 0 5 0 0 0 2 37 70 177 239 255 254 253 249 85 32 3 6 2 0 8 5 0 0 1 0 0 0 0 0 0 0 0 0 0 0 0 0 0 0 0 0 0 0 0 0 0 0 0 0 0 0 0 0 0 0 0 0 0 0 0 0 0 0 0 0 0 0 0 0 0 0 0 0 0 0 0 0 0 0 0 0 0 0 0 0 0 0 0 0 0 0 0 0 0 0 0 0 0 0 0 0 0 0 0 0 0 0 0 0 0 0 0 0 0 0 0 0 0 0 0 0 0 0 0 0 0 0 0 0 0 0 0 0 0 0 0
0 0 0 0 0 0 0 0 5 0 0 1 0 0 0 9 0 0 3 4 1 0 0 1 0 0 0 0 0 0 0 0 0 0 0 0 0 6 6 0 0 8 3 0 11 0 0 2 0 0 10 4 0 0 0 0 0 0 0 0 0 0 0 0 3 0 0 0 0 0 0 5 0 8 8 0 0 9 2 0 0 0 0 0 0 0 0 0 0 0 0 0 0 11 17 2 0 0 2 0 0 11 0 0 18 0 0 16 0 0 0 0 0 0 0 0 0 0 0 0 3 0 0 0 3 0 9 28 121 133 94 23 0 0 7 7 0 0 0 0 0 0 0 0 0 0 0 0 0 6 15 8 0 36 140 240 246 255 254 148 4 0 12 0 0 0 0 0 0 0 0 0 0 0 0 0 0 1 0 0 61 196 255 255 255 239 255 255 137 18 0 10 0 0 0 0 0 0 0 0 0 0 0 0 8 0 22 129 225 255 254 252 245 255 250 250 254 159 38 4 0 0 0 0 0 3 0 6 3 0 14 0 0 6 190 251 250 255 243 255 247 249 255 255 255 240 172 1 0 0 0 0 0 15 0 0 5 0 0 24 2 70 246 253 255 241 169 22 189 255 167 26 107 255 255 103 0 0 0 0 0 0 10 1 0 5 0 0 33 238 253 255 219 84 4 0 123 221 134 0 45 240 237 131 0 0 0 0 5 0 6 0 0 10 0 11 194 237 251 234 63 0 4 6 0 23 35 9 15 244 255 225 0 0 0 0 0 9 0 0 11 0 5 170 254 252 255 59 14 5 0 0 15 0 16 14 0 255 255 253 0 0 0 0 0 6 2 0 3 19 110 255 255 242 161 0 1 0 0 2 0 0 6 0 26 255 238 244 0 0 0 0 0 0 8 5 0 96 232 252 238 132 5 12 1 0 13 3 0 5 6 0 115 252 255 230 0 0 0 0 7 0 0 0 9 126 255 253 131 0 12 0 0 16 2 0 0 0 0 4 179 248 254 120 0 0 0 0 0 16 0 3 100 253 255 236 19 2 0 0 7 4 0 0 0 5 13 103 255 251 222 32 0 0 0 0 6 0 0 10 253 255 238 64 0 6 10 1 0 1 3 0 10 21 6 246 255 242 115 16 0 0 0 0 0 9 3 0 255 247 243 30 3 3 0 0 0 0 0 0 0 33 240 247 241 231 44 0 0 0 0 0 0 6 0 3 255 247 208 0 4 0 0 8 11 0 4 23 122 218 244 249 250 55 0 6 0 0 0 0 8 0 1 13 244 242 195 37 10 10 10 0 0 18 118 218 255 247 255 223 89 0 0 3 0 0 0 0 1 9 3 0 114 249 255 241 150 139 129 144 192 244 255 255 248 247 206 45 19 8 3 3 0 0 0 0 0 12 0 0 17 188 236 255 247 255 255 254 249 255 255 239 223 113 3 0 0 3 0 13 0 0 0 0 6 0 12 11 0 0 58 122 125 124 121 120 122 124 118 110 0 0 1 11 0 12 12 0 0 0 0 0 0 0 0 0 0 0 0 0 0 0 0 0 0 0 0 0 0 0 0 0 0 0 0 0 0 0 0 0 0 0 0 0 0 0 0 0 0 0 0 0 0 0 0 0 0 0 0 0 0 0 0 0 0 0 0 0 0 0 0 0 0 0 0 0 0 0 0 0 0 0 0 0 0 0 0 0 0 0 0 0 0 0 0 0 0 0 0 0 0 0 0 0 0 0 0 0 0 0 0 0 0 0 0 0 0 0 0 0 0 0 0 0
0 0 0 0 0 0 0 0 3 4 0 2 0 10 0 2 0 2 0 0 12 0 0 9 0 0 0 0 0 0 0 0 0 0 0 0 0 0 9 3 0 0 3 1 1 1 7 2 0 0 5 0 0 0 0 0 0 0 0 0 0 0 0 0 6 0 0 0 0 0 6 0 7 0 0 0 3 1 0 0 0 0 0 0 0 0 0 0 0 0 0 0 0 13 0 3 2 0 0 7 0 5 0 0 14 5 0 3 0 0 0 0 0 0 0 0 0 0 0 0 0 6 2 96 244 223 126 60 0 5 12 2 0 0 4 0 0 0 0 0 0 0 0 0 0 0 0 0 0 0 0 75 255 255 250 238 75 0 0 11 0 0 15 0 0 0 0 0 0 0 0 0 0 0 0 0 20 0 0 95 238 244 254 254 187 65 0 3 7 0 0 0 0 0 0 0 0 0 0 0 0 0 0 0 0 0 4 186 238 255 249 251 248 224 90 0 6 8 0 8 0 0 0 0 0 2 0 1 0 0 3 0 0 11 65 235 252 255 238 186 248 255 227 60 7 0 0 1 0 0 0 0 0 2 0 0 1 0 1 0 11 50 255 255 220 34 2 0 155 242 255 248 0 4 5 4 0 0 0 0 0 1 0 0 5 4 0 0 2 178 246 235 49 14 0 9 19 155 242 255 44 0 4 0 0 0 0 0 0 0 0 0 6 3 0 8 143 255 237 141 0 0 1 1 0 18 182 246 253 10 0 10 0 0 0 0 1 0 2 0 4 0 0 47 225 239 254 20 7 0 0 0 0 15 74 234 228 144 0 3 0 0 0 0 2 0 5 0 0 0 19 119 249 255 136 0 0 20 0 0 14 0 0 77 255 163 5 5 0 0 0 0 3 0 7 0 0 0 54 205 247 248 0 16 8 0 0 0 0 8 6 0 255 248 120 0 0 0 0 0 4 0 7 0 0 3 81 255 252 255 1 0 3 0 12 0 5 0 0 0 205 246 205 2 0 0 0 0 3 0 1 0 0 3 90 245 255 131 2 7 4 0 0 0 3 0 8 0 139 255 189 0 0 0 0 0 0 0 2 6 4 0 80 251 234 121 0 0 0 23 0 12 0 0 0 0 255 233 205 0 0 0 0 0 1 0 0 0 3 0 80 255 255 194 15 0 13 0 7 0 9 11 0 93 255 247 135 0 0 0 0 0 1 1 0 0 5 0 54 209 250 247 0 2 0 5 9 0 0 23 213 242 255 218 17 5 0 0 0 0 0 5 2 0 11 0 1 83 248 252 221 110 88 68 0 34 92 203 253 245 220 94 22 3 0 0 0 0 0 5 4 0 5 2 0 11 160 232 240 253 235 255 204 223 236 250 255 227 22 13 0 0 0 0 0 0 6 1 2 0 0 7 0 5 0 44 248 235 250 255 217 255 255 254 114 23 11 0 0 17 0 0 0 0 3 0 7 1 0 5 0 0 3 14 0 43 115 120 188 104 112 76 15 0 14 0 3 0 0 0 0 0 0 0 0 0 0 0 0 0 0 0 0 0 0 0 0 0 0 0 0 0 0 0 0 0 0 0 0 0 0 0 0 0 0 0 0 0 0 0 0 0 0 0 0 0 0 0 0 0 0 0 0 0 0 0 0 0 0 0 0 0 0 0 0 0 0 0 0 0 0 0 0 0 0 0 0 0 0 0 0 0 0 0 0 0 0 0 0 0 0 0 0 0 0 0 0 0 0 0 0 0 0 0 0 0 0 0 0 0 0 0 0 0
0 0 0 0 0 0 0 0 0 14 0 3 9 0 0 2 3 0 3 6 5 0 2 1 0 0 0 0 0 0 0 0 0 0 0 0 8 2 0 0 1 12 1 0 1 8 0 3 0 21 0 0 0 0 0 0 0 0 0 0 0 0 0 0 0 0 27 1 0 0 0 4 3 0 23 0 5 0 10 14 0 0 0 0 0 0 0 0 0 0 0 0 3 0 10 3 6 12 6 0 0 0 0 1 11 4 0 0 0 0 0 0 0 0 0 0 0 0 0 0 10 0 0 0 0 0 14 4 8 13 9 0 5 0 0 2 0 0 0 0 0 0 0 0 0 0 0 0 0 5 5 0 13 19 115 141 255 238 255 193 170 26 1 7 0 0 0 0 0 0 0 0 0 0 0 0 3 0 0 0 113 192 255 255 255 254 248 255 255 159 32 0 0 0 0 0 0 0 0 0 0 0 0 0 9 0 7 0 139 240 255 240 243 255 255 193 255 255 191 72 0 0 0 0 0 10 0 6 4 0 0 13 6 0 0 17 218 251 247 248 255 235 90 30 96 234 247 161 4 5 0 0 11 0 6 0 0 14 2 0 0 16 0 143 245 250 255 255 205 40 5 0 7 101 255 195 1 0 0 1 0 1 4 0 7 0 0 7 6 0 114 255 250 251 251 148 100 0 0 0 0 50 255 250 48 2 5 1 0 8 0 5 4 0 15 0 0 112 237 242 255 235 119 8 4 10 6 4 8 32 224 255 111 5 0 3 1 0 0 10 0 7 17 0 97 255 247 249 225 96 0 0 0 1 0 12 0 0 212 247 160 0 0 6 5 0 0 0 5 10 0 85 234 243 255 232 82 0 7 3 2 0 0 0 2 41 238 247 208 13 0 0 0 3 0 0 14 0 29 215 242 247 233 73 0 5 21 0 0 7 11 0 23 158 250 248 200 16 4 0 4 0 3 11 0 18 208 252 255 244 54 13 0 7 0 10 9 0 6 3 19 243 255 255 134 0 9 0 0 13 4 0 0 34 249 252 255 219 0 0 10 0 4 0 0 0 2 11 90 255 247 234 8 5 2 0 7 0 0 18 0 115 255 252 228 60 0 0 0 0 0 2 7 10 0 16 220 254 238 113 6 4 2 0 6 0 0 0 0 118 253 241 161 0 11 5 0 2 0 5 0 9 70 226 255 234 87 2 4 2 1 0 0 7 4 0 5 158 244 255 95 11 0 0 3 6 10 50 146 223 246 252 245 159 21 1 1 0 0 0 2 0 11 0 0 187 228 255 45 24 0 0 7 19 122 255 255 255 255 245 165 0 2 0 0 0 0 0 8 0 6 0 0 78 255 244 134 39 32 65 197 255 245 238 244 255 174 97 19 0 0 28 0 0 0 0 0 0 0 0 16 0 209 252 251 247 255 242 242 255 246 255 207 89 59 11 0 8 0 0 0 0 0 0 1 3 0 0 0 14 6 193 250 255 229 255 254 217 105 97 23 0 0 0 0 6 16 0 0 0 0 0 0 0 0 0 0 2 5 6 109 146 236 206 169 31 7 0 0 0 0 0 0 0 0 0 0 0 0 0 1 0 0 0 0 1 3 5 5 0 5 1 13 0 0 5 0 0 0 0 0 0 0 0 0 0 0 0 2 1 0 0 0 0 1 2 1 0 0 0 0 7 0 6 0 0 0 0 0 0 0 0 0 0 0 0 3 2 0 0 0 0 0 0 0 12 1 10 0 0 0 1 0 0 0 0 0 0 0 0 0 0 0 0
0 0 0 0 0 0 0 0 7 0 6 4 0 2 0 1 0 7 0 0 0 1 1 4 0 0 0 0 0 0 0 0 0 0 0 0 0 0 9 0 0 13 7 0 0 0 3 5 17 0 9 0 0 0 0 0 0 0 0 0 0 0 0 0 2 0 6 4 0 0 0 15 8 0 22 0 0 0 0 7 0 0 0 0 0 0 0 0 0 0 0 0 6 2 1 0 0 12 0 0 1 9 0 8 5 20 0 5 0 0 0 0 0 0 0 0 0 0 0 0 0 0 8 4 0 0 19 86 198 198 33 0 0 0 0 0 0 0 0 0 0 0 0 0 0 0 0 0 0 3 8 0 7 55 139 248 241 255 182 0 6 14 6 4 0 0 0 0 0 0 0 0 0 0 0 0 0 20 0 0 85 231 255 255 252 255 255 67 30 2 0 2 0 0 0 0 0 0 0 0 0 0 0 0 5 0 0 77 207 255 247 249 253 246 250 255 192 6 1 0 0 0 0 0 0 0 7 0 0 7 0 1 2 0 2 255 229 252 255 245 202 162 227 255 255 0 6 0 0 0 0 0 4 0 2 1 0 0 0 3 0 0 111 252 255 255 125 83 26 5 56 255 243 9 0 13 0 0 0 0 4 0 0 7 0 0 2 2 1 145 255 254 230 229 56 4 7 0 5 255 250 82 0 0 0 0 0 0 0 2 0 9 0 0 3 0 2 248 239 255 255 231 52 4 0 0 0 139 239 211 68 13 0 0 0 0 0 6 0 6 1 9 0 2 161 255 248 151 61 159 163 5 0 0 0 14 184 255 65 0 0 0 0 0 0 8 0 1 0 8 0 54 231 235 254 18 0 0 12 0 0 0 0 0 164 255 78 13 0 0 0 0 0 5 0 2 0 2 0 154 253 246 205 0 6 8 8 0 7 11 0 1 168 246 142 0 0 0 0 0 3 1 0 6 0 0 11 240 244 255 71 0 10 0 5 0 0 12 0 0 185 254 253 0 0 0 0 0 0 6 6 0 2 3 0 251 243 132 0 0 6 0 0 2 0 6 0 0 181 255 241 0 0 0 0 0 0 4 2 0 0 1 0 255 254 0 4 20 0 14 9 3 0 0 25 0 147 254 143 2 0 0 0 0 4 0 0 2 4 11 0 253 252 62 0 2 4 3 0 0 10 0 0 14 172 248 89 0 0 0 0 0 2 0 0 9 0 10 0 255 249 170 0 5 0 0 8 0 1 15 0 0 176 249 93 0 0 0 0 0 0 0 6 10 0 0 9 254 238 255 135 18 3 9 0 7 5 0 66 141 253 163 0 12 0 0 0 0 3 0 0 6 0 1 0 132 255 254 240 153 65 0 0 0 0 75 218 246 239 80 0 0 0 0 0 0 5 0 0 2 9 7 0 10 101 255 255 251 252 255 255 239 255 240 255 237 155 0 2 0 0 0 0 0 0 4 3 0 0 0 13 0 9 69 73 255 241 248 241 255 249 88 81 42 20 0 0 2 0 0 0 0 0 0 0 0 0 0 0 0 0 0 0 0 0 0 0 0 0 0 0 0 0 0 0 0 0 0 0 0 0 0 0 0 0 0 0 0 0 0 0 0 0 0 0 0 0 0 0 0 0 0 0 0 0 0 0 0 0 0 0 0 0 0 0 0 0 0 0 0 0 0 0 0 0 0 0 0 0 0 0 0 0 0 0 0 0 0 0 0 0 0 0 0 0 0 0 0 0 0 0 0 0 0 0 0 0 0 0 0 0 0 0 0
0 0 0 0 0 0 0 0 0 2 13 0 1 0 11 1 4 0 0 3 7 4 0 0 0 0 0 0 0 0 0 0 0 0 0 0 8 6 0 3 0 3 2 0 0 0 0 0 0 0 0 5 0 0 0 0 0 0 0 0 0 0 0 0 0 0 22 0 5 0 0 0 3 7 9 6 2 0 0 0 0 0 0 0 0 0 0 0 0 0 0 0 14 0 0 13 0 57 255 162 0 0 0 0 1 5 3 0 0 0 0 0 0 0 0 0 0 0 0 0 0 4 0 3 5 208 235 156 4 2 0 0 0 0 0 4 0 0 0 0 0 0 0 0 0 0 0 0 0 3 0 7 75 255 255 173 1 0 0 7 4 0 0 4 0 0 0 0 0 0 0 0 0 0 0 0 0 0 17 17 189 255 231 237 69 22 0 0 4 0 0 7 0 0 0 0 0 0 0 0 0 0 0 0 0 3 0 120 255 237 255 247 255 147 31 0 3 2 0 0 0 0 0 0 0 0 0 0 0 0 0 0 0 0 5 192 243 255 237 232 234 251 209 11 0 3 7 0 0 0 0 0 0 0 0 0 0 0 0 0 1 10 89 255 255 170 0 13 42 225 243 184 0 0 4 10 0 0 0 0 0 0 0 0 0 0 0 0 0 25 125 245 248 33 4 0 0 89 248 96 11 0 4 0 0 0 0 0 0 0 0 0 0 0 0 0 1 62 255 255 172 0 0 0 5 106 64 245 134 5 20 4 0 0 0 0 0 0 0 0 0 0 0 0 23 168 255 204 20 0 7 15 0 15 19 246 249 88 0 0 0 0 0 0 0 0 0 0 0 0 0 0 60 255 235 114 0 0 0 0 8 0 1 136 249 171 11 0 0 0 0 0 0 0 0 0 0 0 0 0 138 250 214 9 7 18 0 12 4 0 0 140 249 171 3 9 0 0 0 0 0 0 0 0 0 0 0 0 198 255 152 4 0 0 3 0 0 13 0 211 255 255 17 0 0 0 0 0 0 4 0 0 9 0 0 43 244 253 112 0 5 7 0 3 0 4 0 244 254 233 23 11 0 0 0 0 0 4 0 0 9 0 6 52 255 255 45 0 0 0 2 2 0 6 0 237 251 177 14 0 0 0 0 0 0 4 0 0 6 0 7 48 255 230 54 5 23 0 6 0 4 1 0 245 255 91 0 7 0 0 0 0 0 4 1 1 3 0 0 25 223 255 202 38 0 0 14 0 0 10 54 255 255 76 5 0 0 0 0 0 1 1 0 2 4 0 0 4 195 255 255 222 133 93 76 122 148 205 250 252 175 29 3 0 0 0 0 0 1 0 0 3 5 4 1 0 4 166 245 255 252 253 255 236 255 255 234 130 39 0 0 13 0 0 0 0 0 0 2 3 0 3 5 0 0 5 30 72 205 234 255 151 105 42 2 0 4 8 0 0 0 0 0 0 0 0 4 1 0 0 5 0 2 0 8 0 0 11 1 0 6 3 0 9 0 0 4 1 0 0 0 0 0 0 0 0 0 0 0 0 0 0 0 0 0 0 0 0 0 0 0 0 0 0 0 0 0 0 0 0 0 0 0 0 0 0 0 0 0 0 0 0 0 0 0 0 0 0 0 0 0 0 0 0 0 0 0 0 0 0 0 0 0 0 0 0 0 0 0 0 0 0 0 0 0 0 0 0 0 0 0 0 0 0 0 0 0 0 0 0 0 0 0 0 0 0 0 0 0 0 0 0 0 0 0 0 0 0 0 0 0 0 0 0
0 12 2 0 0 0 4 0 0 0 0 3 1 0 0 6 4 0 6 0 0 5 0 0 0 0 0 0 0 2 1 2 0 0 0 0 0 11 16 0 0 9 8 0 9 0 3 8 4 0 0 12 0 0 0 0 1 0 0 4 0 0 0 0 23 0 0 0 3 3 5 13 0 0 4 0 0 0 0 2 0 0 0 0 8 0 0 0 0 3 3 2 0 0 12 9 0 0 0 0 1 4 5 0 1 11 6 0 0 0 0 0 6 0 4 0 0 8 0 0 13 0 0 3 6 0 0 4 3 2 0 0 0 0 0 0 0 0 0 0 0 0 11 0 0 6 0 13 0 5 79 199 255 255 244 255 255 242 141 28 0 0 27 17 0 0 0 0 0 0 9 0 5 0 0 71 129 190 249 255 255 253 254 252 247 255 207 118 35 0 0 0 0 0 0 0 3 0 3 0 6 0 7 133 253 251 249 251 254 255 254 252 254 252 251 253 153 10 0 17 0 0 0 0 7 1 0 1 0 8 8 134 245 255 248 253 250 255 255 255 253 249 255 254 206 49 0 19 0 0 0 0 0 0 2 13 0 0 0 56 132 126 255 250 250 232 255 238 255 247 244 250 255 195 24 0 0 0 0 0 0 2 1 4 0 0 0 12 0 67 255 254 255 255 235 173 31 61 131 253 228 250 255 10 0 0 0 0 0 6 0 0 0 0 8 0 0 147 241 255 252 233 32 7 11 0 61 232 245 255 240 64 0 0 0 0 0 4 0 0 2 0 0 0 19 255 255 237 255 255 43 0 0 2 0 167 251 251 255 201 0 0 0 0 0 0 0 5 1 0 1 34 175 246 248 255 242 103 1 9 0 10 0 184 255 250 255 55 0 0 0 0 3 0 0 5 0 2 9 108 255 249 254 247 113 1 0 1 7 0 53 197 246 253 254 122 0 0 0 0 2 0 0 13 0 1 1 138 250 255 243 238 0 0 0 3 0 7 100 252 255 247 255 5 0 0 0 0 7 0 0 8 9 1 8 127 250 255 242 232 1 0 7 2 21 57 236 255 254 253 253 6 0 0 0 0 0 5 2 0 0 0 3 129 255 247 255 152 11 20 0 39 205 255 254 248 255 253 182 6 0 0 0 0 0 8 2 0 0 0 6 133 241 246 249 42 0 0 22 208 245 255 248 251 255 176 23 0 0 0 0 0 0 6 0 0 10 5 3 127 255 255 255 87 48 143 252 245 255 255 252 248 207 18 0 14 0 0 0 0 5 2 0 0 5 0 0 127 255 251 245 231 255 250 255 244 250 233 255 164 110 4 0 7 0 0 0 0 0 0 0 4 0 0 12 135 248 243 255 255 253 247 255 249 255 245 158 40 19 0 6 0 0 0 0 0 0 0 3 6 0 5 12 89 242 255 241 242 255 246 239 255 91 26 12 0 0 14 0 7 0 0 0 0 6 0 4 3 0 8 0 8 108 241 255 255 240 255 255 121 54 0 7 4 4 0 10 0 0 0 0 0 0 0 0 0 0 0 0 0 5 117 248 255 237 141 63 0 0 0 0 0 0 0 0 0 0 0 0 0 0 0 0 0 0 0 0 0 1 3 8 0 0 0 6 0 0 0 0 0 0 0 0 0 0 0 0 0 0 0 0 0 0 0 0 0 0 0 0 0 8 6 8 0 0 0 0 0 0 0 0 0 0 0 0 0 0 0 0 0 0 0 0 0 0 3 8 2 0 0 0 8 0 0 0 0 0 0 0 0 0 0 0 0
0 0 0 0 0 0 0 0 3 1 3 0 0 4 7 0 6 0 8 4 0 2 0 0 0 0 0 0 0 0 0 0 0 0 0 0 0 0 0 10 6 0 0 0 0 13 0 0 11 0 16 0 0 0 0 0 0 0 0 0 0 0 0 0 3 4 6 0 0 1 10 0 10 3 9 0 1 12 0 4 0 0 0 0 0 0 0 0 0 0 0 0 0 0 8 6 0 0 0 0 0 4 0 21 1 0 0 15 0 0 0 0 0 0 0 0 0 0 0 0 14 0 0 5 0 0 6 15 18 6 0 3 0 0 20 0 0 0 0 0 0 0 0 0 0 0 0 0 0 3 5 0 0 4 6 0 58 99 227 160 109 97 96 43 0 0 0 0 0 0 0 0 0 0 0 0 0 2 12 25 71 154 212 218 242 255 255 246 255 254 247 112 0 0 0 0 0 0 0 0 0 0 0 0 5 6 83 201 255 247 243 255 250 253 242 255 244 251 123 32 0 0 0 0 7 0 0 0 0 0 2 0 111 141 242 253 231 141 136 163 253 245 183 255 246 82 0 4 0 0 0 0 0 6 11 3 18 0 0 43 232 249 255 135 23 0 8 1 31 33 96 237 255 191 27 0 0 0 0 0 0 5 0 0 6 0 67 197 255 186 91 0 5 5 4 2 3 0 84 145 222 255 66 14 0 0 0 0 3 5 4 6 0 0 155 255 211 50 0 0 7 0 1 0 0 3 37 29 82 238 36 4 0 0 0 0 2 0 0 7 0 69 243 209 23 1 0 0 13 0 0 19 0 24 0 4 0 247 74 2 0 0 0 0 0 0 0 0 21 181 255 106 2 0 17 9 0 11 17 0 12 0 0 0 39 246 168 0 0 0 0 0 0 8 10 11 94 250 158 0 2 2 7 0 0 0 0 2 1 0 20 20 176 255 211 1 0 0 0 0 3 0 0 0 119 255 75 4 13 0 0 4 0 3 0 2 0 16 0 8 194 246 141 5 0 0 0 0 0 0 13 9 85 255 80 0 0 4 0 0 10 6 0 11 2 10 0 33 251 243 78 0 0 0 0 0 2 7 0 0 129 255 82 5 4 6 0 0 0 0 0 0 12 0 0 49 255 251 46 0 0 0 0 0 0 11 0 0 103 243 89 0 0 4 0 5 0 0 19 3 0 18 50 190 255 101 0 4 0 0 0 0 1 0 5 0 144 248 113 15 0 4 8 1 0 0 0 0 3 40 204 255 97 0 1 2 0 0 0 0 5 0 7 0 255 255 72 0 9 0 0 0 9 7 0 40 134 216 239 117 0 0 17 0 0 0 0 0 0 2 0 4 176 240 102 5 0 0 15 13 0 0 67 218 252 252 98 0 15 0 0 0 0 0 0 0 6 13 0 0 9 158 234 173 18 0 0 70 125 163 243 255 189 10 9 0 0 0 0 12 0 0 0 0 0 0 4 0 8 37 253 243 193 204 188 255 255 235 240 80 26 0 12 0 9 0 2 0 0 0 0 0 5 0 0 0 0 27 141 255 249 253 255 255 207 125 49 8 0 0 0 0 0 0 0 0 0 0 0 0 1 0 0 7 5 0 2 15 6 0 0 4 4 0 0 7 0 0 0 0 0 0 0 0 0 0 0 0 0 2 2 0 0 2 0 0 1 0 0 5 4 0 0 0 0 0 0 0 0 0 0 0 0 0 0 0 0 4 11 3 0 2 8 7 1 0 0 5 5 1 1 4 0 0 0 0 0 0 0 0 0 0 0 0
0 0 0 0 0 0 0 0 0 7 0 0 0 12 0 6 2 16 0 0 7 0 9 0 0 0 0 0 0 0 0 0 0 0 0 0 2 4 0 3 20 0 0 0 0 0 8 15 0 1 2 3 0 0 0 0 0 0 0 0 0 0 0 0 0 0 14 5 0 0 11 0 1 0 5 6 0 5 3 0 0 0 0 0 0 0 0 0 0 0 0 0 4 0 4 0 0 20 0 4 0 14 0 0 7 0 4 0 0 0 0 0 0 0 0 0 0 0 0 0 0 7 0 0 18 0 68 193 49 0 3 0 15 0 0 0 0 0 0 0 0 0 0 0 0 0 0 0 0 1 0 2 0 0 209 244 196 0 8 0 0 3 0 5 0 0 0 0 0 0 0 0 0 0 0 0 5 0 0 11 0 78 191 35 248 92 9 0 0 9 2 1 0 0 0 0 0 0 0 0 0 0 0 0 0 15 0 13 22 166 112 9 158 185 19 4 4 0 0 0 0 0 0 0 0 10 0 10 0 0 2 0 7 44 166 234 255 251 225 149 136 255 116 6 11 0 0 0 0 0 0 0 0 10 0 1 0 2 0 7 41 216 188 94 91 162 80 44 128 209 254 83 0 2 0 11 0 0 0 0 0 7 0 0 0 7 0 49 205 157 23 0 1 44 0 14 9 50 245 111 0 20 0 0 0 0 0 0 0 0 5 0 4 8 0 122 202 18 0 2 0 0 0 6 0 0 159 113 2 5 0 3 0 0 0 0 1 0 7 3 5 0 3 178 140 7 13 0 6 0 8 0 11 16 150 190 8 0 1 9 0 0 0 0 2 0 5 5 1 0 1 177 158 0 0 1 0 0 0 3 0 0 143 255 15 2 9 0 0 0 0 0 1 0 1 2 0 0 0 132 161 0 2 22 0 3 5 0 16 0 82 254 38 0 14 0 0 0 0 0 0 2 0 0 1 4 0 91 235 27 0 0 1 7 1 0 0 5 14 248 100 0 6 5 0 0 0 0 0 0 0 3 0 0 16 42 255 83 1 0 15 0 0 0 0 6 0 232 97 3 0 1 0 0 0 0 3 0 0 1 0 0 4 18 207 138 26 0 11 0 5 4 0 8 0 223 125 0 0 1 0 0 0 0 4 0 0 2 4 0 0 0 113 246 11 0 3 0 0 13 0 0 91 235 10 15 0 8 0 0 0 0 2 0 0 3 7 3 0 0 17 206 135 0 18 0 6 0 10 0 170 172 0 0 33 0 0 0 0 0 0 0 0 3 3 1 1 3 0 71 246 95 0 0 12 0 0 108 226 48 0 16 0 5 0 0 0 0 0 1 2 0 0 0 0 1 7 4 153 224 66 10 0 7 63 236 107 7 0 8 0 4 0 0 0 0 0 1 1 0 0 0 0 0 0 0 38 177 210 93 76 45 206 99 5 0 32 0 0 0 0 0 0 0 0 0 0 0 1 3 2 0 7 2 0 21 126 243 230 183 126 9 8 3 0 0 10 0 0 0 0 0 0 0 0 0 0 0 0 0 0 0 0 0 0 0 0 0 0 0 0 0 0 0 0 0 0 0 0 0 0 0 0 0 0 0 0 0 0 0 0 0 0 0 0 0 0 0 0 0 0 0 0 0 0 0 0 0 0 0 0 0 0 0 0 0 0 0 0 0 0 0 0 0 0 0 0 0 0 0 0 0 0 0 0 0 0 0 0 0 0 0 0 0 0 0 0 0 0 0 0 0 0 0 0 0 0 0 0 0 0 0 0 0
0 0 0 0 0 0 0 0 0 0 0 8 9 0 0 1 1 10 0 0 0 0 7 11 0 0 0 0 0 0 0 0 0 0 0 0 5 10 3 0 0 1 5 0 0 0 7 0 3 10 3 0 0 0 0 0 0 0 0 0 0 0 0 0 0 0 4 7 4 0 0 1 10 0 8 14 0 0 7 17 0 0 0 0 0 0 0 0 0 0 0 0 8 0 0 1 5 0 0 4 0 8 0 4 0 3 5 0 0 0 0 0 0 0 0 0 0 0 0 0 8 2 0 0 0 0 0 0 7 110 142 25 0 4 0 0 0 0 0 0 0 0 0 0 0 0 0 0 0 0 2 14 0 0 32 105 228 231 255 17 1 22 0 11 0 0 0 0 0 0 0 0 0 0 0 0 10 0 0 0 3 48 151 248 235 194 238 56 22 22 0 0 0 0 0 0 0 0 0 0 0 0 0 0 0 15 6 0 67 201 255 241 170 186 248 255 248 255 159 21 0 0 0 0 0 9 0 0 15 0 7 0 0 8 5 118 254 252 117 56 244 253 219 221 232 232 225 161 21 0 14 0 3 0 2 0 0 13 9 0 0 0 123 255 214 96 0 3 83 100 39 0 0 0 168 246 149 0 0 6 0 4 0 0 2 0 0 14 16 131 252 220 31 4 0 0 0 0 0 0 13 0 35 244 255 0 0 0 0 4 0 3 19 0 0 0 42 240 251 122 0 12 0 0 20 0 7 7 0 9 0 230 253 8 11 0 6 0 0 4 0 13 6 8 179 255 120 6 0 4 0 13 0 0 8 3 0 0 14 119 238 0 6 0 1 1 0 2 0 15 0 144 243 187 28 0 5 0 0 0 6 0 0 0 21 0 0 146 255 0 0 0 0 8 0 4 5 0 55 255 225 52 0 12 11 0 0 9 0 9 7 0 0 0 10 236 202 7 0 0 7 0 7 7 0 1 234 249 135 0 5 3 0 4 10 0 2 0 4 0 0 11 176 220 39 0 4 0 5 0 0 13 1 34 254 238 16 3 4 0 0 6 0 0 3 0 3 0 0 127 251 91 0 0 0 0 0 4 1 0 1 170 255 123 9 0 0 2 0 3 0 11 4 0 7 0 140 245 163 0 0 0 0 0 0 3 5 0 5 255 239 10 0 3 11 3 0 6 0 0 0 7 28 197 241 255 25 11 0 0 0 0 1 0 0 9 7 255 225 15 6 0 1 0 9 15 0 0 7 109 249 252 210 40 6 0 0 0 0 0 1 0 0 0 0 204 255 151 49 0 5 0 6 0 35 121 202 255 236 160 53 0 20 3 0 0 0 0 3 0 0 6 0 86 229 255 221 121 102 137 233 241 242 244 210 125 25 0 1 0 0 1 0 0 0 0 3 0 3 11 0 0 94 191 255 250 251 253 255 251 167 100 9 0 0 0 11 20 0 0 0 0 0 0 0 7 2 0 6 3 0 9 74 124 131 100 10 10 0 10 1 0 7 10 0 0 11 0 0 0 0 0 0 0 0 0 0 0 0 0 0 0 0 0 0 0 0 0 0 0 0 0 0 0 0 0 0 0 0 0 0 0 0 0 0 0 0 0 0 0 0 0 0 0 0 0 0 0 0 0 0 0 0 0 0 0 0 0 0 0 0 0 0 0 0 0 0 0 0 0 0 0 0 0 0 0 0 0 0 0 0 0 0 0 0 0 0 0 0 0 0 0 0 0 0 0 0 0 0 0 0 0 0 0 0 0 0 0 0 0 0 0 0 0
0 6 3 0 0 4 0 0 0 3 4 0 13 0 3 2 0 1 0 9 2 11 0 4 0 0 0 0 7 0 0 0 0 4 5 4 16 7 0 0 1 1 0 0 10 0 1 3 0 0 0 0 0 0 0 0 2 0 0 6 2 0 0 0 0 0 2 1 0 13 6 2 0 0 0 9 16 16 12 0 0 0 0 0 0 0 8 11 0 0 2 0 9 0 2 7 0 9 0 0 0 24 0 0 0 0 0 0 0 0 0 0 0 2 2 0 0 5 11 3 0 5 98 201 255 248 243 255 248 200 71 16 0 11 11 0 0 0 0 0 0 5 0 0 6 7 0 0 40 150 250 255 236 154 145 140 214 241 239 199 42 0 2 7 0 0 0 0 0 7 0 0 15 0 0 23 142 255 219 112 29 0 7 3 6 86 191 255 224 67 15 0 0 0 0 0 0 12 0 0 7 0 17 118 246 250 81 10 0 0 10 0 0 9 14 103 255 112 20 7 0 0 0 0 0 0 5 0 0 14 0 246 248 251 59 1 0 2 0 0 4 4 0 17 153 242 177 3 2 0 3 3 8 0 2 2 0 0 32 228 255 211 50 7 1 0 0 4 0 5 10 0 24 151 234 106 4 12 6 12 2 0 0 8 5 0 135 251 181 75 0 0 4 1 0 2 0 0 5 1 0 35 198 214 0 0 0 0 0 1 0 3 0 0 207 246 153 4 0 3 6 1 0 0 2 2 0 10 11 0 92 255 78 2 0 2 0 9 0 2 1 1 250 255 170 0 3 3 0 0 7 0 0 8 0 0 17 2 29 230 175 0 7 0 0 7 0 1 1 16 233 255 152 0 0 2 0 1 6 0 4 0 8 0 0 3 1 178 230 17 0 0 0 4 0 0 0 0 145 237 159 7 3 15 1 3 0 0 6 0 7 10 0 0 0 151 255 99 6 8 3 0 0 5 0 9 115 255 159 7 0 1 0 2 0 9 0 9 0 0 0 0 12 159 242 135 0 7 1 0 11 0 4 0 135 254 165 0 7 0 4 3 0 0 0 13 0 0 1 0 0 165 246 111 8 3 6 0 1 0 8 1 67 239 195 0 2 4 0 2 8 8 0 0 0 15 15 0 8 183 248 28 0 9 3 0 2 2 0 0 15 253 246 93 0 9 7 0 5 0 12 0 8 1 0 0 88 255 202 0 0 12 0 0 4 2 0 0 0 193 255 216 33 0 12 0 13 4 0 0 3 0 33 151 224 247 89 2 7 2 3 0 0 0 10 7 0 47 222 255 163 30 2 4 0 6 2 0 31 83 180 255 214 70 0 12 0 0 2 6 0 0 6 0 8 0 74 238 244 229 161 92 158 91 158 174 238 255 255 191 99 0 0 4 0 11 0 9 3 0 0 0 12 1 0 49 221 238 246 255 245 255 241 247 255 221 132 21 0 0 12 0 0 9 0 4 0 1 12 0 0 5 13 0 0 34 118 105 135 174 187 130 59 5 12 0 5 0 0 0 15 0 0 0 0 0 0 0 0 0 0 0 0 0 0 0 0 0 0 0 0 0 0 0 0 0 0 0 0 0 0 0 0 0 0 0 0 0 0 0 0 0 0 0 0 0 0 0 0 0 0 0 0 0 0 0 0 0 0 0 0 0 0 0 0 0 0 0 0 0 0 0 0 0 0 0 0 0 0 0 0 0 0 0 0 0 0 0 0 0 0 0 0 0 0 0 0 0 0 0 0 0 0 0 0 0 0 0 0 0 0 0 0 0
0 0 0 0 0 0 0 0 0 4 1 0 2 1 0 9 2 0 10 0 5 0 1 1 0 0 0 0 0 0 0 0 0 0 0 0 3 3 0 0 7 6 0 0 0 0 2 0 0 0 3 6 0 0 0 0 0 0 0 0 0 0 0 0 0 5 8 2 0 0 0 11 0 0 1 4 1 0 0 0 0 0 0 0 0 0 0 0 0 0 0 0 6 0 0 0 0 3 3 0 0 0 0 0 7 0 8 0 0 0 0 0 0 0 0 0 0 0 0 0 5 1 9 11 0 0 0 0 9 4 0 0 2 0 5 0 0 0 0 0 0 0 0 0 0 0 0 0 0 0 0 5 0 0 9 2 0 1 0 4 22 0 19 0 0 0 0 0 0 0 0 0 0 0 0 0 6 0 28 72 93 111 106 70 3 17 0 5 0 0 0 0 0 0 0 0 0 0 0 0 0 0 0 0 0 75 201 255 255 246 254 245 212 200 86 78 2 9 4 6 0 0 0 0 0 7 0 0 12 5 0 26 159 235 255 241 249 255 255 246 250 255 252 246 159 37 0 1 0 13 0 0 0 6 0 0 0 0 113 184 250 250 243 253 159 82 71 93 91 70 220 249 255 242 36 4 2 1 0 0 4 0 0 6 1 0 220 255 255 255 229 41 0 7 0 9 0 22 0 109 205 236 173 0 1 1 2 0 0 0 0 8 2 68 244 250 242 135 0 0 7 15 0 6 9 6 0 2 96 255 253 166 0 0 19 0 0 5 5 0 0 178 253 255 204 4 23 2 0 3 0 4 0 11 1 0 8 134 236 252 44 0 6 0 0 7 0 0 0 252 255 244 248 71 0 18 0 2 8 0 6 10 0 6 0 20 179 254 134 0 0 0 0 3 0 1 8 214 252 195 143 68 28 0 8 1 0 9 0 0 0 15 8 2 185 241 167 6 0 1 0 5 0 14 0 120 243 179 0 2 0 3 0 0 8 0 1 0 11 0 0 8 196 255 127 0 4 0 0 0 6 2 0 36 255 220 62 0 1 6 0 15 0 5 0 0 7 0 0 167 238 255 86 21 0 0 12 0 2 0 0 10 196 255 215 49 9 0 15 0 3 5 1 0 9 0 57 225 255 220 16 0 0 2 4 0 7 0 2 0 76 213 255 179 51 0 4 10 0 1 0 1 1 0 91 242 248 180 0 0 9 7 0 1 8 0 5 0 0 68 230 244 229 112 51 0 25 0 0 11 52 110 221 255 141 8 4 5 8 3 0 9 0 0 0 7 0 0 38 175 255 255 255 102 72 86 194 218 223 255 255 213 69 0 7 0 0 0 2 4 0 4 0 2 16 0 0 26 72 181 238 251 255 255 247 242 196 193 123 65 0 0 0 0 0 8 2 0 1 10 5 0 7 0 10 0 0 11 159 197 217 198 119 74 7 9 7 10 0 2 3 0 5 10 5 0 6 0 2 0 1 4 0 5 0 0 0 13 3 2 0 1 0 0 0 0 2 1 6 0 0 0 0 0 0 0 0 0 0 0 0 0 0 0 0 0 0 0 0 0 0 0 0 0 0 0 0 0 0 0 0 0 0 0 0 0 0 0 0 0 0 0 0 0 0 0 0 0 0 0 0 0 0 0 0 0 0 0 0 0 0 0 0 0 0 0 0 0 0 0 0 0 0 0 0 0 0 0 0 0 0 0 0 0 0 0 0 0 0 0 0 0 0 0 0 0 0 0 0 0 0 0 0 0 0 0 0 0 0 0 0 0 0 0
0 0 0 0 0 0 0 0 2 0 0 0 1 3 2 1 1 0 1 7 1 0 3 0 0 0 0 0 0 0 0 0 0 0 0 0 2 4 2 0 0 0 0 0 0 17 0 1 0 0 6 0 0 0 0 0 0 0 0 0 0 0 0 0 0 1 8 5 3 6 7 6 0 6 4 0 16 8 0 8 0 0 0 0 0 0 0 0 0 0 0 0 0 1 2 0 0 0 0 0 4 130 251 31 0 7 0 0 0 0 0 0 0 0 0 0 0 0 0 0 5 0 0 0 0 4 5 1 2 111 242 53 0 7 0 8 0 0 0 0 0 0 0 0 0 0 0 0 1 0 0 6 6 0 0 1 86 225 255 143 0 0 14 0 0 0 0 0 0 0 0 0 0 0 0 0 4 1 6 8 0 0 14 53 245 255 238 233 53 0 3 0 0 0 0 0 0 0 0 0 0 0 0 0 3 0 0 1 2 36 131 226 255 242 255 252 56 0 7 8 0 0 0 0 2 0 0 1 4 0 0 0 8 0 8 0 52 242 255 250 156 239 255 254 50 0 0 7 0 0 0 0 0 0 0 0 0 0 0 2 0 19 0 133 251 251 255 146 11 131 242 241 129 1 0 0 0 0 0 0 0 0 2 0 0 0 2 3 0 0 116 255 231 226 33 15 0 122 255 255 196 5 0 4 0 0 0 0 0 1 2 0 0 0 1 0 13 145 244 233 192 11 0 3 6 123 247 255 185 0 0 8 0 0 0 0 0 0 0 0 0 1 0 0 0 190 255 225 43 16 0 0 6 115 248 255 182 0 8 0 0 0 0 0 1 0 0 1 1 0 1 6 74 244 241 49 0 1 0 9 4 128 255 255 178 0 21 0 0 0 0 0 3 0 0 4 0 0 8 30 216 248 255 9 0 1 8 0 0 153 239 234 128 0 4 0 0 0 0 0 3 0 1 7 0 0 14 51 255 253 181 0 0 9 0 9 21 240 255 255 112 17 0 9 0 0 0 0 1 6 0 9 1 0 0 135 247 255 58 0 4 0 1 11 10 254 255 251 195 0 9 0 0 0 0 0 1 11 0 0 0 4 23 178 255 156 7 1 14 0 0 2 110 242 255 216 32 7 7 0 0 0 0 0 0 4 0 10 1 3 0 80 241 169 48 0 0 2 27 184 255 255 255 65 7 0 11 0 0 0 0 0 1 4 0 0 0 10 0 51 244 255 227 0 45 94 195 255 252 221 58 0 0 16 0 21 0 0 0 0 0 5 2 0 0 0 8 51 240 242 237 185 214 249 255 245 226 117 20 0 14 0 12 0 0 0 0 0 0 0 3 9 0 0 0 0 76 191 255 244 255 244 244 212 55 0 0 2 0 1 6 0 0 0 0 0 11 0 0 2 5 10 15 0 0 74 100 203 238 213 48 0 0 0 11 6 0 14 0 9 0 0 0 0 4 0 2 9 0 0 3 0 3 0 6 1 0 7 0 0 1 3 0 0 5 1 0 4 0 0 0 0 0 0 0 0 0 0 0 0 0 0 0 0 0 0 0 0 0 0 0 0 0 0 0 0 0 0 0 0 0 0 0 0 0 0 0 0 0 0 0 0 0 0 0 0 0 0 0 0 0 0 0 0 0 0 0 0 0 0 0 0 0 0 0 0 0 0 0 0 0 0 0 0 0 0 0 0 0 0 0 0 0 0 0 0 0 0 0 0 0 0 0 0 0 0 0 0 0 0 0 0 0 0 0 0 0 0 0 0 0 0 0 0
0 3 6 1 0 2 2 0 2 0 0 1 4 2 0 0 0 4 5 3 0 0 0 2 0 0 0 0 0 4 3 0 0 0 0 0 0 12 11 0 0 6 9 0 0 3 0 0 0 9 3 0 0 0 0 0 2 3 0 0 0 1 1 0 0 0 0 5 3 0 0 1 10 6 0 16 0 0 0 6 0 0 0 0 1 0 0 0 2 5 4 2 22 0 0 1 8 0 0 5 0 2 0 0 0 19 5 0 0 0 0 0 0 0 0 2 4 2 0 0 0 0 8 3 2 9 8 0 5 0 0 16 6 1 0 0 0 0 0 0 0 0 1 3 0 0 0 0 19 0 0 55 159 242 255 238 234 142 45 0 0 0 3 11 0 0 0 0 0 0 2 3 0 0 1 11 0 40 134 210 242 248 255 255 246 255 255 152 65 1 2 0 0 0 0 0 0 0 2 3 0 0 12 29 107 188 255 255 250 254 254 243 255 225 255 255 214 43 0 4 0 0 0 0 0 14 0 0 2 6 0 115 246 254 253 249 242 158 128 140 139 143 216 255 252 231 53 2 0 0 0 0 0 13 0 5 0 0 87 236 255 254 192 68 4 0 1 9 3 0 43 229 255 246 217 9 0 0 0 0 4 0 0 11 15 4 165 255 237 106 35 0 0 6 5 0 0 13 1 91 220 255 237 113 0 0 0 0 7 1 1 1 0 35 220 255 219 30 0 7 15 0 0 3 4 0 9 0 56 248 230 146 0 0 0 0 0 0 7 1 0 152 255 228 82 0 0 0 0 0 2 8 4 0 3 7 22 255 255 132 0 0 0 0 0 0 2 5 34 252 255 144 7 0 17 0 0 18 13 0 0 17 0 1 41 250 229 138 0 0 0 0 4 9 12 0 22 241 246 143 0 4 14 0 0 0 3 13 6 0 5 2 22 250 246 159 0 0 0 0 0 0 0 5 63 255 255 138 0 0 0 0 29 0 0 0 0 0 0 0 37 250 255 128 0 0 0 0 9 0 0 5 145 248 255 134 0 6 0 0 0 0 16 0 7 0 5 0 30 252 243 145 0 0 0 0 0 0 12 0 78 255 247 145 6 0 0 20 5 0 2 2 0 0 0 8 107 241 255 67 0 0 0 0 6 0 10 0 29 255 243 213 30 1 4 0 0 9 11 0 6 0 5 69 255 245 204 10 0 0 0 0 9 0 1 9 32 255 255 251 139 12 0 8 10 2 0 13 0 0 4 154 255 253 74 9 0 0 0 0 0 4 2 0 32 230 255 246 252 83 0 0 0 2 0 3 0 24 144 245 249 190 35 0 0 0 0 0 0 9 5 0 5 114 226 255 248 250 233 157 77 41 26 23 92 203 255 255 255 85 0 10 0 0 0 0 0 1 0 0 0 9 107 206 251 255 245 243 241 226 234 252 255 255 233 224 60 5 0 7 0 0 0 0 5 0 0 0 9 0 0 35 128 217 246 255 255 244 251 255 250 255 193 45 11 0 6 0 0 0 0 0 0 0 0 0 0 0 0 0 2 23 19 133 154 223 154 129 110 45 0 0 8 0 0 5 0 0 0 0 0 0 0 0 0 0 0 0 0 5 0 15 0 9 0 1 17 4 0 6 8 1 0 1 0 0 0 0 0 0 0 0 0 0 0 0 6 6 5 0 0 0 0 4 0 0 5 0 0 1 4 3 0 0 0 0 0 0 0 0 0 0 0 0 0 0 0 0 15 9 6 0 2 7 3 0 0 5 6 0 0 0 0 0
0 0 0 0 0 0 0 1 0 3 0 2 0 0 14 0 0 3 0 0 8 6 0 6 0 0 0 0 0 0 0 0 0 0 0 0 6 0 3 0 16 0 0 12 2 0 9 5 1 0 0 2 0 0 0 0 0 0 0 0 0 0 0 0 0 13 3 0 1 2 0 6 5 0 2 0 0 0 16 0 0 0 0 0 0 0 1 1 1 0 0 0 0 11 0 6 0 0 10 0 0 0 10 14 9 0 0 0 0 0 0 0 0 0 1 1 1 0 0 0 11 0 6 0 0 91 239 255 200 118 4 0 0 6 0 13 0 0 0 0 0 0 0 0 0 1 2 3 0 0 32 18 0 188 255 233 254 255 193 78 8 0 0 0 0 0 0 0 1 0 0 0 0 1 5 7 55 156 202 180 72 180 234 184 177 208 255 174 82 3 14 0 0 0 0 0 1 0 0 0 0 2 6 9 223 251 247 247 253 130 183 23 6 0 194 255 185 0 1 3 0 0 0 0 0 0 2 2 0 2 0 126 255 249 110 58 143 18 6 0 5 0 41 250 208 12 0 5 0 0 0 0 6 0 2 0 5 20 45 241 248 158 6 0 16 0 0 0 0 2 3 186 236 82 0 0 0 0 0 0 5 0 4 0 0 0 54 255 245 102 8 3 0 17 0 11 0 2 0 156 255 147 0 0 0 0 0 0 0 0 3 3 0 4 124 253 108 0 1 0 0 0 0 0 3 0 2 174 255 186 15 0 0 0 0 0 0 8 0 3 0 30 224 255 44 0 11 0 10 0 16 1 0 1 6 165 255 231 33 0 0 0 0 0 1 8 0 0 0 32 252 242 46 18 5 0 5 0 4 0 0 21 0 137 255 255 38 0 0 0 0 0 0 0 4 2 13 29 230 255 38 3 0 0 4 7 6 0 0 14 0 171 255 244 27 0 0 0 0 0 6 0 14 0 4 0 170 255 56 0 4 0 0 0 0 0 2 0 25 243 244 188 14 1 0 0 0 0 0 3 0 0 7 0 168 255 42 11 0 0 0 10 0 3 0 20 200 243 255 55 0 1 0 0 0 0 0 8 0 0 0 0 83 220 102 0 3 10 18 0 0 1 18 0 169 255 209 35 6 0 0 0 0 0 0 6 0 0 0 4 10 180 255 26 0 0 0 8 0 3 0 23 225 255 216 27 0 1 0 0 0 0 0 1 0 6 4 7 0 117 241 124 3 9 0 13 0 12 4 207 235 250 102 0 0 3 0 0 0 0 0 0 0 4 1 0 0 35 193 255 34 0 21 0 0 19 114 255 255 161 0 7 0 3 0 0 0 0 1 0 0 2 2 0 9 0 60 224 228 130 93 83 163 233 242 255 232 46 11 12 0 0 0 0 0 0 0 0 0 2 5 0 13 0 10 77 255 255 238 255 255 250 254 250 70 15 6 0 3 0 0 0 0 0 0 2 2 0 3 0 0 1 1 0 20 130 212 246 254 207 137 12 17 0 0 18 0 2 0 0 0 0 0 0 0 0 0 0 0 0 0 0 0 0 0 0 0 0 0 0 0 0 0 0 0 0 0 0 0 0 0 0 0 0 0 0 0 0 0 0 0 0 0 0 0 0 0 0 0 0 0 0 0 0 0 0 0 0 0 0 0 0 0 0 0 0 0 0 0 0 0 0 0 0 0 0 0 0 0 0 0 0 0 0 0 0 0 0 0 0 0 0 0 0 0 0 0 0 0 0 0 0 0 0 0 0 0 0 0 0 0 0 0 0
0 0 0 0 0 0 0 0 0 0 1 1 3 5 3 0 15 0 1 9 0 0 8 0 0 0 0 0 0 0 0 0 0 0 0 0 0 2 2 0 0 0 0 0 0 0 4 0 0 7 6 0 0 0 0 0 0 0 0 0 0 0 0 0 1 2 3 0 0 0 0 2 14 6 0 0 0 0 0 0 0 0 0 0 0 0 0 0 0 0 0 0 3 0 0 2 2 0 1 4 0 2 0 8 12 0 0 19 0 0 0 0 0 0 0 0 0 0 0 0 5 0 0 2 5 1 0 0 5 28 115 126 0 0 26 0 0 0 0 0 0 0 0 0 0 0 0 0 6 0 0 1 2 0 0 0 19 214 255 141 14 3 0 1 0 0 0 0 0 0 0 0 0 0 0 0 3 0 0 2 0 0 1 15 106 255 255 130 0 0 0 11 0 0 0 0 0 0 0 0 0 0 0 0 0 0 1 4 0 0 12 37 245 255 233 156 0 0 8 0 0 0 0 0 0 0 0 0 0 0 0 0 0 16 0 0 7 0 8 174 255 239 252 21 6 5 0 1 0 0 0 0 0 0 0 0 0 0 0 0 5 0 4 7 0 0 160 255 191 237 247 31 1 0 0 0 0 0 0 0 0 0 0 0 0 0 0 0 7 8 3 0 0 51 243 235 118 235 175 6 0 0 3 0 0 0 0 0 0 0 0 0 0 0 0 0 0 0 20 0 21 195 255 152 62 246 85 0 0 4 4 0 0 0 0 0 0 0 0 0 0 0 0 0 0 0 19 7 151 249 126 138 69 255 40 8 5 0 0 3 0 0 0 0 0 0 0 0 0 0 0 0 17 0 0 129 236 103 41 60 170 229 12 5 3 2 0 5 0 0 0 0 0 0 0 0 0 0 0 0 0 12 21 209 205 0 0 79 248 111 0 0 0 10 1 1 0 0 0 0 0 0 0 0 0 0 0 0 1 2 181 255 53 1 6 163 238 0 11 5 0 5 0 0 0 0 0 0 0 0 0 0 0 0 0 0 0 77 251 146 0 0 60 245 137 16 0 7 2 0 7 0 0 0 0 0 0 0 0 0 0 0 0 0 30 204 255 45 26 0 188 227 19 0 5 15 0 0 8 0 0 0 0 0 0 0 0 0 0 0 0 0 15 255 190 10 0 73 242 133 0 0 6 2 0 0 7 0 0 0 0 0 0 0 0 0 0 0 0 0 132 255 45 8 18 247 225 31 13 1 0 0 5 3 0 0 0 0 0 0 0 0 0 0 0 0 0 0 143 255 57 64 219 247 36 0 0 0 0 3 11 0 0 7 0 0 0 0 0 0 0 0 0 0 0 0 255 247 180 225 230 120 36 0 0 1 0 0 1 0 0 3 0 0 0 0 0 0 0 0 0 0 0 0 158 246 255 253 93 0 5 0 9 6 0 0 0 5 5 0 0 0 0 0 0 0 0 0 0 0 0 0 46 255 203 80 1 9 0 1 0 0 3 11 2 0 0 0 0 0 0 0 0 0 0 0 0 0 0 0 0 0 0 0 0 0 0 0 0 0 0 0 0 0 0 0 0 0 0 0 0 0 0 0 0 0 0 0 0 0 0 0 0 0 0 0 0 0 0 0 0 0 0 0 0 0 0 0 0 0 0 0 0 0 0 0 0 0 0 0 0 0 0 0 0 0 0 0 0 0 0 0 0 0 0 0 0 0 0 0 0 0 0 0 0 0 0 0 0 0 0 0 0 0 0 0 0 0 0 0 0 0 0 0
0 0 0 0 0 0 0 0 3 4 6 0 0 0 5 0 1 0 6 0 0 0 0 9 0 0 0 0 0 0 0 0 0 0 0 0 0 0 4 7 2 2 5 2 0 0 0 0 6 17 3 0 0 0 0 0 0 0 0 0 0 0 0 0 2 0 0 4 1 0 0 1 5 0 0 5 0 0 0 14 0 0 0 0 0 0 0 0 0 0 0 0 4 4 0 0 0 0 0 0 0 6 4 1 4 11 12 0 0 0 0 0 0 0 0 0 0 0 0 0 0 6 0 0 4 11 2 0 0 15 2 0 0 0 4 0 0 0 0 0 0 0 0 0 0 0 0 0 0 7 1 0 7 4 0 0 5 163 255 234 120 27 12 0 0 0 0 0 0 0 0 0 0 0 0 0 0 7 0 0 6 0 0 31 89 228 255 243 245 255 208 52 0 0 0 0 0 0 0 0 0 0 0 0 5 3 0 0 8 0 15 91 243 255 246 253 255 255 244 176 0 0 0 0 0 0 0 0 0 0 0 0 18 0 10 13 0 3 132 238 248 255 241 184 75 197 248 255 9 6 2 0 0 0 0 0 0 0 0 0 0 14 0 0 6 107 250 255 255 244 159 0 0 190 255 170 7 5 1 0 0 0 0 0 0 0 0 0 20 0 0 2 89 239 246 255 255 88 13 4 14 174 247 145 3 2 1 0 0 0 0 0 0 0 0 0 0 9 0 134 244 253 255 248 97 9 4 6 90 246 252 42 0 0 0 1 0 0 0 0 0 0 0 0 17 0 3 129 243 255 255 148 0 2 1 11 220 255 169 6 0 0 0 1 0 0 0 0 0 0 0 0 0 4 145 249 255 249 198 27 1 11 0 111 255 232 78 3 0 0 0 0 0 0 0 0 0 0 0 0 9 26 224 252 249 235 57 1 12 0 30 236 238 126 7 3 0 0 0 0 0 0 0 0 0 0 0 0 16 195 248 255 237 114 0 5 0 24 165 250 243 44 4 0 1 0 0 0 0 6 0 0 5 0 7 0 73 255 241 255 127 3 9 0 9 125 250 228 29 0 7 5 0 0 0 0 0 4 0 7 5 0 2 27 204 255 251 198 13 0 0 15 35 255 254 183 0 14 0 0 0 0 0 0 1 0 0 1 5 0 14 157 255 243 206 2 0 22 0 76 244 250 184 0 0 0 0 14 0 0 0 0 1 0 6 0 4 2 50 255 245 248 20 0 11 0 104 232 255 166 0 4 0 9 0 0 0 0 0 0 0 1 11 0 1 1 152 255 252 157 0 0 9 125 225 231 101 4 12 0 10 1 0 0 0 0 0 0 0 3 0 9 0 18 255 244 242 75 44 131 192 247 255 155 0 11 0 0 1 0 11 7 0 0 0 0 2 0 0 0 2 17 215 249 255 221 252 255 239 239 70 20 3 1 0 2 1 19 0 2 0 0 0 0 5 0 9 0 12 0 37 226 252 255 247 248 247 78 9 0 1 0 0 5 0 1 11 0 0 0 0 0 7 0 0 7 0 0 23 73 230 247 199 86 8 1 6 0 0 0 0 0 0 0 0 0 0 0 0 0 0 0 1 5 0 0 0 18 0 0 1 0 0 0 5 8 0 0 0 0 0 0 0 0 0 0 0 0 0 1 5 1 0 2 0 0 13 0 0 8 12 0 0 0 0 0 0 0 0 0 0 0 0 0 0 0 0 2 2 0 0 7 7 0 0 0 0 0 0 0 6 8 0 0 0 0 0 0 0 0 0 0 0 0
0 0 0 0 0 0 0 0 1 0 6 0 0 4 0 2 4 0 5 0 10 0 1 7 0 0 0 0 0 0 0 0 0 0 0 0 3 0 0 15 1 0 17 0 0 2 0 8 0 10 2 0 0 0 0 0 0 0 0 0 0 0 0 0 1 0 12 0 0 16 0 13 1 4 0 13 0 0 0 14 0 0 0 0 0 0 0 0 0 0 0 0 0 21 0 0 12 3 0 0 6 0 8 0 0 2 14 0 0 0 0 0 0 0 0 0 0 0 0 0 8 0 0 14 0 0 10 0 29 229 214 38 0 10 0 3 0 0 0 0 0 0 0 0 0 0 0 0 0 11 10 0 3 4 15 161 255 255 244 195 9 0 0 4 0 0 0 0 0 0 0 0 0 0 0 0 4 0 0 20 0 60 217 239 243 247 241 198 4 0 8 0 0 0 0 0 0 0 0 0 0 0 0 0 0 9 1 0 67 216 255 255 249 255 255 241 127 32 0 6 0 0 0 0 12 0 0 0 0 0 0 0 0 15 0 14 189 243 249 255 174 91 242 255 245 134 0 0 0 0 0 0 0 0 0 3 5 4 3 3 0 2 11 148 243 252 255 228 57 18 90 245 255 218 12 0 0 0 0 0 0 1 3 1 0 0 0 0 15 0 64 255 255 254 234 50 0 0 63 255 247 243 0 12 0 0 0 0 1 3 0 0 0 0 1 0 0 62 232 246 244 253 41 0 5 2 62 255 250 236 0 9 0 0 0 0 0 0 0 0 0 5 5 2 1 190 253 241 255 172 11 0 0 3 69 255 250 212 14 0 0 0 0 0 0 0 0 2 2 0 0 0 1 182 255 255 161 4 0 4 0 0 143 255 241 235 0 2 0 0 0 0 3 0 0 5 0 0 0 13 128 255 232 249 127 0 3 9 9 16 201 240 255 235 0 7 0 0 0 0 3 0 0 6 0 0 21 59 254 246 255 178 0 11 0 0 0 125 255 253 255 95 3 0 0 0 0 0 3 0 3 0 0 3 0 141 255 255 229 74 0 0 5 2 0 217 248 247 225 0 19 0 0 0 0 0 0 3 1 0 17 0 4 201 253 250 226 0 13 8 0 0 132 241 248 255 86 9 14 0 0 0 0 0 0 5 0 0 12 0 67 255 247 255 104 0 4 0 3 119 231 255 250 179 25 0 0 11 0 0 0 0 4 0 5 0 0 0 131 253 255 233 69 0 0 58 188 255 255 255 209 20 0 11 0 0 0 0 0 0 0 0 11 8 0 0 134 243 249 233 99 44 177 254 236 255 255 151 66 0 0 16 11 0 0 0 0 0 0 10 0 0 6 0 101 255 252 251 246 255 253 255 255 219 161 26 0 21 2 0 1 6 0 0 0 0 1 11 0 0 4 0 49 196 255 255 249 254 255 230 224 90 1 4 10 0 2 0 7 0 0 0 0 0 0 0 0 11 0 0 0 51 117 119 139 253 169 137 0 3 0 0 0 7 0 4 0 10 0 0 0 0 0 0 0 0 0 0 0 0 0 0 0 0 0 0 0 0 0 0 0 0 0 0 0 0 0 0 0 0 0 0 0 0 0 0 0 0 0 0 0 0 0 0 0 0 0 0 0 0 0 0 0 0 0 0 0 0 0 0 0 0 0 0 0 0 0 0 0 0 0 0 0 0 0 0 0 0 0 0 0 0 0 0 0 0 0 0 0 0 0 0 0 0 0 0 0 0 0 0 0 0 0 0 0 0 0 0 0 0 0 0 0 0
0 0 0 0 0 0 0 0 5 0 0 0 13 3 5 0 1 0 7 2 0 10 8 0 0 0 0 0 0 0 0 0 0 0 0 0 0 1 16 0 0 0 3 10 8 0 2 3 0 0 4 5 0 0 0 0 0 0 0 0 0 0 0 0 0 0 1 0 4 0 1 0 1 0 0 3 4 0 0 0 0 0 0 0 0 0 0 0 0 0 0 0 0 0 5 5 5 0 0 0 0 9 5 0 6 0 5 0 0 0 0 0 0 0 0 0 0 0 0 0 10 0 0 0 0 0 0 4 0 5 0 0 22 0 0 9 0 0 0 0 0 0 0 0 0 0 0 0 0 0 0 20 2 0 20 69 87 239 255 133 66 7 13 0 0 0 0 0 0 0 0 0 0 0 0 0 3 2 0 11 0 1 105 239 236 253 246 253 243 65 1 7 0 0 0 0 0 0 0 0 0 0 0 0 2 21 91 217 252 245 232 255 255 244 222 252 255 63 0 1 0 0 0 0 0 0 18 0 0 11 4 0 20 197 248 255 241 254 254 208 117 85 74 222 255 154 0 3 0 0 0 0 0 19 0 11 0 0 0 43 211 253 255 211 203 36 42 24 4 9 0 196 249 247 23 1 0 0 0 0 0 0 0 16 1 8 30 183 244 253 131 0 0 0 22 0 0 0 24 28 250 255 165 0 0 0 0 0 8 0 12 0 2 0 96 249 255 135 7 12 0 0 0 11 0 2 0 4 143 245 174 8 0 0 0 0 0 11 0 0 9 8 211 255 201 15 0 0 9 10 0 0 7 0 7 0 119 249 246 82 0 0 0 0 0 12 0 0 13 105 255 255 194 4 17 0 0 0 1 15 2 0 7 0 125 255 247 68 0 0 0 0 4 0 11 0 27 196 236 242 50 0 6 12 0 7 0 0 14 0 8 46 239 244 167 10 0 0 0 0 0 4 0 0 87 245 255 252 26 3 0 0 5 0 6 1 1 0 5 35 255 255 146 0 0 0 0 0 0 0 2 0 89 246 251 255 34 10 0 0 19 0 0 3 0 0 0 199 255 248 117 0 0 0 0 0 0 9 0 0 39 196 255 237 143 0 9 0 0 9 15 0 1 1 0 113 254 239 14 2 0 0 0 0 0 2 0 0 6 110 255 254 179 0 0 1 14 0 0 3 0 11 30 200 243 217 0 0 0 0 0 0 2 0 9 0 3 19 212 255 20 21 0 0 0 0 27 0 0 15 195 255 255 156 0 9 0 0 0 0 7 0 8 5 0 0 93 193 88 207 83 34 10 0 0 21 42 208 246 242 218 37 0 10 0 0 0 0 0 5 0 10 0 6 3 84 239 253 234 255 162 116 113 137 237 255 255 214 0 6 16 0 0 0 0 0 0 6 0 3 0 18 0 22 213 239 255 255 235 248 247 255 253 228 139 63 0 0 3 0 0 0 0 0 2 0 2 0 5 0 3 5 7 66 173 233 255 255 254 225 152 27 0 0 0 26 0 15 0 0 0 0 0 0 0 0 0 0 0 0 0 0 23 142 250 195 83 56 0 0 0 0 0 0 0 0 0 0 0 0 0 0 0 0 0 0 0 0 1 7 0 0 18 6 0 0 0 0 0 0 0 0 0 0 0 0 0 0 0 0 0 0 0 0 0 0 0 14 10 0 0 1 0 4 0 0 0 0 0 0 0 0 0 0 0 0 0 0 0 0 0 0 0 0 0 0 0 2 4 1 0 0 0 0 0 0 0 0 0 0 0 0 0 0
0 0 0 0 0 0 0 0 0 0 4 0 0 0 1 7 0 0 7 5 6 0 7 0 0 0 0 0 0 0 0 0 0 0 0 0 9 6 4 5 7 4 0 0 3 0 0 0 0 0 16 0 0 0 0 0 0 0 0 0 0 0 0 0 0 0 0 0 0 0 3 8 0 9 2 3 10 0 0 4 0 0 0 0 0 0 0 0 0 0 0 0 0 3 9 13 10 2 0 0 0 5 0 0 0 9 0 7 0 0 0 0 0 0 0 0 0 0 0 0 4 0 0 0 0 0 0 1 0 0 9 6 0 3 0 0 0 0 0 0 0 0 0 0 0 0 0 0 1 2 6 8 1 0 8 26 134 196 184 45 20 22 0 0 0 0 0 0 0 0 0 0 0 0 0 0 9 0 0 8 56 121 193 244 253 224 255 253 241 99 5 13 0 0 0 0 0 0 0 0 0 0 0 0 3 0 13 104 211 255 255 241 156 43 169 218 246 255 234 58 0 0 0 0 0 12 1 0 0 14 0 7 0 18 130 227 255 233 253 162 4 0 41 8 114 236 255 238 70 0 0 0 3 0 0 3 8 0 4 0 15 137 255 249 239 255 232 15 0 22 0 2 5 60 173 246 229 69 0 15 7 0 0 3 7 0 12 0 45 237 251 255 255 223 46 0 0 12 0 1 0 0 43 253 247 169 0 0 0 1 5 0 0 0 7 8 129 255 237 255 246 129 0 11 7 0 12 0 16 0 0 139 252 249 10 0 0 0 7 0 2 5 0 89 226 255 253 245 221 39 4 0 14 0 5 0 0 0 11 82 255 206 0 7 4 0 1 4 2 0 0 168 255 255 253 253 135 0 0 0 3 0 0 3 0 0 0 190 249 155 0 6 9 0 4 0 0 0 46 220 255 249 254 191 0 6 22 0 6 0 4 0 5 0 24 255 247 132 6 0 0 0 14 0 0 11 124 255 254 241 199 13 0 4 0 8 4 0 7 0 0 22 210 250 174 12 0 8 0 13 0 9 3 0 251 254 255 240 13 7 3 0 0 2 1 0 0 16 56 197 255 231 29 12 0 0 6 0 5 0 0 3 255 255 244 167 0 0 6 0 18 0 6 0 0 77 220 255 250 45 11 1 0 0 5 0 6 0 0 1 255 245 190 21 0 0 4 10 0 2 4 9 170 239 243 229 78 18 0 0 0 0 0 6 0 7 7 0 245 255 183 3 10 0 0 0 5 72 152 210 244 255 146 40 4 0 0 0 2 4 0 13 0 0 0 6 167 255 255 210 120 142 122 121 215 253 255 253 243 65 0 0 7 0 2 4 5 2 1 0 9 0 0 9 36 166 232 255 229 255 247 247 255 226 195 71 4 0 13 8 0 13 0 1 1 0 0 0 11 3 1 0 0 40 115 162 183 186 175 179 84 51 0 17 0 13 0 0 2 0 0 0 0 0 1 11 0 0 12 0 11 0 3 4 0 0 0 12 0 1 0 0 0 0 9 0 6 1 0 2 2 0 0 0 0 0 0 0 0 0 0 0 0 0 0 0 0 0 0 0 0 0 0 0 0 0 0 0 0 0 0 0 0 0 0 0 0 0 0 0 0 0 0 0 0 0 0 0 0 0 0 0 0 0 0 0 0 0 0 0 0 0 0 0 0 0 0 0 0 0 0 0 0 0 0 0 0 0 0 0 0 0 0 0 0 0 0 0 0 0 0 0 0 0 0 0 0 0 0 0 0 0 0 0 0 0 0 0 0 0 0 0 0 0
0 1 4 4 0 0 0 0 0 0 4 0 14 0 0 0 0 9 0 0 3 0 5 0 0 0 0 0 7 0 0 0 3 10 9 6 0 2 0 4 0 2 12 0 0 7 0 0 0 5 0 0 0 0 0 0 0 0 5 4 0 0 0 0 8 8 2 0 18 0 0 21 0 0 0 17 2 2 0 4 0 0 0 0 2 4 4 0 0 0 7 16 0 5 0 12 3 2 15 0 0 0 5 0 0 1 1 10 0 0 0 0 8 0 0 3 10 4 0 0 46 255 159 161 174 255 255 164 97 20 0 7 17 0 0 0 0 0 0 0 0 0 0 10 4 0 9 38 213 253 251 199 169 161 181 194 251 152 41 0 0 5 23 0 0 0 0 0 1 0 3 0 0 1 107 222 254 255 233 13 11 0 0 21 49 178 198 156 4 0 13 0 0 0 0 0 0 0 7 10 0 12 131 255 250 234 73 0 0 4 6 0 0 0 15 225 150 37 0 2 0 0 0 0 1 0 0 0 0 11 18 109 250 143 0 0 5 0 1 0 0 0 0 46 205 157 4 0 0 0 0 0 2 0 0 0 0 3 4 93 253 97 5 0 2 0 2 0 4 0 18 0 53 208 190 0 0 4 8 0 0 0 1 2 0 0 0 81 255 62 10 0 0 0 1 2 2 4 0 9 0 45 194 139 5 0 11 0 0 0 2 4 0 2 0 84 255 84 7 2 0 1 0 3 4 0 0 0 0 0 87 238 41 0 1 0 1 0 1 2 0 2 1 88 250 150 0 2 0 3 0 2 0 16 0 4 8 0 96 246 129 3 0 0 3 0 0 0 0 0 0 85 247 201 0 0 2 1 0 0 5 0 13 4 4 0 17 253 224 34 0 0 1 0 0 0 0 0 0 84 248 206 0 0 6 0 4 0 4 16 0 0 11 0 0 167 255 47 8 0 0 0 0 2 0 2 0 86 250 188 3 0 8 0 8 0 0 0 10 6 0 3 3 131 248 38 11 0 2 0 9 0 0 0 0 88 255 190 0 12 0 12 0 0 12 0 0 20 0 1 14 121 255 34 0 8 0 0 8 0 0 1 1 75 248 255 57 0 10 0 0 0 0 10 16 0 0 0 0 204 241 45 1 4 0 0 7 0 2 6 0 46 244 246 30 13 9 3 0 2 3 5 0 0 7 1 85 235 150 24 0 0 0 0 5 0 0 4 0 12 230 248 103 0 0 0 15 0 0 9 3 7 0 44 220 245 38 0 0 0 0 0 2 0 0 4 0 0 70 255 239 31 0 3 0 0 3 0 0 0 118 232 222 119 0 0 7 4 0 0 0 0 2 5 1 0 22 193 253 154 30 18 0 18 22 96 154 198 251 179 74 0 1 4 0 1 0 0 0 4 1 0 5 0 0 27 189 255 255 191 181 169 245 255 230 201 110 0 7 17 1 1 0 2 3 0 0 4 0 0 3 0 3 0 13 115 176 250 255 247 255 215 139 27 0 5 0 0 0 2 0 16 0 0 0 0 0 0 0 0 0 0 0 0 0 0 0 0 0 0 0 0 0 0 0 0 0 0 0 0 0 0 0 0 0 0 0 0 0 0 0 0 0 0 0 0 0 0 0 0 0 0 0 0 0 0 0 0 0 0 0 0 0 0 0 0 0 0 0 0 0 0 0 0 0 0 0 0 0 0 0 0 0 0 0 0 0 0 0 0 0 0 0 0 0 0 0 0 0 0 0 0 0 0 0 0 0 0 0 0 0 0 0 0
0 0 0 0 0 0 0 0 0 5 1 0 0 0 0 0 0 4 0 6 4 0 0 4 0 0 0 0 0 0 0 0 0 0 0 0 0 0 8 6 0 0 4 0 5 8 0 0 0 3 4 0 0 0 0 0 0 0 0 0 0 0 0 0 20 0 0 4 0 0 2 2 0 0 5 3 0 0 4 2 0 0 0 0 0 0 0 0 0 0 0 0 0 8 12 0 0 11 13 2 4 0 0 0 0 0 1 6 0 0 0 0 0 0 0 0 0 0 0 0 4 9 0 0 14 0 0 6 15 8 28 0 9 15 5 0 0 0 0 0 0 0 0 0 0 0 0 0 0 0 0 0 11 2 57 171 251 248 196 24 0 0 9 3 0 0 0 0 0 0 0 0 0 0 0 0 3 1 3 39 127 222 255 247 248 255 239 49 1 0 0 0 0 0 0 0 0 0 0 0 0 0 0 0 1 0 104 229 255 248 247 231 255 241 174 3 0 3 0 10 0 0 0 0 3 3 0 4 10 0 7 0 4 184 243 253 255 207 70 5 113 255 244 167 122 0 8 2 0 5 0 7 4 0 2 5 0 19 7 2 141 230 255 218 140 18 0 0 0 59 162 228 247 130 5 0 3 8 0 0 0 0 0 4 0 9 0 99 247 249 207 30 0 16 0 0 2 0 0 125 252 254 163 30 0 0 1 0 0 10 0 0 3 0 55 215 253 255 80 6 0 0 3 2 13 0 0 5 112 251 255 156 12 0 6 0 4 0 3 0 0 12 214 252 243 211 34 3 8 0 1 0 0 5 11 0 22 110 251 251 96 0 4 3 0 0 5 0 1 39 255 255 249 22 0 0 11 7 0 27 0 18 0 0 6 0 207 253 207 10 0 0 0 0 8 0 11 117 233 255 125 3 1 5 0 0 17 0 0 0 21 2 0 0 117 252 255 8 0 0 9 0 13 0 0 234 255 244 105 5 0 14 0 11 0 5 4 5 0 2 0 0 109 255 254 0 2 4 5 0 0 4 13 246 247 250 111 0 9 1 0 8 1 4 0 0 8 5 0 1 220 248 207 8 0 3 1 5 5 0 0 255 251 252 102 26 0 0 21 0 0 1 0 16 0 0 5 122 243 255 48 0 10 9 0 11 0 22 1 137 253 255 92 0 1 0 0 11 7 0 18 0 3 7 134 255 247 99 0 0 7 0 5 0 10 1 0 75 255 246 244 36 0 1 3 8 0 7 0 17 91 197 240 202 45 14 8 14 0 0 5 2 0 0 9 0 217 255 244 234 160 117 86 64 85 99 156 194 248 253 107 32 0 0 1 3 0 11 8 0 20 0 2 0 14 204 255 255 243 251 239 240 245 252 255 255 163 39 8 0 5 3 0 0 5 9 0 19 3 0 0 14 0 25 84 130 229 245 209 240 187 135 126 45 0 10 0 10 0 6 7 0 0 0 0 0 0 2 0 0 9 0 0 19 0 13 13 0 0 0 4 0 18 3 0 0 0 0 1 0 1 1 0 0 0 0 0 0 0 0 0 0 0 0 0 0 0 0 0 0 0 0 0 0 0 0 0 0 0 0 0 0 0 0 0 0 0 0 0 0 0 0 0 0 0 0 0 0 0 0 0 0 0 0 0 0 0 0 0 0 0 0 0 0 0 0 0 0 0 0 0 0 0 0 0 0 0 0 0 0 0 0 0 0 0 0 0 0 0 0 0 0 0 0 0 0 0 0 0 0 0 0 0 0 0 0 0 0 0 0 0 0 0 0
0 0 0 0 0 0 0 0 10 0 0 3 0 0 5 3 14 0 6 8 0 0 0 5 0 0 0 0 0 0 0 0 0 0 0 0 0 7 4 2 2 0 0 0 0 0 5 2 4 18 12 0 0 0 0 0 0 0 0 0 0 0 0 0 0 0 10 0 0 20 0 15 5 8 0 0 0 0 0 4 0 0 0 0 0 0 0 0 0 0 0 0 1 2 2 6 6 0 0 0 0 0 6 4 12 5 0 22 0 0 0 0 0 0 0 0 0 0 0 0 0 0 0 146 249 251 255 184 204 255 241 92 13 24 0 0 0 0 0 0 0 0 0 0 0 0 0 0 4 63 163 248 255 253 255 246 254 239 255 249 196 103 11 7 0 0 0 0 0 0 0 0 0 0 0 0 2 133 255 250 241 253 237 255 253 255 247 245 255 246 146 0 0 0 0 0 0 0 0 0 0 0 0 0 7 239 255 250 255 240 255 239 140 244 249 255 252 252 253 116 0 0 0 0 2 1 0 2 6 0 2 0 62 246 255 255 238 255 245 118 0 6 113 194 255 249 254 255 145 1 1 0 0 3 1 0 3 1 0 77 233 243 245 240 255 203 84 0 10 0 0 44 80 246 246 247 223 13 0 0 2 0 3 0 7 2 17 242 253 255 255 253 254 179 0 3 3 0 9 0 6 243 255 255 255 11 0 0 6 2 3 0 0 4 91 255 252 246 238 255 247 30 15 0 0 0 16 0 4 255 255 241 245 0 1 0 0 0 3 7 8 92 255 255 255 240 255 232 66 0 1 0 10 11 0 1 0 255 249 255 244 0 4 0 7 0 0 10 0 81 255 223 244 249 255 54 0 11 7 12 0 2 0 0 29 230 245 254 254 11 0 0 14 0 0 12 0 147 254 255 249 252 37 0 12 0 0 0 9 1 3 27 198 255 255 239 192 3 0 0 0 0 7 0 11 255 239 249 248 153 11 0 7 2 0 1 0 2 0 89 252 243 243 255 95 0 4 1 6 0 0 4 0 255 244 255 253 164 2 4 0 0 0 0 0 19 206 242 255 253 253 166 0 0 0 0 0 0 7 0 15 244 247 243 255 150 20 0 13 0 1 0 4 203 246 255 244 237 255 158 0 0 0 0 4 10 0 5 4 89 253 255 238 255 239 76 0 0 11 30 193 245 255 244 255 255 199 1 0 0 0 0 11 0 16 0 0 93 252 235 255 254 255 215 174 181 155 197 252 255 253 255 234 198 10 3 0 0 0 0 0 4 0 3 4 51 227 255 247 255 255 253 244 255 241 255 254 249 255 251 255 107 12 6 0 0 0 0 6 0 10 0 0 0 59 253 255 252 243 254 255 243 244 255 243 255 238 185 85 7 1 0 0 0 0 0 0 20 0 0 11 0 0 58 165 255 251 255 243 250 255 242 255 226 167 7 6 0 0 21 0 0 0 0 9 0 6 0 0 4 0 0 2 91 76 253 255 255 255 254 140 41 11 0 0 12 4 0 0 0 0 0 0 0 0 0 0 0 0 0 0 0 0 0 0 0 0 0 0 0 0 0 0 0 0 0 0 0 0 0 0 0 0 0 0 0 0 0 0 0 0 0 0 0 0 0 0 0 0 0 0 0 0 0 0 0 0 0 0 0 0 0 0 0 0 0 0 0 0 0 0 0 0 0 0 0 0 0 0 0 0 0 0 0 0 0 0 0 0 0 0 0 0 0 0 0 0 0 0 0 0 0 0 0 0 0 0 0 0 0 0 0 0 0
0 0 0 0 0 0 0 0 0 6 0 0 0 0 6 0 4 0 6 10 0 0 5 5 0 0 0 0 0 0 0 0 0 0 0 0 9 0 0 0 12 0 0 5 8 0 0 0 11 12 0 0 0 0 0 0 0 0 0 0 0 0 0 0 0 0 21 0 4 8 0 4 2 0 18 0 1 2 0 0 0 0 0 0 0 0 0 0 0 0 0 0 7 0 0 14 28 110 215 249 100 31 0 10 0 0 9 5 0 0 0 0 0 0 0 0 0 0 0 0 1 0 65 217 224 253 255 247 253 161 0 8 14 0 0 0 0 0 0 0 0 0 0 0 0 0 0 0 4 23 78 253 255 246 228 146 87 183 35 0 0 3 2 9 0 0 0 0 0 0 0 0 0 0 0 0 0 35 242 253 241 215 30 13 0 215 217 73 16 0 0 0 0 0 0 0 0 0 0 0 0 0 0 0 3 174 247 255 214 22 6 0 7 156 255 154 58 0 5 0 0 0 0 0 0 3 1 0 0 0 3 0 36 246 255 246 119 0 3 1 4 57 221 255 228 64 10 1 2 0 4 8 0 0 2 0 9 1 0 9 165 254 255 243 60 0 5 0 2 0 3 203 252 245 52 3 0 0 0 0 8 0 1 0 5 4 0 103 250 250 243 153 6 0 8 0 14 0 6 72 228 250 122 1 0 7 3 0 4 0 6 0 0 0 13 204 247 252 210 22 0 0 5 4 0 0 3 0 125 253 233 120 2 3 1 1 0 0 11 0 2 0 0 217 241 255 186 0 8 0 0 1 11 8 0 4 28 206 251 216 34 0 0 0 2 0 0 1 8 0 0 206 254 255 168 12 5 0 0 1 0 0 7 8 3 162 255 255 119 8 0 0 5 5 0 0 3 3 5 211 255 249 170 16 0 5 0 4 6 6 0 1 0 188 255 233 193 12 6 2 0 7 0 6 0 0 5 206 253 255 191 0 4 8 0 3 0 5 3 0 13 174 255 255 209 0 0 2 0 0 2 5 0 5 0 207 250 255 179 0 0 0 0 1 0 0 0 0 0 182 252 255 53 16 0 0 8 0 0 1 0 0 0 215 255 234 178 7 0 4 4 0 18 0 5 33 210 246 248 218 33 10 0 0 3 0 0 3 0 0 12 201 242 255 236 46 0 0 7 4 0 10 45 221 237 255 255 53 8 3 1 2 0 0 2 3 2 5 2 124 255 253 248 163 67 55 103 80 125 166 231 255 255 247 174 5 0 0 3 0 0 6 2 0 0 2 0 27 96 252 255 255 239 244 255 249 247 255 255 245 235 32 16 13 0 2 1 0 0 9 0 0 1 7 0 0 18 222 241 247 246 242 246 255 255 228 207 134 39 23 0 0 3 2 0 0 0 5 0 0 6 5 8 2 0 0 127 255 255 250 255 243 186 94 0 0 9 0 0 11 2 0 0 1 2 3 0 6 6 0 2 2 7 0 16 0 5 0 0 4 0 3 0 8 0 6 11 0 0 0 0 5 0 0 0 0 0 0 0 0 0 0 0 0 0 0 0 0 0 0 0 0 0 0 0 0 0 0 0 0 0 0 0 0 0 0 0 0 0 0 0 0 0 0 0 0 0 0 0 0 0 0 0 0 0 0 0 0 0 0 0 0 0 0 0 0 0 0 0 0 0 0 0 0 0 0 0 0 0 0 0 0 0 0 0 0 0 0 0 0 0 0 0 0 0 0 0 0 0 0 0 0 0 0 0 0 0 0 0 0 0 0 0 0
0 0 0 0 0 0 0 0 0 1 0 9 0 0 5 0 0 0 4 8 0 0 9 0 0 0 0 0 0 0 0 0 0 0 0 0 0 5 5 0 2 10 0 0 0 6 0 0 11 7 0 4 0 0 0 0 0 0 0 0 0 0 0 0 1 0 6 0 4 9 0 6 19 0 11 14 0 7 8 0 0 0 0 0 0 0 0 0 0 0 0 0 5 0 7 6 5 0 0 14 0 2 0 0 0 2 0 10 0 0 0 0 0 0 0 0 0 0 0 0 9 0 0 10 6 0 27 0 0 22 13 13 10 0 0 0 0 0 0 0 0 0 0 0 0 0 0 0 0 14 7 0 0 43 231 255 255 250 228 168 47 0 7 5 0 0 0 0 0 0 0 0 0 0 0 0 0 0 0 16 125 179 255 240 247 251 255 255 213 101 0 6 0 0 0 0 0 0 0 0 0 0 0 0 1 0 19 88 240 247 251 251 182 81 160 232 255 207 33 0 0 0 0 0 1 0 11 0 7 7 3 0 0 3 201 236 255 253 175 14 0 0 5 22 191 249 155 0 0 0 0 0 4 0 7 0 1 0 3 0 0 42 246 246 239 207 15 17 4 6 0 0 32 208 247 60 0 0 0 0 4 0 1 0 0 0 6 1 6 181 255 255 246 38 0 0 0 0 5 16 0 117 255 108 0 0 0 0 0 1 0 2 0 0 8 0 116 255 233 255 201 2 0 8 8 0 10 5 0 25 246 173 0 0 0 0 0 5 0 0 2 2 1 3 232 247 170 217 255 64 25 0 0 0 11 0 3 26 255 195 0 0 0 0 0 6 0 0 1 3 0 53 247 255 18 167 255 229 169 77 0 0 0 9 2 98 255 157 0 0 0 0 0 3 2 0 0 0 2 150 255 147 0 24 151 217 219 163 14 0 0 9 1 176 251 124 0 0 0 0 3 0 5 0 2 0 16 233 252 27 13 0 1 0 6 0 0 16 5 0 28 247 248 83 0 0 0 0 0 0 6 0 0 8 81 251 245 18 0 4 6 3 1 0 5 0 3 0 182 255 243 73 0 0 0 0 0 0 2 0 0 0 132 255 180 12 12 2 0 0 0 0 9 0 10 113 212 253 153 0 0 0 0 0 5 0 5 0 8 0 189 255 149 0 3 0 0 8 0 8 0 0 91 225 255 202 3 16 0 0 0 0 2 1 7 0 9 11 188 251 100 0 10 0 0 23 0 0 9 140 251 255 243 38 8 0 0 0 0 0 0 0 1 0 1 3 121 255 133 3 0 20 3 0 0 68 206 247 231 255 74 0 0 4 0 0 0 0 2 0 0 5 0 0 45 244 255 90 0 0 0 24 115 246 254 255 255 128 0 15 0 0 0 0 0 0 4 0 1 5 3 0 3 149 247 236 175 168 182 242 255 244 255 197 51 0 0 4 0 5 0 0 0 0 0 1 0 0 3 6 0 34 219 255 235 255 254 253 250 209 45 20 0 0 13 0 0 3 0 0 0 0 0 0 0 0 0 0 0 0 0 105 160 175 201 158 57 1 0 0 0 0 0 0 0 0 0 0 0 0 0 0 0 0 0 0 0 0 0 18 5 0 6 9 0 0 0 0 0 0 0 0 0 0 0 0 0 0 0 0 0 0 0 0 0 0 2 2 0 0 0 0 0 13 0 0 0 0 0 0 0 0 0 0 0 0 0 0 0 0 0 0 0 0 0 0 0 8 5 0 0 0 0 0 0 0 0 0 0 0 0 0 0 0
0 0 0 0 0 0 0 0 8 0 5 7 0 9 0 9 0 8 7 0 0 0 2 0 0 0 0 0 0 0 0 0 0 0 0 0 1 12 0 1 0 5 10 0 0 0 0 3 8 8 2 0 0 0 0 0 0 0 0 0 0 0 0 0 0 0 5 18 6 0 0 5 11 7 5 3 0 0 0 9 0 0 0 0 0 0 0 0 0 0 0 0 15 0 7 0 0 12 0 0 0 0 1 3 0 0 0 0 0 0 0 0 0 0 0 0 0 0 0 0 0 13 0 0 17 0 0 11 4 5 1 0 0 9 3 0 0 0 0 0 0 0 0 0 0 0 0 0 8 6 225 203 0 14 6 0 0 0 2 0 0 0 3 6 0 0 0 0 0 0 0 0 0 0 0 0 63 247 248 255 204 230 229 95 9 0 0 6 7 0 0 2 0 0 0 0 0 0 0 0 0 0 0 0 133 251 241 236 126 156 221 249 211 104 9 0 7 1 0 2 0 0 0 0 0 0 10 3 0 0 18 108 240 252 255 108 9 0 127 255 255 251 207 80 8 0 3 0 0 4 0 5 0 1 0 2 4 9 6 210 255 253 184 31 0 3 54 183 242 250 248 222 199 86 2 0 3 7 0 0 1 7 0 0 7 0 59 255 248 247 59 0 4 1 0 20 74 146 239 255 255 226 150 24 0 0 0 0 3 5 0 0 0 11 187 247 244 181 0 0 11 0 0 0 7 0 81 200 249 252 255 187 28 0 3 0 0 0 4 2 1 103 255 240 205 33 0 4 0 5 0 17 0 0 3 34 134 228 255 240 97 9 7 0 2 0 0 4 2 211 254 254 181 0 0 21 0 0 0 0 9 0 0 0 22 103 235 253 138 0 4 0 5 0 0 3 0 255 232 255 163 19 0 10 0 0 19 0 2 0 10 15 0 24 203 255 181 0 0 1 1 0 2 3 0 255 255 251 52 0 11 0 0 15 0 5 0 10 1 0 0 11 155 246 249 9 4 0 0 25 0 5 4 190 248 255 162 0 9 0 0 9 0 0 0 0 6 0 2 21 193 255 238 16 0 0 0 0 0 8 0 147 246 245 233 77 0 14 13 12 0 10 6 0 14 0 19 170 249 239 142 0 0 2 9 0 5 1 0 77 205 255 255 247 107 12 0 1 7 0 0 0 5 112 217 255 252 217 39 0 1 3 5 4 1 0 10 5 95 226 232 255 247 222 177 54 47 64 165 201 221 237 255 252 218 27 0 0 1 1 0 3 0 7 8 0 0 88 222 245 253 238 255 253 255 240 255 248 250 236 255 198 75 10 0 8 0 0 3 0 0 10 0 4 0 0 24 90 182 254 242 248 243 255 234 247 235 206 82 35 4 0 0 7 0 3 12 0 0 3 0 17 19 0 1 3 8 67 93 115 107 115 69 97 0 4 0 1 9 0 0 3 0 2 0 4 1 0 10 0 0 5 0 12 0 0 17 0 0 0 0 2 9 0 0 4 0 0 1 4 1 0 0 0 0 0 0 0 0 0 0 0 0 0 0 0 0 0 0 0 0 0 0 0 0 0 0 0 0 0 0 0 0 0 0 0 0 0 0 0 0 0 0 0 0 0 0 0 0 0 0 0 0 0 0 0 0 0 0 0 0 0 0 0 0 0 0 0 0 0 0 0 0 0 0 0 0 0 0 0 0 0 0 0 0 0 0 0 0 0 0 0 0 0 0 0 0 0 0 0 0 0 0 0 0 0 0 0 0 0 0 0 0 0
1 7 0 8 0 1 0 0 7 1 0 0 0 0 1 2 2 0 13 8 0 0 8 1 0 0 0 0 4 0 4 11 0 0 6 0 0 0 1 10 3 0 0 7 5 0 0 0 25 15 0 9 0 0 0 0 2 9 0 6 12 0 0 0 3 12 6 0 0 7 11 0 0 10 4 3 0 4 3 0 0 0 0 0 0 7 10 0 0 12 8 0 0 0 4 2 1 1 0 0 8 0 0 28 0 0 1 8 0 0 0 0 0 0 25 0 0 1 0 134 134 227 229 128 107 199 242 201 131 113 10 0 4 8 0 6 0 0 0 0 4 3 0 8 18 0 119 255 198 238 255 254 240 246 253 250 245 255 157 38 0 0 8 0 0 0 0 0 2 4 0 25 0 11 255 234 253 253 250 249 255 255 255 247 249 252 249 217 133 1 4 3 0 0 0 0 0 7 2 0 11 0 107 254 255 250 233 218 225 248 255 251 251 255 248 255 250 67 1 0 0 0 0 0 0 0 5 0 7 0 106 255 250 244 64 26 52 64 78 184 226 253 252 246 249 239 18 0 0 1 2 2 0 0 9 0 0 21 179 253 255 184 21 0 0 18 0 6 31 94 187 249 255 238 133 4 0 0 1 1 11 0 0 0 3 94 252 238 233 76 0 0 4 0 0 5 0 0 21 124 253 255 237 18 0 0 0 0 0 0 5 17 0 133 255 255 102 0 1 2 3 9 6 0 9 10 0 64 214 253 255 123 1 0 0 0 8 0 0 2 10 230 255 245 84 0 9 0 0 3 0 0 0 5 0 7 110 251 238 193 4 1 0 0 0 11 4 1 0 255 250 248 84 5 7 0 7 0 0 22 0 14 19 7 10 233 255 250 7 3 0 0 4 3 0 0 4 252 255 228 2 0 11 0 0 11 2 0 12 0 0 0 4 209 255 198 10 5 0 0 2 0 3 10 0 188 250 242 75 6 0 4 0 0 1 9 0 7 0 8 3 127 255 252 12 6 0 0 0 0 2 4 0 202 255 214 5 0 0 9 6 0 0 6 0 4 0 1 7 93 243 250 135 9 0 2 0 2 2 0 8 255 238 238 80 39 10 0 0 0 6 2 10 0 0 10 0 160 255 253 91 0 0 4 16 0 0 15 0 164 255 255 253 153 67 9 10 0 5 0 0 8 0 38 31 217 254 247 36 0 1 3 0 1 20 0 10 127 240 243 255 255 254 191 188 191 179 114 71 68 41 186 215 248 251 255 3 0 3 0 0 4 0 7 1 29 235 254 246 247 255 248 255 255 254 218 255 228 210 255 255 254 235 129 0 2 3 0 3 2 3 0 5 0 27 253 255 245 248 255 254 248 248 250 238 252 255 231 253 255 160 9 4 7 0 0 0 2 0 3 7 4 0 38 55 165 244 255 229 255 255 251 249 255 243 255 250 192 49 1 4 3 0 0 5 0 8 0 0 0 15 0 0 11 43 131 133 174 199 252 251 243 122 115 12 15 3 0 0 0 0 5 0 0 0 0 0 0 0 0 0 0 0 0 0 0 0 0 0 0 0 0 0 0 0 0 0 0 0 0 0 0 0 0 0 0 0 0 0 0 0 0 0 0 0 0 0 0 0 0 0 0 0 0 0 0 0 0 0 0 0 0 0 0 0 0 0 0 0 0 0 0 0 0 0 0 0 0 0 0 0 0 0 0 0 0 0 0 0 0 0 0 0 0 0 0 0 0 0 0 0 0 0 0 0 0 0 0 0 0 0 0 0 0
0 0 2 3 1 0 0 2 1 11 0 0 4 4 1 1 7 5 3 1 0 1 0 0 0 0 0 0 5 2 0 0 0 0 0 0 0 0 10 2 4 0 4 2 0 0 1 1 0 0 0 12 0 0 0 0 0 0 1 0 1 7 7 1 8 0 2 0 0 0 0 10 8 4 5 9 7 0 0 0 0 0 0 0 0 3 6 0 0 0 0 0 0 0 0 14 0 13 0 4 5 0 0 0 0 0 2 8 0 0 0 0 3 3 1 0 0 3 6 7 0 15 3 3 0 0 14 0 3 4 7 10 9 3 0 0 0 0 0 0 2 0 0 5 10 5 0 0 7 30 0 0 209 255 229 151 42 25 1 0 0 5 5 0 0 0 0 0 4 0 0 2 0 0 15 50 194 232 151 10 131 240 234 255 254 216 135 44 0 0 2 1 0 0 0 0 2 0 1 2 0 35 138 242 252 255 244 80 0 170 190 201 246 255 252 150 42 0 0 4 0 0 0 0 0 0 0 8 0 160 244 255 255 227 132 27 0 4 15 2 56 74 212 242 216 18 0 8 0 0 0 0 14 0 0 0 83 251 249 251 235 96 0 0 12 0 0 11 0 32 14 180 255 190 0 0 0 0 0 0 0 4 20 0 135 242 251 234 22 6 0 0 6 8 3 0 6 0 0 23 208 243 137 0 0 0 0 0 5 0 0 13 252 255 214 22 0 0 4 2 2 3 0 0 10 0 25 0 84 239 254 23 0 0 0 0 2 10 0 0 255 229 188 0 17 3 0 0 0 0 0 3 0 0 5 2 19 213 251 102 0 0 0 0 0 0 7 0 253 255 172 5 0 3 17 4 0 4 9 2 4 0 0 0 5 172 246 148 0 0 0 0 18 11 7 0 108 244 199 34 20 3 0 1 4 0 0 0 0 4 4 16 28 212 246 129 0 0 0 0 0 0 0 18 0 212 255 45 0 0 1 2 1 1 1 0 6 0 0 5 103 252 255 141 0 0 0 0 0 13 0 3 0 161 252 184 7 0 0 18 0 4 6 0 0 2 3 3 156 255 238 75 0 0 0 0 0 6 0 0 16 84 251 244 14 5 0 0 0 5 0 0 18 0 4 20 171 243 255 14 0 0 0 0 5 0 5 0 3 0 160 255 72 0 2 0 19 0 0 3 0 4 10 143 255 255 169 7 0 0 0 0 5 0 10 2 0 7 70 247 144 0 0 7 0 0 6 0 0 17 37 255 248 236 107 12 0 0 0 0 0 0 5 3 0 16 6 147 255 105 19 7 0 7 5 0 4 25 222 255 255 229 0 0 0 0 0 0 0 16 0 0 6 0 0 28 220 132 7 0 10 6 0 26 139 220 255 247 242 99 0 14 0 0 0 0 0 6 0 0 21 0 11 9 224 236 96 0 0 7 82 184 242 255 255 248 120 13 2 0 0 0 0 0 5 0 4 0 0 2 0 1 8 222 244 125 98 139 246 255 251 255 253 142 20 0 0 9 0 0 0 0 0 0 0 0 0 0 0 0 0 8 123 243 255 249 255 245 255 190 88 12 0 0 5 0 0 0 0 0 0 0 0 0 0 0 0 0 15 0 6 22 0 0 1 0 7 6 1 0 0 5 2 0 0 0 0 0 0 0 0 0 0 0 0 0 0 0 0 1 0 3 13 5 0 0 3 2 0 2 8 12 0 0 0 0 0 0 0 0 0 0 0 0 3 12 9 0 0 3 0 0 10 7 2 0 0 0 0 0 0 0 0 0
0 0 0 0 0 0 0 1 0 2 6 0 7 0 2 0 0 0 0 0 0 0 0 0 0 0 0 0 0 0 0 0 0 0 0 0 6 12 8 0 0 11 1 0 0 0 0 0 0 0 0 0 0 0 0 0 0 0 0 0 0 0 0 0 0 0 5 0 11 0 1 0 0 0 0 0 0 0 0 0 0 0 0 0 0 0 1 1 1 0 0 0 0 20 0 1 0 0 13 0 0 0 0 0 0 0 0 0 0 0 0 0 0 0 1 1 1 0 0 0 0 218 255 255 69 0 0 16 0 0 0 0 0 0 0 0 0 0 0 0 0 0 0 0 0 1 2 3 114 250 255 255 183 23 4 0 0 0 0 0 0 0 0 0 0 0 0 0 1 0 0 0 0 1 5 7 192 253 255 224 220 27 0 3 0 0 0 0 0 0 0 0 0 0 0 0 1 0 0 0 0 2 6 9 255 252 148 148 240 241 115 74 0 0 0 0 0 0 0 0 0 0 0 0 4 0 1 9 0 0 4 12 255 185 17 136 243 255 252 244 232 210 67 53 0 17 0 3 0 0 0 0 5 0 5 0 0 5 9 114 255 167 0 53 218 220 235 216 218 255 255 222 83 2 14 0 0 0 0 0 2 0 7 0 3 6 17 218 245 186 0 0 14 0 0 14 30 121 251 255 254 129 0 11 0 0 0 0 0 2 4 0 3 0 46 255 255 167 8 5 7 5 0 11 4 0 90 188 233 255 60 0 0 0 0 0 0 4 0 4 0 0 115 254 254 72 0 0 16 0 11 0 0 0 11 17 206 253 246 50 0 0 0 0 0 6 0 2 0 0 189 254 246 39 0 12 0 0 14 7 0 34 0 0 103 246 242 140 0 0 0 0 1 5 0 0 3 0 222 253 255 38 0 14 0 9 0 0 18 0 0 13 7 201 255 215 0 0 0 0 0 3 10 0 8 0 218 244 246 30 5 0 13 1 0 1 0 20 0 2 0 149 242 206 0 0 0 0 0 10 1 0 3 12 185 255 251 31 2 5 0 18 0 7 0 11 0 1 5 50 246 202 0 0 0 0 3 3 0 4 0 0 82 242 253 186 5 0 0 0 0 0 7 0 10 5 0 0 228 224 0 0 0 0 0 0 0 10 6 7 48 255 255 166 0 9 10 9 5 0 0 2 0 12 51 168 255 194 0 0 0 0 0 6 0 0 0 7 15 170 248 242 68 19 0 0 0 0 1 14 30 67 225 255 245 189 0 0 0 0 0 8 7 0 0 0 0 22 255 228 244 200 111 54 0 2 13 142 187 240 255 255 113 35 0 0 0 0 0 0 0 4 12 0 18 0 73 247 255 247 255 236 244 234 255 244 255 255 186 75 11 0 0 0 0 0 9 0 0 0 1 0 10 0 0 108 215 255 239 248 255 255 249 243 198 165 23 6 0 3 0 0 0 0 0 4 5 0 0 1 0 1 7 0 18 94 110 198 179 104 109 93 19 3 0 6 0 5 0 0 0 0 0 0 0 0 0 0 0 0 0 0 0 0 0 0 0 0 0 0 0 0 0 0 0 0 0 0 0 0 0 0 0 0 0 0 0 0 0 0 0 0 0 0 0 0 0 0 0 0 0 0 0 0 0 0 0 0 0 0 0 0 0 0 0 0 0 0 0 0 0 0 0 0 0 0 0 0 0 0 0 0 0 0 0 0 0 0 0 0 0 0 0 0 0 0 0 0 0 0 0 0 0 0 0 0 0 0 0 0 0 0 0 0
0 0 0 0 0 0 0 0 0 1 0 0 8 4 0 4 0 7 1 0 10 0 2 0 0 0 0 0 0 0 0 0 0 0 0 0 2 5 4 3 2 0 0 9 12 0 0 0 7 1 2 0 0 0 0 0 0 0 0 0 0 0 0 0 0 0 0 0 3 0 0 0 0 0 12 13 0 0 0 7 0 0 0 0 0 0 0 0 0 0 0 0 2 1 6 5 0 0 3 7 16 0 0 0 0 12 2 0 0 0 0 0 0 0 0 0 0 0 0 0 2 0 1 0 0 3 3 0 0 0 10 1 0 2 3 0 0 0 0 0 0 0 0 0 0 0 0 0 0 1 11 0 7 99 211 255 255 255 245 166 83 0 0 16 0 0 0 0 0 0 0 0 0 0 0 0 17 0 0 10 88 213 255 248 238 255 255 255 229 47 0 0 0 0 0 0 0 0 0 0 0 0 0 0 0 1 3 0 34 157 249 248 255 255 241 255 251 28 0 7 0 0 0 0 0 6 4 0 0 0 0 6 8 0 0 2 146 237 255 248 255 250 253 253 253 33 0 1 0 0 0 0 1 1 0 0 10 5 0 3 0 5 12 61 254 239 255 251 194 98 255 253 245 51 0 2 0 0 0 0 7 1 0 0 8 0 0 0 0 0 59 237 255 255 239 219 46 52 255 250 250 43 1 0 0 0 0 0 0 5 1 0 0 0 0 7 3 27 209 244 230 251 239 22 0 74 254 252 250 32 0 0 0 0 0 0 0 5 4 0 3 8 5 4 1 136 252 255 255 255 209 0 19 62 250 255 254 37 0 7 0 0 0 0 0 6 1 0 7 9 0 0 57 223 255 255 198 59 50 0 0 129 255 252 255 23 9 0 0 0 0 0 4 3 0 0 2 0 0 16 127 255 252 202 22 0 0 14 0 233 255 239 169 4 10 0 0 0 0 0 0 0 0 7 0 0 21 86 255 244 229 37 0 3 0 0 98 248 246 231 31 9 0 10 0 0 0 0 0 5 4 0 0 0 2 142 255 244 223 0 5 0 5 0 253 255 251 105 11 0 8 0 0 0 0 0 0 0 0 4 10 7 47 249 251 255 137 13 9 0 17 195 255 248 248 113 0 4 0 0 0 0 0 0 6 5 0 0 0 0 32 255 253 192 13 0 0 0 174 250 246 232 86 29 0 0 6 0 0 0 0 0 0 7 2 0 3 1 39 250 255 182 0 9 20 163 228 244 255 176 0 0 19 0 6 0 0 0 0 0 0 2 2 0 7 9 44 240 230 244 20 0 218 234 254 255 173 27 3 6 0 1 5 0 0 0 0 0 7 0 0 1 0 0 21 207 255 237 255 255 236 255 244 178 22 0 11 5 0 0 8 0 0 0 0 0 4 0 2 7 0 1 14 148 255 249 244 235 255 248 199 91 0 19 0 0 8 0 2 0 0 0 0 0 0 0 7 0 0 8 0 46 219 255 245 255 239 174 15 6 0 0 1 3 0 17 0 5 0 0 0 0 0 0 0 0 0 0 0 0 49 105 200 187 136 15 0 1 0 0 0 0 0 0 0 0 0 0 0 0 0 0 0 0 0 0 0 0 0 0 6 0 10 0 0 7 0 0 0 0 0 0 0 0 0 0 0 0 0 0 0 0 0 0 0 0 13 1 0 0 7 7 7 5 0 0 0 0 0 0 0 0 0 0 0 0 0 0 0 0 0 0 0 0 0 5 0 2 0 0 0 0 0 0 0 0 0 0 0 0 0 0 0 0
0 0 0 0 0 0 0 0 3 10 0 0 11 0 0 10 1 9 8 0 1 4 0 0 0 0 0 0 0 0 0 0 0 0 0 0 0 5 0 8 0 0 0 0 0 2 0 7 4 0 0 7 0 0 0 0 0 0 0 0 0 0 0 0 0 0 4 1 0 12 15 0 12 6 1 3 4 3 0 0 0 0 0 0 0 0 0 0 0 0 0 0 5 0 16 0 1 0 0 0 2 0 19 0 0 5 0 2 0 0 0 0 0 0 0 0 0 0 0 0 0 0 0 0 20 8 0 11 0 7 0 7 6 9 0 0 0 0 0 0 0 0 0 0 0 0 0 0 0 10 1 11 0 61 107 238 255 212 0 16 0 0 4 2 0 0 0 0 0 0 0 0 0 0 0 0 0 0 53 130 167 239 237 255 246 213 6 2 0 13 0 0 0 0 0 0 0 0 0 0 0 0 0 0 1 31 212 255 255 247 255 244 254 247 142 5 0 8 0 16 0 0 0 0 4 0 0 1 6 0 2 0 13 172 255 241 254 255 236 255 246 255 240 155 0 4 0 0 0 0 0 0 0 4 1 2 0 0 7 4 0 199 247 255 255 180 71 119 255 230 255 249 183 80 0 12 0 0 0 0 0 4 7 2 0 2 1 0 135 243 255 240 39 0 2 12 153 255 240 252 251 255 35 0 0 0 0 0 2 0 0 2 0 6 0 14 180 241 244 174 6 0 9 0 51 232 251 252 255 229 49 0 0 0 0 0 4 0 0 4 0 3 0 90 251 255 255 107 8 3 0 0 14 200 255 255 187 40 11 9 0 0 0 0 0 0 0 4 0 0 3 190 253 225 255 106 0 0 8 4 0 226 243 237 177 0 0 12 0 0 0 0 0 5 2 0 0 0 0 233 255 248 202 24 7 1 0 0 1 219 248 241 206 14 0 2 0 0 0 0 0 11 0 0 6 4 0 220 237 255 188 0 0 2 5 0 0 232 252 255 0 0 7 0 0 0 0 0 0 0 1 0 0 2 0 222 247 255 174 0 3 2 1 0 0 221 255 231 0 10 0 2 0 0 0 0 0 2 0 0 13 7 0 215 255 242 174 7 7 0 0 5 19 217 237 255 9 0 1 3 0 0 0 0 0 12 0 0 9 0 0 236 255 242 186 8 0 3 0 0 155 255 255 239 19 0 5 0 0 0 0 0 0 10 2 0 0 0 6 187 254 255 221 71 0 9 9 53 212 242 249 121 1 0 8 3 0 0 0 0 1 0 0 4 2 2 0 58 242 255 241 164 21 0 0 115 255 255 214 58 2 0 0 0 0 0 0 0 2 0 0 7 0 0 3 1 171 247 254 246 154 149 153 255 245 228 55 1 0 2 0 4 0 0 0 0 0 1 0 3 0 0 9 11 100 243 255 255 234 250 237 251 255 205 0 0 1 7 0 0 0 0 0 0 0 4 0 0 15 0 0 0 0 181 244 247 255 253 255 252 185 126 7 0 0 1 0 5 0 0 0 0 0 0 0 0 0 0 0 0 6 40 83 171 238 174 77 64 19 10 0 0 0 1 2 0 0 0 0 0 0 0 0 0 0 0 0 0 0 2 0 0 21 4 0 12 9 4 0 0 0 2 1 0 0 0 0 0 0 0 0 0 0 0 0 0 0 13 9 0 0 0 0 0 0 0 0 0 2 3 0 0 0 0 0 0 0 0 0 0 0 0 0 0 0 0 1 0 0 6 6 0 0 0 0 0 2 2 0 0 0 0 0 0
0 0 0 0 0 0 0 0 0 5 8 0 10 0 0 1 0 5 0 0 0 0 0 2 0 0 0 0 0 0 0 0 0 0 0 0 6 0 0 0 9 9 4 0 0 0 0 0 11 8 0 0 0 0 0 0 0 0 0 0 0 0 0 0 0 2 9 8 0 0 0 10 0 0 0 6 6 0 0 7 0 0 0 0 0 0 0 0 0 0 0 0 0 0 0 10 0 4 1 0 0 15 9 0 0 2 4 3 0 0 0 0 0 0 0 0 0 0 0 0 8 2 11 8 0 0 8 2 0 0 0 2 11 9 0 0 0 0 0 0 0 0 0 0 0 0 0 0 0 0 3 0 0 20 92 122 147 171 122 18 0 0 11 5 0 0 0 0 0 0 0 0 0 0 0 0 21 0 0 5 135 210 255 242 249 242 246 236 156 31 0 2 0 0 0 0 0 0 0 0 0 0 0 0 0 0 10 40 212 255 250 169 96 195 255 253 239 203 104 2 0 0 0 0 4 0 0 6 0 7 0 6 8 1 40 231 255 249 95 59 233 222 197 244 250 255 223 116 1 8 0 0 0 4 1 1 5 0 23 0 0 39 213 251 238 174 29 29 235 119 0 73 127 213 255 213 0 0 9 9 0 0 5 0 5 0 14 0 38 227 242 255 48 7 6 0 76 30 0 23 0 26 209 248 23 0 5 10 3 0 3 3 0 8 0 36 225 250 243 64 0 0 0 4 14 0 2 0 2 0 172 239 129 0 0 3 0 0 0 1 0 0 13 143 255 237 63 0 2 18 0 6 0 0 14 0 3 5 120 255 235 14 0 6 0 15 0 0 7 0 128 241 246 98 2 0 0 0 2 1 0 0 0 9 0 7 37 240 255 5 0 8 0 13 0 1 3 44 228 255 221 8 0 3 0 0 14 0 0 2 0 14 0 0 49 255 249 0 0 0 5 0 0 9 0 122 255 229 79 9 2 0 12 0 0 10 4 0 4 0 4 0 89 238 255 0 5 0 3 0 0 0 5 217 239 183 10 0 0 3 0 0 3 0 0 0 7 0 1 4 187 240 228 14 0 2 0 1 1 0 19 234 255 178 0 0 7 7 4 0 0 0 0 0 3 1 6 0 166 255 60 0 8 8 0 2 11 0 0 248 255 169 1 1 0 0 0 9 3 3 10 0 6 19 0 9 185 212 0 0 6 0 7 0 8 6 0 255 248 185 2 0 7 14 2 0 0 0 1 0 0 7 0 118 252 188 7 11 0 0 15 0 0 3 6 212 247 201 68 0 0 1 0 0 15 0 0 25 0 20 138 242 175 1 0 1 0 9 0 7 0 0 4 76 255 255 232 125 62 38 1 1 13 0 43 65 130 235 220 89 12 15 0 0 2 7 0 6 4 4 2 13 192 224 250 250 248 224 183 164 175 189 224 238 255 204 82 0 2 0 5 0 1 0 8 0 0 12 0 0 9 21 202 246 249 241 255 255 231 234 227 173 88 5 0 0 12 3 0 0 6 0 0 0 0 0 0 0 0 0 13 68 114 123 118 102 50 0 0 0 0 0 0 0 0 0 0 0 0 0 0 0 0 0 0 0 0 0 0 1 1 0 0 0 0 0 0 0 0 0 0 0 0 0 0 0 0 0 0 0 0 0 0 0 0 0 4 0 0 7 9 3 3 9 0 0 0 0 0 0 0 0 0 0 0 0 0 0 0 0 0 0 0 0 3 0 0 0 0 0 0 5 0 0 0 0 0 0 0 0 0 0 0 0
0 0 0 0 0 0 0 0 0 4 0 0 8 4 1 0 4 0 6 1 2 8 0 6 0 0 0 0 0 0 0 0 0 0 0 0 0 0 25 0 0 2 0 11 8 0 5 0 0 4 0 0 0 0 0 0 0 0 0 0 0 0 0 0 7 0 0 0 7 6 0 0 0 0 0 0 0 10 4 8 0 0 0 0 0 0 0 0 0 0 0 0 0 4 0 3 6 0 13 0 3 5 9 1 0 0 0 0 0 0 0 0 0 0 0 0 0 0 0 0 0 0 16 0 0 5 6 0 0 0 1 4 0 0 0 0 0 0 0 0 0 0 0 0 0 0 0 0 21 15 0 134 255 236 255 133 16 3 0 0 6 0 8 8 0 0 0 0 0 0 0 0 0 0 0 0 0 8 195 244 255 255 239 255 158 88 4 0 4 0 0 0 0 0 0 0 0 0 0 0 0 0 0 0 7 111 255 255 244 250 255 246 255 160 19 0 3 0 8 0 0 0 0 0 0 0 0 0 0 0 0 0 8 179 255 254 255 56 6 0 208 242 182 12 0 16 0 1 0 0 0 0 0 0 0 0 0 0 0 0 0 255 243 251 61 15 0 19 52 255 255 122 7 0 9 8 0 0 0 0 0 0 0 0 0 0 0 0 8 247 255 245 0 13 0 0 0 139 255 196 0 6 1 0 0 0 0 0 0 0 0 0 0 0 0 0 0 255 247 255 63 0 11 16 11 105 255 255 2 13 0 11 0 0 0 0 0 0 0 0 0 0 0 0 5 120 255 255 120 0 0 0 0 150 248 255 126 0 0 0 0 0 0 0 0 0 0 0 0 0 0 0 0 138 255 255 186 1 16 0 6 134 253 254 255 13 13 0 0 0 0 0 0 0 0 0 0 0 0 0 0 118 255 255 3 0 0 11 1 125 255 251 251 0 0 8 0 0 0 0 0 0 0 0 0 0 0 0 3 130 255 255 0 9 5 0 0 248 255 255 255 4 4 0 0 0 0 0 0 0 0 0 0 0 0 0 0 69 255 249 0 7 13 0 0 202 254 255 56 5 1 0 0 0 0 0 0 0 0 0 0 0 0 0 15 0 255 240 19 0 0 7 79 245 246 210 5 0 18 0 0 0 0 0 0 0 0 0 0 0 0 0 0 0 255 255 0 10 0 11 255 244 255 111 5 10 0 12 0 0 0 0 0 0 0 0 0 0 0 0 15 5 123 255 137 0 0 65 250 255 255 255 14 1 0 10 0 0 0 0 0 0 0 0 0 0 0 0 0 9 0 246 255 11 10 182 255 252 252 255 0 4 14 0 0 0 0 0 0 0 0 0 0 0 0 0 4 0 14 255 242 182 207 255 243 254 255 133 0 0 0 0 0 0 0 0 0 0 0 0 0 0 0 0 6 0 0 61 255 255 241 255 255 242 58 3 0 14 5 0 0 0 0 0 0 0 0 0 0 0 0 0 0 2 5 0 137 245 255 248 247 63 5 1 0 6 0 0 0 0 0 0 0 0 0 0 0 0 0 0 0 6 1 4 71 180 250 255 114 17 0 11 0 0 10 0 0 0 0 0 0 0 0 0 0 0 0 0 3 8 0 0 0 6 7 0 23 0 0 15 0 0 7 0 0 0 0 0 0 0 0 0 0 0 0 0 0 0 0 9 10 4 1 4 0 0 3 3 0 0 6 0 0 0 0 0 0 0 0 0 0 0 0 0 10 3 0 1 0 0 0 1 6 11 2 0 0 3 3 0 0 0 0 0
0 0 0 0 0 0 0 0 1 0 0 2 4 0 0 0 6 0 0 0 2 0 0 6 0 0 0 0 0 0 0 0 0 0 0 0 4 3 0 0 5 5 0 7 0 3 13 0 0 18 0 5 0 0 0 0 0 0 0 0 0 0 0 0 0 9 13 0 0 0 0 0 13 0 0 6 0 13 0 5 0 0 0 0 0 0 0 0 0 0 0 0 15 0 0 0 0 4 13 4 5 0 0 0 4 0 9 3 0 0 0 0 0 0 0 0 0 0 0 0 0 0 7 24 0 0 7 0 0 2 18 0 15 0 0 0 0 0 0 0 0 0 0 0 0 0 0 0 0 3 5 0 27 147 241 246 113 0 11 0 1 3 0 0 0 0 0 0 0 0 0 0 0 0 0 0 5 9 0 16 153 250 239 204 242 74 0 10 0 0 10 0 0 0 0 0 0 0 0 0 0 0 0 0 0 0 0 121 245 151 14 28 240 255 24 0 11 0 0 2 0 0 0 0 0 0 0 0 0 0 0 0 0 0 33 201 220 8 5 2 132 255 137 8 4 0 2 0 0 0 0 0 0 0 0 0 0 0 0 0 3 0 99 255 119 8 3 0 48 239 163 3 0 0 9 0 0 0 0 0 0 0 0 0 0 0 0 0 6 0 178 254 29 6 0 0 0 222 182 0 0 2 7 1 0 0 0 0 0 0 0 0 0 0 0 0 3 46 231 178 9 1 0 5 0 223 180 0 4 0 0 3 0 0 0 0 0 0 0 0 0 0 0 0 0 102 255 118 11 0 0 2 30 239 171 0 5 0 0 2 0 0 0 0 0 0 0 0 0 0 0 0 0 141 255 101 0 0 8 0 63 254 147 0 0 0 4 0 0 0 0 0 0 0 0 0 0 0 0 0 0 163 247 57 0 0 3 0 127 255 95 0 0 0 7 0 0 0 0 0 0 0 0 0 0 0 0 0 4 174 229 0 11 0 0 11 198 255 43 0 6 0 1 0 0 0 0 0 0 0 0 0 0 0 0 0 0 191 214 0 11 0 6 12 232 254 12 5 0 5 0 6 0 0 0 0 0 0 0 0 0 0 0 0 2 151 225 9 0 4 15 37 244 255 13 1 6 0 0 0 0 0 0 0 0 0 0 0 0 0 0 0 9 123 250 28 0 1 0 69 248 214 1 0 12 0 4 0 0 0 0 0 0 0 0 0 0 0 0 0 1 86 254 63 3 19 0 161 255 141 0 0 8 0 6 0 0 0 0 0 0 0 0 0 0 0 0 0 1 43 249 127 0 0 45 231 255 70 7 5 2 0 0 0 0 0 0 0 0 0 0 0 0 0 0 0 2 20 243 216 4 0 136 255 186 12 4 7 0 2 0 0 0 0 0 0 0 0 0 0 0 0 0 0 0 1 149 242 124 118 246 245 74 0 0 0 0 0 0 4 0 0 0 0 0 0 0 0 0 0 0 0 6 0 3 183 243 245 255 128 3 8 0 0 9 0 0 2 0 0 0 0 0 0 0 0 0 0 0 0 18 0 8 27 170 187 145 23 0 0 0 0 0 0 0 0 0 0 0 0 0 0 0 0 0 0 0 0 0 0 11 0 4 0 7 0 0 0 0 0 0 0 0 0 0 0 0 0 0 0 0 0 0 0 0 0 8 3 0 4 0 0 0 10 0 0 0 0 0 0 0 0 0 0 0 0 0 0 0 0 0 0 0 0 0 0 0 16 1 8 0 0 0 0 0 0 0 0 0 0 0 0 0 0
0 0 0 0 0 0 0 0 0 2 1 2 3 0 0 12 0 19 2 0 4 7 0 4 0 0 1 0 0 0 0 0 0 0 0 0 0 0 0 0 8 2 0 0 1 0 5 12 0 0 3 0 0 1 2 1 0 0 0 0 0 0 0 0 0 5 0 0 0 10 5 0 14 0 0 8 0 0 7 0 0 2 3 2 0 0 0 0 0 0 0 0 0 0 0 9 8 0 0 11 0 10 8 0 0 0 0 0 0 0 1 1 0 0 0 0 0 0 0 0 2 4 0 0 4 8 12 24 230 249 189 70 2 0 7 5 0 0 0 0 0 0 0 0 0 0 0 0 0 0 0 10 0 2 100 230 245 252 251 182 104 106 81 0 0 0 0 0 0 0 0 0 0 0 0 0 0 18 0 0 74 203 255 255 255 243 255 255 236 255 234 137 8 4 0 0 0 0 0 0 0 0 0 0 8 0 12 137 244 255 243 255 252 253 251 249 254 255 249 230 15 9 2 0 0 0 9 2 0 5 0 4 2 0 125 255 244 255 255 255 255 248 141 91 132 253 243 255 124 0 0 0 5 0 3 0 0 2 0 1 0 77 232 255 255 245 231 255 226 145 20 0 86 255 255 246 92 1 10 8 1 0 0 0 2 10 0 5 25 199 255 252 255 243 255 224 53 24 0 0 89 245 254 246 81 0 0 0 0 0 3 1 11 7 0 5 118 255 244 255 248 243 227 41 0 0 0 0 142 253 255 246 105 7 4 0 1 2 4 0 4 0 0 29 212 244 255 255 255 244 138 6 13 1 1 9 205 255 254 243 67 0 0 7 2 0 0 0 0 0 23 119 255 255 255 234 241 85 9 0 0 2 16 72 248 246 249 251 116 8 4 3 0 0 0 0 2 3 75 222 234 255 252 255 231 9 0 4 1 0 0 133 255 253 255 249 105 0 0 0 0 0 3 4 4 4 95 255 255 246 254 248 148 7 0 0 0 8 21 219 255 246 249 230 49 0 11 6 0 7 9 0 5 0 244 251 255 255 252 249 134 8 7 0 1 6 190 255 252 249 238 44 0 0 0 0 8 0 2 10 0 118 245 248 243 255 253 255 210 11 0 7 82 199 252 254 255 245 150 0 0 0 0 0 1 0 0 1 0 126 255 255 255 174 146 255 249 20 25 70 201 242 255 246 255 62 14 10 0 0 0 0 0 22 0 0 16 97 247 255 255 71 19 26 35 85 109 239 250 255 255 250 149 2 0 4 0 0 0 0 0 2 0 0 5 134 235 246 255 188 68 59 134 230 243 255 255 233 235 137 5 0 12 0 0 0 0 0 6 0 5 0 0 96 255 249 255 255 255 239 251 255 253 214 203 73 46 0 1 11 9 0 0 0 0 0 2 4 10 0 3 8 206 252 241 254 251 255 243 234 206 21 3 0 0 16 0 6 0 21 0 0 0 0 0 0 8 0 10 0 42 239 255 248 253 245 121 69 3 3 1 0 0 0 11 1 0 0 0 0 0 0 0 0 0 0 0 0 0 0 0 0 0 0 0 0 0 0 0 0 0 0 0 0 0 0 0 0 0 0 0 0 0 0 0 0 0 0 0 0 0 0 0 0 0 0 0 0 0 0 0 0 0 0 0 0 0 0 0 0 0 0 0 0 0 0 0 0 0 0 0 0 0 0 0 0 0 0 0 0 0 0 0 0 0 0 0 0 0 0 0 0 0 0 0 0 0 0 0 0 0 0 0 0 0 0 0 0 0 0 0 0 0 0
0 0 0 0 0 0 0 0 1 0 0 0 1 0 0 3 4 4 0 5 0 0 5 0 0 0 0 12 0 0 0 0 0 0 0 0 0 0 2 6 5 0 0 0 3 0 3 1 10 0 0 3 6 10 0 0 0 0 0 0 0 0 0 0 0 0 0 0 0 1 4 4 0 17 0 0 11 3 0 1 0 6 0 0 0 0 0 0 0 0 0 0 6 9 6 0 0 2 2 0 0 2 0 19 0 2 27 0 0 2 0 7 0 0 0 0 0 0 0 0 0 0 0 3 5 5 0 0 9 2 0 0 3 0 0 0 14 3 0 0 0 0 0 0 0 0 0 0 10 4 0 0 0 0 3 8 0 11 123 39 112 103 27 0 0 0 12 2 0 0 0 0 0 0 0 0 9 0 0 0 5 12 30 52 66 60 255 238 230 254 217 73 24 0 12 14 0 0 0 0 0 0 0 0 0 1 37 97 147 179 214 248 255 253 244 255 255 251 255 239 151 16 0 6 2 0 3 0 11 0 6 3 7 97 216 255 233 255 250 255 255 235 255 255 240 255 255 255 177 1 2 4 3 3 0 0 2 0 3 0 33 238 246 255 224 245 245 252 190 208 254 219 188 249 247 207 118 0 0 0 0 7 0 4 5 0 14 42 203 255 245 249 232 208 223 155 14 0 72 49 61 255 219 73 115 13 12 0 0 14 2 3 0 0 72 249 255 247 251 175 117 30 3 2 0 8 0 6 165 250 24 12 58 4 2 0 3 0 0 0 16 2 10 195 255 242 250 160 3 1 0 0 17 0 0 9 149 233 181 35 0 0 0 0 0 1 13 0 0 4 69 255 248 255 104 0 3 8 0 11 0 0 14 79 227 182 255 54 1 6 6 1 0 0 5 0 0 54 149 187 255 245 69 0 13 0 15 0 9 13 0 63 255 252 255 44 0 0 0 0 6 0 0 0 6 107 245 157 46 113 0 9 0 3 9 0 0 4 111 241 255 248 255 215 1 7 0 4 0 9 0 6 0 113 244 255 232 24 10 0 0 2 3 0 0 144 248 255 247 242 255 74 0 0 0 0 4 3 4 0 15 96 255 246 255 25 8 13 0 0 14 6 49 215 255 255 253 255 170 28 0 0 0 0 13 0 5 12 0 108 234 255 251 30 0 4 10 19 114 167 253 255 239 255 235 178 15 0 0 0 0 0 1 0 0 7 11 101 255 242 248 238 233 212 224 223 255 255 246 255 255 136 31 21 7 0 0 0 0 0 1 3 1 0 0 182 255 255 247 255 252 245 255 254 255 241 255 122 73 22 1 0 12 0 0 0 0 0 1 2 6 0 28 58 213 255 255 240 254 255 242 240 255 251 141 54 0 0 8 0 1 0 0 0 0 0 4 0 1 4 4 0 56 218 248 255 255 251 250 255 183 15 0 1 0 2 0 0 0 14 0 0 0 0 0 14 0 0 11 0 8 132 210 220 195 119 68 58 21 4 0 0 15 0 0 10 0 0 0 0 0 0 0 0 0 0 0 0 0 0 0 0 0 0 0 0 0 0 0 0 0 0 0 0 0 0 0 0 0 0 0 0 0 0 0 0 0 0 0 0 0 0 0 0 0 0 0 0 0 0 0 0 0 0 0 0 0 0 0 0 0 0 0 0 0 0 0 0 0 0 0 0 0 0 0 0 0 0 0 0 0 0 0 0 0 0 0 0 0 0 0 0 0 0 0 0 0 0 0 0 0 0 0 0 0 0 0 0 0 0 0 0 0 0
0 0 0 0 0 0 0 0 0 2 0 0 5 0 15 0 1 11 1 0 0 9 0 2 0 0 0 0 0 0 0 0 0 0 0 0 0 24 0 19 0 0 0 7 0 0 7 0 8 0 0 7 0 0 0 0 0 0 0 0 0 0 0 0 23 0 17 0 5 10 0 7 0 9 0 5 0 29 2 0 0 0 0 0 0 0 0 0 0 0 0 0 0 5 0 11 0 0 5 3 8 0 0 8 0 0 0 11 0 0 0 0 0 0 0 0 0 0 0 0 0 20 8 0 5 13 0 82 148 248 196 148 0 22 0 4 0 0 0 0 0 0 0 0 0 0 0 0 5 0 0 13 0 0 201 255 246 255 246 236 170 39 0 0 0 0 0 0 0 0 0 0 0 0 0 0 0 2 0 97 156 114 1 45 220 255 249 255 248 105 18 0 0 0 0 0 0 0 0 0 0 0 0 0 3 0 133 255 251 108 7 0 44 140 206 159 174 3 0 0 0 0 0 0 0 0 0 4 3 0 1 5 0 96 251 250 247 246 179 0 0 15 54 163 89 13 5 0 0 0 0 0 2 3 0 0 1 2 2 0 43 210 255 254 255 251 233 60 12 0 35 239 51 0 7 4 0 0 0 0 1 6 0 0 1 5 0 0 214 255 234 250 221 176 145 6 0 0 47 255 205 81 14 0 0 0 0 0 0 2 5 0 3 0 0 20 228 238 255 233 55 0 0 0 0 20 19 250 255 217 0 1 0 0 0 0 0 0 6 2 2 0 4 76 255 241 247 136 0 16 0 0 7 6 77 250 239 247 2 2 0 0 0 0 3 0 3 0 0 0 14 118 255 255 183 17 0 6 0 0 0 0 169 255 255 232 2 0 0 0 0 0 4 0 5 0 3 0 5 103 248 255 181 0 8 0 4 6 0 33 184 254 242 241 0 9 0 0 0 0 0 0 8 0 10 4 0 64 245 254 255 40 11 0 5 0 6 63 246 247 255 230 16 0 0 0 0 0 2 0 0 2 0 0 10 29 244 252 250 39 3 2 0 0 10 162 252 255 243 246 0 7 0 0 0 0 1 0 0 2 0 0 8 24 244 251 254 64 0 0 26 0 1 205 252 255 255 120 0 0 0 0 0 0 0 0 0 2 0 0 4 16 230 246 255 209 125 0 6 6 135 255 241 255 199 13 3 0 0 0 0 0 0 0 0 2 0 0 0 9 102 239 255 238 206 169 159 170 255 253 249 255 96 0 0 4 0 0 0 0 0 0 0 2 0 0 0 3 0 144 252 255 255 253 240 255 249 238 255 228 32 8 0 2 0 0 0 0 0 0 1 0 0 0 0 1 0 94 255 250 239 246 255 243 248 255 246 120 8 4 0 0 0 0 0 0 0 0 1 0 0 0 0 0 0 0 144 249 255 248 251 255 255 237 141 21 0 0 9 0 0 0 0 0 0 1 1 0 0 0 1 1 0 1 3 97 127 240 236 255 216 125 44 4 0 0 1 0 0 0 0 0 0 0 0 0 0 0 0 0 0 0 0 0 0 0 0 0 0 0 0 0 0 0 0 0 0 0 0 0 0 0 0 0 0 0 0 0 0 0 0 0 0 0 0 0 0 0 0 0 0 0 0 0 0 0 0 0 0 0 0 0 0 0 0 0 0 0 0 0 0 0 0 0 0 0 0 0 0 0 0 0 0 0 0 0 0 0 0 0 0 0 0 0 0 0 0 0 0 0 0 0 0 0 0 0 0 0 0 0 0 0 0 0
0 0 0 0 0 0 0 0 0 4 3 4 0 0 0 9 11 0 7 3 0 5 4 0 0 0 0 0 0 0 0 0 0 0 0 0 15 2 0 0 7 9 0 0 0 11 0 0 5 9 0 7 0 0 0 0 0 0 0 0 0 0 0 0 0 0 0 17 1 0 0 8 16 0 0 19 0 0 16 0 0 0 0 0 0 0 0 0 0 0 0 0 2 8 0 0 0 7 5 0 0 0 0 7 5 1 0 6 0 0 0 0 0 0 0 0 0 0 0 0 5 0 22 8 152 202 255 183 27 7 15 0 0 24 0 0 0 0 0 0 0 0 0 0 0 0 0 0 0 13 81 208 233 255 245 244 252 59 0 9 0 0 0 15 0 0 0 0 0 0 0 0 0 0 0 0 0 67 235 255 209 81 102 122 242 246 118 45 0 13 1 0 0 0 0 0 0 0 0 0 0 0 0 0 25 179 255 220 22 1 0 0 102 253 244 237 34 0 9 0 0 0 0 0 0 0 5 5 3 2 6 0 70 255 246 122 14 0 9 0 4 35 201 255 198 23 1 1 0 0 0 0 7 0 3 0 0 0 0 34 197 255 211 26 0 0 0 2 0 22 81 237 255 136 21 0 0 0 0 0 6 0 3 0 0 0 2 114 255 250 141 0 8 11 0 6 4 0 0 110 254 248 55 12 0 0 0 0 0 0 7 0 5 7 4 167 244 254 48 0 0 0 0 0 0 8 13 18 255 248 170 0 0 0 0 0 0 0 12 0 0 4 0 170 245 255 14 12 0 0 7 0 3 4 0 0 84 255 156 11 0 0 0 0 0 5 9 0 0 4 0 184 255 225 26 0 1 3 9 5 0 4 5 11 135 239 183 0 0 0 0 0 0 4 0 2 0 7 23 227 248 163 14 0 5 0 0 0 9 0 0 7 163 255 122 10 0 0 0 0 2 3 0 5 0 2 38 255 255 159 4 4 9 0 3 5 0 8 0 24 237 255 95 0 0 0 0 0 0 2 3 7 0 0 38 254 255 157 2 5 0 0 13 2 0 10 0 31 246 251 130 0 0 0 0 0 0 0 0 8 5 17 39 236 253 174 0 0 24 4 0 0 0 11 60 209 253 210 35 0 0 0 0 0 7 6 0 0 0 0 0 175 255 210 38 0 0 2 0 8 0 22 205 238 255 128 0 1 0 0 0 0 0 7 0 1 0 0 8 173 252 253 21 8 9 0 18 0 110 194 248 255 187 10 0 1 0 0 0 0 0 2 0 3 9 1 14 136 243 255 83 0 0 0 35 185 254 250 255 163 0 4 9 0 0 0 0 0 5 0 0 0 3 0 0 36 247 244 240 172 138 213 237 255 253 209 114 0 10 0 2 1 0 0 0 0 4 0 0 2 6 7 0 2 75 255 255 229 255 248 255 238 221 20 12 14 2 7 0 3 0 0 0 0 1 0 7 2 0 0 5 0 5 60 246 255 255 255 159 114 8 13 0 0 9 0 6 0 0 0 0 0 0 0 0 0 0 0 0 0 0 0 0 0 0 0 0 0 0 0 0 0 0 0 0 0 0 0 0 0 0 0 0 0 0 0 0 0 0 0 0 0 0 0 0 0 0 0 0 0 0 0 0 0 0 0 0 0 0 0 0 0 0 0 0 0 0 0 0 0 0 0 0 0 0 0 0 0 0 0 0 0 0 0 0 0 0 0 0 0 0 0 0 0 0 0 0 0 0 0 0 0 0 0 0 0 0 0 0 0 0 0 0 0
0 0 0 0 0 0 0 0 0 11 0 0 8 0 0 4 7 0 23 0 0 4 0 2 0 0 0 0 0 0 0 0 0 0 0 0 2 0 1 1 3 0 0 1 0 0 0 0 8 0 0 10 0 0 0 0 0 0 0 0 0 0 0 0 0 0 14 0 0 4 2 10 0 17 14 1 7 0 0 0 0 0 0 0 0 0 0 0 0 0 0 0 0 0 13 0 0 12 0 0 20 0 0 0 12 0 14 0 0 0 0 0 0 0 0 0 0 0 0 0 3 0 0 0 15 3 0 24 0 162 255 127 12 4 0 0 0 0 0 0 0 0 0 0 0 0 0 0 1 0 0 7 1 0 50 171 153 242 255 254 233 208 22 5 0 0 0 0 0 0 0 0 0 0 0 0 0 4 0 9 0 19 171 255 252 255 243 248 251 247 84 0 0 0 0 0 0 0 0 0 0 0 0 0 5 2 0 5 3 96 251 246 253 237 255 255 255 248 179 0 0 0 0 0 0 0 1 1 3 5 3 0 2 0 0 5 74 239 254 255 250 153 161 245 245 255 222 0 0 0 0 0 0 2 2 0 0 0 0 0 0 0 17 5 198 255 255 249 224 49 0 250 255 243 204 11 0 0 0 0 1 2 3 0 0 0 0 2 2 21 1 179 251 255 252 231 52 0 0 245 230 255 146 2 0 0 0 0 3 0 0 2 2 0 1 4 0 0 74 255 255 236 255 146 0 0 2 244 251 255 76 0 0 0 0 0 5 0 0 2 5 1 0 0 19 70 248 245 254 249 152 0 15 2 35 244 255 247 69 7 0 0 0 0 6 0 0 1 2 0 0 0 0 172 255 250 254 228 45 0 0 0 171 253 231 247 49 5 0 0 0 0 3 0 0 2 0 0 1 15 71 238 244 249 222 59 0 0 9 43 237 255 250 197 0 0 0 0 0 0 0 0 1 4 0 0 12 37 224 255 250 255 149 0 4 1 25 224 253 251 242 85 6 2 0 0 0 0 3 0 2 1 0 10 0 92 241 255 246 240 79 0 4 28 215 255 245 255 168 0 6 0 0 0 0 0 0 7 0 0 8 0 6 190 255 250 244 205 0 0 7 188 255 241 255 247 103 3 0 12 0 0 0 0 0 5 0 2 5 0 49 244 255 247 244 20 0 16 174 255 242 255 248 163 18 0 4 0 0 0 0 0 6 0 3 9 0 0 100 239 239 255 221 1 34 121 255 250 255 240 221 0 0 8 0 0 0 0 0 0 7 0 0 9 0 4 113 254 255 253 251 205 222 255 250 244 255 214 30 5 0 17 0 6 0 0 0 0 0 1 0 0 11 0 61 255 245 251 255 247 254 230 255 252 171 44 11 0 7 0 0 2 0 0 0 0 0 7 0 0 4 0 7 206 254 255 228 255 255 255 195 79 20 0 0 16 0 0 19 0 0 0 0 0 0 0 4 8 0 9 1 141 255 241 255 242 130 115 11 5 0 0 7 0 0 18 0 4 0 0 0 0 0 0 0 0 0 0 0 0 0 0 0 0 0 0 0 0 0 0 0 0 0 0 0 0 0 0 0 0 0 0 0 0 0 0 0 0 0 0 0 0 0 0 0 0 0 0 0 0 0 0 0 0 0 0 0 0 0 0 0 0 0 0 0 0 0 0 0 0 0 0 0 0 0 0 0 0 0 0 0 0 0 0 0 0 0 0 0 0 0 0 0 0 0 0 0 0 0 0 0 0 0 0 0 0 0 0 0 0 0 0 0 0
0 0 0 0 0 0 0 0 6 0 3 0 1 8 0 3 0 11 0 0 7 0 0 0 0 0 0 0 0 0 0 0 0 0 0 0 2 0 7 0 0 1 0 0 0 12 0 0 3 0 0 8 0 0 0 0 0 0 0 0 0 0 0 0 0 0 7 0 0 2 0 4 8 0 2 4 0 3 9 0 0 0 0 0 0 0 0 0 0 0 0 0 0 0 2 0 0 5 3 3 0 10 0 3 4 0 3 2 0 0 0 0 0 0 0 0 0 0 0 0 0 0 0 3 3 0 0 0 0 66 241 237 255 220 0 3 0 0 0 0 0 0 0 0 0 0 0 0 0 1 0 6 0 0 6 21 83 204 247 254 255 250 179 9 0 0 0 0 0 0 0 0 0 0 0 0 0 3 0 5 0 0 76 142 204 255 255 255 245 245 198 0 0 0 0 0 0 0 0 0 0 0 0 0 0 4 0 1 0 19 155 255 254 254 246 248 255 154 12 0 0 0 0 0 1 0 0 6 4 0 0 2 3 0 4 15 82 227 250 250 255 241 254 255 255 59 10 0 0 0 0 0 3 0 0 2 0 0 3 0 0 7 0 145 232 255 250 255 250 245 255 247 245 184 0 13 0 0 0 0 5 0 1 0 0 3 6 0 7 2 25 230 255 249 252 251 166 47 232 246 249 163 0 0 0 0 0 0 3 0 3 0 0 9 2 0 0 64 154 255 255 255 212 134 19 1 226 251 255 168 0 9 0 0 0 0 1 0 3 1 5 4 0 10 28 195 251 239 255 242 114 5 0 1 234 248 254 166 0 7 0 0 0 0 0 0 3 0 6 0 0 71 171 252 255 255 233 86 25 0 9 4 228 243 248 164 4 0 0 0 0 0 0 0 3 0 7 0 19 173 255 244 255 255 136 0 0 8 60 184 241 246 254 177 0 7 0 0 0 0 0 2 3 0 8 0 50 255 252 254 250 138 11 9 0 11 183 254 255 255 255 25 3 0 0 0 0 0 0 10 0 4 0 51 205 255 255 245 247 7 0 0 9 71 251 255 244 255 247 0 5 0 0 0 0 0 0 4 0 4 0 63 255 236 254 231 80 0 10 5 110 240 255 255 247 219 0 36 0 10 0 0 0 0 8 0 1 23 0 52 250 255 255 82 0 0 5 162 255 237 244 249 236 77 0 0 16 0 0 0 0 0 2 3 0 0 0 178 255 255 255 63 29 31 159 247 231 255 255 233 67 5 4 0 1 6 0 0 0 0 0 2 3 0 10 194 253 249 255 164 201 241 255 240 255 254 233 73 7 0 7 4 0 13 0 0 0 0 6 0 3 8 0 81 251 255 244 255 252 242 247 255 255 171 77 0 10 12 0 14 0 0 0 0 0 0 6 1 0 0 0 58 229 238 239 255 255 255 255 231 115 36 0 0 3 1 0 0 3 2 0 0 0 0 0 0 2 14 3 0 69 186 255 249 243 203 103 32 9 0 2 2 0 1 0 5 3 0 0 0 0 0 0 0 0 0 0 0 0 0 0 0 0 0 0 0 0 0 0 0 0 0 0 0 0 0 0 0 0 0 0 0 0 0 0 0 0 0 0 0 0 0 0 0 0 0 0 0 0 0 0 0 0 0 0 0 0 0 0 0 0 0 0 0 0 0 0 0 0 0 0 0 0 0 0 0 0 0 0 0 0 0 0 0 0 0 0 0 0 0 0 0 0 0 0 0 0 0 0 0 0 0 0 0 0 0 0 0 0 0 0 0 0 0
0 0 0 0 0 0 0 0 1 0 2 6 0 0 14 3 6 0 0 7 0 12 12 0 0 0 0 0 0 0 0 0 0 0 0 0 1 0 0 2 16 18 0 0 0 22 0 5 17 0 0 13 0 0 0 0 0 0 0 0 0 0 0 0 0 2 13 0 0 0 26 8 7 0 6 0 0 11 0 5 0 0 0 0 0 0 0 0 0 0 0 0 10 0 4 0 4 3 0 0 11 3 0 14 15 0 6 0 0 0 0 0 0 0 0 0 0 0 0 0 1 0 8 7 0 16 0 244 182 10 0 8 0 0 7 0 0 0 0 0 0 0 0 0 0 0 0 0 0 3 0 0 15 0 52 220 255 196 40 1 0 4 5 4 0 0 0 0 0 0 0 0 0 0 0 0 0 11 11 0 7 29 224 245 238 249 227 148 5 9 0 0 0 0 0 0 0 0 0 0 0 0 0 0 2 0 0 14 41 211 251 255 255 255 254 239 50 2 0 5 0 0 0 0 0 12 0 0 5 1 0 0 1 0 5 68 241 249 255 251 255 246 243 255 214 26 13 0 0 0 0 0 0 6 0 0 4 1 2 8 9 0 12 177 255 255 228 255 254 255 247 252 255 106 0 0 0 0 0 0 4 2 1 0 0 0 0 0 0 53 201 253 255 235 255 248 149 50 213 254 245 201 3 0 0 0 0 0 0 0 3 3 5 12 7 7 0 146 251 243 255 255 231 149 16 0 138 255 255 188 10 0 0 0 0 0 1 0 6 0 0 7 0 0 114 246 255 244 255 135 35 2 0 29 161 245 255 188 0 0 0 0 0 0 4 0 7 0 0 0 0 44 255 249 251 255 226 69 17 2 13 97 246 243 249 214 0 6 0 0 0 0 0 0 6 0 9 8 45 187 254 239 255 199 7 0 0 5 48 255 255 251 255 121 0 3 0 0 0 0 1 0 6 1 3 0 54 255 255 247 255 58 0 12 8 0 108 251 248 255 168 9 17 0 0 0 0 0 0 13 0 0 0 9 164 247 252 255 152 8 0 0 0 180 234 255 244 246 67 7 0 0 0 0 0 0 0 0 0 8 0 3 191 255 247 252 8 1 9 27 171 239 255 243 255 238 8 7 0 9 0 0 0 0 11 0 0 8 0 6 209 241 255 200 14 13 82 204 241 255 246 255 238 70 3 0 2 0 0 0 0 0 2 0 2 2 7 39 231 253 236 186 4 127 255 255 255 255 246 255 110 0 6 13 0 4 0 0 0 0 0 6 0 0 7 17 175 255 255 255 237 219 253 255 240 252 224 144 12 4 4 0 0 1 0 0 0 0 1 4 0 0 0 0 97 254 255 234 255 255 249 240 255 226 96 0 1 6 0 0 0 0 0 0 0 0 0 0 0 12 8 5 69 231 253 249 249 255 242 255 240 67 0 0 0 15 0 25 0 12 0 0 0 0 5 0 4 3 0 5 14 124 114 172 255 247 154 122 53 9 0 9 0 0 7 0 7 0 0 0 0 0 0 0 0 0 0 0 0 0 0 0 0 0 0 0 0 0 0 0 0 0 0 0 0 0 0 0 0 0 0 0 0 0 0 0 0 0 0 0 0 0 0 0 0 0 0 0 0 0 0 0 0 0 0 0 0 0 0 0 0 0 0 0 0 0 0 0 0 0 0 0 0 0 0 0 0 0 0 0 0 0 0 0 0 0 0 0 0 0 0 0 0 0 0 0 0 0 0 0 0 0 0 0 0 0 0 0 0 0 0 0 0 0
0 0 0 0 0 0 0 0 6 0 0 10 13 0 15 0 4 0 0 8 1 0 3 0 0 0 0 0 0 0 0 0 0 0 0 0 0 21 1 0 6 4 0 0 0 4 1 1 0 0 11 0 0 0 0 0 0 0 0 0 0 0 0 0 1 0 5 8 0 0 0 12 10 3 0 6 6 0 3 8 0 0 0 0 0 0 0 0 0 0 0 0 15 0 0 8 0 24 0 0 0 12 0 0 3 6 0 0 0 0 0 0 0 0 0 0 0 0 0 0 0 0 1 6 0 0 1 105 237 134 19 1 13 0 0 25 0 0 0 0 0 0 0 0 0 0 0 0 0 0 5 1 0 34 134 255 221 254 177 53 0 0 4 0 0 0 0 0 0 0 0 0 0 0 0 0 3 2 0 0 78 204 246 153 0 138 237 244 167 51 0 0 0 0 0 0 0 0 0 0 0 0 0 0 0 0 0 91 241 240 142 3 6 0 49 202 255 146 26 2 0 0 0 0 0 7 2 0 5 4 0 0 0 11 67 238 255 140 0 0 0 7 0 29 250 249 184 0 0 0 0 0 0 0 0 3 7 0 7 5 0 14 255 255 97 5 8 3 3 8 0 0 84 237 241 146 0 0 0 0 4 0 0 4 6 0 9 0 33 198 246 143 15 0 2 1 0 0 10 7 0 165 255 192 0 0 0 0 1 6 2 0 0 6 0 4 75 249 255 59 0 1 0 0 4 5 0 9 0 38 250 178 0 0 0 0 0 7 3 0 0 15 0 93 231 236 119 0 0 15 15 0 9 4 0 0 11 0 245 184 0 0 0 0 0 0 0 8 0 3 36 213 243 182 0 20 13 0 0 0 0 0 5 2 15 70 237 196 0 0 0 0 0 0 0 8 0 0 117 255 255 24 0 0 0 0 0 13 4 6 8 0 0 152 244 194 0 0 0 0 4 0 0 0 0 3 184 249 183 0 0 19 0 5 1 0 1 0 0 1 0 194 249 151 0 0 0 0 0 14 0 0 0 17 224 255 94 3 0 7 0 1 0 3 6 0 4 0 43 253 246 75 0 0 0 0 0 0 0 3 10 40 255 186 0 0 9 0 5 3 0 4 0 21 0 6 216 245 171 6 0 0 0 0 8 0 0 0 0 35 255 140 7 7 0 0 1 12 0 4 0 0 0 127 255 224 6 0 0 0 0 0 0 0 0 3 0 42 243 232 61 4 0 13 0 0 2 0 0 26 132 255 233 65 4 7 0 0 0 0 0 6 0 3 0 21 138 255 229 96 2 0 0 4 18 0 41 159 252 248 92 0 13 0 0 0 0 0 0 10 0 0 0 0 7 168 252 255 208 156 117 91 109 134 208 255 217 41 6 0 0 0 0 0 0 0 0 1 0 5 2 6 0 68 178 240 250 246 248 248 255 255 233 232 26 0 0 5 12 3 0 0 0 0 0 0 4 1 0 4 8 0 6 56 137 223 252 255 242 150 78 10 0 6 11 0 15 0 0 0 0 0 0 0 0 0 0 0 0 0 0 0 0 0 0 0 0 0 0 0 0 0 0 0 0 0 0 0 0 0 0 0 0 0 0 0 0 0 0 0 0 0 0 0 0 0 0 0 0 0 0 0 0 0 0 0 0 0 0 0 0 0 0 0 0 0 0 0 0 0 0 0 0 0 0 0 0 0 0 0 0 0 0 0 0 0 0 0 0 0 0 0 0 0 0 0 0 0 0 0 0 0 0 0 0 0 0 0 0 0 0 0 0 0
0 0 0 0 0 0 0 0 7 0 2 0 12 0 10 0 0 11 0 0 5 2 0 7 0 0 0 0 0 0 0 0 0 0 0 0 0 13 5 0 0 6 0 2 2 2 6 0 0 0 18 0 0 0 0 0 0 0 0 0 0 0 0 0 14 0 6 15 0 0 5 0 0 0 0 16 1 0 5 1 0 0 0 0 0 0 0 0 0 0 0 0 0 3 0 0 12 5 0 4 0 17 0 0 0 10 0 14 0 0 0 0 0 0 0 0 0 0 0 0 9 19 0 20 27 206 255 255 255 245 214 30 6 5 1 0 0 0 0 0 0 0 0 0 0 0 0 0 0 0 8 35 208 255 255 233 235 247 255 200 3 20 0 10 0 0 0 0 0 0 0 0 0 0 0 0 17 0 40 213 245 233 148 125 37 37 214 255 156 0 3 0 0 0 0 0 0 0 0 0 0 0 0 0 0 18 158 255 255 77 0 0 0 0 74 245 164 11 0 3 0 0 0 0 1 4 2 0 0 4 4 0 0 39 243 254 205 25 0 8 0 0 5 219 246 24 0 1 0 0 0 0 0 3 2 0 0 3 2 0 15 114 253 236 32 0 19 0 0 10 0 231 255 105 2 0 0 0 0 0 0 2 2 0 0 1 0 0 11 255 244 141 0 12 0 12 0 18 0 208 251 153 0 0 0 0 0 0 0 1 2 1 0 0 0 0 32 255 240 88 0 0 0 0 0 6 7 139 251 178 6 0 0 0 0 0 0 0 2 2 0 0 0 2 114 252 255 77 6 0 14 0 6 0 0 88 255 229 30 2 0 0 0 0 0 0 1 3 0 0 1 8 169 255 173 0 3 1 0 4 1 0 0 94 254 254 26 4 0 0 0 0 0 0 0 3 0 0 4 14 245 255 108 0 0 12 6 4 0 2 6 107 242 250 14 0 0 0 0 0 1 0 0 2 0 0 7 18 255 249 83 8 11 0 1 1 6 0 0 96 253 255 25 0 0 0 0 0 0 2 3 0 0 0 8 15 245 255 86 3 0 5 0 6 6 0 1 193 247 170 10 0 0 0 0 0 0 2 3 1 0 0 5 11 255 236 89 28 0 0 5 0 1 6 0 236 254 48 0 7 0 0 0 0 0 1 3 1 0 0 2 6 161 255 134 0 15 0 22 0 0 20 55 250 163 0 7 0 0 0 0 0 0 0 2 2 0 0 0 1 148 249 244 87 2 0 0 6 6 35 209 255 33 39 0 0 0 0 0 0 0 0 2 2 0 0 0 0 27 255 255 183 0 4 4 0 87 193 255 255 20 0 12 0 0 0 0 0 0 0 1 1 1 0 0 0 16 203 242 255 154 31 40 98 230 255 241 118 15 0 0 8 0 0 0 0 1 0 0 0 1 1 1 1 12 17 213 252 248 242 236 255 244 218 100 2 4 0 6 0 0 0 0 0 2 0 0 0 1 2 3 2 0 2 28 207 255 253 255 252 161 89 0 7 0 0 15 1 0 0 0 0 0 0 0 0 0 0 0 0 0 0 0 0 0 0 0 0 0 0 0 0 0 0 0 0 0 0 0 0 0 0 0 0 0 0 0 0 0 0 0 0 0 0 0 0 0 0 0 0 0 0 0 0 0 0 0 0 0 0 0 0 0 0 0 0 0 0 0 0 0 0 0 0 0 0 0 0 0 0 0 0 0 0 0 0 0 0 0 0 0 0 0 0 0 0 0 0 0 0 0 0 0 0 0 0 0 0 0 0 0 0 0 0
0 0 0 0 0 0 0 0 0 8 0 0 7 0 4 2 0 7 0 22 0 0 0 6 0 0 0 0 0 0 0 0 0 0 0 0 0 22 0 14 0 4 0 0 6 0 0 0 13 10 10 0 0 0 0 0 0 0 0 0 0 0 0 0 9 0 26 0 0 0 14 1 0 0 11 0 0 0 12 4 0 0 0 0 0 0 0 0 0 0 0 0 3 0 0 0 12 0 0 0 6 9 0 0 9 6 0 4 0 0 0 0 0 0 0 0 0 0 0 0 5 0 10 0 0 15 213 164 68 114 100 15 0 3 4 0 0 0 0 0 0 0 0 0 0 0 0 0 5 0 0 4 22 213 197 25 218 186 197 205 0 0 21 0 0 0 0 0 0 0 0 0 0 0 0 0 0 16 19 0 177 221 66 0 105 0 17 228 138 6 0 4 0 0 0 0 0 0 0 0 0 0 0 0 9 0 2 131 251 40 0 2 0 9 7 55 250 31 0 5 0 0 0 0 2 1 0 0 0 0 0 0 0 13 49 238 94 9 0 4 0 13 4 10 227 103 7 0 0 0 0 0 0 0 0 0 0 0 0 1 10 0 156 222 58 0 4 6 3 3 0 8 141 161 4 0 0 0 0 0 0 0 0 0 0 0 0 0 1 41 245 124 3 0 15 0 7 0 15 0 81 167 2 0 0 0 0 0 0 0 0 0 0 0 0 0 0 152 203 16 0 3 0 0 0 0 12 13 54 205 0 4 0 0 0 0 0 0 0 0 0 0 0 0 22 229 81 0 12 0 0 13 1 5 0 9 106 227 0 3 0 0 0 0 2 1 0 0 0 0 0 0 73 225 8 11 5 0 4 2 1 0 0 0 151 182 0 0 0 0 0 0 2 0 0 0 0 2 5 7 153 161 1 2 0 0 15 0 0 9 0 14 129 171 0 2 0 0 0 0 0 0 0 0 0 4 9 12 239 94 4 0 17 0 0 3 7 0 2 3 156 174 9 0 0 0 0 0 0 1 1 1 0 0 12 44 255 72 0 3 0 0 1 1 3 0 10 2 232 148 0 3 0 0 0 0 0 1 0 0 1 0 9 36 241 74 9 3 8 0 0 0 0 7 0 96 243 15 18 0 0 0 0 0 0 2 0 0 2 0 4 23 253 95 6 0 5 0 0 14 15 0 54 241 113 0 0 0 0 0 0 0 1 2 0 0 4 0 0 11 228 88 0 13 3 0 7 0 0 16 214 190 20 2 0 0 0 0 0 0 1 3 0 0 4 0 0 3 200 141 0 10 0 0 19 0 5 162 226 44 8 0 15 0 0 0 0 0 0 3 0 0 4 1 0 0 113 226 40 0 20 12 0 25 170 239 60 2 0 0 1 0 0 0 0 0 0 3 0 0 3 1 0 2 0 222 185 39 12 0 62 223 217 118 0 0 3 0 0 6 0 0 0 0 0 3 0 0 2 2 0 4 3 59 224 253 247 251 255 167 36 2 0 0 3 5 0 0 0 0 0 0 0 0 0 0 0 0 0 0 0 0 0 0 0 0 0 0 0 0 0 0 0 0 0 0 0 0 0 0 0 0 0 0 0 0 0 0 0 0 0 0 0 0 0 0 0 0 0 0 0 0 0 0 0 0 0 0 0 0 0 0 0 0 0 0 0 0 0 0 0 0 0 0 0 0 0 0 0 0 0 0 0 0 0 0 0 0 0 0 0 0 0 0 0 0 0 0 0 0 0 0 0 0 0 0 0 0 0 0 0 0 0 0
0 0 0 0 0 0 0 0 0 0 7 4 0 5 13 0 1 0 3 4 0 7 0 0 0 0 0 0 0 0 0 0 0 0 0 0 10 0 0 0 12 0 0 5 2 8 0 0 0 0 0 9 0 0 0 0 0 0 0 0 0 0 0 0 0 17 13 0 0 9 10 2 5 5 0 0 14 3 1 5 0 0 0 0 0 0 0 0 0 0 0 0 5 0 0 4 0 0 6 0 0 0 16 0 0 5 1 0 0 0 0 0 0 0 0 0 0 0 0 0 0 9 9 0 4 68 175 255 220 18 0 0 0 0 0 13 0 0 0 0 0 0 0 0 0 0 0 0 0 20 0 12 152 238 240 255 241 20 0 0 13 13 0 0 0 0 0 0 0 0 0 0 0 0 0 0 10 0 9 133 255 255 247 255 254 210 183 67 6 0 22 0 0 0 0 0 0 0 0 0 0 0 0 0 4 0 122 253 254 244 255 243 255 249 255 255 195 7 0 5 0 0 0 0 10 0 0 3 1 0 7 0 0 55 212 254 251 254 254 251 252 255 255 255 246 228 27 3 0 0 0 0 0 0 5 10 0 0 0 0 0 162 241 249 218 209 211 203 203 228 234 255 255 249 72 0 0 0 0 0 0 0 5 1 0 0 1 5 51 255 255 113 34 0 0 4 3 12 54 234 255 251 112 17 0 0 0 0 3 0 0 0 0 7 0 0 148 255 217 0 13 5 0 0 3 6 12 208 227 243 124 0 0 0 0 0 0 0 5 0 5 7 0 1 205 255 193 0 4 0 2 7 0 0 36 255 255 255 120 0 0 0 0 0 0 0 8 0 0 2 4 60 252 255 102 3 2 0 14 0 14 0 65 254 246 232 65 14 0 0 0 0 4 0 5 0 0 1 12 94 252 255 104 17 0 0 13 9 0 6 184 255 255 231 29 0 0 0 0 0 6 0 5 0 9 1 0 59 254 241 121 0 7 2 0 0 8 0 228 249 255 183 0 6 0 0 0 0 4 0 8 0 0 0 10 109 255 255 111 11 0 10 6 0 0 120 252 255 252 126 0 4 0 0 0 0 0 0 8 0 3 0 0 67 255 241 170 0 0 0 11 0 5 225 213 248 238 73 12 0 0 0 0 0 1 0 6 0 3 0 0 32 250 255 231 58 0 16 0 4 0 148 255 255 177 0 0 4 0 0 0 0 3 0 4 0 0 2 0 24 255 234 255 203 15 2 0 8 75 235 255 224 53 15 0 0 0 0 0 0 1 1 5 0 0 2 4 20 254 254 255 255 217 135 105 159 251 240 244 191 0 0 8 2 0 0 0 0 0 0 5 5 0 0 1 6 172 255 246 255 255 254 243 249 255 255 214 25 7 2 0 0 0 0 0 0 0 0 0 8 3 0 0 0 51 241 252 241 245 255 247 255 255 190 36 7 3 0 12 0 0 0 0 0 8 0 0 4 2 0 4 0 0 28 120 170 255 245 255 175 98 29 11 0 3 5 0 7 0 0 0 0 0 0 0 0 0 0 0 0 0 0 0 0 0 0 0 0 0 0 0 0 0 0 0 0 0 0 0 0 0 0 0 0 0 0 0 0 0 0 0 0 0 0 0 0 0 0 0 0 0 0 0 0 0 0 0 0 0 0 0 0 0 0 0 0 0 0 0 0 0 0 0 0 0 0 0 0 0 0 0 0 0 0 0 0 0 0 0 0 0 0 0 0 0 0 0 0 0 0 0 0 0 0 0 0 0 0 0 0 0 0 0 0
0 0 0 0 0 0 0 0 0 0 0 3 0 0 6 0 1 4 6 0 0 4 8 0 0 0 0 0 0 0 0 0 0 0 0 0 4 0 13 0 5 13 0 22 0 0 3 0 7 0 0 2 0 0 0 0 0 0 0 0 0 0 0 0 0 10 0 4 6 0 14 0 9 0 0 0 16 2 0 1 0 0 0 0 0 0 0 0 0 0 0 0 2 0 8 0 0 0 11 15 2 4 9 3 0 0 4 0 0 0 0 0 0 0 0 0 0 0 0 0 0 11 7 0 11 0 70 189 243 255 250 181 14 0 7 0 0 0 0 0 0 0 0 0 0 0 0 0 3 0 0 7 15 74 255 255 255 255 253 189 8 0 6 3 0 0 0 0 0 0 0 0 0 0 0 0 0 15 3 0 142 235 255 247 255 241 255 242 128 22 0 0 0 0 0 0 0 0 0 0 0 0 0 0 10 0 0 101 239 255 255 150 77 92 201 255 238 60 0 6 0 0 0 0 0 0 2 3 0 1 7 2 0 9 91 229 255 255 185 31 0 5 168 255 255 181 8 0 0 0 0 0 0 8 0 0 10 0 0 0 0 54 249 255 241 219 0 1 0 21 104 249 255 247 18 13 0 0 0 0 0 6 0 0 17 0 10 0 27 186 249 252 210 21 9 1 2 3 45 247 237 255 64 0 0 0 0 0 7 0 4 2 0 0 0 0 163 247 255 250 106 14 0 9 2 0 12 226 242 255 144 0 0 0 0 0 5 0 2 9 0 7 2 100 249 255 241 122 0 0 4 0 0 14 0 187 255 243 150 7 0 0 0 0 0 4 0 3 2 8 38 242 247 251 254 35 21 3 19 0 2 8 0 203 246 251 138 0 0 0 0 0 2 10 0 0 0 0 108 255 255 248 109 0 0 2 0 5 2 0 63 249 250 255 127 13 0 0 0 0 2 0 5 0 1 46 237 255 254 181 0 6 6 0 0 0 0 3 134 244 255 244 32 0 0 0 0 0 0 6 0 5 0 144 255 255 254 159 5 0 0 10 0 5 9 2 181 255 241 139 3 0 0 0 0 0 0 13 0 0 4 150 240 240 251 59 1 1 0 0 5 1 0 49 214 255 255 31 6 0 0 0 0 0 0 12 4 0 4 181 242 255 216 12 13 0 0 6 2 0 72 229 255 245 183 9 1 0 0 0 0 0 19 0 0 0 16 246 248 250 205 22 0 6 10 8 28 153 228 244 248 237 62 14 5 0 0 0 0 0 0 0 24 10 0 188 246 248 252 183 118 98 142 194 219 255 255 255 204 67 0 0 0 10 0 0 0 0 1 9 0 5 0 133 255 255 255 250 255 255 255 246 255 243 242 118 18 0 17 0 3 0 0 0 0 0 0 11 0 7 0 40 163 236 245 250 255 246 241 255 232 90 2 27 0 0 12 0 0 11 0 0 0 0 8 0 4 0 5 0 0 106 140 213 255 255 136 78 23 0 19 0 12 1 0 5 7 0 0 0 0 0 0 0 0 0 0 0 0 0 0 0 0 0 0 0 0 0 0 0 0 0 0 0 0 0 0 0 0 0 0 0 0 0 0 0 0 0 0 0 0 0 0 0 0 0 0 0 0 0 0 0 0 0 0 0 0 0 0 0 0 0 0 0 0 0 0 0 0 0 0 0 0 0 0 0 0 0 0 0 0 0 0 0 0 0 0 0 0 0 0 0 0 0 0 0 0 0 0 0 0 0 0 0 0 0 0 0 0 0 0 0 0 0
0 0 0 0 0 0 0 0 0 0 13 2 0 5 5 3 9 0 4 13 0 0 18 0 0 0 0 0 0 0 0 0 0 0 0 0 14 0 0 0 7 3 7 0 0 0 0 0 0 0 11 6 0 0 0 0 0 0 0 0 0 0 0 0 2 0 3 0 0 0 11 16 3 13 0 12 1 11 0 0 0 0 0 0 0 0 0 0 0 0 0 0 0 0 0 0 12 4 0 0 4 0 0 0 0 5 3 6 0 0 0 0 0 0 0 0 0 0 0 0 0 11 9 0 0 9 17 210 208 149 165 73 14 0 12 0 0 0 0 0 0 0 0 0 0 0 0 0 8 0 0 3 7 0 0 197 255 241 252 164 6 0 7 0 0 0 0 0 0 0 0 0 0 0 0 0 0 0 1 2 0 0 95 252 247 255 254 176 0 12 0 5 0 0 0 0 0 0 0 0 0 0 0 0 0 2 7 0 14 49 209 255 255 246 255 102 13 0 2 0 0 0 0 0 0 0 0 0 0 0 0 0 7 0 16 0 11 243 255 252 230 247 253 160 8 12 0 0 0 0 0 0 0 0 0 0 0 0 0 0 0 4 0 7 139 250 242 122 11 191 251 208 0 0 0 15 0 0 0 0 0 0 0 0 0 0 0 0 0 0 0 77 255 241 166 12 0 175 239 245 87 12 3 0 0 0 0 0 0 0 0 0 0 0 0 0 0 16 33 242 253 231 19 4 17 125 246 255 164 0 5 0 0 0 0 0 0 0 0 0 0 0 0 0 0 3 196 246 255 72 0 0 0 22 232 255 190 0 9 2 0 0 0 0 0 0 0 0 0 0 0 0 2 98 255 255 170 5 0 0 1 0 212 248 184 7 8 0 0 0 0 0 0 0 0 0 0 0 0 0 31 218 244 255 38 16 0 4 2 0 216 251 179 0 0 2 0 0 0 0 0 0 0 0 0 0 0 0 74 251 255 180 0 0 0 8 2 0 199 254 237 24 0 4 0 0 0 0 0 14 0 1 1 6 4 0 173 255 245 7 6 7 0 3 0 59 254 253 227 21 16 0 0 0 0 0 0 12 0 3 0 0 0 41 255 255 199 9 0 0 10 2 0 113 255 255 116 0 0 3 0 0 0 0 0 2 0 3 2 0 0 110 255 241 94 9 2 0 3 0 65 220 250 163 8 2 0 3 0 0 0 0 5 0 0 0 6 0 6 179 254 232 0 4 8 0 0 65 212 255 206 4 16 0 14 0 0 0 0 0 6 0 1 0 0 0 29 248 246 222 0 1 46 98 181 255 255 192 51 9 0 12 0 8 0 0 0 0 0 0 8 0 0 4 59 255 255 208 141 212 255 226 254 228 147 30 0 2 3 0 15 0 0 0 0 0 0 0 3 2 3 6 42 216 235 255 255 238 249 253 225 81 12 0 0 4 0 4 21 0 0 0 0 0 3 2 0 0 3 0 0 96 228 246 251 253 165 66 0 0 0 16 9 0 11 1 0 4 0 0 0 0 0 0 0 0 0 0 0 0 0 0 0 0 0 0 0 0 0 0 0 0 0 0 0 0 0 0 0 0 0 0 0 0 0 0 0 0 0 0 0 0 0 0 0 0 0 0 0 0 0 0 0 0 0 0 0 0 0 0 0 0 0 0 0 0 0 0 0 0 0 0 0 0 0 0 0 0 0 0 0 0 0 0 0 0 0 0 0 0 0 0 0 0 0 0 0 0 0 0 0 0 0 0 0 0 0 0 0 0 0 0 0 0
0 0 0 0 0 0 0 0 0 11 5 0 4 5 0 0 5 0 0 8 0 0 3 0 0 0 0 0 0 0 0 0 0 0 0 0 0 0 0 3 0 0 13 2 4 8 0 1 0 5 0 6 0 0 0 0 0 0 0 0 0 0 0 0 11 1 1 0 3 0 0 0 0 8 0 0 0 8 0 0 0 0 0 0 0 0 0 0 0 0 0 0 0 0 24 0 0 10 0 11 8 8 0 0 0 0 1 9 0 0 0 0 0 0 0 0 0 0 0 0 19 0 0 0 5 0 0 1 1 0 7 15 7 0 3 0 0 0 0 0 0 0 0 0 0 0 0 0 0 0 0 12 65 178 255 76 11 0 0 1 0 0 8 2 0 0 0 0 0 0 0 0 0 0 0 0 0 19 15 86 248 241 234 220 66 74 10 0 0 20 0 0 0 0 0 0 0 0 0 0 0 0 0 0 6 6 193 247 249 250 255 241 177 255 188 194 175 177 29 0 0 0 0 0 0 8 0 0 7 0 0 7 6 199 253 255 229 255 250 248 246 248 255 247 247 255 37 0 0 0 0 0 0 7 0 0 2 0 0 0 0 253 250 249 255 255 235 255 255 251 240 255 255 244 92 16 0 0 0 0 0 4 4 0 0 3 0 0 112 255 236 255 247 241 255 198 166 183 178 176 255 252 183 0 0 0 0 0 2 0 5 0 0 10 6 3 147 255 254 255 241 255 252 50 16 0 13 49 254 229 198 0 0 0 0 0 2 0 5 0 1 5 0 13 202 243 253 232 255 152 86 15 0 0 2 36 243 255 177 0 0 0 0 0 0 0 7 3 5 0 0 53 255 255 252 227 0 69 36 0 19 0 6 165 255 238 43 0 0 0 0 0 0 0 5 0 6 0 14 146 241 253 227 67 7 0 0 13 0 7 52 247 255 255 35 6 0 0 0 0 4 0 2 0 5 0 52 237 255 245 156 7 0 3 0 0 7 2 66 255 249 228 29 0 0 0 0 0 0 0 0 6 5 0 79 253 245 255 24 12 10 0 6 0 1 3 144 255 255 140 7 0 0 0 0 0 12 9 1 0 0 0 78 253 255 238 32 2 0 14 0 4 8 167 253 250 252 11 0 22 0 0 0 0 0 0 0 0 9 2 77 253 240 253 42 0 22 0 9 0 35 255 244 255 115 11 0 0 0 0 0 0 0 7 4 2 10 0 64 249 255 255 35 0 0 0 0 142 216 255 238 201 42 7 16 7 0 0 0 0 5 5 0 0 2 0 75 255 233 255 107 3 1 8 129 225 246 255 212 45 0 0 0 0 0 0 0 0 0 0 0 1 3 0 59 203 255 255 255 166 104 254 236 255 255 249 114 1 0 20 7 0 0 0 0 0 4 1 10 7 2 0 5 64 255 238 243 246 246 255 255 235 255 117 7 0 12 0 0 14 0 0 0 0 0 0 1 0 0 9 2 6 148 255 239 255 255 247 248 213 63 0 0 0 7 11 0 2 0 0 0 0 0 0 0 0 0 0 0 0 3 109 219 255 250 195 104 23 0 0 0 0 0 0 0 0 0 0 0 0 0 0 0 0 0 0 0 0 0 7 8 0 0 0 5 6 0 0 0 0 0 0 0 0 0 0 0 0 0 0 0 0 0 0 0 0 1 0 0 2 3 0 0 0 0 0 0 0 0 0 0 0 0 0 0 0 0 0 0 0 0 0 0 0 9 0 0 2 5 0 0 5 0 0 0 0 0 0 0 0 0 0 0 0
0 0 0 0 0 0 0 0 0 0 9 0 13 0 11 0 9 0 0 0 5 0 0 3 0 0 0 0 0 0 0 0 0 0 0 0 8 0 0 0 11 7 0 2 0 1 4 0 0 0 1 0 0 0 0 0 0 0 0 0 0 0 0 0 0 10 6 0 0 2 0 0 8 0 0 4 6 0 0 0 0 0 0 0 0 0 0 0 0 0 0 0 0 0 0 0 14 0 4 11 0 0 0 0 0 0 1 4 0 0 0 0 0 0 0 0 0 0 0 0 0 14 0 52 200 255 197 0 0 14 19 2 0 0 4 0 0 0 0 0 0 0 0 0 0 0 0 0 0 0 7 193 255 250 177 52 31 0 0 0 11 0 0 0 0 0 0 0 0 0 0 0 0 0 0 0 10 0 82 247 249 255 255 248 109 37 0 0 12 0 0 11 0 0 0 0 0 0 0 0 0 0 0 0 6 0 143 255 250 250 250 249 255 229 149 48 0 0 6 0 0 0 0 0 0 0 0 0 0 0 0 0 5 0 158 255 247 250 255 255 245 255 255 228 37 0 13 0 0 0 0 0 0 0 0 0 0 0 0 0 0 45 255 240 254 255 191 209 255 249 241 255 105 9 0 0 0 0 0 0 0 0 0 0 0 0 0 0 18 155 255 247 234 90 18 24 16 164 255 253 255 96 0 0 0 0 0 0 0 0 0 0 0 0 0 0 0 200 231 255 225 0 0 0 0 67 232 253 248 76 0 8 0 0 0 0 0 0 0 0 0 0 0 0 0 212 251 255 142 5 0 2 0 0 172 255 234 119 0 7 0 0 0 0 0 0 0 0 0 0 0 0 22 208 244 242 67 8 0 5 7 25 201 242 243 95 0 0 0 0 0 0 0 0 0 0 0 0 0 0 99 255 254 255 67 0 3 0 7 63 243 255 212 17 15 0 0 0 0 0 0 0 0 0 0 0 0 0 99 245 255 254 58 11 2 0 0 237 255 239 116 12 0 3 0 0 0 0 0 0 0 0 0 0 0 0 91 255 244 249 74 0 6 3 105 246 246 255 38 0 0 3 0 0 0 0 0 0 0 0 0 0 0 0 83 255 255 255 70 4 0 27 216 255 255 166 16 1 7 0 0 0 0 0 0 0 0 0 0 0 0 0 100 247 255 251 58 5 13 223 251 255 226 71 0 0 8 0 0 0 0 0 0 0 0 0 0 0 0 0 11 199 248 245 132 60 223 253 250 255 116 15 0 0 0 5 0 0 0 0 0 0 0 0 0 0 0 0 1 197 255 253 238 250 255 243 255 184 27 0 0 11 0 0 0 0 0 0 0 0 0 0 0 0 0 0 7 186 238 255 255 255 252 254 183 38 9 2 0 15 6 0 0 0 0 0 0 0 0 0 0 0 0 0 5 47 250 255 253 238 255 173 45 0 9 10 0 4 0 2 0 0 0 0 0 0 0 0 0 0 0 0 0 23 39 243 255 179 60 2 0 11 0 2 3 1 0 6 0 0 0 0 0 0 0 0 0 0 0 0 0 0 0 0 0 0 0 0 0 0 0 0 0 0 0 0 0 0 0 0 0 0 0 0 0 0 0 0 0 0 0 0 0 0 0 0 0 0 0 0 0 0 0 0 0 0 0 0 0 0 0 0 0 0 0 0 0 0 0 0 0 0 0 0 0 0 0 0 0 0 0 0 0 0 0 0 0 0 0 0 0 0 0 0 0 0 0 0 0 0 0 0 0 0 0 0 0 0 0 0 0 0 0 0
0 0 0 0 0 0 0 0 0 2 0 0 4 11 3 0 4 0 1 4 0 1 1 0 0 0 0 0 0 0 0 0 0 0 0 0 5 6 3 0 0 0 0 0 8 0 0 3 1 0 7 18 0 0 0 0 0 0 0 0 0 0 0 0 2 0 0 6 4 4 7 5 0 0 7 4 0 0 0 0 0 0 0 0 0 0 0 0 0 0 0 0 0 0 2 6 0 0 0 0 0 7 3 0 0 2 3 4 0 0 0 0 0 0 0 0 0 0 0 0 0 7 13 2 0 0 6 6 3 0 0 0 8 0 0 5 0 0 0 0 0 0 0 0 0 0 0 0 0 5 0 0 9 10 0 0 0 18 8 0 0 8 1 0 0 0 0 0 0 0 0 0 0 0 0 0 5 7 0 0 9 0 0 13 42 75 53 4 0 3 0 0 0 0 0 0 0 0 0 0 0 0 0 0 0 14 2 0 7 0 41 155 249 252 247 239 187 69 0 9 0 0 0 0 0 5 0 0 8 6 0 4 0 1 0 4 0 108 204 255 255 247 241 255 248 245 121 6 0 0 0 0 5 0 0 3 1 0 0 0 4 11 2 13 177 238 255 252 244 255 255 255 255 255 234 117 0 0 0 0 0 0 3 5 0 0 14 6 0 0 71 193 243 255 255 255 208 19 11 104 222 242 255 145 0 0 0 0 0 0 3 0 0 6 5 0 10 112 245 247 247 255 232 93 0 17 0 0 20 255 250 214 0 0 0 0 2 5 0 0 9 0 0 11 145 238 255 255 255 145 21 12 0 0 0 14 32 252 247 173 0 0 0 0 0 2 3 4 0 0 64 162 251 254 250 233 50 14 0 0 13 0 0 36 237 251 255 139 0 0 0 0 0 0 11 1 0 72 202 255 255 244 172 47 17 0 7 19 0 6 55 175 255 242 246 89 0 0 0 0 9 0 3 0 10 167 255 238 253 157 53 0 0 5 4 0 27 128 224 253 254 255 223 26 0 0 0 0 0 0 2 1 69 239 255 251 170 12 0 0 14 7 41 188 225 236 254 255 233 159 62 0 0 0 0 0 1 0 7 0 254 255 231 232 0 6 9 52 120 173 255 252 255 255 255 224 124 17 0 7 0 0 0 0 0 0 3 0 183 244 255 255 204 169 207 251 255 246 255 253 242 194 109 25 0 0 6 3 0 0 0 0 14 0 0 8 58 207 255 242 250 255 239 252 255 249 255 154 58 22 0 4 14 7 0 0 0 0 0 0 0 0 7 0 0 61 168 237 255 244 255 255 156 30 20 0 0 0 0 3 0 0 0 18 0 0 0 0 13 0 0 0 10 0 0 12 109 48 84 30 0 6 0 21 0 12 8 0 0 12 6 0 0 0 0 0 0 2 0 2 0 0 0 7 0 10 12 5 0 0 11 0 11 0 0 3 5 0 0 11 0 0 0 0 0 12 0 0 23 0 0 5 7 0 4 0 6 3 0 4 0 2 4 0 0 6 5 0 0 0 0 0 0 0 0 0 0 0 0 0 0 0 0 0 0 0 0 0 0 0 0 0 0 0 0 0 0 0 0 0 0 0 0 0 0 0 0 0 0 0 0 0 0 0 0 0 0 0 0 0 0 0 0 0 0 0 0 0 0 0 0 0 0 0 0 0 0 0 0 0 0 0 0 0 0 0 0 0 0 0 0 0 0 0 0 0 0 0 0 0 0 0 0 0 0 0 0 0 0 0 0 0 0 0 0 0 0 0 0 0 0 0 0 0
0 0 0 0 0 0 0 0 4 0 0 2 0 0 1 0 1 0 10 0 0 8 0 7 0 0 0 0 0 0 0 0 0 0 0 0 1 5 4 0 0 4 11 0 3 13 5 0 0 0 3 0 0 0 0 0 0 0 0 0 0 0 0 0 1 0 0 7 12 5 0 0 0 6 0 6 19 3 3 0 0 0 0 0 0 0 0 0 0 0 0 0 0 3 3 2 0 0 0 11 10 13 0 0 3 0 0 16 0 0 0 0 0 0 0 0 0 0 0 0 0 8 0 0 5 14 3 0 0 0 6 0 0 9 0 0 0 0 0 0 0 0 0 0 0 0 0 0 0 0 0 0 7 0 5 53 255 255 223 80 0 1 3 0 0 0 0 0 0 0 0 0 0 0 0 0 0 9 6 5 12 26 105 218 248 249 255 244 236 239 139 0 0 0 0 0 0 0 0 0 0 0 0 0 0 8 0 1 122 236 255 250 255 250 248 255 252 255 238 126 0 0 0 0 0 0 1 12 0 12 2 0 7 0 45 207 255 245 252 179 214 250 255 255 178 150 255 240 0 0 0 0 6 5 0 5 4 0 0 4 0 152 219 255 243 237 59 98 255 240 234 128 28 21 251 197 0 0 0 0 0 9 0 1 14 8 14 3 127 236 255 227 123 9 32 220 255 239 149 6 0 0 249 242 0 0 0 0 0 8 1 1 0 0 0 31 238 255 233 49 0 17 161 182 71 27 0 0 0 19 255 248 0 0 0 0 0 0 0 20 0 0 100 228 251 225 40 0 5 0 97 14 14 0 0 22 0 12 248 255 0 0 0 0 3 11 0 0 2 20 188 255 248 124 19 0 0 7 2 8 0 9 0 0 1 53 251 255 0 0 0 0 0 8 0 0 17 169 255 255 151 12 0 4 6 0 10 0 0 0 9 11 0 138 255 134 0 0 0 0 6 0 7 3 0 255 246 255 27 0 5 7 0 7 10 0 0 24 0 6 15 221 251 129 0 0 0 0 0 14 0 5 96 240 255 216 19 1 0 8 6 2 1 0 0 0 6 0 117 254 244 108 0 0 0 0 3 0 18 0 111 255 255 160 9 0 0 0 0 0 4 12 9 0 0 8 144 255 241 0 0 0 0 0 0 7 4 0 222 251 243 149 0 0 10 12 1 0 0 0 0 12 2 3 238 245 137 4 0 0 0 0 4 0 0 18 170 255 255 136 0 0 0 0 0 4 11 0 9 0 22 173 247 245 1 0 0 0 0 0 0 6 8 0 0 255 235 230 41 4 0 4 7 0 0 0 13 51 164 255 232 153 0 19 0 0 0 0 0 0 0 0 19 244 243 255 243 127 31 9 9 32 100 170 208 255 253 214 35 16 0 0 0 0 0 0 15 0 13 7 0 48 234 255 255 237 238 255 255 252 250 252 255 250 137 2 5 0 9 0 0 0 0 0 0 2 0 0 5 0 58 107 229 255 255 248 237 253 248 213 111 27 8 1 0 0 1 0 0 0 0 0 0 0 0 0 0 0 0 0 6 97 137 74 3 0 5 0 0 0 0 0 0 0 0 0 0 0 0 0 0 0 0 0 0 0 0 0 0 1 9 3 0 0 1 0 0 0 0 0 0 0 0 0 0 0 0 0 0 0 0 0 0 0 0 0 14 0 0 0 3 0 0 2 0 0 0 0 0 0 0 0 0 0 0 0 0 0 0 0 0 0 0 0 0 4 6 1 0 3 5 2 0 0 0 0 0 0 0 0 0 0 0 0
0 0 0 0 0 0 0 0 3 0 0 6 0 12 0 0 16 0 15 0 0 0 0 4 0 0 0 0 0 0 0 0 0 0 0 0 0 0 0 8 0 0 0 12 0 11 3 11 0 0 5 0 0 0 0 0 0 0 0 0 0 0 0 0 8 13 0 0 1 14 14 0 4 3 0 0 11 0 0 3 0 0 0 0 0 0 0 0 0 0 0 0 0 3 0 3 4 0 0 3 0 12 13 12 0 0 15 0 0 0 0 0 0 0 0 0 0 0 0 0 0 9 2 0 2 6 5 4 63 255 144 6 5 0 0 27 0 0 0 0 0 0 0 0 0 0 0 0 2 13 2 0 0 6 0 18 188 237 255 11 0 0 1 0 0 0 0 0 0 0 0 0 0 0 0 0 0 0 0 24 0 8 1 133 128 90 251 76 122 99 56 0 0 0 0 0 0 0 0 0 0 0 0 0 0 11 0 0 39 193 163 206 133 176 255 255 255 251 236 92 0 0 0 0 0 12 6 0 0 1 5 1 17 0 9 24 198 255 255 255 246 250 204 181 118 112 224 251 69 0 4 9 0 0 0 0 8 7 0 0 0 25 0 194 255 246 254 227 236 63 0 0 0 7 164 251 137 4 0 0 5 0 1 4 0 0 8 17 8 3 95 255 248 255 255 105 0 8 9 0 20 0 123 255 158 2 0 0 10 0 0 5 2 2 0 0 0 128 255 246 255 204 92 0 0 13 0 0 0 0 203 239 158 0 4 4 0 0 11 1 0 2 7 26 56 245 255 255 255 111 0 12 11 0 6 13 7 0 231 255 159 7 0 0 0 0 13 0 0 0 7 62 255 255 249 245 123 10 10 0 2 0 0 0 8 156 250 255 86 0 3 0 13 0 0 0 18 6 0 45 255 241 255 121 46 0 5 2 0 0 2 6 0 242 255 125 4 0 8 8 0 0 13 0 0 0 40 209 252 255 195 0 4 3 0 0 0 0 6 19 158 251 230 71 0 2 0 0 3 0 0 3 0 2 125 246 254 251 78 1 0 2 8 0 1 3 2 218 254 253 66 0 0 0 0 0 0 6 0 8 15 53 221 255 241 245 44 0 4 0 0 4 6 0 109 246 246 88 0 12 0 0 0 0 2 9 0 0 7 146 255 242 255 205 0 0 8 0 11 8 28 153 255 242 61 0 26 0 0 0 0 0 7 0 0 1 0 255 255 163 244 221 0 0 17 0 9 89 224 255 245 66 15 5 0 1 0 0 0 0 1 0 0 4 0 255 234 76 249 214 35 7 0 37 185 255 255 207 19 15 0 16 0 3 0 0 0 0 0 11 0 0 5 166 254 127 196 248 158 156 218 253 255 229 97 1 24 0 0 1 27 0 0 0 0 0 0 1 0 0 11 97 255 255 255 255 251 246 254 239 180 43 0 10 0 9 8 0 0 0 0 0 0 0 9 0 2 12 0 29 166 249 251 254 244 168 98 28 19 0 0 3 0 0 0 2 0 14 0 0 0 0 0 0 0 0 0 0 0 0 0 0 0 0 0 0 0 0 0 0 0 0 0 0 0 0 0 0 0 0 0 0 0 0 0 0 0 0 0 0 0 0 0 0 0 0 0 0 0 0 0 0 0 0 0 0 0 0 0 0 0 0 0 0 0 0 0 0 0 0 0 0 0 0 0 0 0 0 0 0 0 0 0 0 0 0 0 0 0 0 0 0 0 0 0 0 0 0 0 0 0 0 0 0 0 0 0 0 0 0 0 0 0 0
0 0 0 0 0 0 0 0 0 0 0 0 0 0 0 0 0 11 0 9 0 1 0 4 0 0 0 0 0 0 0 0 0 0 0 0 4 0 3 13 10 0 0 1 6 0 0 14 0 0 18 0 0 0 0 0 0 0 0 0 0 0 0 0 3 0 0 0 0 0 3 7 4 0 2 16 5 0 0 0 0 0 0 0 0 0 0 0 0 0 0 0 0 11 20 10 0 0 0 0 0 15 0 0 3 4 1 15 0 0 0 0 0 0 0 0 0 0 0 0 0 0 0 0 0 6 4 0 0 13 0 14 0 0 0 0 0 0 0 0 0 0 0 0 0 0 0 0 3 0 6 12 1 0 4 31 50 255 191 21 1 35 0 0 0 0 0 0 0 0 0 0 0 0 0 0 0 7 7 0 0 59 179 255 251 251 251 166 41 0 2 14 0 0 0 0 0 0 0 0 0 0 0 0 2 1 0 2 102 228 255 241 250 226 255 252 227 47 2 0 0 0 0 0 3 5 0 3 3 3 19 0 0 4 8 160 251 255 246 218 61 79 245 255 252 146 0 3 0 0 0 11 0 12 0 0 7 0 0 5 6 37 218 255 239 240 193 23 0 30 161 135 194 255 142 0 2 3 0 12 0 0 5 1 0 16 13 2 10 191 248 250 232 121 13 0 0 0 31 0 37 239 217 61 0 4 1 7 15 0 3 0 0 0 0 0 158 255 247 219 90 0 0 8 0 0 0 3 0 211 255 193 0 0 0 0 0 5 0 0 24 0 16 179 228 255 250 69 7 5 0 0 0 5 0 10 9 148 255 246 25 0 0 0 0 9 4 0 0 3 89 243 252 208 116 0 0 15 6 0 7 0 3 0 0 17 210 250 74 0 0 0 0 0 6 0 0 94 238 255 255 136 0 10 0 0 0 11 1 0 12 10 15 0 217 255 122 4 2 1 2 0 0 3 8 121 255 247 180 9 0 0 9 5 0 0 2 0 0 4 0 4 229 241 149 4 0 2 0 4 10 0 0 209 247 250 85 6 0 0 3 0 4 0 0 8 0 1 0 0 211 251 253 14 0 0 9 0 0 5 6 173 255 255 82 0 0 0 8 0 0 0 6 0 1 0 0 14 179 244 163 0 0 0 0 11 0 9 0 117 255 239 100 17 0 0 11 7 8 2 0 0 9 0 17 128 229 255 58 0 3 0 0 7 0 0 9 112 254 255 249 159 89 13 0 0 0 0 4 0 17 66 152 255 224 133 3 0 6 0 0 4 15 9 0 7 128 248 254 246 253 213 209 212 212 198 205 201 212 255 255 219 100 0 0 4 0 0 11 0 0 0 3 0 0 64 221 247 255 247 250 255 255 249 255 251 194 150 59 14 9 6 2 4 0 0 0 2 7 0 6 14 0 0 26 60 112 110 135 143 143 141 12 27 12 6 0 6 5 0 0 1 0 0 6 2 0 5 0 0 0 7 0 0 11 0 4 0 0 4 7 0 0 0 0 0 0 6 0 0 11 0 0 0 0 0 0 0 0 0 0 0 0 0 0 0 0 0 0 0 0 0 0 0 0 0 0 0 0 0 0 0 0 0 0 0 0 0 0 0 0 0 0 0 0 0 0 0 0 0 0 0 0 0 0 0 0 0 0 0 0 0 0 0 0 0 0 0 0 0 0 0 0 0 0 0 0 0 0 0 0 0 0 0 0 0 0 0 0 0 0 0 0 0 0 0 0 0 0 0 0 0 0 0 0 0 0 0 0 0 0 0 0 0
0 0 0 0 0 0 0 0 11 0 0 8 6 4 3 0 0 14 16 0 0 13 0 0 0 0 0 0 0 0 0 0 0 0 0 0 0 0 6 0 0 0 12 10 0 1 0 17 19 0 14 7 0 0 0 0 0 0 0 0 0 0 0 0 7 6 1 1 8 3 0 0 2 10 7 3 0 0 14 0 0 0 0 0 0 0 0 0 0 0 0 0 0 5 0 0 6 0 0 17 0 0 0 2 0 10 0 8 0 0 0 0 0 0 0 0 0 0 0 0 0 3 0 0 6 3 0 0 28 167 225 255 168 32 0 9 0 0 0 0 0 0 0 0 0 0 0 0 7 0 0 10 4 0 3 48 175 230 246 255 244 157 0 0 0 0 0 0 0 0 0 0 0 0 0 0 0 0 5 0 0 28 129 216 253 164 172 211 255 253 24 9 0 0 0 0 0 0 0 0 0 0 0 0 0 12 4 0 44 189 255 215 74 11 0 40 156 255 99 0 0 0 0 0 1 0 0 10 0 0 17 0 0 0 0 48 255 245 233 70 4 0 0 13 143 255 101 0 0 0 0 0 4 0 4 0 6 0 0 12 4 17 87 235 255 196 56 8 1 0 0 3 143 245 113 1 0 0 0 0 5 0 3 0 6 0 0 5 5 36 254 240 230 29 0 0 0 2 0 4 145 250 99 1 0 0 0 0 3 1 0 8 0 0 9 0 70 250 237 226 34 0 0 10 0 11 0 7 164 255 50 0 0 0 0 0 0 6 0 10 0 1 0 46 222 241 236 25 0 12 0 0 0 4 0 0 202 244 7 0 0 0 0 0 0 4 5 0 1 6 0 177 255 206 39 0 0 5 5 0 3 0 0 12 243 187 0 3 0 0 0 0 0 1 5 0 3 2 78 254 247 102 3 0 12 0 0 2 0 0 0 94 255 132 2 1 0 0 0 0 0 0 0 6 0 0 199 252 175 4 3 0 0 13 0 0 0 16 0 186 255 107 7 0 0 0 0 0 11 0 6 6 0 14 255 249 42 1 0 7 1 3 9 0 0 5 1 216 204 17 0 0 0 0 0 0 0 5 11 0 0 132 245 229 2 0 0 0 0 0 0 8 2 0 192 250 103 7 8 0 0 0 0 0 10 0 6 6 0 85 255 129 0 15 14 1 10 11 0 0 8 0 242 161 12 0 0 7 0 0 0 0 0 0 0 14 0 113 234 170 6 0 0 0 0 0 2 10 31 165 255 54 0 3 0 1 0 0 0 0 0 9 0 0 0 92 255 236 32 0 3 15 0 0 14 2 202 255 172 2 1 6 0 0 0 0 0 0 3 0 0 4 0 0 253 255 196 28 0 9 11 47 158 237 244 102 1 0 5 0 0 6 0 0 0 0 0 3 0 8 0 18 73 242 254 255 255 252 226 255 249 169 48 0 0 11 0 5 13 0 0 0 0 0 3 7 3 0 0 1 0 40 150 194 251 246 165 82 38 17 0 18 8 0 8 0 0 2 0 0 0 0 0 0 0 0 0 0 0 0 0 0 0 0 0 0 0 0 0 0 0 0 0 0 0 0 0 0 0 0 0 0 0 0 0 0 0 0 0 0 0 0 0 0 0 0 0 0 0 0 0 0 0 0 0 0 0 0 0 0 0 0 0 0 0 0 0 0 0 0 0 0 0 0 0 0 0 0 0 0 0 0 0 0 0 0 0 0 0 0 0 0 0 0 0 0 0 0 0 0 0 0 0 0 0 0 0 0 0 0 0 0 0 0
0 0 0 0 0 0 0 0 0 0 4 0 0 0 18 0 5 0 0 7 0 0 5 0 0 0 0 0 0 0 0 0 0 0 0 0 5 0 1 5 1 0 0 5 0 4 0 1 1 8 0 0 0 0 0 0 0 0 0 0 0 0 0 0 0 6 0 0 10 18 0 6 17 0 0 7 0 0 0 12 0 0 0 0 0 0 0 0 0 0 0 0 0 10 2 0 0 4 0 0 0 7 15 0 0 0 0 0 0 0 0 0 0 0 0 0 0 0 0 0 3 0 2 10 0 0 40 129 250 26 0 6 0 0 32 0 0 0 0 0 0 0 0 0 0 0 0 0 4 0 0 2 7 44 187 255 255 232 178 36 10 2 0 0 0 0 0 0 0 0 0 0 0 0 0 0 9 0 5 0 0 65 255 255 247 255 235 97 0 0 0 20 0 0 0 0 0 0 0 0 0 0 0 0 0 0 17 6 0 50 255 243 255 241 255 183 0 3 0 0 0 0 0 0 0 0 0 0 0 0 0 0 0 0 10 0 0 146 255 180 222 122 220 231 11 9 2 0 0 0 0 0 0 0 0 0 0 0 0 0 3 0 0 0 56 253 237 21 196 93 184 255 115 0 2 7 0 0 0 0 0 0 0 0 0 0 0 0 0 5 3 0 137 236 176 0 57 76 125 255 95 5 1 3 0 0 0 0 0 0 0 0 0 0 0 0 0 0 6 59 238 238 37 4 0 11 121 255 136 0 5 0 0 0 0 0 0 0 0 0 0 0 0 0 0 21 0 173 255 155 0 0 5 0 128 247 105 5 13 0 0 0 0 0 0 0 0 0 0 0 0 0 0 7 71 249 227 13 0 17 3 4 154 240 28 11 1 3 0 0 0 0 0 0 0 0 0 0 0 0 14 0 215 241 142 10 0 4 0 0 225 255 69 0 0 10 0 0 0 0 0 0 0 0 0 0 0 0 0 132 248 223 7 0 22 0 1 70 245 234 11 9 0 0 0 0 0 0 0 15 0 0 2 0 9 0 4 229 255 96 1 4 0 0 0 179 253 168 0 0 1 0 0 0 0 0 0 0 0 6 0 0 13 0 91 255 211 10 10 0 6 0 34 225 242 101 5 0 12 7 0 0 0 0 4 0 5 5 0 0 0 5 234 225 90 1 6 0 0 0 195 255 140 0 0 0 7 0 0 0 0 0 7 0 7 0 0 0 0 61 252 243 54 0 0 14 0 83 250 199 46 0 1 11 0 2 0 0 0 0 1 0 5 0 11 3 6 137 254 219 9 10 0 0 67 248 242 81 0 8 0 12 0 0 0 0 0 0 0 5 4 0 12 0 4 139 255 220 1 0 16 90 255 250 180 3 0 0 0 0 12 0 0 0 0 0 2 4 6 0 2 0 0 68 255 253 78 84 194 227 234 161 25 0 24 10 3 0 13 3 0 0 0 0 0 0 8 4 0 3 3 11 220 249 253 255 246 255 134 0 0 0 0 0 4 1 0 0 0 0 0 0 0 0 0 0 0 0 0 0 0 0 0 0 0 0 0 0 0 0 0 0 0 0 0 0 0 0 0 0 0 0 0 0 0 0 0 0 0 0 0 0 0 0 0 0 0 0 0 0 0 0 0 0 0 0 0 0 0 0 0 0 0 0 0 0 0 0 0 0 0 0 0 0 0 0 0 0 0 0 0 0 0 0 0 0 0 0 0 0 0 0 0 0 0 0 0 0 0 0 0 0 0 0 0 0 0 0 0 0 0 0 0 0
0 0 0 0 0 0 0 0 0 0 0 0 0 0 0 0 3 7 0 2 6 0 0 4 1 0 0 0 0 0 0 0 0 0 0 0 0 0 0 0 0 0 0 0 0 3 4 0 1 4 7 4 0 0 0 0 0 0 0 0 0 0 0 0 0 0 0 0 0 0 0 0 27 0 0 0 7 4 0 0 0 0 0 0 0 0 0 0 0 0 0 0 0 0 0 0 0 0 0 0 0 0 17 1 0 1 2 6 0 0 0 1 0 0 0 0 0 0 0 0 0 0 0 0 0 0 0 0 19 0 2 4 0 6 5 0 0 0 0 1 0 0 0 0 0 0 0 0 0 0 0 0 0 0 0 0 0 61 117 100 24 0 6 0 3 2 1 0 0 0 0 0 0 0 0 0 0 0 0 0 0 0 0 0 46 205 255 236 188 196 165 4 7 5 1 0 0 0 0 0 0 0 0 0 0 0 0 0 0 0 0 0 222 255 244 255 255 245 218 70 9 6 2 0 0 4 0 3 12 0 7 2 0 14 0 0 3 4 1 0 218 255 146 128 165 255 249 255 74 0 13 2 0 12 3 0 0 24 0 0 13 0 35 223 82 13 3 5 47 30 22 0 107 249 251 255 77 0 0 0 1 3 0 0 0 0 0 83 132 253 255 239 255 232 50 0 0 0 0 15 73 230 255 248 179 41 0 0 3 0 0 6 11 0 99 211 255 255 255 248 243 255 142 7 0 23 0 0 3 176 255 255 57 0 0 4 0 4 5 0 0 92 225 255 251 255 239 226 224 197 232 91 0 0 32 0 85 239 255 222 74 8 0 0 4 0 8 0 0 234 255 252 253 199 148 0 19 21 166 53 17 0 0 6 122 255 253 141 0 0 16 9 12 0 0 4 4 255 246 250 255 101 14 0 0 0 0 7 0 10 11 147 194 248 220 36 9 0 0 0 0 4 6 0 6 241 248 255 250 118 6 0 1 2 10 0 0 16 156 255 255 220 178 0 0 0 6 4 0 2 9 0 0 255 250 255 250 116 0 18 0 0 0 0 13 156 255 252 201 55 0 0 0 0 0 0 0 5 4 1 15 135 231 255 255 199 46 0 0 18 8 0 163 255 237 247 141 0 0 10 0 0 0 0 4 6 0 0 0 5 151 244 249 255 222 177 70 60 231 234 254 244 213 30 11 9 0 0 0 0 0 0 4 0 2 4 0 10 83 230 243 255 254 244 243 249 251 255 243 213 46 7 2 0 24 0 0 0 0 0 7 0 9 6 0 0 0 66 140 255 248 254 250 255 246 242 103 44 0 3 3 0 0 10 0 0 0 0 0 3 1 2 18 13 1 12 0 126 204 195 196 176 3 16 0 0 11 0 6 10 13 0 0 0 0 0 4 15 0 0 2 0 3 0 13 0 0 11 0 7 11 0 0 19 0 12 0 7 0 0 0 0 0 0 0 6 0 6 0 6 5 9 0 7 2 4 8 0 0 5 0 0 8 6 0 3 0 11 0 0 0 0 0 0 0 0 0 0 0 0 0 0 0 0 0 0 0 0 0 0 0 0 0 0 0 0 0 0 0 0 0 0 0 0 0 0 0 0 0 0 0 0 0 0 0 0 0 0 0 0 0 0 0 0 0 0 0 0 0 0 0 0 0 0 0 0 0 0 0 0 0 0 0 0 0 0 0 0 0 0 0 0 0 0 0 0 0 0 0 0 0 0 0 0 0 0 0 0 0 0 0 0 0 0 0 0 0 0 0 0 0 0 0 0
0 0 0 0 0 0 0 0 0 0 0 0 0 0 0 0 0 0 0 0 0 0 0 0 0 0 0 0 0 0 0 0 0 0 0 0 0 0 0 0 0 0 0 0 0 0 0 0 0 0 0 0 0 0 0 0 0 0 0 0 0 0 0 0 0 0 0 0 0 0 0 0 0 0 0 0 0 0 0 0 0 0 0 0 0 0 0 0 0 0 0 0 0 0 0 0 0 0 0 0 0 0 0 0 0 0 0 0 0 0 0 0 0 0 0 0 0 0 0 0 0 0 0 0 0 0 0 0 0 0 0 0 0 0 0 0 0 0 0 0 0 0 0 0 0 0 0 0 0 0 0 0 0 0 0 0 0 0 0 0 0 0 0 0 0 0 0 0 0 0 0 0 0 0 0 0 0 0 0 0 0 0 0 0 0 0 0 0 0 0 0 0 0 0 0 0 0 0 0 0 0 0 0 0 0 0 0 0 0 0 0 0 0 0 0 0 0 0 0 0 0 0 0 0 0 3 0 12 0 0 6 0 14 23 45 41 80 251 227 236 145 164 209 46 38 36 0 0 11 0 22 0 0 20 6 0 5 6 0 7 108 255 255 248 255 240 242 245 251 255 235 232 255 247 84 60 0 0 9 4 2 0 0 10 20 0 0 0 241 230 255 245 233 255 130 114 164 255 255 255 240 245 248 201 47 16 0 0 5 0 12 0 0 18 26 166 244 255 247 66 48 28 0 0 30 17 44 41 168 236 248 245 45 0 6 6 0 2 0 18 0 43 248 250 251 173 49 8 0 0 14 0 7 0 0 16 0 16 255 254 134 0 9 6 0 6 0 0 26 64 255 246 212 0 8 0 7 0 8 0 0 1 7 0 3 23 248 244 233 10 0 0 5 8 0 2 0 61 255 244 49 15 4 0 0 12 0 2 7 0 0 11 0 16 254 255 117 0 4 6 0 0 11 0 14 252 245 255 73 0 0 7 5 0 0 6 0 2 5 6 27 232 249 249 51 5 7 0 1 0 4 8 0 252 241 255 208 20 0 6 0 0 0 4 0 0 0 52 192 255 240 255 46 14 0 1 0 2 0 0 16 227 255 254 242 83 3 4 0 9 12 0 7 0 25 191 255 255 247 165 20 3 0 1 0 14 2 0 0 109 228 248 255 243 234 243 222 215 242 235 216 233 252 255 231 253 158 0 0 0 0 2 0 0 6 9 0 33 162 229 243 253 254 252 251 253 254 249 255 249 220 218 166 124 16 0 0 1 5 3 14 0 0 10 0 0 14 49 244 247 255 242 249 255 233 254 238 255 113 52 4 0 0 2 0 3 3 0 5 0 0 6 3 19 1 4 46 20 35 43 99 124 55 46 37 39 0 10 0 1 6 10 0 0 0 0 4 0 7 0 0 0 0 0 0 3 11 0 0 4 0 0 15 0 3 10 0 8 0 0 0 0 0 0 1 0 2 0 13 0 8 5 0 12 1 0 0 0 5 2 0 15 0 1 1 0 17 0 3 0 1 5 0 0 0 0 0 0 0 0 0 0 0 0 0 0 0 0 0 0 0 0 0 0 0 0 0 0 0 0 0 0 0 0 0 0 0 0 0 0 0 0 0 0 0 0 0 0 0 0 0 0 0 0 0 0 0 0 0 0 0 0 0 0 0 0 0 0 0 0 0 0 0 0 0 0 0 0 0 0 0 0 0 0 0 0 0 0 0 0 0 0 0 0 0 0 0 0 0 0 0 0 0 0 0 0 0 0 0 0 0 0 0 0
0 0 0 0 0 0 0 0 0 0 1 0 0 0 1 0 8 0 0 0 10 0 5 0 0 0 0 0 0 0 0 0 0 0 0 0 1 2 1 0 0 0 0 0 0 7 13 4 0 0 4 0 0 0 0 0 0 0 0 0 0 0 0 0 1 0 0 0 1 3 4 5 0 13 0 0 8 14 0 4 0 0 0 0 0 0 0 0 0 0 0 0 5 0 0 0 0 0 0 0 0 0 2 4 0 0 0 8 0 0 0 0 0 0 0 0 0 0 0 0 0 0 0 7 8 4 4 9 12 0 5 6 2 0 28 0 0 0 0 0 0 0 0 0 0 0 0 0 0 0 2 5 0 0 0 3 0 73 200 214 187 29 0 3 0 0 0 0 0 0 0 0 0 0 0 0 13 4 0 0 0 3 33 64 160 216 255 246 255 110 16 9 0 0 0 0 0 0 0 0 0 0 0 0 0 0 0 13 49 110 193 255 255 245 255 244 255 255 195 21 0 0 0 0 0 0 3 8 0 0 0 0 5 3 4 64 237 252 250 254 231 186 166 48 59 219 237 74 0 18 0 0 2 1 0 0 3 7 0 20 25 164 196 248 244 248 218 175 60 3 10 0 0 66 247 159 0 2 0 1 0 10 2 1 4 0 0 84 255 241 255 255 121 104 7 0 0 0 0 14 0 63 252 222 57 0 5 3 0 16 0 0 0 7 44 224 255 244 239 105 0 1 0 19 0 10 0 9 0 0 71 232 159 1 5 2 0 4 0 3 2 0 15 169 254 242 95 0 7 5 13 0 0 6 0 11 7 0 0 201 244 5 0 3 8 1 0 0 0 20 135 255 247 98 0 0 8 0 0 0 0 0 2 4 5 0 40 179 255 0 0 6 0 0 14 4 0 50 216 255 208 2 9 12 0 9 8 5 15 0 2 5 0 5 136 255 246 0 0 4 3 0 4 0 3 90 255 237 113 0 1 0 17 0 0 0 0 0 0 0 56 214 255 253 225 0 3 0 3 0 2 5 0 99 252 232 8 0 0 0 7 6 0 2 8 0 11 66 229 249 251 130 25 13 1 0 0 7 3 4 21 102 255 79 0 7 23 0 0 3 2 0 0 93 184 233 253 192 138 35 8 2 0 0 0 4 0 0 0 108 255 91 11 0 0 6 0 9 43 85 206 241 247 255 191 83 13 0 0 0 0 0 0 0 0 13 0 202 205 57 7 0 17 37 75 165 229 243 247 237 152 93 12 0 2 6 0 0 2 3 5 9 0 0 2 255 255 243 137 137 209 255 255 255 251 250 142 52 0 0 10 0 0 6 2 4 5 3 0 9 0 3 0 89 151 255 237 253 255 241 237 245 149 20 0 10 16 6 0 0 0 0 1 1 0 0 10 6 0 8 12 0 36 141 217 216 200 130 66 38 10 0 3 0 0 8 4 0 0 6 0 0 0 0 0 3 0 0 5 0 0 13 0 0 9 0 1 4 0 0 0 5 0 0 0 13 0 0 3 1 1 2 0 0 0 0 0 0 0 0 0 0 0 0 0 0 0 0 0 0 0 0 0 0 0 0 0 0 0 0 0 0 0 0 0 0 0 0 0 0 0 0 0 0 0 0 0 0 0 0 0 0 0 0 0 0 0 0 0 0 0 0 0 0 0 0 0 0 0 0 0 0 0 0 0 0 0 0 0 0 0 0 0 0 0 0 0 0 0 0 0 0 0 0 0 0 0 0 0 0 0 0 0 0 0 0 0 0 0 0 0 0 0 0
0 0 0 0 0 0 0 0 0 8 0 5 0 0 15 0 13 0 3 0 0 3 0 10 0 0 0 0 0 0 0 0 0 0 0 0 4 0 11 0 0 16 0 0 0 1 5 0 4 4 0 0 0 0 0 0 0 0 0 0 0 0 0 0 0 9 2 1 0 0 1 10 4 17 0 0 4 7 7 0 0 0 0 0 0 0 0 0 0 0 0 0 0 13 0 6 12 0 1 0 0 0 0 11 0 0 3 5 0 0 0 0 0 0 0 0 0 0 0 0 17 0 0 0 0 9 42 141 148 17 1 9 0 0 1 0 0 0 0 0 0 0 0 0 0 0 0 0 0 8 18 2 56 185 252 240 231 42 0 0 0 16 3 0 0 0 0 0 0 0 0 0 0 0 0 0 14 0 18 169 255 251 235 152 56 0 4 16 0 0 0 3 0 0 0 0 0 0 0 0 0 0 0 0 8 35 176 255 227 160 65 0 0 3 0 0 2 0 4 0 0 0 0 0 0 0 0 0 0 1 9 7 64 230 255 186 45 0 10 7 184 249 230 216 134 24 7 0 0 3 0 0 5 0 0 0 0 0 0 56 248 255 146 23 10 3 0 97 249 240 255 255 255 231 118 7 0 9 7 5 0 0 0 3 8 8 27 184 249 103 22 0 5 13 0 27 90 120 75 159 233 255 255 77 0 0 5 1 3 0 10 0 0 0 84 252 233 15 0 1 0 4 8 0 6 0 20 16 50 228 243 221 33 0 0 0 4 0 10 0 0 18 179 255 93 0 0 7 11 0 0 0 6 2 0 0 3 96 255 255 114 9 0 0 1 0 1 0 14 97 255 221 21 7 0 0 7 0 8 21 0 5 0 0 9 0 221 248 157 12 0 2 5 0 0 0 5 148 246 151 3 2 2 8 0 0 0 0 3 4 16 0 7 0 155 253 143 0 0 0 0 8 2 0 1 194 246 153 0 0 0 3 0 14 0 11 2 0 0 1 0 13 105 251 123 0 8 4 0 3 1 0 5 189 253 78 0 0 7 5 0 0 6 0 0 6 8 1 0 7 106 253 192 0 1 2 3 0 5 0 0 241 248 15 10 2 0 0 11 0 0 1 11 3 0 0 0 6 138 255 195 16 0 0 5 0 0 5 0 255 250 0 0 0 2 13 0 0 27 0 2 0 0 19 0 54 216 247 112 8 0 0 0 0 0 8 0 243 255 105 0 12 15 0 7 3 0 0 0 0 0 28 121 233 255 188 11 0 0 0 0 8 0 8 1 146 252 244 140 10 0 0 0 12 1 5 35 111 169 213 255 185 30 0 0 7 3 0 0 11 0 3 0 44 172 255 253 212 191 137 114 118 132 220 233 250 247 128 43 26 0 2 0 11 1 0 0 0 0 1 0 0 59 142 255 251 255 251 233 241 238 192 143 7 0 14 0 0 0 2 0 0 1 0 5 0 3 9 0 0 0 17 40 61 32 53 50 23 37 0 0 16 5 0 0 5 0 0 0 0 9 1 0 0 0 0 0 0 0 0 0 0 0 0 0 0 0 0 0 0 0 0 0 0 0 0 0 0 0 0 0 0 0 0 0 0 0 0 0 0 0 0 0 0 0 0 0 0 0 0 0 0 0 0 0 0 0 0 0 0 0 0 0 0 0 0 0 0 0 0 0 0 0 0 0 0 0 0 0 0 0 0 0 0 0 0 0 0 0 0 0 0 0 0 0 0 0 0 0 0 0 0 0 0 0 0 0 0 0 0 0 0 0 0
0 0 0 0 0 0 0 0 5 2 0 0 6 7 0 0 0 0 4 0 6 0 0 0 0 0 0 0 0 0 0 0 0 0 0 0 0 0 6 6 0 0 0 7 8 0 0 0 2 9 0 2 0 0 0 0 0 0 0 0 0 0 0 0 6 0 0 0 0 2 7 0 0 3 9 5 9 0 2 0 0 0 0 0 0 0 0 0 0 0 0 0 3 0 4 16 4 0 0 0 10 4 2 0 2 0 8 4 0 0 0 0 0 0 0 0 0 0 0 0 0 0 0 0 0 39 143 235 236 151 106 24 1 0 0 15 0 0 0 0 0 0 0 0 0 0 0 0 0 24 12 0 58 169 240 255 255 255 255 236 155 17 0 0 0 0 0 0 0 0 0 0 0 0 0 0 0 7 0 11 148 255 255 240 252 240 245 255 215 57 9 0 0 0 0 0 0 0 0 0 0 0 0 0 7 0 13 139 255 255 227 255 227 62 139 186 255 229 20 5 0 0 0 0 3 0 1 3 0 12 0 4 9 33 150 249 252 247 255 214 37 8 0 20 185 251 144 0 0 0 0 0 0 7 3 0 3 0 1 0 0 146 255 246 255 247 88 21 1 0 1 0 83 255 235 10 0 0 0 0 0 2 5 0 2 6 0 3 155 255 246 252 181 37 20 0 0 0 18 13 53 255 251 28 0 0 0 0 5 0 5 0 0 19 0 63 226 255 255 211 41 6 0 0 8 1 0 4 61 250 250 125 0 0 0 0 4 0 2 4 0 0 48 165 255 235 241 0 0 2 7 7 0 10 0 0 65 255 252 152 0 0 0 0 0 5 0 0 3 7 161 250 255 232 38 13 0 1 0 0 0 2 0 17 69 253 244 119 0 0 0 0 0 10 0 0 8 117 235 255 237 122 0 7 0 4 5 0 12 0 0 3 61 246 255 146 0 0 0 0 1 2 0 7 4 251 248 252 135 14 5 0 12 0 0 8 0 9 3 0 72 255 252 127 0 0 0 0 4 2 2 7 121 245 255 221 25 0 0 8 0 12 0 5 5 16 0 0 137 242 247 140 0 0 0 0 0 7 0 0 255 248 255 124 11 7 5 0 0 0 2 0 0 0 5 13 178 255 255 71 0 0 0 0 0 9 2 20 239 243 255 60 0 0 2 0 1 0 8 0 15 8 0 123 254 250 255 13 0 0 0 0 8 0 3 0 234 255 237 89 13 0 0 8 1 4 0 0 0 0 0 176 254 245 189 16 0 0 0 0 1 12 2 0 42 227 253 246 78 23 17 0 0 5 0 14 6 2 138 219 254 255 60 0 0 0 0 0 0 0 18 5 0 108 239 231 255 217 193 87 94 79 87 75 207 176 255 250 248 179 11 13 0 0 0 0 0 12 0 23 0 0 50 198 239 255 255 243 251 243 255 248 255 252 250 255 221 61 3 0 0 0 0 0 0 5 0 0 0 17 0 4 16 121 135 255 252 249 255 245 252 243 146 124 59 0 8 1 0 0 0 0 0 0 0 0 0 0 0 0 0 0 0 0 0 0 0 0 0 0 0 0 0 0 0 0 0 0 0 0 0 0 0 0 0 0 0 0 0 0 0 0 0 0 0 0 0 0 0 0 0 0 0 0 0 0 0 0 0 0 0 0 0 0 0 0 0 0 0 0 0 0 0 0 0 0 0 0 0 0 0 0 0 0 0 0 0 0 0 0 0 0 0 0 0 0 0 0 0 0 0 0 0 0 0 0 0 0 0 0 0 0 0 0
0 0 0 0 0 0 0 0 0 8 12 0 2 9 0 5 0 9 0 14 0 0 10 0 0 0 0 0 0 0 0 0 0 0 0 0 10 4 0 0 0 0 0 8 20 0 0 2 0 6 8 4 0 0 0 0 0 0 0 0 0 0 0 0 0 0 0 0 5 10 6 0 1 0 7 2 4 1 0 0 0 0 0 0 0 0 0 0 0 0 0 0 0 0 10 0 0 0 1 53 241 255 183 16 0 8 13 10 0 0 0 0 0 0 0 0 0 0 0 0 11 0 12 1 3 0 25 222 241 255 144 5 11 0 0 0 0 0 0 0 0 0 0 0 0 0 0 0 6 0 7 0 13 2 15 179 253 235 83 0 17 0 0 22 0 0 0 0 0 0 0 0 0 0 0 0 0 4 2 0 0 0 0 7 229 255 165 28 0 11 10 0 0 0 0 0 0 0 0 0 0 0 0 0 0 4 0 9 0 7 55 32 227 255 255 159 18 2 0 2 0 0 0 0 0 0 5 0 0 8 4 0 2 0 10 0 76 169 250 253 140 111 254 251 95 9 0 11 0 0 0 0 3 0 0 3 0 0 0 4 6 5 20 208 239 255 241 100 0 11 255 255 210 0 8 0 0 0 0 0 2 0 0 6 4 0 0 0 0 31 194 251 244 178 49 0 3 18 254 252 255 0 18 2 0 0 0 0 0 9 0 0 0 9 0 0 47 250 255 239 112 5 0 5 5 17 169 251 249 0 0 0 0 0 0 0 0 11 0 0 0 0 0 50 193 255 221 80 7 11 0 0 0 0 132 252 244 16 0 0 0 0 0 0 0 0 0 4 0 0 2 180 248 245 162 0 4 0 13 18 12 16 201 251 231 3 2 0 0 0 0 0 0 0 0 4 6 1 3 255 255 187 4 0 6 13 0 0 0 22 252 252 169 1 0 0 0 0 0 0 6 3 5 0 2 6 0 254 238 78 0 19 0 0 14 0 0 56 255 239 67 5 0 6 0 0 0 0 0 8 4 0 0 0 114 244 208 7 0 11 0 0 17 0 6 177 243 184 6 1 0 2 0 0 0 0 0 2 0 11 12 16 146 255 218 0 0 0 0 0 8 0 137 255 255 181 2 6 0 10 0 0 0 0 12 0 6 0 0 0 11 253 254 213 170 0 11 6 0 65 131 253 255 188 11 1 0 0 0 0 0 0 2 0 8 0 16 11 0 247 247 245 255 193 180 158 168 250 255 254 173 63 0 9 17 0 0 0 0 0 0 4 0 12 0 0 14 39 231 255 248 244 231 255 255 248 254 174 96 14 1 0 7 0 0 0 0 0 0 2 0 7 0 5 11 0 58 184 210 255 252 255 251 255 149 35 0 0 23 0 6 0 0 0 0 0 5 0 11 0 6 0 0 23 0 22 28 89 106 232 239 96 22 0 5 14 10 0 0 14 0 0 0 0 1 1 5 0 8 0 13 0 0 0 0 12 0 8 5 0 0 4 0 0 0 13 7 0 0 0 0 0 0 0 0 0 0 0 0 0 0 0 0 0 0 0 0 0 0 0 0 0 0 0 0 0 0 0 0 0 0 0 0 0 0 0 0 0 0 0 0 0 0 0 0 0 0 0 0 0 0 0 0 0 0 0 0 0 0 0 0 0 0 0 0 0 0 0 0 0 0 0 0 0 0 0 0 0 0 0 0 0 0 0 0 0 0 0 0 0 0 0 0 0 0 0 0 0 0 0 0 0 0 0 0 0 0 0 0 0 0 0 0 0
0 0 0 0 0 0 0 0 0 0 0 0 0 5 5 1 1 10 0 0 0 7 1 1 0 0 0 0 0 0 0 0 0 0 0 0 0 0 6 9 2 0 0 0 0 0 9 7 5 0 0 2 0 0 0 0 0 0 0 0 0 0 0 0 11 0 0 0 0 0 4 13 7 7 0 0 5 4 0 3 0 0 0 0 0 0 0 0 0 0 0 0 0 0 0 0 1 0 0 0 0 3 0 9 0 13 10 4 0 0 0 0 0 0 0 0 0 0 0 0 0 6 13 3 0 0 5 4 11 116 251 255 80 0 0 0 0 0 0 0 0 0 0 0 0 0 0 0 2 4 0 0 0 2 0 0 80 129 219 225 218 111 9 3 0 0 0 0 0 0 0 0 0 0 0 0 0 0 0 4 2 0 0 12 0 0 16 55 208 249 19 7 0 0 0 0 0 0 0 0 0 0 0 0 2 0 4 3 0 12 112 219 237 76 22 0 46 255 30 0 0 0 0 0 5 0 12 0 0 0 10 0 1 0 3 0 0 92 254 255 244 255 189 6 136 249 116 0 0 0 0 0 7 0 1 0 12 0 0 0 0 7 0 15 115 255 255 243 155 163 150 0 190 247 211 9 0 0 0 0 2 5 0 0 17 0 0 0 0 2 31 177 255 207 161 60 0 4 0 20 189 250 182 0 0 0 0 0 0 7 0 0 4 0 2 5 0 31 154 240 224 59 0 6 0 12 1 0 182 255 180 8 0 0 0 0 0 1 0 3 0 0 2 0 8 143 255 220 42 0 0 0 0 0 0 16 191 247 37 1 0 0 0 0 5 0 0 3 0 5 0 16 1 244 207 54 0 0 17 0 10 0 0 0 190 255 34 4 0 0 0 0 2 0 0 0 4 4 0 115 248 255 186 2 0 10 0 0 0 0 9 165 237 255 12 7 0 0 0 0 0 6 3 0 5 0 0 224 255 170 11 0 6 0 0 12 0 13 130 253 255 149 27 0 0 0 0 0 7 0 0 13 0 0 74 228 247 67 5 0 0 13 0 12 0 53 255 254 156 49 10 2 0 0 0 0 0 7 10 0 3 66 229 255 216 11 0 13 0 0 10 0 148 244 255 212 63 2 8 0 0 0 0 0 0 12 0 0 5 189 237 255 91 0 0 16 8 0 68 185 240 255 127 76 0 0 11 0 0 0 0 0 15 0 0 9 15 183 255 184 11 3 10 0 19 108 161 237 254 123 18 0 7 5 0 4 0 0 0 0 0 8 1 0 0 182 230 237 86 0 140 197 207 242 255 249 148 11 1 0 15 0 0 6 0 0 0 0 0 8 3 0 10 14 255 255 255 121 230 236 255 255 249 138 6 0 0 5 0 0 10 0 0 0 0 0 4 8 0 0 9 0 113 191 245 245 255 216 186 81 28 10 0 17 0 7 0 6 8 0 0 0 0 0 3 0 0 0 6 1 6 24 101 249 136 40 5 11 0 6 0 11 0 0 11 1 0 9 0 0 0 0 0 0 0 0 0 0 0 0 0 0 0 0 0 0 0 0 0 0 0 0 0 0 0 0 0 0 0 0 0 0 0 0 0 0 0 0 0 0 0 0 0 0 0 0 0 0 0 0 0 0 0 0 0 0 0 0 0 0 0 0 0 0 0 0 0 0 0 0 0 0 0 0 0 0 0 0 0 0 0 0 0 0 0 0 0 0 0 0 0 0 0 0 0 0 0 0 0 0 0 0 0 0 0 0 0 0 0 0 0 0 0 0
0 0 2 0 0 5 7 0 0 6 0 5 8 0 0 1 6 0 0 11 0 0 7 0 0 0 0 0 0 0 2 5 0 0 2 3 0 10 0 0 0 7 11 0 0 2 9 0 0 0 6 0 0 0 0 0 6 0 0 3 0 0 0 6 0 0 6 6 0 0 0 0 4 10 0 0 6 3 0 11 0 0 0 0 3 0 0 0 3 0 0 6 5 0 14 2 0 5 1 9 0 4 0 4 0 14 0 1 0 0 0 0 0 1 0 0 10 7 0 0 9 25 47 40 110 232 255 240 255 163 61 21 0 0 0 1 0 0 0 0 0 7 1 0 5 0 0 11 13 148 255 255 242 254 254 255 240 255 254 126 68 12 18 0 0 0 0 0 3 8 0 0 0 0 31 114 189 244 248 243 255 250 242 249 255 248 243 247 243 84 0 6 0 0 0 0 1 0 0 0 6 12 106 249 249 252 136 49 50 49 50 48 96 240 253 255 242 155 0 1 0 0 0 0 5 0 0 8 0 103 255 249 246 236 75 14 0 5 0 3 11 81 191 254 249 255 118 11 0 0 0 0 0 2 0 0 38 169 241 244 244 100 0 0 4 5 0 0 0 0 29 187 252 253 235 143 0 0 0 0 0 11 8 0 59 242 245 255 201 0 0 7 17 0 0 14 0 13 0 202 251 253 255 252 0 0 0 0 0 0 0 5 42 249 247 254 197 10 5 0 0 0 1 0 11 0 0 44 242 250 242 255 0 0 0 0 0 0 0 8 108 241 253 254 0 0 22 21 0 0 8 0 0 0 8 5 211 255 255 238 0 0 0 0 0 11 0 0 234 252 255 255 7 5 0 0 0 4 1 0 7 16 0 7 29 168 251 255 0 0 0 0 0 0 0 0 255 251 245 246 0 2 2 12 0 2 1 11 6 0 0 0 11 103 255 240 0 0 0 0 9 0 0 13 236 255 250 254 8 0 0 0 0 4 0 0 2 0 7 0 0 103 240 253 0 0 0 0 0 4 6 0 205 255 253 253 0 9 0 0 1 0 0 8 2 3 0 8 49 255 248 248 0 0 0 0 6 0 3 1 62 241 234 252 5 0 17 5 0 22 0 0 0 1 2 70 127 244 244 255 0 0 0 0 0 0 0 4 35 255 245 255 127 5 0 0 0 0 0 8 9 0 22 199 255 255 251 248 0 0 0 0 3 5 1 0 47 234 251 238 242 105 6 10 10 0 3 2 0 111 176 241 239 243 250 254 0 0 0 0 4 0 0 6 9 110 255 244 255 179 52 0 8 5 47 34 96 238 255 255 255 240 71 1 0 0 0 0 0 8 0 8 3 42 200 255 237 255 246 136 98 99 179 255 249 255 255 244 133 98 3 0 0 0 0 0 0 20 0 0 7 10 57 217 255 247 255 238 255 247 252 232 255 231 235 144 0 0 10 3 0 0 0 0 4 0 16 2 0 0 6 194 249 255 246 236 255 243 245 104 44 57 49 9 10 0 0 7 0 0 0 0 0 0 0 0 0 0 0 0 0 0 0 0 0 0 0 0 0 0 0 0 0 0 0 0 0 0 0 0 0 0 0 0 0 0 0 0 0 0 0 0 0 0 0 0 0 0 0 0 0 0 0 0 0 0 0 0 0 0 0 0 0 0 0 0 0 0 0 0 0 0 0 0 0 0 0 0 0 0 0 0 0 0 0 0 0 0 0 0 0 0 0 0 0 0 0 0 0 0 0 0 0 0 0 0 0 0 0 0 0 0 0 0
0 0 0 0 0 0 0 0 0 0 2 0 0 0 4 4 0 0 0 0 0 0 0 0 0 0 0 0 0 0 0 0 0 0 0 0 7 5 2 1 4 4 0 0 0 0 0 0 0 0 0 0 0 0 0 0 0 0 0 0 0 0 0 0 0 0 0 0 0 0 4 10 0 0 0 0 0 0 0 0 0 0 0 0 0 0 0 0 0 0 0 0 7 2 2 5 4 0 0 3 0 0 0 0 0 0 0 0 0 0 0 0 0 0 0 0 0 0 0 0 2 0 0 0 6 4 0 0 0 0 0 0 0 0 0 0 0 0 0 0 0 0 0 0 0 0 0 0 6 9 7 0 0 0 9 15 0 0 0 0 0 0 0 0 0 0 0 0 0 0 0 0 0 0 0 0 0 2 7 0 0 3 0 0 0 0 0 0 0 0 0 0 0 0 0 0 0 0 0 0 0 0 0 0 9 23 47 89 143 160 109 41 0 0 0 0 0 0 0 0 0 0 0 0 10 0 2 0 4 0 0 5 37 244 255 238 255 255 250 242 167 0 0 14 0 10 6 0 0 1 0 1 0 6 5 0 11 17 11 48 198 246 251 255 255 127 136 239 240 255 226 71 36 0 0 14 3 1 0 1 0 9 1 0 0 0 9 147 254 250 253 105 38 9 10 133 114 128 250 250 178 47 0 0 5 0 0 0 2 0 0 9 0 32 116 255 236 120 0 0 3 1 0 40 0 9 45 89 202 209 47 3 0 0 0 0 0 1 0 0 3 175 241 229 50 6 0 0 0 27 0 18 0 0 2 8 63 211 212 50 0 0 6 0 0 5 1 0 3 242 255 103 0 5 0 11 19 0 4 0 8 6 3 4 0 43 255 223 32 0 6 0 0 0 3 18 7 248 255 98 6 0 8 0 3 0 5 6 0 3 0 0 8 0 172 243 94 3 0 1 0 5 0 0 0 236 255 119 0 6 0 8 2 6 0 0 0 0 3 7 0 0 100 255 145 10 0 3 0 4 0 4 0 103 255 237 46 0 0 0 0 0 0 3 9 0 10 0 15 2 90 255 184 11 0 0 2 6 0 6 0 37 193 255 164 30 0 0 17 8 0 0 0 0 0 25 0 10 219 255 100 0 0 3 0 2 0 10 4 5 115 245 251 201 12 0 0 2 0 11 2 0 11 0 57 221 255 207 16 0 3 4 0 3 4 0 0 0 17 91 243 255 255 144 52 0 7 0 0 16 35 178 255 251 210 38 0 5 4 0 2 0 7 0 0 0 0 0 86 203 240 255 255 127 119 108 164 192 248 234 255 140 1 6 0 13 0 0 5 0 2 6 1 14 15 2 0 0 43 167 195 255 244 255 255 195 219 112 43 6 0 0 2 6 0 0 5 0 0 0 0 0 0 0 0 7 0 0 19 22 49 54 49 0 0 0 12 0 0 2 0 0 1 1 0 10 0 0 7 0 1 1 3 0 16 0 0 8 1 0 3 0 8 2 0 2 5 0 0 0 9 0 0 0 0 0 0 0 0 0 0 0 0 0 0 0 0 0 0 0 0 0 0 0 0 0 0 0 0 0 0 0 0 0 0 0 0 0 0 0 0 0 0 0 0 0 0 0 0 0 0 0 0 0 0 0 0 0 0 0 0 0 0 0 0 0 0 0 0 0 0 0 0 0 0 0 0 0 0 0 0 0 0 0 0 0 0 0 0 0 0 0 0 0 0 0 0 0 0 0 0 0 0 0 0 0 0 0 0 0 0 0 0 0
0 0 0 0 0 0 0 0 0 10 0 7 13 0 0 2 13 0 4 2 0 21 0 1 0 0 0 0 0 0 0 0 0 0 0 0 6 4 0 0 4 12 0 0 0 13 2 0 7 0 11 1 0 0 0 0 0 0 0 0 0 0 0 0 5 0 15 15 0 0 0 4 0 9 0 0 2 10 0 0 0 0 0 0 0 0 0 0 0 0 0 0 0 0 9 0 0 17 7 0 0 0 6 0 12 1 2 14 0 0 0 0 0 0 0 0 0 0 0 0 0 18 0 0 4 0 44 125 251 230 30 9 37 16 0 0 0 0 0 0 0 0 0 0 0 0 0 0 0 0 0 22 0 27 176 254 236 255 134 129 237 202 39 0 0 0 0 0 0 0 0 0 0 0 0 0 0 0 10 4 34 193 255 132 64 89 170 93 234 239 142 14 0 0 0 0 0 0 0 0 0 0 0 0 1 1 0 11 152 255 147 0 4 0 0 22 29 237 211 0 0 0 0 0 2 0 2 0 0 1 5 0 1 8 0 174 253 222 14 0 0 4 0 11 0 232 238 35 0 0 0 0 0 0 2 3 0 3 4 0 0 2 12 234 225 44 0 4 3 8 0 1 0 215 247 93 0 0 0 0 0 0 1 3 3 1 0 0 10 49 218 239 156 0 0 5 0 0 9 12 0 228 255 85 0 0 0 0 3 2 0 0 2 0 0 0 0 163 255 154 21 11 12 0 3 5 0 0 0 232 241 55 0 0 0 0 4 4 0 0 3 0 0 21 134 243 236 26 0 0 6 0 1 16 0 0 7 225 176 19 0 0 0 0 1 4 0 0 6 0 8 47 255 254 149 0 19 0 0 13 0 0 1 5 0 233 195 0 0 0 0 0 0 5 0 0 7 0 9 59 233 202 0 15 0 0 6 0 12 0 3 3 51 242 193 5 0 0 0 0 0 6 0 0 5 0 2 57 255 102 18 0 7 0 10 0 0 2 0 45 234 255 78 0 0 0 0 0 5 0 4 6 4 1 0 104 255 113 0 9 0 0 11 0 10 3 0 145 255 153 11 3 0 0 0 0 8 0 0 0 0 1 20 178 238 122 0 0 13 9 0 0 0 0 41 219 244 22 7 0 0 0 0 0 0 0 4 4 0 0 20 200 255 111 2 0 0 10 4 0 7 53 200 255 69 0 0 2 0 0 0 0 0 3 0 0 0 3 55 249 220 50 0 11 0 1 0 5 6 94 255 116 0 17 7 2 0 0 0 0 0 4 0 0 1 1 42 201 255 123 14 0 0 0 0 87 206 255 173 21 10 7 0 0 0 0 0 0 0 1 0 5 0 0 0 85 245 144 23 0 7 67 139 249 224 173 12 0 0 0 0 10 0 0 0 0 5 3 0 0 0 4 9 54 245 254 208 188 191 237 247 232 81 0 10 0 8 0 8 0 0 0 0 0 0 2 0 5 0 8 0 0 93 255 255 238 255 240 106 0 1 0 0 0 0 17 0 6 0 0 0 0 0 0 0 0 0 0 0 0 0 0 0 0 0 0 0 0 0 0 0 0 0 0 0 0 0 0 0 0 0 0 0 0 0 0 0 0 0 0 0 0 0 0 0 0 0 0 0 0 0 0 0 0 0 0 0 0 0 0 0 0 0 0 0 0 0 0 0 0 0 0 0 0 0 0 0 0 0 0 0 0 0 0 0 0 0 0 0 0 0 0 0 0 0 0 0 0 0 0 0 0 0 0 0 0 0 0 0 0 0 0 0 0
0 0 0 0 0 0 0 0 0 8 3 0 7 4 0 3 3 2 0 5 0 1 0 1 0 0 0 0 0 0 0 0 0 0 0 0 8 0 0 1 0 0 1 0 0 5 0 18 0 4 15 0 0 0 0 0 0 0 0 0 0 0 0 0 0 0 0 1 9 6 0 0 2 7 0 0 0 2 1 0 0 0 0 0 0 0 0 0 0 0 0 0 0 0 12 9 0 0 5 0 0 14 3 0 8 0 0 29 0 0 0 0 0 0 0 0 0 0 0 0 10 0 1 3 0 6 17 0 0 0 10 0 9 15 0 3 0 0 0 0 0 0 0 0 0 0 0 0 0 18 0 0 63 125 189 255 255 169 145 51 0 0 7 0 0 0 0 0 0 0 0 0 0 0 0 0 0 4 0 87 240 255 229 253 248 246 255 201 87 0 6 2 0 0 0 0 0 0 0 0 0 0 0 0 9 0 97 243 255 252 255 246 213 255 248 255 218 40 0 3 0 0 0 0 3 6 0 0 2 3 0 12 0 93 245 247 238 127 97 104 1 77 234 255 252 167 13 0 0 0 0 0 4 0 4 0 0 0 12 0 92 242 255 255 58 0 6 0 0 0 169 253 253 252 0 7 0 0 0 0 2 0 10 0 0 3 3 30 251 234 240 69 0 0 4 0 0 13 18 223 255 241 106 0 0 0 0 0 1 0 9 0 0 3 0 169 254 239 91 4 1 6 13 0 2 5 0 145 253 249 180 0 0 0 0 0 1 0 1 0 4 0 81 255 244 206 0 16 0 0 0 0 1 0 21 111 253 255 211 10 0 0 0 0 3 0 0 0 11 0 213 252 241 47 5 0 0 15 0 18 0 16 0 117 255 241 255 35 0 0 0 0 2 0 0 0 5 33 255 239 126 0 10 12 0 1 0 0 6 1 0 81 250 251 252 59 0 0 0 0 0 1 1 5 0 92 243 255 82 10 0 0 3 4 4 0 6 0 3 47 253 253 249 40 0 0 0 0 8 0 0 4 3 202 253 241 23 0 3 1 0 5 0 0 4 0 3 129 255 248 229 49 0 0 0 0 0 2 0 0 28 236 255 161 0 10 3 0 1 7 4 0 0 21 0 106 255 255 173 0 0 0 0 0 0 15 4 0 36 237 238 82 1 14 0 3 18 0 0 16 4 0 138 255 251 233 4 0 0 0 0 0 0 4 4 5 40 245 249 142 0 16 1 0 7 3 7 0 2 57 206 251 193 34 0 14 0 0 0 0 2 0 0 8 18 236 254 219 61 1 0 1 0 0 0 0 11 255 253 255 126 0 16 0 0 0 0 0 4 0 0 0 0 198 251 242 181 22 0 8 2 23 70 131 226 248 200 87 12 0 0 0 0 0 0 0 0 0 3 4 6 140 255 255 255 192 146 131 149 215 255 245 255 103 6 9 0 18 4 6 0 0 0 0 1 1 0 0 0 45 228 240 247 255 245 248 255 244 195 100 26 0 13 0 20 0 0 1 0 0 0 0 0 0 9 14 0 0 58 139 255 250 224 169 97 37 4 0 0 0 0 0 0 0 0 0 0 0 0 0 7 0 0 0 0 0 0 2 0 0 8 7 0 0 0 5 0 0 0 0 0 0 0 0 0 0 0 0 0 1 1 0 4 11 4 0 6 6 6 4 0 0 0 0 0 0 0 0 0 0 0 0 0 0 0 0 0 9 13 0 0 0 5 7 0 0 0 0 0 3 4 5 0 0 0 0 0 0 0 0 0 0 0 0
0 0 0 0 0 0 0 0 10 0 0 4 6 0 0 5 2 0 0 6 0 7 0 6 0 0 0 0 0 0 0 0 0 0 0 0 0 2 6 0 0 0 5 9 2 0 9 0 3 8 5 0 0 0 0 0 0 0 0 0 0 0 0 0 2 0 4 13 9 0 0 0 5 0 0 0 1 0 0 0 0 0 0 0 0 0 0 0 0 0 0 0 1 2 0 0 0 13 7 0 0 7 0 3 1 8 6 0 0 0 0 0 0 0 0 0 0 0 0 0 1 0 0 6 1 0 0 10 5 11 3 0 3 0 0 1 0 0 0 0 0 0 0 0 0 0 0 0 0 0 3 1 0 16 74 131 236 255 223 43 8 0 14 0 0 0 0 0 0 0 0 0 0 0 0 0 0 15 5 0 38 167 250 255 255 237 255 255 224 100 0 4 0 0 0 0 0 0 0 0 0 0 0 0 14 0 0 101 214 255 255 248 241 222 207 236 245 255 59 0 0 0 0 0 0 4 4 0 1 8 0 1 9 0 59 247 243 255 255 251 122 6 1 24 124 253 175 0 0 0 0 0 0 3 5 1 5 2 0 4 0 21 159 238 255 248 218 72 0 10 0 0 91 252 241 30 0 0 0 0 0 0 0 2 0 0 1 3 0 87 239 255 254 216 53 0 0 13 1 0 52 240 255 16 0 0 0 0 0 3 0 0 0 0 7 0 35 192 255 252 217 43 6 0 6 0 3 0 59 249 250 74 0 0 0 0 2 8 0 0 1 5 4 0 141 255 252 208 49 0 10 0 0 0 2 0 73 255 247 130 0 0 0 0 0 2 5 0 6 4 0 25 244 250 244 45 4 0 6 0 3 4 0 14 57 251 255 57 0 0 0 0 0 0 7 0 4 0 0 110 253 255 92 0 12 1 0 5 6 0 0 13 78 255 194 0 0 0 0 0 6 0 10 0 3 0 18 199 253 219 34 0 2 6 0 0 0 18 0 0 136 248 50 6 0 0 0 0 3 0 15 0 0 0 50 242 250 75 0 5 0 4 13 0 0 0 6 45 234 247 39 0 0 0 0 0 0 7 0 1 14 11 128 255 246 74 0 5 14 0 0 11 8 2 7 189 255 186 11 0 0 0 0 0 3 4 0 0 5 0 142 248 255 74 0 0 0 3 0 11 0 24 87 246 213 5 15 6 0 0 0 0 8 0 13 0 0 8 144 250 228 21 0 6 0 10 10 0 0 65 255 241 158 2 0 0 0 0 0 0 7 0 15 0 0 5 146 255 203 23 4 5 0 0 15 3 132 246 253 204 25 6 5 14 0 0 0 0 2 6 0 0 0 0 140 253 255 72 0 0 18 0 75 208 255 225 204 49 24 0 3 0 0 0 0 0 0 6 0 3 14 2 106 242 236 201 114 22 77 153 252 255 241 152 1 0 0 14 17 0 0 0 0 0 1 0 12 0 0 0 8 173 255 252 246 231 255 245 249 142 26 0 4 13 0 7 0 5 0 0 0 0 0 0 1 0 0 2 9 15 216 238 255 255 247 192 88 0 0 0 0 0 0 0 0 0 0 0 0 0 0 1 1 0 0 0 4 8 7 10 4 0 0 6 5 0 0 0 0 0 0 0 0 0 0 0 0 0 0 0 0 0 0 0 0 0 0 0 0 0 0 0 1 5 0 0 0 0 0 0 0 0 0 0 0 0 0 0 0 0 0 0 0 0 3 1 4 8 8 1 0 0 0 0 0 0 0 0 0 0 0 0 0 0
4 0 0 4 0 0 5 3 7 2 0 0 6 0 0 8 6 0 0 0 1 5 0 1 0 0 0 0 1 0 2 6 2 0 0 0 0 4 0 0 3 5 0 0 0 6 12 0 0 10 0 0 0 0 0 0 4 2 0 0 0 2 5 4 0 5 7 0 0 0 2 14 5 0 0 3 3 0 0 12 0 0 0 0 0 4 0 0 0 1 1 3 17 2 0 0 6 1 0 0 2 0 11 1 0 12 0 0 0 0 0 0 0 4 4 3 7 0 0 0 5 28 39 40 42 38 36 42 13 0 0 0 0 7 3 2 0 0 0 0 0 6 0 0 4 0 4 39 178 239 255 255 242 245 247 246 121 83 61 16 0 0 4 9 0 0 0 0 6 6 0 0 2 0 18 77 249 255 252 243 252 255 255 251 245 255 226 95 0 10 14 0 0 0 0 0 0 1 0 5 12 0 0 60 123 120 121 127 120 119 176 255 255 240 255 216 94 4 0 11 0 0 0 0 0 6 0 0 3 0 18 0 5 0 14 0 2 6 25 93 205 251 255 244 222 169 155 54 0 0 4 12 9 0 7 0 7 0 13 8 0 0 9 6 0 0 7 9 39 215 255 255 243 255 255 59 12 4 0 0 0 0 7 3 0 24 8 0 13 33 0 0 3 1 5 0 0 9 235 240 231 255 242 242 15 0 0 0 19 10 0 0 12 236 251 255 242 250 59 0 4 0 3 8 3 3 0 53 230 244 255 255 89 2 5 5 0 0 0 0 1 255 253 242 255 248 57 0 16 3 0 0 0 0 0 17 79 255 255 240 224 13 0 2 6 5 16 0 3 245 251 249 255 167 33 0 0 0 18 0 0 14 0 9 43 188 243 255 255 0 0 7 0 0 1 0 2 241 255 255 169 50 8 9 0 0 10 0 4 0 0 0 12 135 255 241 243 0 3 8 0 3 0 15 0 255 250 239 121 3 0 0 12 0 0 5 0 3 7 4 59 205 243 255 253 4 3 0 12 0 1 6 3 246 253 246 221 81 0 0 15 0 0 6 0 8 0 3 93 241 255 255 234 19 0 5 0 0 7 0 0 46 255 250 255 229 65 0 4 9 7 0 0 6 13 73 253 255 239 230 59 0 7 7 17 0 0 0 6 18 202 252 254 250 98 48 0 0 13 0 4 6 240 255 239 233 255 62 0 0 6 0 0 0 6 0 0 15 66 248 246 255 244 246 98 0 0 50 96 83 242 244 255 218 160 50 7 12 0 0 0 16 15 0 14 0 40 185 244 250 247 249 222 138 112 194 248 243 255 255 190 71 0 0 0 0 0 8 9 0 0 0 4 0 14 37 119 179 255 251 249 242 247 255 245 255 119 97 56 8 2 0 0 0 4 7 5 0 7 23 0 14 0 1 0 46 200 244 255 255 249 148 69 65 0 7 11 0 7 4 9 4 5 0 0 15 0 0 0 0 1 1 10 5 23 34 39 16 38 14 5 0 13 0 1 5 0 1 0 0 6 0 0 0 0 0 0 0 0 0 0 0 0 0 0 0 0 0 0 0 0 0 0 0 0 0 0 0 0 0 0 0 0 0 0 0 0 0 0 0 0 0 0 0 0 0 0 0 0 0 0 0 0 0 0 0 0 0 0 0 0 0 0 0 0 0 0 0 0 0 0 0 0 0 0 0 0 0 0 0 0 0 0 0 0 0 0 0 0 0 0 0 0 0 0 0 0 0 0 0 0 0 0 0 0 0 0 0 0 0 0 0 0 0
0 0 0 0 0 0 0 0 0 17 0 0 14 0 8 2 0 5 0 2 3 0 5 9 0 0 0 0 0 0 0 0 0 0 0 0 9 0 13 6 0 0 0 6 2 0 0 17 6 0 1 0 0 0 0 0 0 0 0 0 0 0 0 0 0 0 16 0 10 9 8 0 3 9 0 0 0 8 18 0 0 0 0 0 0 0 0 0 0 0 0 0 0 19 0 5 0 12 0 8 0 0 0 10 0 0 11 0 0 0 0 0 0 0 0 0 0 0 0 0 15 0 17 0 0 5 58 147 152 255 170 11 0 5 0 7 0 0 0 0 0 0 0 0 0 0 0 0 0 6 0 2 11 41 255 247 243 247 248 206 83 0 0 3 0 0 0 0 0 0 0 0 0 0 0 0 3 0 0 16 31 227 237 255 255 250 255 255 166 39 0 0 0 0 0 0 0 0 0 0 0 0 0 0 0 6 0 37 216 255 250 254 245 255 237 255 255 119 0 0 0 0 0 0 0 2 8 0 0 18 0 5 6 3 0 156 254 255 245 169 74 252 247 244 255 214 32 6 0 0 0 0 2 0 1 13 0 0 0 0 0 3 208 255 255 163 100 1 5 255 255 200 236 255 92 0 0 0 0 0 8 0 0 15 0 0 19 1 0 77 255 244 205 7 0 4 24 204 231 0 194 227 190 11 0 0 0 0 1 3 0 0 0 3 15 0 53 252 245 183 58 7 0 19 4 101 129 0 192 250 198 0 0 0 0 0 0 5 8 0 8 5 0 11 185 255 230 52 16 0 6 0 0 17 0 0 93 249 179 2 0 0 0 0 0 3 9 0 3 0 5 125 255 224 62 0 0 0 0 13 0 3 1 3 87 245 204 0 0 0 0 0 5 3 0 0 0 0 86 240 248 171 8 0 14 0 17 0 0 8 0 1 86 243 190 0 0 0 0 0 0 4 0 10 0 14 145 255 249 24 0 21 0 0 6 0 0 0 0 10 156 252 190 2 0 0 0 0 0 4 0 3 0 106 240 255 145 3 0 5 4 0 11 0 5 0 4 16 181 255 182 6 0 0 0 0 7 0 0 0 12 168 255 202 25 0 9 4 1 0 0 2 0 15 2 78 255 249 190 1 0 0 0 0 0 3 0 5 0 192 255 140 0 3 0 0 11 14 0 6 0 0 51 255 252 250 188 4 0 0 0 0 3 3 0 0 0 203 208 13 0 12 10 0 7 0 0 1 34 133 255 241 255 223 24 4 0 0 0 0 0 4 2 3 0 190 177 0 2 0 0 12 39 73 127 181 255 254 245 248 189 38 14 0 0 0 0 0 0 3 13 5 0 187 233 152 136 128 139 205 229 240 251 254 244 248 255 178 36 0 3 0 0 0 0 0 8 0 0 0 17 185 255 255 241 255 242 255 255 254 244 229 218 127 89 0 6 0 16 0 0 0 0 0 0 1 9 0 5 112 192 253 255 255 165 141 150 153 91 26 26 0 0 0 9 12 0 10 0 0 0 0 0 0 0 0 0 0 0 0 0 0 0 0 0 0 0 0 0 0 0 0 0 0 0 0 0 0 0 0 0 0 0 0 0 0 0 0 0 0 0 0 0 0 0 0 0 0 0 0 0 0 0 0 0 0 0 0 0 0 0 0 0 0 0 0 0 0 0 0 0 0 0 0 0 0 0 0 0 0 0 0 0 0 0 0 0 0 0 0 0 0 0 0 0 0 0 0 0 0 0 0 0 0 0 0 0 0 0 0 0 0 0 0
5 1 0 0 2 11 0 10 6 0 5 8 0 2 10 0 1 6 4 4 5 0 0 3 0 0 0 0 0 0 7 4 0 0 24 0 0 11 0 0 0 3 0 15 0 2 0 0 0 6 3 0 0 0 0 0 0 0 1 8 0 0 4 0 9 1 4 18 15 0 0 3 0 7 10 7 2 0 0 0 0 0 0 0 3 0 0 5 3 4 0 77 242 138 40 0 0 0 10 4 0 0 0 6 0 0 0 9 0 0 0 0 0 7 0 0 0 2 81 219 255 221 101 10 6 6 0 0 17 0 0 1 0 0 3 0 0 0 0 0 0 3 5 0 0 50 219 255 192 95 12 0 0 0 2 16 0 0 14 12 0 3 9 0 0 0 0 0 1 0 2 0 9 165 255 242 119 0 0 81 96 98 103 70 13 0 0 5 0 0 11 3 0 0 0 0 3 0 5 0 0 255 229 255 0 63 186 255 255 243 253 252 190 62 0 3 5 0 0 0 0 0 0 0 1 0 0 2 0 255 255 252 9 196 245 255 238 255 247 255 250 233 129 0 0 0 10 0 0 7 0 3 0 7 0 0 0 255 242 253 1 198 249 174 14 0 71 234 237 254 248 95 13 8 0 0 0 3 0 7 0 9 0 3 1 255 250 255 7 59 61 45 22 17 0 40 95 174 235 255 144 0 7 0 0 5 0 6 0 3 0 7 11 229 255 251 15 0 7 0 0 0 0 6 0 1 102 252 214 66 1 1 0 8 1 0 5 2 0 6 0 131 254 244 56 0 4 19 2 4 9 5 0 7 4 172 238 252 112 7 0 1 5 0 3 3 0 3 0 39 204 255 220 64 0 2 0 0 0 0 0 5 0 6 213 232 243 44 5 0 2 1 0 2 0 0 0 2 116 255 249 133 4 0 1 8 3 0 7 7 0 0 34 228 241 217 63 0 0 5 0 2 0 0 16 0 31 229 255 247 100 13 0 0 0 6 0 5 0 10 0 154 255 255 125 12 0 7 0 0 1 4 0 0 12 37 247 255 201 10 17 0 0 6 7 0 3 0 14 65 232 255 255 0 7 3 3 0 0 2 0 0 1 15 167 255 255 209 22 0 16 1 0 2 6 5 0 12 253 242 225 0 5 2 6 0 0 1 2 0 0 0 69 231 252 245 231 149 0 0 0 2 0 0 21 123 254 255 148 0 3 0 5 0 0 2 5 1 0 0 6 84 255 255 248 239 180 61 21 7 5 14 126 240 255 233 71 0 0 0 3 0 0 2 2 0 1 4 6 0 80 232 255 246 255 233 247 247 255 240 255 237 255 132 18 0 0 0 1 2 3 0 0 0 0 2 0 0 0 56 157 224 249 255 255 255 243 247 255 249 136 17 0 0 0 0 0 2 2 0 0 0 0 0 0 1 18 0 9 47 97 213 235 255 244 199 143 141 0 6 0 0 0 1 0 0 1 1 3 5 3 0 2 0 0 23 0 0 11 0 9 0 11 0 7 0 9 0 6 0 0 2 0 0 0 0 0 0 0 0 0 0 0 0 0 0 0 0 0 0 0 0 0 0 0 0 0 0 0 0 0 0 0 0 0 0 0 0 0 0 0 0 0 0 0 0 0 0 0 0 0 0 0 0 0 0 0 0 0 0 0 0 0 0 0 0 0 0 0 0 0 0 0 0 0 0 0 0 0 0 0 0 0 0 0 0 0 0 0 0 0 0 0 0 0 0 0 0 0 0 0 0 0 0 0 0 0 0 0 0 0 0 0 0
0 0 0 0 0 0 0 0 11 0 0 0 0 0 0 0 6 4 0 8 0 6 0 0 0 0 0 0 0 0 0 0 0 0 0 0 0 0 0 4 6 4 2 3 0 0 10 5 4 0 14 0 0 0 0 0 0 0 0 0 0 0 0 0 0 0 3 1 0 1 0 0 13 0 6 0 0 0 5 0 0 0 0 0 0 0 0 0 0 0 0 0 0 3 1 0 0 0 1 0 0 7 0 1 16 8 0 12 0 0 0 0 0 0 0 0 0 0 0 0 0 0 0 0 1 6 5 1 0 2 19 11 0 0 4 0 0 0 0 0 0 0 0 0 0 0 0 0 0 0 0 3 3 0 0 0 20 82 244 240 179 125 120 0 0 0 0 0 0 0 0 0 0 0 0 0 2 0 0 6 0 0 0 12 0 67 242 255 255 238 255 170 0 0 0 0 0 0 0 0 0 0 0 0 2 0 0 7 0 0 21 58 198 232 255 249 255 248 255 255 0 0 0 0 0 2 6 0 10 0 27 0 0 17 0 0 81 122 235 251 249 255 236 254 255 241 255 88 0 0 0 0 3 1 2 0 0 4 0 2 3 0 85 231 247 248 255 117 125 46 44 52 245 254 242 3 0 0 0 0 11 0 0 0 14 0 0 8 15 118 229 255 218 171 92 2 16 0 0 30 246 255 247 6 0 0 0 0 3 0 2 8 39 0 0 84 208 240 255 177 66 0 0 12 0 7 0 37 255 247 250 0 0 0 0 0 0 5 4 0 22 15 14 215 248 206 142 6 0 14 10 0 9 8 1 10 255 247 251 9 0 0 0 0 0 0 0 0 2 0 173 230 140 0 0 0 2 0 12 0 0 0 0 36 249 245 147 3 0 0 0 0 6 0 0 0 10 41 255 111 0 2 10 0 19 0 0 10 14 0 4 126 254 238 43 0 0 0 0 0 0 10 3 0 23 205 169 11 0 0 0 0 0 2 2 2 0 4 33 173 254 148 0 3 0 0 0 0 0 0 8 0 127 254 44 9 0 8 12 0 0 0 2 0 10 72 222 255 254 108 8 0 0 0 0 0 11 1 6 0 154 252 114 15 0 0 0 0 15 6 1 30 144 238 255 250 230 97 0 9 0 0 0 0 5 0 0 11 179 254 255 225 170 54 33 58 27 59 169 228 254 255 255 225 47 0 9 0 0 0 0 0 0 14 0 2 100 236 255 238 249 249 244 243 252 255 255 255 242 255 139 35 0 13 0 0 0 0 0 0 0 6 0 0 24 159 226 255 244 255 255 246 255 255 240 255 220 70 2 11 2 7 4 10 0 0 0 0 20 0 2 1 0 0 61 162 249 248 235 235 250 227 159 101 51 0 12 0 0 0 3 0 0 0 0 0 0 0 8 0 5 3 5 0 0 108 89 0 0 10 0 5 0 0 1 0 15 0 0 0 0 0 0 0 0 4 0 0 3 2 10 0 6 0 0 5 0 0 2 0 0 6 0 6 0 0 14 0 0 0 0 0 0 0 0 0 0 0 0 0 0 0 0 0 0 0 0 0 0 0 0 0 0 0 0 0 0 0 0 0 0 0 0 0 0 0 0 0 0 0 0 0 0 0 0 0 0 0 0 0 0 0 0 0 0 0 0 0 0 0 0 0 0 0 0 0 0 0 0 0 0 0 0 0 0 0 0 0 0 0 0 0 0 0 0 0 0 0 0 0 0 0 0 0 0 0 0 0 0 0 0 0 0 0 0 0 0 0 0 0 0 0 0 0
0 0 0 0 0 0 0 0 0 0 16 2 0 6 0 1 0 0 4 9 0 0 0 0 0 0 0 0 0 0 0 0 0 0 0 0 6 0 0 0 0 2 0 0 3 0 0 0 0 9 8 0 0 0 0 0 0 0 0 0 0 0 0 0 14 0 3 11 0 0 14 0 0 0 2 1 0 0 0 0 0 0 0 0 0 0 0 0 0 0 0 0 0 0 0 2 0 13 0 3 7 0 0 0 10 0 4 0 0 0 0 0 0 0 0 0 0 0 0 0 16 10 0 0 5 0 0 171 244 255 255 252 246 172 91 0 0 0 0 0 0 0 0 0 0 0 0 0 0 0 0 2 11 107 155 224 255 255 255 247 255 253 230 113 0 0 0 0 0 0 0 0 0 0 0 0 19 0 9 181 236 255 255 245 255 201 182 209 255 253 255 149 0 0 0 0 0 0 0 0 0 0 0 0 0 142 136 227 255 234 211 214 204 49 12 127 252 251 255 151 0 0 0 0 0 3 0 0 0 3 6 3 18 223 249 255 247 222 18 25 18 12 0 20 67 249 251 251 74 0 0 3 1 0 2 4 0 7 0 32 200 249 255 220 223 35 0 6 6 0 0 14 32 255 242 253 77 3 1 0 5 0 6 7 0 9 0 110 255 252 233 212 28 0 0 6 0 3 7 2 30 255 249 244 57 5 5 0 5 0 5 1 0 3 33 206 243 252 255 65 0 0 4 0 0 0 5 0 121 255 249 156 18 0 4 0 0 0 3 0 2 0 105 255 255 246 236 50 0 0 11 0 4 9 1 17 201 244 255 161 0 0 2 0 0 2 1 0 5 2 167 255 250 255 123 5 29 0 0 18 0 0 1 130 255 252 246 162 0 0 1 0 0 1 0 3 0 45 219 247 255 216 39 7 0 0 5 0 35 0 0 147 235 255 255 152 0 5 0 0 7 0 0 6 0 89 255 250 255 154 9 0 0 13 4 0 0 3 106 253 250 255 253 110 0 3 0 2 9 0 0 5 0 81 251 255 246 144 0 0 0 13 0 0 0 94 243 253 250 248 131 0 0 0 0 0 0 0 4 16 11 76 252 247 251 204 7 5 0 1 9 16 55 172 241 255 255 142 13 12 0 0 0 0 7 0 0 0 0 35 217 253 255 219 78 0 0 5 0 64 243 248 255 231 237 70 13 0 0 0 0 0 0 0 5 0 4 16 133 255 252 250 228 85 39 34 103 251 255 243 254 233 77 0 0 13 0 0 0 0 8 1 5 0 0 0 12 221 255 255 240 241 255 237 255 250 238 255 245 120 0 2 0 6 0 0 0 0 2 0 0 2 6 16 16 229 244 255 249 255 247 255 255 255 255 237 214 15 5 0 4 0 0 0 0 0 0 0 1 5 0 0 0 52 167 222 255 238 255 255 247 246 217 67 0 0 10 6 0 0 0 0 0 0 0 5 1 0 0 6 8 0 0 72 80 87 255 242 250 138 59 8 0 5 1 0 10 2 0 0 0 0 0 0 0 0 0 0 0 0 0 0 0 0 0 0 0 0 0 0 0 0 0 0 0 0 0 0 0 0 0 0 0 0 0 0 0 0 0 0 0 0 0 0 0 0 0 0 0 0 0 0 0 0 0 0 0 0 0 0 0 0 0 0 0 0 0 0 0 0 0 0 0 0 0 0 0 0 0 0 0 0 0 0 0 0 0 0 0 0 0 0 0 0 0 0 0 0 0 0 0 0 0 0 0 0 0 0 0 0 0 0 0 0
0 0 0 0 0 0 0 0 7 0 0 13 0 0 2 6 6 0 0 0 8 0 3 0 0 0 0 0 0 0 0 0 0 0 0 0 0 6 0 0 7 13 1 0 0 0 16 3 0 7 6 0 0 0 0 0 0 0 0 0 0 0 0 0 3 5 0 0 0 2 2 5 0 27 0 2 12 0 0 0 0 0 0 0 0 0 0 0 0 0 0 0 10 0 5 11 0 0 6 0 1 0 10 0 0 12 0 4 0 0 0 0 0 0 0 0 0 0 0 0 0 3 4 2 5 1 0 1 148 248 170 19 14 0 10 0 0 0 0 0 0 0 0 0 0 0 0 0 0 14 0 0 12 0 6 120 251 255 218 13 0 1 14 0 0 0 0 0 0 0 0 0 0 0 0 0 2 5 0 0 2 20 113 241 247 254 126 0 15 0 0 10 0 0 0 0 0 0 0 0 0 0 0 0 1 0 13 0 0 127 255 252 255 249 140 3 7 3 0 5 0 0 0 0 0 0 0 0 0 0 0 0 4 0 0 3 0 165 246 246 253 241 255 206 54 3 0 0 0 0 0 0 0 0 0 0 0 0 0 0 7 0 4 12 61 240 252 140 29 161 225 255 181 15 0 11 0 0 0 0 0 0 0 0 0 0 0 0 0 0 11 30 195 255 183 7 0 18 51 207 255 88 11 0 0 0 0 0 0 0 0 0 0 0 0 0 0 14 0 155 255 251 50 0 13 0 10 106 246 123 7 14 0 0 0 0 0 0 0 0 0 0 0 0 4 5 54 239 255 133 0 17 0 7 4 0 254 240 36 0 0 0 0 0 0 0 0 0 0 0 0 0 0 0 181 251 225 8 6 0 0 22 4 0 241 255 86 2 0 0 0 0 0 0 0 0 0 0 0 0 2 123 243 255 107 10 6 0 12 0 0 5 227 243 94 1 0 0 0 0 0 0 0 0 0 0 0 0 38 241 250 188 8 7 0 6 0 4 0 6 243 255 53 0 0 0 0 0 2 4 0 8 0 0 8 0 173 243 248 57 6 3 1 0 2 0 4 48 251 200 0 14 0 0 0 0 0 4 0 0 0 4 0 72 250 252 149 0 0 9 11 0 0 2 35 212 229 101 3 0 0 0 0 0 0 22 0 0 0 0 1 172 250 226 14 0 31 0 2 0 0 84 231 252 212 6 6 0 0 0 0 0 0 5 0 9 0 1 84 255 255 106 3 0 0 0 0 61 173 255 241 202 0 7 0 4 0 0 0 0 4 0 0 3 0 30 197 255 179 0 0 6 17 131 214 240 254 245 85 9 0 0 0 1 0 0 0 0 11 2 7 0 0 77 255 247 125 90 89 178 240 239 255 215 125 24 1 0 3 11 18 0 0 0 0 0 0 0 0 0 7 74 236 255 244 255 242 249 254 164 18 11 10 0 18 0 0 6 0 9 0 0 0 0 0 5 1 4 0 0 108 229 253 254 164 104 15 9 0 0 0 10 0 0 10 0 1 0 0 0 0 0 0 0 0 0 0 0 0 0 0 0 0 0 0 0 0 0 0 0 0 0 0 0 0 0 0 0 0 0 0 0 0 0 0 0 0 0 0 0 0 0 0 0 0 0 0 0 0 0 0 0 0 0 0 0 0 0 0 0 0 0 0 0 0 0 0 0 0 0 0 0 0 0 0 0 0 0 0 0 0 0 0 0 0 0 0 0 0 0 0 0 0 0 0 0 0 0 0 0 0 0 0 0 0 0 0 0 0 0 0 0 0 0
0 0 0 0 0 0 0 0 0 10 2 0 3 0 0 2 3 6 1 0 0 0 2 0 0 0 0 0 0 0 0 0 0 0 0 0 2 0 3 11 0 3 19 0 0 0 5 4 4 7 5 0 0 0 0 0 0 0 0 0 0 0 0 0 0 6 2 0 0 0 0 0 22 0 0 0 3 0 0 2 0 0 0 0 0 0 0 0 0 0 0 0 0 9 0 0 13 14 0 0 0 8 13 0 0 10 14 2 0 0 0 0 0 0 0 0 0 0 0 0 6 0 1 15 0 36 164 255 237 112 7 0 6 0 0 0 0 0 0 0 0 0 0 0 0 0 0 0 0 9 0 0 74 217 255 235 255 250 173 51 0 8 18 0 0 0 0 0 0 0 0 0 0 0 0 0 10 0 0 108 246 255 230 223 226 255 255 143 32 0 0 1 0 0 0 0 0 0 0 0 0 0 0 0 0 6 99 221 255 209 99 2 66 180 255 244 112 1 0 14 0 0 0 0 0 1 9 0 0 2 0 4 2 35 199 247 220 33 0 2 0 5 169 251 194 17 0 0 0 0 0 0 1 0 0 1 5 8 2 2 0 137 255 254 110 0 14 0 6 0 53 232 235 116 0 75 0 0 0 0 4 0 0 4 0 0 5 0 51 215 252 255 227 22 0 5 2 0 0 185 255 183 6 184 0 0 0 0 0 2 0 3 0 0 10 0 145 247 255 255 245 33 10 0 0 11 0 114 255 187 15 212 0 0 0 0 0 1 2 1 0 4 11 2 191 255 255 236 230 41 0 2 3 3 0 84 251 186 17 172 0 0 0 0 4 0 3 0 6 7 0 14 219 255 233 119 216 33 0 7 0 0 0 134 251 190 14 166 0 0 0 0 9 0 8 0 2 0 0 90 255 245 185 6 39 0 34 0 0 0 2 190 245 184 13 190 0 0 0 0 1 0 15 0 0 0 16 195 255 231 35 0 0 5 0 11 1 5 0 193 237 179 13 193 0 0 0 0 5 0 0 12 0 0 41 245 255 139 0 4 0 16 0 0 0 5 28 232 255 76 22 189 0 0 0 0 0 0 2 0 17 23 71 255 254 80 0 2 0 0 0 5 2 0 167 255 240 46 9 208 0 0 0 0 0 0 11 0 0 2 123 253 244 30 0 0 5 9 16 9 0 111 255 251 151 0 14 49 0 0 0 0 0 2 3 1 0 0 189 255 222 0 9 4 0 0 3 2 104 249 236 238 49 10 1 0 0 0 0 0 0 0 0 7 0 6 134 249 255 5 0 20 0 18 116 250 255 236 253 51 0 3 0 7 0 0 0 0 5 0 7 0 0 0 30 255 247 173 138 110 98 199 253 254 253 253 92 7 0 0 26 0 0 0 0 0 0 0 11 0 3 0 16 211 250 255 235 255 255 255 253 222 128 42 0 0 14 2 0 7 0 0 0 0 6 0 0 7 0 0 8 25 124 248 253 251 225 144 96 26 2 0 0 10 1 4 3 4 0 0 0 0 0 0 0 0 0 0 0 0 0 0 0 0 0 0 0 0 0 0 0 0 0 0 0 0 0 0 0 0 0 0 0 0 0 0 0 0 0 0 0 0 0 0 0 0 0 0 0 0 0 0 0 0 0 0 0 0 0 0 0 0 0 0 0 0 0 0 0 0 0 0 0 0 0 0 0 0 0 0 0 0 0 0 0 0 0 0 0 0 0 0 0 0 0 0 0 0 0 0 0 0 0 0 0 0 0 0 0 0 0 0 0 0
0 0 0 0 0 0 0 0 0 3 0 4 0 0 6 0 4 0 13 6 0 0 13 0 0 0 0 0 0 0 0 0 0 0 0 0 0 9 0 0 6 0 0 16 0 16 0 0 18 8 0 6 0 0 0 0 0 0 0 0 0 0 0 0 1 4 0 0 5 0 0 0 8 0 0 3 0 0 1 0 0 0 0 0 0 0 0 0 0 0 0 0 0 0 8 10 0 0 27 2 0 2 4 0 11 0 0 15 0 0 0 0 0 0 0 0 0 0 0 0 8 2 0 3 3 0 2 0 6 0 8 0 7 0 2 0 0 0 0 0 0 0 0 0 0 0 0 0 0 4 3 58 100 38 0 0 17 98 248 251 119 6 6 0 0 0 0 0 0 0 0 0 0 0 0 0 21 0 8 147 255 232 123 17 176 254 255 255 232 129 3 2 0 0 0 0 0 0 0 0 0 0 0 0 0 6 139 255 253 246 221 94 248 255 201 251 255 214 42 0 0 0 0 0 0 6 0 5 12 0 2 0 0 121 245 255 246 255 255 248 255 129 33 122 246 255 201 3 0 0 0 0 10 0 13 4 0 8 0 15 48 229 255 251 250 255 251 219 65 6 0 79 255 255 219 5 0 0 0 0 3 0 6 0 4 0 7 0 163 248 245 251 255 255 172 78 2 0 7 68 255 244 233 0 0 0 0 0 0 14 0 0 18 0 12 11 230 244 255 201 233 242 65 7 7 5 0 89 255 238 248 0 0 0 0 0 0 7 0 12 0 13 0 127 243 255 193 18 167 180 8 4 0 0 0 155 248 254 237 0 0 0 0 0 3 0 5 1 1 0 74 237 248 255 2 0 16 117 0 3 5 0 17 221 247 255 176 0 0 0 0 0 1 0 5 0 17 30 206 255 255 234 2 0 4 0 8 3 0 0 94 241 241 235 81 5 0 0 0 0 8 0 5 8 0 188 255 240 245 255 0 14 0 5 7 0 0 10 187 255 251 212 0 0 0 0 0 0 0 0 0 0 8 236 239 255 225 75 5 0 2 0 16 0 5 4 244 255 250 196 10 0 0 0 0 0 7 17 0 0 0 232 255 207 20 19 0 0 12 0 14 0 0 141 255 229 255 68 0 14 0 0 0 0 0 0 0 30 0 109 241 234 114 0 1 0 0 6 0 13 77 251 241 255 237 39 0 5 0 0 0 0 0 0 0 4 0 99 250 239 219 2 0 21 7 9 0 26 245 255 255 239 130 0 15 0 0 0 0 0 1 10 5 0 0 88 213 242 248 138 0 0 0 0 107 210 255 255 246 203 0 0 0 7 0 0 0 0 0 0 4 3 0 0 92 232 254 250 191 207 200 187 232 255 245 255 211 57 21 0 8 6 0 0 0 0 2 2 3 2 7 0 36 105 244 255 255 255 244 255 250 249 255 225 80 0 1 1 0 2 0 0 0 0 0 9 0 0 5 0 5 0 84 249 249 245 255 255 254 249 152 58 0 0 7 4 0 3 0 0 0 0 0 0 0 0 0 0 0 0 0 70 124 184 244 208 127 104 0 0 0 0 0 0 0 0 0 0 0 0 0 0 0 0 0 0 0 0 0 12 0 0 9 2 0 0 0 0 0 0 0 0 0 0 0 0 0 0 0 0 0 0 0 0 0 0 0 5 0 0 1 0 0 6 0 0 0 0 0 0 0 0 0 0 0 0 0 0 0 0 0 0 0 0 0 0 4 7 1 0 1 0 0 0 0 0 0 0 0 0 0 0 0 0
0 0 0 0 0 0 0 0 2 3 0 11 0 6 0 1 0 0 6 7 0 13 0 0 0 0 0 0 0 0 0 0 0 0 0 0 0 3 0 0 0 9 0 6 3 11 0 7 0 0 13 2 0 0 0 0 0 0 0 0 0 0 0 0 0 24 0 10 15 0 0 0 0 9 0 4 0 1 13 0 0 0 0 0 0 0 0 0 0 0 0 0 0 8 0 0 4 2 0 0 14 0 4 19 5 0 0 18 0 0 0 0 0 0 0 0 0 0 0 0 3 0 26 0 0 14 0 41 252 255 240 91 0 6 7 0 0 0 0 0 0 0 0 0 0 0 0 0 3 0 0 14 6 0 84 176 244 255 255 228 118 0 0 0 0 0 0 0 0 0 0 0 0 0 0 0 0 28 1 0 0 31 212 252 255 243 255 255 195 31 0 3 0 0 0 0 0 0 0 0 0 0 0 0 0 108 192 39 19 178 215 124 119 53 145 253 254 103 0 7 0 0 0 0 0 0 14 0 0 0 0 3 44 215 255 228 182 255 146 0 0 15 40 236 255 210 0 3 0 0 0 0 0 0 0 0 25 3 15 24 224 255 231 255 255 203 17 2 5 0 95 251 251 212 18 0 0 0 0 0 6 0 0 0 2 0 0 64 252 247 255 245 249 121 13 4 10 0 116 255 255 224 42 0 0 0 0 0 0 0 7 15 0 19 16 186 247 246 255 255 157 10 0 0 0 13 82 244 255 218 22 0 0 0 0 0 13 3 0 0 0 0 69 212 255 251 248 244 172 0 12 13 0 2 118 244 255 201 5 0 0 0 0 0 0 7 0 0 24 0 204 255 240 186 180 255 155 2 13 0 10 0 216 255 255 158 4 3 0 0 0 0 0 9 6 0 3 0 225 230 96 14 3 209 49 16 0 13 1 28 254 251 240 90 0 0 0 0 0 0 7 0 4 0 0 75 225 209 21 0 2 0 3 0 4 0 1 124 246 252 250 59 4 0 0 0 0 0 2 0 1 0 7 100 255 244 81 5 6 0 8 9 0 0 5 195 249 255 187 1 7 0 0 0 0 0 7 0 5 2 0 171 227 255 84 0 0 0 3 0 0 8 67 255 253 253 189 1 2 3 0 0 0 0 0 0 7 3 0 239 251 254 92 0 3 1 12 0 12 9 246 255 252 227 26 13 0 8 0 0 0 0 0 0 0 5 3 173 255 245 191 58 3 0 0 6 108 235 255 255 255 110 10 0 3 0 0 0 0 0 7 0 0 9 0 30 174 255 255 214 120 70 117 226 252 255 255 231 245 31 0 21 1 0 0 0 0 0 0 13 0 0 0 0 33 184 255 255 244 251 253 255 239 253 255 234 45 3 0 0 0 4 0 0 0 0 0 5 9 0 5 13 0 52 241 229 252 252 251 239 255 252 161 33 0 2 10 0 15 0 0 0 0 0 13 0 7 1 1 0 13 0 16 41 198 255 248 144 120 28 0 4 10 0 0 15 0 3 0 0 0 0 0 0 0 0 0 0 0 0 0 0 0 0 0 0 0 0 0 0 0 0 0 0 0 0 0 0 0 0 0 0 0 0 0 0 0 0 0 0 0 0 0 0 0 0 0 0 0 0 0 0 0 0 0 0 0 0 0 0 0 0 0 0 0 0 0 0 0 0 0 0 0 0 0 0 0 0 0 0 0 0 0 0 0 0 0 0 0 0 0 0 0 0 0 0 0 0 0 0 0 0 0 0 0 0 0 0 0 0 0 0 0 0
0 0 0 0 0 0 0 0 3 0 13 3 0 6 2 0 0 12 9 0 0 1 0 0 0 0 0 0 0 0 0 0 0 0 0 0 14 0 0 2 4 0 12 0 6 0 0 8 3 0 10 3 0 0 0 0 0 0 0 0 0 0 0 0 0 9 22 0 6 0 0 0 0 4 6 4 0 2 0 0 0 0 0 0 0 0 0 0 0 0 0 0 9 0 5 1 18 1 2 2 3 0 8 0 0 18 0 1 0 0 0 0 0 0 0 0 0 0 0 0 2 17 0 0 0 70 255 246 156 44 0 12 0 8 3 3 0 0 0 0 0 0 0 0 0 0 0 0 2 0 7 7 113 255 255 247 255 198 0 0 9 2 0 0 0 0 0 0 0 0 0 0 0 0 0 0 0 24 0 162 255 236 251 255 241 251 87 10 0 8 0 0 0 0 0 0 0 0 0 0 0 0 0 0 4 0 75 239 240 255 255 246 255 234 250 162 0 6 0 4 0 0 0 0 0 0 0 0 0 0 0 0 0 19 202 251 255 248 254 254 253 255 247 231 78 0 0 0 0 0 0 0 0 0 0 0 0 0 0 0 6 57 251 255 206 67 66 64 127 176 255 254 224 56 1 9 0 0 0 0 0 0 0 0 0 0 0 0 0 104 253 255 149 0 1 0 5 27 218 245 255 86 0 0 0 0 0 0 0 0 0 0 0 0 0 0 1 182 240 248 65 6 4 0 0 0 185 255 249 152 7 10 0 0 0 0 0 0 0 0 0 0 0 0 47 255 255 221 8 1 0 0 0 16 154 243 255 183 0 6 0 0 0 0 0 0 0 0 0 0 0 0 131 255 255 149 5 1 8 5 0 9 168 250 255 163 1 0 0 0 0 0 0 0 0 0 0 0 0 0 186 255 241 68 0 0 0 0 7 0 177 249 248 91 20 0 0 0 0 0 0 0 0 0 0 0 0 0 171 243 255 50 0 7 3 1 0 8 184 245 255 50 0 3 0 0 0 0 0 0 0 0 0 0 0 0 161 255 255 36 19 0 6 0 7 26 249 255 244 50 0 0 0 0 0 0 0 0 0 0 0 0 0 0 184 244 243 32 0 3 0 4 5 59 255 237 240 62 0 5 0 0 0 0 0 0 0 0 0 0 0 0 149 255 255 121 0 12 0 12 2 177 254 240 238 32 0 4 0 0 0 0 0 0 0 0 0 0 0 0 142 238 245 239 31 0 12 0 62 249 251 255 160 0 0 0 0 0 0 0 0 0 0 0 0 0 0 0 14 203 246 251 140 0 14 152 222 254 255 184 9 0 9 16 0 0 0 0 0 0 0 0 0 0 0 0 0 86 255 255 229 128 194 255 255 255 216 84 11 1 0 0 0 0 0 0 0 0 0 0 0 0 0 0 0 51 222 241 255 228 255 252 237 192 79 0 2 0 7 13 0 0 0 0 0 0 0 0 0 0 0 0 9 0 38 183 250 255 250 188 128 0 0 4 2 14 0 0 0 0 0 0 0 0 0 0 0 0 0 0 0 0 0 0 0 0 0 0 0 0 0 0 0 0 0 0 0 0 0 0 0 0 0 0 0 0 0 0 0 0 0 0 0 0 0 0 0 0 0 0 0 0 0 0 0 0 0 0 0 0 0 0 0 0 0 0 0 0 0 0 0 0 0 0 0 0 0 0 0 0 0 0 0 0 0 0 0 0 0 0 0 0 0 0 0 0 0 0 0 0 0 0 0 0 0 0 0 0 0 0 0 0 0 0
0 0 0 0 0 0 0 0 3 0 0 4 0 0 3 0 0 0 2 5 0 0 0 7 0 0 0 0 0 0 0 0 0 0 0 0 0 0 11 5 0 4 0 3 0 4 0 1 0 8 0 0 0 0 0 0 0 0 0 0 0 0 0 0 12 0 0 0 0 15 0 0 0 6 2 13 0 5 0 0 0 0 0 0 0 0 0 0 0 0 0 0 0 1 8 13 0 0 3 12 0 0 0 0 5 0 3 6 0 0 0 0 0 0 0 0 0 0 0 0 3 1 0 12 13 0 12 0 1 8 2 0 0 11 2 0 0 0 0 0 0 0 0 0 0 0 0 0 0 19 0 0 0 27 183 255 249 251 176 102 0 2 0 10 0 0 0 0 0 0 0 0 0 0 0 0 0 3 7 0 31 132 222 255 247 255 255 237 137 27 0 0 0 0 0 0 0 0 0 0 0 0 0 0 10 0 6 0 99 255 255 245 224 171 243 255 249 42 1 7 0 0 0 0 0 0 0 0 0 0 0 1 4 0 2 85 255 231 255 219 26 24 169 241 255 144 0 6 0 0 0 0 0 0 0 0 0 0 0 0 0 14 0 211 235 255 250 112 11 0 16 203 241 168 0 2 0 0 0 0 0 0 0 0 0 0 0 0 5 49 221 255 255 240 178 27 2 1 0 204 254 219 24 7 0 0 0 0 0 0 1 1 1 0 0 0 7 99 243 250 241 220 25 0 0 1 14 172 254 255 43 0 0 0 0 0 0 0 1 1 1 0 0 0 0 174 255 243 255 43 0 9 3 0 1 135 243 255 75 0 0 0 0 0 0 0 0 0 0 1 2 3 37 249 254 254 173 2 6 0 1 9 0 181 249 255 85 9 0 0 0 0 1 0 0 0 0 1 5 7 60 239 255 207 17 0 0 8 0 6 47 241 253 235 51 0 0 0 0 0 1 0 0 0 0 2 6 9 210 255 249 163 10 0 3 0 8 0 111 255 255 248 35 0 0 0 0 0 0 2 0 6 0 0 0 107 245 255 255 83 12 0 0 1 2 42 207 251 245 173 2 1 0 0 0 0 0 0 0 0 6 6 16 148 251 240 233 44 4 3 0 21 4 162 255 255 251 87 0 5 0 0 0 0 5 1 3 0 0 0 0 163 255 250 95 0 7 5 1 0 119 242 255 239 88 0 3 7 0 0 0 0 0 0 8 1 7 1 11 224 243 248 82 0 0 7 8 50 255 255 246 168 0 0 6 0 0 0 0 0 0 0 8 5 7 0 22 255 254 255 74 9 0 0 120 221 241 255 185 0 10 18 0 0 0 0 0 0 7 0 2 0 0 0 14 217 255 249 210 6 70 204 250 255 172 33 17 17 0 0 11 5 0 0 0 0 0 1 0 0 4 10 20 146 244 239 255 216 255 249 233 158 0 15 0 0 2 30 0 0 0 0 0 0 0 9 0 0 0 3 0 37 220 255 246 255 254 237 161 0 7 0 7 0 0 5 0 14 0 0 0 0 0 0 0 0 0 0 0 0 7 85 236 200 145 125 15 5 0 0 0 0 0 0 0 0 0 0 0 0 0 0 0 0 0 0 0 0 2 0 23 0 0 13 0 0 0 0 0 0 0 0 0 0 0 0 0 0 0 0 0 0 0 0 0 0 8 2 0 0 2 0 10 8 0 0 0 0 0 0 0 0 0 0 0 0 0 0 0 0 0 0 0 0 0 4 0 13 6 0 0 0 0 0 0 0 0 0 0 0 0 0 0 0
0 0 0 0 0 0 0 0 1 1 1 0 0 0 0 0 0 0 0 0 0 0 0 0 0 0 0 0 0 0 0 0 0 0 0 0 1 1 1 0 0 0 0 0 0 0 0 0 0 0 0 0 0 0 0 0 0 0 0 0 0 0 0 0 1 1 0 0 0 0 0 0 0 0 0 0 0 1 1 2 0 0 0 0 0 0 0 0 0 0 0 0 0 0 0 0 0 0 0 0 0 0 0 0 0 0 1 1 0 0 0 0 0 0 0 0 0 0 0 0 0 0 0 0 0 0 0 0 0 0 0 0 0 0 0 0 0 0 0 0 0 0 0 0 0 0 0 0 0 0 0 0 0 0 1 1 0 0 0 0 0 0 0 0 0 0 0 0 0 0 0 0 0 0 0 0 0 0 0 0 0 1 1 1 3 3 2 1 1 0 0 0 0 0 0 0 0 0 0 0 0 0 0 0 0 0 0 0 0 1 1 1 6 6 5 4 3 1 1 0 0 0 0 0 7 0 1 5 0 4 16 0 0 17 99 154 153 197 255 252 254 251 255 255 183 59 0 6 4 4 0 2 0 0 4 3 0 2 0 22 43 193 244 255 241 255 255 255 244 255 255 243 255 252 173 0 0 0 1 0 0 2 5 0 4 0 0 110 223 255 255 226 255 253 227 247 243 252 241 243 255 255 238 194 12 0 5 0 1 2 3 0 5 0 53 211 252 243 241 255 239 106 102 21 0 0 82 149 170 242 255 252 84 0 4 0 4 0 2 0 1 0 143 255 255 254 255 253 71 9 0 0 0 3 2 0 72 246 240 255 161 1 0 6 2 0 3 1 0 34 210 255 234 255 250 255 109 0 0 0 18 0 5 2 55 237 248 253 171 3 0 8 0 0 1 2 0 111 250 244 255 155 236 250 241 138 2 5 0 0 0 11 150 255 255 247 105 1 0 2 0 4 0 0 0 180 255 247 168 0 60 122 160 153 0 0 11 0 11 95 247 246 245 234 31 0 2 0 0 0 1 1 14 243 250 255 99 11 0 6 8 1 1 0 5 43 130 254 255 252 251 84 0 0 0 0 0 0 8 0 0 255 255 250 110 0 17 0 0 8 48 158 187 252 246 255 255 214 130 0 0 0 0 0 15 0 12 8 0 236 255 244 199 103 98 157 231 215 248 247 246 251 252 255 183 53 0 1 0 0 0 0 0 0 0 0 0 85 218 255 255 243 255 247 251 246 255 255 245 255 239 111 2 0 4 2 0 0 0 0 2 14 7 9 0 0 145 255 225 255 251 255 242 246 255 248 224 150 55 0 11 16 0 0 0 0 0 0 0 0 0 0 0 0 19 125 230 255 168 241 234 186 154 56 20 0 3 5 0 0 0 12 0 0 0 0 7 4 0 5 5 27 0 7 5 0 1 5 0 13 0 14 23 0 0 9 0 0 15 0 0 0 0 0 0 6 2 0 0 0 10 0 0 0 2 0 4 7 0 0 0 22 2 0 8 0 0 2 0 0 0 0 0 0 0 0 0 0 0 0 0 0 0 0 0 0 0 0 0 0 0 0 0 0 0 0 0 0 0 0 0 0 0 0 0 0 0 0 0 0 0 0 0 0 0 0 0 0 0 0 0 0 0 0 0 0 0 0 0 0 0 0 0 0 0 0 0 0 0 0 0 0 0 0 0 0 0 0 0 0 0 0 0 0 0 0 0 0 0 0 0 0 0 0 0 0 0 0 0 0 0 0 0 0 0 0 0 0 0 0 0 0 0 0
0 0 0 0 0 0 0 0 0 5 0 2 8 0 0 0 12 0 0 3 8 0 5 0 0 0 0 0 0 0 0 0 0 0 0 0 0 12 2 0 0 0 12 3 0 0 2 0 2 3 1 12 0 0 0 0 0 0 0 0 0 0 0 0 0 2 0 0 0 2 8 0 0 4 4 5 0 6 0 0 0 0 0 0 0 0 0 0 0 0 0 0 8 0 0 1 0 0 5 0 0 205 137 0 0 11 0 18 0 0 0 0 0 0 0 0 0 0 0 0 3 1 5 0 0 0 6 13 12 198 102 10 0 0 0 0 0 0 0 0 0 0 0 0 0 0 0 0 0 3 6 0 0 9 0 0 20 249 122 0 15 2 0 9 0 0 0 0 0 0 0 0 0 0 0 0 0 0 0 0 11 6 0 49 230 247 109 0 0 0 5 0 0 0 0 0 0 0 0 0 0 0 0 0 5 0 2 3 3 0 39 207 255 245 152 15 0 5 13 0 0 0 0 0 0 0 0 0 0 0 0 0 0 8 0 9 7 0 76 255 166 235 240 0 21 0 0 9 0 0 0 0 0 0 0 0 0 0 0 0 6 0 11 0 0 73 248 212 21 181 230 3 3 7 1 0 0 0 0 0 0 0 0 0 0 0 0 0 0 0 0 8 18 208 228 28 0 205 255 56 0 4 7 0 0 0 0 0 0 0 0 0 0 0 0 0 9 8 6 0 164 255 123 0 3 215 249 103 0 0 5 6 0 0 0 0 0 0 0 0 0 0 0 0 0 0 6 76 246 193 8 14 0 206 250 141 8 0 0 1 0 0 0 0 0 0 0 0 0 0 0 0 4 0 52 249 252 109 0 0 0 217 255 136 5 0 0 0 0 0 0 0 0 0 0 0 0 0 0 0 4 13 145 249 178 9 16 0 38 224 250 88 0 0 2 8 0 0 0 0 0 0 0 0 0 0 0 0 3 118 255 255 97 0 0 5 127 255 255 76 6 1 0 0 0 0 0 0 0 0 0 0 0 0 0 0 0 209 252 250 23 2 9 0 179 231 246 6 1 0 0 14 0 0 0 0 0 0 0 0 0 0 0 0 18 234 248 222 3 0 0 45 240 255 166 0 13 0 0 0 0 0 0 0 0 0 0 0 0 0 0 0 84 236 255 94 0 11 16 164 255 211 46 0 11 2 8 0 0 0 0 0 0 0 0 0 0 0 0 0 91 253 255 95 1 0 130 255 251 77 0 4 0 1 0 0 0 0 0 0 0 0 0 0 0 0 0 0 175 235 255 224 144 247 255 254 157 0 2 11 0 0 0 3 0 0 0 0 0 0 0 0 0 0 0 0 174 255 232 255 254 255 224 128 24 0 1 0 12 2 1 11 0 0 0 0 0 0 0 0 0 0 0 0 6 175 255 243 212 87 8 0 0 9 4 0 7 0 0 0 0 0 0 0 0 0 0 0 0 0 0 0 0 1 0 12 0 0 13 1 8 0 2 5 0 9 4 0 0 0 0 0 0 0 0 0 0 0 0 0 0 0 0 0 0 0 0 0 0 0 0 0 0 0 0 0 0 0 0 0 0 0 0 0 0 0 0 0 0 0 0 0 0 0 0 0 0 0 0 0 0 0 0 0 0 0 0 0 0 0 0 0 0 0 0 0 0 0 0 0 0 0 0 0 0 0 0 0 0 0 0 0 0 0 0 0 0 0 0 0 0 0 0 0 0 0 0 0 0 0 0 0 0 0 0 0 0 0 0 0 0 0 0 0
0 0 0 0 0 0 0 0 7 0 2 6 0 1 2 0 5 0 9 0 0 10 0 0 0 0 0 0 0 0 0 0 0 0 0 0 0 2 0 0 0 6 0 16 7 0 0 17 0 6 0 6 0 0 0 0 0 0 0 0 0 0 0 0 5 2 4 6 7 0 28 0 0 11 0 3 0 2 0 7 0 0 0 0 0 0 0 0 0 0 0 0 7 0 0 4 0 0 14 0 149 255 79 0 22 0 2 0 0 0 0 0 0 0 0 0 0 0 0 0 0 5 0 0 0 24 0 146 254 220 202 0 0 31 8 0 0 0 0 0 0 0 0 0 0 0 0 0 0 12 0 1 9 0 98 255 245 255 198 0 20 1 0 0 0 0 0 0 0 0 0 0 0 0 0 0 0 0 0 0 18 28 224 253 255 254 196 2 0 0 1 20 0 0 0 0 0 0 0 0 0 0 0 0 2 2 8 0 32 228 255 255 255 249 246 68 4 5 0 0 0 0 0 0 0 0 6 4 0 0 0 0 0 0 19 31 222 255 233 146 219 255 255 75 2 0 0 10 0 0 0 0 8 0 0 0 0 12 14 3 9 7 0 171 249 255 118 4 78 186 252 169 0 0 12 0 0 0 0 0 0 1 7 3 0 0 0 0 0 0 132 245 255 80 29 0 0 168 242 234 12 0 7 0 0 0 0 0 0 4 2 0 0 0 4 16 0 57 255 239 176 13 0 6 0 210 243 248 102 0 0 2 0 0 0 0 3 0 0 0 12 2 0 0 111 211 255 92 2 11 0 15 8 196 255 255 212 10 0 6 0 0 0 0 0 0 0 5 10 0 0 42 214 250 160 12 0 0 12 0 3 123 255 255 242 0 9 0 0 0 0 0 0 7 0 0 0 0 93 226 255 171 3 0 0 6 7 5 0 76 255 243 225 0 7 0 0 0 0 0 0 4 2 1 0 6 112 255 172 59 0 8 7 0 0 7 0 72 255 242 230 7 0 2 0 0 0 0 0 4 0 0 3 87 222 255 64 0 14 0 0 9 1 0 1 60 255 245 223 7 2 0 0 0 0 0 0 8 2 0 6 199 255 255 66 12 0 11 7 0 7 0 0 193 240 254 237 1 0 2 0 0 0 0 2 0 3 0 0 238 247 241 64 0 0 2 0 0 0 14 50 191 255 245 196 0 0 9 0 0 0 0 0 0 2 11 0 242 253 255 69 0 13 8 0 28 0 34 208 255 255 232 76 0 14 0 0 0 0 0 3 8 0 0 0 210 255 245 82 25 27 17 41 144 168 243 255 230 205 19 2 5 0 5 0 0 0 0 0 0 0 0 23 149 239 255 251 255 248 252 250 255 255 244 239 202 46 0 5 0 0 0 0 0 0 0 10 0 4 0 0 0 46 102 217 255 244 255 255 241 253 216 93 16 0 0 22 0 4 4 0 0 0 0 0 0 14 0 1 5 0 6 0 7 9 0 7 0 5 0 0 0 0 12 0 0 1 0 0 0 0 0 0 0 0 0 0 0 0 0 0 0 0 0 0 0 0 0 0 0 0 0 0 0 0 0 0 0 0 0 0 0 0 0 0 0 0 0 0 0 0 0 0 0 0 0 0 0 0 0 0 0 0 0 0 0 0 0 0 0 0 0 0 0 0 0 0 0 0 0 0 0 0 0 0 0 0 0 0 0 0 0 0 0 0 0 0 0 0 0 0 0 0 0 0 0 0 0 0 0 0 0 0 0 0 0 0 0 0 0 0 0 0 0
0 0 0 0 0 0 0 0 0 7 0 16 0 8 0 3 1 6 0 5 0 0 0 0 0 0 0 0 0 0 0 0 0 0 0 0 3 5 0 0 0 9 0 0 0 6 0 6 0 1 0 10 0 0 0 0 0 0 0 0 0 0 0 0 8 0 5 11 0 0 11 7 0 12 0 0 1 6 0 7 0 0 0 0 0 0 0 0 0 0 0 0 0 0 0 1 5 15 4 0 0 0 5 0 0 5 0 0 0 0 0 0 0 0 0 0 0 0 0 0 0 27 0 0 0 0 0 81 25 0 0 12 0 0 3 0 0 0 0 0 0 0 0 0 0 0 0 0 0 0 6 72 114 225 243 226 159 29 0 0 0 4 2 0 0 0 0 0 0 0 0 0 0 0 0 0 15 0 106 255 255 248 255 255 255 157 78 0 0 8 0 0 0 0 0 0 0 0 0 0 0 0 0 0 12 174 255 243 251 255 247 250 249 255 207 36 0 1 0 9 0 0 0 0 0 0 6 1 0 0 9 0 110 246 255 248 249 166 92 255 255 234 255 250 148 87 1 2 1 5 4 0 2 0 0 0 19 5 5 115 252 249 235 156 29 0 4 0 125 242 255 243 255 248 60 0 0 2 0 0 1 0 25 0 0 0 25 222 247 255 156 18 0 0 4 0 0 122 218 255 255 254 169 6 5 9 0 0 3 10 0 13 9 23 212 244 255 206 109 0 1 0 4 0 0 22 48 224 235 255 249 100 0 0 4 0 10 0 5 0 0 95 255 248 228 44 24 0 0 0 8 0 8 0 0 49 253 233 255 217 16 0 5 7 0 10 11 0 0 115 255 245 222 0 0 0 16 3 0 5 0 0 0 0 50 239 234 255 129 0 2 0 5 0 5 0 11 243 238 255 180 0 2 15 0 0 8 0 17 0 13 0 0 245 255 239 240 5 3 0 0 5 0 11 0 255 247 252 80 0 5 0 0 0 6 0 0 17 2 0 111 241 243 255 255 0 4 1 4 0 2 13 0 249 255 242 82 0 0 1 0 0 11 0 0 10 2 60 227 255 236 251 109 15 0 10 0 4 0 0 3 255 242 255 81 7 2 0 3 0 0 2 3 17 134 240 255 250 249 213 20 0 0 15 0 3 1 0 10 247 242 254 166 0 0 8 4 8 7 1 125 237 255 235 255 255 140 42 0 0 4 4 4 0 9 5 0 192 255 246 253 174 122 117 91 127 255 242 242 247 255 255 189 92 8 0 5 11 3 0 10 0 2 0 0 83 240 255 255 250 255 249 255 255 240 254 255 248 243 186 29 0 11 0 0 2 0 0 0 8 0 0 11 0 114 217 251 244 255 236 247 244 233 255 249 201 107 35 0 0 0 7 0 0 0 1 0 8 1 0 17 0 4 88 172 240 213 230 232 217 248 73 74 28 3 0 0 1 8 0 4 5 3 0 9 0 2 0 0 22 0 0 2 0 13 0 0 0 4 0 9 0 1 0 9 0 0 0 0 0 0 0 0 0 0 0 0 0 0 0 0 0 0 0 0 0 0 0 0 0 0 0 0 0 0 0 0 0 0 0 0 0 0 0 0 0 0 0 0 0 0 0 0 0 0 0 0 0 0 0 0 0 0 0 0 0 0 0 0 0 0 0 0 0 0 0 0 0 0 0 0 0 0 0 0 0 0 0 0 0 0 0 0 0 0 0 0 0 0 0 0 0 0 0 0 0 0 0 0 0 0 0 0 0 0 0 0 0 0 0 0 0 0 0
0 0 0 0 0 0 0 0 0 0 0 0 0 0 0 0 3 0 7 11 0 0 9 0 0 0 0 0 0 0 0 0 0 0 0 0 0 0 0 0 0 0 0 0 1 11 0 0 8 4 0 2 0 0 0 0 0 0 0 0 0 0 0 0 0 0 0 0 0 0 0 0 0 0 6 7 0 0 1 4 0 0 0 0 0 0 0 0 0 0 0 0 0 0 0 0 0 0 0 0 0 3 0 0 17 11 0 0 0 0 0 0 0 0 0 0 0 0 0 0 0 0 0 0 0 0 0 0 9 0 5 8 0 0 4 1 0 0 0 0 0 0 0 0 0 0 0 0 0 0 0 0 0 0 0 0 0 0 0 5 8 0 0 0 0 0 0 0 0 0 0 0 0 0 0 0 0 0 0 0 0 0 0 0 0 26 0 20 180 152 12 0 0 0 0 0 0 0 0 0 0 0 0 0 0 0 0 0 0 0 0 0 3 0 53 182 255 248 140 9 0 0 0 0 10 0 0 5 0 0 2 0 0 0 0 1 0 4 0 0 0 88 222 242 252 247 230 41 0 0 0 0 0 0 5 0 0 0 12 7 0 20 3 0 8 0 12 78 223 236 255 253 255 255 240 124 0 0 0 0 4 0 0 4 13 4 0 0 0 1 0 0 16 53 74 247 244 255 108 204 255 245 254 177 0 0 0 0 0 5 0 0 0 0 0 21 8 0 0 95 187 242 248 250 163 98 0 95 255 252 231 55 0 0 0 0 0 7 0 0 2 8 0 0 0 18 228 255 255 252 167 6 10 4 17 179 239 247 224 0 0 0 0 0 8 0 0 6 9 0 7 40 218 238 245 194 249 43 5 0 0 18 185 255 245 195 26 4 0 0 0 0 0 0 2 1 0 8 118 227 255 249 225 92 43 0 26 0 27 109 228 243 249 71 0 2 0 0 0 0 0 8 8 0 12 124 226 251 242 216 27 1 3 1 0 3 95 255 255 254 50 0 10 0 0 0 0 0 0 0 10 0 118 245 251 255 207 107 6 1 3 35 115 255 247 255 241 129 19 0 2 0 0 0 0 0 3 0 0 11 217 255 246 248 24 0 53 147 203 231 255 237 255 169 72 12 0 0 3 0 0 0 0 0 6 3 6 0 250 255 255 247 187 178 236 255 255 213 196 75 72 24 0 5 3 0 0 9 0 0 0 0 0 0 0 2 247 245 255 253 247 255 254 246 229 48 4 0 0 0 0 6 2 0 0 0 0 0 0 0 6 2 7 0 82 56 181 255 150 237 167 54 41 0 0 4 14 7 2 0 0 0 5 0 0 0 0 0 3 0 0 0 18 0 37 40 1 41 13 0 0 0 0 5 0 0 3 12 3 0 2 4 0 0 0 0 0 6 11 0 0 0 12 0 0 0 4 0 7 15 12 0 15 0 0 0 3 0 0 0 0 0 0 0 4 0 1 0 7 1 0 1 9 3 7 0 1 0 0 5 0 0 6 2 0 0 7 6 0 0 0 0 0 0 0 0 0 0 0 0 0 0 0 0 0 0 0 0 0 0 0 0 0 0 0 0 0 0 0 0 0 0 0 0 0 0 0 0 0 0 0 0 0 0 0 0 0 0 0 0 0 0 0 0 0 0 0 0 0 0 0 0 0 0 0 0 0 0 0 0 0 0 0 0 0 0 0 0 0 0 0 0 0 0 0 0 0 0 0 0 0 0 0 0 0 0 0 0 0 0 0 0 0 0 0 0 0 0 0 0 0 0 0 0
0 0 0 0 0 0 0 0 0 8 2 0 3 11 1 0 0 4 5 1 1 0 0 5 0 0 0 0 0 0 0 0 0 0 0 0 7 4 0 0 0 0 0 23 24 0 0 8 4 0 10 0 0 0 0 0 0 0 0 0 0 0 0 0 0 2 0 0 10 11 0 0 0 1 2 0 0 0 21 7 0 0 0 0 0 0 0 0 0 0 0 0 7 0 0 2 2 0 0 18 0 1 11 8 0 7 0 0 0 0 0 0 0 0 0 0 0 0 0 0 4 10 0 0 0 5 0 0 0 16 107 111 0 0 0 14 0 0 0 0 0 0 0 0 0 0 0 0 0 2 4 2 3 0 0 6 81 200 253 250 255 231 50 0 0 0 0 0 0 0 0 0 0 0 0 0 8 0 0 24 2 0 49 183 246 255 255 243 243 255 207 64 0 0 0 0 0 0 0 0 0 0 0 0 0 7 0 0 31 110 197 255 255 234 130 120 254 254 255 232 0 0 0 0 0 6 0 0 8 8 0 0 0 11 0 29 213 245 251 237 78 10 4 2 47 251 255 253 0 0 0 0 1 0 4 3 0 0 0 1 0 0 76 139 244 254 220 18 0 12 1 16 0 162 255 255 0 0 0 0 0 0 4 11 0 7 17 5 19 20 236 233 239 71 17 16 2 0 2 0 14 122 255 236 0 0 0 0 6 1 0 0 0 0 0 0 57 226 255 200 31 0 2 0 9 2 0 0 21 229 255 255 0 0 0 0 3 5 0 0 0 0 13 74 211 245 193 56 0 8 0 3 0 1 3 0 61 251 240 250 0 0 0 0 0 0 2 9 0 1 99 236 255 228 34 11 0 5 3 0 16 0 2 58 220 246 255 222 0 0 0 0 6 0 6 4 0 48 176 255 227 54 3 0 4 0 12 0 0 8 4 162 255 255 239 132 0 0 0 0 9 0 6 0 4 137 255 240 55 24 0 0 0 6 0 11 23 135 197 253 249 255 227 32 0 0 0 0 0 9 0 0 104 252 255 60 3 0 0 1 0 6 25 60 219 255 255 241 255 240 96 2 0 0 0 0 4 0 9 9 255 252 229 54 26 41 38 126 165 156 230 255 255 242 254 251 194 92 5 0 0 0 0 0 0 13 0 0 255 254 255 255 255 255 254 255 255 252 253 252 255 211 171 84 2 5 12 0 0 0 0 0 0 12 0 0 255 243 255 253 240 244 255 244 250 255 242 225 198 45 0 2 7 0 0 0 0 0 0 0 0 0 0 13 183 235 255 241 255 255 231 240 202 114 77 16 2 3 15 3 0 0 0 4 0 0 0 0 4 8 0 10 0 64 102 132 108 88 32 7 0 0 7 0 0 3 0 0 4 10 0 7 0 0 0 0 0 0 16 0 4 0 10 0 11 7 15 0 0 16 0 0 2 1 3 0 2 3 0 5 0 0 0 0 4 0 4 0 4 8 3 0 0 3 0 11 13 0 6 0 0 0 9 0 0 6 0 0 0 0 0 0 0 0 0 0 0 0 0 0 0 0 0 0 0 0 0 0 0 0 0 0 0 0 0 0 0 0 0 0 0 0 0 0 0 0 0 0 0 0 0 0 0 0 0 0 0 0 0 0 0 0 0 0 0 0 0 0 0 0 0 0 0 0 0 0 0 0 0 0 0 0 0 0 0 0 0 0 0 0 0 0 0 0 0 0 0 0 0 0 0 0 0 0 0 0 0 0 0 0 0 0 0 0 0 0 0 0 0 0 0 0 0 0
0 0 0 0 0 0 0 0 5 0 0 12 0 0 2 0 0 7 0 0 1 0 0 8 0 0 0 0 0 0 0 0 0 0 0 0 0 13 6 4 1 0 2 0 11 0 5 12 0 4 16 0 0 0 0 0 0 0 0 0 0 0 0 0 0 0 0 21 0 0 22 0 0 0 1 2 0 1 5 0 0 0 0 0 0 0 0 0 0 0 0 0 11 0 24 0 0 3 0 0 8 0 0 3 8 0 0 13 0 0 0 0 0 0 0 0 0 0 0 0 0 15 0 13 255 255 251 252 112 13 0 12 1 0 4 0 0 0 0 0 0 0 0 0 0 0 0 0 3 0 6 162 255 228 229 255 238 122 12 0 0 4 0 0 0 0 0 0 0 0 0 0 0 0 0 0 5 0 59 201 254 176 0 188 254 238 114 0 1 7 0 8 0 0 0 0 0 0 0 0 0 0 0 0 0 8 126 255 243 52 10 63 192 255 232 89 2 2 6 0 0 0 0 0 0 0 0 0 0 0 0 0 0 5 255 249 164 24 0 0 14 175 244 206 0 0 19 0 0 0 0 0 0 0 0 0 0 0 0 0 3 63 241 227 11 0 0 16 3 60 255 248 46 6 0 9 0 0 0 0 0 0 0 0 0 0 0 0 0 79 230 225 0 6 15 0 1 19 195 249 194 0 0 0 0 0 0 0 0 0 0 0 0 0 0 0 6 137 255 229 0 0 11 1 0 0 49 246 255 69 17 0 0 0 0 0 0 0 0 0 0 0 0 0 0 180 255 224 2 9 0 0 15 0 205 255 253 37 1 6 0 0 0 0 0 0 0 0 0 0 0 0 45 216 243 114 0 11 8 10 0 13 213 246 244 89 0 0 0 0 0 0 0 0 0 0 0 0 0 0 126 242 255 70 8 0 0 0 7 123 255 245 255 57 2 7 0 0 0 0 0 0 0 0 0 0 0 0 228 243 177 22 0 17 0 0 3 138 239 255 171 25 0 3 0 0 0 0 0 0 0 0 0 0 0 0 223 249 161 0 6 0 0 7 20 255 243 254 82 0 2 0 0 0 0 0 0 0 0 0 0 0 0 0 226 244 163 12 0 6 14 0 87 236 253 208 4 13 0 5 0 0 0 0 0 0 0 0 0 0 0 0 215 254 143 0 0 0 9 57 224 252 254 105 0 2 0 0 0 0 0 0 0 0 0 0 0 0 0 0 62 251 255 78 21 22 89 255 255 238 136 0 4 0 7 0 0 0 0 0 0 0 0 0 0 0 0 0 17 174 255 74 27 177 255 252 231 173 16 0 0 9 0 3 0 0 0 0 0 0 0 0 0 0 0 0 2 93 251 241 255 255 236 255 152 61 1 8 1 8 0 0 0 0 0 0 0 0 0 0 0 0 0 0 0 4 199 255 251 235 255 132 31 0 1 0 10 0 7 3 0 0 0 0 0 0 0 0 0 0 0 0 4 0 41 113 242 133 81 0 0 21 0 0 13 0 0 4 0 0 0 0 0 0 0 0 0 0 0 0 0 0 0 0 0 0 0 0 0 0 0 0 0 0 0 0 0 0 0 0 0 0 0 0 0 0 0 0 0 0 0 0 0 0 0 0 0 0 0 0 0 0 0 0 0 0 0 0 0 0 0 0 0 0 0 0 0 0 0 0 0 0 0 0 0 0 0 0 0 0 0 0 0 0 0 0 0 0 0 0 0 0 0 0 0 0 0 0 0 0 0 0 0 0 0 0 0 0 0 0 0 0 0 0
0 0 0 0 0 0 0 0 0 14 0 0 12 0 0 0 0 6 0 0 1 0 0 7 0 0 0 0 0 0 0 0 0 0 0 0 8 0 12 9 0 0 12 0 0 10 0 0 4 6 6 0 0 0 0 0 0 0 0 0 0 0 0 0 9 0 22 0 20 5 0 10 1 0 0 3 1 0 12 5 0 0 0 0 0 0 0 0 0 0 0 0 3 3 0 13 0 0 1 2 0 3 6 13 0 0 1 0 0 0 0 0 0 0 0 0 0 0 0 0 4 3 94 138 255 246 98 9 106 127 115 78 24 0 6 5 0 0 0 0 0 0 0 0 0 0 0 0 0 22 255 255 252 241 180 58 229 255 255 248 155 25 0 1 0 0 0 0 0 0 0 0 0 0 0 0 30 220 233 243 127 98 85 0 20 65 124 220 237 117 14 0 0 0 0 0 0 0 0 0 0 0 0 0 152 251 246 34 9 3 0 0 0 5 0 88 235 238 109 0 0 0 0 0 0 1 1 1 0 16 0 17 255 247 131 6 0 0 9 0 8 0 0 13 31 233 169 0 2 0 19 3 5 4 0 1 1 0 0 95 245 140 6 0 8 0 0 1 0 0 2 0 8 191 249 130 5 0 0 0 1 7 0 0 7 0 42 206 255 114 0 8 0 0 3 0 0 0 9 1 0 63 231 247 8 7 0 1 0 9 2 0 0 13 107 255 244 71 11 3 0 4 11 0 6 0 6 9 0 0 146 255 36 0 4 4 0 0 7 0 0 11 132 250 251 3 0 0 0 2 0 4 0 3 0 0 8 12 109 244 130 0 1 0 8 0 0 10 0 1 134 241 231 0 12 0 9 0 0 3 0 6 0 0 0 7 100 255 235 0 0 0 3 0 0 6 0 0 134 253 139 0 14 0 0 0 3 4 2 2 0 12 0 0 140 255 215 6 1 2 0 12 4 0 0 0 129 255 110 10 4 0 0 0 5 0 0 0 0 5 0 42 226 252 106 0 0 0 0 2 2 0 3 0 143 253 202 21 0 0 18 0 0 3 0 7 0 3 0 213 246 255 1 1 1 0 4 0 0 1 12 0 80 246 239 26 12 0 0 3 22 8 8 0 20 11 0 228 255 155 1 1 1 0 3 1 0 4 0 0 26 255 255 152 0 14 0 0 1 0 0 0 0 0 203 251 201 36 1 1 0 0 1 3 2 1 0 0 0 192 255 227 0 0 9 2 0 5 0 11 43 142 229 168 17 0 0 0 0 0 4 0 0 0 7 5 0 45 245 255 156 0 0 3 0 0 32 109 144 231 226 44 0 0 0 0 0 0 0 0 1 0 4 0 6 0 157 243 244 151 100 10 26 135 234 247 255 235 20 5 0 0 0 0 0 0 0 2 8 0 0 0 8 5 8 215 250 255 249 233 249 254 255 220 95 10 0 0 18 5 0 0 0 0 0 0 1 0 8 3 0 3 7 0 86 201 255 248 223 130 85 14 0 0 15 0 0 4 0 0 0 0 0 0 0 0 0 0 0 0 0 0 0 0 0 0 0 0 0 0 0 0 0 0 0 0 0 0 0 0 0 0 0 0 0 0 0 0 0 0 0 0 0 0 0 0 0 0 0 0 0 0 0 0 0 0 0 0 0 0 0 0 0 0 0 0 0 0 0 0 0 0 0 0 0 0 0 0 0 0 0 0 0 0 0 0 0 0 0 0 0 0 0 0 0 0 0 0 0 0 0 0 0 0 0 0 0 0 0 0 0 0 0 0
0 0 0 0 0 0 0 0 0 0 0 11 9 0 0 8 1 0 0 0 4 3 1 0 0 0 0 0 0 0 0 0 0 0 0 0 11 0 3 0 0 0 9 0 0 2 5 4 1 0 2 7 0 0 0 0 0 0 0 0 0 0 0 0 0 5 0 0 23 5 0 11 3 0 0 0 0 1 0 0 0 0 0 0 0 0 0 0 0 0 0 0 3 8 3 0 0 0 2 0 0 0 0 0 3 8 6 0 0 0 0 0 0 0 0 0 0 0 0 0 0 3 0 4 18 4 0 14 0 7 11 3 0 0 0 0 0 0 0 0 0 0 0 0 0 0 0 0 7 0 0 0 0 4 2 0 0 0 0 0 2 12 12 4 0 0 0 0 0 0 0 0 0 0 0 0 8 0 9 0 5 166 246 127 32 33 22 2 0 0 0 0 0 0 0 0 0 0 0 0 0 0 0 0 0 18 0 17 181 254 235 255 246 255 239 153 51 0 0 9 0 0 0 0 0 0 2 5 0 3 5 0 0 0 58 176 249 255 247 255 255 255 252 255 254 126 4 0 0 0 0 0 0 9 0 0 11 0 0 3 0 14 180 255 249 239 255 254 255 234 255 255 242 247 204 7 0 0 0 0 0 8 0 0 12 0 6 0 0 125 255 234 255 254 255 247 238 209 236 253 249 252 255 125 0 0 0 0 4 0 3 6 0 8 2 0 84 241 255 255 236 255 239 14 3 6 38 128 219 255 242 217 0 0 0 0 9 0 2 12 0 1 0 61 211 255 240 179 45 246 114 0 10 0 0 3 50 255 255 244 0 0 0 0 0 6 0 5 4 0 10 199 255 252 206 0 11 214 0 15 0 0 12 7 0 252 255 253 0 0 0 0 0 4 0 0 7 16 122 255 234 230 181 1 0 9 8 2 11 0 0 0 13 255 252 238 0 0 0 0 4 0 7 0 0 28 221 248 154 20 18 0 0 6 0 0 0 9 12 0 0 255 244 117 0 0 0 0 0 15 0 7 16 227 255 255 61 16 0 0 10 0 2 7 0 0 18 0 189 255 225 49 0 0 0 0 1 3 0 3 88 255 236 148 1 0 0 0 6 0 0 0 2 8 2 117 255 244 84 1 0 0 0 0 0 0 8 0 158 242 255 112 0 2 2 7 4 11 3 0 0 33 193 245 255 54 3 1 0 0 0 0 10 0 0 3 255 255 255 51 2 11 0 1 0 0 3 21 145 234 252 203 42 17 0 3 0 0 0 0 5 0 0 9 222 255 247 63 0 0 0 34 56 115 166 218 233 208 113 4 0 0 0 2 0 0 0 0 0 0 5 0 84 255 253 218 207 191 192 236 255 255 227 202 87 20 0 0 13 0 0 14 0 0 0 0 4 0 0 7 37 205 238 255 255 251 255 255 245 166 65 0 2 0 1 10 0 13 24 0 0 0 0 0 0 3 0 6 0 17 145 208 219 220 199 110 43 0 3 7 0 2 10 0 8 0 0 0 0 0 0 0 0 0 0 0 0 0 0 0 0 0 0 0 0 0 0 0 0 0 0 0 0 0 0 0 0 0 0 0 0 0 0 0 0 0 0 0 0 0 0 0 0 0 0 0 0 0 0 0 0 0 0 0 0 0 0 0 0 0 0 0 0 0 0 0 0 0 0 0 0 0 0 0 0 0 0 0 0 0 0 0 0 0 0 0 0 0 0 0 0 0 0 0 0 0 0 0 0 0 0 0 0 0 0 0 0 0 0 0 0 0 0 0
0 0 0 0 0 0 0 0 5 4 0 0 7 5 0 0 0 6 0 13 0 0 12 0 0 0 0 0 0 0 0 0 0 0 0 0 0 0 0 0 0 0 5 4 6 7 0 0 0 7 8 0 0 0 0 0 0 0 0 0 0 0 0 0 10 0 8 7 0 3 12 0 0 0 13 0 26 0 0 2 0 0 0 0 0 0 0 0 0 0 0 0 2 0 0 0 3 2 0 0 76 255 238 44 7 4 0 13 0 0 0 0 0 0 0 0 0 0 0 0 0 0 0 5 10 0 14 109 248 255 255 237 58 0 1 0 0 0 0 0 0 0 0 0 0 0 0 0 5 7 3 11 1 0 67 235 255 246 244 255 236 44 5 0 0 0 0 0 0 0 0 0 0 0 0 0 0 0 0 0 0 46 160 255 255 246 255 238 255 47 0 0 0 0 0 0 0 0 0 0 0 0 0 0 0 0 5 0 26 169 255 250 246 223 213 253 255 142 5 4 0 0 0 0 0 1 0 6 7 0 0 0 3 3 0 2 102 240 255 245 245 32 144 255 255 214 5 1 0 0 0 0 0 5 0 0 0 5 10 2 0 10 9 77 235 255 255 248 97 0 102 236 249 255 26 11 0 0 0 0 0 0 4 0 0 4 5 0 1 5 12 194 255 255 236 98 1 12 25 255 255 239 43 0 0 0 0 0 0 0 8 11 0 0 0 1 0 0 216 236 254 247 144 13 2 0 54 255 255 255 26 11 0 0 0 0 6 0 5 0 0 6 0 7 11 106 250 254 250 238 38 0 10 0 128 248 249 255 30 0 0 0 0 0 0 0 7 0 0 15 0 0 60 242 255 255 230 39 7 6 0 9 165 255 255 181 23 0 0 0 0 0 0 0 8 0 5 3 0 49 207 255 251 243 104 18 0 0 0 26 223 251 255 126 0 17 0 0 0 0 9 0 0 0 6 0 13 168 249 253 255 185 14 0 2 4 6 159 255 255 250 51 9 0 0 0 0 0 0 5 0 0 0 12 110 255 255 249 251 43 2 2 0 0 4 255 244 253 255 50 1 0 0 0 0 0 2 12 0 7 0 53 251 248 255 253 122 8 5 0 14 6 136 242 255 255 173 0 0 11 0 0 0 0 3 0 0 3 12 104 255 255 254 245 56 23 41 50 140 201 241 255 255 237 104 16 0 0 0 0 0 0 7 0 8 0 5 72 226 239 254 255 186 225 255 255 240 251 249 255 209 99 0 0 0 17 0 0 0 0 0 7 2 1 0 33 255 255 242 252 255 253 238 251 254 255 255 200 66 9 0 9 0 0 0 0 0 0 0 0 2 0 4 23 175 255 255 255 249 255 255 255 255 203 39 21 0 10 0 0 12 7 0 0 0 0 2 0 7 0 6 0 0 109 237 255 251 238 182 114 67 12 7 0 5 4 0 0 8 0 0 0 0 0 0 0 2 5 0 1 9 0 0 4 0 8 6 7 0 9 1 0 4 0 13 0 0 8 0 0 0 0 0 0 0 0 0 0 0 0 0 0 0 0 0 0 0 0 0 0 0 0 0 0 0 0 0 0 0 0 0 0 0 0 0 0 0 0 0 0 0 0 0 0 0 0 0 0 0 0 0 0 0 0 0 0 0 0 0 0 0 0 0 0 0 0 0 0 0 0 0 0 0 0 0 0 0 0 0 0 0 0 0 0 0 0 0 0 0 0 0 0 0 0 0 0 0 0 0 0 0 0 0 0 0 0 0 0 0 0 0 0 0 0
6 0 0 0 1 0 0 5 0 2 0 4 0 0 8 2 0 0 1 0 0 7 6 0 0 0 0 0 1 1 4 6 4 0 0 0 0 6 2 0 8 4 0 0 3 5 5 0 0 0 0 6 0 0 0 0 0 0 4 1 0 0 0 0 13 0 0 0 6 0 9 0 0 0 2 3 3 0 0 6 0 0 0 0 0 0 0 0 0 0 2 0 0 0 18 15 0 16 0 4 0 3 0 0 8 5 0 0 0 0 0 0 3 2 0 0 1 6 4 0 16 0 0 122 196 241 135 59 6 11 2 0 0 3 3 0 0 0 0 0 0 0 0 3 5 1 0 0 0 61 255 255 247 255 255 128 0 0 3 3 0 0 6 0 0 0 0 0 0 0 0 4 2 0 0 15 203 238 250 192 72 0 239 132 23 0 0 15 0 0 7 0 0 0 0 0 8 0 0 5 0 0 17 51 245 255 188 4 0 255 133 0 114 17 0 11 0 0 10 0 0 0 0 0 5 3 0 5 5 0 74 252 255 175 1 0 4 0 4 251 253 248 190 2 1 17 0 3 0 4 3 3 0 0 1 4 0 41 172 255 252 12 14 5 1 0 127 255 253 255 247 247 71 0 12 0 0 0 0 4 0 0 7 0 0 110 253 255 121 0 5 0 11 0 70 251 253 172 193 255 253 126 5 10 3 0 0 1 0 11 0 0 17 135 255 250 14 4 1 3 0 6 0 123 255 255 42 5 255 254 170 0 4 3 0 0 0 5 0 0 7 127 243 191 0 0 1 1 0 6 0 4 60 119 131 75 63 252 255 54 0 0 5 0 1 0 9 7 0 126 255 134 0 15 0 0 19 0 0 1 2 3 0 12 0 121 255 255 10 0 5 0 2 0 8 8 0 133 255 123 7 0 2 20 0 0 3 5 0 1 0 4 10 21 243 252 66 0 1 4 0 9 0 0 11 133 240 137 4 0 13 0 0 6 0 0 1 1 9 0 0 0 255 255 125 7 0 5 5 0 3 0 5 123 255 184 0 0 0 8 7 0 13 0 2 0 6 0 7 0 252 255 135 1 0 1 0 3 0 2 1 132 247 255 14 1 7 0 4 11 0 7 11 0 0 1 5 0 251 255 105 13 6 6 0 0 0 11 0 127 255 254 125 0 0 15 0 5 10 0 2 0 7 1 0 148 255 246 21 0 0 0 1 5 0 1 0 65 249 252 243 143 8 0 3 0 0 0 0 6 0 0 68 167 255 62 0 0 3 0 0 14 0 0 21 0 115 255 255 254 113 8 0 1 10 0 0 8 71 196 249 255 248 4 3 4 5 2 1 0 5 0 0 2 1 167 243 253 255 178 129 129 131 121 128 237 253 255 255 203 0 10 0 0 0 0 0 0 10 8 0 14 0 16 142 182 255 245 255 250 238 255 252 255 251 170 68 1 3 0 4 2 0 0 0 15 0 0 17 0 11 0 0 0 73 126 182 192 255 186 131 118 63 13 0 0 6 1 0 2 2 3 0 0 0 0 0 0 0 0 0 0 0 0 0 0 0 0 0 0 0 0 0 0 0 0 0 0 0 0 0 0 0 0 0 0 0 0 0 0 0 0 0 0 0 0 0 0 0 0 0 0 0 0 0 0 0 0 0 0 0 0 0 0 0 0 0 0 0 0 0 0 0 0 0 0 0 0 0 0 0 0 0 0 0 0 0 0 0 0 0 0 0 0 0 0 0 0 0 0 0 0 0 0 0 0 0 0 0 0 0 0 0 0
0 0 0 0 0 0 0 0 0 15 0 0 19 0 12 0 4 2 2 1 1 1 1 3 0 0 0 0 0 0 0 0 0 0 0 0 1 0 6 8 0 0 0 4 0 1 0 18 0 0 4 0 0 0 0 0 0 0 0 0 0 0 0 0 19 0 3 0 0 19 0 0 0 18 1 0 0 10 0 1 0 0 0 0 0 0 0 0 0 0 0 0 0 2 0 0 13 0 0 2 14 0 14 5 0 1 0 10 0 0 0 0 0 0 0 0 0 0 0 0 0 10 2 3 0 46 114 165 187 38 0 8 0 7 6 0 0 0 0 0 0 0 0 0 0 0 0 0 11 4 3 0 25 220 211 176 220 224 35 0 0 12 3 0 0 0 0 0 0 0 0 0 0 0 0 0 0 0 0 5 131 239 91 0 15 255 189 9 0 0 0 19 0 0 0 0 0 0 0 0 0 0 0 0 2 11 0 35 240 131 0 1 1 180 255 23 10 3 0 0 0 0 0 0 0 0 0 0 0 0 0 0 1 0 3 155 202 0 8 0 0 105 255 120 0 11 0 0 0 0 0 0 0 0 0 0 0 0 0 0 1 0 0 197 168 0 0 1 4 68 243 139 0 7 0 4 0 0 0 0 0 0 0 0 0 0 0 0 0 0 12 241 111 4 0 5 1 13 242 119 2 0 5 0 0 0 0 0 0 0 0 0 0 0 0 0 0 0 90 252 51 3 0 6 3 52 242 130 1 16 8 6 0 0 0 0 0 0 0 0 0 0 0 0 0 0 189 231 9 0 0 3 0 87 255 36 3 0 5 0 0 0 0 0 0 0 0 0 0 0 0 0 0 2 245 213 0 0 2 0 0 184 249 26 0 16 3 9 0 0 0 0 0 0 0 0 0 0 0 0 0 7 235 217 7 0 1 0 0 209 254 0 0 0 3 0 0 0 0 0 0 0 0 0 0 0 0 0 0 10 202 230 20 0 0 0 0 228 247 30 8 0 0 0 0 0 0 0 0 0 0 0 0 0 0 0 0 12 165 246 37 12 0 0 73 255 236 8 6 0 11 0 0 0 0 0 0 0 0 0 0 0 0 0 0 0 166 249 60 0 16 0 122 254 140 0 2 0 1 0 0 0 0 0 0 0 0 0 0 0 0 0 3 3 149 255 35 0 2 14 205 255 65 0 1 1 0 0 0 0 0 0 0 0 0 0 0 0 0 0 2 0 135 239 49 6 6 72 255 235 34 9 0 8 4 0 0 0 0 0 0 0 0 0 0 0 0 0 0 0 46 238 63 0 0 153 255 136 4 5 0 3 4 0 0 0 0 0 0 0 0 0 0 0 0 0 8 0 17 195 198 21 136 255 237 48 0 0 1 0 0 5 0 0 0 0 0 0 0 0 0 0 0 0 0 0 0 137 227 193 255 255 138 9 1 0 7 3 0 4 0 0 0 0 0 0 0 0 0 0 0 0 4 0 3 4 144 255 240 66 18 0 13 0 0 5 0 0 0 0 0 0 0 0 0 0 0 0 0 0 0 0 0 0 0 0 0 0 0 0 0 0 0 0 0 0 0 0 0 0 0 0 0 0 0 0 0 0 0 0 0 0 0 0 0 0 0 0 0 0 0 0 0 0 0 0 0 0 0 0 0 0 0 0 0 0 0 0 0 0 0 0 0 0 0 0 0 0 0 0 0 0 0 0 0 0 0 0 0 0 0 0 0 0 0 0 0 0 0 0 0 0 0 0 0 0 0 0 0 0 0 0 0 0
0 0 0 0 0 0 0 0 0 5 0 0 0 2 5 5 0 6 0 0 1 0 6 0 0 0 0 0 0 0 0 0 0 0 0 0 7 10 0 17 0 3 0 0 0 6 12 6 0 0 0 0 0 0 0 0 0 0 0 0 0 0 0 0 0 0 0 0 0 0 2 6 4 0 0 0 3 7 0 1 0 0 0 0 0 0 0 0 0 0 0 0 8 2 0 1 3 12 0 0 3 0 0 1 1 0 0 10 0 0 0 0 0 0 0 0 0 0 0 0 0 0 0 1 0 54 112 229 255 181 76 0 0 7 5 0 0 0 0 0 0 0 0 0 0 0 0 0 14 0 8 7 164 225 244 255 237 255 216 124 30 0 1 0 0 0 0 0 0 0 0 0 0 0 0 0 0 0 22 0 158 193 221 255 246 255 255 228 120 4 2 1 0 0 0 0 0 0 0 0 0 0 0 0 0 15 0 0 0 0 3 200 251 253 233 255 184 10 0 5 0 0 0 0 0 0 0 0 0 0 0 0 0 3 10 0 0 44 226 243 249 255 246 255 255 6 0 0 0 0 0 0 0 0 0 0 0 0 0 0 14 9 0 0 161 217 251 255 254 255 248 239 249 8 1 6 0 0 0 0 0 0 0 0 0 0 0 0 1 0 23 57 207 252 255 253 176 243 255 255 255 16 0 0 0 0 0 0 0 0 0 0 0 0 0 0 0 19 36 236 243 255 239 150 0 135 236 247 254 19 0 4 0 0 0 0 0 0 0 0 0 0 0 0 0 0 155 242 255 224 49 15 0 142 255 255 252 17 0 1 0 0 0 0 0 0 0 0 0 0 0 0 14 137 255 250 222 41 7 0 0 114 241 250 241 22 3 3 0 0 0 0 0 0 0 0 0 0 0 0 74 232 251 252 57 4 0 5 18 117 251 255 242 18 0 0 0 0 0 0 0 0 0 0 0 0 0 0 63 222 255 199 30 3 0 0 0 86 235 255 222 2 0 5 0 0 0 0 0 0 7 0 0 3 4 0 216 254 255 17 0 5 1 0 23 255 247 255 113 10 0 6 0 0 0 0 5 0 0 1 0 1 4 57 151 255 179 0 0 0 11 39 197 252 254 137 0 0 24 0 0 0 0 0 6 0 0 6 0 0 13 166 255 255 235 8 20 6 109 226 255 255 225 66 0 3 0 0 0 0 0 0 0 0 0 7 0 0 21 234 254 249 250 176 65 115 255 248 246 233 69 2 0 0 0 24 0 0 0 0 0 3 1 2 0 5 7 190 236 255 241 255 255 243 255 253 245 154 0 14 4 2 0 0 0 0 0 0 0 1 0 0 1 12 0 78 255 233 255 245 255 254 250 254 199 81 0 0 0 1 13 0 0 0 0 0 1 0 0 0 3 9 0 8 115 254 255 251 245 249 237 172 16 0 14 0 13 10 0 0 0 0 0 0 0 0 7 4 0 1 5 1 27 117 255 243 255 154 68 2 0 0 4 0 0 0 0 0 0 0 0 0 0 0 0 0 0 0 0 0 0 0 0 0 0 0 0 0 0 0 0 0 0 0 0 0 0 0 0 0 0 0 0 0 0 0 0 0 0 0 0 0 0 0 0 0 0 0 0 0 0 0 0 0 0 0 0 0 0 0 0 0 0 0 0 0 0 0 0 0 0 0 0 0 0 0 0 0 0 0 0 0 0 0 0 0 0 0 0 0 0 0 0 0 0 0 0 0 0 0 0 0 0 0 0 0 0 0 0 0 0 0 0 0
0 0 0 0 0 0 0 0 0 10 0 4 0 17 1 2 13 0 0 3 0 0 7 0 0 0 0 0 0 0 0 0 0 0 0 0 15 0 15 0 11 0 0 0 0 9 8 8 6 0 0 1 0 0 0 0 0 0 0 0 0 0 0 0 6 4 0 0 0 9 0 2 0 4 0 0 2 7 0 4 0 0 0 0 0 0 0 0 0 0 0 0 0 0 7 0 13 0 13 0 7 14 11 0 0 6 0 0 0 0 0 0 0 0 0 0 0 0 0 0 23 0 4 0 0 10 4 0 4 0 0 16 0 0 0 14 0 0 0 0 0 0 0 0 0 0 0 0 0 0 0 0 66 187 22 11 69 183 255 151 17 2 4 1 0 0 0 0 0 0 0 0 0 0 0 0 0 0 35 7 169 255 193 182 235 238 255 247 192 84 0 2 0 0 0 0 0 0 0 0 0 0 0 0 6 0 130 255 245 239 255 240 249 254 253 247 255 163 4 6 0 0 0 0 9 0 7 0 8 0 1 0 11 41 227 255 239 244 255 254 247 255 255 251 246 255 43 0 0 0 0 0 0 16 0 0 2 0 1 15 62 235 255 237 251 255 240 252 255 235 255 253 255 244 202 52 0 0 0 0 0 1 6 23 0 0 0 0 133 255 255 253 255 252 101 37 35 61 168 252 255 255 249 116 0 0 0 0 0 0 0 0 1 13 7 130 255 240 255 245 245 248 91 10 0 18 1 189 255 224 255 255 0 0 0 0 16 0 3 9 0 0 105 228 242 241 255 250 255 252 72 3 0 8 10 0 215 255 252 255 0 0 0 0 0 20 0 3 10 0 134 249 255 255 235 255 255 250 77 2 0 0 0 10 213 253 255 243 0 0 0 0 1 0 0 0 0 78 227 255 241 143 108 182 247 254 93 0 10 0 9 0 66 254 244 255 0 0 0 0 8 0 14 3 54 229 255 251 172 15 0 22 187 237 76 0 0 3 0 7 53 255 255 248 0 0 0 0 0 5 1 0 103 251 238 255 127 10 0 7 0 0 12 0 2 18 0 42 243 255 247 245 0 0 0 0 0 13 0 2 74 254 255 219 36 0 0 6 0 4 4 0 0 9 162 235 241 255 253 138 0 0 0 0 2 6 0 1 176 255 255 219 0 5 6 0 3 4 3 45 128 172 255 247 234 255 204 48 0 0 0 0 7 0 0 8 212 251 250 248 138 31 32 48 29 102 198 217 251 250 243 255 255 196 54 0 0 0 0 0 0 0 5 11 94 250 252 248 250 238 255 255 255 250 249 255 255 241 250 255 96 4 3 3 0 0 0 0 0 2 7 0 79 255 255 247 255 250 255 242 237 255 252 241 198 201 80 23 12 9 0 0 0 0 0 0 2 0 3 0 116 237 255 254 240 255 252 242 255 255 151 101 34 0 0 11 0 0 13 0 0 0 0 0 0 0 2 17 47 185 255 246 255 248 255 188 70 12 3 4 0 0 5 0 0 6 0 10 0 0 0 0 3 4 1 0 1 26 66 97 90 94 71 25 0 0 1 0 0 0 0 0 0 0 0 0 0 0 0 0 0 0 0 0 0 0 1 6 0 5 6 0 0 0 7 5 0 0 0 0 0 0 0 0 0 0 0 0 6 4 3 3 3 0 0 0 0 1 4 1 0 0 0 0 0 0 0 0 0 0 0 0 0 0 0 0 6 0 0 0 0 5 8 8 6 2 0 0 1 0 0 2 0 0 0 0 0 0 0 0 0 0 0 0
0 0 0 0 0 0 0 0 5 0 9 0 0 3 0 5 0 2 5 0 8 0 3 2 0 0 0 0 0 0 0 0 0 0 0 0 0 0 7 0 0 12 0 0 1 0 0 0 6 0 0 3 0 0 0 0 0 0 0 0 0 0 0 0 0 0 6 0 0 4 2 0 1 2 5 4 0 4 5 0 0 0 0 0 0 0 0 0 0 0 0 0 19 0 0 0 0 6 0 0 0 0 0 1 0 1 4 0 0 0 0 0 0 0 0 0 0 0 0 0 0 0 0 5 3 0 0 16 10 0 0 4 2 0 0 12 0 0 0 0 0 0 0 0 0 0 0 0 9 28 0 0 12 1 0 0 0 8 15 0 9 3 2 0 0 0 0 0 0 0 0 0 0 0 0 0 0 49 30 69 198 255 255 243 255 237 168 45 41 1 6 6 0 0 0 0 0 0 0 0 0 0 0 0 85 246 255 238 255 252 243 255 255 247 255 246 255 86 0 0 0 0 0 0 2 3 1 0 0 10 0 100 235 246 255 245 251 255 237 255 255 241 251 255 242 212 0 2 0 0 0 2 0 0 0 22 0 0 75 234 237 253 254 244 244 255 255 238 240 255 255 233 255 236 111 8 5 0 1 1 7 0 10 0 0 4 144 255 255 252 255 251 214 211 255 252 252 239 122 114 232 255 254 90 0 0 0 3 0 18 0 0 16 128 255 235 241 148 158 133 44 28 136 229 244 124 0 13 206 246 255 97 0 0 0 6 6 0 19 0 0 252 244 255 255 9 0 0 0 0 18 53 111 0 0 2 194 243 241 95 9 0 0 5 3 6 0 10 0 94 255 244 245 0 11 13 3 12 0 1 0 0 8 0 63 255 255 213 35 11 0 0 4 2 2 0 16 16 255 254 255 2 4 0 0 4 2 5 0 21 0 0 0 253 255 255 41 12 0 0 1 1 0 3 0 64 251 245 245 0 0 6 3 0 2 0 0 0 1 7 86 251 247 187 30 2 0 2 0 2 0 10 0 57 251 249 246 4 0 0 15 7 0 5 2 0 3 10 193 241 255 98 0 0 0 0 10 0 0 6 0 33 248 244 246 11 9 0 0 0 5 0 0 8 0 0 213 255 164 24 0 0 0 0 0 0 5 0 4 55 255 255 255 23 0 8 0 12 7 5 4 0 6 156 240 245 140 1 0 0 0 0 0 5 14 0 0 31 185 231 237 240 53 5 6 0 0 0 0 12 38 173 255 244 97 5 0 0 0 0 7 0 0 3 0 0 54 199 248 255 141 11 0 13 1 2 6 11 211 255 255 198 0 2 0 0 0 0 0 0 0 6 7 0 0 137 246 245 243 62 0 0 24 0 171 216 244 234 255 10 22 3 0 0 0 0 0 15 4 0 0 0 0 21 160 255 247 255 255 49 127 255 235 255 231 202 28 17 0 0 0 0 0 0 1 2 0 0 17 0 17 0 9 156 255 242 251 255 232 255 253 217 106 0 4 2 0 1 0 0 0 0 0 0 0 0 0 0 0 0 0 13 122 92 219 251 249 254 253 86 0 3 1 1 9 0 0 0 0 0 0 0 0 0 0 0 0 0 0 14 0 11 46 209 134 138 54 0 0 8 0 0 7 6 0 0 0 0 0 0 0 0 0 0 0 0 0 11 12 0 5 13 0 0 0 0 8 11 0 0 2 0 0 0 0 0 0 0 0 0 0 0 0 0 0 0 0 0 13 0 0 10 3 9 0 0 0 8 5 0 0 0 0 0
0 0 0 0 0 0 0 0 5 5 0 3 2 0 0 0 0 0 4 12 6 0 0 6 0 0 0 0 0 0 0 0 0 0 0 0 0 0 20 0 0 9 13 0 8 2 0 0 0 1 2 2 0 0 0 0 0 0 0 0 0 0 0 0 22 4 0 2 1 0 0 0 1 1 0 0 0 4 0 0 0 0 0 0 0 0 0 0 0 0 0 0 0 19 0 2 0 19 0 4 0 0 4 6 4 2 4 6 0 0 0 0 0 0 0 0 0 0 0 0 16 0 0 0 0 7 0 0 12 3 0 0 0 0 0 0 0 0 0 0 0 0 0 0 0 0 0 0 0 9 0 1 95 206 255 0 0 0 0 4 13 13 8 5 0 0 0 0 0 0 0 0 0 0 0 0 0 3 6 132 239 254 250 0 0 8 8 0 0 0 1 0 0 0 0 0 0 0 0 0 0 0 0 0 10 6 101 250 255 195 78 127 195 207 165 69 0 0 5 2 0 0 0 0 0 8 0 2 3 0 0 0 8 0 255 240 246 201 212 253 248 255 242 251 164 42 0 8 0 0 0 16 0 5 0 0 6 7 4 2 0 78 255 254 255 255 255 251 206 128 185 255 255 156 0 0 0 4 10 0 0 7 0 0 3 3 0 0 110 249 247 255 242 223 143 3 2 14 0 13 0 221 152 145 66 0 0 0 0 5 3 0 3 0 0 34 185 255 244 182 65 162 0 0 0 0 13 0 20 92 232 235 226 11 1 0 0 0 4 4 6 0 29 141 254 255 255 49 10 0 6 4 0 11 0 12 0 84 255 255 255 1 12 3 3 0 1 0 1 0 65 234 255 239 180 18 0 20 0 0 7 0 0 4 0 88 243 251 248 0 0 11 5 0 4 0 0 0 74 255 242 255 62 0 0 0 17 2 3 5 5 0 0 97 249 250 255 18 0 3 0 0 9 0 3 10 77 255 249 255 0 0 11 4 0 6 0 12 0 7 0 83 255 254 109 0 2 0 5 0 9 0 4 0 214 253 249 127 0 7 0 0 7 0 5 0 0 6 34 215 255 195 58 21 0 0 0 3 0 0 0 104 236 254 252 90 1 0 4 2 16 0 1 8 0 4 223 250 248 57 12 0 0 0 1 1 1 4 0 209 252 255 199 5 0 4 11 0 0 9 0 7 0 127 240 183 71 0 0 0 0 3 7 0 12 3 1 250 245 255 77 21 0 11 0 0 7 7 0 31 216 248 255 185 0 17 1 5 6 1 3 0 6 1 0 255 243 249 72 0 8 0 0 16 0 105 172 255 255 240 243 100 4 0 0 1 0 0 0 7 0 7 0 255 255 249 105 0 10 0 1 0 46 255 236 244 251 226 27 10 1 2 0 0 1 0 0 16 0 10 0 205 255 253 67 28 0 0 15 55 214 255 252 249 112 14 0 2 0 1 3 2 4 6 0 2 0 2 0 112 241 253 96 0 4 0 30 214 248 227 180 65 0 4 10 0 6 2 0 0 0 0 1 4 1 0 0 26 76 116 92 11 0 1 4 70 94 15 0 0 0 0 0 0 0 0 0 0 0 0 0 0 4 0 0 0 0 8 2 0 3 1 0 7 17 0 0 0 0 0 0 0 0 0 0 0 0 0 0 0 2 4 4 3 1 1 0 7 4 0 2 0 0 0 0 0 0 0 0 0 0 0 0 0 0 0 4 2 0 0 0 1 3 4 7 6 0 0 7 5 0 6 0 0 0 0 0 0 0 0 0 0 0 0
0 0 0 0 0 0 0 0 0 5 0 0 3 0 0 6 2 0 0 0 0 3 7 0 0 0 0 0 0 0 0 0 0 0 0 0 8 1 10 0 0 6 15 0 0 4 3 2 7 0 0 0 0 0 0 0 0 0 0 0 0 0 0 0 3 0 0 2 4 0 0 4 0 4 0 0 6 3 0 3 0 0 0 0 0 0 0 0 0 0 0 0 2 1 0 13 0 1 1 13 1 5 8 5 2 3 3 0 0 0 0 0 0 0 0 0 0 0 0 0 0 0 7 12 34 130 164 109 24 0 0 6 0 0 10 6 0 0 0 0 0 0 0 0 0 0 0 0 0 0 0 14 190 255 255 248 218 81 5 11 4 0 0 0 0 0 0 0 0 0 0 0 0 0 0 0 7 0 14 103 255 255 234 255 255 148 30 0 0 4 6 5 0 0 0 0 0 0 0 0 0 0 0 0 8 0 80 252 244 255 254 247 251 255 161 28 0 0 0 5 0 0 0 0 0 0 0 0 0 0 0 0 0 2 116 255 255 242 242 194 153 255 228 1 0 5 0 0 0 0 0 0 0 0 0 0 0 0 0 0 0 12 106 239 249 255 255 7 54 220 237 178 13 0 7 1 0 0 0 0 0 0 0 0 0 0 0 0 0 0 116 255 255 251 74 0 8 194 255 255 103 12 0 0 0 0 0 0 0 0 0 0 0 0 0 0 5 22 237 247 252 214 11 0 0 100 250 241 146 1 0 12 0 0 0 0 0 0 0 0 0 0 0 0 22 198 246 255 255 199 5 0 12 26 184 255 150 15 0 0 0 0 0 0 0 0 0 0 0 0 0 0 35 255 254 224 255 77 0 15 0 0 170 255 247 8 11 6 0 0 0 0 0 0 0 0 0 0 0 0 81 244 255 255 174 17 0 0 0 0 36 249 255 182 0 0 0 0 0 0 0 0 0 0 0 0 0 0 175 250 244 255 203 0 13 0 0 3 153 251 242 166 6 6 0 0 0 0 0 0 0 0 0 0 0 0 168 255 243 255 165 1 0 9 0 12 159 252 255 163 0 0 0 0 0 0 0 0 0 0 0 0 0 0 169 239 255 242 61 0 0 0 4 122 210 255 248 142 23 7 0 0 0 0 0 0 0 0 0 0 0 0 163 255 255 254 62 12 0 8 45 236 255 231 255 41 0 0 0 0 0 0 0 0 0 0 0 0 0 0 37 237 249 250 40 10 118 180 245 255 230 255 148 13 0 15 0 0 0 0 0 0 0 0 0 0 0 0 22 255 255 255 232 230 245 241 255 255 233 155 0 0 4 0 0 0 0 0 0 0 0 0 0 0 0 0 24 172 255 234 255 255 245 255 243 227 194 6 4 6 0 0 0 0 0 0 0 0 0 0 0 0 0 0 11 2 209 255 252 246 255 226 236 83 0 2 0 7 0 2 0 0 0 0 0 0 0 0 0 0 0 0 0 0 60 111 208 163 106 67 0 5 0 7 0 0 9 2 0 0 0 0 0 0 0 0 0 0 0 0 0 0 0 0 0 0 0 0 0 0 0 0 0 0 0 0 0 0 0 0 0 0 0 0 0 0 0 0 0 0 0 0 0 0 0 0 0 0 0 0 0 0 0 0 0 0 0 0 0 0 0 0 0 0 0 0 0 0 0 0 0 0 0 0 0 0 0 0 0 0 0 0 0 0 0 0 0 0 0 0 0 0 0 0 0 0 0 0 0 0 0 0 0 0 0 0 0 0 0 0 0 0 0 0
0 0 0 0 0 0 0 0 3 0 0 0 1 3 0 0 0 1 0 0 1 8 4 0 0 0 0 0 0 0 0 0 0 0 0 0 0 6 15 13 2 0 0 1 0 0 3 5 0 0 0 4 0 0 0 0 0 0 0 0 0 0 0 0 4 0 0 0 0 1 6 0 0 0 0 0 5 15 8 0 0 0 0 0 0 0 0 0 0 0 0 0 6 1 9 12 2 0 1 0 3 9 7 0 0 0 3 5 0 0 0 0 0 0 0 0 0 0 0 0 1 0 0 0 0 2 5 1 1 0 0 5 11 1 0 0 0 0 0 0 0 0 0 0 0 0 0 0 0 6 4 0 3 0 0 8 6 19 14 0 0 6 12 3 0 0 0 0 0 0 0 0 0 0 0 0 0 10 0 0 35 92 165 248 243 255 241 140 35 0 0 3 0 0 0 0 0 0 0 0 0 0 0 0 5 5 0 54 199 255 255 255 255 242 253 255 202 82 5 0 0 0 0 0 0 3 0 0 11 0 14 0 19 104 148 207 255 255 246 255 255 254 255 242 252 255 22 0 0 0 0 0 0 0 12 4 0 10 17 149 211 255 255 249 255 236 241 255 255 249 249 255 243 241 174 0 0 0 0 0 0 16 0 0 0 40 255 249 245 235 209 226 240 255 112 65 80 95 98 193 255 252 247 22 0 0 0 0 3 0 0 0 37 206 249 233 208 22 0 27 183 250 52 0 17 10 0 15 138 246 255 133 0 0 0 0 0 7 0 0 148 234 255 103 0 4 13 0 10 152 27 3 0 0 14 2 22 250 255 124 0 0 0 0 1 4 0 13 155 255 207 29 0 7 0 0 2 0 3 0 0 0 0 3 0 240 255 126 0 0 0 0 0 0 12 0 255 226 69 0 0 15 0 13 0 3 4 0 8 11 0 1 80 244 246 130 0 0 0 0 1 4 9 0 255 255 106 2 10 0 8 0 4 9 0 3 0 8 10 0 112 253 255 131 0 0 0 0 6 0 10 0 119 245 215 70 3 0 5 13 0 12 3 0 0 10 3 0 72 252 255 174 0 0 0 0 0 9 0 26 18 209 255 227 42 1 0 0 9 3 0 18 14 0 0 8 81 251 241 143 0 0 0 0 18 0 5 0 0 24 197 253 198 42 0 0 12 0 0 0 0 8 0 38 214 254 255 87 0 0 0 0 0 1 0 2 22 7 102 221 254 234 141 1 0 4 3 0 0 0 5 158 255 244 136 0 0 0 0 0 0 22 0 0 0 10 0 44 255 245 227 146 26 2 0 0 16 22 219 242 228 255 94 0 0 0 0 0 8 0 19 0 0 5 7 0 115 214 255 255 229 193 111 109 143 234 255 255 253 30 0 3 0 0 0 0 15 0 0 14 0 0 4 5 0 35 145 242 255 255 238 255 255 245 244 204 53 0 0 1 0 0 0 0 0 16 0 1 9 0 0 0 1 0 11 35 163 245 255 252 255 255 147 36 0 9 0 5 0 0 0 0 0 0 0 0 0 0 0 0 0 0 0 1 1 2 2 2 0 0 0 0 0 0 0 0 0 0 0 0 0 0 0 0 0 0 0 0 0 0 0 1 1 2 2 2 0 0 0 0 0 0 0 0 0 0 0 0 0 0 0 0 0 0 0 0 0 0 0 0 1 1 1 1 0 0 0 0 0 0 0 0 0 0 0 0 0 0 0 0 0 0 0 0 0 0 0 0 0 0 0 1 0 0 0 0 0 0 0 0 0 0 0 0
0 0 0 0 0 0 0 0 0 0 0 4 3 0 0 2 0 3 0 0 13 2 0 4 0 0 0 0 0 0 0 0 0 0 0 0 0 10 13 0 0 0 2 2 3 2 2 0 0 0 1 12 0 0 0 0 0 0 0 0 0 0 0 0 1 0 0 4 12 7 0 0 0 0 0 16 10 0 0 0 0 0 0 0 0 0 0 0 0 0 0 0 1 0 0 0 0 0 3 14 4 17 0 0 0 10 10 0 0 0 0 0 0 0 0 0 0 0 0 0 0 6 5 0 0 5 0 0 0 0 3 70 102 34 0 5 0 0 0 0 0 0 0 0 0 0 0 0 2 0 0 5 5 0 3 20 71 179 215 236 255 227 123 0 0 0 0 0 0 0 0 0 0 0 0 0 4 2 4 0 0 16 105 196 236 249 208 200 231 255 204 44 0 0 0 0 0 0 0 0 0 0 0 0 0 12 4 0 47 168 245 253 232 118 0 0 76 211 255 123 0 0 0 0 5 0 5 3 5 0 5 0 1 0 0 51 209 255 255 243 60 5 0 0 8 193 255 251 0 0 0 0 1 0 12 0 0 20 0 6 1 62 149 241 254 252 239 127 0 0 12 0 0 189 245 250 0 0 0 0 0 5 0 1 0 18 0 2 88 237 244 255 187 191 15 0 0 4 16 0 3 207 255 255 0 0 0 0 0 0 0 0 2 0 61 77 237 252 251 236 66 0 21 3 14 0 3 0 0 201 254 238 0 0 0 0 5 7 6 13 0 25 198 243 254 255 233 93 12 6 3 0 4 0 14 1 0 195 254 171 0 0 0 0 0 0 0 0 2 149 246 255 255 178 7 17 0 0 0 0 6 0 7 1 47 223 255 86 0 0 0 0 14 3 3 12 101 255 255 225 57 6 0 0 12 8 7 3 4 0 0 20 140 247 233 14 0 0 0 0 0 5 0 5 158 253 245 180 0 17 0 0 6 0 0 5 0 2 12 93 248 255 207 0 0 0 0 0 0 3 9 0 252 252 254 80 0 7 1 0 7 5 0 3 0 14 21 228 246 245 86 9 0 0 0 0 21 0 0 3 240 255 244 88 0 0 0 16 0 0 22 0 4 11 228 253 255 95 4 0 0 0 0 0 0 0 14 0 115 235 255 94 12 4 6 0 0 22 0 0 114 154 244 232 252 65 4 6 0 0 0 0 17 5 0 1 119 248 255 224 109 1 0 4 77 111 102 239 255 240 255 212 18 0 0 0 0 0 0 0 0 0 6 0 20 176 246 255 241 223 232 241 238 251 255 250 255 244 217 159 0 3 23 0 0 0 0 0 0 10 2 5 14 29 86 255 255 251 250 238 244 255 250 255 202 188 18 0 16 0 14 0 0 0 0 0 10 2 0 0 0 0 29 81 159 207 255 244 255 221 95 72 21 0 3 6 0 2 0 10 0 0 0 0 0 3 5 0 8 0 0 1 7 0 30 125 102 0 0 7 4 0 0 0 12 0 4 0 0 0 0 0 0 0 0 0 0 0 0 0 0 0 0 0 0 0 0 0 0 0 0 0 0 0 0 0 0 0 0 0 0 0 0 0 0 0 0 0 0 0 0 0 0 0 0 0 0 0 0 0 0 0 0 0 0 0 0 0 0 0 0 0 0 0 0 0 0 0 0 0 0 0 0 0 0 0 0 0 0 0 0 0 0 0 0 0 0 0 0 0 0 0 0 0 0 0 0 0 0 0 0 0 0 0 0 0 0 0 0 0 0 0 0 0
0 0 0 0 0 0 0 0 0 7 6 0 0 0 0 3 7 0 7 7 0 0 9 0 0 0 0 0 0 0 0 0 0 0 0 0 2 2 0 0 9 6 0 5 0 17 0 0 11 9 0 0 0 0 0 0 0 0 0 0 0 0 0 0 0 4 0 0 1 2 0 3 6 0 0 9 2 0 7 6 0 0 0 0 0 0 0 0 0 0 0 0 0 4 0 0 5 3 0 0 0 9 5 6 0 0 0 0 0 0 0 0 0 0 0 0 0 0 0 0 4 0 0 9 9 0 0 36 255 166 178 244 152 48 0 12 0 0 0 0 0 0 0 0 0 0 0 0 8 0 0 5 0 0 53 169 246 255 254 244 253 181 0 0 0 0 0 0 0 0 0 0 0 0 0 0 0 6 3 0 7 56 159 255 246 251 255 254 255 219 3 0 0 0 0 0 0 0 0 0 0 0 0 0 0 8 0 3 90 206 255 250 255 240 255 249 246 213 0 4 0 0 0 0 0 13 0 0 6 0 8 2 0 2 0 175 247 245 254 253 247 212 222 255 245 217 2 8 0 0 0 0 0 0 2 9 7 0 0 0 11 0 93 247 241 255 249 216 105 9 0 208 255 245 116 2 0 0 0 0 6 0 0 11 0 2 3 0 0 169 251 253 252 255 153 62 0 0 0 90 249 250 74 0 0 0 0 0 6 0 2 0 0 9 0 3 93 255 253 245 206 101 9 0 4 0 7 24 179 251 255 6 0 0 0 0 0 5 6 0 2 0 3 49 255 238 252 255 119 0 5 6 0 14 0 57 255 255 237 0 0 0 0 0 0 1 1 0 5 0 78 176 245 255 249 125 7 2 0 0 6 3 0 127 251 250 218 25 0 0 0 0 7 0 0 0 4 14 191 255 251 255 142 0 0 16 0 21 0 9 12 222 255 249 208 0 0 0 0 0 5 0 9 0 9 52 255 248 253 141 8 0 17 0 0 0 1 0 130 243 255 245 104 0 0 0 0 0 0 5 0 1 0 106 240 254 235 35 7 0 4 8 0 4 6 63 255 242 253 252 80 5 0 0 0 0 0 6 0 8 17 221 255 226 35 3 5 0 3 0 10 10 124 255 251 255 228 123 0 0 0 0 0 0 0 4 4 4 0 238 245 192 12 0 0 0 8 0 72 186 242 255 237 255 138 0 6 11 0 0 0 0 11 0 0 9 0 245 253 202 0 1 20 0 83 201 236 255 255 255 255 64 0 22 2 0 0 0 0 0 3 3 0 12 5 181 255 229 198 138 174 204 249 254 236 253 250 231 51 9 3 0 0 0 0 0 0 0 0 10 7 0 0 98 253 255 251 253 255 255 253 249 255 232 132 48 0 0 0 11 16 0 0 0 0 0 8 6 0 0 19 87 231 255 249 255 248 240 251 249 243 142 1 0 5 0 10 0 9 0 0 0 0 0 1 0 0 0 6 0 98 147 255 239 255 255 214 111 26 0 0 1 0 10 0 0 0 2 0 0 0 0 0 0 0 0 0 0 0 0 0 0 0 0 0 0 0 0 0 0 0 0 0 0 0 0 0 0 0 0 0 0 0 0 0 0 0 0 0 0 0 0 0 0 0 0 0 0 0 0 0 0 0 0 0 0 0 0 0 0 0 0 0 0 0 0 0 0 0 0 0 0 0 0 0 0 0 0 0 0 0 0 0 0 0 0 0 0 0 0 0 0 0 0 0 0 0 0 0 0 0 0 0 0 0 0 0 0 0 0 0 0 0 0
0 0 0 0 0 0 0 0 4 9 0 0 1 0 1 0 0 6 0 6 1 5 0 7 0 0 0 0 0 0 0 0 0 0 0 0 2 0 3 6 0 0 2 11 0 5 13 0 7 0 15 0 0 0 0 0 0 0 0 0 0 0 0 0 0 8 0 0 6 6 2 0 0 9 0 8 0 10 9 0 0 0 0 0 0 0 0 0 0 0 0 0 0 22 0 0 10 0 0 17 9 0 16 0 0 16 0 14 0 0 0 0 0 0 0 0 0 0 0 0 4 0 21 0 0 10 50 177 252 244 0 8 0 3 17 0 0 0 0 0 0 0 0 0 0 0 0 0 2 9 0 12 0 58 237 251 249 252 180 19 21 0 4 0 0 0 0 0 0 0 0 0 0 0 0 0 10 0 11 0 62 214 248 252 254 255 246 75 4 6 0 0 0 0 0 0 0 0 0 0 0 0 0 0 0 16 0 81 221 255 255 251 255 239 255 99 0 0 2 5 0 0 0 0 1 1 0 6 3 0 3 8 6 0 102 236 251 255 244 180 102 216 255 75 0 6 0 0 0 0 0 0 3 1 0 2 0 0 0 0 0 89 255 255 250 230 161 28 2 42 245 226 31 0 1 11 0 0 0 0 0 0 2 1 0 3 7 0 12 226 245 251 250 179 0 0 0 0 254 254 133 0 3 0 0 0 0 0 0 0 3 1 0 7 2 0 145 255 255 251 148 14 0 17 4 44 251 236 194 8 0 4 0 0 0 0 7 0 5 0 0 0 0 7 213 254 254 204 0 0 11 1 0 9 169 255 211 37 0 6 0 0 0 0 6 0 5 0 5 0 0 83 229 251 255 24 7 8 9 0 1 0 168 255 247 58 9 0 0 0 0 0 0 1 5 0 11 0 34 194 255 252 190 17 0 0 0 4 0 29 255 248 255 41 0 6 0 0 0 0 0 4 5 0 7 0 51 255 253 203 49 0 10 0 14 0 3 1 254 251 247 71 0 2 0 0 0 0 0 0 10 0 0 2 51 255 244 162 0 0 7 7 0 4 6 10 252 250 218 22 15 0 0 0 0 0 4 0 0 0 0 5 49 255 255 146 0 12 0 0 8 0 51 186 255 253 201 10 0 4 0 0 0 0 0 0 0 1 5 1 43 250 246 156 0 0 4 3 14 29 188 252 255 241 158 0 4 0 0 0 0 0 0 3 2 3 0 0 56 255 251 171 7 0 2 13 110 231 254 250 242 234 42 7 0 0 0 0 0 0 2 4 0 0 0 0 59 232 255 250 190 187 168 199 255 255 243 255 255 110 10 0 0 7 0 0 0 0 0 0 0 4 0 2 15 99 230 255 241 255 255 243 255 241 255 238 108 29 0 7 0 1 0 0 0 0 0 0 0 13 0 2 0 0 75 240 255 242 250 255 255 241 204 99 0 0 11 0 24 0 0 0 0 0 3 0 1 3 0 6 6 0 5 6 68 216 232 128 125 142 21 0 0 17 1 0 0 0 0 0 0 0 0 0 0 0 0 0 0 0 0 0 0 0 0 0 0 0 0 0 0 0 0 0 0 0 0 0 0 0 0 0 0 0 0 0 0 0 0 0 0 0 0 0 0 0 0 0 0 0 0 0 0 0 0 0 0 0 0 0 0 0 0 0 0 0 0 0 0 0 0 0 0 0 0 0 0 0 0 0 0 0 0 0 0 0 0 0 0 0 0 0 0 0 0 0 0 0 0 0 0 0 0 0 0 0 0 0 0 0 0 0 0 0
0 0 0 0 0 0 0 0 3 8 0 2 0 0 12 0 0 2 0 0 0 0 0 0 0 0 0 0 0 0 0 0 0 0 0 0 0 0 9 6 17 0 0 6 0 6 8 1 0 0 5 0 0 0 0 0 0 0 0 0 0 0 0 0 0 13 0 0 7 5 12 3 9 0 0 6 4 0 0 0 0 0 0 0 0 0 0 0 0 0 0 0 7 13 0 18 3 0 0 0 4 0 1 8 0 0 0 0 0 0 0 0 0 0 0 0 0 0 0 0 1 0 27 1 0 6 9 5 2 0 20 3 0 6 9 0 0 0 0 0 0 0 0 0 0 0 0 0 4 2 0 3 68 60 217 165 85 0 0 0 0 5 0 0 0 0 0 0 0 0 0 0 0 0 0 0 4 0 140 190 255 252 243 255 199 33 0 5 10 3 0 0 0 0 0 0 0 0 0 0 0 0 0 0 26 199 249 246 253 255 255 245 249 112 53 12 0 5 1 6 0 0 0 0 2 0 0 20 0 10 2 55 239 249 161 91 254 173 178 168 195 242 255 211 115 5 0 0 0 3 0 0 0 11 0 0 14 0 4 242 250 163 22 0 160 42 0 10 0 46 176 253 255 172 20 0 1 6 2 0 0 11 1 0 0 0 83 255 162 9 0 7 8 0 18 0 0 25 0 52 150 255 204 4 1 3 3 2 0 0 0 11 0 30 234 237 61 12 1 0 9 9 5 14 7 0 0 0 33 205 248 53 0 0 0 1 1 1 0 11 10 32 255 255 66 0 5 11 0 2 0 0 8 0 7 4 0 73 255 195 9 0 0 3 11 0 2 0 0 39 237 225 19 0 9 7 0 0 0 15 0 28 0 0 12 6 228 234 28 2 1 7 1 0 8 4 0 67 255 209 0 7 0 0 7 11 0 0 2 0 11 0 10 0 118 255 42 6 0 8 0 13 0 2 0 33 255 224 0 0 4 0 5 0 0 0 1 0 0 3 1 3 138 255 44 2 0 4 0 0 0 10 0 45 255 211 2 0 0 1 2 0 0 0 0 0 5 0 0 6 224 252 36 14 0 0 1 0 4 2 0 21 184 252 49 8 9 0 0 14 0 7 0 8 0 6 8 20 212 248 22 6 0 0 3 0 10 0 0 0 83 255 204 23 0 18 0 2 21 0 1 10 0 0 0 126 255 130 5 0 0 3 2 0 6 0 0 0 17 222 247 141 0 4 11 0 9 0 0 0 8 10 53 214 255 34 0 0 0 4 2 0 0 4 0 4 0 107 254 230 44 0 6 0 0 14 8 0 25 86 227 255 154 8 0 0 1 3 2 2 0 6 0 4 0 8 144 255 233 80 0 18 0 0 8 110 255 254 224 132 30 0 1 1 1 1 2 1 0 5 0 1 0 0 17 140 245 255 165 64 4 144 224 254 250 134 11 0 11 0 1 1 0 0 0 0 2 4 0 0 6 2 0 0 95 250 241 255 255 250 243 173 30 9 0 0 0 0 0 0 0 0 0 0 0 0 0 0 0 0 4 0 0 54 151 218 201 147 29 12 0 0 3 2 0 0 0 0 0 0 0 0 0 0 0 0 0 0 0 0 0 0 1 13 8 0 11 1 0 0 3 2 0 0 0 0 0 0 0 0 0 0 0 0 0 0 5 11 11 1 0 0 0 1 0 0 0 0 3 1 0 0 0 0 0 0 0 0 0 0 0 0 0 0 0 0 0 0 3 3 3 4 0 0 2 4 2 0 0 0 0 0 0 0
0 0 0 0 0 0 0 0 0 6 1 0 1 4 1 3 0 5 3 0 5 2 0 0 0 0 0 0 0 0 0 0 0 0 0 0 1 4 3 5 8 0 0 0 0 0 1 0 0 0 4 13 0 0 0 0 0 0 0 0 0 0 0 0 0 0 0 0 3 0 0 10 17 3 0 1 1 5 2 0 0 0 0 0 0 0 0 0 0 0 0 0 6 0 2 6 2 0 2 2 0 0 4 10 0 0 2 2 0 0 0 0 0 0 0 0 0 0 0 0 0 0 1 2 0 0 1 0 8 0 1 4 0 0 0 1 0 0 0 0 0 0 0 0 0 0 0 0 11 0 2 4 0 1 14 5 2 2 0 0 5 0 0 2 0 0 0 0 0 0 0 0 0 0 0 0 0 0 15 55 52 48 58 55 148 180 176 150 114 41 0 0 0 0 0 0 0 0 0 0 0 0 0 0 3 12 110 228 255 253 253 251 252 255 242 251 255 185 53 0 0 0 0 0 0 0 8 3 0 0 0 3 147 225 255 255 243 255 249 252 245 255 239 255 250 255 231 56 0 0 0 7 0 23 0 0 0 12 50 229 255 255 245 242 255 255 254 252 251 219 230 235 250 252 248 205 34 0 0 0 13 1 0 4 9 11 255 245 247 238 255 246 254 255 241 243 51 0 8 27 127 248 255 255 119 22 6 11 0 9 14 2 0 75 255 245 255 243 243 255 238 246 240 130 6 2 0 0 19 162 239 248 150 0 0 8 7 5 0 0 15 134 239 254 230 230 32 121 236 197 128 6 0 2 2 18 0 47 244 255 193 0 0 7 3 0 17 9 9 137 255 255 255 115 0 3 0 0 2 5 9 0 0 0 1 9 255 240 250 13 5 6 5 0 0 0 0 255 230 246 245 0 4 0 5 19 0 3 0 0 15 0 0 48 255 247 245 0 0 0 0 18 0 0 13 246 252 255 249 11 0 0 9 0 12 0 5 0 0 0 5 118 233 255 255 7 5 0 0 6 2 0 9 206 233 255 247 102 1 7 1 0 6 0 1 0 9 0 52 232 255 252 156 0 0 0 3 0 4 0 3 122 255 234 255 163 14 0 6 4 0 0 0 9 0 38 169 255 250 244 128 8 5 6 6 0 5 0 0 41 251 252 255 229 104 11 8 6 0 6 3 1 56 201 255 237 255 239 60 0 7 2 2 0 5 0 0 10 128 255 253 255 249 227 186 132 98 68 129 222 255 240 255 255 240 77 4 0 1 0 0 0 2 0 4 1 25 203 255 246 228 249 255 242 251 255 255 231 255 249 236 255 219 24 0 1 5 0 0 0 0 0 8 0 5 56 169 255 255 251 255 254 248 255 255 242 253 255 240 108 0 7 0 5 1 4 0 4 0 0 4 0 7 0 32 168 241 248 253 255 255 249 243 253 209 94 3 0 0 10 0 0 0 9 0 9 0 1 0 9 0 5 7 0 55 151 169 158 175 167 116 55 0 0 0 13 1 0 4 0 0 17 0 0 0 0 0 0 0 0 0 0 0 0 0 0 0 0 0 0 0 0 0 0 0 0 0 0 0 0 0 0 0 0 0 0 0 0 0 0 0 0 0 0 0 0 0 0 0 0 0 0 0 0 0 0 0 0 0 0 0 0 0 0 0 0 0 0 0 0 0 0 0 0 0 0 0 0 0 0 0 0 0 0 0 0 0 0 0 0 0 0 0 0 0 0 0 0 0 0 0 0 0 0 0 0 0 0 0 0 0 0 0 0
0 0 0 0 0 0 0 0 0 0 0 9 0 16 12 0 0 0 6 0 0 6 0 5 0 0 0 0 0 0 0 0 0 0 0 0 9 6 0 0 0 0 0 9 14 0 0 4 3 0 0 0 0 0 0 0 0 0 0 0 0 0 0 0 0 6 0 0 20 10 0 2 0 0 2 11 0 0 8 8 0 0 0 0 0 0 0 0 0 0 0 0 0 5 0 0 0 0 0 12 15 5 0 0 9 0 0 0 0 0 0 0 0 0 0 0 0 0 0 0 9 4 0 7 0 28 99 169 221 161 50 0 3 6 0 0 0 0 0 0 0 0 0 0 0 0 0 0 0 5 0 0 26 166 250 249 217 246 199 49 0 1 15 6 0 0 0 0 0 0 0 0 0 0 0 0 0 3 2 3 134 253 237 107 0 91 236 157 1 0 3 0 0 0 0 0 0 0 0 0 0 0 0 0 7 0 9 55 251 255 161 0 6 0 200 251 86 6 0 5 0 0 0 0 0 0 0 0 0 0 0 0 10 0 11 169 236 192 76 0 2 8 48 255 133 0 11 0 0 0 0 0 0 0 0 0 0 0 0 0 5 0 32 227 255 17 11 2 0 0 12 200 197 0 0 2 0 0 0 0 0 0 0 0 0 0 0 0 0 16 189 254 181 0 0 0 0 0 3 184 253 27 0 11 0 0 0 0 0 0 0 0 0 0 0 0 0 0 255 255 66 15 0 3 0 0 1 197 246 56 9 0 0 0 0 0 0 0 0 0 0 0 0 0 3 61 238 215 10 0 9 0 0 2 0 201 249 66 11 0 0 0 0 0 0 0 0 0 0 0 0 0 14 196 255 114 2 0 19 0 3 6 0 192 254 48 0 5 0 0 0 0 0 0 0 0 0 0 0 0 40 242 252 42 5 0 0 8 0 3 4 205 181 6 0 0 0 0 0 0 0 0 0 0 0 0 0 0 39 255 226 18 0 7 9 0 0 18 38 255 98 0 4 3 0 0 0 0 0 0 0 0 0 0 0 0 139 255 155 0 6 3 4 0 0 11 167 255 20 0 0 6 0 0 0 0 0 0 0 0 0 0 0 0 152 237 128 9 0 11 0 4 0 51 239 185 12 4 4 0 0 0 0 0 0 0 0 0 0 0 0 0 154 255 87 0 3 0 0 6 34 193 255 60 0 7 1 0 0 0 0 0 0 0 0 0 0 0 0 0 241 252 136 12 10 0 6 5 169 255 141 0 0 0 3 0 0 0 0 0 0 0 0 0 0 0 0 0 153 227 197 5 0 7 62 225 255 138 0 7 4 0 10 0 0 0 0 0 0 0 0 0 0 0 0 0 76 252 255 139 21 95 214 255 158 13 0 0 11 0 0 2 0 0 0 0 0 0 0 0 0 0 0 0 11 208 246 255 248 255 238 126 15 0 15 0 7 1 0 9 0 0 0 0 0 0 0 0 0 0 0 0 0 29 201 255 254 186 62 4 0 1 0 2 2 1 8 0 0 0 0 0 0 0 0 0 0 0 0 0 0 0 0 0 0 0 0 0 0 0 0 0 0 0 0 0 0 0 0 0 0 0 0 0 0 0 0 0 0 0 0 0 0 0 0 0 0 0 0 0 0 0 0 0 0 0 0 0 0 0 0 0 0 0 0 0 0 0 0 0 0 0 0 0 0 0 0 0 0 0 0 0 0 0 0 0 0 0 0 0 0 0 0 0 0 0 0 0 0 0 0 0 0 0 0 0 0 0 0 0 0 0 0 0
0 0 0 0 0 0 0 0 0 3 0 2 7 0 15 0 0 0 0 6 0 0 21 0 0 0 0 0 0 0 0 0 0 0 0 0 2 3 0 0 0 0 3 0 4 1 23 0 0 13 0 9 0 0 0 0 0 0 0 0 0 0 0 0 0 0 11 0 10 0 4 5 9 0 0 1 0 4 10 0 0 0 0 0 0 0 0 0 0 0 0 0 14 3 12 0 0 1 0 7 0 0 6 18 0 0 0 8 0 0 0 0 0 0 0 0 0 0 0 0 0 0 0 6 10 114 160 254 249 253 63 0 7 0 1 0 0 0 0 0 0 0 0 0 0 0 0 0 13 0 0 23 165 238 255 253 244 255 223 78 0 17 0 14 0 0 0 0 0 0 0 0 0 0 0 0 0 0 21 0 127 153 252 251 248 252 255 192 15 3 13 0 0 0 0 0 0 0 0 0 0 0 0 0 0 14 0 10 127 201 248 234 249 244 254 252 68 0 1 1 0 0 0 0 14 0 0 7 0 2 2 7 0 9 1 102 253 255 196 28 170 251 251 254 193 1 8 1 0 0 0 0 0 13 8 0 8 5 0 4 6 12 156 255 255 123 6 8 9 208 255 251 252 94 0 0 0 0 0 0 0 4 8 0 0 9 0 0 2 142 252 237 151 19 4 0 3 97 255 236 253 88 0 0 0 0 0 0 12 0 0 5 0 0 4 29 200 218 196 95 18 3 0 9 13 0 255 255 254 115 12 0 0 0 0 0 0 0 0 2 7 0 13 138 255 154 7 0 0 2 0 7 0 0 246 255 251 212 0 4 0 0 0 0 2 0 5 0 0 9 119 255 144 137 0 15 1 2 21 0 6 21 250 242 249 237 0 1 0 0 0 0 13 0 6 1 4 120 231 253 0 0 4 0 0 6 0 15 0 0 254 254 255 224 6 0 0 0 0 0 0 2 1 0 87 235 241 150 3 5 3 0 14 0 2 0 0 11 250 255 235 226 1 2 0 0 0 0 0 0 13 1 75 254 252 116 0 0 6 4 0 0 0 0 0 36 255 248 244 114 13 0 0 0 0 0 0 3 0 0 115 255 230 38 8 1 0 0 0 6 8 6 15 158 247 248 255 73 0 6 0 0 0 0 3 11 0 14 213 255 218 0 0 0 6 5 0 0 0 1 111 246 252 248 249 77 19 0 0 0 0 0 3 0 0 0 243 236 237 65 12 4 0 0 0 0 1 1 167 251 255 255 223 64 0 2 0 0 0 0 8 0 17 1 214 251 253 160 0 0 2 14 0 0 86 194 245 246 253 167 29 0 3 12 0 0 0 0 0 0 0 0 119 254 253 234 46 84 72 31 71 187 255 247 246 251 138 33 0 9 0 0 0 0 0 0 9 6 0 0 40 189 232 255 255 237 232 254 255 251 246 255 210 100 0 0 1 0 1 7 0 0 0 0 4 0 7 3 0 19 60 110 255 253 255 255 243 188 122 80 0 0 8 3 0 9 0 0 0 0 0 0 0 0 0 0 0 0 0 0 0 0 0 0 0 0 0 0 0 0 0 0 0 0 0 0 0 0 0 0 0 0 0 0 0 0 0 0 0 0 0 0 0 0 0 0 0 0 0 0 0 0 0 0 0 0 0 0 0 0 0 0 0 0 0 0 0 0 0 0 0 0 0 0 0 0 0 0 0 0 0 0 0 0 0 0 0 0 0 0 0 0 0 0 0 0 0 0 0 0 0 0 0 0 0 0 0 0 0 0 0 0 0 0
0 0 0 0 0 0 0 0 0 0 9 9 0 0 4 0 0 0 0 2 1 0 0 4 0 0 0 0 0 0 0 0 0 0 0 0 11 0 0 0 0 2 1 6 1 3 0 4 0 3 0 0 0 0 0 0 0 0 0 0 0 0 0 0 0 3 0 3 18 3 0 0 0 4 0 5 0 6 4 12 0 0 0 0 0 0 0 0 0 0 0 0 0 0 0 0 0 0 0 0 1 3 0 6 0 2 0 0 0 0 0 0 0 0 0 0 0 0 0 0 5 0 4 2 0 9 19 0 1 0 0 10 5 9 0 2 0 0 0 0 0 0 0 0 0 0 0 0 0 0 6 1 0 0 4 0 0 2 4 0 0 0 1 5 0 0 0 0 0 0 0 0 0 0 0 0 0 0 0 4 40 28 0 2 4 6 8 0 33 55 44 0 0 0 0 0 0 0 0 0 0 0 0 0 0 6 4 98 225 178 38 0 4 0 0 28 192 255 187 17 0 0 0 0 1 8 0 2 0 0 19 0 0 1 2 132 255 168 17 0 7 2 5 14 117 224 255 201 8 6 2 0 0 0 0 13 0 0 0 11 3 0 136 239 209 69 0 8 0 5 0 0 7 76 235 255 33 0 2 8 0 0 1 0 0 21 0 1 41 233 255 255 195 0 0 0 2 3 0 7 0 7 210 251 171 8 0 0 1 6 7 0 0 6 0 41 226 234 255 100 0 15 16 0 11 0 7 0 0 2 215 249 255 24 0 0 2 0 5 5 0 0 63 172 255 246 111 11 0 7 0 0 4 0 8 0 2 95 241 255 173 0 2 0 4 0 4 0 1 73 190 252 218 170 0 0 8 0 0 22 2 2 0 5 0 190 248 255 84 0 9 3 5 2 7 0 0 208 255 213 42 16 0 12 1 0 0 0 0 11 2 0 0 192 239 255 51 1 5 0 1 0 9 4 0 255 255 151 2 0 3 5 0 1 8 3 1 0 0 9 84 244 254 210 8 2 0 1 6 3 0 0 0 255 242 140 3 3 2 0 9 0 0 0 2 2 110 117 248 249 221 32 0 0 0 0 0 13 11 7 0 127 255 244 114 17 11 22 6 13 98 134 127 228 255 255 255 122 0 0 0 0 0 0 9 0 0 0 20 71 239 255 255 248 154 132 239 247 214 244 255 241 255 226 63 12 13 0 0 0 0 0 0 0 13 17 0 11 106 224 254 237 255 255 255 241 255 255 212 201 135 42 11 0 0 2 0 0 0 0 19 0 0 1 0 20 0 63 105 189 198 175 195 187 110 58 19 7 2 0 10 0 2 0 0 0 0 0 0 3 3 0 1 0 0 0 0 5 0 2 14 5 0 14 0 0 1 6 1 0 1 7 0 0 0 0 0 6 0 1 7 0 9 2 7 5 0 5 0 4 4 0 0 1 4 3 0 1 3 0 0 0 0 0 7 2 0 0 0 7 0 2 0 0 0 10 0 8 0 4 0 0 0 0 10 0 0 4 0 0 0 0 0 0 0 0 0 0 0 0 0 0 0 0 0 0 0 0 0 0 0 0 0 0 0 0 0 0 0 0 0 0 0 0 0 0 0 0 0 0 0 0 0 0 0 0 0 0 0 0 0 0 0 0 0 0 0 0 0 0 0 0 0 0 0 0 0 0 0 0 0 0 0 0 0 0 0 0 0 0 0 0 0 0 0 0 0 0 0 0 0 0 0 0 0 0 0 0 0 0 0 0 0 0 0 0 0 0 0 0 0 0 0 0
4 0 0 8 0 2 0 6 0 0 2 2 5 1 2 2 0 15 0 1 0 0 0 6 2 0 0 8 0 0 9 0 4 22 0 0 7 0 2 5 0 0 4 0 21 0 6 0 16 2 3 0 0 8 4 0 0 0 8 0 8 0 1 7 0 1 0 0 4 6 0 5 0 0 0 16 0 3 0 0 0 2 2 0 1 0 0 12 0 0 15 0 7 3 0 0 0 6 0 2 6 10 0 0 13 5 13 4 0 0 0 0 0 8 0 0 0 7 0 13 0 0 3 27 0 0 0 2 0 0 3 14 16 0 0 0 7 0 5 0 1 2 3 0 2 12 0 179 251 161 0 0 43 111 130 208 254 228 216 195 224 250 67 39 0 0 13 0 7 0 0 0 4 0 51 255 127 76 2 107 238 255 174 168 73 19 0 24 25 68 254 143 50 0 3 6 0 0 0 7 3 2 134 205 9 17 140 255 141 70 28 0 0 3 7 0 0 0 11 186 174 18 0 8 0 1 0 3 4 0 226 188 5 97 239 76 0 0 10 0 7 0 0 2 0 0 8 28 191 141 2 2 0 0 0 3 3 0 243 178 18 215 61 13 0 3 0 2 0 0 0 5 3 0 0 7 100 230 0 5 1 0 1 0 0 0 255 160 115 186 0 0 4 3 0 10 0 0 1 2 2 0 0 0 47 255 0 1 2 0 4 0 0 1 255 152 135 79 17 0 9 1 0 8 0 1 0 0 0 3 3 0 73 249 6 8 1 0 6 0 0 4 249 171 27 54 0 3 0 5 0 1 0 1 0 0 0 3 3 0 69 241 0 2 0 0 4 0 1 8 221 211 0 22 0 3 0 0 0 5 0 0 1 2 2 0 0 0 64 255 0 0 0 0 1 1 2 2 178 244 36 0 7 4 0 0 0 5 0 0 0 5 3 0 0 7 142 249 1 7 2 0 0 0 0 0 143 255 17 2 0 0 0 14 0 0 7 0 0 2 0 0 8 28 219 143 0 0 0 1 5 0 5 0 149 255 93 13 0 0 0 10 0 3 0 0 1 7 0 0 1 123 255 40 0 3 0 1 0 0 5 0 71 223 129 0 7 16 0 3 0 6 1 0 5 0 0 16 28 236 185 19 0 3 2 1 0 0 3 2 3 202 157 0 0 7 0 15 7 0 0 12 0 11 19 0 189 235 87 0 0 2 0 0 2 6 0 0 0 180 245 84 0 0 0 0 0 5 7 0 0 5 0 221 255 102 17 0 2 0 2 0 3 5 1 0 12 108 235 150 6 0 26 2 0 0 13 0 0 65 197 255 27 2 0 0 3 0 7 0 0 0 5 0 11 15 169 234 126 10 0 0 9 3 0 15 119 243 246 43 1 3 0 9 0 0 4 0 0 0 5 0 0 0 8 169 255 170 55 23 24 8 96 234 246 173 16 0 23 0 0 9 0 3 0 4 8 0 2 8 0 9 4 11 174 255 239 249 252 255 255 206 54 0 5 4 0 9 0 5 0 7 0 0 0 0 0 0 0 0 2 0 5 49 107 148 154 144 31 18 2 0 0 3 2 0 0 0 0 0 0 0 0 0 0 0 0 0 0 0 0 0 1 2 0 0 13 5 0 0 0 3 3 0 0 0 0 0 0 0 0 0 0 0 0 0 0 6 11 8 1 0 0 3 0 0 0 0 1 2 2 1 0 0 0 0 0 0 0 0 0 0 0 0 0 0 0 0 0 1 1 0 0 0 1 2 1 1 1 1 0 0 0 0
0 0 0 0 0 0 0 0 0 0 7 0 2 18 0 11 1 0 0 6 0 0 9 0 0 0 0 0 0 0 0 0 0 0 0 0 0 13 0 9 0 0 9 0 0 11 0 0 12 0 0 13 0 0 0 0 0 0 0 0 0 0 0 0 0 2 6 0 15 0 0 18 6 0 7 0 0 12 0 6 0 0 0 0 0 0 0 0 0 0 0 0 2 6 0 0 0 34 0 0 0 4 0 11 0 0 24 0 0 0 0 0 0 0 0 0 0 0 0 0 0 3 0 21 112 153 229 102 24 1 0 0 10 4 0 9 0 0 0 0 0 0 0 0 0 0 0 0 4 0 13 40 255 255 251 244 206 22 13 11 0 5 15 0 0 0 0 0 0 0 0 0 0 0 0 0 0 1 4 240 246 247 255 250 255 234 41 0 20 0 6 0 0 0 0 0 0 0 0 0 0 0 0 0 3 34 195 247 255 230 120 206 252 255 205 52 0 12 0 7 0 0 0 0 0 0 0 0 0 0 0 0 0 133 245 255 246 59 8 9 166 255 255 156 32 11 0 3 0 0 0 0 0 0 0 0 0 0 0 0 35 221 255 243 65 0 0 17 24 181 248 255 149 11 4 0 0 0 0 0 0 0 0 0 0 0 0 0 65 246 252 255 0 9 5 0 0 22 255 253 255 49 0 12 0 0 0 0 0 0 0 0 0 0 0 0 173 255 242 255 0 8 16 0 3 0 118 241 255 56 0 7 0 0 0 0 0 0 0 0 0 0 0 0 217 255 255 255 8 0 4 0 1 0 33 238 247 58 0 0 0 0 0 0 0 0 0 0 0 0 0 0 181 245 255 217 12 1 0 6 0 6 0 244 255 59 23 0 0 0 0 0 0 0 0 0 0 0 0 0 199 255 250 102 0 9 0 2 13 0 0 250 233 130 0 9 0 0 0 0 0 0 0 0 0 0 0 0 193 252 243 18 0 9 0 3 0 0 6 239 252 69 2 0 0 0 0 0 0 0 0 0 0 0 0 0 200 237 255 119 6 9 0 0 0 0 0 239 255 59 0 1 0 0 0 0 0 0 0 0 0 0 0 0 199 255 245 124 0 0 10 14 1 14 60 252 250 53 0 10 0 0 0 0 0 0 0 0 0 0 0 0 136 242 255 241 187 16 0 0 0 2 181 255 252 65 0 3 0 0 0 0 0 0 0 0 0 0 0 0 42 227 246 255 250 222 109 6 8 2 255 241 242 60 0 0 0 0 0 0 0 0 0 0 0 0 0 0 0 78 224 250 251 244 252 153 64 59 252 255 239 48 12 3 0 0 0 0 0 0 0 0 0 0 0 0 0 9 42 143 217 255 226 255 255 254 241 255 156 0 1 1 0 0 0 0 0 0 0 0 0 0 0 0 5 0 21 0 0 136 255 235 236 255 245 234 110 6 9 0 0 0 0 0 0 0 0 0 0 0 0 0 6 0 0 10 0 0 36 116 217 245 247 88 0 0 3 2 0 0 0 0 0 0 0 0 0 0 0 0 0 0 0 0 0 0 0 0 0 0 0 0 0 0 0 0 0 0 0 0 0 0 0 0 0 0 0 0 0 0 0 0 0 0 0 0 0 0 0 0 0 0 0 0 0 0 0 0 0 0 0 0 0 0 0 0 0 0 0 0 0 0 0 0 0 0 0 0 0 0 0 0 0 0 0 0 0 0 0 0 0 0 0 0 0 0 0 0 0 0 0 0 0 0 0 0 0 0 0 0 0 0 0 0
0 0 0 0 0 0 0 0 0 2 9 0 0 4 0 8 0 0 16 0 0 0 1 1 0 0 0 0 0 0 0 0 0 0 0 0 2 0 0 0 1 2 0 0 8 0 0 7 0 5 0 0 0 0 0 0 0 0 0 0 0 0 0 0 2 0 0 4 1 0 5 0 0 10 0 0 0 0 1 18 0 0 0 0 0 0 0 0 0 0 0 0 0 2 1 6 0 0 13 2 6 0 3 5 0 0 17 0 0 0 0 0 0 0 0 0 0 0 0 0 0 4 4 1 0 0 3 0 16 132 206 255 246 103 0 18 0 0 0 0 0 0 0 0 0 0 0 0 4 0 1 0 2 3 0 10 111 255 255 244 255 252 44 0 0 0 0 0 0 0 0 0 0 0 0 0 6 0 4 0 3 1 1 104 255 233 254 244 226 255 135 13 0 0 0 0 0 0 0 0 0 0 0 0 1 0 12 0 0 0 26 209 247 255 252 86 180 253 149 0 0 0 0 0 0 2 0 3 8 0 0 1 0 8 9 0 3 9 194 245 247 198 90 0 179 250 145 4 0 0 0 0 0 6 6 0 0 0 5 3 0 1 0 14 39 179 235 255 174 4 0 5 212 254 143 3 0 0 0 0 0 0 1 0 0 5 3 0 9 0 0 76 219 255 255 178 38 0 8 0 205 243 139 0 0 0 0 0 9 0 0 3 0 5 2 0 0 0 39 231 237 255 74 30 0 15 11 0 207 255 147 0 0 0 0 0 1 0 10 0 0 0 0 13 0 61 243 255 253 89 12 0 14 0 0 47 223 249 91 2 0 0 0 0 0 0 12 0 0 12 0 0 39 214 254 242 85 8 0 3 13 0 3 70 249 255 22 0 0 0 0 0 0 0 5 0 11 11 0 53 217 254 253 81 27 0 5 0 0 9 0 71 255 241 21 0 0 0 0 0 3 0 7 1 1 0 33 208 255 243 88 13 0 0 22 0 0 8 0 148 240 87 11 0 0 0 0 0 4 0 5 4 0 0 123 255 246 168 1 0 0 4 0 7 0 0 56 217 255 47 0 16 0 0 0 0 0 5 3 0 10 66 213 247 190 41 0 0 7 0 8 0 0 44 195 254 152 15 9 0 0 0 0 0 9 8 2 0 4 125 245 255 70 0 11 21 0 6 0 5 22 223 254 216 22 0 17 0 0 0 0 0 4 0 0 7 0 168 243 255 71 3 0 5 0 23 0 67 166 246 209 52 0 2 0 12 0 0 0 0 0 1 0 0 0 145 246 241 68 10 0 0 45 142 213 255 235 155 3 24 0 0 4 0 0 0 0 0 0 20 2 0 8 34 222 255 231 123 110 205 228 242 253 238 135 1 0 0 17 0 2 0 0 0 0 0 0 0 0 0 9 0 129 238 246 250 252 251 240 255 162 5 0 13 0 0 0 0 3 0 0 0 0 0 6 2 3 0 0 7 0 98 138 167 238 158 140 6 0 6 0 2 12 0 0 4 0 2 0 0 0 0 0 0 0 0 0 0 0 0 0 0 0 0 0 0 0 0 0 0 0 0 0 0 0 0 0 0 0 0 0 0 0 0 0 0 0 0 0 0 0 0 0 0 0 0 0 0 0 0 0 0 0 0 0 0 0 0 0 0 0 0 0 0 0 0 0 0 0 0 0 0 0 0 0 0 0 0 0 0 0 0 0 0 0 0 0 0 0 0 0 0 0 0 0 0 0 0 0 0 0 0 0 0 0 0 0 0 0 0 0 0 0 0
0 0 0 0 0 0 0 0 14 0 0 0 0 0 3 0 2 0 6 8 0 0 1 0 0 0 0 0 0 0 0 0 0 0 0 0 0 0 4 3 9 3 0 5 0 0 0 0 0 7 11 0 0 0 0 0 0 0 0 0 0 0 0 0 24 2 0 0 0 0 6 0 1 5 13 9 0 0 3 0 0 0 0 0 0 0 0 0 0 0 0 0 1 0 1 12 0 3 17 0 0 0 0 6 0 0 0 5 0 0 0 0 0 0 0 0 0 0 0 0 0 6 0 0 4 0 0 2 16 0 0 0 0 0 2 0 0 0 0 0 0 0 0 0 0 0 0 0 0 0 19 0 31 209 240 52 0 2 15 7 0 4 6 0 0 0 0 0 0 0 0 0 0 0 0 0 0 0 15 101 230 255 221 162 7 0 0 0 0 0 7 6 0 0 0 0 0 0 0 0 0 0 0 0 0 13 140 255 252 244 255 248 183 69 0 0 10 0 0 4 0 0 0 0 0 0 5 0 0 0 0 7 0 176 255 203 112 210 255 202 246 248 204 77 0 13 0 6 0 0 0 0 3 0 0 0 3 5 0 0 106 231 225 7 1 4 121 34 18 174 249 223 67 0 29 0 0 0 0 0 3 0 0 0 2 6 0 14 189 255 90 13 0 2 22 0 0 7 69 255 232 21 0 2 0 0 0 0 0 0 2 1 0 0 10 106 242 191 0 5 9 0 0 3 9 0 9 105 254 183 1 0 0 0 0 0 0 0 2 10 0 0 18 179 255 138 14 0 7 0 0 11 7 0 11 21 208 249 11 10 0 0 0 0 1 0 0 10 1 0 6 192 236 68 0 3 0 11 0 0 0 0 4 0 102 255 101 0 0 0 0 0 0 2 0 4 1 0 0 184 255 46 0 0 9 0 3 1 11 5 5 0 41 240 181 22 0 0 0 0 0 9 0 0 0 4 1 187 238 50 0 6 0 1 0 0 0 0 0 6 38 255 196 0 0 0 0 0 0 12 0 4 3 0 0 196 255 22 5 5 0 5 11 0 0 1 0 8 35 255 181 12 0 0 0 0 0 8 0 5 3 0 5 174 250 70 0 8 0 0 9 2 19 0 1 0 36 250 209 0 0 0 0 0 0 3 0 5 0 3 5 124 243 138 0 16 9 0 0 0 0 6 12 0 34 253 149 10 0 0 0 0 2 0 0 5 0 0 0 60 251 205 19 0 2 4 5 13 12 0 0 6 47 245 57 0 0 0 0 0 1 0 0 5 0 0 0 12 177 246 129 5 0 6 0 0 0 31 0 13 135 232 15 7 0 0 0 0 0 0 0 4 1 3 0 0 49 233 231 76 0 0 0 14 5 0 16 73 247 62 0 0 0 0 0 0 0 3 0 0 5 4 3 0 0 175 238 221 132 70 8 0 76 167 222 218 27 3 18 0 0 0 0 0 1 7 0 0 5 1 4 0 0 21 22 187 239 255 225 229 247 255 224 49 12 8 0 1 0 0 0 0 0 0 0 0 0 0 0 0 6 0 0 13 35 69 129 187 188 102 17 0 1 5 1 0 0 0 0 0 0 0 0 0 0 0 0 0 7 0 0 2 0 0 0 16 0 0 0 9 7 0 0 3 0 0 0 0 0 0 0 0 0 0 0 0 0 0 0 1 2 0 0 0 0 0 2 3 0 0 1 9 0 0 0 0 0 0 0 0 0 0 0 0 3 2 0 0 3 10 11 7 12 6 0 0 5 9 3 0 0 0 0 0
0 0 0 0 0 0 0 0 0 2 4 0 0 3 12 0 6 0 0 4 0 1 5 0 0 0 0 0 0 0 0 0 0 0 0 0 9 0 0 12 17 0 0 5 0 0 0 0 0 0 0 6 0 0 0 0 0 0 0 0 0 0 0 0 0 10 0 7 0 0 5 3 0 13 1 0 2 2 0 2 0 0 0 0 0 0 0 0 0 0 0 0 18 0 10 0 0 29 0 0 0 0 0 0 7 6 0 0 0 0 0 0 0 0 0 0 0 0 0 0 0 12 0 0 99 243 254 165 53 0 0 6 4 0 1 4 0 0 0 0 0 0 0 0 0 0 0 0 11 0 34 137 240 243 255 247 216 96 7 0 0 0 0 5 0 0 0 0 0 0 0 0 0 0 0 0 5 10 231 255 255 175 71 131 247 215 109 11 0 3 0 0 0 0 0 0 0 0 0 0 0 0 0 0 1 99 254 252 179 4 0 5 101 253 221 52 0 5 0 3 0 0 0 0 0 0 3 3 2 1 1 3 6 99 245 255 205 20 0 0 1 104 232 247 0 0 5 1 0 0 0 0 1 1 0 0 0 0 0 0 27 221 255 216 252 105 13 12 0 11 172 255 159 0 14 0 0 0 0 0 3 1 0 0 0 0 1 1 43 242 205 58 190 33 0 0 0 0 78 254 240 30 0 3 0 0 0 0 1 0 0 0 3 5 4 2 110 255 162 0 93 0 5 11 6 3 8 175 243 117 0 6 0 0 0 0 0 0 0 2 3 2 0 0 117 255 90 4 0 5 0 0 0 0 0 51 255 215 26 0 0 0 0 0 0 1 3 2 0 0 0 0 157 230 27 2 0 11 0 4 0 0 1 0 207 255 49 0 0 0 0 0 0 2 4 1 0 0 2 8 223 173 0 0 22 0 0 10 0 10 1 1 103 255 64 11 0 0 0 0 0 3 5 1 0 1 13 25 247 154 0 3 0 0 20 0 5 0 0 0 55 249 89 0 0 0 0 0 0 0 2 5 0 0 14 39 248 154 0 0 4 0 0 7 13 0 4 2 125 248 79 1 0 0 0 0 3 0 0 2 0 0 3 17 221 174 0 17 0 2 3 0 0 0 26 8 240 255 74 0 0 0 0 0 6 0 0 1 3 0 0 0 255 235 14 0 0 0 12 0 3 11 4 157 255 203 0 12 0 0 0 0 4 0 0 2 5 2 0 0 208 236 65 0 22 4 5 0 0 62 206 255 255 105 11 0 0 0 0 0 1 0 0 1 2 1 2 5 135 255 186 44 18 0 0 87 214 238 255 246 117 33 0 0 0 0 0 0 0 1 1 0 0 0 0 3 59 231 255 228 221 205 171 246 234 255 206 90 0 0 16 0 0 0 0 0 0 0 1 0 0 0 0 0 0 141 219 255 254 244 243 255 245 121 13 0 6 3 0 0 0 0 0 0 0 0 0 0 3 4 2 0 0 4 55 163 255 248 223 88 27 0 3 16 0 0 4 6 0 0 0 0 0 0 0 0 0 0 0 0 0 0 0 0 0 0 0 0 0 0 0 0 0 0 0 0 0 0 0 0 0 0 0 0 0 0 0 0 0 0 0 0 0 0 0 0 0 0 0 0 0 0 0 0 0 0 0 0 0 0 0 0 0 0 0 0 0 0 0 0 0 0 0 0 0 0 0 0 0 0 0 0 0 0 0 0 0 0 0 0 0 0 0 0 0 0 0 0 0 0 0 0 0 0 0 0 0 0 0 0 0 0 0 0
0 0 0 0 0 0 0 0 0 0 1 6 8 0 0 0 0 7 0 0 4 0 7 0 0 0 0 0 0 0 0 0 0 0 0 0 8 0 0 0 0 0 11 7 3 0 5 0 0 4 0 8 0 0 0 0 0 0 0 0 0 0 0 0 0 16 0 0 13 13 0 0 6 0 19 14 0 3 0 0 0 0 0 0 0 0 0 0 0 0 0 0 1 0 6 21 0 0 10 15 0 14 0 0 4 7 16 0 0 0 0 0 0 0 0 0 0 0 0 0 0 8 0 0 3 11 84 200 248 255 110 0 3 0 0 0 0 0 0 0 0 0 0 0 0 0 0 0 7 4 3 0 14 131 242 255 250 255 213 80 2 5 0 15 0 0 0 0 0 0 0 0 0 0 0 0 0 6 0 11 122 239 255 237 250 255 255 162 35 4 0 0 0 0 0 0 0 0 0 0 0 0 0 0 15 0 11 131 235 255 253 238 112 241 254 254 255 140 27 0 0 0 0 0 1 0 8 0 1 3 0 3 4 0 74 248 255 255 209 42 0 113 244 254 255 254 177 0 0 0 0 0 2 0 0 2 7 6 0 1 0 8 116 255 249 245 61 3 0 103 255 233 253 248 63 1 0 0 0 0 3 0 0 4 0 0 2 0 1 114 225 238 255 249 35 0 1 94 255 255 255 240 27 5 0 0 0 0 0 2 1 4 0 0 10 2 3 238 250 255 232 183 32 0 0 1 204 255 238 255 45 0 0 0 0 0 0 3 4 2 0 3 10 1 59 247 255 248 199 6 7 0 0 9 87 253 255 255 169 2 0 0 0 0 3 0 2 0 4 6 0 3 178 255 244 254 109 0 0 4 0 0 11 180 242 255 174 3 0 0 0 0 10 0 7 0 3 0 0 72 253 252 255 202 46 0 16 1 2 14 0 180 255 245 197 1 0 0 0 0 5 0 15 0 2 0 11 175 245 254 255 223 0 0 0 0 6 0 6 192 255 246 180 0 0 0 0 0 1 0 0 8 0 0 3 187 248 254 253 70 0 1 7 0 0 9 23 209 253 239 193 0 0 0 0 0 4 2 0 7 1 2 0 175 255 255 247 80 0 0 2 0 1 17 130 255 250 255 42 3 0 0 0 0 0 5 0 5 5 0 5 178 230 255 245 95 1 0 13 45 181 232 251 233 248 65 12 5 0 0 0 0 0 7 2 1 1 0 11 174 255 228 255 238 43 0 111 227 240 252 252 244 188 2 0 2 0 0 0 0 0 4 0 0 2 0 3 119 241 255 238 255 255 255 254 252 255 248 255 163 0 0 7 0 0 0 0 0 5 0 0 0 8 2 0 35 216 255 250 253 241 247 252 251 230 230 140 4 10 0 0 18 0 0 0 0 6 0 0 0 2 5 0 0 45 221 255 252 245 253 255 245 235 34 0 0 1 5 0 0 0 0 0 0 0 0 9 1 0 1 11 0 5 45 134 254 255 244 220 83 0 1 17 0 0 0 9 0 0 0 0 0 0 0 0 0 0 0 0 0 0 0 0 0 0 0 0 0 0 0 0 0 0 0 0 0 0 0 0 0 0 0 0 0 0 0 0 0 0 0 0 0 0 0 0 0 0 0 0 0 0 0 0 0 0 0 0 0 0 0 0 0 0 0 0 0 0 0 0 0 0 0 0 0 0 0 0 0 0 0 0 0 0 0 0 0 0 0 0 0 0 0 0 0 0 0 0 0 0 0 0 0 0 0 0 0 0 0 0 0 0 0 0 0
0 0 1 1 3 5 3 0 0 8 10 1 2 3 0 1 0 0 0 4 3 1 0 0 0 0 0 0 0 2 2 0 0 0 0 0 11 0 0 0 4 0 0 12 12 2 0 0 0 4 2 0 0 0 0 0 1 2 3 0 0 0 0 2 2 0 3 11 9 8 6 0 0 0 8 7 0 0 0 0 0 0 0 0 3 0 0 2 2 0 1 4 1 4 7 0 0 0 5 0 11 3 0 0 0 5 3 0 0 0 0 0 5 0 0 2 5 1 0 0 0 0 0 10 10 0 1 7 0 0 2 0 1 5 4 0 0 0 0 0 6 0 0 1 2 0 0 0 7 14 3 0 16 23 7 0 3 6 3 0 0 0 0 0 0 0 0 0 3 0 0 2 0 0 1 15 28 121 170 189 242 255 215 172 157 115 54 8 0 10 8 0 0 0 0 0 0 0 1 4 0 0 12 37 201 255 255 236 255 255 241 255 254 255 235 151 55 0 0 2 0 0 0 0 7 4 0 6 0 5 0 121 249 232 255 205 37 63 36 44 71 163 241 243 255 140 16 6 0 4 0 5 4 0 9 9 0 24 22 198 255 255 154 72 2 0 0 0 0 0 28 126 250 255 167 7 0 11 0 0 0 14 3 0 1 0 169 255 246 184 23 0 4 0 4 1 0 7 0 6 61 191 255 109 0 9 0 0 2 11 0 4 9 23 219 252 243 71 0 0 11 5 0 1 4 0 0 0 0 81 240 255 48 1 4 0 0 0 5 0 4 22 238 255 188 6 6 3 0 0 0 0 5 0 0 8 7 16 95 240 159 3 0 5 0 3 12 0 0 113 255 242 60 0 0 0 5 0 1 6 0 6 15 0 0 0 20 221 253 10 0 1 4 0 0 18 0 250 235 195 14 5 0 0 10 0 0 0 20 0 0 5 14 0 0 210 250 3 0 0 0 0 1 0 1 74 255 247 42 0 2 1 0 3 3 3 0 0 6 6 0 4 39 233 193 0 3 0 2 0 0 3 0 18 250 245 133 5 4 0 0 6 0 2 0 7 2 0 7 3 65 250 107 12 0 13 0 0 8 0 0 7 186 255 249 82 0 4 11 0 14 0 0 0 3 0 0 23 153 255 43 0 0 7 0 0 7 0 7 0 87 230 243 218 64 0 0 0 11 0 8 0 0 5 0 135 255 214 4 0 0 4 2 1 0 0 11 0 10 115 255 242 218 103 12 10 0 1 6 0 2 0 200 242 210 34 0 8 6 0 0 10 0 0 3 0 0 15 89 255 254 231 167 41 28 20 0 30 115 212 255 245 113 8 0 0 0 0 0 12 1 0 0 0 10 0 0 85 238 255 255 255 234 200 237 249 255 244 194 121 3 0 0 0 0 0 0 2 3 0 0 0 11 0 14 0 28 86 206 238 255 249 246 245 189 145 0 10 0 6 4 1 2 6 2 0 0 0 12 0 0 4 0 8 4 0 24 39 154 43 45 56 9 0 6 0 1 1 0 0 1 0 0 0 0 0 0 0 0 0 0 0 0 0 0 0 0 0 0 0 0 0 0 0 0 0 0 0 0 0 0 0 0 0 0 0 0 0 0 0 0 0 0 0 0 0 0 0 0 0 0 0 0 0 0 0 0 0 0 0 0 0 0 0 0 0 0 0 0 0 0 0 0 0 0 0 0 0 0 0 0 0 0 0 0 0 0 0 0 0 0 0 0 0 0 0 0 0 0 0 0 0 0 0 0 0 0 0 0 0 0 0 0 0
0 0 0 0 0 0 0 0 10 0 0 0 17 0 1 1 0 0 7 0 2 0 3 2 0 0 0 0 0 0 0 0 0 0 0 0 0 7 15 0 0 0 9 7 0 10 0 0 11 14 0 0 0 0 0 0 0 0 0 0 0 0 0 0 0 0 1 0 16 10 4 0 3 1 0 7 0 0 0 7 0 0 0 0 0 0 0 0 0 0 0 0 5 0 4 0 0 0 0 5 1 0 4 19 0 1 10 2 0 0 0 0 0 0 0 0 0 0 0 0 0 0 7 0 0 5 0 0 2 1 0 0 2 0 0 5 0 0 0 0 0 0 0 0 0 0 0 0 2 0 0 12 0 2 15 84 202 255 174 7 15 14 0 0 0 0 0 0 0 0 0 0 0 0 0 0 10 0 9 5 0 45 122 249 243 255 243 235 229 104 0 2 0 0 0 0 0 0 0 0 0 0 0 0 0 2 0 0 52 215 249 255 254 255 248 255 251 238 119 0 0 0 0 0 3 0 0 2 5 1 0 0 10 0 15 30 200 255 255 242 255 246 255 252 247 255 213 0 0 0 0 0 1 0 0 1 0 0 0 0 4 0 15 229 255 241 237 255 249 255 255 206 228 230 227 75 0 0 0 0 0 2 4 0 0 0 2 3 0 12 161 244 255 249 255 240 168 244 183 0 24 122 244 101 0 0 0 0 0 3 4 0 0 4 5 1 7 22 255 250 246 255 203 32 0 141 113 17 0 26 210 43 0 0 0 0 0 1 2 0 1 2 0 0 0 188 255 250 243 247 47 7 6 10 87 0 0 206 203 0 0 0 0 0 3 0 0 0 0 0 0 1 183 229 244 230 255 255 57 0 0 0 7 10 30 217 214 4 0 0 0 0 3 0 0 4 0 0 7 30 208 255 209 5 106 238 189 46 0 11 0 0 78 255 177 0 0 0 0 0 0 0 1 9 1 0 23 61 253 234 15 4 8 56 57 0 3 0 0 78 206 237 63 3 0 0 0 0 5 0 0 0 0 0 4 163 251 137 0 0 6 0 0 7 0 8 36 194 255 165 0 1 0 0 0 0 0 0 2 3 1 1 66 239 220 31 18 2 0 17 0 0 8 3 248 249 244 58 0 10 0 0 0 0 0 1 4 0 0 0 91 254 135 0 0 0 6 0 1 0 75 189 253 208 23 0 5 0 0 0 0 0 0 0 0 3 8 0 111 250 80 0 15 0 0 1 11 115 249 255 246 77 15 0 1 2 0 0 0 0 2 0 0 0 3 0 107 244 93 7 5 17 0 32 112 231 250 239 95 11 6 4 1 8 0 0 0 0 1 4 3 0 0 0 100 255 246 177 51 126 199 228 255 255 255 209 10 4 0 0 15 0 0 0 0 0 0 0 2 1 8 20 82 244 247 255 255 247 255 255 222 249 131 32 0 14 0 20 0 24 0 0 0 0 1 3 0 0 0 0 0 134 255 248 251 252 255 240 209 76 0 5 15 0 0 4 0 0 0 0 0 0 0 1 4 0 0 0 12 24 223 251 255 255 234 106 0 0 0 0 0 0 0 0 0 0 0 0 0 0 0 4 5 2 0 0 3 9 0 1 0 0 16 0 0 20 0 0 0 0 0 0 0 0 0 0 0 0 0 2 4 3 0 0 0 0 6 15 6 0 0 0 0 0 0 0 0 0 0 0 0 0 0 0 0 0 0 0 0 1 2 1 0 0 0 0 0 0 0 9 12 3 0 0 0 0 0 0 0 0 0 0 0 0
0 0 0 0 0 0 0 0 0 5 0 14 0 0 20 0 2 0 2 3 0 0 4 2 0 0 0 0 0 0 0 0 0 0 0 0 0 0 15 0 3 4 0 11 3 6 0 0 0 8 5 0 0 0 0 0 0 0 0 0 0 0 0 0 9 0 6 0 0 0 1 0 0 2 4 0 3 1 0 0 0 0 0 0 0 0 0 0 0 0 0 0 0 0 0 2 2 2 14 4 2 2 0 6 10 0 0 7 0 0 0 0 0 0 0 0 0 0 0 0 1 7 15 121 186 215 121 29 17 4 0 0 5 3 0 3 0 0 0 0 0 0 0 0 0 0 0 0 0 0 0 234 247 255 255 49 0 0 4 4 0 3 8 0 0 0 0 0 0 0 0 0 0 0 0 0 8 4 91 249 105 99 241 184 37 0 4 16 0 0 7 0 0 0 0 0 0 0 0 0 0 0 0 0 0 5 195 183 19 0 40 232 181 39 0 6 1 0 6 0 0 0 0 0 0 0 0 0 0 0 0 0 0 76 245 32 2 10 0 28 211 187 30 4 0 0 3 0 0 0 0 0 0 0 0 0 0 0 0 0 5 162 177 6 0 0 0 0 16 198 181 0 8 6 0 2 0 0 0 0 0 0 0 0 0 0 0 0 48 240 82 0 0 0 16 0 0 41 199 143 1 0 15 0 0 0 0 0 0 0 0 0 0 0 0 0 138 255 31 8 15 0 0 0 13 0 93 219 30 0 0 2 0 0 0 0 0 0 0 0 0 0 0 0 170 207 9 2 9 0 0 3 2 0 12 199 125 1 0 9 0 0 0 0 0 0 0 0 0 0 0 0 149 138 4 0 0 11 5 10 8 0 0 152 230 1 4 0 0 0 0 0 0 0 0 0 0 0 0 0 159 141 13 0 0 4 0 0 0 16 7 46 246 64 10 0 0 0 0 0 0 0 0 0 0 0 0 0 159 148 1 8 5 0 0 0 4 0 0 16 175 88 1 4 0 0 0 0 0 0 0 0 0 0 0 0 153 156 0 2 0 0 20 0 7 0 3 4 160 75 0 0 0 0 0 0 0 0 0 0 0 0 0 0 163 184 17 0 1 0 0 0 0 14 7 0 152 96 0 18 0 0 0 0 0 0 0 0 0 0 0 0 124 252 28 4 1 8 13 1 0 16 0 16 228 22 0 0 0 0 0 0 0 0 0 0 0 0 0 0 20 222 95 6 5 0 0 3 3 0 5 101 208 0 18 1 0 0 0 0 0 0 0 0 0 0 0 0 4 173 231 0 13 18 0 8 9 0 98 223 121 18 0 15 0 0 0 0 0 0 0 0 0 0 0 0 0 24 230 192 9 0 15 0 1 32 157 203 1 0 11 0 0 0 0 0 0 0 0 0 0 0 0 0 5 0 19 221 211 122 55 63 120 255 166 23 11 3 5 1 0 0 0 0 0 0 0 0 0 0 0 0 0 17 0 34 120 195 255 208 179 68 0 0 0 6 0 1 0 0 0 0 0 0 0 0 0 0 0 0 0 0 0 0 0 0 0 0 0 0 0 0 0 0 0 0 0 0 0 0 0 0 0 0 0 0 0 0 0 0 0 0 0 0 0 0 0 0 0 0 0 0 0 0 0 0 0 0 0 0 0 0 0 0 0 0 0 0 0 0 0 0 0 0 0 0 0 0 0 0 0 0 0 0 0 0 0 0 0 0 0 0 0 0 0 0 0 0 0 0 0 0 0 0 0 0 0 0 0 0 0 0 0 0
0 0 0 0 0 0 0 0 4 1 0 0 0 0 0 5 0 0 0 0 3 0 0 11 0 0 0 0 0 0 0 0 0 0 0 0 0 0 5 2 5 12 6 0 6 7 0 0 0 4 0 0 0 0 0 0 0 0 0 0 0 0 0 0 8 1 0 0 0 0 0 0 0 0 7 18 10 0 0 5 0 0 0 0 0 0 0 0 0 0 0 0 3 0 0 1 5 4 3 3 8 0 0 0 0 0 3 0 0 0 0 0 0 0 0 0 0 0 0 0 11 0 0 4 0 0 0 7 0 11 19 1 0 9 14 0 0 0 0 0 0 0 0 0 0 0 0 0 0 5 9 36 137 233 208 117 19 0 0 11 3 0 3 2 0 0 0 0 0 0 0 0 0 0 0 0 0 42 138 239 255 249 242 255 164 43 0 0 4 0 0 3 0 0 0 0 0 0 0 0 0 0 0 0 83 195 255 255 237 255 255 243 255 202 156 102 32 3 7 0 0 0 0 0 1 0 4 7 0 6 0 84 255 240 255 250 253 255 244 255 255 255 252 255 240 180 17 5 0 11 0 0 5 0 0 5 0 0 97 232 246 254 250 245 221 255 254 247 255 244 250 251 255 251 233 67 0 5 0 1 0 0 1 13 0 0 152 255 255 167 48 50 53 119 122 81 67 87 191 243 236 255 242 206 28 0 0 5 0 6 3 0 0 69 222 255 255 104 0 0 0 5 2 0 0 0 0 73 244 255 243 255 80 0 0 5 0 2 3 0 0 168 255 255 159 15 0 4 11 0 0 17 1 15 0 0 123 239 249 255 147 0 0 3 0 0 1 10 0 219 255 244 133 12 9 0 9 2 0 0 7 0 14 5 0 210 244 241 207 1 0 1 10 4 0 0 0 245 255 255 9 0 3 0 2 0 3 4 1 0 1 9 0 46 255 253 245 0 0 2 0 12 0 1 12 247 251 181 0 3 0 4 1 0 0 0 0 12 0 8 3 3 152 255 255 0 0 4 0 12 0 0 6 255 240 198 0 8 1 0 5 6 0 0 8 0 0 7 0 2 153 255 191 0 0 1 0 2 0 9 0 165 254 249 72 0 6 7 0 3 0 11 0 0 0 0 0 8 248 251 146 1 4 7 3 0 0 0 17 133 255 251 121 25 0 0 3 4 7 0 0 23 4 0 22 117 232 250 63 0 0 4 0 2 15 0 0 35 213 253 242 22 12 14 0 9 0 2 9 8 0 0 30 239 255 152 4 0 0 0 20 0 0 0 0 1 127 255 255 168 32 0 3 15 2 0 3 0 20 151 232 245 204 15 0 15 3 4 0 0 9 11 0 0 59 213 255 255 244 100 0 0 0 14 2 55 130 251 241 120 29 7 0 13 0 1 2 6 0 0 0 13 0 32 201 249 238 255 255 177 169 195 251 255 255 166 0 1 0 0 0 0 0 0 0 0 0 13 0 0 0 6 6 112 199 252 255 252 255 246 253 225 107 7 2 0 17 0 6 1 0 5 0 0 0 0 0 0 0 0 9 0 4 59 132 169 152 119 52 31 7 0 0 4 2 0 0 0 0 0 0 0 0 0 0 0 0 0 0 0 0 2 2 0 0 0 7 2 0 0 1 3 2 0 0 0 0 0 0 0 0 0 0 0 0 0 4 9 10 5 0 0 0 6 0 0 1 3 2 0 0 0 0 0 0 0 0 0 0 0 0 0 0 0 0 0 0 0 3 6 3 0 0 3 4 2 0 0 0 3 0 0 0 0
0 0 0 0 0 0 0 0 2 0 0 3 6 3 0 0 0 0 3 0 0 5 9 0 0 0 0 0 0 0 0 0 0 0 0 0 0 6 0 0 0 0 0 1 4 0 0 13 9 0 0 18 0 0 0 0 0 0 0 0 0 0 0 0 0 0 0 7 4 12 0 0 0 8 0 0 9 11 0 0 0 0 0 0 0 0 0 0 0 0 0 0 14 2 0 0 0 0 0 5 8 0 3 1 9 0 0 13 0 0 0 0 0 0 0 0 0 0 0 0 0 0 27 0 9 0 9 0 12 0 0 0 1 0 12 0 0 0 0 0 0 0 0 0 0 0 0 0 0 0 0 0 75 175 255 251 246 203 151 47 4 0 12 0 0 0 0 0 0 0 0 0 0 0 0 0 11 0 9 81 181 255 255 247 248 252 255 217 162 19 0 14 0 0 0 0 0 0 0 0 0 0 0 0 0 8 77 241 255 241 147 129 227 252 255 236 255 116 5 0 0 0 0 0 0 5 1 0 1 4 0 0 1 0 213 246 218 44 0 15 25 104 122 74 247 241 58 0 0 0 0 0 0 0 1 4 3 0 0 0 12 51 227 233 90 5 2 0 8 4 0 0 55 245 215 0 0 0 0 0 4 0 0 7 0 0 0 1 0 146 255 211 0 0 16 0 0 0 7 11 0 167 255 8 0 0 0 0 8 0 0 2 0 0 5 2 34 236 255 132 0 7 2 3 0 8 0 0 5 151 241 3 0 0 0 0 2 0 0 0 0 2 3 0 153 255 202 26 3 16 0 1 9 12 0 0 3 241 255 0 0 0 0 0 0 4 2 0 3 0 0 2 227 254 155 0 0 0 0 5 0 0 5 0 72 253 198 0 0 0 0 0 0 7 0 0 10 0 0 50 235 240 105 7 1 0 0 9 20 0 0 0 208 255 124 29 0 0 0 0 1 8 0 0 11 0 8 103 247 254 42 0 7 5 0 0 0 3 0 51 236 226 26 0 0 0 0 0 2 0 2 0 0 5 0 235 255 162 0 8 1 0 2 0 2 0 9 237 234 135 6 0 0 0 0 0 3 0 0 0 0 5 0 255 241 116 0 0 0 2 8 0 0 0 122 247 255 0 4 5 0 0 0 0 0 0 1 11 0 3 0 255 255 86 6 2 5 2 0 1 0 68 230 247 88 0 0 8 0 0 0 0 1 0 0 12 0 4 0 255 245 95 0 0 0 8 0 2 64 196 254 118 0 13 7 0 0 0 0 0 8 0 0 0 0 8 8 242 239 130 0 20 16 0 0 60 197 255 127 5 8 0 9 0 0 0 0 0 0 1 0 3 0 3 0 140 255 199 4 0 0 0 95 212 248 157 0 2 0 0 0 0 0 0 0 0 0 5 3 5 7 0 0 31 224 255 98 0 4 127 247 241 145 0 1 0 0 7 12 0 0 0 0 0 0 11 0 0 3 0 7 0 179 255 249 225 235 255 230 87 0 0 3 4 3 2 0 0 0 0 0 0 0 0 0 0 0 0 0 0 27 110 215 255 245 156 56 0 0 0 0 0 0 0 0 0 0 0 0 0 0 0 0 0 0 0 0 0 0 4 7 2 0 0 0 6 0 0 0 0 0 0 0 0 0 0 0 0 0 0 0 0 0 0 0 0 0 0 0 3 5 4 4 4 0 0 0 0 0 0 0 0 0 0 0 0 0 0 0 0 0 0 0 0 5 3 1 0 0 1 0 0 0 0 0 0 0 0 0 0 0 0 0 0
0 0 0 0 0 0 0 0 5 0 9 12 0 1 5 0 0 0 0 0 0 0 0 0 0 0 0 0 0 0 0 0 0 0 0 0 9 5 0 0 20 0 0 0 0 0 0 0 0 0 0 0 0 0 0 0 0 0 0 0 0 0 0 0 0 8 2 0 0 0 22 0 0 0 0 0 0 0 0 0 0 0 0 0 0 0 0 0 0 0 0 0 11 7 0 16 166 255 75 0 0 0 0 0 0 0 0 0 0 0 0 0 0 0 0 0 0 0 0 0 0 6 2 189 255 236 146 0 0 0 0 0 0 0 0 0 0 0 0 0 0 0 0 0 0 0 0 0 15 4 136 255 242 97 0 1 0 0 0 0 0 0 0 0 0 0 0 0 0 0 0 0 0 0 0 0 0 20 226 255 99 0 14 0 0 0 0 0 0 0 0 0 0 0 0 0 0 0 0 0 0 0 0 0 0 122 255 177 0 66 216 153 0 0 0 0 0 0 0 0 0 0 0 0 5 0 4 3 0 0 2 4 0 247 255 47 5 91 255 248 117 24 0 5 0 6 0 4 0 0 0 0 0 0 3 0 1 10 4 0 91 251 206 46 0 0 118 246 254 125 21 0 0 0 0 0 0 0 0 0 0 0 2 0 0 9 0 0 206 247 90 0 4 6 1 81 220 255 174 50 1 0 3 5 0 0 0 0 1 1 2 0 0 3 0 34 208 255 93 0 0 9 0 13 35 220 247 207 0 10 0 0 0 0 0 0 0 0 1 6 0 4 4 112 251 203 28 3 0 11 3 0 0 28 206 255 136 5 19 0 0 0 0 0 0 0 0 8 0 0 4 157 255 119 0 4 0 0 5 1 10 0 60 250 249 141 0 14 0 0 0 0 2 5 0 1 0 1 0 159 255 61 0 0 6 6 6 0 0 2 5 113 255 231 15 6 0 0 0 0 0 7 0 0 0 16 2 160 248 17 7 0 6 3 0 5 2 0 8 30 207 255 93 0 0 0 0 0 0 8 0 0 0 9 0 158 255 10 4 9 10 0 1 0 0 15 0 0 103 246 169 0 0 0 0 0 0 3 2 8 0 3 0 155 242 29 0 0 0 0 3 9 0 0 7 2 113 255 136 5 0 0 0 0 3 0 0 4 0 0 7 161 255 84 0 0 15 6 0 3 0 22 0 31 193 246 86 0 0 0 0 0 7 0 0 0 0 0 2 112 255 188 67 7 0 0 0 0 18 0 101 213 255 174 0 0 0 0 0 0 0 0 1 1 1 5 0 20 167 255 229 140 79 109 111 93 127 219 246 255 196 33 0 5 0 0 0 0 0 0 2 0 2 12 0 0 33 174 251 255 247 255 249 244 255 255 241 119 0 0 26 0 0 0 0 0 4 0 1 0 0 7 7 7 0 18 85 153 168 171 174 201 144 92 20 0 6 0 5 0 0 0 0 0 2 0 7 4 0 0 0 0 9 0 6 10 0 0 0 4 15 0 5 0 10 8 1 0 0 0 0 0 0 0 0 0 0 0 0 0 0 0 0 0 0 0 0 0 0 0 0 0 0 0 0 0 0 0 0 0 0 0 0 0 0 0 0 0 0 0 0 0 0 0 0 0 0 0 0 0 0 0 0 0 0 0 0 0 0 0 0 0 0 0 0 0 0 0 0 0 0 0 0 0 0 0 0 0 0 0 0 0 0 0 0 0 0 0 0 0 0 0 0 0 0 0 0 0 0 0 0 0 0 0 0 0 0 0 0 0 0 0 0 0
0 0 0 0 3 3 1 0 0 18 0 0 5 0 6 0 1 2 0 0 0 0 0 0 0 0 0 0 0 1 1 1 0 0 2 4 0 0 1 3 0 2 2 3 5 1 0 1 0 0 1 10 0 0 0 0 0 1 2 0 0 0 2 7 19 0 8 10 0 0 0 9 0 0 0 8 4 1 0 0 0 0 0 0 0 0 0 0 0 0 0 2 0 0 1 0 0 20 5 0 19 0 2 0 0 2 6 1 0 0 0 0 1 0 0 1 6 6 1 0 11 29 0 0 95 205 255 239 79 8 0 5 0 1 0 2 0 0 0 0 4 0 0 4 12 13 4 0 0 0 0 106 220 251 255 244 166 27 0 0 6 10 0 0 0 0 0 0 3 0 0 3 8 9 4 0 6 7 101 233 255 254 254 254 253 131 69 15 0 4 6 10 0 0 0 0 0 0 0 0 1 1 1 0 0 60 226 255 231 252 255 244 255 251 255 132 3 0 0 0 0 0 0 0 5 0 6 0 0 13 0 0 22 208 245 255 195 41 26 54 245 255 252 241 132 0 10 0 0 0 0 0 0 0 7 0 0 0 16 3 174 245 255 214 17 23 0 0 92 249 253 255 234 89 0 3 0 0 0 0 0 1 1 0 3 0 3 75 241 251 251 59 10 2 11 4 8 82 255 252 255 231 0 3 0 0 0 0 0 2 0 1 3 0 0 187 246 255 136 0 11 0 0 0 4 0 137 223 255 255 149 9 0 0 0 0 1 0 0 5 0 0 87 253 250 181 13 7 0 8 9 8 0 2 1 108 246 242 255 34 0 0 0 0 1 0 5 7 0 7 226 252 255 89 14 2 0 0 2 0 3 0 1 2 179 255 250 43 0 0 0 0 1 0 7 3 0 79 255 247 144 8 0 0 5 8 0 8 12 0 12 4 159 252 255 39 0 0 0 0 3 0 1 0 2 163 231 255 103 0 9 0 3 0 12 0 0 4 0 5 171 248 247 53 0 0 0 0 4 0 3 2 0 200 242 233 15 2 0 3 0 1 2 0 3 5 4 4 197 252 253 54 0 0 0 0 0 11 0 0 28 189 255 150 0 0 0 8 4 0 0 3 0 0 4 76 248 255 243 34 0 0 0 0 0 12 0 0 14 223 255 134 13 7 6 2 0 1 6 0 1 11 7 130 255 246 255 41 0 0 0 0 0 4 0 0 0 190 255 208 2 0 0 4 0 0 0 2 6 0 0 134 238 252 186 19 0 0 0 0 4 2 1 0 14 59 254 255 108 26 0 5 22 9 0 0 14 0 28 218 247 255 24 0 0 0 0 0 7 0 9 1 0 0 146 231 255 179 80 6 0 0 7 6 0 45 184 229 255 95 16 1 0 0 0 0 5 0 7 12 0 16 16 114 226 255 236 142 61 73 131 161 161 255 245 236 104 7 0 0 0 0 0 0 0 6 0 2 4 4 0 0 25 75 167 241 255 250 250 253 249 160 117 26 0 5 0 8 0 0 0 0 0 0 0 0 0 0 0 0 0 0 0 0 0 0 0 0 0 0 0 0 0 0 0 0 0 0 0 0 0 0 0 0 0 0 0 0 0 0 0 0 0 0 0 0 0 0 0 0 0 0 0 0 0 0 0 0 0 0 0 0 0 0 0 0 0 0 0 0 0 0 0 0 0 0 0 0 0 0 0 0 0 0 0 0 0 0 0 0 0 0 0 0 0 0 0 0 0 0 0 0 0 0 0 0 0 0 0 0 0 0 0 0
0 0 0 0 0 0 0 0 5 0 7 0 22 0 0 6 1 0 0 0 0 0 0 7 0 0 0 0 0 0 0 0 0 0 0 0 0 4 0 4 0 0 0 0 0 0 19 0 0 15 0 0 0 0 0 0 0 0 0 0 0 0 0 0 4 0 0 3 0 11 12 0 3 0 0 0 9 0 4 0 0 0 0 0 0 0 0 0 0 0 0 0 13 0 16 0 0 0 0 15 5 0 0 0 15 0 6 6 0 0 0 0 0 0 0 0 0 0 0 0 0 16 3 2 139 255 239 109 0 0 20 0 0 8 4 0 0 0 0 0 0 0 0 0 0 0 0 0 2 4 0 181 255 249 255 229 0 16 0 14 14 0 13 0 0 0 0 0 0 0 0 0 0 0 0 0 0 0 44 255 226 137 152 160 7 13 0 130 128 40 15 0 0 0 0 0 0 0 0 0 0 0 0 0 6 23 193 253 98 0 0 0 5 0 128 249 250 204 0 0 0 0 0 0 0 17 0 0 11 0 11 0 0 169 251 182 4 0 2 7 0 0 197 255 242 245 143 0 0 0 0 0 0 11 0 5 0 0 0 0 77 255 245 123 0 17 0 0 0 22 108 240 255 255 243 8 0 0 0 0 4 0 1 11 0 4 0 33 208 255 236 0 7 0 7 0 10 0 7 8 47 212 248 58 0 0 0 0 0 0 0 7 0 4 2 119 244 231 39 20 0 0 6 0 0 16 0 0 3 121 255 94 0 0 0 0 0 2 0 0 0 0 30 205 255 46 0 0 13 2 0 0 0 0 0 4 0 38 247 171 0 0 0 0 0 8 0 0 5 0 100 255 240 0 0 0 7 0 7 0 0 0 0 12 12 52 255 155 0 0 0 0 0 4 0 4 2 6 177 255 150 0 19 0 0 14 0 9 16 0 21 0 0 183 240 89 0 0 0 0 1 0 0 6 0 1 211 213 0 9 0 7 2 0 3 0 0 7 0 10 54 242 255 0 0 0 0 0 3 0 2 7 0 0 212 195 0 17 0 0 15 5 0 5 1 5 0 6 110 255 129 2 0 0 0 0 0 9 0 0 18 0 201 216 4 0 3 3 0 0 0 1 0 5 0 86 240 240 23 3 0 0 0 0 0 6 3 0 0 0 218 236 50 0 5 9 0 12 19 8 12 0 48 204 255 180 0 3 0 0 0 0 3 0 8 12 0 0 158 255 133 2 0 6 3 9 0 0 0 67 212 255 150 66 0 9 0 0 0 0 0 5 0 3 9 0 21 232 244 95 21 0 0 0 4 65 146 252 255 139 17 9 0 0 0 0 0 0 0 4 0 0 0 12 0 109 255 244 198 117 109 164 197 236 255 222 113 7 0 11 0 0 0 0 0 0 3 0 13 5 0 18 9 5 126 223 255 251 240 255 249 203 107 19 0 6 5 0 0 9 0 0 0 0 8 0 0 5 7 0 5 0 0 43 118 176 158 103 52 0 9 0 6 9 0 0 3 0 0 0 0 0 0 0 0 0 0 0 0 0 0 0 0 0 0 0 0 0 0 0 0 0 0 0 0 0 0 0 0 0 0 0 0 0 0 0 0 0 0 0 0 0 0 0 0 0 0 0 0 0 0 0 0 0 0 0 0 0 0 0 0 0 0 0 0 0 0 0 0 0 0 0 0 0 0 0 0 0 0 0 0 0 0 0 0 0 0 0 0 0 0 0 0 0 0 0 0 0 0 0 0 0 0 0 0 0 0 0 0 0 0 0 0 0
0 0 0 0 0 0 0 0 8 0 0 15 0 9 8 0 0 1 0 0 7 0 9 0 0 0 0 0 0 0 0 0 0 0 0 0 0 3 12 0 11 2 0 0 4 0 17 0 3 14 0 0 0 0 0 0 0 0 0 0 0 0 0 0 5 4 1 0 20 0 0 5 0 0 0 0 0 0 5 15 0 0 0 0 0 0 0 0 0 0 0 0 0 0 0 10 0 0 10 2 8 0 13 2 0 10 0 0 0 0 0 0 0 0 0 0 0 0 0 0 0 9 3 3 16 61 111 99 101 106 54 14 0 0 18 0 0 0 0 0 0 0 0 0 0 0 0 0 0 0 2 61 218 217 251 255 255 249 249 196 136 48 7 0 0 0 0 0 0 0 0 0 0 0 0 0 11 0 3 77 207 115 90 81 100 64 244 224 255 218 42 22 0 0 0 0 0 0 0 0 0 0 0 0 0 6 0 6 10 0 5 3 1 0 0 25 197 255 252 99 0 0 0 0 3 6 0 13 0 5 14 0 71 160 0 0 2 5 0 0 0 4 0 2 94 244 248 245 0 0 0 0 0 4 15 0 0 5 5 109 243 202 14 0 0 0 3 0 1 0 6 0 7 133 255 245 0 0 0 0 7 0 0 10 3 20 140 255 255 137 0 6 0 0 10 0 3 0 4 6 0 76 255 252 0 0 0 0 3 12 0 0 0 105 255 255 121 20 0 8 1 0 5 0 0 3 0 7 10 87 255 254 0 0 0 0 0 0 5 0 38 218 251 219 26 0 2 0 0 0 0 0 0 7 0 0 0 126 244 213 0 0 0 0 0 0 0 11 85 255 255 142 1 5 14 0 0 7 0 1 2 0 3 0 19 217 255 123 0 0 0 0 0 27 2 0 112 244 233 1 0 1 1 0 1 11 0 2 5 0 0 16 112 255 239 41 0 0 0 0 7 0 0 7 232 254 124 0 6 0 0 4 0 0 0 7 0 5 0 16 169 242 170 9 0 0 0 0 0 4 0 0 242 253 114 0 1 0 3 0 9 0 0 4 0 2 65 169 244 254 56 5 0 0 0 0 0 7 0 15 105 246 236 1 0 11 0 11 0 13 19 0 6 115 234 254 255 209 44 0 0 0 0 0 5 11 0 0 114 253 251 153 14 0 12 5 9 0 0 52 186 252 247 255 195 26 0 4 0 0 0 0 0 0 0 16 21 211 248 255 180 68 27 27 18 17 193 255 251 240 250 205 40 0 9 0 0 0 0 0 6 0 3 10 0 31 208 249 255 250 255 248 253 255 236 245 254 255 99 12 0 0 4 0 0 0 0 0 6 18 0 9 4 0 33 158 235 244 255 255 245 239 255 178 144 12 0 0 11 13 6 0 0 0 0 0 0 0 19 0 0 14 0 4 47 89 204 193 228 124 58 13 12 0 10 5 12 0 11 0 0 0 0 0 0 16 0 15 0 0 0 1 0 0 2 4 11 0 0 5 0 13 0 0 5 4 3 0 0 0 0 0 0 0 0 0 0 0 0 0 0 0 0 0 0 0 0 0 0 0 0 0 0 0 0 0 0 0 0 0 0 0 0 0 0 0 0 0 0 0 0 0 0 0 0 0 0 0 0 0 0 0 0 0 0 0 0 0 0 0 0 0 0 0 0 0 0 0 0 0 0 0 0 0 0 0 0 0 0 0 0 0 0 0 0 0 0 0 0 0 0 0 0 0 0 0 0 0 0 0 0 0 0 0 0 0 0 0 0 0 0 0 0 0
0 0 0 0 0 0 0 0 0 2 1 1 0 0 0 14 0 7 1 0 0 5 7 0 0 0 0 0 0 0 0 0 0 0 0 0 0 11 0 0 0 11 0 0 0 0 16 8 2 0 0 6 0 0 0 0 0 0 0 0 0 0 0 0 0 0 0 1 9 5 0 8 5 0 0 0 5 6 1 4 0 0 0 0 0 0 0 0 0 0 0 0 3 0 0 6 6 0 0 9 0 22 0 6 7 0 9 0 0 0 0 0 0 0 0 0 0 0 0 0 0 7 0 0 5 12 2 0 0 0 0 2 0 0 13 5 0 0 0 0 0 0 0 0 0 0 0 0 0 3 0 0 0 0 0 11 10 0 47 35 0 6 0 0 0 0 0 0 0 0 0 0 0 0 0 0 6 1 0 5 0 0 35 102 125 142 239 227 142 117 70 12 0 0 0 0 0 0 0 0 0 0 0 0 0 3 1 9 49 117 199 255 244 251 244 255 244 255 229 25 0 0 0 0 2 0 4 1 0 10 0 8 2 8 156 179 236 255 254 253 252 243 255 247 241 255 255 127 0 0 9 0 0 10 0 0 23 1 0 9 16 189 252 249 255 255 250 243 255 255 236 255 255 243 248 243 89 0 1 0 6 0 0 6 0 0 0 15 201 255 244 255 240 240 216 169 40 63 59 183 243 246 240 255 202 6 0 0 0 9 0 0 4 14 43 169 232 251 251 252 188 86 10 5 8 0 4 95 115 233 251 236 255 7 0 0 4 0 6 14 0 8 157 255 255 251 221 164 24 0 7 0 2 0 4 0 0 194 254 248 241 4 0 0 0 20 1 0 10 0 187 255 235 255 57 10 0 9 0 0 0 6 11 0 16 199 237 255 164 0 3 0 4 0 8 1 3 101 254 249 255 189 1 0 0 4 4 0 0 0 0 19 142 243 252 255 81 0 3 0 6 0 10 0 0 221 249 254 237 89 1 0 10 1 0 8 6 17 32 121 255 255 239 184 32 0 0 1 0 0 1 0 12 251 244 252 186 0 2 5 5 0 2 0 17 187 241 255 240 250 255 29 0 0 0 0 14 0 0 2 0 247 255 254 192 27 0 0 0 20 79 122 228 242 255 251 255 183 29 2 0 0 0 0 4 0 0 7 0 166 255 239 255 191 158 165 150 177 228 255 246 255 234 253 181 19 0 9 0 0 0 0 0 8 0 0 8 45 239 252 241 255 255 255 255 254 255 245 240 254 169 60 15 9 6 0 0 0 0 0 0 6 0 0 13 0 164 255 251 255 250 235 255 231 255 236 220 33 21 11 0 5 0 2 0 0 0 0 9 0 4 0 2 0 33 167 251 249 255 249 254 154 124 85 0 10 0 0 17 2 6 9 0 0 0 0 1 0 4 3 0 7 0 41 35 25 27 26 37 0 0 0 0 9 7 0 0 0 0 0 0 0 0 0 0 4 0 0 0 0 11 0 0 7 10 0 0 4 5 1 0 6 0 0 5 7 11 4 0 0 0 0 0 0 0 0 0 0 0 0 0 0 0 0 0 0 0 0 0 0 0 0 0 0 0 0 0 0 0 0 0 0 0 0 0 0 0 0 0 0 0 0 0 0 0 0 0 0 0 0 0 0 0 0 0 0 0 0 0 0 0 0 0 0 0 0 0 0 0 0 0 0 0 0 0 0 0 0 0 0 0 0 0 0 0 0 0 0 0 0 0 0 0 0 0 0 0 0 0 0 0 0 0 0 0 0 0 0 0 0 0 0 0 0
0 0 0 0 0 0 0 0 0 14 0 9 0 0 6 0 0 7 8 0 6 8 0 0 0 0 0 0 0 0 0 0 0 0 0 0 0 4 6 0 0 14 0 0 4 4 0 0 0 0 0 16 0 0 0 0 0 0 0 0 0 0 0 0 8 0 0 0 3 0 0 10 1 0 2 18 0 2 17 0 0 0 0 0 0 0 0 0 0 0 0 0 0 4 0 0 7 3 11 0 4 19 0 1 9 3 0 6 0 0 0 0 0 0 0 0 0 0 0 0 12 0 9 8 0 0 87 226 170 76 0 0 0 13 2 0 0 0 0 0 0 0 0 0 0 0 0 0 0 0 13 0 44 215 233 255 255 236 103 27 7 19 0 3 0 0 0 0 0 0 0 0 0 0 0 0 11 0 0 67 142 255 250 248 239 255 255 190 18 0 3 4 0 0 0 0 0 0 0 0 0 0 0 0 0 13 3 218 255 249 255 255 212 196 236 255 116 33 0 0 0 0 0 0 0 0 2 10 0 7 0 8 0 12 128 251 255 252 243 255 103 25 78 241 245 218 8 0 0 0 0 0 3 0 2 0 0 6 5 0 0 111 239 255 226 121 167 149 6 2 0 58 234 248 80 0 0 0 0 0 0 7 3 0 0 3 8 0 98 255 255 219 57 15 0 0 0 10 0 2 161 252 230 69 0 0 0 0 0 8 1 0 2 1 0 36 193 255 230 70 0 2 1 7 0 0 0 9 26 178 255 135 0 0 0 0 0 5 0 2 4 3 0 138 255 252 183 0 3 0 8 0 8 10 0 1 3 164 253 202 0 0 0 0 3 2 0 0 1 5 55 235 251 200 32 9 0 9 5 0 0 0 0 0 7 159 239 207 0 0 0 0 3 0 0 1 0 1 146 255 255 130 0 0 4 0 11 0 2 0 16 5 2 159 255 200 0 0 0 0 0 0 8 4 3 0 211 249 242 65 0 0 13 0 0 9 0 0 0 7 0 159 255 197 0 0 0 0 1 0 13 0 10 0 200 254 253 66 3 0 0 12 0 9 0 2 0 7 0 193 255 206 0 0 0 0 6 2 2 0 0 9 221 255 250 59 3 9 0 13 9 1 4 0 0 3 179 255 229 87 0 0 0 0 0 6 0 1 0 6 183 243 253 58 0 7 0 0 0 0 0 16 5 93 245 251 151 6 0 0 0 0 0 2 1 15 4 0 102 251 255 89 12 4 0 12 3 0 25 62 171 255 253 247 4 0 0 0 0 0 3 2 0 0 3 0 39 246 230 250 154 8 15 11 0 130 211 255 251 255 235 160 2 15 0 0 0 0 0 7 0 0 3 10 0 149 255 255 255 244 240 255 247 255 255 238 255 199 22 0 0 0 0 0 0 0 0 6 1 0 4 8 0 34 213 241 251 255 255 255 255 239 214 217 81 31 3 0 6 10 0 0 0 0 1 2 0 11 0 0 8 0 39 224 248 253 255 243 251 151 57 0 8 0 0 0 4 0 0 0 0 0 0 0 0 0 0 0 0 0 0 0 0 0 0 0 0 0 0 0 0 0 0 0 0 0 0 0 0 0 0 0 0 0 0 0 0 0 0 0 0 0 0 0 0 0 0 0 0 0 0 0 0 0 0 0 0 0 0 0 0 0 0 0 0 0 0 0 0 0 0 0 0 0 0 0 0 0 0 0 0 0 0 0 0 0 0 0 0 0 0 0 0 0 0 0 0 0 0 0 0 0 0 0 0 0 0 0 0 0 0 0 0 0
0 0 0 0 0 0 0 0 0 0 0 7 1 0 2 0 1 2 10 0 0 12 0 0 0 0 0 0 0 0 0 0 0 0 0 0 4 0 2 0 0 0 5 0 9 0 0 1 9 2 0 17 0 0 0 0 0 0 0 0 0 0 0 0 0 0 4 1 0 7 9 0 0 0 16 7 0 0 0 4 0 0 0 0 0 0 0 0 0 0 0 0 4 0 0 0 0 0 0 0 4 0 0 0 0 15 16 2 0 0 0 0 0 0 0 0 0 0 0 0 8 0 0 6 1 0 7 13 4 0 3 21 10 0 0 0 0 0 0 0 0 0 0 0 0 0 0 0 0 0 4 12 0 0 0 0 0 0 0 0 0 0 17 0 0 0 0 0 0 0 0 0 0 0 0 0 0 4 8 0 0 13 41 47 191 202 199 202 206 209 154 28 0 0 0 0 0 0 0 0 0 0 0 0 0 6 3 0 20 120 217 255 247 252 249 255 247 253 254 186 0 0 0 0 0 1 8 0 0 2 7 0 0 1 0 62 191 239 250 253 255 255 243 255 252 245 247 254 0 0 0 0 2 2 0 0 10 17 0 14 9 5 92 245 236 254 255 246 204 224 250 235 254 255 252 253 0 0 0 0 6 0 5 0 6 0 13 0 14 129 238 253 252 255 255 179 27 20 255 247 241 249 254 244 0 0 0 0 3 0 16 1 0 0 6 41 204 255 248 255 250 175 50 20 0 16 11 53 193 246 253 252 0 0 0 0 0 0 0 6 0 21 0 201 255 228 255 253 231 34 0 0 16 0 0 7 0 248 255 255 0 0 0 0 0 11 0 0 15 9 125 255 243 255 253 167 52 0 5 0 0 2 0 12 72 250 255 242 0 0 0 0 0 14 0 0 7 41 255 239 255 237 121 7 5 3 11 0 5 0 15 0 176 255 234 255 0 0 0 0 0 0 0 10 0 152 252 255 242 164 7 0 0 10 0 8 0 9 4 70 209 255 249 144 0 0 0 0 5 7 0 3 133 221 252 254 231 55 8 0 12 0 0 7 1 0 191 245 255 252 223 49 0 0 0 0 0 4 0 13 231 255 255 252 183 4 0 5 0 0 4 0 109 222 255 251 247 211 71 0 0 0 0 0 0 6 0 2 255 250 253 242 58 0 10 10 0 43 128 164 244 255 242 255 139 57 0 5 0 0 0 0 1 0 0 0 240 248 248 255 152 59 0 12 116 227 252 254 238 255 192 128 61 0 0 9 0 0 0 0 0 0 6 0 140 251 245 252 248 231 217 225 252 255 248 255 253 253 112 0 13 6 2 0 0 0 0 0 0 9 4 0 41 225 255 247 249 248 255 246 241 255 255 223 195 92 12 0 0 0 15 6 0 0 0 0 0 5 0 0 8 140 243 255 255 249 255 247 255 217 136 18 10 0 0 4 4 8 0 0 0 0 0 0 1 0 0 15 0 2 142 194 198 196 202 199 199 50 0 0 0 0 12 0 5 2 0 6 0 0 0 0 0 0 0 0 0 0 0 0 0 0 0 0 0 0 0 0 0 0 0 0 0 0 0 0 0 0 0 0 0 0 0 0 0 0 0 0 0 0 0 0 0 0 0 0 0 0 0 0 0 0 0 0 0 0 0 0 0 0 0 0 0 0 0 0 0 0 0 0 0 0 0 0 0 0 0 0 0 0 0 0 0 0 0 0 0 0 0 0 0 0 0 0 0 0 0 0 0 0 0 0 0 0 0 0 0 0 0 0 0 0 0 0
0 2 4 0 2 3 0 0 9 0 7 3 0 4 0 2 2 1 0 8 0 0 0 4 0 0 0 0 1 0 5 4 0 5 19 0 0 0 4 0 0 11 1 0 0 2 0 3 0 17 5 0 0 0 0 0 4 23 4 0 16 0 0 0 7 0 10 11 3 0 0 9 0 9 4 2 0 2 0 0 0 0 0 0 0 0 0 7 10 0 0 8 9 0 0 0 0 0 0 3 7 0 0 0 0 4 5 10 0 0 0 0 4 14 3 0 0 26 0 9 0 5 0 0 11 12 5 0 0 1 12 8 3 0 0 0 0 0 0 0 0 0 0 0 22 0 255 41 0 11 2 5 1 0 52 135 193 135 58 0 0 0 9 0 0 0 0 0 6 3 14 3 0 125 254 146 0 0 5 123 247 255 255 255 252 253 252 187 99 2 0 7 0 0 0 0 0 0 0 0 15 126 255 181 66 194 253 255 255 248 255 255 255 237 255 255 221 71 0 0 0 0 0 0 0 5 3 3 0 255 255 250 255 248 255 254 253 255 117 135 195 254 249 251 255 255 115 7 0 0 0 4 0 0 0 9 1 255 255 255 248 255 240 255 124 0 15 0 0 13 73 196 255 255 199 60 0 3 6 0 5 2 0 4 0 246 249 247 255 195 7 0 11 0 0 6 6 0 0 0 122 247 255 252 1 0 2 0 0 4 2 3 0 255 255 255 186 7 0 10 8 12 1 0 0 0 5 16 1 197 240 255 70 0 0 0 0 8 3 0 0 255 222 151 0 0 18 0 0 0 1 3 1 0 0 0 5 0 213 242 186 2 2 8 0 9 0 0 2 250 138 0 27 0 0 3 25 0 0 0 0 30 0 13 0 0 129 255 255 0 0 11 0 3 0 2 16 255 132 0 0 0 14 0 0 6 9 3 0 0 11 19 0 12 144 248 255 0 0 1 3 7 0 0 4 242 134 7 0 15 0 0 17 0 0 4 0 10 0 0 11 0 133 255 255 3 4 0 0 5 2 0 3 255 118 0 0 22 0 0 17 0 3 7 2 8 0 6 0 2 133 249 255 10 4 0 3 0 2 9 0 242 252 76 2 0 22 8 0 10 1 0 3 0 3 8 0 8 126 255 253 0 0 3 3 0 0 12 0 255 255 176 78 1 0 8 0 0 0 23 0 0 8 6 0 21 119 254 255 0 0 17 1 0 0 6 0 193 249 253 241 5 0 0 0 27 0 0 13 6 0 14 0 52 255 255 242 10 0 12 0 0 8 2 0 24 229 255 255 190 62 1 2 4 6 0 0 0 27 0 71 254 255 250 126 1 0 0 0 3 6 0 1 0 98 190 241 248 255 194 125 131 111 82 3 72 106 193 255 246 252 248 15 0 2 0 0 8 0 0 9 8 0 71 201 248 248 254 255 254 255 252 255 253 255 255 250 253 198 0 0 0 8 3 0 3 0 6 9 0 13 0 0 63 199 255 250 255 255 247 246 255 252 241 255 197 66 0 3 1 0 0 0 0 0 0 0 0 0 0 2 5 0 7 70 114 147 243 255 246 255 135 120 0 9 0 0 0 0 0 0 0 0 0 0 0 0 0 0 0 0 0 5 0 0 24 0 0 5 0 8 0 4 9 0 0 0 0 0 0 0 0 0 0 0 0 5 8 14 9 12 5 0 0 8 13 0 5 0 12 0 0 0 0 0 0 0 0 0 0 0 0 0 0 0 0 0 0 0 1 5 5 0 0 0 0 5 0 0 4 0 0 0 0
0 0 0 0 0 0 0 0 0 3 8 5 0 0 0 0 0 13 1 0 7 0 0 13 0 0 0 0 0 0 0 0 0 0 0 0 3 0 0 1 0 0 1 10 0 1 0 10 6 5 10 0 0 0 0 0 0 0 0 0 0 0 0 0 6 11 0 0 18 6 0 0 0 2 0 0 0 0 10 12 0 0 0 0 0 0 0 0 0 0 0 0 2 0 10 11 0 0 23 0 6 0 0 0 13 0 0 0 0 0 0 0 0 0 0 0 0 0 0 0 0 0 0 0 10 2 0 0 3 0 20 0 0 14 1 8 0 0 0 0 0 0 0 0 0 0 0 0 0 12 0 0 7 0 16 93 210 255 225 114 128 109 0 0 0 0 0 0 0 0 0 0 0 0 0 0 6 0 10 15 0 51 201 255 255 240 255 255 245 255 222 59 0 0 0 0 0 0 0 0 0 0 0 0 0 14 0 8 133 240 255 248 246 255 246 255 244 241 255 173 0 0 0 0 0 13 0 0 7 6 0 9 9 0 27 191 239 255 252 254 253 255 248 165 20 42 246 255 177 0 8 1 0 0 1 0 0 0 0 0 0 49 130 238 255 243 255 150 19 99 147 5 2 2 101 254 248 9 5 3 1 0 6 2 0 13 2 2 38 153 255 255 220 157 172 27 9 0 19 0 3 0 51 255 248 9 0 1 5 0 9 0 0 4 0 0 212 249 253 219 58 17 0 18 12 0 0 17 0 8 187 255 155 0 0 0 0 0 3 0 3 0 12 98 251 255 225 37 0 0 3 0 0 0 2 0 14 6 255 227 60 7 5 0 0 0 0 9 7 0 85 223 255 209 52 27 2 14 0 10 16 0 0 0 20 57 244 156 8 13 0 0 4 4 0 5 0 17 154 242 246 139 0 0 0 0 4 0 0 3 16 0 4 167 250 112 0 5 0 0 0 6 0 5 0 92 255 255 142 3 0 0 9 0 0 3 10 0 0 4 124 255 247 88 0 2 0 9 0 22 0 4 4 204 255 255 20 1 0 3 1 0 0 0 2 3 4 40 230 250 213 0 0 0 0 0 7 0 0 0 0 255 224 170 5 0 1 0 0 0 7 5 0 0 66 238 239 248 32 6 0 0 0 0 0 10 0 0 11 248 255 63 0 2 9 6 0 0 0 0 19 123 214 255 255 122 0 7 0 0 0 0 0 0 13 0 1 253 248 6 0 0 0 5 3 7 14 13 122 205 255 252 135 0 29 0 0 0 0 0 0 9 0 16 0 255 243 40 0 0 3 6 0 31 110 177 255 255 242 133 3 0 5 0 0 0 0 0 6 0 1 5 0 228 255 203 40 30 63 134 201 244 255 255 254 237 144 0 1 5 0 11 0 0 0 0 0 14 0 0 17 66 237 253 237 246 255 255 248 244 239 225 99 47 0 16 10 0 0 5 0 0 0 0 6 0 11 0 0 0 63 168 255 255 251 248 252 239 167 77 3 4 0 0 0 3 3 0 0 0 0 0 0 0 0 0 0 0 0 0 55 115 133 73 7 0 0 0 0 0 0 0 0 0 0 0 0 0 0 0 0 0 0 0 0 0 0 0 0 6 10 0 0 8 7 0 0 0 0 0 0 0 0 0 0 0 0 0 0 0 0 0 0 0 0 0 6 0 0 0 1 0 0 0 0 0 0 0 0 0 0 0 0 0 0 0 0 0 0 0 0 0 0 0 6 3 5 7 0 0 0 8 0 0 0 0 0 0 0 0 0 0 0 0
0 0 0 0 0 0 0 0 0 9 7 1 0 1 12 0 9 0 23 4 0 10 2 0 0 0 0 0 0 0 0 0 0 0 0 0 18 0 2 0 0 1 0 1 13 0 0 8 14 4 0 0 0 0 0 0 0 0 0 0 0 0 0 0 0 1 0 0 19 7 0 7 0 17 2 0 2 0 3 14 0 0 0 0 0 0 0 0 0 0 0 0 4 2 2 21 0 0 27 0 0 7 4 0 0 5 2 0 0 0 0 0 0 0 0 0 0 0 0 0 0 0 0 0 0 0 0 9 19 0 8 13 0 4 0 3 0 0 0 0 0 0 0 0 0 0 0 0 14 0 9 0 44 109 91 198 185 94 75 25 0 11 0 0 0 0 0 0 0 0 0 0 0 0 0 0 0 0 157 198 183 252 255 253 255 255 255 155 32 0 0 15 0 0 0 0 0 0 0 0 0 0 0 0 15 178 255 252 252 255 255 251 242 255 255 255 236 141 45 0 0 0 0 0 0 6 0 10 0 10 0 20 160 253 255 253 251 255 255 244 199 76 167 255 247 254 96 6 0 0 0 0 2 4 0 6 0 0 19 172 255 252 251 255 255 237 255 255 243 255 255 239 253 252 120 0 0 0 0 0 0 5 0 5 4 0 14 255 245 255 245 255 247 255 234 203 146 46 25 85 255 251 112 2 0 0 0 0 0 5 8 0 2 6 5 254 247 241 255 241 227 116 67 12 0 4 2 45 244 253 255 17 0 0 0 0 12 0 4 0 0 14 19 251 255 252 255 189 28 0 8 0 15 0 14 30 242 255 255 3 0 0 0 0 11 0 1 10 0 3 20 255 244 255 187 0 9 0 10 2 0 11 1 61 255 250 250 29 0 0 0 0 0 0 1 15 1 0 12 250 255 250 251 128 0 0 12 0 6 0 0 102 246 239 115 1 0 0 0 0 0 11 0 0 0 0 20 255 241 255 214 28 5 0 1 0 0 5 13 195 255 255 100 1 0 0 0 0 0 2 3 0 0 7 8 253 247 255 36 0 12 0 0 0 0 2 112 255 246 255 117 0 0 0 0 0 1 1 0 0 0 3 21 255 255 241 47 0 9 0 0 4 5 4 110 255 255 255 95 4 0 0 0 0 4 0 0 2 0 0 21 239 255 252 126 1 1 0 4 0 3 6 171 255 243 218 69 0 0 0 0 0 0 0 0 6 2 0 4 148 250 255 186 0 0 11 10 2 2 49 255 255 247 177 1 0 0 0 0 0 0 1 0 2 3 2 0 51 208 255 214 10 0 0 0 0 44 229 242 255 199 7 1 12 0 0 0 0 2 4 0 0 0 5 0 0 73 238 255 109 66 67 62 61 232 255 238 254 116 10 0 0 0 0 0 0 3 2 0 0 0 1 11 0 11 173 249 255 240 248 255 248 254 250 255 242 50 0 9 3 0 0 0 0 0 0 0 8 0 0 16 0 0 12 58 251 255 246 255 252 252 202 117 6 0 2 11 0 0 0 0 0 0 0 0 0 0 0 0 0 4 0 26 74 146 248 250 144 77 34 0 0 4 0 0 4 0 0 0 0 0 0 0 0 0 0 0 0 9 0 5 11 0 10 16 0 18 0 0 0 5 1 0 3 0 0 0 0 0 0 0 0 0 0 0 0 4 0 0 7 0 0 1 12 0 0 0 3 6 2 0 0 0 0 0 0 0 0 0 0 0 0 0 0 0 4 0 0 0 2 0 0 1 5 6 3 1 1 0 0 0 0 0 0
0 0 0 0 0 0 0 0 0 10 0 0 7 6 0 5 0 12 0 4 5 4 0 7 0 0 0 0 0 0 0 0 0 0 0 0 3 0 0 4 0 0 0 9 0 9 0 0 0 0 18 0 0 0 0 0 0 0 0 0 0 0 0 0 0 0 0 6 0 15 15 0 29 0 5 12 8 1 0 0 0 0 0 0 0 0 0 0 0 0 0 0 14 0 0 11 0 0 3 15 0 0 2 0 8 0 9 0 0 0 0 0 0 0 0 0 0 0 0 0 0 5 0 0 7 0 0 0 13 99 133 218 189 0 0 15 0 0 0 0 0 0 0 0 0 0 0 0 0 8 0 0 7 3 7 43 246 255 254 247 255 161 17 0 0 0 0 0 0 0 0 0 0 0 0 0 13 0 0 9 0 0 99 236 255 234 255 242 238 191 5 8 0 0 0 0 0 0 0 0 0 0 0 0 0 2 5 0 16 140 248 255 247 255 243 248 255 250 119 0 0 0 0 0 0 5 6 0 0 6 0 9 0 0 0 5 97 244 255 253 255 242 252 178 242 255 224 17 0 0 0 0 0 1 3 0 4 1 0 1 4 3 0 155 239 255 255 255 237 119 54 11 137 227 204 12 0 0 0 0 0 1 0 4 5 0 0 0 0 5 63 220 255 255 231 240 97 0 0 1 0 166 250 87 0 0 0 0 2 5 0 0 0 0 7 0 17 130 235 255 235 255 255 214 9 11 8 0 6 199 247 137 0 0 0 0 0 6 0 0 0 1 3 0 115 231 255 255 252 250 247 61 0 5 0 0 134 255 243 82 0 0 0 0 0 1 6 0 1 0 0 32 245 252 255 255 236 205 154 0 18 0 10 30 209 232 227 17 0 0 0 0 0 0 9 0 5 0 0 114 255 241 255 230 88 65 34 17 0 0 0 70 255 253 251 88 0 0 0 0 7 0 7 0 6 0 15 191 247 255 233 178 0 0 16 0 0 12 66 243 255 249 239 22 0 0 0 0 0 0 0 18 0 6 54 217 237 255 161 20 0 6 0 0 0 96 229 255 255 198 45 10 0 0 0 0 0 5 3 0 5 5 64 255 255 199 44 3 6 0 18 13 50 213 255 244 245 86 3 4 0 0 0 0 7 0 11 0 0 0 149 253 244 90 9 1 0 4 21 58 222 252 242 243 79 0 18 0 0 0 0 0 0 14 0 0 5 5 185 254 248 99 63 51 90 182 216 255 242 255 249 159 0 0 1 15 0 0 0 0 8 0 0 20 0 2 161 250 254 251 239 245 252 255 255 242 255 255 207 16 4 9 0 8 0 0 0 0 0 8 0 0 12 4 27 246 246 255 255 247 249 252 252 255 246 134 47 0 2 0 7 0 0 0 0 0 6 0 3 0 0 0 0 123 255 235 255 253 255 255 240 255 63 23 0 20 14 0 0 20 0 0 0 0 0 7 0 5 1 0 13 0 101 179 236 255 142 18 21 2 0 1 7 0 0 1 7 0 0 0 0 0 0 0 0 0 0 0 0 0 0 0 0 0 0 0 0 0 0 0 0 0 0 0 0 0 0 0 0 0 0 0 0 0 0 0 0 0 0 0 0 0 0 0 0 0 0 0 0 0 0 0 0 0 0 0 0 0 0 0 0 0 0 0 0 0 0 0 0 0 0 0 0 0 0 0 0 0 0 0 0 0 0 0 0 0 0 0 0 0 0 0 0 0 0 0 0 0 0 0 0 0 0 0 0 0 0 0 0 0 0 0 0 0
0 0 0 0 0 0 0 0 1 2 0 3 8 0 10 0 1 0 0 14 0 0 2 0 0 0 0 0 0 0 0 0 0 0 0 0 0 0 0 5 0 0 6 0 0 4 2 0 0 0 19 0 0 0 0 0 0 0 0 0 0 0 0 0 3 0 6 8 0 0 3 13 0 0 4 0 10 17 0 10 0 0 0 0 0 0 0 0 0 0 0 0 1 0 5 0 5 13 0 0 8 0 4 25 0 0 0 10 0 0 0 0 0 0 0 0 0 0 0 0 0 9 7 0 3 7 0 28 178 180 51 0 11 0 5 0 0 0 0 0 0 0 0 0 0 0 0 0 0 0 4 9 0 0 52 185 255 255 204 0 5 12 0 1 0 0 0 0 0 0 0 0 0 0 0 0 4 0 1 18 1 42 153 215 86 61 255 177 0 0 10 0 0 0 0 0 0 0 0 0 0 0 0 0 0 4 4 0 5 154 213 49 0 2 102 233 68 0 0 1 0 0 0 0 0 0 0 0 0 0 0 0 0 8 0 4 145 234 72 2 6 0 60 253 127 1 0 9 0 0 0 0 0 0 0 0 0 0 0 0 4 0 12 92 237 49 3 2 0 0 51 248 82 0 0 3 0 0 0 0 0 0 0 0 0 0 0 0 11 2 53 255 163 7 0 9 0 11 50 252 40 2 0 3 0 0 0 0 0 0 0 0 0 0 0 0 0 0 144 229 47 18 0 0 0 12 53 255 29 4 5 2 0 0 0 0 0 0 0 0 0 0 0 0 0 17 222 125 16 8 0 7 0 0 51 255 38 0 4 0 0 0 0 0 0 0 0 0 0 0 0 0 3 97 252 106 0 5 0 0 3 0 50 255 49 0 3 0 0 0 0 0 0 0 0 0 0 0 0 0 4 141 236 51 0 0 23 0 0 3 51 252 45 0 3 0 0 0 0 0 0 0 0 0 0 0 0 0 0 181 170 2 0 1 0 13 0 11 47 245 30 1 0 2 0 0 0 0 0 0 0 0 0 0 0 0 6 207 132 12 0 9 0 0 7 0 58 214 18 0 4 8 0 0 0 0 0 0 0 0 0 0 0 0 1 220 130 0 0 0 0 3 0 26 51 238 44 4 11 0 0 0 0 0 0 0 0 0 0 0 0 0 0 235 162 0 17 2 0 9 0 0 24 202 5 0 5 7 0 0 0 0 0 0 0 0 0 0 0 0 6 208 181 0 0 1 0 0 14 0 153 210 4 4 0 0 0 0 0 0 0 0 0 0 0 0 0 0 0 150 218 25 0 14 0 7 0 34 232 112 0 15 4 0 0 0 0 0 0 0 0 0 0 0 0 0 13 132 250 91 10 20 48 97 206 216 225 13 0 0 0 1 0 0 0 0 0 0 0 0 0 0 0 0 0 83 241 255 255 245 239 251 211 171 98 0 18 2 0 4 0 0 0 0 0 0 0 0 0 0 0 0 9 0 36 140 243 222 165 112 30 0 0 1 0 9 4 0 0 0 0 0 0 0 0 0 0 0 0 0 0 0 0 0 0 0 0 0 0 0 0 0 0 0 0 0 0 0 0 0 0 0 0 0 0 0 0 0 0 0 0 0 0 0 0 0 0 0 0 0 0 0 0 0 0 0 0 0 0 0 0 0 0 0 0 0 0 0 0 0 0 0 0 0 0 0 0 0 0 0 0 0 0 0 0 0 0 0 0 0 0 0 0 0 0 0 0 0 0 0 0 0 0 0 0 0 0 0 0 0 0 0 0 0
6 0 2 0 2 7 0 1 0 10 0 4 4 0 9 0 0 0 7 0 8 0 3 0 0 0 0 0 0 0 1 4 2 0 0 2 6 0 7 0 0 8 0 8 17 0 0 0 9 0 3 2 0 0 0 0 0 0 0 9 0 0 4 4 1 0 6 1 2 8 0 4 0 0 13 6 5 0 0 0 0 0 0 0 0 1 0 4 0 0 10 0 1 12 0 0 0 0 12 1 0 5 0 0 0 13 12 0 0 0 0 0 0 4 1 0 0 1 2 0 1 0 12 10 9 8 0 0 0 0 0 2 3 9 3 0 0 0 0 0 0 0 7 0 3 3 0 9 76 255 240 255 255 237 253 70 35 7 0 5 1 0 0 8 0 0 0 0 2 0 10 0 4 0 0 89 253 247 255 248 248 255 247 253 187 112 20 0 0 9 2 8 0 0 0 0 10 0 8 0 0 0 9 169 238 255 240 251 252 244 255 245 253 249 183 98 9 0 0 0 0 0 0 0 2 0 2 7 0 0 165 228 249 252 225 206 239 254 238 254 249 255 252 243 215 79 4 4 6 6 0 1 1 0 0 0 3 76 220 255 254 242 100 0 27 153 236 160 142 233 228 255 255 241 70 0 0 0 0 7 2 1 0 0 10 170 255 255 243 201 41 20 0 0 93 0 3 65 130 250 241 244 211 81 9 5 4 0 0 0 3 0 12 233 255 242 201 32 0 0 0 3 0 0 0 0 10 110 235 255 255 229 38 2 6 0 0 0 5 0 7 255 255 251 11 0 0 7 1 0 6 6 24 0 0 8 105 246 245 247 69 0 5 0 2 0 5 0 0 255 247 255 20 8 10 0 0 20 0 0 0 14 6 0 15 102 243 255 156 0 8 0 4 0 5 0 0 252 243 251 3 4 0 17 15 0 0 12 11 0 3 14 2 17 254 255 242 7 6 1 0 0 5 0 0 255 254 253 64 12 1 0 0 8 0 0 0 2 0 0 0 13 69 252 255 0 0 6 0 8 0 4 3 245 252 250 213 0 17 0 6 12 0 13 0 4 0 4 4 5 69 251 249 0 5 3 11 0 1 8 0 255 255 255 240 103 0 8 0 0 0 12 0 22 0 6 0 1 218 248 255 3 0 7 7 0 6 6 0 209 255 248 244 195 10 0 0 20 15 0 10 0 0 16 0 72 255 248 202 3 0 0 0 0 3 0 3 82 239 255 253 247 148 27 0 0 0 11 0 7 0 0 80 232 231 255 81 0 9 0 1 11 0 0 6 3 166 255 250 240 253 177 115 17 0 0 0 110 172 157 217 250 250 166 5 0 18 0 0 4 0 8 1 0 37 150 255 255 245 250 233 209 223 212 221 232 232 252 255 238 183 24 1 0 3 0 0 2 0 16 0 4 0 23 163 242 255 255 239 244 255 249 240 255 247 255 255 170 0 0 7 2 0 0 0 18 0 1 0 1 17 0 18 119 203 235 255 255 246 254 251 245 253 191 117 24 0 9 0 7 0 4 0 0 0 0 0 0 0 0 0 3 30 53 135 237 255 255 246 122 52 37 0 0 8 0 0 0 0 0 0 0 0 0 0 0 0 0 8 2 7 0 0 8 0 0 22 0 0 17 1 0 5 0 0 0 0 0 0 0 0 0 0 0 0 0 0 0 7 10 6 3 0 14 0 0 2 0 0 0 7 6 0 0 0 0 0 0 0 0 0 0 0 0 8 0 0 1 1 0 0 0 3 11 8 0 0 3 1 0 0 0 0 0
0 0 0 0 0 0 0 0 0 0 0 2 3 0 0 8 4 0 4 0 1 9 0 0 0 0 0 0 0 0 0 0 0 0 0 0 0 3 8 1 0 7 9 0 0 3 0 0 0 0 12 2 0 0 0 0 0 0 0 0 0 0 0 0 5 0 0 6 0 0 10 1 5 0 0 3 0 0 2 7 0 0 0 0 0 0 0 0 0 0 0 0 3 0 0 3 7 0 0 1 1 0 15 5 1 21 1 0 0 0 0 0 0 0 0 0 0 0 0 0 0 12 0 0 10 0 0 20 0 5 10 0 0 0 0 0 0 0 0 0 0 0 0 0 0 0 0 0 0 8 2 1 0 0 34 154 254 255 235 235 148 4 0 14 0 0 0 0 0 0 0 0 0 0 0 0 3 0 0 8 6 39 148 255 249 250 255 255 241 106 0 0 0 0 0 0 0 0 0 0 0 0 0 0 0 0 4 0 37 172 255 231 170 125 133 72 171 249 65 2 0 0 0 0 0 0 0 0 0 0 0 0 1 0 7 48 232 249 176 21 0 0 3 0 2 175 162 6 0 0 0 0 0 0 0 0 0 0 0 0 6 0 0 198 254 242 26 0 0 11 1 0 14 149 173 0 0 0 0 0 0 0 0 0 0 0 0 0 12 0 10 254 243 222 44 0 0 12 0 0 5 81 228 9 0 0 0 0 0 0 0 0 0 0 0 0 0 0 109 240 99 66 88 4 3 0 0 3 0 48 243 25 0 0 0 0 0 0 0 0 0 0 0 0 0 29 195 221 0 0 45 0 0 0 4 10 9 132 143 0 0 0 0 0 0 0 0 0 0 0 0 0 0 84 247 133 0 22 10 1 0 6 0 0 57 230 27 0 0 0 0 0 0 0 0 0 0 0 0 0 0 166 255 32 0 0 0 3 4 7 0 8 118 163 0 7 0 0 0 0 0 0 0 0 0 0 0 0 23 215 183 2 0 0 0 0 0 0 0 53 165 8 0 0 0 0 0 0 0 0 0 0 0 0 0 0 31 240 149 3 0 10 6 0 0 0 15 162 99 19 0 8 0 0 0 0 0 0 0 0 0 0 0 0 2 255 147 3 13 6 0 7 2 0 17 229 24 0 1 0 0 0 0 0 0 0 0 0 0 0 0 0 37 250 140 3 0 0 14 0 0 23 110 161 2 10 5 0 0 0 0 0 0 0 0 0 0 0 0 0 18 251 176 9 7 0 0 0 9 192 252 71 13 0 0 11 0 0 0 0 0 0 0 0 0 0 0 0 83 247 217 11 0 0 10 0 55 232 120 0 0 0 0 18 0 0 0 0 0 0 0 0 0 0 0 0 39 255 245 0 0 0 8 110 234 155 3 1 3 6 0 0 0 0 0 0 0 0 0 0 0 0 0 0 8 176 250 72 22 44 170 255 154 12 0 0 0 0 0 9 0 0 0 0 0 0 0 0 0 0 0 0 0 93 245 244 255 239 250 139 0 0 3 2 0 8 0 0 0 0 0 0 0 0 0 0 0 0 0 0 1 11 74 177 234 189 82 0 0 0 0 0 0 0 0 0 0 0 0 0 0 0 0 0 0 0 0 0 0 0 0 7 13 3 0 1 0 0 0 0 0 0 0 0 0 0 0 0 0 0 0 0 0 0 0 0 9 5 2 0 0 0 0 7 0 0 0 0 0 0 0 0 0 0 0 0 0 0 0 0 0 0 0 0 0 0 0 0 4 8 1 0 0 0 0 0 0 0 0 0 0 0 0 0
0 0 0 0 0 0 0 0 0 0 0 0 0 0 0 0 0 12 7 7 0 5 1 3 0 0 0 0 0 0 0 0 0 0 0 0 0 0 0 0 0 0 0 0 7 0 0 0 1 2 0 0 0 0 0 0 0 0 0 0 0 0 0 0 0 0 0 0 0 0 0 0 8 0 0 4 8 0 0 3 0 0 0 0 0 0 0 0 0 0 0 0 0 0 0 0 0 0 0 0 0 0 0 5 0 0 0 0 0 0 0 0 0 0 0 0 0 0 0 0 0 0 0 0 0 0 0 0 1 7 0 8 0 9 0 5 0 0 0 0 0 0 0 0 0 0 0 0 0 0 0 0 0 0 0 0 6 7 0 6 0 6 0 3 0 0 0 0 0 0 0 0 0 0 0 0 0 0 0 0 0 0 0 0 0 0 0 0 55 90 71 0 0 0 0 0 0 0 0 0 0 0 0 0 0 0 0 0 0 0 0 0 6 1 11 0 175 255 214 28 0 0 0 0 0 5 0 0 4 2 0 4 1 0 2 11 0 2 57 229 52 1 0 118 231 130 254 132 0 0 0 0 4 2 4 4 0 3 7 3 0 4 7 0 19 156 255 226 23 14 0 85 64 31 153 255 0 0 0 0 12 0 0 11 2 0 0 0 0 13 0 109 255 252 221 55 9 0 3 0 0 0 162 254 0 0 0 0 0 2 8 1 0 0 11 17 13 18 231 254 203 140 1 6 0 0 3 25 0 53 238 255 0 0 0 0 0 14 6 0 8 10 0 0 102 233 250 166 40 0 10 0 11 10 0 0 44 191 255 119 0 0 0 0 6 0 0 6 4 0 15 89 228 255 113 24 0 0 0 11 0 0 17 33 168 255 172 4 0 0 0 0 3 0 10 8 0 21 159 255 239 68 0 0 0 11 0 3 12 9 42 199 255 239 66 2 0 0 0 0 0 0 9 0 14 172 251 163 12 0 0 0 5 0 5 0 22 125 245 255 184 10 21 0 0 0 0 0 4 0 0 7 44 255 182 23 3 0 0 0 0 0 37 84 236 255 223 110 13 0 1 6 0 0 0 0 0 0 0 0 202 217 64 1 0 0 2 3 31 105 202 255 255 166 48 0 0 9 2 0 0 0 0 0 0 14 6 0 255 156 0 3 3 5 27 97 205 255 255 209 81 28 0 0 5 0 0 6 0 0 0 0 0 1 0 0 213 255 196 205 200 217 239 255 255 222 110 3 0 0 0 4 2 0 0 0 0 0 0 0 0 9 14 0 14 144 228 255 254 245 207 139 68 23 7 5 15 9 0 0 0 7 5 0 0 0 0 0 5 0 7 4 0 14 13 0 18 9 3 4 5 0 0 0 0 0 6 12 4 0 0 8 0 0 0 0 7 0 5 0 12 0 0 4 0 0 0 0 5 6 1 0 8 0 0 4 2 0 0 0 0 0 0 0 0 2 7 0 4 0 0 6 0 5 5 0 0 0 1 2 0 1 0 0 0 5 5 1 0 0 0 0 0 0 0 0 0 0 0 0 0 0 0 0 0 0 0 0 0 0 0 0 0 0 0 0 0 0 0 0 0 0 0 0 0 0 0 0 0 0 0 0 0 0 0 0 0 0 0 0 0 0 0 0 0 0 0 0 0 0 0 0 0 0 0 0 0 0 0 0 0 0 0 0 0 0 0 0 0 0 0 0 0 0 0 0 0 0 0 0 0 0 0 0 0 0 0 0 0 0 0 0 0 0 0 0 0 0 0 0 0 0 0 0
0 0 0 0 0 0 0 0 2 10 0 2 0 9 0 2 0 12 0 0 7 0 0 0 0 0 0 0 0 0 0 0 0 0 0 0 0 0 0 6 1 13 0 0 9 16 0 7 0 0 0 8 0 0 0 0 0 0 0 0 0 0 0 0 11 0 0 15 0 0 0 10 0 0 0 8 0 18 0 0 0 0 0 0 0 0 0 0 0 0 0 0 0 3 9 0 0 11 15 0 14 4 19 0 0 0 11 0 0 0 0 0 0 0 0 0 0 0 0 0 1 0 0 3 2 0 1 3 0 4 0 0 7 0 1 0 0 0 0 0 0 0 0 0 0 0 0 0 14 3 0 0 1 5 71 150 161 16 16 0 146 243 7 0 0 0 0 0 0 0 0 0 0 0 0 0 0 17 13 0 61 151 228 255 250 208 66 20 215 236 112 1 0 0 0 0 0 0 0 0 0 0 0 0 11 0 0 69 229 255 246 248 252 255 139 0 252 255 172 4 0 0 0 0 7 3 12 0 0 4 1 4 0 0 88 241 247 255 143 55 121 235 255 39 203 255 203 7 0 0 0 0 0 0 1 3 1 3 1 0 0 54 225 255 255 147 23 0 8 145 246 78 255 236 105 0 0 0 0 0 11 3 0 5 0 0 1 0 11 146 255 255 215 26 4 0 0 25 0 102 255 255 142 0 0 0 0 0 0 0 0 2 0 3 12 6 95 246 243 243 55 9 0 9 1 7 0 111 244 233 32 8 0 0 0 0 0 4 0 9 1 4 0 3 198 254 254 118 0 14 0 3 5 0 0 164 255 255 16 4 0 0 0 0 2 15 0 7 0 1 0 66 249 253 209 0 19 0 6 6 5 10 57 255 235 217 36 0 0 0 0 0 0 0 0 0 0 7 19 193 255 250 72 9 0 0 2 0 0 0 179 234 255 131 0 4 0 0 0 0 3 0 0 10 0 0 4 237 251 137 11 0 0 3 13 0 9 32 207 255 207 0 1 0 0 0 0 0 0 0 2 0 0 0 78 235 245 166 0 0 14 0 0 0 1 160 255 244 180 0 6 0 0 0 0 0 3 0 0 2 0 0 84 255 244 146 16 0 0 21 0 0 21 255 238 252 50 3 2 3 0 0 0 0 1 0 2 0 0 0 86 255 255 150 0 11 8 0 0 37 219 236 250 158 7 0 8 0 0 0 0 0 0 4 5 0 0 6 86 238 255 134 11 0 0 0 20 182 245 254 149 16 0 0 4 7 0 0 0 0 0 1 2 0 0 5 91 255 254 167 10 1 11 61 223 242 253 174 40 0 1 10 0 5 0 0 0 0 6 0 0 4 3 0 79 255 249 251 124 62 182 236 255 255 224 7 8 0 15 8 0 0 0 0 0 0 3 0 0 0 6 0 32 154 247 255 254 255 254 234 246 146 12 11 0 0 0 0 14 3 0 0 0 0 0 7 1 0 8 1 0 18 199 250 245 243 255 215 74 0 2 0 17 0 2 0 0 0 0 0 0 0 0 0 0 0 0 0 0 0 18 96 216 220 93 10 6 0 0 0 0 0 0 0 0 0 0 0 0 0 0 0 0 0 0 0 0 0 10 0 0 3 0 0 14 0 0 0 0 0 0 0 0 0 0 0 0 0 0 0 0 0 0 0 0 0 7 0 1 5 0 3 8 0 0 0 0 0 0 0 0 0 0 0 0 0 0 0 0 0 0 0 0 0 0 0 2 2 2 0 0 0 0 0 0 0 0 0 0 0 0 0 0 0
0 0 0 0 0 0 0 0 0 6 0 0 6 5 0 6 4 0 0 9 0 0 6 0 0 0 0 0 0 0 0 0 0 0 0 0 5 0 0 4 1 0 0 0 5 0 0 0 0 0 1 0 0 0 0 0 0 0 0 0 0 0 0 0 0 0 4 7 0 0 14 4 0 2 5 5 10 8 1 0 0 0 0 0 0 0 0 0 0 0 0 0 0 0 3 0 0 6 4 0 12 10 0 0 0 0 0 2 0 0 0 0 0 0 0 0 0 0 0 0 4 5 0 0 7 0 0 8 0 1 0 4 13 2 0 15 0 0 0 0 0 0 0 0 0 0 0 0 0 3 2 2 0 0 57 154 255 175 54 0 0 14 1 0 0 0 0 0 0 0 0 0 0 0 0 0 0 0 12 2 0 65 189 255 246 255 216 95 0 0 4 12 0 0 0 0 0 0 0 0 0 0 0 0 3 0 5 0 11 159 255 214 86 197 255 158 25 0 7 0 0 0 0 0 0 0 0 0 0 0 0 0 1 0 0 0 99 251 228 57 173 250 247 76 0 0 0 1 0 0 0 0 0 0 0 0 0 0 0 0 0 15 11 8 243 229 75 234 249 255 245 227 46 9 0 4 0 0 0 0 0 0 0 0 0 0 0 0 10 7 0 223 237 126 180 255 179 207 255 247 215 22 2 0 0 0 0 0 0 0 0 0 0 0 0 0 0 0 57 244 203 94 244 150 22 0 108 244 255 56 0 10 0 0 0 0 0 0 0 0 0 0 0 0 4 13 197 255 84 114 204 0 13 0 23 162 242 131 0 8 0 0 0 0 0 0 0 0 0 0 0 0 0 16 230 172 25 235 74 0 0 8 0 0 250 168 5 0 0 0 0 0 0 0 0 0 0 0 0 0 0 158 255 74 0 35 0 2 23 0 0 17 249 121 10 0 0 0 0 0 0 0 0 0 0 0 0 0 67 239 204 0 1 7 0 0 0 8 9 0 255 69 0 5 0 0 0 0 0 0 0 0 0 0 0 0 59 245 122 0 0 22 0 0 0 20 20 192 255 72 0 0 0 0 0 0 0 0 0 0 0 0 0 0 173 250 0 2 16 0 1 4 20 0 68 252 203 0 21 0 0 0 0 0 0 0 0 0 0 0 0 0 163 253 4 5 0 5 20 0 0 42 181 250 52 1 0 4 0 0 0 0 0 0 0 0 0 0 0 0 174 241 0 0 0 1 0 8 14 173 255 103 0 11 0 6 0 0 0 0 0 0 0 0 0 0 0 0 167 255 0 0 1 3 7 11 196 249 150 12 7 0 10 0 0 0 0 0 0 0 0 0 0 0 0 0 205 235 33 5 0 1 81 224 255 133 21 11 0 0 12 0 0 0 0 0 0 0 0 0 0 0 0 0 146 255 236 149 130 186 235 255 123 0 14 0 0 0 7 0 0 0 0 0 0 0 0 0 0 0 0 0 71 247 255 251 255 245 238 59 0 7 0 7 0 13 0 7 0 0 0 0 0 0 0 0 0 0 0 0 2 97 203 236 182 95 32 6 0 0 0 0 0 0 0 0 0 0 0 0 0 0 0 0 0 0 0 0 0 1 6 8 5 0 0 0 0 0 0 0 0 0 0 0 0 0 0 0 0 0 0 0 0 0 0 0 5 0 0 0 0 3 6 5 0 0 0 0 0 0 0 0 0 0 0 0 0 0 0 0 0 0 0 0 0 2 7 6 0 0 0 0 0 0 0 0 0 0 0 0 0 0 0 0
0 0 0 0 0 0 0 0 4 5 2 0 0 0 1 9 0 0 0 0 0 0 1 2 0 0 0 0 0 0 0 0 0 0 0 0 0 1 0 0 23 8 0 0 3 2 0 0 2 5 1 0 0 0 0 0 0 0 0 0 0 0 0 0 20 0 0 2 0 0 7 1 0 1 4 2 2 5 2 0 0 0 0 0 0 0 0 0 0 0 0 0 0 13 2 0 10 14 0 3 2 3 2 0 0 1 0 0 0 0 0 0 0 0 0 0 0 0 0 0 0 2 0 5 0 86 82 2 5 3 1 0 0 0 3 12 0 0 0 0 0 0 0 0 0 0 0 0 0 0 0 68 158 255 255 238 232 231 218 172 88 10 0 0 0 0 0 0 0 0 0 0 0 0 0 0 6 3 102 215 247 251 255 239 255 255 255 255 203 99 21 0 0 0 0 0 0 0 0 0 0 0 0 0 0 80 234 255 253 189 208 201 98 73 111 217 255 214 89 2 0 0 0 0 0 10 0 0 0 9 0 0 62 221 249 248 175 0 3 0 6 0 0 22 218 250 222 5 0 7 0 2 1 0 0 8 4 0 16 0 183 248 255 179 0 9 4 3 0 17 8 3 34 221 250 188 3 0 0 10 10 0 0 5 3 0 3 34 234 255 245 0 4 0 13 0 0 4 0 7 0 119 248 235 61 3 0 0 3 3 3 0 1 0 0 143 244 239 58 11 3 13 0 7 6 0 2 3 5 2 204 253 119 1 3 0 0 2 6 0 5 0 84 245 252 231 0 4 4 0 0 4 7 0 16 0 0 8 143 255 170 0 9 16 1 0 6 2 1 1 202 255 249 177 6 0 4 4 4 0 0 0 0 8 3 1 126 242 246 0 0 15 7 0 5 3 0 88 255 241 205 13 5 9 13 0 11 0 0 8 0 8 6 0 189 255 231 11 0 0 1 0 6 0 0 210 255 249 46 2 14 0 0 18 0 11 0 0 4 0 22 154 255 248 117 1 6 0 0 17 0 0 0 247 255 255 51 6 6 0 4 0 0 0 6 0 11 135 229 255 245 233 37 12 0 0 0 0 0 15 5 255 239 243 76 0 0 7 0 0 12 3 70 161 242 255 255 232 127 9 15 1 0 0 9 0 0 5 0 255 255 255 49 10 0 5 1 1 28 119 255 233 254 255 204 66 3 0 0 0 0 2 2 1 3 4 1 232 253 237 120 32 3 32 217 226 231 255 254 252 216 114 34 0 0 7 0 0 1 5 0 3 3 2 7 151 252 255 255 217 212 226 248 248 235 247 187 119 29 0 0 7 0 0 4 1 0 2 7 2 0 0 0 51 195 255 246 251 239 255 254 225 108 59 0 3 0 11 0 7 0 0 2 0 0 0 0 0 1 7 0 0 49 93 207 226 234 95 105 0 0 0 17 0 0 0 0 0 0 16 0 0 0 0 2 3 0 0 0 8 0 2 0 2 4 0 0 14 6 4 0 0 5 0 10 0 0 0 0 3 5 3 0 0 0 0 0 0 0 0 0 0 0 0 0 0 0 0 0 0 0 0 0 0 0 0 0 0 0 0 0 0 0 0 0 0 0 0 0 0 0 0 0 0 0 0 0 0 0 0 0 0 0 0 0 0 0 0 0 0 0 0 0 0 0 0 0 0 0 0 0 0 0 0 0 0 0 0 0 0 0 0 0 0 0 0 0 0 0 0 0 0 0 0 0 0 0 0 0 0 0 0 0 0 0 0 0 0 0 0 0 0 0 0
0 0 0 0 0 0 0 0 3 0 7 0 7 0 4 0 0 12 1 0 14 1 0 13 0 0 0 0 0 0 0 0 0 0 0 0 0 20 0 0 3 0 0 10 7 0 0 9 0 6 0 0 0 0 0 0 0 0 0 0 0 0 0 0 0 3 0 14 7 0 12 4 0 0 4 9 0 0 10 0 0 0 0 0 0 0 0 0 0 0 0 0 0 0 14 0 0 1 14 0 8 9 0 0 9 0 2 1 0 0 0 0 0 0 0 0 0 0 0 0 0 13 0 25 154 251 90 17 61 41 0 4 1 3 7 1 0 0 0 0 0 0 0 0 0 0 0 0 0 0 22 14 156 249 239 202 252 215 155 172 12 0 1 0 0 0 0 0 0 0 0 0 0 0 0 0 9 5 0 158 76 250 255 253 255 248 233 252 54 0 8 8 0 0 0 0 0 0 0 0 0 0 0 0 0 0 0 209 132 226 255 250 253 255 255 255 137 4 0 0 0 0 0 0 0 0 9 0 2 10 0 0 5 5 0 199 255 255 244 233 219 244 240 255 242 133 0 4 0 0 0 0 0 0 2 0 0 0 0 0 0 5 0 213 236 252 136 35 0 72 255 247 255 196 18 9 0 0 0 0 2 2 0 2 0 0 0 1 11 39 228 234 239 98 1 12 8 4 43 163 235 255 63 0 0 0 0 0 0 7 0 5 0 0 4 6 55 238 247 247 91 0 7 0 0 0 3 135 255 243 139 1 0 0 0 0 0 12 0 3 0 4 1 26 225 246 250 101 4 9 17 0 12 0 4 22 227 250 222 15 0 0 0 0 0 13 0 0 0 2 0 81 255 241 97 0 0 0 0 10 0 10 4 6 221 255 249 0 0 0 0 0 0 7 0 3 0 0 0 169 245 209 7 0 11 16 12 0 5 4 0 0 204 255 225 7 0 0 0 0 1 1 0 7 2 0 5 241 255 26 5 10 0 0 0 3 0 3 0 0 48 255 70 0 0 0 0 0 2 0 2 4 0 3 4 240 255 24 0 0 1 0 11 0 0 0 3 7 138 249 50 11 0 0 0 0 0 11 5 0 0 16 123 251 250 84 0 19 0 9 0 9 0 8 78 219 255 245 75 0 0 0 0 0 5 0 0 18 10 0 172 255 255 216 126 24 0 0 4 0 7 0 247 255 248 200 34 0 0 0 0 0 0 6 0 0 3 0 159 245 255 255 255 217 164 34 23 44 198 225 239 236 201 29 0 8 0 0 0 0 2 15 0 0 5 3 90 255 252 250 240 249 255 255 255 255 252 255 255 255 53 0 0 0 0 0 0 0 9 0 0 0 19 0 0 205 255 248 255 254 255 254 255 245 255 255 80 47 0 18 9 5 0 0 0 0 0 9 8 0 0 6 0 54 58 159 255 248 251 255 255 248 230 155 19 5 15 0 2 0 0 0 0 0 4 0 0 9 0 0 14 0 8 18 62 225 255 242 72 88 59 0 0 5 0 3 13 0 0 0 0 0 0 0 0 0 0 0 0 0 0 0 0 0 0 0 0 0 0 0 0 0 0 0 0 0 0 0 0 0 0 0 0 0 0 0 0 0 0 0 0 0 0 0 0 0 0 0 0 0 0 0 0 0 0 0 0 0 0 0 0 0 0 0 0 0 0 0 0 0 0 0 0 0 0 0 0 0 0 0 0 0 0 0 0 0 0 0 0 0 0 0 0 0 0 0 0 0 0 0 0 0 0 0 0 0 0 0 0 0 0 0 0 0
0 0 0 0 0 0 0 0 8 0 10 0 0 4 2 0 7 3 7 0 1 8 0 11 0 0 0 0 0 0 0 0 0 0 0 0 1 0 0 0 13 2 0 0 0 0 0 0 18 0 0 1 0 0 0 0 0 0 0 0 0 0 0 0 0 5 6 0 3 0 10 4 9 27 0 12 0 18 0 0 0 0 0 0 0 0 0 0 0 0 0 0 4 0 11 5 0 4 8 0 0 0 5 1 5 0 0 8 0 0 0 0 0 0 0 0 0 0 0 0 11 0 0 11 0 11 0 21 78 230 255 190 27 3 0 0 0 0 0 0 0 0 0 0 0 0 0 0 0 7 0 2 4 2 5 156 255 255 232 250 216 29 10 0 0 0 0 0 0 0 0 0 0 0 0 0 0 13 0 0 0 14 137 255 247 145 76 176 244 111 1 0 0 0 0 0 0 0 0 0 0 0 0 0 0 0 0 1 3 54 255 247 179 0 0 84 255 175 0 6 0 0 0 0 0 0 0 0 0 0 0 0 0 7 0 0 40 181 245 174 8 4 0 1 255 213 18 0 0 0 0 0 0 0 0 0 0 0 0 0 0 4 0 8 48 247 255 0 0 7 0 63 243 255 27 0 0 0 0 0 0 0 0 0 0 0 0 0 1 0 0 24 225 255 124 10 11 0 0 100 248 240 29 10 0 0 0 0 0 0 0 0 0 0 0 0 0 0 13 94 255 214 3 2 1 0 6 140 255 174 5 0 0 0 0 0 0 0 0 0 0 0 0 0 6 5 29 231 251 142 15 0 0 5 0 169 245 126 0 1 0 0 0 0 0 0 0 0 0 0 0 0 0 0 110 255 222 45 0 11 4 0 31 208 254 64 0 15 0 0 0 0 0 0 0 0 0 0 0 0 14 33 255 238 103 9 7 0 0 8 154 255 220 17 0 0 0 0 0 0 0 0 0 0 0 0 0 0 0 111 249 203 5 0 0 0 5 92 249 251 66 5 7 1 0 0 0 0 0 1 4 0 0 0 0 0 9 234 242 152 2 0 11 0 51 220 255 129 0 0 6 0 0 0 0 0 0 0 0 0 0 0 0 0 84 237 231 35 9 0 0 17 208 247 196 15 0 2 1 1 0 0 0 0 2 0 0 2 3 0 0 5 152 255 181 2 0 30 0 206 255 199 31 4 0 4 0 1 0 0 0 0 4 0 0 4 2 0 3 19 226 255 117 0 0 14 178 250 183 27 0 0 5 4 0 0 0 0 0 0 2 0 0 4 0 0 8 31 242 255 102 4 121 234 255 235 50 6 0 5 0 0 32 0 0 0 0 0 0 0 1 2 0 0 9 28 247 255 161 128 255 255 221 28 0 3 4 7 0 19 0 9 0 0 0 0 0 0 0 0 0 0 5 10 156 255 231 255 253 213 43 9 0 0 0 0 29 0 0 2 0 0 0 0 0 0 0 0 0 4 0 0 75 221 255 251 147 6 2 0 8 0 0 3 0 8 10 0 0 0 0 0 0 0 0 0 0 0 0 0 0 0 0 0 0 0 0 0 0 0 0 0 0 0 0 0 0 0 0 0 0 0 0 0 0 0 0 0 0 0 0 0 0 0 0 0 0 0 0 0 0 0 0 0 0 0 0 0 0 0 0 0 0 0 0 0 0 0 0 0 0 0 0 0 0 0 0 0 0 0 0 0 0 0 0 0 0 0 0 0 0 0 0 0 0 0 0 0 0 0 0 0 0 0 0 0 0 0 0 0 0 0 0 0
0 0 0 0 0 0 0 0 1 9 0 0 0 4 0 0 5 0 2 0 0 0 0 10 0 0 0 0 0 0 0 0 0 0 0 0 0 0 0 14 0 13 10 2 1 0 2 1 2 3 0 0 0 0 0 0 0 0 0 0 0 0 0 0 13 0 0 1 6 0 0 3 0 1 4 8 3 0 0 5 0 0 0 0 0 0 0 0 0 0 0 0 0 25 0 0 0 22 0 0 9 0 0 0 3 0 4 8 0 0 0 0 0 0 0 0 0 0 0 0 0 2 9 1 0 0 0 17 0 15 5 0 0 0 7 0 0 0 0 0 0 0 0 0 0 0 0 0 16 0 0 7 0 21 98 130 255 232 112 22 0 6 22 0 0 0 0 0 0 0 0 0 0 0 0 0 0 24 0 13 43 217 249 251 242 255 245 181 70 0 0 12 0 0 0 0 0 0 0 0 0 0 0 0 0 0 7 0 240 240 255 255 250 252 246 255 181 29 0 0 0 0 0 0 0 0 0 0 0 0 0 0 8 0 16 0 235 255 255 243 252 252 153 254 252 64 0 7 0 0 0 0 0 0 0 0 0 0 0 0 0 0 0 14 183 250 234 255 255 216 107 252 249 51 11 0 0 0 0 0 0 0 0 0 0 0 0 0 0 13 5 81 242 255 255 238 214 69 0 245 255 51 1 0 0 0 0 0 0 0 0 0 0 0 0 0 7 0 17 194 255 255 250 255 91 0 0 234 255 105 14 0 0 0 0 0 0 0 0 0 0 0 0 0 0 55 226 250 243 253 240 152 6 0 12 248 245 80 0 0 0 0 0 0 0 0 0 0 0 0 0 0 0 78 255 255 255 80 159 12 0 0 5 247 255 31 0 5 0 0 0 0 0 0 0 0 0 0 0 0 4 181 228 251 145 33 111 2 0 16 105 229 251 57 20 0 0 0 0 0 0 0 0 0 0 0 0 0 39 223 255 217 44 8 0 0 7 1 220 253 247 42 0 3 0 0 0 0 0 3 5 1 0 0 0 3 67 255 253 105 15 9 0 4 0 29 253 249 155 5 0 0 0 0 0 0 0 0 2 2 2 1 1 1 192 241 255 138 0 0 10 2 9 139 242 205 12 0 11 1 0 0 0 0 0 0 0 2 4 4 0 0 204 242 255 120 15 1 0 0 90 255 246 165 0 7 10 0 0 0 0 0 0 0 0 0 0 0 0 0 195 252 250 59 0 6 53 209 247 253 207 6 15 8 0 6 0 0 0 0 0 1 2 0 0 0 3 8 181 250 255 44 0 128 213 243 255 236 6 3 0 0 8 0 0 0 0 0 0 1 3 1 0 1 10 19 251 238 255 219 201 248 255 249 187 62 18 1 4 1 8 0 0 0 0 0 0 1 2 1 0 2 7 12 183 252 255 253 240 252 255 220 75 0 2 0 0 0 1 2 0 0 0 0 4 2 0 0 0 0 0 0 105 236 251 255 252 249 188 34 8 0 0 0 17 0 0 8 0 0 0 0 0 0 0 0 0 0 0 0 0 35 120 249 127 70 0 3 0 0 0 0 0 0 0 0 0 0 0 0 0 0 0 0 0 0 0 0 3 0 0 23 0 4 0 0 0 0 0 0 0 0 0 0 0 0 0 0 0 0 0 0 0 0 0 0 9 3 3 0 0 11 19 0 0 0 0 0 0 0 0 0 0 0 0 0 0 0 0 0 0 0 0 0 0 0 8 3 4 0 0 0 0 0 0 0 0 0 0 0 0 0 0 0
0 0 0 0 0 0 0 0 0 0 0 0 0 0 0 0 0 0 0 0 0 0 0 0 0 0 0 0 0 0 0 0 0 0 0 0 0 0 0 0 0 0 0 0 0 0 0 0 0 0 0 0 0 0 0 0 0 0 0 0 0 0 0 0 0 0 0 0 0 0 0 0 0 0 0 0 0 0 0 0 0 0 0 0 0 0 0 0 0 0 0 0 0 0 0 0 0 0 0 0 0 0 0 0 0 0 0 0 0 0 0 0 0 0 0 0 0 0 0 0 0 0 0 0 0 0 0 0 0 0 0 0 0 0 0 0 0 0 0 0 0 0 0 0 0 0 0 0 0 0 0 0 0 0 0 0 0 0 0 0 0 0 0 0 0 0 0 0 0 0 0 0 0 0 0 0 0 0 0 0 0 0 0 0 0 0 0 0 0 0 0 0 0 0 0 0 0 0 0 0 0 0 0 0 0 0 0 0 0 0 0 0 0 0 0 0 0 0 0 0 0 0 0 0 0 1 5 0 0 8 2 0 0 15 0 0 7 0 4 0 0 4 7 0 0 6 0 3 3 0 0 0 1 11 0 10 0 0 0 7 50 156 199 217 200 0 0 9 5 0 0 7 87 87 116 83 0 5 11 0 0 5 0 0 17 5 7 172 251 232 156 73 1 16 2 0 4 7 0 5 113 146 187 215 61 0 5 0 3 0 11 0 0 2 69 253 143 1 8 2 0 0 0 13 0 4 14 0 0 0 0 187 209 4 0 5 0 0 1 18 0 60 255 201 9 11 4 0 5 0 0 0 14 0 1 8 0 2 17 209 206 1 0 3 8 0 8 0 0 132 255 16 8 0 0 15 0 18 0 10 6 0 7 4 6 79 196 236 54 0 0 0 0 0 16 0 13 225 244 6 13 0 30 13 0 1 0 0 1 3 2 42 127 231 247 125 0 4 10 0 0 4 0 7 0 205 255 36 0 24 0 4 0 10 4 5 0 100 183 255 250 202 46 0 9 0 0 2 6 0 10 1 0 108 245 255 169 99 88 51 55 69 148 158 227 255 255 181 69 0 0 3 0 0 0 0 4 0 9 15 0 11 137 246 255 231 255 250 255 243 255 245 172 120 49 0 0 6 12 8 0 0 0 0 0 0 0 1 8 0 0 35 102 93 120 124 147 114 105 82 5 3 0 0 3 3 0 0 0 0 0 0 0 15 5 0 2 10 0 0 0 0 0 0 15 0 0 0 0 2 2 0 0 0 3 6 0 0 0 0 2 2 3 0 0 1 11 14 0 6 1 0 8 0 0 7 0 0 2 6 7 4 0 0 0 0 0 0 8 0 0 7 0 0 0 0 0 6 3 0 6 0 0 8 1 0 0 0 0 0 0 11 0 0 0 0 0 4 9 0 0 0 11 9 0 5 0 0 0 0 0 4 7 0 0 3 14 11 0 0 0 0 0 0 3 3 0 0 12 1 0 5 1 3 0 0 0 3 0 0 1 0 1 2 0 0 0 6 0 0 0 0 0 0 0 0 0 0 0 0 0 0 0 0 0 0 0 0 0 0 0 0 0 0 0 0 0 0 0 0 0 0 0 0 0 0 0 0 0 0 0 0 0 0 0 0 0 0 0 0 0 0 0 0 0 0 0 0 0 0 0 0 0 0 0 0 0 0 0 0 0 0 0 0 0 0 0 0 0 0 0 0 0 0 0 0 0 0 0 0 0 0 0 0 0 0 0 0 0 0 0 0 0 0 0 0 0 0 0 0 0 0 0 0
0 0 0 0 0 0 0 0 0 0 0 0 0 1 0 0 4 0 0 0 6 5 0 0 0 0 0 0 0 0 0 0 0 0 0 0 1 3 0 7 3 0 0 0 0 2 5 5 0 0 0 14 0 0 0 0 0 0 0 0 0 0 0 0 6 5 0 6 8 0 8 5 5 0 0 5 0 2 13 0 0 0 0 0 0 0 0 0 0 0 0 0 0 1 7 0 0 4 0 0 0 25 2 0 7 6 0 4 0 0 0 0 0 0 0 0 0 0 0 0 15 0 1 0 3 21 0 10 0 0 0 11 1 0 1 0 0 0 0 0 0 0 0 0 0 0 0 0 0 8 21 0 83 228 217 159 168 60 5 3 0 0 12 0 0 0 0 0 0 0 0 0 0 0 0 0 16 0 10 150 251 255 249 255 248 236 112 7 14 2 0 17 0 0 0 0 0 0 0 0 0 0 0 0 0 15 88 244 231 68 20 23 28 164 255 167 18 0 18 0 0 0 0 0 0 0 0 0 0 0 0 0 1 3 155 236 59 0 0 8 4 1 129 241 156 1 0 13 0 0 0 0 0 0 0 0 0 0 0 0 1 55 227 174 2 0 21 0 0 2 4 158 254 51 0 0 0 0 0 0 0 0 0 0 0 0 0 0 0 156 255 61 0 0 8 0 0 3 0 51 255 127 0 11 0 0 0 0 0 0 0 0 0 0 0 0 24 227 231 0 2 0 0 2 10 0 4 0 222 214 13 0 0 0 0 0 0 0 0 0 0 0 0 0 75 247 172 2 0 0 10 0 0 0 0 8 227 242 36 0 0 0 0 0 0 0 0 0 0 0 0 0 112 255 114 4 6 0 3 0 0 9 4 0 226 255 33 13 0 0 0 0 0 0 0 0 0 0 0 0 155 248 56 0 12 3 0 8 10 3 0 0 236 251 23 2 0 0 0 0 0 0 0 0 0 0 0 0 208 185 13 0 0 3 1 0 0 0 0 76 249 121 11 0 0 0 0 0 6 0 1 0 3 0 0 28 246 130 7 0 0 2 0 4 0 8 0 234 248 28 0 1 0 0 0 0 0 0 4 0 0 0 4 41 251 139 7 0 18 3 0 7 8 0 110 255 136 7 6 0 0 0 0 0 0 0 6 0 0 0 9 51 238 131 7 0 4 1 0 0 0 63 240 235 45 0 10 0 0 0 0 0 0 0 6 0 0 0 7 44 255 120 0 6 0 0 6 0 39 219 253 122 13 0 4 0 0 0 0 0 0 0 4 0 1 1 0 24 224 147 0 7 0 8 0 9 192 252 142 9 0 0 0 5 0 0 0 0 2 0 3 0 3 3 0 7 222 198 23 8 0 0 43 204 255 109 20 0 0 1 0 0 0 0 0 0 1 0 2 0 2 4 0 3 133 255 182 43 32 126 225 253 149 0 0 0 5 6 3 0 0 0 0 0 0 0 3 0 1 3 0 7 8 169 255 255 255 244 236 99 1 1 9 0 6 0 0 3 0 0 0 0 0 0 0 0 0 0 0 0 0 22 106 203 218 138 44 0 0 0 0 0 0 0 0 0 0 0 0 0 0 0 0 0 0 0 0 0 0 0 0 10 16 2 0 0 0 0 0 0 0 0 0 0 0 0 0 0 0 0 0 0 0 0 0 0 6 8 5 0 0 0 3 4 0 0 0 0 0 0 0 0 0 0 0 0 0 0 0 0 0 0 0 0 0 2 6 0 0 0 0 0 0 0 0 0 0 0 0 0 0 0 0 0
0 0 0 0 0 0 0 0 0 0 4 4 0 0 17 0 0 10 4 0 0 12 0 5 0 0 0 0 0 0 0 0 0 0 0 0 1 3 0 0 13 0 0 13 3 0 0 0 8 0 13 0 0 0 0 0 0 0 0 0 0 0 0 0 0 16 20 0 12 1 0 10 4 0 21 5 4 4 13 0 0 0 0 0 0 0 0 0 0 0 0 0 3 0 0 0 0 0 6 0 11 0 0 0 0 4 0 11 0 0 0 0 0 0 0 0 0 0 0 0 3 12 0 0 50 184 237 162 134 180 68 15 0 0 12 0 0 0 0 0 0 0 0 0 0 0 0 0 0 0 6 177 241 245 252 255 243 255 245 59 5 18 0 17 0 0 0 0 0 0 0 0 0 0 0 0 0 1 9 237 255 249 255 248 255 255 236 239 165 9 9 0 0 0 0 0 0 0 0 0 0 0 0 0 0 0 12 255 248 251 236 100 62 57 154 255 248 210 86 0 0 0 0 0 6 0 0 3 0 0 2 6 0 39 190 245 255 249 98 7 0 6 38 247 248 252 243 83 0 0 0 0 0 0 2 5 1 11 0 0 14 179 236 255 255 228 49 0 8 0 0 225 255 255 242 231 0 0 0 0 0 6 0 0 0 12 0 1 111 255 255 237 242 101 12 0 2 0 16 50 236 248 253 235 0 0 0 0 0 1 0 0 0 18 0 45 219 255 255 242 165 0 0 5 8 1 1 0 219 248 255 235 0 0 0 0 0 0 0 8 0 0 0 80 254 242 251 255 83 2 0 0 0 0 12 55 247 255 255 171 0 0 0 0 8 0 0 0 0 0 60 171 253 252 254 126 11 10 6 0 19 0 0 77 218 241 254 104 0 0 0 0 2 0 0 0 10 12 162 255 255 253 244 0 0 0 11 0 0 0 36 234 255 255 199 33 0 0 0 0 0 0 0 0 5 0 156 245 255 249 228 1 3 1 0 0 5 92 214 251 249 246 215 0 0 0 0 0 0 4 0 2 1 0 181 249 249 253 109 0 8 5 0 8 0 143 251 255 248 211 57 0 0 0 0 0 0 3 0 0 3 2 228 254 253 255 103 5 10 4 1 18 140 255 254 239 255 44 0 3 0 0 0 0 0 5 0 0 0 5 245 253 244 231 47 6 0 0 89 213 245 245 255 252 120 0 3 10 0 0 0 0 1 3 1 0 0 8 199 255 255 250 144 16 52 77 208 255 255 255 157 166 21 0 18 0 0 0 0 0 0 0 0 7 0 12 110 246 254 255 243 186 223 255 255 245 236 133 0 0 8 0 6 2 0 0 0 0 0 0 0 7 0 1 15 165 239 235 255 255 240 249 238 255 225 27 11 3 0 10 0 1 0 0 0 0 1 0 1 2 0 0 0 57 50 109 247 243 255 240 255 209 39 9 0 3 0 0 5 0 0 0 0 0 0 0 3 0 2 12 0 0 0 6 0 114 109 175 138 97 0 0 19 0 1 7 0 0 0 0 0 0 0 0 0 0 0 0 0 0 0 0 0 0 0 0 0 0 0 0 0 0 0 0 0 0 0 0 0 0 0 0 0 0 0 0 0 0 0 0 0 0 0 0 0 0 0 0 0 0 0 0 0 0 0 0 0 0 0 0 0 0 0 0 0 0 0 0 0 0 0 0 0 0 0 0 0 0 0 0 0 0 0 0 0 0 0 0 0 0 0 0 0 0 0 0 0 0 0 0 0 0 0 0 0 0 0 0 0 0 0 0 0 0
0 0 0 0 0 0 0 0 2 0 0 5 0 0 9 2 0 0 0 5 0 0 2 8 0 0 0 0 0 0 0 0 0 0 0 0 5 0 0 7 5 0 0 0 6 7 0 0 10 0 0 0 0 0 0 0 0 0 0 0 0 0 0 0 1 4 0 0 0 0 0 4 0 0 9 5 0 7 19 0 0 0 0 0 0 0 0 0 0 0 0 0 0 8 0 0 4 3 0 6 3 18 0 2 0 0 0 19 0 0 0 0 0 0 0 0 0 0 0 0 2 0 0 3 13 0 6 46 148 243 255 174 2 10 6 0 0 0 0 0 0 0 0 0 0 0 0 0 2 0 0 6 0 0 54 160 251 255 255 255 220 155 40 0 0 0 0 0 0 0 0 0 0 0 0 0 0 0 6 1 2 57 164 249 255 236 244 234 255 251 155 1 0 0 0 0 0 0 0 0 0 0 0 0 0 4 3 5 72 200 255 250 248 248 239 137 240 255 221 56 0 0 0 0 1 0 4 1 0 1 0 1 0 6 137 193 239 247 255 248 255 112 0 0 104 248 255 78 9 0 0 0 3 0 6 2 0 8 1 2 22 50 255 242 253 252 250 245 95 12 4 0 24 220 254 233 39 4 4 5 12 0 0 0 0 0 0 1 0 214 249 255 251 255 243 56 11 0 8 0 52 242 229 247 59 1 0 3 0 0 6 9 16 16 0 7 64 224 255 252 205 183 45 0 0 9 1 0 33 236 254 243 73 0 0 2 5 3 6 0 0 0 0 16 172 253 244 251 168 2 0 5 1 0 0 15 24 230 255 235 80 8 0 7 3 0 1 0 1 3 33 112 246 255 255 199 73 0 15 0 10 0 0 0 160 245 242 234 51 1 1 4 0 0 6 6 0 0 12 115 254 249 249 126 7 0 0 7 0 9 12 6 255 238 251 235 10 0 0 0 6 0 0 0 4 18 105 255 252 255 218 0 8 0 2 0 0 18 0 114 255 255 253 96 0 0 9 1 13 0 1 16 0 0 226 250 246 221 35 0 8 0 0 2 0 4 53 223 255 249 203 20 0 0 0 0 0 8 0 0 0 6 244 249 255 81 13 0 0 21 0 0 20 146 212 254 255 245 90 5 0 0 0 0 0 12 0 3 5 55 231 253 224 11 0 3 8 0 0 0 157 242 255 251 233 93 0 0 0 0 0 0 0 11 0 0 7 181 255 227 34 0 11 0 27 93 195 255 255 255 243 197 11 0 18 0 0 0 0 0 1 0 0 5 0 121 247 234 132 64 75 98 202 255 239 255 255 190 153 0 0 8 0 8 0 0 0 0 2 2 0 5 0 20 232 255 239 217 238 255 255 236 243 255 182 46 0 9 0 17 0 0 0 0 0 0 0 14 0 0 12 65 212 250 255 255 255 233 252 237 221 82 22 6 0 1 18 0 8 1 0 0 0 0 4 0 6 12 0 4 34 226 255 237 255 134 105 39 8 0 0 0 13 0 2 10 2 1 0 0 0 0 0 0 0 0 0 0 0 0 0 0 0 0 0 0 0 0 0 0 0 0 0 0 0 0 0 0 0 0 0 0 0 0 0 0 0 0 0 0 0 0 0 0 0 0 0 0 0 0 0 0 0 0 0 0 0 0 0 0 0 0 0 0 0 0 0 0 0 0 0 0 0 0 0 0 0 0 0 0 0 0 0 0 0 0 0 0 0 0 0 0 0 0 0 0 0 0 0 0 0 0 0 0 0 0 0 0 0 0 0 0 0 0
0 0 0 0 0 0 0 0 4 0 0 10 6 1 2 1 4 6 0 0 2 4 0 0 0 0 0 0 0 0 0 0 0 0 0 0 3 0 0 0 0 0 7 0 0 0 0 23 0 0 6 0 0 0 0 0 0 0 0 0 0 0 0 0 0 12 3 7 0 0 7 2 6 3 0 11 0 0 5 0 0 0 0 0 0 0 0 0 0 0 0 0 0 0 6 0 0 3 0 1 0 2 1 0 3 5 0 0 0 0 0 0 0 0 0 0 0 0 0 0 25 0 0 5 134 248 171 83 25 0 19 0 9 1 0 7 0 0 0 0 0 0 0 0 0 0 0 0 0 0 75 174 255 255 228 255 158 0 4 3 0 0 10 0 0 0 0 0 0 0 0 0 0 0 0 0 2 146 236 243 249 255 255 255 255 107 0 0 0 0 6 0 0 0 0 0 0 0 0 0 0 0 0 0 119 238 254 255 255 242 255 247 249 214 26 1 7 1 0 9 0 0 0 0 0 5 11 0 0 17 0 36 243 255 225 255 255 223 169 230 255 236 218 35 0 1 0 1 0 0 0 0 0 0 0 0 0 1 16 161 252 255 105 254 242 116 9 8 164 255 255 191 46 0 1 1 0 0 0 0 9 0 3 10 3 0 10 213 255 175 8 201 255 82 0 3 23 158 243 255 148 0 0 0 0 0 0 0 0 3 2 0 10 0 27 236 246 114 3 122 255 151 0 0 0 13 152 250 237 62 0 7 0 0 0 0 0 10 0 0 4 6 47 255 252 112 0 53 192 229 1 14 13 0 44 249 251 180 1 0 0 0 0 0 2 10 3 0 4 0 28 255 255 90 29 5 9 180 145 0 1 4 0 205 248 247 85 0 0 0 0 0 0 0 0 6 11 0 18 228 255 101 0 0 29 0 0 5 0 9 6 106 250 255 192 8 0 0 0 0 5 6 0 0 4 0 12 188 244 124 0 5 0 6 2 0 4 0 0 14 214 252 211 0 0 0 0 0 6 0 5 0 2 0 0 203 255 151 7 0 0 11 2 0 0 3 0 7 128 255 255 34 0 0 0 0 0 0 0 0 8 10 8 152 249 255 65 3 12 0 0 10 0 3 0 0 216 234 188 15 0 0 0 0 6 12 1 0 0 0 0 40 215 250 177 16 0 11 0 2 0 1 10 0 190 255 214 3 0 0 0 0 0 5 0 0 0 0 0 0 75 251 251 158 0 0 8 0 8 4 0 10 230 237 198 4 0 0 0 0 0 0 0 4 5 0 12 0 6 156 255 250 149 11 0 3 0 6 17 165 254 253 195 0 0 0 0 0 8 2 7 5 1 0 4 0 0 56 242 242 251 215 155 60 118 150 255 243 248 222 0 0 0 0 0 0 0 0 4 0 0 0 6 4 9 4 68 255 255 255 255 244 247 239 255 243 194 4 6 5 0 0 0 0 7 0 12 0 2 3 2 0 14 0 13 42 190 234 255 255 255 253 181 152 4 0 0 0 0 0 0 0 0 0 0 0 0 0 0 0 0 0 0 0 0 0 0 0 0 0 0 0 0 0 0 0 0 0 0 0 0 0 0 0 0 0 0 0 0 0 0 0 0 0 0 0 0 0 0 0 0 0 0 0 0 0 0 0 0 0 0 0 0 0 0 0 0 0 0 0 0 0 0 0 0 0 0 0 0 0 0 0 0 0 0 0 0 0 0 0 0 0 0 0 0 0 0 0 0 0 0 0 0 0 0 0 0 0 0 0 0 0 0 0
0 0 0 0 0 0 0 0 0 0 6 7 3 0 0 1 0 10 0 0 2 5 0 0 0 0 0 0 0 0 0 0 0 0 0 0 8 0 5 0 0 19 7 0 0 0 16 1 0 0 4 8 1 0 0 0 0 0 0 0 0 0 0 0 0 8 0 7 0 0 0 7 19 0 0 0 21 0 0 1 0 0 0 0 0 0 0 0 0 0 0 0 2 2 7 0 9 0 126 139 7 0 94 247 181 30 8 0 0 0 0 0 0 0 0 0 0 0 0 0 6 0 6 4 0 101 255 235 124 25 3 218 255 200 16 0 0 0 0 0 0 0 0 0 0 0 0 0 5 0 0 8 94 227 250 255 125 0 11 0 209 242 108 0 0 0 0 0 0 0 0 0 0 0 0 0 16 0 11 23 251 249 255 243 84 0 12 0 3 243 243 87 7 5 2 0 0 0 0 0 0 0 0 0 0 10 20 167 253 252 255 116 7 0 0 0 10 136 251 203 12 9 4 0 0 1 1 0 0 16 0 4 0 0 94 243 255 255 170 0 0 12 0 0 0 11 255 255 102 17 0 5 0 0 1 5 0 0 0 4 0 89 235 255 255 228 11 4 6 0 6 0 10 1 195 249 158 19 0 0 2 0 2 4 0 0 6 0 8 182 255 240 219 56 0 1 0 1 0 0 0 7 167 253 183 0 0 5 0 3 0 0 0 9 0 9 146 239 255 250 68 0 0 2 0 11 0 7 0 0 190 254 255 9 2 2 1 1 0 2 0 6 0 99 244 255 238 177 0 0 9 0 9 0 12 0 16 0 211 250 245 1 0 0 5 0 0 11 0 0 35 216 255 239 216 14 0 19 0 9 4 0 11 0 0 116 232 255 169 0 0 3 3 0 0 5 2 0 131 255 252 255 73 0 0 2 0 6 0 15 0 6 76 235 252 255 139 20 6 3 0 6 6 0 5 6 214 253 252 153 0 1 0 0 6 0 0 0 0 63 254 254 254 238 45 0 0 5 0 10 0 0 6 63 252 249 224 49 0 6 0 5 4 0 0 1 113 240 252 255 245 109 0 0 0 0 6 0 11 0 0 202 254 255 135 8 0 0 0 9 0 16 60 221 255 243 250 241 140 0 0 0 0 0 0 5 0 18 0 249 255 244 114 0 11 11 2 27 67 201 243 255 230 255 255 114 0 6 0 0 0 0 0 0 5 7 0 255 252 251 180 7 42 124 154 226 255 255 255 243 255 239 87 0 0 0 0 0 0 0 0 9 3 0 0 192 255 255 237 255 255 236 249 251 241 255 244 225 123 8 0 10 6 2 0 0 0 0 0 20 0 5 9 32 192 235 255 244 241 254 255 255 246 148 106 20 0 11 2 0 0 0 0 0 0 0 9 0 10 4 0 0 26 140 189 198 243 253 195 129 65 5 8 0 7 0 0 8 3 0 0 0 0 0 0 7 0 0 4 15 0 0 1 0 13 0 0 12 0 1 5 0 5 4 0 5 0 1 0 0 0 0 0 0 0 0 0 0 0 0 0 0 0 0 0 0 0 0 0 0 0 0 0 0 0 0 0 0 0 0 0 0 0 0 0 0 0 0 0 0 0 0 0 0 0 0 0 0 0 0 0 0 0 0 0 0 0 0 0 0 0 0 0 0 0 0 0 0 0 0 0 0 0 0 0 0 0 0 0 0 0 0 0 0 0 0 0 0 0 0 0 0 0 0 0 0 0 0 0 0 0 0 0 0 0 0 0 0 0 0 0 0 0 0
0 0 0 0 0 0 0 0 0 0 0 3 0 0 2 1 0 0 12 3 1 0 10 0 0 0 0 0 0 0 0 0 0 0 0 0 0 17 1 3 14 1 0 0 0 7 0 0 0 16 0 9 0 0 0 0 0 0 0 0 0 0 0 0 0 6 0 0 0 0 7 5 12 0 21 1 2 0 1 0 0 0 0 0 0 0 0 0 0 0 0 0 16 0 4 11 0 0 4 0 0 0 0 0 14 0 0 0 0 0 0 0 0 0 0 0 0 0 0 0 7 0 4 5 0 19 110 255 251 255 255 255 46 4 15 0 0 0 0 0 0 0 0 0 0 0 0 0 0 15 16 0 98 230 241 255 255 240 194 162 28 0 0 0 0 0 0 0 0 0 0 0 0 0 0 0 7 0 16 120 227 255 252 221 191 143 197 123 37 0 6 10 0 0 0 0 0 0 0 0 0 0 0 0 0 25 124 254 249 237 218 48 0 63 250 253 213 122 0 0 0 0 0 0 7 0 7 0 0 0 18 0 91 203 255 239 238 24 0 8 4 23 130 241 249 227 108 7 4 1 0 0 1 0 6 0 2 14 0 15 96 245 252 255 124 5 0 0 10 0 10 23 52 241 249 233 45 0 4 9 0 4 0 0 6 10 0 91 249 255 254 141 0 0 20 0 0 0 0 0 12 73 231 255 162 1 0 1 3 1 0 3 3 0 30 191 255 234 163 0 12 8 0 7 5 10 0 5 16 0 209 246 250 2 0 0 2 0 0 2 2 8 136 248 237 179 43 10 0 0 10 0 0 9 0 0 0 69 235 255 253 0 0 8 0 2 3 0 3 68 232 251 250 123 0 0 1 0 0 10 0 6 3 13 0 45 208 246 242 11 0 0 0 0 6 0 0 113 255 247 231 0 0 0 0 9 10 0 12 10 0 3 1 33 220 255 186 13 0 0 3 0 3 5 0 122 238 255 214 8 0 1 4 0 2 0 0 3 0 11 32 226 255 231 80 0 0 12 0 6 4 0 8 132 248 255 196 0 0 9 4 0 13 0 2 0 0 32 139 254 255 189 0 0 0 0 0 0 0 0 8 242 255 252 97 9 16 0 2 8 0 5 0 0 104 215 252 255 192 28 0 0 0 0 4 10 8 0 0 111 255 241 208 0 0 13 7 4 0 0 4 2 111 235 255 232 135 0 0 0 0 0 0 0 4 13 3 120 243 255 247 122 15 0 0 0 0 56 111 222 255 255 253 117 0 13 0 0 0 0 3 3 2 0 2 76 239 245 230 255 226 226 222 235 229 238 246 249 255 211 96 13 0 0 0 0 0 0 0 14 1 0 17 0 223 243 255 249 239 255 245 248 254 244 251 187 96 27 1 0 2 8 0 0 0 0 14 0 0 17 0 0 22 81 174 223 253 245 255 255 207 238 48 22 4 0 0 0 5 0 0 0 0 0 0 3 1 3 0 2 2 0 1 3 113 119 101 96 5 0 1 0 0 3 9 2 0 0 0 0 0 0 0 0 0 0 0 0 0 0 0 0 0 0 0 0 0 0 0 0 0 0 0 0 0 0 0 0 0 0 0 0 0 0 0 0 0 0 0 0 0 0 0 0 0 0 0 0 0 0 0 0 0 0 0 0 0 0 0 0 0 0 0 0 0 0 0 0 0 0 0 0 0 0 0 0 0 0 0 0 0 0 0 0 0 0 0 0 0 0 0 0 0 0 0 0 0 0 0 0 0 0 0 0 0 0 0 0 0 0 0 0 0 0
0 0 0 0 0 0 0 0 8 0 0 0 0 0 3 4 11 0 20 0 0 19 0 0 0 0 0 0 0 0 0 0 0 0 0 0 0 10 2 24 0 20 0 0 0 27 0 0 22 0 3 5 0 0 0 0 0 0 0 0 0 0 0 0 0 0 0 0 0 0 1 12 0 0 0 0 0 0 1 0 0 0 0 0 0 0 0 0 0 0 0 0 18 0 0 17 9 4 0 0 1 4 0 14 4 18 2 0 0 0 0 0 0 0 0 0 0 0 0 0 0 13 0 4 0 0 0 58 229 249 50 216 253 52 8 2 0 0 0 0 0 0 0 0 0 0 0 0 10 0 16 0 55 103 203 224 252 255 219 255 254 150 0 14 0 0 0 0 0 0 0 0 0 0 0 0 0 7 2 18 255 255 244 255 255 151 98 233 254 211 31 0 0 0 0 0 0 0 0 0 0 0 0 0 19 0 88 255 239 255 255 202 33 0 4 16 91 255 56 0 0 0 0 0 7 0 0 9 0 4 8 0 1 0 124 249 250 250 120 17 6 0 4 10 0 241 178 0 0 0 0 0 0 0 0 0 4 0 5 2 23 126 241 250 189 70 0 20 3 3 0 0 5 255 198 4 0 0 0 0 0 4 2 0 2 10 0 9 175 255 237 210 73 11 18 0 0 7 3 1 16 255 189 0 0 0 0 0 10 0 0 7 0 5 0 187 249 255 166 7 1 0 0 0 5 3 0 0 7 255 243 87 0 0 0 0 1 0 5 0 0 8 79 252 247 179 20 11 0 0 4 10 10 0 1 0 12 246 255 92 0 0 0 0 0 14 4 0 3 9 185 241 187 2 1 0 12 2 0 0 0 0 7 0 68 246 212 7 0 0 0 0 7 0 0 11 5 54 248 255 40 28 0 0 10 0 0 15 2 0 3 11 164 255 186 12 0 0 0 0 3 0 0 0 2 215 243 81 5 0 13 0 4 0 8 0 0 0 10 54 255 255 126 0 0 0 0 0 3 1 0 18 16 216 255 2 0 0 0 4 0 0 1 0 0 13 28 202 255 232 13 7 0 0 0 0 0 0 0 0 33 229 255 11 0 4 0 2 0 8 1 8 9 7 214 255 253 147 0 8 0 0 0 0 1 7 0 9 125 237 177 2 6 1 0 0 1 0 1 0 95 210 255 239 233 1 13 0 0 0 0 0 0 0 4 0 84 255 235 42 0 3 75 62 66 63 167 216 241 255 228 251 106 0 0 0 0 0 0 0 12 8 0 9 96 255 255 221 172 159 237 255 255 237 255 250 255 251 254 83 0 0 14 0 0 0 0 0 0 0 10 5 0 185 255 250 255 243 253 255 236 245 255 255 248 168 6 4 5 10 0 0 0 0 0 0 7 7 0 0 6 81 165 255 253 255 250 234 255 255 225 193 66 8 0 14 0 0 12 4 0 0 0 0 0 0 0 1 0 0 30 91 97 182 210 113 177 88 34 0 0 15 0 0 8 0 0 0 0 0 0 0 0 0 0 0 0 0 0 0 0 0 0 0 0 0 0 0 0 0 0 0 0 0 0 0 0 0 0 0 0 0 0 0 0 0 0 0 0 0 0 0 0 0 0 0 0 0 0 0 0 0 0 0 0 0 0 0 0 0 0 0 0 0 0 0 0 0 0 0 0 0 0 0 0 0 0 0 0 0 0 0 0 0 0 0 0 0 0 0 0 0 0 0 0 0 0 0 0 0 0 0 0 0 0 0 0 0 0 0 0 0 0 0
0 0 0 0 0 0 0 0 1 1 0 0 4 11 0 0 5 0 0 2 10 0 0 0 0 0 0 0 0 0 0 0 0 0 0 0 1 0 1 3 0 0 4 0 0 4 3 0 0 3 8 7 0 0 0 0 0 0 0 0 0 0 0 0 1 7 2 0 5 2 0 0 7 5 4 4 0 0 0 11 0 0 0 0 0 0 0 0 0 0 0 0 0 5 2 0 13 0 0 2 0 0 1 0 1 12 6 0 0 0 0 0 0 0 0 0 0 0 0 0 0 5 1 0 87 223 232 45 20 0 0 9 0 0 0 14 0 0 0 0 0 0 0 0 0 0 0 0 0 13 8 93 255 252 244 253 215 115 33 7 1 9 8 0 0 0 0 0 0 0 0 0 0 0 0 0 3 0 99 243 255 194 255 255 246 255 231 107 0 0 16 0 0 0 0 0 0 0 0 0 0 0 0 0 0 120 239 255 197 31 44 87 222 232 255 244 110 0 0 8 0 0 0 0 2 0 6 0 1 0 0 0 25 224 249 255 14 4 12 0 21 92 249 255 240 107 0 0 0 0 0 0 0 0 2 0 5 7 8 25 214 255 241 138 13 0 0 0 0 8 99 238 255 248 27 10 0 0 0 0 3 0 0 0 0 1 0 44 255 252 209 12 0 1 1 6 0 14 11 127 255 255 165 8 0 0 0 0 3 0 0 0 0 0 0 72 246 253 146 0 0 15 0 4 0 1 0 18 154 250 206 20 0 0 0 0 0 0 0 4 4 2 1 123 255 225 31 2 9 0 0 6 14 0 1 1 164 255 251 40 0 0 0 0 0 1 0 6 2 0 4 168 255 178 0 0 9 0 4 2 0 0 0 0 179 236 217 0 0 0 0 0 0 5 0 4 0 0 10 209 255 143 21 0 3 0 12 0 1 14 10 23 172 255 75 3 0 0 0 0 0 4 0 5 0 7 29 251 252 69 0 0 0 7 0 4 0 0 0 31 254 201 5 0 0 0 0 0 0 0 11 0 0 0 95 249 250 44 0 5 4 0 2 1 0 0 8 248 251 190 0 0 0 0 0 0 1 2 0 0 1 2 151 255 249 55 8 0 0 3 3 0 6 57 194 240 255 72 5 0 0 0 0 0 0 5 0 6 6 0 169 240 255 47 0 0 4 8 0 11 69 195 255 239 128 22 0 0 0 0 0 0 0 5 0 4 10 0 158 245 240 53 10 14 0 0 20 127 234 255 224 90 0 0 5 16 0 0 0 0 1 1 0 0 9 1 138 255 255 96 7 2 37 110 181 255 255 209 126 14 8 0 9 0 0 0 0 0 1 0 3 0 4 2 67 201 254 245 212 196 205 255 255 240 201 103 7 0 0 0 0 15 0 0 0 0 0 0 5 4 0 0 0 62 187 251 246 255 255 255 245 185 64 6 0 0 19 0 0 1 0 0 0 0 5 0 0 11 0 8 0 0 3 125 186 255 177 55 18 3 0 0 2 0 0 1 7 0 0 0 0 0 0 0 0 0 0 0 0 0 0 0 0 0 0 0 0 0 0 0 0 0 0 0 0 0 0 0 0 0 0 0 0 0 0 0 0 0 0 0 0 0 0 0 0 0 0 0 0 0 0 0 0 0 0 0 0 0 0 0 0 0 0 0 0 0 0 0 0 0 0 0 0 0 0 0 0 0 0 0 0 0 0 0 0 0 0 0 0 0 0 0 0 0 0 0 0 0 0 0 0 0 0 0 0 0 0 0 0 0 0 0 0 0
0 0 0 0 0 0 0 0 6 0 1 11 0 6 3 1 3 1 7 0 14 0 2 1 0 0 0 0 0 0 0 0 0 0 0 0 7 4 0 0 0 0 3 0 0 0 0 5 0 0 0 5 0 0 0 0 0 0 0 0 0 0 0 0 0 0 6 5 12 14 5 0 11 4 0 0 0 3 3 0 0 0 0 0 0 0 0 0 0 0 0 0 5 8 10 0 0 9 0 9 0 0 12 0 0 0 10 0 0 0 0 0 0 0 0 0 0 0 0 0 4 0 0 12 0 8 69 185 0 0 0 8 0 0 0 6 0 0 0 0 0 0 0 0 0 0 0 0 0 8 10 131 102 0 117 255 141 86 0 8 0 18 0 7 0 0 0 0 0 0 0 0 0 0 0 0 0 15 134 255 246 38 135 236 255 209 79 2 0 16 0 0 0 0 0 0 0 0 0 0 0 0 0 0 4 0 203 244 238 14 36 96 230 255 200 7 1 0 13 0 0 0 0 0 0 0 0 0 0 0 0 0 0 87 236 248 140 0 6 0 109 255 229 94 0 12 0 2 0 0 0 0 0 0 0 0 0 0 0 0 49 210 246 219 33 0 6 1 9 192 246 192 19 0 3 0 0 0 0 0 0 0 0 0 0 0 0 0 42 255 252 196 0 2 5 0 0 121 254 255 54 0 17 9 0 0 0 0 0 0 0 0 0 0 0 0 57 246 255 146 11 0 1 0 0 17 174 244 73 0 0 0 0 0 0 0 0 0 0 0 0 0 0 0 149 249 255 71 7 0 0 10 8 0 113 252 165 15 0 4 0 0 0 0 0 0 0 0 0 0 0 0 183 253 255 40 0 6 0 4 0 4 57 255 219 9 0 0 0 0 0 0 0 0 0 0 0 0 0 0 161 248 251 51 1 15 0 0 0 11 39 255 239 67 1 0 0 0 0 0 0 0 0 0 0 0 0 0 175 255 253 52 0 0 6 1 6 0 41 255 255 163 1 0 0 0 0 0 0 0 0 0 0 0 0 0 165 254 255 44 1 1 0 7 2 0 68 255 237 89 22 0 0 0 0 0 0 0 0 0 0 0 0 0 150 250 253 51 9 0 0 3 0 0 157 245 255 41 0 10 0 0 0 0 0 0 0 0 0 0 0 0 41 255 237 137 0 0 34 0 9 44 245 251 145 0 10 0 0 0 0 0 0 0 0 0 0 0 0 0 60 253 255 182 0 14 0 14 0 164 252 247 65 0 0 1 0 0 0 0 0 0 0 0 0 0 0 0 21 235 255 221 162 74 12 0 86 228 255 237 40 8 0 1 0 0 0 0 0 0 0 0 0 0 0 0 0 70 209 255 254 255 215 230 255 253 255 137 0 2 10 0 0 0 0 0 0 0 0 0 0 0 0 0 8 0 64 246 244 245 238 255 255 226 159 1 0 4 0 12 0 0 0 0 0 0 0 0 0 0 0 0 0 11 0 40 185 255 248 253 132 68 0 8 6 7 0 0 0 0 0 0 0 0 0 0 0 0 0 0 0 0 0 0 0 0 0 0 0 0 0 0 0 0 0 0 0 0 0 0 0 0 0 0 0 0 0 0 0 0 0 0 0 0 0 0 0 0 0 0 0 0 0 0 0 0 0 0 0 0 0 0 0 0 0 0 0 0 0 0 0 0 0 0 0 0 0 0 0 0 0 0 0 0 0 0 0 0 0 0 0 0 0 0 0 0 0 0 0 0 0 0 0 0 0 0 0 0 0 0 0 0 0 0
0 0 0 0 0 0 0 0 0 0 7 0 0 16 0 3 0 0 4 2 0 0 0 0 0 0 0 0 0 0 0 0 0 0 0 0 4 6 0 5 5 0 0 0 12 6 2 0 0 3 3 0 0 0 0 0 0 0 0 0 0 0 0 0 0 8 0 0 12 3 15 3 0 0 0 10 1 0 0 14 0 0 0 0 0 0 0 0 0 0 0 0 0 13 1 3 0 0 0 2 6 10 0 0 0 6 2 0 0 0 0 0 0 0 0 0 0 0 0 0 0 0 0 0 0 2 28 91 249 250 177 91 0 0 13 0 0 0 0 0 0 0 0 0 0 0 0 0 13 1 1 0 59 165 214 255 255 253 239 237 90 2 0 1 0 0 0 0 0 0 0 0 0 0 0 0 0 0 0 21 130 240 255 245 206 125 129 240 124 6 0 6 0 0 0 0 0 0 0 0 0 0 0 0 0 9 47 172 255 255 236 213 29 17 106 255 124 3 0 0 0 0 0 0 0 7 0 2 4 0 0 5 3 16 122 238 255 169 90 5 0 13 116 234 61 0 11 0 0 0 0 0 0 3 0 0 0 0 0 0 0 95 250 255 199 7 4 0 19 0 111 225 0 3 0 0 0 0 0 0 0 0 0 2 0 3 6 0 17 205 255 241 89 19 0 0 0 39 193 216 71 0 23 0 0 0 0 0 3 0 5 5 0 6 4 0 87 240 232 96 0 6 1 0 93 217 245 255 241 83 0 7 0 0 0 0 6 0 8 3 0 0 0 3 195 249 208 17 0 5 2 5 102 246 255 248 245 193 0 0 0 0 0 0 0 0 6 0 1 0 0 44 218 250 193 0 0 0 0 0 4 132 202 255 244 254 110 7 0 0 0 0 0 0 3 0 7 4 6 95 238 255 202 4 14 0 17 0 0 16 14 217 255 255 105 0 0 0 0 0 7 0 4 0 4 0 0 112 255 241 34 5 0 10 1 0 0 0 13 34 255 247 109 5 0 0 0 0 0 5 0 10 0 0 18 214 249 255 26 12 0 4 0 8 6 0 8 29 255 255 98 2 0 0 0 0 7 0 0 0 0 2 25 246 255 253 53 0 3 0 0 0 3 3 0 54 247 237 119 3 0 0 0 0 8 0 0 4 5 0 19 255 255 246 18 12 0 0 26 2 0 9 21 178 255 244 92 0 0 0 0 0 2 0 10 4 1 0 19 255 245 255 50 3 14 7 0 1 0 0 115 255 247 184 28 0 0 0 0 0 6 0 10 0 0 5 21 199 253 250 192 0 0 13 19 0 60 77 243 246 146 18 0 11 0 0 0 0 5 0 5 0 0 8 0 71 224 240 228 155 115 63 146 154 250 252 254 211 68 0 3 0 0 0 0 0 0 0 4 0 6 2 0 0 34 255 255 244 255 250 253 254 255 255 210 164 0 0 0 18 0 0 0 0 2 0 1 0 0 0 11 5 14 83 228 250 247 255 236 255 185 78 49 0 2 14 0 0 0 0 0 0 0 0 0 0 0 0 0 0 0 0 0 0 0 0 0 0 0 0 0 0 0 0 0 0 0 0 0 0 0 0 0 0 0 0 0 0 0 0 0 0 0 0 0 0 0 0 0 0 0 0 0 0 0 0 0 0 0 0 0 0 0 0 0 0 0 0 0 0 0 0 0 0 0 0 0 0 0 0 0 0 0 0 0 0 0 0 0 0 0 0 0 0 0 0 0 0 0 0 0 0 0 0 0 0 0 0 0 0 0 0 0 0
0 0 0 0 0 0 0 0 0 0 9 0 0 6 5 0 3 8 0 0 1 2 0 9 0 0 0 0 0 0 0 0 0 0 0 0 9 0 0 10 0 0 0 14 0 0 21 0 8 0 17 0 0 0 0 0 0 0 0 0 0 0 0 0 0 10 0 0 0 24 5 0 0 2 0 0 14 0 0 14 0 0 0 0 0 0 0 0 0 0 0 0 0 0 0 0 0 0 1 16 0 0 4 3 0 9 0 0 0 0 0 0 0 0 0 0 0 0 0 0 0 3 3 0 18 12 99 156 203 240 174 0 3 0 0 9 0 0 0 0 0 0 0 0 0 0 0 0 0 6 0 11 124 179 249 246 250 255 255 129 5 0 2 0 0 0 0 0 0 0 0 0 0 0 0 0 5 11 13 131 245 255 255 255 252 234 255 226 27 1 0 19 0 0 0 0 0 0 0 0 0 0 0 0 0 109 159 255 255 251 239 255 212 138 250 255 40 2 20 0 0 0 0 0 0 0 0 0 0 0 0 0 6 220 217 209 120 140 105 0 0 0 109 240 255 10 16 0 0 0 0 0 0 0 0 0 0 0 0 0 0 21 25 0 106 0 0 17 2 0 110 254 250 101 3 0 0 0 0 0 0 0 0 0 0 0 0 0 0 28 0 124 255 228 112 0 2 0 99 255 246 142 2 0 0 0 0 0 0 0 0 0 0 0 0 0 0 0 0 255 240 255 142 8 3 0 100 254 255 95 6 1 0 0 0 0 0 0 0 0 0 0 0 0 0 42 247 250 255 250 161 0 5 0 139 248 255 70 0 0 0 0 0 0 0 0 0 0 0 0 0 0 11 173 239 255 240 229 46 1 0 1 188 249 252 96 1 0 0 0 0 0 0 0 0 0 0 0 0 0 61 242 250 255 255 111 3 0 0 16 217 255 253 70 7 6 0 0 0 0 0 0 0 0 0 0 0 0 181 255 255 251 196 62 0 2 4 42 228 255 255 0 6 0 0 0 0 0 0 0 0 1 4 0 0 18 213 255 254 241 52 0 0 5 1 210 255 244 197 4 0 0 0 0 0 0 3 5 1 0 1 0 11 39 252 252 250 152 6 0 9 0 41 244 255 255 139 0 6 1 0 0 0 0 0 4 1 0 0 0 9 37 252 240 255 5 0 5 4 58 230 255 239 230 84 0 0 3 0 0 0 0 0 2 2 0 0 0 0 12 196 255 248 1 0 0 37 184 246 246 245 96 5 20 2 0 0 0 0 0 0 5 2 3 8 1 0 0 83 255 251 244 189 214 236 255 255 251 255 86 12 0 0 18 0 0 0 0 3 4 0 0 6 5 0 0 45 191 254 250 235 255 246 249 249 255 158 11 0 11 11 0 0 0 0 0 0 2 0 0 2 3 0 1 0 89 244 234 255 255 242 255 253 177 36 0 0 3 0 0 0 0 0 0 0 4 3 1 6 3 0 0 0 0 43 210 232 246 255 150 68 8 0 0 5 0 0 9 0 0 0 0 0 0 0 0 0 0 0 0 0 0 0 0 0 0 0 0 0 0 0 0 0 0 0 0 0 0 0 0 0 0 0 0 0 0 0 0 0 0 0 0 0 0 0 0 0 0 0 0 0 0 0 0 0 0 0 0 0 0 0 0 0 0 0 0 0 0 0 0 0 0 0 0 0 0 0 0 0 0 0 0 0 0 0 0 0 0 0 0 0 0 0 0 0 0 0 0 0 0 0 0 0 0 0 0 0 0 0 0 0 0 0 0
0 0 0 0 0 0 0 0 2 0 13 3 0 3 2 3 0 0 9 7 0 0 3 0 0 0 0 0 0 0 0 0 0 0 0 0 0 10 5 0 4 12 0 0 7 0 0 0 14 0 9 4 0 0 0 0 0 0 0 0 0 0 0 0 1 1 0 1 3 0 0 8 0 20 0 0 5 0 1 2 0 0 0 0 0 0 0 0 0 0 0 0 11 0 0 10 0 0 0 0 19 0 0 19 0 8 0 0 0 0 0 0 0 0 0 0 0 0 0 0 4 0 13 0 1 14 0 1 122 161 255 195 1 0 18 0 0 0 0 0 0 0 0 0 0 0 0 0 0 6 2 0 8 0 5 132 255 255 188 0 1 0 0 1 0 0 0 0 0 0 0 0 0 0 0 0 0 6 0 1 0 1 121 255 247 63 0 2 8 0 24 0 0 0 0 0 0 0 0 0 0 0 0 0 0 9 0 15 0 66 255 255 124 136 129 186 68 0 1 0 0 0 0 0 0 0 0 0 0 0 0 0 7 0 13 0 70 252 241 134 188 255 244 249 193 0 4 0 0 0 0 0 0 0 0 0 0 0 0 0 0 9 15 0 191 255 206 0 0 147 130 255 254 137 14 0 0 0 0 0 0 0 0 0 0 0 0 0 15 0 0 120 255 255 0 9 18 0 0 182 246 255 0 13 0 0 0 0 0 0 0 0 0 0 0 0 2 10 66 255 254 65 8 0 6 8 9 0 255 249 5 0 0 0 0 0 0 0 0 0 0 0 0 0 0 7 246 255 201 0 0 5 0 3 0 18 231 255 13 1 0 0 0 0 0 0 0 0 0 0 0 0 10 0 255 240 63 0 5 0 0 9 14 0 255 188 0 2 0 0 0 0 0 0 0 0 0 0 0 0 0 131 255 125 6 3 9 0 0 0 0 192 255 5 0 4 0 0 0 0 0 0 0 0 0 0 0 0 6 246 255 125 0 0 0 2 0 1 7 245 255 2 3 3 0 0 0 0 0 0 0 0 0 0 0 0 115 255 244 77 0 0 11 3 0 0 187 255 135 1 0 0 0 0 0 0 0 0 0 0 0 0 0 0 146 252 198 0 15 4 0 0 5 118 255 255 97 10 21 4 0 0 0 0 0 0 0 0 0 0 0 0 124 236 130 0 0 0 6 0 76 254 241 122 10 0 0 0 0 0 0 0 0 0 0 0 0 0 0 0 253 255 133 0 3 10 0 79 245 255 126 13 0 8 1 11 0 0 0 0 0 0 0 0 0 0 0 0 255 241 121 17 7 0 183 255 255 70 0 0 0 0 6 0 0 0 0 0 0 0 0 0 0 0 0 0 251 255 201 110 181 251 255 246 125 0 0 8 5 3 13 0 0 0 0 0 0 0 0 0 0 0 0 0 127 255 253 255 255 255 232 71 1 9 6 0 0 2 0 0 0 0 0 0 0 0 0 0 0 0 0 0 66 188 254 255 253 129 72 0 0 7 0 14 5 0 0 7 0 0 0 0 0 0 0 0 0 0 0 0 0 0 0 0 0 0 0 0 0 0 0 0 0 0 0 0 0 0 0 0 0 0 0 0 0 0 0 0 0 0 0 0 0 0 0 0 0 0 0 0 0 0 0 0 0 0 0 0 0 0 0 0 0 0 0 0 0 0 0 0 0 0 0 0 0 0 0 0 0 0 0 0 0 0 0 0 0 0 0 0 0 0 0 0 0 0 0 0 0 0 0 0 0 0 0 0 0 0 0 0 0 0 0 0
0 0 0 0 0 0 0 0 1 3 0 0 18 0 0 8 6 0 0 5 1 0 3 0 0 0 0 0 0 0 0 0 0 0 0 0 1 3 4 0 9 0 0 0 0 0 4 0 0 2 8 0 0 0 0 0 0 0 0 0 0 0 0 0 0 0 7 0 3 0 5 2 25 0 0 13 12 0 0 3 0 0 0 0 0 0 0 0 0 0 0 0 0 0 7 0 0 4 2 0 0 0 4 0 0 4 12 0 0 0 0 0 0 0 0 0 0 0 0 0 3 0 3 0 0 0 0 7 8 4 5 2 0 3 4 0 0 0 0 0 0 0 0 0 0 0 0 0 1 0 0 0 1 6 0 65 100 126 202 254 193 74 5 0 0 0 0 0 0 0 0 0 0 0 0 0 0 0 0 4 6 6 12 134 255 249 247 254 255 223 128 25 0 0 0 0 0 0 0 0 0 0 0 0 2 2 0 3 0 0 2 162 247 255 255 252 255 255 235 179 0 0 0 0 8 0 0 6 0 0 7 2 0 18 0 12 11 32 156 255 255 249 255 234 252 214 88 4 0 0 0 0 0 5 1 0 6 11 0 0 18 0 0 0 94 229 255 252 254 162 160 255 255 167 5 0 0 0 0 0 0 0 1 1 1 0 0 9 0 28 10 163 255 244 255 204 106 20 34 241 245 182 0 3 0 0 0 0 10 0 1 9 0 0 11 1 0 3 146 255 231 183 72 30 9 0 9 186 248 235 44 7 0 0 0 0 0 5 0 0 8 13 0 0 66 172 255 243 197 25 5 0 8 4 10 127 255 254 61 0 0 0 0 0 0 14 0 0 16 0 0 86 175 255 237 196 13 0 0 17 0 0 0 90 252 255 71 0 0 0 0 0 5 1 0 4 1 0 84 221 242 255 187 0 11 8 13 0 0 0 16 160 242 237 47 0 0 0 0 0 8 0 10 9 0 84 225 255 255 221 71 9 0 0 0 6 8 0 35 255 243 191 0 3 0 0 0 0 0 3 0 6 0 214 255 249 188 70 0 1 12 0 0 12 0 5 113 249 190 80 0 2 0 0 0 0 0 0 0 2 23 214 241 255 75 40 0 0 3 8 0 0 45 239 243 255 141 0 0 0 0 0 0 0 0 6 14 0 77 241 253 83 0 0 0 17 0 0 22 46 228 255 248 215 15 0 14 0 0 0 0 0 0 5 0 1 230 255 219 8 5 0 0 0 6 77 175 207 251 220 222 13 13 2 0 10 0 0 0 0 4 0 11 2 161 234 214 0 3 11 0 0 147 247 251 179 116 9 0 0 2 0 0 4 0 0 0 0 0 0 0 0 116 255 253 246 109 106 219 255 246 247 224 65 4 2 20 3 3 0 15 0 0 0 0 0 0 0 16 0 3 191 240 255 252 255 252 255 231 142 39 0 0 0 0 4 0 23 0 7 0 0 0 0 4 0 0 21 2 2 109 208 255 238 235 210 42 0 0 4 3 0 19 0 0 0 15 0 0 0 0 0 0 0 0 0 0 0 0 0 122 86 39 6 0 0 0 0 0 0 0 0 0 0 0 0 0 0 0 0 0 0 0 0 0 0 0 0 5 0 0 0 0 4 4 2 0 0 0 0 0 0 0 0 0 0 0 0 0 0 0 0 0 0 0 0 0 2 4 3 0 0 0 0 0 0 0 0 0 0 0 0 0 0 0 0 0 0 0 0 0 0 0 0 4 4 2 0 0 0 0 6 0 0 0 0 0 0 0 0 0 0 0 0
0 0 0 0 0 0 0 0 5 1 0 9 4 7 0 0 7 6 0 1 3 0 5 1 0 0 0 0 0 0 0 0 0 0 0 0 0 0 14 0 0 0 1 10 0 0 8 0 7 0 0 5 0 0 0 0 0 0 0 0 0 0 0 0 4 0 11 17 0 19 10 0 10 1 0 0 0 10 11 0 0 0 0 0 0 0 0 0 0 0 0 0 16 0 0 1 3 0 0 2 0 0 0 2 0 0 19 0 0 0 0 0 0 0 0 0 0 0 0 0 0 9 0 188 255 202 61 1 0 20 0 4 21 0 0 8 0 0 0 0 0 0 0 0 0 0 0 0 4 3 65 255 246 245 255 252 185 0 2 0 0 25 4 0 0 0 0 0 0 0 0 0 0 0 0 0 2 0 198 252 176 135 255 255 246 200 6 0 21 0 21 0 0 0 0 0 0 0 0 0 0 0 0 0 0 126 255 254 7 0 1 128 255 242 255 129 0 1 4 1 0 0 0 0 6 0 1 0 0 3 0 8 0 201 245 138 4 0 11 0 5 111 255 255 251 70 0 6 2 0 0 3 0 0 4 2 5 3 0 0 66 244 255 0 0 26 0 4 2 11 68 236 251 255 65 0 6 4 0 0 0 7 0 0 0 7 18 14 196 254 190 0 12 0 0 13 0 0 5 17 182 255 255 1 0 0 3 1 0 9 0 5 0 0 0 0 255 252 125 7 0 12 0 0 0 3 10 0 1 196 254 184 6 0 3 6 0 7 0 8 3 3 0 21 242 255 17 0 1 0 22 0 0 15 0 12 17 101 255 255 63 0 0 4 4 9 0 0 0 6 8 110 255 129 0 0 4 0 0 12 0 0 0 0 2 97 238 254 125 16 0 0 0 6 0 7 0 0 0 146 255 109 0 8 2 0 17 0 0 7 9 0 0 1 243 255 117 10 0 0 0 4 0 0 0 5 15 245 255 142 0 0 8 8 0 10 7 0 0 1 4 60 255 244 67 0 5 7 0 3 6 0 0 11 0 252 251 133 15 0 14 0 0 6 0 7 0 0 0 135 245 194 0 0 0 0 0 0 6 1 0 0 0 255 255 130 0 1 0 0 18 0 0 0 6 0 13 180 255 65 0 0 0 0 2 0 4 6 0 0 4 247 254 138 0 0 3 12 0 0 5 10 0 18 54 245 255 0 0 0 0 0 8 0 0 2 0 0 11 200 255 124 5 5 0 14 0 0 0 0 71 126 255 255 65 1 0 0 0 0 5 0 0 0 1 2 4 109 235 255 74 0 2 0 7 10 16 114 255 255 242 52 0 16 0 0 0 0 0 0 3 0 4 5 0 21 255 254 246 137 63 15 0 113 243 255 254 124 12 22 11 0 0 0 0 0 0 0 3 1 1 2 0 0 58 249 255 255 254 233 255 255 255 253 60 7 0 2 0 12 0 0 0 0 4 0 1 0 0 0 8 0 2 54 138 246 255 255 179 131 123 8 5 0 1 3 2 0 0 0 0 0 0 0 0 0 0 0 0 0 0 0 0 0 0 0 0 0 0 0 0 0 0 0 0 0 0 0 0 0 0 0 0 0 0 0 0 0 0 0 0 0 0 0 0 0 0 0 0 0 0 0 0 0 0 0 0 0 0 0 0 0 0 0 0 0 0 0 0 0 0 0 0 0 0 0 0 0 0 0 0 0 0 0 0 0 0 0 0 0 0 0 0 0 0 0 0 0 0 0 0 0 0 0 0 0 0 0 0 0 0 0 0 0
0 0 0 0 0 0 0 0 0 0 4 1 0 1 0 0 0 9 0 0 0 1 0 6 0 0 0 0 0 0 0 0 0 0 0 0 7 0 0 7 0 0 0 15 16 0 0 6 3 11 8 0 0 0 0 0 0 0 0 0 0 0 0 0 5 1 0 8 0 0 0 3 0 0 8 0 0 1 4 0 0 0 0 0 0 0 0 0 0 0 0 0 0 0 0 0 15 12 0 0 0 4 3 0 7 0 0 1 0 0 0 0 0 0 0 0 0 0 0 0 17 0 11 7 68 134 240 255 252 145 26 0 6 0 0 17 0 0 0 0 0 0 0 0 0 0 0 0 0 0 7 70 220 255 255 239 255 241 255 223 56 0 1 0 0 0 0 0 0 0 0 0 0 0 0 0 17 56 192 255 231 245 238 137 89 211 215 238 233 164 13 8 0 0 0 0 0 0 0 0 0 0 0 0 39 252 255 232 255 210 29 0 4 0 71 254 255 229 93 2 0 0 0 0 0 7 0 8 0 0 0 35 214 249 255 236 128 0 7 6 0 2 0 56 251 255 253 149 3 0 0 13 6 1 7 0 9 6 5 192 249 255 204 34 4 0 4 0 6 0 15 2 108 240 252 243 0 7 9 6 0 0 16 0 10 0 23 228 253 255 134 0 4 11 12 4 0 6 0 0 40 204 255 215 0 2 4 0 4 0 0 0 0 18 171 247 255 229 43 3 4 0 0 2 0 18 0 7 0 120 255 224 32 0 0 0 3 1 0 8 0 73 255 250 247 152 5 12 3 0 5 5 11 0 14 0 0 85 255 255 124 5 0 4 0 1 7 0 3 105 243 240 209 14 0 0 7 0 0 0 1 0 0 3 10 78 255 243 167 8 0 0 3 2 3 0 0 135 245 255 237 0 4 0 9 0 0 11 0 13 0 6 0 94 255 255 125 0 1 0 0 0 5 2 6 150 251 244 175 4 0 8 0 0 5 0 7 0 2 0 6 214 240 247 73 0 16 0 12 0 9 1 0 255 244 255 90 0 0 0 7 0 0 13 0 3 0 4 87 250 235 226 0 0 0 0 0 1 0 0 11 235 255 238 182 0 9 12 0 18 0 0 6 11 0 16 210 250 255 117 0 0 0 0 7 3 0 8 0 115 250 255 219 7 0 0 0 5 0 10 0 0 21 205 246 236 141 0 0 0 0 0 8 0 4 1 0 106 255 228 240 118 3 0 24 7 0 0 59 134 255 252 255 215 11 16 0 0 0 0 0 0 11 0 9 80 238 255 242 254 156 91 81 62 91 158 220 254 245 241 229 37 0 0 0 0 0 0 4 0 7 0 10 0 86 246 245 255 255 241 248 255 245 251 255 241 228 185 25 0 8 0 0 0 0 0 0 9 7 0 6 4 0 62 198 229 251 255 246 255 246 241 210 117 33 13 7 0 2 0 0 0 0 0 9 0 1 14 0 1 0 4 13 119 165 255 241 158 112 66 14 0 0 0 0 7 13 0 0 0 0 0 0 0 0 0 0 0 0 0 0 0 0 0 0 0 0 0 0 0 0 0 0 0 0 0 0 0 0 0 0 0 0 0 0 0 0 0 0 0 0 0 0 0 0 0 0 0 0 0 0 0 0 0 0 0 0 0 0 0 0 0 0 0 0 0 0 0 0 0 0 0 0 0 0 0 0 0 0 0 0 0 0 0 0 0 0 0 0 0 0 0 0 0 0 0 0 0 0 0 0 0 0 0 0 0 0 0 0 0 0 0 0 0
0 0 0 0 0 0 0 0 4 0 0 6 0 0 10 0 0 0 0 11 0 0 0 7 4 1 5 0 0 0 0 0 0 0 0 0 2 0 0 0 4 0 8 0 1 6 1 0 0 23 12 0 0 0 0 0 0 0 0 0 0 0 0 0 1 6 14 0 6 0 0 6 2 0 0 15 4 0 0 18 4 6 11 11 0 0 0 0 0 0 0 0 0 0 0 0 8 11 0 0 6 1 0 0 0 1 4 0 0 0 0 3 0 0 0 0 0 0 0 0 0 7 0 3 0 11 0 22 0 2 3 21 0 11 0 0 2 9 0 0 0 0 0 0 0 0 0 0 10 0 0 11 42 120 119 156 255 255 248 235 145 70 13 2 0 4 15 0 0 0 0 0 0 0 0 0 17 0 21 84 189 255 255 251 236 244 255 241 255 255 235 156 24 0 2 1 0 0 0 0 0 0 0 0 0 45 209 246 255 246 239 236 54 43 100 117 218 236 255 238 201 10 0 8 6 0 0 4 0 8 3 0 24 219 246 252 240 144 80 9 2 1 0 0 8 84 228 251 255 7 0 7 0 0 1 1 0 0 0 40 206 230 255 233 28 4 3 0 1 0 0 17 0 19 35 245 247 65 0 0 0 0 8 1 0 0 0 129 255 255 242 250 129 5 14 0 2 14 0 0 25 0 1 215 255 136 17 3 3 0 8 0 4 1 27 210 249 236 230 255 252 74 7 0 0 0 0 0 2 25 4 204 255 93 0 0 2 0 0 0 3 1 80 254 255 233 44 130 211 79 0 0 1 0 14 8 0 0 83 234 252 23 0 0 3 0 0 0 4 4 159 255 230 20 1 11 0 0 0 9 10 0 14 0 9 19 238 255 214 0 9 11 1 5 1 0 2 4 237 255 237 7 0 0 7 0 21 0 3 0 0 0 26 191 255 222 74 0 0 0 0 3 0 0 0 0 255 243 221 24 0 12 0 1 0 0 0 9 0 22 144 255 253 106 0 9 5 0 0 0 13 0 14 4 241 255 147 0 0 2 0 2 0 1 4 0 4 189 246 255 125 4 0 0 0 0 2 2 1 0 0 0 255 245 95 5 6 0 2 0 0 7 0 29 101 238 255 212 20 5 0 0 0 0 0 1 0 0 0 5 255 255 123 10 0 0 0 0 7 0 34 139 248 255 184 16 11 0 0 0 0 0 1 0 3 0 19 10 226 255 107 0 0 14 9 0 5 25 191 241 255 178 29 10 0 0 0 0 0 0 5 0 7 0 14 0 247 253 120 7 1 0 5 0 26 192 255 247 180 26 0 0 1 12 0 0 0 0 2 1 2 6 0 0 255 246 216 7 0 3 4 72 182 255 207 138 0 3 0 18 6 0 0 0 0 0 0 0 0 9 0 0 229 253 243 178 109 119 236 255 244 248 80 0 5 2 0 0 0 10 0 0 0 0 3 0 4 0 0 4 94 251 248 255 244 251 255 235 189 33 0 10 0 0 12 0 0 3 0 0 0 0 4 0 0 5 1 0 21 56 202 244 255 225 130 42 1 0 0 0 0 0 0 0 0 0 0 0 0 0 4 0 0 5 0 0 0 10 0 0 0 2 2 2 2 3 0 0 0 0 0 0 0 0 0 0 0 0 0 0 0 2 4 0 0 0 15 6 0 0 0 0 0 0 0 0 0 0 0 0 0 0 0 0 0 0 0 0 0 0 1 6 5 0 0 0 5 8 4 1 2 5 0 0 0 0 0 0 0 0 0 0 0 0
0 0 0 0 0 0 0 0 1 10 0 0 12 0 0 0 2 0 0 0 0 4 0 2 0 0 0 0 0 0 0 0 0 0 0 0 0 0 12 0 0 6 9 3 0 0 4 1 0 1 0 0 0 0 0 0 0 0 0 0 0 0 0 0 19 0 1 6 0 5 0 0 0 0 2 3 0 0 4 0 0 0 0 0 0 0 0 0 0 0 0 0 0 13 3 0 18 0 12 0 6 0 0 5 1 0 5 4 0 0 0 0 0 0 0 0 0 0 0 0 9 0 0 0 57 255 32 0 0 4 0 2 8 0 0 0 0 0 0 0 0 0 0 0 0 0 0 0 0 6 9 21 203 255 143 0 0 32 4 0 5 0 0 0 0 0 0 0 0 0 0 0 0 0 0 0 4 0 0 84 255 239 169 0 52 142 79 0 0 0 4 0 0 0 0 0 0 0 0 0 0 0 0 0 0 10 3 158 249 255 216 48 164 255 172 23 0 0 6 0 0 0 0 0 0 0 0 0 0 0 0 0 0 8 0 158 251 241 142 140 255 246 254 129 0 0 3 0 0 0 0 0 0 0 0 0 0 0 0 0 0 0 0 221 255 255 67 68 213 255 255 133 0 0 18 0 0 0 0 0 0 0 0 0 0 0 0 0 0 1 54 250 250 252 12 11 69 251 246 147 16 0 0 4 0 0 0 0 0 0 0 0 0 0 0 0 0 6 168 245 250 199 12 0 9 159 255 252 0 7 16 3 0 0 0 0 0 0 0 0 0 0 0 0 0 0 254 254 255 134 15 0 0 77 247 255 1 0 0 0 0 0 0 0 0 0 0 0 0 0 0 0 6 0 255 255 239 62 0 0 0 82 255 234 112 9 0 16 0 0 0 0 0 0 0 0 0 0 0 0 10 1 246 249 197 5 0 2 0 66 255 251 120 2 8 0 0 0 0 0 0 0 0 0 0 0 0 0 0 17 255 252 185 0 8 0 6 130 255 255 109 0 2 1 0 0 0 0 0 0 0 0 0 0 0 0 1 113 255 243 185 0 0 12 11 166 253 255 23 0 5 0 0 0 0 0 0 0 0 0 0 0 0 0 17 102 233 255 82 6 5 0 18 255 246 174 0 1 1 6 0 0 0 0 0 0 0 0 0 0 0 0 0 122 255 236 69 0 6 7 203 245 255 126 0 0 1 2 0 0 0 0 0 0 0 0 0 0 0 0 9 108 251 255 216 158 129 208 250 252 203 12 0 21 0 0 0 0 0 0 0 0 0 0 0 0 0 0 0 40 241 251 249 251 236 255 255 246 82 19 0 0 2 0 0 0 0 0 0 0 0 0 0 0 0 0 0 26 244 255 255 255 255 238 242 206 50 0 0 10 0 0 0 0 0 0 0 0 0 0 0 0 0 0 0 0 58 207 240 255 243 255 186 0 8 2 8 0 3 8 0 0 0 0 0 0 0 0 0 0 0 0 3 6 0 27 103 140 237 187 51 0 0 0 3 1 0 4 0 0 0 0 0 0 0 0 0 0 0 0 0 0 0 0 0 0 0 0 0 0 0 0 0 0 0 0 0 0 0 0 0 0 0 0 0 0 0 0 0 0 0 0 0 0 0 0 0 0 0 0 0 0 0 0 0 0 0 0 0 0 0 0 0 0 0 0 0 0 0 0 0 0 0 0 0 0 0 0 0 0 0 0 0 0 0 0 0 0 0 0 0 0 0 0 0 0 0 0 0 0 0 0 0 0 0 0 0 0 0 0 0 0 0 0
0 0 0 0 0 0 0 0 0 10 8 0 7 8 0 1 9 0 0 10 0 0 8 0 0 0 0 0 0 0 0 0 0 0 0 0 14 0 0 0 0 0 1 0 0 11 0 0 1 0 0 0 0 0 0 0 0 0 0 0 0 0 0 0 0 10 0 13 0 6 9 1 0 0 16 0 0 16 0 12 0 0 0 0 0 0 0 0 0 0 0 0 0 22 0 1 1 0 0 4 12 0 0 4 0 0 0 0 0 0 0 0 0 0 0 0 0 0 0 0 4 0 6 0 17 2 90 110 167 255 243 185 77 0 19 5 0 0 0 0 0 0 0 0 0 0 0 0 3 0 1 0 0 138 248 242 255 252 245 255 242 100 0 14 0 0 0 0 0 0 0 0 0 0 0 0 0 11 0 3 37 237 255 255 241 250 255 234 255 255 87 0 0 0 0 0 0 0 0 0 0 0 0 0 2 0 3 0 181 255 237 255 255 255 238 255 247 255 238 49 0 0 0 0 1 3 0 0 0 0 2 0 0 6 0 32 211 255 245 252 223 55 72 240 255 238 255 170 22 0 0 0 0 0 0 11 8 2 6 2 5 5 73 242 243 240 255 234 3 4 9 114 255 255 240 248 89 10 5 2 8 0 0 2 0 0 0 0 5 1 175 252 255 245 255 87 0 13 0 2 170 255 250 255 157 0 0 0 6 0 0 0 0 5 5 10 12 142 255 253 228 255 152 35 0 0 11 0 65 231 254 246 244 6 11 0 0 0 5 0 6 7 0 0 177 255 249 252 255 255 35 0 9 4 0 0 61 255 255 248 255 0 4 0 2 2 4 0 0 0 0 56 247 255 250 246 253 84 0 0 0 4 6 0 12 209 228 255 252 0 0 0 0 0 0 0 10 8 47 206 244 252 254 248 127 0 2 7 6 0 3 11 79 249 252 250 247 14 18 9 0 1 4 0 10 0 41 255 255 249 250 215 27 0 4 0 0 1 2 0 130 255 246 253 186 0 0 0 0 11 0 6 1 15 201 252 253 253 202 30 4 0 1 2 0 39 71 223 243 255 252 162 0 0 0 0 0 3 0 4 0 222 246 255 248 253 135 0 5 12 0 12 14 176 247 255 255 245 174 13 0 0 0 0 4 2 0 5 0 250 250 248 253 255 115 0 0 54 119 207 255 251 255 255 247 77 3 10 0 0 0 0 0 0 0 16 4 244 253 251 244 255 229 225 217 234 255 255 255 250 255 230 211 77 0 0 0 0 0 0 3 0 0 5 0 255 249 246 254 253 248 255 253 240 255 237 251 255 230 105 18 0 0 1 0 0 0 0 0 15 4 0 0 173 243 255 246 255 249 246 255 249 255 255 203 86 7 6 0 0 0 2 0 0 0 0 0 7 4 0 12 28 178 247 255 252 247 255 255 249 191 178 23 14 0 1 0 9 13 1 0 0 0 0 9 0 0 4 0 1 19 103 255 243 255 253 127 92 25 0 0 4 0 3 9 0 0 0 0 0 0 0 0 0 0 0 0 0 0 0 0 0 0 0 0 0 0 0 0 0 0 0 0 0 0 0 0 0 0 0 0 0 0 0 0 0 0 0 0 0 0 0 0 0 0 0 0 0 0 0 0 0 0 0 0 0 0 0 0 0 0 0 0 0 0 0 0 0 0 0 0 0 0 0 0 0 0 0 0 0 0 0 0 0 0 0 0 0 0 0 0 0 0 0 0 0 0 0 0 0 0 0 0 0 0 0 0 0 0 0 0 0 0 0
0 0 0 0 0 0 0 0 3 0 0 0 0 8 13 0 3 0 2 9 0 14 3 0 0 0 0 0 0 0 0 0 0 0 0 0 6 0 0 0 5 0 0 3 0 5 0 0 7 0 0 3 0 0 0 0 0 0 0 0 0 0 0 0 0 12 11 0 0 0 0 17 0 0 5 4 0 10 0 16 0 0 0 0 0 0 0 0 0 0 0 0 7 0 0 0 7 6 0 0 16 0 0 0 2 0 4 0 0 0 0 0 0 0 0 0 0 0 0 0 9 0 0 11 0 0 22 45 67 172 248 255 238 26 20 0 0 0 0 0 0 0 0 0 0 0 0 0 0 5 12 0 2 73 161 198 255 255 253 239 245 126 0 14 0 0 0 0 0 0 0 0 0 0 0 0 8 12 0 6 125 235 255 255 250 236 255 255 255 255 10 7 0 0 0 0 0 0 0 0 0 0 0 0 0 2 0 97 251 255 228 255 255 252 255 243 252 248 159 4 0 0 0 0 1 4 0 0 5 0 0 6 4 18 121 241 255 242 255 252 254 254 247 255 255 255 255 90 0 0 0 0 2 0 1 0 0 0 29 0 26 88 249 255 254 255 251 255 248 255 251 255 243 255 243 93 0 0 0 0 6 0 2 5 0 0 7 2 200 238 255 240 255 242 250 255 143 112 122 188 248 255 239 100 0 0 0 0 3 0 0 7 0 2 0 98 246 255 255 242 255 240 173 35 23 0 3 117 254 250 254 89 0 0 0 0 0 0 0 2 0 7 77 216 254 255 248 249 255 171 0 0 0 0 0 138 247 249 255 79 0 0 0 0 0 4 4 0 0 29 223 255 255 240 255 231 51 20 7 0 4 0 0 195 248 254 252 97 0 0 0 0 3 4 9 0 10 114 255 253 254 251 235 193 23 0 11 6 0 0 66 230 254 253 239 91 0 0 0 0 0 0 7 0 32 217 243 252 251 241 160 11 0 18 0 0 0 52 225 253 252 248 240 48 0 0 0 0 0 8 0 0 222 253 253 253 248 188 0 9 0 4 0 4 20 214 252 254 240 241 47 12 0 0 0 0 5 0 0 7 255 255 244 255 251 60 0 9 0 8 0 53 126 255 255 255 248 122 0 0 0 0 0 0 10 0 0 0 251 253 255 251 153 2 6 0 0 11 64 213 255 236 250 247 186 13 1 5 0 0 0 0 0 2 6 0 255 249 251 249 205 121 65 46 143 188 221 255 240 249 255 184 11 8 0 0 0 0 0 0 0 18 3 0 255 254 232 255 248 251 233 225 237 245 255 248 255 230 187 2 7 0 8 0 0 0 0 0 0 0 5 0 159 236 255 254 253 255 255 255 255 251 248 253 246 143 0 0 8 5 0 12 0 0 0 0 9 0 4 0 22 133 247 236 255 255 246 242 255 255 253 225 54 23 0 15 0 0 7 0 0 0 0 0 3 1 0 6 0 4 89 225 255 245 255 255 247 252 250 54 2 0 15 0 11 1 0 7 0 0 0 0 0 0 0 0 0 0 0 0 0 0 0 0 0 0 0 0 0 0 0 0 0 0 0 0 0 0 0 0 0 0 0 0 0 0 0 0 0 0 0 0 0 0 0 0 0 0 0 0 0 0 0 0 0 0 0 0 0 0 0 0 0 0 0 0 0 0 0 0 0 0 0 0 0 0 0 0 0 0 0 0 0 0 0 0 0 0 0 0 0 0 0 0 0 0 0 0 0 0 0 0 0 0 0 0 0 0 0 0 0 0 0 0
0 0 0 0 0 0 0 0 7 0 1 11 0 0 10 0 1 3 0 3 14 0 0 6 0 0 0 0 0 0 0 0 0 0 0 0 0 13 0 0 2 5 0 0 0 0 13 0 0 0 13 0 0 0 0 0 0 0 0 0 0 0 0 0 0 1 0 0 18 0 0 16 13 0 0 0 0 0 0 3 0 0 0 0 0 0 0 0 0 0 0 0 4 0 13 7 0 3 3 0 0 1 6 22 0 11 0 0 0 0 0 0 0 0 0 0 0 0 0 0 0 8 0 10 25 218 255 255 248 71 0 2 1 4 0 16 0 0 0 0 0 0 0 0 0 0 0 0 0 1 0 15 125 248 243 243 255 238 152 0 0 10 0 0 0 0 0 0 0 0 0 0 0 0 0 0 9 0 0 10 148 247 255 255 237 255 196 16 2 7 0 12 0 0 0 0 0 0 0 0 0 0 0 0 0 7 0 9 35 254 255 245 255 246 255 179 0 1 0 0 0 0 0 0 0 0 0 0 0 0 0 0 3 7 0 34 149 246 255 254 252 255 243 253 5 9 4 0 0 0 0 0 0 0 0 0 0 0 0 0 0 0 87 255 255 255 254 242 247 174 254 255 190 0 0 11 0 0 0 0 0 0 0 0 0 0 0 0 0 30 186 249 255 234 186 220 98 91 243 244 253 61 9 0 0 0 0 0 0 0 0 0 0 0 0 0 0 164 255 242 247 159 2 7 0 16 197 250 249 89 0 5 0 0 0 0 0 0 0 0 0 0 0 0 17 202 241 250 239 34 30 0 7 0 198 255 255 77 0 6 0 0 0 0 0 0 0 0 0 0 0 0 55 255 255 252 213 0 0 12 0 0 203 253 241 92 17 0 0 0 0 0 0 0 0 0 0 0 0 0 183 234 255 248 7 18 0 0 0 4 190 255 237 75 0 7 0 0 0 0 0 0 0 0 0 0 0 0 255 255 249 96 12 0 10 0 5 48 242 255 245 49 0 4 0 0 0 0 0 5 0 12 0 0 12 13 255 238 255 25 0 12 0 0 2 173 247 252 157 0 12 3 0 0 0 0 0 0 3 0 6 0 0 111 250 255 197 5 7 0 0 14 124 214 255 250 0 3 1 0 0 0 0 0 0 0 10 0 2 0 7 210 243 255 151 1 0 0 40 135 238 255 248 209 12 0 0 3 0 0 0 0 1 0 0 6 0 4 79 249 255 242 133 0 1 104 242 228 255 237 255 98 0 8 4 0 0 0 0 0 1 0 0 5 0 5 78 245 232 255 210 146 243 250 255 255 244 238 91 0 0 0 0 2 0 0 0 0 0 0 11 0 1 3 6 199 255 231 252 250 255 233 255 238 184 46 0 9 3 9 0 3 0 0 0 0 0 3 5 0 4 2 0 95 234 255 255 250 255 246 220 126 0 0 2 0 2 0 7 0 0 0 0 0 0 10 0 7 0 2 10 0 163 250 243 255 231 113 31 0 5 0 5 0 0 19 0 2 0 0 0 0 0 0 0 0 0 0 0 0 0 0 0 0 0 0 0 0 0 0 0 0 0 0 0 0 0 0 0 0 0 0 0 0 0 0 0 0 0 0 0 0 0 0 0 0 0 0 0 0 0 0 0 0 0 0 0 0 0 0 0 0 0 0 0 0 0 0 0 0 0 0 0 0 0 0 0 0 0 0 0 0 0 0 0 0 0 0 0 0 0 0 0 0 0 0 0 0 0 0 0 0 0 0 0 0 0 0 0 0 0 0 0 0
0 0 0 0 0 0 0 0 0 9 0 14 0 0 0 3 7 0 0 5 0 0 9 0 0 0 0 0 0 0 0 0 0 0 0 0 4 3 0 3 4 2 22 0 0 21 8 0 0 15 0 0 0 0 0 0 0 0 0 0 0 0 0 0 0 0 3 4 0 0 13 0 12 0 0 3 0 0 0 0 0 0 0 0 0 0 0 0 0 0 0 0 8 3 0 8 8 0 0 0 0 10 15 0 17 0 4 2 0 0 0 0 0 0 0 0 0 0 0 0 0 1 0 0 62 114 198 255 176 16 0 17 0 0 14 2 0 0 0 0 0 0 0 0 0 0 0 0 0 22 89 76 227 243 255 240 255 182 79 65 1 6 0 0 0 0 0 0 0 0 0 0 0 0 0 0 1 80 230 245 255 243 255 255 249 235 249 255 127 21 0 15 0 0 0 0 0 0 0 0 0 0 0 0 9 22 137 250 247 255 246 250 197 228 255 246 245 107 16 0 0 0 0 0 0 7 0 0 14 0 4 6 2 1 30 251 249 238 255 181 0 228 237 255 241 175 4 9 0 0 0 0 0 3 7 0 0 0 5 0 7 49 221 254 255 255 191 12 8 176 255 255 255 172 6 0 0 0 0 0 0 0 11 8 0 12 12 0 0 93 255 236 251 237 112 7 0 63 250 234 252 207 7 0 0 0 0 0 7 0 1 3 0 0 0 9 161 227 255 254 250 101 0 0 16 72 255 255 252 232 75 7 0 0 0 0 3 0 0 1 2 0 35 129 249 253 241 255 255 38 0 5 0 235 231 230 255 179 1 3 0 0 0 0 0 0 0 1 10 5 130 255 255 249 255 233 115 13 13 0 78 255 255 250 252 184 0 0 0 0 0 0 6 3 7 0 0 14 191 253 249 254 255 159 0 0 0 0 124 243 255 245 255 154 0 7 0 0 0 0 3 0 6 0 14 64 255 244 254 247 253 99 23 0 0 6 106 252 243 255 255 32 2 0 0 0 0 0 0 5 3 1 0 76 251 255 250 255 177 61 0 8 0 1 185 238 255 245 216 6 1 4 0 0 0 0 0 1 2 0 1 113 255 241 255 243 72 0 4 8 17 155 236 255 248 254 147 14 0 0 0 0 0 0 9 0 0 7 2 106 253 255 244 255 78 0 0 0 61 255 252 255 253 248 124 0 0 4 0 0 0 0 6 0 0 0 2 74 245 254 255 193 32 3 2 119 224 250 253 251 232 247 17 0 5 0 0 0 0 0 0 4 4 0 3 44 235 234 233 220 28 16 155 255 254 253 255 253 191 69 0 0 13 0 0 0 0 0 3 0 1 0 3 0 188 255 255 255 208 213 248 255 249 252 248 185 55 0 0 16 0 7 0 0 0 0 8 0 1 8 0 0 83 196 216 246 255 254 255 251 248 252 187 8 8 7 0 0 27 0 0 0 0 0 0 1 11 0 0 29 0 11 62 106 189 197 232 255 248 175 58 0 3 0 5 4 0 5 0 0 0 0 0 0 0 0 0 0 0 0 0 0 0 0 0 0 0 0 0 0 0 0 0 0 0 0 0 0 0 0 0 0 0 0 0 0 0 0 0 0 0 0 0 0 0 0 0 0 0 0 0 0 0 0 0 0 0 0 0 0 0 0 0 0 0 0 0 0 0 0 0 0 0 0 0 0 0 0 0 0 0 0 0 0 0 0 0 0 0 0 0 0 0 0 0 0 0 0 0 0 0 0 0 0 0 0 0 0 0 0 0 0 0 0
0 0 0 0 0 0 0 0 2 12 0 0 18 1 0 4 0 2 7 5 4 0 0 0 0 0 0 0 0 0 0 0 0 0 0 0 1 0 5 7 6 0 8 0 0 0 0 0 12 0 0 11 0 0 0 0 0 0 0 0 0 0 0 0 2 0 15 2 0 0 10 0 16 0 11 8 0 0 11 0 0 0 0 0 0 0 0 0 0 0 0 0 0 6 1 0 2 1 1 15 0 12 0 0 0 11 0 0 0 0 0 0 0 0 0 0 0 0 0 0 9 6 0 1 1 5 38 95 94 17 70 255 183 66 0 23 0 0 0 0 0 0 0 0 0 0 0 0 0 0 7 7 0 115 234 255 254 197 138 238 255 237 67 0 0 0 0 0 0 0 0 0 0 0 0 0 0 0 0 0 4 158 255 239 255 250 248 255 238 255 151 2 0 0 0 0 0 0 0 0 0 0 0 0 2 0 0 59 140 242 255 247 252 255 255 252 255 248 144 0 0 0 0 0 1 0 0 0 0 4 4 0 0 17 84 133 242 255 225 255 251 179 35 33 153 252 105 0 0 0 0 0 0 5 1 1 5 0 6 1 8 116 247 247 255 245 255 193 70 0 4 6 131 255 216 10 0 0 0 0 0 1 0 0 8 10 1 3 124 232 253 255 255 244 132 12 5 0 10 4 47 245 246 108 0 0 0 0 5 0 1 0 0 26 0 0 119 253 244 251 255 207 0 1 0 11 0 0 12 245 255 238 0 0 0 0 4 0 3 2 0 6 46 115 255 245 255 232 77 20 7 7 1 0 12 0 98 234 248 127 0 0 0 0 0 0 1 5 5 0 161 254 254 255 142 84 24 0 0 0 6 1 0 0 156 247 255 115 0 0 0 0 1 0 2 0 0 35 201 255 255 213 11 0 0 11 0 9 0 18 35 129 242 255 217 56 0 0 0 0 2 0 9 0 2 187 241 255 241 80 0 5 0 2 9 0 14 0 57 236 255 243 220 3 0 0 0 0 4 0 0 5 0 213 255 238 182 0 0 5 5 0 5 0 8 85 157 228 255 254 195 0 0 0 0 0 2 10 13 0 97 253 255 133 0 0 8 19 0 6 2 99 191 255 252 255 237 254 61 7 0 0 0 0 0 0 0 0 177 245 238 90 59 64 61 62 116 217 231 247 255 253 228 255 208 114 1 5 0 0 0 0 10 1 8 18 237 255 255 239 223 234 255 251 245 250 255 252 240 255 247 213 40 12 8 0 0 0 0 0 0 0 0 2 172 246 241 255 250 253 239 255 255 250 235 248 255 237 227 25 0 0 3 0 0 0 0 0 0 13 3 0 117 255 241 244 253 255 255 245 247 255 255 186 153 101 12 0 0 23 0 11 0 0 0 0 0 4 3 2 93 244 255 255 254 251 255 224 212 204 200 23 0 8 0 12 10 0 17 0 0 0 0 0 10 0 0 0 52 143 246 251 255 233 103 70 6 0 6 7 0 3 4 0 0 3 5 0 0 0 0 0 0 0 0 0 0 0 0 0 0 0 0 0 0 0 0 0 0 0 0 0 0 0 0 0 0 0 0 0 0 0 0 0 0 0 0 0 0 0 0 0 0 0 0 0 0 0 0 0 0 0 0 0 0 0 0 0 0 0 0 0 0 0 0 0 0 0 0 0 0 0 0 0 0 0 0 0 0 0 0 0 0 0 0 0 0 0 0 0 0 0 0 0 0 0 0 0 0 0 0 0 0 0 0 0 0 0 0 0 0 0 0 0
0 0 0 0 0 0 0 0 0 12 0 0 8 7 0 0 7 0 0 11 0 6 0 0 0 0 0 0 0 0 0 0 0 0 0 0 4 0 7 20 0 0 7 0 0 12 1 0 6 14 0 0 0 0 0 0 0 0 0 0 0 0 0 0 0 0 0 0 0 0 13 0 10 3 0 6 17 0 1 7 0 0 0 0 0 0 0 0 0 0 0 0 7 15 0 0 13 2 0 3 0 15 9 0 8 0 2 0 0 0 0 0 0 0 0 0 0 0 0 0 0 0 0 0 6 0 3 62 108 202 106 194 246 33 8 0 0 0 0 0 0 0 0 0 0 0 0 0 1 4 8 0 3 97 200 232 253 252 255 249 255 177 21 4 0 0 0 0 0 0 0 0 0 0 0 0 0 1 1 1 76 216 255 201 147 86 182 208 211 245 102 0 0 0 0 0 0 0 0 0 0 0 0 0 5 0 0 77 229 255 140 0 3 0 11 0 45 231 190 2 0 0 0 0 0 7 0 0 0 0 14 0 10 0 61 252 241 171 41 2 0 14 3 0 10 222 200 0 0 0 0 0 0 0 6 0 11 1 0 16 0 9 166 255 203 0 0 12 23 0 0 2 0 240 246 86 0 0 0 0 0 2 9 0 6 0 0 7 2 157 255 222 52 9 0 0 0 0 3 0 5 53 246 136 0 0 0 0 2 5 0 4 0 0 13 0 149 245 255 72 0 9 9 13 1 0 0 0 5 15 185 205 0 0 0 0 0 2 0 8 0 10 0 46 221 255 211 25 25 0 0 0 1 4 1 0 10 45 230 247 0 0 0 0 0 0 4 0 0 5 0 144 247 255 78 0 0 0 13 3 0 0 9 0 4 75 255 131 0 0 0 0 2 0 8 0 0 0 63 215 240 129 0 0 14 0 0 0 21 0 0 7 0 223 195 5 0 0 0 0 3 0 0 11 0 0 210 249 251 68 4 2 0 18 0 11 0 4 0 3 38 234 198 0 0 0 0 0 0 3 0 3 2 1 236 245 116 6 0 0 8 0 0 7 0 0 12 0 219 246 68 10 0 0 0 0 9 0 0 3 0 81 241 217 28 0 4 7 0 0 4 2 2 0 0 120 249 141 6 0 0 0 0 0 3 0 7 5 0 114 248 193 2 2 12 2 0 6 12 0 0 47 156 255 199 0 14 7 0 0 0 0 0 3 4 0 9 61 244 227 26 1 0 2 3 15 0 7 33 223 255 167 3 7 1 0 0 0 0 0 1 9 0 0 2 7 169 254 253 147 52 0 0 5 5 146 248 246 246 117 0 0 16 0 0 0 0 0 5 0 0 2 0 0 32 164 242 243 241 201 194 204 186 255 242 235 106 45 0 8 0 3 0 0 0 0 0 0 6 9 0 2 0 40 186 221 255 254 247 254 255 223 176 74 0 0 0 0 8 13 0 0 0 0 0 6 3 0 4 0 11 0 0 5 100 245 249 155 125 0 0 0 7 0 0 15 0 0 0 0 0 0 0 0 0 0 0 0 0 0 0 0 0 0 0 0 0 0 0 0 0 0 0 0 0 0 0 0 0 0 0 0 0 0 0 0 0 0 0 0 0 0 0 0 0 0 0 0 0 0 0 0 0 0 0 0 0 0 0 0 0 0 0 0 0 0 0 0 0 0 0 0 0 0 0 0 0 0 0 0 0 0 0 0 0 0 0 0 0 0 0 0 0 0 0 0 0 0 0 0 0 0 0 0 0 0 0 0 0 0 0 0 0 0
0 0 0 0 0 0 0 0 0 1 0 0 0 0 2 6 0 10 0 12 0 0 0 7 0 0 0 0 0 0 0 0 0 0 0 0 0 1 1 2 4 2 0 0 3 0 3 0 22 0 0 0 0 0 0 0 0 0 0 0 0 0 0 0 3 4 0 0 0 4 10 9 0 14 3 0 0 12 0 3 0 0 0 0 0 0 0 0 0 0 0 0 0 3 9 3 0 0 0 0 10 0 0 13 0 0 1 0 0 0 0 0 0 0 0 0 0 0 0 0 0 3 5 3 2 3 6 6 3 41 117 111 1 0 8 0 0 0 0 0 0 0 0 0 0 0 0 0 10 0 0 0 0 0 3 11 109 196 248 243 48 3 3 1 0 0 0 0 0 0 0 0 0 0 0 0 0 0 2 9 0 0 15 51 255 241 253 255 218 5 0 7 0 0 0 0 0 0 0 0 0 0 0 0 7 2 1 0 0 29 143 255 242 255 244 254 244 41 0 0 0 0 0 0 4 0 0 15 0 0 20 0 0 5 0 0 44 80 218 251 255 244 246 253 255 227 101 0 0 0 0 0 0 9 0 1 2 3 0 5 0 0 11 65 202 255 255 248 255 245 254 255 241 249 251 122 0 0 0 0 12 0 21 0 0 8 0 0 5 74 111 255 234 245 230 161 64 43 64 209 254 255 245 66 0 0 0 0 0 4 0 6 2 0 20 8 32 212 255 246 255 170 23 6 11 0 3 33 225 255 255 4 0 0 0 0 0 15 0 2 0 9 0 141 220 255 232 244 101 9 0 0 0 7 0 20 92 226 221 75 0 0 0 0 6 0 16 0 0 0 37 230 252 255 255 90 22 0 5 0 16 0 0 2 0 157 255 254 0 0 0 0 4 4 0 4 17 2 211 229 249 225 85 1 4 2 0 9 0 3 0 5 0 216 255 218 0 0 0 0 0 4 2 0 2 175 254 255 205 66 6 0 0 0 5 4 0 4 0 4 126 254 236 127 0 0 0 0 0 3 0 2 0 249 248 237 16 6 3 0 2 0 1 4 0 10 24 113 219 242 255 56 0 0 0 0 0 7 0 4 86 255 224 66 4 0 0 3 24 2 5 3 25 109 230 214 242 255 141 37 0 0 0 0 9 1 3 0 131 255 117 0 0 10 12 0 0 31 98 126 184 224 246 249 246 138 0 16 0 0 0 0 0 0 10 0 255 230 113 7 29 0 0 22 137 236 255 248 255 249 255 230 96 0 12 0 0 0 0 0 9 0 0 0 236 255 255 201 248 167 151 176 243 255 249 254 255 243 250 95 2 0 0 10 0 0 0 0 0 0 8 13 56 242 250 247 255 234 255 249 255 246 240 255 214 98 106 5 0 6 0 0 0 0 0 0 0 5 0 0 0 100 249 255 255 248 255 232 252 247 161 84 3 13 7 0 16 15 0 0 0 0 0 0 6 0 3 10 0 13 42 125 118 120 127 30 0 1 0 3 4 0 3 7 0 0 0 0 0 0 0 0 0 0 0 0 0 0 0 0 0 0 0 0 0 0 0 0 0 0 0 0 0 0 0 0 0 0 0 0 0 0 0 0 0 0 0 0 0 0 0 0 0 0 0 0 0 0 0 0 0 0 0 0 0 0 0 0 0 0 0 0 0 0 0 0 0 0 0 0 0 0 0 0 0 0 0 0 0 0 0 0 0 0 0 0 0 0 0 0 0 0 0 0 0 0 0 0 0 0 0 0 0 0 0 0 0 0 0 0 0 0 0 0
0 0 0 0 0 0 0 0 1 0 0 7 4 4 0 9 5 2 3 2 0 4 6 0 0 0 0 0 0 0 0 0 0 0 0 0 11 0 28 0 8 3 0 0 0 0 0 4 2 0 0 6 0 0 0 0 0 0 0 0 0 0 0 0 1 0 0 2 0 6 0 6 9 12 0 0 3 12 1 0 0 0 0 0 0 0 0 0 0 0 0 0 0 0 0 17 8 0 5 6 0 4 6 0 0 0 0 6 0 0 0 0 0 0 0 0 0 0 0 0 7 8 0 3 0 14 0 0 19 5 0 0 4 2 0 4 0 0 0 0 0 0 0 0 0 0 0 0 0 3 0 0 44 230 176 178 164 143 96 31 0 6 10 0 0 0 0 0 0 0 0 0 0 0 0 0 7 0 14 0 152 255 255 241 245 255 255 152 16 0 7 1 0 0 0 0 0 0 0 0 0 0 0 0 0 2 0 101 255 251 255 250 250 232 255 250 117 10 0 0 0 0 0 0 0 0 0 0 0 0 0 0 4 0 52 216 255 229 125 0 0 0 114 245 249 54 0 5 0 0 0 0 0 0 0 0 0 0 0 0 0 0 116 255 248 88 0 7 12 0 12 135 255 150 0 0 0 0 0 0 0 0 0 0 0 0 0 0 16 7 158 244 245 127 5 0 0 15 4 51 244 240 7 12 0 0 0 0 0 0 0 0 0 0 0 0 0 54 232 255 251 254 154 13 0 0 0 3 211 255 11 0 0 0 0 0 0 0 0 0 0 0 0 0 9 165 255 189 53 64 67 2 15 0 3 32 239 238 3 11 0 0 0 0 0 0 0 0 0 0 0 0 0 228 247 127 7 0 0 2 0 0 0 54 243 177 0 11 0 0 0 0 0 0 0 0 0 0 0 0 111 255 186 31 4 5 0 0 5 13 0 134 255 167 10 0 0 0 0 0 0 0 0 0 0 0 0 0 166 248 152 0 0 0 5 0 0 0 24 251 248 95 13 0 0 0 0 0 5 4 0 1 4 0 4 2 248 255 44 0 15 0 6 1 0 3 165 255 178 20 5 0 0 0 0 0 0 0 1 3 4 0 0 31 248 197 33 0 2 0 1 0 7 120 255 244 107 5 0 5 0 0 0 0 0 0 6 0 3 0 3 82 255 131 7 0 0 6 0 0 124 255 240 123 24 0 9 2 0 0 0 0 4 0 7 0 0 0 8 116 244 101 0 4 2 0 14 58 240 244 217 0 8 0 4 0 0 0 0 0 7 0 5 0 3 1 1 99 255 135 0 10 0 0 104 255 255 203 40 17 0 6 2 0 0 0 0 0 1 0 4 0 7 0 0 45 248 215 28 0 58 172 255 241 189 35 0 0 14 1 3 6 0 0 0 0 0 1 1 0 5 0 0 6 206 250 196 226 251 253 245 183 23 0 0 19 18 0 11 0 0 0 0 0 0 4 0 0 0 0 6 0 125 243 255 255 240 241 160 0 5 0 6 0 0 4 9 0 0 0 0 0 0 0 0 0 0 0 0 0 7 147 255 234 125 40 7 1 0 0 0 0 0 0 0 0 0 0 0 0 0 0 0 0 0 0 0 0 0 6 5 0 0 2 3 0 0 0 0 0 0 0 0 0 0 0 0 0 0 0 0 0 0 0 0 0 9 0 0 0 0 0 1 9 0 0 0 0 0 0 0 0 0 0 0 0 0 0 0 0 0 0 0 0 0 0 0 10 9 0 0 0 0 0 0 0 0 0 0 0 0 0 0 0
0 0 0 0 0 0 0 0 0 0 17 0 0 14 0 0 4 0 0 7 7 2 0 0 0 0 0 0 0 0 0 0 0 0 0 0 0 19 0 3 17 0 8 3 0 0 2 0 0 0 0 15 0 0 0 0 0 0 0 0 0 0 0 0 6 0 0 0 0 6 3 0 0 15 0 4 12 2 13 0 0 0 0 0 0 0 0 0 0 0 0 0 0 10 0 0 5 0 1 21 0 0 5 0 0 0 10 0 0 0 0 0 0 0 0 0 0 0 0 0 4 0 14 0 13 6 7 183 158 0 4 7 0 13 0 11 0 0 0 0 0 0 0 0 0 0 0 0 0 8 0 12 0 12 182 255 237 210 193 124 29 0 6 0 0 0 0 0 0 0 0 0 0 0 0 0 5 0 7 6 5 142 255 247 255 255 236 255 210 47 0 4 0 0 0 0 0 0 0 0 0 0 0 0 2 7 0 0 109 251 255 207 124 164 242 234 255 200 0 5 0 0 0 0 0 0 0 0 0 0 0 0 5 0 12 0 206 255 135 20 10 0 6 175 245 241 96 0 0 0 0 0 0 0 0 0 0 0 0 0 2 0 0 67 242 255 62 0 0 0 4 37 202 245 166 5 0 0 0 0 0 0 0 0 0 0 0 0 7 0 0 173 255 255 27 3 0 15 0 0 87 255 208 12 0 0 0 0 0 0 0 0 0 0 0 0 0 11 94 243 253 217 0 13 8 0 8 0 42 255 230 0 0 0 0 0 0 0 0 0 0 0 0 0 10 40 231 233 73 88 28 0 5 0 8 6 63 255 199 3 0 0 0 0 0 0 0 0 0 0 0 0 0 174 255 83 0 6 0 12 0 9 0 0 125 255 116 6 0 0 0 0 0 0 0 0 0 0 0 0 43 229 182 24 6 0 0 0 5 1 12 15 223 222 42 0 0 0 0 0 0 0 0 0 0 0 0 0 183 255 68 0 3 0 13 0 0 0 0 112 242 226 0 4 0 0 0 0 0 1 3 8 0 1 0 26 238 195 1 0 8 6 0 0 0 0 66 248 234 62 0 1 0 0 0 0 0 17 0 0 7 15 1 118 241 92 4 13 0 3 15 2 5 107 251 255 112 0 13 0 0 0 0 0 0 4 1 0 8 0 3 216 255 29 0 5 0 0 0 34 155 247 254 161 11 0 1 0 0 0 0 0 5 0 13 11 0 0 19 236 211 0 10 0 4 13 91 226 255 223 151 16 0 0 3 20 0 0 0 0 5 0 10 0 0 15 47 236 248 21 0 15 99 183 252 255 237 90 0 0 0 31 0 0 0 0 0 0 0 2 0 0 9 2 33 255 244 217 224 220 241 255 249 199 48 4 20 0 5 0 0 7 0 0 0 0 0 0 0 8 13 0 5 207 247 255 238 250 255 224 102 6 0 12 0 0 8 21 0 5 0 0 0 0 1 1 2 4 0 3 7 63 218 243 253 243 87 18 0 4 10 0 0 0 0 0 4 0 0 0 0 0 0 0 0 0 0 0 0 0 0 0 0 0 0 0 0 0 0 0 0 0 0 0 0 0 0 0 0 0 0 0 0 0 0 0 0 0 0 0 0 0 0 0 0 0 0 0 0 0 0 0 0 0 0 0 0 0 0 0 0 0 0 0 0 0 0 0 0 0 0 0 0 0 0 0 0 0 0 0 0 0 0 0 0 0 0 0 0 0 0 0 0 0 0 0 0 0 0 0 0 0 0 0 0 0 0 0 0 0 0 0 0 0
0 0 0 0 0 0 0 0 0 8 0 0 0 2 0 5 0 6 0 0 0 0 4 7 0 0 0 0 0 0 0 0 0 0 0 0 0 0 9 19 1 0 0 3 0 0 8 1 0 7 0 0 0 0 0 0 0 0 0 0 0 0 0 0 0 7 0 0 0 14 9 0 13 0 0 0 10 0 0 10 0 0 0 0 0 0 0 0 0 0 0 0 2 0 0 9 0 0 2 10 0 12 0 7 0 0 22 0 0 0 0 0 0 0 0 0 0 0 0 0 5 0 3 16 0 1 10 0 107 250 161 13 10 1 0 1 0 0 0 0 0 0 0 0 0 0 0 0 0 17 0 0 7 0 0 54 224 255 255 127 0 0 15 5 0 0 0 0 0 0 0 0 0 0 0 0 0 8 0 3 15 0 50 234 255 243 240 255 134 0 0 0 0 0 0 0 0 0 0 0 0 0 0 0 8 0 8 6 0 97 232 253 242 242 130 244 213 0 7 3 0 0 0 0 0 0 4 1 0 0 4 0 0 21 5 0 43 255 241 255 255 165 22 212 227 118 0 0 0 0 0 0 2 0 0 3 5 6 5 0 5 0 5 42 232 255 239 131 191 130 0 167 244 231 0 0 0 0 0 0 6 0 0 2 4 0 0 1 7 3 58 242 252 235 41 0 13 2 0 52 254 223 2 7 0 0 0 0 1 3 1 0 0 0 0 6 8 21 225 236 241 44 0 4 0 0 0 73 255 217 0 0 0 0 0 0 0 6 1 0 6 7 0 0 0 144 255 255 156 0 2 0 0 22 18 171 255 139 2 13 0 0 0 0 0 6 0 0 10 7 0 0 140 255 241 135 13 0 7 3 6 0 0 194 253 98 16 0 0 0 0 0 2 6 0 0 6 0 6 55 229 240 166 11 1 0 0 0 1 13 77 255 215 52 0 4 0 0 0 0 0 3 1 5 4 0 46 153 247 214 0 0 0 9 0 5 0 0 195 243 233 0 0 1 0 0 0 0 4 0 0 1 0 0 77 255 255 78 10 0 5 0 16 0 0 132 252 186 66 9 0 7 0 0 0 0 0 0 1 3 4 0 115 246 186 0 0 8 0 0 3 0 131 248 241 82 0 0 1 2 0 0 0 0 6 0 1 0 1 1 188 255 188 14 3 0 0 16 0 61 229 253 146 19 1 13 7 0 0 0 0 0 7 0 8 0 0 0 235 255 169 0 3 5 2 0 78 255 212 158 35 0 0 0 0 0 0 0 0 0 0 0 15 2 4 0 229 246 204 0 0 39 107 164 231 165 5 2 0 8 8 0 15 0 0 0 0 0 1 0 5 0 0 5 194 255 226 161 168 205 255 255 222 3 8 0 0 4 0 0 9 0 0 0 0 0 5 0 0 0 0 5 119 238 252 255 234 255 243 154 78 0 8 0 2 14 12 11 2 0 0 0 0 0 0 0 0 5 9 0 30 169 251 255 162 101 0 0 2 0 0 4 11 0 0 10 0 2 0 0 0 0 0 0 0 0 0 0 0 0 0 0 0 0 0 0 0 0 0 0 0 0 0 0 0 0 0 0 0 0 0 0 0 0 0 0 0 0 0 0 0 0 0 0 0 0 0 0 0 0 0 0 0 0 0 0 0 0 0 0 0 0 0 0 0 0 0 0 0 0 0 0 0 0 0 0 0 0 0 0 0 0 0 0 0 0 0 0 0 0 0 0 0 0 0 0 0 0 0 0 0 0 0 0 0 0 0 0 0 0 0 0 0 0
0 0 0 0 0 0 0 0 3 0 0 2 3 0 0 5 5 1 0 7 0 0 0 2 0 0 0 0 0 0 0 0 0 0 0 0 0 7 10 0 0 2 1 0 0 0 2 6 0 0 0 1 0 0 0 0 0 0 0 0 0 0 0 0 5 0 0 0 2 2 2 5 4 3 12 0 0 3 4 0 0 0 0 0 0 0 0 0 0 0 0 0 0 12 18 6 0 3 1 0 0 0 6 0 0 2 3 0 0 0 0 0 0 0 0 0 0 0 0 0 6 0 0 0 0 0 0 16 0 6 0 4 6 0 0 7 0 0 0 0 0 0 0 0 0 0 0 0 0 2 5 1 0 38 136 227 141 115 0 0 6 0 0 2 0 0 0 0 0 0 0 0 0 0 0 0 0 4 0 0 82 210 255 247 255 227 7 0 3 3 0 0 0 0 0 0 0 0 0 0 0 0 0 0 0 20 101 204 255 248 240 253 231 252 24 4 0 0 0 4 0 0 0 0 0 11 0 3 0 0 0 7 0 49 212 255 223 237 255 244 222 247 144 42 4 0 8 0 0 0 0 1 0 0 0 9 5 5 14 0 44 213 255 235 82 79 235 241 255 255 255 231 44 16 0 18 13 4 0 0 1 1 5 3 0 0 0 53 221 248 178 65 0 5 1 103 106 142 249 255 183 216 132 0 0 4 1 0 0 0 3 5 0 21 0 219 255 248 51 0 9 0 4 0 13 0 7 145 242 230 255 101 0 0 10 0 9 4 0 0 0 0 18 223 232 54 17 0 0 3 6 0 0 0 11 0 33 166 250 227 63 0 4 0 0 0 4 2 9 44 206 255 217 0 0 10 17 0 0 10 1 7 4 6 0 26 237 243 201 7 0 0 0 0 10 0 0 110 255 243 81 23 0 0 3 0 4 3 14 0 0 0 14 8 166 251 255 2 0 0 10 0 0 1 2 211 240 195 23 2 1 2 4 6 0 0 0 6 6 3 0 9 41 255 251 0 10 0 0 7 0 0 11 255 255 34 7 0 0 3 0 3 7 0 0 8 1 0 3 33 214 255 171 12 0 3 0 4 3 0 0 238 255 47 3 9 4 0 0 0 0 18 0 3 10 0 118 170 243 241 68 0 0 3 2 0 6 0 0 193 255 154 0 0 4 0 0 14 11 0 0 0 44 110 220 255 243 65 0 0 10 5 6 0 3 5 6 111 234 255 116 38 0 4 7 0 0 9 75 141 244 255 243 230 72 0 0 12 6 0 4 0 0 0 7 25 119 228 248 227 113 51 131 194 189 198 231 254 219 185 96 46 4 0 0 11 0 0 0 11 0 0 7 0 18 96 234 229 255 255 237 252 255 217 203 73 57 0 0 0 0 1 0 4 0 0 0 9 0 0 4 1 0 11 15 100 96 105 207 207 92 28 0 0 0 0 33 0 2 8 0 1 8 5 4 2 0 5 0 6 0 0 4 0 0 0 7 2 0 0 1 0 8 9 0 0 5 0 2 0 5 0 0 0 0 0 0 0 0 0 0 0 0 0 0 0 0 0 0 0 0 0 0 0 0 0 0 0 0 0 0 0 0 0 0 0 0 0 0 0 0 0 0 0 0 0 0 0 0 0 0 0 0 0 0 0 0 0 0 0 0 0 0 0 0 0 0 0 0 0 0 0 0 0 0 0 0 0 0 0 0 0 0 0 0 0 0 0 0 0 0 0 0 0 0 0 0 0 0 0 0 0 0 0 0 0 0 0 0 0 0 0 0 0
0 0 0 0 0 0 0 0 3 10 0 3 5 0 0 1 0 0 4 0 0 4 0 5 0 0 0 0 0 0 0 0 0 0 0 0 0 0 0 0 5 2 8 4 0 2 0 0 5 0 0 0 0 0 0 0 0 0 0 0 0 0 0 0 4 3 11 0 3 0 6 0 4 0 0 3 23 0 6 15 0 0 0 0 0 0 0 0 0 0 0 0 0 1 0 26 0 14 11 2 6 0 0 15 0 0 26 0 0 0 0 0 0 0 0 0 0 0 0 0 12 0 0 0 0 0 42 13 120 249 133 4 7 16 1 3 0 0 0 0 0 0 0 0 0 0 0 0 0 0 20 0 16 92 221 202 156 255 250 129 23 0 1 0 0 0 0 0 0 0 0 0 0 0 0 0 0 12 0 12 3 196 250 183 17 100 239 255 176 20 0 7 0 0 0 0 0 0 0 0 0 0 0 0 10 0 3 0 115 255 254 22 0 0 176 253 255 65 10 0 0 0 0 0 0 0 0 0 0 0 0 1 5 0 2 49 231 255 149 3 14 0 5 196 255 195 5 0 0 0 0 0 0 0 0 0 0 0 0 0 0 0 7 238 255 161 24 0 0 15 0 151 248 217 0 13 0 0 0 0 0 0 0 0 0 0 0 0 12 17 158 254 248 87 5 5 0 6 4 48 255 226 21 0 0 0 0 0 0 0 1 1 1 0 0 0 0 47 255 255 214 10 0 0 7 3 0 14 208 255 62 0 0 0 0 0 0 0 1 1 1 0 0 0 0 213 255 243 44 0 14 0 0 0 0 2 193 255 80 6 0 0 0 0 0 0 0 0 0 1 2 3 60 247 251 181 15 0 0 0 0 0 4 20 243 234 60 5 0 0 0 0 1 0 0 0 0 1 5 7 161 245 255 0 0 12 14 0 2 5 12 152 249 207 4 2 0 0 0 0 1 0 0 0 0 2 6 9 221 255 236 7 20 0 0 5 2 0 89 255 255 122 0 4 0 0 0 0 4 0 2 0 11 0 5 142 249 238 93 0 3 0 0 0 0 73 232 254 162 0 8 0 0 0 0 0 0 0 13 1 0 0 6 158 255 208 0 0 11 0 3 6 46 255 239 246 60 5 5 0 0 0 0 0 2 0 7 7 0 0 0 154 242 158 5 0 1 10 0 43 255 246 255 86 0 8 0 7 0 0 0 0 5 0 0 3 0 6 0 195 254 101 0 0 0 8 46 219 245 254 142 7 4 0 10 0 0 0 0 0 0 8 1 0 0 0 3 249 246 160 17 14 88 162 242 255 255 65 0 1 0 16 0 12 0 0 0 0 0 8 0 0 8 0 0 175 255 239 199 211 249 255 255 222 63 5 11 1 4 4 0 2 0 0 0 0 1 0 0 5 10 2 0 43 223 247 255 252 248 255 169 56 20 0 0 17 0 0 5 1 0 0 0 0 8 0 2 3 0 0 17 0 23 147 189 255 134 26 21 0 0 12 19 0 6 7 2 0 0 0 0 0 0 0 0 0 0 0 0 0 0 0 0 0 0 0 0 0 0 0 0 0 0 0 0 0 0 0 0 0 0 0 0 0 0 0 0 0 0 0 0 0 0 0 0 0 0 0 0 0 0 0 0 0 0 0 0 0 0 0 0 0 0 0 0 0 0 0 0 0 0 0 0 0 0 0 0 0 0 0 0 0 0 0 0 0 0 0 0 0 0 0 0 0 0 0 0 0 0 0 0 0 0 0 0 0 0 0 0 0 0 0 0 0
0 0 0 0 0 0 0 0 0 5 0 0 2 19 0 10 2 0 7 3 0 1 0 14 0 0 0 0 0 0 0 0 0 0 0 0 15 6 18 0 0 0 0 0 2 7 0 0 1 4 0 0 0 0 0 0 0 0 0 0 0 0 0 0 0 0 0 0 6 6 0 11 0 0 0 4 6 0 9 13 0 0 0 0 0 0 0 0 0 0 0 0 0 0 4 21 3 0 0 0 0 15 12 0 1 0 10 0 0 0 0 0 0 0 0 0 0 0 0 0 9 0 2 0 0 0 24 0 5 0 12 0 0 0 0 11 0 0 0 0 0 0 0 0 0 0 0 0 0 8 0 0 171 222 255 245 241 145 82 0 13 16 0 0 0 0 0 0 0 0 0 0 0 0 0 0 0 13 0 70 243 255 251 255 243 255 235 79 3 0 13 7 0 0 0 0 0 0 0 0 0 0 0 0 5 0 57 255 250 254 250 255 255 250 255 245 176 14 0 0 0 0 0 0 0 3 0 3 9 0 0 0 3 0 182 249 243 255 237 133 46 62 150 217 255 122 0 4 6 0 0 0 2 4 0 0 2 0 3 3 0 151 243 247 255 223 28 4 7 0 0 13 186 255 82 3 3 0 5 10 2 2 0 0 0 4 1 0 30 204 253 255 239 198 0 9 11 9 2 0 40 170 198 0 0 0 0 8 0 0 1 3 0 5 0 2 148 253 255 234 224 232 72 0 0 0 2 13 0 36 252 48 7 0 0 0 0 1 0 4 0 5 0 45 227 255 231 55 0 154 214 50 12 0 12 0 2 0 116 133 4 5 8 3 2 6 0 1 0 2 5 121 255 248 139 0 0 0 39 77 0 4 8 0 4 7 51 254 0 0 9 7 3 9 0 2 0 0 8 185 255 210 63 0 8 19 9 0 6 8 0 5 0 0 62 249 16 0 0 2 0 9 0 7 6 0 2 213 255 152 0 12 0 0 0 6 2 0 3 9 3 0 75 249 86 21 0 0 0 1 0 11 0 0 5 205 249 117 0 4 0 2 0 0 0 0 26 0 0 0 150 255 48 14 0 0 0 5 0 0 0 9 9 194 250 48 12 0 15 0 0 1 5 0 0 0 13 14 183 243 13 0 0 1 2 2 2 0 0 4 1 201 251 59 0 9 0 0 0 8 0 0 16 0 19 190 248 223 0 0 1 6 4 0 4 0 0 0 0 221 255 67 14 0 6 16 0 0 3 0 0 10 220 255 242 81 0 5 7 2 0 0 5 1 5 0 2 181 243 188 3 7 0 5 9 0 3 1 116 236 235 242 176 0 1 4 1 0 1 0 7 0 0 5 0 65 243 248 190 56 47 0 25 41 100 189 255 242 255 171 7 10 0 0 0 0 4 2 2 0 0 2 0 0 90 225 255 255 239 197 230 242 255 255 254 255 72 0 0 0 0 0 0 3 1 0 0 0 3 2 9 0 0 95 200 255 255 255 245 254 255 251 181 17 9 14 0 9 6 0 0 0 0 0 0 0 0 0 0 0 3 0 12 86 184 233 202 148 148 75 7 0 0 1 0 0 0 0 0 0 0 0 0 0 0 0 0 0 0 0 0 0 7 13 7 0 6 0 0 0 4 0 0 4 0 0 0 0 0 0 0 0 0 0 0 0 1 9 11 3 0 0 0 0 0 0 8 11 2 0 0 1 0 0 0 0 0 0 0 0 0 0 0 0 0 0 0 1 7 9 6 1 6 5 1 0 0 0 3 4 0 0 0 0
0 0 0 0 0 0 0 0 0 4 0 1 1 0 11 0 0 0 0 6 0 3 11 0 0 0 0 0 0 0 0 0 0 0 0 0 7 6 19 0 0 4 0 16 18 5 0 0 18 0 1 0 0 0 0 0 0 0 0 0 0 0 0 0 0 0 3 0 0 15 0 0 0 10 18 0 6 5 12 0 0 0 0 0 0 0 0 0 0 0 0 0 8 12 0 6 6 0 9 0 18 0 14 8 0 0 0 11 0 0 0 0 0 0 0 0 0 0 0 0 6 0 0 7 0 15 98 112 16 24 245 172 20 9 0 0 0 0 0 0 0 0 0 0 0 0 0 0 2 0 18 0 25 174 255 253 163 18 255 227 64 0 0 0 0 0 0 0 0 0 0 0 0 0 0 0 0 0 4 7 108 248 255 242 190 20 237 255 75 8 9 0 0 0 0 0 0 0 0 0 0 0 0 0 3 0 0 124 255 255 245 255 200 0 122 255 64 5 0 5 0 0 0 0 0 0 0 0 0 0 0 0 0 4 27 236 251 254 255 181 51 0 120 246 135 4 0 8 0 0 0 0 0 0 0 0 0 0 0 0 3 8 151 255 255 241 255 0 2 0 51 251 194 8 0 0 0 0 0 0 0 0 0 0 0 0 0 0 0 67 255 232 255 237 31 3 0 8 0 200 247 67 10 2 0 0 0 0 0 0 0 0 0 0 0 0 7 73 255 255 208 42 0 4 1 5 0 106 243 121 0 0 0 0 0 0 0 0 0 0 0 0 0 0 0 200 245 254 144 0 17 3 0 0 14 66 243 133 0 2 0 0 0 0 0 0 0 0 0 0 0 0 0 224 251 172 3 21 0 0 11 0 0 78 255 120 8 1 0 0 0 0 0 0 0 0 0 0 0 0 55 240 255 111 0 0 6 10 11 0 5 139 251 105 5 0 0 0 0 0 0 0 0 0 0 0 0 0 124 251 245 127 0 0 14 0 0 11 100 244 255 116 0 6 0 0 0 0 0 0 1 2 0 0 4 13 210 240 255 119 7 0 12 0 0 19 196 251 252 126 0 11 0 0 0 0 0 0 1 2 0 0 4 13 255 255 239 63 2 0 0 6 38 202 255 243 215 0 25 0 0 0 0 0 0 0 0 2 0 0 3 11 245 255 234 32 0 12 55 69 208 245 245 255 88 9 0 14 0 0 0 0 1 0 0 1 0 0 2 9 240 244 254 206 189 159 217 255 243 255 246 180 20 11 1 0 0 0 0 0 1 0 0 1 1 0 1 6 128 250 255 255 255 253 255 247 255 246 195 19 0 5 0 7 0 0 0 0 1 0 0 1 1 0 0 4 105 255 247 255 255 238 239 255 228 153 0 0 0 0 0 13 0 0 0 0 2 0 0 1 2 0 0 2 49 201 255 242 245 255 255 208 81 0 11 11 0 15 0 0 0 0 0 0 2 0 0 1 2 0 0 1 0 39 208 255 253 248 159 0 0 2 0 16 0 0 16 0 0 0 0 0 0 0 0 0 0 0 0 0 0 0 0 0 0 0 0 0 0 0 0 0 0 0 0 0 0 0 0 0 0 0 0 0 0 0 0 0 0 0 0 0 0 0 0 0 0 0 0 0 0 0 0 0 0 0 0 0 0 0 0 0 0 0 0 0 0 0 0 0 0 0 0 0 0 0 0 0 0 0 0 0 0 0 0 0 0 0 0 0 0 0 0 0 0 0 0 0 0 0 0 0 0 0 0 0 0 0 0 0 0 0 0 0
0 0 0 0 0 0 0 0 0 6 1 0 7 0 0 2 0 15 0 3 2 0 7 4 0 0 0 0 0 0 0 0 0 0 0 0 5 0 10 2 13 0 27 0 0 0 0 0 4 0 0 0 0 0 0 0 0 0 0 0 0 0 0 0 0 18 0 0 0 2 0 0 0 0 9 0 5 0 11 5 0 0 0 0 0 0 0 0 0 0 0 0 0 11 16 0 11 6 1 10 4 5 2 0 0 0 5 0 0 0 0 0 0 0 0 0 0 0 0 0 13 0 11 5 0 5 0 0 0 7 0 19 5 0 11 3 0 0 0 0 0 0 0 0 0 0 0 0 0 1 1 0 0 111 162 246 255 163 9 0 0 1 8 0 0 0 0 0 0 0 0 0 0 0 0 0 0 0 0 43 190 255 255 240 255 245 190 34 8 0 0 12 0 0 0 0 0 0 0 0 0 0 0 0 4 0 23 215 255 253 248 234 171 229 255 13 0 7 0 0 0 0 0 0 0 0 0 0 0 0 0 0 0 0 146 255 247 253 255 198 4 124 255 139 5 3 0 13 0 0 0 0 0 0 0 0 0 0 0 0 0 24 208 251 232 100 222 107 0 13 248 206 3 0 0 0 0 0 0 0 0 0 0 0 0 0 0 0 0 191 234 227 100 0 6 0 8 0 255 226 2 11 0 8 0 0 0 0 0 0 0 0 0 0 0 0 0 210 255 151 0 4 0 0 1 10 255 212 0 2 0 5 0 0 0 0 0 0 0 0 0 0 0 0 73 238 255 48 0 4 6 1 0 28 241 229 0 0 7 0 0 0 0 0 0 0 0 0 0 0 0 0 120 255 136 0 4 3 0 11 0 132 255 193 12 5 8 0 0 0 0 0 0 0 0 0 0 0 0 0 212 242 71 10 4 0 20 0 0 209 255 125 0 11 0 0 0 0 0 0 0 0 0 0 0 0 0 0 222 253 13 0 0 7 0 6 13 189 254 136 0 8 0 5 0 0 0 0 0 0 0 0 0 0 0 0 219 182 8 0 0 0 0 3 111 253 253 91 0 19 0 2 0 0 0 0 0 0 0 0 0 0 0 0 232 170 2 0 0 11 5 16 232 243 213 11 10 0 0 6 0 0 0 0 0 0 0 0 0 0 0 0 201 161 2 15 4 0 18 177 254 255 105 0 0 0 11 0 0 0 0 0 0 0 0 0 0 0 0 0 229 193 0 0 1 0 88 248 250 216 14 20 0 7 14 0 0 0 0 0 0 0 0 0 0 0 0 0 162 245 71 0 0 74 222 255 255 91 0 4 3 9 0 0 0 0 0 0 0 0 0 0 0 0 0 0 48 247 112 11 111 205 255 237 161 15 0 0 4 0 1 0 0 0 0 0 0 0 0 0 0 0 0 0 17 238 246 181 255 255 242 191 11 8 0 9 0 0 19 0 0 0 0 0 0 0 0 0 0 0 0 0 0 94 241 251 255 233 178 4 0 0 15 0 8 2 0 3 0 0 0 0 0 0 0 0 0 0 0 0 3 0 94 246 255 120 9 0 0 0 0 0 0 0 0 0 0 0 0 0 0 0 0 0 0 0 0 0 3 0 0 0 1 1 0 1 0 0 0 0 0 0 0 0 0 0 0 0 0 0 0 0 0 0 0 0 0 7 10 0 0 5 5 0 0 0 0 0 0 0 0 0 0 0 0 0 0 0 0 0 0 0 0 0 4 0 0 2 0 0 0 6 0 0 0 0 0 0 0 0 0 0 0 0
0 0 0 0 0 0 0 0 0 7 9 0 15 0 0 0 1 0 0 9 1 0 11 0 0 0 0 0 0 0 0 0 0 0 0 0 0 1 0 0 0 8 2 5 0 0 0 0 1 0 0 6 0 0 0 0 0 0 0 0 0 0 0 0 0 0 17 4 12 0 0 0 3 12 6 0 5 2 0 4 0 0 0 0 0 0 0 0 0 0 0 0 13 0 0 0 12 0 0 0 0 0 0 0 0 9 0 5 0 0 0 0 0 0 0 0 0 0 0 0 0 13 0 0 0 72 160 238 98 27 0 7 0 5 0 3 0 0 0 0 0 0 0 0 0 0 0 0 2 0 0 8 136 212 255 250 250 124 0 15 0 0 0 1 0 0 0 0 0 0 0 0 0 0 0 0 1 0 4 70 234 255 255 252 255 197 19 0 0 0 0 5 0 0 0 0 0 0 0 0 0 0 0 0 0 10 0 202 254 233 60 73 242 255 77 1 0 9 2 0 0 0 0 0 0 0 0 0 0 0 0 0 0 13 85 238 204 19 1 0 222 254 196 14 0 4 0 1 0 0 0 0 0 0 0 0 0 0 0 0 0 0 131 255 189 1 3 1 52 226 233 26 0 0 7 2 0 0 0 0 0 0 0 0 0 0 0 0 17 0 181 240 78 0 11 0 1 231 255 34 6 0 11 0 0 0 0 0 0 0 0 0 0 0 0 0 0 30 255 204 0 0 0 2 0 164 247 34 2 0 6 2 0 0 0 0 0 0 0 0 0 0 0 0 0 35 255 100 0 5 0 10 0 78 253 76 0 0 0 9 0 0 0 0 0 0 0 0 0 0 0 0 10 89 236 0 5 3 0 0 11 38 255 114 0 11 0 0 0 0 0 0 0 0 0 0 0 0 0 0 0 181 222 4 11 0 3 2 0 2 221 110 0 16 5 0 0 0 0 0 0 0 0 0 0 0 0 0 24 212 92 0 0 0 0 6 0 6 213 128 0 0 0 2 0 0 0 0 0 0 0 0 0 0 0 0 54 243 42 3 0 3 5 0 0 40 235 121 0 0 11 0 0 0 0 0 0 0 0 0 0 0 0 0 96 226 30 4 4 0 11 6 3 56 241 53 0 0 0 0 0 0 0 0 0 0 0 0 0 0 0 0 136 222 1 5 0 0 0 0 2 160 252 30 20 13 3 12 0 0 0 0 0 0 0 0 0 0 0 0 122 220 27 0 0 3 2 9 46 248 156 0 0 0 0 2 0 0 0 0 0 0 0 0 0 0 0 0 97 255 149 8 21 0 20 31 221 246 57 1 0 10 0 8 0 0 0 0 0 0 0 0 0 0 0 0 41 255 255 191 156 169 220 255 255 94 0 5 0 4 1 0 0 0 0 0 0 0 0 0 0 0 0 0 14 198 249 255 239 251 251 238 121 0 0 12 0 0 0 0 0 0 0 0 0 0 0 0 0 0 0 0 2 58 174 239 255 166 137 8 0 9 3 0 0 7 0 1 0 0 0 0 0 0 0 0 0 0 0 0 0 0 0 0 0 0 0 0 0 0 0 0 0 0 0 0 0 0 0 0 0 0 0 0 0 0 0 0 0 0 0 0 0 0 0 0 0 0 0 0 0 0 0 0 0 0 0 0 0 0 0 0 0 0 0 0 0 0 0 0 0 0 0 0 0 0 0 0 0 0 0 0 0 0 0 0 0 0 0 0 0 0 0 0 0 0 0 0 0 0 0 0 0 0 0 0 0 0 0 0 0 0 0 0
0 0 0 0 0 0 0 0 12 0 6 0 0 8 0 6 3 7 0 0 7 5 0 1 0 0 0 0 0 0 0 0 0 0 0 0 0 0 7 0 5 0 0 0 0 2 16 7 0 0 7 0 0 0 0 0 0 0 0 0 0 0 0 0 0 3 0 0 10 0 8 3 23 0 0 6 2 0 1 0 0 0 0 0 0 0 0 0 0 0 0 0 0 0 15 1 4 0 2 0 0 4 12 6 0 0 0 0 0 0 0 0 0 0 0 0 0 0 0 0 19 0 15 3 0 1 8 0 0 0 0 0 12 3 0 12 0 0 0 0 0 0 0 0 0 0 0 0 0 0 5 0 0 59 140 194 163 116 40 0 0 2 0 4 0 0 0 0 0 0 0 0 0 0 0 0 20 78 0 16 135 234 255 247 237 255 227 106 0 0 13 0 0 0 0 0 0 0 0 0 0 0 0 0 71 255 146 173 248 242 189 120 135 136 226 245 101 0 2 5 0 0 0 0 5 0 6 3 0 3 7 0 117 255 255 252 193 67 0 7 6 0 9 166 228 36 2 0 0 0 0 0 0 0 1 2 0 3 3 42 221 255 255 225 56 0 10 0 3 0 0 18 169 206 32 0 0 0 0 0 1 0 0 5 0 5 1 123 242 255 255 54 6 13 10 0 0 9 2 0 36 249 34 1 0 0 0 0 2 4 0 5 0 2 1 194 255 247 220 27 0 0 0 8 5 4 0 23 0 196 137 9 0 0 0 0 0 1 0 1 0 0 17 241 250 234 14 0 0 3 7 0 3 0 0 0 4 74 234 0 0 0 0 0 0 2 0 3 0 4 55 255 217 210 12 8 0 0 5 1 0 3 15 0 0 0 219 42 0 0 0 0 0 4 4 4 0 7 89 255 151 0 0 3 0 0 9 0 1 0 0 4 12 10 206 102 0 0 0 0 0 1 3 0 0 0 101 243 60 10 8 0 6 0 1 6 1 0 7 0 0 0 194 80 0 0 0 0 3 10 0 0 0 3 111 253 58 13 0 0 0 16 0 3 0 11 0 4 8 0 180 88 0 0 0 0 0 2 0 8 0 0 84 255 68 5 0 4 0 0 13 0 11 0 4 0 0 5 219 99 0 0 0 0 0 0 0 15 0 0 51 249 79 0 0 4 8 0 0 9 0 2 0 0 0 42 209 0 0 0 0 0 3 0 0 9 0 0 23 207 173 9 0 0 13 8 0 0 0 14 0 0 10 155 184 11 0 0 0 0 3 2 0 2 0 7 0 120 234 82 0 0 0 4 11 0 17 0 3 22 124 246 76 0 0 0 0 0 0 4 0 1 0 11 0 31 227 225 42 1 13 0 0 0 0 2 66 165 251 170 19 0 0 0 0 0 0 3 0 0 0 6 0 0 86 254 210 137 98 23 42 120 142 219 244 255 167 0 0 4 0 0 0 0 1 2 0 0 0 0 12 0 0 72 219 251 255 255 252 254 245 255 255 176 12 0 15 0 0 0 0 0 0 0 0 0 0 0 0 0 0 0 20 89 140 165 206 255 157 140 91 28 0 0 3 0 0 0 0 0 0 0 0 0 0 0 0 0 16 2 0 6 4 0 0 4 0 8 6 0 0 6 8 0 0 0 0 0 0 0 0 0 0 0 0 0 0 0 0 0 1 7 8 5 0 0 0 0 0 1 0 0 0 0 0 0 0 0 0 0 0 0 0 0 2 9 8 0 0 0 0 0 10 5 1 0 0 0 0 1 0 0 0 0
7 0 0 0 1 0 0 0 4 2 0 5 0 0 10 0 7 0 0 1 0 6 6 0 0 0 0 0 0 0 0 5 6 3 3 4 0 4 12 0 7 0 7 3 0 0 0 9 0 0 0 4 0 0 0 0 0 1 5 2 0 0 0 0 0 17 0 9 2 12 0 0 11 4 10 0 5 0 10 0 0 0 0 0 1 5 3 0 0 0 0 0 4 11 0 0 0 0 8 0 0 0 0 7 14 0 0 5 0 0 0 0 1 1 0 0 0 3 4 1 2 0 8 184 118 100 126 255 255 140 0 0 0 23 0 9 0 0 0 0 0 0 0 2 0 0 0 0 3 105 209 249 236 236 255 253 255 222 124 10 0 0 2 4 0 0 0 0 2 0 0 4 0 0 0 16 108 228 255 245 255 255 219 136 181 255 249 54 7 0 22 0 0 0 0 0 2 0 0 5 0 0 23 63 241 255 234 131 207 105 54 0 18 209 255 164 22 9 0 6 0 0 0 0 0 19 0 0 2 3 0 103 251 255 189 3 8 0 3 1 6 98 255 240 136 16 0 0 0 0 0 0 0 2 0 17 4 0 67 221 255 207 67 3 0 2 0 9 0 32 218 255 216 14 0 7 0 0 0 0 0 6 0 5 0 54 185 255 255 146 0 6 0 5 0 3 8 0 56 237 255 125 14 0 0 0 0 0 0 15 0 0 0 104 255 251 242 84 0 2 2 0 5 0 3 0 0 204 255 240 95 4 0 0 0 0 1 2 0 14 0 86 255 248 215 18 10 0 1 2 6 0 2 0 18 98 237 255 189 8 0 0 0 0 1 0 0 13 0 78 255 251 223 0 0 3 0 6 0 7 4 0 1 0 143 247 246 70 0 0 0 0 0 0 3 0 0 96 255 247 234 0 0 8 0 1 0 0 0 9 4 3 31 224 255 180 0 0 0 0 0 0 10 0 4 89 244 255 219 0 9 0 5 0 17 0 0 6 0 7 1 233 248 173 0 0 0 0 0 0 5 0 0 10 197 255 235 10 0 0 0 12 0 2 0 0 0 13 0 209 255 186 0 0 0 0 0 0 0 0 0 13 117 230 229 123 8 5 9 0 0 12 0 21 1 0 26 212 251 166 0 0 0 0 7 9 4 4 0 3 9 151 255 237 53 29 0 14 3 0 7 0 9 0 86 255 252 163 0 0 0 0 0 0 0 3 0 8 0 93 246 255 255 181 143 46 0 2 0 12 9 120 191 251 255 6 0 0 0 0 0 0 0 1 3 2 1 32 161 255 255 231 255 235 63 48 0 46 40 211 255 251 254 8 0 0 0 0 11 6 1 0 1 0 9 0 21 179 255 251 255 248 250 255 149 235 255 246 255 254 167 20 0 0 0 0 0 0 0 0 5 0 15 0 0 1 44 194 239 241 255 250 240 255 247 246 209 42 3 0 0 0 0 0 0 8 3 0 5 0 0 1 5 0 15 0 79 103 232 255 255 251 255 118 55 0 7 0 0 0 0 0 0 0 0 0 0 0 0 0 0 0 0 0 0 0 0 0 0 0 0 0 0 0 0 0 0 0 0 0 0 0 0 0 0 0 0 0 0 0 0 0 0 0 0 0 0 0 0 0 0 0 0 0 0 0 0 0 0 0 0 0 0 0 0 0 0 0 0 0 0 0 0 0 0 0 0 0 0 0 0 0 0 0 0 0 0 0 0 0 0 0 0 0 0 0 0 0 0 0 0 0 0 0 0 0 0 0 0 0 0 0 0 0
0 0 0 0 0 0 0 0 0 7 0 0 0 18 0 0 1 12 0 7 4 0 20 0 0 0 0 0 0 0 0 0 0 0 0 0 1 0 10 6 0 0 13 0 0 0 11 0 0 23 0 0 0 0 0 0 0 0 0 0 0 0 0 0 4 0 3 5 12 0 0 1 8 0 0 14 0 0 9 2 0 0 0 0 0 0 0 0 0 0 0 0 4 5 0 0 13 0 5 2 0 0 2 0 17 0 0 0 0 0 0 0 0 0 0 0 0 0 0 0 0 15 0 11 2 103 120 105 195 255 65 0 0 9 16 0 0 0 0 0 0 0 0 0 0 0 0 0 11 0 12 0 245 248 253 255 255 246 247 60 10 0 8 0 0 0 0 0 0 0 0 0 0 0 0 0 2 0 121 226 236 255 251 255 235 254 255 241 32 0 0 5 0 0 0 0 0 0 0 0 0 0 0 0 0 38 225 255 255 196 102 56 84 196 255 242 165 17 0 1 0 0 0 0 6 0 0 0 1 0 0 5 1 28 255 253 163 32 2 0 4 0 161 254 255 53 17 0 0 0 0 0 1 1 4 6 4 0 0 0 2 127 254 242 23 0 0 28 0 12 51 230 255 199 0 0 0 0 0 0 0 0 4 1 0 0 0 0 23 217 249 252 9 8 0 0 9 0 0 46 240 193 0 10 0 0 0 0 0 0 0 0 0 0 2 0 58 255 255 198 0 0 14 1 2 0 4 0 223 206 41 0 0 0 0 0 3 2 0 0 1 6 4 0 100 255 243 129 6 0 0 0 0 0 0 11 219 255 134 0 0 0 0 0 0 0 0 3 5 1 0 0 201 251 143 21 0 18 5 9 5 0 5 0 214 247 207 6 0 0 0 0 0 0 0 4 2 0 0 15 196 238 105 6 0 12 0 0 0 5 5 18 219 254 186 6 0 0 0 0 8 0 0 5 0 0 17 51 235 255 101 0 7 4 0 6 2 1 0 0 236 246 153 0 0 0 0 0 0 4 3 0 5 12 0 218 249 243 47 0 10 1 0 0 0 14 2 14 208 255 159 0 0 0 0 0 1 3 1 0 0 0 0 219 255 215 0 19 7 0 11 4 23 0 0 171 255 250 213 0 0 0 0 0 0 0 0 4 0 0 9 214 245 235 4 0 5 0 4 0 0 5 171 255 245 252 80 5 0 0 0 0 0 0 0 4 2 1 11 157 255 238 108 0 0 33 86 87 116 207 255 255 255 240 46 0 0 0 0 0 2 4 1 0 0 0 0 59 244 254 131 74 201 244 223 255 244 255 237 246 191 61 9 4 0 0 0 0 1 4 0 0 0 2 0 1 161 255 239 251 251 250 255 255 249 251 216 94 25 5 4 0 0 0 0 0 0 0 0 5 2 1 10 0 63 228 255 255 255 255 241 228 215 108 0 0 4 0 0 0 0 0 0 0 4 0 0 7 0 0 10 0 1 99 252 253 240 210 128 31 6 0 2 15 0 3 21 0 0 0 0 0 0 0 0 0 0 0 0 0 0 0 0 0 0 0 0 0 0 0 0 0 0 0 0 0 0 0 0 0 0 0 0 0 0 0 0 0 0 0 0 0 0 0 0 0 0 0 0 0 0 0 0 0 0 0 0 0 0 0 0 0 0 0 0 0 0 0 0 0 0 0 0 0 0 0 0 0 0 0 0 0 0 0 0 0 0 0 0 0 0 0 0 0 0 0 0 0 0 0 0 0 0 0 0 0 0 0 0 0 0 0 0 0
0 0 0 0 0 0 0 0 6 0 0 1 4 0 0 0 3 2 0 1 2 0 3 3 0 0 0 0 0 0 0 0 0 0 0 0 0 0 9 3 0 5 0 6 0 0 0 8 0 4 12 0 0 0 0 0 0 0 0 0 0 0 0 0 0 10 3 0 0 6 13 0 5 5 13 5 0 0 1 5 0 0 0 0 0 0 0 0 0 0 0 0 20 1 0 2 0 0 0 14 8 0 0 0 9 11 0 0 0 0 0 0 0 0 0 0 0 0 0 0 0 0 4 0 2 25 0 0 0 8 21 0 0 10 0 0 0 0 0 0 0 0 0 0 0 0 0 0 8 15 0 59 151 224 255 245 226 30 0 23 0 0 1 0 0 0 0 0 0 0 0 0 0 0 0 0 0 0 51 206 255 249 252 255 255 255 138 0 0 18 0 13 0 0 0 0 0 0 0 0 0 0 0 0 4 38 243 250 240 255 180 255 249 248 255 136 0 5 11 0 0 0 0 0 0 0 0 0 0 0 0 0 46 223 255 251 185 19 12 17 116 223 252 255 95 0 0 12 0 0 0 0 0 0 0 0 0 0 0 0 146 255 255 243 54 12 0 0 0 136 250 252 152 47 13 0 0 0 0 0 0 0 0 0 0 0 0 0 232 255 255 140 0 0 2 0 0 8 128 255 245 108 0 5 0 0 0 0 0 0 0 0 0 0 0 0 246 242 214 19 8 4 2 5 11 0 45 254 250 208 2 3 0 0 0 0 0 0 0 0 0 0 0 0 234 253 164 0 0 13 0 1 0 2 44 255 234 253 2 0 0 0 0 0 0 0 0 0 0 0 0 0 237 255 186 26 0 0 0 3 10 0 37 255 254 233 0 10 0 0 0 0 0 0 0 0 0 0 0 0 236 254 240 35 3 0 10 6 6 0 41 240 251 237 2 0 0 0 0 0 0 0 0 0 0 0 0 0 223 255 255 31 5 2 0 2 0 2 44 255 254 235 0 3 0 0 0 0 0 0 0 0 0 0 0 0 199 255 245 40 3 0 9 0 0 0 39 247 254 143 4 0 0 0 0 0 0 0 0 0 0 0 0 0 91 250 255 43 0 8 0 14 8 9 35 255 255 79 0 13 0 0 0 0 0 0 0 0 0 0 0 0 1 213 245 177 157 180 102 0 0 9 30 255 240 110 13 0 0 0 0 0 0 0 0 0 0 0 0 0 0 157 252 255 251 185 8 3 17 0 76 253 255 94 0 0 0 0 0 0 0 0 0 0 0 0 0 0 7 148 248 255 104 0 10 6 0 2 177 237 227 11 0 12 0 0 0 0 0 0 0 0 0 0 0 0 0 112 248 255 205 119 22 0 7 129 247 255 152 0 6 0 0 0 0 0 0 0 0 0 0 0 0 0 6 0 33 196 255 255 227 150 173 247 248 255 84 7 0 0 0 0 0 0 0 0 0 0 0 0 0 0 0 13 0 55 151 241 255 247 251 255 230 106 0 6 12 0 0 0 0 0 0 0 0 0 0 0 0 0 5 0 0 0 6 86 139 209 252 156 47 0 0 5 4 0 0 0 0 0 0 0 0 0 0 0 0 0 0 0 9 11 0 9 0 10 10 3 1 6 4 0 0 2 0 0 0 0 0 0 0 0 0 0 0 0 7 1 0 0 0 2 0 0 0 0 0 2 0 0 0 8 0 0 0 0 0 0 0 0 0 0 0 0 2 0 0 2 4 12 7 9 17 6 0 1 4 0 0 0 0 0 0 0
0 0 0 0 0 0 0 0 0 9 0 0 10 0 0 2 0 7 0 3 1 0 0 13 0 0 0 0 0 0 0 0 0 0 0 0 0 0 8 0 0 1 18 0 0 0 0 2 19 16 3 0 0 0 0 0 0 0 0 0 0 0 0 0 8 9 0 0 13 0 0 5 1 6 3 0 0 0 0 0 0 0 0 0 0 0 0 0 0 0 0 0 0 3 0 8 6 0 8 3 0 0 5 6 4 10 6 6 0 0 0 0 0 0 0 0 0 0 0 0 12 0 0 202 255 132 24 3 7 0 8 5 0 0 0 4 0 0 0 0 0 0 0 0 0 0 0 0 0 0 61 245 248 255 254 116 8 0 8 9 0 11 0 0 0 0 0 0 0 0 0 0 0 0 0 0 4 98 223 255 241 239 255 246 245 157 95 10 0 11 5 0 0 0 0 0 0 0 0 0 0 0 0 0 0 104 253 239 255 255 250 255 253 250 252 132 11 2 0 2 0 0 0 0 1 3 0 0 7 0 7 0 0 153 255 240 251 241 77 186 255 253 245 251 145 0 6 1 0 0 0 0 0 3 0 0 10 0 0 0 42 230 255 244 255 67 6 0 51 232 242 255 255 220 33 0 0 0 0 0 0 6 0 0 3 1 0 14 216 251 244 255 154 0 0 10 4 29 87 244 237 244 109 10 0 0 0 0 0 5 0 0 0 2 0 89 254 246 255 154 0 18 0 0 0 0 38 217 255 255 214 39 0 0 0 0 0 0 0 5 0 8 54 203 240 255 250 38 0 7 3 3 6 7 2 59 204 252 255 106 0 0 0 0 4 0 0 5 0 3 98 255 254 245 179 0 5 0 0 15 10 0 0 8 153 250 253 125 0 0 0 0 5 1 0 1 0 0 121 255 255 247 129 19 0 19 0 0 0 14 12 0 185 255 238 124 0 0 0 0 0 1 0 0 0 5 142 248 247 244 16 0 9 0 0 10 2 0 5 54 255 243 255 117 0 0 0 0 0 0 2 4 0 2 231 255 255 154 0 7 4 1 0 4 0 5 60 217 255 255 228 102 0 0 0 0 1 1 0 0 2 3 255 252 245 161 0 4 0 3 0 13 24 116 231 255 236 255 235 0 0 0 0 0 0 3 0 0 7 0 250 243 254 160 0 4 1 1 0 45 179 255 230 252 255 214 50 0 0 0 0 0 0 4 0 0 9 0 186 251 243 163 18 0 22 76 153 238 255 249 255 255 140 88 10 0 0 0 0 0 0 4 0 2 7 0 105 255 255 255 205 168 226 252 255 238 249 251 255 122 57 0 0 2 0 0 0 0 1 3 0 1 5 0 48 233 234 250 255 243 255 246 255 249 215 117 85 14 6 0 0 0 0 0 0 0 2 0 0 0 5 0 13 115 255 245 248 255 255 255 222 169 38 0 0 5 0 9 12 0 0 0 0 0 0 0 1 0 5 0 0 0 54 173 248 219 111 115 57 0 0 5 9 0 8 0 2 0 0 0 0 0 0 0 0 0 0 0 0 0 0 0 0 0 0 0 0 0 0 0 0 0 0 0 0 0 0 0 0 0 0 0 0 0 0 0 0 0 0 0 0 0 0 0 0 0 0 0 0 0 0 0 0 0 0 0 0 0 0 0 0 0 0 0 0 0 0 0 0 0 0 0 0 0 0 0 0 0 0 0 0 0 0 0 0 0 0 0 0 0 0 0 0 0 0 0 0 0 0 0 0 0 0 0 0 0 0 0 0 0 0 0 0 0
0 0 0 0 0 0 0 0 0 4 0 3 0 0 16 0 0 11 0 5 0 0 11 0 0 0 0 0 0 0 0 0 0 0 0 0 11 0 0 3 1 0 0 0 11 0 14 0 9 14 0 8 0 0 0 0 0 0 0 0 0 0 0 0 2 0 0 2 3 3 0 13 0 4 3 0 4 2 0 10 0 0 0 0 0 0 0 0 0 0 0 0 0 0 15 0 0 0 0 0 0 13 5 1 0 7 2 0 0 0 0 0 0 0 0 0 0 0 0 0 0 0 5 0 23 96 168 255 250 90 82 0 15 0 5 8 0 0 0 0 0 0 0 0 0 0 0 0 1 0 22 99 206 255 242 247 245 255 255 187 26 9 0 0 0 0 0 0 0 0 0 0 0 0 0 0 0 103 193 243 255 255 254 255 255 233 238 240 222 0 14 0 0 0 0 0 0 0 0 0 0 0 0 0 8 180 255 254 244 246 255 244 246 255 251 255 244 80 0 0 0 0 0 0 0 2 1 0 7 12 0 21 197 249 251 255 255 251 176 6 80 210 240 242 255 189 18 0 0 8 0 0 0 3 0 12 0 0 12 75 239 255 244 243 255 253 200 20 4 64 181 203 253 251 187 23 0 0 5 6 0 0 0 17 5 4 146 228 255 255 237 128 136 248 255 180 13 11 0 35 227 255 255 158 30 0 1 7 0 6 0 0 0 9 222 255 243 240 100 8 4 109 244 241 194 9 0 0 90 238 246 255 123 0 0 5 0 1 10 0 0 1 220 231 255 139 0 0 0 4 32 146 124 11 0 12 0 120 253 242 229 13 0 9 0 0 14 0 6 37 233 253 231 156 1 0 0 3 13 0 5 0 15 0 0 99 231 255 255 6 0 7 8 0 4 0 0 107 241 255 253 38 0 8 0 0 0 18 5 1 0 0 10 64 255 241 253 0 0 0 0 2 0 0 6 194 255 251 255 0 6 3 0 7 2 0 2 0 11 0 4 109 250 255 250 0 10 0 6 0 12 0 0 255 249 253 254 4 0 3 1 0 23 0 0 0 12 0 12 97 255 242 236 14 0 0 0 0 6 0 11 243 255 251 255 0 10 0 3 11 0 3 15 0 0 1 32 248 237 255 141 0 0 2 7 0 0 0 0 151 246 244 243 0 0 0 10 9 0 8 0 14 0 49 217 255 255 176 39 0 2 4 0 3 0 1 0 110 255 254 253 99 0 3 5 0 8 7 0 59 150 208 251 255 197 46 0 0 2 2 0 17 3 0 2 96 255 245 248 186 32 0 1 38 121 101 207 255 248 247 255 219 6 9 0 9 0 1 1 5 0 2 0 33 203 255 255 252 212 217 229 238 255 245 241 255 255 238 168 19 0 0 0 7 0 4 1 0 0 13 0 0 116 213 255 245 251 250 255 245 245 255 230 220 169 74 0 0 12 0 0 2 0 3 0 0 7 0 0 0 5 14 191 240 255 246 253 255 255 223 44 7 0 1 2 0 0 3 0 2 1 0 0 0 0 0 0 0 0 0 0 0 0 0 0 0 0 0 0 0 0 0 0 0 0 0 0 0 0 0 0 0 0 0 0 0 0 0 0 0 0 0 0 0 0 0 0 0 0 0 0 0 0 0 0 0 0 0 0 0 0 0 0 0 0 0 0 0 0 0 0 0 0 0 0 0 0 0 0 0 0 0 0 0 0 0 0 0 0 0 0 0 0 0 0 0 0 0 0 0 0 0 0 0 0 0 0 0 0 0 0 0 0 0
0 0 0 0 0 0 0 0 0 2 3 0 0 9 8 0 4 0 7 0 7 0 7 0 0 0 0 0 0 0 0 0 0 0 0 0 3 0 0 13 0 0 0 1 0 2 0 0 0 6 3 0 0 0 0 0 0 0 0 0 0 0 0 0 0 9 0 0 0 11 0 1 8 0 5 0 12 0 0 7 0 0 0 0 0 0 0 0 0 0 0 0 14 0 6 1 0 0 18 0 0 5 9 0 3 10 11 0 0 0 0 0 0 0 0 0 0 0 0 0 0 0 19 109 255 226 136 108 29 18 0 8 0 0 0 18 0 0 0 0 0 0 0 0 0 0 0 0 8 27 170 251 255 248 255 241 239 107 26 0 25 1 4 0 0 0 0 0 0 0 0 0 0 0 0 0 0 123 250 255 240 243 255 249 255 253 226 82 0 0 25 0 0 0 0 0 0 0 0 0 0 0 0 0 39 227 255 253 245 206 119 173 217 255 255 243 20 10 0 9 0 0 0 0 3 0 0 7 0 0 12 0 140 239 255 252 219 15 1 0 20 199 253 241 214 2 2 0 0 0 0 0 0 1 3 1 0 0 3 1 202 255 236 235 44 0 0 11 1 110 255 255 244 130 1 0 0 0 0 0 0 2 8 0 0 5 0 39 238 255 255 192 0 0 7 0 14 45 218 255 255 238 32 0 0 0 0 0 0 0 8 0 1 5 0 109 253 253 237 60 2 0 6 0 0 0 92 239 240 254 92 0 0 0 0 0 4 0 3 0 0 0 5 190 254 255 187 0 0 6 0 5 1 3 40 247 255 255 164 4 0 0 0 0 5 0 0 6 0 0 24 244 254 248 162 15 4 7 6 0 8 0 11 195 252 249 197 14 0 0 0 0 0 2 0 9 0 0 43 255 255 242 104 0 0 0 7 0 0 0 0 135 253 255 255 54 0 0 0 0 0 7 0 9 0 3 53 252 255 255 45 5 0 6 0 7 0 10 0 101 250 241 255 13 0 0 0 0 0 4 0 6 0 0 82 255 254 245 0 12 0 0 0 6 2 0 0 104 255 245 255 24 0 0 0 0 0 4 1 0 0 0 37 238 249 255 2 0 20 1 3 0 2 4 4 134 255 239 140 0 0 0 0 0 0 0 2 0 8 1 4 198 255 244 114 0 9 0 0 18 0 0 31 247 251 255 52 20 0 0 0 0 0 0 0 0 7 2 0 120 251 253 230 53 0 6 11 0 8 25 201 243 243 239 0 0 0 0 0 0 0 5 0 8 0 0 0 25 243 255 255 246 140 13 34 26 99 232 255 255 255 83 11 3 0 0 0 0 0 7 0 13 0 0 13 0 157 236 249 249 255 254 255 243 255 246 252 212 65 0 2 3 0 0 0 0 0 6 0 8 0 10 11 0 20 134 255 233 249 253 241 255 245 245 182 14 16 0 3 0 0 0 0 0 0 8 3 0 0 11 0 5 0 9 39 23 97 145 163 72 154 31 7 0 0 0 21 0 0 0 0 0 0 0 0 0 0 0 0 0 0 0 0 0 0 0 0 0 0 0 0 0 0 0 0 0 0 0 0 0 0 0 0 0 0 0 0 0 0 0 0 0 0 0 0 0 0 0 0 0 0 0 0 0 0 0 0 0 0 0 0 0 0 0 0 0 0 0 0 0 0 0 0 0 0 0 0 0 0 0 0 0 0 0 0 0 0 0 0 0 0 0 0 0 0 0 0 0 0 0 0 0 0 0 0 0 0 0 0 0 0 0 0 0
0 0 0 0 0 0 0 0 2 0 5 0 11 0 2 5 0 1 0 0 0 0 0 8 0 0 0 0 0 0 0 0 0 0 0 0 0 5 14 0 0 0 4 3 3 0 17 0 5 0 0 0 0 0 0 0 0 0 0 0 0 0 0 0 5 0 0 0 18 5 0 0 0 0 2 0 0 12 3 8 0 0 0 0 0 0 0 0 0 0 0 0 3 0 0 0 0 0 4 16 7 10 0 4 0 7 0 0 0 0 0 0 0 0 0 0 0 0 0 0 0 8 7 0 0 6 1 0 0 15 0 3 16 0 5 6 0 0 0 0 0 0 0 0 0 0 0 0 0 0 0 10 2 4 9 31 139 196 236 216 232 59 20 0 0 0 0 0 0 0 0 0 0 0 0 0 2 6 0 3 0 36 116 205 243 255 255 232 255 97 5 1 0 0 0 0 0 0 0 0 0 0 0 0 0 15 0 0 51 196 255 255 255 255 252 245 255 167 0 5 0 0 0 0 7 0 0 7 4 0 0 0 9 0 8 91 201 255 252 255 255 232 164 243 255 242 4 1 0 0 0 0 5 0 0 1 0 0 3 3 8 4 21 242 255 252 248 246 158 55 37 255 255 217 9 0 0 0 0 0 0 2 1 0 0 2 6 4 0 90 238 253 246 237 66 16 1 3 36 249 230 255 106 0 0 0 0 0 0 3 0 0 2 5 0 0 0 147 255 246 194 38 0 22 0 0 32 255 255 189 32 9 0 0 0 0 0 2 0 0 7 0 0 0 79 231 246 192 71 0 20 0 0 11 41 241 251 175 0 0 0 0 0 0 0 1 0 0 6 0 5 53 239 239 231 41 0 9 7 14 5 0 66 255 255 218 13 6 0 0 0 0 0 1 0 4 2 0 56 171 255 236 181 16 8 0 0 0 11 16 176 255 248 198 6 0 0 0 0 0 0 0 0 7 0 0 106 255 255 131 0 10 0 3 11 0 0 30 255 242 255 134 0 11 0 0 0 0 0 4 0 0 0 12 199 255 196 38 0 0 1 9 0 0 0 138 255 255 205 33 0 10 0 0 0 0 0 0 6 4 0 173 234 215 29 2 12 11 0 0 27 38 187 227 242 255 67 19 0 0 0 0 0 0 11 0 0 2 0 255 203 16 0 0 7 0 20 1 23 143 249 255 225 84 10 0 25 0 0 0 0 0 0 0 2 8 0 247 252 5 0 12 6 0 0 38 198 255 255 251 130 0 0 2 0 1 0 0 0 0 0 4 3 7 0 227 255 19 7 0 11 36 164 255 250 255 239 132 9 7 0 17 0 3 0 0 0 0 7 0 0 0 0 255 239 46 7 41 156 255 254 243 242 216 98 0 0 0 11 0 3 0 0 0 0 0 0 1 8 0 0 249 255 237 255 249 255 239 254 255 67 0 0 0 11 4 3 4 0 2 0 0 0 0 0 3 0 0 0 180 241 255 255 245 254 255 248 218 26 0 6 0 0 0 0 10 0 8 0 0 0 0 0 5 8 0 0 18 102 182 255 255 253 157 86 0 0 3 0 0 0 0 0 0 0 0 0 0 0 0 2 0 0 8 10 2 0 2 0 0 1 0 7 0 10 4 0 0 0 0 0 0 0 0 0 0 0 0 8 0 0 0 4 1 0 0 12 5 1 0 4 2 0 0 0 0 0 0 0 0 0 0 0 0 0 0 0 0 5 7 0 0 0 11 0 2 2 9 0 0 0 9 0 0 0 0 0 0 0 0 0 0 0 0
0 0 0 0 0 0 0 0 0 9 5 0 9 0 14 0 0 3 5 0 0 10 0 2 0 0 0 0 0 0 0 0 0 0 0 0 0 5 0 8 10 0 0 8 3 8 1 22 0 0 0 3 0 0 0 0 0 0 0 0 0 0 0 0 2 0 17 3 0 30 7 0 12 0 0 0 18 0 18 0 0 0 0 0 0 0 0 0 0 0 0 0 0 17 0 2 0 0 0 3 2 0 7 15 0 12 0 0 0 0 0 0 0 0 0 0 0 0 0 0 0 0 0 5 16 4 9 225 253 155 112 0 0 6 0 17 0 0 0 0 0 0 0 0 0 0 0 0 0 10 0 0 0 11 132 252 249 226 203 229 219 182 0 0 0 0 0 0 0 0 0 0 0 0 0 0 1 0 16 17 73 185 255 251 255 255 198 215 255 180 14 5 0 0 0 0 0 0 0 0 0 0 0 0 0 15 0 72 254 255 245 255 243 231 45 116 247 245 60 0 0 0 0 0 0 0 0 0 9 6 0 0 6 0 10 194 248 255 251 128 118 98 0 116 255 242 226 0 0 0 0 0 12 2 0 0 0 0 9 1 0 40 232 255 254 252 247 27 0 4 0 0 235 255 77 0 0 0 0 0 0 0 3 5 7 0 20 0 122 252 255 255 222 122 46 0 10 0 15 0 212 255 121 14 0 0 0 0 0 6 4 0 0 3 0 0 168 245 243 240 221 25 0 0 0 9 0 44 245 236 126 0 0 0 0 0 4 12 0 0 0 13 2 133 246 255 238 107 46 4 1 3 5 0 0 101 253 248 98 0 0 0 0 0 3 2 0 9 3 5 43 255 255 255 157 0 19 0 3 2 0 18 0 122 255 223 18 12 0 0 0 0 0 1 0 7 0 0 80 248 248 186 22 20 0 0 5 0 0 0 71 250 249 198 24 0 0 0 0 0 0 6 1 0 9 6 173 254 127 35 7 0 3 3 6 0 7 0 137 255 237 195 0 12 0 0 0 0 1 0 6 3 0 91 239 195 29 0 0 8 0 0 0 8 0 18 231 250 255 55 11 0 0 0 0 0 1 10 0 0 99 253 197 32 0 11 0 3 12 0 0 0 21 70 255 238 157 5 0 3 0 0 0 0 0 0 3 16 100 199 7 9 0 0 4 0 0 17 68 138 227 250 249 247 178 15 0 0 0 0 0 0 0 15 3 0 124 92 13 0 0 23 5 23 133 235 255 249 255 237 255 147 15 0 0 0 0 0 0 0 3 0 0 0 113 243 111 92 175 146 39 117 253 255 255 255 228 177 83 0 1 0 12 0 0 0 0 0 5 0 0 12 92 243 255 249 255 250 249 232 234 255 250 195 155 0 16 0 0 2 0 7 0 0 0 0 1 1 2 0 0 228 255 246 255 224 239 255 226 163 87 12 6 0 0 0 13 9 9 0 0 0 0 0 0 13 0 0 11 129 231 129 250 255 28 98 162 0 3 2 1 0 1 18 0 0 2 0 0 0 0 0 0 0 0 0 0 0 0 0 0 0 0 0 0 0 0 0 0 0 0 0 0 0 0 0 0 0 0 0 0 0 0 0 0 0 0 0 0 0 0 0 0 0 0 0 0 0 0 0 0 0 0 0 0 0 0 0 0 0 0 0 0 0 0 0 0 0 0 0 0 0 0 0 0 0 0 0 0 0 0 0 0 0 0 0 0 0 0 0 0 0 0 0 0 0 0 0 0 0 0 0 0 0 0 0 0 0 0 0 0 0 0 0
0 0 0 0 0 0 0 0 3 0 5 0 6 0 8 0 5 2 0 1 1 8 0 0 0 0 0 0 0 0 0 0 0 0 0 0 0 16 0 0 10 15 0 0 0 0 18 6 0 4 9 0 0 0 0 0 0 0 0 0 0 0 0 0 3 5 0 0 0 0 0 5 5 6 0 0 0 6 0 2 0 0 0 0 0 0 0 0 0 0 0 0 0 0 20 9 34 73 92 0 0 0 2 156 59 9 0 9 0 0 0 0 0 0 0 0 0 0 0 0 2 3 0 0 74 247 200 0 11 0 8 139 237 0 0 0 0 0 0 0 0 0 0 0 0 0 0 0 11 0 11 0 201 254 196 0 2 0 0 180 200 11 8 2 0 0 0 0 0 0 0 0 0 0 0 0 0 12 33 211 249 227 53 1 0 12 0 161 255 95 1 0 0 0 0 0 0 0 0 0 0 0 0 0 6 0 85 255 251 129 5 0 0 0 5 150 254 112 5 3 0 0 0 0 0 4 0 3 12 0 1 4 1 0 199 255 216 38 4 0 0 10 0 168 255 96 8 2 0 0 0 0 0 2 0 2 7 0 0 0 0 142 229 254 83 3 1 4 5 0 8 154 255 114 0 4 0 0 0 0 0 0 0 2 0 3 0 0 24 242 255 186 0 0 1 5 11 0 11 148 255 116 0 2 0 0 0 0 1 0 1 1 0 8 0 15 139 249 230 67 6 0 1 3 1 4 1 167 255 102 7 0 0 0 0 0 2 0 3 1 0 10 0 61 251 248 138 0 7 0 0 3 0 9 36 213 255 106 7 0 0 0 0 0 3 0 3 2 0 8 0 128 255 247 40 0 0 0 0 0 1 3 116 255 255 116 0 5 0 0 0 0 4 0 2 3 0 4 0 194 236 206 0 15 0 6 0 0 5 1 164 255 244 73 1 5 0 0 0 0 4 0 1 3 0 1 0 236 255 158 6 0 7 4 0 1 0 1 159 251 216 2 7 0 0 0 0 0 1 4 0 0 0 0 80 242 255 85 15 0 0 14 0 7 0 49 223 255 100 0 0 4 0 0 0 0 4 0 2 0 9 0 46 254 249 175 0 8 0 0 10 0 26 217 255 232 40 1 3 0 0 0 0 0 3 0 6 0 16 0 4 196 255 173 41 0 0 0 0 0 139 251 241 214 14 0 3 9 0 0 0 0 0 3 4 0 11 6 0 74 236 242 253 83 0 2 7 50 217 255 255 148 2 0 2 0 0 0 0 0 0 5 0 0 2 2 1 0 227 250 248 245 165 139 176 249 255 239 137 0 0 10 1 0 0 0 0 0 0 0 0 14 0 0 14 0 44 233 255 250 255 254 249 253 246 161 8 0 15 0 0 0 0 0 0 0 2 0 0 11 2 0 6 8 8 25 193 228 234 240 238 96 0 0 0 16 0 0 15 0 0 0 0 0 0 0 3 0 4 9 0 1 0 11 2 0 11 11 0 0 5 8 4 0 13 4 0 11 0 0 0 0 0 0 0 0 0 0 0 0 0 0 0 0 0 0 0 0 0 0 0 0 0 0 0 0 0 0 0 0 0 0 0 0 0 0 0 0 0 0 0 0 0 0 0 0 0 0 0 0 0 0 0 0 0 0 0 0 0 0 0 0 0 0 0 0 0 0 0 0 0 0 0 0 0 0 0 0 0 0 0 0 0 0 0 0 0 0 0 0 0 0 0 0 0 0 0 0 0 0 0 0 0 0 0 0 0 0 0 0 0 0 0 0
0 0 0 0 0 0 0 0 6 0 1 0 4 0 1 3 0 10 0 0 0 0 0 2 0 0 0 0 0 0 0 0 0 0 0 0 1 4 0 4 0 5 0 0 0 0 0 5 13 2 0 0 0 0 0 0 0 0 0 0 0 0 0 0 0 1 12 7 0 1 1 0 0 6 10 0 0 1 7 0 0 0 0 0 0 0 0 0 0 0 0 0 26 0 0 0 12 0 5 0 0 0 4 1 0 0 9 0 0 0 0 0 0 0 0 0 0 0 0 0 0 15 10 1 111 247 255 174 79 3 0 10 16 0 0 0 0 0 0 0 0 0 0 0 0 0 0 0 9 0 23 173 245 253 234 255 239 132 30 0 0 0 1 0 0 0 0 0 0 0 0 0 0 0 0 0 0 8 136 255 255 103 73 145 251 245 163 39 0 0 9 0 0 0 0 0 0 0 0 0 0 0 0 0 0 58 242 244 206 0 0 9 109 233 255 156 44 1 0 0 0 0 0 0 0 3 0 1 8 0 0 0 0 154 253 255 40 3 0 0 0 38 216 254 169 23 0 0 0 0 0 0 0 1 0 1 1 0 0 0 49 244 255 240 25 0 6 0 10 3 41 207 255 98 7 6 0 0 0 0 0 0 3 2 0 0 4 0 32 255 250 140 0 0 3 0 0 2 3 94 255 112 0 0 0 0 0 0 0 0 5 3 0 5 5 0 42 243 254 42 0 6 3 7 0 2 13 0 231 206 23 0 0 0 0 0 3 0 5 0 0 6 0 4 141 253 189 0 5 6 0 1 9 0 0 0 167 255 36 12 0 0 0 0 4 0 5 0 0 0 0 24 233 249 50 0 4 0 0 0 0 4 8 3 130 241 72 0 0 0 0 0 0 0 8 0 1 0 0 69 255 224 0 0 6 0 12 5 0 0 11 0 153 255 143 0 0 0 0 0 0 0 10 0 6 2 4 110 252 193 12 0 0 1 7 0 9 0 0 9 137 252 125 8 0 0 0 0 0 10 0 2 1 7 0 139 255 143 6 0 0 2 9 0 2 0 0 11 150 237 89 0 0 0 0 0 0 6 0 5 1 1 0 146 252 146 0 11 0 0 0 4 0 8 14 0 145 255 56 18 0 0 0 0 3 3 0 7 2 0 0 138 248 149 0 1 23 0 0 1 0 4 0 4 198 255 33 0 0 0 0 0 1 3 0 5 1 0 1 98 255 203 0 0 0 14 1 0 8 4 0 121 238 166 16 14 0 0 0 0 0 5 0 1 0 3 0 42 234 243 117 18 0 0 22 0 3 0 27 232 246 88 3 0 0 0 0 0 0 5 1 0 0 5 0 2 118 255 255 197 54 12 0 0 9 101 235 255 112 3 0 2 0 0 0 0 0 1 0 0 0 0 3 0 0 109 251 255 248 186 193 201 194 246 255 141 1 0 3 5 0 0 0 0 5 0 0 3 0 0 7 1 12 0 61 162 253 255 250 253 249 194 77 11 2 13 0 2 0 0 0 0 0 0 0 0 0 0 0 0 0 0 0 0 0 0 0 0 0 0 0 0 0 0 0 0 0 0 0 0 0 0 0 0 0 0 0 0 0 0 0 0 0 0 0 0 0 0 0 0 0 0 0 0 0 0 0 0 0 0 0 0 0 0 0 0 0 0 0 0 0 0 0 0 0 0 0 0 0 0 0 0 0 0 0 0 0 0 0 0 0 0 0 0 0 0 0 0 0 0 0 0 0 0 0 0 0 0 0 0 0 0 0 0
0 0 0 0 0 0 0 0 8 0 0 6 4 3 5 0 0 6 12 0 3 0 0 1 0 0 0 0 0 0 0 0 0 0 0 0 0 0 8 0 0 0 8 3 13 0 0 11 0 2 1 11 0 3 2 0 0 0 0 0 0 0 0 0 18 0 0 6 6 0 0 0 0 11 6 0 7 0 0 0 2 4 3 0 0 0 0 0 0 0 0 0 0 4 4 5 0 15 7 3 2 0 0 1 0 4 22 0 0 1 3 1 0 0 0 0 0 0 0 0 3 1 0 5 0 4 0 0 0 6 2 0 5 0 7 0 0 0 0 2 0 0 0 0 0 0 0 0 0 2 3 21 0 26 23 7 3 3 47 255 247 165 34 0 1 0 0 2 0 0 0 0 0 0 0 0 0 0 0 52 115 239 179 26 0 59 243 255 255 215 255 115 14 3 0 0 0 0 0 0 0 0 0 0 4 3 86 234 245 255 230 173 110 222 150 173 243 255 231 255 26 9 0 0 0 0 1 0 0 1 5 2 0 0 210 255 237 255 255 248 157 122 8 26 175 255 233 255 32 1 0 0 8 0 0 11 1 0 9 0 15 102 233 252 255 167 91 82 26 12 0 0 93 238 255 248 32 2 0 1 5 0 0 10 0 0 10 0 97 229 255 236 203 62 1 11 0 23 5 0 84 255 248 241 30 4 0 1 0 0 3 0 0 3 4 17 139 245 255 251 6 0 0 0 4 0 0 7 92 255 250 255 27 4 0 2 0 4 13 0 5 6 0 87 252 255 239 7 14 0 7 0 0 5 25 91 239 255 247 226 20 2 0 3 6 0 2 0 10 0 13 166 247 255 254 35 0 8 6 0 5 0 18 236 255 255 245 68 11 0 0 4 1 0 0 3 2 0 87 226 251 255 162 0 0 0 0 8 0 0 27 248 254 255 179 49 2 0 0 4 0 10 0 11 0 16 171 255 253 250 57 0 5 2 0 0 10 0 160 253 255 175 55 0 0 0 0 5 1 1 0 5 0 32 243 251 248 132 15 7 0 3 2 0 0 5 246 255 243 142 0 4 0 0 0 0 0 0 0 4 0 36 255 254 252 107 7 0 0 3 0 13 147 207 247 255 184 25 0 7 0 0 0 0 0 0 0 3 2 31 255 244 134 0 0 20 0 0 3 18 180 255 242 211 2 2 3 0 0 0 0 0 0 3 5 1 1 26 255 244 145 28 8 0 9 17 70 146 255 237 255 140 0 0 7 9 0 0 0 0 1 3 4 0 1 38 253 255 255 130 90 84 81 131 246 255 255 252 153 5 0 0 6 0 0 0 0 0 0 0 0 0 3 47 214 255 250 255 243 248 255 251 244 245 249 150 0 6 8 10 0 21 0 0 0 0 0 0 0 0 1 26 104 156 239 255 255 245 244 254 248 255 141 28 8 0 0 2 5 0 0 0 0 0 1 0 4 6 0 0 0 37 169 237 255 250 254 202 56 57 17 0 1 9 3 0 7 7 0 0 0 0 0 0 0 0 0 0 0 0 137 255 255 234 42 30 0 11 0 0 0 0 0 0 0 0 0 0 0 0 0 0 0 0 0 0 0 0 0 0 0 0 0 14 4 0 0 0 0 0 0 0 0 0 0 0 0 0 0 0 0 0 0 0 0 0 17 4 10 0 7 0 0 0 0 0 0 0 0 0 0 0 0 0 0 0 0 0 0 0 0 0 0 0 0 0 0 8 3 1 0 9 0 0 0 0 0 0 0 0 0 0 0 0
0 0 0 0 0 0 0 0 2 0 0 15 0 0 14 0 0 0 0 1 7 0 0 3 0 0 0 0 0 0 0 0 0 0 0 0 0 21 6 0 13 0 0 17 5 6 2 0 0 2 3 0 0 0 0 0 0 0 0 0 0 0 0 0 11 0 0 0 18 0 5 0 0 0 3 0 0 1 6 0 0 0 0 0 0 0 0 0 0 0 0 0 0 15 5 2 0 0 7 4 13 0 0 6 0 0 0 0 0 0 0 0 0 0 0 0 0 0 0 0 6 0 4 0 26 146 252 210 119 47 0 2 8 0 0 3 0 0 0 0 0 0 0 0 0 0 0 0 0 0 0 43 221 255 255 255 246 150 38 0 5 4 0 4 0 0 0 0 0 0 0 0 0 0 0 0 19 0 12 150 255 251 234 235 255 235 110 3 0 6 0 2 0 0 0 0 0 0 0 0 0 0 0 0 0 3 33 228 248 254 130 59 236 255 170 20 0 4 1 0 0 0 0 0 0 0 0 0 0 0 0 0 0 18 163 248 255 110 0 5 117 240 255 55 2 0 12 0 0 0 0 0 0 0 0 0 0 0 0 0 11 19 255 249 175 0 14 0 0 212 251 152 0 8 0 11 0 0 0 0 0 0 0 0 0 0 0 0 7 34 245 252 86 0 3 17 0 210 252 188 2 0 0 5 0 0 0 0 0 0 0 0 0 0 0 0 0 34 250 252 94 1 0 0 3 203 253 227 36 4 0 0 0 0 0 0 0 0 0 0 0 0 0 0 0 33 255 254 66 0 13 0 5 203 255 255 26 6 0 9 0 0 0 0 0 0 0 0 0 0 0 0 7 31 248 248 110 13 0 11 1 164 255 247 26 0 1 2 0 0 0 0 0 0 0 0 0 0 0 0 10 19 255 247 251 100 26 0 0 111 255 238 57 0 13 0 0 0 0 0 0 0 0 0 0 0 0 0 1 26 252 255 240 254 163 9 23 150 255 254 16 1 1 4 0 0 0 0 0 0 0 0 0 0 0 0 0 65 254 244 244 185 51 2 0 213 235 255 22 0 12 0 0 0 0 0 0 0 0 0 0 0 0 0 11 157 249 125 26 0 8 6 19 186 255 172 4 0 0 4 0 0 0 0 0 0 0 0 0 0 0 0 0 166 252 94 0 0 8 0 20 224 255 155 15 0 1 0 0 0 0 0 0 0 0 0 0 0 0 0 20 153 239 97 15 0 0 3 81 255 246 102 0 0 9 5 0 0 0 0 0 0 0 0 0 0 0 0 0 120 253 226 141 0 1 35 190 248 239 13 0 0 0 7 0 0 0 0 0 0 0 0 0 0 0 0 5 21 247 255 236 167 108 218 255 252 160 5 5 6 0 0 0 0 0 0 0 0 0 0 0 0 0 0 0 24 76 212 255 239 255 243 249 200 38 8 0 0 9 5 0 0 0 0 0 0 0 0 0 0 0 0 3 0 2 96 145 255 255 217 125 43 0 0 10 0 0 0 0 0 0 0 0 0 0 0 0 0 0 0 0 0 0 0 0 0 0 0 0 0 0 0 0 0 0 0 0 0 0 0 0 0 0 0 0 0 0 0 0 0 0 0 0 0 0 0 0 0 0 0 0 0 0 0 0 0 0 0 0 0 0 0 0 0 0 0 0 0 0 0 0 0 0 0 0 0 0 0 0 0 0 0 0 0 0 0 0 0 0 0 0 0 0 0 0 0 0 0 0 0 0 0 0 0 0 0 0 0 0 0 0 0 0 0
0 0 0 0 0 0 0 0 0 0 0 9 0 5 0 5 0 21 4 0 3 0 0 11 0 0 0 0 0 0 0 0 0 0 0 0 0 0 8 0 0 4 0 0 7 0 0 10 0 4 9 0 0 0 0 0 0 0 0 0 0 0 0 0 15 0 5 0 12 0 0 0 15 0 0 5 1 0 0 8 0 0 0 0 0 0 0 0 0 0 0 0 0 0 9 0 0 0 1 9 0 3 5 0 5 17 9 0 0 0 0 0 0 0 0 0 0 0 0 0 0 0 9 14 0 4 0 8 198 250 255 161 1 0 10 0 0 0 0 0 0 0 0 0 0 0 0 0 5 17 0 0 44 202 245 235 255 254 246 190 85 9 0 7 0 0 0 0 0 0 0 0 0 0 0 0 7 0 13 137 229 249 239 255 249 255 251 255 233 107 0 0 0 0 0 0 0 0 0 0 0 0 0 0 0 62 185 240 255 234 182 142 238 246 249 255 255 230 116 0 0 0 0 0 0 7 0 0 4 0 4 3 23 170 252 249 249 82 0 8 142 255 237 162 230 255 237 15 0 0 0 0 0 0 0 2 6 3 0 26 221 251 255 177 72 0 15 2 64 170 243 19 137 240 247 202 0 0 0 0 6 0 2 3 0 8 11 139 255 246 253 8 0 3 11 0 0 5 191 37 0 182 254 251 0 0 0 0 1 0 9 0 0 0 67 241 255 254 76 0 4 0 0 9 6 0 0 0 18 193 236 255 0 0 0 0 0 2 7 0 0 12 131 255 234 142 0 7 3 0 6 0 4 0 1 13 0 51 255 255 0 0 0 0 1 2 0 0 14 111 233 255 122 0 32 0 0 13 7 0 0 0 18 4 0 48 253 233 0 0 0 0 8 0 0 0 14 215 255 217 58 10 0 14 0 0 0 13 2 6 0 0 0 157 255 255 0 0 0 0 0 0 3 11 0 248 249 117 0 0 0 16 0 0 8 0 0 0 6 6 0 180 240 252 0 0 0 0 1 0 5 3 117 255 219 18 0 8 3 0 11 7 0 0 0 0 11 0 39 225 250 167 0 0 0 0 0 0 2 0 128 254 205 37 1 15 0 0 0 5 0 3 13 0 6 43 223 246 242 5 0 0 0 0 0 9 8 0 193 252 246 62 0 1 0 12 3 14 4 6 0 1 0 148 248 249 162 1 0 0 0 0 7 4 0 0 134 242 245 113 11 0 0 0 3 0 0 0 0 40 217 255 249 183 17 0 0 0 0 0 0 0 5 14 58 255 255 237 107 59 10 6 1 1 18 58 155 217 250 220 164 0 12 0 0 0 0 0 0 10 12 7 12 128 252 248 255 239 172 180 166 190 193 255 247 253 155 52 0 15 15 0 0 0 0 0 0 7 0 0 8 32 226 255 235 255 255 249 255 249 231 255 229 109 8 1 15 0 0 19 0 0 0 0 5 0 12 11 0 19 23 120 125 194 250 182 240 150 125 101 2 0 3 0 5 0 9 0 0 0 0 0 0 0 0 0 0 0 0 0 0 0 0 0 0 0 0 0 0 0 0 0 0 0 0 0 0 0 0 0 0 0 0 0 0 0 0 0 0 0 0 0 0 0 0 0 0 0 0 0 0 0 0 0 0 0 0 0 0 0 0 0 0 0 0 0 0 0 0 0 0 0 0 0 0 0 0 0 0 0 0 0 0 0 0 0 0 0 0 0 0 0 0 0 0 0 0 0 0 0 0 0 0 0 0 0 0 0 0 0 0 0 0 0
0 0 0 0 0 0 0 0 11 3 0 0 8 1 0 0 2 7 0 17 0 11 0 0 0 0 0 0 0 0 0 0 0 0 0 0 0 0 5 15 0 0 14 3 0 0 22 0 0 5 0 10 0 0 0 0 0 0 0 0 0 0 0 0 0 6 11 0 0 19 0 1 0 14 0 0 0 12 0 12 0 0 0 0 0 0 0 0 0 0 0 0 0 3 0 0 6 2 3 9 0 10 0 10 0 3 1 0 0 0 0 0 0 0 0 0 0 0 0 0 2 0 0 9 0 34 236 207 91 0 14 0 10 0 0 1 0 0 0 0 0 0 0 0 0 0 0 0 0 0 22 0 6 116 255 252 236 63 0 0 8 1 3 6 0 0 0 0 0 0 0 0 0 0 0 0 16 0 0 1 99 232 250 250 255 191 48 4 0 0 4 0 0 0 0 0 0 0 0 0 0 0 0 0 0 17 0 182 255 252 186 39 231 255 234 42 6 1 0 6 0 0 0 0 2 0 4 0 2 0 0 9 0 38 195 254 255 182 39 3 98 248 255 204 20 11 0 10 0 0 0 0 3 0 0 3 2 3 14 1 21 125 240 255 128 29 1 13 16 124 239 254 161 3 2 2 0 0 0 0 5 2 0 10 0 0 15 0 115 255 252 181 9 0 2 0 0 19 104 255 245 57 5 0 0 0 0 0 0 0 0 8 2 0 0 26 230 255 209 5 0 17 5 0 11 0 0 210 253 124 0 2 0 0 0 0 0 0 5 0 10 0 7 138 240 230 0 19 0 0 10 0 8 0 4 139 255 140 3 2 0 0 0 0 1 0 7 0 6 0 27 232 250 51 0 0 5 0 0 2 0 2 19 122 255 146 0 0 0 0 0 0 5 2 4 0 1 0 54 255 226 0 7 0 1 6 4 0 0 2 0 169 246 140 0 0 0 0 0 0 0 1 1 4 7 1 85 253 201 0 0 0 3 3 0 6 3 0 2 224 255 108 0 4 0 0 0 0 0 5 4 0 0 0 110 255 154 0 0 7 0 1 0 0 8 0 58 247 240 27 0 0 0 0 0 0 2 0 0 4 8 11 107 254 162 5 0 0 0 3 8 5 0 1 136 246 169 0 17 0 0 0 0 0 0 2 0 4 5 0 98 255 247 122 96 78 12 0 0 5 0 12 181 250 59 0 0 3 0 0 0 0 0 5 0 0 0 0 53 192 255 255 255 241 74 18 0 0 1 92 240 231 23 18 0 20 0 0 0 0 1 5 0 0 12 0 0 48 174 246 247 255 54 5 0 6 38 217 250 119 14 0 21 0 0 0 0 0 0 6 0 0 8 0 0 0 37 60 50 217 59 0 0 83 234 255 222 23 0 26 0 7 0 0 0 0 0 1 6 1 0 0 6 8 0 0 0 255 236 173 168 234 255 201 30 6 0 0 5 0 0 0 0 0 0 0 0 3 0 2 7 0 5 11 1 235 255 255 255 244 163 19 5 0 3 9 0 3 0 0 0 0 0 0 0 0 0 0 0 0 0 0 0 0 0 0 0 0 0 0 0 0 0 0 0 0 0 0 0 0 0 0 0 0 0 0 0 0 0 0 0 0 0 0 0 0 0 0 0 0 0 0 0 0 0 0 0 0 0 0 0 0 0 0 0 0 0 0 0 0 0 0 0 0 0 0 0 0 0 0 0 0 0 0 0 0 0 0 0 0 0 0 0 0 0 0 0 0 0 0 0 0 0 0 0 0 0 0 0 0 0 0 0 0
0 0 0 0 0 0 0 0 6 0 13 0 5 9 0 6 0 8 0 8 0 5 5 0 0 0 0 0 0 0 0 0 0 0 0 0 0 1 0 8 2 0 0 0 0 0 12 0 0 0 0 7 0 0 0 0 0 0 0 0 0 0 0 0 16 7 0 9 0 0 0 7 7 19 0 2 9 0 0 3 0 0 0 0 0 0 0 0 0 0 0 0 0 8 12 0 0 2 0 1 0 0 0 0 1 0 2 0 0 0 0 0 0 0 0 0 0 0 0 0 11 0 0 66 110 19 103 237 95 0 17 0 0 0 13 0 0 0 0 0 0 0 0 0 0 0 0 0 16 0 28 226 248 0 40 146 208 179 0 0 12 0 0 0 0 0 0 0 0 0 0 0 0 0 0 0 0 16 136 243 180 0 17 0 127 241 32 4 10 0 0 8 0 0 0 0 0 0 0 0 0 0 0 0 4 30 236 252 86 0 0 0 0 139 230 47 2 0 8 0 0 0 0 0 2 0 0 5 0 0 5 2 0 184 255 105 3 7 0 0 1 28 211 172 12 0 5 0 0 0 0 0 1 0 0 3 0 0 3 0 89 237 167 30 0 0 0 0 0 15 57 225 143 15 0 19 0 0 0 0 0 0 2 0 0 0 0 0 154 255 71 0 4 0 1 0 2 0 0 106 255 28 7 0 0 0 0 0 0 1 5 0 0 2 0 2 183 239 26 0 19 1 0 0 1 7 0 8 228 148 17 0 0 0 0 0 0 0 6 0 0 4 0 18 229 192 13 0 2 0 0 2 0 4 0 9 156 255 25 7 0 0 0 0 0 0 7 0 1 4 0 43 255 129 2 0 0 4 0 1 2 0 12 0 95 254 57 4 0 0 0 0 2 0 6 0 3 3 0 67 252 87 0 1 1 7 0 1 0 7 0 0 5 252 58 0 0 0 0 0 3 0 5 0 4 2 0 83 255 84 0 0 2 0 0 8 0 0 0 15 0 255 52 1 0 0 0 0 0 1 10 0 3 0 0 104 255 75 0 2 0 9 0 6 0 5 0 13 0 253 72 0 0 0 0 0 0 0 8 0 3 1 0 72 248 116 30 0 3 0 11 0 2 0 14 15 28 247 86 0 0 0 0 0 2 0 5 0 1 5 0 31 248 195 2 0 1 10 3 0 4 1 0 0 131 255 84 5 0 0 0 0 3 0 5 0 0 5 0 3 159 252 117 0 29 0 0 8 0 2 4 48 212 206 34 6 0 0 0 0 2 0 5 2 0 2 1 0 107 254 195 21 0 0 5 4 1 1 94 245 247 77 0 0 0 0 0 0 0 0 3 2 0 0 3 0 0 163 255 227 56 9 0 0 57 213 255 206 72 0 15 0 0 0 0 0 0 1 0 2 2 0 1 1 0 32 176 249 255 207 223 212 255 242 124 26 1 0 0 6 0 0 0 0 0 2 0 1 8 0 0 0 2 0 2 109 213 255 248 236 149 61 19 0 0 12 1 0 0 0 0 0 0 0 0 0 0 0 0 0 0 0 0 0 0 0 0 0 0 0 0 0 0 0 0 0 0 0 0 0 0 0 0 0 0 0 0 0 0 0 0 0 0 0 0 0 0 0 0 0 0 0 0 0 0 0 0 0 0 0 0 0 0 0 0 0 0 0 0 0 0 0 0 0 0 0 0 0 0 0 0 0 0 0 0 0 0 0 0 0 0 0 0 0 0 0 0 0 0 0 0 0 0 0 0 0 0 0 0 0 0 0 0 0
0 0 0 0 0 0 0 0 8 5 0 4 0 2 0 0 2 0 4 0 3 8 0 0 0 0 0 0 0 0 0 0 0 0 0 0 0 3 12 12 0 2 5 0 2 1 0 0 1 0 0 10 0 0 0 0 0 0 0 0 0 0 0 0 22 0 0 0 0 0 0 2 0 0 1 16 0 0 10 0 0 0 0 0 0 0 0 0 0 0 0 0 1 0 5 12 6 0 6 11 3 4 8 0 0 5 1 0 0 0 0 0 0 0 0 0 0 0 0 0 0 0 2 0 55 191 249 234 252 215 113 0 0 22 0 12 0 0 0 0 0 0 0 0 0 0 0 0 4 0 3 0 52 223 255 251 251 255 255 137 9 0 0 11 0 0 0 0 0 0 0 0 0 0 0 0 0 0 3 0 0 160 234 255 255 247 249 205 68 0 21 0 0 0 0 0 0 0 0 0 0 0 0 0 5 7 0 2 27 235 255 229 92 227 246 255 168 0 0 9 0 0 0 0 3 0 0 2 5 1 0 1 1 0 1 10 192 251 253 112 0 48 199 249 176 0 4 3 0 0 0 0 3 1 1 2 0 0 0 0 8 10 0 107 240 255 115 0 0 0 33 197 159 0 0 0 0 0 0 0 0 3 4 0 0 0 0 0 0 0 61 249 250 157 3 2 1 0 0 206 204 17 4 8 0 0 0 0 0 0 2 0 0 1 2 0 10 0 194 255 213 11 0 3 0 11 2 201 249 19 12 0 0 0 0 0 0 0 0 0 0 2 0 0 0 124 253 235 48 4 0 0 1 0 0 170 255 31 9 0 0 0 0 0 3 0 0 1 0 0 0 2 48 221 246 92 0 0 18 3 6 0 0 190 255 43 0 7 0 0 0 0 5 0 0 4 0 0 4 27 213 252 103 11 2 6 0 0 0 0 0 208 250 33 0 2 0 0 0 0 2 0 0 6 0 0 13 51 254 204 19 1 4 0 3 5 0 8 0 191 250 35 9 0 0 0 0 0 10 0 1 3 13 0 8 185 252 61 0 9 0 1 6 1 3 4 7 212 252 41 0 0 0 0 0 0 0 7 15 0 0 15 103 246 240 47 0 3 0 2 0 0 0 3 149 240 195 0 22 5 0 0 0 0 0 0 2 0 0 7 155 255 116 0 2 7 0 18 0 1 7 91 254 252 187 0 0 8 0 0 0 0 2 0 0 4 7 0 158 245 80 0 4 0 0 1 0 12 129 240 231 243 51 0 15 0 0 0 0 0 0 5 4 0 0 0 169 243 175 40 4 0 20 70 108 186 255 244 255 61 0 12 0 0 0 0 0 0 3 0 0 0 0 0 144 255 255 216 210 203 218 249 250 255 249 234 113 8 10 7 0 0 0 0 0 0 7 0 0 0 7 0 54 199 240 255 255 245 244 255 255 241 184 68 4 1 0 0 16 3 0 0 0 0 0 3 14 0 8 6 0 70 254 254 245 255 255 185 140 119 14 0 0 7 0 10 0 0 0 0 0 0 0 0 0 0 0 0 0 0 0 0 0 0 0 0 0 0 0 0 0 0 0 0 0 0 0 0 0 0 0 0 0 0 0 0 0 0 0 0 0 0 0 0 0 0 0 0 0 0 0 0 0 0 0 0 0 0 0 0 0 0 0 0 0 0 0 0 0 0 0 0 0 0 0 0 0 0 0 0 0 0 0 0 0 0 0 0 0 0 0 0 0 0 0 0 0 0 0 0 0 0 0 0 0 0 0 0 0 0 0 0 0 0
0 0 0 0 0 0 0 0 0 16 0 0 14 0 0 0 0 26 0 4 3 2 4 0 0 0 0 0 0 0 0 0 0 0 0 0 0 0 4 0 0 12 0 15 16 0 0 10 0 0 5 3 0 0 0 0 0 0 0 0 0 0 0 0 4 0 12 0 9 0 15 0 0 0 11 0 1 14 11 0 0 0 0 0 0 0 0 0 0 0 0 0 0 10 0 0 9 0 9 0 1 3 0 4 0 0 0 2 0 0 0 0 0 0 0 0 0 0 0 0 0 0 0 12 0 9 0 118 255 52 0 5 0 1 8 0 0 0 0 0 0 0 0 0 0 0 0 0 6 0 10 4 0 0 85 244 209 109 182 63 0 3 1 0 0 0 0 0 0 0 0 0 0 0 0 0 0 0 4 0 10 24 200 255 255 243 255 124 5 0 0 0 0 0 0 0 0 0 0 0 0 0 0 0 0 0 5 0 0 189 255 247 254 189 173 255 73 0 2 5 0 0 0 0 0 0 0 0 0 0 0 0 0 3 0 0 11 221 255 184 97 21 0 211 137 0 0 11 0 0 0 0 0 0 0 0 0 0 0 0 11 0 0 24 146 254 143 12 14 0 3 191 130 7 4 0 0 0 0 0 0 0 0 0 0 0 0 0 2 5 2 18 255 240 9 16 0 0 9 170 124 0 4 0 0 0 0 0 0 0 0 0 0 0 0 0 0 12 0 141 255 77 0 0 6 0 12 176 143 0 0 5 0 0 0 0 0 0 0 0 0 0 0 0 18 0 71 251 222 36 0 4 6 0 5 186 162 5 0 4 0 0 0 0 0 0 0 0 0 0 0 0 0 0 103 243 130 0 0 12 2 0 0 175 139 6 3 0 0 0 0 0 0 0 0 0 0 0 0 0 8 22 237 233 28 4 0 0 8 0 5 184 117 0 2 0 0 0 0 0 0 0 0 0 0 0 0 0 0 127 255 150 0 2 1 3 1 0 19 223 133 0 0 1 0 0 0 0 0 0 0 0 0 0 0 0 0 211 239 9 5 15 0 2 9 0 61 255 61 0 2 9 0 0 0 0 0 0 0 0 0 0 0 0 56 236 172 0 15 0 15 0 0 15 232 161 0 14 0 0 0 0 0 0 0 0 0 0 0 0 0 0 80 255 198 3 0 0 0 0 5 104 252 77 5 0 0 0 0 0 0 0 0 0 0 0 0 0 0 0 71 255 79 0 0 13 3 10 97 241 212 11 0 6 0 7 0 0 0 0 0 0 0 0 0 0 0 0 99 255 63 19 16 0 0 88 240 255 57 0 6 0 16 0 0 0 0 0 0 0 0 0 0 0 0 0 0 242 216 23 14 119 184 242 237 56 0 0 8 18 0 8 0 0 0 0 0 0 0 0 0 0 0 0 0 177 248 246 255 247 255 196 43 0 16 4 0 0 12 2 0 0 0 0 0 0 0 0 0 0 0 0 2 20 142 218 246 255 153 45 3 5 0 0 13 0 16 0 0 0 0 0 0 0 0 0 0 0 0 0 0 0 0 0 0 0 0 0 0 0 0 0 0 0 0 0 0 0 0 0 0 0 0 0 0 0 0 0 0 0 0 0 0 0 0 0 0 0 0 0 0 0 0 0 0 0 0 0 0 0 0 0 0 0 0 0 0 0 0 0 0 0 0 0 0 0 0 0 0 0 0 0 0 0 0 0 0 0 0 0 0 0 0 0 0 0 0 0 0 0 0 0 0 0 0 0 0 0 0 0 0 0 0 0
0 0 0 0 0 0 0 0 2 0 0 5 3 0 2 0 0 5 4 0 6 2 0 6 0 0 0 0 0 0 0 0 0 0 0 0 0 10 6 0 0 3 8 0 13 11 0 0 0 3 0 1 0 0 0 0 0 0 0 0 0 0 0 0 0 0 0 0 0 0 0 5 0 3 2 6 0 11 1 0 0 0 0 0 0 0 0 0 0 0 0 0 0 0 5 12 0 14 7 0 14 7 0 10 0 8 0 3 0 0 0 0 0 0 0 0 0 0 0 0 9 2 4 0 0 163 255 251 174 81 0 1 6 0 0 6 0 0 0 0 0 0 0 0 0 0 0 0 0 0 7 7 9 146 221 255 255 201 83 0 0 4 0 0 0 0 0 0 0 0 0 0 0 0 0 0 9 0 0 6 0 25 64 207 253 255 167 1 0 5 12 0 0 0 0 0 0 0 0 0 0 0 0 0 0 12 0 5 0 1 26 235 250 255 164 1 4 0 0 5 0 0 0 0 0 0 0 0 0 0 0 0 0 0 6 0 4 7 167 239 235 249 255 19 0 0 2 2 0 0 0 0 0 0 0 0 0 0 0 0 0 0 8 0 0 189 244 243 34 163 242 38 6 0 0 0 0 0 0 0 0 0 0 0 0 0 0 0 0 17 0 0 119 221 215 33 11 159 189 6 6 0 5 0 0 0 0 0 0 0 0 0 0 0 0 0 3 0 0 61 248 254 123 11 0 168 159 0 6 0 0 6 0 0 0 0 0 0 0 0 0 0 0 0 3 0 49 188 255 120 8 0 0 197 161 2 7 0 1 0 0 0 0 0 0 0 0 0 0 0 0 0 0 0 99 255 201 18 17 0 41 245 176 0 0 6 6 0 0 0 0 0 0 0 0 0 0 0 0 0 15 28 174 234 20 22 0 10 63 244 172 10 0 0 0 9 0 0 0 0 0 0 0 0 0 0 0 0 0 89 255 203 5 0 6 0 184 255 120 0 6 14 0 2 0 0 0 0 0 0 0 0 0 0 0 0 24 167 251 30 0 0 12 0 255 255 54 0 0 9 0 1 0 0 0 0 0 0 0 0 0 0 0 0 5 255 241 16 19 0 10 85 247 188 30 5 0 0 0 1 0 0 0 0 0 0 0 0 0 0 0 0 38 255 182 0 0 6 61 255 255 116 0 3 1 0 8 0 0 0 0 0 0 0 0 0 0 0 0 0 16 255 148 4 4 71 206 255 220 55 0 0 7 0 10 0 0 0 0 0 0 0 0 0 0 0 0 0 34 253 192 28 98 215 250 241 68 0 4 0 7 0 0 0 0 0 0 0 0 0 0 0 0 0 0 0 14 178 244 248 255 252 238 66 0 0 5 0 6 0 0 0 0 0 0 0 0 0 0 0 0 0 0 0 0 151 255 240 255 196 53 0 4 3 0 0 4 2 7 0 0 0 0 0 0 0 0 0 0 0 0 0 5 0 156 248 145 46 6 2 0 0 0 9 0 0 1 0 0 0 0 0 0 0 0 0 0 0 0 0 0 0 0 0 0 0 0 0 0 0 0 0 0 0 0 0 0 0 0 0 0 0 0 0 0 0 0 0 0 0 0 0 0 0 0 0 0 0 0 0 0 0 0 0 0 0 0 0 0 0 0 0 0 0 0 0 0 0 0 0 0 0 0 0 0 0 0 0 0 0 0 0 0 0 0 0 0 0 0 0 0 0 0 0 0 0 0 0 0 0 0 0 0 0 0 0 0 0 0 0 0 0 0 0
3 1 0 0 7 1 0 0 3 0 3 4 3 0 0 0 0 0 4 4 0 0 1 5 0 0 0 0 0 5 5 0 0 0 0 0 9 0 0 0 0 0 0 6 2 0 0 0 0 4 1 0 0 0 0 0 0 0 0 4 5 11 11 0 0 0 0 4 6 1 0 0 1 5 8 3 0 0 0 3 0 0 0 0 14 0 0 7 0 0 0 0 8 8 0 0 0 0 6 5 0 0 0 0 3 7 2 0 0 0 0 0 1 0 1 3 0 0 2 11 0 4 0 4 4 0 5 0 0 3 6 5 1 0 0 0 0 0 0 0 0 4 1 0 9 13 0 0 0 9 0 1 1 0 9 0 2 1 0 0 0 0 0 5 0 0 0 0 0 11 0 0 5 0 0 12 9 69 112 180 209 196 193 156 95 54 11 0 9 19 9 0 0 0 0 0 0 7 0 0 5 0 48 186 242 255 243 255 255 246 255 247 255 241 189 108 29 0 0 6 0 0 0 0 8 0 8 0 6 14 209 255 255 247 246 255 163 237 254 250 250 253 250 249 213 23 0 12 0 1 0 0 0 5 0 0 7 43 238 255 233 157 36 0 6 27 35 127 226 255 237 255 242 233 50 0 0 2 7 1 0 8 0 1 0 1 216 246 168 18 0 15 2 0 7 0 14 103 222 230 221 242 245 91 5 0 4 0 7 0 8 0 0 42 233 232 60 0 0 0 4 0 7 1 11 0 27 70 6 206 255 238 58 0 0 0 0 0 11 0 5 171 253 152 0 11 15 0 19 8 0 2 0 15 0 2 10 17 234 250 143 13 0 1 0 0 0 9 0 240 243 108 8 0 7 1 0 0 4 0 2 0 1 0 3 1 209 255 179 12 0 0 0 0 0 17 1 246 255 103 0 0 3 0 10 8 0 8 0 0 0 18 0 0 240 247 161 0 0 0 0 2 4 0 6 222 244 11 3 0 6 0 9 0 0 0 2 0 10 0 0 10 214 251 144 0 14 0 0 1 0 0 10 142 255 61 3 0 0 6 2 0 1 4 0 0 9 0 5 69 219 255 122 20 0 13 0 4 1 0 3 71 235 125 0 5 5 0 3 24 0 0 6 1 0 18 34 218 255 234 41 0 0 10 0 1 3 0 3 10 207 228 57 0 10 6 0 0 0 11 0 8 15 55 244 255 253 89 0 0 3 7 2 0 2 0 1 0 147 255 188 39 0 11 6 4 0 1 7 30 118 252 255 251 94 0 3 7 2 0 9 0 3 1 0 0 47 170 255 234 119 27 21 16 46 131 138 236 255 255 219 48 8 6 3 2 0 0 4 0 3 5 0 4 0 55 177 255 255 245 255 255 242 255 255 251 238 142 37 0 0 5 0 0 0 5 0 0 0 3 3 3 0 0 8 78 177 232 250 254 242 236 123 125 30 0 0 1 12 0 1 2 7 8 0 8 0 0 2 0 19 0 5 0 6 3 56 85 16 0 4 0 0 8 4 0 5 0 4 0 0 0 0 0 0 0 0 0 0 0 0 0 0 0 0 0 0 0 0 0 0 0 0 0 0 0 0 0 0 0 0 0 0 0 0 0 0 0 0 0 0 0 0 0 0 0 0 0 0 0 0 0 0 0 0 0 0 0 0 0 0 0 0 0 0 0 0 0 0 0 0 0 0 0 0 0 0 0 0 0 0 0 0 0 0 0 0 0 0 0 0 0 0 0 0 0 0 0 0 0 0 0 0 0 0 0 0 0 0 0 0 0 0 0
0 0 0 0 0 0 0 0 0 5 4 0 0 0 0 8 4 0 4 15 0 0 12 0 0 0 0 0 0 0 0 0 0 0 0 0 3 0 0 0 9 14 3 0 0 0 0 0 3 0 0 8 0 0 0 0 0 0 0 0 0 0 0 0 9 0 0 6 0 0 0 11 9 6 7 3 5 0 0 4 0 0 0 0 0 0 0 0 0 0 0 0 0 4 5 0 0 19 19 0 0 0 5 3 0 0 6 0 0 0 0 0 0 0 0 0 0 0 0 0 0 0 7 11 2 0 0 1 56 147 255 249 173 37 0 8 0 0 0 0 0 0 0 0 0 0 0 0 3 0 0 0 3 13 72 153 225 246 255 240 255 140 0 5 0 0 0 0 0 0 0 0 0 0 0 0 0 16 0 0 91 205 251 255 255 209 172 145 255 231 87 0 0 0 0 0 0 0 0 0 0 0 0 0 5 0 0 83 222 255 241 252 101 12 5 0 138 255 190 0 0 0 0 0 0 7 0 0 6 2 0 0 0 5 60 237 255 238 255 112 10 1 0 14 0 221 195 1 0 0 0 0 0 8 0 0 0 0 3 7 3 64 255 243 254 255 79 5 8 0 1 0 10 228 251 86 0 0 0 0 0 1 0 0 4 7 0 0 0 124 255 255 250 212 27 0 0 0 10 0 6 216 255 128 0 0 0 0 0 0 4 1 0 5 0 1 65 228 255 145 255 188 0 15 9 0 1 18 0 215 255 183 0 0 0 0 0 0 11 0 0 0 5 47 217 254 239 101 240 100 0 0 0 0 2 0 0 223 250 88 0 0 0 0 7 0 2 0 5 0 0 46 251 255 58 53 165 0 0 13 25 0 0 7 77 234 219 39 0 0 0 0 6 0 0 0 17 4 0 76 252 189 0 4 0 0 2 3 0 14 9 0 105 255 198 4 0 0 0 0 0 1 11 0 0 0 18 171 255 107 4 0 12 7 0 2 12 0 0 134 245 218 48 2 0 0 0 0 3 0 0 1 0 0 28 201 255 80 8 0 3 0 0 7 0 4 42 157 254 136 7 0 0 0 0 0 2 0 0 6 4 0 121 244 203 5 0 6 6 2 12 0 9 42 227 250 238 38 0 0 0 0 0 0 1 0 3 1 10 0 216 255 241 0 0 11 4 0 8 0 122 232 255 246 66 0 0 15 0 0 0 0 2 4 6 0 8 2 229 251 208 23 4 0 0 0 64 184 255 246 238 47 19 0 3 0 0 0 0 0 2 4 2 0 4 0 165 255 222 0 9 18 15 110 236 248 243 167 31 5 4 0 9 0 0 0 0 0 0 0 0 7 3 0 78 245 247 194 193 178 207 249 249 228 143 13 0 0 0 0 0 12 0 0 0 0 0 0 0 6 0 0 13 155 248 255 254 255 255 237 136 61 15 0 0 18 6 0 15 0 0 0 0 0 0 10 4 0 0 13 0 44 211 249 245 255 196 101 17 0 0 10 0 0 0 12 0 6 0 0 0 0 0 0 0 0 0 0 0 0 0 0 0 0 0 0 0 0 0 0 0 0 0 0 0 0 0 0 0 0 0 0 0 0 0 0 0 0 0 0 0 0 0 0 0 0 0 0 0 0 0 0 0 0 0 0 0 0 0 0 0 0 0 0 0 0 0 0 0 0 0 0 0 0 0 0 0 0 0 0 0 0 0 0 0 0 0 0 0 0 0 0 0 0 0 0 0 0 0 0 0 0 0 0 0 0 0 0 0 0 0 0 0 0
0 0 0 0 0 0 0 0 8 0 0 3 11 0 4 0 0 0 4 0 0 6 3 0 0 0 0 0 0 0 0 0 0 0 0 0 0 0 0 0 10 0 14 0 14 5 0 0 0 0 0 8 0 0 0 0 0 0 0 0 0 0 0 0 14 0 18 0 0 0 19 0 0 0 0 2 8 2 0 0 0 0 0 0 0 0 0 0 0 0 0 0 0 20 0 12 217 202 0 13 5 8 8 4 0 0 2 3 0 0 0 0 0 0 0 0 0 0 0 0 14 0 0 143 255 255 84 9 0 0 0 3 0 0 0 7 0 0 0 0 0 0 0 0 0 0 0 0 0 5 0 211 249 251 244 213 85 31 0 0 6 5 0 0 0 0 0 0 0 0 0 0 0 0 0 0 0 17 10 216 255 246 253 254 254 187 89 14 0 1 7 2 0 0 0 0 0 0 0 0 0 0 0 0 5 0 76 254 250 255 255 250 249 255 219 88 0 0 7 0 0 0 0 0 1 0 0 1 3 0 0 1 8 20 188 240 231 179 242 255 255 242 255 231 157 14 8 3 0 0 0 0 2 1 1 1 0 0 0 1 0 57 240 255 121 3 53 116 255 254 255 255 255 100 0 0 0 0 0 0 0 4 5 0 0 0 0 1 0 73 242 229 13 0 25 0 42 164 249 236 245 243 43 0 0 0 0 0 0 1 2 0 0 3 3 0 14 206 255 116 0 10 3 0 13 6 183 255 247 254 12 23 0 0 0 0 0 0 0 0 3 5 1 0 102 255 246 54 0 0 0 17 0 0 29 205 255 234 165 0 0 0 0 0 4 0 0 1 3 1 0 0 187 230 200 33 0 5 18 0 14 0 0 66 253 254 169 0 0 0 0 0 5 0 0 4 1 0 4 21 208 255 188 4 0 5 0 1 0 3 13 70 254 255 147 7 0 0 0 0 1 0 0 5 0 0 12 44 253 250 157 8 0 4 0 4 1 1 16 173 255 245 78 6 0 0 0 0 0 5 0 8 0 0 19 227 247 244 51 0 7 0 3 2 0 12 138 255 241 175 6 5 0 0 0 0 1 0 0 4 3 7 26 243 255 191 0 0 0 13 14 0 37 186 255 240 255 57 1 2 0 0 0 0 5 0 0 0 0 5 25 255 255 207 56 0 19 0 49 147 239 255 242 255 230 16 3 0 0 0 0 0 3 0 10 0 0 0 25 255 249 247 249 197 216 203 250 245 248 253 246 230 67 5 15 0 0 0 0 0 0 0 10 0 2 6 16 195 255 250 247 249 242 255 255 253 255 251 192 81 0 0 2 5 0 0 0 0 5 0 1 0 7 5 0 73 250 255 255 251 255 249 245 255 245 153 14 0 13 1 0 0 0 0 0 0 4 0 0 0 0 0 0 0 95 149 246 246 255 254 244 84 23 20 0 11 0 1 4 0 0 0 0 0 0 0 5 0 0 3 13 0 0 11 0 16 0 0 11 0 0 0 8 0 0 7 0 0 0 0 0 0 0 0 0 0 0 0 0 0 0 0 0 0 0 0 0 0 0 0 0 0 0 0 0 0 0 0 0 0 0 0 0 0 0 0 0 0 0 0 0 0 0 0 0 0 0 0 0 0 0 0 0 0 0 0 0 0 0 0 0 0 0 0 0 0 0 0 0 0 0 0 0 0 0 0 0 0 0 0 0 0 0 0 0 0 0 0 0 0 0 0 0 0 0 0 0 0 0 0 0 0 0 0 0 0 0 0 0 0 0 0 0 0
0 0 0 0 0 0 0 0 19 0 11 0 5 1 0 0 0 2 0 0 1 7 1 0 0 0 0 0 0 0 0 0 0 0 0 0 0 0 7 0 4 2 0 2 0 4 7 15 0 0 3 0 0 0 0 0 0 0 0 0 0 0 0 0 0 19 3 0 13 0 0 7 1 0 0 5 0 0 16 5 0 0 0 0 0 0 0 0 0 0 0 0 5 4 0 7 20 0 0 1 12 3 7 10 7 0 0 0 0 0 0 0 0 0 0 0 0 0 0 0 1 0 0 16 0 0 17 0 0 0 0 0 2 15 0 14 0 0 0 0 0 0 0 0 0 0 0 0 0 4 9 3 0 61 133 111 55 162 255 255 226 143 14 0 0 0 0 0 0 0 0 0 0 0 0 0 0 0 0 0 26 181 255 251 254 255 246 237 254 248 165 56 0 0 0 0 0 0 0 0 0 0 0 0 7 6 0 4 81 234 255 248 242 255 240 254 252 255 243 95 0 0 0 0 0 11 1 0 2 5 6 0 0 11 0 96 251 251 254 255 224 70 4 6 74 186 253 225 69 0 5 0 1 3 0 0 0 0 2 0 4 0 38 171 250 254 232 121 30 14 0 0 0 37 253 252 116 5 2 0 6 0 0 2 0 0 2 2 0 10 118 247 255 246 178 31 0 6 2 17 2 0 255 253 149 13 0 2 6 0 1 4 0 6 2 0 0 33 193 239 255 250 41 0 15 0 0 0 0 32 238 246 125 4 0 2 3 0 7 0 0 10 0 0 60 217 255 255 219 102 0 0 0 0 17 0 0 129 255 232 68 0 0 4 1 0 11 0 0 4 0 20 55 249 242 252 148 0 15 0 10 0 0 5 2 73 229 253 22 0 8 5 0 0 8 0 0 0 0 83 255 247 255 119 12 11 0 2 0 13 0 0 117 235 245 55 5 0 5 0 0 0 4 0 5 0 12 141 255 238 255 104 0 0 3 0 8 0 5 9 161 255 245 104 5 0 0 0 0 0 0 7 0 0 131 244 254 255 94 9 0 0 0 0 0 2 5 172 243 255 118 7 0 0 0 0 0 6 1 2 0 3 160 238 255 207 72 1 1 4 4 3 7 0 109 255 255 158 3 0 0 0 0 0 0 1 7 0 5 138 246 255 251 102 4 0 10 9 0 0 14 123 222 250 155 0 0 3 0 0 0 0 10 0 0 0 0 186 253 246 193 20 0 10 0 0 9 109 177 253 255 115 16 0 12 0 0 0 0 0 0 2 17 3 15 93 255 247 212 44 0 23 0 46 103 230 255 255 238 92 0 0 0 0 0 0 0 0 18 0 0 0 1 231 251 255 255 168 150 200 219 255 249 255 244 164 31 5 2 0 17 3 0 0 0 0 0 16 13 0 24 67 255 240 255 252 250 253 255 236 248 230 58 3 8 0 7 12 0 0 0 0 0 0 14 0 0 11 0 23 158 242 244 255 255 235 232 89 73 17 3 4 0 0 6 0 10 0 0 0 0 0 0 1 4 0 0 0 12 24 145 147 118 59 15 3 0 0 0 0 0 0 0 0 0 0 0 0 0 0 0 4 5 2 0 0 3 9 0 10 9 0 0 2 9 6 0 0 0 0 0 0 0 0 0 0 0 0 0 2 4 3 0 0 0 0 0 0 0 0 0 3 1 0 0 0 0 0 0 0 0 0 0 0 0 0 0 0 0 1 2 1 0 0 17 9 4 4 5 2 0 0 0 0 0 0 0 0 0 0 0 0 0 0
0 3 6 1 0 2 2 0 2 0 5 0 0 12 0 0 0 12 0 14 0 0 4 2 0 0 0 0 0 4 3 0 0 0 0 0 0 8 3 1 5 0 0 1 15 0 5 0 23 0 2 0 0 0 0 0 2 3 0 0 0 1 1 0 0 17 0 0 8 0 4 9 0 16 0 12 0 1 3 0 0 0 0 0 1 0 0 0 2 5 4 2 1 1 0 0 4 0 7 0 0 15 0 0 2 0 14 0 0 0 0 0 0 0 0 2 4 2 0 0 7 0 16 12 0 0 1 0 3 0 11 8 5 15 0 13 0 0 0 0 0 0 1 3 0 0 0 0 1 55 193 250 248 255 255 253 255 246 30 4 0 1 24 0 0 0 0 0 0 0 2 3 0 0 1 11 157 217 255 255 245 247 248 250 252 241 244 79 45 1 0 12 0 0 0 0 0 0 2 3 0 0 12 29 175 255 254 242 255 252 254 255 246 255 255 240 210 40 7 0 0 0 0 0 6 0 0 17 0 0 41 187 255 243 255 245 255 253 255 247 253 255 255 252 255 119 17 0 0 0 5 5 0 6 3 3 0 24 181 244 245 250 255 255 237 248 245 255 248 255 229 255 255 211 40 2 0 0 4 5 6 0 0 0 7 25 254 253 255 251 255 247 255 255 246 248 249 235 255 248 251 255 113 6 2 0 1 4 0 0 11 8 0 55 251 255 253 250 255 214 251 237 245 254 255 58 212 242 255 243 99 0 5 0 0 4 8 1 0 0 14 231 255 234 247 252 191 41 1 0 102 208 49 5 36 249 249 255 255 105 12 0 0 3 0 0 8 4 0 255 243 255 255 242 70 0 0 1 0 3 11 0 17 182 188 253 241 255 21 1 0 2 14 0 0 6 0 255 234 254 237 245 54 12 6 16 3 0 0 1 0 5 100 252 247 248 30 5 0 1 0 0 5 3 0 247 255 244 252 255 59 0 0 0 9 2 2 0 11 0 82 255 255 255 35 8 0 1 0 6 0 1 0 255 230 255 253 252 47 7 0 0 10 0 3 1 0 3 75 255 240 255 28 2 0 1 0 2 0 0 4 233 255 249 246 248 61 0 0 11 0 11 4 9 0 0 101 245 255 242 31 6 0 0 7 0 0 18 0 66 233 252 255 255 69 4 15 0 0 0 0 4 1 84 235 255 255 255 31 8 0 0 5 2 0 0 0 39 240 255 248 255 239 60 39 5 0 0 0 20 62 234 255 255 238 213 22 5 0 1 0 4 0 0 1 32 185 255 249 239 255 255 236 73 93 98 89 82 248 255 255 229 250 62 8 0 0 3 0 4 5 11 0 0 45 163 255 242 255 242 245 255 248 247 253 247 255 241 228 255 183 38 0 0 1 5 0 14 1 0 1 16 12 34 168 255 249 255 255 248 255 248 252 255 243 252 255 182 50 0 0 0 3 5 1 0 0 2 12 0 0 10 130 255 255 234 255 252 250 255 252 243 255 255 173 27 0 1 3 0 5 4 0 0 0 0 0 0 0 0 13 55 190 255 243 254 255 241 255 248 215 46 22 0 23 0 0 0 0 0 0 0 0 0 0 0 0 0 0 0 13 14 0 5 14 9 0 0 15 0 2 0 16 12 0 0 0 0 0 0 0 0 0 0 0 0 12 0 2 0 0 1 0 0 2 0 2 14 9 0 0 0 0 0 0 0 0 0 0 0 0 0 0 0 0 0 3 2 6 7 3 10 0 0 0 0 0 5 3 3 0 0 0 0
0 0 0 0 0 0 0 0 0 7 0 0 0 4 0 6 0 0 2 3 2 2 0 0 0 0 0 0 0 0 0 0 0 0 0 0 14 0 0 13 0 11 5 0 15 4 0 0 0 5 3 0 0 0 0 0 0 0 0 0 0 0 0 0 0 0 0 5 0 0 0 13 0 0 5 7 3 0 0 0 0 0 0 0 0 0 0 0 0 0 0 0 13 4 1 7 3 5 0 0 2 0 0 0 0 0 2 9 0 0 0 0 0 0 0 0 0 0 0 0 0 0 2 0 0 2 19 0 1 0 4 8 6 0 0 0 0 0 0 0 0 0 0 0 0 0 0 0 0 22 0 0 97 132 143 188 242 152 49 0 0 9 6 0 0 0 0 0 0 0 0 0 0 0 0 0 1 11 0 38 226 255 237 255 253 255 246 177 70 0 0 16 0 0 0 0 0 0 0 0 0 0 0 0 5 0 77 188 254 255 255 211 52 137 237 255 194 84 11 0 0 0 0 0 0 1 5 0 2 10 0 2 34 147 255 242 250 255 230 19 0 2 3 170 255 255 0 6 0 0 0 0 3 0 4 0 0 0 0 33 230 249 207 255 253 254 112 3 3 0 0 67 218 253 85 2 0 0 0 0 2 0 1 3 0 0 12 76 232 53 180 243 255 249 105 0 4 0 0 0 183 247 179 0 0 0 0 0 1 0 2 3 0 0 13 73 83 66 233 255 255 217 31 13 0 3 3 0 173 248 224 0 0 0 0 0 3 0 4 0 0 0 0 20 0 195 255 231 151 36 0 0 0 3 5 0 177 252 232 0 0 0 0 0 0 1 5 0 1 6 0 0 112 243 249 214 0 3 15 7 8 0 1 0 192 253 198 4 0 0 0 0 0 0 3 0 5 13 0 4 250 247 238 59 0 0 0 0 8 0 2 44 225 252 103 2 0 0 0 0 1 0 2 0 0 3 0 11 255 254 168 0 0 9 0 6 0 0 7 139 255 250 5 0 0 0 0 0 0 5 0 0 5 3 0 72 255 246 73 8 1 0 6 0 10 0 54 242 252 144 14 0 0 0 0 0 0 0 0 0 0 0 28 181 255 182 21 5 0 10 0 5 0 13 240 255 227 47 0 18 0 0 0 0 4 2 0 3 0 2 69 255 248 77 0 0 8 4 0 2 14 193 237 243 204 0 4 0 0 0 0 0 0 7 4 0 0 12 76 252 235 29 0 27 0 3 0 59 228 255 246 255 111 4 17 0 0 0 0 0 0 2 0 0 0 10 72 247 218 0 0 0 0 0 69 167 255 240 255 150 0 0 0 0 0 0 0 0 3 0 0 6 0 4 74 255 226 27 0 0 21 100 189 255 253 246 135 28 4 11 1 17 0 0 0 0 4 1 0 8 2 3 60 244 254 165 68 155 120 255 244 254 245 82 0 15 0 10 0 0 0 0 0 0 0 4 1 0 0 2 32 171 255 245 253 252 255 251 236 153 73 0 0 0 0 11 8 0 0 0 0 0 0 0 0 0 0 0 0 0 110 219 255 250 253 195 75 0 0 0 0 0 0 0 0 0 0 0 0 0 0 0 0 0 0 0 0 0 0 13 1 0 12 4 0 0 0 0 0 0 0 0 0 0 0 0 0 0 0 0 0 0 0 0 0 0 7 0 0 0 4 0 0 12 0 0 0 0 0 0 0 0 0 0 0 0 0 0 0 0 0 0 0 0 0 0 4 5 1 1 0 0 0 0 0 0 0 0 0 0 0 0 0 0
0 0 0 0 0 0 0 0 7 0 0 2 9 4 0 0 0 0 12 5 0 13 1 0 0 0 0 0 0 0 0 0 0 0 0 0 0 8 9 0 0 0 3 4 10 0 0 0 0 0 9 5 0 0 0 0 0 0 0 0 0 0 0 0 0 0 0 2 8 6 0 0 0 2 11 13 4 0 0 1 0 0 0 0 0 0 0 0 0 0 0 0 0 3 4 0 0 0 7 17 12 0 0 0 5 5 0 3 0 0 0 0 0 0 0 0 0 0 0 0 0 8 10 0 0 9 0 0 4 0 23 0 1 5 0 0 0 0 0 0 0 0 0 0 0 0 0 0 2 0 0 9 8 0 0 18 95 135 250 254 240 179 85 0 0 0 0 0 0 0 0 0 0 0 0 0 6 0 2 3 0 0 93 198 252 239 253 249 255 243 188 20 0 0 0 0 0 0 0 0 0 0 0 0 0 7 1 0 37 140 227 255 246 255 249 248 255 243 255 90 0 0 0 0 1 10 0 12 0 0 0 4 0 2 13 19 209 255 236 254 251 255 227 255 255 245 255 89 0 0 0 0 0 3 0 8 0 8 7 5 11 0 128 197 251 242 255 255 248 154 255 233 255 250 234 101 0 0 0 0 0 0 0 0 0 8 0 0 0 157 243 255 255 251 245 146 0 32 214 255 246 255 255 86 0 0 0 0 4 3 0 0 2 0 0 19 141 240 255 255 243 234 75 27 0 13 37 255 239 255 239 94 0 0 0 0 0 6 0 0 13 0 26 136 249 255 239 247 142 46 0 0 11 0 0 255 255 249 96 0 0 0 0 0 0 9 2 0 3 0 108 243 251 246 255 110 3 0 0 5 0 4 0 255 244 250 43 9 0 0 0 0 0 7 2 0 0 31 199 255 255 244 110 0 3 5 19 0 0 0 15 255 252 180 0 0 0 0 0 0 6 0 0 4 0 82 255 246 255 219 42 1 0 8 0 5 5 22 190 249 254 120 6 3 0 0 0 0 2 0 0 0 71 244 245 250 233 41 0 6 4 0 10 0 0 87 255 249 200 41 0 2 0 0 0 0 0 12 14 3 89 241 255 250 85 7 23 0 5 9 0 0 9 204 239 208 38 0 0 3 0 0 0 0 0 1 0 0 105 239 255 242 94 0 0 0 14 1 17 96 220 252 255 172 0 0 15 2 0 0 0 0 7 0 0 0 111 249 253 255 95 4 6 25 0 0 200 238 242 255 232 52 20 10 0 0 0 0 0 0 3 0 9 7 91 255 241 255 104 0 3 0 124 255 242 255 255 220 73 0 2 0 0 0 0 0 0 0 0 0 2 3 76 255 255 244 213 38 53 193 255 249 255 244 229 68 0 11 0 0 19 0 0 0 0 0 5 6 0 7 55 199 255 252 242 253 255 247 232 255 204 109 3 0 16 0 8 12 0 0 0 0 0 0 0 3 0 4 0 57 212 252 255 253 250 249 243 185 20 0 0 13 0 7 0 0 0 7 0 0 0 0 0 0 0 0 0 5 60 121 255 243 230 106 63 0 9 0 0 0 0 0 0 0 0 0 0 0 0 0 9 1 1 7 3 0 0 12 0 1 11 0 0 0 17 10 0 0 0 0 0 0 0 0 0 0 0 0 0 0 0 0 4 2 0 0 1 6 0 7 0 10 0 0 0 0 0 0 0 0 0 0 0 0 0 0 3 5 3 0 0 0 4 4 0 0 0 10 0 7 0 5 0 0 0 0 0 0 0 0 0 0 0 0
0 0 0 0 0 0 0 0 0 1 7 4 0 0 0 0 0 7 0 2 7 0 0 2 0 0 0 0 0 0 0 0 0 0 0 0 7 0 0 0 0 1 3 6 0 7 0 0 1 1 4 0 0 0 0 0 0 0 0 0 0 0 0 0 4 0 0 3 6 0 0 0 21 0 7 3 13 0 0 13 0 0 0 0 0 0 0 0 0 0 0 0 0 0 4 5 1 0 0 1 0 21 0 0 0 21 0 0 0 0 0 0 0 0 0 0 0 0 0 0 0 5 3 0 0 4 10 7 6 12 0 16 8 0 155 171 0 0 0 0 0 0 0 0 0 0 0 0 1 2 0 0 0 4 0 0 3 0 48 91 87 0 36 52 0 0 0 0 0 0 0 0 0 0 0 0 0 0 0 7 4 0 0 13 0 25 169 255 0 12 18 0 0 0 0 0 0 0 0 0 0 0 0 0 5 0 0 7 0 0 37 100 171 228 157 244 160 0 0 9 0 0 0 0 1 5 0 0 0 0 0 3 0 0 0 11 3 4 51 192 186 127 3 162 248 216 56 2 0 0 0 0 0 6 10 0 8 20 0 8 2 4 0 0 102 183 222 136 0 1 23 204 249 193 37 0 0 0 0 0 9 4 0 0 0 0 0 1 0 7 1 98 255 240 227 0 0 9 0 158 253 255 61 9 0 0 0 0 0 0 0 27 9 0 28 0 0 3 20 255 242 109 9 0 11 0 92 251 239 119 7 0 0 0 0 0 0 10 2 0 0 0 0 0 44 97 239 207 183 41 0 6 0 117 255 255 225 24 0 0 0 0 0 0 5 0 5 0 18 13 0 119 198 255 196 25 0 16 18 0 12 116 227 255 130 0 11 1 0 0 0 0 6 0 5 10 15 0 1 133 255 192 53 0 11 0 12 0 13 204 255 255 58 16 0 2 0 0 0 0 0 9 0 7 0 40 210 255 146 14 0 0 1 9 0 65 246 255 253 175 18 0 0 5 0 0 0 0 0 16 0 0 0 62 210 255 7 0 0 11 0 1 37 238 249 254 230 86 0 6 2 2 0 0 0 0 1 0 5 3 15 154 255 133 0 13 0 0 43 162 184 247 255 162 83 8 0 10 0 1 0 0 0 0 2 0 2 4 120 238 243 112 8 0 0 91 182 254 248 255 161 44 0 0 0 8 0 6 0 0 0 0 0 6 0 1 192 255 255 255 92 236 255 255 242 255 167 0 24 0 0 5 6 5 0 2 0 0 0 0 3 0 11 0 90 167 214 247 255 251 236 255 168 45 3 0 0 0 10 5 0 5 1 0 0 0 0 0 12 0 16 0 0 22 61 76 68 77 64 62 23 0 9 6 4 0 3 1 0 0 5 3 0 0 0 0 0 0 5 6 6 0 0 4 0 4 2 7 5 0 0 0 0 0 1 8 0 0 5 6 0 0 0 0 3 0 0 0 0 3 12 0 0 2 0 0 2 1 0 5 2 1 0 5 0 0 5 0 0 0 0 0 0 0 0 0 0 0 0 0 0 0 0 0 0 0 0 0 0 0 0 0 0 0 0 0 0 0 0 0 0 0 0 0 0 0 0 0 0 0 0 0 0 0 0 0 0 0 0 0 0 0 0 0 0 0 0 0 0 0 0 0 0 0 0 0 0 0 0 0 0 0 0 0 0 0 0 0 0 0 0 0 0 0 0 0 0 0 0 0 0 0 0 0 0 0 0 0 0 0 0 0 0 0 0 0 0 0 0 0 0 0 0 0
0 0 0 0 0 0 0 0 3 4 0 8 7 0 0 7 5 0 0 0 0 3 2 0 0 0 0 0 0 0 0 0 0 0 0 0 9 0 9 0 0 9 0 0 0 0 12 2 10 0 0 18 0 0 0 0 0 0 0 0 0 0 0 0 0 0 14 0 10 0 1 25 6 0 16 0 0 0 0 0 0 0 0 0 0 0 0 0 0 0 0 0 9 0 3 0 0 3 0 0 6 0 11 0 0 17 12 8 0 0 0 0 0 0 0 0 0 0 0 0 5 0 0 0 25 5 4 255 220 94 2 2 16 2 0 6 0 0 0 0 0 0 0 0 0 0 0 0 0 16 0 11 1 48 212 239 252 220 224 173 34 0 11 2 0 0 0 0 0 0 0 0 0 0 0 0 21 0 23 0 55 181 255 244 85 34 144 255 189 1 4 4 0 0 0 0 0 0 0 0 0 0 0 0 0 10 0 30 253 255 223 12 2 0 14 102 247 73 9 0 0 0 0 0 0 10 0 0 6 0 0 5 0 0 11 184 255 201 4 2 0 4 10 0 189 205 23 0 0 0 0 0 0 4 0 1 4 0 0 2 0 48 192 238 242 70 10 0 10 0 5 3 54 242 125 11 0 0 0 0 2 0 0 3 1 0 0 4 0 113 255 254 113 0 0 2 0 0 0 4 0 169 229 0 0 0 0 0 5 0 0 0 0 7 1 1 138 234 255 209 11 10 0 10 0 6 0 0 18 106 255 33 0 0 0 0 2 0 3 0 2 11 0 0 221 255 244 65 0 0 1 0 6 0 2 0 2 146 241 149 0 0 0 0 0 0 6 0 3 3 0 29 237 250 215 3 11 0 15 4 7 0 0 9 0 151 246 137 0 0 0 0 0 0 5 0 3 0 14 136 249 250 118 7 2 0 0 0 0 0 0 3 3 141 255 59 0 0 0 0 6 0 1 0 3 0 52 244 253 224 6 0 0 9 3 3 9 0 9 0 16 200 255 64 0 0 0 0 0 0 5 0 0 0 91 251 240 112 0 4 0 0 0 3 0 11 0 0 186 248 231 46 0 0 0 0 4 0 0 2 9 4 84 247 253 47 0 1 9 6 8 0 0 0 1 72 236 255 220 0 0 0 0 0 2 0 0 1 4 0 81 255 220 0 1 0 0 0 0 0 14 79 152 193 241 225 21 12 0 0 0 0 0 5 1 0 2 0 52 213 240 39 0 1 8 14 0 15 101 255 249 249 232 40 6 0 0 0 0 0 0 3 0 0 15 1 0 73 244 157 81 4 13 19 114 245 255 255 255 235 52 0 9 2 0 0 0 0 0 3 2 0 6 2 0 5 187 255 252 157 189 185 243 255 235 233 189 5 1 7 6 0 0 0 0 0 0 0 9 0 0 0 0 9 38 174 255 255 240 255 255 222 190 51 0 14 0 0 0 0 0 0 0 0 2 0 2 1 1 11 0 0 0 9 69 237 138 149 79 37 0 3 0 0 0 0 6 0 0 0 0 0 0 0 0 0 0 0 0 0 0 0 0 0 0 0 0 0 0 0 0 0 0 0 0 0 0 0 0 0 0 0 0 0 0 0 0 0 0 0 0 0 0 0 0 0 0 0 0 0 0 0 0 0 0 0 0 0 0 0 0 0 0 0 0 0 0 0 0 0 0 0 0 0 0 0 0 0 0 0 0 0 0 0 0 0 0 0 0 0 0 0 0 0 0 0 0 0 0 0 0 0 0 0 0 0 0 0 0 0 0 0 0 0
0 0 0 0 0 0 0 0 0 8 0 0 17 0 12 0 4 5 0 0 16 5 0 2 0 0 0 0 0 0 0 0 0 0 0 0 4 0 9 1 0 0 0 4 0 0 10 2 0 0 13 0 0 0 0 0 0 0 0 0 0 0 0 0 11 0 10 0 0 19 12 1 12 2 0 8 9 0 0 18 0 0 0 0 0 0 0 0 0 0 0 0 0 0 13 7 5 0 13 0 0 7 1 0 2 8 0 0 0 0 0 0 0 0 0 0 0 0 0 0 14 0 0 0 0 47 164 224 45 7 0 1 0 0 8 0 0 0 0 0 0 0 0 0 0 0 0 0 0 1 5 6 35 228 242 255 237 107 8 3 9 0 0 14 0 0 0 0 0 0 0 0 0 0 0 0 0 0 2 0 49 240 247 255 255 242 115 3 0 6 0 0 0 0 0 0 0 0 0 0 0 0 0 0 4 0 11 1 1 5 114 243 231 255 239 113 0 0 13 0 0 0 0 0 0 0 16 0 0 0 4 3 0 5 5 0 2 10 7 73 69 82 221 227 11 1 0 2 0 0 0 0 7 0 3 0 5 0 2 0 0 0 0 13 5 0 0 17 0 0 104 224 53 0 0 0 0 0 0 0 8 0 0 0 5 0 7 0 4 5 67 168 157 180 81 0 11 2 69 255 144 11 2 2 0 0 0 0 0 3 0 3 1 0 9 0 0 49 255 231 219 205 172 22 0 0 19 202 201 42 0 0 0 0 0 0 0 7 0 1 2 0 0 0 124 226 251 106 0 16 53 21 2 0 0 86 249 126 23 5 0 0 0 0 0 5 0 0 7 5 0 27 182 237 99 0 7 0 11 0 2 4 0 0 237 141 0 0 0 0 0 0 3 1 0 0 4 4 0 139 251 194 4 1 0 9 1 5 0 0 9 0 229 143 0 9 0 0 0 0 2 0 7 0 0 0 28 255 195 24 0 2 0 0 5 0 8 0 0 5 232 144 0 0 0 0 0 0 1 0 7 0 2 0 126 251 99 2 4 0 0 1 3 4 2 5 0 42 246 137 4 0 0 0 0 0 1 0 4 5 11 11 174 255 96 0 4 7 3 1 0 0 1 0 7 88 246 131 3 0 0 0 0 0 0 0 0 1 0 0 170 240 110 3 0 0 3 11 0 17 0 0 47 226 221 33 20 0 0 0 0 0 7 4 0 2 0 0 150 251 97 0 13 7 0 0 0 0 0 39 210 245 105 1 0 9 0 0 0 0 0 0 5 0 8 12 116 255 204 10 0 13 0 1 25 0 46 213 255 109 7 8 0 14 0 0 0 0 0 0 2 0 3 0 45 191 246 99 1 0 8 0 37 97 212 255 98 10 3 0 19 0 0 0 0 0 5 9 4 0 3 0 2 76 213 255 236 234 251 186 216 255 222 93 1 0 8 0 0 0 0 0 0 0 0 0 0 4 5 0 1 3 0 83 164 245 255 244 229 92 2 1 6 0 0 0 9 2 0 0 0 0 0 0 0 0 0 0 0 0 0 0 0 0 0 0 0 0 0 0 0 0 0 0 0 0 0 0 0 0 0 0 0 0 0 0 0 0 0 0 0 0 0 0 0 0 0 0 0 0 0 0 0 0 0 0 0 0 0 0 0 0 0 0 0 0 0 0 0 0 0 0 0 0 0 0 0 0 0 0 0 0 0 0 0 0 0 0 0 0 0 0 0 0 0 0 0 0 0 0 0 0 0 0 0 0 0 0 0 0 0 0 0 0
0 0 0 0 0 0 0 0 7 0 0 6 2 1 0 2 11 0 4 0 10 8 0 13 0 0 0 0 0 0 0 0 0 0 0 0 9 0 0 3 1 2 0 0 6 0 13 0 0 0 20 0 0 0 0 0 0 0 0 0 0 0 0 0 1 5 5 0 0 1 4 1 5 6 0 3 0 0 3 6 0 0 0 0 0 0 0 0 0 0 0 0 0 5 0 0 2 6 3 0 0 9 0 7 0 16 0 0 0 0 0 0 0 0 0 0 0 0 0 0 0 6 0 5 7 31 155 255 123 8 0 12 0 0 0 4 0 0 0 0 0 0 0 0 0 0 0 0 0 28 0 1 97 207 255 231 125 0 9 0 7 0 0 0 0 0 0 0 0 0 0 0 0 0 0 0 17 0 0 106 239 255 255 255 240 215 166 31 0 5 17 0 0 0 0 0 0 0 0 0 0 0 0 0 0 5 24 158 255 252 245 247 254 251 255 247 74 6 0 0 0 0 0 0 6 0 0 0 1 0 0 5 2 4 128 251 248 255 255 254 245 255 254 248 253 129 1 0 0 0 0 0 0 0 1 3 1 0 0 0 0 3 224 245 255 245 114 185 255 234 255 255 236 199 0 7 0 0 0 0 0 1 5 2 0 0 0 0 0 150 255 249 255 207 9 0 0 13 144 255 255 255 27 0 0 0 0 0 0 3 2 0 0 3 5 3 32 252 241 246 211 50 0 4 0 12 62 242 252 248 99 10 0 0 0 0 2 1 0 0 1 5 3 0 42 240 255 255 186 0 0 5 0 2 0 248 255 251 121 0 0 0 0 0 0 0 0 3 5 1 0 0 120 255 244 250 90 10 4 0 7 0 4 241 250 255 76 0 0 0 0 0 1 0 0 6 3 0 1 17 173 252 237 252 42 0 0 17 0 2 119 247 254 216 13 0 0 0 0 0 5 0 0 3 0 0 14 48 255 236 255 103 0 7 3 0 2 29 236 244 255 148 0 8 0 0 0 0 4 0 7 1 0 3 0 113 250 255 247 99 11 0 0 3 0 92 243 254 255 142 0 0 0 0 0 0 2 0 2 1 1 9 3 120 255 255 247 87 0 0 0 1 87 220 246 255 236 116 11 0 0 0 0 0 4 0 0 0 2 2 0 114 239 254 255 98 2 6 24 65 230 255 255 242 126 0 11 0 0 0 0 0 3 4 0 0 2 0 0 114 255 252 249 122 72 115 178 255 255 255 255 205 26 4 0 12 0 0 0 0 0 4 0 1 5 6 12 118 246 239 255 252 255 255 251 255 252 245 214 30 8 0 0 0 0 0 0 0 0 4 0 4 0 4 10 82 255 252 251 244 255 247 254 250 255 203 76 0 0 10 0 6 0 0 0 0 2 2 0 5 0 0 0 24 224 252 253 255 255 232 255 255 121 31 0 0 14 0 14 0 0 0 0 0 2 0 0 9 0 6 0 0 43 142 200 249 246 167 140 55 1 5 0 9 0 3 0 5 0 0 0 0 0 0 0 0 0 0 0 0 0 0 0 0 0 0 0 0 0 0 0 0 0 0 0 0 0 0 0 0 0 0 0 0 0 0 0 0 0 0 0 0 0 0 0 0 0 0 0 0 0 0 0 0 0 0 0 0 0 0 0 0 0 0 0 0 0 0 0 0 0 0 0 0 0 0 0 0 0 0 0 0 0 0 0 0 0 0 0 0 0 0 0 0 0 0 0 0 0 0 0 0 0 0 0 0 0 0 0 0 0 0 0 0
0 0 2 2 1 0 0 2 3 0 0 3 0 6 5 0 2 0 0 9 0 1 2 0 0 0 0 0 2 2 2 1 0 0 0 1 0 4 2 0 27 0 0 11 0 3 0 1 3 6 1 14 0 0 0 0 4 2 0 0 0 1 2 2 0 5 0 0 0 0 0 5 0 3 6 3 3 0 0 0 0 0 0 0 0 0 0 0 2 3 3 1 7 0 0 8 0 3 7 1 3 0 3 3 0 0 12 1 0 0 0 0 0 0 0 1 2 1 0 0 0 8 5 0 0 6 8 0 9 4 0 0 6 9 0 0 0 0 0 0 0 2 4 3 0 0 0 0 0 60 190 255 30 0 14 59 77 167 169 145 100 31 0 15 0 0 0 0 0 4 5 2 0 0 3 9 53 252 255 237 158 239 212 255 251 255 236 255 255 211 60 0 0 0 0 0 0 1 4 0 0 0 12 24 207 243 255 247 255 244 251 255 225 165 162 255 239 255 138 0 0 0 0 0 0 6 3 0 19 0 27 132 255 250 249 255 248 220 134 60 0 0 8 98 251 255 243 94 0 0 0 0 0 8 0 0 5 11 124 252 255 249 254 223 98 7 8 3 4 0 5 32 234 255 255 121 0 0 0 0 5 7 1 0 0 0 133 255 237 247 114 0 0 1 6 0 3 0 0 0 221 251 255 183 0 0 0 0 1 0 2 6 10 0 107 248 255 85 0 0 13 0 2 13 0 3 0 13 224 255 249 236 0 0 0 0 7 0 2 0 8 0 86 254 217 21 8 3 0 5 0 0 0 4 0 10 235 255 242 220 0 0 0 0 5 0 8 0 0 0 103 252 203 3 0 0 0 13 0 12 1 2 0 0 241 255 251 157 0 0 0 0 0 1 4 8 6 42 198 255 203 0 19 19 0 0 8 0 2 2 2 0 242 249 255 120 0 0 0 0 2 9 0 6 0 59 255 243 190 13 0 0 14 0 0 3 0 4 0 36 241 247 254 125 0 0 0 0 1 0 0 0 14 16 220 252 187 6 11 4 0 2 12 0 2 0 0 54 255 242 243 107 0 0 0 0 0 6 5 0 0 5 233 255 214 0 0 0 0 23 0 15 0 10 0 124 236 255 197 0 0 0 0 0 0 0 1 6 6 34 239 255 194 20 0 12 0 0 8 0 0 0 66 244 255 247 79 0 0 0 0 0 1 0 1 0 3 20 165 244 255 90 1 0 18 0 5 16 7 65 248 249 255 122 13 4 0 0 0 0 2 0 9 0 0 0 91 255 255 243 9 0 1 6 0 0 41 191 255 255 158 18 0 0 0 0 0 0 1 0 1 1 7 2 35 196 255 236 226 53 1 0 20 47 154 255 242 244 27 3 0 15 0 0 0 0 6 2 0 5 1 0 0 37 205 249 252 253 68 65 128 232 248 242 229 81 0 1 10 0 0 0 0 0 0 11 0 17 0 0 15 0 30 212 255 243 255 255 253 255 246 167 39 0 6 1 2 4 0 0 0 0 0 0 0 0 0 0 0 0 2 0 105 240 255 250 255 251 58 21 0 0 7 0 0 2 0 0 0 0 0 0 0 0 0 0 0 0 15 0 1 13 0 0 4 0 12 0 0 0 6 0 0 2 0 0 0 0 0 0 0 0 0 0 0 0 0 0 0 0 0 5 14 0 0 0 0 3 3 0 0 0 0 0 0 0 0 0 0 0 0 0 0 0 6 4 1 4 5 0 0 0 1 5 6 1 0 0 0 0 0 0 0 0
0 0 0 0 0 0 0 0 5 0 0 4 0 9 0 8 5 0 0 0 0 0 9 2 0 0 0 0 0 0 0 0 0 0 0 0 0 4 0 7 3 7 8 0 2 7 0 11 7 0 0 0 0 0 0 0 0 0 0 0 0 0 0 0 0 6 0 6 0 0 11 3 0 0 0 0 0 2 11 13 0 0 0 0 0 0 0 0 0 0 0 0 3 0 0 11 12 11 4 0 0 1 9 5 0 1 0 1 0 0 0 0 0 0 0 0 0 0 0 0 5 9 11 0 0 87 128 211 249 244 102 56 0 20 5 0 0 0 0 0 0 0 0 0 0 0 0 0 0 0 0 4 114 255 245 255 255 241 255 252 243 0 1 6 0 0 0 0 0 0 0 0 0 0 0 0 5 4 1 0 159 255 244 252 254 250 250 255 235 172 19 0 0 0 0 0 0 0 0 0 0 0 0 0 0 0 3 22 220 249 247 255 88 45 216 243 255 242 0 17 0 0 0 0 10 0 14 2 0 10 0 0 12 0 33 219 247 255 255 236 40 13 36 209 255 246 0 0 0 0 0 0 0 10 0 0 8 14 0 2 0 3 150 247 255 243 146 37 11 0 0 172 239 227 22 0 0 0 0 0 0 11 0 0 18 0 0 12 46 122 251 255 250 171 15 0 0 7 0 161 255 243 90 8 0 0 0 0 3 0 0 8 1 0 0 0 81 255 238 252 151 15 0 12 0 10 10 141 255 255 123 4 0 0 0 0 5 0 7 0 0 18 2 4 137 255 255 185 19 0 2 0 1 0 5 148 249 255 97 3 0 0 0 0 0 0 10 0 8 0 0 118 237 246 227 69 0 15 0 1 6 0 39 217 255 239 42 2 0 0 0 0 0 0 1 9 14 0 39 234 255 255 62 0 17 0 11 0 0 17 143 255 255 136 0 0 0 0 0 0 5 4 0 0 0 16 132 255 253 183 19 0 0 15 0 0 0 65 255 251 242 30 2 8 0 0 0 0 0 9 0 8 0 17 251 247 250 139 6 0 0 6 3 0 60 230 239 255 218 3 3 0 0 0 0 0 2 0 5 0 9 127 247 255 181 24 0 14 6 0 0 13 190 252 248 219 25 0 0 11 0 0 0 0 0 12 0 0 0 125 237 254 144 12 6 0 0 2 47 191 239 255 255 76 7 1 7 0 0 0 0 0 0 13 0 17 0 105 253 255 172 0 0 0 0 61 162 251 255 255 127 0 7 10 0 0 0 0 0 0 6 0 3 7 0 127 254 245 200 59 12 58 167 222 248 255 196 118 0 7 0 0 0 8 0 0 0 0 10 1 2 0 0 106 255 248 255 239 255 255 240 249 251 148 46 0 0 3 12 0 14 0 0 0 0 0 0 12 0 3 6 57 223 255 244 255 249 253 255 241 136 0 0 4 16 0 0 5 0 0 0 0 0 0 9 0 10 3 0 6 49 178 253 251 243 227 114 30 0 4 0 3 0 8 5 0 5 0 0 0 0 0 0 0 0 0 0 0 0 0 0 0 0 0 0 0 0 0 0 0 0 0 0 0 0 0 0 0 0 0 0 0 0 0 0 0 0 0 0 0 0 0 0 0 0 0 0 0 0 0 0 0 0 0 0 0 0 0 0 0 0 0 0 0 0 0 0 0 0 0 0 0 0 0 0 0 0 0 0 0 0 0 0 0 0 0 0 0 0 0 0 0 0 0 0 0 0 0 0 0 0 0 0 0 0 0 0 0 0 0 0 0 0 0
0 0 0 0 0 0 0 0 0 0 0 4 0 25 0 4 3 2 3 0 22 0 0 9 0 0 0 0 0 0 0 0 0 0 0 0 1 14 0 0 25 0 5 4 0 0 4 0 0 17 26 0 0 0 0 0 0 0 0 0 0 0 0 0 0 2 0 0 14 14 0 0 1 0 1 17 0 0 0 10 0 0 0 0 0 0 0 0 0 0 0 0 0 0 10 1 0 0 0 12 4 8 0 0 5 10 1 0 0 0 0 0 0 0 0 0 0 0 0 0 11 0 8 0 0 1 198 248 253 108 16 4 8 0 2 0 0 0 0 0 0 0 0 0 0 0 0 0 0 0 8 2 0 77 243 255 250 255 114 0 0 6 0 20 0 0 0 0 0 0 0 0 0 0 0 0 11 4 0 11 51 211 255 255 251 252 255 228 16 0 3 0 0 0 0 0 0 0 0 0 0 0 0 0 0 4 0 130 248 252 251 198 210 255 251 243 26 15 0 4 0 0 0 0 0 0 0 0 0 0 0 0 8 0 17 224 250 254 255 71 13 236 252 253 132 0 13 0 0 0 0 0 0 0 0 0 0 0 0 0 0 16 122 255 255 201 252 192 21 168 255 250 236 40 0 9 0 0 0 0 0 0 0 0 0 0 0 0 4 27 255 252 199 3 89 85 5 27 232 249 255 94 0 0 0 0 0 0 0 0 0 0 0 0 0 0 0 54 246 254 113 5 15 0 2 0 212 255 251 148 14 0 0 0 0 0 0 0 0 0 0 0 0 0 10 159 251 195 32 2 0 0 4 11 209 253 255 139 0 10 0 0 0 0 0 0 0 0 0 0 0 0 8 221 255 86 4 0 0 23 3 0 208 252 249 67 0 0 0 0 0 0 0 0 0 0 0 0 0 0 115 255 238 87 1 25 0 0 7 0 222 255 238 26 13 0 0 0 0 0 0 0 0 0 0 0 0 0 159 239 255 97 0 0 5 0 0 28 227 242 235 19 0 2 0 0 0 0 0 0 0 0 0 0 0 0 149 250 253 97 0 5 1 0 1 121 255 238 166 0 0 7 0 0 0 0 0 0 0 0 0 0 0 0 138 255 235 37 0 0 5 0 0 199 250 255 36 0 2 0 0 0 0 0 0 0 0 0 0 0 0 0 152 237 248 97 16 8 0 0 66 240 255 217 17 6 5 0 0 0 0 0 0 0 0 0 0 0 0 0 156 255 243 143 0 0 14 25 207 255 254 39 0 0 0 16 0 0 0 0 0 0 0 0 0 0 0 0 98 255 245 255 123 6 102 242 255 242 187 5 0 17 0 0 0 0 0 0 0 0 0 0 0 0 0 0 1 147 255 255 239 238 249 255 255 146 37 9 0 0 9 8 0 0 0 0 0 0 0 0 0 0 0 0 3 54 243 245 250 255 239 227 111 10 0 11 20 0 0 0 0 0 0 0 0 0 0 0 0 0 0 0 0 0 23 156 255 235 162 97 0 0 24 0 0 2 0 8 0 0 0 0 0 0 0 0 0 0 0 0 0 0 0 0 0 0 0 0 0 0 0 0 0 0 0 0 0 0 0 0 0 0 0 0 0 0 0 0 0 0 0 0 0 0 0 0 0 0 0 0 0 0 0 0 0 0 0 0 0 0 0 0 0 0 0 0 0 0 0 0 0 0 0 0 0 0 0 0 0 0 0 0 0 0 0 0 0 0 0 0 0 0 0 0 0 0 0 0 0 0 0 0 0 0 0 0 0 0 0 0 0 0 0 0
0 0 0 0 0 0 0 0 12 0 4 4 0 4 0 0 4 5 0 3 0 0 10 0 0 0 0 0 0 0 0 0 0 0 0 0 0 12 3 0 0 8 4 0 2 0 2 2 8 0 1 0 0 0 0 0 0 0 0 0 0 0 0 0 0 15 0 1 0 0 9 2 0 0 17 0 0 3 0 0 0 0 0 0 0 0 0 0 0 0 0 0 7 0 0 13 0 0 8 0 2 7 9 0 0 9 0 0 0 0 0 0 0 0 0 0 0 0 0 0 0 0 1 0 6 10 0 13 0 3 0 14 1 2 0 7 0 0 0 0 0 0 0 0 0 0 0 0 0 4 2 0 3 0 9 159 255 165 0 0 2 17 0 0 0 0 0 0 0 0 0 0 0 0 0 0 6 1 0 0 0 10 112 255 247 222 126 29 0 0 0 5 0 0 0 0 0 0 0 0 0 0 0 0 2 0 1 11 5 110 248 239 253 255 228 39 1 5 11 0 0 0 0 0 2 0 0 0 1 3 2 0 3 0 0 29 200 249 255 250 245 255 247 161 1 10 0 2 0 0 0 0 1 0 0 0 1 2 0 0 0 1 26 218 254 233 208 178 176 242 255 204 8 0 0 3 0 0 0 0 0 0 0 0 0 0 0 0 4 0 214 250 255 63 102 120 86 255 255 255 64 1 10 5 0 0 0 0 0 0 0 0 0 0 0 0 0 46 254 242 52 12 60 128 41 255 188 255 111 0 11 0 0 0 0 0 0 0 0 0 0 0 0 0 0 205 244 95 0 0 15 39 113 179 113 249 108 0 3 0 0 0 0 0 0 0 0 0 0 0 1 3 12 255 249 21 16 8 0 11 189 62 87 248 75 0 0 16 0 0 0 0 0 0 1 0 0 0 5 9 181 238 228 48 0 0 5 15 118 0 92 245 65 0 0 5 0 0 0 0 0 1 1 0 0 0 7 12 255 252 27 0 2 5 0 83 0 5 118 255 103 8 0 0 0 0 0 0 0 17 0 0 0 0 0 118 255 161 0 12 3 3 0 51 2 0 177 240 17 0 0 7 0 0 0 0 0 7 0 3 5 5 4 175 248 92 20 0 0 2 76 3 0 64 235 195 3 8 0 0 0 0 0 0 1 0 0 1 3 0 2 206 244 94 0 18 0 0 28 0 0 113 255 157 0 0 3 0 0 0 0 0 4 0 0 0 0 0 0 190 255 170 0 0 7 6 0 0 31 183 213 81 0 2 0 5 0 0 0 0 0 0 3 0 4 3 2 147 255 176 0 8 0 0 0 9 137 251 109 0 4 15 0 5 0 0 0 0 0 0 3 0 6 5 3 78 248 249 36 7 0 7 44 175 255 186 9 0 0 0 2 0 0 0 0 0 1 1 0 1 3 0 0 17 211 255 211 90 50 96 255 241 212 57 0 17 0 0 13 0 0 0 0 0 4 0 0 7 5 0 6 0 18 244 255 240 255 255 247 190 39 6 4 0 15 6 0 5 0 0 0 0 0 0 0 0 0 0 0 0 0 38 150 225 197 149 86 2 0 0 0 0 0 0 0 0 0 0 0 0 0 0 0 0 0 0 0 0 0 0 6 18 0 0 10 0 0 0 0 0 0 0 0 0 0 0 0 0 0 0 0 0 0 0 0 0 8 0 0 0 0 0 4 1 0 0 0 0 0 0 0 0 0 0 0 0 0 0 0 0 0 0 0 0 0 0 0 0 2 0 0 0 0 0 0 0 0 0 0 0 0 0 0 0
0 0 0 0 0 0 0 0 2 1 0 10 0 1 0 6 0 0 0 3 5 0 0 2 0 0 0 0 0 0 0 0 0 0 0 0 2 0 17 0 0 20 0 0 14 4 0 3 5 0 0 7 0 0 0 0 0 0 0 0 0 0 0 0 0 0 7 0 4 0 0 11 0 0 4 7 0 14 22 0 0 0 0 0 0 0 0 0 0 0 0 0 4 0 1 0 6 15 13 0 11 3 4 5 0 0 0 9 0 0 0 0 0 0 0 0 0 0 0 0 4 77 119 255 252 113 59 0 0 15 0 0 23 17 0 0 0 0 0 0 0 0 0 0 0 0 0 0 67 231 255 255 246 250 255 187 7 0 7 8 0 0 11 9 0 0 0 0 0 0 0 0 0 0 0 0 11 135 255 234 204 255 248 255 248 71 0 5 0 0 8 0 0 0 0 0 0 0 0 0 0 0 0 0 0 201 247 253 126 1 194 254 255 248 131 9 0 5 0 1 0 0 0 0 0 20 0 0 20 0 7 0 60 255 248 201 0 0 16 55 253 255 255 63 0 0 1 1 0 0 0 0 0 0 0 0 2 0 0 0 192 254 255 0 0 0 9 0 68 188 251 255 60 11 2 0 0 0 0 0 7 0 1 0 0 0 1 93 255 243 76 0 11 0 0 18 0 73 188 244 255 61 9 0 0 0 0 0 6 3 0 0 13 0 0 236 255 253 0 7 11 0 6 0 4 2 61 255 253 190 0 13 0 0 0 0 0 0 0 0 13 0 6 255 255 178 22 0 0 3 4 0 3 0 5 189 241 255 12 0 0 0 0 0 4 0 4 5 0 1 73 246 255 54 0 12 0 0 0 19 1 0 12 0 255 255 161 0 0 0 0 0 7 0 1 2 0 7 131 252 247 11 3 0 14 0 12 0 0 0 0 3 130 253 255 12 0 0 0 0 0 9 0 1 11 0 128 255 255 0 0 0 0 11 0 9 4 5 0 12 110 255 255 0 0 0 0 0 1 5 8 0 8 4 117 255 252 78 0 0 19 0 1 8 0 17 0 0 130 253 255 2 0 0 0 0 3 0 0 0 4 0 28 231 255 103 0 4 0 2 12 0 17 0 0 26 125 246 254 0 0 0 0 0 0 0 1 7 0 0 0 255 255 187 5 4 0 12 3 3 0 0 32 53 245 255 199 6 0 0 0 0 0 0 1 10 0 6 2 243 251 255 0 3 10 0 12 0 6 14 0 175 255 204 0 0 0 0 0 0 4 0 0 3 1 5 0 81 244 255 204 63 0 23 0 6 0 60 255 255 255 57 17 4 0 0 0 0 1 0 0 2 0 0 0 0 203 255 250 246 207 128 115 126 255 253 255 245 66 4 0 6 0 0 0 0 0 6 5 4 0 0 9 0 0 185 255 253 250 253 255 255 255 248 181 70 2 0 11 0 0 0 0 0 4 2 0 0 0 11 0 0 0 14 51 138 192 254 251 192 122 73 6 0 5 0 1 1 0 0 0 0 0 0 0 0 0 0 0 0 0 0 0 0 0 0 0 0 0 0 0 0 0 0 0 0 0 0 0 0 0 0 0 0 0 0 0 0 0 0 0 0 0 0 0 0 0 0 0 0 0 0 0 0 0 0 0 0 0 0 0 0 0 0 0 0 0 0 0 0 0 0 0 0 0 0 0 0 0 0 0 0 0 0 0 0 0 0 0 0 0 0 0 0 0 0 0 0 0 0 0 0 0 0 0 0 0 0 0 0 0 0 0 0
0 0 0 0 0 0 0 0 3 0 0 4 4 0 0 4 0 3 1 0 0 7 6 0 0 0 0 0 0 0 0 0 0 0 0 0 1 0 0 0 5 5 0 0 0 0 0 4 1 0 0 3 0 0 0 0 0 0 0 0 0 0 0 0 0 6 8 0 0 0 8 15 11 3 0 0 3 2 0 0 0 0 0 0 0 0 0 0 0 0 0 0 0 0 0 4 11 8 0 0 0 1 0 0 0 7 8 0 0 0 0 0 0 0 0 0 0 0 0 0 8 0 0 2 1 0 0 3 0 6 12 7 0 0 0 6 0 0 0 0 0 0 0 0 0 0 0 0 0 0 0 3 2 0 0 6 10 0 0 0 7 0 0 2 0 0 0 0 0 0 0 0 0 0 0 0 0 27 74 128 183 212 191 153 76 48 16 0 0 5 5 3 0 0 0 0 0 0 0 0 0 0 0 0 117 201 255 255 241 249 255 251 245 248 187 74 0 0 5 0 0 0 0 0 0 0 9 2 0 4 47 179 253 255 253 223 255 168 112 114 125 211 255 245 201 32 5 0 0 0 0 0 15 0 0 3 6 0 162 251 245 252 138 80 73 29 9 2 1 14 93 206 252 230 89 31 0 1 5 5 0 1 7 0 0 43 236 252 255 155 25 0 0 2 7 0 0 0 0 3 62 255 252 179 13 0 5 1 16 6 2 10 0 212 255 238 226 17 2 7 5 2 3 5 0 8 1 4 3 94 248 232 81 0 1 0 1 0 0 7 0 255 247 255 255 55 1 0 4 5 0 2 7 1 0 20 0 0 195 254 188 13 2 2 0 20 8 8 5 250 247 236 210 145 3 0 0 18 0 12 0 5 0 0 0 18 154 241 250 11 0 0 0 10 0 0 2 254 243 167 36 81 13 16 0 0 0 1 1 1 0 3 0 14 86 254 255 0 0 0 2 0 6 15 0 251 255 244 75 5 0 2 0 6 11 0 0 5 0 0 15 0 55 253 254 0 5 1 0 0 0 5 0 74 255 252 196 6 0 7 1 0 0 0 0 1 8 10 3 0 111 255 181 15 0 2 7 0 0 4 0 16 182 255 255 108 6 3 0 0 0 3 7 0 0 0 0 16 201 217 75 0 0 2 0 0 0 7 11 0 104 226 246 254 146 86 23 0 4 0 0 8 8 6 5 149 248 171 2 0 6 4 0 3 4 0 3 0 13 72 198 255 242 255 211 129 99 89 86 126 109 126 245 246 235 44 0 8 2 0 2 0 7 0 0 8 0 0 0 119 238 255 255 250 255 240 255 255 255 255 253 206 40 0 0 8 0 0 3 0 0 9 0 19 15 3 8 0 66 127 186 196 200 195 189 189 196 121 84 0 5 0 0 2 0 1 6 3 0 6 0 0 0 0 5 0 3 0 0 10 5 0 4 0 15 0 0 17 5 0 2 0 5 7 0 14 0 8 3 1 0 4 0 6 0 6 1 0 0 6 0 4 0 5 25 0 0 0 4 0 1 0 0 0 0 0 0 0 0 0 0 0 0 0 0 0 0 0 0 0 0 0 0 0 0 0 0 0 0 0 0 0 0 0 0 0 0 0 0 0 0 0 0 0 0 0 0 0 0 0 0 0 0 0 0 0 0 0 0 0 0 0 0 0 0 0 0 0 0 0 0 0 0 0 0 0 0 0 0 0 0 0 0 0 0 0 0 0 0 0 0 0 0 0 0 0 0 0 0 0 0 0 0 0 0 0 0 0 0 0 0 0 0 0
0 15 0 0 6 7 0 0 0 0 5 5 5 5 1 0 0 10 3 0 0 0 0 3 0 0 0 0 14 0 2 0 0 0 15 3 6 4 0 0 0 0 5 8 9 0 0 0 12 5 0 0 0 0 0 0 0 0 12 16 0 10 0 0 0 3 5 3 2 2 0 0 0 2 12 0 0 0 7 0 0 0 0 0 0 18 0 0 20 0 23 1 0 0 0 0 0 2 3 0 13 0 0 11 3 0 0 0 0 0 0 0 16 0 0 17 0 0 0 1 4 5 3 0 0 0 0 0 0 0 9 10 0 0 7 0 0 0 0 0 0 14 8 0 4 13 0 133 203 232 255 255 249 193 125 76 14 3 0 0 0 0 5 3 0 0 0 0 7 0 0 1 5 47 255 248 252 254 253 249 250 255 255 255 176 70 0 0 26 4 0 2 0 0 0 0 0 11 0 21 0 255 255 250 255 255 255 255 255 255 255 254 255 245 136 8 0 3 10 0 0 0 0 0 0 3 0 0 8 123 252 255 255 244 255 194 122 255 191 250 255 250 255 194 56 11 1 4 0 0 0 0 1 0 5 4 0 0 17 106 245 255 189 5 0 0 0 0 56 185 252 255 199 45 18 0 0 0 0 0 18 0 7 0 8 0 0 203 255 255 0 0 0 17 0 12 3 26 188 237 255 249 0 2 0 0 0 0 0 0 2 0 0 1 26 244 255 250 0 6 0 5 0 0 0 0 0 252 255 255 71 3 0 0 0 0 0 11 16 5 4 11 109 254 254 123 16 5 3 0 15 7 6 0 5 15 246 255 253 0 0 0 0 0 0 0 0 1 0 0 191 255 255 10 0 4 5 6 0 0 0 12 3 0 133 251 255 134 0 0 0 0 2 0 0 13 4 0 211 234 179 0 22 0 0 10 10 0 0 1 7 0 64 255 253 132 0 0 0 0 0 0 2 0 4 0 255 255 130 1 4 4 3 0 0 19 7 0 7 4 0 130 255 126 0 0 0 0 8 0 0 0 0 0 149 245 125 5 0 0 7 0 0 0 1 0 7 5 0 6 255 126 0 0 0 2 0 0 2 6 10 9 107 255 136 0 1 15 0 1 1 15 0 14 0 4 3 54 255 202 19 8 0 0 0 8 2 0 0 0 11 239 255 191 0 0 0 0 13 0 7 8 0 0 6 1 248 251 31 15 0 0 0 7 0 0 0 0 0 203 255 238 79 7 7 13 0 15 0 5 0 17 0 210 255 246 14 5 0 1 0 0 0 0 10 0 11 120 255 255 190 60 0 1 0 0 4 0 8 65 189 249 255 196 0 0 0 3 1 0 0 0 6 0 0 10 193 242 255 255 190 66 6 4 0 12 123 255 255 252 205 0 0 0 1 1 0 0 3 3 9 1 7 0 2 133 255 255 245 255 177 195 255 238 255 255 253 194 0 4 4 1 0 1 5 0 3 0 0 6 0 0 2 0 62 255 255 255 244 255 254 255 253 184 137 0 9 1 1 0 0 3 0 0 0 0 0 0 0 0 0 0 0 19 125 241 255 248 253 126 10 0 4 4 0 0 0 0 0 0 0 0 0 0 0 0 0 0 2 10 7 0 0 10 7 0 16 0 0 4 10 0 0 1 0 0 0 0 0 0 0 0 0 0 0 0 0 0 0 4 2 0 0 5 0 0 5 0 0 0 1 4 0 0 0 0 0 0 0 0 0 0 0 0 17 0 0 0 0 0 0 0 8 11 6 0 0 3 1 0 0 0 0 0
0 0 0 0 0 0 0 0 8 0 5 0 0 0 0 4 16 0 0 0 6 0 1 0 0 0 0 0 0 0 0 0 0 0 0 0 0 7 0 4 3 29 0 0 0 3 1 10 0 15 2 0 0 0 0 0 0 0 0 0 0 0 0 0 0 16 4 6 0 0 0 9 22 6 0 0 29 0 0 11 0 0 0 0 0 0 0 0 0 0 0 0 9 0 0 0 10 0 18 0 0 0 0 12 0 2 15 0 0 0 0 0 0 0 0 0 0 0 0 0 4 0 15 0 0 81 229 255 229 130 10 0 2 12 0 1 0 0 0 0 0 0 0 0 0 0 0 0 0 0 0 0 0 181 255 246 241 255 186 27 8 0 1 2 0 0 0 0 0 0 0 0 0 0 0 0 0 8 7 0 5 216 255 255 251 248 252 204 21 0 9 1 0 0 0 0 0 0 0 0 0 0 0 0 6 0 0 0 75 252 242 250 44 164 254 228 147 17 0 10 0 0 0 0 0 0 0 0 0 0 0 0 0 7 0 9 208 255 255 98 0 16 118 249 230 17 12 0 0 0 0 0 0 0 0 0 0 0 0 0 4 0 9 155 255 240 134 4 8 0 16 229 255 109 10 0 0 0 0 0 0 0 0 0 0 0 0 0 1 4 79 249 244 138 15 2 0 5 2 207 248 164 0 0 0 0 0 0 0 0 0 0 0 0 0 0 0 10 217 247 189 6 0 1 0 10 0 157 245 209 1 0 0 0 0 0 0 0 0 0 0 0 0 0 3 99 247 238 21 4 1 0 3 0 0 125 254 197 0 6 0 0 0 0 0 0 0 0 0 0 0 0 15 198 255 105 0 0 3 6 4 0 12 110 247 188 1 0 0 0 0 0 0 0 0 0 0 0 0 0 35 255 252 48 18 9 0 6 0 0 0 123 251 220 22 0 0 0 0 0 0 0 0 0 0 0 0 0 144 252 219 18 0 0 15 0 3 0 15 196 241 172 0 14 0 0 0 0 0 5 5 0 6 0 0 24 196 255 140 0 0 3 0 13 5 0 40 241 231 132 0 6 0 0 0 0 0 0 0 0 7 2 9 68 255 247 50 0 11 8 0 0 0 10 163 240 210 12 0 12 0 0 0 0 4 0 0 0 1 0 8 74 247 251 69 21 0 0 16 1 0 36 223 249 117 0 20 0 0 0 0 0 0 0 4 1 0 0 0 40 243 253 85 12 0 0 6 0 17 149 254 243 61 0 0 26 0 0 0 0 0 0 9 0 0 5 0 14 218 255 104 0 18 0 0 70 203 241 250 146 9 2 20 0 0 0 0 0 1 1 8 0 0 9 0 0 198 255 255 189 136 155 227 253 248 250 148 16 0 0 0 5 0 0 0 0 7 0 3 0 0 2 0 0 61 232 250 241 255 255 252 249 187 70 0 1 6 3 0 13 0 0 0 0 2 0 0 3 0 5 0 3 0 102 171 255 199 168 164 66 5 4 10 0 3 0 5 0 0 0 0 0 0 0 0 0 0 0 0 0 0 0 0 0 0 0 0 0 0 0 0 0 0 0 0 0 0 0 0 0 0 0 0 0 0 0 0 0 0 0 0 0 0 0 0 0 0 0 0 0 0 0 0 0 0 0 0 0 0 0 0 0 0 0 0 0 0 0 0 0 0 0 0 0 0 0 0 0 0 0 0 0 0 0 0 0 0 0 0 0 0 0 0 0 0 0 0 0 0 0 0 0 0 0 0 0 0 0 0 0 0 0 0 0
0 0 0 0 0 0 0 0 3 1 0 2 0 0 5 0 0 6 8 0 0 0 2 0 0 0 0 0 0 0 0 0 0 0 0 0 5 0 12 0 7 11 0 11 8 0 0 0 3 2 2 6 0 0 0 0 0 0 0 0 0 0 0 0 0 25 0 0 6 0 10 0 0 3 15 4 0 0 2 0 0 0 0 0 0 0 0 0 0 0 0 0 0 0 10 4 0 0 0 0 18 0 0 0 3 0 0 6 0 0 0 0 0 0 0 0 0 0 0 0 31 0 0 12 0 0 8 0 0 0 1 1 2 3 1 0 0 0 0 0 0 0 0 0 0 0 0 0 0 11 28 159 249 255 250 93 26 14 1 0 1 2 0 0 0 0 0 0 0 0 0 0 0 0 0 0 0 121 247 255 253 249 248 255 218 96 0 0 9 0 0 12 0 0 0 0 0 0 0 0 0 0 0 0 176 255 248 253 188 67 101 179 255 244 158 37 0 5 12 0 0 0 0 0 1 2 0 0 0 6 0 91 255 235 228 255 66 0 8 15 121 255 244 144 2 6 0 3 0 0 0 0 4 0 0 9 1 0 18 155 235 81 219 255 56 12 0 0 15 0 237 246 113 1 0 5 0 0 0 0 4 0 1 8 0 0 13 136 255 56 250 228 21 3 0 4 1 0 78 255 222 6 13 0 0 0 0 0 0 3 7 0 0 0 0 38 131 63 255 202 13 0 0 4 5 19 0 172 255 150 0 5 0 0 0 0 0 5 6 0 4 13 0 0 0 49 244 198 4 0 0 2 0 0 12 50 232 218 0 10 0 0 0 0 1 2 3 0 5 0 2 4 9 51 255 225 0 4 0 8 0 8 0 9 190 195 5 1 0 0 0 0 7 1 3 0 4 0 1 8 2 40 252 255 36 10 0 0 0 2 0 12 155 250 6 4 0 0 0 0 0 0 7 0 11 0 5 0 0 67 238 255 64 0 1 0 8 0 5 0 96 253 57 0 0 0 0 0 0 0 0 0 0 0 0 0 5 50 251 249 58 0 9 0 0 21 0 7 110 255 62 0 0 0 0 0 0 0 0 0 0 0 0 0 1 17 235 255 34 0 11 0 4 0 9 0 197 243 42 7 0 0 0 0 0 0 0 0 0 0 0 0 3 0 199 255 88 7 5 0 0 3 1 30 230 221 7 0 0 0 0 0 0 0 0 0 0 0 0 0 0 0 144 239 177 6 0 6 2 11 0 145 254 172 7 0 0 0 0 0 0 0 0 0 0 0 0 0 7 15 96 255 244 41 0 12 0 0 64 228 252 66 7 0 0 0 0 0 0 0 0 0 0 0 0 0 0 0 15 250 254 125 33 0 0 27 213 241 137 0 0 0 0 0 0 0 0 0 0 0 0 0 0 0 9 0 2 166 255 246 167 102 110 182 255 172 22 0 0 4 0 0 0 0 0 0 0 0 0 0 0 0 0 7 0 17 204 255 255 255 255 255 166 52 0 0 10 0 0 0 0 0 0 0 0 0 0 0 0 0 3 0 4 0 19 122 220 241 150 89 24 0 0 0 0 0 0 0 0 0 0 0 0 0 0 0 0 0 0 0 7 2 0 0 8 0 6 0 0 0 2 0 0 4 0 0 0 0 0 0 0 0 0 0 0 0 9 0 2 12 0 0 9 6 0 0 4 11 5 0 0 1 0 0 0 0 0 0 0 0 0 0 0 0 5 0 0 5 0 0 0 0 13 4 0 0 0 0 0 5 0 0 0 0
0 0 0 0 0 0 0 0 0 8 15 0 4 0 5 0 0 1 0 0 11 12 0 0 0 0 0 0 0 0 0 0 0 0 0 0 11 0 0 0 2 2 0 0 7 9 9 0 0 0 7 0 0 0 0 0 0 0 0 0 0 0 0 0 6 0 2 5 0 0 0 20 0 0 0 11 5 0 14 0 0 0 0 0 0 0 0 0 0 0 0 0 0 0 6 7 0 2 0 71 255 169 7 0 0 9 0 0 0 0 0 0 0 0 0 0 0 0 0 0 4 4 0 1 3 0 17 150 255 241 109 22 5 0 0 14 0 0 0 0 0 0 0 0 0 0 0 0 2 3 0 7 0 0 73 233 255 255 179 0 0 0 5 0 0 0 0 0 0 0 0 0 0 0 0 0 0 1 4 9 0 26 170 244 175 254 255 98 0 0 6 2 0 0 0 0 0 0 0 0 0 0 0 0 4 0 0 0 4 107 255 194 7 138 253 178 2 11 0 4 0 0 0 0 0 0 0 0 0 0 0 0 0 14 0 0 31 213 255 79 0 35 234 197 6 5 1 2 0 0 0 0 0 0 0 0 0 0 0 0 0 0 14 0 176 253 150 8 0 0 177 255 50 2 1 0 0 0 0 0 0 0 0 0 0 0 0 0 17 6 0 184 255 198 12 1 7 0 118 254 162 1 0 0 0 0 0 0 0 0 0 0 0 0 0 0 0 0 83 253 242 69 7 3 2 13 78 239 194 0 3 1 0 0 0 0 0 0 0 0 0 0 0 0 0 12 226 248 155 5 0 0 0 6 51 255 125 0 5 0 0 0 0 0 0 0 0 0 0 0 0 0 5 148 255 245 58 6 0 2 0 0 60 255 120 10 0 0 0 0 0 0 0 0 0 0 0 0 0 0 23 241 243 113 0 2 24 0 7 0 119 237 122 15 0 0 0 0 0 0 0 0 0 0 0 0 0 0 175 255 220 33 0 0 0 8 0 0 182 255 46 4 2 1 0 0 0 0 0 0 1 4 0 1 0 65 250 254 108 1 0 0 15 0 0 123 255 195 0 1 4 3 0 0 0 0 3 1 0 2 4 0 18 219 255 220 17 0 11 0 0 0 67 239 238 55 24 0 9 0 0 0 0 0 0 14 0 1 13 0 0 214 254 78 0 0 0 12 5 34 209 255 165 0 0 10 1 0 0 0 0 0 0 18 0 0 3 9 0 220 255 76 22 0 8 0 35 214 253 208 14 4 0 5 0 8 0 0 0 0 3 0 0 7 0 0 9 199 242 236 127 42 114 143 233 252 209 6 1 14 0 5 7 0 0 0 0 0 0 0 6 11 0 0 0 55 239 255 227 248 250 249 246 196 55 0 0 0 15 0 5 0 0 0 0 0 3 4 3 0 0 8 15 0 31 165 238 255 218 159 38 15 0 0 12 10 0 14 0 0 0 0 0 0 0 0 2 0 12 0 6 0 5 0 0 11 0 0 31 0 0 13 0 3 8 0 4 0 0 0 0 0 0 0 0 0 0 0 0 0 0 0 0 0 0 0 0 0 0 0 0 0 0 0 0 0 0 0 0 0 0 0 0 0 0 0 0 0 0 0 0 0 0 0 0 0 0 0 0 0 0 0 0 0 0 0 0 0 0 0 0 0 0 0 0 0 0 0 0 0 0 0 0 0 0 0 0 0 0 0 0 0 0 0 0 0 0 0 0 0 0 0 0 0 0 0 0 0 0 0 0 0 0 0 0 0 0 0 0 0 0 0 0 0
0 0 0 0 0 0 0 0 0 15 9 0 0 2 0 0 1 0 18 0 8 4 0 9 0 0 0 0 0 0 0 0 0 0 0 0 0 0 0 5 14 4 0 7 1 14 0 14 0 4 8 0 0 0 0 0 0 0 0 0 0 0 0 0 0 0 7 7 0 0 0 2 0 0 11 6 0 0 10 0 0 0 0 0 0 0 0 0 0 0 0 0 16 0 0 0 0 8 13 0 0 4 0 2 8 4 2 0 0 0 0 0 0 0 0 0 0 0 0 0 0 0 7 16 5 13 30 29 222 233 0 6 0 0 11 6 0 0 0 0 0 0 0 0 0 0 0 0 0 9 1 0 26 143 242 255 241 255 55 3 9 0 0 0 0 0 0 0 0 0 0 0 0 0 0 0 3 3 0 33 147 255 255 235 255 245 184 0 13 0 0 9 0 0 0 0 0 0 0 0 0 0 0 0 6 0 19 139 249 255 245 255 255 255 209 0 0 5 7 0 0 0 0 0 0 0 0 0 0 0 0 0 1 4 5 252 255 255 242 150 222 255 191 0 9 0 6 0 0 0 0 0 0 0 0 0 0 0 0 0 0 0 7 254 255 249 255 63 215 255 202 31 0 0 0 0 0 0 0 0 0 0 0 0 0 0 0 0 0 19 210 255 248 250 116 17 211 255 245 126 1 7 2 7 0 0 0 0 0 0 0 0 0 0 0 0 0 40 233 255 254 249 94 0 204 254 255 172 3 3 0 0 0 0 0 0 0 0 0 0 0 0 0 0 0 202 255 243 249 131 0 13 218 245 253 164 0 0 6 1 0 0 0 0 0 0 0 0 0 0 0 0 89 215 255 252 254 160 0 8 223 249 255 166 7 0 10 4 0 0 0 0 0 0 0 0 0 0 0 0 152 255 242 255 255 133 0 0 204 252 250 166 8 2 0 0 0 0 0 0 0 0 0 0 0 0 0 0 172 245 255 255 182 42 10 0 209 255 249 163 0 4 0 13 0 0 0 0 0 0 0 0 0 0 0 0 166 251 255 249 185 2 0 157 245 255 243 174 0 1 0 7 0 0 0 0 0 0 0 0 0 0 0 0 164 255 245 246 167 0 47 175 252 236 255 168 1 0 0 0 0 0 0 0 0 0 0 0 0 0 0 0 170 250 255 255 192 53 156 255 255 242 255 111 6 7 7 9 0 0 0 0 0 0 0 0 0 0 0 0 172 244 254 251 249 255 255 254 255 255 191 9 0 0 0 0 0 0 0 0 0 0 0 0 0 0 0 0 160 255 255 255 248 255 234 248 245 235 113 0 6 10 2 4 0 0 0 0 0 0 0 0 0 0 0 0 169 255 233 247 255 255 250 255 138 84 6 0 0 0 8 0 0 0 0 0 0 0 0 0 0 0 0 0 48 199 255 244 247 255 243 245 45 0 0 9 2 0 16 0 0 0 0 0 0 0 0 0 0 0 0 0 0 44 232 249 255 158 30 39 4 0 14 0 1 0 0 2 0 0 0 0 0 0 0 0 0 0 0 0 0 0 0 0 0 0 0 0 0 0 0 0 0 0 0 0 0 0 0 0 0 0 0 0 0 0 0 0 0 0 0 0 0 0 0 0 0 0 0 0 0 0 0 0 0 0 0 0 0 0 0 0 0 0 0 0 0 0 0 0 0 0 0 0 0 0 0 0 0 0 0 0 0 0 0 0 0 0 0 0 0 0 0 0 0 0 0 0 0 0 0 0 0 0 0 0 0 0 0 0 0 0 0 0
0 0 0 0 0 0 0 0 0 3 0 3 0 0 9 7 0 19 0 2 0 0 9 0 0 0 0 0 0 0 0 0 0 0 0 0 6 0 0 1 0 0 0 0 5 0 41 0 4 0 1 7 0 0 0 0 0 0 0 0 0 0 0 0 0 0 8 1 0 14 18 9 1 7 0 0 9 12 0 2 0 0 0 0 0 0 0 0 0 0 0 0 0 5 8 0 0 3 0 0 2 0 25 15 0 0 2 0 0 0 0 0 0 0 0 0 0 0 0 0 1 5 0 0 12 0 0 69 180 218 37 0 0 7 5 9 0 0 0 0 0 0 0 0 0 0 0 0 0 4 0 6 4 1 104 236 255 255 243 18 4 0 0 0 0 0 0 0 0 0 0 0 0 0 0 0 0 11 0 2 0 41 192 237 132 255 197 0 7 9 0 6 0 0 0 0 0 0 0 0 0 0 0 0 0 6 0 4 15 140 255 128 21 230 212 11 6 0 6 0 0 0 0 0 0 0 0 0 0 0 0 0 0 8 7 0 102 255 255 78 0 150 255 60 5 0 0 0 0 0 0 0 0 0 0 0 0 0 0 0 6 0 12 19 197 245 137 8 0 93 241 141 5 2 7 7 0 0 0 0 0 0 0 0 0 0 0 0 4 0 0 116 255 218 23 0 0 16 184 222 19 0 0 0 0 0 0 0 0 0 0 0 0 0 0 0 0 7 12 207 255 124 0 3 3 0 117 255 98 3 0 3 0 0 0 0 0 0 0 0 0 0 0 0 2 0 113 241 204 17 4 3 3 0 42 239 195 24 0 4 0 0 0 0 0 0 0 0 0 0 0 0 7 0 207 255 111 4 0 0 0 3 0 183 252 52 0 1 0 0 0 0 0 0 0 0 0 0 0 0 3 50 247 255 35 20 0 0 3 7 0 158 255 93 8 7 0 0 0 0 0 0 0 0 0 0 0 0 3 104 255 222 14 0 7 0 3 0 9 143 240 105 7 0 0 0 0 0 0 0 0 0 0 0 0 0 9 144 243 159 0 4 0 0 1 1 1 178 251 81 0 4 0 0 0 0 0 0 0 0 0 0 0 0 5 220 255 123 6 3 0 4 0 11 85 255 191 8 7 0 0 0 0 0 0 0 0 0 0 0 0 0 74 255 217 31 0 12 3 0 0 59 231 245 83 0 2 9 0 0 0 0 0 0 0 0 0 0 0 0 119 247 158 12 0 0 10 0 24 175 255 112 0 9 0 2 0 0 0 0 0 0 0 0 0 0 0 0 189 255 106 1 0 35 39 36 155 255 163 14 0 1 8 0 0 0 0 0 0 0 0 0 0 0 0 0 184 255 122 75 145 234 237 253 245 179 34 0 17 3 0 5 0 0 0 0 0 0 0 0 0 0 0 0 129 255 255 255 255 255 246 239 145 22 0 0 0 1 0 1 0 0 0 0 0 0 0 0 0 0 0 0 12 107 220 248 183 120 78 6 0 0 6 20 0 0 24 0 0 0 0 0 0 0 0 0 0 0 0 0 0 0 0 0 0 0 0 0 0 0 0 0 0 0 0 0 0 0 0 0 0 0 0 0 0 0 0 0 0 0 0 0 0 0 0 0 0 0 0 0 0 0 0 0 0 0 0 0 0 0 0 0 0 0 0 0 0 0 0 0 0 0 0 0 0 0 0 0 0 0 0 0 0 0 0 0 0 0 0 0 0 0 0 0 0 0 0 0 0 0 0 0 0 0 0 0 0 0 0 0 0 0 0 0
0 0 0 0 0 0 0 0 4 0 1 1 3 0 0 0 12 1 0 0 1 5 0 0 0 0 0 0 0 0 0 0 0 0 0 0 0 0 0 0 0 6 18 1 0 0 5 5 0 0 0 8 0 0 0 0 0 0 0 0 0 0 0 0 0 7 1 29 0 0 2 0 20 0 0 0 4 6 3 0 0 0 0 0 0 0 0 0 0 0 0 0 2 5 0 2 0 6 0 9 0 0 0 5 0 0 3 0 0 0 0 0 0 0 0 0 0 0 0 0 0 7 0 0 6 31 0 0 8 17 0 0 0 0 4 0 0 0 0 0 0 0 0 0 0 0 0 0 0 4 7 4 16 0 0 55 174 154 47 0 6 4 4 0 0 0 0 0 0 0 0 0 0 0 0 0 5 0 0 0 0 0 121 220 255 255 119 8 0 0 0 11 0 0 0 0 0 0 0 0 0 0 0 0 0 16 1 0 6 41 245 248 242 246 86 0 12 8 0 0 0 0 0 0 0 0 0 0 0 0 0 0 0 2 0 2 16 225 251 255 255 229 112 44 0 0 8 0 0 0 0 0 0 0 0 0 0 0 0 0 0 17 1 0 111 255 240 255 236 255 255 250 83 0 16 0 0 0 0 0 0 0 0 0 0 0 0 0 9 0 0 34 241 255 247 255 255 235 201 255 233 9 0 1 0 0 0 0 0 0 0 0 0 0 0 0 1 0 19 147 253 245 255 245 138 41 52 249 255 24 4 0 0 0 0 0 0 0 0 0 0 0 0 0 12 0 15 217 255 255 255 172 0 0 46 255 206 31 0 2 0 0 0 0 0 0 0 0 0 0 0 0 0 7 141 249 251 51 75 20 0 26 143 244 188 8 0 6 0 0 0 0 0 0 0 0 0 0 0 0 0 13 228 255 217 0 19 0 0 19 244 255 104 0 15 3 0 0 0 0 0 0 0 0 0 0 0 0 3 72 255 249 49 7 0 0 2 107 255 213 0 13 0 2 0 0 0 0 0 0 0 0 0 0 0 0 1 178 252 255 19 6 1 0 7 244 247 148 0 1 0 4 0 0 0 0 0 0 0 0 0 0 0 0 0 222 246 199 11 0 0 4 88 255 220 9 8 8 0 0 0 0 0 0 0 0 0 0 0 0 0 0 12 208 237 149 0 0 11 11 225 254 74 0 20 0 0 9 0 0 0 0 0 0 0 0 0 0 0 0 38 255 255 90 14 7 10 145 255 196 0 8 0 0 15 0 0 0 0 0 0 0 0 0 0 0 0 0 26 255 255 86 0 0 105 255 228 54 10 0 0 5 0 0 0 0 0 0 0 0 0 0 0 0 0 0 9 204 253 179 43 82 255 249 105 0 2 0 16 0 0 6 0 0 0 0 0 0 0 0 0 0 0 0 7 202 255 252 226 243 255 167 0 22 0 0 0 2 23 0 0 0 0 0 0 0 0 0 0 0 0 0 3 128 244 255 255 255 139 16 2 0 8 5 0 0 6 2 0 0 0 0 0 0 0 0 0 0 0 0 4 9 115 226 195 85 17 0 0 0 0 0 0 0 0 0 0 0 0 0 0 0 0 0 0 0 0 0 2 0 2 23 2 0 0 0 0 0 0 0 0 0 0 0 0 0 0 0 0 0 0 0 0 0 0 0 10 2 5 0 0 7 19 0 0 0 0 0 0 0 0 0 0 0 0 0 0 0 0 0 0 0 0 0 0 0 0 1 0 1 3 0 0 0 0 0 0 0 0 0 0 0 0 0
0 0 0 0 0 0 0 0 0 3 0 0 3 5 6 0 0 0 0 0 0 4 5 0 0 0 0 0 0 0 0 0 0 0 0 0 3 0 0 0 2 0 1 11 9 6 6 2 0 0 6 6 0 0 0 0 0 0 0 0 0 0 0 0 0 0 7 0 7 7 6 0 0 0 0 3 2 0 0 0 0 0 0 0 0 0 0 0 0 0 0 0 8 0 10 0 2 0 0 18 0 0 0 1 11 8 0 0 0 0 0 0 0 0 0 0 0 0 0 0 0 0 16 0 4 4 0 0 8 13 0 0 0 0 0 4 0 0 0 0 0 0 0 0 0 0 0 0 0 0 8 0 0 10 0 0 0 7 7 0 5 4 0 0 0 0 0 0 0 0 0 0 0 0 0 0 18 0 0 13 0 27 70 185 212 185 92 5 0 2 0 1 0 0 0 0 0 0 0 0 0 0 0 0 0 9 5 2 50 219 241 252 250 251 203 166 183 162 75 4 0 0 0 0 0 0 1 0 0 0 0 5 0 12 0 135 248 240 255 248 255 237 250 255 235 249 244 62 0 0 0 0 1 2 0 6 0 2 13 0 6 101 255 255 247 255 144 0 98 233 253 255 255 250 255 42 0 0 0 0 0 0 0 1 0 0 0 10 55 145 255 255 234 156 24 8 109 226 255 243 255 255 222 166 0 0 0 0 0 0 7 0 14 6 0 99 235 249 255 170 63 3 0 45 224 250 122 124 232 255 243 139 0 0 0 0 12 0 0 0 0 0 39 123 252 255 233 56 0 8 0 71 221 117 0 0 230 237 255 94 0 0 0 0 0 3 0 12 0 57 230 252 251 192 80 0 16 7 0 41 87 17 0 129 237 255 149 0 0 0 0 0 0 13 0 0 18 123 251 251 250 81 0 4 0 0 24 0 0 0 9 113 255 236 232 0 0 0 0 0 5 0 0 0 142 255 239 251 170 0 3 11 0 4 0 10 1 18 69 241 255 237 140 5 0 0 0 0 7 0 12 1 142 249 255 224 0 4 2 0 0 0 0 11 44 91 242 246 255 222 51 0 0 0 0 0 2 0 5 0 206 255 238 232 11 30 33 24 27 51 100 150 233 249 255 246 215 113 0 10 0 0 0 0 0 3 0 0 184 255 247 255 191 232 255 255 246 241 247 255 247 242 255 255 38 0 9 0 0 0 0 0 1 2 0 2 62 211 255 255 250 255 255 245 255 255 255 248 255 251 124 63 0 12 2 0 0 0 0 0 0 0 7 18 8 148 239 242 250 255 251 249 255 234 171 119 33 19 9 20 0 2 0 1 0 0 0 0 12 0 9 0 0 1 47 49 57 61 54 53 65 55 18 0 0 0 0 0 6 4 0 9 0 0 0 0 0 0 3 0 15 0 6 5 0 1 0 0 1 0 0 0 0 23 12 0 2 10 0 9 0 0 0 0 0 3 1 4 0 1 7 0 1 5 2 0 0 0 0 13 0 0 0 8 0 5 9 0 0 0 0 0 0 0 0 0 0 0 0 0 0 0 0 0 0 0 0 0 0 0 0 0 0 0 0 0 0 0 0 0 0 0 0 0 0 0 0 0 0 0 0 0 0 0 0 0 0 0 0 0 0 0 0 0 0 0 0 0 0 0 0 0 0 0 0 0 0 0 0 0 0 0 0 0 0 0 0 0 0 0 0 0 0 0 0 0 0 0 0 0 0 0 0 0 0 0 0 0 0 0 0 0 0 0 0 0 0 0 0 0 0 0 0 0
0 0 0 0 0 0 0 0 7 0 6 4 0 0 15 0 0 6 0 0 0 3 10 0 0 0 0 0 0 0 0 0 0 0 0 0 0 16 0 7 4 5 0 0 5 0 0 11 0 1 0 13 0 0 0 0 0 0 0 0 0 0 0 0 0 0 10 0 3 15 0 13 12 15 0 0 3 0 0 4 0 0 0 0 0 0 0 0 0 0 0 0 0 1 2 8 0 1 5 0 0 0 11 5 12 0 6 0 0 0 0 0 0 0 0 0 0 0 0 0 0 13 0 28 90 88 186 138 150 16 0 6 0 0 0 0 0 0 0 0 0 0 0 0 0 0 0 0 9 0 0 88 249 255 217 195 209 205 3 0 1 3 0 0 0 0 0 0 0 0 0 0 0 0 0 0 0 1 30 218 255 223 5 14 23 255 123 14 13 0 0 4 0 0 0 0 0 0 0 0 0 0 0 0 0 15 95 246 255 19 6 0 3 194 251 35 0 12 0 0 0 0 0 0 0 0 0 0 0 0 0 0 4 0 167 255 186 0 0 6 8 7 203 179 0 1 0 2 0 0 0 0 0 0 0 0 0 0 0 0 0 4 201 242 83 0 6 0 0 4 165 171 0 3 8 2 0 0 0 0 0 0 0 0 0 0 0 0 0 78 240 192 1 0 8 0 0 9 128 206 14 0 4 5 0 0 0 0 0 0 0 0 0 0 0 0 2 188 252 115 0 9 0 0 4 0 65 242 81 0 0 0 0 0 0 0 0 0 0 0 0 0 0 0 1 251 248 61 7 1 0 0 10 0 0 221 129 10 1 0 0 0 0 0 0 0 0 0 0 0 0 0 0 254 251 53 4 0 17 0 1 1 0 192 143 0 6 0 0 0 0 0 0 0 0 0 0 0 0 0 1 247 255 56 0 0 13 3 0 15 8 193 185 0 2 7 0 0 0 0 0 0 0 0 0 0 0 0 3 251 255 45 4 5 0 2 0 0 0 201 250 9 0 0 0 0 0 0 0 0 0 0 0 0 0 0 9 243 244 74 0 0 8 0 2 0 30 235 142 0 8 0 0 0 0 0 0 0 0 0 0 0 0 0 0 110 255 166 7 0 0 15 0 3 128 250 109 1 1 0 0 0 0 0 0 0 0 0 0 0 0 0 3 24 247 178 0 3 0 0 7 8 208 223 36 0 8 0 0 0 0 0 0 0 0 0 0 0 0 0 0 20 212 239 75 9 7 4 1 112 248 123 0 0 6 0 0 0 0 0 0 0 0 0 0 0 0 0 6 0 101 255 247 84 0 2 72 255 227 23 0 0 0 0 0 0 0 0 0 0 0 0 0 0 0 0 10 0 0 104 251 233 106 91 244 242 106 0 11 0 4 0 0 0 0 0 0 0 0 0 0 0 0 0 0 15 8 0 109 244 255 245 255 94 2 0 1 0 10 0 0 0 0 0 0 0 0 0 0 0 0 0 0 2 0 0 1 90 193 187 86 5 1 0 0 19 0 7 0 0 0 0 0 0 0 0 0 0 0 0 0 0 0 0 0 0 0 0 0 0 0 0 0 0 0 0 0 0 0 0 0 0 0 0 0 0 0 0 0 0 0 0 0 0 0 0 0 0 0 0 0 0 0 0 0 0 0 0 0 0 0 0 0 0 0 0 0 0 0 0 0 0 0 0 0 0 0 0 0 0 0 0 0 0 0 0 0 0 0 0 0 0 0 0 0 0 0 0 0 0 0 0 0 0 0 0 0 0 0 0 0 0 0 0
0 0 0 0 0 0 0 0 0 0 0 0 0 0 0 0 0 0 0 0 0 0 0 0 0 0 0 0 0 0 0 0 0 0 0 0 0 0 0 0 0 0 0 0 0 0 0 0 0 0 0 0 0 0 0 0 0 0 0 0 0 0 0 0 0 0 0 0 0 0 0 0 0 0 0 0 0 0 0 0 0 0 0 0 0 0 0 0 0 0 0 0 0 0 0 0 0 0 0 0 0 0 0 0 0 0 0 0 0 0 0 0 0 0 0 0 0 0 0 0 0 0 0 0 0 0 0 0 0 0 0 0 0 0 0 0 0 0 0 0 0 0 0 0 0 0 0 0 0 0 0 0 0 0 0 0 0 0 0 0 0 0 0 0 0 0 0 0 0 0 0 0 0 0 0 0 0 0 0 0 0 0 0 0 0 0 0 0 0 0 0 0 0 0 0 0 0 0 0 0 0 0 0 0 0 0 0 0 0 0 0 0 0 0 0 0 0 0 0 0 0 0 0 0 0 6 5 0 3 0 0 9 0 41 91 234 238 228 234 233 233 246 191 97 12 0 1 8 9 2 0 1 3 1 0 0 0 0 0 0 146 237 255 243 233 255 255 247 255 233 255 255 225 217 6 0 0 0 6 4 3 0 0 3 0 4 0 61 247 245 255 255 255 250 247 255 237 255 255 240 249 249 217 50 14 0 0 0 0 4 0 8 0 9 30 211 255 249 255 219 122 57 33 22 47 187 234 181 255 248 253 225 144 12 0 0 0 6 0 7 0 1 145 255 255 250 127 59 0 0 3 8 6 39 30 0 122 227 237 255 249 13 0 7 0 3 0 3 0 32 255 244 245 188 0 0 12 8 0 8 0 1 2 0 0 54 255 247 255 0 0 13 1 0 0 1 0 146 255 232 249 162 15 0 1 4 0 5 6 0 13 10 10 0 195 255 253 0 7 9 0 0 0 3 0 255 228 255 234 49 0 10 0 0 9 0 2 0 0 6 0 67 244 250 225 0 3 0 7 0 0 11 0 255 248 255 148 3 3 4 0 0 5 0 3 0 0 7 57 233 253 247 84 25 0 0 4 0 4 11 0 215 255 250 155 14 0 0 4 6 4 6 0 23 44 185 247 254 221 138 14 0 0 0 4 0 7 3 0 108 246 254 255 128 41 0 0 0 0 30 44 112 235 247 255 226 23 0 0 0 8 4 9 0 3 0 0 6 164 254 253 234 214 177 165 153 166 232 245 255 253 231 141 22 23 0 2 9 8 0 0 0 7 4 16 12 108 236 249 255 255 245 255 255 238 255 255 239 194 44 0 0 0 1 5 0 0 0 0 10 9 0 0 0 0 49 225 237 224 230 242 229 150 93 73 0 8 8 0 0 17 4 0 0 0 6 0 0 2 0 9 15 0 8 0 6 3 11 0 2 1 0 5 10 0 0 5 1 0 0 1 1 5 7 12 0 0 7 0 0 9 0 6 0 0 12 0 0 8 0 0 0 8 0 2 9 0 12 4 0 0 0 0 0 0 0 0 0 0 0 0 0 0 0 0 0 0 0 0 0 0 0 0 0 0 0 0 0 0 0 0 0 0 0 0 0 0 0 0 0 0 0 0 0 0 0 0 0 0 0 0 0 0 0 0 0 0 0 0 0 0 0 0 0 0 0 0 0 0 0 0 0 0 0 0 0 0 0 0 0 0 0 0 0 0 0 0 0 0 0 0 0 0 0 0 0 0 0 0 0 0 0 0 0 0 0 0 0 0 0 0 0 0 0
0 0 0 0 0 0 0 0 0 0 2 7 0 0 0 0 1 1 0 3 0 0 0 0 0 0 0 0 0 0 0 0 0 0 0 0 5 3 0 0 0 0 0 0 0 3 0 2 7 6 12 0 0 0 0 0 0 0 0 0 0 0 0 0 0 0 0 0 5 7 0 0 2 5 7 0 7 0 4 0 0 0 0 0 0 0 0 0 0 0 0 0 0 8 8 2 3 0 0 11 0 0 0 13 0 15 0 23 0 0 0 0 0 0 0 0 0 0 0 0 7 0 0 0 2 0 0 0 0 0 24 0 0 18 0 0 0 0 0 0 0 0 0 0 0 0 0 0 2 0 0 22 43 98 193 255 255 247 224 57 0 0 5 15 0 0 0 0 0 0 0 0 0 0 0 0 19 0 35 146 216 252 255 245 233 255 235 199 42 9 0 9 0 0 0 0 0 0 0 0 0 0 0 0 0 8 135 255 255 243 254 252 250 255 255 255 186 8 1 0 0 0 0 0 0 14 0 0 2 0 5 0 0 40 224 249 254 255 251 248 255 248 255 255 186 3 3 0 0 0 0 0 0 2 0 4 10 0 6 0 22 43 255 242 252 246 164 139 122 132 223 252 191 4 4 0 0 0 0 0 5 0 0 8 4 0 1 0 0 77 255 255 255 199 32 0 5 20 199 248 197 2 3 1 0 0 0 0 4 0 1 5 0 0 4 2 10 217 249 242 255 236 85 2 0 0 209 253 199 0 0 3 0 0 0 0 0 0 2 0 0 7 7 1 113 248 253 227 185 40 3 3 8 0 221 254 198 0 0 2 0 0 0 0 3 0 0 0 4 9 0 0 116 253 255 189 0 14 0 6 4 0 213 249 197 0 2 0 0 0 0 0 3 4 1 0 4 0 0 48 252 236 255 39 0 0 14 0 0 0 204 248 198 0 3 0 0 0 0 0 0 4 9 0 5 0 16 138 245 255 247 18 0 10 0 6 0 16 206 253 199 0 3 0 0 0 0 0 1 4 0 10 0 0 1 201 252 255 252 32 2 2 0 6 0 120 255 247 198 11 0 6 0 0 0 0 0 4 0 0 0 9 8 191 246 253 152 0 5 0 6 0 26 218 251 255 73 0 9 2 0 0 0 0 1 0 1 0 0 8 0 195 255 254 115 17 0 5 2 7 109 244 255 178 28 2 0 0 0 0 0 0 8 0 3 0 2 0 0 213 255 240 127 2 17 0 0 209 228 255 210 25 3 0 2 16 0 0 0 0 5 0 4 0 5 0 0 177 251 255 255 10 0 3 97 255 244 255 118 10 5 0 10 0 0 0 0 0 1 0 6 0 0 6 0 69 221 233 254 228 230 229 237 253 253 126 12 0 0 0 8 7 0 0 0 0 0 2 5 0 0 1 0 0 110 255 251 244 242 255 239 255 137 0 0 5 18 5 0 1 0 0 0 0 0 0 2 7 4 0 6 0 18 151 255 255 245 255 254 113 4 13 0 9 0 0 3 3 0 0 0 0 0 0 0 0 0 0 0 0 0 18 102 220 255 200 81 1 0 0 0 0 0 0 0 0 0 0 0 0 0 0 0 0 0 0 0 0 5 0 0 3 3 0 3 15 0 0 0 0 0 0 0 0 0 0 0 0 0 0 0 0 0 0 0 0 0 6 10 1 0 0 0 0 0 0 0 0 0 0 0 0 0 0 0 0 0 0 0 0 0 0 0 0 0 0 0 0 0 11 7 0 0 0 0 0 0 0 0 0 0 0 0 0
0 0 0 0 0 0 0 0 0 0 8 0 6 0 2 0 0 0 0 0 16 1 0 0 0 0 0 0 0 0 0 0 0 0 0 0 4 3 0 9 0 5 0 2 0 14 10 17 0 0 18 0 0 0 0 0 0 0 0 0 0 0 0 0 0 0 0 0 0 6 6 0 15 0 0 0 16 15 0 11 0 0 0 0 0 0 0 0 0 0 0 0 1 13 13 6 0 0 0 0 0 13 0 13 0 0 13 0 0 0 0 0 0 0 0 0 0 0 0 0 0 1 0 0 0 34 9 0 14 8 203 250 122 0 10 0 0 0 0 0 0 0 0 0 0 0 0 0 7 2 2 0 137 220 184 44 6 241 254 240 255 80 0 1 0 0 0 0 0 0 0 0 0 0 0 0 0 0 26 71 248 255 207 41 88 255 165 222 255 243 60 0 0 0 0 0 0 0 0 0 0 0 0 0 6 0 31 225 245 181 32 2 82 231 94 30 249 250 181 0 0 0 0 0 0 0 12 0 8 1 0 4 1 0 147 255 237 12 4 0 0 35 8 20 157 255 176 0 0 0 0 0 1 0 6 0 5 0 0 0 0 58 234 246 187 0 12 7 0 19 0 0 87 243 171 1 0 0 0 0 0 0 0 0 8 0 8 4 0 158 249 247 63 22 0 0 0 8 0 6 45 251 175 0 0 0 0 0 0 1 0 0 6 2 12 0 50 220 255 137 0 0 5 6 0 4 4 24 32 255 181 0 0 0 0 0 0 8 0 0 0 0 0 0 92 250 254 110 2 2 5 0 3 0 0 5 31 249 176 2 0 0 0 0 0 5 2 0 0 4 0 38 206 255 175 7 5 0 23 2 4 0 0 0 93 245 169 1 0 0 0 0 0 0 3 0 0 7 4 125 246 255 50 8 0 19 0 0 0 0 3 17 194 255 169 0 0 0 0 0 7 0 4 1 0 0 0 179 255 249 31 0 9 0 0 3 0 0 4 17 252 255 169 2 0 0 0 0 0 6 1 1 0 0 0 176 246 219 12 0 9 0 0 7 0 8 11 129 252 255 61 4 0 0 0 0 0 2 0 1 5 7 0 170 255 158 12 3 0 8 0 0 4 0 7 255 253 117 6 0 0 0 0 0 0 5 0 0 7 0 0 170 230 232 22 0 13 0 0 17 0 1 203 255 251 64 0 7 0 0 0 0 0 8 0 1 4 0 2 183 255 251 34 0 11 0 13 0 3 116 249 233 121 0 0 0 0 0 0 0 0 4 0 2 9 0 13 157 255 247 129 41 1 0 7 106 177 241 251 178 0 4 14 0 0 0 0 0 2 0 0 0 9 0 0 69 226 255 255 236 190 176 198 223 255 255 114 0 27 0 3 0 0 0 0 0 5 0 0 0 0 0 0 2 86 241 255 241 255 250 252 255 223 31 13 0 0 10 0 1 0 0 0 0 0 0 6 0 0 4 8 0 4 72 232 250 248 255 166 94 3 15 0 10 3 0 9 0 0 0 0 0 0 0 0 0 0 0 0 0 0 0 0 0 0 0 0 0 0 0 0 0 0 0 0 0 0 0 0 0 0 0 0 0 0 0 0 0 0 0 0 0 0 0 0 0 0 0 0 0 0 0 0 0 0 0 0 0 0 0 0 0 0 0 0 0 0 0 0 0 0 0 0 0 0 0 0 0 0 0 0 0 0 0 0 0 0 0 0 0 0 0 0 0 0 0 0 0 0 0 0 0 0 0 0 0 0 0 0 0 0 0 0 0
0 0 0 0 0 0 0 0 4 0 0 0 5 5 0 0 0 0 0 0 10 7 0 0 0 0 0 0 0 0 0 0 0 0 0 0 0 0 0 0 0 0 2 6 0 8 0 0 0 0 3 16 0 0 0 0 0 0 0 0 0 0 0 0 0 0 4 4 1 0 0 0 0 8 2 14 6 0 2 0 0 0 0 0 0 0 0 0 0 0 0 0 10 5 0 0 1 4 5 4 2 0 0 0 0 3 11 0 0 0 0 0 0 0 0 0 0 0 0 0 0 0 0 3 3 0 0 0 8 0 14 3 0 9 5 2 0 0 0 0 0 0 0 0 0 0 0 0 5 7 8 6 2 0 3 6 0 0 4 0 0 2 0 0 0 0 0 0 0 0 0 0 0 0 0 0 4 0 0 7 27 31 13 0 0 49 50 51 24 0 12 8 0 0 0 0 0 0 0 0 0 0 0 0 0 19 82 174 234 204 95 0 23 195 244 255 151 2 9 0 0 0 0 0 0 6 6 0 9 0 1 0 5 99 255 252 245 255 185 57 203 254 254 243 255 86 0 4 0 0 0 0 0 0 0 13 0 6 9 10 108 245 255 250 255 240 255 225 255 253 255 249 242 235 116 0 0 0 0 0 1 8 0 11 1 0 15 154 231 255 244 245 253 215 156 247 251 227 189 201 255 255 209 0 0 0 0 0 0 8 3 0 5 5 101 255 255 237 255 255 129 0 96 255 255 69 0 186 243 255 215 63 0 0 0 0 0 0 16 0 0 118 229 252 248 236 255 106 10 12 255 222 56 0 15 15 206 255 255 243 0 0 0 0 2 0 0 0 12 206 255 240 255 255 131 9 0 0 146 183 35 0 0 8 134 251 247 255 0 0 0 0 3 11 0 4 63 232 241 255 240 235 0 0 19 2 97 199 0 14 8 0 149 223 255 247 0 0 0 0 1 0 2 14 95 251 255 249 228 38 0 1 3 0 13 107 47 0 3 71 169 255 244 193 0 0 0 0 0 0 0 6 136 253 255 248 146 0 8 0 17 0 2 20 14 0 48 199 251 251 254 72 0 0 0 0 7 0 0 6 229 255 238 255 34 0 9 4 0 0 14 0 20 86 248 255 246 243 204 5 0 0 0 0 1 1 12 7 113 255 252 255 130 44 0 0 4 7 125 152 247 247 252 248 255 255 131 6 0 0 0 0 8 0 0 0 84 230 243 255 246 243 219 254 224 211 253 250 255 244 255 249 255 104 25 0 0 0 0 0 0 0 9 14 0 196 246 255 255 240 249 244 255 245 255 249 255 237 236 218 84 16 0 0 0 0 0 0 4 1 13 0 18 4 81 239 255 248 255 255 251 255 245 246 242 118 93 0 0 0 12 2 0 0 0 0 0 0 0 1 0 0 0 40 53 161 155 174 35 102 17 18 8 3 11 0 11 20 0 12 0 0 0 0 0 8 0 6 0 3 2 0 0 0 5 0 6 0 3 0 0 4 0 0 7 0 13 0 0 0 0 0 0 0 0 0 0 0 0 0 0 0 0 0 0 0 0 0 0 0 0 0 0 0 0 0 0 0 0 0 0 0 0 0 0 0 0 0 0 0 0 0 0 0 0 0 0 0 0 0 0 0 0 0 0 0 0 0 0 0 0 0 0 0 0 0 0 0 0 0 0 0 0 0 0 0 0 0 0 0 0 0 0 0 0 0 0 0 0 0 0 0 0 0 0 0 0 0 0 0 0 0 0 0 0 0 0 0 0 0 0 0 0 0
0 0 0 0 0 0 0 0 2 0 0 0 0 5 19 0 0 4 0 0 7 0 0 0 0 0 0 0 0 0 0 0 0 0 0 0 0 29 5 0 17 0 0 6 2 2 19 6 0 0 0 8 0 0 0 0 0 0 0 0 0 0 0 0 1 0 0 2 1 0 14 0 0 10 0 0 5 7 0 2 0 0 0 0 0 0 0 0 0 0 0 0 2 6 0 0 11 0 0 0 0 16 5 15 14 0 0 0 0 0 0 0 0 0 0 0 0 0 0 0 0 0 13 0 0 21 131 181 255 16 0 13 0 1 4 17 0 0 0 0 0 0 0 0 0 0 0 0 16 0 7 0 0 72 239 255 245 167 0 0 12 0 21 0 0 0 0 0 0 0 0 0 0 0 0 0 0 8 0 11 156 229 255 250 255 35 2 9 0 9 0 0 0 0 0 0 0 0 0 0 0 0 0 0 8 5 0 13 187 255 246 150 72 85 18 0 7 2 0 0 0 0 0 0 0 0 0 0 0 0 0 0 0 4 0 77 254 247 153 23 112 253 73 3 0 0 15 0 0 0 0 0 0 0 0 0 0 0 0 0 6 0 44 227 255 228 43 4 106 252 161 12 9 6 0 0 0 0 0 0 0 0 0 0 0 0 0 0 9 0 67 255 230 238 0 0 82 255 231 40 0 3 2 12 0 0 0 0 0 0 0 0 0 0 0 0 1 12 207 225 253 122 11 0 9 225 254 148 3 0 0 0 0 0 0 0 0 0 0 0 0 0 0 0 0 70 254 255 255 68 0 4 3 140 252 248 67 8 4 2 0 0 0 0 0 0 0 0 0 0 0 0 2 130 255 239 231 22 3 1 0 19 208 239 88 0 0 7 0 0 0 0 0 0 0 0 0 0 0 0 2 212 255 254 91 0 0 7 0 46 238 255 119 17 0 10 0 0 0 0 0 0 0 0 0 0 0 0 0 190 255 253 97 0 15 0 1 146 253 253 67 0 2 0 0 0 0 0 0 0 0 0 0 0 0 0 0 207 255 228 111 1 0 5 39 244 254 255 67 2 0 0 0 0 0 0 0 0 0 0 0 0 0 0 0 202 242 255 78 0 11 28 207 253 255 233 38 3 0 12 0 0 0 0 0 0 0 0 0 0 0 0 5 219 238 254 91 1 5 158 255 255 248 151 0 2 0 0 0 0 0 0 0 0 0 0 0 0 0 0 0 195 255 254 95 0 130 255 250 239 149 44 0 0 4 0 0 0 0 0 0 0 0 0 0 0 0 0 11 196 237 255 192 69 228 254 255 149 30 0 10 0 0 3 0 0 0 0 0 0 0 0 0 0 0 0 0 183 255 239 241 253 255 252 222 37 0 0 0 4 0 9 0 0 0 0 0 0 0 0 0 0 0 0 5 2 167 255 252 255 247 245 78 0 8 3 0 0 1 0 0 0 0 0 0 0 0 0 0 0 0 0 0 5 26 137 254 248 190 0 0 5 0 0 12 0 7 0 0 0 0 0 0 0 0 0 0 0 0 0 0 0 0 0 0 0 0 0 0 0 0 0 0 0 0 0 0 0 0 0 0 0 0 0 0 0 0 0 0 0 0 0 0 0 0 0 0 0 0 0 0 0 0 0 0 0 0 0 0 0 0 0 0 0 0 0 0 0 0 0 0 0 0 0 0 0 0 0 0 0 0 0 0 0 0 0 0 0 0 0 0 0 0 0 0 0 0 0 0 0 0 0 0 0 0 0 0 0 0 0 0 0 0 0
0 0 0 0 0 0 0 0 3 1 0 1 0 0 0 17 3 0 10 3 0 9 8 1 0 0 0 0 0 0 0 0 0 0 0 0 0 0 4 0 0 10 8 0 0 10 1 0 11 0 0 0 0 0 0 0 0 0 0 0 0 0 0 0 3 0 3 4 0 1 10 0 1 5 0 5 0 0 13 18 0 0 0 0 0 0 0 0 0 0 0 0 4 3 0 0 0 0 1 3 3 35 253 77 0 0 0 0 0 0 0 0 0 0 0 0 0 0 0 0 0 12 0 0 11 5 0 1 14 108 231 199 54 15 1 0 0 0 0 0 0 0 0 0 0 0 0 0 0 3 0 0 7 0 7 92 161 255 245 255 179 24 0 17 0 0 0 0 0 0 0 0 0 0 0 0 7 0 0 5 1 25 117 215 252 245 216 220 251 255 15 2 0 0 0 0 0 0 0 0 0 0 0 0 0 1 7 0 10 142 253 252 176 49 11 80 252 247 54 0 0 0 0 0 0 4 6 1 3 2 0 0 1 0 8 24 123 246 255 161 0 0 6 0 149 253 233 2 0 0 0 0 10 2 0 0 0 1 3 6 3 0 23 152 255 255 193 48 14 0 13 0 106 255 236 85 0 0 0 0 9 0 0 8 2 0 0 0 0 13 83 231 255 198 78 3 0 9 1 0 97 231 255 66 0 0 0 0 0 0 6 11 0 0 1 0 0 123 251 250 163 15 3 2 0 13 0 4 199 255 250 9 0 0 0 0 1 1 0 0 0 2 8 4 60 255 245 199 19 0 0 0 0 0 3 50 236 238 116 0 0 0 0 0 3 6 0 0 5 2 0 0 182 247 255 33 1 0 17 0 7 9 10 120 252 243 80 10 0 0 0 0 0 8 0 0 12 0 0 47 233 238 214 24 0 3 0 2 0 0 0 158 255 251 85 0 0 0 0 0 0 10 0 0 4 0 40 161 252 226 0 0 0 1 12 0 4 0 136 252 247 174 6 1 0 0 0 0 2 0 6 10 0 10 134 249 240 89 4 1 0 0 0 4 32 130 230 255 168 28 0 0 0 0 0 0 5 10 0 0 6 63 237 255 108 0 0 7 0 18 13 2 179 246 254 105 9 7 0 6 0 0 0 0 0 10 0 12 11 204 255 203 0 0 20 0 0 0 10 197 255 255 148 20 0 5 4 0 0 0 0 0 9 0 0 11 0 224 239 161 0 0 8 0 13 46 106 245 255 167 24 0 17 0 2 0 0 0 0 0 4 0 0 7 57 186 255 155 0 17 0 2 98 207 255 252 137 38 9 0 0 6 0 2 0 0 0 0 1 5 6 0 79 244 255 127 0 71 153 226 249 255 245 134 10 0 0 14 0 6 12 0 0 0 0 0 0 0 7 0 71 255 246 196 192 255 254 249 245 137 19 0 6 5 0 9 0 0 19 0 0 0 0 0 0 5 0 0 8 0 0 7 0 0 3 0 2 5 0 8 0 0 14 0 0 8 0 5 0 0 0 0 0 0 0 0 0 0 0 0 0 0 0 0 0 0 0 0 0 0 0 0 0 0 0 0 0 0 0 0 0 0 0 0 0 0 0 0 0 0 0 0 0 0 0 0 0 0 0 0 0 0 0 0 0 0 0 0 0 0 0 0 0 0 0 0 0 0 0 0 0 0 0 0 0 0 0 0 0 0 0 0 0 0 0 0 0 0 0 0 0 0 0 0 0 0 0 0 0 0 0 0 0 0 0 0 0 0 0 0 0 0 0 0
0 0 0 0 0 0 0 0 1 7 0 0 0 0 5 0 3 2 0 4 0 8 0 4 0 0 0 0 0 0 0 0 0 0 0 0 0 4 0 6 10 3 9 0 0 0 4 2 0 3 16 0 0 0 0 0 0 0 0 0 0 0 0 0 1 7 0 0 0 0 0 0 4 1 0 2 25 3 0 0 0 0 0 0 0 0 0 0 0 0 0 0 3 0 0 5 7 0 3 8 2 0 5 0 0 0 19 11 0 0 0 0 0 0 0 0 0 0 0 0 2 0 0 14 13 0 0 0 16 220 253 113 66 13 0 0 0 0 0 0 0 0 0 0 0 0 0 0 0 0 5 0 0 4 55 118 230 240 255 240 204 86 0 6 0 0 0 0 0 0 0 0 0 0 0 0 0 0 3 0 28 128 211 255 254 254 255 252 255 191 23 0 0 0 0 0 0 0 0 0 0 0 0 0 10 0 0 14 123 253 255 236 253 111 91 165 244 255 87 5 0 0 0 0 8 0 8 0 9 0 0 6 6 1 0 137 248 255 255 201 92 0 11 109 255 254 82 0 0 0 0 0 0 0 8 0 0 0 5 2 0 0 161 238 255 230 201 14 6 0 1 0 232 248 91 4 0 0 0 0 0 6 1 3 0 3 5 0 0 154 247 255 248 213 24 9 0 7 2 33 224 252 80 0 0 0 0 0 0 4 0 1 1 5 0 23 132 244 255 230 132 26 0 0 3 0 0 113 249 255 85 4 0 0 0 0 0 0 0 0 0 0 0 112 255 246 255 197 14 1 24 0 0 0 7 109 255 244 86 0 0 0 0 0 0 0 7 0 0 8 68 214 254 237 164 7 5 8 0 3 7 0 6 188 249 245 88 0 0 0 0 0 0 0 3 2 0 42 185 255 251 216 12 0 0 0 4 0 5 0 0 255 249 249 78 11 0 0 0 0 0 0 0 6 2 80 255 243 255 6 12 0 5 4 0 9 0 17 1 246 255 204 19 0 0 0 0 0 0 0 5 0 10 88 235 255 138 12 0 0 7 4 1 0 0 13 137 251 255 173 0 0 0 0 0 0 14 0 1 0 0 94 255 237 115 0 0 3 4 0 0 12 14 103 255 248 172 26 0 3 0 0 0 0 3 1 0 0 2 82 253 252 106 8 14 0 0 16 0 0 15 233 250 255 177 0 0 9 0 0 0 0 0 9 0 0 16 83 247 255 116 0 0 7 7 0 5 93 255 255 250 194 6 6 9 0 0 0 0 0 0 0 1 2 0 79 255 249 163 17 0 0 10 33 95 211 255 238 205 11 27 0 3 3 0 0 0 0 8 0 0 6 0 20 173 255 238 203 207 180 204 236 246 247 255 200 20 15 0 0 2 0 0 0 0 0 3 0 1 1 12 0 43 167 240 249 255 244 251 249 255 246 192 21 0 1 0 4 14 0 0 0 0 0 3 0 9 0 1 1 0 0 73 103 107 120 202 241 197 69 2 1 3 1 4 3 0 5 0 0 0 0 0 0 0 0 0 0 0 0 0 0 0 0 0 0 0 0 0 0 0 0 0 0 0 0 0 0 0 0 0 0 0 0 0 0 0 0 0 0 0 0 0 0 0 0 0 0 0 0 0 0 0 0 0 0 0 0 0 0 0 0 0 0 0 0 0 0 0 0 0 0 0 0 0 0 0 0 0 0 0 0 0 0 0 0 0 0 0 0 0 0 0 0 0 0 0 0 0 0 0 0 0 0 0 0 0 0 0 0 0 0 0 0
0 0 0 0 0 0 0 0 2 0 0 1 0 0 9 3 0 10 0 0 1 3 0 6 0 0 0 0 0 0 0 0 0 0 0 0 0 6 8 1 0 2 7 0 4 0 4 21 0 0 4 0 0 0 0 0 0 0 0 0 0 0 0 0 0 0 0 5 9 4 0 0 0 8 2 0 0 6 8 3 0 0 0 0 0 0 0 0 0 0 0 0 2 0 4 0 0 0 0 24 0 2 0 0 18 0 0 11 0 0 0 0 0 0 0 0 0 0 0 0 0 3 8 0 6 17 0 0 13 0 0 3 0 7 15 0 0 0 0 0 0 0 0 0 0 0 0 0 0 0 0 0 1 0 0 52 89 135 167 127 42 0 0 14 0 0 0 0 0 0 0 0 0 0 0 0 2 0 12 0 0 32 99 232 255 254 241 255 255 135 11 0 0 0 0 0 0 0 0 0 0 0 0 0 2 3 3 5 122 248 249 252 239 251 253 240 251 255 163 15 0 0 0 0 0 11 0 0 13 4 0 9 2 0 19 155 255 245 255 205 175 212 255 240 255 250 251 138 0 0 0 0 1 10 0 9 0 0 10 0 2 17 209 248 247 218 43 115 233 252 247 215 154 250 255 253 0 0 0 0 3 0 0 5 0 0 0 3 86 241 254 248 135 0 98 255 229 162 1 8 3 189 255 242 0 0 0 0 0 0 10 0 6 4 0 88 237 244 255 110 0 11 221 227 30 0 0 0 12 153 243 255 0 0 0 0 0 0 15 0 8 0 91 218 255 225 53 7 9 0 187 25 0 22 3 8 0 31 244 251 0 0 0 0 0 0 0 6 0 25 225 255 224 30 0 2 0 0 2 8 7 0 0 0 6 117 255 255 0 0 0 0 0 0 0 5 14 142 255 213 49 0 4 1 17 28 0 2 0 17 4 9 0 140 255 229 0 0 0 0 4 0 4 0 59 255 235 121 0 4 3 0 0 0 20 3 9 0 1 0 24 230 237 142 0 0 0 0 0 4 6 0 216 255 131 0 5 1 0 0 5 0 0 4 12 0 11 0 163 244 201 19 0 0 0 0 15 0 0 15 252 248 28 14 0 3 0 0 2 0 0 0 0 28 0 107 255 255 135 0 0 0 0 0 0 20 0 0 255 249 28 0 0 0 1 0 0 2 2 0 11 6 102 255 238 147 0 14 0 0 0 0 0 0 19 3 250 255 53 3 9 4 4 3 0 0 1 4 3 102 255 248 229 32 11 0 0 0 0 0 1 0 1 0 243 237 204 14 0 0 0 5 0 0 10 20 204 243 255 193 29 0 8 0 0 0 0 0 6 12 0 9 54 235 243 183 75 26 0 3 23 93 187 241 239 250 190 0 5 11 0 7 0 0 0 0 0 0 8 0 9 11 174 246 247 232 237 235 222 240 255 243 241 145 6 0 16 0 6 0 0 0 0 0 0 3 3 0 0 0 1 57 182 208 253 255 230 210 164 88 41 1 2 0 0 1 0 5 0 0 0 0 0 0 0 0 0 0 0 0 3 21 38 40 24 7 0 0 0 0 0 0 0 0 0 0 0 0 0 0 0 0 0 0 0 0 0 0 0 3 9 9 4 0 0 0 0 0 0 0 0 0 0 0 0 0 0 0 0 0 0 0 0 0 0 0 0 0 0 0 0 0 1 0 0 0 0 0 0 0 0 0 0 0 0 0 0 0 0 0 0 0 0 0 1 0 0 1 5 5 2 0 0 0 0 0 0 0 0 0 0 0 0 0
0 0 0 0 0 0 0 0 2 1 0 0 0 3 6 6 3 0 0 3 0 0 6 0 0 0 0 0 0 0 0 0 0 0 0 0 0 2 10 8 0 0 0 0 9 11 5 0 7 0 2 0 0 0 0 0 0 0 0 0 0 0 0 0 5 0 0 0 0 4 8 9 0 0 1 0 0 18 0 0 0 0 0 0 0 0 0 0 0 0 0 0 0 0 0 2 5 0 0 0 4 144 251 154 0 0 0 3 0 0 0 0 0 0 0 0 0 0 0 0 0 0 4 7 2 0 1 10 16 203 255 235 126 18 0 1 0 0 0 0 0 0 0 0 0 0 0 0 11 0 0 0 1 0 0 0 16 253 247 255 255 5 0 7 0 0 0 0 0 0 0 0 0 0 0 0 0 0 0 2 4 0 0 4 5 255 255 234 255 81 13 0 0 0 0 0 0 0 0 0 0 0 0 0 0 5 10 0 0 22 115 201 99 232 255 255 247 160 2 4 0 0 0 0 0 1 9 0 0 5 0 8 0 8 0 2 29 187 254 253 255 252 247 242 255 158 0 0 0 0 0 0 1 0 0 0 2 3 0 0 9 0 0 18 118 251 247 255 243 253 255 254 255 164 10 2 0 0 0 0 1 0 0 5 2 0 5 0 0 18 12 208 255 255 255 255 255 246 254 250 248 152 0 0 0 0 0 0 0 2 1 7 0 0 12 1 8 5 106 255 255 251 241 248 215 255 252 255 255 177 0 10 0 0 0 0 0 5 5 2 0 0 2 0 5 97 255 255 238 249 255 223 64 242 253 244 240 176 0 0 0 0 0 0 5 0 2 0 3 3 0 8 135 251 255 247 255 255 137 0 75 255 255 255 255 146 2 6 0 0 0 0 7 0 5 0 3 0 0 101 235 255 254 255 238 216 34 8 154 255 241 248 254 56 0 0 0 0 0 0 3 0 14 0 0 0 24 206 255 251 251 254 216 36 7 0 169 252 255 251 248 7 8 0 0 0 0 0 0 0 0 0 9 31 199 252 247 255 249 210 20 10 59 147 240 255 246 255 185 0 0 10 0 0 0 0 3 0 2 0 3 61 253 255 255 243 255 32 22 77 133 255 255 233 255 228 84 9 24 0 0 0 0 0 3 0 3 2 0 58 254 229 229 255 255 174 208 235 255 254 234 255 232 235 22 0 0 4 0 0 0 0 0 0 0 9 1 67 255 255 255 255 234 255 241 255 255 246 255 255 255 135 0 9 15 7 0 0 0 0 6 3 0 3 7 42 196 255 250 255 249 255 255 242 242 255 246 255 48 3 0 6 0 0 0 0 0 0 5 6 0 0 0 0 60 142 248 249 255 245 239 255 255 217 194 57 2 0 12 0 11 3 0 0 0 0 0 0 8 3 3 0 0 48 113 117 255 255 240 255 101 17 4 14 0 14 0 0 0 0 0 0 0 0 8 0 16 0 0 13 0 5 0 10 3 0 15 1 0 10 2 0 10 1 0 19 0 6 0 0 0 0 0 0 0 0 0 0 0 0 0 0 0 0 0 0 0 0 0 0 0 0 0 0 0 0 0 0 0 0 0 0 0 0 0 0 0 0 0 0 0 0 0 0 0 0 0 0 0 0 0 0 0 0 0 0 0 0 0 0 0 0 0 0 0 0 0 0 0 0 0 0 0 0 0 0 0 0 0 0 0 0 0 0 0 0 0 0 0 0 0 0 0 0 0 0 0 0 0 0 0 0 0 0 0 0 0 0 0 0 0 0 0 0
0 0 0 0 0 0 0 0 1 3 0 0 4 5 0 0 12 0 0 0 0 6 2 0 0 0 0 0 0 0 0 0 0 0 0 0 0 0 4 10 0 0 0 11 0 15 0 4 0 0 0 0 0 0 0 0 0 0 0 0 0 0 0 0 0 0 1 0 0 2 6 0 0 5 0 5 5 0 14 0 0 0 0 0 0 0 0 0 0 0 0 0 1 0 2 6 5 12 8 0 10 0 12 0 0 0 13 0 0 0 0 0 0 0 0 0 0 0 0 0 1 0 0 0 0 0 0 11 7 5 0 5 17 0 1 0 0 0 0 0 0 0 0 0 0 0 0 0 2 9 0 12 91 184 235 252 246 237 12 0 0 0 1 18 0 0 0 0 0 0 0 0 0 0 0 0 0 4 0 18 149 252 255 255 247 248 88 12 3 6 0 0 0 0 0 0 0 0 0 0 0 0 0 0 0 0 11 124 255 255 208 217 255 241 255 85 0 0 6 6 0 0 0 0 0 0 0 0 0 0 0 0 0 16 0 255 255 180 13 18 150 253 255 181 0 0 0 2 0 0 0 0 0 0 0 0 0 0 0 0 13 0 60 250 218 64 0 6 117 241 238 79 0 1 3 0 0 0 0 0 0 0 0 0 0 0 0 0 3 0 168 248 137 0 2 0 110 252 225 1 0 7 0 0 0 0 0 0 0 0 0 0 0 0 0 0 0 59 240 255 66 0 6 0 113 255 221 0 0 10 0 8 0 0 0 0 0 0 0 0 0 0 0 0 0 120 250 213 30 0 0 7 94 250 227 4 0 4 0 5 0 0 0 0 0 0 0 0 0 0 0 0 0 172 244 96 1 0 0 0 86 245 230 0 0 0 14 0 0 0 0 0 0 0 0 0 0 0 0 0 14 220 248 6 0 0 17 0 105 253 191 1 0 0 12 0 0 0 0 0 0 0 0 0 0 0 0 0 63 249 248 0 9 0 7 0 119 252 129 10 0 3 0 9 0 0 0 0 0 0 0 0 0 0 0 0 89 255 231 8 0 3 2 0 156 245 179 0 7 2 0 14 0 0 0 0 0 0 0 0 0 0 0 0 84 243 206 4 6 0 18 7 230 255 104 12 0 0 1 0 0 0 0 0 0 0 0 0 0 0 0 0 154 255 128 0 7 0 0 147 246 244 4 4 0 0 13 0 0 0 0 0 0 0 0 0 0 0 0 0 209 235 127 20 0 6 7 214 255 217 0 0 3 0 0 0 0 0 0 0 0 0 0 0 0 0 0 0 128 255 178 0 4 7 69 229 255 110 9 0 9 0 0 1 0 0 0 0 0 0 0 0 0 0 0 0 61 241 232 91 68 92 233 255 221 0 2 0 0 0 8 0 0 0 0 0 0 0 0 0 0 0 0 0 8 192 255 250 236 242 255 255 151 0 12 12 0 0 5 0 0 0 0 0 0 0 0 0 0 0 0 0 0 67 245 250 255 255 229 169 25 7 0 0 1 2 0 2 0 0 0 0 0 0 0 0 0 0 0 0 0 7 27 131 190 148 88 9 0 0 0 0 0 0 0 0 0 0 0 0 0 0 0 0 0 0 0 0 0 0 0 0 5 0 8 3 0 0 0 0 0 0 0 0 0 0 0 0 0 0 0 0 0 0 0 0 7 17 1 11 5 0 6 0 0 0 0 0 0 0 0 0 0 0 0 0 0 0 0 0 0 0 0 0 0 0 0 0 7 3 6 0 0 0 0 0 0 0 0 0 0 0 0 0
2 2 0 0 0 0 0 0 1 0 3 4 0 2 13 0 0 0 0 2 0 0 2 8 0 0 0 0 2 1 0 0 0 0 0 0 0 13 0 0 11 0 0 6 21 0 0 0 3 0 0 0 0 0 0 0 2 1 0 0 0 0 0 0 0 0 0 1 0 0 8 9 0 0 12 4 0 4 5 0 0 0 0 0 1 1 0 0 0 0 0 1 9 0 8 4 0 6 14 0 15 0 0 0 2 0 0 5 0 0 0 0 1 0 0 0 0 0 1 1 0 10 10 0 3 0 0 10 0 0 3 2 0 0 0 0 0 0 0 0 0 0 0 0 0 0 1 2 24 0 0 26 96 134 140 142 30 11 0 0 5 3 3 6 0 0 0 0 0 0 0 0 0 0 1 2 0 57 187 255 252 252 255 235 240 93 0 0 14 0 0 10 0 0 0 0 0 0 0 0 0 0 2 2 110 219 255 254 243 255 255 255 255 205 105 11 0 6 10 0 0 0 0 0 0 15 0 4 13 0 74 204 255 254 239 222 180 114 129 219 255 255 244 196 39 10 0 1 0 0 0 0 10 4 0 0 0 103 246 255 255 244 148 34 0 0 16 48 191 114 210 255 231 83 11 3 0 0 0 0 11 0 7 9 23 252 255 204 38 48 19 0 0 7 0 0 31 1 26 206 247 203 0 0 0 0 0 0 0 0 0 2 187 241 168 52 5 0 0 0 5 0 0 13 0 0 12 35 212 255 162 10 0 0 0 0 8 0 1 6 243 229 21 7 0 1 9 5 4 4 0 0 0 2 0 1 33 226 255 4 0 0 0 0 0 0 6 0 255 92 24 0 7 8 0 0 0 0 4 0 5 1 0 2 0 126 255 95 0 0 0 0 0 0 8 0 227 43 0 0 2 0 0 7 7 3 3 2 1 5 0 0 11 79 246 219 0 0 0 0 0 7 0 0 241 0 0 0 0 0 7 2 0 0 4 0 0 0 1 1 3 89 246 255 0 0 0 0 0 3 0 0 255 85 4 4 2 0 4 0 0 6 0 0 1 4 0 0 5 87 248 255 0 0 0 0 11 0 5 13 237 214 37 0 11 0 0 7 6 5 0 2 0 7 0 0 6 188 242 201 0 0 0 0 0 0 8 0 243 255 82 13 0 9 3 0 0 1 0 10 0 0 3 0 0 221 255 128 0 0 0 0 3 20 0 0 29 229 241 139 21 6 3 0 0 5 0 5 20 6 15 0 197 244 250 21 0 0 0 0 0 0 17 6 0 64 247 255 221 66 14 28 4 0 0 0 0 18 60 193 237 243 160 2 0 0 0 0 15 5 0 3 1 0 64 215 255 245 222 173 108 54 72 165 190 221 250 254 252 133 8 0 0 0 0 0 0 0 28 0 6 2 16 0 143 235 255 242 255 255 231 255 249 255 254 193 65 0 0 13 0 0 0 0 1 6 0 0 0 0 4 0 0 44 137 156 147 214 255 246 161 156 74 34 0 0 22 0 0 0 0 0 0 0 0 0 0 0 0 0 0 0 0 0 3 9 15 19 0 0 0 0 0 0 0 0 0 0 0 0 0 0 0 0 0 0 0 0 2 1 0 0 0 1 4 6 0 0 0 0 0 0 0 0 0 0 0 0 0 0 0 0 0 0 0 0 2 1 0 0 0 0 0 0 0 0 0 0 0 0 0 0 0 0 0 0 0 0 0 0 0 0 0 0 0 0 0 1 1 1 1 1 0 0 0 0 0 0 0 0 0 0 0 0
0 0 0 0 0 0 0 0 2 0 6 0 11 0 1 0 3 4 1 0 0 1 2 0 0 0 0 0 0 0 0 0 0 0 0 0 5 1 9 0 0 0 5 11 0 0 1 7 6 0 0 0 0 0 0 0 0 0 0 0 0 0 0 0 0 0 0 2 12 0 0 0 7 0 0 2 0 0 0 1 0 0 0 0 0 0 0 0 0 0 0 0 12 2 0 0 2 0 0 5 2 0 0 0 1 5 8 11 0 0 0 0 0 0 0 0 0 0 0 0 0 0 2 3 0 0 0 6 0 0 0 0 0 2 0 0 0 0 0 0 0 0 0 0 0 0 0 0 5 5 0 0 0 13 2 0 2 9 7 0 0 2 7 5 0 0 0 0 0 0 0 0 0 0 0 0 0 13 23 55 89 154 174 178 53 52 50 39 13 0 0 6 0 0 0 0 0 0 0 0 0 0 0 0 58 149 221 255 239 255 252 252 255 252 246 218 137 39 0 1 0 0 0 0 0 4 0 7 0 7 0 155 246 231 254 254 255 253 253 243 255 251 255 250 248 234 86 9 0 0 0 0 0 0 1 0 2 73 161 255 252 155 83 74 255 253 186 81 5 125 86 164 255 252 255 31 0 0 0 0 2 0 0 0 1 181 252 255 76 0 49 242 255 124 30 0 7 0 16 1 74 246 255 208 0 0 0 0 9 0 1 6 64 254 217 114 13 0 94 255 226 56 11 0 1 0 0 7 9 163 240 255 0 0 0 0 0 0 11 0 189 255 186 3 2 0 71 253 78 2 3 3 4 0 23 0 6 159 255 255 0 0 0 0 0 15 0 4 252 248 163 0 0 23 18 0 16 0 11 0 0 3 10 0 14 175 255 239 0 0 0 0 0 17 0 12 248 252 103 4 5 0 0 1 2 0 0 15 8 0 0 1 10 216 250 255 0 0 0 0 10 0 19 0 253 255 50 0 0 1 7 9 0 7 0 0 5 0 16 0 69 255 251 210 0 0 0 0 2 0 11 0 255 251 36 12 5 6 0 4 0 0 18 0 14 0 9 0 243 247 254 89 0 0 0 0 2 0 1 1 236 255 194 0 0 0 1 5 0 0 2 0 0 0 16 175 255 255 156 0 0 0 0 0 0 0 9 4 149 247 203 134 1 1 8 0 0 3 2 6 0 12 125 247 252 219 54 3 0 0 0 0 11 0 13 0 10 197 253 235 137 18 0 10 0 15 4 0 62 117 248 247 255 163 0 0 0 0 0 0 0 25 0 5 2 37 248 255 255 241 125 16 11 0 33 245 221 255 255 240 184 25 0 13 0 0 0 0 0 0 18 5 0 0 30 204 245 255 255 234 255 255 235 241 255 255 185 64 0 0 28 0 0 0 0 0 0 4 0 16 0 5 13 9 97 197 255 255 251 251 255 253 181 50 12 0 8 0 0 0 0 0 0 0 0 0 4 0 17 6 0 0 6 12 50 146 165 96 63 50 0 18 0 5 3 1 0 6 0 0 0 0 0 0 0 0 0 0 0 0 0 0 0 0 0 0 0 0 0 0 0 0 0 0 0 0 0 0 0 0 0 0 0 0 0 0 0 0 0 0 0 0 0 0 0 0 0 0 0 0 0 0 0 0 0 0 0 0 0 0 0 0 0 0 0 0 0 0 0 0 0 0 0 0 0 0 0 0 0 0 0 0 0 0 0 0 0 0 0 0 0 0 0 0 0 0 0 0 0 0 0 0 0 0 0 0 0 0 0 0 0 0 0 0
0 0 0 0 0 0 0 0 0 0 2 0 0 2 2 0 6 0 0 5 5 0 0 0 0 0 0 0 0 0 0 0 0 0 0 0 5 11 5 0 0 8 5 0 0 0 0 0 0 0 2 9 0 0 0 0 0 0 0 0 0 0 0 0 0 0 0 7 1 0 0 16 3 6 7 5 3 2 0 0 0 0 0 0 0 0 0 0 0 0 0 0 6 6 0 0 3 11 0 0 0 0 0 0 0 8 3 0 0 0 0 0 0 0 0 0 0 0 0 0 0 0 3 7 3 0 2 14 6 5 1 0 0 2 4 3 0 0 0 0 0 0 0 0 0 0 0 0 0 0 0 0 0 0 0 4 0 0 5 8 2 0 0 4 0 0 0 0 0 0 0 0 0 0 0 0 0 8 5 26 125 227 213 130 33 10 0 0 1 0 0 5 0 0 0 0 0 0 0 0 0 0 0 0 11 0 5 122 231 255 255 254 217 130 41 6 4 2 0 1 0 0 0 0 5 0 0 0 8 5 0 0 11 0 27 232 255 245 255 250 253 252 255 226 88 0 8 0 0 0 0 0 2 5 4 0 0 0 0 2 0 49 255 243 234 235 245 246 144 194 247 255 237 116 0 0 0 0 0 0 0 5 0 3 0 1 6 4 43 213 250 255 125 0 82 7 0 11 135 254 255 218 77 10 0 0 0 0 0 2 0 5 3 7 1 0 162 251 250 201 32 8 13 1 14 0 85 245 241 249 176 0 0 0 0 0 3 3 0 4 0 1 0 44 255 254 255 217 113 6 0 6 0 2 3 139 250 253 246 10 0 0 0 0 0 0 5 5 0 1 11 157 248 255 193 43 4 0 5 0 0 16 0 88 255 248 255 12 0 0 0 0 0 0 10 4 0 8 20 248 252 253 91 2 0 0 3 7 0 0 6 142 250 248 218 6 0 0 0 0 9 0 6 0 0 5 0 255 251 246 81 0 14 2 0 3 2 12 58 241 244 255 122 0 0 0 0 0 0 8 0 0 1 3 13 255 255 222 0 0 7 5 0 2 0 6 121 255 235 185 4 1 0 0 0 0 0 5 1 0 3 7 4 242 245 214 0 0 1 0 4 4 0 83 255 249 255 107 5 2 0 0 0 0 0 0 3 0 4 2 5 255 255 255 16 0 0 46 187 190 137 255 249 255 65 6 0 0 0 0 0 0 6 0 4 0 3 0 13 255 249 238 211 41 39 255 249 253 255 237 216 125 12 0 19 1 0 0 0 0 0 0 7 0 2 0 10 193 250 255 252 239 215 239 255 254 251 193 42 4 0 0 11 0 0 0 0 0 0 4 9 0 1 10 0 53 223 248 243 255 255 254 241 146 57 2 0 0 4 25 0 1 0 0 0 0 0 6 3 0 0 5 2 0 9 43 152 149 103 42 1 0 5 7 0 26 0 0 6 8 0 0 0 0 7 2 0 9 0 0 18 0 5 0 3 1 8 0 12 2 0 20 0 0 15 8 0 0 0 0 0 0 0 0 0 0 0 0 0 0 4 0 2 12 47 250 63 0 0 0 0 0 0 0 0 0 0 0 0 0 0 0 0 0 0 0 0 0 7 11 0 0 47 231 101 0 0 0 0 0 0 0 0 0 0 0 0 0 0 0 0 0 0 0 0 0 0 0 5 7 0 4 0 7 0 0 0 0 0 0 0 0 0 0 0 0 0 0 0 0 0 0 0 0 13 0 0 0 8 0 2 0 0 0 0 0 0 0 0 0 0 0 0 0
0 0 0 0 0 0 0 0 4 4 0 0 6 6 0 0 2 0 0 4 6 0 0 5 0 0 0 0 0 0 0 0 0 0 0 0 0 4 11 1 0 0 0 0 3 2 1 0 0 0 0 3 0 0 0 0 0 0 0 0 0 0 0 0 6 0 0 0 0 5 15 10 0 3 7 2 0 0 0 0 0 0 0 0 0 0 0 0 0 0 0 0 10 0 0 10 4 0 0 0 0 0 0 2 3 4 5 6 0 0 0 0 0 0 0 0 0 0 0 0 2 0 1 7 2 0 0 5 12 0 0 0 0 0 0 0 0 0 0 0 0 0 0 0 0 0 0 0 1 8 0 0 3 10 0 0 0 0 0 8 12 9 6 5 0 0 0 0 0 0 0 0 0 0 0 0 0 6 0 0 14 0 0 25 21 29 19 0 0 0 0 0 0 0 0 0 0 0 0 0 0 0 0 0 0 5 0 0 3 0 75 237 255 244 170 59 0 0 8 2 0 0 0 0 6 0 0 10 0 0 6 4 0 3 7 3 0 0 212 241 255 252 246 245 132 0 15 0 0 4 0 5 3 6 0 0 0 18 0 0 10 0 0 15 58 97 241 255 252 255 255 251 248 137 15 2 9 4 0 1 0 11 0 0 2 12 0 15 17 140 220 238 239 255 251 242 253 69 46 166 255 255 226 90 0 0 5 0 0 2 0 9 1 0 34 123 217 255 235 255 255 250 255 206 100 7 1 118 239 249 255 193 0 0 15 0 7 0 0 11 0 7 164 251 255 160 111 13 0 165 250 141 0 0 4 1 157 240 248 254 74 0 4 0 3 0 0 7 0 82 247 255 207 0 7 1 0 151 255 134 5 4 14 0 0 63 230 255 198 12 0 0 0 0 0 6 1 172 255 228 44 1 0 19 0 14 222 145 0 5 0 11 10 0 219 250 238 11 0 0 3 3 0 5 3 236 255 242 40 7 0 0 12 0 52 156 33 0 3 2 0 27 241 255 195 0 12 0 0 12 0 0 6 251 247 255 71 0 0 11 0 0 14 0 0 3 5 0 83 226 255 210 63 23 0 0 6 1 1 4 0 252 242 244 101 6 0 9 0 0 0 9 0 29 108 184 248 255 154 44 16 0 0 0 0 0 6 0 7 130 255 255 255 149 100 48 20 36 50 111 159 197 255 255 180 82 5 0 0 0 0 0 0 0 6 0 6 11 201 233 248 252 255 244 246 255 245 245 247 255 233 104 8 9 16 5 1 4 3 0 11 0 8 2 0 12 27 101 197 255 255 249 254 255 247 208 120 40 5 4 0 0 0 12 0 0 0 0 0 2 7 0 0 9 0 6 0 30 16 28 33 18 31 0 0 0 2 5 5 11 1 0 0 0 0 0 0 7 3 0 9 0 20 0 5 12 0 0 0 0 7 0 10 0 0 2 0 2 0 7 4 3 3 6 10 0 0 11 0 8 1 0 0 0 2 4 2 7 4 0 0 0 8 0 0 7 4 0 0 0 0 1 0 0 0 0 0 0 0 0 0 0 0 0 0 0 0 0 0 0 0 0 0 0 0 0 0 0 0 0 0 0 0 0 0 0 0 0 0 0 0 0 0 0 0 0 0 0 0 0 0 0 0 0 0 0 0 0 0 0 0 0 0 0 0 0 0 0 0 0 0 0 0 0 0 0 0 0 0 0 0 0 0 0 0 0 0 0 0 0 0 0 0 0 0 0 0 0 0 0 0 0 0 0 0 0 0 0 0 0 0 0 0 0
0 0 0 0 0 0 0 0 0 3 1 1 8 6 0 1 9 0 0 5 0 3 12 0 0 0 0 0 0 0 0 0 0 0 0 0 6 8 0 0 0 0 0 0 0 2 0 0 0 0 0 17 0 0 0 0 0 0 0 0 0 0 0 0 0 2 1 0 7 5 3 10 0 2 3 1 0 9 0 0 0 0 0 0 0 0 0 0 0 0 0 0 0 3 3 3 4 0 0 0 5 9 0 2 0 0 0 16 0 0 0 0 0 0 0 0 0 0 0 0 2 4 0 0 0 0 8 30 111 248 251 121 0 0 0 0 0 0 0 0 0 0 0 0 0 0 0 0 0 1 0 0 4 4 17 43 255 236 255 232 45 0 12 0 0 0 0 0 0 0 0 0 0 0 0 0 0 5 3 0 0 0 0 15 46 70 217 255 61 0 18 0 0 0 0 0 0 0 0 0 0 0 0 0 2 3 0 0 2 6 28 64 185 231 255 248 95 9 0 11 0 0 0 0 0 0 0 0 0 0 0 0 14 0 20 0 0 83 187 255 255 233 255 255 153 0 19 0 0 0 0 0 0 0 0 0 0 0 0 0 0 0 0 0 119 230 255 245 179 111 114 243 175 0 0 0 0 0 0 0 0 0 0 0 0 0 0 0 0 11 10 43 243 255 223 108 6 4 49 255 224 26 1 1 0 0 0 0 0 0 0 0 0 0 0 0 0 9 0 172 253 227 69 8 0 9 74 251 234 13 13 0 0 0 0 0 0 0 0 0 0 0 0 0 4 0 54 248 255 154 4 0 19 0 63 255 229 9 0 0 0 0 0 0 0 0 0 0 0 0 0 0 0 25 202 253 247 41 3 0 0 0 74 255 170 22 0 4 0 0 0 0 0 0 0 0 0 0 0 0 0 136 249 255 126 7 0 5 6 10 154 248 77 2 0 7 0 0 0 0 0 0 0 0 0 0 0 0 46 246 249 215 40 0 0 1 0 2 217 255 76 0 0 0 0 0 0 0 2 0 3 2 0 0 5 10 169 255 246 86 3 3 0 0 1 139 253 159 18 0 0 0 0 0 0 0 0 0 1 2 3 7 0 37 244 255 173 9 12 0 0 4 81 249 237 71 0 5 5 0 0 0 0 0 0 7 3 0 0 3 0 129 247 235 59 0 0 10 1 67 240 255 124 0 1 2 0 2 0 0 0 0 0 6 0 0 0 0 1 205 255 193 21 0 10 8 107 244 255 139 7 0 10 0 0 3 0 0 0 0 2 0 0 3 11 4 5 228 244 149 0 2 127 227 255 232 102 12 0 8 0 1 0 0 0 0 0 0 0 3 0 5 2 0 27 239 243 233 173 227 242 251 147 37 0 0 16 1 0 8 0 3 0 0 0 0 0 10 9 0 0 0 26 163 255 236 251 249 243 94 17 0 4 6 2 0 3 1 0 7 0 0 0 0 0 9 0 0 13 2 0 19 137 228 206 63 1 0 0 5 1 0 0 6 2 0 11 0 0 0 0 0 0 0 0 0 0 0 0 0 0 0 0 0 0 0 0 0 0 0 0 0 0 0 0 0 0 0 0 0 0 0 0 0 0 0 0 0 0 0 0 0 0 0 0 0 0 0 0 0 0 0 0 0 0 0 0 0 0 0 0 0 0 0 0 0 0 0 0 0 0 0 0 0 0 0 0 0 0 0 0 0 0 0 0 0 0 0 0 0 0 0 0 0 0 0 0 0 0 0 0 0 0 0 0 0 0 0 0 0 0 0 0 0
0 0 0 0 0 0 0 0 0 6 0 9 6 1 0 0 2 0 0 6 0 8 0 9 0 0 0 0 0 0 0 0 0 0 0 0 8 4 13 0 0 0 0 15 9 1 0 0 0 14 6 0 0 0 0 0 0 0 0 0 0 0 0 0 0 0 0 8 4 4 10 0 0 0 0 14 0 2 13 0 0 0 0 0 0 0 0 0 0 0 0 0 1 16 6 0 3 0 4 11 0 0 0 15 0 0 5 0 0 0 0 0 0 0 0 0 0 0 0 0 2 0 0 10 186 255 65 0 7 7 0 0 5 0 0 3 0 0 0 0 0 0 0 0 0 0 0 0 0 5 5 0 200 248 255 118 0 0 11 0 2 2 0 1 0 0 0 0 0 0 0 0 0 0 0 0 10 0 20 13 46 255 240 255 74 0 14 4 0 2 0 1 0 0 0 0 0 0 0 0 0 0 0 0 0 0 0 0 209 245 254 255 247 14 0 0 0 9 3 1 0 0 0 0 0 0 0 0 0 0 0 0 4 0 1 132 246 255 250 255 255 123 0 11 10 0 10 0 0 0 0 0 0 0 0 0 0 0 0 0 0 10 0 194 252 247 188 196 255 142 0 0 0 20 0 0 0 0 0 0 0 0 0 0 0 0 0 0 7 0 158 255 253 255 8 56 251 248 75 0 2 0 5 7 0 0 0 0 0 0 0 0 0 0 0 0 2 0 249 255 252 142 0 5 186 255 128 0 7 6 14 0 0 0 0 0 0 0 0 0 0 0 0 0 0 14 239 249 255 0 9 10 17 166 246 0 0 0 0 8 0 0 0 0 0 0 0 0 0 0 0 0 0 2 255 255 255 0 0 0 0 130 255 72 11 7 3 0 0 0 0 0 0 0 0 0 0 0 0 0 0 11 252 252 244 6 22 0 0 157 242 242 0 2 0 10 0 0 0 0 0 0 0 0 0 0 0 0 8 0 254 255 251 0 0 0 2 56 255 255 74 0 0 0 0 0 0 0 0 0 0 0 0 0 0 0 11 0 255 255 255 0 4 1 1 7 63 255 132 0 12 0 0 0 0 0 0 0 0 0 0 0 0 0 0 3 255 253 247 0 11 0 0 0 0 253 124 1 0 8 0 0 0 0 0 0 0 0 0 0 0 0 9 0 253 255 255 9 0 0 4 1 10 255 124 10 5 0 0 0 0 0 0 0 0 0 0 0 0 0 0 16 249 253 237 65 6 8 6 0 0 255 185 0 0 33 0 0 0 0 0 0 0 0 0 0 0 0 14 0 77 248 255 255 67 2 0 19 0 251 255 138 3 0 0 0 0 0 0 0 0 0 0 0 0 0 0 0 0 141 251 249 253 117 0 0 136 255 246 0 3 0 0 0 0 0 0 0 0 0 0 0 0 0 14 0 1 0 12 255 255 255 255 254 255 244 67 0 11 0 0 0 0 0 0 0 0 0 0 0 0 0 0 5 0 1 1 0 242 255 249 200 121 0 17 0 3 0 0 0 0 0 0 0 0 0 0 0 0 0 0 0 0 0 0 0 0 0 0 0 0 0 0 0 0 0 0 0 0 0 0 0 0 0 0 0 0 0 0 0 0 0 0 0 0 0 0 0 0 0 0 0 0 0 0 0 0 0 0 0 0 0 0 0 0 0 0 0 0 0 0 0 0 0 0 0 0 0 0 0 0 0 0 0 0 0 0 0 0 0 0 0 0 0 0 0 0 0 0 0 0 0 0 0 0 0 0 0 0 0 0 0 0 0
0 0 0 0 0 0 0 0 0 1 9 0 2 0 4 0 2 0 0 6 3 1 2 0 0 0 0 0 0 0 0 0 0 0 0 0 12 0 0 19 0 7 0 15 7 3 8 7 0 0 3 4 0 0 0 0 0 0 0 0 0 0 0 0 4 0 17 0 9 0 0 0 0 0 3 4 0 0 5 1 0 0 0 0 0 0 0 0 0 0 0 0 0 26 0 0 6 6 0 4 0 0 0 0 0 3 5 0 0 0 0 0 0 0 0 0 0 0 0 0 0 12 0 11 0 0 46 101 12 3 2 2 0 0 1 0 0 0 0 0 0 0 0 0 0 0 0 0 9 0 0 0 0 21 183 206 0 0 0 6 0 0 0 4 0 0 0 0 0 0 0 0 0 0 0 0 0 5 0 7 23 173 247 252 85 29 0 2 6 1 0 1 0 0 0 0 0 0 0 0 0 0 0 0 0 0 6 0 145 255 242 246 255 134 22 0 0 1 0 0 0 0 0 0 3 0 7 7 0 0 20 0 10 0 34 202 255 245 255 255 245 255 196 101 6 4 0 0 0 3 1 5 0 3 1 0 12 4 0 3 0 162 227 252 243 114 28 36 135 193 255 240 210 38 11 0 0 0 0 4 8 0 5 0 0 0 0 62 191 236 241 195 81 0 5 0 0 30 107 223 255 215 40 10 2 6 0 7 0 16 5 0 16 0 62 206 255 255 101 0 0 0 0 9 3 0 0 47 255 251 228 34 0 0 0 4 1 0 7 12 0 0 200 255 190 81 9 14 8 0 7 0 3 9 0 0 79 203 244 143 11 0 0 0 1 8 0 0 13 36 228 218 18 0 0 0 0 4 21 0 0 24 0 5 18 59 239 247 92 0 9 0 8 3 0 3 0 108 251 107 4 0 2 10 13 2 0 9 4 0 3 0 0 5 121 255 200 8 12 0 0 18 0 0 8 186 255 72 2 0 0 0 0 3 0 0 0 3 2 0 0 4 67 249 255 0 0 0 0 0 12 0 0 255 252 77 2 7 0 9 0 7 0 0 0 11 0 10 9 0 71 253 182 13 0 0 12 0 0 0 0 210 255 57 0 4 0 0 0 0 0 3 10 1 7 0 0 39 211 245 84 0 1 4 0 0 16 7 0 116 254 97 3 9 1 4 0 13 2 0 0 0 0 23 12 210 253 200 1 0 6 3 5 0 0 0 5 93 255 198 0 0 0 0 0 0 0 8 0 13 4 88 208 255 212 28 0 5 1 0 4 0 0 0 4 71 216 255 159 76 4 0 12 11 0 0 69 98 237 255 255 85 0 0 4 15 0 0 0 2 12 5 0 7 79 183 255 229 194 130 74 54 131 217 244 255 176 151 31 1 6 0 0 4 0 2 3 0 0 0 7 0 0 16 75 136 216 224 200 158 183 216 202 75 0 21 6 0 0 12 0 0 0 3 0 0 2 0 7 0 10 0 0 0 7 0 8 3 11 0 2 8 0 0 12 0 10 0 12 0 1 0 0 0 0 0 0 0 0 0 0 0 0 0 0 0 0 0 0 0 0 0 0 0 0 0 0 0 0 0 0 0 0 0 0 0 0 0 0 0 0 0 0 0 0 0 0 0 0 0 0 0 0 0 0 0 0 0 0 0 0 0 0 0 0 0 0 0 0 0 0 0 0 0 0 0 0 0 0 0 0 0 0 0 0 0 0 0 0 0 0 0 0 0 0 0 0 0 0 0 0 0 0 0 0 0 0 0 0 0 0 0 0 0
0 0 0 0 0 0 0 0 1 0 2 3 0 17 0 0 0 1 1 2 0 0 8 0 0 0 0 0 0 0 0 0 0 0 0 0 6 10 0 0 11 0 2 0 0 0 0 0 1 0 1 0 0 0 0 0 0 0 0 0 0 0 0 0 0 0 20 0 0 0 0 11 3 2 0 0 4 1 0 0 0 0 0 0 0 0 0 0 0 0 0 0 24 0 0 0 0 8 0 0 1 6 6 0 1 4 0 2 0 0 0 0 0 0 0 0 0 0 0 0 0 2 17 197 248 255 200 23 0 0 9 0 0 9 0 2 0 0 0 0 0 0 0 0 0 0 0 0 8 0 43 237 236 244 249 203 24 0 2 0 0 11 0 0 0 0 0 0 0 0 0 0 0 0 0 0 0 0 7 4 55 255 255 238 132 20 0 0 0 7 0 2 0 0 0 0 0 0 0 0 0 0 0 0 7 4 0 0 57 183 229 255 241 61 0 1 0 0 0 8 0 0 0 0 0 6 0 3 8 0 2 3 0 12 97 122 240 253 255 255 248 231 0 0 4 0 2 8 0 0 0 0 0 5 0 0 2 0 3 1 30 192 255 255 250 255 245 250 254 250 118 4 0 1 0 0 0 0 0 0 0 1 0 0 0 3 0 0 44 243 255 246 255 254 210 109 173 231 206 34 1 0 11 0 0 0 0 0 0 0 3 4 0 7 0 5 178 252 255 255 217 89 30 0 97 255 247 189 26 0 0 0 0 0 0 0 2 0 3 2 0 11 0 66 231 255 250 243 96 14 0 20 39 196 255 255 135 0 0 1 0 0 0 0 7 0 0 0 0 11 13 159 249 255 240 82 0 11 4 0 0 38 196 241 241 85 5 3 0 0 0 0 5 0 0 0 0 6 17 233 250 240 211 0 0 0 12 7 0 2 114 255 250 208 0 3 0 0 0 0 0 0 2 7 0 0 10 255 248 255 195 0 10 0 0 5 0 0 133 236 255 193 0 4 0 0 0 0 0 10 0 0 7 0 18 119 243 255 229 83 14 0 2 0 5 0 120 246 243 255 78 2 0 0 0 0 0 6 0 0 15 0 0 24 195 252 253 111 0 7 0 5 0 4 113 255 255 220 52 0 0 0 0 0 0 4 0 0 6 7 0 0 186 243 255 222 26 0 0 0 18 1 12 226 249 187 16 0 0 0 0 0 0 2 1 0 0 5 11 3 129 255 236 255 111 0 6 0 0 0 9 206 247 100 0 9 0 0 0 0 0 0 8 11 0 0 2 0 22 255 250 255 224 119 52 0 1 52 148 232 255 37 2 0 0 0 0 0 3 0 0 6 1 0 0 0 30 169 255 255 255 254 211 154 148 217 255 243 169 21 0 0 0 0 0 0 8 1 0 0 0 4 4 3 0 12 170 255 242 255 255 248 253 255 214 155 20 0 0 19 0 0 0 0 0 7 4 0 0 3 0 0 5 0 25 87 84 87 144 255 255 121 60 0 0 1 9 0 0 0 0 0 0 0 0 0 0 0 0 0 0 0 0 0 0 0 0 0 0 0 0 0 0 0 0 0 0 0 0 0 0 0 0 0 0 0 0 0 0 0 0 0 0 0 0 0 0 0 0 0 0 0 0 0 0 0 0 0 0 0 0 0 0 0 0 0 0 0 0 0 0 0 0 0 0 0 0 0 0 0 0 0 0 0 0 0 0 0 0 0 0 0 0 0 0 0 0 0 0 0 0 0 0 0 0 0 0 0 0 0 0 0 0 0
0 0 0 0 0 0 0 0 1 0 0 0 3 9 0 0 0 15 0 0 0 5 0 4 0 0 1 0 0 0 0 0 0 0 0 0 0 3 13 2 0 0 0 0 0 4 0 8 0 8 0 0 3 5 5 0 0 0 0 0 0 0 0 0 2 0 0 0 0 9 13 0 3 0 0 10 0 4 5 0 0 0 2 3 0 0 0 0 0 0 0 0 0 2 1 6 0 0 3 1 6 0 0 1 0 0 0 0 0 3 0 0 0 0 0 0 0 0 0 0 0 1 0 3 15 0 0 0 8 6 1 0 4 0 0 5 6 11 2 0 0 0 0 0 0 0 0 0 5 51 34 35 42 9 2 5 0 0 0 0 9 0 0 0 0 0 3 3 0 0 0 0 0 0 0 0 0 186 255 255 239 143 88 75 57 14 54 87 88 83 88 33 23 0 0 15 0 0 0 0 0 0 0 0 83 245 255 233 255 252 248 250 201 131 200 255 245 247 255 163 114 17 0 11 0 14 0 2 1 0 0 9 174 242 255 249 242 244 252 254 249 252 255 248 247 253 242 255 232 16 0 2 0 2 0 7 0 15 0 99 240 252 250 243 255 255 250 245 255 227 242 251 255 255 239 102 63 0 9 8 0 12 0 0 5 0 9 120 255 238 255 251 244 240 255 255 248 255 255 255 223 151 0 4 0 0 6 0 1 10 0 0 11 0 2 124 252 255 255 255 255 255 246 251 242 250 242 246 213 3 0 5 7 11 0 0 3 0 1 6 0 16 22 198 250 255 234 243 255 239 127 138 125 198 251 252 236 63 3 0 0 1 0 9 0 0 0 1 3 0 117 245 248 243 255 248 156 100 13 7 0 44 195 249 251 255 61 12 0 0 3 7 0 10 0 0 12 44 217 243 253 240 255 173 34 0 0 0 0 11 24 36 255 231 127 0 7 2 2 0 2 0 8 6 0 254 252 255 248 255 200 2 0 6 0 11 8 0 12 0 212 243 255 78 0 1 8 0 1 0 8 5 0 253 246 252 252 249 152 0 0 0 5 3 5 4 0 4 45 255 252 135 16 0 0 6 0 10 2 0 12 238 255 244 250 246 0 0 13 0 0 0 0 0 8 0 39 242 242 247 35 8 0 0 0 5 0 0 22 121 218 246 242 255 132 7 0 0 12 0 0 24 0 7 9 138 248 255 37 10 0 0 0 6 3 7 0 0 136 255 255 242 255 124 6 0 0 7 0 0 0 0 32 239 255 97 15 0 0 3 6 0 0 0 13 3 0 0 162 231 255 255 241 255 255 209 50 36 57 50 75 234 248 80 0 0 0 6 0 4 9 0 0 12 0 9 175 255 244 233 255 221 249 249 243 252 235 247 255 255 209 58 2 0 4 5 7 0 3 0 0 0 0 5 66 248 247 254 251 255 240 255 254 246 255 147 105 127 56 0 4 0 4 3 4 0 5 0 8 0 10 0 5 66 81 138 252 231 255 251 194 83 67 28 0 0 18 0 0 0 0 3 0 0 0 0 0 0 0 0 2 0 0 12 29 40 42 38 16 9 1 0 0 2 1 0 0 0 0 0 0 0 0 0 0 0 0 0 7 2 0 1 7 9 6 1 9 4 0 0 0 2 1 0 0 0 0 0 0 0 0 0 0 0 0 0 2 0 0 0 0 0 0 0 1 0 0 0 0 2 1 0 0 0 0 0 0 0 0 0 0 0 0 0 0 0 0 0 1 2 4 6 0 0 0 0 0 1 0 0 0 0 0 0
