0 0 0 0 0 0 0 0 6 0 0 8 0 0 1 2 10 0 0 3 0 1 14 0 0 0 0 0 0 0 0 0 0 0 0 0 1 4 0 0 0 9 6 0 0 7 5 3 12 0 0 0 0 0 0 0 0 0 0 0 0 0 0 0 0 9 6 0 6 3 0 0 13 0 0 0 0 7 14 5 0 0 0 0 0 0 0 0 0 0 0 0 0 2 2 2 0 0 0 11 4 0 9 18 0 0 3 0 1 1 0 0 0 0 0 0 0 0 0 0 0 0 0 5 0 0 5 0 0 10 0 0 8 8 2 12 3 2 1 0 0 0 0 0 0 0 0 0 7 9 16 5 0 0 13 1 0 2 3 0 0 11 5 0 4 3 1 0 0 0 0 0 0 0 0 0 0 0 0 0 29 11 0 0 9 0 7 0 2 102 209 225 5 4 1 0 0 0 0 0 0 0 0 0 0 2 24 151 255 174 22 0 0 0 0 21 133 244 255 248 6 4 1 0 0 2 0 3 0 0 1 0 2 2 236 249 246 238 102 0 1 3 74 213 255 255 255 217 0 0 0 0 0 13 0 0 30 16 0 19 0 174 251 255 229 114 57 8 67 177 246 250 253 255 255 90 0 0 0 0 0 0 17 0 0 0 0 32 191 255 237 211 87 73 172 238 255 255 253 255 255 255 110 0 0 0 0 0 0 0 5 6 19 0 26 206 246 255 255 255 245 255 226 255 250 249 244 253 250 187 7 0 0 0 0 0 8 5 3 0 0 0 59 251 250 244 243 251 247 252 221 168 131 175 255 255 255 11 7 7 0 0 0 0 0 0 15 5 0 26 129 255 255 179 95 60 59 3 0 5 121 242 255 247 46 26 2 0 0 0 0 0 3 3 0 7 21 0 11 159 190 14 0 6 6 0 8 64 250 250 255 134 0 0 0 26 0 0 0 0 0 8 1 0 0 5 15 0 0 17 8 0 7 0 53 223 255 252 165 14 7 15 0 0 0 0 0 0 0 0 0 0 1 4 3 0 8 0 20 0 0 8 227 245 250 220 17 0 9 0 4 5 0 0 0 0 0 0 0 0 0 0 0 0 0 0 0 2 5 125 255 241 235 43 0 12 0 1 7 0 0 0 0 0 0 1 2 0 0 0 0 2 14 0 23 1 85 255 239 248 108 0 6 0 0 8 0 0 0 0 0 0 0 0 0 3 3 1 1 3 0 8 0 141 245 253 249 108 0 11 16 0 2 2 0 8 0 0 0 0 2 0 0 4 7 3 0 0 2 0 73 254 255 248 138 2 0 9 0 8 2 1 4 0 0 0 0 0 5 0 0 2 3 0 0 0 12 61 240 255 238 181 0 7 5 0 0 10 0 10 0 0 0 0 0 0 4 0 0 2 0 0 3 17 43 248 255 254 204 7 12 0 0 3 9 0 0 3 0 2 0 0 0 0 0 0 1 3 0 0 15 40 222 255 247 186 24 0 0 8 8 0 0 11 8 0 17 0 0 0 0 0 0 0 2 11 0 0 82 220 251 255 191 14 2 0 8 0 0 0 0 0 0 0 0 0 0 0 0 0 19 0 1 0 0 62 192 255 255 187 50 0 0 10 0 13 0 0 0 0 0 0 0 0 0 0 0 0 0 2 7 0 0 1 3 4 3 8 0 12 0 9 0 6 0 0 0 0 0 0 0 0 0 0 0 0 0 8 0 0 15 4 0 1 4 8 11 0 0 0 8 0 0 0 0 0 0 0 0 0 0 0 0 0
0 0 0 0 0 0 0 0 12 0 0 2 0 0 5 0 0 4 0 0 0 3 5 0 0 0 0 0 0 0 0 0 0 0 0 0 0 8 12 0 0 6 6 0 0 0 5 7 5 2 0 0 0 0 0 0 0 0 0 0 0 0 0 0 0 6 0 0 9 4 0 0 2 0 2 4 1 0 0 3 0 0 0 0 0 0 0 0 0 0 0 0 5 0 0 0 6 5 4 9 3 2 0 0 0 0 1 3 0 0 0 0 0 0 0 0 0 0 0 0 4 0 7 2 0 0 4 0 0 1 2 0 2 9 5 0 0 0 0 0 0 0 0 0 0 0 0 0 10 0 0 11 11 9 11 4 0 0 0 0 0 0 2 0 0 0 0 0 0 0 0 0 0 0 0 0 0 17 4 0 0 0 0 0 6 0 5 15 10 0 0 8 0 0 0 0 0 0 0 0 0 0 0 0 92 239 205 40 0 9 0 2 0 1 33 72 59 8 0 4 0 0 0 0 2 7 0 11 0 0 11 0 196 255 252 183 124 6 0 0 0 5 193 253 182 0 7 0 0 0 0 0 0 0 0 6 5 19 1 0 255 247 250 255 248 243 59 3 25 184 255 252 151 5 0 2 0 0 0 0 1 5 2 0 0 0 0 33 244 255 255 247 255 255 208 185 194 255 235 253 193 1 0 1 0 0 0 0 0 1 10 0 0 6 7 141 255 255 159 105 206 235 255 240 255 255 241 255 109 0 16 0 0 0 0 0 0 0 0 0 8 5 5 179 239 255 61 0 90 255 253 255 246 254 255 255 0 0 15 0 0 0 0 0 4 0 1 0 0 0 4 197 255 255 0 12 0 16 38 162 255 248 250 197 0 7 0 0 0 0 0 0 0 5 5 1 4 4 32 206 248 255 4 0 0 3 23 1 248 255 253 78 4 0 4 2 0 0 0 0 0 6 0 0 6 4 0 109 255 175 2 1 0 12 0 2 255 238 172 6 0 0 0 0 0 0 0 0 0 0 0 0 0 0 0 0 86 38 0 0 15 6 0 19 251 255 225 50 3 17 0 8 0 0 0 0 0 0 0 0 0 0 0 0 0 0 9 5 0 0 17 154 248 255 160 7 0 0 2 0 0 0 0 0 0 0 0 0 0 0 0 0 11 0 0 1 4 5 5 171 253 255 161 3 6 2 0 10 0 0 0 0 0 0 0 0 0 0 0 0 10 0 0 4 0 2 0 174 253 250 115 0 3 2 0 6 0 0 0 0 0 0 0 0 0 0 0 0 0 0 9 5 0 1 0 175 255 252 6 0 5 0 16 0 0 0 0 0 0 0 0 0 0 0 0 0 6 1 1 0 0 12 11 164 254 191 0 3 4 0 15 0 0 0 0 0 0 0 0 0 0 0 0 0 0 0 7 2 0 1 57 222 238 97 10 1 0 3 0 1 0 0 0 0 0 0 0 0 0 0 0 0 8 0 0 1 2 3 89 251 255 76 0 0 3 0 6 0 0 0 0 0 0 0 0 0 0 0 0 0 5 0 8 0 0 8 79 248 255 192 0 0 14 0 1 10 0 0 0 0 0 0 0 0 0 0 0 0 1 0 5 3 1 0 64 233 242 255 121 23 0 0 9 0 0 0 0 0 0 0 0 0 0 0 0 0 1 0 3 2 2 0 21 137 255 131 0 0 10 0 0 17 0 0 0 0 0 0 0 0 0 0 0 0 0 1 3 0 0 0 0 21 4 7 7 0 0 11 4 0 0 0 0 0
0 0 0 0 0 0 0 0 0 0 0 0 0 0 0 0 0 2 6 0 0 9 8 0 0 0 0 0 0 0 0 0 0 0 0 0 0 0 0 0 1 1 0 0 10 4 0 0 0 0 0 4 0 0 0 0 0 0 0 0 0 0 0 0 0 0 0 0 1 1 2 2 0 0 0 5 5 0 0 0 0 0 0 0 0 0 0 0 0 0 0 0 0 0 0 0 0 0 0 0 4 6 2 0 0 4 8 6 0 0 0 0 0 0 0 0 0 0 0 0 1 0 0 0 0 0 0 0 3 0 0 0 0 0 0 0 0 0 0 0 0 0 0 0 0 0 0 0 2 0 0 0 0 0 0 0 2 0 0 8 9 0 0 7 0 0 0 0 0 0 0 0 0 0 0 0 1 0 0 0 0 2 4 6 0 4 4 0 0 4 4 0 0 0 0 0 0 0 0 0 0 0 0 0 0 0 0 0 2 6 9 12 39 111 150 130 123 130 81 3 0 0 0 0 0 0 5 4 0 6 0 4 0 15 60 135 147 140 255 255 255 245 247 255 249 253 251 99 0 0 0 0 12 6 0 0 27 133 159 159 160 194 244 255 255 249 255 227 240 255 255 250 241 255 233 244 0 0 0 0 0 0 0 8 220 255 255 255 242 251 255 229 243 255 235 245 206 192 247 255 255 238 247 155 0 0 0 0 6 5 0 0 243 255 240 242 217 187 180 105 73 64 17 39 0 9 182 255 245 255 111 0 0 0 0 0 0 0 0 7 75 170 185 174 16 0 14 6 0 10 0 5 9 162 226 244 253 154 0 1 0 0 0 0 2 0 6 0 0 8 2 0 6 0 0 0 0 7 3 0 48 244 255 255 225 5 15 0 0 0 0 0 12 0 4 0 24 0 0 4 0 3 5 10 0 4 0 22 183 234 255 211 46 5 0 3 0 0 0 0 2 0 12 8 0 2 8 0 1 0 0 0 0 0 0 130 247 255 253 70 3 11 0 6 0 0 0 0 0 0 0 0 0 0 0 0 0 6 0 3 0 7 0 205 252 255 133 7 0 2 8 0 0 0 0 0 0 0 0 0 0 0 0 0 0 4 0 0 3 0 214 246 249 203 41 0 16 0 0 0 0 0 0 0 0 0 0 0 0 0 0 0 0 3 0 25 21 165 255 251 240 49 0 0 1 18 0 10 0 0 0 0 0 0 0 0 0 0 0 0 4 0 3 0 125 255 243 247 193 0 7 19 0 2 0 0 0 0 0 0 0 0 0 0 0 0 0 0 1 10 0 80 239 245 255 170 33 4 0 1 12 0 14 16 0 0 0 0 0 0 0 0 0 0 0 0 0 8 0 231 255 251 255 95 0 16 0 1 1 0 6 0 0 0 0 0 0 0 0 0 0 0 0 0 3 0 96 246 247 255 179 79 0 0 13 7 0 13 14 0 0 0 0 0 0 0 0 0 0 0 0 0 0 66 240 255 246 249 0 9 0 8 0 4 0 0 1 3 0 0 0 0 0 0 0 0 0 0 0 0 0 129 255 245 255 96 12 2 0 0 0 0 0 0 0 0 0 0 0 0 0 0 0 0 0 0 0 0 18 121 255 253 141 19 0 0 0 0 0 0 0 0 0 0 0 0 0 0 0 0 0 0 0 0 0 0 2 41 123 139 19 0 10 5 0 0 0 0 0 0 0 0 0 0 0 0 0 0 0 0 0 0 0 0 0 1 0 12 0 1 0 2 0 0 0 0 0 0 0 0 0 0 0 0
0 0 0 0 0 0 0 0 0 0 0 6 5 0 0 2 0 0 3 4 0 0 1 0 0 0 0 0 0 0 0 0 0 0 0 0 18 9 0 0 0 1 0 0 12 2 0 0 0 0 5 4 0 0 0 0 0 0 0 0 0 0 0 0 0 0 0 8 0 5 0 0 0 0 4 0 6 0 0 0 0 0 0 0 0 0 0 0 0 0 0 0 0 9 0 4 0 8 0 4 0 0 5 0 21 4 3 0 0 0 0 0 0 0 0 0 0 0 0 0 0 0 0 0 0 12 0 0 0 0 7 0 0 0 0 7 0 0 0 0 0 0 0 0 0 0 0 0 0 3 8 3 0 0 2 17 0 0 0 4 4 12 7 0 0 0 0 0 0 0 0 0 0 0 0 0 0 0 6 0 3 0 53 93 165 212 248 210 50 0 0 11 0 0 0 0 0 0 0 0 0 0 0 0 0 0 61 114 205 211 248 255 236 255 255 240 68 15 0 0 0 0 0 0 0 0 0 0 0 0 0 0 0 6 205 245 255 244 255 251 252 254 252 242 87 0 1 2 0 0 0 0 0 0 0 0 0 0 0 0 6 8 21 220 225 134 112 57 99 252 255 244 0 6 2 1 0 0 0 0 0 0 0 0 0 0 0 0 0 6 0 2 0 5 0 13 178 243 246 141 0 4 0 0 0 0 0 0 0 0 0 0 0 0 0 0 0 10 6 0 4 0 3 85 255 255 250 13 1 0 6 0 0 0 0 0 0 0 0 0 0 0 0 0 11 0 0 7 0 3 16 195 238 255 131 0 2 2 0 1 0 0 0 0 0 0 0 0 0 0 0 0 0 0 35 2 0 18 96 252 255 244 0 7 7 4 1 0 0 0 0 0 0 0 0 0 0 0 0 0 10 1 0 0 15 33 226 255 247 173 12 0 0 0 19 0 0 0 0 0 0 0 0 0 0 0 0 0 0 4 14 7 0 148 255 249 220 9 0 5 14 2 0 3 0 0 0 0 0 0 0 0 0 0 0 0 1 0 0 0 24 225 241 255 137 16 0 7 2 0 7 0 0 0 0 0 0 0 0 0 0 0 0 0 18 0 2 0 127 237 255 184 19 0 5 15 0 0 8 0 0 0 0 0 0 0 0 0 0 0 0 0 0 18 0 21 245 251 244 101 0 0 6 2 0 0 7 0 0 0 0 0 0 0 0 0 0 0 0 0 0 0 5 174 255 255 205 20 13 1 0 0 5 3 0 0 0 0 0 0 0 0 0 0 0 0 0 0 7 0 34 255 245 248 96 0 0 0 0 3 11 0 0 7 0 0 0 0 0 0 0 0 0 0 0 0 0 11 76 231 255 239 2 9 0 1 0 0 1 0 0 3 0 0 0 0 0 0 0 0 0 0 0 0 7 0 175 255 255 237 40 8 9 6 0 0 0 5 5 0 0 0 0 0 0 0 0 0 0 0 0 0 3 18 245 255 255 227 37 0 0 0 3 11 2 0 0 0 0 0 0 0 0 0 0 0 0 0 0 0 3 9 218 255 255 40 27 0 0 0 0 0 0 0 0 0 0 0 0 0 0 0 0 0 0 0 0 0 0 0 110 241 164 28 0 13 0 0 0 0 0 0 0 0 0 0 0 0 0 0 0 0 0 0 0 0 2 8 5 5 0 0 2 1 0 0 0 0 0 0 0 0 0 0 0 0 0 0 0 0 0 0 0 0 1 0 9 0 20 8 13 0 0 0 0 0 0 0 0 0 0 0 0 0
0 0 0 0 0 0 0 0 5 1 0 0 0 0 1 5 0 3 4 1 0 0 0 0 0 0 0 0 0 0 0 0 0 0 0 0 0 0 0 0 2 8 0 0 0 0 0 0 0 0 0 0 0 0 0 0 0 0 0 0 0 0 0 0 6 0 0 6 8 0 0 8 2 0 0 0 0 2 1 0 0 0 0 0 0 0 0 0 0 0 0 0 0 0 0 2 0 0 0 8 3 1 1 3 3 0 0 0 0 0 0 0 0 0 0 0 0 0 0 0 0 11 12 1 0 7 3 0 0 0 3 7 4 0 0 2 0 0 0 0 0 0 0 0 0 0 0 0 8 0 0 0 3 3 0 2 0 0 0 3 2 0 0 5 0 0 0 0 0 0 0 0 0 0 0 0 0 0 5 6 0 0 0 0 17 3 0 0 2 0 0 4 0 0 0 0 0 0 0 0 0 0 0 0 119 218 255 201 162 180 168 116 40 15 0 0 3 1 0 0 0 0 0 0 0 0 0 0 0 0 0 0 111 207 187 173 228 247 252 255 252 255 143 31 4 0 0 1 0 0 0 0 0 0 0 0 0 0 0 0 8 0 9 0 0 16 60 80 149 255 255 69 1 2 7 0 0 0 0 0 0 0 0 0 0 0 0 0 0 0 8 3 5 0 0 7 88 231 189 32 0 0 8 3 0 0 0 0 0 0 0 0 0 0 0 0 0 27 0 0 3 0 0 0 186 255 54 0 4 0 0 6 0 0 0 0 0 0 0 0 0 0 0 0 5 3 0 4 0 5 14 74 255 226 3 0 6 0 2 0 0 0 0 0 0 0 0 0 0 0 0 0 9 0 8 24 2 1 0 176 247 62 0 1 2 0 6 1 0 0 0 0 0 0 0 0 0 0 0 0 5 0 0 0 0 0 54 245 180 0 0 9 3 0 0 2 0 0 0 0 0 0 0 0 0 0 0 0 0 12 0 1 2 3 200 252 52 3 9 0 0 11 0 0 0 0 0 0 0 0 0 0 0 0 0 0 9 0 2 8 0 66 255 170 0 0 0 0 0 0 0 0 0 0 0 0 0 0 0 0 0 0 0 0 0 12 7 2 0 130 254 97 0 0 0 0 0 0 0 0 0 0 0 0 0 0 0 0 0 0 0 0 0 12 1 0 0 197 255 45 0 0 0 0 0 0 0 0 0 0 0 0 0 0 0 0 0 0 0 0 5 0 1 3 34 238 212 15 0 0 0 0 0 0 0 0 0 0 0 0 0 0 0 0 0 0 0 0 4 0 7 3 138 255 109 0 0 0 0 0 0 0 0 0 0 0 0 0 0 0 0 0 0 0 0 0 0 13 0 1 227 247 25 0 0 0 0 0 0 0 0 0 0 0 0 0 0 0 0 0 0 0 0 0 0 10 0 67 252 177 0 12 0 0 0 0 0 0 0 0 0 0 0 0 0 0 0 0 0 0 0 0 6 0 5 173 249 98 0 0 0 0 0 0 0 0 0 0 0 0 0 0 0 0 0 0 0 0 0 0 9 0 5 160 253 0 0 7 0 0 0 0 0 0 0 0 0 0 0 0 0 0 0 0 0 0 0 0 0 22 0 255 255 138 2 0 0 0 0 0 0 0 0 0 0 0 0 0 0 0 0 0 0 0 0 0 5 0 2 157 189 51 0 0 0 0 0 0 0 0 0 0 0 0 0 0 0 0 0 0 0 0 0 0 0 4 16 2 6 0 11 0 0 0 0 0 0 0 0 0 0 0 0 0
0 0 0 0 0 0 0 0 0 0 0 0 0 0 0 0 7 1 0 0 0 6 2 0 0 0 0 0 0 0 0 0 0 0 0 0 0 0 0 0 0 0 0 0 0 2 1 0 2 0 0 15 0 0 0 0 0 0 0 0 0 0 0 0 0 0 0 0 0 0 0 0 8 0 0 13 8 6 6 0 0 0 0 0 0 0 0 0 0 0 0 0 0 0 0 0 0 0 0 0 4 0 0 0 0 0 4 5 0 0 0 0 0 0 0 0 0 0 0 0 0 0 0 0 0 0 0 0 0 15 5 0 12 12 0 3 0 0 0 0 0 0 0 0 0 0 0 0 0 0 0 0 0 0 0 0 4 0 2 0 0 0 4 0 0 0 0 0 0 0 0 0 0 0 0 0 0 0 0 0 0 0 0 0 3 0 0 6 9 4 6 14 0 0 0 0 0 0 0 0 0 0 0 0 0 0 0 0 0 0 0 0 0 34 0 55 254 191 4 0 0 0 0 0 0 0 0 2 0 0 0 4 0 7 159 219 110 52 23 10 0 0 53 215 251 212 19 0 0 0 0 0 1 0 0 2 2 0 0 0 0 109 255 250 241 255 237 186 109 53 161 255 255 169 5 0 0 0 0 0 1 0 0 2 3 0 0 0 33 203 253 255 255 214 255 246 249 249 255 237 255 48 0 19 0 0 0 0 0 0 0 2 0 0 2 8 133 239 255 226 42 46 56 162 183 248 251 255 77 10 0 0 0 0 0 0 0 0 3 2 0 0 7 20 246 255 226 47 8 0 10 0 153 230 255 179 0 61 0 8 0 0 0 0 0 1 2 1 0 0 8 21 217 255 69 14 0 0 16 54 244 246 223 33 0 9 19 0 0 0 0 0 2 0 0 0 0 0 4 10 142 99 0 0 0 12 7 180 245 255 76 0 18 8 0 3 0 0 0 0 4 0 0 0 4 3 0 0 0 0 4 14 0 3 66 251 255 122 0 4 0 0 3 6 0 0 0 0 0 0 0 0 0 0 0 0 2 5 0 0 5 10 179 247 187 23 0 3 0 3 0 3 0 0 0 0 0 0 0 0 0 0 0 0 0 0 11 2 0 60 240 255 104 3 0 5 1 8 0 0 0 0 0 0 0 0 0 0 0 0 0 0 0 1 0 10 7 186 255 197 20 0 6 3 0 10 0 0 0 0 0 0 0 0 0 0 0 0 0 0 6 0 10 0 148 252 250 67 0 0 11 0 0 7 0 6 0 0 0 0 0 0 0 0 0 0 0 0 0 12 0 82 225 255 123 12 0 5 4 0 0 3 0 7 0 0 0 0 0 0 0 0 0 0 0 0 0 0 0 142 255 171 27 4 3 2 0 0 5 2 0 0 0 0 0 0 0 0 0 0 0 0 0 0 1 4 18 225 227 100 0 4 0 0 0 0 2 0 0 0 0 0 0 0 0 0 0 0 0 0 0 0 0 7 106 255 207 31 7 0 0 1 0 1 0 0 8 0 0 0 0 0 0 0 0 0 0 0 0 0 7 79 255 255 153 0 7 2 0 0 0 0 0 0 0 0 0 0 0 0 0 0 0 0 0 0 0 0 0 162 249 244 20 3 0 0 0 0 0 0 0 0 0 0 0 0 0 0 0 0 0 0 0 0 0 0 4 123 201 108 17 0 23 2 0 0 0 0 0 0 0 0 0 0 0 0 0 0 0 0 0 0 0 0 0 2 27 0 3 0 1 0 0 0 0 0 0 0 0 0 0 0 0 0
0 0 0 0 0 0 0 0 4 0 0 3 1 2 4 0 2 3 1 0 4 8 2 0 0 0 0 0 0 0 0 0 0 0 0 0 0 0 0 0 2 0 0 5 0 0 0 0 0 0 0 8 0 0 0 0 0 0 0 0 0 0 0 0 0 3 11 0 13 0 0 0 8 3 5 10 6 0 0 2 0 0 0 0 0 0 0 0 0 0 0 0 0 0 5 0 6 0 12 0 0 0 0 0 2 1 0 0 0 0 0 0 0 0 0 0 0 0 0 0 13 0 9 0 0 0 12 0 4 6 3 0 0 0 2 1 0 0 0 0 0 0 0 0 0 0 0 0 0 1 8 5 0 1 4 1 0 1 6 7 4 1 0 0 0 0 0 0 0 0 0 0 0 0 0 0 10 118 156 193 208 179 105 120 53 12 0 0 7 3 0 5 0 0 0 0 0 0 0 0 0 0 0 0 140 219 125 72 90 112 101 225 242 121 14 0 6 0 0 0 0 0 0 0 0 0 0 0 0 0 0 0 165 108 10 0 6 0 0 1 110 230 0 0 17 0 0 2 0 0 0 0 0 0 0 0 0 0 0 0 31 25 0 0 7 0 0 0 55 222 4 0 0 14 0 10 0 0 0 0 0 0 0 0 0 0 0 0 0 2 0 4 1 0 5 1 101 231 3 13 0 6 3 0 0 0 0 0 0 0 0 0 0 0 0 0 7 7 0 0 0 1 6 0 150 232 0 6 2 0 17 0 0 0 0 0 0 0 0 0 0 0 0 0 0 0 0 0 7 11 1 0 196 196 0 0 11 0 3 3 0 0 0 0 0 0 0 0 0 0 0 0 0 2 5 0 2 0 0 19 255 70 4 13 0 5 0 0 0 0 0 0 0 0 0 0 0 0 0 0 1 4 0 0 6 0 13 106 253 57 38 49 0 4 4 0 0 0 0 0 0 0 0 0 0 0 0 0 0 2 3 16 66 80 115 244 249 255 168 78 2 0 0 10 0 0 0 0 0 0 0 0 0 0 0 0 95 216 255 252 253 255 215 255 151 16 0 7 0 3 0 0 0 0 0 0 0 0 0 0 0 0 0 0 116 108 63 45 29 19 31 218 85 0 0 0 0 7 0 3 0 0 0 0 0 0 0 0 0 0 0 0 3 0 0 2 7 2 35 236 30 0 4 0 0 8 0 0 0 0 0 0 0 0 0 0 0 0 0 0 2 0 4 0 0 8 113 227 6 2 12 2 2 5 0 0 0 0 0 0 0 0 0 0 0 0 0 0 6 0 8 7 0 0 155 139 0 0 0 0 4 1 0 9 0 0 0 0 0 0 0 0 0 0 0 0 6 0 0 0 3 39 240 111 1 0 0 0 4 0 0 8 0 0 0 0 0 0 0 0 0 0 0 0 0 3 10 0 2 91 234 17 7 4 0 2 1 0 0 0 0 0 0 0 0 0 0 0 0 0 0 0 2 1 0 0 12 130 221 2 0 0 0 1 0 0 8 0 0 0 0 0 0 0 0 0 0 0 0 0 2 0 10 0 10 142 153 0 0 0 0 0 0 0 0 0 0 0 0 0 0 0 0 0 0 0 0 0 0 0 8 0 12 106 122 16 0 0 0 0 0 0 0 0 0 0 0 0 0 0 0 0 0 0 0 0 6 0 7 0 0 18 27 0 0 0 0 0 0 0 0 0 0 0 0 0 0 0 0 0 0 0 0 0 3 0 3 3 0 0 0 0 0 0 0 0 0 0 0 0 0 0 0 0
0 0 0 0 0 0 0 0 0 5 0 0 5 5 7 0 0 0 6 0 0 7 2 0 0 0 0 0 0 0 0 0 0 0 0 0 2 9 7 4 0 0 0 0 2 0 2 0 0 1 0 0 0 0 0 0 0 0 0 0 0 0 0 0 0 0 0 0 0 0 5 13 0 3 0 3 8 0 0 0 0 0 0 0 0 0 0 0 0 0 0 0 13 0 9 12 5 5 0 0 4 10 0 0 4 0 4 13 0 0 0 0 0 0 0 0 0 0 0 0 4 0 0 0 0 0 1 6 0 0 0 3 6 0 0 0 0 0 0 0 0 0 0 0 0 0 0 0 0 17 6 5 7 0 5 7 11 0 13 5 0 9 5 2 0 0 0 0 0 0 0 0 0 0 0 0 0 24 0 0 12 0 2 0 3 0 13 0 0 12 4 0 0 0 0 0 0 0 0 0 0 0 0 0 255 246 76 0 2 0 13 3 0 4 126 145 121 133 58 2 0 0 0 0 8 5 4 6 0 0 0 192 255 255 53 6 8 130 173 255 244 255 255 248 254 255 188 59 0 0 0 0 0 0 4 0 22 0 132 252 251 255 255 253 255 248 251 255 255 255 254 254 252 251 255 65 0 0 0 0 0 16 0 0 8 124 242 255 241 255 243 255 242 255 255 244 250 185 138 245 255 249 249 0 0 0 0 0 0 8 0 0 4 255 255 255 255 238 255 255 255 198 114 124 10 1 168 255 239 255 89 0 0 0 0 0 12 0 16 0 62 255 239 253 250 255 144 115 0 3 0 18 0 64 207 255 252 255 50 0 0 0 0 0 0 0 8 7 120 255 255 255 124 0 0 0 13 14 0 0 0 67 254 246 255 197 0 7 0 0 0 0 0 13 0 0 25 114 110 61 13 0 5 12 0 0 13 3 144 184 249 252 201 50 0 3 0 0 0 0 0 0 8 6 0 4 13 0 0 0 10 0 6 0 0 64 251 245 255 252 120 13 0 0 0 0 0 0 0 0 0 0 0 0 0 0 0 2 0 10 0 0 72 254 252 255 245 255 4 0 9 8 0 0 0 0 0 0 0 0 0 0 0 0 5 4 0 0 4 2 193 252 254 255 255 141 0 0 0 0 0 0 0 0 0 0 0 0 0 0 0 0 0 3 0 27 0 54 255 251 255 255 228 62 1 4 5 2 0 0 0 0 0 0 0 0 0 0 0 0 1 9 0 0 0 144 255 255 255 229 94 18 0 0 0 6 0 0 0 0 0 0 0 0 0 0 0 0 9 0 0 0 89 237 255 250 249 136 0 0 0 0 0 1 0 0 0 0 0 0 0 0 0 0 0 0 0 0 4 135 236 255 247 255 128 22 0 0 6 12 0 4 0 0 0 0 0 0 0 0 0 0 0 0 10 4 74 243 255 255 247 249 3 0 9 6 0 0 0 0 0 0 0 0 0 0 0 0 0 0 0 0 0 9 191 244 255 255 255 129 1 14 0 8 0 0 14 0 0 0 0 0 0 0 0 0 0 0 0 0 10 0 255 255 248 255 197 0 0 0 0 0 0 0 0 0 0 0 0 0 0 0 0 0 0 0 0 0 0 90 183 255 239 255 0 9 0 0 0 0 0 0 0 0 0 0 0 0 0 0 0 0 0 0 0 0 0 7 113 255 209 0 0 0 0 0 0 0 0 0 0 0 0 0 0 0 0 0 0 0 0 0 0 0 14 0 1 0 0 20 0 2 0 0 0 0 0 0 0 0 0 0 0 0
8 0 0 2 0 0 1 5 1 12 0 0 8 0 5 0 0 0 0 0 0 1 0 0 0 0 0 0 0 0 3 6 4 0 0 0 14 0 0 6 0 0 12 0 4 4 1 0 1 4 1 0 0 0 0 0 0 7 0 0 0 3 5 9 0 9 29 6 0 9 0 0 0 0 0 0 0 3 5 0 0 0 0 0 0 2 0 0 6 0 0 0 0 4 0 0 6 10 0 22 5 10 11 4 0 0 0 0 0 0 0 0 0 0 0 4 9 3 2 13 0 2 1 14 0 3 3 0 0 0 0 4 1 0 0 4 0 0 0 0 8 0 0 1 0 0 0 0 8 8 0 2 0 15 0 8 16 0 0 0 4 0 0 4 0 0 0 0 0 0 9 8 0 11 27 0 1 0 3 7 3 27 35 237 169 87 16 3 10 0 0 0 0 0 0 0 9 0 0 0 3 110 203 197 70 11 34 13 84 255 212 255 255 133 11 0 0 2 0 5 0 0 0 0 1 0 6 0 0 102 222 255 248 232 248 237 239 255 244 255 255 76 10 1 5 0 0 0 0 0 0 0 8 0 6 5 0 0 91 215 208 242 205 207 193 144 255 246 137 13 0 0 0 0 8 4 0 0 0 0 0 2 0 0 19 0 0 42 0 59 22 8 0 64 242 254 104 0 0 0 0 0 6 1 0 0 0 0 0 18 2 0 10 10 0 0 0 0 0 0 20 41 255 255 169 17 0 1 7 0 0 0 0 0 0 0 5 5 2 0 0 0 3 11 14 0 3 0 0 168 248 244 157 11 0 0 5 0 0 0 0 0 0 0 6 0 0 10 4 6 5 0 0 3 9 6 0 47 242 255 83 0 4 5 0 0 5 1 0 0 0 0 0 1 10 0 0 0 6 0 0 4 0 4 6 180 255 244 91 0 9 6 0 0 5 0 0 0 0 0 1 0 0 3 11 4 0 3 0 7 0 0 0 168 252 255 159 15 0 0 1 0 3 1 0 0 0 0 0 0 0 0 0 0 0 0 0 6 70 116 146 213 254 255 230 131 24 7 1 0 8 0 0 0 0 0 0 0 0 0 0 0 0 0 23 87 173 251 242 255 250 253 248 255 236 99 0 18 0 0 0 0 0 0 0 0 0 0 0 0 0 0 0 105 246 255 249 221 255 241 255 253 239 102 3 22 0 17 0 0 0 0 0 0 0 0 0 0 0 0 0 0 81 87 89 23 205 255 205 91 40 8 0 0 0 0 0 0 0 0 0 0 0 0 0 0 0 0 5 11 0 5 0 33 248 255 189 11 0 0 12 4 19 0 0 0 0 0 0 0 0 0 0 0 0 0 7 0 0 15 9 28 216 255 194 0 0 0 0 0 0 0 0 0 0 0 0 0 0 0 0 0 0 0 0 2 18 0 0 9 145 254 237 50 0 1 0 6 0 13 0 0 0 0 0 0 0 0 0 0 0 0 5 0 0 14 0 4 13 226 251 147 0 3 0 8 0 0 0 0 0 0 0 0 0 0 0 0 0 0 2 0 11 0 3 0 7 203 245 255 0 3 2 0 0 0 0 0 0 0 0 0 0 0 0 0 0 0 5 0 9 0 8 13 0 48 236 229 23 6 0 0 0 14 0 0 0 0 0 0 0 0 0 0 0 0 5 0 12 0 0 8 0 0 0 13 0 0 9 16 0 0 0 0 0 0 0 0 0 0 0 0 0 0 5 0 2 4 0 0 15 7 6 10 5 0 0 0 0 5 0 0 0 0
0 0 0 0 0 0 0 0 4 0 0 1 2 2 0 11 0 0 0 0 0 0 0 0 0 0 0 0 0 0 0 0 0 0 0 0 3 4 0 0 0 3 10 0 0 0 0 0 0 0 0 0 0 0 0 0 0 0 0 0 0 0 0 0 0 13 0 1 12 0 1 9 0 0 0 0 0 0 0 0 0 0 0 0 0 0 0 0 0 0 0 0 3 6 0 0 1 0 0 5 0 0 0 0 0 0 0 0 0 0 0 0 0 0 0 0 0 0 0 0 9 0 10 3 0 17 11 0 0 0 0 0 0 0 0 0 0 0 0 0 0 0 0 0 0 0 0 0 0 0 5 1 7 0 0 4 0 0 0 0 0 0 0 0 0 0 0 0 0 0 0 0 0 0 0 0 0 19 0 0 0 0 26 1 0 0 0 0 0 0 0 0 0 0 0 0 0 0 0 0 0 0 0 0 5 0 0 16 0 127 255 30 0 0 0 0 0 0 0 0 0 0 0 0 2 0 12 0 0 10 0 0 4 0 3 36 168 223 245 166 156 41 86 40 26 1 0 5 0 0 0 0 4 0 6 0 8 0 0 15 0 31 115 250 255 245 250 255 250 240 255 242 245 137 0 0 0 0 0 0 0 7 8 0 9 8 0 4 56 155 234 255 245 195 199 233 255 255 252 249 247 255 44 0 0 0 0 0 0 0 2 15 0 3 86 204 255 255 255 254 167 12 6 115 51 62 188 255 252 237 2 2 0 0 0 0 3 7 0 0 0 132 239 255 243 243 251 241 67 4 0 17 4 119 255 253 247 161 10 0 0 0 0 0 0 0 0 25 10 147 255 255 255 255 135 8 0 16 0 10 0 137 224 255 158 47 3 4 0 0 0 0 7 3 0 0 2 137 255 236 229 17 0 9 7 0 16 0 75 247 255 206 0 0 5 0 0 0 0 0 0 0 17 0 0 18 167 220 37 0 7 0 0 9 3 0 127 254 255 82 0 11 0 1 0 0 0 0 0 0 0 0 0 0 0 0 7 0 0 11 0 2 0 36 241 253 224 23 0 0 14 0 0 0 0 0 0 0 0 0 0 0 0 0 0 0 0 0 4 11 0 165 238 255 101 10 6 0 0 6 0 0 0 0 0 0 0 0 0 0 0 0 0 8 1 0 3 0 47 239 255 221 5 2 7 0 0 10 0 0 0 0 0 0 0 0 0 0 0 0 0 2 2 3 6 20 189 255 255 96 0 1 0 4 2 0 0 0 0 0 0 0 0 0 0 0 0 0 0 0 0 2 0 74 255 254 186 4 1 5 0 2 7 0 0 0 0 0 0 0 0 0 0 0 0 0 5 7 0 0 18 169 249 255 78 0 0 10 0 1 1 0 0 0 0 0 0 0 0 0 0 0 0 0 0 3 0 6 108 255 255 204 16 6 0 6 5 1 0 7 0 0 0 0 0 0 0 0 0 0 0 0 0 0 4 0 159 253 247 44 9 0 14 0 2 0 0 2 0 0 0 0 0 0 0 0 0 0 0 0 6 5 0 62 232 253 241 48 0 0 0 0 0 0 0 0 0 0 0 0 0 0 0 0 0 0 0 0 0 0 10 132 255 248 217 0 0 0 0 0 0 0 0 0 0 0 0 0 0 0 0 0 0 0 0 0 17 8 0 19 217 224 40 0 0 0 0 0 0 0 0 0 0 0 0 0 0 0 0 0 0 0 0 0 0 0 4 3 0 0 0 0 0 0 0 0 0 0 0 0 0 0 0 0
0 0 0 0 0 0 0 0 0 0 6 0 0 4 0 6 0 4 4 0 0 0 3 8 0 0 0 0 0 0 0 0 0 0 0 0 4 0 4 0 0 0 0 1 0 0 0 4 11 5 0 0 0 0 0 0 0 0 0 0 0 0 0 0 0 0 2 0 12 0 5 0 13 2 0 0 0 0 0 3 0 0 0 0 0 0 0 0 0 0 0 0 10 8 7 0 13 0 8 0 0 0 0 0 1 1 1 1 0 0 0 0 0 0 0 0 0 0 0 0 0 0 0 0 0 0 10 6 10 11 5 0 0 8 4 0 0 0 0 0 0 0 0 0 0 0 0 0 3 1 14 10 4 8 0 0 0 0 5 0 0 0 4 5 0 0 0 0 0 0 0 0 0 0 0 0 0 0 7 0 0 12 0 11 11 0 0 4 6 0 0 2 0 0 0 0 0 0 0 0 0 0 0 0 31 12 28 32 32 134 141 220 250 133 21 0 1 2 0 0 0 0 0 0 3 0 5 6 2 0 108 142 252 249 249 255 247 252 235 255 251 250 73 0 1 6 0 1 0 0 0 0 7 0 3 0 4 32 205 255 248 248 244 255 255 255 238 242 254 252 199 39 3 0 16 0 0 0 0 0 3 0 4 0 0 17 159 227 250 255 255 234 159 95 41 16 214 254 255 192 18 1 11 0 0 0 0 0 0 0 2 2 0 0 30 38 145 120 51 31 8 8 8 6 202 243 255 255 69 0 4 0 0 0 0 0 3 0 0 3 11 0 0 0 0 14 3 8 0 0 0 40 233 255 228 216 22 16 0 10 0 0 0 0 3 0 0 0 4 3 7 7 4 3 0 0 12 10 4 90 255 252 246 37 14 0 0 3 0 0 0 0 0 4 3 0 0 0 0 2 0 2 5 0 0 0 19 203 247 247 142 0 0 9 0 0 0 0 0 0 0 4 4 0 0 5 0 4 1 1 3 0 5 6 31 255 255 247 22 5 1 0 2 0 0 0 0 0 0 0 0 0 0 0 0 0 0 0 0 11 0 0 148 255 251 150 0 4 6 0 3 4 0 0 0 0 0 0 0 0 0 0 0 0 8 8 6 0 9 139 255 242 255 111 1 6 1 0 3 0 0 0 0 0 0 0 0 0 0 0 0 0 0 0 0 6 0 169 255 245 211 32 0 2 0 7 5 0 0 0 0 0 0 0 0 0 0 0 0 0 1 12 1 2 10 230 255 248 100 0 0 1 0 0 5 1 0 0 0 0 0 0 0 0 0 0 0 0 0 3 0 0 106 253 255 254 30 0 5 0 5 0 3 0 0 0 0 0 0 0 0 0 0 0 0 0 7 0 0 16 222 251 246 196 7 17 0 0 10 0 5 0 0 0 0 0 0 0 0 0 0 0 0 0 3 0 0 50 238 255 224 23 0 11 0 0 1 3 3 0 0 0 0 0 0 0 0 0 0 0 0 0 4 0 7 185 249 252 206 6 0 0 0 14 0 0 0 4 0 0 0 0 0 0 0 0 0 0 0 0 10 0 68 241 255 255 163 6 0 0 0 0 0 0 0 0 0 0 0 0 0 0 0 0 0 0 0 0 0 0 60 255 255 230 66 0 0 0 0 0 0 0 0 0 0 0 0 0 0 0 0 0 0 0 0 0 0 16 83 248 238 184 7 3 0 0 0 0 0 0 0 0 0 0 0 0 0 0 0 0 0 0 0 0 1 0 0 0 19 3 0 5 0 0 0 0 0 0 0 0 0 0 0 0
0 0 0 0 0 0 0 0 5 0 0 5 4 0 0 0 4 4 0 3 0 11 5 0 0 0 0 0 0 0 0 0 0 0 0 0 0 1 0 0 0 11 11 0 0 0 0 5 19 0 0 10 0 0 0 0 0 0 0 0 0 0 0 0 0 4 8 7 0 0 0 0 7 7 0 0 0 2 3 3 0 0 0 0 0 0 0 0 0 0 0 0 0 0 0 0 7 9 6 1 0 0 1 14 0 21 15 0 0 0 0 0 0 0 0 0 0 0 0 0 0 10 6 0 0 0 4 0 0 0 0 6 0 0 0 12 0 0 0 0 0 0 0 0 0 0 0 0 2 0 0 15 20 0 0 6 0 13 5 0 22 0 0 1 0 0 0 0 0 0 0 0 0 0 0 0 6 0 0 4 0 9 126 255 255 250 173 76 0 0 0 4 0 0 0 0 0 0 0 0 0 0 0 0 0 0 7 52 146 238 255 248 253 255 255 255 5 0 0 0 0 0 0 0 0 14 0 0 8 12 0 5 6 69 175 255 255 245 248 255 254 255 250 247 60 4 4 6 0 0 0 0 5 1 0 5 8 0 9 109 187 255 240 255 236 255 255 255 252 255 255 250 137 6 0 0 0 0 0 0 0 0 14 1 0 126 255 255 255 254 255 250 127 126 1 0 254 250 246 255 0 0 28 0 0 0 0 0 21 0 4 0 0 132 255 234 248 245 129 19 0 10 0 9 255 255 255 240 143 0 0 6 0 0 0 0 0 0 0 3 23 64 110 139 138 5 11 0 0 0 0 72 255 255 244 249 12 10 9 0 0 0 0 0 0 8 7 0 0 0 0 4 0 13 0 0 22 0 12 109 255 240 255 255 0 0 0 13 0 0 0 0 18 0 0 8 0 0 5 0 9 0 0 14 0 0 77 255 255 255 255 124 0 20 4 0 0 0 0 0 0 14 3 0 5 8 0 0 0 19 0 0 9 7 115 255 255 255 251 8 0 0 0 9 0 0 0 0 0 0 0 0 0 0 0 0 1 0 2 0 0 5 189 252 255 252 194 0 0 2 11 0 0 0 0 0 0 0 0 0 0 0 0 0 1 2 2 0 16 179 250 255 233 255 49 2 0 9 0 1 0 0 0 0 0 0 0 0 0 0 0 0 0 16 7 0 0 255 254 255 255 130 0 11 0 1 0 6 0 0 0 0 0 0 0 0 0 0 0 0 6 6 0 0 69 255 246 246 244 0 9 7 0 0 0 3 0 0 0 0 0 0 0 0 0 0 0 0 10 0 0 82 229 251 255 255 76 8 0 0 0 7 4 0 0 0 0 0 0 0 0 0 0 0 0 0 0 0 6 200 255 250 255 248 0 25 0 0 10 0 0 1 0 0 0 0 0 0 0 0 0 0 0 0 4 5 67 250 242 255 247 138 2 0 8 5 9 0 0 1 0 0 0 0 0 0 0 0 0 0 0 0 0 10 235 255 254 240 255 60 1 4 0 6 0 2 13 0 0 0 0 0 0 0 0 0 0 0 0 0 5 0 255 255 252 255 185 2 0 0 0 0 0 0 0 0 0 0 0 0 0 0 0 0 0 0 0 0 0 12 137 184 255 177 0 2 0 0 0 0 0 0 0 0 0 0 0 0 0 0 0 0 0 0 0 0 12 0 6 0 0 18 0 1 0 0 0 0 0 0 0 0 0 0 0 0 0 0 0 0 0 0 0 0 0 0 8 8 0 7 6 1 0 0 0 0 0 0 0 0 0 0 0 0
0 0 0 0 0 0 0 0 0 0 0 0 0 0 0 0 0 0 0 0 0 0 0 0 0 0 0 0 0 0 0 0 0 0 0 0 0 0 0 0 0 0 0 0 0 0 0 0 0 0 0 0 0 0 0 0 0 0 0 0 0 0 0 0 0 0 0 0 0 0 0 0 0 0 0 0 0 0 0 0 0 0 0 0 0 0 0 0 0 0 0 0 0 0 0 0 0 0 0 0 0 0 0 0 0 0 0 0 0 0 0 0 0 0 0 0 0 0 0 0 0 0 0 0 0 0 0 0 0 0 0 0 0 0 0 0 0 0 0 0 0 0 0 0 0 0 0 0 0 0 0 0 0 0 0 0 0 0 0 0 0 0 0 0 0 0 0 0 0 0 0 0 0 0 0 0 0 0 0 0 0 0 0 0 0 0 0 0 0 0 0 0 0 0 0 0 0 0 0 0 0 0 0 0 0 0 0 0 0 0 0 0 0 0 0 0 0 0 0 0 0 0 0 0 0 0 3 1 0 0 0 0 4 21 194 102 0 57 134 131 148 138 134 13 0 6 0 13 0 0 0 0 0 0 1 0 0 0 0 0 3 248 255 244 135 245 243 255 255 255 255 161 38 0 0 4 0 0 0 0 3 0 0 0 0 1 2 2 0 220 237 244 255 255 246 152 133 139 249 255 127 6 2 0 0 0 0 0 4 0 0 0 1 0 0 0 27 248 255 242 101 71 12 0 7 0 177 252 152 4 2 5 0 0 0 0 3 0 0 2 3 0 0 0 70 244 177 2 6 0 1 7 0 4 119 242 146 0 2 1 0 0 0 0 1 0 0 4 2 0 0 6 79 255 106 0 4 2 0 0 0 0 23 255 165 0 0 0 0 0 0 0 0 0 0 3 1 0 6 21 232 255 53 23 0 0 3 7 23 0 42 254 149 0 0 6 0 0 0 0 1 0 0 2 0 0 13 35 253 201 12 0 5 0 0 0 0 0 184 249 115 0 3 0 0 0 0 0 14 0 7 4 0 4 4 40 255 61 5 13 0 0 2 0 0 12 227 255 38 5 0 6 0 0 0 0 0 4 3 0 7 0 15 172 217 45 0 1 0 6 4 0 3 0 255 152 8 6 0 3 0 0 0 0 0 11 6 0 16 0 3 170 95 3 0 2 0 11 0 0 1 63 251 95 0 0 8 0 0 0 0 0 0 0 6 2 1 0 0 37 4 0 2 5 1 4 0 0 4 166 239 77 0 0 7 0 0 0 0 0 11 0 0 0 0 6 4 0 0 5 8 0 0 0 0 6 18 217 236 28 14 0 0 4 0 0 0 0 0 0 0 0 2 0 0 3 3 6 0 0 3 6 0 0 44 255 137 5 0 3 4 0 0 0 0 0 0 6 2 3 10 0 0 8 0 0 0 0 9 5 1 0 126 248 19 11 0 2 10 0 0 0 0 0 2 6 0 0 0 3 7 0 4 7 2 4 0 0 4 18 232 180 0 0 8 8 0 1 0 0 0 0 0 0 0 0 0 0 0 0 3 0 0 6 0 0 11 102 255 48 0 16 0 1 5 0 0 0 0 0 0 0 0 0 0 0 0 0 0 1 0 0 5 11 0 57 255 55 0 11 0 0 0 4 0 0 0 0 0 0 0 0 0 0 0 0 0 6 0 0 1 0 0 116 162 26 0 9 1 1 0 0 0 0 0 0 0 0 0 0 0 0 0 0 0 2 1 3 2 0 8 206 31 0 4 3 0 8 1 0 0 0 0 0
0 0 0 0 0 0 0 0 1 1 1 0 0 0 0 8 6 1 3 3 6 0 0 9 0 0 0 0 0 0 0 0 0 0 0 0 0 8 11 6 8 13 3 0 0 0 0 0 1 13 2 0 0 0 0 0 0 0 0 0 0 0 0 0 0 0 0 0 0 0 0 13 8 6 10 8 0 0 0 3 0 0 0 0 0 0 0 0 0 0 0 0 11 2 0 8 13 7 0 0 0 0 0 6 3 2 8 0 0 0 0 0 0 0 0 0 0 0 0 0 0 4 3 0 0 5 8 1 0 22 12 0 0 0 17 0 0 0 0 0 0 0 0 0 0 0 0 0 15 0 0 9 10 0 0 3 0 0 0 6 19 0 0 1 0 0 0 0 0 0 0 0 0 0 0 0 0 0 5 4 0 23 144 255 251 160 8 0 16 0 0 8 0 0 0 0 0 0 0 0 0 0 0 0 0 5 0 10 97 212 255 245 250 244 101 3 0 0 5 0 0 0 0 0 0 0 0 0 0 0 0 0 1 0 49 123 250 250 255 248 255 255 165 6 8 0 0 0 0 0 0 0 0 0 0 0 0 0 0 0 14 243 250 254 255 249 223 158 247 249 200 2 0 0 8 0 0 0 0 0 0 0 0 0 0 0 0 0 79 235 238 255 206 133 39 69 255 245 207 0 0 1 9 0 0 0 0 0 0 0 0 0 0 0 0 0 2 143 208 129 20 24 0 64 255 244 152 0 5 0 0 0 0 0 0 0 0 0 0 0 0 0 0 0 0 14 4 19 0 0 0 75 245 255 91 0 9 0 0 4 0 0 0 0 0 0 0 0 0 0 0 0 0 3 0 6 0 12 7 182 247 255 71 0 4 0 0 5 0 0 0 0 0 0 0 0 0 0 0 0 6 0 10 4 0 9 59 255 255 223 43 1 3 0 1 0 0 0 0 0 0 0 0 0 0 0 0 0 0 0 1 0 5 9 186 246 251 138 0 0 6 0 4 1 0 0 0 0 0 0 0 0 0 0 0 0 0 13 2 0 0 83 243 255 255 57 0 4 0 2 0 6 0 0 0 0 0 0 0 0 0 0 0 0 19 0 0 7 10 245 251 248 148 17 0 4 0 6 0 0 0 0 0 0 0 0 0 0 0 0 0 0 0 0 9 10 139 242 255 228 36 0 0 3 0 7 0 0 0 0 0 0 0 0 0 0 0 0 0 0 2 8 0 60 255 243 252 117 0 0 8 0 0 4 0 2 0 0 0 0 0 0 0 0 0 0 0 0 9 0 45 191 250 255 150 1 1 0 6 0 0 1 0 5 0 0 0 0 0 0 0 0 0 0 0 0 0 9 163 255 250 119 36 0 2 0 0 0 2 1 0 1 0 0 0 0 0 0 0 0 0 0 0 0 13 115 242 255 248 13 7 8 0 0 0 4 0 1 6 0 0 0 0 0 0 0 0 0 0 0 0 0 6 198 255 237 97 7 0 0 4 2 5 7 0 0 12 0 0 0 0 0 0 0 0 0 0 0 0 0 60 253 208 151 2 0 0 0 0 0 0 0 0 0 0 0 0 0 0 0 0 0 0 0 0 0 0 0 53 245 110 0 0 22 0 0 0 0 0 0 0 0 0 0 0 0 0 0 0 0 0 0 0 0 0 0 9 0 0 9 0 0 28 2 0 0 0 0 0 0 0 0 0 0 0 0 0 0 0 0 0 0 0 0 0 7 6 0 13 0 0 2 0 0 0 0 0 0 0 0 0 0 0 0
0 0 0 0 0 0 0 0 0 0 4 9 3 0 0 4 1 0 7 0 4 0 2 1 0 0 0 0 0 0 0 0 0 0 0 0 8 0 0 0 0 0 0 0 2 0 0 0 11 9 0 0 0 0 0 0 0 0 0 0 0 0 0 0 0 0 0 0 6 11 10 5 0 4 6 3 0 0 1 10 0 0 0 0 0 0 0 0 0 0 0 0 0 5 8 2 0 0 0 0 10 5 3 0 0 0 0 0 0 0 0 0 0 0 0 0 0 0 0 0 1 3 2 0 0 1 5 6 0 0 9 0 10 0 10 1 0 0 0 0 0 0 0 0 0 0 0 0 3 0 0 3 9 7 0 0 9 7 12 0 3 0 7 0 0 0 0 0 0 0 0 0 0 0 0 0 7 0 0 4 0 0 0 7 0 0 0 0 0 13 2 0 0 0 0 0 0 0 0 0 0 0 0 0 0 0 1 6 3 18 75 138 163 253 255 229 58 6 0 16 0 0 0 0 0 0 0 5 0 3 0 8 0 6 0 82 98 196 240 255 255 253 253 255 157 2 7 0 0 0 0 0 5 0 1 7 0 0 15 155 239 249 234 244 239 255 255 244 255 246 247 255 183 3 0 8 0 0 0 0 3 0 6 2 1 0 18 226 236 250 251 255 255 238 184 110 86 209 253 255 128 8 0 0 0 0 0 0 0 6 3 0 1 1 1 129 255 227 151 138 73 58 9 0 0 210 249 221 8 4 0 11 0 0 0 0 0 11 0 0 0 3 0 8 3 5 0 14 0 0 0 6 101 247 252 211 0 4 3 4 0 0 0 0 0 5 0 11 0 0 8 0 0 0 8 0 13 9 1 2 198 255 244 148 10 0 12 0 0 0 0 0 0 0 0 11 0 1 6 2 3 0 7 0 8 2 0 1 236 255 186 26 0 0 20 0 0 0 0 0 0 1 5 1 0 6 0 6 0 2 7 5 0 0 7 90 251 252 132 0 2 4 0 0 0 0 0 0 0 0 0 0 0 0 0 0 0 0 9 0 16 4 9 206 251 221 28 0 1 8 0 1 0 0 0 0 0 0 0 0 0 0 0 0 7 0 0 2 0 0 68 255 255 104 0 0 0 0 5 0 0 0 0 0 0 0 0 0 0 0 0 0 0 0 10 1 0 25 176 250 200 6 0 3 7 0 6 1 0 0 0 0 0 0 0 0 0 0 0 0 3 2 3 0 0 105 255 251 82 0 9 0 15 1 0 7 0 0 0 0 0 0 0 0 0 0 0 0 2 0 0 11 18 201 255 202 0 4 5 0 4 0 0 2 0 0 0 0 0 0 0 0 0 0 0 0 0 0 8 0 123 255 217 65 0 2 0 9 0 0 9 0 0 0 0 0 0 0 0 0 0 0 0 0 15 0 10 13 209 255 138 0 11 0 0 14 0 0 12 0 0 0 0 0 0 0 0 0 0 0 0 0 1 0 0 143 255 208 14 0 0 1 0 0 5 0 0 0 0 0 0 0 0 0 0 0 0 0 0 0 2 0 51 236 255 82 3 1 0 0 0 0 0 0 0 0 0 0 0 0 0 0 0 0 0 0 0 0 1 6 146 255 153 17 0 0 0 0 0 0 0 0 0 0 0 0 0 0 0 0 0 0 0 0 0 0 0 13 179 203 61 0 0 15 0 0 0 0 0 0 0 0 0 0 0 0 0 0 0 0 0 0 0 0 13 0 16 0 0 8 0 0 0 0 0 0 0 0 0 0 0 0 0 0
0 0 0 0 0 0 0 0 9 0 13 0 0 1 5 0 0 5 0 6 0 0 3 0 0 0 0 0 0 0 0 0 0 0 0 0 0 5 0 0 5 0 4 0 16 0 0 0 5 0 2 2 0 0 0 0 0 0 0 0 0 0 0 0 0 6 2 0 11 0 0 8 0 0 8 0 9 10 6 0 0 0 0 0 0 0 0 0 0 0 0 0 5 0 14 0 3 6 0 0 1 2 12 0 0 0 0 0 0 0 0 0 0 0 0 0 0 0 0 0 4 0 0 6 0 3 6 0 2 0 0 10 2 0 0 12 0 0 0 0 0 0 0 0 0 0 0 0 12 12 0 13 0 0 12 0 0 9 0 0 0 0 1 0 0 0 0 0 0 0 0 0 0 0 0 0 0 0 0 2 5 4 0 12 0 8 2 0 14 0 28 7 0 0 0 0 0 0 0 0 0 0 0 0 6 30 108 102 159 216 125 241 255 243 255 255 220 0 4 0 0 0 0 0 0 0 0 0 0 0 0 0 27 199 255 255 244 255 255 247 255 231 255 249 218 5 8 0 0 0 0 0 0 0 0 0 0 0 0 0 120 255 222 238 245 227 214 255 250 255 250 255 207 0 13 0 0 0 0 0 0 0 0 0 0 0 0 0 59 103 0 0 11 2 4 174 249 255 228 205 49 8 0 2 0 0 0 0 0 0 0 0 0 0 0 0 4 10 0 5 5 0 0 163 255 250 225 52 0 0 0 10 0 0 0 0 0 0 0 0 0 0 0 0 8 0 9 2 0 18 126 239 249 225 118 0 14 0 0 4 0 0 0 0 0 0 0 0 0 0 0 0 0 0 2 3 0 66 244 255 251 97 1 11 0 18 0 0 0 0 0 0 0 0 0 0 0 0 0 0 3 2 0 0 49 168 255 253 199 0 6 8 0 9 9 4 0 0 0 0 0 0 0 0 0 0 0 0 4 0 5 0 112 255 238 236 57 19 0 0 5 0 0 0 0 0 0 0 0 0 0 0 0 0 0 0 8 0 3 0 247 255 240 154 0 0 0 0 0 0 0 0 0 0 0 0 0 0 0 0 0 0 0 0 0 21 0 67 224 254 255 84 0 0 0 0 0 0 0 0 0 0 0 0 0 0 0 0 0 0 0 0 5 0 64 223 255 237 104 5 0 0 0 0 0 0 0 0 0 0 0 0 0 0 0 0 0 0 0 0 5 12 180 244 248 209 0 0 0 0 0 0 0 0 0 0 0 0 0 0 0 0 0 0 0 0 0 0 0 0 175 253 255 132 4 2 0 0 0 0 0 0 0 0 0 0 0 0 0 0 0 0 0 0 0 0 13 66 255 244 168 0 3 0 0 0 0 0 0 0 0 0 0 0 0 0 0 0 0 0 0 0 0 0 6 4 208 254 232 35 5 7 0 0 0 0 0 0 0 0 0 0 0 0 0 0 0 0 0 0 0 0 0 98 246 242 213 30 0 1 0 0 0 0 0 0 0 0 0 0 0 0 0 0 0 0 0 0 0 0 0 78 249 249 164 2 0 0 0 0 0 0 0 0 0 0 0 0 0 0 0 0 0 0 0 0 0 0 11 134 255 246 116 4 4 4 0 0 0 0 0 0 0 0 0 0 0 0 0 0 0 0 0 0 0 0 0 80 139 115 15 0 0 0 0 0 0 0 0 0 0 0 0 0 0 0 0 0 0 0 0 0 0 0 0 3 0 4 0 7 4 0 0 0 0 0 0 0 0 0 0 0 0 0
0 0 0 0 0 0 0 0 5 0 2 2 0 0 0 7 3 4 1 0 0 0 2 2 0 0 0 0 0 0 0 0 0 0 0 0 0 6 0 0 0 0 6 0 0 0 0 1 10 7 0 0 0 0 0 0 0 0 0 0 0 0 0 0 0 11 0 2 4 0 11 0 11 3 0 1 0 0 0 8 0 0 0 0 0 0 0 0 0 0 0 0 0 0 0 0 4 1 1 3 0 0 1 4 1 0 0 0 0 0 0 0 0 0 0 0 0 0 0 0 11 0 9 0 0 3 0 0 5 7 3 0 1 10 5 0 0 0 0 0 0 0 0 0 0 0 0 0 0 0 8 0 0 13 10 10 0 1 5 0 0 0 3 4 0 0 0 0 0 0 0 0 0 0 0 0 0 7 0 14 7 0 0 0 6 0 0 5 4 0 0 0 0 0 0 0 0 0 0 0 0 0 0 0 0 11 5 139 182 137 226 255 210 110 17 0 6 3 0 3 0 0 0 0 0 6 2 0 0 0 0 3 0 0 110 255 245 246 124 80 150 238 214 89 7 0 0 8 0 0 0 0 0 0 0 1 14 14 5 5 13 3 198 245 204 52 0 1 4 34 232 243 34 1 0 0 0 0 0 0 0 5 0 0 0 0 0 0 0 156 248 196 21 0 0 0 0 0 159 255 77 1 13 0 0 0 0 0 0 1 0 0 5 3 0 7 108 241 249 77 0 4 16 0 6 14 179 241 89 0 6 0 0 0 0 0 2 0 0 0 14 9 0 0 209 244 234 0 5 11 0 0 0 0 242 255 40 0 0 0 0 0 0 0 0 5 3 0 0 0 2 31 235 255 122 0 0 12 0 7 8 57 227 212 2 11 5 0 0 0 0 0 0 4 9 3 0 0 32 81 253 184 0 0 17 0 12 0 0 159 244 122 2 0 0 0 0 0 0 0 4 0 0 0 7 0 0 6 129 29 2 6 0 10 0 11 13 172 255 4 0 12 0 0 0 0 0 0 0 0 0 0 0 0 0 0 0 0 10 0 0 0 2 11 109 251 156 0 8 0 0 8 0 0 0 0 0 0 0 0 0 0 0 0 0 9 7 0 13 0 6 0 196 255 49 0 3 7 10 0 0 0 0 0 0 0 0 0 0 0 0 0 1 0 0 0 6 0 0 103 255 205 0 10 0 0 11 0 0 0 0 0 0 0 0 0 0 0 0 0 8 0 0 11 0 1 15 230 251 93 10 2 0 0 0 9 0 0 0 0 0 0 0 0 0 0 0 0 1 4 3 4 0 6 91 252 194 8 9 0 6 6 0 0 0 0 0 0 0 0 0 0 0 0 0 0 0 6 0 0 12 0 187 245 104 0 0 0 0 1 5 0 0 0 0 0 0 0 0 0 0 0 0 0 1 0 0 0 5 15 244 215 26 5 0 7 0 0 6 1 0 0 0 0 0 0 0 0 0 0 0 0 5 0 15 0 0 126 255 139 0 0 12 0 12 1 0 0 0 0 0 0 0 0 0 0 0 0 0 0 3 0 9 0 23 221 219 2 0 0 0 0 0 0 0 0 0 0 0 0 0 0 0 0 0 0 0 0 0 3 3 0 136 255 156 19 0 0 0 0 0 0 0 0 0 0 0 0 0 0 0 0 0 0 0 0 5 5 0 6 213 251 63 0 0 0 0 0 0 0 0 0 0 0 0 0 0 0 0 0 0 0 0 0 0 1 9 0 7 11 0 27 0 0 0 0 0 0 0 0 0 0 0 0
0 0 0 0 0 0 0 0 10 2 0 3 0 7 0 3 7 0 0 4 9 2 0 0 0 0 0 0 0 0 0 0 0 0 0 0 0 0 0 13 0 4 0 2 0 0 0 0 0 0 3 12 0 0 0 0 0 0 0 0 0 0 0 0 0 6 2 4 0 0 0 0 3 8 10 4 0 0 0 0 0 0 0 0 0 0 0 0 0 0 0 0 0 1 0 0 0 6 4 0 0 0 0 0 1 6 2 0 0 0 0 0 0 0 0 0 0 0 0 0 3 5 7 3 5 3 0 0 4 4 1 0 0 4 6 4 0 0 0 0 0 0 0 0 0 0 0 0 0 0 2 0 0 0 2 10 0 0 7 9 3 0 0 3 0 0 0 0 0 0 0 0 0 0 0 0 15 0 3 3 15 0 0 0 7 0 0 0 2 0 0 3 0 0 0 0 0 0 0 0 0 0 0 0 0 0 57 141 238 255 255 255 125 64 9 0 4 1 0 3 0 0 0 0 0 0 0 0 0 0 0 0 66 255 255 254 254 246 195 191 255 248 186 3 0 0 6 2 0 0 0 0 0 0 0 0 0 0 0 0 122 255 181 74 3 2 0 4 0 194 255 61 0 3 0 3 0 0 0 0 0 0 0 0 0 0 0 0 79 113 24 0 0 13 6 8 1 134 255 127 0 5 4 0 0 0 0 0 0 0 0 0 0 0 0 0 0 12 0 2 5 1 0 0 0 134 255 117 6 8 1 0 0 0 0 0 0 0 0 0 0 0 0 0 0 9 6 6 0 1 10 13 7 120 255 119 4 0 3 11 0 0 0 0 0 0 0 0 0 0 0 0 11 2 0 0 0 2 0 0 0 252 255 0 0 20 1 0 0 0 0 0 0 0 0 0 0 0 0 0 0 0 0 13 13 0 0 10 75 242 204 0 0 0 0 3 0 0 0 0 0 0 0 0 0 0 0 0 0 6 6 0 0 5 0 0 251 255 122 0 9 0 0 4 0 0 0 0 0 0 0 0 0 0 0 0 2 2 4 0 7 5 0 72 255 190 3 0 1 3 0 0 0 0 0 0 0 0 0 0 0 0 0 0 3 0 0 21 0 8 64 249 255 114 0 0 12 2 0 5 0 0 0 0 0 0 0 0 0 0 0 0 4 9 0 0 22 0 134 252 186 21 1 0 8 0 0 0 0 0 0 0 0 0 0 0 0 0 0 0 0 10 14 0 0 15 126 255 68 0 14 0 0 0 2 0 0 0 0 0 0 0 0 0 0 0 0 0 0 2 1 0 5 55 255 254 0 0 9 3 0 1 5 0 0 0 0 0 0 0 0 0 0 0 0 0 21 0 0 20 0 252 255 133 0 10 0 6 5 0 0 4 0 0 0 0 0 0 0 0 0 0 0 0 0 0 8 14 60 255 188 0 4 5 0 3 0 0 0 0 0 0 0 0 0 0 0 0 0 0 0 0 7 0 0 0 134 251 68 0 0 0 6 5 0 0 7 0 0 0 0 0 0 0 0 0 0 0 0 0 1 4 0 0 255 255 5 1 0 0 0 0 0 0 0 0 0 0 0 0 0 0 0 0 0 0 0 0 0 2 17 16 243 255 59 0 0 0 0 0 0 0 0 0 0 0 0 0 0 0 0 0 0 0 0 0 12 0 0 1 184 247 121 15 0 0 0 0 0 0 0 0 0 0 0 0 0 0 0 0 0 0 0 0 0 4 20 0 8 2 0 0 0 0 0 0 0 0 0 0 0 0 0 0
0 0 0 0 0 0 0 0 5 0 3 0 0 4 0 4 3 5 5 1 0 0 2 8 0 0 0 0 0 0 0 0 0 0 0 0 0 0 9 4 9 2 0 0 0 0 2 6 6 3 0 0 0 0 0 0 0 0 0 0 0 0 0 0 0 0 0 0 0 0 5 0 9 5 0 0 0 0 1 3 0 0 0 0 0 0 0 0 0 0 0 0 1 5 10 3 16 0 9 0 0 0 0 2 3 1 0 0 0 0 0 0 0 0 0 0 0 0 0 0 0 0 0 0 3 0 6 3 5 7 9 6 2 0 0 1 0 0 0 0 0 0 0 0 0 0 0 0 7 2 10 1 0 0 0 0 0 0 0 0 0 0 4 7 0 0 0 0 0 0 0 0 0 0 0 0 0 0 8 8 0 23 0 14 12 6 0 2 6 7 0 0 0 0 0 0 0 0 0 0 0 0 0 0 14 0 0 6 16 132 149 233 225 166 84 21 0 0 0 2 0 0 0 0 0 12 1 0 12 0 9 0 0 9 68 148 215 211 164 164 160 200 253 94 4 0 0 5 0 0 0 0 4 12 0 1 0 12 0 27 43 177 243 139 35 15 5 0 13 19 226 166 14 0 0 0 0 0 0 0 3 0 0 0 0 0 71 182 250 133 45 10 0 0 0 14 3 0 243 236 23 0 11 0 0 0 0 0 0 8 26 0 0 83 252 167 45 3 0 0 0 12 3 0 0 8 243 244 39 0 15 0 0 0 0 0 4 0 0 129 227 161 74 11 12 0 2 18 6 0 0 7 0 0 231 196 13 0 7 0 0 0 0 0 7 10 138 164 98 22 0 0 0 0 8 0 0 1 1 3 17 0 247 149 0 0 0 11 0 0 0 0 3 21 140 35 2 0 10 0 0 0 7 0 4 5 0 5 0 44 234 89 3 4 0 0 0 0 0 0 0 0 16 0 0 3 0 0 0 2 2 0 6 6 0 5 2 164 202 2 3 0 14 0 0 0 0 0 0 0 0 0 0 0 0 0 0 1 0 4 0 0 12 0 30 250 72 4 2 0 0 6 0 0 0 0 0 0 0 0 0 0 0 0 0 9 0 0 6 0 9 0 109 251 20 5 0 1 1 0 0 0 0 0 0 0 0 0 0 0 0 0 0 5 0 0 8 0 0 41 217 170 0 9 0 0 6 0 0 0 0 0 0 0 0 0 0 0 0 0 7 0 0 3 0 14 0 133 253 37 0 9 0 0 6 0 0 0 0 0 0 0 0 0 0 0 0 0 5 0 0 7 0 0 72 228 163 0 5 0 0 0 0 0 0 0 0 0 0 0 0 0 0 0 0 0 0 5 0 1 1 0 189 242 31 18 0 0 2 8 0 0 0 0 0 0 0 0 0 0 0 0 0 0 0 6 0 0 1 86 249 151 0 23 0 0 5 4 0 1 0 0 0 0 0 0 0 0 0 0 0 0 8 0 0 6 0 207 245 46 10 0 13 1 6 0 2 1 0 0 0 0 0 0 0 0 0 0 0 0 7 0 4 0 59 243 90 0 0 0 0 0 0 0 0 0 0 0 0 0 0 0 0 0 0 0 0 0 0 0 0 24 240 242 26 6 0 0 0 0 0 0 0 0 0 0 0 0 0 0 0 0 0 0 0 0 12 0 14 45 241 183 19 0 0 0 0 0 0 0 0 0 0 0 0 0 0 0 0 0 0 0 0 0 0 0 4 0 0 0 0 10 0 0 0 0 0 0 0 0 0 0 0 0
0 0 0 0 0 0 0 0 0 1 5 0 0 0 1 0 1 0 0 2 1 3 3 0 0 0 0 0 0 0 0 0 0 0 0 0 5 0 0 5 0 4 1 10 0 0 7 0 0 0 0 4 0 0 0 0 0 0 0 0 0 0 0 0 0 1 0 7 0 7 0 0 0 0 4 0 9 0 5 7 0 0 0 0 0 0 0 0 0 0 0 0 0 7 4 0 0 8 5 0 1 1 7 0 15 0 0 0 0 0 0 0 0 0 0 0 0 0 0 0 0 0 4 0 0 0 6 4 0 0 5 0 5 0 0 2 0 0 0 0 0 0 0 0 0 0 0 0 4 0 7 17 15 0 0 0 14 1 0 2 0 2 2 0 0 0 0 0 0 0 0 0 0 0 0 0 0 7 0 0 0 16 0 3 0 0 2 26 0 3 9 2 0 0 0 0 0 0 0 0 0 0 0 0 87 111 39 36 9 134 137 139 231 251 255 230 60 9 0 0 0 0 0 0 0 7 5 0 0 0 10 58 251 255 251 255 255 249 233 210 207 165 204 255 210 0 12 4 0 0 0 0 0 0 0 0 12 6 1 79 241 255 240 249 176 85 22 7 3 0 125 255 122 0 0 0 0 0 0 0 0 5 0 0 0 0 12 194 255 184 57 30 0 3 1 2 1 0 204 255 127 5 21 11 0 0 0 0 0 2 0 6 0 0 0 207 254 105 17 9 0 10 2 0 0 66 234 255 104 11 0 0 0 0 0 0 0 0 0 8 1 8 28 244 255 6 0 0 0 0 0 9 0 145 254 255 66 9 0 5 0 0 0 0 0 0 4 1 0 4 58 239 246 6 0 3 13 9 0 0 18 193 255 229 10 0 12 1 0 0 0 0 8 0 0 0 0 4 10 58 66 0 19 0 0 0 7 5 12 229 245 199 0 14 0 0 0 0 0 0 1 0 10 8 0 0 3 0 0 8 0 0 10 2 1 0 66 255 251 74 11 0 0 3 0 0 0 0 0 0 0 0 0 0 0 0 0 6 0 9 0 2 0 23 203 252 155 0 11 0 0 8 0 0 0 0 0 0 0 0 0 0 0 0 2 7 0 8 0 5 0 57 255 255 108 2 9 2 0 0 0 0 0 0 0 0 0 0 0 0 0 0 4 0 0 1 0 6 0 117 250 239 24 0 0 3 6 0 0 0 0 0 0 0 0 0 0 0 0 0 1 0 0 0 0 9 15 189 255 199 4 12 0 0 0 0 0 0 0 0 0 0 0 0 0 0 0 0 2 0 10 3 0 10 68 243 255 136 5 4 0 0 0 6 0 0 0 0 0 0 0 0 0 0 0 0 0 0 9 0 0 5 133 255 251 70 0 0 2 2 0 7 0 0 0 0 0 0 0 0 0 0 0 0 0 0 1 0 0 7 202 255 239 46 12 0 11 0 3 0 0 0 0 0 0 0 0 0 0 0 0 0 3 2 0 0 6 20 255 255 168 0 0 0 6 0 10 0 0 0 0 0 0 0 0 0 0 0 0 0 2 0 0 19 0 153 252 251 54 16 0 0 6 0 0 1 0 0 0 0 0 0 0 0 0 0 0 0 0 14 0 0 5 204 255 211 25 3 0 0 3 0 0 4 0 0 0 0 0 0 0 0 0 0 0 0 0 7 0 0 1 114 154 113 0 0 0 0 0 0 1 4 0 0 0 0 0 0 0 0 0 0 0 0 0 0 0 4 0 0 6 15 0 0 2 0 0 1 1 0 0 0 0 0
0 0 0 0 0 0 0 0 2 3 0 0 11 0 0 1 6 0 7 0 6 0 5 0 0 0 0 0 0 0 0 0 0 0 0 0 4 0 0 0 0 0 2 3 0 0 0 0 3 0 2 0 0 0 0 0 0 0 0 0 0 0 0 0 0 0 2 16 0 10 11 3 6 6 4 4 1 1 0 0 0 0 0 0 0 0 0 0 0 0 0 0 5 7 0 5 0 0 0 0 0 0 0 0 0 0 5 4 0 0 0 0 0 0 0 0 0 0 0 0 0 2 0 9 16 11 0 8 6 0 13 0 14 0 6 0 0 0 0 0 0 0 0 0 0 0 0 0 1 5 0 0 2 0 0 4 0 0 7 0 11 0 1 0 0 0 0 0 0 0 0 0 0 0 0 0 0 0 23 1 0 0 21 0 6 8 0 4 0 4 0 5 0 0 0 0 0 0 0 0 0 0 0 0 2 57 215 255 255 250 255 155 124 118 56 56 0 15 0 2 0 0 0 0 0 0 0 0 0 0 0 0 54 237 249 238 255 255 246 254 253 255 254 245 160 7 0 4 0 0 0 0 0 0 0 0 0 0 0 0 95 248 255 255 241 231 255 242 252 255 244 255 217 0 15 0 0 0 0 0 0 0 0 0 0 0 0 0 16 222 240 252 255 251 255 254 254 251 240 254 242 7 9 0 0 0 0 0 0 0 0 0 0 0 0 0 0 227 255 252 255 255 249 246 253 255 255 249 250 80 0 6 0 0 0 0 0 0 0 0 0 0 0 0 11 173 251 167 48 34 38 67 221 255 251 247 255 105 0 12 0 0 0 0 0 0 0 0 0 0 0 0 3 25 39 11 0 11 0 25 211 250 245 255 255 53 1 0 0 0 0 0 0 0 0 0 0 0 0 0 0 6 1 0 4 1 12 156 249 255 255 255 170 9 11 0 0 0 0 0 0 0 0 0 0 0 0 0 10 0 0 8 0 18 107 241 255 238 255 221 36 0 0 4 0 0 0 0 0 0 0 0 0 0 0 0 0 0 0 9 0 104 255 244 255 247 252 185 10 0 13 0 0 0 0 0 0 0 0 0 0 0 0 0 18 0 9 3 35 221 255 255 243 255 203 79 0 3 1 0 0 0 0 0 0 0 0 0 0 0 0 0 0 0 4 9 216 255 251 247 255 220 83 0 0 8 0 9 0 0 0 0 0 0 0 0 0 0 0 0 0 12 15 109 255 245 244 255 184 81 0 0 3 1 0 4 0 0 0 0 0 0 0 0 0 0 0 0 0 29 176 255 255 252 255 181 30 0 0 10 0 0 10 0 0 0 0 0 0 0 0 0 0 0 0 0 15 158 255 246 241 248 253 62 0 0 6 2 3 0 4 0 0 0 0 0 0 0 0 0 0 0 0 0 0 255 238 255 255 244 111 0 21 1 0 0 10 0 0 3 0 0 0 0 0 0 0 0 0 0 0 0 5 218 252 250 255 174 0 10 0 0 6 2 0 0 16 0 0 0 0 0 0 0 0 0 0 0 0 0 0 229 254 249 208 15 0 0 0 0 0 0 0 0 0 0 0 0 0 0 0 0 0 0 0 0 0 0 1 225 255 252 43 8 2 10 0 0 0 0 0 0 0 0 0 0 0 0 0 0 0 0 0 0 0 0 13 165 237 187 0 0 0 0 0 0 0 0 0 0 0 0 0 0 0 0 0 0 0 0 0 0 0 0 0 0 18 0 0 18 12 0 0 0 0 0 0 0 0 0 0 0 0 0
0 0 0 0 0 0 0 0 0 1 0 0 0 4 2 0 0 8 3 0 0 1 0 7 0 0 0 0 0 0 0 0 0 0 0 0 1 0 0 2 0 0 0 0 5 0 0 0 0 0 0 0 0 0 0 0 0 0 0 0 0 0 0 0 0 0 0 10 0 2 0 13 0 0 9 18 1 0 7 0 0 0 0 0 0 0 0 0 0 0 0 0 0 5 0 8 0 3 0 0 0 6 6 0 0 0 8 2 0 0 0 0 0 0 0 0 0 0 0 0 0 6 0 5 0 16 5 0 0 11 0 0 13 13 0 0 0 0 0 0 0 0 0 0 0 0 0 0 0 1 1 0 0 1 0 0 0 1 0 0 2 0 0 11 0 0 0 0 0 0 0 0 0 0 0 0 11 0 7 0 6 0 3 11 9 0 7 7 0 5 16 0 0 0 0 0 0 0 0 0 0 0 0 0 4 0 20 30 69 48 100 137 137 142 209 251 249 255 206 41 0 0 0 0 0 0 0 0 0 0 0 0 1 50 212 255 255 251 250 247 255 246 241 255 238 255 255 52 0 0 0 0 0 0 0 0 0 0 0 0 19 117 255 246 251 248 255 255 236 255 255 235 255 247 236 33 0 0 0 0 0 0 0 0 0 0 0 0 0 66 242 254 255 186 138 94 43 24 175 255 245 246 101 2 0 0 0 0 0 0 0 0 0 0 0 0 12 0 16 0 0 0 7 0 0 101 242 251 255 153 0 0 0 0 0 0 0 0 0 0 0 0 0 0 0 2 1 0 6 8 0 3 61 255 254 247 155 0 21 0 0 0 0 0 0 0 0 0 0 0 0 0 0 23 0 0 0 0 0 111 240 238 255 191 0 5 0 0 0 0 0 0 0 0 0 0 0 0 0 0 0 10 0 7 10 4 79 216 253 255 147 9 0 2 23 0 0 0 0 0 0 0 0 0 0 0 0 0 9 0 7 2 0 50 202 255 247 213 35 2 9 0 0 4 0 0 0 0 1 0 0 0 0 2 4 4 0 1 8 4 0 255 250 255 226 14 0 3 0 10 0 7 0 0 0 0 0 0 2 1 0 0 0 0 26 0 0 18 110 252 246 223 59 0 10 9 0 3 0 6 0 0 0 0 0 0 3 3 0 0 0 0 0 1 11 124 255 251 252 124 0 0 7 0 0 4 0 4 0 0 0 0 3 0 0 0 0 0 2 6 2 0 121 242 250 254 64 0 6 11 0 0 7 0 0 5 0 0 0 0 5 0 0 0 4 2 0 1 0 19 181 255 255 137 0 0 1 1 0 9 4 0 2 1 0 0 0 0 2 0 0 5 7 0 0 0 4 192 248 255 247 0 7 0 0 0 1 6 0 0 12 0 0 0 0 0 1 0 0 5 2 0 2 14 57 253 255 245 93 17 0 12 6 0 0 0 0 9 6 0 0 0 0 0 4 0 0 0 0 0 16 44 236 255 249 167 11 0 12 0 0 0 4 0 4 1 0 10 0 0 0 0 0 4 0 0 7 0 14 204 237 255 234 83 0 0 11 0 0 0 0 0 0 0 0 0 0 0 0 0 0 0 0 6 0 0 39 243 255 208 97 11 0 7 6 0 0 0 0 0 0 0 0 0 0 0 0 0 6 0 0 5 0 0 14 136 247 146 33 0 0 0 0 5 0 0 0 0 0 0 0 0 0 0 0 0 3 0 2 0 2 7 0 0 0 0 0 0 12 4 0 0 0 0 0 0 0 0 0 0 0 0 0 0
0 0 0 0 0 0 0 0 4 2 0 1 2 2 0 0 0 13 0 3 5 0 0 4 0 0 0 0 0 0 0 0 0 0 0 0 0 0 3 1 0 0 0 4 9 3 0 0 0 0 15 0 0 0 0 0 0 0 0 0 0 0 0 0 5 2 0 2 4 6 4 1 0 0 5 16 0 0 5 0 0 0 0 0 0 0 0 0 0 0 0 0 1 0 0 0 0 0 0 0 1 0 0 0 0 4 11 6 0 0 0 0 0 0 0 0 0 0 0 0 0 2 7 4 0 0 0 6 0 8 2 0 4 0 0 0 0 0 0 0 0 0 0 0 0 0 0 0 0 0 0 0 3 5 4 1 0 0 3 0 9 11 0 8 0 0 0 0 0 0 0 0 0 0 0 0 0 1 4 2 0 0 0 2 9 0 7 4 0 0 2 0 0 0 0 0 0 0 0 0 0 0 0 0 6 45 74 54 7 0 16 56 82 126 247 220 58 0 0 2 0 0 0 0 5 0 3 4 0 3 2 5 0 136 254 209 136 15 173 231 255 247 255 249 213 146 11 0 0 0 0 0 3 0 0 0 2 0 0 47 129 238 255 251 255 245 255 252 248 247 241 255 255 246 98 10 0 0 0 0 0 7 0 0 14 0 1 102 247 255 244 255 255 251 242 246 244 255 255 251 246 215 25 0 0 0 0 0 0 4 0 0 12 0 7 96 255 244 255 248 207 137 135 137 73 182 232 253 255 130 0 15 0 0 0 0 3 0 2 0 0 0 0 31 180 179 167 51 34 0 0 0 121 255 254 243 195 31 2 0 0 0 0 0 5 0 6 3 0 2 2 0 0 21 6 0 16 0 1 107 231 255 251 122 15 0 4 0 0 0 0 0 2 0 8 5 0 8 6 0 0 0 0 4 5 12 97 252 255 245 177 56 0 14 0 6 0 0 0 0 3 0 8 2 0 0 0 3 0 2 11 2 0 107 247 255 246 233 0 0 8 0 0 0 0 0 0 0 3 0 0 0 0 1 0 0 0 14 0 4 123 253 247 255 209 60 0 3 0 0 8 0 0 0 0 0 1 0 0 0 1 2 1 0 0 0 12 0 232 255 244 247 68 3 0 14 4 0 4 0 0 0 0 0 0 0 0 0 2 3 2 0 27 0 0 3 233 238 255 232 0 0 1 6 0 0 5 0 0 0 0 0 0 0 0 0 1 1 0 0 0 8 0 121 253 249 237 137 0 10 4 0 0 2 5 2 0 0 0 0 0 0 0 0 0 0 0 0 0 0 73 236 244 255 216 39 0 7 0 0 3 5 0 0 0 0 0 0 0 0 0 0 0 0 0 0 9 0 173 253 255 250 153 3 0 0 0 0 4 0 0 1 0 0 0 0 0 1 1 0 0 0 4 8 17 128 245 250 255 164 9 0 4 2 1 0 0 0 0 4 0 0 0 0 0 0 1 0 0 2 9 15 190 247 255 255 55 7 7 1 4 0 0 0 0 6 7 0 0 0 0 0 6 0 0 12 0 6 0 97 255 249 254 180 0 0 9 0 0 0 0 0 0 0 0 0 0 0 0 0 0 13 0 10 7 0 17 255 246 255 59 1 0 0 2 4 0 0 0 0 0 0 0 0 0 0 0 0 0 16 0 0 13 5 23 232 255 248 32 0 10 1 10 0 0 0 0 0 0 0 0 0 0 0 0 0 11 20 5 0 0 7 0 21 0 4 0 15 0 2 0 0 0 0 0 0 0 0 0 0 0 0 0 0
5 0 0 0 1 0 0 0 0 1 0 0 6 6 0 0 0 6 0 3 0 6 0 2 0 0 0 0 0 0 0 4 4 2 2 3 12 8 2 0 0 0 1 3 0 2 6 4 1 8 2 0 0 0 0 0 0 1 3 0 0 0 0 0 0 0 0 2 0 0 0 0 8 0 0 0 0 0 1 12 0 0 0 0 2 5 2 0 0 0 1 0 1 0 6 12 6 8 10 1 8 0 0 16 0 0 0 0 0 0 0 0 0 0 0 0 0 5 5 2 6 0 0 0 0 0 1 0 0 0 0 1 0 18 6 0 0 0 0 0 0 0 0 5 4 0 0 0 0 2 0 0 9 5 0 3 11 13 0 6 1 2 0 2 0 0 0 0 0 0 0 5 0 0 0 19 0 15 4 0 7 0 0 13 0 6 4 0 13 0 0 10 0 0 0 0 3 0 0 3 0 0 27 69 231 251 212 173 180 173 179 232 247 255 198 5 5 0 15 0 0 0 0 0 0 0 0 6 0 0 54 129 225 219 249 246 249 255 246 255 250 255 226 8 0 0 0 1 0 0 0 0 8 3 5 8 2 0 0 13 4 3 40 46 49 40 41 44 239 254 105 0 0 7 5 2 0 0 0 0 0 0 0 0 2 10 1 0 0 0 8 7 8 0 17 65 244 248 0 3 0 4 7 0 0 0 0 0 1 6 3 0 0 3 5 0 13 0 1 0 0 0 12 157 252 193 0 21 0 0 1 0 0 0 0 0 0 2 7 7 0 0 0 0 0 0 0 0 3 2 0 226 254 91 0 12 1 0 1 2 0 0 0 0 0 0 0 2 5 1 1 7 0 0 5 3 2 6 18 254 255 20 6 0 2 0 3 1 0 0 0 0 18 6 0 0 0 0 0 0 6 0 4 0 0 0 82 252 239 5 4 0 5 3 0 0 0 0 0 0 0 0 0 1 3 4 2 0 0 0 9 0 6 10 163 255 193 6 0 2 7 0 0 1 0 0 0 0 0 0 0 0 0 0 0 0 4 0 0 8 3 0 188 253 105 17 0 10 0 0 11 0 0 0 0 0 0 0 0 0 0 0 0 0 0 0 4 0 1 67 241 255 46 0 0 9 0 0 7 0 0 0 0 0 0 0 0 0 0 0 0 0 3 0 6 0 0 136 255 225 10 0 0 10 4 0 0 0 0 0 0 0 0 0 0 0 0 0 0 0 7 0 1 2 0 180 252 166 4 7 5 2 1 0 0 2 0 0 0 0 0 0 0 0 0 0 0 0 0 0 0 0 0 216 250 116 0 5 0 0 0 1 0 7 0 0 0 0 0 0 0 0 0 0 0 0 0 9 3 0 0 238 252 69 0 3 0 0 4 4 0 0 0 0 0 0 0 0 0 0 0 0 0 0 0 15 0 0 25 249 247 43 5 3 4 6 5 2 0 0 0 0 0 0 0 0 0 0 0 0 0 0 0 5 0 15 66 255 248 47 2 0 0 4 0 0 3 2 0 0 0 0 0 0 0 0 0 0 0 0 4 0 14 0 80 249 255 40 0 0 0 0 0 0 0 0 0 0 0 0 0 0 0 0 0 0 0 0 2 0 0 0 83 255 254 59 0 0 0 0 0 0 0 0 0 0 0 0 0 0 0 0 0 0 0 0 0 25 15 0 24 183 173 25 0 0 0 0 0 0 0 0 0 0 0 0 0 0 0 0 0 0 0 0 0 0 0 0 0 9 8 0 0 0 0 0 0 0 0 0 0 0 0 0
0 0 0 0 0 0 0 0 0 3 5 1 0 1 0 0 5 0 0 4 0 0 6 1 0 0 0 0 0 0 0 0 0 0 0 0 4 2 0 0 0 0 3 2 4 6 3 1 3 0 0 3 0 0 0 0 0 0 0 0 0 0 0 0 0 0 0 2 6 6 3 3 0 8 5 0 8 0 0 0 0 0 0 0 0 0 0 0 0 0 0 0 3 0 0 3 1 0 0 0 0 0 0 0 0 2 6 9 0 0 0 0 0 0 0 0 0 0 0 0 3 2 1 1 0 1 8 18 13 1 9 12 0 3 5 0 0 0 0 0 0 0 0 0 0 0 0 0 0 1 4 0 0 0 0 0 0 0 0 0 0 0 8 2 0 0 0 0 0 0 0 0 0 0 0 0 0 5 2 0 0 11 9 0 3 12 1 0 11 0 0 11 0 0 0 0 0 0 0 0 0 0 0 0 0 0 0 0 44 107 144 147 176 243 254 253 242 119 0 0 0 0 0 0 0 0 0 0 0 0 0 0 0 7 99 161 255 255 249 250 254 252 249 255 255 232 81 0 0 0 0 0 0 0 0 0 0 0 0 0 1 37 232 255 239 244 255 250 248 249 255 255 240 255 92 0 0 0 0 0 0 0 0 0 0 0 0 0 4 146 255 234 233 204 103 109 13 8 0 68 255 242 104 5 0 0 0 0 0 0 0 0 0 0 0 0 0 167 255 137 0 0 4 0 9 3 9 120 249 252 29 6 0 0 0 0 0 0 0 0 0 0 0 0 21 253 200 18 0 5 0 8 0 0 63 250 249 109 9 0 0 0 0 0 0 0 0 0 0 0 0 0 4 254 176 1 8 1 0 0 1 17 213 255 229 41 0 11 0 0 0 0 0 0 0 0 0 0 0 0 30 211 156 0 0 0 8 1 7 213 255 212 62 4 0 0 0 0 0 0 0 0 0 0 0 0 0 0 0 143 120 0 17 0 0 8 168 255 243 164 0 3 0 7 0 0 0 0 0 0 0 0 0 0 0 0 11 0 9 0 2 6 0 79 249 255 177 14 0 5 1 0 0 0 0 0 0 0 0 0 0 0 0 0 0 3 0 1 6 0 133 248 255 164 72 0 3 1 0 0 0 0 0 0 0 0 0 0 0 0 0 0 16 0 5 2 0 93 251 255 211 51 0 0 8 0 0 3 0 0 0 0 0 0 0 0 0 0 0 0 0 14 0 0 92 232 255 240 81 0 0 8 1 0 0 4 0 0 0 0 0 0 0 0 0 0 0 0 1 0 0 52 249 248 241 152 0 0 10 5 0 2 0 4 0 0 0 0 0 0 0 0 0 0 0 0 7 1 72 245 255 245 121 7 0 10 3 0 0 13 0 3 0 0 0 0 0 0 0 0 0 0 0 0 0 94 250 241 255 102 15 0 7 8 0 0 0 13 0 3 0 0 0 0 0 0 0 0 0 0 0 0 83 248 248 246 159 4 0 5 0 0 6 12 0 6 0 2 0 0 0 0 1 0 0 1 7 0 0 4 253 254 242 234 0 1 3 2 0 0 0 0 0 0 0 0 0 0 0 0 0 4 0 0 0 0 23 61 231 252 218 65 1 0 18 0 0 0 0 0 0 0 0 0 0 0 0 0 0 3 6 3 0 0 16 50 255 178 52 0 23 3 0 4 0 0 0 0 0 0 0 0 0 0 0 0 0 0 0 2 7 0 0 2 0 0 0 16 0 0 0 6 0 0 0 0 0 0 0 0 0 0 0 0
2 1 0 0 0 0 0 0 1 0 3 0 0 1 10 0 0 0 0 1 1 0 0 0 0 0 0 0 0 0 0 0 0 0 0 1 0 0 0 5 11 1 0 4 0 0 0 0 1 1 0 0 0 0 0 0 0 0 0 0 0 0 0 0 8 11 0 0 7 0 0 6 0 0 0 0 0 1 1 1 0 0 0 0 0 0 0 0 0 0 0 0 0 3 0 0 0 2 4 6 0 0 0 0 0 1 2 2 0 0 0 0 0 0 0 0 0 0 0 0 4 0 5 13 0 0 3 0 0 0 0 0 0 0 2 2 0 0 0 0 2 1 0 0 0 0 0 0 9 0 0 9 0 0 1 2 2 1 0 0 0 0 1 2 0 0 0 0 2 0 0 0 0 2 5 7 0 15 5 0 4 8 0 0 4 2 0 0 0 0 0 0 0 0 0 0 0 0 0 0 0 4 9 12 130 227 203 131 150 141 68 32 5 4 1 0 0 0 0 0 0 0 0 0 0 0 17 0 3 3 102 220 245 255 255 246 244 255 255 252 192 68 14 3 0 0 0 5 0 0 0 0 0 14 0 9 2 0 218 255 224 207 250 255 255 251 225 255 255 235 140 5 2 14 0 6 0 0 0 0 0 10 0 0 8 0 136 213 110 6 0 17 80 131 110 152 223 255 255 85 0 9 15 0 0 0 0 0 0 0 15 0 8 3 0 56 0 0 17 8 0 0 0 16 61 255 255 119 9 0 0 7 0 0 0 0 10 0 0 10 2 0 10 0 0 0 0 0 2 3 6 0 25 255 241 132 2 0 0 5 0 0 0 0 0 9 0 6 5 0 19 2 1 8 0 12 10 0 3 0 23 249 249 154 0 0 21 0 0 0 0 0 0 8 8 0 4 5 0 10 2 0 0 0 0 0 2 7 38 255 255 117 14 8 0 3 0 0 0 0 6 0 7 4 0 7 5 0 0 0 9 0 0 9 0 0 167 253 255 97 0 3 0 0 0 0 0 0 0 0 0 0 0 0 0 0 10 0 0 0 9 0 8 88 251 255 122 10 4 0 0 5 0 0 0 0 0 0 0 0 0 0 0 0 0 12 0 9 0 14 55 224 254 241 53 0 13 0 15 0 0 0 0 0 0 0 0 0 0 0 0 0 0 8 13 0 19 0 172 255 255 100 7 0 0 2 7 0 0 0 0 0 0 0 0 0 0 0 0 0 4 1 2 0 1 87 240 245 168 0 0 16 0 1 0 4 0 0 0 0 0 0 0 0 0 0 0 0 5 0 5 19 47 244 254 197 27 15 0 0 3 0 0 1 0 0 0 0 0 0 0 0 0 0 0 0 0 6 0 11 197 255 235 82 0 0 5 0 0 8 0 3 0 0 0 0 0 0 0 0 0 0 0 0 0 25 0 118 255 234 120 0 17 0 11 8 0 7 0 7 0 0 0 0 0 0 0 0 0 0 0 0 1 0 96 247 255 219 1 0 0 14 0 0 2 0 2 0 0 0 0 0 0 0 0 0 0 0 0 0 0 9 149 253 255 98 15 0 0 0 0 0 0 0 0 0 0 0 0 0 0 0 0 0 0 0 0 0 9 0 170 255 242 25 0 6 0 0 0 0 0 0 0 0 0 0 0 0 0 0 0 0 0 0 0 0 3 0 84 170 93 13 0 0 0 0 0 0 0 0 0 0 0 0 0 0 0 0 0 0 0 0 0 0 0 0 15 13 2 0 13 0 0 0 0 0 0 0 0 0 0 0 0 0
5 0 2 0 0 6 0 4 0 0 8 4 1 2 0 3 0 0 0 0 0 0 0 0 0 0 0 0 0 0 11 3 0 0 0 6 1 0 0 0 0 1 1 2 0 0 0 0 0 0 0 0 0 0 0 0 4 0 0 0 0 9 4 7 3 11 3 0 1 2 2 0 0 0 0 0 0 0 0 0 0 0 0 0 0 0 4 0 1 3 0 0 0 0 0 0 3 0 6 0 0 0 0 0 0 0 0 0 0 0 0 0 0 6 6 1 0 0 12 18 11 4 0 3 1 0 1 10 0 0 0 0 0 0 0 0 0 0 0 0 3 3 0 1 3 0 0 0 3 0 1 1 2 2 0 0 0 0 0 0 0 0 0 0 0 0 0 0 0 0 0 13 11 0 5 9 5 0 8 0 0 26 0 0 0 0 0 0 0 0 0 0 0 0 0 0 6 13 0 0 0 25 157 255 128 87 77 1 0 45 4 2 0 0 0 0 0 0 0 0 0 0 0 0 7 0 3 15 0 66 232 250 255 247 248 180 186 231 151 197 192 179 186 37 0 18 2 0 0 0 0 0 0 3 2 0 0 54 226 248 252 255 243 255 248 249 255 248 243 245 252 213 22 0 0 16 0 0 0 0 0 7 1 0 4 13 177 254 254 253 253 237 241 255 253 236 255 255 240 222 0 11 3 0 0 0 0 0 2 1 0 3 5 0 102 255 250 243 162 80 102 140 108 225 250 255 249 212 0 0 6 0 0 0 0 0 2 0 0 11 2 0 35 201 255 255 25 0 9 0 30 170 249 255 255 171 2 0 0 9 0 0 0 0 0 4 0 3 0 14 0 74 212 255 40 12 0 2 121 213 247 255 245 145 2 11 0 0 0 0 0 0 0 13 0 0 0 5 0 0 154 116 0 3 109 216 255 255 254 251 255 248 133 71 57 61 0 0 0 0 0 12 0 6 8 0 15 0 2 0 6 92 236 255 253 251 255 242 252 255 255 249 255 166 0 0 0 0 0 0 0 0 0 0 0 0 0 10 10 176 255 255 249 255 250 250 255 255 242 250 255 112 0 0 0 0 0 0 0 0 0 0 0 0 4 9 26 70 189 84 230 254 255 255 250 226 184 90 70 11 0 0 0 0 0 0 0 0 0 0 0 0 0 0 0 9 4 3 95 242 248 251 143 3 1 0 0 0 0 0 0 0 0 0 0 0 0 0 0 0 15 2 9 6 0 15 69 255 252 253 128 0 15 2 0 5 0 0 0 0 0 0 0 0 0 0 0 0 0 0 0 0 8 0 91 247 254 255 135 3 0 0 0 0 0 0 0 0 0 0 0 0 0 0 0 0 0 2 0 3 0 14 75 255 239 248 103 15 0 6 17 0 0 0 0 0 0 0 0 0 0 0 0 0 3 0 17 0 0 5 33 217 255 215 7 5 0 0 0 7 0 0 0 0 0 0 0 0 0 0 0 0 0 17 0 14 2 0 15 160 247 227 0 0 3 10 4 0 0 0 0 0 0 0 0 0 0 0 0 0 3 0 13 0 6 0 5 181 243 240 0 4 2 2 0 3 0 0 0 0 0 0 0 0 0 0 0 0 2 0 9 0 2 0 0 109 255 229 3 1 6 11 0 0 0 0 0 0 0 0 0 0 0 0 0 0 0 3 2 0 1 2 0 28 255 202 25 0 0 0 2 11 0 0 0 0 0 0 0 0 0 0 0 0 0 5 0 0 4 6 3 0 8 7 0 3 13 5 0 0 0 0 0 0
0 0 0 0 0 0 0 0 0 0 0 0 0 0 0 0 0 0 0 0 0 0 0 0 0 0 0 0 0 0 0 0 0 0 0 0 0 0 0 0 0 0 0 0 0 0 0 0 0 0 0 0 0 0 0 0 0 0 0 0 0 0 0 0 0 0 0 0 0 0 0 0 0 0 0 0 0 0 0 0 0 0 0 0 0 0 0 0 0 0 0 0 0 0 0 0 0 0 0 0 0 0 0 0 0 0 0 0 0 0 0 0 0 0 0 0 0 0 0 0 0 0 0 0 0 0 0 0 0 0 0 0 0 0 0 0 0 0 0 0 0 0 0 0 0 0 0 0 0 0 0 0 0 0 0 0 0 0 0 0 0 0 0 0 0 0 0 0 0 0 0 0 0 0 0 0 0 0 0 0 0 0 0 0 0 0 0 0 0 0 0 0 0 0 0 0 0 0 0 0 0 0 0 0 0 0 0 0 0 0 0 0 0 0 0 0 0 0 0 0 0 0 0 0 2 5 0 0 0 0 0 5 77 253 211 37 11 0 0 7 0 11 0 1 2 0 4 0 0 0 0 0 0 1 0 0 7 9 3 3 215 240 255 246 124 31 0 0 1 2 2 8 0 0 0 9 0 0 0 0 0 2 0 0 7 7 0 0 195 255 244 201 255 210 56 26 0 0 1 14 0 12 0 0 0 0 0 0 1 1 0 0 1 0 0 8 229 248 241 46 81 205 255 230 231 188 136 97 37 0 6 0 0 0 0 0 1 0 0 5 4 0 11 57 235 255 255 60 2 12 69 129 171 208 224 254 178 0 1 9 0 0 0 0 0 0 0 7 3 0 15 68 255 230 255 144 8 0 0 1 3 0 0 127 217 5 0 0 0 0 0 0 0 1 0 1 0 0 1 29 236 247 255 127 0 12 19 0 6 8 0 89 225 0 0 19 0 0 0 0 0 3 1 0 2 2 0 0 140 252 253 81 15 0 0 12 0 7 0 40 235 36 0 0 0 0 0 0 0 0 0 0 0 0 0 0 143 249 255 91 13 1 0 8 0 0 0 44 251 93 0 3 0 0 0 0 0 0 0 0 0 0 0 0 14 161 226 22 0 0 15 0 0 4 2 25 209 149 0 5 0 0 0 0 0 0 0 0 0 0 0 0 8 14 55 0 19 0 0 0 0 3 2 0 154 208 0 1 0 0 0 0 0 0 0 0 0 0 0 0 5 0 0 2 0 0 0 6 0 0 0 0 123 232 2 0 0 0 0 0 0 0 0 0 0 0 0 0 0 5 17 4 0 0 4 4 4 0 0 5 117 226 7 3 0 0 0 0 0 0 0 0 0 0 0 0 11 0 0 0 13 0 6 0 3 0 0 8 98 213 5 1 0 0 0 0 0 0 0 0 0 0 0 0 0 0 10 0 0 0 9 0 0 0 0 0 59 219 0 0 0 0 0 0 0 0 0 0 0 0 0 0 7 7 0 9 0 1 0 9 0 3 6 0 29 238 0 0 0 0 0 0 0 0 0 0 0 0 0 0 0 0 0 0 0 0 0 0 0 1 0 1 33 226 0 3 0 0 0 0 0 0 0 0 0 0 0 0 0 0 0 0 0 0 0 0 0 1 2 7 43 230 22 1 0 0 0 0 0 0 0 0 0 0 0 0 0 0 0 0 0 0 0 0 2 1 0 3 39 224 67 3 0 0 0 0 0 0 0 0 0 0 0 0 0 0 0 0 0 0 0 0 6 0 0 0 20 204 103 6 0 0 0 0
0 6 7 0 0 1 0 0 2 3 1 0 0 0 0 3 0 3 0 5 3 0 1 0 0 0 0 0 6 0 0 0 0 5 5 3 0 1 4 6 4 1 0 0 0 0 0 0 7 5 4 0 0 0 0 0 6 0 0 3 3 2 0 0 0 0 0 0 0 1 3 4 4 3 6 0 0 0 0 7 0 0 0 0 0 0 5 8 0 0 3 0 10 6 1 0 0 0 0 0 0 0 7 0 0 6 0 0 0 0 0 0 0 3 3 0 0 2 11 6 0 0 0 3 5 3 0 0 22 10 3 0 0 8 1 0 0 0 0 0 0 6 0 0 3 3 0 0 2 3 3 1 0 1 5 8 0 0 0 3 2 0 5 4 0 0 0 0 0 7 0 0 15 0 0 23 0 0 4 1 0 0 0 0 5 12 0 14 16 0 6 0 0 0 0 0 0 10 0 0 11 0 17 114 141 171 212 244 255 255 255 255 255 172 15 0 0 0 21 0 0 0 0 0 0 5 4 0 7 0 8 255 255 251 255 253 253 245 255 255 255 243 138 2 1 0 0 3 0 0 0 0 5 0 0 0 5 2 0 129 124 137 119 123 3 12 0 0 190 255 253 0 1 19 2 0 0 0 0 0 7 0 0 1 0 8 0 12 2 0 20 9 0 0 18 0 185 255 180 33 0 0 0 0 0 0 0 0 0 4 1 1 0 3 5 0 6 0 0 0 4 4 10 0 255 244 133 0 0 0 14 3 0 0 0 0 0 13 3 0 0 0 8 4 3 8 6 1 7 0 0 10 255 248 65 11 10 6 8 0 0 0 0 0 0 8 0 0 9 0 0 3 0 0 0 0 0 0 11 64 239 255 0 4 4 0 0 0 0 0 0 0 4 0 4 0 6 0 0 0 0 7 6 128 76 137 126 183 255 255 120 3 3 3 3 7 0 0 0 0 7 0 13 1 0 0 7 0 0 4 122 255 248 247 255 255 254 254 249 255 122 3 1 0 0 0 0 0 0 0 0 0 0 0 0 0 0 0 8 179 255 255 234 255 255 124 7 127 59 6 0 0 0 0 0 0 0 0 0 0 0 0 0 0 2 0 0 86 114 116 154 246 246 9 0 18 10 0 0 3 0 0 0 0 0 0 0 0 0 0 0 0 2 3 0 10 3 5 114 254 255 0 3 0 0 3 5 8 0 0 0 0 0 0 0 0 0 0 0 0 0 5 1 0 0 0 127 255 236 15 2 8 0 2 8 0 0 0 0 0 0 0 0 0 0 0 0 0 0 3 4 0 9 7 129 251 135 0 0 5 0 0 2 0 0 0 0 0 0 0 0 0 0 0 0 0 0 3 3 0 3 2 125 251 128 0 11 0 3 2 0 12 0 0 0 0 0 0 0 0 0 0 0 0 0 5 0 0 0 1 125 255 196 0 13 0 0 0 0 3 0 0 0 0 0 0 0 0 0 0 0 0 0 5 0 3 0 2 118 255 248 11 0 13 0 0 10 0 0 0 0 0 0 0 0 0 0 0 0 0 0 3 0 0 0 5 113 255 248 25 0 12 4 5 0 0 0 0 0 0 0 0 0 0 0 0 0 0 0 3 3 2 0 1 92 228 255 98 33 6 0 0 6 4 0 0 0 0 0 0 0 0 0 0 0 0 3 3 0 0 1 0 8 68 255 77 0 0 5 13 0 0 0 0 0 0 0 0 0 0 0 0 0 0 1 0 0 4 16 2 0 0 0 0 5 4 0 0 0 4 0 0 0 0
3 5 2 0 0 4 4 0 3 0 7 0 0 7 0 3 3 0 1 6 4 0 0 0 0 0 0 0 0 0 0 0 0 0 0 0 0 4 0 0 0 0 4 0 0 0 0 0 0 0 3 11 0 0 0 0 0 0 0 5 6 4 4 7 0 4 3 8 8 3 4 0 8 6 6 8 6 0 0 0 0 0 0 0 7 2 0 0 0 0 0 0 5 0 5 0 0 5 0 5 0 0 0 1 2 0 0 0 0 0 0 0 0 0 0 0 0 0 0 5 0 0 4 5 5 4 0 0 7 4 0 0 0 0 4 6 0 0 0 0 0 0 0 0 0 3 1 0 0 13 0 0 0 0 13 0 0 4 5 3 2 2 0 0 0 0 0 0 6 7 0 0 0 7 6 0 0 0 4 2 2 4 0 0 0 3 2 0 0 1 1 0 0 0 0 0 0 2 0 0 26 72 95 91 88 96 245 252 252 245 96 88 99 81 47 11 0 0 4 7 0 0 0 0 0 0 10 0 26 252 255 249 254 254 254 254 254 254 254 254 255 247 207 144 19 0 0 6 0 0 0 0 4 7 1 0 14 250 254 253 250 250 250 250 250 250 250 250 251 254 255 249 100 8 0 3 0 0 0 0 0 2 0 6 25 247 252 255 255 255 255 255 255 255 255 255 247 253 254 253 107 0 1 0 0 0 0 0 0 3 0 4 4 135 124 126 127 127 127 127 127 127 127 127 134 230 248 242 114 0 6 0 0 0 0 0 9 4 7 0 0 14 0 0 1 1 1 1 1 1 1 1 0 202 255 247 118 0 0 2 0 0 0 0 1 0 7 1 6 0 0 2 0 0 0 0 0 0 0 0 7 214 251 241 103 0 0 13 0 0 0 0 0 3 0 0 6 0 2 5 1 1 1 1 1 1 1 1 85 246 255 244 78 12 0 0 0 0 0 0 0 15 0 0 0 3 3 0 0 0 0 0 0 0 0 0 124 254 248 202 0 0 7 0 0 0 0 0 0 0 0 0 0 0 0 0 8 0 5 0 0 6 12 15 251 251 255 136 4 8 0 9 0 0 0 0 0 0 0 0 0 0 0 0 0 0 6 5 8 0 0 49 243 255 244 33 1 0 8 0 0 0 0 0 0 0 0 0 0 0 0 0 0 8 0 0 16 0 18 161 252 247 160 0 2 7 0 0 0 0 0 0 0 0 0 0 0 0 0 0 4 6 0 0 10 0 71 255 255 248 117 0 6 9 0 6 0 0 0 0 0 0 0 0 0 0 0 0 1 0 1 5 2 2 92 255 255 246 123 0 1 0 10 0 0 0 0 0 0 0 0 0 0 0 0 0 2 0 4 8 0 3 100 243 255 215 43 6 0 0 5 0 0 0 0 0 0 0 0 0 0 0 0 0 6 0 0 0 0 5 105 255 255 204 0 10 0 12 0 4 0 0 0 0 0 0 0 0 0 0 0 0 0 0 0 1 3 6 93 255 250 235 30 0 13 0 7 0 0 0 0 0 0 0 0 0 0 0 0 0 0 0 0 5 0 0 95 255 246 251 205 22 0 4 3 0 0 0 0 0 0 0 0 0 0 0 0 0 0 0 1 4 1 9 109 253 255 255 204 31 0 0 0 1 0 0 0 0 0 0 0 0 0 0 0 0 4 5 0 0 0 0 28 93 146 139 117 11 2 0 0 2 0 0 0 0 0 0 0 0 0 0 0 0 0 3 0 0 10 3 0 0 1 4 19 0 4 2 0 4 0 0 0 0
0 0 0 0 0 0 0 0 1 0 0 6 4 0 0 4 5 0 0 3 0 0 0 4 0 0 0 0 0 0 0 0 0 0 0 0 3 0 0 0 1 0 0 0 0 0 3 7 7 3 0 0 0 0 0 0 0 0 0 0 0 0 0 0 0 0 0 0 0 4 4 1 2 1 0 0 0 0 3 2 0 0 0 0 0 0 0 0 0 0 0 0 5 8 7 1 0 2 1 0 4 3 3 4 5 2 0 0 0 0 0 0 0 0 0 0 0 0 0 0 0 0 0 0 0 0 1 1 0 0 0 0 2 0 1 9 0 0 0 0 0 0 0 0 0 0 0 0 5 5 7 8 4 0 0 1 11 7 4 3 0 0 0 2 0 0 0 0 0 0 0 0 0 0 0 0 3 0 0 0 3 0 0 7 0 3 8 0 0 2 5 0 0 0 0 0 0 0 0 0 0 0 0 0 7 0 7 57 105 133 157 180 255 245 168 58 0 0 5 0 0 0 0 0 0 0 0 0 0 0 0 0 1 1 48 216 255 255 249 255 254 251 255 103 0 1 0 0 0 0 0 0 0 0 0 0 0 0 0 0 0 8 200 255 255 231 245 29 23 105 252 96 5 0 0 13 0 0 0 0 0 0 0 0 0 0 0 0 10 0 27 131 137 243 195 0 0 43 255 95 4 0 0 0 0 0 0 0 0 0 0 0 0 0 0 0 4 0 0 0 1 14 10 9 15 33 245 93 0 0 19 0 0 0 0 0 0 0 0 0 0 0 0 0 4 0 19 0 16 0 11 1 0 94 248 101 5 0 17 0 0 0 0 0 0 0 0 0 0 0 0 0 0 3 0 3 0 15 0 0 43 226 255 61 8 0 0 2 0 0 0 0 0 0 0 0 0 0 0 0 7 4 0 0 18 13 0 10 153 255 206 0 0 0 0 5 0 0 0 0 0 0 0 0 0 0 0 0 0 0 12 0 0 0 0 46 236 248 182 5 6 3 9 0 0 0 0 0 0 0 0 0 0 0 0 0 0 5 0 0 4 0 9 169 251 189 21 0 0 0 6 0 0 0 0 0 0 0 0 0 0 0 0 0 0 0 0 12 0 8 53 255 215 35 0 8 0 0 0 7 0 0 0 0 0 0 0 0 0 0 0 0 1 11 3 3 0 1 95 242 126 0 0 4 0 4 4 0 0 0 0 0 0 0 0 0 0 0 0 0 0 0 0 0 0 60 227 186 26 15 3 0 4 0 8 0 0 0 0 0 0 0 0 0 0 0 0 0 12 0 11 15 31 134 172 1 0 25 0 3 14 0 0 11 0 0 0 0 0 0 0 0 0 0 0 0 0 0 0 41 193 255 70 0 0 0 0 5 0 7 0 3 0 0 0 0 0 0 0 0 0 0 0 0 2 6 7 83 252 207 0 24 7 0 10 0 0 15 3 0 0 0 0 0 0 0 0 0 0 0 0 0 4 0 128 243 249 53 8 0 0 1 7 0 8 0 0 5 0 0 0 0 0 0 0 0 0 0 0 0 4 1 220 250 101 12 0 0 0 0 0 0 0 0 0 0 0 0 0 0 0 0 0 0 0 0 0 0 0 162 255 95 0 0 0 5 0 0 0 0 0 0 0 0 0 0 0 0 0 0 0 0 0 0 0 0 54 230 213 22 0 12 0 3 0 0 0 0 0 0 0 0 0 0 0 0 0 0 0 0 0 0 0 0 0 24 5 0 10 7 0 6 0 0 0 0 0 0 0 0 0 0 0 0
0 0 0 0 0 0 0 0 0 4 2 0 0 2 4 0 0 4 8 1 0 0 0 1 2 3 2 0 0 0 0 0 0 0 0 0 0 0 2 5 5 2 0 0 3 2 0 0 0 1 0 0 0 0 1 0 0 0 0 0 0 0 0 0 3 0 0 0 0 0 0 3 0 0 0 3 9 13 8 0 5 8 5 0 0 0 0 0 0 0 0 0 3 1 0 0 0 0 1 3 1 4 6 1 0 0 0 0 0 0 0 4 0 0 0 0 0 0 0 0 0 3 7 3 3 7 3 0 5 2 0 0 0 0 5 10 13 7 2 1 0 0 0 0 0 0 0 0 0 0 0 0 0 0 0 0 0 0 0 5 11 8 0 0 0 2 8 0 0 0 0 0 0 0 0 0 7 0 0 8 8 0 0 7 3 1 1 2 0 0 0 5 9 0 0 0 0 0 0 0 0 0 0 0 4 0 14 55 55 14 0 4 0 3 2 0 0 20 84 142 253 119 4 0 2 0 11 2 0 6 5 0 0 194 229 234 255 219 227 241 129 103 103 94 149 231 255 248 235 73 0 3 3 0 1 3 6 11 0 0 105 245 241 255 245 255 255 245 248 255 249 241 255 255 229 246 88 12 0 13 4 3 6 0 0 0 8 75 237 243 255 238 224 77 161 203 203 209 186 132 135 255 255 193 0 0 0 4 5 0 0 0 18 4 9 84 255 255 239 245 38 10 15 0 0 0 0 122 220 232 207 1 3 8 0 0 0 5 5 0 0 0 57 195 251 233 175 91 15 0 0 0 0 37 141 255 247 124 28 5 0 4 0 0 7 3 0 0 3 0 1 87 251 252 152 0 0 10 6 12 6 83 255 248 176 35 0 3 0 0 0 3 0 2 6 0 2 0 26 108 115 1 0 2 0 0 7 0 114 255 237 255 33 0 0 3 5 1 0 2 0 0 1 0 5 0 0 19 0 2 5 0 0 7 0 64 240 252 249 21 0 7 3 1 5 0 0 1 0 0 0 0 0 0 0 0 3 0 0 4 0 0 120 214 255 223 48 0 0 0 1 8 0 0 0 0 0 0 0 0 0 0 0 0 4 0 0 21 2 52 229 253 225 112 1 0 11 10 0 0 0 0 0 0 0 0 0 0 0 0 0 0 0 3 9 4 60 238 255 252 127 7 0 0 0 5 0 1 0 0 0 0 0 0 0 0 0 0 0 0 3 0 0 8 164 255 238 134 33 0 22 0 0 0 0 4 0 0 0 0 0 0 0 0 0 0 0 0 0 0 43 255 253 252 97 8 0 0 11 0 2 0 4 0 0 0 0 0 0 0 0 0 0 0 0 0 0 29 196 253 236 96 4 0 0 10 0 0 15 0 0 2 0 0 0 0 0 0 0 0 0 0 0 0 0 185 252 246 152 10 3 3 0 8 0 7 5 0 0 9 0 0 0 0 0 0 0 0 0 0 0 0 70 233 254 222 16 3 0 4 4 2 0 6 0 9 0 0 0 0 0 0 0 0 0 0 0 0 0 0 95 255 243 21 5 0 10 2 0 0 0 0 0 0 0 0 0 0 0 0 0 0 0 0 0 0 0 0 213 255 187 8 8 0 0 0 0 0 0 0 0 0 0 0 0 0 0 0 0 0 0 0 0 0 0 0 130 255 247 63 0 6 17 0 0 0 0 0 0 0 0 0 0 0 0 0 0 0 0 0 0 0 0 0 0 0 0 1 8 0 0 13 0 0 0 0 0 0 0 0 0 0 0 0
0 0 0 0 0 0 0 0 3 0 0 0 4 3 0 0 3 0 5 0 0 5 0 0 0 0 0 0 0 0 0 0 0 0 0 0 0 8 14 0 0 0 1 3 1 1 9 6 0 0 0 2 0 0 0 0 0 0 0 0 0 0 0 0 8 0 0 12 16 1 0 3 0 5 0 0 2 0 0 5 0 0 0 0 0 0 0 0 0 0 0 0 0 5 1 0 0 0 3 0 0 11 0 0 3 2 6 0 0 0 0 0 0 0 0 0 0 0 0 0 3 0 0 8 13 7 0 0 0 10 4 0 0 4 4 0 0 0 0 0 0 0 0 0 0 0 0 0 0 3 3 0 0 0 3 8 0 0 8 3 0 2 0 1 0 0 0 0 0 0 0 0 0 0 0 0 5 9 0 0 109 235 241 166 69 0 1 3 0 7 0 7 0 0 0 0 0 0 0 0 0 0 0 0 2 35 121 221 255 254 248 255 174 15 0 4 0 16 0 2 0 0 0 0 0 0 10 0 0 6 0 17 165 238 247 255 233 255 253 253 218 52 0 18 0 0 5 0 0 0 0 0 1 0 4 4 4 0 24 169 255 251 249 246 255 255 229 255 255 146 59 0 0 5 0 0 0 0 0 0 0 0 5 3 3 0 47 219 224 255 254 254 241 245 255 252 255 250 51 8 1 0 3 15 0 0 0 0 5 5 0 0 0 6 88 255 255 255 227 185 71 198 255 244 242 255 7 2 6 0 0 0 0 0 0 0 2 0 0 5 11 0 50 203 245 238 0 0 10 92 218 255 255 247 94 0 0 11 0 0 0 0 0 0 0 1 2 9 12 0 0 32 7 16 10 22 0 11 175 254 255 243 95 10 0 0 0 13 0 0 0 0 4 10 0 0 0 8 5 0 0 3 0 0 0 0 177 255 255 236 18 1 2 0 3 0 0 0 0 0 0 0 0 11 4 0 0 0 1 0 0 4 5 0 88 243 252 255 116 0 7 0 5 2 0 0 0 0 0 0 0 0 0 0 0 0 1 2 0 3 1 0 134 253 252 254 79 0 4 0 1 2 0 0 0 0 0 0 0 0 0 0 0 0 7 2 0 0 7 0 71 232 255 248 146 10 0 0 0 2 0 0 0 0 0 0 0 0 0 0 0 0 0 0 9 0 11 0 15 218 241 250 255 99 14 0 0 0 0 0 0 0 0 0 0 0 0 0 0 0 0 0 3 0 0 11 44 247 255 240 255 95 0 4 8 10 0 0 0 0 0 0 0 0 0 0 0 0 0 0 1 5 0 0 19 122 254 250 255 159 4 0 0 0 0 0 0 0 0 0 0 0 0 0 0 0 0 0 0 15 4 0 0 0 156 236 255 242 49 4 10 13 0 0 0 0 0 0 0 0 0 0 0 0 11 0 0 0 5 7 19 20 202 255 239 215 31 0 0 0 0 0 0 0 0 0 0 0 0 0 0 0 0 0 11 0 9 0 0 6 120 246 255 254 84 17 6 4 0 0 0 0 0 0 0 0 0 0 0 0 0 0 0 0 0 0 0 0 11 251 249 255 233 74 0 1 0 0 0 0 0 0 0 0 0 0 0 0 0 0 0 0 0 0 0 0 0 181 255 201 27 0 15 0 0 0 0 0 0 0 0 0 0 0 0 0 0 0 0 0 0 0 0 0 9 0 0 13 0 10 1 0 0 0 0 0 0 0 0 0 0 0 0 0 0 0 0 0 0 0 0 0 0 15 4 0 1 5 0 18 0 0 0 0
0 1 2 0 2 6 4 0 4 3 2 1 0 0 0 1 0 0 0 0 0 0 0 0 0 0 0 0 0 3 4 0 0 0 0 0 0 0 0 0 5 13 6 0 0 0 0 0 0 0 0 0 0 0 0 0 0 4 4 0 0 0 0 1 7 10 6 0 0 0 4 5 0 0 0 0 0 0 0 0 0 0 0 0 1 2 2 0 0 2 3 2 0 0 0 5 4 0 0 4 0 0 0 0 0 0 0 0 0 0 0 0 3 0 0 0 3 3 0 0 10 1 0 0 5 6 2 0 0 0 0 0 0 0 0 0 0 0 0 0 5 0 0 0 0 0 0 0 0 4 4 0 0 2 7 0 0 0 0 0 0 0 0 0 0 0 0 0 2 0 0 0 0 0 2 13 9 3 0 4 6 2 0 0 0 0 0 0 0 0 0 0 0 0 0 0 0 0 3 2 0 0 14 35 224 107 13 6 20 4 0 7 0 0 0 0 0 0 0 0 0 0 0 0 0 0 0 0 0 0 0 0 151 243 250 255 251 199 196 176 190 210 200 149 0 0 25 0 0 0 0 0 0 0 0 0 0 0 0 0 0 49 79 118 160 180 204 219 224 218 255 161 20 0 0 6 0 0 0 0 0 0 0 0 0 0 0 0 0 0 4 1 2 6 0 2 0 93 232 49 6 5 0 2 0 0 0 0 0 0 0 0 0 0 0 0 3 0 11 6 0 2 0 0 0 193 241 0 2 0 9 0 0 0 0 0 0 0 0 0 0 0 0 0 0 2 0 0 0 4 17 1 45 253 114 0 7 0 7 12 0 0 0 0 0 0 0 0 0 0 0 0 4 8 0 0 2 0 0 0 135 255 4 15 7 1 0 0 0 0 0 0 0 0 0 0 0 0 0 0 2 0 4 5 7 0 0 44 239 186 0 0 0 13 8 6 0 0 0 0 0 0 0 0 0 0 0 0 1 0 14 0 0 0 20 145 253 53 12 0 10 0 0 1 0 0 0 0 0 0 0 0 0 0 0 0 7 0 0 16 0 4 0 227 210 4 0 5 0 0 0 4 0 0 0 0 0 0 0 0 0 0 0 0 0 0 0 3 0 0 42 227 131 0 0 5 0 2 0 0 0 0 0 0 0 0 0 0 0 0 0 0 3 10 1 2 2 0 142 255 46 0 1 2 0 1 7 0 0 0 0 0 0 0 0 0 0 0 0 0 2 0 0 1 0 1 208 231 7 3 1 0 0 0 9 1 0 0 0 0 0 0 0 0 0 0 0 0 0 0 8 8 0 68 238 111 0 11 0 1 0 0 3 6 0 0 0 0 0 0 0 0 0 0 0 0 4 0 11 0 0 177 248 29 0 6 0 5 3 0 0 3 0 0 0 0 0 0 0 0 0 0 0 0 2 0 0 0 0 230 190 4 0 1 0 4 0 8 0 1 0 0 0 0 0 0 0 0 0 0 0 0 4 5 0 12 23 238 115 2 0 2 0 0 0 12 0 2 0 0 0 0 0 0 0 0 0 0 0 0 0 8 1 6 150 255 41 0 0 0 0 0 0 0 0 0 0 0 0 0 0 0 0 0 0 0 0 0 8 0 5 0 169 255 122 20 0 0 0 0 0 0 0 0 0 0 0 0 0 0 0 0 0 0 0 0 12 0 3 6 205 234 85 0 0 0 0 0 0 0 0 0 0 0 0 0 0 0 0 0 0 0 0 0 0 0 7 8 0 0 0 12 0 0 0 0 0 0 0 0 0 0 0 0
12 0 0 0 0 0 0 0 0 3 4 0 0 3 0 0 0 2 0 0 0 0 0 9 0 0 0 0 0 0 0 3 5 4 3 3 0 2 1 0 0 3 6 7 0 0 5 5 5 4 0 0 0 0 0 0 0 1 3 1 0 0 0 0 0 0 0 0 0 0 0 4 4 1 0 0 0 1 9 0 0 0 0 0 1 3 0 0 0 0 1 0 2 0 1 6 5 0 0 0 5 0 5 7 0 0 3 0 0 0 0 0 0 0 0 0 0 5 5 2 0 0 0 0 4 3 1 1 0 0 0 3 0 0 0 7 0 0 0 0 0 0 0 2 2 0 0 0 6 5 0 0 0 1 2 0 7 10 6 9 13 0 0 0 0 0 0 0 3 0 0 5 0 0 0 13 0 7 11 2 0 4 5 0 0 7 0 0 7 12 0 2 0 0 0 0 3 0 0 6 0 0 21 59 199 234 255 254 250 255 255 251 255 239 116 2 0 2 0 6 0 0 0 0 8 0 4 0 14 17 203 240 255 255 251 250 250 251 252 252 248 255 248 82 23 1 0 5 0 0 0 0 5 0 18 0 0 153 245 248 255 218 156 115 104 109 112 111 207 255 248 249 0 0 25 0 0 0 0 0 3 0 0 0 53 255 254 254 65 36 4 0 0 2 0 0 14 209 255 245 158 0 0 16 0 0 0 0 0 8 8 0 9 156 198 74 0 0 0 0 0 6 8 9 0 105 251 254 140 0 0 0 0 0 0 0 0 13 0 1 15 0 20 6 3 5 4 0 0 0 0 0 13 108 249 247 150 22 0 0 0 0 0 0 2 0 6 14 0 0 18 0 0 0 0 3 7 5 0 0 0 120 255 247 210 14 19 0 0 0 0 0 23 0 0 3 9 3 0 10 10 2 0 0 0 5 6 6 25 206 253 250 140 7 1 0 0 0 0 0 0 0 14 0 0 0 15 0 0 0 3 3 0 0 0 0 88 252 254 250 67 12 0 7 0 0 0 0 0 0 0 0 0 0 0 0 7 0 15 0 0 1 4 0 169 251 243 255 0 0 10 0 0 0 0 0 0 0 0 0 0 0 0 0 0 4 0 5 13 0 0 24 175 255 255 222 0 10 0 3 0 0 0 0 0 0 0 0 0 0 0 0 0 14 0 1 4 0 0 132 237 255 245 99 5 5 0 0 0 0 0 0 0 0 0 0 0 0 0 0 3 0 6 0 0 2 39 232 255 253 151 6 5 0 5 0 0 0 0 0 0 0 0 0 0 0 0 0 9 0 0 2 6 10 115 252 250 245 41 15 0 0 0 3 0 0 0 0 0 0 0 0 0 0 0 0 0 4 0 6 0 2 191 249 255 204 0 14 0 0 6 0 0 0 0 0 0 0 0 0 0 0 0 0 0 6 0 3 0 77 244 254 237 103 2 0 14 0 10 0 0 0 0 0 0 0 0 0 0 0 0 0 13 0 3 6 44 213 255 246 140 3 8 3 0 6 0 10 0 0 0 0 0 0 0 0 0 0 0 0 0 1 0 0 75 255 247 255 86 13 0 4 0 0 3 0 0 0 0 0 0 0 0 0 0 0 0 0 5 0 0 23 88 247 246 230 56 3 0 6 0 0 4 0 0 0 0 0 0 0 0 0 0 0 0 0 0 9 0 0 62 255 245 92 18 0 0 7 0 0 5 2 0 0 0 0 0 0 0 0 0 0 0 0 5 0 0 23 0 0 5 0 0 0 0 5 0 0 5 0 0 0 0 0
0 0 10 0 0 2 0 6 0 2 1 0 0 4 1 0 0 0 0 0 0 0 0 0 0 0 0 0 4 8 0 0 0 13 3 0 0 0 0 0 0 2 5 5 0 0 0 0 0 0 0 0 0 0 0 0 0 2 0 13 0 0 0 0 5 4 4 3 0 0 0 3 0 0 0 0 0 0 0 0 0 0 0 0 0 2 0 8 5 0 7 8 0 0 0 0 0 0 0 4 0 0 0 0 0 0 0 0 0 0 0 0 11 12 0 0 0 1 8 0 6 3 3 6 6 2 0 0 0 0 0 0 0 0 0 0 0 0 0 0 0 0 7 5 5 4 0 10 0 0 0 0 0 0 0 0 0 0 0 0 0 0 0 0 0 0 0 0 5 0 4 3 0 20 0 10 0 14 17 2 0 0 5 4 0 0 0 0 0 0 0 0 0 0 0 0 0 12 0 0 40 255 236 233 125 138 123 72 27 12 7 0 0 0 0 0 0 0 0 0 0 0 0 0 0 12 0 0 46 177 255 255 252 255 255 241 255 255 222 152 152 144 147 136 110 7 0 8 0 0 0 0 8 7 4 0 0 12 97 180 215 229 236 243 248 255 255 249 237 250 250 255 203 31 14 0 0 0 0 0 1 0 0 7 6 0 0 12 6 26 43 87 95 135 162 202 216 217 255 255 167 0 11 0 0 0 0 0 0 6 10 1 2 12 5 0 1 0 0 4 0 0 0 11 3 56 240 252 152 1 5 0 0 0 0 0 1 0 1 0 0 0 2 16 8 2 6 0 11 2 2 0 0 106 255 252 73 0 0 3 0 0 0 0 3 0 0 3 11 5 0 0 0 0 5 0 2 0 7 0 0 181 248 253 33 10 2 5 0 0 0 0 0 5 6 0 0 0 5 8 4 10 13 3 0 0 3 2 91 247 253 185 8 4 0 0 0 0 0 0 4 0 0 3 7 1 0 0 0 0 0 6 0 4 0 1 167 249 255 95 3 2 0 2 0 0 0 0 0 0 0 0 0 0 0 0 4 0 5 5 0 0 0 39 246 255 255 48 2 0 3 0 0 0 0 0 0 0 0 0 0 0 0 0 3 0 0 3 0 0 8 163 252 255 148 9 0 0 0 0 0 0 0 0 0 0 0 0 0 0 0 0 0 6 0 0 0 2 20 250 249 240 36 0 0 2 0 4 0 0 0 0 0 0 0 0 0 0 0 0 0 13 1 0 2 3 57 254 243 193 0 2 8 2 0 5 0 0 0 0 0 0 0 0 0 0 0 0 0 5 1 1 3 0 125 249 255 128 0 6 3 0 0 0 0 0 0 0 0 0 0 0 0 0 0 0 4 0 0 3 0 0 186 254 255 72 0 0 0 3 6 0 0 0 0 0 0 0 0 0 0 0 0 0 6 0 0 0 0 62 236 250 201 24 2 0 0 6 7 1 0 0 0 0 0 0 0 0 0 0 0 0 0 1 6 0 14 152 255 245 119 0 1 3 1 1 0 0 0 0 0 0 0 0 0 0 0 0 0 0 0 8 9 0 10 244 255 243 47 13 0 0 4 0 0 5 0 0 0 0 0 0 0 0 0 0 0 0 5 0 0 24 90 255 252 218 30 7 0 0 4 0 0 1 0 0 0 0 0 0 0 0 0 0 0 0 5 8 1 4 70 231 255 226 8 0 0 0 2 1 0 0 0 0 0 0 0 0 0 0 0 0 0 0 0 0 0 4 0 6 6 0 0 0 0 0 0 2 0 0 0 0 0 0
0 0 0 0 0 0 0 0 6 0 3 0 2 0 0 5 0 7 0 5 7 0 0 0 0 0 0 0 0 0 0 0 0 0 0 0 0 0 8 0 2 0 0 0 2 0 0 0 0 0 0 4 0 0 0 0 0 0 0 0 0 0 0 0 0 10 0 0 0 2 12 7 3 0 15 9 14 0 0 0 0 0 0 0 0 0 0 0 0 0 0 0 0 3 0 3 0 0 1 0 6 0 1 0 0 0 1 0 0 0 0 0 0 0 0 0 0 0 0 0 10 4 0 0 0 0 0 0 4 4 0 0 0 15 6 0 0 0 0 0 0 0 0 0 0 0 0 0 0 0 12 0 9 0 0 0 0 8 0 0 4 0 0 0 0 0 0 0 0 0 0 0 0 0 0 0 6 49 175 182 242 255 255 255 250 244 192 154 137 10 6 8 0 0 0 0 0 0 0 0 0 0 0 0 5 46 175 128 178 207 214 214 233 254 255 245 249 30 6 0 0 0 0 0 0 0 0 0 0 0 0 0 2 4 1 0 4 18 0 5 22 96 255 242 132 2 0 2 0 0 0 0 0 0 0 0 0 0 0 0 0 0 5 4 0 0 0 2 0 189 253 134 0 0 0 10 0 0 0 0 0 0 0 0 0 0 0 0 0 0 0 4 0 0 7 0 33 243 255 97 14 9 0 0 0 0 0 0 0 0 0 0 0 0 0 0 6 0 0 0 3 11 0 0 198 251 146 13 0 0 3 17 0 0 0 0 0 0 0 0 0 0 0 0 3 0 8 0 7 0 0 63 255 199 33 4 0 13 0 0 0 0 0 0 0 0 0 0 0 0 0 0 3 0 8 4 0 0 57 210 246 109 0 0 3 4 3 5 0 0 0 0 0 0 0 0 0 0 0 0 3 2 0 4 0 33 183 255 130 13 0 0 21 0 0 1 0 0 0 0 0 0 0 0 0 0 0 0 0 11 0 10 6 93 255 240 30 0 10 0 0 5 0 0 0 0 0 0 0 0 0 0 0 0 0 0 0 2 8 1 31 230 255 101 0 0 0 0 0 0 0 0 0 0 0 0 0 0 0 0 0 0 0 0 0 0 4 8 189 251 194 3 0 0 0 0 0 0 0 0 0 0 0 0 0 0 0 0 0 0 0 0 3 0 9 86 255 251 65 0 0 0 0 0 0 0 0 0 0 0 0 0 0 0 0 0 0 0 0 0 0 0 22 189 240 137 0 16 0 0 0 0 0 0 0 0 0 0 0 0 0 0 0 0 0 0 0 0 3 0 100 250 207 7 13 0 0 0 0 0 0 0 0 0 0 0 0 0 0 0 0 0 0 0 0 0 0 10 212 238 106 0 16 0 0 0 0 0 0 0 0 0 0 0 0 0 0 0 0 0 0 0 0 0 3 97 253 199 13 12 0 7 0 0 0 0 0 0 0 0 0 0 0 0 0 0 0 0 0 0 0 0 46 242 246 201 48 21 13 0 0 0 0 0 0 0 0 0 0 0 0 0 0 0 0 0 0 0 0 0 118 255 249 241 192 45 0 2 0 0 0 0 0 0 0 0 0 0 0 0 0 0 0 0 0 0 0 0 152 241 141 19 0 0 12 0 0 0 0 0 0 0 0 0 0 0 0 0 0 0 0 0 0 0 0 0 0 10 0 0 23 2 0 5 0 0 0 0 0 0 0 0 0 0 0 0 0 0 0 0 0 0 0 0 11 0 0 0 1 0 0 7 0 0 0 0 0 0 0 0 0 0 0 0
0 2 1 4 8 0 0 0 0 8 0 3 0 12 0 0 0 0 0 0 0 0 0 0 0 0 0 0 0 0 0 0 0 5 2 0 4 0 0 3 0 0 0 3 0 0 0 0 0 0 0 0 0 0 0 0 0 7 13 2 0 0 2 0 4 0 0 3 4 0 0 7 0 0 0 0 0 0 0 0 0 0 0 0 2 0 0 0 0 10 10 0 0 2 0 1 0 4 0 0 0 0 0 0 0 0 0 0 0 0 0 0 0 0 6 9 0 0 0 1 1 4 0 11 0 15 0 0 0 0 0 0 0 0 0 0 0 0 0 0 0 3 0 0 0 0 0 5 16 4 0 3 0 1 0 9 0 0 0 0 0 0 0 0 0 0 0 0 6 5 0 35 174 255 255 250 103 90 67 6 0 0 3 0 0 0 0 0 0 0 0 0 0 0 0 0 0 15 0 8 145 250 255 246 254 254 220 62 39 21 48 0 0 0 0 0 0 0 0 0 0 0 0 0 1 0 1 0 10 153 255 253 253 255 238 255 251 190 228 146 88 123 145 0 4 0 10 0 0 0 0 0 0 0 16 23 0 14 100 155 246 255 255 236 248 255 252 249 238 252 248 176 32 0 0 0 0 0 0 0 12 0 0 2 0 0 7 12 58 86 213 240 205 254 255 255 255 255 255 255 31 1 3 6 0 0 0 0 0 6 1 0 0 10 2 0 0 8 0 0 33 102 145 248 252 239 247 255 38 0 18 0 0 0 0 0 0 5 5 3 4 0 0 12 0 21 0 0 0 8 70 255 255 255 255 253 58 0 6 0 0 0 0 0 6 1 0 1 9 1 0 1 5 0 8 12 1 10 63 237 246 254 249 243 52 0 0 9 0 0 0 0 0 3 11 3 0 0 2 4 0 14 17 0 0 0 80 255 252 255 254 205 22 0 0 7 0 0 0 0 6 0 0 3 1 0 2 2 7 2 0 10 0 10 205 251 255 251 255 145 0 2 18 0 0 0 0 0 0 0 0 0 0 0 0 0 6 0 5 3 0 99 242 255 250 255 250 29 7 0 2 1 0 0 0 0 0 0 0 0 0 0 0 0 0 6 3 0 2 123 246 247 247 247 245 5 0 0 0 0 0 0 0 0 0 0 0 0 0 0 0 0 0 9 1 0 13 136 250 253 255 250 255 0 5 3 5 3 0 0 0 0 0 0 0 0 0 0 0 0 0 1 4 0 8 121 248 255 255 240 251 0 0 0 0 0 0 0 0 0 0 0 0 0 0 0 0 0 6 0 7 2 0 116 255 251 254 241 252 23 0 0 0 0 0 0 0 0 0 0 0 0 0 0 0 0 1 0 5 0 0 121 255 255 255 253 255 90 10 4 0 7 0 0 0 0 0 0 0 0 0 0 0 0 0 0 0 1 3 71 195 255 245 252 248 148 7 0 0 0 0 0 0 0 0 0 0 0 0 0 0 0 0 6 0 7 0 0 97 243 248 255 253 197 17 0 0 7 0 0 0 0 0 0 0 0 0 0 0 0 2 7 0 0 3 0 67 225 250 249 255 247 48 4 0 0 0 0 0 0 0 0 0 0 0 0 0 0 0 2 0 5 14 0 7 80 174 248 255 186 15 0 0 2 0 0 0 0 0 0 0 0 0 0 0 0 0 3 0 0 6 0 0 0 0 15 0 0 0 22 0 0 0 0 0 0 0 0 0 0 0 0 0 0 3 4 2 0 0 3 8 2 0 0 0 1 6 0 0 22 0 0 0 0
0 0 6 0 0 7 0 1 2 0 0 0 0 3 4 4 0 7 0 3 0 3 4 2 0 0 0 0 2 0 2 0 0 0 0 0 1 3 5 6 3 0 0 0 0 10 6 18 0 0 0 0 0 0 0 0 0 0 0 6 1 0 7 2 2 0 0 0 0 0 7 13 0 0 0 0 0 12 0 0 0 0 0 0 0 0 0 7 1 0 11 0 0 1 2 5 5 2 0 0 7 7 13 0 0 5 0 5 0 0 0 0 0 4 2 0 0 0 0 0 2 0 0 0 0 1 0 0 0 0 0 0 3 8 1 0 0 0 0 0 0 0 5 0 0 0 0 27 5 1 0 0 4 5 3 0 4 0 0 8 7 0 0 10 0 0 0 0 4 0 5 0 5 4 6 110 116 85 38 0 0 12 53 84 72 131 202 255 188 16 0 1 0 0 0 0 14 0 5 0 5 0 2 161 228 237 244 242 236 237 248 255 226 203 191 247 191 4 0 5 0 0 0 0 0 0 0 0 0 0 0 0 12 34 36 35 108 114 133 49 15 5 138 255 162 0 0 6 0 0 0 0 0 0 0 0 0 0 0 0 2 0 5 0 2 20 0 0 4 54 211 255 75 0 8 0 0 0 0 0 0 0 0 0 0 0 0 0 0 0 6 0 0 6 0 11 0 139 255 194 5 0 8 0 0 0 0 0 0 0 0 0 0 0 0 0 0 8 2 0 16 0 3 0 42 226 255 70 0 0 0 8 0 0 0 0 0 0 0 0 0 0 0 0 0 0 0 0 13 0 0 12 148 255 165 0 7 1 0 7 0 0 0 0 0 0 0 0 0 0 0 0 9 0 2 16 0 10 0 129 249 221 64 0 0 10 0 0 0 0 0 0 0 0 0 0 0 0 0 0 10 0 2 9 0 0 19 204 255 125 6 8 0 5 2 0 0 0 0 0 0 0 0 0 0 0 0 0 0 5 3 0 0 5 99 255 231 47 0 0 10 0 0 7 0 0 0 0 0 0 0 0 0 0 0 0 5 0 0 0 15 0 224 253 117 16 0 10 0 0 7 0 0 0 0 0 0 0 0 0 0 0 0 0 0 0 9 7 0 142 242 203 37 0 0 8 0 0 9 2 0 0 0 0 0 0 0 0 0 0 0 0 0 12 0 0 2 194 251 107 0 0 2 5 0 0 5 0 0 0 0 0 0 0 0 0 0 0 0 0 0 13 5 4 132 244 214 0 2 6 1 0 2 4 0 0 0 0 0 0 0 0 0 0 0 0 0 0 10 0 0 16 202 255 108 0 3 2 0 0 5 2 0 1 0 0 0 0 0 0 0 0 0 0 0 0 5 0 0 181 255 199 0 0 0 0 0 4 6 0 0 9 0 0 0 0 0 0 0 0 0 0 0 0 0 0 22 233 235 108 1 0 0 1 6 8 2 0 0 3 0 0 0 0 0 0 0 0 0 0 0 0 0 12 163 244 255 216 146 5 1 0 0 0 0 4 7 0 0 0 0 0 0 0 0 0 0 0 0 0 2 12 232 248 251 171 11 0 0 0 0 0 0 0 0 0 0 0 0 0 0 0 0 0 0 0 0 0 3 0 244 252 49 0 27 0 0 0 0 0 0 0 0 0 0 0 0 0 0 0 0 0 0 0 0 0 7 0 0 0 8 2 0 0 0 0 0 0 0 0 0 0 0 0 0 0 0 0 0 0 0 0 0 0 0 5 0 4 0 4 8 13 0 0 0 0 0 0 0 0 0 0 0 0
0 0 0 0 0 0 0 0 0 0 0 0 0 0 0 0 0 0 0 0 0 0 0 0 0 0 0 0 0 0 0 0 0 0 0 0 0 0 0 0 0 0 0 0 0 0 0 0 0 0 0 0 0 0 0 0 0 0 0 0 0 0 0 0 0 0 0 0 0 0 0 0 0 0 0 0 0 0 0 0 0 0 0 0 0 0 0 0 0 0 0 0 0 0 0 0 0 0 0 0 0 0 0 0 0 0 0 0 0 0 0 0 0 0 0 0 0 0 0 0 0 0 0 0 0 0 0 0 0 0 0 0 0 0 0 0 0 0 0 0 0 0 0 0 0 0 0 0 0 0 0 0 0 0 0 0 0 0 0 0 0 0 0 0 0 0 0 0 0 0 0 0 0 0 0 0 0 0 0 0 0 0 0 0 0 0 0 0 0 0 0 0 0 0 0 0 0 0 0 0 0 0 0 0 0 0 0 0 0 0 0 0 0 0 0 0 0 0 0 0 0 0 0 0 10 0 7 0 0 83 205 240 255 255 242 255 255 245 255 255 248 255 217 87 0 5 1 0 0 0 0 0 0 0 0 4 18 105 206 240 71 165 197 181 178 192 160 67 192 177 244 244 32 0 0 10 0 0 0 0 14 4 0 0 0 0 22 25 3 10 4 9 5 0 5 2 0 0 202 244 94 0 0 1 0 0 0 0 0 0 0 7 14 8 0 1 0 0 0 0 0 0 0 0 9 57 225 228 12 2 18 0 0 0 0 0 1 2 0 0 4 0 0 4 6 9 5 0 0 10 9 0 16 206 255 129 0 3 0 14 0 0 0 0 0 3 0 0 3 0 0 7 0 0 1 11 13 2 0 0 105 255 255 90 7 0 11 0 0 0 0 0 0 2 7 7 5 3 0 0 0 0 6 0 0 2 0 14 182 255 104 19 0 8 0 13 0 0 0 0 6 3 2 0 0 0 6 0 10 0 5 9 3 0 6 51 255 227 54 0 7 0 14 0 0 0 0 0 0 0 0 0 0 0 0 0 4 0 5 0 7 0 7 132 252 166 0 0 7 0 7 0 0 0 0 0 0 0 0 0 0 0 0 0 0 11 2 0 0 3 19 241 250 49 0 0 0 3 4 2 0 0 0 0 0 0 0 0 0 0 0 0 5 0 0 22 2 7 143 230 207 0 17 10 0 8 0 0 0 0 0 0 0 0 0 0 0 0 0 0 0 21 0 0 0 55 224 255 58 0 0 0 4 1 0 6 0 0 0 0 0 0 0 0 0 0 0 0 0 0 1 0 2 250 240 173 0 9 0 0 3 2 0 8 0 0 0 0 0 0 0 0 0 0 0 0 12 0 13 0 11 255 230 99 16 2 4 12 0 11 0 3 0 0 0 0 0 0 0 0 0 0 0 0 0 13 0 0 183 249 119 0 5 0 0 0 0 7 0 4 0 0 0 0 0 0 0 0 0 0 0 0 7 0 13 61 236 253 47 0 0 6 8 0 7 0 8 0 0 0 0 0 0 0 0 0 0 0 0 0 0 0 2 134 245 178 4 0 0 0 0 0 0 0 0 0 0 0 0 0 0 0 0 0 0 0 0 0 0 13 0 178 255 51 0 10 0 0 0 0 0 0 0 0 0 0 0 0 0 0 0 0 0 0 0 0 0 20 0 141 254 0 0 1 0 0 0 0 0 0 0 0 0 0 0 0 0 0 0 0 0 0 0 0 0 0 0 62 232 8 9 0 0 0 0 0 0 0 0 0 0 0 0 0
0 0 0 0 0 0 0 0 6 0 0 15 0 7 21 0 3 13 0 0 11 0 0 4 0 0 0 0 0 0 0 0 0 0 0 0 0 10 14 0 3 2 0 1 9 0 14 5 0 13 2 0 0 0 0 0 0 0 0 0 0 0 0 0 4 0 0 1 8 11 0 0 5 10 4 5 1 0 4 0 0 0 0 0 0 0 0 0 0 0 0 0 8 0 11 6 0 0 2 12 0 15 0 0 10 0 5 1 0 0 0 0 0 0 0 0 0 0 0 0 0 9 2 0 22 0 12 0 10 0 13 10 0 1 0 0 0 0 0 0 0 0 0 0 0 0 0 0 20 0 0 29 0 0 0 0 0 19 0 0 0 0 5 10 0 0 0 0 0 0 0 0 0 0 0 0 0 0 138 245 89 72 46 52 141 230 90 8 23 0 0 0 0 0 0 0 0 0 0 0 0 0 0 0 0 5 247 255 248 250 255 234 245 255 160 6 0 5 7 0 0 0 0 0 0 0 0 0 0 0 0 0 0 15 234 249 255 237 148 169 168 255 146 0 11 0 0 1 0 0 0 0 0 0 0 0 0 0 0 0 6 58 255 250 58 13 5 0 111 223 59 0 0 0 7 1 0 0 0 0 0 0 0 0 0 0 0 0 12 153 248 146 0 0 7 0 162 253 22 10 3 0 8 0 0 0 0 0 0 0 0 0 0 0 0 0 14 248 255 41 0 1 5 32 224 247 0 11 0 0 8 0 0 0 0 0 0 0 0 0 0 0 0 0 21 186 196 27 2 0 0 76 255 189 0 0 0 0 2 2 0 0 0 0 0 0 0 0 0 0 0 0 0 22 15 0 0 6 0 168 255 118 16 0 5 1 0 0 0 0 0 0 0 0 0 0 0 0 0 0 4 8 0 8 0 4 42 255 211 28 0 0 1 4 5 0 0 0 0 0 0 0 0 0 0 0 0 0 0 0 9 1 0 15 109 251 195 0 0 2 0 0 5 0 0 0 0 0 0 0 0 0 0 0 0 0 9 0 8 0 0 2 192 255 58 20 0 0 5 0 0 7 0 0 0 0 0 0 0 0 0 0 0 0 0 5 1 2 0 83 254 206 18 0 0 0 3 0 0 0 0 0 0 0 0 0 0 0 0 0 0 0 7 0 3 5 0 145 246 157 0 0 0 1 2 0 0 1 0 0 0 0 0 0 0 0 0 0 0 0 0 7 20 0 11 218 249 48 0 2 3 0 0 0 3 4 0 0 0 0 0 0 0 0 0 0 0 0 0 12 0 8 155 244 183 0 2 4 2 0 0 0 0 0 0 0 0 0 0 0 0 0 0 0 0 0 3 0 13 0 170 255 134 0 0 0 1 0 1 3 0 0 0 0 0 0 0 0 0 0 0 0 0 0 0 18 8 15 255 251 64 105 0 0 2 6 5 2 1 2 0 0 0 0 0 0 0 0 0 0 0 0 1 0 0 166 255 245 247 99 0 0 0 1 0 0 0 8 0 0 0 0 0 0 0 0 0 0 0 0 0 7 3 207 255 241 96 0 0 0 0 0 0 0 0 0 0 0 0 0 0 0 0 0 0 0 0 0 7 0 37 249 252 110 4 7 0 0 0 0 0 0 0 0 0 0 0 0 0 0 0 0 0 0 0 0 1 15 0 1 0 0 7 0 0 0 0 0 0 0 0 0 0 0 0 0 0 0 0 0 0 0 0 0 3 0 0 5 15 0 2 2 0 0 0 0 0 0 0 0 0 0 0 0
0 0 0 0 0 0 0 0 0 2 0 2 5 0 3 0 2 0 0 0 7 0 0 7 0 0 0 0 0 0 0 0 0 0 0 0 0 2 0 0 0 2 7 1 0 0 1 3 10 5 0 0 0 0 0 0 0 0 0 0 0 0 0 0 0 2 8 0 0 9 0 0 0 5 0 0 0 0 1 7 0 0 0 0 0 0 0 0 0 0 0 0 0 0 1 0 0 1 0 0 2 8 5 3 7 1 0 0 0 0 0 0 0 0 0 0 0 0 0 0 10 0 0 3 3 1 1 14 0 0 0 0 8 1 0 11 0 0 0 0 0 0 0 0 0 0 0 0 0 2 0 12 8 0 0 0 10 10 3 2 5 0 0 2 0 0 0 0 0 0 0 0 0 0 0 0 0 21 0 0 0 0 22 1 0 3 0 0 0 6 4 0 0 0 0 0 0 0 0 0 0 0 0 0 190 218 153 139 147 178 255 248 255 244 154 41 0 0 4 0 0 0 0 0 0 0 2 5 0 0 14 39 249 242 255 255 247 253 249 255 254 255 252 221 19 0 0 0 0 0 0 0 3 0 0 2 0 0 3 17 173 255 223 252 255 255 237 255 255 248 254 255 2 3 0 4 0 0 0 0 6 0 0 1 3 0 0 0 43 109 110 217 211 171 101 120 244 243 255 241 0 11 5 2 0 0 0 0 4 0 0 2 5 2 0 0 0 0 3 0 0 7 4 79 240 255 255 127 0 0 4 0 0 0 0 0 1 0 0 1 2 1 2 5 3 0 1 7 16 0 11 202 248 255 208 20 14 5 9 10 0 0 0 0 0 1 1 0 0 0 0 3 0 7 0 12 1 62 148 255 246 250 140 9 48 41 25 29 0 0 0 0 0 0 1 0 0 0 0 0 6 11 127 229 199 214 252 253 253 255 205 189 243 255 255 199 0 0 0 0 0 0 0 0 3 4 2 0 0 49 250 253 248 252 255 249 255 252 252 255 255 250 235 66 0 0 0 0 0 0 0 0 0 0 0 0 0 32 239 241 255 255 236 255 255 251 255 251 200 110 34 0 0 0 0 0 0 0 0 0 0 0 0 0 0 33 64 248 255 247 255 184 79 61 47 39 22 0 0 0 0 0 0 0 0 0 0 0 0 0 0 0 0 0 4 221 244 240 237 9 0 0 0 4 6 4 4 7 0 0 0 0 0 0 0 0 0 0 0 0 18 0 44 252 255 255 51 0 0 1 1 0 0 0 0 0 0 0 0 0 0 0 0 0 0 0 0 0 0 0 186 240 236 217 18 3 1 4 1 0 0 2 6 4 0 0 0 0 0 0 0 0 0 0 0 0 2 40 254 248 255 40 7 3 0 0 0 2 3 4 0 0 0 0 0 0 0 0 0 0 0 0 0 0 0 235 255 242 213 13 0 0 13 7 1 0 0 0 2 7 0 0 0 0 0 0 0 0 0 0 0 0 62 238 248 255 116 0 18 0 0 0 0 4 4 0 0 0 0 0 0 0 0 0 0 0 0 0 0 0 107 255 243 245 54 0 1 0 0 0 0 0 0 0 0 0 0 0 0 0 0 0 0 0 0 0 0 0 38 249 255 205 0 5 2 1 0 0 0 0 0 0 0 0 0 0 0 0 0 0 0 0 0 0 0 0 2 103 176 79 10 0 6 0 0 0 0 0 0 0 0 0 0 0 0 0 0 0 0 0 0 0 0 0 0 0 17 10 0 8 0 2 0 0 0 0 0 0 0 0 0 0 0 0
0 0 0 0 0 0 0 0 0 0 0 0 0 0 0 0 0 3 0 0 0 0 0 7 0 0 0 0 0 0 0 0 0 0 0 0 0 0 0 0 0 0 0 0 2 0 0 3 8 7 0 0 0 0 0 0 0 0 0 0 0 0 0 0 0 0 0 0 0 0 0 0 4 0 2 2 0 0 3 0 0 0 0 0 0 0 0 0 0 0 0 0 0 0 0 0 0 0 0 0 4 0 0 2 0 0 7 2 0 0 0 0 0 0 0 0 0 0 0 0 0 0 0 0 0 0 0 0 3 0 0 3 9 10 2 0 0 0 0 0 0 0 0 0 0 0 0 0 0 0 0 0 0 0 0 0 0 5 1 0 0 0 0 5 0 0 0 0 0 0 0 0 0 0 0 0 0 0 0 0 0 0 0 0 0 12 1 0 15 8 0 16 0 0 0 0 0 0 0 0 0 0 0 0 0 0 0 0 0 0 0 0 0 9 0 11 81 74 10 0 0 0 0 0 2 0 13 3 0 6 0 2 0 1 4 0 7 3 0 3 0 14 60 176 255 243 5 0 0 0 0 0 0 0 204 108 0 0 15 0 0 0 0 0 0 8 13 36 149 219 245 242 255 157 1 0 0 0 0 0 2 1 255 242 216 169 122 104 112 97 106 119 157 211 227 230 255 248 255 255 237 42 0 4 0 0 0 0 0 0 127 234 255 251 255 255 255 244 255 255 250 247 202 150 94 51 156 254 184 0 9 0 0 0 0 0 0 33 0 73 195 250 243 255 179 177 188 150 93 62 23 0 9 97 234 255 94 0 4 0 0 0 0 0 0 0 9 2 0 18 35 12 15 12 20 0 0 0 0 8 0 196 255 155 2 0 0 21 0 0 0 0 19 0 0 0 11 5 0 3 0 0 0 0 8 10 0 0 101 255 218 73 7 3 0 2 0 0 0 0 0 9 0 4 5 0 0 7 2 3 3 0 2 1 0 12 207 254 135 0 0 2 7 0 0 0 0 0 0 0 0 0 0 0 0 0 7 0 3 0 0 2 7 138 255 189 25 15 0 5 4 0 0 0 0 0 0 0 0 0 0 0 0 0 0 17 0 23 1 0 42 233 223 89 7 0 6 0 0 0 0 0 0 0 0 0 0 0 0 0 0 0 0 0 0 0 0 0 156 255 205 0 6 64 0 0 0 9 0 0 0 0 0 0 0 0 0 0 0 0 12 0 8 0 3 100 255 214 33 0 115 152 3 2 0 0 0 0 0 0 0 0 0 0 0 0 0 0 0 0 0 7 18 191 247 153 4 157 240 88 7 0 6 0 0 0 0 0 0 0 0 0 0 0 0 0 2 6 0 15 137 253 255 246 250 246 144 6 0 0 3 2 0 0 0 0 0 0 0 0 0 0 0 0 0 0 1 0 223 253 255 255 255 102 0 3 2 5 0 0 0 0 0 0 0 0 0 0 0 0 0 0 0 9 4 4 239 255 224 159 38 0 14 0 8 0 9 0 0 0 0 0 0 0 0 0 0 0 0 0 7 0 0 12 47 59 28 0 0 0 0 0 0 0 0 0 0 0 0 0 0 0 0 0 0 0 0 0 0 0 0 1 8 13 7 0 0 0 0 0 0 0 0 0 0 0 0 0 0 0 0 0 0 0 0 0 0 2 6 0 0 0 0 4 0 0 0 0 0 0 0 0 0 0 0 0 0 0 0 0 0 0 0 0 0 1 3 3 2 2 1 0 0 0 0 0 0 0 0 0 0 0 0 0
1 0 0 10 3 0 0 0 1 0 3 0 0 1 0 0 7 0 0 5 9 3 0 0 0 0 0 0 2 1 0 0 0 0 0 1 1 0 0 0 0 3 2 5 0 0 0 0 0 0 6 15 0 0 0 0 0 2 0 0 5 8 3 3 3 3 0 0 0 0 0 0 0 5 7 1 0 0 0 0 0 0 0 0 1 6 0 0 3 0 0 0 1 5 0 3 2 0 2 0 0 0 0 0 4 10 6 0 0 0 0 0 8 1 0 1 6 1 2 13 0 0 0 2 4 0 7 0 4 4 0 0 0 3 5 3 0 0 0 0 0 0 2 9 0 0 0 0 0 11 0 7 5 0 4 0 0 0 2 4 0 0 0 0 0 0 0 0 4 0 7 0 0 15 50 36 68 128 171 228 224 158 109 46 12 0 0 3 7 1 1 9 0 0 0 0 4 0 5 0 11 127 238 246 248 255 243 255 255 240 255 243 121 60 5 0 0 0 0 0 0 0 0 0 0 1 17 0 0 120 243 255 254 255 248 245 251 184 250 255 251 210 41 0 0 11 3 0 0 0 0 0 17 0 0 10 0 0 56 88 75 3 0 7 20 0 12 181 255 252 209 14 0 0 0 9 0 0 0 0 1 0 0 16 2 0 0 10 7 0 9 0 0 18 0 109 253 243 255 0 2 9 0 0 0 0 0 0 0 8 7 0 0 6 4 0 1 0 20 3 4 5 16 132 248 255 255 5 0 0 1 0 0 0 0 0 10 4 0 0 1 0 0 4 9 0 0 0 7 0 11 208 247 255 254 3 0 0 3 0 0 0 0 0 1 0 0 1 10 3 0 9 0 14 15 0 7 9 0 215 252 246 255 0 3 15 1 0 0 0 0 0 0 4 6 0 0 0 0 0 0 0 0 0 1 3 57 249 255 255 229 23 0 0 0 7 0 0 0 0 5 0 1 6 0 0 4 9 10 0 7 8 0 2 192 251 251 235 78 8 0 3 1 0 0 0 0 0 0 0 0 0 0 0 0 0 3 5 0 1 2 9 247 255 248 192 0 0 0 0 9 0 0 0 0 0 0 0 0 0 0 0 0 0 0 0 0 0 15 28 255 244 255 164 6 12 5 0 2 0 0 0 0 0 0 0 0 0 0 0 0 0 6 6 5 0 0 57 255 246 238 96 0 1 0 0 9 3 0 0 0 0 0 0 0 0 0 0 0 0 0 8 0 5 11 162 253 255 255 80 10 0 0 0 13 0 0 0 0 0 0 0 0 0 0 0 0 0 0 5 0 9 84 255 243 250 255 53 4 0 0 0 8 0 0 0 0 0 0 0 0 0 0 0 0 0 9 1 3 0 116 253 253 250 193 10 0 0 6 0 0 9 0 0 0 0 0 0 0 0 0 0 0 0 0 0 0 19 159 245 255 206 112 11 3 9 6 0 0 3 0 0 0 0 0 0 0 0 0 0 0 0 3 0 4 116 238 255 238 59 4 0 5 0 0 8 2 0 0 0 0 0 0 0 0 0 0 0 0 0 0 0 1 177 246 249 255 48 0 0 0 0 0 0 0 0 0 0 0 0 0 0 0 0 0 0 0 0 4 17 0 85 244 185 37 10 0 0 0 0 0 0 0 0 0 0 0 0 0 0 0 0 0 0 0 0 12 0 0 0 2 9 0 8 0 0 0 0 0 0 0 0 0 0 0 0 0 0 0 0 0 0 0 0 0 4 20 11 0 4 17 0 0 0 0 0 0 0 0 0 0 0 0 0
13 0 0 0 0 0 1 5 7 2 0 0 3 0 0 9 0 0 0 0 20 0 3 0 0 0 0 0 0 0 8 5 0 0 0 0 0 0 0 2 8 8 0 0 6 5 0 0 0 0 1 2 0 0 0 0 1 0 0 0 0 4 8 9 1 0 1 0 0 0 2 0 1 0 8 2 0 0 0 0 0 0 0 0 10 0 0 3 4 0 0 0 4 0 7 6 0 0 4 4 1 0 10 3 5 8 9 5 0 0 0 0 0 0 0 4 3 0 4 13 0 0 0 5 3 0 0 0 18 0 5 0 6 0 0 0 0 0 0 0 1 4 0 0 0 8 1 0 13 7 0 0 6 4 0 0 0 1 0 0 24 0 10 6 0 0 0 0 0 0 3 7 0 0 0 7 0 13 6 0 6 8 0 8 0 38 0 0 0 0 0 0 0 0 0 0 4 0 0 9 0 0 109 245 124 228 255 246 255 255 239 253 180 248 113 74 9 7 0 0 0 0 0 0 0 0 0 5 5 65 203 251 254 251 254 255 241 242 255 252 253 247 252 195 28 0 0 2 0 0 0 0 0 5 0 12 0 37 177 246 249 250 246 255 255 250 246 250 252 255 252 178 15 0 0 2 0 0 0 0 13 4 0 0 0 22 155 234 83 93 85 73 75 88 140 216 226 255 254 163 6 0 0 1 0 0 0 0 0 0 2 22 2 0 0 0 0 0 4 4 2 0 0 5 182 249 255 162 8 2 0 0 0 0 0 0 6 3 0 0 0 4 11 0 13 0 0 0 0 13 10 2 162 242 255 164 7 1 0 0 0 0 0 0 0 5 1 0 0 4 4 0 0 0 20 12 0 0 0 0 185 246 255 162 0 0 0 1 0 0 0 0 0 0 5 0 0 0 0 1 5 0 0 0 9 10 0 52 226 254 253 163 0 0 1 0 0 0 0 0 0 0 2 1 4 0 0 6 0 8 7 0 8 0 4 151 252 255 249 168 2 0 5 0 0 0 0 0 0 0 0 0 0 0 0 0 7 0 10 0 8 6 38 236 252 244 255 81 0 1 0 0 0 0 0 0 0 0 0 0 0 0 0 0 2 0 0 3 1 0 79 245 255 255 199 25 7 0 9 1 0 0 0 0 0 0 0 0 0 0 0 0 0 5 0 7 3 0 150 252 253 255 100 0 9 0 10 0 0 0 0 0 0 0 0 0 0 0 0 0 1 1 2 0 5 29 216 253 247 214 15 0 0 10 0 0 0 0 0 0 0 0 0 0 0 0 0 0 1 1 6 0 0 112 248 252 247 129 0 3 0 14 0 0 0 0 0 0 0 0 0 0 0 0 0 0 0 7 0 2 0 202 249 253 242 44 0 0 4 0 2 5 0 0 0 0 0 0 0 0 0 0 0 0 0 5 0 2 12 246 249 252 217 0 6 0 7 0 7 4 0 0 0 0 0 0 0 0 0 0 0 0 0 0 3 0 50 248 255 250 188 0 3 3 3 0 1 0 0 0 0 0 0 0 0 0 0 0 0 0 4 0 9 0 144 245 255 247 88 0 0 0 0 9 0 2 0 0 0 0 0 0 0 0 0 0 0 0 6 0 0 34 122 255 253 253 75 1 1 0 0 8 0 0 0 0 0 0 0 0 0 0 0 0 0 0 0 22 0 0 0 229 255 208 46 0 6 2 0 7 0 0 0 0 0 0 0 0 0 0 0 0 0 0 9 0 0 28 0 16 4 5 12 0 4 0 0 5 0 0 0 0 0 0
0 0 0 0 0 0 0 0 3 5 1 0 0 0 0 0 6 3 0 0 0 0 0 2 0 0 0 0 0 0 0 0 0 0 0 0 0 0 0 3 4 5 4 1 0 0 6 10 6 0 0 0 0 0 0 0 0 0 0 0 0 0 0 0 14 9 3 0 0 0 0 0 6 5 2 0 0 0 1 4 0 0 0 0 0 0 0 0 0 0 0 0 0 0 0 8 10 5 2 5 0 0 0 0 2 5 2 0 0 0 0 0 0 0 0 0 0 0 0 0 2 0 0 0 2 0 0 0 8 7 5 2 0 0 0 1 0 0 0 0 0 0 0 0 0 0 0 0 4 5 3 1 4 9 8 4 0 0 0 0 0 0 0 8 0 0 0 0 0 0 0 0 0 0 0 0 0 3 5 0 0 0 0 0 16 10 3 2 4 4 0 0 0 0 0 0 0 0 0 0 0 0 0 0 0 6 0 0 26 114 204 253 255 174 69 4 0 3 6 0 0 0 0 0 0 4 0 3 10 0 0 8 128 121 193 255 253 249 255 253 255 245 255 4 0 2 0 9 0 0 0 0 0 16 1 0 61 196 251 245 255 255 245 248 255 196 118 134 128 255 255 113 15 11 0 2 0 0 0 0 14 0 26 0 255 240 255 255 249 237 153 45 0 0 0 1 0 129 246 250 4 0 11 0 0 0 0 0 5 0 1 0 201 255 238 254 255 66 0 19 11 0 2 8 18 120 253 255 18 0 0 0 0 0 0 0 0 8 7 8 0 73 12 0 6 6 1 0 0 0 0 0 0 128 252 245 0 0 28 0 0 0 0 0 6 0 9 0 0 0 3 8 0 13 4 0 7 4 0 13 57 255 200 129 19 0 0 5 0 0 0 0 0 12 1 0 8 9 0 0 16 0 0 1 0 0 0 2 127 255 123 0 0 1 7 4 0 0 0 0 0 0 0 12 0 0 5 0 0 3 11 4 0 4 7 0 63 255 255 0 9 0 2 0 0 0 0 0 0 0 0 0 0 0 0 0 0 4 3 4 4 0 1 0 198 244 255 0 0 4 6 0 0 0 0 0 0 0 0 0 0 0 0 0 3 0 0 0 0 9 0 10 251 255 118 9 7 0 0 1 0 0 0 0 0 0 0 0 0 0 0 0 0 4 9 12 0 0 0 66 255 252 139 0 0 1 2 0 0 0 0 0 0 0 0 0 0 0 0 0 7 2 0 5 6 10 71 179 255 185 3 3 14 1 5 0 0 0 0 0 0 0 0 0 0 0 0 0 2 6 0 0 0 0 130 255 247 121 1 1 0 0 7 1 0 0 0 0 0 0 0 0 0 0 0 0 0 5 3 6 17 69 183 255 198 4 5 0 30 0 0 2 0 0 0 0 0 0 0 0 0 0 0 0 9 0 0 5 63 240 255 252 0 10 0 4 0 0 19 3 0 0 0 0 0 0 0 0 0 0 0 0 1 0 10 0 0 255 255 254 1 2 7 0 10 1 0 2 0 0 0 0 0 0 0 0 0 0 0 0 0 0 8 2 196 241 255 120 0 0 0 0 0 0 0 0 0 0 0 0 0 0 0 0 0 0 0 0 0 0 8 59 235 255 240 72 0 0 0 0 0 0 0 0 0 0 0 0 0 0 0 0 0 0 0 0 22 3 0 71 207 238 147 0 0 0 0 0 0 0 0 0 0 0 0 0 0 0 0 0 0 0 0 0 0 5 0 3 0 0 12 9 0 0 0 0 0 0 0 0 0 0 0 0
0 0 0 0 0 0 0 0 0 0 5 0 0 0 1 0 1 0 7 0 0 5 0 0 0 0 0 0 0 0 0 0 0 0 0 0 0 0 4 2 5 5 11 4 0 0 0 0 0 10 4 0 0 0 0 0 0 0 0 0 0 0 0 0 5 0 0 3 0 0 0 0 0 6 0 0 0 2 5 0 0 0 0 0 0 0 0 0 0 0 0 0 0 0 0 8 0 3 8 14 0 8 3 9 3 0 1 0 0 0 0 0 0 0 0 0 0 0 0 0 0 3 0 0 0 0 0 4 0 0 0 2 5 0 1 6 0 0 0 0 0 0 0 0 0 0 0 0 6 6 0 0 24 2 0 2 16 4 6 0 0 9 0 4 0 0 0 0 0 0 0 0 0 0 0 0 0 0 0 10 142 138 127 135 125 121 121 34 0 12 0 0 0 0 0 0 0 0 0 0 0 0 0 0 0 0 6 47 248 255 250 254 248 255 255 98 0 12 0 4 0 0 0 0 0 0 0 0 0 0 0 0 0 8 3 108 255 250 141 169 83 121 255 219 19 0 4 0 0 0 0 0 0 0 0 0 0 0 0 0 8 0 0 171 246 255 74 0 5 163 251 247 28 0 7 0 0 0 0 0 0 0 0 0 0 0 0 0 0 6 36 223 242 213 31 6 0 211 252 195 21 0 0 0 0 0 0 0 0 0 0 0 0 0 0 0 0 4 99 255 252 120 0 2 107 251 254 73 6 0 0 2 0 0 0 0 0 0 0 0 0 0 0 0 0 2 156 255 164 16 0 49 224 255 215 1 5 0 3 3 0 0 0 0 0 0 0 0 0 0 0 0 9 0 17 76 34 0 0 71 254 225 126 4 8 0 8 0 0 0 0 0 0 0 0 0 0 0 0 0 0 11 0 5 0 0 11 151 251 120 43 8 3 0 0 0 0 0 0 0 0 0 0 0 0 0 0 0 7 0 0 8 0 3 84 232 255 28 8 0 0 12 0 13 0 0 0 0 0 0 0 0 0 0 0 0 0 0 0 14 0 1 200 247 254 53 0 4 0 3 0 6 0 0 0 0 0 0 0 0 0 0 0 0 2 15 0 0 0 35 241 255 153 21 0 5 0 6 0 1 0 0 0 0 0 0 0 0 0 0 0 0 0 0 1 4 15 182 242 239 45 0 3 2 0 6 0 0 0 0 0 0 0 0 0 0 0 0 0 0 11 0 3 0 66 255 246 185 0 0 8 0 0 3 0 4 0 0 0 0 0 0 0 0 0 0 0 0 0 0 6 28 182 233 233 68 1 0 6 0 0 1 0 4 0 0 0 0 0 0 0 0 0 0 0 0 0 0 7 136 255 255 143 0 5 0 0 3 4 1 0 0 0 0 0 0 0 0 0 0 0 0 0 0 18 0 30 203 248 227 42 4 3 0 0 4 0 0 4 0 0 0 0 0 0 0 0 0 0 0 0 0 0 5 89 244 255 93 0 3 1 0 0 0 0 0 11 0 0 0 0 0 0 0 0 0 0 0 0 0 1 24 255 255 203 6 0 0 0 0 0 0 0 0 0 0 0 0 0 0 0 0 0 0 0 0 0 0 0 49 238 234 146 1 0 13 0 0 0 0 0 0 0 0 0 0 0 0 0 0 0 0 0 0 0 0 19 0 7 0 2 8 0 0 0 0 0 0 0 0 0 0 0 0 0 0 0 0 0 0 0 0 0 0 0 0 10 1 0 6 0 1 0 0 0 0 0 0 0 0 0 0 0 0
0 0 0 0 0 0 0 0 1 0 0 0 0 0 0 0 5 0 1 13 0 0 0 6 0 0 0 0 0 0 0 0 0 0 0 0 0 0 0 0 0 0 1 1 0 5 0 0 0 9 6 0 0 0 0 0 0 0 0 0 0 0 0 0 0 0 0 1 1 1 1 1 0 7 0 0 11 5 0 0 0 0 0 0 0 0 0 0 0 0 0 0 0 0 0 0 1 0 0 0 0 2 4 3 3 0 1 8 0 0 0 0 0 0 0 0 0 0 0 0 0 0 0 0 0 0 0 0 7 2 6 0 0 0 7 0 0 0 0 0 0 0 0 0 0 0 0 0 1 0 0 0 0 0 0 0 5 0 0 16 14 9 9 2 0 0 0 0 0 0 0 0 0 0 0 0 2 0 0 0 0 1 4 6 0 14 1 0 0 0 0 0 0 0 0 0 0 0 0 0 0 0 0 0 1 0 0 0 0 5 10 13 147 243 167 8 0 18 6 4 0 0 0 0 0 0 8 0 0 9 0 0 24 107 148 159 105 145 191 253 255 249 252 73 2 5 0 0 0 0 0 0 0 4 4 0 2 0 19 109 250 255 238 255 240 255 246 253 184 255 254 63 0 5 0 7 0 0 0 0 0 6 0 0 14 0 63 250 245 247 245 255 210 149 73 57 40 238 255 69 0 0 0 11 0 0 0 0 0 2 0 0 10 0 78 255 255 255 182 86 0 0 0 0 0 228 246 75 0 1 0 0 0 0 0 0 5 0 1 0 0 0 41 136 142 41 0 0 18 6 0 16 67 254 238 73 0 8 7 0 0 0 0 0 0 0 7 6 0 1 3 11 0 6 8 2 0 0 0 0 120 255 252 80 0 0 9 0 0 0 0 0 0 0 5 5 1 8 0 0 7 0 0 0 6 9 5 0 124 255 244 59 0 0 0 6 0 0 0 0 8 0 0 0 0 3 0 10 0 0 0 1 0 0 0 2 150 251 206 7 0 5 0 0 0 0 0 0 0 0 0 0 0 0 0 0 0 11 2 6 0 0 11 0 253 248 210 0 7 0 6 0 0 0 0 0 0 0 0 0 0 0 0 0 5 0 0 0 5 10 0 51 244 238 91 0 7 0 1 10 0 0 0 0 0 0 0 0 0 0 0 0 5 0 6 0 3 4 0 156 251 241 0 2 4 0 0 7 0 0 0 0 0 0 0 0 0 0 0 0 1 0 11 1 2 0 56 239 255 211 0 9 0 5 0 0 0 0 0 0 0 0 0 0 0 0 0 0 7 0 0 0 6 1 158 255 255 121 6 0 0 9 4 0 0 0 0 0 0 0 0 0 0 0 0 0 0 10 0 0 1 35 229 253 225 36 4 0 2 2 0 1 0 0 0 0 0 0 0 0 0 0 0 0 0 10 5 1 2 112 253 255 135 5 0 0 6 0 0 0 0 0 0 0 0 0 0 0 0 0 0 0 0 0 0 0 18 199 255 253 29 2 0 13 1 0 9 0 0 0 0 0 0 0 0 0 0 0 0 0 0 15 0 0 162 250 255 218 0 0 0 0 0 0 0 0 0 0 0 0 0 0 0 0 0 0 0 0 17 0 0 22 161 255 248 98 0 0 0 0 0 0 0 0 0 0 0 0 0 0 0 0 0 0 0 0 0 0 18 0 84 249 245 14 0 0 0 0 0 0 0 0 0 0 0 0 0 0 0 0 0 0 0 0 11 0 8 5 2 0 7 8 0 0 0 0 0 0 0 0 0 0 0 0
9 0 0 0 1 0 0 0 0 2 0 0 10 6 0 0 0 6 4 0 10 0 5 1 0 0 0 0 0 0 0 4 7 5 3 3 6 6 3 5 0 0 4 9 0 0 0 0 10 0 7 0 0 0 0 0 0 1 3 2 0 0 0 0 2 0 0 7 0 4 0 0 8 0 11 0 0 0 3 5 0 0 0 0 3 5 2 0 0 0 0 0 1 3 0 12 0 15 2 1 0 0 10 7 0 1 0 0 0 0 0 0 2 1 0 0 0 4 4 0 0 10 0 0 0 0 0 11 21 8 2 0 0 7 2 0 0 0 0 0 1 0 0 2 1 0 0 0 2 7 1 0 14 6 0 0 0 4 0 1 0 0 0 7 0 0 0 0 3 0 0 4 0 0 0 15 8 0 9 0 0 0 16 0 0 35 0 7 16 0 0 0 0 0 0 0 3 0 0 4 0 0 23 62 208 179 234 195 138 136 244 252 251 210 23 0 1 0 8 2 0 0 0 0 0 0 6 0 0 0 16 210 251 254 250 254 253 249 255 243 253 246 115 0 6 1 6 0 0 0 0 0 3 0 0 0 2 8 0 108 224 255 251 222 215 206 250 253 255 252 133 0 7 0 4 0 0 0 0 0 0 3 0 0 3 10 0 16 19 34 17 13 26 14 93 194 252 253 147 0 4 0 0 1 0 0 0 0 0 6 0 0 0 0 0 0 0 0 0 7 10 0 0 154 252 254 143 0 5 0 0 1 0 0 0 0 0 4 1 1 0 0 9 1 2 7 10 9 0 14 0 164 255 253 117 1 8 1 5 2 0 0 0 0 4 1 0 0 8 0 3 0 1 0 0 0 0 20 10 255 251 247 71 0 2 0 5 0 0 0 0 0 3 0 4 0 11 0 0 0 7 0 1 10 0 0 5 245 248 247 30 0 0 0 5 0 0 0 0 0 0 0 12 0 5 0 0 9 0 8 1 0 8 1 70 255 254 255 13 8 0 0 11 0 0 0 0 0 0 0 0 0 0 0 0 0 2 0 1 7 4 0 227 255 243 189 11 1 0 0 3 1 0 0 0 0 0 0 0 0 0 0 0 0 5 2 1 0 0 0 220 244 255 177 14 0 1 4 2 0 0 0 0 0 0 0 0 0 0 0 0 0 0 2 0 0 6 13 240 250 246 108 0 0 2 1 0 1 0 0 0 0 0 0 0 0 0 0 0 0 0 2 0 0 12 49 255 255 205 40 0 0 5 0 0 6 0 0 0 0 0 0 0 0 0 0 0 0 0 4 0 0 6 84 255 248 235 40 8 3 9 1 0 6 0 0 0 0 0 0 0 0 0 0 0 0 1 1 0 0 1 133 255 246 255 51 4 0 0 4 0 0 0 0 0 0 0 0 0 0 0 0 0 0 1 0 1 3 0 183 255 254 200 26 0 0 0 3 0 0 0 0 0 0 0 0 0 0 0 0 0 0 6 0 2 5 0 206 251 251 125 0 0 12 0 4 0 2 0 0 0 0 0 0 0 0 0 0 0 0 3 7 0 0 18 217 243 229 0 0 0 0 0 0 0 0 0 0 0 0 0 0 0 0 0 0 0 0 0 5 11 8 51 247 255 223 0 0 0 0 0 0 0 0 0 0 0 0 0 0 0 0 0 0 0 0 27 4 0 0 67 212 176 80 0 0 0 0 0 0 0 0 0 0 0 0 0 0 0 0 0 0 0 0 0 0 15 0 0 7 5 0 0 0 0 0 0 0 0 0 0 0 0 0
0 0 0 0 0 0 0 0 0 0 0 0 0 0 0 2 3 10 5 0 12 0 5 0 0 0 0 0 0 0 0 0 0 0 0 0 2 1 0 0 0 0 0 1 0 0 0 0 9 0 5 0 0 0 0 0 0 0 0 0 0 0 0 0 0 0 0 0 1 3 2 2 11 5 21 4 0 0 0 5 0 0 0 0 0 0 0 0 0 0 0 0 2 1 1 2 5 5 3 1 2 0 0 0 5 15 2 0 0 0 0 0 0 0 0 0 0 0 0 0 0 0 0 0 0 0 0 0 9 2 1 0 0 0 2 9 0 0 0 0 0 0 0 0 0 0 0 0 0 3 7 8 7 5 5 5 0 12 0 4 1 0 0 0 0 0 0 0 0 0 0 0 0 0 0 0 5 0 0 2 45 120 203 255 249 191 21 0 0 4 6 0 0 0 0 0 0 0 0 0 0 0 0 0 0 51 131 202 244 255 255 254 255 237 58 12 8 0 1 3 0 0 0 0 0 0 0 0 0 0 0 0 20 236 252 255 255 229 179 181 222 247 155 6 1 0 0 9 0 0 0 0 0 0 0 0 0 0 0 0 53 219 222 194 136 59 0 0 117 255 200 16 0 10 4 7 0 0 0 0 0 0 0 0 0 0 0 0 0 49 33 18 8 0 0 9 0 255 255 48 1 0 0 0 0 0 0 0 0 0 0 0 0 0 0 0 13 17 0 0 0 1 9 1 86 255 241 20 8 3 9 0 0 0 0 0 0 0 0 0 0 0 0 0 0 0 4 0 0 5 0 0 156 246 249 41 14 0 0 0 0 0 0 0 0 0 0 0 0 0 0 0 8 2 6 0 0 14 0 23 255 244 162 0 0 0 10 0 0 0 0 0 0 0 0 0 0 0 0 0 4 0 0 0 0 5 0 49 248 254 106 14 2 1 3 3 0 0 0 0 0 0 0 0 0 0 0 0 0 4 0 3 0 12 12 167 255 254 9 0 0 2 0 0 0 0 0 0 0 0 0 0 0 0 0 0 15 0 12 0 11 0 80 253 255 135 27 0 0 0 0 3 0 0 0 0 0 0 0 0 0 0 0 0 0 7 8 13 0 0 210 245 255 115 4 0 11 5 0 0 0 0 0 0 0 0 0 0 0 0 0 0 10 14 0 0 20 142 246 243 101 25 0 0 5 0 0 4 0 0 0 0 0 0 0 0 0 0 0 0 0 0 5 0 91 249 247 230 0 0 8 8 0 0 0 0 0 0 0 0 0 0 0 0 0 0 0 0 17 0 16 45 228 255 243 56 1 5 9 1 0 6 9 0 0 0 0 0 0 0 0 0 0 0 0 0 0 26 0 230 242 255 78 0 3 0 0 0 0 0 5 3 0 0 0 0 0 0 0 0 0 0 0 0 0 0 52 238 255 162 6 3 8 1 7 11 0 0 0 0 0 0 0 0 0 0 0 0 0 0 0 0 5 36 207 255 183 4 6 0 0 1 1 0 0 6 11 0 0 0 0 0 0 0 0 0 0 0 0 0 0 145 255 221 93 4 0 6 0 0 0 0 0 0 0 0 0 0 0 0 0 0 0 0 0 0 0 0 0 174 243 106 0 0 15 0 0 0 0 0 0 0 0 0 0 0 0 0 0 0 0 0 0 0 0 0 7 0 0 0 5 1 0 5 0 0 0 0 0 0 0 0 0 0 0 0 0 0 0 0 0 0 0 0 0 9 11 1 0 4 4 0 0 0 0 0 0 0 0 0 0 0 0 0
0 0 0 0 0 0 0 0 0 0 0 0 0 0 0 0 0 0 0 0 0 0 0 0 0 0 0 0 0 0 0 0 0 0 0 0 0 0 0 0 0 0 0 0 0 0 0 0 0 0 0 0 0 0 0 0 0 0 0 0 0 0 0 0 0 0 0 0 0 0 0 0 0 0 0 0 0 0 0 0 0 0 0 0 0 0 0 0 0 0 0 0 0 0 0 0 0 0 0 0 0 0 0 0 0 0 0 0 0 0 0 0 0 0 0 0 0 0 0 0 0 0 0 0 0 0 0 0 0 0 0 0 0 0 0 0 0 0 0 0 0 0 0 0 0 0 0 0 0 0 0 0 0 0 0 0 0 0 0 0 0 0 0 0 0 0 0 0 0 0 0 0 0 0 0 0 0 0 0 0 0 0 0 0 0 0 0 0 0 0 0 0 0 0 0 0 0 0 0 0 0 0 0 0 0 0 0 0 0 0 0 0 0 0 0 0 0 0 0 0 0 0 0 0 0 8 4 0 0 11 0 2 0 1 10 0 0 0 29 117 186 255 248 164 84 18 3 0 0 0 0 0 16 0 3 2 0 7 10 0 0 0 0 8 73 192 237 255 251 245 255 255 249 139 3 0 0 0 0 0 0 0 12 0 6 0 0 1 0 41 146 190 231 251 255 172 140 40 51 198 241 200 0 7 0 0 0 0 15 0 0 20 84 58 59 149 105 255 252 248 247 225 105 31 13 0 130 255 255 163 0 0 0 0 0 0 0 21 0 0 125 255 255 246 255 250 244 217 159 13 4 12 0 29 247 255 182 26 5 0 0 0 0 0 1 0 0 0 7 113 194 255 223 175 59 20 0 14 0 0 1 90 255 255 117 4 3 0 0 0 0 0 8 0 5 1 0 11 8 0 27 0 4 0 0 0 15 0 128 229 255 197 39 3 0 12 0 0 0 0 0 0 11 0 8 0 0 9 0 0 3 0 7 0 0 86 235 255 227 33 5 5 1 0 0 0 0 0 0 0 0 0 0 0 0 0 0 8 6 0 11 0 16 202 253 233 54 0 2 0 0 2 0 0 0 0 0 0 0 0 0 0 0 0 0 0 0 10 0 1 114 255 253 104 4 0 2 2 8 0 0 0 0 0 0 0 0 0 0 0 0 0 2 1 0 13 0 0 241 250 170 0 0 4 0 0 3 0 0 0 0 0 0 0 0 0 0 0 0 0 0 3 6 0 0 63 255 154 49 0 8 0 2 1 0 10 0 0 0 0 0 0 0 0 0 0 0 0 0 0 15 0 21 210 236 92 0 7 0 0 2 15 0 0 0 0 0 0 0 0 0 0 0 0 0 0 3 0 3 0 130 255 255 76 0 8 0 10 0 1 10 0 0 0 0 0 0 0 0 0 0 0 0 0 3 7 0 0 165 241 238 44 1 0 0 10 0 0 11 0 0 0 0 0 0 0 0 0 0 0 0 0 0 0 4 0 82 255 116 3 0 0 3 0 12 3 1 0 0 0 0 0 0 0 0 0 0 0 0 0 0 6 1 0 137 241 127 2 0 0 0 0 0 0 0 0 0 0 0 0 0 0 0 0 0 0 0 0 5 0 3 3 93 255 67 0 0 0 0 0 0 0 0 0 0 0 0 0 0 0 0 0 0 0 0 0 7 0 3 8 45 236 28 0 0 0 0 0 0 0 0 0 0 0 0 0 0 0 0 0 0 0 0 0 0 5 0 0 20 145 41 0 0 0 0 0 0 0 0 0 0 0 0 0
1 0 3 0 0 12 0 1 4 4 5 4 0 0 0 0 0 7 0 0 0 0 0 6 0 0 0 0 0 0 17 5 0 3 0 0 0 0 0 2 4 4 5 7 12 2 0 4 15 6 0 0 0 0 0 0 6 0 2 0 0 10 7 12 5 3 1 0 2 1 0 0 0 0 7 0 0 0 10 2 0 0 0 0 0 0 1 0 0 0 0 0 0 0 0 0 0 5 4 0 14 0 4 18 7 0 0 0 0 0 0 0 0 3 6 6 0 0 4 12 3 6 5 0 0 2 1 0 0 0 2 0 0 0 14 7 0 0 0 0 9 5 0 0 1 0 1 0 0 0 9 4 0 0 0 0 10 0 0 8 10 7 1 0 0 0 0 0 0 1 0 4 7 0 5 0 17 49 80 88 88 94 102 106 255 110 0 0 13 0 0 18 0 0 0 0 0 10 0 0 0 18 120 190 177 217 254 255 251 248 252 254 255 220 110 6 0 7 4 0 0 0 0 0 0 3 15 0 0 1 210 248 160 202 255 245 240 255 234 255 249 250 124 5 0 0 3 4 0 0 0 0 0 0 3 0 11 16 144 149 12 34 48 61 59 50 58 169 255 255 140 7 0 8 0 0 0 0 0 0 7 0 0 0 0 0 20 4 0 2 0 8 2 0 0 50 250 255 181 23 0 1 0 4 0 0 0 0 0 0 4 0 0 0 0 0 8 3 4 11 0 14 3 6 243 255 189 24 0 0 0 11 0 0 0 0 0 0 4 0 1 10 0 18 3 0 0 0 0 0 0 119 255 248 143 3 0 10 0 0 0 0 0 0 4 2 0 0 0 0 0 0 0 15 9 0 18 1 0 196 255 240 101 0 0 7 0 0 0 0 0 0 2 0 0 0 7 2 6 0 0 11 0 0 4 0 6 184 254 229 60 3 0 0 0 6 0 0 0 0 0 1 5 3 2 0 7 0 8 0 0 16 0 0 99 254 251 208 9 0 1 6 0 0 0 0 0 0 0 0 0 0 0 0 0 0 6 3 0 6 0 0 115 251 255 214 9 0 0 12 0 0 0 0 0 0 0 0 0 0 0 0 0 0 0 10 1 0 0 36 220 255 255 176 2 0 0 6 0 4 0 0 0 0 0 0 0 0 0 0 0 0 0 3 7 4 0 10 255 255 255 112 0 4 0 0 0 6 0 0 0 0 0 0 0 0 0 0 0 0 7 0 0 10 0 20 243 255 232 47 0 5 1 0 1 3 0 0 0 0 0 0 0 0 0 0 0 0 0 1 0 0 6 130 255 250 180 2 3 3 0 0 4 0 0 0 0 0 0 0 0 0 0 0 0 0 0 8 3 0 6 185 255 254 142 0 5 0 0 0 4 0 0 0 0 0 0 0 0 0 0 0 0 0 1 1 8 9 0 169 242 254 132 0 2 0 3 0 0 0 0 0 0 0 0 0 0 0 0 0 0 0 3 0 0 4 0 178 255 247 138 11 0 0 7 0 0 5 0 0 0 0 0 0 0 0 0 0 0 0 6 0 4 0 14 157 255 239 84 25 0 0 10 0 0 1 0 0 0 0 0 0 0 0 0 0 0 0 0 0 6 0 0 102 220 245 14 0 0 0 3 0 0 6 0 0 0 0 0 0 0 0 0 0 0 0 0 0 11 14 0 0 3 0 0 0 8 4 0 1 2 0 0 0 0 0 0 0 0 0 0 0 0 0 17 0 0 0 5 8 8 6 2 9 8 0 0 5 1 0 0 0 0 0
0 0 0 0 0 0 0 0 0 0 0 0 0 0 0 0 0 0 0 0 0 0 0 0 0 0 0 0 0 0 0 0 0 0 0 0 0 0 0 0 0 0 0 0 0 0 0 0 0 0 0 0 0 0 0 0 0 0 0 0 0 0 0 0 0 0 0 0 0 0 0 0 0 0 0 0 0 0 0 0 0 0 0 0 0 0 0 0 0 0 0 0 0 0 0 0 0 0 0 0 0 0 0 0 0 0 0 0 0 0 0 0 0 0 0 0 0 0 0 0 0 0 0 0 0 0 0 0 0 0 0 0 0 0 0 0 0 0 0 0 0 0 0 0 0 0 0 0 0 0 0 0 0 0 0 0 0 0 0 0 0 0 0 0 0 0 0 0 0 0 0 0 0 0 0 0 0 0 0 0 0 0 0 0 0 0 0 0 0 0 0 0 0 0 0 0 0 0 0 0 0 0 0 0 0 0 0 0 0 0 0 0 0 0 0 0 0 0 0 0 0 0 0 0 4 0 0 50 67 78 68 81 176 213 61 94 189 182 253 253 253 254 254 246 255 66 0 0 0 0 0 0 0 0 47 196 244 255 227 254 252 255 254 245 255 251 245 254 246 255 245 255 255 66 0 15 0 0 0 0 0 3 59 227 255 255 215 235 244 228 251 215 210 255 237 221 204 222 254 240 240 78 0 0 0 0 0 0 10 0 0 85 124 136 66 29 152 148 80 1 38 151 131 0 9 60 255 255 244 71 7 4 0 0 0 0 0 0 14 12 2 0 0 0 0 7 0 0 1 0 9 8 0 77 229 255 253 68 1 0 0 0 0 0 13 0 0 0 10 1 6 0 0 6 5 0 13 10 0 0 0 246 255 255 147 0 0 15 0 0 0 0 4 0 0 2 4 0 0 2 13 0 0 0 0 0 0 14 0 255 241 213 62 10 4 0 0 0 0 0 0 3 0 4 0 5 0 0 2 2 0 6 0 0 14 0 158 255 249 193 1 0 2 0 0 0 0 0 0 0 0 0 0 0 0 0 0 5 0 1 0 6 10 0 177 255 255 29 1 0 1 2 0 0 0 0 0 0 0 0 0 0 0 0 4 2 0 3 0 0 13 102 221 255 251 35 0 0 4 0 0 0 0 0 0 0 0 0 0 0 0 0 4 0 0 0 0 0 32 232 255 255 202 27 0 0 4 0 0 0 0 0 0 0 0 0 0 0 0 0 0 0 3 0 5 14 34 255 254 238 107 7 0 0 0 0 0 0 0 0 0 0 0 0 0 0 0 0 0 0 6 0 1 0 22 245 247 209 21 0 1 4 0 2 0 0 0 0 0 0 0 0 0 0 0 0 4 0 5 4 0 0 63 245 254 156 0 0 9 7 0 2 0 0 0 0 0 0 0 0 0 0 0 0 1 0 1 2 2 9 157 255 255 67 0 0 4 3 0 0 0 0 0 0 0 0 0 0 0 0 0 0 0 3 1 0 1 44 229 245 252 0 14 0 0 0 4 0 0 0 0 0 0 0 0 0 0 0 0 0 0 3 0 9 30 214 239 255 251 1 0 1 0 0 0 0 0 0 0 0 0 0 0 0 0 0 0 0 3 2 0 11 73 254 255 236 251 1 0 1 0 0 0 0 0 0 0 0 0 0 0 0 0 0 0 0 1 8 0 2 46 178 255 242 251 1 0 1 0 0 0 0 0 0 0 0 0 0 0 0 0 0 0 0 0 7 0 0 0 58 219 255 251 1 0 1 0 0 0 0 0 0 0 0
9 0 0 0 1 0 0 0 1 0 0 9 0 7 0 8 7 0 0 1 0 4 4 0 0 0 0 0 0 0 0 4 7 5 3 3 0 14 6 0 0 9 0 0 0 0 3 2 0 0 2 5 0 0 0 0 0 1 3 2 0 0 0 0 0 0 0 4 0 4 1 8 7 8 1 0 4 1 0 0 0 0 0 0 3 5 2 0 0 0 0 0 8 0 0 8 5 0 0 4 0 0 0 0 2 1 0 1 0 0 0 0 2 1 0 0 0 4 4 0 0 6 0 0 0 0 9 0 0 6 9 5 1 0 0 9 0 0 0 0 1 0 0 2 1 0 0 0 0 7 0 6 12 0 7 0 4 0 0 0 0 3 4 0 0 0 0 0 3 0 0 4 0 0 0 15 117 105 90 109 112 54 72 68 16 0 4 12 0 0 12 0 0 0 0 0 3 0 0 4 0 0 23 62 243 255 252 255 255 243 255 245 110 105 130 101 10 0 6 1 0 0 0 0 0 7 0 0 10 0 16 117 193 225 255 241 255 255 255 246 250 255 246 255 19 0 0 5 0 0 0 0 2 9 0 0 8 0 0 37 86 85 109 118 185 230 253 255 255 249 254 255 174 18 24 0 0 0 0 0 0 5 0 0 5 2 0 0 0 0 18 0 0 12 71 142 114 229 248 250 253 98 0 0 0 0 0 0 0 0 4 2 0 1 6 2 15 0 0 0 12 13 0 0 0 8 182 255 255 89 0 6 0 0 0 0 1 0 2 5 0 0 2 3 0 0 10 3 2 7 0 4 0 0 230 232 255 59 24 0 0 0 0 0 9 0 0 6 4 0 0 0 12 8 0 0 0 7 0 0 2 169 255 255 200 11 0 21 0 0 0 0 3 0 0 2 8 6 1 0 0 0 0 11 5 10 0 4 21 250 247 187 4 9 8 0 0 0 0 0 0 7 4 0 0 0 0 1 4 0 0 7 0 1 11 73 207 255 208 21 5 0 17 0 0 0 0 0 0 5 0 1 2 0 0 0 8 24 98 69 48 40 122 240 250 255 35 4 0 2 0 0 0 0 0 0 0 7 0 0 0 5 12 2 0 163 255 247 246 255 255 244 255 184 5 0 0 4 0 8 0 0 0 0 1 0 2 0 0 2 4 0 0 0 61 169 237 234 255 255 231 105 10 4 0 9 0 1 0 0 0 0 3 0 5 14 1 0 0 5 7 12 8 103 255 255 249 202 76 12 0 0 0 9 0 0 0 0 0 0 9 0 2 0 0 3 0 10 0 26 77 255 252 196 103 32 0 0 0 0 4 1 2 0 0 0 0 0 0 0 6 0 0 14 0 0 0 140 254 255 230 54 16 0 7 20 0 3 16 0 0 2 0 0 0 0 0 0 10 0 5 5 0 46 142 250 255 246 63 11 0 7 0 0 0 0 1 0 0 7 0 0 0 0 4 0 4 0 4 0 15 163 250 255 201 84 8 0 1 6 0 0 5 8 0 7 0 0 0 0 0 0 7 0 7 0 1 0 44 253 255 195 72 0 0 10 4 0 0 0 0 0 0 0 0 0 0 0 0 0 1 0 8 0 3 0 8 140 207 51 0 6 12 0 0 4 0 0 0 0 0 0 0 0 0 0 0 0 0 0 5 0 5 0 0 27 3 9 7 2 2 0 0 0 0 0 0 0 0 0 0 0 0 0 0 0 0 4 0 0 5 2 0 0 0 8 0 0 1 0 0 8 0 0 0 0 0 0 0 0 0 0 0 0
0 0 1 1 3 5 3 0 0 1 6 0 1 4 0 0 0 0 0 6 7 0 0 0 0 0 0 0 0 2 2 0 0 0 0 0 2 10 0 0 3 0 1 0 3 6 6 0 0 0 1 9 0 0 0 0 1 2 3 0 0 0 0 2 0 3 0 0 10 0 13 1 0 0 0 0 0 3 2 0 0 0 0 0 3 0 0 2 2 0 1 4 0 2 8 0 13 0 0 0 4 2 1 3 5 4 0 0 0 0 0 0 5 0 0 2 5 1 0 0 0 0 8 0 2 0 0 7 0 0 0 2 0 0 0 12 0 0 0 0 6 0 0 1 2 0 0 0 7 5 6 0 2 6 0 16 7 0 0 2 7 2 0 0 0 0 0 0 3 0 0 2 0 0 1 15 0 12 0 9 2 0 0 0 0 3 2 0 0 8 12 2 0 0 0 0 0 0 1 4 0 0 12 37 129 184 131 230 245 245 255 249 248 255 227 112 12 0 0 3 0 0 0 0 2 0 0 4 5 0 173 245 255 253 255 248 255 247 255 247 238 255 255 249 115 0 0 7 0 0 0 0 0 15 0 0 5 154 247 255 249 249 255 242 248 246 255 255 255 255 236 251 100 0 3 0 0 0 0 0 0 2 0 9 11 190 213 239 255 249 238 190 157 140 144 130 213 244 249 255 114 4 7 0 0 0 0 0 11 0 8 0 0 21 4 31 28 26 30 5 0 4 12 11 170 254 255 245 100 2 4 1 0 0 0 0 0 0 5 4 0 8 1 0 0 0 1 0 0 7 1 24 227 255 241 231 30 0 0 5 0 0 0 0 0 11 0 12 0 0 1 4 1 1 0 0 3 6 0 66 255 255 246 255 0 2 0 2 0 0 0 0 3 10 0 14 0 0 0 14 0 5 0 0 2 0 0 137 245 246 255 183 0 5 0 0 0 0 0 0 0 1 0 0 9 10 2 0 0 7 0 0 2 0 14 202 253 255 239 20 0 0 1 4 0 0 0 0 0 0 0 0 0 0 0 0 1 1 0 2 0 18 155 254 244 255 183 0 3 2 0 2 0 0 0 0 0 0 0 0 0 0 0 0 0 1 18 0 7 0 198 255 243 186 45 1 0 5 4 0 0 0 0 0 0 0 0 0 0 0 0 0 0 7 0 0 17 112 236 255 255 95 0 12 0 9 0 1 0 0 0 0 0 0 0 0 0 0 0 0 3 5 0 0 56 253 247 255 228 25 2 5 0 5 0 9 0 0 0 0 0 0 0 0 0 0 0 0 7 0 10 17 157 255 251 243 108 0 19 0 0 0 0 7 0 0 0 0 0 0 0 0 0 0 0 0 2 0 0 98 250 245 254 188 10 2 0 0 0 2 6 0 0 0 0 0 0 0 0 0 0 0 0 0 0 2 0 193 255 255 233 87 0 10 0 8 0 5 11 0 0 0 0 0 0 0 0 0 0 0 0 0 0 5 49 234 242 255 199 0 8 0 4 3 0 0 0 0 0 0 0 0 0 0 0 0 0 0 0 0 0 2 92 255 244 228 92 1 0 0 0 0 0 0 0 0 0 0 0 0 0 0 0 0 0 0 0 0 0 0 193 255 247 255 53 0 0 0 0 0 0 0 0 0 0 0 0 0 0 0 0 0 0 0 0 0 3 0 35 229 221 71 16 0 0 0 0 0 0 0 0 0 0 0 0 0 0 0 0 0 0 0 0 0 4 0 0 0 0 4 0 7 0 0 0 0 0 0 0 0 0 0 0 0
0 0 0 0 0 0 0 0 10 0 0 2 0 0 4 2 0 3 6 0 17 0 0 9 0 0 0 0 0 0 0 0 0 0 0 0 0 1 0 17 0 2 0 3 2 7 5 0 0 7 10 0 0 0 0 0 0 0 0 0 0 0 0 0 2 0 0 0 0 10 0 0 0 0 0 12 0 0 0 0 0 0 0 0 0 0 0 0 0 0 0 0 0 5 11 0 0 0 4 13 1 0 1 1 0 14 13 0 0 0 0 0 0 0 0 0 0 0 0 0 0 2 0 0 0 0 0 2 5 0 0 0 0 0 0 20 0 0 0 0 0 0 0 0 0 0 0 0 0 15 0 16 1 10 0 13 0 0 0 8 4 8 0 0 0 0 0 0 0 0 0 0 0 0 0 0 0 2 0 0 0 0 33 107 139 242 255 192 0 5 12 0 0 0 0 0 0 0 0 0 0 0 0 0 132 52 23 0 133 141 226 255 251 255 255 255 0 0 0 6 0 0 0 0 0 0 0 0 0 0 0 0 246 255 255 254 251 255 250 255 248 255 246 255 6 0 3 0 0 0 0 0 0 0 0 0 0 0 0 0 223 238 254 250 255 246 255 196 255 254 249 246 9 0 3 7 0 0 0 0 0 0 0 0 0 0 0 0 0 0 4 0 15 0 0 0 179 255 251 215 0 0 10 0 0 0 0 0 0 0 0 0 0 0 0 0 5 11 10 0 7 11 0 148 255 249 255 51 0 21 0 0 0 0 0 0 0 0 0 0 0 0 0 0 0 0 4 0 0 0 25 236 243 254 119 0 0 1 5 10 0 0 0 0 0 0 0 0 0 0 0 0 7 0 7 5 2 0 180 255 255 255 123 6 21 0 0 2 0 0 0 0 0 0 0 0 0 0 0 0 4 0 0 0 0 9 255 253 255 239 4 0 0 5 19 0 0 0 0 0 0 0 0 0 0 0 0 0 0 3 1 8 5 49 255 255 253 127 11 0 10 0 0 4 0 0 0 0 0 0 0 0 0 0 0 0 0 20 0 2 11 184 255 248 255 40 0 1 5 0 10 0 0 0 0 0 0 0 0 0 0 0 0 0 18 0 10 1 110 255 255 255 223 26 0 0 6 0 7 0 0 0 0 0 0 0 0 0 0 0 0 0 0 13 13 0 135 255 248 255 140 7 0 0 7 0 3 3 0 0 0 0 0 0 0 0 0 0 0 0 18 0 0 0 255 246 255 252 62 0 0 0 7 0 0 5 0 0 0 0 0 0 0 0 0 0 0 0 0 0 8 63 255 255 255 125 12 0 2 0 6 0 0 4 0 0 0 0 0 0 0 0 0 0 0 0 12 14 0 255 255 248 250 69 0 0 3 1 3 0 0 0 0 0 0 0 0 0 0 0 0 0 0 0 0 6 53 250 255 250 202 0 0 2 0 1 0 0 3 0 0 0 0 0 0 0 0 0 0 0 0 0 1 4 190 255 242 253 8 0 4 5 0 1 0 1 6 0 0 0 0 0 0 0 0 0 0 0 0 0 8 0 255 255 255 196 9 0 0 0 0 0 0 0 0 0 0 0 0 0 0 0 0 0 0 0 0 0 0 1 188 244 201 58 0 16 0 0 0 0 0 0 0 0 0 0 0 0 0 0 0 0 0 0 0 0 0 4 12 7 0 0 13 0 0 0 0 0 0 0 0 0 0 0 0 0 0 0 0 0 0 0 0 0 3 0 0 3 1 5 10 0 0 0 0 0 0 0 0 0 0 0 0 0
0 0 0 0 0 0 0 0 11 0 0 0 8 0 2 0 0 9 3 0 0 5 9 0 0 0 0 0 0 0 0 0 0 0 0 0 5 0 8 2 4 0 10 11 4 3 0 3 0 0 0 6 0 0 0 0 0 0 0 0 0 0 0 0 0 3 14 0 0 0 8 0 0 1 0 10 0 1 0 0 0 0 0 0 0 0 0 0 0 0 0 0 16 0 0 12 15 1 0 0 0 4 0 4 0 18 2 5 0 0 0 0 0 0 0 0 0 0 0 0 2 0 0 0 0 5 6 0 9 1 0 0 0 3 0 0 0 0 0 0 0 0 0 0 0 0 0 0 0 1 2 6 0 0 1 0 0 0 11 9 12 13 0 14 0 0 0 0 0 0 0 0 0 0 0 0 1 0 87 240 246 158 86 98 22 23 54 0 0 0 0 0 0 0 0 0 0 0 0 0 0 0 0 0 2 1 56 184 242 255 248 253 255 255 234 52 0 4 12 0 0 0 0 0 0 0 0 0 0 0 0 0 0 0 1 1 77 186 228 255 255 248 241 74 0 5 0 1 0 0 0 0 0 0 0 0 0 0 0 0 0 4 0 11 24 0 35 110 205 248 255 30 0 8 0 0 0 0 0 0 0 0 0 0 0 0 0 0 0 13 0 0 11 0 0 42 224 255 214 0 11 0 0 5 0 0 0 0 0 0 0 0 0 0 0 0 5 0 0 6 3 14 0 148 255 255 91 2 7 0 3 3 0 0 0 0 0 0 0 0 0 0 0 0 0 0 17 5 0 0 47 238 252 214 29 8 0 0 12 0 0 0 0 0 0 0 0 0 0 0 0 0 0 0 5 0 3 0 150 247 255 112 8 0 0 4 0 0 0 0 0 0 0 0 0 0 0 0 0 0 5 0 0 12 9 22 196 252 212 30 0 0 9 0 0 7 0 0 0 0 0 0 0 0 0 0 0 0 0 12 0 2 0 157 255 240 73 0 3 7 0 0 8 0 0 0 0 0 0 0 0 0 0 0 0 0 3 5 0 8 36 237 255 140 0 0 0 0 0 0 0 0 0 0 0 0 0 0 0 0 0 0 0 0 0 0 4 0 129 244 234 67 0 0 0 0 0 0 0 0 0 0 0 0 0 0 0 0 0 0 0 0 0 4 0 23 217 255 162 9 0 0 0 0 0 0 0 0 0 0 0 0 0 0 0 0 0 0 0 0 0 6 0 124 247 254 77 0 0 0 0 0 0 0 0 0 0 0 0 0 0 0 0 0 0 0 0 0 0 0 58 223 251 174 18 1 0 0 0 0 0 0 0 0 0 0 0 0 0 0 0 0 0 0 0 0 0 0 174 255 228 71 2 0 0 0 0 0 0 0 0 0 0 0 0 0 0 0 0 0 0 0 0 0 3 56 249 243 126 10 2 0 0 0 0 0 0 0 0 0 0 0 0 0 0 0 0 0 0 0 0 0 1 116 253 209 4 0 0 3 0 0 0 0 0 0 0 0 0 0 0 0 0 0 0 0 0 0 0 0 7 186 237 34 0 6 0 0 0 0 0 0 0 0 0 0 0 0 0 0 0 0 0 0 0 0 0 0 54 255 59 9 14 0 1 2 0 0 0 0 0 0 0 0 0 0 0 0 0 0 0 0 0 0 0 0 0 5 0 0 0 8 9 0 0 0 0 0 0 0 0 0 0 0 0 0 0 0 0 0 0 0 0 0 13 0 25 0 15 0 0 0 0 0 0 0 0 0 0 0 0 0 0 0
0 0 0 0 0 0 0 0 0 0 2 6 0 0 0 7 5 3 0 0 0 0 0 0 0 0 0 0 0 0 0 0 0 0 0 0 8 1 0 0 0 0 0 0 0 0 0 11 10 0 0 1 0 0 0 0 0 0 0 0 0 0 0 0 0 0 0 0 5 8 4 0 2 0 0 0 0 0 0 8 0 0 0 0 0 0 0 0 0 0 0 0 0 4 5 0 0 0 0 0 0 7 10 3 1 4 0 0 0 0 0 0 0 0 0 0 0 0 0 0 0 2 2 0 0 6 12 14 0 0 0 0 0 6 5 1 0 0 0 0 0 0 0 0 0 0 0 0 0 0 0 4 9 3 0 0 18 1 0 6 6 0 0 2 0 0 0 0 0 0 0 0 0 0 0 0 6 0 0 3 0 0 1 17 0 0 3 0 0 0 1 2 0 0 0 0 0 0 0 0 0 0 0 0 0 0 0 10 22 58 137 213 255 251 175 54 0 0 9 0 0 0 0 0 2 0 0 6 4 0 26 0 0 82 159 203 241 255 253 254 255 236 255 158 0 0 0 5 0 0 0 0 0 4 10 0 0 15 0 137 236 255 255 240 237 218 162 109 24 77 243 143 7 17 0 6 0 0 0 0 0 0 11 0 5 0 122 243 243 221 175 99 21 0 0 0 3 118 255 139 0 0 0 0 0 0 0 0 15 0 0 0 3 6 248 243 116 41 0 0 0 0 7 4 0 187 244 126 13 7 4 4 0 0 0 0 0 4 1 7 2 0 32 4 16 0 0 12 0 0 0 0 10 250 238 49 0 0 0 1 0 0 0 0 6 3 0 0 10 2 0 7 0 0 0 0 0 8 13 0 10 237 251 25 18 4 0 0 0 0 0 0 6 0 3 0 17 0 15 3 0 11 9 1 2 2 0 0 149 248 160 0 0 0 0 2 0 0 0 0 0 7 1 5 0 7 0 0 2 0 0 0 4 0 6 56 245 241 32 14 0 5 7 0 0 0 0 0 0 0 0 0 0 0 0 0 2 2 0 1 0 14 0 150 250 138 7 0 10 0 0 1 0 0 0 0 0 0 0 0 0 0 0 0 0 0 4 0 0 0 121 249 255 22 0 7 3 13 0 7 0 0 0 0 0 0 0 0 0 0 0 0 0 8 1 10 11 0 199 255 156 0 0 12 0 13 0 7 0 0 0 0 0 0 0 0 0 0 0 0 1 2 0 3 0 80 246 208 21 5 8 3 0 0 2 2 0 0 0 0 0 0 0 0 0 0 0 0 0 10 20 0 25 221 254 72 0 15 0 0 20 0 0 0 0 0 0 0 0 0 0 0 0 0 0 0 9 0 0 14 205 255 118 6 6 0 0 0 1 2 2 0 0 0 0 0 0 0 0 0 0 0 0 0 0 25 0 6 251 223 62 0 3 0 16 1 0 4 9 0 0 0 0 0 0 0 0 0 0 0 0 0 10 0 6 154 255 77 0 0 0 1 0 5 7 0 0 0 0 0 0 0 0 0 0 0 0 0 0 0 2 0 104 255 209 42 0 6 0 0 0 0 0 0 0 0 0 0 0 0 0 0 0 0 0 0 0 0 9 5 227 234 24 0 5 2 0 0 0 0 0 0 0 0 0 0 0 0 0 0 0 0 0 0 0 0 0 2 203 182 17 9 3 0 0 0 0 0 0 0 0 0 0 0 0 0 0 0 0 0 0 0 0 0 8 0 3 3 0 0 0 11 0 0 0 0 0 0 0 0 0 0 0 0
0 0 0 0 0 0 0 0 0 0 0 0 0 0 0 0 0 0 0 0 0 0 0 0 0 0 0 0 0 0 0 0 0 0 0 0 0 0 0 0 0 0 0 0 0 0 0 0 0 0 0 0 0 0 0 0 0 0 0 0 0 0 0 0 0 0 0 0 0 0 0 0 0 0 0 0 0 0 0 0 0 0 0 0 0 0 0 0 0 0 0 0 0 0 0 0 0 0 0 0 0 0 0 0 0 0 0 0 0 0 0 0 0 0 0 0 0 0 0 0 0 0 0 0 0 0 0 0 0 0 0 0 0 0 0 0 0 0 0 0 0 0 0 0 0 0 0 0 0 0 0 0 0 0 0 0 0 0 0 0 0 0 0 0 0 0 0 0 0 0 0 0 0 0 0 0 0 0 0 0 0 0 0 0 0 0 0 0 0 0 0 0 0 0 0 0 0 0 0 0 0 0 0 0 0 0 0 0 0 0 0 0 0 0 0 0 0 0 0 0 0 0 0 0 3 0 3 0 51 224 255 231 118 118 118 118 118 118 118 118 128 106 119 232 143 117 0 2 0 0 0 0 5 0 11 0 227 255 251 255 255 255 255 255 255 255 255 255 251 255 241 251 255 202 10 0 0 0 0 0 2 0 5 1 176 178 163 194 250 250 250 250 250 250 250 250 254 244 255 249 229 118 10 6 0 0 0 0 7 0 4 6 0 3 0 12 63 63 63 63 63 63 63 63 72 126 248 255 113 0 0 0 0 0 0 0 0 0 10 0 3 5 5 8 0 0 0 0 0 0 0 0 0 199 255 244 68 0 8 10 0 0 0 0 13 3 0 0 12 0 0 0 1 1 1 1 1 1 1 1 16 245 251 186 7 0 0 0 0 0 0 0 7 0 0 9 0 1 5 11 0 0 0 0 0 0 0 0 126 242 255 187 9 0 4 0 0 0 0 0 0 9 6 0 9 0 0 0 1 1 1 1 1 1 1 1 243 255 253 131 0 0 0 3 0 0 0 0 0 0 0 0 0 0 0 0 0 4 0 5 4 0 0 129 252 249 189 0 11 10 0 1 0 0 0 0 0 0 0 0 0 0 0 0 2 3 1 0 2 0 0 159 247 255 155 1 0 0 0 12 0 0 0 0 0 0 0 0 0 0 0 0 0 0 6 0 6 0 22 218 251 235 72 0 3 3 0 0 0 0 0 0 0 0 0 0 0 0 0 0 0 0 6 0 4 9 100 255 253 151 4 0 7 7 5 0 0 0 0 0 0 0 0 0 0 0 0 0 5 2 2 4 0 14 183 251 255 67 0 4 0 0 6 0 0 0 0 0 0 0 0 0 0 0 0 0 3 2 0 7 0 30 249 252 255 20 0 2 0 0 7 0 0 0 0 0 0 0 0 0 0 0 0 0 0 0 3 0 6 48 255 255 206 4 0 0 4 2 3 0 0 0 0 0 0 0 0 0 0 0 0 0 0 0 9 0 9 48 245 252 127 2 1 5 2 0 0 7 0 0 0 0 0 0 0 0 0 0 0 0 0 0 8 0 3 45 254 248 129 0 0 4 0 0 2 2 0 0 0 0 0 0 0 0 0 0 0 0 3 2 6 0 5 52 255 255 134 9 0 0 1 3 2 0 0 0 0 0 0 0 0 0 0 0 0 0 2 0 0 0 0 43 247 234 95 11 1 0 2 4 0 1 0 0 0 0 0 0 0 0 0 0 0 0 0 0 0 0 0 28 212 186 23 0 5 1 1 0 0 5 0 0 0 0
0 0 0 0 0 0 0 0 0 0 0 0 0 0 0 0 0 0 0 0 0 0 0 0 0 0 0 0 0 0 0 0 0 0 0 0 0 0 0 0 0 0 0 0 0 0 0 0 0 0 0 0 0 0 0 0 0 0 0 0 0 0 0 0 0 0 0 0 0 0 0 0 0 0 0 0 0 0 0 0 0 0 0 0 0 0 0 0 0 0 0 0 0 0 0 0 0 0 0 0 0 0 0 0 0 0 0 0 0 0 0 0 0 0 0 0 0 0 0 0 0 0 0 0 0 0 0 0 0 0 0 0 0 0 0 0 0 0 0 0 0 0 0 0 0 0 0 0 0 0 0 0 0 0 0 0 0 0 0 0 0 0 0 0 0 0 0 0 0 0 0 0 0 0 0 0 0 0 0 0 0 0 0 0 0 0 0 0 0 0 0 0 0 0 0 0 0 0 0 0 0 0 0 0 0 0 0 0 0 0 0 0 0 0 0 0 0 0 0 0 0 0 0 0 1 0 0 18 69 145 177 162 232 119 129 145 123 137 135 133 138 132 123 138 133 20 0 6 0 0 0 0 7 5 0 7 213 255 255 246 249 254 255 242 248 255 244 255 244 255 255 249 252 205 16 0 0 0 0 0 0 8 10 10 221 247 254 253 241 226 244 252 255 255 226 242 253 255 247 248 255 254 1 0 0 0 0 0 2 3 0 0 62 122 180 210 148 13 71 141 79 81 104 52 71 172 212 255 242 179 21 3 0 0 0 0 0 0 1 15 0 1 6 0 7 0 0 0 4 0 0 0 14 0 84 255 253 67 0 0 0 0 0 0 4 3 0 0 0 1 3 7 0 0 9 5 0 1 8 1 0 0 181 235 130 11 6 12 0 0 0 0 0 4 6 0 17 0 0 0 1 4 0 0 9 0 0 0 6 40 234 247 62 1 0 0 0 0 0 0 9 1 0 0 0 2 2 5 0 8 0 0 1 3 6 0 11 98 255 255 19 0 9 1 0 0 0 0 0 0 0 0 0 0 0 0 0 2 6 0 7 0 4 0 1 185 251 174 4 0 5 0 0 0 0 0 0 0 0 0 0 0 0 0 0 0 4 0 7 0 5 0 0 187 208 49 0 0 3 6 0 0 0 0 0 0 0 0 0 0 0 0 1 0 2 0 5 0 3 0 117 249 202 0 1 5 1 0 0 0 0 0 0 0 0 0 0 0 0 0 4 0 1 0 3 0 0 10 220 255 149 0 5 0 8 0 0 0 0 0 0 0 0 0 0 0 0 0 3 0 0 1 1 0 0 49 254 244 69 9 0 0 1 0 0 0 0 0 0 0 0 0 0 0 0 0 0 1 0 0 1 0 5 122 255 219 22 0 0 2 0 4 0 0 0 0 0 0 0 0 0 0 0 0 0 6 0 0 3 0 27 208 238 119 0 0 0 1 0 8 0 0 0 0 0 0 0 0 0 0 0 0 0 9 0 0 5 1 45 255 255 40 12 9 3 0 10 0 0 0 0 0 0 0 0 0 0 0 0 0 0 9 0 0 11 0 159 243 220 6 0 15 0 4 0 5 0 0 0 0 0 0 0 0 0 0 0 0 0 8 0 0 12 3 195 255 233 200 161 53 5 19 0 0 0 0 0 0 0 0 0 0 0 0 0 0 0 5 4 0 5 20 223 255 255 246 145 15 0 0 0 22 0 0 0 0 0 0 0 0 0 0 0 0 0 1 4 0 0 13 217 239 124 45 0 7 14 0 0 0 0 0 0 0
0 0 0 0 0 0 0 0 3 0 5 0 0 11 0 0 5 0 0 0 0 3 5 0 0 0 0 0 0 0 0 0 0 0 0 0 0 0 7 4 0 0 0 8 0 0 9 0 0 0 0 0 0 0 0 0 0 0 0 0 0 0 0 0 9 0 1 0 0 1 0 2 0 0 4 0 12 0 1 0 0 0 0 0 0 0 0 0 0 0 0 0 0 6 8 0 0 8 6 0 4 2 4 0 13 0 0 0 0 0 0 0 0 0 0 0 0 0 0 0 0 0 4 3 0 0 0 0 0 0 4 0 5 0 6 9 0 0 0 0 0 0 0 0 0 0 0 0 18 6 0 1 5 0 3 4 13 0 0 1 0 4 3 0 0 0 0 0 0 0 0 0 0 0 0 0 0 5 0 0 2 0 8 0 0 0 0 21 0 0 5 0 0 0 0 0 0 0 0 0 0 0 0 0 108 215 255 255 229 229 242 210 250 255 255 223 52 5 0 0 0 0 0 0 0 18 1 0 1 13 0 84 243 255 255 255 247 239 255 255 255 238 255 255 77 7 4 0 0 0 0 0 3 0 0 30 7 0 56 249 251 255 238 244 209 204 243 164 138 146 244 240 83 0 0 0 0 0 0 0 5 0 1 0 0 50 178 248 254 120 35 38 0 1 46 0 0 87 250 255 77 0 0 12 0 0 0 0 2 0 6 0 0 84 249 252 225 27 0 7 0 1 0 7 5 146 236 252 29 16 0 0 0 0 0 0 0 0 1 5 7 87 254 248 57 0 7 5 0 14 0 4 0 199 252 226 0 7 0 0 0 0 0 0 0 11 0 0 0 67 153 100 6 11 1 0 0 0 1 1 16 216 255 142 2 0 10 1 0 0 0 0 0 12 0 10 0 0 10 5 0 0 0 0 9 0 8 1 165 249 242 14 0 5 5 0 0 0 0 0 0 15 0 0 4 9 0 0 1 0 13 4 0 6 0 0 173 243 255 0 0 4 0 12 0 0 0 0 0 0 0 0 0 0 0 0 1 0 5 1 3 0 17 9 231 247 253 0 0 5 0 9 0 0 0 0 0 0 0 0 0 0 0 0 2 0 6 0 0 6 9 151 244 251 176 3 2 1 0 0 0 0 0 0 0 0 0 0 0 0 0 0 9 0 4 2 0 6 39 255 254 215 71 0 3 0 4 0 0 0 0 0 0 0 0 0 0 0 0 0 0 0 0 0 8 0 125 255 255 138 11 0 0 0 5 1 0 0 0 0 0 0 0 0 0 0 0 0 1 2 0 5 0 51 230 252 249 56 5 1 0 4 0 0 0 0 0 0 0 0 0 0 0 0 0 0 7 0 11 3 0 134 255 255 213 16 2 0 0 6 0 0 0 0 0 0 0 0 0 0 0 0 0 0 0 0 0 0 34 197 236 245 213 70 0 0 9 0 0 5 0 0 0 0 0 0 0 0 0 0 0 0 4 1 3 3 155 255 254 255 255 164 0 0 19 0 3 6 0 0 0 0 0 0 0 0 0 0 0 0 5 0 10 13 237 239 255 249 176 25 0 4 0 6 0 0 0 0 0 0 0 0 0 0 0 0 0 0 0 0 5 18 240 255 246 170 72 0 0 3 0 1 0 6 0 0 0 0 0 0 0 0 0 0 0 0 10 0 0 32 217 241 146 4 1 0 12 2 0 4 0 1 0 0 0 0 0 0 0 0 0 0 0 0 0 0 6 0 0 0 5 7 0 3 13 0 0 12 0 0 0 0 0 0
0 0 0 0 0 0 0 0 1 0 5 9 0 3 8 0 2 0 0 1 0 0 0 11 0 0 0 0 0 0 0 0 0 0 0 0 6 0 0 0 2 0 0 4 0 0 0 3 8 5 0 0 0 0 0 0 0 0 0 0 0 0 0 0 1 7 0 0 10 3 0 14 9 9 5 0 0 0 2 3 0 0 0 0 0 0 0 0 0 0 0 0 0 5 4 0 0 1 0 0 0 0 0 0 1 5 3 0 0 0 0 0 0 0 0 0 0 0 0 0 0 0 1 6 0 2 12 0 11 5 0 0 4 8 0 0 0 0 0 0 0 0 0 0 0 0 0 0 21 0 0 9 0 0 0 0 0 0 0 0 0 0 0 8 0 0 0 0 0 0 0 0 0 0 0 0 0 9 0 0 12 9 0 8 7 0 0 9 6 0 0 6 0 0 0 0 0 0 0 0 0 0 0 0 27 125 134 127 212 255 245 255 217 125 33 0 3 3 0 0 0 0 0 0 1 0 0 7 5 0 32 143 249 255 242 255 251 245 255 246 255 242 255 214 82 0 0 3 0 0 0 0 1 4 0 0 1 20 123 255 246 245 243 166 142 155 224 236 231 253 248 255 249 24 4 0 0 0 0 0 0 4 1 0 0 18 108 223 96 87 120 26 0 0 11 0 3 93 242 252 239 16 0 4 0 0 0 0 0 3 1 0 0 0 16 58 0 0 10 0 0 5 0 0 0 11 218 235 255 29 5 0 0 0 0 0 5 2 0 0 4 0 0 0 11 6 0 2 0 0 0 6 16 177 255 255 171 0 0 15 0 0 0 0 0 0 0 0 1 4 5 2 0 0 0 0 20 0 0 0 92 255 255 176 8 5 0 0 0 0 0 0 0 0 1 2 0 0 0 0 3 4 0 0 5 3 0 79 248 246 225 75 14 0 14 0 0 0 0 0 4 0 1 3 0 0 4 0 0 7 0 14 0 13 7 216 242 255 72 0 0 10 0 1 0 0 0 0 0 0 0 0 0 0 0 0 3 3 0 10 12 10 179 239 251 75 13 7 0 2 0 5 0 0 0 0 0 0 0 0 0 0 0 0 0 0 12 0 0 101 247 255 123 16 0 0 0 8 0 4 0 0 0 0 0 0 0 0 0 0 0 0 13 0 6 0 85 233 255 134 20 0 3 0 0 10 0 0 0 0 0 0 0 0 0 0 0 0 0 0 0 0 0 20 166 250 255 58 0 2 15 0 0 7 0 0 0 0 0 0 0 0 0 0 0 0 0 0 2 3 0 95 232 250 155 9 0 3 4 0 1 4 0 7 0 0 0 0 0 0 0 0 0 0 0 0 0 14 53 229 251 212 8 0 0 0 0 0 6 1 0 6 0 0 0 0 0 0 0 0 0 0 0 0 13 0 35 251 255 200 0 3 3 0 0 5 4 0 0 1 0 0 0 0 0 0 0 0 0 0 0 0 0 0 48 255 251 134 4 5 0 0 1 6 0 0 7 4 0 0 0 0 0 0 0 0 0 0 0 0 12 0 47 249 255 65 4 2 0 0 0 0 0 0 0 0 0 0 0 0 0 0 0 0 0 0 0 0 5 0 57 255 239 255 186 0 0 0 0 0 0 0 0 0 0 0 0 0 0 0 0 0 0 0 0 0 0 22 14 199 255 208 31 5 0 0 0 0 0 0 0 0 0 0 0 0 0 0 0 0 0 0 0 0 1 0 0 5 0 12 4 0 0 0 0 0 0 0 0 0 0 0 0 0
0 0 0 0 0 0 0 0 0 2 0 0 11 6 0 2 0 0 4 5 1 0 0 0 0 0 0 0 0 0 0 0 0 0 0 0 3 3 3 9 0 0 0 1 15 6 0 0 8 0 0 9 0 0 0 0 0 0 0 0 0 0 0 0 6 0 0 13 0 14 11 1 0 0 17 8 0 5 8 0 0 0 0 0 0 0 0 0 0 0 0 0 0 2 6 2 0 0 0 0 12 0 0 0 0 1 4 5 0 0 0 0 0 0 0 0 0 0 0 0 0 11 3 0 10 9 3 1 0 12 6 0 0 0 0 8 0 0 0 0 0 0 0 0 0 0 0 0 0 4 7 8 11 0 0 3 13 0 7 20 0 1 20 0 0 0 0 0 0 0 0 0 0 0 0 0 14 0 31 181 227 255 255 255 181 34 0 14 3 0 14 0 0 0 0 0 0 0 0 0 0 0 0 0 0 11 116 255 95 39 42 118 207 230 107 0 2 8 0 9 0 0 0 0 0 6 16 0 0 0 0 7 7 0 199 208 0 0 6 0 1 196 220 47 2 0 0 2 0 0 0 0 0 0 0 0 10 13 1 0 0 63 231 145 0 10 7 11 6 82 249 138 0 4 0 4 0 0 0 0 5 6 0 6 0 0 0 0 0 165 237 59 0 4 0 0 5 0 233 202 0 5 0 0 0 0 0 0 0 6 0 3 0 0 3 10 28 196 149 0 0 7 0 9 0 1 167 197 2 0 10 0 0 0 0 0 0 9 0 3 4 7 0 0 187 245 86 1 13 2 1 0 0 8 134 188 9 0 11 0 0 0 0 0 1 19 0 3 0 3 0 71 237 167 0 0 0 0 8 0 0 0 171 205 5 0 1 1 0 0 0 0 0 3 0 0 0 1 18 207 241 95 5 17 3 0 9 0 0 41 225 196 0 1 0 3 0 0 0 0 4 1 0 3 0 0 1 236 146 0 0 4 0 0 6 0 0 113 249 160 0 4 0 0 0 0 0 0 5 0 0 4 0 0 49 119 17 0 10 4 0 7 0 1 2 152 255 100 2 0 14 0 0 0 0 0 2 0 3 8 3 0 4 20 18 0 0 12 22 51 112 209 205 245 255 225 149 38 0 12 0 0 0 0 2 5 3 0 0 3 0 0 0 0 96 237 248 255 255 245 255 255 135 41 0 1 0 0 0 0 0 0 0 4 4 0 0 4 9 5 0 9 96 109 16 13 17 69 247 196 50 0 0 15 5 0 0 0 0 0 0 0 2 4 2 0 0 3 0 2 8 0 6 10 0 141 255 83 0 1 14 3 0 15 0 0 0 0 7 0 0 0 5 0 0 0 4 2 8 1 6 0 61 241 161 24 0 1 8 3 0 0 0 0 0 0 11 0 0 0 1 3 4 5 7 0 0 8 0 23 221 255 56 5 1 0 0 0 8 15 0 0 0 0 0 0 6 4 1 1 0 0 0 15 0 0 13 84 255 91 0 7 0 3 9 0 4 0 0 0 0 0 0 0 0 0 0 0 0 0 3 0 0 0 53 248 137 0 0 0 0 0 0 0 0 0 0 0 0 0 0 0 0 0 0 0 0 0 0 0 24 32 202 117 0 15 0 0 0 0 0 0 0 0 0 0 0 0 0 0 0 0 0 0 0 0 13 0 1 0 16 0 0 0 0 0 0 0 0 0 0 0 0 0 0 0 0 0 0 0 0 0 0 0 0 2 0 16 0 13 12 0 0 0 0 0 0 0 0 0 0 0 0 0
0 0 0 0 0 0 0 0 0 0 0 0 0 0 0 0 5 0 0 3 5 4 0 0 0 0 0 0 0 0 0 0 0 0 0 0 0 0 0 0 0 0 0 0 0 0 9 0 0 0 6 3 0 0 0 0 0 0 0 0 0 0 0 0 0 0 0 0 0 0 0 0 16 6 6 0 0 0 6 2 0 0 0 0 0 0 0 0 0 0 0 0 0 0 0 0 0 0 0 0 0 0 0 10 19 2 0 0 0 0 0 0 0 0 0 0 0 0 0 0 0 0 0 0 0 0 0 0 6 3 0 2 0 0 0 7 0 0 0 0 0 0 0 0 0 0 0 0 0 0 0 0 0 0 0 0 0 4 0 0 2 15 8 0 0 0 0 0 0 0 0 0 0 0 0 0 0 0 0 0 0 0 0 0 0 0 9 0 9 0 1 4 0 0 0 0 0 0 0 0 0 0 0 0 0 0 0 0 0 0 0 0 52 101 249 255 236 44 7 0 0 0 0 0 0 9 0 0 0 0 0 1 0 10 0 0 0 10 109 180 240 255 238 255 247 54 12 0 0 0 0 0 0 0 6 3 15 16 0 0 0 0 32 129 121 199 245 255 234 150 249 255 188 1 5 0 0 0 0 0 11 0 14 0 0 0 63 98 140 142 243 255 241 235 178 86 19 58 236 234 45 2 10 5 0 0 0 0 0 6 0 1 8 25 214 255 243 246 255 148 90 20 5 0 0 172 247 181 4 0 0 14 0 0 0 0 0 3 0 0 5 0 107 99 52 25 0 0 5 2 0 0 41 255 176 2 0 15 12 0 0 0 0 0 5 0 8 0 6 0 10 0 5 0 0 3 0 0 9 6 211 249 65 0 10 0 0 3 0 0 0 0 8 0 12 0 0 0 0 8 0 0 18 0 7 0 4 39 235 144 10 11 0 6 4 0 0 0 0 0 0 5 0 1 4 0 1 3 7 1 0 0 1 7 12 240 242 30 0 0 7 0 5 0 0 0 0 0 0 0 0 0 0 0 0 0 0 19 0 0 5 6 83 249 131 15 0 9 0 4 1 0 0 0 0 0 0 0 0 0 0 0 0 0 0 0 0 17 0 55 255 255 44 0 0 7 0 0 2 4 0 0 0 0 0 0 0 0 0 0 0 0 1 0 0 0 6 192 247 144 0 0 10 6 0 0 0 3 0 0 0 0 0 0 0 0 0 0 0 0 12 0 8 0 142 246 211 11 4 7 6 0 2 5 0 0 0 0 0 0 0 0 0 0 0 0 0 0 0 0 8 26 236 235 26 7 6 5 0 0 8 5 0 2 0 0 0 0 0 0 0 0 0 0 0 0 7 19 0 224 250 141 10 1 0 1 0 2 9 0 0 5 0 0 0 0 0 0 0 0 0 0 0 0 0 0 68 242 234 52 0 3 0 6 0 8 3 0 3 0 0 0 0 0 0 0 0 0 0 0 0 0 16 0 154 255 151 0 9 0 0 5 0 0 0 0 13 0 0 0 0 0 0 0 0 0 0 0 0 0 0 28 206 255 237 80 0 4 0 0 0 0 0 0 0 0 0 0 0 0 0 0 0 0 0 0 0 0 10 42 255 239 240 32 6 0 0 0 0 0 0 0 0 0 0 0 0 0 0 0 0 0 0 0 0 0 0 3 205 255 57 0 22 0 0 0 0 0 0 0 0 0 0 0 0 0 0 0 0 0 0 0 0 0 3 10 0 0 6 6 0 3 0 0 0 0 0 0 0 0 0 0 0 0
0 0 0 0 0 0 0 0 5 0 15 0 0 6 0 4 5 0 1 4 0 2 9 0 0 0 0 0 0 0 0 0 0 0 0 0 0 0 0 14 14 0 10 0 6 3 6 14 13 0 0 0 0 0 0 0 0 0 0 0 0 0 0 0 8 2 20 0 0 19 1 0 0 0 0 0 13 0 9 1 0 0 0 0 0 0 0 0 0 0 0 0 0 0 0 7 14 0 0 13 5 2 12 0 5 0 11 0 0 0 0 0 0 0 0 0 0 0 0 0 9 7 0 0 14 0 0 0 9 0 18 9 0 0 4 0 0 0 0 0 0 0 0 0 0 0 0 0 0 108 255 177 188 253 242 255 107 16 0 0 0 2 2 9 0 0 0 0 0 0 0 0 0 0 0 0 3 125 255 250 255 255 245 252 250 163 4 0 5 4 0 0 0 0 0 0 0 0 0 0 0 0 0 0 3 93 244 98 40 51 45 151 249 246 32 2 2 0 3 0 0 0 0 0 0 0 0 0 0 0 0 0 4 14 80 13 0 5 0 3 255 242 56 0 10 0 0 9 0 0 0 0 0 0 0 0 0 0 0 0 0 6 35 1 0 1 7 0 253 255 59 0 3 1 0 0 0 0 0 0 0 0 0 0 0 0 0 0 0 12 0 0 6 0 8 0 249 247 37 0 1 3 5 0 0 0 0 0 0 0 0 0 0 0 0 0 5 14 0 0 10 0 1 18 249 216 1 5 1 0 2 2 0 0 0 0 0 0 0 0 0 0 0 0 0 0 1 0 8 1 0 83 255 199 0 5 0 0 4 3 0 0 0 0 0 0 0 0 0 0 0 0 0 0 11 0 2 3 0 141 255 194 10 0 0 5 8 0 0 0 0 0 0 0 0 0 0 0 0 0 3 0 9 1 0 0 0 175 255 166 15 0 0 7 4 0 0 0 0 0 0 0 0 0 0 0 0 0 1 0 0 1 4 0 8 196 251 128 2 0 3 0 0 5 0 0 0 0 0 0 0 0 0 0 0 0 0 11 0 6 0 2 35 247 255 67 2 4 0 4 0 3 0 0 0 0 0 0 0 0 0 0 0 0 0 2 0 10 0 0 188 233 175 32 0 1 0 5 0 3 0 0 0 0 0 0 0 0 0 0 0 0 2 0 2 0 14 80 244 255 72 0 0 0 0 6 0 1 0 0 0 0 0 0 0 0 0 0 0 0 0 14 4 0 43 236 238 246 11 0 2 0 0 7 0 0 0 0 0 0 0 0 0 0 0 0 0 0 3 0 0 0 178 255 255 92 0 0 6 0 0 5 0 0 0 0 0 0 0 0 0 0 0 0 0 0 8 0 0 94 255 229 156 0 0 2 2 0 0 2 3 0 0 0 0 0 0 0 0 0 0 0 0 0 0 14 37 242 242 255 82 5 0 0 0 1 0 0 6 0 0 0 0 0 0 0 0 0 0 0 0 0 1 0 159 254 252 255 228 0 2 0 0 10 0 0 6 0 0 0 0 0 0 0 0 0 0 0 0 0 4 0 119 226 169 87 50 5 0 0 0 0 0 0 0 0 0 0 0 0 0 0 0 0 0 0 0 0 0 0 4 17 0 0 5 1 0 0 0 0 0 0 0 0 0 0 0 0 0 0 0 0 0 0 0 0 0 14 4 0 0 6 4 7 0 0 0 0 0 0 0 0 0 0 0 0 0 0 0 0 0 0 0 0 0 0 0 0 11 0 0 0 0 0 0 0 0 0 0 0 0 0 0 0
0 0 0 0 0 0 0 0 1 0 0 2 4 0 0 0 0 0 1 8 0 3 0 13 0 0 0 0 0 0 0 0 0 0 0 0 3 2 2 0 0 0 5 1 0 1 3 1 0 18 0 0 0 0 0 0 0 0 0 0 0 0 0 0 0 0 10 0 6 1 11 0 0 0 0 0 0 14 1 1 0 0 0 0 0 0 0 0 0 0 0 0 0 0 10 0 5 0 0 0 1 0 2 4 0 0 0 2 0 0 0 0 0 0 0 0 0 0 0 0 9 0 1 0 8 0 9 18 0 0 2 3 6 1 4 0 0 0 0 0 0 0 0 0 0 0 0 0 3 0 0 4 2 0 0 0 8 10 0 0 0 0 8 0 0 0 0 0 0 0 0 0 0 0 0 0 0 8 0 3 0 18 3 0 0 0 0 11 21 0 7 8 0 0 0 0 0 0 0 0 0 0 0 0 0 12 0 11 25 119 140 149 255 246 254 255 191 29 0 0 0 0 0 0 8 0 20 0 5 0 6 62 136 142 187 242 255 253 254 255 246 246 255 253 245 215 12 0 0 0 0 0 0 20 0 4 0 49 181 248 255 251 253 254 215 154 107 82 109 95 94 105 223 249 48 0 0 0 0 0 0 0 0 39 124 209 236 219 178 125 76 43 11 0 0 5 0 15 0 0 233 238 122 4 0 0 0 0 9 15 5 119 247 245 114 0 17 0 0 5 2 0 2 2 2 0 11 16 220 255 53 3 0 0 0 0 0 0 9 138 246 200 0 2 5 0 0 2 0 0 3 5 7 0 0 128 233 255 0 0 0 0 0 0 5 16 0 121 255 46 0 0 0 0 5 10 1 0 1 0 0 1 31 225 255 140 16 2 0 0 0 0 0 0 1 43 185 20 1 0 6 0 0 0 0 1 9 4 14 20 206 244 213 39 0 0 0 0 0 0 0 17 0 0 16 3 0 2 2 0 0 0 0 4 4 0 0 62 255 241 112 2 3 0 0 0 0 0 0 0 0 0 0 0 0 0 0 10 0 0 18 0 1 1 21 216 255 211 27 0 2 5 0 0 0 0 0 0 0 0 0 0 0 0 0 0 2 2 0 12 6 0 118 255 241 49 2 0 13 0 0 0 0 0 0 0 0 0 0 0 0 0 6 0 10 1 0 9 0 47 204 255 119 0 0 10 3 5 0 0 0 0 0 0 0 0 0 0 0 0 0 0 6 0 3 4 27 201 255 217 12 10 6 0 0 0 0 0 0 0 0 0 0 0 0 0 0 0 0 3 0 0 5 0 101 255 234 102 3 0 3 0 14 0 0 0 0 0 0 0 0 0 0 0 0 0 7 0 0 0 0 43 202 247 140 0 14 0 0 2 12 3 0 0 0 0 0 0 0 0 0 0 0 0 0 0 2 7 7 129 255 232 60 0 6 15 0 0 0 0 0 0 0 0 0 0 0 0 0 0 0 0 0 10 0 0 0 140 236 182 0 24 0 0 12 0 21 3 0 0 0 0 0 0 0 0 0 0 0 0 0 9 5 0 0 143 238 106 10 0 2 7 0 0 11 0 0 0 0 0 0 0 0 0 0 0 0 0 10 0 0 8 21 128 250 213 65 5 0 11 0 0 0 6 0 0 0 0 0 0 0 0 0 0 0 0 0 0 2 9 0 23 190 255 241 98 0 0 5 11 5 0 0 0 0 0 0 0 0 0 0 0 0 0 8 0 0 9 5 0 2 0 0 0 6 10 0 0 0 4 0 0 0 0
0 0 0 0 0 0 0 0 0 7 3 9 0 3 0 5 0 0 0 0 0 0 0 0 0 0 0 0 0 0 0 0 0 0 0 0 6 3 0 0 0 12 7 0 0 0 0 0 0 0 0 0 0 0 0 0 0 0 0 0 0 0 0 0 0 3 11 5 0 0 0 0 0 0 0 0 0 0 0 0 0 0 0 0 0 0 0 0 0 0 0 0 0 0 0 0 0 9 7 9 0 0 0 0 0 0 0 0 0 0 0 0 0 0 0 0 0 0 0 0 0 2 0 13 0 5 0 0 0 0 0 0 0 0 0 0 0 0 0 0 0 0 0 0 0 0 0 0 7 6 0 5 0 3 0 6 0 0 0 0 0 0 0 0 0 0 0 0 0 0 0 0 0 0 0 0 0 0 2 0 10 0 0 0 0 0 0 0 0 0 0 0 0 0 0 0 0 0 0 0 0 0 0 0 0 96 247 221 156 8 0 1 0 0 0 0 0 0 0 0 0 0 0 0 0 0 0 0 0 0 0 0 4 92 250 255 244 229 150 55 0 5 0 0 0 14 0 7 0 0 0 0 0 0 0 0 0 0 0 0 0 126 255 125 162 239 252 249 229 121 27 0 0 6 9 1 0 0 0 0 0 0 0 0 0 0 0 0 8 181 246 13 0 69 131 206 236 255 173 13 10 0 1 0 0 0 0 0 0 0 0 0 0 0 0 0 0 165 254 134 7 0 0 6 23 242 255 18 5 0 0 3 0 0 0 0 0 0 0 0 0 0 0 0 14 106 240 177 0 10 3 0 0 183 249 21 0 1 5 6 0 0 0 0 0 0 0 0 0 0 0 0 0 30 252 191 0 0 5 0 19 225 243 24 1 5 0 5 0 0 0 0 0 0 0 0 0 0 0 0 0 6 199 237 52 0 1 3 0 251 196 6 0 6 0 6 0 0 0 0 0 0 0 0 0 0 0 0 22 7 67 255 126 1 0 2 64 251 135 8 0 6 17 0 0 0 0 0 0 0 0 0 0 0 0 0 11 145 168 255 107 0 18 0 181 255 52 5 0 0 0 5 0 0 0 0 0 0 0 0 0 0 0 0 0 63 174 209 38 0 0 20 245 216 0 0 8 9 0 4 0 0 0 0 0 0 0 0 0 0 0 0 12 0 4 1 0 18 0 21 255 179 0 0 4 6 0 0 0 0 0 0 0 0 0 0 0 0 0 0 0 13 7 0 0 0 0 40 246 135 8 4 0 0 1 1 0 0 0 0 0 0 0 0 0 0 0 0 0 0 0 11 7 0 7 0 250 97 0 6 7 0 0 3 0 0 0 0 0 0 0 0 0 0 0 0 3 0 6 0 0 5 7 32 255 130 1 0 0 0 5 0 0 0 0 0 0 0 0 0 0 0 0 0 2 8 7 0 3 9 0 13 254 168 19 0 0 2 8 0 0 0 0 0 0 0 0 0 0 0 0 0 0 0 0 16 0 0 19 18 245 148 0 0 9 0 0 3 0 0 0 0 0 0 0 0 0 0 0 0 2 2 3 0 0 14 0 63 255 41 15 0 1 5 0 2 0 0 0 0 0 0 0 0 0 0 0 0 0 6 0 2 7 0 10 208 234 0 0 5 9 5 0 0 0 0 0 0 0 0 0 0 0 0 0 0 0 12 2 0 3 0 8 158 239 33 9 0 0 0 1 12 0 0 0 0 0 0 0 0 0 0 0 0 2 1 9 0 0 11 0 1 11 0 0 0 18 12 0 0 0 0 0 0
0 0 0 0 0 0 0 0 0 0 1 1 3 5 3 0 1 0 0 1 8 0 0 2 0 0 0 0 0 0 0 0 0 0 0 0 0 2 2 0 0 0 0 0 0 0 0 0 0 6 9 5 0 0 0 0 0 0 0 0 0 0 0 0 1 2 3 0 0 0 0 2 0 3 10 6 0 2 3 0 0 0 0 0 0 0 0 0 0 0 0 0 3 0 0 2 2 0 1 4 5 0 0 3 0 0 5 6 0 0 0 0 0 0 0 0 0 0 0 0 5 0 0 2 5 1 0 0 0 0 5 6 1 0 0 0 0 0 0 0 0 0 0 0 0 0 0 0 6 0 0 1 2 0 0 0 0 8 0 0 0 7 6 6 0 0 0 0 0 0 0 0 0 0 0 0 3 0 0 2 0 0 1 15 2 4 0 0 20 0 0 7 0 0 0 0 0 0 0 0 0 0 0 0 0 0 1 4 0 0 12 37 132 147 180 250 255 120 0 0 0 0 0 0 0 0 0 0 0 0 0 0 10 20 37 116 117 137 217 255 255 253 255 254 255 97 0 3 0 0 0 0 0 0 0 0 0 0 0 0 137 234 250 255 249 243 255 238 228 178 254 253 167 27 10 0 0 0 0 0 0 0 0 0 0 0 0 0 224 255 229 251 255 208 139 70 0 71 237 255 37 0 0 9 0 0 0 0 0 0 0 0 0 0 0 0 45 101 69 88 56 0 0 0 9 177 255 185 0 10 0 0 0 0 0 0 0 0 0 0 0 0 0 0 0 20 0 0 0 3 11 0 82 234 255 37 0 1 15 1 0 0 0 0 0 0 0 0 0 0 0 0 0 6 0 4 0 5 0 2 190 255 197 14 0 0 6 0 0 0 0 0 0 0 0 0 0 0 0 0 0 0 0 11 8 3 0 73 255 215 42 0 0 18 0 0 0 0 0 0 0 0 0 0 0 0 0 0 4 0 1 0 0 3 0 140 250 184 1 1 8 1 0 9 0 0 0 0 0 0 0 0 0 0 0 0 0 0 8 0 9 0 57 255 239 55 1 7 0 2 0 2 0 0 0 0 0 0 0 0 0 0 0 0 0 12 0 10 0 13 175 255 158 23 0 4 0 3 0 3 0 0 0 0 0 0 0 0 0 0 0 0 8 0 8 0 0 89 255 236 62 0 0 2 0 4 0 2 0 0 0 0 0 0 0 0 0 0 0 0 0 0 0 0 6 191 246 157 7 0 3 0 0 5 0 0 0 0 0 0 0 0 0 0 0 0 0 0 0 20 0 0 149 243 233 57 0 0 7 0 0 5 0 0 0 0 0 0 0 0 0 0 0 0 0 0 0 0 0 22 235 246 128 0 0 3 3 0 0 2 4 0 0 0 0 0 0 0 0 0 0 0 0 0 11 5 13 187 242 240 28 4 1 0 0 1 0 0 6 0 0 0 0 0 0 0 0 0 0 0 0 0 0 0 35 251 255 92 4 0 2 0 0 9 0 0 6 0 0 0 0 0 0 0 0 0 0 0 0 0 7 3 224 255 201 0 12 0 0 0 0 0 0 0 0 0 0 0 0 0 0 0 0 0 0 0 0 0 0 121 255 240 43 26 0 0 0 0 0 0 0 0 0 0 0 0 0 0 0 0 0 0 0 0 0 0 0 79 248 90 17 0 17 8 0 0 0 0 0 0 0 0 0 0 0 0 0 0 0 0 0 0 0 0 5 0 5 3 0 16 0 0 0 0 0 0 0 0 0 0 0 0 0 0
0 0 0 0 0 0 0 0 2 0 0 0 6 4 0 0 3 0 9 0 0 8 0 5 0 0 0 0 0 0 0 0 0 0 0 0 4 2 3 4 0 0 0 1 7 0 1 0 1 9 0 0 0 0 0 0 0 0 0 0 0 0 0 0 0 0 0 2 0 0 3 11 1 0 4 0 0 5 4 15 0 0 0 0 0 0 0 0 0 0 0 0 3 0 0 0 0 0 0 0 0 0 4 0 0 0 0 0 0 0 0 0 0 0 0 0 0 0 0 0 0 2 3 5 7 8 6 3 0 0 0 5 11 9 3 0 0 0 0 0 0 0 0 0 0 0 0 0 0 2 7 2 0 0 0 0 0 6 0 0 0 0 1 5 0 0 0 0 0 0 0 0 0 0 0 0 3 2 0 0 0 8 7 2 0 10 0 9 8 0 7 0 0 0 0 0 0 0 0 0 0 0 0 0 3 0 0 20 72 116 125 113 116 122 130 200 255 255 239 179 0 0 0 0 2 0 10 0 14 0 100 233 122 114 116 193 251 248 255 255 248 255 250 255 245 255 250 231 0 0 0 0 0 0 0 2 0 10 226 255 255 248 240 255 255 248 255 244 255 236 250 248 248 255 243 94 0 0 0 0 7 9 0 10 1 47 255 255 240 243 255 255 244 254 227 178 169 192 255 245 255 232 76 0 0 0 0 0 0 4 19 4 0 1 109 174 207 184 146 68 45 60 21 0 40 205 223 255 232 96 0 6 0 0 0 0 14 0 0 0 16 7 0 16 0 0 7 0 6 3 0 40 193 255 255 227 99 1 0 3 0 0 0 0 0 11 9 5 0 0 0 0 0 2 5 7 1 0 48 195 254 239 255 95 0 3 0 0 0 0 0 0 0 1 0 1 0 0 21 0 9 2 0 0 0 14 141 255 255 255 169 38 8 0 15 0 0 0 0 0 2 4 0 1 7 0 0 0 0 0 0 7 12 102 236 255 253 186 35 0 0 8 0 11 0 0 0 0 0 10 0 0 7 0 4 0 3 0 7 0 34 239 255 250 188 31 0 9 4 0 0 2 0 0 0 0 0 11 2 0 0 0 11 0 0 0 14 88 209 255 248 199 23 0 0 6 0 0 0 0 0 0 0 0 0 0 0 4 1 0 6 0 6 0 41 246 247 230 201 16 0 0 15 4 0 7 4 0 0 0 0 0 8 0 0 9 5 0 4 3 0 36 192 255 253 242 72 0 10 2 0 0 0 8 4 5 0 0 0 0 6 0 4 2 0 0 3 19 2 88 255 230 239 116 1 0 0 0 0 0 2 0 0 5 0 0 0 0 0 5 6 0 2 7 0 0 99 255 252 255 240 0 0 4 0 16 8 4 4 0 0 0 0 0 0 0 0 1 0 0 15 10 0 38 221 246 254 244 92 0 6 3 0 1 0 0 0 4 14 0 0 0 0 0 0 0 2 0 5 0 32 182 247 254 246 129 6 0 6 0 3 3 0 11 4 0 6 0 0 0 0 0 2 6 0 0 0 5 124 250 255 250 126 26 8 0 0 2 0 0 0 0 0 0 0 0 0 0 0 0 0 0 1 18 7 0 235 255 255 156 27 0 0 2 8 0 0 0 0 0 0 0 0 0 0 0 0 0 9 0 0 0 0 0 255 241 140 40 0 0 0 0 15 0 0 0 0 0 0 0 0 0 0 0 0 0 0 0 4 6 0 0 14 0 10 0 2 17 0 0 12 0 0 0 0 0 0 0 0 0 0 0 0 0
0 0 1 1 3 5 3 0 0 8 0 0 0 0 7 0 0 10 0 1 3 0 2 1 0 0 0 0 0 2 2 0 0 0 0 0 0 6 8 9 6 1 1 0 0 7 0 0 6 0 6 0 0 0 0 0 1 2 3 0 0 0 0 2 5 0 0 0 0 0 0 5 0 10 4 7 7 0 0 0 0 0 0 0 3 0 0 2 2 0 1 4 0 0 7 8 9 8 0 5 0 2 0 0 0 0 0 9 0 0 0 0 5 0 0 2 5 1 0 0 0 0 0 1 1 0 0 0 7 7 5 4 13 10 0 0 0 0 0 0 6 0 0 1 2 0 0 0 2 10 0 2 2 0 7 0 0 0 2 0 0 1 0 12 0 0 0 0 3 0 0 2 0 0 1 15 0 17 0 0 0 0 20 0 14 7 8 0 0 5 0 2 0 0 0 0 0 0 1 4 0 0 12 37 236 240 155 137 143 170 255 250 254 238 250 255 255 209 70 0 0 0 0 0 0 7 0 2 7 0 16 137 253 247 249 250 249 254 255 252 251 248 249 255 246 255 184 0 0 0 0 0 0 8 0 0 15 5 0 19 87 218 252 193 179 186 177 180 179 201 170 233 255 242 89 10 0 0 0 0 0 7 0 0 2 6 0 0 2 68 48 0 0 14 0 0 0 6 131 255 248 255 81 0 0 0 0 0 0 0 3 5 0 0 1 13 14 3 1 1 0 0 4 5 0 113 255 239 251 95 9 0 0 0 0 0 7 0 0 11 3 0 0 0 0 0 0 7 0 0 3 4 62 247 255 255 215 10 0 7 0 0 0 0 3 0 0 1 0 0 1 0 16 23 0 0 15 0 0 40 222 255 237 228 31 5 15 1 0 0 0 0 0 5 5 0 0 0 6 9 0 0 0 5 11 0 31 156 241 253 253 104 10 0 1 1 0 0 0 0 0 0 0 2 11 3 0 0 10 0 1 6 0 8 127 254 250 255 67 15 0 0 0 2 0 0 0 0 0 0 0 0 0 0 0 0 0 14 0 0 8 134 248 252 238 97 8 5 1 0 0 0 0 0 0 0 0 0 0 0 0 0 0 0 1 0 8 1 85 255 228 255 111 29 0 0 0 0 5 0 0 0 0 0 0 0 0 0 0 0 0 0 2 0 0 50 222 255 247 155 13 0 0 2 0 0 6 0 0 0 0 0 0 0 0 0 0 0 0 0 0 13 8 189 248 251 158 25 0 0 6 9 0 0 2 0 0 0 0 0 0 0 0 0 0 0 0 0 0 0 156 255 239 219 12 0 3 0 0 5 0 0 0 3 0 0 0 0 0 0 0 0 0 0 0 0 5 106 255 255 234 88 0 9 5 0 0 2 6 0 0 1 0 0 0 0 0 0 0 0 0 0 0 0 44 254 237 233 119 0 8 2 1 1 0 0 6 2 0 0 0 0 0 0 0 0 0 0 0 0 0 0 117 253 251 142 5 0 9 0 0 3 1 0 0 3 0 2 0 0 0 0 14 0 2 5 0 7 0 14 215 255 243 69 0 0 0 1 0 0 0 0 0 0 0 0 0 0 0 0 0 5 8 0 8 0 17 178 255 215 96 10 0 4 0 1 0 0 0 0 0 0 0 0 0 0 0 0 0 13 3 0 17 0 3 167 245 167 19 0 0 0 0 6 0 0 0 0 0 0 0 0 0 0 0 0 5 0 0 0 6 1 0 22 0 4 0 0 9 4 0 0 0 0 0 0 0 0 0 0 0 0 0 0
0 0 0 0 0 0 0 0 1 0 0 4 3 0 0 5 0 0 0 0 0 0 0 0 0 0 0 0 0 0 0 0 0 0 0 0 0 0 0 0 0 3 1 0 0 0 0 0 0 0 0 0 0 0 0 0 0 0 0 0 0 0 0 0 9 5 0 0 0 4 5 4 0 0 0 0 0 0 0 0 0 0 0 0 0 0 0 0 0 0 0 0 5 0 0 4 3 0 0 3 0 0 0 0 0 0 0 0 0 0 0 0 0 0 0 0 0 0 0 0 0 0 5 12 8 0 0 1 0 0 0 0 0 0 0 0 0 0 0 0 0 0 0 0 0 0 0 0 0 7 4 0 0 2 8 5 0 0 0 0 0 0 0 0 0 0 0 0 0 0 0 0 0 0 0 0 0 0 0 0 5 0 0 0 0 0 0 0 0 0 0 0 0 0 0 0 0 0 0 0 0 0 0 0 8 0 10 76 88 34 0 0 0 0 0 0 0 0 0 0 0 0 0 0 0 7 6 0 0 0 9 0 0 79 78 238 255 221 218 135 80 70 71 0 5 0 0 2 0 0 0 0 0 0 0 18 0 4 18 33 176 255 250 255 231 238 246 254 248 255 237 184 40 18 0 17 0 0 0 0 14 4 13 0 15 8 101 255 255 248 232 102 25 136 117 109 169 254 251 255 236 130 110 61 0 0 0 0 0 0 0 2 44 217 255 255 234 173 16 0 5 0 0 0 3 0 14 149 247 254 250 249 0 0 0 0 0 1 10 13 135 255 246 193 136 26 0 15 4 0 0 8 0 7 0 156 251 246 238 104 0 0 0 0 10 0 0 0 231 161 64 45 0 20 0 0 0 0 3 1 0 6 8 120 255 255 98 0 0 0 0 0 0 3 3 0 17 8 0 0 8 0 18 11 0 7 0 4 0 15 18 224 241 172 6 10 0 0 0 0 0 0 5 5 0 0 10 0 0 12 0 0 4 0 9 0 8 19 209 252 87 4 0 0 0 0 0 0 0 0 0 0 0 0 0 0 0 0 0 0 23 0 0 2 38 207 242 213 1 0 15 5 0 0 0 0 0 0 0 0 0 0 0 0 0 0 16 12 0 11 0 20 202 253 220 27 8 0 0 0 0 0 0 0 0 0 0 0 0 0 0 0 12 0 0 0 0 2 38 205 255 191 34 11 0 12 11 1 0 0 0 0 0 0 0 0 0 0 0 0 0 6 0 5 10 0 98 248 219 22 0 16 0 1 1 0 0 0 0 0 0 0 0 0 0 0 0 0 1 6 1 2 6 112 253 247 101 0 19 0 17 0 0 0 0 0 0 0 0 0 0 0 0 0 0 0 0 0 0 36 81 233 218 151 0 17 0 1 7 0 6 7 0 0 0 0 0 0 0 0 0 0 0 0 0 17 37 190 255 220 34 0 6 0 13 3 2 2 0 0 0 0 0 0 0 0 0 0 0 0 0 0 3 0 5 198 254 108 6 0 0 18 0 0 5 0 18 0 0 0 0 0 0 0 0 0 0 0 0 0 0 73 216 248 117 8 0 0 0 0 0 0 0 0 0 0 0 0 0 0 0 0 0 0 0 0 0 0 4 133 222 137 1 0 16 0 0 0 0 0 0 0 0 0 0 0 0 0 0 0 0 0 0 0 0 0 0 0 4 1 0 9 11 0 0 0 0 0 0 0 0 0 0 0 0 0 0 0 0 0 0 0 0 0 0 7 11 7 0 0 0 2 0 0 0 0 0 0 0 0 0 0 0 0
0 0 0 0 0 0 0 0 0 0 0 0 0 0 0 0 0 0 0 0 0 0 0 0 0 0 0 0 0 0 0 0 0 0 0 0 0 0 0 0 0 0 0 0 0 0 0 0 0 0 0 0 0 0 0 0 0 0 0 0 0 0 0 0 0 0 0 0 0 0 0 0 0 0 0 0 0 0 0 0 0 0 0 0 0 0 0 0 0 0 0 0 0 0 0 0 0 0 0 0 0 0 0 0 0 0 0 0 0 0 0 0 0 0 0 0 0 0 0 0 0 0 0 0 0 0 0 0 0 0 0 0 0 0 0 0 0 0 0 0 0 0 0 0 0 0 0 0 0 0 0 0 0 0 0 0 0 0 0 0 0 0 0 0 0 0 0 0 0 0 0 0 0 0 0 0 0 0 0 0 0 0 0 0 0 0 0 0 0 0 0 0 0 0 0 0 0 0 0 0 0 0 0 0 0 0 0 0 0 0 0 0 0 0 0 0 0 0 0 0 0 0 0 0 1 0 15 0 0 1 0 2 2 74 99 9 0 3 11 2 2 6 0 0 0 2 3 6 0 0 7 0 14 0 0 0 16 0 20 0 158 245 255 181 80 33 0 0 2 0 13 13 0 0 20 167 167 8 0 3 0 13 13 0 1 0 47 140 246 251 228 238 254 250 159 128 89 26 0 26 25 129 244 255 182 0 0 15 0 15 0 7 0 89 244 255 247 230 81 0 67 163 180 253 255 255 250 255 242 254 231 169 41 0 7 6 0 0 14 0 14 233 243 249 207 19 0 13 5 0 23 26 24 17 157 234 255 253 65 0 0 11 0 0 9 0 0 8 0 214 255 200 69 9 0 0 2 0 0 0 0 1 167 249 154 58 0 19 3 11 0 0 0 0 13 0 10 110 41 0 0 0 3 10 17 6 0 2 69 255 236 113 29 4 0 0 6 0 0 15 4 0 0 0 0 4 3 0 1 2 0 0 0 7 7 37 233 246 130 20 0 4 0 2 2 0 2 0 0 0 0 0 0 0 0 0 7 0 2 0 3 9 27 183 255 159 50 0 0 0 10 4 0 0 0 0 0 0 0 0 0 0 0 0 0 7 0 0 0 0 161 243 194 20 0 21 16 0 0 0 0 0 0 0 0 0 0 0 0 0 0 0 0 0 2 12 0 134 245 195 14 0 1 2 0 0 2 0 0 0 0 0 0 0 0 0 0 0 0 0 0 10 0 6 151 243 241 38 0 3 2 0 2 5 0 0 0 0 0 0 0 0 0 0 0 0 0 0 7 2 6 66 255 250 74 0 21 0 0 11 0 0 7 0 0 0 0 0 0 0 0 0 0 0 0 0 0 20 30 247 250 81 2 2 0 4 13 3 0 0 4 4 0 0 0 0 0 0 0 0 0 0 0 0 1 30 189 255 126 0 0 6 0 8 0 0 22 3 0 15 0 0 0 0 0 0 0 0 0 0 0 0 2 149 255 195 0 9 0 0 0 0 2 0 0 2 5 0 0 0 0 0 0 0 0 0 0 0 0 0 0 125 255 212 20 0 0 7 0 0 0 0 0 0 0 0 0 0 0 0 0 0 0 0 0 0 0 0 0 38 104 84 0 11 0 1 0 0 0 0 0 0 0 0 0 0 0 0 0 0 0 0 0 0 0 0 4 0 9 0 0 5 0 7 0 0 0 0 0 0 0 0 0 0 0 0 0 0 0 0 0 0 0 0 7 0 7 0 4 0 0 5 0 0 0 0 0 0 0 0 0 0 0 0
0 0 7 1 0 0 5 0 1 0 0 2 8 9 2 0 3 0 0 1 6 1 0 1 0 0 0 0 9 0 0 0 0 4 8 1 0 0 0 0 0 0 1 7 0 9 10 0 0 0 1 0 0 0 0 0 5 0 0 2 6 2 0 0 4 7 8 5 0 0 0 0 0 3 5 1 3 8 5 0 0 0 0 0 0 3 6 5 4 0 0 0 0 0 0 0 3 5 2 0 3 0 0 0 0 0 0 9 0 0 0 0 0 10 3 0 0 4 3 7 6 2 0 0 0 0 0 0 0 4 13 11 2 0 0 2 0 0 0 0 0 8 0 0 6 4 0 0 0 0 6 5 0 0 0 0 0 0 0 0 0 7 4 0 0 0 0 0 0 3 0 1 12 0 0 24 4 0 0 0 0 4 4 2 11 0 0 7 9 0 0 7 0 0 0 0 0 2 0 0 4 0 27 115 138 89 31 2 4 13 7 0 0 22 108 181 137 22 0 10 0 0 0 0 0 0 0 7 0 4 155 248 255 251 244 255 243 234 229 255 255 252 250 243 255 33 0 4 0 0 0 0 1 0 0 0 0 16 237 255 255 254 255 255 255 245 249 247 255 252 255 250 255 130 5 0 0 0 0 0 2 0 2 0 0 14 255 226 224 233 255 225 255 255 255 236 246 243 255 255 235 153 0 8 0 0 0 0 0 0 7 0 4 0 175 98 0 27 84 65 110 88 81 24 80 115 231 251 255 78 0 1 0 0 0 0 0 0 4 0 5 0 56 2 0 0 6 0 0 1 16 1 0 76 227 246 255 4 7 0 0 0 0 0 3 0 0 0 2 3 1 0 0 1 6 7 6 0 0 0 34 202 255 255 174 0 9 5 0 0 0 0 7 0 1 0 0 4 2 1 4 0 0 0 0 0 0 5 75 255 255 219 56 13 0 0 0 0 0 0 4 0 10 4 0 0 10 0 5 0 3 0 12 0 4 0 171 255 255 72 0 0 14 0 0 0 0 0 0 0 0 0 0 0 0 0 8 0 5 0 8 4 0 89 251 251 200 36 0 4 0 0 0 0 0 0 0 0 0 0 0 0 0 0 0 2 13 0 0 0 22 215 250 239 52 0 10 0 1 16 0 0 0 0 0 0 0 0 0 0 0 0 1 6 0 4 14 10 102 255 246 255 104 11 9 5 1 0 0 0 0 0 0 0 0 0 0 0 0 0 5 3 0 0 0 0 192 255 250 136 31 2 0 4 1 10 0 0 0 0 0 0 0 0 0 0 0 0 0 3 0 2 5 93 247 252 240 33 0 8 3 0 0 13 0 0 0 0 0 0 0 0 0 0 0 0 0 8 0 0 58 238 255 253 51 0 10 0 5 0 4 0 0 0 0 0 0 0 0 0 0 0 0 0 0 5 0 17 105 252 239 195 13 3 0 0 10 4 2 1 0 0 0 0 0 0 0 0 0 0 0 0 9 0 6 97 236 255 241 32 0 0 5 6 0 10 0 6 0 0 0 0 0 0 0 0 0 0 0 0 9 0 0 187 251 252 127 0 0 0 0 0 0 0 0 0 0 0 0 0 0 0 0 0 0 0 0 0 0 19 0 150 255 245 84 0 0 0 0 0 0 0 0 0 0 0 0 0 0 0 0 0 0 0 0 0 2 0 0 176 255 126 0 12 0 0 0 0 0 0 0 0 0 0 0 0 0 0 0 0 0 0 0 0 0 11 0 2 3 0 6 0 0 0 0 0 0 0 0 0 0 0 0 0
0 0 0 0 0 0 0 0 0 0 0 0 0 0 0 0 0 0 0 0 0 0 0 0 0 0 0 0 0 0 0 0 0 0 0 0 0 0 0 0 0 0 0 0 0 0 0 0 0 0 0 0 0 0 0 0 0 0 0 0 0 0 0 0 0 0 0 0 0 0 0 0 0 0 0 0 0 0 0 0 0 0 0 0 0 0 0 0 0 0 0 0 0 0 0 0 0 0 0 0 0 0 0 0 0 0 0 0 0 0 0 0 0 0 0 0 0 0 0 0 0 0 0 0 0 0 0 0 0 0 0 0 0 0 0 0 0 0 0 0 0 0 0 0 0 0 0 0 0 0 0 0 0 0 0 0 0 0 0 0 0 0 0 0 0 0 0 0 0 0 0 0 0 0 0 0 0 0 0 0 0 0 0 0 0 0 0 0 0 0 0 0 0 0 0 0 0 0 0 0 0 0 0 0 0 0 0 0 0 0 0 0 0 0 0 0 0 0 0 0 0 0 0 0 1 0 0 0 0 82 180 177 167 195 163 170 187 172 171 96 8 0 15 0 0 7 0 2 0 0 0 0 6 0 17 2 241 244 255 237 243 244 245 255 237 244 255 238 224 76 0 0 1 1 12 0 0 0 0 0 0 3 0 0 251 255 227 255 255 241 255 254 246 249 247 255 240 212 8 0 11 0 0 0 0 0 0 0 0 0 0 12 97 161 154 237 243 255 231 87 183 255 255 238 255 200 1 17 0 0 16 2 0 0 0 0 11 0 20 1 0 16 14 31 39 33 42 1 138 233 242 255 249 203 0 5 0 0 0 3 0 0 0 0 0 0 5 0 0 17 0 0 0 11 1 0 10 202 255 250 255 211 12 2 0 10 4 0 0 0 0 0 4 20 0 0 0 13 0 8 3 4 13 147 109 219 253 247 249 204 0 0 4 0 6 6 0 0 0 0 0 5 0 3 8 0 0 3 4 0 17 250 255 255 248 252 246 247 199 193 24 62 186 38 0 0 0 0 0 0 0 0 0 0 0 0 0 8 12 247 255 251 254 247 255 245 245 255 243 239 255 247 0 0 0 0 0 0 0 0 0 0 0 0 6 0 37 124 189 252 255 252 253 255 250 248 255 255 242 241 0 0 0 0 0 0 0 0 0 0 0 0 4 0 3 10 39 212 242 242 251 245 255 243 235 255 152 85 0 0 0 0 0 0 0 0 0 0 0 0 0 6 0 1 0 193 255 255 239 237 0 19 51 0 9 0 0 0 0 0 0 0 0 0 0 0 0 0 0 0 9 2 8 182 255 244 254 201 9 8 0 0 19 0 0 0 0 0 0 0 0 0 0 0 0 0 4 0 5 0 0 202 255 243 244 210 2 0 12 0 10 0 0 0 0 0 0 0 0 0 0 0 0 0 4 1 0 9 0 172 255 238 225 64 0 0 0 0 0 15 0 0 0 0 0 0 0 0 0 0 0 0 0 0 1 0 0 12 162 96 4 0 3 1 0 7 7 0 0 0 0 0 0 0 0 0 0 0 0 0 0 0 0 0 0 0 0 0 0 0 0 0 0 0 0 0 0 0 0 0 0 0 0 0 0 0 0 0 0 0 0 0 0 0 0 0 0 0 0 0 0 0 0 0 0 0 0 0 0 0 0 0 0 0 0 0 0 0 0 0 0 0 0 0 0 0 0 0 0 0 0 0 0 0 0 0 0 0 0 0 0 0 0 0 0 0 0 0 0 0 0 0 0 0 0 0 0 0 0 0 0 0 0 0
0 0 0 0 0 0 0 0 1 0 0 0 0 0 0 0 1 3 0 0 1 2 0 0 0 0 0 0 0 0 0 0 0 0 0 0 0 0 0 0 0 0 1 1 0 4 9 0 0 4 6 0 0 0 0 0 0 0 0 0 0 0 0 0 0 0 0 1 1 1 1 1 10 0 0 5 3 0 0 0 0 0 0 0 0 0 0 0 0 0 0 0 0 0 0 0 1 0 0 0 10 0 0 3 0 2 7 3 0 0 0 0 0 0 0 0 0 0 0 0 0 0 0 0 0 0 0 0 0 6 12 0 0 0 0 0 0 0 0 0 0 0 0 0 0 0 0 0 1 0 0 0 0 0 0 0 0 0 0 2 18 12 1 5 0 0 0 0 0 0 0 0 0 0 0 0 2 0 0 0 0 1 4 6 0 17 0 0 0 0 0 2 0 0 0 0 0 0 0 0 0 0 0 0 1 0 0 0 0 5 10 13 128 226 190 53 0 5 1 3 0 0 0 0 0 17 0 8 0 0 0 0 1 4 22 88 88 142 231 255 251 241 255 161 0 0 1 1 0 0 0 0 0 0 0 0 14 0 45 125 173 239 255 255 248 255 255 227 253 255 254 158 6 2 0 0 0 0 0 0 2 4 0 2 2 9 230 255 249 255 249 245 255 221 165 124 119 247 240 135 3 0 3 2 0 0 0 0 0 9 0 6 0 15 255 255 238 202 164 130 107 15 0 0 62 255 255 94 0 0 3 0 0 0 0 0 0 0 6 0 14 7 63 134 39 0 0 0 13 7 7 0 139 255 239 22 0 6 4 0 0 0 0 0 0 2 4 0 2 0 0 12 0 0 19 7 0 0 0 24 213 253 177 0 2 3 0 4 0 0 0 0 1 8 0 5 0 0 29 0 8 0 0 4 7 0 0 67 255 255 142 10 7 0 0 1 0 0 0 0 4 0 5 0 8 0 0 8 0 10 0 0 3 3 3 114 249 253 89 3 0 0 7 0 0 0 0 0 0 0 0 0 0 0 0 0 3 0 3 0 0 0 13 235 246 229 3 6 0 0 7 0 0 0 0 0 0 0 0 0 0 0 0 0 1 0 2 2 0 0 63 243 255 191 7 7 0 0 3 0 0 0 0 0 0 0 0 0 0 0 0 0 0 0 0 4 0 0 134 249 255 122 6 4 0 0 0 0 0 0 0 0 0 0 0 0 0 0 0 0 0 0 0 6 0 6 204 254 242 49 0 0 0 0 0 2 0 0 0 0 0 0 0 0 0 0 0 0 0 5 0 7 0 29 250 255 210 5 0 0 0 0 0 2 0 0 0 0 0 0 0 0 0 0 0 0 0 2 0 0 1 56 255 251 167 0 0 0 2 0 1 0 0 0 0 0 0 0 0 0 0 0 0 0 0 0 0 0 8 88 254 250 118 3 0 0 5 0 7 0 0 0 0 0 0 0 0 0 0 0 0 0 3 2 3 0 20 116 253 255 81 7 0 0 6 0 12 0 0 0 0 0 0 0 0 0 0 0 0 0 13 0 0 0 12 225 251 254 62 0 0 8 0 7 0 2 0 0 0 0 0 0 0 0 0 0 0 0 0 0 14 8 31 224 255 253 97 12 0 0 0 7 0 2 0 0 0 0 0 0 0 0 0 0 0 0 5 2 0 0 5 152 231 243 60 3 0 0 0 10 0 0 0 0 0 0 0 0 0 0 0 0 0 0 0 0 2 10 0 0 14 0 0 0 5 4 0 6 0 0 0 0 0 0
0 0 7 0 0 4 5 0 0 0 0 0 0 0 0 0 2 2 0 0 0 0 0 0 0 0 0 0 0 8 0 0 6 0 0 0 0 0 0 0 0 0 0 0 0 0 0 0 1 1 2 2 0 0 0 0 0 8 0 11 6 3 3 6 0 0 0 0 0 0 0 0 0 1 1 2 2 2 1 1 0 0 0 0 8 0 0 13 0 2 6 0 0 0 0 0 0 0 0 0 1 2 2 2 1 0 0 0 0 0 0 0 0 0 5 7 0 11 0 9 0 0 0 0 0 0 0 0 0 0 0 0 0 0 0 0 0 0 0 0 0 4 1 0 20 0 0 10 0 0 0 0 0 0 0 0 0 0 0 0 0 1 3 4 0 0 0 0 2 16 0 0 3 0 22 0 0 0 0 0 0 0 0 0 6 4 1 0 0 1 3 4 0 0 0 0 0 1 1 1 0 47 184 43 0 0 0 0 0 0 0 0 16 13 7 2 0 0 0 1 0 0 0 0 8 0 0 4 0 165 254 255 52 0 10 0 0 10 72 155 255 237 156 39 9 0 0 5 0 0 0 0 0 0 4 0 21 84 229 255 215 126 43 59 125 214 255 255 245 255 255 180 2 12 12 0 0 0 0 0 4 0 13 0 5 0 119 247 255 255 244 255 255 249 221 186 115 102 245 233 102 0 0 8 0 0 0 0 6 0 12 0 0 7 50 255 252 243 255 255 236 123 27 0 7 18 255 254 170 7 8 0 0 0 0 0 0 0 0 0 1 23 16 202 248 157 14 11 29 2 0 12 0 32 254 248 56 0 4 2 0 0 0 0 0 12 0 0 8 0 0 60 253 228 7 6 0 0 5 0 8 123 255 220 44 6 0 2 0 0 0 0 0 4 0 1 13 0 11 4 224 246 83 0 0 8 19 0 89 255 255 57 0 5 1 5 0 0 0 0 7 0 8 4 0 9 7 0 215 244 213 5 1 0 0 6 123 255 244 70 10 0 0 1 0 0 0 0 0 0 0 0 0 0 0 0 36 210 93 0 14 0 2 0 129 251 255 72 2 0 4 0 0 0 0 0 0 0 0 0 0 0 0 0 0 45 0 0 17 0 0 16 132 253 249 57 3 0 3 1 0 0 0 0 0 0 0 0 0 0 0 0 5 0 1 0 2 8 0 0 131 250 224 27 0 0 0 0 0 0 0 0 0 0 0 0 0 0 0 0 4 0 19 0 0 10 9 0 131 250 205 3 0 2 0 0 0 0 0 0 0 0 0 0 0 0 0 0 0 0 0 3 0 0 4 10 136 255 202 0 0 9 0 4 0 0 0 0 0 0 0 0 0 0 0 0 8 11 0 7 19 0 0 0 133 254 204 0 0 9 0 2 0 0 0 0 0 0 0 0 0 0 0 0 0 2 0 0 5 7 6 0 128 251 210 5 0 4 0 0 0 0 0 0 0 0 0 0 0 0 0 0 5 0 5 4 0 0 0 7 128 252 220 15 0 4 0 0 0 0 0 0 0 0 0 0 0 0 0 0 0 0 0 0 0 0 0 0 117 255 255 70 0 0 6 7 0 0 0 0 0 0 0 0 0 0 0 0 0 0 0 0 0 0 0 0 150 251 228 79 25 2 0 0 0 0 0 0 0 0 0 0 0 0 0 0 0 0 0 0 0 0 0 0 72 241 244 57 0 0 11 0 0 0 0 0 0 0 0 0 0 0 0 0 0 0 0 0 0 0 0 0 1 8 0 0 12 2 0 9 0 0 0 0
0 0 0 0 0 0 0 0 0 0 0 4 4 1 1 3 3 0 0 0 0 2 0 0 0 0 0 0 0 0 0 0 0 0 0 0 4 4 0 0 0 0 0 0 0 1 2 3 5 5 3 2 0 0 0 0 0 0 0 0 0 0 0 0 0 0 3 0 1 8 7 0 0 0 0 0 0 0 0 0 0 0 0 0 0 0 0 0 0 0 0 0 0 1 3 4 2 0 0 0 0 0 0 0 2 5 8 10 0 0 0 0 0 0 0 0 0 0 0 0 8 0 0 3 4 0 2 12 0 0 0 0 0 0 0 0 0 0 0 0 0 0 0 0 0 0 0 0 0 0 0 3 3 0 0 0 0 0 0 5 8 7 3 1 0 0 0 0 0 0 0 0 0 0 0 0 0 4 4 0 0 5 7 0 5 8 8 1 0 0 0 7 0 0 0 0 0 0 0 0 0 0 0 0 0 15 11 0 23 84 125 129 169 156 123 72 21 0 0 3 0 0 0 0 0 1 0 2 1 0 3 150 253 246 255 249 255 255 245 255 252 245 253 246 39 0 2 0 0 0 0 0 0 0 0 0 0 5 14 136 255 255 253 255 255 250 255 253 255 253 255 255 0 0 0 12 0 0 0 0 6 0 0 0 0 0 0 75 237 192 113 104 101 94 110 96 224 247 250 138 0 13 11 0 0 0 0 0 4 0 4 3 0 0 0 12 0 9 0 7 16 1 0 19 219 255 206 5 0 0 11 0 0 0 0 0 0 0 4 4 7 6 0 0 0 15 2 1 0 0 0 86 251 238 67 9 22 0 0 10 0 0 0 0 2 0 3 0 6 2 6 1 0 6 5 0 0 32 93 247 255 208 78 138 91 7 6 0 0 0 0 0 2 5 3 0 5 0 0 1 11 0 12 136 185 242 239 247 254 255 249 255 145 0 12 0 0 0 0 0 0 5 5 0 13 0 0 5 0 15 117 255 238 245 255 252 252 255 255 243 158 3 5 0 0 0 0 0 0 0 0 0 0 0 0 0 0 18 138 252 255 255 239 255 193 205 193 134 52 0 0 9 0 0 0 0 0 0 0 0 0 0 0 0 5 0 19 59 94 255 255 173 12 6 0 0 0 0 0 0 0 0 0 0 0 0 0 0 0 0 0 0 1 11 0 8 54 236 253 27 0 0 0 0 5 11 9 4 0 0 0 0 0 0 0 0 0 0 0 0 0 0 9 5 107 255 182 1 2 7 10 4 0 0 0 0 0 0 0 0 0 0 0 0 0 0 0 0 11 12 0 41 231 255 167 12 0 0 0 2 5 7 6 4 0 0 0 0 0 0 0 0 0 0 0 0 3 0 5 50 253 253 96 0 0 0 0 0 0 0 0 0 0 0 0 0 0 0 0 0 0 0 0 0 0 16 0 111 255 235 170 13 0 1 3 1 0 0 0 1 0 0 0 0 0 0 0 0 0 0 0 0 0 7 0 175 255 255 200 0 5 0 0 0 1 4 1 0 0 0 0 0 0 0 0 0 0 0 0 0 11 0 31 206 248 255 180 1 0 0 0 0 0 0 0 0 0 0 0 0 0 0 0 0 0 0 0 0 0 8 161 250 249 255 95 32 0 0 0 0 0 0 0 0 0 0 0 0 0 0 0 0 0 0 0 0 11 2 21 225 255 134 18 0 0 0 0 0 0 0 0 0 0 0 0 0 0 0 0 0 0 0 0 0 0 18 0 0 0 0 0 3 0 0 0 0 0 0 0 0 0 0 0 0
0 0 0 0 0 0 0 0 0 6 2 0 0 0 0 7 0 0 0 3 3 0 0 4 0 0 0 0 0 0 0 0 0 0 0 0 10 0 0 7 18 13 0 0 8 9 4 0 3 8 2 0 0 0 0 0 0 0 0 0 0 0 0 0 0 0 3 4 0 0 0 0 0 0 0 0 0 0 0 17 0 0 0 0 0 0 0 0 0 0 0 0 0 0 3 0 0 10 17 0 5 1 3 11 14 6 0 0 0 0 0 0 0 0 0 0 0 0 0 0 0 3 7 2 0 0 0 0 0 7 3 0 0 5 11 2 0 0 0 0 0 0 0 0 0 0 0 0 0 0 0 0 16 8 0 10 8 0 0 6 6 0 0 0 0 0 0 0 0 0 0 0 0 0 0 0 0 31 54 107 202 249 246 252 224 140 48 2 0 0 1 10 0 0 0 0 0 0 0 0 0 0 0 0 31 184 255 249 253 254 247 255 253 255 215 84 0 0 8 0 0 0 0 0 0 0 0 0 0 0 0 0 76 255 255 235 121 32 25 33 31 170 247 86 0 0 14 0 0 0 0 0 0 0 0 0 0 0 0 0 38 91 38 16 0 0 0 2 0 97 255 68 3 3 0 8 0 0 0 0 0 0 0 0 0 0 0 0 10 8 0 0 0 17 7 2 0 114 247 40 15 0 2 3 0 0 0 0 0 0 0 0 0 0 0 0 0 0 5 4 0 0 0 0 0 180 228 5 0 0 7 0 0 0 0 0 0 0 0 0 0 0 0 0 10 4 0 0 0 0 5 0 73 235 226 2 0 8 0 8 0 0 0 0 0 0 0 0 0 0 0 0 0 3 0 2 12 0 0 20 215 255 134 6 7 7 0 11 0 0 0 0 0 0 0 0 0 0 0 0 0 9 0 1 1 0 0 137 255 193 16 0 2 0 3 0 0 0 0 0 0 0 0 0 0 0 0 0 0 0 1 0 0 11 13 240 234 74 6 4 0 11 0 4 0 0 0 0 0 0 0 0 0 0 0 0 0 3 0 2 0 0 146 252 112 4 0 7 0 0 1 1 0 0 0 0 0 0 0 0 0 0 0 0 0 13 7 0 6 61 235 252 68 0 0 4 0 3 3 0 0 0 0 0 0 0 0 0 0 0 0 0 8 5 0 5 22 145 255 134 15 0 4 0 0 6 2 0 0 0 0 0 0 0 0 0 0 0 0 0 0 0 5 0 129 245 251 4 0 0 3 0 1 4 0 0 0 0 0 0 0 0 0 0 0 0 0 0 10 1 0 196 253 245 56 26 0 2 0 0 6 0 0 6 0 0 0 0 0 0 0 0 0 0 0 0 0 0 166 255 239 101 4 0 4 6 0 2 7 0 0 6 0 0 0 0 0 0 0 0 0 0 0 0 0 33 228 255 104 1 2 0 0 6 0 5 3 0 4 0 0 0 0 0 0 0 0 0 0 0 0 0 44 190 252 191 12 4 0 8 0 4 0 6 0 0 10 0 0 0 0 0 0 0 0 0 0 0 0 0 159 250 244 43 3 0 0 4 0 0 0 0 0 0 0 0 0 0 0 0 0 0 0 0 0 0 0 0 143 249 20 5 1 0 9 0 0 0 0 0 0 0 0 0 0 0 0 0 0 0 0 0 0 0 0 0 0 10 0 3 9 7 0 8 0 0 0 0 0 0 0 0 0 0 0 0 0 0 0 0 0 0 0 0 19 0 20 0 0 0 6 0 0 0 0 0 0 0 0 0 0 0 0 0
0 0 0 0 0 0 0 0 0 0 3 3 2 2 2 2 0 0 0 0 3 2 0 0 0 0 0 0 0 0 0 0 0 0 0 0 6 4 1 0 0 0 0 0 2 5 5 1 0 0 0 3 0 0 0 0 0 0 0 0 0 0 0 0 0 0 0 0 0 3 4 3 5 0 0 0 2 5 4 2 0 0 0 0 0 0 0 0 0 0 0 0 4 1 1 5 5 1 0 0 2 0 0 0 2 1 0 0 0 0 0 0 0 0 0 0 0 0 0 0 0 0 0 0 0 0 0 0 0 0 4 3 0 0 1 7 0 0 0 0 0 0 0 0 0 0 0 0 12 3 0 1 1 0 0 5 12 5 0 0 0 2 0 0 0 0 0 0 0 0 0 0 0 0 0 0 4 0 0 0 9 5 0 0 0 0 0 0 1 1 2 4 0 0 0 0 0 0 0 0 0 0 0 0 12 9 30 78 122 140 138 135 235 255 255 194 92 13 0 0 0 0 0 0 0 8 5 0 5 0 0 36 230 247 255 255 227 255 242 232 225 234 255 244 225 68 6 0 0 0 0 0 0 3 0 0 10 1 1 52 244 255 255 168 109 95 59 26 14 26 78 196 254 172 14 0 0 0 0 0 2 2 0 0 6 0 0 66 255 253 240 30 0 0 0 0 10 0 5 150 247 228 14 0 0 0 0 0 4 1 0 0 2 0 0 102 251 255 254 5 0 3 5 12 0 0 0 149 254 246 38 14 0 0 0 0 0 0 0 4 3 0 10 156 250 255 255 21 1 13 0 0 0 11 1 194 255 209 11 0 0 0 0 0 0 0 0 4 0 0 9 177 255 253 240 10 0 8 0 8 5 0 19 244 255 171 12 11 0 0 0 0 0 3 0 2 0 0 0 169 254 254 250 22 3 3 0 0 0 0 134 255 244 81 0 0 0 0 0 0 0 1 0 2 0 8 0 169 253 252 252 12 1 0 15 0 0 4 248 247 205 0 0 12 0 0 0 0 1 1 0 1 0 0 25 76 254 255 198 17 0 0 7 1 8 105 255 241 173 8 0 0 0 0 0 0 0 2 1 3 1 0 0 23 145 163 30 0 9 3 5 0 17 233 241 255 62 0 18 0 0 0 0 0 0 0 0 3 9 1 0 0 0 21 0 0 0 2 0 23 93 255 255 177 0 0 6 0 0 0 0 0 0 3 0 0 8 10 2 1 0 0 11 5 0 7 0 0 203 253 237 64 12 2 8 9 0 0 0 0 1 8 0 0 0 2 0 0 12 2 0 3 11 0 0 46 232 249 65 1 0 0 0 0 0 0 0 0 0 5 3 0 2 0 0 1 0 10 0 0 1 0 13 204 255 244 4 8 0 8 7 4 0 0 0 0 0 1 0 2 7 2 0 8 8 4 0 0 0 15 68 255 227 116 11 0 0 6 0 1 0 0 0 0 3 3 0 0 2 0 0 3 0 1 0 5 6 0 180 251 159 0 0 0 6 0 0 8 0 0 0 0 0 0 0 0 0 0 0 0 0 21 0 0 16 27 230 255 147 11 0 0 0 9 0 0 0 0 0 0 0 0 0 0 0 0 0 0 9 4 0 0 0 79 255 222 67 0 3 6 0 3 0 5 0 0 0 0 0 0 0 0 0 0 0 0 0 0 11 10 9 106 246 146 2 0 11 3 0 2 0 7 0 0 0 0 0 0 0 0 0 0 0 0 2 1 11 0 0 0 22 0 0 0 5 0 0 7 0 1 0 0 0 0
0 0 0 0 0 0 0 0 0 2 1 2 0 0 0 5 0 0 2 8 0 0 1 6 0 0 0 0 0 0 0 0 0 0 0 0 12 3 3 0 8 2 3 0 10 1 1 0 5 0 1 0 0 0 0 0 0 0 0 0 0 0 0 0 0 0 5 0 11 0 4 0 2 0 3 0 10 0 3 0 0 0 0 0 0 0 0 0 0 0 0 0 12 6 3 0 0 0 2 4 0 2 12 0 11 0 2 1 0 0 0 0 0 0 0 0 0 0 0 0 0 0 0 1 2 12 0 0 3 4 8 0 3 0 1 0 0 0 0 0 0 0 0 0 0 0 0 0 0 2 2 0 0 0 0 4 9 0 0 0 0 0 5 0 0 0 0 0 0 0 0 0 0 0 0 0 5 0 14 0 12 0 7 0 6 0 0 34 0 2 4 2 0 0 0 0 0 0 0 0 0 0 0 0 1 4 98 135 246 189 149 58 15 15 45 90 4 0 0 1 0 0 0 0 0 1 4 2 0 0 0 4 0 153 247 255 249 241 255 253 254 248 252 238 44 2 0 9 0 0 0 0 0 0 1 1 0 0 0 0 77 247 254 242 245 221 213 252 254 245 255 255 31 0 5 0 0 0 0 0 2 0 0 0 2 2 0 0 43 255 255 239 57 9 0 87 198 239 245 146 0 4 1 4 0 0 0 0 2 1 0 0 0 2 3 3 166 237 250 192 1 4 8 19 220 254 235 11 0 18 0 5 0 0 0 0 1 2 2 0 0 0 8 15 200 231 255 114 15 0 0 25 255 249 179 0 8 6 0 0 0 0 0 0 0 3 3 0 0 0 9 18 231 255 200 19 2 7 0 163 241 255 91 0 8 0 2 2 0 0 0 0 1 2 1 0 0 0 4 8 53 142 61 0 0 19 50 253 250 242 42 0 0 0 0 0 0 0 0 0 2 0 0 0 1 1 0 0 0 0 9 0 8 0 140 246 249 93 0 5 0 5 5 1 0 0 0 0 0 0 0 0 0 0 0 0 1 0 7 0 2 0 255 250 233 39 0 12 0 3 2 0 0 0 0 0 0 0 0 0 0 0 0 0 4 0 4 10 1 74 254 247 160 14 0 7 0 3 1 0 0 0 0 0 0 0 0 0 0 0 0 0 5 0 2 6 0 179 255 250 72 0 0 3 0 4 0 1 0 0 0 0 0 0 0 0 0 0 0 0 2 1 3 0 21 236 255 229 16 0 4 0 0 5 0 1 0 0 0 0 0 0 0 0 0 0 0 0 1 0 5 0 103 255 250 147 0 3 6 0 0 7 0 0 0 0 0 0 0 0 0 0 0 0 0 0 1 0 6 34 204 255 211 44 0 5 1 0 0 5 0 0 0 0 0 0 0 0 0 0 0 0 0 0 1 0 5 77 254 255 161 0 0 3 0 0 2 1 0 0 0 0 0 0 0 0 0 0 0 0 0 0 0 0 4 101 252 244 127 0 2 3 0 4 5 0 0 0 0 0 0 0 0 0 0 0 0 0 0 0 1 0 14 194 255 242 134 0 0 0 0 0 0 0 0 0 0 0 0 0 0 0 0 0 0 0 0 0 0 23 0 215 253 255 66 2 0 0 0 0 0 0 0 0 0 0 0 0 0 0 0 0 0 0 0 0 0 0 12 94 255 76 0 7 0 0 0 0 0 0 0 0 0 0 0 0 0 0 0 0 0 0 0 0 3 7 0 12 0 0 8 3 0 0 0 0 0 0 0 0 0 0 0 0
0 0 0 0 0 0 0 0 0 0 0 0 0 0 0 0 0 0 0 0 0 0 0 2 0 0 0 0 0 0 0 0 0 0 0 0 0 0 0 0 0 0 0 0 6 4 0 0 2 7 2 0 0 0 0 0 0 0 0 0 0 0 0 0 0 0 0 0 0 0 0 0 0 2 4 0 0 0 0 0 0 0 0 0 0 0 0 0 0 0 0 0 0 0 0 0 0 0 0 0 0 0 1 2 2 3 5 7 0 0 0 0 0 0 0 0 0 0 0 0 0 0 0 0 0 0 0 0 15 0 0 1 6 0 0 0 0 0 0 0 0 0 0 0 0 0 0 0 0 0 0 0 0 0 0 0 0 0 0 2 1 0 1 11 0 0 0 0 0 0 0 0 0 0 0 0 0 0 0 0 0 0 0 0 6 8 2 0 0 4 2 0 0 0 0 0 0 0 0 0 0 0 0 0 0 0 0 0 0 0 0 0 0 0 0 43 141 232 244 205 0 0 0 0 1 6 0 0 0 3 11 1 0 2 4 54 198 53 0 12 27 130 191 242 255 252 239 213 0 0 0 0 0 0 10 6 6 0 0 0 4 14 137 239 255 222 119 226 245 254 255 222 239 255 251 131 0 0 0 0 3 0 2 0 6 4 0 26 0 184 255 255 238 241 255 237 244 121 49 0 154 245 194 0 0 0 0 0 8 0 5 0 5 0 0 95 220 241 250 248 255 234 80 58 20 9 8 141 226 249 67 0 0 0 0 0 0 0 11 0 0 3 74 252 239 255 209 122 113 0 9 0 0 9 103 230 255 140 0 10 0 0 0 0 4 0 2 0 0 5 84 239 201 135 0 12 0 4 15 0 19 124 255 228 141 7 0 0 0 0 0 0 1 0 0 7 6 0 0 32 11 0 0 4 0 0 0 19 156 255 237 151 0 11 0 0 0 0 0 0 1 5 0 0 2 2 4 0 0 0 0 6 7 3 9 179 255 243 91 0 0 0 0 4 0 0 0 0 3 0 0 0 2 0 0 0 0 0 4 6 0 0 197 241 254 54 0 5 0 3 0 5 0 0 0 0 0 0 0 3 5 3 3 5 1 8 0 0 1 104 234 255 148 16 0 3 0 6 0 1 0 0 0 0 0 1 3 0 0 0 0 1 0 0 0 0 77 246 252 203 40 0 0 1 0 7 0 0 0 0 0 0 1 4 2 0 0 0 1 0 11 0 20 96 208 255 145 49 1 0 10 0 0 4 0 3 0 0 0 0 0 0 0 0 0 4 4 1 0 0 65 252 255 176 10 0 2 2 8 1 0 2 0 3 0 0 0 0 0 0 1 5 4 0 0 0 0 56 211 241 228 24 0 8 1 0 0 3 5 2 0 0 0 0 0 0 2 0 1 6 0 0 0 17 109 217 252 205 50 5 0 2 0 0 0 4 0 1 6 0 0 0 0 0 4 0 0 3 0 0 26 67 231 253 247 101 10 0 7 1 3 1 2 3 0 0 13 0 0 0 0 0 4 0 4 4 0 10 101 246 254 239 109 0 5 4 0 11 0 0 0 0 0 0 0 0 0 0 0 0 8 0 9 0 4 32 247 252 221 84 0 0 6 6 4 0 0 0 0 0 0 0 0 0 0 0 0 0 5 0 5 0 11 49 255 203 75 0 0 16 0 0 17 0 0 0 0 0 0 0 0 0 0 0 0 0 0 0 9 1 0 0 7 0 0 1 6 0 0 9 8 0 0 0 0 0 0 0 0 0 0 0 0 0
0 0 0 0 0 0 0 0 0 0 0 0 0 1 3 3 0 5 0 8 0 6 0 0 0 0 0 0 0 0 0 0 0 0 0 0 2 2 2 1 1 1 1 1 4 0 0 0 0 0 1 3 0 0 0 0 0 0 0 0 0 0 0 0 0 0 0 0 0 0 0 0 10 1 0 6 7 0 0 0 0 0 0 0 0 0 0 0 0 0 0 0 0 0 0 0 0 0 0 0 0 2 0 4 0 9 1 12 0 0 0 0 0 0 0 0 0 0 0 0 1 1 1 2 2 2 1 1 0 3 6 5 0 4 0 0 0 0 0 0 0 0 0 0 0 0 0 0 2 1 0 0 0 0 0 0 2 2 10 0 0 0 9 1 0 0 0 0 0 0 0 0 0 0 0 0 0 0 0 0 0 1 4 7 1 0 0 3 0 3 0 3 0 0 0 0 0 0 0 0 0 0 0 0 1 0 0 2 7 14 20 25 100 136 142 255 186 156 17 0 0 0 0 0 0 4 0 0 0 7 11 180 72 45 43 173 157 243 252 255 248 255 238 255 255 253 112 0 0 0 0 0 0 0 4 5 5 4 91 228 248 255 251 255 248 250 237 245 255 239 255 241 241 247 234 43 0 0 0 0 4 1 0 2 0 0 157 255 253 249 250 243 240 255 255 255 248 255 255 245 255 255 195 28 0 0 0 0 0 0 0 9 0 11 165 249 244 255 247 254 255 246 147 127 135 138 170 255 255 236 149 0 0 0 0 0 6 8 0 4 0 0 15 65 208 218 241 167 21 0 2 9 9 0 218 242 255 236 29 6 0 0 0 0 0 0 0 7 5 16 0 22 1 16 43 0 0 7 0 0 25 164 251 255 216 112 0 0 0 0 0 0 6 0 0 0 0 1 0 0 2 0 8 0 3 8 0 6 186 253 253 199 36 7 15 1 0 0 0 0 1 0 11 3 2 0 7 0 0 3 0 13 0 0 0 160 253 255 253 93 12 0 0 0 0 0 0 0 0 0 0 0 0 0 0 0 0 4 0 5 5 0 99 250 255 246 255 76 0 0 15 0 0 0 0 0 0 0 0 0 0 0 0 0 9 0 25 0 0 9 255 255 239 255 54 16 0 0 0 0 0 0 0 0 0 0 0 0 0 0 0 0 0 12 0 0 28 176 231 255 251 138 0 0 10 10 2 4 0 0 0 0 0 0 0 0 0 0 0 0 5 0 0 14 110 240 247 255 169 0 20 0 0 0 5 0 0 0 0 0 0 0 0 0 0 0 0 0 0 4 0 73 247 254 255 184 25 0 0 12 0 0 0 6 0 0 0 0 0 0 0 0 0 0 0 0 0 6 90 231 255 247 148 17 0 26 0 8 8 3 0 4 0 0 0 0 0 0 0 0 0 0 0 0 0 65 249 250 252 159 0 0 10 0 6 0 0 3 0 0 0 0 0 0 0 0 0 0 0 0 0 0 9 61 250 255 254 141 0 0 0 1 2 0 4 1 0 9 0 0 0 0 0 0 0 0 0 0 0 0 0 138 243 248 204 11 11 0 0 0 0 0 0 0 0 0 0 0 0 0 0 0 0 0 0 0 0 0 7 180 255 255 141 14 0 3 0 0 0 0 0 0 0 0 0 0 0 0 0 0 0 0 0 0 0 0 0 215 255 159 0 5 0 0 0 0 0 0 0 0 0 0 0 0 0 0 0 0 0 0 0 0 0 0 1 0 0 1 10 4 0 12 0 0 0 0 0 0 0 0 0 0 0 0
0 0 0 0 0 0 0 0 0 0 0 0 0 0 0 0 0 0 0 1 0 0 2 9 0 0 0 0 0 0 0 0 0 0 0 0 0 0 0 0 0 0 0 0 4 5 0 2 1 8 0 0 0 0 0 0 0 0 0 0 0 0 0 0 0 0 0 0 0 0 0 0 0 6 0 2 0 13 7 8 0 0 0 0 0 0 0 0 0 0 0 0 0 0 0 0 0 0 0 0 0 6 0 3 0 0 0 2 0 0 0 0 0 0 0 0 0 0 0 0 0 0 0 0 0 0 0 0 3 0 0 13 7 8 0 0 0 0 0 0 0 0 0 0 0 0 0 0 0 0 0 0 0 0 0 0 0 0 0 1 0 0 0 9 0 0 0 0 0 0 0 0 0 0 0 0 0 0 0 0 0 0 0 0 2 0 7 0 14 8 12 0 0 0 0 0 0 0 0 0 0 0 0 0 0 0 0 0 0 0 0 0 4 0 7 16 115 133 101 9 0 0 0 0 2 0 13 0 0 2 0 0 6 0 0 0 0 0 1 41 117 117 204 247 255 254 255 164 0 0 0 0 0 17 0 0 0 5 0 11 0 0 5 88 128 226 218 237 255 255 247 255 248 248 255 255 0 0 0 0 3 0 0 30 5 0 8 0 97 142 236 244 248 248 255 255 249 255 246 252 255 255 217 154 0 0 0 0 0 25 0 0 0 44 135 247 255 252 255 255 235 255 255 240 193 134 35 163 253 255 215 0 0 0 0 0 0 15 0 7 7 235 255 247 255 247 246 183 63 22 26 50 2 4 26 248 246 242 115 15 0 0 0 0 10 0 7 1 154 247 250 255 172 70 37 0 18 0 8 0 23 100 222 245 222 92 10 0 0 0 0 0 5 12 0 6 32 193 122 40 4 0 0 12 0 2 0 17 42 255 242 250 68 0 9 11 0 0 0 0 0 0 14 0 9 0 0 1 1 0 17 0 10 0 10 34 221 241 250 108 0 0 5 0 0 0 0 0 0 0 0 0 0 0 0 0 6 0 0 0 10 0 12 174 253 229 37 6 4 5 0 0 0 0 0 0 0 0 0 0 0 0 0 0 0 0 6 17 0 0 72 214 246 230 54 0 0 0 0 5 0 0 0 0 0 0 0 0 0 0 0 0 21 0 0 0 0 34 185 255 222 110 11 5 0 0 8 0 0 0 0 0 0 0 0 0 0 0 0 0 0 4 12 0 30 147 255 246 123 0 0 4 6 0 9 0 0 0 0 0 0 0 0 0 0 0 0 0 0 11 0 18 93 255 230 165 6 9 11 0 16 0 0 7 0 0 0 0 0 0 0 0 0 0 0 0 1 0 48 158 252 201 80 11 0 6 15 0 14 0 0 6 0 0 0 0 0 0 0 0 0 0 0 0 10 57 191 240 205 20 0 0 13 0 0 8 3 0 12 0 0 0 0 0 0 0 0 0 0 0 0 0 16 180 246 234 58 0 9 0 0 13 3 0 0 0 10 0 0 0 0 0 0 0 0 0 0 0 0 0 210 255 222 67 0 0 0 3 0 0 0 0 0 0 0 0 0 0 0 0 0 0 0 0 0 0 0 0 104 230 220 74 0 9 9 0 0 0 0 0 0 0 0 0 0 0 0 0 0 0 0 0 0 0 0 0 0 3 0 3 8 0 0 5 0 0 0 0 0 0 0 0 0 0 0 0 0 0 0 0 0 0 0 0 13 0 0 3 0 0 0 3 0 0 0 0 0 0 0 0 0 0 0 0
0 2 0 0 6 11 3 0 0 0 0 0 2 2 0 0 0 4 1 0 0 7 6 0 0 0 0 0 7 9 6 0 0 0 0 3 8 6 2 0 0 0 0 3 0 0 6 7 2 0 0 0 0 0 0 0 0 0 0 2 0 1 5 3 0 0 0 0 0 0 0 1 4 0 0 0 3 3 3 6 0 0 0 0 4 0 5 8 0 1 3 0 0 2 5 6 4 1 0 0 8 2 0 0 0 1 2 0 0 0 0 0 0 7 12 1 0 0 6 6 2 0 0 0 0 3 5 6 0 0 8 2 0 2 4 2 0 0 0 0 0 0 0 0 5 5 0 0 0 0 0 0 2 2 0 0 8 5 0 0 0 1 0 0 0 0 0 0 7 11 0 0 17 0 0 16 3 5 4 0 0 0 0 4 2 0 0 9 8 0 0 11 0 0 0 0 0 8 0 0 7 0 35 147 72 73 72 71 83 117 165 201 252 255 255 235 131 16 0 5 0 0 0 0 3 0 7 2 0 0 51 240 251 248 255 255 245 255 222 201 205 145 184 255 196 0 3 0 0 0 0 0 0 0 1 0 8 9 0 66 204 91 31 57 55 26 0 0 0 15 169 255 127 15 0 0 0 0 0 0 0 0 9 0 0 12 0 0 0 0 3 0 0 0 24 2 6 61 234 209 11 0 0 12 0 0 0 0 4 0 8 0 0 2 0 14 1 0 7 0 0 0 10 0 0 106 255 131 13 10 6 0 0 0 0 0 4 0 0 5 1 2 0 0 21 0 0 0 20 0 3 1 69 209 228 16 0 0 0 0 0 0 0 0 0 0 3 3 0 2 0 0 0 3 17 0 0 3 0 3 144 255 154 0 0 12 0 11 0 0 0 0 0 7 5 0 0 0 5 6 13 1 0 0 4 7 0 101 235 244 63 0 0 3 0 0 0 0 0 0 2 0 0 0 9 0 0 0 0 0 8 0 0 0 1 182 255 162 0 2 2 5 0 0 0 0 0 0 0 0 0 0 0 0 0 0 0 8 0 0 0 0 39 236 238 58 3 4 0 4 0 0 0 0 0 0 0 0 0 0 0 0 0 0 0 0 25 7 0 9 117 255 139 12 0 3 0 9 0 2 0 0 0 0 0 0 0 0 0 0 0 0 0 24 0 0 0 29 234 249 53 0 0 5 2 9 0 0 0 0 0 0 0 0 0 0 0 0 0 0 0 0 4 10 3 161 250 159 16 0 7 1 0 3 0 0 0 0 0 0 0 0 0 0 0 0 0 0 21 0 19 0 15 243 252 94 0 0 3 0 0 2 0 2 0 0 0 0 0 0 0 0 0 0 0 0 0 3 0 0 165 255 165 11 0 0 2 0 0 3 3 1 0 0 0 0 0 0 0 0 0 0 0 0 10 0 1 48 240 218 34 12 5 0 2 9 2 0 5 0 0 0 0 0 0 0 0 0 0 0 0 0 0 0 15 221 255 102 11 0 6 0 0 7 0 0 7 2 0 0 0 0 0 0 0 0 0 0 0 0 0 11 100 255 255 100 0 5 0 0 0 0 0 0 0 0 0 0 0 0 0 0 0 0 0 0 0 0 0 0 249 255 209 46 4 0 0 0 0 0 0 0 0 0 0 0 0 0 0 0 0 0 0 0 0 0 12 0 168 124 28 0 0 3 0 0 0 0 0 0 0 0 0 0 0 0 0 0 0 0 0 0 0 0 0 7 5 8 0 6 0 0 0 0 0 0 0 0 0 0 0 0 0 0
0 0 0 0 0 0 0 0 3 0 0 0 4 7 3 0 0 0 1 0 0 0 0 6 0 0 0 0 0 0 0 0 0 0 0 0 0 3 5 2 0 0 0 0 0 0 4 5 3 0 0 0 0 0 0 0 0 0 0 0 0 0 0 0 0 2 5 5 2 1 5 9 0 0 0 0 0 1 2 2 0 0 0 0 0 0 0 0 0 0 0 0 7 2 0 0 0 0 0 0 3 2 0 0 0 2 4 6 0 0 0 0 0 0 0 0 0 0 0 0 0 0 0 1 4 6 6 5 0 0 3 4 1 0 0 0 0 0 0 0 0 0 0 0 0 0 0 0 0 0 3 1 0 0 0 3 3 3 2 2 3 5 9 11 0 0 0 0 0 0 0 0 0 0 0 0 5 1 0 0 3 4 1 0 6 0 0 0 0 0 0 0 0 0 0 0 0 0 0 0 0 0 0 0 3 0 0 21 68 99 99 86 90 88 90 99 99 78 38 5 0 0 0 0 2 0 0 4 24 185 184 176 180 181 190 175 235 255 255 252 255 247 247 254 248 255 196 9 0 0 0 0 8 0 25 147 255 249 255 255 255 255 240 255 255 236 248 255 255 247 255 255 255 255 249 0 0 0 0 0 1 0 0 255 245 255 253 252 243 255 255 255 244 255 255 254 255 255 246 240 253 236 255 2 0 0 0 0 2 5 4 255 247 244 255 242 255 244 254 176 134 203 145 116 126 146 199 254 255 251 252 0 0 0 0 0 0 0 0 148 255 207 207 222 73 35 52 13 0 45 0 0 0 38 155 246 243 255 214 0 0 0 0 0 0 15 6 106 131 77 0 0 0 0 0 5 0 0 4 5 95 213 255 255 255 251 89 0 0 0 0 0 7 0 0 0 0 0 11 3 0 10 1 0 4 0 10 6 135 255 255 251 244 188 7 12 0 0 0 0 0 5 1 7 4 5 0 0 8 0 1 0 13 0 0 25 254 255 250 253 153 77 0 3 0 0 0 0 0 0 0 0 0 0 0 0 13 1 0 0 10 0 28 204 249 255 245 247 120 6 0 5 0 0 0 0 0 0 0 0 0 0 0 0 0 1 0 15 0 8 43 208 255 253 255 239 89 0 6 4 0 0 0 0 0 0 0 0 0 0 0 0 11 10 0 0 0 0 166 249 252 255 254 136 15 0 5 0 0 0 0 0 0 0 0 0 0 0 0 0 0 2 0 17 7 123 250 255 233 255 243 42 0 5 12 5 0 0 0 0 0 0 0 0 0 0 0 0 7 14 0 0 39 226 250 255 255 241 194 24 0 0 0 0 0 0 0 0 0 0 0 0 0 0 0 0 0 9 0 47 206 238 248 253 250 82 36 0 11 2 10 14 0 0 0 0 0 0 0 0 0 0 0 0 0 5 7 162 252 251 255 244 195 26 0 0 5 0 0 0 0 0 0 0 0 0 0 0 0 0 0 0 17 0 208 229 252 255 218 78 16 0 13 0 1 0 6 5 0 0 0 0 0 0 0 0 0 0 0 0 0 4 236 251 255 255 136 13 0 0 0 0 0 0 0 0 0 0 0 0 0 0 0 0 0 0 0 0 4 0 170 255 225 153 42 0 0 0 0 0 0 0 0 0 0 0 0 0 0 0 0 0 0 0 0 0 2 0 29 103 48 12 0 0 0 0 0 0 0 0 0 0 0 0 0 0 0 0 0 0 0 0 0 0 3 12 0 15 0 6 10 8 0 0 0 0 0 0 0 0 0 0 0 0
0 0 0 0 0 0 0 0 0 0 0 0 5 8 4 0 4 0 0 3 3 0 0 0 0 0 0 0 0 0 0 0 0 0 0 0 6 4 0 0 0 0 0 0 0 0 5 2 0 0 0 6 0 0 0 0 0 0 0 0 0 0 0 0 0 0 1 3 4 4 3 3 6 3 0 0 0 2 4 1 0 0 0 0 0 0 0 0 0 0 0 0 2 0 0 0 0 0 0 0 0 0 0 8 12 6 0 0 0 0 0 0 0 0 0 0 0 0 0 0 6 0 0 0 0 0 1 6 1 0 0 0 0 0 0 13 0 0 0 0 0 0 0 0 0 0 0 0 0 0 1 7 2 0 0 0 2 3 0 0 6 11 3 0 0 0 0 0 0 0 0 0 0 0 0 0 0 0 3 1 0 0 21 53 255 237 151 40 0 0 8 0 0 0 0 0 0 0 0 0 0 0 0 0 3 0 0 0 11 66 163 244 239 255 233 93 0 0 10 0 0 0 0 0 0 9 0 0 1 7 9 0 0 16 6 55 176 246 255 255 252 254 255 69 0 4 0 3 0 0 0 0 5 0 1 23 0 0 0 5 63 101 189 252 254 244 245 245 254 251 253 70 0 3 0 0 0 0 0 0 0 2 3 6 0 16 32 131 255 246 255 248 247 255 247 239 255 249 252 75 0 1 1 0 0 0 0 0 11 0 3 0 0 134 201 252 251 243 251 255 255 140 36 126 255 252 252 79 0 0 4 0 0 0 0 0 0 16 0 0 87 253 248 255 248 255 247 146 94 7 0 194 254 255 246 75 0 0 4 0 0 0 0 0 13 0 0 0 51 211 255 255 253 125 17 0 16 6 68 247 253 255 222 52 0 0 3 0 0 0 0 0 0 13 3 0 3 24 15 20 31 8 5 0 0 10 133 255 253 252 187 17 0 1 2 0 0 0 0 0 1 2 0 0 0 2 11 0 0 0 0 11 0 17 137 249 254 247 160 0 0 5 1 0 0 0 0 0 0 0 0 0 0 0 0 0 4 0 1 0 0 22 165 246 255 190 19 7 0 0 0 2 0 0 0 0 0 0 0 0 0 0 0 0 1 8 10 0 11 7 245 255 241 197 0 0 13 0 3 0 0 0 0 0 0 0 0 0 0 0 0 0 0 3 0 0 0 33 255 248 251 154 5 0 16 0 2 0 0 0 0 0 0 0 0 0 0 0 0 0 0 2 0 5 9 158 250 244 255 44 0 1 0 0 2 5 0 0 0 0 0 0 0 0 0 0 0 0 0 9 0 11 39 255 247 255 250 15 0 0 0 3 2 0 0 0 0 0 0 0 0 0 0 0 0 0 0 15 0 0 53 251 249 255 119 24 2 5 13 0 2 0 0 0 0 0 0 0 0 0 0 0 0 0 0 13 0 1 54 240 255 250 14 0 0 0 3 0 4 4 0 0 0 0 0 0 0 0 0 0 0 0 2 0 0 9 41 255 255 249 109 5 10 0 0 12 0 0 0 0 0 0 0 0 0 0 0 0 0 0 1 10 0 12 59 228 255 240 194 33 0 4 0 6 0 0 0 0 0 0 0 0 0 0 0 0 0 0 0 5 0 0 15 147 238 255 83 0 0 3 0 2 0 8 0 0 0 0 0 0 0 0 0 0 0 0 0 0 11 11 0 0 8 0 4 0 11 3 0 4 0 5 0 0 0 0 0 0 0 0 0 0 0 0 17 0 0 0 1 0 7 0 0 0 12 0 0 10 0 0 0 0 0 0
0 0 0 0 0 0 0 0 0 0 0 0 0 0 0 0 0 0 0 0 0 0 0 0 0 0 0 0 0 0 0 0 0 0 0 0 0 0 0 0 0 0 0 0 0 0 0 0 0 0 0 0 0 0 0 0 0 0 0 0 0 0 0 0 0 0 0 0 0 0 0 0 0 0 0 0 0 0 0 0 0 0 0 0 0 0 0 0 0 0 0 0 0 0 0 0 0 0 0 0 0 0 0 0 0 0 0 0 0 0 0 0 0 0 0 0 0 0 0 0 0 0 0 0 0 0 0 0 0 0 0 0 0 0 0 0 0 0 0 0 0 0 0 0 0 0 0 0 0 0 0 0 0 0 0 0 0 0 0 0 0 0 0 0 0 0 0 0 0 0 0 0 0 0 0 0 0 0 0 0 0 0 0 0 0 0 0 0 0 0 0 0 0 0 0 0 0 0 0 0 0 0 0 0 0 0 0 0 0 0 0 0 0 0 0 0 0 0 0 0 0 0 0 0 6 0 11 0 0 0 10 2 0 3 0 0 4 0 76 88 111 208 225 240 220 192 46 0 0 0 0 0 0 0 6 0 4 12 0 0 0 0 60 137 196 209 248 251 237 255 255 230 255 247 161 2 0 0 0 0 7 4 2 0 37 17 46 166 177 161 219 249 251 246 250 246 255 236 255 248 255 252 232 0 0 0 0 0 0 2 2 61 227 248 255 255 253 250 255 255 236 249 255 255 223 127 163 252 242 255 244 9 0 0 0 0 0 0 0 126 254 255 255 227 250 255 245 250 202 141 86 0 1 2 118 254 255 233 127 0 0 0 0 0 2 11 10 222 255 238 246 255 169 124 29 26 6 0 13 1 69 159 241 243 248 115 0 2 0 0 0 0 0 0 0 131 190 195 112 45 0 4 0 18 13 0 0 19 180 246 255 237 255 87 0 6 0 0 0 0 7 2 4 0 17 1 0 7 0 14 0 0 0 6 8 65 254 255 251 241 198 28 0 0 0 0 0 0 0 0 0 0 0 0 0 0 1 0 0 0 0 0 3 203 255 251 255 162 4 1 5 0 0 0 0 0 0 0 0 0 0 0 0 0 7 0 16 6 0 7 163 234 250 252 124 15 11 0 0 0 0 0 0 0 0 0 0 0 0 0 0 0 0 4 0 0 1 109 252 245 249 255 54 0 0 14 3 0 0 0 0 0 0 0 0 0 0 0 0 0 9 0 0 15 19 140 242 255 255 196 34 15 0 3 0 0 0 0 0 0 0 0 0 0 0 0 0 0 0 6 0 10 210 255 255 251 245 37 11 1 12 0 0 5 0 0 0 0 0 0 0 0 0 0 0 0 0 13 5 99 255 239 233 248 136 0 10 0 11 10 0 9 0 0 0 0 0 0 0 0 0 0 0 0 0 67 195 255 245 254 195 1 12 0 7 0 0 14 0 0 0 0 0 0 0 0 0 0 0 0 0 0 6 73 255 255 246 105 6 0 0 1 0 0 14 0 9 4 0 0 0 0 0 0 0 0 0 0 0 0 0 98 238 248 110 13 3 0 0 0 0 0 0 0 0 0 0 0 0 0 0 0 0 0 0 0 0 0 0 25 85 85 15 0 0 0 0 0 0 0 0 0 0 0 0 0 0 0 0 0 0 0 0 0 0 0 8 0 1 0 0 0 7 5 0 0 0 0 0 0 0 0 0 0 0 0 0 0 0 0 0 0 0 0 0 1 0 0 6 5 0 0 0 0 0 0 0 0 0 0 0 0 0 0
0 0 0 0 0 0 0 0 1 0 0 3 0 0 0 6 0 7 0 0 5 4 6 0 0 0 0 0 0 0 0 0 0 0 0 0 8 0 0 0 0 0 0 0 1 9 7 4 0 0 0 0 0 0 0 0 0 0 0 0 0 0 0 0 0 0 0 1 8 12 7 0 0 0 0 0 0 0 7 15 0 0 0 0 0 0 0 0 0 0 0 0 0 5 6 0 0 0 0 0 12 0 8 12 5 6 0 0 0 0 0 0 0 0 0 0 0 0 0 0 3 4 0 0 0 0 6 10 5 0 0 0 0 0 0 5 0 0 0 0 0 0 0 0 0 0 0 0 0 0 0 3 7 3 0 0 0 19 7 6 7 0 3 5 0 0 0 0 0 0 0 0 0 0 0 0 4 0 0 5 0 0 0 11 0 24 0 0 12 0 2 0 0 0 0 0 0 0 0 0 0 0 0 0 0 0 0 2 0 22 90 162 255 245 75 0 2 0 15 5 0 0 0 0 0 2 0 9 0 14 0 4 0 7 2 5 77 189 249 245 185 252 190 0 0 4 0 0 0 0 0 0 19 4 2 0 0 10 3 0 17 0 13 135 235 216 117 38 22 213 230 4 0 0 8 0 0 0 0 0 0 0 4 0 3 3 0 0 0 106 223 245 155 42 0 2 0 222 245 0 0 0 13 0 0 0 0 0 4 17 9 0 5 1 0 51 226 253 214 100 9 0 0 0 15 241 208 0 3 0 0 0 0 0 0 0 3 0 0 11 0 52 120 223 228 158 59 0 0 3 8 0 2 221 153 4 3 1 0 10 0 0 0 0 5 6 0 0 2 215 253 139 37 0 0 0 15 4 0 0 5 218 118 0 0 12 0 5 0 0 0 0 0 0 8 22 0 30 37 0 0 1 7 6 0 0 0 9 46 237 115 0 0 12 4 0 0 0 0 0 0 4 2 0 6 6 0 0 0 3 4 0 0 5 0 0 48 234 125 0 0 0 6 0 0 0 0 0 0 0 0 0 0 0 0 0 0 16 0 2 0 7 0 4 85 245 115 0 0 2 4 0 0 0 0 0 0 0 0 0 0 0 0 0 0 1 0 3 6 0 5 0 97 255 90 12 0 0 0 0 0 0 0 0 0 0 0 0 0 0 0 0 2 0 0 0 9 0 12 3 167 255 22 0 0 2 2 3 0 0 0 0 0 0 0 0 0 0 0 0 0 4 10 0 4 1 2 38 255 235 1 0 2 3 0 0 0 0 0 0 0 0 0 0 0 0 0 0 0 4 12 0 3 9 0 111 255 119 0 8 2 0 0 3 0 0 0 0 0 0 0 0 0 0 0 0 4 0 0 0 6 1 0 193 246 29 0 0 0 0 4 3 0 0 0 0 0 0 0 0 0 0 0 0 5 0 0 5 4 0 59 244 255 28 13 1 0 6 1 0 0 0 0 0 0 0 0 0 0 0 0 0 0 0 6 3 0 0 131 255 163 0 4 0 0 4 2 2 0 0 0 0 0 0 0 0 0 0 0 0 2 0 11 0 5 0 138 249 178 7 0 2 1 13 0 4 0 0 0 0 0 0 0 0 0 0 0 0 4 0 6 0 0 1 178 254 108 0 0 0 0 11 0 5 0 0 0 0 0 0 0 0 0 0 0 0 2 0 0 1 0 21 190 211 27 0 3 0 0 4 0 3 0 0 0 0 0 0 0 0 0 0 0 0 0 0 6 13 2 0 21 0 0 5 4 0 0 0 0 0 0 0 0 0
0 0 0 0 0 0 0 0 0 0 4 0 2 0 11 0 2 0 0 2 5 2 0 0 0 0 0 0 0 0 0 0 0 0 0 0 2 18 8 0 0 7 2 0 3 7 6 0 0 0 2 4 0 0 0 0 0 0 0 0 0 0 0 0 0 0 0 0 3 0 0 13 0 0 0 0 0 7 3 0 0 0 0 0 0 0 0 0 0 0 0 0 6 0 10 0 18 0 1 0 4 2 1 3 7 7 2 0 0 0 0 0 0 0 0 0 0 0 0 0 0 0 4 0 0 4 14 0 0 0 0 1 0 0 0 17 0 0 0 0 0 0 0 0 0 0 0 0 11 0 0 12 0 3 0 0 7 0 0 2 5 0 0 0 0 0 0 0 0 0 0 0 0 0 0 0 0 5 8 0 16 0 0 5 0 2 4 0 0 6 9 4 0 0 0 0 0 0 0 0 0 0 0 0 65 172 227 124 249 247 255 244 249 255 236 127 24 0 0 5 0 0 0 0 3 0 0 3 0 46 123 133 237 255 254 255 239 255 252 251 255 240 255 243 122 0 18 0 0 0 0 0 0 0 0 0 7 114 240 255 255 251 236 245 251 255 250 248 243 255 245 249 255 119 0 0 0 0 0 0 0 1 10 0 5 124 248 246 249 254 255 253 252 235 246 255 247 255 244 254 255 159 0 17 0 0 0 0 6 8 6 0 0 113 248 251 242 250 253 238 255 255 253 240 253 255 246 255 235 172 17 0 0 0 0 0 0 0 0 1 16 122 247 255 255 255 216 113 93 87 103 106 94 245 249 255 255 177 2 0 0 0 0 0 2 0 0 4 0 6 48 43 227 196 93 0 0 8 1 0 19 227 255 255 253 160 0 16 0 0 0 0 0 0 0 4 0 0 12 13 0 20 0 0 0 0 0 43 185 251 254 250 248 177 8 0 0 0 0 0 0 6 0 3 7 0 0 0 0 6 0 8 5 0 9 105 255 249 252 246 252 182 0 2 0 0 0 0 0 0 0 0 0 0 0 0 1 0 13 0 11 0 47 211 249 255 252 246 244 35 0 7 0 0 0 0 0 0 0 0 0 0 0 0 0 9 0 0 0 5 36 255 250 255 255 212 36 6 6 0 0 0 0 0 0 0 0 0 0 0 0 0 5 1 2 0 0 0 154 248 255 252 196 54 0 10 0 0 0 0 0 0 0 0 0 0 0 0 0 0 0 0 0 11 4 137 255 244 255 232 179 0 0 0 11 3 0 0 0 0 0 0 0 0 0 0 0 0 0 6 1 0 103 255 245 255 246 238 129 0 0 6 0 0 0 0 0 0 0 0 0 0 0 0 0 0 3 11 0 35 218 240 238 251 251 148 13 0 10 17 0 0 0 0 0 0 0 0 0 0 0 0 0 0 0 0 22 185 231 247 255 255 252 9 0 12 0 0 23 4 0 0 0 0 0 0 0 0 0 0 0 0 15 0 190 255 240 255 249 244 239 25 0 1 2 6 0 0 0 0 0 0 0 0 0 0 0 0 0 0 14 0 209 252 246 242 255 210 39 14 0 0 5 2 0 0 0 0 0 0 0 0 0 0 0 0 0 0 0 20 226 245 255 255 213 70 17 3 0 0 2 0 0 3 0 0 0 0 0 0 0 0 0 0 0 0 24 0 36 255 241 234 49 0 0 0 0 3 1 0 0 6 0 0 0 0 0 0 0 0 0 0 0 0 0 0 16 0 19 0 18 4 0 0 2 5 2 0 0 4 0 0 0 0
0 0 0 0 0 0 0 0 0 0 0 0 0 0 0 0 0 0 0 0 0 0 0 0 0 0 0 0 0 0 0 0 0 0 0 0 0 0 0 0 0 0 0 0 0 0 0 0 0 0 0 0 0 0 0 0 0 0 0 0 0 0 0 0 0 0 0 0 0 0 0 0 0 0 0 0 0 0 0 0 0 0 0 0 0 0 0 0 0 0 0 0 0 0 0 0 0 0 0 0 0 0 0 0 0 0 0 0 0 0 0 0 0 0 0 0 0 0 0 0 0 0 0 0 0 0 0 0 0 0 0 0 0 0 0 0 0 0 0 0 0 0 0 0 0 0 0 0 0 0 0 0 0 0 0 0 0 0 0 0 0 0 0 0 0 0 0 0 0 0 0 0 0 0 0 0 0 0 0 0 0 0 0 0 0 0 0 0 0 0 0 0 0 0 0 0 0 0 0 0 0 0 0 0 0 0 0 0 0 0 0 0 0 0 0 0 0 0 0 0 0 0 0 0 8 0 0 15 0 0 15 2 0 11 23 68 181 185 168 37 64 0 0 12 0 0 7 0 0 0 0 0 0 0 0 0 0 2 0 0 25 57 242 241 250 249 191 246 98 128 21 5 1 0 0 8 0 0 0 0 0 13 8 0 24 89 109 172 231 253 255 244 249 255 255 248 248 249 255 220 0 1 5 0 0 0 0 0 4 0 0 16 184 253 248 255 246 255 252 255 245 243 247 255 255 231 255 245 21 19 0 15 0 0 0 0 0 11 10 76 255 255 255 241 253 255 243 255 252 255 255 253 254 255 253 255 86 7 0 0 0 0 0 0 5 6 0 58 241 211 225 183 135 120 135 53 27 115 74 99 21 70 226 255 34 0 15 7 0 0 0 0 0 7 0 9 58 2 7 0 1 0 0 14 15 2 3 0 5 90 255 232 8 12 0 0 0 0 0 0 0 11 0 0 0 0 0 3 0 0 11 0 0 1 0 5 0 133 255 246 4 0 6 4 0 0 0 0 0 0 0 0 0 0 0 0 0 0 0 0 0 0 0 0 4 179 255 162 3 6 0 2 0 0 0 0 0 0 0 0 0 0 0 0 0 0 0 0 0 0 0 0 0 81 245 173 0 0 0 0 0 0 0 0 0 0 0 0 0 0 0 0 0 0 0 0 0 0 0 0 8 170 255 159 13 0 0 2 0 0 0 0 0 0 0 0 0 0 0 0 0 0 0 0 0 0 0 0 0 130 255 166 0 13 0 1 0 0 0 0 0 0 0 0 0 0 0 0 0 0 0 0 0 0 0 0 10 183 246 245 29 0 8 0 0 0 0 0 0 0 0 0 0 0 0 0 0 0 0 0 0 0 0 0 0 116 249 228 0 7 16 0 0 0 0 0 0 0 0 0 0 0 0 0 0 0 0 0 0 0 0 0 0 155 244 163 4 0 0 0 0 0 0 0 0 0 0 0 0 0 0 0 0 0 0 0 0 0 0 0 7 61 251 171 0 0 3 3 0 0 0 0 0 0 0 0 0 0 0 0 0 0 0 0 0 0 0 0 4 76 255 181 0 0 18 0 0 0 0 0 0 0 0 0 0 0 0 0 0 0 0 0 0 0 0 0 0 81 255 255 16 12 0 1 0 0 0 0 0 0 0 0 0 0 0 0 0 0 0 0 0 0 0 0 0 77 250 245 7 8 0 10 0 0 0 0 0 0 0 0 0 0 0 0 0 0 0 0 0 0 0 0 7 62 237 161 0 0 2 1 0 0 0 0
0 0 0 0 0 0 0 0 0 0 0 4 0 0 3 1 0 10 7 0 0 0 0 3 0 0 0 0 0 0 0 0 0 0 0 0 15 3 2 5 3 6 7 0 4 0 0 2 11 8 3 3 0 0 0 0 0 0 0 0 0 0 0 0 0 0 0 0 0 0 0 0 0 5 10 0 0 0 3 0 0 0 0 0 0 0 0 0 0 0 0 0 1 0 5 6 0 4 8 0 5 0 0 15 15 6 3 0 0 0 0 0 0 0 0 0 0 0 0 0 7 0 0 0 0 7 6 0 4 3 2 0 0 0 0 0 0 0 0 0 0 0 0 0 0 0 0 0 0 3 14 6 0 0 4 3 0 0 0 0 15 12 0 1 0 0 0 0 0 0 0 0 0 0 0 0 0 0 0 0 19 104 210 255 255 139 9 0 17 0 0 17 0 0 0 0 0 0 0 0 0 0 0 0 0 26 89 157 214 255 255 243 252 247 129 0 0 13 2 0 0 0 0 0 0 0 0 0 0 0 0 0 0 192 255 255 245 246 214 161 224 245 229 0 11 0 0 0 0 0 0 0 0 0 0 0 0 0 0 0 58 255 238 243 250 98 25 0 64 255 214 13 8 0 0 1 0 0 0 0 0 0 0 0 0 0 0 0 92 249 255 203 28 0 7 0 44 255 210 8 0 2 8 0 0 0 0 0 0 0 0 0 0 0 0 0 24 203 192 9 0 3 0 11 167 249 235 0 0 4 7 0 0 0 0 0 0 0 0 0 0 0 0 0 0 78 6 7 0 16 0 0 236 244 232 0 1 0 0 5 0 0 0 0 0 0 0 0 0 0 0 0 0 1 0 0 13 0 10 116 250 255 148 0 9 3 0 4 0 0 0 0 0 0 0 0 0 0 0 0 0 4 5 1 0 7 2 209 255 233 46 0 2 6 1 0 0 0 0 0 0 0 0 0 0 0 0 0 0 2 0 0 2 0 82 255 255 151 2 7 0 0 11 0 0 0 0 0 0 0 0 0 0 0 0 0 0 0 0 0 0 15 105 255 255 99 20 0 0 15 0 0 0 0 0 0 0 0 0 0 0 0 0 0 12 0 3 9 0 0 195 255 236 51 0 0 6 0 0 10 0 0 0 0 0 0 0 0 0 0 0 0 5 0 0 4 4 55 247 248 103 6 0 4 0 0 0 5 0 0 0 0 0 0 0 0 0 0 0 0 0 5 5 0 8 173 250 255 7 0 12 1 0 8 7 0 0 0 0 0 0 0 0 0 0 0 0 0 0 7 12 0 19 233 248 232 26 0 0 0 0 4 2 0 0 0 0 0 0 0 0 0 0 0 0 0 1 0 0 7 108 254 255 98 14 0 0 6 2 0 0 1 0 0 0 0 0 0 0 0 0 0 0 0 13 0 0 35 225 255 234 12 0 0 8 5 0 0 3 0 0 0 0 0 0 0 0 0 0 0 0 0 0 8 0 23 251 244 169 13 7 7 0 0 1 1 6 0 0 0 0 0 0 0 0 0 0 0 0 0 0 0 4 29 249 255 167 6 0 0 0 0 0 0 0 0 0 0 0 0 0 0 0 0 0 0 0 0 5 27 0 27 254 217 57 0 0 0 0 0 0 0 0 0 0 0 0 0 0 0 0 0 0 0 0 0 0 0 0 9 0 0 0 13 0 0 0 0 0 0 0 0 0 0 0 0 0 0 0 0 0 0 0 0 0 3 3 13 2 6 0 0 0 0 0 0 0 0 0 0 0 0 0 0
0 0 1 1 3 5 3 0 0 0 0 0 0 0 0 0 7 0 0 0 0 0 0 6 0 0 0 0 0 2 2 0 0 0 0 0 3 3 3 3 3 3 3 3 0 0 1 5 7 5 0 0 0 0 0 0 1 2 3 0 0 0 0 2 0 0 0 0 0 0 0 0 0 1 0 0 0 0 3 2 0 0 0 0 3 0 0 2 2 0 1 4 1 1 1 1 1 1 1 1 1 3 7 8 5 0 0 0 0 0 0 0 5 0 0 2 5 1 0 0 1 1 1 1 1 1 1 1 0 0 0 1 2 0 0 9 0 0 0 0 6 0 0 1 2 0 0 0 0 0 0 0 0 0 0 0 9 6 5 4 0 0 0 2 0 0 0 0 3 0 0 2 0 0 1 15 2 2 2 2 2 2 2 2 0 1 6 0 0 4 7 0 0 0 0 0 0 0 1 4 0 0 12 37 254 254 254 254 254 254 254 254 255 243 163 54 0 0 8 0 0 0 0 0 5 0 0 4 0 0 13 47 248 255 255 249 252 252 250 255 255 242 253 193 10 0 6 1 0 0 0 0 1 0 0 4 0 0 7 30 232 240 246 253 255 244 243 255 255 254 255 243 39 12 0 3 0 0 0 0 0 0 1 2 0 0 0 8 25 137 191 165 181 231 209 138 199 234 247 250 51 20 0 0 0 0 0 0 0 0 2 0 0 0 0 0 0 0 0 1 1 0 0 12 9 174 251 255 46 0 5 0 0 0 0 0 0 1 0 0 0 3 1 0 0 4 5 0 5 10 4 0 25 218 249 255 50 0 13 0 0 0 0 0 0 0 0 0 0 3 3 0 3 8 0 0 0 0 0 0 142 255 243 250 48 12 2 0 0 0 0 0 1 0 0 1 1 0 1 3 0 0 0 0 4 0 0 6 144 245 255 184 23 0 0 7 0 0 0 0 1 0 0 4 3 0 0 2 2 2 0 1 4 0 0 18 251 251 255 59 0 0 3 0 0 0 0 0 0 0 0 0 0 0 0 0 0 0 2 0 2 12 0 245 255 250 231 24 0 1 3 0 0 0 0 0 0 0 0 0 0 0 0 0 1 3 0 8 12 0 91 250 246 255 104 11 0 0 0 5 0 0 0 0 0 0 0 0 0 0 0 0 0 6 0 0 0 71 255 248 255 211 13 3 0 2 0 2 0 0 0 0 0 0 0 0 0 0 0 0 0 0 4 15 9 255 240 248 241 100 7 0 0 8 2 0 0 0 0 0 0 0 0 0 0 0 0 0 0 4 6 0 185 234 255 255 135 13 6 0 0 8 0 3 0 0 0 0 0 0 0 0 0 0 0 0 4 0 18 112 241 255 255 204 25 11 0 0 8 1 0 7 0 0 0 0 0 0 0 0 0 0 0 0 0 7 120 247 255 247 230 22 0 17 0 0 10 0 0 0 0 0 0 0 0 0 0 0 0 0 0 0 1 19 220 255 231 255 112 6 5 0 5 0 2 0 10 0 0 0 0 0 0 0 0 0 0 0 0 0 0 187 249 255 255 146 0 0 0 0 0 0 0 0 0 0 0 0 0 0 0 0 0 0 0 0 0 0 16 166 255 252 118 47 0 13 0 0 0 0 0 0 0 0 0 0 0 0 0 0 0 0 0 0 0 0 0 138 255 255 41 0 0 6 0 0 0 0 0 0 0 0 0 0 0 0 0 0 0 0 0 0 0 0 0 5 0 8 0 19 11 2 0 0 0 0 0 0 0 0 0 0 0 0
0 0 0 0 0 0 0 0 0 0 3 3 0 0 4 0 10 0 3 0 0 5 0 10 0 0 0 0 0 0 0 0 0 0 0 0 13 0 0 0 0 5 6 0 0 0 17 3 0 3 0 0 0 0 0 0 0 0 0 0 0 0 0 0 0 0 8 10 2 0 0 0 0 0 1 0 0 9 0 2 0 0 0 0 0 0 0 0 0 0 0 0 10 3 0 0 3 4 0 0 14 0 0 2 4 0 0 3 0 0 0 0 0 0 0 0 0 0 0 0 0 2 0 0 5 0 0 4 0 0 1 8 4 0 0 5 0 0 0 0 0 0 0 0 0 0 0 0 2 6 0 0 9 1 0 13 6 12 0 0 0 1 6 0 0 0 0 0 0 0 0 0 0 0 0 0 108 117 127 172 221 192 117 79 0 0 0 8 11 0 8 4 0 0 0 0 0 0 0 0 0 0 0 0 230 253 255 255 255 242 237 255 249 253 251 246 146 10 0 5 0 0 0 0 0 0 0 0 0 0 0 0 224 255 249 255 244 254 254 249 254 255 247 255 249 152 5 2 0 0 0 0 0 0 0 0 0 0 0 0 147 226 255 254 179 145 147 160 137 181 237 247 255 255 41 0 0 0 0 0 0 0 0 0 0 0 0 0 0 26 25 24 0 0 0 0 12 0 117 255 248 228 80 10 0 0 0 0 0 0 0 0 0 0 0 0 0 5 0 0 2 6 9 0 2 20 192 239 255 246 0 1 0 0 0 0 0 0 0 0 0 0 0 0 4 8 1 4 5 0 1 0 0 95 255 246 255 209 2 3 0 0 0 0 0 0 0 0 0 0 0 0 12 0 0 0 6 0 4 5 81 230 255 250 193 19 0 0 0 0 0 0 0 0 0 0 0 0 0 0 0 0 11 15 6 0 40 95 231 250 255 167 31 0 19 0 0 0 0 0 0 0 0 0 0 0 0 0 10 0 0 0 0 11 144 255 255 255 109 5 0 6 0 0 0 0 0 0 7 0 6 1 0 0 0 10 3 0 0 6 6 75 249 242 255 154 40 1 2 0 0 5 0 0 0 0 0 10 0 0 2 6 0 0 1 2 17 7 73 245 238 255 125 57 0 0 0 0 0 2 0 0 0 0 0 9 0 4 2 8 1 13 0 17 44 96 255 239 223 116 17 0 0 0 5 2 0 0 0 0 0 0 4 5 0 0 0 0 3 0 5 90 249 254 255 188 29 0 0 1 5 7 5 1 0 0 0 0 0 0 0 7 3 0 9 0 3 10 19 180 247 248 188 22 0 12 0 2 3 0 0 0 1 3 0 0 0 0 0 3 0 0 16 0 0 151 249 255 240 215 23 0 20 0 0 0 0 0 0 0 3 4 0 0 0 0 6 1 0 0 0 41 77 231 250 250 194 3 3 0 10 0 3 1 0 2 4 3 1 0 0 0 0 0 0 0 10 7 0 240 255 252 255 85 2 0 3 0 0 2 0 0 0 0 2 0 0 0 0 0 0 0 0 0 0 9 0 239 253 255 195 21 0 0 0 17 0 1 0 0 0 0 0 0 0 0 0 0 0 0 12 0 12 2 0 83 166 251 94 0 3 3 0 6 0 4 0 0 0 0 0 0 0 0 0 0 0 0 5 0 11 0 6 0 0 0 7 0 6 2 0 0 0 2 0 0 0 0 0 0 0 0 0 0 0 0 0 13 0 0 0 9 13 9 0 5 0 0 0 1 3 0 0 0 0 0 0 0 0 0 0 0 0 0
2 1 0 0 0 2 1 0 0 6 0 2 0 0 5 3 0 0 0 5 4 0 0 3 0 0 0 0 0 0 0 5 5 1 0 4 3 9 0 7 10 1 7 0 2 3 0 0 0 0 3 0 0 0 0 0 3 0 1 6 2 0 0 3 0 0 0 0 4 0 3 0 0 2 5 7 8 5 0 0 0 0 0 0 2 1 0 0 0 0 0 3 2 6 4 4 1 0 7 11 5 0 0 0 2 0 1 16 0 0 0 0 0 1 3 0 1 10 9 0 0 0 0 0 0 0 0 0 5 1 0 1 0 0 0 1 0 0 0 0 0 3 7 3 1 2 0 0 1 0 0 0 5 13 0 0 0 3 6 0 0 5 7 0 0 0 0 0 3 0 3 5 0 0 0 17 9 1 10 0 0 0 0 4 6 0 0 3 7 1 0 0 0 0 0 0 7 0 0 6 0 0 26 77 233 231 239 199 162 160 168 203 179 154 172 218 196 97 17 0 0 0 0 0 5 0 5 0 0 0 60 245 253 255 249 255 255 245 255 252 247 255 255 250 246 255 124 0 0 0 0 0 0 0 4 2 12 0 0 93 202 233 233 240 246 245 236 194 136 153 148 160 255 252 200 5 0 0 0 0 5 0 1 0 4 8 0 1 0 14 3 0 0 6 10 0 10 1 0 7 255 244 214 3 0 0 0 0 7 0 5 0 0 7 2 4 0 0 0 4 0 0 0 5 0 0 1 95 253 254 175 6 0 0 0 0 0 0 12 6 0 0 1 1 3 0 0 6 5 0 0 14 3 8 0 220 233 240 141 0 0 0 0 0 0 0 3 7 0 0 0 0 13 3 2 0 0 8 0 0 0 5 150 234 255 240 44 16 0 0 0 0 3 1 0 0 0 0 4 3 0 0 9 4 3 7 0 0 24 164 255 246 239 45 2 0 0 0 0 0 0 8 0 0 1 0 1 0 8 0 5 1 0 0 21 81 235 248 255 185 19 1 0 12 0 0 0 0 0 11 7 0 0 0 0 1 6 0 0 9 2 15 142 252 253 255 189 41 0 11 0 4 0 0 0 0 0 2 0 0 7 5 0 0 0 21 6 0 2 156 255 244 255 163 26 8 10 0 7 0 0 0 0 0 2 1 0 0 6 0 0 1 1 0 0 23 187 253 255 255 166 25 0 0 0 11 0 1 0 0 0 0 1 5 0 0 0 0 1 15 0 14 5 179 243 252 235 151 27 0 0 14 0 0 17 0 0 0 0 0 0 4 2 0 2 2 0 2 3 27 239 255 255 192 69 0 0 0 0 6 4 0 2 6 0 0 0 0 0 2 0 0 3 0 0 0 113 255 229 255 127 0 22 0 5 0 8 0 0 13 0 11 0 0 0 0 4 0 0 1 0 0 37 101 249 235 255 91 0 2 0 7 0 26 0 1 6 0 13 0 0 0 0 0 2 0 0 6 0 10 119 255 253 253 78 0 12 0 0 5 7 0 0 0 0 5 0 0 0 0 0 0 0 2 0 16 0 47 226 255 252 92 0 1 0 4 12 0 0 0 0 0 0 0 0 0 0 0 0 0 0 14 4 0 0 215 255 235 54 0 0 8 0 0 7 4 0 0 0 0 0 0 0 0 0 0 0 0 4 0 0 12 59 255 137 47 0 0 7 12 0 0 0 0 0 0 0 0 0 0 0 0 0 0 0 0 0 0 10 0 0 2 0 8 6 5 0 0 0 3 0 0 0 0 0 0 0 0 0 0 0 0 0 0
0 0 0 0 0 0 0 0 0 0 2 4 2 0 0 0 1 5 3 0 0 0 0 1 0 0 0 0 0 0 0 0 0 0 0 0 2 0 0 0 0 0 0 0 0 0 0 4 10 6 0 0 0 0 0 0 0 0 0 0 0 0 0 0 4 1 0 0 2 6 6 5 13 6 4 4 0 0 0 11 0 0 0 0 0 0 0 0 0 0 0 0 0 0 0 0 0 0 0 0 0 0 1 4 1 0 0 0 0 0 0 0 0 0 0 0 0 0 0 0 0 0 0 2 1 1 4 8 5 7 2 0 1 10 5 0 0 0 0 0 0 0 0 0 0 0 0 0 7 6 3 0 0 0 0 0 0 2 4 0 0 0 5 5 0 0 0 0 0 0 0 0 0 0 0 0 0 0 0 0 6 9 6 2 7 0 0 4 5 0 0 0 0 0 0 0 0 0 0 0 0 0 0 0 62 76 109 159 211 245 255 254 207 105 11 0 4 3 0 0 0 0 0 0 0 4 2 3 0 0 132 228 253 244 255 255 244 255 255 250 255 240 169 4 0 1 1 0 0 0 0 0 7 7 0 0 4 31 177 255 246 161 132 131 102 75 90 140 176 255 252 133 12 2 3 0 0 0 0 0 0 3 0 1 7 3 70 101 55 5 0 8 0 0 0 9 19 217 253 191 1 0 0 1 0 0 0 0 0 5 0 2 0 0 0 0 0 0 3 0 0 19 10 0 0 209 255 168 9 2 0 8 0 0 0 0 0 5 0 3 2 3 8 3 9 1 3 0 0 2 0 0 15 226 255 83 6 6 0 5 0 0 0 0 0 2 0 7 0 2 0 0 0 0 6 6 12 6 0 8 45 233 249 8 0 2 0 2 0 0 0 0 3 2 0 0 0 1 0 10 0 5 4 0 0 0 1 34 169 255 202 4 3 8 3 3 0 0 0 0 0 0 0 12 0 7 0 0 0 0 1 5 10 0 5 60 250 244 98 0 0 0 0 0 0 0 0 0 0 0 0 0 0 0 0 0 0 14 0 1 14 0 7 166 255 167 6 8 0 3 1 1 0 0 0 0 0 0 0 0 0 0 0 0 3 0 20 1 0 15 4 255 243 84 0 0 0 0 1 5 0 0 0 0 0 0 0 0 0 0 0 0 4 0 12 0 0 0 82 255 220 14 0 0 5 0 0 2 0 0 0 0 0 0 0 0 0 0 0 0 0 5 0 0 11 14 194 245 156 0 6 1 7 0 0 0 0 0 0 0 0 0 0 0 0 0 0 0 1 1 0 8 0 137 250 248 55 0 0 0 0 5 0 2 0 0 0 0 0 0 0 0 0 0 0 0 5 0 10 1 45 233 255 160 0 15 0 0 0 7 0 2 0 0 0 0 0 0 0 0 0 0 0 0 0 4 2 0 148 251 220 35 0 11 1 2 0 5 0 1 0 0 0 0 0 0 0 0 0 0 0 0 0 17 0 0 168 255 151 1 5 0 0 1 0 3 0 4 0 0 0 0 0 0 0 0 0 0 0 0 0 0 0 13 228 243 133 0 0 0 0 0 0 0 0 0 0 0 0 0 0 0 0 0 0 0 0 0 3 5 12 0 226 255 62 6 0 0 0 0 0 0 0 0 0 0 0 0 0 0 0 0 0 0 0 0 0 0 0 0 215 255 38 0 0 0 0 0 0 0 0 0 0 0 0 0 0 0 0 0 0 0 0 0 8 15 12 0 0 0 0 8 0 0 0 0 0 0 0 0 0 0 0 0
0 0 1 1 0 0 0 1 0 2 2 0 0 0 0 1 4 0 0 2 0 19 0 1 0 0 0 0 1 1 1 0 0 0 0 0 0 0 0 3 4 2 2 3 1 14 5 14 0 8 0 0 0 0 0 0 3 1 0 0 0 0 1 1 9 1 0 0 0 0 0 0 0 0 0 0 19 0 0 5 0 0 0 0 0 0 0 0 1 2 2 0 1 0 0 0 4 1 0 4 0 26 18 0 0 0 7 1 0 0 0 0 0 0 0 0 1 0 0 0 1 0 2 5 5 1 0 0 5 3 0 10 0 10 0 0 0 0 0 0 0 1 3 2 0 0 0 0 5 8 2 0 0 0 4 4 4 0 17 6 13 0 0 0 0 0 0 0 0 3 4 1 0 0 2 8 15 34 37 19 8 11 6 0 2 99 231 63 0 0 30 0 0 0 0 0 0 0 3 0 0 0 11 23 209 247 255 235 191 146 88 36 53 146 255 156 0 12 0 0 0 0 0 0 0 5 0 1 15 0 0 189 255 253 255 239 255 237 255 236 241 252 255 79 0 8 0 0 0 0 0 0 2 10 0 0 0 2 127 255 247 65 5 8 97 142 193 154 190 255 212 4 18 0 10 0 0 0 0 0 0 2 0 2 9 24 224 237 236 23 1 0 2 1 10 0 94 238 39 0 0 14 0 6 0 0 0 0 4 0 0 0 12 58 255 255 118 0 9 0 3 5 0 42 249 255 6 0 3 0 0 6 0 0 0 0 0 4 0 0 0 37 200 200 38 0 0 0 2 9 0 155 255 145 0 0 30 0 17 0 0 0 0 0 0 2 4 9 0 0 36 34 0 4 4 11 11 0 9 238 252 82 0 13 0 0 22 3 0 0 0 0 7 1 0 0 3 0 0 0 14 0 0 0 0 0 83 247 192 11 5 9 0 0 9 0 0 0 0 0 0 1 8 0 5 0 5 4 3 0 11 2 0 2 165 255 196 5 0 0 5 1 0 4 0 0 0 0 0 0 0 0 0 0 0 0 0 0 3 0 0 11 191 254 156 2 80 101 89 84 10 0 0 0 0 0 0 0 0 0 0 0 0 0 15 0 8 26 49 131 255 247 233 245 255 255 255 203 0 0 0 0 0 0 0 0 0 0 0 0 0 0 0 15 129 250 241 255 255 255 225 201 177 76 94 54 0 3 0 0 0 0 0 0 0 0 0 0 0 0 13 12 6 58 110 255 243 190 19 0 0 15 0 2 8 3 0 0 0 0 0 0 0 0 0 0 0 0 0 6 3 0 12 246 251 144 11 0 0 17 0 0 0 0 0 0 0 0 0 0 0 0 0 0 0 0 5 0 4 4 22 255 255 77 0 0 1 0 10 0 13 0 0 0 0 0 0 0 0 0 0 0 0 0 11 0 0 0 58 250 221 14 6 11 0 9 0 15 5 0 0 0 0 0 0 0 0 0 0 0 0 0 0 0 7 105 245 255 134 5 0 1 4 0 11 1 0 1 0 0 0 0 0 0 0 0 0 0 0 0 0 6 0 195 255 244 41 1 0 0 0 0 0 0 0 0 0 0 0 0 0 0 0 0 0 0 0 0 6 0 13 161 218 120 0 2 0 0 0 0 0 0 0 0 0 0 0 0 0 0 0 0 0 0 0 0 0 3 5 0 10 1 3 0 0 0 0 0 0 0 0 0 0 0 0 0 0 0 0 0 0 0 0 0 0 2 6 10 0 5 0 0 0 0 0 0 0 0 0 0 0 0 0 0
0 0 0 0 0 0 0 0 0 0 7 0 0 0 0 4 0 2 1 0 3 0 0 0 0 0 0 0 0 0 0 0 0 0 0 0 0 0 0 0 7 15 3 0 6 2 0 0 0 0 1 4 0 0 0 0 0 0 0 0 0 0 0 0 0 6 7 0 0 0 4 3 2 0 3 8 4 3 0 0 0 0 0 0 0 0 0 0 0 0 0 0 2 0 0 0 0 0 3 0 0 0 0 0 0 0 10 6 0 0 0 0 0 0 0 0 0 0 0 0 0 6 0 13 7 0 0 0 0 0 3 2 0 0 0 0 0 0 0 0 0 0 0 0 0 0 0 0 0 8 0 0 0 0 12 4 0 3 0 0 4 0 0 5 0 0 0 0 0 0 0 0 0 0 0 0 17 168 255 240 136 48 45 28 23 34 10 0 15 5 0 1 0 0 0 0 0 0 0 0 0 0 0 0 130 236 255 255 238 249 255 230 215 244 225 206 202 126 27 0 0 0 0 0 0 8 0 0 3 6 0 20 229 250 252 184 185 188 133 199 217 176 217 209 239 255 122 0 0 0 0 0 0 7 4 0 0 0 4 104 252 250 249 30 0 8 0 9 13 13 0 38 255 254 226 0 0 0 0 0 4 0 0 0 15 5 0 96 249 255 207 12 0 0 9 19 0 2 6 118 252 252 213 9 0 0 0 0 7 0 1 0 6 0 18 179 248 254 78 1 7 0 0 0 1 0 58 191 255 254 44 10 0 0 0 0 8 0 8 0 0 0 67 251 255 215 15 0 0 8 22 0 5 3 181 255 205 160 12 4 0 0 0 0 0 0 1 0 6 13 112 255 221 61 0 2 0 0 8 0 0 163 255 243 93 0 0 1 0 0 0 0 0 1 8 0 0 0 115 214 120 0 5 2 17 0 0 0 99 233 241 230 0 0 20 0 0 0 0 0 8 1 0 0 9 0 17 3 1 0 4 0 99 145 183 211 240 255 251 205 3 10 0 0 0 0 0 0 0 0 0 0 0 0 0 0 0 13 89 180 255 253 255 246 255 245 226 70 1 8 0 7 0 0 0 0 0 0 0 0 0 0 0 0 0 136 253 197 125 140 255 251 250 226 46 7 4 0 3 0 0 0 0 0 0 0 0 0 0 0 0 0 1 19 127 32 19 0 241 255 255 125 0 0 0 9 8 0 0 0 0 0 0 0 0 0 0 0 0 0 6 0 0 0 0 124 254 254 165 12 14 0 0 4 0 5 0 0 0 0 0 0 0 0 0 0 0 0 0 14 0 0 16 195 255 244 21 4 0 0 14 0 0 10 0 0 0 0 0 0 0 0 0 0 0 0 5 5 0 0 109 225 243 187 0 13 0 13 0 0 14 2 0 0 0 0 0 0 0 0 0 0 0 0 1 0 14 11 242 240 247 34 9 0 0 8 0 9 1 0 0 0 0 0 0 0 0 0 0 0 0 0 0 20 0 122 248 255 241 52 0 8 7 0 22 0 0 14 0 0 0 0 0 0 0 0 0 0 0 0 0 0 9 189 239 255 226 16 0 0 0 0 0 0 0 0 0 0 0 0 0 0 0 0 0 0 0 0 0 11 0 146 255 205 63 0 0 0 0 0 0 0 0 0 0 0 0 0 0 0 0 0 0 0 0 0 2 10 0 0 13 9 0 25 0 0 0 0 0 0 0 0 0 0 0 0 0 0 0 0 0 0 0 0 0 0 25 3 0 10 6 0 0 0 0 0 0 0 0 0 0 0 0 0
0 0 0 0 0 0 0 0 0 6 0 5 3 0 7 0 7 5 0 0 0 7 5 0 0 0 0 0 0 0 0 0 0 0 0 0 6 14 0 9 12 0 0 5 0 0 0 15 6 0 0 16 0 0 0 0 0 0 0 0 0 0 0 0 0 1 0 9 0 6 12 0 9 8 4 2 7 10 3 0 0 0 0 0 0 0 0 0 0 0 0 0 1 7 0 10 0 6 2 0 0 0 0 0 0 0 0 10 0 0 0 0 0 0 0 0 0 0 0 0 0 0 0 1 8 0 0 22 0 7 7 0 0 4 4 0 0 0 0 0 0 0 0 0 0 0 0 0 12 0 17 8 0 1 5 0 0 1 6 3 1 3 1 0 0 0 0 0 0 0 0 0 0 0 0 0 1 0 3 0 7 2 0 0 7 0 0 3 1 0 0 5 0 0 0 0 0 0 0 0 0 0 0 0 0 16 0 24 201 128 81 239 252 255 178 72 127 249 184 0 0 0 0 0 11 0 0 8 0 0 12 0 1 46 154 221 254 245 255 250 255 238 255 255 236 255 255 0 0 0 0 0 0 0 3 8 1 9 0 0 2 182 255 250 255 255 246 252 223 255 244 246 255 255 187 15 0 0 0 0 1 8 0 0 0 0 0 41 201 255 244 254 249 223 136 58 37 76 165 254 244 255 55 0 0 0 0 0 4 0 0 11 10 13 23 203 238 255 253 235 109 8 0 0 0 7 170 252 239 182 3 9 0 0 0 0 1 0 0 9 0 0 15 245 255 255 167 43 0 0 20 0 0 114 255 243 255 19 13 0 0 0 0 0 0 3 0 5 0 14 81 255 242 102 18 0 9 0 3 0 89 246 243 246 62 0 0 13 0 0 0 0 0 13 0 0 0 2 47 139 25 0 3 0 0 12 6 6 207 249 255 154 12 5 2 0 0 0 0 0 0 1 0 1 11 0 0 6 4 2 0 0 4 0 0 189 255 253 155 11 0 0 3 1 0 0 0 0 0 0 0 0 0 0 0 0 0 1 0 19 0 0 134 243 255 153 35 0 0 5 6 0 0 0 0 0 0 0 0 0 0 0 0 0 0 28 0 0 9 85 243 255 193 64 0 0 16 0 0 8 0 0 0 0 0 0 0 0 0 0 0 0 1 0 5 7 49 255 232 244 56 9 0 2 3 0 0 8 0 0 0 0 0 0 0 0 0 0 0 0 4 0 0 44 236 244 255 80 0 3 15 1 0 2 10 0 0 0 0 0 0 0 0 0 0 0 0 0 4 0 39 167 249 249 117 0 5 0 0 7 4 2 2 0 0 0 0 0 0 0 0 0 0 0 0 0 0 0 148 254 253 120 6 0 10 0 0 7 0 0 0 6 0 0 0 0 0 0 0 0 0 0 0 0 1 88 233 255 176 0 0 3 0 0 8 1 0 0 6 3 0 0 0 0 0 0 0 0 0 0 0 0 8 223 255 211 18 0 15 0 6 0 0 2 4 6 4 0 0 0 0 0 0 0 7 0 0 4 0 5 123 255 252 97 3 0 1 0 0 0 0 0 0 0 0 0 0 0 0 0 7 0 0 0 20 0 0 33 248 255 154 12 0 5 4 0 0 0 0 0 0 0 0 0 0 0 0 0 0 14 14 0 0 0 35 179 255 220 100 0 0 7 3 6 0 0 0 0 0 0 0 0 0 0 0 0 0 1 0 0 13 7 0 0 0 8 3 1 14 3 0 0 0 0 0 0 0 0 0 0 0 0 0 0
0 0 0 0 0 0 0 0 0 4 0 0 5 0 5 0 0 7 3 0 6 0 0 3 0 0 0 0 0 0 0 0 0 0 0 0 5 4 0 0 0 0 1 0 4 0 0 3 3 15 5 0 0 0 0 0 0 0 0 0 0 0 0 0 0 0 6 3 2 2 0 0 5 3 3 13 0 0 1 2 0 0 0 0 0 0 0 0 0 0 0 0 3 0 1 0 0 4 0 7 1 1 0 3 0 7 6 2 0 0 0 0 0 0 0 0 0 0 0 0 0 0 2 4 7 8 0 0 0 5 7 0 10 0 0 0 0 0 0 0 0 0 0 0 0 0 0 0 5 8 0 0 0 0 5 0 1 12 2 0 3 7 7 13 0 0 0 0 0 0 0 0 0 0 0 0 0 8 0 9 3 0 9 0 0 0 0 14 0 9 0 0 0 0 0 0 0 0 0 0 0 0 0 0 8 104 159 240 230 146 115 46 54 123 187 208 7 0 0 6 0 0 0 0 4 0 0 6 3 0 0 6 75 255 253 247 255 255 234 255 253 248 255 238 39 0 8 0 0 0 0 0 4 0 0 0 0 0 9 28 237 243 255 232 187 246 238 244 254 255 234 255 58 5 0 0 0 0 0 0 1 0 0 0 0 0 13 34 255 255 199 36 0 46 26 18 123 255 233 224 7 0 4 1 0 0 0 0 0 0 2 4 0 0 1 12 189 230 110 1 8 0 0 9 7 252 255 190 2 4 11 0 0 0 0 0 0 0 1 3 2 0 0 0 23 56 0 0 17 0 14 0 111 251 239 95 9 0 2 2 0 0 0 0 5 1 0 0 0 0 0 0 0 9 11 0 0 1 4 43 247 255 159 0 0 0 0 9 0 0 0 0 1 1 0 0 0 0 2 3 6 0 1 3 4 0 0 211 252 246 104 0 16 12 1 0 0 0 0 0 0 0 3 2 0 0 0 0 0 4 0 0 4 10 20 253 244 219 27 0 6 3 0 4 0 0 0 0 0 0 0 2 1 0 0 4 0 0 0 0 0 13 137 251 255 79 12 3 0 2 0 4 0 0 0 0 2 1 0 0 0 0 0 0 6 0 7 0 4 53 248 255 155 29 0 0 0 3 0 0 0 0 0 0 0 1 0 0 2 10 10 2 0 10 0 8 0 203 244 249 53 0 0 0 2 8 0 3 0 0 0 0 0 1 1 0 7 23 23 11 6 0 11 0 100 255 250 132 9 0 3 0 2 8 0 8 0 0 0 0 0 4 1 0 0 12 9 0 0 0 5 27 199 237 255 0 0 4 5 0 0 4 0 3 0 0 0 0 0 3 0 0 0 4 1 0 0 19 4 140 245 255 179 3 0 2 1 0 2 3 0 1 0 0 0 0 0 0 0 0 1 3 3 3 0 0 0 158 249 242 32 8 0 0 0 4 5 0 3 2 0 0 0 0 0 0 0 2 1 0 0 3 7 8 0 219 252 201 4 0 7 0 0 5 0 0 1 1 0 0 0 0 0 0 0 0 0 0 0 0 0 18 0 253 255 203 0 0 0 0 0 0 0 0 0 0 0 0 0 0 0 0 0 0 0 0 0 0 16 0 3 227 247 255 124 2 0 0 0 0 0 0 0 0 0 0 0 0 0 0 0 0 0 0 0 0 0 26 2 125 255 166 0 9 0 0 0 0 0 0 0 0 0 0 0 0 0 0 0 0 0 0 0 0 0 0 0 0 8 0 0 0 0 0 0 0 0 0 0 0 0 0 0 0
0 3 4 1 2 6 5 0 2 0 0 1 2 2 0 0 0 0 0 0 0 0 0 0 0 0 0 0 6 3 0 0 0 2 0 0 1 0 0 0 1 2 2 2 0 0 0 0 0 0 0 0 0 0 0 0 0 0 2 3 6 9 7 3 2 2 1 0 0 0 2 4 0 0 0 0 0 0 0 0 0 0 0 0 0 4 7 2 0 0 0 0 1 3 3 2 0 0 0 0 0 0 0 0 0 0 0 0 0 0 0 0 4 0 0 0 0 0 4 6 0 0 1 2 1 0 0 0 0 0 0 0 0 0 0 0 0 0 0 0 0 0 0 4 12 9 0 0 0 0 0 0 3 4 2 0 0 0 0 0 0 0 0 0 0 0 0 0 2 1 1 1 0 0 2 14 9 3 0 0 2 5 4 0 0 0 0 0 0 0 0 0 0 0 0 0 0 3 5 0 0 25 102 171 24 12 0 0 0 4 1 0 0 0 0 0 0 0 0 0 0 0 0 0 0 0 4 8 1 97 255 239 170 13 0 1 0 0 9 0 1 2 0 3 0 0 11 0 0 0 0 0 7 12 0 0 22 216 245 255 255 158 59 0 5 0 0 1 0 13 0 0 14 1 0 1 0 0 0 0 0 0 0 7 48 255 243 255 243 255 254 183 85 16 16 0 6 0 0 7 3 44 127 156 0 0 0 0 0 32 4 0 126 255 254 251 254 255 250 251 238 217 182 84 85 140 201 210 197 249 254 139 0 0 0 0 0 0 0 7 140 239 255 88 163 245 248 252 255 250 249 255 255 255 248 255 255 252 246 231 0 0 0 0 0 9 10 0 176 255 205 3 0 90 175 249 255 255 244 253 230 255 255 239 244 255 241 151 0 0 0 0 15 0 1 0 155 245 206 0 8 0 1 64 100 185 231 244 255 254 247 253 254 255 195 60 0 0 0 0 4 0 0 18 248 248 206 0 0 0 3 4 0 11 0 33 95 195 248 255 254 177 71 0 0 0 0 0 6 0 3 5 217 255 111 11 0 12 1 0 0 12 0 5 0 248 255 235 255 61 0 10 0 0 0 0 2 5 0 0 101 136 28 0 1 6 0 1 3 0 17 0 98 255 245 255 185 37 0 0 0 0 0 0 0 12 0 0 6 26 0 4 4 6 0 2 6 0 6 27 213 252 245 224 56 2 6 0 0 0 0 0 0 9 0 9 0 2 0 11 0 10 0 2 0 9 0 112 253 254 255 113 0 0 3 2 0 0 0 0 1 4 0 5 0 2 8 0 0 5 0 7 0 7 33 205 249 255 220 32 0 3 0 0 0 0 0 0 3 0 1 0 1 0 10 0 4 0 0 11 0 0 170 255 255 250 94 0 13 1 0 0 0 0 0 0 2 0 4 0 1 0 4 1 5 0 1 3 0 34 252 255 252 137 4 0 0 0 1 5 0 0 0 0 8 0 3 5 4 2 0 6 0 4 7 0 2 95 250 252 223 10 0 15 0 6 1 0 0 0 0 0 0 0 0 0 0 0 0 0 14 0 7 2 0 205 255 214 29 12 0 0 3 2 0 0 0 0 0 0 0 0 0 0 0 0 0 0 0 2 0 10 23 134 243 163 11 1 0 0 3 2 0 0 0 0 0 0 0 0 0 0 0 0 0 0 0 16 0 0 2 12 107 27 0 0 0 0 3 1 0 0 0 0 0 0 0 0 0 0 0 0 0 0 3 0 16 0 0 0 17 0 0 0 2 4 2 0 0 0 0 0 0 0
0 0 0 0 0 0 0 0 0 0 0 0 0 0 0 0 0 0 0 0 0 0 0 0 0 0 0 0 0 0 0 0 0 0 0 0 0 0 0 0 0 0 0 0 0 0 0 0 0 0 0 0 0 0 0 0 0 0 0 0 0 0 0 0 0 0 0 0 0 0 0 0 0 0 0 0 0 0 0 0 0 0 0 0 0 0 0 0 0 0 0 0 0 0 0 0 0 0 0 0 0 0 0 0 0 0 0 0 0 0 0 0 0 0 0 0 0 0 0 0 0 0 0 0 0 0 0 0 0 0 0 0 0 0 0 0 0 0 0 0 0 0 0 0 0 0 0 0 0 0 0 0 0 0 0 0 0 0 0 0 0 0 0 0 0 0 0 0 0 0 0 0 0 0 0 0 0 0 0 0 0 0 0 0 0 0 0 0 0 0 0 0 0 0 0 0 0 0 0 0 0 0 0 0 0 0 0 0 0 0 0 0 0 0 0 0 0 0 0 0 0 0 0 0 11 0 0 0 12 0 0 0 40 134 169 246 255 158 112 129 122 122 146 255 251 255 250 181 0 0 0 0 0 19 0 12 0 0 74 231 255 241 255 248 242 245 255 255 255 255 244 250 255 252 255 202 0 0 0 0 0 4 0 0 19 13 157 255 247 255 236 255 255 255 239 255 254 249 255 236 255 254 252 120 0 0 0 0 3 0 14 0 1 94 252 246 250 255 182 132 134 83 112 20 7 29 26 96 244 255 144 8 0 0 0 0 0 6 5 0 0 184 255 255 254 220 19 0 10 16 7 0 10 0 0 180 250 246 108 0 0 0 0 0 1 0 0 0 114 247 241 255 215 36 3 9 5 0 2 0 10 12 26 220 255 196 17 0 0 0 0 0 0 0 13 0 198 252 255 253 47 0 4 11 0 21 0 7 0 104 223 255 123 32 0 7 0 0 0 0 2 2 0 1 193 253 222 119 12 0 0 0 3 0 0 0 0 156 249 151 27 0 4 0 0 0 0 0 1 0 0 4 24 38 26 2 0 3 0 0 0 0 0 1 149 230 255 117 0 0 7 0 0 0 0 0 0 0 0 0 6 16 9 0 0 0 0 15 0 19 0 138 221 255 161 36 3 2 0 6 0 0 0 0 1 4 2 0 0 2 2 0 13 0 10 0 0 0 8 190 255 226 45 0 0 7 0 6 0 0 0 0 1 5 4 0 0 2 5 3 2 0 14 0 0 36 147 224 244 117 0 0 0 0 7 0 0 0 0 0 0 0 0 0 0 3 2 0 0 10 0 9 40 169 251 254 163 20 0 15 0 0 8 0 0 0 0 0 1 0 0 0 3 3 0 0 2 4 0 5 130 243 249 225 83 0 0 0 11 0 0 6 0 0 0 0 2 1 1 3 3 2 1 1 4 0 0 56 231 255 248 161 24 7 0 0 7 0 0 7 0 0 0 0 0 0 0 0 0 0 0 5 5 4 0 149 252 244 230 65 0 15 0 12 0 0 7 0 0 0 0 0 0 0 0 0 0 0 0 0 2 7 0 75 250 255 201 0 0 0 0 0 0 0 0 0 0 0 0 0 0 0 0 0 0 0 0 0 0 0 0 96 255 247 213 53 0 0 0 0 0 0 0 0 0 0 0 0 0 0 0 0 0 0 0 0 1 0 15 106 255 253 255 142 0 0 0 0 0 0 0 0 0 0 0 0 0 0 0 0 0 0 0 0 0 0 0 7 113 116 126 14 0 0 0 0 0 0 0 0 0 0 0 0
0 0 0 0 0 0 0 0 3 1 0 0 0 3 4 4 0 2 5 5 3 0 0 2 0 0 0 0 0 0 0 0 0 0 0 0 0 0 2 4 4 2 2 2 2 6 0 0 0 7 4 0 0 0 0 0 0 0 0 0 0 0 0 0 0 1 4 3 0 0 0 0 13 0 0 14 0 3 0 0 0 0 0 0 0 0 0 0 0 0 0 0 4 2 0 0 0 0 0 1 0 0 0 17 0 0 0 6 0 0 0 0 0 0 0 0 0 0 0 0 3 0 0 0 2 6 6 4 5 15 7 3 0 7 4 0 0 0 0 0 0 0 0 0 0 0 0 0 1 0 0 0 0 0 0 0 0 0 0 0 11 1 0 0 0 0 0 0 0 0 0 0 0 0 0 0 1 2 2 0 0 0 4 10 4 17 13 0 18 0 0 11 0 0 0 0 0 0 0 0 0 0 0 0 0 1 3 0 0 12 40 63 136 198 160 6 0 0 11 0 0 0 0 0 0 8 0 1 2 10 0 142 149 77 101 128 137 206 255 247 190 255 147 8 0 0 7 9 0 0 0 0 0 4 4 8 0 0 10 231 255 239 250 242 227 153 52 7 72 210 68 3 15 7 0 0 0 0 0 0 1 0 4 5 0 0 2 228 204 104 48 0 17 3 0 12 171 255 38 0 0 0 0 10 0 0 0 0 4 0 3 0 5 12 0 171 139 0 3 4 0 0 5 0 170 202 4 0 11 6 0 0 0 0 0 0 2 0 9 0 0 4 1 157 128 0 0 13 0 0 8 6 255 155 11 0 1 0 0 2 0 0 0 0 6 0 3 1 4 0 1 114 119 17 5 0 0 3 2 86 246 60 0 0 1 1 0 3 0 0 0 0 6 0 0 5 9 0 0 33 13 0 0 0 2 9 0 142 255 46 0 0 0 5 3 5 0 0 0 0 0 4 8 0 0 0 11 0 0 0 4 4 0 7 0 182 252 53 0 1 0 7 0 0 0 0 0 0 0 0 0 0 0 0 0 0 4 0 0 6 0 1 0 218 230 5 0 2 11 0 0 3 0 0 0 0 0 0 0 0 0 0 0 0 3 0 0 6 0 3 19 232 199 9 2 0 1 0 5 2 0 0 0 0 0 0 0 0 0 0 0 0 3 0 0 3 0 3 52 245 145 4 8 0 0 0 7 0 0 0 0 0 0 0 0 0 0 0 0 0 3 1 0 1 0 0 89 254 97 0 5 0 0 3 4 0 0 0 0 0 0 0 0 0 0 0 0 0 1 0 0 1 0 2 130 255 81 0 0 0 2 0 0 0 0 0 0 0 0 0 0 0 0 0 0 0 0 0 0 4 0 6 166 255 75 9 0 0 0 0 0 6 0 0 0 0 0 0 0 0 0 0 0 0 0 0 0 4 0 2 182 246 44 8 0 0 0 0 0 6 0 0 0 0 0 0 0 0 0 0 0 0 1 0 0 2 0 0 181 227 6 0 0 3 2 4 0 0 0 0 0 0 0 0 0 0 0 0 0 0 3 0 11 0 5 0 206 218 0 0 0 0 0 0 0 0 0 0 0 0 0 0 0 0 0 0 0 0 8 0 0 3 0 9 254 224 0 0 0 0 0 0 0 0 0 0 0 0 0 0 0 0 0 0 0 0 1 0 0 7 0 9 163 125 0 0 0 0 0 0 0 0 0 0 0 0 0 0 0 0 0 0 0 0 0 4 16 0 0 7 5 15 0 0 0 0 0 0 0 0 0 0 0 0
0 0 0 0 0 0 0 0 0 0 0 0 0 0 0 0 0 0 0 0 0 0 0 0 0 0 0 0 0 0 0 0 0 0 0 0 0 0 0 0 0 0 0 0 0 0 0 0 0 0 0 0 0 0 0 0 0 0 0 0 0 0 0 0 0 0 0 0 0 0 0 0 0 0 0 0 0 0 0 0 0 0 0 0 0 0 0 0 0 0 0 0 0 0 0 0 0 0 0 0 0 0 0 0 0 0 0 0 0 0 0 0 0 0 0 0 0 0 0 0 0 0 0 0 0 0 0 0 0 0 0 0 0 0 0 0 0 0 0 0 0 0 0 0 0 0 0 0 0 0 0 0 0 0 0 0 0 0 0 0 0 0 0 0 0 0 0 0 0 0 0 0 0 0 0 0 0 0 0 0 0 0 0 0 0 0 0 0 0 0 0 0 0 0 0 0 0 0 0 0 0 0 0 0 0 0 0 0 0 0 0 0 0 0 0 0 0 0 0 0 0 0 0 0 6 0 6 0 8 0 0 0 102 180 111 126 240 244 255 160 47 14 0 0 17 0 4 5 0 0 0 0 3 1 0 10 0 6 0 86 186 255 239 255 238 255 255 253 242 233 229 239 239 242 143 0 0 0 0 0 0 0 0 15 0 2 27 194 255 248 254 253 255 255 216 255 244 255 255 242 239 245 239 51 0 0 0 0 1 0 8 0 0 5 117 255 250 250 255 243 210 85 82 63 201 196 183 250 255 247 249 85 0 0 0 0 4 1 11 0 0 51 216 255 255 255 241 159 7 0 0 5 2 2 11 231 243 228 79 0 0 0 0 0 0 5 0 0 0 131 255 248 250 237 173 5 15 10 0 0 3 0 103 255 254 204 0 1 0 0 0 0 0 1 0 6 11 207 255 243 249 248 4 1 0 0 0 2 0 2 184 236 255 143 4 8 0 0 0 0 1 0 7 9 47 254 255 253 220 3 0 0 9 0 7 0 0 62 237 255 213 46 0 0 0 0 0 0 0 1 0 2 2 115 242 193 142 9 0 0 6 0 1 3 10 98 240 235 110 9 8 0 0 0 0 0 0 13 1 1 0 15 60 17 0 8 19 2 3 1 0 0 8 240 253 59 6 7 0 13 0 0 0 0 0 11 0 1 11 0 0 0 0 0 0 13 0 0 12 9 0 255 238 24 1 0 8 1 0 0 0 0 0 9 0 0 12 0 0 16 12 0 0 8 0 16 7 3 40 167 203 3 0 17 2 2 0 0 0 0 6 3 0 6 1 0 0 0 0 11 2 0 10 0 0 109 250 255 164 0 0 4 0 0 0 0 0 0 0 0 3 9 0 3 11 0 15 0 0 5 0 0 59 255 255 190 4 8 0 0 20 1 0 0 0 0 2 0 0 0 0 0 0 0 0 0 11 13 0 43 201 255 239 15 0 22 0 9 0 0 0 0 0 0 1 4 3 0 8 5 0 6 0 10 0 4 0 45 235 252 253 0 16 0 0 4 7 0 0 0 0 0 0 0 0 0 0 0 0 0 2 1 0 0 1 50 241 244 241 11 0 0 1 12 0 2 0 0 0 0 0 0 0 0 0 0 0 0 1 0 10 2 0 166 255 255 146 0 2 2 0 5 0 7 0 0 0 0 0 0 0 0 0 0 0 0 0 0 10 0 0 186 255 230 61 0 9 3 0 0 2 4 0 0 0 0 0 0 0 0 0 0 0 0 0 5 0 0 3 92 240 174 45 4 2 0 3 0 5 0 0 0 0 0
0 0 0 0 0 0 0 0 0 0 2 2 0 0 5 3 0 8 4 6 0 4 0 0 0 0 0 0 0 0 0 0 0 0 0 0 8 0 0 6 3 1 0 0 6 4 0 0 0 9 5 3 0 0 0 0 0 0 0 0 0 0 0 0 0 0 3 3 0 0 0 12 0 0 8 9 2 0 0 2 0 0 0 0 0 0 0 0 0 0 0 0 4 0 0 10 11 7 1 0 18 0 0 0 0 0 1 1 0 0 0 0 0 0 0 0 0 0 0 0 9 0 0 0 0 0 3 1 0 0 0 6 6 2 0 0 0 0 0 0 0 0 0 0 0 0 0 0 0 0 1 0 0 0 3 0 0 4 0 4 0 5 0 0 0 0 0 0 0 0 0 0 0 0 0 0 0 15 73 136 191 225 204 153 146 114 30 7 0 21 3 0 0 0 0 0 0 0 0 0 0 0 0 0 73 152 236 255 247 254 255 253 249 255 195 130 2 3 0 13 0 0 0 0 0 0 0 0 0 0 0 0 182 255 249 253 251 253 255 246 241 255 241 253 61 0 10 0 0 0 0 0 0 0 0 0 0 0 0 0 159 253 244 255 202 189 177 196 202 203 255 245 132 12 0 8 0 0 0 0 0 0 0 0 0 0 0 0 19 194 238 190 29 0 0 1 0 116 245 255 228 45 0 9 0 0 0 0 0 0 0 0 0 0 0 0 0 18 28 25 5 0 11 0 0 127 251 248 255 148 0 4 0 0 0 0 0 0 0 0 0 0 0 0 11 0 0 2 3 0 8 8 68 225 247 255 239 68 7 0 0 0 0 0 0 0 0 0 0 0 0 0 0 3 0 9 0 6 0 9 216 235 255 255 249 78 0 0 0 0 0 0 0 0 0 0 0 0 0 0 15 0 0 12 0 1 54 175 255 255 254 239 120 0 0 6 0 0 0 0 0 0 0 0 0 0 0 0 0 4 17 0 0 21 138 255 252 255 251 195 2 4 0 0 0 0 0 0 0 0 0 0 1 3 2 0 0 7 0 0 9 166 246 255 254 249 255 12 0 0 12 0 0 0 0 0 0 1 1 0 0 0 0 0 0 14 0 12 129 253 255 255 255 251 92 4 22 0 2 0 0 0 0 0 0 1 2 0 0 0 0 1 0 0 3 21 220 254 255 242 233 116 0 0 0 9 0 3 0 0 0 0 0 0 0 3 3 1 1 3 16 1 64 187 255 243 254 255 117 0 10 0 0 18 0 11 0 0 0 0 2 0 0 3 7 3 0 0 0 75 225 252 255 250 255 180 14 0 4 0 13 0 0 3 0 0 0 0 4 0 0 2 4 0 0 0 19 212 255 253 229 241 166 37 7 0 0 9 4 0 6 0 0 0 0 0 3 0 0 1 0 0 4 18 182 249 255 244 255 113 35 0 20 0 0 10 0 11 7 0 0 0 0 0 0 0 0 3 0 0 16 42 248 255 242 255 248 66 0 2 0 2 17 0 4 0 0 3 0 0 0 0 0 0 0 0 0 0 0 0 148 255 255 255 86 1 0 5 0 0 0 0 0 0 0 0 0 0 0 0 0 0 0 0 0 0 0 0 3 105 240 72 2 0 0 9 0 0 0 0 0 0 0 0 0 0 0 0 0 0 0 0 0 0 0 0 7 0 17 0 17 4 0 0 0 0 0 0 0 0 0 0 0 0 0 0 0 0 0 0 0 0 0 0 0 22 0 22 0 0 7 5 0 0 0 0 0 0 0 0 0 0 0 0
0 0 0 0 0 0 0 0 0 5 0 1 3 0 0 7 1 6 5 0 0 0 2 6 0 0 0 0 0 0 0 0 0 0 0 0 6 0 0 0 1 10 0 0 0 0 0 6 13 7 0 0 0 0 0 0 0 0 0 0 0 0 0 0 0 0 9 0 0 10 0 0 12 2 0 2 2 0 0 7 0 0 0 0 0 0 0 0 0 0 0 0 5 0 7 7 0 0 3 0 0 0 0 0 0 0 1 1 0 0 0 0 0 0 0 0 0 0 0 0 0 0 0 0 2 0 5 0 10 11 4 0 0 6 2 0 0 0 0 0 0 0 0 0 0 0 0 0 6 16 3 6 5 0 0 4 0 0 6 0 0 0 2 3 0 0 0 0 0 0 0 0 0 0 0 0 0 0 3 0 8 27 0 3 11 0 0 4 6 0 0 2 0 0 0 0 0 0 0 0 0 0 0 0 7 0 14 6 129 232 144 147 246 130 18 0 0 1 0 0 0 0 0 0 6 0 0 17 0 2 0 0 25 28 121 188 245 251 246 250 251 250 146 2 11 0 2 2 0 0 0 0 8 2 4 0 0 125 155 168 231 232 255 255 250 246 255 255 241 253 241 33 3 16 0 0 0 0 0 0 0 0 2 5 38 244 253 231 255 255 246 255 251 255 255 235 255 255 202 38 0 0 6 6 0 0 0 0 10 0 3 0 2 168 243 255 228 221 183 134 67 67 136 255 254 206 44 0 5 0 12 0 0 0 0 0 0 0 9 7 0 6 53 48 64 25 0 3 7 6 43 228 237 192 20 0 8 22 0 1 0 0 0 0 2 0 0 0 10 0 26 0 9 0 0 1 0 0 62 255 252 196 0 0 0 0 0 12 0 0 0 0 0 8 9 3 0 0 0 1 0 5 10 15 0 0 139 252 255 181 0 9 6 0 11 0 0 0 0 0 4 1 0 0 0 10 0 10 0 4 0 1 0 58 250 252 255 238 238 128 12 5 0 0 0 0 0 0 0 0 0 0 0 0 0 0 4 0 6 14 211 248 255 246 243 255 252 240 161 0 9 1 0 0 0 0 0 0 0 0 0 0 0 0 0 3 0 0 254 255 238 255 255 247 254 234 166 11 0 0 0 0 0 0 0 0 0 0 0 0 0 0 0 0 22 0 216 255 255 236 149 131 123 25 0 0 3 8 0 0 0 0 0 0 0 0 0 0 0 0 6 0 0 1 49 254 253 224 5 0 21 0 0 1 0 2 0 0 0 0 0 0 0 0 0 0 0 0 1 0 2 0 10 241 248 186 6 0 7 0 5 2 2 8 0 0 0 0 0 0 0 0 0 0 0 0 0 0 23 0 8 247 255 105 0 7 9 0 0 0 2 0 0 0 0 0 0 0 0 0 0 0 0 0 3 10 0 0 19 255 251 128 12 0 0 7 9 0 0 21 0 0 0 0 0 0 0 0 0 0 0 0 0 0 13 0 237 243 251 221 0 0 9 0 0 13 0 0 0 0 0 0 0 0 0 0 0 0 0 0 1 1 1 48 245 242 255 218 0 0 0 0 0 0 0 0 0 0 0 0 0 0 0 0 0 0 0 0 0 0 0 15 255 234 249 217 0 0 0 0 0 0 0 0 0 0 0 0 0 0 0 0 0 0 0 0 18 0 12 0 109 216 255 47 0 0 0 0 0 0 0 0 0 0 0 0 0 0 0 0 0 0 0 0 0 16 1 4 9 0 0 7 0 0 0 0 0 0 0 0 0 0 0 0
0 0 0 0 0 0 0 0 0 0 0 0 1 0 0 4 6 0 2 0 0 2 0 0 0 0 0 0 0 0 0 0 0 0 0 0 0 0 4 3 3 3 0 0 1 0 0 11 10 0 0 4 0 0 0 0 0 0 0 0 0 0 0 0 6 8 1 0 0 0 4 1 0 10 0 0 0 0 11 0 0 0 0 0 0 0 0 0 0 0 0 0 0 0 2 5 6 7 5 3 1 6 4 0 0 0 0 0 0 0 0 0 0 0 0 0 0 0 0 0 5 0 0 2 0 0 0 0 2 0 0 5 11 9 0 12 0 0 0 0 0 0 0 0 0 0 0 0 0 0 0 3 6 3 6 14 12 2 1 0 0 0 0 0 0 0 0 0 0 0 0 0 0 0 0 0 0 7 5 0 0 0 0 0 0 9 0 14 10 0 12 0 0 0 0 0 0 0 0 0 0 0 0 0 0 3 0 0 40 145 230 255 255 251 204 255 205 26 9 0 0 0 0 0 0 0 0 0 0 0 0 0 1 0 5 75 230 255 255 251 240 255 250 255 255 32 5 4 0 0 0 0 0 0 0 0 0 0 0 0 0 23 90 240 255 229 166 118 130 165 255 251 200 28 0 0 0 0 0 0 0 0 0 0 0 0 0 0 5 10 221 255 255 94 9 1 0 143 240 255 83 0 12 0 0 0 0 0 0 0 0 0 0 0 0 0 0 70 255 248 136 0 4 3 56 240 246 220 8 0 11 0 0 0 0 0 0 0 0 0 0 0 0 0 0 0 154 91 2 12 0 0 186 255 224 66 0 10 0 2 0 0 0 0 0 0 0 0 0 0 0 0 5 2 0 0 17 0 2 95 237 249 119 0 0 10 0 5 0 0 0 0 0 0 0 0 0 0 0 0 0 12 0 8 0 0 0 255 255 205 37 14 0 0 0 0 0 0 0 0 0 0 0 0 0 0 0 0 8 0 20 0 1 32 152 252 252 69 0 0 10 0 2 1 0 0 0 0 0 0 0 0 0 0 0 0 0 3 5 14 0 80 239 255 91 15 0 8 0 0 3 5 0 0 0 0 0 0 0 0 0 0 0 0 9 0 0 3 38 236 255 209 31 0 0 6 0 0 7 0 0 0 0 0 0 0 0 0 0 0 0 0 0 15 14 1 168 254 239 52 0 0 4 7 0 1 7 0 0 0 0 0 0 0 0 0 0 0 0 0 0 0 0 125 241 254 61 14 0 2 11 4 0 0 6 0 0 0 0 0 0 0 0 0 0 0 0 0 0 23 5 238 250 205 14 0 0 0 0 0 0 0 4 4 0 0 0 0 0 0 0 0 0 0 0 0 6 0 210 242 215 114 0 0 1 0 0 1 4 0 0 2 0 0 0 0 0 0 0 0 0 0 0 0 0 74 238 255 141 0 0 16 2 5 2 2 7 4 0 0 0 0 0 0 0 0 0 0 0 0 0 0 13 238 248 184 28 0 6 0 0 5 0 0 0 6 4 3 0 0 0 0 12 0 8 0 0 9 0 13 157 255 248 78 5 0 2 4 0 0 0 0 0 0 0 0 0 0 0 0 0 0 10 9 13 0 0 81 255 255 136 16 0 8 11 0 0 0 0 0 0 0 0 0 0 0 0 0 6 2 0 0 5 8 49 186 255 222 57 0 0 0 7 0 0 0 0 0 0 0 0 0 0 0 0 0 0 4 14 2 4 0 0 11 0 18 0 2 13 0 0 0 0 0 0 0 0 0 0 0 0 0 0 0
0 0 0 0 4 0 0 8 13 0 0 4 2 0 4 0 0 0 6 2 0 0 0 0 0 0 0 0 8 10 0 0 0 11 0 0 0 6 0 4 0 2 0 8 5 6 3 0 0 0 2 1 0 0 0 0 0 0 0 7 0 9 1 0 0 19 2 1 0 3 0 1 0 0 0 0 1 3 1 0 0 0 0 0 14 1 0 3 0 0 3 7 0 0 0 0 3 8 2 4 0 0 2 3 2 1 0 0 0 0 0 0 0 0 0 0 6 2 5 0 12 0 3 9 4 0 7 0 8 6 3 0 0 0 0 6 0 0 0 0 0 12 9 0 0 0 0 0 0 0 5 9 0 0 1 0 0 0 0 0 1 0 0 1 0 0 0 0 0 8 0 6 11 17 0 11 0 22 0 1 0 28 0 4 13 2 0 1 6 4 0 0 0 0 0 0 0 6 3 184 248 232 89 94 189 246 151 145 143 186 87 89 84 47 8 0 0 0 2 4 0 0 0 0 0 2 0 178 250 254 255 251 255 253 253 246 255 255 249 255 253 206 148 15 0 0 6 0 0 0 0 0 0 15 1 1 187 255 233 255 245 240 255 255 248 232 255 252 251 255 232 154 22 0 0 2 0 0 0 0 8 0 0 10 27 79 233 76 57 218 216 210 203 72 42 136 116 233 255 253 18 0 0 2 0 0 0 0 0 0 20 0 0 11 0 5 0 1 0 7 10 0 10 4 0 148 250 253 8 0 2 0 0 0 0 0 0 13 0 19 2 0 0 0 0 11 5 0 5 0 0 0 0 124 255 244 60 1 2 0 0 0 0 0 0 14 0 0 8 11 7 4 0 0 8 0 0 10 10 3 10 125 255 255 153 11 0 0 0 0 0 0 0 0 21 0 0 3 0 0 5 0 2 11 0 0 17 0 1 169 244 255 192 7 0 1 0 0 0 0 7 0 0 2 9 0 0 10 1 12 0 4 10 0 7 0 38 255 254 248 171 0 1 6 0 0 0 0 0 0 0 0 0 0 0 0 0 9 0 0 9 4 0 8 195 255 248 255 20 0 5 0 0 0 0 0 0 0 0 0 0 0 0 0 0 7 0 0 5 0 2 0 204 255 252 242 17 4 0 3 0 0 0 0 0 0 0 0 0 0 0 0 0 1 0 0 7 0 18 12 214 250 251 193 6 8 0 6 0 0 0 0 0 0 0 0 0 0 0 0 0 0 0 3 2 0 9 67 231 251 247 122 0 6 0 3 0 0 0 0 0 0 0 0 0 0 0 0 0 5 0 1 0 0 0 134 252 255 221 54 0 4 4 0 0 0 0 0 0 0 0 0 0 0 0 0 0 5 0 1 0 6 32 208 255 255 154 6 1 0 6 0 0 0 0 0 0 0 0 0 0 0 0 0 0 0 0 4 0 9 118 255 250 242 66 0 3 0 0 0 0 0 0 0 0 0 0 0 0 0 0 0 1 0 3 3 1 0 177 255 246 235 7 0 9 0 0 8 0 0 0 0 0 0 0 0 0 0 0 0 0 7 8 0 0 0 196 255 250 108 8 0 0 1 5 0 0 0 0 0 0 0 0 0 0 0 0 0 0 0 0 2 16 0 160 253 255 114 0 0 3 0 1 11 0 0 0 0 0 0 0 0 0 0 0 0 6 0 2 0 0 0 123 250 186 60 0 4 10 0 0 6 0 0 0 0 0 0 0 0 0 0 0 0 0 0 0 1 11 0 0 0 29 0 0 3 1 0 0 0 0 0 0 0
0 0 6 2 0 0 3 9 2 3 1 0 0 0 0 0 0 0 0 0 0 0 2 4 0 0 0 0 0 3 0 8 3 1 0 0 0 0 0 10 10 0 0 0 0 1 2 3 2 1 0 0 0 0 0 0 0 13 0 0 0 4 7 9 0 4 2 0 0 3 5 0 0 0 0 1 2 1 0 0 0 0 0 0 0 8 0 7 0 1 0 0 4 10 6 0 0 4 7 1 2 0 0 0 0 0 2 3 0 0 0 0 0 0 5 3 0 14 0 11 1 0 0 8 8 0 0 1 4 3 2 1 0 0 0 0 0 0 0 0 12 0 0 0 0 3 0 0 0 5 3 0 0 5 7 3 0 0 0 0 2 2 0 0 0 0 0 0 0 0 2 12 5 0 28 0 0 1 0 0 0 0 0 0 6 5 2 0 0 0 1 2 0 0 0 0 2 7 0 3 6 2 171 159 101 59 78 147 142 65 39 78 58 46 27 8 0 0 0 1 0 0 0 0 0 0 3 0 0 30 147 255 255 250 255 255 247 250 255 251 254 255 217 70 2 0 2 1 0 0 0 0 3 0 0 8 5 0 6 24 85 117 172 201 192 189 195 188 185 249 255 105 0 0 5 0 0 0 0 0 5 0 0 0 0 0 0 0 0 2 10 5 0 0 0 0 2 140 241 133 8 0 0 0 0 0 0 0 0 0 6 2 0 0 6 12 3 0 0 0 0 10 13 4 0 167 255 109 5 0 0 8 0 0 0 0 0 2 1 0 0 1 0 0 0 1 6 3 0 0 0 0 24 226 245 30 0 10 5 0 0 0 0 0 5 2 0 0 1 8 8 4 0 0 0 0 2 0 0 15 94 229 157 0 0 12 4 0 0 0 0 0 0 0 5 10 6 0 0 0 4 1 0 2 10 0 0 11 255 255 82 1 0 0 0 6 0 0 0 0 12 0 0 0 0 0 0 3 0 1 0 2 0 0 21 88 250 208 3 5 0 6 3 0 0 0 0 0 0 0 0 0 0 0 0 0 0 10 0 5 6 0 12 226 255 54 0 10 0 3 4 0 0 0 0 0 0 0 0 0 0 0 0 0 0 14 2 0 2 0 69 254 244 48 0 10 0 0 0 0 0 0 0 0 0 0 0 0 0 0 0 0 0 5 0 0 13 7 152 255 146 20 0 0 0 3 0 3 0 0 0 0 0 0 0 0 0 0 0 0 6 0 0 5 5 45 235 245 26 0 1 0 0 7 1 4 0 0 0 0 0 0 0 0 0 0 0 0 6 0 0 7 0 104 255 174 0 3 12 0 0 6 0 0 0 0 0 0 0 0 0 0 0 0 0 0 1 3 0 1 15 188 240 36 4 1 0 0 7 0 0 2 0 0 0 0 0 0 0 0 0 0 0 0 0 4 0 0 89 253 205 14 5 0 0 0 5 0 0 5 0 0 0 0 0 0 0 0 0 0 0 0 0 5 5 4 135 255 213 130 0 6 4 1 0 0 4 1 0 0 0 0 0 0 0 0 0 0 0 0 0 0 12 0 147 255 216 125 0 0 0 0 0 0 0 0 0 0 0 0 0 0 0 0 0 0 0 0 3 6 0 7 255 255 160 0 0 0 0 0 0 0 0 0 0 0 0 0 0 0 0 0 0 0 0 0 2 0 16 0 167 206 0 6 0 0 0 0 0 0 0 0 0 0 0 0 0 0 0 0 0 0 0 0 0 7 0 21 1 8 9 3 0 0 0 0 0 0 0 0 0 0 0 0
0 4 2 0 2 2 0 5 0 8 10 0 0 0 0 0 6 0 0 0 0 4 7 0 0 0 0 0 11 3 0 0 11 3 0 4 6 0 0 0 0 3 4 3 0 1 9 1 0 0 0 0 0 0 0 0 0 3 5 0 0 3 0 0 8 0 0 6 4 2 1 0 0 0 3 0 11 0 0 0 0 0 0 0 5 16 7 0 0 0 0 2 0 0 6 8 0 0 2 0 3 1 3 0 11 0 0 0 0 0 0 0 0 0 0 2 17 6 0 1 0 3 2 0 0 1 9 4 0 0 3 0 4 0 5 8 0 0 0 0 0 12 8 0 0 0 0 0 3 9 0 0 6 6 0 0 13 0 0 0 0 3 2 0 0 0 0 0 5 7 0 0 3 5 1 4 0 4 0 0 13 0 0 18 0 0 0 21 0 0 5 0 0 0 0 0 8 0 23 170 254 199 127 118 118 130 113 115 131 110 136 230 251 255 255 224 53 6 0 1 0 0 0 0 0 15 2 230 255 255 242 253 251 255 250 255 236 255 241 255 253 255 235 255 227 0 9 4 0 0 0 0 0 3 0 41 73 140 165 171 160 150 167 152 39 29 33 19 33 53 214 255 122 18 0 0 0 0 0 0 16 3 13 0 0 17 0 0 0 2 0 2 0 0 9 0 0 88 247 235 77 0 4 0 0 0 0 0 0 0 8 1 10 4 0 2 0 11 0 0 7 0 3 5 59 241 245 238 2 0 14 9 0 0 0 0 9 9 7 0 0 6 0 1 2 0 3 15 3 0 1 0 103 236 255 201 0 15 0 0 0 0 0 0 0 4 0 2 0 13 8 0 6 0 0 0 4 0 0 78 236 255 197 21 0 0 5 9 0 0 0 0 10 3 0 7 0 0 0 4 0 21 4 0 7 0 3 219 239 255 76 0 18 15 0 0 0 0 0 0 0 0 13 0 1 7 0 2 4 0 0 5 4 5 0 206 255 247 71 8 0 0 1 7 0 0 0 0 0 0 0 0 0 0 0 0 5 0 3 0 10 0 51 235 253 205 0 4 4 0 0 9 0 0 0 0 0 0 0 0 0 0 0 0 3 0 6 0 3 23 172 247 246 135 2 6 4 0 0 1 0 0 0 0 0 0 0 0 0 0 0 0 5 0 3 3 0 69 251 252 181 21 0 0 0 0 5 1 0 0 0 0 0 0 0 0 0 0 0 0 4 4 0 2 1 131 246 255 135 0 4 3 1 0 5 0 0 0 0 0 0 0 0 0 0 0 0 0 1 0 3 2 0 209 242 252 65 0 0 4 2 0 4 0 0 0 0 0 0 0 0 0 0 0 0 0 4 0 12 0 28 255 255 182 0 0 0 0 0 1 3 5 0 0 0 0 0 0 0 0 0 0 0 0 3 0 8 0 143 255 248 86 7 12 9 0 5 1 0 0 0 0 0 0 0 0 0 0 0 0 0 0 0 14 0 0 255 245 232 33 2 0 10 0 4 0 0 2 0 0 0 0 0 0 0 0 0 0 0 0 0 16 0 0 255 248 169 0 0 0 0 0 0 0 0 0 0 0 0 0 0 0 0 0 0 0 0 0 0 0 0 0 240 255 248 124 0 0 0 0 0 0 0 0 0 0 0 0 0 0 0 0 0 0 0 0 0 5 8 14 0 170 212 7 0 0 0 0 0 0 0 0 0 0 0 0 0 0 0 0 0 0 0 0 0 13 0 0 9 2 0 4 0 0 0 0 0 0 0 0 0 0 0 0
0 0 3 6 0 0 4 6 0 1 8 6 0 0 0 0 7 4 0 6 0 2 0 0 0 0 0 0 0 0 4 0 10 0 0 0 8 0 0 0 0 7 5 0 0 1 0 4 0 11 4 5 0 0 0 0 6 1 0 0 8 0 6 8 0 2 6 9 7 2 0 0 0 9 8 11 0 0 0 0 0 0 0 0 0 0 7 5 0 0 0 0 0 0 0 0 0 0 1 13 10 0 0 0 8 5 0 4 0 0 0 0 1 0 1 11 0 0 12 8 9 1 0 4 8 3 0 0 0 0 0 0 0 0 0 7 0 0 0 0 8 0 0 0 2 7 0 0 0 0 0 1 0 0 0 9 0 1 7 0 10 10 4 0 0 0 0 0 0 3 0 6 122 94 36 8 4 2 0 0 0 10 57 104 144 192 238 184 86 0 0 14 0 0 0 0 0 11 0 3 253 255 223 224 225 222 225 230 227 223 235 253 253 240 255 254 182 41 0 2 0 0 0 0 3 0 0 0 252 253 253 250 251 252 247 255 247 243 255 247 255 243 255 248 253 53 0 5 0 0 0 0 0 4 5 0 94 206 255 250 255 255 253 255 253 245 252 223 255 240 252 249 242 58 9 0 0 0 0 0 2 0 0 5 0 56 115 118 253 250 246 255 238 193 130 56 118 201 255 249 165 0 0 0 0 0 0 0 0 0 0 3 4 0 0 19 0 2 4 3 0 0 0 0 0 170 251 255 170 10 16 0 0 0 0 0 0 10 10 0 20 3 0 0 3 0 0 0 1 6 7 16 57 235 255 248 157 0 0 0 0 0 0 0 1 6 4 0 0 3 5 0 0 0 0 5 9 0 0 0 94 236 255 255 175 10 32 66 0 0 0 0 2 0 0 15 0 0 6 6 0 2 19 5 0 0 43 147 228 255 247 252 229 155 219 221 0 0 0 0 4 2 5 0 12 0 0 0 3 11 59 104 143 156 178 255 249 255 255 249 203 116 111 0 0 0 0 0 0 7 0 0 6 0 21 210 247 255 246 254 255 249 252 253 250 254 255 188 25 0 0 0 0 0 0 0 5 0 0 2 4 0 37 223 244 255 249 246 255 251 255 236 255 253 236 28 0 6 0 10 0 0 0 0 0 0 0 5 2 0 13 129 224 255 248 255 239 190 185 255 241 249 255 0 7 10 0 0 0 0 0 0 0 0 6 0 0 5 0 6 51 79 77 99 58 10 4 220 253 251 236 6 4 0 6 3 0 0 0 0 7 2 6 0 0 11 5 0 0 17 3 3 0 3 118 255 255 255 117 0 0 0 16 0 0 0 0 0 2 0 4 2 2 0 7 4 0 0 0 0 0 0 255 250 238 255 40 0 14 0 2 0 0 0 0 0 0 0 5 5 7 0 0 0 2 0 5 16 7 0 255 238 253 220 13 0 1 0 0 9 0 0 0 0 4 6 7 0 4 0 14 0 0 2 1 0 0 41 239 255 248 120 0 3 0 1 0 0 0 0 0 0 0 0 0 0 0 0 0 0 0 1 11 0 4 141 255 249 255 83 0 8 0 0 1 2 0 0 0 0 0 0 0 0 0 0 0 0 7 0 0 0 11 128 238 255 246 95 0 0 2 8 7 0 0 0 0 0 0 0 0 0 0 0 0 0 0 0 6 10 2 5 10 0 8 0 0 3 0 0 3 5 0 0 0 0 0 0 0 0 0 0 0 0 8 0 0 0 0 0 0 9 0 5 10 7 5 1 0 0 0 0 0 0
0 0 0 0 0 0 0 0 0 0 10 0 5 7 0 7 0 0 0 0 0 0 0 0 0 0 0 0 0 0 0 0 0 0 0 0 4 1 0 0 0 0 0 7 0 0 0 0 0 0 0 0 0 0 0 0 0 0 0 0 0 0 0 0 0 7 0 10 6 6 0 1 0 0 0 0 0 0 0 0 0 0 0 0 0 0 0 0 0 0 0 0 0 7 0 0 0 0 0 1 0 0 0 0 0 0 0 0 0 0 0 0 0 0 0 0 0 0 0 0 0 5 7 0 11 0 1 0 0 0 0 0 0 0 0 0 0 0 0 0 0 0 0 0 0 0 0 0 11 0 0 0 2 5 0 7 0 0 0 0 0 0 0 0 0 0 0 0 0 0 0 0 0 0 0 0 0 0 57 163 181 150 6 0 0 0 0 0 0 0 0 0 0 0 0 0 0 0 0 0 0 0 0 0 8 0 70 244 255 234 24 8 0 0 0 0 0 0 0 0 0 0 0 0 0 0 0 0 0 0 0 0 8 9 182 255 247 255 120 0 10 0 0 3 5 0 4 0 0 0 0 0 0 0 0 0 0 0 0 0 0 0 255 251 247 252 112 37 67 2 1 0 0 0 3 10 0 0 0 0 0 0 0 0 0 0 0 0 7 12 205 249 255 236 244 241 255 200 213 134 17 0 13 0 0 0 0 0 0 0 0 0 0 0 0 0 0 7 1 230 243 255 255 247 248 255 250 246 49 20 0 2 0 0 0 0 0 0 0 0 0 0 0 0 16 0 5 52 156 186 254 244 245 255 255 242 192 5 0 0 0 0 0 0 0 0 0 0 0 0 0 0 0 1 6 0 0 16 11 43 214 241 241 255 108 6 3 7 0 0 0 0 0 0 0 0 0 0 0 0 6 5 0 5 9 0 0 60 238 253 255 159 2 0 7 0 0 0 0 0 0 0 0 0 0 0 0 0 0 0 0 8 0 5 57 228 255 251 185 7 7 14 0 16 0 0 0 0 0 0 0 0 0 0 0 0 8 3 0 0 1 19 178 255 254 223 31 0 5 8 0 6 0 0 0 0 0 0 0 0 0 0 0 0 0 0 11 2 8 102 241 253 249 99 0 0 0 0 0 0 0 0 0 0 0 0 0 0 0 0 0 0 16 0 2 0 10 197 252 255 195 9 0 3 6 0 11 1 0 0 0 0 0 0 0 0 0 0 0 0 0 1 8 33 184 255 255 228 68 0 9 0 6 2 0 1 0 0 0 0 0 0 0 0 0 0 0 0 3 0 9 205 240 255 252 72 0 3 7 0 0 0 0 0 0 0 0 0 0 0 0 0 0 0 0 0 0 7 61 255 255 182 56 8 0 7 0 12 0 2 16 0 0 0 0 0 0 0 0 0 0 0 0 0 0 3 209 253 245 68 0 4 4 0 0 11 0 0 7 0 0 0 0 0 0 0 0 0 0 0 0 0 8 153 255 255 83 0 10 0 0 1 0 2 7 0 0 2 0 0 0 0 0 0 0 0 0 0 0 0 2 140 255 245 21 13 0 12 0 0 0 0 0 0 0 0 0 0 0 0 0 0 0 0 0 0 0 0 0 117 224 120 0 3 13 0 0 0 0 0 0 0 0 0 0 0 0 0 0 0 0 0 0 0 0 0 8 0 18 0 10 0 0 0 0 0 0 0 0 0 0 0 0 0 0 0 0 0 0 0 0 0 0 0 9 0 0 0 6 11 1 10 0 0 0 0 0 0 0 0 0 0 0 0
0 6 3 0 0 4 0 0 0 5 9 6 1 0 0 0 2 5 9 1 0 0 5 0 0 0 0 0 7 0 0 0 0 4 5 4 8 0 0 0 0 0 0 1 4 0 0 0 5 3 6 0 0 0 0 0 2 0 0 6 2 0 0 0 3 0 1 9 8 0 0 6 0 0 13 1 9 0 0 0 0 0 0 0 0 0 8 11 0 0 2 0 0 0 1 2 1 0 0 0 11 0 0 0 13 6 10 6 0 0 0 0 0 2 2 0 0 5 11 3 9 6 0 0 0 10 8 0 0 0 6 0 6 0 0 0 0 0 0 0 0 5 0 0 6 7 0 0 0 1 7 1 0 0 2 0 0 2 10 9 0 0 8 4 0 0 0 0 0 7 0 0 15 0 0 23 8 1 1 6 3 0 0 3 10 0 0 18 0 0 2 4 0 0 0 0 0 12 0 0 7 0 17 118 112 39 0 5 37 40 32 33 35 87 180 239 96 15 0 3 0 0 0 0 0 7 3 0 0 3 6 226 244 247 164 183 255 239 251 255 247 255 248 237 223 8 0 0 0 0 0 0 4 4 0 1 0 6 50 255 255 246 255 247 243 255 255 244 242 250 255 255 255 0 7 15 0 0 0 0 0 1 0 8 0 10 53 202 248 240 255 255 253 255 229 236 246 252 235 255 192 0 0 0 0 0 0 0 13 34 11 11 0 0 0 20 85 106 76 79 88 81 26 11 25 228 255 242 21 0 3 8 0 0 0 0 0 7 0 0 0 10 9 0 0 10 0 1 0 24 9 0 169 251 247 202 21 13 0 0 0 0 0 0 10 7 0 7 1 0 0 0 4 0 10 0 0 0 0 109 248 255 215 46 0 0 19 0 0 0 0 0 0 0 1 8 8 0 0 12 0 0 0 4 22 0 61 250 255 236 120 13 13 0 9 0 0 0 0 0 3 4 11 0 0 4 0 0 5 5 0 4 0 2 171 247 247 217 0 0 0 7 0 5 0 0 0 0 0 0 0 0 0 0 0 0 0 0 0 0 0 92 251 255 251 87 13 0 0 11 0 0 0 0 0 0 0 0 0 0 0 0 0 0 5 0 13 0 10 222 245 255 100 0 0 0 0 6 0 8 0 0 0 0 0 0 0 0 0 0 0 0 0 1 0 14 87 243 255 247 58 0 4 8 0 0 0 4 0 0 0 0 0 0 0 0 0 0 0 0 0 12 4 0 199 248 232 244 37 0 0 0 0 1 0 3 0 0 0 0 0 0 0 0 0 0 0 0 0 3 18 100 233 255 255 122 0 0 0 0 0 6 0 0 0 0 0 0 0 0 0 0 0 0 0 0 10 0 0 255 238 248 229 0 3 8 10 5 0 0 0 1 0 0 0 0 0 0 0 0 0 0 0 0 1 0 15 255 255 240 29 0 0 3 0 0 0 0 1 8 0 0 0 0 0 0 0 0 0 0 0 0 0 10 85 255 241 170 4 0 2 5 0 0 12 7 0 0 0 0 0 0 0 0 0 0 0 0 0 0 6 0 108 252 255 123 2 5 0 0 0 0 0 0 0 0 0 0 0 0 0 0 0 0 0 0 0 0 0 17 211 238 255 254 48 3 0 0 0 0 0 0 0 0 0 0 0 0 0 0 0 0 0 0 0 0 0 0 88 129 143 117 3 0 0 0 0 0 0 0 0 0 0 0 0 0 0 0 0 0 0 0 0 0 1 5 0 12 7 0 1 4 0 0 0 0 0 0 0 0 0 0 0 0
0 0 0 0 0 5 5 0 1 0 0 0 4 5 1 0 3 0 1 8 0 0 0 6 0 0 0 0 0 0 4 7 1 0 0 0 0 2 5 1 0 0 1 10 0 0 2 0 4 18 0 0 0 0 0 0 14 0 0 0 2 3 7 14 3 1 2 6 10 6 0 0 8 0 9 0 0 0 0 22 0 0 0 0 2 0 0 0 5 2 0 0 0 1 0 0 0 0 4 14 12 0 0 1 7 6 0 0 0 0 0 0 0 0 4 0 0 0 3 4 2 0 0 0 6 8 2 0 3 0 9 1 0 1 13 0 0 0 0 0 4 0 0 0 0 1 0 0 5 2 0 0 2 3 0 0 1 8 0 13 1 0 4 0 0 0 0 0 2 0 0 12 7 0 0 21 100 165 238 255 255 242 249 255 242 224 30 2 4 1 0 9 0 0 0 0 0 0 3 7 0 1 105 225 237 205 155 107 75 59 53 52 111 255 77 2 0 6 0 1 0 0 0 0 2 0 8 0 6 5 205 158 17 0 4 0 0 3 0 0 75 251 48 0 0 0 10 0 0 0 0 0 0 0 9 0 6 0 39 0 11 0 0 3 0 0 8 0 171 216 7 0 0 2 0 4 0 0 0 0 5 5 0 0 0 8 0 0 0 0 0 11 0 0 9 19 237 169 4 3 0 16 0 0 0 0 0 0 0 3 3 0 1 11 0 14 14 10 0 0 0 0 0 72 250 72 0 14 2 0 0 21 0 0 0 0 0 0 2 5 2 0 0 0 0 0 0 0 15 12 0 143 225 25 0 0 4 4 0 0 0 0 0 0 10 0 0 0 3 0 26 3 0 6 12 7 0 3 27 243 169 2 0 2 43 31 10 0 0 0 0 0 0 0 2 3 8 0 2 0 5 3 0 6 0 0 80 250 140 65 125 209 209 93 7 4 0 0 0 0 0 8 8 0 0 2 0 9 0 0 7 136 155 184 231 255 249 255 219 130 32 0 0 7 0 0 0 0 0 0 0 0 0 0 0 0 0 21 0 150 225 239 254 208 121 60 5 0 0 0 0 0 0 0 0 0 0 0 0 0 0 0 0 0 0 0 0 6 1 77 244 66 12 0 0 3 7 1 1 9 0 0 0 0 0 0 0 0 0 0 0 0 23 0 19 1 0 173 248 7 0 0 2 4 0 0 0 0 0 0 0 0 0 0 0 0 0 0 0 0 0 0 0 7 0 238 219 4 4 4 0 0 0 3 5 3 0 0 0 0 0 0 0 0 0 0 0 0 0 14 0 5 11 233 184 0 0 0 0 0 4 10 6 0 0 0 0 0 0 0 0 0 0 0 0 0 0 0 0 0 45 249 64 24 0 5 7 1 0 0 0 0 0 0 0 0 0 0 0 0 0 0 0 0 0 0 12 0 87 252 59 122 0 0 0 0 0 0 6 15 0 0 0 0 0 0 0 0 0 0 0 0 5 0 0 1 171 251 204 63 7 0 0 5 9 3 0 0 0 0 0 0 0 0 0 0 0 0 0 0 5 7 0 1 202 255 122 8 0 0 0 0 0 0 0 0 0 0 0 0 0 0 0 0 0 0 0 0 0 0 12 11 131 192 29 0 0 0 0 0 0 0 0 0 0 0 0 0 0 0 0 0 0 0 0 0 0 14 0 0 0 11 0 14 0 0 0 0 0 0 0 0 0 0 0 0 0 0 0 0 0 0 0 0 4 21 0 5 0 0 2 2 0 0 0 0 0 0 0 0 0 0 0 0
0 0 0 0 0 0 0 0 0 0 2 8 3 0 0 6 0 8 5 2 0 0 5 0 0 0 0 0 0 0 0 0 0 0 0 0 16 7 0 0 0 0 0 0 0 0 0 0 0 1 0 5 0 0 0 0 0 0 0 0 0 0 0 0 0 0 0 0 2 8 6 1 5 0 10 6 6 9 0 0 0 0 0 0 0 0 0 0 0 0 0 0 0 5 8 3 0 0 0 0 0 0 0 0 0 0 0 8 0 0 0 0 0 0 0 0 0 0 0 0 2 4 2 0 0 0 2 3 0 10 0 11 7 0 3 0 0 0 0 0 0 0 0 0 0 0 0 0 0 0 0 0 5 3 0 0 2 8 0 0 0 0 8 4 0 0 0 0 0 0 0 0 0 0 0 0 10 2 2 8 4 0 0 13 0 0 10 0 0 26 0 0 0 0 0 0 0 0 0 0 0 0 0 0 0 0 0 0 0 4 59 120 134 151 255 255 249 225 62 4 0 0 0 0 0 2 0 0 0 6 37 114 107 99 175 182 187 242 242 252 248 254 255 244 255 249 170 0 0 0 0 0 11 0 2 5 4 153 222 254 255 250 255 255 240 255 255 251 255 243 251 255 244 255 238 2 0 0 0 0 0 0 7 0 9 231 255 255 244 254 243 255 255 235 240 182 177 179 106 224 244 250 239 5 0 0 0 0 0 9 0 0 10 229 255 240 255 245 183 161 116 66 55 0 0 2 12 201 255 254 139 3 0 0 0 0 8 0 5 16 0 120 190 107 65 46 15 0 0 0 4 0 10 0 170 255 255 195 23 0 0 0 0 0 0 0 6 14 0 0 30 0 2 0 6 0 1 9 0 0 0 79 243 242 249 94 6 5 0 0 0 0 0 6 0 0 8 0 3 12 0 0 2 0 0 6 0 10 63 231 255 255 216 37 7 0 0 0 0 0 4 0 8 3 0 1 0 0 0 4 0 0 4 0 0 1 168 255 241 217 49 0 0 14 0 0 0 0 0 0 0 0 0 0 0 0 6 0 0 11 0 3 6 173 255 230 255 139 0 0 6 0 0 0 0 0 0 0 0 0 0 0 0 0 0 0 0 4 0 5 180 255 239 255 131 3 0 1 4 0 0 0 0 0 0 0 0 0 0 0 0 0 0 12 11 0 0 125 255 245 255 210 30 0 8 0 5 0 0 0 0 0 0 0 0 0 0 0 0 0 10 0 0 14 124 237 249 255 165 36 0 8 1 0 1 6 0 0 0 0 0 0 0 0 0 0 0 0 0 7 13 65 246 253 242 215 34 0 5 0 0 12 0 2 0 0 0 0 0 0 0 0 0 0 0 0 12 0 149 244 234 255 236 48 3 13 12 0 0 1 0 0 0 0 0 0 0 0 0 0 0 0 0 0 0 67 175 255 255 211 22 0 0 0 0 1 0 0 14 3 0 0 0 0 0 0 0 0 0 0 0 0 51 237 247 249 254 110 4 1 4 11 3 0 8 5 0 0 0 0 0 0 0 0 0 0 0 0 0 0 67 254 242 255 147 0 2 0 0 0 0 0 0 0 0 0 0 0 0 0 0 0 0 0 0 0 0 0 79 248 255 125 14 2 6 0 0 0 0 0 0 0 0 0 0 0 0 0 0 0 0 0 0 0 0 0 15 158 249 111 1 0 0 0 0 0 0 0 0 0 0 0 0 0 0 0 0 0 0 0 0 0 0 0 9 0 0 0 5 5 18 0 0 0 0 0 0 0 0 0 0 0 0 0
0 0 0 0 0 0 0 0 0 4 0 0 0 0 0 5 2 0 7 0 0 7 0 0 0 0 0 0 0 0 0 0 0 0 0 0 0 0 1 2 3 3 0 0 5 0 8 0 1 10 0 5 0 0 0 0 0 0 0 0 0 0 0 0 0 0 0 3 2 5 6 0 0 0 0 0 0 0 0 1 0 0 0 0 0 0 0 0 0 0 0 0 12 0 3 5 0 0 2 0 7 3 4 2 0 0 0 0 0 0 0 0 0 0 0 0 0 0 0 0 0 0 0 0 0 0 0 5 0 0 0 4 5 1 6 11 0 0 0 0 0 0 0 0 0 0 0 0 2 7 5 8 12 0 0 3 4 5 0 5 0 0 0 0 0 0 0 0 0 0 0 0 0 0 0 0 0 1 0 0 11 1 0 11 0 2 0 2 0 0 5 10 0 0 0 0 0 0 0 0 0 0 0 0 0 12 0 27 105 133 142 189 255 239 182 141 81 16 0 0 0 0 0 0 0 0 0 0 0 0 0 0 4 15 134 255 249 255 247 250 253 243 255 250 245 127 0 0 0 0 0 0 0 0 0 0 0 0 0 0 45 234 255 213 223 204 102 110 100 98 128 255 255 133 0 16 0 0 0 0 0 0 0 0 0 0 0 0 138 255 175 7 1 20 0 0 3 0 78 251 228 50 0 0 0 0 0 0 0 0 0 0 0 0 0 0 23 58 34 0 0 5 14 0 1 22 179 255 144 0 16 0 0 0 0 0 0 0 0 0 0 0 0 0 0 0 0 0 1 0 0 4 14 149 255 226 45 6 15 2 0 0 0 0 0 0 0 0 0 0 0 0 0 8 10 0 2 16 0 3 107 255 253 95 3 1 0 0 0 0 0 0 0 0 0 0 0 0 0 0 0 0 6 1 0 14 0 63 235 255 158 2 14 0 0 2 0 0 0 0 0 0 0 0 0 0 0 0 8 3 0 5 0 0 5 239 255 199 17 0 5 0 9 1 0 0 0 0 0 0 0 0 0 0 0 0 0 9 0 0 0 0 177 254 235 57 1 7 1 4 0 1 0 0 0 0 0 0 0 0 0 0 0 0 9 0 4 0 4 127 243 253 103 4 0 2 0 1 0 9 0 0 0 0 0 0 0 0 0 0 0 0 0 19 0 12 12 178 255 167 6 0 4 0 0 3 0 4 0 0 0 0 0 0 0 0 0 0 0 0 13 0 0 8 230 240 241 0 0 0 9 0 0 11 0 0 0 0 0 0 0 0 0 0 0 0 0 0 0 3 26 173 244 240 52 6 1 2 0 0 2 9 0 2 0 0 0 0 0 0 0 0 0 0 0 0 9 2 75 227 255 112 0 2 0 0 0 0 1 0 0 7 0 0 0 0 0 0 0 0 0 0 0 0 0 3 169 250 246 16 18 0 0 3 2 4 0 0 0 0 0 0 0 0 0 0 0 0 0 0 0 0 0 55 233 255 47 0 2 1 2 0 0 0 0 2 9 0 0 0 0 0 0 0 0 0 0 0 0 0 1 161 251 220 25 4 0 0 0 0 0 0 0 0 0 0 0 0 0 0 0 0 0 0 0 0 0 0 13 223 251 60 0 0 15 7 0 0 0 0 0 0 0 0 0 0 0 0 0 0 0 0 0 0 0 0 63 214 197 0 3 0 0 0 0 0 0 0 0 0 0 0 0 0 0 0 0 0 0 0 0 0 0 0 0 19 18 0 3 0 0 6 0 0 0 0 0 0 0 0 0 0 0 0
0 0 0 0 0 0 0 0 0 0 0 1 2 0 0 0 0 3 11 0 12 0 0 4 0 0 0 0 0 0 0 0 0 0 0 0 0 0 1 2 1 0 0 3 12 0 0 0 0 5 9 0 0 0 0 0 0 0 0 0 0 0 0 0 0 2 3 0 0 0 0 1 0 0 10 16 0 0 0 0 0 0 0 0 0 0 0 0 0 0 0 0 0 2 1 0 0 0 1 0 4 0 0 0 4 1 11 10 0 0 0 0 0 0 0 0 0 0 0 0 3 2 0 0 1 5 3 0 0 2 6 0 15 0 0 0 0 0 0 0 0 0 0 0 0 0 0 0 0 0 0 0 3 0 0 0 0 0 0 0 18 0 0 8 0 0 0 0 0 0 0 0 0 0 0 0 0 0 0 10 7 0 0 9 18 0 0 13 0 0 1 0 0 0 0 0 0 0 0 0 0 0 0 0 1 0 13 27 17 0 4 26 99 150 221 246 51 4 0 3 0 0 0 0 0 0 0 0 0 0 0 0 0 16 99 244 239 230 224 246 255 239 255 247 48 0 0 0 0 0 0 0 0 0 0 0 0 0 0 0 0 2 69 202 238 248 222 204 131 83 237 180 14 0 0 7 0 0 0 0 0 0 0 0 0 0 0 0 9 0 0 8 9 15 3 0 11 73 236 85 0 6 9 0 0 0 0 0 0 0 0 0 0 0 0 0 1 4 8 0 0 1 3 8 22 217 196 18 0 0 15 0 0 0 0 0 0 0 0 0 0 0 0 0 0 2 10 0 9 12 0 0 147 255 81 0 11 0 0 6 0 0 0 0 0 0 0 0 0 0 0 0 4 1 0 0 2 3 0 59 252 202 4 0 0 5 0 3 0 0 0 0 0 0 0 0 0 0 0 0 0 0 1 13 0 0 8 153 242 81 0 0 0 18 0 0 0 0 0 0 0 0 0 0 0 0 0 0 10 0 0 9 0 3 51 252 174 0 2 0 6 0 0 4 0 0 0 0 0 0 0 0 0 0 0 0 0 1 3 0 0 13 192 255 45 13 0 0 6 0 0 2 0 0 0 0 0 0 0 0 0 0 0 0 12 0 0 9 13 40 243 188 20 3 0 0 3 0 0 4 0 0 0 0 0 0 0 0 0 0 0 0 0 9 14 0 2 157 255 60 0 0 0 2 0 0 0 3 0 0 0 0 0 0 0 0 0 0 0 0 1 0 12 0 70 253 169 1 0 2 6 4 0 0 0 0 0 0 0 0 0 0 0 0 0 0 0 0 7 0 5 10 192 255 57 0 0 4 4 0 0 3 2 0 0 0 0 0 0 0 0 0 0 0 0 0 0 2 1 69 255 155 7 0 0 0 0 0 0 4 3 0 0 0 0 0 0 0 0 0 0 0 0 0 7 0 0 180 237 23 0 13 0 0 0 0 0 0 0 1 0 0 0 0 0 0 0 0 0 0 0 0 0 14 50 241 135 0 7 0 2 0 0 4 2 0 0 3 0 0 0 0 0 0 0 0 0 0 0 0 7 0 147 245 27 0 0 0 0 0 0 0 0 0 0 0 0 0 0 0 0 0 0 0 0 0 0 0 0 44 250 148 0 16 9 0 0 0 0 0 0 0 0 0 0 0 0 0 0 0 0 0 0 0 0 0 17 87 249 79 0 4 0 2 0 0 0 0 0 0 0 0 0 0 0 0 0 0 0 0 0 0 0 0 0 0 7 0 6 12 0 7 0 0 0 0 0 0 0 0 0 0 0 0
0 0 0 0 0 0 0 0 0 0 0 0 0 0 0 0 0 0 0 0 0 0 0 0 0 0 0 0 0 0 0 0 0 0 0 0 0 0 0 0 0 0 0 0 0 0 0 0 0 0 0 0 0 0 0 0 0 0 0 0 0 0 0 0 0 0 0 0 0 0 0 0 0 0 0 0 0 0 0 0 0 0 0 0 0 0 0 0 0 0 0 0 0 0 0 0 0 0 0 0 0 0 0 0 0 0 0 0 0 0 0 0 0 0 0 0 0 0 0 0 0 0 0 0 0 0 0 0 0 0 0 0 0 0 0 0 0 0 0 0 0 0 0 0 0 0 0 0 0 0 0 0 0 0 0 0 0 0 0 0 0 0 0 0 0 0 0 0 0 0 0 0 0 0 0 0 0 0 0 0 0 0 0 0 0 0 0 0 0 0 0 0 0 0 0 0 0 0 0 0 0 0 0 0 0 0 0 0 0 0 0 0 0 0 0 0 0 0 0 0 0 0 0 0 0 15 0 4 8 0 8 0 10 0 0 4 0 0 5 0 10 0 0 3 0 1 0 7 0 0 0 0 6 0 14 0 3 16 13 17 137 205 188 71 29 119 188 173 164 184 186 182 179 187 63 0 0 0 0 0 4 0 12 41 121 253 255 237 255 249 242 253 255 246 242 255 255 255 249 247 255 239 255 2 0 0 0 0 0 0 9 219 234 255 255 255 248 255 250 245 255 248 222 214 210 209 234 255 253 242 115 2 0 0 0 0 3 4 0 246 255 255 237 203 126 123 126 141 119 43 0 7 3 19 138 240 255 112 0 0 0 0 0 0 0 7 6 38 31 36 43 9 9 1 0 3 12 2 0 0 2 47 229 248 255 22 0 2 0 0 0 0 18 0 0 0 13 9 4 4 0 0 1 3 0 0 2 12 0 239 238 255 226 3 18 0 0 0 0 0 0 3 11 0 0 0 0 1 3 0 4 5 0 7 9 0 9 195 255 250 131 1 0 0 0 0 0 0 0 0 0 0 0 0 0 0 0 17 0 0 19 0 0 8 0 208 255 228 29 5 5 0 0 0 0 0 0 0 0 0 0 0 0 0 2 0 3 7 0 8 14 0 161 255 240 149 0 2 9 0 0 0 0 0 0 0 0 0 0 0 0 0 9 0 0 4 0 3 0 53 255 255 255 43 0 4 0 7 0 0 0 0 0 0 0 0 0 0 0 0 0 0 1 2 1 0 2 179 246 255 191 0 8 6 0 11 0 0 0 0 0 0 0 0 0 0 0 0 0 0 13 6 0 12 73 245 254 232 38 14 1 0 6 0 0 0 0 0 0 0 0 0 0 0 0 0 4 2 0 0 4 2 93 251 255 112 0 5 0 0 14 0 0 0 0 0 0 0 0 0 0 0 0 0 8 7 0 0 14 0 134 252 250 86 11 0 3 0 2 9 0 0 0 0 0 0 0 0 0 0 0 0 0 0 9 11 0 17 246 254 251 216 0 10 0 5 0 0 0 0 0 0 0 0 0 0 0 0 0 0 0 14 0 0 7 5 255 255 244 81 0 9 3 0 4 0 0 0 0 0 0 0 0 0 0 0 0 0 0 0 0 4 9 4 155 145 109 23 0 3 0 0 6 1 0 0 0 0 0 0 0 0 0 0 0 0 9 0 3 0 0 0 21 4 8 0 0 2 0 0 3 0 0 0 0 0 0 0 0 0 0 0 0 0 4 0 0 1 4 7 0 0 0 5 4 0 3 6 0 0 0 0 0 0
0 0 0 0 0 0 0 0 2 2 3 3 0 0 0 2 0 0 0 0 0 0 0 0 0 0 0 0 0 0 0 0 0 0 0 0 0 2 2 0 0 3 5 0 0 0 0 0 0 0 0 0 0 0 0 0 0 0 0 0 0 0 0 0 0 0 0 8 9 0 0 2 0 0 0 0 0 0 0 0 0 0 0 0 0 0 0 0 0 0 0 0 12 1 0 0 0 0 0 11 0 0 0 0 0 0 0 0 0 0 0 0 0 0 0 0 0 0 0 0 0 7 11 0 0 3 2 0 0 0 0 0 0 0 0 0 0 0 0 0 0 0 0 0 0 0 0 0 1 0 0 4 6 0 0 3 0 0 0 0 0 0 0 0 0 0 0 0 0 0 0 0 0 0 0 0 5 0 0 6 19 18 5 0 0 0 0 0 0 0 0 0 0 0 0 0 0 0 0 0 0 0 0 0 45 136 196 200 220 231 140 10 0 0 0 0 0 0 0 0 0 0 0 0 0 0 8 0 8 0 5 147 248 255 255 251 255 255 255 138 0 2 1 7 0 0 6 0 7 0 0 4 6 0 1 0 4 0 203 255 255 246 241 193 161 216 255 238 16 0 2 0 5 3 0 9 0 0 6 2 3 0 2 0 0 0 237 236 166 85 20 0 8 117 236 245 64 0 1 5 2 12 0 0 5 5 2 0 0 5 1 2 0 3 75 78 0 16 0 9 0 22 227 255 152 7 6 0 0 0 16 9 0 0 4 1 0 4 0 0 0 10 0 1 0 7 0 0 3 7 210 247 158 17 11 21 142 122 124 14 28 3 0 2 8 0 0 4 0 0 6 0 18 0 5 14 112 157 243 248 240 255 255 246 255 244 255 255 239 130 21 0 2 0 7 3 0 0 13 0 0 77 177 214 253 254 251 255 255 255 237 237 150 144 125 158 68 31 1 0 0 0 11 0 0 17 0 4 168 255 246 255 255 250 245 250 255 32 8 3 0 0 18 0 8 1 0 1 0 0 2 3 0 0 12 29 255 251 241 166 57 41 217 247 255 2 3 4 0 0 0 3 0 0 0 0 0 0 2 3 0 0 1 11 0 0 23 0 0 0 125 255 252 1 0 2 1 3 0 0 0 0 0 0 0 0 1 3 0 0 0 0 3 0 4 0 19 1 114 255 255 14 0 0 0 2 2 1 0 0 0 0 0 0 0 2 4 2 0 0 0 0 0 3 3 2 188 255 229 9 0 0 0 2 3 0 0 0 0 0 1 0 0 0 2 5 4 2 5 0 0 12 0 4 214 250 169 0 0 3 8 3 3 0 0 0 0 0 2 3 0 0 0 1 1 0 0 0 1 0 0 14 177 255 155 0 5 0 0 0 6 0 0 0 0 0 0 4 3 0 0 0 0 0 7 9 5 0 2 0 147 245 152 6 7 0 0 0 9 4 0 0 0 0 0 3 6 1 0 2 2 0 0 14 0 0 5 4 208 255 114 0 1 1 7 0 7 0 0 0 0 0 0 0 0 0 0 0 0 0 0 0 0 0 0 29 130 227 9 6 2 0 0 0 0 1 0 0 0 0 0 0 0 0 0 0 0 0 5 1 2 3 0 0 15 45 7 5 1 0 0 0 0 1 0 0 0 0 0 0 0 0 0 0 0 0 2 0 0 6 11 7 0 0 3 2 1 0 0 0 0 0 0 0 0 0 0 0 0 0 0 0 0 0 0 1 0 0 0 2 5 5 0 0 0 1 1 1 0 0 0 0 0 0
0 0 0 1 0 0 0 2 1 1 0 0 0 0 3 6 0 0 5 11 0 0 1 6 0 0 0 0 0 9 12 2 0 0 4 3 0 0 0 0 0 0 0 0 5 0 0 0 0 0 0 0 0 0 0 0 14 0 0 0 5 0 0 0 3 2 1 3 5 4 0 0 2 5 0 0 5 7 1 1 0 0 0 0 0 0 0 7 1 0 0 14 0 0 0 0 0 0 0 0 0 4 3 0 0 0 0 0 0 0 0 0 0 8 8 0 0 2 0 0 0 3 4 2 0 0 0 3 1 6 3 0 0 0 0 0 0 0 0 0 0 0 0 0 10 8 3 3 0 2 6 6 3 0 0 0 8 0 0 0 0 1 8 2 0 0 0 0 6 3 1 0 0 0 0 0 1 0 0 0 0 2 2 0 8 0 5 22 0 0 2 0 0 0 0 0 0 7 0 8 123 255 255 166 37 21 5 5 21 37 43 43 44 32 77 94 30 0 8 1 0 0 0 0 1 1 0 14 68 255 240 254 255 191 112 205 207 245 253 250 255 250 255 255 188 9 4 0 0 0 0 0 0 0 0 0 63 243 251 254 255 255 244 255 246 255 253 255 235 251 254 246 255 67 12 0 0 0 0 0 0 13 13 0 0 50 150 255 237 248 255 243 255 255 234 241 255 255 250 250 255 33 0 10 0 0 0 0 2 0 0 13 14 1 17 42 162 141 157 147 181 185 157 154 169 234 255 255 128 0 23 0 0 0 0 0 0 10 3 0 0 0 6 0 6 0 0 4 0 4 0 0 83 255 247 254 121 4 0 11 0 0 0 0 0 3 0 0 5 6 10 0 0 8 0 14 0 1 0 21 215 255 245 255 69 0 2 0 0 0 0 0 6 0 0 9 0 0 0 14 0 6 0 0 0 8 4 124 255 255 246 108 0 1 11 0 0 0 0 0 0 0 0 0 0 13 0 0 0 5 3 0 9 0 9 245 255 238 255 32 9 2 0 9 0 0 0 0 0 0 0 0 0 0 0 0 0 4 0 9 0 5 179 244 255 253 155 0 6 0 0 1 0 0 0 0 0 0 0 0 0 0 0 0 1 0 0 0 2 41 229 251 246 243 13 5 2 0 7 0 0 0 0 0 0 0 0 0 0 0 0 0 0 10 1 11 6 195 255 249 254 109 0 0 0 5 17 0 0 0 0 0 0 0 0 0 0 0 0 0 0 0 0 0 15 255 245 251 183 0 25 0 0 7 1 0 0 0 0 0 0 0 0 0 0 0 0 0 18 0 22 13 163 250 252 235 39 2 0 0 2 5 0 9 0 0 0 0 0 0 0 0 0 0 0 0 0 0 3 40 252 245 255 137 0 10 0 6 0 3 0 3 0 0 0 0 0 0 0 0 0 0 0 0 10 23 4 128 252 255 223 71 13 0 17 3 0 1 6 0 0 0 0 0 0 0 0 0 0 0 0 0 0 0 54 255 255 237 97 0 2 1 0 0 5 0 0 8 0 0 0 0 0 0 0 0 0 0 0 0 0 10 122 255 255 228 34 0 0 0 0 0 0 0 0 0 0 0 0 0 0 0 0 0 0 0 0 0 4 0 129 238 240 210 8 2 0 0 0 0 0 0 0 0 0 0 0 0 0 0 0 0 0 0 0 0 7 0 20 248 252 63 6 0 0 0 0 0 0 0 0 0 0 0 0 0 0 0 0 0 0 0 0 0 1 0 9 0 0 21 0 0 0 0 0 0 0 0 0 0 0 0 0 0
3 0 0 0 8 3 0 5 8 0 0 0 5 3 0 0 4 0 6 0 0 11 4 0 0 0 0 0 0 5 12 5 0 0 0 0 0 0 0 0 0 0 0 5 2 0 6 0 0 0 0 0 0 0 0 0 5 1 0 0 0 5 15 8 0 6 11 7 1 0 0 0 7 0 0 6 5 3 9 0 0 0 0 0 3 0 0 4 0 0 0 0 0 0 0 0 0 6 5 0 0 0 0 6 4 0 2 0 0 0 0 0 0 0 5 5 1 2 6 5 9 7 1 0 0 2 5 4 1 1 5 9 0 0 1 0 0 0 0 0 3 12 0 0 1 10 0 0 0 0 5 8 2 0 0 0 8 0 0 0 0 11 7 4 0 0 0 0 0 5 0 0 13 0 0 21 7 0 0 0 5 0 0 7 1 0 24 0 0 15 0 0 0 0 0 0 0 2 0 3 8 0 73 242 158 91 28 9 12 11 12 19 13 41 118 64 4 9 0 14 0 0 0 0 0 4 5 0 12 0 51 255 255 245 255 255 177 224 248 255 254 239 251 255 139 0 0 8 0 0 0 0 4 0 0 0 5 0 54 254 251 249 243 255 251 255 250 247 255 255 253 253 229 36 0 3 0 0 0 0 0 0 4 3 3 0 21 146 232 255 252 251 255 247 236 255 229 255 245 244 255 47 8 0 0 0 0 0 0 0 10 0 0 1 0 14 47 135 159 170 195 169 175 225 233 252 251 255 186 0 20 0 0 0 0 0 2 0 3 0 0 8 0 0 0 22 6 0 9 0 2 31 107 246 244 255 189 24 0 15 0 0 0 0 0 0 0 7 0 0 3 6 0 0 0 0 12 8 0 14 220 255 255 220 43 0 0 1 0 0 0 0 0 0 0 13 5 0 0 2 11 3 0 0 0 6 7 147 255 255 250 132 0 0 1 1 0 0 0 0 7 8 0 0 0 1 6 0 0 0 4 8 0 0 5 227 249 247 251 70 7 9 0 0 0 0 0 0 0 0 0 0 0 0 0 0 0 7 0 0 9 0 175 251 254 250 145 0 14 2 0 2 0 0 0 0 0 0 0 0 0 0 0 0 6 0 0 0 0 103 255 255 252 252 15 2 4 0 3 0 0 0 0 0 0 0 0 0 0 0 0 0 5 0 4 14 89 229 255 231 255 126 0 0 0 0 10 0 0 0 0 0 0 0 0 0 0 0 0 0 0 5 0 7 194 255 241 255 189 2 33 0 0 1 0 0 0 0 0 0 0 0 0 0 0 0 0 0 0 15 0 95 245 247 255 242 38 7 0 0 6 6 0 14 0 0 0 0 0 0 0 0 0 0 0 0 0 3 10 239 255 250 255 82 0 12 0 3 0 7 0 2 0 0 0 0 0 0 0 0 0 0 0 0 6 0 82 255 254 253 180 13 10 0 15 0 0 4 2 0 0 0 0 0 0 0 0 0 0 0 0 0 0 10 210 248 251 214 12 3 0 3 0 0 8 0 0 12 0 0 0 0 0 0 0 0 0 0 0 0 2 83 252 250 255 151 3 0 0 0 0 0 0 0 0 0 0 0 0 0 0 0 0 0 0 0 0 0 7 90 255 248 229 41 0 14 0 0 0 0 0 0 0 0 0 0 0 0 0 0 0 0 0 0 0 0 0 6 147 255 102 8 26 0 0 0 0 0 0 0 0 0 0 0 0 0 0 0 0 0 0 0 0 0 0 19 0 0 17 0 0 17 0 0 0 0 0 0 0 0 0 0 0 0
0 6 0 12 0 0 0 0 0 0 0 0 0 0 0 0 2 1 1 0 0 0 0 0 0 0 0 0 9 0 7 0 0 7 3 0 0 0 0 0 0 0 0 0 0 0 0 1 2 2 3 3 0 0 0 0 0 0 0 0 19 8 0 15 0 0 0 0 0 0 0 0 0 0 0 0 0 0 0 0 0 0 0 0 0 10 0 8 7 0 0 0 0 0 0 0 0 0 0 0 0 0 0 0 0 0 0 0 0 0 0 0 0 4 0 12 0 9 19 2 0 0 0 0 0 0 0 0 0 1 1 1 2 2 2 2 0 0 0 0 0 0 5 0 0 14 0 13 0 0 0 0 0 0 0 0 0 0 0 0 0 1 2 2 0 0 0 0 5 0 0 0 10 0 6 0 0 0 0 0 0 0 0 0 3 2 2 1 0 0 0 0 0 0 0 0 6 0 6 13 0 39 238 38 0 0 0 0 0 0 0 0 20 18 15 11 7 3 0 0 0 0 0 0 0 9 0 5 23 236 238 83 2 8 41 32 73 150 154 158 253 255 250 230 45 0 26 0 0 0 0 0 4 9 0 4 29 223 255 207 180 214 255 247 236 255 245 255 253 241 255 252 171 7 0 13 0 0 0 0 0 0 0 8 33 166 251 255 250 244 255 255 255 255 205 174 169 100 245 255 178 0 0 6 0 0 0 0 3 6 4 0 0 7 39 52 53 42 51 43 42 39 6 0 9 84 242 255 165 6 0 0 0 0 0 0 0 0 7 2 6 0 0 2 2 1 11 4 0 0 0 11 0 176 255 248 70 5 1 0 0 0 0 0 0 4 0 0 6 3 0 0 5 0 0 0 8 12 2 0 35 255 255 192 10 0 0 14 0 0 0 0 3 4 0 0 0 4 0 5 0 1 3 5 2 0 0 0 121 236 255 171 0 0 21 0 0 0 0 0 0 0 0 11 0 1 0 2 0 8 3 1 0 0 7 2 202 255 237 57 9 0 0 7 0 0 0 0 0 0 0 0 0 0 0 0 0 0 3 0 1 0 0 79 250 255 172 0 3 4 0 0 0 0 0 0 0 0 0 0 0 0 0 0 8 0 4 10 0 7 11 122 255 255 94 0 0 2 3 1 0 0 0 0 0 0 0 0 0 0 0 0 0 0 0 6 1 0 0 207 255 220 22 2 0 0 5 0 0 0 0 0 0 0 0 0 0 0 0 0 0 11 0 0 9 0 57 252 243 118 0 10 5 0 1 0 0 0 0 0 0 0 0 0 0 0 0 0 2 0 7 0 0 19 195 244 245 12 0 0 10 0 0 3 0 0 0 0 0 0 0 0 0 0 0 0 0 0 5 4 0 0 225 255 246 0 15 0 9 0 0 0 0 0 0 0 0 0 0 0 0 0 0 0 0 0 0 0 12 0 209 255 161 0 15 0 7 1 0 0 0 0 0 0 0 0 0 0 0 0 0 0 7 0 0 0 5 79 255 243 36 3 0 4 4 0 0 6 0 0 0 0 0 0 0 0 0 0 0 0 2 0 15 0 0 76 255 255 38 0 15 0 4 1 0 7 0 0 0 0 0 0 0 0 0 0 0 0 12 0 0 0 10 75 238 246 238 235 208 63 0 3 1 0 0 0 0 0 0 0 0 0 0 0 0 0 0 0 19 0 0 12 184 255 255 234 184 54 0 0 2 8 0 0 0 0 0 0 0 0 0 0 0 0 3 0 0 5 18 0 2 0 8 0 0 0 10 9 0 0 0 0 0 0
9 0 1 0 0 9 5 0 0 2 0 7 0 1 0 4 2 3 1 0 0 0 4 6 0 0 0 0 0 0 5 8 5 0 0 0 4 0 6 0 21 0 6 0 0 0 0 4 10 4 0 0 0 0 0 0 0 17 0 0 2 8 10 11 2 5 0 0 0 0 0 10 9 3 0 2 0 0 0 6 0 0 0 0 0 9 0 0 2 1 2 0 0 11 0 21 0 13 0 4 0 0 0 0 0 0 0 3 0 0 0 0 4 0 0 15 1 0 9 9 1 0 0 0 0 1 2 0 12 11 2 0 0 10 5 0 0 0 0 0 9 0 4 0 0 14 8 0 0 10 5 12 0 9 0 3 0 0 1 0 0 1 4 2 0 0 0 0 0 0 20 0 2 10 0 8 136 93 22 108 154 219 100 9 11 0 0 4 6 0 0 2 0 0 0 0 4 0 9 0 8 0 15 225 248 255 249 254 245 255 252 245 248 134 24 0 0 0 0 1 0 0 0 0 0 5 0 13 0 0 16 227 255 248 255 245 249 255 253 255 255 225 0 0 2 7 0 0 0 0 0 0 3 3 0 0 0 27 138 251 212 40 13 39 34 111 214 255 251 255 95 0 9 0 8 4 0 0 0 0 1 0 0 0 10 81 255 255 115 9 0 8 0 0 84 246 255 243 102 0 1 6 0 0 0 0 0 0 0 0 4 4 8 73 225 163 0 5 0 0 17 0 28 239 255 245 152 3 0 5 0 16 0 0 0 0 2 0 1 2 0 13 67 26 7 2 0 0 0 0 5 165 255 255 233 0 2 0 11 0 0 0 0 0 0 0 0 5 0 0 0 0 0 0 13 22 0 4 14 177 254 250 239 5 7 3 0 0 0 0 0 0 0 5 0 5 10 8 0 15 8 0 0 0 0 7 0 178 247 253 243 47 0 0 0 24 0 0 0 0 0 13 0 0 5 0 0 2 0 1 4 3 0 7 0 187 255 247 232 0 3 0 7 0 0 0 0 0 0 0 0 0 0 0 0 0 0 32 68 160 175 190 129 232 255 245 250 54 3 0 0 8 0 0 0 0 0 0 0 0 0 0 0 0 14 70 249 255 255 244 255 251 255 248 251 74 0 4 1 0 0 0 0 0 0 0 0 0 0 0 0 0 0 18 187 246 251 238 255 253 255 254 255 135 0 6 4 0 0 0 0 0 0 0 0 0 0 0 0 0 13 0 4 66 71 96 93 167 243 252 255 209 14 0 0 5 0 0 0 0 0 0 0 0 0 0 0 0 0 6 1 0 18 6 0 9 176 243 255 243 10 0 0 4 0 0 0 0 0 0 0 0 0 0 0 0 2 6 2 0 0 0 3 2 91 246 255 240 0 0 3 0 0 0 0 0 0 0 0 0 0 0 0 0 10 0 0 15 0 3 2 0 43 255 255 232 0 4 6 0 0 0 0 0 0 0 0 0 0 0 0 0 0 0 6 0 6 0 5 4 32 255 251 231 9 0 0 2 0 0 0 0 0 0 0 0 0 0 0 0 0 0 0 0 0 0 0 0 43 244 255 232 0 0 9 0 0 0 0 0 0 0 0 0 0 0 0 0 0 0 0 0 0 0 0 0 0 107 249 162 6 0 0 16 0 0 0 0 0 0 0 0 0 0 0 0 0 0 0 0 0 0 0 0 0 0 15 0 0 4 8 0 0 0 0 0 0 0 0 0 0 0 0 0 0 0 0 0 0 0 0 0 0 14 0 20 3 0 23 4 0 0 0 0
0 0 0 0 0 0 0 0 0 0 0 1 2 2 2 1 1 0 0 4 6 0 0 0 4 1 2 4 0 0 0 0 0 0 0 0 0 0 0 0 0 0 0 0 7 3 0 0 0 0 0 2 0 0 0 2 0 0 0 0 0 0 0 0 2 1 0 0 0 0 0 1 0 0 4 3 2 4 6 6 7 8 4 0 0 0 0 0 0 0 0 0 0 0 0 1 1 2 3 3 0 1 2 0 0 0 0 0 0 0 2 0 0 0 0 0 0 0 0 0 0 0 1 3 3 2 0 0 7 4 0 0 0 6 9 6 6 3 0 0 0 0 0 0 0 0 0 0 0 0 1 1 1 0 0 0 3 0 0 3 5 1 0 0 0 0 0 0 0 0 0 0 0 0 0 0 1 0 0 0 0 3 6 8 3 0 0 7 2 0 0 7 11 0 0 4 0 0 0 0 0 0 0 0 1 0 0 0 3 11 19 24 2 0 0 13 26 46 92 140 214 116 18 0 0 0 4 8 0 0 0 0 0 0 0 8 49 160 253 208 196 197 199 205 242 253 255 255 247 61 0 0 7 0 0 0 1 9 11 3 12 14 43 168 237 255 251 245 255 232 251 255 228 255 255 205 53 0 0 7 0 0 6 5 0 0 0 0 0 25 219 255 229 145 57 33 51 68 86 63 198 255 220 80 0 0 13 5 0 4 1 0 0 0 5 16 7 189 250 179 14 0 14 0 5 9 0 123 255 238 53 0 12 4 0 0 4 0 0 0 15 6 0 0 82 233 227 16 0 0 0 3 0 11 92 227 214 140 31 1 0 0 0 0 0 1 0 3 10 0 0 33 242 255 77 13 4 3 3 0 15 78 255 254 171 0 1 0 0 11 0 0 1 9 0 0 0 2 92 216 252 97 21 0 5 0 4 8 145 253 252 81 2 0 13 7 2 8 0 0 0 4 1 0 0 15 118 255 195 69 3 3 0 0 2 32 238 253 171 3 15 0 0 0 0 0 0 12 0 24 0 0 14 7 198 255 116 0 13 4 0 4 0 222 255 128 18 0 0 0 8 0 0 0 0 0 0 8 0 0 0 0 39 53 12 17 0 0 10 32 189 255 178 49 0 3 12 0 0 0 0 0 0 0 4 0 1 1 5 0 0 0 2 7 9 0 12 195 253 216 41 1 0 6 0 0 2 0 0 0 0 0 6 0 1 4 0 10 0 7 0 0 0 42 141 255 216 24 0 0 11 6 0 0 7 2 0 0 0 0 0 3 0 10 0 0 0 0 6 18 0 184 255 250 139 0 11 0 0 6 7 0 0 0 0 0 0 0 0 7 0 10 1 6 8 3 0 0 94 241 252 140 0 23 2 1 0 0 4 5 0 0 0 0 0 0 6 9 0 0 0 0 0 0 3 49 236 254 250 9 0 0 0 9 13 0 0 4 5 0 0 0 0 0 0 0 8 4 0 3 0 4 38 166 251 250 112 12 4 0 3 0 0 0 6 1 0 3 0 0 0 0 0 2 3 0 0 0 0 5 137 255 255 142 35 0 0 2 0 0 0 0 0 0 0 0 0 0 0 0 0 0 2 3 3 6 13 19 224 245 145 17 0 12 19 0 0 0 0 0 0 0 0 0 0 0 0 0 0 2 3 2 0 0 4 9 246 175 52 0 0 0 0 9 0 0 0 0 0 0 0 0 0 0 0 0 4 4 3 0 0 0 0 0 0 6 0 0 11 8 3 0 0 0 0 0 0 0 0 0 0 0 0 0
0 3 6 1 0 2 2 0 4 0 5 10 0 0 0 0 5 0 0 1 0 0 0 6 0 0 0 0 0 4 3 0 0 0 0 0 0 13 0 0 11 13 0 9 0 0 0 4 6 4 1 1 0 0 0 0 2 3 0 0 0 1 1 0 0 3 8 0 0 0 0 0 0 0 0 0 1 4 0 0 0 0 0 0 1 0 0 0 2 5 4 2 5 0 0 13 2 9 22 0 0 2 0 0 0 0 0 0 0 0 0 0 0 0 0 2 4 2 0 0 0 13 0 0 11 0 0 4 0 4 6 1 0 0 2 3 0 0 0 0 0 0 1 3 0 0 0 0 1 15 0 3 6 0 5 0 0 0 1 5 3 0 0 0 0 0 0 0 0 0 2 3 0 0 1 11 0 30 104 211 255 255 235 123 15 0 0 2 4 0 0 0 0 0 0 0 0 0 2 3 0 0 12 29 163 249 253 250 255 252 255 230 51 17 0 0 5 0 0 8 0 0 0 0 0 1 7 0 7 47 139 247 250 249 255 249 255 231 255 246 235 27 5 0 21 0 0 0 0 0 0 0 0 4 0 0 23 250 255 253 255 215 156 80 54 58 194 250 255 45 0 0 0 23 7 1 0 0 0 0 1 0 0 3 7 200 159 104 24 0 0 0 0 0 146 255 255 31 7 5 1 11 0 0 0 0 0 0 1 0 0 15 0 6 12 0 0 10 13 1 0 2 145 238 255 61 3 0 9 0 0 10 0 0 0 0 0 4 0 0 7 0 12 10 0 0 0 5 0 0 130 255 248 157 12 0 0 15 0 4 0 0 0 0 0 0 6 0 3 15 0 0 3 5 0 10 3 0 125 252 255 220 77 9 3 0 4 3 0 0 0 0 1 0 7 11 0 1 4 48 100 194 213 204 204 222 255 255 254 253 250 208 218 117 82 0 0 0 0 0 6 0 0 7 0 34 181 242 243 255 245 255 255 241 249 255 252 252 255 243 254 249 163 0 0 0 0 0 0 7 3 0 3 47 231 237 241 231 229 231 230 183 113 201 255 244 255 110 118 113 77 9 0 0 0 0 0 0 0 0 5 0 52 0 0 0 12 9 2 1 16 165 252 255 136 0 0 0 0 0 0 0 0 0 4 1 0 0 0 0 6 0 14 0 0 0 0 0 0 80 242 255 124 4 11 0 0 12 0 0 0 0 0 3 4 10 0 4 0 22 0 0 1 4 2 10 16 138 255 237 144 3 1 0 0 0 0 0 0 0 2 2 0 4 0 11 0 0 0 0 11 0 0 0 8 160 255 245 124 1 0 3 7 3 0 0 0 0 7 4 0 0 0 14 0 7 1 0 0 0 10 4 4 156 233 255 47 0 3 0 0 0 0 0 0 0 0 4 6 14 1 0 0 0 1 10 3 0 2 0 19 224 255 255 15 1 0 0 0 5 0 0 0 0 1 6 0 0 0 0 12 0 0 6 0 0 9 0 26 254 249 157 3 0 1 0 7 0 0 0 0 0 0 0 0 0 0 0 0 0 1 0 6 12 0 2 119 255 225 39 0 0 0 12 0 7 0 0 0 0 0 0 0 0 0 0 0 0 6 0 0 0 0 27 125 225 103 0 0 1 0 5 0 10 0 0 0 0 0 0 0 0 0 0 0 0 0 3 7 2 0 0 0 14 9 0 5 5 0 1 0 1 0 0 0 0 0 0 0 0 0 0 0 0 0 0 2 4 8 10 4 0 0 5 2 0 5 5 2 0 0 0 0 0
0 0 0 0 0 0 0 0 0 0 0 0 0 0 0 0 0 0 0 0 0 0 0 0 0 0 0 0 0 0 0 0 0 0 0 0 0 0 0 0 0 0 0 0 0 0 0 0 0 0 0 0 0 0 0 0 0 0 0 0 0 0 0 0 0 0 0 0 0 0 0 0 0 0 0 0 0 0 0 0 0 0 0 0 0 0 0 0 0 0 0 0 0 0 0 0 0 0 0 0 0 0 0 0 0 0 0 0 0 0 0 0 0 0 0 0 0 0 0 0 0 0 0 0 0 0 0 0 0 0 0 0 0 0 0 0 0 0 0 0 0 0 0 0 0 0 0 0 0 0 0 0 0 0 0 0 0 0 0 0 0 0 0 0 0 0 0 0 0 0 0 0 0 0 0 0 0 0 0 0 0 0 0 0 0 0 0 0 0 0 0 0 0 0 0 0 0 0 0 0 0 0 0 0 0 0 0 0 0 0 0 0 0 0 0 0 0 0 0 0 0 0 0 0 0 0 2 0 8 0 197 255 255 246 255 249 152 148 208 255 249 156 138 29 0 0 5 1 0 0 0 0 11 0 0 0 0 0 143 186 238 255 255 255 253 255 249 244 252 241 254 129 5 2 0 5 0 0 0 0 0 0 7 10 4 0 16 5 60 136 152 142 160 180 159 206 252 255 255 89 5 0 1 0 0 0 0 0 2 0 4 3 0 0 0 0 0 11 0 0 8 11 0 96 254 248 149 0 0 3 9 0 0 0 0 0 7 0 1 0 0 11 10 16 16 5 0 1 9 1 0 100 254 255 61 8 0 15 0 0 0 0 0 0 0 1 10 3 0 0 0 0 0 0 7 8 0 0 7 145 246 214 15 6 2 0 0 6 0 0 0 0 0 5 2 0 3 0 5 6 8 3 4 0 0 1 18 185 245 111 0 0 7 0 15 0 0 0 0 0 1 6 0 0 10 0 3 0 0 0 2 0 3 0 26 251 254 67 0 17 0 0 15 0 0 0 0 0 0 0 0 0 0 0 0 0 2 0 0 0 0 0 163 247 230 0 1 0 0 2 0 0 0 0 0 0 0 0 0 0 0 0 0 0 1 0 0 0 0 0 168 252 230 0 1 0 0 2 0 0 0 0 0 0 0 0 0 0 0 0 0 0 0 0 0 0 1 5 173 255 230 0 1 0 0 2 0 0 0 0 0 0 0 0 0 0 0 0 0 0 0 0 0 1 1 5 174 255 230 0 1 0 0 2 0 0 0 0 0 0 0 0 0 0 0 0 0 0 1 0 0 0 0 3 172 255 230 0 1 0 0 2 0 0 0 0 0 0 0 0 0 0 0 0 0 0 1 0 0 0 0 2 170 254 230 0 1 0 0 2 0 0 0 0 0 0 0 0 0 0 0 0 0 0 1 0 0 0 0 3 171 255 230 0 1 0 0 2 0 0 0 0 0 0 0 0 0 0 0 0 0 0 0 0 0 0 0 4 173 255 230 0 1 0 0 2 0 0 0 0 0 0 0 0 0 0 0 0 0 0 6 3 0 2 4 5 65 255 234 0 0 1 0 0 9 0 0 0 0 0 0 0 0 0 0 0 0 0 0 2 1 4 0 1 57 242 233 5 0 5 0 0 6 0 0 0 0 0 0 0 0 0 0 0 0 0 0 3 1 1 0 0 18 161 218 3 3 5 0 0 3 0 0 0 0 0 0 0 0 0 0 0 0 0 0 1 0 0 3 0 0 75 195 0 0 0 0 0 4 0 0 0 0 0
0 0 13 0 0 0 14 0 0 0 0 0 1 2 0 0 5 1 0 3 7 6 0 0 0 0 0 0 3 12 0 7 7 5 0 8 7 7 4 0 0 1 4 6 0 0 0 0 0 0 5 12 0 0 0 0 5 0 0 0 0 0 5 3 0 0 5 8 4 0 0 0 4 7 8 5 0 0 0 0 0 0 0 0 0 22 8 4 4 0 0 0 4 1 0 0 0 0 7 15 0 0 0 0 1 2 0 0 0 0 0 0 12 0 0 7 0 13 11 0 3 0 0 0 2 0 0 0 6 2 0 0 0 1 2 3 0 0 0 0 4 0 15 0 21 0 0 0 5 0 0 3 8 5 2 4 0 3 9 8 1 0 0 0 0 0 0 0 0 12 11 0 208 226 141 149 159 126 85 50 20 0 0 1 5 0 0 0 0 0 0 0 0 0 0 0 1 0 0 1 22 233 251 255 255 251 251 250 234 209 197 199 122 74 18 0 0 8 5 0 0 0 0 0 0 0 1 0 0 7 18 28 114 117 117 113 160 218 219 211 245 248 253 135 8 0 6 0 0 0 0 0 0 1 2 1 0 0 5 11 0 0 7 0 0 2 0 4 61 116 219 255 7 9 0 5 0 0 0 0 0 1 4 3 0 0 0 0 8 0 6 6 0 2 0 1 0 3 142 239 0 10 1 0 0 0 0 0 0 0 3 4 2 0 0 0 12 0 0 3 2 9 2 1 21 96 241 252 2 0 0 0 0 0 0 0 0 0 1 1 1 1 2 4 0 0 7 1 0 0 0 0 0 178 255 189 0 12 0 11 0 0 0 0 2 1 0 0 0 0 0 1 0 0 5 0 8 8 0 6 135 255 222 62 0 6 0 0 0 0 0 0 1 0 0 0 0 0 0 0 8 5 0 0 7 0 0 24 206 255 136 2 9 0 9 5 0 0 0 0 0 0 0 0 2 3 2 1 0 4 2 0 10 0 11 110 255 240 26 12 0 5 0 0 0 0 0 0 0 0 0 0 0 0 0 0 3 0 6 8 4 0 22 249 255 144 3 0 0 5 11 0 0 0 0 0 0 0 0 0 0 0 0 0 3 2 0 0 0 16 172 254 228 71 0 6 2 0 1 2 0 0 0 0 0 0 0 0 0 0 0 0 0 4 11 6 0 37 254 233 152 2 0 9 2 0 0 2 0 0 0 0 0 0 0 0 0 0 0 0 0 1 0 4 0 120 255 255 62 0 0 1 0 0 5 0 0 0 0 0 0 0 0 0 0 0 0 0 0 9 0 14 30 235 255 187 3 12 0 0 0 2 4 0 0 0 0 0 0 0 0 0 0 0 0 0 4 0 1 5 138 255 255 20 0 20 0 7 4 0 0 3 0 0 0 0 0 0 0 0 0 0 0 0 3 0 0 20 220 247 187 0 0 2 0 4 2 0 0 1 0 0 0 0 0 0 0 0 0 0 0 0 0 23 0 132 255 237 25 9 5 0 18 0 0 5 8 0 0 0 0 0 0 0 0 0 0 0 0 0 6 0 6 182 249 188 9 0 0 0 0 0 0 0 0 0 0 0 0 0 0 0 0 0 0 0 0 0 0 13 0 249 255 63 0 4 0 0 0 0 0 0 0 0 0 0 0 0 0 0 0 0 0 0 0 0 2 7 4 0 0 11 0 10 0 0 0 0 0 0 0 0 0 0 0 0 0 0 0 0 0 0 0 0 11 0 0 7 6 0 0 0 0 0 0 0 0 0 0 0 0 0 0 0
0 0 0 0 0 0 0 0 0 0 0 0 0 0 0 0 0 0 0 0 0 0 0 0 0 0 0 0 0 0 0 0 0 0 0 0 0 0 0 0 0 0 0 0 0 0 0 0 0 0 0 0 0 0 0 0 0 0 0 0 0 0 0 0 0 0 0 0 0 0 0 0 0 0 0 0 0 0 0 0 0 0 0 0 0 0 0 0 0 0 0 0 0 0 0 0 0 0 0 0 0 0 0 0 0 0 0 0 0 0 0 0 0 0 0 0 0 0 0 0 0 0 0 0 0 0 0 0 0 0 0 0 0 0 0 0 0 0 0 0 0 0 0 0 0 0 0 0 0 0 0 0 0 0 0 0 0 0 0 0 0 0 0 0 0 0 0 0 0 0 0 0 0 0 0 0 0 0 0 0 0 0 0 0 0 0 0 0 0 0 0 0 0 0 0 0 0 0 0 0 0 0 0 0 0 0 0 0 0 0 0 0 0 0 0 0 0 0 0 0 0 0 0 0 0 3 243 165 6 16 0 10 0 4 9 4 0 0 2 2 0 0 3 16 25 5 7 0 0 0 0 0 4 0 255 255 186 41 9 0 0 1 0 0 0 2 0 0 7 40 126 231 244 27 0 4 0 0 0 0 0 4 217 240 255 255 187 125 85 73 57 63 109 169 196 192 180 255 239 251 255 140 4 10 0 0 0 0 0 0 48 217 244 255 239 254 232 255 255 255 250 254 249 234 250 255 193 147 242 205 0 1 0 0 0 0 22 0 0 25 132 248 255 255 255 255 243 245 255 244 174 100 24 14 31 44 255 151 0 2 0 0 0 0 0 18 4 0 12 0 12 0 0 0 1 0 0 5 4 0 0 6 0 92 252 71 5 0 0 0 0 0 0 0 0 0 1 10 0 1 9 6 2 1 0 0 0 0 7 0 0 190 248 23 0 9 0 0 0 0 0 8 3 0 9 0 5 0 0 0 0 4 5 0 0 5 1 0 67 235 255 17 12 0 0 0 0 0 0 0 0 0 0 0 0 0 0 0 0 0 0 0 0 0 0 18 154 252 175 10 0 8 0 0 0 0 0 0 0 0 0 0 0 0 0 0 0 0 0 0 0 0 6 0 212 232 63 1 0 0 0 0 0 0 0 0 0 0 0 0 0 0 0 0 0 0 0 0 0 0 2 38 251 208 0 0 4 0 0 0 0 0 0 0 0 0 0 0 0 0 0 0 0 0 0 0 0 0 0 161 248 161 12 0 0 3 0 0 0 0 0 0 0 0 0 0 0 0 0 0 0 0 0 0 0 0 0 255 249 100 11 0 0 8 0 0 0 0 0 0 0 0 0 0 0 0 0 0 0 0 0 0 0 0 0 254 255 69 0 12 0 0 0 0 0 0 0 0 0 0 0 0 0 0 0 0 0 0 0 0 0 0 64 237 249 63 0 11 1 0 0 0 0 0 0 0 0 0 0 0 0 0 0 0 0 0 0 0 0 0 172 255 213 52 2 0 1 8 0 0 0 0 0 0 0 0 0 0 0 0 9 0 3 0 3 3 0 60 244 247 98 2 7 0 3 0 0 0 0 0 0 0 0 0 0 0 0 0 0 0 10 0 0 5 14 97 255 254 84 1 3 0 1 0 0 0 0 0 0 0 0 0 0 0 0 0 0 0 9 0 0 0 9 79 238 223 39 0 0 1 1 1 0 0 0 0 0 0 0 0 0 0 0 0 9 0 0 0 1 0 0 23 189 182 0 0 0 7 0 1 0 0 0 0
0 0 0 0 0 0 0 0 0 0 0 3 0 0 0 11 0 0 5 6 4 1 0 0 0 0 0 0 0 0 0 0 0 0 0 0 7 2 0 0 4 5 2 0 2 0 0 0 0 0 3 5 0 0 0 0 0 0 0 0 0 0 0 0 0 2 4 0 0 0 0 0 10 7 3 3 4 3 0 0 0 0 0 0 0 0 0 0 0 0 0 0 0 0 2 3 2 2 4 7 0 0 0 0 1 3 2 0 0 0 0 0 0 0 0 0 0 0 0 0 12 0 0 0 2 0 0 0 4 3 1 0 0 0 0 3 0 0 0 0 0 0 0 0 0 0 0 0 0 0 0 2 1 0 2 11 0 0 2 4 4 2 0 0 0 0 0 0 0 0 0 0 0 0 0 0 5 9 4 0 5 16 4 0 7 0 0 0 2 7 4 0 0 0 0 0 0 0 0 0 0 0 0 0 0 0 1 51 162 254 244 180 127 86 34 2 0 1 2 0 0 0 0 0 0 0 0 0 0 0 0 0 7 0 97 247 253 249 250 247 255 248 178 0 0 9 4 2 0 0 0 0 0 0 0 0 0 0 0 0 0 21 251 255 252 254 255 251 253 255 248 172 0 0 0 6 0 0 0 0 0 0 0 0 0 0 0 0 27 133 251 255 228 77 59 56 170 245 255 151 1 4 14 0 0 0 0 0 0 0 0 0 0 0 0 0 27 249 248 255 142 5 2 11 127 255 240 171 2 12 0 3 0 0 0 0 0 0 0 0 0 0 0 0 115 248 255 174 9 0 0 0 96 255 255 173 0 0 0 0 0 0 0 0 0 0 0 0 0 0 0 0 187 248 255 61 3 12 0 6 134 255 179 33 0 0 19 0 0 0 0 0 0 0 0 0 0 0 0 0 150 255 192 4 0 0 6 88 255 255 23 0 0 12 0 18 0 0 0 0 0 0 0 0 0 0 0 0 130 141 11 8 1 3 33 248 255 201 15 6 3 1 2 0 0 0 0 0 0 0 0 0 0 0 0 0 0 7 3 0 12 1 48 250 255 82 11 1 0 2 0 10 0 0 0 0 0 0 0 0 0 0 0 0 3 8 0 0 0 0 71 250 142 10 0 0 1 8 0 0 0 0 0 0 0 0 0 0 0 0 0 0 0 0 0 17 1 6 143 249 102 10 0 8 4 8 0 0 0 0 0 0 0 0 0 0 0 0 0 0 10 0 0 0 3 91 229 227 53 0 0 1 0 3 3 7 0 0 0 0 0 0 0 0 0 0 0 0 5 0 14 0 40 185 240 104 2 0 0 3 0 1 0 0 0 0 0 0 0 0 0 0 0 0 0 0 0 0 13 0 97 237 210 0 3 1 9 9 0 0 0 0 0 0 0 0 0 0 0 0 0 0 0 0 8 6 0 7 153 243 205 1 0 0 0 0 0 0 7 6 0 0 0 0 0 0 0 0 0 0 0 0 0 10 0 80 243 255 197 5 0 4 0 3 3 0 0 0 0 0 0 0 0 0 0 0 0 0 0 0 0 5 0 213 243 253 219 59 0 0 0 0 0 0 0 0 0 0 0 0 0 0 0 0 0 0 0 0 9 0 3 222 255 255 194 0 0 0 0 0 0 0 0 0 0 0 0 0 0 0 0 0 0 0 0 0 0 21 0 127 240 148 23 10 0 0 0 0 0 0 0 0 0 0 0 0 0 0 0 0 0 0 0 0 3 0 0 0 0 0 4 0 0 0 0 0 0 0 0 0 0 0 0 0
0 0 0 0 0 0 0 0 7 0 0 0 2 3 0 0 2 5 5 0 0 0 1 4 0 0 0 0 0 0 0 0 0 0 0 0 0 0 3 4 1 0 1 4 0 0 0 0 6 6 0 0 0 0 0 0 0 0 0 0 0 0 0 0 0 0 3 0 0 0 0 0 12 9 3 0 0 0 1 5 0 0 0 0 0 0 0 0 0 0 0 0 4 2 0 0 2 8 8 4 0 0 0 3 4 1 0 1 0 0 0 0 0 0 0 0 0 0 0 0 0 3 3 0 0 2 0 0 11 0 0 0 7 5 0 0 0 0 0 0 0 0 0 0 0 0 0 0 0 0 5 2 0 0 2 0 0 0 1 4 0 0 0 8 0 0 0 0 0 0 0 0 0 0 0 0 11 10 2 0 0 4 3 0 2 0 2 10 8 0 0 2 0 0 0 0 0 0 0 0 0 0 0 0 0 0 1 47 131 215 255 255 182 102 18 0 0 8 5 0 0 0 0 0 0 0 0 0 0 0 0 0 0 57 241 244 245 255 245 251 254 255 223 96 0 0 8 0 0 0 0 0 0 0 0 0 0 0 0 0 134 255 253 242 255 171 179 184 202 255 255 164 8 0 0 1 0 0 0 0 0 0 0 0 0 0 0 0 182 233 219 53 66 23 0 5 95 243 248 176 0 11 0 2 0 0 0 0 0 0 0 0 0 0 0 0 70 223 42 9 0 6 0 4 110 255 253 177 0 5 0 0 0 0 0 0 0 0 0 0 0 0 0 0 2 0 0 0 0 6 7 0 158 255 255 163 13 0 0 8 0 0 0 0 0 0 0 0 0 0 0 0 7 0 3 19 0 23 0 2 143 239 255 98 1 0 7 0 0 0 0 0 0 0 0 0 0 0 0 0 1 0 8 0 0 0 22 5 194 253 255 48 0 8 10 0 0 0 0 0 0 0 0 0 0 0 0 0 0 14 0 6 8 7 0 75 255 239 214 28 0 0 0 10 0 0 0 0 0 0 0 0 0 0 0 0 0 0 1 0 0 0 11 195 242 255 24 0 0 4 0 1 0 0 0 0 0 0 0 0 0 0 0 0 0 6 0 18 0 1 63 237 255 198 35 4 5 0 0 0 0 0 0 0 0 0 0 0 0 0 0 0 0 0 7 0 0 0 139 254 235 52 3 0 0 0 1 5 0 0 0 0 0 0 0 0 0 0 0 0 0 0 14 0 0 63 215 255 182 0 3 1 0 0 0 0 0 0 0 0 0 0 0 0 0 0 0 0 0 12 0 9 0 192 255 250 100 0 8 10 0 4 0 0 0 0 0 0 0 0 0 0 0 0 0 0 3 5 0 0 38 239 255 174 9 0 0 0 0 3 4 0 0 0 0 0 0 0 0 0 0 0 0 0 4 0 2 9 148 233 239 88 3 7 3 2 6 0 1 0 0 0 0 0 0 0 0 0 0 0 0 0 0 0 9 74 241 255 241 66 3 0 0 0 9 0 1 1 0 0 0 0 0 0 0 0 0 0 0 0 0 8 14 129 248 255 182 0 0 0 0 0 0 0 0 0 0 0 0 0 0 0 0 0 0 0 0 0 0 6 0 255 246 201 18 1 0 0 0 0 0 0 0 0 0 0 0 0 0 0 0 0 0 0 0 0 6 0 31 170 239 65 0 1 0 0 0 0 0 0 0 0 0 0 0 0 0 0 0 0 0 0 0 0 0 14 0 0 10 0 0 9 0 0 0 0 0 0 0 0 0 0 0 0
0 13 0 14 7 0 10 0 0 3 3 0 0 1 3 0 1 2 1 0 0 0 1 3 0 0 0 0 0 0 7 0 0 22 0 0 0 0 0 3 2 0 0 0 0 0 0 0 2 3 1 0 0 0 0 0 0 20 8 0 12 0 0 20 9 1 0 5 5 0 1 10 9 5 3 2 3 2 0 0 0 0 0 0 2 0 0 0 0 0 30 0 4 0 0 0 0 0 0 2 0 0 0 0 0 0 2 3 0 0 0 0 14 0 20 0 13 1 0 6 0 0 3 3 5 6 0 0 0 3 6 5 1 0 0 1 0 0 0 0 0 0 0 0 14 0 8 12 4 0 0 0 0 3 6 6 0 0 1 4 2 0 0 0 0 0 0 0 8 0 1 8 0 75 233 70 49 23 7 10 6 0 0 3 8 2 0 0 0 5 6 5 0 0 0 0 0 0 8 0 0 27 188 226 255 225 213 226 205 148 118 127 136 105 64 34 20 14 5 0 0 0 0 0 0 10 0 0 12 0 17 112 251 255 255 254 249 251 255 255 255 254 252 246 255 210 194 14 0 0 0 0 0 6 0 0 16 0 0 21 2 37 63 75 109 163 194 193 214 204 230 255 248 234 255 175 0 0 0 0 0 5 0 0 4 4 0 0 0 11 8 0 0 9 12 0 19 0 18 23 70 255 248 178 0 0 0 0 0 3 2 0 0 3 11 6 1 0 0 0 0 0 0 0 6 11 1 12 146 255 242 58 0 0 0 0 0 0 6 8 0 0 3 0 5 0 0 7 9 2 0 5 0 0 0 135 248 255 120 5 0 0 0 0 5 0 0 4 2 0 0 0 0 4 4 0 0 0 0 0 0 14 131 255 255 203 0 10 0 0 0 0 5 0 0 0 0 3 5 5 0 0 1 0 0 2 7 8 9 123 255 253 189 17 0 1 0 0 0 0 0 7 9 0 0 0 0 0 7 0 0 5 2 0 0 23 203 255 243 158 5 0 7 2 0 0 0 0 0 0 0 0 0 0 0 0 0 0 0 10 4 0 49 208 246 235 105 0 4 8 0 9 0 0 0 0 0 0 0 0 0 0 0 0 4 1 5 0 0 84 242 252 229 51 0 15 0 0 8 0 0 0 0 0 0 0 0 0 0 0 0 0 0 0 10 12 105 252 255 225 52 0 0 4 0 0 17 0 0 0 0 0 0 0 0 0 0 0 0 0 0 0 5 173 249 241 218 49 0 12 0 0 15 5 0 6 0 0 0 0 0 0 0 0 0 0 0 0 16 0 179 251 235 204 0 5 14 3 0 0 9 0 0 4 0 0 0 0 0 0 0 0 0 0 0 0 0 180 255 234 203 0 0 0 0 7 11 0 0 0 5 0 0 0 0 0 0 0 0 0 0 0 0 0 86 249 253 211 4 1 0 8 1 0 0 4 19 4 0 0 0 0 0 0 0 0 0 0 0 0 0 0 215 251 231 39 0 6 4 0 3 0 6 8 0 0 5 3 0 0 0 0 4 1 0 0 9 0 8 114 246 255 208 16 7 0 14 4 0 0 0 0 0 0 0 0 0 0 0 0 0 1 3 0 8 0 0 58 255 206 95 0 1 1 0 0 0 0 0 0 0 0 0 0 0 0 0 0 0 1 6 0 3 5 0 7 0 0 0 8 5 7 0 11 0 0 0 0 0 0 0 0 0 0 0 0 3 0 3 0 0 4 2 0 8 10 0 2 0 2 0 7 0 0 0 0 0 0 0 0 0 0 0 0
0 0 0 0 0 0 0 0 0 0 0 0 0 0 0 0 0 0 0 0 0 0 0 0 0 0 0 0 0 0 0 0 0 0 0 0 0 0 0 0 0 0 0 0 0 0 0 0 0 0 0 0 0 0 0 0 0 0 0 0 0 0 0 0 0 0 0 0 0 0 0 0 0 0 0 0 0 0 0 0 0 0 0 0 0 0 0 0 0 0 0 0 0 0 0 0 0 0 0 0 0 0 0 0 0 0 0 0 0 0 0 0 0 0 0 0 0 0 0 0 0 0 0 0 0 0 0 0 0 0 0 0 0 0 0 0 0 0 0 0 0 0 0 0 0 0 0 0 0 0 0 0 0 0 0 0 0 0 0 0 0 0 0 0 0 0 0 0 0 0 0 0 0 0 0 0 0 0 0 0 0 0 0 0 0 0 0 0 0 0 0 0 0 0 0 0 0 0 0 0 0 0 0 0 0 0 0 0 0 0 0 0 0 0 0 0 0 0 0 0 0 0 0 0 3 0 1 0 5 2 0 9 0 3 2 0 0 0 11 15 123 127 125 55 7 1 0 9 0 0 0 0 0 16 0 0 0 59 133 106 127 105 132 208 255 248 238 250 252 239 255 216 189 7 0 0 0 0 0 0 3 107 156 241 255 219 255 255 254 246 246 255 255 255 255 255 255 216 233 255 250 0 6 11 0 0 0 0 16 232 255 255 247 169 148 140 150 165 134 59 11 15 21 10 0 3 43 249 254 7 0 0 0 0 0 0 0 160 147 43 20 8 0 3 0 0 0 0 0 0 2 2 10 8 64 255 247 5 0 1 0 0 0 0 0 0 10 0 0 0 0 14 3 0 0 8 14 7 0 0 0 0 174 255 255 0 16 0 0 0 0 0 15 0 1 5 0 13 0 0 0 4 1 0 0 0 2 3 5 18 255 255 206 0 5 0 0 0 0 0 0 1 4 0 0 0 0 8 0 0 3 7 6 3 0 0 0 20 250 250 127 9 0 7 0 0 0 0 0 0 0 0 0 0 0 0 0 1 2 0 0 0 0 0 0 7 255 254 85 0 3 5 0 0 0 0 0 0 0 0 0 0 0 0 0 0 1 0 0 0 1 0 3 122 252 204 17 5 0 0 0 0 0 0 0 0 0 0 0 0 0 0 0 0 0 1 3 3 2 1 23 234 241 126 0 8 0 9 0 0 0 0 0 0 0 0 0 0 0 0 1 0 0 1 3 2 0 0 46 255 255 88 19 6 0 0 0 0 0 0 0 0 0 0 0 0 0 0 3 0 0 1 1 0 0 1 144 255 222 12 0 0 11 11 0 0 0 0 0 0 0 0 0 0 0 0 4 0 0 1 0 0 0 8 165 247 152 10 0 7 4 0 0 0 0 0 0 0 0 0 0 0 0 0 3 0 0 3 0 0 5 20 211 240 47 0 0 9 4 2 0 0 0 0 0 0 0 0 0 0 0 0 2 0 1 5 0 0 10 29 250 243 0 5 5 0 0 5 0 0 0 0 0 0 0 0 0 0 0 0 0 6 0 5 0 8 0 109 249 247 0 0 0 5 0 1 0 0 0 0 0 0 0 0 0 0 0 0 9 1 0 4 0 0 17 174 253 227 1 0 0 0 0 9 0 0 0 0 0 0 0 0 0 0 0 0 6 0 0 9 0 0 5 137 255 206 38 9 2 0 0 0 0 0 0 0 0 0 0 0 0 0 0 0 0 6 0 2 3 9 0 35 121 65 0 0 0 5 4 2 0 0 0 0
0 0 0 0 0 0 0 0 0 0 0 0 0 0 0 0 0 0 12 10 0 3 0 0 0 0 0 0 0 0 0 0 0 0 0 0 0 0 0 0 0 0 0 0 15 10 6 0 0 8 0 1 0 0 0 0 0 0 0 0 0 0 0 0 0 0 0 0 0 0 0 0 0 0 0 7 1 0 0 6 0 0 0 0 0 0 0 0 0 0 0 0 0 0 0 0 0 0 0 0 15 0 7 20 0 0 10 2 0 0 0 0 0 0 0 0 0 0 0 0 0 0 0 0 0 0 0 0 0 0 0 0 0 10 14 0 0 0 0 0 0 0 0 0 0 0 0 0 0 0 0 0 0 0 0 0 0 15 0 0 9 0 0 7 0 0 0 0 0 0 0 0 0 0 0 0 0 0 0 0 0 0 0 0 2 1 0 8 3 0 11 0 0 0 0 0 0 0 0 0 0 0 0 0 0 0 0 0 0 0 0 0 0 15 91 149 153 230 226 33 0 0 0 0 4 3 0 0 12 0 0 18 169 231 242 237 219 210 155 132 203 240 255 247 255 237 232 75 0 0 0 0 0 0 0 4 2 0 11 94 228 255 239 255 254 254 249 255 255 251 249 250 255 184 59 3 0 0 0 0 2 6 0 0 0 0 100 255 249 255 150 90 123 161 159 158 81 196 255 232 184 0 0 7 0 0 0 0 0 6 2 5 7 0 91 250 255 143 24 0 6 10 0 8 39 242 241 229 20 0 0 7 0 0 0 0 1 5 0 0 2 16 88 201 158 9 0 9 0 0 0 19 209 255 235 65 0 1 21 0 0 0 0 0 0 1 0 2 5 0 0 10 16 0 9 0 0 0 28 130 255 239 99 0 0 0 0 4 0 0 0 0 6 1 0 0 0 1 3 0 0 5 0 0 19 3 91 239 242 180 0 15 7 1 0 0 0 0 0 0 1 0 2 5 0 0 6 0 0 3 3 2 0 68 245 255 234 84 9 0 12 0 11 0 0 0 0 0 0 0 0 0 0 0 0 0 0 0 0 6 0 159 251 248 84 25 0 0 10 0 0 1 0 0 0 0 0 0 0 0 0 0 0 0 13 7 2 0 13 238 255 182 14 0 0 0 3 0 0 6 0 0 0 0 0 0 0 0 0 0 0 0 0 0 0 0 124 255 213 61 0 0 8 4 0 1 2 0 0 0 0 0 0 0 0 0 0 0 0 0 0 16 0 112 255 255 119 6 2 9 8 0 0 5 1 0 0 0 0 0 0 0 0 0 0 0 0 0 0 0 11 212 255 178 13 0 5 0 0 0 0 2 1 0 0 0 0 0 0 0 0 0 0 0 0 0 11 0 144 255 233 99 4 8 0 0 0 6 3 0 0 8 0 0 0 0 0 0 0 0 0 0 0 0 0 99 238 250 185 13 6 0 1 1 5 7 3 0 0 3 0 0 0 0 0 0 0 0 0 0 0 0 0 255 251 255 139 0 3 2 4 0 0 0 0 5 2 0 0 0 0 0 0 0 0 6 2 0 0 7 132 255 251 123 21 0 0 0 0 0 0 0 0 0 0 0 0 0 0 0 3 0 0 1 2 3 15 32 244 243 135 17 0 0 15 8 0 0 0 0 0 0 0 0 0 0 0 0 7 0 0 0 0 0 10 24 227 183 71 0 0 0 1 0 0 0 0 0 0 0 0 0 0 0 0 0 3 1 1 2 0 0 0 0 0 3 0 0 3 0 1 2 0 0 0 0 0 0 0 0 0 0 0 0
0 0 0 0 0 0 0 0 0 8 0 0 1 0 0 5 0 0 4 5 4 1 0 0 0 0 0 0 0 0 0 0 0 0 0 0 6 0 0 4 4 5 2 0 1 1 0 0 0 0 2 12 0 0 0 0 0 0 0 0 0 0 0 0 0 0 1 6 0 0 3 0 0 3 7 8 5 2 0 0 0 0 0 0 0 0 0 0 0 0 0 0 21 7 0 0 4 8 3 0 0 0 0 0 1 5 3 0 0 0 0 0 0 0 0 0 0 0 0 0 0 3 0 0 4 1 0 2 5 6 6 6 4 1 0 0 0 0 0 0 0 0 0 0 0 0 0 0 0 5 4 0 4 0 0 7 0 0 1 0 0 0 2 11 0 0 0 0 0 0 0 0 0 0 0 0 12 0 2 5 0 0 11 0 14 8 3 3 5 4 0 0 0 0 0 0 0 0 0 0 0 0 0 0 0 14 93 96 8 28 134 170 252 246 249 255 247 182 78 0 0 0 0 0 0 0 0 0 3 8 5 0 5 207 255 160 144 238 245 247 251 249 255 255 255 242 231 87 0 0 0 0 3 3 1 0 0 0 0 0 78 255 244 251 255 243 233 115 105 32 49 113 113 255 255 162 0 0 0 0 1 0 2 2 0 0 6 25 210 255 255 251 165 53 35 0 3 6 0 16 136 246 255 142 0 0 0 0 1 0 0 6 2 0 14 38 255 254 234 81 13 11 0 9 3 0 35 114 237 255 245 46 0 0 0 0 6 0 0 4 1 0 0 16 210 242 129 0 0 0 0 0 0 0 67 255 255 254 88 8 0 0 0 0 4 0 0 2 0 0 0 0 0 9 0 2 10 0 18 5 7 96 235 255 247 59 0 0 0 0 0 0 0 0 0 1 1 0 0 2 6 0 10 15 0 0 0 0 107 219 255 238 70 0 14 0 0 0 0 0 0 2 4 0 0 0 0 0 0 18 0 0 13 0 27 216 255 247 165 44 0 0 0 2 0 0 0 0 0 6 3 0 0 4 0 0 0 0 5 9 0 30 169 247 255 128 31 12 0 0 3 0 0 0 0 0 7 0 0 0 0 4 5 4 19 0 0 1 6 121 255 255 167 63 0 0 0 0 7 2 0 0 0 0 2 0 0 6 2 0 0 0 0 8 13 66 207 255 233 255 75 16 0 0 0 0 5 0 0 0 0 0 0 0 8 11 0 0 2 0 9 0 0 126 246 251 255 192 26 3 0 4 0 0 1 0 0 0 0 0 0 2 2 0 0 5 11 3 0 0 103 224 255 251 171 59 0 0 1 4 0 0 3 0 0 0 0 0 0 5 0 0 6 7 0 0 0 116 222 242 240 131 0 12 0 0 3 1 0 0 1 4 0 0 0 0 0 7 0 0 15 0 0 23 119 255 253 255 154 0 0 0 3 7 4 1 1 0 0 2 0 0 0 0 0 12 0 0 7 0 17 118 255 255 252 121 0 0 5 3 0 3 0 0 3 0 0 3 0 0 0 0 4 1 0 5 0 0 91 249 251 255 131 0 0 9 0 6 0 0 0 0 0 0 0 0 0 0 0 0 0 1 1 3 0 0 98 251 247 169 48 0 3 7 0 2 0 0 0 0 0 0 0 0 0 0 0 0 6 4 0 0 0 18 120 249 131 45 0 2 4 0 0 2 0 0 0 0 0 0 0 0 0 0 0 0 0 0 6 16 13 0 0 7 7 0 0 9 0 0 5 0 0 0 0 0 0 0 0 0 0 0 0 0
0 6 0 0 0 0 9 1 5 4 0 0 0 5 4 0 0 0 0 0 0 0 0 0 0 0 0 0 0 10 0 0 5 2 12 0 0 0 0 0 2 4 2 0 0 0 0 0 0 0 0 0 0 0 0 0 0 0 0 0 11 0 5 4 1 1 3 4 1 0 0 0 0 0 0 0 0 0 0 0 0 0 0 0 9 0 7 0 8 0 2 2 3 0 0 2 5 3 6 12 0 0 0 0 0 0 0 0 0 0 0 0 0 0 0 0 0 9 8 0 4 0 0 0 0 0 0 0 0 0 0 0 0 0 0 0 0 0 0 0 5 2 13 13 4 2 0 0 0 3 6 5 6 7 4 0 0 0 0 0 0 0 0 0 0 0 0 0 0 0 0 0 0 15 0 9 0 5 8 0 0 0 0 0 0 0 0 0 0 0 0 0 0 0 0 0 0 17 0 0 53 214 196 143 140 149 129 78 39 31 34 30 0 0 0 0 0 0 0 0 0 0 0 0 0 5 0 0 49 236 255 255 251 255 244 251 255 253 253 253 198 163 171 100 0 0 25 0 0 0 0 0 2 2 0 0 8 124 231 228 83 169 249 255 239 243 252 254 252 247 255 244 109 1 0 14 0 0 0 0 1 0 3 1 0 49 240 255 65 10 14 26 34 44 28 29 42 113 238 250 95 7 7 0 0 0 0 0 0 0 2 6 7 33 214 255 138 9 0 4 3 0 0 3 0 69 232 246 84 0 18 0 0 0 0 0 0 7 0 0 0 14 90 132 31 0 15 10 0 5 0 16 18 184 255 231 57 0 0 8 0 0 0 0 0 7 0 0 0 6 0 13 5 0 2 0 0 12 3 0 0 207 253 217 0 2 0 3 0 0 0 0 0 0 0 9 4 5 0 0 1 0 5 9 6 0 0 0 39 220 250 226 3 0 0 4 0 0 0 0 10 0 0 14 0 0 12 2 0 6 0 0 1 0 2 8 45 255 248 116 0 1 8 0 0 0 0 0 0 0 0 0 0 0 0 0 5 0 0 0 11 4 0 3 120 255 254 38 0 0 3 0 0 0 0 0 0 0 0 0 0 0 0 0 0 4 2 0 0 0 4 27 245 253 202 9 2 0 0 0 0 0 0 0 0 0 0 0 0 0 0 0 0 8 2 0 0 0 9 29 253 232 162 0 0 0 12 0 0 0 0 0 0 0 0 0 0 0 0 0 0 8 0 4 1 0 0 18 242 255 136 3 11 0 4 0 0 0 0 0 0 0 0 0 0 0 0 0 1 5 0 5 3 4 0 56 255 255 53 0 18 0 0 3 0 0 0 0 0 0 0 0 0 0 0 0 0 0 0 3 0 2 0 148 247 255 15 0 4 3 0 7 0 0 0 0 0 0 0 0 0 0 0 0 1 0 4 1 0 2 0 229 255 245 39 6 0 13 0 0 0 0 0 0 0 0 0 0 0 0 0 0 10 0 4 0 1 7 0 255 250 156 0 0 0 5 0 3 0 0 0 0 0 0 0 0 0 0 0 0 0 2 4 0 0 2 82 239 255 85 0 2 14 0 0 0 0 0 0 0 0 0 0 0 0 0 0 0 5 0 0 0 0 1 98 255 255 138 37 2 0 0 10 7 0 0 0 0 0 0 0 0 0 0 0 0 2 0 3 2 0 0 45 170 247 87 0 0 8 3 0 0 0 0 0 0 0 0 0 0 0 0 0 0 0 4 8 0 1 0 0 19 0 0 8 19 5 0 6 8 0 0 0 0
0 0 0 0 0 0 0 0 2 0 0 2 0 0 0 5 0 0 0 0 0 7 6 0 0 0 0 0 0 0 0 0 0 0 0 0 3 0 0 3 2 0 0 0 2 2 5 8 2 0 0 8 0 0 0 0 0 0 0 0 0 0 0 0 2 0 0 3 4 0 0 0 2 0 0 0 1 0 0 0 0 0 0 0 0 0 0 0 0 0 0 0 0 0 0 0 1 1 0 0 0 0 0 0 0 14 12 0 0 0 0 0 0 0 0 0 0 0 0 0 1 0 0 0 0 0 2 1 0 7 7 0 0 0 0 0 0 0 0 0 0 0 0 0 0 0 0 0 1 4 3 0 0 0 0 0 8 0 0 3 13 9 7 12 0 0 0 0 0 0 0 0 0 0 0 0 0 1 7 3 0 0 2 2 0 7 8 0 0 0 0 0 0 0 0 0 0 0 0 0 0 0 0 0 114 131 144 143 140 141 144 144 143 210 213 112 15 0 3 0 0 0 0 0 0 0 1 0 0 0 8 15 254 245 241 255 249 255 252 255 250 246 255 249 22 0 0 5 0 0 0 0 0 1 2 0 0 0 4 10 180 255 255 236 243 255 255 239 255 251 255 238 26 17 3 0 0 0 0 0 0 2 3 1 0 0 0 3 0 10 60 128 137 24 2 23 115 236 255 255 9 0 2 0 0 0 0 0 0 0 2 1 0 0 0 0 8 0 14 0 0 0 5 0 153 255 249 153 0 0 3 1 0 0 0 0 0 0 0 0 0 0 0 0 3 0 2 2 0 6 4 92 255 255 235 12 1 12 0 4 0 0 0 0 0 0 0 0 0 0 0 0 0 15 8 0 0 0 26 212 241 255 136 10 1 0 0 0 0 0 0 0 0 0 0 0 0 1 1 0 0 6 0 0 0 6 103 250 255 215 19 21 0 4 7 0 0 0 0 0 3 1 0 0 0 0 0 0 2 0 0 3 6 78 252 255 250 76 13 0 1 9 0 8 0 0 0 0 0 0 0 0 0 0 0 0 0 5 0 2 44 223 244 251 110 13 0 10 0 0 7 0 0 0 0 0 0 0 0 0 0 0 0 0 8 0 3 0 195 234 255 213 33 0 0 9 0 0 11 0 0 0 0 0 0 0 0 0 0 0 0 0 0 0 0 77 221 255 244 95 0 0 4 5 0 1 8 0 0 0 0 0 0 0 0 0 0 0 0 0 1 5 10 188 250 255 164 9 3 8 3 0 0 6 1 0 0 0 0 0 0 0 0 0 0 0 0 0 0 5 10 255 247 190 9 0 3 4 0 0 1 2 0 1 0 0 0 0 0 0 0 0 0 0 0 0 9 19 190 251 252 50 9 2 0 0 0 0 2 0 0 7 0 0 0 0 0 0 0 0 0 0 0 0 0 83 255 253 123 0 7 0 0 3 7 5 0 0 0 1 0 0 0 0 0 0 0 0 0 0 0 0 0 153 247 238 79 3 0 7 2 0 0 0 0 6 8 0 0 0 0 0 0 0 0 0 0 0 0 0 0 194 250 229 24 1 5 2 0 0 0 0 0 0 0 0 0 0 0 0 0 0 0 0 0 0 0 0 69 255 228 105 3 11 1 0 0 0 0 0 0 0 0 0 0 0 0 0 0 0 0 0 0 0 0 0 166 247 142 3 0 0 0 11 0 0 0 0 0 0 0 0 0 0 0 0 0 0 0 0 0 0 0 0 0 6 2 4 16 0 7 0 0 0 0 0 0 0 0 0 0 0 0 0
0 0 0 0 0 0 0 0 0 0 0 0 0 0 0 0 0 1 8 0 0 0 1 4 0 0 0 0 0 0 0 0 0 0 0 0 0 0 0 0 4 6 1 0 14 0 0 6 0 6 3 0 0 0 0 0 0 0 0 0 0 0 0 0 5 1 0 0 0 0 0 0 0 8 0 12 6 2 0 15 0 0 0 0 0 0 0 0 0 0 0 0 0 0 5 4 0 0 5 11 1 2 0 0 0 0 0 5 0 0 0 0 0 0 0 0 0 0 0 0 0 2 4 5 3 0 0 0 1 0 15 10 0 1 15 0 0 0 0 0 0 0 0 0 0 0 0 0 9 0 0 0 1 9 9 5 0 4 0 0 1 2 0 2 0 0 0 0 0 0 0 0 0 0 0 0 0 0 6 6 0 0 0 2 12 11 0 16 0 4 0 7 0 0 0 0 0 0 0 0 0 0 0 0 120 158 187 168 104 39 4 0 0 11 159 255 19 0 18 0 0 0 0 0 3 2 0 18 0 2 8 84 255 240 255 255 243 239 197 142 138 157 233 255 37 0 0 6 0 0 0 0 0 0 12 0 0 0 5 199 247 250 242 226 250 255 253 252 255 246 255 231 0 11 1 0 0 0 0 0 0 0 15 0 14 10 85 255 249 129 28 5 50 105 156 223 243 255 237 181 7 9 0 0 0 0 0 0 15 2 0 0 0 16 227 255 177 29 0 12 9 4 0 0 48 255 245 76 0 0 8 1 0 0 0 0 0 0 4 12 0 13 255 234 40 0 0 8 0 0 10 2 63 255 255 0 4 0 14 0 0 0 0 0 6 0 0 0 2 40 223 246 12 17 14 1 4 0 0 60 232 242 251 3 16 1 0 0 0 0 0 0 2 0 15 2 1 0 0 0 0 0 0 0 20 0 0 77 255 255 219 14 0 0 1 1 0 0 0 0 0 0 7 2 0 8 9 3 5 1 6 0 0 0 13 60 255 243 73 0 3 6 1 1 0 0 0 0 0 0 0 0 0 0 0 0 1 0 5 0 0 1 11 64 246 255 0 3 2 1 0 2 0 0 0 0 0 0 0 0 0 0 0 0 0 0 2 0 3 3 0 122 255 220 3 0 0 1 0 3 0 0 0 0 0 0 0 0 0 0 0 0 7 0 0 0 4 6 26 222 255 146 6 3 0 4 2 1 0 0 0 0 0 0 0 0 0 0 0 0 8 0 3 0 3 0 82 255 241 63 0 9 0 5 0 0 0 0 0 0 0 0 0 0 0 0 0 0 0 0 7 1 2 3 152 248 210 11 0 10 3 1 0 0 0 0 0 0 0 0 0 0 0 0 0 0 0 0 2 0 0 52 237 254 152 0 0 5 3 0 0 5 0 0 0 0 0 0 0 0 0 0 0 0 3 9 0 0 0 116 255 248 63 4 0 0 2 0 2 3 0 0 0 0 0 0 0 0 0 0 0 0 0 8 0 7 3 148 230 195 0 6 0 0 4 0 5 0 0 0 0 0 0 0 0 0 0 0 0 0 0 7 0 0 11 211 240 199 0 0 0 0 0 0 0 0 0 0 0 0 0 0 0 0 0 0 0 0 9 11 0 0 0 200 255 169 0 0 0 0 0 0 0 0 0 0 0 0 0 0 0 0 0 0 0 0 1 0 0 21 0 149 242 105 0 0 0 0 0 0 0 0 0 0 0 0 0 0 0 0 0 0 0 0 0 25 0 0 0 4 0 0 0 0 0 0 0 0 0 0 0 0 0 0
0 0 0 0 2 2 1 0 5 0 0 7 6 0 0 1 0 0 0 0 0 0 1 3 0 0 0 0 2 0 0 0 0 0 0 0 0 1 1 0 0 7 9 2 4 3 3 1 0 0 0 0 0 0 0 0 3 2 0 0 0 0 0 0 3 2 1 0 0 0 0 0 0 0 0 0 0 1 0 0 0 0 0 0 0 1 2 1 1 1 2 3 0 0 0 1 2 1 0 0 0 0 0 0 2 3 2 1 0 0 0 0 0 1 4 4 1 0 0 0 0 7 6 0 0 5 5 0 5 3 2 1 1 1 0 0 0 0 0 0 0 2 4 3 0 0 0 0 3 0 0 0 0 0 0 12 0 0 0 0 0 0 0 0 0 0 0 0 0 1 3 1 0 0 4 10 0 3 7 6 5 5 1 0 1 5 8 5 0 0 0 3 0 0 0 0 0 1 1 0 0 6 17 27 170 242 238 152 123 157 121 26 32 36 35 24 8 0 0 0 0 0 0 0 0 6 0 0 11 31 216 250 247 254 251 255 248 255 243 255 255 250 255 251 65 8 0 0 0 0 0 0 4 1 2 0 11 173 255 255 255 255 253 248 247 255 250 253 254 248 246 255 94 4 0 0 0 0 0 0 0 0 18 0 4 204 255 243 242 242 255 243 230 234 243 250 243 255 253 255 109 2 0 11 0 0 0 0 2 5 0 0 0 103 231 213 151 112 90 20 0 8 60 92 172 255 254 241 97 0 0 4 0 0 0 0 1 0 0 5 5 0 56 0 9 0 3 0 6 2 1 0 143 242 255 254 101 4 3 0 0 0 0 0 8 0 0 5 0 0 21 0 2 0 1 0 10 0 0 7 217 255 252 255 82 6 3 1 0 0 0 0 0 0 6 13 0 6 0 0 0 5 0 0 0 0 11 97 255 255 242 237 20 0 0 0 0 0 0 0 3 2 0 0 8 0 3 5 0 7 0 0 3 0 0 100 242 253 254 238 0 2 10 0 0 0 0 0 0 0 0 0 0 0 0 0 3 1 0 0 4 0 1 201 254 244 255 126 3 4 0 3 0 0 0 0 0 0 0 0 0 0 0 0 0 2 0 0 4 4 0 204 255 246 255 32 0 1 9 0 0 0 0 0 0 0 0 0 0 0 0 0 0 8 0 0 8 7 0 210 249 250 255 2 0 0 1 3 0 0 0 0 0 0 0 0 0 0 0 0 1 7 0 0 6 0 0 216 244 250 255 30 6 0 0 8 0 0 0 0 0 0 0 0 0 0 0 0 0 0 0 2 1 0 35 227 255 247 231 23 0 0 0 0 0 0 0 0 0 0 0 0 0 0 0 0 0 0 0 5 4 0 119 248 255 249 212 7 0 0 16 0 0 0 0 0 0 0 0 0 0 0 0 0 2 0 5 1 5 24 213 255 242 253 157 1 6 0 3 0 0 0 0 0 0 0 0 0 0 0 0 0 0 0 6 0 0 40 255 252 255 254 67 0 4 13 0 8 0 0 0 0 0 0 0 0 0 0 0 0 0 5 1 0 4 33 255 244 243 202 2 1 0 4 0 0 0 0 0 0 0 0 0 0 0 0 0 0 0 0 1 7 3 27 239 255 255 192 4 0 0 2 0 3 0 0 0 0 0 0 0 0 0 0 0 0 14 0 0 0 0 26 189 248 166 92 0 0 7 5 0 2 0 0 0 0 0 0 0 0 0 0 0 0 0 0 2 19 5 0 0 0 24 0 0 3 9 2 0 2 0 0 0 0
0 0 0 0 0 0 0 0 0 0 0 6 4 0 0 5 8 5 0 0 0 5 2 0 0 0 0 0 0 0 0 0 0 0 0 0 20 9 0 0 0 2 3 2 0 0 3 3 1 1 0 0 0 0 0 0 0 0 0 0 0 0 0 0 0 0 0 0 3 7 0 0 7 9 6 0 0 0 1 5 0 0 0 0 0 0 0 0 0 0 0 0 5 7 9 6 1 0 0 2 0 0 0 0 3 4 0 0 0 0 0 0 0 0 0 0 0 0 0 0 0 0 0 3 1 0 0 3 6 4 2 2 3 2 0 0 0 0 0 0 0 0 0 0 0 0 0 0 13 3 0 0 2 1 0 1 0 0 0 1 0 0 0 8 0 0 0 0 0 0 0 0 0 0 0 0 0 3 9 0 0 3 8 3 4 0 0 4 7 2 0 0 0 0 0 0 0 0 0 0 0 0 0 0 23 124 220 250 254 255 244 214 184 118 40 0 0 0 3 3 0 0 0 0 0 0 2 3 0 0 12 29 210 255 255 246 221 254 255 250 247 255 246 134 0 3 0 0 0 0 0 0 0 0 2 3 0 0 1 11 211 114 11 0 0 0 4 33 99 146 238 252 0 0 6 10 0 0 0 0 0 0 1 3 0 0 0 0 3 0 0 15 8 0 0 8 3 17 163 255 80 9 1 0 0 0 0 0 0 0 0 2 4 2 0 0 0 11 8 0 0 3 8 0 0 0 165 246 87 0 0 6 0 0 0 0 1 0 0 0 2 5 4 2 0 0 0 0 7 7 3 0 9 42 229 246 4 2 0 7 0 0 0 0 2 3 0 0 0 1 1 0 0 0 10 1 0 0 0 4 1 120 255 138 0 14 0 0 0 0 0 0 0 4 3 0 0 0 0 0 8 2 0 0 0 3 12 0 29 202 241 25 4 0 0 4 0 0 0 0 0 3 6 1 0 2 2 0 0 0 7 2 13 0 0 0 147 255 178 3 0 4 12 0 0 0 0 0 0 0 0 0 0 0 0 0 2 4 0 0 7 0 1 78 227 213 27 0 5 8 0 7 0 0 0 0 0 0 0 0 0 0 0 0 0 11 0 0 0 0 29 248 255 98 0 0 5 0 0 3 0 0 0 0 0 0 0 0 0 0 0 0 4 0 17 0 4 1 182 237 142 0 3 0 0 0 7 0 0 0 0 0 0 0 0 0 0 0 0 0 3 0 0 20 6 85 244 219 7 0 24 0 2 6 0 0 0 0 0 0 0 0 0 0 0 0 0 0 11 0 0 0 66 255 236 30 0 3 0 0 13 2 0 8 0 0 0 0 0 0 0 0 0 0 0 0 0 16 0 65 255 229 41 0 5 9 0 11 0 0 2 0 0 0 0 0 0 0 0 0 0 0 0 0 0 17 0 182 255 132 9 0 0 5 2 11 0 0 10 0 0 0 0 0 0 0 0 0 0 0 0 0 8 0 113 255 220 15 0 4 3 7 0 0 8 3 0 5 0 0 0 0 0 0 0 0 0 0 0 0 6 0 183 255 75 3 6 2 0 0 0 0 0 0 0 0 0 0 0 0 0 0 0 0 0 0 0 0 0 1 255 200 0 0 0 0 0 0 0 0 0 0 0 0 0 0 0 0 0 0 0 0 0 0 0 0 13 2 203 116 0 16 5 6 0 0 0 0 0 0 0 0 0 0 0 0 0 0 0 0 0 0 0 0 0 0 24 2 0 0 0 0 0 0 0 0 0 0 0 0 0 0 0 0
3 4 2 0 0 2 4 3 0 2 2 0 0 4 7 5 1 0 0 0 3 1 0 0 0 0 0 0 0 0 1 7 7 1 0 0 1 4 5 2 0 0 0 0 0 7 12 2 0 0 6 5 0 0 0 0 4 0 0 0 0 0 0 4 0 0 0 5 7 6 5 7 3 0 0 1 1 0 0 5 0 0 0 0 3 1 0 0 0 0 1 3 4 0 0 0 0 0 0 0 12 0 0 3 3 0 0 0 0 0 0 0 0 4 8 3 3 8 4 0 4 0 0 0 1 1 1 2 0 0 4 0 0 4 9 2 0 0 0 0 0 2 0 0 0 0 2 0 0 0 0 0 3 7 4 0 12 0 0 1 5 0 0 0 0 0 0 0 5 0 0 5 5 0 0 5 2 5 0 0 0 7 8 0 0 0 0 0 0 0 3 15 0 0 0 0 0 0 14 51 51 14 0 0 0 5 1 0 19 61 84 82 176 255 250 118 9 0 7 0 0 0 0 0 6 0 54 204 238 70 0 0 0 0 15 48 159 255 254 251 255 247 251 225 12 2 0 5 0 0 0 0 0 0 78 255 252 240 249 244 123 236 233 235 254 236 252 254 250 252 255 255 126 10 6 0 0 0 0 0 4 4 72 255 245 252 248 235 249 255 253 255 255 255 255 246 255 250 247 242 174 0 8 0 0 0 0 0 0 0 18 135 250 255 255 255 255 242 239 255 251 212 200 215 253 250 254 250 165 0 8 0 0 0 0 0 0 15 0 0 119 128 123 120 141 214 133 138 132 1 0 59 255 253 255 247 78 1 5 1 0 0 0 0 0 5 3 0 16 5 0 0 0 43 0 0 21 0 0 59 255 251 255 228 0 1 0 6 0 0 0 0 7 0 1 9 0 0 0 17 5 0 15 2 0 9 12 52 244 252 255 247 7 12 0 0 0 0 0 0 3 0 6 0 6 5 3 0 5 1 0 9 3 0 11 50 255 255 248 224 10 0 0 13 0 0 0 0 0 0 0 0 0 0 0 0 5 0 3 0 0 5 12 38 253 254 252 234 0 0 4 0 0 0 0 0 0 0 0 0 0 0 0 0 2 0 5 0 0 4 1 75 253 254 252 234 0 0 4 0 0 0 0 0 0 0 0 0 0 0 0 0 2 0 0 9 2 0 2 196 253 254 252 234 0 0 4 0 0 0 0 0 0 0 0 0 0 0 0 0 0 0 0 4 3 0 2 251 253 254 252 234 0 0 4 0 0 0 0 0 0 0 0 0 0 0 0 0 0 9 0 0 0 10 0 215 253 254 252 234 0 0 4 0 0 0 0 0 0 0 0 0 0 0 0 0 2 1 0 1 5 0 8 231 253 254 252 234 0 0 4 0 0 0 0 0 0 0 0 0 0 0 0 0 3 0 0 8 10 0 14 198 253 254 252 234 0 0 4 0 0 0 0 0 0 0 0 0 0 0 0 0 0 10 6 0 4 3 0 55 253 254 252 234 0 0 4 0 0 0 0 0 0 0 0 0 0 0 0 0 0 0 1 4 0 0 12 37 245 241 247 249 0 0 1 2 0 0 0 0 0 0 0 0 0 0 0 0 3 0 0 2 0 0 1 15 97 240 255 211 14 10 0 0 0 0 0 0 0 0 0 0 0 0 0 0 6 0 0 1 2 0 0 0 0 96 244 243 7 0 23 0 0 0 0 0 0 0 0 0 0 0 0 0 5 0 0 2 5 1 0 0 3 21 0 0 0 1 0 9 0 0 0 0
0 0 0 0 0 0 0 1 1 1 0 1 6 0 0 5 0 10 0 2 4 0 1 2 0 0 0 0 0 0 0 0 0 0 0 0 6 0 0 0 9 3 2 0 0 1 0 0 7 4 0 0 0 0 0 0 0 0 0 0 0 0 0 0 1 0 5 0 0 0 9 2 4 7 7 0 0 0 0 9 0 0 0 0 0 0 1 1 1 0 0 0 0 0 17 5 10 0 12 0 0 0 7 2 4 4 0 1 0 0 0 0 0 0 1 1 1 0 0 0 4 0 0 0 1 0 7 0 19 12 2 0 3 7 0 3 0 0 0 0 0 0 0 0 0 1 2 3 0 5 4 4 3 0 0 8 0 1 0 0 1 0 2 6 0 0 0 0 1 0 0 0 0 1 5 7 0 14 0 1 4 2 0 13 1 24 0 9 14 0 6 0 0 0 0 0 1 0 0 0 0 2 6 9 208 144 6 0 39 101 104 167 255 193 31 0 0 0 25 0 0 0 0 0 0 7 1 0 5 0 0 169 255 221 135 222 234 255 252 255 255 250 239 106 1 0 0 0 0 0 0 0 5 0 0 3 4 0 28 241 247 255 255 253 253 243 244 251 243 250 255 240 38 0 0 9 0 0 0 0 13 0 0 0 0 0 53 255 255 235 187 111 104 88 83 96 108 116 203 255 147 0 3 0 0 0 0 0 0 0 6 0 6 7 126 255 255 116 26 0 0 5 0 12 0 4 113 239 251 11 4 0 0 0 0 0 0 5 7 0 3 4 184 249 197 23 0 3 3 7 0 9 0 1 110 252 255 8 0 6 0 0 0 0 1 7 0 0 0 35 231 254 137 0 7 0 5 0 0 0 4 0 167 255 254 1 10 0 0 0 0 0 0 0 0 5 13 146 255 240 74 1 6 0 1 0 10 3 0 7 226 251 246 17 18 0 0 0 0 0 0 7 0 6 4 211 243 136 0 4 0 3 0 10 0 1 0 73 244 240 183 16 0 19 0 0 0 0 8 0 0 4 7 255 203 21 0 6 0 0 13 6 1 5 0 115 255 255 46 6 0 0 0 0 0 0 0 0 20 0 3 211 36 4 4 8 0 0 0 0 0 0 12 217 227 227 17 0 22 0 0 0 0 0 0 11 0 0 7 87 0 4 0 0 2 2 3 5 4 4 0 218 254 46 2 0 6 0 0 0 0 0 5 12 0 7 8 0 20 2 5 0 3 1 0 0 0 0 63 255 249 15 7 6 15 0 0 0 0 0 8 0 6 6 0 0 9 0 13 0 0 0 0 2 3 34 157 233 185 12 0 0 3 0 0 0 0 0 0 0 3 0 0 20 0 0 1 0 4 3 10 5 3 69 239 255 146 0 8 11 0 16 0 0 0 0 0 18 0 0 0 8 0 9 0 0 11 0 3 0 0 98 253 255 40 7 0 3 0 0 0 0 0 0 7 0 3 7 4 0 0 0 2 2 6 0 4 3 42 203 253 46 8 1 5 0 11 4 0 0 0 0 0 0 0 0 0 0 0 0 0 10 0 1 1 2 195 253 255 36 0 7 0 9 0 5 0 0 0 0 0 0 0 0 0 0 0 0 17 0 0 6 0 25 226 242 146 3 0 8 0 9 0 0 0 0 0 0 0 0 0 0 0 0 0 0 0 0 28 5 0 92 255 124 34 0 0 8 0 4 3 0 0 0 0 0 0 0 0 0 0 0 0 0 11 7 0 0 21 0 3 0 0 0 2 6 0 0 5 0 0 0 0 0
0 0 0 0 0 0 0 0 0 13 0 0 11 4 0 7 0 0 0 0 0 0 0 0 0 0 0 0 0 0 0 0 0 0 0 0 17 0 0 4 0 0 8 0 0 0 0 0 0 0 0 0 0 0 0 0 0 0 0 0 0 0 0 0 0 0 6 4 0 0 0 11 0 0 0 0 0 0 0 0 0 0 0 0 0 0 0 0 0 0 0 0 10 0 5 10 0 2 3 0 0 0 0 0 0 0 0 0 0 0 0 0 0 0 0 0 0 0 0 0 0 1 0 0 1 9 0 14 0 0 0 0 0 0 0 0 0 0 0 0 0 0 0 0 0 0 0 0 2 0 16 0 0 16 0 0 0 0 0 0 0 0 0 0 0 0 0 0 0 0 0 0 0 0 0 0 0 37 209 189 5 0 21 0 0 0 0 0 0 0 0 0 0 0 0 0 0 0 0 0 0 0 0 0 6 136 255 246 201 131 27 14 0 0 0 0 0 0 0 0 0 0 0 0 0 0 0 0 0 0 0 0 2 132 249 255 251 253 246 255 248 147 35 0 9 1 0 9 0 0 0 0 0 0 0 0 0 0 0 0 0 152 252 183 120 133 191 226 242 250 188 14 0 5 0 0 0 0 0 0 0 0 0 0 0 0 0 0 0 143 255 224 112 1 0 0 127 249 248 2 0 9 4 0 0 0 0 0 0 0 0 0 0 0 0 0 0 49 124 144 104 5 1 8 109 246 210 0 0 4 0 0 0 0 0 0 0 0 0 0 0 0 0 0 4 2 0 0 0 0 1 0 192 255 135 0 0 0 0 7 0 0 0 0 0 0 0 0 0 0 0 0 0 3 6 0 7 10 0 13 227 254 62 2 0 0 1 7 0 0 0 0 0 0 0 0 0 0 0 0 9 0 0 3 0 0 0 111 250 217 29 10 1 5 0 0 0 0 0 0 0 0 0 0 0 0 0 0 1 0 0 6 0 13 2 177 255 168 0 0 0 9 0 1 0 0 0 0 0 0 0 0 0 0 0 0 3 0 6 11 0 2 75 251 244 48 11 6 0 0 7 0 0 0 0 0 0 0 0 0 0 0 0 0 0 0 4 0 0 3 142 252 151 0 0 0 0 2 6 0 0 0 0 0 0 0 0 0 0 0 0 0 1 4 0 0 8 0 213 255 114 14 3 2 2 1 0 0 0 0 0 0 0 0 0 0 0 0 0 0 3 0 0 0 5 22 247 248 51 4 0 0 0 1 0 6 0 0 0 0 0 0 0 0 0 0 0 0 1 0 6 0 0 108 253 183 0 0 0 2 5 6 0 1 0 0 0 0 0 0 0 0 0 0 0 0 0 0 12 0 3 212 255 107 4 15 6 7 2 4 0 1 0 0 0 0 0 0 0 0 0 0 0 0 0 0 7 0 4 255 253 84 0 5 0 0 0 1 1 11 0 0 0 0 0 0 0 0 0 0 0 0 6 0 0 0 2 246 249 105 0 9 0 13 0 7 0 0 0 0 0 0 0 0 0 0 0 0 0 0 0 13 0 0 2 225 255 154 37 52 0 0 5 0 0 5 0 0 0 0 0 0 0 0 0 0 0 0 0 0 20 1 0 76 225 255 255 190 32 0 0 4 3 0 0 0 0 0 0 0 0 0 0 0 0 0 9 0 15 0 7 0 15 0 0 19 0 9 15 0 0 0 0 0 0 0 0 0 0 0 0 0 0 0 12 0 0 0 4 11 13 0 0 14 0 0 0 0 1 12 0 0 0 0
0 0 0 0 0 0 0 0 0 0 0 0 0 0 0 0 0 0 3 2 3 3 0 0 0 0 0 0 0 0 0 0 0 0 0 0 0 0 0 0 0 0 0 0 0 9 0 0 0 0 5 0 0 0 0 0 0 0 0 0 0 0 0 0 0 0 0 0 0 0 0 0 5 0 0 15 16 0 0 0 0 0 0 0 0 0 0 0 0 0 0 0 0 0 0 0 0 0 0 0 0 5 2 0 0 1 8 0 0 0 0 0 0 0 0 0 0 0 0 0 0 0 0 0 0 0 0 0 0 0 15 6 2 8 0 6 0 0 0 0 0 0 0 0 0 0 0 0 0 0 0 0 0 0 0 0 8 0 0 0 0 0 0 5 0 0 0 0 0 0 0 0 0 0 0 0 0 0 0 0 0 0 0 0 0 12 0 7 17 6 18 0 0 0 0 0 0 0 0 0 0 0 0 0 0 0 0 0 0 0 0 0 4 0 10 208 230 53 13 0 0 0 0 0 0 14 0 0 14 1 0 9 1 0 0 5 6 0 7 0 9 0 135 249 251 48 0 7 0 0 0 0 0 7 0 0 3 0 16 95 222 96 0 0 0 6 14 17 84 24 241 255 240 25 9 0 0 0 0 0 0 3 0 0 0 1 96 241 255 181 122 136 153 215 221 215 255 172 249 252 208 7 0 8 0 0 0 0 0 0 0 3 2 11 112 255 250 255 255 255 232 253 255 248 176 255 249 255 97 9 0 2 0 0 0 0 0 0 0 5 2 0 33 105 197 232 243 255 237 168 155 113 97 244 253 255 23 3 8 0 0 0 0 0 3 3 0 1 2 0 0 4 0 12 0 0 19 0 8 8 229 245 228 135 24 0 0 15 0 0 0 0 7 4 0 0 3 5 3 3 0 9 9 0 2 0 0 79 248 255 199 4 2 2 0 7 0 0 0 0 0 0 1 2 1 0 0 0 8 0 5 1 2 0 3 210 255 237 124 0 0 5 8 0 0 0 0 0 0 0 0 0 0 0 0 0 1 2 0 10 0 0 59 245 255 206 1 0 5 0 3 0 0 0 0 0 0 0 0 0 0 0 0 0 0 1 0 0 18 30 189 255 248 77 4 2 0 5 2 0 0 0 0 0 0 0 0 0 0 0 0 0 1 0 2 0 0 79 248 245 169 0 6 0 0 4 3 0 0 0 0 0 0 0 0 0 0 0 0 0 0 0 1 16 0 177 255 248 43 0 4 0 9 0 4 0 0 0 0 0 0 0 0 0 0 0 0 0 3 1 0 2 66 246 255 166 0 11 0 0 10 0 1 0 0 0 0 0 0 0 0 0 0 0 0 0 4 3 0 0 180 253 238 33 1 0 0 5 0 7 0 3 0 0 0 0 0 0 0 0 0 0 0 0 0 0 7 87 255 255 189 1 10 0 0 2 0 8 0 2 0 0 0 0 0 0 0 0 0 0 0 0 1 0 44 207 246 244 82 0 0 22 0 0 10 0 0 0 0 0 0 0 0 0 0 0 0 0 0 0 6 0 100 255 239 117 13 0 0 0 0 0 0 0 0 0 0 0 0 0 0 0 0 0 0 0 0 0 0 0 171 237 230 16 0 0 0 0 0 0 0 0 0 0 0 0 0 0 0 0 0 0 0 0 0 0 8 6 121 147 130 0 0 10 0 0 0 0 0 0 0 0 0 0 0 0 0 0 0 0 0 0 0 0 0 0 0 19 0 4 0 0 0 0 0 0 0 0 0 0 0 0 0 0
0 0 0 0 0 0 0 0 0 0 0 0 0 0 0 0 0 0 0 0 0 0 0 0 0 0 0 0 0 0 0 0 0 0 0 0 0 0 0 0 0 0 0 0 0 0 0 0 0 0 0 0 0 0 0 0 0 0 0 0 0 0 0 0 0 0 0 0 0 0 0 0 0 0 0 0 0 0 0 0 0 0 0 0 0 0 0 0 0 0 0 0 0 0 0 0 0 0 0 0 0 0 0 0 0 0 0 0 0 0 0 0 0 0 0 0 0 0 0 0 0 0 0 0 0 0 0 0 0 0 0 0 0 0 0 0 0 0 0 0 0 0 0 0 0 0 0 0 0 0 0 0 0 0 0 0 0 0 0 0 0 0 0 0 0 0 0 0 0 0 0 0 0 0 0 0 0 0 0 0 0 0 0 0 0 0 0 0 0 0 0 0 0 0 0 0 0 0 0 0 0 0 0 0 0 0 0 0 0 0 0 0 0 0 0 0 0 0 0 0 0 0 0 0 8 0 9 154 228 164 161 198 128 144 227 201 125 130 137 138 131 34 28 6 0 0 4 0 0 0 0 0 0 3 130 198 255 231 255 240 255 237 255 255 238 255 253 241 255 251 230 160 96 23 0 10 0 0 0 0 5 1 215 117 208 241 119 195 225 202 219 210 206 226 220 226 251 255 252 255 240 126 0 0 0 0 0 0 0 0 1 0 0 0 7 4 0 0 9 2 0 0 0 19 82 68 121 238 238 197 32 0 0 0 0 0 8 1 0 24 8 3 0 0 2 0 3 4 11 3 0 9 1 14 0 106 254 255 0 0 0 0 0 0 0 18 0 0 11 0 0 20 0 0 0 0 2 0 0 2 0 0 80 205 238 174 0 11 0 0 0 0 0 0 9 10 0 0 16 0 0 3 3 4 0 0 5 9 4 29 177 255 255 89 0 1 0 0 0 0 0 11 0 0 4 8 0 4 0 0 0 0 0 1 5 0 0 115 255 237 213 8 4 0 0 0 0 0 0 0 0 0 0 0 0 0 4 0 5 0 3 0 14 0 18 224 239 226 23 0 11 0 0 0 0 0 0 0 0 0 0 0 0 0 4 1 5 0 2 0 0 24 215 255 206 28 0 0 0 9 0 0 0 0 0 0 0 0 0 0 0 0 0 6 2 0 9 0 14 127 255 239 104 0 3 4 0 0 0 0 0 0 0 0 0 0 0 0 0 0 0 4 0 0 7 0 99 240 236 125 8 17 0 1 4 4 0 0 0 0 0 0 0 0 0 0 0 0 0 1 1 1 0 0 170 255 223 15 3 0 0 2 0 7 0 0 0 0 0 0 0 0 0 0 0 0 0 0 4 3 0 51 217 243 108 0 4 0 25 0 0 0 0 0 0 0 0 0 0 0 0 0 0 0 0 0 2 2 11 161 246 220 8 20 0 0 3 0 6 4 0 0 0 0 0 0 0 0 0 0 0 0 5 2 0 0 24 248 254 209 1 0 10 0 0 6 0 1 0 0 0 0 0 0 0 0 0 0 0 0 2 0 3 12 0 226 254 195 14 0 21 0 0 1 8 2 0 0 0 0 0 0 0 0 0 0 0 0 0 7 2 0 5 48 255 255 167 22 0 8 6 0 7 0 0 0 0 0 0 0 0 0 0 0 0 0 4 0 0 2 0 0 124 232 255 133 4 3 0 0 9 0 0 0 0 0 0 0 0 0 0 0 0 0 6 0 0 10 0 25 0 132 254 238 44 0 0 0 0 3 0 0 0 0
0 0 0 0 0 0 0 0 0 0 0 11 5 9 0 0 0 0 0 0 0 0 0 0 0 0 0 0 0 0 0 0 0 0 0 0 5 1 9 0 0 0 10 5 0 0 0 0 0 0 0 0 0 0 0 0 0 0 0 0 0 0 0 0 0 7 2 0 13 7 0 4 0 0 0 0 0 0 0 0 0 0 0 0 0 0 0 0 0 0 0 0 2 2 0 7 0 2 0 8 0 0 0 0 0 0 0 0 0 0 0 0 0 0 0 0 0 0 0 0 11 0 8 22 0 0 5 0 0 0 0 0 0 0 0 0 0 0 0 0 0 0 0 0 0 0 0 0 0 5 2 0 12 5 4 0 0 0 0 0 0 0 0 0 0 0 0 0 0 0 0 0 0 0 0 0 0 3 1 14 0 0 0 9 0 0 0 0 0 0 0 0 0 0 0 0 0 0 0 0 0 0 0 0 8 0 98 241 13 5 10 0 0 0 0 0 0 0 0 0 0 0 0 0 0 0 0 0 0 0 0 0 8 0 172 255 156 0 18 0 20 0 16 3 0 13 0 6 0 0 0 0 0 0 0 0 0 0 0 0 0 25 240 255 255 43 0 0 0 33 0 182 180 0 14 0 0 0 0 0 0 0 0 0 0 0 0 0 0 103 251 254 240 150 1 9 0 0 146 255 204 8 0 0 0 0 0 0 0 0 0 0 0 0 0 0 0 150 255 241 255 255 101 65 105 237 234 248 117 0 13 4 0 0 0 0 0 0 0 0 0 0 0 0 0 149 255 235 58 198 255 244 243 140 219 240 159 0 0 1 0 0 0 0 0 0 0 0 0 0 0 0 11 238 245 218 0 11 36 182 32 0 246 255 22 0 12 0 0 0 0 0 0 0 0 0 0 0 0 0 0 242 245 50 5 13 11 0 0 56 243 103 9 0 0 4 0 0 0 0 0 0 0 0 0 0 0 0 2 187 195 14 0 0 1 5 26 195 255 76 0 0 2 0 0 0 0 0 0 0 0 0 0 0 0 0 0 59 28 7 0 6 0 0 59 255 249 55 5 0 0 1 0 0 0 0 0 0 0 0 0 0 0 0 6 1 0 0 10 1 0 7 199 223 149 0 0 0 8 0 0 0 0 0 0 0 0 0 0 0 0 0 11 0 2 2 12 0 0 65 252 255 36 0 1 0 7 0 0 0 0 0 0 0 0 0 0 0 0 0 0 4 3 13 0 0 0 141 246 223 0 6 6 1 0 2 0 0 0 0 0 0 0 0 0 0 0 0 0 7 0 0 0 10 48 228 236 36 10 0 1 3 0 8 0 0 0 0 0 0 0 0 0 0 0 0 9 6 0 0 8 0 133 255 119 0 5 0 0 10 0 3 0 0 0 0 0 0 0 0 0 0 0 0 0 0 1 0 0 14 207 198 0 21 0 10 0 4 4 0 0 0 0 0 0 0 0 0 0 0 0 0 0 2 0 16 0 89 255 117 2 0 2 1 2 0 12 0 0 0 0 0 0 0 0 0 0 0 0 0 6 0 0 0 6 222 246 53 0 0 0 0 0 0 0 0 0 0 0 0 0 0 0 0 0 0 0 0 0 31 0 8 131 246 123 0 0 0 0 0 0 0 0 0 0 0 0 0 0 0 0 0 0 0 0 0 9 0 7 29 255 103 6 5 0 0 0 0 0 0 0 0 0 0 0 0 0 0 0 0 0 0 0 0 0 2 0 7 0 21 1 0 0 0 0 0 0 0 0 0 0 0 0 0
0 0 0 4 3 8 0 3 0 0 0 0 0 0 0 0 7 0 0 2 0 0 0 0 0 0 0 0 0 8 8 5 0 0 0 10 0 0 0 0 0 0 0 0 0 0 3 6 0 0 0 7 0 0 0 0 3 3 0 0 4 7 0 0 1 1 1 1 1 1 1 1 2 2 0 0 7 1 0 0 0 0 0 0 0 4 0 1 0 6 0 11 0 0 0 0 0 0 0 0 0 1 0 0 8 7 1 7 0 0 0 0 7 10 0 8 0 1 0 0 0 0 0 0 0 0 0 0 0 5 5 0 0 0 0 0 0 0 0 0 0 0 0 5 0 5 0 11 1 1 1 1 1 1 1 1 5 0 0 2 0 8 13 1 0 0 0 0 0 10 20 0 7 0 5 0 0 0 0 0 0 0 0 0 0 0 6 9 0 0 7 0 0 0 0 0 12 0 0 14 190 255 255 175 130 130 130 130 130 130 130 130 133 141 173 133 26 0 9 2 0 0 0 0 0 1 0 4 72 177 239 245 244 255 231 255 248 255 244 255 250 255 249 249 249 83 1 3 0 0 0 0 5 8 0 0 0 6 3 0 26 91 155 239 247 224 160 137 252 204 210 247 253 141 0 0 0 0 0 0 0 0 0 8 9 5 3 5 0 0 0 4 0 0 0 2 0 38 223 241 244 65 9 3 0 0 0 0 12 3 0 0 0 0 0 3 2 0 8 2 3 8 7 8 4 160 244 255 81 0 0 8 0 0 0 0 0 0 0 0 2 3 5 7 3 1 8 0 0 7 0 0 55 247 255 239 14 12 1 0 0 0 0 0 0 0 1 0 0 2 0 0 0 0 3 0 4 17 0 29 172 240 244 66 0 0 18 0 0 0 0 0 5 4 2 0 0 0 0 2 4 7 0 1 0 0 0 89 255 240 132 0 8 9 12 0 0 0 0 0 2 0 0 4 0 0 0 7 2 3 0 6 0 4 13 178 251 227 27 4 0 0 0 10 0 0 0 0 0 0 0 0 0 0 0 0 2 0 0 8 2 0 173 253 255 52 0 16 0 0 0 0 0 0 0 0 0 0 0 0 0 0 0 0 7 0 10 0 4 4 200 246 216 41 0 8 0 0 0 4 0 0 0 0 0 0 0 0 0 0 0 0 0 0 8 0 1 68 240 246 123 18 0 2 0 4 0 5 0 0 0 0 0 0 0 0 0 0 0 0 0 4 0 4 0 146 255 224 34 0 0 0 3 7 0 1 0 0 0 0 0 0 0 0 0 0 0 0 0 7 0 5 9 196 254 179 0 0 3 0 3 5 0 1 0 0 0 0 0 0 0 0 0 0 0 0 3 0 4 0 52 226 255 162 0 8 5 0 0 0 0 5 0 0 0 0 0 0 0 0 0 0 0 0 3 0 3 0 75 247 255 171 5 8 0 0 0 0 0 3 0 0 0 0 0 0 0 0 0 0 0 0 3 0 0 3 64 254 244 172 0 0 0 3 6 0 0 0 0 0 0 0 0 0 0 0 0 0 0 0 0 6 8 0 4 192 255 167 6 0 0 9 0 4 11 0 0 0 0 0 0 0 0 0 0 0 0 0 11 0 0 0 14 138 231 212 115 37 3 11 0 0 0 11 0 0 0 0 0 0 0 0 0 0 0 0 0 0 19 8 0 30 173 255 254 101 0 0 1 10 7 0 0 0 0 0 0 0 0 0 0 0 0 0 9 0 0 0 14 0 0 0 1 0 8 17 1 0 0 0 0 0 0 0
0 0 0 0 0 0 0 0 2 0 0 1 3 2 0 0 0 7 6 0 0 0 1 0 0 0 0 0 0 0 0 0 0 0 0 0 0 0 2 2 0 0 0 4 0 0 0 2 8 8 2 0 0 0 0 0 0 0 0 0 0 0 0 0 0 0 4 7 1 0 0 9 11 8 5 3 0 0 0 10 0 0 0 0 0 0 0 0 0 0 0 0 3 0 0 0 3 2 0 0 0 0 2 4 1 0 0 0 0 0 0 0 0 0 0 0 0 0 0 0 3 0 0 0 0 5 5 1 5 6 2 0 2 10 5 0 0 0 0 0 0 0 0 0 0 0 0 0 0 4 13 1 0 0 0 0 0 0 3 0 0 0 4 6 0 0 0 0 0 0 0 0 0 0 0 0 18 1 1 66 184 253 204 111 9 0 0 6 7 0 0 1 0 0 0 0 0 0 0 0 0 0 0 0 12 125 228 252 244 250 255 248 210 102 8 0 6 0 0 1 0 0 0 0 3 0 0 3 4 0 0 5 115 234 255 255 122 36 155 251 251 254 220 20 3 0 0 0 0 0 0 0 1 0 0 3 0 0 2 17 255 255 255 246 67 0 34 99 214 246 255 189 27 0 6 4 0 0 0 0 0 0 3 3 0 0 7 27 247 242 252 193 5 6 0 3 3 201 253 253 33 8 0 0 0 0 0 0 0 0 4 3 0 0 7 23 255 255 255 193 15 0 0 4 0 230 254 190 0 1 0 2 0 0 0 0 0 0 1 1 0 0 2 9 165 247 244 95 0 9 16 0 76 215 255 156 15 10 4 5 0 0 0 0 2 0 0 0 1 0 0 0 18 75 69 7 8 0 1 2 212 255 255 52 0 0 0 2 0 0 0 0 1 1 0 0 0 0 0 0 0 15 9 0 1 3 0 3 199 255 250 21 18 10 0 5 0 0 0 0 0 2 1 0 0 0 1 0 15 0 0 10 4 0 0 90 241 249 253 48 0 0 21 0 0 0 0 0 0 0 0 0 0 0 0 0 0 3 4 0 0 0 46 250 255 252 136 10 9 0 6 0 0 0 0 0 0 0 0 0 0 0 0 0 0 2 3 0 11 8 168 251 245 194 30 2 0 0 10 0 0 0 0 0 0 0 0 0 0 0 0 0 0 0 0 0 0 80 252 247 255 125 0 0 1 0 3 2 0 0 0 0 0 0 0 0 0 0 0 0 0 0 0 9 0 190 248 250 247 54 5 0 9 6 0 0 0 0 0 0 0 0 0 0 0 0 0 0 2 3 2 0 88 252 248 255 137 1 11 0 0 6 0 0 0 0 0 0 0 0 0 0 0 0 0 0 0 1 5 2 210 245 255 216 30 0 0 14 0 3 11 0 0 0 0 0 0 0 0 0 0 0 0 0 0 0 2 66 255 239 253 124 0 9 0 13 0 3 10 0 0 0 0 0 0 0 0 0 0 0 0 0 5 0 3 152 255 255 204 44 9 0 8 0 6 4 0 2 0 0 0 0 0 0 0 0 0 0 0 0 7 0 12 165 253 255 193 0 0 0 0 0 0 0 0 0 0 0 0 0 0 0 0 0 0 0 0 0 0 15 0 122 255 150 25 11 0 0 0 0 0 0 0 0 0 0 0 0 0 0 0 0 0 0 0 0 0 0 0 10 0 0 12 0 0 0 0 0 0 0 0 0 0 0 0 0 0 0 0 0 0 0 0 0 8 0 8 11 0 6 14 0 0 0 0 0 0 0 0 0 0 0 0 0
0 0 0 0 3 7 4 0 2 3 5 0 10 1 2 0 0 0 0 0 0 0 0 0 0 0 0 0 3 0 0 0 0 0 0 1 0 0 0 0 4 0 0 9 0 0 0 0 0 0 0 0 0 0 0 0 3 0 0 3 9 5 3 6 4 8 3 6 7 0 0 0 0 0 0 0 0 0 0 0 0 0 0 0 5 1 0 0 0 0 0 0 0 1 0 0 2 15 3 0 0 0 0 0 0 0 0 0 0 0 0 0 0 6 9 0 0 0 5 6 2 5 0 0 0 1 0 2 0 0 0 0 0 0 0 0 0 0 0 0 0 1 3 0 1 4 0 0 7 0 2 0 15 0 0 10 0 0 0 0 0 0 0 0 0 0 0 0 9 0 0 0 0 0 13 35 27 69 156 188 235 153 69 0 0 0 0 0 0 0 0 0 0 0 0 0 0 0 5 5 0 18 123 235 240 246 255 209 255 220 145 19 0 0 0 0 0 0 0 0 0 0 0 0 6 0 0 6 0 7 106 220 221 255 197 188 203 133 231 168 146 0 22 0 0 4 1 0 0 0 0 0 3 0 0 8 6 0 0 15 67 0 12 13 15 0 14 132 232 75 0 0 16 0 0 6 0 0 0 0 5 2 0 0 0 1 0 0 0 0 11 0 0 12 0 22 225 222 39 3 8 0 0 0 0 0 0 0 0 2 9 3 0 0 4 7 0 16 0 0 5 3 2 0 52 253 104 0 0 2 12 7 0 0 0 0 0 0 0 0 1 0 0 0 2 0 8 0 4 3 0 17 9 255 165 7 5 0 0 0 0 0 0 0 12 0 0 0 0 0 5 15 0 0 21 0 2 15 0 0 50 252 187 11 13 8 5 18 0 0 0 0 0 1 8 10 2 0 0 0 8 0 0 0 3 0 0 19 163 255 169 0 0 0 0 0 0 0 0 0 0 0 0 0 0 3 3 0 0 7 6 22 0 8 0 40 251 244 106 3 3 3 4 1 0 0 0 0 0 0 0 0 0 0 0 0 11 0 4 0 4 0 0 118 245 255 27 1 3 0 0 6 0 0 0 0 0 0 0 0 0 0 0 0 0 1 4 0 1 12 14 223 255 177 20 4 10 0 0 0 0 0 0 0 0 0 0 0 0 0 0 0 14 12 0 0 13 5 147 255 235 41 0 0 3 2 0 4 0 0 0 0 0 0 0 0 0 0 0 0 0 0 13 1 0 25 224 242 208 4 3 0 0 1 1 2 0 0 0 0 0 0 0 0 0 0 0 0 14 8 1 0 11 217 255 245 111 0 6 6 0 1 2 2 0 0 0 0 0 0 0 0 0 0 0 0 0 0 5 0 47 248 255 183 0 0 0 0 0 0 5 3 0 0 0 0 0 0 0 0 0 0 0 0 5 0 5 66 204 255 206 33 0 7 9 6 5 0 0 0 0 0 0 0 0 0 0 0 0 0 0 0 1 3 4 77 255 255 74 6 4 0 1 0 6 0 3 5 0 0 0 0 0 0 0 0 0 0 0 0 2 4 0 159 253 193 13 7 0 0 0 0 0 0 0 0 0 0 0 0 0 0 0 0 0 0 0 0 10 0 31 28 172 41 6 0 0 0 0 0 0 0 0 0 0 0 0 0 0 0 0 0 0 0 0 0 0 4 0 0 25 0 0 5 0 0 0 0 0 0 0 0 0 0 0 0 0 0 0 0 0 0 0 0 0 5 0 0 0 3 0 9 0 0 0 0 0 0 0 0 0 0 0 0
0 0 0 0 0 0 0 0 7 0 0 1 2 11 0 0 0 1 10 5 0 0 1 2 0 0 0 0 0 0 0 0 0 0 0 0 3 1 12 0 0 0 0 0 11 0 0 0 6 8 3 0 0 0 0 0 0 0 0 0 0 0 0 0 0 0 9 2 5 7 0 6 0 0 0 4 5 0 0 0 0 0 0 0 0 0 0 0 0 0 0 0 12 1 0 0 7 0 0 7 3 4 0 0 3 6 5 14 0 0 0 0 0 0 0 0 0 0 0 0 0 0 0 3 8 0 0 0 0 9 13 4 1 1 0 0 0 0 0 0 0 0 0 0 0 0 0 0 0 10 7 0 0 0 13 0 0 0 3 0 0 3 12 2 0 0 0 0 0 0 0 0 0 0 0 0 5 0 0 16 0 0 18 0 16 0 0 8 0 0 9 0 0 0 0 0 0 0 0 0 0 0 0 0 3 0 83 233 255 202 162 97 82 131 239 255 121 8 0 0 0 0 0 0 0 0 0 0 0 0 0 0 2 95 253 255 243 254 255 255 254 255 241 255 54 3 2 2 0 0 0 0 0 0 0 0 0 0 0 0 0 67 218 255 255 239 226 220 130 234 255 222 35 0 0 0 0 0 0 0 0 0 0 0 0 0 0 0 0 0 34 54 48 13 4 0 4 194 239 114 2 2 8 0 0 0 0 0 0 0 0 0 0 0 0 0 10 0 0 1 7 0 3 2 11 233 251 53 0 7 6 0 0 0 0 0 0 0 0 0 0 0 0 0 0 10 5 5 0 0 0 0 66 255 242 36 4 0 0 0 0 0 0 0 0 0 0 0 0 0 0 0 0 4 0 0 0 15 0 0 155 254 149 2 2 0 0 4 0 0 0 0 0 0 0 0 0 0 0 0 6 0 0 3 2 9 0 12 255 247 62 0 6 0 2 0 0 0 0 0 0 0 0 0 0 0 0 0 7 0 7 11 0 0 14 132 248 204 6 0 6 0 5 0 0 0 0 0 0 0 0 0 0 0 0 0 0 2 0 0 14 0 30 214 255 61 8 9 0 2 4 0 0 0 0 0 0 0 0 0 0 0 0 0 0 1 22 0 10 8 152 255 208 25 0 6 0 0 0 5 0 0 0 0 0 0 0 0 0 0 0 0 0 0 7 0 0 106 255 229 66 0 0 6 0 5 0 3 0 0 0 0 0 0 0 0 0 0 0 0 1 0 0 5 35 219 255 90 0 0 13 5 0 7 0 0 0 0 0 0 0 0 0 0 0 0 0 0 2 0 11 5 172 255 188 6 13 0 0 0 6 0 0 5 0 0 0 0 0 0 0 0 0 0 0 0 0 2 0 45 255 248 60 0 1 5 0 0 0 0 0 2 0 0 0 0 0 0 0 0 0 0 0 0 0 2 14 154 255 158 0 1 0 4 9 0 0 0 2 0 0 0 0 0 0 0 0 0 0 0 0 0 2 0 123 255 230 42 5 0 18 0 0 2 8 0 0 2 0 0 0 0 0 0 0 0 0 0 0 0 0 85 245 255 105 0 3 4 0 0 0 0 0 0 0 0 0 0 0 0 0 0 0 0 0 0 0 0 0 173 255 185 12 0 0 0 0 0 0 0 0 0 0 0 0 0 0 0 0 0 0 0 0 0 0 0 7 179 235 66 0 0 22 0 0 0 0 0 0 0 0 0 0 0 0 0 0 0 0 0 0 0 0 0 0 7 0 0 9 9 0 10 0 0 0 0 0 0 0 0 0 0 0 0
0 0 0 0 0 0 0 0 5 0 0 10 5 0 2 0 0 0 1 2 0 0 0 3 0 0 0 0 0 0 0 0 0 0 0 0 0 0 11 0 0 0 0 4 0 0 0 0 0 0 0 2 0 0 0 0 0 0 0 0 0 0 0 0 0 0 14 0 6 7 0 6 0 0 0 0 0 1 1 0 0 0 0 0 0 0 0 0 0 0 0 0 0 0 0 0 6 1 0 0 4 4 2 0 1 3 1 0 0 0 0 0 0 0 0 0 0 0 0 0 4 13 0 10 2 0 0 2 0 3 2 0 0 3 2 0 0 0 0 0 0 0 0 0 0 0 0 0 12 0 0 0 0 2 13 0 0 1 3 0 0 2 4 0 0 0 0 0 0 0 0 0 0 0 0 0 0 0 34 0 0 0 8 0 0 8 11 1 0 0 3 1 0 0 0 0 0 0 0 0 0 0 0 0 5 3 156 42 3 0 7 4 6 19 22 8 0 0 1 0 0 0 0 0 0 0 0 0 0 0 0 0 1 50 240 248 166 7 5 0 56 168 84 15 0 0 11 0 0 0 0 0 0 0 0 0 0 0 0 0 0 61 255 242 255 237 228 178 243 252 79 5 0 6 0 0 0 0 0 0 0 0 0 0 0 0 0 0 15 81 251 113 157 235 255 232 204 230 75 0 0 10 0 6 0 0 0 0 0 0 0 0 0 0 0 0 0 70 198 0 0 38 59 53 24 173 113 1 0 4 0 4 0 0 0 0 0 0 0 0 0 0 0 0 11 126 204 8 5 0 0 0 0 201 164 6 0 1 4 0 0 0 0 0 0 0 0 0 0 0 0 0 7 164 194 2 1 0 11 1 10 218 148 1 6 0 8 0 0 0 0 0 0 0 0 0 0 0 0 0 0 175 192 9 4 1 0 1 0 198 91 0 3 0 3 15 0 0 0 0 0 0 0 0 0 0 0 0 0 164 163 0 0 10 0 5 2 211 61 7 2 0 0 0 0 0 0 0 0 0 0 0 0 0 0 0 5 18 21 8 0 0 2 0 2 186 75 9 4 0 4 0 0 0 0 0 0 0 0 0 0 0 0 0 0 7 10 1 0 0 4 2 7 201 75 0 0 0 4 1 0 0 0 0 0 0 0 0 0 0 0 0 0 0 2 0 0 2 4 1 11 220 77 0 0 0 2 0 0 0 0 0 0 0 0 0 0 0 0 0 0 3 2 0 0 3 2 0 25 241 77 0 4 2 0 0 0 0 0 0 0 0 0 0 0 0 0 0 4 4 2 0 1 3 1 0 63 255 72 2 6 2 0 0 0 0 0 0 0 0 0 0 0 0 0 0 0 0 0 0 0 1 0 0 103 255 52 1 2 0 2 3 0 0 0 0 0 0 0 0 0 0 0 0 0 0 0 0 0 0 0 1 109 242 18 0 1 0 3 3 0 0 0 0 0 0 0 0 0 0 0 0 1 1 2 2 0 0 0 1 92 210 0 0 5 0 2 0 0 0 0 0 0 0 0 0 0 0 0 0 0 0 0 0 0 0 0 0 124 230 0 5 1 0 0 1 0 0 0 0 0 0 0 0 0 0 0 0 0 0 0 0 0 0 0 0 171 226 4 0 0 0 7 6 0 0 0 0 0 0 0 0 0 0 0 0 0 0 0 0 0 0 0 0 112 138 0 0 5 1 4 0 0 0 0 0 0 0 0 0 0 0 0 0 0 0 0 0 0 0 0 0 6 29 0 0 11 0 0 0 0 0 0 0
1 2 15 0 0 0 10 0 6 0 0 3 0 0 0 0 0 0 0 0 0 0 0 3 0 0 0 0 0 0 0 0 2 0 0 1 6 2 0 0 0 0 1 10 2 2 1 2 2 1 0 0 0 0 0 0 5 6 0 1 5 1 0 2 0 1 3 7 11 2 0 0 0 0 0 0 1 2 0 0 0 0 0 0 0 4 4 0 0 0 0 0 6 4 0 0 3 5 0 4 3 1 0 0 0 0 1 2 0 0 0 0 0 0 12 0 11 0 4 0 0 0 0 0 5 6 1 0 1 4 7 5 1 0 0 0 0 0 0 0 9 0 8 2 2 0 4 3 4 1 7 5 0 0 2 0 0 0 0 3 2 0 0 0 0 0 0 0 4 0 0 0 0 54 93 85 87 38 14 0 0 5 20 0 13 6 0 0 0 2 2 0 0 0 0 0 0 15 0 10 6 192 255 246 255 201 180 187 180 190 161 79 73 47 15 0 0 1 1 0 0 0 0 0 11 0 0 1 0 243 255 247 249 255 255 253 255 254 255 251 255 221 1 3 0 0 2 1 0 0 0 0 0 0 5 3 0 132 192 255 250 241 243 255 255 245 255 252 246 227 7 0 1 4 7 0 0 0 0 0 0 0 2 0 0 4 35 116 146 206 255 243 245 250 255 255 255 212 7 0 5 0 0 0 0 0 0 0 0 8 0 0 15 0 0 6 0 7 52 45 40 40 49 174 242 118 0 0 5 0 0 8 0 0 0 0 0 11 0 0 2 7 11 1 11 0 0 0 0 3 0 182 250 58 0 11 0 14 0 0 0 0 0 0 7 5 0 7 0 0 0 0 0 1 10 0 0 15 16 196 255 52 14 0 0 10 2 0 0 0 0 0 4 0 0 7 6 9 0 14 7 0 0 12 0 0 97 245 238 60 16 0 0 3 8 5 0 0 0 0 0 4 10 0 0 0 0 46 68 76 83 84 81 85 244 255 255 126 76 86 87 16 0 0 0 0 0 0 2 0 0 5 4 0 27 214 241 255 255 251 255 255 244 255 255 249 249 255 238 197 171 169 64 0 12 0 0 0 9 0 0 55 194 255 238 250 243 249 255 237 255 254 253 246 250 255 255 249 245 252 255 6 0 4 6 0 2 12 1 63 249 255 255 255 255 255 251 252 255 240 255 254 252 253 252 249 250 253 236 0 0 5 0 3 0 4 7 5 109 126 132 128 138 137 125 221 255 244 136 140 141 139 139 140 139 135 57 0 11 0 0 21 0 0 0 0 2 5 3 0 4 4 4 105 255 241 0 0 0 0 0 2 0 0 0 0 0 0 1 5 6 13 0 11 1 0 3 4 0 0 0 7 248 162 7 7 4 0 0 0 0 0 0 6 0 0 3 0 0 8 0 0 2 3 0 0 0 6 4 42 235 81 0 0 0 0 0 0 5 9 0 0 11 0 2 5 0 0 14 0 2 0 7 0 1 2 0 163 255 79 3 0 0 5 3 0 0 0 7 0 5 0 0 0 0 0 0 0 0 0 0 0 11 0 0 116 164 65 0 0 0 0 0 0 0 0 0 0 0 0 0 0 0 0 0 0 0 0 12 0 0 3 0 0 13 0 0 0 0 0 0 0 0 0 0 0 0 0 0 0 0 0 0 0 0 0 0 0 1 4 8 0 0 5 0 0 0 0 0 0 0 0 0 0 0 0 0 0 0 0 0 0 0 0 0 14 4 0 4 11 2 2 0 0 0 0 0 0 0 0 0 0 0 0
0 0 0 0 0 0 0 0 0 4 2 8 4 0 0 2 1 0 0 6 2 0 4 0 0 0 0 0 0 0 0 0 0 0 0 0 0 4 0 0 4 5 0 2 0 8 5 0 0 0 6 0 0 0 0 0 0 0 0 0 0 0 0 0 0 15 3 0 8 12 0 2 0 3 2 0 5 8 0 0 0 0 0 0 0 0 0 0 0 0 0 0 0 0 8 0 0 0 0 0 6 0 0 0 12 9 0 2 0 0 0 0 0 0 0 0 0 0 0 0 8 0 9 8 0 4 4 11 8 0 4 0 0 2 0 11 0 0 0 0 0 0 0 0 0 0 0 0 9 0 2 0 0 7 0 5 0 0 12 0 0 6 0 1 0 0 0 0 0 0 0 0 0 0 0 0 24 74 74 29 66 73 25 70 84 0 2 6 0 9 0 0 0 0 0 0 0 0 0 0 0 0 0 0 116 243 252 186 245 245 177 254 242 49 0 1 0 1 0 11 0 0 0 0 2 2 0 14 0 0 15 28 236 248 255 245 253 251 254 251 249 37 0 3 0 1 5 2 0 0 5 0 6 5 0 7 0 0 2 22 240 255 233 255 254 234 255 255 255 39 0 0 4 0 0 0 9 3 2 0 0 0 0 7 4 9 0 22 141 255 255 248 255 255 231 246 245 39 0 1 8 2 0 9 0 0 4 6 0 0 1 0 0 1 0 0 7 0 12 0 111 1 17 255 245 43 6 2 0 0 4 0 0 1 0 11 6 2 0 0 0 4 1 3 0 14 0 16 0 0 0 249 252 27 0 2 0 0 15 2 7 14 0 0 0 0 3 4 4 0 15 0 3 0 4 3 0 1 147 255 253 32 0 12 7 0 0 0 0 2 7 0 0 2 0 4 0 0 63 33 107 105 104 115 100 112 222 245 255 130 107 100 102 52 10 46 49 0 13 7 1 2 0 2 10 55 210 208 251 255 248 253 254 255 239 255 246 247 255 241 255 216 162 220 194 4 0 8 0 0 8 0 2 125 255 243 255 255 232 255 253 250 248 254 255 240 248 249 255 243 253 255 255 0 8 0 16 0 3 3 0 255 242 255 237 248 255 255 255 245 252 250 253 255 255 253 252 246 252 252 230 7 4 0 0 0 2 8 19 216 236 221 235 206 228 248 241 249 255 242 212 218 208 206 216 241 229 204 99 0 12 0 3 8 0 0 0 0 70 21 0 0 44 150 163 255 235 105 6 11 0 4 16 53 31 4 0 0 9 9 6 0 3 0 6 7 5 4 0 8 0 3 39 245 255 9 0 3 0 7 0 9 0 0 1 1 0 0 5 0 12 0 0 14 0 0 0 9 3 0 97 255 249 0 0 1 0 6 0 0 0 0 5 5 0 0 0 16 6 0 2 0 5 0 0 0 9 19 196 255 154 0 7 0 0 0 9 6 5 0 0 0 7 5 0 16 0 6 0 10 0 4 9 0 0 4 209 254 67 3 0 0 12 0 0 0 2 0 9 0 2 0 0 0 0 0 0 0 0 0 1 9 0 18 115 125 49 4 0 0 0 0 0 0 0 0 0 0 0 0 0 0 0 0 0 0 0 0 0 8 0 0 14 17 0 0 0 0 0 0 0 0 0 0 0 0 0 0 0 0 0 0 0 0 0 0 0 14 8 0 0 0 0 4 0 0 0 0 0 0 0 0 0 0 0 0 0 0 0 0 0 0 0 0 0 0 2 3 5 10 7 0 0 0 0 0 0 0 0 0 0 0 0 0
0 0 0 0 0 0 0 0 0 0 0 0 0 0 0 0 0 0 0 0 0 0 0 0 0 0 0 0 0 0 0 0 0 0 0 0 0 0 0 0 0 0 0 0 0 0 0 0 0 0 0 0 0 0 0 0 0 0 0 0 0 0 0 0 0 0 0 0 0 0 0 0 0 0 0 0 0 0 0 0 0 0 0 0 0 0 0 0 0 0 0 0 0 0 0 0 0 0 0 0 0 0 0 0 0 0 0 0 0 0 0 0 0 0 0 0 0 0 0 0 0 0 0 0 0 0 0 0 0 0 0 0 0 0 0 0 0 0 0 0 0 0 0 0 0 0 0 0 0 0 0 0 0 0 0 0 0 0 0 0 0 0 0 0 0 0 0 0 0 0 0 0 0 0 0 0 0 0 0 0 0 0 0 0 0 0 0 0 0 0 0 0 0 0 0 0 0 0 0 0 0 0 0 0 0 0 0 0 0 0 0 0 0 0 0 0 0 0 0 0 0 0 0 0 0 0 12 0 8 0 10 39 31 42 49 42 29 16 5 0 0 13 0 0 4 0 8 5 0 0 0 0 6 0 0 5 55 178 184 242 226 246 255 255 238 188 128 85 54 53 2 2 18 0 0 0 0 0 0 0 8 0 0 142 255 247 255 245 246 247 248 254 255 255 255 248 239 246 221 241 158 143 24 13 0 0 0 0 0 0 21 170 250 255 241 253 255 255 239 230 237 249 254 252 255 248 255 249 255 240 148 0 0 0 0 0 3 19 0 245 238 255 77 46 35 38 40 41 45 48 44 38 68 136 211 236 253 250 239 10 0 0 0 0 0 0 9 130 190 29 26 0 3 5 3 0 0 0 4 4 0 9 151 255 248 238 110 0 0 0 0 0 10 1 3 0 3 8 0 0 0 1 2 0 0 0 0 0 3 0 225 253 236 85 0 9 0 0 0 0 0 9 0 0 5 0 5 4 0 0 0 0 0 4 3 0 0 109 255 255 224 10 0 0 0 0 0 0 0 0 0 0 0 0 0 0 0 2 0 0 0 0 9 0 4 207 255 227 54 0 17 0 0 0 0 0 0 0 0 0 0 0 0 0 0 0 0 4 0 0 1 0 56 230 247 179 6 0 3 0 0 0 0 0 0 0 0 0 0 0 0 0 2 0 0 4 1 0 0 11 148 255 255 114 0 0 3 0 0 0 0 0 0 0 0 0 0 0 0 0 5 0 0 0 0 3 3 21 231 255 255 52 7 0 9 0 0 0 0 0 0 0 0 0 0 0 0 0 0 0 4 0 0 9 0 19 255 247 200 9 11 0 2 0 0 0 0 0 0 0 0 0 0 0 0 0 0 0 9 0 4 6 0 28 255 241 124 0 0 6 0 5 0 0 0 0 0 0 0 0 0 0 0 0 0 0 7 0 4 0 0 74 250 253 90 0 0 3 0 6 0 0 0 0 0 0 0 0 0 0 0 0 11 0 2 0 1 0 9 125 244 255 95 0 8 0 8 0 0 0 0 0 0 0 0 0 0 0 0 0 6 0 0 1 7 6 0 210 246 249 0 0 0 5 0 0 0 0 0 0 0 0 0 0 0 0 0 0 0 8 3 5 0 0 13 213 255 243 26 0 0 0 6 12 0 0 0 0 0 0 0 0 0 0 0 0 0 7 0 9 0 0 1 111 237 201 67 14 18 0 0 0 0 0 0 0 0 0 0 0 0 0 0 0 0 5 0 8 10 6 0 4 43 25 0 0 7 0 7 0 0 0 0 0
0 0 0 0 0 0 0 0 12 0 0 4 0 0 11 0 0 0 0 0 0 0 0 0 0 0 0 0 0 0 0 0 0 0 0 0 0 26 0 0 12 11 0 0 0 0 0 0 0 0 0 0 0 0 0 0 0 0 0 0 0 0 0 0 4 0 0 8 0 0 0 22 0 0 0 0 0 0 0 0 0 0 0 0 0 0 0 0 0 0 0 0 7 0 7 11 0 6 11 0 0 0 0 0 0 0 0 0 0 0 0 0 0 0 0 0 0 0 0 0 0 9 0 0 25 0 7 6 0 0 0 0 0 0 0 0 0 0 0 0 0 0 0 0 0 0 0 0 9 0 12 0 0 0 0 0 0 0 0 0 0 0 0 0 0 0 0 0 0 0 0 0 0 0 0 0 0 130 252 181 0 9 6 8 0 0 0 0 0 0 0 0 0 0 0 0 0 0 0 0 0 0 0 0 10 195 166 255 112 0 10 0 0 0 0 0 0 0 0 0 0 0 0 0 0 0 0 0 0 0 0 0 127 143 9 135 255 132 22 6 47 40 62 17 0 8 0 10 0 0 0 0 0 0 0 0 0 0 0 0 187 26 0 8 94 212 220 236 255 255 245 71 3 2 0 0 0 0 0 0 0 0 0 0 0 0 0 0 0 0 4 4 4 12 18 9 24 165 136 10 0 3 8 0 0 0 0 0 0 0 0 0 0 0 0 0 1 0 15 13 0 0 17 2 97 245 68 0 0 0 0 10 0 0 0 0 0 0 0 0 0 0 0 0 2 15 0 0 13 0 0 0 140 151 0 0 16 4 0 11 0 0 0 0 0 0 0 0 0 0 0 0 0 20 0 11 0 0 14 39 234 60 4 0 3 0 0 0 0 0 0 0 0 0 0 0 0 0 0 0 0 0 7 0 0 20 0 184 166 0 9 4 4 7 5 0 0 0 0 0 0 0 0 0 0 0 0 0 6 0 62 159 11 0 93 254 61 10 0 2 0 0 8 0 0 0 0 0 0 0 0 0 0 0 0 0 0 4 128 252 183 52 197 142 0 0 0 5 1 4 6 0 0 0 0 0 0 0 0 0 0 0 0 0 4 0 0 78 255 246 251 111 86 119 186 152 20 0 4 0 0 0 0 0 0 0 0 0 0 0 0 0 0 20 0 0 92 255 255 255 230 204 148 62 0 0 12 12 0 0 0 0 0 0 0 0 0 0 0 0 9 0 2 11 81 241 61 19 9 13 0 0 9 18 0 0 0 0 0 0 0 0 0 0 0 0 0 0 11 0 8 8 217 173 0 0 2 0 5 15 0 0 10 0 0 0 0 0 0 0 0 0 0 0 0 0 4 6 0 73 255 45 0 8 15 0 0 3 2 0 0 4 0 0 0 0 0 0 0 0 0 0 0 0 0 3 10 206 189 0 7 0 0 10 0 0 15 0 0 5 0 0 0 0 0 0 0 0 0 0 0 0 0 0 43 255 125 0 8 0 2 1 3 0 0 6 10 0 0 0 0 0 0 0 0 0 0 0 0 0 11 0 148 210 62 0 4 0 0 0 0 0 0 0 0 0 0 0 0 0 0 0 0 0 0 0 0 0 0 22 143 119 2 0 12 5 0 0 0 0 0 0 0 0 0 0 0 0 0 0 0 0 0 0 0 0 0 0 22 0 0 12 0 0 0 0 0 0 0 0 0 0 0 0 0 0 0 0 0 0 0 0 0 0 6 0 0 0 7 4 0 16 0 0 0 0 0 0 0 0 0 0 0 0
0 0 0 0 0 0 0 0 0 0 0 0 0 0 0 0 2 1 0 0 0 2 3 2 0 0 0 0 0 0 0 0 0 0 0 0 0 0 0 0 0 0 0 0 0 3 5 4 2 1 0 0 0 0 0 0 0 0 0 0 0 0 0 0 0 0 0 0 0 0 0 0 0 0 3 3 0 0 0 0 0 0 0 0 0 0 0 0 0 0 0 0 0 0 0 0 0 0 0 0 0 0 0 0 0 0 0 3 0 0 0 0 0 0 0 0 0 0 0 0 0 0 0 0 0 0 0 0 6 0 0 1 4 2 1 2 0 0 0 0 0 0 0 0 0 0 0 0 0 0 0 0 0 0 0 0 1 0 0 5 7 0 0 0 0 0 0 0 0 0 0 0 0 0 0 0 0 0 0 0 0 0 0 0 0 0 0 3 0 0 1 14 0 0 0 0 0 0 0 0 0 0 0 0 0 0 0 0 0 0 0 0 4 1 1 2 0 0 20 47 0 0 0 0 0 0 2 0 8 0 0 10 5 0 11 3 0 3 2 3 0 10 0 6 0 0 73 249 183 0 12 0 0 11 6 0 2 2 7 0 110 104 226 254 233 214 110 75 11 0 8 5 65 198 238 253 246 21 0 0 6 0 0 13 0 2 72 147 251 255 245 244 255 250 237 255 226 150 103 243 227 255 255 246 90 0 0 1 4 2 0 1 0 170 229 255 232 252 255 252 135 116 246 251 255 255 250 255 255 241 246 128 0 0 15 0 0 5 9 0 0 255 255 241 255 248 244 153 6 0 28 23 58 151 234 233 244 250 92 20 10 9 4 0 0 0 3 0 0 248 251 255 245 210 66 0 4 9 0 8 0 87 240 255 255 95 0 2 0 0 0 6 5 7 1 0 18 220 247 217 57 52 0 1 9 0 17 0 84 231 254 224 80 12 0 9 2 8 11 0 1 0 5 3 0 18 46 41 0 0 5 0 0 0 0 50 234 255 239 171 0 0 1 0 3 0 0 0 0 0 0 0 0 0 0 0 2 0 3 0 0 1 25 164 252 255 164 23 0 2 1 5 0 0 0 0 0 0 0 0 0 0 0 0 3 0 8 3 0 10 158 255 255 157 38 0 0 8 3 0 0 0 0 0 0 0 0 0 0 0 0 0 0 0 0 11 4 72 216 255 229 75 0 5 5 0 2 0 0 0 0 0 0 0 0 0 0 0 0 0 0 27 0 2 82 232 255 204 75 7 0 11 0 0 7 7 0 0 0 0 0 0 0 0 0 0 0 0 2 0 1 75 233 255 252 97 0 0 0 0 0 7 3 0 0 0 0 0 0 0 0 0 0 0 0 0 0 9 14 238 253 254 205 56 0 20 9 0 6 9 0 0 0 0 0 0 0 0 0 0 0 0 0 0 0 69 192 222 255 249 235 62 0 0 0 0 0 0 0 15 0 0 0 0 0 0 0 0 0 0 0 0 3 95 254 255 246 242 60 0 6 0 2 5 0 0 0 1 0 0 0 0 0 0 0 0 0 0 0 0 11 214 255 251 207 19 8 0 0 0 0 0 0 0 0 0 0 0 0 0 0 0 0 0 0 0 0 0 0 231 255 231 34 6 0 16 0 0 0 0 0 0 0 0 0 0 0 0 0 0 0 0 0 0 0 0 1 44 126 30 17 0 22 0 0 0 0 0 0 0 0 0 0 0 0 0 0 0 0 0 0 0 0 0 12 0 0 5 0 13 0 0 0 0 0 0 0 0 0 0 0 0 0 0
3 10 0 7 0 3 0 0 8 0 0 0 0 1 0 1 0 0 0 0 0 0 0 0 0 0 0 0 0 0 10 0 0 6 9 7 0 0 2 8 5 0 0 1 0 0 0 0 0 0 0 0 0 0 0 0 10 0 9 5 2 0 0 0 3 3 4 3 0 0 0 0 0 0 0 0 0 0 0 0 0 0 0 0 3 0 0 9 1 17 0 7 5 0 0 0 4 7 8 7 0 0 0 0 0 0 0 0 0 0 0 0 0 17 0 0 0 0 10 0 0 0 0 0 1 0 0 0 0 0 0 0 0 0 0 0 0 0 0 0 0 0 11 8 17 0 7 3 0 5 6 0 0 0 1 5 0 0 0 0 0 0 0 0 0 0 0 0 10 0 0 0 0 19 0 0 0 0 0 0 4 9 5 0 0 0 0 0 0 0 0 0 0 0 0 0 0 11 0 0 8 242 189 202 132 125 121 126 130 106 49 0 0 0 0 0 0 0 0 0 0 0 0 0 0 6 12 0 0 255 248 252 255 239 255 249 255 246 78 47 142 11 0 2 3 0 0 5 0 0 0 0 0 0 0 0 18 214 253 250 240 255 237 255 255 251 255 241 255 207 128 0 0 4 5 0 0 0 0 0 9 7 0 0 0 99 228 255 253 255 250 252 249 255 243 233 170 255 227 3 0 8 1 0 0 0 0 0 0 0 0 11 0 0 30 16 99 13 25 18 68 157 59 35 137 252 245 2 0 0 0 12 0 0 0 0 2 0 0 5 0 2 8 3 7 4 11 1 0 3 0 13 214 253 231 0 5 0 0 0 0 0 0 0 0 0 15 6 0 2 0 3 0 0 0 11 0 7 12 25 239 246 228 7 1 6 2 0 0 0 0 0 15 0 0 0 2 15 5 0 10 0 8 0 0 8 0 51 255 255 239 5 0 0 4 8 0 0 0 0 0 0 11 0 8 0 9 1 0 0 0 0 2 8 0 46 247 255 225 7 0 13 0 0 0 0 0 0 0 0 0 0 0 0 0 0 0 8 0 3 4 4 0 39 251 249 183 0 8 0 0 0 0 0 0 0 0 0 0 0 0 0 0 0 0 5 0 0 0 6 1 44 255 255 224 1 8 0 0 8 0 0 0 0 0 0 0 0 0 0 0 0 2 0 0 2 0 6 0 38 255 255 225 0 6 0 0 6 0 0 0 0 0 0 0 0 0 0 0 0 0 0 2 8 0 4 0 34 255 249 161 0 6 3 0 0 0 0 0 0 0 0 0 0 0 0 0 0 1 0 4 7 0 3 0 62 255 251 87 1 6 2 4 0 0 0 0 0 0 0 0 0 0 0 0 0 6 0 1 0 0 3 6 118 251 253 48 11 0 0 2 1 0 0 0 0 0 0 0 0 0 0 0 0 6 0 1 0 0 2 10 164 247 248 46 5 0 0 0 0 0 0 0 0 0 0 0 0 0 0 0 0 1 0 3 0 6 0 5 180 252 241 57 0 1 5 5 0 0 0 0 0 0 0 0 0 0 0 0 0 0 7 0 0 3 0 39 247 251 255 163 0 5 0 12 0 0 0 0 0 0 0 0 0 0 0 0 0 0 3 0 0 3 0 19 177 254 230 108 9 0 0 0 7 0 0 0 0 0 0 0 0 0 0 0 0 0 0 0 0 1 0 0 84 255 172 8 0 0 25 0 0 0 0 0 0 0 0 0 0 0 0 0 0 1 0 2 0 0 1 0 17 0 3 0 18 0 0 0 5 0 0 0 0
0 0 0 0 0 0 0 0 0 0 0 0 0 0 1 1 6 0 3 5 0 0 2 7 0 0 0 0 0 0 0 0 0 0 0 0 5 4 1 0 0 0 0 0 0 0 0 0 3 9 1 0 0 0 0 0 0 0 0 0 0 0 0 0 0 0 0 3 4 3 0 0 8 12 4 0 0 0 0 5 0 0 0 0 0 0 0 0 0 0 0 0 4 4 4 3 2 1 0 0 0 0 0 5 11 0 0 8 0 0 0 0 0 0 0 0 0 0 0 0 0 0 0 0 0 0 4 9 5 0 0 0 5 0 0 0 0 0 0 0 0 0 0 0 0 0 0 0 5 7 10 11 9 3 0 0 0 0 9 0 0 0 8 0 0 0 0 0 0 0 0 0 0 0 0 0 0 0 0 0 0 0 2 5 16 0 0 11 0 0 9 0 0 0 0 0 0 0 0 0 0 0 0 0 8 1 0 13 54 115 177 215 221 67 0 2 0 1 9 0 0 0 0 0 2 0 1 0 3 5 25 100 101 178 203 201 252 255 239 255 251 244 0 0 0 2 2 0 0 0 0 0 2 0 10 2 0 0 209 255 244 255 255 248 250 194 152 197 252 245 0 0 0 2 1 0 0 0 0 0 7 0 1 0 4 9 251 255 201 154 92 56 36 0 4 105 254 247 1 0 0 1 0 0 0 0 0 0 0 0 2 0 6 0 2 0 0 0 0 0 4 0 2 98 255 249 3 0 0 0 0 0 0 0 0 0 0 7 0 0 0 24 0 15 2 5 2 1 0 0 0 110 255 250 3 0 0 1 0 0 0 0 0 0 0 0 9 6 7 5 1 0 0 0 0 10 10 5 4 165 255 250 4 1 0 1 0 0 0 0 0 0 7 2 1 0 0 0 11 0 7 8 0 0 0 0 0 199 255 249 3 1 0 2 1 0 0 0 0 0 0 0 0 0 3 8 0 6 0 11 0 0 4 5 0 206 255 249 3 1 0 3 2 0 0 0 0 0 0 0 0 0 0 0 0 0 5 0 4 0 5 0 0 218 255 225 9 7 0 4 5 0 0 0 0 0 0 0 0 0 0 0 0 0 0 0 0 3 1 6 54 242 250 180 0 0 0 0 1 0 0 0 0 0 0 0 0 0 0 0 0 0 0 1 0 6 0 2 111 251 249 123 0 1 0 0 1 2 0 0 0 0 0 0 0 0 0 0 0 0 0 2 0 1 0 0 131 255 249 69 4 4 6 0 0 5 0 0 0 0 0 0 0 0 0 0 0 0 0 0 4 0 5 6 137 255 234 22 0 0 4 0 0 2 0 0 0 0 0 0 0 0 0 0 0 0 0 0 5 0 8 2 148 255 215 0 0 0 1 0 0 3 0 0 0 0 0 0 0 0 0 0 0 0 2 1 1 0 0 0 194 247 204 0 0 3 0 3 2 4 0 0 0 0 0 0 0 0 0 0 0 0 0 1 0 3 0 4 254 255 199 3 0 4 0 1 0 0 0 0 0 0 0 0 0 0 0 0 0 0 0 8 0 3 0 3 255 240 204 0 0 7 7 0 0 0 0 0 0 0 0 0 0 0 0 0 0 0 7 4 0 0 0 0 197 255 204 13 0 0 1 0 6 0 0 0 0 0 0 0 0 0 0 0 0 0 2 1 0 0 8 0 82 174 116 3 0 0 8 0 8 0 0 0 0 0 0 0 0 0 0 0 0 0 0 4 5 0 8 2 0 27 12 0 0 4 9 0 7 0 0 0 0 0
0 0 0 0 0 0 0 0 2 0 0 0 1 2 0 0 0 0 7 0 0 4 0 8 0 0 0 0 0 0 0 0 0 0 0 0 0 0 0 0 2 3 3 3 10 0 0 2 0 2 4 0 0 0 0 0 0 0 0 0 0 0 0 0 0 0 1 0 0 0 0 0 0 0 3 11 4 0 5 0 0 0 0 0 0 0 0 0 0 0 0 0 0 1 2 1 0 0 0 1 0 16 0 0 1 0 0 15 0 0 0 0 0 0 0 0 0 0 0 0 0 0 1 2 1 2 3 4 0 1 0 0 6 2 0 0 0 0 0 0 0 0 0 0 0 0 0 0 6 3 0 0 0 0 0 0 7 0 12 14 0 2 16 5 0 0 0 0 0 0 0 0 0 0 0 0 7 2 0 1 7 9 6 2 9 0 14 0 0 11 0 0 0 0 0 0 0 0 0 0 0 0 0 0 0 0 0 10 28 41 43 41 88 123 149 154 243 201 12 0 0 0 0 0 2 1 4 0 0 0 14 0 86 166 191 191 246 248 255 245 255 255 244 255 240 244 13 0 0 0 0 0 6 0 2 9 15 8 88 225 254 253 246 245 255 247 255 239 215 255 241 251 255 225 39 22 0 0 0 0 0 37 0 0 0 157 255 241 251 219 138 94 122 103 70 39 0 3 188 246 255 155 0 0 0 0 0 0 6 0 5 3 161 254 255 255 185 48 0 8 0 0 3 16 8 34 236 255 240 61 2 8 0 0 0 0 6 0 21 127 255 255 195 28 0 3 0 0 9 13 0 0 7 214 252 254 198 0 3 0 0 0 0 0 0 0 4 151 247 245 47 2 17 0 5 17 0 2 0 0 15 238 246 255 141 9 0 0 0 0 0 0 3 0 0 31 57 13 6 0 0 13 0 0 0 18 0 18 202 244 255 164 21 7 0 13 0 0 0 0 0 8 1 0 14 3 0 13 9 0 0 18 0 0 12 129 254 255 240 46 0 2 8 0 0 0 0 0 0 0 0 0 0 0 0 0 8 0 7 4 2 0 35 231 251 251 152 3 11 0 0 8 0 0 0 0 0 0 0 0 0 0 0 0 0 0 7 3 0 10 91 239 244 255 58 0 4 0 0 0 0 0 0 0 0 0 0 0 0 0 0 0 0 36 0 6 15 2 112 255 255 204 0 0 2 1 3 0 0 0 0 0 0 0 0 0 0 0 0 0 0 0 24 0 7 90 253 245 241 68 0 0 3 1 3 0 0 0 0 0 0 0 0 0 0 0 0 0 1 0 12 7 41 255 255 252 138 0 9 0 1 0 0 0 0 0 0 0 0 0 0 0 0 0 0 0 15 3 0 13 238 255 236 190 15 0 0 0 2 4 0 2 0 0 0 0 0 0 0 0 0 0 0 0 0 0 13 138 255 254 244 58 0 18 0 3 2 2 4 2 0 0 0 0 0 0 0 0 0 0 0 0 8 0 66 253 242 255 126 0 7 0 0 9 0 0 6 0 0 0 0 0 0 0 0 0 0 0 0 0 0 48 186 234 251 193 25 1 0 0 0 0 0 0 0 0 0 0 0 0 0 0 0 0 0 0 0 0 1 88 255 255 245 63 0 1 0 0 0 0 0 0 0 0 0 0 0 0 0 0 0 0 0 0 0 0 1 93 230 255 235 32 7 6 0 0 0 0 0 0 0 0 0 0 0 0 0 0 0 0 0 0 0 0 0 13 0 8 15 0 0 0 0 0 0 0 0 0 0 0 0 0 0 0
0 0 0 0 0 0 0 0 2 3 4 1 0 0 0 3 5 0 0 0 1 0 0 0 0 0 0 0 0 0 0 0 0 0 0 0 0 0 0 2 8 7 0 0 0 0 2 8 8 3 0 0 0 0 0 0 0 0 0 0 0 0 0 0 8 0 0 0 0 7 9 8 0 0 3 0 0 0 3 3 0 0 0 0 0 0 0 0 0 0 0 0 0 2 5 3 0 0 0 0 5 8 5 0 0 0 0 0 0 0 0 0 0 0 0 0 0 0 0 0 0 0 0 0 0 2 6 9 0 0 0 1 5 9 8 4 0 0 0 0 0 0 0 0 0 0 0 0 7 1 0 0 0 0 0 0 8 3 0 0 0 0 0 0 0 0 0 0 0 0 0 0 0 0 0 0 0 1 7 6 1 0 2 7 0 0 5 14 6 0 0 9 0 0 0 0 0 0 0 0 0 0 0 0 0 3 2 0 0 49 133 200 254 253 252 229 157 65 8 0 0 0 0 0 0 1 2 1 0 3 0 0 0 19 92 194 251 251 246 255 254 249 250 255 242 228 0 6 0 0 0 0 0 9 0 0 6 8 18 61 156 217 255 255 239 204 163 126 90 39 41 126 251 247 9 0 0 0 0 0 6 0 7 0 0 0 146 255 255 225 170 106 51 16 4 3 0 0 8 150 255 231 0 3 0 0 0 0 4 0 4 4 0 91 255 251 66 16 0 1 8 0 0 1 4 17 43 239 255 229 0 6 0 0 0 0 0 14 0 0 37 223 247 85 4 1 0 0 0 3 7 7 0 0 76 250 241 132 0 3 0 0 0 0 0 15 0 0 184 255 192 14 0 1 10 2 0 4 2 0 0 1 177 255 222 4 0 1 0 0 0 0 8 0 0 3 255 235 100 0 16 2 0 0 0 0 0 5 7 93 236 254 170 0 9 1 0 0 0 0 0 8 5 1 88 98 0 4 0 0 0 1 2 3 1 0 7 199 248 236 43 0 0 4 0 0 0 0 0 0 0 0 0 0 0 0 5 8 0 1 5 0 6 0 121 250 253 159 16 0 0 15 0 0 0 0 0 0 0 0 0 0 0 0 0 0 10 5 0 0 5 4 130 249 240 14 0 7 25 0 0 0 0 0 0 0 0 0 0 0 0 0 0 0 16 0 3 0 10 76 243 253 126 3 5 0 0 1 0 0 0 0 0 0 0 0 0 0 0 0 0 8 0 10 2 0 13 182 255 213 7 8 0 0 6 2 0 0 0 0 0 0 0 0 0 0 0 0 1 0 0 11 10 0 98 245 244 119 0 0 6 0 14 0 0 0 0 0 0 0 0 0 0 0 0 0 7 0 13 0 0 31 220 255 207 27 13 0 10 0 0 7 0 0 0 0 0 0 0 0 0 0 0 0 0 9 0 15 0 184 252 229 67 0 3 0 0 24 0 9 0 0 0 0 0 0 0 0 0 0 0 0 0 2 12 0 139 255 243 139 0 0 0 7 3 0 0 0 0 0 0 0 0 0 0 0 0 0 0 0 0 0 3 16 211 255 192 42 0 0 0 0 0 0 0 0 0 0 0 0 0 0 0 0 0 0 0 0 0 2 9 120 248 255 119 0 0 0 0 0 0 0 0 0 0 0 0 0 0 0 0 0 0 0 0 0 17 0 4 211 250 151 0 5 0 0 0 0 0 0 0 0 0 0 0 0 0 0 0 0 0 0 0 0 0 11 0 0 1 11 0 1 0 0 0 0 0 0 0 0 0 0 0 0
0 0 0 0 0 0 0 0 0 0 0 0 0 0 0 0 2 2 0 0 3 0 0 2 0 0 0 0 0 0 0 0 0 0 0 0 0 0 0 0 0 0 0 0 0 1 0 0 0 1 5 4 0 0 0 0 0 0 0 0 0 0 0 0 0 0 0 0 0 0 0 0 0 0 9 10 2 0 0 0 0 0 0 0 0 0 0 0 0 0 0 0 0 0 0 0 0 0 0 0 9 0 0 4 0 0 3 8 0 0 0 0 0 0 0 0 0 0 0 0 0 0 0 0 0 0 0 0 7 0 0 5 4 0 0 0 0 0 0 0 0 0 0 0 0 0 0 0 0 0 0 0 0 0 0 0 2 15 4 0 0 6 5 6 0 0 0 0 0 0 0 0 0 0 0 0 0 0 0 0 0 0 0 0 0 4 2 1 13 0 0 12 0 0 0 0 0 0 0 0 0 0 0 0 0 0 0 0 0 0 0 0 69 127 188 248 236 99 0 4 0 0 0 0 1 8 0 19 0 0 1 0 0 5 9 1 9 41 118 219 248 255 246 255 251 110 10 0 0 0 0 0 0 8 6 0 2 25 0 11 1 1 80 148 214 255 245 255 245 243 255 243 255 38 9 1 0 0 0 0 0 0 27 0 8 0 0 25 114 214 255 252 247 252 255 251 212 78 218 253 255 22 0 2 0 0 0 0 15 0 0 10 0 55 218 255 247 241 255 254 255 194 58 62 17 206 255 244 188 0 5 0 0 0 0 0 0 0 0 7 0 114 249 237 253 211 122 84 66 35 20 0 41 243 240 246 150 5 0 9 0 0 0 0 0 6 1 0 34 194 250 255 213 30 0 8 0 0 0 4 3 168 255 155 0 0 0 0 0 0 0 0 0 0 1 4 105 251 255 221 42 0 0 13 0 7 23 0 69 255 246 69 2 0 17 2 0 0 0 0 3 4 0 6 120 245 233 23 1 5 6 0 5 0 0 15 216 255 140 0 6 2 0 0 0 0 0 0 2 3 0 0 35 70 46 0 0 0 0 7 0 9 3 31 239 255 93 0 5 17 0 7 0 0 0 0 0 3 2 0 7 15 6 0 3 0 0 0 0 4 0 155 251 207 21 5 0 2 1 0 0 0 0 0 0 0 2 4 0 0 0 2 0 0 0 0 7 2 61 255 255 115 0 11 0 0 9 0 0 0 0 0 4 0 0 2 4 0 0 5 0 0 3 6 1 16 192 255 235 30 7 0 3 0 1 0 0 0 0 0 6 0 0 0 2 4 0 0 0 5 2 3 0 78 255 245 135 0 19 0 6 1 0 0 0 0 0 0 0 2 3 0 0 3 1 0 0 5 0 0 18 183 255 245 25 8 0 0 0 0 4 2 0 0 0 0 0 0 4 0 0 2 5 5 0 0 0 3 102 254 245 157 0 9 0 0 0 0 2 4 0 0 0 0 6 1 0 0 0 0 0 1 5 0 1 9 174 255 238 15 5 0 16 0 7 0 0 4 0 0 0 0 0 0 0 0 0 0 0 0 8 0 0 71 243 255 151 14 0 0 0 0 0 0 0 0 0 0 0 0 0 0 0 0 0 0 0 0 0 0 0 160 251 243 76 0 0 0 0 0 0 0 0 0 0 0 0 0 0 0 0 0 0 0 0 0 10 5 33 238 251 182 14 7 0 0 0 0 0 0 0 0 0 0 0 0 0 0 0 0 0 0 0 0 0 8 0 7 0 19 0 0 0 0 0 0 0 0 0 0 0 0 0 0
0 0 0 0 0 0 0 0 0 0 0 0 0 0 0 0 0 0 0 0 0 0 0 0 0 0 0 0 0 0 0 0 0 0 0 0 0 0 0 0 0 0 0 0 0 0 0 0 0 0 0 0 0 0 0 0 0 0 0 0 0 0 0 0 0 0 0 0 0 0 0 0 0 0 0 0 0 0 0 0 0 0 0 0 0 0 0 0 0 0 0 0 0 0 0 0 0 0 0 0 0 0 0 0 0 0 0 0 0 0 0 0 0 0 0 0 0 0 0 0 0 0 0 0 0 0 0 0 0 0 0 0 0 0 0 0 0 0 0 0 0 0 0 0 0 0 0 0 0 0 0 0 0 0 0 0 0 0 0 0 0 0 0 0 0 0 0 0 0 0 0 0 0 0 0 0 0 0 0 0 0 0 0 0 0 0 0 0 0 0 0 0 0 0 0 0 0 0 0 0 0 0 0 0 0 0 0 0 0 0 0 0 0 0 0 0 0 0 0 0 0 0 0 0 3 0 0 121 214 219 255 251 255 214 141 83 49 25 2 0 5 0 13 0 0 12 0 0 0 0 0 0 0 4 24 131 190 172 185 168 179 198 230 255 255 234 185 148 44 0 0 13 3 0 0 8 0 0 0 0 5 0 0 14 13 0 0 0 0 0 16 49 99 162 221 255 242 133 5 0 9 0 8 0 0 0 0 0 0 0 0 1 0 0 0 10 7 6 2 0 0 5 24 39 201 237 93 0 1 0 12 0 0 0 0 0 5 1 13 7 5 7 0 0 0 0 0 0 0 0 3 8 43 255 154 1 0 0 3 0 0 0 0 0 1 0 0 0 0 5 3 5 2 3 4 4 2 0 0 0 17 255 154 0 7 4 1 0 0 0 0 0 1 3 1 6 7 2 0 0 0 0 0 0 3 6 7 7 0 253 158 0 11 0 0 1 0 0 0 0 0 3 0 1 0 0 5 4 4 4 3 1 0 0 0 0 32 251 156 0 0 0 3 0 0 0 0 0 0 0 0 0 0 0 0 0 0 0 0 0 0 0 0 0 101 242 170 0 7 1 0 3 0 0 0 0 0 0 0 0 0 0 0 0 0 0 0 0 0 0 0 0 100 252 156 0 2 0 0 0 0 0 0 0 0 0 0 0 0 0 0 0 0 0 0 0 0 0 0 0 101 255 121 2 0 0 0 0 0 0 0 0 0 0 0 0 0 0 0 0 0 0 0 0 0 0 0 0 110 251 68 0 0 0 0 0 0 0 0 0 0 0 0 0 0 0 0 0 0 0 0 0 0 0 0 0 118 239 25 0 3 0 1 2 0 0 0 0 0 0 0 0 0 0 0 0 0 0 0 0 0 0 0 0 118 238 19 0 3 0 2 3 0 0 0 0 0 0 0 0 0 0 0 0 0 0 0 0 0 0 0 0 108 250 49 1 0 0 3 0 0 0 0 0 0 0 0 0 0 0 0 0 0 0 0 0 0 0 0 0 98 255 82 8 0 0 4 0 0 0 0 0 0 0 0 0 0 0 0 0 0 0 0 0 0 0 0 0 104 255 57 2 0 0 0 8 0 0 0 0 0 0 0 0 0 0 0 0 0 0 0 0 0 0 0 0 92 255 99 10 0 0 0 0 0 0 0 0 0 0 0 0 0 0 0 0 0 0 0 0 0 0 0 0 39 224 124 3 0 4 0 0 0 0 0 0 0 0 0 0 0 0 0 0 0 0 0 0 0 0 0 0 0 172 128 0 0 4 0 5 0 0 0 0
0 0 5 4 3 3 3 2 3 0 0 1 0 0 4 4 0 1 0 0 7 3 8 0 0 0 0 0 16 3 0 0 0 0 0 0 0 4 5 0 0 0 0 0 6 10 4 0 0 0 0 0 0 0 0 0 5 0 0 3 10 7 5 7 0 0 1 0 2 1 0 4 0 0 0 3 9 12 2 3 0 0 0 0 0 0 3 3 0 0 0 0 9 5 0 6 12 0 0 6 15 0 2 0 0 0 0 0 0 0 0 0 1 8 7 0 0 2 6 2 0 0 0 0 2 0 0 1 0 0 3 2 0 0 0 12 0 0 0 0 0 1 1 0 4 10 4 0 2 2 6 1 0 8 12 0 4 2 0 4 7 0 1 0 0 0 0 0 0 0 0 1 0 0 0 7 2 0 5 19 0 0 3 0 0 7 0 13 3 0 5 2 0 0 0 0 4 0 0 8 0 1 59 130 36 0 47 118 101 86 124 148 144 233 251 254 149 15 10 0 0 0 0 0 0 0 1 10 0 0 193 240 248 164 218 255 252 249 255 250 255 252 248 255 243 83 8 0 0 0 0 0 8 0 0 0 0 0 151 255 255 255 250 251 255 250 241 250 242 255 255 255 180 14 0 5 0 0 0 0 4 0 2 0 4 0 53 200 235 255 253 252 243 251 180 174 242 255 238 173 43 4 0 0 0 0 0 0 0 1 7 0 2 9 0 50 93 174 20 19 46 8 7 93 255 238 255 12 0 0 10 0 0 0 0 0 2 5 0 1 0 13 0 0 0 0 5 5 0 7 15 211 249 255 235 10 0 6 0 15 0 0 0 0 3 0 0 13 0 3 9 1 4 2 10 0 4 0 32 255 245 255 177 0 13 0 8 0 0 0 0 0 1 0 0 12 0 1 1 1 21 0 15 0 0 12 132 246 249 251 60 0 0 18 4 0 0 0 0 0 5 1 7 0 0 13 0 0 0 20 0 3 10 0 251 255 255 166 10 1 0 0 0 11 0 0 0 0 0 0 0 0 0 0 0 0 1 3 4 0 4 93 252 255 248 162 1 0 13 3 0 6 0 0 0 0 0 0 0 0 0 0 0 0 0 0 0 1 0 139 255 248 255 106 0 0 0 0 0 5 0 0 0 0 0 0 0 0 0 0 0 0 7 0 2 13 0 210 255 250 242 35 2 6 0 2 0 3 0 0 0 0 0 0 0 0 0 0 0 0 4 0 0 0 28 243 250 245 180 0 0 11 0 1 0 0 0 0 0 0 0 0 0 0 0 0 0 0 3 0 0 0 99 255 237 255 105 0 0 2 1 0 2 0 0 0 0 0 0 0 0 0 0 0 0 0 4 8 3 1 178 255 245 255 58 14 0 0 0 0 5 2 0 0 0 0 0 0 0 0 0 0 0 0 0 1 0 14 215 252 248 226 29 13 0 5 0 1 3 3 0 0 0 0 0 0 0 0 0 0 0 0 0 7 0 39 236 254 255 201 5 0 0 11 0 8 0 0 0 0 0 0 0 0 0 0 0 0 0 0 0 4 7 68 249 246 253 204 0 0 0 0 0 0 0 0 0 0 0 0 0 0 0 0 0 0 0 0 18 0 0 52 237 255 250 182 0 0 0 0 0 0 0 0 0 0 0 0 0 0 0 0 0 0 0 0 0 19 0 8 162 252 181 0 0 0 0 0 0 0 0 0 0 0 0 0 0 0 0 0 0 0 0 0 0 0 0 0 0 0 9 16 0 0 0 0 0 0 0 0 0 0 0 0
0 0 0 0 0 0 0 0 2 2 0 0 0 0 1 1 0 4 0 0 3 6 2 2 0 0 0 0 0 0 0 0 0 0 0 0 0 0 1 13 14 2 0 0 0 0 2 4 0 0 0 0 0 0 0 0 0 0 0 0 0 0 0 0 0 5 0 0 0 2 8 3 6 0 3 8 0 0 0 8 0 0 0 0 0 0 0 0 0 0 0 0 0 3 7 2 3 8 4 0 3 0 0 0 0 0 3 0 0 0 0 0 0 0 0 0 0 0 0 0 5 0 0 2 1 0 0 2 0 3 6 2 1 8 5 0 0 0 0 0 0 0 0 0 0 0 0 0 0 5 6 1 0 5 3 0 1 14 5 0 0 0 0 7 0 0 0 0 0 0 0 0 0 0 0 0 1 1 0 0 0 1 5 6 0 3 0 0 23 7 0 4 0 0 0 0 0 0 0 0 0 0 0 0 0 11 114 245 247 121 21 6 0 6 8 59 119 74 0 0 0 0 0 0 0 7 0 11 0 0 15 0 84 207 254 255 255 194 12 47 149 129 221 255 255 82 0 0 0 0 0 0 2 0 2 0 4 0 22 97 212 255 254 228 240 255 239 255 244 255 255 240 251 182 3 9 0 0 0 0 12 0 0 0 5 9 137 255 255 241 247 255 255 244 255 248 255 250 247 248 178 21 0 0 0 0 0 0 0 0 0 19 1 1 208 247 250 255 252 245 246 245 255 252 252 248 255 219 29 0 0 10 0 0 0 0 8 6 0 0 0 20 232 255 254 224 150 98 92 101 137 246 243 252 178 15 1 0 9 0 0 0 0 0 0 0 7 0 10 0 44 80 87 36 0 0 6 0 62 255 252 255 55 0 14 0 0 6 0 0 0 0 0 0 2 0 11 0 0 20 1 3 2 0 6 48 176 255 254 216 84 0 6 7 0 4 0 0 0 0 0 5 0 7 0 0 14 0 0 0 11 2 0 36 227 241 252 214 12 6 0 0 4 0 0 0 0 0 0 0 0 0 0 0 0 0 2 0 11 0 0 107 252 248 255 160 24 0 6 0 0 0 0 0 0 0 0 0 0 0 0 0 0 0 0 2 0 17 16 173 252 254 199 48 0 0 2 6 1 0 0 0 0 0 0 0 0 0 0 0 0 0 8 0 0 0 57 195 255 255 226 20 16 5 0 4 0 0 0 0 0 0 0 0 0 0 0 0 0 0 0 8 4 25 107 255 249 246 190 0 5 0 0 0 0 8 0 0 0 0 0 0 0 0 0 0 0 0 1 10 0 0 93 248 241 255 143 14 15 2 14 0 0 0 0 0 0 0 0 0 0 0 0 0 0 0 0 5 13 2 161 248 255 255 66 0 0 0 9 0 4 6 0 0 0 0 0 0 0 0 0 0 0 0 0 13 0 15 150 253 249 252 106 23 3 6 3 0 0 0 0 0 0 0 0 0 0 0 0 0 0 0 0 2 5 31 214 253 255 221 91 0 0 11 0 2 0 0 0 0 0 0 0 0 0 0 0 0 0 0 4 5 0 28 224 238 255 215 12 7 0 0 0 1 1 0 0 0 0 0 0 0 0 0 0 0 0 0 0 0 13 31 255 255 228 57 9 5 0 0 0 1 0 0 0 0 0 0 0 0 0 0 0 0 0 0 8 1 0 0 194 253 237 76 3 1 0 0 0 0 0 0 0 0 0 0 0 0 0 0 0 0 0 0 0 9 0 0 0 4 19 0 0 0 0 0 0 0 0 0 0 0 0 0
0 0 0 0 0 0 0 0 0 0 0 0 0 0 0 0 0 0 0 0 0 0 0 0 0 0 0 0 0 0 0 0 0 0 0 0 0 0 0 0 0 0 0 0 0 0 0 0 0 0 0 0 0 0 0 0 0 0 0 0 0 0 0 0 0 0 0 0 0 0 0 0 0 0 0 0 0 0 0 0 0 0 0 0 0 0 0 0 0 0 0 0 0 0 0 0 0 0 0 0 0 0 0 0 0 0 0 0 0 0 0 0 0 0 0 0 0 0 0 0 0 0 0 0 0 0 0 0 0 0 0 0 0 0 0 0 0 0 0 0 0 0 0 0 0 0 0 0 0 0 0 0 0 0 0 0 0 0 0 0 0 0 0 0 0 0 0 0 0 0 0 0 0 0 0 0 0 0 0 0 0 0 0 0 0 0 0 0 0 0 0 0 0 0 0 0 0 0 0 0 0 0 0 0 0 0 0 0 0 0 0 0 0 0 0 0 0 0 0 0 0 0 0 0 0 0 0 88 132 136 140 36 78 66 28 20 24 2 18 73 140 142 125 165 148 148 14 0 0 0 0 0 1 0 7 251 250 255 239 255 239 255 255 233 251 255 251 255 255 235 255 255 250 248 153 0 0 0 0 0 10 0 1 93 209 248 255 231 255 255 244 248 255 255 239 247 243 255 252 244 255 248 126 8 0 0 0 0 0 7 9 4 14 48 81 126 171 175 76 140 139 41 86 64 62 56 70 227 247 252 94 7 0 0 0 0 5 15 0 9 0 20 0 15 8 0 5 2 12 19 0 8 9 6 83 253 255 173 11 0 0 0 0 0 0 7 17 0 9 7 0 0 0 14 0 3 2 0 11 0 0 29 191 255 236 47 0 0 0 0 0 0 8 3 0 0 2 0 0 13 3 4 0 5 0 0 13 9 2 195 255 251 254 50 0 9 0 0 0 0 0 4 0 8 5 0 2 0 0 0 11 0 0 8 0 0 24 255 243 249 104 0 0 0 0 0 0 0 0 0 0 0 0 0 0 0 5 0 3 0 0 7 0 20 215 238 255 169 2 2 0 6 0 0 0 0 0 0 0 0 0 0 0 0 0 1 0 8 0 0 39 193 247 255 191 28 0 0 5 0 0 0 0 0 0 0 0 0 0 0 0 0 0 8 7 0 3 7 165 255 255 216 62 3 0 12 0 6 0 0 0 0 0 0 0 0 0 0 0 0 0 0 1 1 0 38 246 235 227 64 0 0 20 0 2 0 0 0 0 0 0 0 0 0 0 0 0 0 7 0 0 26 0 125 250 254 139 0 0 0 0 0 15 0 0 0 0 0 0 0 0 0 0 0 0 0 9 0 10 0 35 226 250 253 59 4 6 11 0 19 0 15 0 0 0 0 0 0 0 0 0 0 0 0 0 0 0 0 143 255 249 142 6 0 8 0 17 0 0 5 0 0 0 0 0 0 0 0 0 0 0 0 0 17 0 134 247 254 245 54 0 12 0 8 0 11 0 3 0 0 0 0 0 0 0 0 0 0 0 0 0 17 50 222 251 255 113 9 0 0 0 0 0 0 0 0 0 0 0 0 0 0 0 0 0 0 0 0 11 0 224 255 255 216 29 0 0 0 0 0 0 0 0 0 0 0 0 0 0 0 0 0 0 0 0 0 1 0 255 254 205 78 0 0 0 0 0 0 0 0 0 0 0 0 0 0 0 0 0 0 0 0 0 0 0 7 159 229 120 0 5 1 0 0 0 0 0 0 0 0 0 0 0 0
0 6 0 8 0 4 7 0 0 1 2 0 0 0 0 0 7 0 0 0 0 2 0 0 0 0 0 0 0 6 4 13 0 0 1 0 0 2 3 2 2 3 3 3 0 0 4 7 5 0 0 0 0 0 0 0 7 0 0 0 0 11 6 5 0 0 0 0 0 0 0 0 4 4 1 0 0 0 0 6 0 0 0 0 0 0 3 4 0 5 0 0 7 2 0 2 3 1 0 0 0 0 0 2 8 9 4 0 0 0 0 0 1 0 8 1 0 0 9 16 2 0 0 1 1 0 0 0 4 1 0 0 0 0 0 0 0 0 0 0 8 0 0 0 2 0 0 0 0 0 0 2 2 0 0 6 0 1 5 4 0 2 11 19 0 0 0 0 0 2 0 11 15 0 22 0 2 0 3 8 2 0 0 8 5 1 0 0 0 0 0 0 0 0 0 0 0 18 0 0 0 17 189 255 252 250 253 255 245 232 235 248 248 180 91 31 13 13 9 1 0 0 0 0 5 9 0 0 0 51 255 245 255 248 248 254 254 248 249 255 251 251 228 249 239 57 8 0 0 0 0 0 0 1 6 19 12 41 240 250 255 254 253 255 255 253 254 255 251 255 238 248 255 67 11 3 0 0 0 0 9 0 0 0 0 30 205 255 246 249 249 247 248 253 254 252 255 237 255 242 237 51 0 6 0 0 0 0 0 0 4 5 3 0 17 30 2 9 10 6 9 18 21 16 7 21 230 249 255 104 1 0 0 0 0 0 6 0 1 0 8 3 4 9 0 0 0 0 0 3 5 0 8 81 237 247 255 103 16 4 0 0 0 0 0 3 7 0 5 5 0 0 1 3 2 0 0 0 1 0 0 208 255 255 224 37 0 0 0 0 0 0 0 2 1 0 0 0 0 6 4 0 0 1 1 0 0 2 20 255 255 238 132 0 0 4 0 0 0 0 4 2 0 3 2 0 0 4 1 0 0 3 5 0 2 10 106 246 249 203 40 3 11 0 0 0 0 0 0 0 0 0 0 0 0 0 5 1 0 3 0 3 0 134 255 239 254 134 1 2 0 0 0 0 0 0 0 0 0 0 0 0 0 0 0 0 12 0 17 0 74 250 253 255 255 91 1 0 6 2 0 0 0 0 0 0 0 0 0 0 0 0 0 15 0 0 5 0 174 255 255 235 197 31 0 0 2 2 0 0 0 0 0 0 0 0 0 0 0 0 7 15 0 0 0 136 255 247 255 146 56 0 0 13 0 0 0 0 0 0 0 0 0 0 0 0 0 0 0 0 3 13 33 239 255 250 206 49 0 0 2 10 0 0 0 0 0 0 0 0 0 0 0 0 0 0 9 13 0 92 187 255 255 245 103 0 2 2 9 0 8 0 0 0 0 0 0 0 0 0 0 0 0 0 0 6 0 171 255 248 244 159 21 0 17 0 4 0 6 0 0 0 0 0 0 0 0 0 0 0 0 0 6 0 80 243 248 255 187 60 0 0 0 0 0 5 0 4 0 0 0 0 0 0 0 0 0 0 0 0 0 0 84 245 255 210 21 0 0 0 0 0 0 0 0 0 0 0 0 0 0 0 0 0 0 0 0 0 4 10 114 251 231 151 0 0 0 0 0 0 0 0 0 0 0 0 0 0 0 0 0 0 0 0 0 0 0 9 0 225 198 0 0 8 0 0 0 0 0 0 0 0 0 0 0 0 0 0 0 0 0 0 0 0 0 0 20 0 0 18 0 12 0 0 0 0 0 0 0 0 0 0 0 0
0 0 0 0 0 0 0 0 0 0 0 0 0 0 0 0 0 0 0 0 0 0 0 0 0 0 0 0 0 0 0 0 0 0 0 0 0 0 0 0 0 0 0 0 0 0 0 0 0 0 0 0 0 0 0 0 0 0 0 0 0 0 0 0 0 0 0 0 0 0 0 0 0 0 0 0 0 0 0 0 0 0 0 0 0 0 0 0 0 0 0 0 0 0 0 0 0 0 0 0 0 0 0 0 0 0 0 0 0 0 0 0 0 0 0 0 0 0 0 0 0 0 0 0 0 0 0 0 0 0 0 0 0 0 0 0 0 0 0 0 0 0 0 0 0 0 0 0 0 0 0 0 0 0 0 0 0 0 0 0 0 0 0 0 0 0 0 0 0 0 0 0 0 0 0 0 0 0 0 0 0 0 0 0 0 0 0 0 0 0 0 0 0 0 0 0 0 0 0 0 0 0 0 0 0 0 0 0 0 0 0 0 0 0 0 0 0 0 0 0 0 0 0 0 1 7 0 0 40 47 41 208 193 145 185 153 108 81 115 53 113 29 144 84 9 4 1 0 0 0 0 0 0 0 0 22 213 255 255 243 255 240 255 254 251 245 255 247 213 243 249 255 207 122 15 20 0 0 0 0 0 18 0 147 243 254 242 255 249 255 253 243 255 253 249 255 248 255 254 254 252 252 165 0 0 0 0 0 0 0 0 71 172 169 182 159 169 184 165 168 172 178 162 176 180 151 254 255 250 255 137 16 0 0 0 0 0 6 10 0 2 2 13 0 0 0 0 7 0 8 0 2 2 0 31 236 255 246 164 0 0 0 0 0 13 0 0 17 0 7 0 6 9 0 0 17 0 0 0 0 0 39 181 255 254 255 136 0 0 0 0 0 0 0 20 0 12 1 7 3 0 0 0 8 0 1 3 9 3 164 255 245 255 100 4 0 0 0 0 0 0 11 2 0 0 3 0 4 0 4 0 0 3 0 0 19 130 255 248 242 148 0 1 6 0 0 0 0 0 0 0 0 0 0 0 0 0 0 5 2 5 1 13 208 252 252 250 146 0 0 1 0 0 0 0 0 0 0 0 0 0 0 0 0 0 30 0 2 0 26 254 254 255 255 208 2 8 4 0 8 0 0 0 0 0 0 0 0 0 0 0 0 0 0 3 0 36 161 253 255 245 183 29 6 0 23 0 1 0 0 0 0 0 0 0 0 0 0 0 0 0 5 4 65 203 254 255 241 159 0 9 0 11 0 1 0 0 0 0 0 0 0 0 0 0 0 0 0 5 0 10 118 255 242 254 121 0 10 0 15 1 0 0 8 0 0 0 0 0 0 0 0 0 0 0 0 6 18 100 223 255 255 172 7 0 6 16 0 0 12 0 14 0 0 0 0 0 0 0 0 0 0 0 0 0 0 233 255 243 255 13 2 14 4 0 0 9 0 13 0 0 0 0 0 0 0 0 0 0 0 0 0 3 25 251 250 255 99 7 0 0 0 1 9 0 1 2 1 0 0 0 0 0 0 0 0 0 0 0 0 4 4 255 254 142 6 1 1 0 0 0 0 0 0 0 0 0 0 0 0 0 0 0 0 0 0 0 0 0 33 255 154 3 0 0 0 0 0 0 0 0 0 0 0 0 0 0 0 0 0 0 0 0 0 0 0 0 47 234 194 21 4 2 3 0 0 0 0 0 0 0 0 0 0 0 0 0 0 0 0 0 0 0 0 0 19 168 255 118 0 3 0 0 0 0 0 0 0 0 0 0 0 0 0
0 0 0 0 0 0 0 0 0 0 0 0 0 0 0 0 0 0 0 0 0 0 0 0 0 0 0 0 0 0 0 0 0 0 0 0 0 0 0 0 0 0 0 0 0 0 0 0 0 0 0 0 0 0 0 0 0 0 0 0 0 0 0 0 0 0 0 0 0 0 0 0 0 0 0 0 0 0 0 0 0 0 0 0 0 0 0 0 0 0 0 0 0 0 0 0 0 0 0 0 0 0 0 0 0 0 0 0 0 0 0 0 0 0 0 0 0 0 0 0 0 0 0 0 0 0 0 0 0 0 0 0 0 0 0 0 0 0 0 0 0 0 0 0 0 0 0 0 0 0 0 0 0 0 0 0 0 0 0 0 0 0 0 0 0 0 0 0 0 0 0 0 0 0 0 0 0 0 0 0 0 0 0 0 0 0 0 0 0 0 0 0 0 0 0 0 0 0 0 0 0 0 0 0 0 0 0 0 0 0 0 0 0 0 0 0 0 0 0 0 0 0 0 0 0 0 2 13 3 0 16 0 2 0 0 1 4 0 2 0 0 7 0 11 7 0 8 0 0 0 0 0 14 16 0 0 0 13 0 21 0 0 9 0 0 4 0 6 25 0 0 0 6 2 0 0 0 0 0 0 0 0 10 0 22 0 4 0 0 15 0 0 0 12 68 75 72 60 10 0 0 13 0 10 0 0 0 0 0 8 5 7 0 0 91 163 167 169 203 185 195 240 242 255 175 162 202 176 255 191 131 21 0 0 0 0 0 1 0 9 149 255 255 254 162 162 94 54 18 0 17 0 17 0 0 5 0 21 161 231 0 0 0 0 0 11 5 0 255 251 46 5 8 0 14 0 0 12 0 0 0 4 9 0 7 7 14 249 0 0 0 0 7 0 12 0 65 255 231 0 0 4 0 0 0 0 17 9 9 19 0 3 7 0 251 196 0 0 0 0 0 0 9 1 0 53 253 169 0 0 4 7 6 1 0 0 0 0 0 3 3 197 213 8 0 0 0 0 4 0 2 9 0 4 119 253 28 0 0 12 1 0 0 0 2 2 0 26 182 176 2 4 0 0 0 0 0 2 6 6 0 0 0 9 36 4 0 0 2 3 7 9 0 0 125 252 173 30 0 0 0 0 0 0 1 6 1 0 0 8 2 0 0 11 12 0 0 0 0 0 2 235 241 60 0 0 0 9 0 0 0 0 0 0 0 1 1 2 7 13 0 0 0 0 10 9 11 36 226 223 35 0 21 0 17 2 0 0 0 0 7 0 0 2 4 0 0 0 5 0 0 6 0 0 94 243 132 8 2 14 0 0 0 0 0 0 0 0 3 4 0 0 0 5 8 5 2 0 0 8 8 0 8 42 0 13 0 0 11 2 0 5 0 0 0 0 0 2 13 6 0 1 0 0 0 6 6 0 0 8 15 0 1 0 12 0 1 16 0 5 0 0 0 0 9 1 0 0 0 2 3 2 11 0 0 11 3 0 0 0 7 0 2 19 0 0 16 0 0 0 0 0 0 0 0 0 0 0 0 0 0 0 0 0 0 0 0 0 0 0 0 0 0 0 0 0 0 0 0 0 0 0 0 0 0 0 0 0 0 0 0 0 0 0 0 0 0 0 0 0 0 0 0 0 0 0 0 0 0 0 0 0 0 0 0 0 0 0 0 0 0 0 0 0 0 0 0 0 0 0 0 0 0 0 0 0 0 0 0 0 0 0 0 0 0 0 0 0 0 0 0 0 0 0 0 0 0 0 0 0 0 0 0 0
2 1 0 0 0 0 0 0 0 0 3 0 0 0 0 2 2 0 8 0 8 0 6 0 0 0 0 0 0 0 1 3 3 3 3 2 17 7 0 0 2 7 3 0 0 0 2 0 0 0 0 0 0 0 0 0 0 0 3 3 0 0 0 0 0 0 0 4 6 3 0 0 4 5 0 0 0 4 3 12 0 0 0 0 5 1 0 0 0 0 0 0 13 12 10 3 0 0 0 5 0 0 3 2 14 0 0 0 0 0 0 0 6 0 0 0 3 2 1 3 2 0 0 0 4 4 0 0 10 0 2 0 8 0 7 5 0 0 0 0 4 0 0 3 4 0 0 0 2 0 2 7 4 0 0 8 0 91 243 255 141 14 0 0 0 0 0 0 5 0 0 2 0 0 0 12 0 6 21 33 40 61 107 151 239 235 255 243 82 7 0 0 0 0 0 0 3 0 0 0 0 2 28 58 171 184 213 241 250 246 249 255 251 243 255 255 56 8 0 0 0 0 0 0 0 6 0 3 0 132 225 248 253 251 251 251 255 198 168 157 189 237 255 237 0 0 7 0 0 0 0 0 0 9 0 2 8 158 246 253 249 186 146 135 44 8 8 10 117 255 245 110 10 7 4 0 0 0 0 0 0 8 0 1 0 76 109 90 7 7 0 5 0 12 0 0 187 246 255 62 0 0 11 2 0 0 0 0 2 0 0 14 0 8 1 0 0 0 4 0 12 0 0 30 211 252 255 1 1 12 10 0 0 0 0 0 5 0 0 12 0 2 3 3 8 0 19 2 0 1 13 9 207 249 248 0 0 4 0 0 0 0 0 0 2 5 4 0 0 1 5 0 0 2 0 0 0 8 0 46 253 255 146 3 3 0 20 14 0 0 0 0 0 1 6 0 0 7 7 0 0 16 0 0 14 0 8 200 246 247 253 118 187 214 0 5 0 0 0 0 8 0 0 0 5 0 0 1 4 78 143 136 230 255 241 255 252 254 251 245 149 33 4 0 0 0 0 0 0 0 0 0 0 0 0 0 0 255 250 244 255 247 255 245 255 213 122 51 0 1 9 0 0 0 0 0 0 0 0 0 0 0 0 0 0 169 255 255 216 251 247 255 242 177 0 6 2 1 0 8 0 0 0 0 0 0 0 0 0 0 0 0 6 36 207 243 239 237 255 247 255 178 0 1 2 3 0 0 0 0 0 0 0 0 0 0 0 0 0 0 4 0 65 255 251 253 255 246 236 103 20 0 0 3 6 0 0 0 0 0 0 0 0 0 0 0 0 0 0 0 8 213 255 254 247 253 242 70 0 0 3 0 1 2 0 0 0 0 0 0 0 0 0 0 0 0 1 0 19 84 235 255 255 255 255 152 0 3 6 0 0 1 0 0 0 0 0 0 0 0 0 0 0 0 0 2 0 19 97 239 250 255 238 136 2 0 0 0 2 4 0 0 0 0 0 0 0 0 0 0 0 0 0 7 1 0 0 145 240 254 231 35 0 0 10 0 0 0 0 0 0 0 0 0 0 0 0 0 0 0 0 2 7 0 1 53 155 243 62 23 0 0 4 0 0 3 0 0 0 0 0 0 0 0 0 0 0 0 3 0 0 1 4 3 5 9 15 0 0 0 4 0 0 3 0 0 0 0 0 0 0 0 0 0 0 0 7 0 0 0 0 0 0 0 0 0 0 1 2 0 0 1 0 0 0 0 0 0 0 0 0 0 0 0 0 0 6 8 2 0 5 14 0 4 4 0 0 0 1 2 0 0 0 0
0 0 0 0 0 0 0 0 0 0 0 0 0 0 0 0 0 0 0 0 0 0 0 0 0 0 0 0 0 0 0 0 0 0 0 0 0 0 0 0 0 0 0 0 0 0 0 0 0 0 0 0 0 0 0 0 0 0 0 0 0 0 0 0 0 0 0 0 0 0 0 0 0 0 0 0 0 0 0 0 0 0 0 0 0 0 0 0 0 0 0 0 0 0 0 0 0 0 0 0 0 0 0 0 0 0 0 0 0 0 0 0 0 0 0 0 0 0 0 0 0 0 0 0 0 0 0 0 0 0 0 0 0 0 0 0 0 0 0 0 0 0 0 0 0 0 0 0 0 0 0 0 0 0 0 0 0 0 0 0 0 0 0 0 0 0 0 0 0 0 0 0 0 0 0 0 0 0 0 0 0 0 0 0 0 0 0 0 0 0 0 0 0 0 0 0 0 0 0 0 0 0 0 0 0 0 0 0 0 0 0 0 0 0 0 0 0 0 0 0 0 0 0 0 3 0 2 4 0 0 2 1 1 0 47 96 114 155 198 201 208 192 206 184 109 148 16 2 0 0 0 0 0 4 0 0 40 112 153 155 236 254 253 248 247 255 255 255 236 255 255 255 251 238 142 0 0 0 0 0 12 0 3 89 202 251 249 252 243 255 236 196 172 139 137 141 171 146 142 211 255 253 220 0 0 0 0 0 8 0 17 150 255 253 203 210 123 102 18 0 1 0 11 15 0 0 4 195 246 255 98 1 0 0 0 0 0 0 0 22 53 28 0 0 0 2 0 2 6 0 3 0 5 6 116 247 227 135 16 0 0 0 0 0 0 16 6 0 0 5 3 9 0 9 20 3 0 0 9 4 2 123 251 254 238 45 0 14 0 0 0 0 2 0 0 0 6 5 1 2 11 0 0 0 3 9 0 25 176 255 255 201 42 3 0 3 0 0 0 0 5 0 2 3 0 0 1 0 1 0 8 0 6 0 8 172 255 255 220 57 0 3 12 0 0 0 0 0 0 0 2 1 0 0 0 0 5 0 1 0 14 0 0 255 243 255 140 16 0 0 0 3 0 0 0 0 0 0 0 0 0 0 1 2 0 0 7 3 0 22 221 245 255 174 35 0 2 7 2 0 0 0 0 0 1 0 0 0 0 2 3 3 0 27 0 11 0 187 255 255 195 58 0 0 3 5 0 0 0 0 0 0 1 0 0 0 0 1 0 0 0 0 7 1 167 245 255 179 59 0 3 10 0 1 0 0 0 0 0 0 0 0 0 0 1 0 0 0 8 0 82 169 239 249 156 41 4 0 6 0 0 9 0 5 0 0 0 0 0 0 2 1 0 0 0 0 0 93 236 254 251 129 8 0 3 2 0 0 0 5 0 6 0 0 0 0 0 1 3 1 0 0 3 10 20 236 255 236 176 3 0 19 0 1 0 7 2 0 0 0 0 0 0 0 0 2 4 0 0 0 9 21 230 254 255 207 21 0 2 0 0 0 0 7 0 0 18 0 0 0 0 0 0 0 0 3 0 0 10 30 235 255 226 20 19 0 15 0 0 0 0 0 0 0 0 0 0 0 0 0 1 0 0 3 0 0 7 23 189 140 44 0 2 2 0 1 0 0 0 0 0 0 0 0 0 0 0 0 3 0 0 2 1 0 2 12 6 14 0 13 0 14 0 13 0 0 0 0 0 0 0 0 0 0 0 0 4 0 0 1 2 0 0 2 0 0 1 0 0 9 6 0 0 0 0 0 0 0 0 0 0 0 0 0
0 0 0 0 0 0 0 0 5 2 8 3 2 0 6 0 2 0 8 0 0 6 0 5 0 0 0 0 0 0 0 0 0 0 0 0 5 0 0 0 1 4 0 0 2 1 1 0 0 4 0 0 0 0 0 0 0 0 0 0 0 0 0 0 0 0 15 5 0 3 0 5 0 3 0 0 0 3 6 0 0 0 0 0 0 0 0 0 0 0 0 0 10 9 0 0 0 7 0 0 0 0 9 0 0 6 0 1 0 0 0 0 0 0 0 0 0 0 0 0 0 4 0 3 7 0 7 0 0 0 17 0 0 11 0 4 0 0 0 0 0 0 0 0 0 0 0 0 2 3 10 0 0 0 13 0 17 0 0 0 0 9 0 7 0 0 0 0 0 0 0 0 0 0 0 0 0 9 149 196 255 255 232 173 130 73 0 0 2 0 9 3 0 0 0 0 0 0 0 0 0 0 0 0 0 30 253 252 255 255 251 252 255 186 20 6 9 0 20 0 0 0 0 0 0 0 0 0 0 0 0 0 2 107 246 157 150 97 76 102 243 244 128 6 7 0 3 0 0 0 0 0 0 0 0 0 0 0 0 0 0 5 34 14 5 4 0 16 232 244 79 0 0 11 2 3 0 0 0 0 0 0 0 0 0 0 0 0 21 1 0 5 0 0 10 28 239 255 66 0 0 15 0 1 0 0 0 0 0 0 0 0 0 0 0 0 0 0 11 5 1 0 7 47 250 255 80 0 8 0 0 0 0 0 0 0 0 0 0 0 0 0 0 0 0 0 12 0 6 6 1 112 254 226 55 0 6 0 0 0 0 0 0 0 0 0 0 0 0 0 0 0 3 0 0 0 0 6 4 198 255 171 7 2 0 12 0 2 0 0 0 0 0 0 0 0 0 0 0 0 0 2 0 13 0 4 56 255 253 98 0 8 0 9 0 0 0 0 0 0 0 0 0 0 0 0 0 0 1 0 2 0 3 4 116 255 218 30 0 5 7 0 8 1 0 0 0 0 0 0 0 0 0 0 0 0 0 11 0 0 5 35 242 255 151 10 0 5 0 3 0 3 0 0 0 0 0 0 0 0 0 0 0 0 0 2 3 0 4 91 248 247 80 0 0 4 0 7 0 0 0 0 0 0 0 0 0 0 0 0 0 0 3 0 1 0 7 188 255 219 11 0 9 0 0 8 0 0 0 0 0 0 0 0 0 0 0 0 0 0 0 4 0 6 28 255 255 144 0 0 13 0 0 7 0 4 0 0 0 0 0 0 0 0 0 0 0 0 0 9 0 0 93 255 235 45 0 7 6 0 0 5 0 5 0 0 0 0 0 0 0 0 0 0 0 0 0 1 6 13 189 254 203 0 2 2 0 0 7 4 0 0 0 0 0 0 0 0 0 0 0 0 0 0 0 0 2 65 251 254 140 0 0 0 0 3 3 0 1 0 0 0 0 0 0 0 0 0 0 0 0 0 2 8 0 118 255 254 65 0 0 3 3 3 0 0 7 3 0 0 0 0 0 0 0 0 0 0 0 0 0 7 0 79 255 215 0 0 0 0 0 0 0 0 0 0 0 0 0 0 0 0 0 0 0 0 0 0 8 1 18 23 162 104 5 8 0 0 0 0 0 0 0 0 0 0 0 0 0 0 0 0 0 0 0 0 0 0 4 0 12 15 0 4 0 0 0 0 0 0 0 0 0 0 0 0 0 0 0 0 0 0 0 0 4 0 1 5 0 8 0 1 0 0 0 0 0 0 0 0 0 0 0 0
0 0 0 0 0 0 0 0 0 0 0 0 0 0 0 0 0 2 0 0 5 6 0 0 0 0 0 0 0 0 0 0 0 0 0 0 0 0 0 0 0 0 0 0 10 3 0 0 0 0 0 4 0 0 0 0 0 0 0 0 0 0 0 0 0 0 0 0 0 0 0 0 0 0 0 6 0 0 0 0 0 0 0 0 0 0 0 0 0 0 0 0 0 0 0 0 0 0 0 0 8 0 0 1 0 0 7 2 0 0 0 0 0 0 0 0 0 0 0 0 0 0 0 0 0 0 0 0 0 0 4 2 0 5 0 0 0 0 0 0 0 0 0 0 0 0 0 0 0 0 0 0 0 0 0 0 0 7 0 0 1 7 5 7 0 0 0 0 0 0 0 0 0 0 0 0 0 0 0 0 0 0 0 0 0 10 1 0 10 0 0 10 0 0 0 0 0 0 0 0 0 0 0 0 0 0 0 0 0 0 0 0 21 87 142 190 193 92 0 2 0 0 0 0 0 0 0 0 0 0 0 0 4 1 1 0 16 80 152 181 235 226 157 141 240 65 1 0 0 0 0 0 0 0 0 0 0 0 0 0 0 0 114 255 255 233 169 103 52 0 15 58 213 8 0 14 0 0 0 0 0 0 0 0 0 0 0 0 18 4 35 102 34 25 10 7 0 0 0 213 162 0 12 1 0 0 0 0 0 0 0 0 0 0 0 0 0 7 0 8 1 11 0 8 13 6 152 219 3 4 0 0 0 0 0 0 0 0 0 0 0 0 0 0 2 9 0 0 14 2 0 8 0 19 249 41 2 0 20 0 0 0 0 0 0 0 0 0 0 0 0 0 0 1 11 3 0 0 5 3 17 212 77 17 0 9 0 0 0 0 0 0 0 0 0 0 0 0 0 0 0 2 0 0 0 4 0 10 181 207 26 0 5 2 0 17 0 0 0 0 0 0 0 0 0 0 0 0 0 19 0 12 5 0 29 195 176 0 0 8 0 0 2 0 0 0 0 0 0 0 0 0 0 0 0 0 0 14 0 0 7 0 146 189 15 9 2 0 0 1 0 0 0 0 0 0 0 0 0 0 0 0 0 0 4 0 0 0 8 81 212 43 8 4 0 0 0 1 1 0 0 0 0 0 0 0 0 0 0 0 0 0 5 0 0 20 13 244 166 0 0 0 0 0 0 0 0 0 0 0 0 0 0 0 0 0 0 0 0 0 0 0 3 3 111 239 46 3 0 0 0 0 0 0 0 0 0 0 0 0 0 0 0 0 0 0 0 0 5 3 1 62 239 73 15 0 0 0 1 1 0 0 0 0 0 0 0 0 0 0 0 0 0 0 0 0 2 8 33 216 169 0 4 0 0 2 3 2 0 0 0 0 0 0 0 0 0 0 0 0 0 0 0 0 0 10 124 217 12 8 0 11 0 1 2 1 0 0 0 1 0 0 0 0 0 0 0 0 0 0 0 0 11 38 239 70 0 3 4 0 0 0 1 0 0 0 0 3 0 0 0 0 0 0 0 0 0 0 0 0 0 223 159 0 12 0 0 3 0 0 0 0 0 0 0 0 0 0 0 0 0 0 0 0 0 0 0 0 59 212 4 24 0 0 13 0 0 0 0 0 0 0 0 0 0 0 0 0 0 0 0 0 0 0 0 0 187 160 0 6 0 0 6 6 0 0 0 0 0 0 0 0 0 0 0 0 0 0 0 0 0 0 0 0 20 0 12 0 10 20 0 0 0 0 0 0 0 0 0 0 0 0 0 0
0 1 5 0 0 1 5 0 11 0 9 17 0 0 3 0 0 0 0 0 0 0 0 0 0 0 0 0 3 0 0 2 7 0 0 1 0 6 0 0 8 8 0 8 0 0 0 0 0 0 0 0 0 0 0 0 3 0 2 0 13 0 0 4 0 2 5 1 0 0 4 0 0 0 0 0 0 0 0 0 0 0 0 0 0 2 7 0 10 0 5 4 0 8 0 0 8 0 0 3 0 0 0 0 0 0 0 0 0 0 0 0 0 0 3 0 7 0 0 0 16 0 0 13 5 0 19 0 0 0 0 0 0 0 0 0 0 0 0 0 11 0 0 6 0 0 7 14 0 4 0 5 0 0 0 0 0 0 0 0 0 0 0 0 0 0 0 0 8 0 0 7 0 71 118 122 145 241 159 107 143 64 0 13 0 0 0 0 0 0 0 0 0 0 0 0 0 6 0 0 2 174 255 255 248 255 245 255 255 249 213 89 0 0 0 0 0 0 0 0 0 0 0 0 0 14 11 0 8 96 202 255 255 252 246 253 255 237 255 252 102 0 5 6 0 0 4 0 0 0 0 0 6 0 0 2 0 0 43 103 176 183 192 204 223 249 255 245 236 62 0 0 3 3 8 0 0 0 0 0 2 2 7 10 2 0 0 1 0 0 1 7 46 203 248 255 255 89 0 0 8 0 1 2 0 0 0 0 0 7 10 0 0 14 13 0 2 0 1 0 6 213 246 255 240 83 2 10 8 0 0 7 0 0 0 0 2 0 0 0 0 0 0 2 0 0 7 4 7 214 255 255 252 105 0 0 1 0 3 1 0 0 0 0 9 0 0 10 7 0 0 3 11 5 1 0 0 149 251 248 255 132 7 0 0 2 6 0 0 0 0 0 0 0 1 0 0 4 2 0 0 0 0 11 1 104 255 252 249 134 9 6 0 0 1 0 0 0 0 0 5 2 0 0 0 2 4 4 6 0 0 10 0 60 255 253 253 128 0 0 0 0 0 0 0 0 0 0 0 0 0 0 0 0 0 0 0 0 3 1 0 9 224 253 251 164 14 0 0 0 8 0 0 0 0 0 0 0 0 0 0 0 0 0 0 11 0 4 0 88 252 252 255 125 0 4 0 0 4 1 0 0 0 0 0 0 0 0 0 0 0 0 9 1 1 9 10 77 250 255 255 102 0 6 0 4 0 3 0 0 0 0 0 0 0 0 0 0 0 0 0 0 3 0 0 34 221 255 255 141 0 2 0 2 0 0 0 0 0 0 0 0 0 0 0 0 0 0 2 20 5 15 0 90 251 255 252 216 24 0 0 0 1 0 0 0 0 0 0 0 0 0 0 0 0 0 0 1 0 0 0 45 240 245 252 255 39 0 0 0 4 0 0 0 0 0 0 0 0 0 0 0 0 0 8 0 2 0 19 0 236 253 255 237 28 1 0 6 0 0 0 0 0 0 0 0 0 0 0 0 0 0 0 14 0 0 0 0 243 248 255 193 10 2 0 10 0 0 0 0 0 0 0 0 0 0 0 0 0 0 0 4 1 3 4 3 79 202 255 193 1 14 0 0 21 0 0 0 0 0 0 0 0 0 0 0 0 0 2 7 0 0 2 0 19 79 241 132 0 0 4 1 2 0 0 0 0 0 0 0 0 0 0 0 0 0 0 7 0 0 5 0 0 0 2 0 0 0 0 0 0 10 0 0 0 0 0 0 0 0 0 0 0 0 0 5 4 0 4 3 0 0 0 3 32 1 4 7 0 0 0 0 0 0
0 0 0 0 0 0 0 0 0 3 0 1 8 0 0 11 0 2 0 0 0 7 4 0 0 0 0 0 0 0 0 0 0 0 0 0 13 1 0 0 0 2 0 0 0 0 3 7 0 0 0 10 0 0 0 0 0 0 0 0 0 0 0 0 0 0 0 12 0 13 7 0 6 0 0 3 1 0 0 0 0 0 0 0 0 0 0 0 0 0 0 0 3 11 0 6 0 2 0 0 0 0 0 0 1 7 6 1 0 0 0 0 0 0 0 0 0 0 0 0 0 7 0 2 5 9 0 4 0 1 3 0 0 0 0 0 0 0 0 0 0 0 0 0 0 0 0 0 4 3 0 0 5 0 0 5 8 0 0 5 13 8 5 10 0 0 0 0 0 0 0 0 0 0 0 0 6 0 13 13 6 0 8 0 0 6 11 0 0 0 0 0 0 0 0 0 0 0 0 0 0 0 0 0 0 17 182 255 236 170 175 115 100 185 198 95 5 0 13 1 0 0 0 0 0 0 0 0 0 0 0 0 0 154 248 255 253 250 255 250 255 249 255 134 0 11 4 0 0 0 0 0 0 0 0 0 0 0 0 0 12 216 255 175 219 242 219 208 245 219 255 172 7 5 0 3 0 0 0 0 0 0 0 0 0 0 0 0 37 237 194 12 1 8 0 0 61 125 236 141 0 2 0 8 0 0 0 0 0 0 0 0 0 0 0 0 151 253 123 1 0 6 8 0 0 126 242 81 0 1 0 0 0 0 0 0 0 0 0 0 0 0 0 0 201 252 49 6 0 4 4 0 14 197 239 29 6 0 0 0 0 0 0 0 0 0 0 0 0 0 0 0 197 255 35 4 4 1 0 14 35 241 210 0 2 0 3 5 0 0 0 0 0 0 0 0 0 0 0 0 157 170 16 0 6 5 0 0 113 255 141 4 0 2 0 0 0 0 0 0 0 0 0 0 0 0 0 0 3 2 1 5 0 0 16 10 225 239 19 0 2 5 0 6 0 0 0 0 0 0 0 0 0 0 0 0 1 4 0 11 3 0 3 70 255 135 5 3 2 2 0 0 0 0 0 0 0 0 0 0 0 0 0 0 1 0 9 0 0 6 0 233 236 53 0 1 3 0 0 9 0 0 0 0 0 0 0 0 0 0 0 0 0 5 11 10 5 0 93 254 197 0 0 4 0 1 0 3 0 0 0 0 0 0 0 0 0 0 0 0 3 4 0 2 0 0 240 252 119 0 14 6 0 11 1 0 0 0 0 0 0 0 0 0 0 0 0 0 4 0 8 0 0 91 255 227 25 0 2 8 0 9 4 0 0 0 0 0 0 0 0 0 0 0 0 0 0 2 16 2 9 221 248 100 0 5 0 15 0 0 0 8 0 0 0 0 0 0 0 0 0 0 0 0 0 8 0 0 83 255 209 19 0 7 0 10 4 0 3 2 0 0 0 0 0 0 0 0 0 0 0 0 0 14 0 11 226 249 60 0 6 0 2 0 0 0 18 0 0 0 0 0 0 0 0 0 0 0 0 0 5 0 0 129 253 191 26 0 0 0 0 0 0 0 0 0 0 0 0 0 0 0 0 0 0 0 0 0 10 0 23 238 255 149 0 6 0 0 0 0 0 0 0 0 0 0 0 0 0 0 0 0 0 0 0 0 0 9 193 248 246 32 10 8 0 0 0 0 0 0 0 0 0 0 0 0 0 0 0 0 0 0 0 0 0 0 0 14 0 8 0 0 0 0 0 0 0 0 0 0 0 0 0 0
0 0 0 0 0 0 0 0 0 0 0 10 3 0 11 0 3 0 0 4 0 0 3 2 0 0 0 0 0 0 0 0 0 0 0 0 10 0 0 0 4 0 7 0 4 0 0 0 0 8 3 0 0 0 0 0 0 0 0 0 0 0 0 0 0 1 19 0 0 2 5 0 0 0 4 7 1 0 2 12 0 0 0 0 0 0 0 0 0 0 0 0 13 0 0 0 3 0 0 18 1 0 0 0 3 4 0 0 0 0 0 0 0 0 0 0 0 0 0 0 0 0 2 0 0 14 0 0 0 15 14 0 0 6 1 0 0 0 0 0 0 0 0 0 0 0 0 0 0 8 0 18 0 0 14 7 3 8 0 0 7 0 0 16 0 0 0 0 0 0 0 0 0 0 0 0 7 1 48 244 190 121 111 143 127 82 12 0 12 7 0 0 0 0 0 0 0 0 0 0 0 0 0 0 0 0 28 255 251 255 255 249 252 255 184 38 0 0 6 5 0 0 0 0 0 0 0 0 0 0 0 0 13 0 1 83 199 228 248 231 243 255 244 30 0 0 0 0 0 0 0 0 0 0 0 0 0 0 0 0 0 14 0 0 0 0 23 33 235 255 132 3 0 4 5 0 0 0 0 0 0 0 0 0 0 0 0 0 0 2 12 11 3 4 1 149 249 255 38 1 0 7 7 0 0 0 0 0 0 0 0 0 0 0 0 0 9 0 0 0 0 8 27 236 255 196 8 11 2 0 0 0 0 0 0 0 0 0 0 0 0 0 0 0 0 9 0 4 5 19 169 255 232 79 2 0 3 0 0 2 0 0 0 0 0 0 0 0 0 0 0 0 15 0 0 12 0 50 245 253 196 4 4 0 2 1 0 2 0 0 0 0 0 0 0 0 0 0 0 0 0 40 131 178 176 213 255 248 127 0 2 1 0 6 5 0 0 0 0 0 0 0 0 0 0 0 0 0 23 233 255 254 253 247 250 234 43 4 0 14 0 0 5 0 0 0 0 0 0 0 0 0 0 0 0 0 25 255 251 190 156 255 237 149 0 0 0 0 0 0 0 0 0 0 0 0 0 0 0 0 0 0 0 0 34 202 197 26 138 251 255 54 0 0 0 0 0 0 0 0 0 0 0 0 0 0 0 0 0 0 0 0 13 21 5 0 190 234 245 67 0 0 0 0 0 0 0 0 0 0 0 0 0 0 0 0 0 0 0 0 0 22 0 10 180 255 208 0 0 0 0 0 0 0 0 0 0 0 0 0 0 0 0 0 0 0 0 0 0 0 0 39 237 252 189 12 0 0 0 0 0 0 0 0 0 0 0 0 0 0 0 0 0 0 0 0 6 1 9 53 254 252 132 0 0 0 0 0 0 0 0 0 0 0 0 0 0 0 0 0 0 0 0 0 0 0 0 57 247 255 70 0 0 0 0 0 0 0 0 0 0 0 0 0 0 0 0 0 0 0 0 0 0 11 0 24 230 249 51 0 0 0 0 0 0 0 0 0 0 0 0 0 0 0 0 0 0 0 0 0 0 0 2 13 175 253 180 0 0 0 0 0 0 0 0 0 0 0 0 0 0 0 0 0 0 0 0 0 2 11 0 0 128 248 189 4 0 0 0 0 0 0 0 0 0 0 0 0 0 0 0 0 0 0 0 0 0 0 4 4 3 0 0 0 0 0 0 0 0 0 0 0 0 0 0 0 0 0 0 0 0 0 0 0 3 0 0 5 1 7 0 2 0 0 0 0 0 0 0 0 0 0 0 0
0 0 0 0 0 0 0 0 3 4 2 0 0 6 0 0 0 0 5 5 0 0 1 0 0 0 0 0 0 0 0 0 0 0 0 0 0 0 1 0 1 5 2 4 6 0 0 0 4 2 7 3 0 0 0 0 0 0 0 0 0 0 0 0 13 0 1 20 5 0 0 4 0 0 0 0 8 0 2 1 0 0 0 0 0 0 0 0 0 0 0 0 0 0 0 0 0 15 23 0 0 3 13 0 14 0 0 0 0 0 0 0 0 0 0 0 0 0 0 0 0 4 0 4 0 0 0 0 0 0 5 0 8 0 3 3 0 0 0 0 0 0 0 0 0 0 0 0 0 14 0 7 18 0 3 0 8 0 0 1 0 0 5 1 0 0 0 0 0 0 0 0 0 0 0 0 60 231 251 162 99 93 119 102 105 101 101 92 8 0 0 0 0 0 0 0 0 0 0 0 0 0 0 0 117 245 255 252 255 247 253 247 244 255 255 223 57 11 0 0 0 0 0 0 0 0 0 0 0 0 0 0 119 251 251 249 252 255 255 255 255 254 249 252 162 2 3 0 0 0 0 0 0 0 0 0 0 0 0 0 0 157 255 248 252 252 237 244 241 255 249 255 88 0 0 10 0 0 0 0 0 0 0 0 0 0 0 0 9 4 25 27 102 166 199 182 245 255 248 255 64 9 14 0 0 0 0 0 0 0 0 0 0 0 0 0 5 0 6 12 0 0 6 0 204 248 255 197 19 0 0 0 0 0 0 0 0 0 0 0 0 0 0 0 1 2 3 0 0 4 0 74 232 255 245 91 5 7 1 15 0 0 0 0 0 0 0 0 0 0 0 0 0 0 12 0 11 8 0 237 253 246 158 0 0 7 0 0 0 0 0 0 0 0 0 0 0 0 0 0 10 0 0 0 4 0 38 255 248 253 98 7 4 0 1 8 0 0 0 0 0 0 0 0 0 0 0 0 0 0 9 11 0 32 205 255 254 237 1 0 0 0 8 0 0 0 0 0 0 0 0 0 0 0 0 0 0 5 0 13 0 122 255 250 252 178 0 8 0 0 5 1 0 0 0 0 0 0 0 0 0 0 0 0 0 9 0 0 36 204 239 255 207 21 0 1 4 1 4 0 0 0 0 0 0 0 0 0 0 0 0 0 2 0 4 8 186 251 248 255 181 0 14 0 0 0 0 1 0 0 0 0 0 0 0 0 0 0 0 0 0 19 0 128 247 255 245 202 43 0 0 6 0 7 0 5 0 0 0 0 0 0 0 0 0 0 0 0 4 0 5 133 255 248 250 23 0 11 0 2 0 8 0 11 0 0 0 0 0 0 0 0 0 0 0 0 9 0 53 203 231 255 240 0 19 1 9 0 0 1 0 6 0 0 0 0 0 0 0 0 0 0 0 0 0 31 219 255 255 240 255 80 0 0 10 4 4 5 0 0 0 0 0 0 0 0 0 0 0 0 0 0 0 87 244 244 255 249 244 13 0 12 2 0 0 0 9 0 0 0 0 0 0 0 0 0 0 0 0 0 0 17 200 255 238 198 61 0 0 0 0 0 0 0 0 0 0 0 0 0 0 0 0 0 0 0 0 0 11 0 81 167 120 27 0 19 0 0 0 0 0 0 0 0 0 0 0 0 0 0 0 0 0 0 0 0 0 7 5 17 0 0 8 0 0 0 0 0 0 0 0 0 0 0 0 0 0 0 0 0 0 0 0 0 0 14 0 0 1 5 22 0 0 0 0 0 0 0 0 0 0 0 0 0
0 0 0 0 0 0 0 0 0 0 0 0 0 0 0 0 0 1 2 2 2 2 1 0 0 0 0 0 0 0 0 0 0 0 0 0 0 0 0 0 0 0 0 0 0 0 0 0 0 0 0 0 0 0 0 0 0 0 0 0 0 0 0 0 0 0 0 0 0 0 0 0 0 0 0 0 0 1 2 2 0 0 0 0 0 0 0 0 0 0 0 0 0 0 0 0 0 0 0 0 1 0 0 0 1 2 4 5 0 0 0 0 0 0 0 0 0 0 0 0 0 0 0 0 0 0 0 0 0 0 0 0 0 1 2 2 0 0 0 0 0 0 0 0 0 0 0 0 0 0 0 0 0 0 0 0 0 0 0 0 0 0 0 0 0 0 0 0 0 0 0 0 0 0 0 0 0 0 0 0 0 0 0 0 0 1 3 4 3 1 0 0 0 0 0 0 0 0 0 0 0 0 0 0 0 0 0 0 0 0 0 0 4 6 9 10 9 5 1 0 0 0 0 0 0 1 0 10 138 151 139 126 11 50 101 138 151 149 147 147 138 210 255 241 224 147 149 74 0 0 0 0 0 8 3 0 255 251 251 255 247 253 255 255 252 247 247 248 231 255 202 215 216 222 255 192 0 0 0 0 0 10 0 0 165 252 249 179 92 88 83 82 83 85 85 84 1 59 8 0 28 125 255 238 0 0 0 0 0 0 0 13 0 119 111 4 0 0 0 2 6 5 0 0 16 0 0 0 114 255 238 133 0 0 0 0 1 0 0 8 0 9 10 0 3 2 0 0 0 0 0 0 0 8 0 100 253 232 231 46 0 0 0 0 0 0 1 0 11 0 0 11 0 0 2 3 2 3 6 9 8 0 62 216 238 179 49 2 0 0 0 0 0 8 0 0 0 8 1 0 0 0 3 5 3 0 0 0 0 23 217 234 239 31 1 0 0 0 0 0 0 4 0 0 4 6 0 1 4 1 0 0 0 2 4 5 32 178 255 255 96 8 0 13 0 0 0 0 0 0 0 0 3 0 0 6 10 0 12 0 3 0 3 79 185 255 250 121 9 0 5 0 0 0 0 0 7 0 0 0 3 2 0 2 0 18 0 15 6 14 5 251 255 203 95 15 0 0 4 0 0 0 0 0 5 0 0 7 4 0 0 0 0 0 2 0 0 82 247 255 207 96 0 0 1 3 0 0 0 0 0 0 0 0 4 6 0 0 6 0 0 1 1 4 157 255 255 216 38 15 0 5 8 0 0 1 0 0 0 0 1 2 0 0 0 3 9 2 0 14 77 207 255 221 196 40 0 1 3 0 0 0 3 1 0 0 0 0 1 4 0 0 5 0 0 0 43 165 255 239 218 101 5 0 6 2 0 0 0 2 0 0 0 0 0 0 0 4 0 5 14 0 9 82 214 249 246 241 33 0 9 1 0 0 0 8 9 2 0 0 0 0 0 0 1 6 0 0 4 0 74 234 251 255 177 31 2 0 0 7 1 1 0 0 0 0 1 2 0 0 0 0 0 7 0 4 0 14 153 255 251 142 33 0 4 5 0 2 0 0 0 0 0 0 0 0 0 0 0 0 0 9 0 10 0 0 79 136 57 17 0 0 3 0 0 2 0 0 0 0 0 0 0 0 0 0 0 0 0 7 0 10 5 0 12 19 0 0 2 8 6 0 0 0 0 0 0 0 0 0 0 0 0 0 0 0 0 3 0 2 5 0 0 0 8 6 2 0 0 3 3 0 0 0 0 0 0 0 0 0 0 0 0 0
5 0 0 3 5 0 0 0 0 0 0 3 0 0 3 0 5 0 3 6 0 0 5 0 0 0 0 0 1 0 0 1 1 0 0 2 12 4 3 2 0 0 6 5 0 10 0 0 5 7 0 8 0 0 0 0 0 2 3 0 0 0 1 2 0 0 0 2 1 0 0 0 9 0 0 13 8 0 0 0 0 0 0 0 0 2 3 0 0 0 0 0 3 6 0 0 0 4 6 11 0 0 0 12 0 0 6 0 0 0 0 0 0 0 0 0 0 1 0 0 0 9 3 0 2 0 0 0 0 22 9 0 0 7 0 3 0 0 0 0 1 0 0 0 0 0 0 4 0 8 0 0 5 8 1 9 8 0 0 2 10 0 0 2 0 0 0 0 3 0 0 4 0 0 6 28 233 229 179 129 120 114 108 122 97 14 0 12 0 0 2 4 0 0 0 0 3 0 1 6 0 0 12 49 239 255 255 243 255 255 246 254 255 203 82 0 0 7 3 2 0 0 0 0 0 0 0 0 0 0 0 0 137 200 223 219 207 253 255 249 255 255 155 0 4 2 0 4 0 0 0 0 0 0 0 0 0 0 0 0 12 32 31 24 25 55 62 57 163 255 221 36 10 0 10 0 0 0 0 0 0 0 0 0 0 0 0 0 4 0 0 0 5 2 5 2 58 253 255 115 6 0 10 0 0 0 0 0 0 0 0 0 0 0 0 0 0 0 7 1 9 0 0 0 6 248 255 175 0 3 0 1 0 0 0 0 0 0 0 0 0 0 0 0 5 1 10 0 4 0 5 6 8 250 254 171 0 5 0 0 0 0 0 0 0 0 0 0 0 0 0 0 3 0 1 0 3 0 0 0 58 255 255 110 3 0 13 0 0 0 0 0 0 0 0 0 0 0 0 0 0 0 0 6 0 0 0 4 149 255 233 41 7 0 11 0 0 0 0 0 0 0 0 0 0 0 0 0 3 5 0 11 0 0 12 55 228 255 179 2 2 0 0 2 0 0 0 0 0 0 0 0 0 0 0 0 0 1 0 0 7 0 0 170 247 255 147 0 0 0 3 0 0 0 0 0 0 0 0 0 0 0 0 0 2 4 13 4 0 24 44 219 254 231 55 3 4 0 2 2 0 0 0 0 0 0 0 0 0 0 0 0 0 0 12 0 8 40 205 255 255 128 0 8 0 0 8 2 0 0 0 0 0 0 0 0 0 0 0 0 4 0 9 0 7 67 255 248 234 11 0 8 0 0 14 0 0 0 0 0 0 0 0 0 0 0 0 0 3 2 0 18 32 208 242 254 129 0 7 7 0 4 6 0 0 0 0 0 0 0 0 0 0 0 0 0 5 0 6 0 221 250 255 187 15 14 0 4 2 5 0 5 0 0 0 0 0 0 0 0 0 0 0 0 0 18 0 111 255 255 238 82 0 18 0 0 4 5 0 3 0 0 0 0 0 0 0 0 0 0 0 0 0 3 98 250 255 246 246 80 12 0 15 0 0 6 9 0 0 0 0 0 0 0 0 0 0 0 0 0 0 13 155 245 255 250 176 0 0 0 0 0 0 0 0 0 0 0 0 0 0 0 0 0 0 0 0 0 0 15 157 255 236 100 29 0 0 0 0 0 0 0 0 0 0 0 0 0 0 0 0 0 0 0 0 0 6 3 4 0 10 0 0 0 0 0 0 0 0 0 0 0 0 0 0 0 0 0 0 0 0 0 0 0 0 1 0 0 3 3 0 1 0 0 0 0 0 0 0 0 0 0 0 0
0 0 0 0 0 0 0 0 0 3 6 0 0 6 0 3 2 5 6 0 7 0 6 0 0 0 0 0 0 0 0 0 0 0 0 0 6 1 0 7 0 0 7 6 5 0 0 1 0 4 2 2 0 0 0 0 0 0 0 0 0 0 0 0 0 0 0 22 0 4 6 0 7 12 4 16 0 5 0 0 0 0 0 0 0 0 0 0 0 0 0 0 8 11 0 0 0 16 8 5 0 18 0 0 2 0 1 0 0 0 0 0 0 0 0 0 0 0 0 0 0 5 9 5 2 0 0 9 30 0 0 0 2 0 2 0 0 0 0 0 0 0 0 0 0 0 0 0 0 0 0 0 8 13 89 233 183 0 15 7 0 12 0 0 0 0 0 0 0 0 0 0 0 0 0 0 4 1 0 0 0 0 146 255 238 29 0 0 0 15 0 3 0 0 0 0 0 0 0 0 0 0 0 0 0 7 0 7 9 17 224 255 250 142 3 0 7 4 0 0 0 0 0 0 5 3 0 0 8 2 0 0 6 0 15 0 27 141 255 248 255 96 19 0 5 1 0 1 0 0 0 0 0 2 2 3 0 0 14 54 205 208 208 214 240 243 247 255 235 59 0 0 11 0 0 8 0 0 0 0 0 0 1 5 0 0 22 80 255 255 251 242 254 255 250 243 125 5 0 0 8 0 0 7 0 0 0 0 1 0 0 1 3 0 6 38 254 235 255 255 221 222 252 252 58 0 7 0 0 0 0 0 0 0 0 0 0 3 0 0 5 3 0 0 26 72 100 30 6 137 255 242 87 7 4 0 0 13 9 0 0 0 0 0 0 7 4 0 1 3 0 0 0 14 14 0 15 149 247 254 91 0 0 0 2 0 0 3 0 0 0 0 0 5 2 0 2 0 0 8 1 9 0 0 0 163 253 250 81 0 9 6 0 0 0 5 0 0 0 0 6 0 0 0 7 0 0 6 1 0 27 128 7 145 239 255 120 34 22 0 0 6 6 0 0 0 0 0 0 0 0 0 0 0 0 0 0 5 141 252 193 237 249 251 252 255 91 0 3 8 0 6 0 0 0 0 0 0 0 0 0 0 0 0 9 2 150 255 255 227 255 255 255 201 67 7 0 0 0 0 0 0 0 0 0 0 0 0 0 0 0 0 0 0 68 248 248 247 251 247 186 43 0 0 0 0 9 0 0 0 0 0 0 0 0 0 0 0 0 0 4 1 1 34 38 47 208 255 195 0 0 3 8 1 7 0 0 0 0 0 0 0 0 0 0 0 0 0 0 17 9 3 0 0 194 249 255 34 16 0 4 0 0 3 0 0 0 0 0 0 0 0 0 0 0 0 0 4 0 5 0 15 194 252 251 38 11 0 0 0 0 7 0 0 0 0 0 0 0 0 0 0 0 0 3 0 18 0 10 0 194 248 253 41 11 1 5 6 0 0 0 0 0 0 0 0 0 0 0 0 0 0 2 0 0 0 0 7 201 243 255 33 0 0 0 4 9 1 0 0 0 0 0 0 0 0 0 0 0 0 0 0 2 1 0 21 133 250 219 46 0 1 1 1 0 0 0 0 0 0 0 0 0 0 0 0 0 0 2 0 0 6 4 0 0 11 18 0 0 12 0 4 2 0 0 0 0 0 0 0 0 0 0 0 0 0 5 4 0 0 0 5 0 0 0 0 14 0 0 2 7 5 0 0 0 0 0 0 0 0 0 0 0 0 0 4 8 0 0 5 11 10 5 3 0 0 0 3 0 0 0 0 0 0
0 0 0 0 0 0 0 0 0 0 0 0 0 0 0 0 6 0 0 1 4 0 0 0 0 0 0 8 0 0 0 0 0 0 0 0 0 0 0 0 0 0 0 0 0 1 2 0 0 0 0 3 10 6 0 0 0 0 0 0 0 0 0 0 0 0 0 0 0 0 0 0 0 0 2 5 8 10 7 2 0 3 1 0 0 0 0 0 0 0 0 0 0 0 0 0 0 0 0 0 2 5 4 0 0 0 0 0 0 0 0 5 0 0 0 0 0 0 0 0 0 0 0 0 0 0 0 0 0 5 7 0 0 0 5 14 10 1 0 0 0 0 0 0 0 0 0 0 0 0 0 0 0 0 0 0 0 0 0 5 11 7 0 0 0 0 8 3 0 0 0 0 0 0 0 0 0 0 0 0 0 0 0 0 10 0 0 2 2 0 0 4 22 0 5 15 0 0 0 0 0 0 0 0 0 0 0 0 0 0 0 0 0 0 8 5 0 4 77 156 144 19 0 7 0 0 0 0 0 0 0 0 6 1 0 5 2 0 1 6 30 127 124 112 111 117 253 249 255 4 0 0 0 0 0 0 0 0 0 0 0 0 8 130 166 173 163 138 248 252 237 255 255 251 250 244 131 0 2 2 0 0 0 0 0 0 0 0 18 0 98 255 252 173 0 16 112 145 255 238 238 103 0 20 12 0 4 1 0 0 0 0 0 0 0 0 0 119 255 247 210 64 13 2 25 194 255 248 88 0 25 0 0 8 0 0 0 0 0 0 0 0 0 0 51 255 233 175 24 7 0 36 185 255 242 52 0 0 16 0 2 11 0 7 0 0 0 0 0 0 0 0 0 36 39 1 1 0 57 190 255 206 39 0 10 12 5 1 2 0 0 13 0 0 0 0 0 0 0 0 0 26 0 0 13 74 209 255 238 10 1 1 0 0 6 0 0 0 0 5 0 0 0 0 0 0 0 0 7 0 6 4 46 236 255 204 33 7 0 1 9 0 0 3 0 4 2 0 9 0 0 17 0 0 0 6 9 0 14 45 190 255 200 31 0 0 0 0 0 0 0 0 0 0 0 0 0 11 0 0 9 7 7 0 0 7 50 235 255 199 33 0 0 0 0 0 0 0 0 0 0 0 0 0 0 4 3 0 8 0 9 2 14 10 241 251 231 24 0 6 0 0 0 0 0 0 0 0 0 0 0 0 10 0 9 7 0 0 3 0 30 207 242 252 30 0 0 7 0 0 0 0 0 0 0 0 0 0 0 0 2 0 7 2 0 15 0 23 170 255 215 39 10 3 1 0 0 0 0 0 0 0 0 0 0 0 0 0 0 1 0 0 2 0 0 151 255 238 20 2 0 3 4 0 0 0 0 0 0 0 0 0 0 0 0 0 5 3 0 3 0 0 105 255 226 59 0 1 9 2 0 1 0 0 0 0 0 0 0 0 0 0 0 0 0 0 6 3 0 67 247 247 123 4 4 0 10 0 0 4 0 0 0 0 0 0 0 0 0 0 0 0 2 0 0 0 12 150 255 165 0 0 0 0 0 0 0 0 0 0 0 0 0 0 0 0 0 0 0 0 0 13 0 0 3 198 174 16 0 0 0 0 0 0 0 0 0 0 0 0 0 0 0 0 0 0 0 0 0 5 0 11 0 153 89 0 0 0 0 0 0 0 0 0 0 0 0 0 0 0 0 0 0 0 0 0 7 0 4 2 0 16 8 1 0 0 0 0 0 0 0 0 0 0 0 0 0 0 0 0 0 0 0 0
0 0 0 0 0 0 0 0 6 0 1 0 15 0 0 0 6 4 0 10 0 6 0 2 0 0 0 0 0 0 0 0 0 0 0 0 3 4 6 0 0 0 0 8 1 0 0 4 0 2 0 4 0 0 0 0 0 0 0 0 0 0 0 0 0 1 4 5 3 5 0 0 0 3 1 12 3 4 0 0 0 0 0 0 0 0 0 0 0 0 0 0 3 0 0 0 1 0 5 3 0 0 0 1 0 1 2 6 0 0 0 0 0 0 0 0 0 0 0 0 2 0 9 0 12 0 3 6 12 9 5 0 0 0 1 3 0 0 0 0 0 0 0 0 0 0 0 0 9 0 1 0 13 0 2 0 0 0 0 0 7 2 3 0 0 0 0 0 0 0 0 0 0 0 0 0 0 10 4 1 0 4 3 6 9 2 4 0 7 3 10 0 0 0 0 0 0 0 0 0 0 0 0 0 18 140 194 215 125 141 114 126 182 139 86 18 4 0 3 0 0 0 0 0 0 4 0 0 13 167 255 243 249 253 254 252 254 255 254 248 255 249 246 236 118 0 2 4 0 0 0 0 7 6 0 3 236 252 248 255 255 253 250 250 253 255 255 255 244 255 255 253 230 255 41 0 0 0 0 0 0 0 20 0 255 248 255 244 255 231 185 125 60 16 10 23 14 110 145 255 255 247 170 62 0 0 0 0 9 1 0 0 218 253 253 254 102 50 2 0 5 9 6 5 1 11 0 37 220 250 255 226 0 0 0 0 12 0 4 10 63 196 221 99 9 0 0 1 0 0 0 1 5 0 13 0 153 239 253 255 0 0 0 0 0 0 1 0 7 16 19 13 4 0 0 5 16 14 6 2 0 0 1 187 229 255 255 237 0 0 0 0 2 0 11 0 0 0 15 0 0 6 11 3 0 0 0 7 0 22 42 228 255 255 230 255 0 0 0 0 7 0 2 8 8 0 0 5 0 0 0 0 3 9 4 0 0 74 191 255 253 255 251 115 0 0 0 0 0 0 0 0 0 0 0 0 0 4 1 0 0 15 0 10 70 244 248 244 252 255 138 10 0 0 0 0 0 0 0 0 0 0 0 0 26 0 9 2 6 0 19 79 225 241 255 255 251 170 51 0 0 0 0 0 0 0 0 0 0 0 0 0 0 0 2 4 0 48 107 255 255 255 247 250 207 13 0 10 0 0 0 0 0 0 0 0 0 0 0 0 5 4 0 4 10 205 245 250 255 230 251 126 28 0 6 0 0 0 0 0 0 0 0 0 0 0 0 0 0 5 20 78 192 255 247 255 255 207 75 3 2 0 8 0 0 0 0 0 0 0 0 0 0 0 0 0 6 89 178 255 254 238 246 255 200 40 0 4 0 10 0 5 0 0 0 0 0 0 0 0 0 0 0 0 7 222 245 255 254 255 236 195 21 24 0 0 1 10 0 1 0 0 0 0 0 0 0 0 0 0 0 0 166 255 252 247 251 134 81 4 6 0 5 0 0 6 0 4 0 0 0 0 0 0 0 0 0 0 0 0 219 252 255 247 138 18 8 1 0 0 0 0 0 0 0 0 0 0 0 0 0 0 0 0 0 0 0 0 167 255 179 30 0 3 9 0 0 0 0 0 0 0 0 0 0 0 0 0 0 0 0 0 0 0 0 0 45 115 38 0 11 0 0 13 0 0 0 0 0 0 0 0 0 0 0 0 0 0 0 0 0 0 0 0 0 6 0 3 16 0 1 0 0 0 0 0 0 0 0 0 0 0 0 0
0 0 0 0 0 0 0 0 0 0 0 0 0 0 0 0 0 0 0 0 0 0 0 0 0 0 0 0 0 0 0 0 0 0 0 0 0 0 0 0 0 0 0 0 0 0 0 0 0 0 0 0 0 0 0 0 0 0 0 0 0 0 0 0 0 0 0 0 0 0 0 0 0 0 0 0 0 0 0 0 0 0 0 0 0 0 0 0 0 0 0 0 0 0 0 0 0 0 0 0 0 0 0 0 0 0 0 0 0 0 0 0 0 0 0 0 0 0 0 0 0 0 0 0 0 0 0 0 0 0 0 0 0 0 0 0 0 0 0 0 0 0 0 0 0 0 0 0 0 0 0 0 0 0 0 0 0 0 0 0 0 0 0 0 0 0 0 0 0 0 0 0 0 0 0 0 0 0 0 0 0 0 0 0 0 0 0 0 0 0 0 0 0 0 0 0 0 0 0 0 0 0 0 0 0 0 0 0 0 0 0 0 0 0 0 0 0 0 0 0 0 0 0 0 0 2 0 93 251 233 138 41 6 22 19 0 1 0 6 3 4 0 0 4 13 0 0 0 0 0 0 0 4 0 11 131 248 254 248 255 255 255 241 207 158 149 138 140 147 144 144 29 0 0 12 0 0 0 0 0 0 21 0 20 159 255 251 249 255 243 255 252 242 255 255 255 254 247 255 231 6 3 16 0 0 0 0 0 11 0 0 0 31 153 205 238 255 205 255 223 255 248 244 207 242 255 244 240 116 0 4 10 0 0 0 0 0 7 5 8 13 8 0 63 64 10 69 37 76 70 65 29 68 148 249 246 117 0 0 0 0 0 0 0 10 2 6 0 0 4 6 0 7 0 8 1 0 9 0 0 2 56 255 255 23 0 2 18 0 0 0 0 0 5 3 2 15 0 0 8 2 3 1 5 0 0 0 4 0 86 254 244 106 16 0 0 0 0 0 0 2 7 2 0 5 0 15 0 0 0 0 0 14 0 3 0 4 177 243 255 52 0 7 7 0 0 0 0 0 0 0 0 0 0 0 0 0 7 0 6 1 7 0 6 102 255 248 214 17 0 5 0 0 0 0 0 0 0 0 0 0 0 0 0 0 10 0 0 0 11 0 2 181 250 255 102 0 0 0 8 0 0 0 0 0 0 0 0 0 0 0 0 0 5 5 0 0 3 1 68 255 255 232 31 11 0 0 1 0 0 0 0 0 0 0 0 0 0 0 0 3 0 7 6 0 0 44 191 243 254 106 3 7 0 5 0 0 0 0 0 0 0 0 0 0 0 0 0 5 0 4 5 0 2 98 255 255 219 18 0 0 0 0 2 0 0 0 0 0 0 0 0 0 0 0 0 2 0 2 0 0 17 139 255 255 136 14 0 2 2 0 0 0 0 0 0 0 0 0 0 0 0 0 0 1 0 0 0 0 12 157 246 204 19 2 0 6 5 1 3 0 0 0 0 0 0 0 0 0 0 0 0 2 0 0 15 0 0 162 254 199 0 3 4 0 0 15 0 0 0 0 0 0 0 0 0 0 0 0 0 0 1 3 0 3 18 241 254 86 4 7 0 0 0 0 1 0 0 0 0 0 0 0 0 0 0 0 0 0 0 2 0 0 13 207 252 80 0 4 0 0 0 1 2 0 0 0 0 0 0 0 0 0 0 0 0 3 0 0 2 0 6 156 251 74 0 2 0 0 2 2 3 0 0 0 0 0 0 0 0 0 0 0 0 5 0 0 4 0 2 112 254 71 0 1 0 1 1 0 0 0 0 0 0
0 0 0 0 0 0 0 0 0 0 1 21 0 0 11 0 0 0 0 0 0 0 0 0 0 0 0 0 0 0 0 0 0 0 0 0 9 7 0 0 8 9 0 0 0 0 0 0 0 0 0 0 0 0 0 0 0 0 0 0 0 0 0 0 0 10 17 8 0 15 6 0 0 0 0 0 0 0 0 0 0 0 0 0 0 0 0 0 0 0 0 0 5 0 0 0 6 0 0 18 0 0 0 0 0 0 0 0 0 0 0 0 0 0 0 0 0 0 0 0 4 0 14 10 0 0 8 0 0 0 0 0 0 0 0 0 0 0 0 0 0 0 0 0 0 0 0 0 0 5 0 0 1 0 6 0 0 0 0 0 0 0 0 0 0 0 0 0 0 0 0 0 0 0 0 0 0 29 0 135 255 148 0 9 0 0 0 0 0 0 0 0 0 0 0 0 0 0 0 0 0 0 0 0 0 2 1 224 251 234 119 0 0 0 0 0 0 0 0 0 0 0 0 0 0 0 0 0 0 0 0 0 7 0 70 255 237 255 246 192 0 0 0 0 3 5 0 5 0 0 0 0 0 0 0 0 0 0 0 0 0 0 206 233 85 111 214 249 5 5 1 0 0 0 0 0 0 0 0 0 0 0 0 0 0 0 0 0 0 119 246 224 2 0 65 255 185 59 0 6 13 0 12 0 0 0 0 0 0 0 0 0 0 0 0 0 44 239 160 17 5 6 6 15 254 190 11 5 0 7 0 5 0 0 0 0 0 0 0 0 0 0 0 0 229 248 56 0 14 0 12 13 79 249 148 0 0 9 0 0 0 0 0 0 0 0 0 0 0 0 0 0 255 214 38 5 0 14 0 0 0 195 254 125 21 0 9 0 0 0 0 0 0 0 0 0 0 0 0 0 0 7 20 0 14 0 0 0 16 165 240 242 0 0 0 14 0 0 0 0 0 0 0 0 0 0 0 0 4 2 0 11 0 0 3 1 0 166 255 139 3 0 7 0 0 0 0 0 0 0 0 0 0 0 0 0 0 3 1 0 0 9 0 7 6 159 255 100 0 6 0 0 0 0 0 0 0 0 0 0 0 0 0 0 0 3 7 11 0 3 7 0 80 232 165 28 0 0 2 0 0 0 0 0 0 0 0 0 0 0 0 0 12 0 0 4 0 0 0 15 255 237 31 0 14 0 0 6 0 0 0 0 0 0 0 0 0 0 0 0 0 0 18 2 6 0 8 181 232 117 17 0 0 11 0 0 0 0 0 0 0 0 0 0 0 0 0 0 16 0 0 0 15 2 108 254 255 48 0 2 2 0 0 12 0 0 0 0 0 0 0 0 0 0 0 0 0 5 9 7 0 22 224 238 17 0 16 0 0 0 15 0 0 0 0 0 0 0 0 0 0 0 0 0 0 0 0 8 9 149 255 127 2 2 0 1 14 0 3 0 0 0 0 0 0 0 0 0 0 0 0 0 7 0 6 0 4 195 165 0 3 0 0 8 0 1 0 1 0 0 0 0 0 0 0 0 0 0 0 0 0 0 0 0 155 255 74 0 0 0 0 0 0 0 0 0 0 0 0 0 0 0 0 0 0 0 0 0 15 0 26 0 233 222 138 18 0 0 0 0 0 0 0 0 0 0 0 0 0 0 0 0 0 0 0 0 0 17 2 0 12 0 0 3 0 0 0 0 0 0 0 0 0 0 0 0 0 0 0 0 0 0 0 0 0 7 0 0 1 0 3 6 0 0 0 0 0 0 0 0 0 0 0 0
2 1 0 0 9 3 0 2 0 2 8 8 3 0 0 0 0 5 6 2 12 0 9 0 0 0 0 0 0 4 3 0 0 0 0 0 0 0 0 0 0 0 2 7 1 0 0 0 11 0 7 0 0 0 0 0 0 0 0 1 2 9 11 1 6 4 2 1 1 0 0 0 3 4 3 3 6 0 5 6 0 0 0 0 15 0 0 4 0 0 0 0 0 0 0 1 2 1 0 0 0 5 9 0 0 0 0 0 0 0 0 0 4 0 1 2 0 0 3 13 8 8 7 2 0 0 0 3 2 0 0 0 3 11 1 0 0 0 0 0 0 6 3 0 10 14 0 0 0 0 0 1 0 0 0 0 9 0 0 9 0 0 0 12 0 0 0 0 0 11 0 0 7 0 0 9 6 0 0 0 2 7 6 1 0 0 4 6 0 17 0 0 0 0 0 0 0 6 0 0 7 0 44 180 146 106 55 20 12 15 16 14 19 22 13 13 49 121 62 0 0 0 0 0 8 0 12 0 0 0 45 240 255 231 255 255 255 254 255 255 255 247 255 251 250 242 255 31 0 0 0 0 2 0 8 1 9 1 0 89 211 255 255 234 255 255 252 241 243 255 255 251 254 255 225 41 0 0 0 0 5 0 0 0 7 6 0 0 9 150 187 193 186 167 195 246 244 176 251 255 248 255 131 0 0 0 0 0 4 6 0 0 0 2 11 2 6 17 0 0 0 4 9 18 9 146 254 255 248 187 44 15 0 0 0 0 0 3 5 10 0 0 9 0 0 3 10 7 0 17 0 11 55 228 255 255 163 9 0 0 0 0 0 0 0 0 0 9 2 0 1 0 5 6 0 0 2 0 0 54 228 255 239 219 0 2 0 3 0 0 0 0 4 0 0 0 0 3 0 3 7 3 1 9 23 0 29 135 238 255 255 28 16 0 7 0 0 0 0 0 0 2 8 0 0 7 0 1 0 0 4 0 0 18 178 255 255 241 36 2 3 0 0 10 0 0 0 0 0 14 0 0 0 0 4 0 6 0 5 0 7 152 255 255 218 67 0 5 0 0 8 1 0 0 0 0 0 2 0 2 7 0 7 0 4 0 13 0 153 241 255 232 71 5 0 12 1 0 1 0 0 0 0 0 5 0 0 5 0 0 2 0 3 0 9 166 234 255 170 25 0 0 1 5 0 0 4 0 0 0 0 0 2 0 2 5 0 0 4 4 0 6 90 250 255 246 21 0 1 11 5 0 0 4 7 4 0 0 0 0 0 0 5 2 0 6 4 0 0 43 204 250 240 89 14 10 0 5 0 0 2 5 0 0 0 0 0 0 1 1 1 0 6 8 0 0 23 209 242 255 159 0 0 0 0 0 0 1 5 0 0 1 0 0 0 0 1 3 1 0 3 0 0 54 180 251 255 240 2 9 6 4 5 4 4 3 0 0 0 4 0 0 0 0 0 2 7 0 2 0 24 151 251 255 228 120 8 0 0 1 0 0 0 0 0 3 2 0 0 0 0 0 0 3 0 4 1 0 139 245 247 255 121 0 2 5 0 0 0 0 0 0 0 0 0 0 0 0 0 0 0 5 0 0 0 5 155 255 255 104 0 0 0 0 4 13 0 0 0 0 0 0 0 0 0 0 0 0 0 6 0 2 0 0 88 149 216 45 2 16 0 4 0 0 0 0 0 0 0 0 0 0 0 0 0 0 0 3 0 6 4 0 5 6 0 0 0 0 0 9 5 2 0 0 0 0 0 0 0 0 0 0 0 0
0 0 0 0 0 0 0 0 7 0 0 0 3 2 2 3 2 0 4 7 0 0 2 1 0 0 0 0 0 0 0 0 0 0 0 0 0 0 10 6 6 0 0 0 3 0 0 0 0 0 4 0 0 0 0 0 0 0 0 0 0 0 0 0 15 1 0 0 4 0 7 0 0 3 17 16 0 0 0 0 0 0 0 0 0 0 0 0 0 0 0 0 0 0 11 0 6 0 3 0 3 0 0 0 0 7 10 0 0 0 0 0 0 0 0 0 0 0 0 0 8 0 4 0 6 0 4 1 1 0 9 16 3 0 0 0 0 0 0 0 0 0 0 0 0 0 0 0 0 0 0 7 1 0 0 0 6 0 0 2 0 0 0 11 0 0 0 0 0 0 0 0 0 0 0 0 2 5 0 5 0 10 77 167 239 109 0 0 5 14 6 0 0 0 0 0 0 0 0 0 0 0 0 0 0 0 17 121 160 215 224 255 255 129 17 0 1 0 0 0 0 0 0 0 0 0 0 0 0 0 0 0 0 0 181 255 246 248 152 66 232 205 0 0 6 0 8 0 0 0 0 0 0 0 0 0 0 0 0 0 0 5 65 70 53 38 12 40 251 192 4 0 0 0 5 1 0 0 0 0 0 0 0 0 0 0 0 0 0 8 3 0 0 0 0 54 255 150 7 3 0 0 1 2 0 0 0 0 0 0 0 0 0 0 0 0 0 0 3 5 0 13 7 53 251 93 1 2 0 4 0 0 0 0 0 0 0 0 0 0 0 0 0 0 2 0 8 1 0 0 0 135 255 57 0 0 0 7 0 0 0 0 0 0 0 0 0 0 0 0 0 0 3 0 0 2 13 2 0 234 255 42 2 0 0 2 2 0 0 0 0 0 0 0 0 0 0 0 0 0 2 3 0 3 14 0 0 228 229 22 2 0 4 0 3 1 0 0 0 0 0 0 0 0 0 0 0 0 4 10 0 11 0 0 63 246 185 0 0 0 11 0 3 0 0 0 0 0 0 0 0 0 0 0 0 0 0 0 0 1 0 5 197 251 30 10 0 0 1 0 0 3 0 0 0 0 0 0 0 0 0 0 0 0 1 0 0 14 0 0 244 225 19 4 0 0 3 0 0 1 0 0 0 0 0 0 0 0 0 0 0 0 1 0 7 0 2 108 246 156 5 0 0 2 3 0 0 1 0 0 0 0 0 0 0 0 0 0 0 0 0 0 10 0 12 234 255 67 0 0 0 3 2 0 0 1 0 0 0 0 0 0 0 0 0 0 0 0 0 13 0 0 59 252 255 13 2 1 1 2 0 0 0 3 0 0 0 0 0 0 0 0 0 0 0 0 0 11 0 0 187 255 136 4 4 3 2 1 0 0 0 2 0 0 0 0 0 0 0 0 0 0 0 0 0 0 0 61 255 255 1 5 2 2 1 0 0 1 1 0 0 0 0 0 0 0 0 0 0 0 0 0 5 0 1 174 234 200 0 1 0 0 0 0 2 4 1 0 0 0 0 0 0 0 0 0 0 0 0 0 0 5 43 252 247 33 0 0 0 0 0 0 0 0 0 0 0 0 0 0 0 0 0 0 0 0 0 0 10 0 31 220 216 22 0 11 0 0 0 0 0 0 0 0 0 0 0 0 0 0 0 0 0 0 0 0 0 13 0 4 0 0 9 0 0 0 0 0 0 0 0 0 0 0 0 0 0 0 0 0 0 0 0 0 0 13 11 3 1 6 10 0 0 0 0 0 0 0 0 0 0 0 0 0
0 0 0 0 0 0 0 0 1 0 0 12 0 0 6 1 0 2 0 4 6 1 2 0 0 0 0 0 0 0 0 0 0 0 0 0 0 10 1 0 0 8 0 0 1 0 10 5 0 0 7 10 0 0 0 0 0 0 0 0 0 0 0 0 0 0 1 3 0 0 6 10 9 0 6 4 6 15 0 0 0 0 0 0 0 0 0 0 0 0 0 0 10 0 1 14 0 0 7 0 0 14 0 0 2 0 0 10 0 0 0 0 0 0 0 0 0 0 0 0 4 0 0 0 0 13 13 0 0 14 0 0 11 0 4 3 0 0 0 0 0 0 0 0 0 0 0 0 0 10 0 0 9 0 0 8 2 0 0 10 0 0 6 0 0 0 0 0 0 0 0 0 0 0 0 0 3 4 3 0 0 10 17 0 0 0 10 0 5 16 0 20 0 0 0 0 0 0 0 0 0 0 0 0 0 0 14 0 0 158 202 30 5 3 0 4 173 192 0 5 0 0 0 0 0 0 4 1 0 0 2 1 4 4 0 7 137 255 136 24 1 12 3 143 255 209 10 2 0 0 0 0 3 0 0 2 9 15 11 0 0 10 4 70 255 229 7 0 13 102 221 255 243 184 7 0 0 0 0 0 6 2 0 0 0 0 0 0 3 0 13 200 222 195 170 188 255 220 214 253 235 0 2 0 0 0 0 0 0 1 4 3 2 0 3 15 10 20 158 249 255 238 214 183 57 16 133 238 136 4 0 14 0 0 0 0 0 0 0 3 17 8 0 0 2 232 255 250 116 36 3 0 0 25 226 210 16 0 12 0 0 0 0 0 3 8 0 0 1 0 0 16 195 250 207 53 0 0 3 6 11 67 220 56 11 4 0 11 0 0 0 0 0 9 2 0 1 1 24 76 251 223 48 0 0 11 0 0 81 237 95 6 0 0 0 0 0 0 0 0 0 7 0 0 8 0 0 27 137 46 0 9 0 0 0 19 241 228 35 6 0 0 0 3 0 0 0 0 0 0 0 0 0 0 0 0 0 0 1 10 4 4 0 228 246 27 0 5 0 10 0 4 0 0 0 0 0 0 0 0 0 0 0 0 15 0 1 0 0 0 56 250 149 5 0 8 0 8 0 0 0 0 0 0 0 0 0 0 0 0 0 0 0 0 12 15 0 27 203 255 44 0 0 7 0 2 3 0 0 0 0 0 0 0 0 0 0 0 0 0 0 8 0 0 5 104 251 101 0 0 0 1 0 0 5 0 0 0 0 0 0 0 0 0 0 0 0 0 6 0 10 2 20 215 255 4 0 7 0 0 0 0 2 3 0 0 0 0 0 0 0 0 0 0 0 0 0 15 0 8 167 228 41 0 0 4 0 0 7 0 0 0 0 0 0 0 0 0 0 0 0 0 0 0 9 0 0 127 255 179 0 12 0 0 0 0 4 5 0 0 0 0 0 0 0 0 0 0 0 0 0 0 0 10 83 245 185 13 10 0 1 0 8 0 0 7 0 4 0 0 0 0 0 0 0 0 0 0 0 0 0 49 241 225 41 0 4 0 0 0 0 0 0 0 0 0 0 0 0 0 0 0 0 0 0 0 0 0 78 184 218 109 3 0 2 0 0 0 0 0 0 0 0 0 0 0 0 0 0 0 0 0 0 0 0 0 197 217 76 0 0 10 13 0 0 0 0 0 0 0 0 0 0 0 0 0 0 0 0 0 0 0 0 0 0 15 0 5 11 0 2 4 0 0 0 0 0 0 0 0 0 0 0 0
3 2 0 0 0 6 5 1 0 0 0 0 0 0 0 1 0 0 0 0 0 0 0 0 0 0 0 0 0 0 3 8 3 0 0 0 1 1 0 0 0 0 0 0 0 0 0 0 0 0 0 0 0 0 0 0 10 0 0 0 2 2 5 12 1 1 1 1 1 0 0 0 0 0 0 0 0 0 0 0 0 0 0 0 2 0 0 0 2 0 0 0 0 0 0 1 0 0 0 0 0 0 0 0 0 0 0 0 0 0 0 0 0 4 7 0 0 0 5 4 0 0 0 0 0 0 0 0 0 0 0 0 0 0 0 0 0 0 0 0 2 2 0 0 0 5 3 0 0 0 0 0 0 0 0 1 0 0 0 0 0 0 0 0 0 0 0 0 0 0 0 6 5 0 0 6 6 4 1 0 0 0 0 2 0 0 0 0 0 0 0 0 0 0 0 0 0 0 3 3 0 3 93 194 13 10 5 0 0 0 0 1 0 0 0 0 0 0 0 0 0 0 0 0 0 5 2 0 19 0 200 242 0 5 10 0 0 12 0 11 2 0 0 9 0 6 0 6 0 0 0 0 0 0 5 0 0 59 255 121 4 10 0 9 22 0 7 0 0 17 1 0 1 25 35 0 0 0 0 0 0 7 0 4 27 181 249 84 3 1 10 0 0 0 0 5 0 0 0 21 167 255 210 9 0 0 0 0 6 0 7 0 216 254 255 255 155 28 0 4 19 11 0 8 5 11 18 129 249 237 154 0 0 0 0 0 6 9 0 122 252 152 49 152 253 255 227 169 87 53 81 51 61 87 221 255 239 216 0 11 0 0 0 0 0 0 19 213 228 32 0 10 53 124 191 253 249 255 255 254 255 233 155 102 255 57 0 0 0 0 0 0 11 2 0 146 71 4 4 0 0 1 3 17 41 140 102 111 66 17 61 247 174 0 4 2 0 0 0 0 5 0 2 3 7 1 0 2 0 7 0 155 223 255 220 228 217 229 236 244 203 15 0 6 0 0 0 0 0 0 0 0 0 0 0 0 2 1 22 66 107 127 133 137 193 224 255 211 56 0 1 4 0 0 0 0 0 0 0 0 0 0 0 0 0 0 0 2 8 1 0 0 6 82 166 59 0 0 5 0 0 0 0 0 0 0 0 0 0 0 0 0 8 4 5 9 6 0 0 6 0 105 197 12 0 12 17 4 0 0 0 0 0 0 0 0 0 0 0 0 0 0 0 0 0 0 0 3 2 137 200 0 4 0 0 0 0 0 0 0 0 0 0 0 0 0 0 0 5 3 2 3 2 0 0 0 0 165 192 1 12 0 3 12 0 0 0 0 0 0 0 0 0 0 0 0 0 0 0 0 3 3 1 0 0 181 193 0 0 0 3 0 0 0 0 0 0 0 0 0 0 0 0 0 5 4 2 0 0 0 0 0 0 164 199 0 0 4 6 0 0 0 0 0 0 0 0 0 0 0 0 0 0 0 0 0 0 0 4 5 12 142 206 0 4 3 0 0 0 0 0 0 0 0 0 0 0 0 0 0 0 0 0 0 0 0 0 0 0 62 104 19 0 0 15 0 0 0 0 0 0 0 0 0 0 0 0 0 0 0 0 0 0 0 0 0 1 2 15 0 11 0 7 0 0 0 0 0 0 0 0 0 0 0 0 0 0 0 0 0 0 0 0 0 0 0 0 0 7 0 0 0 0 0 0 0 0 0 0 0 0 0 0 0 0 0 0 0 0 0 0 0 0 10 6 7 0 2 0 3 0 0 0 0
0 0 0 0 0 0 0 0 3 0 6 2 0 3 9 0 3 1 1 2 3 3 0 0 0 0 0 0 0 0 0 0 0 0 0 0 1 10 0 0 21 0 0 3 0 0 0 0 0 0 1 1 0 0 0 0 0 0 0 0 0 0 0 0 0 10 6 2 0 0 15 0 1 1 0 0 0 0 1 3 0 0 0 0 0 0 0 0 0 0 0 0 10 7 0 0 14 6 0 0 2 4 5 3 0 0 0 1 0 0 0 0 0 0 0 0 0 0 0 0 0 0 17 8 0 6 12 0 0 0 2 3 2 0 0 0 0 0 0 0 0 0 0 0 0 0 0 0 17 0 7 10 0 0 3 11 0 0 0 0 2 3 1 0 0 0 0 0 0 0 0 0 0 0 0 0 0 3 0 138 255 121 0 0 8 2 0 0 1 4 2 0 0 0 0 0 0 0 0 0 0 0 0 0 0 0 22 201 255 239 255 154 25 13 1 0 1 5 3 0 0 0 0 0 1 0 0 0 0 4 5 0 32 126 225 245 227 223 247 255 245 140 16 0 3 0 4 1 0 0 0 0 3 5 8 3 0 1 0 13 223 255 251 250 54 8 72 202 253 253 189 51 3 0 8 2 0 0 0 0 0 0 0 0 0 11 0 96 244 244 244 196 23 1 0 24 136 242 255 97 0 2 9 0 0 0 0 0 13 13 4 3 0 0 0 160 255 251 255 47 0 2 6 0 5 128 251 147 0 6 0 0 0 0 0 0 0 0 0 3 0 5 15 214 245 255 224 40 10 4 6 5 0 57 255 224 41 0 0 10 0 0 0 0 10 1 2 12 0 0 0 143 255 253 51 2 0 2 0 0 9 23 255 255 102 0 6 0 0 0 0 0 0 0 0 5 0 2 9 68 245 231 28 10 0 6 1 10 0 51 238 246 79 11 5 0 0 0 0 0 2 3 9 0 0 4 7 0 50 31 4 0 14 3 0 2 2 139 251 229 0 3 0 9 0 0 0 0 0 0 0 0 0 0 0 0 0 20 0 10 0 0 12 0 18 194 227 151 0 0 9 0 0 0 0 0 0 0 0 0 0 0 0 0 11 0 18 0 1 0 0 0 129 247 255 82 1 0 0 9 0 0 0 0 0 0 0 0 0 0 0 0 0 0 0 0 9 0 8 9 182 255 236 18 8 7 0 12 0 0 0 0 0 0 0 0 0 0 0 0 10 22 0 12 0 0 2 54 208 249 105 0 3 3 0 0 0 0 0 0 0 0 0 0 0 0 0 0 0 0 2 2 0 14 33 214 255 213 16 0 0 0 7 0 0 0 0 0 0 0 0 0 0 0 0 0 12 0 12 0 1 0 87 255 243 111 0 0 2 0 6 0 0 0 0 0 0 0 0 0 0 0 0 0 0 2 0 0 11 53 213 252 124 12 1 0 5 7 0 0 0 0 0 0 0 0 0 0 0 0 0 0 0 0 8 0 4 187 255 208 40 0 1 7 0 0 0 0 0 0 0 0 0 0 0 0 0 0 0 0 5 3 2 0 149 255 218 33 0 0 0 0 0 0 0 0 0 0 0 0 0 0 0 0 0 0 0 0 0 15 0 12 40 154 97 4 0 0 0 0 0 0 0 0 0 0 0 0 0 0 0 0 0 0 0 0 0 6 1 0 0 25 16 0 0 0 0 0 0 0 0 0 0 0 0 0 0 0 0 0 0 0 0 0 11 0 15 0 8 0 9 0 0 0 0 0 0 0 0 0 0 0 0 0
0 0 0 0 0 0 0 0 0 0 0 0 0 0 0 0 0 4 0 0 9 9 0 0 0 0 0 0 0 0 0 0 0 0 0 0 0 0 0 0 0 0 0 0 2 8 8 0 0 0 8 1 0 0 0 0 0 0 0 0 0 0 0 0 0 0 0 0 0 0 0 0 1 0 0 10 0 0 4 3 0 0 0 0 0 0 0 0 0 0 0 0 0 0 0 0 0 0 0 0 8 0 0 7 6 0 0 0 0 0 0 0 0 0 0 0 0 0 0 0 0 0 0 0 0 0 0 0 0 9 0 0 0 8 0 0 0 0 0 0 0 0 0 0 0 0 0 0 0 0 0 0 0 0 0 0 2 14 12 9 10 0 0 4 0 0 0 0 0 0 0 0 0 0 0 0 0 0 0 0 0 0 0 0 1 0 0 0 0 1 16 0 0 0 0 0 0 0 0 0 0 0 0 0 0 0 0 0 0 0 0 0 6 0 15 0 21 166 238 152 0 0 0 0 0 4 1 5 0 12 0 0 0 6 1 0 0 13 0 10 0 1 0 54 154 255 230 52 0 0 0 0 3 5 0 4 0 0 3 1 0 33 114 233 71 6 0 0 44 61 158 221 249 250 169 10 0 0 0 0 0 6 0 1 3 0 10 0 6 89 237 255 138 160 223 221 237 253 226 172 241 195 37 2 0 0 0 0 0 9 0 0 5 5 0 5 92 255 252 247 255 196 181 144 80 45 19 180 250 98 0 0 0 0 0 0 0 10 0 0 0 0 0 89 225 254 209 138 17 12 0 0 11 0 16 255 197 4 7 9 0 0 0 0 1 1 0 7 0 1 66 222 249 201 35 0 9 0 10 0 0 15 185 244 78 10 0 8 0 0 0 0 0 0 0 3 0 21 182 255 174 42 0 0 28 0 0 12 14 34 241 157 0 15 0 8 0 0 0 0 0 1 4 0 0 36 248 199 5 2 2 4 0 6 8 0 17 246 224 20 5 0 13 0 0 0 0 0 0 0 0 0 0 0 0 0 5 0 9 3 6 0 5 0 209 253 86 4 0 12 0 9 0 0 0 0 0 0 0 0 0 0 0 0 1 0 0 5 0 2 6 97 255 226 26 2 1 0 14 0 0 0 0 0 0 0 0 0 0 0 0 0 14 0 10 9 14 0 29 214 255 115 2 0 0 0 3 0 0 0 0 0 0 0 0 0 0 0 0 0 0 31 0 0 0 9 205 255 141 9 1 0 2 1 0 4 0 0 0 0 0 0 0 0 0 0 0 0 0 3 0 2 0 153 241 185 17 0 0 6 17 0 10 0 0 0 0 0 0 0 0 0 0 0 0 0 10 0 0 5 76 232 231 39 0 0 7 0 10 0 1 0 0 0 0 0 0 0 0 0 0 0 0 0 0 0 22 0 134 255 161 4 5 0 16 0 0 13 0 4 0 0 0 0 0 0 0 0 0 0 0 0 0 8 0 132 248 166 12 0 0 14 0 6 8 0 11 0 0 0 0 0 0 0 0 0 0 0 0 0 0 44 100 233 211 67 0 4 0 0 0 0 0 0 0 0 0 0 0 0 0 0 0 0 0 0 0 0 16 60 236 210 38 0 7 1 0 0 0 0 0 0 0 0 0 0 0 0 0 0 0 0 0 0 0 0 0 168 236 33 0 32 0 3 0 0 0 0 0 0 0 0 0 0 0 0 0 0 0 0 0 0 0 0 0 0 0 0 5 0 0 10 0 0 0 0 0 0 0 0 0 0 0 0
0 0 0 0 0 0 0 0 0 0 0 0 0 0 0 0 0 0 0 0 0 0 0 0 0 0 0 0 0 0 0 0 0 0 0 0 0 0 0 0 0 0 0 0 0 0 0 0 0 0 0 0 0 0 0 0 0 0 0 0 0 0 0 0 0 0 0 0 0 0 0 0 0 0 0 0 0 0 0 0 0 0 0 0 0 0 0 0 0 0 0 0 0 0 0 0 0 0 0 0 0 0 0 0 0 0 0 0 0 0 0 0 0 0 0 0 0 0 0 0 0 0 0 0 0 0 0 0 0 0 0 0 0 0 0 0 0 0 0 0 0 0 0 0 0 0 0 0 0 0 0 0 0 0 0 0 0 0 0 0 0 0 0 0 0 0 0 0 0 0 0 0 0 0 0 0 0 0 0 0 0 0 0 0 0 0 0 0 0 0 0 0 0 0 0 0 0 0 0 0 0 0 0 0 0 0 0 0 0 0 0 0 0 0 0 0 0 0 0 0 0 0 0 0 0 0 6 0 0 0 0 0 0 6 0 1 0 12 0 6 6 0 5 17 0 0 10 0 0 0 0 0 0 14 0 1 21 89 107 103 100 104 89 36 0 0 18 3 0 12 3 0 0 5 0 0 0 0 0 0 0 0 7 105 250 255 255 234 247 254 255 240 133 24 16 0 0 11 2 0 7 0 0 17 0 0 0 0 0 9 7 170 253 254 241 255 251 255 239 255 255 255 254 192 165 79 14 0 0 3 4 0 0 0 0 0 10 2 0 33 152 147 174 153 162 169 158 191 254 189 179 155 255 251 220 144 45 0 0 7 0 0 0 0 0 21 0 7 0 4 0 0 13 0 8 94 226 68 11 0 0 108 208 255 238 110 4 7 0 0 0 0 9 0 0 0 11 0 3 0 0 0 22 20 75 1 0 0 17 9 0 98 255 251 99 0 0 0 0 0 1 0 4 6 0 1 0 3 6 0 0 4 0 5 0 13 0 5 0 7 142 255 176 2 0 0 0 0 0 0 0 0 0 0 0 0 0 0 7 5 0 0 3 0 3 0 0 7 86 255 153 0 0 0 0 0 0 0 0 0 0 0 0 0 8 0 0 0 0 8 8 0 9 3 1 6 221 230 152 5 0 0 0 0 0 0 0 0 0 0 0 0 0 0 5 3 1 0 0 0 0 20 0 89 252 255 111 1 0 0 0 0 0 0 0 0 0 0 0 0 0 4 0 0 0 3 11 21 3 0 113 234 255 143 5 0 0 0 0 0 0 0 0 0 0 0 0 0 7 3 0 0 9 0 0 0 4 63 252 255 190 21 0 21 0 0 0 0 0 0 0 0 0 0 0 0 0 2 1 6 9 0 4 54 172 255 219 137 22 0 1 0 0 0 0 0 0 0 0 0 0 0 0 0 0 6 1 0 0 5 101 236 250 224 58 1 0 0 6 6 0 0 0 0 0 0 0 0 0 0 0 0 0 3 1 3 1 8 107 254 126 77 0 0 0 14 0 6 0 0 0 0 0 0 0 0 0 0 0 0 0 0 0 0 0 0 0 0 0 0 0 0 0 0 0 0 0 0 0 0 0 0 0 0 0 0 0 0 0 0 0 0 0 0 0 0 0 0 0 0 0 0 0 0 0 0 0 0 0 0 0 0 0 0 0 0 0 0 0 0 0 0 0 0 0 0 0 0 0 0 0 0 0 0 0 0 0 0 0 0 0 0 0 0 0 0 0 0 0 0 0 0 0 0 0 0 0 0 0 0 0 0 0 0
0 0 0 0 0 0 0 0 0 5 0 6 5 0 0 3 6 0 2 0 0 14 0 2 0 0 0 0 0 0 0 0 0 0 0 0 0 0 0 0 3 12 4 5 0 0 13 6 3 7 0 0 0 0 0 0 0 0 0 0 0 0 0 0 10 0 13 0 0 0 0 0 5 0 3 0 0 0 0 8 0 0 0 0 0 0 0 0 0 0 0 0 0 0 2 5 0 0 9 7 11 0 0 6 1 1 0 0 0 0 0 0 0 0 0 0 0 0 0 0 2 1 0 7 5 0 0 0 0 0 0 0 0 0 4 2 0 0 0 0 0 0 0 0 0 0 0 0 0 8 1 6 7 0 0 10 0 21 11 7 6 0 0 0 0 0 0 0 0 0 0 0 0 0 0 0 0 6 7 0 0 22 0 1 0 15 0 0 5 4 2 3 0 0 0 0 0 0 0 0 0 0 0 0 5 0 10 0 125 245 174 184 255 239 94 0 0 0 0 0 0 0 0 0 0 0 0 0 0 0 0 0 0 8 0 15 207 255 253 255 255 246 219 19 0 0 2 0 0 0 0 0 0 0 0 0 0 0 0 0 0 2 14 142 255 242 255 239 237 255 246 21 0 5 7 0 0 0 0 0 0 0 0 0 0 0 0 0 12 0 0 209 255 255 176 49 159 251 255 27 0 4 1 0 0 0 0 0 0 0 0 0 0 0 0 0 0 0 114 255 250 241 101 0 133 250 242 22 0 0 0 0 0 0 0 0 0 0 0 0 0 0 0 0 0 13 240 255 255 99 1 0 200 255 174 1 0 0 2 9 0 0 0 0 0 0 0 0 0 0 0 0 1 91 255 254 233 51 3 48 245 255 75 0 8 6 4 0 0 0 0 0 0 0 0 0 0 0 0 0 11 216 255 228 84 3 0 84 244 237 5 0 11 0 4 0 0 0 0 0 0 0 0 0 0 0 0 0 31 243 255 174 3 0 6 140 255 250 0 9 0 0 9 6 0 0 0 0 0 0 0 0 0 0 0 0 0 90 101 20 0 12 3 219 252 190 11 0 0 9 0 7 0 0 0 0 0 0 0 0 0 0 0 0 0 9 0 0 14 0 60 250 246 106 3 0 4 3 0 0 0 0 0 0 0 0 0 0 0 0 0 0 0 7 0 3 0 0 145 255 232 23 2 0 9 1 0 2 0 0 0 0 0 0 0 0 0 0 0 0 0 6 0 3 0 62 246 247 181 0 2 1 2 0 4 6 0 0 0 0 0 0 0 0 0 0 0 0 2 0 0 17 0 114 255 252 87 0 0 0 0 0 2 0 0 0 0 0 0 0 0 0 0 0 0 0 2 0 9 16 0 147 246 228 9 10 0 6 0 4 1 0 0 0 0 0 0 0 0 0 0 0 0 0 2 0 0 0 17 235 255 181 0 4 1 8 0 7 0 0 0 0 0 0 0 0 0 0 0 0 0 0 0 6 3 6 56 250 255 169 8 0 2 2 0 1 0 2 0 0 0 0 0 0 0 0 0 0 0 0 0 5 7 0 179 255 255 73 0 0 0 0 0 0 0 0 0 0 0 0 0 0 0 0 0 0 0 0 13 2 0 5 180 243 239 80 0 0 0 0 0 0 0 0 0 0 0 0 0 0 0 0 0 0 0 0 0 16 0 0 141 255 215 0 0 0 0 0 0 0 0 0 0 0 0 0 0 0 0 0 0 0 0 0 2 4 0 12 13 0 0 0 0 0 0 0 0 0 0 0 0 0 0 0
0 0 0 0 0 0 0 0 0 0 0 0 0 0 0 0 4 0 0 0 2 5 5 0 0 0 0 0 0 0 0 0 0 0 0 0 0 0 0 0 0 0 0 0 5 5 2 10 0 0 0 15 0 0 0 0 0 0 0 0 0 0 0 0 0 0 0 0 0 0 0 0 0 0 0 11 9 12 0 0 0 0 0 0 0 0 0 0 0 0 0 0 0 0 0 0 0 0 0 0 0 17 8 0 0 0 0 4 0 0 0 0 0 0 0 0 0 0 0 0 0 0 0 0 0 0 0 0 0 0 0 0 0 0 0 0 0 0 0 0 0 0 0 0 0 0 0 0 0 0 0 0 0 0 0 0 14 0 0 12 6 0 1 5 0 0 0 0 0 0 0 0 0 0 0 0 0 0 0 0 0 0 0 0 0 0 0 19 0 0 1 0 0 0 0 0 0 0 0 0 0 0 0 0 0 0 0 0 0 0 0 0 0 3 1 105 121 230 137 7 0 0 0 0 0 7 0 9 6 0 12 57 34 5 0 66 79 83 225 229 227 228 230 245 255 241 233 0 0 0 0 0 13 1 0 0 0 96 189 223 219 196 192 235 255 243 255 236 255 231 252 255 255 255 178 10 0 0 0 0 0 7 6 3 81 231 255 255 250 254 255 243 255 248 248 255 251 255 241 249 221 188 28 0 0 0 0 0 0 9 0 0 106 255 251 240 253 255 255 240 255 255 245 251 238 255 243 249 30 5 0 7 0 0 0 0 18 0 1 0 13 123 140 134 0 2 0 6 3 0 2 1 210 241 255 205 15 0 16 0 0 0 0 0 0 0 7 4 0 10 0 7 2 1 0 11 0 0 16 67 237 255 232 7 0 3 0 0 0 0 0 0 0 12 0 0 8 10 0 5 15 0 0 2 6 2 0 109 255 255 222 12 0 0 11 6 0 0 0 0 1 3 0 9 0 3 11 0 0 0 13 0 0 0 14 233 245 248 95 0 15 0 0 4 0 0 0 0 0 0 0 0 0 0 0 0 6 0 6 0 15 0 207 246 255 131 3 0 0 0 0 6 0 0 0 0 0 0 0 0 0 0 0 0 0 0 6 2 0 24 237 255 249 102 5 6 1 1 0 0 0 0 0 0 0 0 0 0 0 0 0 0 17 0 0 0 0 119 255 249 224 51 0 2 0 2 4 0 0 0 0 0 0 0 0 0 0 0 0 0 0 2 4 2 18 159 252 254 199 17 0 0 0 0 8 3 0 0 0 0 0 0 0 0 0 0 0 0 6 1 0 0 116 247 255 245 159 8 3 4 0 0 3 0 0 0 0 0 0 0 0 0 0 0 0 0 0 9 18 4 167 254 255 247 77 0 0 6 3 3 0 0 0 0 0 0 0 0 0 0 0 0 0 0 0 0 0 0 178 255 242 177 4 0 0 1 2 4 0 1 0 0 0 0 0 0 0 0 0 0 0 0 4 0 5 2 175 255 253 168 0 19 0 0 0 1 0 5 0 0 0 0 0 0 0 0 0 0 0 0 8 0 4 0 181 249 255 50 0 0 0 0 0 0 0 0 0 0 0 0 0 0 0 0 0 0 0 0 0 0 7 0 166 250 251 31 0 0 0 0 0 0 0 0 0 0 0 0 0 0 0 0 0 0 0 0 14 2 0 6 164 253 234 41 0 0 0 0 0 0 0 0 0 0 0 0 0 0 0 0 0 0 0 0 0 1 15 0 0 0 19 0 0 0 0 0 0 0 0 0 0 0 0 0
0 0 0 0 0 0 0 0 6 0 1 4 3 4 0 4 6 4 0 0 0 0 3 6 0 0 0 0 0 0 0 0 0 0 0 0 2 0 2 0 0 0 0 0 0 0 7 11 7 1 0 0 0 0 0 0 0 0 0 0 0 0 0 0 0 7 7 0 7 0 6 0 6 5 2 0 0 0 0 3 0 0 0 0 0 0 0 0 0 0 0 0 0 2 1 0 14 0 9 6 0 0 0 0 2 4 0 0 0 0 0 0 0 0 0 0 0 0 0 0 7 2 4 1 11 0 0 0 11 9 6 3 0 0 0 0 0 0 0 0 0 0 0 0 0 0 0 0 2 0 1 6 0 11 4 6 0 0 1 0 0 0 0 8 0 0 0 0 0 0 0 0 0 0 0 0 13 0 9 2 0 25 0 0 15 9 2 1 4 4 0 0 0 0 0 0 0 0 0 0 0 0 0 0 0 0 61 95 103 248 252 254 252 170 66 2 0 2 5 0 0 0 0 0 0 6 3 0 14 0 40 41 175 190 223 253 255 244 247 255 255 255 251 57 13 0 2 0 0 0 0 0 12 0 0 25 91 123 240 255 254 244 244 255 255 254 252 255 255 230 244 120 0 5 0 3 0 0 0 0 0 6 0 107 255 255 255 237 255 254 255 255 223 153 79 37 187 249 255 223 13 2 0 3 0 0 0 0 0 15 0 97 250 243 255 236 120 134 140 108 44 0 0 13 45 255 244 255 99 2 3 3 0 0 0 0 0 0 13 138 210 204 187 61 5 0 0 2 13 11 3 0 26 255 240 246 175 7 6 0 0 0 0 0 10 0 3 18 0 0 31 0 1 2 3 2 0 0 0 7 29 192 255 250 192 0 0 0 0 0 0 0 0 3 0 0 0 0 0 4 0 0 0 5 10 8 1 0 0 133 245 250 175 0 0 11 0 0 0 0 1 0 11 12 0 5 0 4 3 0 0 0 0 0 0 2 29 204 252 255 177 1 4 0 0 0 0 0 0 0 0 0 0 0 0 0 0 13 0 0 0 13 0 5 47 249 255 255 11 0 0 8 0 0 0 0 0 0 0 0 0 0 0 0 0 4 0 5 5 2 0 7 145 255 255 225 37 11 3 0 0 0 0 0 0 0 0 0 0 0 0 0 10 1 0 0 0 3 17 105 253 254 245 119 0 0 1 5 0 0 0 0 0 0 0 0 0 0 0 0 0 0 1 8 0 0 6 122 255 244 255 97 4 0 0 0 0 0 0 0 0 0 0 0 0 0 0 0 0 0 4 4 0 0 0 110 249 244 255 90 12 12 0 0 0 0 0 0 0 0 0 0 0 0 0 0 4 0 0 0 0 7 0 119 255 251 212 27 0 3 3 3 0 0 0 0 0 0 0 0 0 0 0 0 0 0 5 2 4 0 0 124 255 255 177 12 0 2 4 0 0 0 0 0 0 0 0 0 0 0 0 0 2 0 8 0 0 1 35 225 250 255 158 5 13 0 4 0 0 0 0 0 0 0 0 0 0 0 0 0 0 7 3 1 0 5 19 254 251 255 35 0 0 6 1 0 0 0 0 0 0 0 0 0 0 0 0 0 3 1 0 4 0 0 34 255 254 200 16 12 0 0 3 7 0 0 0 0 0 0 0 0 0 0 0 0 0 2 0 11 0 0 15 150 255 141 0 0 0 0 11 1 0 0 0 0 0 0 0 0 0 0 0 0 0 11 0 3 0 3 0 16 0 0 0 15 2 0 0 0 0 0 0 0
0 0 0 0 0 0 0 0 0 0 0 0 0 0 0 0 0 0 0 0 0 0 0 0 0 0 0 0 0 0 0 0 0 0 0 0 0 0 0 0 0 0 0 0 0 0 0 0 0 0 0 0 0 0 0 0 0 0 0 0 0 0 0 0 0 0 0 0 0 0 0 0 0 0 0 0 0 0 0 0 0 0 0 0 0 0 0 0 0 0 0 0 0 0 0 0 0 0 0 0 0 0 0 0 0 0 0 0 0 0 0 0 0 0 0 0 0 0 0 0 0 0 0 0 0 0 0 0 0 0 0 0 0 0 0 0 0 0 0 0 0 0 0 0 0 0 0 0 0 0 0 0 0 0 0 0 0 0 0 0 0 0 0 0 0 0 0 0 0 0 0 0 0 0 0 0 0 0 0 0 0 0 0 0 0 0 0 0 0 0 0 0 0 0 0 0 0 0 0 0 0 0 0 0 0 0 0 0 0 0 0 0 0 0 0 0 0 0 0 0 0 0 0 0 0 0 10 255 222 137 146 80 13 29 3 23 16 21 112 138 150 121 117 19 0 5 10 6 0 0 0 0 10 3 0 255 255 255 251 254 249 249 255 255 246 242 254 255 242 247 255 255 180 37 5 0 0 0 0 0 0 0 6 242 253 255 228 255 255 241 255 247 230 236 198 195 207 230 181 249 245 180 0 19 0 0 0 0 12 0 10 164 255 243 158 43 53 85 156 121 56 28 0 5 0 25 17 60 251 253 44 0 0 0 0 0 0 0 0 48 176 255 245 42 3 0 0 0 0 10 8 0 0 0 0 22 224 235 152 0 0 0 0 0 0 14 0 0 0 65 128 37 0 10 10 15 0 0 4 0 12 2 3 42 228 255 141 0 0 0 0 0 0 2 0 21 0 0 5 0 9 0 0 0 0 0 13 6 0 10 58 3 207 241 123 19 0 0 0 0 1 1 6 0 0 13 0 7 4 0 2 13 6 0 0 0 9 197 254 220 226 251 137 0 0 0 0 0 0 0 0 0 0 0 0 0 0 7 0 0 8 0 4 3 10 115 143 127 253 252 119 0 0 0 0 0 0 0 0 0 0 0 0 0 2 19 8 4 0 0 5 0 0 0 7 107 252 232 19 0 0 0 0 0 0 0 0 0 0 0 0 0 0 0 0 5 4 3 10 0 0 13 34 226 253 156 0 21 0 0 0 0 0 0 0 0 0 0 0 0 10 0 0 11 4 0 0 0 14 1 186 251 249 156 18 0 0 0 0 0 0 0 0 0 0 0 0 0 9 3 9 6 0 0 1 14 1 137 243 255 181 194 126 0 0 0 0 0 0 0 0 0 0 0 0 0 0 0 4 0 2 12 0 0 88 248 248 129 5 125 48 12 0 0 0 0 0 0 0 0 0 0 0 0 2 7 3 0 7 4 0 26 238 252 138 0 0 0 22 0 0 0 0 0 0 0 0 0 0 0 0 0 0 0 2 0 1 0 36 184 255 141 4 0 5 0 4 8 0 0 0 0 0 0 0 0 0 0 0 0 0 0 16 0 0 50 190 252 207 42 0 6 1 0 0 3 0 0 0 0 0 0 0 0 0 0 0 0 0 24 0 1 27 213 255 242 40 0 3 11 0 0 3 2 0 0 0 0 0 0 0 0 0 0 0 0 1 0 11 6 189 255 246 106 0 0 13 2 0 3 0 0 0 0 0 0 0 0 0 0 0 0 0 0 13 0 0 27 225 246 161 14 11 3 0 0 2 10 4 3 0 0 0 0
0 6 0 1 6 0 0 0 0 0 0 0 0 3 2 3 0 0 0 0 0 0 0 0 0 0 0 0 3 1 0 3 2 0 0 1 16 4 0 4 10 0 0 6 0 0 0 0 0 0 0 0 0 0 0 0 5 0 0 5 0 0 0 2 0 0 11 13 0 0 13 0 0 0 0 0 0 0 0 0 0 0 0 0 2 0 4 3 0 5 2 0 30 4 0 0 1 1 1 3 0 0 0 0 0 0 0 0 0 0 0 0 0 0 9 0 0 8 0 0 0 23 3 0 15 11 0 1 0 0 0 0 0 0 0 0 0 0 0 0 0 0 10 0 0 2 0 22 3 0 1 4 0 2 8 0 0 0 0 0 0 0 0 0 0 0 0 0 3 0 6 0 2 0 0 91 241 56 0 10 2 0 8 2 0 0 0 0 0 0 0 0 0 0 0 0 6 0 2 1 11 0 12 153 255 194 55 0 0 9 0 1 0 0 0 0 0 0 0 0 0 0 0 0 0 4 2 0 0 0 18 56 255 251 239 45 1 12 6 15 74 126 176 163 7 0 12 0 0 0 0 0 0 1 1 2 3 0 4 27 240 253 255 254 221 190 228 255 255 255 229 255 57 6 0 2 0 0 0 0 0 0 0 1 7 0 0 9 255 217 95 150 156 132 144 81 66 66 107 251 142 12 1 0 0 0 0 0 3 1 0 0 4 2 2 14 251 217 0 10 0 0 27 0 2 0 68 255 184 8 6 0 0 0 0 0 1 3 0 0 1 1 3 16 240 240 0 0 9 6 0 0 2 0 66 255 129 4 0 10 0 0 0 0 0 3 1 0 2 0 0 4 49 190 55 1 0 0 0 10 0 4 144 255 109 0 0 0 0 0 0 0 0 3 1 0 4 0 0 0 0 189 107 7 0 0 3 0 0 5 220 250 85 1 16 7 0 0 0 0 1 4 0 0 2 3 0 1 11 152 67 0 6 0 16 0 5 21 241 255 32 6 0 0 0 0 0 0 0 0 0 0 0 0 0 0 4 0 1 0 12 2 1 0 0 140 255 126 4 0 6 4 0 0 0 0 0 0 0 0 0 0 0 0 3 2 8 0 0 0 0 9 22 233 231 31 7 3 0 6 0 0 0 0 0 0 0 0 0 0 0 0 0 0 3 0 10 17 0 6 159 255 128 0 3 2 0 3 0 0 0 0 0 0 0 0 0 0 0 0 2 0 1 0 2 0 0 19 253 238 34 0 0 0 6 0 0 0 0 0 0 0 0 0 0 0 0 0 0 2 5 3 0 0 55 158 240 255 19 0 0 9 0 4 0 0 0 0 0 0 0 0 0 0 0 0 0 0 0 6 6 10 158 255 255 255 26 0 0 11 0 7 0 0 0 0 0 0 0 0 0 0 0 0 4 1 0 0 6 1 183 246 248 139 10 10 0 0 8 1 0 0 0 0 0 0 0 0 0 0 0 0 0 5 2 0 0 0 214 255 119 15 0 4 1 0 17 0 0 0 0 0 0 0 0 0 0 0 0 0 0 1 0 8 0 102 250 156 0 0 0 0 0 0 0 0 0 0 0 0 0 0 0 0 0 0 0 0 0 17 0 0 41 205 249 42 0 0 0 0 0 0 0 0 0 0 0 0 0 0 0 0 0 0 0 0 1 0 0 23 0 0 10 0 0 0 0 0 0 0 0 0 0 0 0 0 0 0 0 0 0 0 0 0 4 0 0 0 0 9 5 0 0 0 0 0 0 0 0 0 0 0 0 0
0 0 0 0 0 0 0 0 11 0 5 0 0 0 19 0 0 0 0 0 0 0 0 0 0 0 0 0 0 0 0 0 0 0 0 0 0 0 4 26 0 1 0 0 0 0 0 0 0 0 0 0 0 0 0 0 0 0 0 0 0 0 0 0 0 4 0 0 12 4 0 13 0 0 0 0 0 0 0 0 0 0 0 0 0 0 0 0 0 0 0 0 5 4 7 32 0 2 1 0 0 0 0 0 0 0 0 0 0 0 0 0 0 0 0 0 0 0 0 0 0 0 0 0 5 0 0 0 0 0 0 0 0 0 0 0 0 0 0 0 0 0 0 0 0 0 0 0 0 0 0 8 8 1 0 11 0 0 0 0 0 0 0 0 0 0 0 0 0 0 0 0 0 0 0 0 0 9 109 252 3 7 0 0 0 0 0 0 0 0 0 0 0 0 0 0 0 0 0 0 0 0 0 0 0 8 164 247 149 13 3 2 0 0 0 0 0 0 0 0 0 0 0 0 0 0 0 0 0 0 0 0 1 0 188 243 255 229 152 124 45 29 0 4 14 0 0 0 0 0 0 0 0 0 0 0 0 0 0 0 7 56 231 254 127 212 215 255 255 220 219 214 129 11 0 13 0 0 0 0 0 0 0 0 0 0 0 0 4 190 255 176 0 4 31 90 123 123 161 255 220 32 1 0 0 0 0 0 0 0 0 0 0 0 0 0 87 255 239 46 3 0 0 9 5 0 0 219 244 0 2 19 0 0 0 0 0 0 0 0 0 0 0 0 155 255 217 0 0 6 0 0 3 0 97 255 200 1 0 0 0 0 0 0 0 0 0 0 0 0 0 0 62 227 129 8 1 1 6 8 5 0 192 243 66 1 8 4 0 0 0 0 0 0 0 0 0 0 0 0 11 143 73 0 9 0 5 0 0 0 217 254 47 0 0 9 0 0 0 0 0 0 0 0 0 0 0 0 4 22 208 5 3 0 0 1 6 144 255 184 0 3 5 0 0 0 0 0 0 0 0 0 0 0 0 0 1 6 0 0 9 8 0 11 38 221 255 60 10 0 0 0 0 0 0 0 0 0 0 0 0 0 0 0 0 10 4 9 0 5 0 37 183 255 119 13 0 0 4 11 0 0 0 0 0 0 0 0 0 0 0 0 0 15 0 1 6 0 68 245 255 234 7 0 2 0 5 1 0 0 0 0 0 0 0 0 0 0 0 0 9 0 0 0 12 0 170 255 219 80 0 3 9 0 7 0 0 0 0 0 0 0 0 0 0 0 0 0 0 1 1 0 14 0 208 251 101 0 10 0 0 0 6 2 0 0 0 0 0 0 0 0 0 0 0 0 0 13 0 0 4 102 255 218 9 4 0 0 3 0 0 10 0 0 0 0 0 0 0 0 0 0 0 0 11 0 6 4 63 244 247 8 0 18 0 3 8 3 0 1 0 0 0 0 0 0 0 0 0 0 0 0 0 0 0 16 245 240 45 0 4 0 3 0 0 5 2 0 0 0 0 0 0 0 0 0 0 0 0 0 0 27 0 123 255 120 0 0 0 0 0 0 0 0 0 0 0 0 0 0 0 0 0 0 0 0 0 0 16 0 56 236 193 7 0 14 0 0 0 0 0 0 0 0 0 0 0 0 0 0 0 0 0 0 0 0 0 0 1 12 0 0 18 0 0 0 0 0 0 0 0 0 0 0 0 0 0 0 0 0 0 0 0 0 2 7 0 0 17 4 0 13 0 0 0 0 0 0 0 0 0 0 0 0
2 1 0 0 0 0 0 0 1 0 0 0 0 1 3 3 3 4 4 1 0 0 1 4 0 0 0 0 0 0 0 0 0 0 0 1 1 4 6 7 3 0 0 0 0 0 0 4 5 3 0 0 0 0 0 0 0 0 0 0 0 0 0 0 0 0 0 0 0 0 2 6 12 6 0 0 0 1 4 4 0 0 0 0 0 0 0 0 0 0 0 0 4 3 2 0 0 0 0 3 0 0 0 1 4 4 2 0 0 0 0 0 0 0 0 0 0 0 0 0 0 0 0 1 2 1 0 0 9 8 6 3 0 0 0 0 0 0 0 0 2 1 0 0 0 0 0 0 3 2 0 0 0 2 6 9 0 0 0 0 0 0 1 2 0 0 0 0 2 0 0 0 0 2 5 7 0 0 7 5 0 0 0 3 10 3 0 1 8 9 2 0 0 0 0 0 0 0 0 0 0 4 9 12 138 178 228 255 255 253 250 252 203 146 68 11 0 0 1 3 0 0 0 0 3 2 0 0 0 0 77 238 255 235 255 216 203 205 203 215 242 255 226 97 1 0 7 0 0 0 0 0 0 12 0 7 0 70 242 255 163 96 63 7 2 0 0 0 60 234 255 184 8 0 0 0 0 0 0 0 0 12 0 22 0 0 97 34 10 0 0 0 12 6 8 8 0 228 253 219 0 0 0 19 0 0 0 0 5 0 0 10 14 0 4 12 0 6 7 7 3 0 0 0 5 228 250 194 7 2 0 3 0 0 0 0 2 6 9 0 0 10 0 8 0 12 0 0 0 1 3 4 50 242 255 106 0 10 2 0 0 0 0 0 0 0 8 8 1 4 4 0 0 7 0 0 3 8 0 10 172 254 207 22 0 0 6 8 0 0 0 0 11 0 0 12 0 0 12 0 0 3 1 0 0 0 0 73 249 246 123 10 9 4 0 1 0 0 0 0 0 0 5 3 1 9 0 0 3 0 0 8 0 7 1 105 252 251 72 0 0 7 0 5 0 0 0 0 0 0 0 0 0 0 0 0 0 0 0 6 9 0 5 176 255 187 4 7 0 0 7 0 0 0 0 0 0 0 0 0 0 0 0 0 7 2 9 3 0 0 66 255 235 88 0 1 0 0 5 0 0 0 0 0 0 0 0 0 0 0 0 0 0 0 0 3 5 17 139 250 253 20 5 0 0 2 0 0 0 0 0 0 0 0 0 0 0 0 0 0 0 16 0 0 0 0 206 250 255 16 8 0 0 9 0 0 0 0 0 0 0 0 0 0 0 0 0 0 0 15 0 4 1 79 247 250 166 15 0 0 0 9 0 5 0 0 0 0 0 0 0 0 0 0 0 0 7 0 0 6 12 223 255 224 37 7 0 8 0 0 0 8 0 0 0 0 0 0 0 0 0 0 0 0 6 0 1 0 9 252 251 179 0 6 0 9 1 0 0 1 0 0 0 0 0 0 0 0 0 0 0 0 0 6 0 0 76 255 244 54 0 4 0 0 0 0 5 0 0 0 0 0 0 0 0 0 0 0 0 0 0 0 15 0 210 255 234 86 0 0 0 0 0 0 0 0 0 0 0 0 0 0 0 0 0 0 0 0 21 0 0 11 216 252 248 180 0 0 0 0 0 0 0 0 0 0 0 0 0 0 0 0 0 0 0 0 0 6 5 0 179 246 172 12 0 0 0 0 0 0 0 0 0 0 0 0 0 0 0 0 0 0 0 0 2 0 0 0 21 0 0 9 0 0 0 0 0 0 0 0 0 0 0 0
0 0 0 0 0 0 0 0 0 0 0 1 4 5 4 3 0 6 0 0 0 4 2 1 0 0 0 0 0 0 0 0 0 0 0 0 3 3 3 1 0 0 0 0 0 0 0 10 10 0 0 2 0 0 0 0 0 0 0 0 0 0 0 0 0 0 0 0 0 0 2 6 6 0 0 1 0 0 2 9 0 0 0 0 0 0 0 0 0 0 0 0 5 5 4 3 1 0 0 0 3 2 10 10 0 2 3 0 0 0 0 0 0 0 0 0 0 0 0 0 0 0 0 0 1 2 0 0 0 0 0 0 1 5 6 2 0 0 0 0 0 0 0 0 0 0 0 0 5 4 3 4 5 5 1 0 13 7 0 0 8 0 0 4 0 0 0 0 0 0 0 0 0 0 0 0 0 0 0 0 0 0 2 8 0 12 3 0 0 5 0 5 0 0 0 0 0 0 0 0 0 0 0 0 1 19 43 64 84 111 146 171 237 255 175 30 0 7 0 0 0 0 0 0 0 0 0 0 0 0 0 0 42 227 255 252 255 251 255 191 166 191 251 111 0 0 2 7 0 0 0 0 0 0 0 0 0 0 0 0 98 162 146 110 69 16 3 0 7 135 250 90 17 14 0 0 0 0 0 0 0 0 0 0 0 0 0 0 0 8 4 0 0 2 0 6 13 199 248 12 0 0 0 9 0 0 0 0 0 0 0 0 0 0 0 0 0 4 1 0 0 7 4 0 22 241 210 11 9 17 0 0 0 0 0 0 0 0 0 0 0 0 0 0 0 8 0 12 3 0 1 6 133 255 115 0 0 0 0 0 0 0 0 0 0 0 0 0 0 0 0 0 0 14 0 0 8 0 8 0 189 242 26 0 13 10 5 7 0 0 0 0 0 0 0 0 0 0 0 0 0 12 0 0 5 8 3 19 255 215 11 0 1 0 0 0 0 0 0 0 0 0 0 0 0 0 0 0 2 0 4 2 4 0 3 127 253 152 2 0 0 2 6 2 0 0 0 0 0 0 0 0 0 0 0 0 8 0 0 0 0 2 7 158 255 37 0 9 0 0 6 0 0 0 0 0 0 0 0 0 0 0 0 0 0 16 5 3 0 13 41 249 220 36 3 7 0 0 4 0 0 0 0 0 0 0 0 0 0 0 0 0 0 7 4 0 4 0 131 255 120 7 0 0 0 0 3 2 0 0 0 0 0 0 0 0 0 0 0 0 4 0 0 2 6 34 255 226 27 0 0 0 0 5 0 0 0 0 0 0 0 0 0 0 0 0 0 0 0 7 0 18 0 150 255 119 0 0 5 5 0 5 0 0 0 0 0 0 0 0 0 0 0 0 0 0 0 6 5 0 68 253 180 9 0 7 3 4 0 2 0 2 0 0 0 0 0 0 0 0 0 0 0 0 0 0 0 19 205 255 98 0 0 2 0 5 0 2 1 4 0 0 0 0 0 0 0 0 0 0 0 0 4 6 0 122 249 163 0 0 3 2 0 15 0 3 0 0 0 0 0 0 0 0 0 0 0 0 0 0 4 3 24 233 234 21 0 3 0 0 0 0 0 0 0 0 0 0 0 0 0 0 0 0 0 0 0 0 0 0 167 253 107 19 11 0 0 0 0 0 0 0 0 0 0 0 0 0 0 0 0 0 0 0 0 0 4 39 248 188 0 0 0 16 0 0 0 0 0 0 0 0 0 0 0 0 0 0 0 0 0 0 0 0 0 0 8 0 0 20 0 1 0 0 0 0 0 0 0 0 0 0 0 0
0 0 0 0 0 0 0 0 0 0 1 0 2 3 0 0 0 0 0 0 0 0 0 0 0 0 0 0 0 0 0 0 0 0 0 0 0 5 0 0 0 7 16 1 0 0 0 0 0 0 0 0 0 0 0 0 0 0 0 0 0 0 0 0 11 5 0 7 1 0 4 0 0 0 0 0 0 0 0 0 0 0 0 0 0 0 0 0 0 0 0 0 0 0 0 7 1 0 3 0 0 0 0 0 0 0 1 1 0 0 0 0 0 0 0 0 0 0 0 0 0 0 16 0 0 15 3 0 1 0 0 0 0 0 1 2 0 0 0 0 0 0 0 0 0 0 0 0 2 0 0 0 0 0 0 9 4 2 1 0 0 0 0 1 0 0 0 0 0 0 0 0 0 0 0 0 0 23 0 0 16 0 0 3 6 4 2 0 0 0 0 0 0 0 0 0 0 0 0 0 0 0 0 0 124 251 179 136 145 132 142 60 8 5 2 0 0 0 0 0 0 0 0 0 0 0 0 0 0 0 0 0 143 241 255 250 245 254 243 255 230 163 26 15 0 0 0 5 0 0 0 0 0 0 0 0 0 0 0 0 228 255 221 190 189 181 187 231 248 253 221 23 7 16 4 0 0 0 0 0 0 0 0 0 0 0 0 0 238 243 124 11 0 0 0 14 107 241 255 7 0 0 0 0 0 0 0 0 0 0 0 0 0 0 0 0 229 250 110 0 0 9 14 12 79 254 176 24 0 0 4 5 0 0 0 0 0 0 0 0 0 0 0 0 235 251 98 0 9 0 0 0 169 255 29 0 0 4 0 0 0 0 0 0 0 0 0 0 0 0 0 0 230 255 91 5 16 5 0 35 241 252 10 0 10 19 0 11 0 0 0 0 0 0 0 0 0 0 0 0 227 254 58 0 0 0 0 76 253 246 35 2 3 0 0 0 0 0 0 0 0 0 0 0 0 0 0 0 232 219 9 0 13 0 12 156 255 248 17 5 3 0 16 0 0 0 0 0 0 0 0 0 0 0 0 0 125 212 7 9 0 0 8 160 255 244 28 0 6 0 7 0 0 0 0 0 0 0 0 0 0 0 0 0 0 32 0 0 0 13 0 162 251 207 10 0 4 0 3 0 0 0 0 0 0 0 0 0 0 0 0 0 0 0 14 4 4 7 0 160 250 167 0 0 1 0 0 7 0 0 0 0 0 0 0 0 0 0 0 0 14 0 5 4 4 0 11 164 255 150 2 3 0 4 0 4 0 0 0 0 0 0 0 0 0 0 0 0 0 11 0 0 7 0 8 157 255 149 9 2 0 10 0 0 0 0 0 0 0 0 0 0 0 0 0 0 0 19 1 0 5 14 0 157 253 153 8 0 0 9 0 0 0 0 0 0 0 0 0 0 0 0 0 0 0 0 0 0 0 11 0 168 251 159 2 0 0 1 0 0 0 0 0 0 0 0 0 0 0 0 0 0 2 3 0 6 6 0 12 155 254 164 0 2 1 0 0 5 0 0 0 0 0 0 0 0 0 0 0 0 0 9 0 0 5 0 0 159 250 178 0 0 0 6 0 0 0 0 0 0 0 0 0 0 0 0 0 0 0 5 2 0 2 0 13 161 255 139 0 9 1 0 4 17 0 0 0 0 0 0 0 0 0 0 0 0 0 2 4 0 0 0 3 98 240 92 0 2 3 0 0 0 0 0 0 0 0 0 0 0 0 0 0 0 9 0 0 0 0 0 0 14 0 0 2 5 6 0 0 4 0 0 0 0
0 0 0 0 0 0 0 0 0 0 0 0 0 0 0 0 0 0 0 0 0 0 0 0 0 0 0 0 0 0 0 0 0 0 0 0 0 0 0 0 0 0 0 0 0 0 0 0 0 0 0 0 0 0 0 0 0 0 0 0 0 0 0 0 0 0 0 0 0 0 0 0 0 0 0 0 0 0 0 0 0 0 0 0 0 0 0 0 0 0 0 0 0 0 0 0 0 0 0 0 0 0 0 0 0 0 0 0 0 0 0 0 0 0 0 0 0 0 0 0 0 0 0 0 0 0 0 0 0 0 0 0 0 0 0 0 0 0 0 0 0 0 0 0 0 0 0 0 0 0 0 0 0 0 0 0 0 0 0 0 0 0 0 0 0 0 0 0 0 0 0 0 0 0 0 0 0 0 0 0 0 0 0 0 0 0 0 0 0 0 0 0 0 0 0 0 0 0 0 0 0 0 0 0 0 0 0 0 0 0 0 0 0 0 0 0 0 0 0 0 0 0 0 0 0 0 18 0 0 6 20 30 0 3 0 0 12 0 36 46 108 123 130 179 248 162 3 4 0 0 0 0 6 0 0 13 0 6 249 233 233 226 237 220 214 234 255 240 255 231 239 255 255 126 0 0 0 0 0 0 6 0 3 0 2 7 194 255 255 178 203 205 156 119 112 64 65 10 19 220 231 13 5 0 0 0 0 0 0 9 17 0 5 5 0 96 194 23 0 7 14 5 2 0 8 0 133 255 154 7 0 4 0 0 0 0 0 6 0 8 8 0 0 0 5 0 6 0 0 0 0 10 0 13 229 243 42 0 0 0 0 0 0 0 1 0 0 0 6 0 34 0 0 9 15 0 4 5 0 0 1 86 240 180 13 0 8 1 0 0 0 0 4 0 14 0 0 0 0 0 0 0 1 0 3 0 6 14 2 175 255 60 0 15 0 1 0 0 0 0 0 0 0 8 0 8 0 5 4 6 0 0 8 0 14 0 62 255 212 0 28 0 5 0 0 0 0 0 0 0 0 0 0 0 0 0 0 20 0 0 14 0 0 4 159 255 92 1 0 4 1 0 0 0 0 0 0 0 0 0 0 0 0 0 11 0 6 7 0 6 13 35 246 186 38 1 0 4 0 5 0 0 0 0 0 0 0 0 0 0 0 0 4 1 0 0 24 0 0 181 255 83 0 1 1 3 0 4 0 0 0 0 0 0 0 0 0 0 0 0 0 3 3 0 4 0 79 255 186 15 0 1 0 0 4 0 0 0 0 0 0 0 0 0 0 0 0 0 3 0 0 3 0 0 185 255 63 0 5 0 0 0 14 0 0 0 0 0 0 0 0 0 0 0 0 0 0 8 0 0 20 106 255 166 4 0 1 0 10 0 8 0 0 0 0 0 0 0 0 0 0 0 0 0 0 0 23 0 30 233 254 24 0 0 0 0 11 0 0 5 0 0 0 0 0 0 0 0 0 0 0 0 11 0 0 9 139 253 76 3 0 0 7 0 2 5 0 4 0 0 0 0 0 0 0 0 0 0 0 0 2 6 9 64 255 151 0 0 0 0 0 0 0 0 0 0 0 0 0 0 0 0 0 0 0 0 0 0 0 5 33 253 155 0 18 2 0 0 0 0 0 0 0 0 0 0 0 0 0 0 0 0 0 0 0 0 12 2 201 163 1 2 2 0 0 0 0 0 0 0 0 0 0 0 0 0 0 0 0 0 0 0 0 0 0 141 173 0 24 0 0 0 0 0 0 0 0 0 0 0 0 0 0 0
0 0 0 0 0 0 0 0 2 0 0 6 4 0 0 6 1 1 0 10 4 0 8 2 0 0 0 0 0 0 0 0 0 0 0 0 0 0 0 0 0 0 0 0 0 5 0 0 0 1 10 0 0 0 0 0 0 0 0 0 0 0 0 0 2 3 0 0 0 6 9 7 0 16 8 4 4 0 0 0 0 0 0 0 0 0 0 0 0 0 0 0 5 1 0 0 0 0 0 0 0 0 0 0 3 0 0 6 0 0 0 0 0 0 0 0 0 0 0 0 0 0 0 10 13 5 1 4 14 5 0 0 0 6 0 0 0 0 0 0 0 0 0 0 0 0 0 0 10 4 0 0 0 0 0 5 0 0 16 6 0 7 2 0 0 0 0 0 0 0 0 0 0 0 0 0 0 1 8 0 0 4 7 0 15 0 0 7 0 0 3 4 0 0 0 0 0 0 0 0 0 0 0 0 16 86 150 179 209 244 244 216 185 29 0 11 7 0 0 0 0 0 0 0 0 2 9 0 0 5 0 14 170 240 255 255 245 255 253 253 253 76 9 0 11 8 0 4 0 0 0 0 1 0 4 0 0 0 4 41 252 255 183 118 68 39 77 254 248 68 8 0 0 0 0 2 0 0 0 0 6 0 0 3 0 0 7 64 251 255 84 0 5 7 12 224 251 77 2 7 0 0 4 0 0 0 0 0 5 0 0 2 1 0 6 57 255 254 78 2 6 0 0 248 255 120 0 0 5 4 7 0 0 0 0 0 0 0 2 0 1 2 0 27 176 247 135 18 0 9 21 232 254 187 14 0 4 4 0 0 0 0 0 0 0 0 5 0 0 6 0 2 32 52 21 10 0 0 20 241 254 245 38 0 2 0 0 7 0 0 0 0 0 0 4 0 0 5 0 0 0 6 12 0 0 12 55 255 255 254 33 8 1 0 1 5 0 0 0 0 2 0 3 0 0 1 0 7 10 0 0 0 5 0 2 179 255 231 3 5 0 0 8 0 0 0 0 0 0 0 0 0 0 0 0 0 0 4 0 6 0 0 9 154 252 242 42 0 8 2 0 5 0 0 0 0 0 0 0 0 0 0 0 0 0 2 0 6 0 1 4 151 254 247 31 0 5 0 0 0 0 0 0 0 0 0 0 0 0 0 0 0 0 0 0 5 0 2 0 155 251 247 11 0 0 0 0 0 0 0 0 0 0 0 0 0 0 0 0 0 0 0 0 5 0 1 0 176 248 242 0 1 0 0 4 0 0 0 0 0 0 0 0 0 0 0 0 0 0 0 3 4 0 0 2 207 253 238 0 5 0 0 6 0 0 0 0 0 0 0 0 0 0 0 0 0 0 0 5 3 0 0 6 233 255 229 0 5 1 0 5 0 0 0 0 0 0 0 0 0 0 0 0 0 2 0 3 1 0 3 6 244 255 208 4 0 2 0 2 0 0 0 0 0 0 0 0 0 0 0 0 0 5 0 1 0 2 7 4 245 245 188 2 0 0 0 1 1 0 0 0 0 0 0 0 0 0 0 0 0 0 0 0 5 0 0 80 233 255 138 24 0 0 4 5 1 0 0 0 0 0 0 0 0 0 0 0 0 1 3 0 1 0 9 121 255 255 109 0 0 10 0 0 0 0 0 0 0 0 0 0 0 0 0 0 0 0 3 1 0 0 0 73 183 244 111 7 0 0 0 0 13 0 0 0 0 0 0 0 0 0 0 0 0 0 0 0 0 1 0 0 29 2 0 0 3 11 9 0 0 0 0 0 0
0 0 0 0 0 0 0 0 4 0 0 2 1 0 0 11 6 0 0 7 8 1 0 0 0 0 0 0 0 0 0 0 0 0 0 0 0 0 1 1 0 0 0 0 0 0 0 0 0 0 3 14 0 0 0 0 0 0 0 0 0 0 0 0 3 5 3 0 1 8 9 5 1 8 11 5 0 0 0 0 0 0 0 0 0 0 0 0 0 0 0 0 1 0 0 0 0 0 0 0 0 0 0 0 0 4 1 0 0 0 0 0 0 0 0 0 0 0 0 0 0 0 0 8 11 3 0 2 3 3 0 0 0 3 5 2 0 0 0 0 0 0 0 0 0 0 0 0 14 8 2 0 0 0 0 4 0 0 5 8 4 0 0 1 0 0 0 0 0 0 0 0 0 0 0 0 0 0 7 0 0 7 9 1 9 0 0 0 4 0 0 2 0 0 0 0 0 0 0 0 0 0 0 0 0 73 144 179 214 250 249 220 129 65 7 0 6 5 1 2 0 0 0 0 0 10 0 3 0 7 0 32 164 240 255 244 250 255 255 252 255 231 133 8 0 6 0 1 0 0 0 0 9 0 4 0 2 0 28 177 250 255 223 198 144 106 121 150 210 255 213 0 0 0 2 3 0 0 0 0 2 0 0 16 10 0 197 255 247 154 11 8 0 0 5 5 113 247 251 48 9 0 3 0 0 0 0 0 5 6 0 1 0 0 218 235 255 201 24 0 0 9 10 0 178 243 255 162 0 0 4 0 0 0 0 0 0 0 6 0 10 24 115 239 255 255 71 2 0 5 7 4 216 249 255 204 0 0 0 0 0 0 0 0 7 0 0 0 3 0 0 57 234 220 58 0 3 8 0 0 152 246 255 124 9 1 1 0 0 0 0 0 0 4 0 15 11 0 19 0 0 8 0 0 3 0 2 8 164 255 251 29 0 0 5 10 0 0 0 0 0 3 12 0 0 0 0 9 10 0 3 11 0 0 7 0 166 255 222 13 11 0 0 2 0 0 0 0 0 0 0 0 0 0 0 0 1 0 3 6 2 0 0 16 242 255 200 0 2 6 0 5 0 0 0 0 0 0 0 0 0 0 0 0 0 0 0 0 0 6 8 57 250 255 168 0 0 5 0 5 0 0 0 0 0 0 0 0 0 0 0 0 6 4 0 0 0 10 0 96 255 251 115 0 0 3 0 4 0 0 0 0 0 0 0 0 0 0 0 0 5 2 2 7 0 3 0 139 255 235 60 0 0 2 0 2 0 0 0 0 0 0 0 0 0 0 0 0 0 0 0 10 0 0 5 202 252 213 18 1 0 2 0 0 0 0 0 0 0 0 0 0 0 0 0 0 3 0 0 5 0 0 40 248 249 195 0 0 0 1 0 0 0 0 0 0 0 0 0 0 0 0 0 0 6 6 0 0 0 0 77 255 253 185 0 0 0 0 0 3 0 0 0 0 0 0 0 0 0 0 0 0 0 5 0 0 3 11 104 252 255 182 1 0 0 0 0 6 0 0 0 0 0 0 0 0 0 0 0 0 0 0 0 3 0 0 101 255 247 197 1 0 6 0 0 0 0 0 0 0 0 0 0 0 0 0 0 0 5 7 0 0 0 0 91 230 247 192 0 0 0 0 7 4 0 0 0 0 0 0 0 0 0 0 0 0 0 0 0 6 12 0 1 45 185 162 21 10 8 0 1 0 0 0 0 0 0 0 0 0 0 0 0 0 0 0 0 0 10 5 0 0 0 16 0 0 0 0 7 8 0 0 0 0
0 11 0 4 0 1 0 9 0 4 6 1 0 0 0 0 0 0 0 0 0 0 0 0 0 0 0 0 3 0 0 0 0 2 3 0 0 0 0 0 0 2 1 0 0 0 0 0 0 0 0 0 0 0 0 0 6 0 4 11 3 4 6 0 1 0 0 0 0 3 2 0 0 0 0 0 0 0 0 0 0 0 0 0 3 4 1 4 0 0 0 5 3 3 2 0 0 1 1 0 0 0 0 0 0 0 0 0 0 0 0 0 0 9 0 4 0 9 0 4 0 1 4 4 0 0 0 3 0 0 0 0 0 0 0 0 0 0 0 0 10 15 0 0 0 8 0 3 0 0 0 1 0 0 0 4 1 1 1 1 1 1 1 1 0 0 0 0 0 0 11 9 4 0 16 0 15 4 0 0 1 0 0 2 1 1 1 1 1 1 1 1 0 0 0 0 0 26 195 239 223 147 147 58 37 16 0 0 3 3 0 0 1 1 1 1 1 1 1 1 0 0 0 0 0 2 52 138 209 238 249 255 255 200 144 90 94 108 170 210 203 185 223 81 5 0 0 0 0 0 0 0 9 7 4 0 0 31 116 196 217 215 236 245 255 249 255 255 238 255 253 87 0 12 2 0 0 0 0 0 0 0 0 6 9 5 2 2 0 10 48 74 94 75 65 55 94 247 255 83 0 3 0 2 0 0 0 0 14 9 0 0 0 0 0 0 0 0 0 0 5 0 3 7 74 242 229 19 8 0 4 0 0 0 0 0 0 0 6 3 0 0 1 0 7 6 3 7 3 2 0 1 123 255 178 0 6 0 1 4 0 0 0 0 1 0 0 0 7 11 4 0 0 0 0 2 0 2 0 0 126 253 109 9 0 2 0 9 0 0 0 0 0 1 1 0 0 0 0 6 8 9 0 3 0 8 6 13 206 255 41 0 0 19 0 0 0 0 0 0 3 0 0 3 6 1 0 0 0 2 0 8 0 5 0 0 218 251 43 0 5 0 0 3 0 0 0 0 0 0 0 0 0 0 0 0 0 6 0 0 2 6 0 29 236 243 27 4 0 0 8 0 0 0 0 0 0 0 0 0 0 0 0 0 2 10 0 0 0 6 3 63 249 255 39 6 0 0 2 0 0 0 0 0 0 0 0 0 0 0 0 0 1 6 0 0 0 0 5 83 246 255 39 0 0 1 0 2 0 0 0 0 0 0 0 0 0 0 0 0 0 0 0 4 0 0 0 78 247 255 38 0 0 4 0 5 0 0 0 0 0 0 0 0 0 0 0 0 3 1 0 8 5 0 0 77 255 253 39 0 1 5 0 2 0 0 0 0 0 0 0 0 0 0 0 0 6 2 0 1 2 1 4 82 255 225 24 0 0 6 0 3 0 0 0 0 0 0 0 0 0 0 0 0 0 2 0 0 0 0 4 79 248 192 4 0 0 6 0 3 0 0 0 0 0 0 0 0 0 0 0 0 0 6 1 5 1 1 3 74 255 183 2 5 0 5 0 0 0 0 0 0 0 0 0 0 0 0 0 0 1 4 0 0 5 0 12 82 253 251 34 0 8 0 0 10 0 0 0 0 0 0 0 0 0 0 0 0 0 4 0 0 6 0 5 59 241 255 78 9 2 5 1 0 0 0 0 0 0 0 0 0 0 0 0 0 0 5 0 0 7 0 0 27 211 236 81 4 0 0 11 2 0 0 0 0 0 0 0 0 0 0 0 0 0 4 0 0 6 2 0 5 0 20 0 11 8 3 1 0 0 0 0 0
0 0 0 0 0 0 0 0 0 0 3 6 5 3 2 2 5 0 6 0 0 4 0 4 0 0 0 0 0 0 0 0 0 0 0 0 8 5 0 0 0 0 0 1 0 0 3 2 10 17 0 0 0 0 0 0 0 0 0 0 0 0 0 0 0 0 0 1 4 5 6 5 10 3 7 0 0 0 0 10 0 0 0 0 0 0 0 0 0 0 0 0 0 0 0 0 1 0 0 0 0 0 0 0 0 0 0 3 0 0 0 0 0 0 0 0 0 0 0 0 5 3 0 0 1 4 7 8 10 7 0 1 4 3 1 0 0 0 0 0 0 0 0 0 0 0 0 0 0 1 4 4 1 0 0 0 0 0 0 3 0 0 4 4 0 0 0 0 0 0 0 0 0 0 0 0 0 1 3 0 0 0 3 10 4 12 0 5 3 0 4 0 0 0 0 0 0 0 0 0 0 0 0 0 0 0 0 1 23 65 117 154 251 170 45 0 0 0 12 0 0 0 0 0 0 6 6 0 8 5 0 3 0 46 57 159 167 235 255 255 253 254 105 12 0 0 25 0 0 0 0 0 8 0 0 0 1 0 18 101 235 255 228 228 255 161 102 101 212 255 75 0 0 0 6 7 0 0 0 0 6 0 1 4 3 0 17 104 250 204 102 18 66 0 0 24 144 252 46 0 12 0 0 7 0 0 0 0 0 0 7 0 4 3 0 24 24 11 0 0 8 15 3 0 147 250 33 0 7 7 0 0 0 0 0 0 1 2 3 0 0 13 0 0 4 0 6 18 0 11 0 0 219 216 16 0 0 0 5 0 0 0 0 0 5 0 2 0 0 5 0 5 0 0 0 0 0 8 6 123 241 114 0 7 0 0 3 5 0 0 0 0 1 0 6 7 0 0 0 1 9 9 0 0 4 0 0 191 211 20 0 7 6 0 0 0 0 0 0 0 1 0 5 0 0 6 2 0 0 0 0 13 0 4 0 222 203 0 16 0 0 5 2 0 0 0 0 0 0 0 0 0 0 0 0 0 0 10 0 0 23 0 74 253 136 11 0 6 0 0 0 7 0 0 0 0 0 0 0 0 0 0 0 0 1 0 9 0 4 0 142 255 68 0 0 2 0 7 0 2 0 0 0 0 0 0 0 0 0 0 0 0 2 0 10 0 0 0 186 245 21 0 8 1 0 11 0 0 0 0 0 0 0 0 0 0 0 0 0 0 0 0 0 0 4 2 201 176 10 6 12 0 0 7 0 3 0 0 0 0 0 0 0 0 0 0 0 0 0 11 0 0 0 56 241 90 1 0 0 0 1 3 0 10 0 0 0 0 0 0 0 0 0 0 0 0 0 1 0 2 0 144 255 23 0 0 0 0 7 1 0 3 0 0 0 0 0 0 0 0 0 0 0 0 0 0 0 0 37 220 182 0 3 6 3 5 3 0 0 0 0 0 0 0 0 0 0 0 0 0 0 0 4 7 0 0 101 255 74 1 0 3 2 0 0 0 10 0 0 0 0 0 0 0 0 0 0 0 0 0 0 3 4 9 107 255 79 10 0 0 0 0 0 0 0 0 0 0 0 0 0 0 0 0 0 0 0 0 0 7 0 0 225 239 14 0 0 0 0 0 0 0 0 0 0 0 0 0 0 0 0 0 0 0 0 0 2 0 13 29 209 148 2 0 0 0 0 0 0 0 0 0 0 0 0 0 0 0 0 0 0 0 0 0 7 0 0 0 0 0 2 4 0 0 0 0 0 0 0 0 0 0 0 0
0 0 0 0 0 0 0 0 1 0 0 0 0 0 0 5 0 0 2 0 0 7 8 0 0 0 0 0 0 0 0 0 0 0 0 0 3 2 2 4 3 1 1 3 5 2 6 3 0 0 4 6 0 0 0 0 0 0 0 0 0 0 0 0 0 0 0 0 0 3 2 0 0 0 2 9 0 0 0 3 0 0 0 0 0 0 0 0 0 0 0 0 4 6 4 0 0 3 0 0 0 0 0 4 2 4 3 0 0 0 0 0 0 0 0 0 0 0 0 0 0 0 0 0 0 4 6 3 6 3 2 0 0 2 8 0 0 0 0 0 0 0 0 0 0 0 0 0 5 4 4 5 1 0 0 0 0 0 2 1 0 0 4 0 0 0 0 0 0 0 0 0 0 0 0 0 0 0 0 11 8 0 0 10 23 0 0 6 4 0 0 0 0 0 0 0 0 0 0 0 0 0 0 0 1 13 52 103 133 146 171 201 114 36 0 0 4 0 0 6 0 0 0 0 0 0 0 0 0 0 0 0 4 14 237 255 255 247 255 245 255 222 1 3 0 10 0 0 0 0 0 0 0 0 0 0 0 0 0 0 1 43 255 237 105 35 22 39 210 231 0 6 1 8 0 0 0 0 0 0 0 0 0 0 0 0 0 0 0 0 132 255 48 10 0 0 208 251 0 1 1 0 0 2 0 0 0 0 0 0 0 0 0 0 0 0 12 10 37 255 106 0 0 0 234 224 0 0 0 0 0 5 0 0 0 0 0 0 0 0 0 0 0 0 0 4 0 130 223 11 5 68 247 139 0 8 0 10 0 0 0 0 0 0 0 0 0 0 0 0 0 0 9 3 6 23 163 33 3 137 255 68 2 3 0 10 0 0 0 0 0 0 0 0 0 0 0 0 0 0 0 0 11 0 0 0 0 210 245 28 7 0 0 0 0 6 0 0 0 0 0 0 0 0 0 0 0 0 4 0 0 0 10 14 34 255 187 0 4 0 14 0 0 3 0 0 0 0 0 0 0 0 0 0 0 0 3 0 3 2 0 0 160 244 51 15 0 0 6 0 0 4 0 0 0 0 0 0 0 0 0 0 0 0 0 1 1 0 0 0 185 242 24 3 0 0 2 0 0 5 0 0 0 0 0 0 0 0 0 0 0 0 0 11 0 1 1 29 226 203 0 0 0 0 0 0 0 3 0 0 0 0 0 0 0 0 0 0 0 0 0 4 0 3 5 128 255 120 0 1 4 1 0 0 0 0 0 0 0 0 0 0 0 0 0 0 0 0 1 0 0 4 5 217 242 39 0 3 3 0 0 2 1 0 0 0 0 0 0 0 0 0 0 0 0 0 1 0 5 1 31 252 184 0 0 0 0 0 0 2 2 0 0 0 0 0 0 0 0 0 0 0 0 0 0 5 1 1 108 251 115 0 0 0 0 0 0 0 0 3 0 0 0 0 0 0 0 0 0 0 0 0 0 9 0 3 186 248 73 2 1 0 4 7 2 0 0 5 0 0 0 0 0 0 0 0 0 0 0 0 0 13 0 21 223 247 39 6 0 0 0 0 0 0 0 0 0 0 0 0 0 0 0 0 0 0 0 0 7 11 0 52 255 228 8 5 0 0 0 0 0 0 0 0 0 0 0 0 0 0 0 0 0 0 0 0 0 4 13 109 238 154 0 0 0 0 0 0 0 0 0 0 0 0 0 0 0 0 0 0 0 0 0 0 9 0 0 8 16 0 0 10 0 0 0 0 0 0 0 0 0 0 0 0
0 0 0 0 0 0 0 0 0 1 2 1 2 4 5 4 0 8 3 0 0 0 0 7 0 3 4 1 0 0 0 0 0 0 0 0 7 1 0 0 0 0 0 0 0 0 0 4 7 5 1 0 0 0 0 0 0 0 0 0 0 0 0 0 0 0 1 5 7 6 2 0 7 0 0 8 0 0 5 3 2 0 0 0 0 0 0 0 0 0 0 0 0 2 5 4 0 0 0 0 0 2 9 10 3 0 0 0 3 1 1 3 0 0 0 0 0 0 0 0 6 0 0 0 0 0 5 12 0 11 0 0 0 1 0 1 0 0 3 7 0 0 0 0 0 0 0 0 2 0 0 4 12 7 0 0 0 10 11 0 4 3 0 7 0 0 0 3 0 0 0 0 0 0 0 0 2 0 0 3 0 0 0 8 15 0 0 7 0 0 4 0 17 3 0 0 0 0 0 0 0 0 0 0 0 0 5 0 0 19 89 156 247 81 0 0 5 70 136 119 40 15 0 0 0 3 0 0 13 0 5 2 0 0 5 4 0 85 250 249 255 242 187 241 247 255 244 255 175 58 12 0 0 2 3 0 1 0 0 0 15 0 0 9 133 232 255 255 239 255 255 255 250 255 236 255 201 48 0 0 0 0 4 0 0 6 3 11 11 0 5 198 255 255 255 240 255 245 233 255 251 250 255 255 173 22 0 7 7 0 0 0 0 12 0 0 0 85 218 245 251 251 212 132 27 25 46 149 249 250 234 149 80 0 0 11 2 0 3 2 0 0 1 0 211 255 241 255 255 255 77 0 0 0 119 247 255 255 243 0 3 0 1 2 3 0 6 0 0 0 98 143 246 255 251 235 182 42 7 0 19 104 232 241 255 197 69 8 0 10 3 0 6 0 3 0 0 7 186 255 248 249 255 139 3 20 0 5 110 255 222 255 217 16 32 0 1 8 1 0 0 0 0 0 9 0 181 244 225 122 48 4 11 0 27 102 240 253 255 204 89 0 0 2 1 0 0 8 0 2 0 3 0 10 62 58 40 0 5 0 0 4 170 255 242 255 153 20 0 10 1 0 0 0 0 0 5 2 0 5 0 0 8 0 0 0 0 9 17 123 228 251 255 193 87 16 0 0 6 10 0 0 0 0 2 0 0 10 8 0 7 0 12 0 0 31 162 251 255 255 166 53 0 3 0 0 2 0 0 0 0 0 1 1 0 0 0 0 1 0 0 2 18 134 253 239 255 176 31 0 0 8 1 3 11 0 0 0 0 0 0 3 3 0 0 4 0 0 0 23 124 244 249 255 174 36 0 4 8 3 0 1 3 0 0 0 0 0 0 0 3 0 11 17 0 0 10 120 239 255 255 215 55 0 0 10 1 0 0 0 0 3 0 0 0 0 7 0 3 0 0 0 0 22 74 251 254 245 183 10 8 1 0 0 0 0 11 5 0 8 0 0 0 0 3 0 5 2 0 0 24 118 253 252 247 179 23 7 0 7 3 1 3 1 0 0 1 0 0 0 0 0 0 3 7 0 0 14 72 255 255 243 162 21 0 14 0 0 0 0 0 0 0 0 0 0 0 0 0 0 4 0 0 20 0 0 241 255 255 193 1 0 21 0 5 12 0 0 0 0 0 0 0 0 0 0 0 0 0 0 3 0 4 2 221 232 246 26 19 17 0 8 0 0 0 0 0 0 0 0 0 0 0 0 0 0 0 6 22 0 3 0 0 8 0 15 0 2 21 0 20 10 0 0 0 0 0 0 0 0 0 0 0 0
0 0 0 0 0 0 0 0 0 0 4 8 1 0 0 3 2 0 0 2 2 0 0 1 3 1 1 2 0 0 0 0 0 0 0 0 6 0 0 0 0 2 4 5 0 4 5 0 0 2 0 0 0 0 0 0 0 0 0 0 0 0 0 0 0 0 0 0 2 4 0 0 6 4 1 0 0 0 3 4 1 1 0 0 0 0 0 0 0 0 0 0 0 2 7 2 0 0 1 0 0 0 0 9 9 0 0 0 2 4 5 3 0 0 0 0 0 0 0 0 1 2 0 0 0 1 7 9 11 3 0 1 1 0 5 12 0 0 2 3 0 0 0 0 0 0 0 0 5 0 0 0 3 0 0 0 0 4 4 0 0 2 0 0 0 0 0 0 0 0 0 0 0 0 0 0 1 0 0 8 5 0 0 13 0 0 0 8 8 1 0 4 8 2 0 0 0 0 0 0 0 0 0 0 2 0 3 3 0 0 41 96 138 59 0 0 1 10 74 157 25 13 1 0 3 0 3 8 0 0 10 0 0 11 0 10 0 25 164 235 253 249 202 186 192 206 232 251 187 12 0 0 3 0 0 6 4 0 2 0 4 1 2 0 50 146 236 255 242 255 253 233 255 255 234 229 91 0 1 6 0 0 3 1 0 1 4 5 0 0 2 40 139 255 255 233 142 58 61 255 252 234 234 81 6 0 7 6 0 11 13 0 0 4 0 0 8 3 93 251 254 242 181 0 1 14 145 255 244 251 61 1 0 4 0 0 1 0 0 0 9 4 0 22 51 190 252 255 235 67 4 10 9 201 254 255 235 68 13 0 1 13 0 0 7 0 0 0 8 0 17 149 251 246 255 235 69 20 0 1 166 254 237 240 33 0 0 15 0 5 0 2 4 0 6 0 3 0 37 211 254 255 129 43 0 4 1 159 246 255 255 75 8 0 0 4 0 0 2 2 0 0 3 0 11 5 13 138 101 6 21 0 0 0 214 251 255 238 67 0 0 8 9 0 4 0 1 0 3 5 0 0 12 2 0 6 6 3 0 2 56 224 253 255 248 102 4 0 0 0 5 3 0 0 0 0 0 0 18 8 0 0 9 0 3 0 13 58 202 255 251 231 79 14 0 6 1 0 5 0 0 0 0 0 8 0 0 13 4 0 0 13 0 11 46 227 251 227 227 121 0 0 0 8 0 0 5 0 0 0 0 0 0 9 0 0 1 13 0 0 0 82 236 255 240 245 29 0 11 4 7 3 0 0 6 0 0 0 0 0 3 0 8 12 0 0 13 13 146 238 244 245 184 17 0 13 0 0 0 3 2 3 3 0 0 0 0 0 0 19 0 0 29 2 48 208 246 255 238 128 20 0 0 3 0 0 0 5 3 0 0 5 0 0 0 0 7 0 17 6 0 89 243 255 248 216 4 8 0 0 7 0 4 11 8 0 0 0 0 4 0 0 0 0 4 0 1 0 12 153 255 245 151 11 0 6 0 0 7 1 0 5 1 0 2 9 2 0 0 0 0 0 0 0 9 0 6 95 143 90 0 0 0 0 0 0 0 0 0 0 0 0 0 0 0 0 0 0 0 0 10 0 0 0 0 2 18 0 0 0 0 0 0 0 0 0 0 0 0 0 0 0 0 0 0 0 0 0 0 0 0 12 1 0 0 0 0 0 0 0 0 0 0 0 0 0 0 0 0 0 0 0 0 0 0 0 0 5 6 0 1 3 3 4 0 0 0 0 0 0 0 0 0 0 0 0 0 0 0 0 0 0 0 0
0 0 0 0 0 0 0 0 0 1 11 0 0 10 0 8 0 7 0 0 0 14 7 0 0 0 0 0 0 0 0 0 0 0 0 0 2 0 0 1 7 1 0 4 0 0 7 14 6 0 1 25 0 0 0 0 0 0 0 0 0 0 0 0 0 24 0 0 0 8 13 0 9 6 0 0 1 0 0 0 0 0 0 0 0 0 0 0 0 0 0 0 1 3 0 17 0 0 1 20 0 5 4 0 0 11 0 1 0 0 0 0 0 0 0 0 0 0 0 0 3 0 0 3 0 8 0 0 14 0 1 0 8 0 0 11 0 0 0 0 0 0 0 0 0 0 0 0 0 1 0 0 105 239 255 255 170 104 93 3 6 0 5 0 0 0 0 0 0 0 0 0 0 0 0 0 7 0 3 69 223 255 244 248 255 254 251 109 0 0 10 9 0 0 0 0 0 0 0 0 0 0 0 0 0 0 3 86 255 255 255 253 245 254 255 201 20 20 0 0 0 0 0 0 0 0 0 0 0 0 0 0 0 1 3 81 247 255 255 243 255 247 244 253 31 0 15 0 0 0 0 0 0 0 0 0 0 0 0 0 5 0 9 18 171 224 186 234 237 249 255 255 45 0 19 0 0 0 0 0 0 0 0 0 0 0 0 0 0 0 1 0 9 5 0 14 255 255 237 253 38 0 0 5 0 0 0 0 0 0 0 0 0 0 0 0 3 0 0 11 0 0 21 82 245 246 255 131 13 2 14 0 0 0 0 0 0 0 0 0 0 0 0 0 14 1 2 0 12 0 0 164 252 249 255 120 0 0 0 15 0 0 0 0 0 0 0 0 0 0 0 0 0 0 0 0 7 0 63 212 255 253 235 14 0 1 12 0 0 0 0 0 0 0 0 0 0 0 0 0 5 7 0 10 0 6 208 255 251 201 62 0 0 2 1 8 0 0 0 0 0 0 0 0 0 0 0 0 4 0 4 0 21 98 243 248 252 211 24 0 20 0 5 0 0 0 0 0 0 0 0 0 0 0 0 0 0 4 3 0 115 243 251 255 255 161 28 0 0 0 14 0 0 0 0 0 0 0 0 0 0 0 0 0 5 0 0 0 193 255 245 251 194 62 0 0 16 0 0 9 0 0 0 0 0 0 0 0 0 0 0 0 0 13 5 80 221 255 250 243 62 0 0 0 1 6 0 9 0 0 0 0 0 0 0 0 0 0 0 0 8 0 56 242 255 240 255 231 0 0 16 0 0 11 6 0 0 0 0 0 0 0 0 0 0 0 0 0 0 17 183 243 248 255 230 78 6 0 0 7 8 1 8 0 0 0 0 0 0 0 0 0 0 0 0 0 5 50 234 255 248 251 80 0 9 2 0 9 5 0 9 0 0 0 0 0 0 0 0 0 0 0 0 0 7 165 255 255 240 255 85 5 0 1 6 2 0 0 8 3 0 0 0 0 0 0 0 0 0 0 0 0 0 208 246 240 255 251 189 43 8 0 3 0 0 13 0 0 0 0 0 0 0 0 0 0 0 0 0 0 0 83 185 248 255 232 118 4 0 0 0 0 0 0 0 0 0 0 0 0 0 0 0 0 0 0 0 0 2 5 0 0 0 14 8 0 0 0 0 0 0 0 0 0 0 0 0 0 0 0 0 0 0 0 0 0 3 0 0 2 2 0 0 0 0 0 0 0 0 0 0 0 0 0 0 0 0 0 0 0 0 0 0 0 4 0 0 2 2 0 1 11 0 0 0 0 0 0 0 0 0 0 0 0
0 0 0 0 0 0 0 0 0 0 0 0 0 0 0 0 0 0 0 0 0 0 0 0 0 0 0 0 0 0 0 0 0 0 0 0 0 0 0 0 0 0 0 0 0 0 0 0 0 0 0 0 0 0 0 0 0 0 0 0 0 0 0 0 0 0 0 0 0 0 0 0 0 0 0 0 0 0 0 0 0 0 0 0 0 0 0 0 0 0 0 0 0 0 0 0 0 0 0 0 0 0 0 0 0 0 0 0 0 0 0 0 0 0 0 0 0 0 0 0 0 0 0 0 0 0 0 0 0 0 0 0 0 0 0 0 0 0 0 0 0 0 0 0 0 0 0 0 0 0 0 0 0 0 0 0 0 0 0 0 0 0 0 0 0 0 0 0 0 0 0 0 0 0 0 0 0 0 0 0 0 0 0 0 0 0 0 0 0 0 0 0 0 0 0 0 0 0 0 0 0 0 0 0 0 0 0 0 0 0 0 0 0 0 0 0 0 0 0 0 0 0 0 0 3 0 0 4 0 1 108 94 102 148 254 246 255 254 252 191 101 36 0 0 2 10 0 0 0 0 0 0 6 2 18 92 211 200 234 255 255 251 255 255 189 192 203 239 252 219 126 40 0 0 17 0 0 0 0 0 0 5 129 236 255 255 243 242 222 159 104 90 0 0 10 88 129 255 243 225 48 0 0 1 0 0 0 0 16 0 180 255 246 178 97 0 9 0 8 11 4 0 0 7 1 82 201 234 226 49 23 0 0 0 0 0 0 0 72 242 249 249 39 0 7 0 11 0 0 0 10 0 0 9 17 253 253 226 0 0 0 0 0 0 3 0 32 77 255 244 130 23 0 0 12 5 6 10 0 0 0 0 0 218 245 255 0 6 0 0 0 0 7 0 0 0 164 251 250 76 4 0 0 0 0 0 0 16 6 0 0 118 243 245 5 2 0 0 0 0 0 20 4 0 10 92 158 48 0 0 2 0 8 7 0 2 0 5 0 92 248 248 10 0 0 0 0 0 0 0 0 0 0 0 0 0 0 2 5 0 0 0 0 4 4 1 0 96 250 240 0 4 0 0 0 0 0 0 0 0 0 0 0 0 3 0 0 3 7 5 1 1 7 0 1 89 250 254 18 0 0 0 0 0 0 0 0 0 0 0 0 0 8 0 0 3 6 0 0 0 0 16 64 244 252 255 0 0 0 0 0 0 0 0 0 0 0 0 0 0 0 1 2 0 0 0 0 5 6 3 112 255 249 131 0 9 0 0 0 0 0 0 0 0 0 0 0 0 0 1 5 0 0 8 9 2 0 12 128 255 244 85 6 0 0 0 0 0 0 0 0 0 0 0 0 0 0 2 1 0 4 8 0 0 7 95 196 231 142 3 5 0 0 0 0 0 0 0 0 0 0 0 0 0 6 0 0 3 0 0 0 14 100 234 254 230 39 19 0 5 0 0 0 0 0 0 0 0 0 0 0 0 1 0 0 10 0 0 25 84 245 255 230 63 0 1 4 3 0 0 0 0 0 0 0 0 0 0 0 0 0 0 9 0 14 0 90 255 251 225 69 0 10 0 0 3 0 0 0 0 0 0 0 0 0 0 0 0 7 0 9 0 0 35 206 241 176 34 0 19 0 0 9 0 0 0 0 0 0 0 0 0 0 0 0 0 0 0 2 9 0 52 224 144 54 0 0 13 0 0 0 3 0 0 0 0 0 0 0 0 0 0 0 0 0 13 0 0 0 0 74 0 0 17 12 0 6 10 0 10 0 0 0 0
0 0 0 0 0 0 0 0 0 11 5 0 0 6 5 3 0 0 0 7 2 0 4 0 0 0 0 0 0 0 0 0 0 0 0 0 0 0 0 0 0 0 0 0 11 9 0 0 0 0 1 0 0 0 0 0 0 0 0 0 0 0 0 0 0 0 4 14 7 2 3 0 0 3 14 5 0 0 0 9 0 0 0 0 0 0 0 0 0 0 0 0 5 0 0 0 0 0 7 0 13 8 0 0 2 6 0 0 0 0 0 0 0 0 0 0 0 0 0 0 2 0 1 5 7 9 3 0 0 0 0 0 6 5 0 4 0 0 0 0 0 0 0 0 0 0 0 0 0 1 0 1 3 0 0 15 17 0 10 5 0 5 0 11 0 0 0 0 0 0 0 0 0 0 0 0 0 110 199 238 255 255 244 255 198 124 91 25 0 8 3 0 0 0 0 0 0 0 0 0 0 0 0 0 42 206 255 246 245 255 250 253 255 245 255 144 6 0 0 1 0 0 0 0 0 0 0 0 0 0 0 0 114 255 255 244 245 255 249 251 251 246 255 225 55 0 8 0 0 0 0 0 0 0 0 0 0 0 0 0 75 222 246 255 254 252 255 255 255 249 254 255 207 0 0 0 0 0 0 0 0 0 0 0 0 0 0 0 6 87 169 175 165 146 35 21 166 250 249 252 247 0 6 7 0 0 0 0 0 0 0 0 0 0 0 0 0 2 0 6 11 12 0 7 91 249 252 255 178 7 0 0 0 0 0 0 0 0 0 0 0 0 0 0 12 0 17 0 0 12 0 69 221 255 236 209 53 0 0 17 0 0 0 0 0 0 0 0 0 0 0 0 0 2 0 9 3 0 6 95 255 248 255 165 16 5 0 0 0 0 0 0 0 0 0 0 0 0 0 0 0 0 3 3 3 3 0 133 247 242 255 68 0 3 7 1 0 0 0 0 0 0 0 0 0 0 0 0 0 16 0 0 0 3 83 255 255 255 249 28 0 10 0 4 0 0 0 0 0 0 0 0 0 0 0 0 0 3 0 1 0 5 163 244 254 249 218 10 0 0 0 6 0 0 0 0 0 0 0 0 0 0 0 0 7 2 0 9 18 71 221 255 255 220 19 14 0 8 10 0 0 0 0 0 0 0 0 0 0 0 0 0 0 0 13 0 103 255 255 255 248 133 0 2 2 10 0 0 0 0 0 0 0 0 0 0 0 0 0 0 0 15 0 74 241 255 240 248 121 11 23 0 4 4 0 13 0 0 0 0 0 0 0 0 0 0 0 0 0 0 92 244 243 239 255 213 21 0 0 3 0 0 8 0 0 0 0 0 0 0 0 0 0 0 0 0 29 150 242 225 252 227 60 51 16 11 0 18 4 0 12 0 0 0 0 0 0 0 0 0 0 0 0 0 106 255 251 255 255 130 0 0 0 0 3 0 1 0 3 13 0 0 0 0 0 0 0 0 0 0 0 0 128 240 255 245 105 0 0 1 0 5 2 11 0 8 0 0 0 0 0 0 0 0 0 0 0 0 0 0 126 253 255 242 12 3 3 0 0 0 0 0 0 0 0 0 0 0 0 0 0 0 0 0 0 0 0 0 24 116 206 248 112 0 0 5 0 0 0 0 0 0 0 0 0 0 0 0 0 0 0 0 0 0 0 0 19 1 0 7 9 0 8 2 0 0 0 0 0 0 0 0 0 0 0 0 0 0 0 0 0 0 0 0 0 5 0 0 3 12 10 0 0 0 0 0 0 0 0 0 0 0 0 0
0 0 0 0 0 0 0 0 0 0 2 0 0 2 3 1 14 0 1 13 0 0 9 0 0 0 0 0 0 0 0 0 0 0 0 0 4 2 5 7 0 0 0 5 0 11 1 0 0 4 0 6 0 0 0 0 0 0 0 0 0 0 0 0 8 0 0 0 9 11 7 5 6 0 8 23 14 0 0 0 0 0 0 0 0 0 0 0 0 0 0 0 0 3 7 0 0 0 1 0 0 8 0 0 0 4 0 12 0 0 0 0 0 0 0 0 0 0 0 0 2 0 0 4 5 2 0 0 18 0 0 14 0 0 3 0 0 0 0 0 0 0 0 0 0 0 0 0 12 0 0 1 0 0 0 13 0 6 8 0 0 0 3 1 0 0 0 0 0 0 0 0 0 0 0 0 0 3 13 10 1 14 58 101 133 255 169 0 0 18 0 8 0 0 0 0 0 0 0 0 0 0 0 0 0 4 0 14 99 209 255 245 253 255 241 136 9 0 5 0 0 0 0 0 0 0 0 0 0 0 0 0 0 126 197 212 249 250 255 226 191 242 249 138 0 10 0 0 0 0 0 0 0 0 0 0 0 0 0 0 95 236 250 254 233 241 63 57 0 181 249 132 0 0 7 5 0 0 0 0 0 0 0 0 0 0 0 0 71 128 244 128 38 0 5 18 41 219 252 128 28 0 0 0 0 0 0 0 0 0 0 0 0 0 0 0 0 0 8 0 8 4 6 0 64 234 244 23 0 0 16 6 0 0 0 0 0 0 0 0 0 0 0 0 7 6 0 23 0 3 0 8 172 255 255 0 0 0 3 0 0 0 0 0 0 0 0 0 0 0 0 0 0 0 10 0 1 0 4 62 239 249 245 0 20 0 0 5 0 0 0 0 0 0 0 0 0 0 0 0 7 0 0 48 20 114 175 191 249 255 238 8 0 0 3 8 0 0 0 0 0 0 0 0 0 0 0 0 0 156 167 255 247 248 254 253 255 213 127 2 0 11 0 0 0 0 0 0 0 0 0 0 0 0 0 0 9 166 255 253 246 255 246 255 255 214 3 2 0 2 6 2 0 0 0 0 0 0 0 0 0 0 0 0 0 199 184 167 152 23 147 227 248 125 0 4 7 3 0 0 0 0 0 0 0 0 0 0 0 0 0 0 0 42 0 6 5 0 235 255 167 20 0 3 6 0 0 4 0 0 0 0 0 0 0 0 0 0 0 0 0 12 1 0 4 130 221 250 77 0 9 0 0 0 6 5 0 0 0 0 0 0 0 0 0 0 0 0 0 7 0 12 15 247 255 255 38 1 2 0 7 8 3 0 0 0 0 0 0 0 0 0 0 0 0 0 0 0 6 16 227 243 245 105 6 6 0 4 8 0 0 5 0 0 0 0 0 0 0 0 0 0 0 0 9 0 0 194 240 255 150 0 0 0 2 2 0 0 0 13 0 0 0 0 0 0 0 0 0 0 0 0 0 7 20 202 247 255 22 5 12 0 12 0 2 11 8 0 0 0 0 0 0 0 0 0 0 0 0 0 5 0 101 232 250 138 8 1 0 0 0 0 0 0 0 0 0 0 0 0 0 0 0 0 0 0 0 0 0 0 0 217 226 0 4 0 0 0 0 0 0 0 0 0 0 0 0 0 0 0 0 0 0 0 0 0 5 9 3 0 0 2 6 0 0 0 0 0 0 0 0 0 0 0 0 0 0 0 0 0 0 0 0 0 0 0 6 0 0 5 0 2 0 0 0 0 0 0 0 0 0 0 0 0
0 4 0 0 8 0 5 7 0 0 3 1 0 1 1 0 0 0 0 11 0 0 2 9 0 0 0 0 0 8 4 6 0 0 1 0 2 0 0 0 1 0 0 4 1 8 0 0 0 6 2 0 0 0 0 0 5 7 0 0 0 4 20 4 12 1 0 2 2 0 0 0 0 6 0 0 11 4 0 0 0 0 0 0 5 0 0 8 1 0 0 0 0 0 0 4 6 5 4 4 0 0 1 2 4 2 5 12 0 0 0 0 0 0 8 5 0 0 4 9 0 5 5 0 0 0 0 0 8 3 7 0 0 0 7 0 0 0 0 0 0 7 5 0 0 13 0 0 5 10 7 0 0 2 7 6 5 0 0 16 15 10 11 4 0 0 0 0 0 1 3 0 15 0 0 12 0 0 0 3 9 2 0 0 0 13 1 0 0 0 0 2 0 0 0 0 5 0 0 0 6 0 43 206 255 238 232 251 242 195 157 149 155 250 172 10 0 15 1 0 0 0 0 0 0 0 0 8 3 0 98 255 241 255 255 247 251 255 237 254 255 246 251 80 0 0 14 1 0 0 0 0 2 5 0 0 0 7 82 194 215 193 153 152 184 189 135 104 207 255 255 111 3 5 0 0 0 0 0 0 0 5 6 2 7 0 0 18 0 4 0 0 6 0 0 0 173 255 253 78 1 2 0 2 0 0 0 0 0 8 1 0 2 3 0 0 0 3 0 0 6 0 11 7 183 254 215 9 4 0 12 3 0 0 0 0 8 5 0 0 0 5 9 15 6 10 0 0 4 2 0 0 213 255 173 0 10 0 8 0 0 0 0 0 0 0 3 10 5 0 0 0 0 6 4 8 1 2 0 62 251 255 118 9 0 0 0 1 0 0 0 0 1 0 0 7 2 0 6 9 0 0 0 5 0 6 0 140 255 213 48 4 0 0 2 8 0 0 0 0 3 0 0 2 0 0 2 0 3 1 0 16 0 1 13 246 247 149 0 0 13 0 9 0 0 0 0 0 0 0 0 0 0 0 0 0 6 2 1 4 0 0 33 255 255 80 2 0 0 7 0 7 0 0 0 0 0 0 0 0 0 0 0 0 0 2 0 0 9 16 153 254 220 62 4 2 1 7 0 1 0 0 0 0 0 0 0 0 0 0 0 0 0 15 4 0 13 28 255 253 130 21 0 0 0 6 0 1 0 0 0 0 0 0 0 0 0 0 0 0 0 6 0 0 0 41 255 247 56 0 0 0 0 4 0 1 0 0 0 0 0 0 0 0 0 0 0 0 0 0 0 4 9 132 253 243 27 0 1 5 0 0 0 0 0 0 0 0 0 0 0 0 0 0 0 0 1 5 2 3 58 239 255 182 8 0 0 3 0 0 0 0 0 0 0 0 0 0 0 0 0 0 0 0 0 0 0 0 107 255 248 65 0 0 0 0 0 0 3 0 0 0 0 0 0 0 0 0 0 0 0 0 4 1 0 13 158 252 255 1 4 3 0 2 3 0 1 0 0 0 0 0 0 0 0 0 0 0 0 0 6 0 5 0 206 255 193 11 0 0 0 0 0 0 0 0 0 0 0 0 0 0 0 0 0 0 0 0 0 0 12 7 199 255 169 0 0 0 0 0 0 0 0 0 0 0 0 0 0 0 0 0 0 0 0 0 14 0 0 2 171 238 159 10 0 0 0 0 0 0 0 0 0 0 0 0 0 0 0 0 0 0 0 0 0 10 11 0 4 0 0 0 0 0 0 0 0 0 0 0 0 0 0 0
0 0 0 0 0 0 0 0 1 1 1 1 0 0 0 0 0 0 0 4 3 0 0 12 0 0 0 0 0 0 0 0 0 0 0 0 0 0 0 0 2 3 4 5 6 10 0 0 9 20 8 0 0 0 0 0 0 0 0 0 0 0 0 0 2 1 0 0 0 0 0 1 0 3 0 0 0 0 0 0 0 0 0 0 0 0 0 0 0 0 0 0 0 0 0 0 0 0 0 0 3 3 0 0 10 10 4 6 0 0 0 0 0 0 0 0 0 0 0 0 0 0 0 2 3 3 2 2 0 12 8 0 0 0 0 0 0 0 0 0 0 0 0 0 0 0 0 0 0 0 0 0 0 0 0 0 0 0 0 1 9 0 0 13 0 0 0 0 0 0 0 0 0 0 0 0 2 1 0 0 0 0 1 2 2 5 0 0 3 5 0 0 0 0 0 0 0 0 0 0 0 0 0 0 0 0 0 0 7 17 27 34 70 199 220 85 0 0 14 0 0 0 0 0 8 0 0 8 0 4 86 185 196 184 191 189 194 201 213 254 255 244 251 166 8 0 7 0 0 0 0 0 0 0 7 4 0 18 141 255 251 247 255 244 254 255 255 234 255 252 255 173 0 0 5 0 0 0 0 0 2 1 3 0 0 12 91 173 250 153 146 192 177 79 65 70 150 255 243 73 0 7 1 6 0 0 0 0 4 0 0 1 0 0 0 8 16 0 7 2 1 0 21 0 107 255 198 0 17 1 0 0 0 0 0 0 0 0 1 3 1 0 0 0 22 0 0 9 6 0 7 7 160 245 104 4 8 0 10 0 0 0 0 0 0 1 0 0 0 2 7 9 0 0 0 0 0 0 0 19 211 246 26 3 0 0 3 6 0 0 0 0 9 2 0 0 0 0 0 0 0 6 4 0 6 23 3 117 255 237 16 0 0 14 0 2 0 0 0 0 0 0 2 3 0 0 0 4 0 2 0 0 0 0 0 200 255 118 0 8 0 0 4 2 0 0 0 0 0 0 0 0 0 0 0 0 7 0 2 0 6 8 66 245 251 38 2 7 0 0 9 0 0 0 0 0 0 0 0 0 0 0 0 0 0 11 0 8 0 0 105 255 247 40 0 1 0 0 3 2 0 0 0 0 0 0 0 0 0 0 0 0 0 0 13 0 14 0 189 255 143 11 0 0 4 1 0 0 0 0 0 0 0 0 0 0 0 0 0 0 0 3 0 0 6 68 236 240 18 0 3 0 0 7 2 0 0 0 0 0 0 0 0 0 0 0 0 0 4 0 0 0 0 134 251 198 0 0 8 0 0 3 1 0 0 0 0 0 0 0 0 0 0 0 0 0 7 0 14 0 1 168 253 135 6 1 0 6 1 2 0 0 0 0 0 0 0 0 0 0 0 0 0 0 0 1 0 14 8 235 242 69 0 0 0 14 5 4 0 0 0 0 0 0 0 0 0 0 0 0 0 0 2 0 0 7 69 255 255 13 0 8 0 8 0 0 2 0 0 0 0 0 0 0 0 0 0 0 0 0 0 4 0 6 157 253 171 3 0 0 0 0 0 0 0 0 0 0 0 0 0 0 0 0 0 0 0 0 10 10 0 3 205 255 166 2 0 0 0 0 0 0 0 0 0 0 0 0 0 0 0 0 0 0 0 0 0 0 0 10 226 251 133 0 0 0 0 0 0 0 0 0 0 0 0 0 0 0 0 0 0 0 0 0 0 31 7 0 0 1 0 8 0 0 0 0 0 0 0 0 0 0 0 0
0 0 0 0 0 0 0 0 0 0 0 0 0 0 0 0 0 0 0 0 0 0 0 0 0 0 0 0 0 0 0 0 0 0 0 0 0 0 0 0 0 0 0 0 0 0 0 0 0 0 0 0 0 0 0 0 0 0 0 0 0 0 0 0 0 0 0 0 0 0 0 0 0 0 0 0 0 0 0 0 0 0 0 0 0 0 0 0 0 0 0 0 0 0 0 0 0 0 0 0 0 0 0 0 0 0 0 0 0 0 0 0 0 0 0 0 0 0 0 0 0 0 0 0 0 0 0 0 0 0 0 0 0 0 0 0 0 0 0 0 0 0 0 0 0 0 0 0 0 0 0 0 0 0 0 0 0 0 0 0 0 0 0 0 0 0 0 0 0 0 0 0 0 0 0 0 0 0 0 0 0 0 0 0 0 0 0 0 0 0 0 0 0 0 0 0 0 0 0 0 0 0 0 0 0 0 0 0 0 0 0 0 0 0 0 0 0 0 0 0 0 0 0 0 0 4 53 112 68 120 118 223 254 237 187 255 250 254 255 133 89 99 51 106 77 44 0 0 0 0 0 0 3 0 191 248 227 254 255 249 255 255 239 255 248 239 188 253 243 254 233 255 237 129 1 3 0 0 0 0 0 0 240 255 247 248 255 254 199 189 176 185 172 165 87 236 255 252 246 239 255 169 0 0 0 0 0 0 6 1 116 162 175 160 113 124 21 15 0 20 2 5 0 33 136 179 255 254 252 177 0 7 0 0 0 0 8 4 0 0 11 6 0 25 0 3 2 9 0 0 16 0 5 25 181 240 255 208 19 0 0 0 0 0 0 11 9 10 3 0 0 0 0 0 5 0 6 0 0 0 0 0 184 255 237 126 0 0 0 0 0 0 4 2 0 0 2 5 18 0 7 3 0 0 12 7 0 3 0 0 181 255 255 83 5 0 0 0 0 0 2 5 0 3 3 5 0 6 0 7 0 15 0 0 5 0 6 28 228 240 231 8 0 5 0 0 0 0 0 0 0 0 0 0 0 0 5 1 0 0 5 0 0 5 0 63 255 241 162 0 3 0 0 0 0 0 0 0 0 0 0 0 0 0 0 2 0 1 6 0 0 0 0 187 231 227 3 1 0 4 0 0 0 0 0 0 0 0 0 0 0 0 0 4 4 0 3 1 0 2 58 251 255 229 0 2 0 1 0 0 0 0 0 0 0 0 0 0 0 0 0 7 2 0 0 3 3 6 213 241 245 78 2 0 0 6 0 0 0 0 0 0 0 0 0 0 0 0 0 6 0 0 0 2 0 0 191 254 242 62 0 6 2 6 0 0 0 0 0 0 0 0 0 0 0 0 0 2 0 0 5 0 0 0 195 245 105 2 0 6 6 0 0 0 0 0 0 0 0 0 0 0 0 0 0 0 0 4 5 0 2 28 224 251 76 5 6 0 9 6 0 0 0 0 0 0 0 0 0 0 0 0 1 0 0 3 1 0 20 66 245 253 78 0 0 11 0 5 0 0 0 0 0 0 0 0 0 0 0 0 6 2 0 0 9 0 0 171 255 254 77 7 6 0 2 0 0 0 0 0 0 0 0 0 0 0 0 0 0 2 2 1 6 0 18 213 252 242 65 0 3 0 3 0 0 0 0 0 0 0 0 0 0 0 0 0 0 2 5 1 0 0 14 203 248 238 59 0 2 0 4 0 0 0 0 0 0 0 0 0 0 0 0 0 2 0 0 0 3 0 0 152 253 246 68 0 2 0 4 0 0 0 0 0
0 0 0 0 0 0 0 0 0 0 0 0 0 0 0 0 0 0 0 0 0 0 0 0 0 0 0 0 0 0 0 0 0 0 0 0 0 0 0 0 0 0 0 0 0 0 0 0 0 0 0 0 0 0 0 0 0 0 0 0 0 0 0 0 0 0 0 0 0 0 0 0 0 0 0 0 0 0 0 0 0 0 0 0 0 0 0 0 0 0 0 0 0 0 0 0 0 0 0 0 0 0 0 0 0 0 0 0 0 0 0 0 0 0 0 0 0 0 0 0 0 0 0 0 0 0 0 0 0 0 0 0 0 0 0 0 0 0 0 0 0 0 0 0 0 0 0 0 0 0 0 0 0 0 0 0 0 0 0 0 0 0 0 0 0 0 0 0 0 0 0 0 0 0 0 0 0 0 0 0 0 0 0 0 0 0 0 0 0 0 0 0 0 0 0 0 0 0 0 0 0 0 0 0 0 0 0 0 0 0 0 0 0 0 0 0 0 0 0 0 0 0 0 0 0 0 7 3 0 39 109 144 246 200 180 134 45 16 32 18 3 0 0 6 0 0 31 0 0 0 0 0 3 4 0 4 195 234 251 255 255 239 255 255 248 248 249 220 167 186 130 156 64 166 239 180 0 0 0 0 0 6 0 4 243 255 255 249 255 254 247 244 243 255 255 237 255 239 241 255 255 233 255 255 0 0 0 0 5 1 0 11 144 199 171 137 21 30 26 24 52 98 134 152 154 255 250 252 244 255 244 190 0 0 0 0 0 15 9 6 0 6 0 0 0 12 8 0 0 0 0 0 0 0 6 186 255 246 156 11 0 0 0 0 0 2 0 0 7 11 0 0 0 0 0 0 7 10 0 0 2 12 89 247 246 248 52 0 0 0 0 0 0 13 12 0 14 0 0 7 10 1 0 0 0 3 5 3 0 69 233 249 233 167 13 2 0 0 0 0 5 0 0 4 0 0 0 1 0 0 2 8 0 0 0 0 26 208 244 255 32 0 6 0 0 0 0 0 0 0 0 0 0 0 0 0 0 12 0 4 0 0 6 3 206 246 253 79 0 18 0 5 0 0 0 0 0 0 0 0 0 0 0 0 3 0 19 0 14 5 0 96 249 255 135 9 0 1 0 0 0 0 0 0 0 0 0 0 0 0 0 0 0 3 0 9 0 0 92 247 255 169 6 0 16 0 8 13 0 0 0 0 0 0 0 0 0 0 0 0 4 6 0 15 2 12 212 244 225 57 0 9 2 0 0 0 0 0 0 0 0 0 0 0 0 0 0 0 0 0 3 8 0 156 254 255 78 0 6 0 0 21 4 6 0 0 0 0 0 0 0 0 0 0 0 0 0 2 0 0 73 247 244 200 26 11 6 0 0 0 0 0 0 0 0 0 0 0 0 0 0 0 0 0 8 0 4 41 245 238 197 5 2 0 0 0 15 0 0 18 0 0 0 0 0 0 0 0 0 0 0 0 0 17 27 219 255 255 161 5 5 0 12 5 0 7 6 0 0 0 0 0 0 0 0 0 0 0 0 0 1 14 147 237 255 255 96 13 0 0 0 0 0 0 0 0 0 0 0 0 0 0 0 0 0 0 0 0 0 24 234 255 239 118 22 0 0 0 0 0 0 0 0 0 0 0 0 0 0 0 0 0 0 0 0 0 19 31 235 246 157 32 0 4 0 0 0 0 0 0 0 0 0 0 0 0 0 0 0 0 0 0 0 0 0 0 119 137 12 0 0 0 0 0 0 0 0 0 0 0 0 0 0 0
0 0 0 0 7 2 0 8 0 4 2 5 0 0 1 1 8 0 10 0 0 2 4 1 0 0 0 0 0 8 9 0 0 0 0 0 2 0 0 0 0 1 8 7 0 0 9 0 0 0 3 0 0 0 0 0 0 0 0 5 5 9 9 0 0 3 11 9 2 0 0 0 11 0 0 5 12 0 0 0 0 0 0 0 9 0 0 5 1 0 0 0 2 0 2 0 0 4 3 11 0 17 10 0 0 0 7 2 0 0 0 0 5 0 1 2 0 0 2 12 8 0 1 0 5 13 0 0 5 5 0 2 11 0 0 1 0 0 0 0 0 4 0 0 10 16 2 0 0 0 15 0 0 1 0 14 5 0 2 0 15 2 0 14 0 0 0 0 0 7 0 0 9 0 0 11 8 0 16 0 0 37 68 123 156 228 243 42 0 4 3 0 0 0 0 0 0 9 0 2 10 0 39 169 184 160 180 181 212 253 242 255 247 255 247 35 3 5 0 6 0 0 0 0 0 7 0 0 5 0 58 200 233 249 247 254 233 241 199 127 249 241 123 0 7 0 0 2 0 0 0 0 0 9 0 0 15 0 0 8 5 53 88 85 9 0 2 28 233 250 110 0 3 0 2 5 0 0 0 0 0 9 1 0 1 9 2 0 5 0 0 12 2 5 0 5 239 255 94 0 3 0 4 0 0 0 0 0 0 0 3 7 0 0 1 11 0 3 4 7 0 3 0 33 253 255 56 0 8 0 3 0 0 0 0 0 8 0 0 10 3 0 0 0 8 2 0 0 0 6 0 57 254 188 6 0 9 0 1 0 0 0 0 0 10 0 0 0 0 4 12 7 0 0 0 9 0 0 17 169 255 112 0 0 6 2 0 0 0 0 0 0 0 3 11 5 0 0 0 0 0 0 0 8 3 0 56 252 241 44 0 2 0 5 0 0 0 0 0 0 3 1 0 0 5 1 0 8 0 2 0 0 0 11 69 255 211 0 6 5 0 7 0 3 0 0 0 0 0 0 0 0 0 0 0 0 12 0 3 0 0 9 212 237 24 12 0 0 0 4 1 0 0 0 0 0 0 0 0 0 0 0 0 0 0 1 22 0 7 78 249 191 9 3 0 0 2 5 4 0 0 0 0 0 0 0 0 0 0 0 0 0 13 0 0 0 1 141 250 130 0 0 0 0 3 4 2 0 0 0 0 0 0 0 0 0 0 0 0 0 0 3 0 0 9 255 255 59 0 0 1 2 1 0 0 0 0 0 0 0 0 0 0 0 0 0 0 0 0 12 8 0 79 254 164 1 1 3 3 2 0 0 0 0 0 0 0 0 0 0 0 0 0 0 0 0 0 0 0 9 216 255 200 169 2 2 1 0 0 0 2 4 0 0 0 0 0 0 0 0 0 0 0 0 0 10 0 43 239 255 243 148 1 0 0 0 1 2 2 2 0 0 0 0 0 0 0 0 0 0 0 0 2 0 2 165 255 241 221 15 2 0 0 1 2 2 0 0 0 0 0 0 0 0 0 0 0 0 0 0 0 0 24 251 255 196 58 0 0 0 0 0 0 0 0 0 0 0 0 0 0 0 0 0 0 0 0 0 3 3 26 249 207 23 0 12 0 0 0 0 0 0 0 0 0 0 0 0 0 0 0 0 0 0 0 0 0 0 0 0 0 0 9 0 0 0 0 0 0 0 0 0 0 0 0 0 0 0 0 0 0 0 0 0 10 0 16 4 5 7 0 8 0 0 0 0 0 0 0 0 0 0 0 0
0 0 0 0 0 0 0 0 0 11 0 2 0 0 0 7 0 0 0 1 0 0 0 5 0 0 0 0 0 0 0 0 0 0 0 0 1 0 0 5 3 12 6 0 3 2 2 4 4 0 0 0 0 0 0 0 0 0 0 0 0 0 0 0 1 0 7 1 0 0 0 1 0 0 0 0 0 3 1 0 0 0 0 0 0 0 0 0 0 0 0 0 2 1 2 4 20 9 0 0 0 1 0 0 0 2 5 2 0 0 0 0 0 0 0 0 0 0 0 0 0 3 0 0 1 0 0 16 2 5 5 0 0 0 0 0 0 0 0 0 0 0 0 0 0 0 0 0 5 4 0 8 0 6 0 3 0 0 0 4 5 0 0 0 0 0 0 0 0 0 0 0 0 0 0 0 0 10 113 255 245 226 109 0 19 0 0 0 5 0 0 0 0 0 0 0 0 0 0 0 0 0 0 0 4 3 114 254 177 233 246 192 69 27 0 0 3 0 0 3 0 0 0 0 0 0 0 0 0 0 0 0 0 2 5 99 0 13 97 210 255 196 84 10 13 0 5 0 0 0 0 0 0 0 0 0 0 0 0 0 3 0 0 26 4 0 6 16 83 207 255 207 109 0 0 6 0 0 0 0 0 0 0 0 0 0 0 0 0 12 0 0 0 0 0 3 0 4 80 255 217 7 0 0 0 0 0 0 0 0 0 0 0 0 0 0 0 9 0 9 7 13 0 1 4 16 148 254 130 0 4 2 0 0 0 0 0 0 0 0 0 0 0 0 2 0 0 11 0 6 0 0 4 90 248 166 14 0 0 17 0 0 0 0 0 0 0 0 0 0 0 0 2 0 15 0 0 0 14 4 76 242 213 45 0 5 6 0 0 0 0 0 0 0 0 0 0 0 0 0 7 0 0 0 13 8 0 15 224 211 5 0 28 0 12 4 0 0 0 0 0 0 0 0 0 0 0 0 0 9 0 12 0 0 15 159 251 140 0 0 2 0 0 0 0 0 0 0 0 0 0 0 0 0 0 0 0 0 1 0 12 0 71 254 175 15 0 5 3 4 0 5 0 0 0 0 0 0 0 0 0 0 0 0 9 0 8 8 0 15 223 221 41 0 10 10 0 2 0 6 0 0 0 0 0 0 0 0 0 0 0 0 0 14 0 0 15 170 244 113 0 0 12 0 0 9 2 0 0 0 0 0 0 0 0 0 0 0 0 0 0 0 2 3 96 255 151 0 13 0 0 0 0 9 0 0 0 0 0 0 0 0 0 0 0 0 0 0 0 15 0 36 249 195 21 0 0 0 4 1 5 0 0 2 0 0 0 0 0 0 0 0 0 0 0 0 8 0 0 195 255 51 9 0 0 4 4 0 0 3 0 1 0 0 0 0 0 0 0 0 0 0 0 0 0 8 59 255 159 5 0 2 7 7 0 0 0 5 8 0 0 0 0 0 0 0 0 0 0 0 0 0 6 13 218 231 20 1 7 0 0 0 0 11 4 0 0 0 0 0 0 0 0 0 0 0 0 0 0 0 4 128 245 44 5 0 9 0 0 0 0 0 0 0 0 0 0 0 0 0 0 0 0 0 0 0 0 0 0 190 221 3 0 7 0 7 0 0 0 0 0 0 0 0 0 0 0 0 0 0 0 0 0 0 0 0 4 0 9 0 0 6 10 2 0 0 0 0 0 0 0 0 0 0 0 0 0 0 0 0 0 0 0 0 16 3 0 6 0 5 0 0 0 0 0 0 0 0 0 0 0 0 0 0
0 0 0 0 0 0 0 0 1 0 0 0 0 5 5 1 9 6 0 0 0 0 0 5 0 0 0 0 0 0 0 0 0 0 0 0 0 2 9 9 2 0 0 0 0 0 3 4 5 5 0 0 0 0 0 0 0 0 0 0 0 0 0 0 8 3 0 0 0 3 8 11 0 0 1 0 0 1 10 2 0 0 0 0 0 0 0 0 0 0 0 0 1 0 1 4 3 0 0 0 7 2 8 9 0 0 3 0 0 0 0 0 0 0 0 0 0 0 0 0 0 2 7 7 0 0 1 13 0 0 0 0 0 0 0 7 0 0 0 0 0 0 0 0 0 0 0 0 11 0 0 0 0 0 0 0 10 9 1 4 11 0 0 0 0 0 0 0 0 0 0 0 0 0 0 0 0 0 0 4 7 2 0 6 0 9 0 0 9 12 0 2 0 0 0 0 0 0 0 0 0 0 0 0 0 4 9 0 0 30 120 203 255 248 133 17 0 1 0 4 0 0 0 0 0 0 0 0 0 0 0 0 60 121 221 240 239 226 255 254 249 248 255 81 10 0 0 5 0 0 0 0 0 0 0 0 0 0 0 0 179 235 255 252 255 250 251 246 255 255 255 147 9 3 3 7 0 0 0 0 0 0 0 0 0 0 0 0 169 255 250 244 255 255 251 255 254 245 251 187 0 0 0 0 0 0 0 0 0 0 0 0 0 0 0 0 159 255 255 248 218 217 213 229 251 250 255 167 0 0 7 0 0 0 0 0 0 0 0 0 0 0 0 0 87 149 117 96 21 10 0 14 247 255 255 89 1 3 3 0 0 0 0 0 0 0 0 0 0 0 0 0 0 7 0 10 0 0 0 38 246 255 205 14 1 0 0 0 0 0 0 0 0 0 0 0 0 0 0 0 8 4 0 7 3 9 11 126 255 255 121 0 10 3 2 2 0 0 0 0 0 0 0 0 0 0 0 0 0 0 0 0 0 5 44 252 248 250 38 0 1 0 0 0 0 0 0 0 0 0 0 0 0 0 0 0 1 3 2 0 2 0 165 250 255 144 9 0 5 0 8 0 0 0 0 0 0 0 0 0 0 0 0 0 13 0 2 8 0 161 233 255 205 62 0 2 2 0 0 2 0 0 0 0 0 0 0 0 0 0 0 0 0 9 5 0 91 220 252 246 121 0 0 12 0 0 0 4 0 0 0 0 0 0 0 0 0 0 0 0 0 0 20 50 242 255 255 242 43 0 0 6 0 9 5 0 0 0 0 0 0 0 0 0 0 0 0 0 12 3 0 181 249 236 234 43 0 15 0 0 1 0 4 0 0 0 0 0 0 0 0 0 0 0 0 0 0 0 59 255 255 255 225 0 0 20 0 0 12 0 0 5 0 0 0 0 0 0 0 0 0 0 0 0 15 0 244 246 252 217 66 7 2 4 0 4 10 0 0 11 0 0 0 0 0 0 0 0 0 0 0 0 2 46 244 255 254 87 0 0 6 0 8 3 0 4 0 1 0 0 0 0 0 0 0 0 0 0 0 0 2 161 247 254 245 35 0 0 0 0 0 0 0 0 0 0 0 0 0 0 0 0 0 0 0 0 0 0 0 153 253 250 165 12 0 1 0 0 0 0 0 0 0 0 0 0 0 0 0 0 0 0 0 0 0 0 0 169 252 178 15 0 5 1 0 0 0 0 0 0 0 0 0 0 0 0 0 0 0 0 0 0 0 0 0 0 0 14 0 17 6 0 0 0 0 0 0 0 0 0 0 0 0 0
0 0 0 0 0 0 0 0 0 0 1 2 1 0 1 2 2 0 0 4 4 2 0 0 0 0 0 0 0 0 0 0 0 0 0 0 4 1 0 0 0 0 0 0 1 2 4 1 0 0 0 4 0 0 0 0 0 0 0 0 0 0 0 0 0 0 0 4 6 7 5 3 0 5 0 0 1 3 1 3 0 0 0 0 0 0 0 0 0 0 0 0 0 0 0 2 3 1 0 0 0 8 1 0 5 5 0 0 0 0 0 0 0 0 0 0 0 0 0 0 2 0 0 0 0 3 7 9 0 0 2 0 1 3 3 6 0 0 0 0 0 0 0 0 0 0 0 0 0 0 1 1 0 0 0 0 17 0 0 0 0 1 3 0 0 0 0 0 0 0 0 0 0 0 0 0 2 4 5 0 0 0 0 4 2 0 3 20 0 0 8 3 0 0 0 0 0 0 0 0 0 0 0 0 2 0 0 0 12 47 92 125 255 250 255 229 85 0 0 2 0 0 0 0 6 6 0 0 17 0 0 8 0 34 63 182 201 232 255 255 254 248 255 255 183 1 26 0 0 0 0 0 0 2 4 13 94 118 159 172 166 209 248 255 255 251 244 240 249 255 251 234 255 146 0 13 0 0 0 0 11 0 11 94 255 255 255 243 241 255 255 235 251 255 255 255 252 255 240 255 249 213 0 0 0 0 0 0 0 0 0 78 240 246 253 252 255 255 250 242 182 155 51 26 69 222 255 240 255 85 5 4 0 0 0 0 9 6 0 19 167 220 227 185 76 70 58 72 11 16 0 1 115 255 248 255 167 0 0 0 0 0 0 0 0 14 9 0 10 0 4 0 2 0 9 5 0 0 9 8 192 243 251 254 181 16 4 2 0 0 0 0 7 0 0 4 1 0 3 7 0 0 4 0 3 0 0 62 255 236 255 241 11 0 2 0 0 0 0 0 3 5 0 17 0 6 8 0 0 1 0 0 0 10 0 171 253 249 249 139 5 7 3 0 0 0 0 0 0 0 0 0 0 0 0 0 0 0 5 1 0 2 32 223 255 242 236 2 0 1 8 0 0 0 0 0 0 0 0 0 0 0 0 0 7 0 2 10 0 110 255 239 255 255 144 19 4 0 1 0 0 0 0 0 0 0 0 0 0 0 0 0 0 14 3 0 4 117 255 246 237 157 10 0 3 0 5 0 0 0 0 0 0 0 0 0 0 0 0 0 16 0 0 7 98 187 250 254 255 44 0 0 7 0 5 0 0 0 0 0 0 0 0 0 0 0 0 0 0 3 0 32 195 255 255 255 191 0 12 0 7 0 6 0 0 0 0 0 0 0 0 0 0 0 0 0 0 15 1 95 242 255 232 202 25 0 0 0 0 3 3 5 0 0 0 0 0 0 0 0 0 0 0 0 31 0 65 224 255 255 233 82 0 15 2 1 0 2 0 0 0 0 0 0 0 0 0 0 0 0 0 0 0 4 171 255 241 250 124 0 12 0 1 6 0 4 0 0 0 0 0 0 0 0 0 0 0 0 0 0 0 5 244 247 252 160 0 0 0 0 0 0 0 0 0 0 0 0 0 0 0 0 0 0 0 0 0 0 11 0 242 244 255 113 16 8 0 0 0 0 0 0 0 0 0 0 0 0 0 0 0 0 0 0 0 0 0 11 255 239 171 8 0 0 0 0 0 0 0 0 0 0 0 0 0 0 0 0 0 0 0 0 0 0 6 0 14 8 0 5 6 6 0 0 0 0 0 0 0 0 0 0 0 0
0 0 0 0 0 0 0 0 0 0 2 9 4 0 0 7 5 0 0 5 6 0 0 2 0 0 0 0 0 0 0 0 0 0 0 0 12 3 0 0 0 0 0 0 1 0 0 0 0 0 3 6 0 0 0 0 0 0 0 0 0 0 0 0 0 0 0 0 4 10 8 3 0 0 3 0 0 0 0 0 0 0 0 0 0 0 0 0 0 0 0 0 0 2 6 1 0 0 0 0 6 6 5 4 2 0 0 0 0 0 0 0 0 0 0 0 0 0 0 0 4 6 4 0 0 1 4 4 1 0 0 0 1 0 3 10 0 0 0 0 0 0 0 0 0 0 0 0 3 0 0 3 9 7 0 0 4 1 4 10 9 0 0 0 0 0 0 0 0 0 0 0 0 0 0 0 3 0 0 2 0 0 0 7 0 7 6 0 0 0 8 3 0 0 0 0 0 0 0 0 0 0 0 0 3 0 1 4 0 9 64 125 255 250 180 71 4 1 6 0 0 0 0 0 0 3 0 0 2 0 0 2 6 0 7 123 198 255 236 255 255 250 244 190 2 0 6 0 0 0 0 0 0 0 2 3 2 0 19 56 250 255 255 246 240 240 255 244 229 255 255 242 11 6 0 0 0 0 0 0 1 0 0 3 0 0 13 58 255 242 237 255 255 255 250 255 255 255 242 139 0 0 6 4 0 0 0 0 5 1 0 0 3 0 0 11 255 255 255 244 245 190 118 9 239 255 251 124 0 20 0 0 0 0 0 0 0 2 0 0 8 9 0 0 66 112 69 140 0 0 13 66 255 242 255 6 1 0 13 12 0 0 0 0 0 7 5 0 0 5 2 0 0 9 0 0 3 16 0 128 255 247 187 1 0 14 0 0 0 0 0 0 0 7 3 0 0 0 0 1 4 0 0 1 0 0 0 255 250 255 129 8 4 0 0 15 0 0 0 0 3 0 0 0 9 2 0 2 0 8 8 1 0 0 207 246 255 255 0 2 0 18 0 0 0 0 0 0 0 0 0 0 0 0 0 0 2 5 0 10 0 6 255 249 255 193 0 12 0 0 0 6 0 0 0 0 0 0 0 0 0 0 0 0 0 7 0 3 15 184 243 255 236 33 0 1 7 1 0 0 0 0 0 0 0 0 0 0 0 0 0 0 10 8 7 0 62 255 238 255 212 0 0 0 4 0 0 3 0 0 0 0 0 0 0 0 0 0 0 0 0 0 13 3 135 255 255 253 117 16 5 1 0 0 0 6 0 0 0 0 0 0 0 0 0 0 0 0 3 8 0 0 178 243 255 246 0 15 0 3 0 4 0 0 0 0 0 0 0 0 0 0 0 0 0 0 0 3 5 14 255 255 239 147 0 0 8 0 0 8 2 0 0 0 0 0 0 0 0 0 0 0 0 0 15 0 0 63 249 251 255 109 22 0 9 0 0 3 0 2 0 0 0 0 0 0 0 0 0 0 0 0 0 2 2 255 253 255 254 5 0 12 0 3 2 3 0 3 0 0 0 0 0 0 0 0 0 0 0 0 0 8 0 255 254 255 192 0 0 0 0 0 0 0 0 0 0 0 0 0 0 0 0 0 0 0 0 0 3 0 1 181 255 237 85 10 0 0 0 0 0 0 0 0 0 0 0 0 0 0 0 0 0 0 0 0 2 9 0 76 255 205 0 0 0 0 0 0 0 0 0 0 0 0 0 0 0 0 0 0 0 0 0 0 0 5 3 0 1 0 0 19 0 0 0 0 0 0 0 0 0 0 0 0
0 0 0 0 0 0 0 0 0 0 0 0 0 0 0 0 0 4 3 0 0 5 0 0 0 0 0 0 0 0 0 0 0 0 0 0 0 0 0 0 0 0 0 0 0 0 0 4 0 0 1 16 0 0 0 0 0 0 0 0 0 0 0 0 0 0 0 0 0 0 0 0 10 2 0 4 3 0 0 5 0 0 0 0 0 0 0 0 0 0 0 0 0 0 0 0 0 0 0 0 0 0 0 0 0 3 0 0 0 0 0 0 0 0 0 0 0 0 0 0 0 0 0 0 0 0 0 0 3 6 8 6 1 0 0 2 0 0 0 0 0 0 0 0 0 0 0 0 0 0 0 0 0 0 0 0 7 0 0 0 1 0 0 3 0 0 0 0 0 0 0 0 0 0 0 0 0 0 0 0 0 0 0 0 0 9 16 2 0 3 6 0 0 0 0 0 0 0 0 0 0 0 0 0 0 0 0 0 0 0 0 0 45 142 173 86 5 0 9 0 0 0 0 0 3 0 0 8 2 0 8 0 0 0 12 0 0 45 150 222 251 251 255 242 12 7 4 0 0 0 0 0 5 0 8 0 0 33 0 0 35 37 49 138 182 246 250 254 234 255 244 255 14 0 0 10 0 0 0 0 0 19 0 15 40 40 77 168 239 255 245 248 255 229 171 86 62 211 239 255 18 0 0 0 0 0 0 0 8 0 114 180 255 255 253 255 255 234 193 187 165 29 5 0 1 211 254 219 0 6 3 0 0 0 0 0 0 49 255 219 154 94 173 68 48 71 8 19 2 0 1 1 13 202 249 149 0 3 0 2 0 0 0 0 8 23 231 25 0 0 8 5 4 0 0 0 3 0 1 4 0 201 255 97 4 7 0 0 0 0 0 0 0 19 81 0 13 2 0 8 0 8 28 0 4 2 19 0 59 255 245 42 0 1 11 3 0 0 0 0 7 0 0 23 0 0 14 0 2 0 0 12 0 4 0 3 127 255 159 1 0 0 6 0 0 0 0 0 0 0 0 0 0 0 0 0 0 0 5 0 0 2 1 1 76 255 146 12 0 20 0 0 0 0 0 0 0 0 0 0 0 0 0 0 2 0 3 0 0 4 0 0 77 250 175 0 0 0 1 0 0 0 0 0 0 0 0 0 0 0 0 0 3 0 2 0 0 5 0 0 138 254 123 2 4 5 0 9 0 0 0 0 0 0 0 0 0 0 0 0 2 0 4 0 2 2 0 11 199 255 42 0 0 7 0 0 0 0 0 0 0 0 0 0 0 0 0 0 0 0 6 0 0 0 0 35 229 244 28 4 2 0 9 0 0 0 0 0 0 0 0 0 0 0 0 0 0 2 5 0 0 0 3 55 246 203 19 63 22 0 0 11 0 0 0 0 0 0 0 0 0 0 0 0 0 2 2 0 3 0 3 60 251 188 83 107 7 8 0 9 0 0 0 0 0 0 0 0 0 0 0 0 1 1 0 0 6 0 1 58 255 242 252 114 0 4 0 0 0 0 0 0 0 0 0 0 0 0 0 0 0 9 0 1 0 0 0 166 242 255 159 13 0 3 0 7 0 0 0 0 0 0 0 0 0 0 0 0 2 2 0 5 0 0 11 186 255 181 54 0 2 9 0 0 0 0 0 0 0 0 0 0 0 0 0 0 0 0 0 12 0 0 2 114 155 52 0 0 4 0 0 0 0 0 0 0 0 0 0 0 0 0 0 0 0 1 3 4 0 13 0 11 14 0 0 13 0 0 0 1 0 0 0 0
0 0 0 0 0 0 0 0 0 1 3 6 4 0 0 4 0 0 1 0 0 3 7 0 0 0 0 0 0 0 0 0 0 0 0 0 0 4 0 0 0 17 8 0 6 3 4 3 0 0 3 0 0 0 0 0 0 0 0 0 0 0 0 0 5 6 2 13 0 0 0 4 3 0 0 0 0 0 0 2 0 0 0 0 0 0 0 0 0 0 0 0 0 0 0 10 0 7 0 0 0 0 0 0 3 0 0 4 0 0 0 0 0 0 0 0 0 0 0 0 2 10 4 8 0 12 5 0 0 6 1 0 8 0 0 0 0 0 0 0 0 0 0 0 0 0 0 0 4 0 0 0 4 0 0 7 0 4 0 0 5 3 0 2 0 0 0 0 0 0 0 0 0 0 0 0 0 16 14 0 16 5 0 0 0 15 2 0 1 6 0 3 0 0 0 0 0 0 0 0 0 0 0 0 0 171 219 51 0 0 13 1 21 45 22 0 2 6 0 0 0 0 0 0 0 7 0 0 8 0 5 0 26 255 251 148 18 5 121 171 248 255 242 108 8 0 6 1 0 0 0 0 2 0 0 4 4 0 0 6 57 239 255 255 238 255 255 249 251 255 255 248 23 0 0 0 0 0 0 0 1 0 0 6 2 0 0 7 150 255 253 255 250 253 250 255 255 240 236 255 48 0 2 8 0 0 0 0 0 0 3 0 0 15 0 5 213 255 238 255 255 236 253 225 219 255 255 250 152 6 4 0 0 0 0 0 2 1 8 0 0 10 0 64 253 252 255 212 173 110 95 26 13 198 255 231 130 4 2 4 0 0 0 0 1 0 5 10 0 1 18 191 255 243 251 77 5 0 1 0 0 222 255 255 28 0 0 0 0 0 0 0 1 0 0 11 0 3 26 255 255 235 133 0 0 6 4 9 57 231 248 255 8 17 0 0 0 0 0 0 9 1 0 0 0 3 9 252 243 240 25 0 24 0 0 0 167 255 254 219 27 0 0 5 0 0 0 0 0 11 0 0 6 0 23 131 206 113 4 0 0 0 3 50 243 254 255 126 0 0 0 0 0 0 0 0 0 5 0 0 16 0 0 32 28 3 0 2 0 2 0 90 252 255 172 10 6 7 0 9 0 0 0 0 0 2 0 0 8 5 0 0 0 0 9 5 0 3 0 165 253 255 158 0 3 0 0 1 0 0 0 0 0 0 1 0 0 1 8 4 11 0 1 0 0 8 96 240 248 254 158 10 0 0 7 0 0 0 0 0 0 0 6 10 0 0 0 0 0 0 0 7 6 0 183 255 255 207 67 0 7 2 0 5 0 0 0 0 4 0 0 5 0 0 0 0 0 11 5 3 0 0 217 250 255 107 0 0 4 0 0 1 0 0 0 0 6 0 0 0 0 1 3 7 0 0 0 0 9 100 238 255 209 29 0 18 0 0 7 0 0 0 0 0 0 3 3 0 3 3 0 0 9 0 7 20 95 247 255 252 122 13 7 0 8 3 0 1 0 0 0 0 0 0 0 0 0 0 0 0 3 6 4 0 122 255 251 218 16 9 1 0 0 2 1 0 0 0 0 0 0 0 0 0 0 0 0 0 6 0 3 6 71 229 255 178 9 4 0 0 0 2 1 0 0 0 0 0 0 0 0 0 0 0 0 0 4 0 13 0 35 239 228 30 1 0 0 0 0 2 1 0 0 0 0 0 0 0 0 0 0 0 0 0 2 0 11 13 3 0 0 0 0 0 0 0 0 1 0 0 0 0 0 0
0 0 0 0 0 0 0 0 2 0 0 2 0 0 0 3 0 10 0 0 0 14 4 0 0 0 0 0 0 0 0 0 0 0 0 0 0 4 0 6 5 0 2 0 0 1 0 14 2 5 0 0 0 0 0 0 0 0 0 0 0 0 0 0 0 10 0 0 1 0 0 0 0 0 0 0 0 0 0 12 0 0 0 0 0 0 0 0 0 0 0 0 0 7 0 0 0 5 5 9 0 6 7 6 1 5 1 0 0 0 0 0 0 0 0 0 0 0 0 0 6 0 10 0 0 5 0 0 0 0 0 0 1 0 2 3 0 0 0 0 0 0 0 0 0 0 0 0 0 0 1 6 1 7 3 2 12 0 0 1 6 0 0 6 0 0 0 0 0 0 0 0 0 0 0 0 16 1 0 17 0 0 16 0 0 0 12 0 0 0 11 6 0 0 0 0 0 0 0 0 0 0 0 0 0 3 0 94 119 139 255 245 255 255 201 53 0 0 14 0 0 0 0 0 3 0 0 8 0 0 17 0 50 157 232 253 252 245 255 252 255 241 255 200 0 12 0 0 0 0 0 0 0 9 10 0 25 0 123 159 241 255 255 255 255 252 255 251 255 249 248 211 2 11 1 7 0 0 0 0 0 0 5 0 0 84 243 255 245 246 249 255 246 232 202 185 243 254 251 226 3 0 0 0 0 0 0 0 11 0 4 4 5 198 248 244 255 246 240 208 113 29 0 32 249 255 255 199 9 0 4 0 0 0 0 0 2 0 14 0 159 255 254 255 240 95 1 4 6 2 1 120 255 241 253 120 0 3 9 0 0 0 0 0 0 0 0 4 198 253 254 176 62 17 0 3 0 1 0 129 247 245 255 84 0 0 0 0 0 0 0 0 7 6 0 1 63 129 123 12 0 3 10 0 0 14 5 181 253 255 246 71 14 0 0 4 0 0 0 0 0 0 14 0 0 18 0 0 6 0 0 3 0 0 2 252 255 248 150 5 0 0 3 0 0 0 0 0 0 0 0 0 0 0 0 0 1 5 0 0 2 9 9 253 255 243 66 0 3 7 6 0 0 0 0 0 0 0 0 0 0 0 0 0 0 0 2 5 0 0 3 253 255 248 62 0 0 0 0 0 0 0 0 0 0 0 0 0 0 0 0 0 0 0 1 9 0 0 25 253 255 250 56 7 3 4 4 3 0 0 0 0 0 0 0 0 0 0 0 0 6 0 0 4 4 0 85 251 242 216 23 0 0 0 0 0 0 0 0 0 0 0 0 0 0 0 0 0 1 4 0 0 13 0 153 250 250 178 6 0 0 1 0 0 0 0 0 0 0 0 0 0 0 0 0 0 0 8 0 0 5 0 203 250 255 139 9 2 7 7 2 1 0 0 0 0 0 0 0 0 0 0 0 0 0 4 5 0 0 57 237 251 247 73 0 0 3 0 0 0 0 0 0 0 0 0 0 0 0 0 0 0 5 0 1 0 4 124 255 253 228 30 0 0 8 0 0 4 0 0 0 0 0 0 0 0 0 0 0 0 11 0 0 12 0 157 255 253 150 0 9 2 0 0 10 0 0 0 0 0 0 0 0 0 0 0 0 0 0 0 0 2 0 161 255 242 166 3 0 2 10 0 5 2 0 0 0 0 0 0 0 0 0 0 0 0 7 10 0 0 11 157 250 255 120 1 0 0 10 0 0 0 0 0 0 0 0 0 0 0 0 0 0 0 0 0 0 10 0 8 0 0 29 0 6 0 0 0 0 0 0 0 0 0
0 0 0 1 10 2 0 0 4 4 0 0 0 0 3 4 1 0 0 1 3 1 0 0 0 0 0 0 0 5 5 0 0 0 6 8 0 0 0 5 12 10 0 0 2 1 0 0 0 0 2 4 0 0 0 0 4 0 0 1 0 0 1 0 6 6 3 0 0 0 0 3 0 0 0 0 0 0 0 4 0 0 0 0 8 0 0 12 4 0 0 0 0 0 0 0 0 0 0 3 0 1 3 3 1 0 0 0 0 0 0 0 0 0 5 6 0 0 2 14 16 5 0 1 5 2 0 0 2 1 1 1 2 3 1 0 0 0 0 0 0 7 0 0 2 7 0 0 0 0 0 3 0 0 0 9 0 0 0 0 0 0 0 3 0 0 0 0 0 7 0 0 14 5 0 19 11 4 2 6 4 0 0 2 0 5 12 9 0 0 0 2 0 0 0 0 0 6 0 0 6 0 15 136 248 152 44 0 0 6 5 0 3 23 42 39 20 2 0 2 0 0 0 0 8 0 10 0 4 0 10 180 249 247 247 207 183 167 154 195 190 232 255 236 172 4 0 10 0 0 0 0 0 0 13 0 5 7 0 57 247 218 114 178 226 211 161 121 127 235 242 255 120 0 1 0 0 0 0 0 0 3 5 0 0 12 0 0 154 211 5 0 0 0 18 0 5 196 255 141 24 0 2 5 0 0 0 0 2 2 0 0 0 0 7 4 24 195 31 0 17 10 0 2 57 242 217 23 0 1 0 6 0 0 0 0 0 0 1 13 1 0 4 0 0 0 0 12 0 0 15 27 217 255 51 8 5 2 0 0 0 0 0 0 0 3 0 1 0 3 9 0 0 0 8 2 14 0 5 143 255 126 0 0 6 0 7 0 0 0 0 0 4 2 0 0 0 11 9 3 5 5 0 0 8 11 97 255 221 19 22 0 0 1 0 0 0 0 0 0 0 0 4 3 8 4 0 4 0 16 0 0 7 0 106 248 131 0 0 9 0 10 0 4 0 0 0 0 0 0 0 0 0 0 0 0 0 0 7 0 2 0 197 234 13 10 5 0 0 0 0 1 0 0 0 0 0 0 0 0 0 0 0 0 3 3 0 0 0 45 231 220 6 4 1 0 0 0 0 2 0 0 0 0 0 0 0 0 0 0 0 0 0 5 4 9 4 147 255 88 0 0 0 0 0 0 0 1 0 0 0 0 0 0 0 0 0 0 0 0 8 0 2 0 0 201 229 0 0 0 0 0 0 0 0 0 0 0 0 0 0 0 0 0 0 0 0 0 4 0 3 4 84 235 140 6 0 0 0 1 0 0 0 0 0 0 0 0 0 0 0 0 0 0 0 0 0 12 1 4 206 255 50 5 1 1 1 1 1 0 0 0 0 0 0 0 0 0 0 0 0 0 0 0 0 13 0 0 218 195 2 0 1 1 0 0 0 0 0 0 0 0 0 0 0 0 0 0 0 0 0 0 1 0 14 77 232 115 0 1 0 0 0 0 0 0 0 1 0 0 0 0 0 0 0 0 0 0 0 0 5 0 2 148 248 119 0 1 0 0 0 0 0 0 0 0 0 0 0 0 0 0 0 0 0 0 0 0 0 10 16 217 251 55 8 0 0 0 0 0 0 0 0 0 0 0 0 0 0 0 0 0 0 0 0 0 4 0 16 251 232 0 0 7 0 0 0 0 0 0 0 0 0 0 0 0 0 0 0 0 0 0 0 0 0 6 2 4 0 0 18 0 0 0 0 0 0 0 0 0 0 0 0 0
0 0 0 0 0 0 0 0 0 0 0 0 0 0 0 0 0 0 0 0 0 0 0 0 0 0 0 0 0 0 0 0 0 0 0 0 0 0 0 0 0 0 0 0 0 0 0 0 0 0 0 0 0 0 0 0 0 0 0 0 0 0 0 0 0 0 0 0 0 0 0 0 0 0 0 0 0 0 0 0 0 0 0 0 0 0 0 0 0 0 0 0 0 0 0 0 0 0 0 0 0 0 0 0 0 0 0 0 0 0 0 0 0 0 0 0 0 0 0 0 0 0 0 0 0 0 0 0 0 0 0 0 0 0 0 0 0 0 0 0 0 0 0 0 0 0 0 0 0 0 0 0 0 0 0 0 0 0 0 0 0 0 0 0 0 0 0 0 0 0 0 0 0 0 0 0 0 0 0 0 0 0 0 0 0 0 0 0 0 0 0 0 0 0 0 0 0 0 0 0 0 0 0 0 0 0 0 0 0 0 0 0 0 0 0 0 0 0 0 0 0 0 0 0 0 0 0 20 164 163 169 157 44 17 17 39 45 113 150 45 52 92 146 74 157 117 8 0 0 0 0 0 10 0 0 134 248 240 247 247 255 210 207 248 250 242 255 249 245 255 253 255 246 255 109 0 0 0 0 0 0 0 4 238 252 255 255 255 255 246 244 255 255 254 241 255 246 241 248 248 253 240 216 13 0 0 0 0 0 21 0 36 146 127 174 246 240 255 255 249 251 233 165 147 140 141 142 255 243 255 208 0 0 0 0 0 0 0 0 3 0 2 0 8 20 0 0 0 0 13 1 11 0 7 105 247 232 255 115 9 0 0 0 0 8 0 18 0 10 8 0 0 0 0 4 13 0 1 1 0 1 22 254 239 255 176 16 6 0 0 0 0 14 0 0 22 0 9 7 0 2 13 7 0 0 0 10 0 0 108 255 255 252 131 0 0 0 0 0 0 0 9 4 0 15 0 3 3 0 8 0 0 13 0 5 0 1 221 240 250 154 15 0 5 0 0 0 0 0 0 0 0 0 0 0 0 0 18 0 0 15 0 0 0 45 243 246 245 92 0 10 2 0 0 0 0 0 0 0 0 0 0 0 0 21 0 0 0 0 11 0 53 235 248 255 220 17 3 5 0 0 0 0 0 0 0 0 0 0 0 0 0 0 0 21 1 7 2 16 241 251 247 255 82 0 2 6 0 0 0 0 0 0 0 0 0 0 0 0 0 16 0 0 7 0 1 138 251 243 255 197 1 11 0 0 0 0 0 0 0 0 0 0 0 0 0 0 0 1 8 7 0 40 72 230 245 247 156 23 0 0 3 4 5 0 0 0 0 0 0 0 0 0 0 0 0 0 9 0 2 235 236 247 255 255 84 0 7 3 5 0 1 0 0 0 0 0 0 0 0 0 0 0 0 0 0 19 78 255 244 246 253 101 8 2 0 13 0 0 6 0 0 0 0 0 0 0 0 0 0 0 0 7 6 0 37 236 252 255 238 31 2 0 8 0 0 7 0 0 0 0 0 0 0 0 0 0 0 0 0 3 0 0 2 159 255 227 86 0 0 0 0 0 0 0 0 0 0 0 0 0 0 0 0 0 0 0 0 0 5 0 0 21 49 38 0 0 0 0 0 0 0 0 0 0 0 0 0 0 0 0 0 0 0 0 0 0 4 0 8 0 0 0 8 0 0 0 0 0 0 0 0 0 0 0 0 0 0 0 0 0 0 0 0 1 8 0 10 0 21 3 4 0 0 0 0 0 0 0 0 0 0 0 0
0 0 0 0 0 0 0 0 0 0 0 0 0 0 0 0 0 1 1 1 0 0 0 0 0 0 0 0 0 0 0 0 0 0 0 0 0 0 0 0 0 1 1 1 1 1 0 0 0 1 2 2 0 0 0 0 0 0 0 0 0 0 0 0 0 0 0 0 0 0 0 1 0 0 0 0 0 0 0 1 0 0 0 0 0 0 0 0 0 0 0 0 0 0 0 0 0 0 0 1 1 1 0 0 0 0 0 0 0 0 0 0 0 0 0 0 0 0 0 0 2 2 1 0 0 0 0 0 1 2 3 5 4 3 1 0 0 0 0 0 0 0 0 0 0 0 0 0 0 0 0 0 0 0 0 0 0 0 0 1 2 1 1 0 0 0 0 0 0 0 0 0 0 0 0 0 0 0 3 6 7 6 4 3 6 4 1 0 0 0 0 0 0 0 0 0 0 0 0 0 0 0 0 0 8 12 17 21 24 23 22 20 26 20 12 4 0 0 0 2 0 0 0 0 1 0 0 0 0 38 49 137 165 237 223 242 255 255 241 250 251 253 215 146 23 0 0 0 0 0 0 0 5 0 5 11 97 224 248 255 251 255 247 255 248 247 255 255 255 246 251 239 189 0 14 0 0 0 0 0 6 0 5 0 235 255 251 249 251 200 162 149 77 44 48 35 129 157 217 255 219 11 4 1 0 0 0 0 3 0 9 0 255 255 212 140 37 0 0 15 0 0 9 8 10 0 114 251 231 54 0 15 0 0 0 0 0 0 9 7 14 34 16 0 12 1 3 2 3 0 0 0 0 59 249 251 142 3 0 0 0 0 0 0 24 0 0 19 0 0 0 7 0 0 3 0 11 10 0 9 7 119 245 255 95 0 17 12 0 0 0 0 0 17 8 0 2 1 0 8 8 3 14 0 3 0 0 0 21 208 255 203 18 0 0 0 0 0 0 0 5 3 0 9 0 5 0 0 2 0 9 0 3 0 3 12 188 254 248 74 0 9 1 2 0 0 0 0 0 0 0 0 0 0 0 0 4 0 0 18 0 0 22 188 255 243 208 0 0 9 0 0 0 0 0 0 0 0 0 0 0 0 0 0 1 0 7 0 12 0 93 251 250 197 9 12 0 5 4 10 0 0 0 0 0 0 0 0 0 0 0 0 0 7 0 0 0 42 234 255 230 111 0 0 0 12 0 0 0 0 0 0 0 0 0 0 0 0 0 0 4 10 0 12 0 136 255 243 105 0 21 0 1 12 0 19 0 0 0 0 0 0 0 0 0 0 0 0 0 0 12 9 115 255 249 245 43 0 2 16 0 0 0 3 0 0 0 0 0 0 0 0 0 0 0 0 9 0 9 19 212 255 228 57 1 3 0 5 10 10 13 0 0 0 0 0 0 0 0 0 0 0 0 0 0 0 9 143 255 252 228 0 6 6 16 0 0 2 0 20 0 0 0 0 0 0 0 0 0 0 0 0 2 0 42 255 241 177 34 5 0 1 0 6 3 0 44 197 0 0 0 0 0 0 0 0 0 0 0 0 2 3 118 255 250 95 0 3 0 0 0 0 0 0 0 0 0 0 0 0 0 0 0 0 0 0 0 0 0 5 137 231 136 17 0 0 0 0 0 0 0 0 0 0 0 0 0 0 0 0 0 0 0 0 0 0 0 0 5 30 12 0 0 7 0 0 0 0 0 0 0 0 0 0 0 0 0 0 0 0 0 0 0 0 7 11 0 0 2 4 2 14 0 0 0 0 0 0 0 0 0 0 0 0
0 0 0 0 0 0 0 0 1 0 0 0 0 5 2 0 0 6 1 0 0 3 1 3 0 0 0 0 0 0 0 0 0 0 0 0 0 0 1 1 0 0 0 5 0 0 0 8 9 1 0 1 0 0 0 0 0 0 0 0 0 0 0 0 0 0 0 9 12 6 3 7 6 0 0 0 0 0 4 5 0 0 0 0 0 0 0 0 0 0 0 0 3 2 0 0 0 0 0 0 0 5 13 6 0 6 6 0 0 0 0 0 0 0 0 0 0 0 0 0 0 7 9 0 0 0 6 10 0 0 0 0 0 6 8 0 0 0 0 0 0 0 0 0 0 0 0 0 0 0 0 0 5 10 2 0 11 8 0 4 10 0 0 5 0 0 0 0 0 0 0 0 0 0 0 0 9 0 0 0 0 0 0 0 0 10 0 0 4 5 0 7 0 0 0 0 0 0 0 0 0 0 0 0 0 0 3 7 0 0 70 156 255 255 156 22 0 7 0 0 0 0 0 0 0 0 0 0 0 0 0 0 2 136 200 195 197 217 247 255 255 245 178 0 3 0 2 0 0 0 0 0 0 0 0 0 0 0 0 0 0 96 197 255 246 249 254 206 238 255 157 8 4 0 2 2 0 0 0 0 0 0 0 0 0 0 0 0 0 0 3 61 67 74 62 48 230 255 96 4 1 0 1 1 0 0 0 0 0 0 0 0 0 0 0 0 8 19 0 0 15 0 0 146 253 196 26 0 2 0 3 0 0 0 0 0 0 0 0 0 0 0 0 0 0 4 1 0 14 0 6 242 255 100 0 0 11 0 4 3 0 0 0 0 0 0 0 0 0 0 0 0 25 0 0 0 0 5 95 255 195 19 0 0 10 0 0 3 0 0 0 0 0 0 0 0 0 0 0 0 0 0 3 12 0 11 197 255 109 0 4 0 3 0 0 0 0 0 0 0 0 0 0 0 0 0 0 0 0 15 0 0 12 48 255 239 58 0 6 0 0 4 6 0 0 0 0 0 0 0 0 0 0 0 0 0 9 0 3 0 0 73 251 212 0 0 0 0 0 0 0 0 0 0 0 0 0 0 0 0 0 0 0 0 0 0 0 3 11 237 255 123 0 0 0 0 0 0 0 0 0 0 0 0 0 0 0 0 0 0 0 0 0 34 0 0 102 255 255 5 0 0 0 0 0 0 0 0 0 0 0 0 0 0 0 0 0 0 0 0 0 0 0 1 148 255 131 8 0 0 0 0 0 0 0 0 0 0 0 0 0 0 0 0 0 0 0 0 6 0 0 51 208 232 23 8 0 0 0 0 0 0 0 0 0 0 0 0 0 0 0 0 0 0 0 0 2 15 3 119 255 200 10 0 0 0 0 0 0 0 0 0 0 0 0 0 0 0 0 0 0 0 0 0 0 0 1 193 237 193 0 13 0 0 0 0 0 0 0 0 0 0 0 0 0 0 0 0 0 0 0 0 14 0 9 219 241 46 2 0 0 0 0 0 0 0 0 0 0 0 0 0 0 0 0 0 0 0 0 0 0 5 93 255 201 0 0 0 0 0 0 0 0 0 0 0 0 0 0 0 0 0 0 0 0 0 0 0 12 0 113 234 198 78 0 2 0 0 0 0 0 0 0 0 0 0 0 0 0 0 0 0 0 0 0 0 1 0 6 223 221 16 7 0 0 0 0 0 0 0 0 0 0 0 0 0 0 0 0 0 0 0 0 0 0 0 9 0 0 10 0 3 0 0 0 0 0 0 0 0 0 0 0 0
0 0 0 0 0 0 0 0 0 3 2 0 0 2 3 0 3 9 0 0 11 0 0 2 0 0 0 0 0 0 0 0 0 0 0 0 0 0 0 10 8 0 0 3 0 3 4 3 2 0 0 8 0 0 0 0 0 0 0 0 0 0 0 0 12 12 0 0 0 10 7 0 5 1 0 0 0 6 2 1 0 0 0 0 0 0 0 0 0 0 0 0 0 0 2 13 5 0 0 13 5 0 2 2 7 13 0 0 0 0 0 0 0 0 0 0 0 0 0 0 11 10 3 0 0 4 2 0 6 3 4 0 0 0 0 17 0 0 0 0 0 0 0 0 0 0 0 0 0 0 0 0 0 6 4 0 0 7 0 0 16 0 0 0 0 0 0 0 0 0 0 0 0 0 0 0 7 0 0 9 0 4 99 213 255 228 74 0 1 0 5 0 0 0 0 0 0 0 0 0 0 0 0 0 5 86 129 110 126 202 251 247 249 255 88 0 7 0 14 0 0 0 0 0 0 6 0 0 0 12 0 151 246 255 255 251 242 250 255 242 254 252 97 0 3 0 4 0 0 0 0 0 9 0 0 11 0 0 17 224 248 249 246 255 255 250 234 207 254 252 97 0 3 0 4 0 0 0 0 0 0 3 0 16 0 0 0 80 189 177 151 146 133 82 35 46 254 252 97 0 3 0 4 0 0 0 0 0 0 16 0 0 0 14 2 0 11 12 3 11 16 0 0 99 254 252 97 0 3 0 4 0 0 0 0 0 0 4 0 6 0 0 12 9 0 0 0 0 0 0 5 178 254 252 97 0 3 0 4 0 0 0 0 0 0 0 0 17 2 0 0 0 6 4 3 5 2 0 0 184 254 252 97 0 3 0 4 0 0 0 0 0 9 0 0 0 0 9 10 3 0 0 0 2 0 6 0 170 254 252 97 0 3 0 4 0 0 0 0 0 5 0 2 0 1 2 0 5 4 0 8 4 0 11 0 178 254 252 97 0 3 0 4 0 0 0 0 0 0 0 0 0 0 0 0 0 0 4 3 0 12 5 0 184 245 251 110 0 0 5 0 0 0 0 0 0 0 0 0 0 0 0 0 0 3 4 0 0 0 0 12 184 255 255 85 3 4 0 4 0 0 0 0 0 0 0 0 0 0 0 0 0 0 0 0 0 8 4 106 250 255 220 34 6 5 0 12 0 0 0 0 0 0 0 0 0 0 0 0 0 5 0 2 0 1 3 161 255 246 157 0 3 2 0 5 0 0 0 0 0 0 0 0 0 0 0 0 0 9 0 5 0 0 12 197 252 247 96 0 5 1 2 0 0 0 0 0 0 0 0 0 0 0 0 0 0 0 0 5 0 1 54 244 255 231 36 0 0 0 13 0 3 0 0 0 0 0 0 0 0 0 0 0 0 0 0 6 0 0 79 252 244 212 0 0 0 0 9 0 4 0 0 0 0 0 0 0 0 0 0 0 0 0 0 8 0 3 111 255 252 214 0 8 0 0 0 3 0 0 0 0 0 0 0 0 0 0 0 0 0 0 5 0 1 10 111 254 255 206 6 0 5 0 10 0 0 0 0 0 0 0 0 0 0 0 0 0 0 0 11 5 0 0 49 195 241 55 0 10 6 0 7 0 6 0 0 0 0 0 0 0 0 0 0 0 0 0 0 0 12 7 0 9 0 0 0 6 0 1 11 0 5 0 0 0 0 0 0 0 0 0 0 0 0 5 5 0 0 3 0 4 8 6 11 0 0 10 3 0 0 0 0 0 0
0 0 0 0 0 0 0 0 0 0 0 0 2 3 2 1 0 4 0 6 6 0 8 0 9 0 1 4 0 0 0 0 0 0 0 0 1 0 0 0 0 0 0 0 6 9 0 0 0 0 5 0 0 0 0 0 0 0 0 0 0 0 0 0 3 1 0 0 0 0 0 1 0 0 1 0 13 0 13 2 7 12 5 0 0 0 0 0 0 0 0 0 0 1 1 0 0 1 3 5 0 0 4 0 10 0 0 0 0 0 0 5 0 0 0 0 0 0 0 0 0 0 3 3 1 0 0 1 4 0 4 0 5 0 6 5 8 0 0 0 0 0 0 0 0 0 0 0 0 1 3 2 0 0 0 0 0 0 6 2 0 1 0 0 0 0 6 0 0 0 0 0 0 0 0 0 0 1 2 0 0 0 5 11 2 2 2 5 0 9 0 18 14 0 0 13 0 0 0 0 0 0 0 0 0 0 1 0 0 6 19 28 5 2 0 10 6 85 108 167 214 69 0 6 0 15 0 4 1 0 14 0 0 7 0 19 57 178 199 216 191 183 200 80 191 249 255 251 184 2 6 9 0 0 9 0 6 0 0 0 0 40 128 152 255 255 254 244 255 253 250 255 250 255 232 253 187 1 0 0 0 0 10 3 0 6 17 0 0 100 245 255 251 242 242 226 188 179 123 222 248 255 249 255 232 64 14 0 0 0 3 7 0 0 0 21 154 254 254 249 244 255 115 25 12 0 0 217 243 249 255 169 63 0 0 0 15 0 0 0 12 9 45 219 253 250 251 158 42 0 0 7 0 93 88 251 255 93 7 0 5 0 16 6 0 0 15 4 15 0 190 245 255 229 133 0 0 5 2 0 81 223 250 237 245 5 0 7 0 0 0 0 4 9 0 0 0 11 255 248 249 103 6 5 0 0 4 73 163 255 243 136 150 0 0 11 0 3 4 7 0 0 5 3 0 5 11 40 30 6 0 0 9 7 0 24 255 242 140 140 0 0 1 0 4 0 0 4 1 0 0 0 0 0 0 0 2 5 0 0 9 0 17 99 255 223 47 74 0 0 7 0 0 0 0 0 0 0 0 0 0 0 1 1 0 2 1 0 9 46 110 255 211 63 0 0 17 9 0 3 0 0 0 0 0 0 0 1 1 1 1 1 0 0 0 18 45 227 255 142 57 0 20 0 3 0 0 17 0 0 0 0 0 0 0 0 1 0 0 0 17 0 3 103 239 250 215 34 0 0 19 0 0 9 8 0 0 0 0 0 0 0 0 0 0 0 0 0 0 11 0 229 241 224 58 4 9 6 0 6 0 0 7 0 0 0 0 0 1 0 0 0 0 0 0 0 3 0 105 254 255 126 0 0 7 0 9 2 0 0 0 9 0 0 0 0 2 0 0 0 0 1 4 6 37 165 252 235 243 88 0 6 2 0 10 0 11 8 8 0 0 0 0 0 1 0 0 0 0 5 10 13 224 246 241 255 228 0 5 0 1 7 0 7 0 0 10 0 0 0 0 0 0 8 0 0 15 0 11 104 254 245 255 251 128 5 0 15 0 0 0 0 0 0 0 0 0 0 0 0 0 7 4 3 0 0 91 252 246 253 244 135 4 3 28 0 0 0 0 0 0 0 0 0 0 0 0 0 0 0 2 6 0 10 101 220 98 186 106 0 5 8 0 14 0 0 0 0 0 0 0 0 0 0 0 0 11 3 0 0 0 0 0 0 8 0 0 5 0 0 7 9 0 0 0 0 0 0 0 0 0 0 0 0
0 0 0 0 0 0 0 0 0 0 0 3 5 3 0 0 0 4 0 0 0 3 3 6 0 0 0 0 0 0 0 0 0 0 0 0 4 2 0 0 0 0 0 2 4 1 3 10 8 0 0 0 0 0 0 0 0 0 0 0 0 0 0 0 0 0 2 3 3 4 8 11 0 0 0 0 0 1 11 12 0 0 0 0 0 0 0 0 0 0 0 0 0 0 2 1 0 0 0 0 0 5 13 5 0 4 4 0 0 0 0 0 0 0 0 0 0 0 0 0 1 0 0 0 0 2 4 5 0 0 0 0 0 0 3 0 0 0 0 0 0 0 0 0 0 0 0 0 0 0 1 3 3 1 0 0 10 7 0 3 10 0 0 12 0 0 0 0 0 0 0 0 0 0 0 0 0 4 6 0 0 0 0 3 0 10 0 0 5 3 0 1 0 0 0 0 0 0 0 0 0 0 0 0 0 1 0 0 0 29 81 121 218 233 136 12 0 7 0 0 0 0 0 0 0 0 0 0 0 0 0 0 8 0 1 54 91 225 255 244 255 246 255 24 0 0 7 0 0 0 0 0 6 0 0 3 2 0 1 14 50 103 203 236 239 253 255 251 247 255 245 31 15 0 0 1 0 0 0 0 8 0 0 0 0 16 89 164 255 255 238 255 231 215 111 75 191 254 255 21 0 0 0 6 0 0 0 0 0 0 6 6 0 12 69 128 242 218 118 88 2 5 0 50 214 251 245 23 0 7 11 0 0 0 0 0 0 1 0 0 0 2 0 0 1 0 0 0 11 0 15 118 253 250 88 11 0 1 0 0 0 0 0 0 7 5 0 0 0 7 5 0 0 10 7 5 1 0 45 201 248 255 0 1 0 0 0 6 0 0 0 0 0 0 5 3 0 0 0 1 0 2 0 10 0 10 78 252 254 214 2 13 0 0 5 0 0 0 0 0 3 0 0 2 2 0 0 6 8 0 11 0 15 0 98 255 231 33 7 0 2 0 14 0 0 0 0 0 0 0 0 0 0 0 0 0 1 0 5 5 0 0 225 244 211 14 0 0 6 1 13 0 0 0 0 0 0 0 0 0 0 0 0 0 0 0 0 0 1 112 252 255 102 0 5 8 3 0 4 5 0 0 0 0 0 0 0 0 0 0 0 0 1 1 8 6 8 224 255 249 74 0 7 1 4 0 0 4 0 0 0 0 0 0 0 0 0 0 0 0 8 0 0 0 0 255 255 231 70 11 4 0 7 0 0 0 0 0 0 0 0 0 0 0 0 0 0 0 5 0 6 1 9 250 231 104 3 0 3 0 6 0 0 5 0 0 0 0 0 0 0 0 0 0 0 0 1 2 8 4 70 242 187 0 0 0 2 0 2 0 0 5 0 0 0 0 0 0 0 0 0 0 0 0 4 0 0 2 147 250 170 7 12 12 0 0 1 1 0 0 0 0 0 0 0 0 0 0 0 0 0 0 0 0 5 68 248 255 111 0 0 2 0 2 1 0 3 0 0 0 0 0 0 0 0 0 0 0 0 0 0 3 7 162 248 234 11 3 0 0 0 0 0 0 0 0 0 0 0 0 0 0 0 0 0 0 0 0 0 6 0 177 253 143 12 0 0 0 0 0 0 0 0 0 0 0 0 0 0 0 0 0 0 0 0 0 3 0 1 185 237 61 0 0 0 0 0 0 0 0 0 0 0 0 0 0 0 0 0 0 0 0 0 0 6 5 0 0 8 3 6 2 0 0 0 0 0 0 0 0 0 0 0 0
0 0 0 0 0 0 0 0 0 0 0 0 0 0 0 0 0 0 0 0 0 0 0 0 0 0 0 0 0 0 0 0 0 0 0 0 0 0 0 0 0 0 0 0 0 0 0 0 0 0 0 0 0 0 0 0 0 0 0 0 0 0 0 0 0 0 0 0 0 0 0 0 0 0 0 0 0 0 0 0 0 0 0 0 0 0 0 0 0 0 0 0 0 0 0 0 0 0 0 0 0 0 0 0 0 0 0 0 0 0 0 0 0 0 0 0 0 0 0 0 0 0 0 0 0 0 0 0 0 0 0 0 0 0 0 0 0 0 0 0 0 0 0 0 0 0 0 0 0 0 0 0 0 0 0 0 0 0 0 0 0 0 0 0 0 0 0 0 0 0 0 0 0 0 0 0 0 0 0 0 0 0 0 0 0 0 0 0 0 0 0 0 0 0 0 0 0 0 0 0 0 0 0 0 0 0 0 0 0 0 0 0 0 0 0 0 0 0 0 0 0 0 0 0 0 1 2 12 4 0 2 0 0 5 9 34 62 53 38 50 82 209 194 171 15 0 15 0 0 0 0 0 0 1 0 0 39 62 8 139 154 130 188 255 253 248 255 250 240 251 255 242 112 0 0 1 0 0 0 0 12 0 76 99 255 231 255 239 247 244 255 255 241 246 255 249 255 246 244 255 246 0 0 2 0 0 0 0 0 103 250 248 244 253 255 255 255 255 255 239 218 220 222 210 161 63 255 253 248 17 8 0 0 0 0 0 3 253 243 252 255 255 232 248 221 129 105 88 8 0 12 0 0 21 249 242 255 0 5 3 0 0 0 0 3 66 254 205 170 158 96 25 22 0 1 25 5 0 4 0 0 0 255 255 236 8 0 0 0 0 0 0 0 14 50 6 20 0 0 0 0 12 0 0 0 8 0 2 0 120 234 250 255 6 0 0 0 0 0 0 7 0 3 6 0 0 14 4 2 0 1 8 0 0 7 0 0 181 248 255 246 0 0 6 0 0 0 0 0 0 0 0 0 0 0 0 0 0 0 0 0 0 0 0 57 243 250 255 200 9 0 13 0 0 0 0 0 0 0 0 0 0 0 0 0 0 0 0 0 0 0 0 67 254 254 254 107 0 2 0 0 0 0 0 0 0 0 0 0 0 0 0 0 0 0 0 0 0 0 0 62 242 248 255 97 0 18 0 0 0 0 0 0 0 0 0 0 0 0 0 0 0 0 0 0 0 0 0 63 255 254 248 106 0 3 1 0 0 0 0 0 0 0 0 0 0 0 0 0 0 0 0 0 0 0 0 48 255 252 205 38 0 3 0 0 0 0 0 0 0 0 0 0 0 0 0 0 0 0 0 0 0 0 0 81 241 249 207 0 5 7 7 0 0 0 0 0 0 0 0 0 0 0 0 0 0 0 0 0 0 0 0 176 254 255 163 1 0 0 0 0 0 0 0 0 0 0 0 0 0 0 0 0 0 0 0 0 0 0 0 213 255 244 42 6 1 0 1 0 0 0 0 0 0 0 0 0 0 0 0 0 7 0 0 11 0 13 109 251 255 188 37 0 0 16 0 0 0 0 0 0 0 0 0 0 0 0 0 0 11 0 0 9 0 0 32 43 50 41 0 1 0 4 0 0 0 0 0 0 0 0 0 0 0 0 0 0 8 2 0 6 4 0 0 0 0 0 0 13 0 0 0 0 0 0 0 0 0 0 0 0 0 0 0 0 0 6 0 0 3 8 2 13 10 0 0 3 0 0 3 0 0 0 0
0 0 0 0 0 0 0 0 6 0 0 0 2 0 0 5 0 0 7 6 1 0 0 0 0 0 0 0 0 0 0 0 0 0 0 0 0 5 7 0 0 3 1 0 16 0 0 0 0 0 2 11 0 0 0 0 0 0 0 0 0 0 0 0 0 0 4 0 0 1 1 0 0 0 2 7 5 0 0 0 0 0 0 0 0 0 0 0 0 0 0 0 8 3 2 2 0 0 0 2 0 3 6 0 0 3 8 4 0 0 0 0 0 0 0 0 0 0 0 0 0 0 0 0 0 1 2 1 3 2 0 0 0 0 0 0 0 0 0 0 0 0 0 0 0 0 0 0 0 11 13 3 0 3 0 0 1 0 2 12 7 0 1 21 0 0 0 0 0 0 0 0 0 0 0 0 0 0 0 5 0 0 0 21 0 0 0 0 0 3 0 0 0 0 0 0 0 0 0 0 0 0 0 0 12 0 14 88 115 107 158 245 252 255 255 247 255 253 138 4 0 0 0 0 0 0 0 6 5 0 0 0 2 3 18 241 254 239 255 247 255 247 251 255 252 250 230 0 0 0 0 0 3 9 0 0 0 9 13 2 6 0 191 241 255 255 251 255 252 250 223 234 255 243 210 9 0 0 0 0 0 1 3 4 3 0 0 0 0 150 252 242 255 202 50 74 57 44 32 156 243 254 120 0 0 0 0 0 0 0 0 0 3 2 0 21 48 236 255 255 112 40 0 7 7 0 39 235 255 254 25 1 0 0 0 0 0 5 3 0 2 13 0 14 232 250 247 158 7 0 13 0 3 29 221 236 252 51 3 0 0 0 0 0 2 0 3 5 7 0 0 91 250 255 168 34 10 0 0 15 0 153 245 255 104 0 1 19 0 0 0 0 11 0 0 0 2 0 29 175 255 195 37 0 0 9 0 0 113 255 240 173 16 0 0 0 0 0 0 0 0 4 15 0 0 9 0 38 109 29 0 6 0 0 6 91 229 255 224 16 0 1 7 0 0 0 0 0 0 0 0 0 0 0 0 0 0 3 0 0 0 3 35 230 253 235 52 0 10 0 0 3 0 0 0 0 0 0 0 0 0 0 0 0 0 11 0 0 17 0 216 255 255 118 5 0 0 7 10 0 0 0 0 0 0 0 0 0 0 0 0 0 0 0 9 0 0 100 239 253 157 9 0 6 0 3 2 0 0 0 0 0 0 0 0 0 0 0 0 0 6 0 8 0 87 243 247 226 33 0 16 0 7 0 0 2 0 0 0 0 0 0 0 0 0 0 0 0 4 7 0 22 232 237 249 93 0 1 0 0 12 1 0 3 0 0 0 0 0 0 0 0 0 0 0 0 2 0 26 144 244 255 112 0 6 0 0 1 6 0 7 0 0 0 0 0 0 0 0 0 0 0 0 0 4 0 158 255 232 252 8 10 0 0 0 18 0 0 2 0 0 0 0 0 0 0 0 0 0 0 0 0 0 46 233 239 253 61 0 0 0 14 0 0 0 8 0 3 0 0 0 0 0 0 0 0 0 0 0 0 4 173 251 255 184 0 9 0 0 0 0 0 0 0 0 0 0 0 0 0 0 0 0 0 0 0 0 0 0 242 241 255 36 10 0 16 0 0 0 0 0 0 0 0 0 0 0 0 0 0 0 0 0 0 0 0 5 235 255 114 0 0 19 0 0 0 0 0 0 0 0 0 0 0 0 0 0 0 0 0 0 0 0 0 0 0 0 4 17 3 0 8 0 0 0 0 0 0 0 0 0 0 0 0
0 0 0 0 0 0 0 0 0 0 0 0 0 0 0 0 1 5 0 0 0 6 4 3 0 0 0 0 0 0 0 0 0 0 0 0 0 0 0 0 0 0 0 0 0 8 10 3 0 0 0 0 0 0 0 0 0 0 0 0 0 0 0 0 0 0 0 0 0 0 0 0 1 0 0 5 9 0 0 1 0 0 0 0 0 0 0 0 0 0 0 0 0 0 0 0 0 0 0 0 1 11 19 4 0 0 11 1 0 0 0 0 0 0 0 0 0 0 0 0 0 0 0 0 0 0 0 0 6 0 0 0 1 0 0 0 0 0 0 0 0 0 0 0 0 0 0 0 0 0 0 0 0 0 0 0 0 5 5 2 9 4 0 0 0 0 0 0 0 0 0 0 0 0 0 0 0 0 0 0 0 0 0 0 6 176 198 50 0 2 15 0 0 0 0 0 0 0 0 0 0 0 0 0 0 0 0 0 0 0 0 0 96 248 246 90 3 0 0 0 0 0 0 0 0 0 0 0 0 0 0 0 6 0 9 3 1 3 2 8 201 247 251 80 17 0 0 0 0 0 0 0 0 0 0 0 0 0 0 0 0 198 230 47 0 4 0 150 255 255 252 73 0 3 5 1 0 0 0 0 0 0 0 0 0 0 0 0 7 224 255 240 96 0 109 255 239 249 252 94 0 9 0 0 0 0 0 0 0 0 0 0 0 0 0 0 0 247 241 237 249 243 239 246 255 255 249 70 0 0 0 5 0 0 0 0 0 0 0 0 0 0 0 0 23 206 37 57 207 250 247 230 226 255 216 10 0 4 0 5 0 0 0 0 0 0 0 0 0 0 0 0 14 127 0 7 48 43 89 0 138 247 185 0 1 5 0 0 0 0 0 0 0 0 0 0 0 0 0 0 0 16 3 0 0 2 0 14 197 255 136 3 0 0 0 4 0 0 0 0 0 0 0 0 0 0 0 0 8 0 5 2 0 0 11 44 255 239 43 3 0 10 2 1 0 0 0 0 0 0 0 0 0 0 0 0 14 0 5 0 4 0 12 162 255 168 4 0 7 0 7 0 0 0 0 0 0 0 0 0 0 0 0 0 0 23 0 0 14 0 41 255 255 77 0 10 0 0 15 0 0 0 0 0 0 0 0 0 0 0 0 0 0 2 5 6 6 10 160 236 189 1 0 7 0 0 8 0 0 0 0 0 0 0 0 0 0 0 0 0 2 9 0 0 0 94 253 249 63 0 8 0 2 7 0 6 0 0 0 0 0 0 0 0 0 0 0 0 0 9 0 8 10 191 255 212 0 12 1 0 3 9 0 9 0 0 0 0 0 0 0 0 0 0 0 0 2 0 4 2 119 255 224 55 0 6 0 11 0 0 4 0 0 0 0 0 0 0 0 0 0 0 0 0 0 5 10 28 241 247 118 6 9 0 0 8 0 0 12 0 0 0 0 0 0 0 0 0 0 0 0 0 4 0 62 251 255 144 5 0 0 1 13 0 3 0 6 0 0 0 0 0 0 0 0 0 0 0 0 0 13 69 236 255 168 44 0 8 0 0 0 0 0 0 0 0 0 0 0 0 0 0 0 0 0 0 0 0 0 35 180 153 27 0 0 0 0 0 0 0 0 0 0 0 0 0 0 0 0 0 0 0 0 0 0 0 1 0 14 0 1 28 12 0 0 0 0 0 0 0 0 0 0 0 0 0 0 0 0 0 0 0 0 0 0 6 5 0 0 1 0 20 0 0 0 0 0 0 0 0 0 0 0 0
0 0 0 0 0 0 0 0 0 0 0 0 0 0 0 0 0 0 0 0 0 0 0 0 0 0 0 0 0 0 0 0 0 0 0 0 0 0 0 0 0 0 0 0 0 0 0 0 0 0 0 0 0 0 0 0 0 0 0 0 0 0 0 0 0 0 0 0 0 0 0 0 0 0 0 0 0 0 0 0 0 0 0 0 0 0 0 0 0 0 0 0 0 0 0 0 0 0 0 0 0 0 0 0 0 0 0 0 0 0 0 0 0 0 0 0 0 0 0 0 0 0 0 0 0 0 0 0 0 0 0 0 0 0 0 0 0 0 0 0 0 0 0 0 0 0 0 0 0 0 0 0 0 0 0 0 0 0 0 0 0 0 0 0 0 0 0 0 0 0 0 0 0 0 0 0 0 0 0 0 0 0 0 0 0 0 0 0 0 0 0 0 0 0 0 0 0 0 0 0 0 0 0 0 0 0 0 0 0 0 0 0 0 0 0 0 0 0 0 0 0 0 0 0 2 6 0 0 0 0 44 131 144 161 59 131 160 224 143 197 152 193 150 147 46 3 5 0 0 0 0 0 0 0 1 8 0 0 112 255 251 246 252 255 240 255 255 250 246 253 251 255 235 11 9 8 0 0 0 0 0 0 0 7 1 0 80 210 223 194 223 185 127 109 123 55 16 31 88 241 255 9 0 3 0 0 0 0 6 6 0 0 1 0 0 20 0 4 0 0 0 15 5 0 0 0 81 255 229 37 0 2 0 0 0 0 0 7 5 0 0 4 0 0 0 18 0 0 0 15 0 13 5 3 147 241 112 0 2 5 0 0 0 0 0 0 4 2 0 0 5 9 4 0 1 2 0 0 0 0 0 69 243 255 57 0 0 6 0 0 0 0 6 0 0 4 0 0 0 0 5 0 0 2 5 3 8 0 14 166 255 230 35 19 0 0 0 0 0 0 3 0 0 1 0 0 7 2 0 13 0 0 0 5 0 6 119 255 249 63 6 0 13 0 0 0 0 0 0 0 0 0 0 0 0 0 0 0 0 8 2 0 5 0 193 254 224 0 4 14 0 0 0 0 0 0 0 0 0 0 0 0 0 0 0 10 7 2 5 0 2 119 255 233 38 18 0 1 10 0 0 0 0 0 0 0 0 0 0 0 0 0 0 1 0 0 10 0 2 199 251 108 0 15 0 0 0 3 0 0 0 0 0 0 0 0 0 0 0 0 3 5 0 0 12 0 90 254 158 0 16 0 7 0 0 1 0 0 0 0 0 0 0 0 0 0 0 0 1 7 0 8 0 3 216 255 62 6 0 0 5 1 11 0 0 0 0 0 0 0 0 0 0 0 0 0 0 0 0 8 0 70 255 165 9 16 0 4 6 0 9 1 0 0 0 0 0 0 0 0 0 0 0 0 6 1 0 9 39 195 251 58 0 0 16 0 6 0 0 7 0 0 0 0 0 0 0 0 0 0 0 0 0 0 7 0 46 255 212 25 7 1 0 2 0 9 1 0 0 0 0 0 0 0 0 0 0 0 0 0 0 9 0 0 106 255 60 1 0 0 0 0 0 0 0 0 0 0 0 0 0 0 0 0 0 0 0 0 10 0 7 31 235 153 9 9 0 0 0 0 0 0 0 0 0 0 0 0 0 0 0 0 0 0 0 0 11 0 11 112 255 109 2 0 0 0 0 0 0 0 0 0 0 0 0 0 0 0 0 0 0 0 0 0 0 0 4 146 239 125 12 0 0 0 0 0 0 0 0 0 0 0 0 0
0 0 0 0 0 0 0 0 0 0 0 0 0 0 0 0 1 12 1 0 0 1 0 2 0 0 0 0 0 0 0 0 0 0 0 0 0 0 0 0 0 0 0 0 0 0 0 11 7 1 0 0 0 0 0 0 0 0 0 0 0 0 0 0 0 0 0 0 0 0 0 0 6 0 0 1 0 0 12 5 0 0 0 0 0 0 0 0 0 0 0 0 0 0 0 0 0 0 0 0 0 9 13 4 0 6 3 0 0 0 0 0 0 0 0 0 0 0 0 0 0 0 0 0 0 0 0 0 0 1 0 0 4 6 0 7 0 0 0 0 0 0 0 0 0 0 0 0 0 0 0 0 0 0 0 0 14 12 1 3 10 0 0 8 0 0 0 0 0 0 0 0 0 0 0 0 0 0 0 0 0 0 0 0 0 0 0 0 0 0 12 0 0 0 0 0 0 0 0 0 0 0 0 0 0 0 0 0 0 0 0 0 9 0 11 0 1 128 234 204 0 0 0 0 0 14 0 0 17 3 0 1 0 12 2 0 0 0 0 5 1 0 19 26 75 216 255 246 0 0 0 0 9 0 0 12 0 0 23 3 16 0 142 158 41 3 3 32 118 162 179 249 241 255 247 129 0 0 0 0 0 0 9 0 0 19 0 0 18 168 255 248 214 170 176 255 250 253 255 244 255 246 223 37 0 0 0 0 0 6 0 9 5 0 11 19 209 252 241 247 255 249 250 255 252 203 221 254 241 255 131 11 0 0 0 0 4 1 11 0 2 5 23 196 255 235 255 255 243 255 176 107 66 17 155 255 249 158 7 0 0 0 0 0 8 0 2 2 0 79 210 255 247 250 174 52 36 55 11 0 4 43 221 250 235 37 2 7 0 0 0 0 0 0 16 0 64 227 254 255 255 148 24 6 2 0 7 0 67 225 255 247 118 17 0 0 0 0 0 0 0 4 0 6 130 255 249 233 140 27 2 2 2 6 0 8 95 255 247 161 31 9 0 4 0 0 0 0 4 0 0 0 191 252 255 205 0 5 0 5 1 0 6 129 242 255 248 44 0 7 0 0 0 0 0 0 0 7 2 1 87 99 54 0 8 1 0 15 3 4 7 211 251 249 90 12 1 7 0 4 0 0 0 0 0 14 0 0 0 17 0 0 0 11 0 0 6 0 143 255 255 178 0 0 2 1 0 1 0 0 0 0 0 5 0 11 0 6 2 12 0 6 10 0 0 42 255 252 227 57 0 7 0 0 8 0 0 0 0 0 0 0 0 14 0 0 0 0 21 0 0 9 12 195 255 245 110 0 16 5 0 0 9 3 0 0 0 0 14 0 0 0 0 2 10 8 0 0 17 0 189 255 249 146 12 0 0 0 1 0 0 7 0 0 0 0 0 0 0 6 5 3 0 0 10 12 5 12 253 242 202 83 0 20 0 0 4 1 0 2 0 0 0 0 0 5 0 5 0 4 0 7 0 5 0 207 245 255 24 0 0 0 2 3 0 1 4 0 0 0 0 0 0 0 0 0 0 0 0 0 2 0 123 255 243 96 10 0 0 0 0 0 0 0 0 0 0 0 0 0 0 0 0 0 0 0 0 0 0 78 233 242 153 6 0 3 0 0 0 0 0 0 0 0 0 0 0 0 0 0 0 0 0 0 0 0 2 89 141 139 18 2 0 3 0 0 0 0 0 0 0 0 0 0 0 0 0 0 0 0 0 0 0 0 5 6 8 4 0 7 9 0 0 0 0 0 0 0 0 0 0 0 0 0
0 0 0 0 0 0 0 0 8 0 0 0 12 0 2 0 0 0 0 1 0 0 0 5 0 0 0 0 0 0 0 0 0 0 0 0 0 0 11 4 9 0 1 5 0 9 14 6 1 3 2 0 0 0 0 0 0 0 0 0 0 0 0 0 11 7 4 0 0 1 4 0 14 0 0 0 3 0 0 6 0 0 0 0 0 0 0 0 0 0 0 0 0 0 0 3 1 0 0 14 0 10 19 8 0 0 0 0 0 0 0 0 0 0 0 0 0 0 0 0 0 10 10 5 5 14 0 0 7 0 0 0 0 0 0 4 0 0 0 0 0 0 0 0 0 0 0 0 6 0 0 4 0 0 0 12 3 0 0 3 7 2 0 0 0 0 0 0 0 0 0 0 0 0 0 0 134 247 255 183 145 238 255 252 247 255 247 122 13 0 1 7 0 0 0 0 0 0 0 0 0 0 0 0 250 255 252 255 243 255 251 251 255 244 255 255 171 32 0 2 0 0 0 0 0 0 0 0 0 0 0 0 250 255 248 255 255 254 255 249 253 255 249 255 255 63 0 23 0 0 0 0 0 0 0 0 0 0 0 0 201 242 252 252 243 242 255 255 255 255 247 247 246 153 0 0 0 0 0 0 0 0 0 0 0 0 0 0 0 75 148 140 59 0 0 1 0 3 0 255 241 118 29 2 0 0 0 0 0 0 0 0 0 0 0 0 13 0 0 1 3 5 6 0 20 0 195 251 255 129 0 0 0 0 0 0 0 0 0 0 0 0 0 0 0 0 5 2 0 0 0 3 0 142 255 249 255 135 0 0 0 0 0 0 0 0 0 0 0 0 0 0 0 4 6 0 2 12 0 4 78 174 254 255 255 60 0 6 0 0 0 0 0 0 0 0 0 0 0 0 0 1 0 0 4 0 0 65 255 255 255 255 105 17 0 0 0 0 0 0 0 0 0 0 0 0 0 0 4 0 0 1 6 0 70 255 251 254 251 191 12 0 7 0 0 0 0 0 0 0 0 6 9 0 0 12 0 9 0 0 3 119 255 253 244 255 255 0 11 0 17 0 0 0 0 0 7 0 4 0 0 17 0 0 24 0 0 72 125 253 255 248 255 190 0 22 0 0 10 4 0 0 0 0 0 5 5 0 0 20 0 16 0 0 151 250 243 255 254 255 250 67 10 2 3 9 0 0 0 0 0 0 0 7 2 1 10 0 0 0 11 184 240 252 255 252 234 130 23 0 0 0 0 1 11 2 0 0 0 0 6 0 0 5 0 0 4 17 127 255 255 249 255 254 11 0 0 24 0 28 0 0 7 0 0 0 0 0 1 0 0 8 2 11 0 179 255 251 247 255 232 7 0 7 1 0 3 0 8 10 0 8 0 0 0 0 0 12 0 0 8 0 64 255 251 255 246 255 65 2 0 2 0 17 0 5 0 15 0 0 0 0 0 0 1 0 2 0 3 4 255 252 253 255 255 117 0 1 0 0 0 0 0 5 0 0 4 0 0 0 0 0 0 11 0 0 9 0 180 255 252 255 45 6 0 0 0 2 0 0 0 0 0 0 0 0 0 0 0 0 1 7 0 0 9 0 79 112 255 236 27 0 0 14 4 0 0 0 0 0 0 0 0 0 0 0 0 0 0 1 0 4 7 0 6 3 0 21 0 0 3 0 0 6 0 0 0 0 0 0 0 0 0 0 0 0 0 2 1 6 0 8 0 1 10 9 0 0 0 0 0 8 0 0 0 0 0 0 0 0 0 0 0 0
0 0 0 0 0 0 0 0 0 0 0 0 5 2 0 1 4 5 6 0 0 4 7 0 0 0 0 0 0 0 0 0 0 0 0 0 0 2 4 0 0 0 3 13 0 0 0 0 0 0 2 3 0 0 0 0 0 0 0 0 0 0 0 0 3 0 5 11 9 8 1 0 1 5 4 4 5 0 0 2 0 0 0 0 0 0 0 0 0 0 0 0 8 0 0 0 0 1 5 0 0 1 0 0 3 0 0 3 0 0 0 0 0 0 0 0 0 0 0 0 0 0 9 13 1 0 2 13 2 3 0 0 1 5 2 0 0 0 0 0 0 0 0 0 0 0 0 0 8 0 0 0 13 0 0 0 0 0 11 16 1 0 0 0 0 0 0 0 0 0 0 0 0 0 0 0 0 0 23 112 193 159 79 55 66 59 97 109 44 0 0 4 0 0 0 0 0 0 0 0 0 0 0 0 1 0 6 111 246 255 237 255 255 236 255 255 128 13 0 1 0 0 0 0 0 0 0 0 0 0 0 0 11 0 4 96 241 255 252 255 255 248 255 245 191 16 0 2 0 0 0 0 0 0 0 0 0 0 0 0 0 24 0 2 83 192 255 254 244 255 252 249 247 22 18 6 0 0 0 0 0 0 0 0 0 0 0 0 0 9 0 3 7 19 61 180 192 249 250 255 183 3 0 0 0 0 0 0 0 0 0 0 0 0 0 0 0 9 7 0 0 0 0 185 221 255 255 232 81 10 0 10 0 0 0 0 0 0 0 0 0 0 0 0 2 3 5 0 2 17 109 240 252 245 190 61 5 0 1 0 0 0 0 0 0 0 0 0 0 0 0 0 4 0 0 22 0 0 189 251 255 255 102 0 8 0 2 3 0 0 0 0 0 0 0 0 0 0 0 0 0 3 8 7 0 99 255 255 235 201 40 2 8 4 0 0 0 0 0 0 0 0 0 0 0 0 0 0 6 0 0 2 93 251 249 250 236 74 13 0 3 0 4 0 0 0 0 0 0 0 2 0 9 0 9 1 0 0 3 48 246 255 251 252 84 25 0 0 10 0 0 1 0 0 0 0 2 0 5 0 1 0 4 0 2 3 49 197 255 234 255 99 14 0 0 0 3 0 0 6 0 0 0 0 0 0 6 0 1 3 10 0 0 50 211 246 255 255 117 12 0 0 8 4 0 1 2 0 0 0 0 0 0 0 5 0 2 9 5 0 7 195 255 244 253 183 4 1 2 9 8 0 0 5 1 0 0 0 0 0 4 0 2 0 0 0 0 14 138 255 239 255 199 57 0 2 5 0 0 0 0 2 1 0 0 0 0 0 2 0 0 1 2 0 0 91 235 239 255 212 82 8 0 3 0 0 0 6 3 0 0 8 0 0 0 0 0 2 0 2 4 0 30 200 236 255 255 99 10 0 9 0 1 1 5 7 3 0 0 3 0 0 0 0 0 8 0 0 0 0 42 255 255 255 216 8 0 3 6 0 4 0 0 0 0 5 2 0 0 0 0 0 0 4 0 0 12 5 93 255 253 241 106 2 0 0 2 0 0 0 0 0 0 0 0 0 0 0 0 0 0 3 1 6 0 0 66 227 252 155 12 0 14 0 0 10 0 0 0 0 0 0 0 0 0 0 0 0 0 1 0 0 8 3 0 13 0 0 0 3 16 0 0 2 0 0 0 0 0 0 0 0 0 0 0 0 0 4 6 0 0 10 1 0 0 17 16 0 0 0 12 0 0 0 0 0 0 0 0 0 0 0 0 0
0 0 0 0 0 0 0 0 0 17 0 0 9 6 0 7 0 8 3 0 0 0 0 4 0 0 0 0 0 0 0 0 0 0 0 0 1 0 8 11 0 0 6 0 0 0 0 3 6 5 0 0 0 0 0 0 0 0 0 0 0 0 0 0 0 0 0 4 16 12 1 1 14 1 0 0 0 0 4 1 0 0 0 0 0 0 0 0 0 0 0 0 8 14 0 0 1 4 0 3 0 0 0 9 3 0 1 0 0 0 0 0 0 0 0 0 0 0 0 0 0 0 13 13 0 0 11 0 8 6 9 10 2 0 1 3 0 0 0 0 0 0 0 0 0 0 0 0 10 6 0 0 7 2 0 1 0 0 0 0 0 1 1 10 0 0 0 0 0 0 0 0 0 0 0 0 0 4 0 68 164 104 0 0 0 23 4 0 10 11 0 0 0 0 0 0 0 0 0 0 0 0 0 0 8 0 14 144 255 242 192 212 205 190 89 0 0 0 0 6 0 0 0 0 0 0 0 0 0 0 0 0 1 1 0 219 249 245 222 252 248 247 255 68 0 0 5 0 0 0 0 0 0 0 0 0 0 0 0 0 0 0 86 246 255 92 11 56 57 179 245 177 17 2 0 8 0 0 0 0 0 0 0 0 0 0 0 0 6 0 173 255 184 17 0 0 0 186 237 179 4 0 0 13 0 0 0 0 0 0 0 0 0 0 0 0 0 1 156 224 81 0 10 0 15 235 255 104 14 0 6 0 0 0 0 0 0 0 0 0 0 0 0 0 0 7 42 99 17 0 0 0 84 255 251 0 0 0 18 7 0 0 0 0 0 0 0 0 0 0 0 0 8 0 0 6 0 0 14 1 145 252 173 0 16 5 0 0 0 0 0 0 0 0 0 0 0 0 0 0 0 0 5 7 0 5 18 38 242 225 50 0 0 0 0 7 0 0 0 0 0 0 0 0 0 0 0 0 0 8 0 2 0 0 1 196 244 176 0 8 4 0 9 0 0 0 0 0 0 0 0 0 0 0 0 0 0 0 25 0 11 12 71 255 235 14 0 0 0 5 0 3 0 0 0 0 0 0 0 0 0 0 0 0 4 5 0 13 0 0 209 254 140 0 0 3 0 3 1 0 0 0 0 0 0 0 0 0 0 0 0 0 0 2 0 9 0 89 253 207 38 0 4 5 0 0 4 0 0 0 0 0 0 0 0 0 0 0 0 0 0 0 13 0 7 235 233 102 0 0 3 3 0 0 5 0 0 0 0 0 0 0 0 0 0 0 0 0 8 0 0 0 57 255 232 7 0 9 0 2 0 0 0 2 0 0 0 0 0 0 0 0 0 0 0 0 0 0 0 37 173 255 155 0 0 7 0 5 3 0 0 0 0 0 0 0 0 0 0 0 0 0 0 0 0 1 6 110 255 252 46 7 0 2 0 4 0 7 0 1 0 0 0 0 0 0 0 0 0 0 0 0 7 10 0 193 255 235 25 0 0 2 2 0 0 10 0 5 0 0 0 0 0 0 0 0 0 0 0 0 7 4 85 255 238 45 5 3 0 0 0 0 0 0 0 0 0 0 0 0 0 0 0 0 0 0 0 0 0 2 109 226 130 0 8 0 0 0 0 0 0 0 0 0 0 0 0 0 0 0 0 0 0 0 0 0 11 4 0 3 0 0 0 3 0 0 0 0 0 0 0 0 0 0 0 0 0 0 0 0 0 0 0 0 0 10 0 0 16 23 0 0 0 0 0 0 0 0 0 0 0 0 0 0
0 1 4 1 1 4 2 0 0 9 0 0 0 0 14 3 0 2 4 3 0 0 0 0 0 0 0 0 0 6 7 0 0 0 0 2 0 1 0 7 7 0 0 0 0 0 0 0 0 1 0 0 0 0 0 0 0 0 0 0 0 0 2 2 6 7 0 3 5 1 8 2 3 0 0 0 0 1 1 0 0 0 0 0 6 3 0 2 7 7 1 0 0 5 1 0 0 3 8 0 5 2 1 2 1 0 0 1 0 0 0 0 0 0 0 0 0 1 2 4 0 3 12 6 2 3 0 0 0 0 2 5 2 0 0 4 0 0 0 0 5 7 9 4 0 0 0 6 4 0 0 2 0 0 0 12 0 0 0 3 1 0 0 6 0 0 0 0 0 0 0 0 8 7 3 2 4 0 6 0 0 14 0 0 17 3 0 0 2 0 0 3 0 0 0 0 3 0 14 76 147 184 181 166 156 187 209 174 178 208 161 105 39 14 0 0 5 2 0 0 0 0 0 0 0 0 4 91 241 255 249 255 255 255 255 244 255 249 255 255 255 184 60 0 8 6 0 6 0 0 0 0 1 3 0 0 36 20 34 64 81 100 116 98 110 121 177 222 251 255 196 12 0 1 10 0 0 0 0 0 0 0 0 0 5 0 0 0 6 12 13 0 0 0 19 44 246 255 240 11 4 0 16 0 0 0 0 0 0 0 11 0 0 0 4 0 0 0 0 0 11 8 2 3 255 255 255 37 14 0 0 1 0 0 0 0 2 0 4 0 0 12 0 1 7 12 5 2 0 0 0 13 241 250 246 43 1 3 3 0 0 0 0 0 12 0 0 0 6 4 0 13 0 1 0 0 0 1 14 47 241 255 255 101 13 5 0 5 0 0 0 0 0 2 2 0 0 1 26 185 250 250 236 252 250 255 246 255 242 241 255 255 254 205 81 0 0 0 0 0 0 10 0 0 8 0 0 181 254 255 244 255 253 255 242 255 254 255 237 182 105 53 11 0 0 0 0 0 0 0 0 0 0 4 9 12 160 205 126 191 131 116 90 110 255 247 196 0 0 0 0 0 0 0 0 0 2 0 0 0 0 2 5 7 0 12 0 14 4 0 0 104 252 255 169 0 0 12 12 0 0 0 0 0 2 1 0 0 0 0 0 0 4 0 4 0 1 0 0 199 255 243 97 6 0 0 0 9 0 0 0 0 0 0 0 0 0 0 0 0 2 0 0 1 0 10 11 254 255 198 0 0 13 4 0 0 0 0 0 0 0 0 0 0 0 0 0 0 0 1 0 3 0 1 59 255 242 185 0 0 3 11 8 0 0 0 0 0 0 0 0 0 0 0 0 0 0 9 12 0 0 0 137 255 255 165 14 7 0 0 0 12 0 0 0 0 0 0 0 0 0 0 0 1 0 0 6 0 0 47 229 250 226 74 0 0 9 3 0 0 0 0 0 0 2 1 0 0 0 0 0 0 9 0 0 8 0 106 255 222 62 0 7 4 1 1 0 1 0 0 0 0 0 0 0 0 0 0 0 0 9 0 0 10 0 139 251 249 18 2 0 0 1 0 0 7 0 0 0 0 0 0 0 0 0 0 0 0 0 0 1 12 35 215 255 208 29 14 4 5 4 0 0 1 0 0 0 0 0 0 0 0 0 0 0 0 6 25 0 0 44 221 199 45 14 4 0 2 3 0 0 1 0 0 0 0 0 0 0 0 0 0 0 0 0 0 0 12 0 1 0 6 0 0 0 0 1 0 0 3 0 0 0 0
0 0 0 0 0 0 0 0 0 0 2 2 2 2 2 1 6 6 0 6 0 4 0 1 0 0 0 0 0 0 0 0 0 0 0 0 7 10 9 0 0 0 0 6 0 0 3 6 0 5 7 0 0 0 0 0 0 0 0 0 0 0 0 0 0 0 0 0 11 13 4 0 9 2 11 3 0 0 16 8 0 0 0 0 0 0 0 0 0 0 0 0 0 1 1 0 0 0 0 5 7 0 0 0 11 1 0 0 0 0 0 0 0 0 0 0 0 0 0 0 2 0 3 10 11 3 0 0 0 10 4 0 0 0 0 17 0 0 0 0 0 0 0 0 0 0 0 0 0 0 0 0 0 0 0 0 0 5 0 0 0 10 3 0 0 0 0 0 0 0 0 0 0 0 0 0 5 6 5 0 0 8 64 118 167 201 254 241 46 0 0 0 0 0 0 0 0 0 0 0 0 0 0 0 4 0 0 59 145 210 243 255 255 188 212 249 39 0 11 0 0 0 0 0 0 0 0 0 0 0 0 0 0 18 169 248 249 192 112 86 15 13 174 238 0 9 0 0 0 0 0 0 0 0 0 0 0 0 0 0 7 108 196 56 23 0 0 2 0 65 255 173 0 0 3 10 0 0 0 0 0 0 0 0 0 0 0 0 0 14 9 0 14 3 0 0 18 233 255 11 3 10 0 3 0 0 0 0 0 0 0 0 0 0 0 0 0 2 0 8 3 0 5 0 163 255 120 0 0 0 4 0 0 0 0 0 0 0 0 0 0 0 0 0 5 0 10 0 4 5 16 31 251 209 20 13 3 0 0 2 0 0 0 0 0 0 0 0 0 0 0 0 2 0 13 5 0 0 0 176 255 140 8 0 2 20 0 3 0 0 0 0 0 0 0 0 0 0 0 0 0 12 0 4 41 27 100 250 208 8 0 3 0 0 6 0 0 0 0 0 0 0 0 0 0 0 0 0 4 0 13 81 246 54 251 235 45 0 5 0 14 0 2 2 0 0 0 0 0 0 6 0 8 0 0 89 131 171 232 244 226 188 236 163 0 0 0 0 0 0 0 0 0 0 0 0 4 0 6 0 0 1 20 120 173 118 128 132 76 238 205 0 0 0 0 0 0 0 0 0 0 0 0 0 0 0 6 4 9 3 0 13 0 0 5 19 195 255 98 0 0 0 0 0 0 0 0 0 0 0 0 0 8 0 0 0 2 10 0 0 0 0 7 41 255 151 0 0 0 0 0 0 0 0 0 0 0 0 0 0 1 0 8 0 0 0 9 15 10 11 0 120 255 109 12 4 0 0 0 0 0 0 0 0 0 0 0 0 0 0 9 7 0 0 0 0 0 0 2 213 255 60 0 1 0 0 0 0 0 0 0 0 0 0 0 0 5 2 0 0 4 11 11 2 11 0 112 255 179 0 0 7 0 0 0 0 0 0 0 0 0 0 0 0 0 7 0 0 0 0 0 0 0 79 244 241 68 0 10 0 0 0 0 0 0 0 0 0 0 0 0 0 0 0 0 0 0 0 0 0 4 201 255 170 0 11 0 0 0 0 0 0 0 0 0 0 0 0 0 0 0 0 0 0 0 0 0 0 0 154 243 69 0 0 34 0 0 0 0 0 0 0 0 0 0 0 0 0 0 0 0 0 0 0 0 0 0 0 19 0 9 0 3 0 0 0 0 0 0 0 0 0 0 0 0 0 0 0 0 0 0 0 0 0 7 0 0 11 0 20 0 7 0 0 0 0 0 0 0 0 0 0 0 0
0 0 0 0 0 0 0 0 0 3 1 0 2 0 0 3 0 7 3 0 0 1 0 1 0 0 0 0 0 0 0 0 0 0 0 0 3 0 0 1 7 4 0 0 0 0 0 0 7 5 0 0 0 0 0 0 0 0 0 0 0 0 0 0 8 0 0 2 0 0 0 0 7 6 12 7 0 0 2 9 0 0 0 0 0 0 0 0 0 0 0 0 2 0 4 4 0 0 5 0 0 0 1 0 0 10 10 0 0 0 0 0 0 0 0 0 0 0 0 0 0 0 5 2 0 5 4 0 8 10 10 0 0 0 5 4 0 0 0 0 0 0 0 0 0 0 0 0 0 3 0 0 4 0 0 0 0 0 0 4 15 1 0 3 0 0 0 0 0 0 0 0 0 0 0 0 3 6 0 0 6 0 16 95 237 177 56 0 0 13 0 3 0 0 0 0 0 0 0 0 0 0 0 0 0 4 0 3 11 0 71 227 250 255 160 22 0 0 0 2 0 0 0 0 0 0 0 0 0 0 0 0 3 45 118 66 147 249 248 253 252 247 191 0 0 4 3 0 0 0 0 0 0 0 0 0 0 0 0 0 104 255 246 248 249 255 255 243 255 255 85 4 0 0 0 5 0 0 0 0 0 0 0 0 0 0 0 0 72 247 252 255 242 255 208 255 238 233 18 0 4 9 0 11 0 0 0 0 0 0 0 0 0 0 0 0 10 167 255 186 81 63 0 249 255 225 0 0 7 17 0 0 0 0 0 0 0 0 0 0 0 0 0 0 0 11 15 0 16 0 4 243 255 214 14 12 0 1 0 0 0 0 0 0 0 0 0 0 0 0 0 0 4 0 1 32 40 0 36 254 243 202 193 8 0 5 2 4 0 0 0 0 0 0 0 0 0 0 0 0 3 0 11 182 230 204 174 250 255 243 255 15 10 9 0 0 0 0 0 0 0 0 0 0 0 0 0 0 0 17 0 241 255 255 249 254 253 255 79 17 5 0 4 0 0 0 0 0 0 0 0 0 0 0 0 0 0 7 2 76 245 255 248 255 255 98 9 0 8 0 7 0 0 0 0 0 0 0 0 0 0 0 0 0 0 10 0 5 91 129 237 255 164 2 0 0 0 0 4 2 0 0 0 0 0 0 0 0 0 0 0 0 4 0 0 0 0 28 224 255 174 0 7 16 0 0 0 0 0 0 0 0 0 0 0 0 0 0 0 0 9 0 2 10 0 67 241 255 149 0 0 2 0 2 0 0 0 0 0 0 0 0 0 0 0 0 0 0 0 3 8 0 0 161 255 251 68 0 0 0 12 2 3 0 0 0 0 0 0 0 0 0 0 0 0 0 0 4 0 0 1 189 250 253 48 16 3 0 13 0 0 5 0 0 0 0 0 0 0 0 0 0 0 0 0 0 0 9 13 164 241 255 67 2 0 0 0 0 0 11 0 0 0 0 0 0 0 0 0 0 0 0 0 6 0 0 0 146 255 255 110 0 8 0 1 13 0 0 0 0 0 0 0 0 0 0 0 0 0 0 8 0 0 0 12 141 255 255 162 14 0 4 0 3 0 2 0 0 0 0 0 0 0 0 0 0 0 0 0 0 15 6 0 17 116 171 46 0 5 7 0 11 0 0 0 0 0 0 0 0 0 0 0 0 0 0 5 0 0 13 7 0 3 11 0 0 15 1 0 8 0 1 0 0 0 0 0 0 0 0 0 0 0 0 9 6 0 0 0 0 0 0 10 0 4 0 1 3 0 9 0 0 0 0
0 0 0 0 0 0 0 0 3 0 0 0 7 6 0 0 0 0 0 0 0 0 0 0 0 0 0 0 0 0 0 0 0 0 0 0 3 11 11 0 0 0 0 5 0 0 0 0 0 0 0 0 0 0 0 0 0 0 0 0 0 0 0 0 0 0 0 0 7 14 4 0 0 0 0 0 0 0 0 0 0 0 0 0 0 0 0 0 0 0 0 0 7 7 5 0 0 0 2 7 0 0 0 0 0 0 0 0 0 0 0 0 0 0 0 0 0 0 0 0 3 0 0 0 1 0 0 7 0 0 0 0 0 0 0 0 0 0 0 0 0 0 0 0 0 0 0 0 6 0 0 6 5 0 0 2 0 0 0 0 0 0 0 0 0 0 0 0 0 0 0 0 0 0 0 0 0 0 0 0 0 4 3 0 0 0 0 0 0 0 0 0 0 0 0 0 0 0 0 0 0 0 0 0 6 0 8 80 193 239 152 31 0 0 0 0 0 0 0 0 0 0 0 0 6 0 1 5 0 0 8 0 0 80 223 252 255 253 245 242 161 1 16 0 13 6 0 8 0 0 0 0 1 0 0 1 3 10 0 4 108 215 255 241 253 218 240 241 252 136 0 0 0 0 0 0 0 0 0 0 0 6 0 0 0 10 0 50 233 250 252 112 55 0 0 143 239 242 46 16 0 0 6 0 0 0 0 0 0 9 0 1 0 1 0 132 255 245 84 0 8 2 0 0 140 255 148 1 2 1 2 0 0 0 0 0 0 2 0 7 0 2 7 169 241 194 3 0 0 0 21 0 85 251 180 0 2 7 0 0 0 0 0 0 6 0 0 7 1 0 0 103 255 131 0 21 0 0 0 8 55 255 159 0 2 0 0 4 0 0 0 0 7 0 0 4 0 0 0 15 73 67 0 16 6 0 25 0 38 252 157 20 0 0 0 9 0 0 0 0 0 0 4 6 0 2 12 0 2 0 11 0 0 4 0 5 56 243 169 0 0 11 0 0 0 0 0 0 0 0 0 0 0 0 0 0 3 0 3 0 2 1 0 5 73 241 163 0 0 0 6 0 0 0 0 0 0 0 0 0 0 0 0 0 0 0 2 0 1 1 0 3 115 255 171 6 3 4 0 2 0 0 0 0 0 0 0 0 0 0 0 0 0 3 0 3 0 0 4 0 148 255 140 1 0 8 0 5 0 0 0 0 0 0 0 0 0 0 0 0 0 7 0 5 0 0 2 0 188 255 89 0 0 3 0 1 0 0 0 0 0 0 0 0 0 0 0 0 0 7 0 5 0 0 0 29 240 255 48 3 5 0 1 0 0 0 0 0 0 0 0 0 0 0 0 0 0 6 0 3 0 0 0 95 255 217 11 1 6 0 9 0 0 0 0 0 0 0 0 0 0 0 0 0 0 4 0 2 0 0 0 180 249 153 0 0 0 0 2 0 0 0 0 0 0 0 0 0 0 0 0 0 0 2 0 1 0 0 7 241 255 123 9 0 0 6 0 2 0 0 0 0 0 0 0 0 0 0 0 0 0 1 2 0 12 0 48 249 248 209 0 0 12 0 0 0 0 0 0 0 0 0 0 0 0 0 0 0 4 0 0 0 7 2 77 255 255 98 9 0 0 9 2 8 0 0 0 0 0 0 0 0 0 0 0 0 2 0 6 1 0 0 42 180 198 9 16 0 0 1 0 0 0 0 0 0 0 0 0 0 0 0 0 0 0 0 12 0 0 0 0 22 35 0 0 0 10 0 7 0 0 0 0 0
0 0 0 0 0 0 0 0 0 4 3 0 0 10 0 9 0 0 0 0 0 0 0 0 0 0 0 0 0 0 0 0 0 0 0 0 4 0 2 15 2 0 0 0 0 0 0 0 0 0 0 0 0 0 0 0 0 0 0 0 0 0 0 0 10 2 0 11 0 4 16 12 0 0 0 0 0 0 0 0 0 0 0 0 0 0 0 0 0 0 0 0 0 11 0 8 0 4 0 0 0 0 0 0 0 0 0 0 0 0 0 0 0 0 0 0 0 0 0 0 0 17 0 0 0 4 0 6 0 0 0 0 0 0 0 0 0 0 0 0 0 0 0 0 0 0 0 0 0 0 3 0 9 0 0 13 0 0 0 0 0 0 0 0 0 0 0 0 0 0 0 0 0 0 0 0 11 0 26 0 0 1 5 2 0 0 0 0 0 0 0 0 0 0 0 0 0 0 0 0 0 0 0 0 2 45 248 255 255 255 186 64 0 0 0 0 0 0 0 0 0 0 0 0 0 0 0 0 0 0 0 0 0 255 244 245 203 209 241 249 177 68 0 3 10 0 0 3 0 0 0 0 0 0 0 0 0 0 0 0 22 248 151 53 2 0 32 90 235 218 69 0 0 11 5 0 0 0 0 0 0 0 0 0 0 0 0 0 0 57 0 0 1 0 5 11 68 234 145 1 0 5 0 0 0 0 0 0 0 0 0 0 0 0 0 0 11 0 0 19 15 0 0 0 0 213 184 0 0 9 0 4 0 0 0 0 0 0 0 0 0 0 0 0 0 13 12 0 0 0 0 18 3 216 246 6 0 1 0 9 0 0 0 0 0 0 0 0 0 0 0 0 5 0 4 0 3 9 2 0 0 203 253 15 0 0 1 3 0 0 0 0 0 0 0 0 0 0 0 0 14 0 0 22 0 0 8 1 71 230 175 0 0 9 11 0 0 0 0 0 0 0 0 0 0 0 0 0 0 11 0 0 0 9 0 0 103 255 134 4 5 0 0 1 0 0 0 0 0 0 0 0 0 0 0 0 8 2 0 0 1 5 0 37 255 249 147 0 7 0 0 4 0 0 0 0 0 0 0 0 0 0 0 0 0 0 6 1 3 1 0 64 240 239 15 10 3 0 5 5 0 0 0 0 0 0 0 0 0 0 0 0 11 1 22 0 9 1 30 219 255 112 0 6 0 0 11 0 0 0 0 0 0 0 0 0 0 0 0 0 0 0 0 20 0 0 184 255 225 3 19 0 1 6 0 0 0 0 0 0 0 0 0 0 0 0 0 0 0 9 6 1 5 150 240 232 77 15 0 0 6 7 0 13 0 0 0 0 0 0 0 0 0 0 0 0 0 8 0 0 0 232 240 64 0 12 0 11 0 1 0 9 0 0 0 0 0 0 0 0 0 0 0 0 0 6 16 1 106 223 78 0 0 0 23 7 0 1 7 0 0 0 0 0 0 0 0 0 0 0 0 0 5 0 0 7 177 67 0 0 0 3 0 0 4 4 0 0 0 0 0 0 0 0 0 0 0 0 0 0 12 0 2 104 251 27 4 1 0 0 0 0 0 0 0 0 0 0 0 0 0 0 0 0 0 0 0 0 0 0 143 224 64 3 0 0 0 0 0 0 0 0 0 0 0 0 0 0 0 0 0 0 0 0 0 0 8 9 162 167 0 16 10 7 0 0 0 0 0 0 0 0 0 0 0 0 0 0 0 0 0 0 0 0 6 0 12 0 0 0 0 0 0 0 0 0 0 0 0 0 0 0 0 0
0 0 0 0 0 0 0 0 0 5 4 0 2 5 0 0 5 0 0 0 1 5 6 0 0 0 0 0 0 0 0 0 0 0 0 0 10 3 0 0 0 4 4 3 0 0 8 0 0 0 0 0 0 0 0 0 0 0 0 0 0 0 0 0 7 0 0 5 0 0 0 0 1 0 4 0 12 0 3 2 0 0 0 0 0 0 0 0 0 0 0 0 0 0 6 9 0 0 5 2 6 3 5 0 14 0 0 0 0 0 0 0 0 0 0 0 0 0 0 0 0 0 1 0 0 5 10 3 0 0 4 0 6 0 4 6 0 0 0 0 0 0 0 0 0 0 0 0 2 6 0 0 6 6 0 0 13 0 0 4 0 6 4 0 0 0 0 0 0 0 0 0 0 0 0 0 0 8 0 0 16 0 0 29 0 0 0 20 0 0 8 1 0 0 0 0 0 0 0 0 0 0 0 0 0 10 0 0 9 0 31 136 251 255 254 211 40 0 0 1 0 0 0 0 3 0 0 2 4 2 0 1 8 0 8 2 70 195 255 234 243 253 255 254 38 8 1 2 0 0 0 0 3 1 1 0 0 0 0 5 1 24 49 180 251 247 237 255 229 255 255 237 65 0 0 4 0 0 0 0 0 0 3 2 0 0 9 24 193 255 242 248 245 207 141 80 55 241 245 255 44 0 24 0 0 0 0 0 0 0 2 3 0 1 13 27 226 240 220 158 87 0 1 9 189 255 253 254 41 4 4 0 0 0 0 0 1 0 0 0 0 0 0 4 52 57 54 0 0 7 9 12 255 229 232 86 9 8 0 18 0 0 0 0 2 0 0 0 3 0 0 0 0 5 10 5 2 0 4 170 241 255 161 0 0 7 0 0 0 0 0 0 1 0 0 2 6 5 3 3 6 0 0 3 3 0 55 250 255 184 0 0 11 1 2 2 0 0 0 0 4 0 0 0 0 0 0 0 2 0 14 0 0 4 135 249 250 73 12 0 0 3 0 0 0 0 0 0 0 0 0 0 0 0 0 0 0 6 15 0 0 0 252 249 208 12 0 9 0 6 0 4 0 0 0 0 0 0 0 0 0 0 0 0 14 0 0 0 0 134 250 245 65 0 4 3 0 15 0 0 0 0 0 0 0 0 0 0 0 0 0 0 8 0 0 4 4 237 255 228 0 0 7 0 0 9 0 7 0 0 0 0 0 0 0 0 0 0 0 0 0 12 0 8 54 253 255 151 0 11 0 0 5 0 0 6 0 0 0 0 0 0 0 0 0 0 0 0 0 1 0 0 143 252 228 43 2 0 0 6 6 0 0 0 0 0 0 0 0 0 0 0 0 0 0 0 9 0 16 2 220 255 170 0 0 0 0 4 0 0 11 0 0 0 0 0 0 0 0 0 0 0 0 0 5 0 21 54 255 253 113 2 7 3 5 0 0 0 4 4 0 0 0 0 0 0 0 0 0 0 0 0 0 7 0 91 255 244 81 0 3 0 0 0 14 7 0 1 0 0 0 0 0 0 0 0 0 0 0 0 0 2 5 103 241 255 0 0 0 0 0 0 0 0 0 0 0 0 0 0 0 0 0 0 0 0 0 0 10 0 5 96 245 161 0 2 0 0 0 0 0 0 0 0 0 0 0 0 0 0 0 0 0 0 0 0 1 0 2 30 144 61 9 0 0 0 0 0 0 0 0 0 0 0 0 0 0 0 0 0 0 0 0 0 0 20 0 0 22 12 10 0 0 0 0 0 0 0 0 0 0 0 0 0
0 0 0 0 0 0 0 0 0 0 0 0 0 0 0 0 0 0 0 0 0 0 0 0 0 0 0 0 0 0 0 0 0 0 0 0 0 0 0 0 0 0 0 0 0 0 0 0 0 0 0 0 0 0 0 0 0 0 0 0 0 0 0 0 0 0 0 0 0 0 0 0 0 0 0 0 0 0 0 0 0 0 0 0 0 0 0 0 0 0 0 0 0 0 0 0 0 0 0 0 0 0 0 0 0 0 0 0 0 0 0 0 0 0 0 0 0 0 0 0 0 0 0 0 0 0 0 0 0 0 0 0 0 0 0 0 0 0 0 0 0 0 0 0 0 0 0 0 0 0 0 0 0 0 0 0 0 0 0 0 0 0 0 0 0 0 0 0 0 0 0 0 0 0 0 0 0 0 0 0 0 0 0 0 0 0 0 0 0 0 0 0 0 0 0 0 0 0 0 0 0 0 0 0 0 0 0 0 0 0 0 0 0 0 0 0 0 0 0 0 0 0 0 0 1 0 0 11 0 6 0 4 0 4 2 9 2 0 12 0 0 9 0 0 0 15 0 8 0 0 0 0 0 22 0 6 189 186 143 168 211 197 75 45 40 63 188 211 198 201 199 215 194 181 106 0 0 0 0 0 1 0 9 167 249 255 245 243 247 255 255 254 255 255 241 255 253 250 255 237 252 255 255 14 0 0 0 0 0 0 0 255 244 197 192 250 200 252 240 252 248 193 171 152 166 148 173 173 243 246 255 0 0 0 0 0 18 0 6 252 220 22 35 41 40 79 63 67 66 21 3 0 0 13 0 22 129 255 254 5 0 0 0 0 0 8 3 159 213 7 0 5 0 0 9 0 0 10 0 14 10 0 15 0 188 251 240 11 0 0 0 0 14 3 0 71 40 0 9 3 0 11 0 6 8 0 9 0 2 0 63 236 255 242 71 0 0 0 0 0 0 0 0 6 0 8 0 5 7 0 4 2 0 8 0 1 4 15 173 255 234 154 24 0 0 0 0 0 0 0 0 0 0 0 0 0 0 23 0 2 0 0 0 0 0 196 255 241 162 0 5 0 0 0 0 0 0 0 0 0 0 0 0 0 3 0 0 10 0 6 9 30 188 240 252 215 11 9 5 3 0 0 0 0 0 0 0 0 0 0 0 0 9 0 8 11 0 0 0 61 255 255 250 72 0 0 15 0 0 0 0 0 0 0 0 0 0 0 0 0 0 0 0 0 13 0 16 142 247 247 117 4 9 0 0 0 0 0 0 0 0 0 0 0 0 0 0 0 0 7 0 0 0 6 127 255 253 160 0 10 0 0 6 0 0 0 0 0 0 0 0 0 0 0 0 0 0 11 4 0 13 128 255 246 133 42 8 0 0 0 17 0 0 0 0 0 0 0 0 0 0 0 0 0 5 0 0 15 144 255 244 107 0 2 21 0 0 12 0 0 0 0 0 0 0 0 0 0 0 0 0 0 0 1 55 135 255 191 48 9 5 0 0 2 2 0 0 9 0 0 0 0 0 0 0 0 0 0 0 0 13 46 236 242 205 27 0 10 0 0 0 0 0 0 0 0 0 0 0 0 0 0 0 0 0 0 0 0 0 83 255 204 13 1 30 0 0 0 0 0 0 0 0 0 0 0 0 0 0 0 0 0 0 0 0 0 17 163 195 95 0 7 0 0 0 0 0 0 0 0 0 0 0 0 0 0 0 0 0 0 0 0 0 0 0 8 13 0 0 14 0 12 0 0 0 0 0 0 0 0 0 0 0 0
0 0 0 0 0 0 0 0 0 0 0 0 0 0 0 0 0 0 0 0 0 0 0 0 0 0 0 0 0 0 0 0 0 0 0 0 0 0 0 0 0 0 0 0 0 0 0 0 0 0 0 0 0 0 0 0 0 0 0 0 0 0 0 0 0 0 0 0 0 0 0 0 0 0 0 0 0 0 0 0 0 0 0 0 0 0 0 0 0 0 0 0 0 0 0 0 0 0 0 0 0 0 0 0 0 0 0 0 0 0 0 0 0 0 0 0 0 0 0 0 0 0 0 0 0 0 0 0 0 0 0 0 0 0 0 0 0 0 0 0 0 0 0 0 0 0 0 0 0 0 0 0 0 0 0 0 0 0 0 0 0 0 0 0 0 0 0 0 0 0 0 0 0 0 0 0 0 0 0 0 0 0 0 0 0 0 0 0 0 0 0 0 0 0 0 0 0 0 0 0 0 0 0 0 0 0 0 0 0 0 0 0 0 0 0 0 0 0 0 0 0 0 0 0 0 11 0 0 3 0 70 64 63 76 173 255 247 118 65 80 66 0 15 0 0 3 0 0 0 0 0 0 0 0 8 15 0 0 216 255 255 255 252 252 255 255 255 246 219 0 0 9 4 0 14 0 0 0 0 0 0 9 0 0 5 9 213 244 243 255 248 247 228 255 255 255 233 236 220 172 6 15 4 0 0 0 0 0 8 0 0 14 0 7 215 255 254 248 245 255 255 255 241 242 255 239 249 245 180 20 0 0 0 0 0 0 0 1 0 8 11 1 87 235 243 255 255 239 240 246 255 255 255 245 255 250 234 33 24 11 0 0 0 0 10 0 0 5 0 2 0 17 0 71 162 179 191 174 183 174 189 254 238 255 255 45 0 0 0 0 0 0 0 12 11 0 0 15 0 0 3 0 0 2 8 2 2 3 38 239 255 245 246 37 5 11 0 0 0 0 16 0 0 11 6 0 8 0 0 6 0 6 0 8 0 0 46 254 242 252 111 5 0 0 0 0 0 0 0 0 0 0 0 0 0 0 2 5 0 0 0 7 0 1 38 255 244 182 0 11 0 3 0 0 0 0 0 0 0 0 0 0 0 0 0 0 8 0 13 8 0 21 172 236 255 49 9 0 0 5 0 0 0 0 0 0 0 0 0 0 0 0 7 1 10 0 0 0 130 244 245 255 62 6 0 0 26 0 0 0 0 0 0 0 0 0 0 0 0 0 6 0 0 10 19 10 247 252 255 176 28 10 0 0 0 8 0 0 0 0 0 0 0 0 0 0 0 0 4 5 3 2 0 17 255 254 196 23 20 0 20 17 0 0 0 0 0 0 0 0 0 0 0 0 0 0 0 7 0 0 57 201 255 239 35 0 0 4 0 0 10 8 0 0 0 0 0 0 0 0 0 0 0 0 0 7 10 7 107 255 230 159 20 0 17 0 7 5 1 0 0 0 0 0 0 0 0 0 0 0 0 0 8 0 6 6 145 247 190 0 0 13 0 0 2 4 0 11 0 0 0 0 0 0 0 0 0 0 0 0 6 0 70 173 255 244 87 0 0 0 0 0 0 0 0 0 0 0 0 0 0 0 0 0 0 0 0 0 0 12 154 255 233 101 0 1 0 0 0 0 0 0 0 0 0 0 0 0 0 0 0 0 0 0 0 0 0 30 191 251 196 56 0 0 0 0 0 0 0 0 0 0 0 0 0 0 0 0 0 0 0 0 0 0 1 72 249 240 143 15 7 0 0 0 0 0 0 0 0 0 0 0 0 0
6 0 0 0 1 0 0 5 2 0 0 3 4 2 0 0 0 0 2 6 1 0 0 4 0 0 0 0 1 1 4 6 4 0 0 0 0 0 0 0 0 0 0 7 0 0 0 0 1 10 5 0 0 0 0 0 0 0 4 1 0 0 0 0 0 0 3 9 12 9 0 0 7 6 10 12 2 0 0 8 0 0 0 0 0 0 0 0 0 0 2 0 0 0 0 0 0 0 3 3 5 0 0 0 5 3 0 1 0 0 0 0 3 2 0 0 1 6 4 0 0 8 14 5 0 0 0 0 0 3 6 0 0 6 5 0 0 0 0 0 0 0 0 3 5 1 0 0 1 0 0 0 1 13 8 0 12 0 0 3 6 0 0 5 0 0 0 0 0 0 0 4 2 0 0 15 9 48 111 185 248 255 242 202 115 45 0 0 12 10 0 0 0 0 0 0 8 0 0 5 0 0 17 51 213 237 254 253 249 252 255 254 246 238 163 44 0 0 9 0 0 0 0 0 9 0 8 0 5 0 1 153 233 255 246 174 136 130 150 189 239 255 253 167 8 1 0 0 0 0 0 0 0 0 8 0 4 5 5 104 255 195 82 3 0 4 0 0 46 184 245 254 53 0 4 2 0 0 0 0 0 0 6 0 0 0 0 24 12 3 0 0 4 2 0 2 0 109 255 253 84 1 0 4 0 0 0 0 0 5 1 0 0 0 0 0 6 0 2 3 0 0 1 6 48 153 255 233 61 5 0 1 0 0 0 0 0 0 0 5 0 0 12 0 1 0 2 5 3 6 1 0 49 252 240 255 22 0 11 1 0 0 0 0 3 0 0 6 1 0 8 6 0 2 2 0 0 0 4 6 69 255 249 215 10 0 6 0 0 0 0 0 4 0 0 0 0 0 0 1 1 2 0 0 10 2 0 4 169 239 249 79 6 3 0 0 0 0 0 0 0 0 4 0 3 7 0 6 0 8 2 0 3 0 16 83 244 255 200 9 0 0 12 0 0 0 0 0 0 0 0 0 0 0 0 0 13 0 4 1 0 0 1 213 245 255 33 0 0 3 0 0 0 0 0 0 0 0 0 0 0 0 0 0 0 18 0 6 8 0 148 255 255 187 13 9 3 4 0 1 0 0 0 0 0 0 0 0 0 0 0 0 2 5 2 0 8 73 219 246 206 66 0 11 0 6 0 4 0 0 0 0 0 0 0 0 0 0 0 0 8 0 2 9 65 233 249 216 79 0 0 4 0 4 8 0 0 0 0 0 0 0 0 0 0 0 0 0 0 0 12 39 216 255 255 109 5 0 5 3 0 0 11 0 0 0 0 0 0 0 0 0 0 0 0 0 0 1 9 117 255 254 167 0 0 6 0 1 6 0 5 0 0 0 0 0 0 0 0 0 0 0 0 0 0 11 63 244 235 225 44 4 1 0 0 2 5 0 0 4 0 0 0 0 0 0 0 0 0 0 0 0 8 3 227 254 255 27 2 0 3 0 0 11 0 4 0 3 0 0 0 0 0 0 0 0 0 0 0 0 4 99 255 255 228 15 0 0 0 0 0 0 0 0 0 0 0 0 0 0 0 0 0 0 0 0 0 0 0 80 211 213 97 0 0 14 0 0 0 0 0 0 0 0 0 0 0 0 0 0 0 0 0 0 0 0 0 3 0 0 0 13 0 0 0 0 0 0 0 0 0 0 0 0 0 0 0 0 0 0 0 0 0 0 0 14 10 0 9 3 0 15 0 0 0 0 0 0 0 0 0 0 0 0
0 0 0 0 0 0 0 0 0 0 0 3 4 4 1 0 0 1 5 4 0 0 0 5 0 0 0 0 0 0 0 0 0 0 0 0 0 0 0 0 0 0 0 4 6 0 0 0 3 6 7 0 0 0 0 0 0 0 0 0 0 0 0 0 1 5 8 7 3 0 0 1 0 3 18 0 1 0 8 4 0 0 0 0 0 0 0 0 0 0 0 0 0 0 0 1 1 0 0 0 3 0 10 0 10 0 0 0 0 0 0 0 0 0 0 0 0 0 0 0 7 2 0 0 0 4 6 7 0 0 0 0 9 0 3 10 0 0 0 0 0 0 0 0 0 0 0 0 7 5 3 3 3 0 0 0 16 6 0 2 0 0 0 4 0 0 0 0 0 0 0 0 0 0 0 0 0 0 0 0 0 0 1 6 0 0 0 2 0 17 0 0 0 0 0 0 0 0 0 0 0 0 0 0 2 3 0 0 1 27 67 98 167 255 255 204 48 5 0 14 0 0 0 0 10 0 0 0 11 0 9 0 0 28 126 123 176 184 254 245 255 237 255 242 111 0 1 5 0 0 0 0 3 8 13 1 0 0 2 121 119 183 235 255 247 254 255 255 244 254 255 253 99 5 0 0 0 0 0 0 0 0 0 4 0 6 71 234 241 255 255 251 255 247 243 245 255 255 248 255 105 0 0 9 0 0 0 0 0 16 1 0 6 51 217 255 255 242 250 254 255 251 254 241 200 240 251 248 106 0 1 0 0 0 0 0 4 10 0 3 5 19 177 242 251 234 206 193 53 37 30 43 119 247 255 201 25 0 9 0 0 0 0 0 1 0 0 5 2 0 11 127 120 45 0 12 0 9 10 0 108 255 255 195 0 4 0 12 0 0 0 0 0 18 19 0 0 32 0 3 0 0 6 0 4 0 12 14 160 248 255 194 14 9 0 5 0 0 0 0 9 0 2 0 1 0 9 0 0 16 0 0 0 5 0 27 248 255 242 100 0 0 0 4 0 0 0 0 0 0 0 0 0 0 0 0 0 0 6 0 2 0 18 19 240 255 214 24 3 3 0 0 0 0 0 0 0 0 0 0 0 0 0 0 2 0 5 1 0 26 0 140 255 243 124 0 0 10 6 4 0 0 0 0 0 0 0 0 0 0 0 0 6 0 1 9 0 4 39 220 255 255 116 24 0 0 0 0 0 0 0 0 0 0 0 0 0 0 0 0 0 0 0 2 5 0 102 242 241 218 35 0 0 8 10 0 0 0 0 0 0 0 0 0 0 0 0 0 0 18 0 0 1 12 85 255 255 192 13 6 0 8 3 0 0 0 0 0 0 0 0 0 0 0 0 0 0 12 0 0 2 0 145 253 236 92 0 8 9 0 0 10 0 0 0 0 0 0 0 0 0 0 0 0 7 0 0 7 7 21 244 242 255 55 0 0 7 6 0 0 0 0 0 0 0 0 0 0 0 0 0 0 0 0 7 0 1 142 250 255 151 0 25 0 0 1 2 3 0 0 0 0 0 0 0 0 0 0 0 0 0 17 0 0 0 173 255 250 141 12 0 5 0 4 0 0 0 0 0 0 0 0 0 0 0 0 0 0 14 0 0 14 2 162 255 249 83 0 0 0 0 8 0 0 0 0 0 0 0 0 0 0 0 0 0 0 0 3 9 0 3 191 248 124 20 0 4 0 0 11 0 1 0 0 0 0 0 0 0 0 0 0 0 0 21 0 0 19 0 0 13 0 0 0 10 0 0 7 0 3 0 0 0 0
0 0 0 0 0 0 0 0 0 0 14 0 4 5 0 0 0 6 0 0 6 2 11 0 0 0 0 0 0 0 0 0 0 0 0 0 8 0 0 0 1 0 0 9 0 3 0 2 0 0 3 3 0 0 0 0 0 0 0 0 0 0 0 0 0 9 3 1 4 3 0 0 3 5 0 8 3 0 0 0 0 0 0 0 0 0 0 0 0 0 0 0 0 7 0 4 0 0 2 15 0 0 0 1 7 5 3 0 0 0 0 0 0 0 0 0 0 0 0 0 11 4 1 5 2 0 5 0 1 5 5 0 0 3 0 0 0 0 0 0 0 0 0 0 0 0 0 0 0 9 147 208 133 1 0 15 0 1 9 0 0 4 6 15 0 0 0 0 0 0 0 0 0 0 0 0 0 59 253 255 251 221 151 30 17 0 5 3 4 2 0 0 0 0 0 0 0 0 0 0 0 0 0 0 9 0 197 242 255 249 255 248 245 186 167 160 143 93 21 6 0 0 0 0 0 0 0 0 0 0 0 0 0 0 0 69 190 230 221 244 255 243 255 253 243 250 255 10 0 0 0 0 0 0 0 0 0 0 0 0 0 7 5 0 0 0 4 21 87 113 94 226 255 255 245 14 0 0 0 0 0 0 0 0 0 0 0 0 5 0 0 10 4 1 5 0 0 0 0 116 255 224 110 0 0 0 0 0 0 0 0 0 0 0 0 0 15 0 0 2 0 0 4 1 3 43 174 246 255 123 26 0 0 0 0 0 0 0 0 0 0 0 0 0 0 8 7 0 1 6 0 0 18 207 254 255 160 14 0 12 0 0 0 0 0 0 0 0 0 0 0 0 4 3 0 5 6 0 8 64 197 255 224 137 18 0 17 0 0 0 0 0 0 0 0 0 0 0 0 0 7 0 0 6 0 12 132 254 255 251 150 3 0 0 0 0 0 0 0 0 0 0 0 0 0 0 0 0 0 0 8 3 6 109 226 255 255 228 30 1 0 3 9 0 0 0 0 0 0 0 10 0 0 3 0 0 0 4 10 11 98 255 233 255 200 58 0 6 0 0 8 0 0 0 0 0 1 0 3 0 0 0 1 0 11 0 0 81 255 237 255 254 105 21 0 4 0 0 7 0 0 0 0 0 4 0 0 7 0 0 4 0 0 2 85 234 253 251 253 195 15 0 0 1 0 0 3 0 0 0 0 0 2 3 0 8 0 0 1 0 3 70 234 255 255 251 154 26 0 0 2 0 0 0 0 4 0 0 0 0 0 8 0 5 0 3 0 9 72 246 255 255 227 116 9 6 4 7 1 1 6 0 0 6 0 0 0 0 0 8 0 3 0 4 0 76 238 255 247 218 134 3 2 0 5 0 0 2 10 0 0 1 0 0 0 0 0 3 0 4 0 2 8 177 255 237 255 220 0 0 1 0 0 0 0 2 4 2 0 0 0 0 0 0 3 0 0 7 0 0 17 254 255 255 227 48 8 0 3 3 0 1 5 1 0 1 6 0 0 0 0 0 3 0 0 2 7 0 33 191 185 99 15 0 1 5 2 1 0 0 0 0 0 0 0 0 0 0 0 0 5 3 0 0 6 0 0 17 4 0 1 11 9 0 0 3 0 0 0 0 0 0 0 0 0 0 0 0 0 3 8 0 7 16 0 0 0 0 3 3 0 0 0 7 0 0 0 0 0 0 0 0 0 0 0 0 0 1 7 0 0 0 4 12 8 3 0 0 3 9 2 0 0 0 0 0 0 0 0 0 0 0 0 0
0 0 0 0 1 0 0 0 0 0 0 3 5 4 1 0 10 0 0 0 0 2 3 0 0 0 0 0 0 0 0 0 0 1 1 1 10 5 0 0 0 0 0 1 0 0 9 10 0 0 0 6 0 0 0 0 0 0 0 0 0 0 2 4 0 0 0 0 0 1 2 3 4 2 0 0 0 0 0 0 0 0 0 0 0 0 0 0 0 0 0 1 0 2 4 4 2 0 0 0 0 0 0 0 8 13 8 3 0 0 0 0 0 0 2 2 0 0 0 0 0 0 0 0 0 0 0 3 0 12 11 2 2 0 0 0 0 0 0 0 0 0 3 2 0 0 0 0 2 6 10 10 6 1 0 0 0 12 0 0 2 7 0 6 0 0 0 0 0 1 2 0 0 0 4 9 0 0 0 0 0 0 0 4 45 175 255 255 169 57 0 0 0 0 0 0 0 2 1 0 0 0 10 19 30 27 24 30 55 99 149 182 255 255 243 249 255 217 88 1 0 0 0 0 7 0 0 0 7 13 165 255 254 253 249 255 255 252 255 251 255 241 255 255 247 202 38 0 0 0 0 0 0 12 10 0 9 74 250 255 253 255 255 255 243 255 239 236 186 148 251 255 255 191 7 4 0 0 0 0 0 7 1 4 1 56 254 255 251 255 244 218 142 137 62 31 5 95 247 247 255 174 0 0 0 0 0 0 7 0 0 9 0 0 132 160 171 150 81 31 0 5 0 0 13 216 255 250 239 99 9 4 0 0 0 0 5 1 0 0 7 0 13 11 1 15 0 0 0 0 7 0 126 255 247 255 175 1 0 0 0 0 0 0 0 4 5 0 9 6 0 0 0 7 0 4 21 0 0 23 229 244 253 255 113 8 6 3 0 0 0 0 0 0 0 4 0 0 3 20 0 0 0 0 7 0 0 140 255 248 249 155 12 0 8 0 0 0 0 0 0 4 0 11 0 0 18 0 7 0 6 0 0 12 15 253 245 255 251 106 10 0 3 3 0 0 0 0 0 0 0 0 0 0 0 0 0 14 0 0 7 5 136 254 255 255 165 0 2 8 0 0 0 0 0 0 0 0 0 0 0 0 0 0 0 6 0 0 18 38 245 255 241 242 0 14 14 0 13 0 0 0 0 0 0 0 0 0 0 0 0 0 10 0 15 0 19 196 255 255 254 74 0 1 0 6 0 2 0 0 0 0 0 0 0 0 0 0 0 0 0 9 0 15 117 253 254 246 165 0 19 0 0 3 8 0 0 0 0 0 0 0 0 0 0 0 0 0 3 2 1 85 255 240 255 241 21 12 0 0 0 8 0 2 0 0 0 0 0 0 0 0 0 0 0 0 0 0 5 132 255 239 250 110 0 0 4 3 0 18 0 7 0 0 0 0 0 0 0 0 0 0 0 0 3 34 61 227 255 255 246 4 8 0 2 9 0 0 18 0 0 0 0 0 0 0 0 0 0 0 0 0 0 0 173 253 251 255 144 0 2 0 1 0 2 8 0 7 0 0 0 0 0 0 0 0 0 0 0 0 0 0 140 244 255 255 236 224 111 7 0 12 0 0 0 1 0 0 0 0 0 0 0 0 0 0 0 0 3 1 99 166 197 237 237 238 62 0 0 5 0 1 2 0 0 0 0 0 0 0 0 0 0 0 0 0 0 0 5 0 0 17 3 0 10 0 4 0 0 5 2 0 0 0 0 0 0 0 0 0 0 0 0 0 1 1 8 0 0 13 0 0 0 1 6 0 2 4 0 0 0 0 0 0
5 0 0 0 1 0 0 1 2 4 0 0 1 3 0 0 8 0 0 0 0 4 8 0 0 0 0 0 0 0 1 4 4 2 1 3 0 0 2 11 7 0 0 6 0 2 2 0 0 0 0 3 0 0 0 0 0 4 5 1 0 0 0 0 10 0 0 2 0 0 0 0 0 7 3 0 6 0 0 6 0 0 0 0 0 3 2 0 0 0 3 1 7 5 7 0 0 4 11 0 4 3 0 0 2 2 0 0 0 0 0 0 0 0 0 0 3 7 7 3 0 0 8 7 0 0 0 0 1 0 0 4 0 4 16 5 0 0 0 0 0 0 3 7 5 0 0 0 13 2 0 0 12 0 0 3 8 2 10 8 0 0 0 0 0 0 0 0 4 0 2 6 0 0 0 18 0 9 0 0 16 12 0 8 0 0 0 0 11 7 0 3 0 0 0 0 4 0 0 2 0 0 30 73 120 237 255 246 252 255 246 255 255 255 180 129 146 87 0 0 0 0 0 0 5 0 0 8 0 0 11 253 243 255 248 244 255 251 249 255 254 255 251 255 243 243 81 0 0 0 0 0 4 7 0 0 0 4 40 238 255 187 151 154 137 156 249 242 255 247 241 255 255 233 105 17 0 0 0 0 0 7 0 7 0 3 0 63 56 22 0 6 0 0 66 62 47 89 252 253 250 254 106 0 0 0 0 0 0 9 0 0 0 8 0 0 0 9 0 0 0 1 0 0 51 125 255 250 255 255 107 0 0 0 0 0 0 11 0 4 0 0 14 11 8 0 0 11 0 24 0 3 131 255 245 255 205 54 22 14 0 0 0 0 0 0 0 13 2 0 0 0 0 0 0 9 0 0 0 102 228 255 244 255 135 0 2 0 0 0 0 0 8 0 0 0 4 11 8 2 0 29 4 0 4 0 88 247 255 241 255 158 18 0 7 0 0 0 0 0 0 0 12 0 0 0 0 1 0 0 0 0 5 0 182 251 254 247 191 9 3 11 0 5 0 0 0 0 0 0 0 0 0 0 0 0 0 0 0 12 0 51 250 250 251 236 0 6 6 0 2 0 0 0 0 0 0 0 0 0 0 0 0 0 5 0 9 0 36 230 255 245 194 70 0 1 0 2 2 5 0 0 0 0 0 0 0 0 0 0 0 0 5 0 11 0 140 250 244 255 148 0 14 12 0 2 0 0 0 0 0 0 0 0 0 0 0 0 0 0 0 13 42 180 246 253 252 215 45 0 4 0 9 0 9 0 0 0 0 0 0 0 0 0 0 0 0 0 0 10 114 255 250 254 231 49 0 8 0 0 5 0 10 4 0 0 0 0 0 0 0 0 0 0 0 0 16 87 235 239 255 249 137 0 12 0 18 10 0 0 0 4 0 0 0 0 0 0 0 0 0 0 0 0 3 201 255 255 249 168 1 4 4 0 7 0 0 1 0 3 0 0 0 0 0 0 0 0 0 0 0 0 34 255 249 245 201 15 5 0 3 7 6 0 11 0 4 0 0 0 0 0 0 0 0 0 0 0 0 0 126 250 255 255 83 5 5 0 0 0 0 0 0 0 0 0 0 0 0 0 0 0 0 0 0 0 0 0 199 254 248 215 21 0 10 0 0 0 0 0 0 0 0 0 0 0 0 0 0 0 0 0 0 0 0 0 91 255 199 44 6 25 0 0 0 0 0 0 0 0 0 0 0 0 0 0 0 0 0 0 0 0 0 0 0 0 7 5 0 0 1 5 0 0 0 0 0 0 0 0 0 0 0 0
0 0 0 0 0 0 0 0 9 0 0 0 6 6 0 0 0 0 0 0 0 0 0 0 0 0 0 0 0 0 0 0 0 0 0 0 0 0 3 0 0 0 4 9 0 0 0 0 0 0 0 0 0 0 0 0 0 0 0 0 0 0 0 0 4 0 14 19 0 4 16 0 0 0 0 0 0 0 0 0 0 0 0 0 0 0 0 0 0 0 0 0 0 9 0 0 9 0 0 12 0 0 0 0 0 0 0 0 0 0 0 0 0 0 0 0 0 0 0 0 8 7 0 13 5 0 0 0 0 0 0 0 0 0 0 0 0 0 0 0 0 0 0 0 0 0 0 0 0 6 0 0 0 0 19 0 0 0 0 0 0 0 0 0 0 0 0 0 0 0 0 0 0 0 0 0 88 230 124 0 17 6 0 10 0 0 0 0 0 0 0 0 0 0 0 0 0 0 0 0 0 0 0 0 66 255 251 90 0 0 22 0 0 0 0 0 0 0 0 0 0 0 0 0 0 0 0 0 0 0 0 0 54 238 255 165 10 8 14 0 2 0 16 0 10 15 0 0 0 0 0 0 0 0 0 0 0 0 0 0 6 125 245 243 219 188 96 72 18 0 0 0 0 0 0 8 0 0 0 0 0 0 0 0 0 0 0 0 1 95 250 255 255 254 242 255 207 191 210 214 189 8 0 5 0 0 0 0 0 0 0 0 0 0 0 0 0 93 241 212 135 160 255 236 255 255 237 235 210 10 0 0 0 0 0 0 0 0 0 0 0 0 0 0 0 201 255 124 16 0 0 17 47 244 255 255 82 2 0 12 0 0 0 0 0 0 0 0 0 0 0 0 11 124 247 133 0 1 0 16 117 244 253 208 0 0 14 0 0 0 0 0 0 0 0 0 0 0 0 0 0 4 83 51 3 27 0 37 234 254 242 107 0 0 10 2 0 0 0 0 0 0 0 0 0 0 0 0 3 0 3 3 4 0 5 106 253 253 164 0 0 22 0 4 0 0 0 0 0 0 0 0 0 0 0 0 0 6 0 10 1 0 88 243 255 215 30 11 0 0 3 0 0 0 0 0 0 0 0 0 0 0 0 0 0 11 2 2 0 0 165 252 243 58 0 0 0 4 2 4 0 0 0 0 0 0 0 0 0 0 0 0 0 3 0 0 0 100 245 255 225 0 12 5 0 4 0 0 0 0 0 0 0 0 0 0 0 0 0 0 11 0 0 8 29 237 255 246 95 0 5 0 12 0 0 0 0 0 0 0 0 0 0 0 0 0 0 0 0 0 1 11 104 255 236 169 0 1 0 0 3 0 0 0 0 0 0 0 0 0 0 0 0 0 0 0 5 5 25 70 249 255 239 99 8 0 7 7 0 12 0 0 0 0 0 0 0 0 0 0 0 0 0 0 0 0 3 148 255 242 153 12 3 0 0 2 0 12 0 5 0 0 0 0 0 0 0 0 0 0 0 0 0 15 23 255 238 248 60 0 0 16 1 0 5 0 0 0 0 0 0 0 0 0 0 0 0 0 0 0 4 0 111 245 255 217 0 7 0 0 0 0 0 0 0 0 0 0 0 0 0 0 0 0 0 0 0 0 0 9 0 216 240 46 4 1 0 0 0 0 0 0 0 0 0 0 0 0 0 0 0 0 0 0 0 0 0 7 0 0 5 0 5 0 0 0 0 0 0 0 0 0 0 0 0 0 0 0 0 0 0 0 0 0 3 0 22 0 20 3 0 9 0 0 0 0 0 0 0 0 0 0 0 0
0 0 0 0 0 0 0 0 0 0 0 0 0 0 0 0 0 0 0 0 0 0 0 0 0 0 0 0 0 0 0 0 0 0 0 0 0 0 0 0 0 0 0 0 0 0 0 0 0 0 0 0 0 0 0 0 0 0 0 0 0 0 0 0 0 0 0 0 0 0 0 0 0 0 0 0 0 0 0 0 0 0 0 0 0 0 0 0 0 0 0 0 0 0 0 0 0 0 0 0 0 0 0 0 0 0 0 0 0 0 0 0 0 0 0 0 0 0 0 0 0 0 0 0 0 0 0 0 0 0 0 0 0 0 0 0 0 0 0 0 0 0 0 0 0 0 0 0 0 0 0 0 0 0 0 0 0 0 0 0 0 0 0 0 0 0 0 0 0 0 0 0 0 0 0 0 0 0 0 0 0 0 0 0 0 0 0 0 0 0 0 0 0 0 0 0 0 0 0 0 0 0 0 0 0 0 0 0 0 0 0 0 0 0 0 0 0 0 0 0 0 0 0 0 0 0 0 0 0 0 0 0 54 24 0 31 29 121 224 240 255 255 136 12 0 6 0 8 0 0 0 0 0 0 0 0 0 0 0 0 188 145 139 213 254 255 247 230 155 207 234 25 0 1 3 0 0 0 0 0 0 0 0 0 0 0 0 0 163 252 255 242 190 108 25 1 3 53 253 52 8 0 0 5 0 0 0 0 0 0 0 0 0 0 0 0 123 255 160 41 0 3 0 12 0 8 255 82 8 3 0 14 0 0 0 0 0 0 0 0 0 0 0 0 113 244 33 0 0 5 0 0 24 65 255 51 0 12 0 0 0 0 0 0 0 0 0 0 0 0 0 0 113 255 14 11 0 4 1 10 0 97 215 11 0 3 9 0 0 0 0 0 0 0 0 0 0 0 0 0 113 254 14 1 0 3 0 0 2 169 151 13 15 0 0 0 0 0 0 0 0 0 0 0 0 0 0 0 126 236 21 2 0 0 0 7 32 247 93 0 0 5 0 5 0 0 0 0 0 0 0 0 0 0 0 0 128 245 13 5 0 0 3 4 70 245 0 4 0 1 1 2 0 0 0 0 0 0 0 0 0 0 0 0 39 112 0 1 0 0 1 0 119 219 2 3 0 0 1 2 0 0 0 0 0 0 0 0 0 0 0 0 0 5 2 3 2 0 1 2 185 170 2 2 0 0 2 1 0 0 0 0 0 0 0 0 0 0 0 0 4 0 10 3 3 0 4 20 231 106 0 0 0 0 2 0 0 0 0 0 0 0 0 0 0 0 0 0 1 6 0 0 5 2 0 41 240 47 0 0 2 0 0 0 0 0 0 0 0 0 0 0 0 0 0 0 0 16 0 0 11 1 0 70 221 9 0 0 3 3 0 1 0 0 0 0 0 0 0 0 0 0 0 0 0 9 0 0 12 0 0 134 197 0 2 0 2 4 0 3 0 0 0 0 0 0 0 0 0 0 0 0 6 0 11 0 6 0 22 204 182 0 8 0 1 5 0 5 0 0 0 0 0 0 0 0 0 0 0 0 0 4 0 2 0 6 13 255 106 10 0 9 0 0 8 1 0 0 0 0 0 0 0 0 0 0 0 0 0 3 0 2 0 1 38 237 51 0 0 9 0 0 6 0 0 0 0 0 0 0 0 0 0 0 0 0 0 0 0 4 0 0 89 215 3 0 0 4 0 1 3 0 0 0 0 0 0 0 0 0 0 0 0 0 0 0 1 5 1 5 149 207 0 3 3 0 0 0 0 0 0 0 0 0
0 0 0 0 0 0 0 0 0 3 0 11 0 0 8 3 3 1 1 2 3 3 0 0 0 0 0 0 0 0 0 0 0 0 0 0 3 4 2 0 3 2 7 0 0 0 0 0 0 0 1 1 0 0 0 0 0 0 0 0 0 0 0 0 1 0 2 0 11 0 0 9 1 1 0 0 0 0 1 3 0 0 0 0 0 0 0 0 0 0 0 0 6 0 8 1 8 0 0 10 2 4 5 3 0 0 0 1 0 0 0 0 0 0 0 0 0 0 0 0 0 0 0 0 0 13 1 0 0 0 2 3 2 0 0 0 0 0 0 0 0 0 0 0 0 0 0 0 9 9 6 18 0 0 1 0 0 0 0 0 2 3 1 0 0 0 0 0 0 0 0 0 0 0 0 0 2 0 0 0 10 0 34 0 8 2 0 0 1 4 2 0 0 0 0 0 0 0 0 0 0 0 0 0 0 1 10 2 116 170 253 91 25 13 1 0 1 5 3 0 0 0 0 0 0 0 1 1 0 0 0 1 0 26 145 196 255 246 255 255 240 10 1 11 0 0 8 0 0 0 0 0 0 0 1 0 0 0 0 1 18 189 255 238 191 109 158 213 245 93 0 4 0 1 3 1 0 0 0 0 0 1 0 0 0 0 0 1 88 255 167 19 0 6 11 50 238 189 0 0 0 6 0 5 0 0 0 0 0 1 0 0 0 0 2 6 111 245 32 6 17 0 0 0 224 242 28 1 0 9 0 0 0 0 0 0 0 0 0 0 0 2 6 9 227 218 7 0 6 29 0 4 224 255 67 2 0 7 0 0 0 0 0 0 0 0 0 0 0 2 5 8 219 237 46 13 0 0 20 0 232 255 83 0 0 2 0 3 0 0 0 0 0 0 1 0 0 0 0 2 155 79 0 0 0 12 0 4 221 254 62 0 0 0 0 6 0 0 0 0 0 0 1 0 0 0 0 0 4 0 3 6 5 0 0 0 199 253 34 0 10 2 0 5 0 0 0 0 0 2 1 0 0 1 3 0 0 8 0 0 0 3 3 0 173 255 39 0 7 0 15 0 0 0 0 0 0 0 2 2 0 0 0 0 0 1 0 4 6 2 1 0 227 255 45 8 3 0 15 0 0 0 0 0 0 0 0 4 1 0 0 11 7 0 0 6 1 0 0 0 233 213 13 1 0 0 3 0 0 0 0 0 4 0 0 1 0 0 11 33 17 0 0 0 0 0 0 2 227 198 0 3 0 3 4 1 0 0 0 0 4 0 0 1 0 0 11 33 17 0 6 0 0 4 0 10 236 207 0 3 8 0 0 0 0 0 0 0 0 0 0 4 1 0 0 11 2 0 7 0 1 3 0 37 246 177 0 0 2 0 0 0 0 0 0 0 0 0 2 2 0 0 0 0 0 0 3 0 3 0 0 99 255 106 1 0 2 6 3 10 0 0 0 0 0 2 1 0 0 1 3 0 10 0 3 0 6 0 14 163 252 34 0 2 0 10 0 0 0 0 0 0 0 0 0 0 0 0 0 0 0 1 10 0 0 17 0 225 251 37 0 11 0 2 0 0 0 0 0 0 0 0 0 0 0 0 0 0 9 0 0 0 0 0 0 237 255 65 0 5 0 4 0 0 0 0 0 0 0 0 0 0 0 0 0 0 7 0 0 7 4 12 39 225 145 30 0 1 0 8 0 0 0 0 0 0 0 0 0 0 0 0 0 0 0 4 5 14 0 0 0 9 15 0 0 1 0 2 0 5 0 0 0 0
0 0 0 0 0 0 0 0 0 5 0 1 6 0 7 0 9 1 0 0 2 1 0 0 0 0 0 0 0 0 0 0 0 0 0 0 0 5 0 1 0 0 2 11 0 2 6 0 0 7 12 9 0 0 0 0 0 0 0 0 0 0 0 0 0 0 0 12 1 12 0 0 0 0 0 8 2 0 0 0 0 0 0 0 0 0 0 0 0 0 0 0 7 0 0 0 0 7 0 3 14 0 0 0 2 0 4 14 0 0 0 0 0 0 0 0 0 0 0 0 0 0 9 0 0 0 3 11 0 0 2 0 0 5 2 0 0 0 0 0 0 0 0 0 0 0 0 0 1 5 0 0 4 0 2 0 1 0 2 5 0 0 0 9 0 0 0 0 0 0 0 0 0 0 0 0 0 21 0 22 0 0 8 1 0 0 0 0 3 2 0 0 0 0 0 0 0 0 0 0 0 0 0 0 17 139 152 250 166 144 136 139 144 222 255 249 255 255 157 22 0 0 0 0 0 6 0 4 0 0 16 32 194 249 252 255 247 254 255 242 255 244 255 255 236 255 240 132 0 0 0 0 0 0 0 2 20 3 68 253 249 255 253 233 254 238 255 255 243 174 175 216 255 249 255 64 0 0 0 0 8 0 4 0 0 19 215 243 255 238 255 255 255 255 244 142 26 2 2 109 247 234 255 105 0 0 0 0 0 9 8 10 11 88 255 254 249 255 248 255 201 123 31 0 0 5 59 179 253 255 185 94 0 0 0 0 15 0 0 3 65 255 246 252 251 255 255 187 27 4 13 0 16 0 171 255 242 255 91 0 0 0 0 0 0 0 15 11 151 255 250 255 245 237 180 41 0 0 4 4 0 21 230 255 255 230 49 5 0 0 0 0 0 10 0 0 255 254 240 253 134 24 0 0 8 0 0 4 53 183 255 235 252 103 0 3 0 0 0 0 0 2 9 0 155 255 246 178 14 7 0 0 0 17 0 4 89 255 245 246 245 38 4 2 0 0 0 0 6 0 0 5 24 110 23 0 4 0 0 3 5 0 4 95 237 245 255 242 51 10 11 0 0 0 0 0 0 0 15 6 0 29 0 9 8 0 0 0 5 1 17 207 242 255 248 112 14 0 0 19 0 0 0 0 4 0 3 0 0 0 0 10 0 2 15 0 0 4 60 201 252 253 221 88 3 6 16 3 0 0 0 0 9 0 0 0 16 1 6 0 11 6 0 0 15 93 254 255 255 229 53 5 1 0 0 0 0 0 0 0 0 1 5 0 11 0 6 0 0 0 13 0 10 52 245 254 255 191 23 0 0 0 14 6 0 0 0 0 0 3 6 0 0 0 9 0 7 3 10 0 152 225 255 246 218 41 0 0 20 0 5 0 0 0 0 0 3 0 0 0 3 7 8 1 1 0 0 17 197 255 254 247 228 234 185 3 0 0 0 0 0 0 0 0 0 0 10 4 1 0 0 1 4 0 14 147 255 251 244 255 251 165 53 0 0 1 0 2 0 0 0 0 0 0 0 0 0 0 0 0 0 7 30 246 255 246 255 250 108 23 0 9 5 0 1 0 0 0 0 0 0 0 0 0 0 0 0 0 4 2 0 179 255 244 247 176 29 0 0 7 0 0 5 0 0 0 0 0 0 0 0 0 0 0 0 0 0 6 0 33 240 219 18 1 0 0 4 7 0 0 7 0 0 0 0 0 0 0 0 0 0 0 0 0 2 0 20 3 0 0 14 0 5 2 6 2 0 4 7 0 0 0 0 0
0 0 0 0 0 0 0 0 5 0 2 3 0 0 8 0 0 0 0 0 7 8 0 6 0 0 0 0 0 0 0 0 0 0 0 0 0 0 0 3 6 0 0 0 8 0 20 8 0 0 18 0 0 0 0 0 0 0 0 0 0 0 0 0 4 10 0 0 7 0 0 11 0 0 0 1 9 4 1 0 0 0 0 0 0 0 0 0 0 0 0 0 0 4 0 0 0 2 2 0 0 21 10 1 8 0 0 3 0 0 0 0 0 0 0 0 0 0 0 0 1 0 0 12 2 3 7 0 7 0 0 5 0 0 8 0 0 0 0 0 0 0 0 0 0 0 0 0 19 0 0 11 0 0 0 9 0 24 0 0 12 0 1 0 0 0 0 0 0 0 0 0 0 0 0 0 0 9 3 0 5 0 10 49 62 206 128 0 0 4 0 0 0 0 0 0 0 0 0 0 0 0 0 0 76 179 188 162 205 220 211 248 255 250 101 2 1 0 2 7 0 0 0 0 0 0 0 0 0 0 0 0 55 192 100 130 255 243 217 251 253 229 34 7 1 0 0 0 0 0 0 0 0 0 0 0 0 0 0 0 0 5 0 21 32 27 37 62 249 213 0 0 0 2 1 0 0 0 0 0 0 0 0 0 0 0 0 0 8 0 0 8 0 0 1 127 255 182 0 0 4 3 1 0 0 0 0 0 0 0 0 0 0 0 0 0 1 6 4 0 4 0 0 214 254 106 5 8 6 0 1 1 0 0 0 0 0 0 0 0 0 0 0 0 0 1 3 3 0 0 51 242 243 14 3 0 0 0 2 1 0 0 0 0 0 0 0 0 0 0 0 0 0 0 0 4 0 0 109 253 232 0 4 0 2 0 5 0 0 0 0 0 0 0 0 0 0 0 0 0 2 14 2 0 9 0 121 250 170 3 6 0 5 4 1 0 0 0 0 0 0 0 0 0 0 0 0 0 7 0 2 0 5 0 153 255 76 8 0 0 0 0 0 2 0 0 0 0 0 0 0 0 0 0 0 0 0 0 10 0 0 18 196 214 0 0 0 0 0 0 0 0 0 0 0 0 0 0 0 0 0 0 0 0 0 4 0 0 21 35 249 199 0 0 0 0 0 0 0 0 0 0 0 0 0 0 0 0 0 0 0 0 0 5 0 0 12 56 255 191 0 0 0 0 0 0 0 0 0 0 0 0 0 0 0 0 0 0 0 0 0 0 9 2 0 111 249 189 0 0 0 0 0 0 0 0 0 0 0 0 0 0 0 0 0 0 0 0 12 0 0 4 1 157 255 154 0 0 0 0 0 0 0 0 0 0 0 0 0 0 0 0 0 0 0 0 5 4 0 0 9 142 255 77 0 0 0 0 0 0 0 0 0 0 0 0 0 0 0 0 0 0 0 0 0 9 2 0 1 163 253 14 0 0 0 0 0 0 0 0 0 0 0 0 0 0 0 0 0 0 0 0 0 3 4 0 4 250 255 0 0 0 0 0 0 0 0 0 0 0 0 0 0 0 0 0 0 0 0 0 6 1 0 6 0 241 255 54 0 0 0 0 0 0 0 0 0 0 0 0 0 0 0 0 0 0 0 0 0 12 0 0 21 250 255 84 0 0 0 0 0 0 0 0 0 0 0 0 0 0 0 0 0 0 0 0 1 7 0 8 0 7 3 3 0 0 0 0 0 0 0 0 0 0 0 0 0 0 0 0 0 0 0 0 0 0 2 10 10 0 0 8 0 0 0 0 0 0 0 0 0 0 0 0
0 0 0 0 0 0 0 0 0 0 0 0 0 0 0 0 0 0 0 0 0 0 0 0 0 0 0 0 0 0 0 0 0 0 0 0 0 0 0 0 0 0 0 0 0 0 0 0 0 0 0 0 0 0 0 0 0 0 0 0 0 0 0 0 0 0 0 0 0 0 0 0 0 0 0 0 0 0 0 0 0 0 0 0 0 0 0 0 0 0 0 0 0 0 0 0 0 0 0 0 0 0 0 0 0 0 0 0 0 0 0 0 0 0 0 0 0 0 0 0 0 0 0 0 0 0 0 0 0 0 0 0 0 0 0 0 0 0 0 0 0 0 0 0 0 0 0 0 0 0 0 0 0 0 0 0 0 0 0 0 0 0 0 0 0 0 0 0 0 0 0 0 0 0 0 0 0 0 0 0 0 0 0 0 0 0 0 0 0 0 0 0 0 0 0 0 0 0 0 0 0 0 0 0 0 0 0 0 0 0 0 0 0 0 0 0 0 0 0 0 0 0 0 0 0 2 3 7 0 0 4 0 0 43 150 249 255 115 115 124 255 184 162 242 172 60 0 0 0 0 0 0 2 2 0 0 0 10 6 0 49 218 252 255 246 245 246 255 248 255 244 253 255 194 5 0 0 0 0 0 0 0 8 0 0 0 0 26 168 252 244 255 236 255 255 245 247 243 248 255 247 240 154 0 0 0 0 0 8 0 7 0 0 0 32 170 251 254 249 250 247 240 255 239 255 253 255 239 255 252 166 13 0 0 0 0 8 0 4 0 0 0 32 164 178 74 0 12 94 13 0 16 89 147 250 252 236 255 37 0 0 0 0 0 0 0 3 0 9 6 0 15 17 30 2 0 0 8 0 0 0 33 229 131 53 27 13 0 0 0 0 0 2 2 0 0 0 12 6 0 0 0 0 15 0 3 10 25 108 228 249 204 3 3 0 6 0 0 0 0 0 5 7 6 0 0 5 3 0 7 3 0 1 0 42 165 255 243 210 102 0 4 3 1 0 0 0 0 0 0 0 0 0 0 0 0 9 0 17 5 0 15 64 255 255 255 38 0 16 0 0 0 0 0 0 0 0 0 0 0 0 0 0 0 0 15 0 0 9 65 211 252 195 41 3 12 0 0 3 0 0 0 0 0 0 0 0 0 0 0 0 0 2 7 9 4 0 255 237 242 68 0 13 3 0 0 0 6 0 0 0 0 0 0 0 0 0 0 0 0 1 0 0 32 154 241 216 86 0 6 16 0 1 0 0 8 0 0 0 0 0 0 0 0 0 0 0 0 6 9 35 219 238 214 20 2 1 3 0 6 1 1 7 0 0 0 0 0 0 0 0 0 0 0 0 0 0 132 219 253 255 26 2 0 2 0 0 11 0 7 0 0 0 0 0 0 0 0 0 0 0 0 0 0 4 255 255 198 71 0 0 7 0 13 15 0 0 4 0 4 0 0 0 0 0 0 0 0 0 0 0 0 84 239 255 70 1 10 4 0 5 2 0 0 15 0 14 0 0 0 0 0 4 0 7 0 5 5 0 42 255 248 114 20 0 0 17 0 0 0 0 0 0 0 0 0 0 0 0 0 4 0 0 6 5 0 20 150 255 160 5 0 0 0 0 12 0 0 0 0 0 0 0 0 0 0 0 0 12 1 9 0 0 0 5 82 212 136 33 0 0 15 0 6 0 0 0 0 0 0 0 0 0 0 0 0 0 3 8 0 0 16 0 0 0 106 185 17 4 0 2 0 0 0 0 0 0 0 0 0 0 0 0 0
0 0 0 0 0 0 0 0 0 0 0 0 0 0 0 0 0 6 0 1 0 0 11 0 0 0 0 0 0 0 0 0 0 0 0 0 0 0 0 0 0 0 0 0 4 14 0 0 4 0 0 0 0 0 0 0 0 0 0 0 0 0 0 0 0 0 0 1 1 0 0 0 0 0 2 16 0 0 10 0 0 0 0 0 0 0 0 0 0 0 0 0 0 0 0 1 1 0 0 0 2 0 0 4 0 0 5 7 0 0 0 0 0 0 0 0 0 0 0 0 0 0 0 0 0 0 0 0 0 7 0 0 16 7 0 0 0 0 0 0 0 0 0 0 0 0 0 0 0 0 0 0 0 0 0 0 6 0 13 6 0 0 10 9 0 0 0 0 0 0 0 0 0 0 0 0 4 2 0 0 0 0 2 4 0 0 12 0 0 8 0 0 0 0 0 0 0 0 0 0 0 0 0 0 7 5 2 0 0 2 5 7 37 152 140 141 255 208 9 2 0 0 0 0 1 1 9 0 4 0 0 104 216 197 186 111 133 146 189 206 255 250 252 243 243 238 4 10 0 0 0 0 0 0 0 0 1 6 12 100 255 243 249 241 255 255 255 241 242 240 248 255 255 54 1 0 0 0 0 0 12 0 9 0 1 0 0 24 131 255 255 208 185 173 105 95 90 42 255 250 104 1 17 10 0 0 0 0 0 0 6 5 1 4 0 0 39 213 255 141 0 10 0 6 0 129 255 250 11 0 0 0 0 0 0 0 2 0 3 0 0 5 9 5 0 62 255 255 14 2 11 0 17 246 237 234 5 3 4 11 0 0 0 0 6 5 9 2 0 0 0 0 1 0 242 255 25 0 11 1 126 246 254 119 0 8 0 0 0 0 0 0 0 0 0 3 4 1 0 0 0 8 255 222 34 1 0 10 178 255 195 4 6 8 0 6 0 0 0 0 1 7 0 0 2 0 2 2 7 0 255 174 5 0 13 66 255 236 155 17 0 0 9 0 0 0 0 0 0 0 0 0 0 0 0 0 0 10 36 8 0 0 0 240 248 239 54 3 8 0 12 0 0 0 0 0 0 0 0 0 0 0 0 0 10 1 6 1 6 0 96 238 255 138 0 0 0 0 0 0 0 0 0 0 0 0 0 0 0 0 0 0 0 1 0 0 6 37 240 255 241 48 0 0 5 4 3 3 0 0 0 0 0 0 0 0 0 0 0 0 0 6 4 5 0 61 255 252 142 0 1 2 0 1 6 0 0 0 0 0 0 0 0 0 0 0 0 0 6 0 0 11 6 131 241 255 48 0 9 0 0 0 4 0 0 0 0 0 0 0 0 0 0 0 0 0 0 7 0 0 67 241 255 207 16 9 1 1 10 0 2 4 0 0 0 0 0 0 0 0 0 0 0 0 0 16 4 0 146 255 236 65 2 0 0 0 0 0 0 4 0 0 0 0 0 0 0 0 0 0 0 0 4 0 0 33 245 244 219 0 0 0 3 5 0 13 0 7 0 0 0 0 0 0 0 0 0 0 0 0 7 0 13 142 236 255 133 2 0 0 0 0 0 0 0 0 0 0 0 0 0 0 0 0 0 0 0 0 0 3 0 193 255 241 20 4 0 0 0 0 0 0 0 0 0 0 0 0 0 0 0 0 0 0 0 0 4 7 22 112 238 134 5 0 0 0 0 0 0 0 0 0 0 0 0 0 0 0 0 0 0 0 0 0 9 0 0 0 13 4 1 3 0 0 0 0 0 0 0 0 0 0 0 0
0 0 0 0 0 0 0 0 0 3 0 0 3 6 3 5 0 4 6 0 0 0 0 0 0 0 0 0 0 0 0 0 0 0 0 0 0 0 0 2 0 0 0 0 4 0 0 0 0 0 2 11 0 0 0 0 0 0 0 0 0 0 0 0 2 0 1 10 3 0 4 9 1 0 4 9 10 4 0 0 0 0 0 0 0 0 0 0 0 0 0 0 9 0 1 1 0 0 0 0 0 1 0 0 0 2 5 0 0 0 0 0 0 0 0 0 0 0 0 0 0 0 1 0 0 9 10 0 5 9 8 1 0 3 5 2 0 0 0 0 0 0 0 0 0 0 0 0 0 6 2 0 5 7 0 0 0 0 0 1 3 0 0 5 0 0 0 0 0 0 0 0 0 0 0 0 5 16 0 0 7 0 0 21 9 6 0 0 2 11 6 0 0 0 0 0 0 0 0 0 0 0 0 0 0 5 0 5 46 44 65 145 202 247 255 235 221 206 129 34 0 0 0 0 0 0 0 2 0 14 0 2 37 83 159 199 255 241 255 251 255 242 255 242 250 255 247 165 0 0 0 0 5 2 0 1 0 13 138 240 233 255 255 236 236 255 235 255 242 244 255 255 255 240 246 133 0 0 0 0 0 0 3 0 39 235 248 234 255 241 255 253 201 186 94 77 78 40 238 242 246 255 117 2 0 0 0 0 4 0 8 1 40 245 255 255 255 140 66 44 0 0 15 0 5 156 251 247 255 150 13 12 0 0 0 0 0 6 0 0 73 120 190 75 8 0 0 5 5 0 12 0 91 255 255 255 166 12 0 0 0 0 0 0 14 0 0 12 30 0 24 5 0 9 3 0 4 5 0 102 255 219 255 193 6 3 20 2 0 0 0 0 0 4 16 3 0 14 0 0 4 3 4 0 3 0 23 211 254 249 252 112 8 0 0 0 0 0 0 0 4 4 0 0 15 0 7 0 2 0 7 0 6 0 142 251 250 255 177 0 7 0 9 1 0 0 0 0 0 0 0 0 0 0 0 0 0 7 0 0 3 138 251 248 247 199 18 0 15 0 0 7 0 0 0 0 0 0 0 0 0 0 0 0 9 7 0 11 27 212 255 245 235 89 0 2 2 0 6 0 0 0 0 0 0 0 0 0 0 0 0 0 0 0 0 9 98 255 233 255 159 0 0 3 0 0 6 0 0 0 0 0 0 0 0 0 0 0 0 0 3 11 0 85 217 255 255 237 44 0 8 0 0 5 0 1 0 0 0 0 0 0 0 0 0 0 0 0 10 0 9 191 255 232 246 71 0 6 4 0 0 6 0 3 0 0 0 0 0 0 0 0 0 0 0 0 5 0 150 255 254 255 122 6 1 4 0 13 0 0 8 0 0 0 0 0 0 0 0 0 0 0 0 0 0 61 244 246 230 206 0 6 13 0 0 7 0 0 12 0 0 0 0 0 0 0 0 0 0 0 0 0 39 163 242 254 238 90 8 0 0 4 10 0 7 0 1 0 0 0 0 0 0 14 1 0 4 3 0 5 68 255 255 239 175 14 0 7 0 0 0 0 0 0 0 0 0 0 0 0 0 1 0 4 11 0 8 67 252 252 255 240 89 0 9 0 0 0 0 0 0 0 0 0 0 0 0 0 4 0 0 6 7 0 3 68 162 116 152 151 61 10 7 3 0 0 0 0 0 0 0 0 0 0 0 0 1 5 0 0 0 0 0 11 0 0 8 0 3 3 0 0 0 0 0 0 0 0 0 0 0 0 0 0
0 0 0 0 0 0 0 0 1 0 0 3 0 3 8 4 0 5 0 1 0 0 3 0 0 0 0 0 0 0 0 0 0 0 0 0 0 4 10 4 0 1 0 0 2 2 1 0 4 0 4 0 0 0 0 0 0 0 0 0 0 0 0 0 8 0 0 2 0 0 3 17 1 0 6 0 3 3 6 0 0 0 0 0 0 0 0 0 0 0 0 0 0 3 11 7 0 4 4 0 0 0 15 0 2 0 1 0 0 0 0 0 0 0 0 0 0 0 0 0 6 0 0 0 0 0 1 2 0 0 13 0 6 0 0 0 0 0 0 0 0 0 0 0 0 0 0 0 5 0 0 2 1 8 9 0 13 8 0 3 5 0 4 0 0 0 0 0 0 0 0 0 0 0 0 0 0 13 14 0 36 148 202 174 121 81 0 4 0 0 10 1 0 0 0 0 0 0 0 0 0 0 0 0 9 14 81 185 244 252 251 255 255 179 6 14 0 0 7 0 0 0 0 0 0 0 0 0 0 0 0 0 0 203 247 246 244 199 106 84 252 243 67 0 0 12 0 0 0 0 0 0 0 0 0 0 0 0 0 0 0 151 255 203 102 0 9 0 214 255 119 9 5 0 8 0 0 0 0 0 0 0 0 0 0 0 0 0 9 4 43 0 0 0 22 0 247 231 17 0 0 0 0 9 0 0 0 0 0 0 0 0 0 0 0 0 0 0 15 0 0 18 0 90 248 183 3 4 0 18 1 0 0 0 0 0 0 0 0 0 0 0 0 0 4 0 0 7 0 0 33 237 255 104 21 0 12 0 5 0 0 0 0 0 0 0 0 0 0 0 0 0 0 19 0 4 4 0 150 255 231 27 0 0 0 0 1 18 0 0 0 0 0 0 0 0 0 0 0 0 0 2 8 0 56 103 250 242 255 210 175 110 4 13 0 0 0 0 0 0 0 0 0 0 0 0 0 0 5 48 174 186 255 254 255 255 249 224 169 74 6 0 0 1 0 0 0 0 0 2 3 0 0 0 8 15 168 255 255 247 255 252 248 229 60 33 6 0 0 0 0 0 0 0 0 0 0 2 3 1 0 0 5 11 179 211 152 97 41 210 248 112 14 3 0 0 1 0 0 2 0 0 0 0 0 1 3 1 0 0 2 6 11 10 0 11 27 242 254 44 0 0 1 4 2 0 0 2 0 0 0 0 0 0 2 2 0 0 0 1 5 0 0 11 168 254 181 0 4 5 5 3 0 0 0 4 0 0 0 0 0 0 2 2 0 0 0 0 1 11 12 1 255 255 140 19 0 0 0 0 0 1 3 4 0 0 0 0 0 0 1 1 1 0 0 0 0 0 2 24 255 251 73 0 0 0 0 0 3 5 1 0 0 0 0 0 1 0 0 0 1 1 1 1 13 0 0 35 250 244 53 0 2 5 6 3 3 4 0 0 0 0 0 0 2 0 0 0 1 2 3 2 0 1 2 14 254 255 65 0 0 1 1 0 0 0 4 2 0 0 0 0 0 0 0 0 0 0 0 0 2 0 7 0 166 255 117 0 0 0 0 0 0 0 0 0 0 0 0 0 0 0 0 0 0 0 0 0 0 22 0 26 32 172 27 4 0 0 0 0 0 0 0 0 0 0 0 0 0 0 0 0 0 0 0 0 0 3 1 0 0 23 0 0 0 0 0 0 0 0 0 0 0 0 0 0 0 0 0 0 0 0 0 0 3 0 4 0 0 0 2 0 0 0 0 0 0 0 0 0 0 0 0 0
0 0 0 0 0 0 0 0 3 12 0 18 0 0 2 7 0 0 0 0 0 0 0 0 0 0 0 0 0 0 0 0 0 0 0 0 0 8 0 0 0 5 5 0 0 0 0 0 0 0 0 0 0 0 0 0 0 0 0 0 0 0 0 0 2 0 0 0 5 1 0 2 0 0 0 0 0 0 0 0 0 0 0 0 0 0 0 0 0 0 0 0 3 0 0 5 5 0 0 6 0 0 0 0 0 0 0 0 0 0 0 0 0 0 0 0 0 0 0 0 0 13 0 0 0 2 8 0 0 0 0 0 0 0 0 0 0 0 0 0 0 0 0 0 0 0 0 0 0 0 0 1 6 0 0 0 0 0 0 0 0 0 0 0 0 0 0 0 0 0 0 0 0 0 0 0 2 14 100 12 8 0 0 9 0 0 0 0 0 0 0 0 0 0 0 0 0 0 0 0 0 0 0 0 10 96 253 18 0 8 8 0 0 0 0 0 0 0 0 0 0 0 0 0 0 0 0 0 0 0 0 0 52 250 145 3 0 0 13 0 0 0 8 0 17 3 0 0 0 0 0 0 0 0 0 0 0 0 0 0 95 253 82 18 0 0 0 99 179 191 206 55 0 0 15 16 0 0 0 0 0 0 0 0 0 0 0 0 0 224 255 213 167 185 241 252 255 177 237 82 1 6 0 0 0 0 0 0 0 0 0 0 0 0 0 0 0 34 141 211 255 166 165 94 0 1 255 77 9 9 0 0 0 0 0 0 0 0 0 0 0 0 0 0 0 16 0 0 5 0 3 0 4 11 251 0 0 0 3 0 0 0 0 0 0 0 0 0 0 0 0 0 3 0 0 5 4 7 2 1 0 98 244 15 13 0 6 9 0 0 0 0 0 0 0 0 0 0 0 0 15 0 14 5 0 0 7 0 5 235 161 0 0 0 12 0 0 0 0 0 0 0 0 0 0 0 0 0 0 12 8 0 3 11 0 8 24 255 16 1 10 0 0 0 0 0 0 0 0 0 0 0 0 0 0 0 3 0 0 14 0 0 0 2 189 239 12 3 0 13 1 0 0 0 0 0 0 0 0 0 0 0 0 0 7 0 0 3 3 13 6 0 233 142 0 1 1 0 0 4 0 0 0 0 0 0 0 0 0 0 0 0 3 0 5 0 0 0 6 49 255 48 0 0 8 0 0 8 0 0 0 0 0 0 0 0 0 0 0 0 0 0 12 0 1 3 3 146 243 11 8 0 3 0 8 0 0 0 0 0 0 0 0 0 0 0 0 0 0 0 3 0 11 4 0 179 158 8 4 0 0 0 5 0 0 0 0 0 0 0 0 0 0 0 0 0 7 2 0 0 0 0 16 221 74 8 0 5 4 0 0 0 0 0 0 0 0 0 0 0 0 0 0 0 0 0 4 0 0 5 140 250 26 4 0 10 7 0 1 6 0 0 0 0 0 0 0 0 0 0 0 0 4 0 0 0 1 0 173 144 5 0 0 2 0 0 5 0 0 0 0 0 0 0 0 0 0 0 0 0 13 0 9 0 0 27 255 56 0 0 0 0 0 0 0 0 0 0 0 0 0 0 0 0 0 0 0 0 0 21 5 0 22 160 238 6 0 0 0 0 0 0 0 0 0 0 0 0 0 0 0 0 0 0 0 0 1 0 0 25 0 0 0 0 0 0 0 0 0 0 0 0 0 0 0 0 0 0 0 0 0 0 0 0 7 0 0 0 4 13 11 0 0 0 0 0 0 0 0 0 0 0 0 0
0 0 0 0 0 0 0 0 0 0 0 0 0 0 0 0 0 0 0 0 0 0 0 0 0 0 0 0 0 0 0 0 0 0 0 0 0 0 0 0 0 0 0 0 0 0 0 0 0 0 0 0 0 0 0 0 0 0 0 0 0 0 0 0 0 0 0 0 0 0 0 0 0 0 0 0 0 0 0 0 0 0 0 0 0 0 0 0 0 0 0 0 0 0 0 0 0 0 0 0 0 0 0 0 0 0 0 0 0 0 0 0 0 0 0 0 0 0 0 0 0 0 0 0 0 0 0 0 0 0 0 0 0 0 0 0 0 0 0 0 0 0 0 0 0 0 0 0 0 0 0 0 0 0 0 0 0 0 0 0 0 0 0 0 0 0 0 0 0 0 0 0 0 0 0 0 0 0 0 0 0 0 0 0 0 0 0 0 0 0 0 0 0 0 0 0 0 0 0 0 0 0 0 0 0 0 0 0 0 0 0 0 0 0 0 0 0 0 0 0 0 0 0 0 10 0 5 0 0 10 4 0 0 0 8 0 7 0 5 0 0 8 0 0 11 0 0 3 0 0 0 0 6 0 1 11 0 0 9 1 7 0 3 0 54 56 48 5 0 6 13 0 0 8 0 2 0 0 0 0 5 17 0 0 107 152 220 237 233 225 231 214 247 245 245 214 233 221 220 232 224 225 127 2 0 0 0 0 0 0 0 100 255 234 252 252 242 252 255 255 254 252 255 255 255 255 248 255 252 247 218 0 0 0 0 0 12 0 19 207 255 250 237 182 192 196 186 219 184 175 141 152 176 195 175 180 232 241 222 10 0 0 0 0 0 0 4 255 248 198 56 0 0 0 0 35 10 19 0 13 0 7 0 33 225 255 139 0 0 0 0 0 16 8 0 225 255 145 0 12 2 6 0 5 0 0 0 7 1 1 0 77 240 255 100 8 0 0 0 0 0 7 0 49 95 49 9 0 0 2 11 0 4 2 9 0 5 0 1 165 255 248 110 3 0 0 0 0 0 0 0 0 0 0 0 0 0 0 0 0 0 0 0 0 0 16 19 223 255 220 17 0 0 0 0 0 0 0 0 0 0 0 0 0 0 0 0 0 0 0 0 0 12 0 129 254 235 57 0 0 0 0 0 0 0 0 0 0 0 0 0 0 0 0 0 0 0 0 0 0 7 59 255 253 233 3 3 2 0 0 0 0 0 0 0 0 0 0 0 0 0 0 0 0 0 0 0 0 0 78 252 249 184 0 0 6 0 0 0 0 0 0 0 0 0 0 0 0 0 0 0 0 0 0 0 0 4 123 255 227 66 0 16 7 0 0 0 0 0 0 0 0 0 0 0 0 0 0 0 0 0 0 0 0 28 201 249 114 0 0 14 0 0 0 0 0 0 0 0 0 0 0 0 0 0 0 0 0 0 0 0 0 93 254 243 80 16 0 0 14 0 0 0 0 0 0 0 0 0 0 0 0 0 0 0 0 0 0 0 0 78 249 255 79 0 0 7 0 0 0 0 0 0 0 0 0 0 0 0 0 0 0 0 0 0 0 0 0 168 255 215 17 6 3 7 0 0 0 0 0 0 0 0 0 0 0 0 0 0 0 0 0 0 0 0 0 197 248 173 9 0 0 0 8 0 0 0 0 0 0 0 0 0 0 0 0 0 0 0 0 0 0 0 0 51 83 56 4 4 3 0 0 0 0 0 0 0 0 0 0 0 0 0 0 0 0 0 0 0 0 0 0 0 0 0 0 0 6 0 5 0 0 0 0
0 0 0 0 0 0 0 0 0 0 0 1 10 2 0 0 0 0 0 2 2 0 0 2 0 0 0 0 0 0 0 0 0 0 0 0 0 3 3 0 0 0 7 10 7 4 7 6 1 1 1 0 0 0 0 0 0 0 0 0 0 0 0 0 0 0 0 0 0 0 3 0 0 0 0 0 0 0 7 1 0 0 0 0 0 0 0 0 0 0 0 0 4 0 0 10 3 0 0 0 11 4 5 7 1 0 0 0 0 0 0 0 0 0 0 0 0 0 0 0 0 0 4 5 0 0 1 13 0 0 0 3 9 0 0 0 0 0 0 0 0 0 0 0 0 0 0 0 0 8 1 0 2 6 0 0 0 15 0 0 7 5 0 6 0 0 0 0 0 0 0 0 0 0 0 0 0 8 0 0 16 6 0 21 128 159 86 0 4 9 0 1 0 0 0 0 0 0 0 0 0 0 0 0 0 6 0 2 8 0 19 141 240 255 149 0 0 9 0 5 0 0 0 0 6 2 0 8 0 0 0 12 9 0 0 0 8 139 208 247 250 255 134 0 4 1 9 0 0 0 0 0 0 0 0 10 7 9 90 156 50 8 44 129 192 252 241 255 255 209 55 0 3 0 1 0 0 0 0 0 4 6 0 0 0 0 156 255 253 228 244 255 253 229 188 238 255 133 0 3 2 0 3 0 0 0 0 0 0 3 0 5 4 13 152 255 255 248 255 212 108 1 64 255 249 70 0 4 0 1 7 1 0 0 0 0 1 2 2 5 0 0 11 59 73 83 67 4 0 5 121 236 255 25 4 0 0 0 0 0 0 0 0 0 0 0 0 10 0 18 0 10 0 0 1 0 7 3 178 255 255 5 5 0 10 0 0 3 0 0 0 0 11 8 0 0 0 0 0 0 0 12 4 0 0 11 221 243 180 2 2 0 8 0 4 1 0 0 0 0 0 4 0 2 15 0 13 0 1 0 0 13 5 0 231 255 83 1 2 0 0 0 16 0 0 0 0 0 0 0 0 0 0 0 0 0 5 0 5 3 0 33 232 255 88 0 3 0 5 0 0 9 0 0 0 0 0 0 0 0 0 0 0 0 8 0 0 0 0 57 248 255 238 151 130 59 0 5 9 0 0 0 0 0 0 0 0 0 0 0 0 0 4 0 0 0 4 70 255 255 248 231 255 171 12 0 2 0 0 0 0 0 0 0 0 0 0 0 0 0 0 0 9 0 0 64 255 253 222 134 86 53 0 10 10 0 0 0 0 0 0 0 0 0 0 0 0 0 0 1 9 0 0 64 254 248 45 12 0 16 0 0 0 5 0 0 0 0 0 0 0 0 0 0 0 0 3 0 0 0 3 73 255 244 8 0 0 0 6 5 0 12 0 0 0 0 0 0 0 0 0 0 0 0 5 0 0 0 3 68 254 248 35 8 0 0 2 0 0 0 0 0 0 0 0 0 0 0 0 0 0 0 0 0 6 1 0 51 246 254 78 6 0 3 6 0 13 0 0 0 0 0 0 0 0 0 0 0 0 0 4 0 0 4 7 0 214 255 135 6 0 2 0 4 0 0 0 0 0 0 0 0 0 0 0 0 0 0 0 0 17 4 0 0 162 236 88 4 2 3 0 10 0 1 0 0 0 0 0 0 0 0 0 0 0 0 15 0 1 0 1 0 0 1 25 0 7 0 0 9 0 0 0 0 0 0 0 0 0 0 0 0 0 0 0 0 2 0 12 18 0 0 0 0 6 0 0 5 0 1 0 0 0 0
0 0 0 0 0 0 0 0 0 0 0 0 0 0 0 0 0 0 9 0 0 0 0 6 0 0 0 0 0 0 0 0 0 0 0 0 0 0 0 0 0 0 0 0 0 1 0 0 0 16 7 0 0 0 0 0 0 0 0 0 0 0 0 0 0 0 0 0 0 0 0 0 0 2 4 11 1 0 0 4 0 0 0 0 0 0 0 0 0 0 0 0 0 0 0 0 0 0 0 0 0 0 0 5 8 0 8 6 0 0 0 0 0 0 0 0 0 0 0 0 0 0 0 0 0 0 0 0 0 9 4 0 0 0 2 0 0 0 0 0 0 0 0 0 0 0 0 0 0 0 0 0 0 0 0 0 5 0 1 0 3 11 2 12 0 0 0 0 0 0 0 0 0 0 0 0 0 0 0 0 0 0 0 0 6 0 9 0 0 13 0 0 0 0 0 0 0 0 0 0 0 0 0 0 0 0 0 0 0 0 0 0 84 177 246 101 0 7 0 10 0 0 0 0 0 0 0 0 0 0 0 0 0 19 80 168 161 180 227 253 249 255 242 199 1 0 14 0 0 0 0 0 0 0 0 0 0 0 0 0 26 189 252 255 252 254 254 253 252 255 255 50 11 0 0 13 0 0 0 0 0 0 0 0 0 0 0 0 180 255 255 250 251 202 165 104 255 238 168 0 0 15 22 0 0 0 0 0 0 0 0 0 0 0 0 0 137 191 82 0 14 2 0 100 255 255 60 7 0 0 1 0 0 0 0 0 0 0 0 0 0 0 0 0 0 8 0 17 0 4 17 194 255 114 0 0 6 4 0 6 0 0 0 0 0 0 0 0 0 0 0 0 0 16 9 0 7 0 63 255 251 42 0 16 0 0 0 0 0 0 0 0 0 0 0 0 0 0 0 0 2 0 0 0 93 168 255 253 255 255 243 245 217 116 0 4 0 0 0 0 0 0 0 0 0 0 0 0 4 3 0 205 248 253 255 251 248 229 173 88 126 104 12 0 0 0 0 0 0 0 0 0 0 0 0 0 2 2 1 138 154 255 245 89 0 0 0 0 0 0 0 0 0 0 0 0 0 0 0 0 0 0 0 0 14 0 14 0 131 255 214 14 0 0 0 0 0 0 0 0 0 0 0 0 0 0 0 0 0 0 0 0 0 0 10 10 195 244 99 0 0 0 0 0 0 0 0 0 0 0 0 0 0 0 0 0 0 0 0 0 0 14 0 142 255 134 0 4 0 0 0 0 0 0 0 0 0 0 0 0 0 0 0 0 0 0 0 0 3 8 0 199 233 29 0 0 0 0 0 0 0 0 0 0 0 0 0 0 0 0 0 0 0 0 0 0 4 0 89 255 121 9 9 0 0 0 0 0 0 0 0 0 0 0 0 0 0 0 0 0 0 0 0 0 0 9 196 252 46 13 0 2 0 0 0 0 0 0 0 0 0 0 0 0 0 0 0 0 0 0 0 0 0 51 255 133 17 0 0 4 0 0 0 0 0 0 0 0 0 0 0 0 0 0 0 0 0 0 0 0 6 151 255 61 0 0 13 0 0 0 0 0 0 0 0 0 0 0 0 0 0 0 0 0 0 0 0 0 7 173 192 3 0 8 0 0 0 0 0 0 0 0 0 0 0 0 0 0 0 0 0 0 0 0 0 0 0 193 51 10 20 0 33 2 0 0 0 0 0 0 0 0 0 0 0 0 0 0 0 0 0 0 0 0 0 12 9 0 0 15 0 3 0 0 0 0 0 0 0 0 0 0 0 0
0 0 0 0 0 0 0 0 0 0 2 4 0 1 4 0 0 3 6 2 0 0 0 2 0 0 0 0 0 0 0 0 0 0 0 0 0 7 6 0 0 0 2 0 0 0 0 0 3 6 5 2 0 0 0 0 0 0 0 0 0 0 0 0 0 0 0 7 13 3 0 10 8 4 1 2 4 3 0 0 0 0 0 0 0 0 0 0 0 0 0 0 8 5 0 0 1 0 0 3 0 0 0 0 0 0 0 0 0 0 0 0 0 0 0 0 0 0 0 0 0 8 6 0 4 17 9 0 3 4 5 4 2 0 0 0 0 0 0 0 0 0 0 0 0 0 0 0 10 0 0 0 0 0 2 1 0 0 0 0 0 3 0 0 0 0 0 0 0 0 0 0 0 0 0 0 2 0 16 19 0 0 13 0 4 6 6 2 0 0 1 6 0 0 0 0 0 0 0 0 0 0 0 0 0 114 242 255 241 255 245 129 116 124 117 79 26 0 0 6 0 0 0 0 0 0 10 9 0 0 0 7 137 231 255 255 190 253 251 251 239 255 255 229 137 9 0 14 0 0 0 0 8 0 0 0 3 11 0 0 194 254 255 101 14 42 158 154 203 246 244 255 197 1 6 0 0 0 0 0 0 0 4 1 3 0 0 31 208 255 161 24 0 0 0 4 11 102 252 255 232 0 9 5 0 0 0 0 1 0 0 0 0 0 39 144 255 193 13 5 0 21 2 6 15 122 249 234 162 3 0 0 0 0 0 0 0 0 6 5 10 0 0 16 173 93 7 10 5 0 0 0 11 215 250 250 72 0 0 12 0 0 0 0 0 9 4 0 0 18 8 15 0 9 0 0 12 6 0 12 183 255 238 106 0 0 5 0 0 0 0 0 0 1 13 0 0 6 0 0 0 0 5 16 0 9 0 15 238 237 255 44 7 0 1 1 0 0 0 0 11 0 0 5 2 0 0 6 0 8 3 0 4 0 5 187 253 242 213 36 0 0 8 0 0 0 0 0 0 0 0 0 0 0 0 0 0 10 2 6 0 0 69 235 248 246 119 12 0 0 3 2 0 0 0 0 0 0 0 0 0 0 0 0 0 9 0 0 12 13 189 255 255 155 23 0 0 5 7 0 0 0 0 0 0 0 0 0 0 0 0 0 0 3 9 3 3 117 224 244 188 45 0 0 1 0 0 0 0 0 0 0 0 0 0 0 0 0 0 0 2 0 0 0 58 240 255 215 51 0 5 18 0 0 0 0 0 0 0 0 0 0 0 0 0 0 0 0 13 0 14 50 247 250 213 26 0 0 7 0 0 9 0 3 0 0 0 0 0 0 0 0 0 0 0 0 0 7 8 182 242 255 84 13 2 6 0 0 6 8 0 4 0 0 0 0 0 0 0 0 0 0 0 0 7 31 199 252 255 131 0 0 0 11 1 3 8 0 0 1 0 0 0 0 0 0 0 0 0 0 0 0 0 75 255 248 206 7 1 0 0 9 0 2 0 0 14 0 0 0 0 0 0 0 0 0 0 0 0 0 57 232 250 235 37 0 12 0 0 0 0 0 0 0 0 0 0 0 0 0 0 0 0 0 0 0 0 0 203 250 210 24 1 0 0 5 0 0 0 0 0 0 0 0 0 0 0 0 0 0 0 0 0 0 0 0 185 246 32 19 0 2 4 2 0 0 0 0 0 0 0 0 0 0 0 0 0 0 0 0 0 0 0 0 11 0 0 0 0 26 0 9 0 0 0 0 0 0 0 0 0 0 0 0
0 0 0 0 0 0 0 0 6 0 0 0 6 0 0 5 1 2 2 1 0 0 1 4 0 0 0 0 0 0 0 0 0 0 0 0 0 11 0 2 3 2 13 0 0 0 0 1 0 0 0 0 0 0 0 0 0 0 0 0 0 0 0 0 5 0 0 5 0 0 1 3 0 0 0 1 2 2 0 0 0 0 0 0 0 0 0 0 0 0 0 0 7 0 16 0 0 8 0 0 3 1 0 1 3 3 2 0 0 0 0 0 0 0 0 0 0 0 0 0 9 0 8 11 7 5 0 7 3 1 0 0 0 1 2 2 0 0 0 0 0 0 0 0 0 0 0 0 0 6 0 0 3 0 3 0 0 0 0 0 0 0 0 2 0 0 0 0 0 0 0 0 0 0 0 0 3 10 104 190 215 117 0 8 0 1 7 6 1 0 0 2 0 0 0 0 0 0 0 0 0 0 0 0 4 114 241 100 133 252 69 0 0 4 14 15 8 1 1 5 0 0 0 0 0 4 1 0 3 5 0 2 46 252 89 6 10 188 146 0 0 40 211 211 4 1 0 2 0 0 0 0 0 4 0 0 1 0 0 5 149 159 13 0 0 124 245 186 176 223 247 198 0 5 0 10 0 0 0 0 0 1 0 0 2 0 0 18 218 1 0 4 0 21 76 142 129 134 254 128 0 0 12 0 0 0 0 0 0 0 0 2 6 0 7 33 81 0 2 1 12 0 0 0 0 146 210 0 14 0 0 5 0 0 0 0 0 0 0 3 6 0 7 32 0 8 12 0 0 4 12 4 32 255 114 0 0 0 24 0 0 0 0 0 1 3 0 0 2 0 0 16 16 0 1 0 0 5 0 13 149 200 9 1 13 4 0 1 0 0 0 0 0 6 1 0 1 0 0 2 0 14 0 11 2 0 11 30 254 30 0 7 0 0 2 6 0 0 0 0 0 7 3 0 3 3 0 0 0 0 12 0 0 0 1 171 177 13 14 0 12 6 0 0 0 0 0 0 0 0 0 0 0 0 0 0 8 0 0 1 10 0 59 247 32 0 0 12 1 0 6 0 0 0 0 0 0 0 0 0 0 0 0 0 0 7 52 190 192 154 224 160 2 7 26 20 0 0 10 0 0 0 0 0 0 0 0 0 0 0 0 0 5 38 245 231 153 237 236 245 219 229 210 119 12 0 5 9 0 0 0 0 0 0 0 0 0 0 0 0 2 43 35 7 0 158 251 178 163 90 23 0 0 9 7 0 0 0 0 0 0 0 0 0 0 0 0 0 0 9 12 3 20 207 156 3 17 0 0 7 4 0 0 10 0 0 0 0 0 0 0 0 0 0 0 0 3 0 0 0 129 255 82 0 0 0 5 6 3 0 0 0 0 0 0 0 0 0 0 0 0 0 0 0 0 0 21 21 214 189 0 8 6 10 0 0 0 4 5 5 0 0 0 0 0 0 0 0 0 0 0 0 2 0 0 76 255 94 6 0 0 3 5 3 4 0 0 5 0 0 0 0 0 0 0 0 0 0 0 0 12 0 0 161 223 25 3 0 0 0 0 0 0 0 0 0 0 0 0 0 0 0 0 0 0 0 0 0 0 0 4 156 89 12 0 0 0 0 0 0 0 0 0 0 0 0 0 0 0 0 0 0 0 0 0 0 0 14 0 14 2 0 0 5 0 0 0 0 0 0 0 0 0 0 0 0 0 0 0 0 0 0 0 0 0 5 8 0 22 2 4 0 0 0 0 0 0 0 0 0 0 0 0 0
0 0 0 0 0 0 0 0 1 0 1 6 0 0 0 6 0 0 0 0 0 0 0 0 0 0 0 0 0 0 0 0 0 0 0 0 5 0 0 0 0 2 1 0 0 0 0 0 0 0 0 0 0 0 0 0 0 0 0 0 0 0 0 0 0 3 8 6 4 4 0 0 0 0 0 0 0 0 0 0 0 0 0 0 0 0 0 0 0 0 0 0 0 0 1 0 0 0 3 9 0 0 0 0 0 0 0 0 0 0 0 0 0 0 0 0 0 0 0 0 0 0 0 3 7 0 0 1 0 0 0 0 0 0 0 0 0 0 0 0 0 0 0 0 0 0 0 0 9 8 6 2 0 0 0 8 0 0 0 0 0 0 0 0 0 0 0 0 0 0 0 0 0 0 0 0 0 0 0 0 5 17 9 0 0 0 0 0 0 0 0 0 0 0 0 0 0 0 0 0 0 0 0 0 14 57 116 184 253 253 142 12 0 0 0 0 0 0 0 0 0 0 0 0 10 0 0 0 9 0 25 180 255 252 254 255 241 255 232 75 0 13 1 0 0 0 0 4 0 0 0 0 0 0 17 0 0 0 52 196 188 133 138 206 229 215 255 147 0 0 0 2 4 0 0 0 0 0 0 0 2 0 3 0 6 13 0 20 5 0 0 13 8 6 224 204 5 0 0 2 6 1 0 0 0 0 0 0 3 0 9 0 0 4 0 0 0 12 7 0 0 3 221 251 48 0 0 0 1 0 4 0 0 0 0 0 0 0 11 2 0 0 11 18 1 5 0 0 11 1 123 242 87 2 2 0 0 0 7 0 0 0 0 0 5 0 0 4 8 7 0 0 0 14 5 3 1 0 72 255 110 0 2 0 2 0 8 0 0 0 0 0 0 3 0 0 0 0 5 10 0 2 0 0 2 11 67 246 132 0 3 0 3 0 10 0 0 0 0 0 0 7 0 0 0 0 2 1 2 2 0 0 0 0 80 255 153 0 5 0 0 0 13 0 0 0 0 0 0 0 0 0 0 0 0 0 0 0 5 2 0 0 86 250 152 0 0 7 0 0 1 0 0 0 0 0 0 0 0 0 0 0 0 0 1 0 3 0 0 0 81 252 151 0 0 1 0 0 5 2 0 0 0 0 0 0 0 0 0 0 0 0 1 0 1 0 0 1 74 255 155 5 5 5 0 0 4 0 0 0 0 0 0 0 0 0 0 0 0 0 0 0 0 0 2 4 59 255 148 2 6 9 0 1 2 0 0 0 0 0 0 0 0 0 0 0 0 0 0 1 0 0 2 0 32 245 151 0 0 1 0 2 5 0 0 0 0 0 0 0 0 0 0 0 0 0 0 5 0 0 0 0 6 233 196 15 0 0 0 0 4 3 0 0 0 0 0 0 0 0 0 0 0 0 0 8 0 0 1 0 0 239 237 35 0 2 0 0 0 0 0 0 0 0 0 0 0 0 0 0 0 0 0 8 0 0 6 5 4 253 238 27 0 2 5 2 0 0 0 0 0 0 0 0 0 0 0 0 0 0 5 0 9 0 0 9 1 253 234 0 6 0 0 2 0 7 0 0 0 0 0 0 0 0 0 0 0 0 0 0 8 11 0 1 14 252 212 10 5 0 2 4 0 0 0 0 0 0 0 0 0 0 0 0 0 0 10 0 0 0 0 21 67 248 121 0 0 0 6 1 4 0 0 0 0 0 0 0 0 0 0 0 0 0 0 3 7 14 0 0 0 7 19 0 0 0 6 0 10 2 0 0 0 0
0 0 0 0 0 0 0 0 1 0 5 0 0 5 0 1 3 0 0 4 4 0 0 0 0 0 0 0 0 0 0 0 0 0 0 0 0 0 7 7 5 4 0 0 0 5 5 0 0 0 8 12 0 0 0 0 0 0 0 0 0 0 0 0 0 0 0 0 0 0 6 5 0 0 0 1 4 3 0 0 0 0 0 0 0 0 0 0 0 0 0 0 9 10 0 3 1 0 4 1 10 0 0 3 8 1 3 13 0 0 0 0 0 0 0 0 0 0 0 0 0 0 0 5 6 0 0 0 2 2 6 7 0 0 0 0 0 0 0 0 0 0 0 0 0 0 0 0 10 0 4 1 0 2 0 7 0 0 0 0 1 13 7 0 0 0 0 0 0 0 0 0 0 0 0 0 5 0 8 0 0 7 0 3 11 3 0 4 2 0 0 0 0 0 0 0 0 0 0 0 0 0 0 0 11 3 80 101 125 149 106 133 150 163 206 222 143 23 0 10 0 0 0 0 0 3 7 0 10 3 0 94 218 255 251 247 252 247 255 251 251 255 248 255 223 21 0 3 0 0 0 0 7 0 9 8 1 0 34 211 241 234 224 238 236 231 226 241 246 255 247 255 84 0 13 0 0 0 0 0 12 0 0 0 9 2 0 70 138 69 23 3 0 0 0 70 210 255 255 186 20 5 0 0 0 0 0 0 0 0 6 0 0 11 0 0 0 0 0 0 0 14 0 99 233 247 220 33 1 3 0 5 0 0 0 0 2 0 5 5 0 0 0 14 7 6 8 0 0 0 18 191 255 245 132 0 0 0 16 0 0 0 0 0 7 0 0 5 10 0 0 0 0 0 0 6 7 0 78 253 250 253 39 14 14 0 0 0 0 0 0 0 0 11 4 0 0 0 5 16 2 0 0 0 0 9 171 255 241 162 0 0 1 1 0 18 0 0 0 0 0 9 0 0 9 0 0 0 0 3 2 0 0 53 255 250 217 0 15 0 0 9 7 0 0 0 0 0 0 0 0 0 0 0 0 0 4 4 6 0 7 134 245 253 114 17 0 11 0 0 10 0 0 0 0 0 0 0 0 0 0 0 0 0 0 2 0 3 59 232 255 134 23 0 0 15 0 0 7 0 0 0 0 0 0 0 0 0 0 0 0 0 0 0 1 34 165 255 222 31 0 0 3 3 0 0 6 0 0 0 0 0 0 0 0 0 0 0 0 0 2 0 11 100 251 244 100 2 6 11 2 0 0 3 3 0 0 0 0 0 0 0 0 0 0 0 0 0 0 6 55 199 255 223 17 1 0 3 0 0 8 5 0 0 0 0 0 0 0 0 0 0 0 0 0 0 0 6 163 255 244 101 0 4 0 0 2 3 3 0 0 6 0 0 0 0 0 0 0 0 0 0 0 0 8 81 249 255 157 0 0 4 3 5 5 0 0 0 0 6 0 0 0 0 0 0 0 0 0 0 0 0 1 205 255 209 46 0 14 0 0 0 1 0 0 7 6 0 0 0 0 0 0 0 0 2 3 2 0 0 47 255 238 78 3 0 7 3 0 0 0 0 0 0 0 0 0 0 0 0 9 0 0 0 0 0 0 15 190 250 138 14 0 4 7 0 0 0 0 0 0 0 0 0 0 0 0 0 5 0 0 5 2 0 21 55 165 140 32 0 1 0 2 0 0 0 0 0 0 0 0 0 0 0 0 0 1 0 2 5 0 0 0 18 23 13 0 0 9 0 0 5 0 0 0 0 0 0 0 0 0 0 0 0
0 0 10 4 0 0 3 0 3 0 0 0 0 3 6 6 3 0 0 3 2 0 0 3 0 0 0 0 6 0 0 0 0 3 7 3 2 4 7 7 4 0 0 0 0 0 0 0 0 0 0 7 0 0 0 0 3 0 0 2 5 1 0 0 0 0 0 0 0 0 3 6 1 6 9 7 4 1 0 0 0 0 0 0 0 2 4 3 3 0 0 2 6 6 4 1 0 0 1 3 0 0 0 0 1 8 5 0 0 0 0 0 0 9 1 0 0 4 4 10 0 0 0 1 2 1 0 0 7 6 2 0 0 0 3 4 0 0 0 0 0 8 0 0 6 5 0 0 3 2 0 0 0 0 2 5 0 0 7 10 2 0 0 3 0 0 0 0 0 3 0 1 14 0 0 20 0 0 8 6 0 0 0 1 10 0 0 0 5 0 0 4 0 0 0 0 2 3 0 1 6 0 24 108 145 184 233 255 255 255 252 254 163 89 19 0 5 3 0 0 0 0 0 0 0 4 0 0 6 4 41 247 255 252 196 181 184 172 211 255 251 255 212 22 16 0 0 3 0 0 0 0 10 4 0 0 0 0 55 255 52 42 0 0 9 0 16 34 79 245 255 36 0 7 7 0 0 0 0 0 0 0 0 3 0 1 44 185 18 10 0 0 4 0 4 0 1 241 255 48 0 4 0 0 0 0 0 0 5 9 18 5 0 0 0 17 3 1 3 5 0 0 8 3 1 244 251 43 15 0 0 4 0 0 0 0 0 0 0 0 0 14 10 0 0 0 3 1 0 0 0 0 0 247 240 24 9 0 7 4 0 0 0 0 15 0 5 2 1 0 0 0 5 0 4 3 5 6 0 1 87 252 179 7 2 0 9 0 0 0 0 0 0 0 0 3 9 0 7 11 0 0 1 0 4 2 0 26 222 243 77 2 0 0 0 2 0 0 0 0 2 4 7 0 1 0 6 0 0 1 10 0 0 0 3 71 255 222 13 3 0 8 0 8 0 0 0 0 0 0 0 0 0 0 0 0 2 0 0 10 12 1 27 225 255 74 4 0 0 8 0 0 0 0 0 0 0 0 0 0 0 0 0 0 12 0 14 0 0 4 168 255 197 36 0 6 1 0 0 5 0 0 0 0 0 0 0 0 0 0 0 0 0 0 8 2 9 65 245 244 92 2 0 3 3 1 0 8 0 0 0 0 0 0 0 0 0 0 0 0 8 13 0 6 0 184 255 165 12 0 1 0 0 11 0 0 0 0 0 0 0 0 0 0 0 0 0 0 0 0 0 0 48 255 194 21 0 0 6 0 0 10 2 0 0 0 0 0 0 0 0 0 0 0 0 0 0 0 21 25 235 230 81 0 4 0 0 4 3 0 0 2 0 0 0 0 0 0 0 0 0 0 0 0 0 0 0 77 255 84 0 9 8 0 0 9 1 0 0 2 0 0 0 0 0 0 0 0 0 0 0 0 0 13 32 221 236 25 12 0 0 0 1 4 0 0 9 0 0 0 0 0 0 0 0 0 0 0 0 0 0 1 91 255 128 3 5 0 0 0 0 0 0 0 0 0 0 0 0 0 0 0 0 0 0 0 0 0 0 47 242 243 45 0 16 2 0 0 0 0 0 0 0 0 0 0 0 0 0 0 0 0 0 0 0 0 9 0 204 255 144 12 0 6 0 0 0 0 0 0 0 0 0 0 0 0 0 0 0 0 0 0 0 0 0 0 10 0 11 0 15 0 0 0 0 0 0 0 0 0 0 0 0 0
0 0 0 0 0 0 0 0 0 0 0 5 6 1 1 6 0 6 0 6 0 0 0 8 0 0 0 0 0 0 0 0 0 0 0 0 8 4 0 0 0 0 0 0 3 8 0 2 0 5 4 0 0 0 0 0 0 0 0 0 0 0 0 0 0 0 3 3 4 5 6 4 0 0 13 4 0 0 4 0 0 0 0 0 0 0 0 0 0 0 0 0 0 0 1 0 0 1 0 0 13 0 0 0 2 9 2 0 0 0 0 0 0 0 0 0 0 0 0 0 8 4 0 0 0 4 4 0 2 0 4 0 0 1 0 15 0 0 0 0 0 0 0 0 0 0 0 0 1 0 0 3 4 1 0 2 0 2 7 4 0 8 0 0 0 0 0 0 0 0 0 0 0 0 0 0 0 0 1 5 0 0 0 12 0 53 104 191 248 255 77 0 0 0 0 0 0 0 0 0 0 0 0 0 6 0 0 4 3 16 65 120 221 255 247 252 251 255 76 8 0 0 0 0 0 0 0 6 2 0 0 7 85 99 91 152 192 235 255 249 255 243 171 242 244 251 99 3 0 0 0 0 3 0 0 1 2 3 15 32 255 255 243 255 244 244 255 255 224 58 3 154 255 190 0 0 0 0 0 0 7 0 0 0 0 0 10 24 247 247 255 254 212 150 115 64 32 7 17 208 245 112 10 0 0 0 0 0 3 1 1 2 0 0 0 0 81 64 64 30 8 0 11 0 0 0 169 243 191 18 0 0 0 0 0 0 0 0 2 6 5 0 0 0 0 0 21 0 0 0 20 7 7 122 253 255 98 4 0 10 0 0 0 0 0 0 0 0 0 0 0 1 7 3 8 0 0 3 0 0 22 255 245 159 4 0 4 0 0 0 0 0 2 1 0 0 0 0 0 0 1 0 0 0 11 10 0 33 229 255 202 7 19 0 0 6 0 0 0 0 0 0 0 1 3 5 3 0 0 4 3 7 0 0 25 160 249 237 60 4 0 0 2 0 0 0 0 0 0 0 0 0 0 0 0 0 5 0 2 9 0 7 104 253 255 111 4 0 3 0 3 2 0 0 0 0 0 0 0 0 0 0 0 0 1 0 0 0 0 106 239 255 144 41 0 0 1 0 0 0 0 0 0 0 0 0 0 0 0 0 0 0 0 4 15 0 75 253 255 224 27 0 0 7 2 0 2 0 0 0 0 0 0 0 0 0 0 0 0 0 0 2 0 33 220 234 222 53 0 0 5 9 0 0 5 0 0 0 0 0 0 0 0 0 0 0 0 0 12 0 0 222 252 255 111 0 0 5 9 0 0 0 3 0 0 0 0 0 0 0 0 0 0 0 0 0 0 0 144 245 250 185 0 4 0 4 2 0 0 3 4 0 0 0 0 0 0 0 0 0 0 0 0 0 0 175 239 255 252 159 18 0 0 2 0 0 4 4 1 4 0 0 0 0 0 0 0 0 0 0 0 0 0 211 251 247 255 255 149 0 0 4 2 3 6 0 0 4 0 0 0 0 0 0 0 0 0 0 0 0 7 202 255 249 244 121 4 0 0 0 0 0 0 0 0 0 0 0 0 0 0 0 0 0 0 0 0 0 7 180 255 197 65 0 0 8 0 0 0 0 0 0 0 0 0 0 0 0 0 0 0 0 0 0 0 0 0 0 0 3 0 7 23 0 0 0 0 0 0 0 0 0 0 0 0 0 0 0 0 0 0 0 0 0 11 15 4 0 0 0 0 15 0 0 0 0 0 0 0 0 0 0 0 0
0 0 7 1 0 8 0 6 0 0 6 8 1 0 0 10 0 0 0 0 0 0 0 6 0 0 0 0 8 0 8 0 0 0 0 1 17 0 0 0 3 0 0 5 0 0 0 7 8 2 0 0 0 0 0 0 0 0 5 0 7 9 0 7 0 3 8 2 0 4 1 0 13 4 0 0 0 0 0 3 0 0 0 0 0 3 0 0 4 2 0 0 0 5 1 0 0 0 8 8 0 0 0 0 3 2 0 0 0 0 0 0 6 5 0 0 1 2 4 5 13 0 0 12 17 0 0 0 7 8 7 3 0 0 0 0 0 0 0 0 0 0 0 8 0 0 11 3 0 12 0 0 0 0 18 0 0 0 0 0 0 0 3 2 0 0 0 0 0 0 2 8 0 0 63 71 157 240 255 240 200 160 130 56 15 9 1 0 2 8 2 0 0 0 0 0 7 0 0 7 0 71 220 255 245 255 244 255 255 237 255 251 218 161 78 12 0 0 4 3 0 0 0 0 0 6 0 12 0 73 249 255 247 255 246 248 240 255 250 236 248 255 246 218 189 1 0 0 0 0 0 0 5 0 0 14 0 4 150 248 250 206 185 79 2 6 1 13 78 224 255 255 238 181 9 3 0 0 0 0 0 6 0 6 7 0 6 63 71 0 20 0 0 0 0 0 0 207 255 255 252 207 0 0 0 0 0 0 0 15 0 0 4 12 0 0 5 0 0 5 14 0 5 5 120 238 252 250 255 86 0 3 0 0 0 0 8 0 2 0 0 7 2 16 0 27 0 0 0 0 2 45 252 251 249 255 216 9 6 0 0 0 0 0 0 0 8 10 0 0 0 0 0 5 0 0 10 12 1 150 255 246 255 224 75 0 0 0 0 0 0 0 0 7 0 0 0 10 12 1 6 0 5 0 0 0 44 255 247 255 252 136 0 11 0 12 0 0 0 0 0 13 0 0 12 0 0 4 0 6 0 0 12 11 120 243 255 251 212 39 0 13 3 0 0 0 0 0 0 0 0 0 0 0 0 0 2 4 0 0 1 73 248 253 253 255 113 6 0 12 0 0 0 0 0 0 0 0 0 0 0 0 0 0 0 2 0 3 0 182 255 253 255 216 31 8 0 0 0 0 0 0 0 0 0 0 0 0 0 0 0 0 16 0 0 0 47 247 248 250 255 137 0 1 3 0 0 2 0 0 0 0 0 0 0 0 0 0 0 0 7 0 0 0 159 255 255 252 238 50 7 0 16 3 0 5 0 0 0 0 0 0 0 0 0 0 0 0 0 2 0 63 239 247 255 244 141 1 14 0 6 2 0 0 0 0 0 0 0 0 0 0 0 0 0 0 9 16 3 176 255 245 245 255 36 0 0 3 0 0 12 0 0 0 0 0 0 0 0 0 0 0 0 0 8 0 82 246 255 255 241 187 0 6 0 7 0 0 6 3 0 0 0 0 0 0 0 0 0 0 0 0 0 0 229 255 243 255 214 3 5 0 14 0 10 0 0 4 0 0 0 0 0 0 0 0 0 0 0 0 0 8 183 255 251 252 128 2 0 0 0 0 0 0 0 0 0 0 0 0 0 0 0 0 0 0 0 0 7 0 123 251 251 152 21 0 0 0 0 0 0 0 0 0 0 0 0 0 0 0 0 0 0 0 0 0 9 0 0 0 8 3 0 8 0 0 0 0 0 0 0 0 0 0 0 0 0 0 0 0 0 0 0 0 0 6 0 0 2 0 0 7 0 0 0 0 0 0 0 0 0 0 0 0
1 0 2 3 0 0 2 0 5 2 0 0 2 3 1 0 6 0 0 10 6 0 0 0 0 0 0 0 0 0 1 5 0 2 5 0 3 1 0 0 2 3 1 0 2 0 0 0 0 0 0 0 0 0 0 0 3 0 0 1 0 0 2 0 0 0 0 0 0 0 0 0 0 2 4 1 7 8 4 4 0 0 0 0 8 0 0 0 0 0 6 1 0 0 0 0 0 1 1 0 5 10 1 0 0 0 0 1 0 0 0 0 1 0 0 3 0 3 8 2 1 2 2 2 2 2 2 3 0 0 0 8 11 1 0 5 0 0 0 0 0 0 4 6 0 0 0 0 0 0 0 0 0 0 0 0 9 0 0 1 0 0 6 4 0 0 0 0 0 0 4 3 0 0 9 11 2 4 5 3 0 0 0 0 1 0 6 6 0 8 14 0 0 0 0 0 1 0 0 0 0 18 51 67 16 18 19 16 12 9 10 12 18 77 189 254 254 255 204 94 0 0 0 0 0 1 3 4 0 16 255 248 247 253 254 255 227 162 170 254 252 255 245 255 238 253 255 132 0 0 0 0 2 0 0 0 0 30 225 222 203 238 252 255 255 252 244 255 248 190 194 197 94 207 255 110 0 0 0 0 0 2 2 6 0 0 49 17 5 47 59 56 78 89 71 58 81 21 0 0 0 187 234 206 0 0 0 0 0 0 0 6 6 6 16 0 0 11 9 1 7 7 1 4 0 0 14 8 67 250 255 111 0 0 0 0 8 5 0 0 0 0 0 0 0 1 0 0 0 0 0 9 15 0 0 0 206 249 217 23 0 0 0 0 0 0 1 2 10 13 0 6 0 0 0 0 2 8 3 0 0 20 14 226 255 241 108 7 0 0 0 0 5 4 0 0 0 0 0 0 1 0 0 3 1 3 0 0 0 192 248 255 240 66 0 0 0 0 0 0 0 0 2 0 7 0 5 1 4 0 0 8 0 0 4 21 90 238 252 241 73 7 0 2 0 0 0 0 10 1 0 0 0 0 0 1 0 0 0 2 0 19 0 183 249 255 227 117 0 16 0 0 0 0 0 0 0 0 1 5 4 2 2 4 9 0 1 8 13 0 148 254 255 231 28 12 0 0 9 0 0 0 0 0 0 0 3 1 0 0 0 0 0 11 4 0 0 87 234 248 246 132 0 6 2 1 5 5 0 0 0 0 0 3 1 0 0 0 0 0 0 0 7 14 175 243 255 255 73 0 1 2 0 15 0 0 0 0 0 0 0 0 0 0 2 7 6 1 12 9 44 177 255 245 233 67 0 10 0 0 13 13 0 9 0 0 0 0 1 0 0 4 5 0 0 0 0 129 199 255 251 216 65 27 0 12 0 1 0 0 0 0 0 0 0 0 4 0 0 5 1 0 0 10 109 255 250 250 174 0 11 0 7 0 14 12 0 2 5 13 0 0 0 0 3 0 0 4 0 0 20 55 229 255 255 131 9 11 0 5 4 0 6 0 4 7 0 3 0 0 0 0 4 0 0 0 6 0 134 228 250 247 124 1 2 12 0 0 0 0 0 0 0 0 0 0 0 0 0 0 0 1 6 2 13 11 164 255 255 219 106 0 0 4 4 0 0 0 0 0 0 0 0 0 0 0 0 0 6 4 0 0 1 23 168 255 244 62 0 0 22 0 0 5 0 0 0 0 0 0 0 0 0 0 0 0 0 0 7 6 8 0 0 0 0 1 20 12 0 0 15 0 0 0 0 0 0 0 0 0 0 0 0 0
0 0 0 0 0 0 0 0 0 0 0 2 3 2 0 0 5 3 1 0 0 1 0 11 0 0 0 0 0 0 0 0 0 0 0 0 4 1 0 0 0 0 0 2 0 0 0 0 13 1 2 0 0 0 0 0 0 0 0 0 0 0 0 0 0 0 0 2 2 2 1 0 8 7 4 0 1 0 13 0 0 0 0 0 0 0 0 0 0 0 0 0 0 1 2 1 0 0 0 0 0 0 6 0 2 0 9 0 0 0 0 0 0 0 0 0 0 0 0 0 4 2 0 0 0 4 10 14 17 0 10 0 2 5 0 0 0 0 0 0 0 0 0 0 0 0 0 0 0 0 0 0 0 0 0 0 0 0 1 0 0 0 0 9 0 0 0 0 0 0 0 0 0 0 0 0 2 2 2 1 2 2 2 3 0 32 0 6 9 0 0 4 0 0 0 0 0 0 0 0 0 0 0 0 0 0 0 16 50 97 142 170 211 198 1 0 2 0 9 0 0 0 0 0 0 2 4 2 0 0 0 2 0 0 151 255 250 255 240 255 243 255 5 5 10 0 2 0 0 0 0 0 0 1 3 2 0 1 8 13 174 207 217 178 99 54 6 11 223 232 6 0 1 0 7 0 0 0 0 0 0 1 2 0 0 3 10 16 88 71 0 0 3 12 6 0 215 200 8 0 0 0 9 0 0 0 0 0 1 2 1 0 0 0 2 6 0 3 0 22 0 0 9 33 234 165 10 0 0 0 5 0 0 0 0 0 0 1 2 1 0 0 0 0 0 0 1 5 0 13 0 36 255 120 3 1 3 0 0 1 0 0 0 0 0 0 1 3 3 1 0 0 5 10 3 0 6 10 0 179 255 70 0 0 4 0 0 3 0 0 0 0 0 0 0 1 3 3 2 1 0 0 0 0 19 0 0 214 243 33 0 0 0 3 0 0 0 0 0 0 3 1 0 0 0 0 0 0 0 0 4 0 0 0 18 200 230 17 2 0 0 6 1 0 0 0 0 0 0 0 0 0 0 0 0 0 2 0 0 4 5 2 20 224 175 14 1 0 9 0 0 4 0 0 0 0 0 0 0 0 0 0 0 0 1 2 4 0 1 0 35 255 124 0 2 0 9 0 3 0 0 0 0 0 0 0 0 0 0 0 0 0 0 0 3 0 2 0 37 255 78 0 4 0 4 0 6 0 0 0 0 0 0 0 0 0 0 0 0 0 0 0 0 0 11 0 49 244 69 0 4 0 0 0 7 2 0 0 0 0 0 0 0 0 0 0 0 0 7 0 1 0 12 0 108 255 66 3 0 3 1 0 3 6 0 0 0 0 0 0 0 0 0 0 0 0 2 0 0 0 0 2 190 255 42 0 0 8 6 0 0 0 0 0 0 0 0 0 0 0 0 0 0 0 0 2 0 0 0 30 242 177 11 0 0 7 1 0 3 0 0 0 0 0 0 0 0 0 0 0 0 0 0 7 0 1 9 61 255 76 0 2 0 1 0 1 8 0 0 0 0 0 0 0 0 0 0 0 0 0 8 0 0 6 0 155 255 51 0 0 0 0 0 0 0 0 0 0 0 0 0 0 0 0 0 0 0 0 0 23 4 0 1 221 214 22 0 0 0 0 0 0 0 0 0 0 0 0 0 0 0 0 0 0 0 0 0 0 0 11 73 253 138 6 0 0 0 0 0 0 0 0 0 0 0 0 0 0 0 0 0 0 0 0 0 3 21 0 0 17 0 1 0 0 0 0 0 0 0 0 0 0 0 0
0 0 0 0 0 0 0 0 0 0 0 2 3 1 1 3 2 0 0 0 10 0 0 8 0 0 0 0 0 0 0 0 0 0 0 0 6 6 1 0 0 0 0 0 1 12 12 0 0 0 0 0 0 0 0 0 0 0 0 0 0 0 0 0 0 1 4 1 2 9 8 0 0 0 0 4 3 5 6 0 0 0 0 0 0 0 0 0 0 0 0 0 0 0 1 2 1 0 0 0 13 4 7 9 0 0 0 0 0 0 0 0 0 0 0 0 0 0 0 0 7 0 0 2 3 0 1 11 0 1 5 0 0 0 6 5 0 0 0 0 0 0 0 0 0 0 0 0 2 0 0 5 3 0 0 0 3 0 0 7 20 5 0 0 0 0 0 0 0 0 0 0 0 0 0 0 0 5 4 0 0 7 8 1 0 12 0 0 5 3 0 5 0 0 0 0 0 0 0 0 0 0 0 0 0 7 5 0 23 88 131 136 170 255 200 35 0 4 7 0 0 0 0 0 0 7 0 1 0 7 0 10 8 0 20 44 207 255 246 254 249 255 234 146 5 0 18 0 0 0 0 0 0 4 0 4 0 0 0 9 143 147 218 245 255 255 253 249 252 255 255 150 6 0 0 0 0 0 0 0 1 0 3 0 0 0 44 109 255 245 253 255 226 233 235 226 235 254 245 131 0 16 0 2 0 0 0 0 0 0 6 0 0 9 131 255 254 255 245 236 158 35 0 3 108 244 248 172 0 0 0 4 0 0 0 0 0 0 5 0 0 15 140 255 227 255 177 32 0 0 11 8 97 246 255 145 3 0 5 0 0 0 0 0 2 0 1 0 3 4 61 130 102 56 22 0 4 3 0 0 215 255 255 51 8 3 10 0 0 0 0 0 0 3 0 5 2 0 0 17 4 0 0 0 0 4 1 63 244 250 231 26 9 0 0 0 0 0 0 0 0 7 0 4 0 4 0 0 0 15 0 3 3 2 0 168 255 245 129 0 0 0 11 0 0 0 0 0 0 0 0 0 0 0 0 0 8 0 15 0 0 9 16 222 247 255 33 0 5 0 0 2 0 0 0 0 0 0 0 0 0 0 0 0 6 0 0 0 16 13 157 250 252 187 14 0 2 0 8 5 0 0 0 0 0 0 0 0 0 0 0 0 0 7 0 0 7 38 251 255 255 112 7 4 0 0 0 0 0 0 0 0 0 0 0 0 0 0 0 0 0 2 7 4 0 118 252 255 180 22 0 0 3 5 8 9 0 0 0 0 0 0 0 0 0 0 0 0 0 0 12 3 38 217 253 247 112 7 6 0 5 0 0 0 0 0 0 0 0 0 0 0 0 0 0 0 4 0 0 1 137 255 255 181 18 0 0 0 12 4 0 14 0 0 0 0 0 0 0 0 0 0 0 0 3 1 0 35 221 253 239 83 2 8 1 0 6 0 0 0 0 0 0 0 0 0 0 0 0 0 0 0 0 1 7 90 255 255 213 28 0 8 0 7 3 0 16 0 0 0 0 0 0 0 0 0 0 0 0 0 0 18 51 241 253 250 72 0 0 0 0 0 0 0 0 0 0 0 0 0 0 0 0 0 0 0 0 0 6 0 32 255 255 173 7 3 0 0 0 0 0 0 0 0 0 0 0 0 0 0 0 0 0 0 0 0 5 1 68 248 238 135 3 1 0 0 0 0 0 0 0 0 0 0 0 0 0 0 0 0 0 0 0 0 0 0 0 10 0 4 0 0 0 0 0 0 0 0 0 0 0 0 0 0
0 0 0 0 0 0 0 0 0 0 0 0 0 0 0 0 0 0 0 0 0 0 0 0 0 0 0 0 0 0 0 0 0 0 0 0 0 0 0 0 0 0 0 0 0 0 0 0 0 0 0 0 0 0 0 0 0 0 0 0 0 0 0 0 0 0 0 0 0 0 0 0 0 0 0 0 0 0 0 0 0 0 0 0 0 0 0 0 0 0 0 0 0 0 0 0 0 0 0 0 0 0 0 0 0 0 0 0 0 0 0 0 0 0 0 0 0 0 0 0 0 0 0 0 0 0 0 0 0 0 0 0 0 0 0 0 0 0 0 0 0 0 0 0 0 0 0 0 0 0 0 0 0 0 0 0 0 0 0 0 0 0 0 0 0 0 0 0 0 0 0 0 0 0 0 0 0 0 0 0 0 0 0 0 0 0 0 0 0 0 0 0 0 0 0 0 0 0 0 0 0 0 0 0 0 0 0 0 0 0 0 0 0 0 0 0 0 0 0 0 0 0 0 0 6 0 0 179 242 151 121 5 92 241 252 251 255 243 255 255 247 255 245 250 255 255 101 7 0 0 0 0 0 5 10 239 255 248 241 216 235 255 255 247 252 252 245 244 255 233 255 254 243 250 95 4 0 0 0 0 0 0 12 220 246 255 250 255 255 215 247 244 230 247 236 249 232 248 231 252 254 255 126 0 0 0 0 0 6 19 0 0 30 117 152 119 117 13 0 0 0 12 0 0 3 0 43 234 255 233 102 4 0 0 0 0 4 0 0 1 11 0 0 11 1 0 6 14 6 0 0 8 0 15 174 255 250 236 81 0 0 0 0 0 1 10 13 1 0 11 0 0 7 8 0 0 1 0 1 0 0 111 243 251 250 101 0 13 0 0 0 0 5 1 0 0 1 11 0 0 0 4 10 19 6 0 2 0 0 223 255 244 212 34 0 0 0 0 0 0 0 6 5 0 2 0 1 3 16 0 0 1 0 0 10 0 161 249 248 255 103 0 6 0 0 0 0 0 0 0 0 0 0 0 0 0 1 0 0 0 10 9 0 152 252 253 255 120 0 1 5 0 0 0 0 0 0 0 0 0 0 0 0 0 0 26 0 0 2 0 168 250 241 243 118 8 5 4 0 1 0 0 0 0 0 0 0 0 0 0 0 0 7 0 1 0 0 167 241 255 255 137 6 0 5 0 0 2 0 0 0 0 0 0 0 0 0 0 0 0 2 0 7 0 129 243 255 251 205 16 0 19 0 3 4 0 0 0 0 0 0 0 0 0 0 0 0 0 1 0 0 46 224 255 236 240 54 0 8 0 0 13 0 2 0 0 0 0 0 0 0 0 0 0 0 0 0 5 39 202 250 255 255 90 0 10 0 0 2 0 0 5 0 0 0 0 0 0 0 0 0 0 0 0 4 0 238 255 255 233 166 2 10 0 0 12 3 0 3 3 0 0 0 0 0 0 0 0 0 0 0 0 0 43 217 243 252 168 12 0 1 0 12 0 0 20 0 0 0 0 0 0 0 0 0 0 0 0 0 0 2 139 244 255 231 6 0 0 0 0 0 0 0 0 0 0 0 0 0 0 0 0 0 0 0 0 0 0 0 88 242 213 184 67 0 0 0 0 0 0 0 0 0 0 0 0 0 0 0 0 0 0 0 0 0 0 0 29 235 255 252 129 4 2 0 0 0 0 0 0 0 0 0 0 0 0 0 0 0 0 0 0 0 0 0 0 152 255 255 76 0 0 0 0 0 0 0 0 0 0 0 0 0 0
0 0 0 0 0 0 0 0 6 0 0 0 2 1 0 0 0 0 10 0 6 2 4 0 0 0 0 0 0 0 0 0 0 0 0 0 0 0 6 0 0 0 4 1 12 0 5 0 2 0 0 10 0 0 0 0 0 0 0 0 0 0 0 0 12 0 0 0 7 5 0 0 0 0 12 0 4 0 1 0 0 0 0 0 0 0 0 0 0 0 0 0 0 0 0 1 0 0 0 4 0 6 0 0 0 0 8 0 0 0 0 0 0 0 0 0 0 0 0 0 0 3 2 0 0 11 7 0 9 5 0 11 12 0 0 0 0 0 0 0 0 0 0 0 0 0 0 0 14 0 0 3 3 0 0 7 0 14 0 0 0 0 16 0 0 0 0 0 0 0 0 0 0 0 0 0 0 0 4 7 0 4 64 132 199 231 171 111 24 0 5 0 0 0 0 0 0 0 0 0 0 0 0 0 4 16 0 0 46 175 252 255 243 255 241 247 129 3 0 13 0 0 0 0 0 0 0 0 0 0 0 0 0 8 2 93 237 252 255 196 162 51 60 237 255 72 12 0 0 0 0 0 0 0 0 0 0 0 0 0 2 0 20 252 238 51 99 0 4 6 0 99 248 127 5 4 0 0 0 0 0 0 0 0 0 0 0 0 15 55 255 239 48 4 0 8 0 6 1 126 255 107 0 0 0 0 0 0 0 0 0 0 0 0 0 0 0 213 250 197 0 17 0 2 13 0 0 215 255 37 3 0 0 0 0 0 0 0 0 0 0 0 0 0 150 248 179 0 16 0 11 1 0 0 27 236 190 7 4 1 0 0 0 0 0 0 0 0 0 0 0 0 203 224 84 0 0 6 2 0 0 0 151 247 96 0 0 3 0 0 0 0 0 0 0 0 0 0 0 0 146 77 4 0 12 4 0 3 2 68 237 165 19 0 0 6 0 0 0 0 0 0 0 0 0 0 0 0 0 5 5 0 1 0 9 0 54 228 255 14 0 7 1 0 0 0 0 0 0 0 0 0 0 0 0 0 9 0 4 5 0 0 0 44 231 255 74 0 11 0 5 0 0 0 0 0 0 0 0 0 0 0 0 0 0 16 0 0 0 8 4 189 255 135 8 0 7 0 2 1 0 0 0 0 0 0 0 0 0 0 0 0 0 0 9 0 14 0 154 244 148 15 0 7 0 1 0 0 0 0 0 0 0 0 0 0 0 0 0 0 0 29 0 0 1 100 245 184 11 0 6 0 0 12 0 4 0 0 0 0 0 0 0 0 0 0 0 0 11 0 0 0 43 254 237 54 0 0 0 0 7 4 0 9 0 0 0 0 0 0 0 0 0 0 0 0 0 0 0 49 243 250 79 2 7 0 1 5 0 0 7 0 0 0 0 0 0 0 0 0 0 0 0 0 0 10 45 227 249 126 0 0 0 0 11 8 0 0 11 0 0 0 0 0 0 0 0 0 0 0 0 0 6 21 211 255 156 10 0 6 15 0 0 0 3 7 0 2 0 0 0 0 0 0 0 0 0 0 0 0 64 215 251 127 22 0 0 0 0 0 0 0 0 0 0 0 0 0 0 0 0 0 0 0 0 0 0 0 216 237 122 0 0 5 0 16 0 0 0 0 0 0 0 0 0 0 0 0 0 0 0 0 0 0 0 0 0 3 3 0 2 5 0 0 0 0 0 0 0 0 0 0 0 0 0 0 0 0 0 0 0 0 0 0 14 0 0 14 0 0 9 0 0 0 0 0 0 0 0 0 0 0 0 0
0 0 0 0 0 0 0 0 0 0 0 0 0 0 0 0 0 0 0 0 0 0 0 0 0 0 0 0 0 0 0 0 0 0 0 0 0 0 0 0 0 0 0 0 0 0 0 0 0 0 0 0 0 0 0 0 0 0 0 0 0 0 0 0 0 0 0 0 0 0 0 0 0 0 0 0 0 0 0 0 0 0 0 0 0 0 0 0 0 0 0 0 0 0 0 0 0 0 0 0 0 0 0 0 0 0 0 0 0 0 0 0 0 0 0 0 0 0 0 0 0 0 0 0 0 0 0 0 0 0 0 0 0 0 0 0 0 0 0 0 0 0 0 0 0 0 0 0 0 0 0 0 0 0 0 0 0 0 0 0 0 0 0 0 0 0 0 0 0 0 0 0 0 0 0 0 0 0 0 0 0 0 0 0 0 0 0 0 0 0 0 0 0 0 0 0 0 0 0 0 0 0 0 0 0 0 0 0 0 0 0 0 0 0 0 0 0 0 0 0 0 0 0 0 0 0 8 13 0 0 0 5 26 252 249 193 151 39 58 36 10 0 4 31 34 127 145 4 0 0 0 0 7 17 0 0 4 10 22 0 30 252 255 242 255 241 249 255 229 199 194 223 255 255 247 41 0 0 0 0 0 8 0 0 8 0 0 13 182 255 120 118 192 235 215 204 226 252 250 208 238 247 211 33 0 0 0 0 1 0 0 12 0 7 27 174 243 244 38 4 0 0 12 28 43 74 67 4 119 238 126 0 0 0 0 0 1 6 0 2 0 12 119 255 255 130 0 0 14 0 0 0 6 0 17 23 230 247 96 4 0 0 0 0 0 9 0 7 10 0 178 248 188 7 0 0 7 10 0 6 0 2 16 221 252 155 0 3 0 0 0 0 5 0 0 3 4 55 247 255 125 0 18 0 0 0 0 8 12 0 133 245 242 31 3 1 0 0 0 0 3 0 7 3 0 192 255 191 6 0 1 3 4 0 17 0 0 38 232 255 95 0 6 0 0 0 0 0 0 8 0 6 38 255 252 78 1 0 0 0 4 0 0 9 0 187 255 186 0 2 0 1 0 0 0 0 5 7 0 11 13 150 143 30 0 0 0 0 10 18 0 7 201 252 172 25 0 1 0 4 0 0 0 0 2 0 0 6 0 23 21 0 5 0 0 17 0 0 10 120 255 203 53 0 0 17 0 2 0 0 0 0 5 0 3 11 0 0 0 0 10 0 21 0 3 34 185 253 245 108 4 5 0 0 0 6 0 0 0 0 0 2 3 0 7 0 2 7 0 0 0 0 4 88 250 254 153 10 0 0 12 0 23 0 0 0 0 0 0 1 0 0 0 3 0 0 7 19 0 14 69 196 253 147 10 0 0 0 9 0 12 0 0 0 0 0 2 9 0 0 0 8 1 0 0 0 3 0 180 255 194 0 0 19 5 3 0 4 0 13 0 0 0 0 0 0 0 8 0 0 0 5 2 0 13 170 234 207 0 7 5 0 0 0 13 0 2 0 0 0 0 0 0 0 0 0 0 0 0 0 3 0 143 255 221 48 0 12 0 0 0 0 0 0 0 0 0 0 0 0 0 0 0 0 0 0 0 0 0 77 255 211 39 0 0 0 0 0 0 0 0 0 0 0 0 0 0 0 0 0 0 0 0 0 0 0 22 218 244 96 0 10 14 3 0 0 0 0 0 0 0 0 0 0 0 0 0 0 0 0 0 0 0 0 19 255 78 0 4 6 0 0 0 0 0 0 0 0 0 0 0 0 0 0
0 0 0 0 0 0 0 0 6 4 0 0 0 2 0 0 0 0 0 0 0 0 0 0 0 0 0 0 0 0 0 0 0 0 0 0 0 0 1 13 0 0 8 7 0 0 0 0 0 0 0 0 0 0 0 0 0 0 0 0 0 0 0 0 0 9 12 0 0 8 10 0 0 0 0 0 0 0 0 0 0 0 0 0 0 0 0 0 0 0 0 0 0 1 0 0 18 0 0 11 0 0 0 0 0 0 0 0 0 0 0 0 0 0 0 0 0 0 0 0 0 12 7 0 5 0 0 4 0 0 0 0 0 0 0 0 0 0 0 0 0 0 0 0 0 0 0 0 1 0 0 0 0 7 14 0 0 0 0 0 0 0 0 0 0 0 0 0 0 0 0 0 0 0 0 0 0 12 4 0 6 0 0 19 0 0 0 0 0 0 0 0 0 0 0 0 0 0 0 0 0 0 0 0 4 207 169 0 0 15 0 4 0 0 0 0 0 0 0 0 0 0 0 0 3 0 4 0 2 0 17 0 5 215 170 3 3 25 104 177 251 223 47 11 0 17 0 2 0 0 0 0 0 0 7 0 0 9 0 10 94 247 202 79 95 163 234 247 245 255 241 88 0 0 29 0 0 0 0 0 0 0 6 0 0 6 0 5 211 255 255 247 239 246 255 255 255 249 250 227 11 15 0 2 0 0 0 0 2 0 2 0 0 0 23 23 235 255 245 255 255 255 243 182 146 175 255 248 77 0 0 3 0 0 0 0 0 0 0 6 4 0 9 114 255 255 247 253 190 106 33 15 0 0 175 255 226 4 9 0 0 0 0 0 0 0 1 7 0 0 0 212 255 255 179 72 4 4 3 0 7 8 162 254 159 0 6 6 0 0 0 0 0 4 3 0 0 0 51 251 255 124 27 0 1 1 3 0 4 0 153 255 255 36 0 0 0 0 0 0 0 0 1 0 6 4 203 253 191 32 0 1 10 0 3 3 0 87 241 241 252 86 0 0 0 0 0 0 8 0 0 13 0 0 171 44 6 11 0 0 0 0 8 2 43 220 255 248 203 2 0 9 0 0 0 0 5 0 0 3 0 0 137 15 0 0 0 2 7 4 0 0 46 255 255 255 76 7 0 0 0 0 0 0 0 0 6 0 0 11 100 2 11 8 0 0 0 2 3 13 79 249 249 208 0 0 11 0 0 0 0 0 0 0 7 0 1 11 55 0 0 0 2 0 2 0 0 6 199 244 253 154 6 0 5 0 0 0 0 0 1 1 3 0 0 0 6 0 2 0 0 0 0 10 35 111 255 254 255 93 7 7 0 3 0 0 0 0 1 1 0 6 0 0 0 3 0 1 17 7 3 0 0 64 244 254 255 18 6 0 6 5 0 0 0 0 0 4 0 10 2 3 2 7 0 0 1 0 1 0 18 127 255 255 195 0 14 0 15 0 0 0 0 0 0 11 0 8 0 4 0 0 8 0 5 0 6 0 10 121 254 213 44 8 0 0 0 0 0 0 0 0 0 0 0 0 0 0 0 0 0 1 0 5 4 0 192 255 226 42 0 5 0 1 0 6 0 0 0 0 0 0 0 0 0 0 0 0 0 8 1 7 0 0 187 255 135 15 0 7 0 5 0 0 0 0 0 0 0 0 0 0 0 0 0 0 8 9 0 0 0 12 180 239 38 0 6 4 0 7 0 0 0 0 0 0 0 0 0 0 0 0 0 0 0 0 2 11 9 0 13 0 0 0 8 0 0 5 0 3 0 0 0 0
0 0 0 0 0 0 0 0 0 0 0 0 0 0 0 0 0 0 0 0 0 0 0 0 0 0 0 0 0 0 0 0 0 0 0 0 0 0 0 0 0 0 0 0 0 0 0 0 0 0 0 0 0 0 0 0 0 0 0 0 0 0 0 0 0 0 0 0 0 0 0 0 0 0 0 0 0 0 0 0 0 0 0 0 0 0 0 0 0 0 0 0 0 0 0 0 0 0 0 0 0 0 0 0 0 0 0 0 0 0 0 0 0 0 0 0 0 0 0 0 0 0 0 0 0 0 0 0 0 0 0 0 0 0 0 0 0 0 0 0 0 0 0 0 0 0 0 0 0 0 0 0 0 0 0 0 0 0 0 0 0 0 0 0 0 0 0 0 0 0 0 0 0 0 0 0 0 0 0 0 0 0 0 0 0 0 0 0 0 0 0 0 0 0 0 0 0 0 0 0 0 0 0 0 0 0 0 0 0 0 0 0 0 0 0 0 0 0 0 0 0 0 0 0 0 16 0 0 6 12 0 22 82 33 72 128 154 128 141 146 127 188 249 249 244 0 0 0 0 0 0 0 0 3 0 5 5 0 0 107 242 255 249 255 255 253 255 238 255 184 240 249 224 64 0 8 0 0 0 0 7 0 0 1 0 0 23 211 255 255 172 172 172 181 153 79 46 0 201 255 248 72 0 0 0 0 0 0 0 0 8 2 0 0 25 221 249 141 19 0 0 0 10 0 0 38 211 247 163 0 1 15 0 0 0 0 3 0 1 0 0 17 68 255 236 54 0 5 4 0 0 0 32 216 255 231 63 7 0 0 0 0 0 0 12 0 0 0 0 9 67 245 186 6 0 0 7 11 7 3 4 252 255 131 0 8 0 10 0 0 0 0 0 0 5 19 0 0 0 60 37 0 10 14 1 0 0 5 82 249 217 65 4 0 0 0 0 0 0 0 0 5 0 0 0 14 1 0 0 11 0 0 0 5 7 48 242 252 63 0 2 0 3 1 0 0 0 0 0 0 0 0 0 0 0 0 0 12 0 0 3 18 0 118 253 255 34 3 8 0 3 0 0 0 0 0 0 0 0 0 0 0 0 0 2 0 7 11 1 0 16 203 254 167 13 2 2 0 0 1 0 0 0 0 0 0 0 0 0 0 0 0 5 0 13 0 0 1 96 243 240 58 0 1 0 5 0 6 0 0 0 0 0 0 0 0 0 0 0 0 7 0 3 0 0 13 171 247 189 3 0 0 0 6 0 4 0 0 0 0 0 0 0 0 0 0 0 0 4 0 0 12 2 8 214 255 106 0 2 0 4 2 0 0 0 0 0 0 0 0 0 0 0 0 0 0 0 6 0 5 0 76 254 234 32 5 4 0 4 0 6 0 0 0 0 0 0 0 0 0 0 0 0 0 0 3 4 0 8 190 255 170 3 1 1 0 1 0 7 0 0 0 0 0 0 0 0 0 0 0 0 0 7 0 5 4 33 247 244 140 6 0 0 8 0 0 3 0 0 0 0 0 0 0 0 0 0 0 0 0 0 17 0 0 96 244 255 68 0 0 0 0 0 0 0 0 0 0 0 0 0 0 0 0 0 0 0 0 7 0 0 10 209 255 198 16 0 0 0 0 0 0 0 0 0 0 0 0 0 0 0 0 0 0 0 0 4 0 0 4 237 251 119 0 0 0 0 0 0 0 0 0 0 0 0 0 0 0 0 0 0 0 0 0 0 11 1 0 174 242 65 7 0 0 0 0 0 0 0 0 0 0 0 0
0 0 0 0 0 0 0 0 1 0 4 0 5 8 0 4 0 10 10 0 1 1 0 0 0 0 0 0 0 0 0 0 0 0 0 0 0 13 0 12 10 0 0 2 1 0 0 0 1 7 6 9 0 0 0 0 0 0 0 0 0 0 0 0 0 7 0 0 1 0 9 0 5 2 1 3 0 0 0 0 0 0 0 0 0 0 0 0 0 0 0 0 0 5 10 7 1 12 0 0 0 0 2 5 3 3 5 1 0 0 0 0 0 0 0 0 0 0 0 0 0 6 0 0 2 0 0 5 10 0 0 0 0 11 14 0 0 0 0 0 0 0 0 0 0 0 0 0 0 4 194 0 36 7 0 7 0 0 6 7 0 0 3 0 0 0 0 0 0 0 0 0 0 0 0 0 18 132 254 127 213 130 149 0 14 0 0 14 0 0 8 9 0 0 0 0 0 0 0 0 0 0 0 0 0 146 255 239 198 255 244 255 143 41 0 2 3 1 2 0 0 0 0 0 0 0 0 0 0 0 0 0 10 74 244 224 167 255 230 249 193 220 178 161 77 0 0 3 0 0 0 0 0 0 0 0 0 0 0 0 2 0 71 218 242 245 255 255 240 255 255 255 133 4 14 0 0 0 0 0 0 0 0 0 0 0 0 0 0 4 5 4 174 255 255 244 250 251 248 255 156 0 6 0 0 0 0 0 0 0 0 0 0 0 0 0 0 8 0 4 22 97 13 159 198 255 254 247 152 0 0 11 0 0 0 0 0 0 0 0 0 0 0 0 0 0 0 0 0 0 10 0 15 208 254 252 118 18 0 0 0 0 0 0 0 0 0 0 0 0 0 0 4 21 0 22 3 32 85 74 170 250 255 247 47 0 5 7 0 0 0 0 0 0 0 0 0 0 0 0 0 0 20 92 213 244 255 254 255 243 254 255 80 0 0 0 0 0 0 0 0 0 0 0 0 0 0 0 3 0 52 235 255 255 248 252 255 254 255 212 79 13 0 4 0 0 0 0 0 0 0 0 0 0 0 0 0 12 25 194 249 255 238 255 255 241 206 8 6 6 0 0 0 0 0 0 0 0 0 0 0 0 0 0 0 0 32 174 235 245 255 255 254 246 34 14 0 0 0 11 0 0 0 0 0 0 0 0 0 0 0 0 0 0 7 0 59 252 246 248 251 125 0 1 0 0 0 3 0 0 0 0 0 0 0 0 0 0 0 0 11 0 1 1 124 255 242 255 160 6 23 0 0 6 2 0 0 0 0 0 0 0 0 0 0 0 0 0 0 0 0 127 255 231 222 118 23 4 0 1 2 0 6 0 0 0 0 0 0 0 0 0 0 0 0 0 5 9 30 212 253 255 201 0 0 2 0 14 0 0 15 0 0 0 0 0 0 0 0 0 0 0 0 0 1 7 117 255 246 247 102 2 19 0 13 5 0 0 8 0 0 0 0 0 0 0 0 0 0 0 0 0 0 77 249 255 242 75 0 0 0 14 0 0 2 11 0 6 0 0 0 0 0 0 0 0 0 0 0 0 33 201 251 255 142 0 12 0 0 0 0 0 0 0 0 0 0 0 0 0 0 0 0 0 0 0 0 0 0 23 0 4 7 0 11 0 0 0 0 0 0 0 0 0 0 0 0 0 0 0 0 0 0 0 0 0 0 0 1 0 0 11 0 2 0 0 0 0 0 0 0 0 0 0 0 0 0 0 0 0 0 0 0 0 0 0 11 0 0 7 0 0 0 0 0 0 0 0 0 0 0 0 0 0
0 0 0 0 0 0 0 0 0 0 0 0 0 0 0 0 0 0 0 0 0 0 0 0 0 0 0 0 0 0 0 0 0 0 0 0 0 0 0 0 0 0 0 0 0 0 0 0 0 0 0 0 0 0 0 0 0 0 0 0 0 0 0 0 0 0 0 0 0 0 0 0 0 0 0 0 0 0 0 0 0 0 0 0 0 0 0 0 0 0 0 0 0 0 0 0 0 0 0 0 0 0 0 0 0 0 0 0 0 0 0 0 0 0 0 0 0 0 0 0 0 0 0 0 0 0 0 0 0 0 0 0 0 0 0 0 0 0 0 0 0 0 0 0 0 0 0 0 0 0 0 0 0 0 0 0 0 0 0 0 0 0 0 0 0 0 0 0 0 0 0 0 0 0 0 0 0 0 0 0 0 0 0 0 0 0 0 0 0 0 0 0 0 0 0 0 0 0 0 0 0 0 0 0 0 0 0 0 0 0 0 0 0 0 0 0 0 0 0 0 0 0 0 0 4 0 4 0 0 2 2 0 0 7 0 0 0 0 10 4 0 0 7 1 4 7 24 29 0 0 0 0 0 15 0 6 0 3 0 56 206 209 215 186 131 104 106 113 136 108 113 99 146 203 255 204 0 0 0 0 8 0 0 0 34 0 39 225 255 234 255 255 250 255 255 255 241 247 255 255 246 240 254 179 0 0 0 0 2 0 2 3 0 18 232 255 203 101 89 93 117 174 171 161 195 185 96 90 190 255 202 30 0 0 0 0 0 1 11 6 0 168 255 237 83 1 4 0 0 17 5 0 0 0 0 33 252 230 130 0 0 0 0 0 9 0 4 0 50 255 232 147 0 0 13 19 0 3 0 0 3 0 22 213 255 173 3 13 0 0 0 0 7 0 0 5 97 236 255 5 11 0 0 0 0 0 4 7 0 0 198 247 213 48 7 0 0 0 0 0 0 0 10 0 168 255 63 5 0 3 0 4 5 3 6 0 7 6 214 255 66 0 8 0 0 0 0 0 0 0 3 0 191 254 35 11 5 0 6 4 0 0 0 4 18 175 255 156 1 0 0 0 0 0 0 0 3 4 5 0 79 116 8 0 0 3 9 0 10 0 0 9 214 255 250 47 5 5 0 15 0 0 0 0 0 5 5 0 0 4 7 0 2 0 1 6 0 0 13 91 253 244 97 3 9 10 0 0 0 0 0 0 0 0 2 12 0 0 16 0 4 0 17 0 13 19 19 255 254 138 0 6 0 0 11 0 0 0 0 0 4 0 0 6 4 2 3 0 2 6 0 7 5 4 228 255 191 14 20 0 0 0 0 8 0 0 0 0 5 1 0 0 1 4 0 5 0 4 0 0 4 159 255 215 32 0 10 4 2 14 0 2 0 0 0 0 0 6 0 0 0 0 4 8 4 0 0 29 92 252 247 78 0 19 0 8 0 4 0 3 0 0 0 0 0 10 0 11 2 0 10 0 0 0 10 5 255 251 171 0 4 0 9 0 5 2 4 0 0 0 0 0 0 0 0 0 0 0 0 0 6 5 0 160 249 222 44 0 0 0 0 0 0 0 0 0 0 0 0 0 0 0 0 0 0 0 0 0 0 10 0 46 56 50 0 10 0 0 0 0 0 0 0 0 0 0 0 0 0 0 0 0 0 0 0 0 0 12 6 14 0 0 0 4 0 0 0 0 0 0 0 0 0 0 0 0 0 0 0 0 0 0 0 0 8 2 0 0 1 9 8 0 0 0 0 0 0 0 0 0 0 0 0 0
3 0 0 0 3 0 13 0 0 6 1 0 2 0 0 1 0 5 4 0 0 5 0 7 0 0 0 0 0 3 8 2 1 0 1 0 18 0 0 5 0 4 21 0 0 0 1 0 0 0 0 0 0 0 0 0 5 3 0 0 0 12 0 0 0 1 10 9 4 0 0 0 3 0 0 7 5 5 9 4 0 0 0 0 0 1 15 5 0 4 0 2 2 14 0 0 11 7 0 7 7 0 0 4 0 0 7 3 0 0 0 0 9 2 0 0 0 8 3 4 0 0 1 5 0 0 3 0 0 3 0 9 3 0 2 0 0 0 0 0 6 0 0 2 8 0 5 0 1 2 0 0 7 9 2 6 0 9 0 0 12 1 9 0 0 0 0 0 0 0 12 1 0 5 195 255 255 228 130 89 140 134 84 87 81 89 11 0 1 0 3 0 0 0 0 0 9 0 4 1 1 0 195 247 254 255 255 251 255 254 252 255 255 238 90 5 7 0 1 0 0 0 0 0 4 0 0 1 6 0 31 189 251 251 255 249 254 255 247 255 245 251 255 11 0 8 0 0 0 0 0 0 0 0 0 0 15 9 0 42 57 60 198 240 247 241 255 235 255 255 217 29 9 0 2 9 0 0 0 0 0 5 7 0 0 9 0 0 4 0 0 0 242 255 248 248 253 227 72 3 6 0 5 0 0 0 0 0 1 1 7 0 0 0 6 15 0 0 17 3 255 252 255 255 251 208 0 0 5 0 13 0 0 0 0 0 5 0 0 7 2 0 6 0 18 0 0 0 232 251 255 244 253 218 0 12 0 0 5 5 0 0 0 0 0 1 0 2 0 1 7 0 0 13 5 0 255 255 230 255 251 211 0 4 0 1 0 0 0 0 0 0 0 11 1 0 0 0 9 2 10 0 2 0 244 251 254 255 255 208 0 0 2 12 7 0 0 0 0 0 4 9 0 1 8 0 0 1 0 0 18 0 250 241 255 252 251 211 5 2 1 0 7 0 0 0 0 0 0 0 0 0 0 0 0 0 1 0 2 0 248 252 255 251 255 209 0 12 0 5 0 4 0 0 0 0 0 0 0 0 0 0 0 0 1 0 2 0 248 252 255 251 245 225 0 0 8 0 4 0 0 0 0 0 0 0 0 0 0 0 0 0 1 0 2 0 248 252 255 251 255 71 0 12 0 0 0 19 0 0 0 0 0 0 0 0 0 0 0 0 1 0 2 0 248 252 255 251 191 50 0 0 13 0 0 0 0 0 0 0 0 0 0 0 0 0 0 0 1 0 2 0 248 252 255 251 129 6 0 0 17 6 4 0 0 0 0 0 0 0 0 0 0 0 0 0 1 0 2 0 248 252 255 251 203 14 7 6 0 3 0 10 0 0 0 0 0 0 0 0 0 0 0 0 1 0 2 0 248 252 255 251 254 188 14 0 3 0 7 0 0 0 0 0 0 0 0 0 0 0 0 0 1 0 2 0 248 252 255 251 246 126 0 8 0 1 0 1 0 0 0 0 0 0 0 0 0 0 0 0 0 10 0 0 80 211 255 249 255 126 18 0 0 0 6 0 0 0 0 0 0 0 0 0 0 0 0 0 5 0 0 0 13 65 162 248 143 48 0 0 0 0 1 0 0 0 0 0 0 0 0 0 0 0 0 0 2 0 0 3 0 0 0 0 24 0 0 8 2 0 2 0 0 0 0 0 0 0 0 0 0 0 0 0 0 10 5 0 0 11 17 8 0 0 2 13 1 0 2 2 0 0 0 0
0 0 0 0 0 0 0 0 0 3 1 0 0 0 3 2 7 1 0 0 0 4 2 0 0 0 0 0 0 0 0 0 0 0 0 0 1 0 0 9 9 0 0 0 0 0 4 6 3 0 0 0 0 0 0 0 0 0 0 0 0 0 0 0 8 0 0 0 0 0 0 0 6 6 4 0 0 0 1 7 0 0 0 0 0 0 0 0 0 0 0 0 0 1 6 0 1 11 8 0 0 0 0 1 6 4 0 0 0 0 0 0 0 0 0 0 0 0 0 0 0 6 7 0 0 0 0 0 10 4 3 6 5 0 0 0 0 0 0 0 0 0 0 0 0 0 0 0 0 0 0 4 4 0 4 17 0 0 0 0 0 0 0 13 0 0 0 0 0 0 0 0 0 0 0 0 0 2 0 0 0 5 1 0 14 4 0 7 9 2 0 0 0 0 0 0 0 0 0 0 0 0 0 0 0 10 0 0 53 177 253 255 239 163 74 22 6 1 0 1 0 0 0 0 0 7 0 3 8 0 0 0 0 3 52 54 198 251 252 252 255 234 255 194 3 0 9 0 0 0 0 0 0 14 1 0 0 0 11 8 2 171 250 246 245 255 255 250 244 255 247 255 52 13 0 13 0 0 0 0 4 3 0 3 0 0 7 0 0 163 255 255 255 222 255 255 255 246 243 239 165 0 7 0 0 0 0 0 5 0 0 12 8 0 2 0 144 243 255 252 213 182 192 240 241 251 255 255 165 0 0 0 0 0 0 0 0 0 2 4 0 0 2 13 255 233 255 249 165 0 19 218 246 255 252 224 55 4 0 10 0 0 0 0 0 5 4 0 1 10 0 0 231 255 248 190 14 14 0 171 255 246 245 103 4 0 8 0 0 0 0 0 2 4 0 0 12 11 0 25 255 255 248 98 0 0 10 169 242 254 246 82 4 0 3 0 0 0 0 0 0 0 4 0 4 0 18 154 254 250 254 77 1 0 78 255 255 246 180 0 0 0 10 0 0 0 0 0 0 0 4 1 6 0 17 153 249 251 196 31 0 7 196 253 236 255 48 0 5 0 1 0 0 0 0 0 1 4 0 0 13 11 0 25 68 58 0 0 35 192 237 252 255 186 13 0 4 0 0 7 0 0 0 0 0 6 4 0 0 10 0 0 0 2 7 15 84 255 255 254 242 78 0 0 0 0 0 8 0 0 0 0 1 0 1 2 0 0 3 14 6 21 0 0 73 255 250 189 113 3 0 1 0 0 6 0 0 0 0 0 7 0 0 10 7 0 3 1 9 0 0 13 199 251 255 86 10 0 5 0 3 0 12 0 0 0 0 0 4 3 0 2 0 0 7 0 0 0 10 164 254 255 242 86 0 3 0 0 11 0 10 0 0 0 0 0 0 13 1 0 0 0 11 7 12 0 3 166 246 240 249 95 7 7 0 0 7 0 5 0 0 0 0 0 0 7 0 5 10 0 0 0 2 0 30 210 248 255 228 49 0 0 7 0 0 7 3 0 0 0 0 0 0 0 0 0 0 0 0 0 0 2 81 247 255 255 54 0 0 0 0 0 0 0 0 0 0 0 0 0 0 0 0 0 0 0 0 0 6 3 92 248 248 255 102 2 0 0 0 0 0 0 0 0 0 0 0 0 0 0 0 0 0 0 0 0 0 0 31 199 249 139 0 15 0 0 0 0 0 0 0 0 0 0 0 0 0 0 0 0 0 0 0 0 0 11 0 0 0 6 9 0 0 0 0 0 0 0 0 0 0 0 0 0
0 0 0 0 0 0 0 1 0 0 0 2 0 0 13 7 1 1 0 0 0 0 1 1 0 0 0 0 0 0 0 0 0 0 0 0 0 7 7 8 10 5 0 0 0 0 0 0 0 0 0 0 0 0 0 0 0 0 0 0 0 0 0 0 0 8 0 0 0 1 0 0 0 0 0 1 1 0 0 0 0 0 0 0 0 0 1 1 1 0 0 0 0 0 6 0 5 13 4 13 1 1 1 1 1 1 1 1 0 0 0 0 0 0 1 1 1 0 0 0 12 0 2 8 0 0 0 0 3 2 0 0 0 0 2 3 0 0 0 0 0 0 0 0 0 1 2 3 0 0 0 12 4 0 14 5 1 0 0 0 0 0 0 1 0 0 0 0 1 0 0 0 0 1 5 7 0 29 0 0 14 0 5 0 0 1 3 4 4 3 1 0 0 0 0 0 1 0 0 0 0 2 6 9 215 237 76 0 5 0 2 2 0 4 9 13 13 9 4 0 0 0 0 0 4 0 0 2 0 0 9 29 249 250 217 160 136 150 154 140 134 223 251 255 253 225 32 0 0 0 0 0 2 0 0 3 0 0 3 18 183 230 255 253 241 249 255 255 255 237 240 255 235 243 176 9 0 0 0 0 2 0 0 3 2 0 0 4 0 73 161 207 214 209 201 194 194 134 109 217 239 255 255 19 0 0 0 0 2 0 0 2 2 0 0 0 0 3 2 0 0 0 3 13 7 0 19 20 207 255 129 15 0 0 0 0 4 0 0 0 2 1 0 1 0 0 0 1 7 5 0 0 3 0 21 255 254 226 31 0 0 0 0 0 3 1 0 0 1 2 3 3 5 3 4 7 7 4 2 1 0 89 211 251 250 127 0 10 0 0 0 0 1 2 2 1 0 1 1 1 0 0 0 0 0 0 0 1 33 174 251 245 151 12 0 0 0 0 0 0 0 2 4 3 0 0 0 0 1 4 4 1 2 7 7 4 224 255 249 148 6 2 0 3 0 0 0 0 1 1 1 0 0 0 0 0 5 0 0 0 16 0 0 190 255 253 137 7 0 6 0 0 0 0 0 0 1 1 1 0 0 0 0 0 6 0 6 12 0 19 199 235 254 133 20 0 7 3 0 5 0 0 0 0 1 1 0 0 0 0 0 0 4 4 0 0 21 207 255 255 133 26 0 1 1 0 7 0 0 0 0 0 0 0 0 0 0 0 0 0 1 0 19 11 159 255 246 208 7 0 6 12 0 0 12 0 0 0 0 0 0 0 0 0 0 0 0 0 3 0 20 159 255 226 238 48 0 0 0 1 0 0 0 6 0 0 0 0 0 0 0 0 0 0 1 1 0 23 159 252 255 198 40 5 3 11 0 0 8 5 0 0 0 0 0 0 0 0 0 0 0 1 1 1 13 183 255 253 212 25 0 15 0 11 8 0 3 6 0 0 0 0 0 0 0 0 0 0 0 1 1 1 178 241 249 225 45 7 4 0 7 0 0 6 1 0 0 10 0 0 0 0 0 16 0 0 5 14 0 135 241 255 232 72 7 0 6 2 0 0 0 0 0 0 0 0 0 0 0 0 0 5 0 7 0 0 19 204 255 209 86 3 0 2 0 2 0 0 0 0 0 0 0 0 0 0 0 0 6 0 0 12 0 0 10 144 210 124 12 2 9 11 0 9 0 0 0 0 0 0 0 0 0 0 0 0 3 0 0 7 0 9 0 19 8 0 0 0 0 1 0 9 0 0 0 0 0 0 0 0 0 0 0 0
0 0 0 0 6 1 0 8 0 4 6 1 0 0 0 0 0 0 1 2 2 0 0 0 0 0 0 0 1 11 11 0 0 0 0 0 4 0 0 0 2 3 2 3 10 6 0 0 0 0 0 1 0 0 0 0 0 0 0 3 2 6 6 0 3 0 3 10 7 0 0 0 2 0 0 1 3 3 0 0 0 0 0 0 14 0 0 10 5 0 0 0 0 0 0 0 0 0 0 1 0 0 2 3 3 2 0 0 0 0 0 0 8 2 3 3 0 0 2 12 11 7 0 0 0 5 2 0 5 5 2 0 0 0 1 7 0 0 0 0 0 1 0 0 5 10 0 0 0 5 13 8 2 3 2 0 0 0 0 0 0 0 0 2 0 0 0 0 3 14 0 0 14 1 0 14 1 0 0 0 0 0 0 9 14 8 3 3 5 4 0 0 0 0 0 0 0 6 0 0 4 0 32 162 255 168 94 86 100 95 86 88 89 59 20 0 0 0 3 2 0 0 0 0 0 0 0 0 7 0 151 249 255 245 255 255 248 252 250 255 239 246 197 0 15 9 0 0 0 0 0 0 6 9 7 0 11 15 170 255 250 253 255 247 245 255 255 247 255 250 243 116 0 0 8 5 0 0 0 0 0 0 1 0 1 0 87 136 57 48 50 61 122 202 225 222 252 251 255 205 0 0 11 0 0 0 0 0 0 1 2 0 10 0 7 0 4 8 18 3 0 0 0 21 178 253 248 205 3 7 2 0 0 0 0 0 5 4 0 0 9 2 6 0 0 0 0 0 13 12 0 3 157 255 253 191 0 0 0 5 0 0 0 0 0 0 0 0 0 0 8 7 0 13 15 0 0 0 0 29 231 251 255 194 0 0 10 0 0 0 0 0 0 5 11 4 0 0 0 4 0 0 0 0 12 7 0 27 255 246 253 195 0 5 8 0 0 0 0 0 1 0 0 0 0 6 0 0 5 0 0 0 1 0 16 117 248 248 255 190 0 7 0 0 0 0 0 0 0 0 0 0 0 0 0 0 0 0 0 1 0 8 29 211 249 255 254 143 0 14 0 0 0 0 0 0 0 0 0 0 0 0 0 0 0 9 10 0 20 0 108 251 255 249 237 38 9 5 0 7 0 0 0 0 0 0 0 0 0 0 0 0 3 0 9 3 0 16 242 249 248 244 93 0 2 0 0 0 0 0 0 0 0 0 0 0 0 0 0 0 0 14 1 0 3 127 255 255 255 192 0 7 12 8 1 9 0 0 0 0 0 0 0 0 0 0 0 0 0 8 0 0 37 211 243 255 207 37 0 0 1 4 0 0 0 0 0 0 0 0 0 0 0 0 0 0 10 0 7 8 113 244 255 253 111 0 17 12 0 1 14 2 0 0 0 0 0 0 0 0 0 0 0 0 1 7 14 0 239 255 253 216 12 0 0 11 0 0 5 0 0 0 0 0 0 0 0 0 0 0 0 0 0 1 1 0 250 247 255 88 0 0 8 0 7 16 0 12 0 0 0 0 0 0 0 0 0 0 0 0 1 6 0 0 255 242 248 160 0 0 0 0 0 0 0 0 0 0 0 0 0 0 0 0 0 0 0 0 0 9 3 1 217 255 255 188 0 0 0 0 0 0 0 0 0 0 0 0 0 0 0 0 0 0 0 0 4 0 0 8 153 232 104 3 0 0 0 0 0 0 0 0 0 0 0 0 0 0 0 0 0 0 0 0 0 10 13 0 0 26 0 10 0 0 0 0 0 0 0 0 0 0 0 0
0 0 0 0 0 0 0 0 0 0 3 5 0 0 2 5 6 13 0 0 4 0 3 0 0 0 0 0 0 0 0 0 0 0 0 0 10 0 0 10 11 0 0 0 0 0 3 7 3 0 1 2 0 0 0 0 0 0 0 0 0 0 0 0 0 6 4 0 0 1 9 8 9 1 10 2 0 0 2 8 0 0 0 0 0 0 0 0 0 0 0 0 8 2 0 8 21 6 0 0 0 0 1 3 0 9 0 0 0 0 0 0 0 0 0 0 0 0 0 0 0 0 0 0 0 0 0 3 7 0 5 4 2 6 3 0 0 0 0 0 0 0 0 0 0 0 0 0 11 0 1 3 0 5 6 0 0 8 0 0 2 0 2 8 0 0 0 0 0 0 0 0 0 0 0 0 5 0 1 11 0 22 139 227 0 28 0 0 20 0 0 0 0 0 0 0 0 0 0 0 0 0 0 0 0 3 3 0 54 201 225 102 175 161 19 0 11 0 7 3 0 0 0 0 0 0 0 0 0 0 0 0 4 2 0 37 222 255 224 243 220 255 41 2 0 11 0 9 0 0 0 0 0 0 0 0 0 0 0 0 1 0 0 203 253 251 205 45 107 243 94 0 0 2 12 0 0 0 0 0 0 0 0 0 0 0 0 0 0 20 73 243 254 184 26 5 148 255 93 0 14 0 9 0 0 0 0 0 0 0 0 0 0 0 0 0 0 33 235 235 185 4 2 0 211 255 17 0 0 0 0 8 0 0 0 0 0 0 0 0 0 0 0 0 3 92 241 189 4 0 14 3 219 220 1 6 0 13 0 4 0 0 0 0 0 0 0 0 0 0 0 0 12 63 118 5 0 2 0 30 249 152 10 6 0 11 2 0 0 0 0 0 0 0 0 0 0 0 0 0 0 9 0 1 15 0 6 70 255 49 0 0 0 3 0 0 0 0 0 0 0 0 0 0 0 0 0 0 4 0 20 0 0 14 0 194 255 24 10 12 0 10 0 0 0 0 0 0 0 0 0 0 0 0 0 0 2 0 10 0 0 4 3 214 171 10 0 7 0 5 0 15 0 0 0 0 0 0 0 0 0 0 0 0 1 9 0 12 4 3 154 255 98 0 0 5 0 8 0 5 0 0 0 0 0 0 0 0 0 0 0 0 0 12 0 1 0 0 221 232 24 0 0 0 0 7 0 0 0 0 0 0 0 0 0 0 0 0 0 0 0 3 3 1 20 87 255 207 0 7 0 0 0 0 5 2 0 0 0 0 0 0 0 0 0 0 0 0 2 3 11 0 0 156 234 76 0 12 0 0 2 0 3 5 0 0 0 0 0 0 0 0 0 0 0 0 0 0 0 0 22 243 255 33 0 4 0 1 7 0 0 1 0 0 0 0 0 0 0 0 0 0 0 0 11 4 1 7 100 255 147 0 0 0 1 2 3 3 0 0 0 0 0 0 0 0 0 0 0 0 0 0 0 0 0 9 192 255 19 12 4 0 7 0 0 6 1 0 0 0 0 0 0 0 0 0 0 0 0 0 0 30 0 48 255 204 13 0 0 0 0 0 0 0 0 0 0 0 0 0 0 0 0 0 0 0 0 0 9 0 20 35 234 64 2 0 0 0 0 0 0 0 0 0 0 0 0 0 0 0 0 0 0 0 0 0 0 11 0 0 11 12 0 2 0 0 0 0 0 0 0 0 0 0 0 0 0 0 0 0 0 0 0 0 0 6 0 6 0 0 0 5 0 0 0 0 0 0 0 0 0 0 0 0
0 0 0 0 0 0 0 0 2 3 3 2 0 0 0 0 3 2 2 0 1 2 0 8 0 0 0 0 0 0 0 0 0 0 0 0 0 0 0 0 0 1 3 4 0 0 8 4 0 0 0 4 0 0 0 0 0 0 0 0 0 0 0 0 0 0 0 0 4 7 5 3 10 0 0 0 2 9 10 0 0 0 0 0 0 0 0 0 0 0 0 0 1 3 4 5 3 0 0 0 0 0 1 5 0 0 3 0 0 0 0 0 0 0 0 0 0 0 0 0 0 0 0 0 0 1 5 9 0 0 0 7 8 0 6 0 0 0 0 0 0 0 0 0 0 0 0 0 11 10 6 0 0 0 0 2 4 9 0 4 9 0 0 16 0 0 0 0 0 0 0 0 0 0 0 0 0 0 0 0 4 6 1 0 26 118 174 227 190 56 0 0 0 0 0 0 0 0 0 0 0 0 0 0 0 15 54 109 165 200 209 205 238 255 238 255 250 111 19 0 0 0 0 0 2 0 0 3 0 39 71 154 254 250 255 250 255 242 255 250 250 237 225 255 255 237 0 5 0 0 0 0 0 10 2 0 47 239 255 249 248 255 237 254 253 198 214 153 85 30 113 240 255 125 27 0 0 0 0 0 0 6 0 0 50 247 251 242 203 203 141 97 37 0 20 3 16 21 217 255 168 2 0 0 0 0 0 0 14 2 0 5 0 43 32 41 4 0 12 12 7 2 0 0 0 96 255 251 69 10 0 10 0 0 0 0 0 0 0 4 9 8 8 0 8 0 0 0 0 10 0 2 80 224 238 255 2 0 5 3 0 0 0 0 0 8 2 0 7 0 2 1 1 8 0 12 0 0 5 0 146 242 255 255 0 0 10 0 0 0 0 0 7 0 7 0 7 0 29 152 102 84 52 93 106 126 138 127 255 247 249 154 0 12 0 0 0 0 0 0 10 0 9 0 0 11 42 255 255 236 252 255 242 255 237 255 247 255 251 230 181 67 0 1 0 0 0 0 2 0 0 5 0 0 23 63 125 197 255 239 218 255 247 255 238 255 235 255 252 253 160 19 0 0 0 0 2 0 0 4 0 0 0 16 7 0 52 36 44 118 255 248 255 197 165 211 171 255 254 42 0 0 0 0 0 0 0 2 0 0 0 0 0 0 4 0 18 186 220 255 68 15 0 23 11 106 124 0 0 0 0 0 1 1 0 0 0 3 4 1 11 0 0 0 46 255 255 211 0 12 0 0 0 7 1 5 0 0 0 0 1 5 3 0 0 0 0 0 0 18 0 34 210 251 250 49 5 17 1 9 0 0 0 5 0 0 0 0 0 1 5 2 0 0 0 0 0 49 5 138 240 255 174 8 0 0 0 0 0 5 7 0 0 0 0 0 0 0 0 5 6 3 3 4 10 201 157 255 255 230 0 3 0 11 13 1 4 6 0 0 0 0 0 0 7 0 0 0 1 0 0 0 0 207 255 245 226 59 0 7 11 0 0 5 0 0 5 5 0 0 0 0 0 0 0 0 0 0 0 0 0 226 235 255 187 1 0 2 0 0 0 0 0 0 0 0 0 0 0 0 0 0 0 0 0 0 0 0 17 65 250 232 49 0 7 0 0 0 0 0 0 0 0 0 0 0 0 0 0 0 0 0 0 0 0 0 4 0 15 0 0 13 0 0 0 0 0 0 0 0 0 0 0 0 0 0 0 0 0 0 0 0 0 0 0 21 0 0 0 0 9 19 0 0 0 0 0 0 0 0 0 0 0 0
0 0 0 0 0 0 0 0 0 0 0 0 0 0 0 0 5 0 0 9 11 0 0 3 0 0 0 0 0 0 0 0 0 0 0 0 0 0 0 0 0 0 0 0 0 2 9 0 0 9 1 0 0 0 0 0 0 0 0 0 0 0 0 0 0 0 0 0 0 0 0 0 0 0 4 6 4 0 0 0 0 0 0 0 0 0 0 0 0 0 0 0 0 0 0 0 0 0 0 0 0 14 0 0 0 0 10 0 0 0 0 0 0 0 0 0 0 0 0 0 0 0 0 0 0 0 0 0 2 1 3 13 12 0 0 1 0 0 0 0 0 0 0 0 0 0 0 0 0 0 0 0 0 0 0 0 9 0 3 0 0 6 0 6 0 0 0 0 0 0 0 0 0 0 0 0 0 0 0 0 0 0 0 0 0 2 0 2 8 8 7 0 0 0 0 0 0 0 0 0 0 0 0 0 0 0 0 0 0 0 0 0 8 0 0 223 232 14 0 3 0 0 0 0 0 3 3 1 0 12 0 7 4 140 160 5 0 1 5 0 0 2 140 255 243 29 0 0 0 0 0 0 1 2 0 11 0 0 3 1 73 255 255 160 21 0 1 8 9 48 233 255 115 0 3 7 0 0 0 0 0 6 0 14 0 0 12 0 111 244 247 255 194 171 54 13 93 225 229 254 116 5 0 0 0 0 0 0 0 12 0 2 0 4 0 15 224 255 155 191 255 255 253 253 255 243 255 255 0 2 18 0 0 0 0 0 0 8 1 0 0 0 0 120 254 184 0 18 82 53 179 186 179 232 245 129 0 15 0 0 0 0 0 0 4 0 0 0 1 0 19 224 249 77 0 6 5 5 18 0 27 238 255 56 22 0 3 10 0 0 0 0 3 0 0 8 0 3 24 164 131 0 20 0 0 20 0 3 152 250 204 0 7 13 0 0 0 0 0 0 4 2 5 9 0 0 0 9 0 0 10 0 24 0 0 9 217 255 85 9 1 0 8 0 0 0 0 0 0 0 0 0 0 0 0 0 0 3 0 7 0 8 0 47 243 251 15 0 0 1 2 0 0 0 0 0 0 0 0 0 0 0 0 0 6 5 0 9 0 0 1 159 252 160 5 0 0 0 0 3 0 0 0 0 0 0 0 0 0 0 0 0 5 1 0 0 0 0 31 246 255 65 7 0 4 0 0 3 0 0 0 0 0 0 0 0 0 0 0 0 0 0 0 0 8 1 102 255 200 11 6 0 4 0 0 1 0 0 0 0 0 0 0 0 0 0 0 0 0 0 4 0 11 3 194 255 97 0 0 0 0 4 0 1 0 0 0 0 0 0 0 0 0 0 0 0 9 0 0 0 0 1 253 255 30 9 0 0 0 4 1 0 0 0 0 0 0 0 0 0 0 0 0 0 5 0 0 0 0 32 255 239 18 12 5 1 1 0 5 0 0 0 0 0 0 0 0 0 0 0 0 0 0 7 1 3 0 82 255 203 16 0 0 0 2 0 11 0 0 0 0 0 0 0 0 0 0 0 0 0 0 4 0 0 12 90 240 112 0 0 0 0 0 0 0 0 0 0 0 0 0 0 0 0 0 0 0 0 0 15 0 9 0 92 255 18 0 0 0 0 0 0 0 0 0 0 0 0 0 0 0 0 0 0 0 0 10 8 0 4 0 59 255 80 0 0 0 0 0 0 0 0 0 0 0 0 0 0 0 0 0 0 0 0 0 0 15 18 1 0 21 0 0 0 0 0 0 0 0 0 0 0 0 0
0 5 0 0 4 1 2 2 2 0 2 2 0 0 0 0 5 7 0 0 5 7 0 0 0 0 0 0 0 5 0 0 0 0 0 0 0 0 0 5 10 5 5 0 0 3 4 5 5 0 0 3 0 0 0 0 0 0 4 1 0 2 6 0 0 12 0 0 0 0 0 5 0 0 0 3 2 0 0 8 0 0 0 0 0 0 5 3 0 6 5 0 8 11 0 0 6 7 0 0 5 0 0 0 0 2 5 1 0 0 0 0 6 0 5 0 0 0 0 0 0 0 7 2 5 9 0 2 4 3 7 2 0 4 8 0 0 0 0 0 5 0 4 0 0 0 0 28 16 0 3 3 0 0 0 10 0 0 7 7 0 0 9 0 0 0 0 0 0 0 5 0 8 5 3 85 113 62 15 36 14 0 15 0 22 0 0 5 0 0 9 2 0 0 0 0 0 0 8 0 5 0 2 113 250 255 224 243 141 46 120 99 96 19 0 5 1 0 6 0 0 0 0 0 0 0 0 0 0 0 0 0 104 230 229 255 238 253 233 255 252 35 12 1 0 2 0 0 0 0 0 0 0 0 0 0 0 0 0 0 0 3 9 78 136 171 87 40 193 225 23 0 17 0 1 9 0 0 0 0 0 0 0 0 0 0 0 0 0 0 3 11 1 5 0 1 158 255 86 3 0 5 0 1 0 0 0 0 0 0 0 0 0 0 0 0 12 15 0 1 0 0 5 3 194 234 117 11 0 2 4 0 0 0 0 0 0 0 0 0 0 0 0 0 0 0 0 6 0 0 3 98 245 255 59 0 4 0 17 3 0 0 0 0 0 0 0 0 0 0 0 0 24 0 3 1 0 9 22 215 255 230 5 0 0 0 13 0 0 0 0 0 0 0 0 0 0 0 0 0 0 0 7 10 0 0 85 255 248 122 1 3 0 12 1 0 0 0 0 0 0 0 0 0 0 0 0 0 0 20 0 3 6 0 175 250 255 86 4 0 12 0 0 6 0 0 0 0 0 0 0 0 0 0 0 0 0 0 2 0 15 32 223 251 195 32 0 3 2 9 0 0 0 0 0 0 0 0 0 0 0 0 0 0 19 0 3 17 0 106 255 247 87 0 0 2 0 3 0 5 0 0 0 0 0 0 0 0 0 0 0 0 0 4 0 7 1 207 255 218 10 0 10 2 0 3 0 2 0 0 0 0 0 0 0 0 0 0 0 0 0 28 0 0 61 255 247 107 1 3 12 0 0 9 0 0 0 0 0 0 0 0 0 0 0 0 0 0 0 0 0 0 115 253 252 12 0 1 0 0 1 6 0 5 0 0 0 0 0 0 0 0 0 0 0 0 3 5 0 12 211 255 227 34 0 0 0 1 3 0 0 9 0 0 0 0 0 0 0 0 0 0 0 0 0 13 0 53 242 220 69 4 1 3 4 9 3 0 0 3 0 0 0 0 0 0 0 0 0 0 0 0 5 1 1 153 255 216 0 0 3 0 0 2 0 0 8 0 0 0 0 0 0 0 0 0 0 0 0 0 12 0 7 165 255 67 3 3 0 0 0 0 0 0 0 0 0 0 0 0 0 0 0 0 0 0 0 0 0 0 0 64 127 22 1 0 0 0 0 0 0 0 0 0 0 0 0 0 0 0 0 0 0 0 0 0 0 3 1 0 17 0 3 0 0 0 0 0 0 0 0 0 0 0 0 0 0 0 0 0 0 0 0 0 3 0 8 0 0 0 2 7 0 0 0 0 0 0 0 0 0 0 0 0
9 0 0 2 10 0 0 10 1 0 3 0 0 0 6 0 0 1 0 0 13 1 1 0 0 0 0 0 0 0 8 5 0 0 0 0 1 2 1 8 0 7 2 0 0 0 9 4 0 0 0 0 0 0 0 0 5 0 0 0 0 6 14 7 0 0 0 7 0 5 0 0 5 0 0 9 0 3 9 0 0 0 0 0 6 0 0 7 1 0 0 0 5 8 0 7 0 4 0 6 10 0 0 0 3 0 1 0 0 0 0 0 0 1 8 4 0 0 5 9 0 8 0 3 0 0 0 6 0 0 4 0 15 0 0 14 0 0 0 0 0 12 1 0 0 7 1 0 0 7 5 0 9 2 0 1 10 2 0 0 16 0 0 0 0 0 0 0 0 8 0 0 13 0 0 10 0 10 6 0 14 6 5 2 0 0 0 26 0 0 1 0 0 0 0 0 2 4 0 0 7 0 58 208 253 255 244 197 253 249 255 250 255 255 255 249 50 11 0 0 0 0 0 0 0 3 0 7 0 0 211 250 255 248 253 246 247 255 255 252 252 255 243 255 205 14 7 9 0 0 0 0 2 0 0 0 5 69 254 238 252 250 255 255 250 242 238 245 253 247 255 251 254 81 0 0 0 0 0 0 3 0 4 0 4 98 255 255 251 249 255 253 255 255 254 255 241 255 254 239 255 79 8 7 0 0 0 0 3 0 11 0 0 46 183 255 255 255 250 224 218 232 207 231 255 255 239 255 229 155 0 2 0 0 0 0 0 0 10 0 0 0 61 185 255 237 173 73 0 0 22 166 255 249 249 250 211 31 32 0 0 0 0 0 0 0 3 0 12 0 0 54 120 57 2 3 4 4 1 152 250 248 255 254 62 0 0 20 0 0 0 0 1 0 0 0 8 6 0 0 5 0 0 7 0 0 12 221 254 255 250 238 56 0 1 0 0 0 0 0 4 0 1 5 0 3 12 3 0 6 3 2 0 16 46 253 255 242 255 178 16 4 0 7 0 0 0 0 0 0 0 0 0 0 0 0 5 0 3 0 4 0 171 248 251 250 255 116 13 1 0 0 0 0 0 0 0 0 0 0 0 0 0 0 0 7 0 4 0 0 179 255 255 255 174 13 10 0 4 0 0 0 0 0 0 0 0 0 0 0 0 0 0 6 0 0 8 45 223 255 249 255 153 0 9 0 0 5 0 0 0 0 0 0 0 0 0 0 0 0 1 0 0 0 11 66 255 248 246 251 154 8 0 0 0 0 0 0 0 0 0 0 0 0 0 0 0 0 0 0 12 1 0 70 255 248 253 250 78 0 0 2 9 0 0 0 0 0 0 0 0 0 0 0 0 0 4 0 0 3 10 139 251 255 250 255 11 0 8 0 7 0 0 0 0 0 0 0 0 0 0 0 0 0 7 0 0 0 124 232 254 255 247 216 6 8 11 0 0 0 0 0 0 0 0 0 0 0 0 0 0 0 0 0 21 0 226 255 247 251 255 120 7 0 0 10 1 0 0 0 0 0 0 0 0 0 0 0 0 0 0 0 0 9 231 247 252 251 251 126 8 0 0 0 20 0 0 0 0 0 0 0 0 0 0 0 0 0 14 11 0 7 208 254 255 250 255 105 6 0 0 0 0 1 0 0 0 0 0 0 0 0 0 0 0 0 0 0 0 13 167 240 255 254 146 29 0 3 6 3 0 4 0 0 0 0 0 0 0 0 0 0 0 0 7 14 0 0 0 11 0 0 8 0 0 1 0 6 0 0 0 0 0 0
0 0 0 0 0 0 0 0 0 0 0 0 0 0 0 0 0 0 0 0 0 0 0 0 0 0 0 0 0 0 0 0 0 0 0 0 0 0 0 0 0 0 0 0 0 0 0 0 0 0 0 0 0 0 0 0 0 0 0 0 0 0 0 0 0 0 0 0 0 0 0 0 0 0 0 0 0 0 0 0 0 0 0 0 0 0 0 0 0 0 0 0 0 0 0 0 0 0 0 0 0 0 0 0 0 0 0 0 0 0 0 0 0 0 0 0 0 0 0 0 0 0 0 0 0 0 0 0 0 0 0 0 0 0 0 0 0 0 0 0 0 0 0 0 0 0 0 0 0 0 0 0 0 0 0 0 0 0 0 0 0 0 0 0 0 0 0 0 0 0 0 0 0 0 0 0 0 0 0 0 0 0 0 0 0 0 0 0 0 0 0 0 0 0 0 0 0 0 0 0 0 0 0 0 0 0 0 0 0 0 0 0 0 0 0 0 0 0 0 0 0 0 0 0 18 0 1 2 0 90 222 255 246 255 255 244 255 255 249 255 245 153 16 6 0 6 5 0 0 0 0 0 0 7 18 0 14 152 226 168 208 218 195 161 154 165 194 234 255 255 60 0 4 0 0 0 0 0 0 0 18 0 0 0 0 1 10 0 0 2 4 0 0 3 9 15 16 221 162 7 14 0 9 15 0 0 0 0 0 0 5 14 3 0 0 11 0 0 0 0 1 3 0 0 6 133 208 0 0 11 0 0 0 0 0 0 0 6 3 0 0 5 2 0 6 0 3 2 0 0 9 12 5 50 201 0 3 0 0 16 0 0 0 0 9 0 0 1 5 0 0 1 2 0 0 1 1 0 0 0 0 78 172 0 18 1 0 0 0 0 0 0 0 3 11 1 0 3 11 0 0 2 0 0 8 6 2 16 31 147 159 9 0 0 14 5 0 0 0 0 9 0 0 9 0 0 4 0 44 94 130 159 189 192 205 247 250 255 238 212 198 201 86 0 0 0 0 0 0 0 0 0 0 0 0 0 131 118 172 129 128 102 167 190 206 250 229 223 207 228 108 4 0 0 0 0 0 0 0 0 0 0 0 0 0 2 0 3 11 0 0 23 70 164 5 0 23 9 14 0 0 0 0 0 0 0 0 0 0 0 0 0 0 5 0 0 13 0 9 0 147 78 0 0 10 0 0 15 0 0 0 0 0 0 0 0 0 0 0 0 2 0 13 0 2 0 13 51 196 0 9 10 0 9 0 0 0 0 0 0 0 0 0 0 0 0 0 0 7 0 14 0 0 11 0 209 81 4 9 0 0 0 12 0 0 0 0 0 0 0 0 0 0 0 0 0 0 6 0 2 0 0 83 211 1 6 4 0 16 0 5 0 0 0 0 0 0 0 0 0 0 0 0 0 0 14 0 0 1 13 215 82 26 0 0 0 1 0 0 8 0 0 0 0 0 0 0 0 0 0 0 0 6 8 0 0 10 105 206 13 0 0 1 0 7 6 0 2 0 0 0 0 0 0 0 0 0 0 0 0 0 0 15 0 37 232 44 0 0 0 0 0 0 0 0 0 0 0 0 0 0 0 0 0 0 0 0 0 5 0 2 11 240 80 0 8 0 0 0 0 0 0 0 0 0 0 0 0 0 0 0 0 0 0 0 0 11 0 20 172 125 9 0 0 0 0 0 0 0 0 0 0 0 0 0 0 0 0 0 0 0 0 0 0 0 7 149 149 19 0 21 0 0 0 0 0 0 0 0 0 0 0 0 0
4 0 0 0 0 0 0 4 0 3 2 0 0 0 3 3 0 0 0 1 6 0 0 4 0 0 0 0 0 1 3 5 3 0 0 0 0 0 0 4 11 5 0 0 3 4 0 0 5 2 0 6 0 0 0 0 0 1 4 2 0 0 0 0 11 3 0 0 0 0 0 10 0 5 0 0 3 4 0 0 0 0 0 0 0 2 0 0 0 1 4 1 0 0 0 0 0 0 2 6 0 5 3 0 3 3 0 0 0 0 0 0 4 3 0 0 2 7 5 0 7 7 1 0 0 9 3 0 0 8 5 0 0 0 0 6 0 0 0 0 0 0 0 4 6 1 0 0 0 0 0 0 0 0 2 0 1 3 0 0 0 0 0 11 0 0 0 0 0 0 0 4 1 0 0 15 13 1 0 5 7 0 0 0 1 0 0 5 17 5 0 4 0 0 0 0 7 0 0 4 0 0 15 49 255 139 27 0 0 0 0 2 1 0 0 29 48 25 0 0 0 0 0 0 0 0 2 15 0 0 8 137 253 255 181 115 57 63 62 50 53 126 175 216 249 109 0 4 0 0 0 0 9 0 2 0 1 0 13 232 253 246 253 255 247 250 255 255 255 255 247 244 248 112 21 0 0 0 0 0 0 9 0 8 11 0 115 246 238 137 175 236 255 254 254 249 242 138 225 255 253 142 0 10 0 0 0 0 0 9 0 9 0 0 196 244 251 27 6 11 10 0 3 0 3 6 82 255 255 62 9 0 0 0 0 0 13 0 0 0 6 31 196 255 225 0 0 0 0 0 8 11 0 11 209 248 253 102 0 18 0 0 0 0 0 0 12 3 15 81 252 254 229 24 12 5 10 2 0 0 6 92 255 251 244 49 0 0 0 0 0 0 3 8 6 0 0 46 231 243 255 73 14 0 0 1 5 1 0 171 241 255 169 0 15 0 0 0 0 0 6 0 4 0 7 0 48 212 164 34 4 1 9 0 0 5 25 222 255 236 10 6 0 7 0 0 0 0 0 0 0 0 0 0 0 0 0 6 15 56 209 167 177 170 229 239 255 251 106 56 17 0 0 0 0 0 0 0 0 0 0 0 0 0 16 0 89 253 252 244 255 237 248 235 254 255 254 254 146 1 0 0 0 0 0 0 0 0 0 0 0 0 3 0 56 246 242 255 254 251 255 255 255 237 23 79 28 0 0 0 0 0 0 0 0 0 0 0 0 0 2 8 0 5 2 0 0 70 249 239 206 20 21 0 2 0 0 0 0 0 0 0 0 0 0 0 0 0 5 0 0 0 18 11 0 62 255 255 190 22 0 3 22 0 0 0 0 0 0 0 0 0 0 0 0 0 0 3 6 12 0 0 21 204 239 255 92 0 6 0 0 20 0 0 0 0 0 0 0 0 0 0 0 0 1 10 0 0 5 0 0 221 255 197 8 4 9 0 0 0 0 0 0 0 0 0 0 0 0 0 0 0 0 0 1 0 7 0 3 226 248 201 0 7 0 1 7 0 0 0 0 0 0 0 0 0 0 0 0 0 0 11 0 6 1 0 4 216 249 195 2 1 0 0 8 0 0 0 0 0 0 0 0 0 0 0 0 0 0 3 0 7 0 4 53 255 255 137 0 0 0 0 0 6 0 0 0 0 0 0 0 0 0 0 0 0 0 2 0 8 0 3 34 188 166 37 0 3 1 4 0 5 0 0 0 0 0 0 0 0 0 0 0 0 0 6 4 0 0 3 0 29 33 0 9 0 1 3 0 1 0 0 0 0
0 0 0 0 0 0 0 0 1 0 4 3 0 6 0 0 0 7 3 0 0 4 0 0 0 0 0 0 0 0 0 0 0 0 0 0 8 0 0 0 0 9 6 0 0 1 1 1 1 0 0 0 0 0 0 0 0 0 0 0 0 0 0 0 0 22 12 0 8 0 0 0 7 0 0 0 0 0 2 8 0 0 0 0 0 0 0 0 0 0 0 0 0 2 0 0 4 4 20 5 0 0 8 16 7 4 3 0 0 0 0 0 0 0 0 0 0 0 0 0 9 0 12 16 0 0 21 0 0 0 0 0 0 1 6 0 0 0 0 0 0 0 0 0 0 0 0 0 3 0 1 0 14 0 0 10 4 9 0 0 5 8 1 1 0 0 0 0 0 0 0 0 0 0 0 0 0 8 84 124 242 211 118 122 119 92 31 0 8 0 0 12 0 0 0 0 0 0 0 0 0 0 0 0 10 9 188 243 255 253 248 255 253 254 233 236 225 113 4 0 0 0 0 0 0 6 1 2 0 0 11 0 16 178 246 255 245 251 255 254 255 240 251 255 246 218 20 3 0 0 0 0 0 0 0 6 1 0 5 6 53 252 255 253 255 248 67 56 142 207 233 255 236 255 73 0 0 0 0 0 0 1 0 1 2 3 0 0 154 255 243 239 255 144 0 23 0 18 138 248 255 253 81 2 0 0 0 0 0 8 3 0 0 15 0 5 190 253 254 255 153 26 9 0 4 101 241 255 255 219 28 0 0 0 0 0 1 3 3 0 0 10 0 88 249 255 251 255 1 0 19 0 97 255 255 255 239 200 0 21 0 0 0 0 3 0 0 12 0 0 10 197 251 243 243 202 4 10 0 20 223 251 250 249 219 27 0 0 0 0 0 0 3 0 0 11 0 0 5 222 255 255 192 20 0 9 6 94 227 255 254 255 53 0 9 6 0 0 0 0 3 0 4 0 0 8 0 180 255 252 103 0 15 0 13 210 255 255 249 116 12 0 0 2 0 0 0 0 8 0 0 4 0 0 14 48 213 205 75 16 0 83 217 249 245 255 159 0 0 5 2 0 0 0 0 0 0 0 0 4 1 0 0 13 0 9 0 0 157 255 238 255 255 224 37 6 11 0 0 5 0 0 0 0 1 0 0 4 6 1 0 0 13 0 6 12 253 250 255 252 246 71 0 1 6 0 0 0 0 0 0 0 4 3 1 0 2 7 5 0 0 1 9 201 221 255 255 248 144 0 8 0 0 6 8 0 0 0 0 0 0 1 0 0 0 1 4 1 0 1 146 239 255 255 247 92 14 18 0 6 0 6 0 5 0 0 0 0 0 0 4 2 0 0 0 0 0 149 249 255 252 241 242 70 0 4 2 0 0 1 0 5 0 0 0 0 0 0 2 5 3 0 0 0 50 255 221 255 255 255 168 13 15 0 20 0 0 0 4 0 0 0 0 0 3 0 0 0 0 0 0 6 57 236 255 255 241 168 17 0 0 21 0 11 7 0 3 0 0 0 0 0 0 0 0 0 0 0 0 0 58 255 255 249 242 28 0 2 0 0 0 0 0 0 0 0 0 0 0 0 0 0 0 0 0 0 0 0 42 252 255 255 0 0 1 0 0 0 0 0 0 0 0 0 0 0 0 0 0 0 0 0 0 0 0 0 13 0 0 22 0 13 8 0 0 0 0 0 0 0 0 0 0 0 0 0 0 0 0 0 0 0 0 0 3 2 0 0 8 0 0 20 0 0 0 0 0 0 0 0 0 0 0 0
0 0 0 0 0 0 0 0 0 0 0 0 0 0 0 0 0 0 0 0 0 0 0 0 0 0 0 0 0 0 0 0 0 0 0 0 0 0 0 0 0 0 0 0 0 0 0 0 0 0 0 0 0 0 0 0 0 0 0 0 0 0 0 0 0 0 0 0 0 0 0 0 0 0 0 0 0 0 0 0 0 0 0 0 0 0 0 0 0 0 0 0 0 0 0 0 0 0 0 0 0 0 0 0 0 0 0 0 0 0 0 0 0 0 0 0 0 0 0 0 0 0 0 0 0 0 0 0 0 0 0 0 0 0 0 0 0 0 0 0 0 0 0 0 0 0 0 0 0 0 0 0 0 0 0 0 0 0 0 0 0 0 0 0 0 0 0 0 0 0 0 0 0 0 0 0 0 0 0 0 0 0 0 0 0 0 0 0 0 0 0 0 0 0 0 0 0 0 0 0 0 0 0 0 0 0 0 0 0 0 0 0 0 0 0 0 0 0 0 0 0 0 0 0 8 0 9 0 0 0 32 215 248 255 255 239 255 247 248 255 255 250 247 255 240 5 11 0 0 0 0 0 1 0 10 0 1 0 9 121 156 143 143 186 230 218 194 148 135 238 255 248 113 10 0 11 0 0 0 0 0 0 7 0 1 1 0 22 2 0 0 15 0 0 4 0 58 254 219 85 0 6 8 0 0 0 0 0 2 4 0 0 0 0 1 0 2 5 1 7 0 6 0 4 169 255 74 0 0 0 5 4 0 0 0 0 1 1 0 3 0 0 10 0 0 0 0 0 5 18 0 75 254 196 0 10 13 0 0 12 0 0 0 0 0 0 0 7 1 0 6 1 8 4 7 0 0 0 21 209 235 69 0 0 0 5 4 0 0 0 0 0 0 0 1 1 2 3 0 2 0 0 0 4 20 3 98 255 173 0 3 0 14 0 7 4 0 0 0 0 5 1 2 0 0 10 0 2 0 15 0 0 2 0 144 250 48 12 8 1 0 0 0 1 0 0 0 0 0 0 0 0 0 0 0 0 4 0 6 0 0 20 235 199 0 0 0 0 0 0 0 0 0 0 0 0 0 0 0 0 0 0 0 0 4 0 2 0 7 83 249 141 0 0 0 0 0 0 0 0 0 0 0 0 0 0 0 0 0 0 0 0 0 0 2 0 8 152 255 76 0 0 0 0 0 0 0 0 0 0 0 0 0 0 0 0 0 0 0 0 0 3 4 0 4 194 250 38 0 0 0 0 0 0 0 0 0 0 0 0 0 0 0 0 0 0 0 0 0 2 0 0 28 225 220 13 0 0 0 0 0 0 0 0 0 0 0 0 0 0 0 0 0 0 0 0 3 0 0 3 75 251 179 0 0 0 0 0 0 0 0 0 0 0 0 0 0 0 0 0 0 0 0 0 0 0 0 4 108 255 139 0 0 0 0 0 0 0 0 0 0 0 0 0 0 0 0 0 0 0 0 0 0 4 2 0 115 244 115 0 0 0 0 0 0 0 0 0 0 0 0 0 0 0 0 0 0 0 0 0 0 5 0 2 110 254 120 1 0 0 0 0 0 0 0 0 0 0 0 0 0 0 0 0 0 0 0 0 0 5 0 2 110 254 120 1 0 0 0 0 0 0 0 0 0 0 0 0 0 0 0 0 0 0 0 0 0 5 0 2 110 254 120 1 0 0 0 0 0 0 0 0 0 0 0 0 0 0 0 0 0 0 0 0 0 5 0 2 110 254 120 1 0 0 0 0 0 0 0 0 0 0 0 0
0 0 0 0 0 0 0 0 0 0 0 0 0 0 0 0 0 0 0 0 0 0 0 0 0 0 0 0 0 0 0 0 0 0 0 0 0 0 0 0 0 0 0 0 0 0 0 0 0 0 0 0 0 0 0 0 0 0 0 0 0 0 0 0 0 0 0 0 0 0 0 0 0 0 0 0 0 0 0 0 0 0 0 0 0 0 0 0 0 0 0 0 0 0 0 0 0 0 0 0 0 0 0 0 0 0 0 0 0 0 0 0 0 0 0 0 0 0 0 0 0 0 0 0 0 0 0 0 0 0 0 0 0 0 0 0 0 0 0 0 0 0 0 0 0 0 0 0 0 0 0 0 0 0 0 0 0 0 0 0 0 0 0 0 0 0 0 0 0 0 0 0 0 0 0 0 0 0 0 0 0 0 0 0 0 0 0 0 0 0 0 0 0 0 0 0 0 0 0 0 0 0 0 0 0 0 0 0 0 0 0 0 0 0 0 0 0 0 0 0 0 0 0 0 0 6 21 0 11 0 0 0 10 0 10 3 0 1 6 0 0 14 0 2 0 4 6 0 0 0 0 0 12 0 0 17 3 0 0 8 0 12 131 243 255 241 227 249 248 242 236 218 0 0 0 9 0 0 0 0 0 0 17 215 220 231 229 221 226 233 252 246 244 254 250 254 255 243 240 250 203 9 4 0 0 0 0 0 1 0 0 255 255 255 255 255 255 254 255 248 255 255 252 255 255 248 255 244 244 195 12 11 0 0 0 0 5 12 0 249 249 231 246 255 243 248 255 255 254 251 238 253 246 255 233 255 255 245 0 0 0 0 0 0 0 1 0 255 255 255 255 247 255 247 247 243 252 255 254 253 254 255 254 245 250 253 195 1 0 0 0 0 7 0 0 255 240 251 255 251 253 135 79 84 81 66 63 89 142 227 255 255 246 236 71 3 0 0 0 0 3 0 4 249 108 87 95 91 90 26 5 0 0 11 10 0 71 255 245 249 255 245 3 0 0 0 0 0 2 0 6 98 7 17 0 1 0 0 0 0 0 0 0 0 82 255 245 255 252 237 10 0 0 0 0 0 11 0 0 33 0 0 0 3 0 0 0 0 0 0 0 0 71 249 255 255 255 242 0 6 0 0 0 0 4 0 0 0 0 0 5 0 0 0 0 0 0 0 0 0 98 246 255 240 255 239 0 7 0 0 0 0 0 2 7 0 10 8 4 0 0 0 0 0 0 0 0 0 39 170 250 252 255 243 6 0 0 0 0 0 0 6 0 0 0 2 0 6 0 0 0 0 0 0 0 0 0 80 255 250 249 237 0 2 0 0 0 0 0 4 0 4 0 0 0 8 0 0 0 0 0 0 0 0 8 51 255 243 253 244 0 3 0 0 0 0 0 2 1 10 1 5 0 0 0 0 0 0 0 0 0 0 17 114 255 242 255 177 5 0 0 0 0 0 5 3 5 0 0 3 9 0 0 0 0 0 0 0 0 0 85 255 240 201 175 5 0 5 0 0 0 0 0 0 0 0 0 0 0 0 0 0 0 0 0 0 0 0 78 255 153 8 9 0 0 0 0 0 0 0 0 0 0 0 0 0 0 0 0 0 0 0 0 0 0 0 75 133 33 0 0 0 3 10 0 0 0 0 0 0 0 0 0 0 0 0 0 0 0 0 0 0 0 0 9 5 0 6 15 0 0 0 0 0 0 0 0 0 0 0 0 0 0 0 0 0 0 0 0 0 0 0 0 0 4 11 0 0 2 4 0 0 0 0
0 0 0 0 0 0 0 0 0 0 0 0 1 2 2 1 5 0 0 0 1 3 0 0 0 0 0 0 0 0 0 0 0 0 0 0 5 3 0 0 0 0 0 0 0 1 4 2 0 0 0 0 0 0 0 0 0 0 0 0 0 0 0 0 0 0 3 6 8 7 5 4 0 0 0 1 3 4 2 0 0 0 0 0 0 0 0 0 0 0 0 0 2 3 3 1 0 0 0 0 6 2 0 0 1 2 0 0 0 0 0 0 0 0 0 0 0 0 0 0 5 4 1 0 0 0 6 12 0 0 0 0 0 0 2 6 0 0 0 0 0 0 0 0 0 0 0 0 0 0 3 5 2 0 0 0 12 4 0 0 2 4 0 0 0 0 0 0 0 0 0 0 0 0 0 0 0 1 2 0 0 0 2 8 0 0 1 2 0 0 1 7 0 0 0 0 0 0 0 0 0 0 0 0 15 6 0 0 16 62 115 152 229 255 255 187 74 0 0 8 0 0 0 0 1 0 0 2 2 0 5 82 207 220 210 216 215 253 255 255 251 235 255 255 232 48 15 0 0 0 0 0 0 13 1 0 9 0 145 245 255 253 247 244 255 253 227 192 116 43 120 226 255 104 0 5 0 0 0 0 0 0 1 0 13 143 251 255 255 232 211 157 125 63 31 0 6 0 0 242 250 208 0 4 0 0 0 0 0 11 7 0 108 254 246 227 129 67 10 0 0 0 0 0 0 11 0 228 249 195 20 0 0 0 0 0 14 0 2 54 249 255 241 94 0 0 1 16 1 0 0 5 2 1 22 232 246 134 0 0 0 0 0 0 0 7 0 42 255 230 102 0 13 0 0 0 0 14 2 6 0 0 101 255 243 118 0 4 0 0 0 0 0 3 14 17 53 98 14 0 0 3 5 4 0 0 0 3 2 19 226 246 255 56 13 0 0 0 0 0 0 9 0 0 7 0 0 6 1 0 4 0 10 0 4 0 3 63 245 255 218 0 11 0 0 0 0 0 0 0 0 0 0 0 0 0 7 0 3 11 0 0 1 0 10 188 255 255 47 7 3 0 0 0 0 0 0 0 0 0 0 0 0 0 0 13 0 1 10 0 14 0 70 255 251 220 58 0 0 12 0 0 0 0 0 0 0 0 0 0 0 0 0 13 0 0 7 0 0 17 180 245 241 78 6 0 0 0 0 0 0 0 0 0 0 0 0 0 0 0 1 0 0 0 0 17 0 90 255 250 207 12 0 8 25 0 0 0 0 0 0 0 0 0 0 0 0 0 8 0 12 4 0 2 34 192 242 255 63 8 0 0 0 0 0 0 0 0 0 0 0 0 0 0 0 0 0 0 13 0 2 0 136 255 255 162 0 11 2 9 0 3 0 0 0 0 0 0 0 0 0 0 0 0 0 1 0 0 5 62 220 254 201 21 0 0 0 11 11 0 0 0 0 0 0 0 0 0 0 0 0 0 5 1 0 2 8 178 255 233 49 0 0 8 0 0 5 0 0 0 0 0 0 0 0 0 0 0 0 0 1 9 0 0 76 241 255 96 0 0 0 0 0 0 0 0 0 0 0 0 0 0 0 0 0 0 0 0 0 0 12 0 201 255 199 28 0 0 0 0 0 0 0 0 0 0 0 0 0 0 0 0 0 0 0 0 3 7 6 7 216 230 70 0 0 0 0 0 0 0 0 0 0 0 0 0 0 0 0 0 0 0 0 0 1 0 0 3 0 21 0 8 0 0 0 0 0 0 0 0 0 0 0 0
0 0 0 0 0 0 0 0 5 0 3 0 5 6 0 0 0 9 0 0 5 4 0 0 0 0 0 0 0 0 0 0 0 0 0 0 0 5 5 0 0 6 3 6 2 0 4 10 0 0 17 2 0 0 0 0 0 0 0 0 0 0 0 0 0 1 0 13 0 1 0 4 19 0 0 4 13 0 0 4 0 0 0 0 0 0 0 0 0 0 0 0 11 11 0 4 5 2 2 0 0 13 11 0 0 2 0 12 0 0 0 0 0 0 0 0 0 0 0 0 0 0 0 0 0 5 17 0 11 0 0 11 0 2 8 0 0 0 0 0 0 0 0 0 0 0 0 0 7 0 17 14 9 1 0 3 7 0 0 0 0 1 4 0 0 0 0 0 0 0 0 0 0 0 0 0 4 0 0 5 0 35 1 41 126 233 209 63 0 3 9 2 0 0 0 0 0 0 0 0 0 0 0 0 0 10 0 2 29 233 226 255 249 255 234 116 3 0 4 0 0 0 0 0 0 0 0 0 0 0 0 0 0 3 6 0 8 108 203 220 239 255 247 46 13 0 0 0 0 0 0 0 0 0 0 0 0 0 0 0 13 0 0 9 0 0 16 0 131 255 181 0 8 0 7 4 0 0 0 0 0 0 0 0 0 0 0 0 0 0 0 3 0 0 10 0 184 236 147 0 0 0 0 10 0 0 0 0 0 0 0 0 0 0 0 0 0 11 12 8 0 1 9 66 255 254 139 5 0 11 0 0 0 0 0 0 0 0 0 0 0 0 0 0 12 1 0 0 1 1 3 163 239 248 112 132 192 83 0 2 0 0 0 0 0 0 0 0 0 0 0 0 0 8 7 16 20 32 57 238 255 255 225 255 247 107 3 4 0 0 0 0 0 0 0 0 0 0 0 0 0 0 7 138 224 255 246 255 255 240 255 150 37 18 0 0 0 0 0 0 0 0 0 0 0 0 0 0 1 5 49 242 255 245 253 247 198 89 11 0 8 0 1 2 0 0 0 0 0 0 0 0 0 0 0 0 0 6 0 53 113 255 246 255 63 23 0 0 5 0 0 2 0 0 0 0 0 0 0 0 0 0 0 0 2 2 10 0 154 242 255 155 16 0 0 0 4 0 0 2 0 0 0 0 0 0 0 0 0 0 0 0 0 0 12 67 243 255 203 27 0 0 0 0 2 0 0 0 0 0 0 0 0 0 0 0 0 0 0 0 14 0 0 179 246 254 110 5 1 4 3 0 0 0 1 1 0 0 0 0 0 0 0 0 0 0 0 0 0 0 77 255 255 198 30 0 0 0 0 0 0 3 5 1 0 0 0 0 0 0 0 0 0 0 0 0 6 4 178 245 235 67 3 4 0 0 0 0 2 5 1 0 0 0 0 0 0 0 0 0 0 0 0 0 0 69 247 253 173 2 0 0 4 3 3 6 5 0 0 0 0 0 0 0 0 0 0 0 0 0 0 0 4 182 250 219 23 2 10 4 0 0 0 1 0 0 0 7 0 0 0 0 0 0 0 0 0 0 0 0 45 253 204 37 0 3 7 0 0 0 0 0 0 0 0 0 0 0 0 0 0 0 0 0 0 0 0 0 85 165 82 0 0 0 1 1 0 0 0 0 0 0 0 0 0 0 0 0 0 0 0 0 0 0 0 0 0 18 0 0 12 0 0 0 0 0 0 0 0 0 0 0 0 0 0 0 0 0 0 0 0 0 0 0 0 0 0 8 1 0 6 0 0 0 0 0 0 0 0 0 0 0 0 0
0 0 0 0 0 0 0 0 7 5 0 0 0 0 0 0 4 0 0 0 8 0 0 11 0 0 0 0 0 0 0 0 0 0 0 0 0 0 2 3 3 3 3 3 0 10 13 1 0 0 0 0 0 0 0 0 0 0 0 0 0 0 0 0 0 0 2 2 0 0 0 0 0 0 0 0 0 6 10 4 0 0 0 0 0 0 0 0 0 0 0 0 3 0 0 0 0 0 0 0 14 2 2 3 0 0 2 0 0 0 0 0 0 0 0 0 0 0 0 0 3 0 0 1 5 4 3 4 0 0 6 0 0 0 2 0 0 0 0 0 0 0 0 0 0 0 0 0 2 0 0 5 6 0 0 0 3 0 0 7 17 2 0 1 0 0 0 0 0 0 0 0 0 0 0 0 3 0 0 4 0 0 0 9 0 14 0 0 1 0 0 12 0 0 0 0 0 0 0 0 0 0 0 0 0 0 0 1 0 0 24 52 144 253 214 59 0 8 1 0 0 0 0 0 0 0 0 0 0 0 0 0 12 0 4 4 0 22 150 250 252 247 248 161 10 6 0 10 0 0 0 0 0 0 0 0 0 0 0 0 0 10 6 6 193 242 238 255 170 255 253 165 0 6 16 0 0 0 0 0 0 0 0 0 0 0 0 0 4 47 241 234 242 244 97 7 4 231 255 117 0 0 2 2 0 0 0 0 0 0 0 0 0 0 0 0 105 238 254 234 110 41 18 8 89 242 245 18 18 4 0 10 0 0 0 0 0 0 0 0 0 0 0 0 110 176 38 34 26 0 0 0 219 254 207 0 5 0 3 0 0 0 0 0 0 0 0 0 0 0 0 0 0 0 15 0 0 7 4 55 221 249 122 9 0 0 5 0 0 0 0 0 0 0 0 0 0 0 0 0 1 9 0 0 21 0 0 72 255 210 22 0 9 4 0 6 0 0 0 0 0 0 0 0 0 0 0 0 0 0 4 3 0 4 37 231 244 88 0 3 7 0 0 4 0 0 0 0 0 0 0 0 0 0 0 0 0 12 1 0 0 6 88 244 198 16 0 3 0 10 0 8 0 0 0 0 0 0 0 0 0 0 0 0 9 0 2 0 0 4 243 255 109 0 0 3 0 7 0 0 0 0 0 0 0 0 0 0 0 0 0 0 0 0 4 13 2 110 255 229 24 0 4 5 0 5 2 0 0 0 0 0 0 0 0 0 0 0 0 0 9 9 0 0 5 207 242 147 0 3 5 1 0 0 8 2 0 0 0 0 0 0 0 0 0 0 0 0 0 0 8 6 124 246 228 2 0 7 0 0 0 0 3 0 0 0 0 0 0 0 0 0 0 0 0 0 13 0 7 0 195 255 145 0 4 1 0 0 2 0 0 0 0 0 0 0 0 0 0 0 0 0 0 0 0 0 7 36 244 247 14 6 6 0 3 5 1 4 2 0 0 0 0 0 0 0 0 0 0 0 0 0 0 14 0 100 244 157 0 0 3 0 9 2 0 3 2 0 0 0 0 0 0 0 0 0 0 0 0 0 0 23 12 201 255 74 6 0 0 0 0 0 0 0 0 0 0 0 0 0 0 0 0 0 0 0 0 0 11 0 0 255 211 10 1 9 0 0 0 0 0 0 0 0 0 0 0 0 0 0 0 0 0 0 0 0 0 0 23 251 138 11 8 0 0 0 0 0 0 0 0 0 0 0 0 0 0 0 0 0 0 0 0 0 5 0 0 9 0 0 0 3 0 0 0 0 0 0 0 0 0 0 0 0
0 0 0 0 0 0 0 0 0 0 0 0 0 0 0 0 6 5 0 3 4 0 0 0 0 0 0 0 0 0 0 0 0 0 0 0 0 0 0 0 0 0 0 0 0 7 6 0 0 0 9 10 0 0 0 0 0 0 0 0 0 0 0 0 0 0 0 0 0 0 0 0 0 0 7 3 2 3 0 0 0 0 0 0 0 0 0 0 0 0 0 0 0 0 0 0 0 0 0 0 10 0 0 2 6 5 0 15 0 0 0 0 0 0 0 0 0 0 0 0 0 0 0 0 0 0 0 0 0 0 5 8 2 0 0 0 0 0 0 0 0 0 0 0 0 0 0 0 0 0 0 0 0 0 0 0 4 12 0 0 0 4 14 0 0 0 0 0 0 0 0 0 0 0 0 0 0 0 0 0 0 0 0 0 0 9 0 12 5 0 10 4 0 0 0 0 0 0 0 0 0 0 0 0 0 0 0 0 0 0 0 0 28 113 174 250 173 13 0 0 0 0 0 0 0 8 0 0 6 0 18 0 0 7 0 0 9 53 93 172 251 251 255 250 160 0 0 0 0 0 0 0 0 6 0 0 10 4 0 11 60 28 88 183 213 246 255 249 255 238 255 240 65 10 8 4 0 0 0 0 7 0 0 0 15 1 0 151 255 224 242 253 255 255 253 248 143 169 255 255 0 0 0 3 0 0 0 0 3 0 1 7 3 0 7 199 246 237 255 222 224 194 108 24 10 172 247 22 12 0 14 0 0 0 0 0 0 0 2 0 0 3 0 57 88 59 89 21 0 5 19 0 147 255 213 25 8 0 0 0 0 0 0 0 2 1 0 5 0 3 0 0 6 0 0 0 7 13 0 6 152 255 138 0 9 0 0 1 0 0 0 0 8 0 2 8 6 0 8 7 0 9 2 0 16 0 0 160 255 186 1 16 0 9 0 0 0 0 0 0 0 0 13 0 0 2 1 0 0 0 4 2 0 0 21 220 252 144 2 0 16 0 4 0 0 0 0 0 0 0 0 0 0 0 0 0 2 0 8 0 3 5 111 244 203 36 0 7 1 4 0 8 0 0 0 0 0 0 0 0 0 0 0 0 3 0 0 0 2 44 234 255 109 6 0 4 0 8 0 2 0 0 0 0 0 0 0 0 0 0 0 0 7 0 30 3 0 161 249 190 19 0 4 0 0 8 0 0 0 0 0 0 0 0 0 0 0 0 0 0 0 7 0 0 92 255 255 29 0 0 11 0 0 6 0 4 0 0 0 0 0 0 0 0 0 0 0 0 0 4 0 15 210 254 197 0 0 6 6 0 0 4 0 5 0 0 0 0 0 0 0 0 0 0 0 0 11 0 14 121 250 196 40 15 0 0 0 0 6 3 0 1 0 0 0 0 0 0 0 0 0 0 0 0 0 0 1 218 255 135 8 0 0 0 0 0 3 1 2 0 0 0 0 0 0 0 0 0 0 0 0 0 0 4 152 245 255 71 3 0 4 6 4 3 0 0 8 0 0 0 0 0 0 0 0 0 0 0 0 0 3 40 223 252 197 0 16 0 0 0 0 0 0 0 0 0 0 0 0 0 0 0 0 0 0 0 0 0 0 57 255 245 83 5 0 0 0 0 0 0 0 0 0 0 0 0 0 0 0 0 0 0 0 0 0 0 1 45 238 117 14 0 5 17 0 0 0 0 0 0 0 0 0 0 0 0 0 0 0 0 0 0 0 0 1 18 4 0 0 9 0 0 0 0 0 0 0 0 0 0 0 0 0 0
0 0 0 0 0 0 0 0 0 0 0 0 0 0 0 0 5 1 0 0 0 0 0 0 0 0 0 0 0 0 0 0 0 0 0 0 0 0 0 0 0 0 0 0 0 0 0 1 5 6 3 0 0 0 0 0 0 0 0 0 0 0 0 0 0 0 0 0 0 0 0 0 0 0 0 1 2 1 0 0 0 0 0 0 0 0 0 0 0 0 0 0 0 0 0 0 0 0 0 0 3 1 0 0 0 0 0 0 0 0 0 0 0 0 0 0 0 0 0 0 0 0 0 0 0 0 0 0 0 0 0 0 1 2 3 4 0 0 0 0 0 0 0 0 0 0 0 0 0 0 0 0 0 0 0 0 0 0 2 3 1 0 0 0 0 0 0 0 0 0 0 0 0 0 0 0 0 0 0 0 0 0 0 0 0 0 0 0 0 0 4 8 0 0 0 0 0 0 0 0 0 0 0 0 0 0 0 0 0 0 0 0 1 0 0 0 0 15 34 48 0 0 0 0 0 2 9 0 0 3 0 2 29 85 10 0 15 37 107 121 89 129 96 113 125 232 237 238 0 0 0 0 0 5 0 3 14 0 9 19 196 255 0 94 190 242 255 251 242 255 248 255 255 240 255 255 0 0 0 0 1 0 0 10 0 9 0 147 255 244 247 255 255 249 243 253 251 241 251 241 255 255 247 185 0 0 0 0 0 0 5 1 0 8 27 254 255 255 251 254 231 183 54 38 34 11 53 46 209 255 255 80 0 0 0 0 0 0 0 0 13 11 161 247 246 255 240 129 31 2 0 9 9 4 0 129 233 255 180 0 0 0 0 0 4 0 0 11 0 112 255 250 255 223 14 11 0 0 11 0 0 0 76 255 255 236 32 0 0 0 0 0 8 0 11 12 49 229 255 249 172 9 13 0 8 0 15 0 10 19 231 255 238 103 0 15 0 0 0 0 6 0 1 0 210 255 240 187 17 4 0 3 0 13 0 8 13 186 255 254 125 9 3 0 0 0 0 0 0 0 8 0 202 255 191 10 3 3 0 1 16 0 14 0 120 255 248 204 0 5 10 0 0 0 0 0 3 2 0 0 100 118 76 0 0 0 14 0 0 0 0 51 238 255 246 38 15 2 0 7 0 0 0 0 0 6 0 0 10 10 0 0 0 5 0 0 6 18 25 225 246 255 36 2 0 0 6 0 0 0 0 0 0 10 2 0 0 0 0 3 4 1 9 0 9 0 125 255 255 152 0 13 0 5 0 0 0 0 0 0 0 7 6 0 4 6 4 0 0 0 12 8 0 116 240 240 215 32 14 0 0 11 0 9 0 0 0 0 8 0 2 0 10 0 2 1 0 0 0 0 84 255 255 236 61 7 0 0 0 4 0 7 0 0 0 0 3 0 0 2 5 0 3 8 16 0 8 0 229 244 234 135 10 0 19 0 10 6 0 0 0 0 0 0 0 0 3 5 0 1 4 0 0 0 0 113 241 255 216 10 5 0 0 4 0 1 6 0 0 0 0 0 0 0 0 0 0 0 0 0 7 0 0 105 255 255 117 1 0 0 0 0 0 0 0 0 0 0 0 0 0 0 0 0 0 0 0 0 0 14 0 45 174 160 38 0 0 0 0 0 0 0 0 0 0 0 0 0 0 0 0 0 0 0 0 0 0 2 0 0 6 3 0 6 0 0 0 0 0 0 0 0 0 0 0 0 0 0 0 0 0 0 0 0 8 0 0 4 0 0 5 0 0 0 0 0 0 0 0 0 0 0 0 0
3 0 0 0 0 1 0 0 9 0 0 0 0 2 0 0 9 3 0 0 0 0 0 0 0 0 0 0 1 0 0 0 1 2 1 0 0 0 5 6 0 0 6 0 0 0 7 11 5 0 0 0 0 0 0 0 0 0 0 0 2 3 2 0 15 8 0 4 4 0 6 7 3 6 6 1 0 0 0 7 0 0 0 0 0 0 0 0 1 1 0 0 0 0 0 3 7 0 0 0 0 0 0 0 1 3 1 0 0 0 0 0 0 0 0 0 0 0 0 0 0 3 19 0 0 11 0 14 10 7 3 1 1 2 1 0 0 0 0 0 0 0 0 0 0 0 0 0 7 1 0 0 7 3 0 2 0 0 0 0 0 0 0 5 0 0 0 0 0 1 1 0 0 0 4 8 0 20 0 2 20 0 3 0 17 10 2 1 5 5 0 0 0 0 0 0 0 0 1 0 0 2 9 15 136 255 182 122 112 148 255 249 253 174 73 6 0 0 5 2 0 0 0 0 0 0 0 0 6 0 0 54 255 235 255 255 241 254 253 254 248 251 192 0 20 0 0 0 0 0 0 0 0 1 1 0 3 0 1 58 248 255 255 238 192 191 223 255 253 255 217 38 0 0 3 1 0 0 0 0 0 1 4 0 0 0 3 55 250 255 231 84 0 0 188 255 232 222 42 4 12 0 7 0 0 0 0 0 0 0 4 0 0 0 1 38 242 245 255 1 8 10 178 252 255 116 4 5 0 11 0 0 0 0 0 0 2 0 2 0 0 3 0 14 159 255 249 0 2 0 188 255 249 127 5 0 0 0 0 3 0 0 0 0 3 0 2 0 0 5 0 0 30 184 247 105 0 39 222 244 251 0 8 0 0 21 0 0 0 0 0 0 3 0 5 0 0 5 0 0 4 2 150 87 0 210 249 255 236 4 0 7 17 0 0 13 0 0 0 0 1 0 8 1 0 3 0 0 0 5 0 1 34 217 255 246 253 0 2 0 0 10 6 0 0 0 0 0 0 0 0 0 0 0 0 0 11 0 4 25 214 252 255 248 255 134 57 0 1 4 0 10 0 0 0 0 0 0 0 0 0 0 0 0 0 2 3 202 255 244 253 252 255 248 214 79 0 0 8 0 0 0 0 0 0 0 0 0 0 0 0 0 1 10 3 253 235 238 254 255 222 240 226 132 15 3 11 0 0 0 0 0 0 0 0 0 0 0 0 0 5 0 0 102 124 237 251 226 0 2 0 15 0 0 0 0 0 0 0 0 0 0 0 0 0 0 0 0 3 0 10 0 80 255 255 214 0 11 0 2 1 11 3 5 0 0 0 0 0 0 0 0 0 0 0 0 1 10 2 5 76 245 255 240 37 15 0 0 0 0 0 0 0 0 0 0 0 0 0 0 0 0 0 0 0 4 0 4 29 205 251 252 118 6 0 9 8 1 0 6 0 0 0 0 0 0 0 0 0 0 0 0 0 0 9 0 0 204 254 255 143 0 2 7 0 0 12 0 0 0 0 0 0 0 0 0 0 0 0 0 1 0 16 1 6 89 255 251 246 0 11 0 0 8 0 0 0 0 0 0 0 0 0 0 0 0 0 0 10 0 0 0 10 81 242 245 252 7 3 0 0 0 0 5 0 0 0 0 0 0 0 0 0 0 0 0 0 0 17 0 0 12 187 255 153 0 0 0 6 0 0 0 0 0 0 0 0 0 0 0 0 0 0 0 3 0 0 2 15 0 5 0 24 0 4 0 4 0 8 0 0 0 0 0
0 0 0 0 0 0 0 0 0 11 0 0 8 0 0 0 0 0 13 4 0 3 4 0 0 0 0 0 0 0 0 0 0 0 0 0 8 0 0 1 1 0 2 4 7 0 0 6 1 0 3 8 0 0 0 0 0 0 0 0 0 0 0 0 0 0 18 0 0 0 9 0 0 5 0 5 6 0 9 0 0 0 0 0 0 0 0 0 0 0 0 0 6 0 16 0 0 2 9 1 0 4 0 0 0 0 0 0 0 0 0 0 0 0 0 0 0 0 0 0 0 0 0 0 19 0 0 1 2 0 11 7 12 7 0 8 0 0 0 0 0 0 0 0 0 0 0 0 3 21 0 0 3 5 10 8 0 6 2 0 0 2 0 2 0 0 0 0 0 0 0 0 0 0 0 0 0 4 0 21 0 0 15 0 0 13 0 6 30 0 1 4 0 0 0 0 0 0 0 0 0 0 0 0 3 7 68 244 163 63 42 0 0 7 14 194 228 49 1 0 0 0 0 0 0 6 1 0 2 0 5 5 6 2 158 255 252 241 255 210 107 82 176 255 249 35 6 0 0 0 0 0 0 2 1 5 3 0 0 0 0 36 223 255 210 192 218 255 255 231 255 247 166 0 1 8 0 0 0 0 2 0 0 0 0 6 4 3 0 217 247 156 4 18 129 191 238 255 255 219 47 7 0 4 0 0 0 0 0 1 0 0 0 15 0 0 85 255 232 91 0 0 0 15 133 231 248 96 14 0 10 0 0 0 0 0 0 0 0 8 0 0 0 41 228 249 141 0 14 0 0 4 192 255 189 9 0 0 9 3 0 0 0 0 0 0 0 15 0 0 22 184 255 211 38 0 0 0 13 36 252 255 70 1 0 16 0 11 0 0 0 0 0 5 0 4 0 3 43 252 255 73 0 17 0 15 15 145 243 195 15 0 16 0 0 0 0 0 0 0 0 18 0 0 0 4 4 182 120 0 3 0 3 0 144 241 255 207 11 16 0 0 12 0 0 0 0 0 0 0 0 0 0 0 0 0 0 0 0 14 0 44 214 255 255 69 7 5 0 6 0 0 0 0 0 0 0 0 0 0 0 0 0 0 5 10 5 0 2 29 181 245 143 16 0 2 0 6 0 1 0 0 0 0 0 0 0 0 0 0 0 0 0 0 0 0 10 96 238 255 47 0 0 4 0 4 0 1 0 0 0 0 0 0 0 0 0 0 0 0 1 4 10 0 15 190 255 160 9 0 8 2 0 3 0 1 0 0 0 0 0 0 0 0 0 0 0 0 1 0 13 0 81 243 220 20 0 0 2 0 0 6 0 0 0 0 0 0 0 0 0 0 0 0 0 0 0 0 0 0 186 255 147 0 0 0 0 0 1 6 2 0 0 0 0 0 0 0 0 0 0 0 0 0 13 0 0 76 245 246 66 5 5 0 1 8 1 0 2 0 0 0 0 0 0 0 0 0 0 0 0 0 0 0 9 176 254 245 15 0 5 0 0 9 0 0 6 4 0 0 0 0 0 0 0 0 0 0 0 0 1 0 101 233 255 151 0 1 0 0 0 0 0 0 0 0 0 0 0 0 0 0 0 0 0 0 0 0 2 24 181 255 182 69 0 3 0 0 0 0 0 0 0 0 0 0 0 0 0 0 0 0 0 0 0 0 0 2 177 219 60 0 16 0 0 0 0 0 0 0 0 0 0 0 0 0 0 0 0 0 0 0 0 0 10 0 1 0 0 0 0 0 0 0 0 0 0 0 0 0 0 0 0 0
0 0 0 0 0 0 0 0 5 7 0 9 0 0 0 1 0 0 0 0 0 0 0 0 0 0 0 0 0 0 0 0 0 0 0 0 0 0 0 11 0 6 6 4 0 0 0 0 0 0 0 0 0 0 0 0 0 0 0 0 0 0 0 0 0 0 11 0 0 15 0 0 0 0 0 0 0 0 0 0 0 0 0 0 0 0 0 0 0 0 0 0 6 0 0 28 0 0 39 0 0 0 0 0 0 0 0 0 0 0 0 0 0 0 0 0 0 0 0 0 4 3 2 0 6 0 0 2 0 0 0 0 0 0 0 0 0 0 0 0 0 0 0 0 0 0 0 0 0 13 13 0 0 6 4 4 0 0 0 0 0 0 0 0 0 0 0 0 0 0 0 0 0 0 0 0 0 3 0 39 0 52 235 0 0 0 0 0 0 0 0 0 0 0 0 0 0 0 0 0 0 0 0 0 3 4 0 0 10 162 244 3 0 0 0 0 0 0 0 0 0 0 0 0 0 9 0 0 2 0 0 9 5 3 0 10 83 245 99 0 10 0 7 10 0 4 3 0 0 0 0 0 0 9 0 0 3 6 3 0 1 0 13 74 255 233 133 230 142 74 3 0 9 0 0 11 0 0 0 0 2 0 0 9 6 0 0 0 0 31 22 230 245 255 229 222 255 255 172 26 18 0 0 0 0 0 0 0 9 0 0 0 0 3 4 16 20 17 220 255 151 50 32 0 98 240 251 30 0 0 10 4 0 0 0 0 0 2 11 0 0 14 0 0 58 231 255 110 0 17 0 7 10 175 255 48 0 0 0 0 0 0 0 0 0 0 11 8 5 0 10 99 225 255 93 16 10 0 8 0 0 161 248 33 0 4 0 2 0 0 0 0 15 0 0 0 1 0 57 237 249 89 16 0 0 0 6 13 7 236 255 28 0 2 3 0 0 0 0 0 0 4 11 0 7 0 0 106 32 2 5 0 0 12 0 0 0 251 222 19 17 0 0 3 0 0 0 0 0 0 0 0 0 0 0 0 0 13 0 0 0 5 0 0 21 239 191 6 1 0 0 4 0 0 0 0 0 0 0 0 0 0 0 0 2 0 0 12 0 0 10 3 113 255 71 0 0 6 0 0 0 0 0 0 0 0 0 0 0 0 0 0 10 0 2 7 0 0 0 0 255 253 25 10 8 3 0 0 0 0 0 0 0 0 0 0 0 0 0 0 0 0 2 0 3 12 2 79 250 69 0 0 0 0 0 5 0 0 0 0 0 0 0 0 0 0 0 0 0 3 0 0 1 1 0 191 204 2 12 3 8 5 0 0 0 0 0 0 0 0 0 0 0 0 0 0 5 5 0 0 0 0 42 255 46 0 0 0 0 9 9 7 0 0 0 0 0 0 0 0 0 0 0 0 0 0 1 6 11 44 188 240 0 13 10 2 0 0 0 0 0 0 0 0 0 0 0 0 0 0 0 0 0 0 8 0 0 68 255 111 11 0 0 7 8 0 6 0 0 0 0 0 0 0 0 0 0 0 0 0 2 0 8 0 0 206 229 2 0 0 0 0 0 0 0 0 0 0 0 0 0 0 0 0 0 0 0 0 7 0 0 4 8 124 134 17 0 0 0 0 0 0 0 0 0 0 0 0 0 0 0 0 0 0 0 0 5 3 0 0 0 12 4 0 0 0 0 0 0 0 0 0 0 0 0 0 0 0 0 0 0 0 0 0 0 5 1 0 0 0 0 4 0 0 0 0 0 0 0 0 0 0 0 0
1 0 12 0 0 6 0 0 0 0 0 0 0 0 0 0 0 0 0 0 0 0 0 0 0 0 0 0 6 0 1 0 1 5 0 7 0 0 0 0 0 0 0 0 0 0 0 0 0 0 0 0 0 0 0 0 5 0 0 0 0 4 0 1 0 0 0 0 0 0 0 0 0 0 0 0 0 0 0 0 0 0 0 0 0 10 7 0 0 8 0 0 0 0 0 0 0 0 0 0 0 0 0 0 0 0 0 0 0 0 0 0 0 5 5 1 2 2 4 2 0 0 0 0 0 0 0 0 0 0 0 0 0 0 0 0 0 0 0 0 5 0 0 11 0 0 0 0 0 0 0 0 0 0 0 0 0 0 0 0 0 0 0 0 0 0 0 0 7 0 0 7 0 1 27 0 0 0 0 0 0 0 0 0 0 0 0 0 0 0 0 0 0 0 0 0 0 1 3 0 0 48 87 11 0 0 0 0 0 0 0 0 0 0 0 0 0 0 0 0 0 0 0 0 0 11 3 0 6 132 146 141 70 87 150 158 159 165 137 151 62 0 3 4 0 0 15 0 0 0 0 0 7 0 0 4 3 152 167 232 255 247 255 230 195 175 133 139 228 41 0 12 5 15 0 0 0 0 0 0 0 2 3 13 0 138 41 17 24 15 31 14 4 10 0 10 134 188 20 0 0 5 6 0 0 0 0 0 0 17 0 0 0 160 77 8 8 0 10 0 0 0 0 0 29 247 17 0 1 0 3 1 0 0 0 0 0 3 0 10 10 60 24 0 0 0 2 1 3 7 0 2 53 238 40 11 0 9 0 3 0 0 0 0 6 0 0 3 1 0 6 1 5 2 0 0 0 0 0 0 37 255 59 0 0 3 0 0 0 0 0 0 2 0 3 0 3 0 6 0 1 1 0 0 0 0 0 0 37 255 34 0 31 0 0 0 0 0 0 0 7 0 11 1 0 2 0 5 0 3 0 3 3 0 3 0 54 232 103 2 0 0 6 0 0 0 0 0 0 0 0 0 0 0 0 0 0 0 0 0 0 0 0 0 40 247 125 0 0 4 1 0 0 0 0 0 0 0 0 0 0 0 0 0 0 0 0 0 0 0 0 0 46 255 136 0 0 0 0 0 0 0 0 0 0 0 0 0 0 0 0 0 0 0 0 0 0 0 0 0 47 255 141 3 0 0 0 1 0 0 0 0 0 0 0 0 0 0 0 0 0 0 0 0 0 0 0 0 41 253 135 0 0 0 0 2 0 0 0 0 0 0 0 0 0 0 0 0 0 0 0 0 0 0 0 0 41 249 128 0 0 4 2 0 0 0 0 0 0 0 0 0 0 0 0 0 0 0 0 0 0 0 0 0 48 253 130 0 2 6 2 0 0 0 0 0 0 0 0 0 0 0 0 0 0 0 0 0 0 0 0 0 48 255 136 0 1 4 1 0 0 0 0 0 0 0 0 0 0 0 0 0 0 0 0 0 0 0 0 0 42 255 138 1 0 0 1 4 0 0 0 0 0 0 0 0 0 0 0 0 0 0 0 0 0 0 0 0 45 255 144 0 6 2 0 3 0 0 0 0 0 0 0 0 0 0 0 0 0 0 0 0 0 0 0 0 41 239 160 7 1 4 1 1 0 0 0 0 0 0 0 0 0 0 0 0 0 0 0 0 0 0 0 0 8 135 105 6 0 3 0 0 0 0 0 0 0 0 0 0 0 0 0 0 0 0 0 0 0 0 0 0 0 15 18 0 0 2 0 1 0 0 0 0
0 0 0 0 0 0 0 0 4 0 0 6 5 0 0 3 1 0 1 18 0 1 0 0 0 0 0 0 0 0 0 0 0 0 0 0 11 2 0 0 1 7 7 4 8 0 0 0 0 5 0 11 0 0 0 0 0 0 0 0 0 0 0 0 0 2 5 0 0 0 0 0 0 15 5 3 6 9 0 0 0 0 0 0 0 0 0 0 0 0 0 0 0 0 4 7 4 1 1 2 0 6 1 0 0 3 4 7 0 0 0 0 0 0 0 0 0 0 0 0 12 0 0 0 1 0 0 0 17 0 0 11 3 0 0 0 0 0 0 0 0 0 0 0 0 0 0 0 0 0 2 7 2 0 0 9 0 0 12 5 0 0 13 2 0 0 0 0 0 0 0 0 0 0 0 0 2 12 10 0 0 4 4 0 7 7 0 0 14 0 0 0 0 0 0 0 0 0 0 0 0 0 0 0 1 0 0 19 118 231 255 245 207 150 109 163 246 122 1 6 0 0 0 0 0 0 0 0 0 0 0 0 0 8 38 187 255 243 253 252 254 246 255 244 253 171 0 0 0 0 0 0 0 0 0 0 0 0 0 0 0 0 214 253 235 255 225 252 253 235 255 255 244 150 0 9 0 0 0 0 0 0 0 0 0 0 0 0 14 190 236 238 225 109 30 34 81 159 238 243 211 22 0 0 0 0 0 0 0 0 0 0 0 0 0 0 34 251 250 244 25 0 0 8 11 92 255 252 44 9 0 0 0 0 0 0 0 0 0 0 0 0 0 0 165 255 206 18 1 0 0 0 105 245 248 143 2 3 7 0 0 0 0 0 0 0 0 0 0 0 0 0 116 173 64 16 0 13 1 70 242 255 245 14 0 7 1 0 0 0 0 0 0 0 0 0 0 0 0 0 0 0 0 5 0 0 4 154 242 249 92 0 7 7 0 15 0 0 0 0 0 0 0 0 0 0 0 0 0 17 5 0 14 5 90 252 255 131 0 0 10 0 0 0 0 0 0 0 0 0 0 0 0 0 0 0 2 0 0 8 0 28 241 249 171 15 0 7 0 0 0 8 0 0 0 0 0 0 0 0 0 0 0 0 7 3 7 0 6 218 243 240 48 0 2 6 0 10 0 0 0 0 0 0 0 0 0 0 0 0 0 0 0 4 0 0 140 254 254 120 0 0 13 0 0 8 1 1 0 0 0 0 0 0 0 0 0 0 0 0 0 17 3 120 255 220 201 18 8 1 6 0 0 3 0 3 0 0 0 0 0 0 0 0 0 0 0 0 2 0 47 231 242 253 55 0 2 0 0 0 9 6 0 0 0 0 0 0 0 0 0 0 0 0 0 0 5 1 190 255 252 255 27 6 0 3 2 0 0 4 0 0 0 0 0 0 0 0 0 0 0 0 0 0 0 84 255 240 240 109 28 0 0 9 4 0 0 0 7 3 0 0 0 0 0 0 0 0 0 0 0 0 7 205 250 255 166 0 0 4 2 0 0 8 6 0 1 0 0 0 0 0 0 0 0 0 0 0 0 0 111 253 252 182 1 0 13 0 0 0 0 0 0 0 0 0 0 0 0 0 0 0 0 0 0 0 0 0 166 255 165 66 0 0 0 17 0 0 0 0 0 0 0 0 0 0 0 0 0 0 0 0 0 0 0 0 166 213 92 9 5 5 0 2 0 0 0 0 0 0 0 0 0 0 0 0 0 0 0 0 0 0 0 0 0 7 0 0 0 2 13 0 0 0 0 0 0 0 0 0 0 0 0 0
0 0 0 0 5 8 2 0 3 0 0 5 3 0 0 0 0 5 0 4 0 10 1 1 0 0 0 0 5 7 6 1 0 0 0 0 0 0 0 1 3 0 1 5 0 3 0 1 0 3 0 0 0 0 0 0 0 0 0 0 0 0 3 8 4 1 0 1 1 0 0 4 2 4 1 11 2 3 0 0 0 0 0 0 6 2 0 4 7 4 0 0 2 1 0 0 0 0 0 0 0 0 0 1 0 0 0 6 0 0 0 0 0 0 0 0 1 0 0 0 0 0 0 0 1 3 3 2 13 5 1 0 0 0 0 3 0 0 0 0 9 6 6 7 0 0 0 13 1 3 2 0 0 0 0 0 0 0 2 0 5 0 0 0 0 0 0 0 0 0 0 0 3 0 0 0 2 3 0 0 0 0 3 2 2 6 12 0 0 0 10 0 0 0 0 0 6 0 11 63 116 137 130 119 124 126 124 121 128 144 156 159 167 141 95 15 0 0 8 0 0 0 0 0 0 1 7 120 255 251 254 249 255 254 255 252 255 242 255 254 253 252 255 232 66 3 0 7 0 0 0 0 0 0 0 103 245 254 255 255 251 248 255 250 255 252 255 252 255 234 255 251 115 0 16 0 0 0 0 0 4 3 0 44 136 137 144 142 144 121 123 130 155 147 109 48 157 255 255 255 103 1 0 5 0 0 0 0 0 9 0 0 19 3 4 9 7 1 11 3 2 6 1 0 153 251 255 242 118 15 4 0 0 0 0 0 0 9 0 0 0 0 0 0 0 0 0 0 0 0 3 45 250 238 255 251 69 2 0 0 0 0 0 0 0 4 0 4 7 14 3 4 14 2 0 5 17 12 0 70 255 255 252 168 0 0 0 18 0 0 0 0 3 3 0 2 0 6 0 0 0 1 0 0 0 0 13 186 248 253 230 0 11 3 0 0 0 0 0 0 0 3 1 10 0 5 0 13 0 3 0 5 12 0 31 236 255 255 233 0 2 0 5 0 0 0 0 0 0 0 0 0 0 0 0 0 4 0 4 0 10 6 103 255 249 249 171 0 12 0 0 5 0 0 0 0 0 0 0 0 0 0 0 0 10 0 3 2 0 0 105 237 251 255 180 16 0 0 9 0 0 0 0 0 0 0 0 0 0 0 0 0 0 1 0 0 4 81 221 255 238 188 54 1 0 2 11 1 0 0 0 0 0 0 0 0 0 0 0 0 0 6 1 0 0 165 255 246 255 111 0 0 7 1 0 3 0 0 0 0 0 0 0 0 0 0 0 0 6 0 3 9 7 193 248 251 240 73 15 0 0 3 0 1 0 0 0 0 0 0 0 0 0 0 0 0 1 0 0 2 63 251 255 255 142 0 12 0 0 3 1 5 0 0 0 0 0 0 0 0 0 0 0 0 0 2 0 0 132 255 255 238 105 0 0 2 7 0 0 0 0 0 0 0 0 0 0 0 0 0 0 0 0 0 1 6 199 240 249 255 82 0 3 8 0 0 11 0 0 0 0 0 0 0 0 0 0 0 0 0 0 0 9 2 197 243 255 203 0 0 0 0 0 0 0 0 0 0 0 0 0 0 0 0 0 0 0 0 14 0 0 0 179 255 247 157 0 0 0 0 0 0 0 0 0 0 0 0 0 0 0 0 0 0 0 0 0 0 22 5 19 212 248 28 0 0 0 0 0 0 0 0 0 0 0 0 0 0 0 0 0 0 0 0 2 15 0 0 13 5 0 4 0 0 0 0 0 0 0 0 0 0 0 0
0 0 0 0 0 0 0 0 0 0 0 0 0 0 0 0 0 0 0 4 4 0 0 6 0 0 0 0 0 0 0 0 0 0 0 0 0 0 0 0 0 0 0 0 6 3 0 0 0 0 1 1 1 0 0 0 0 0 0 0 0 0 0 0 0 0 0 0 0 0 0 0 0 2 1 0 0 3 0 0 0 0 0 0 0 0 0 0 0 0 0 0 0 0 0 0 0 0 0 0 0 0 0 2 4 5 6 6 0 0 0 0 0 0 0 0 0 0 0 0 0 0 0 0 0 0 0 0 9 2 0 1 0 0 0 3 0 0 0 0 0 0 0 0 0 0 0 0 0 0 0 0 0 0 0 0 0 0 1 10 11 5 2 5 0 0 0 0 0 0 0 0 0 0 0 0 0 0 0 0 0 0 0 0 4 8 0 0 0 2 1 0 7 5 2 0 0 0 0 0 0 0 0 0 0 0 0 0 0 0 0 0 0 5 0 0 62 168 236 247 12 9 4 0 7 0 0 1 10 2 0 0 7 0 30 130 180 64 17 21 20 52 126 187 254 255 255 222 12 9 4 0 3 0 0 5 0 0 10 6 0 28 102 221 255 255 255 252 255 242 254 255 241 237 236 195 7 5 2 0 0 1 0 3 0 0 16 0 6 88 255 250 220 210 204 244 240 208 192 118 132 243 255 93 0 0 0 0 0 0 0 0 3 12 0 0 54 225 253 197 29 4 5 34 28 13 2 27 208 239 132 8 0 0 0 0 4 0 6 0 5 0 0 86 199 251 201 29 0 1 0 0 11 0 57 235 255 196 41 0 0 0 0 0 5 0 9 1 0 0 45 219 255 220 11 0 0 9 8 0 0 44 231 240 218 32 0 0 0 0 0 0 0 1 2 0 0 41 160 255 235 94 13 0 32 0 0 3 45 132 245 233 60 9 0 18 1 0 0 0 0 15 0 0 11 120 255 238 73 0 0 0 0 0 2 0 170 245 238 38 0 5 0 0 0 0 0 0 0 2 0 13 0 43 148 78 0 13 0 0 0 14 0 101 243 255 137 0 2 11 0 0 0 0 0 0 0 12 0 9 0 0 26 0 0 3 0 12 14 0 33 242 251 193 20 7 0 0 1 1 0 0 0 0 0 9 0 1 11 0 0 1 0 5 0 5 0 23 109 249 237 66 0 0 7 0 0 3 0 0 0 0 3 3 0 0 7 2 0 19 5 0 4 0 0 92 231 255 136 0 10 0 1 5 0 1 0 0 0 0 3 0 6 1 0 1 0 0 5 0 8 11 178 253 255 87 12 1 0 14 0 6 10 0 0 0 0 0 0 0 7 6 0 7 10 0 0 0 20 111 249 249 118 12 0 0 0 0 0 5 0 1 0 0 0 0 6 1 0 0 0 0 0 0 4 0 72 255 255 158 0 8 13 0 21 0 10 0 0 1 0 0 0 0 0 7 0 4 15 0 0 4 0 56 255 250 132 17 2 0 0 13 0 12 0 0 16 0 0 0 0 0 0 0 0 0 0 0 0 0 18 235 255 255 67 15 3 0 0 0 0 0 0 0 0 0 0 0 0 0 0 0 0 0 0 0 0 0 137 255 231 170 41 0 0 19 0 0 0 0 0 0 0 0 0 0 0 0 0 0 0 0 0 0 0 0 130 249 195 40 0 12 11 0 0 0 0 0 0 0 0 0 0 0 0 0 0 0 0 0 0 0 0 0 0 0 0 0 9 0 0 25 0 0 0 0 0 0 0 0 0 0 0 0
0 0 0 0 0 0 0 0 2 0 0 1 4 4 1 0 3 0 5 1 4 10 0 0 0 0 0 0 0 0 0 0 0 0 0 0 4 1 0 0 0 0 0 0 12 0 2 0 0 0 0 22 0 0 0 0 0 0 0 0 0 0 0 0 4 1 0 0 0 0 0 0 0 0 5 0 0 6 0 0 0 0 0 0 0 0 0 0 0 0 0 0 0 0 0 1 2 3 3 3 0 1 3 0 0 9 9 6 0 0 0 0 0 0 0 0 0 0 0 0 0 0 1 3 2 1 0 0 4 0 3 15 4 0 0 4 0 0 0 0 0 0 0 0 0 0 0 0 0 0 2 1 0 0 0 0 0 0 0 0 0 2 7 0 0 0 0 0 0 0 0 0 0 0 0 0 0 1 1 0 0 0 3 7 3 8 0 5 6 0 4 0 0 0 0 0 0 0 0 0 0 0 0 0 0 1 0 0 0 6 15 23 136 144 185 245 174 20 0 13 0 0 0 0 0 5 0 0 7 13 3 0 0 7 0 10 48 88 182 255 254 255 247 244 255 89 0 0 0 0 0 0 4 4 1 1 0 0 0 12 11 78 131 195 249 255 255 237 244 205 198 255 255 90 0 6 0 0 0 0 0 0 2 5 0 8 100 214 231 250 251 253 249 229 174 90 28 8 141 237 244 32 0 0 0 0 0 0 3 0 0 0 0 11 124 255 255 226 187 126 44 0 0 0 0 45 220 255 173 0 3 12 0 0 0 0 8 2 0 2 3 1 31 81 65 8 0 0 3 7 7 0 10 154 255 251 41 1 0 0 0 0 0 0 0 2 0 3 10 3 0 1 7 0 10 7 0 0 0 0 7 195 255 187 0 13 2 5 0 0 0 0 0 7 1 0 0 0 0 7 5 0 0 0 0 12 0 9 143 242 249 64 0 0 0 0 0 0 0 0 0 2 0 0 7 6 0 0 0 0 6 0 9 9 0 14 250 255 167 0 5 11 0 1 0 0 0 0 0 0 0 0 0 0 0 0 0 1 0 0 6 8 0 141 247 240 83 2 9 0 0 2 0 0 0 0 0 0 0 0 0 0 0 0 12 1 0 6 0 0 94 243 255 110 0 0 0 8 16 0 0 0 0 0 0 0 0 0 0 0 0 0 0 0 16 0 0 41 194 249 231 41 0 8 0 6 1 0 0 0 0 0 0 0 0 0 0 0 0 0 0 3 0 0 0 196 252 255 70 3 13 5 0 1 0 10 0 0 0 0 0 0 0 0 0 0 0 0 9 0 5 0 125 245 243 156 0 0 0 0 5 8 0 1 0 0 0 0 0 0 0 0 0 0 0 0 0 0 5 37 255 247 195 3 6 7 0 9 1 0 11 0 0 0 0 0 0 0 0 0 0 0 0 0 0 25 0 156 252 251 117 1 1 0 0 6 0 0 13 1 0 0 0 0 0 0 0 0 0 0 0 0 0 0 82 251 255 139 0 2 0 4 2 1 7 4 0 3 0 0 0 0 0 0 0 0 0 0 0 0 5 4 149 252 244 72 40 6 0 0 0 0 0 0 0 0 0 0 0 0 0 0 0 0 0 0 0 0 0 44 247 255 249 190 77 0 0 0 0 0 0 0 0 0 0 0 0 0 0 0 0 0 0 0 0 0 4 42 235 233 150 66 0 6 0 0 0 0 0 0 0 0 0 0 0 0 0 0 0 0 0 0 0 0 7 0 0 6 0 0 2 7 0 0 0 0 0 0 0 0 0 0 0 0
0 0 0 0 0 0 0 0 0 0 4 9 3 0 0 4 6 0 0 0 0 0 3 0 0 0 0 0 0 0 0 0 0 0 0 0 8 0 0 0 0 0 0 0 0 0 0 0 6 7 0 0 0 0 0 0 0 0 0 0 0 0 0 0 0 0 0 0 6 11 10 5 0 7 8 2 0 0 0 13 0 0 0 0 0 0 0 0 0 0 0 0 0 5 8 2 0 0 0 0 10 8 0 0 3 3 0 0 0 0 0 0 0 0 0 0 0 0 0 0 1 3 2 0 0 1 5 6 0 0 0 2 7 6 1 2 0 0 0 0 0 0 0 0 0 0 0 0 3 0 0 3 9 7 0 0 7 5 12 10 0 0 3 3 0 0 0 0 0 0 0 0 0 0 0 0 7 0 0 4 0 0 0 7 0 0 0 7 0 0 15 0 0 0 0 0 0 0 0 0 0 0 0 0 0 0 1 6 3 18 75 138 194 219 255 218 73 0 0 0 0 0 0 0 1 0 6 5 6 0 16 0 8 0 26 86 165 226 242 255 255 245 255 251 190 19 0 0 0 0 0 0 3 0 0 0 6 0 0 0 0 119 240 254 240 250 242 232 118 71 111 255 251 17 7 1 0 0 0 0 0 0 1 0 0 0 16 124 255 238 255 255 210 100 7 0 9 0 106 255 251 12 17 0 0 0 0 0 0 0 1 3 0 0 34 225 238 255 249 130 23 0 0 7 0 27 217 249 176 6 8 0 0 0 0 0 4 1 0 0 6 1 0 133 170 86 19 0 0 8 0 0 2 92 252 243 91 1 0 3 0 0 0 0 0 6 5 0 4 7 0 19 10 0 0 0 0 4 0 11 6 182 250 226 20 0 0 4 0 0 0 0 0 1 8 0 0 1 1 0 0 0 3 2 8 15 0 0 98 253 255 143 0 2 0 0 0 0 0 0 10 0 0 2 9 0 9 0 7 0 3 0 0 0 1 26 228 252 235 38 0 14 0 0 0 0 0 0 0 0 0 0 0 0 0 0 7 0 2 0 0 2 39 221 255 224 64 0 9 4 0 5 0 0 0 0 0 0 0 0 0 0 0 0 0 0 0 14 0 14 115 255 228 84 0 0 2 0 0 3 0 0 0 0 0 0 0 0 0 0 0 0 0 12 8 0 7 84 244 255 99 0 0 10 0 2 3 0 0 0 0 0 0 0 0 0 0 0 0 0 0 11 0 6 105 229 255 116 0 0 14 2 0 4 0 0 0 0 0 0 0 0 0 0 0 0 0 0 20 0 0 83 225 255 170 0 0 12 0 0 9 0 0 7 0 0 0 0 0 0 0 0 0 0 0 0 5 0 41 247 237 198 19 7 5 8 0 5 5 0 9 0 0 0 0 0 0 0 0 0 0 0 0 0 0 32 222 247 220 27 0 0 0 1 11 9 0 0 6 0 0 0 0 0 0 0 0 0 0 0 0 0 39 166 253 193 25 0 3 0 2 0 3 0 3 6 0 13 0 0 0 0 3 0 0 3 0 2 8 17 200 255 213 42 0 15 0 0 0 0 0 0 0 0 0 0 0 0 0 0 0 9 15 0 0 0 0 164 255 181 34 1 8 0 5 7 0 0 0 0 0 0 0 0 0 0 0 0 4 0 2 0 19 13 34 237 164 31 0 0 0 16 0 4 0 0 0 0 0 0 0 0 0 0 0 0 3 0 4 2 5 0 0 11 0 0 7 15 0 2 22 0 0 0 0 0 0 0 0 0 0 0 0 0
0 0 0 0 0 0 0 0 0 3 5 5 6 0 0 6 0 12 5 0 0 11 0 21 2 3 2 1 0 0 0 0 0 0 0 0 5 7 0 0 0 3 0 0 0 0 0 20 0 4 12 0 1 1 1 1 0 0 0 0 0 0 0 0 0 6 3 0 0 7 7 9 0 3 0 0 0 0 0 9 0 0 0 1 0 0 0 0 0 0 0 0 0 6 5 0 1 0 0 0 0 4 0 18 0 0 18 0 0 0 0 0 0 0 0 0 0 0 0 0 3 0 0 2 11 3 0 8 0 0 0 0 2 16 0 6 1 0 0 0 0 0 0 0 0 0 0 0 0 1 0 0 0 0 0 10 0 12 22 0 0 0 4 0 6 2 0 0 0 0 0 0 0 0 0 0 1 10 2 0 7 13 3 0 4 1 0 24 0 46 255 165 11 5 0 0 0 0 0 0 0 0 0 0 5 0 0 13 96 151 115 51 53 57 67 49 163 250 245 238 15 8 0 0 8 0 10 0 0 8 2 0 1 7 0 108 245 255 240 255 250 254 255 236 255 240 242 81 0 0 0 0 4 0 0 0 13 2 0 1 0 1 29 223 253 255 255 252 251 255 244 250 255 255 169 10 0 0 0 0 0 1 6 0 9 0 3 2 2 37 215 247 255 201 42 0 1 5 181 255 248 149 0 0 0 0 0 0 1 0 12 10 0 6 4 0 50 216 224 255 169 17 2 2 1 153 255 255 155 4 2 18 0 0 0 0 11 0 0 3 0 21 0 20 121 255 255 170 29 0 0 0 38 255 251 184 20 0 7 0 0 0 0 0 0 7 0 1 4 1 0 128 255 246 173 43 22 0 3 84 219 255 223 85 0 10 0 11 0 0 0 0 0 8 0 6 1 0 100 227 252 245 80 6 0 1 19 152 255 229 121 20 5 0 23 0 0 0 0 0 11 0 0 4 0 19 231 253 254 128 0 0 3 3 126 253 251 130 8 0 0 4 0 8 0 0 0 0 3 6 0 0 0 16 169 228 80 0 0 14 0 4 238 247 209 9 0 3 0 9 0 5 0 0 0 0 0 0 8 10 4 0 25 27 0 10 0 0 5 242 255 210 49 0 11 9 0 6 0 3 0 0 0 0 10 0 5 0 0 2 0 0 1 3 12 1 164 255 230 107 0 0 7 0 3 10 0 2 0 0 0 0 3 0 5 0 0 7 4 3 0 0 0 121 255 245 114 0 9 14 0 0 8 2 0 5 0 0 0 0 0 9 0 3 1 0 0 0 3 18 183 222 253 54 0 4 1 3 0 11 2 0 2 5 0 0 0 0 1 11 0 0 3 4 5 4 0 81 228 255 197 20 0 0 0 0 4 9 0 0 9 0 0 0 0 0 0 0 0 4 3 8 0 4 128 254 247 148 10 0 13 6 6 0 0 0 0 6 4 0 0 0 0 0 3 0 7 0 0 16 0 62 244 251 245 79 0 14 0 7 0 0 0 0 10 3 0 12 0 0 0 0 6 0 8 4 0 0 0 178 255 255 105 0 0 0 4 0 0 0 0 0 0 0 0 0 0 0 0 0 0 0 0 0 2 12 10 130 255 225 76 0 0 0 6 0 0 0 0 0 0 0 0 0 0 0 0 0 8 12 4 0 0 3 0 25 0 11 0 0 17 1 0 0 0 0 0 0 0 0 0 0 0 0 0 0 0 7 0 0 0 2 0 0 5 12 0 0 0 0 1 7 0 0 0 0 0 0 0 0 0 0 0 0
0 0 0 0 0 0 0 0 4 0 8 1 2 7 0 0 10 0 2 4 3 0 0 5 0 0 0 0 0 0 0 0 0 0 0 0 0 1 0 0 0 0 11 7 0 0 0 0 0 14 7 0 0 0 0 0 0 0 0 0 0 0 0 0 8 11 4 1 0 0 0 0 0 4 0 3 0 0 2 1 0 0 0 0 0 0 0 0 0 0 0 0 0 0 5 0 0 11 0 6 0 1 0 3 1 0 7 5 0 0 0 0 0 0 0 0 0 0 0 0 5 0 0 0 1 3 0 0 6 12 3 0 0 7 5 0 0 0 0 0 0 0 0 0 0 0 0 0 0 12 0 0 3 0 15 0 0 0 1 3 0 0 0 16 0 0 0 0 0 0 0 0 0 0 0 0 0 0 6 1 0 0 0 0 12 0 21 0 0 15 0 3 0 0 0 0 0 0 0 0 0 0 0 0 6 0 115 113 150 230 191 255 255 249 231 111 111 188 95 0 0 0 0 0 0 0 0 0 0 0 0 0 4 0 255 255 234 255 255 255 251 255 255 252 253 255 234 75 0 0 0 0 0 0 0 0 0 0 0 0 0 0 219 255 255 255 235 255 254 248 255 253 255 234 255 87 0 0 0 0 0 0 0 0 0 0 0 0 9 3 39 77 91 74 103 75 75 144 240 252 248 211 79 26 0 0 0 0 0 0 0 0 0 0 0 0 0 0 22 2 0 10 9 0 49 230 255 242 255 89 0 8 0 0 0 0 0 0 0 0 0 0 0 0 13 14 0 2 16 0 0 0 172 247 237 255 49 3 20 0 0 0 0 0 0 0 0 0 0 0 0 0 0 0 11 0 2 0 19 225 227 255 195 98 15 0 6 4 0 0 0 0 0 0 0 0 0 0 0 0 2 12 0 0 8 12 123 255 250 245 57 18 0 0 4 0 0 0 0 0 0 0 0 0 0 0 0 0 7 0 5 0 10 121 255 254 249 90 7 0 5 2 7 0 0 0 0 0 0 14 0 0 2 0 6 0 0 17 0 37 158 255 236 254 73 23 0 0 7 0 0 7 0 0 0 0 2 5 0 1 7 0 7 0 14 0 3 162 238 255 249 91 18 0 0 0 5 1 0 0 0 0 0 0 7 1 0 3 0 0 3 0 0 5 98 249 255 252 172 0 0 0 2 0 1 5 1 0 0 0 0 0 0 1 5 5 0 0 5 0 0 141 210 255 238 178 61 6 0 7 7 0 0 2 2 0 0 0 0 0 0 0 7 3 0 4 2 0 113 255 255 228 176 0 0 3 2 0 0 0 0 0 2 4 0 0 0 0 1 0 0 0 2 0 0 10 108 243 247 255 69 11 0 0 4 0 0 1 4 0 0 1 0 0 0 0 6 0 0 0 3 0 15 112 250 248 255 97 2 0 19 1 4 1 1 5 4 0 0 0 0 0 0 0 0 0 1 2 8 0 71 248 255 254 97 19 0 8 0 0 0 0 1 0 0 0 1 1 0 0 0 0 0 9 0 0 0 0 94 249 251 225 0 0 7 14 0 0 0 0 0 0 0 0 0 0 0 0 0 0 0 2 1 10 4 0 84 247 216 41 6 12 0 0 6 5 0 0 0 0 0 0 0 0 0 0 0 0 9 5 0 0 1 11 104 243 97 0 18 0 2 0 0 5 0 0 0 0 0 0 0 0 0 0 0 0 0 5 8 6 9 0 0 5 0 14 6 0 10 11 0 0 0 0 0 0 0 0 0 0 0 0 0 0
0 0 0 0 0 0 0 0 5 0 0 0 3 0 10 0 0 0 0 11 0 5 1 0 0 0 0 0 0 0 0 0 0 0 0 0 4 10 11 0 0 0 0 11 0 0 0 0 0 1 2 2 0 0 0 0 0 0 0 0 0 0 0 0 0 0 0 0 10 6 0 2 0 21 9 0 12 0 0 9 0 0 0 0 0 0 0 0 0 0 0 0 4 10 5 5 1 5 0 1 2 0 0 4 0 2 16 0 0 0 0 0 0 0 0 0 0 0 0 0 9 0 0 0 0 1 9 0 4 13 3 0 6 1 0 1 0 0 0 0 0 0 0 0 0 0 0 0 0 0 17 0 3 44 137 179 218 168 50 0 0 8 0 12 0 0 0 0 0 0 0 0 0 0 0 0 7 0 5 47 210 255 255 237 255 236 251 219 10 0 8 0 0 0 0 0 0 0 0 0 0 0 0 0 0 1 0 8 207 248 255 255 238 255 255 242 102 56 0 4 0 0 0 0 0 0 0 0 0 0 0 0 0 15 0 10 155 255 201 248 180 156 64 162 245 232 4 0 0 0 0 0 0 0 0 0 0 0 0 0 6 1 0 2 0 20 17 31 7 0 147 240 255 255 134 4 0 0 0 0 0 0 0 0 0 0 0 0 0 0 15 0 0 29 0 6 0 90 238 255 255 239 255 3 0 0 0 0 0 0 0 0 0 0 0 0 0 0 0 6 4 0 9 16 120 232 251 251 232 255 110 0 0 0 0 0 0 0 0 0 0 0 0 0 7 5 22 0 4 0 17 179 241 255 248 255 255 185 7 8 0 0 0 0 0 0 0 0 0 0 0 0 0 0 0 4 0 52 212 255 255 246 255 254 189 19 0 4 0 0 0 0 0 0 0 0 0 0 0 0 14 1 8 8 102 203 251 253 254 255 244 213 28 21 0 1 0 0 0 0 0 0 0 0 0 0 0 0 0 3 14 94 234 255 255 251 255 246 109 33 0 0 31 0 0 0 0 0 0 11 0 0 4 17 0 5 13 83 201 253 246 254 255 255 247 103 8 1 0 0 3 0 0 0 0 0 6 0 0 5 3 0 13 17 85 241 255 252 255 255 240 205 63 1 0 1 0 0 6 0 0 0 0 0 0 9 0 0 0 15 23 189 255 252 246 255 235 255 244 49 4 0 6 13 0 0 3 0 0 0 0 0 2 0 0 7 1 0 184 255 255 255 237 255 255 178 80 5 5 0 1 0 0 0 7 0 0 0 0 0 3 0 2 8 0 95 250 246 246 242 255 236 122 32 3 0 0 0 0 0 0 1 4 2 0 0 0 0 3 0 4 1 0 255 246 255 255 255 202 76 0 0 0 0 4 3 5 7 3 0 0 3 0 0 0 0 10 0 0 13 3 160 255 231 250 234 113 5 0 10 5 6 0 0 0 0 0 0 0 8 0 0 0 0 0 16 0 6 0 5 108 181 255 161 6 0 17 0 0 4 0 7 3 0 2 8 1 0 0 0 0 0 0 0 0 7 0 0 21 86 247 110 0 0 7 0 0 5 0 0 0 0 0 0 0 0 0 0 0 0 4 3 0 0 2 0 0 16 9 0 0 0 5 2 0 0 0 0 0 0 0 0 0 0 0 0 0 0 0 6 1 0 7 9 0 0 0 1 8 0 0 0 4 2 0 0 0 0 0 0 0 0 0 0 0 0 0 5 4 0 3 8 5 4 13 4 0 2 3 0 0 0 0 0 0 0 0 0 0 0 0 0 0 0
0 0 0 0 0 0 0 0 6 4 0 3 5 0 4 3 0 13 0 4 7 0 0 4 0 0 0 0 0 0 0 0 0 0 0 0 0 2 0 0 0 1 2 0 4 4 0 0 0 1 16 0 0 0 0 0 0 0 0 0 0 0 0 0 0 3 8 0 0 6 3 2 0 1 14 17 0 0 5 0 0 0 0 0 0 0 0 0 0 0 0 0 0 0 2 0 0 0 0 1 2 0 0 0 0 3 10 5 0 0 0 0 0 0 0 0 0 0 0 0 0 0 6 6 5 5 0 0 2 1 0 0 5 0 0 3 0 0 0 0 0 0 0 0 0 0 0 0 2 13 0 0 0 0 13 0 8 3 2 0 12 8 0 11 0 0 0 0 0 0 0 0 0 0 0 0 0 2 0 11 16 0 4 0 0 0 13 1 0 0 3 0 0 0 0 0 0 0 0 0 0 0 0 0 5 1 0 98 106 8 4 0 21 101 240 198 34 0 10 2 0 0 0 0 0 0 0 0 0 0 0 0 0 2 3 194 252 211 179 208 233 255 250 247 50 0 10 3 0 0 0 0 0 0 0 0 0 0 0 0 5 0 14 229 255 202 255 232 232 255 252 225 23 0 0 0 0 0 0 0 0 0 0 0 0 0 0 0 0 0 156 251 153 47 49 0 5 250 246 65 0 16 4 1 0 0 0 0 0 0 0 0 0 0 0 0 0 14 224 163 2 0 1 0 54 255 251 44 0 0 14 0 0 0 0 0 0 0 0 0 0 0 0 0 2 63 241 144 0 8 3 7 183 247 118 1 12 0 5 10 0 0 0 0 0 0 0 0 0 0 0 0 0 69 255 130 0 0 0 98 254 238 33 0 6 20 0 0 0 0 0 0 0 0 0 0 0 0 0 0 12 58 254 109 13 0 34 219 242 71 0 23 0 3 3 0 0 0 0 0 0 0 0 0 0 0 0 0 0 12 93 0 0 0 123 253 211 6 0 0 5 2 0 8 0 0 0 0 0 0 0 0 0 0 0 0 2 1 14 0 5 31 232 242 21 9 0 0 0 4 2 0 0 0 0 0 0 0 0 0 0 0 0 0 0 0 0 0 4 158 255 67 10 3 0 0 1 3 1 0 0 0 0 0 0 0 0 0 0 0 0 0 11 9 2 8 57 252 211 0 0 0 0 0 1 2 0 0 0 0 0 0 0 0 0 0 0 0 0 0 0 0 0 3 135 228 57 0 0 0 0 1 0 0 0 0 0 0 0 0 0 0 0 0 0 0 0 0 4 7 5 58 253 201 6 0 0 0 1 0 0 0 0 1 0 0 0 0 0 0 0 0 0 0 0 0 3 0 0 138 254 95 7 0 3 3 2 0 0 0 0 1 0 0 0 0 0 0 0 0 0 0 0 0 6 0 50 224 164 7 8 0 2 1 0 0 0 0 0 0 0 0 0 0 0 0 0 0 0 0 0 0 0 3 128 255 83 5 0 0 0 0 0 0 1 2 0 0 0 0 0 0 0 0 0 0 0 0 0 0 9 0 229 141 15 0 0 0 0 0 0 0 0 0 0 0 0 0 0 0 0 0 0 0 0 0 0 0 0 71 212 70 0 0 9 6 0 0 0 0 0 0 0 0 0 0 0 0 0 0 0 0 0 0 0 0 20 150 146 6 5 12 0 0 0 0 0 0 0 0 0 0 0 0 0 0 0 0 0 0 0 0 0 0 0 0 0 0 0 9 23 0 0 0 0 0 0 0 0 0 0 0 0 0
0 0 0 0 0 0 0 0 0 0 0 0 0 0 0 0 0 4 0 0 12 3 0 0 0 0 0 0 0 0 0 0 0 0 0 0 0 0 0 0 0 0 0 0 8 0 0 0 0 0 9 9 0 0 0 0 0 0 0 0 0 0 0 0 0 0 0 0 0 0 0 0 0 0 17 7 0 0 4 0 0 0 0 0 0 0 0 0 0 0 0 0 0 0 0 0 0 0 0 0 9 0 0 0 14 9 16 0 0 0 0 0 0 0 0 0 0 0 0 0 0 0 0 0 0 0 0 0 0 7 9 0 6 0 0 0 0 0 0 0 0 0 0 0 0 0 0 0 0 0 0 0 0 0 0 0 0 13 5 0 4 8 0 6 0 0 0 0 0 0 0 0 0 0 0 0 0 0 0 0 0 0 0 0 0 0 0 11 0 6 4 0 0 0 0 0 0 0 0 0 0 0 0 0 0 0 0 0 0 0 0 0 12 110 230 238 41 0 1 9 0 0 0 0 8 0 0 3 3 0 21 114 83 18 20 23 86 100 125 224 255 247 255 182 12 0 12 0 0 0 0 0 0 0 8 0 8 28 244 255 249 244 232 221 255 252 239 228 217 255 200 19 0 13 1 0 0 0 0 0 4 0 12 0 0 0 130 57 127 148 120 112 104 49 38 0 42 249 206 0 5 1 0 13 0 0 0 0 2 0 0 0 15 8 11 0 0 6 0 11 14 0 5 0 99 248 140 0 5 0 0 2 0 0 0 0 5 4 0 0 0 9 0 11 0 3 0 0 0 5 0 4 252 252 28 0 0 6 4 0 0 0 0 0 0 0 7 4 6 2 1 2 9 0 4 0 0 4 0 104 248 196 0 7 3 0 0 9 0 0 0 0 5 0 0 0 0 0 14 0 6 0 0 7 0 0 19 224 247 97 0 0 2 0 0 0 0 0 0 0 0 0 0 2 4 3 0 9 0 7 2 0 0 11 66 255 236 0 1 0 6 0 13 0 0 0 0 0 0 0 0 0 0 0 0 0 4 1 5 0 4 5 200 255 105 13 0 13 0 0 7 0 0 0 0 0 0 0 0 0 0 0 0 0 0 1 0 1 12 17 255 245 26 0 0 9 0 0 9 1 0 0 0 0 0 0 0 0 0 0 0 0 1 12 9 0 3 96 239 199 0 0 5 6 0 0 6 0 0 0 0 0 0 0 0 0 0 0 0 0 0 0 7 2 1 211 255 144 0 8 5 0 0 6 2 0 0 0 0 0 0 0 0 0 0 0 0 0 10 0 0 4 30 223 255 6 2 4 0 0 3 3 0 3 0 0 0 0 0 0 0 0 0 0 0 0 0 4 9 0 166 255 199 17 0 0 0 0 2 0 0 7 0 0 0 0 0 0 0 0 0 0 0 0 0 0 9 4 234 254 39 0 0 2 6 5 1 0 0 0 0 0 0 0 0 0 0 0 0 0 0 0 7 0 0 113 255 228 33 1 3 0 0 0 0 10 11 0 0 0 0 0 0 0 0 0 0 0 0 0 3 0 10 183 255 152 11 0 0 0 0 0 0 0 0 0 0 0 0 0 0 0 0 0 0 0 0 0 10 0 0 198 251 39 0 8 0 0 0 0 0 0 0 0 0 0 0 0 0 0 0 0 0 0 0 0 0 9 13 169 195 7 9 0 0 0 0 0 0 0 0 0 0 0 0 0 0 0 0 0 0 0 0 0 9 7 0 0 0 0 15 0 0 0 0 0 0 0 0 0 0 0 0 0
0 0 0 0 0 0 0 0 0 0 2 2 1 1 1 0 6 1 5 0 11 0 0 0 0 0 0 0 0 0 0 0 0 0 0 0 3 7 7 0 0 0 0 3 0 0 4 0 0 0 13 0 0 0 0 0 0 0 0 0 0 0 0 0 0 0 0 0 11 13 3 0 0 6 4 12 14 0 0 0 0 0 0 0 0 0 0 0 0 0 0 0 2 2 1 0 0 0 0 9 0 0 0 0 0 2 11 1 0 0 0 0 0 0 0 0 0 0 0 0 5 1 2 7 8 3 1 3 19 0 5 9 9 0 9 0 0 0 0 0 0 0 0 0 0 0 0 0 0 0 0 0 0 0 0 4 0 12 13 0 15 0 0 15 0 0 0 0 0 0 0 0 0 0 0 0 2 5 8 3 0 14 67 120 153 235 185 65 0 12 2 0 0 0 0 0 0 0 0 0 0 0 0 0 1 0 4 73 160 222 249 255 255 239 255 250 19 0 12 0 0 0 0 0 0 0 18 0 0 15 0 0 0 131 233 255 255 244 218 135 97 144 254 255 33 0 0 5 0 0 0 0 9 0 0 12 13 0 6 17 123 246 254 246 147 31 0 13 4 142 238 251 38 0 16 0 0 0 0 0 0 10 12 0 0 0 44 180 237 255 252 141 0 11 0 0 8 219 255 255 36 0 12 0 0 0 0 0 0 8 0 17 8 68 243 255 255 255 70 0 15 16 0 19 72 243 242 196 12 0 0 8 0 0 0 0 6 5 0 0 10 131 241 255 243 51 9 0 0 7 0 0 221 255 253 90 11 15 0 0 0 0 0 0 0 0 0 26 0 66 243 209 67 7 2 10 0 0 31 74 236 242 233 0 0 2 0 8 0 0 0 0 0 0 6 4 0 3 24 23 0 0 10 0 10 0 0 195 255 255 205 0 0 0 0 2 0 0 0 0 0 3 0 1 1 0 6 0 11 0 0 5 0 1 10 191 250 251 102 8 2 6 0 0 0 0 0 0 0 0 0 0 0 0 0 0 1 0 6 0 2 6 27 245 248 228 46 8 0 2 0 0 0 0 0 0 0 0 0 0 0 0 0 0 3 0 4 2 5 0 117 254 252 171 15 0 0 0 0 1 0 0 0 0 0 0 0 0 0 0 0 0 5 0 1 10 3 0 218 255 255 101 0 0 3 0 0 5 0 0 0 0 0 0 0 0 0 0 0 0 3 1 0 8 0 6 255 251 237 43 0 1 6 0 1 2 0 0 0 0 0 0 0 0 0 0 0 0 0 9 0 1 0 71 255 249 185 2 0 3 0 0 0 0 0 0 0 0 0 0 0 0 0 0 0 0 0 12 0 0 14 157 242 255 135 0 3 4 0 0 0 0 0 0 0 0 0 0 0 0 0 0 0 0 0 7 0 0 37 225 245 255 116 0 2 3 0 6 0 1 0 0 0 0 0 0 0 0 0 0 0 0 2 3 0 4 52 255 254 255 114 9 0 0 0 6 0 0 0 0 0 0 0 0 0 0 0 0 0 0 3 6 0 1 50 240 255 245 39 14 0 0 5 2 0 0 0 0 0 0 0 0 0 0 0 0 0 0 0 12 11 0 38 212 226 149 17 3 0 0 2 0 0 3 0 0 0 0 0 0 0 0 0 0 0 0 15 0 0 0 0 6 2 0 0 0 0 3 1 0 0 6 0 0 0 0 0 0 0 0 0 0 0 0 5 0 9 9 4 0 1 6 0 0 2 5 2 0 0 4 0 0 0 0
0 0 0 0 0 0 0 0 4 5 0 5 2 0 0 0 0 0 0 0 0 0 0 0 0 0 0 0 0 0 0 0 0 0 0 0 0 2 0 6 1 4 4 6 0 0 0 0 0 0 0 0 0 0 0 0 0 0 0 0 0 0 0 0 0 0 1 9 0 11 0 0 0 0 0 0 0 0 0 0 0 0 0 0 0 0 0 0 0 0 0 0 9 9 1 0 0 12 0 10 0 0 0 0 0 0 0 0 0 0 0 0 0 0 0 0 0 0 0 0 0 0 0 3 0 8 0 0 0 0 0 0 0 0 0 0 0 0 0 0 0 0 0 0 0 0 0 0 5 7 0 3 4 0 5 0 0 0 0 0 0 0 0 0 0 0 0 0 0 0 0 0 0 0 0 0 0 2 0 3 20 0 11 0 0 0 0 0 0 0 0 0 0 0 0 0 0 0 0 0 0 0 0 0 0 47 103 176 209 101 91 22 0 0 0 0 0 0 0 0 0 0 0 0 1 0 13 0 0 0 19 0 131 208 255 245 253 255 254 208 197 51 0 0 3 5 0 6 0 0 0 0 0 0 0 17 0 8 0 48 255 251 240 197 228 244 249 255 242 251 147 8 2 0 4 0 0 0 0 0 9 8 0 0 2 0 100 54 249 255 165 3 6 113 187 232 254 255 245 227 0 19 0 6 0 0 0 0 0 0 12 0 51 186 255 221 255 175 30 5 5 0 0 54 71 232 255 255 136 6 0 9 0 0 0 0 0 3 1 0 134 255 237 253 255 176 0 0 0 22 3 1 3 52 233 236 204 23 15 0 0 0 0 0 4 0 0 0 153 253 255 254 255 161 10 19 0 0 0 0 1 2 70 255 252 30 3 0 0 0 0 0 13 0 8 9 23 244 250 255 246 71 0 0 4 0 16 8 0 0 62 246 255 66 0 1 0 0 0 0 0 10 0 0 7 151 250 255 255 17 0 0 16 0 3 0 0 3 65 255 240 42 12 0 0 0 0 0 0 5 0 17 0 22 154 161 21 1 5 0 0 0 0 7 3 0 208 249 249 63 0 3 0 0 0 0 1 2 0 12 0 0 28 0 2 0 5 6 2 0 0 0 1 7 225 255 161 9 0 0 0 0 0 0 0 0 0 9 6 0 3 0 0 0 0 4 0 3 10 0 1 193 248 244 144 15 0 27 0 0 0 0 3 2 2 0 0 3 2 11 0 6 0 4 0 1 9 1 57 248 255 237 127 0 8 0 0 0 0 0 0 0 6 0 0 0 0 2 0 6 0 12 0 0 0 4 175 255 237 238 0 0 0 20 0 0 0 0 0 0 0 0 8 11 0 3 0 4 0 5 0 0 0 81 255 246 183 4 0 17 0 0 0 0 0 0 7 3 0 0 0 0 0 0 1 3 0 0 0 5 15 185 241 249 170 7 0 8 7 0 0 0 0 0 0 0 0 8 0 0 9 3 0 2 3 4 0 2 9 225 255 255 25 2 0 0 0 0 0 0 0 0 0 0 0 0 0 0 0 0 14 0 0 1 0 101 255 254 255 63 8 4 0 3 8 0 0 0 0 0 0 0 0 0 0 0 0 0 0 3 9 11 18 135 255 240 227 24 0 16 14 3 0 0 0 0 0 0 0 0 0 0 0 0 0 0 0 14 0 0 1 113 233 225 99 0 0 6 1 2 0 2 0 0 0 0 0 0 0 0 0 0 0 0 0 3 0 6 0 0 11 0 0 0 19 0 0 1 3 4 0 0 0 0
0 6 0 1 11 0 6 3 7 0 0 0 0 0 0 9 0 0 2 9 0 0 14 0 0 0 0 0 0 14 1 0 0 0 1 0 0 0 0 1 8 14 5 0 4 1 0 0 0 0 0 7 0 0 0 0 0 0 0 6 7 6 13 0 5 12 10 0 0 0 4 2 6 6 0 0 10 1 0 5 0 0 0 0 9 0 0 6 1 0 0 0 0 0 0 3 1 0 0 3 0 0 0 0 0 11 0 1 0 0 0 0 6 0 3 1 0 0 1 13 12 5 0 0 3 7 3 0 15 0 5 5 0 0 4 0 0 0 0 0 0 1 5 0 7 18 0 0 0 0 4 0 0 2 5 0 0 0 0 12 1 0 3 0 0 0 0 0 0 2 0 0 6 1 0 15 11 0 0 5 8 0 0 5 0 35 0 0 4 0 10 1 0 0 0 0 0 3 6 1 6 0 32 174 237 99 0 0 12 0 0 31 113 205 92 1 4 0 10 0 0 0 0 0 3 5 2 0 0 2 30 251 252 255 0 5 0 11 60 223 255 243 185 8 0 8 0 7 0 0 0 0 0 0 4 0 10 1 35 250 255 250 143 47 141 213 255 255 193 255 199 10 3 0 0 0 0 0 0 0 3 1 1 0 4 0 82 255 247 197 255 246 255 236 143 58 36 244 185 0 2 0 9 1 0 0 0 0 0 3 0 0 4 0 146 247 163 28 79 130 76 58 0 19 0 250 223 17 5 0 10 0 0 0 0 0 0 2 0 3 4 24 241 255 96 0 17 2 0 3 0 0 14 253 255 44 2 0 3 0 0 0 0 0 4 4 0 4 0 18 203 173 27 0 3 0 0 3 8 0 45 234 250 35 0 4 1 6 0 0 0 0 0 0 8 12 6 0 34 0 5 0 0 15 3 0 0 10 95 254 232 18 1 7 0 2 0 0 0 0 5 0 2 0 11 2 0 0 2 0 15 0 0 3 8 0 99 255 197 0 3 6 0 2 0 0 0 0 0 0 0 0 0 0 0 0 4 0 0 0 1 9 0 6 165 255 140 9 0 4 0 4 0 0 0 0 0 0 0 0 0 0 0 0 0 0 1 4 3 0 0 2 168 255 120 0 0 8 0 0 0 0 0 0 0 0 0 0 0 0 0 0 0 0 0 10 0 0 2 2 168 254 107 0 0 7 0 1 0 0 0 0 0 0 0 0 0 0 0 0 2 2 0 3 0 0 11 0 180 255 100 9 2 2 0 5 0 0 0 0 0 0 0 0 0 0 0 0 2 4 0 0 0 1 5 0 218 252 70 6 1 2 0 4 0 0 0 0 0 0 0 0 0 0 0 0 0 0 4 0 0 3 0 16 255 232 24 0 0 4 3 0 0 0 0 0 0 0 0 0 0 0 0 0 1 0 9 0 4 0 0 91 255 205 0 3 0 0 6 0 0 0 0 0 0 0 0 0 0 0 0 0 7 0 10 0 3 0 7 165 248 185 0 24 0 0 5 0 0 0 0 0 0 0 0 0 0 0 0 0 0 10 0 3 8 0 0 182 254 122 6 27 0 6 9 0 0 0 0 0 0 0 0 0 0 0 0 0 2 5 0 8 0 0 5 197 249 198 189 28 9 0 3 1 0 0 0 0 0 0 0 0 0 0 0 0 0 1 0 12 2 5 22 159 255 246 74 17 0 12 4 0 0 0 0 0 0 0 0 0 0 0 0 0 0 7 3 0 0 5 0 24 0 5 0 0 3 2 0 17 0 0 0 0
0 0 0 0 0 0 0 0 0 0 0 0 0 0 0 0 0 0 0 0 0 0 0 0 0 0 0 0 0 0 0 0 0 0 0 0 0 0 0 0 0 0 0 0 0 0 0 0 0 0 0 0 0 0 0 0 0 0 0 0 0 0 0 0 0 0 0 0 0 0 0 0 0 0 0 0 0 0 0 0 0 0 0 0 0 0 0 0 0 0 0 0 0 0 0 0 0 0 0 0 0 0 0 0 0 0 0 0 0 0 0 0 0 0 0 0 0 0 0 0 0 0 0 0 0 0 0 0 0 0 0 0 0 0 0 0 0 0 0 0 0 0 0 0 0 0 0 0 0 0 0 0 0 0 0 0 0 0 0 0 0 0 0 0 0 0 0 0 0 0 0 0 0 0 0 0 0 0 0 0 0 0 0 0 0 0 0 0 0 0 0 0 0 0 0 0 0 0 0 0 0 0 0 0 0 0 0 0 0 0 0 0 0 0 0 0 0 0 0 0 0 0 0 0 11 2 0 9 0 97 131 111 117 114 1 1 1 0 10 0 1 0 5 40 116 36 0 7 0 0 0 0 0 0 0 5 1 212 254 247 252 255 227 188 82 45 109 110 81 112 211 217 250 225 64 0 0 0 0 0 2 5 5 0 0 231 253 255 243 255 255 251 250 232 245 242 255 249 255 255 255 242 122 0 0 0 0 0 0 0 0 0 43 213 235 250 223 246 255 243 255 255 249 255 238 244 230 228 254 248 224 5 0 0 0 0 0 3 0 37 174 246 255 242 50 90 199 227 220 211 222 213 226 92 62 105 251 255 241 7 0 0 0 0 0 15 1 104 255 255 248 125 0 0 10 2 0 1 2 0 0 0 2 83 234 255 255 0 0 0 0 0 0 0 1 181 255 255 214 51 0 15 0 0 3 2 0 7 0 2 0 185 255 241 191 0 0 0 0 0 8 0 12 246 245 255 225 90 1 4 0 14 0 1 8 0 7 0 38 232 248 255 103 10 0 0 0 0 0 0 7 207 243 255 255 241 78 15 0 0 0 0 10 1 0 0 98 236 254 238 13 0 0 0 0 0 0 21 0 33 63 153 151 52 35 0 0 7 0 0 7 0 0 0 183 255 255 232 0 6 0 0 0 0 1 2 0 9 0 0 12 5 0 0 0 10 0 0 5 0 3 0 223 255 254 192 0 1 0 0 0 0 2 0 11 14 0 0 0 0 0 0 6 5 0 0 6 0 0 6 216 248 243 117 7 0 0 0 0 0 2 0 5 0 0 16 7 0 4 5 6 0 0 0 5 1 0 8 221 252 248 79 6 0 0 0 0 0 0 0 3 4 0 0 0 15 0 2 1 0 1 3 1 0 0 3 220 251 255 104 3 0 0 0 0 0 0 8 0 1 5 13 4 0 0 0 0 0 6 2 0 0 0 50 225 251 250 85 5 0 0 0 0 0 1 8 0 6 4 0 0 2 2 2 0 0 5 0 0 5 2 134 255 255 207 8 5 1 0 0 0 0 0 0 0 0 0 0 0 0 0 0 0 0 0 0 0 0 24 255 244 244 179 0 0 12 0 0 0 0 0 0 0 0 0 0 0 0 0 0 0 0 0 0 0 0 116 255 251 239 80 16 10 0 0 0 0 0 0 0 0 0 0 0 0 0 0 0 0 0 0 0 0 0 114 217 233 187 0 0 0 7 0 0 0 0 0 0 0 0 0 0 0 0 0 0 0 0 0 0 0 0 2 9 0 0 0 16 3 0 0 0 0 0
0 0 0 0 0 0 0 0 0 2 5 5 1 0 0 0 0 0 0 0 0 0 0 0 0 0 0 0 0 0 0 0 0 0 0 0 8 0 0 0 4 11 6 0 0 0 0 0 0 0 0 0 0 0 0 0 0 0 0 0 0 0 0 0 0 1 8 5 0 0 0 0 0 0 0 0 0 0 0 0 0 0 0 0 0 0 0 0 0 0 0 0 6 2 0 0 0 3 7 10 0 0 0 0 0 0 0 0 0 0 0 0 0 0 0 0 0 0 0 0 0 1 4 4 0 0 0 0 0 0 0 0 0 0 0 0 0 0 0 0 0 0 0 0 0 0 0 0 6 3 0 0 0 0 2 5 0 0 0 0 0 0 0 0 0 0 0 0 0 0 0 0 0 0 0 0 0 0 0 2 5 5 1 0 0 0 0 0 0 0 0 0 0 0 0 0 0 0 0 0 0 0 0 0 0 117 238 244 144 36 0 0 0 0 0 0 0 0 0 0 0 0 0 0 6 0 3 0 0 7 1 0 1 209 255 255 245 223 117 28 1 0 3 0 13 0 2 1 0 0 0 0 5 0 3 3 0 0 0 7 0 252 239 247 254 242 255 242 220 115 49 0 0 1 6 0 0 0 0 0 0 0 4 0 0 2 0 0 0 220 249 255 191 255 231 255 255 253 239 143 0 0 5 6 0 0 0 0 0 1 6 0 0 10 0 0 36 253 255 181 10 153 255 255 254 254 232 228 30 0 0 2 0 0 0 0 0 0 5 0 0 2 7 41 229 242 245 121 14 0 39 20 120 255 255 228 0 0 12 1 0 0 0 0 2 0 2 7 3 0 11 97 242 251 232 34 0 17 0 6 57 238 255 224 7 4 5 0 0 0 0 0 2 0 1 3 6 0 1 74 213 228 58 6 0 0 0 0 83 245 255 122 0 10 6 0 0 0 0 0 0 7 2 0 6 7 0 6 19 39 0 9 2 2 7 16 202 250 247 68 7 5 0 8 0 0 0 0 0 0 0 0 0 0 0 0 0 3 0 0 13 0 0 158 255 243 192 2 0 14 0 0 0 0 0 0 0 0 0 0 0 0 0 0 2 0 0 9 0 0 88 228 255 245 75 0 0 0 0 11 0 0 0 0 0 0 0 0 0 0 0 0 9 2 12 0 0 50 221 255 250 180 0 4 1 0 0 7 0 0 0 0 0 0 0 0 0 0 0 0 0 0 8 0 9 108 255 247 194 48 0 5 0 0 4 0 0 0 0 0 0 0 0 0 0 0 0 0 12 6 0 0 24 172 252 248 80 0 8 0 0 1 8 0 0 0 0 0 0 0 0 0 0 0 0 0 0 0 14 6 151 255 255 127 0 1 0 0 2 0 0 4 0 0 0 0 0 0 0 0 0 0 0 0 10 0 6 0 200 255 254 57 0 27 0 0 6 0 0 4 0 0 0 0 0 0 0 0 0 0 0 0 0 3 10 154 255 255 193 35 0 0 0 0 2 4 2 2 0 0 0 0 0 0 0 0 0 0 0 0 3 0 83 255 244 152 30 0 0 0 0 0 0 0 0 0 0 0 0 0 0 0 0 0 0 0 0 0 0 0 173 234 224 18 0 0 0 0 0 0 0 0 0 0 0 0 0 0 0 0 0 0 0 0 0 0 0 0 139 255 43 0 14 2 0 0 0 0 0 0 0 0 0 0 0 0 0 0 0 0 0 0 0 0 4 5 0 0 13 0 0 6 0 0 0 0 0 0 0 0 0 0 0 0
0 0 0 0 0 0 0 0 0 2 3 0 0 1 3 2 1 0 0 1 0 0 0 5 0 0 0 0 0 0 0 0 0 0 0 0 10 0 0 0 3 1 0 0 3 1 2 4 4 1 0 0 0 0 0 0 0 0 0 0 0 0 0 0 0 0 0 8 6 0 0 3 0 0 0 0 1 5 4 0 0 0 0 0 0 0 0 0 0 0 0 0 6 4 0 0 0 0 0 4 1 3 0 0 0 2 3 0 0 0 0 0 0 0 0 0 0 0 0 0 0 0 0 0 6 15 7 0 3 7 7 3 0 0 0 0 0 0 0 0 0 0 0 0 0 0 0 0 3 10 10 0 0 0 0 0 0 0 0 5 7 3 0 0 0 0 0 0 0 0 0 0 0 0 0 0 3 0 0 0 1 0 0 7 18 0 0 0 6 2 0 4 0 0 0 0 0 0 0 0 0 0 0 0 0 0 56 175 255 248 184 137 73 30 0 0 2 0 0 4 0 0 0 0 0 0 0 0 0 0 0 0 3 0 163 255 247 255 253 249 253 211 91 28 0 0 1 2 0 0 0 0 0 0 0 0 0 0 0 0 0 0 172 255 250 255 237 255 255 237 255 137 0 18 0 1 0 0 0 0 0 0 0 0 0 0 0 0 0 22 244 248 246 13 40 96 243 250 255 247 84 0 0 4 0 0 0 0 0 0 0 0 0 0 0 0 0 218 244 250 92 7 0 4 64 230 255 237 255 14 0 7 0 0 0 0 0 0 0 0 0 0 0 0 0 255 247 161 9 0 10 0 0 9 167 255 255 61 0 0 0 0 0 0 0 0 0 0 0 0 0 0 6 239 255 124 0 23 14 0 0 7 146 241 255 125 0 10 0 0 0 0 0 0 0 0 0 0 0 0 7 41 59 24 0 0 0 7 15 77 221 255 245 0 0 0 0 0 0 0 0 0 0 0 0 0 0 0 0 0 7 0 5 0 11 3 67 255 255 235 78 8 0 0 0 0 0 0 0 0 0 0 0 0 0 0 7 0 0 8 4 9 0 88 244 245 252 142 7 0 8 0 0 0 0 0 0 0 0 0 0 0 0 0 0 3 1 1 4 0 85 245 246 255 159 25 0 0 0 7 0 0 0 0 0 0 0 0 0 0 0 0 1 8 0 0 0 17 201 250 250 176 14 0 8 0 13 0 0 0 0 0 0 0 0 0 0 0 0 0 0 15 0 5 56 255 255 255 173 0 0 5 0 16 0 7 0 0 0 0 0 0 0 0 0 0 0 0 18 0 5 29 146 249 241 63 9 3 0 1 6 0 0 0 0 0 0 0 0 0 0 0 0 0 0 0 0 13 14 158 249 255 116 10 0 15 7 0 0 9 0 0 0 0 0 0 0 0 0 0 0 0 0 0 12 14 175 241 255 178 9 0 8 14 0 6 8 0 20 0 0 0 0 0 0 0 0 0 0 0 0 0 0 151 254 255 230 2 0 0 0 0 11 4 0 5 0 5 0 0 0 0 0 0 0 0 0 0 0 0 73 254 253 197 16 0 15 0 0 0 0 0 0 0 0 0 0 0 0 0 0 0 0 0 0 0 0 0 111 255 247 81 0 27 0 3 0 0 0 0 0 0 0 0 0 0 0 0 0 0 0 0 0 0 0 0 70 244 103 20 15 0 2 0 0 0 0 0 0 0 0 0 0 0 0 0 0 0 0 0 0 0 0 0 0 0 12 0 0 11 2 5 0 0 0 0 0 0 0 0 0 0 0 0
0 0 0 0 0 0 0 0 0 0 0 0 0 0 0 0 0 0 0 0 0 0 0 0 0 0 0 0 0 0 0 0 0 0 0 0 0 0 0 0 0 0 0 0 0 0 0 0 0 0 0 0 0 0 0 0 0 0 0 0 0 0 0 0 0 0 0 0 0 0 0 0 0 0 0 0 0 0 0 0 0 0 0 0 0 0 0 0 0 0 0 0 0 0 0 0 0 0 0 0 0 0 0 0 0 0 0 0 0 0 0 0 0 0 0 0 0 0 0 0 0 0 0 0 0 0 0 0 0 0 0 0 0 0 0 0 0 0 0 0 0 0 0 0 0 0 0 0 0 0 0 0 0 0 0 0 0 0 0 0 0 0 0 0 0 0 0 0 0 0 0 0 0 0 0 0 0 0 0 0 0 0 0 0 0 0 0 0 0 0 0 0 0 0 0 0 0 0 0 0 0 0 0 0 0 0 0 0 0 0 0 0 0 0 0 0 0 0 0 0 0 0 0 0 15 0 0 0 1 0 2 0 0 4 6 1 0 1 0 0 0 54 0 0 14 0 1 1 0 0 0 0 0 22 0 7 0 0 2 38 63 72 157 148 255 201 250 225 255 241 255 255 224 137 117 0 0 0 0 0 5 0 7 0 19 108 209 244 237 255 255 173 131 14 42 56 52 36 42 46 49 140 250 142 0 0 0 0 14 0 9 2 255 254 242 231 114 100 2 7 0 8 0 0 0 8 12 0 0 0 195 239 0 0 0 0 0 0 11 0 250 127 195 148 0 14 0 0 0 2 8 10 3 0 14 0 17 0 229 222 0 0 0 0 6 6 0 7 89 243 184 225 0 1 11 9 1 0 0 0 5 2 0 0 9 175 255 28 0 0 0 0 0 3 0 0 0 77 255 245 50 0 0 2 0 7 1 18 2 5 0 18 59 243 154 4 0 0 0 0 3 0 3 1 0 8 77 239 122 0 8 0 10 3 0 0 0 7 4 13 206 235 7 0 0 0 0 0 3 0 0 4 0 0 23 62 115 14 0 5 5 1 0 11 6 7 18 200 214 30 0 0 0 0 0 0 3 0 0 4 0 0 0 15 0 7 0 0 0 0 10 0 0 28 217 230 57 0 8 4 0 0 0 0 1 0 0 2 1 0 0 0 0 0 0 19 0 0 24 0 12 189 242 114 0 0 9 0 0 0 0 0 2 1 0 0 0 4 4 0 6 0 10 0 0 7 0 2 163 255 88 0 19 0 4 0 0 0 0 0 3 5 2 0 0 0 0 0 0 0 0 0 19 0 0 125 255 106 7 4 0 0 4 0 0 0 0 0 0 1 3 2 0 0 0 0 5 0 0 14 0 6 145 245 132 0 3 17 0 0 4 0 0 0 0 0 0 0 0 4 7 5 3 3 0 11 11 0 0 125 235 143 0 9 0 0 6 6 2 0 0 0 0 0 9 0 0 0 1 0 0 0 2 0 0 10 141 234 126 0 8 0 1 8 0 0 1 3 0 0 0 0 0 0 0 0 0 0 0 0 3 0 5 7 180 60 0 3 0 0 0 0 0 0 0 0 0 0 0 0 0 0 0 0 0 0 0 0 0 0 4 0 13 0 0 0 0 0 0 0 0 0 0 0 0 0 0 0 0 0 0 0 0 0 0 0 8 1 6 11 0 2 18 0 0 0 0 0 0 0 0 0 0 0 0 0 0 0 0 0 0 0 0 0 0 0 0 0 13 6 1 0 0 0 0 0 0 0 0 0 0 0 0 0
0 0 0 0 0 0 0 0 2 0 3 6 2 0 0 8 0 0 2 0 2 10 0 3 0 0 0 0 0 0 0 0 0 0 0 0 0 0 0 0 1 1 0 0 5 3 8 0 0 0 2 0 0 0 0 0 0 0 0 0 0 0 0 0 0 6 12 11 7 3 0 0 6 0 2 11 16 0 0 0 0 0 0 0 0 0 0 0 0 0 0 0 0 2 0 0 0 0 3 6 0 7 1 0 0 0 21 0 0 0 0 0 0 0 0 0 0 0 0 0 0 0 1 5 10 12 5 0 3 0 0 18 8 0 0 0 0 0 0 0 0 0 0 0 0 0 0 0 1 5 7 2 0 0 0 9 3 0 5 2 6 3 0 12 0 0 0 0 0 0 0 0 0 0 0 0 4 0 0 0 13 36 78 118 211 240 199 0 0 17 12 0 0 0 0 0 0 0 0 0 0 0 0 0 0 0 37 133 223 255 255 252 252 254 234 3 1 0 0 4 0 0 0 0 0 0 0 0 0 0 0 0 7 54 215 255 255 195 147 90 236 255 130 6 0 2 0 4 0 0 0 0 0 0 0 0 0 0 0 0 52 232 156 88 56 0 0 0 240 252 82 0 0 1 0 2 0 0 0 0 0 0 0 0 0 0 0 0 6 159 2 0 5 0 0 125 255 214 25 0 1 1 0 1 0 0 0 0 0 0 0 0 0 0 0 0 3 15 0 7 3 4 0 222 255 138 0 0 4 0 3 2 0 0 0 0 0 0 0 0 0 0 0 0 1 0 15 5 0 4 93 254 249 48 0 4 4 0 4 1 0 0 0 0 0 0 0 0 0 0 0 0 6 18 0 0 0 4 217 251 175 0 4 3 0 0 0 0 0 0 0 0 0 0 0 0 0 0 0 0 0 17 0 5 0 27 255 253 71 0 10 0 0 0 0 0 0 0 0 0 0 0 0 0 0 0 0 0 17 0 0 3 0 120 247 203 0 0 12 0 0 8 0 0 0 0 0 0 0 0 0 0 0 0 0 0 2 0 0 0 7 204 246 147 0 0 0 0 0 0 0 0 0 0 0 0 0 0 0 0 0 0 0 0 0 7 1 2 71 242 229 52 0 0 0 0 0 0 0 0 0 0 0 0 0 0 0 0 0 0 0 0 0 7 0 5 148 255 187 0 0 0 0 0 0 0 0 0 0 0 0 0 0 0 0 0 0 0 0 0 0 3 0 30 224 251 106 0 0 0 0 0 0 0 0 0 0 0 0 0 0 0 0 0 0 0 0 0 2 3 13 73 255 233 20 0 0 0 0 0 0 0 0 0 0 0 0 0 0 0 0 0 0 0 0 0 1 0 6 105 255 207 0 0 0 0 0 0 0 0 0 0 0 0 0 0 0 0 0 0 0 0 0 0 4 0 0 171 241 169 0 3 0 0 0 0 0 0 0 0 0 0 0 0 0 0 0 0 0 0 0 0 10 0 15 255 248 138 8 0 0 0 0 0 0 0 0 0 0 0 0 0 0 0 0 0 0 0 0 0 1 16 0 228 252 170 2 4 0 0 0 0 0 0 0 0 0 0 0 0 0 0 0 0 0 0 0 0 7 0 8 147 214 43 0 5 0 0 0 0 0 0 0 0 0 0 0 0 0 0 0 0 0 0 0 0 0 6 2 0 23 0 8 0 0 0 0 0 0 0 0 0 0 0 0 0 0 0 0 0 0 0 0 0 3 15 0 0 0 0 9 0 0 0 0 0 0 0 0 0 0 0 0 0
0 0 0 0 0 0 0 0 0 5 0 4 3 0 7 3 4 4 0 3 4 0 2 0 0 0 0 0 0 0 0 0 0 0 0 0 0 8 0 2 3 0 5 0 0 2 8 0 0 0 11 3 0 0 0 0 0 0 0 0 0 0 0 0 0 4 0 0 0 3 9 0 9 0 0 18 1 5 0 0 0 0 0 0 0 0 0 0 0 0 0 0 8 8 2 0 0 0 3 1 0 2 5 0 0 8 6 14 0 0 0 0 0 0 0 0 0 0 0 0 0 0 0 1 0 0 0 8 0 0 23 0 20 0 0 0 0 0 0 0 0 0 0 0 0 0 0 0 8 0 11 11 6 1 0 2 7 3 0 4 6 8 7 1 0 0 0 0 0 0 0 0 0 0 0 0 0 0 0 0 0 17 10 12 47 222 255 240 64 0 0 0 0 0 0 0 0 0 0 0 0 0 0 0 0 5 23 23 76 164 192 199 250 255 253 255 186 0 5 1 0 0 0 0 0 0 0 0 0 0 0 0 0 171 233 229 255 255 255 255 255 255 241 255 195 0 0 0 0 0 0 0 0 0 0 0 0 0 0 0 17 175 255 255 250 249 238 198 88 117 255 255 153 9 8 2 0 0 0 0 0 0 0 0 0 0 0 0 0 95 206 229 148 64 32 0 44 220 255 191 22 0 1 8 0 0 0 0 0 0 0 0 0 0 0 0 2 0 12 31 7 0 0 5 7 255 244 124 0 7 0 0 0 0 0 0 0 0 0 0 0 0 0 0 7 10 0 0 2 10 6 17 200 255 246 40 5 0 4 9 0 0 0 0 0 0 0 0 0 0 0 0 0 10 10 0 1 0 5 86 251 248 133 0 9 0 0 0 0 0 0 0 0 0 0 0 0 0 0 0 15 0 0 3 10 0 22 144 255 249 36 7 7 1 4 0 0 0 0 0 0 0 0 0 0 0 0 0 0 0 9 3 0 10 108 255 250 120 7 55 10 0 3 0 0 0 0 0 0 0 0 0 0 0 0 0 0 5 0 15 21 108 218 255 255 213 196 250 82 6 0 4 0 0 0 0 0 0 0 0 0 0 0 0 15 102 181 227 241 255 241 255 251 255 255 224 40 0 15 0 0 0 0 0 0 0 0 0 0 0 0 0 0 187 240 255 255 245 254 254 250 178 105 13 0 0 9 6 0 0 0 0 0 0 0 0 0 0 0 0 7 195 255 227 252 255 255 223 102 0 1 0 5 5 7 0 0 0 0 0 0 0 0 0 0 0 0 0 0 112 102 157 255 242 233 45 0 8 10 0 5 2 0 22 0 0 0 0 0 0 0 0 0 0 0 0 11 0 0 98 238 255 152 0 0 0 7 7 0 5 0 0 0 0 0 0 0 0 0 0 0 0 0 0 7 0 17 183 255 245 95 7 3 10 0 0 11 0 0 17 0 0 0 0 0 0 0 0 0 0 0 0 0 12 108 255 254 248 3 5 0 1 0 0 9 0 15 0 0 0 0 0 0 0 0 0 0 0 0 0 1 0 118 251 255 241 29 1 0 0 0 0 0 0 0 0 0 0 0 0 0 0 0 0 0 0 0 0 0 0 79 226 241 183 14 0 0 0 0 0 0 0 0 0 0 0 0 0 0 0 0 0 0 0 0 0 13 3 0 7 3 5 3 10 0 0 0 0 0 0 0 0 0 0 0 0 0 0 0 0 0 0 0 0 0 15 7 1 0 0 8 0 0 0 0 0 0 0 0 0 0 0 0 0
0 0 0 0 0 0 0 0 6 0 0 0 2 0 0 0 2 7 0 1 2 0 6 0 0 0 0 0 0 0 0 0 0 0 0 0 0 0 0 3 5 4 2 2 0 0 0 0 7 6 2 0 0 0 0 0 0 0 0 0 0 0 0 0 0 1 2 0 0 0 0 0 0 0 10 1 0 0 0 11 0 0 0 0 0 0 0 0 0 0 0 0 3 4 0 0 0 0 1 0 11 0 0 0 0 6 0 0 0 0 0 0 0 0 0 0 0 0 0 0 0 0 0 0 1 6 5 0 0 0 0 1 4 7 2 4 0 0 0 0 0 0 0 0 0 0 0 0 0 0 0 4 5 0 0 0 4 13 1 0 0 0 2 5 0 0 0 0 0 0 0 0 0 0 0 0 2 0 0 5 0 0 0 17 0 4 0 6 10 0 14 0 0 0 0 0 0 0 0 0 0 0 0 0 4 0 0 2 0 0 27 68 169 255 255 243 127 1 6 0 0 0 0 0 0 0 0 0 12 0 2 1 2 0 52 143 184 172 240 250 255 255 251 254 220 25 0 16 0 0 0 0 2 0 11 5 0 0 7 0 11 100 228 255 253 251 255 220 197 63 126 255 231 17 0 0 0 0 0 0 7 0 0 4 5 7 0 24 200 246 255 255 218 136 97 0 0 0 157 255 161 0 16 5 0 0 0 0 0 12 0 0 0 0 25 222 255 244 216 88 1 7 2 2 4 47 192 255 148 11 8 0 0 0 0 0 0 12 0 0 0 0 25 222 232 128 6 4 1 0 1 6 2 108 252 255 66 0 6 2 0 0 0 0 7 0 0 4 5 7 0 24 25 0 6 0 0 36 0 0 1 195 255 152 3 6 9 0 0 0 0 0 2 0 11 5 0 0 7 0 0 3 0 17 0 0 0 11 125 255 245 80 12 0 0 9 0 0 0 0 0 0 0 0 12 0 2 1 0 0 0 0 0 20 0 15 219 246 192 25 0 0 12 0 0 0 0 0 0 0 0 0 0 0 0 0 0 0 0 9 3 0 0 146 247 236 20 1 0 7 0 0 0 0 0 0 0 0 0 0 0 0 0 0 1 0 2 0 0 16 57 231 255 126 0 10 0 0 8 0 0 0 0 0 0 0 0 0 0 0 0 0 0 7 0 0 11 0 213 255 208 23 0 6 0 0 6 0 0 0 0 0 0 0 0 0 0 0 0 0 8 0 3 13 0 114 255 232 83 0 8 0 9 0 0 6 0 0 0 0 0 0 0 0 0 0 0 0 6 0 0 3 57 231 252 128 0 4 12 0 6 2 0 5 0 0 0 0 0 0 0 0 0 0 0 0 0 8 0 4 209 255 202 30 0 0 1 7 0 0 8 0 0 0 0 0 0 0 0 0 0 0 0 0 4 0 24 112 240 255 67 6 10 0 0 4 0 0 7 0 0 0 0 0 0 0 0 0 0 0 0 0 7 0 41 219 255 156 31 0 1 0 13 0 6 3 0 5 0 0 0 0 0 0 0 0 0 0 0 0 0 7 161 249 165 34 0 13 0 0 0 0 0 0 0 0 0 0 0 0 0 0 0 0 0 0 0 0 0 42 255 254 36 0 28 0 0 0 0 0 0 0 0 0 0 0 0 0 0 0 0 0 0 0 0 0 10 169 246 135 36 0 0 12 0 0 0 0 0 0 0 0 0 0 0 0 0 0 0 0 0 0 0 0 0 0 13 1 0 23 15 0 0 0 0 0 0 0 0 0 0 0 0 0
0 0 0 0 0 0 0 0 0 0 4 4 0 6 0 2 0 7 4 0 2 5 0 0 0 0 0 0 0 0 0 0 0 0 0 0 17 6 0 0 0 5 0 0 3 0 0 0 0 0 0 5 0 0 0 0 0 0 0 0 0 0 0 0 0 0 3 8 5 0 0 0 7 2 7 9 1 0 1 0 0 0 0 0 0 0 0 0 0 0 0 0 15 10 0 0 6 0 5 0 0 0 4 0 0 4 11 0 0 0 0 0 0 0 0 0 0 0 0 0 0 1 0 0 0 0 6 1 9 3 1 0 0 0 1 0 0 0 0 0 0 0 0 0 0 0 0 0 10 10 0 14 6 0 1 0 3 0 0 1 15 0 0 4 0 0 0 0 0 0 0 0 0 0 0 0 0 0 14 187 247 235 169 128 59 55 12 0 9 6 0 11 0 0 0 0 0 0 0 0 0 0 0 0 0 9 34 225 255 249 235 255 255 247 128 4 0 6 0 0 0 0 0 0 6 6 0 1 4 0 0 4 0 16 229 252 247 233 135 142 211 246 248 42 0 5 10 0 0 0 0 0 0 1 0 5 4 3 15 0 13 172 246 255 255 74 0 0 0 53 237 196 23 0 0 3 0 0 0 0 0 2 0 4 0 0 11 0 126 255 245 235 128 0 5 3 3 0 163 255 40 4 0 0 0 0 0 0 3 1 7 0 0 0 0 51 233 255 251 138 6 0 18 0 4 11 121 253 41 0 4 2 0 0 0 0 4 0 13 0 8 0 0 148 255 247 192 23 6 0 0 0 0 6 160 255 43 0 1 0 0 0 0 0 3 0 11 0 9 1 0 161 249 236 50 0 0 0 12 10 22 29 227 250 30 14 0 0 0 0 0 0 1 0 6 0 0 0 0 76 129 128 0 21 0 0 1 0 0 101 255 223 12 0 0 5 0 0 0 0 0 7 1 1 0 1 12 0 2 0 12 0 9 6 0 5 0 214 246 166 13 0 9 0 0 0 0 0 0 0 0 0 0 0 0 0 0 0 10 0 10 0 0 12 88 235 244 15 0 0 8 0 0 0 0 0 0 0 0 0 0 0 0 0 5 1 0 0 0 5 4 0 180 254 226 0 13 0 0 0 0 0 0 0 0 0 0 0 0 0 0 0 0 3 0 8 4 8 0 54 249 249 128 0 14 0 0 0 0 0 0 0 0 0 0 0 0 0 0 0 7 4 8 0 0 0 11 208 255 212 15 4 0 0 5 0 0 0 0 0 0 0 0 0 0 0 0 0 10 0 2 0 1 0 88 255 252 133 0 18 0 4 9 0 0 0 0 0 0 0 0 0 0 0 0 0 0 0 2 13 0 21 194 246 184 30 7 0 0 10 0 1 0 0 0 0 0 0 0 0 0 0 0 0 7 4 1 0 11 124 254 253 87 0 6 0 4 1 0 0 0 0 0 0 0 0 0 0 0 0 0 0 0 0 5 0 111 255 239 230 31 18 0 0 17 0 7 0 0 0 0 0 0 0 0 0 0 0 0 0 12 0 0 7 120 255 254 94 0 0 0 0 0 0 0 0 0 0 0 0 0 0 0 0 0 0 0 0 0 3 11 6 121 253 211 14 0 0 0 0 0 0 0 0 0 0 0 0 0 0 0 0 0 0 0 0 3 0 10 2 0 0 4 0 0 0 0 0 0 0 0 0 0 0 0 0 0 0 0 0 0 0 0 0 6 0 0 0 8 7 4 5 0 0 0 0 0 0 0 0 0 0 0 0
0 0 0 0 0 0 0 0 0 4 5 0 5 0 10 0 6 0 7 0 0 8 2 0 0 0 0 0 0 0 0 0 0 0 0 0 8 0 0 0 4 0 0 7 0 10 4 3 0 0 2 7 0 0 0 0 0 0 0 0 0 0 0 0 0 0 2 2 4 11 0 0 0 6 0 0 16 5 0 0 0 0 0 0 0 0 0 0 0 0 0 0 1 0 6 0 0 1 0 0 12 0 6 0 0 7 0 20 0 0 0 0 0 0 0 0 0 0 0 0 3 0 15 4 18 0 0 2 0 0 0 5 0 0 4 0 0 0 0 0 0 0 0 0 0 0 0 0 0 4 0 0 0 0 8 0 6 16 0 11 0 0 18 0 0 0 0 0 0 0 0 0 0 0 0 0 1 10 0 24 15 0 8 2 0 5 4 0 3 10 0 5 0 0 0 0 0 0 0 0 0 0 0 0 0 3 12 223 197 71 0 3 10 0 63 76 214 255 40 0 0 0 0 0 2 1 7 0 0 2 0 5 11 0 163 242 246 255 234 227 225 226 255 236 255 255 77 9 0 0 0 0 3 0 0 2 7 5 0 1 0 47 228 255 255 255 237 255 255 233 255 255 252 238 16 0 0 0 0 0 3 0 0 5 0 0 1 0 0 120 255 252 243 123 95 73 81 16 4 227 255 156 0 2 0 0 0 0 0 3 2 7 0 0 7 0 9 209 255 252 143 0 9 11 3 0 86 255 255 61 13 0 0 0 0 0 0 3 5 4 0 3 9 0 29 243 255 255 68 4 0 3 0 7 238 240 188 6 10 6 0 0 0 0 2 0 2 0 5 7 0 3 179 255 250 117 0 10 0 0 13 104 255 255 94 0 0 0 0 0 0 0 9 0 5 0 2 0 0 75 243 255 226 45 7 1 2 7 25 248 255 232 10 10 6 0 0 0 0 0 3 0 13 0 1 0 14 180 255 237 71 0 0 6 0 0 131 255 243 121 20 0 0 3 0 0 0 0 6 0 0 7 0 0 23 77 247 177 18 4 1 0 14 15 239 244 248 23 1 0 3 0 0 0 0 0 0 0 2 4 0 0 0 19 7 7 0 1 7 4 0 106 246 255 92 1 0 0 0 3 0 0 0 0 0 0 4 1 1 4 0 0 0 1 13 0 6 0 25 241 246 235 0 8 0 0 0 1 0 0 0 0 0 1 0 0 1 11 7 0 2 6 2 0 6 0 119 255 255 108 0 13 0 0 1 0 0 0 0 0 5 1 0 0 0 0 0 0 0 0 0 10 4 65 229 255 234 9 0 0 0 6 6 0 0 0 0 0 1 0 0 4 2 0 0 3 4 0 0 4 0 135 255 253 115 0 0 0 1 0 0 6 0 0 0 0 0 0 0 4 4 0 1 6 1 0 12 11 76 224 255 222 10 4 3 9 4 0 0 4 0 0 0 0 0 2 0 0 0 0 0 0 0 1 0 0 187 255 249 157 0 3 0 0 0 8 10 0 0 0 0 0 0 0 0 0 0 0 0 0 2 13 0 80 244 248 229 45 0 0 0 0 0 0 0 0 0 0 0 0 0 0 0 0 0 0 0 0 0 0 0 185 255 255 126 0 0 0 0 0 0 0 0 0 0 0 0 0 0 0 0 0 0 0 0 0 0 11 47 245 238 224 41 1 0 0 0 0 0 0 0 0 0 0 0 0 0 0 0 0 0 0 0 0 3 0 0 23 0 12 0 16 0 0 0 0 0 0 0 0 0 0 0 0
0 0 9 0 0 5 0 10 1 0 0 0 0 0 0 0 0 0 0 0 0 0 0 0 0 0 0 0 3 1 13 0 0 6 0 0 0 0 0 0 0 0 0 0 0 0 0 0 0 0 0 0 0 0 0 0 6 0 4 12 2 4 1 0 0 0 0 0 0 0 0 0 0 0 0 0 0 0 0 0 0 0 0 0 4 0 0 2 0 0 0 0 0 0 0 1 1 1 0 0 0 0 0 0 0 0 0 0 0 0 0 0 0 16 3 0 0 10 12 15 0 0 0 1 1 1 0 0 0 0 0 0 0 0 0 0 0 0 0 0 0 6 0 1 8 0 0 0 3 2 1 0 0 0 0 0 0 0 0 0 0 0 0 0 0 0 0 0 10 0 0 7 0 4 26 0 7 5 1 0 0 0 0 1 0 0 0 0 0 0 0 0 0 0 0 0 0 5 8 0 1 132 227 142 9 6 2 0 0 0 0 1 0 0 0 0 0 0 0 0 0 0 0 0 0 5 0 0 0 165 253 251 203 64 0 4 0 0 0 9 0 5 8 0 7 0 4 5 0 0 0 0 2 0 0 8 6 73 255 251 255 240 212 117 33 17 0 0 0 0 9 64 143 129 22 0 0 0 0 0 6 0 0 4 5 0 185 252 243 255 254 226 216 194 121 97 105 143 207 245 255 250 86 15 0 0 0 0 1 2 2 0 0 0 61 248 254 255 191 233 255 255 234 255 254 253 255 249 240 255 121 3 0 0 0 0 0 0 7 0 0 19 6 195 251 237 10 15 45 131 202 255 255 237 163 243 246 255 86 0 0 0 0 0 5 0 6 4 0 0 10 82 255 250 7 8 0 7 6 0 0 23 9 231 255 197 2 9 0 0 0 0 5 0 1 0 0 0 7 4 106 107 0 17 0 0 5 12 0 5 98 254 249 109 0 6 0 0 0 0 0 10 0 0 11 8 0 1 0 12 0 5 0 0 2 0 0 4 252 255 182 2 9 0 0 0 0 0 0 0 0 0 0 0 0 0 0 6 0 0 4 0 0 1 0 50 248 244 109 6 0 7 0 0 0 0 0 0 0 0 0 0 0 0 0 3 0 2 1 0 3 2 10 154 255 238 9 0 12 0 0 0 0 0 0 0 0 0 0 0 0 0 1 0 3 3 0 2 5 0 41 246 249 127 0 3 13 0 0 0 0 0 0 0 0 0 0 0 0 0 4 0 3 2 0 3 0 0 77 255 252 25 8 0 1 6 0 0 0 0 0 0 0 0 0 0 0 0 7 0 2 0 0 2 0 2 183 244 170 1 5 0 6 0 0 0 0 0 0 0 0 0 0 0 0 0 6 0 3 0 1 0 0 36 255 255 30 0 2 12 0 0 0 0 0 0 0 0 0 0 0 0 0 0 0 0 7 0 3 0 0 89 248 252 0 3 0 0 0 22 0 0 0 0 0 0 0 0 0 0 0 0 0 0 11 0 4 0 6 130 255 171 11 0 4 2 7 0 0 0 0 0 0 0 0 0 0 0 0 0 0 4 7 0 10 0 28 223 255 39 8 2 0 0 12 1 0 0 0 0 0 0 0 0 0 0 0 0 0 0 3 3 11 0 54 253 196 0 0 4 21 0 0 0 0 0 0 0 0 0 0 0 0 0 0 0 14 0 0 0 0 16 93 251 195 39 2 0 0 0 4 7 0 0 0 0 0 0 0 0 0 0 0 0 0 0 16 6 0 0 0 0 1 0 0 0 9 9 6 0 0 0 0 0
0 0 0 0 0 0 0 0 1 0 0 0 0 1 0 0 0 0 1 3 2 0 0 11 0 0 0 0 0 0 0 0 0 0 0 0 2 0 0 0 1 2 0 0 4 5 0 0 0 13 6 0 0 0 0 0 0 0 0 0 0 0 0 0 1 0 0 0 1 1 0 0 4 0 2 4 0 0 0 0 0 0 0 0 0 0 0 0 0 0 0 0 0 0 0 0 0 0 0 0 6 0 0 6 6 6 10 7 0 0 0 0 0 0 0 0 0 0 0 0 0 0 0 0 0 0 0 0 0 2 5 1 0 0 0 0 0 0 0 0 0 0 0 0 0 0 0 0 0 0 0 0 0 0 0 0 0 0 0 5 15 1 0 18 0 0 0 0 0 0 0 0 0 0 0 0 0 2 3 2 0 0 1 3 0 17 0 0 5 5 0 0 0 0 0 0 0 0 0 0 0 0 0 0 1 4 6 5 2 1 3 5 98 247 241 80 0 0 0 0 0 0 0 0 2 1 0 0 0 0 0 0 13 0 171 216 36 0 101 217 245 223 245 183 9 0 1 2 0 0 0 0 0 0 0 0 0 0 0 1 0 114 246 247 58 153 255 229 66 15 213 223 3 4 0 4 0 0 0 0 0 0 0 0 0 0 0 0 5 217 255 248 199 254 103 23 0 0 243 224 0 16 1 0 0 0 0 0 0 0 0 0 0 0 0 0 60 244 254 233 255 89 18 0 0 58 242 144 0 2 8 3 0 0 0 0 0 0 0 0 0 0 0 0 10 131 255 255 117 6 0 2 0 101 238 84 14 0 0 9 0 0 0 0 2 1 0 0 0 0 0 0 31 246 244 186 3 0 26 0 11 148 255 53 7 4 0 0 0 0 0 0 2 0 0 0 0 2 5 7 116 255 231 12 16 0 0 1 5 197 232 6 0 10 12 0 0 0 0 0 0 0 0 0 0 4 9 12 250 229 80 0 1 4 0 8 27 251 159 0 8 0 0 5 0 0 0 0 0 0 3 0 0 0 11 23 224 120 16 0 3 1 0 0 83 255 104 0 5 6 0 4 0 0 0 0 0 3 4 1 0 0 2 8 12 0 0 4 11 0 9 0 129 243 55 0 0 2 0 2 0 0 0 0 0 1 3 2 0 0 0 0 0 0 0 0 0 0 18 0 204 202 10 7 0 5 1 4 0 0 0 0 0 0 0 0 1 0 0 0 7 6 0 0 0 2 7 49 255 136 0 8 0 6 0 5 0 0 0 0 0 0 0 0 1 2 2 0 0 0 0 6 0 4 6 166 243 54 0 0 0 2 0 2 0 0 0 0 3 1 0 0 0 0 1 1 10 11 0 1 0 0 36 248 184 0 3 0 3 1 0 3 0 0 0 0 1 1 1 0 0 0 0 0 0 0 0 1 7 0 96 249 121 0 2 5 1 0 4 2 0 0 0 0 0 0 1 1 0 0 0 1 0 2 0 0 5 0 161 255 80 0 0 12 0 0 11 0 0 0 0 0 0 0 0 0 0 0 0 0 0 19 0 0 1 0 255 217 0 0 0 0 0 0 0 0 0 0 0 0 0 0 0 0 0 0 0 0 19 0 0 18 8 29 251 153 0 0 0 0 0 0 0 0 0 0 0 0 0 0 0 0 0 0 0 0 0 4 20 0 0 106 248 70 0 0 0 0 0 0 0 0 0 0 0 0 0 0 0 0 0 0 0 0 20 2 0 3 0 0 15 0 0 0 0 0 0 0 0 0 0 0 0 0
0 0 0 0 0 0 0 0 0 0 1 1 3 5 3 0 0 0 3 3 0 0 0 0 0 3 2 0 0 0 0 0 0 0 0 0 0 2 2 0 0 0 0 0 6 0 0 0 0 2 0 0 0 4 1 0 0 0 0 0 0 0 0 0 1 2 3 0 0 0 0 2 0 5 12 10 1 0 0 3 1 3 0 0 0 0 0 0 0 0 0 0 3 0 0 2 2 0 1 4 4 0 0 0 0 4 5 4 0 0 1 0 0 0 0 0 0 0 0 0 5 0 0 2 5 1 0 0 0 5 12 12 6 0 0 0 0 0 2 4 0 0 0 0 0 0 0 0 6 0 0 1 2 0 0 0 0 0 0 0 0 2 9 14 16 0 1 8 0 0 0 0 0 0 0 0 3 0 0 2 0 0 1 15 17 0 0 44 129 205 242 249 45 2 0 9 0 0 0 0 0 0 0 0 0 0 1 4 0 0 12 37 87 135 200 245 255 253 248 247 68 8 0 7 3 5 1 7 0 0 42 214 118 95 89 82 93 166 233 237 255 247 238 255 253 232 255 230 0 0 0 0 0 1 0 0 12 11 106 247 248 255 255 255 255 254 241 252 255 254 255 221 255 255 218 44 0 0 0 0 0 8 1 0 4 7 154 255 254 245 254 246 230 253 254 202 57 40 88 224 255 250 220 6 0 0 0 0 0 5 9 0 0 0 100 175 199 169 161 118 58 76 72 0 0 19 162 255 241 255 129 0 0 0 0 0 4 0 0 5 0 9 3 13 0 0 0 0 1 1 2 11 8 151 255 242 249 145 24 0 0 0 0 0 5 0 0 8 0 20 0 0 12 2 0 7 10 0 0 0 106 255 245 255 202 17 0 9 0 0 0 0 0 4 8 3 0 3 5 16 0 0 2 11 0 0 11 17 186 245 251 196 40 21 0 3 0 0 0 0 0 9 0 0 8 0 4 0 0 10 0 0 1 0 83 246 253 255 255 116 0 2 0 0 0 0 0 0 4 2 0 0 4 0 0 3 0 0 3 9 0 83 244 255 252 247 114 0 2 15 0 0 0 0 0 0 0 0 7 0 0 0 8 2 0 3 0 2 136 250 252 253 239 107 15 2 0 0 4 5 0 0 0 0 8 0 0 11 9 7 5 0 0 6 0 102 250 242 255 246 116 5 0 15 0 0 13 0 0 0 0 0 7 0 0 0 0 0 0 12 0 6 165 234 240 252 253 111 0 0 5 7 0 0 1 0 0 0 0 0 0 14 0 0 8 4 0 0 36 150 252 239 255 216 120 6 0 6 0 0 9 2 0 7 0 0 0 0 0 1 0 0 20 0 3 61 172 255 246 243 242 66 0 4 5 1 0 0 0 2 5 0 0 0 0 0 7 0 5 3 0 5 113 230 255 228 255 209 78 17 5 0 0 2 13 3 0 3 9 0 0 0 0 0 1 0 4 0 10 130 245 255 249 255 129 24 1 0 2 4 3 4 0 0 12 3 0 7 0 0 0 0 0 5 0 0 1 109 255 251 254 124 26 0 0 0 9 0 0 0 0 0 0 0 0 0 0 0 0 0 0 2 0 0 0 84 231 255 97 27 0 7 3 2 1 0 0 0 0 0 0 0 0 0 0 0 0 0 0 0 0 16 0 0 12 0 3 0 0 8 0 0 3 0 0 0 0 0 0 0 0 0 0 0 0 0 11 3 0 0 1 0 10 1 3 0 4 5 0 0 6 7 0 0 0 0 0 0 0 0 0 0 0 0
0 0 0 0 0 0 0 0 0 10 0 0 0 11 0 1 2 1 0 0 0 0 1 4 0 0 0 0 0 0 0 0 0 0 0 0 12 0 0 7 0 0 0 0 0 0 0 7 11 8 0 0 0 0 0 0 0 0 0 0 0 0 0 0 0 0 5 0 0 5 15 0 6 6 2 0 0 0 1 11 0 0 0 0 0 0 0 0 0 0 0 0 10 0 0 3 5 0 0 1 0 1 5 6 4 2 2 3 0 0 0 0 0 0 0 0 0 0 0 0 0 11 2 0 0 6 0 3 8 0 0 0 3 7 0 0 0 0 0 0 0 0 0 0 0 0 0 0 0 4 28 140 239 255 140 51 7 7 6 3 1 0 1 3 0 0 0 0 0 0 0 0 0 0 0 0 16 0 46 227 255 255 240 255 229 193 135 74 27 3 0 0 0 0 0 0 0 0 0 0 0 0 0 0 0 0 43 156 135 230 255 246 255 248 251 255 255 191 83 0 0 0 0 0 0 0 0 0 0 0 0 0 3 1 0 0 7 7 22 51 95 152 218 255 241 255 244 37 0 0 0 0 0 0 0 0 0 0 0 0 1 4 0 0 0 0 0 15 0 23 26 79 231 244 124 12 0 0 0 0 0 0 0 0 0 0 0 0 0 7 1 0 0 0 0 0 2 0 38 125 249 255 103 0 0 0 0 0 0 0 0 0 0 0 0 0 0 6 0 0 5 10 2 0 0 14 123 252 255 143 0 8 0 0 0 0 0 0 0 0 0 0 0 0 0 3 0 0 5 3 0 0 3 128 255 232 161 32 6 0 0 0 0 0 0 0 0 0 0 0 0 0 0 1 1 2 0 0 0 34 142 252 242 187 7 0 0 7 0 0 0 0 0 0 0 0 0 0 0 0 2 0 0 5 0 0 54 146 237 255 174 0 19 0 4 0 0 0 0 0 0 0 0 0 0 0 0 0 3 0 0 6 0 13 124 255 255 127 0 0 0 8 0 4 0 0 0 0 0 0 6 5 0 0 7 0 10 0 0 19 50 205 253 251 84 25 0 0 10 0 0 1 0 0 0 0 0 14 0 0 14 14 0 11 0 0 13 110 239 255 226 54 14 0 0 0 3 0 0 6 0 0 0 0 0 10 0 0 19 0 12 1 0 16 164 236 255 228 1 5 0 0 8 4 0 1 2 0 0 0 0 0 0 0 0 3 2 0 4 0 39 204 252 255 126 33 0 9 2 9 8 0 0 5 1 0 0 0 0 0 2 0 0 4 0 27 0 78 248 255 255 132 15 0 12 0 5 0 0 0 0 2 1 0 0 0 0 0 4 1 0 1 0 0 103 211 253 243 95 5 0 0 1 2 0 0 0 6 3 0 0 8 0 0 0 0 1 0 3 0 11 40 255 255 249 255 72 5 0 19 0 0 1 1 5 7 3 0 0 3 0 0 0 0 0 1 6 0 39 231 249 244 237 88 8 0 0 0 3 3 4 0 0 0 0 5 2 0 0 0 0 0 0 19 0 2 20 208 255 238 83 24 0 0 9 0 0 0 0 0 0 0 0 0 0 0 0 0 0 0 12 0 0 11 0 9 2 0 13 0 0 0 2 0 0 5 0 0 0 0 0 0 0 0 0 0 0 0 7 0 1 1 3 0 16 9 0 0 7 3 0 0 1 0 0 0 0 0 0 0 0 0 0 0 0 0 2 0 19 0 0 0 7 0 1 8 7 0 0 4 0 0 0 0 0 0 0 0 0 0 0 0 0 0
0 0 0 0 0 0 0 0 0 0 0 0 0 0 0 0 0 0 0 0 0 0 0 0 0 0 0 0 0 0 0 0 0 0 0 0 0 0 0 0 0 0 0 0 0 0 0 0 0 0 0 0 0 0 0 0 0 0 0 0 0 0 0 0 0 0 0 0 0 0 0 0 0 0 0 0 0 0 0 0 0 0 0 0 0 0 0 0 0 0 0 0 0 0 0 0 0 0 0 0 0 0 0 0 0 0 0 0 0 0 0 0 0 0 0 0 0 0 0 0 0 0 0 0 0 0 0 0 0 0 0 0 0 0 0 0 0 0 0 0 0 0 0 0 0 0 0 0 0 0 0 0 0 0 0 0 0 0 0 0 0 0 0 0 0 0 0 0 0 0 0 0 0 0 0 0 0 0 0 0 0 0 0 0 0 0 0 0 0 0 0 0 0 0 0 0 0 0 0 0 0 0 0 0 0 0 0 0 0 0 0 0 0 0 0 0 0 0 0 0 0 0 0 0 2 0 14 0 0 7 0 131 210 0 7 0 11 0 12 4 0 6 2 0 0 1 0 4 3 6 0 10 0 11 3 0 25 3 29 234 123 13 0 7 0 11 0 0 17 0 12 6 0 11 0 0 0 3 0 0 3 6 5 0 5 0 90 220 8 0 3 0 26 1 0 0 0 1 2 2 0 0 10 8 0 10 4 5 3 0 8 8 0 8 192 240 28 0 29 70 62 78 69 127 169 169 146 243 189 5 0 0 0 0 0 6 0 0 2 2 7 59 249 255 232 110 237 255 255 242 255 235 250 220 222 246 161 0 30 0 13 1 0 0 4 1 5 0 0 142 255 143 31 0 54 125 110 137 46 36 43 20 102 252 1 6 0 14 0 0 13 2 0 0 5 2 0 190 208 24 6 11 1 0 19 0 0 6 0 0 186 170 0 0 14 0 18 0 5 10 0 11 0 0 6 129 64 0 0 0 1 0 6 0 144 177 183 188 255 221 97 92 86 102 167 24 0 0 0 0 0 0 0 0 0 0 0 0 1 0 0 7 75 148 172 253 255 249 255 197 205 185 73 23 0 0 0 0 0 0 0 0 0 0 4 0 0 4 0 0 0 6 17 211 158 40 15 5 18 0 18 0 0 0 0 0 0 0 0 0 0 0 1 0 0 2 11 8 0 0 41 254 113 0 0 4 3 0 0 0 2 0 0 0 0 0 0 0 0 0 4 3 0 0 0 1 5 6 110 252 47 0 5 15 0 5 0 7 7 0 0 0 0 0 0 0 0 0 0 5 8 0 0 0 0 0 127 215 12 0 0 3 0 0 2 0 0 0 0 0 0 0 0 0 0 0 0 0 1 4 8 10 8 3 136 161 0 4 0 2 5 7 4 0 0 1 0 0 0 0 0 0 0 0 6 0 0 0 0 0 0 0 146 134 0 7 11 0 0 0 4 1 1 5 0 0 0 0 0 0 0 0 3 0 0 2 3 0 0 3 89 112 11 0 2 0 0 0 0 0 1 0 0 0 0 0 0 0 0 0 0 0 0 0 0 0 0 0 0 0 0 0 0 0 0 0 0 0 0 0 0 0 0 0 0 0 0 0 0 0 0 0 0 0 0 0 0 0 0 0 0 0 0 0 0 0 0 0 0 0 0 0 0 0 0 0 0 0 0 0 0 0 0 0 0 0 0 0 0 0 0 0 0 0 0 0 0 0 0 0 0 0 0 0 0 0 0 0 0 0 0 0 0 0 0 0 0 0 0 0 0 0 0 0
0 8 11 0 0 0 0 0 2 6 4 0 0 1 1 0 6 0 0 0 5 6 1 0 0 0 0 0 7 2 0 0 0 4 5 4 0 0 0 0 1 3 3 1 0 10 18 7 0 0 1 1 0 0 0 0 7 0 0 5 3 0 0 0 6 3 3 4 2 0 0 0 1 0 0 0 0 0 0 6 0 0 0 0 0 0 6 9 0 0 3 0 1 0 0 0 0 0 0 5 9 5 7 12 5 0 0 9 0 0 0 0 1 3 3 0 0 2 10 5 7 5 5 8 7 3 1 2 0 0 2 0 0 9 3 0 0 0 0 0 0 6 0 0 3 3 0 0 0 0 0 0 1 2 0 0 12 1 0 0 0 0 0 8 0 0 0 0 0 6 0 0 15 0 0 19 5 11 7 0 0 5 8 0 0 2 7 8 2 0 0 3 0 0 0 0 0 10 0 0 11 0 16 110 145 137 100 48 19 17 13 0 0 17 16 32 127 210 145 9 0 0 0 0 0 7 1 6 0 7 0 216 247 255 255 255 235 195 228 169 180 168 255 251 251 255 170 5 0 0 0 0 2 2 0 0 0 5 10 214 249 110 77 144 157 173 223 163 168 147 151 177 247 238 129 0 0 0 0 0 1 0 0 6 0 0 12 137 254 105 0 11 5 0 6 9 0 0 5 72 253 190 0 16 0 0 0 0 0 0 0 7 3 0 0 37 237 182 6 0 4 0 0 0 5 0 29 216 246 70 1 0 0 0 0 0 5 0 0 0 1 0 0 0 245 245 55 17 0 0 18 0 0 5 127 253 146 9 9 0 0 0 0 0 1 3 2 0 5 0 0 3 251 255 51 4 0 0 8 6 0 68 255 195 7 3 0 5 0 0 0 0 0 2 3 3 8 0 0 83 243 179 0 0 16 13 0 0 5 225 205 74 6 0 0 21 0 0 0 0 2 2 0 0 2 1 32 192 180 64 3 14 0 0 1 0 149 254 124 12 0 5 12 0 0 0 0 0 0 0 0 0 0 1 1 1 0 0 7 0 10 0 3 29 247 205 30 5 0 2 1 2 0 0 0 0 0 0 0 0 0 1 1 1 0 0 3 0 3 7 29 187 247 107 0 0 9 0 0 3 0 0 0 0 0 0 0 0 0 0 1 1 5 0 1 0 0 1 99 255 217 25 0 0 15 0 0 0 0 0 0 0 0 0 0 0 0 0 0 0 3 0 3 3 0 4 202 246 122 1 12 0 2 0 2 0 0 0 0 0 0 0 0 0 0 0 0 0 0 0 3 5 5 68 255 226 16 1 7 0 0 0 6 3 0 0 0 0 1 1 0 0 0 0 0 0 0 5 1 0 0 148 245 219 0 9 0 5 2 0 0 0 0 0 0 0 1 1 1 0 0 0 0 0 0 5 0 0 0 187 238 147 2 10 0 7 3 0 0 0 0 0 0 0 1 1 1 0 0 0 0 0 0 0 0 4 0 193 255 55 7 0 0 0 0 2 10 0 0 0 0 0 0 0 0 0 0 0 0 0 0 7 0 0 62 240 239 206 0 0 0 0 0 0 0 0 0 0 0 0 0 0 0 0 0 0 0 0 4 0 8 0 35 255 255 82 0 0 0 0 0 0 0 0 0 0 0 0 0 0 0 0 0 0 0 0 8 0 9 6 4 166 151 0 0 0 0 0 0 0 0 0 0 0 0 0 0 0 0 0 0 0 0 0 3 0 0 12 0 23 4 0 0 0 0 0 0 0 0 0 0 0 0 0
0 0 0 0 0 0 0 0 1 2 2 2 1 0 0 0 0 0 0 0 0 0 0 0 0 0 0 0 0 0 0 0 0 0 0 0 2 1 1 1 1 1 2 3 0 0 0 0 0 0 0 0 0 0 0 0 0 0 0 0 0 0 0 0 0 0 0 0 0 0 0 1 0 0 0 0 0 0 0 0 0 0 0 0 0 0 0 0 0 0 0 0 0 0 0 0 0 0 0 0 0 0 0 0 0 0 0 0 0 0 0 0 0 0 0 0 0 0 0 0 0 1 2 3 3 2 0 0 0 0 0 0 0 0 0 0 0 0 0 0 0 0 0 0 0 0 0 0 0 0 0 0 1 1 0 0 0 0 0 0 0 0 0 0 0 0 0 0 0 0 0 0 0 0 0 0 6 4 1 0 0 0 0 0 0 0 0 0 0 0 0 0 0 0 0 0 0 0 0 0 0 0 0 0 27 21 13 5 0 0 1 3 0 0 0 0 0 0 0 0 0 0 0 0 3 0 3 0 5 3 43 174 246 255 216 122 20 0 9 0 3 4 1 0 15 0 0 7 0 0 0 0 7 0 0 3 9 7 233 255 255 251 244 241 207 189 173 101 38 52 9 11 46 50 67 46 0 0 0 0 0 5 8 0 51 236 240 239 138 223 255 255 254 244 248 247 255 255 201 198 255 255 234 255 0 0 0 0 0 9 0 0 215 255 247 207 7 33 107 169 184 221 255 254 242 251 255 244 255 252 249 255 0 0 0 0 0 13 1 9 255 208 247 24 0 6 3 3 10 2 52 164 193 240 252 255 251 238 255 139 0 0 0 0 12 0 0 7 33 13 33 7 8 0 6 4 0 1 4 4 0 95 255 251 255 233 95 20 0 0 0 0 0 17 7 0 3 4 6 0 0 14 5 0 1 22 0 0 43 236 253 250 148 18 2 7 0 0 0 0 0 0 8 0 0 6 0 4 0 0 5 5 2 0 4 69 201 242 250 194 6 11 1 0 0 0 0 0 0 0 0 0 0 0 0 0 0 4 6 0 0 6 83 255 245 255 158 16 5 12 0 1 0 0 0 0 0 0 0 0 0 0 0 0 6 0 5 1 11 89 231 254 255 201 83 5 0 0 0 9 0 0 0 0 0 0 0 0 0 0 0 0 0 2 0 11 73 238 255 242 151 51 0 0 0 0 0 8 0 0 0 0 0 0 0 0 0 0 0 0 0 4 8 88 239 255 252 153 39 0 0 8 6 2 1 0 0 0 0 0 0 0 0 0 0 0 0 0 0 0 14 232 249 238 255 118 0 9 10 2 0 0 0 0 0 0 0 0 0 0 0 0 0 0 0 0 3 16 190 255 253 255 252 97 0 2 0 0 0 0 0 10 0 0 0 0 0 0 0 0 0 0 0 0 2 69 254 255 232 255 101 26 7 8 4 6 8 0 0 0 0 0 0 0 0 0 0 0 0 0 0 0 0 13 84 144 166 92 5 0 0 0 0 1 0 0 8 0 0 0 0 0 0 0 0 0 0 0 0 0 0 0 0 0 0 0 0 0 0 0 0 0 0 0 0 0 0 0 0 0 0 0 0 0 0 0 0 0 0 0 0 0 0 0 0 0 0 0 0 0 0 0 0 0 0 0 0 0 0 0 0 0 0 0 0 0 0 0 0 0 0 0 0 0 0 0 0 0 0 0 0 0 0 0 0 0 0 0 0 0 0 0 0 0 0 0 0 0 0 0 0 0 0 0 0 0 0 0 0 0 0 0 0 0
0 0 0 0 0 0 0 0 0 1 5 3 0 0 0 6 0 5 0 0 3 0 0 6 0 0 0 0 0 0 0 0 0 0 0 0 0 0 0 4 8 6 0 0 0 1 13 0 11 6 18 0 0 0 0 0 0 0 0 0 0 0 0 0 8 0 0 0 0 3 8 9 8 0 0 0 0 0 7 5 0 0 0 0 0 0 0 0 0 0 0 0 0 0 3 2 0 0 0 0 0 4 7 4 0 16 0 0 0 0 0 0 0 0 0 0 0 0 0 0 0 0 2 3 4 5 7 8 0 0 8 0 2 0 0 18 0 0 0 0 0 0 0 0 0 0 0 0 7 1 0 0 0 0 0 0 12 0 18 0 17 4 0 0 0 0 0 0 0 0 0 0 0 0 0 0 0 0 3 2 0 1 6 11 31 138 223 111 0 5 13 0 0 0 0 0 0 0 0 0 0 0 0 0 1 3 0 0 5 64 155 225 255 252 255 218 0 6 0 7 0 0 0 0 0 0 0 0 0 0 0 0 7 43 134 115 180 255 233 170 78 72 210 196 0 5 0 7 0 0 0 0 0 0 0 0 0 0 0 0 0 83 232 240 218 173 76 0 2 6 218 165 0 0 2 0 0 0 0 0 0 0 0 0 0 0 0 0 0 0 49 37 11 1 3 2 0 76 255 114 0 5 11 4 0 0 0 0 0 0 0 0 0 0 0 0 16 0 0 0 0 0 0 0 13 207 231 35 0 1 0 9 0 0 0 0 0 0 0 0 0 0 0 0 0 0 0 2 3 12 8 6 75 253 113 0 4 4 0 0 0 0 0 0 0 0 0 0 0 0 0 0 0 12 12 2 0 0 0 10 207 209 20 6 3 5 8 0 0 0 0 0 0 0 0 0 0 0 0 0 1 0 0 0 0 7 4 123 255 96 0 5 0 0 7 0 0 0 0 0 0 0 0 0 0 0 0 0 0 0 2 2 3 2 25 227 210 0 19 0 0 4 1 2 0 0 0 0 4 0 1 0 0 6 1 6 0 0 2 15 0 11 117 250 95 18 0 4 0 0 4 0 0 0 0 0 1 0 1 12 7 0 0 0 21 82 93 135 172 214 255 235 23 0 0 6 0 0 10 3 0 0 0 0 3 7 0 0 0 6 97 163 231 250 237 255 244 235 246 118 0 0 8 8 0 0 10 0 0 0 0 0 0 11 0 5 0 6 104 160 90 57 23 0 20 183 205 14 3 2 6 1 0 3 7 0 0 0 0 0 0 13 0 6 6 0 19 1 2 0 1 0 78 255 159 0 4 0 0 0 0 1 4 0 0 0 0 0 0 12 0 0 0 0 9 0 5 6 0 10 160 225 33 4 0 0 0 5 3 0 0 9 0 0 0 0 0 1 3 1 0 0 2 3 0 11 0 47 245 194 14 0 0 4 5 6 6 0 0 4 0 0 0 0 4 0 0 3 4 1 0 0 6 1 2 120 255 58 0 10 4 6 0 0 4 6 0 0 0 0 0 0 0 0 0 0 0 0 0 0 3 0 22 255 199 0 9 0 0 0 0 0 0 0 0 0 0 0 0 0 0 0 0 0 0 0 0 0 9 0 43 241 185 4 0 20 0 0 0 0 0 0 0 0 0 0 0 0 0 0 0 0 0 0 0 0 0 1 0 15 0 0 0 0 0 0 0 0 0 0 0 0 0 0 0 0 0 0 0 0 0 0 0 0 0 6 5 0 1 14 1 0 0 0 0 0 0 0 0 0 0 0 0 0
0 0 0 0 0 0 0 0 0 4 8 1 0 3 1 0 0 0 1 2 1 1 1 2 0 0 0 0 0 0 0 0 0 0 0 0 5 3 0 0 0 6 5 0 3 0 0 0 0 0 0 1 0 0 0 0 0 0 0 0 0 0 0 0 13 0 0 7 7 0 0 9 6 4 3 4 5 3 0 0 0 0 0 0 0 0 0 0 0 0 0 0 0 0 0 0 0 14 7 0 0 0 0 0 0 1 2 3 0 0 0 0 0 0 0 0 0 0 0 0 1 5 8 6 0 0 0 8 8 8 6 1 0 0 0 3 0 0 0 0 0 0 0 0 0 0 0 0 3 0 0 0 3 3 0 0 0 0 2 6 5 1 0 0 0 0 0 0 0 0 0 0 0 0 0 0 0 132 200 105 4 0 13 0 12 5 0 0 0 3 4 2 0 0 0 0 0 0 0 0 0 0 0 0 6 143 255 255 213 187 185 181 183 134 65 12 0 0 0 1 0 0 0 0 0 0 0 0 0 0 0 0 4 220 253 251 253 250 255 250 252 255 225 0 4 0 8 0 0 0 0 0 0 0 0 0 0 0 0 0 31 238 255 206 144 114 119 146 249 242 138 0 7 2 0 3 0 0 0 0 0 0 0 0 0 0 0 0 12 228 236 71 0 5 6 18 249 249 73 0 2 8 0 3 0 0 0 0 0 0 0 0 0 0 0 0 12 16 0 0 13 4 4 143 253 255 69 3 0 6 0 0 0 0 0 0 0 0 0 0 0 0 0 0 0 0 5 0 0 0 31 228 252 249 61 0 0 0 5 0 0 0 0 0 0 0 0 0 0 0 0 0 7 0 0 0 7 11 35 225 250 161 18 0 1 0 5 0 0 0 0 0 0 0 0 0 0 0 0 0 0 5 9 0 0 0 24 225 253 87 0 0 1 0 1 0 0 0 0 0 0 0 0 0 0 0 0 0 2 0 0 1 8 1 47 252 255 64 3 8 0 7 1 0 0 0 0 0 0 0 0 0 0 0 0 0 0 6 0 0 2 0 132 255 229 12 0 0 0 3 0 4 0 0 0 0 0 0 0 0 0 0 0 0 5 0 11 3 0 35 216 252 141 0 0 4 0 4 1 0 0 0 0 0 0 0 0 0 0 0 0 0 0 5 12 0 0 108 255 245 47 0 4 5 0 2 6 0 0 0 0 0 0 0 0 0 0 0 0 0 0 15 0 0 12 180 255 191 5 2 2 1 0 0 8 0 0 0 0 0 0 0 0 0 0 0 0 0 8 0 0 7 57 241 255 86 0 10 0 0 1 0 4 4 0 0 0 0 0 0 0 0 0 0 0 0 6 0 2 18 165 255 214 13 0 6 0 1 4 4 0 2 0 0 0 0 0 0 0 0 0 0 0 0 0 6 6 92 255 241 88 0 0 2 0 4 0 8 0 1 0 0 0 0 0 0 0 0 0 0 0 0 6 0 8 205 255 184 0 2 0 5 6 3 0 9 0 4 0 0 0 0 0 0 0 0 0 0 0 0 0 1 77 250 255 106 13 0 0 0 0 0 0 0 0 0 0 0 0 0 0 0 0 0 0 0 0 0 0 8 91 242 209 28 0 26 0 0 0 0 0 0 0 0 0 0 0 0 0 0 0 0 0 0 0 0 0 9 0 6 4 0 0 0 0 0 0 0 0 0 0 0 0 0 0 0 0 0 0 0 0 0 0 0 0 5 0 1 6 6 11 0 0 0 0 0 0 0 0 0 0 0 0 0
0 0 0 0 0 0 0 0 0 10 7 0 0 0 0 0 0 0 0 0 0 0 0 0 0 0 0 0 0 0 0 0 0 0 0 0 6 0 0 0 6 18 17 2 0 0 0 0 0 0 0 0 0 0 0 0 0 0 0 0 0 0 0 0 0 0 8 8 0 0 0 0 0 0 0 0 0 0 0 0 0 0 0 0 0 0 0 0 0 0 0 0 13 3 0 0 0 6 12 9 0 0 0 0 0 0 0 0 0 0 0 0 0 0 0 0 0 0 0 0 0 4 0 0 11 3 0 0 0 0 0 0 0 0 0 0 0 0 0 0 0 0 0 0 0 0 0 0 0 5 0 0 7 1 0 3 0 0 0 0 0 0 0 0 0 0 0 0 0 0 0 0 0 0 0 0 7 0 0 9 0 0 9 0 0 0 0 0 0 0 0 0 0 0 0 0 0 0 0 0 0 0 0 0 0 61 203 223 80 0 11 0 0 0 0 0 0 0 0 0 0 0 0 0 0 0 0 0 0 0 0 0 4 200 254 250 250 120 0 2 2 0 11 0 0 8 0 0 0 0 0 0 0 0 0 0 0 0 0 0 73 246 245 254 235 255 185 235 255 253 251 135 0 0 0 8 0 0 0 0 0 0 0 0 0 0 0 0 142 255 251 255 255 242 242 255 252 245 250 147 0 0 10 0 0 0 0 0 0 0 0 0 0 0 0 0 255 243 199 65 166 240 255 236 253 255 255 148 13 0 0 0 0 0 0 0 0 0 0 0 0 0 0 0 255 240 100 6 16 47 106 55 211 251 238 62 0 0 1 7 0 0 0 0 0 0 0 0 0 0 0 0 191 88 9 0 0 7 0 0 157 244 223 11 0 1 0 0 0 0 0 0 0 0 0 0 0 0 0 0 0 8 0 0 11 0 19 0 151 252 233 29 3 2 0 10 0 0 0 0 0 0 0 0 0 0 0 0 2 0 0 2 2 0 0 0 254 255 178 6 0 10 0 0 0 0 0 0 0 0 0 0 0 0 0 0 0 11 0 10 0 1 0 127 255 249 15 6 0 0 8 0 0 0 0 0 0 0 0 0 0 0 0 0 0 0 14 0 0 10 7 220 254 154 7 0 0 0 6 0 0 0 0 0 0 0 0 0 0 0 0 0 22 0 0 0 4 10 170 247 227 45 3 0 1 1 1 1 0 0 0 0 0 0 0 0 0 0 0 0 0 0 0 13 0 0 255 255 164 0 6 0 1 5 0 0 0 0 0 0 0 0 0 0 0 0 0 0 0 0 4 0 12 81 248 246 77 0 6 0 0 6 0 0 0 0 0 0 0 0 0 0 0 0 0 0 15 6 0 0 34 235 254 145 9 9 1 0 0 4 0 0 0 0 0 0 0 0 0 0 0 0 0 0 0 6 4 9 87 251 249 39 0 4 0 0 5 0 0 2 0 0 0 0 0 0 0 0 0 0 0 0 5 0 1 14 220 253 190 1 7 0 0 0 13 0 1 3 0 0 0 0 0 0 0 0 0 0 0 0 0 2 0 111 252 240 114 0 0 0 0 0 0 0 0 0 0 0 0 0 0 0 0 0 0 0 0 0 0 9 4 85 249 240 0 0 0 0 0 0 0 0 0 0 0 0 0 0 0 0 0 0 0 0 0 0 22 0 0 123 243 42 1 6 0 0 0 0 0 0 0 0 0 0 0 0 0 0 0 0 0 0 0 0 0 0 25 0 0 11 0 0 0 0 0 0 0 0 0 0 0 0 0 0
0 0 0 0 0 0 0 0 4 4 0 2 0 7 3 0 0 0 0 0 0 0 0 0 0 0 0 0 0 0 0 0 0 0 0 0 0 0 12 2 12 0 0 0 0 0 0 0 0 0 0 0 0 0 0 0 0 0 0 0 0 0 0 0 0 17 0 0 0 0 9 1 0 0 0 0 0 0 0 0 0 0 0 0 0 0 0 0 0 0 0 0 0 7 0 5 17 0 0 1 0 0 0 0 0 0 0 0 0 0 0 0 0 0 0 0 0 0 0 0 4 0 17 0 0 0 2 0 0 0 0 0 0 0 0 0 0 0 0 0 0 0 0 0 0 0 0 0 0 22 0 34 0 0 11 0 0 0 0 0 0 0 0 0 0 0 0 0 0 0 0 0 0 0 0 0 0 4 29 219 144 27 0 0 0 0 0 0 0 0 0 0 0 0 0 0 0 0 0 0 0 0 0 0 3 0 235 255 246 148 32 0 0 0 0 0 0 0 0 0 0 0 0 0 0 0 0 0 0 0 0 0 0 103 255 255 255 247 229 101 55 74 51 103 44 9 0 0 0 0 0 0 0 0 0 0 0 0 0 0 3 186 255 183 232 247 254 255 250 255 251 255 181 0 0 13 0 0 0 0 0 0 0 0 0 0 0 0 6 188 243 65 6 103 226 228 253 242 255 255 178 0 3 0 0 0 0 0 0 0 0 0 0 0 0 0 0 247 246 35 8 6 0 23 38 90 222 255 91 0 10 0 0 0 0 0 0 0 0 0 0 0 0 0 7 72 71 0 0 0 0 0 0 94 255 237 35 1 0 6 0 0 0 0 0 0 0 0 0 0 0 0 6 0 0 0 12 9 5 2 31 202 255 109 0 11 0 0 0 0 0 0 0 0 0 0 0 0 0 0 0 8 0 0 1 0 0 4 92 254 225 34 0 3 0 0 0 0 0 0 0 0 0 0 0 0 0 0 5 0 0 5 4 0 3 38 245 250 94 0 9 0 0 0 0 0 0 0 0 0 0 0 0 0 0 0 3 0 0 1 11 0 18 170 255 222 8 0 11 0 0 0 0 0 0 0 0 0 0 0 0 0 0 0 3 5 18 0 0 5 76 255 254 94 10 0 0 8 0 2 0 0 0 0 0 0 0 0 0 0 0 0 0 0 0 5 9 4 210 255 179 0 10 0 0 6 4 2 0 0 0 0 0 0 0 0 0 0 0 0 10 4 0 0 2 111 245 246 53 0 7 0 7 0 6 0 0 0 0 0 0 0 0 0 0 0 0 0 5 0 0 9 0 207 255 137 0 12 1 0 8 0 2 0 0 0 0 0 0 0 0 0 0 0 0 0 4 0 12 7 150 255 253 24 3 0 0 10 0 5 0 0 0 0 0 0 0 0 0 0 0 0 0 0 0 0 0 0 247 254 71 5 14 0 0 10 0 6 1 0 0 0 0 0 0 0 0 0 0 0 0 0 8 3 0 245 254 221 33 0 0 13 0 2 7 0 6 0 0 0 0 0 0 0 0 0 0 0 0 0 6 0 47 238 254 76 8 0 0 0 0 0 0 0 0 0 0 0 0 0 0 0 0 0 0 0 0 0 0 3 95 255 233 32 0 11 0 0 0 0 0 0 0 0 0 0 0 0 0 0 0 0 0 0 0 0 6 13 0 2 0 0 4 0 0 0 0 0 0 0 0 0 0 0 0 0 0 0 0 0 0 0 0 0 0 0 1 0 0 11 4 0 0 0 0 0 0 0 0 0 0 0 0 0
0 0 0 0 0 0 0 0 3 7 4 0 0 3 0 1 2 3 0 0 3 7 0 0 0 0 0 0 0 0 0 0 0 0 0 0 0 0 5 10 3 0 0 6 0 0 0 0 0 0 4 5 0 0 0 0 0 0 0 0 0 0 0 0 9 0 0 4 5 2 2 0 0 6 9 4 0 0 0 0 0 0 0 0 0 0 0 0 0 0 0 0 0 0 0 0 0 0 8 0 0 0 0 0 0 2 1 0 0 0 0 0 0 0 0 0 0 0 0 0 5 6 0 7 8 1 9 0 11 6 0 0 0 0 2 5 0 0 0 0 0 0 0 0 0 0 0 0 0 10 0 5 6 0 0 3 0 0 3 8 4 0 0 1 0 0 0 0 0 0 0 0 0 0 0 0 0 66 91 164 232 190 96 1 11 1 0 0 0 0 0 1 0 0 0 0 0 0 0 0 0 0 0 0 1 188 252 246 246 240 255 247 179 116 43 4 0 2 1 0 0 0 0 0 0 0 0 0 0 0 0 0 1 63 91 42 0 18 66 83 130 246 250 240 58 2 1 0 0 0 0 0 0 0 0 0 0 0 0 0 0 0 6 7 2 4 4 0 10 0 77 228 236 44 0 22 0 0 0 0 0 0 0 0 0 0 0 0 0 16 2 0 4 5 0 0 3 5 12 203 253 187 5 0 0 0 0 0 0 0 0 0 0 0 0 0 7 0 0 10 7 0 0 24 0 0 152 241 246 50 0 6 0 0 0 0 0 0 0 0 0 0 0 0 14 0 0 15 0 7 18 0 0 71 255 246 56 0 7 0 0 0 0 0 0 0 0 0 0 0 0 0 0 10 7 0 0 0 5 43 200 229 241 102 0 0 12 0 0 0 0 0 0 0 0 0 0 0 0 0 0 3 0 3 16 0 41 212 255 241 137 0 6 4 0 3 0 0 0 0 0 0 0 0 0 0 0 0 10 0 4 0 0 88 212 255 224 96 0 0 3 0 0 1 0 0 0 0 0 0 0 0 0 0 0 0 8 0 0 4 81 237 248 203 23 11 0 0 0 3 0 0 0 0 0 0 0 0 0 0 0 0 0 0 0 7 21 6 229 253 170 25 8 2 0 0 1 4 3 0 0 0 0 0 0 0 0 0 0 0 0 0 18 0 27 228 255 138 0 6 0 0 0 0 2 3 1 0 0 0 0 0 0 0 0 0 0 0 0 0 0 12 213 255 141 0 9 0 0 0 0 1 0 0 0 0 0 0 0 0 0 0 0 0 0 0 0 0 0 89 254 223 32 0 0 3 0 2 2 1 0 0 0 0 0 0 0 0 0 0 0 0 0 0 0 0 38 220 255 62 9 3 0 2 1 1 0 0 0 0 1 3 0 0 0 0 0 0 0 0 0 0 0 0 114 255 177 0 0 0 0 14 0 0 0 0 0 1 1 1 0 0 0 0 0 0 0 0 0 0 0 0 164 233 45 18 0 21 3 0 1 0 0 0 1 1 0 0 0 0 0 0 0 0 0 0 0 0 0 0 113 255 0 0 5 0 0 8 0 0 0 0 0 0 0 0 0 0 0 0 0 0 0 0 0 0 0 0 68 170 8 7 8 0 0 0 0 0 0 0 0 0 0 0 0 0 0 0 0 0 0 0 0 0 0 0 0 23 0 0 0 3 5 1 0 0 0 0 0 0 0 0 0 0 0 0 0 0 0 0 0 0 0 0 0 0 16 0 0 4 0 0 0 0 0 0 0 0 0 0 0 0 0 0
4 0 0 0 6 1 0 5 0 0 8 0 0 8 0 5 0 0 0 0 1 2 0 0 0 0 0 0 0 6 12 4 0 0 0 0 3 0 6 6 1 13 0 2 2 1 0 0 0 0 0 0 0 0 0 0 6 2 1 0 0 7 16 8 6 0 0 0 0 4 0 0 3 3 2 0 0 0 0 1 0 0 0 0 2 0 0 7 2 0 0 0 0 3 0 11 0 16 4 12 0 0 1 0 0 0 0 1 0 0 0 0 0 0 5 6 2 2 5 2 0 5 1 13 0 0 0 0 0 0 0 1 0 0 0 0 0 0 0 0 1 10 0 0 1 9 0 0 0 4 0 0 0 0 9 8 0 0 0 0 1 2 0 0 0 0 0 0 0 6 0 0 12 0 0 22 2 1 1 0 17 0 9 0 10 3 0 0 1 3 1 0 0 0 0 0 1 4 0 2 7 0 75 245 254 255 255 244 249 165 133 68 21 9 0 0 0 4 2 0 0 0 0 0 5 0 2 0 1 0 71 255 248 255 255 253 255 255 250 251 227 205 136 29 0 7 0 11 0 0 0 0 0 0 6 0 0 0 26 147 219 231 229 223 230 240 253 255 255 253 244 237 35 0 18 0 0 0 0 0 0 0 8 0 0 1 0 29 21 32 29 20 24 34 51 72 125 248 255 255 194 0 2 6 0 0 0 0 4 0 5 0 0 9 0 0 0 3 1 0 0 0 0 10 5 179 249 244 224 0 14 0 0 0 0 0 7 0 1 2 0 7 4 0 0 1 0 0 6 1 0 0 4 177 252 254 84 0 8 0 0 0 0 0 4 0 0 6 1 0 1 2 0 1 0 0 5 2 0 2 92 238 249 180 0 4 0 8 0 0 0 0 0 0 0 2 2 0 0 0 5 5 0 0 2 0 0 9 217 255 245 94 0 1 13 0 0 0 0 0 0 5 0 0 3 0 2 2 0 1 0 0 4 0 2 18 215 255 195 10 10 0 0 8 0 0 0 0 0 0 0 0 0 0 0 0 0 9 0 0 13 2 0 151 249 255 92 12 0 6 1 0 0 0 0 0 0 0 0 0 0 0 0 0 9 0 0 9 0 0 29 231 250 209 48 0 2 6 0 2 0 0 0 0 0 0 0 0 0 0 0 0 4 1 0 6 0 0 135 255 250 88 0 0 0 0 15 0 0 0 0 0 0 0 0 0 0 0 0 0 0 8 0 0 7 12 230 242 255 77 0 0 12 0 0 4 0 0 0 0 0 0 0 0 0 0 0 0 4 0 0 3 15 77 255 253 204 14 7 19 0 0 17 0 0 0 0 0 0 0 0 0 0 0 0 0 2 0 7 0 7 189 255 255 59 0 0 0 8 0 0 4 0 0 0 0 0 0 0 0 0 0 0 0 0 9 14 0 58 255 253 209 19 0 7 6 0 0 4 0 0 0 0 0 0 0 0 0 0 0 0 0 0 5 0 2 151 255 245 147 0 15 2 0 6 1 0 6 0 0 0 0 0 0 0 0 0 0 0 0 0 19 0 38 240 254 250 17 0 0 0 0 0 0 0 0 0 0 0 0 0 0 0 0 0 0 0 0 9 0 3 128 250 255 237 14 0 0 0 0 0 0 0 0 0 0 0 0 0 0 0 0 0 0 0 0 0 23 0 107 255 232 92 0 0 0 0 0 0 0 0 0 0 0 0 0 0 0 0 0 0 0 0 0 0 0 2 18 0 0 19 6 0 0 0 0 0 0 0 0 0 0 0 0
0 0 0 0 0 0 0 0 0 2 3 0 0 0 0 0 0 0 0 0 0 6 8 3 0 0 0 0 0 0 0 0 0 0 0 0 0 1 3 2 1 0 0 0 0 0 2 10 8 0 0 0 0 0 0 0 0 0 0 0 0 0 0 0 5 2 0 0 0 0 0 2 2 0 0 0 0 0 0 7 0 0 0 0 0 0 0 0 0 0 0 0 0 0 0 0 2 3 4 6 0 8 12 2 0 8 5 0 0 0 0 0 0 0 0 0 0 0 0 0 6 2 4 9 9 0 0 0 0 0 0 0 0 4 5 0 0 0 0 0 0 0 0 0 0 0 0 0 1 0 0 0 0 0 1 8 11 1 0 6 2 0 0 1 0 0 0 0 0 0 0 0 0 0 0 0 12 2 0 8 10 2 0 0 0 0 8 3 0 0 5 5 0 0 0 0 0 0 0 0 0 0 0 0 0 22 90 172 231 253 255 255 255 255 191 65 0 0 9 0 0 0 0 0 0 0 0 0 0 0 0 0 3 0 194 255 246 224 194 160 161 214 255 107 8 0 0 3 0 0 0 0 0 0 0 0 0 0 0 0 2 4 106 230 84 0 21 0 1 167 250 80 5 0 9 0 0 0 0 0 0 0 0 0 0 0 0 0 0 17 178 255 52 0 0 0 49 227 225 20 0 0 17 0 0 0 0 0 0 0 0 0 0 0 0 0 0 0 202 248 50 14 0 5 139 255 147 0 7 0 4 0 0 0 0 0 0 0 0 0 0 0 0 0 6 0 113 255 111 0 0 4 195 253 78 0 11 0 0 10 0 0 0 0 0 0 0 0 0 0 0 0 6 8 44 250 136 14 8 65 255 247 37 0 0 1 0 8 0 0 0 0 0 0 0 0 0 0 0 0 0 0 0 73 18 0 0 137 246 178 0 0 6 10 1 0 0 0 0 0 0 0 0 0 0 0 0 0 5 0 11 1 4 4 18 219 248 140 0 1 0 0 9 2 0 0 0 0 0 0 0 0 0 0 0 0 0 0 0 6 0 5 107 250 255 54 0 9 0 3 4 0 0 0 0 0 0 0 0 0 0 0 0 0 1 1 0 0 0 0 132 255 188 30 0 6 0 1 0 0 0 0 0 0 0 0 0 0 0 0 0 0 0 2 3 0 10 0 195 255 91 4 0 2 0 2 0 1 0 0 0 0 0 0 0 0 0 0 0 0 0 0 4 1 4 39 248 214 24 0 1 0 0 6 0 4 0 0 0 0 0 0 0 0 0 0 0 0 2 0 0 3 0 96 255 136 0 0 3 0 1 7 0 3 0 0 0 0 0 0 0 0 0 0 0 0 8 0 0 4 10 178 255 87 0 4 0 0 1 3 0 0 0 0 0 0 0 0 0 0 0 0 0 0 3 0 3 4 71 245 225 49 0 3 0 0 3 0 0 0 0 0 0 0 0 0 0 0 0 0 0 0 0 0 11 0 114 255 164 0 0 0 0 5 6 0 0 2 0 0 0 0 0 0 0 0 0 0 0 0 6 0 15 0 171 255 120 6 0 0 0 0 0 0 0 0 0 0 0 0 0 0 0 0 0 0 0 0 2 0 0 2 228 246 55 0 0 0 0 0 0 0 0 0 0 0 0 0 0 0 0 0 0 0 0 0 6 7 1 19 210 186 9 0 0 0 0 0 0 0 0 0 0 0 0 0 0 0 0 0 0 0 0 0 0 0 13 0 7 4 0 21 0 0 0 0 0 0 0 0 0 0 0 0
7 0 0 0 6 0 0 11 5 1 1 5 3 0 0 4 0 0 0 0 0 0 0 0 0 0 0 0 0 0 9 5 0 0 0 0 0 0 0 0 0 0 2 4 0 0 0 0 0 0 0 0 0 0 0 0 3 0 1 0 0 4 13 8 6 5 2 0 1 2 0 0 0 0 0 0 0 0 0 0 0 0 0 0 6 0 0 9 3 0 0 0 0 0 1 1 3 6 4 0 0 0 0 0 0 0 0 0 0 0 0 0 0 0 3 3 0 1 5 2 0 2 4 0 0 0 0 0 0 0 0 0 0 0 0 0 0 0 0 0 0 9 0 0 0 12 2 0 5 2 0 0 0 0 2 9 0 0 0 0 0 0 0 0 0 0 0 0 0 7 0 0 13 0 0 15 5 0 0 6 10 0 0 0 0 0 0 0 0 0 0 0 0 0 0 0 0 4 0 1 5 0 63 221 189 165 154 159 144 100 59 43 0 0 0 0 0 0 0 0 0 0 0 0 0 3 0 0 0 16 123 255 255 251 252 255 236 255 249 242 234 131 10 25 0 9 2 1 0 0 0 0 0 0 13 1 74 162 231 250 255 245 170 181 177 230 240 252 229 255 255 255 197 47 0 0 0 0 0 0 3 0 0 9 210 255 219 239 255 224 13 0 0 21 22 21 130 174 255 252 253 52 10 8 0 0 0 0 4 4 0 0 144 136 94 255 255 245 0 0 0 4 1 0 0 26 242 249 223 24 0 0 0 0 0 0 0 0 12 0 2 3 14 235 236 250 7 17 14 0 0 4 8 0 255 250 122 0 1 11 0 0 0 0 0 0 0 0 0 4 1 205 255 232 0 0 0 0 0 2 8 0 252 254 80 6 0 0 0 0 0 0 3 3 3 0 2 0 4 189 255 211 14 0 5 9 1 1 4 52 255 255 71 0 0 10 0 0 0 0 12 0 6 6 0 4 5 47 110 84 0 0 0 0 0 2 1 103 252 241 91 6 0 4 0 0 0 0 0 0 0 0 0 0 0 0 0 0 0 0 0 0 0 0 7 94 255 254 77 0 11 0 0 0 0 0 0 0 0 0 0 0 0 0 0 0 0 0 0 0 0 0 0 97 248 255 80 0 7 0 0 0 0 0 0 0 0 0 0 0 0 0 0 0 0 0 0 0 0 0 0 118 240 255 82 0 2 4 0 0 0 0 0 0 0 0 0 0 0 0 0 0 0 0 0 0 0 0 0 153 248 255 80 0 1 2 0 0 0 0 0 0 0 0 0 0 0 0 0 0 0 0 0 0 0 0 5 171 255 253 75 0 4 0 0 0 0 0 0 0 0 0 0 0 0 0 0 0 0 0 0 0 0 0 1 158 255 244 75 0 5 0 0 0 0 0 0 0 0 0 0 0 0 0 0 0 0 0 0 0 0 0 0 126 255 242 84 0 1 1 0 0 0 0 0 0 0 0 0 0 0 0 0 0 0 0 0 0 0 0 0 103 255 246 94 0 0 3 0 0 0 0 0 0 0 0 0 0 0 0 0 0 0 0 0 0 0 0 38 251 251 255 76 0 0 4 0 0 0 0 0 0 0 0 0 0 0 0 0 0 0 0 0 0 0 0 39 224 255 243 130 24 0 9 0 0 0 0 0 0 0 0 0 0 0 0 0 0 0 0 0 0 0 0 0 66 251 255 80 0 20 1 0 0 0 0 0 0 0 0 0 0 0 0 0 0 0 0 0 0 0 0 5 0 11 0 5 0 0 3 0 0 0 0
0 0 0 0 0 0 0 0 0 0 4 8 1 0 0 3 3 1 0 0 0 0 3 5 0 2 9 0 0 0 0 0 0 0 0 0 6 0 0 0 0 2 3 4 1 0 6 1 6 0 0 0 9 0 0 0 0 0 0 0 0 0 0 0 0 0 0 0 0 2 0 0 0 0 0 0 3 0 8 5 5 6 9 8 0 0 0 0 0 0 0 0 0 2 6 1 0 0 0 0 3 0 12 0 13 0 3 0 0 0 0 0 0 0 0 0 0 0 0 0 1 3 0 0 0 0 5 7 3 0 0 0 0 0 7 7 10 6 0 0 0 0 0 0 0 0 0 0 5 0 0 0 3 0 0 0 0 0 1 6 3 3 0 0 0 3 17 0 0 0 0 0 0 0 0 0 0 0 0 9 7 0 2 17 0 4 0 8 0 6 0 1 13 0 8 0 0 0 0 0 0 0 0 0 1 0 3 5 0 0 45 101 120 88 13 8 7 105 178 249 212 10 0 12 2 0 4 0 6 0 7 0 0 6 0 4 16 151 232 255 255 251 233 200 231 255 248 255 223 3 0 3 0 0 0 0 4 0 7 0 6 0 8 69 175 255 224 255 255 231 245 255 252 248 255 243 176 18 5 0 2 0 2 0 5 1 6 0 4 0 66 249 255 244 253 255 254 255 255 249 241 254 247 215 48 0 0 3 5 0 3 1 1 2 0 0 13 197 243 255 234 249 234 124 137 142 135 232 255 251 204 12 0 0 2 8 0 0 0 0 0 0 0 26 186 246 255 255 255 236 101 8 0 20 70 211 253 218 25 1 3 12 0 3 0 0 0 0 2 4 1 84 245 255 229 246 255 139 0 0 7 18 255 255 255 74 0 1 0 2 0 3 0 9 2 0 6 4 5 138 255 252 255 253 117 2 16 3 126 252 240 246 120 4 4 0 0 1 0 9 0 11 0 0 0 0 0 162 245 248 255 121 3 0 0 29 209 249 255 171 12 0 3 0 2 2 0 0 0 2 5 3 0 0 3 8 145 91 34 7 0 0 90 236 255 242 186 48 0 0 4 1 0 0 0 0 0 1 2 1 0 0 0 1 0 0 20 0 20 113 217 255 254 232 4 0 22 0 0 3 0 0 0 0 0 0 0 0 0 0 0 0 0 17 0 3 40 255 247 238 231 30 7 0 0 14 5 0 0 0 0 0 0 0 0 1 3 4 2 1 0 1 8 132 248 254 247 255 87 0 19 4 0 0 4 1 0 0 0 0 1 0 0 1 3 3 2 0 0 0 68 244 237 251 234 40 0 33 0 0 4 1 0 9 0 0 0 0 4 3 1 0 0 0 0 0 7 117 251 245 255 250 42 4 9 0 11 0 0 11 0 4 0 0 0 0 1 2 2 0 0 0 2 7 13 193 255 237 242 255 0 14 0 2 9 0 23 0 0 2 0 0 0 0 0 0 2 1 0 3 12 20 207 255 253 255 216 0 2 0 0 10 0 6 0 0 10 0 0 0 0 0 3 0 0 13 0 17 0 67 255 245 255 223 71 0 16 0 0 0 0 0 0 0 0 0 0 0 0 0 2 28 5 1 0 0 0 191 240 255 231 81 3 7 0 6 0 0 0 0 0 0 0 0 0 0 0 0 0 5 0 0 13 1 10 203 255 243 68 0 1 8 9 0 0 0 0 0 0 0 0 0 0 0 0 0 18 9 1 12 3 1 0 19 0 0 13 9 6 0 0 10 0 0 0 0 0 0 0 0 0 0 0 0
0 0 0 0 0 0 0 0 0 3 0 0 0 6 6 0 0 6 1 0 0 3 1 3 0 0 0 0 0 0 0 0 0 0 0 0 0 0 4 5 0 0 0 0 0 0 0 8 9 1 0 1 0 0 0 0 0 0 0 0 0 0 0 0 8 0 0 0 2 5 9 13 6 0 0 0 0 0 4 5 0 0 0 0 0 0 0 0 0 0 0 0 1 0 0 1 4 3 0 0 0 5 13 6 0 6 6 0 0 0 0 0 0 0 0 0 0 0 0 0 0 3 8 0 0 1 6 5 0 0 0 0 0 6 8 0 0 0 0 0 0 0 0 0 0 0 0 0 2 1 0 0 0 4 2 0 11 8 0 4 10 0 0 5 0 0 0 0 0 0 0 0 0 0 0 0 1 0 0 10 8 0 0 3 0 10 0 0 4 5 0 7 0 0 0 0 0 0 0 0 0 0 0 0 2 0 3 7 0 0 86 189 255 255 156 22 0 7 0 0 0 0 0 0 1 3 0 0 0 11 8 0 3 0 7 0 20 131 253 254 244 220 255 169 1 0 2 7 0 0 0 0 0 9 11 0 8 0 0 2 0 19 0 59 192 249 240 88 49 11 183 249 43 1 0 0 0 0 0 0 12 1 0 0 14 11 0 0 0 11 129 243 255 124 0 9 6 0 180 255 15 0 8 4 0 0 0 0 3 0 0 17 0 0 5 9 43 199 250 165 86 12 5 0 0 12 200 247 5 7 0 3 0 0 0 0 0 8 14 0 7 18 82 148 255 206 112 23 0 0 6 0 0 0 192 239 25 5 0 2 0 0 0 0 0 0 2 20 234 247 253 255 153 14 0 0 9 20 0 9 15 1 200 190 0 0 7 5 0 0 0 0 9 0 0 32 227 206 119 40 0 4 9 4 0 0 12 0 0 35 227 121 0 3 15 0 0 0 0 0 0 0 3 0 0 0 8 0 12 0 11 0 9 11 0 4 6 105 255 82 13 0 0 8 0 0 0 0 0 0 0 0 0 0 0 0 0 0 0 0 1 1 0 0 0 222 227 2 5 0 0 0 0 0 0 0 0 0 0 0 0 0 0 0 0 0 0 0 1 1 0 0 26 249 115 7 0 0 8 0 0 0 0 0 0 0 0 0 0 0 0 0 0 0 0 0 1 1 1 1 81 255 41 4 0 0 10 0 0 0 0 0 0 0 0 0 0 0 0 0 0 1 1 1 0 0 1 3 150 250 59 0 7 0 0 5 0 0 0 0 0 0 0 0 0 0 0 0 0 1 2 1 0 0 2 5 213 247 72 0 8 3 0 4 0 0 0 0 0 0 0 0 0 0 0 0 0 1 3 1 0 0 3 7 249 245 29 0 0 4 3 0 0 0 0 0 0 0 0 0 0 0 0 0 0 2 3 1 0 0 4 9 255 212 0 5 0 1 9 0 0 0 0 0 0 0 0 0 0 0 0 0 0 2 3 1 0 0 4 10 255 168 2 3 0 0 0 2 0 0 0 0 0 0 0 0 0 0 0 0 0 7 0 0 12 1 0 18 255 114 10 0 0 2 7 0 0 0 0 0 0 0 0 0 0 0 0 0 0 13 8 0 0 0 16 76 255 95 0 4 12 0 0 0 0 0 0 0 0 0 0 0 0 0 0 0 0 8 3 0 0 0 8 47 250 106 7 1 0 0 0 13 0 0 0 0 0 0 0 0 0 0 0 0 2 0 0 0 11 4 0 0 6 0 0 7 10 5 0 0 0 0 0 0
0 0 0 0 0 0 0 0 0 7 12 0 9 0 0 0 4 0 0 0 0 5 2 0 0 0 0 0 0 0 0 0 0 0 0 0 4 0 0 0 5 3 8 7 1 1 5 7 3 0 0 3 0 0 0 0 0 0 0 0 0 0 0 0 8 0 6 9 0 0 0 0 0 0 0 6 3 0 0 8 0 0 0 0 0 0 0 0 0 0 0 0 0 0 13 0 1 6 15 2 5 0 0 0 0 2 1 0 0 0 0 0 0 0 0 0 0 0 0 0 3 6 4 0 14 0 0 0 2 9 8 0 0 5 1 0 0 0 0 0 0 0 0 0 0 0 0 0 1 0 0 0 7 0 0 15 0 0 8 4 0 1 2 0 0 0 0 0 0 0 0 0 0 0 0 0 1 0 2 18 0 11 8 0 14 0 0 0 3 0 0 6 0 0 0 0 0 0 0 0 0 0 0 0 0 0 23 109 116 255 246 150 84 25 0 0 10 0 0 1 0 0 0 0 1 0 8 0 0 12 4 0 86 115 241 255 240 255 246 246 247 147 45 0 3 1 0 6 0 0 0 0 1 0 0 7 14 0 39 192 254 255 235 236 255 241 255 255 250 245 181 0 6 0 12 0 0 0 0 0 0 9 0 0 15 0 125 255 244 242 247 255 251 253 251 238 255 255 255 112 0 0 21 0 0 0 0 0 0 0 9 0 3 72 253 250 255 255 237 251 249 254 255 253 254 230 252 187 0 0 9 0 0 0 0 0 14 0 6 5 0 47 255 252 255 237 255 168 0 0 0 60 253 249 255 153 13 0 0 0 0 0 0 0 0 0 0 15 11 44 216 254 255 247 58 3 17 4 2 60 255 255 255 166 0 6 0 1 0 0 0 0 0 17 0 0 0 0 47 56 56 60 25 7 0 0 0 153 255 241 250 166 0 12 0 2 0 0 0 0 0 6 0 8 6 0 12 0 4 0 3 5 0 7 0 204 246 255 255 72 3 0 0 4 0 0 0 0 0 0 0 0 0 0 0 0 0 11 0 5 0 0 4 200 252 255 234 39 0 0 7 2 0 0 0 0 0 0 0 0 0 0 0 0 1 3 0 4 0 4 99 239 248 244 157 4 1 8 0 0 0 0 0 0 0 0 0 0 0 0 0 0 6 0 0 4 0 1 196 255 250 255 125 0 5 0 0 1 0 0 0 0 0 0 0 0 0 0 0 0 1 0 0 4 0 0 233 254 255 249 102 7 0 0 6 1 0 0 0 0 0 0 0 0 0 0 0 0 0 4 0 0 10 20 232 249 252 154 24 0 0 0 14 0 0 0 0 0 0 0 0 0 0 0 0 0 0 7 0 0 12 94 236 255 240 53 0 1 5 0 4 0 0 0 0 0 0 0 0 0 0 0 0 0 0 2 3 0 5 188 247 255 211 8 0 5 6 0 0 14 0 0 0 0 0 0 0 0 0 0 0 0 1 0 9 0 0 251 254 248 180 0 11 0 2 7 0 11 0 0 0 0 0 0 0 0 0 0 0 0 0 32 0 0 125 244 252 239 51 17 0 0 5 0 0 8 0 0 0 0 0 0 0 0 0 0 0 0 8 0 0 18 127 255 245 116 15 0 0 2 4 0 0 0 0 0 0 0 0 0 0 0 0 0 0 0 0 5 14 0 70 255 254 37 0 0 1 5 3 0 0 0 0 0 0 0 0 0 0 0 0 0 0 0 10 0 2 9 0 0 5 13 0 4 6 1 0 0 2 3 0 0 0 0
0 0 0 0 0 0 0 0 9 0 0 2 0 3 7 0 4 0 0 0 0 3 2 0 0 0 0 0 0 0 0 0 0 0 0 0 0 0 0 3 3 0 0 12 0 3 6 4 0 0 0 3 0 0 0 0 0 0 0 0 0 0 0 0 0 20 9 0 1 10 0 0 4 3 2 2 1 0 0 0 0 0 0 0 0 0 0 0 0 0 0 0 2 0 0 3 11 0 0 7 0 0 0 2 4 6 6 7 0 0 0 0 0 0 0 0 0 0 0 0 3 0 4 8 0 0 5 0 0 3 7 2 0 0 0 0 0 0 0 0 0 0 0 0 0 0 0 0 7 0 2 0 0 12 15 0 5 1 0 1 8 11 8 3 0 0 0 0 0 0 0 0 0 0 0 0 0 9 0 0 2 0 0 11 0 0 0 0 1 0 0 0 0 0 0 0 0 0 0 0 0 0 0 0 87 255 242 86 51 85 77 66 118 144 154 115 47 0 0 10 0 0 0 0 0 0 0 0 0 0 0 0 89 241 255 249 249 247 255 247 247 251 255 254 236 5 0 0 0 0 0 0 0 0 0 0 0 0 0 0 0 79 111 114 125 121 112 104 124 119 176 241 238 0 0 6 0 0 0 0 0 0 0 0 0 0 0 0 0 0 0 0 0 2 0 18 3 0 114 255 203 9 0 1 0 0 0 0 0 0 0 0 0 0 0 0 11 0 1 0 0 0 0 1 1 9 171 255 72 0 5 0 0 0 0 0 0 0 0 0 0 0 0 0 0 5 0 6 9 5 10 1 0 101 255 196 0 0 0 3 0 0 0 0 0 0 0 0 0 0 0 0 0 11 0 0 1 0 1 0 45 193 255 76 14 18 0 3 0 0 0 0 0 0 0 0 0 0 0 0 0 4 6 5 16 2 0 16 208 255 151 0 0 6 0 2 0 0 0 0 0 0 0 0 0 0 0 0 7 0 5 0 2 4 7 120 254 255 61 14 0 0 0 2 0 0 0 0 0 0 0 0 0 0 0 0 0 1 1 14 0 0 76 244 255 91 0 5 0 0 4 0 0 0 0 0 0 0 0 0 0 0 0 0 10 0 0 0 0 15 187 255 149 42 0 3 1 0 6 0 0 0 0 0 0 0 0 0 0 0 0 0 0 6 3 8 0 114 255 224 28 2 0 0 0 4 6 0 0 0 0 0 0 0 0 0 0 0 0 0 3 0 1 0 92 254 231 69 0 1 3 0 0 2 1 1 0 0 0 0 0 0 0 0 0 0 0 0 5 0 1 26 205 248 135 0 0 9 5 0 2 0 0 1 0 0 0 0 0 0 0 0 0 0 0 0 0 8 0 165 255 167 25 0 4 4 0 0 5 0 0 0 0 0 0 0 0 0 0 0 0 0 0 0 2 8 27 247 250 108 0 0 1 0 0 0 2 2 0 0 0 0 0 0 0 0 0 0 0 0 0 0 0 4 176 243 195 8 0 18 1 0 3 1 0 1 7 0 0 0 0 0 0 0 0 0 0 0 0 0 5 19 255 238 98 0 3 3 0 0 0 0 0 0 0 0 0 0 0 0 0 0 0 0 0 0 0 0 0 99 244 230 33 0 9 0 0 0 0 0 0 0 0 0 0 0 0 0 0 0 0 0 0 0 0 0 14 22 255 80 9 5 0 17 0 0 0 0 0 0 0 0 0 0 0 0 0 0 0 0 0 0 0 0 0 8 0 10 0 14 4 0 0 0 0 0 0 0 0 0 0 0 0 0
0 0 0 0 0 0 0 0 0 0 0 10 0 0 10 0 0 0 0 0 0 1 1 1 0 0 0 0 0 0 0 0 0 0 0 0 5 0 5 0 0 0 11 0 0 0 0 0 0 1 1 1 0 0 0 0 0 0 0 0 0 0 0 0 0 0 0 0 27 0 0 7 0 0 0 0 0 0 1 1 0 0 0 0 0 0 0 0 0 0 0 0 6 0 14 0 0 9 24 0 0 0 0 0 0 0 0 0 0 0 0 0 0 0 0 0 0 0 0 0 6 5 1 9 0 0 0 7 0 0 0 0 0 0 0 0 0 0 0 0 0 0 0 0 0 0 0 0 0 7 0 0 13 0 0 9 1 1 0 0 0 0 0 0 0 0 0 0 0 0 0 0 0 0 0 0 13 0 8 0 8 111 194 0 1 1 1 0 0 0 0 0 0 0 0 0 0 0 0 0 0 0 0 0 0 0 5 36 208 245 254 47 1 1 1 0 0 0 0 0 0 0 0 0 0 0 0 0 0 0 0 0 0 0 0 159 242 255 252 255 227 80 0 0 2 5 6 0 0 0 0 0 0 0 0 0 0 0 0 0 8 0 4 201 255 240 239 254 255 242 166 23 3 0 2 17 0 0 0 0 0 0 0 0 0 0 0 0 0 3 105 255 247 148 49 53 148 246 255 201 0 6 0 0 0 0 0 0 0 0 0 0 0 0 0 0 0 17 12 87 49 0 3 0 2 147 235 221 55 0 0 14 0 0 0 0 0 0 0 0 0 0 0 0 5 0 2 0 0 21 0 6 125 223 255 249 58 0 0 0 0 0 0 0 0 0 0 0 0 0 0 0 0 14 0 6 2 0 0 6 195 247 231 185 0 3 28 0 0 0 0 0 0 0 0 0 0 0 0 0 0 0 8 2 2 0 35 162 250 255 168 13 4 0 15 6 0 0 0 0 0 0 0 0 0 0 0 0 1 7 0 0 6 0 91 251 255 237 83 0 10 0 0 0 0 0 0 0 0 0 0 0 0 0 0 0 0 4 0 6 0 77 211 255 252 112 14 0 0 0 4 0 0 0 0 0 0 0 0 0 0 0 0 0 0 7 3 0 47 255 252 253 129 38 0 0 0 0 7 1 0 0 0 0 0 0 0 0 0 0 0 0 4 2 0 18 224 236 255 138 30 0 0 6 1 0 4 2 0 0 0 0 0 0 0 0 0 0 0 0 0 19 0 141 212 255 139 22 7 0 3 10 0 0 2 1 0 0 0 0 0 0 0 0 0 0 0 0 0 0 18 254 202 127 16 0 3 0 0 0 0 0 3 1 0 0 0 0 0 0 0 0 0 0 0 0 5 64 234 243 154 16 0 0 1 0 0 0 0 3 1 0 0 0 0 0 0 0 0 0 0 0 0 0 93 236 249 255 71 0 0 14 1 4 0 0 4 2 0 0 0 0 0 0 0 0 0 0 0 0 0 0 196 246 255 75 5 5 1 0 0 2 0 0 3 0 0 9 0 0 0 0 3 0 0 4 0 0 20 55 227 255 138 6 1 2 4 0 0 0 0 0 0 0 0 0 0 0 0 0 4 0 0 5 1 0 0 10 99 147 59 0 2 0 0 0 0 0 0 0 0 0 0 0 0 0 0 0 1 0 0 4 5 0 0 0 0 30 0 0 9 0 0 3 0 0 0 0 0 0 0 0 0 0 0 0 0 0 0 0 2 7 6 1 0 0 0 2 10 0 3 5 0 0 0 0 0 0 0 0 0 0 0 0
2 1 0 0 0 0 0 0 0 0 0 7 7 0 0 2 0 0 0 0 0 0 0 0 0 0 0 0 0 0 0 0 0 0 0 1 14 7 0 0 0 0 0 2 0 0 0 0 0 0 0 0 0 0 0 0 0 0 0 0 0 0 0 0 0 0 0 3 7 10 10 7 0 0 0 0 0 0 0 0 0 0 0 0 0 0 0 0 0 0 0 0 2 4 1 0 0 0 0 0 0 0 0 0 0 0 0 0 0 0 0 0 0 0 0 0 0 0 0 0 0 1 1 2 5 8 6 1 0 0 0 0 0 0 0 0 0 0 0 0 2 1 0 0 0 0 0 0 4 0 0 0 0 0 0 0 0 0 0 0 0 0 0 0 0 0 0 0 2 0 0 0 0 2 5 7 5 0 0 3 7 0 0 2 0 0 0 0 0 0 0 0 0 0 0 0 0 0 0 0 0 4 9 12 243 244 255 255 228 134 44 0 0 0 0 0 0 0 0 0 0 0 0 0 0 3 0 4 0 5 3 19 251 211 131 116 183 238 245 202 40 0 2 0 0 8 5 0 0 0 0 0 6 0 5 3 0 0 16 180 251 174 11 0 0 11 120 225 252 87 14 20 0 3 0 0 0 0 0 0 12 0 6 0 5 0 0 229 250 183 0 0 18 2 3 12 179 247 135 6 0 8 0 1 0 0 0 0 3 0 7 0 9 13 0 148 255 255 62 0 0 0 0 0 0 66 255 208 28 0 11 0 0 0 0 0 0 2 10 0 0 3 3 83 250 236 80 0 12 14 0 0 6 0 56 253 176 0 9 1 0 0 0 0 0 2 0 10 0 0 11 35 255 255 132 3 1 0 0 7 0 0 38 255 164 21 0 0 0 0 0 0 3 1 0 9 1 4 0 0 191 230 104 8 0 3 4 0 3 19 104 236 63 0 11 4 0 0 0 0 0 9 0 0 0 6 0 3 4 78 0 0 0 0 6 2 0 0 251 201 0 7 0 0 0 0 0 0 0 0 0 0 0 0 0 0 0 4 0 0 0 0 4 0 0 80 234 86 4 13 0 12 0 0 0 0 0 0 0 0 0 0 0 0 4 0 0 3 4 0 0 5 0 216 217 9 0 0 0 0 0 0 0 0 0 0 0 0 0 0 0 0 0 0 0 0 4 0 0 4 52 255 107 0 0 0 19 0 0 0 0 0 0 0 0 0 0 0 0 0 0 7 8 0 0 10 0 0 163 227 12 15 0 0 3 0 0 0 0 0 0 0 0 0 0 0 0 0 0 4 8 0 0 6 0 20 215 159 0 0 0 2 0 3 0 0 0 0 0 0 0 0 0 0 0 0 7 0 0 0 5 0 0 90 245 46 5 0 1 3 9 3 0 0 0 0 0 0 0 0 0 0 0 0 10 0 0 2 3 0 36 190 221 0 7 11 1 0 7 0 0 0 0 0 0 0 0 0 0 0 0 0 1 0 8 0 0 6 82 255 92 0 0 1 0 8 0 14 0 0 0 0 0 0 0 0 0 0 0 0 14 0 14 0 0 8 146 236 26 23 11 1 0 1 9 2 0 0 0 0 0 0 0 0 0 0 0 0 0 5 0 8 6 0 197 255 216 186 11 0 22 0 1 0 0 0 0 0 0 0 0 0 0 0 0 0 0 21 0 0 2 7 208 251 207 32 0 15 0 0 5 2 0 0 0 0 0 0 0 0 0 0 0 0 0 0 12 11 6 0 11 0 0 17 0 0 17 0 0 3 0 0 0 0
0 0 0 0 0 0 0 0 4 0 0 0 1 0 0 4 0 0 1 0 0 0 0 3 0 0 0 0 0 0 0 0 0 0 0 0 0 0 3 4 0 0 0 0 0 1 2 1 0 0 0 1 0 0 0 0 0 0 0 0 0 0 0 0 5 4 0 0 0 12 11 0 0 2 3 2 0 0 0 0 0 0 0 0 0 0 0 0 0 0 0 0 0 0 11 15 3 0 0 5 0 0 1 1 0 0 0 0 0 0 0 0 0 0 0 0 0 0 0 0 0 6 1 0 0 9 14 2 0 0 0 0 0 0 0 0 0 0 0 0 0 0 0 0 0 0 0 0 12 2 0 8 7 0 0 0 0 0 0 0 0 0 0 0 0 0 0 0 0 0 0 0 0 0 0 0 21 179 255 199 154 185 171 100 8 4 0 0 0 1 1 0 0 0 0 0 0 0 0 0 0 0 0 0 4 91 191 244 255 255 253 249 15 9 2 0 0 1 0 0 0 0 0 0 0 0 0 0 0 0 0 0 0 0 7 15 16 22 244 255 27 2 5 0 13 0 0 0 0 0 0 0 0 0 0 0 0 0 0 0 3 0 1 2 2 0 203 242 47 0 0 0 1 0 4 6 0 0 0 0 0 0 0 0 0 0 0 0 0 0 0 0 3 0 170 252 107 18 9 5 1 0 3 0 0 0 0 0 0 0 0 0 0 0 0 0 0 3 0 0 10 0 139 255 112 0 0 2 0 0 6 0 0 0 0 0 0 0 0 0 0 0 0 0 0 6 1 0 5 0 94 253 130 0 0 2 0 0 5 0 0 0 0 0 0 0 0 0 0 0 0 0 0 1 1 0 0 0 69 248 157 15 10 4 0 1 1 0 0 0 0 0 0 0 0 0 0 0 0 0 0 0 1 0 0 13 65 255 122 0 0 0 0 5 1 5 0 0 0 0 0 0 0 0 0 0 0 0 3 0 3 0 0 16 61 255 115 0 7 0 2 10 0 0 0 0 0 0 0 0 0 0 0 0 0 0 1 0 4 0 2 0 72 254 116 0 0 2 0 0 2 0 0 0 0 0 0 0 0 0 0 0 0 0 1 0 4 0 2 0 72 254 122 3 0 1 0 0 3 0 0 0 0 0 0 0 0 0 0 0 0 0 1 0 4 0 2 0 72 254 125 6 0 1 0 0 3 1 0 0 0 0 0 0 0 0 0 0 0 0 1 0 4 0 2 0 72 254 122 3 0 2 0 0 3 1 0 0 0 0 0 0 0 0 0 0 0 0 1 0 4 0 2 0 72 254 114 0 0 3 1 0 3 0 0 0 0 0 0 0 0 0 0 0 0 0 1 0 4 0 2 0 72 254 110 0 0 4 2 0 3 0 0 0 0 0 0 0 0 0 0 0 0 0 1 0 4 0 2 0 72 254 114 0 0 4 2 0 4 0 0 0 0 0 0 0 0 0 0 0 0 0 1 0 4 0 2 0 72 254 120 2 0 3 0 0 4 1 0 0 0 0 0 0 0 0 0 0 0 0 0 6 0 1 3 0 79 253 106 10 0 9 0 0 8 1 0 0 0 0 0 0 0 0 0 0 0 0 0 4 0 0 5 2 65 180 51 0 0 9 0 0 6 0 0 0 0 0 0 0 0 0 0 0 0 0 0 2 6 5 4 0 0 13 3 0 0 4 0 1 3 0 0 0 0 0 0 0 0 0 0 0 0 0 4 2 0 0 0 0 0 0 0 3 3 0 0 0 0 0 0 0 0 0
0 0 0 0 0 0 0 0 3 0 0 0 0 12 0 4 1 4 0 0 9 3 0 0 0 0 0 0 0 0 0 0 0 0 0 0 0 1 19 0 0 5 0 2 0 3 7 6 0 3 3 0 0 0 0 0 0 0 0 0 0 0 0 0 13 0 0 4 2 0 0 0 7 0 0 4 0 1 2 0 0 0 0 0 0 0 0 0 0 0 0 0 4 0 0 14 0 11 0 7 6 0 0 6 5 5 3 8 0 0 0 0 0 0 0 0 0 0 0 0 0 12 9 1 0 0 3 0 0 6 7 0 13 0 0 0 0 0 0 0 0 0 0 0 0 0 0 0 4 0 0 0 20 0 6 5 0 10 0 0 0 14 9 3 0 0 0 0 0 0 0 0 0 0 0 0 0 20 0 2 10 0 0 6 3 0 0 29 0 0 0 0 0 0 0 0 0 0 0 0 0 0 0 0 99 246 180 137 29 73 24 31 140 141 180 246 61 11 0 11 0 0 0 0 2 0 0 2 0 0 0 0 124 255 238 252 255 246 255 249 255 255 236 255 103 2 0 1 0 0 0 0 0 0 2 3 0 0 5 15 240 255 252 255 241 247 255 255 248 250 248 255 0 5 0 5 0 0 0 0 0 1 3 2 0 0 10 24 255 245 239 255 255 255 248 246 255 253 255 97 0 0 19 0 0 0 0 0 3 1 1 0 0 0 4 14 0 0 39 127 104 110 114 20 138 247 196 15 20 4 0 1 0 0 0 0 5 0 0 0 0 0 0 2 0 26 0 0 2 0 0 1 209 242 46 0 0 18 0 6 0 0 0 0 4 0 0 1 6 4 0 0 6 0 7 8 0 9 0 93 255 191 15 12 7 0 0 0 0 0 0 0 2 0 0 2 4 1 0 1 7 0 5 0 3 3 3 200 250 104 0 0 0 14 0 9 0 0 0 0 1 0 0 1 0 0 0 0 0 0 0 10 0 0 62 242 188 48 139 34 4 0 5 0 0 0 0 0 0 0 0 0 0 0 0 0 1 0 8 0 46 169 193 255 252 255 252 114 0 0 0 9 0 0 0 0 0 0 0 0 0 0 0 0 2 0 0 45 216 255 251 249 239 254 255 76 13 0 9 0 0 0 0 0 0 0 0 0 0 0 0 0 1 1 2 206 255 255 228 255 255 255 233 34 4 0 23 4 0 0 0 0 0 0 0 0 0 0 0 0 0 8 0 6 9 159 255 120 0 16 32 0 0 1 0 0 0 0 0 0 0 0 0 0 0 0 0 0 12 0 2 0 0 183 255 32 0 4 0 3 1 9 0 19 0 0 0 0 0 0 0 0 0 0 0 0 0 2 5 11 39 249 252 29 3 3 0 0 3 0 0 0 0 0 0 0 0 0 0 0 0 0 0 0 3 0 0 0 131 255 252 14 0 0 2 0 3 1 18 5 0 0 0 0 0 0 0 0 0 0 0 0 0 1 0 19 134 252 253 38 7 0 0 11 0 0 3 0 0 0 0 0 0 0 0 0 0 0 0 0 0 13 0 13 125 255 223 23 0 0 0 0 0 0 0 0 0 0 0 0 0 0 0 0 0 0 0 0 0 0 0 0 155 233 72 0 0 0 0 0 0 0 0 0 0 0 0 0 0 0 0 0 0 0 0 0 15 3 13 8 126 142 0 15 0 0 0 0 0 0 0 0 0 0 0 0 0 0 0 0 0 0 0 0 0 1 0 0 13 8 0 0 0 0 0 0 0 0 0 0 0 0 0 0
0 0 0 0 0 0 0 0 0 0 0 6 4 0 0 0 1 3 4 2 0 0 0 0 0 0 0 0 0 0 0 0 0 0 0 0 8 1 0 0 1 7 7 5 0 0 0 0 0 0 2 4 0 0 0 0 0 0 0 0 0 0 0 0 0 1 4 0 0 0 0 0 3 2 3 4 6 3 0 0 0 0 0 0 0 0 0 0 0 0 0 0 0 0 3 5 4 2 3 4 0 0 0 0 0 0 0 0 0 0 0 0 0 0 0 0 0 0 0 0 17 0 0 0 0 0 0 0 9 7 2 0 0 0 3 7 0 0 0 0 0 0 0 0 0 0 0 0 0 0 0 4 2 0 0 5 0 0 0 3 5 3 0 0 0 0 0 0 0 0 0 0 0 0 0 0 2 10 7 0 0 10 7 0 11 1 0 0 1 5 1 0 0 0 0 0 0 0 0 0 0 0 0 0 0 0 0 19 125 241 255 248 166 118 54 10 0 0 0 0 0 0 0 0 3 0 3 0 9 0 53 241 244 251 254 243 255 243 255 254 248 255 84 2 7 0 0 6 0 0 0 0 1 0 4 0 3 17 90 255 255 247 248 243 226 150 133 149 213 255 98 0 9 0 0 2 0 0 0 0 6 0 10 0 0 0 26 128 146 153 113 32 7 0 0 0 188 247 95 0 12 4 4 0 0 0 0 0 0 0 8 5 3 0 0 9 0 4 6 0 10 4 0 23 205 255 88 0 2 5 0 0 0 0 0 0 1 0 1 0 4 13 2 0 15 0 0 0 0 0 11 107 244 251 55 0 0 0 0 13 0 0 0 0 3 5 4 0 0 0 0 0 0 0 2 7 2 0 21 157 255 209 10 0 0 11 0 0 0 0 0 0 0 6 3 4 6 0 1 11 15 0 0 15 5 0 11 190 254 211 85 78 60 8 4 0 0 0 0 0 3 7 0 0 8 0 0 1 0 12 8 0 3 64 104 233 251 255 246 209 118 0 2 5 0 0 0 0 0 0 0 0 0 0 0 0 4 0 0 64 92 236 253 255 255 202 102 26 8 0 7 0 0 0 0 0 0 0 0 0 0 0 0 0 0 0 35 218 255 255 255 239 199 46 0 0 2 0 1 7 0 0 0 0 0 0 0 0 0 0 0 0 6 16 56 243 245 173 242 255 223 0 0 4 6 8 0 0 0 0 0 0 0 0 0 0 0 0 0 0 0 0 0 74 46 12 192 252 195 3 6 4 0 7 0 2 0 0 0 0 0 0 0 0 0 0 0 0 6 6 0 4 0 35 229 255 117 7 3 0 0 0 2 4 0 0 0 0 0 0 0 0 0 0 0 0 0 0 2 0 7 73 249 249 85 13 0 2 14 0 0 0 0 0 0 0 0 0 0 0 0 0 0 0 0 2 2 0 0 64 254 254 69 0 0 0 11 0 3 4 0 0 0 0 0 0 0 0 0 0 0 0 0 10 0 2 0 66 255 249 85 0 7 0 0 0 5 2 0 0 0 0 0 0 0 0 0 0 0 0 0 5 0 4 7 55 255 240 164 0 0 7 0 4 0 0 0 0 0 0 0 0 0 0 0 0 0 0 2 0 0 0 0 33 199 255 186 22 2 0 0 2 7 7 0 0 0 0 0 0 0 0 0 0 0 0 0 0 5 0 0 1 62 165 49 0 0 8 2 0 1 0 0 0 0 0 0 0 0 0 0 0 0 0 0 4 8 3 0 0 0 19 0 0 5 9 0 0 0 0 0 0 0 0
0 0 7 0 13 0 0 4 4 0 0 0 0 3 4 3 0 0 0 0 0 0 0 0 0 0 0 0 1 2 3 0 0 9 10 0 0 0 7 7 2 0 0 0 0 0 0 0 0 0 0 0 0 0 0 0 3 0 0 9 0 1 12 6 7 9 7 1 0 0 0 7 0 0 0 0 0 0 0 0 0 0 0 0 5 0 3 0 0 0 0 0 0 0 0 0 5 6 1 0 0 0 0 0 0 0 0 0 0 0 0 0 0 4 8 0 18 5 8 3 7 5 3 2 2 1 0 0 0 0 0 0 0 0 0 0 0 0 0 0 0 0 4 0 7 0 0 5 0 0 0 0 0 0 0 6 0 0 0 0 0 0 0 0 0 0 0 0 8 2 0 3 0 17 19 0 8 2 0 0 6 7 2 0 0 0 0 0 0 0 0 0 0 0 0 0 0 9 0 3 7 201 197 54 202 134 48 0 0 1 3 0 0 0 0 0 0 0 0 0 0 0 0 0 0 19 0 5 4 159 255 225 240 118 5 3 9 0 7 0 0 0 4 2 1 0 2 8 0 0 0 0 0 0 13 0 5 49 237 255 190 8 0 13 0 0 7 6 0 0 0 0 21 76 29 0 0 0 0 0 13 5 4 0 12 122 255 237 233 223 114 42 54 17 0 15 0 36 79 134 202 255 110 14 0 0 0 0 0 5 0 0 0 214 252 85 143 254 255 242 248 232 219 183 191 238 247 243 255 237 43 0 0 0 0 0 0 0 22 4 4 212 253 10 0 0 90 111 94 150 184 191 195 163 103 139 247 177 5 0 0 0 0 0 2 0 7 0 2 216 255 9 1 0 0 1 0 0 0 13 1 3 8 154 250 96 0 11 0 0 0 0 12 9 0 0 9 220 214 27 8 7 0 12 0 0 23 0 0 0 10 237 255 56 0 0 0 0 0 0 0 4 4 3 0 101 84 0 5 0 8 4 0 5 0 5 9 0 0 255 189 0 4 0 0 0 0 0 0 0 0 0 0 0 0 0 0 0 0 0 0 0 0 0 0 7 35 251 138 5 0 9 0 0 0 0 0 0 0 0 0 0 0 0 0 0 0 0 0 0 0 0 0 0 76 250 140 1 0 2 0 0 0 0 0 0 0 0 0 0 0 0 0 0 0 0 0 0 0 0 0 0 138 251 133 0 3 0 0 0 0 0 0 0 0 0 0 0 0 0 0 0 0 0 0 0 0 0 1 0 185 250 101 0 5 0 0 0 0 0 0 0 0 0 0 0 0 0 0 0 0 0 0 0 0 0 0 5 210 246 58 0 0 0 0 0 0 0 0 0 0 0 0 0 0 0 0 0 0 0 0 0 0 0 4 24 232 250 38 0 0 4 0 0 0 0 0 0 0 0 0 0 0 0 0 0 0 0 0 0 0 0 5 39 251 253 41 0 4 5 0 0 0 0 0 0 0 0 0 0 0 0 0 0 0 0 0 0 0 0 0 39 255 248 46 0 2 0 0 0 0 0 0 0 0 0 0 0 0 0 0 0 0 0 0 0 0 0 0 56 249 247 41 12 0 11 0 0 0 0 0 0 0 0 0 0 0 0 0 0 0 0 0 0 0 0 6 0 195 252 39 4 3 0 0 0 0 0 0 0 0 0 0 0 0 0 0 0 0 0 0 0 0 0 0 6 197 255 49 0 4 7 0 0 0 0 0 0 0 0 0 0 0 0 0 0 0 0 0 0 0 0 18 0 0 16 0 2 2 0 0 0 0 0
0 6 8 2 0 0 0 0 10 0 6 0 6 6 0 0 0 0 0 6 3 0 0 2 0 0 0 0 3 0 0 0 2 0 1 9 1 0 13 1 0 1 0 1 9 3 0 0 0 0 0 3 0 0 0 0 0 0 0 0 2 0 0 0 0 0 8 4 0 4 0 7 0 0 0 0 1 4 1 0 0 0 0 0 0 6 6 0 0 10 10 0 2 0 0 0 0 0 0 0 0 1 3 0 1 5 1 0 0 0 0 0 3 6 3 0 0 0 0 0 7 1 11 0 15 0 7 0 7 8 3 0 0 0 2 3 0 0 0 0 0 0 0 11 14 3 0 3 0 0 4 0 8 0 5 0 0 0 0 0 2 0 0 0 0 0 0 0 14 8 0 0 0 4 1 0 9 15 0 5 0 1 3 0 17 0 0 3 10 2 0 0 0 0 0 0 0 7 0 0 68 192 255 255 251 238 155 187 161 197 174 164 90 42 2 0 0 0 0 8 0 0 0 0 0 0 5 0 37 185 255 243 241 255 255 244 255 255 246 255 255 227 156 24 0 17 0 1 0 0 0 0 4 0 3 0 1 95 210 253 255 240 208 223 254 237 215 235 246 255 243 155 0 0 5 1 0 0 0 0 0 0 4 9 0 3 44 77 82 37 0 22 56 35 11 28 82 196 255 255 120 0 11 0 0 0 0 0 3 2 0 0 0 0 0 0 11 4 0 0 8 3 0 0 3 6 233 247 149 1 0 4 0 0 0 0 0 6 2 0 1 4 5 14 0 6 7 0 0 4 1 0 0 100 240 255 242 7 2 0 0 0 0 0 0 0 0 7 9 0 0 0 3 0 0 1 0 0 0 3 33 175 255 253 132 0 7 0 0 0 0 0 13 0 0 0 2 1 1 6 11 0 0 3 0 0 0 3 13 255 253 253 96 0 8 0 0 0 0 0 0 2 8 3 0 0 4 0 0 0 4 5 0 0 1 0 84 254 255 210 16 0 0 3 0 0 0 0 0 0 0 0 0 0 0 0 0 6 0 0 0 0 3 87 209 255 247 95 0 0 16 0 0 0 0 0 0 0 0 0 0 0 0 0 0 1 6 10 0 6 41 216 243 255 198 14 9 13 0 5 0 0 0 0 0 0 0 0 0 0 0 0 2 4 0 5 4 4 156 255 255 239 52 0 0 10 0 0 0 0 0 0 0 0 0 0 0 0 0 0 0 6 0 4 0 72 244 249 255 151 0 25 0 4 11 0 0 0 0 0 0 0 0 0 0 0 0 0 0 3 6 3 19 201 251 255 194 16 10 6 1 4 1 4 0 0 0 0 0 0 0 0 0 0 0 0 0 5 0 0 149 254 255 225 59 0 1 0 0 0 0 0 0 0 0 0 0 0 0 0 0 0 0 0 5 3 0 60 255 246 249 114 0 21 0 8 4 2 9 2 0 0 0 0 0 0 0 0 0 0 0 0 1 0 29 181 248 255 187 25 0 0 5 0 5 0 5 0 0 0 0 0 0 0 0 0 0 0 0 0 0 3 63 253 255 253 103 4 0 0 0 0 0 0 0 0 0 0 0 0 0 0 0 0 0 0 0 0 14 0 28 192 255 253 114 2 0 0 0 0 0 0 0 0 0 0 0 0 0 0 0 0 0 0 0 0 0 25 0 74 252 191 12 0 0 0 0 0 0 0 0 0 0 0 0 0 0 0 0 0 0 0 0 0 13 0 0 6 0 0 10 6 0 0 0 0 0 0 0 0 0 0 0 0
0 10 3 0 0 0 3 0 0 2 0 1 7 0 0 1 0 0 0 0 0 0 0 0 0 0 0 0 0 0 0 0 4 4 4 0 0 7 4 0 0 9 8 0 0 0 0 0 0 0 0 0 0 0 0 0 6 0 0 3 0 0 0 0 4 0 0 3 2 0 0 4 0 0 0 0 0 0 0 0 0 0 0 0 5 0 7 4 0 0 0 4 0 2 5 0 0 0 2 0 0 0 0 0 0 0 0 0 0 0 0 0 0 0 8 1 0 11 1 3 10 0 0 13 7 0 4 8 0 0 0 0 0 0 0 0 0 0 0 0 3 0 2 0 5 12 0 0 12 0 0 1 0 0 1 0 0 0 0 0 0 0 0 0 0 0 0 0 6 0 3 0 2 0 0 59 126 201 255 255 250 255 213 90 0 0 0 0 0 0 0 0 0 0 0 0 0 0 9 0 1 0 16 154 255 223 223 235 232 248 255 241 0 0 0 0 0 0 0 0 0 0 0 0 0 0 0 6 3 0 81 230 252 15 30 45 13 187 255 250 89 0 0 7 1 0 0 9 0 0 0 0 0 15 8 0 0 30 148 255 255 0 10 7 0 43 167 255 191 20 5 0 5 5 0 0 0 0 0 0 4 0 0 5 3 2 86 214 158 0 9 0 0 0 116 255 255 42 5 0 3 6 0 0 0 0 0 0 0 5 4 0 0 0 7 33 21 2 3 5 2 10 83 234 255 91 2 0 1 0 0 6 0 0 0 0 0 5 1 0 1 3 0 0 0 12 0 5 0 0 18 176 251 174 2 4 4 0 0 6 0 0 0 0 12 0 0 6 6 0 0 14 0 15 0 0 4 0 0 121 255 226 0 0 5 6 0 3 0 0 0 0 0 6 10 0 0 4 8 0 0 4 9 0 8 7 6 105 255 220 0 0 0 6 1 2 0 0 0 0 6 0 0 8 6 2 2 0 10 0 0 5 0 2 0 118 255 202 16 1 0 0 0 0 0 0 0 0 0 0 0 0 0 0 0 0 0 0 1 2 7 0 0 114 243 232 0 1 0 0 15 0 0 0 0 0 0 0 0 0 0 0 0 0 1 4 0 0 0 5 3 121 255 226 0 13 0 2 0 0 0 0 0 0 0 0 0 0 0 0 0 0 0 5 5 0 0 6 0 108 255 216 0 4 0 2 0 4 0 0 0 0 0 0 0 0 0 0 0 0 0 3 5 2 0 5 0 136 250 221 13 0 1 0 12 0 0 0 0 0 0 0 0 0 0 0 0 0 6 0 0 0 0 6 8 212 255 230 1 0 4 0 11 0 0 0 0 0 0 0 0 0 0 0 0 0 6 0 0 7 0 5 6 240 255 220 0 6 2 4 0 0 0 0 0 0 0 0 0 0 0 0 0 0 0 0 1 11 0 6 0 226 246 228 83 8 3 5 0 3 0 0 0 0 0 0 0 0 0 0 0 0 1 4 0 0 0 12 0 234 254 255 210 6 8 0 4 0 0 0 0 0 0 0 0 0 0 0 0 0 4 0 3 1 3 0 14 175 255 222 24 3 2 0 0 2 0 0 0 0 0 0 0 0 0 0 0 0 0 0 4 0 15 12 0 35 165 137 5 0 0 0 0 6 0 0 0 0 0 0 0 0 0 0 0 0 0 0 12 0 0 14 0 0 5 6 0 0 14 3 0 0 0 0 0 0 0 0 0 0 0 0 0 0 0 0 10 0 0 0 2 16 1 0 5 0 3 0 1 3 0 0 0 0
0 0 0 0 0 0 0 0 0 2 0 0 0 5 5 1 2 1 1 2 3 1 0 0 0 0 0 0 0 0 0 0 0 0 0 0 3 2 8 18 13 0 0 0 1 1 1 1 2 2 2 2 0 0 0 0 0 0 0 0 0 0 0 0 2 0 0 0 0 0 0 13 0 0 0 0 0 0 0 2 0 0 0 0 0 0 0 0 0 0 0 0 2 5 12 0 5 0 2 0 0 0 1 0 0 0 0 0 0 0 0 0 0 0 0 0 0 0 0 0 0 0 0 0 7 1 8 0 0 1 3 3 2 1 1 1 0 0 0 0 0 0 0 0 0 0 0 0 6 0 7 0 11 0 6 4 0 0 0 0 0 2 1 0 0 0 0 0 0 0 0 0 0 0 0 0 0 86 223 253 255 172 91 2 12 4 0 0 0 1 0 0 0 0 0 0 0 0 0 0 0 0 0 0 10 144 255 245 255 255 246 173 35 21 5 0 1 5 3 0 0 0 0 0 0 0 0 0 0 0 0 0 4 200 246 255 240 247 255 248 249 212 176 180 77 67 0 8 0 0 0 0 0 0 0 0 0 0 0 0 0 214 245 249 49 166 244 253 247 255 255 255 247 241 80 0 0 0 0 0 0 0 0 0 0 0 0 0 0 208 253 221 0 0 34 65 255 251 235 237 255 255 140 11 0 0 0 0 0 0 0 0 0 0 0 0 0 207 253 229 0 8 10 2 0 2 77 255 253 243 71 2 0 0 0 0 0 0 0 0 0 0 0 0 4 186 255 255 123 14 0 0 9 4 164 246 255 157 1 8 0 0 0 0 0 0 0 0 0 0 0 0 10 14 192 255 190 2 22 0 0 132 255 243 248 33 0 0 0 0 0 0 0 0 0 0 0 0 0 0 0 4 30 56 35 0 0 1 22 238 238 255 122 0 10 0 0 0 0 0 0 0 0 0 0 0 0 0 0 5 0 0 17 0 0 5 234 253 255 197 18 0 16 0 0 0 0 0 0 0 0 0 0 0 0 0 4 3 0 13 0 0 32 175 248 255 206 28 0 10 0 1 0 0 0 0 0 0 0 0 0 0 0 0 0 1 4 0 0 81 179 255 255 243 103 0 5 0 9 0 0 0 0 0 0 0 0 0 0 0 0 0 7 0 11 0 8 202 248 246 254 94 18 0 0 0 1 6 0 0 0 0 0 0 0 0 0 0 0 0 0 0 12 0 185 241 255 255 146 0 0 15 0 0 0 12 0 0 0 0 0 0 0 0 0 0 0 0 0 0 0 179 249 245 249 192 2 20 0 0 12 0 0 0 0 0 0 0 0 0 0 0 0 0 0 0 17 0 132 255 255 239 159 12 0 13 7 0 0 11 0 0 0 0 0 0 0 0 0 0 0 0 0 0 0 136 234 246 255 209 13 0 21 0 12 12 0 15 0 4 0 0 0 0 0 0 0 0 0 0 0 0 7 195 255 243 222 8 3 9 0 4 0 7 0 5 3 0 0 0 0 0 0 0 0 0 0 0 0 0 24 235 251 229 39 0 0 5 0 0 0 0 0 0 0 0 0 0 0 0 0 0 0 0 0 0 0 0 40 232 186 81 3 17 8 0 0 0 0 0 0 0 0 0 0 0 0 0 0 0 0 0 0 0 0 0 0 14 3 0 0 0 4 14 0 0 0 0 0 0 0 0 0 0 0 0 0 0 0 0 0 0 0 0 14 0 0 13 12 0 0 0 0 0 0 0 0 0 0 0 0 0 0 0
0 0 0 0 0 0 0 0 0 0 0 0 0 0 0 0 0 2 0 0 11 7 0 1 0 0 0 0 0 0 0 0 0 0 0 0 0 0 0 0 0 0 0 0 10 0 0 6 0 0 0 8 0 0 0 0 0 0 0 0 0 0 0 0 0 0 0 0 0 0 0 0 1 0 5 5 0 5 12 0 0 0 0 0 0 0 0 0 0 0 0 0 0 0 0 0 0 0 0 0 1 0 0 0 0 4 7 0 0 0 0 0 0 0 0 0 0 0 0 0 0 0 0 0 0 0 0 0 1 5 3 14 23 0 0 8 0 0 0 0 0 0 0 0 0 0 0 0 0 0 0 0 0 0 0 0 0 3 0 0 1 5 0 0 0 0 0 0 0 0 0 0 0 0 0 0 0 0 0 0 0 0 0 0 6 0 12 17 0 0 8 0 0 0 0 0 0 0 0 0 0 0 0 0 0 0 0 0 0 0 0 0 0 0 131 233 127 3 0 3 0 0 0 0 0 7 0 0 2 0 8 77 166 156 143 88 86 76 87 115 174 255 253 250 81 0 8 0 2 1 0 0 0 6 0 0 5 0 2 51 179 203 225 197 214 253 245 208 193 229 253 66 0 0 20 0 0 0 0 0 0 5 0 0 8 0 0 18 0 5 20 13 2 26 11 0 96 255 176 2 11 0 0 4 1 2 2 1 0 5 0 0 5 4 0 0 2 0 0 3 0 0 0 31 206 250 43 8 0 0 15 0 1 0 1 5 0 4 2 0 0 3 0 0 0 9 0 1 8 10 14 106 255 112 16 0 1 0 0 10 5 0 0 0 0 2 3 0 0 1 3 0 0 7 2 0 0 0 57 215 159 4 6 0 11 2 0 44 30 10 0 0 0 0 1 0 0 0 4 0 0 1 45 58 52 54 142 255 163 50 46 107 88 143 194 152 34 15 0 0 3 0 0 1 0 0 3 0 152 174 254 255 249 255 255 241 248 255 249 241 198 135 72 0 4 0 0 2 0 0 0 0 0 0 0 0 58 36 36 104 112 203 255 169 81 66 42 18 3 0 0 4 0 0 0 0 0 0 0 0 0 0 0 0 0 0 3 0 24 183 206 35 8 4 0 0 0 0 0 0 0 0 0 0 0 0 0 0 0 0 0 0 0 2 10 0 75 247 178 0 0 0 0 2 4 5 5 5 0 0 0 0 0 0 0 0 0 0 0 0 0 0 0 16 135 255 103 0 6 5 2 0 0 0 0 0 0 0 0 0 0 0 0 0 0 0 0 0 4 13 0 0 164 218 42 0 2 0 0 0 0 0 0 0 0 0 0 0 0 0 0 0 0 0 0 0 0 0 0 9 205 141 0 0 0 0 2 4 4 4 2 1 0 0 0 0 0 0 0 0 0 0 0 0 6 0 3 105 255 119 0 12 0 0 0 1 0 0 0 0 0 0 0 0 0 0 0 0 0 0 0 0 3 0 0 162 242 117 0 0 2 1 0 0 0 1 3 4 0 0 0 0 0 0 0 0 0 0 0 0 0 11 3 144 251 28 2 0 0 0 0 0 0 0 0 0 0 0 0 0 0 0 0 0 0 0 0 0 9 0 0 221 193 0 4 2 0 0 0 0 0 0 0 0 0 0 0 0 0 0 0 0 0 0 0 0 0 0 20 223 136 12 14 0 0 0 0 0 0 0 0 0 0 0 0 0 0 0 0 0 0 0 0 0 7 0 0 10 0 0 0 9 0 0 0 0 0 0 0 0 0 0 0 0
0 0 0 0 0 0 0 0 4 1 7 2 0 1 11 0 0 0 0 1 0 0 0 0 0 0 0 0 0 0 0 0 0 0 0 0 3 0 0 0 10 2 0 0 1 1 1 0 0 0 0 0 0 0 0 0 0 0 0 0 0 0 0 0 0 5 0 2 11 0 0 8 4 2 0 0 0 0 0 0 0 0 0 0 0 0 0 0 0 0 0 0 0 2 1 0 0 1 3 6 1 0 0 0 0 0 0 0 0 0 0 0 0 0 0 0 0 0 0 0 17 0 0 3 0 0 1 0 0 0 0 0 2 2 0 0 0 0 0 0 0 0 0 0 0 0 0 0 0 0 0 15 4 0 7 9 0 0 0 0 2 3 0 0 0 0 0 0 0 0 0 0 0 0 0 0 0 21 3 0 0 7 0 0 9 4 0 0 0 2 1 0 0 0 0 0 0 0 0 0 0 0 0 0 6 66 29 20 158 255 247 226 19 10 0 0 0 1 2 0 0 0 0 0 0 0 0 0 0 0 0 0 38 248 147 120 254 255 239 255 205 33 5 0 9 6 0 6 0 0 0 0 0 0 0 0 0 0 0 0 110 252 229 255 240 232 212 226 255 202 18 0 0 11 11 0 0 0 0 0 0 0 0 0 0 0 0 0 93 255 255 238 167 56 0 72 210 255 43 2 1 0 6 0 0 0 0 0 0 0 0 0 0 0 0 0 116 246 255 232 23 17 0 1 85 242 138 0 16 0 0 6 0 0 0 0 0 0 0 0 0 0 0 0 98 242 230 59 11 0 0 7 25 254 254 1 3 1 4 1 0 0 0 0 0 0 0 0 0 0 0 0 146 255 173 8 0 5 0 0 11 221 255 60 2 0 10 0 0 0 0 0 0 0 0 0 0 0 0 0 203 251 168 0 10 0 20 0 0 119 240 110 8 0 4 0 0 0 0 0 0 0 0 0 0 0 0 0 207 255 140 0 3 0 0 0 3 58 255 114 0 0 11 0 0 0 0 0 0 0 0 0 0 0 0 0 214 255 47 16 4 2 2 0 0 22 215 150 0 6 0 9 0 0 0 0 0 0 0 0 0 0 0 0 212 234 46 4 0 0 7 9 8 0 217 204 6 4 0 0 0 0 0 0 0 0 0 0 0 0 0 0 50 79 1 0 5 2 2 0 4 0 210 222 1 5 3 0 0 0 0 0 0 0 0 0 0 0 0 0 0 1 0 0 4 0 1 0 0 23 217 201 0 6 0 5 0 0 0 0 0 0 0 0 0 0 0 0 11 1 9 3 0 0 3 5 6 60 243 210 0 3 0 2 0 0 0 0 0 0 0 0 0 0 0 0 0 0 3 6 2 1 1 0 5 56 254 225 4 0 1 0 0 0 0 0 0 0 0 0 0 0 0 0 6 3 0 0 0 0 1 1 0 77 250 182 2 0 3 0 0 0 0 0 0 0 0 0 0 0 0 0 0 5 0 7 0 5 0 0 1 135 252 118 0 3 0 5 0 0 0 0 0 0 0 0 0 0 0 0 0 0 0 0 0 0 0 0 0 182 238 124 0 0 1 0 0 0 0 0 0 0 0 0 0 0 0 0 0 0 0 0 0 0 0 0 23 246 253 71 7 5 0 7 0 0 0 0 0 0 0 0 0 0 0 0 0 0 0 0 0 0 0 0 11 255 255 20 0 0 4 0 0 0 0 0 0 0 0 0 0 0 0 0 0 0 0 0 0 0 0 0 10 1 0 0 21 5 0 5 0 0 0 0
0 3 3 0 1 5 3 0 6 0 3 1 8 0 0 6 0 0 0 0 0 0 0 0 0 0 0 0 0 4 4 0 0 0 0 0 0 2 0 0 0 7 0 10 0 0 0 0 0 0 0 0 0 0 0 0 0 3 4 0 0 0 1 2 5 17 0 3 0 6 0 0 0 0 0 0 0 0 0 0 0 0 0 0 0 0 1 1 1 3 4 3 0 0 0 1 8 0 0 6 0 0 0 0 0 0 0 0 0 0 0 0 1 0 0 1 5 4 0 0 2 8 0 0 9 0 0 2 0 0 0 0 0 0 0 0 0 0 0 0 2 0 0 1 2 0 0 0 0 11 0 2 12 0 7 0 0 0 0 0 0 0 0 0 0 0 0 0 0 0 1 2 0 0 1 10 211 134 0 4 0 2 0 6 0 0 0 0 0 0 0 0 0 0 0 0 0 0 5 5 0 0 12 31 253 166 56 204 218 170 38 0 0 0 0 0 0 0 0 0 0 0 0 0 0 0 0 0 0 0 0 0 222 252 247 254 254 255 180 34 0 14 0 6 0 0 2 9 0 0 0 0 0 0 0 0 0 0 0 0 202 254 255 255 217 234 255 93 0 0 0 4 9 5 0 0 0 0 0 0 0 0 0 0 0 0 0 0 197 243 255 238 0 37 225 201 89 13 10 0 0 0 2 6 0 0 0 0 0 0 0 0 0 0 0 0 71 252 203 116 23 10 24 174 94 17 0 0 11 3 3 0 0 0 0 0 0 0 0 0 0 0 0 0 132 255 189 5 0 0 6 1 120 77 0 0 0 0 5 2 0 0 0 0 0 0 0 0 0 0 0 0 107 255 158 0 0 0 22 0 60 111 16 3 4 0 1 0 0 0 0 0 0 0 0 0 0 0 0 0 93 218 71 13 6 1 0 12 137 254 144 9 0 0 0 2 0 0 0 0 0 0 0 0 0 0 0 0 3 19 0 0 0 7 3 0 58 243 186 0 0 10 0 0 0 0 0 0 0 0 0 0 0 0 0 0 0 0 0 0 0 0 0 0 1 223 219 9 0 2 2 0 0 0 0 0 0 0 0 0 0 0 0 0 0 0 0 0 0 0 0 0 8 184 241 77 0 1 0 0 0 0 0 0 0 0 0 0 0 0 0 0 0 0 0 0 0 0 0 0 3 135 255 162 0 5 1 0 0 0 0 0 0 0 0 0 0 0 0 0 0 0 0 0 0 0 0 0 0 130 255 217 0 3 7 2 0 0 0 0 0 0 0 0 0 0 0 0 0 0 0 0 0 0 0 0 2 172 248 231 0 0 4 0 0 0 0 0 0 0 0 0 0 0 0 0 0 0 0 0 0 0 0 0 1 204 243 221 0 0 3 0 0 0 0 0 0 0 0 0 0 0 0 0 0 0 0 0 0 0 0 0 2 208 251 215 0 7 0 4 0 0 0 0 0 0 0 0 0 0 0 0 0 0 0 0 0 0 0 0 14 205 255 218 0 10 0 0 0 0 0 0 0 0 0 0 0 0 0 0 0 0 0 0 0 0 0 0 122 254 255 148 13 3 4 1 0 0 0 0 0 0 0 0 0 0 0 0 0 0 0 0 0 0 0 0 120 251 214 43 0 6 2 0 0 0 0 0 0 0 0 0 0 0 0 0 0 0 0 0 0 0 0 0 0 0 14 0 7 0 0 11 0 0 0 0 0 0 0 0 0 0 0 0 0 0 0 0 0 0 0 0 13 0 2 5 8 0 4 0 0 0 0 0
0 0 0 0 0 0 0 0 0 1 2 7 0 0 11 0 4 0 14 0 0 5 0 4 0 0 0 0 0 0 0 0 0 0 0 0 14 0 0 0 12 8 3 4 0 0 3 0 4 16 0 0 0 0 0 0 0 0 0 0 0 0 0 0 0 0 1 0 3 0 0 8 11 5 8 0 0 1 0 5 0 0 0 0 0 0 0 0 0 0 0 0 6 3 4 0 0 6 0 6 0 0 0 0 0 1 0 0 0 0 0 0 0 0 0 0 0 0 0 0 0 0 11 13 0 1 4 0 12 4 0 0 6 6 3 0 0 0 0 0 0 0 0 0 0 0 0 0 10 0 0 4 0 0 7 0 0 0 0 0 0 0 3 7 0 0 0 0 0 0 0 0 0 0 0 0 0 67 79 124 165 134 87 14 0 5 0 6 3 0 0 0 0 0 0 0 0 0 0 0 0 0 0 0 0 219 255 249 255 243 255 241 192 123 20 0 0 2 12 0 0 0 0 0 0 0 0 0 0 0 0 0 10 214 255 203 158 179 254 253 236 250 97 0 10 0 6 0 0 0 0 0 0 0 0 0 0 0 0 0 0 19 17 18 5 0 30 112 188 242 249 230 30 2 0 14 0 0 0 0 0 0 0 0 0 0 0 0 0 3 3 0 0 7 0 11 0 124 157 245 252 46 0 0 0 0 0 0 0 0 0 0 0 0 0 0 1 0 1 0 8 8 0 0 0 12 10 130 244 165 0 13 0 0 0 0 0 0 0 0 0 0 0 0 0 1 0 4 4 0 0 11 4 0 0 68 255 251 34 0 0 0 0 0 0 0 0 0 0 0 0 0 0 12 7 0 0 2 11 0 13 0 1 168 241 243 89 0 0 0 0 0 0 0 0 0 0 0 0 0 16 0 0 0 0 0 0 11 3 70 200 230 255 133 0 6 0 0 0 0 0 0 0 0 0 0 0 0 3 0 17 3 0 17 0 9 87 238 251 249 110 22 3 0 0 0 0 0 7 0 6 0 0 0 14 0 5 0 13 0 2 26 98 191 248 255 211 167 0 8 0 9 0 0 0 0 0 8 0 1 14 0 0 0 0 0 15 66 55 143 253 255 255 153 38 22 0 10 0 0 0 0 0 0 0 11 0 2 0 0 6 1 0 0 118 245 254 255 248 198 68 11 0 4 0 0 2 7 0 0 0 0 5 0 0 3 0 11 7 0 0 100 238 253 255 206 103 30 0 0 8 5 0 0 6 0 0 0 0 0 16 0 0 3 0 15 0 28 138 241 244 249 190 15 4 0 13 9 0 0 0 9 6 0 0 0 0 0 0 0 4 0 4 0 10 172 255 241 119 68 0 0 16 0 0 0 0 14 0 5 0 7 0 0 0 0 0 5 6 0 0 12 129 255 249 75 9 11 0 23 0 0 7 2 0 7 4 0 0 3 0 0 0 0 6 0 0 5 2 75 245 238 133 16 1 0 0 0 1 9 0 1 0 0 6 0 0 4 0 0 0 0 0 12 0 0 14 254 96 15 0 0 0 0 0 0 0 0 0 0 0 0 0 0 0 0 0 0 0 0 6 0 2 0 0 120 19 0 0 0 0 0 0 0 0 0 0 0 0 0 0 0 0 0 0 0 0 0 10 0 10 0 0 13 0 3 0 0 0 0 0 0 0 0 0 0 0 0 0 0 0 0 0 0 0 0 2 0 10 0 6 0 3 4 0 0 0 0 0 0 0 0 0 0 0 0 0 0 0 0 0 0 0 0
0 0 0 0 0 0 0 0 3 1 0 0 0 7 2 0 0 0 0 0 0 0 1 2 0 0 0 0 0 0 0 0 0 0 0 0 4 0 1 4 1 0 0 9 1 0 0 0 0 0 0 0 0 0 0 0 0 0 0 0 0 0 0 0 0 0 4 6 2 0 0 0 0 0 0 0 0 0 0 0 0 0 0 0 0 0 0 0 0 0 0 0 0 4 2 0 0 12 10 0 0 0 0 0 0 0 0 0 0 0 0 0 0 0 0 0 0 0 0 0 9 8 0 0 0 0 0 0 0 0 0 0 0 0 0 0 0 0 0 0 0 0 0 0 0 0 0 0 0 0 0 13 11 0 0 13 0 0 0 0 0 0 1 2 0 0 0 0 0 0 0 0 0 0 0 0 9 9 3 0 0 3 0 0 7 5 2 0 0 0 0 2 0 0 0 0 0 0 0 0 0 0 0 0 5 17 4 0 74 191 243 226 12 9 4 0 0 0 0 0 0 0 0 0 1 3 0 0 7 4 3 0 5 140 172 186 241 255 249 254 153 0 4 0 0 0 3 4 0 0 0 0 0 5 7 0 0 0 0 9 91 255 245 245 228 44 92 226 236 66 4 2 6 3 0 0 0 0 0 0 0 0 6 0 8 8 0 11 214 246 255 122 0 3 0 146 255 124 0 0 8 5 0 1 0 0 0 0 5 0 3 0 9 10 0 62 249 255 245 40 8 11 0 14 209 156 0 0 0 0 0 9 0 0 0 0 3 0 11 0 0 0 15 138 253 173 32 18 0 2 6 10 171 197 9 5 0 0 0 4 0 0 0 0 0 0 7 2 1 0 8 101 203 21 14 7 2 1 7 0 169 230 26 2 0 7 2 0 0 0 0 0 0 0 0 3 10 0 0 13 1 10 0 0 0 9 0 23 172 242 39 1 0 6 2 0 0 0 0 0 0 8 0 0 0 0 4 0 4 0 8 0 3 10 0 0 175 248 55 11 0 0 0 4 0 0 0 0 0 0 0 0 0 0 0 0 1 5 0 0 6 1 0 0 169 254 123 0 5 1 0 0 0 0 0 0 0 0 0 0 0 0 0 0 0 0 0 5 3 0 0 1 167 255 120 5 2 0 0 8 0 0 0 0 0 0 0 0 0 0 0 0 1 0 2 6 0 0 1 6 213 254 66 0 7 8 0 0 0 0 0 0 0 0 0 0 0 0 0 0 5 0 3 0 0 2 5 3 198 219 34 0 0 0 0 5 0 0 0 0 0 0 0 0 0 0 0 0 2 0 5 0 0 10 0 0 183 160 0 1 8 2 0 0 0 0 0 0 0 0 0 0 0 0 0 0 0 0 8 0 1 8 0 15 237 132 0 0 8 9 5 0 0 0 0 0 0 0 0 0 0 0 0 0 0 0 6 0 5 0 0 88 255 116 6 6 0 0 4 10 0 0 0 0 0 0 0 0 0 0 0 0 8 0 2 0 4 0 14 163 255 73 0 8 4 0 6 0 0 0 0 0 0 0 0 0 0 0 0 0 0 9 0 0 0 5 0 205 220 3 5 0 0 1 4 0 0 0 0 0 0 0 0 0 0 0 0 0 0 0 0 18 5 0 0 199 224 18 0 0 4 0 3 3 0 0 0 0 0 0 0 0 0 0 0 0 13 5 0 1 0 4 56 220 130 4 0 0 13 0 5 0 0 0 0 0 0 0 0 0 0 0 0 0 0 10 0 12 0 0 0 4 12 0 2 0 6 0 12 0 0 0 0 0
0 0 0 0 0 0 0 0 0 0 0 0 0 0 0 0 0 0 0 0 0 0 0 0 0 0 0 0 0 0 0 0 0 0 0 0 0 0 0 0 0 0 0 0 0 0 0 0 0 0 0 0 0 0 0 0 0 0 0 0 0 0 0 0 0 0 0 0 0 0 0 0 0 0 0 0 0 0 0 0 0 0 0 0 0 0 0 0 0 0 0 0 0 0 0 0 0 0 0 0 0 0 0 0 0 0 0 0 0 0 0 0 0 0 0 0 0 0 0 0 0 0 0 0 0 0 0 0 0 0 0 0 0 0 0 0 0 0 0 0 0 0 0 0 0 0 0 0 0 0 0 0 0 0 0 0 0 0 0 0 0 0 0 0 0 0 0 0 0 0 0 0 0 0 0 0 0 0 0 0 0 0 0 0 0 0 0 0 0 0 0 0 0 0 0 0 0 0 0 0 0 0 0 0 0 0 0 0 0 0 0 0 0 0 0 0 0 0 0 0 0 0 0 0 7 0 0 7 4 0 4 0 0 3 0 2 4 1 6 0 27 117 255 255 217 89 0 1 0 0 0 0 2 22 0 0 29 0 8 0 0 0 6 0 0 22 111 202 240 255 253 243 250 137 6 4 0 0 0 0 0 0 100 184 225 109 6 3 9 2 8 17 115 243 255 236 255 212 122 227 255 135 0 0 0 0 0 0 0 23 255 245 255 143 97 0 80 122 212 232 245 255 236 243 95 33 18 246 248 132 2 0 0 0 0 0 0 2 60 255 255 241 255 255 255 237 255 251 227 170 49 0 7 0 28 255 243 149 12 0 0 0 0 0 11 0 0 106 222 237 255 244 248 219 177 85 22 10 0 0 1 0 33 253 255 131 0 1 0 0 0 0 0 2 17 0 26 67 45 64 52 6 0 2 13 0 0 7 3 0 27 252 247 67 0 13 0 0 0 0 12 0 0 11 0 0 1 5 0 8 2 0 0 0 5 0 0 0 41 240 179 0 4 0 0 0 0 0 0 0 0 0 0 0 0 0 0 0 0 0 0 0 0 0 0 1 123 255 177 0 11 0 0 0 0 0 0 0 0 0 0 0 0 0 0 0 0 0 0 0 0 0 5 0 186 248 127 8 0 9 0 0 0 0 0 0 0 0 0 0 0 0 0 0 0 0 0 0 0 0 0 20 238 235 71 5 0 2 0 0 0 0 0 0 0 0 0 0 0 0 0 0 0 0 0 0 0 0 1 83 255 255 60 0 10 0 0 0 0 0 0 0 0 0 0 0 0 0 0 0 0 0 0 0 0 0 2 115 255 246 42 0 21 0 0 0 0 0 0 0 0 0 0 0 0 0 0 0 0 0 0 0 0 0 0 114 243 205 4 0 2 0 0 0 0 0 0 0 0 0 0 0 0 0 0 0 0 0 0 0 0 0 5 146 255 197 0 6 4 4 0 0 0 0 0 0 0 0 0 0 0 0 0 0 0 0 0 0 0 0 0 177 255 202 0 0 7 0 0 0 0 0 0 0 0 0 0 0 0 0 0 0 0 0 0 0 0 0 0 126 244 204 0 1 0 0 0 0 0 0 0 0 0 0 0 0 0 0 0 0 0 0 0 0 0 0 5 115 255 242 41 10 0 2 0 0 0 0 0 0 0 0 0 0 0 0 0 0 0 0 0 0 0 0 3 93 255 231 54 7 0 0 0 0 0 0 0 0 0 0 0 0 0 0 0 0 0 0 0 0 0 0 0 77 249 169 16 0 2 0 0 0 0 0
0 0 0 0 0 0 0 0 0 9 12 2 1 0 0 0 0 2 5 0 0 0 2 2 0 0 0 0 0 0 0 0 0 0 0 0 10 0 0 0 1 0 0 6 18 2 0 2 8 1 0 0 0 0 0 0 0 0 0 0 0 0 0 0 7 0 0 4 3 0 1 0 0 0 0 7 2 0 1 16 0 0 0 0 0 0 0 0 0 0 0 0 0 0 7 6 0 0 3 0 7 9 7 1 0 2 0 0 0 0 0 0 0 0 0 0 0 0 0 0 5 1 1 1 0 0 3 5 0 0 0 0 0 0 1 5 0 0 0 0 0 0 0 0 0 0 0 0 2 0 0 2 17 5 0 2 10 0 0 4 6 0 0 6 0 0 0 0 0 0 0 0 0 0 0 0 0 23 8 0 0 2 0 2 0 3 2 0 0 13 8 0 0 0 0 0 0 0 0 0 0 0 0 0 126 203 170 78 78 121 141 157 124 229 254 137 14 0 2 2 0 0 0 0 0 0 0 0 0 0 0 0 102 196 247 254 255 251 250 255 255 249 254 130 0 0 1 2 0 0 0 0 0 0 0 0 0 0 0 0 2 12 42 125 120 88 41 37 120 250 227 38 5 5 2 0 0 0 0 0 0 0 0 0 0 0 0 0 3 0 0 8 0 11 3 0 159 255 149 0 0 0 9 0 0 0 0 0 0 0 0 0 0 0 0 0 0 0 9 7 5 0 0 13 214 239 58 9 3 5 0 0 0 0 0 0 0 0 0 0 0 0 0 0 8 6 0 0 5 2 0 60 237 231 28 0 8 3 0 10 0 0 0 0 0 0 0 0 0 0 0 0 0 16 0 0 0 17 0 103 255 142 6 0 2 0 10 0 0 0 0 0 0 0 0 0 0 0 0 0 8 0 0 4 1 0 34 212 212 30 0 12 14 0 17 0 0 0 0 0 0 0 0 0 0 0 0 0 0 12 120 72 109 72 156 251 212 84 42 28 11 13 3 26 0 0 0 0 0 0 0 0 0 0 0 0 7 171 241 253 255 250 255 250 255 249 247 255 240 244 216 99 0 0 0 0 0 0 0 0 0 0 0 0 0 72 96 96 83 170 255 203 0 0 0 4 0 2 21 0 0 0 0 0 0 0 0 0 0 0 0 0 0 0 0 2 0 149 239 105 6 4 3 9 0 0 7 5 0 0 0 0 0 0 0 0 0 0 0 0 5 0 0 5 44 215 194 21 0 0 0 3 7 0 0 0 0 0 0 0 0 0 0 0 0 0 0 0 3 0 0 0 130 255 121 0 5 2 0 0 6 9 0 3 0 0 0 0 0 0 0 0 0 0 0 0 0 3 0 0 190 241 40 1 2 5 7 0 0 3 0 0 0 0 0 0 0 0 0 0 0 0 0 0 0 6 0 37 234 182 0 1 0 0 8 4 3 9 0 8 0 0 0 0 0 0 0 0 0 0 0 0 0 3 5 79 255 136 0 9 15 0 2 0 0 0 0 4 0 0 0 0 0 0 0 0 0 0 0 0 0 0 8 162 252 36 17 0 0 0 0 0 0 0 0 0 0 0 0 0 0 0 0 0 0 0 0 0 13 2 4 199 205 22 0 8 0 0 0 0 0 0 0 0 0 0 0 0 0 0 0 0 0 0 0 0 0 0 100 255 76 0 23 0 0 0 0 0 0 0 0 0 0 0 0 0 0 0 0 0 0 0 0 0 4 26 0 0 3 7 0 0 0 0 0 0 0 0 0 0 0 0 0 0
0 7 1 0 0 12 0 0 0 0 0 0 9 0 0 11 4 0 5 0 6 0 7 0 0 0 0 0 0 1 0 8 0 6 0 1 8 13 6 0 0 8 7 0 2 0 6 0 1 0 0 4 0 0 0 0 4 3 0 5 0 0 1 12 0 0 0 1 0 0 6 6 3 0 0 0 12 1 2 7 0 0 0 0 0 2 0 9 8 1 0 0 7 8 6 3 10 0 0 15 0 2 0 0 6 1 0 0 0 0 0 0 4 7 0 0 0 0 13 2 0 0 1 0 0 13 0 0 0 10 10 1 0 0 0 2 0 0 0 0 0 5 4 9 7 0 8 4 0 0 10 1 5 5 0 11 8 0 0 6 0 7 9 6 0 0 0 0 5 4 0 0 10 32 172 255 222 4 56 170 172 248 252 117 104 65 65 91 35 5 0 0 0 0 0 0 2 4 0 3 0 0 124 241 253 221 250 255 255 255 233 252 255 229 247 255 109 4 0 12 0 0 0 0 0 14 2 0 2 0 23 133 178 171 169 185 172 183 229 218 249 255 254 251 184 6 0 0 0 0 0 0 1 6 0 0 18 3 0 23 3 0 0 11 0 2 38 25 72 39 213 250 190 1 2 12 0 0 0 0 0 5 0 0 5 4 0 0 0 0 0 8 0 0 14 0 0 12 116 249 252 40 0 0 0 0 0 0 0 3 9 0 0 0 7 7 3 0 4 8 0 0 4 0 0 0 172 255 198 45 1 0 0 0 0 0 1 0 2 5 0 0 1 0 0 0 2 1 0 0 0 0 0 17 251 255 188 0 7 5 0 0 0 0 5 0 0 3 0 0 0 0 4 0 6 0 1 7 0 7 0 111 240 255 193 0 0 0 0 0 0 0 0 2 1 0 0 0 3 11 0 0 2 0 0 4 0 1 8 124 255 255 60 16 0 0 0 0 0 0 0 4 1 0 4 8 0 0 5 0 9 0 4 10 0 4 40 235 247 182 15 0 10 0 0 0 0 0 0 0 0 0 0 0 0 0 0 7 0 1 10 0 0 55 224 232 255 67 0 0 9 0 0 0 0 0 0 0 0 0 0 0 0 0 1 0 0 0 0 8 0 171 249 255 173 19 8 0 7 1 0 0 0 0 0 0 0 0 0 0 0 0 10 0 1 0 0 12 128 250 255 230 63 0 12 0 0 4 0 0 0 0 0 0 0 0 0 0 0 0 0 0 8 4 1 75 234 255 233 81 10 0 3 0 0 2 0 0 0 0 0 0 0 0 0 0 0 0 9 7 0 0 88 247 255 245 131 0 4 3 0 2 0 0 0 0 0 0 0 0 0 0 0 0 0 0 0 0 0 28 189 255 255 182 27 0 5 0 4 0 8 0 0 0 0 0 0 0 0 0 0 0 0 0 14 1 5 104 255 233 183 15 0 8 1 0 1 0 3 0 0 0 0 0 0 0 0 0 0 0 0 0 0 131 165 255 248 192 13 5 3 0 0 7 0 7 0 4 0 0 0 0 4 0 0 0 20 0 0 36 178 245 255 255 173 22 6 0 0 0 0 0 0 0 0 0 0 0 0 0 0 12 11 0 0 0 30 119 252 255 227 188 98 2 4 0 0 0 0 0 0 0 0 0 0 0 0 0 0 1 0 0 11 0 0 14 0 8 5 3 0 0 0 0 0 0 0 0 0 0 0 0 0 0 0 0 0 3 0 0 8 3 0 0 0 3 5 0 0 12 9 3 0 0 0 0 0 0 0 0 0 0 0 0
0 0 0 0 0 0 0 0 0 0 0 0 0 0 0 0 0 0 0 0 0 0 0 0 0 0 0 0 0 0 0 0 0 0 0 0 0 0 0 0 0 0 0 0 0 0 0 0 0 0 0 0 0 0 0 0 0 0 0 0 0 0 0 0 0 0 0 0 0 0 0 0 0 0 0 0 0 0 0 0 0 0 0 0 0 0 0 0 0 0 0 0 0 0 0 0 0 0 0 0 0 0 0 0 0 0 0 0 0 0 0 0 0 0 0 0 0 0 0 0 0 0 0 0 0 0 0 0 0 0 0 0 0 0 0 0 0 0 0 0 0 0 0 0 0 0 0 0 0 0 0 0 0 0 0 0 0 0 0 0 0 0 0 0 0 0 0 0 0 0 0 0 0 0 0 0 0 0 0 0 0 0 0 0 0 0 0 0 0 0 0 0 0 0 0 0 0 0 0 0 0 0 0 0 0 0 0 0 0 0 0 0 0 0 0 0 0 0 0 0 0 0 0 0 0 0 0 3 0 4 8 0 0 10 0 0 1 0 11 4 6 0 0 0 3 5 0 0 0 0 0 0 3 8 0 3 2 51 110 117 36 73 86 110 124 113 111 98 106 121 111 108 228 247 187 0 0 0 0 0 0 22 0 49 255 241 239 255 236 254 247 247 251 249 255 255 247 255 255 218 255 255 240 1 0 0 0 0 19 0 7 242 236 255 255 238 247 255 255 255 255 249 245 248 255 250 252 255 244 255 252 0 0 0 0 0 0 0 2 255 243 255 247 255 252 252 249 247 255 255 254 255 244 255 232 255 255 243 216 0 0 0 0 0 6 0 16 160 255 252 250 224 158 159 168 163 155 123 70 54 30 84 255 236 255 202 3 0 0 0 0 0 0 4 0 13 30 41 29 18 5 0 1 0 6 10 0 7 1 174 235 255 225 59 0 5 0 0 0 0 0 11 15 0 14 0 4 2 4 0 4 0 0 2 0 5 45 252 255 248 102 4 3 1 0 0 0 0 0 0 0 0 0 0 0 0 0 1 6 4 0 0 2 0 86 250 245 242 30 6 0 0 0 0 0 0 0 0 0 0 0 0 0 0 7 4 0 0 7 14 0 44 218 255 249 101 1 0 0 5 0 0 0 0 0 0 0 0 0 0 0 0 0 2 4 0 2 0 0 138 255 255 198 0 0 0 1 1 0 0 0 0 0 0 0 0 0 0 0 0 0 0 8 0 0 0 56 223 241 254 114 0 7 0 10 0 0 0 0 0 0 0 0 0 0 0 0 0 10 0 0 0 8 2 147 255 255 238 57 11 7 0 5 1 0 0 0 0 0 0 0 0 0 0 0 0 5 0 0 1 1 36 212 255 255 137 21 0 1 1 0 4 0 0 0 0 0 0 0 0 0 0 0 0 0 4 3 0 0 104 243 255 219 30 0 0 0 6 0 0 0 0 0 0 0 0 0 0 0 0 0 0 0 14 0 0 16 188 255 250 207 4 0 11 0 0 8 0 0 0 0 0 0 0 0 0 0 0 0 0 0 14 0 7 150 248 250 254 78 13 0 7 0 0 4 0 0 0 0 0 0 0 0 0 0 0 0 0 0 1 6 0 182 255 255 211 43 0 0 5 0 0 5 0 0 0 0 0 0 0 0 0 0 0 0 0 17 0 1 0 192 253 245 140 8 0 0 6 0 0 5 0 0 0 0 0 0 0 0 0 0 0 0 0 0 0 10 0 0 0 0 0 0 0 7 8 0 0 4 0 0 0 0 0
0 0 0 0 0 0 0 0 7 0 0 0 0 0 0 1 0 4 0 0 13 0 6 0 0 0 0 0 0 0 0 0 0 0 0 0 0 0 1 5 5 3 2 4 0 9 0 0 2 0 8 0 0 0 0 0 0 0 0 0 0 0 0 0 0 1 5 2 0 0 0 0 5 0 0 5 0 0 5 7 0 0 0 0 0 0 0 0 0 0 0 0 2 5 2 0 0 0 0 0 8 0 1 7 5 0 6 4 0 0 0 0 0 0 0 0 0 0 0 0 2 1 0 0 0 5 4 0 0 0 19 0 3 0 2 0 0 0 0 0 0 0 0 0 0 0 0 0 2 0 0 1 2 0 0 0 9 0 9 0 10 0 1 22 0 0 0 0 0 0 0 0 0 0 0 0 5 0 0 3 0 0 0 13 0 6 0 0 0 6 0 7 0 0 0 0 0 0 0 0 0 0 0 0 5 0 0 3 0 0 24 60 16 128 122 93 69 127 30 2 0 0 0 0 0 1 3 0 0 9 8 20 10 5 9 15 46 137 229 252 253 248 255 255 238 252 191 14 0 0 0 0 13 0 2 3 0 0 215 238 182 148 216 254 251 255 251 251 255 247 237 170 246 255 255 0 0 0 0 0 2 0 0 3 3 61 252 255 255 244 255 255 237 232 220 221 218 126 7 4 89 235 255 126 0 0 0 0 0 15 0 0 20 225 253 252 248 251 241 243 126 7 18 0 6 0 3 0 122 255 218 17 0 0 0 0 2 0 4 9 55 255 255 249 236 251 66 0 10 13 5 0 0 15 0 0 121 255 202 0 0 0 0 0 4 0 5 3 177 242 252 249 234 60 0 16 0 0 0 6 0 0 0 110 250 240 158 0 0 0 0 0 0 6 0 0 246 255 255 244 176 9 0 9 0 2 0 0 1 20 46 227 248 255 73 0 0 0 0 0 0 7 0 3 170 248 192 67 1 0 0 0 5 1 0 0 10 8 168 253 255 225 4 2 0 0 0 0 7 0 0 5 34 51 31 0 4 1 0 0 2 3 0 0 0 132 236 255 255 81 0 9 0 0 0 0 0 0 0 0 5 12 7 0 0 1 0 10 0 0 12 9 63 224 255 251 237 110 15 0 0 0 0 0 0 1 5 0 0 0 0 0 0 10 0 7 2 0 1 48 217 246 239 255 174 26 0 15 0 0 0 0 1 3 1 0 0 4 4 0 0 0 4 0 11 5 0 118 255 247 255 241 93 0 0 2 0 0 0 0 0 0 0 0 2 6 3 0 3 0 10 0 11 6 97 215 242 255 255 125 14 2 6 0 0 0 0 0 0 1 5 3 0 0 0 0 9 0 5 14 0 21 217 255 255 255 168 12 0 0 0 17 0 0 0 0 1 3 5 4 0 0 0 3 0 0 0 0 4 109 250 248 250 241 94 0 7 19 0 0 0 0 0 0 6 0 0 0 2 4 2 0 0 11 2 0 61 249 250 255 255 170 0 15 0 0 10 0 0 0 0 0 0 0 0 0 0 0 0 0 0 0 0 24 81 128 140 130 76 30 0 0 4 0 0 1 0 0 0 0 0 0 0 0 0 0 0 0 5 4 0 0 1 9 8 2 19 0 0 0 7 3 0 3 0 0 0 0 0 0 0 0 0 0 0 0 0 0 5 0 0 0 0 0 0 0 0 6 7 2 0 0 0 0 0 0 0 0 0 0 0 0 0 0 0 0 1 4 7 9 7 5 0 7 10 5 0 0 0 0 0 0 0 0
0 0 0 0 0 0 0 0 0 0 0 0 0 0 0 0 0 0 0 0 0 0 0 0 0 0 0 0 0 0 0 0 0 0 0 0 0 0 0 0 0 0 0 0 0 0 0 0 0 0 0 0 0 0 0 0 0 0 0 0 0 0 0 0 0 0 0 0 0 0 0 0 0 0 0 0 0 0 0 0 0 0 0 0 0 0 0 0 0 0 0 0 0 0 0 0 0 0 0 0 0 0 0 0 0 0 0 0 0 0 0 0 0 0 0 0 0 0 0 0 0 0 0 0 0 0 0 0 0 0 0 0 0 0 0 0 0 0 0 0 0 0 0 0 0 0 0 0 0 0 0 0 0 0 0 0 0 0 0 0 0 0 0 0 0 0 0 0 0 0 0 0 0 0 0 0 0 0 0 0 0 0 0 0 0 0 0 0 0 0 0 0 0 0 0 0 0 0 0 0 0 0 0 0 0 0 0 0 0 0 0 0 0 0 0 0 0 0 0 0 0 0 0 0 0 10 0 0 16 0 7 3 5 0 0 3 3 0 20 0 5 0 4 6 2 8 0 11 0 0 0 0 0 9 9 0 0 20 1 0 0 10 5 0 0 1 0 95 107 238 222 221 200 79 24 0 0 0 0 0 0 0 6 31 0 0 0 4 1 2 9 57 99 231 211 184 93 107 87 107 123 244 96 2 0 0 0 0 0 12 0 0 33 83 27 11 0 120 209 255 100 39 15 0 8 0 10 5 0 178 227 6 0 0 0 0 3 11 0 25 212 202 16 0 162 234 118 20 0 2 0 13 0 5 0 3 14 213 253 0 0 0 0 0 0 0 0 126 240 168 196 226 200 46 0 4 0 16 8 0 6 19 0 0 56 255 60 2 0 0 0 0 0 6 4 179 244 192 195 29 0 0 4 0 0 0 0 22 0 0 0 12 218 207 16 3 0 0 0 0 5 0 0 6 6 25 0 9 0 8 0 15 6 1 5 0 7 0 14 99 245 79 0 0 0 0 0 0 0 0 0 0 0 0 0 0 0 0 7 0 0 13 0 0 1 8 29 237 203 0 6 0 0 0 0 0 0 0 0 0 0 0 0 0 2 0 1 6 0 0 3 0 11 0 200 245 73 11 0 3 0 0 0 0 0 0 0 0 0 0 0 0 2 0 0 17 0 0 19 0 0 149 255 149 0 9 0 0 0 0 0 0 0 0 0 0 0 0 0 0 0 2 0 4 0 0 8 0 23 245 102 0 2 0 14 6 0 0 0 0 0 0 0 0 0 0 0 0 2 2 0 0 1 0 0 61 231 192 32 2 12 0 0 0 0 0 0 0 0 0 0 0 0 0 0 0 1 0 0 0 9 0 38 199 233 18 0 5 0 5 3 0 0 0 0 0 0 0 0 0 0 0 0 0 0 0 0 6 5 4 104 255 162 0 5 0 0 6 2 0 0 0 0 0 0 0 0 0 0 0 0 0 0 10 0 0 0 6 136 249 112 0 11 0 13 0 0 12 0 0 0 0 0 0 0 0 0 0 0 0 1 3 0 0 0 11 51 83 0 0 0 0 0 0 0 0 0 0 0 0 0 0 0 0 0 0 0 0 0 0 5 4 0 0 5 12 0 0 0 0 0 0 0 0 0 0 0 0 0 0 0 0 0 0 0 0 0 0 0 0 0 0 0 0 0 0 0 0 0 0 0 0 0 0 0 0 0 0 0 0 0 0 0 0 5 0 0 0 0 4 7 8 0 0 0 0 0 0 0 0 0 0 0 0
0 0 0 0 0 0 0 0 0 0 2 0 18 0 0 5 1 5 0 0 0 0 1 0 0 0 0 0 0 0 0 0 0 0 0 0 14 0 0 0 0 0 8 2 1 0 2 3 10 16 2 0 0 0 0 0 0 0 0 0 0 0 0 0 0 4 13 12 0 0 0 3 5 0 9 0 0 0 0 1 0 0 0 0 0 0 0 0 0 0 0 0 0 3 0 0 3 11 0 0 0 0 1 0 0 0 4 9 0 0 0 0 0 0 0 0 0 0 0 0 0 16 6 0 16 0 0 7 3 7 0 3 9 0 2 0 0 0 0 0 0 0 0 0 0 0 0 0 12 0 0 0 0 0 10 0 1 8 0 1 0 0 5 5 0 0 0 0 0 0 0 0 0 0 0 0 0 28 0 28 245 184 62 78 6 0 5 0 0 15 0 6 0 0 0 0 0 0 0 0 0 0 0 0 14 0 1 66 250 255 255 249 178 105 130 103 124 144 26 0 0 0 0 0 0 0 0 0 0 0 0 0 3 0 0 226 252 239 255 248 253 247 255 249 244 255 35 7 0 0 0 0 0 0 0 0 0 0 0 0 0 8 73 234 227 22 139 191 248 255 255 251 255 250 41 1 0 0 0 0 0 0 0 0 0 0 0 0 12 0 126 249 72 1 0 6 9 35 104 239 254 145 13 0 0 0 0 0 0 0 0 0 0 0 0 0 0 0 255 223 0 8 6 2 16 0 170 255 217 6 8 0 0 0 0 0 0 0 0 0 0 0 0 0 10 10 254 155 0 0 2 0 0 121 226 252 43 10 0 8 0 0 0 0 0 0 0 0 0 0 0 0 0 3 246 214 13 20 0 13 20 211 255 126 6 0 0 0 0 0 0 0 0 0 0 0 0 0 0 0 14 0 193 147 0 0 5 0 151 255 197 41 0 0 0 9 0 0 0 0 0 0 0 0 0 0 0 0 0 0 0 6 0 18 158 166 254 252 109 11 0 2 1 0 0 0 0 0 0 1 2 0 0 0 1 2 0 0 0 4 0 2 116 253 255 190 37 0 1 0 0 6 0 0 0 0 0 0 1 0 0 0 0 0 1 18 0 0 17 78 248 255 226 62 0 7 9 1 1 0 0 0 0 0 0 0 0 0 1 0 0 0 120 0 7 27 17 193 255 240 106 0 0 12 0 4 6 0 0 0 0 0 1 0 0 0 2 0 0 0 7 0 8 0 138 255 255 139 0 3 16 0 0 3 0 1 0 0 0 0 2 0 0 1 2 0 0 3 7 8 87 128 255 251 153 0 0 15 0 0 13 0 0 1 0 0 0 0 3 0 0 2 1 0 2 12 0 135 255 246 255 167 11 16 0 6 0 6 4 0 11 0 0 0 0 0 3 0 0 3 0 0 5 21 133 180 240 255 200 10 4 0 0 0 8 8 0 0 16 0 0 0 0 0 2 0 1 4 0 0 7 27 146 233 255 219 42 0 0 7 7 0 2 4 1 5 0 5 0 0 0 0 0 0 0 0 0 0 0 0 150 255 207 41 0 5 0 3 0 0 0 0 0 0 0 0 0 0 0 0 0 0 0 0 0 0 0 0 237 233 112 0 0 8 0 1 0 0 0 0 0 0 0 0 0 0 0 0 0 0 0 0 0 0 0 0 0 9 0 0 10 0 0 6 0 0 0 0 0 0 0 0 0 0 0 0 0 0 0 0 0 0 0 0 1 4 0 0 2 2 0 5 0 0 0 0 0 0 0 0 0 0 0 0
2 0 0 0 1 2 3 2 0 6 1 0 3 4 1 6 5 0 0 7 7 0 0 0 0 0 0 0 1 0 0 0 1 1 1 1 2 0 5 16 0 0 9 0 5 3 0 0 0 10 7 0 0 0 0 0 0 0 1 1 1 0 0 0 6 5 0 0 0 2 5 13 0 0 4 11 2 0 0 7 0 0 0 0 0 0 2 2 0 0 0 0 0 8 0 0 16 3 0 6 17 3 0 0 0 0 1 3 0 0 0 0 0 0 2 2 0 0 0 1 15 0 3 7 0 0 3 0 0 4 8 0 0 7 5 0 0 0 0 0 0 1 3 1 0 0 2 6 0 0 0 0 9 0 0 7 5 0 0 4 4 0 0 1 0 0 0 0 0 2 3 1 0 0 5 11 196 196 133 101 142 154 172 244 167 98 28 0 0 1 4 10 0 0 0 0 0 2 3 0 0 0 8 15 251 250 249 255 255 253 247 255 244 255 211 80 0 0 9 0 0 0 0 0 0 0 0 0 0 0 0 0 117 189 188 185 183 98 96 84 98 255 255 164 4 9 0 0 0 0 0 0 0 0 0 0 0 0 0 0 0 8 7 0 15 0 0 5 20 243 247 184 0 9 0 3 0 0 0 0 0 0 0 0 0 0 0 0 9 0 0 0 0 1 3 11 14 253 255 163 2 2 0 2 0 0 0 0 0 0 0 0 0 0 0 0 7 0 10 9 0 0 0 0 103 255 255 79 13 0 4 0 0 0 0 0 0 0 0 0 0 0 0 0 0 0 0 4 0 0 9 0 182 253 224 5 8 1 5 3 0 0 0 0 0 0 0 0 0 0 0 0 0 9 0 1 3 0 2 19 222 247 169 0 0 9 0 2 0 0 0 0 0 0 0 0 0 0 0 0 1 10 0 5 10 0 0 99 249 251 111 8 0 3 0 0 0 0 0 0 0 0 0 0 0 0 0 0 0 0 1 1 4 0 13 213 255 246 66 2 2 0 9 1 0 0 0 0 0 0 0 0 0 0 0 0 2 0 11 4 0 1 10 251 246 188 10 0 0 5 0 0 0 0 0 0 0 0 0 0 0 0 0 0 0 17 0 8 0 8 134 255 255 92 0 10 0 0 13 0 0 0 0 0 0 0 0 0 0 0 0 0 0 8 0 0 8 25 244 255 218 6 0 6 0 0 11 0 0 0 0 0 0 0 0 0 0 0 0 0 0 0 13 0 17 114 255 250 89 0 8 0 2 0 0 0 0 0 0 0 0 0 0 0 0 0 0 0 7 4 6 1 44 239 246 201 0 5 7 0 0 3 0 0 0 0 0 0 0 0 0 0 0 0 0 0 2 8 0 0 125 255 249 97 0 5 0 8 0 0 11 0 0 0 0 0 0 0 0 0 0 0 0 0 0 0 0 15 212 248 230 12 7 0 0 10 0 0 7 0 0 0 0 0 0 0 0 0 0 0 0 0 0 2 2 115 245 252 185 0 0 5 0 0 7 0 0 5 0 0 0 0 0 0 0 0 0 0 0 0 0 20 0 143 251 255 242 6 0 0 0 0 0 0 0 0 0 0 0 0 0 0 0 0 0 0 0 0 0 0 0 138 250 255 197 3 0 0 0 0 0 0 0 0 0 0 0 0 0 0 0 0 0 0 0 0 2 2 2 10 0 0 9 0 0 0 0 0 0 0 0 0 0 0 0 0 0 0 0 0 0 0 0 0 1 0 0 0 2 1 0 0 0 0 0 0 0 0 0 0 0 0 0 0
6 0 0 5 0 0 0 5 0 0 0 0 0 0 0 0 0 0 0 0 0 0 0 0 0 0 0 0 0 10 0 0 6 13 0 0 0 0 0 0 0 0 0 0 0 0 0 0 0 0 0 0 0 0 0 0 0 0 0 2 7 4 1 5 0 0 0 0 0 0 0 0 0 0 0 0 0 0 0 0 0 0 0 0 11 0 0 10 0 0 4 0 0 0 0 0 0 0 0 0 0 0 0 0 0 0 0 0 0 0 0 0 0 0 0 0 0 13 14 1 0 0 0 0 0 0 0 0 0 0 0 0 0 0 0 0 0 0 0 0 0 12 0 0 12 0 0 3 0 0 0 0 0 0 0 0 0 0 0 0 0 0 0 0 0 0 0 0 4 8 2 0 0 18 15 0 0 0 0 0 0 0 0 0 0 0 0 0 0 0 0 0 0 0 0 0 4 0 8 0 22 193 233 63 0 0 0 0 0 0 0 0 0 0 0 0 0 0 0 0 0 0 0 0 1 0 14 0 2 240 255 245 131 146 133 50 7 0 16 0 0 11 4 1 0 9 2 0 0 0 0 0 0 12 0 0 27 25 240 241 255 240 254 255 224 139 137 157 117 8 0 4 0 8 0 0 0 0 0 0 4 0 16 0 0 0 145 255 255 255 249 245 255 253 255 239 241 240 247 139 40 5 15 4 0 0 0 0 0 15 0 2 12 8 222 246 236 177 90 106 182 209 227 226 255 248 247 255 242 11 0 0 0 0 0 0 2 0 3 0 2 97 251 252 255 168 11 0 23 5 0 2 62 109 223 255 255 13 8 0 0 0 0 0 0 10 0 14 0 64 235 253 255 250 88 0 0 4 5 0 8 0 216 255 228 6 2 2 0 0 0 0 0 0 4 0 12 0 163 241 252 251 82 3 0 0 0 11 0 13 238 252 155 0 0 5 0 0 0 0 12 0 8 6 0 6 51 242 254 246 62 0 6 7 0 0 0 102 255 252 139 8 5 1 0 0 0 0 0 0 2 3 0 0 12 29 71 46 15 0 0 2 1 0 4 195 242 255 49 0 0 0 0 0 0 0 0 0 2 3 0 0 1 11 11 5 0 0 0 3 2 0 53 238 255 219 16 12 6 0 0 0 0 0 0 0 1 3 0 0 0 0 0 0 0 2 2 0 0 0 104 242 255 171 0 0 0 12 0 0 0 0 0 0 0 2 4 2 0 0 1 4 5 3 0 0 0 2 195 255 251 120 17 19 0 5 0 0 0 0 1 0 0 0 2 5 4 2 4 1 0 0 0 0 3 5 205 255 255 46 0 2 0 0 0 0 0 0 2 3 0 0 0 1 1 0 0 0 0 0 1 3 1 0 216 253 253 19 1 0 8 11 0 0 0 0 0 4 3 0 0 0 0 0 1 0 1 2 3 2 0 0 228 225 186 0 12 2 0 0 0 0 0 0 0 3 6 1 0 2 2 0 0 0 0 0 0 0 1 2 206 255 236 26 0 0 0 6 0 0 0 0 0 0 0 0 0 0 0 0 0 0 0 0 0 0 0 0 147 255 245 82 0 2 7 0 0 0 0 0 0 0 0 0 0 0 0 0 0 0 0 0 0 0 0 0 109 218 255 151 11 0 5 0 0 0 0 0 0 0 0 0 0 0 0 0 0 0 0 0 0 0 0 0 83 255 204 7 0 13 0 14 0 0 0 0 0 0 0 0 0 0 0 0 0 0 0 0 0 0 0 0 1 0 0 12 4 0 0 0 0 0 0 0
9 0 0 0 11 1 0 8 3 0 0 5 0 0 1 2 8 0 0 8 0 0 7 0 0 0 0 0 0 0 7 4 0 0 0 0 1 0 1 2 2 10 7 0 0 2 0 5 10 3 0 0 0 0 0 0 6 0 0 0 0 4 14 9 2 0 1 0 0 0 4 2 5 14 6 0 0 3 0 8 0 0 0 0 6 0 0 7 1 0 0 0 5 0 1 16 7 0 0 4 0 0 2 0 0 3 0 2 0 0 0 0 0 0 3 3 0 0 3 0 14 0 0 0 0 0 3 0 16 0 5 12 0 0 1 0 0 0 0 0 0 8 0 0 0 12 1 0 0 2 12 6 0 4 7 0 0 0 0 1 0 0 10 0 0 0 0 0 0 7 0 0 13 0 0 17 8 0 0 0 0 0 0 0 0 34 0 0 13 0 7 0 0 0 0 0 0 7 0 1 3 0 64 226 239 98 0 0 30 68 121 169 172 214 72 0 7 0 5 2 0 0 0 0 2 4 0 0 0 8 113 255 255 245 252 239 245 247 255 242 255 239 253 31 2 0 7 0 0 0 0 0 0 6 0 0 0 0 48 141 253 254 247 250 248 207 195 128 156 255 255 36 7 0 0 0 0 0 0 0 0 6 0 0 3 0 0 21 46 64 46 48 39 0 8 0 121 251 255 17 0 1 0 11 0 0 0 0 0 3 0 0 8 4 0 0 0 7 0 0 0 0 2 24 231 255 245 19 0 2 0 5 0 0 0 0 4 0 0 0 6 3 0 6 3 0 0 0 9 8 0 39 255 253 146 15 0 2 0 0 0 0 0 0 4 0 0 3 0 0 0 6 11 0 9 0 0 8 0 126 231 255 27 0 0 0 0 3 0 0 0 0 1 0 2 4 0 0 0 0 5 0 7 0 0 0 43 246 255 243 5 3 1 0 0 9 0 0 0 0 0 0 5 2 0 4 8 0 0 0 0 10 4 0 53 255 253 130 3 0 10 0 0 5 0 0 0 0 0 0 0 0 0 0 0 0 0 0 2 0 0 13 190 254 255 18 0 0 8 0 0 4 0 0 0 0 0 0 0 0 0 0 0 0 0 9 0 2 6 37 243 255 177 8 3 0 4 0 3 0 0 0 0 0 0 0 0 0 0 0 0 0 0 12 0 6 0 105 255 239 75 0 4 0 2 0 8 0 0 0 0 0 0 0 0 0 0 0 0 0 0 0 0 11 11 225 255 211 8 0 2 0 4 0 7 0 0 0 0 0 0 0 0 0 0 0 0 0 3 0 1 0 62 255 249 107 0 0 0 0 7 0 2 1 0 0 0 0 0 0 0 0 0 0 0 0 0 4 0 0 150 241 225 8 0 4 0 0 6 0 0 3 0 0 0 0 0 0 0 0 0 0 0 0 0 2 0 24 233 255 213 10 0 2 1 0 0 3 0 1 0 0 0 0 0 0 0 0 0 0 0 0 7 6 4 53 242 255 143 0 0 0 4 0 0 11 0 0 0 0 0 0 0 0 0 0 0 0 0 0 9 2 1 59 242 255 72 1 0 0 0 0 0 0 0 0 0 0 0 0 0 0 0 0 0 0 0 0 0 0 0 73 253 224 15 0 0 0 0 0 0 0 0 0 0 0 0 0 0 0 0 0 0 0 0 0 4 3 0 20 202 242 74 5 0 0 0 0 0 0 0 0 0 0 0 0 0 0 0 0 0 0 0 0 7 0 9 5 10 12 0 0 0 0 0 0 0 0 0 0 0 0 0 0
0 0 0 0 0 0 0 0 0 6 0 0 0 1 0 2 0 0 2 0 4 6 0 3 0 0 0 0 0 0 0 0 0 0 0 0 4 0 2 15 3 0 4 0 11 9 0 0 1 0 0 0 0 0 0 0 0 0 0 0 0 0 0 0 0 0 0 0 0 0 0 0 0 0 0 5 4 1 19 5 0 0 0 0 0 0 0 0 0 0 0 0 0 22 6 0 5 11 0 7 2 1 10 10 0 0 0 0 0 0 0 0 0 0 0 0 0 0 0 0 0 0 2 0 2 2 0 0 3 0 4 0 0 7 0 4 0 0 0 0 0 0 0 0 0 0 0 0 15 0 0 15 0 0 12 0 15 6 0 0 3 11 0 3 0 0 0 0 0 0 0 0 0 0 0 0 0 3 3 0 0 3 2 0 0 20 0 0 14 0 0 0 0 0 0 0 0 0 0 0 0 0 0 0 138 246 225 179 240 239 175 178 177 255 192 174 125 10 13 0 0 0 0 0 0 0 0 0 0 0 0 0 32 142 212 214 204 214 227 218 237 188 208 255 242 62 18 0 0 0 0 0 0 0 0 0 0 0 0 0 0 0 2 10 4 0 0 11 6 2 36 232 191 3 0 0 0 0 0 0 0 0 0 0 0 0 0 0 13 0 0 0 0 0 0 0 12 3 144 246 93 1 0 0 0 0 0 0 0 0 0 0 0 0 0 0 0 0 16 8 0 9 9 0 0 86 246 130 0 9 6 3 0 0 0 0 0 0 0 0 0 0 0 0 5 0 7 0 0 0 0 8 6 243 189 25 0 0 6 0 0 0 0 0 0 0 0 0 0 0 0 0 0 0 6 0 2 16 0 0 108 213 36 0 16 0 3 7 0 0 0 0 0 0 0 0 0 0 0 0 0 1 14 0 5 10 0 42 237 89 0 4 0 0 0 0 0 0 0 0 0 0 0 0 0 0 0 0 9 0 0 0 4 0 31 202 226 0 0 0 7 0 1 0 0 0 0 0 0 0 0 0 0 0 0 0 7 0 11 0 5 6 135 250 58 21 0 0 7 0 0 2 0 0 0 0 0 0 0 0 0 0 0 0 2 0 3 16 0 53 255 166 12 0 0 0 6 0 0 2 0 0 0 0 0 0 0 0 0 0 0 0 5 4 0 0 14 226 235 65 0 0 0 3 3 0 0 0 0 0 0 0 0 0 0 0 0 0 0 0 0 11 4 8 78 255 145 0 1 5 6 1 0 0 0 0 0 0 0 0 0 0 0 0 0 0 0 0 13 0 0 1 247 223 4 0 0 1 0 0 0 1 3 0 0 0 0 0 0 0 0 0 0 0 0 0 0 0 0 167 248 35 24 0 0 0 1 0 1 3 0 0 0 0 0 0 0 0 0 0 0 0 0 0 2 0 48 232 145 7 0 3 3 2 4 6 4 0 0 0 0 0 0 0 0 0 0 0 0 0 0 0 8 2 181 251 28 0 5 0 0 0 0 0 0 0 0 11 0 0 0 0 0 0 0 0 0 0 0 0 4 80 254 105 0 0 6 0 0 0 0 0 0 0 0 0 0 0 0 0 0 0 0 0 0 0 0 0 57 240 199 20 0 0 9 5 0 0 0 0 0 0 0 0 0 0 0 0 0 0 0 0 0 0 0 0 86 217 97 7 0 0 7 0 0 0 0 0 0 0 0 0 0 0 0 0 0 0 0 0 0 0 0 0 0 11 0 0 0 7 3 0 0 0 0 0 0 0 0 0 0 0 0 0
5 0 2 0 0 6 0 4 0 1 2 0 0 0 3 4 0 0 0 0 0 0 0 0 0 0 0 0 0 0 11 3 0 0 0 6 7 3 3 6 5 0 0 0 0 0 0 0 0 0 0 0 0 0 0 0 4 0 0 0 0 9 4 7 4 0 0 2 5 0 0 1 0 0 0 0 0 0 0 0 0 0 0 0 0 0 4 0 1 3 0 0 0 0 0 0 0 0 2 3 0 0 0 0 0 0 0 0 0 0 0 0 0 6 6 1 0 0 12 18 0 5 7 0 0 3 3 0 0 0 0 0 0 0 0 0 0 0 0 0 3 3 0 1 3 0 0 0 0 0 2 0 2 7 3 0 0 0 0 0 0 0 0 0 0 0 0 0 0 0 0 13 11 0 5 9 18 0 0 0 6 4 1 4 0 0 0 0 0 0 0 0 0 0 0 0 6 13 0 0 0 25 157 255 74 24 0 0 8 0 0 13 0 0 0 0 0 0 0 0 0 0 0 0 0 0 0 3 0 23 141 255 252 192 155 97 97 187 204 255 255 114 6 12 0 12 0 1 0 0 0 0 5 0 2 5 0 0 53 127 168 232 229 255 253 230 230 219 253 200 0 0 2 3 4 0 0 0 0 0 2 0 0 6 0 0 0 17 0 14 20 54 47 9 0 63 248 235 0 0 4 0 6 0 0 0 0 0 0 0 0 1 4 1 0 0 10 2 0 0 4 1 0 106 254 196 0 10 0 0 2 0 0 0 0 0 0 1 0 0 0 1 2 0 0 18 1 0 8 6 11 117 255 189 3 10 0 0 2 0 0 0 0 0 0 5 5 0 0 0 0 0 6 0 5 0 0 0 8 197 255 205 3 0 6 0 6 0 0 0 0 0 0 3 4 1 0 1 2 0 17 0 10 8 0 1 21 255 242 137 1 0 6 0 4 0 0 0 0 0 1 0 0 0 2 3 0 0 0 14 0 3 0 8 96 253 230 24 0 6 0 8 0 2 0 0 0 0 0 0 0 0 0 0 0 0 0 0 0 0 6 0 107 251 215 2 0 0 0 0 8 0 0 0 0 0 0 0 0 0 0 0 0 0 6 4 0 0 1 0 128 246 184 4 3 0 2 0 4 0 0 0 0 0 0 0 0 0 0 0 0 0 2 2 3 1 2 0 181 255 123 0 6 0 4 0 0 0 0 0 0 0 0 0 0 0 0 0 0 0 0 0 3 1 1 13 231 255 56 0 5 0 4 0 0 4 0 0 0 0 0 0 0 0 0 0 0 0 0 0 4 0 0 32 253 233 14 0 5 0 3 2 0 4 0 0 0 0 0 0 0 0 0 0 0 0 0 1 4 3 4 68 255 209 2 0 8 0 1 4 0 0 0 0 0 0 0 0 0 0 0 0 0 0 0 1 2 2 7 99 255 181 2 0 5 1 0 4 0 0 0 0 0 0 0 0 0 0 0 0 0 0 1 2 0 0 0 104 239 143 1 0 0 0 0 5 2 0 0 0 0 0 0 0 0 0 0 0 0 0 0 0 0 8 1 78 255 139 0 0 0 0 0 0 0 0 0 0 0 0 0 0 0 0 0 0 0 0 9 0 0 3 1 60 235 162 0 0 0 0 0 0 0 0 0 0 0 0 0 0 0 0 0 0 0 0 3 3 7 0 0 18 184 215 0 0 0 0 0 0 0 0 0 0 0 0 0 0 0 0 0 0 0 0 0 0 7 8 12 0 0 0 0 0 0 0 0 0 0 0 0 0 0 0
0 0 2 2 1 0 0 2 0 0 1 0 0 3 0 4 0 2 4 3 2 1 0 0 0 0 0 0 2 2 2 1 0 0 0 1 1 0 0 0 0 0 0 0 0 0 0 0 0 1 4 4 0 0 0 0 4 2 0 0 0 1 2 2 4 5 5 5 4 2 2 0 7 5 4 4 4 1 0 0 0 0 0 0 0 0 0 0 2 3 3 1 0 0 0 1 1 0 2 0 0 0 0 0 0 0 0 1 0 0 0 0 0 0 0 1 2 1 0 0 0 5 0 4 5 0 8 0 7 3 1 2 0 0 0 8 0 0 0 0 0 2 4 3 0 0 0 0 0 11 0 4 4 0 7 0 0 0 0 4 8 2 0 0 0 0 0 0 0 4 5 2 0 0 3 9 87 148 193 254 253 191 145 83 55 25 0 0 1 1 0 0 0 0 0 0 0 1 4 0 0 0 12 24 243 255 243 255 255 245 255 247 249 169 73 15 0 0 0 3 0 0 0 0 0 1 2 0 0 1 9 16 233 144 123 179 173 178 247 255 255 243 255 90 0 6 0 6 0 0 0 0 0 1 2 0 0 0 4 9 145 109 14 0 0 0 21 60 145 252 255 236 25 0 5 0 0 0 0 0 0 1 2 0 0 0 0 1 0 7 0 0 18 10 3 0 0 139 227 251 26 0 14 1 0 0 0 0 0 0 1 0 0 0 0 0 7 5 4 2 0 0 0 0 10 177 255 241 22 0 0 0 0 0 0 0 0 0 1 1 0 0 0 0 0 6 0 0 14 6 0 16 5 233 249 192 0 0 1 6 0 0 0 0 0 0 0 1 1 1 1 1 9 0 0 0 0 2 0 0 139 255 250 93 0 12 0 4 0 0 0 0 0 0 0 0 0 1 1 0 9 0 10 17 0 0 16 57 246 250 196 0 0 18 0 5 0 0 0 0 1 0 0 0 0 0 0 0 0 5 0 0 12 0 30 208 255 255 115 11 0 0 0 3 0 0 0 0 0 0 0 0 0 0 0 0 4 0 13 8 3 3 173 255 255 129 20 0 0 5 9 0 0 0 0 0 0 0 0 0 0 0 0 0 0 27 0 0 1 51 255 248 187 49 0 10 12 0 0 10 0 0 0 0 0 0 0 0 0 0 0 0 0 0 0 7 26 247 253 247 65 1 0 5 6 0 0 1 0 0 0 0 0 0 0 0 0 0 0 0 15 0 8 16 184 246 255 86 0 0 4 0 0 10 11 0 0 0 0 0 0 0 0 0 0 0 0 0 0 6 0 121 255 255 214 11 3 0 0 7 3 0 0 2 0 0 0 0 0 0 0 0 0 0 0 0 12 2 85 255 240 226 21 0 6 0 0 2 3 0 0 11 0 0 0 0 0 0 0 0 0 0 0 0 0 0 203 237 255 46 0 0 0 4 1 0 0 3 3 2 0 0 0 0 0 0 0 0 0 0 0 0 0 138 253 255 142 6 0 3 0 4 3 2 6 1 0 1 0 0 0 0 0 0 0 0 0 0 0 0 13 150 255 247 138 0 1 4 0 0 0 0 0 0 0 0 0 0 0 0 0 0 0 0 0 0 0 0 0 126 254 255 158 12 0 0 0 0 0 0 0 0 0 0 0 0 0 0 0 0 0 0 0 0 0 0 10 12 0 0 11 0 11 0 0 0 0 0 0 0 0 0 0 0 0 0 0 0 0 0 0 0 0 0 0 1 0 2 0 0 5 1 0 0 0 0 0 0 0 0 0 0 0 0
0 0 9 0 0 7 0 2 0 0 1 0 0 2 7 0 1 0 0 0 0 0 0 0 0 0 0 0 8 0 0 0 1 5 0 7 6 0 0 2 4 1 1 4 0 0 0 0 0 0 0 0 0 0 0 0 0 1 0 19 2 0 0 0 0 0 0 0 4 0 0 0 0 0 0 0 0 0 0 0 0 0 0 0 0 9 0 0 0 0 9 0 3 16 6 0 0 5 8 12 0 0 0 1 1 1 0 0 0 0 0 0 3 0 0 0 10 9 14 0 0 1 8 8 6 0 0 0 0 0 0 1 1 1 0 0 0 0 0 0 10 0 8 1 0 0 0 0 5 0 0 8 2 0 3 13 3 2 1 0 0 0 0 0 0 0 0 0 0 0 4 2 0 138 192 246 170 112 74 41 0 0 5 0 7 5 1 0 0 0 0 1 0 0 0 0 2 5 0 0 6 234 246 253 252 246 255 244 217 236 214 121 9 6 2 0 0 0 0 1 0 0 0 0 0 20 0 0 21 206 241 255 255 245 253 255 247 252 255 248 207 68 0 10 0 6 0 0 0 0 0 0 6 0 2 20 0 2 36 127 81 88 98 101 125 195 249 252 255 199 27 3 4 3 0 3 0 0 0 0 0 0 11 0 0 2 5 0 0 0 2 0 0 38 145 229 240 255 176 14 5 0 15 0 0 0 0 0 0 0 12 0 12 3 8 0 7 0 1 15 1 0 6 45 244 250 255 117 8 0 0 0 0 0 0 0 4 0 2 5 6 0 0 6 0 2 0 0 1 2 0 0 208 248 255 206 0 24 0 9 0 0 0 0 0 7 0 0 1 12 13 0 0 0 2 6 6 0 0 7 93 255 255 209 0 0 3 0 0 0 0 0 2 3 0 8 2 0 0 0 20 4 0 0 9 0 0 29 123 234 255 225 116 0 26 0 0 0 0 0 1 2 0 0 11 0 16 0 0 79 149 178 191 189 194 218 248 248 253 255 253 209 181 69 0 0 0 0 0 0 0 0 0 0 2 2 189 255 250 251 255 244 249 255 253 255 247 255 244 119 246 132 27 7 0 0 0 0 0 0 0 0 1 2 223 255 247 255 239 255 255 214 243 250 254 223 76 13 78 83 21 5 0 0 0 0 0 0 0 0 1 2 117 174 183 164 54 50 50 42 240 249 242 186 0 10 0 1 12 2 0 1 1 0 0 0 0 0 1 1 0 6 0 4 4 19 0 23 232 255 252 176 0 12 0 0 3 0 0 2 1 1 0 0 0 0 0 1 0 0 3 0 0 0 5 84 255 246 250 116 10 0 0 8 0 0 0 2 2 1 0 0 0 0 0 0 10 0 15 1 0 0 2 55 255 249 243 38 0 1 4 0 0 0 0 1 2 1 0 0 0 0 0 0 0 0 10 10 0 1 0 102 233 255 181 14 0 0 10 0 0 0 0 0 2 2 0 0 0 0 0 0 8 6 0 0 0 0 0 213 255 248 22 0 5 0 7 0 2 1 0 0 0 0 0 0 0 0 0 0 0 0 11 0 12 0 25 244 252 67 3 5 0 5 0 6 0 0 0 0 0 0 0 0 0 0 0 0 13 0 2 0 0 7 47 192 129 15 0 0 0 6 0 0 0 0 0 0 0 0 0 0 0 0 0 0 0 0 11 13 0 0 0 18 18 0 0 0 0 9 0 1 0 0 0 0 0 0 0 0 0 0 0 0 0 0 1 7 1 0 0 0 0 0 13 0 0 7 0 5 0 0 0 0
1 4 3 0 0 4 4 0 1 2 0 4 2 0 0 2 0 0 0 0 0 0 0 0 0 0 0 0 0 0 3 4 5 4 0 0 8 1 0 2 8 6 7 5 0 0 0 0 0 0 0 0 0 0 0 0 8 1 0 0 0 0 0 7 0 0 1 4 0 0 0 0 0 0 0 0 0 0 0 0 0 0 0 0 0 0 0 7 7 2 1 5 7 1 4 0 0 3 5 16 0 0 0 0 0 0 0 0 0 0 0 0 3 2 2 1 0 0 0 0 4 0 2 0 3 10 0 0 0 0 0 0 0 0 0 0 0 0 0 0 0 0 2 0 0 6 11 13 0 0 9 0 0 12 1 15 0 0 0 0 0 0 0 0 0 0 0 0 0 9 9 0 0 0 0 0 12 0 9 0 0 10 0 0 0 0 0 0 0 0 0 0 0 0 0 0 0 3 0 0 39 132 219 255 255 236 255 255 255 223 80 0 0 0 0 0 0 0 0 0 0 0 0 0 17 0 0 14 75 247 255 250 255 252 252 255 245 255 249 170 117 0 0 0 3 13 0 0 0 0 0 0 0 15 23 0 22 204 201 123 91 143 213 199 170 212 255 255 211 135 19 7 0 2 0 5 0 0 0 0 0 0 0 0 0 41 13 0 0 14 3 7 0 10 144 242 255 239 32 7 0 2 0 9 0 0 0 0 16 0 1 15 0 10 0 0 10 0 2 2 3 7 17 120 251 253 85 0 0 11 0 0 0 0 0 0 0 0 0 0 0 9 3 1 0 20 0 0 0 0 16 49 247 249 192 18 0 10 0 0 0 0 0 0 14 2 0 9 5 0 0 2 0 0 20 0 0 9 0 47 255 255 246 34 0 0 1 1 0 0 0 0 0 4 0 0 0 2 3 0 20 0 0 2 5 0 3 54 255 252 173 18 0 0 5 4 0 0 0 0 2 4 0 1 8 0 0 10 6 0 12 0 0 12 0 39 253 245 69 0 0 4 6 0 0 0 0 0 0 0 0 0 0 0 0 0 4 0 4 5 0 11 0 159 252 254 48 0 0 1 0 0 0 0 0 0 0 0 0 0 0 0 0 0 0 4 1 0 10 0 4 173 252 255 51 1 0 3 3 0 0 0 0 0 0 0 0 0 0 0 0 0 4 6 0 0 19 0 2 186 250 253 42 2 0 4 4 0 0 0 0 0 0 0 0 0 0 0 0 0 0 0 19 6 0 0 33 246 252 217 18 0 0 0 2 0 0 0 0 0 0 0 0 0 0 0 0 0 4 0 2 5 1 12 141 255 255 161 0 0 1 0 0 2 0 0 0 0 0 0 0 0 0 0 0 0 11 0 0 0 18 15 238 245 255 98 0 1 5 0 0 1 0 0 0 0 0 0 0 0 0 0 0 0 0 12 9 12 0 38 255 255 229 36 3 0 3 0 3 0 0 0 0 0 0 0 0 0 0 0 0 0 4 1 0 6 0 152 255 250 199 0 8 0 0 2 11 0 0 0 0 0 0 0 0 0 0 0 0 0 0 15 0 0 127 245 255 243 133 16 0 8 0 0 5 1 0 0 0 0 0 0 0 0 0 0 0 0 0 0 0 9 121 254 254 160 25 0 0 10 0 0 9 0 0 0 0 0 0 0 0 0 0 0 0 0 3 0 3 1 37 137 152 54 0 0 8 3 0 0 7 0 0 0 0 0 0 0 0 0 0 0 0 0 13 0 5 0 0 4 31 0 8 3 0 0 2 0 0 5 0 0 0 0
0 1 0 0 6 3 0 0 5 2 0 0 0 0 0 0 0 0 0 0 0 0 0 0 0 0 0 0 0 6 6 0 0 0 7 6 0 0 3 5 4 1 0 0 0 0 0 0 0 0 0 0 0 0 0 0 0 0 3 2 0 2 2 0 0 0 0 0 0 0 1 5 0 0 0 0 0 0 0 0 0 0 0 0 5 0 0 12 4 0 0 0 8 5 1 0 0 0 0 0 0 0 0 0 0 0 0 0 0 0 0 0 0 1 5 3 0 0 4 14 0 0 0 4 10 11 7 3 0 0 0 0 0 0 0 0 0 0 0 0 0 10 1 0 0 7 0 0 7 4 0 0 0 0 0 0 0 0 0 0 0 0 0 0 0 0 0 0 0 9 0 0 12 6 0 18 0 0 5 6 3 0 1 4 0 0 0 0 0 0 0 0 0 0 0 0 0 7 0 1 6 0 15 133 253 255 252 213 147 74 17 0 0 0 0 0 0 0 0 0 0 0 0 0 0 0 3 2 0 0 14 35 181 208 253 255 233 255 232 158 149 147 132 143 11 0 3 1 0 0 0 0 2 0 0 0 0 0 2 13 0 20 66 124 169 240 251 240 255 249 255 242 77 0 5 0 0 0 0 0 5 0 0 0 0 0 0 0 7 4 0 0 14 65 114 158 136 225 255 255 45 6 0 7 0 0 0 0 3 0 0 0 3 3 0 0 0 10 1 18 0 0 0 0 5 201 248 193 0 4 0 0 0 0 0 0 1 2 2 0 0 2 3 2 0 0 0 11 0 3 9 0 75 249 255 90 6 0 10 0 0 0 0 0 0 4 4 0 0 0 0 1 8 0 1 7 0 9 0 9 204 255 165 17 1 3 2 4 0 0 0 0 0 3 4 0 0 0 0 0 3 0 0 0 0 2 0 120 255 220 52 0 0 13 0 4 0 0 0 0 0 1 2 0 2 6 4 0 0 2 7 0 10 0 5 235 249 137 0 0 7 6 0 3 0 0 0 0 0 0 0 0 0 0 0 0 0 5 3 0 5 12 93 255 213 29 0 0 0 12 0 5 0 0 0 0 0 0 0 0 0 0 0 0 0 2 0 0 7 0 218 253 88 0 0 7 0 8 0 3 0 0 0 0 0 0 0 0 0 0 0 0 6 0 15 0 2 95 255 201 10 0 3 2 0 1 0 6 0 0 0 0 0 0 0 0 0 0 0 0 0 14 0 7 91 213 247 70 1 9 0 0 0 2 6 2 0 0 0 0 0 0 0 0 0 0 0 0 0 8 0 10 217 255 135 0 0 5 0 0 11 4 1 0 0 0 0 0 0 0 0 0 0 0 0 0 7 0 3 79 255 247 6 1 0 3 0 2 6 0 0 0 0 0 0 0 0 0 0 0 0 0 0 0 0 19 1 203 251 103 0 5 7 4 5 0 0 0 0 5 0 0 0 0 0 0 0 0 0 0 0 0 3 0 75 254 237 7 4 0 0 0 3 0 0 11 0 0 0 0 0 0 0 0 0 0 0 0 0 0 0 33 231 241 118 0 0 7 0 0 0 0 0 0 0 0 0 0 0 0 0 0 0 0 0 0 0 0 0 167 255 210 0 20 0 3 0 0 0 0 0 0 0 0 0 0 0 0 0 0 0 0 0 0 0 0 10 123 216 53 15 0 17 6 0 0 0 0 0 0 0 0 0 0 0 0 0 0 0 0 0 0 0 0 0 13 11 0 0 4 0 3 0 0 0 0 0 0 0 0 0 0 0 0
0 0 0 0 0 0 0 0 4 0 1 0 11 0 6 0 0 0 4 1 0 4 6 0 0 0 0 0 0 0 0 0 0 0 0 0 8 0 0 4 8 0 0 3 15 1 0 0 0 0 0 12 0 0 0 0 0 0 0 0 0 0 0 0 0 0 0 0 0 3 3 0 0 0 4 0 10 0 1 0 0 0 0 0 0 0 0 0 0 0 0 0 3 5 9 0 3 1 5 0 8 6 8 0 14 0 1 0 0 0 0 0 0 0 0 0 0 0 0 0 4 0 0 0 17 0 1 7 0 0 0 0 16 0 0 2 0 0 0 0 0 0 0 0 0 0 0 0 8 5 11 0 4 0 0 0 0 11 19 0 0 1 16 1 0 0 0 0 0 0 0 0 0 0 0 0 0 0 0 9 0 2 0 12 255 255 232 138 2 0 4 0 0 0 0 0 0 0 0 0 0 0 0 0 10 0 4 132 120 129 139 242 249 253 255 245 72 4 0 11 0 0 0 0 0 0 0 0 0 0 0 0 0 9 193 244 253 255 255 255 247 255 252 255 130 0 5 1 0 0 0 0 0 0 0 0 0 0 0 0 7 48 255 254 251 236 243 255 146 248 249 255 136 2 0 7 0 0 0 0 0 0 0 0 0 0 0 0 0 66 255 255 250 255 132 70 50 255 255 250 5 0 0 0 0 0 0 0 0 0 0 0 0 0 0 0 0 7 53 244 211 69 0 0 190 255 255 243 0 16 13 11 0 0 0 0 0 0 0 0 0 0 0 0 16 0 4 0 2 0 0 81 255 235 255 122 12 0 9 0 0 0 0 0 0 0 0 0 0 0 0 0 0 5 0 0 5 5 17 112 246 255 249 14 0 0 6 1 0 0 0 0 0 0 0 0 0 0 0 0 1 0 13 10 0 6 0 203 255 254 133 0 0 11 0 13 0 0 0 0 0 0 0 0 0 0 0 0 1 4 0 0 18 0 68 250 250 255 127 3 0 4 5 0 0 0 0 0 5 0 10 6 0 0 10 0 2 1 120 132 200 255 242 255 254 251 255 59 0 0 3 0 0 0 0 0 0 0 1 4 7 0 0 4 255 250 253 249 244 251 255 255 255 246 209 13 0 1 17 0 0 0 0 0 2 9 0 0 4 0 19 114 255 243 255 249 248 255 251 246 191 56 0 0 27 7 0 2 0 0 0 0 0 7 7 0 6 0 0 79 244 255 235 191 255 246 255 189 0 9 9 0 0 0 3 0 0 0 0 0 0 0 2 4 11 3 0 0 127 145 122 137 254 255 226 141 5 0 0 17 14 0 0 3 0 0 0 0 10 0 0 0 0 12 14 11 0 0 3 255 244 251 255 49 0 6 0 0 0 4 10 0 0 0 0 0 0 0 11 1 0 0 0 0 0 8 59 255 250 255 63 8 6 9 11 0 0 7 3 0 0 0 0 0 0 0 0 0 9 10 0 5 6 0 138 255 234 255 0 0 3 0 6 0 7 0 0 7 0 0 0 0 0 0 0 0 0 0 0 0 1 0 128 255 240 255 0 0 0 0 0 0 0 0 0 0 0 0 0 0 0 0 0 0 0 0 0 0 0 6 6 239 216 63 1 1 0 0 0 0 0 0 0 0 0 0 0 0 0 0 0 0 0 0 0 0 0 7 0 0 0 0 0 4 0 0 0 0 0 0 0 0 0 0 0 0 0 0 0 0 0 0 0 0 8 0 4 10 13 0 0 7 0 0 0 0 0 0 0 0 0 0 0 0
0 0 0 0 0 0 0 0 0 3 0 0 0 2 4 0 8 0 0 7 0 19 0 0 0 0 0 0 0 0 0 0 0 0 0 0 0 3 6 8 8 5 0 0 0 0 9 0 0 0 0 24 0 0 0 0 0 0 0 0 0 0 0 0 0 0 0 0 0 0 0 3 0 5 7 0 6 13 0 0 0 0 0 0 0 0 0 0 0 0 0 0 9 9 7 3 0 0 2 4 0 10 0 0 0 9 0 11 0 0 0 0 0 0 0 0 0 0 0 0 0 0 0 0 0 5 5 0 19 0 0 17 0 0 0 0 0 0 0 0 0 0 0 0 0 0 0 0 8 7 2 0 0 0 1 0 0 0 1 0 1 0 17 0 0 0 0 0 0 0 0 0 0 0 0 0 7 0 0 6 11 0 0 0 0 28 0 5 4 0 0 7 0 0 0 0 0 0 0 0 0 0 0 0 102 100 145 224 255 254 246 255 255 230 107 237 249 184 1 2 0 0 0 0 0 4 0 0 8 0 0 142 248 250 253 252 250 250 252 254 254 244 255 255 248 238 131 9 0 0 0 0 0 2 0 0 0 0 43 231 255 255 251 251 253 254 252 249 250 255 237 255 255 255 170 0 0 0 0 0 0 0 0 0 0 0 59 241 246 253 255 255 255 252 250 251 250 255 251 242 243 247 147 14 0 0 0 0 5 0 0 0 4 0 16 124 217 241 255 247 212 182 174 178 182 85 245 255 244 253 124 0 0 0 0 0 2 0 0 0 9 0 0 13 44 67 85 73 38 8 1 6 0 18 251 246 248 156 2 4 0 0 0 0 0 0 3 0 6 0 0 0 0 0 5 6 2 0 0 1 2 93 255 255 255 110 11 0 0 0 0 0 0 0 4 0 4 0 14 3 7 2 0 0 0 2 3 2 17 194 254 247 210 26 0 4 0 0 0 0 7 0 2 0 6 0 8 0 0 1 1 0 0 2 7 12 182 255 246 240 113 0 8 0 0 0 0 0 0 0 0 0 0 0 0 0 5 0 0 1 0 4 79 196 248 255 250 168 0 0 14 0 0 0 0 0 0 0 0 0 0 0 0 0 0 22 4 3 0 10 226 235 255 227 246 33 11 5 0 9 0 0 0 0 0 0 0 0 0 0 0 0 7 0 2 3 26 94 243 255 245 249 64 15 0 0 5 0 0 0 0 0 0 0 0 0 0 0 0 0 13 0 11 0 84 255 249 255 250 122 0 0 0 0 9 0 0 0 0 0 0 0 0 0 0 0 0 0 1 0 0 66 154 255 247 245 193 0 9 0 8 8 0 5 0 0 0 0 0 0 0 0 0 0 0 0 5 2 93 219 255 236 255 255 65 10 0 16 0 2 0 7 0 0 0 0 0 0 0 0 0 0 0 0 0 81 215 249 255 255 217 155 5 0 6 0 2 1 0 6 0 0 0 0 0 0 0 0 0 0 0 0 75 235 255 248 244 255 105 0 2 0 0 0 0 0 7 0 0 0 0 0 0 0 1 0 0 0 5 12 246 244 249 250 255 211 0 6 0 0 0 0 0 0 0 0 0 0 0 0 0 0 1 0 0 0 4 10 227 255 248 247 163 72 0 0 0 0 0 0 0 0 0 0 0 0 0 0 0 1 2 1 0 0 2 5 122 236 255 255 99 0 0 0 0 0 0 0 0 0 0 0 0 0 0 0 0 1 2 2 0 0 0 1 8 3 0 5 0 1 13 0 0 0 0 0 0 0 0 0 0 0 0 0
0 0 0 0 0 0 0 0 3 4 2 2 1 0 0 11 0 0 7 0 0 0 0 8 0 0 0 0 0 0 0 0 0 0 0 0 0 0 0 1 5 4 0 0 9 7 0 0 5 0 0 0 0 0 0 0 0 0 0 0 0 0 0 0 8 2 1 0 0 5 7 0 0 0 0 0 7 0 18 0 0 0 0 0 0 0 0 0 0 0 0 0 4 0 4 4 0 0 5 3 9 0 16 2 3 0 6 0 0 0 0 0 0 0 0 0 0 0 0 0 0 0 0 10 7 0 0 0 0 0 10 0 0 2 0 3 0 0 0 0 0 0 0 0 0 0 0 0 12 9 0 0 7 3 0 0 5 2 0 0 5 12 0 1 0 0 0 0 0 0 0 0 0 0 0 0 0 16 5 0 3 5 0 5 0 27 0 5 6 0 0 10 0 0 0 0 0 0 0 0 0 0 0 0 31 125 151 130 146 148 131 143 174 252 144 142 74 0 0 0 0 0 0 0 10 0 0 3 0 36 133 193 255 255 255 255 255 255 255 255 255 240 255 255 245 152 0 3 0 0 0 0 0 4 13 0 14 128 240 255 185 185 185 185 185 185 185 185 145 121 172 189 254 217 74 7 0 0 0 0 0 0 5 0 0 16 47 41 1 1 1 1 1 1 1 1 11 0 0 13 181 255 151 0 0 0 0 0 13 0 0 16 7 0 0 4 0 0 0 0 0 0 0 0 2 13 12 0 151 252 165 15 0 0 0 0 5 5 4 0 0 1 7 1 1 1 1 1 1 1 1 1 2 0 0 57 255 255 132 4 0 0 0 0 0 0 5 0 0 6 5 0 0 0 0 0 0 0 0 0 0 25 5 255 254 217 5 11 0 0 0 0 11 5 0 0 0 0 0 9 0 0 0 0 0 0 0 0 0 25 115 241 236 86 11 0 0 0 0 0 0 0 0 0 6 3 0 1 2 2 2 2 2 2 2 2 2 126 255 255 119 0 11 0 0 0 0 0 0 0 0 0 0 0 0 0 0 10 0 0 1 8 0 6 113 255 249 111 11 2 0 5 0 0 0 0 0 0 0 0 0 0 0 0 5 0 2 32 0 0 15 152 251 255 177 12 0 0 10 0 0 0 0 0 0 0 0 0 0 0 0 0 2 1 0 0 6 25 180 255 250 163 28 0 0 14 0 4 0 0 0 0 0 0 0 0 0 0 0 0 0 5 8 6 50 214 249 238 103 19 0 0 19 0 0 12 0 0 0 0 0 0 0 0 0 0 0 0 4 0 6 114 253 251 218 57 3 0 6 0 0 0 6 0 0 0 0 0 0 0 0 0 0 0 0 0 0 20 99 255 255 195 43 0 0 10 0 14 0 9 0 0 0 0 0 0 0 0 0 0 0 0 0 0 0 159 239 255 132 8 1 8 8 0 3 0 21 0 3 2 0 0 0 0 0 0 0 0 0 0 0 0 94 255 253 184 21 6 0 0 0 10 0 0 0 4 0 0 0 0 0 0 0 0 0 0 1 8 0 73 252 253 218 13 8 3 0 3 0 0 0 0 0 0 0 0 0 0 0 0 0 0 1 8 0 0 28 177 250 243 160 23 0 0 1 11 0 0 0 0 0 0 0 0 0 0 0 0 3 0 0 6 0 0 15 137 255 187 20 0 0 9 13 0 0 0 0 0 0 0 0 0 0 0 0 0 0 1 1 0 1 1 0 18 0 9 0 22 0 0 7 0 0 0 0 0 0 0 0 0 0 0 0 0
0 0 0 0 0 0 0 0 0 0 0 0 0 0 0 0 0 0 0 0 0 0 0 0 0 0 0 0 0 0 0 0 0 0 0 0 0 0 0 0 0 0 0 0 0 0 0 0 0 0 0 0 0 0 0 0 0 0 0 0 0 0 0 0 0 0 0 0 0 0 0 0 0 0 0 0 0 0 0 0 0 0 0 0 0 0 0 0 0 0 0 0 0 0 0 0 0 0 0 0 0 0 0 0 0 0 0 0 0 0 0 0 0 0 0 0 0 0 0 0 0 0 0 0 0 0 0 0 0 0 0 0 0 0 0 0 0 0 0 0 0 0 0 0 0 0 0 0 0 0 0 0 0 0 0 0 0 0 0 0 0 0 0 0 0 0 0 0 0 0 0 0 0 0 0 0 0 0 0 0 0 0 0 0 0 0 0 0 0 0 0 0 0 0 0 0 0 0 0 0 0 0 0 0 0 0 0 0 0 0 0 0 0 0 0 0 0 0 0 0 0 0 0 0 0 14 0 6 69 39 37 26 23 24 55 140 146 92 26 31 23 127 214 241 158 6 7 0 0 0 0 0 0 0 11 127 255 244 247 250 255 255 248 246 248 254 247 253 255 251 251 255 101 0 0 7 0 0 0 0 8 0 9 124 255 251 254 255 240 249 255 254 255 249 248 253 244 252 255 252 43 0 12 0 0 0 0 0 19 0 0 59 207 255 255 238 215 251 243 175 193 239 255 247 255 251 239 255 74 0 5 0 0 0 0 0 0 5 6 0 6 0 9 8 0 0 0 0 5 0 0 3 72 252 255 223 27 0 20 4 0 0 0 0 6 3 4 0 11 0 0 0 0 18 14 0 0 9 8 0 50 250 240 211 53 5 0 0 0 0 0 0 0 0 6 0 2 0 1 12 0 0 0 5 7 0 0 9 88 255 254 85 0 0 3 14 0 0 0 0 2 0 11 0 0 0 3 0 2 8 0 3 0 7 4 26 209 247 241 0 13 0 5 0 0 0 0 0 0 0 0 0 0 0 0 0 0 0 0 6 0 5 3 49 255 246 215 2 2 0 10 0 0 0 0 0 0 0 0 0 0 0 0 0 0 5 0 0 0 3 0 87 243 255 37 8 3 0 0 0 0 0 0 0 0 0 0 0 0 0 0 0 0 14 0 0 0 6 20 200 254 174 0 0 0 2 0 0 0 0 0 0 0 0 0 0 0 0 0 0 0 11 0 3 4 4 19 243 255 115 28 0 1 4 0 0 0 0 0 0 0 0 0 0 0 0 0 0 3 0 0 3 6 0 1 196 245 164 3 0 11 0 0 0 0 0 0 0 0 0 0 0 0 0 0 0 2 1 0 4 0 0 73 226 255 136 0 0 9 0 7 0 0 0 0 0 0 0 0 0 0 0 0 0 0 3 12 2 0 50 199 255 190 33 9 0 1 1 11 0 0 0 0 0 0 0 0 0 0 0 0 0 1 0 2 0 8 106 255 246 57 0 5 1 1 4 0 7 0 0 0 0 0 0 0 0 0 0 0 0 9 8 0 0 7 114 241 255 58 7 0 8 0 0 7 0 0 0 0 0 0 0 0 0 0 0 0 0 0 1 5 7 0 159 248 250 42 2 0 5 0 0 7 0 0 0 0 0 0 0 0 0 0 0 0 0 35 0 5 0 8 219 251 183 20 0 0 2 0 0 7 0 0 0 0 0 0 0 0 0 0 0 0 0 0 7 0 7 0 26 246 129 4 0 1 1 0 0 6 0 0 0 0 0
0 0 0 0 3 4 2 0 0 0 1 2 0 8 0 13 0 3 8 0 0 0 10 0 0 0 0 0 0 0 1 0 0 0 0 0 4 0 3 1 3 18 0 0 0 0 0 2 11 0 0 0 0 0 0 0 0 1 1 0 0 0 0 3 2 2 9 0 0 1 1 5 5 6 4 0 2 0 5 0 0 0 0 0 1 0 0 1 2 1 2 5 0 0 12 4 0 0 0 0 0 1 12 0 13 0 0 0 0 0 0 0 4 0 0 2 5 2 0 0 16 1 0 0 5 1 2 3 6 0 0 0 6 0 0 11 0 0 0 0 6 0 0 1 3 0 0 0 0 1 0 13 0 0 0 0 0 7 12 1 0 10 11 0 0 0 0 0 3 0 0 2 0 0 3 17 0 36 14 37 18 89 158 214 255 245 189 100 0 1 14 0 0 0 0 0 0 0 2 5 0 0 14 39 144 224 222 255 212 254 254 253 255 253 255 246 77 4 0 2 0 0 0 0 4 0 4 0 5 0 2 127 247 253 255 247 255 253 223 255 238 255 252 247 127 8 0 0 0 0 0 0 0 0 6 0 6 6 7 90 247 255 244 229 162 67 118 243 255 250 235 255 105 0 0 11 0 0 0 0 0 0 7 0 0 8 0 24 22 84 75 8 0 0 180 255 254 242 255 190 25 0 0 0 0 0 0 0 5 0 5 0 0 5 0 0 0 4 20 0 3 42 231 247 251 250 250 78 0 9 4 0 0 0 0 0 6 0 0 3 0 6 5 2 5 0 2 4 6 112 248 255 255 234 103 1 0 15 0 2 0 0 0 0 6 0 0 4 0 0 4 7 10 9 7 0 0 202 255 255 250 208 0 0 0 0 0 0 0 0 0 0 1 5 1 0 0 0 0 0 0 0 0 11 116 252 253 252 247 125 0 17 0 4 3 7 0 0 0 0 0 10 4 0 2 4 5 0 0 0 7 0 202 250 254 253 247 0 2 5 0 12 0 5 0 0 0 0 0 0 0 0 0 0 0 0 3 9 0 94 237 255 247 248 108 13 0 12 0 0 7 0 0 0 0 0 0 0 0 0 0 0 0 0 0 7 0 234 250 243 255 194 31 0 0 10 0 0 10 1 0 0 0 0 0 0 0 0 0 0 0 0 13 0 5 255 254 255 255 87 0 0 6 7 0 0 7 0 0 0 0 0 0 0 0 0 0 0 0 0 5 11 155 247 252 255 247 68 1 8 4 0 0 5 0 0 0 0 0 0 0 0 0 0 0 0 0 0 0 38 255 252 255 255 240 54 1 4 0 0 1 1 0 1 0 0 0 0 0 0 0 0 0 0 0 0 2 60 251 252 248 255 211 2 0 0 1 2 2 0 0 7 0 0 0 0 0 0 0 0 0 0 0 0 8 124 245 255 242 248 136 4 0 3 9 7 0 0 0 1 0 0 0 0 0 0 0 0 0 0 0 0 0 172 255 246 255 255 51 0 0 0 0 0 0 5 7 0 0 0 0 0 0 0 0 0 0 0 0 0 0 64 232 244 255 207 2 14 0 0 0 0 0 0 0 0 0 0 0 0 0 0 0 0 0 0 0 0 7 10 0 233 68 23 26 0 0 0 0 0 0 0 0 0 0 0 0 0 0 0 0 0 0 0 0 0 0 11 2 5 6 0 1 1 0 0 0 0 0 0 0 0 0 0 0 0 0 0 0 0 0 0 0 0 0 8 10 0 5 0 1 5 0 0 0 0 0 0 0 0 0 0 0 0
0 0 0 0 3 4 2 0 0 2 1 0 0 5 5 0 2 0 0 0 0 0 0 8 0 0 0 0 0 0 1 0 0 0 0 0 0 0 0 4 0 0 0 3 2 0 0 3 4 1 0 0 0 0 0 0 0 1 1 0 0 0 0 3 3 0 0 3 6 6 4 3 0 0 0 0 2 5 1 0 0 0 0 0 1 0 0 1 2 1 2 5 0 5 2 0 0 4 2 0 0 3 1 0 0 2 4 1 0 0 0 0 4 0 0 2 5 2 0 0 0 8 10 0 0 0 0 2 0 5 6 2 0 0 1 1 0 0 0 0 6 0 0 1 3 0 0 0 0 0 0 0 5 0 0 7 0 0 0 3 2 0 0 2 0 0 0 0 3 0 0 2 0 0 3 17 0 5 11 4 0 0 0 0 14 0 0 3 6 0 0 3 0 0 0 0 0 0 2 5 0 0 14 39 147 225 254 191 132 133 144 135 73 37 10 10 9 0 0 0 0 0 0 0 0 0 0 0 13 0 49 255 254 249 255 248 255 245 255 247 248 247 255 243 149 0 3 1 0 0 0 0 0 4 13 0 0 0 53 243 255 204 188 196 212 196 209 201 234 223 246 247 187 8 2 0 0 0 0 0 0 0 5 0 5 0 16 114 78 19 4 7 5 0 0 0 22 133 250 255 179 0 8 10 0 0 0 0 5 0 0 0 9 8 0 0 8 0 0 0 0 3 5 0 51 222 255 236 62 15 0 3 0 0 0 0 4 0 7 0 0 1 0 0 0 0 1 0 3 21 1 0 157 255 248 97 3 5 0 0 0 0 0 0 0 2 9 1 0 0 9 7 6 0 4 5 0 0 0 61 243 255 226 40 22 0 4 0 0 0 0 0 0 0 0 2 0 0 1 0 0 0 2 9 0 0 28 199 253 238 45 10 0 18 0 6 0 0 0 0 1 4 0 3 1 0 2 0 6 6 0 0 0 5 49 247 251 221 4 0 1 0 0 3 0 0 0 0 0 0 0 0 0 0 0 0 0 13 0 0 3 50 228 253 255 37 0 6 0 9 0 4 0 0 0 0 0 0 0 0 0 0 0 0 14 0 0 2 15 165 247 255 155 10 0 8 0 8 0 0 0 0 0 0 0 0 0 0 0 0 0 0 0 0 0 1 123 255 248 218 44 0 0 7 0 3 4 0 0 0 0 0 0 0 0 0 0 0 0 0 1 0 9 18 199 255 247 55 0 0 0 3 0 0 6 0 0 0 0 0 0 0 0 0 0 0 0 0 0 16 3 9 255 248 213 23 0 8 0 2 3 0 3 2 0 0 0 0 0 0 0 0 0 0 0 0 11 0 6 94 248 255 187 25 0 6 0 3 10 0 0 0 0 0 0 0 0 0 0 0 0 0 0 0 0 3 3 173 243 255 69 0 0 0 0 0 5 5 0 0 0 0 0 0 0 0 0 0 0 0 0 0 0 7 5 255 251 255 62 0 0 0 6 0 0 6 0 3 0 0 0 0 0 0 0 0 0 0 0 0 0 2 105 247 255 233 37 0 0 0 0 0 0 0 0 0 0 0 0 0 0 0 0 0 0 0 0 0 0 0 142 252 240 198 0 6 0 0 0 0 0 0 0 0 0 0 0 0 0 0 0 0 0 0 0 0 0 8 45 255 249 44 0 4 0 0 0 0 0 0 0 0 0 0 0 0 0 0 0 0 0 0 0 0 2 0 14 0 0 12 0 0 0 0 0 0 0 0 0 0 0 0 0 0
0 0 0 0 0 0 0 0 0 0 0 0 0 0 0 0 5 4 0 1 6 0 0 0 0 0 0 0 0 0 0 0 0 0 0 0 0 0 0 0 0 0 0 0 0 0 0 0 0 3 7 6 0 0 0 0 0 0 0 0 0 0 0 0 0 0 0 0 0 0 0 0 0 0 8 9 0 0 0 0 0 0 0 0 0 0 0 0 0 0 0 0 0 0 0 0 0 0 0 0 8 0 0 3 0 0 1 8 0 0 0 0 0 0 0 0 0 0 0 0 0 0 0 0 0 0 0 0 1 0 0 3 4 0 0 0 0 0 0 0 0 0 0 0 0 0 0 0 0 0 0 0 0 0 0 0 3 14 3 0 0 8 4 3 0 0 0 0 0 0 0 0 0 0 0 0 0 0 0 0 0 0 0 0 0 2 0 0 17 0 0 2 0 0 0 0 0 0 0 0 0 0 0 0 0 0 0 0 0 0 0 0 55 110 173 242 243 112 0 4 0 0 0 0 0 5 0 1 0 0 1 4 0 19 0 59 111 113 109 239 246 236 255 251 251 91 7 2 0 0 0 0 5 2 0 0 10 113 224 233 234 202 230 255 255 241 253 251 255 255 239 248 255 78 13 0 0 0 0 0 5 0 6 0 0 106 244 245 255 255 246 239 247 255 255 247 214 168 242 255 255 168 0 9 0 0 0 0 0 0 5 18 2 85 228 255 236 255 255 255 243 255 188 135 39 0 179 238 247 139 0 0 0 0 0 0 11 4 0 2 0 2 79 124 75 141 70 48 73 69 0 10 2 4 88 255 253 214 7 0 0 0 0 0 0 8 0 0 6 0 0 0 0 0 0 0 1 4 5 0 0 100 226 243 241 70 0 19 0 0 0 0 0 6 0 0 5 5 5 0 2 10 3 0 5 0 0 3 56 239 255 244 136 0 6 0 0 0 0 0 2 1 0 7 2 0 1 0 0 8 0 9 0 11 0 13 172 250 253 201 0 18 0 0 0 0 0 0 0 0 0 0 0 0 0 0 0 3 0 5 0 0 0 110 245 255 255 105 9 4 0 0 0 0 0 0 0 0 0 0 0 0 0 0 6 14 0 0 1 7 4 243 255 251 161 28 0 0 6 5 0 0 0 0 0 0 0 0 0 0 0 0 0 18 3 0 11 0 113 249 255 232 67 0 0 0 5 0 0 0 0 0 0 0 0 0 0 0 0 0 12 0 1 4 0 47 244 255 237 157 2 0 9 3 3 0 0 0 0 0 0 0 0 0 0 0 0 0 17 0 8 0 0 190 254 248 247 107 0 4 0 0 0 6 0 0 0 0 0 0 0 0 0 0 0 0 0 6 0 20 136 255 243 247 211 63 0 7 0 2 0 0 0 0 0 0 0 0 0 0 0 0 0 0 4 0 13 135 255 236 255 239 65 0 0 0 0 2 1 0 0 0 0 0 0 0 0 0 0 0 0 0 0 6 141 245 249 255 237 46 0 1 10 0 6 0 3 0 0 0 0 0 0 0 0 0 0 0 0 0 9 0 182 255 254 225 63 0 0 0 0 0 0 0 0 0 0 0 0 0 0 0 0 0 0 0 0 0 0 61 250 242 252 123 0 0 0 0 0 0 0 0 0 0 0 0 0 0 0 0 0 0 0 0 0 0 3 40 255 236 116 0 9 0 0 0 0 0 0 0 0 0 0 0 0 0 0 0 0 0 0 0 0 0 0 2 0 0 18 2 0 22 0 0 0 0 0 0 0 0 0 0 0 0
0 0 0 0 0 0 0 0 0 1 3 0 6 0 11 0 1 0 0 0 1 0 0 0 0 0 0 0 0 0 0 0 0 0 0 0 11 0 0 0 0 2 0 0 2 0 2 4 2 0 0 1 0 0 0 0 0 0 0 0 0 0 0 0 2 0 5 8 0 19 6 0 0 1 4 6 1 0 0 3 0 0 0 0 0 0 0 0 0 0 0 0 0 2 10 10 0 3 0 0 3 0 0 1 0 0 0 4 0 0 0 0 0 0 0 0 0 0 0 0 0 17 0 0 23 0 5 5 15 4 0 0 0 0 1 2 0 0 0 0 0 0 0 0 0 0 0 0 2 10 4 18 72 159 242 110 25 10 0 0 2 3 0 0 0 0 0 0 0 0 0 0 0 0 0 0 3 0 0 0 5 176 251 26 16 6 0 0 3 1 0 0 0 0 0 0 0 0 0 0 0 0 0 0 0 12 0 5 77 241 250 112 0 0 0 0 2 0 0 1 0 0 0 0 0 0 0 0 0 0 0 0 3 3 0 30 203 245 255 215 70 11 34 6 101 169 199 40 0 0 0 0 0 0 0 0 0 0 0 0 2 0 36 234 255 255 255 242 255 212 236 233 255 255 252 46 0 0 0 0 0 0 0 0 0 0 0 0 0 14 196 255 207 16 38 181 207 255 252 254 235 255 152 23 0 0 0 0 0 0 0 0 0 0 0 0 0 156 244 251 36 10 18 1 10 124 241 255 255 115 4 0 0 0 0 0 0 0 0 0 0 0 0 0 113 222 255 96 1 13 0 0 62 210 239 252 107 0 3 12 0 0 0 0 0 0 0 0 0 0 0 0 201 255 127 4 0 0 15 29 200 239 255 58 3 0 0 0 0 0 0 0 0 0 0 0 0 0 0 0 57 92 21 0 23 0 33 227 245 227 50 4 9 0 15 0 0 0 0 0 0 0 0 0 0 0 0 0 6 0 0 0 0 70 255 255 223 84 1 0 0 7 4 0 0 0 0 0 0 9 5 3 4 0 0 0 7 0 5 0 62 240 252 248 58 21 0 0 7 0 0 2 0 0 0 0 7 2 0 0 0 0 5 4 10 0 3 65 240 255 242 65 12 0 0 0 6 0 0 2 0 0 0 0 4 0 0 3 0 0 0 0 0 28 53 233 255 202 107 6 0 0 0 3 3 0 0 0 0 0 0 0 0 0 12 9 0 3 1 0 4 39 252 255 240 117 0 0 1 5 6 1 0 0 0 0 0 0 0 0 2 0 11 0 0 8 2 3 15 214 255 236 73 0 7 0 0 1 0 0 0 1 3 0 0 0 0 0 7 0 5 0 1 4 0 7 167 251 236 87 0 1 3 0 0 0 1 0 1 3 0 0 0 0 0 0 3 0 4 0 7 0 0 92 231 255 252 62 6 0 4 7 3 2 4 6 4 0 0 0 0 0 0 0 5 0 2 0 0 0 52 231 255 243 240 15 0 6 0 0 0 0 0 0 0 0 0 11 0 0 0 0 0 3 0 2 6 0 70 238 255 179 78 9 0 0 2 2 0 0 0 0 0 0 0 0 0 0 0 0 0 9 0 0 14 0 0 21 9 4 0 0 1 1 0 0 0 0 0 0 0 0 0 0 0 0 0 0 3 12 0 0 1 9 0 0 0 0 4 4 0 0 4 10 0 0 0 0 0 0 0 0 0 0 0 0 0 0 3 3 0 1 5 4 8 4 0 0 0 0 0 0 0 0 0 0 0 0 0 0 0 0 0 0
0 0 0 0 0 0 0 0 4 0 6 14 0 0 9 0 0 0 0 0 0 0 0 0 0 0 0 0 0 0 0 0 0 0 0 0 0 8 0 0 6 10 0 3 0 0 0 0 0 0 0 0 0 0 0 0 0 0 0 0 0 0 0 0 0 0 7 10 1 0 0 0 0 0 0 0 0 0 0 0 0 0 0 0 0 0 0 0 0 0 0 0 0 2 0 0 8 0 0 18 0 0 0 0 0 0 0 0 0 0 0 0 0 0 0 0 0 0 0 0 12 0 0 6 0 6 7 0 0 0 0 0 0 0 0 0 0 0 0 0 0 0 0 0 0 0 0 0 0 0 3 0 0 0 6 12 0 0 0 0 0 0 0 0 0 0 0 0 0 0 0 0 0 0 0 0 0 23 4 103 255 185 8 0 0 0 0 0 0 0 0 0 0 0 0 0 0 0 0 0 0 0 0 0 3 0 119 255 219 58 0 7 0 0 0 0 0 0 0 0 0 0 0 0 1 6 0 0 3 6 0 0 0 148 255 251 231 91 62 77 72 74 56 89 0 5 8 0 0 0 0 0 0 5 2 0 0 0 0 1 121 214 240 249 255 252 247 248 255 239 255 252 215 123 0 6 0 0 0 0 0 0 2 2 1 0 8 34 223 255 255 251 238 251 255 255 255 255 240 252 244 209 0 0 0 0 0 0 0 0 0 0 1 0 20 57 254 168 92 17 0 0 14 3 0 71 255 251 237 27 8 11 0 0 0 0 6 3 0 0 0 0 4 31 86 24 4 0 5 0 1 0 0 111 236 228 101 18 0 0 0 0 0 0 1 1 0 1 7 0 0 3 0 0 0 14 0 12 0 18 165 244 240 50 0 5 4 6 0 0 0 0 0 0 0 0 9 6 0 0 9 9 0 0 0 8 0 68 253 235 155 0 19 0 0 1 0 0 0 0 0 5 0 0 0 2 0 0 0 4 6 0 3 0 60 240 249 226 38 5 0 2 5 0 0 0 0 0 0 0 0 0 0 0 0 0 3 0 3 1 0 15 72 246 255 167 9 0 1 2 0 3 0 0 0 0 0 0 0 0 0 0 0 0 0 16 0 0 0 8 186 253 230 65 0 9 0 0 10 0 0 0 0 0 0 0 0 0 0 0 0 0 0 0 0 7 5 133 250 255 137 0 0 11 1 0 12 0 0 0 0 0 0 0 0 0 0 0 0 0 4 0 17 0 19 213 241 236 24 0 5 0 3 1 0 4 0 0 0 0 0 0 0 0 0 0 0 0 9 0 0 28 206 255 198 19 0 25 0 0 1 3 0 6 0 0 0 0 0 0 0 0 0 0 0 0 0 13 4 105 251 243 138 1 0 16 0 9 0 1 5 0 0 0 0 0 0 0 0 0 0 0 0 0 0 1 34 211 255 237 51 7 11 0 0 7 0 0 4 0 0 0 0 0 0 0 0 0 0 0 0 0 0 9 75 255 254 154 1 0 0 0 14 0 4 0 0 7 0 0 0 0 0 0 0 0 0 0 0 0 0 0 232 255 230 52 5 3 0 0 0 0 0 0 0 0 0 0 0 0 0 0 0 0 0 0 0 0 16 104 255 222 87 0 0 2 0 0 0 0 0 0 0 0 0 0 0 0 0 0 0 0 0 0 0 0 0 0 8 10 0 18 6 5 0 0 0 0 0 0 0 0 0 0 0 0 0 0 0 0 0 0 0 0 8 0 0 0 7 0 0 1 0 0 0 0 0 0 0 0 0 0 0 0
0 2 0 2 12 0 3 0 2 0 2 0 1 4 0 7 0 0 0 0 0 0 0 0 0 0 0 0 4 18 3 0 0 0 6 0 0 0 2 0 0 5 1 0 0 0 0 0 0 0 0 0 0 0 0 0 0 0 0 2 3 4 13 0 0 1 1 2 0 2 10 0 0 0 0 0 0 0 0 0 0 0 0 0 10 0 0 13 8 0 0 0 4 3 0 5 0 0 4 0 0 0 0 0 0 0 0 0 0 0 0 0 3 0 5 5 0 0 0 9 0 0 0 2 2 0 6 10 0 0 0 0 0 0 0 0 0 0 0 0 0 0 1 0 0 12 0 0 10 2 4 0 2 0 0 4 0 0 0 0 0 0 0 0 0 0 0 0 8 11 4 0 8 4 0 22 0 0 14 0 5 23 0 11 0 0 0 0 0 0 0 0 0 0 0 0 0 0 3 0 2 0 22 163 255 255 244 138 112 95 0 0 0 0 0 0 0 0 0 0 0 0 0 0 0 2 5 0 0 0 9 168 255 255 248 255 238 247 250 224 222 251 227 239 129 3 0 0 0 0 0 0 0 0 1 0 10 8 0 169 249 238 100 171 177 186 255 249 255 240 255 250 207 2 0 0 0 0 0 0 4 0 4 0 8 3 0 178 255 174 0 9 4 19 47 64 63 140 255 255 215 0 0 12 0 0 0 0 4 0 9 0 0 0 64 217 247 115 1 0 0 7 0 10 0 189 255 242 132 3 3 0 0 0 0 0 0 2 3 10 0 30 183 255 242 64 0 9 9 0 10 0 1 255 255 252 69 0 5 0 0 0 0 0 1 1 0 13 0 64 255 255 250 0 0 0 9 0 8 9 0 231 247 255 81 0 1 8 0 0 0 0 3 2 0 4 0 75 255 246 232 0 20 0 0 8 0 7 120 255 252 236 75 12 0 0 0 0 0 0 0 2 4 0 0 78 249 255 115 1 0 1 1 0 8 0 120 253 255 191 9 2 0 6 0 0 0 0 7 0 8 2 0 125 244 228 14 15 0 0 0 11 0 9 159 255 248 156 6 0 0 3 0 0 0 0 0 10 12 0 11 172 219 97 0 2 0 9 5 0 0 35 240 255 240 57 0 14 0 0 0 0 0 0 0 0 1 3 0 23 37 1 3 6 0 0 2 0 17 135 255 248 215 6 0 4 0 1 0 0 0 0 7 0 4 14 8 0 0 0 0 9 0 0 5 0 0 142 245 251 167 10 3 0 0 5 0 0 0 0 0 0 0 0 0 9 4 0 0 5 0 0 6 0 0 141 251 255 153 0 7 0 6 3 0 0 0 0 8 8 6 8 5 0 0 16 0 6 0 0 2 2 4 155 252 255 180 0 4 0 6 0 0 0 0 0 0 0 0 0 0 9 5 0 0 0 11 8 3 0 0 141 242 247 133 3 1 0 5 0 0 0 0 0 1 0 3 7 2 0 0 7 6 0 0 0 0 0 36 223 251 233 18 6 0 0 17 0 0 0 0 0 0 0 0 0 0 0 0 0 0 2 6 12 0 0 79 240 255 151 0 7 0 5 10 0 0 0 0 0 0 0 0 0 0 0 0 0 14 0 0 0 8 27 128 255 255 140 32 3 0 0 3 10 0 0 0 0 0 0 0 0 0 0 0 0 0 8 15 3 0 0 107 252 243 13 0 0 9 3 10 0 0 0 0 0 0 0 0 0 0 0 0 0 6 0 0 1 15 0 0 0 10 0 29 0 14 0 0 1 0 0 0 0
0 0 0 0 0 0 0 0 0 0 0 4 4 0 0 9 11 0 5 0 1 6 4 0 0 0 0 0 0 0 0 0 0 0 0 0 2 6 3 0 0 7 2 0 0 0 15 7 1 0 0 0 0 0 0 0 0 0 0 0 0 0 0 0 0 1 5 1 0 0 0 10 0 0 0 0 0 0 8 7 0 0 0 0 0 0 0 0 0 0 0 0 0 0 0 4 10 11 2 0 3 8 0 14 14 0 0 0 0 0 0 0 0 0 0 0 0 0 0 0 4 15 8 0 0 0 4 0 0 1 0 0 5 0 0 10 0 0 0 0 0 0 0 0 0 0 0 0 4 0 0 7 12 0 0 5 0 1 8 0 9 9 0 0 0 0 0 0 0 0 0 0 0 0 0 0 0 0 11 12 0 3 101 212 255 241 194 17 0 0 0 6 0 0 0 0 0 0 0 0 0 0 0 0 1 0 0 18 112 220 255 238 150 215 255 58 8 0 0 4 0 0 0 0 0 0 0 0 0 0 0 0 0 11 13 208 247 233 192 16 5 157 255 139 0 0 2 2 0 0 0 0 0 0 0 0 0 0 0 0 2 0 18 169 96 18 0 11 0 200 255 101 11 2 1 0 0 0 0 0 0 0 0 0 0 0 0 0 0 12 0 3 0 2 0 10 30 239 197 23 0 0 8 0 0 0 0 0 0 0 0 0 0 0 0 0 0 14 0 0 10 7 8 1 160 255 127 0 0 0 4 0 0 0 0 0 0 0 0 0 0 0 0 0 7 0 0 19 2 0 7 55 248 229 37 0 7 1 0 0 0 0 0 0 0 0 0 0 0 0 0 0 7 7 0 0 0 13 0 185 255 141 0 0 1 0 0 4 0 0 0 0 0 0 0 0 0 0 0 0 0 10 6 4 18 0 0 255 236 83 1 3 3 0 0 2 0 0 0 0 0 0 0 0 0 0 0 0 7 0 8 0 5 0 126 252 119 0 6 0 9 0 2 0 0 0 0 0 0 0 0 0 0 0 0 0 0 14 0 0 0 35 255 253 27 11 0 0 2 1 0 0 0 0 0 0 0 0 0 0 0 0 0 0 2 0 6 13 0 137 245 192 12 2 0 0 4 3 1 1 0 0 0 0 0 0 0 0 0 0 0 0 0 16 4 0 24 238 255 36 0 0 0 1 4 2 0 0 0 0 0 0 0 0 0 0 0 0 0 0 3 0 0 8 134 255 197 0 0 0 1 2 1 0 0 0 0 0 0 0 0 0 0 0 0 0 0 0 13 0 5 64 219 241 69 8 1 3 4 1 0 0 0 0 0 0 0 0 0 0 0 0 0 0 0 0 1 13 5 139 253 184 6 0 0 3 2 0 0 1 4 4 0 0 0 0 0 0 0 0 0 0 0 0 0 0 1 221 255 67 6 7 0 1 1 0 0 4 5 1 0 0 0 0 0 0 0 0 0 0 0 0 1 9 124 242 185 0 2 0 0 1 1 0 0 5 2 0 0 0 0 0 0 0 0 0 0 0 0 0 0 19 147 254 173 2 0 0 0 0 0 0 0 0 0 0 0 0 0 0 0 0 0 0 0 0 0 0 5 0 98 228 180 9 0 15 0 0 0 0 0 0 0 0 0 0 0 0 0 0 0 0 0 0 0 0 0 1 3 6 0 0 9 0 0 0 0 0 0 0 0 0 0 0 0 0 0 0 0 0 0 0 0 0 0 7 0 0 7 1 7 0 0 0 0 0 0 0 0 0 0 0 0 0
0 1 3 1 0 0 3 5 3 0 0 0 0 3 6 7 0 0 5 3 0 6 6 0 0 0 0 0 8 1 0 0 0 2 0 0 2 4 5 6 4 0 0 0 5 5 3 0 0 0 1 6 0 0 0 0 0 0 0 4 11 12 5 0 0 0 0 0 0 2 4 6 0 0 0 0 4 0 0 5 0 0 0 0 0 0 1 1 0 0 0 0 5 5 4 1 0 0 1 5 0 0 0 0 9 8 0 0 0 0 0 0 2 0 0 0 0 0 4 14 0 0 0 1 0 0 0 0 1 8 2 0 0 3 2 0 0 0 0 0 1 0 0 7 12 4 0 0 5 2 0 0 1 5 7 8 0 0 5 5 0 0 4 0 0 0 0 0 4 1 3 5 0 0 0 8 0 0 0 0 2 3 0 0 28 0 0 13 0 0 7 0 0 0 0 0 0 0 2 0 0 19 86 149 143 162 196 234 255 255 242 224 128 22 0 4 0 0 12 0 0 0 0 0 3 0 2 0 7 9 224 255 255 255 252 255 245 251 255 242 255 185 57 0 0 3 0 4 0 0 0 0 0 0 1 8 2 0 121 232 245 114 141 107 84 61 114 209 232 255 215 17 10 0 6 0 0 0 0 0 0 0 0 8 0 0 18 153 211 3 4 0 0 9 12 0 137 252 255 13 0 9 6 0 0 0 0 0 3 6 0 0 0 15 0 58 255 129 0 1 0 0 0 1 113 245 255 6 0 18 0 0 0 0 0 0 4 1 0 0 0 15 1 2 89 193 67 0 10 14 1 0 145 252 255 0 8 0 0 5 0 0 0 0 4 0 0 8 0 0 9 0 0 22 1 0 11 0 0 10 186 255 182 0 2 0 3 4 0 0 0 0 4 0 0 10 0 0 0 3 0 0 21 2 0 5 2 59 246 255 78 9 8 10 0 0 0 0 0 0 5 3 1 0 0 16 0 2 5 11 0 0 6 1 0 187 247 216 10 0 34 0 6 5 0 0 0 0 0 0 0 0 0 0 0 0 0 0 9 0 0 0 14 177 239 222 105 217 232 193 3 0 0 0 0 0 0 0 0 0 0 0 0 0 2 0 13 0 4 43 37 241 255 250 254 237 221 61 0 11 0 0 0 0 0 0 0 0 0 0 0 0 1 8 1 75 167 229 249 254 243 223 189 57 24 12 8 0 0 0 0 0 0 0 0 0 0 0 0 0 9 0 74 248 251 225 255 239 227 59 0 2 0 0 0 22 0 0 0 0 0 0 0 0 0 0 0 0 1 13 10 135 47 2 250 244 132 4 1 1 6 7 1 0 0 0 0 0 0 0 0 0 0 0 0 0 0 0 18 9 0 89 254 255 80 0 3 0 0 0 0 2 0 0 0 0 0 0 0 0 0 0 0 0 1 0 0 0 12 98 255 230 28 0 0 4 0 8 2 0 0 0 0 0 0 0 0 0 0 0 0 0 0 4 6 0 0 103 255 134 0 4 10 0 0 0 10 0 0 0 0 0 0 0 0 0 0 0 0 0 0 0 0 5 4 96 255 66 0 0 0 0 0 0 0 0 0 0 0 0 0 0 0 0 0 0 0 0 11 0 4 0 0 112 255 52 0 0 0 0 0 0 0 0 0 0 0 0 0 0 0 0 0 0 0 0 0 0 8 0 11 118 224 76 0 0 0 0 0 0 0 0 0 0 0 0 0 0 0 0 0 0 0 0 2 13 7 0 0 2 21 0 0 0 0 0 0 0 0 0 0 0 0 0
0 0 0 0 0 0 0 0 1 1 0 7 0 0 18 1 0 17 0 0 0 6 0 0 0 0 0 0 0 0 0 0 0 0 0 0 8 0 0 1 0 0 1 0 0 8 4 5 0 0 0 6 0 0 0 0 0 0 0 0 0 0 0 0 0 0 1 2 5 9 2 1 9 0 1 0 0 1 0 3 0 0 0 0 0 0 0 0 0 0 0 0 0 2 0 2 1 0 1 1 1 0 1 2 11 7 0 0 0 0 0 0 0 0 0 0 0 0 0 0 8 17 0 5 2 0 15 0 0 1 5 0 0 0 0 17 0 0 0 0 0 0 0 0 0 0 0 0 0 0 0 12 6 1 19 0 0 14 0 0 6 11 0 0 0 0 0 0 0 0 0 0 0 0 0 0 11 0 29 50 64 150 231 255 255 233 53 3 0 4 0 0 0 0 0 0 0 0 0 0 0 0 0 0 0 19 209 255 239 255 246 253 250 250 49 8 0 6 0 0 0 0 0 0 0 0 0 0 0 0 0 0 0 15 143 255 238 88 71 88 252 222 19 0 7 8 0 0 0 0 0 0 0 0 0 0 0 0 0 0 8 0 2 0 8 12 3 253 255 57 0 6 0 1 0 0 0 0 0 0 0 0 0 0 0 0 0 0 0 13 9 0 0 19 73 241 252 10 8 1 0 1 0 15 0 0 0 0 0 0 0 0 0 0 0 0 7 0 0 26 0 26 213 255 99 0 2 0 7 1 3 0 0 0 0 0 0 0 0 0 0 0 0 0 0 0 0 0 0 126 255 255 0 0 8 3 0 0 19 7 0 0 0 0 0 0 0 0 0 0 0 0 0 12 3 40 57 206 247 216 155 150 154 207 252 192 32 0 0 0 0 0 0 0 0 0 0 0 0 0 8 0 7 225 247 248 255 245 255 255 245 241 225 126 0 23 0 0 0 0 0 0 0 0 0 0 0 0 2 0 14 187 255 238 255 252 252 173 111 76 11 0 9 0 0 0 0 0 0 0 0 0 0 0 0 0 0 10 0 118 254 214 13 0 0 0 0 0 0 0 0 0 0 0 0 0 0 0 0 0 0 0 0 0 13 0 0 164 241 118 6 2 0 0 0 0 0 0 0 0 0 0 0 0 0 0 0 0 0 0 0 0 7 0 28 229 254 33 0 2 0 0 0 0 0 0 0 0 0 0 0 0 0 0 0 0 0 0 0 0 0 14 92 255 243 0 0 2 0 0 0 0 0 0 0 0 0 0 0 0 0 0 0 0 0 0 0 0 0 2 146 252 166 0 12 1 0 0 0 0 0 0 0 0 0 0 0 0 0 0 0 0 0 0 0 0 10 0 195 255 84 0 23 0 0 0 0 0 0 0 0 0 0 0 0 0 0 0 0 0 0 0 0 0 5 47 239 235 31 2 10 0 0 0 0 0 0 0 0 0 0 0 0 0 0 0 0 0 0 0 0 0 0 130 255 179 0 8 0 10 0 0 0 0 0 0 0 0 0 0 0 0 0 0 0 0 0 0 0 0 9 154 255 131 2 5 3 0 0 0 0 0 0 0 0 0 0 0 0 0 0 0 0 0 0 0 0 0 0 109 220 132 10 0 0 4 0 0 0 0 0 0 0 0 0 0 0 0 0 0 0 0 0 0 0 0 2 0 10 0 0 16 0 0 0 0 0 0 0 0 0 0 0 0 0 0 0 0 0 0 0 0 0 0 2 0 6 2 0 0 1 15 0 0 0 0 0 0 0 0 0 0 0 0
0 0 0 0 0 0 0 0 0 8 0 1 0 5 7 0 1 3 4 0 10 0 0 8 0 0 0 0 0 0 0 0 0 0 0 0 5 3 0 14 5 0 0 2 0 0 0 8 0 1 0 0 0 0 0 0 0 0 0 0 0 0 0 0 0 0 3 0 0 3 7 4 19 0 1 0 3 0 19 0 0 0 0 0 0 0 0 0 0 0 0 0 11 0 8 6 14 7 0 0 0 0 6 0 5 0 2 0 0 0 0 0 0 0 0 0 0 0 0 0 0 0 1 0 0 7 5 0 0 20 3 0 0 0 0 13 0 0 0 0 0 0 0 0 0 0 0 0 0 9 0 20 1 0 0 5 0 0 1 0 21 6 8 0 0 0 0 0 0 0 0 0 0 0 0 0 7 0 1 190 215 160 149 195 229 179 146 55 4 0 11 0 0 0 0 0 0 0 0 0 0 0 0 0 0 14 0 170 229 255 249 224 194 238 247 247 13 11 0 6 0 0 0 0 0 0 0 0 0 0 0 0 2 0 0 16 7 47 43 9 0 54 242 255 89 0 12 0 0 0 0 0 0 0 0 0 0 0 0 0 0 13 0 0 5 0 0 0 15 84 255 243 0 19 0 2 0 0 0 0 0 0 0 0 0 0 0 0 0 10 2 0 17 0 5 2 29 237 251 118 4 0 0 7 0 0 0 0 0 0 0 0 0 0 0 0 6 0 2 0 4 0 0 0 123 255 232 7 6 4 0 0 0 0 0 0 0 0 0 0 0 0 0 0 3 0 3 0 0 0 0 91 223 249 101 0 0 5 0 2 0 0 0 0 0 0 0 0 0 0 0 0 0 6 3 1 3 0 25 232 255 193 0 6 16 0 8 0 0 0 0 0 0 0 0 0 0 0 0 0 0 10 0 0 0 11 117 255 245 36 14 15 0 0 16 0 0 0 0 0 0 0 0 0 0 0 0 0 10 0 0 4 0 79 255 255 97 15 0 0 10 0 3 0 0 0 0 0 0 0 0 0 0 0 0 0 3 8 0 13 31 210 255 155 0 0 0 0 0 0 0 0 0 0 0 0 0 0 0 0 0 0 0 0 0 11 0 0 158 245 188 7 0 0 0 0 0 0 0 0 0 0 0 0 0 0 0 0 0 0 0 0 7 0 12 99 240 244 35 10 0 0 0 0 0 0 0 0 0 0 0 0 0 0 0 0 0 0 0 0 0 11 6 204 234 149 9 0 0 0 0 0 0 0 0 0 0 0 0 0 0 0 0 0 0 0 0 0 0 0 134 255 194 23 10 0 0 0 0 0 0 0 0 0 0 0 0 0 0 0 0 0 0 0 0 0 12 0 255 253 100 0 0 23 0 0 0 0 0 0 0 0 0 0 0 0 0 0 0 0 0 0 0 0 0 121 248 151 8 4 25 0 0 0 0 0 0 0 0 0 0 0 0 0 0 0 0 0 0 0 0 0 0 191 255 110 0 0 0 7 0 0 0 0 0 0 0 0 0 0 0 0 0 0 0 0 0 0 0 0 7 147 251 112 0 13 0 0 0 0 0 0 0 0 0 0 0 0 0 0 0 0 0 0 0 0 0 0 0 41 202 157 0 0 20 4 0 0 0 0 0 0 0 0 0 0 0 0 0 0 0 0 0 0 0 0 1 0 0 0 10 11 0 0 0 0 0 0 0 0 0 0 0 0 0 0 0 0 0 0 0 0 0 0 2 5 0 0 0 0 11 15 0 0 0 0 0 0 0 0 0 0 0 0
0 1 1 0 0 0 0 2 0 0 2 2 0 0 0 0 6 0 3 0 0 9 0 0 0 0 0 0 0 0 1 3 3 3 2 2 0 0 0 0 0 0 2 3 0 0 1 10 0 0 0 6 0 0 0 0 3 2 1 1 1 0 0 0 4 2 1 0 1 2 1 0 0 7 0 11 0 5 0 0 0 0 0 0 6 3 0 0 0 1 1 0 0 0 0 1 3 2 0 0 0 10 0 0 0 7 9 0 0 0 0 0 0 0 0 1 3 3 2 0 0 0 0 0 0 1 3 3 1 18 10 10 0 0 0 3 0 0 0 0 0 0 3 4 1 0 0 0 11 9 5 0 0 0 2 6 1 0 0 0 4 2 0 0 0 0 0 0 0 2 4 1 0 1 9 18 0 0 3 5 1 0 0 1 16 0 25 0 0 11 0 5 0 0 0 0 2 2 0 0 3 24 55 78 66 88 118 138 142 139 136 136 132 144 187 43 0 0 0 4 0 0 0 0 0 6 0 11 89 222 255 250 249 255 243 255 250 255 252 248 251 243 255 119 6 4 0 0 0 0 0 0 4 0 15 135 226 255 255 250 255 243 255 253 244 253 244 252 255 251 255 168 10 0 9 0 0 0 0 0 5 0 7 104 190 243 250 255 235 255 235 249 123 245 158 169 156 252 253 194 10 0 2 0 0 0 0 0 1 0 0 0 0 25 26 16 99 141 198 72 2 0 12 0 6 252 246 183 9 0 0 3 0 0 0 0 0 0 7 10 9 0 0 3 2 0 1 5 2 11 12 0 0 255 250 181 0 8 0 6 0 0 0 0 0 0 0 0 1 0 2 6 0 4 0 8 0 0 0 5 135 255 255 190 0 2 7 0 0 0 0 0 6 10 16 0 7 3 5 0 4 10 0 0 0 2 0 24 238 255 255 183 0 0 0 0 0 0 0 0 0 0 6 0 5 0 5 4 0 0 1 0 6 1 0 96 249 253 255 166 14 9 0 12 0 0 0 0 0 0 0 0 0 0 0 0 8 0 1 0 0 0 12 87 234 255 246 113 20 0 0 7 0 0 0 0 0 0 0 0 0 0 0 0 0 0 7 0 0 0 0 92 255 244 151 16 0 2 0 0 0 0 0 0 0 0 0 0 0 0 0 0 0 4 7 0 0 3 0 131 255 247 133 0 0 0 5 9 0 0 0 0 0 0 0 0 0 0 0 0 0 7 0 0 1 5 0 191 252 246 110 0 10 7 0 0 0 0 0 0 0 0 0 0 0 0 0 0 0 3 0 2 2 0 6 226 253 251 89 0 3 0 0 3 0 0 0 0 0 0 0 0 0 0 0 0 0 0 0 7 2 0 30 229 250 248 64 3 0 0 0 22 0 0 0 0 0 0 0 0 0 0 0 0 0 2 0 6 0 0 82 239 255 217 0 0 2 15 0 0 0 0 0 0 0 0 0 0 0 0 0 0 0 7 0 1 0 9 135 255 248 217 0 9 0 4 0 8 0 0 0 0 0 0 0 0 0 0 0 0 0 6 2 0 1 0 204 232 255 147 20 0 9 0 0 10 0 0 0 0 0 0 0 0 0 0 0 0 6 0 0 0 8 0 171 255 238 217 116 1 0 16 0 5 0 0 0 0 0 0 0 0 0 0 0 0 4 0 6 0 11 0 63 192 255 21 0 14 0 0 11 0 0 0 0 0 0 0 0 0 0 0 0 0 0 4 9 0 4 0 0 34 0 0 12 5 7 12 0 0 0 0 0 0
0 0 5 7 0 0 1 3 0 0 0 0 0 2 2 0 3 0 0 3 3 1 6 6 0 0 0 0 1 1 0 0 2 16 10 0 0 1 5 6 5 2 0 0 0 4 13 0 0 0 0 0 0 0 0 0 4 3 0 0 0 0 0 1 6 2 0 0 0 0 5 10 10 0 0 0 13 1 3 0 0 0 0 0 0 5 4 1 1 0 0 10 0 0 0 3 3 0 0 0 0 0 10 0 16 0 0 0 0 0 0 0 0 3 3 0 3 15 7 0 6 1 0 3 3 0 2 7 9 9 2 0 0 4 12 0 0 0 0 0 6 0 0 9 0 0 0 6 4 0 0 5 3 0 0 0 4 0 0 20 6 0 0 5 0 0 0 0 14 0 3 15 0 10 79 121 124 144 188 236 255 255 255 255 188 72 0 14 0 4 0 0 0 0 0 0 0 0 9 0 0 131 250 253 255 249 250 255 255 250 249 255 250 255 252 184 11 0 1 3 0 0 0 0 0 6 3 0 4 69 174 255 252 255 248 178 142 141 117 255 255 240 255 255 123 8 0 0 0 0 0 0 0 0 4 4 2 3 10 16 7 11 4 10 0 0 19 0 187 255 253 255 123 5 0 0 0 0 0 0 8 0 0 0 0 0 0 0 0 0 2 5 11 0 17 0 0 255 252 241 0 12 10 0 0 0 0 0 1 0 0 0 2 5 7 8 8 0 16 0 4 8 0 1 187 255 250 254 15 0 0 9 0 0 0 0 0 2 5 2 0 0 0 0 0 0 0 0 0 4 7 0 255 238 255 65 0 0 30 0 0 0 0 0 4 1 0 0 0 2 5 6 9 1 0 13 8 1 0 132 255 255 255 0 0 0 0 2 0 0 0 0 0 0 0 6 10 6 0 0 4 0 0 0 5 0 9 247 250 247 129 3 10 19 0 3 0 0 0 0 2 0 0 0 0 0 3 6 0 7 0 1 4 0 136 253 255 196 1 0 0 0 5 0 0 0 0 0 0 0 0 0 0 0 0 0 12 0 3 0 6 1 195 243 255 128 6 3 2 0 9 0 0 0 0 0 0 0 0 0 0 0 0 0 0 10 7 14 0 188 253 255 181 13 0 7 0 5 5 1 0 0 0 0 0 0 0 0 0 0 0 0 10 0 3 0 8 255 255 246 0 1 6 0 0 11 0 9 0 0 0 0 0 0 0 0 0 0 0 0 0 1 0 8 13 247 253 255 13 6 0 14 0 0 10 0 0 0 0 0 0 0 0 0 0 0 0 0 0 10 0 0 118 249 255 172 0 0 0 16 8 0 10 0 0 0 0 0 0 0 0 0 0 0 0 0 7 0 5 1 255 245 255 77 9 11 11 0 3 13 0 5 0 0 0 0 0 0 0 0 0 0 0 0 0 4 6 65 255 255 250 185 245 57 0 6 0 0 4 2 0 0 0 0 0 0 0 0 0 0 0 0 11 0 0 13 238 255 255 252 255 125 0 0 6 0 11 0 0 0 0 0 0 0 0 0 0 0 0 0 0 8 0 7 125 247 255 247 247 14 0 0 0 9 3 1 0 0 0 0 0 0 0 0 0 0 0 0 7 0 4 0 12 123 238 255 74 0 14 4 0 2 0 1 0 0 0 0 0 0 0 0 0 0 0 0 1 4 0 0 0 2 0 0 0 0 11 0 2 2 0 1 0 0 0 0 0 0 0 0 0 0 0 0 0 10 0 0 11 6 0 9 7 7 0 0 5 0 0 3 0 0 0 0
4 1 1 0 0 1 8 2 2 0 0 1 0 0 0 5 0 0 0 4 2 0 0 2 0 0 0 0 0 0 1 12 11 0 0 0 0 0 0 2 9 7 3 1 5 2 0 1 2 0 0 0 0 0 0 0 2 3 0 0 0 0 0 5 2 1 3 5 3 0 0 0 1 0 0 0 0 5 5 1 0 0 0 0 0 7 4 0 2 12 7 3 1 0 0 0 0 0 3 6 0 3 2 0 0 3 3 0 0 0 0 0 1 6 0 0 0 0 0 0 12 4 0 0 3 8 2 0 0 6 8 4 0 0 0 0 0 0 0 0 4 0 0 10 4 0 6 8 0 0 3 0 0 0 0 0 0 0 0 1 0 0 0 2 0 0 0 0 9 0 7 6 0 0 10 0 6 8 5 0 0 0 2 1 15 0 0 4 8 2 0 7 0 0 0 0 2 0 2 0 12 149 255 255 255 217 157 130 137 137 104 63 65 34 14 20 22 7 0 2 0 0 0 0 0 0 6 0 2 148 255 238 254 249 255 241 255 255 249 252 255 241 252 255 241 218 31 0 0 0 0 0 13 0 7 0 6 129 234 219 200 223 252 235 249 255 255 251 239 255 251 255 252 255 41 0 0 0 0 0 0 0 7 0 0 15 35 3 0 25 51 50 55 63 89 77 81 73 249 255 248 178 22 0 0 0 0 0 0 0 5 7 3 5 5 0 3 1 0 5 0 0 13 6 0 13 246 255 196 19 7 2 0 0 0 0 14 8 0 0 0 0 0 3 6 0 0 0 0 0 0 0 1 176 239 255 134 0 5 0 0 0 0 0 0 0 0 3 12 6 0 7 0 0 4 0 1 17 0 12 110 245 255 217 53 13 0 0 0 0 0 0 6 9 2 0 0 0 0 0 5 3 12 0 0 0 0 75 255 244 246 86 0 0 0 14 0 0 0 0 0 1 3 0 0 4 0 0 11 0 1 10 0 0 21 217 248 255 141 0 12 0 8 0 0 0 0 0 0 0 0 0 0 0 0 0 0 12 7 0 4 0 112 247 255 201 3 4 0 0 8 0 0 0 0 0 0 0 0 0 0 0 0 0 5 0 0 15 0 58 234 254 154 56 3 0 0 6 0 10 0 0 0 0 0 0 0 0 0 0 0 0 0 21 0 0 90 208 255 255 55 0 16 0 1 9 0 5 0 0 0 0 0 0 0 0 0 0 0 0 0 0 4 16 201 245 255 111 4 0 20 0 2 0 11 0 0 0 0 0 0 0 0 0 0 0 0 0 14 2 0 186 255 252 207 14 0 16 3 0 4 0 7 0 0 0 0 0 0 0 0 0 0 0 0 0 0 7 36 247 255 211 15 9 0 7 0 0 8 6 0 11 0 0 0 0 0 0 0 0 0 0 0 0 10 13 207 241 255 117 0 13 6 0 0 8 3 4 0 5 0 0 0 0 0 0 0 0 0 0 0 0 0 119 254 255 236 56 9 0 0 0 0 5 0 0 21 0 0 0 0 0 0 0 0 0 0 0 0 0 0 220 251 239 127 0 0 1 0 0 0 0 0 0 0 0 0 0 0 0 0 0 0 0 0 0 0 0 47 227 255 254 6 0 0 12 0 0 0 0 0 0 0 0 0 0 0 0 0 0 0 0 0 0 0 0 0 179 232 0 15 0 12 0 0 0 0 0 0 0 0 0 0 0 0 0 0 0 0 0 0 0 0 0 19 0 19 16 0 0 1 3 0 0 0 0 0 0 0 0 0 0 0 0
0 8 0 9 9 0 0 0 0 2 2 0 0 10 10 0 7 0 0 1 0 0 0 0 0 0 0 0 1 10 0 0 0 0 13 1 12 0 0 6 0 0 0 12 0 0 0 0 0 5 6 2 0 0 0 0 1 2 0 3 0 0 5 0 0 8 0 0 16 8 0 0 0 6 3 0 0 2 0 0 0 0 0 0 3 0 0 14 2 0 0 2 2 8 2 0 0 8 7 0 0 5 1 0 2 0 0 0 0 0 0 0 7 0 0 0 0 2 4 8 2 0 4 28 0 0 14 0 0 0 0 4 7 0 0 9 0 0 0 0 0 3 1 0 4 16 0 0 0 14 2 0 3 3 0 0 9 0 0 4 0 0 0 0 0 0 0 0 0 4 7 0 10 5 0 33 117 158 91 0 4 11 0 12 11 0 1 2 0 6 19 0 0 0 0 0 2 0 1 0 8 0 14 143 250 252 255 173 36 0 6 0 2 0 7 3 0 33 57 7 0 0 0 0 0 5 0 0 7 0 80 236 238 255 248 251 129 14 3 3 4 0 1 0 25 173 255 83 0 0 0 0 0 0 15 0 0 96 232 253 255 245 238 255 246 209 11 1 0 21 0 87 209 243 251 182 0 0 0 0 0 20 0 0 156 232 244 255 234 254 255 250 248 255 133 81 6 0 101 239 255 255 236 47 0 0 0 0 1 9 3 25 255 255 242 255 249 255 255 155 222 252 242 255 248 255 240 255 240 249 85 6 0 0 0 0 8 0 0 0 247 250 255 252 160 99 23 1 16 19 192 221 253 255 248 255 252 145 16 0 0 0 0 0 0 20 8 2 255 172 66 37 9 0 6 1 5 3 0 60 172 239 248 249 202 10 0 3 0 0 0 0 0 0 4 3 100 37 7 5 11 0 0 2 0 7 0 6 166 255 255 237 65 12 0 7 0 0 0 0 5 0 3 0 0 0 9 0 0 5 11 0 15 0 4 85 255 235 255 68 0 0 11 0 0 0 0 0 0 0 0 0 0 0 0 0 3 2 3 0 0 1 0 88 255 247 255 0 1 8 0 1 0 0 0 0 0 0 0 0 0 0 0 0 0 0 4 0 9 16 1 214 247 255 196 27 0 0 2 0 0 0 0 0 0 0 0 0 0 0 0 0 0 27 0 0 5 0 204 245 252 222 38 0 0 8 12 0 0 0 0 0 0 0 0 0 0 0 0 0 16 0 0 11 0 31 255 251 250 130 0 3 13 0 1 1 0 0 0 0 0 0 0 0 0 0 0 0 0 11 5 8 18 255 243 251 229 39 2 0 3 0 12 0 0 0 0 0 0 0 0 0 0 0 0 0 14 0 2 0 197 238 255 255 50 62 131 0 1 0 0 5 0 0 0 0 0 0 0 0 0 0 0 0 7 0 0 21 192 255 243 243 235 239 178 0 9 9 0 0 0 0 0 0 0 0 0 0 0 0 0 0 0 0 7 86 255 251 249 255 177 45 0 5 10 0 7 3 0 0 0 0 0 0 0 0 0 0 0 0 7 0 0 184 244 255 242 174 9 6 2 0 0 0 0 1 0 0 0 0 0 0 0 0 0 0 0 0 0 24 0 52 255 172 61 0 7 5 1 0 0 0 0 1 0 0 0 0 0 0 0 0 0 0 0 0 0 4 0 0 8 0 8 0 3 2 1 0 0 0 0 0 0 0 0 0 0 0 0 0 0 0 0 0 3 0 0 17 0 19 2 0 0 0 0 1 1 1 0 0 0 0 0 0
1 1 1 0 0 0 0 0 0 4 2 0 4 11 0 0 2 1 0 3 7 0 4 0 0 0 0 0 1 1 1 0 0 0 0 0 0 4 3 7 0 0 5 1 0 6 3 0 0 0 8 8 0 0 0 0 1 1 0 0 0 0 0 0 3 0 0 9 1 0 19 3 0 0 4 4 6 8 0 0 0 0 0 0 0 0 0 0 0 0 0 0 4 1 0 0 0 0 0 0 15 0 0 1 0 0 0 5 0 0 0 0 0 0 0 0 0 0 0 0 0 6 18 0 0 8 0 13 0 0 6 6 0 0 3 19 0 0 0 0 0 0 0 0 0 0 1 1 0 0 0 0 0 8 0 0 0 11 0 0 0 0 4 0 0 0 0 0 0 0 0 0 0 1 1 1 18 2 0 16 0 0 17 0 0 7 0 9 13 0 15 1 0 0 0 0 0 0 0 0 0 1 1 1 3 10 22 102 42 6 137 132 214 249 247 255 189 27 3 0 0 0 0 0 0 0 8 13 0 2 112 251 251 252 251 250 245 255 245 248 255 249 255 248 255 29 10 0 0 0 0 0 8 0 0 0 0 17 122 244 213 250 250 251 252 252 211 211 95 97 186 255 248 39 9 0 0 0 0 0 0 0 0 5 2 0 23 75 0 65 71 84 90 68 12 0 0 29 207 237 203 0 15 0 0 0 0 0 3 3 0 2 4 0 0 0 0 25 0 0 0 5 0 0 5 142 254 236 70 1 0 4 0 0 0 0 3 5 0 0 5 8 5 8 0 0 0 9 0 3 0 0 87 242 252 153 0 9 0 4 0 0 0 0 0 3 1 0 5 4 0 0 19 0 0 4 0 0 8 64 215 253 171 21 1 0 14 0 0 0 0 0 0 6 0 0 0 3 5 11 0 0 2 7 5 0 0 136 255 227 42 0 0 5 0 0 0 0 0 0 0 5 3 0 2 0 0 0 1 6 3 0 0 1 21 245 241 163 0 1 7 0 0 0 0 0 0 0 0 0 0 0 0 0 0 0 3 0 8 0 10 0 186 255 223 11 0 4 0 1 0 5 0 0 0 0 0 0 0 0 0 0 0 0 5 0 0 16 0 74 255 227 131 0 1 6 0 2 0 0 0 0 0 0 0 0 0 0 0 0 0 0 5 0 0 5 13 184 253 110 34 0 2 5 0 0 4 0 0 0 0 0 0 0 0 0 0 0 0 0 0 7 4 0 129 255 146 1 0 0 0 0 0 0 6 0 0 0 0 0 0 0 0 0 0 0 0 0 0 13 0 67 243 255 51 0 0 9 0 0 0 0 2 1 0 0 0 0 0 0 0 0 0 0 0 0 0 6 0 182 255 197 6 9 1 8 0 3 4 3 0 0 0 0 0 0 0 0 0 0 0 0 0 0 0 0 73 246 248 173 0 5 0 3 0 5 0 9 0 1 0 0 0 0 0 0 0 0 0 0 0 0 1 0 183 252 250 213 0 0 0 3 4 3 0 11 0 5 0 0 0 0 0 0 0 0 0 0 0 0 0 85 234 254 254 85 2 2 0 0 0 0 0 0 0 0 0 0 0 0 0 0 0 0 0 0 0 0 20 49 254 249 106 0 0 0 0 0 0 0 0 0 0 0 0 0 0 0 0 0 0 0 0 0 0 0 0 84 241 123 0 5 30 0 0 0 0 0 0 0 0 0 0 0 0 0 0 0 0 0 0 0 0 0 5 0 9 0 10 4 0 1 0 0 0 0 0 0 0 0 0 0 0 0
0 0 0 0 0 0 0 0 0 0 0 0 0 0 0 0 0 0 0 0 0 0 0 0 0 0 0 0 0 0 0 0 0 0 0 0 0 0 0 0 0 0 0 0 0 0 0 0 0 0 0 0 0 0 0 0 0 0 0 0 0 0 0 0 0 0 0 0 0 0 0 0 0 0 0 0 0 0 0 0 0 0 0 0 0 0 0 0 0 0 0 0 0 0 0 0 0 0 0 0 0 0 0 0 0 0 0 0 0 0 0 0 0 0 0 0 0 0 0 0 0 0 0 0 0 0 0 0 0 0 0 0 0 0 0 0 0 0 0 0 0 0 0 0 0 0 0 0 0 0 0 0 0 0 0 0 0 0 0 0 0 0 0 0 0 0 0 0 0 0 0 0 0 0 0 0 0 0 0 0 0 0 0 0 0 0 0 0 0 0 0 0 0 0 0 0 0 0 0 0 0 0 0 0 0 0 0 0 0 0 0 0 0 0 0 0 0 0 0 0 0 0 0 0 11 0 0 13 0 0 7 0 8 0 0 7 0 0 22 86 169 179 246 83 0 15 0 2 0 0 0 0 0 13 29 62 29 0 29 8 0 3 0 1 93 204 231 198 169 221 255 25 0 0 7 0 0 0 0 0 0 0 66 255 255 147 145 157 216 239 255 250 194 97 23 2 23 185 214 0 14 0 9 0 0 0 0 0 2 0 0 27 77 129 198 189 187 139 77 40 20 0 0 12 0 207 138 0 6 1 0 10 0 0 0 0 11 0 1 10 6 0 0 0 0 11 10 0 0 0 0 6 30 251 85 0 0 10 0 0 0 0 0 0 0 0 12 0 0 6 0 6 5 1 0 0 9 4 0 10 28 250 78 0 10 3 4 0 0 0 0 0 1 0 1 0 2 10 0 0 0 8 6 0 0 6 0 0 99 255 65 0 3 0 13 12 0 0 0 0 0 8 0 2 8 0 0 0 5 1 0 0 4 0 0 7 155 237 4 3 9 0 0 0 0 0 0 0 0 0 0 0 0 0 0 0 0 3 0 0 7 1 0 1 185 249 3 0 6 2 3 0 0 0 0 0 0 0 0 0 0 0 0 0 0 1 0 0 0 0 0 0 188 226 7 0 6 0 2 0 0 0 0 0 0 0 0 0 0 0 0 0 0 0 3 2 0 0 2 0 192 183 4 3 3 0 2 0 0 0 0 0 0 0 0 0 0 0 0 0 0 0 5 4 0 3 4 2 204 133 0 3 0 0 3 0 0 0 0 0 0 0 0 0 0 0 0 0 4 0 4 1 0 2 0 10 229 97 0 0 0 0 3 0 0 0 0 0 0 0 0 0 0 0 0 0 7 0 3 0 0 0 0 38 254 76 0 0 2 2 0 0 0 0 0 0 0 0 0 0 0 0 0 0 4 0 5 0 1 0 0 89 255 58 6 0 3 5 0 3 0 0 0 0 0 0 0 0 0 0 0 0 0 0 8 0 6 0 13 135 249 43 7 0 3 5 0 8 0 0 0 0 0 0 0 0 0 0 0 0 2 0 0 3 0 9 0 193 183 12 0 10 0 7 0 8 0 0 0 0 0 0 0 0 0 0 0 0 0 2 5 0 0 0 27 222 89 0 0 0 0 10 0 4 0 0 0 0 0 0 0 0 0 0 0 0 0 0 4 3 2 14 98 254 48 8 10 8 0 7 0 0 0 0 0 0 0 0 0 0 0 0 0 0 4 0 0 0 3 2 101 192 6 8 1 0 0 0 6 0 0 0 0 0
0 0 0 0 0 0 0 0 5 0 0 0 1 0 0 1 0 9 4 0 0 2 3 5 0 0 0 0 0 0 0 0 0 0 0 0 0 0 1 4 4 2 1 3 0 0 0 9 9 0 0 0 0 0 0 0 0 0 0 0 0 0 0 0 0 4 5 1 0 0 0 0 10 0 0 0 0 0 1 5 0 0 0 0 0 0 0 0 0 0 0 0 0 3 2 0 0 0 3 1 2 0 7 9 2 5 4 0 0 0 0 0 0 0 0 0 0 0 0 0 0 0 0 0 3 7 7 3 0 0 0 0 0 1 4 2 0 0 0 0 0 0 0 0 0 0 0 0 0 0 3 7 5 0 0 0 14 11 3 4 7 0 0 6 0 0 0 0 0 0 0 0 0 0 0 0 4 0 2 6 0 0 0 18 0 12 3 0 1 5 0 7 0 0 0 0 0 0 0 0 0 0 0 0 4 0 0 2 0 0 30 73 221 253 158 17 0 7 0 0 0 0 0 0 0 0 0 0 0 0 0 0 19 187 202 187 187 176 217 240 250 253 203 0 0 0 5 0 0 0 0 0 0 0 0 0 0 0 0 0 19 232 255 255 255 255 191 219 255 255 209 2 7 3 4 3 0 0 0 0 0 0 0 0 0 0 0 0 9 186 255 111 51 48 1 0 255 254 185 0 6 3 0 4 0 0 0 0 0 0 0 0 0 0 0 0 2 79 243 189 0 0 0 67 254 254 124 0 0 0 0 0 0 0 0 0 0 0 0 0 0 0 0 0 8 7 199 148 0 0 26 88 255 251 54 9 0 2 2 0 0 0 0 0 0 0 0 0 0 0 0 0 0 8 119 211 12 5 0 211 255 219 4 12 0 3 4 0 0 0 0 0 0 0 0 0 0 0 0 0 8 0 0 12 0 9 4 196 254 166 0 5 0 1 0 2 0 0 0 0 0 0 0 0 0 0 0 0 0 4 0 1 0 0 17 215 255 128 0 0 3 3 0 8 0 0 0 0 0 0 0 0 0 0 0 0 0 4 0 1 8 4 48 251 255 39 9 0 3 0 0 3 0 0 0 0 0 0 0 0 0 0 0 0 3 9 8 6 0 1 110 255 196 11 0 0 6 0 0 0 0 0 0 0 0 0 0 0 0 0 0 0 0 0 4 3 0 5 195 255 132 0 0 0 4 0 1 0 0 0 0 0 0 0 0 0 0 0 0 0 11 6 6 8 0 8 239 253 94 0 7 0 0 0 1 0 0 0 0 0 0 0 0 0 0 0 0 0 0 0 0 0 0 13 247 252 56 3 11 0 0 0 0 0 0 0 0 0 0 0 0 0 0 0 0 0 0 9 4 6 10 73 255 240 13 0 5 0 0 2 0 0 0 0 0 0 0 0 0 0 0 0 0 0 0 1 0 0 0 127 235 107 0 0 0 0 1 3 0 1 0 0 0 0 0 0 0 0 0 0 0 0 0 0 4 11 22 230 255 48 0 3 0 0 0 2 0 5 0 0 0 0 0 0 0 0 0 0 0 0 10 6 0 0 43 255 250 56 0 0 0 0 0 0 0 0 0 0 0 0 0 0 0 0 0 0 0 0 0 5 5 6 51 253 242 55 0 0 0 0 0 0 0 0 0 0 0 0 0 0 0 0 0 0 0 0 12 7 0 0 73 234 187 11 0 0 0 0 0 0 0 0 0 0 0 0 0 0 0 0 0 0 0 0 0 13 13 5 0 15 9 0 0 0 0 0 0 0 0 0 0 0 0 0
0 0 0 1 4 4 2 0 2 0 5 7 0 0 3 0 3 0 0 0 0 4 1 0 0 0 0 0 8 6 1 0 0 0 0 0 0 0 0 0 6 6 0 0 0 0 4 6 2 0 0 2 0 0 0 0 0 0 3 5 4 4 6 8 4 14 2 0 2 0 0 7 0 0 0 5 2 0 0 7 0 0 0 0 0 0 0 1 0 0 0 0 0 0 0 0 0 0 0 2 4 0 0 0 0 1 0 0 0 0 0 0 7 1 0 0 0 1 3 3 14 0 3 13 7 10 7 0 1 8 7 0 0 4 0 0 0 0 0 0 0 0 0 0 3 4 1 0 1 0 0 0 0 0 3 1 0 0 7 3 0 0 1 0 0 0 0 0 0 0 1 0 0 0 0 2 0 8 0 0 12 4 0 8 13 0 0 0 2 0 0 5 0 0 0 0 0 1 1 0 6 33 75 107 224 245 205 204 255 216 111 86 83 24 0 0 9 0 0 0 0 0 0 0 0 3 2 17 199 205 255 254 248 254 255 232 255 255 230 255 254 122 0 0 10 4 0 2 0 0 0 0 0 6 17 24 174 243 255 243 251 235 253 255 244 251 255 244 254 191 74 0 0 5 0 0 0 0 0 0 14 0 0 0 110 188 104 27 159 193 50 8 54 22 33 224 252 253 180 0 0 3 2 0 0 0 0 0 0 1 8 2 0 8 0 1 0 0 0 20 0 0 9 133 249 255 226 1 5 1 0 4 0 0 0 0 6 0 0 2 2 0 6 10 0 4 10 10 0 5 0 115 249 252 224 0 3 2 0 0 0 0 0 0 0 6 2 5 17 0 8 0 0 8 4 0 7 6 0 229 252 249 222 6 0 4 8 0 0 0 0 0 4 8 0 0 0 0 8 5 0 0 0 0 20 0 0 223 255 251 237 64 0 0 13 0 0 0 0 0 0 0 6 0 5 8 0 5 3 0 7 0 0 0 6 78 255 248 253 126 9 0 8 2 0 0 0 0 0 0 0 0 0 0 0 0 0 5 0 0 0 2 0 64 254 254 247 141 0 0 2 0 0 0 0 0 0 0 0 0 0 0 0 0 0 5 0 0 0 2 0 64 255 251 240 123 2 0 13 2 0 0 0 0 0 0 0 0 0 0 0 0 0 5 0 0 0 2 0 64 245 255 255 135 16 0 6 3 0 0 0 0 0 0 0 0 0 0 0 0 0 5 0 0 0 2 0 64 241 255 247 108 6 6 0 0 0 0 0 0 0 0 0 0 0 0 0 0 0 5 0 0 0 2 0 64 255 244 220 25 0 17 0 0 0 0 0 0 0 0 0 0 0 0 0 0 0 5 0 0 0 2 0 64 255 250 234 0 0 0 0 5 0 0 0 0 0 0 0 0 0 0 0 0 0 5 0 0 0 2 0 64 247 255 204 11 6 0 0 6 0 0 0 0 0 0 0 0 0 0 0 0 0 5 0 0 0 2 0 64 244 255 107 1 0 12 0 1 0 0 0 0 0 0 0 0 0 0 0 0 2 6 0 0 16 2 0 149 245 212 35 0 13 0 11 0 0 0 0 0 0 0 0 0 0 0 0 0 0 9 6 0 0 0 10 165 255 232 95 0 0 7 10 0 0 0 0 0 0 0 0 0 0 0 0 0 0 3 4 0 0 0 0 83 243 255 232 98 4 0 0 10 0 0 0 0 0 0 0 0 0 0 0 0 7 0 0 0 6 12 0 0 7 0 6 0 0 23 1 5 0 0 0 0
0 0 0 0 0 0 0 0 1 0 0 0 0 0 0 0 2 0 8 0 2 0 8 1 0 0 0 0 0 0 0 0 0 0 0 0 0 0 1 3 3 2 1 2 1 0 0 0 12 9 0 0 0 0 0 0 0 0 0 0 0 0 0 0 0 0 2 1 0 0 0 1 0 4 4 2 0 0 0 7 0 0 0 0 0 0 0 0 0 0 0 0 4 2 0 0 0 0 2 5 4 4 0 0 2 0 0 0 0 0 0 0 0 0 0 0 0 0 0 0 1 0 0 0 3 6 5 2 0 0 5 0 12 0 7 5 0 0 0 0 0 0 0 0 0 0 0 0 0 0 0 1 2 0 0 0 18 2 11 0 0 0 6 0 0 0 0 0 0 0 0 0 0 0 0 0 0 1 2 0 0 0 6 12 0 0 0 16 0 7 9 0 0 0 0 0 0 0 0 0 0 0 0 0 0 0 2 0 0 16 47 72 158 219 255 250 53 3 0 7 0 0 0 0 0 1 0 6 1 0 6 1 0 63 99 157 216 211 255 246 255 245 254 244 50 6 0 11 0 0 0 0 1 8 0 1 0 25 162 208 249 251 255 253 252 204 185 154 97 132 255 246 45 0 12 0 0 0 0 0 0 0 0 14 5 66 233 255 255 192 150 85 44 13 0 0 3 126 245 203 0 0 12 3 0 0 0 0 12 5 0 3 0 0 48 31 0 0 8 7 0 0 0 0 0 209 255 125 2 11 0 0 0 0 0 0 0 0 6 3 7 4 0 5 0 2 0 0 0 0 11 6 75 255 255 0 0 0 4 16 0 0 0 0 0 3 7 0 3 7 0 12 0 17 0 10 9 1 0 0 109 253 236 4 7 4 3 0 0 0 0 0 7 3 0 0 2 7 0 1 0 1 0 0 0 0 0 50 196 255 172 9 0 11 0 6 0 0 0 0 0 0 0 10 0 0 12 0 0 1 8 0 0 7 13 153 251 250 138 0 9 5 0 11 0 0 0 0 0 0 0 0 0 0 0 0 0 2 0 10 9 0 4 255 251 238 15 12 0 0 11 0 0 0 0 0 0 0 0 0 0 0 0 0 0 3 8 1 0 0 41 238 252 143 3 4 0 0 8 0 0 0 0 0 0 0 0 0 0 0 0 0 0 4 5 0 4 10 154 255 235 36 0 0 1 0 1 2 0 0 0 0 0 0 0 0 0 0 0 0 6 8 0 0 9 1 221 254 180 0 0 0 1 1 0 2 0 0 0 0 0 0 0 0 0 0 0 0 0 2 0 18 0 88 252 241 95 0 0 1 0 5 0 1 0 0 0 0 0 0 0 0 0 0 0 0 0 0 0 15 0 220 255 235 22 9 0 0 0 4 2 0 0 0 0 0 0 0 0 0 0 0 0 0 11 2 1 0 4 255 243 150 0 5 2 0 0 0 5 0 0 0 0 0 0 0 0 0 0 0 0 0 0 0 0 7 94 254 255 87 3 0 6 0 5 0 6 0 0 0 0 0 0 0 0 0 0 0 0 0 0 9 0 32 202 255 249 0 0 0 0 0 0 0 0 0 0 0 0 0 0 0 0 0 0 0 0 0 1 0 4 43 242 255 129 16 0 0 0 0 0 0 0 0 0 0 0 0 0 0 0 0 0 0 0 0 14 0 4 62 249 232 28 0 0 0 0 0 0 0 0 0 0 0 0 0 0 0 0 0 0 0 0 0 0 0 2 0 13 2 0 27 0 0 0 0 0 0 0 0 0 0 0 0
0 1 3 3 0 0 0 0 1 1 0 0 0 0 2 5 0 8 3 0 4 5 0 1 0 0 0 0 0 0 0 1 2 3 4 5 0 0 0 0 0 0 0 0 0 2 5 11 0 0 0 0 0 0 0 0 2 0 0 0 0 0 1 0 3 1 1 3 6 6 2 0 14 0 0 12 0 4 5 2 0 0 0 0 3 0 0 0 0 0 0 0 2 0 0 0 0 0 0 0 2 0 0 0 0 1 0 0 0 0 0 0 0 0 0 0 3 4 3 2 0 2 4 2 0 0 0 4 0 11 15 0 11 0 0 0 0 0 0 0 0 0 1 0 0 0 0 0 0 0 2 3 2 0 0 0 0 3 0 0 1 6 2 5 0 0 0 0 1 3 3 0 0 0 1 8 2 0 0 0 0 4 4 2 15 0 0 32 0 3 0 0 0 0 0 0 0 0 3 1 1 10 27 41 51 34 16 14 27 40 45 43 36 43 89 173 25 11 0 5 0 0 0 0 0 21 0 0 4 55 192 253 247 250 179 77 216 251 255 241 240 250 253 246 127 2 0 3 0 0 0 0 14 0 0 6 0 114 255 238 255 232 232 255 251 248 246 252 255 253 250 252 114 6 0 2 0 0 0 0 8 0 0 4 0 60 188 255 122 249 255 231 254 255 184 161 235 251 244 203 35 4 11 0 0 0 0 0 0 7 5 0 4 0 32 196 4 110 246 253 85 30 38 27 206 245 250 176 0 0 11 0 0 0 0 0 6 0 8 0 2 5 0 25 0 0 12 133 34 2 0 142 237 247 255 178 11 0 0 3 0 0 0 0 6 0 8 0 0 17 3 0 16 7 0 23 0 8 89 251 255 253 237 99 4 4 0 0 0 0 0 0 0 0 4 0 0 0 0 19 0 0 4 2 0 0 102 245 252 251 215 2 0 8 6 0 0 0 0 0 3 0 0 3 6 2 0 0 0 19 0 0 7 4 76 254 247 244 217 0 9 2 0 4 0 0 0 0 0 0 0 0 0 0 0 0 0 0 0 0 1 0 85 252 251 241 229 0 4 1 0 1 0 0 0 0 0 0 0 0 0 0 0 0 0 0 0 0 1 0 85 252 255 251 151 3 9 5 8 6 0 0 0 0 0 0 0 0 0 0 0 0 0 0 0 0 1 0 85 252 244 242 36 0 0 0 2 0 0 0 0 0 0 0 0 0 0 0 0 0 0 0 0 0 1 0 85 252 248 249 0 3 0 0 7 0 0 0 0 0 0 0 0 0 0 0 0 0 0 0 0 0 1 0 85 252 253 255 0 3 4 2 8 1 0 0 0 0 0 0 0 0 0 0 0 0 0 0 0 0 1 0 85 252 247 250 4 0 0 0 0 0 0 0 0 0 0 0 0 0 0 0 0 0 0 0 0 0 1 0 85 252 253 255 5 0 8 4 0 5 0 0 0 0 0 0 0 0 0 0 0 0 0 0 0 0 1 0 85 252 249 255 0 0 7 0 0 3 0 0 0 0 0 0 0 0 0 0 0 0 1 4 0 5 8 0 80 255 240 255 1 0 16 0 0 2 0 0 0 0 0 0 0 0 0 0 0 0 0 7 0 0 0 4 96 237 255 225 11 0 1 0 0 3 0 0 0 0 0 0 0 0 0 0 0 0 0 1 1 3 5 1 15 48 165 96 0 0 0 8 0 0 0 0 0 0 0 0 0 0 0 0 0 0 7 0 0 0 0 2 0 0 17 0 0 2 4 4 0 0 0 0 0 0
0 15 0 2 7 0 0 1 0 0 0 1 0 0 0 2 6 0 0 4 4 0 0 2 0 0 0 0 0 3 0 0 0 13 14 6 4 0 7 0 5 0 1 0 0 0 2 0 0 4 3 0 0 0 0 0 0 0 9 15 0 0 0 0 0 0 0 7 0 10 0 4 4 8 4 0 0 2 5 0 0 0 0 0 0 0 10 0 0 23 17 0 2 6 0 6 0 5 0 0 0 0 0 2 3 1 2 7 0 0 0 0 6 0 0 0 0 0 0 11 2 0 6 0 10 0 8 2 0 1 5 6 4 0 0 0 0 0 0 0 6 0 4 10 0 18 0 2 0 3 0 5 0 2 0 2 0 3 0 0 0 8 15 10 0 0 0 0 0 8 7 0 11 203 153 0 0 0 6 0 1 0 2 5 11 0 0 9 6 0 0 0 0 0 0 0 8 0 2 1 0 229 223 75 85 62 158 85 205 132 228 205 216 174 177 210 168 58 0 6 0 0 0 0 4 1 0 4 1 210 253 253 248 255 245 255 255 255 217 220 226 213 227 253 251 232 54 3 0 0 0 0 0 0 0 0 0 225 255 245 108 114 103 112 115 108 36 1 0 14 26 244 255 219 26 0 0 0 0 0 11 10 0 0 9 226 211 132 8 4 0 0 0 11 0 3 7 0 31 255 250 186 0 15 0 0 0 0 0 2 3 0 0 222 255 227 0 0 13 18 3 5 0 4 0 6 85 255 226 62 3 0 0 0 0 0 3 14 14 4 0 211 255 255 109 13 0 0 0 0 0 6 0 0 197 252 186 28 0 5 0 0 0 0 0 0 0 1 12 226 255 240 143 4 0 0 9 13 0 5 13 47 211 254 149 0 1 0 0 0 0 0 8 9 6 2 0 202 255 255 140 0 1 1 0 0 0 0 0 89 244 255 147 19 0 15 0 0 0 0 0 0 0 2 4 221 255 251 143 1 9 0 0 2 0 0 0 190 255 246 139 1 0 0 0 0 0 0 0 27 0 0 19 181 247 255 137 10 0 6 0 3 0 4 0 218 249 250 147 7 0 7 0 0 0 0 3 0 0 6 0 37 133 254 72 0 0 4 0 8 0 0 1 212 255 255 151 5 0 0 0 0 0 0 0 7 11 6 0 3 0 0 10 0 4 0 0 10 0 0 4 207 255 255 110 7 5 0 0 0 0 0 0 0 0 0 0 0 10 0 0 0 7 0 0 5 0 5 38 230 241 255 36 7 0 1 0 0 0 0 6 0 13 9 18 0 0 1 0 2 3 0 1 0 0 8 92 255 249 255 0 0 0 0 0 0 0 0 0 0 0 0 0 4 13 0 0 0 0 1 6 0 0 2 111 255 255 249 0 0 3 1 0 0 0 0 4 0 10 12 8 0 0 9 0 0 0 0 1 0 2 0 106 244 255 248 2 0 3 4 0 0 0 0 0 0 0 0 0 0 1 2 1 5 0 0 0 0 10 0 112 255 247 255 0 8 0 2 0 0 0 0 0 0 0 0 0 0 0 0 0 0 0 0 0 0 0 0 123 239 255 237 0 12 0 1 0 0 0 0 0 0 0 0 0 0 0 0 0 0 0 0 0 0 0 0 30 248 240 39 0 0 0 8 0 0 0 0 0 0 0 0 0 0 0 0 0 0 0 0 0 0 0 0 3 0 3 0 2 0 8 4 0 0 0 0 0 0 0 0 0 0 0 0 0 0 0 0 0 0 0 0 8 2 0 18 0 25 7 0 0 0 0 0
0 2 6 1 0 3 7 6 0 0 3 0 1 5 3 0 3 0 0 8 10 0 0 5 0 0 0 0 10 0 0 0 2 0 0 0 8 7 2 0 0 0 0 0 0 2 0 0 0 0 0 2 0 0 0 0 0 0 0 2 3 3 5 8 0 0 0 2 3 1 0 2 0 1 1 16 0 14 2 0 0 0 0 0 0 6 6 0 0 2 2 0 7 3 4 8 6 0 0 0 12 1 0 7 0 0 0 0 0 0 0 0 6 3 0 0 3 11 5 0 0 0 0 0 0 0 1 7 0 0 0 3 0 11 9 10 0 0 0 0 0 0 0 7 2 0 0 9 0 4 6 5 5 7 5 1 0 15 11 0 0 1 0 0 0 0 0 0 0 3 4 0 0 0 1 0 0 1 0 0 0 0 0 0 0 0 3 0 22 0 0 13 0 0 0 0 0 8 0 0 40 107 94 29 32 40 35 28 51 102 140 150 255 251 255 253 245 77 0 4 0 0 0 0 0 6 0 0 73 253 255 249 246 255 253 255 245 245 255 244 255 246 250 255 254 53 4 0 0 0 0 0 0 0 7 1 24 134 199 255 250 255 252 255 255 255 232 159 167 155 193 247 251 80 4 0 0 0 0 0 10 0 1 0 0 7 40 120 128 113 115 134 94 25 1 0 0 0 106 242 255 68 0 4 0 0 0 0 9 0 0 0 0 2 0 0 0 2 4 8 5 3 5 0 2 27 164 252 221 12 0 8 0 0 0 0 0 0 10 0 2 13 7 0 1 5 1 0 0 5 4 3 1 145 254 255 129 0 15 0 0 0 0 0 0 0 8 0 0 0 0 0 0 0 1 9 9 0 0 11 15 197 255 238 57 5 8 0 0 0 0 0 1 0 0 0 12 0 6 2 1 3 0 0 2 19 0 1 199 255 255 166 9 0 0 10 0 0 0 0 6 0 0 0 6 0 5 0 4 0 5 4 0 0 14 104 255 243 225 58 0 9 0 1 0 0 0 0 0 0 0 0 0 0 0 0 0 5 0 6 10 9 95 250 255 243 70 0 14 0 0 0 0 0 0 0 0 0 0 0 0 0 0 0 1 0 0 1 0 28 215 255 250 98 0 0 4 0 0 5 0 0 0 0 0 0 0 0 0 0 0 0 9 0 14 14 6 176 255 237 131 0 0 10 0 2 0 0 0 0 0 0 0 0 0 0 0 0 0 0 0 14 0 6 21 255 250 223 8 0 19 4 0 12 0 0 0 0 0 0 0 0 0 0 0 0 0 0 15 4 0 9 236 243 220 18 0 6 0 0 7 5 0 8 0 0 0 0 0 0 0 0 0 0 0 0 0 0 16 162 246 255 118 0 1 6 0 0 0 0 10 0 0 0 0 0 0 0 0 0 0 0 0 0 10 0 138 255 246 187 0 0 0 4 3 4 0 0 11 0 0 0 0 0 0 0 0 0 0 0 0 0 0 13 238 250 249 63 34 177 12 1 0 0 12 0 0 11 0 0 0 0 0 0 0 0 0 0 0 0 1 91 255 250 147 58 231 249 5 3 0 0 0 0 0 0 0 0 0 0 0 0 0 0 0 0 0 0 1 7 225 255 255 255 226 197 4 3 0 0 0 0 0 0 0 0 0 0 0 0 0 0 0 0 0 0 0 1 47 198 255 246 167 0 4 2 0 0 0 0 0 0 0 0 0 0 0 0 0 0 0 0 0 0 0 3 0 15 0 0 12 2 2 2 0 0 0 0 0 0 0 0 0 0
0 0 0 0 0 0 0 0 5 0 0 2 3 0 0 6 4 0 4 5 0 0 0 0 3 0 0 3 0 0 0 0 0 0 0 0 1 0 0 0 5 5 0 0 0 0 0 3 0 1 0 6 0 0 0 2 0 0 0 0 0 0 0 0 0 6 12 2 0 0 2 10 7 0 0 0 22 8 5 0 0 0 0 0 0 0 0 0 0 0 0 0 2 1 0 0 0 1 0 0 0 9 2 7 0 0 0 11 4 5 2 0 0 0 0 0 0 0 0 0 0 0 2 7 7 1 0 1 3 6 0 0 0 0 0 0 0 1 1 0 0 0 0 0 0 0 0 0 11 5 0 0 0 0 0 0 0 0 0 15 0 20 7 0 0 0 0 1 0 0 0 0 0 0 0 0 0 0 6 35 100 157 153 115 179 221 181 221 58 124 100 140 22 2 0 0 0 0 0 0 0 0 0 0 84 170 236 242 245 255 250 212 178 138 153 113 110 146 247 252 57 17 0 0 1 0 0 2 0 0 7 18 226 240 255 252 255 241 81 21 6 0 0 7 0 27 255 224 12 9 4 0 0 0 0 3 0 0 4 14 222 255 243 174 136 102 19 0 0 23 0 0 3 139 252 206 7 5 2 0 0 0 1 3 0 0 1 8 99 160 74 21 4 0 0 4 0 0 0 4 81 252 228 51 0 0 0 0 0 0 2 2 0 0 0 2 0 22 0 0 1 0 0 0 6 0 1 40 238 255 120 13 0 0 0 0 0 1 2 1 0 0 0 0 1 0 0 22 0 2 4 0 0 1 15 188 243 169 4 0 0 0 0 0 0 2 2 0 0 1 0 0 8 0 5 5 0 3 1 0 7 66 209 255 130 7 11 0 0 0 0 0 0 3 2 0 0 3 2 0 0 0 6 12 2 13 0 4 31 235 255 250 27 42 0 22 1 0 0 0 1 4 2 0 0 4 4 0 0 13 0 0 3 0 12 95 200 255 255 240 255 255 131 0 0 0 0 0 6 0 15 1 0 11 0 0 60 229 255 255 250 255 244 253 255 252 255 254 217 136 47 0 0 0 0 0 0 0 2 0 11 0 5 168 229 248 244 244 255 247 251 255 234 178 108 54 20 1 0 3 0 0 0 0 0 14 0 0 13 0 0 147 255 187 144 195 151 247 255 246 27 12 0 1 1 0 0 0 0 0 0 0 0 1 5 0 1 11 0 5 0 0 5 0 101 255 218 68 7 1 0 1 1 0 0 0 0 0 0 0 8 0 4 13 0 1 2 0 4 0 11 58 248 255 107 0 0 0 0 6 7 5 5 7 0 0 0 0 0 2 3 2 0 0 0 15 4 0 66 226 245 131 5 11 12 8 0 0 0 0 0 1 0 0 0 0 0 16 1 0 2 4 0 0 6 110 249 254 133 16 2 0 0 0 2 7 9 7 2 0 0 0 0 0 3 0 0 2 5 0 4 0 79 255 242 160 8 0 0 20 5 3 0 0 0 0 1 2 0 0 0 0 0 0 3 5 0 0 4 26 215 255 205 40 0 0 3 0 0 0 0 0 0 0 0 0 0 0 0 0 2 0 0 0 0 0 19 44 255 223 96 0 0 8 0 3 0 0 0 0 0 0 0 0 0 0 0 0 0 0 0 3 1 0 5 17 0 4 0 2 0 3 0 5 0 0 0 0 0 0 0 0 0 0 0 0 0 0 1 5 1 0 0 0 4 6 1 4 0 1 0 0 0 0 0 0 0 0 0 0 0 0 0 0
0 0 0 0 0 0 0 0 2 0 0 4 0 0 7 1 0 3 0 0 0 0 3 0 0 0 0 0 0 0 0 0 0 0 0 0 0 5 5 1 4 2 0 0 0 8 2 2 9 7 0 0 0 0 0 0 0 0 0 0 0 0 0 0 0 7 0 0 0 4 0 7 0 0 2 0 0 1 0 13 0 0 0 0 0 0 0 0 0 0 0 0 4 5 0 0 0 0 0 0 21 7 2 0 4 12 0 0 0 0 0 0 0 0 0 0 0 0 0 0 3 0 1 17 5 0 3 0 0 0 3 6 0 0 0 3 0 0 0 0 0 0 0 0 0 0 0 0 9 0 0 5 0 0 2 0 0 0 3 9 0 0 20 0 0 0 0 0 0 0 0 0 0 0 0 0 0 11 0 0 8 16 11 23 59 81 124 209 238 240 183 0 0 0 0 0 0 0 0 0 0 0 0 0 27 113 121 124 204 231 210 233 251 255 246 255 240 250 229 28 0 0 0 0 15 0 6 17 0 0 91 188 252 255 252 249 255 255 252 255 249 193 167 176 214 247 214 0 0 0 0 0 0 5 0 0 26 157 253 255 255 251 255 255 232 170 121 105 27 0 9 33 177 255 98 2 0 0 0 0 4 0 19 0 40 228 246 250 237 154 83 55 24 0 0 6 0 19 0 193 248 197 3 2 0 0 0 0 0 13 0 0 75 255 244 142 43 0 0 1 6 2 2 0 2 0 85 255 255 90 1 10 0 0 0 0 16 0 11 0 11 139 36 0 0 0 0 0 0 0 2 0 5 105 244 246 128 0 19 0 0 0 0 0 0 0 0 21 1 0 0 12 0 8 4 0 9 11 2 0 65 241 250 148 0 0 18 0 0 0 0 0 0 0 8 0 0 26 0 4 0 7 0 0 7 0 0 36 255 255 177 0 11 15 0 3 0 0 0 0 0 4 1 3 8 0 0 3 0 8 0 0 4 0 64 213 244 247 67 4 68 0 0 2 0 0 0 0 2 0 0 5 0 1 14 0 1 43 48 56 69 129 254 255 248 255 246 162 187 255 148 4 0 0 0 0 1 1 0 0 8 0 0 24 128 237 255 250 252 251 255 247 255 252 255 219 166 113 23 0 0 0 0 0 0 7 5 0 4 0 4 122 255 221 255 255 242 255 254 247 176 103 53 8 0 0 0 11 0 0 0 0 0 0 11 0 1 0 9 143 225 255 239 246 253 255 204 83 15 2 5 0 0 14 0 0 0 0 0 0 3 0 3 0 8 11 0 49 165 108 100 246 250 217 23 0 0 0 2 4 0 0 0 7 0 0 0 0 5 0 3 0 0 6 0 0 0 4 235 255 205 35 1 1 10 0 0 0 4 8 4 1 0 0 0 0 0 4 4 0 0 0 0 10 14 244 242 255 82 0 0 11 0 6 11 1 0 0 1 0 0 0 0 0 0 13 0 0 13 4 0 2 164 255 253 167 0 12 4 0 7 3 0 0 0 0 1 4 0 0 0 0 0 0 0 0 0 0 0 0 198 255 212 46 0 15 0 6 0 0 0 0 0 0 0 0 0 0 0 0 0 0 0 0 0 0 0 0 165 212 72 3 0 0 24 0 0 0 0 0 0 0 0 0 0 0 0 0 0 0 0 0 0 0 0 0 0 18 0 0 2 0 10 0 0 0 0 0 0 0 0 0 0 0 0 0 0 0 0 0 0 0 0 0 5 0 29 7 1 12 0 6 0 0 0 0 0 0 0 0 0 0 0 0
0 0 0 0 0 0 0 0 0 0 0 0 0 0 0 0 0 4 0 0 6 0 0 0 0 0 0 0 0 0 0 0 0 0 0 0 0 0 0 0 0 2 4 5 0 4 2 0 0 0 0 10 0 0 0 0 0 0 0 0 0 0 0 0 4 2 0 0 0 0 1 2 8 0 0 13 14 11 5 0 0 0 0 0 0 0 0 0 0 0 0 0 1 1 0 0 0 0 1 2 1 0 0 0 0 0 0 6 0 0 0 0 0 0 0 0 0 0 0 0 0 0 0 1 3 3 3 3 8 0 3 0 3 12 1 4 0 0 0 0 0 0 0 0 0 0 0 0 1 0 0 0 0 0 0 0 0 0 9 0 0 12 0 0 0 0 0 0 0 0 0 0 0 0 0 0 4 2 1 0 2 5 8 11 61 95 104 37 10 2 0 16 0 0 0 0 0 0 0 0 0 0 0 0 0 0 1 7 19 34 48 57 236 255 255 203 202 160 32 0 0 0 0 0 7 0 12 4 0 2 0 0 1 2 13 71 171 255 255 186 255 255 239 245 255 255 94 4 0 0 0 0 0 20 0 0 17 0 15 0 0 24 106 249 255 254 250 39 6 0 35 101 252 255 238 0 0 0 0 0 0 0 5 13 0 7 0 13 38 223 252 255 228 98 48 12 2 1 0 0 144 226 255 5 0 0 0 0 4 0 0 1 0 0 139 150 255 221 255 175 4 0 29 0 0 3 0 15 185 255 168 0 0 0 0 0 10 3 0 0 29 91 252 255 248 226 165 16 0 22 0 2 4 0 3 69 236 255 95 16 0 0 0 0 0 0 6 13 156 244 255 239 229 63 0 0 6 0 0 7 2 12 61 212 255 251 83 0 0 0 0 0 0 4 6 83 255 255 231 147 0 10 2 7 5 0 10 0 0 0 55 253 252 255 106 3 0 0 0 0 0 0 0 243 240 255 29 1 1 5 0 0 0 0 1 5 13 0 115 255 254 142 21 0 0 0 0 0 0 1 0 249 255 157 0 1 3 0 3 0 0 0 14 0 17 160 247 255 214 37 14 0 0 0 0 0 0 4 5 182 254 118 0 9 0 8 0 0 5 0 7 0 88 255 241 246 103 5 7 0 0 0 0 0 0 0 0 97 252 103 0 0 4 7 4 0 12 0 0 123 231 255 221 190 0 0 0 4 0 0 0 0 11 5 4 47 190 85 18 5 0 0 0 8 1 0 27 217 255 245 190 0 9 0 4 5 0 0 0 0 0 1 0 0 29 1 0 0 7 7 0 0 0 87 183 241 247 192 37 0 0 17 0 0 0 0 0 0 0 12 3 0 0 2 4 3 0 0 14 0 93 244 244 255 210 18 0 13 13 0 8 0 0 0 0 0 0 0 0 0 0 12 4 0 10 0 0 12 154 255 246 246 73 0 9 0 2 15 0 10 0 0 0 0 4 0 6 0 7 0 0 3 0 5 9 193 255 232 255 29 6 5 0 1 0 0 10 0 0 0 0 0 0 0 0 0 0 0 0 0 0 0 91 235 255 216 117 10 0 0 0 0 0 0 0 0 0 0 0 0 0 0 0 0 0 0 0 0 2 1 61 110 76 29 11 0 0 0 0 0 0 0 0 0 0 0 0 0 0 0 0 0 0 0 0 0 13 0 0 9 5 0 0 0 0 0 0 0 0 0 0 0 0 0 0 0 0 0 0 0 0 0 0 0 0 0 0 0 4 1 0 3 0 0 0 0 0 0 0 0 0 0 0 0
0 1 2 0 0 0 0 0 0 12 0 0 0 0 5 0 0 0 0 0 0 0 0 0 0 0 0 0 0 1 0 0 0 0 1 1 10 0 0 0 8 0 0 2 0 0 0 0 0 0 0 0 0 0 0 0 2 0 0 0 1 1 1 1 0 0 8 6 6 0 0 6 0 0 0 0 0 0 0 0 0 0 0 0 2 0 0 1 3 1 0 0 31 3 11 0 0 7 12 0 0 0 0 0 0 0 0 0 0 0 0 0 1 0 0 4 4 0 0 0 0 0 9 0 0 1 5 0 0 0 0 0 0 0 0 0 0 0 0 0 0 0 0 4 3 0 0 5 1 10 0 8 10 0 0 3 0 0 0 0 0 0 0 0 0 0 0 0 1 0 0 2 0 0 6 22 205 152 0 0 5 9 2 0 0 0 0 0 0 0 0 0 0 0 0 0 2 0 0 0 0 0 14 36 255 241 52 8 0 0 2 2 0 0 0 0 0 0 0 0 0 0 0 0 0 0 0 1 0 0 15 41 245 252 79 16 0 0 0 12 0 8 0 0 0 19 0 14 0 0 0 0 4 0 0 2 0 0 5 20 197 247 252 124 45 7 9 0 4 26 53 57 4 0 2 0 0 0 0 0 5 0 0 3 5 0 0 0 33 241 255 242 255 192 154 203 190 222 255 252 49 0 10 0 0 0 0 0 1 0 0 2 6 2 0 0 6 91 202 249 241 255 255 249 250 253 252 255 47 15 11 0 0 0 0 0 0 0 0 2 2 0 0 2 0 0 1 110 169 52 145 179 217 255 255 182 3 0 0 6 0 0 0 0 1 2 3 2 0 0 0 2 7 3 7 0 6 1 17 1 207 242 223 54 8 15 9 0 0 0 0 0 1 2 2 0 0 0 0 0 0 8 0 13 0 4 4 17 236 255 187 14 0 0 0 0 0 0 0 0 0 0 0 0 0 2 1 0 1 0 13 0 5 2 0 142 255 243 81 0 0 8 0 6 0 0 0 0 0 0 0 0 0 0 0 0 0 9 0 3 1 0 3 158 255 238 22 3 0 5 1 0 0 0 0 0 0 0 0 0 0 0 0 0 2 11 0 0 10 0 30 243 255 160 19 5 0 1 0 0 0 0 0 0 0 0 0 0 0 0 0 0 0 0 10 0 0 2 147 255 223 47 1 0 2 0 5 1 0 0 0 0 0 0 0 0 0 0 0 0 0 0 7 0 0 34 249 239 145 0 0 0 1 0 7 2 0 0 0 0 0 0 0 0 0 0 0 0 5 1 0 6 13 115 254 255 67 1 0 1 0 0 3 0 0 0 0 0 0 0 0 0 0 0 0 0 6 0 0 11 0 215 254 229 6 11 0 0 0 0 0 0 0 0 0 0 0 0 0 0 0 0 0 0 0 0 8 7 0 255 255 112 0 0 0 0 2 0 0 3 0 0 0 0 0 0 0 0 0 0 0 0 0 14 0 0 95 248 238 23 10 0 10 0 9 0 0 3 0 0 0 0 0 0 0 0 0 0 0 0 0 0 1 0 220 255 123 3 0 0 0 0 0 0 0 0 0 0 0 0 0 0 0 0 0 0 0 0 0 13 1 0 251 245 12 0 0 0 0 0 0 0 0 0 0 0 0 0 0 0 0 0 0 0 0 0 8 0 5 2 0 0 2 0 0 0 0 0 0 0 0 0 0 0 0 0 0 0 0 0 0 0 0 0 0 24 0 0 20 0 9 0 0 0 0 0 0 0 0 0 0 0 0 0
0 0 0 5 4 0 0 1 0 3 3 0 0 0 0 0 0 0 0 0 0 0 0 0 0 0 0 0 3 4 1 0 0 0 0 0 6 0 0 0 7 7 5 6 0 0 0 0 0 0 0 0 0 0 0 0 0 0 3 0 0 8 7 0 0 0 0 2 0 0 0 0 0 0 0 0 0 0 0 0 0 0 0 0 0 0 0 0 0 0 0 0 0 10 8 0 0 6 14 10 0 0 0 0 0 0 0 0 0 0 0 0 11 0 0 0 3 0 2 12 0 0 0 0 3 6 0 0 0 0 0 0 0 0 0 0 0 0 0 0 2 0 0 2 5 0 0 0 0 0 0 6 1 0 0 14 0 0 0 0 0 0 0 0 0 0 0 0 0 2 0 0 0 8 6 0 1 5 3 0 0 1 3 0 0 0 0 0 0 0 0 0 0 0 0 0 0 8 2 0 21 83 120 119 211 245 255 253 255 247 137 8 0 0 0 0 0 0 0 0 0 0 0 0 8 0 0 14 32 218 255 255 252 252 240 255 236 255 255 196 35 0 10 0 7 6 0 9 0 0 0 0 0 5 21 0 218 255 251 233 249 251 208 255 206 253 254 255 177 84 0 27 0 0 8 0 0 0 0 0 0 17 0 0 99 158 70 61 43 30 20 21 22 48 162 255 255 211 31 0 0 0 16 0 0 0 0 0 6 0 0 10 0 16 0 0 0 9 0 15 0 0 58 167 233 255 188 26 8 3 0 7 0 0 0 0 0 0 14 0 5 0 12 9 0 8 0 12 2 0 0 21 230 251 255 85 2 5 0 5 0 0 0 0 0 0 0 0 0 0 0 0 3 0 0 0 16 4 6 16 161 255 237 86 0 19 0 3 0 0 0 0 12 0 8 0 0 0 14 0 0 10 5 11 0 9 0 0 82 255 255 102 0 3 0 6 0 0 0 0 0 7 0 6 4 7 0 0 0 0 9 0 7 5 0 3 204 241 251 92 0 0 0 1 0 0 0 0 0 0 0 0 0 0 0 0 0 8 0 1 6 0 1 1 191 255 253 99 0 3 6 0 0 0 0 0 0 0 0 0 0 0 0 0 7 0 15 6 0 6 0 13 153 241 255 85 0 1 0 2 0 0 0 0 0 0 0 0 0 0 0 0 0 0 8 0 6 0 7 0 183 255 242 49 0 0 0 8 0 0 0 0 0 0 0 0 0 0 0 0 0 16 0 0 15 0 16 19 231 255 155 7 0 2 1 3 0 0 0 0 0 0 0 0 0 0 0 0 2 9 0 9 0 12 0 135 244 222 54 0 3 5 3 0 0 0 0 0 0 0 0 0 0 0 0 0 0 0 7 4 3 0 73 237 255 197 15 3 0 0 0 0 0 0 0 0 0 0 0 0 0 0 0 0 0 0 7 0 18 29 204 255 255 137 11 6 0 0 0 3 0 0 0 0 0 0 0 0 0 0 0 0 11 0 4 4 0 183 255 242 181 43 0 0 1 14 0 0 0 0 0 0 0 0 0 0 0 0 0 0 0 13 0 0 12 239 255 235 35 14 0 0 2 3 0 0 0 0 0 0 0 0 0 0 0 0 0 0 4 0 12 1 108 255 238 103 13 2 0 0 0 0 0 2 0 0 0 0 0 0 0 0 0 0 0 0 7 0 4 0 132 239 192 36 0 0 0 0 0 0 0 5 0 0 0 0 0 0 0 0 0 0 0 0 0 0 18 0 0 14 7 0 0 0 3 3 0 0 0 3 0 0 0 0
0 0 0 0 0 0 0 0 3 0 0 5 1 1 14 0 0 2 0 6 6 0 5 2 0 0 0 0 0 0 0 0 0 0 0 0 12 1 4 0 0 0 0 11 8 15 0 0 0 1 5 0 0 0 0 0 0 0 0 0 0 0 0 0 0 0 2 0 4 13 0 0 0 0 0 20 0 0 0 11 0 0 0 0 0 0 0 0 0 0 0 0 5 6 0 11 0 0 17 0 15 9 0 1 0 4 0 0 0 0 0 0 0 0 0 0 0 0 0 0 0 0 0 10 11 0 0 10 0 0 0 0 0 15 2 0 0 0 0 0 0 0 0 0 0 0 0 0 17 0 22 0 0 20 0 0 18 0 2 3 8 3 0 8 0 0 0 0 0 0 0 0 0 0 0 0 0 233 211 60 31 0 10 194 212 118 56 0 2 0 0 0 0 0 0 0 0 0 0 0 0 0 0 0 106 250 249 255 197 115 229 249 255 255 221 52 0 0 10 0 0 0 0 0 0 0 0 0 0 0 0 0 65 234 255 245 255 255 228 255 245 255 255 163 5 0 2 0 0 0 0 0 0 0 0 0 0 0 0 0 0 68 182 255 239 248 255 249 255 244 223 0 0 0 0 0 0 0 0 0 0 0 0 0 0 0 0 0 11 7 6 81 163 188 248 247 239 254 174 0 17 11 0 9 0 0 0 0 0 0 0 0 0 0 0 0 0 0 0 0 0 7 202 255 253 249 58 0 0 0 0 7 0 0 0 0 0 0 0 0 0 0 0 0 1 5 2 8 4 6 201 248 252 159 0 0 14 5 18 0 0 0 0 0 0 0 0 0 0 0 0 0 0 4 0 0 0 0 191 255 249 137 63 12 0 0 9 5 0 0 0 0 0 0 0 0 0 0 0 0 6 28 67 56 0 19 208 233 255 241 244 199 126 42 0 4 0 0 0 0 0 0 0 0 0 0 0 0 24 205 255 225 208 180 236 255 250 255 255 247 255 87 14 0 0 0 0 0 0 0 0 0 0 0 0 0 80 255 255 237 255 255 255 251 255 234 246 255 227 84 0 3 0 0 0 0 0 0 0 0 0 0 0 0 6 197 255 255 242 255 252 255 236 255 255 222 118 19 0 0 0 0 0 0 0 0 0 0 0 0 0 0 8 77 77 97 124 255 255 236 215 222 178 78 0 0 0 15 0 0 0 0 0 0 0 0 0 0 0 0 1 5 0 0 85 247 255 194 0 0 0 0 4 9 2 0 0 0 0 0 0 0 0 0 0 0 0 0 0 0 10 3 164 255 250 120 8 0 0 1 5 0 0 0 0 0 0 0 0 0 0 0 0 0 0 0 4 0 2 46 231 255 249 64 0 1 6 8 2 0 0 1 0 0 0 0 0 0 0 0 0 0 0 0 0 2 9 153 255 254 253 67 0 1 0 0 0 3 4 0 0 0 0 0 0 0 0 0 0 0 0 0 5 9 0 217 255 252 255 73 1 3 2 1 1 1 1 0 0 0 0 0 0 0 0 0 0 0 0 0 3 0 5 202 252 255 255 184 0 0 0 0 0 0 0 0 0 0 0 0 0 0 0 0 0 0 0 0 0 12 0 66 158 136 35 0 0 0 0 0 0 0 0 0 0 0 0 0 0 0 0 0 0 0 0 0 0 1 10 0 3 12 0 7 0 0 0 0 0 0 0 0 0 0 0 0 0 0 0 0 0 0 0 0 17 0 24 3 0 0 15 0 0 0 0 0 0 0 0 0 0 0 0 0
0 0 0 0 0 0 0 0 0 0 0 0 0 0 0 0 0 0 0 0 0 0 0 0 0 0 0 0 0 0 0 0 0 0 0 0 0 0 0 0 0 0 0 0 0 0 0 0 0 0 0 0 0 0 0 0 0 0 0 0 0 0 0 0 0 0 0 0 0 0 0 0 0 0 0 0 0 0 0 0 0 0 0 0 0 0 0 0 0 0 0 0 0 0 0 0 0 0 0 0 0 0 0 0 0 0 0 0 0 0 0 0 0 0 0 0 0 0 0 0 0 0 0 0 0 0 0 0 0 0 0 0 0 0 0 0 0 0 0 0 0 0 0 0 0 0 0 0 0 0 0 0 0 0 0 0 0 0 0 0 0 0 0 0 0 0 0 0 0 0 0 0 0 0 0 0 0 0 0 0 0 0 0 0 0 0 0 0 0 0 0 0 0 0 0 0 0 0 0 0 0 0 0 0 0 0 0 0 0 0 0 0 0 0 0 0 0 0 0 0 0 0 0 0 0 0 0 0 0 0 0 0 14 174 253 247 255 252 255 245 181 139 255 243 241 37 13 0 0 0 0 0 0 0 0 0 0 0 0 0 90 255 255 254 237 255 237 254 244 255 249 255 251 85 3 0 0 0 0 0 0 0 0 0 0 0 0 0 179 234 253 254 255 242 255 255 248 215 247 253 231 13 6 1 0 0 0 0 0 0 0 0 0 0 0 0 173 255 255 253 243 255 214 120 90 36 251 255 209 0 15 0 0 0 0 0 0 0 0 0 0 0 0 0 148 255 255 242 255 177 56 3 0 112 252 234 115 23 0 0 0 0 0 0 0 0 0 0 0 0 0 0 174 233 255 247 223 38 0 6 0 248 251 198 10 9 0 8 0 0 0 0 0 0 0 0 0 0 0 0 136 251 255 247 51 9 0 0 0 229 251 146 0 0 7 1 0 0 0 0 0 0 0 0 0 0 0 0 38 216 253 197 8 0 3 0 65 233 253 50 0 1 7 0 0 0 0 0 0 0 0 0 0 0 0 0 11 14 76 8 0 0 5 11 209 255 172 24 0 0 13 0 0 0 0 0 0 0 0 0 0 0 0 0 0 11 11 0 7 0 1 45 244 248 83 6 4 0 0 2 0 0 0 0 0 0 0 0 0 0 0 0 0 7 0 0 10 0 1 143 255 249 27 0 2 4 2 0 0 0 0 0 0 0 0 0 0 0 0 0 0 0 12 0 4 3 28 235 251 185 7 1 0 4 6 0 0 0 0 0 0 0 0 0 0 0 0 0 12 0 1 0 0 5 99 255 239 66 0 8 4 0 0 9 0 0 0 0 0 0 0 0 0 0 0 0 0 7 0 7 0 21 188 254 250 16 0 0 0 0 0 0 0 0 0 0 0 0 0 0 0 0 0 0 0 11 0 10 4 107 246 255 254 25 12 0 0 14 2 0 0 0 0 0 0 0 0 0 0 0 0 0 5 0 0 0 19 218 255 252 241 14 0 6 10 0 0 13 0 0 0 0 0 0 0 0 0 0 0 0 0 0 7 0 63 253 252 235 55 20 0 0 4 0 0 3 0 0 0 0 0 0 0 0 0 0 0 0 0 3 0 3 170 253 255 150 10 0 0 1 5 0 0 4 0 0 0 0 0 0 0 0 0 0 0 0 1 5 0 8 238 248 211 42 0 0 0 5 4 0 0 1 0 0 0 0 0 0 0 0 0 0 0 0 3 0 3 6 226 254 116 0 1 6 7 2 0 0 0 0 0 0 0 0
0 0 0 0 0 0 0 0 0 3 0 11 0 2 0 3 7 0 0 4 9 2 0 0 0 0 0 0 0 0 0 0 0 0 0 0 5 4 0 0 0 0 1 9 0 0 0 0 0 0 3 12 0 0 0 0 0 0 0 0 0 0 0 0 0 0 3 1 0 0 3 0 3 8 10 4 0 0 0 0 0 0 0 0 0 0 0 0 0 0 0 0 0 0 2 10 0 9 9 0 0 0 0 0 1 6 2 0 0 0 0 0 0 0 0 0 0 0 0 0 7 11 0 6 0 3 0 0 4 4 1 0 0 4 6 4 0 0 0 0 0 0 0 0 0 0 0 0 0 0 0 7 7 14 0 10 0 0 7 9 3 0 0 3 0 0 0 0 0 0 0 0 0 0 0 0 7 6 0 0 16 0 0 2 7 0 0 0 2 0 0 3 0 0 0 0 0 0 0 0 0 0 0 0 0 0 6 3 124 130 198 255 125 64 9 0 4 1 0 3 0 0 0 0 0 0 0 0 0 0 0 0 10 132 190 255 241 253 255 255 255 242 15 0 0 8 0 3 0 0 0 0 0 0 0 0 0 0 0 0 0 246 253 255 255 238 255 251 255 255 41 12 0 0 0 3 0 0 0 0 0 0 0 0 0 0 0 0 13 190 194 107 136 124 16 179 237 255 2 0 2 0 4 1 0 0 0 0 0 0 0 0 0 0 0 0 0 4 8 1 0 8 0 195 255 255 0 0 9 2 6 0 0 0 0 0 0 0 0 0 0 0 0 0 0 3 5 0 1 3 0 254 255 234 15 7 2 0 3 1 0 0 0 0 0 0 0 0 0 0 0 0 0 0 0 21 7 0 25 253 247 141 0 0 0 0 7 3 0 0 0 0 0 0 0 0 0 0 0 0 14 0 1 0 5 9 0 255 255 69 0 0 7 8 4 0 0 0 0 0 0 0 0 0 0 0 0 0 0 14 0 17 0 0 79 250 243 11 0 1 0 0 0 0 0 0 0 0 0 0 0 0 0 0 0 0 0 12 7 0 3 0 120 255 247 81 0 0 7 0 6 0 0 0 0 0 0 0 0 0 0 0 0 0 9 1 0 0 9 0 152 252 193 46 2 0 1 0 6 0 0 0 0 0 0 0 0 0 0 0 0 0 0 5 8 0 0 18 230 255 138 6 5 1 0 2 3 0 0 0 0 0 0 0 0 0 0 0 0 0 10 0 0 12 0 0 197 255 125 0 6 3 0 3 0 0 0 0 0 0 0 0 0 0 0 0 0 0 6 0 0 9 0 55 196 247 137 0 5 3 0 2 0 3 0 0 0 0 0 0 0 0 0 0 0 0 0 16 11 0 0 154 250 200 120 5 3 0 2 0 0 5 0 0 0 0 0 0 0 0 0 0 0 0 8 0 0 0 2 136 234 122 61 3 2 0 4 0 0 2 0 0 0 0 0 0 0 0 0 0 0 0 0 0 3 0 0 126 255 74 3 0 2 0 4 0 4 0 0 0 0 0 0 0 0 0 0 0 0 0 3 0 0 6 6 246 140 0 0 0 0 0 0 0 0 0 0 0 0 0 0 0 0 0 0 0 0 0 0 0 0 1 0 255 3 9 0 0 0 0 0 0 0 0 0 0 0 0 0 0 0 0 0 0 0 0 0 13 0 0 11 178 0 14 0 0 0 0 0 0 0 0 0 0 0 0 0 0 0 0 0 0 0 0 0 6 0 0 5 21 6 0 0 0 0 0 0 0 0 0 0 0 0 0
0 0 0 3 6 2 0 0 0 0 0 0 0 0 0 0 0 0 13 0 3 0 2 3 0 0 0 0 0 0 0 0 0 0 3 7 0 2 5 7 6 3 0 0 1 0 0 3 0 0 7 0 0 0 0 0 0 0 0 0 0 1 3 2 0 0 0 0 0 0 1 5 2 0 0 7 0 0 13 0 0 0 0 0 12 4 1 7 10 4 0 0 4 4 3 2 1 2 4 6 6 0 6 7 0 0 10 0 0 0 0 0 0 0 0 0 0 0 0 11 0 0 0 3 5 1 0 0 3 0 19 0 6 0 0 0 0 0 0 0 3 8 13 11 4 0 0 0 12 3 0 0 0 1 2 1 19 0 1 0 7 0 0 2 0 0 0 0 0 2 0 0 1 34 32 4 0 0 0 18 57 99 128 141 123 95 0 0 2 2 3 0 0 0 0 0 2 8 0 0 91 215 252 215 232 222 216 224 242 253 250 243 255 222 2 9 0 0 4 0 0 0 0 0 2 0 8 0 65 255 252 247 253 245 242 255 255 242 255 242 246 255 92 0 0 0 4 0 0 0 0 0 0 1 0 0 42 186 240 255 255 255 255 248 218 154 210 255 255 240 152 0 7 0 0 0 0 0 0 0 0 10 0 0 2 38 103 111 103 114 105 97 60 0 102 235 246 255 69 0 9 2 0 2 0 0 0 0 0 1 0 4 7 0 15 0 6 3 3 10 0 0 140 255 249 255 0 4 2 0 2 0 0 0 0 0 4 0 3 0 11 0 12 0 3 0 0 0 0 60 219 255 255 233 11 9 0 1 8 0 0 0 0 0 4 0 13 0 0 0 4 0 11 0 13 6 1 103 255 247 248 255 0 0 0 8 0 3 0 0 0 0 0 0 8 2 0 0 11 2 0 0 4 0 0 106 255 245 238 237 11 12 0 2 0 8 0 0 0 0 3 4 0 4 0 0 7 0 1 4 4 0 13 108 250 254 255 112 129 92 7 0 6 0 0 0 0 0 0 0 0 0 0 0 0 0 0 0 0 5 0 195 240 255 253 251 255 243 230 38 0 5 0 0 0 0 0 0 0 0 0 0 0 0 0 35 189 235 232 250 254 253 250 251 251 255 240 48 10 3 0 0 0 0 0 0 0 0 0 0 0 0 4 77 255 248 248 242 255 249 255 255 254 249 191 4 0 0 0 0 0 0 0 0 0 0 0 0 0 0 0 42 177 248 254 255 235 245 237 145 96 83 71 0 6 0 0 0 0 0 0 0 0 0 0 0 0 0 0 0 11 75 112 251 236 255 139 10 0 0 6 0 3 2 0 0 0 0 0 0 0 0 0 0 0 0 0 6 0 0 71 255 255 253 87 0 16 8 4 1 0 1 0 0 0 0 0 0 0 0 0 0 0 0 8 0 4 20 133 252 242 247 104 0 0 0 0 10 1 5 0 0 0 0 0 0 0 0 0 0 0 0 0 4 5 0 109 255 255 254 78 2 5 10 7 0 0 0 0 0 0 0 0 0 0 0 0 0 0 0 0 0 3 2 1 239 255 255 90 6 0 9 0 0 10 0 0 0 0 0 0 0 0 0 0 0 0 0 9 0 0 0 5 181 235 254 63 5 0 11 0 0 9 0 0 0 0 0 0 0 0 0 0 0 0 0 0 0 13 2 0 10 4 0 21 0 0 5 0 0 1 1 0 0 0 0 0 0 0 0 0 0 0 0 5 0 0 0 0 0 0 11 0 0 0 0 0 0 0 2 0 0 0 0
0 0 0 0 0 0 0 0 2 4 0 0 0 2 1 5 0 3 0 0 7 3 0 3 0 0 0 0 0 0 0 0 0 0 0 0 0 1 7 1 2 7 0 0 0 1 2 7 0 0 0 0 0 0 0 0 0 0 0 0 0 0 0 0 8 0 0 4 0 0 4 9 1 0 0 14 0 5 5 0 0 0 0 0 0 0 0 0 0 0 0 0 7 0 3 10 0 0 0 0 4 1 0 4 0 2 0 0 0 0 0 0 0 0 0 0 0 0 0 0 0 0 2 0 0 7 13 0 0 1 2 0 9 0 0 9 0 0 0 0 0 0 0 0 0 0 0 0 4 6 0 0 7 0 0 0 7 9 0 0 8 4 0 0 0 0 0 0 0 0 0 0 0 0 0 0 0 10 0 0 12 9 0 6 0 0 0 19 0 0 3 6 0 0 0 0 0 0 0 0 0 0 0 0 71 126 72 0 70 192 245 255 255 255 245 226 15 1 0 2 0 0 0 0 0 5 0 0 10 9 0 3 182 255 201 120 231 255 255 247 252 244 255 241 10 0 0 1 0 0 0 0 0 2 4 0 1 0 5 65 246 255 254 248 255 230 246 255 243 236 255 247 96 1 0 0 0 0 0 0 0 0 1 1 0 0 13 92 251 240 246 243 243 171 165 160 58 80 237 244 108 0 0 8 0 0 0 0 6 0 0 0 3 0 0 49 143 141 87 19 30 1 0 2 0 11 237 255 80 18 4 5 0 0 0 0 5 0 0 0 2 2 0 3 0 0 2 0 15 0 0 11 8 94 237 236 0 5 0 0 0 0 0 0 0 0 10 0 0 5 0 0 16 0 5 0 0 0 4 5 65 237 253 192 0 0 0 22 0 0 0 0 0 0 12 0 0 5 3 3 6 0 5 0 0 10 0 3 184 255 241 88 10 11 0 0 0 0 0 0 3 0 5 0 0 5 0 0 0 7 1 0 10 0 0 92 255 238 255 12 0 6 0 10 0 0 0 0 0 0 0 0 0 0 0 0 6 0 8 0 4 2 4 209 255 252 88 0 9 0 5 0 0 0 0 0 0 0 0 0 0 0 0 0 0 0 0 21 0 0 107 252 249 96 1 6 5 0 5 0 0 0 0 0 0 0 0 0 0 0 0 0 5 7 0 0 23 148 230 255 164 2 0 7 0 2 2 0 0 0 0 0 0 0 0 0 0 0 0 0 0 19 2 3 114 255 255 234 51 0 14 0 0 9 0 0 0 0 0 0 0 0 0 0 0 0 0 0 0 0 0 93 255 247 228 117 1 0 0 0 13 6 0 1 0 0 0 0 0 0 0 0 0 0 0 0 13 0 35 253 247 255 84 7 0 0 0 5 0 0 10 0 0 0 0 0 0 0 0 0 0 0 0 0 3 0 227 253 255 160 18 0 1 9 9 5 0 0 16 0 0 0 0 0 0 0 0 0 0 0 0 0 0 56 244 246 255 123 0 3 3 0 0 0 8 1 0 7 0 0 0 0 0 0 0 0 0 0 0 0 4 137 253 255 174 3 8 0 0 0 0 0 0 0 0 0 0 0 0 0 0 0 0 0 0 0 0 0 7 124 246 209 119 0 0 1 0 0 0 0 0 0 0 0 0 0 0 0 0 0 0 0 0 0 0 0 0 154 255 96 0 0 8 0 0 0 0 0 0 0 0 0 0 0 0 0 0 0 0 0 0 0 0 0 17 0 0 0 9 5 0 14 0 0 0 0 0 0 0 0 0 0 0 0
0 0 0 0 0 0 0 0 0 0 2 4 0 0 0 5 0 0 0 0 0 0 0 0 0 0 0 0 0 0 0 0 0 0 0 0 4 3 0 0 0 4 0 0 0 0 0 0 0 0 0 0 0 0 0 0 0 0 0 0 0 0 0 0 0 2 4 0 0 7 9 5 0 0 0 0 0 0 0 0 0 0 0 0 0 0 0 0 0 0 0 0 1 1 0 0 0 0 0 0 0 0 0 0 0 0 0 0 0 0 0 0 0 0 0 0 0 0 0 0 10 0 0 1 10 6 1 1 0 0 0 0 0 0 0 0 0 0 0 0 0 0 0 0 0 0 0 0 0 0 0 4 0 0 0 4 0 0 0 0 0 0 0 0 0 0 0 0 0 0 0 0 0 0 0 0 0 7 8 0 0 4 5 0 0 0 0 0 0 0 0 0 0 0 0 0 0 0 0 0 0 0 0 0 2 0 0 6 66 124 116 70 0 0 0 0 0 0 0 0 0 0 0 0 4 10 0 6 4 0 7 2 84 123 122 237 253 253 239 255 84 0 7 0 0 10 4 1 0 0 0 0 0 7 12 0 5 3 36 197 255 227 255 255 236 255 246 254 197 59 0 0 3 0 0 0 0 0 0 0 4 0 15 3 0 35 192 255 244 255 244 255 248 254 255 238 238 254 188 87 83 163 217 109 0 0 0 0 0 16 0 0 16 143 255 253 247 255 237 247 255 255 254 255 255 255 239 240 255 251 249 154 0 0 0 0 0 7 4 0 72 250 244 249 249 255 255 228 190 60 208 239 242 254 255 253 253 249 255 248 0 0 0 0 7 0 21 10 211 255 255 247 249 214 111 33 0 0 0 220 255 255 248 253 255 252 233 161 0 0 0 0 0 8 4 0 245 238 255 255 220 30 16 0 21 0 10 0 125 245 255 240 248 252 255 129 0 0 0 0 9 0 0 0 54 238 242 254 93 11 0 11 0 5 0 12 2 212 255 250 255 253 242 41 0 0 0 0 3 0 0 8 0 21 88 94 0 8 0 0 0 0 0 11 53 236 255 237 251 253 30 4 0 0 0 0 0 0 0 10 0 0 11 0 5 0 0 6 0 14 5 35 232 244 255 255 255 77 18 7 0 0 0 0 3 0 0 10 0 0 13 0 4 0 0 6 6 0 11 107 255 248 249 255 151 0 8 0 0 0 0 0 13 1 0 0 0 0 10 1 1 2 1 14 0 17 0 227 252 248 255 221 62 9 0 11 0 0 0 0 0 0 2 2 0 0 0 0 0 13 0 0 2 0 124 255 245 254 239 68 0 0 0 0 0 0 0 0 0 0 7 3 3 7 1 9 0 2 0 0 16 70 255 250 255 255 154 0 2 8 12 0 0 0 0 0 8 1 6 0 0 0 0 0 4 0 7 9 7 249 243 255 253 160 13 2 10 0 0 9 0 0 0 0 0 0 4 0 4 12 0 4 0 18 0 0 113 246 255 242 244 118 3 0 0 13 1 2 0 0 0 0 0 0 0 0 0 0 0 0 13 0 0 28 214 246 255 255 234 53 0 0 0 1 0 8 0 0 0 0 0 0 0 0 0 0 0 0 0 0 35 88 227 239 240 230 89 0 0 10 2 6 0 0 0 0 0 0 0 0 0 0 0 0 0 0 8 0 0 0 19 4 1 0 4 0 6 4 0 6 0 4 0 0 0 0 0 0 0 0 0 0 0 0 4 0 2 4 0 0 0 3 7 3 7 0 0 9 0 6 0 0 0 0
0 3 3 0 1 5 3 0 0 11 0 0 9 8 7 0 0 0 4 0 0 0 11 0 0 0 0 0 0 4 4 0 0 0 0 0 0 0 1 0 2 0 0 10 3 0 0 9 13 0 0 6 0 0 0 0 0 3 4 0 0 0 1 2 8 12 13 0 0 5 0 0 6 0 0 11 0 0 5 0 0 0 0 0 0 0 1 1 1 3 4 3 0 0 0 4 0 22 0 0 0 16 8 0 0 2 0 7 0 0 0 0 1 0 0 1 5 4 0 0 8 0 6 17 0 0 0 7 0 0 0 7 14 0 0 0 0 0 0 0 2 0 0 1 2 0 0 0 1 0 10 0 3 0 28 0 11 19 1 0 0 3 0 0 0 0 0 0 0 0 1 2 0 0 1 10 0 4 10 38 84 97 136 59 86 181 99 19 5 17 0 19 0 0 0 0 0 0 5 5 0 0 12 31 120 120 113 255 255 245 255 249 252 252 250 219 0 2 13 0 0 0 0 0 1 7 0 0 6 0 211 227 255 246 236 249 253 245 255 254 253 255 251 248 6 0 0 7 0 0 0 0 0 4 0 7 8 9 221 255 223 255 255 222 246 224 144 243 250 249 253 115 9 0 11 0 0 0 0 0 0 2 0 5 0 0 146 225 240 134 84 27 0 3 0 125 250 255 255 19 4 0 4 0 0 0 0 0 2 3 0 0 0 0 31 74 11 1 0 15 3 0 19 208 255 255 216 10 0 0 0 11 0 0 0 0 0 5 0 0 3 5 0 0 0 16 0 0 0 0 0 206 255 239 160 15 0 13 0 4 0 0 0 0 0 3 3 0 0 11 0 0 16 0 0 0 13 13 0 217 255 243 187 15 0 0 11 0 0 0 0 0 0 0 2 0 0 0 5 3 0 7 7 0 9 0 0 208 253 255 247 19 0 0 6 0 0 0 0 0 7 0 2 3 8 0 5 0 0 0 6 4 0 85 222 252 251 249 255 17 5 14 0 0 0 0 0 0 0 0 0 0 0 0 0 0 0 0 12 101 136 255 251 255 252 255 231 25 0 4 0 4 0 0 0 0 0 0 0 0 0 0 0 0 1 22 83 238 255 255 249 244 255 234 119 0 0 7 2 0 0 0 0 0 0 0 0 0 0 0 0 0 0 89 240 255 244 255 255 241 255 208 13 0 0 4 5 0 0 0 0 0 0 0 0 0 0 0 0 0 11 17 136 154 127 92 173 255 252 200 0 3 0 0 0 2 0 0 0 0 0 0 0 0 0 0 0 0 0 13 0 0 9 0 185 237 254 200 9 8 2 0 0 2 0 0 0 0 0 0 0 0 0 0 0 0 5 11 0 0 10 0 148 255 255 201 15 0 0 6 0 0 0 0 0 0 0 0 0 0 0 0 0 0 0 0 14 3 0 0 63 255 253 208 5 0 0 6 1 0 0 0 0 0 0 0 0 0 0 0 0 0 0 5 0 4 0 1 61 253 242 218 0 17 0 1 3 0 0 0 0 0 0 0 0 0 0 0 0 0 6 0 4 0 0 0 56 230 255 221 32 0 10 0 1 1 0 0 0 0 0 0 0 0 0 0 0 0 0 0 6 1 10 1 0 84 167 137 9 0 3 0 0 5 0 0 0 0 0 0 0 0 0 0 0 0 1 0 5 0 3 7 0 0 4 8 0 2 11 4 0 0 0 0 0 0 0 0 0 0 0 0 0 0 5 0 8 0 0 8 3 4 0 0 0 4 0 0 0 3 0 0 0 0
0 0 0 0 0 0 0 0 0 9 0 1 2 0 9 0 2 3 1 0 0 0 4 6 0 0 0 0 0 0 0 0 0 0 0 0 7 11 0 7 0 0 7 13 0 0 0 4 10 4 0 0 0 0 0 0 0 0 0 0 0 0 0 0 0 0 0 5 8 0 0 0 9 3 0 2 0 0 0 6 0 0 0 0 0 0 0 0 0 0 0 0 8 16 8 0 0 6 8 0 0 0 0 0 0 0 0 3 0 0 0 0 0 0 0 0 0 0 0 0 0 0 6 0 0 0 1 6 12 11 2 0 0 10 5 0 0 0 0 0 0 0 0 0 0 0 0 0 14 0 1 5 6 1 0 0 0 0 1 0 0 1 4 2 0 0 0 0 0 0 0 0 0 0 0 0 0 0 9 0 0 7 0 4 11 0 0 4 6 0 0 2 0 0 0 0 0 0 0 0 0 0 0 0 0 114 232 236 230 255 255 250 248 134 24 0 0 0 0 1 0 0 0 0 0 0 0 0 0 0 0 0 9 120 255 255 247 255 255 242 252 253 82 0 4 4 0 4 0 0 0 0 0 0 0 0 0 0 0 0 0 90 229 252 255 255 255 255 255 249 56 4 0 1 0 0 0 0 0 0 0 0 0 0 0 0 0 0 0 7 56 44 41 35 42 85 255 240 15 9 0 0 4 0 0 0 0 0 0 0 0 0 0 0 0 0 4 0 3 0 5 1 5 73 243 232 0 1 0 2 2 1 0 0 0 0 0 0 0 0 0 0 0 0 4 0 1 0 9 0 0 67 239 223 0 0 1 7 0 4 0 0 0 0 0 0 0 0 0 0 0 0 2 4 0 0 3 0 6 123 252 183 7 0 7 8 0 2 0 0 0 0 0 0 0 0 0 0 0 0 0 9 2 5 5 0 3 158 255 96 7 1 3 3 0 0 0 0 0 0 0 0 0 0 0 0 0 0 0 5 0 2 5 0 42 239 250 16 0 0 0 0 6 0 0 0 0 0 0 0 0 0 0 0 0 0 6 0 1 11 0 6 163 251 208 1 3 0 4 0 1 0 0 0 0 0 0 0 0 0 0 0 0 0 4 4 15 0 0 1 176 255 154 0 0 0 1 0 0 0 0 0 0 0 0 0 0 0 0 0 0 0 1 0 0 0 11 0 176 253 85 0 2 0 6 0 4 0 0 0 0 0 0 0 0 0 0 0 0 0 8 9 6 2 0 28 223 254 29 4 1 0 8 0 8 0 0 0 0 0 0 0 0 0 0 0 0 0 0 5 0 5 13 188 255 74 0 4 0 0 5 0 5 0 0 0 0 0 0 0 0 0 0 0 0 0 0 11 0 0 0 214 255 32 0 5 0 0 5 0 1 0 0 0 0 0 0 0 0 0 0 0 0 0 12 0 0 15 50 250 226 11 1 2 2 2 5 4 0 3 0 0 0 0 0 0 0 0 0 0 0 0 0 0 0 0 71 255 208 5 1 0 3 4 0 1 0 3 0 0 0 0 0 0 0 0 0 0 0 0 1 0 0 1 122 236 148 0 0 0 0 0 0 0 0 0 0 0 0 0 0 0 0 0 0 0 0 0 0 18 18 0 185 255 43 4 0 0 0 0 0 0 0 0 0 0 0 0 0 0 0 0 0 0 0 0 0 0 0 3 189 255 41 10 0 0 0 0 0 0 0 0 0 0 0 0 0 0 0 0 0 0 0 0 7 0 13 0 0 3 0 2 0 0 0 0 0 0 0 0 0 0 0 0
0 0 0 0 0 0 0 0 0 0 0 0 0 0 0 0 0 0 0 0 0 0 0 0 0 0 0 0 0 0 0 0 0 0 0 0 0 0 0 0 0 0 0 0 0 0 0 0 0 0 0 0 0 0 0 0 0 0 0 0 0 0 0 0 0 0 0 0 0 0 0 0 0 0 0 0 0 0 0 0 0 0 0 0 0 0 0 0 0 0 0 0 0 0 0 0 0 0 0 0 0 0 0 0 0 0 0 0 0 0 0 0 0 0 0 0 0 0 0 0 0 0 0 0 0 0 0 0 0 0 0 0 0 0 0 0 0 0 0 0 0 0 0 0 0 0 0 0 0 0 0 0 0 0 0 0 0 0 0 0 0 0 0 0 0 0 0 0 0 0 0 0 0 0 0 0 0 0 0 0 0 0 0 0 0 0 0 0 0 0 0 0 0 0 0 0 0 0 0 0 0 0 0 0 0 0 0 0 0 0 0 0 0 0 0 0 0 0 0 0 0 0 0 0 0 0 13 0 0 10 0 69 183 255 249 252 215 44 125 67 19 0 4 13 0 4 7 0 0 0 0 0 0 0 4 0 0 14 13 130 255 240 255 244 233 255 255 250 231 255 254 59 5 6 3 0 0 0 0 0 2 0 0 2 0 0 0 125 255 255 241 255 255 238 244 255 255 248 240 193 5 8 0 8 0 0 0 0 0 0 0 4 7 0 2 138 239 255 247 239 255 255 255 254 253 249 255 245 120 0 0 1 0 0 0 0 2 5 0 0 0 5 10 112 255 253 255 255 236 246 255 250 255 255 252 255 128 13 17 0 0 0 0 0 0 9 1 0 0 0 0 22 59 108 200 240 255 255 123 250 255 255 249 253 127 0 0 1 0 0 0 0 0 0 4 13 5 13 0 0 12 0 0 21 0 0 6 3 193 246 255 255 0 0 16 8 0 0 0 0 7 0 0 0 0 6 2 4 1 0 2 0 19 0 10 128 255 255 253 122 8 0 2 0 0 0 0 0 0 0 0 0 0 0 0 0 9 0 9 1 0 14 3 250 254 255 246 70 5 0 4 2 0 0 0 0 0 0 0 0 0 0 0 0 0 0 0 1 6 0 0 255 255 245 14 0 1 1 0 0 0 0 0 0 0 0 0 0 0 0 0 0 20 3 0 0 10 0 62 247 244 255 0 3 0 9 8 0 0 0 0 0 0 0 0 0 0 0 0 0 0 0 12 10 0 22 182 255 255 126 8 11 3 0 0 5 0 0 0 0 0 0 0 0 0 0 0 0 12 5 4 0 0 115 255 255 198 0 1 0 4 0 0 0 0 0 0 0 0 0 0 0 0 0 0 0 0 12 3 0 14 139 236 254 120 5 23 0 9 12 0 0 0 0 0 0 0 0 0 0 0 0 0 0 1 5 0 0 79 246 255 254 115 17 0 0 11 0 0 9 0 0 0 0 0 0 0 0 0 0 0 0 1 0 8 8 59 254 249 195 10 0 8 3 0 6 3 0 0 0 0 0 0 0 0 0 0 0 0 0 0 0 0 15 182 255 255 58 0 0 0 0 0 0 0 0 0 0 0 0 0 0 0 0 0 0 0 0 10 0 1 0 255 255 250 12 0 0 0 0 0 0 0 0 0 0 0 0 0 0 0 0 0 0 0 0 5 0 9 2 250 250 140 0 0 0 0 0 0 0 0 0 0 0 0 0 0 0 0 0 0 0 0 0 1 0 15 8 185 254 11 0 0 0 0 0 0 0 0 0 0 0 0 0
0 0 0 2 0 0 0 0 0 5 1 0 4 8 1 0 2 1 1 2 3 1 0 0 0 0 0 0 4 1 0 0 0 0 0 0 9 5 0 0 0 0 3 2 0 0 0 0 0 0 0 0 0 0 0 0 1 0 0 0 0 2 3 1 0 0 0 8 5 3 2 0 0 0 0 0 0 0 0 3 0 0 0 0 5 6 5 1 0 1 0 0 10 0 0 5 0 0 6 5 2 3 4 2 0 0 0 2 0 0 0 0 0 0 0 0 0 1 4 3 3 0 0 3 0 0 0 0 0 1 2 2 1 0 0 0 0 0 0 0 3 11 13 5 2 4 3 0 0 6 4 1 8 7 1 5 0 0 0 0 0 2 1 0 0 0 0 0 0 0 0 0 0 2 1 0 0 15 1 0 0 1 0 1 14 6 0 0 0 3 2 0 0 0 0 0 0 6 17 41 86 132 153 152 169 238 255 251 255 231 164 145 32 19 3 0 0 3 1 0 0 0 0 0 0 10 163 231 255 255 160 176 160 185 157 135 162 171 186 242 251 206 53 2 0 3 14 0 0 0 0 0 0 0 26 41 42 29 0 0 0 11 0 0 3 3 2 32 102 234 187 10 5 0 1 0 0 0 0 0 11 8 0 3 2 0 3 5 0 4 0 0 7 4 0 0 0 189 255 144 2 2 0 6 0 0 0 0 0 2 0 4 6 0 13 0 4 0 0 2 1 3 1 0 0 141 253 189 0 12 0 8 0 0 0 0 2 6 7 0 0 2 0 0 0 0 0 0 0 0 3 0 23 192 248 41 4 0 0 1 0 0 0 0 3 0 8 0 0 10 0 7 1 0 6 8 0 0 5 1 70 255 229 0 12 0 1 0 0 0 0 0 0 0 6 0 0 4 0 0 0 0 0 0 0 0 0 0 138 255 140 15 1 1 1 0 0 0 0 0 0 1 0 2 3 0 3 0 1 3 0 0 3 3 0 5 181 246 45 4 0 3 0 1 0 0 0 0 0 0 0 0 0 0 0 0 10 0 1 0 4 4 0 1 255 165 13 2 0 4 0 0 0 0 0 0 0 0 0 0 0 0 0 0 0 0 11 0 0 0 19 95 255 164 1 7 0 1 0 1 0 0 0 0 0 0 0 0 0 0 0 0 0 0 4 0 1 0 4 112 250 169 0 11 0 0 0 3 0 0 0 0 0 0 0 0 0 0 0 0 4 3 0 0 15 0 0 121 250 177 0 10 0 3 0 1 0 0 0 0 0 0 0 0 0 0 0 0 0 6 1 0 7 0 6 201 255 176 0 4 0 6 1 0 0 0 0 0 0 0 0 0 0 0 0 0 0 5 3 0 0 0 6 227 255 151 4 0 0 6 3 0 0 0 0 0 0 0 0 0 0 0 0 0 0 1 0 0 0 0 0 200 254 107 1 0 0 0 0 0 0 0 0 0 0 0 0 0 0 0 0 0 0 0 1 2 0 3 1 214 249 72 0 0 5 0 0 5 0 0 0 0 0 0 0 0 0 0 0 0 3 0 8 1 0 0 13 205 244 84 6 0 0 12 0 11 0 0 0 0 0 0 0 0 0 0 0 0 6 0 1 0 1 6 0 105 255 147 1 1 14 0 9 0 0 0 0 0 0 0 0 0 0 0 0 0 2 4 0 0 3 9 0 15 255 175 11 0 2 0 17 1 0 0 0 0 0 0 0 0 0 0 0 0 0 6 0 0 0 0 0 0 0 0 0 0 21 7 0 0 0 0 0 0
0 0 0 0 0 0 0 0 0 4 4 0 0 7 6 0 4 0 0 3 10 6 0 0 0 0 0 0 0 0 0 0 0 0 0 0 7 0 0 1 0 0 0 7 4 2 2 3 0 0 0 6 0 0 0 0 0 0 0 0 0 0 0 0 0 2 6 7 3 0 0 0 1 0 1 0 0 0 0 3 0 0 0 0 0 0 0 0 0 0 0 0 1 0 0 0 0 0 0 1 0 0 0 0 4 4 0 0 0 0 0 0 0 0 0 0 0 0 0 0 4 0 0 11 15 4 0 2 3 3 2 1 2 3 2 0 0 0 0 0 0 0 0 0 0 0 0 0 0 1 0 0 0 1 4 0 0 4 5 0 0 0 0 2 0 0 0 0 0 0 0 0 0 0 0 0 1 4 9 12 7 0 0 3 0 0 0 0 4 9 5 0 0 0 0 0 0 0 0 0 0 0 0 0 0 0 80 202 189 54 0 5 5 0 0 11 39 49 24 0 0 0 0 0 0 0 1 3 0 0 7 3 0 38 243 247 253 121 0 1 0 0 6 131 255 213 30 0 0 0 0 0 9 0 0 6 7 0 0 0 5 184 255 245 255 232 82 0 21 110 228 243 254 244 0 5 0 0 0 0 5 0 0 2 0 0 0 5 76 246 248 163 130 232 255 245 243 253 252 255 255 109 0 1 0 0 0 0 0 3 8 0 0 3 0 0 152 255 244 42 10 163 255 240 197 241 255 231 164 18 0 3 0 0 0 0 1 0 0 0 8 8 0 16 216 237 160 7 10 5 8 39 34 210 255 240 46 0 2 0 0 0 0 0 8 0 0 2 3 0 10 104 255 252 98 2 0 0 4 0 135 253 231 171 6 0 9 0 0 0 0 0 5 0 8 0 0 0 11 114 197 105 0 7 0 0 18 65 235 255 217 42 0 16 0 4 0 0 0 0 0 0 7 0 10 18 0 11 5 0 0 9 4 0 1 182 245 255 75 0 7 0 0 0 0 0 0 0 0 0 0 0 0 0 0 0 0 7 0 5 0 11 91 240 251 173 12 0 14 0 15 0 0 0 0 0 0 0 0 0 0 0 0 0 7 3 9 2 0 57 255 255 194 20 0 9 0 0 0 10 0 0 0 0 0 0 0 0 0 0 0 0 0 0 0 2 23 172 244 228 106 0 2 20 0 10 2 4 0 0 0 0 0 0 0 0 0 0 0 0 6 0 23 12 105 255 236 59 11 12 0 0 0 3 5 0 0 0 0 0 0 0 0 0 0 0 0 0 3 5 0 86 232 251 155 0 0 23 0 0 17 0 0 3 0 0 0 0 0 0 0 0 0 0 0 0 0 6 19 188 255 171 0 24 0 4 5 5 4 0 4 12 0 0 0 0 0 0 0 0 0 0 0 0 3 25 204 236 197 82 0 0 1 0 12 0 0 5 0 0 0 0 0 0 0 0 0 0 0 0 0 0 0 130 255 255 106 11 0 6 2 1 0 2 12 0 0 5 0 0 0 0 0 0 0 0 0 0 0 0 86 255 240 186 37 4 0 0 0 0 0 0 0 0 0 0 0 0 0 0 0 0 0 0 0 0 0 0 173 255 255 83 0 0 0 6 0 0 0 0 0 0 0 0 0 0 0 0 0 0 0 0 0 0 0 0 225 240 248 55 13 7 0 0 0 0 0 0 0 0 0 0 0 0 0 0 0 0 0 0 0 0 0 0 0 18 13 0 0 0 3 2 0 0 0 0 0 0 0 0 0 0 0 0
0 0 0 0 0 0 0 0 0 0 0 0 0 0 0 0 0 0 5 12 0 0 0 2 0 0 0 0 0 0 0 0 0 0 0 0 0 0 0 0 0 0 0 0 0 4 0 0 3 17 8 0 0 0 0 0 0 0 0 0 0 0 0 0 0 0 0 0 0 0 0 0 0 9 1 0 4 0 0 7 0 0 0 0 0 0 0 0 0 0 0 0 0 0 0 0 0 0 0 0 4 0 0 0 8 5 1 5 0 0 0 0 0 0 0 0 0 0 0 0 0 0 0 0 0 0 0 0 0 0 6 3 0 0 2 0 0 0 0 0 0 0 0 0 0 0 0 0 0 0 0 0 0 0 0 0 0 0 0 12 5 3 12 10 0 0 0 0 0 0 0 0 0 0 0 0 0 0 0 0 0 0 0 0 0 17 0 0 0 6 0 0 0 0 0 0 0 0 0 0 0 0 0 0 0 0 0 0 0 0 0 0 73 245 231 60 0 2 0 5 0 0 0 0 0 1 0 1 7 0 0 9 1 0 0 1 1 0 7 133 246 255 253 214 1 5 0 0 0 0 0 0 0 0 7 4 0 4 10 0 43 24 35 18 31 59 140 239 254 248 252 168 6 0 0 14 0 0 0 0 1 0 0 0 28 131 208 209 239 207 230 207 232 229 255 254 251 255 241 74 0 0 0 1 0 0 0 0 0 24 0 8 157 255 255 253 255 247 255 254 255 220 178 115 242 255 174 0 0 7 7 0 0 0 0 0 0 0 5 20 20 105 189 173 52 71 67 60 68 29 7 58 241 240 90 0 8 0 0 3 0 0 0 0 13 16 0 0 0 4 0 6 0 18 0 0 2 0 5 179 249 255 74 8 3 0 1 5 0 0 0 0 0 1 1 0 3 0 0 9 2 4 0 0 5 3 1 209 253 255 77 7 0 5 6 0 0 0 0 0 5 0 1 5 0 0 2 0 3 0 8 3 3 0 0 214 252 213 44 0 0 10 0 0 0 0 0 0 0 0 0 0 0 0 0 0 6 0 9 0 0 10 0 221 255 183 17 7 0 4 3 0 0 0 0 0 0 0 0 0 0 0 0 0 7 0 9 0 0 0 0 209 250 134 0 0 0 3 3 3 0 0 0 0 0 0 0 0 0 0 0 0 1 0 6 0 5 0 21 220 255 88 0 0 0 2 0 4 0 0 0 0 0 0 0 0 0 0 0 0 0 0 3 0 10 0 68 240 246 50 5 1 1 3 0 0 0 0 0 0 0 0 0 0 0 0 0 0 2 4 0 0 5 0 117 248 206 11 6 0 0 6 2 0 0 0 0 0 0 0 0 0 0 0 0 0 2 1 0 0 3 1 179 255 183 0 5 1 0 6 0 0 0 0 0 0 0 0 0 0 0 0 0 0 0 0 0 1 1 9 227 255 184 4 1 10 0 3 0 0 0 0 0 0 0 0 0 0 0 0 0 0 4 0 2 1 0 2 238 240 183 1 0 12 0 1 0 4 0 0 0 0 0 0 0 0 0 0 0 0 0 7 0 0 3 0 225 251 187 0 4 0 0 0 1 6 0 0 0 0 0 0 0 0 0 0 0 0 0 4 0 3 2 1 209 255 181 13 6 0 6 0 4 0 0 0 0 0 0 0 0 0 0 0 0 0 4 3 0 1 0 0 139 210 107 8 0 0 8 0 8 0 0 0 0 0 0 0 0 0 0 0 0 0 0 0 0 13 5 0 0 2 13 0 0 0 7 0 8 1 0 0 0 0
0 0 0 0 0 0 0 0 1 4 0 6 4 0 2 5 0 9 0 0 0 15 0 0 0 0 0 0 0 0 0 0 0 0 0 0 0 0 0 3 10 3 0 0 0 1 5 8 0 0 0 0 0 0 0 0 0 0 0 0 0 0 0 0 6 6 0 0 0 10 0 0 9 0 0 3 0 0 7 7 0 0 0 0 0 0 0 0 0 0 0 0 0 0 6 5 1 0 0 25 0 0 0 0 8 1 0 0 0 0 0 0 0 0 0 0 0 0 0 0 1 3 7 0 0 5 0 0 0 14 5 0 11 5 0 0 0 0 0 0 0 0 0 0 0 0 0 0 9 0 0 18 0 0 16 7 5 3 0 0 0 7 0 7 0 0 0 0 0 0 0 0 0 0 0 0 0 6 0 14 84 199 197 0 0 0 22 82 0 0 0 0 0 0 0 0 0 0 0 0 0 0 0 0 5 7 59 198 243 253 254 103 0 21 156 255 58 0 3 2 0 0 0 0 0 0 0 0 0 0 0 0 3 0 170 246 252 255 255 215 109 135 253 255 78 2 1 0 0 0 0 0 0 0 0 0 0 0 0 0 0 16 180 246 251 196 214 255 255 243 251 254 0 0 4 0 0 0 0 0 0 0 0 0 0 0 0 0 0 19 239 255 194 11 33 181 237 255 255 183 8 16 0 6 0 0 0 0 0 0 0 0 0 0 0 0 6 197 241 255 72 1 0 0 182 243 238 28 0 0 0 0 0 0 0 0 0 0 0 0 0 0 0 0 0 182 253 132 0 12 0 46 241 255 191 0 0 6 14 8 0 0 0 0 0 0 0 0 0 0 0 0 0 55 24 30 2 1 0 166 247 227 49 2 0 5 0 1 0 0 0 0 0 0 0 0 0 0 0 0 0 0 22 0 14 2 77 255 255 151 0 0 0 5 0 12 0 0 0 0 0 0 0 0 0 0 0 0 2 9 0 9 0 16 207 254 219 0 7 9 0 9 7 0 0 0 0 0 0 0 0 0 0 0 0 0 4 0 1 5 0 73 255 249 126 19 0 6 0 0 9 0 0 0 0 0 0 0 0 0 0 0 0 0 0 0 0 6 33 215 255 212 30 0 0 14 0 0 5 0 0 0 0 0 0 0 0 0 0 0 0 0 9 6 10 0 127 255 239 85 0 0 3 5 0 0 4 2 0 0 0 0 0 0 0 0 0 0 0 0 0 3 2 37 222 251 189 8 5 8 1 0 0 2 2 2 0 0 0 0 0 0 0 0 0 0 0 0 0 3 0 156 254 245 92 4 0 0 0 0 13 9 0 0 0 0 0 0 0 0 0 0 0 0 0 0 14 0 40 230 253 202 0 1 0 0 0 2 9 0 0 4 0 0 0 0 0 0 0 0 0 0 0 0 1 0 130 242 254 124 0 4 6 3 1 0 0 0 0 7 0 0 0 0 0 0 0 0 0 0 0 0 0 47 204 255 246 61 11 0 0 0 1 1 0 3 4 0 0 0 0 0 0 0 0 0 0 0 0 0 0 53 240 255 235 52 19 0 0 0 0 0 0 0 0 0 0 0 0 0 0 0 0 0 0 0 0 0 9 0 125 231 197 16 0 9 0 0 0 0 0 0 0 0 0 0 0 0 0 0 0 0 0 0 0 0 7 0 5 19 0 0 0 10 0 0 0 0 0 0 0 0 0 0 0 0 0 0 0 0 0 0 0 0 0 0 0 6 0 11 9 0 0 0 0 0 0 0 0 0 0 0 0 0
0 6 2 0 5 14 0 4 9 0 0 0 0 0 0 0 0 7 0 6 0 5 0 0 0 0 0 0 6 3 0 0 0 0 7 0 0 0 1 5 5 2 2 4 0 4 0 0 0 5 3 16 0 0 0 0 0 0 2 7 7 0 21 1 0 1 4 2 0 0 0 0 0 7 0 0 0 10 1 0 0 0 0 0 1 0 3 6 4 0 0 0 0 3 1 0 0 0 1 0 0 1 7 14 4 0 0 7 0 0 0 0 1 1 0 0 1 13 0 15 0 0 0 0 1 6 5 0 3 0 0 0 10 2 0 7 0 0 0 0 0 3 4 0 3 10 0 8 0 0 0 2 4 0 0 0 16 114 103 0 0 14 7 0 0 0 0 0 0 3 10 0 0 0 46 9 4 0 0 5 0 0 0 10 91 254 235 39 0 0 8 7 0 0 0 0 0 0 3 0 13 5 188 127 4 0 0 5 1 0 21 56 228 255 146 0 11 6 0 1 0 0 0 0 6 0 1 10 0 0 198 163 61 0 0 0 0 41 160 240 252 121 0 0 12 0 0 3 6 5 1 0 0 23 0 0 18 0 75 206 223 180 164 166 170 248 246 255 255 68 0 0 5 0 0 7 0 0 5 7 1 11 0 0 18 10 0 30 151 227 243 253 213 173 93 223 237 18 12 0 3 4 6 5 0 17 0 6 0 0 8 8 0 18 0 0 4 16 34 63 14 0 73 251 146 0 15 0 0 9 4 0 3 0 0 1 0 3 0 7 0 0 1 28 0 19 0 0 24 0 156 252 54 0 0 0 0 0 0 0 15 0 18 4 4 1 0 4 21 0 0 0 0 0 21 0 0 2 255 227 7 8 0 17 9 0 0 9 0 92 0 3 0 1 2 6 0 1 20 2 3 0 1 0 11 45 242 163 2 3 0 0 37 83 176 217 223 244 0 0 0 3 0 5 0 10 0 0 5 0 0 6 0 105 255 125 24 88 185 209 250 246 249 182 131 21 5 12 7 0 6 0 2 8 17 107 17 0 1 80 110 234 251 255 240 255 255 224 155 89 36 4 0 0 0 0 0 0 13 6 0 0 47 196 255 248 255 255 255 255 241 247 236 190 109 27 0 0 0 3 0 0 0 0 10 2 10 0 5 1 0 30 107 90 130 105 117 255 255 44 0 0 0 0 9 16 7 0 0 0 0 0 0 0 0 0 2 16 0 0 6 15 0 3 24 247 201 0 0 4 2 0 0 0 0 0 0 0 0 0 16 3 3 3 1 0 0 11 1 0 0 18 20 254 215 40 0 0 5 1 0 0 2 6 0 0 0 0 0 0 0 0 8 10 2 0 7 0 3 4 17 255 234 0 0 0 0 0 3 3 0 0 0 0 0 0 0 14 14 0 0 0 11 0 0 12 12 0 80 243 195 19 4 0 0 2 6 5 0 0 0 0 0 0 1 0 0 9 7 0 1 0 5 0 0 0 76 255 217 13 0 0 0 0 0 0 0 7 0 0 0 0 0 0 0 0 0 0 0 0 0 16 0 0 27 145 84 4 0 0 0 0 0 0 0 0 0 0 0 0 0 0 0 0 0 0 0 0 0 0 0 8 0 18 0 3 0 0 0 0 0 0 0 0 0 0 0 0 0 0 0 0 0 0 0 0 4 0 9 8 0 0 0 4 0 0 0 0 0 0 0 0 0 0 0 0 0 0 0 0 0 0 0 0 0 0 6 0 3 10 13 0 0 0 0 0 0 0 0 0 0 0 0 0
0 0 0 0 0 0 0 0 2 0 7 2 0 2 0 3 0 0 0 7 1 0 0 0 0 0 0 0 0 0 0 0 0 0 0 0 0 0 1 0 2 4 14 0 9 6 0 0 0 7 7 0 0 0 0 0 0 0 0 0 0 0 0 0 4 0 0 7 15 0 0 1 0 2 2 0 2 1 0 5 0 0 0 0 0 0 0 0 0 0 0 0 0 8 0 0 8 12 12 0 0 0 0 8 12 0 0 7 0 0 0 0 0 0 0 0 0 0 0 0 0 4 3 6 0 0 0 13 11 2 0 0 4 1 0 0 0 0 0 0 0 0 0 0 0 0 0 0 10 0 1 121 238 217 103 7 0 0 6 1 0 0 10 0 0 0 0 0 0 0 0 0 0 0 0 0 0 8 2 108 255 249 248 156 25 0 5 13 0 0 10 0 0 0 0 0 0 0 0 0 0 0 0 0 4 0 0 137 226 47 183 255 155 27 0 6 1 0 6 0 0 0 0 0 0 0 0 0 0 0 0 0 0 10 0 199 186 0 23 181 247 148 0 0 13 0 0 0 0 0 0 0 0 0 0 0 0 0 0 0 0 0 117 255 136 0 0 14 199 220 90 20 0 1 4 4 0 0 0 0 0 0 0 0 0 0 0 0 0 17 168 239 20 21 0 6 19 255 242 63 5 10 0 3 0 0 0 0 0 0 0 0 0 0 0 0 3 130 241 119 9 0 0 11 4 103 238 91 9 0 4 1 0 0 0 0 0 0 0 0 0 0 0 0 5 234 214 26 5 0 0 0 0 55 255 79 2 0 3 3 0 0 0 0 0 0 0 0 0 0 0 0 0 167 55 4 0 13 0 12 7 0 255 169 0 0 0 7 0 0 0 0 0 0 0 0 0 0 0 0 0 23 0 0 21 0 1 0 0 50 237 82 0 24 0 0 0 0 0 0 0 0 0 0 0 0 0 0 0 0 6 0 0 6 11 0 3 89 252 68 5 0 0 9 0 0 0 0 0 0 0 0 0 0 0 0 5 0 0 16 9 0 0 1 17 244 238 67 19 3 0 1 0 0 0 0 0 0 0 0 0 0 0 0 0 10 0 0 11 0 11 31 120 253 255 213 87 0 0 3 0 0 0 0 0 0 0 0 0 0 0 0 0 12 4 6 40 108 187 243 254 250 197 44 10 3 7 7 0 0 0 0 0 0 0 0 0 0 0 0 7 0 91 174 255 253 236 250 249 174 12 8 0 6 0 0 0 0 0 0 0 0 0 0 0 0 0 0 0 8 203 142 111 41 114 253 198 11 0 0 0 0 7 15 0 0 0 0 0 0 0 0 0 0 0 0 0 16 0 13 10 97 255 175 34 6 0 23 0 0 7 0 0 0 0 0 0 0 0 0 0 0 0 0 11 0 0 0 33 231 172 57 9 0 9 0 13 3 0 15 0 0 0 0 0 0 0 0 0 0 0 0 1 0 5 24 247 233 35 0 0 0 9 7 0 8 0 0 0 0 0 0 0 0 0 0 0 0 0 0 0 0 7 11 203 69 0 6 0 0 0 0 0 0 0 0 0 0 0 0 0 0 0 0 0 0 0 0 2 4 0 0 18 0 0 6 0 0 0 0 0 0 0 0 0 0 0 0 0 0 0 0 0 0 0 0 0 1 3 13 0 5 3 0 0 0 0 0 0 0 0 0 0 0 0 0 0 0 0 0 0 0 0 0 2 0 0 0 15 4 0 3 0 0 0 0 0 0 0 0 0 0 0 0
0 0 0 0 0 0 0 0 4 1 0 0 0 0 3 7 0 11 0 0 0 13 0 0 0 0 0 0 0 0 0 0 0 0 0 0 0 1 11 0 4 1 0 0 1 2 2 7 1 0 0 5 0 0 0 0 0 0 0 0 0 0 0 0 4 0 4 0 0 0 16 12 7 0 0 0 2 2 3 0 0 0 0 0 0 0 0 0 0 0 0 0 6 0 6 1 15 0 0 0 2 1 0 2 0 8 6 0 0 0 0 0 0 0 0 0 0 0 0 0 0 0 1 0 6 0 5 3 0 2 0 15 0 3 0 6 0 0 0 0 0 0 0 0 0 0 0 0 4 15 10 0 0 6 5 0 12 8 0 0 0 7 0 2 0 0 0 0 0 0 0 0 0 0 0 0 0 0 0 15 36 103 146 190 124 115 60 0 8 2 0 0 0 0 0 0 0 0 0 0 0 0 0 0 0 21 92 237 255 255 232 255 248 255 205 11 2 0 10 1 0 0 0 0 0 0 0 0 0 0 0 0 0 10 202 255 248 251 62 137 245 255 211 0 0 0 4 0 0 0 0 0 0 0 0 0 0 0 0 0 0 2 13 24 19 32 10 0 57 196 227 6 0 0 2 0 0 0 0 0 0 0 0 0 0 0 0 0 7 3 0 0 0 0 9 0 15 194 228 4 0 16 3 0 0 0 0 0 0 0 0 0 0 0 0 0 0 0 0 5 15 0 0 20 107 255 212 19 0 0 0 13 0 0 0 0 0 0 0 0 0 0 0 0 0 30 0 0 3 0 2 31 232 240 73 2 5 11 1 0 0 0 0 0 0 0 0 0 0 0 0 0 0 4 3 0 0 1 2 103 255 179 2 7 0 0 0 10 0 0 0 0 0 0 0 0 0 0 0 0 8 0 18 2 0 11 90 231 246 95 0 0 1 0 0 0 0 0 0 0 0 0 0 0 0 0 0 0 0 8 0 0 3 7 204 242 165 24 5 7 0 0 1 0 0 0 0 0 0 0 0 0 0 0 0 0 2 0 0 4 25 188 233 209 0 0 0 0 0 0 0 0 0 0 0 0 0 0 0 0 0 0 0 0 5 0 6 4 74 255 207 72 0 0 0 0 0 0 0 0 0 0 0 0 0 0 0 0 0 0 0 0 0 19 0 138 250 255 174 0 0 0 0 0 0 0 0 0 0 0 0 0 0 0 0 0 0 0 0 0 2 0 12 236 251 183 21 10 0 0 0 0 0 0 0 0 0 0 0 0 0 0 0 0 0 0 0 0 15 0 179 230 214 28 0 0 0 0 0 0 0 0 0 0 0 0 0 0 0 0 0 0 0 0 0 0 0 57 241 254 96 0 22 0 0 0 0 0 0 0 0 0 0 0 0 0 0 0 0 0 0 0 0 0 1 93 254 111 0 1 0 10 0 0 0 0 0 0 0 0 0 0 0 0 0 0 0 0 0 0 0 0 4 221 253 40 3 6 0 0 0 0 0 0 0 0 0 0 0 0 0 0 0 0 0 0 0 0 0 0 7 232 242 56 0 11 6 0 0 0 0 0 0 0 0 0 0 0 0 0 0 0 0 0 0 0 0 0 3 120 110 11 0 1 0 1 0 0 0 0 0 0 0 0 0 0 0 0 0 0 0 0 0 0 0 0 0 22 3 0 3 2 0 6 0 0 0 0 0 0 0 0 0 0 0 0 0 0 0 0 0 0 0 0 0 0 0 0 5 7 1 1 0 0 0 0 0 0 0 0 0 0 0 0
0 0 0 0 0 0 0 0 0 0 0 0 0 0 0 0 0 0 0 0 0 0 0 0 0 0 0 0 0 0 0 0 0 0 0 0 0 0 0 0 0 0 0 0 0 0 0 0 0 0 0 0 0 0 0 0 0 0 0 0 0 0 0 0 0 0 0 0 0 0 0 0 0 0 0 0 0 0 0 0 0 0 0 0 0 0 0 0 0 0 0 0 0 0 0 0 0 0 0 0 0 0 0 0 0 0 0 0 0 0 0 0 0 0 0 0 0 0 0 0 0 0 0 0 0 0 0 0 0 0 0 0 0 0 0 0 0 0 0 0 0 0 0 0 0 0 0 0 0 0 0 0 0 0 0 0 0 0 0 0 0 0 0 0 0 0 0 0 0 0 0 0 0 0 0 0 0 0 0 0 0 0 0 0 0 0 0 0 0 0 0 0 0 0 0 0 0 0 0 0 0 0 0 0 0 0 0 0 0 0 0 0 0 0 0 0 0 0 0 0 0 0 0 0 0 0 13 0 5 3 0 63 255 255 247 184 123 5 4 0 0 2 60 0 6 8 0 7 0 0 0 0 10 0 1 0 0 0 17 136 240 251 255 255 255 246 255 254 248 250 255 0 0 0 0 8 0 0 0 0 4 0 1 0 4 0 8 109 255 253 242 255 243 247 255 250 255 253 255 117 0 12 17 0 0 0 0 0 0 0 7 0 5 4 0 15 248 189 139 119 79 83 119 144 134 240 245 202 9 0 3 0 0 0 0 0 0 9 5 0 0 12 0 0 12 0 1 0 0 0 0 0 0 255 185 0 6 5 0 3 0 0 0 0 0 6 3 0 0 1 0 6 0 0 8 0 2 10 5 0 134 179 149 2 4 0 2 0 0 0 0 0 0 1 1 8 6 0 0 3 0 5 6 3 2 4 0 18 133 190 121 0 0 17 0 6 0 0 0 0 2 1 0 0 3 0 3 0 6 3 0 12 0 1 2 124 252 130 1 0 0 0 14 0 0 0 0 0 0 0 0 0 0 0 0 0 5 0 2 3 0 1 0 137 255 119 0 12 1 0 0 2 0 0 0 0 0 0 0 0 0 0 0 0 0 22 0 0 5 0 0 126 255 72 5 0 0 6 12 0 0 0 0 0 0 0 0 0 0 0 0 0 0 0 17 0 0 7 4 190 242 0 2 0 6 0 0 4 0 0 0 0 0 0 0 0 0 0 0 0 7 0 1 0 21 0 0 246 255 14 0 0 15 1 0 0 0 0 0 0 0 0 0 0 0 0 0 0 0 13 2 0 10 7 125 148 2 0 12 4 2 0 2 0 0 0 0 0 0 0 0 0 0 0 0 0 0 0 21 0 0 5 124 43 6 19 0 0 5 3 6 0 0 0 0 0 0 0 0 0 0 0 0 0 10 0 0 0 18 1 12 73 0 0 0 4 15 0 0 8 0 0 0 0 0 0 0 0 0 0 0 0 0 7 0 5 1 120 199 120 1 2 4 0 5 0 4 2 0 0 0 0 0 0 0 0 0 0 0 0 0 0 0 3 63 192 251 129 0 0 0 0 0 0 0 0 0 0 0 0 0 0 0 0 0 0 0 0 10 0 0 8 116 248 255 58 0 0 0 0 0 0 0 0 0 0 0 0 0 0 0 0 0 0 0 0 2 0 3 7 129 255 177 0 0 0 0 0 0 0 0 0 0 0 0 0 0 0 0 0 0 0 0 0 0 0 7 0 115 255 14 1 0 0 0 0 0 0 0 0 0 0 0 0
0 0 0 0 0 0 0 0 0 0 0 0 0 0 0 0 0 0 0 0 0 0 0 0 0 0 0 0 0 0 0 0 0 0 0 0 0 0 0 0 0 0 0 0 0 0 0 0 0 0 0 0 0 0 0 0 0 0 0 0 0 0 0 0 0 0 0 0 0 0 0 0 0 0 0 0 0 0 0 0 0 0 0 0 0 0 0 0 0 0 0 0 0 0 0 0 0 0 0 0 0 0 0 0 0 0 0 0 0 0 0 0 0 0 0 0 0 0 0 0 0 0 0 0 0 0 0 0 0 0 0 0 0 0 0 0 0 0 0 0 0 0 0 0 0 0 0 0 0 0 0 0 0 0 0 0 0 0 0 0 0 0 0 0 0 0 0 0 0 0 0 0 0 0 0 0 0 0 0 0 0 0 0 0 0 0 0 0 0 0 0 0 0 0 0 0 0 0 0 0 0 0 0 0 0 0 0 0 0 0 0 0 0 0 0 0 0 0 0 0 0 0 0 0 0 4 2 0 5 9 0 11 44 138 227 254 251 255 255 251 201 153 192 255 253 63 0 3 0 0 0 0 8 0 19 1 0 0 0 106 252 245 248 255 255 243 245 255 249 255 255 255 228 94 7 0 0 0 0 0 6 1 0 9 15 0 100 248 230 121 20 0 12 13 10 16 28 58 99 251 251 18 0 0 0 0 0 0 1 0 0 0 0 100 217 122 12 0 0 2 7 1 0 0 0 10 119 255 212 0 9 0 0 0 0 0 0 0 26 0 81 220 119 0 0 7 10 0 0 0 5 14 8 4 221 245 88 2 4 15 0 0 0 0 0 4 0 1 135 144 1 8 7 0 0 0 10 10 0 0 0 68 255 255 36 2 0 6 0 0 0 0 7 0 0 11 6 4 18 0 1 0 5 10 4 0 0 0 20 210 248 150 12 2 16 0 0 0 0 0 0 0 2 0 0 0 0 10 0 0 0 0 0 0 3 1 91 255 224 22 15 0 0 0 0 0 0 0 0 0 0 0 0 0 0 0 0 1 0 10 0 6 3 0 135 255 191 0 4 1 3 0 0 0 0 0 0 0 0 0 0 0 0 0 0 14 0 0 25 0 10 27 242 254 103 0 11 0 0 0 0 0 0 0 0 0 0 0 0 0 0 0 1 6 0 0 11 3 0 102 248 192 15 0 0 0 6 0 0 0 0 0 0 0 0 0 0 0 0 0 1 0 5 0 0 3 16 187 255 146 0 10 0 0 6 0 0 0 0 0 0 0 0 0 0 0 0 0 0 4 6 0 11 0 164 248 240 71 0 6 4 0 0 4 0 0 0 0 0 0 0 0 0 0 0 0 2 0 7 0 5 76 254 255 101 0 0 0 0 0 2 4 0 0 0 0 0 0 0 0 0 0 0 0 7 0 6 3 10 212 253 184 9 0 24 5 0 0 8 0 0 0 0 0 0 0 0 0 0 0 0 0 0 0 0 2 60 254 255 70 0 0 0 5 2 0 10 0 0 0 0 0 0 0 0 0 0 0 0 0 6 3 0 2 76 250 230 24 0 0 0 0 0 0 0 0 0 0 0 0 0 0 0 0 0 0 0 0 0 0 0 7 202 247 128 0 0 0 0 0 0 0 0 0 0 0 0 0 0 0 0 0 0 0 0 0 0 26 0 117 239 255 16 9 0 0 0 0 0 0 0 0 0 0 0 0 0 0 0 0 0 0 0 0 0 0 10 73 236 114 0 0 0 0 0 0 0 0 0 0 0 0 0 0
0 0 0 0 0 0 0 0 0 0 0 0 0 0 0 0 0 0 0 0 0 0 0 0 0 0 0 0 0 0 0 0 0 0 0 0 0 0 0 0 0 0 0 0 0 0 0 0 0 0 0 0 0 0 0 0 0 0 0 0 0 0 0 0 0 0 0 0 0 0 0 0 0 0 0 0 0 0 0 0 0 0 0 0 0 0 0 0 0 0 0 0 0 0 0 0 0 0 0 0 0 0 0 0 0 0 0 0 0 0 0 0 0 0 0 0 0 0 0 0 0 0 0 0 0 0 0 0 0 0 0 0 0 0 0 0 0 0 0 0 0 0 0 0 0 0 0 0 0 0 0 0 0 0 0 0 0 0 0 0 0 0 0 0 0 0 0 0 0 0 0 0 0 0 0 0 0 0 0 0 0 0 0 0 0 0 0 0 0 0 0 0 0 0 0 0 0 0 0 0 0 0 0 0 0 0 0 0 0 0 0 0 0 0 0 0 0 0 0 0 0 0 0 0 0 1 7 0 0 0 108 108 116 127 121 52 59 127 171 251 142 128 92 0 1 9 0 0 0 0 0 0 10 0 0 0 4 109 255 255 255 255 253 244 247 253 252 255 244 255 236 81 0 0 2 8 0 0 0 0 0 0 3 6 6 180 255 233 251 241 245 255 255 248 255 241 255 250 255 208 54 0 0 1 0 0 0 0 6 0 0 0 0 141 236 255 255 255 255 244 238 255 209 58 32 93 248 251 66 12 10 1 0 0 0 0 4 0 6 7 0 22 109 254 169 49 36 55 54 61 30 5 6 48 233 255 79 5 1 0 0 0 0 0 6 0 6 0 1 7 71 193 52 1 22 3 0 3 0 0 5 0 170 243 82 0 0 7 0 0 0 0 0 6 14 0 10 4 0 0 5 0 0 0 14 14 0 2 0 54 245 243 65 0 10 0 0 0 0 0 7 0 0 0 0 0 2 6 0 19 1 0 4 0 0 4 9 63 251 252 94 0 2 0 0 0 0 0 0 0 0 0 0 0 0 0 0 7 0 0 3 0 0 0 4 71 255 255 89 0 2 0 0 0 0 0 0 0 0 0 0 0 0 0 0 1 0 0 0 0 0 0 0 206 247 190 7 10 0 3 0 0 0 0 0 0 0 0 0 0 0 0 3 0 1 0 0 3 5 0 87 255 255 88 6 0 0 1 0 0 0 0 0 0 0 0 0 0 0 0 6 0 5 1 0 6 3 0 200 246 255 70 0 3 0 2 0 0 0 0 0 0 0 0 0 0 0 0 1 0 4 0 0 1 0 5 229 239 247 47 0 0 10 0 0 0 0 0 0 0 0 0 0 0 0 0 1 0 7 0 0 0 0 37 231 243 150 5 16 0 16 0 0 0 0 0 0 0 0 0 0 0 0 0 3 0 8 0 7 2 0 80 246 246 41 13 0 11 0 4 0 0 0 0 0 0 0 0 0 0 0 0 0 0 4 0 6 0 0 106 255 219 66 0 0 7 0 2 0 0 0 0 0 0 0 0 0 0 0 0 6 4 0 0 5 0 0 188 255 250 64 7 0 0 0 2 0 0 0 0 0 0 0 0 0 0 0 0 0 4 1 3 1 2 11 230 249 219 32 0 3 0 0 5 0 0 0 0 0 0 0 0 0 0 0 0 0 4 4 3 0 0 7 220 247 190 1 0 8 0 0 6 0 0 0 0 0 0 0 0 0 0 0 0 2 1 0 0 0 0 0 169 252 184 0 0 9 0 0 3 0 0 0 0
0 0 0 0 0 0 0 0 5 0 0 2 4 0 0 4 10 0 0 2 7 0 0 0 0 0 0 0 0 0 0 0 0 0 0 0 2 0 0 2 0 0 0 2 0 0 8 0 0 2 10 10 0 0 0 0 0 0 0 0 0 0 0 0 1 1 2 3 0 0 0 2 13 4 0 0 1 1 0 0 0 0 0 0 0 0 0 0 0 0 0 0 2 1 2 3 2 1 0 1 0 0 0 1 2 3 5 8 0 0 0 0 0 0 0 0 0 0 0 0 0 0 0 0 3 5 2 0 0 5 3 0 0 3 1 0 0 0 0 0 0 0 0 0 0 0 0 0 0 0 0 0 1 3 1 0 5 0 0 8 6 0 0 9 0 0 0 0 0 0 0 0 0 0 0 0 0 5 9 4 0 0 0 0 0 3 6 0 0 0 0 0 0 0 0 0 0 0 0 0 0 0 0 0 0 13 22 12 0 0 0 3 0 13 0 0 116 255 240 116 0 0 0 0 3 0 12 0 4 0 0 10 0 101 235 190 7 0 12 10 96 157 192 208 255 253 253 63 0 0 0 0 12 0 0 1 3 3 8 11 108 248 255 248 142 210 255 235 245 241 255 243 239 255 245 49 0 0 0 0 0 0 6 6 0 7 92 246 251 242 245 255 255 249 233 255 254 255 255 253 251 255 78 0 0 0 0 0 10 6 0 0 16 174 250 243 255 251 235 114 126 126 117 111 20 16 173 255 255 218 22 0 0 0 0 0 0 8 0 9 113 241 255 255 202 113 0 0 7 0 12 0 0 48 211 243 231 67 0 0 0 0 0 0 8 6 1 0 15 126 129 54 29 1 1 4 0 0 4 0 10 222 254 255 170 0 0 16 0 0 0 0 0 0 0 0 21 14 0 5 0 0 26 0 14 6 0 0 18 231 251 255 64 0 14 0 0 0 0 0 5 0 16 0 0 0 0 2 3 20 0 3 0 0 0 6 130 255 251 103 4 0 3 11 0 0 0 0 0 0 0 0 0 0 0 0 0 10 0 5 2 0 2 56 255 245 185 13 0 0 2 2 0 0 0 0 0 0 0 0 0 0 0 0 18 0 8 0 12 10 9 187 248 255 79 0 0 3 6 0 0 0 0 0 0 0 0 0 0 0 0 0 0 3 4 4 0 0 106 255 255 198 0 2 0 0 8 0 0 0 0 0 0 0 0 0 0 0 0 0 2 1 1 0 4 28 236 233 242 63 0 10 2 0 6 0 0 0 0 0 0 0 0 0 0 0 0 0 8 0 9 8 0 143 246 255 133 0 0 4 4 0 0 4 0 0 0 0 0 0 0 0 0 0 0 0 0 12 1 0 38 241 232 236 20 0 0 0 3 0 0 1 0 0 0 0 0 0 0 0 0 0 0 0 4 7 0 4 204 255 231 75 0 18 1 0 0 6 0 0 0 0 0 0 0 0 0 0 0 0 0 0 0 1 5 157 255 246 146 0 6 0 5 0 0 7 0 7 0 0 0 0 0 0 0 0 0 0 0 0 0 20 138 255 246 156 11 9 0 0 0 0 0 0 0 0 0 0 0 0 0 0 0 0 0 0 0 0 0 71 254 241 206 55 0 0 0 0 0 0 0 0 0 0 0 0 0 0 0 0 0 0 0 0 0 0 15 73 244 255 5 0 17 5 0 0 0 0 0 0 0 0 0 0 0 0 0 0 0 0 0 0 0 0 0 7 0 0 13 18 0 9 0 0 0 0 0 0 0 0 0 0 0 0
2 3 0 2 0 0 11 1 2 1 0 3 3 0 0 0 0 0 0 0 0 0 0 0 0 0 0 0 0 2 0 6 3 3 0 0 3 2 8 0 0 10 5 6 0 0 0 0 0 0 0 0 0 0 0 0 2 4 0 0 0 11 0 13 0 0 5 0 0 7 0 2 0 0 0 0 0 0 0 0 0 0 0 0 0 3 3 7 0 5 0 0 3 0 0 11 10 0 0 3 0 0 0 0 0 0 1 1 0 0 0 0 0 3 0 5 0 11 0 7 0 3 0 5 5 0 5 0 1 0 0 0 0 0 1 2 0 0 0 0 10 0 0 0 0 0 9 0 0 9 0 0 0 1 14 2 4 2 1 0 0 0 0 1 0 0 0 0 0 0 0 10 2 0 32 0 6 0 11 2 1 8 0 1 6 4 2 0 0 0 0 0 0 0 0 0 3 1 1 0 0 3 165 172 124 58 122 129 125 110 40 102 8 5 2 0 0 0 0 0 0 0 0 0 0 5 0 0 3 0 75 237 255 246 255 250 248 255 252 255 217 172 42 8 0 1 12 0 0 0 0 0 0 6 0 0 14 0 0 25 84 119 95 137 192 200 197 131 253 239 234 34 2 14 0 9 0 0 0 0 1 8 0 0 3 10 0 0 0 2 0 0 16 1 0 33 219 255 242 25 1 0 0 4 0 0 0 0 2 0 1 7 2 0 0 5 4 0 7 0 0 0 19 173 255 240 81 0 0 0 24 0 0 0 0 0 10 0 0 10 4 0 0 0 10 0 0 127 143 48 77 249 253 111 11 3 4 17 0 6 0 0 0 0 6 0 0 0 0 5 15 10 9 0 2 78 170 255 248 254 202 28 0 0 4 0 0 15 0 0 0 0 0 4 11 1 0 0 0 0 0 0 18 0 10 211 240 255 250 137 55 0 11 0 11 0 0 0 0 0 4 4 0 0 6 6 0 0 2 1 0 10 66 248 252 150 188 246 244 117 35 2 0 0 0 0 0 0 0 0 0 0 0 0 0 0 0 22 0 31 243 250 247 18 0 24 114 205 227 194 108 9 3 0 0 3 0 0 0 0 0 0 0 0 0 0 19 112 248 239 102 0 6 0 0 14 34 106 196 236 145 83 18 0 0 0 0 0 0 0 0 0 15 0 74 255 255 229 0 6 0 0 6 4 0 0 16 21 68 35 5 0 0 0 0 0 0 0 0 0 0 1 155 254 248 100 0 0 6 0 0 6 2 5 6 0 0 0 0 0 0 0 0 0 0 0 0 0 3 106 255 245 143 0 4 0 0 0 0 3 0 0 0 0 10 3 0 0 0 0 0 0 0 0 0 0 1 190 255 212 8 2 0 14 7 7 4 0 0 0 1 5 0 0 0 0 0 0 0 0 0 0 0 0 98 255 244 111 7 0 0 0 0 0 0 0 4 6 0 0 4 6 4 0 0 0 0 0 0 0 0 0 68 219 97 0 7 0 21 0 0 7 4 1 5 0 0 0 0 0 0 0 0 0 0 0 0 0 0 0 15 19 13 0 0 2 3 0 0 0 0 0 0 0 0 0 0 0 0 0 0 0 0 0 0 0 0 0 2 7 4 0 0 2 4 0 0 0 0 0 0 0 0 0 0 0 0 0 0 0 0 0 0 0 0 0 0 0 0 0 0 2 4 0 0 0 0 0 0 0 0 0 0 0 0 0 0 0 0 0 0 0 0 0 0 3 3 0 0 2 2 0 0 0 0 0 0 0 0 0 0 0 0 0
0 0 0 0 0 0 0 0 0 1 6 1 0 0 3 0 4 0 0 3 0 1 4 0 0 0 0 0 0 0 0 0 0 0 0 0 0 0 0 0 4 10 7 0 0 2 8 3 0 0 0 0 0 0 0 0 0 0 0 0 0 0 0 0 13 10 0 0 6 1 0 0 0 5 0 0 1 7 1 0 0 0 0 0 0 0 0 0 0 0 0 0 0 0 0 0 1 0 0 17 4 7 0 0 0 0 0 0 0 0 0 0 0 0 0 0 0 0 0 0 1 3 1 0 0 0 0 0 0 0 0 4 1 0 0 14 0 0 0 0 0 0 0 0 0 0 0 0 3 0 3 8 4 10 9 0 10 0 2 13 7 1 0 0 0 0 0 0 0 0 0 0 0 0 0 0 2 0 11 4 0 0 13 0 0 0 3 0 0 0 16 0 0 0 0 0 0 0 0 0 0 0 0 0 3 22 80 99 91 160 247 255 255 255 252 156 21 0 11 0 0 0 0 0 3 0 0 6 8 9 18 26 113 210 245 242 255 252 247 255 249 255 255 236 20 6 0 2 0 0 0 0 3 6 0 25 161 255 255 234 245 249 251 255 250 249 255 239 255 245 255 255 8 5 0 0 0 0 0 0 0 0 4 112 255 255 229 255 254 255 221 231 213 214 220 242 255 243 255 223 3 1 5 0 0 0 0 0 0 25 0 15 168 255 194 118 125 135 56 6 0 4 0 108 250 255 250 117 9 0 8 0 0 0 0 0 4 5 0 0 24 38 22 11 0 0 1 2 0 20 3 146 247 255 254 84 8 0 4 0 0 0 0 0 0 0 0 11 2 0 0 0 7 0 0 0 0 0 15 246 253 250 255 123 0 0 0 0 0 0 0 0 10 0 2 4 0 0 3 1 0 12 7 1 11 0 39 255 255 249 244 102 0 1 0 4 0 0 0 0 0 0 0 0 3 4 0 0 3 0 0 7 0 8 129 243 251 255 225 26 7 7 0 7 0 0 0 0 0 0 0 0 0 0 0 0 0 10 0 0 8 0 194 245 253 255 128 15 5 3 2 0 0 0 0 0 0 0 0 0 0 0 0 0 2 0 0 17 0 14 197 255 255 244 41 0 0 0 0 2 0 0 0 0 0 0 0 0 0 0 0 0 0 0 6 0 0 104 233 255 248 255 27 0 2 7 4 3 0 0 0 0 0 0 0 0 0 0 0 0 0 2 7 0 46 214 255 249 254 234 23 9 0 4 2 0 0 0 0 0 0 0 0 0 0 0 0 0 1 0 0 5 149 255 253 251 255 129 0 2 3 0 0 0 0 0 0 0 0 0 0 0 0 0 0 0 1 5 0 4 184 255 248 255 174 37 0 1 0 0 6 6 0 0 0 0 0 0 0 0 0 0 0 0 0 13 0 39 206 246 255 255 58 0 11 0 0 0 3 0 0 0 0 0 0 0 0 0 0 0 0 0 0 0 0 123 255 249 249 254 48 0 0 4 8 6 0 3 0 0 0 0 0 0 0 0 0 0 0 0 0 12 0 241 255 255 251 190 9 6 2 0 0 0 0 1 0 0 0 0 0 0 0 0 0 0 0 0 10 0 144 255 240 254 232 91 7 5 1 0 0 0 0 1 0 0 0 0 0 0 0 0 0 0 0 0 0 0 69 89 220 248 127 12 3 2 1 0 0 0 0 0 0 0 0 0 0 0 0 0 0 0 0 0 12 8 0 0 0 8 2 0 0 0 0 1 1 1 0 0 0 0 0 0
6 0 1 4 0 0 0 1 7 0 0 0 0 0 0 4 0 0 0 0 0 0 0 0 0 0 0 0 1 3 0 3 3 0 4 0 0 0 1 7 8 5 1 1 0 0 0 0 0 0 0 0 0 0 0 0 0 8 0 0 1 0 1 0 3 5 4 0 0 0 0 0 0 0 0 0 0 0 0 0 0 0 0 0 0 8 2 0 5 7 4 6 0 2 1 0 0 7 10 7 0 0 0 0 0 0 0 0 0 0 0 0 7 2 12 0 0 4 0 0 0 0 2 0 0 0 0 0 0 0 0 0 0 0 0 0 0 0 0 0 0 0 0 0 0 4 4 6 6 1 0 0 0 0 2 7 0 0 0 0 0 0 0 0 0 0 0 0 14 1 0 22 0 0 15 0 3 0 0 7 6 0 0 0 0 0 0 0 0 0 0 0 0 0 0 0 0 6 10 119 141 148 255 227 133 128 136 145 119 62 17 3 0 0 0 0 0 0 0 0 0 0 0 0 0 2 19 230 255 247 240 255 255 252 236 255 255 246 210 183 62 5 0 11 0 2 5 0 0 0 0 0 12 3 0 80 158 255 248 230 237 255 255 250 255 250 255 244 237 144 42 0 17 0 0 6 0 0 0 0 0 0 3 0 2 77 69 90 141 186 160 194 149 206 173 191 240 255 221 46 0 2 18 0 0 0 0 0 11 0 21 6 0 4 0 10 0 0 0 2 5 13 4 36 255 243 240 236 32 0 0 3 0 0 0 0 0 0 0 0 1 3 0 0 4 0 6 0 2 0 4 63 255 244 247 255 0 13 9 0 0 0 0 0 0 13 6 8 2 0 10 9 0 7 0 1 0 10 0 48 252 251 255 255 5 0 0 15 0 0 0 0 2 0 0 2 7 0 0 0 1 0 13 0 20 0 0 62 251 250 249 251 37 11 0 0 0 0 0 0 0 10 4 3 0 10 5 1 2 0 0 19 0 0 0 151 255 255 255 255 12 7 1 0 0 0 0 0 0 0 0 0 0 0 0 0 0 0 3 0 4 0 35 200 255 249 255 194 12 4 0 5 0 0 0 0 0 0 0 0 0 0 0 0 1 3 4 0 0 0 92 247 244 255 255 164 5 0 0 0 0 0 0 0 0 0 0 0 0 0 0 0 0 3 0 0 3 0 153 255 255 255 224 81 0 9 4 5 0 0 0 0 0 0 0 0 0 0 0 0 0 1 0 4 7 0 169 244 255 249 174 4 0 7 2 2 0 0 0 0 0 0 0 0 0 0 0 0 0 5 0 2 1 0 164 239 252 248 178 0 2 0 0 3 0 0 0 0 0 0 0 0 0 0 0 0 0 6 3 0 0 0 156 255 255 244 175 1 6 2 0 5 0 0 0 0 0 0 0 0 0 0 0 0 0 2 3 0 5 9 95 231 252 236 177 4 0 0 3 0 0 0 0 0 0 0 0 0 0 0 0 0 6 1 0 0 5 0 5 132 250 255 240 61 5 1 12 0 0 0 0 0 0 0 0 0 0 0 0 0 0 0 2 5 0 0 14 39 250 255 240 162 0 2 14 0 0 0 0 0 0 0 0 0 0 0 0 0 3 0 0 2 0 0 3 17 195 248 255 194 18 0 3 7 0 0 0 0 0 0 0 0 0 0 0 0 6 0 0 1 3 0 0 0 3 138 249 239 79 5 0 4 0 0 0 0 0 0 0 0 0 0 0 0 4 0 0 2 5 2 0 0 3 8 0 12 0 16 2 0 0 0 0 0
0 0 0 0 0 0 0 0 0 0 0 0 0 0 0 0 0 0 0 0 0 0 0 0 0 0 0 0 0 0 0 0 0 0 0 0 0 0 0 0 0 0 0 0 0 0 0 0 0 0 0 0 0 0 0 0 0 0 0 0 0 0 0 0 0 0 0 0 0 0 0 0 0 0 0 0 0 0 0 0 0 0 0 0 0 0 0 0 0 0 0 0 0 0 0 0 0 0 0 0 0 0 0 0 0 0 0 0 0 0 0 0 0 0 0 0 0 0 0 0 0 0 0 0 0 0 0 0 0 0 0 0 0 0 0 0 0 0 0 0 0 0 0 0 0 0 0 0 0 0 0 0 0 0 0 0 0 0 0 0 0 0 0 0 0 0 0 0 0 0 0 0 0 0 0 0 0 0 0 0 0 0 0 0 0 0 0 0 0 0 0 0 0 0 0 0 0 0 0 0 0 0 0 0 0 0 0 0 0 0 0 0 0 0 0 0 0 0 0 0 0 0 0 0 0 5 0 5 0 4 0 139 245 174 70 0 1 8 16 72 54 73 164 244 32 0 0 0 0 0 0 0 0 0 6 0 0 9 0 207 255 255 255 230 214 232 244 255 255 255 244 251 57 7 0 13 0 0 0 0 0 0 6 1 0 11 60 255 234 193 234 255 250 255 255 247 237 206 237 249 30 0 7 0 0 0 0 0 0 6 0 9 0 8 203 253 101 25 37 74 68 67 63 50 58 38 215 255 19 0 16 0 0 0 0 0 0 13 0 5 2 21 255 221 15 0 5 1 0 9 2 0 0 10 249 255 31 2 0 9 0 0 0 0 0 9 4 0 14 70 254 168 0 0 4 0 3 1 0 6 9 28 255 226 6 0 0 1 0 0 0 0 0 0 3 0 7 150 242 71 17 0 0 2 8 1 0 6 5 70 255 176 0 6 19 0 0 0 0 0 5 0 0 14 0 213 255 0 0 0 11 0 0 10 10 0 0 157 255 116 4 1 0 0 0 0 0 0 0 11 0 0 23 95 64 0 0 0 0 0 0 0 0 0 0 213 249 7 0 10 0 5 0 0 0 0 0 7 3 10 0 13 4 3 0 0 0 0 0 0 0 0 1 217 246 2 0 5 0 6 0 0 0 0 1 0 0 10 0 0 0 1 0 0 0 0 0 0 0 0 31 241 254 5 0 3 0 2 0 0 0 0 3 1 0 0 1 13 6 0 0 0 0 0 0 0 0 0 54 255 252 4 0 6 0 0 0 0 0 0 0 7 8 0 0 4 7 0 0 0 0 0 0 0 0 0 48 247 232 0 0 8 6 1 0 0 0 0 3 0 5 0 3 0 0 0 0 0 0 0 0 0 0 0 46 248 229 0 0 3 5 0 0 0 0 0 7 0 0 0 13 0 4 0 0 0 0 0 0 0 0 0 49 255 242 3 0 0 3 0 0 0 0 0 0 0 12 0 3 0 3 0 0 0 0 0 0 0 0 0 39 255 246 9 0 0 6 3 0 0 0 0 0 0 0 0 0 0 0 0 0 0 0 0 0 0 0 0 50 251 255 0 0 0 0 0 0 0 0 0 0 0 0 0 0 0 0 0 0 0 0 0 0 0 0 0 46 247 255 3 2 3 2 2 0 0 0 0 0 0 0 0 0 0 0 0 0 0 0 0 0 0 0 0 24 224 255 0 0 0 0 0 0 0 0 0 0 0 0 0 0 0 0 0 0 0 0 0 0 0 0 0 0 196 249 0 0 0 0 1 0 0 0 0
0 6 4 0 0 0 0 6 8 0 0 0 0 0 0 6 0 0 1 5 0 1 3 0 0 0 0 0 1 1 0 0 10 5 0 3 0 0 2 0 0 3 0 0 0 4 6 1 0 0 0 6 0 0 0 0 7 1 0 0 8 0 0 0 4 8 3 0 0 4 8 5 6 7 0 0 0 0 0 0 0 0 0 0 0 5 1 0 0 0 0 7 0 0 0 6 5 0 0 0 0 0 0 0 10 9 0 4 0 0 0 0 0 5 4 0 3 8 5 4 1 2 2 1 1 1 1 0 0 2 4 0 0 0 0 0 0 0 0 0 0 6 1 0 7 9 0 0 0 2 1 0 0 4 7 0 10 0 0 3 2 10 14 2 0 0 0 0 4 3 0 0 2 0 0 16 6 0 0 7 7 0 0 5 0 0 1 11 0 0 7 0 0 0 0 0 0 0 0 7 0 0 21 86 119 38 0 7 4 0 25 103 120 127 165 141 40 0 9 0 0 0 0 0 2 0 9 2 0 0 13 205 250 247 242 151 184 242 245 247 254 255 241 252 79 0 4 7 0 0 0 0 5 0 1 0 2 6 0 105 249 253 247 243 255 246 242 255 240 255 255 243 86 18 0 0 0 0 0 0 1 4 0 0 4 9 0 14 72 172 203 250 244 200 182 173 197 252 255 157 20 0 0 12 0 0 0 0 0 6 0 0 0 0 0 0 0 14 0 61 71 26 0 20 220 237 200 28 0 4 0 3 0 0 0 0 0 3 0 1 0 0 9 1 0 4 0 14 0 0 4 124 251 253 189 0 2 11 8 0 0 0 0 0 2 0 0 0 9 0 3 0 5 13 4 0 0 14 0 115 246 255 167 0 8 0 7 3 0 0 0 0 3 0 4 0 12 0 0 0 0 0 0 15 0 0 20 236 255 244 71 0 9 0 7 0 0 0 0 0 0 0 13 0 5 0 0 7 8 1 0 0 2 5 57 253 255 247 36 7 6 0 1 0 0 0 0 0 0 0 0 0 0 0 0 0 0 7 0 3 0 8 192 239 255 81 13 1 0 9 2 0 0 0 0 0 0 0 0 0 0 0 0 0 5 0 9 0 0 64 241 255 242 51 0 4 1 2 0 4 0 0 0 0 0 0 0 0 0 0 0 0 0 0 13 2 2 142 253 240 158 15 0 8 3 0 0 9 0 0 0 0 0 0 0 0 0 0 0 0 3 0 0 4 62 229 255 204 45 0 1 6 0 0 0 3 0 0 0 0 0 0 0 0 0 0 0 0 0 12 0 14 178 255 255 103 0 0 10 1 0 2 3 0 0 0 0 0 0 0 0 0 0 0 0 0 0 4 0 23 255 240 240 55 0 0 0 0 1 3 0 0 0 0 0 0 0 0 0 0 0 0 0 0 5 2 0 61 255 248 255 145 7 7 0 0 7 0 0 2 0 0 0 0 0 0 0 0 0 0 0 0 0 7 8 151 253 255 239 148 0 13 3 0 4 0 0 3 0 0 0 0 0 0 0 0 0 0 0 0 2 0 0 158 252 255 243 152 0 0 0 0 0 0 0 0 0 0 0 0 0 0 0 0 0 0 0 0 0 14 0 92 247 248 247 65 0 0 0 0 0 0 0 0 0 0 0 0 0 0 0 0 0 0 0 0 5 0 7 4 67 191 63 6 0 0 0 0 0 0 0 0 0 0 0 0 0 0 0 0 0 0 0 0 0 27 0 0 8 0 14 0 0 0 0 0 0 0 0 0 0 0 0 0
0 0 0 0 0 0 0 0 2 2 0 0 0 1 4 3 4 5 2 0 0 0 2 4 0 0 0 0 0 0 0 0 0 0 0 0 0 0 7 10 1 0 0 0 0 0 0 6 12 6 0 0 0 0 0 0 0 0 0 0 0 0 0 0 8 0 0 0 1 0 3 11 9 2 1 4 0 0 0 10 0 0 0 0 0 0 0 0 0 0 0 0 0 0 0 1 4 1 0 0 0 0 0 0 0 0 0 3 0 0 0 0 0 0 0 0 0 0 0 0 0 5 10 1 0 3 7 5 12 10 2 0 0 8 2 0 0 0 0 0 0 0 0 0 0 0 0 0 4 3 0 0 0 5 1 0 0 0 3 0 0 0 3 0 0 0 0 0 0 0 0 0 0 0 0 0 0 0 0 4 5 0 0 6 12 0 0 4 6 0 0 2 0 0 0 0 0 0 0 0 0 0 0 0 3 0 3 6 0 17 110 210 244 130 21 0 0 0 0 1 0 0 0 0 0 0 1 1 0 0 0 0 2 5 0 88 186 247 255 247 225 255 212 0 1 9 0 0 0 0 0 0 0 0 1 0 0 0 0 1 0 45 183 255 206 122 32 44 40 132 248 132 0 13 0 6 0 0 0 0 0 0 0 0 0 0 2 5 85 253 226 104 8 0 0 11 0 18 255 189 5 0 0 1 0 0 0 0 0 0 0 0 0 0 4 8 217 255 95 4 0 0 8 0 9 65 238 182 0 10 0 0 0 0 0 0 0 0 0 0 0 0 4 8 193 64 0 7 0 6 0 5 0 180 249 106 0 8 3 0 0 0 0 0 0 0 0 0 0 0 2 5 1 0 0 7 0 1 0 0 114 244 181 2 12 0 5 0 0 0 0 0 0 0 1 0 0 0 0 1 0 21 0 2 17 6 3 54 246 225 29 0 0 8 0 2 0 0 0 0 0 0 1 1 0 0 0 0 11 0 13 5 0 0 17 180 242 139 0 0 2 2 5 0 0 0 0 0 0 0 0 0 0 0 0 0 4 6 0 0 1 6 163 255 110 16 0 11 0 0 10 0 0 0 0 0 0 0 0 0 0 0 0 0 0 0 14 0 0 112 254 173 19 0 0 15 0 0 6 0 0 0 0 0 0 0 0 0 0 0 0 0 16 0 0 10 27 230 219 12 0 0 3 3 0 0 6 0 0 0 0 0 0 0 0 0 0 0 0 0 0 21 3 0 154 193 26 0 5 10 2 0 0 3 3 1 0 0 0 0 0 0 0 0 0 0 0 0 3 0 1 55 233 88 0 13 0 3 0 0 9 6 0 0 0 0 0 0 0 0 0 0 0 0 0 0 8 3 4 171 216 47 0 0 0 0 0 3 5 0 0 7 0 0 0 0 0 0 0 0 0 0 0 0 0 0 113 255 64 5 8 0 4 5 4 0 0 0 2 7 0 0 0 0 0 0 0 0 0 0 0 0 4 0 197 191 2 3 0 11 0 0 0 0 0 11 8 0 0 0 0 0 0 0 0 0 0 0 0 0 0 64 241 65 7 0 0 6 0 0 0 0 0 0 0 0 0 0 0 0 0 0 0 0 0 0 0 0 51 230 153 0 0 5 0 3 0 0 0 0 0 0 0 0 0 0 0 0 0 0 0 0 0 0 0 0 89 214 56 9 2 0 4 0 0 0 0 0 0 0 0 0 0 0 0 0 0 0 0 0 0 0 0 0 1 3 0 4 0 0 15 1 0 0 0 0 0 0 0 0 0 0 0 0
0 0 0 0 0 0 0 0 0 0 0 0 3 5 1 0 0 1 1 0 7 5 0 0 0 0 0 0 0 0 0 0 0 0 0 0 4 3 2 1 1 2 1 0 2 15 13 0 0 0 0 0 0 0 0 0 0 0 0 0 0 0 0 0 2 2 1 0 0 0 0 1 0 0 0 2 3 2 6 6 0 0 0 0 0 0 0 0 0 0 0 0 1 0 0 0 0 0 0 1 14 0 2 10 3 0 0 0 0 0 0 0 0 0 0 0 0 0 0 0 5 0 0 2 5 1 0 0 0 1 5 0 0 0 6 0 0 0 0 0 0 0 0 0 0 0 0 0 4 0 0 1 0 0 0 0 5 4 0 1 14 7 0 0 0 0 0 0 0 0 0 0 0 0 0 0 1 0 0 2 0 0 0 15 0 12 0 0 6 1 0 8 0 0 0 0 0 0 0 0 0 0 0 0 1 3 8 9 0 0 16 43 166 252 199 51 0 0 0 4 0 0 0 0 0 0 0 0 0 0 0 0 4 30 196 218 184 192 207 216 252 247 255 108 8 6 3 0 0 0 0 0 0 0 0 0 0 0 0 0 0 8 153 215 226 229 209 177 102 204 255 79 0 0 2 7 0 0 0 0 0 0 0 0 0 0 0 0 17 0 6 1 0 0 5 0 0 184 238 32 0 0 5 0 0 0 0 0 0 0 0 0 0 0 0 0 0 0 5 5 0 0 7 7 34 222 183 3 8 1 6 0 0 0 0 0 0 0 0 0 0 0 0 0 6 9 0 0 2 5 0 0 149 254 111 0 5 0 5 1 0 0 0 0 0 0 0 0 0 0 0 0 0 2 0 0 5 5 0 27 236 204 26 0 6 0 6 3 0 0 0 0 0 0 0 0 0 0 0 0 3 6 4 0 0 1 23 170 233 92 0 0 7 7 3 0 0 0 0 0 0 0 0 0 0 0 0 0 1 0 0 0 0 11 49 253 180 5 1 9 0 0 0 8 0 0 0 0 0 0 0 0 0 0 0 0 5 0 17 0 0 0 222 230 0 0 0 0 0 0 0 0 0 0 0 0 0 0 0 0 0 0 0 0 10 0 4 0 18 104 235 122 0 0 0 0 0 0 0 0 0 0 0 0 0 0 0 0 0 0 0 0 2 3 0 0 49 219 228 32 0 0 0 0 0 0 0 0 0 0 0 0 0 0 0 0 0 0 0 0 0 7 3 0 101 255 156 3 0 0 0 0 0 0 0 0 0 0 0 0 0 0 0 0 0 0 0 0 0 2 4 28 190 254 53 0 0 0 0 0 0 0 0 0 0 0 0 0 0 0 0 0 0 0 0 0 6 0 3 110 255 210 2 0 0 0 0 0 0 0 0 0 0 0 0 0 0 0 0 0 0 0 0 0 5 0 14 202 243 105 1 2 0 0 0 0 0 0 0 0 0 0 0 0 0 0 0 0 0 0 0 0 1 6 34 255 164 0 0 0 0 0 0 0 0 0 0 0 0 0 0 0 0 0 0 0 0 0 0 0 10 0 115 242 55 0 2 0 0 0 0 0 0 0 0 0 0 0 0 0 0 0 0 0 0 0 0 0 0 12 171 248 33 0 24 0 0 0 0 0 0 0 0 0 0 0 0 0 0 0 0 0 0 0 0 0 0 9 56 229 0 20 0 9 0 0 0 0 0 0 0 0 0 0 0 0 0 0 0 0 0 0 0 0 11 0 2 0 7 0 7 10 0 0 0 0 0 0 0 0 0 0 0 0
0 0 0 0 0 0 0 0 0 0 1 8 0 0 11 0 1 0 0 6 1 0 6 0 0 0 0 0 0 0 0 0 0 0 0 0 6 14 0 0 15 5 0 0 5 12 0 0 0 3 13 0 0 0 0 0 0 0 0 0 0 0 0 0 0 0 0 2 0 0 3 4 0 7 1 0 0 0 2 0 0 0 0 0 0 0 0 0 0 0 0 0 7 0 14 27 0 0 10 0 0 4 0 0 3 0 0 5 0 0 0 0 0 0 0 0 0 0 0 0 3 6 0 0 0 6 2 11 12 5 0 0 2 7 1 0 0 0 0 0 0 0 0 0 0 0 0 0 0 8 15 3 0 0 0 0 0 0 8 0 0 8 3 0 0 0 0 0 0 0 0 0 0 0 0 0 5 0 0 0 13 108 191 186 50 0 4 9 0 0 0 0 0 0 0 0 0 0 0 0 0 0 0 0 2 9 5 40 148 252 255 244 210 40 0 1 2 3 0 5 0 0 0 0 5 0 13 0 0 1 0 2 0 45 199 255 251 254 255 255 255 34 1 0 4 1 0 5 0 0 0 0 1 0 0 32 5 0 0 25 162 255 255 241 242 159 121 243 209 39 0 0 0 0 0 0 0 0 0 0 7 0 0 0 0 10 60 205 252 244 251 211 84 0 74 255 255 119 7 0 0 10 8 0 0 0 0 0 1 9 6 20 9 2 247 253 255 228 109 0 2 10 56 246 255 167 8 0 0 3 2 0 0 0 0 0 0 0 0 0 0 3 226 195 65 0 12 6 3 3 52 255 236 165 5 13 1 0 0 2 0 0 0 0 0 10 14 0 15 14 0 12 6 3 20 0 0 9 54 255 255 180 0 0 0 0 0 0 0 0 0 0 9 0 0 4 0 3 7 0 0 0 0 0 12 0 62 255 244 162 0 0 0 4 9 3 0 0 0 0 0 0 20 0 0 0 0 3 2 0 0 14 5 57 185 243 252 244 181 195 190 179 185 184 0 0 0 0 0 0 0 0 0 0 0 0 5 5 0 45 122 239 255 247 254 255 250 249 255 255 194 124 0 0 0 0 0 0 0 0 0 0 0 0 0 0 62 232 235 255 239 255 201 133 69 52 57 44 15 0 0 0 0 0 0 0 0 0 0 0 0 0 0 6 167 235 189 213 255 236 42 5 0 0 8 0 0 5 0 0 0 0 0 0 0 0 0 0 0 0 13 0 29 33 17 221 230 52 0 4 8 3 0 0 1 0 0 0 0 0 0 0 0 0 0 0 0 0 0 7 4 0 57 240 191 12 0 0 0 0 0 11 10 0 0 0 0 0 0 0 0 0 0 0 0 0 0 8 0 18 215 253 134 0 4 8 11 10 5 0 0 0 0 0 0 0 0 0 0 0 0 0 0 0 0 19 0 145 239 186 51 2 0 0 0 0 0 0 1 24 0 0 0 0 0 0 0 0 0 0 0 0 4 0 89 255 235 32 0 5 6 1 0 0 6 7 0 0 0 0 0 0 0 0 0 0 0 0 0 0 0 29 252 253 201 15 0 0 0 0 0 0 0 0 0 0 0 0 0 0 0 0 0 0 0 0 0 0 3 36 242 241 49 0 22 9 0 0 0 0 0 0 0 0 0 0 0 0 0 0 0 0 0 0 0 0 0 5 6 0 0 15 0 0 0 0 0 0 0 0 0 0 0 0 0 0 0 0 0 0 0 0 0 0 3 0 0 0 7 8 0 8 0 0 0 0 0 0 0 0 0 0 0 0
0 0 0 0 0 0 0 0 0 0 9 0 6 0 0 0 0 0 4 0 4 3 0 1 0 0 0 0 0 0 0 0 0 0 0 0 2 2 0 0 0 2 5 12 15 16 0 0 0 0 3 2 0 0 0 0 0 0 0 0 0 0 0 0 0 0 0 3 3 1 0 0 0 0 0 13 1 4 5 0 0 0 0 0 0 0 0 0 0 0 0 0 12 0 7 0 10 0 7 3 11 3 2 8 0 0 3 1 0 0 0 0 0 0 0 0 0 0 0 0 0 0 0 0 4 0 0 0 2 0 11 0 0 0 0 7 0 0 0 0 0 0 0 0 0 0 0 0 9 9 0 13 0 1 0 6 8 0 0 0 10 7 0 2 0 0 0 0 0 0 0 0 0 0 0 0 1 0 0 0 10 15 52 76 168 140 6 0 0 1 0 9 0 0 0 0 0 0 0 0 0 0 0 0 0 4 104 104 204 163 225 219 255 238 5 15 0 4 0 0 0 0 0 0 9 0 7 0 3 4 0 57 94 219 251 223 252 234 235 237 252 255 7 0 2 3 7 0 0 0 0 0 0 0 0 15 0 58 107 240 255 140 55 32 52 48 187 255 255 180 20 28 0 3 0 3 0 0 0 0 0 35 0 0 8 211 223 209 194 38 0 8 13 24 211 253 246 0 0 3 0 0 1 7 0 0 0 0 6 0 0 12 0 0 0 18 2 0 17 8 0 2 188 237 252 89 9 0 19 0 5 0 0 0 0 0 2 0 15 3 7 1 5 0 7 5 0 1 10 5 53 109 185 255 0 0 12 0 13 0 0 0 0 0 0 0 0 2 0 0 1 6 0 12 0 0 2 0 55 248 249 251 22 9 4 0 2 0 0 0 0 0 3 7 0 1 0 7 0 4 0 2 16 2 8 0 31 231 255 38 0 0 0 3 3 5 0 0 0 0 0 11 3 0 4 0 0 0 12 0 40 37 38 2 15 183 242 35 0 3 6 0 0 0 0 0 0 0 0 4 0 0 12 0 0 34 47 130 212 237 205 198 196 255 249 236 52 60 35 42 13 0 0 0 0 0 0 3 0 0 0 0 75 201 226 255 249 94 224 248 221 235 255 249 251 255 255 253 120 0 0 0 0 0 0 5 0 0 4 0 0 0 39 156 45 64 16 41 0 180 240 255 233 130 110 97 37 26 0 0 0 0 0 9 0 0 4 17 10 3 0 0 9 0 0 11 0 163 255 255 32 0 0 13 0 0 0 0 0 0 0 0 0 7 5 0 0 4 4 11 0 9 6 2 5 34 253 241 0 24 0 0 6 0 0 0 0 0 14 1 0 0 0 2 5 5 0 0 16 0 0 0 0 113 255 255 24 0 0 8 3 7 0 0 0 0 0 5 17 5 0 2 7 0 0 13 0 0 1 12 0 18 195 246 24 0 8 3 0 4 0 0 0 0 12 0 0 4 1 0 0 0 10 0 10 7 0 1 4 49 250 255 10 2 0 4 4 4 0 0 0 0 0 0 0 0 0 0 0 0 12 0 11 0 3 0 4 160 255 237 8 3 0 6 9 0 0 0 0 0 0 0 0 0 0 0 0 0 2 0 10 0 6 1 0 84 152 92 0 4 0 0 0 0 0 0 0 0 0 0 0 0 0 0 0 0 0 0 5 0 5 6 0 9 33 0 6 0 0 0 14 0 0 0 0 0 0 0 0 0 0 0 0 0 0 2 0 0 0 4 5 0 1 0 24 0 0 2 15 0 0 0 0 0
0 0 0 0 0 1 2 2 0 0 0 1 4 6 1 0 0 0 0 1 1 2 3 3 0 0 0 0 1 0 0 0 0 0 0 0 0 6 10 0 0 0 7 5 0 0 0 0 0 0 0 0 0 0 0 0 0 1 1 1 0 0 0 0 9 1 0 1 0 0 0 0 1 1 2 3 3 4 4 5 0 0 0 0 0 0 2 2 3 2 1 0 0 0 0 3 8 4 3 6 0 0 0 0 0 0 0 0 0 0 0 0 1 1 1 1 1 0 0 0 0 5 8 0 0 0 1 0 4 4 3 2 2 1 0 0 0 0 0 0 3 2 0 0 0 0 0 0 15 4 0 0 5 5 4 4 0 0 0 0 2 4 5 6 0 0 0 0 2 1 0 0 0 2 5 7 0 0 4 2 0 0 0 2 0 0 0 0 0 0 0 0 0 0 0 0 0 0 0 0 4 11 17 21 43 154 188 96 20 32 44 19 53 48 40 30 19 8 0 0 0 0 0 0 0 5 4 0 18 173 253 219 248 254 255 250 245 255 232 255 255 239 255 255 203 0 0 0 0 0 0 0 2 0 0 0 22 157 247 253 255 227 176 167 193 225 177 161 168 244 251 253 145 0 9 3 0 0 0 0 3 4 0 0 0 16 31 29 29 29 7 3 2 21 4 5 31 221 242 144 18 0 10 0 0 0 0 0 0 0 0 6 5 2 0 6 0 6 0 4 0 3 0 0 107 255 244 47 0 13 4 0 0 0 0 0 3 7 0 0 1 0 0 1 6 11 0 0 1 5 0 47 227 255 119 0 4 7 0 0 0 0 0 0 0 3 7 0 11 5 0 0 0 4 4 1 0 0 8 142 255 246 26 0 15 6 0 14 0 0 0 0 6 0 3 0 0 0 6 0 4 0 0 0 10 0 0 187 245 172 14 1 0 0 0 0 0 0 0 0 0 0 8 0 6 0 5 0 0 0 4 0 6 0 10 255 248 54 7 0 0 7 0 5 0 0 0 0 0 0 0 0 0 0 0 0 6 0 2 0 0 0 154 243 196 0 13 3 2 0 0 3 0 0 0 0 0 0 0 0 0 0 0 0 0 1 9 0 3 3 206 255 198 0 0 0 2 0 0 7 0 0 0 0 0 0 0 0 0 0 0 0 0 0 4 0 0 0 231 255 204 7 0 0 5 0 0 2 0 0 0 0 0 0 0 0 0 0 0 0 8 0 0 0 0 18 234 245 161 16 2 1 6 0 0 0 0 0 0 0 0 0 0 0 0 0 0 0 8 0 0 8 0 86 253 243 68 0 0 0 0 1 4 0 0 0 0 0 0 0 0 0 0 0 0 0 0 1 7 0 0 122 255 224 4 0 1 1 0 0 8 0 0 0 0 0 0 0 0 0 0 0 0 0 0 8 0 0 0 97 253 216 0 2 1 6 0 0 5 0 0 0 0 0 0 0 0 0 0 0 0 0 4 8 0 4 17 64 254 237 1 5 0 4 2 0 4 1 0 0 0 0 0 0 0 0 0 0 0 0 2 0 11 0 2 81 251 228 13 0 14 3 0 10 0 0 0 0 0 0 0 0 0 0 0 0 0 0 0 0 13 0 0 56 227 246 141 14 0 6 9 0 0 8 0 0 0 0 0 0 0 0 0 0 0 0 14 0 0 0 0 31 186 240 111 14 0 1 3 2 0 7 0 0 0 0 0 0 0 0 0 0 0 0 0 0 9 12 8 0 0 0 5 0 5 0 0 7 2 0 0 0 0 0
0 0 0 0 0 0 0 0 0 0 0 0 0 0 0 0 0 0 0 0 0 0 0 0 0 0 0 0 0 0 0 0 0 0 0 0 0 0 0 0 0 0 0 0 0 0 0 0 0 0 0 0 0 0 0 0 0 0 0 0 0 0 0 0 0 0 0 0 0 0 0 0 0 0 0 0 0 0 0 0 0 0 0 0 0 0 0 0 0 0 0 0 0 0 0 0 0 0 0 0 0 0 0 0 0 0 0 0 0 0 0 0 0 0 0 0 0 0 0 0 0 0 0 0 0 0 0 0 0 0 0 0 0 0 0 0 0 0 0 0 0 0 0 0 0 0 0 0 0 0 0 0 0 0 0 0 0 0 0 0 0 0 0 0 0 0 0 0 0 0 0 0 0 0 0 0 0 0 0 0 0 0 0 0 0 0 0 0 0 0 0 0 0 0 0 0 0 0 0 0 0 0 0 0 0 0 0 0 0 0 0 0 0 0 0 0 0 0 0 0 0 0 0 0 0 7 0 75 203 147 71 145 147 75 108 117 106 69 134 154 159 231 245 60 1 0 0 12 0 0 0 0 0 2 82 209 255 247 244 255 255 234 255 252 244 234 255 252 250 255 254 121 0 13 6 0 0 0 0 0 0 3 132 247 223 177 166 140 162 166 175 167 163 172 173 147 157 230 254 141 0 4 0 0 0 0 0 0 9 0 12 35 12 0 1 8 0 0 0 1 0 4 0 0 6 191 255 120 6 0 0 9 0 0 0 0 3 0 0 0 2 0 0 3 1 5 0 7 0 5 0 14 0 200 255 109 8 5 1 1 0 0 0 0 8 0 0 4 0 0 10 0 0 9 0 3 0 6 0 2 29 213 254 130 0 2 0 0 0 0 0 0 0 0 7 11 0 0 4 0 0 7 5 2 0 6 2 0 39 237 255 110 0 3 7 4 0 0 0 0 0 8 0 0 3 2 0 3 3 0 0 0 0 0 3 0 39 255 253 26 2 0 0 0 0 0 0 0 0 0 0 0 0 0 0 0 0 0 0 0 0 0 0 0 31 255 247 39 0 0 0 0 0 0 0 0 0 0 0 0 0 0 0 0 0 0 0 0 0 0 0 0 63 253 225 19 0 1 1 1 0 0 0 0 0 0 0 0 0 0 0 0 0 0 0 0 0 0 0 0 129 247 205 3 0 2 3 0 0 0 0 0 0 0 0 0 0 0 0 0 0 0 0 0 0 0 0 0 200 254 193 1 0 2 3 0 0 0 0 0 0 0 0 0 0 0 0 0 0 0 0 0 0 0 0 0 234 255 169 2 0 1 3 0 0 0 0 0 0 0 0 0 0 0 0 0 0 0 0 0 0 0 0 0 231 247 130 0 0 0 4 3 0 0 0 0 0 0 0 0 0 0 0 0 0 0 0 0 0 0 0 0 227 251 96 0 0 0 3 2 0 0 0 0 0 0 0 0 0 0 0 0 0 0 0 0 0 0 0 0 233 255 82 1 2 2 1 0 0 0 0 0 0 0 0 0 0 0 0 0 0 0 0 0 0 0 0 0 238 245 94 0 3 0 0 2 0 0 0 0 0 0 0 0 0 0 0 0 0 0 0 0 0 0 0 0 228 243 100 0 0 0 0 1 0 0 0 0 0 0 0 0 0 0 0 0 0 0 0 0 0 0 0 0 224 249 117 0 0 0 0 0 0 0 0 0 0 0 0 0 0 0 0 0 0 0 0 0 0 0 0 0 229 255 141 1 0 0 0 0 0 0 0 0
2 2 0 0 0 0 2 2 0 1 3 3 2 1 0 0 0 0 0 0 0 0 0 0 0 0 0 0 0 0 1 8 8 1 0 0 0 0 0 0 0 0 2 3 0 0 0 0 0 0 0 0 0 0 0 0 4 0 0 4 4 0 0 4 2 1 0 0 0 0 3 4 0 0 0 0 0 0 0 0 0 0 0 0 3 1 0 0 0 0 1 3 0 0 0 0 1 0 0 0 0 0 0 0 0 0 0 0 0 0 0 0 0 3 6 0 0 6 3 0 2 0 0 5 5 2 2 5 0 0 0 0 0 0 0 0 0 0 0 0 0 2 0 0 0 0 2 0 9 1 0 0 0 0 0 0 0 0 0 0 0 0 0 0 0 0 0 0 5 0 1 11 11 1 0 5 0 0 0 4 7 1 1 7 0 0 0 0 0 0 0 0 0 0 0 0 0 0 23 63 63 23 0 0 0 3 24 53 67 64 63 68 0 0 0 0 0 0 0 0 0 0 0 0 10 0 215 254 255 231 229 230 224 233 216 255 249 251 255 240 159 1 0 13 0 5 0 0 0 0 0 0 0 21 39 158 240 255 246 249 252 241 238 255 249 250 240 255 245 54 0 2 4 2 0 7 0 0 0 0 0 11 0 0 153 80 129 96 88 8 0 0 0 0 8 184 255 147 0 0 0 6 1 0 0 0 0 0 0 9 0 7 0 6 0 0 0 0 15 0 1 11 14 168 243 234 14 6 0 0 10 0 0 0 0 0 3 0 22 0 6 0 11 0 6 1 0 0 2 0 0 133 255 255 80 15 10 0 0 5 0 0 0 0 2 5 0 0 4 0 4 0 0 23 0 0 0 10 0 5 234 241 174 0 0 5 0 6 0 0 0 0 0 12 0 1 0 0 0 9 2 1 0 10 6 7 0 0 152 235 237 4 0 14 4 0 0 0 0 0 8 0 13 9 0 7 0 1 3 0 3 4 0 6 2 2 98 254 253 93 0 0 4 0 0 0 0 0 0 0 0 0 0 0 0 0 0 0 0 0 0 0 0 0 10 223 247 129 5 0 8 0 0 0 0 0 0 0 0 0 0 0 0 0 0 0 0 0 0 0 0 0 0 128 255 192 13 6 0 16 0 0 0 0 0 0 0 0 0 0 0 0 0 0 0 0 0 0 0 0 5 108 244 225 20 0 10 0 0 0 0 0 0 0 0 0 0 0 0 0 0 0 0 0 0 0 0 0 4 40 255 255 95 16 5 0 0 0 0 0 0 0 0 0 0 0 0 0 0 0 0 0 0 0 0 0 0 0 209 255 172 0 0 14 0 0 0 0 0 0 0 0 0 0 0 0 0 0 0 0 0 0 0 0 2 14 125 236 220 29 0 0 0 0 0 0 0 0 0 0 0 0 0 0 0 0 0 0 0 0 0 0 0 0 107 244 255 217 6 1 0 0 0 0 0 0 0 0 0 0 0 0 0 0 0 0 0 0 0 0 2 3 50 255 250 247 0 0 0 0 0 0 0 0 0 0 0 0 0 0 0 0 0 0 0 0 0 0 0 0 17 146 255 255 0 2 0 0 0 0 0 0 0 0 0 0 0 0 0 0 0 0 0 0 0 0 0 3 0 74 238 240 5 3 0 0 0 0 0 0 0 0 0 0 0 0 0 0 0 0 0 0 0 0 2 0 0 0 42 45 0 0 0 0 0 0 0 0 0 0 0 0 0 0 0 0 0 0 0 0 0 0 7 0 14 7 0 0 16 2 0 0 0 0
0 0 0 0 0 0 0 0 0 0 0 0 0 0 0 0 0 0 0 0 0 0 0 0 0 0 0 0 0 0 0 0 0 0 0 0 0 0 0 0 0 0 0 0 0 0 0 0 0 0 0 0 0 0 0 0 0 0 0 0 0 0 0 0 0 0 0 0 0 0 0 0 0 0 0 0 0 0 0 0 0 0 0 0 0 0 0 0 0 0 0 0 0 0 0 0 0 0 0 0 0 0 0 0 0 0 0 0 0 0 0 0 0 0 0 0 0 0 0 0 0 0 0 0 0 0 0 0 0 0 0 0 0 0 0 0 0 0 0 0 0 0 0 0 0 0 0 0 0 0 0 0 0 0 0 0 0 0 0 0 0 0 0 0 0 0 0 0 0 0 0 0 0 0 0 0 0 0 0 0 0 0 0 0 0 0 0 0 0 0 0 0 0 0 0 0 0 0 0 0 0 0 0 0 0 0 0 0 0 0 0 0 0 0 0 0 0 0 0 0 0 0 0 0 0 0 106 15 0 13 0 0 0 0 2 7 3 0 0 0 0 11 0 0 15 0 11 1 0 0 0 0 0 10 234 254 255 190 155 168 169 163 154 150 152 158 161 163 183 200 101 0 0 3 0 5 0 0 0 0 7 0 100 172 235 255 246 248 250 252 252 254 255 255 255 242 239 255 216 4 2 5 12 0 0 0 0 0 0 0 0 11 24 106 121 123 112 119 120 113 110 102 73 41 83 241 238 0 13 0 0 0 0 0 0 0 0 0 13 0 0 0 3 0 0 0 0 0 2 13 9 0 38 237 255 115 0 12 12 4 0 0 0 0 1 0 0 0 8 3 3 0 6 9 5 0 0 0 1 0 0 210 248 139 0 0 0 1 0 0 0 0 0 13 0 4 0 10 0 9 0 0 0 0 2 4 4 3 0 120 255 193 7 0 15 0 0 0 0 0 6 0 7 0 18 0 0 0 12 3 0 0 1 0 0 0 4 102 255 229 0 3 0 7 0 0 0 0 0 0 0 0 0 0 0 0 0 0 0 0 0 0 0 0 0 35 255 235 0 9 0 5 0 0 0 0 0 0 0 0 0 0 0 0 0 0 0 0 0 0 0 0 0 38 250 244 0 3 1 0 0 0 0 0 0 0 0 0 0 0 0 0 0 0 0 0 0 0 0 0 1 43 243 248 0 0 8 0 0 0 0 0 0 0 0 0 0 0 0 0 0 0 0 0 0 0 0 0 0 42 248 240 0 0 6 4 0 0 0 0 0 0 0 0 0 0 0 0 0 0 0 0 0 0 0 0 0 36 255 238 4 0 0 4 0 0 0 0 0 0 0 0 0 0 0 0 0 0 0 0 0 0 0 0 0 32 251 254 67 7 0 0 0 0 0 0 0 0 0 0 0 0 0 0 0 0 0 0 0 0 0 0 1 18 201 255 138 4 2 0 0 0 0 0 0 0 0 0 0 0 0 0 0 0 0 0 0 0 0 0 0 0 140 248 175 0 9 0 0 0 0 0 0 0 0 0 0 0 0 0 0 0 0 0 0 0 0 0 12 0 101 255 252 3 7 0 0 0 0 0 0 0 0 0 0 0 0 0 0 0 0 0 0 0 0 0 0 11 39 217 254 128 0 4 0 0 0 0 0 0 0 0 0 0 0 0 0 0 0 0 0 0 0 0 0 13 0 155 243 239 8 0 0 0 0 0 0 0 0 0 0 0 0 0 0 0 0 0 0 0 0 0 0 3 6 14 0 22 0 23 0 0 0 0
0 0 0 0 0 0 0 0 0 0 0 0 0 0 0 0 0 0 0 0 0 0 0 0 0 0 0 0 0 0 0 0 0 0 0 0 0 0 0 0 0 0 0 0 0 0 0 0 0 0 0 0 0 0 0 0 0 0 0 0 0 0 0 0 0 0 0 0 0 0 0 0 0 0 0 0 0 0 0 0 0 0 0 0 0 0 0 0 0 0 0 0 0 0 0 0 0 0 0 0 0 0 0 0 0 0 0 0 0 0 0 0 0 0 0 0 0 0 0 0 0 0 0 0 0 0 0 0 0 0 0 0 0 0 0 0 0 0 0 0 0 0 0 0 0 0 0 0 0 0 0 0 0 0 0 0 0 0 0 0 0 0 0 0 0 0 0 0 0 0 0 0 0 0 0 0 0 0 0 0 0 0 0 0 0 0 0 0 0 0 0 0 0 0 0 0 0 0 0 0 0 0 0 0 0 0 0 0 0 0 0 0 0 0 0 0 0 0 0 0 0 0 0 0 12 86 41 2 0 0 13 0 2 4 12 5 82 133 82 88 2 0 0 9 0 5 0 0 0 0 0 0 0 22 0 0 7 4 11 0 0 0 66 248 255 236 234 237 231 155 38 45 131 0 18 0 0 0 0 0 1 4 0 0 12 0 0 0 49 144 255 120 86 0 28 64 163 221 244 255 251 0 0 0 0 0 0 0 6 0 4 2 6 2 0 36 205 247 53 0 0 22 0 3 0 119 244 243 134 12 3 0 0 0 0 0 0 0 9 0 0 5 2 41 203 120 6 5 12 0 6 0 10 194 255 182 0 0 0 15 0 0 0 0 7 0 9 0 0 5 0 1 16 0 15 0 0 12 21 0 123 247 191 91 0 17 0 0 0 0 0 0 0 0 0 0 0 9 3 0 0 16 0 0 11 0 0 4 255 234 77 7 0 0 0 9 0 0 0 0 3 0 3 4 0 0 0 0 0 0 2 1 4 0 0 139 244 114 0 0 0 8 0 1 0 0 0 0 0 0 0 0 0 0 0 0 0 0 7 5 0 11 46 248 209 25 0 1 0 8 0 13 0 0 0 0 0 0 0 0 0 0 0 0 12 8 0 2 13 17 150 247 63 0 5 6 0 14 0 0 0 0 0 0 0 0 0 0 0 0 0 0 0 0 0 5 2 154 237 195 0 0 9 1 0 5 0 0 0 0 0 0 0 0 0 0 0 0 0 0 0 3 0 7 187 253 205 0 7 7 0 0 0 0 0 6 0 0 0 0 0 0 0 0 0 0 0 0 14 0 5 68 246 200 29 17 3 7 0 0 10 0 0 3 0 0 0 0 0 0 0 0 0 0 0 0 0 10 0 242 214 96 0 1 0 5 0 0 2 0 0 0 0 0 0 0 0 0 0 0 0 0 0 0 3 30 176 252 68 0 0 3 1 2 5 0 0 0 0 2 0 0 0 0 0 0 0 0 0 0 0 0 3 91 240 199 5 7 6 0 10 0 0 3 3 5 0 1 0 0 0 0 0 0 0 0 0 0 0 0 3 157 255 145 13 0 0 11 0 0 0 0 0 0 0 0 0 0 0 0 0 0 0 0 0 0 0 0 0 36 75 39 2 1 0 0 0 0 0 0 0 0 0 0 0 0 0 0 0 0 0 0 0 0 0 0 6 0 0 0 5 12 2 6 0 0 0 0 0 0 0 0 0 0 0 0 0 0 0 0 0 0 0 0 1 5 8 0 0 0 1 5 0 0 0 0 0 0 0 0 0 0 0 0
0 0 0 0 0 0 0 0 3 0 0 0 1 0 0 4 0 0 2 0 2 5 1 0 0 0 0 0 0 0 0 0 0 0 0 0 0 2 10 11 3 0 0 0 4 4 1 0 0 0 4 6 0 0 0 0 0 0 0 0 0 0 0 0 5 2 0 0 0 4 8 7 0 0 0 2 0 0 0 2 0 0 0 0 0 0 0 0 0 0 0 0 0 0 0 0 0 2 0 0 5 2 3 8 6 0 0 0 0 0 0 0 0 0 0 0 0 0 0 0 0 5 8 4 0 2 7 11 0 0 0 0 0 3 5 8 0 0 0 0 0 0 0 0 0 0 0 0 9 0 0 0 0 0 0 0 6 8 7 4 3 2 0 0 0 0 0 0 0 0 0 0 0 0 0 0 2 0 0 7 9 0 0 8 0 0 1 0 0 0 7 4 0 0 0 0 0 0 0 0 0 0 0 0 9 13 19 15 5 33 125 216 233 219 164 80 19 0 0 0 0 0 0 0 0 9 0 148 29 39 149 142 222 255 254 255 253 247 255 247 244 255 255 242 104 10 0 6 0 0 0 0 3 0 7 240 251 243 255 252 255 255 240 246 242 208 175 108 103 122 239 255 196 15 0 2 0 0 0 0 2 2 6 171 255 255 237 187 209 182 109 71 44 17 16 0 0 5 218 255 253 15 1 0 0 0 0 0 0 0 0 5 48 76 56 10 0 8 1 7 0 0 0 0 0 0 206 248 245 11 0 3 0 0 0 0 14 3 13 0 0 0 3 0 10 5 0 0 1 0 6 8 8 3 204 249 251 8 0 4 0 0 0 0 1 0 3 2 1 0 5 0 0 0 0 1 5 2 0 0 0 27 217 255 255 9 1 0 0 0 0 0 0 0 1 0 2 5 7 0 4 5 8 0 0 0 0 4 5 124 244 255 199 7 1 0 0 0 0 0 0 12 0 0 11 0 0 8 0 0 2 0 2 11 2 0 52 242 255 238 96 3 0 0 0 0 0 0 0 0 0 0 0 0 0 0 0 2 0 0 0 6 8 0 64 255 246 197 16 0 0 8 0 0 0 0 0 0 0 0 0 0 0 0 0 2 2 0 0 2 0 34 206 252 255 136 15 0 0 0 0 0 0 0 0 0 0 0 0 0 0 0 0 0 3 0 3 5 0 114 255 247 223 45 4 0 9 0 0 0 0 0 0 0 0 0 0 0 0 0 0 0 4 0 2 2 0 181 242 255 111 0 0 0 11 3 0 0 0 0 0 0 0 0 0 0 0 0 1 1 3 0 0 0 35 218 251 229 34 4 0 1 2 0 0 0 0 0 0 0 0 0 0 0 0 0 1 0 0 2 0 11 123 250 255 101 0 10 0 1 1 0 0 0 0 0 0 0 0 0 0 0 0 0 0 0 0 7 0 29 217 255 211 0 0 0 0 0 5 0 0 0 0 0 0 0 0 0 0 0 0 0 5 2 0 6 0 27 255 247 154 0 8 0 6 0 2 0 0 0 0 0 0 0 0 0 0 0 0 0 0 5 2 0 0 26 255 247 67 0 4 0 11 3 0 9 0 0 0 0 0 0 0 0 0 0 0 0 0 0 4 7 0 20 234 255 233 244 213 50 0 16 12 0 0 0 0 0 0 0 0 0 0 0 0 0 14 2 0 0 0 19 183 244 255 136 46 0 0 0 0 16 0 0 0 0 0 0 0 0 0 0 0 0 0 0 4 22 4 0 0 0 0 0 16 0 0 11 0 0 0 0 0 0
0 0 0 0 0 0 0 0 0 0 0 0 0 0 0 0 0 0 0 0 0 0 0 0 0 0 0 0 0 0 0 0 0 0 0 0 0 0 0 0 0 0 0 0 0 0 0 0 0 0 0 0 0 0 0 0 0 0 0 0 0 0 0 0 0 0 0 0 0 0 0 0 0 0 0 0 0 0 0 0 0 0 0 0 0 0 0 0 0 0 0 0 0 0 0 0 0 0 0 0 0 0 0 0 0 0 0 0 0 0 0 0 0 0 0 0 0 0 0 0 0 0 0 0 0 0 0 0 0 0 0 0 0 0 0 0 0 0 0 0 0 0 0 0 0 0 0 0 0 0 0 0 0 0 0 0 0 0 0 0 0 0 0 0 0 0 0 0 0 0 0 0 0 0 0 0 0 0 0 0 0 0 0 0 0 0 0 0 0 0 0 0 0 0 0 0 0 0 0 0 0 0 0 0 0 0 0 0 0 0 0 0 0 0 0 0 0 0 0 0 0 0 0 0 0 13 0 0 3 5 0 0 0 8 4 0 0 0 0 2 7 0 6 1 0 6 3 0 0 0 0 0 6 0 12 0 0 6 0 5 0 16 2 14 62 59 70 144 136 139 126 238 144 176 73 9 0 0 0 0 1 0 2 89 120 160 174 214 225 200 217 237 230 248 255 250 241 255 255 255 255 242 239 0 0 0 0 0 6 11 0 242 254 255 242 255 244 255 255 255 255 252 248 255 255 248 251 231 255 255 223 5 0 0 0 0 0 0 0 242 255 255 248 255 244 189 160 180 178 121 83 92 28 15 118 255 240 200 3 0 0 0 0 0 6 0 0 74 87 108 104 134 176 73 15 8 0 0 16 9 9 80 252 243 247 20 1 9 0 0 0 0 4 0 15 0 4 8 0 1 11 71 53 7 11 0 0 5 8 235 255 241 87 3 0 0 0 0 0 0 0 13 0 0 1 3 0 0 0 10 6 0 0 6 4 2 183 253 247 90 3 0 7 3 0 0 0 0 0 0 0 0 0 0 0 0 2 0 6 0 1 2 0 132 255 243 74 0 3 6 0 1 0 0 0 0 0 0 0 0 0 0 0 0 1 1 0 0 0 0 80 235 252 137 30 0 0 7 0 0 0 0 0 0 0 0 0 0 0 0 0 0 4 7 0 29 0 0 127 251 254 38 0 1 0 8 0 2 0 0 0 0 0 0 0 0 0 0 0 0 10 0 1 0 10 0 194 255 225 5 0 8 0 1 5 3 0 0 0 0 0 0 0 0 0 0 0 0 0 1 10 0 8 88 238 253 129 4 0 4 0 0 6 0 0 0 0 0 0 0 0 0 0 0 0 0 0 13 1 0 76 224 255 170 24 3 0 1 1 0 5 0 0 0 0 0 0 0 0 0 0 0 0 0 11 0 0 0 204 255 255 87 0 4 0 1 1 6 0 2 0 0 0 0 0 0 0 0 0 0 0 0 0 7 0 133 255 255 141 0 2 6 0 0 0 9 0 3 0 0 0 0 0 0 0 0 0 0 0 0 0 9 0 239 255 255 37 0 0 0 0 0 0 0 0 0 0 0 0 0 0 0 0 0 0 0 0 0 8 0 2 217 246 177 6 6 0 0 0 0 0 0 0 0 0 0 0 0 0 0 0 0 0 0 0 0 4 0 5 95 127 75 0 0 0 0 0 0 0 0 0 0 0 0 0 0 0 0 0 0 0 0 0 0 0 6 2 0 8 7 2 0 0 0 0 0 0 0 0 0 0 0 0 0
0 0 0 0 0 0 0 0 0 0 0 0 0 0 0 0 0 0 0 0 0 0 0 0 0 0 0 0 0 0 0 0 0 0 0 0 0 0 0 0 0 0 0 0 0 0 0 0 0 0 0 0 0 0 0 0 0 0 0 0 0 0 0 0 0 0 0 0 0 0 0 0 0 0 0 0 0 0 0 0 0 0 0 0 0 0 0 0 0 0 0 0 0 0 0 0 0 0 0 0 0 0 0 0 0 0 0 0 0 0 0 0 0 0 0 0 0 0 0 0 0 0 0 0 0 0 0 0 0 0 0 0 0 0 0 0 0 0 0 0 0 0 0 0 0 0 0 0 0 0 0 0 0 0 0 0 0 0 0 0 0 0 0 0 0 0 0 0 0 0 0 0 0 0 0 0 0 0 0 0 0 0 0 0 0 0 0 0 0 0 0 0 0 0 0 0 0 0 0 0 0 0 0 0 0 0 0 0 0 0 0 0 0 0 0 0 0 0 0 0 0 0 0 0 3 0 7 0 0 7 0 222 211 160 168 163 108 74 68 73 96 81 129 145 255 228 32 0 0 0 0 0 2 0 2 7 0 4 2 223 255 241 249 255 255 255 245 255 250 249 255 255 253 251 86 10 0 0 0 0 3 0 0 8 0 0 0 142 249 255 253 234 251 255 241 255 250 255 244 251 250 253 36 0 0 0 0 0 1 9 0 0 0 7 0 27 58 118 140 87 51 54 81 139 126 219 255 238 237 94 0 0 0 0 0 0 0 9 0 0 0 11 1 0 0 0 1 0 0 13 11 5 61 253 250 255 88 0 0 5 0 0 0 0 1 3 0 5 0 0 0 2 3 0 14 10 0 0 0 0 140 248 240 76 16 0 3 0 0 0 0 0 2 1 1 1 0 0 0 6 1 0 0 0 8 0 1 51 240 255 175 0 0 24 0 18 0 0 0 0 0 1 4 0 2 11 1 0 0 10 4 0 4 0 28 160 255 202 12 5 0 7 4 0 0 0 0 0 0 0 0 0 0 0 0 0 1 3 0 6 1 17 237 255 255 125 20 1 0 0 6 0 0 0 0 0 0 0 0 0 0 0 0 0 0 7 11 0 3 104 255 244 145 46 0 0 0 2 8 0 0 0 0 0 0 0 0 0 0 0 0 0 0 6 0 0 16 199 255 228 41 0 0 2 2 2 4 0 0 0 0 0 0 0 0 0 0 0 0 0 8 5 1 0 79 250 254 171 10 0 0 8 1 0 1 0 0 0 0 0 0 0 0 0 0 0 0 0 0 0 6 0 157 252 226 47 0 0 2 2 0 0 3 1 0 0 0 0 0 0 0 0 0 0 0 0 9 2 4 110 239 255 156 2 0 0 1 0 0 0 0 0 0 0 0 0 0 0 0 0 0 0 0 0 0 0 0 201 244 192 32 0 0 4 2 1 4 1 0 0 0 0 0 0 0 0 0 0 0 0 0 0 1 0 84 227 255 129 5 4 0 1 0 0 4 0 0 5 0 0 0 0 0 0 0 0 0 0 0 0 9 0 127 255 228 13 0 1 0 0 0 0 0 0 0 0 0 0 0 0 0 0 0 0 0 0 0 0 0 0 212 255 215 9 0 0 0 0 0 0 0 0 0 0 0 0 0 0 0 0 0 0 0 0 0 0 0 4 254 237 140 2 0 3 0 0 0 0 0 0 0 0 0 0 0 0 0 0 0 0 0 0 0 0 2 2 228 203 60 4 0 2 0 0 0 0 0 0 0 0 0 0 0 0
0 0 0 0 0 0 0 0 0 0 7 0 3 1 0 11 0 3 3 0 0 1 3 0 0 0 0 0 0 0 0 0 0 0 0 0 1 0 4 0 0 14 3 0 0 0 0 0 0 0 0 0 0 0 0 0 0 0 0 0 0 0 0 0 3 0 2 4 0 2 7 7 3 0 0 3 7 6 4 4 0 0 0 0 0 0 0 0 0 0 0 0 5 0 3 4 0 0 0 0 0 0 0 1 1 0 0 0 0 0 0 0 0 0 0 0 0 0 0 0 0 11 0 0 11 13 4 4 3 3 5 5 0 0 0 0 0 0 0 0 0 0 0 0 0 0 0 0 0 5 0 2 3 0 0 2 0 0 1 0 0 0 4 4 0 0 0 0 0 0 0 0 0 0 0 0 5 4 0 1 0 5 26 0 0 4 0 0 0 5 4 0 0 0 0 0 0 0 0 0 0 0 0 0 0 7 5 0 33 180 215 46 56 54 37 16 17 29 18 0 0 0 0 0 0 4 3 0 1 1 0 0 5 4 0 0 193 255 240 224 248 255 232 213 220 242 142 0 0 0 0 0 7 0 0 0 0 1 3 6 0 1 10 0 224 255 239 255 251 253 254 255 253 255 116 9 0 0 0 0 4 0 0 9 2 0 0 0 11 0 11 142 251 255 255 152 142 90 117 241 247 210 30 0 0 0 0 0 0 0 9 13 0 0 0 0 0 4 88 247 254 255 51 0 0 5 140 255 255 111 0 0 0 0 0 0 2 2 2 0 0 1 8 5 0 50 234 255 255 136 22 1 11 120 255 255 216 30 12 0 0 0 0 0 2 4 0 0 5 3 0 0 0 164 255 246 212 12 2 0 71 235 255 235 87 6 0 0 0 0 0 0 0 5 0 0 14 0 0 30 216 255 254 204 0 19 0 12 85 255 255 214 19 6 0 17 0 0 0 0 0 9 0 0 6 0 19 126 252 255 243 74 16 0 7 0 153 255 246 63 0 0 12 0 0 0 0 0 0 1 5 0 3 6 16 226 255 234 74 5 0 15 0 183 251 255 125 2 0 2 0 0 0 0 0 0 6 0 0 0 0 2 0 99 232 102 17 0 2 0 45 233 255 172 27 2 7 0 9 1 0 0 0 0 3 0 0 5 0 5 0 4 7 10 0 4 6 0 199 251 240 47 0 1 0 5 0 11 0 0 0 0 0 0 1 5 0 1 7 0 0 6 0 14 0 135 252 255 141 0 7 6 0 17 0 7 0 0 0 0 0 12 0 0 0 0 0 3 0 10 11 0 76 241 255 162 16 5 0 8 0 0 17 0 0 0 0 0 0 10 0 0 14 0 0 5 0 6 5 4 172 249 233 68 0 11 0 0 5 0 5 0 0 0 0 0 0 0 2 0 15 4 0 5 22 0 16 188 255 255 40 3 4 2 7 0 3 9 0 6 0 0 0 0 1 0 17 0 0 0 0 0 0 12 85 255 255 115 0 0 0 10 0 0 6 0 6 3 0 0 0 0 0 0 0 0 0 0 0 0 5 51 250 255 159 0 17 0 0 0 0 0 0 0 0 0 0 0 0 0 0 0 0 0 0 0 0 0 18 197 255 219 0 17 0 1 0 0 0 0 0 0 0 0 0 0 0 0 0 0 0 0 0 0 0 0 128 245 251 114 8 0 2 0 0 0 0 0 0 0 0 0 0 0 0 0 0 0 0 0 0 0 0 0 0 11 10 0 0 0 0 7 0 0 0 0 0 0 0 0 0 0 0 0
0 0 0 0 0 0 0 0 0 0 0 0 0 0 0 0 0 4 16 0 0 0 6 0 0 0 0 0 0 0 0 0 0 0 0 0 0 0 0 0 0 0 0 0 10 0 0 3 1 3 0 9 0 0 0 0 0 0 0 0 0 0 0 0 0 0 0 0 0 0 0 0 0 0 0 0 0 0 0 0 0 0 0 0 0 0 0 0 0 0 0 0 0 0 0 0 0 0 0 0 7 3 14 0 6 0 9 7 0 0 0 0 0 0 0 0 0 0 0 0 0 0 0 0 0 0 0 0 0 0 0 5 9 0 0 0 0 0 0 0 0 0 0 0 0 0 0 0 0 0 0 0 0 0 0 0 1 9 0 0 0 15 4 0 0 0 0 0 0 0 0 0 0 0 0 0 0 0 0 0 0 0 0 0 2 0 11 3 8 0 0 0 0 0 0 0 0 0 0 0 0 0 0 0 0 0 0 0 0 0 0 0 9 0 127 183 217 16 0 5 0 0 0 0 0 7 0 1 0 0 1 0 3 0 0 13 31 0 5 52 74 180 251 255 222 0 17 0 0 0 0 0 2 9 0 0 0 5 1 15 0 39 72 181 222 205 203 243 242 255 251 240 242 2 0 27 0 0 0 0 0 4 0 3 4 12 0 37 133 229 252 244 255 242 248 209 143 24 211 245 118 4 0 0 0 0 0 0 3 3 0 0 0 13 2 144 239 255 247 255 208 41 2 3 0 10 195 255 105 5 3 4 0 0 0 0 2 0 4 7 0 0 6 207 255 253 119 85 5 14 0 0 22 65 249 231 0 0 0 4 0 0 0 0 0 0 6 11 0 0 33 242 255 137 0 0 0 4 0 6 0 220 252 146 0 0 11 3 0 0 0 0 8 0 0 0 0 12 73 251 237 55 1 2 26 0 0 0 37 255 244 44 0 24 0 0 0 0 0 0 0 0 8 1 7 0 0 104 104 0 4 1 0 0 11 4 207 247 159 0 0 0 10 1 0 0 0 0 0 0 0 0 0 0 0 0 0 10 0 0 14 0 2 113 255 230 65 2 0 0 7 1 0 0 0 0 0 0 0 0 0 0 0 0 2 0 6 0 5 2 0 155 245 223 17 0 0 5 1 1 0 0 0 0 0 0 0 0 0 0 0 0 7 0 0 0 20 0 34 242 246 137 0 0 0 5 0 1 0 0 0 0 0 0 0 0 0 0 0 0 2 0 13 10 0 10 200 252 235 9 15 4 0 0 0 1 0 0 0 0 0 0 0 0 0 0 0 0 0 1 0 3 0 61 235 254 153 0 18 7 0 0 2 0 0 0 0 0 0 0 0 0 0 0 0 0 16 19 0 7 23 184 252 254 37 0 0 0 0 3 4 0 0 0 0 0 0 0 0 0 0 0 0 0 0 0 6 0 21 251 255 91 0 21 0 0 5 1 3 0 0 0 0 0 0 0 0 0 0 0 0 0 0 16 0 18 204 255 183 19 4 0 7 0 12 0 1 0 0 0 0 0 0 0 0 0 0 0 0 0 0 7 5 108 247 255 53 2 0 0 0 0 0 0 0 0 0 0 0 0 0 0 0 0 0 0 0 0 10 0 0 124 255 254 54 6 0 0 0 0 0 0 0 0 0 0 0 0 0 0 0 0 0 0 0 0 11 0 2 129 227 197 24 0 0 0 0 0 0 0 0 0 0 0 0 0 0 0 0 0 0 0 0 0 0 0 0 5 0 3 0 22 0 0 0 0 0 0 0 0 0 0 0 0
0 0 0 0 0 0 0 0 0 3 2 0 0 3 1 0 0 0 0 0 0 0 3 8 0 0 0 0 0 0 0 0 0 0 0 0 2 4 0 0 0 0 0 0 2 8 0 0 22 11 0 0 0 0 0 0 0 0 0 0 0 0 0 0 0 0 4 4 4 6 8 8 0 0 10 0 1 0 0 0 0 0 0 0 0 0 0 0 0 0 0 0 0 0 2 2 1 0 0 0 9 0 6 1 0 0 25 0 0 0 0 0 0 0 0 0 0 0 0 0 4 0 0 0 0 3 4 5 9 0 14 7 0 0 2 0 0 0 0 0 0 0 0 0 0 0 0 0 0 0 0 2 5 2 0 0 0 5 0 0 4 5 0 15 0 0 0 0 0 0 0 0 0 0 0 0 1 0 1 2 0 0 0 0 7 0 0 18 0 5 0 0 0 0 0 0 0 0 0 0 0 0 0 0 0 0 0 0 7 33 77 115 149 161 247 249 22 0 20 0 0 0 0 0 4 0 10 0 0 8 0 1 0 90 120 198 204 233 253 255 247 250 245 255 57 9 0 10 0 0 0 0 2 0 5 0 5 0 8 106 151 195 251 255 241 211 117 84 74 234 253 131 0 0 8 0 0 0 0 0 0 3 4 0 3 0 8 132 252 244 240 162 60 21 0 13 42 230 220 43 4 0 5 0 0 0 0 0 0 5 6 0 0 0 0 50 206 88 0 11 12 0 0 0 90 255 220 16 5 0 8 3 0 0 0 0 0 0 3 0 0 10 4 0 0 10 1 0 0 15 24 0 179 242 129 5 5 0 0 7 0 0 0 0 10 0 0 9 0 0 8 0 5 0 11 7 0 0 0 70 255 190 20 0 13 0 0 3 0 0 0 0 9 0 0 6 0 0 0 0 5 0 13 3 0 8 4 139 243 197 26 0 0 3 8 2 0 0 0 0 0 7 0 0 10 3 0 0 0 8 0 7 0 0 11 134 255 170 0 1 11 0 0 3 0 0 0 0 0 0 0 0 0 0 0 0 2 0 10 0 11 0 100 249 181 2 0 7 0 0 7 1 0 0 0 0 0 0 0 0 0 0 0 0 1 1 10 0 0 16 190 255 158 13 3 6 0 0 4 0 0 0 0 0 0 0 0 0 0 0 0 0 1 0 10 13 0 15 231 249 84 0 1 0 0 2 2 1 0 0 0 0 0 0 0 0 0 0 0 0 3 0 4 0 0 135 255 125 11 0 0 0 1 9 0 0 0 0 0 0 0 0 0 0 0 0 0 0 1 2 3 0 31 233 246 54 0 2 7 0 1 9 0 0 0 0 0 0 0 0 0 0 0 0 0 0 0 0 1 2 81 231 152 38 0 11 2 0 0 5 0 4 0 0 0 0 0 0 0 0 0 0 0 0 0 9 0 0 164 246 83 0 0 5 0 0 0 4 0 6 0 0 0 0 0 0 0 0 0 0 0 0 0 0 0 46 255 216 26 10 0 5 0 10 0 5 0 0 0 0 0 0 0 0 0 0 0 0 0 0 6 0 5 37 248 131 0 5 0 0 0 0 0 0 0 0 0 0 0 0 0 0 0 0 0 0 0 0 0 9 0 154 255 186 0 0 0 0 0 0 0 0 0 0 0 0 0 0 0 0 0 0 0 0 0 0 7 0 25 73 211 48 13 0 0 0 0 0 0 0 0 0 0 0 0 0 0 0 0 0 0 0 0 0 1 6 0 15 14 0 0 9 0 0 0 0 0 0 0 0 0 0 0 0
0 0 0 0 0 0 0 0 0 0 0 0 0 0 0 0 0 0 0 0 0 0 0 0 0 0 0 0 0 0 0 0 0 0 0 0 0 0 0 0 0 0 0 0 0 0 0 0 0 0 0 0 0 0 0 0 0 0 0 0 0 0 0 0 0 0 0 0 0 0 0 0 0 0 0 0 0 0 0 0 0 0 0 0 0 0 0 0 0 0 0 0 0 0 0 0 0 0 0 0 0 0 0 0 0 0 0 0 0 0 0 0 0 0 0 0 0 0 0 0 0 0 0 0 0 0 0 0 0 0 0 0 0 0 0 0 0 0 0 0 0 0 0 0 0 0 0 0 0 0 0 0 0 0 0 0 0 0 0 0 0 0 0 0 0 0 0 0 0 0 0 0 0 0 0 0 0 0 0 0 0 0 0 0 0 0 0 0 0 0 0 0 0 0 0 0 0 0 0 0 0 0 0 0 0 0 0 0 0 0 0 0 0 0 0 0 0 0 0 0 0 0 0 0 3 0 0 10 0 2 2 0 4 3 1 0 0 0 0 2 0 0 14 2 6 0 8 0 0 0 0 0 5 3 1 0 33 52 62 58 52 39 22 10 5 2 0 0 0 0 1 0 0 23 44 37 0 0 0 0 0 0 5 0 255 254 251 255 255 252 240 236 233 222 202 185 191 143 183 222 233 227 255 253 0 0 0 0 18 0 0 0 226 81 68 146 141 146 160 186 212 225 222 214 213 221 234 198 254 255 190 50 0 0 0 0 0 1 16 0 0 0 6 1 2 0 0 0 2 6 7 5 12 0 0 160 249 170 9 3 0 0 0 0 14 0 0 11 0 2 11 1 4 4 3 0 0 0 0 0 2 4 168 248 255 43 1 5 0 0 0 0 0 8 14 0 6 0 0 0 0 0 3 7 6 2 0 0 0 125 244 243 58 0 0 0 0 0 0 0 1 2 0 0 0 3 0 3 3 1 0 0 0 0 0 0 101 254 253 58 12 0 7 0 0 0 0 0 0 0 0 0 0 0 0 0 7 0 4 3 0 13 8 132 245 236 15 0 4 0 0 5 0 0 0 0 0 0 0 0 0 0 0 0 0 1 0 0 11 0 119 255 238 54 0 14 0 6 6 0 0 0 0 0 0 0 0 0 0 0 0 0 0 0 1 1 8 92 251 255 118 0 12 0 0 6 0 0 0 0 0 0 0 0 0 0 0 0 0 0 0 11 0 0 46 253 252 106 0 0 20 0 6 0 0 7 0 0 0 0 0 0 0 0 0 0 0 0 0 10 0 11 192 240 133 0 0 0 0 9 4 0 10 0 0 0 0 0 0 0 0 0 0 0 0 0 0 5 14 200 233 128 9 0 9 0 0 11 0 5 1 0 0 0 0 0 0 0 0 0 0 0 0 0 8 0 167 255 192 0 12 0 0 10 8 0 0 8 0 5 0 0 0 0 0 0 0 0 0 0 0 0 0 60 235 242 28 5 0 1 0 3 0 7 3 0 11 0 0 0 0 0 0 0 0 0 0 0 0 0 0 187 253 122 7 0 0 6 0 0 0 0 0 0 0 0 0 0 0 0 0 0 0 0 0 0 0 0 20 231 193 7 0 29 0 0 0 0 0 0 0 0 0 0 0 0 0 0 0 0 0 0 0 0 0 0 5 50 21 0 0 0 0 5 0 0 0 0 0 0 0 0 0 0 0 0 0 0 0 0 0 0 0 0 12 0 0 26 3 2 17 0 0 0 0 0 0 0 0 0 0 0 0 0
0 0 0 0 0 0 0 0 0 0 0 0 0 0 0 0 0 0 0 0 0 0 0 0 0 0 0 0 0 0 0 0 0 0 0 0 0 0 0 0 0 0 0 0 0 0 0 0 0 0 0 0 0 0 0 0 0 0 0 0 0 0 0 0 0 0 0 0 0 0 0 0 0 0 0 0 0 0 0 0 0 0 0 0 0 0 0 0 0 0 0 0 0 0 0 0 0 0 0 0 0 0 0 0 0 0 0 0 0 0 0 0 0 0 0 0 0 0 0 0 0 0 0 0 0 0 0 0 0 0 0 0 0 0 0 0 0 0 0 0 0 0 0 0 0 0 0 0 0 0 0 0 0 0 0 0 0 0 0 0 0 0 0 0 0 0 0 0 0 0 0 0 0 0 0 0 0 0 0 0 0 0 0 0 0 0 0 0 0 0 0 0 0 0 0 0 0 0 0 0 0 0 0 0 0 0 0 0 0 0 0 0 0 0 0 0 0 0 0 0 0 0 0 0 10 0 0 22 35 33 34 41 46 0 21 30 35 36 0 6 31 42 8 1 7 2 0 0 0 0 0 0 0 0 114 231 245 247 255 246 234 197 225 250 255 250 191 171 255 255 195 171 52 0 9 9 0 0 0 0 0 9 132 255 255 251 255 255 255 243 243 250 249 251 252 249 253 251 255 242 225 68 1 0 0 0 0 0 16 0 0 54 106 85 45 40 161 170 165 172 163 162 191 187 116 183 254 255 250 179 0 0 0 0 0 0 0 7 7 10 11 0 0 18 0 6 0 8 8 2 18 0 0 0 142 246 248 148 4 13 0 0 0 0 2 0 0 0 0 6 13 0 1 8 0 0 0 0 12 0 10 32 158 248 255 44 0 0 0 0 0 0 5 0 9 5 0 0 6 0 0 0 7 12 0 0 6 0 0 196 235 246 141 6 0 8 0 0 0 0 0 14 0 0 10 3 0 5 11 0 0 0 0 4 4 0 37 203 255 255 84 0 4 5 0 0 0 0 0 0 0 0 0 0 0 0 1 0 0 13 0 5 2 0 174 250 255 210 18 0 0 0 0 0 0 0 0 0 0 0 0 0 0 0 0 19 0 0 0 8 0 64 255 255 228 26 7 16 0 2 0 0 0 0 0 0 0 0 0 0 0 0 0 6 0 1 16 0 36 180 247 245 145 1 0 0 0 5 0 0 0 0 0 0 0 0 0 0 0 0 14 0 0 3 0 7 172 255 255 142 7 14 0 1 2 1 0 0 0 0 0 0 0 0 0 0 0 0 0 0 0 4 0 146 255 242 217 17 0 0 8 7 0 0 0 0 0 0 0 0 0 0 0 0 0 0 0 0 6 3 31 248 255 252 48 0 20 0 7 0 0 0 0 0 0 0 0 0 0 0 0 0 0 0 13 1 0 3 116 251 245 217 0 12 0 2 0 1 15 0 0 0 0 0 0 0 0 0 0 0 0 0 0 0 15 54 255 255 247 43 10 0 7 15 0 13 0 0 0 0 0 0 0 0 0 0 0 0 0 0 7 0 12 90 173 182 104 20 0 0 0 0 0 0 0 0 0 0 0 0 0 0 0 0 0 0 0 0 0 0 0 0 0 0 0 0 0 0 0 0 0 0 0 0 0 0 0 0 0 0 0 0 0 0 0 0 8 1 0 1 9 12 6 0 0 0 0 0 0 0 0 0 0 0 0 0 0 0 0 0 0 0 0 0 0 0 0 0 0 0 0 1 0 0 0 0 0 0 0 0 0 0 0 0
0 0 0 0 0 0 0 0 0 0 0 0 0 0 0 0 11 0 0 2 7 0 0 4 0 0 0 0 0 0 0 0 0 0 0 0 0 0 0 0 0 0 0 0 0 4 16 7 0 1 0 0 0 0 0 0 0 0 0 0 0 0 0 0 0 0 0 0 0 0 0 0 6 0 0 0 0 22 0 7 0 0 0 0 0 0 0 0 0 0 0 0 0 0 0 0 0 0 0 0 5 4 0 0 0 0 0 0 0 0 0 0 0 0 0 0 0 0 0 0 0 0 0 0 0 0 0 0 0 8 2 0 10 1 16 0 0 0 0 0 0 0 0 0 0 0 0 0 0 0 0 0 0 0 0 0 2 0 0 2 4 0 0 5 0 0 0 0 0 0 0 0 0 0 0 0 0 0 0 0 0 0 0 0 3 1 8 10 0 22 0 7 0 0 0 0 0 0 0 0 0 0 0 0 0 0 0 0 0 0 0 0 0 1 0 1 51 240 91 0 0 0 0 0 1 0 0 0 6 0 0 1 0 21 0 0 21 98 188 221 164 130 160 159 227 240 69 0 0 0 0 0 0 7 5 0 0 0 0 10 0 0 54 223 255 240 218 216 229 255 201 234 255 112 0 0 0 0 0 0 0 11 8 0 0 3 0 0 26 2 205 248 164 47 3 10 33 45 60 247 215 9 12 0 0 0 0 0 2 6 0 0 4 4 0 0 0 184 255 165 1 0 16 0 7 0 220 246 50 0 0 9 0 0 0 0 5 0 0 0 6 0 1 20 176 255 223 0 8 10 0 7 2 160 255 124 0 11 13 0 0 0 0 0 0 0 0 3 1 0 15 59 255 180 11 0 10 0 0 4 82 255 223 31 0 5 0 7 0 0 0 0 0 2 1 2 0 0 10 42 102 10 10 0 0 10 11 56 252 231 51 0 15 0 9 0 0 0 0 0 0 3 0 0 5 1 0 0 1 0 0 1 1 3 9 199 248 79 10 0 0 10 0 4 0 0 0 0 0 0 0 0 0 0 0 0 7 0 0 1 0 0 179 255 141 11 0 2 0 13 0 0 0 0 0 0 0 0 0 0 0 0 0 0 0 3 4 7 0 33 251 208 53 0 0 3 0 7 0 4 0 0 0 0 0 0 0 0 0 0 0 0 14 0 10 0 50 195 255 71 0 0 13 3 0 3 0 4 0 0 0 0 0 0 0 0 0 0 0 0 0 14 0 15 161 249 172 0 4 2 10 0 0 6 0 0 0 0 0 0 0 0 0 0 0 0 0 0 0 4 4 94 239 207 9 10 5 0 0 0 3 5 0 2 0 0 0 0 0 0 0 0 0 0 0 0 3 0 25 244 220 47 1 0 0 0 0 3 7 0 0 6 0 0 0 0 0 0 0 0 0 0 0 0 0 15 189 241 75 0 3 5 1 4 4 9 4 0 0 0 0 0 0 0 0 0 0 0 0 0 0 0 1 136 255 82 0 15 4 0 1 1 0 0 0 1 8 0 0 0 0 0 0 0 0 0 0 0 0 0 41 226 214 9 7 6 0 0 0 0 0 0 0 0 0 0 0 0 0 0 0 0 0 0 0 0 0 0 176 230 49 0 0 0 4 13 0 0 0 0 0 0 0 0 0 0 0 0 0 0 0 0 0 0 0 0 187 201 10 13 12 0 4 0 0 0 0 0 0 0 0 0 0 0 0 0 0 0 0 0 0 0 0 0 0 16 0 0 7 5 11 0 0 0 0 0 0 0 0 0 0 0 0 0
0 0 0 0 0 0 0 0 0 0 0 0 0 0 0 0 0 0 0 0 0 0 0 0 0 0 0 0 0 0 0 0 0 0 0 0 0 0 0 0 0 0 0 0 0 0 0 0 0 0 0 0 0 0 0 0 0 0 0 0 0 0 0 0 0 0 0 0 0 0 0 0 0 0 0 0 0 0 0 0 0 0 0 0 0 0 0 0 0 0 0 0 0 0 0 0 0 0 0 0 0 0 0 0 0 0 0 0 0 0 0 0 0 0 0 0 0 0 0 0 0 0 0 0 0 0 0 0 0 0 0 0 0 0 0 0 0 0 0 0 0 0 0 0 0 0 0 0 0 0 0 0 0 0 0 0 0 0 0 0 0 0 0 0 0 0 0 0 0 0 0 0 0 0 0 0 0 0 0 0 0 0 0 0 0 0 0 0 0 0 0 0 0 0 0 0 0 0 0 0 0 0 0 0 0 0 0 0 0 0 0 0 0 0 0 0 0 0 0 0 0 0 0 0 0 0 57 245 255 244 85 55 128 136 122 1 130 120 135 123 136 111 12 10 0 0 3 0 0 0 0 0 0 8 122 255 246 254 231 255 235 255 255 234 255 255 255 255 255 255 253 174 16 4 11 1 0 0 0 0 7 0 76 231 253 255 253 254 255 248 248 255 242 255 244 248 251 255 255 254 125 0 0 0 0 0 0 0 6 0 0 10 6 0 6 61 67 6 0 1 7 10 8 2 0 80 234 255 204 0 17 0 0 0 0 0 0 6 0 0 11 0 0 2 10 0 5 0 8 0 0 2 5 0 255 246 190 0 0 5 0 0 0 0 0 0 11 2 0 0 23 0 0 0 9 0 7 6 0 7 4 2 243 255 243 17 0 0 0 0 0 0 0 0 0 3 0 0 16 0 3 2 1 0 0 11 0 0 0 152 249 240 145 0 9 0 0 0 0 0 0 16 0 0 19 0 0 8 8 0 9 0 0 0 4 0 7 183 255 255 58 0 0 2 0 0 0 0 0 0 0 0 0 0 0 0 5 0 0 0 2 3 0 0 0 255 255 250 1 2 0 5 0 0 0 0 0 0 0 0 0 0 0 0 0 1 3 1 0 0 4 5 134 252 240 130 17 0 18 0 0 0 0 0 0 0 0 0 0 0 0 0 0 4 0 3 0 0 1 0 182 255 255 124 7 17 0 0 0 0 0 0 0 0 0 0 0 0 0 0 0 5 0 3 1 0 0 0 255 249 255 0 0 5 0 5 0 0 0 0 0 0 0 0 0 0 0 0 0 6 0 4 0 1 0 71 251 255 255 10 21 0 6 6 0 0 0 0 0 0 0 0 0 0 0 0 0 5 4 3 0 0 11 184 255 255 44 7 0 5 0 0 0 0 0 0 0 0 0 0 0 0 0 0 0 0 5 0 0 1 2 253 249 255 0 7 0 0 13 10 0 0 0 0 0 0 0 0 0 0 0 0 7 0 0 0 7 6 0 255 255 251 10 0 4 0 0 0 0 0 0 0 0 0 0 0 0 0 0 0 11 0 0 0 2 0 131 245 255 122 0 0 7 0 0 1 0 0 0 0 0 0 0 0 0 0 0 0 0 0 6 3 0 7 127 255 251 154 0 0 0 1 4 0 0 0 0 0 0 0 0 0 0 0 0 0 0 2 8 2 0 4 71 231 255 215 11 0 0 1 6 0 0 0 0 0 0 0 0 0 0 0 0 0 2 2 0 0 0 4 1 150 255 255 9 5 0 0 3 0 0 0 0 0
0 0 0 0 0 0 0 0 0 0 0 6 9 0 0 4 0 0 0 0 0 0 0 0 0 0 0 0 0 0 0 0 0 0 0 0 10 0 0 0 0 10 20 0 0 0 0 0 0 0 0 0 0 0 0 0 0 0 0 0 0 0 0 0 4 0 0 0 0 0 0 0 0 0 0 0 0 0 0 0 0 0 0 0 0 0 0 0 0 0 0 0 0 12 4 0 15 6 0 14 0 0 0 0 0 0 0 0 0 0 0 0 0 0 0 0 0 0 0 0 0 9 4 0 0 0 0 0 0 0 0 0 0 0 0 0 0 0 0 0 0 0 0 0 0 0 0 0 6 0 0 19 0 3 18 0 0 0 0 0 0 0 0 0 0 0 0 0 0 0 0 0 0 0 0 0 1 9 9 0 0 0 0 2 0 0 0 0 0 0 0 0 0 0 0 0 0 0 0 0 0 0 0 0 121 239 161 0 0 13 0 0 0 0 0 0 0 0 0 0 0 0 0 0 0 3 0 10 0 5 8 0 188 255 203 5 0 3 0 2 2 6 0 57 41 36 60 5 0 0 0 0 0 18 0 0 8 0 0 79 247 241 133 0 0 33 69 141 172 186 194 233 254 255 238 107 0 0 0 0 5 0 23 0 5 27 0 187 250 254 142 182 219 236 254 250 255 245 201 186 217 238 255 146 0 0 0 0 0 4 0 9 0 0 129 246 253 252 249 255 238 228 144 130 137 94 12 17 191 251 255 15 0 0 0 0 0 14 0 8 0 57 241 255 253 208 118 67 19 0 14 6 8 0 0 200 251 254 119 12 0 0 0 0 6 0 10 0 84 227 255 214 101 14 21 0 0 16 0 0 0 16 131 255 246 182 11 0 0 0 0 0 0 8 0 11 147 251 247 86 0 0 0 0 4 0 9 10 0 30 234 235 236 21 0 10 0 0 0 0 0 0 1 0 83 176 160 3 0 9 0 0 1 0 5 0 29 204 252 255 100 3 0 2 0 0 0 0 0 0 0 0 0 0 0 0 3 0 0 1 5 0 14 0 64 255 255 127 19 0 5 0 0 0 0 0 0 0 0 0 0 0 0 0 0 0 3 0 2 0 0 56 224 235 217 4 5 1 0 10 0 0 0 0 0 0 0 0 0 0 0 0 0 16 0 0 24 0 53 203 255 251 22 10 0 0 12 0 0 0 0 0 0 0 0 0 0 0 0 0 7 0 3 14 0 0 215 255 237 126 0 3 1 1 7 0 0 0 0 0 0 0 0 0 0 0 0 0 0 11 0 0 0 55 242 255 205 8 25 0 7 0 0 4 0 0 0 0 0 0 0 0 0 0 0 0 3 2 1 0 3 170 255 245 124 6 0 20 0 0 9 0 0 0 0 0 0 0 0 0 0 0 0 0 1 15 0 0 99 255 254 213 41 0 2 2 0 5 0 0 0 0 0 0 0 0 0 0 0 0 0 0 2 0 0 13 170 248 252 100 0 13 1 0 0 10 0 5 0 0 0 0 0 0 0 0 0 0 0 0 0 14 3 60 255 237 210 28 0 0 0 0 0 0 0 0 0 0 0 0 0 0 0 0 0 0 0 0 7 0 0 203 249 250 29 0 0 0 0 0 0 0 0 0 0 0 0 0 0 0 0 0 0 0 0 0 5 0 54 243 241 243 7 10 0 0 0 0 0 0 0 0 0 0 0 0 0 0 0 0 0 0 0 0 0 0 0 0 14 18 0 0 0 0 0 0 0 0 0 0 0 0 0 0
0 0 0 0 0 0 0 0 0 0 0 0 0 0 0 0 5 0 5 4 1 0 0 1 0 0 0 0 0 0 0 0 0 0 0 0 0 0 0 0 0 0 0 0 0 0 0 0 0 11 9 4 0 0 0 0 0 0 0 0 0 0 0 0 0 0 0 0 0 0 0 0 0 4 11 7 0 0 0 0 0 0 0 0 0 0 0 0 0 0 0 0 0 0 0 0 0 0 0 0 15 0 0 0 11 2 4 4 0 0 0 0 0 0 0 0 0 0 0 0 0 0 0 0 0 0 0 0 0 0 0 3 7 0 0 0 0 0 0 0 0 0 0 0 0 0 0 0 0 0 0 0 0 0 0 0 0 18 2 0 0 0 15 2 0 0 0 0 0 0 0 0 0 0 0 0 0 0 0 0 0 0 0 0 0 3 0 9 10 0 5 0 0 0 0 0 0 0 0 0 0 0 0 0 0 0 0 0 0 0 0 0 0 83 175 244 162 11 0 6 0 0 0 0 2 3 0 0 0 12 0 11 0 80 8 0 6 9 0 86 159 249 249 255 243 32 14 0 0 0 0 0 0 3 0 14 3 0 0 0 120 247 248 217 119 130 255 249 255 221 255 255 192 8 0 2 0 0 0 0 0 11 0 12 0 0 7 0 232 255 255 248 255 255 252 255 184 172 255 248 79 0 5 9 0 0 0 0 0 17 0 0 0 1 2 34 253 237 213 146 172 206 112 82 8 154 244 228 19 1 14 0 0 0 0 0 0 8 5 0 6 0 0 131 255 252 52 10 7 0 0 16 142 255 248 125 0 0 2 9 0 0 0 0 2 0 2 0 5 0 18 236 249 240 0 0 19 0 1 0 165 242 219 17 5 1 0 11 0 0 0 0 9 0 0 0 0 0 26 183 253 83 0 11 0 0 5 98 245 255 200 0 3 0 0 0 0 0 0 0 0 0 1 8 0 2 0 21 41 0 19 0 6 2 2 192 255 245 106 3 2 0 16 0 0 0 0 0 0 0 0 0 0 0 0 0 0 5 0 18 2 0 40 244 255 213 19 0 6 0 0 15 0 0 0 0 0 0 0 0 0 0 0 0 0 0 0 0 0 7 204 255 246 97 0 2 0 0 1 0 0 0 0 0 0 0 0 0 0 0 0 0 5 11 3 4 0 122 255 243 183 5 0 0 0 0 8 0 0 0 0 0 0 0 0 0 0 0 0 0 0 0 0 8 51 251 252 253 74 0 14 0 5 6 1 4 0 0 0 0 0 0 0 0 0 0 0 0 14 2 0 0 129 251 255 217 0 8 8 0 0 0 0 5 0 0 0 0 0 0 0 0 0 0 0 0 0 11 0 113 255 253 235 36 0 0 0 14 0 0 6 0 0 0 0 0 0 0 0 0 0 0 0 0 0 11 0 178 255 255 167 3 4 0 0 16 0 0 10 0 0 0 0 0 0 0 0 0 0 0 0 0 5 0 70 229 253 248 32 1 0 7 3 0 0 2 0 0 0 0 0 0 0 0 0 0 0 0 0 0 4 0 152 249 252 168 2 3 0 0 0 0 0 0 0 0 0 0 0 0 0 0 0 0 0 0 0 0 18 0 173 255 238 47 0 11 0 0 0 0 0 0 0 0 0 0 0 0 0 0 0 0 0 0 0 0 0 0 165 224 176 0 6 0 0 0 0 0 0 0 0 0 0 0 0 0 0 0 0 0 0 0 0 0 15 0 0 6 0 0 20 0 0 0 0 0 0 0 0 0 0 0 0 0
0 0 0 0 0 0 0 0 0 6 2 0 0 4 0 0 1 1 13 0 1 0 3 5 0 0 0 0 0 0 0 0 0 0 0 0 4 0 4 0 4 0 0 0 2 0 0 0 10 9 0 0 0 0 0 0 0 0 0 0 0 0 0 0 4 0 0 0 9 0 10 2 0 2 2 2 0 0 2 7 0 0 0 0 0 0 0 0 0 0 0 0 5 0 2 0 0 0 0 0 12 3 1 0 3 0 1 0 0 0 0 0 0 0 0 0 0 0 0 0 0 7 7 7 0 9 8 5 0 0 8 0 14 0 8 2 0 0 0 0 0 0 0 0 0 0 0 0 0 6 0 0 0 0 0 0 11 4 10 0 5 0 1 0 0 0 0 0 0 0 0 0 0 0 0 0 5 0 0 0 33 0 0 10 0 0 0 3 0 11 0 0 0 0 0 0 0 0 0 0 0 0 0 0 6 0 12 10 125 70 95 129 183 255 255 234 69 11 0 17 0 0 0 0 0 0 0 0 0 0 0 0 7 0 12 197 255 247 255 254 252 250 255 255 255 55 6 2 0 0 0 0 0 0 0 0 0 0 0 0 0 0 198 251 255 255 195 109 82 74 82 250 241 86 2 0 0 0 0 0 0 0 0 0 0 0 0 0 8 96 255 255 201 69 16 0 8 0 29 238 249 44 0 25 0 0 0 0 0 0 0 0 0 0 0 0 88 255 231 210 26 7 10 0 0 6 104 255 100 1 0 0 0 0 0 0 0 0 0 0 0 0 0 0 185 255 205 14 9 0 0 0 0 62 231 247 107 0 1 8 0 0 0 0 0 0 0 0 0 0 0 0 101 21 22 6 0 6 5 0 7 102 247 238 0 2 0 5 0 0 0 0 0 0 0 0 0 0 0 0 4 0 0 1 8 0 6 0 72 223 255 60 0 5 6 0 0 0 0 0 0 0 0 0 0 0 0 0 0 8 0 1 0 0 0 9 214 255 175 0 14 0 0 1 0 0 0 0 0 0 0 0 0 0 0 0 0 2 0 0 0 0 0 88 243 227 38 11 1 0 4 0 0 0 0 0 0 0 0 0 0 0 0 0 0 14 7 2 11 0 58 223 255 136 1 0 7 0 3 8 0 0 0 0 0 0 0 0 0 0 0 0 5 0 0 0 0 48 200 254 234 57 5 0 16 0 0 3 0 0 0 0 0 0 0 0 0 0 0 0 4 11 0 21 0 108 239 255 86 0 3 0 6 0 1 0 0 0 0 0 0 0 0 0 0 0 0 0 0 0 10 0 26 155 254 111 0 0 6 0 0 3 0 0 0 0 0 0 0 0 0 0 0 0 0 0 0 13 10 7 218 250 169 1 0 25 6 6 3 2 0 5 0 0 0 0 0 0 0 0 0 0 0 0 0 0 51 214 239 164 27 0 0 0 0 0 0 3 0 11 0 0 0 0 0 0 0 0 0 0 0 0 3 25 220 255 205 28 0 1 2 0 10 2 0 7 0 0 0 0 0 0 0 0 0 0 0 0 0 0 0 179 255 211 23 5 0 6 0 0 0 0 0 0 0 0 0 0 0 0 0 0 0 0 0 0 0 0 115 249 241 30 6 0 11 0 0 0 0 0 0 0 0 0 0 0 0 0 0 0 0 0 0 0 0 0 185 245 163 0 13 4 0 3 0 0 0 0 0 0 0 0 0 0 0 0 0 0 0 0 0 0 0 0 8 20 0 0 0 10 0 12 0 0 0 0 0 0 0 0 0 0 0 0
0 0 0 0 0 0 0 0 9 0 0 0 0 0 4 2 0 4 0 8 5 0 2 0 0 0 0 0 0 0 0 0 0 0 0 0 0 5 4 8 0 8 0 0 5 9 0 0 0 0 6 0 0 0 0 0 0 0 0 0 0 0 0 0 0 10 0 5 0 3 0 3 9 0 0 5 8 0 0 3 0 0 0 0 0 0 0 0 0 0 0 0 5 2 0 3 5 0 0 12 0 1 9 0 0 13 5 0 0 0 0 0 0 0 0 0 0 0 0 0 0 0 1 0 12 0 0 1 0 0 1 2 1 0 0 0 0 0 0 0 0 0 0 0 0 0 0 0 0 0 2 0 0 0 9 0 18 9 0 4 4 0 6 12 0 0 0 0 0 0 0 0 0 0 0 0 5 0 3 37 0 1 1 4 0 6 0 1 10 0 12 0 0 0 0 0 0 0 0 0 0 0 0 0 7 0 14 119 23 16 0 8 6 0 37 229 248 74 12 1 0 0 0 0 0 0 0 0 0 0 0 0 0 9 107 206 2 69 64 81 102 152 240 255 244 82 6 0 0 0 0 0 0 0 0 0 0 0 0 0 7 0 226 250 244 255 255 240 255 239 255 251 201 33 5 0 0 0 0 0 0 0 0 0 0 0 0 0 3 57 255 245 193 137 111 68 75 208 251 235 67 0 0 0 0 0 0 0 0 0 0 0 0 0 0 0 18 197 255 228 48 9 0 0 0 207 249 148 0 6 8 0 0 0 0 0 0 0 0 0 0 0 0 0 129 255 245 108 0 0 0 5 106 243 249 43 6 0 11 7 0 0 0 0 0 0 0 0 0 0 0 0 227 255 126 0 4 6 24 0 155 244 182 3 8 0 0 1 0 0 0 0 0 0 0 0 0 0 0 0 183 187 24 0 4 0 0 3 228 255 71 0 0 21 1 0 0 0 0 0 0 0 0 0 0 0 0 0 0 6 0 3 2 9 0 154 254 232 10 4 4 0 6 3 0 0 0 0 0 0 0 0 0 0 0 0 0 14 0 0 0 4 3 253 255 87 11 0 0 12 0 0 0 0 0 0 0 0 0 0 0 0 0 0 0 1 0 5 11 0 142 255 189 38 0 3 1 1 0 10 0 0 0 0 0 0 0 0 0 0 0 0 9 0 0 5 0 0 213 247 93 0 0 7 1 0 0 10 0 0 0 0 0 0 0 0 0 0 0 0 0 0 2 0 0 91 236 249 24 0 3 4 0 6 2 0 0 0 0 0 0 0 0 0 0 0 0 0 0 2 8 0 16 192 250 160 3 0 8 4 0 6 5 0 0 0 0 0 0 0 0 0 0 0 0 0 0 3 5 0 74 238 255 25 6 0 0 7 2 0 0 2 0 0 0 0 0 0 0 0 0 0 0 0 0 0 0 13 177 255 221 0 4 0 0 4 3 0 0 3 0 0 0 0 0 0 0 0 0 0 0 0 3 1 0 38 234 242 106 0 0 8 3 0 0 3 8 0 0 0 0 0 0 0 0 0 0 0 0 0 0 8 0 180 255 239 13 7 0 0 0 0 0 0 0 0 0 0 0 0 0 0 0 0 0 0 0 0 0 2 0 197 255 203 10 0 0 0 0 0 0 0 0 0 0 0 0 0 0 0 0 0 0 0 0 0 3 0 13 218 251 130 0 3 0 0 0 0 0 0 0 0 0 0 0 0 0 0 0 0 0 0 0 0 0 7 0 12 7 5 0 4 0 0 0 0 0 0 0 0 0 0 0 0
0 0 0 0 0 0 0 0 0 0 0 2 3 2 0 0 0 2 0 0 0 0 0 8 0 0 0 0 0 0 0 0 0 0 0 0 7 3 0 0 0 0 1 3 6 2 0 2 6 5 0 0 0 0 0 0 0 0 0 0 0 0 0 0 0 0 0 0 1 2 4 4 0 0 2 0 0 0 4 6 0 0 0 0 0 0 0 0 0 0 0 0 0 0 2 3 0 0 0 0 17 6 5 5 0 4 3 0 0 0 0 0 0 0 0 0 0 0 0 0 2 3 5 4 3 4 7 10 0 0 0 4 1 0 2 1 0 0 0 0 0 0 0 0 0 0 0 0 0 0 1 0 0 0 0 0 8 5 0 0 4 0 0 9 0 0 0 0 0 0 0 0 0 0 0 0 0 0 0 0 0 11 30 44 67 168 252 255 196 63 0 7 0 0 0 0 0 0 0 0 0 0 0 0 4 0 0 12 57 130 209 255 254 255 241 255 255 151 22 0 0 0 0 0 6 0 0 8 0 0 1 0 0 5 89 211 255 253 248 255 214 78 43 52 220 237 39 0 0 0 0 0 0 9 5 0 7 20 0 29 54 148 244 255 250 209 122 27 28 0 0 0 232 238 27 0 0 0 0 0 7 0 11 9 0 0 23 191 242 255 245 152 49 10 10 5 0 1 14 33 244 255 58 7 0 0 0 0 17 0 5 4 0 102 219 255 246 129 31 6 3 0 0 2 5 0 0 110 242 252 55 6 0 0 0 0 1 0 1 0 0 153 255 144 31 2 0 12 11 2 0 0 3 0 6 173 255 194 7 0 0 0 0 0 0 5 0 8 0 25 82 16 5 2 0 0 0 2 8 0 0 12 124 255 233 79 0 0 0 0 0 0 0 14 0 0 0 1 11 0 7 0 0 0 2 6 7 0 0 72 219 255 130 0 10 0 0 0 0 0 4 0 1 7 3 0 0 7 4 0 2 8 0 0 0 0 69 215 255 233 83 0 2 2 0 0 0 0 0 7 0 5 11 0 2 4 3 0 1 10 0 0 11 100 235 255 225 98 0 0 3 0 0 0 0 0 0 12 2 0 0 0 4 0 2 0 0 9 10 0 55 241 255 247 120 0 0 10 1 0 0 0 0 0 0 0 0 4 4 9 16 0 0 10 15 0 0 134 255 243 244 119 14 0 0 4 4 0 0 0 0 0 7 0 0 3 0 0 0 0 4 15 0 31 182 251 255 255 110 7 0 20 5 0 2 0 0 0 0 0 0 0 5 0 0 0 5 12 0 0 90 214 252 255 229 87 0 5 2 0 0 0 0 6 0 0 0 0 0 4 10 0 6 16 0 0 33 162 239 254 243 125 29 10 0 4 6 0 0 2 4 0 0 0 0 0 5 6 2 0 4 0 0 39 210 243 255 147 39 0 7 0 14 0 0 13 0 0 3 0 0 0 0 0 0 0 0 2 7 0 56 229 255 243 160 5 0 4 0 2 0 16 0 0 5 4 0 10 0 0 0 0 0 7 0 7 8 7 172 252 195 55 0 8 0 0 6 0 0 0 0 0 0 0 0 0 0 0 0 0 0 0 9 1 0 91 241 155 15 0 0 6 0 0 14 1 0 0 0 0 0 0 0 0 0 0 0 0 0 17 0 0 13 0 0 0 0 0 12 9 0 4 7 0 0 0 0 0 0 0 0 0 0 0 0 0 0 2 5 0 5 0 0 19 14 3 0 0 4 2 0 0 0 0 0 0 0 0 0 0 0 0 0 0
0 0 0 0 0 0 0 0 4 0 0 0 0 2 6 0 1 4 3 0 0 1 2 0 0 0 0 0 0 0 0 0 0 0 0 0 0 2 4 3 2 2 0 0 0 0 4 4 1 1 1 0 0 0 0 0 0 0 0 0 0 0 0 0 0 0 0 1 4 0 0 4 8 8 3 0 0 0 2 3 0 0 0 0 0 0 0 0 0 0 0 0 9 10 3 0 5 0 0 5 0 0 0 0 3 5 0 0 0 0 0 0 0 0 0 0 0 0 0 0 0 0 0 0 2 1 0 5 6 5 3 2 1 0 0 2 0 0 0 0 0 0 0 0 0 0 0 0 4 1 9 9 0 0 2 0 0 0 2 0 0 0 0 11 0 0 0 0 0 0 0 0 0 0 0 0 0 0 8 4 0 0 17 0 8 0 0 1 5 2 0 0 0 0 0 0 0 0 0 0 0 0 0 0 0 8 54 71 65 126 195 190 193 119 35 0 0 3 4 0 0 0 0 0 0 0 6 3 2 0 192 237 238 236 243 254 255 247 248 255 253 255 184 11 1 0 4 4 0 0 0 0 3 0 4 0 0 6 188 255 245 247 255 255 254 241 240 248 246 255 247 100 4 1 0 1 0 0 0 0 2 0 5 0 0 0 94 145 152 149 143 125 90 54 36 36 59 149 255 191 9 5 0 1 0 0 0 0 3 0 0 2 3 0 0 8 0 0 3 8 3 0 0 3 0 87 254 191 0 0 2 16 0 0 0 0 4 0 0 0 5 8 0 0 0 0 0 3 3 2 2 5 5 94 255 179 6 11 0 0 0 0 0 0 0 1 2 0 1 5 0 13 2 0 0 0 0 0 0 0 5 126 252 116 0 0 9 6 0 0 0 0 0 2 7 2 0 0 0 0 0 1 1 1 3 5 7 7 0 186 255 105 4 0 0 0 0 0 0 0 0 0 0 0 4 0 13 0 0 2 5 2 0 0 0 0 55 242 239 50 0 12 0 5 0 0 0 0 0 0 0 0 0 0 0 0 0 3 7 0 4 0 5 0 179 254 203 0 1 12 0 3 0 0 0 0 0 0 0 0 0 0 0 0 0 0 3 5 9 5 0 99 229 254 93 13 0 0 3 0 0 0 0 0 0 0 0 0 0 0 0 0 0 7 0 0 0 1 24 210 255 200 2 9 0 0 5 0 0 0 0 0 0 0 0 0 0 0 0 0 0 8 0 0 0 0 124 255 251 95 0 0 6 1 0 1 0 0 0 0 0 0 0 0 0 0 0 0 9 0 1 11 0 47 215 255 146 14 13 0 4 4 0 3 0 0 0 0 0 0 0 0 0 0 0 0 3 0 7 0 0 183 255 221 36 0 3 6 0 0 3 0 0 0 0 0 0 0 0 0 0 0 0 0 0 8 0 2 82 255 251 112 0 0 0 10 0 2 0 0 0 0 0 0 0 0 0 0 0 0 0 0 0 17 0 57 224 245 162 0 10 0 2 0 4 9 0 5 0 0 0 0 0 0 0 0 0 0 0 0 0 2 32 224 243 204 37 0 0 0 0 0 0 0 0 0 0 0 0 0 0 0 0 0 0 0 0 0 0 8 160 255 251 52 0 4 0 0 0 0 0 0 0 0 0 0 0 0 0 0 0 0 0 0 0 0 0 1 124 255 7 0 3 1 0 0 0 0 0 0 0 0 0 0 0 0 0 0 0 0 0 0 0 0 4 18 7 0 5 9 0 0 0 0 0 0 0 0 0 0 0 0 0 0
0 0 0 0 0 0 0 0 6 0 0 0 11 5 0 0 0 4 5 1 2 0 0 5 0 0 0 0 0 0 0 0 0 0 0 0 0 4 6 0 0 2 9 10 18 5 0 0 0 0 0 6 0 0 0 0 0 0 0 0 0 0 0 0 4 0 3 13 8 0 0 0 0 0 0 0 5 9 4 0 0 0 0 0 0 0 0 0 0 0 0 0 0 0 0 0 0 4 18 0 8 8 8 2 0 0 2 0 0 0 0 0 0 0 0 0 0 0 0 0 4 10 3 12 2 0 2 0 2 0 0 8 2 0 0 3 0 0 0 0 0 0 0 0 0 0 0 0 0 6 0 1 12 0 0 0 2 0 4 0 0 6 14 0 0 0 0 0 0 0 0 0 0 0 0 0 0 6 60 219 251 108 71 138 136 132 121 67 1 0 7 0 0 0 0 0 0 0 0 0 0 0 0 0 7 190 255 253 252 241 255 254 239 223 254 247 126 6 0 9 0 0 0 0 0 0 0 0 0 0 0 0 39 255 239 253 249 211 118 78 32 0 171 247 188 0 9 0 0 0 0 0 0 0 0 0 0 0 0 0 19 165 157 103 75 17 0 11 9 8 182 255 167 0 1 0 0 0 0 0 0 0 0 0 0 0 0 0 0 6 6 0 5 0 0 3 0 20 252 255 146 8 0 16 0 0 0 0 0 0 0 0 0 0 0 0 10 0 0 10 0 7 0 0 0 91 255 231 80 0 0 0 0 0 0 0 0 0 0 0 0 0 0 0 0 0 0 13 0 3 13 5 58 223 244 197 10 0 8 0 0 0 0 0 0 0 0 0 0 0 0 0 13 1 0 0 6 0 0 0 188 255 251 93 0 5 5 3 0 0 0 0 0 0 0 0 0 0 0 0 0 0 8 3 7 0 6 126 253 236 171 0 0 1 0 3 0 0 0 0 0 0 0 0 0 0 0 0 2 0 0 7 0 7 7 240 245 255 25 1 9 0 4 1 0 0 0 0 0 0 0 0 0 0 0 0 0 3 0 10 0 0 136 248 255 133 6 0 0 0 17 0 0 0 0 0 0 0 0 0 0 0 0 0 9 4 0 0 6 51 249 255 198 67 0 2 3 0 0 4 0 0 0 0 0 0 0 0 0 0 0 0 0 25 0 0 0 184 242 255 91 4 0 2 1 2 0 7 0 0 0 0 0 0 0 0 0 0 0 0 6 0 6 0 141 255 236 142 12 0 1 0 0 10 3 0 0 0 0 0 0 0 0 0 0 0 0 0 6 0 0 97 241 244 215 0 0 3 0 1 0 1 13 0 0 0 0 0 0 0 0 0 0 0 0 0 0 24 37 255 252 246 107 9 2 7 0 6 7 0 4 0 0 0 0 0 0 0 0 0 0 0 0 0 0 0 89 238 251 164 0 0 4 2 0 2 6 0 0 2 0 0 0 0 0 0 0 0 0 0 0 0 8 0 173 255 250 48 11 0 0 0 11 0 0 14 0 0 0 0 0 0 0 0 0 0 0 0 0 0 0 4 190 251 209 10 2 0 0 0 0 0 0 0 0 0 0 0 0 0 0 0 0 0 0 0 0 0 4 0 100 226 166 19 0 14 0 0 0 0 0 0 0 0 0 0 0 0 0 0 0 0 0 0 0 0 0 7 0 19 0 1 0 6 0 0 0 0 0 0 0 0 0 0 0 0 0 0 0 0 0 0 0 0 0 4 0 0 2 11 0 0 0 0 0 0 0 0 0 0 0 0 0 0
0 0 0 0 0 0 0 0 7 0 0 0 3 3 3 4 0 0 0 0 0 0 0 0 0 0 0 0 0 0 0 0 0 0 0 0 0 4 7 0 0 0 0 0 0 0 0 0 0 0 0 0 0 0 0 0 0 0 0 0 0 0 0 0 0 12 0 0 16 3 0 22 0 0 0 0 0 0 0 0 0 0 0 0 0 0 0 0 0 0 0 0 3 0 10 0 0 3 18 0 0 0 0 0 0 0 0 0 0 0 0 0 0 0 0 0 0 0 0 0 0 0 0 11 17 5 0 10 0 0 0 0 0 0 0 0 0 0 0 0 0 0 0 0 0 0 0 0 13 7 0 0 0 0 0 0 0 0 0 0 0 0 0 0 0 0 0 0 0 0 0 0 0 0 0 0 0 0 25 0 0 173 232 39 0 0 0 0 0 0 0 0 0 0 0 0 0 0 0 0 0 0 0 0 0 6 0 0 91 255 239 59 0 0 0 0 0 0 0 0 0 0 0 0 0 0 0 0 0 0 0 0 0 3 0 53 240 250 234 132 122 197 137 72 0 5 17 0 0 0 0 0 0 0 0 0 0 0 0 0 23 0 38 146 255 251 238 255 255 239 255 237 52 0 5 0 0 0 0 0 0 0 0 0 0 0 0 0 0 0 141 255 238 255 255 133 128 63 159 247 116 6 0 0 0 0 0 0 0 0 0 0 0 0 0 0 11 100 247 254 255 225 56 1 9 0 146 255 115 21 0 19 0 0 0 0 0 0 0 0 0 0 0 0 0 126 255 223 114 3 0 14 0 23 207 251 24 0 0 0 0 0 0 0 0 0 0 0 0 0 0 0 0 17 121 43 0 8 0 0 6 126 255 194 5 13 11 3 0 0 0 0 0 0 0 0 0 0 0 0 12 0 0 3 6 0 0 0 84 240 255 104 3 0 0 11 0 0 0 0 0 0 0 0 0 0 0 0 0 0 0 5 0 7 0 34 217 255 197 8 0 3 12 0 0 0 0 0 0 0 0 0 0 0 0 0 6 0 10 0 0 7 26 211 255 243 131 13 0 3 0 4 0 0 0 0 0 0 0 0 0 0 0 0 0 2 0 2 0 0 215 253 255 143 22 0 0 8 0 0 0 0 0 0 0 0 0 0 0 0 0 0 8 0 0 3 15 24 241 252 175 39 0 0 5 0 1 0 0 0 0 0 0 0 0 0 0 0 0 0 0 0 12 0 0 105 232 255 52 0 0 19 0 0 2 2 0 0 0 0 0 0 0 0 0 0 0 0 0 4 0 7 94 255 255 77 2 0 0 0 0 0 0 1 0 0 0 0 0 0 0 0 0 0 0 0 14 0 21 8 222 246 211 14 0 6 0 0 8 5 0 0 0 0 0 0 0 0 0 0 0 0 0 0 0 0 0 166 255 255 37 6 0 4 4 4 10 2 0 2 0 0 0 0 0 0 0 0 0 0 0 0 4 3 112 254 248 103 0 0 0 0 0 0 0 0 6 1 0 0 0 0 0 0 0 0 0 0 0 0 6 58 247 255 178 0 4 0 0 0 0 0 0 0 0 0 0 0 0 0 0 0 0 0 0 0 0 0 0 148 242 205 15 0 0 11 0 0 0 0 0 0 0 0 0 0 0 0 0 0 0 0 0 0 0 0 0 0 0 25 0 9 0 0 0 0 0 0 0 0 0 0 0 0 0 0 0 0 0 0 0 0 0 0 16 0 0 0 9 0 0 0 0 0 0 0 0 0 0 0 0 0 0 0
0 0 0 0 0 0 0 0 0 1 7 7 0 0 0 4 0 0 0 6 6 0 0 0 0 0 0 0 0 0 0 0 0 0 0 0 3 0 0 0 2 15 13 2 8 0 1 0 0 1 0 8 0 0 0 0 0 0 0 0 0 0 0 0 0 3 8 5 0 0 0 0 0 0 10 5 5 10 0 0 0 0 0 0 0 0 0 0 0 0 0 0 10 0 0 1 5 0 0 10 0 0 0 0 0 0 0 0 0 0 0 0 0 0 0 0 0 0 0 0 0 0 1 7 4 0 0 0 2 11 0 7 7 0 11 2 0 0 0 0 0 0 0 0 0 0 0 0 3 11 9 0 0 5 9 5 0 3 0 0 0 0 3 0 0 0 0 0 0 0 0 0 0 0 0 0 0 0 0 3 7 1 0 0 5 0 14 0 0 14 0 5 0 0 0 0 0 0 0 0 0 0 0 0 0 77 196 246 157 19 0 19 0 0 109 113 113 109 0 0 0 0 0 0 2 9 7 0 0 20 1 26 118 239 255 253 245 222 245 236 233 240 246 255 255 255 79 0 0 0 0 0 0 0 0 21 6 0 0 169 255 255 240 255 255 255 255 245 252 254 255 237 240 218 20 1 0 0 0 0 4 6 0 0 0 2 65 205 237 255 192 81 47 48 48 59 68 49 82 242 242 108 0 0 0 0 0 0 2 0 0 6 1 18 196 255 255 129 8 0 17 16 0 16 0 21 114 242 195 0 7 0 0 0 0 0 1 3 1 0 2 105 255 252 237 58 1 1 0 6 6 0 0 73 246 255 201 0 0 1 0 0 0 0 0 6 0 0 28 218 255 244 136 2 0 19 4 0 0 0 18 116 250 255 36 0 25 0 0 0 0 0 8 3 0 6 0 60 132 118 0 18 12 0 0 9 2 5 0 254 255 166 6 9 3 10 0 0 0 0 0 0 0 5 0 0 169 31 4 0 0 10 7 0 0 27 235 247 255 40 10 0 0 0 0 0 0 0 0 0 0 2 4 7 8 9 14 0 2 7 0 2 13 161 255 242 221 27 7 2 0 0 0 0 0 0 0 0 0 1 2 3 3 4 0 0 0 2 0 8 77 251 233 255 126 2 0 0 0 11 0 0 0 0 0 0 0 0 0 0 0 0 11 2 5 0 0 12 79 255 253 161 0 18 0 7 7 0 0 0 0 0 0 0 0 0 0 0 0 0 4 2 0 10 0 6 127 254 255 121 11 0 0 3 1 2 0 0 0 0 0 0 0 0 0 0 0 0 0 25 0 19 0 19 227 252 237 5 0 16 0 1 5 0 0 0 0 0 0 0 0 0 1 1 2 2 5 5 1 0 10 125 255 223 0 22 6 0 0 3 0 6 0 0 0 0 0 0 0 0 0 0 1 1 6 0 1 15 119 243 252 178 7 11 0 0 1 0 3 5 0 0 0 0 0 0 0 0 0 0 0 0 0 17 0 114 255 255 251 120 0 0 3 0 10 0 3 0 0 0 0 0 0 0 0 0 0 0 0 0 5 0 38 246 242 255 245 194 0 0 0 0 0 0 0 0 0 0 0 0 0 0 0 0 0 0 0 0 0 23 114 255 255 222 130 0 0 0 0 0 0 0 0 0 0 0 0 0 0 0 0 0 0 0 0 0 0 1 124 255 208 26 0 9 0 0 0 0 0 0 0 0 0 0 0 0 0 0 0 0 0 0 0 0 8 0 0 0 6 0 14 0 0 0 0 0 0 0 0 0 0 0 0 0
0 0 0 0 0 0 0 0 0 0 8 5 0 0 2 0 0 0 7 6 4 6 0 8 0 0 0 0 0 0 0 0 0 0 0 0 6 8 0 0 7 2 0 7 17 6 4 0 0 9 0 0 0 0 0 0 0 0 0 0 0 0 0 0 1 0 0 2 10 1 0 0 0 0 2 3 5 8 0 5 0 0 0 0 0 0 0 0 0 0 0 0 10 0 6 11 0 0 14 2 4 0 0 1 0 0 0 2 0 0 0 0 0 0 0 0 0 0 0 0 0 0 6 2 0 3 2 0 0 2 0 0 0 4 2 0 0 0 0 0 0 0 0 0 0 0 0 0 0 20 0 0 11 12 0 8 0 4 0 10 4 0 3 10 0 0 0 0 0 0 0 0 0 0 0 0 0 0 0 7 2 0 0 1 0 10 0 0 0 6 11 0 0 0 0 0 0 0 0 0 0 0 0 0 4 5 145 237 154 90 70 2 9 98 112 110 182 255 191 13 0 0 0 0 2 0 5 0 6 0 9 0 17 81 227 250 255 255 236 204 209 254 252 255 235 255 179 1 0 0 0 0 0 7 0 0 7 17 0 16 81 255 255 244 255 247 246 255 255 248 233 248 249 255 36 0 0 0 0 0 0 29 0 2 0 0 28 43 239 255 250 255 149 135 133 132 123 130 18 175 255 191 59 6 0 0 0 0 12 0 1 0 18 14 71 236 240 250 181 122 8 10 0 6 0 46 123 245 222 24 0 1 0 0 0 0 0 0 0 6 0 92 255 255 255 246 54 5 2 0 0 0 0 50 221 247 195 17 0 7 0 0 0 0 7 1 0 0 11 207 253 238 209 102 0 9 14 0 16 0 5 204 254 155 71 0 19 0 0 0 0 0 0 18 0 8 4 198 241 111 3 1 17 0 0 1 0 30 91 255 251 65 0 4 2 0 0 0 0 0 3 1 0 0 0 65 54 0 6 3 0 13 5 0 17 76 254 251 168 16 2 3 0 3 0 0 0 0 0 0 0 0 0 0 0 0 4 13 0 0 3 0 2 208 255 155 31 0 0 0 2 7 0 0 0 0 0 0 0 0 0 0 0 0 0 0 20 0 16 69 241 254 250 149 0 0 13 2 0 0 0 0 0 0 0 0 0 0 0 0 0 0 7 0 6 0 0 175 255 255 238 197 27 3 0 4 16 3 0 0 0 0 0 0 0 0 0 0 0 0 5 8 0 5 24 181 254 241 251 132 0 11 8 0 0 5 0 0 0 0 0 0 0 0 0 0 0 0 0 6 1 0 20 205 255 250 75 3 6 3 0 0 13 0 0 0 0 0 0 0 0 0 0 0 0 0 6 0 0 0 78 255 235 255 177 11 0 0 11 0 12 5 0 0 0 0 0 0 0 0 0 0 0 0 0 4 0 85 243 239 255 206 26 0 5 0 0 0 7 0 0 0 0 0 0 0 0 0 0 0 0 0 0 0 66 248 252 255 242 116 0 10 0 0 7 0 1 9 0 0 0 0 0 0 0 0 0 0 0 0 0 10 139 243 255 240 227 25 0 0 0 0 0 0 0 0 0 0 0 0 0 0 0 0 0 0 0 0 0 15 226 248 255 194 42 9 0 0 0 0 0 0 0 0 0 0 0 0 0 0 0 0 0 0 0 0 15 22 255 255 105 15 0 0 0 0 0 0 0 0 0 0 0 0 0 0 0 0 0 0 0 0 0 0 0 12 0 0 15 0 4 16 0 0 0 0 0 0 0 0 0 0 0 0
0 0 0 0 0 0 0 0 11 0 0 5 0 0 1 0 0 0 0 3 0 0 4 0 0 0 0 0 0 0 0 0 0 0 0 0 0 8 11 0 0 6 6 4 0 3 4 8 0 0 0 0 0 0 0 0 0 0 0 0 0 0 0 0 0 2 0 0 5 0 0 0 0 1 0 8 0 8 1 8 0 0 0 0 0 0 0 0 0 0 0 0 7 1 0 3 9 7 6 14 3 6 0 1 0 6 0 0 0 0 0 0 0 0 0 0 0 0 0 0 0 0 13 6 0 0 2 0 0 10 0 5 3 10 0 10 0 0 0 0 0 0 0 0 0 0 0 0 0 0 0 11 6 3 6 0 0 6 5 0 1 0 0 8 0 0 0 0 0 0 0 0 0 0 0 0 0 25 10 0 0 2 0 3 1 4 1 0 21 2 0 3 0 0 0 0 0 0 0 0 0 0 0 0 98 239 194 27 0 15 3 0 8 0 0 5 104 109 112 100 0 0 0 0 2 2 0 5 0 0 1 52 244 255 237 190 22 0 15 0 78 98 235 235 250 243 255 248 110 0 0 3 0 0 0 0 21 0 13 81 255 231 255 255 94 84 184 205 246 255 242 248 247 255 249 243 96 7 5 9 7 0 17 0 0 14 40 246 240 255 249 238 255 250 241 255 242 239 187 170 255 242 253 155 46 0 1 2 0 0 0 0 31 5 154 248 255 231 255 255 242 252 239 119 107 27 6 68 245 248 227 16 2 0 0 0 0 10 7 0 0 48 233 255 252 231 255 216 119 19 8 0 6 0 29 194 255 246 140 5 0 3 4 0 2 0 0 12 0 239 255 243 245 95 35 9 0 0 2 0 13 59 209 248 242 45 0 8 1 7 4 0 0 4 3 0 10 143 255 191 90 4 3 4 0 9 16 0 0 77 255 250 241 18 2 4 0 0 0 0 1 0 2 0 3 26 90 21 4 0 0 0 3 0 0 20 153 234 246 223 36 6 0 1 4 0 0 3 0 0 0 0 0 0 0 0 13 0 8 1 0 0 4 187 255 255 143 0 9 0 19 0 0 0 0 0 0 0 0 0 0 0 0 0 0 0 21 0 2 0 149 255 254 201 41 0 0 0 0 9 0 0 0 0 0 0 0 0 0 0 0 0 4 4 0 0 5 72 228 255 252 161 11 20 4 2 0 0 0 0 0 0 0 0 0 0 0 0 0 0 4 0 0 4 51 219 255 230 75 24 0 0 2 0 10 1 0 0 0 0 0 0 0 0 0 0 0 0 0 0 0 6 75 249 255 255 19 6 15 0 10 0 13 0 0 0 0 0 0 0 0 0 0 0 0 0 4 7 10 0 194 255 233 56 0 0 0 0 0 0 3 0 0 0 0 0 0 0 0 0 0 0 0 0 0 6 0 248 255 232 53 2 6 3 0 4 0 3 0 3 0 0 0 0 0 0 0 0 0 0 0 0 7 0 7 210 249 232 81 0 0 0 6 0 2 2 0 2 0 0 0 0 0 0 0 0 0 0 0 0 0 54 104 253 254 174 12 4 0 0 0 0 0 0 0 0 0 0 0 0 0 0 0 0 0 0 0 0 7 96 255 255 215 37 0 0 0 0 0 0 0 0 0 0 0 0 0 0 0 0 0 0 0 0 0 0 9 9 174 249 195 0 0 14 0 0 0 0 0 0 0 0 0 0 0 0 0 0 0 0 0 0 0 0 0 0 10 1 0 4 21 0 0 0 0 0 0 0 0 0 0 0 0 0
0 0 0 0 0 0 0 0 0 5 2 0 3 0 0 5 0 5 2 0 3 7 3 3 0 0 0 0 0 0 0 0 0 0 0 0 5 4 1 0 0 0 0 0 4 6 0 0 0 0 0 6 0 0 0 0 0 0 0 0 0 0 0 0 0 0 0 1 5 9 5 0 0 0 3 9 10 3 0 0 0 0 0 0 0 0 0 0 0 0 0 0 7 5 12 6 0 0 4 10 2 0 0 0 0 0 0 3 0 0 0 0 0 0 0 0 0 0 0 0 0 0 0 1 4 5 0 0 8 0 3 8 0 1 8 3 0 0 0 0 0 0 0 0 0 0 0 0 3 9 2 0 6 4 0 5 0 0 1 3 0 0 3 0 0 0 0 0 0 0 0 0 0 0 0 0 0 12 0 0 4 0 0 7 0 0 8 7 0 9 20 0 0 0 0 0 0 0 0 0 0 0 0 0 11 0 0 77 232 238 102 0 0 24 87 118 105 96 65 2 0 0 0 0 0 13 0 0 12 0 0 0 0 1 43 165 248 254 250 216 215 200 255 255 254 239 232 57 0 0 0 0 7 1 0 0 0 0 1 6 6 54 223 255 255 225 255 242 250 249 251 245 255 255 255 47 0 0 0 0 7 0 0 3 0 0 8 0 0 157 251 219 251 255 240 255 255 255 255 246 244 243 87 11 0 0 0 0 0 0 5 2 0 1 2 15 221 245 255 255 250 243 185 190 50 72 255 255 200 114 12 0 0 0 0 0 2 2 2 0 3 0 17 128 255 238 244 255 242 116 46 0 58 221 255 227 71 0 0 15 0 0 0 0 7 0 0 0 10 0 57 254 249 255 255 233 93 0 1 0 199 255 246 183 2 1 12 0 0 0 0 0 5 0 0 0 8 4 49 203 160 126 2 9 2 0 7 156 255 228 156 0 9 0 0 4 0 0 0 0 2 0 14 0 0 5 0 39 0 0 9 0 0 13 97 255 245 255 102 11 0 13 0 7 0 0 0 0 0 0 0 0 0 0 0 0 6 0 0 0 19 18 208 255 255 124 18 0 0 5 12 0 0 0 0 0 0 0 0 0 0 0 0 0 0 0 11 10 0 202 255 252 173 41 0 10 11 0 0 8 0 0 0 0 0 0 0 0 0 0 0 0 13 0 0 0 120 240 242 234 59 0 0 6 6 0 0 2 0 0 0 0 0 0 0 0 0 0 0 0 6 0 7 85 247 241 255 57 2 1 3 0 0 8 13 0 0 0 0 0 0 0 0 0 0 0 0 0 0 11 4 199 250 255 182 0 3 0 0 4 0 0 0 0 0 0 0 0 0 0 0 0 0 0 0 0 0 27 101 241 250 161 18 20 2 0 0 7 9 0 0 1 0 0 0 0 0 0 0 0 0 0 0 0 6 86 255 255 255 61 0 0 0 4 3 0 4 8 3 0 0 0 0 0 0 0 0 0 0 0 0 0 60 251 247 238 255 45 9 9 1 4 0 0 2 1 0 2 0 0 0 0 2 0 9 0 2 9 0 18 253 238 250 255 254 51 6 2 0 0 0 0 0 0 0 0 0 0 0 0 1 0 7 0 0 0 14 138 242 255 253 207 147 23 0 0 0 0 0 0 0 0 0 0 0 0 0 0 0 2 0 0 13 0 7 134 238 249 149 70 6 0 2 7 0 0 0 0 0 0 0 0 0 0 0 0 0 4 0 0 12 6 0 31 2 18 0 0 0 11 0 0 0 0 0 0 0 0 0 0 0 0 0 0
0 0 0 0 0 0 0 0 0 0 0 0 0 0 0 0 0 6 9 0 0 0 4 0 0 0 0 0 0 0 0 0 0 0 0 0 0 0 0 0 0 0 0 0 13 2 0 5 2 1 0 5 0 0 0 0 0 0 0 0 0 0 0 0 0 0 0 0 0 0 0 0 0 0 0 10 1 12 0 0 0 0 0 0 0 0 0 0 0 0 0 0 0 0 0 0 0 0 0 0 0 8 0 8 0 6 1 11 0 0 0 0 0 0 0 0 0 0 0 0 0 0 0 0 0 0 0 0 0 0 0 12 0 0 0 0 0 0 0 0 0 0 0 0 0 0 0 0 0 0 0 0 0 0 0 0 3 4 0 0 0 10 14 1 0 0 0 0 0 0 0 0 0 0 0 0 0 0 0 0 0 0 0 0 0 0 14 2 12 0 0 0 0 0 0 0 0 0 0 0 0 0 0 0 0 0 0 0 0 0 0 0 43 38 150 237 226 49 0 9 0 0 0 0 0 5 0 0 0 5 2 1 0 0 15 2 0 62 183 180 238 240 255 247 242 162 0 0 0 0 0 0 0 2 3 5 6 0 0 5 32 23 108 140 232 226 255 206 127 78 26 23 255 232 23 6 0 0 0 0 7 0 0 3 3 0 6 46 212 255 255 234 196 163 84 15 0 0 0 22 255 237 3 4 0 0 0 0 5 0 0 0 2 0 15 56 216 247 229 79 16 0 5 0 1 18 38 221 255 78 0 5 0 0 0 0 0 0 1 3 6 0 0 8 0 1 39 0 0 0 3 4 0 68 229 248 138 6 9 0 0 0 0 0 0 8 4 0 2 3 0 0 13 0 0 9 0 25 0 0 68 217 255 250 3 0 0 7 0 0 0 0 4 10 0 0 0 4 4 6 0 0 18 0 7 0 0 42 234 228 206 38 0 5 17 0 0 0 0 0 0 4 1 0 3 0 0 0 0 3 0 0 3 4 34 213 247 140 0 4 7 0 0 0 0 0 0 0 0 0 0 0 0 0 0 0 0 0 8 13 0 31 205 254 126 23 0 15 0 0 8 0 0 0 0 0 0 0 0 0 0 0 0 0 8 11 0 0 4 150 255 164 41 0 0 10 0 0 8 1 0 0 0 0 0 0 0 0 0 0 0 0 0 11 0 11 107 249 231 41 0 0 2 6 0 0 4 0 0 0 0 0 0 0 0 0 0 0 0 0 0 0 0 133 239 246 112 0 3 7 2 0 3 5 0 0 0 0 0 0 0 0 0 0 0 0 0 0 8 0 30 246 231 146 3 2 3 2 0 0 6 4 0 3 0 0 0 0 0 0 0 0 0 0 0 0 0 8 212 245 197 0 6 0 0 0 0 3 5 0 0 8 0 0 0 0 0 0 0 0 0 0 0 0 25 165 255 225 64 6 0 7 0 1 5 7 2 0 0 2 0 0 0 0 0 0 0 0 0 0 0 0 127 255 228 49 0 5 0 0 4 0 0 0 0 6 8 0 0 0 0 0 0 1 10 0 1 3 0 70 248 255 20 2 0 11 1 3 0 0 0 0 0 0 0 0 0 0 0 0 5 0 3 0 6 0 14 130 246 163 0 1 7 4 0 2 0 0 0 0 0 0 0 0 0 0 0 0 8 0 1 0 2 0 7 109 248 98 7 0 0 0 0 16 0 0 0 0 0 0 0 0 0 0 0 0 0 3 6 0 0 1 0 20 13 0 0 6 19 11 0 0 0 0 0 0 0 0 0 0 0 0 0 0
0 0 0 0 0 0 0 0 0 2 2 0 0 3 4 3 4 0 7 0 0 7 0 4 0 0 0 0 0 0 0 0 0 0 0 0 0 0 2 7 6 0 0 0 0 0 5 5 5 5 0 0 0 0 0 0 0 0 0 0 0 0 0 0 0 0 0 0 0 0 0 9 1 0 2 0 0 2 0 1 0 0 0 0 0 0 0 0 0 0 0 0 11 7 3 0 0 0 0 2 0 8 8 0 0 8 8 0 0 0 0 0 0 0 0 0 0 0 0 0 0 0 1 0 0 3 1 0 0 1 1 0 0 1 1 0 0 0 0 0 0 0 0 0 0 0 0 0 3 8 5 0 0 5 7 3 8 2 0 4 4 0 2 8 0 0 0 0 0 0 0 0 0 0 0 0 0 0 0 2 3 0 0 2 0 7 0 2 2 0 7 0 0 0 0 0 0 0 0 0 0 0 0 0 0 3 44 105 131 117 113 128 179 245 255 248 248 255 245 179 0 0 0 0 2 0 12 5 0 4 49 109 102 146 236 255 239 248 255 251 255 242 249 255 239 255 254 253 116 0 0 9 0 2 0 5 0 155 222 255 247 251 255 222 170 167 141 95 145 49 25 5 42 171 255 239 113 11 5 8 0 7 0 21 12 205 255 255 236 185 124 37 0 8 10 0 14 2 8 8 78 238 253 255 67 4 1 0 5 0 6 0 0 39 54 37 20 0 2 0 0 2 0 0 0 0 0 55 244 255 227 108 13 0 0 0 0 0 9 0 10 0 0 12 20 0 4 4 0 0 0 10 18 0 50 170 248 255 110 5 1 0 5 1 5 12 2 0 6 2 0 2 0 0 1 0 0 8 0 0 0 47 236 252 224 107 0 0 3 3 2 0 0 0 0 0 1 20 0 7 7 4 7 0 0 3 0 12 80 239 246 243 123 7 0 7 0 0 0 0 8 0 9 1 0 0 1 0 0 0 0 2 0 0 11 68 249 251 252 112 0 12 0 0 5 0 0 10 0 0 3 3 2 1 1 3 6 0 4 0 2 1 73 255 250 254 108 0 5 0 0 6 0 0 0 0 1 1 0 0 0 0 0 0 0 15 4 8 20 185 245 255 255 104 4 0 1 0 0 1 0 0 0 0 3 1 0 0 0 0 1 1 0 11 0 0 196 255 248 255 148 1 0 6 0 7 4 0 0 0 0 0 1 0 0 0 3 5 4 2 3 0 12 86 255 237 244 92 18 0 11 8 1 5 0 1 0 0 0 0 0 0 0 2 3 2 0 0 3 0 101 235 233 255 117 0 0 11 0 0 10 0 0 5 0 0 0 0 0 1 3 2 0 0 0 0 8 79 248 234 255 108 0 12 1 8 0 0 2 0 13 0 0 0 0 0 0 2 4 1 0 0 2 8 52 244 243 255 100 0 4 0 0 4 9 3 0 7 13 0 0 0 0 0 0 3 5 1 0 1 13 25 182 253 254 194 7 0 1 1 4 0 4 0 2 4 0 13 0 0 0 0 0 0 0 0 15 0 21 222 255 244 228 30 7 0 0 5 0 0 0 0 0 0 0 0 0 0 0 0 2 0 0 0 4 10 86 255 249 247 216 36 6 7 0 0 0 0 0 0 0 0 0 0 0 0 0 0 0 0 7 0 0 10 65 197 253 146 43 0 2 1 0 3 0 0 0 0 0 0 0 0 0 0 0 0 1 0 7 4 2 0 0 30 0 9 7 3 5 0 0 10 0 0 0 0 0 0 0 0 0 0 0 0
0 6 6 1 0 0 0 0 2 2 0 0 2 0 0 4 0 0 2 3 1 0 0 0 0 0 0 0 0 0 0 0 8 9 6 4 0 2 1 5 9 1 0 2 7 3 0 0 0 0 0 2 0 0 0 0 10 0 0 0 0 0 0 0 0 0 0 1 2 0 0 0 0 0 0 0 2 3 0 0 0 0 0 0 0 0 2 5 3 1 6 14 5 0 0 1 0 0 5 4 0 0 0 1 2 2 0 0 0 0 0 0 0 0 4 1 0 1 0 0 2 0 0 0 0 0 5 0 6 4 0 0 0 0 1 5 0 0 0 0 3 3 1 0 0 0 3 6 1 0 3 6 0 0 6 0 0 0 0 0 1 1 0 0 0 0 0 0 3 0 1 6 4 21 82 147 13 0 6 5 0 0 13 0 15 6 0 0 6 7 0 0 0 0 0 0 3 0 2 2 0 5 122 253 135 113 111 103 83 102 127 115 88 54 13 0 0 3 4 0 0 0 0 0 0 9 0 11 0 6 119 250 255 245 255 255 247 253 255 251 255 239 242 242 110 0 3 0 0 0 0 0 2 3 0 0 0 0 28 235 255 210 143 145 146 143 145 147 139 148 212 252 206 18 0 1 0 0 0 0 0 0 4 0 7 0 0 186 239 169 14 0 4 2 3 6 6 38 202 255 189 0 9 0 0 0 0 0 1 0 0 8 4 0 7 115 255 234 36 0 0 1 3 0 0 75 244 255 112 0 23 0 0 0 0 0 4 0 0 5 0 0 4 94 255 254 48 0 0 1 4 0 14 172 255 234 67 5 0 3 0 0 0 0 2 0 8 0 1 8 0 121 253 248 54 0 5 0 0 0 0 171 255 224 21 1 0 0 0 0 0 0 0 0 4 0 1 11 0 84 248 255 90 3 5 0 2 0 0 168 255 189 0 0 11 5 0 0 0 0 3 5 0 15 0 0 14 0 227 255 133 5 0 0 9 0 50 219 255 103 0 3 4 0 0 0 0 0 0 0 0 0 0 0 0 0 217 255 163 13 0 1 3 0 60 245 247 102 0 9 0 5 0 0 0 0 0 0 0 0 0 0 0 0 85 141 74 0 0 5 3 0 135 248 229 51 0 1 4 0 0 0 0 0 0 0 0 0 0 0 0 0 0 27 5 0 8 2 0 0 171 255 246 64 0 0 5 0 0 0 0 0 0 0 0 0 0 0 0 0 0 0 0 0 7 0 0 5 181 255 252 93 0 2 0 1 0 0 0 0 0 0 0 0 0 0 0 0 4 0 0 0 0 0 2 28 226 253 220 49 0 6 3 0 0 0 0 0 0 0 0 0 0 0 0 0 0 0 4 0 0 0 8 48 255 248 216 1 0 0 9 0 0 0 0 0 0 0 0 0 0 0 0 0 2 0 3 0 3 0 2 55 255 255 230 0 8 0 2 0 0 0 0 0 0 0 0 0 0 0 0 0 5 0 0 0 7 0 0 57 253 255 216 2 1 7 0 0 0 0 0 0 0 0 0 0 0 0 0 0 4 0 0 3 3 0 13 53 255 255 197 9 6 0 9 0 0 0 0 0 0 0 0 0 0 0 0 0 0 1 0 3 3 0 6 35 255 229 123 0 0 2 7 0 0 0 0 0 0 0 0 0 0 0 0 0 0 3 2 1 3 0 0 13 0 7 0 0 2 17 0 0 0 0 0 0 0 0 0 0 0 0 0 0 0 4 2 0 2 1 0 0 4 8 0 13 0 0 0 17 0 0 0 0
1 1 1 0 0 0 0 0 6 0 0 3 2 0 0 4 3 4 7 0 0 0 7 4 0 0 0 0 1 1 1 0 0 0 0 0 0 0 0 0 3 1 0 0 0 0 0 6 9 5 0 0 0 0 0 0 1 1 0 0 0 0 0 0 4 8 6 0 0 0 5 12 14 7 0 0 3 0 0 5 0 0 0 0 0 0 0 0 0 0 0 0 0 0 3 2 0 0 0 0 0 0 0 0 5 0 0 5 0 0 0 0 0 0 0 0 0 0 0 0 9 0 0 0 6 16 10 0 12 13 5 0 0 4 4 3 0 0 0 0 0 0 0 0 0 0 1 1 0 0 6 5 0 0 0 5 0 0 0 2 3 7 2 0 0 0 0 0 0 0 0 0 0 1 1 1 0 0 5 14 26 64 139 207 223 162 126 88 17 0 5 11 0 0 0 0 0 0 0 0 0 1 1 1 142 153 191 241 255 251 245 253 255 235 255 251 128 23 0 0 0 0 0 0 0 7 0 0 12 0 15 111 248 248 250 255 252 254 251 208 188 227 245 255 249 170 1 7 0 0 0 0 0 8 0 0 11 0 0 54 237 255 221 173 128 48 39 86 0 37 53 214 240 220 0 0 0 0 0 0 0 7 5 1 5 0 0 1 57 226 142 0 0 7 1 0 2 0 0 181 255 223 18 13 0 0 0 0 3 2 3 0 0 3 2 0 0 72 3 0 16 0 0 17 5 7 0 235 249 224 0 6 0 0 0 0 6 0 0 4 0 0 6 2 0 14 0 6 11 0 6 0 0 8 71 255 255 169 0 0 0 0 0 0 1 0 0 8 2 0 0 3 6 0 0 16 0 0 11 0 10 64 226 255 240 62 18 3 0 0 0 0 0 0 0 3 2 0 0 0 9 0 1 0 0 6 4 8 72 160 255 255 116 13 0 0 0 0 0 0 0 5 0 0 0 3 1 2 0 0 7 0 10 1 0 73 240 255 255 191 18 0 11 0 0 0 0 0 0 0 0 0 0 0 0 1 0 1 4 3 3 0 0 255 254 254 224 18 7 2 0 4 0 0 0 0 0 0 0 0 0 0 0 0 8 4 0 5 5 20 98 255 250 206 23 24 0 1 16 0 0 0 0 0 0 0 0 0 0 0 0 0 0 12 0 0 25 138 245 249 180 70 0 13 0 1 5 0 0 0 0 0 0 0 1 1 1 0 0 0 0 7 8 55 181 251 255 211 68 0 28 0 3 0 0 5 0 0 0 0 0 0 1 1 1 0 0 0 7 0 80 234 255 247 255 54 1 0 0 0 1 0 3 0 0 0 0 0 0 0 0 0 0 1 2 3 2 62 255 255 241 194 61 0 0 17 0 0 11 0 4 1 0 0 0 0 1 0 0 0 0 1 5 7 89 204 244 248 150 6 10 0 0 0 12 0 13 3 0 4 0 0 0 0 1 0 0 0 0 2 6 9 215 255 240 115 17 1 6 0 0 2 0 0 0 12 3 0 0 0 0 0 2 0 6 0 4 0 13 158 255 251 193 0 3 0 0 9 0 0 0 0 0 0 0 0 0 0 0 0 7 0 1 0 4 0 0 60 130 176 10 4 0 4 13 0 0 0 0 0 0 0 0 0 0 0 0 0 2 0 3 0 4 14 0 0 3 32 0 8 7 12 0 0 0 0 0 0 0 0 0 0 0 0 0 0 0 0 12 0 0 14 4 0 0 0 23 0 4 0 0 21 0 0 0 0 0 0 0 0 0 0 0 0
0 0 0 0 0 0 0 0 7 5 0 0 4 4 0 0 2 3 0 4 5 0 0 5 0 0 0 0 0 0 0 0 0 0 0 0 0 5 3 0 2 0 0 5 0 6 0 0 0 2 3 3 0 0 0 0 0 0 0 0 0 0 0 0 0 2 3 2 5 2 1 9 0 4 4 17 0 17 5 0 0 0 0 0 0 0 0 0 0 0 0 0 2 3 0 0 0 0 0 0 9 0 0 8 0 0 0 0 0 0 0 0 0 0 0 0 0 0 0 0 0 3 0 0 7 8 5 10 0 0 0 4 0 10 7 7 0 0 0 0 0 0 0 0 0 0 0 0 0 4 3 0 0 0 0 1 0 14 11 0 0 1 0 0 0 0 0 0 0 0 0 0 0 0 0 0 0 1 0 1 11 9 0 0 0 0 1 0 23 0 0 16 0 0 0 0 0 0 0 0 0 0 0 0 115 117 126 168 231 255 255 249 255 247 255 252 244 72 0 5 0 0 0 0 10 0 1 249 255 243 243 255 251 253 255 245 253 255 247 248 236 255 255 255 248 247 127 0 0 0 0 0 0 12 0 245 246 249 255 244 255 239 243 248 254 255 251 255 255 254 237 255 251 255 233 8 0 0 0 0 0 0 0 255 255 249 255 255 252 255 255 255 241 255 251 242 240 254 251 255 242 255 237 8 0 0 0 0 7 9 5 197 191 152 150 153 152 150 132 58 10 28 35 25 37 184 254 255 255 234 102 0 0 0 0 0 0 0 0 26 16 6 10 0 3 0 14 14 5 1 0 1 13 181 252 245 255 136 3 2 0 0 0 0 9 0 14 0 0 0 3 0 4 0 0 0 1 2 0 15 189 251 255 252 231 28 0 5 0 0 0 0 8 0 5 2 15 0 0 0 0 10 11 0 4 0 0 51 245 251 251 251 142 0 5 0 0 0 0 0 0 9 0 0 4 0 13 0 0 2 0 0 2 0 53 203 252 255 245 209 12 0 2 5 0 0 0 0 0 0 0 0 0 0 0 0 0 9 0 7 0 6 137 255 249 249 255 139 0 12 0 4 0 0 0 0 0 0 0 0 0 0 0 0 16 0 4 0 12 29 239 251 255 254 233 137 3 0 0 2 0 0 0 0 0 0 0 0 0 0 0 0 0 0 1 17 0 169 246 255 232 255 146 35 1 2 1 4 0 0 0 0 0 0 0 0 0 0 0 0 0 0 3 0 67 248 245 253 255 249 78 0 4 9 0 0 0 0 0 0 0 0 0 0 0 0 0 0 7 4 0 27 209 240 255 239 252 109 17 3 4 0 0 4 0 0 0 0 0 0 0 0 0 0 0 0 5 0 68 179 255 252 251 254 130 0 0 2 4 0 0 10 0 0 0 0 0 0 0 0 0 0 0 0 0 3 220 252 255 255 237 255 74 9 11 0 6 4 0 0 0 0 0 0 0 0 0 0 0 0 0 0 8 80 255 247 244 255 255 238 82 0 2 5 0 0 17 0 0 0 0 0 0 0 0 0 0 0 0 0 1 152 242 254 255 238 240 30 0 0 0 0 0 0 0 0 0 0 0 0 0 0 0 0 0 0 0 0 0 45 243 255 254 215 89 0 0 0 0 0 0 0 0 0 0 0 0 0 0 0 0 0 0 0 0 0 5 0 98 116 116 58 0 0 0 0 0 0 0 0 0 0 0 0 0 0 0 0 0 0 0 0 0 0 0 7 0 8 18 0 6 1 0 0 0 0 0 0 0 0 0 0 0 0
0 0 0 0 0 0 0 0 3 1 0 6 0 0 3 0 8 0 0 9 2 0 0 2 0 0 0 0 0 0 0 0 0 0 0 0 5 0 0 0 0 7 0 2 0 19 0 0 6 11 0 0 0 0 0 0 0 0 0 0 0 0 0 0 3 0 5 0 3 12 0 5 5 0 0 1 0 0 1 0 0 0 0 0 0 0 0 0 0 0 0 0 0 5 7 2 4 0 0 0 15 0 2 20 0 0 6 0 0 0 0 0 0 0 0 0 0 0 0 0 0 8 0 0 1 0 10 1 0 3 2 0 2 4 0 0 0 0 0 0 0 0 0 0 0 0 0 0 5 5 0 2 0 0 9 0 27 0 0 2 3 0 2 0 0 0 0 0 0 0 0 0 0 0 0 0 4 0 16 6 13 103 174 220 170 36 0 18 0 0 10 0 0 0 0 0 0 0 0 0 0 0 0 0 1 41 232 255 235 255 239 255 255 143 20 0 0 8 4 0 0 0 0 0 0 0 0 0 0 0 0 0 0 40 255 255 199 187 112 75 239 227 31 0 0 0 3 0 0 0 0 0 0 0 0 0 0 0 0 0 16 10 93 61 16 10 0 0 242 255 39 0 0 0 0 5 0 0 0 0 0 0 0 0 0 0 0 0 0 0 10 0 0 0 2 1 230 255 37 0 10 5 0 6 0 0 0 0 0 0 0 0 0 0 0 0 0 9 0 0 5 7 12 35 246 230 23 0 7 3 0 6 0 0 0 0 0 0 0 0 0 0 0 0 0 2 1 0 0 0 0 87 255 170 6 0 0 0 5 5 0 0 0 0 0 0 0 0 0 0 0 0 7 0 3 8 15 0 1 183 220 71 0 5 0 0 8 0 0 0 0 0 0 0 0 0 0 0 0 0 16 0 0 0 0 0 25 241 148 0 0 3 9 4 3 0 0 0 0 0 0 0 0 0 0 0 0 0 0 3 9 2 0 17 65 255 133 0 16 0 0 0 0 7 0 0 0 0 0 0 0 0 0 0 0 0 0 0 9 0 0 0 241 247 63 23 0 0 5 0 0 2 0 0 0 0 0 0 0 0 0 0 0 0 7 8 0 7 9 31 232 216 16 0 0 0 4 0 0 2 0 0 0 0 0 0 0 0 0 0 0 0 0 4 0 1 1 139 251 86 0 0 0 0 2 0 0 0 0 0 0 0 0 0 0 0 0 0 0 0 4 0 3 6 8 249 255 0 1 4 3 0 0 0 1 1 0 0 0 0 0 0 0 0 0 0 0 0 13 0 5 8 64 255 167 6 0 0 0 0 0 3 5 1 0 0 0 0 0 0 0 0 0 0 0 0 0 0 0 0 175 248 46 1 0 0 0 0 2 5 1 0 0 0 0 0 0 0 0 0 0 0 0 0 0 16 7 9 255 233 7 0 4 3 3 6 5 0 0 0 0 0 0 0 0 0 0 0 0 0 0 0 3 0 0 14 255 162 0 8 0 0 0 1 0 0 0 7 0 0 0 0 0 0 0 0 0 0 0 0 0 14 0 27 237 247 26 0 0 0 0 0 0 0 0 0 0 0 0 0 0 0 0 0 0 0 0 0 13 0 0 14 183 211 47 0 0 0 0 0 0 0 0 0 0 0 0 0 0 0 0 0 0 0 0 0 0 4 11 0 0 5 0 7 0 0 0 0 0 0 0 0 0 0 0 0 0 0 0 0 0 0 0 0 5 2 2 4 0 0 5 0 0 0 0 0 0 0 0 0 0 0 0 0
0 0 0 0 0 0 0 0 2 5 0 0 7 2 0 0 4 0 0 3 0 0 0 0 0 0 0 0 0 0 0 0 0 0 0 0 0 1 0 0 0 0 0 3 0 0 6 6 0 0 2 8 0 0 0 0 0 0 0 0 0 0 0 0 0 0 2 3 3 2 3 5 1 3 0 0 3 1 0 0 0 0 0 0 0 0 0 0 0 0 0 0 4 2 4 1 0 0 0 0 0 3 0 0 5 7 1 5 0 0 0 0 0 0 0 0 0 0 0 0 5 0 0 0 0 8 16 4 0 7 8 0 0 0 0 0 0 0 0 0 0 0 0 0 0 0 0 0 0 0 4 7 0 2 3 0 1 0 0 1 0 12 19 5 0 0 0 0 0 0 0 0 0 0 0 0 3 0 7 2 0 0 16 2 9 0 11 6 0 0 8 0 0 0 0 0 0 0 0 0 0 0 0 0 5 0 0 0 1 68 149 174 167 171 191 137 23 0 11 3 0 0 0 0 0 0 0 0 0 0 0 0 0 5 20 199 255 255 255 250 255 241 255 254 0 16 0 0 0 0 0 0 0 0 0 0 0 0 0 0 3 0 255 255 241 184 166 100 82 28 241 255 20 0 0 3 0 0 0 0 0 0 0 0 0 0 0 0 0 0 249 150 8 12 0 0 5 8 255 165 0 0 5 0 0 0 0 0 0 0 0 0 0 0 0 0 4 0 86 8 0 0 13 7 0 115 248 80 5 0 0 14 0 0 0 0 0 0 0 0 0 0 0 0 0 16 3 0 7 0 1 0 2 248 207 11 0 21 3 0 0 0 0 0 0 0 0 0 0 0 0 0 0 8 0 6 0 4 0 9 189 243 64 2 0 0 0 7 0 0 0 0 0 0 0 0 0 0 0 0 19 0 8 0 25 0 0 3 255 164 0 0 3 11 12 0 0 0 0 0 0 0 0 0 0 0 0 0 0 15 0 9 0 0 7 141 255 88 0 1 7 0 0 5 0 0 0 0 0 0 0 0 0 0 0 0 0 13 7 0 0 7 0 223 247 5 0 8 0 4 3 0 0 0 0 0 0 0 0 0 0 0 0 0 30 0 0 0 1 0 123 249 102 0 1 0 0 4 6 2 0 0 0 0 0 0 0 0 0 0 0 0 0 0 7 2 0 23 220 255 0 0 11 0 0 0 0 3 0 0 0 0 0 0 0 0 0 0 0 0 0 20 0 7 0 162 255 153 0 2 2 6 8 0 0 0 0 0 0 0 0 0 0 0 0 0 0 0 5 3 0 10 30 254 255 15 7 0 0 8 2 0 2 0 0 0 0 0 0 0 0 0 0 0 0 0 4 0 14 0 140 255 184 0 0 0 0 9 0 1 10 0 0 0 0 0 0 0 0 0 0 0 0 0 7 0 0 8 254 255 69 0 0 6 5 7 0 7 0 1 0 0 0 0 0 0 0 0 0 0 0 0 0 10 1 105 255 229 0 5 0 4 0 0 3 9 0 11 0 0 0 0 0 0 0 0 0 0 0 0 8 0 5 255 255 49 2 2 0 0 0 0 0 0 0 0 0 0 0 0 0 0 0 0 0 0 0 0 0 16 49 244 250 0 13 0 0 0 0 0 0 0 0 0 0 0 0 0 0 0 0 0 0 0 0 0 4 0 8 253 217 4 0 17 0 0 0 0 0 0 0 0 0 0 0 0 0 0 0 0 0 0 0 0 0 0 0 0 3 6 12 0 0 0 0 0 0 0 0 0 0 0 0 0
0 0 0 0 0 0 0 0 0 3 0 5 0 5 0 0 1 0 0 0 0 0 1 2 0 0 0 0 0 0 0 0 0 0 0 0 3 11 0 0 0 11 7 2 0 2 4 4 4 1 0 0 0 0 0 0 0 0 0 0 0 0 0 0 0 0 0 22 3 0 0 10 0 0 0 2 3 3 1 0 0 0 0 0 0 0 0 0 0 0 0 0 6 2 0 0 0 7 2 0 2 0 0 0 0 0 3 5 0 0 0 0 0 0 0 0 0 0 0 0 0 0 3 8 6 0 1 12 4 3 1 0 0 0 0 1 0 0 0 0 0 0 0 0 0 0 0 0 2 3 5 0 0 0 1 0 0 0 0 0 0 0 0 0 0 0 0 0 0 0 0 0 0 0 0 0 0 5 0 0 106 230 240 146 14 10 5 1 0 0 1 3 0 0 0 0 0 0 0 0 0 0 0 0 5 0 13 104 232 255 250 206 69 54 32 11 0 0 0 4 0 0 0 0 0 9 0 12 0 3 9 1 10 0 67 253 255 240 255 255 255 235 234 24 0 0 0 7 0 0 0 0 10 0 3 0 6 0 0 0 0 81 255 242 244 255 255 250 255 254 246 122 10 8 5 0 0 0 0 0 5 0 0 0 3 0 22 0 29 219 244 255 255 241 255 255 245 255 245 195 0 0 19 1 0 0 0 0 0 0 0 3 1 0 0 36 168 255 254 255 246 211 118 53 176 244 255 225 1 0 5 0 0 0 0 0 5 0 8 0 13 11 6 181 255 238 255 233 138 14 14 0 179 249 255 165 3 5 0 4 0 0 0 0 0 0 7 0 3 4 177 255 255 255 215 52 0 0 11 54 242 255 238 62 0 8 0 9 0 0 0 0 0 7 0 5 0 0 239 238 242 207 29 0 11 7 0 55 252 255 215 20 6 7 0 0 0 0 0 0 4 0 0 0 12 0 85 205 126 0 9 0 3 0 4 123 255 249 191 0 0 0 7 6 0 0 0 0 0 0 0 0 0 0 0 0 2 0 9 0 1 2 11 231 255 248 122 15 0 0 0 0 0 0 0 0 0 0 0 0 0 0 0 0 3 0 5 0 5 1 67 243 252 224 47 0 0 0 0 0 0 0 0 0 0 0 0 0 0 0 0 0 0 0 0 1 3 0 144 253 255 196 0 0 3 3 0 0 0 0 0 0 0 0 0 0 0 0 0 0 0 1 0 3 0 5 212 255 251 134 0 4 10 0 0 3 0 0 0 0 0 0 0 0 0 0 0 0 0 5 4 6 0 43 253 255 218 43 0 2 2 0 2 1 0 0 0 0 0 0 0 0 0 0 0 0 0 0 3 1 0 108 255 249 192 0 2 0 0 0 6 0 0 0 0 0 0 0 0 0 0 0 0 0 1 0 1 0 8 188 255 244 143 0 2 2 1 1 0 0 0 0 0 0 0 0 0 0 0 0 0 0 12 0 5 2 26 252 255 250 75 0 0 6 0 0 0 6 0 0 0 0 0 0 0 0 0 0 0 0 9 0 0 8 91 242 255 183 0 0 0 0 0 0 0 0 0 0 0 0 0 0 0 0 0 0 0 0 0 10 14 0 41 183 212 109 0 0 0 0 0 0 0 0 0 0 0 0 0 0 0 0 0 0 0 0 23 0 0 0 0 2 3 0 0 0 0 0 0 0 0 0 0 0 0 0 0 0 0 0 0 0 0 0 0 0 0 6 8 0 0 12 0 0 0 0 0 0 0 0 0 0 0 0
0 0 0 0 0 0 0 0 4 0 1 3 0 0 0 9 3 2 0 7 2 1 0 11 0 0 0 0 0 0 0 0 0 0 0 0 0 0 0 3 6 2 0 0 0 0 9 0 0 0 7 0 0 0 0 0 0 0 0 0 0 0 0 0 5 3 0 0 0 2 7 8 8 0 0 0 13 3 0 1 0 0 0 0 0 0 0 0 0 0 0 0 0 4 10 5 0 0 0 0 0 12 6 10 0 7 1 6 0 0 0 0 0 0 0 0 0 0 0 0 0 0 2 2 4 7 7 4 17 0 0 13 0 0 6 0 0 0 0 0 0 0 0 0 0 0 0 0 9 0 0 0 0 0 0 0 0 12 6 0 12 0 0 12 0 0 0 0 0 0 0 0 0 0 0 0 0 0 4 9 0 0 10 36 136 255 246 106 0 0 0 0 0 0 0 0 0 0 0 0 0 0 0 0 0 0 0 0 0 45 154 255 255 250 248 240 0 4 14 0 0 0 0 0 10 0 8 0 0 0 3 9 0 11 0 5 133 238 255 255 255 255 255 243 1 0 7 1 0 0 0 0 0 0 0 6 21 3 0 0 6 0 12 211 251 255 244 255 161 255 251 255 9 3 0 0 0 0 0 0 0 2 22 0 0 15 0 15 0 32 234 254 255 251 230 19 36 247 249 247 0 13 0 4 0 0 0 0 0 14 0 0 14 0 0 8 130 237 255 250 255 192 10 0 104 255 255 207 0 12 0 0 0 0 0 0 16 0 4 5 2 0 14 132 250 255 255 229 157 0 0 6 237 248 254 130 7 5 0 0 0 0 0 0 0 17 0 0 0 5 183 255 255 241 254 68 0 16 0 7 255 235 253 42 0 0 12 0 0 0 0 0 0 0 5 0 12 91 255 252 255 200 28 0 10 3 8 62 255 255 252 6 0 0 9 0 0 0 0 0 1 0 5 7 0 18 255 253 111 4 0 5 0 0 0 113 253 245 175 0 10 2 0 5 0 0 0 0 0 0 0 2 4 7 8 9 0 0 11 0 0 4 0 255 255 255 42 7 5 0 0 2 0 0 0 0 0 0 0 1 2 3 3 4 10 0 0 4 0 0 13 255 251 239 7 0 4 0 3 0 0 0 0 0 0 0 0 0 0 0 0 0 12 0 0 5 0 0 86 255 252 193 0 0 6 0 0 0 0 0 0 0 0 0 0 0 0 0 0 0 0 0 7 0 0 4 191 255 251 105 0 4 6 0 0 0 0 0 0 0 0 0 0 0 0 0 0 0 0 6 8 0 0 9 255 255 254 11 0 0 4 0 3 2 0 0 0 0 0 0 0 0 1 1 2 2 0 5 0 0 3 45 255 251 255 0 2 0 3 4 5 0 0 0 0 0 0 0 0 0 0 0 1 1 6 1 0 3 0 137 255 253 210 0 3 0 1 7 0 0 0 0 0 0 0 0 0 0 0 0 0 0 2 1 1 3 0 229 255 255 128 9 0 0 0 3 0 7 0 0 0 0 0 0 0 0 0 0 0 0 0 0 13 8 0 255 252 249 19 10 0 0 0 1 2 0 0 0 0 0 0 0 0 0 0 0 0 0 4 13 0 0 13 79 255 146 9 4 0 0 0 2 1 0 0 0 0 0 0 0 0 0 0 0 0 0 0 0 14 0 0 0 18 0 0 0 0 0 2 3 0 0 0 0 0 0 0 0 0 0 0 0 0 0 0 0 4 7 4 17 0 13 0 0 0 0 2 2 0 0 0 0 0 0
0 0 0 0 0 0 0 0 0 0 0 9 0 2 0 13 0 0 4 3 0 0 0 0 0 0 0 0 0 0 0 0 0 0 0 0 0 0 0 7 9 11 0 0 7 5 0 0 0 0 2 3 0 0 0 0 0 0 0 0 0 0 0 0 0 10 4 0 0 0 4 8 0 0 0 1 4 4 1 0 0 0 0 0 0 0 0 0 0 0 0 0 0 6 0 0 9 12 7 0 3 0 1 4 4 0 0 0 0 0 0 0 0 0 0 0 0 0 0 0 3 5 3 0 0 4 0 0 10 4 0 0 0 0 0 5 0 0 0 0 0 0 0 0 0 0 0 0 1 0 17 1 2 18 0 3 0 0 0 0 4 0 0 4 0 0 0 0 0 0 0 0 0 0 0 0 0 38 232 173 82 0 0 12 18 3 0 4 10 5 0 0 0 0 0 0 0 0 0 0 0 0 0 0 7 10 255 244 249 166 121 105 98 56 14 0 0 0 0 1 0 0 0 0 0 0 0 0 0 0 0 0 0 10 119 199 246 255 255 246 253 254 255 159 0 5 0 9 0 0 0 0 0 0 0 0 0 0 0 0 0 0 0 9 38 75 132 136 138 236 250 232 26 1 8 0 0 0 0 0 0 0 0 0 0 0 0 0 7 15 0 0 3 7 5 8 106 252 255 76 0 0 0 0 0 0 0 0 0 0 0 0 0 0 0 0 0 0 1 8 11 0 0 58 255 240 87 23 2 4 11 9 0 0 0 0 0 0 0 0 0 0 0 0 3 1 3 2 0 0 73 211 251 181 18 0 0 0 0 5 0 0 0 0 0 0 0 0 0 0 0 0 0 7 0 0 1 13 160 241 249 41 76 115 154 145 144 42 0 0 0 0 0 0 0 0 0 0 0 0 1 3 90 94 117 150 245 255 251 255 253 255 236 213 165 36 0 0 0 0 0 0 0 0 0 0 0 0 0 4 251 248 245 255 246 255 251 223 210 83 80 13 0 5 0 0 0 0 0 0 0 0 0 0 0 0 2 0 70 238 244 255 208 127 40 22 2 0 1 6 4 0 0 0 0 0 0 0 0 0 0 0 0 0 0 0 0 191 255 195 18 8 13 6 0 0 0 0 0 0 0 0 0 0 0 0 0 0 0 0 0 0 13 18 63 249 239 77 0 0 0 0 1 1 0 0 0 1 0 0 0 0 0 0 0 0 0 0 0 0 0 8 183 255 137 0 13 0 0 1 6 6 2 0 0 1 0 0 0 0 0 0 0 0 0 0 0 0 8 76 254 234 62 8 0 4 0 0 0 0 0 0 0 0 0 0 0 0 0 0 0 0 0 0 0 0 25 188 251 239 25 0 1 1 0 0 0 0 0 2 1 0 0 0 0 0 0 0 0 0 0 0 0 0 75 255 255 245 38 0 20 0 1 0 0 0 2 3 3 3 0 0 0 0 0 0 0 0 0 0 0 0 192 255 250 99 2 15 0 2 0 1 2 1 0 0 0 0 0 0 0 0 0 0 0 0 0 0 0 0 240 241 255 11 5 15 0 4 0 0 0 0 0 0 0 0 0 0 0 0 0 0 0 0 0 0 0 0 125 255 51 1 6 0 0 13 0 0 0 0 0 0 0 0 0 0 0 0 0 0 0 0 0 0 0 0 7 17 0 16 0 16 0 0 0 0 0 0 0 0 0 0 0 0 0 0 0 0 0 0 0 0 0 0 0 0 7 0 6 1 0 7 0 0 0 0 0 0 0 0 0 0 0 0
0 0 8 0 9 3 5 4 0 6 3 1 5 1 0 0 0 0 0 1 9 5 0 0 0 0 0 0 2 8 0 3 0 0 0 0 0 0 0 0 0 0 2 6 14 8 4 0 0 0 0 3 0 0 0 0 0 5 0 2 3 0 13 6 0 0 2 5 0 0 3 0 0 0 4 0 7 0 12 4 0 0 0 0 3 0 6 0 6 0 2 0 1 0 2 6 0 0 2 0 11 0 11 0 2 0 5 0 0 0 0 0 5 0 12 0 2 6 0 2 2 0 0 0 0 0 5 6 1 0 2 0 9 2 8 0 0 0 0 0 0 0 0 5 0 10 0 4 0 8 3 0 8 3 0 0 0 3 0 0 0 0 0 0 0 0 0 0 1 10 0 0 4 0 14 0 0 13 0 0 10 3 0 8 0 20 0 4 4 10 0 16 0 0 0 0 0 7 4 0 74 0 116 67 126 140 104 84 120 130 136 181 193 255 248 251 196 123 5 0 0 0 0 0 0 0 12 248 255 193 255 254 255 253 248 196 251 253 255 255 255 253 255 254 255 244 133 5 0 0 0 0 1 0 0 255 255 246 194 255 249 255 255 245 255 255 250 253 131 113 255 252 255 255 130 0 0 0 0 0 13 0 13 0 126 112 137 130 123 125 108 62 14 10 0 5 0 9 129 242 255 243 123 7 0 0 0 0 0 2 0 0 14 30 0 0 0 3 16 7 0 0 0 2 3 0 255 255 255 192 0 0 0 0 0 0 11 3 0 9 0 0 0 9 2 0 5 0 3 8 4 0 10 35 255 249 232 210 0 1 0 0 0 0 0 4 3 12 0 13 16 0 18 0 0 0 2 2 0 0 0 210 239 255 255 51 8 6 0 0 0 0 12 0 0 0 0 0 1 0 0 0 0 5 6 8 0 7 116 251 255 244 255 0 2 0 0 0 0 0 1 0 7 1 0 10 0 9 0 17 0 3 0 9 0 65 255 255 249 255 49 0 0 5 0 0 0 0 0 0 0 0 0 0 0 0 0 2 12 0 5 17 0 255 255 247 253 196 0 2 0 0 0 0 0 0 0 0 0 0 0 0 0 0 8 11 0 0 0 0 81 240 248 250 217 0 12 0 7 5 0 0 0 0 0 0 0 0 0 0 0 0 0 5 0 15 1 71 239 255 255 246 66 0 1 3 0 0 0 0 0 0 0 0 0 0 0 0 0 0 0 1 7 2 1 181 255 252 250 204 0 0 0 0 10 0 0 0 0 0 0 0 0 0 0 0 0 0 0 0 20 0 69 250 251 251 190 0 0 24 0 0 5 4 0 0 0 0 0 0 0 0 0 0 0 0 4 0 7 0 191 255 255 255 8 0 6 0 0 26 0 0 0 0 0 0 0 0 0 0 0 0 0 0 9 0 0 16 250 245 250 190 0 0 0 0 6 0 18 1 0 0 0 0 0 0 0 0 0 0 0 0 0 0 5 53 255 255 246 136 0 7 3 0 2 12 0 9 0 0 0 0 0 0 0 0 0 0 0 0 7 0 9 184 252 255 254 0 0 0 0 0 0 0 0 0 0 0 0 0 0 0 0 0 0 0 0 0 0 0 69 249 255 196 251 3 0 0 0 0 0 0 0 0 0 0 0 0 0 0 0 0 0 0 0 0 1 3 4 126 68 198 255 0 0 0 0 0 0 0 0 0 0 0 0 0 0 0 0 0 0 0 0 0 11 0 0 10 0 0 0 12 0 0 0 0 0 0 0 0 0 0 0 0
2 1 0 2 0 0 6 0 0 4 8 1 0 0 1 2 0 0 0 2 4 3 0 0 0 0 0 0 0 0 2 6 4 2 10 12 0 0 0 0 0 5 3 0 10 7 2 0 0 0 0 0 0 0 0 0 9 5 0 0 0 0 0 0 7 5 0 0 0 1 0 0 0 0 0 0 0 3 7 10 0 0 0 0 0 0 7 3 14 16 0 8 0 0 3 2 1 2 7 10 4 7 9 6 4 2 0 0 0 0 0 0 0 3 5 0 0 0 0 7 0 0 0 0 0 0 0 0 0 0 0 0 0 2 2 0 0 0 0 0 4 0 0 5 3 0 12 0 10 2 0 2 8 7 3 0 0 5 5 1 3 8 3 0 0 0 0 0 2 2 0 19 0 0 22 0 0 0 0 1 0 0 0 6 0 4 2 0 0 0 4 5 0 0 0 0 0 3 0 7 0 46 224 255 252 255 255 241 196 164 166 185 225 204 148 71 13 0 0 3 0 0 0 0 3 9 0 9 0 42 213 251 243 255 255 249 251 254 252 252 255 246 249 220 30 1 0 3 0 0 0 0 0 0 0 18 0 0 38 12 125 163 189 191 190 187 186 193 189 245 255 246 57 3 0 0 0 0 0 0 6 0 0 0 0 0 2 0 0 4 5 0 3 3 0 0 10 176 241 246 70 5 11 1 0 0 0 0 0 0 0 0 5 10 5 9 11 10 0 0 0 7 4 3 0 228 255 255 67 0 0 0 0 0 0 0 0 1 7 0 0 0 0 2 0 3 6 1 1 0 0 8 5 231 241 202 17 0 2 10 0 0 0 0 6 2 0 0 0 4 0 12 0 7 5 0 2 0 0 0 101 255 253 156 6 2 0 3 0 0 0 0 0 0 0 7 8 1 0 0 2 0 0 0 3 8 5 9 186 254 250 88 4 6 1 0 0 0 0 0 0 3 0 2 0 0 10 5 0 4 6 2 1 0 0 14 255 247 239 19 0 0 9 0 0 0 0 0 0 0 0 0 0 0 0 0 0 6 0 9 0 0 6 37 250 255 104 8 11 0 4 1 0 0 0 0 0 0 0 0 0 0 0 0 3 0 16 0 9 0 4 150 245 255 68 2 4 0 1 3 0 0 0 0 0 0 0 0 0 0 0 0 0 0 5 0 2 2 25 244 255 230 38 5 2 0 0 0 0 0 0 0 0 0 0 0 0 0 0 0 0 0 0 0 2 0 114 255 254 130 0 0 0 0 2 4 0 0 0 0 0 0 0 0 0 0 0 0 8 0 11 0 0 11 221 248 243 46 0 0 0 1 4 0 0 0 0 0 0 0 0 0 0 0 0 0 2 0 14 3 0 113 255 255 182 1 12 7 3 0 5 0 0 0 0 0 0 0 0 0 0 0 0 0 0 0 0 7 16 216 246 250 47 0 0 0 0 0 10 3 0 0 0 0 0 0 0 0 0 0 0 0 3 4 4 0 118 249 251 223 0 14 5 5 1 0 3 0 0 0 0 0 0 0 0 0 0 0 0 0 0 7 0 0 226 250 245 81 0 0 0 0 0 0 0 0 0 0 0 0 0 0 0 0 0 0 0 0 2 0 15 135 255 255 171 16 0 0 0 0 0 0 0 0 0 0 0 0 0 0 0 0 0 0 0 0 0 25 0 87 255 211 17 0 0 0 0 0 0 0 0 0 0 0 0 0 0 0 0 0 0 0 0 0 0 0 9 4 0 0 0 20 0 0 0 0 0 0 0 0 0 0 0 0
1 1 0 0 0 0 0 0 0 0 0 0 8 5 0 0 2 0 0 4 5 0 0 3 0 0 0 0 0 0 0 1 1 1 2 2 7 5 1 0 0 0 1 5 4 7 7 1 0 0 2 10 0 0 0 0 0 0 0 1 2 2 3 3 0 0 0 2 0 0 2 0 0 0 0 0 1 5 2 0 0 0 0 0 0 0 0 0 0 1 1 1 6 0 6 9 0 0 2 0 3 2 3 6 8 5 0 0 0 0 0 0 1 1 0 0 0 0 0 0 2 0 0 0 0 3 6 3 0 0 0 2 0 0 0 14 0 0 0 0 1 1 0 0 0 0 0 0 5 11 5 3 10 3 0 0 9 0 0 3 7 3 0 0 0 0 0 0 0 0 1 2 3 4 4 5 0 5 0 0 4 0 0 18 0 3 4 0 0 10 12 1 0 0 0 0 0 0 1 3 5 8 9 10 0 30 21 26 85 128 171 242 244 255 230 117 17 0 0 0 0 0 0 0 0 9 0 0 0 105 247 162 159 220 255 237 241 255 249 251 252 247 248 253 71 0 0 6 0 0 0 0 0 0 0 3 12 125 255 203 255 243 252 255 255 254 238 255 245 255 255 245 74 8 2 6 0 0 0 0 0 1 8 6 0 17 48 0 91 62 102 158 156 100 46 45 59 204 255 255 66 0 0 0 0 0 0 0 0 0 6 5 0 10 10 0 20 0 4 14 2 0 0 5 47 234 255 247 55 20 5 2 0 0 0 0 12 0 0 0 0 0 0 3 0 0 9 0 0 1 5 0 78 255 255 206 0 2 0 0 0 0 0 0 0 0 3 6 7 5 0 0 10 0 8 1 0 4 0 0 94 255 255 182 0 2 0 12 0 0 0 0 1 1 0 0 0 0 6 3 0 0 1 3 7 1 0 3 189 247 232 109 0 4 2 0 0 0 0 0 0 6 0 3 0 0 10 0 0 1 3 0 0 3 9 52 234 252 255 96 0 0 8 0 0 0 0 0 0 0 0 0 0 0 0 0 0 19 0 0 8 0 0 187 246 255 232 0 12 2 0 8 0 0 0 0 0 0 0 0 0 0 0 0 0 0 0 8 0 4 26 211 244 255 3 0 0 5 11 0 0 0 0 0 0 0 0 0 0 0 0 0 10 0 5 5 0 7 133 255 255 228 0 15 0 0 6 18 0 0 0 0 0 0 0 0 0 0 0 0 6 0 5 0 0 35 237 255 254 111 14 0 6 11 0 0 0 0 0 0 0 0 0 0 0 0 0 0 0 1 7 0 0 123 255 241 203 21 0 0 0 14 2 0 0 0 0 0 0 0 0 0 0 0 0 0 1 0 2 0 18 233 253 253 166 0 5 15 0 0 3 13 0 0 0 0 0 0 0 0 0 0 0 0 6 0 0 0 117 255 251 248 114 0 18 0 8 0 0 0 0 0 0 0 0 0 0 0 0 0 0 0 0 0 4 20 234 247 247 196 9 7 1 0 3 5 5 0 0 0 0 0 0 0 0 0 0 0 0 0 15 0 0 152 238 247 255 70 0 0 0 0 0 0 0 0 0 0 0 0 0 0 0 0 0 0 0 0 0 15 0 194 255 255 169 0 0 0 0 0 0 0 0 0 0 0 0 0 0 0 0 0 0 0 0 0 1 0 0 225 249 157 23 2 0 0 0 0 0 0 0 0 0 0 0 0 0 0 0 0 0 0 0 0 0 17 0 0 3 10 1 1 0 0 0 0 0 0 0 0 0 0 0 0
1 0 3 0 0 6 2 0 0 0 0 0 0 0 0 0 0 0 0 4 3 0 0 5 0 0 0 0 0 8 2 6 0 0 0 0 0 0 0 0 0 0 0 0 3 0 0 0 0 0 0 0 0 0 0 0 0 14 0 0 0 3 5 4 3 3 3 3 3 3 3 3 6 1 0 3 5 0 0 0 0 0 0 0 0 6 0 7 1 8 0 0 0 0 0 0 0 0 0 0 0 0 0 0 0 2 3 4 0 0 0 0 0 0 7 2 0 9 0 25 0 0 0 0 0 0 0 0 8 10 8 2 0 0 0 4 0 0 0 0 9 0 1 0 0 0 0 0 3 3 3 3 3 3 3 3 0 0 3 4 3 1 0 0 0 0 0 0 0 0 0 14 9 0 32 0 0 0 0 0 0 0 0 0 10 6 0 0 0 5 5 0 0 0 0 0 0 9 0 0 0 5 218 249 255 255 255 255 255 255 255 255 183 138 70 12 0 0 2 1 0 0 0 0 0 0 4 2 0 29 152 255 250 255 227 221 224 218 230 222 242 249 255 78 0 10 0 0 0 0 0 0 2 0 2 8 0 0 39 92 70 57 20 15 10 0 6 0 21 124 241 196 5 0 12 9 0 0 0 0 5 0 0 2 1 0 0 0 5 0 0 2 0 0 2 0 6 68 255 143 7 2 0 0 0 0 0 0 1 0 0 0 0 1 5 10 0 0 2 12 1 0 9 7 15 191 255 104 0 0 0 7 0 0 0 0 0 2 6 3 0 0 0 0 6 3 4 0 0 0 0 0 105 255 222 28 3 20 0 0 0 0 0 0 0 0 0 0 1 1 0 0 2 0 0 0 10 15 0 1 207 247 200 0 0 0 0 12 0 0 0 0 4 0 0 0 2 4 5 4 0 0 1 0 11 0 0 35 233 235 27 22 5 9 15 0 0 0 0 0 0 1 4 6 1 0 0 0 0 2 1 0 1 0 14 133 239 200 0 0 1 0 0 8 0 0 0 0 0 0 0 0 0 0 0 0 0 0 1 2 1 4 0 201 253 99 7 0 0 6 2 0 0 0 0 0 0 0 0 0 0 0 0 0 5 6 0 0 8 0 67 224 204 27 0 6 0 1 0 6 0 0 0 0 0 0 0 0 0 0 0 0 1 7 0 0 11 0 178 255 142 0 0 16 0 3 0 5 0 0 0 0 0 0 0 0 0 0 0 0 0 0 4 2 0 10 242 251 67 0 8 8 0 8 0 0 0 0 0 0 0 0 0 0 0 0 0 0 0 0 3 7 0 74 251 179 1 8 0 0 0 4 5 0 0 0 0 0 0 0 0 0 0 0 0 0 6 0 0 7 0 165 254 104 0 16 0 0 13 0 0 5 0 0 0 0 0 0 0 0 0 0 0 0 0 4 0 1 6 214 250 46 2 9 0 2 12 0 0 6 0 0 0 0 0 0 0 0 0 0 0 0 0 19 3 0 0 206 229 2 3 0 4 0 0 6 0 3 0 0 0 0 0 0 0 0 0 0 0 0 0 3 0 0 51 251 192 126 89 18 0 3 0 0 7 0 0 0 0 0 0 0 0 0 0 0 0 0 18 0 0 11 58 245 255 226 43 0 0 9 1 0 4 0 0 0 0 0 0 0 0 0 0 0 0 0 0 9 26 0 3 192 239 141 3 0 0 11 0 0 3 0 0 0 0 0 0 0 0 0 0 0 0 0 22 0 0 13 0 0 10 0 0 0 4 4 0 0 5 0 0 0 0 0
0 0 0 0 0 0 0 0 0 0 0 0 0 0 0 0 5 0 10 0 0 9 3 0 0 0 0 0 0 0 0 0 0 0 0 0 0 0 0 0 0 0 0 0 0 12 0 1 0 0 3 14 0 0 0 0 0 0 0 0 0 0 0 0 0 0 0 0 0 0 0 0 0 12 0 7 13 13 0 0 0 0 0 0 0 0 0 0 0 0 0 0 0 0 0 0 0 0 0 0 6 0 3 0 0 3 0 7 0 0 0 0 0 0 0 0 0 0 0 0 0 0 0 0 0 0 0 0 7 0 4 5 3 1 10 0 0 0 0 0 0 0 0 0 0 0 0 0 0 0 0 0 0 0 0 0 0 8 0 10 0 0 14 0 0 0 0 0 0 0 0 0 0 0 0 0 0 0 0 0 0 0 0 0 0 17 0 0 0 22 0 15 0 0 0 0 0 0 0 0 0 0 0 0 0 0 0 0 0 0 0 0 10 0 0 34 119 223 0 0 0 0 0 0 0 0 0 0 0 0 0 0 0 13 0 0 12 76 201 218 156 142 167 246 222 98 0 6 0 0 0 0 0 0 0 0 0 0 0 0 0 16 0 96 188 243 90 141 189 168 179 244 184 14 2 0 0 0 0 0 0 0 0 0 0 0 0 0 3 0 66 240 255 137 17 3 0 6 183 221 10 0 12 3 0 0 0 0 0 0 0 0 0 0 0 0 10 3 227 255 136 0 5 0 0 109 254 71 1 9 0 1 0 0 0 0 0 0 0 0 0 0 0 0 5 171 255 166 29 1 13 3 31 216 152 0 5 0 6 0 0 0 0 0 0 0 0 0 0 0 0 0 2 232 140 41 9 0 0 3 122 237 29 11 4 0 0 13 0 0 0 0 0 0 0 0 0 0 0 0 0 63 41 0 0 3 0 117 240 71 0 0 0 0 21 0 0 0 0 0 0 0 0 0 0 0 0 0 2 6 0 10 0 2 64 239 153 1 3 0 10 0 0 8 0 0 0 0 0 0 0 0 0 0 0 0 2 0 0 0 9 0 225 204 0 0 0 0 0 0 0 0 0 0 0 0 0 0 0 0 0 0 0 0 4 0 0 13 0 74 255 84 0 0 0 0 0 0 0 0 0 0 0 0 0 0 0 0 0 0 0 0 5 0 8 2 11 225 182 5 0 0 0 0 0 0 0 0 0 0 0 0 0 0 0 0 0 0 0 0 0 1 4 0 127 250 36 2 0 0 0 0 0 0 0 0 0 0 0 0 0 0 0 0 0 0 0 0 0 12 0 79 246 104 0 5 0 0 0 0 0 0 0 0 0 0 0 0 0 0 0 0 0 0 0 0 2 0 20 205 197 2 6 0 0 0 0 0 0 0 0 0 0 0 0 0 0 0 0 0 0 0 0 0 8 0 131 208 65 0 4 0 0 0 0 0 0 0 0 0 0 0 0 0 0 0 0 0 0 0 0 0 0 29 233 108 8 0 17 0 0 0 0 0 0 0 0 0 0 0 0 0 0 0 0 0 0 0 0 0 0 235 146 0 4 4 3 3 0 0 0 0 0 0 0 0 0 0 0 0 0 0 0 0 0 0 0 0 196 160 32 0 11 0 0 0 0 0 0 0 0 0 0 0 0 0 0 0 0 0 0 0 0 0 0 0 188 62 0 0 5 0 8 0 0 0 0 0 0 0 0 0 0 0 0 0 0 0 0 0 0 0 0 0 20 6 0 0 2 5 1 4 0 0 0 0 0 0 0 0 0 0 0 0
0 0 0 0 0 0 0 0 2 0 0 3 0 0 2 4 0 1 4 1 0 2 0 0 0 0 0 0 0 0 0 0 0 0 0 0 1 0 1 0 2 0 0 0 1 0 0 0 0 0 5 7 0 0 0 0 0 0 0 0 0 0 0 0 0 3 8 0 10 0 2 0 9 6 5 5 4 0 0 0 0 0 0 0 0 0 0 0 0 0 0 0 0 0 4 0 11 0 5 1 0 0 0 1 3 0 0 2 0 0 0 0 0 0 0 0 0 0 0 0 6 5 7 0 5 0 0 0 8 4 1 1 0 0 1 5 0 0 0 0 0 0 0 0 0 0 0 0 4 0 0 6 1 7 12 7 0 0 2 1 1 2 0 0 0 0 0 0 0 0 0 0 0 0 0 0 16 0 0 17 0 0 1 0 0 7 4 0 0 2 4 0 0 0 0 0 0 0 0 0 0 0 0 0 2 0 21 121 126 202 244 255 129 115 70 13 0 0 4 0 0 0 0 0 0 0 0 0 0 0 0 0 0 13 57 236 255 255 248 255 254 255 252 0 4 2 0 0 0 0 0 0 0 0 0 0 0 0 0 0 0 0 151 255 241 254 255 250 248 255 255 0 2 2 0 0 0 0 0 0 0 0 0 0 0 0 0 0 7 0 0 136 135 255 241 251 255 255 255 0 2 2 0 0 0 0 0 0 0 0 0 0 0 0 0 0 10 12 1 1 2 0 9 11 255 255 245 0 2 2 0 0 0 0 0 0 0 0 0 0 0 0 0 0 0 0 0 0 5 9 9 0 253 248 196 0 3 4 1 3 0 0 0 0 0 0 0 0 0 0 0 0 12 0 22 0 6 0 0 133 255 244 135 2 6 2 0 1 0 0 0 0 0 0 0 0 0 0 0 0 0 4 0 19 0 6 1 255 255 231 68 1 6 0 0 0 0 0 0 0 0 0 0 0 0 0 0 0 7 0 19 0 9 0 126 255 245 202 8 0 0 0 2 5 0 0 0 0 0 0 0 0 0 0 0 0 0 10 0 9 0 3 201 252 255 107 12 1 3 5 0 0 0 0 0 0 0 0 0 0 0 0 0 0 13 2 0 0 0 135 239 255 166 47 0 0 0 1 0 0 0 0 0 0 0 0 0 0 0 0 0 0 0 0 4 7 0 241 255 255 63 0 0 0 0 3 0 2 0 0 0 0 0 0 0 0 0 0 0 0 4 7 3 4 11 255 255 239 14 0 0 8 4 5 0 0 0 0 0 0 0 0 0 0 0 0 0 0 0 0 0 0 117 254 244 83 2 0 7 5 0 2 0 0 0 0 0 0 0 0 0 0 0 0 0 0 2 7 18 60 255 255 235 0 2 0 5 0 0 3 0 2 0 0 0 0 0 0 0 0 0 0 0 0 0 0 0 126 247 252 124 1 0 0 4 0 0 6 0 8 0 0 0 0 0 0 0 0 0 0 0 0 0 8 0 255 251 255 2 2 0 0 3 0 0 3 0 5 0 0 0 0 0 0 0 0 0 0 0 0 0 1 1 63 246 254 3 0 0 0 0 0 0 0 0 0 0 0 0 0 0 0 0 0 0 0 0 0 0 2 6 52 255 186 0 0 0 0 0 0 0 0 0 0 0 0 0 0 0 0 0 0 0 0 0 0 0 0 0 12 181 68 2 0 0 0 0 0 0 0 0 0 0 0 0 0 0 0 0 0 0 0 0 0 0 0 0 0 20 0 15 0 0 0 0 0 0 0 0 0 0 0 0 0
0 0 0 0 0 0 0 0 0 0 2 6 0 0 2 0 4 0 0 7 0 7 0 0 0 0 0 0 0 0 0 0 0 0 0 0 12 7 1 0 0 0 0 3 0 0 15 0 8 6 10 0 0 0 0 0 0 0 0 0 0 0 0 0 0 0 0 0 7 4 0 0 2 0 0 6 0 0 0 12 0 0 0 0 0 0 0 0 0 0 0 0 8 11 2 0 6 4 0 3 3 8 0 0 5 10 12 0 0 0 0 0 0 0 0 0 0 0 0 0 0 0 0 1 5 2 0 0 0 0 9 2 18 0 4 0 0 0 0 0 0 0 0 0 0 0 0 0 2 0 1 3 0 0 8 4 6 16 0 12 0 0 0 1 0 0 0 0 0 0 0 0 0 0 0 0 9 0 0 2 0 19 64 67 171 255 241 185 23 0 0 7 0 0 0 0 0 0 0 0 0 0 0 0 0 9 87 153 167 211 255 244 255 246 255 244 190 1 0 0 0 0 0 0 10 0 0 0 1 66 76 78 158 220 253 254 248 255 242 255 255 247 255 243 226 0 1 3 0 0 0 0 0 6 3 14 0 230 242 248 251 246 245 244 247 255 255 254 248 253 255 254 153 12 0 0 0 0 0 0 8 0 0 0 3 184 255 254 255 244 248 245 221 177 81 101 252 255 255 199 50 0 0 2 0 0 0 0 0 0 9 0 0 25 203 233 121 95 42 0 0 26 0 221 255 254 244 106 0 0 2 3 0 0 0 0 0 19 0 2 11 0 24 0 0 11 13 6 2 0 27 247 250 255 199 42 1 0 0 0 0 0 0 0 0 15 0 0 0 3 0 5 0 0 0 6 0 0 165 255 249 255 111 5 0 9 0 2 0 0 0 0 6 0 0 1 16 10 0 5 11 0 0 3 0 79 251 249 253 251 37 0 0 0 0 4 0 0 0 0 5 4 0 15 0 0 15 0 0 0 0 7 0 189 255 246 248 232 14 7 10 0 8 0 0 0 0 0 0 0 0 0 0 0 0 0 9 11 1 0 52 238 246 254 250 122 5 0 8 0 1 2 0 0 0 0 0 0 0 0 0 0 0 0 0 4 0 5 169 236 255 251 230 34 0 4 0 7 8 0 0 0 0 0 0 0 0 0 0 0 0 0 7 7 10 39 239 251 251 249 132 0 3 22 0 0 6 18 0 0 0 0 0 0 0 0 0 0 0 0 5 0 0 106 243 255 239 193 5 0 2 0 4 8 0 0 0 0 0 0 0 0 0 0 0 0 0 0 0 10 8 227 249 246 255 105 0 24 1 0 5 1 0 6 0 0 0 0 0 0 0 0 0 0 0 0 19 0 69 240 249 255 244 49 0 0 0 7 10 0 4 5 0 0 0 0 0 0 0 0 0 0 0 0 0 0 247 255 245 252 255 217 198 82 14 0 0 0 0 0 0 0 0 0 0 0 0 0 0 0 0 0 0 6 244 240 255 255 243 231 76 1 0 0 0 12 0 8 0 0 0 0 0 0 0 0 0 0 0 0 1 4 243 251 255 255 227 37 0 0 0 0 0 0 0 0 0 0 0 0 0 0 0 0 0 0 0 0 0 10 192 243 244 208 125 3 0 0 0 0 0 0 0 0 0 0 0 0 0 0 0 0 0 0 0 0 5 0 0 3 3 5 0 0 0 0 0 0 0 0 0 0 0 0 0 0 0 0 0 0 0 0 0 0 0 13 0 6 8 6 0 1 0 0 0 0 0 0 0 0 0 0 0 0
0 0 0 0 0 0 0 0 0 0 0 0 0 0 0 0 0 0 0 0 0 0 0 0 0 0 0 0 0 0 0 0 0 0 0 0 0 0 0 0 0 0 0 0 0 0 0 0 0 0 0 0 0 0 0 0 0 0 0 0 0 0 0 0 0 0 0 0 0 0 0 0 0 0 0 0 0 0 0 0 0 0 0 0 0 0 0 0 0 0 0 0 0 0 0 0 0 0 0 0 0 0 0 0 0 0 0 0 0 0 0 0 0 0 0 0 0 0 0 0 0 0 0 0 0 0 0 0 0 0 0 0 0 0 0 0 0 0 0 0 0 0 0 0 0 0 0 0 0 0 0 0 0 0 0 0 0 0 0 0 0 0 0 0 0 0 0 0 0 0 0 0 0 0 0 0 0 0 0 0 0 0 0 0 0 0 0 0 0 0 0 0 0 0 0 0 0 0 0 0 0 0 0 0 0 0 0 0 0 0 0 0 0 0 0 0 0 0 0 0 0 0 0 0 15 0 3 0 0 0 0 0 0 0 9 0 27 99 108 95 234 245 228 241 237 129 62 0 0 0 0 0 0 9 3 0 5 1 0 8 16 39 35 131 222 255 235 255 252 243 251 254 255 255 208 5 0 0 0 0 6 0 11 0 52 46 167 188 194 218 207 246 255 255 255 248 255 255 252 255 236 255 156 0 0 0 0 0 2 15 0 108 246 255 247 255 251 255 255 250 255 218 196 97 69 96 138 245 255 255 108 19 0 0 0 0 0 0 18 172 251 255 255 241 255 246 225 131 116 32 0 0 4 56 182 255 241 152 51 0 0 0 0 0 11 1 0 0 131 105 138 128 127 62 5 0 0 15 0 19 2 109 255 255 227 49 7 4 0 0 0 0 0 0 11 9 0 0 6 0 0 0 2 22 0 13 0 0 50 166 242 238 197 42 0 6 0 0 0 0 11 0 0 0 5 4 0 1 0 21 0 0 9 0 0 11 187 255 255 223 34 0 5 0 0 0 0 0 0 0 1 0 0 2 0 0 0 0 5 0 0 0 47 76 232 251 227 161 2 11 0 0 0 0 0 0 0 2 3 0 0 0 0 6 6 0 0 0 14 0 151 245 241 255 63 1 6 7 0 10 0 0 0 0 0 0 2 4 0 0 13 33 46 0 15 11 0 30 188 250 255 228 20 0 8 0 7 0 0 0 0 0 0 0 0 6 2 0 14 38 0 1 0 3 167 250 249 255 111 20 0 14 0 0 17 3 0 0 0 0 6 0 0 2 0 0 0 11 9 0 27 21 228 255 255 253 60 0 12 14 2 4 0 0 0 0 0 0 4 0 0 1 1 0 0 0 0 4 36 252 255 219 135 0 9 0 0 0 0 5 10 0 0 0 0 0 0 0 0 0 3 4 4 3 0 10 239 245 253 167 10 10 1 6 3 10 0 0 16 0 0 0 0 0 0 1 1 0 0 0 0 0 50 198 250 233 76 18 0 0 2 0 0 6 7 5 0 12 0 0 0 0 0 0 0 0 0 0 0 0 153 250 255 152 22 0 0 7 0 0 0 0 0 0 0 0 0 0 0 0 0 0 0 0 0 0 0 0 144 232 222 85 0 6 17 0 0 0 0 0 0 0 0 0 0 0 0 0 0 0 0 0 0 0 0 0 0 0 5 6 0 0 1 21 0 0 0 0 0 0 0 0 0 0 0 0 0 0 0 0 0 0 0 0 4 0 0 5 11 5 0 0 0 0 0 0 0 0 0 0 0 0 0 0
0 0 0 0 0 0 0 0 0 0 0 6 5 0 0 0 0 0 0 0 0 2 8 2 0 0 0 0 0 0 0 0 0 0 0 0 0 0 0 0 0 0 1 14 8 4 1 1 0 0 0 0 0 0 0 0 0 0 0 0 0 0 0 0 9 0 0 3 13 12 0 0 0 0 0 0 6 5 1 8 0 0 0 0 0 0 0 0 0 0 0 0 2 2 0 0 0 0 0 7 0 10 5 0 0 0 0 0 0 0 0 0 0 0 0 0 0 0 0 0 0 0 1 3 6 6 1 0 0 1 2 0 0 0 0 0 0 0 0 0 0 0 0 0 0 0 0 0 4 4 0 0 0 0 1 0 21 0 0 0 0 6 11 3 0 0 0 0 0 0 0 0 0 0 0 0 0 6 5 0 0 27 90 137 160 51 0 5 0 0 0 0 0 0 0 0 0 0 0 0 0 0 0 0 3 0 0 47 136 217 253 255 255 95 0 8 3 0 8 3 0 0 0 0 0 0 0 0 0 0 0 0 8 112 191 218 247 255 219 165 255 92 9 8 0 0 0 0 0 0 0 0 0 0 0 0 0 0 0 0 0 175 253 220 123 25 0 55 237 48 0 0 0 3 3 0 0 0 0 0 0 0 0 0 0 0 0 0 2 180 134 2 0 9 15 104 255 42 10 4 3 4 0 0 0 0 0 0 0 0 0 0 0 0 0 0 0 184 168 0 3 3 5 186 245 12 5 0 0 0 3 2 0 0 0 0 0 0 0 0 0 0 0 0 0 167 195 0 4 2 0 199 222 0 2 0 0 0 3 5 0 0 0 0 0 0 0 0 0 0 0 0 0 147 212 11 7 10 0 202 208 11 3 7 2 0 0 0 0 0 0 0 0 0 0 0 0 0 0 0 0 17 41 0 0 0 20 254 192 19 0 0 0 3 4 1 0 0 0 0 0 0 0 0 0 0 0 0 3 2 0 12 0 11 56 255 239 71 0 6 0 4 2 0 0 0 0 0 0 0 0 0 0 0 0 0 7 0 0 111 255 247 255 255 255 243 81 0 7 0 1 0 0 0 0 0 0 0 0 0 0 0 0 0 0 5 7 86 226 241 255 241 247 255 153 24 0 0 7 0 0 0 0 0 0 0 0 0 0 0 0 0 0 11 0 0 62 101 224 251 219 164 61 0 0 7 8 0 0 0 0 0 0 0 0 0 0 0 0 0 0 3 4 0 0 0 168 253 80 7 0 6 7 0 0 8 0 0 0 0 0 0 0 0 0 0 0 0 2 0 0 8 6 3 169 255 24 0 9 13 0 0 0 2 0 0 0 0 0 0 0 0 0 0 0 0 7 0 0 0 0 9 179 255 66 3 0 0 0 13 10 0 0 0 0 0 0 0 0 0 0 0 0 0 0 6 11 5 4 1 161 248 40 0 0 11 0 0 0 0 0 0 0 0 0 0 0 0 0 0 0 0 0 2 0 1 4 0 143 246 39 7 0 1 0 0 6 0 0 0 0 0 0 0 0 0 0 0 0 0 0 13 0 5 6 0 160 248 16 9 1 0 0 2 1 0 0 0 0 0 0 0 0 0 0 0 0 0 6 10 0 0 0 0 117 181 9 4 0 0 0 2 1 0 0 0 0 0 0 0 0 0 0 0 0 0 0 0 1 7 8 0 4 11 1 0 0 0 0 2 1 0 0 0 0 0 0 0 0 0 0 0 0 0 1 0 1 0 2 0 0 0 0 0 0 0 0 1 0 0 0 0 0 0
0 1 4 0 0 0 0 3 1 0 0 2 7 0 0 3 0 0 14 0 0 0 11 1 0 0 0 0 2 0 0 2 6 4 0 0 1 0 0 0 0 0 0 2 0 0 0 0 7 3 0 0 0 0 0 0 7 0 0 2 5 0 0 0 1 1 6 4 0 1 2 0 4 2 0 1 9 6 0 4 0 0 0 0 0 0 1 0 0 0 0 4 0 0 0 1 0 0 5 0 0 4 4 0 1 0 0 2 0 0 0 0 0 0 4 0 0 7 8 1 17 4 2 6 1 0 0 5 0 1 16 0 12 0 7 0 0 0 0 0 0 1 0 0 3 7 0 0 0 0 0 0 10 0 0 0 9 0 2 0 2 2 15 0 0 0 0 0 5 0 0 2 0 0 0 13 0 26 6 0 0 5 0 3 4 0 0 26 0 0 0 0 0 0 0 0 0 0 0 9 0 0 24 83 176 188 103 5 0 3 0 6 3 5 39 119 24 13 0 8 0 0 0 0 0 12 0 0 0 5 26 228 247 216 255 211 9 15 0 0 1 0 136 255 35 0 0 9 0 0 0 0 3 0 2 18 0 4 126 243 172 2 135 219 255 76 8 8 6 0 195 243 36 20 0 0 0 0 0 0 0 0 4 0 0 30 222 255 51 8 0 87 219 254 202 35 59 120 233 255 8 0 0 0 0 0 0 0 0 13 0 0 7 21 190 255 130 12 4 2 41 207 247 248 236 255 235 182 0 0 5 0 0 0 0 0 0 3 0 10 14 0 71 206 213 37 10 3 0 3 72 188 177 245 252 61 13 7 0 2 0 0 0 0 9 0 0 13 0 0 5 60 128 121 0 12 0 0 7 0 10 200 225 25 9 0 0 2 0 0 0 0 4 7 0 0 0 16 0 0 9 5 0 0 13 1 0 11 107 255 170 10 0 0 12 0 0 0 0 0 0 12 0 0 13 0 0 12 0 0 0 12 0 3 8 12 201 250 187 0 4 0 0 6 0 0 0 0 0 0 0 0 0 0 0 0 1 0 0 0 3 0 0 40 248 255 103 11 2 0 2 4 0 0 0 0 0 0 0 0 0 0 0 0 0 2 2 0 6 2 3 40 246 251 74 0 4 2 6 0 0 0 0 0 0 0 0 0 0 0 0 0 0 6 5 0 0 2 0 36 255 248 64 0 4 3 3 0 0 0 0 0 0 0 0 0 0 0 0 0 0 4 2 0 0 0 0 69 255 243 59 5 0 0 0 0 0 0 0 0 0 0 0 0 0 0 0 0 0 0 0 3 1 3 9 133 248 213 28 0 0 0 0 5 0 0 0 0 0 0 0 0 0 0 0 0 1 0 0 6 0 0 7 163 252 194 0 0 0 7 0 0 0 0 0 0 0 0 0 0 0 0 0 0 4 2 0 4 0 0 0 157 255 193 0 1 0 7 0 0 0 0 0 0 0 0 0 0 0 0 0 0 0 5 2 4 0 8 0 155 250 189 2 10 0 0 0 7 0 0 0 0 0 0 0 0 0 0 0 0 6 0 3 0 5 0 13 141 242 254 55 0 0 5 0 1 0 0 0 0 0 0 0 0 0 0 0 0 2 0 8 0 0 0 0 67 255 248 53 0 0 7 0 8 0 0 0 0 0 0 0 0 0 0 0 0 0 0 9 0 0 5 0 13 178 134 15 0 2 8 0 7 0 0 0 0 0 0 0 0 0 0 0 0 2 0 4 0 0 12 1 0 23 9 0 3 0 5 0 6 0 0 0 0
0 0 0 0 0 0 0 0 4 0 2 4 0 0 7 1 0 0 5 1 0 0 4 5 0 0 0 0 0 0 0 0 0 0 0 0 0 4 2 1 5 3 1 5 11 0 0 0 1 0 0 0 0 0 0 0 0 0 0 0 0 0 0 0 0 5 0 0 4 0 0 0 0 0 0 0 2 1 0 0 0 0 0 0 0 0 0 0 0 0 0 0 4 5 3 3 8 8 4 4 0 10 12 0 0 4 6 0 0 0 0 0 0 0 0 0 0 0 0 0 2 0 0 3 0 0 9 0 0 0 0 0 0 1 6 5 0 0 0 0 0 0 0 0 0 0 0 0 9 1 7 8 0 0 1 0 9 0 0 11 15 2 0 0 0 0 0 0 0 0 0 0 0 0 0 0 0 5 2 0 13 4 0 12 0 1 1 0 0 1 10 11 0 0 0 0 0 0 0 0 0 0 0 0 135 193 186 186 239 229 207 255 252 255 201 74 0 0 7 0 0 0 0 0 0 0 2 5 0 0 14 39 254 239 223 215 251 247 255 253 255 237 255 173 0 3 1 0 0 0 0 0 3 0 0 2 0 0 3 17 85 47 19 4 27 19 26 15 30 211 238 224 0 0 12 0 0 0 0 0 6 0 0 1 3 0 0 0 20 0 0 0 4 1 4 0 9 193 255 190 17 7 0 3 0 0 0 0 4 0 0 2 5 2 0 0 0 0 10 7 0 1 0 0 24 243 232 146 2 0 0 6 0 0 0 0 1 0 0 1 2 1 2 5 0 0 13 0 0 0 0 5 47 255 255 79 0 0 5 0 0 0 0 0 0 1 1 0 0 0 0 3 3 0 4 0 0 15 1 36 200 251 229 0 5 2 0 0 0 0 0 0 0 0 1 0 0 0 0 0 5 0 0 2 1 1 0 74 255 250 35 0 0 6 5 1 0 0 0 0 0 0 0 0 3 4 2 0 3 0 0 4 0 0 8 160 246 206 23 6 0 8 0 0 0 0 0 0 0 0 0 0 0 0 0 0 2 0 0 2 0 0 80 245 255 87 10 0 0 14 0 1 0 0 0 0 0 0 0 0 0 0 0 0 8 0 0 0 5 4 169 247 232 29 0 11 0 3 5 0 0 0 0 0 0 0 0 0 0 0 0 0 2 0 1 0 0 82 254 255 146 0 0 15 0 0 2 3 0 0 0 0 0 0 0 0 0 0 0 0 0 0 2 2 1 194 255 213 34 1 0 1 4 1 0 5 0 0 0 0 0 0 0 0 0 0 0 0 0 1 0 0 92 248 231 100 0 5 10 0 0 4 0 1 0 0 0 0 0 0 0 0 0 0 0 0 2 0 0 21 229 243 203 9 6 0 0 3 0 0 10 0 0 0 0 0 0 0 0 0 0 0 0 0 0 0 8 130 255 230 124 0 9 0 0 2 0 0 6 0 0 0 0 0 0 0 0 0 0 0 0 0 0 6 23 243 244 225 20 3 0 20 1 0 15 1 0 8 0 0 0 0 0 0 0 0 0 0 0 0 10 0 92 255 255 102 0 0 0 0 0 0 0 0 0 0 0 0 0 0 0 0 0 0 0 0 0 0 0 8 199 243 251 15 0 0 0 0 0 0 0 0 0 0 0 0 0 0 0 0 0 0 0 0 0 0 1 0 139 255 41 0 17 7 0 0 0 0 0 0 0 0 0 0 0 0 0 0 0 0 0 0 0 0 0 1 0 0 27 0 0 0 0 0 0 0 0 0 0 0 0 0 0 0
0 0 0 0 0 0 0 0 3 0 0 9 10 0 9 0 2 0 0 3 7 0 0 0 0 0 0 0 0 0 0 0 0 0 0 0 1 9 10 0 0 0 5 0 4 5 4 0 0 0 2 8 0 0 0 0 0 0 0 0 0 0 0 0 0 0 9 0 9 6 5 0 0 0 0 0 1 7 4 0 0 0 0 0 0 0 0 0 0 0 0 0 3 0 5 0 13 0 0 0 3 1 0 3 6 6 0 0 0 0 0 0 0 0 0 0 0 0 0 0 5 2 9 0 3 0 7 13 0 0 0 0 0 0 0 15 0 0 0 0 0 0 0 0 0 0 0 0 0 2 0 0 0 1 8 0 8 0 0 2 5 0 0 0 0 0 0 0 0 0 0 0 0 0 0 0 3 2 0 36 0 0 18 6 0 6 8 0 0 8 11 2 0 0 0 0 0 0 0 0 0 0 0 0 0 4 5 107 28 9 128 209 247 255 238 124 20 0 0 0 0 0 0 0 6 0 0 0 6 0 21 0 0 21 161 251 255 247 237 255 255 246 250 255 58 2 0 0 0 0 0 0 0 0 5 7 3 0 0 0 18 89 240 255 238 255 255 248 245 255 255 236 232 30 0 0 0 0 0 0 0 10 6 0 0 10 0 1 46 220 255 250 253 254 243 205 117 87 202 247 254 37 10 0 0 0 0 0 2 5 0 0 0 9 1 76 246 255 254 225 255 223 67 5 8 0 193 245 250 36 0 9 0 0 0 0 4 0 0 15 0 0 29 207 236 249 249 255 163 35 20 0 0 31 238 255 255 25 13 0 0 0 0 0 0 2 0 1 0 2 95 255 255 248 251 142 21 0 0 0 0 162 240 255 218 15 0 7 0 0 0 0 0 12 0 0 0 19 133 255 254 216 112 9 0 2 11 21 129 230 252 255 65 0 9 0 0 0 0 0 1 0 0 7 10 0 115 255 225 57 0 0 3 1 0 68 250 255 252 143 0 5 0 3 0 0 0 0 0 0 0 0 0 1 1 1 4 6 0 2 0 10 0 153 255 255 191 3 0 8 0 2 0 0 0 0 0 0 0 0 0 1 1 1 7 0 14 0 0 1 131 255 250 135 69 0 3 0 0 7 0 0 0 0 0 0 0 0 0 0 1 1 0 15 0 2 19 188 253 255 221 27 0 0 10 0 0 0 0 0 0 0 0 0 0 0 0 0 0 0 0 2 9 0 113 246 255 235 139 0 0 8 8 0 5 0 0 0 0 0 0 0 0 0 0 0 0 0 3 8 0 8 147 248 255 161 39 0 2 6 1 0 7 0 0 0 0 0 1 1 0 0 0 0 0 0 6 1 1 88 231 255 252 29 0 0 0 0 0 0 0 6 0 0 0 0 1 1 1 0 0 0 0 0 0 1 17 255 255 243 105 8 0 6 0 0 2 0 0 2 0 0 0 0 1 1 1 0 0 0 0 0 2 5 81 237 255 213 7 0 0 5 0 0 0 1 1 0 0 0 0 0 0 0 0 0 0 0 0 0 0 6 186 255 255 85 0 2 0 0 0 0 0 0 0 0 0 0 0 0 0 0 0 0 0 0 0 0 12 27 229 255 136 2 0 0 0 0 0 0 0 0 0 0 0 0 0 0 0 0 0 0 0 0 0 0 0 35 228 244 92 0 11 0 0 0 0 0 0 0 0 0 0 0 0 0 0 0 0 0 0 0 0 0 11 0 14 11 0 4 0 0 0 0 0 0 0 0 0 0 0 0 0 0
0 0 0 0 0 0 0 0 1 0 0 12 0 10 0 4 0 9 13 0 10 0 0 2 0 0 0 0 0 0 0 0 0 0 0 0 3 3 7 0 0 6 5 0 15 0 0 0 0 0 12 4 0 0 0 0 0 0 0 0 0 0 0 0 0 0 0 19 2 1 0 10 0 0 1 0 17 1 0 0 0 0 0 0 0 0 0 0 0 0 0 0 5 15 8 0 0 0 9 0 0 22 2 0 7 1 0 9 0 0 0 0 0 0 0 0 0 0 0 0 0 8 0 10 4 9 0 0 0 4 3 14 0 0 10 0 0 0 0 0 0 0 0 0 0 0 0 0 0 22 0 2 0 0 0 10 0 0 0 11 10 0 2 7 0 0 0 0 0 0 0 0 0 0 0 0 0 0 8 25 255 250 219 47 185 236 208 244 249 166 53 0 0 0 0 0 0 0 0 0 0 0 0 0 3 5 0 156 253 255 238 254 243 255 236 255 255 250 175 49 0 0 0 0 9 0 6 0 4 0 11 0 1 0 38 255 249 254 247 253 246 255 245 255 247 255 252 120 0 0 0 0 1 0 0 2 0 20 3 0 6 56 178 244 240 255 255 254 254 220 170 172 232 248 255 112 0 0 0 0 0 23 0 0 7 0 0 26 97 250 255 243 255 244 250 179 72 29 0 37 190 252 243 115 0 0 0 0 14 0 5 13 2 3 54 190 252 255 233 253 255 219 65 15 0 11 10 147 245 255 254 95 0 0 0 0 0 2 1 0 6 83 240 246 249 247 255 225 74 44 0 0 0 12 171 255 245 229 125 3 0 0 0 0 0 27 0 1 86 255 245 255 253 255 130 25 4 0 0 10 13 87 255 255 251 146 8 0 0 0 0 0 10 0 0 0 255 232 255 246 227 45 19 0 0 11 0 0 101 253 243 241 230 30 9 6 0 0 0 0 0 0 4 3 116 248 251 143 17 22 0 0 13 0 0 68 234 255 255 219 110 5 0 4 0 0 0 0 0 7 0 4 12 0 0 0 0 6 15 0 0 4 118 249 255 244 250 236 25 5 10 0 0 0 0 0 0 10 0 0 0 0 13 7 2 0 0 3 4 5 255 255 232 255 209 55 9 0 0 6 0 0 0 0 2 0 0 2 0 0 7 0 3 2 0 12 10 105 255 239 252 220 127 0 16 0 8 4 0 0 0 0 8 0 0 12 8 0 0 0 0 6 33 62 83 238 252 231 125 37 0 0 0 0 10 0 0 0 0 0 3 0 5 5 0 0 0 10 0 53 154 255 255 251 213 103 1 0 0 8 1 10 5 8 0 0 0 0 0 6 5 0 0 11 0 0 58 239 255 249 240 209 124 0 0 2 9 2 0 0 0 0 0 0 0 0 0 4 0 0 10 10 0 31 174 255 234 255 246 138 0 13 16 0 0 9 0 0 17 2 0 0 0 0 0 0 4 0 0 0 17 157 250 255 252 254 254 118 7 0 0 6 3 6 0 5 1 0 0 0 0 0 0 0 1 0 10 0 16 128 249 255 251 255 239 119 5 0 0 0 0 0 0 0 0 0 0 0 0 0 5 4 0 0 8 0 0 46 233 229 255 227 71 0 0 0 0 0 0 0 0 0 0 0 0 0 0 0 1 1 2 0 4 7 0 0 13 0 0 0 0 4 12 0 0 0 0 0 0 0 0 0 0 0 0 0 0 0 5 0 0 2 5 3 0 18 0 0 9 0 0 7 0 0 0 0 0 0 0 0 0 0 0 0
0 0 0 0 0 0 0 0 8 4 0 0 6 5 0 0 1 6 5 0 0 0 0 0 0 0 0 0 0 0 0 0 0 0 0 0 0 2 8 1 0 0 0 0 0 0 0 0 1 3 3 1 0 0 0 0 0 0 0 0 0 0 0 0 10 0 0 7 4 0 6 11 6 3 1 3 3 0 0 0 0 0 0 0 0 0 0 0 0 0 0 0 8 0 0 0 0 0 2 3 0 0 0 0 0 0 0 3 0 0 0 0 0 0 0 0 0 0 0 0 0 6 14 4 0 2 2 0 7 4 4 7 7 3 1 1 0 0 0 0 0 0 0 0 0 0 0 0 0 0 0 0 7 1 0 6 0 0 2 2 1 1 0 0 0 0 0 0 0 0 0 0 0 0 0 0 0 13 7 0 8 0 0 10 3 14 12 0 0 0 3 0 0 0 0 0 0 0 0 0 0 0 0 0 85 235 255 191 152 150 138 140 138 136 103 47 9 3 3 0 0 0 0 0 0 0 0 0 0 0 0 0 222 250 252 255 255 250 255 252 254 247 255 244 223 5 0 1 0 0 0 0 0 0 0 0 0 0 0 0 226 251 255 174 175 159 173 158 252 251 246 255 241 78 10 0 0 0 0 0 0 0 0 0 0 0 0 0 214 255 145 17 0 4 0 14 3 179 240 247 255 53 0 16 0 0 0 0 0 0 0 0 0 0 0 0 6 94 1 1 0 13 0 0 19 244 255 252 227 3 0 0 0 0 0 0 0 0 0 0 0 0 0 0 6 4 0 0 3 0 21 4 138 254 239 234 61 0 16 0 0 0 0 0 0 0 0 0 0 0 0 0 0 0 9 0 12 0 0 80 236 255 245 155 0 0 0 2 0 0 0 0 0 0 0 0 0 0 0 0 0 21 0 0 6 9 33 201 255 241 147 2 0 5 0 11 0 0 0 0 0 0 0 0 0 0 0 0 7 0 0 6 1 0 184 252 254 246 82 0 0 3 12 0 0 0 0 0 0 0 0 0 0 0 0 0 0 13 0 2 0 127 255 254 255 115 7 0 4 7 0 6 0 0 0 0 0 0 0 0 0 0 0 0 2 2 0 9 44 245 255 241 186 24 0 14 6 3 5 0 0 0 0 0 0 0 0 0 0 0 0 0 0 0 0 32 171 255 246 222 44 0 0 2 1 3 0 2 0 0 0 0 0 0 0 0 0 0 0 0 8 1 36 136 255 247 247 157 0 5 13 0 0 3 0 7 0 0 0 0 0 0 0 0 0 0 0 0 0 9 115 249 255 247 189 31 19 0 0 9 0 3 6 0 0 0 0 0 0 0 0 0 0 0 0 0 0 30 239 255 248 195 12 0 5 0 1 0 0 8 0 0 0 0 0 0 0 0 0 0 0 0 0 0 21 213 236 255 250 17 2 0 0 16 13 0 2 7 0 10 0 0 0 0 0 0 0 0 0 0 0 0 116 255 255 236 121 1 0 0 17 0 0 7 4 0 0 6 0 0 0 0 0 0 0 0 0 0 0 0 233 238 255 164 0 0 11 0 0 0 0 0 0 0 0 0 0 0 0 0 0 0 0 0 0 0 0 0 224 255 239 93 17 10 0 0 0 0 0 0 0 0 0 0 0 0 0 0 0 0 0 0 0 0 0 0 221 244 157 0 0 0 0 17 0 0 0 0 0 0 0 0 0 0 0 0 0 0 0 0 0 0 0 0 0 6 9 0 4 6 2 0 0 0 0 0 0 0 0 0 0 0 0 0
0 0 0 0 0 0 0 0 0 0 0 0 0 0 1 2 3 0 0 5 5 0 0 2 0 0 0 0 0 0 0 0 0 0 0 0 0 2 5 6 4 1 0 0 0 0 2 0 0 2 5 1 0 0 0 0 0 0 0 0 0 0 0 0 9 0 0 0 3 8 3 0 16 2 0 4 8 2 0 0 0 0 0 0 0 0 0 0 0 0 0 0 0 4 8 2 0 0 0 4 2 0 0 0 2 0 0 5 0 0 0 0 0 0 0 0 0 0 0 0 0 0 0 4 8 8 6 4 0 6 17 4 0 0 3 2 0 0 0 0 0 0 0 0 0 0 0 0 6 3 0 0 0 0 0 0 15 0 0 0 8 0 0 0 0 0 0 0 0 0 0 0 0 0 0 0 0 0 29 107 200 254 250 225 99 39 0 0 5 1 0 6 0 0 0 0 0 0 0 0 0 0 0 0 1 115 232 251 185 123 125 157 239 223 142 31 0 5 15 0 0 0 0 0 4 0 0 0 3 4 0 10 152 240 171 25 0 5 0 4 29 118 246 226 22 0 0 0 0 0 0 0 0 8 0 0 0 0 19 184 253 159 29 0 6 13 0 0 5 16 104 249 8 7 0 6 0 0 0 0 0 0 4 0 13 8 188 222 78 17 0 3 2 0 0 2 0 0 100 254 11 0 7 0 0 0 0 0 9 0 4 0 0 0 181 51 0 0 7 13 0 0 8 0 0 26 173 255 22 0 0 0 0 0 0 0 4 0 5 2 0 9 4 0 21 7 0 0 2 1 0 0 3 0 176 246 14 9 0 4 0 0 0 0 0 7 1 0 13 8 0 15 0 0 0 0 5 0 0 7 7 0 212 178 0 0 9 0 0 0 0 0 0 10 0 0 13 0 20 0 0 10 5 0 0 8 6 0 4 79 255 80 0 0 17 0 0 0 0 0 5 0 2 7 2 0 0 1 7 0 0 7 0 0 1 0 0 174 245 26 3 9 0 13 0 0 0 0 0 0 0 0 0 0 0 0 1 0 11 0 4 6 0 0 116 255 100 0 1 0 7 0 0 0 0 0 0 0 0 0 0 0 0 0 1 2 0 15 0 1 7 93 251 157 19 8 11 0 0 4 0 0 0 0 0 0 0 0 0 0 0 0 0 0 0 0 17 0 57 253 187 35 0 5 3 0 4 2 0 0 0 0 0 0 0 0 0 0 0 0 6 0 0 1 0 47 249 205 16 0 11 0 0 6 4 0 0 0 0 0 0 0 0 0 0 0 0 0 0 7 0 0 33 230 236 49 0 3 11 0 10 0 1 0 0 0 0 0 0 0 0 0 0 0 0 0 0 0 6 70 222 234 59 1 9 4 0 1 0 0 13 0 0 0 0 0 0 0 0 0 0 0 0 0 6 0 72 234 233 43 30 0 0 0 0 3 0 0 10 0 0 0 0 0 0 0 0 0 0 0 0 0 10 26 228 254 61 12 0 0 2 11 0 1 8 11 0 7 0 0 0 0 0 0 0 0 0 0 0 0 61 226 250 247 70 0 1 0 0 0 0 0 0 0 0 0 0 0 0 0 0 0 0 0 0 0 0 0 67 249 156 41 0 10 0 2 0 0 0 0 0 0 0 0 0 0 0 0 0 0 0 0 0 0 0 0 0 3 0 7 0 0 14 0 0 0 0 0 0 0 0 0 0 0 0 0 0 0 0 0 0 0 0 0 7 0 0 12 16 6 0 0 0 0 0 0 0 0 0 0 0 0 0 0
0 0 0 0 0 0 0 0 0 7 0 0 9 0 0 11 1 0 4 0 0 4 0 2 0 0 0 0 0 0 0 0 0 0 0 0 0 0 3 9 4 0 0 0 6 2 4 0 0 2 0 3 0 0 0 0 0 0 0 0 0 0 0 0 11 0 4 0 0 3 11 1 0 0 0 4 5 0 2 0 0 0 0 0 0 0 0 0 0 0 0 0 4 0 5 1 0 3 0 0 5 8 0 0 0 0 8 5 0 0 0 0 0 0 0 0 0 0 0 0 1 3 0 0 14 8 0 19 0 2 1 5 3 0 0 0 0 0 0 0 0 0 0 0 0 0 0 0 1 12 0 0 1 0 0 0 4 0 7 0 2 10 2 10 0 0 0 0 0 0 0 0 0 0 0 0 0 8 0 14 0 0 35 0 8 0 11 0 0 10 0 6 0 0 0 0 0 0 0 0 0 0 0 0 0 4 0 9 0 78 221 180 43 57 149 158 148 122 17 0 0 0 0 0 0 0 0 0 0 0 0 0 3 0 4 0 75 246 255 255 255 246 255 249 255 247 0 0 0 0 0 0 0 0 0 0 0 0 0 0 6 3 0 137 249 255 242 246 225 151 134 139 239 243 2 16 0 0 0 0 0 0 0 0 0 0 0 0 3 0 146 255 222 255 235 56 5 0 12 163 255 235 0 0 0 0 0 0 0 0 0 0 0 0 0 0 18 190 253 249 255 177 15 4 4 0 0 185 255 164 21 0 0 0 0 0 0 0 0 0 0 0 0 0 224 255 249 233 150 8 0 0 0 7 163 249 246 28 7 0 0 0 0 0 0 0 0 0 0 0 0 0 181 220 144 38 14 0 0 8 0 24 226 244 174 17 0 2 0 0 0 0 0 0 0 0 0 0 0 0 9 0 32 0 0 21 0 0 14 150 255 253 79 11 0 8 0 0 0 0 0 0 0 0 0 0 0 0 0 0 0 0 15 0 0 6 97 255 238 180 22 0 10 0 0 0 0 0 0 0 0 0 0 0 0 0 1 17 0 10 0 0 0 130 250 255 234 52 0 4 3 0 0 0 0 0 0 0 0 0 0 0 0 0 4 0 7 0 1 0 110 240 237 238 8 8 2 0 0 8 0 0 0 0 0 0 0 0 0 0 0 0 0 0 17 4 0 38 206 255 215 10 4 0 0 0 12 0 0 0 0 0 0 0 0 0 0 0 0 0 16 0 1 0 27 209 255 236 70 0 0 18 5 0 3 0 0 0 0 0 0 0 0 0 0 0 0 0 0 2 0 84 246 255 255 52 0 40 0 8 8 1 0 2 0 0 0 0 0 0 0 0 0 0 0 0 4 0 91 197 251 253 50 3 10 0 19 0 0 2 1 0 0 0 0 0 0 0 0 0 0 0 0 0 0 57 243 241 244 97 3 1 0 8 1 0 4 0 0 6 0 0 0 0 0 0 0 0 0 0 0 0 37 223 246 255 93 6 0 3 0 0 0 1 0 0 0 0 0 0 0 0 0 6 7 0 5 4 0 14 205 246 255 44 2 12 0 0 0 0 0 0 0 0 0 0 0 0 0 0 8 0 0 0 1 0 17 99 238 253 214 36 0 0 2 7 0 0 0 0 0 0 0 0 0 0 0 0 7 0 0 5 5 0 10 90 255 209 70 0 3 3 19 0 0 0 0 0 0 0 0 0 0 0 0 0 0 0 6 1 5 1 0 10 0 11 0 9 14 0 0 0 0 0 0 0 0 0 0 0 0 0 0 0
0 0 0 0 0 0 0 0 0 0 0 0 0 0 0 0 0 0 0 0 0 0 0 0 0 0 0 0 0 0 0 0 0 0 0 0 0 0 0 0 0 0 0 0 0 0 0 0 0 0 0 0 0 0 0 0 0 0 0 0 0 0 0 0 0 0 0 0 0 0 0 0 0 0 0 0 0 0 0 0 0 0 0 0 0 0 0 0 0 0 0 0 0 0 0 0 0 0 0 0 0 0 0 0 0 0 0 0 0 0 0 0 0 0 0 0 0 0 0 0 0 0 0 0 0 0 0 0 0 0 0 0 0 0 0 0 0 0 0 0 0 0 0 0 0 0 0 0 0 0 0 0 0 0 0 0 0 0 0 0 0 0 0 0 0 0 0 0 0 0 0 0 0 0 0 0 0 0 0 0 0 0 0 0 0 0 0 0 0 0 0 0 0 0 0 0 0 0 0 0 0 0 0 0 0 0 0 0 0 0 0 0 0 0 0 0 0 0 0 0 0 0 0 0 8 0 2 0 0 0 114 250 255 246 238 255 252 168 140 18 1 0 0 0 0 13 0 0 0 0 0 0 0 0 0 10 5 15 212 255 237 207 179 222 247 251 255 236 80 11 7 8 0 0 0 11 0 0 0 0 2 3 1 5 0 0 233 228 19 15 2 0 0 81 154 255 213 53 0 1 5 9 0 0 0 0 0 0 0 0 4 8 0 11 205 255 122 0 0 10 6 2 18 164 255 136 0 7 0 0 0 5 0 0 0 0 3 0 7 0 0 0 66 244 149 6 15 5 0 0 12 89 251 220 7 0 0 0 0 3 0 0 0 0 0 0 7 0 12 11 8 216 168 0 0 0 4 0 0 14 195 255 41 0 7 10 0 0 0 0 0 0 6 2 4 0 0 0 0 67 2 0 17 8 0 5 9 0 105 255 134 5 0 0 0 9 0 0 0 0 0 2 0 0 6 1 21 0 0 13 0 1 0 6 2 0 75 239 176 2 4 1 0 0 0 0 0 0 0 0 0 0 0 0 0 0 0 0 0 0 0 0 0 0 78 250 247 8 0 2 0 0 0 0 0 0 0 0 0 0 0 0 0 0 0 0 0 0 0 0 0 0 57 255 243 25 1 2 5 0 0 0 0 0 0 0 0 0 0 0 0 0 0 0 0 0 0 0 0 0 24 240 235 30 1 0 6 0 0 0 0 0 0 0 0 0 0 0 0 0 0 0 0 0 0 0 0 0 3 199 236 18 0 0 2 0 0 0 0 0 0 0 0 0 0 0 0 0 0 0 0 0 0 0 0 0 2 153 248 10 0 0 0 6 0 0 0 0 0 0 0 0 0 0 0 0 0 0 0 0 0 0 0 0 3 120 255 28 0 3 0 4 0 0 0 0 0 0 0 0 0 0 0 0 0 0 0 0 0 0 0 0 1 115 254 74 0 3 0 0 0 0 0 0 0 0 0 0 0 0 0 0 0 0 0 0 0 0 0 0 3 129 255 121 0 8 0 0 0 0 0 0 0 0 0 0 0 0 0 0 0 0 0 0 0 0 0 0 7 124 255 19 16 0 0 1 0 0 0 0 0 0 0 0 0 0 0 0 0 0 0 0 0 0 0 0 0 138 255 12 0 0 4 0 0 0 0 0 0 0 0 0 0 0 0 0 0 0 0 0 0 0 0 0 15 172 253 31 0 3 13 0 0 0 0 0 0 0 0 0 0 0 0 0 0 0 0 0 0 0 0 0 0 111 157 3 0 0 0 0 0 0 0 0
0 0 0 0 0 0 0 0 5 0 0 2 0 7 0 2 0 0 0 0 0 0 0 0 0 0 0 0 0 0 0 0 0 0 0 0 0 8 2 4 0 3 5 2 0 0 0 0 0 0 0 0 0 0 0 0 0 0 0 0 0 0 0 0 0 3 0 0 10 0 0 0 0 0 0 0 0 0 0 0 0 0 0 0 0 0 0 0 0 0 0 0 9 8 0 0 8 0 0 1 0 0 0 0 0 0 0 0 0 0 0 0 0 0 0 0 0 0 0 0 0 0 8 1 0 8 4 2 0 0 0 0 0 0 0 0 0 0 0 0 0 0 0 0 0 0 0 0 22 2 0 75 176 237 146 2 0 0 0 0 0 0 0 0 0 0 0 0 0 0 0 0 0 0 0 0 0 6 11 195 255 255 237 110 0 0 0 0 0 0 0 0 0 0 0 0 0 0 0 0 0 0 0 0 0 8 0 235 255 231 255 190 0 0 0 0 0 0 0 0 0 0 0 0 0 0 0 0 0 0 0 0 2 0 2 210 255 249 255 241 101 40 62 9 4 0 4 0 0 0 0 0 0 0 0 0 0 0 0 0 0 12 98 255 235 255 248 252 251 251 244 143 6 14 11 3 0 0 0 0 0 0 0 0 0 0 0 0 0 75 255 252 255 245 255 253 246 255 255 183 0 0 0 0 0 0 0 0 0 0 0 0 0 0 0 0 24 182 255 230 252 255 234 248 254 241 253 184 12 7 5 6 0 0 0 0 0 0 0 0 0 0 0 0 150 255 247 251 255 207 150 173 255 254 254 163 0 7 6 0 0 0 0 0 0 0 0 0 0 0 0 0 193 245 246 255 197 21 7 75 247 255 255 189 0 5 0 7 0 0 0 0 0 0 0 0 0 0 0 0 175 249 253 252 93 0 0 151 252 252 255 167 11 0 0 4 0 0 0 0 0 0 0 0 0 0 0 0 186 255 255 85 7 0 11 205 255 252 248 79 0 0 23 0 0 0 0 0 0 0 0 0 0 0 0 0 118 187 154 8 11 0 23 254 250 255 202 38 0 5 0 0 0 0 0 0 0 0 0 0 0 0 0 0 0 0 16 20 0 5 223 246 255 243 82 0 0 2 6 0 0 0 0 0 0 0 0 0 0 0 0 0 0 12 0 0 3 24 247 247 245 246 38 19 2 0 2 0 0 0 0 0 0 0 0 0 0 0 0 0 0 0 7 0 0 117 255 255 255 191 2 1 0 0 11 0 0 0 0 0 0 0 0 0 0 0 0 0 16 0 13 8 6 216 251 234 228 66 0 0 0 7 0 0 0 0 0 0 0 0 0 0 0 0 0 0 0 7 0 0 74 255 255 255 220 1 5 7 2 0 0 9 0 0 0 0 0 0 0 0 0 0 0 0 3 8 1 2 128 225 255 244 215 6 0 0 0 2 0 9 0 0 0 0 0 0 0 0 0 0 0 0 0 0 0 0 229 248 255 242 71 0 6 9 5 0 2 0 0 0 0 0 0 0 0 0 0 0 0 0 4 0 0 97 253 255 247 117 0 0 0 0 0 0 0 0 0 0 0 0 0 0 0 0 0 0 0 0 0 12 0 0 6 0 21 0 0 0 0 0 0 0 0 0 0 0 0 0 0 0 0 0 0 0 0 0 0 7 2 3 5 0 12 0 0 0 0 0 0 0 0 0 0 0 0 0 0 0 0 0 0 0 0 0 0 2 0 2 0 5 0 0 0 0 0 0 0 0 0 0 0 0 0 0
0 0 0 0 0 0 0 0 0 0 0 0 0 0 0 0 0 0 0 0 0 0 0 0 0 0 0 0 0 0 0 0 0 0 0 0 0 0 0 0 0 0 0 0 0 0 0 0 0 0 0 0 0 0 0 0 0 0 0 0 0 0 0 0 0 0 0 0 0 0 0 0 0 0 0 0 0 0 0 0 0 0 0 0 0 0 0 0 0 0 0 0 0 0 0 0 0 0 0 0 0 0 0 0 0 0 0 0 0 0 0 0 0 0 0 0 0 0 0 0 0 0 0 0 0 0 0 0 0 0 0 0 0 0 0 0 0 0 0 0 0 0 0 0 0 0 0 0 0 0 0 0 0 0 0 0 0 0 0 0 0 0 0 0 0 0 0 0 0 0 0 0 0 0 0 0 0 0 0 0 0 0 0 0 0 0 0 0 0 0 0 0 0 0 0 0 0 0 0 0 0 0 0 0 0 0 0 0 0 0 0 0 0 0 0 0 0 0 0 0 0 0 0 0 0 4 0 1 0 7 110 196 80 42 0 0 6 0 0 0 38 101 128 17 2 6 0 2 0 0 0 0 3 4 4 5 1 0 96 255 252 243 211 197 193 194 210 208 255 237 255 79 0 8 0 6 0 0 0 0 0 0 0 0 4 0 17 153 231 255 255 249 248 253 255 235 241 255 235 56 0 3 0 4 0 0 0 0 0 4 2 0 11 5 0 12 26 58 74 98 124 139 134 99 85 253 119 0 1 0 1 0 0 0 0 0 0 9 5 3 0 0 14 0 3 5 0 1 12 10 5 0 54 255 39 0 8 0 1 1 0 0 0 0 1 0 0 7 0 0 22 0 0 0 0 0 0 0 7 7 116 197 6 0 0 6 0 10 0 0 0 0 15 0 0 10 6 0 3 0 0 7 2 6 0 0 0 0 199 162 8 9 0 5 0 0 0 0 0 0 0 0 7 0 0 7 0 10 0 6 0 0 0 0 7 0 231 161 0 0 0 0 7 0 0 0 0 0 0 0 0 0 0 0 0 0 2 0 11 0 0 11 0 36 242 79 0 8 3 0 0 1 0 0 0 0 0 0 0 0 0 0 0 0 1 0 6 1 0 0 0 113 249 80 5 0 0 2 6 0 0 0 0 0 0 0 0 0 0 0 0 0 0 0 1 0 4 0 4 199 251 59 9 0 0 1 5 0 0 0 0 0 0 0 0 0 0 0 0 0 0 11 0 0 6 10 30 244 221 18 3 0 7 0 0 6 0 0 0 0 0 0 0 0 0 0 0 0 0 11 0 0 2 4 55 253 149 0 2 0 7 0 0 7 0 0 0 0 0 0 0 0 0 0 0 0 0 0 0 2 0 0 96 254 68 0 9 0 0 2 1 0 0 0 0 0 0 0 0 0 0 0 0 0 1 0 0 4 0 19 179 255 22 0 8 0 0 6 4 0 0 0 0 0 0 0 0 0 0 0 0 0 6 0 2 0 7 69 255 255 13 4 0 1 0 1 0 0 0 0 0 0 0 0 0 0 0 0 0 0 1 2 0 5 0 82 254 200 0 0 0 0 0 0 0 0 0 0 0 0 0 0 0 0 0 0 0 0 0 8 0 0 8 117 255 155 0 0 0 0 0 0 0 0 0 0 0 0 0 0 0 0 0 0 0 0 0 10 0 0 6 98 218 80 0 0 0 0 0 0 0 0 0 0 0 0 0 0 0 0 0 0 0 0 1 0 0 3 0 36 151 37 0 0 0 0 0 0 0 0 0 0 0 0
0 0 0 0 0 0 0 0 0 0 7 7 0 0 11 0 0 0 1 1 0 0 0 0 0 0 0 0 0 0 0 0 0 0 0 0 0 0 0 3 9 7 3 0 23 5 0 2 7 1 0 0 0 0 0 0 0 0 0 0 0 0 0 0 4 7 0 0 0 0 0 14 0 0 10 0 0 3 5 0 0 0 0 0 0 0 0 0 0 0 0 0 0 0 8 3 5 2 0 0 18 3 0 0 1 0 0 5 0 0 0 0 0 0 0 0 0 0 0 0 5 0 6 0 0 13 8 5 0 0 4 2 0 0 0 0 0 0 0 0 0 0 0 0 0 0 0 0 0 0 12 0 0 0 0 2 13 0 0 0 0 2 0 0 0 0 0 0 0 0 0 0 0 0 0 0 7 0 0 0 86 145 164 255 240 96 0 0 18 0 0 13 0 0 0 0 0 0 0 0 0 0 0 0 0 1 3 76 243 255 172 225 255 213 110 11 0 5 9 0 0 0 0 0 0 2 6 0 7 0 9 2 14 52 57 163 189 253 251 253 249 255 234 18 0 10 0 0 0 0 0 0 0 0 0 0 7 0 0 0 37 192 242 243 255 243 255 250 255 247 255 199 5 0 0 8 0 0 0 0 1 0 0 0 2 4 0 40 188 240 255 255 236 221 169 105 44 165 249 231 23 14 0 0 0 0 0 0 0 0 4 3 0 1 4 124 255 255 255 194 50 21 0 0 0 92 255 238 18 1 8 3 0 0 0 0 4 0 0 8 0 0 13 155 249 255 197 39 3 0 0 9 20 168 255 252 30 6 6 0 0 0 0 0 9 0 0 5 7 0 5 101 249 240 98 8 0 0 14 0 37 255 242 235 36 17 0 0 0 0 0 0 4 0 0 0 9 0 1 28 134 85 0 5 0 12 0 29 213 255 232 181 8 0 6 16 0 0 0 0 0 4 8 0 4 0 7 0 0 0 11 0 6 10 0 155 255 242 255 22 4 0 2 0 0 0 0 0 0 0 0 0 0 0 0 0 0 7 0 4 0 0 114 248 253 243 109 0 0 6 0 3 0 0 0 0 0 0 0 0 0 0 0 0 0 0 11 6 4 61 221 255 252 248 0 11 0 0 0 0 0 0 0 0 0 0 0 0 0 0 0 0 14 0 16 0 2 225 229 255 255 114 0 6 0 0 15 0 0 0 0 0 0 0 0 0 0 0 0 0 0 0 0 7 203 236 255 241 180 0 28 0 3 0 9 1 0 0 0 0 0 0 0 0 0 0 0 0 4 0 0 181 245 255 240 212 42 5 0 0 11 0 0 7 0 0 0 0 0 0 0 0 0 0 0 0 6 0 96 252 244 246 236 81 0 12 0 1 2 0 2 0 0 0 0 0 0 0 0 0 0 0 0 0 0 40 244 237 255 248 115 0 8 0 11 0 0 0 16 0 0 0 0 0 0 0 0 0 0 0 0 0 51 255 249 253 255 137 0 9 0 5 0 0 8 0 0 4 0 0 0 0 0 0 0 0 0 0 0 0 130 250 253 248 165 18 0 5 0 0 0 0 0 0 0 0 0 0 0 0 0 0 0 0 0 0 0 0 39 255 255 240 50 27 0 0 0 0 0 0 0 0 0 0 0 0 0 0 0 0 0 0 0 0 0 0 0 3 0 0 13 0 6 5 0 0 0 0 0 0 0 0 0 0 0 0 0 0 0 0 0 0 0 0 13 0 0 0 0 0 0 3 0 0 0 0 0 0 0 0 0 0 0 0
0 0 0 0 0 0 0 0 3 2 0 0 0 4 2 0 5 0 0 0 8 0 0 0 0 0 0 0 0 0 0 0 0 0 0 0 0 0 0 0 1 5 4 0 0 2 2 7 0 0 0 11 0 0 0 0 0 0 0 0 0 0 0 0 0 0 1 0 0 0 0 0 0 0 1 1 0 0 0 0 0 0 0 0 0 0 0 0 0 0 0 0 1 0 0 0 0 0 1 1 5 0 4 0 3 0 15 6 0 0 0 0 0 0 0 0 0 0 0 0 0 0 0 0 4 5 2 0 0 3 13 4 3 0 0 0 0 0 0 0 0 0 0 0 0 0 0 0 0 0 0 4 3 0 0 0 0 0 0 4 0 11 0 3 0 0 0 0 0 0 0 0 0 0 0 0 1 1 3 3 0 0 5 18 3 0 6 0 4 0 0 13 0 0 0 0 0 0 0 0 0 0 0 0 1 2 3 2 0 13 47 80 89 132 253 201 176 8 6 0 0 0 0 0 0 0 3 0 2 174 171 178 174 204 225 255 249 250 252 250 255 250 253 255 245 0 17 0 0 0 0 0 0 12 12 0 16 223 255 246 255 255 255 243 255 250 226 255 246 238 255 237 142 16 0 8 0 0 0 0 5 0 0 10 0 46 96 154 163 149 136 70 65 28 0 0 22 229 247 204 0 0 0 4 0 0 0 0 7 0 0 4 0 0 0 1 0 4 11 0 0 0 8 6 216 255 233 45 0 0 9 0 0 0 0 0 0 11 6 0 0 10 22 0 0 0 3 0 2 5 16 126 248 243 177 0 15 0 0 0 0 0 0 0 0 0 0 4 0 0 0 8 7 1 3 0 5 0 0 203 255 227 43 0 0 17 9 0 0 0 0 0 5 1 0 0 9 20 0 0 0 0 0 0 6 0 41 237 253 47 4 0 9 11 0 22 0 0 0 0 0 3 6 6 0 0 0 13 0 11 0 9 0 1 179 255 234 19 11 0 6 0 5 0 0 0 0 0 0 0 0 0 0 0 0 0 6 1 2 1 0 41 245 255 102 8 1 11 0 4 3 0 0 0 0 0 0 0 0 0 0 0 0 0 9 0 0 6 12 138 255 241 62 0 0 6 0 1 2 1 0 0 0 0 0 0 0 0 0 0 0 0 6 0 0 4 0 199 255 230 18 0 0 2 0 0 0 5 0 0 0 0 0 0 0 0 0 0 0 0 0 3 13 0 0 213 255 174 0 1 3 0 1 0 0 4 0 0 0 0 0 0 0 0 0 0 0 0 0 2 1 0 71 239 252 83 0 9 1 0 4 1 0 1 0 0 0 0 0 0 0 0 0 0 0 0 0 1 0 0 143 254 255 45 0 7 0 0 4 0 3 0 0 0 0 0 0 0 0 0 0 0 0 0 2 0 3 3 185 249 231 32 0 3 0 1 2 0 7 0 0 0 0 0 0 0 0 0 0 0 0 0 1 0 8 19 217 254 191 0 0 2 0 8 2 0 8 0 0 0 0 0 0 0 0 0 0 0 0 0 0 7 7 115 249 248 43 2 0 0 0 0 0 0 0 0 0 0 0 0 0 0 0 0 0 0 0 0 0 7 0 75 255 248 42 0 0 0 0 0 0 0 0 0 0 0 0 0 0 0 0 0 0 0 0 0 5 0 16 100 247 150 3 7 0 0 0 0 0 0 0 0 0 0 0 0 0 0 0 0 0 0 0 0 4 0 10 0 9 0 0 4 0 0 0 0 0 0 0 0 0 0 0 0
0 1 7 4 0 0 0 0 0 0 0 2 6 6 3 1 0 4 11 0 0 0 6 0 0 0 0 0 7 0 0 0 0 1 3 6 5 2 0 0 0 0 0 0 4 0 0 5 8 0 0 0 0 0 0 0 4 0 0 3 6 0 0 0 0 1 3 4 2 1 0 0 6 5 0 0 2 4 1 5 0 0 0 0 0 0 4 5 1 0 0 1 0 0 0 1 0 0 0 0 0 10 6 0 0 0 0 0 0 0 0 0 0 5 3 0 0 4 10 7 10 7 3 0 0 0 2 5 0 0 0 9 13 1 0 9 0 0 0 0 1 2 0 0 0 4 0 0 0 0 0 0 1 1 0 0 13 6 1 0 0 4 9 0 0 0 0 0 0 0 0 7 4 0 0 13 6 1 0 0 4 6 3 0 0 0 1 15 0 0 13 0 0 0 0 0 5 0 0 7 0 0 37 100 234 210 178 160 160 171 182 188 255 186 217 255 157 14 0 4 0 0 0 0 0 0 5 13 0 3 119 254 254 243 255 251 245 255 245 255 255 247 243 255 195 11 2 4 0 0 0 0 9 1 0 0 0 20 114 211 185 128 108 153 227 197 145 207 247 255 251 157 19 11 0 0 0 0 0 0 0 2 7 2 0 0 0 7 0 0 9 0 0 7 0 54 253 235 186 19 0 0 9 4 0 0 0 0 0 0 0 5 10 13 8 0 4 0 6 7 0 2 0 151 255 255 64 0 2 7 0 4 0 0 0 0 13 5 0 0 0 0 0 0 1 3 0 0 14 8 0 245 243 217 20 0 10 0 0 3 0 0 0 0 0 0 2 10 10 2 0 4 0 26 18 0 0 9 54 255 250 96 16 0 4 0 15 8 0 0 0 0 1 1 0 0 0 0 0 0 0 0 0 3 0 5 175 248 255 37 0 25 0 5 0 0 0 0 0 0 0 4 5 0 0 8 7 0 0 9 5 0 11 0 247 255 201 6 0 0 0 0 9 0 0 0 0 0 0 0 0 0 0 0 0 0 1 0 8 0 2 124 247 253 53 15 0 0 7 0 0 2 0 0 0 0 0 0 0 0 0 0 0 0 0 9 0 3 4 218 255 238 26 4 0 0 3 0 0 3 0 0 0 0 0 0 0 0 0 0 0 0 0 13 0 1 47 255 255 155 2 0 0 0 0 0 0 1 0 0 0 0 0 0 0 0 0 0 0 0 0 0 15 0 147 247 241 57 0 2 3 1 0 0 0 0 0 0 0 0 0 0 0 0 0 0 0 0 7 0 16 3 236 246 248 15 1 4 3 0 0 2 0 0 0 0 0 0 0 0 0 0 0 0 0 0 6 0 0 45 251 255 208 1 0 0 0 0 0 2 1 0 0 0 0 0 0 0 0 0 0 0 0 0 1 0 11 147 240 252 98 0 0 0 0 0 0 0 0 1 0 0 0 0 0 0 0 0 0 0 0 0 0 0 51 253 251 236 7 0 3 1 3 7 3 0 0 3 0 0 0 0 0 0 0 0 0 0 0 0 2 1 108 255 237 111 1 0 0 0 0 0 0 0 0 0 0 0 0 0 0 0 0 0 0 0 0 0 0 14 214 236 244 23 20 0 0 0 0 0 0 0 0 0 0 0 0 0 0 0 0 0 0 0 0 0 9 0 127 248 204 9 0 16 0 0 0 0 0 0 0 0 0 0 0 0 0 0 0 0 0 0 0 0 0 0 6 2 0 2 7 0 0 0 0 0 0 0 0 0 0 0 0 0
6 0 0 0 1 0 0 5 0 0 0 0 2 3 0 0 0 8 0 0 0 0 6 0 0 0 0 0 1 1 4 6 4 0 0 0 5 8 7 3 0 0 5 13 0 1 0 0 4 8 7 0 0 0 0 0 0 0 4 1 0 0 0 0 0 0 0 0 0 0 0 0 6 5 8 0 0 0 0 6 0 0 0 0 0 0 0 0 0 0 2 0 1 3 5 6 6 3 0 0 0 0 5 1 0 4 0 0 0 0 0 0 3 2 0 0 1 6 4 0 1 5 6 0 0 0 0 6 19 4 0 0 0 6 0 0 0 0 0 0 0 0 0 3 5 1 0 0 0 0 0 0 5 9 6 1 0 0 0 1 1 0 6 5 0 0 0 0 0 0 0 4 2 0 0 15 10 5 0 0 0 0 0 0 3 15 0 12 13 0 9 0 0 0 0 0 8 0 0 5 0 0 17 51 249 255 250 204 152 142 181 226 255 182 24 0 0 0 25 0 0 0 0 0 1 8 0 0 11 0 8 103 247 248 255 254 246 255 242 252 253 255 103 1 2 6 0 5 0 0 0 0 0 7 0 0 10 0 0 50 189 241 247 242 255 253 255 255 255 244 122 3 0 2 0 3 0 0 0 0 0 4 2 0 3 0 0 2 0 24 48 59 31 138 51 188 255 240 130 3 0 0 7 0 0 0 0 0 2 0 0 0 0 2 3 0 0 0 0 0 0 16 0 187 252 255 103 2 0 0 9 0 0 0 0 0 8 0 0 2 0 0 5 2 15 0 4 0 5 0 0 197 247 255 51 0 6 0 3 0 0 0 0 0 4 0 0 7 0 0 0 1 4 0 11 0 0 23 45 253 246 242 9 0 8 0 0 0 0 0 0 0 0 0 1 4 3 0 0 0 0 13 0 0 12 0 140 247 250 180 0 0 4 0 0 0 0 0 0 0 0 5 1 0 1 4 0 0 0 6 0 13 0 15 141 255 255 126 0 1 0 2 1 0 0 0 0 0 0 0 0 0 0 0 0 0 9 0 0 7 0 0 172 246 252 34 0 0 5 0 8 0 0 0 0 0 0 0 0 0 0 0 0 0 3 8 4 0 11 6 242 255 165 1 0 0 7 0 6 0 0 0 0 0 0 0 0 0 0 0 0 0 0 4 0 0 0 61 250 242 87 0 3 0 8 0 0 0 0 0 0 0 0 0 0 0 0 0 0 0 2 0 12 12 1 216 255 248 42 3 12 0 2 0 0 2 0 0 0 0 0 0 0 0 0 0 0 0 0 0 0 0 0 255 226 204 8 3 6 0 0 0 1 5 0 0 0 0 0 0 0 0 0 0 0 0 13 5 6 0 49 252 250 187 0 6 4 0 2 3 0 0 0 0 0 0 0 0 0 0 0 0 0 0 0 0 0 0 126 253 255 174 0 8 2 2 4 1 0 0 0 0 0 0 0 0 0 0 0 0 0 0 7 0 0 16 170 255 239 114 0 0 0 0 0 0 2 2 0 0 0 0 0 0 0 0 0 0 0 0 0 0 0 67 254 245 225 12 0 0 0 0 0 0 0 0 0 0 0 0 0 0 0 0 0 0 0 0 5 0 11 73 252 248 115 16 0 0 0 0 0 0 0 0 0 0 0 0 0 0 0 0 0 0 0 0 8 0 3 62 241 232 9 0 0 0 0 0 0 0 0 0 0 0 0 0 0 0 0 0 0 0 0 0 0 0 6 9 0 4 7 11 0 0 0 0 0 0 0 0 0 0 0 0
0 0 0 0 0 0 0 0 0 5 10 0 0 3 0 2 0 9 11 2 0 0 0 0 0 0 0 0 0 0 0 0 0 0 0 0 2 0 0 8 1 0 0 6 0 0 0 0 5 3 2 6 0 0 0 0 0 0 0 0 0 0 0 0 0 7 0 15 0 5 9 0 15 3 2 4 0 2 3 0 0 0 0 0 0 0 0 0 0 0 0 0 2 4 0 0 0 2 4 2 0 0 6 0 0 0 8 0 0 0 0 0 0 0 0 0 0 0 0 0 3 0 6 15 0 8 0 4 0 1 5 1 0 1 3 0 0 0 0 0 0 0 0 0 0 0 0 0 0 3 7 0 0 5 0 0 10 2 0 0 11 1 0 1 0 0 0 0 0 0 0 0 0 0 0 0 1 11 0 0 35 0 3 7 0 19 3 0 1 0 0 11 0 0 0 0 0 0 0 0 0 0 0 0 0 0 3 144 215 18 0 3 39 113 90 10 0 2 0 2 0 0 0 0 0 0 0 0 0 0 0 0 2 0 111 243 250 215 219 215 223 255 163 0 8 0 5 0 0 0 0 0 0 0 0 0 0 0 0 0 3 0 218 240 255 174 160 73 89 182 129 0 0 0 0 0 0 0 0 0 0 0 0 0 0 0 0 0 0 68 255 197 5 1 0 2 0 136 83 4 0 1 0 5 0 0 0 0 0 0 0 0 0 0 0 0 6 81 244 156 6 3 0 4 13 194 61 2 0 5 0 3 0 0 0 0 0 0 0 0 0 0 0 0 0 0 56 0 0 0 12 0 83 255 50 1 4 0 3 0 0 0 0 0 0 0 0 0 0 0 0 0 0 11 0 5 0 5 0 5 111 215 19 0 6 0 8 0 0 0 0 0 0 0 0 0 0 0 0 0 5 0 0 0 3 0 4 10 168 129 0 0 2 0 11 0 0 0 0 0 0 0 0 0 0 0 0 0 2 0 9 14 0 0 9 7 255 91 0 7 0 0 8 0 0 0 0 0 0 0 0 0 0 0 0 0 7 0 0 6 0 0 19 42 249 29 0 0 7 0 1 0 0 0 0 0 0 0 0 0 0 0 0 0 0 2 0 9 1 3 0 84 172 1 4 1 5 0 0 5 0 0 0 0 0 0 0 0 0 0 0 0 0 7 0 0 0 23 5 219 106 0 6 4 3 0 0 5 0 0 0 0 0 0 0 0 0 0 0 0 0 2 7 1 0 9 38 252 83 0 4 0 2 3 2 0 0 0 0 0 0 0 0 0 0 0 0 0 0 0 7 4 0 0 127 245 59 1 4 0 0 5 1 0 0 0 0 0 0 0 0 0 0 0 0 0 9 0 0 0 0 2 225 204 15 0 6 0 0 0 0 1 0 0 0 0 0 0 0 0 0 0 0 0 0 0 4 5 3 14 235 76 0 0 4 0 0 0 0 4 0 0 0 0 0 0 0 0 0 0 0 0 0 2 0 0 0 42 255 44 1 3 0 0 4 7 0 3 0 0 0 0 0 0 0 0 0 0 0 0 0 0 1 10 0 94 255 37 0 0 0 0 0 0 0 0 0 0 0 0 0 0 0 0 0 0 0 0 4 4 6 0 0 92 208 0 0 0 0 0 0 0 0 0 0 0 0 0 0 0 0 0 0 0 0 0 0 0 8 0 20 100 171 24 0 0 0 0 0 0 0 0 0 0 0 0 0 0 0 0 0 0 0 0 7 0 5 0 0 0 21 0 0 0 0 0 0 0 0 0 0 0 0 0
0 0 0 0 0 0 0 0 0 0 0 0 0 0 0 0 0 0 0 0 0 0 0 0 0 0 0 0 0 0 0 0 0 0 0 0 0 0 0 0 0 0 0 0 0 0 0 0 0 0 0 0 0 0 0 0 0 0 0 0 0 0 0 0 0 0 0 0 0 0 0 0 0 0 0 0 0 0 0 0 0 0 0 0 0 0 0 0 0 0 0 0 0 0 0 0 0 0 0 0 0 0 0 0 0 0 0 0 0 0 0 0 0 0 0 0 0 0 0 0 0 0 0 0 0 0 0 0 0 0 0 0 0 0 0 0 0 0 0 0 0 0 0 0 0 0 0 0 0 0 0 0 0 0 0 0 0 0 0 0 0 0 0 0 0 0 0 0 0 0 0 0 0 0 0 0 0 0 0 0 0 0 0 0 0 0 0 0 0 0 0 0 0 0 0 0 0 0 0 0 0 0 0 0 0 0 0 0 0 0 0 0 0 0 0 0 0 0 0 0 0 0 0 0 0 0 0 0 0 0 0 0 6 0 111 251 156 57 142 162 219 250 236 38 0 0 10 0 0 0 0 0 0 0 0 0 0 0 0 0 0 124 229 247 255 255 255 169 81 131 240 49 0 12 1 0 0 0 0 0 0 0 0 0 0 0 0 0 50 255 255 245 175 24 0 0 1 147 198 6 8 3 0 3 0 0 0 0 0 0 0 0 0 0 0 0 53 238 255 212 9 0 1 2 0 210 193 0 6 0 0 5 0 0 0 0 0 0 0 0 0 0 0 0 10 118 16 67 0 0 4 3 6 200 222 17 0 12 0 2 0 0 0 0 0 0 0 0 0 0 0 0 8 1 0 0 0 13 7 0 66 243 150 8 0 6 5 1 0 0 0 0 0 0 0 0 0 0 0 0 0 19 0 0 27 0 0 15 139 255 36 0 7 0 12 0 0 0 0 0 0 0 0 0 0 0 0 0 11 0 4 0 0 3 5 0 155 204 7 11 0 0 8 0 0 0 0 0 0 0 0 0 0 0 0 0 0 2 4 0 5 0 0 3 217 150 6 2 0 7 1 0 0 0 0 0 0 0 0 0 0 0 0 0 0 3 6 0 3 0 8 41 248 128 0 1 0 1 0 0 0 0 0 0 0 0 0 0 0 0 0 0 2 0 1 4 0 0 22 149 255 80 0 3 0 0 0 2 0 0 0 0 0 0 0 0 0 0 0 0 0 1 0 0 0 0 6 205 221 27 0 6 5 0 0 0 0 0 0 0 0 0 0 0 0 0 0 0 0 9 0 0 0 24 0 196 158 0 0 3 1 1 2 0 0 0 0 0 0 0 0 0 0 0 0 0 3 0 0 3 0 2 29 245 97 0 7 0 0 0 3 1 0 0 0 0 0 0 0 0 0 0 0 0 10 0 1 8 2 0 129 255 41 0 6 0 0 0 0 7 0 0 0 0 0 0 0 0 0 0 0 0 0 0 11 0 5 13 219 174 1 0 0 0 4 1 0 7 0 0 0 0 0 0 0 0 0 0 0 0 0 2 0 0 3 6 245 55 0 0 0 0 0 0 0 0 0 0 0 0 0 0 0 0 0 0 0 0 0 7 0 0 6 43 255 52 0 0 0 0 0 0 0 0 0 0 0 0 0 0 0 0 0 0 0 0 0 8 4 0 5 86 255 48 0 0 0 0 0 0 0 0 0 0 0 0 0 0 0 0 0 0 0 0 0 3 1 0 0 107 255 47 0 0 0 0 0 0 0 0 0 0 0 0
0 0 0 0 0 0 0 0 1 0 0 4 3 0 0 6 0 0 0 0 0 0 0 0 0 0 0 0 0 0 0 0 0 0 0 0 2 0 0 2 1 0 0 1 0 0 0 0 0 0 0 0 0 0 0 0 0 0 0 0 0 0 0 0 4 0 0 1 2 0 0 0 0 0 0 0 0 0 0 0 0 0 0 0 0 0 0 0 0 0 0 0 4 1 0 1 3 3 1 0 0 0 0 0 0 0 0 0 0 0 0 0 0 0 0 0 0 0 0 0 0 0 0 0 1 3 2 1 0 0 0 0 0 0 0 0 0 0 0 0 0 0 0 0 0 0 0 0 0 0 1 0 0 0 1 0 0 0 0 0 0 0 0 0 0 0 0 0 0 0 0 0 0 0 0 0 0 6 9 2 0 0 0 0 0 0 0 0 0 0 0 0 0 0 0 0 0 0 0 0 0 0 0 0 3 14 17 8 0 0 1 3 0 0 0 0 0 0 0 0 0 0 0 0 0 0 0 0 0 4 29 168 178 203 246 80 0 4 0 0 0 0 5 5 74 163 188 123 0 0 0 0 2 0 9 0 21 54 212 253 253 252 201 19 12 0 9 4 9 102 93 178 251 252 253 249 0 0 0 0 8 0 0 19 81 250 252 255 255 170 39 89 128 124 134 206 243 247 252 255 246 255 255 182 0 0 0 0 0 14 0 0 179 241 250 245 254 255 245 251 250 255 255 229 243 255 248 255 255 250 172 18 0 0 0 0 0 5 1 0 246 255 255 255 251 239 254 255 253 251 250 255 186 179 227 253 247 228 41 2 0 0 0 0 0 0 0 26 143 239 145 134 134 143 117 134 120 133 21 29 0 70 228 255 255 127 0 0 0 0 0 0 0 11 0 1 0 2 11 0 0 3 21 0 18 7 0 5 15 223 245 253 250 16 20 0 0 0 0 0 10 0 13 0 3 0 0 15 5 0 1 6 0 9 3 3 189 237 255 252 70 21 0 0 0 0 0 0 0 0 0 0 0 0 0 0 6 0 0 13 2 0 0 31 230 255 237 255 21 2 8 0 0 0 0 0 0 0 0 0 0 0 0 0 0 15 0 0 0 0 38 220 255 239 255 88 0 1 0 10 0 0 0 0 0 0 0 0 0 0 0 0 0 0 13 0 8 1 123 255 252 240 167 0 0 4 0 5 0 0 0 0 0 0 0 0 0 0 0 0 16 0 1 5 3 81 255 248 247 193 25 0 8 4 4 0 0 0 0 0 0 0 0 0 0 0 0 0 0 0 0 1 13 167 255 240 250 74 0 0 6 0 0 0 0 0 0 0 0 0 0 0 0 0 0 0 0 15 13 4 155 248 244 255 161 0 5 3 0 0 4 4 0 0 0 0 0 0 0 0 0 0 0 0 2 0 5 58 236 255 248 234 38 0 0 19 0 0 10 0 0 0 0 0 0 0 0 0 0 0 0 0 0 2 21 244 251 255 249 128 0 0 8 0 9 0 0 0 0 0 0 0 0 0 0 0 0 0 0 0 0 13 135 255 251 248 205 3 0 0 0 0 0 0 0 0 0 0 0 0 0 0 0 0 0 0 0 0 0 56 249 243 255 239 15 0 0 0 0 0 0 0 0 0 0 0 0 0 0 0 0 0 0 0 0 0 0 36 37 21 32 20 0 7 0 0 0 0 0 0 0 0 0 0 0 0 0 0 0 0 0 0 0 0 1 0 0 9 0 0 22 0 0 0 0 0 0 0 0 0 0 0 0 0
0 0 0 0 0 0 0 0 0 0 5 3 0 1 1 1 5 4 0 0 1 7 3 0 0 0 0 0 0 0 0 0 0 0 0 0 10 0 0 0 2 1 0 0 0 0 1 0 0 0 3 5 0 0 0 0 0 0 0 0 0 0 0 0 10 0 0 0 6 3 2 5 0 7 12 8 3 0 0 0 0 0 0 0 0 0 0 0 0 0 0 0 0 3 6 5 0 0 0 0 0 0 0 0 0 3 1 0 0 0 0 0 0 0 0 0 0 0 0 0 0 0 2 0 0 6 7 1 12 6 0 0 0 0 0 1 0 0 0 0 0 0 0 0 0 0 0 0 8 8 3 0 0 7 4 0 0 0 7 11 5 0 0 0 0 0 0 0 0 0 0 0 0 0 0 0 0 0 0 8 3 0 0 4 5 0 0 0 2 2 2 4 0 0 0 0 0 0 0 0 0 0 0 0 6 31 88 141 150 142 172 223 146 88 23 0 0 1 1 0 0 0 0 0 0 8 7 0 8 6 0 6 92 228 255 249 255 253 255 255 255 240 149 11 0 11 0 2 0 0 0 0 1 0 0 0 3 0 4 81 255 255 251 254 250 201 182 235 255 255 231 161 7 0 0 2 0 0 0 0 4 0 0 2 0 0 13 99 254 145 61 13 8 0 0 31 0 251 255 164 11 0 18 0 0 0 0 0 0 0 5 0 1 4 2 32 59 19 1 0 6 24 3 0 8 32 253 255 1 0 9 0 0 0 0 0 0 2 7 0 0 13 0 0 3 4 0 6 0 0 5 3 19 122 236 255 31 0 7 0 0 0 0 0 4 0 2 0 0 4 0 2 0 6 0 15 6 0 15 0 0 184 255 216 6 12 0 15 0 0 0 0 5 0 2 0 0 0 0 14 2 5 0 0 0 6 5 0 24 255 252 140 0 0 12 0 0 0 0 0 0 0 6 0 0 5 0 0 2 0 6 1 1 0 0 29 194 254 233 34 11 5 0 0 0 0 0 0 0 0 0 0 0 0 0 0 1 0 7 0 0 2 0 124 247 255 144 2 0 13 0 0 0 0 0 0 0 0 0 0 0 0 0 0 0 9 2 5 0 0 115 239 255 214 40 0 19 0 0 7 0 0 0 0 0 0 0 0 0 0 0 0 0 0 0 0 0 109 203 255 242 70 0 3 0 0 0 7 0 0 0 0 0 0 0 0 0 0 0 0 8 19 0 0 34 222 255 250 131 0 4 15 0 10 0 0 0 0 0 0 0 0 0 0 0 0 0 0 0 0 0 73 234 255 236 80 8 10 0 1 7 0 2 0 0 0 0 0 0 0 0 0 0 0 0 0 14 0 17 205 255 243 86 7 0 3 1 0 0 2 0 4 0 0 0 0 0 0 0 0 0 0 0 0 0 0 225 255 246 81 5 0 15 0 8 1 0 7 2 1 0 0 0 0 0 0 0 0 0 0 0 0 0 52 231 255 124 10 3 0 0 19 0 4 13 0 9 0 0 0 0 0 0 0 0 0 0 0 0 0 5 94 242 230 31 0 18 0 0 0 0 0 0 0 0 0 0 0 0 0 0 0 0 0 0 0 0 0 0 175 255 134 0 11 0 0 0 0 0 0 0 0 0 0 0 0 0 0 0 0 0 0 0 0 0 0 0 105 232 5 24 0 15 14 0 0 0 0 0 0 0 0 0 0 0 0 0 0 0 0 0 0 0 0 10 0 0 0 0 26 0 0 0 0 0 0 0 0 0 0 0 0 0 0
0 0 0 0 0 0 0 0 3 1 0 0 6 3 0 0 1 0 6 0 0 7 9 0 0 0 0 0 0 0 0 0 0 0 0 0 0 2 7 3 0 0 1 2 1 1 0 0 3 0 0 2 0 0 0 0 0 0 0 0 0 0 0 0 11 8 6 0 0 1 6 0 0 14 0 6 17 0 0 0 0 0 0 0 0 0 0 0 0 0 0 0 0 0 0 0 0 2 7 0 0 0 0 0 0 2 4 3 0 0 0 0 0 0 0 0 0 0 0 0 1 0 4 15 9 0 0 0 18 0 12 2 0 0 0 3 0 0 0 0 0 0 0 0 0 0 0 0 8 0 0 0 1 0 0 2 0 0 0 11 0 0 0 0 0 0 0 0 0 0 0 0 0 0 0 0 0 15 8 0 8 6 0 10 0 33 0 0 4 0 9 1 0 0 0 0 0 0 0 0 0 0 0 0 9 121 156 107 62 11 0 4 120 215 79 0 2 0 21 0 0 0 0 0 0 0 0 0 0 0 0 0 90 255 245 246 247 208 226 210 251 246 207 0 0 5 0 3 0 0 0 0 0 0 0 0 0 0 0 0 116 246 248 255 244 255 252 255 255 255 173 1 2 6 0 1 0 0 0 0 0 0 0 0 0 0 0 0 33 108 225 250 255 248 235 255 254 244 100 0 2 6 0 2 0 0 0 0 0 0 0 0 0 0 0 0 2 3 0 0 4 127 52 0 247 221 31 0 1 2 0 1 0 0 0 0 0 0 0 0 0 0 0 0 12 0 17 0 2 0 0 0 255 201 0 0 5 0 0 0 0 0 0 0 0 0 0 0 0 0 0 0 0 6 1 15 0 20 26 103 255 160 0 0 7 0 1 1 0 0 0 0 0 0 0 0 0 0 0 0 18 0 0 2 12 0 0 134 249 115 0 0 6 0 2 4 0 0 0 0 0 0 0 0 0 0 0 0 0 5 12 0 0 9 0 153 255 99 17 0 6 0 0 0 0 0 0 0 0 0 0 0 0 0 0 0 0 0 11 0 1 0 19 178 254 32 1 2 0 4 0 0 0 0 0 0 0 0 0 0 0 0 0 0 0 6 0 0 25 1 17 248 254 32 1 2 0 4 0 0 0 0 0 0 0 0 0 0 0 0 0 0 2 6 0 0 0 0 70 245 254 32 1 2 0 4 0 0 0 0 0 0 0 0 0 0 0 0 0 0 0 0 9 6 0 11 165 252 254 32 1 2 0 4 0 0 0 0 0 0 0 0 0 0 0 0 0 0 1 5 0 0 16 0 184 255 254 32 1 2 0 4 0 0 0 0 0 0 0 0 0 0 0 0 0 0 7 0 2 0 0 0 193 247 254 32 1 2 0 4 0 0 0 0 0 0 0 0 0 0 0 0 0 0 0 0 17 3 0 20 175 255 254 32 1 2 0 4 0 0 0 0 0 0 0 0 0 0 0 0 0 0 7 0 11 0 3 0 42 248 254 32 1 2 0 4 0 0 0 0 0 0 0 0 0 0 0 0 0 0 10 0 9 0 0 0 37 222 254 33 0 11 0 13 0 0 0 0 0 0 0 0 0 0 0 0 0 0 1 0 10 0 0 0 6 117 252 55 0 0 0 2 0 1 0 0 0 0 0 0 0 0 0 0 0 0 0 0 7 0 0 0 0 15 186 70 19 13 3 7 3 0 0 0 0 0 0 0 0 0 0 0 0 0 0 2 0 0 0 2 2 0 4 0 0 0 0 0 2 0 0 0 0 0
0 0 0 0 0 0 0 0 3 0 1 12 0 0 2 1 3 5 0 0 18 0 0 4 0 0 0 0 0 0 0 0 0 0 0 0 8 1 0 0 0 8 9 0 1 3 3 0 14 0 0 0 0 0 0 0 0 0 0 0 0 0 0 0 0 1 5 7 8 0 0 0 0 0 15 0 0 0 1 11 0 0 0 0 0 0 0 0 0 0 0 0 0 6 1 0 0 0 0 14 1 0 0 0 9 15 0 0 0 0 0 0 0 0 0 0 0 0 0 0 0 13 3 0 6 19 4 0 15 6 0 0 0 0 0 11 0 0 0 0 0 0 0 0 0 0 0 0 0 0 0 0 0 0 0 9 0 6 0 1 6 0 0 4 0 0 0 0 0 0 0 0 0 0 0 0 9 0 0 12 0 4 66 137 252 218 48 0 0 5 4 0 0 0 0 0 0 0 0 0 0 0 0 0 0 36 84 92 106 175 240 249 241 255 89 9 0 0 8 0 0 0 0 0 0 0 0 0 0 0 0 0 56 231 255 255 237 228 118 19 113 248 56 0 6 0 3 0 0 0 0 0 0 0 0 0 0 0 0 0 12 67 60 46 17 4 1 0 128 255 66 3 9 0 0 12 0 0 0 0 0 0 0 0 0 0 0 0 3 0 0 5 1 0 3 6 164 255 47 0 7 1 0 1 0 0 0 0 0 0 0 0 0 0 0 0 2 4 0 5 9 8 1 0 216 230 25 0 0 4 6 0 0 0 0 0 0 0 0 0 0 0 0 0 0 11 0 0 0 2 0 55 255 162 4 7 0 0 7 0 0 0 0 0 0 0 0 0 0 0 0 0 2 13 0 13 4 2 0 104 255 95 0 0 4 0 4 1 0 0 0 0 0 0 0 0 0 0 0 0 0 23 60 102 118 145 159 241 254 134 81 0 1 10 0 0 0 0 0 0 0 0 0 0 0 0 0 0 0 113 246 255 245 255 255 250 254 244 241 37 0 3 0 5 0 0 0 0 0 0 0 0 0 0 0 0 0 3 3 6 0 2 55 245 233 61 8 2 0 5 1 0 0 0 0 0 0 0 0 0 0 0 0 0 10 0 8 0 0 0 135 255 130 10 0 6 0 10 0 0 0 0 0 0 0 0 0 0 0 0 0 0 0 0 0 13 6 8 170 255 62 0 0 0 0 5 0 2 0 0 0 0 0 0 0 0 0 0 0 0 0 11 0 0 6 0 195 249 36 3 1 0 0 0 0 8 0 0 0 0 0 0 0 0 0 0 0 0 6 5 3 0 4 25 248 198 2 0 3 1 4 4 0 0 0 0 0 0 0 0 0 0 0 0 0 0 0 0 0 24 0 129 255 112 0 0 0 1 2 2 0 0 0 0 0 0 0 0 0 0 0 0 0 0 3 8 0 16 24 216 250 55 7 2 0 0 0 0 6 2 0 0 0 0 0 0 0 0 0 0 0 0 0 0 2 0 162 248 205 0 0 0 0 8 0 0 9 0 0 0 0 0 0 0 0 0 0 0 0 0 0 0 4 0 159 255 81 0 0 0 0 0 0 0 0 0 0 0 0 0 0 0 0 0 0 0 0 0 10 0 0 11 167 238 78 0 0 0 0 0 0 0 0 0 0 0 0 0 0 0 0 0 0 0 0 0 0 1 11 0 1 13 0 13 0 0 0 0 0 0 0 0 0 0 0 0 0 0 0 0 0 0 0 0 10 8 0 0 1 0 0 3 0 0 0 0 0 0 0 0 0 0 0 0
0 0 0 3 5 0 0 0 0 1 4 4 2 0 0 0 0 2 1 0 0 3 5 2 0 0 0 0 5 2 0 0 1 0 2 4 0 0 0 0 0 0 3 6 0 0 0 0 0 0 0 0 0 0 0 0 0 2 1 0 0 0 2 2 6 3 0 0 0 2 3 3 0 2 3 2 3 5 5 1 0 0 0 0 0 1 4 0 0 0 0 0 0 0 0 0 0 0 0 0 0 0 0 0 0 0 0 0 0 0 0 0 0 2 3 0 0 1 2 0 0 0 1 2 4 5 5 4 4 3 1 1 0 0 0 0 0 0 0 0 4 0 0 0 0 0 0 2 4 3 1 0 0 0 1 5 0 0 0 0 1 1 2 5 0 0 0 0 7 0 0 4 9 1 0 0 0 0 4 4 0 0 1 5 0 0 1 7 6 0 0 0 0 0 0 0 9 0 2 26 34 15 0 0 0 16 38 51 52 50 50 52 56 52 51 50 39 19 4 0 0 0 0 0 0 2 103 164 255 131 96 104 102 109 236 255 242 253 255 243 255 241 255 248 251 122 5 1 0 0 0 0 0 9 238 253 243 255 241 255 254 235 255 254 249 249 254 255 236 235 255 245 246 255 0 3 0 0 0 0 12 0 255 246 244 245 255 243 255 255 250 238 255 246 242 251 255 255 244 229 255 238 7 0 0 0 0 0 0 0 176 9 0 20 0 1 0 6 0 0 14 3 0 0 0 185 255 255 220 29 0 7 0 0 0 0 17 12 0 0 0 0 0 0 0 8 0 0 0 0 3 0 64 229 255 195 61 2 1 1 0 0 0 0 0 0 8 15 0 12 9 0 1 0 0 6 0 2 0 8 148 245 252 156 0 7 9 0 0 0 0 0 20 0 0 0 16 0 19 0 0 0 0 7 2 0 0 84 230 252 251 143 9 0 4 0 0 0 0 0 0 4 16 0 0 13 0 2 2 6 0 0 1 8 52 255 255 240 250 122 0 12 0 15 0 0 0 0 0 0 0 0 0 0 0 0 4 0 2 8 0 0 158 240 255 247 109 0 8 0 6 0 0 0 0 0 0 0 0 0 0 0 0 0 1 6 0 0 4 20 241 244 236 128 25 0 6 0 5 3 0 0 0 0 0 0 0 0 0 0 0 0 0 0 0 0 0 142 255 255 255 53 0 0 5 0 9 2 0 0 0 0 0 0 0 0 0 0 0 0 0 0 4 4 39 231 253 250 255 49 0 3 0 5 12 0 0 0 0 0 0 0 0 0 0 0 0 0 0 6 2 0 142 230 255 240 184 29 6 0 0 7 2 0 0 0 0 0 0 0 0 0 0 0 0 0 1 0 0 0 168 247 246 254 106 0 0 0 6 1 0 5 0 0 0 0 0 0 0 0 0 0 0 0 2 0 0 0 140 255 228 255 89 0 0 3 12 0 0 6 0 0 0 0 0 0 0 0 0 0 0 0 0 7 0 3 152 237 255 245 99 8 0 0 0 0 4 0 0 0 0 0 0 0 0 0 0 0 0 0 0 4 1 6 65 242 255 250 107 0 0 2 0 7 0 1 0 0 0 0 0 0 0 0 0 0 0 0 2 0 0 0 34 197 236 253 84 2 5 7 0 5 0 0 0 0 0 0 0 0 0 0 0 0 0 0 0 2 4 0 0 56 45 45 32 0 4 2 0 4 0 4 0 0 0 0 0 0 0 0 0 0 0 0 0 0 6 10 0 14 0 7 0 0 1 0 0 5 0 5 0 0 0 0
