0 0 0 0 0 0 0 0 0 19 0 0 2 1 0 8 0 0 7 0 0 1 3 0 0 0 0 0 0 0 0 0 0 0 0 0 0 0 0 4 7 2 0 0 9 0 0 14 0 2 0 9 0 0 0 0 0 0 0 0 0 0 0 0 4 0 13 2 0 0 5 9 0 0 14 0 0 19 0 7 0 0 0 0 0 0 0 0 0 0 0 0 3 2 6 0 0 13 0 0 4 4 6 0 13 0 6 0 0 0 0 0 0 0 0 0 0 0 0 0 0 0 0 8 14 0 40 144 147 249 248 255 180 0 0 0 0 0 0 0 0 0 0 0 0 0 0 0 0 24 0 30 113 209 243 251 248 205 118 150 215 207 35 0 0 0 0 0 0 0 0 0 0 0 0 0 2 0 0 194 255 255 255 255 40 14 9 0 118 251 3 8 0 0 0 0 0 0 0 0 0 0 0 0 3 7 24 205 204 214 191 97 4 10 0 8 173 255 30 2 0 0 0 0 0 0 0 0 0 0 0 0 9 7 0 24 4 19 3 0 0 16 0 97 254 206 23 0 0 0 0 0 0 0 0 0 0 0 0 0 0 0 12 0 12 0 0 0 10 28 180 254 250 34 0 8 0 0 0 0 0 0 0 0 0 0 0 0 2 0 16 0 0 5 48 116 204 241 255 206 55 0 5 9 0 0 0 0 0 0 0 0 0 0 0 0 1 0 0 0 4 164 222 255 245 255 189 33 19 5 11 0 0 0 0 0 0 0 0 0 0 0 0 0 0 3 0 0 6 243 255 193 175 245 172 0 0 0 0 13 0 0 0 0 0 0 0 0 0 0 0 0 8 0 9 3 0 106 103 15 0 124 223 28 9 0 9 0 0 0 0 0 0 0 0 0 0 0 0 0 7 0 9 12 0 0 11 0 10 103 239 134 0 8 0 1 0 0 0 0 0 0 0 0 0 0 0 0 0 7 0 0 0 1 6 0 2 63 255 111 7 0 9 2 0 0 0 0 8 0 3 5 0 2 4 0 0 6 0 6 0 1 0 3 3 109 249 96 1 0 0 5 0 0 0 0 0 0 2 0 22 2 14 16 0 7 2 0 9 8 3 0 0 176 224 34 0 0 7 0 0 0 0 0 0 9 3 0 2 4 217 195 86 0 0 6 21 0 2 0 61 241 152 0 0 0 5 4 0 0 0 0 5 0 14 0 10 74 246 255 250 236 227 151 131 50 74 112 236 227 13 0 11 17 0 0 0 0 0 0 5 0 0 16 0 18 201 235 251 223 248 243 240 240 255 237 255 140 0 16 0 0 0 14 0 0 0 0 0 7 12 0 0 0 43 253 197 124 30 47 179 254 255 255 159 23 0 0 3 0 13 0 0 0 0 0 5 1 0 5 6 0 7 85 229 255 244 216 243 255 204 130 19 0 17 1 0 0 8 6 0 0 0 0 1 0 8 3 0 6 1 0 28 157 250 255 254 143 31 0 1 2 0 5 0 24 0 0 0 0 0 0 0 0 0 0 0 0 0 0 0 0 0 0 0 0 0 0 0 0 0 0 0 0 0 0 0 0 0 0 0 0 0 0 0 0 0 0 0 0 0 0 0 0 0 0 0 0 0 0 0 0 0 0 0 0 0 0 0 0 0 0 0 0 0 0 0 0 0 0 0 0 0 0 0 0 0 0 0 0 0 0 0 0 0 0 0 0 0 0 0 0 0 0 0 0 0 0 0 0 0 0 0 0 0 0 0 0 0 0 0 0 0 0
0 0 0 0 0 0 0 0 4 7 4 0 0 0 4 3 1 0 9 0 4 0 0 7 0 0 0 0 0 0 0 0 0 0 0 0 0 0 5 6 5 3 0 0 0 1 5 0 11 7 0 0 0 0 0 0 0 0 0 0 0 0 0 0 3 1 0 0 0 3 12 16 2 7 0 0 0 0 3 7 0 0 0 0 0 0 0 0 0 0 0 0 6 5 3 1 0 0 0 0 2 13 0 12 9 0 0 0 0 0 0 0 0 0 0 0 0 0 0 0 0 0 0 0 1 3 4 4 0 0 0 0 2 0 0 4 0 0 0 0 0 0 0 0 0 0 0 0 6 2 0 4 6 1 0 0 0 4 23 0 7 10 1 0 0 0 0 0 0 0 0 0 0 0 0 0 4 0 0 16 47 81 114 136 231 236 225 46 0 0 0 4 0 0 0 0 0 0 0 0 0 0 0 0 0 48 137 221 255 230 176 138 80 172 255 75 9 1 3 0 0 0 0 0 0 12 0 3 0 8 0 3 132 253 233 152 66 0 14 3 141 232 98 2 15 0 0 3 0 0 0 0 13 0 5 7 1 0 48 180 229 121 0 0 14 0 20 192 199 38 0 2 0 2 0 0 3 2 4 6 0 0 0 1 0 16 197 171 23 6 0 5 10 76 220 118 9 0 8 1 0 9 12 0 0 0 1 0 5 14 7 0 6 44 185 31 0 0 5 19 118 245 82 0 0 0 0 10 3 0 9 0 0 1 0 0 0 0 9 0 3 1 0 0 5 4 66 197 195 5 4 4 0 12 8 0 3 5 0 6 1 5 6 1 5 2 13 2 14 9 0 7 0 144 229 132 53 132 124 175 202 209 135 119 120 54 14 0 0 0 0 3 0 11 0 0 0 0 20 0 97 248 255 228 240 202 216 153 119 143 129 180 216 240 227 66 12 0 0 0 0 0 14 0 12 2 38 157 255 245 166 94 25 3 12 0 0 0 9 0 2 12 83 255 58 21 0 0 0 0 3 7 0 2 107 227 93 19 1 13 0 0 12 0 0 13 0 0 11 5 71 255 32 12 0 0 10 0 0 1 0 0 8 37 9 1 0 0 9 0 0 18 12 0 0 20 0 70 211 174 11 1 0 0 0 0 0 4 7 6 0 0 0 20 2 0 9 20 0 0 0 0 25 0 46 239 208 12 0 0 0 1 0 4 6 0 0 0 3 5 0 0 7 7 0 0 0 2 14 10 0 82 240 177 30 0 0 1 4 4 9 1 0 0 3 0 0 0 0 0 0 0 0 7 10 0 0 5 132 240 147 15 2 4 4 4 2 0 5 0 0 5 12 8 4 6 0 13 0 0 10 1 0 5 50 175 247 110 0 6 0 6 2 1 0 0 2 1 1 0 0 0 0 3 0 0 0 15 10 0 31 126 247 202 65 6 0 0 8 0 0 0 0 0 0 2 3 1 2 6 3 0 3 3 4 0 15 154 246 215 93 8 0 4 0 2 6 0 0 3 5 0 0 0 0 0 0 0 0 0 66 226 88 25 197 236 130 25 0 0 0 0 0 0 0 0 0 0 0 0 0 0 0 0 0 0 0 0 0 62 150 255 208 42 0 0 0 0 0 0 0 0 0 0 0 0 0 0 0 0 0 0 0 0 0 0 1 9 8 3 0 0 17 0 0 0 0 0 0 0 0 0 0 0 0 0 0 0 0 0 0 0 0 0 0 8 1 0 6 4 0 17 0 0 0 0 0 0 0 0 0 0 0 0
0 0 0 0 0 0 0 0 4 1 0 3 0 11 3 0 8 0 0 1 0 0 0 9 0 0 0 0 0 0 0 0 0 0 0 0 1 0 0 13 16 0 0 13 0 0 7 0 14 0 3 0 0 0 0 0 0 0 0 0 0 0 0 0 0 14 14 0 0 0 0 0 0 0 9 0 1 0 6 3 0 0 0 0 0 0 0 0 0 0 0 0 10 0 1 0 14 5 8 0 0 5 2 5 0 1 0 0 0 0 0 0 0 0 0 0 0 0 0 0 0 0 0 0 125 255 234 31 5 0 0 0 3 3 3 0 0 0 0 0 0 0 0 0 0 0 0 0 0 0 84 205 255 253 255 244 162 137 104 12 3 0 13 0 0 0 0 0 0 0 0 0 0 0 0 0 15 145 245 255 242 255 252 233 230 255 252 118 4 0 1 1 0 0 0 0 0 0 0 0 0 0 0 0 218 255 252 248 188 83 0 9 18 211 255 198 3 14 0 5 0 0 0 0 0 0 2 3 0 0 12 29 201 217 199 55 0 13 0 0 109 250 251 95 6 5 0 29 0 0 0 0 0 0 2 3 0 0 1 11 0 44 0 0 0 0 29 105 245 239 120 0 14 0 19 132 0 0 0 0 0 0 1 3 0 0 0 0 0 0 18 65 139 186 249 247 249 194 0 0 0 0 125 218 0 0 0 0 0 0 0 2 4 2 0 0 3 4 49 215 254 253 243 255 255 211 200 26 6 0 115 215 0 0 0 0 1 0 0 0 2 5 4 2 0 39 216 243 253 253 251 237 237 255 255 6 0 8 0 34 0 0 0 0 2 3 0 0 0 1 1 0 37 255 237 255 255 160 70 24 75 230 252 170 0 0 0 0 0 0 0 0 0 4 3 0 0 0 0 0 2 225 255 110 23 0 7 0 8 45 241 250 45 8 6 0 0 0 0 0 0 3 6 1 0 2 2 0 0 35 20 4 0 5 6 0 0 0 144 253 47 0 0 8 0 0 0 0 1 0 17 0 0 14 0 0 0 4 4 0 2 1 0 1 0 7 78 255 45 0 3 0 0 0 0 0 0 12 0 0 7 0 0 14 6 0 0 1 4 0 0 0 11 0 83 255 60 0 4 4 0 0 0 0 0 7 0 3 10 0 6 0 10 2 2 0 0 22 52 50 48 95 251 255 138 13 32 18 0 0 0 0 0 0 11 0 3 0 0 18 42 88 167 209 209 234 255 248 255 248 250 255 249 200 157 213 0 0 0 0 0 0 8 0 2 1 71 171 255 250 255 255 243 248 255 253 242 255 255 146 157 120 147 219 0 0 0 0 1 0 2 6 0 53 242 251 250 250 210 119 63 119 215 255 255 109 0 6 0 15 0 27 0 0 0 0 2 0 6 10 0 63 255 244 255 255 232 198 213 253 242 193 74 6 6 0 0 0 9 0 0 0 0 0 0 3 4 0 11 0 117 255 255 247 251 255 235 139 44 5 0 0 3 4 0 0 4 2 0 0 0 0 0 0 0 0 0 0 0 0 0 0 0 0 0 0 0 0 0 0 0 0 0 0 0 0 0 0 0 0 0 0 0 0 0 0 0 0 0 0 0 0 0 0 0 0 0 0 0 0 0 0 0 0 0 0 0 0 0 0 0 0 0 0 0 0 0 0 0 0 0 0 0 0 0 0 0 0 0 0 0 0 0 0 0 0 0 0 0 0 0 0 0 0 0 0 0 0 0 0 0 0 0 0 0 0 0 0 0 0 0 0 0 0
12 0 0 4 0 0 9 0 4 2 0 13 0 0 14 0 0 3 0 0 4 2 0 0 0 0 0 0 0 0 4 8 0 2 10 0 3 0 10 0 0 8 0 3 0 10 1 0 0 4 0 0 0 0 0 0 0 1 10 0 0 0 0 0 0 4 10 0 0 10 0 1 0 4 0 3 0 1 0 12 0 0 0 0 6 0 4 0 7 8 0 0 0 4 0 0 0 8 15 0 3 2 0 9 9 16 0 0 0 0 0 0 6 0 3 0 6 0 0 3 14 0 12 20 0 0 0 7 0 14 5 0 0 0 0 5 0 0 0 0 7 0 7 0 0 1 90 116 117 255 119 111 255 255 255 192 129 122 71 5 0 11 8 0 0 0 0 0 0 0 5 0 10 62 237 255 255 236 255 255 252 253 244 255 248 255 255 169 80 0 0 21 0 0 0 0 0 3 1 0 2 66 255 255 255 255 244 255 255 245 255 247 255 234 255 255 238 74 2 0 0 0 0 0 2 3 0 0 1 0 0 10 0 1 193 14 0 0 15 0 126 204 255 242 255 194 0 1 0 0 0 0 2 3 0 0 7 10 0 0 10 0 0 0 2 0 9 13 68 180 255 255 248 136 3 1 0 0 0 0 0 9 15 1 0 0 0 0 0 3 11 0 9 8 57 119 255 250 255 241 182 0 0 2 0 0 0 0 4 2 0 0 6 15 10 8 7 9 0 132 133 185 255 255 255 247 233 223 13 0 21 0 0 0 0 0 0 0 0 6 9 0 0 0 52 255 255 255 252 253 241 255 243 199 89 0 0 0 0 5 0 0 0 0 0 5 4 0 0 0 46 120 255 243 255 238 255 255 255 255 72 0 0 0 0 17 0 0 0 0 0 0 0 0 0 5 10 0 0 0 192 255 242 255 232 254 255 241 255 183 137 12 0 0 11 0 0 0 0 0 2 3 0 0 5 6 0 1 0 10 59 127 202 250 244 255 244 255 255 186 58 14 0 9 0 0 0 0 9 0 4 0 8 9 0 11 0 5 0 0 25 0 78 187 255 243 255 255 192 3 0 3 0 0 0 0 0 4 0 19 0 0 0 0 0 19 7 10 0 13 0 6 64 188 245 254 255 112 23 0 0 0 0 0 0 8 0 13 0 0 14 1 3 0 0 0 15 0 11 0 0 199 255 236 255 61 0 18 0 0 0 0 0 7 0 6 0 0 0 0 0 3 17 0 1 0 0 140 253 247 248 255 113 27 0 0 0 0 0 0 0 3 15 0 3 18 0 0 15 0 2 11 0 52 202 255 255 241 255 255 64 0 3 13 0 0 0 0 23 0 0 20 0 115 71 0 0 5 125 124 255 252 255 254 243 255 188 1 12 0 2 0 0 0 0 0 0 5 9 0 255 255 254 252 247 255 247 255 255 252 255 251 136 67 0 0 3 0 0 26 0 0 0 0 10 0 1 136 247 255 255 248 255 253 255 246 248 192 131 3 0 0 5 0 8 2 0 0 0 0 0 0 5 0 0 79 234 255 185 126 56 7 111 122 141 0 9 0 0 0 0 0 0 0 0 0 0 0 0 0 0 9 0 0 18 9 0 10 12 0 11 15 0 0 4 5 0 0 0 0 0 0 0 0 0 0 0 0 9 12 0 0 0 0 0 4 0 0 0 9 0 10 8 0 0 0 0 0 0 0 0 0 0 0 0 0 0 0 0 2 2 3 5 2 11 1 9 5 2 0 9 0 0 0 0 0 0 0 0 0 0 0 0 0
0 0 0 0 0 0 0 0 5 0 7 0 0 0 14 0 5 0 2 0 0 7 0 5 0 0 0 0 0 0 0 0 0 0 0 0 0 24 1 0 3 2 0 10 0 0 0 12 4 2 0 4 0 0 0 0 0 0 0 0 0 0 0 0 11 0 0 7 5 0 2 11 13 9 0 12 0 3 1 0 0 0 0 0 0 0 0 0 0 0 0 0 0 0 0 0 0 2 0 0 0 0 1 6 0 0 10 1 0 0 0 0 0 0 0 0 0 0 0 0 2 0 0 11 9 173 255 249 154 154 150 110 52 0 0 7 0 0 0 0 0 0 0 0 0 0 0 0 0 15 3 15 185 242 251 254 253 237 255 255 213 97 0 0 0 0 0 0 0 0 0 0 0 0 0 0 11 0 0 58 253 255 243 207 255 242 245 255 250 184 22 18 0 0 0 0 0 0 0 0 0 0 0 0 0 15 0 54 103 157 56 5 6 89 170 255 244 224 11 0 0 0 0 0 0 0 0 0 0 0 0 0 0 0 11 0 4 0 5 0 3 0 209 241 255 131 11 0 0 0 0 0 0 0 0 0 0 0 0 0 1 16 0 0 0 0 0 5 3 34 255 254 221 54 0 10 0 0 0 0 0 0 0 0 0 0 0 0 0 0 0 11 4 9 0 1 125 238 240 238 224 15 1 3 0 0 0 0 0 0 0 0 0 0 0 0 12 0 5 2 0 29 115 163 240 255 253 204 76 0 2 0 0 0 0 0 0 0 0 0 0 0 0 0 7 0 0 37 176 229 254 239 255 238 230 115 0 5 9 8 0 0 0 0 0 0 0 0 0 0 0 0 0 16 14 38 234 255 248 255 247 253 167 17 4 0 0 0 0 0 0 0 0 0 0 0 0 0 0 0 0 2 0 33 217 255 242 226 255 239 254 129 0 8 1 12 0 0 0 0 0 0 0 0 0 0 0 0 11 0 0 11 65 85 64 0 184 255 247 252 32 0 6 0 0 0 0 0 0 14 0 0 17 0 2 0 0 6 0 3 4 0 7 0 118 249 250 246 23 0 8 0 0 0 0 0 6 0 0 13 0 0 2 10 0 7 0 0 8 0 0 14 147 231 255 174 1 7 0 0 0 0 0 0 0 13 5 1 38 71 57 0 0 19 0 0 9 3 7 91 247 255 243 207 0 0 18 4 0 0 0 0 4 0 0 7 214 253 236 191 81 0 1 21 0 16 126 255 247 248 175 25 3 0 0 0 0 0 0 0 0 3 13 23 208 251 255 255 252 141 45 8 99 238 255 239 254 215 25 0 5 6 11 0 0 0 0 0 5 0 0 7 108 225 255 242 242 247 251 250 255 253 239 255 192 0 16 0 4 0 0 1 0 0 0 0 9 0 3 11 0 42 125 225 255 240 251 255 237 251 253 173 5 0 0 2 2 17 0 15 0 0 0 0 0 0 11 0 10 4 4 45 129 252 252 246 255 179 64 24 4 0 7 0 0 0 3 0 0 0 0 0 0 0 0 0 0 0 0 0 0 0 0 0 0 0 0 0 0 0 0 0 0 0 0 0 0 0 0 0 0 0 0 0 0 0 0 0 0 0 0 0 0 0 0 0 0 0 0 0 0 0 0 0 0 0 0 0 0 0 0 0 0 0 0 0 0 0 0 0 0 0 0 0 0 0 0 0 0 0 0 0 0 0 0 0 0 0 0 0 0 0 0 0 0 0 0 0 0 0 0 0 0 0 0 0 0 0 0 0 0 0 0 0
0 2 5 3 0 0 0 5 2 0 0 3 7 2 0 0 0 1 2 1 0 0 0 7 0 0 0 0 0 0 0 0 0 13 7 0 7 10 5 0 0 0 4 5 1 0 0 1 11 17 7 0 0 0 0 0 6 1 0 4 3 0 0 2 0 0 1 5 6 5 3 0 0 10 9 0 0 0 0 1 0 0 0 0 0 0 2 4 0 0 0 8 11 0 0 1 2 0 0 0 0 0 3 8 10 9 7 5 0 0 0 0 0 1 1 0 2 13 9 0 0 5 13 5 0 0 0 4 6 0 0 1 0 0 0 1 0 0 0 0 12 0 0 9 1 0 0 13 22 128 227 255 255 255 242 206 24 5 0 0 7 6 1 0 0 0 0 0 2 0 0 1 0 0 50 115 199 248 255 252 238 254 255 254 255 184 80 4 0 3 7 0 0 0 0 0 0 14 9 0 24 131 222 255 251 251 253 255 255 255 252 251 244 255 237 132 31 0 0 6 0 0 0 0 10 1 0 0 32 255 255 248 228 174 190 175 59 53 70 172 250 255 255 239 138 14 0 3 0 0 0 0 0 0 2 14 56 235 250 233 41 5 0 1 0 16 0 0 176 246 244 255 162 0 18 0 0 0 0 0 7 5 2 0 0 57 49 15 0 11 0 6 7 4 5 0 5 239 254 255 124 0 5 10 0 0 0 0 0 0 0 1 0 10 16 0 4 5 0 2 0 0 0 5 245 255 245 247 51 16 6 0 0 0 0 0 0 1 1 4 1 0 2 0 1 0 4 0 0 45 127 190 253 244 250 180 0 0 0 5 0 0 0 0 0 3 0 1 0 0 2 6 0 12 28 38 94 205 248 255 253 255 168 9 0 0 7 9 0 0 0 0 0 2 0 0 0 2 0 4 0 165 221 230 237 255 255 249 253 140 41 4 12 0 6 0 0 0 0 0 0 2 0 0 0 15 0 2 3 234 255 255 255 254 239 255 253 116 0 0 0 19 0 9 0 0 0 0 0 0 0 0 0 0 0 0 0 123 250 252 252 251 246 255 249 220 21 31 0 13 0 1 0 0 0 0 0 0 0 0 0 0 0 0 1 0 133 141 130 253 250 248 250 244 129 3 0 1 2 0 0 0 0 0 0 0 0 0 0 0 0 0 12 0 1 14 12 0 152 255 250 255 218 13 0 0 0 0 0 0 0 0 0 0 0 0 0 0 0 0 0 10 0 0 0 25 25 232 252 253 241 94 0 6 0 3 0 0 0 0 0 0 0 0 0 0 0 0 0 13 0 23 17 0 0 38 254 255 252 172 4 6 0 4 0 0 0 0 0 0 0 0 0 0 0 0 5 72 62 158 66 70 70 121 248 255 255 156 5 0 7 0 0 0 0 0 0 0 0 0 0 0 0 0 127 240 255 255 245 253 255 246 248 255 222 67 0 0 4 0 0 0 0 0 0 0 0 0 0 0 0 0 176 255 249 255 253 241 255 245 255 243 170 0 0 7 0 9 0 0 0 0 0 0 0 0 0 0 0 0 69 225 255 243 248 255 255 254 238 80 0 3 0 0 9 0 0 0 0 0 0 0 0 0 0 0 0 0 0 26 3 0 5 0 0 0 18 0 0 9 0 0 9 0 0 0 0 0 0 0 0 0 0 0 0 0 9 6 0 0 8 0 0 12 0 0 9 0 0 0 11 2 0 0 0 0 0 0 0 0 0 0 0 0 0 0 3 9 0 0 0 0 7 3 0 3 7 1 0 1 0 0 0 0
0 0 0 0 0 0 0 0 3 0 8 8 0 0 5 0 0 0 12 0 7 0 0 1 0 0 0 0 0 0 0 0 0 0 0 0 0 13 0 0 11 3 0 12 14 0 6 0 0 0 12 0 0 0 0 0 0 0 0 0 0 0 0 0 4 4 0 1 10 9 0 2 0 0 1 0 7 17 0 2 0 0 0 0 0 0 0 0 0 0 0 0 7 0 0 10 0 0 0 0 2 9 9 14 0 0 0 3 0 0 0 0 0 0 0 0 0 0 0 0 0 10 0 9 11 13 38 136 204 255 248 250 109 4 15 0 0 0 0 0 0 0 0 0 0 0 0 0 8 8 54 192 255 255 234 245 254 255 244 254 255 208 20 0 0 0 0 0 0 0 0 0 0 0 0 0 9 0 95 255 248 250 255 255 253 251 255 241 255 243 0 18 0 0 0 0 0 0 0 0 0 0 0 0 6 0 44 197 200 152 79 78 86 76 122 255 250 250 106 0 0 0 0 0 0 0 0 0 0 0 0 0 6 0 3 4 4 5 0 3 5 0 5 212 242 245 142 0 0 0 0 0 0 0 0 0 0 0 0 0 0 5 0 0 0 10 6 0 0 22 105 244 255 255 78 0 0 0 0 0 0 0 0 0 0 0 0 0 0 20 0 0 8 0 0 0 64 181 247 251 255 241 22 7 0 0 0 0 0 0 0 0 0 0 0 0 8 0 85 216 209 123 197 190 236 255 250 252 244 129 0 0 0 0 0 0 0 0 0 0 0 0 0 0 32 199 245 253 255 241 255 229 255 250 255 201 106 0 5 0 0 0 0 0 0 0 0 0 0 0 0 0 70 255 255 255 235 252 255 255 249 255 248 44 14 5 11 0 0 0 0 0 0 0 0 0 0 0 0 0 35 225 247 248 255 255 244 255 252 255 247 42 8 0 0 25 0 0 0 0 0 0 0 0 0 0 0 0 2 34 107 122 107 55 121 121 247 236 255 123 2 0 8 0 0 0 0 0 0 0 0 8 2 0 8 0 0 3 0 0 4 0 0 0 142 255 248 247 67 0 5 0 0 0 0 0 1 0 0 3 0 0 0 0 8 0 5 7 0 0 6 11 48 255 255 255 143 5 6 0 0 0 0 0 10 3 0 0 0 5 3 1 0 0 11 0 0 5 0 0 137 254 235 255 77 0 0 11 0 0 0 0 0 1 0 39 81 81 61 17 2 5 1 0 14 0 12 150 237 245 255 234 23 3 0 0 0 0 0 0 0 8 3 132 244 249 255 217 210 100 82 86 80 146 216 237 253 255 243 66 3 0 2 15 0 0 0 0 16 0 0 137 255 255 255 254 235 255 255 250 255 255 252 255 250 249 133 0 20 0 0 0 0 0 0 0 0 0 18 130 245 255 243 248 255 255 230 251 255 240 251 255 241 151 21 0 0 0 13 8 0 0 0 0 0 0 6 4 76 142 122 139 162 250 255 254 250 255 244 122 65 0 1 0 7 0 1 0 0 0 0 0 0 0 0 0 0 0 0 0 0 0 0 0 0 0 0 0 0 0 0 0 0 0 0 0 0 0 0 0 0 0 0 0 0 0 0 0 0 0 0 0 0 0 0 0 0 0 0 0 0 0 0 0 0 0 0 0 0 0 0 0 0 0 0 0 0 0 0 0 0 0 0 0 0 0 0 0 0 0 0 0 0 0 0 0 0 0 0 0 0 0 0 0 0 0 0 0 0 0 0 0 0 0 0 0 0 0 0 0 0 0 0 0
0 0 0 0 0 0 0 0 0 6 0 0 12 1 5 0 0 6 6 0 2 4 0 0 0 0 0 0 0 0 0 0 0 0 0 0 0 0 13 0 0 0 0 2 3 0 0 11 0 1 0 9 0 0 0 0 0 0 0 0 0 0 0 0 11 0 0 19 0 0 20 0 8 2 0 0 0 7 0 0 0 0 0 0 0 0 0 0 0 0 0 0 3 5 0 11 0 0 1 0 0 0 10 5 2 0 5 4 0 0 0 0 0 0 0 0 0 0 0 0 0 11 9 0 85 212 180 209 255 160 52 5 0 0 0 0 0 0 0 0 0 0 0 0 0 0 0 0 5 6 6 175 255 237 255 248 248 255 235 169 26 5 1 17 0 0 0 0 0 0 0 0 0 0 0 0 0 67 248 255 250 232 140 90 125 197 255 246 108 7 0 0 0 0 0 0 0 0 0 0 0 0 0 0 130 241 251 232 238 97 1 0 5 19 202 255 241 28 3 6 0 0 0 0 0 0 0 0 0 0 0 0 197 243 249 231 108 0 2 0 14 90 234 248 185 5 0 8 0 0 0 0 0 0 0 0 0 0 0 0 205 234 185 40 0 17 0 21 171 240 255 227 62 0 18 0 0 0 0 0 0 0 0 0 0 0 0 0 21 32 0 6 9 0 0 143 235 255 236 134 0 10 0 15 0 0 0 0 0 0 0 0 0 0 0 0 0 12 0 0 1 92 214 234 255 220 60 6 7 0 2 1 0 0 0 0 0 0 0 0 0 0 0 0 0 10 0 0 177 248 253 239 62 0 15 0 0 2 0 2 0 0 0 0 0 0 0 0 0 0 0 0 15 0 0 64 229 255 242 43 2 10 0 6 0 3 16 0 0 0 0 0 0 0 0 0 0 0 0 0 0 2 4 96 255 247 241 71 0 0 17 0 0 4 0 12 0 0 0 0 0 0 0 0 0 0 0 0 1 6 0 0 176 255 255 241 194 47 2 0 5 0 11 0 0 0 0 0 4 5 0 9 0 5 11 0 7 0 3 10 43 110 221 242 255 223 153 20 3 0 13 0 0 0 0 0 0 0 0 0 4 0 0 0 6 0 13 0 7 0 17 172 241 255 249 187 12 0 0 21 0 0 0 0 6 3 8 0 14 0 0 10 0 16 11 0 12 7 0 0 64 207 255 250 117 0 0 0 0 0 0 0 4 0 1 0 0 0 0 0 0 0 0 0 0 0 14 6 4 19 196 254 159 0 7 7 0 0 0 0 0 0 0 7 0 101 105 61 9 0 17 10 9 5 0 63 97 216 245 255 145 6 11 0 0 0 0 0 2 5 1 9 31 231 255 233 116 99 96 83 89 167 208 240 254 242 253 212 47 0 0 9 0 0 0 0 0 1 0 0 19 173 225 255 255 254 243 255 244 244 255 247 255 252 165 54 1 0 11 0 0 0 0 0 2 1 4 0 0 12 35 158 249 255 245 242 255 246 128 131 50 11 3 0 0 10 0 0 0 0 0 0 0 0 0 0 0 0 0 0 0 0 0 0 0 0 0 0 0 0 0 0 0 0 0 0 0 0 0 0 0 0 0 0 0 0 0 0 0 0 0 0 0 0 0 0 0 0 0 0 0 0 0 0 0 0 0 0 0 0 0 0 0 0 0 0 0 0 0 0 0 0 0 0 0 0 0 0 0 0 0 0 0 0 0 0 0 0 0 0 0 0 0 0 0 0 0 0 0 0 0 0 0 0 0 0 0 0 0 0 0 0 0 0
0 0 0 0 0 0 0 0 3 0 0 0 0 0 0 7 3 1 0 12 2 1 0 12 0 0 0 0 0 0 0 0 0 0 0 0 0 4 3 0 8 18 3 0 1 0 7 2 0 0 7 0 0 0 0 0 0 0 0 0 0 0 0 0 0 2 2 0 0 0 0 6 0 0 9 5 0 0 13 0 0 0 0 0 0 0 0 0 0 0 0 0 4 0 0 2 7 4 7 0 0 0 0 6 0 0 0 15 0 0 0 0 0 0 0 0 0 0 0 0 0 9 8 11 0 0 11 0 0 13 1 0 20 4 0 0 0 0 0 0 0 0 0 0 0 0 0 0 3 0 2 72 103 132 225 255 255 233 145 0 0 0 9 3 0 0 0 0 0 0 0 0 0 0 0 0 0 11 86 231 255 242 255 245 244 255 229 92 12 0 12 0 0 0 0 0 0 0 0 0 0 0 0 0 75 164 238 255 199 149 175 150 185 254 255 192 0 0 0 3 0 0 0 0 0 5 0 1 0 0 30 113 242 253 239 98 27 0 11 0 199 248 255 159 1 0 10 0 0 0 0 0 6 0 0 0 5 21 182 255 252 248 115 0 10 0 0 106 231 255 200 29 0 0 0 0 0 0 0 0 3 0 0 0 3 3 225 252 236 135 37 0 19 7 108 248 255 229 95 0 0 20 0 11 0 0 0 0 0 0 0 1 12 27 232 248 215 10 4 3 0 31 241 253 222 99 5 10 0 6 0 8 0 0 0 0 4 6 1 0 0 0 79 86 13 7 0 34 179 248 255 232 96 0 0 10 6 0 6 0 0 0 0 0 0 0 3 8 2 10 1 5 0 0 1 145 230 255 180 59 0 0 10 4 0 10 13 0 0 0 0 0 10 0 0 0 0 0 0 1 4 0 26 198 255 236 139 27 5 6 0 2 0 16 0 0 0 0 0 0 0 0 0 16 0 0 8 0 0 0 1 90 247 255 255 197 83 0 0 8 9 0 0 5 0 0 0 0 0 0 0 0 0 0 0 0 0 0 1 0 81 255 252 255 249 132 24 4 0 4 3 0 0 0 0 0 0 0 0 0 0 0 0 0 5 0 3 8 12 24 133 244 254 244 211 36 7 0 0 6 0 0 0 0 0 0 0 0 0 0 0 0 0 15 0 4 0 0 36 74 245 255 244 187 0 9 0 0 0 0 0 0 0 0 0 0 0 0 0 0 9 0 25 0 23 0 0 1 101 255 247 221 2 0 3 1 0 0 0 0 0 0 0 0 0 0 0 0 1 5 0 0 5 14 0 4 101 255 247 221 2 0 3 1 0 0 0 0 0 0 0 0 0 0 0 0 28 173 151 45 40 42 164 174 245 255 244 187 0 9 0 0 0 0 0 0 0 0 0 0 0 0 0 0 55 255 255 255 249 241 255 252 254 244 211 36 7 0 0 6 0 0 0 0 0 0 0 0 0 0 0 0 15 215 250 237 255 255 246 255 249 132 24 4 0 4 3 0 0 0 0 0 0 0 0 0 0 0 0 0 7 72 139 246 255 245 249 136 9 6 2 0 0 0 0 1 0 0 0 0 0 0 0 0 0 0 0 0 0 3 0 10 0 0 31 0 7 5 1 0 0 0 0 1 0 0 0 0 0 0 0 0 0 0 0 0 0 4 0 5 0 0 9 0 3 2 1 0 0 0 0 0 0 0 0 0 0 0 0 0 0 0 0 0 0 0 3 5 7 3 0 7 0 0 0 1 1 1 0 0 0 0 0 0
0 0 0 0 0 0 0 0 0 0 2 11 0 13 0 8 0 12 0 5 0 0 0 2 0 0 0 0 0 0 0 0 0 0 0 0 0 3 11 0 13 0 0 0 11 0 0 0 6 0 0 4 0 0 0 0 0 0 0 0 0 0 0 0 3 22 0 2 0 4 3 2 0 25 0 3 0 0 0 4 0 0 0 0 0 0 0 0 0 0 0 0 0 0 2 10 4 0 10 0 3 0 7 0 0 7 9 0 0 0 0 0 0 0 0 0 0 0 0 0 7 0 2 80 119 250 255 247 145 0 13 0 0 5 6 0 0 0 0 0 0 0 0 0 0 0 0 0 0 74 247 243 255 242 255 255 245 148 0 5 3 0 0 7 0 0 0 0 0 0 0 0 0 0 0 0 193 255 255 255 188 144 117 192 253 254 0 19 0 0 0 10 0 0 0 0 0 0 0 0 0 0 0 0 255 197 0 10 0 0 9 187 255 123 6 3 0 5 6 0 0 0 0 0 0 0 0 0 0 0 0 0 57 8 0 0 10 0 128 255 255 41 11 12 0 0 7 0 0 0 0 0 0 0 0 0 0 0 0 0 12 0 4 21 0 116 255 246 58 17 1 0 3 0 0 9 0 0 0 0 0 0 0 0 0 0 0 0 0 0 3 0 55 255 251 196 0 5 0 3 15 0 0 0 0 0 0 0 0 0 0 0 0 0 0 0 15 0 17 0 200 240 66 4 6 0 0 0 2 0 7 0 0 0 0 0 0 0 0 0 0 0 0 0 0 19 0 125 255 255 73 0 0 11 9 0 0 8 0 6 0 0 0 0 0 0 0 0 0 0 0 0 0 0 10 67 245 249 183 78 15 0 0 14 3 9 0 0 0 0 0 0 0 0 0 0 0 0 0 0 2 0 6 0 132 255 255 242 120 19 0 15 2 0 5 0 0 0 0 0 0 0 0 0 0 0 0 0 0 9 0 3 13 167 255 255 254 187 14 0 2 0 0 6 0 0 0 0 0 10 0 4 0 6 0 1 0 12 0 2 0 3 190 252 255 255 191 8 2 0 4 5 0 0 0 0 6 1 0 4 3 0 6 0 5 0 9 0 17 0 0 75 255 246 255 171 4 1 0 0 0 0 0 0 7 0 2 0 3 0 21 10 0 0 8 4 0 0 1 0 62 196 253 252 131 1 12 9 0 0 0 0 6 0 0 0 19 9 0 0 0 14 0 0 8 2 15 3 4 66 251 254 132 0 0 0 0 0 0 0 0 0 8 0 0 3 0 141 63 0 0 11 1 0 0 0 0 52 255 246 142 9 0 4 0 0 0 0 1 0 11 0 0 0 16 243 250 255 146 99 136 129 124 210 184 255 255 201 0 4 13 0 0 0 0 0 9 0 0 2 17 1 0 74 195 255 252 255 249 255 255 243 255 255 239 5 13 0 0 0 0 0 0 0 0 3 9 0 0 0 10 0 9 0 83 119 129 254 255 253 246 131 3 0 3 0 10 3 0 0 0 0 0 0 0 0 0 0 0 0 0 0 0 0 0 0 0 0 0 0 0 0 0 0 0 0 0 0 0 0 0 0 0 0 0 0 0 0 0 0 0 0 0 0 0 0 0 0 0 0 0 0 0 0 0 0 0 0 0 0 0 0 0 0 0 0 0 0 0 0 0 0 0 0 0 0 0 0 0 0 0 0 0 0 0 0 0 0 0 0 0 0 0 0 0 0 0 0 0 0 0 0 0 0 0 0 0 0 0 0 0 0 0 0
0 2 0 6 3 0 0 0 0 0 0 0 0 3 3 1 0 0 0 0 6 0 0 6 0 0 0 0 5 6 0 0 0 0 5 12 0 0 0 0 0 0 1 1 10 13 7 0 0 6 2 0 0 0 0 0 0 2 0 7 0 6 0 0 10 8 5 2 0 0 0 0 0 0 2 8 0 0 0 2 0 0 0 0 0 0 0 3 0 16 0 12 0 0 0 0 5 6 0 0 25 3 0 0 0 4 10 0 0 0 0 0 0 1 3 9 0 0 0 0 3 3 6 8 4 0 0 3 0 0 9 0 0 5 8 0 0 0 0 0 0 3 1 7 0 0 31 58 110 94 113 185 250 245 171 100 2 0 0 10 11 0 0 11 0 0 0 0 5 8 0 0 0 6 150 228 255 255 255 255 255 249 246 252 209 120 9 0 16 5 0 11 0 0 0 0 0 8 0 0 10 0 158 242 231 219 210 211 212 218 237 255 255 229 101 0 0 10 0 0 0 0 0 0 8 0 0 4 0 0 14 48 62 4 0 7 0 8 73 193 255 237 153 2 0 10 3 0 0 0 0 0 0 0 0 4 1 0 0 13 0 5 5 8 0 0 0 73 241 255 216 16 0 8 0 2 0 0 0 0 1 0 0 4 6 1 0 0 0 6 0 0 0 0 22 148 249 234 92 0 0 0 22 0 0 0 0 0 4 3 1 0 2 7 5 0 0 7 0 10 2 15 96 250 252 255 59 2 6 0 0 0 0 0 0 0 0 1 0 0 0 1 4 1 2 20 0 0 50 169 238 255 255 87 0 0 0 15 0 9 0 0 0 0 0 0 4 2 0 0 0 0 0 0 29 191 255 255 249 255 148 0 2 14 0 0 12 0 0 0 0 0 0 0 2 5 3 0 0 0 3 125 204 255 253 252 252 252 227 231 104 0 0 5 15 0 0 0 0 0 3 0 0 0 0 0 0 6 101 233 255 254 249 255 250 253 251 253 234 180 7 5 0 7 0 0 0 0 0 6 4 0 0 0 0 6 232 255 244 166 123 104 99 116 242 255 254 246 3 0 1 0 0 0 0 0 2 1 0 0 9 5 0 4 83 113 68 0 0 5 4 0 3 146 243 255 150 0 22 0 0 0 0 0 7 2 0 0 8 0 0 0 4 0 0 2 21 5 0 1 5 70 254 255 250 31 0 0 0 0 0 0 0 5 1 0 0 0 0 8 0 9 8 0 0 0 0 6 14 183 255 216 153 14 0 17 0 0 0 0 0 5 4 0 2 8 6 5 1 0 0 0 0 0 0 1 192 249 255 255 7 0 2 0 0 0 0 0 0 6 0 0 6 9 0 0 4 0 6 10 2 32 137 244 252 252 231 26 16 7 9 0 0 0 0 0 5 4 0 0 2 0 0 17 72 74 71 78 129 212 255 255 255 229 75 22 0 0 0 8 0 0 0 0 0 0 0 6 0 0 22 86 255 249 253 255 254 255 251 234 152 49 2 0 0 15 0 0 0 0 0 0 8 0 0 4 0 0 14 48 254 248 249 255 252 200 114 46 0 0 0 0 0 0 0 0 0 0 0 0 0 0 0 4 1 0 0 13 5 0 0 0 3 5 2 0 0 0 0 0 0 0 0 0 0 0 0 0 1 0 0 4 6 1 0 0 0 0 2 3 1 0 2 5 0 0 0 0 0 0 0 0 0 0 0 0 4 3 1 0 2 7 5 0 6 3 0 0 0 0 0 0 0 0 0 0 0 0 0 0 0 0 0 0
0 0 0 0 0 0 0 0 0 9 0 6 4 8 0 7 7 0 21 0 8 0 0 0 0 0 0 0 0 0 0 0 0 0 0 0 2 5 0 0 1 2 0 0 0 0 1 0 7 0 2 9 0 0 0 0 0 0 0 0 0 0 0 0 0 6 3 9 7 0 8 6 7 11 0 0 5 0 0 0 0 0 0 0 0 0 0 0 0 0 0 0 8 5 0 0 10 0 7 0 0 0 7 0 7 8 0 0 0 0 0 0 0 0 0 0 0 0 0 0 0 0 0 0 13 36 161 251 255 248 212 26 0 0 0 11 0 0 0 0 0 0 0 0 0 0 0 0 0 7 8 0 0 0 107 255 243 250 255 41 11 3 0 10 0 0 0 0 0 0 0 0 0 0 0 0 1 0 0 10 18 0 5 126 253 255 242 33 6 1 0 0 0 0 0 0 0 0 0 0 0 0 0 0 1 0 1 0 0 0 38 231 251 246 172 0 0 5 3 0 0 0 0 0 0 0 0 0 0 0 0 0 1 0 7 0 0 0 99 253 255 239 40 7 0 0 3 1 0 0 0 0 0 0 0 0 0 0 0 0 0 0 10 0 12 121 217 255 247 114 0 7 2 0 7 0 0 0 0 0 0 0 0 0 0 0 0 0 14 0 0 2 8 191 255 245 119 31 4 0 5 6 0 0 0 0 0 0 0 0 0 0 0 0 0 0 0 0 26 23 252 255 255 244 11 0 14 0 0 7 0 2 0 0 0 0 0 0 0 0 0 0 0 0 4 0 9 61 239 255 250 255 91 0 0 13 0 2 6 0 0 0 0 0 0 0 0 0 0 0 0 0 17 0 0 3 211 252 249 242 231 131 19 0 0 2 0 2 0 0 0 0 0 0 0 0 0 0 0 0 0 0 2 10 0 103 167 227 255 255 122 0 1 5 0 7 0 0 0 0 0 0 0 0 0 0 0 0 1 10 0 0 0 3 0 37 242 248 182 7 1 4 1 0 0 0 0 0 5 0 0 3 2 4 8 3 0 13 0 0 12 0 0 13 239 254 255 23 1 0 0 0 0 0 0 0 2 6 6 0 0 1 2 0 10 0 4 17 0 5 20 0 247 247 199 1 10 0 0 1 0 0 0 0 0 0 3 4 0 0 3 14 0 10 0 0 15 0 21 192 243 255 176 0 3 11 0 0 0 0 0 0 0 0 0 2 7 0 0 0 0 0 18 1 0 87 212 247 255 248 126 0 0 7 4 0 0 0 0 0 0 8 0 0 0 3 0 1 17 1 27 124 219 243 240 255 240 134 17 1 0 0 0 6 0 0 0 0 3 0 0 7 2 0 47 150 236 248 255 254 255 255 255 255 108 23 0 10 0 0 2 0 0 0 0 0 2 0 0 14 9 0 54 185 254 248 255 251 246 255 197 75 0 0 1 11 0 10 5 0 0 0 0 0 0 13 0 0 4 2 0 13 125 188 255 252 163 69 20 2 3 0 1 0 0 7 0 5 0 0 0 0 0 0 0 0 0 0 0 0 0 0 0 0 0 0 0 0 0 0 0 0 0 0 0 0 0 0 0 0 0 0 0 0 0 0 0 0 0 0 0 0 0 0 0 0 0 0 0 0 0 0 0 0 0 0 0 0 0 0 0 0 0 0 0 0 0 0 0 0 0 0 0 0 0 0 0 0 0 0 0 0 0 0 0 0 0 0 0 0 0 0 0 0 0 0 0 0 0 0 0 0 0 0 0 0 0 0 0 0 0 0 0 0
0 0 0 0 0 0 0 0 0 4 11 0 6 0 4 0 4 0 1 8 1 0 0 0 0 0 0 0 0 0 0 0 0 0 0 0 0 4 0 3 0 5 0 1 0 0 0 0 0 1 7 0 0 0 0 0 0 0 0 0 0 0 0 0 5 0 3 17 0 0 12 0 9 6 9 4 0 1 4 0 0 0 0 0 0 0 0 0 0 0 0 0 0 11 0 0 13 7 0 0 0 0 0 2 0 0 1 3 0 0 0 0 0 0 0 0 0 0 0 0 12 0 13 0 0 31 170 255 97 30 0 1 5 0 0 5 0 0 0 0 0 0 0 0 0 0 0 0 0 14 0 9 40 227 255 222 246 113 10 0 10 1 0 0 0 0 0 0 0 0 0 0 0 0 0 0 5 0 8 8 255 232 251 255 255 120 1 0 1 3 1 3 0 0 0 0 0 0 0 0 0 0 0 0 4 0 40 139 249 255 249 245 241 119 16 0 1 0 0 0 0 0 0 0 0 0 0 0 0 0 0 0 7 0 130 255 250 251 255 253 255 126 1 3 0 6 0 0 0 0 0 0 0 0 0 0 0 0 0 0 8 0 116 249 239 255 223 255 255 221 153 0 16 4 0 0 0 0 0 0 0 0 0 0 0 0 0 0 0 24 142 252 255 251 251 253 246 251 245 0 5 0 0 0 0 0 0 0 0 0 0 0 0 0 0 0 15 0 44 213 120 204 255 255 255 244 254 98 0 0 8 4 0 0 0 0 0 0 0 0 0 0 0 0 0 0 11 7 54 255 252 239 252 254 249 210 11 0 3 0 0 0 0 0 0 0 0 0 0 0 0 0 0 0 1 8 230 255 232 243 168 255 246 245 50 0 0 0 0 0 0 0 0 0 0 0 0 0 0 0 4 2 0 134 231 250 255 124 111 254 254 249 75 5 0 13 0 0 0 0 0 0 0 0 0 0 0 0 0 8 0 138 255 255 181 5 114 250 253 252 60 8 0 0 0 0 0 0 2 7 0 0 12 0 0 36 110 18 0 30 255 248 120 10 67 247 255 250 74 0 0 3 0 0 0 0 0 5 1 1 6 0 14 71 255 232 93 27 110 48 15 0 111 254 238 208 7 10 6 0 0 0 0 0 0 5 2 0 0 0 8 56 251 251 198 1 2 9 0 0 178 255 255 198 0 0 0 3 0 0 0 0 5 3 0 0 6 0 0 8 114 249 237 197 37 0 2 93 253 249 255 110 9 0 2 5 0 0 0 0 4 0 0 1 12 8 0 0 0 198 255 243 248 179 179 239 242 251 246 28 0 1 8 0 0 0 0 0 0 0 0 0 1 1 3 4 4 13 157 245 255 255 244 255 255 246 172 8 0 1 0 0 0 0 0 0 0 0 3 0 0 0 1 0 0 26 3 52 254 252 255 244 243 156 26 0 0 12 0 4 0 0 0 0 2 0 2 3 0 5 6 0 0 0 0 17 38 125 175 252 32 18 0 9 3 0 2 0 0 0 0 0 0 0 0 0 0 0 0 0 0 0 0 0 0 0 0 0 0 0 0 0 0 0 0 0 0 0 0 0 0 0 0 0 0 0 0 0 0 0 0 0 0 0 0 0 0 0 0 0 0 0 0 0 0 0 0 0 0 0 0 0 0 0 0 0 0 0 0 0 0 0 0 0 0 0 0 0 0 0 0 0 0 0 0 0 0 0 0 0 0 0 0 0 0 0 0 0 0 0 0 0 0 0 0 0 0 0 0 0 0 0 0 0
0 0 0 0 0 0 0 0 0 3 3 0 0 7 0 9 0 2 8 3 0 0 2 0 0 0 0 0 0 0 0 0 0 0 0 0 13 0 13 0 15 0 3 0 1 0 0 6 10 1 0 0 0 0 0 0 0 0 0 0 0 0 0 0 3 0 4 0 4 0 0 12 14 0 13 0 5 0 5 1 0 0 0 0 0 0 0 0 0 0 0 0 0 11 0 10 0 0 3 129 255 237 188 15 0 0 11 0 0 0 0 0 0 0 0 0 0 0 0 0 10 0 0 6 4 15 99 246 246 255 255 53 8 0 10 0 0 0 0 0 0 0 0 0 0 0 0 0 7 0 1 0 0 121 227 255 243 255 248 48 1 0 8 11 0 0 0 0 0 0 0 0 0 0 0 0 0 7 0 5 57 229 255 244 255 255 239 57 14 0 0 0 0 0 0 0 0 0 0 0 0 0 0 0 6 0 3 23 213 250 250 251 255 244 199 16 0 5 0 0 0 0 0 0 0 0 0 0 0 0 0 0 3 0 2 0 196 255 250 253 255 246 137 3 0 2 0 1 0 0 0 0 0 0 0 0 0 0 0 0 13 0 12 7 124 213 125 255 246 214 8 0 0 2 6 0 0 0 0 0 0 0 0 0 0 0 0 0 0 0 0 0 7 5 63 245 255 213 0 0 0 0 4 0 0 0 0 0 0 0 0 0 0 0 0 0 11 18 0 4 9 54 207 255 255 237 141 11 0 0 0 5 0 0 0 0 0 0 0 0 0 0 0 0 0 0 7 7 16 191 243 255 251 250 250 29 0 0 0 10 0 0 0 0 0 0 0 0 0 0 0 0 21 0 0 10 154 255 245 255 245 255 249 53 0 2 0 0 0 0 0 0 0 0 0 0 0 0 0 0 0 0 4 49 255 236 255 251 255 255 240 61 4 3 0 0 0 0 0 0 0 0 0 0 0 0 0 0 0 10 0 59 251 255 241 98 255 243 255 48 1 4 0 12 0 0 0 0 5 0 0 7 10 0 3 0 2 0 7 60 254 247 198 11 255 238 250 57 0 12 0 1 0 0 0 0 0 9 16 0 0 0 7 0 0 14 4 0 69 122 0 157 254 255 228 17 0 0 5 2 0 0 0 0 0 12 0 0 25 131 66 35 7 0 0 0 3 10 0 254 249 250 148 0 7 0 7 0 0 0 0 0 0 0 24 0 138 245 249 224 64 39 2 0 25 73 201 255 255 197 47 4 6 6 0 0 0 0 0 0 10 0 5 0 147 255 255 250 249 225 195 203 217 255 253 239 245 117 0 0 0 8 0 3 0 0 0 0 0 15 0 0 2 126 172 255 255 254 251 255 245 255 255 255 123 24 2 0 0 2 4 0 0 0 0 0 0 1 15 1 6 0 9 14 0 91 211 249 254 246 245 130 12 0 6 0 8 0 4 0 0 0 0 0 6 0 0 0 0 0 7 0 19 0 2 6 0 4 4 0 0 10 0 1 3 0 0 6 0 0 0 0 0 0 0 0 0 0 0 0 0 0 0 0 0 0 0 0 0 0 0 0 0 0 0 0 0 0 0 0 0 0 0 0 0 0 0 0 0 0 0 0 0 0 0 0 0 0 0 0 0 0 0 0 0 0 0 0 0 0 0 0 0 0 0 0 0 0 0 0 0 0 0 0 0 0 0 0 0 0 0 0 0 0 0 0 0 0 0 0 0 0 0 0 0 0 0 0 0 0 0 0 0 0 0 0 0 0 0 0 0 0 0 0
0 0 13 1 0 0 11 2 0 5 0 5 0 12 0 0 0 3 0 0 1 2 0 1 0 0 0 0 5 0 0 0 9 7 0 0 11 2 0 7 0 0 0 2 5 0 0 4 5 0 0 4 0 0 0 0 0 10 4 1 4 0 0 11 0 0 1 19 0 1 2 0 5 0 0 1 0 0 1 0 0 0 0 0 0 0 0 0 7 10 0 0 5 11 3 0 0 3 8 8 3 2 6 1 0 0 7 0 0 0 0 0 15 5 12 7 0 0 9 3 0 9 0 0 22 0 0 0 0 0 2 8 4 0 0 0 0 0 0 0 0 0 7 0 0 25 100 125 118 222 218 118 118 133 76 0 5 0 0 0 9 0 0 11 0 0 0 0 12 0 0 2 149 221 255 249 255 254 255 253 252 235 247 251 111 87 23 0 2 0 0 9 0 0 0 0 0 2 0 10 220 255 219 162 133 115 155 160 155 178 248 253 255 232 107 0 0 15 0 0 0 0 0 0 1 0 0 9 152 233 56 3 3 0 0 0 0 12 70 249 255 247 152 0 11 0 3 5 0 0 0 0 0 0 0 0 69 99 0 0 0 2 4 1 0 48 222 252 245 165 6 2 8 0 0 0 0 0 0 0 0 3 2 0 12 0 0 6 13 0 0 16 100 207 255 220 146 9 2 8 0 3 0 3 0 0 0 0 4 6 0 0 8 0 9 5 0 0 14 124 223 255 170 48 1 12 4 0 23 0 0 0 0 0 0 0 0 6 0 0 9 0 7 0 22 119 160 255 249 235 253 174 99 7 0 11 7 0 1 1 0 0 0 0 0 4 7 0 5 0 0 22 115 224 255 245 255 255 255 244 255 167 134 1 0 4 0 4 0 0 0 0 0 0 12 0 2 1 0 133 242 255 241 120 116 109 104 178 255 223 231 174 117 0 7 2 0 0 0 0 8 0 6 0 0 0 1 220 255 128 0 0 1 6 1 4 0 167 255 244 253 240 55 0 0 0 0 0 0 0 0 0 0 0 0 0 15 0 3 10 0 0 4 0 16 0 57 145 214 255 236 45 0 0 0 0 0 0 0 0 0 0 0 0 12 0 1 0 0 0 4 1 0 14 0 5 41 206 255 130 0 0 0 0 0 0 0 0 0 0 0 0 0 0 4 0 13 0 1 0 8 0 21 0 0 111 255 95 0 0 0 0 0 0 0 0 0 0 0 0 5 12 11 0 9 0 2 5 0 3 0 0 65 169 255 136 0 0 0 0 0 0 0 0 0 0 0 0 0 0 2 0 8 0 0 0 4 4 7 11 206 236 254 86 0 0 0 0 0 0 0 0 0 0 0 0 0 4 2 5 3 0 0 1 0 34 74 196 249 247 135 0 0 0 0 0 0 0 0 0 0 0 0 0 12 0 0 5 0 19 38 70 171 231 254 248 238 126 16 0 0 0 0 0 0 0 0 0 0 0 0 0 0 5 42 137 150 208 233 255 250 255 253 141 33 0 1 0 0 0 0 0 0 0 0 0 0 0 0 0 0 0 40 179 255 254 255 255 189 140 71 17 0 0 0 4 0 0 0 0 0 0 0 0 0 0 0 0 6 7 0 12 14 0 0 0 10 3 0 0 0 4 5 4 0 0 0 0 0 0 0 0 0 0 0 0 0 6 0 0 0 0 12 8 0 0 0 3 3 0 0 0 0 0 0 0 0 0 0 0 0 0 0 0 3 0 0 7 7 0 0 0 9 9 6 1 0 0 0 1 0 0 0 0
0 0 0 0 0 0 0 0 0 1 8 0 8 0 0 7 4 0 0 1 0 0 0 3 0 0 0 0 0 0 0 0 0 0 0 0 0 0 8 0 9 0 0 0 0 0 0 5 12 8 0 0 0 0 0 0 0 0 0 0 0 0 0 0 2 0 0 0 4 0 6 0 0 19 2 0 0 7 0 7 0 0 0 0 0 0 0 0 0 0 0 0 5 0 0 9 1 0 11 7 4 4 0 16 0 0 0 7 0 0 0 0 0 0 0 0 0 0 0 0 8 0 0 20 0 0 18 34 116 215 251 177 27 0 14 0 0 0 0 0 0 0 0 0 0 0 0 0 0 3 7 57 71 109 194 247 244 238 255 255 143 6 1 5 0 0 0 0 0 0 0 0 0 0 0 0 25 123 180 253 255 253 255 245 255 249 253 255 190 18 0 0 0 0 0 0 0 0 0 0 0 0 0 0 158 249 248 255 242 249 255 249 251 255 245 251 248 71 7 0 0 0 0 0 8 0 0 4 0 0 14 48 238 251 239 255 243 235 147 83 0 37 255 245 253 84 0 0 0 0 0 0 0 0 0 4 1 0 0 13 147 195 176 177 57 47 0 0 0 75 255 255 239 61 7 11 0 0 0 0 1 0 0 4 6 1 0 0 0 0 0 10 6 0 3 14 53 187 247 242 255 79 0 1 0 0 0 0 4 3 1 0 2 7 5 0 11 14 0 0 0 13 2 0 192 255 249 255 245 81 0 5 0 0 0 0 0 1 0 0 0 1 4 1 1 0 14 0 11 0 140 255 255 244 255 255 116 8 0 6 0 0 0 0 0 0 4 2 0 0 0 0 0 28 0 4 73 218 235 252 255 251 239 162 0 0 0 0 0 0 0 0 0 0 2 5 3 0 0 0 0 15 0 4 170 249 255 251 248 247 140 46 0 19 1 0 0 0 0 0 3 0 0 0 0 0 0 6 6 0 0 8 223 242 253 255 244 147 0 0 8 0 0 13 0 0 0 0 7 0 1 4 0 6 0 0 0 5 0 0 211 255 254 246 27 12 0 7 4 0 8 0 0 0 0 0 0 0 7 4 0 0 4 2 0 0 10 3 105 233 253 255 46 0 0 0 0 4 6 0 0 0 0 0 8 0 0 6 2 6 13 0 17 0 1 0 75 248 255 253 131 0 7 4 3 8 0 0 0 0 0 0 0 0 0 10 0 0 6 0 0 0 10 12 149 255 255 246 185 9 0 4 6 0 0 8 0 0 0 0 0 10 0 0 34 138 239 255 254 255 251 231 255 248 252 251 236 86 0 6 3 0 8 0 0 0 0 0 0 11 0 5 123 248 253 224 249 246 238 255 253 246 255 254 255 188 14 8 0 2 16 0 0 0 0 0 0 0 0 19 169 255 251 255 255 253 254 255 246 242 253 233 244 208 0 0 0 10 7 0 0 0 0 0 5 0 9 0 48 87 105 255 247 255 240 101 114 113 190 255 252 221 0 4 0 9 0 14 0 0 0 0 0 0 0 0 0 0 0 0 0 0 0 0 0 0 0 0 0 0 0 0 0 0 0 0 0 0 0 0 0 0 0 0 0 0 0 0 0 0 0 0 0 0 0 0 0 0 0 0 0 0 0 0 0 0 0 0 0 0 0 0 0 0 0 0 0 0 0 0 0 0 0 0 0 0 0 0 0 0 0 0 0 0 0 0 0 0 0 0 0 0 0 0 0 0 0 0 0 0 0 0 0 0 0 0 0 0 0 0 0 0 0 0
0 0 0 0 0 0 0 0 0 0 2 0 0 0 0 5 7 0 1 0 4 0 20 0 0 0 0 0 0 0 0 0 0 0 0 0 9 4 2 1 8 10 0 0 0 1 0 3 0 1 1 0 0 0 0 0 0 0 0 0 0 0 0 0 0 1 0 0 0 0 0 3 0 8 12 0 0 2 0 23 0 0 0 0 0 0 0 0 0 0 0 0 6 11 0 0 8 1 0 1 7 0 0 0 14 0 0 0 0 0 0 0 0 0 0 0 0 0 0 0 0 0 0 83 199 245 255 254 131 137 123 135 54 1 24 0 0 0 0 0 0 0 0 0 0 0 0 0 4 6 5 117 243 255 255 250 239 255 255 232 255 255 0 1 0 0 0 0 0 0 0 0 0 0 0 0 0 0 6 132 254 255 253 255 255 254 237 255 249 255 196 11 0 0 0 0 0 0 0 0 0 0 0 0 7 3 0 128 255 255 249 255 255 246 255 246 255 252 248 0 0 0 0 0 0 0 0 0 0 0 0 0 0 0 5 2 132 124 128 136 76 5 118 255 251 255 192 2 0 0 0 0 0 0 0 0 0 0 0 0 1 4 0 0 9 5 0 0 0 0 76 255 245 255 207 0 0 0 0 0 0 0 0 0 0 0 0 0 0 1 19 0 3 0 24 0 0 150 249 253 255 251 110 13 0 0 0 0 0 0 0 0 0 0 0 0 0 0 0 11 3 0 14 0 123 255 243 255 245 255 4 0 0 0 0 0 0 0 0 0 0 0 0 0 3 3 1 2 0 0 136 255 255 247 255 255 122 3 0 0 0 0 0 0 0 0 0 0 0 0 0 0 9 0 9 0 68 141 238 255 243 247 255 196 65 0 0 1 0 0 0 0 0 0 0 0 0 0 0 0 0 10 0 1 14 239 255 250 255 255 186 0 11 1 0 9 0 0 0 0 0 0 0 0 0 0 0 0 7 0 3 7 0 200 255 253 245 144 0 1 2 0 8 0 0 0 0 0 0 7 0 5 0 0 6 0 0 1 0 17 0 171 255 254 196 5 0 1 0 0 17 0 0 0 0 0 11 0 11 3 9 0 74 62 2 0 36 0 9 72 247 249 167 8 6 1 0 0 5 0 0 0 0 0 0 14 0 0 0 191 254 255 246 215 110 123 66 194 246 255 93 0 0 0 3 0 12 7 0 0 0 0 9 1 0 0 68 255 244 255 255 250 252 251 255 251 255 230 48 0 6 0 3 0 0 0 0 0 0 0 0 0 3 0 15 180 245 255 245 255 255 255 255 244 255 255 14 0 8 0 3 0 0 0 0 0 0 0 9 7 0 11 0 131 255 234 255 255 249 242 249 246 255 242 0 0 1 0 3 2 5 7 0 0 0 0 2 0 11 5 0 0 190 255 252 255 255 255 255 255 251 202 6 7 4 3 0 0 0 0 0 0 0 0 0 13 0 7 0 15 0 119 255 245 255 250 253 197 129 0 0 0 0 0 0 0 8 0 0 0 0 0 0 0 0 0 0 0 0 0 0 0 0 0 0 0 0 0 0 0 0 0 0 0 0 0 0 0 0 0 0 0 0 0 0 0 0 0 0 0 0 0 0 0 0 0 0 0 0 0 0 0 0 0 0 0 0 0 0 0 0 0 0 0 0 0 0 0 0 0 0 0 0 0 0 0 0 0 0 0 0 0 0 0 0 0 0 0 0 0 0 0 0 0 0 0 0 0 0 0 0 0 0 0 0 0 0 0 0 0 0 0 0 0
0 7 0 0 1 0 0 0 0 1 3 4 2 0 1 4 0 0 14 0 0 0 11 0 0 0 0 0 1 0 0 1 8 6 4 0 6 1 0 0 0 0 0 0 13 0 0 6 10 0 0 3 0 0 0 0 5 0 0 3 0 1 1 0 1 3 3 0 0 0 1 4 0 9 14 3 0 11 7 0 0 0 0 0 0 0 10 2 0 0 3 0 4 1 0 0 0 4 1 0 0 0 0 0 0 1 0 8 0 0 0 0 0 0 12 0 0 13 3 0 0 0 3 2 2 4 3 0 5 9 0 0 4 3 0 0 0 0 0 0 1 0 4 0 2 12 0 1 5 7 31 98 189 254 255 240 251 252 195 77 25 0 0 11 0 0 0 0 6 0 1 0 3 0 0 72 168 211 250 255 245 244 253 255 249 250 255 232 177 15 0 10 0 0 0 0 0 0 6 0 4 0 25 176 249 254 255 255 254 241 205 168 184 197 255 249 245 79 7 0 0 0 0 0 0 6 0 0 3 0 78 243 245 255 230 183 64 36 8 1 0 26 196 241 250 118 4 0 0 0 0 0 0 1 0 3 13 0 8 80 146 84 7 0 0 16 4 0 15 0 113 255 253 168 4 5 0 0 0 0 3 4 0 0 10 2 0 0 0 0 0 14 11 0 0 9 4 0 117 253 255 201 0 0 0 0 0 0 4 3 1 0 0 6 10 0 0 15 2 0 0 9 0 0 6 69 194 240 240 99 0 14 0 0 0 0 0 0 3 4 0 0 5 1 0 0 0 7 13 0 13 73 181 238 234 255 181 0 13 0 0 0 0 0 3 0 0 6 0 0 0 0 0 6 0 0 0 48 153 255 250 255 243 254 45 0 2 0 0 0 0 0 10 0 0 0 4 3 1 4 0 13 0 11 81 233 255 237 251 247 253 191 0 11 0 16 0 0 0 0 0 0 0 0 5 1 0 0 5 0 56 218 255 255 237 255 140 93 0 0 14 0 2 0 0 0 0 0 0 6 4 0 0 8 0 1 0 25 241 255 240 255 252 201 2 2 0 7 5 0 2 2 0 0 0 0 7 0 0 15 0 7 0 0 0 2 109 222 255 229 253 237 17 0 0 0 0 1 1 0 0 0 0 0 0 0 11 4 0 3 3 11 11 0 15 72 199 255 238 248 74 5 0 0 0 13 3 0 0 0 0 0 2 4 0 0 19 0 5 0 0 4 0 0 96 248 255 234 48 0 11 18 0 0 0 9 0 0 0 0 0 2 4 0 6 0 180 255 146 36 13 0 52 244 255 243 122 5 0 5 0 4 0 8 0 0 0 0 6 0 4 0 2 26 243 251 249 255 76 76 201 240 244 255 161 32 0 0 3 12 0 0 0 0 0 0 0 0 13 0 0 26 191 250 246 246 251 255 238 255 255 199 15 0 3 16 4 0 0 3 0 0 0 0 2 0 0 0 14 0 41 213 255 251 255 251 245 255 193 85 0 3 0 0 0 0 5 0 0 0 0 0 8 0 0 4 0 0 14 48 189 247 255 245 222 126 20 0 0 0 0 0 0 0 0 0 0 0 0 0 0 0 0 4 1 0 0 13 0 14 4 0 8 0 0 1 0 0 0 0 0 0 0 0 0 0 0 0 1 0 0 4 6 1 0 0 0 2 0 0 3 3 2 14 0 0 0 0 0 0 0 0 0 0 0 0 4 3 1 0 2 7 5 0 11 6 5 4 0 0 0 0 0 0 0 0 0 0 0 0 0 0 0 0
0 0 0 0 0 0 0 0 0 0 0 0 1 8 0 4 0 3 0 0 11 2 0 1 0 0 0 0 0 0 0 0 0 0 0 0 7 5 5 4 5 0 0 5 0 8 1 0 0 0 13 0 0 0 0 0 0 0 0 0 0 0 0 0 0 0 0 0 0 0 5 0 1 0 0 5 0 0 17 0 0 0 0 0 0 0 0 0 0 0 0 0 2 9 8 1 4 0 12 0 12 0 1 7 4 0 0 5 0 0 0 0 0 0 0 0 0 0 0 0 15 0 0 0 7 0 2 1 0 0 15 0 0 8 0 1 0 0 0 0 0 0 0 0 0 0 0 0 0 0 127 217 241 168 134 128 230 242 246 188 189 190 79 4 0 0 0 0 0 0 0 0 0 0 0 0 0 20 191 253 255 246 238 253 248 255 255 240 247 255 166 0 0 0 0 0 0 0 0 0 0 0 0 0 11 78 255 253 248 255 254 255 247 255 251 255 244 255 244 61 0 0 0 0 0 0 0 0 0 0 0 0 9 45 236 255 245 244 255 250 194 148 155 216 251 245 243 14 0 0 0 0 0 0 0 0 0 0 0 0 0 5 35 57 47 44 17 25 0 0 0 147 255 251 255 54 0 0 0 0 0 0 0 0 0 0 0 0 4 23 0 3 2 7 0 2 7 0 35 177 251 255 238 2 0 0 0 0 0 0 0 0 0 0 0 0 0 0 0 1 0 0 6 0 0 18 157 255 255 238 135 0 0 0 0 0 0 0 0 0 0 0 0 0 9 0 3 7 2 0 0 18 48 177 255 241 255 246 95 2 0 0 0 0 0 0 0 0 0 0 0 0 1 4 0 9 1 0 21 160 239 255 243 254 236 96 1 0 0 0 0 0 0 0 0 0 0 0 0 0 0 15 0 8 0 0 95 252 251 254 253 209 119 1 6 0 0 0 0 0 0 0 0 0 0 0 0 0 0 0 1 0 1 8 184 251 255 234 184 30 0 0 9 1 0 0 0 0 0 0 13 0 8 0 8 0 2 3 0 1 0 0 191 255 255 177 10 0 6 0 0 8 0 0 0 0 9 5 0 0 0 0 0 4 0 0 0 14 6 5 190 243 235 107 0 0 6 3 0 0 0 0 0 0 3 0 7 0 57 46 38 3 1 0 1 3 0 9 197 250 255 81 0 8 0 1 1 0 0 0 0 0 0 0 7 5 242 255 246 170 34 7 0 2 3 59 219 251 255 73 11 9 0 0 0 2 0 0 0 0 0 14 0 0 243 255 254 245 202 158 145 155 168 208 255 252 147 25 7 1 0 8 0 6 0 0 0 0 0 0 1 7 255 251 249 255 255 252 255 255 249 254 255 239 74 0 3 0 1 5 0 7 0 0 0 0 20 0 0 3 239 255 255 233 238 241 255 255 248 251 254 255 79 2 6 0 0 0 2 1 0 0 0 0 0 17 0 0 67 175 231 255 255 249 250 248 255 255 241 252 81 0 0 9 0 0 12 0 0 0 0 0 0 0 0 0 0 0 0 0 8 32 68 129 218 255 204 109 0 0 0 0 0 0 0 0 0 0 0 0 0 0 0 0 0 0 0 0 0 3 0 0 0 13 9 0 0 0 0 0 0 0 0 0 0 0 0 0 0 0 0 0 0 0 0 0 1 4 9 9 0 0 0 1 0 0 0 0 0 0 0 0 0 0 0 0 0 0 0 0 0 0 0 0 0 0 0 0 3 0 0 6 0 0 0 0 0 0 0 0 0 0 0 0
0 0 0 0 0 0 0 0 0 0 6 0 2 3 0 5 0 6 0 0 6 2 3 0 0 0 0 0 0 0 0 0 0 0 0 0 7 5 0 14 11 0 21 0 0 2 0 5 2 0 4 5 0 0 0 0 0 0 0 0 0 0 0 0 0 0 19 0 0 8 0 0 4 1 0 10 1 0 2 0 0 0 0 0 0 0 0 0 0 0 0 0 0 10 0 0 4 3 12 6 7 0 0 0 0 0 12 1 0 0 0 0 0 0 0 0 0 0 0 0 3 12 0 0 8 0 0 0 0 0 0 14 11 0 2 0 0 0 0 0 0 0 0 0 0 0 0 0 6 30 153 162 134 224 255 252 255 242 184 137 79 10 0 7 0 0 0 0 0 0 0 0 0 0 0 0 11 225 255 230 255 255 251 246 252 255 252 255 232 91 0 0 0 0 0 0 0 0 0 0 0 0 0 0 5 87 225 255 237 239 202 134 134 141 162 249 255 114 0 1 0 0 0 0 0 0 0 0 0 0 0 0 4 0 3 2 0 0 3 1 0 5 136 255 251 121 4 2 0 0 0 0 0 0 0 0 0 0 0 0 0 16 6 0 14 8 0 5 7 137 255 255 240 46 24 0 0 0 0 0 0 0 0 0 0 0 0 0 0 0 0 0 0 2 5 6 146 243 251 252 176 0 0 0 0 0 0 0 0 0 0 0 0 0 0 0 6 12 0 13 11 0 63 216 252 249 247 159 0 19 0 14 0 0 0 0 0 0 0 0 0 0 0 0 0 0 8 75 81 174 255 248 249 255 96 2 10 0 3 0 0 0 0 0 0 0 0 0 0 0 0 0 0 14 81 243 255 239 245 255 255 248 241 91 0 9 25 0 0 0 0 0 0 0 0 0 0 0 0 0 0 0 61 247 255 255 255 243 250 252 243 230 16 7 0 3 0 0 0 0 0 0 0 0 0 0 0 0 0 9 12 135 137 91 56 57 139 255 241 253 2 0 4 1 0 0 0 0 6 0 4 3 1 0 5 0 3 13 0 0 7 0 3 0 0 198 255 248 2 1 5 0 0 0 0 0 0 0 1 0 4 3 1 0 0 0 0 0 2 0 0 22 192 244 255 177 0 8 0 3 0 0 0 0 0 10 0 0 4 5 0 8 12 1 7 0 0 0 22 129 237 255 248 118 0 1 2 11 0 0 0 0 5 2 0 8 1 0 0 1 0 0 0 1 25 51 134 255 255 239 123 23 0 0 19 0 0 0 0 0 0 0 7 9 0 2 12 0 3 17 0 55 173 238 255 240 220 130 3 0 6 0 0 0 0 0 0 0 9 7 8 0 0 40 71 32 37 174 222 252 255 249 255 186 46 10 4 4 6 7 0 16 0 0 0 0 0 0 3 5 147 223 255 253 250 255 234 253 255 228 148 3 0 0 10 0 0 11 0 0 0 0 0 0 4 2 3 33 232 255 251 248 255 235 217 189 96 18 6 0 1 2 1 0 12 0 19 0 0 0 0 0 0 9 0 0 104 244 255 175 140 82 20 0 0 2 0 0 0 0 0 0 0 0 0 0 0 0 0 0 14 5 0 0 0 2 0 0 10 0 0 0 0 0 1 8 0 0 0 0 0 0 0 0 0 0 0 0 0 0 1 6 3 0 3 12 0 0 6 10 3 0 0 4 0 0 0 0 0 0 0 0 0 0 0 0 2 10 4 0 0 5 2 0 9 2 0 1 1 0 0 3 0 0 0 0 0 0 0 0 0 0 0 0
1 0 0 0 0 3 5 5 0 0 0 0 0 0 0 0 0 0 5 0 12 0 2 0 0 0 0 0 0 0 10 2 1 0 0 0 0 0 0 0 0 0 0 0 1 0 6 2 0 0 1 0 0 0 0 0 3 0 5 0 4 0 15 8 2 2 2 2 2 2 2 2 5 0 0 0 1 14 9 0 0 0 0 0 7 0 0 0 0 0 0 0 0 0 0 0 0 0 0 0 0 8 7 2 0 0 0 3 0 0 0 0 0 2 1 13 8 6 0 7 2 2 2 2 2 2 2 2 1 8 0 0 15 8 0 6 0 0 0 0 3 17 0 0 3 0 0 11 0 0 0 0 0 0 0 0 0 0 0 0 0 0 0 0 0 0 0 0 0 0 0 6 132 142 155 186 255 255 255 255 255 255 255 255 248 255 255 222 22 0 0 5 0 0 0 0 4 0 4 33 251 255 253 249 252 252 252 252 252 252 252 252 255 245 246 252 0 4 9 0 0 0 0 0 0 10 0 30 125 155 133 141 135 132 145 143 75 66 136 32 205 255 249 198 5 1 0 7 0 0 0 0 0 6 0 0 13 6 0 0 7 0 0 0 13 0 8 132 255 235 103 20 0 19 0 2 0 0 0 0 1 14 13 6 5 0 0 7 0 12 20 0 0 10 126 255 252 113 13 1 5 0 0 5 0 0 0 0 0 0 0 0 0 1 4 1 0 0 0 20 10 126 253 252 61 3 2 8 0 0 12 0 0 0 0 0 16 1 0 2 0 4 4 0 14 0 3 17 163 255 253 71 0 12 0 0 0 3 0 10 0 0 0 0 0 0 0 1 0 0 4 0 0 0 19 109 255 252 209 9 5 0 0 18 7 2 0 0 0 0 0 0 0 2 4 2 0 0 0 1 0 9 0 242 250 248 255 240 230 177 130 76 0 0 20 3 0 0 0 0 0 0 0 0 4 2 0 1 0 7 1 44 89 182 225 249 255 244 253 255 203 76 0 0 0 0 0 0 0 0 0 0 0 0 0 0 4 0 8 5 3 0 46 119 156 203 192 252 252 186 3 0 0 0 0 0 0 0 0 0 0 0 0 0 0 7 12 0 0 4 7 0 0 0 9 99 253 235 26 9 0 0 0 0 0 0 0 0 0 0 0 0 4 0 0 14 19 11 0 0 17 7 4 104 255 189 0 0 0 0 0 0 0 0 0 0 0 0 0 0 6 0 2 0 0 0 0 10 0 0 0 160 244 103 0 10 0 0 0 0 0 0 0 0 0 0 0 0 3 0 10 2 0 4 0 5 18 1 58 239 255 72 6 0 0 0 0 0 0 0 0 0 0 0 0 0 0 0 3 0 9 1 1 3 0 0 159 255 210 36 2 0 0 0 0 0 0 0 0 0 0 0 0 0 0 43 96 19 6 0 9 0 0 68 237 255 88 0 0 10 0 0 0 0 0 0 0 0 0 0 0 0 2 99 255 239 183 48 32 41 78 201 245 247 2 0 4 0 0 0 0 0 0 0 0 0 0 0 0 0 0 79 177 234 253 255 255 252 244 255 219 85 0 0 7 0 0 0 0 0 0 0 0 0 0 0 0 0 0 0 7 57 141 220 253 253 255 162 39 0 1 13 5 0 0 0 0 0 0 0 0 0 0 0 0 0 0 1 0 0 0 6 9 4 0 0 0 3 2 0 0 5 0 0 0 0 0 0 0 0 0 0 0 0 0 4 7 5 2 0 0 0 2 13 10 0 0 11 10 0 0 0 0 0
0 0 2 4 0 0 0 4 0 0 0 0 4 2 0 7 0 0 12 0 9 0 0 0 0 0 0 0 9 3 0 0 1 4 5 5 0 4 6 0 0 0 0 0 10 0 0 0 11 0 4 8 0 0 0 0 0 0 0 0 2 3 0 0 8 0 0 8 9 2 5 10 0 4 7 0 0 0 2 0 0 0 0 0 0 0 4 2 0 0 1 1 0 6 15 0 0 4 8 0 0 13 1 0 9 5 4 0 0 0 0 0 4 2 1 0 0 0 3 7 8 0 0 0 0 0 2 11 0 3 0 7 17 0 0 14 0 0 0 0 4 0 0 5 5 0 0 1 0 0 11 41 51 60 141 254 255 209 51 0 0 7 4 0 0 0 0 0 0 0 0 8 0 0 42 96 162 197 206 223 255 252 194 167 241 254 125 29 0 0 5 2 0 0 0 0 3 2 6 1 0 20 139 255 255 246 220 219 197 103 70 144 255 190 22 0 3 3 0 1 0 0 0 0 0 0 1 0 0 4 29 55 67 58 5 0 3 8 73 246 241 47 5 5 2 0 3 1 0 0 0 0 2 0 1 2 0 0 0 10 2 0 1 0 16 50 229 214 72 0 0 1 0 4 0 4 0 0 0 0 2 0 0 2 3 0 0 0 11 0 13 24 151 255 184 0 0 0 5 9 0 17 0 0 0 0 0 0 4 0 0 0 2 3 3 1 0 1 34 225 247 184 20 2 0 0 0 0 0 2 0 19 0 0 0 0 4 3 0 0 0 0 0 0 5 19 255 240 255 126 119 58 54 16 6 0 7 11 1 0 0 0 0 0 0 1 4 1 0 0 0 0 0 13 250 255 240 255 241 241 246 205 149 48 0 0 5 6 0 0 0 0 0 0 2 0 0 4 5 2 0 5 18 93 101 141 139 121 166 235 255 218 133 24 0 4 0 0 0 0 2 3 0 0 0 0 1 0 5 0 4 2 0 0 0 0 0 51 101 216 255 167 22 1 0 0 0 0 0 0 0 13 0 0 0 0 0 0 9 14 0 0 0 1 1 4 0 59 246 238 58 0 0 0 0 0 4 2 0 0 7 12 2 1 15 6 0 0 0 7 9 0 0 2 5 7 217 255 45 11 0 0 0 0 0 4 0 0 4 0 0 0 0 0 0 6 12 0 0 0 5 14 0 18 240 249 6 13 0 0 0 0 0 3 0 5 0 6 2 9 0 5 0 0 10 0 0 13 3 0 69 198 250 105 20 0 0 0 0 0 10 1 0 16 0 10 3 0 0 20 0 0 0 0 0 0 17 92 230 255 231 0 4 8 0 0 0 0 0 0 0 12 0 2 6 7 0 1 0 13 10 0 30 70 207 255 243 210 29 0 0 2 0 0 0 0 8 12 4 0 26 9 2 5 14 15 22 87 115 126 206 252 255 227 149 6 10 0 6 0 0 0 0 0 0 0 0 28 229 255 255 255 243 255 248 255 255 244 208 97 74 22 0 6 2 0 6 0 0 0 0 0 0 12 0 41 140 150 154 236 143 153 155 134 93 49 18 5 0 0 0 0 0 0 0 0 0 0 0 0 0 0 0 0 14 1 0 14 0 3 9 8 1 0 0 0 0 0 0 0 0 0 0 0 0 0 0 0 4 2 12 11 0 0 2 0 7 2 0 0 0 3 6 7 0 0 0 0 0 0 0 0 0 0 0 0 0 0 1 0 0 1 15 1 4 0 0 0 0 0 0 0 0 0 0 0 0 0 0 0 0 0 0 0
0 1 0 0 0 2 2 0 6 1 0 0 2 5 1 0 0 3 3 0 6 1 0 5 0 0 0 0 1 2 4 2 0 0 0 3 0 0 9 6 0 0 1 12 9 0 0 0 0 0 0 0 0 0 0 0 2 0 0 9 13 6 1 4 13 2 0 0 0 3 0 0 0 4 5 0 15 2 4 12 0 0 0 0 5 1 0 0 0 0 0 0 0 0 3 5 1 0 0 5 0 23 0 0 0 0 0 0 0 0 0 0 0 6 6 0 0 0 10 11 5 4 5 9 6 0 0 0 0 0 0 41 0 1 8 0 0 0 0 0 0 1 1 1 7 12 3 0 3 0 0 27 82 131 167 188 135 245 150 42 0 9 0 5 0 0 0 0 10 0 0 2 1 0 0 2 35 89 172 240 255 253 247 251 255 243 255 255 130 0 0 2 0 0 0 0 0 0 6 10 0 0 75 164 243 244 253 255 255 248 250 255 255 255 249 248 210 22 0 6 0 0 0 0 0 2 0 0 19 0 169 255 254 251 246 255 252 182 175 189 187 182 219 255 241 106 25 0 0 0 0 0 0 2 0 0 9 0 161 254 255 254 255 172 29 17 0 0 0 1 153 246 255 51 0 0 0 0 0 0 0 1 7 1 1 0 75 133 153 34 130 14 0 3 0 16 0 14 243 253 255 53 0 19 0 0 0 0 4 0 2 1 0 0 0 5 0 0 2 12 3 0 5 0 8 70 251 245 224 25 1 0 0 0 0 0 9 0 0 0 0 10 0 0 9 1 0 3 0 13 0 20 183 252 255 255 183 0 15 0 0 0 0 0 1 0 2 0 0 6 2 7 3 0 0 7 0 55 173 237 252 255 235 131 30 0 0 13 0 0 0 0 0 1 5 3 2 0 0 0 3 0 5 5 44 246 241 255 255 243 255 65 0 25 0 6 0 0 0 0 5 0 0 0 8 0 9 0 0 4 0 6 157 251 252 255 255 255 252 81 16 0 2 0 0 0 0 0 5 0 6 0 0 0 0 6 5 0 3 5 33 150 169 156 206 254 240 188 13 0 0 0 0 0 0 0 6 0 0 19 9 1 20 0 0 0 4 0 14 14 0 8 0 255 255 245 48 2 10 0 0 0 0 0 2 2 2 0 0 0 4 0 18 0 3 0 1 0 0 0 53 255 229 255 74 1 0 0 0 0 0 0 0 0 21 0 0 15 4 134 131 14 9 4 0 2 0 0 133 255 255 204 0 0 4 5 0 0 0 0 10 0 7 0 12 2 35 254 237 45 0 0 0 7 19 146 244 246 244 141 0 11 0 0 0 0 0 0 7 0 0 8 0 0 104 252 238 60 127 187 99 160 214 252 255 255 175 25 0 1 6 0 0 0 0 0 0 5 0 7 0 17 146 255 253 255 255 244 255 255 247 255 204 106 21 0 14 0 0 7 0 0 0 0 3 0 0 0 3 0 74 255 255 255 255 248 255 247 222 114 19 13 86 46 10 0 3 0 0 0 0 0 0 0 3 3 0 0 16 37 136 188 242 144 124 125 1 1 0 76 235 46 11 0 0 0 0 0 0 0 2 0 0 1 0 0 4 15 0 3 19 0 1 10 0 6 4 0 14 0 3 12 0 5 0 0 0 0 4 0 0 0 1 0 0 0 6 6 0 0 8 0 4 19 1 7 0 8 0 0 0 2 0 0 0 0 3 0 0 0 4 4 1 0 0 9 0 6 4 0 4 0 0 15 11 3 6 0 15 0 0 0 0 0
0 0 0 0 0 0 0 0 2 1 0 5 8 0 1 0 0 9 0 0 0 5 0 2 0 0 0 0 0 0 0 0 0 0 0 0 0 3 0 0 0 0 0 0 13 0 0 6 0 0 7 0 0 0 0 0 0 0 0 0 0 0 0 0 3 1 0 0 9 10 15 3 0 5 0 4 0 5 0 10 0 0 0 0 0 0 0 0 0 0 0 0 2 3 0 5 0 0 0 4 4 2 13 10 0 6 11 0 0 0 0 0 0 0 0 0 0 0 0 0 0 0 3 11 0 19 139 251 247 248 158 0 8 0 0 6 0 0 0 0 0 0 0 0 0 0 0 0 7 6 0 0 0 8 139 255 242 255 253 157 8 3 4 0 0 0 0 0 0 0 0 0 0 0 0 0 0 0 0 14 10 3 39 69 112 212 249 252 28 9 0 18 0 0 0 0 0 0 0 0 0 0 0 0 0 5 0 0 0 0 5 0 0 31 191 242 52 0 13 0 0 0 0 0 0 0 0 0 0 0 0 0 0 2 15 0 7 0 5 0 32 101 189 245 38 7 0 1 0 0 0 0 0 0 0 0 0 0 0 0 8 0 0 3 0 1 8 75 194 255 250 119 18 0 0 0 0 0 0 0 0 0 0 0 0 0 0 0 0 12 0 0 26 6 125 248 255 235 130 0 7 0 1 7 0 0 0 0 0 0 0 0 0 0 0 0 6 3 0 22 36 213 250 251 209 100 11 0 12 1 0 0 0 0 0 0 0 0 0 0 0 0 0 0 0 9 0 93 244 255 250 151 24 0 0 6 0 3 12 0 0 0 0 0 0 0 0 0 0 0 0 0 5 0 5 160 255 209 33 0 0 7 28 6 0 0 6 0 0 0 0 0 0 0 0 0 0 0 0 0 11 0 10 142 244 236 204 19 14 0 0 0 8 0 2 8 0 0 0 0 0 0 0 0 0 0 0 0 0 3 0 104 255 255 235 206 95 16 0 13 8 0 0 0 0 0 0 0 3 0 0 0 6 0 0 7 5 0 0 15 35 219 245 255 255 74 1 4 0 0 7 0 0 0 0 0 2 0 5 2 0 1 4 0 0 18 0 0 6 30 36 255 249 190 0 9 0 0 1 2 0 0 0 0 0 5 1 0 0 2 3 5 0 3 2 13 0 9 0 134 255 226 0 8 0 0 0 4 0 0 0 0 0 11 0 0 19 0 0 4 1 0 0 2 0 0 20 206 251 118 3 0 0 3 2 0 0 0 0 0 3 8 0 0 0 0 10 2 3 0 7 0 0 82 186 238 168 16 0 0 2 2 3 0 0 0 0 0 0 0 0 17 6 100 231 213 225 218 215 229 228 236 255 189 50 8 0 0 0 0 0 0 0 0 0 0 11 0 0 5 0 62 213 240 254 244 238 255 244 231 215 0 0 15 0 3 0 0 0 0 0 0 0 0 0 15 0 2 0 0 77 167 163 255 249 255 213 24 12 0 3 0 7 2 0 4 3 0 0 0 0 0 0 0 0 0 0 0 0 0 0 0 0 0 0 0 0 0 0 0 0 0 0 0 0 0 0 0 0 0 0 0 0 0 0 0 0 0 0 0 0 0 0 0 0 0 0 0 0 0 0 0 0 0 0 0 0 0 0 0 0 0 0 0 0 0 0 0 0 0 0 0 0 0 0 0 0 0 0 0 0 0 0 0 0 0 0 0 0 0 0 0 0 0 0 0 0 0 0 0 0 0 0 0 0 0 0 0 0 0 0 0 0 0
3 0 0 2 4 0 0 2 0 0 0 0 2 0 0 10 1 2 1 0 0 0 0 1 0 0 0 0 1 0 0 0 0 0 0 0 8 6 6 0 0 14 9 0 0 0 0 0 0 0 0 0 0 0 0 0 0 3 4 0 0 0 0 0 0 0 0 8 4 0 0 1 0 0 0 0 0 0 0 0 0 0 0 0 0 2 3 0 0 4 4 0 0 8 0 0 0 5 10 2 0 0 0 0 1 1 0 0 0 0 0 0 0 0 0 0 4 6 2 0 8 3 0 2 8 0 0 0 0 0 0 0 1 1 0 0 0 0 0 0 3 0 0 0 2 0 0 0 0 0 93 239 255 255 221 72 5 1 0 0 0 2 0 0 0 0 0 0 4 0 0 3 0 0 3 20 29 213 254 235 255 255 241 217 10 4 0 0 0 2 1 0 0 0 0 0 2 0 0 6 0 0 13 45 255 248 254 252 166 162 255 255 14 7 0 0 0 2 1 0 0 0 0 0 0 0 10 0 4 0 13 149 251 248 155 14 7 49 243 255 21 0 0 9 0 0 2 2 0 0 0 0 5 0 4 0 5 0 0 59 230 190 0 19 0 61 255 255 53 18 0 0 0 10 9 0 0 0 0 0 5 0 3 0 6 13 0 2 0 0 9 0 7 55 255 246 11 0 0 6 1 0 0 0 0 0 0 0 0 0 7 0 0 9 0 2 0 0 2 7 51 255 249 125 19 4 0 2 1 0 0 4 0 0 0 0 2 0 7 5 0 0 0 1 0 21 0 0 156 247 246 13 0 2 10 0 0 3 3 0 0 0 0 0 5 0 0 7 1 0 0 0 0 0 0 116 255 252 255 110 38 14 0 0 8 0 0 7 0 0 0 0 0 0 0 1 5 5 5 0 8 0 102 230 255 249 251 255 243 148 33 0 7 9 0 5 0 0 0 0 0 10 1 0 0 0 3 0 0 0 157 255 249 241 241 242 255 255 174 40 0 0 3 0 0 0 0 0 0 0 0 0 0 0 0 0 0 4 70 181 149 36 15 12 185 255 251 119 1 0 5 2 0 0 0 0 0 0 0 0 0 0 0 0 12 0 0 0 0 0 0 5 8 136 249 189 12 16 0 1 0 0 0 0 0 0 0 0 0 0 0 0 0 30 0 3 8 0 20 2 0 0 255 255 79 5 6 0 0 0 0 0 0 0 0 0 0 0 0 0 14 0 0 0 5 3 0 0 20 10 254 243 137 0 0 9 0 0 0 0 0 0 0 0 0 0 0 0 0 0 13 25 0 2 17 0 0 80 255 255 46 10 9 0 0 0 0 0 0 0 0 0 0 0 0 0 10 0 83 239 164 0 0 0 34 228 255 201 22 14 0 6 0 0 0 0 0 0 0 0 0 0 0 0 0 5 143 251 255 251 182 127 206 255 230 107 12 0 6 0 0 0 0 0 0 0 0 0 0 0 0 0 1 0 34 172 249 247 255 249 255 239 151 0 0 0 9 2 0 0 0 0 0 0 0 0 0 0 0 0 3 0 0 20 85 166 229 255 160 81 7 0 6 8 0 0 0 0 0 0 0 0 0 0 0 0 0 0 9 7 0 0 0 2 0 0 3 0 0 3 2 0 0 11 0 0 0 0 0 0 0 0 0 0 0 0 0 0 5 7 6 7 5 2 0 0 7 11 5 0 0 0 0 0 0 0 0 0 0 0 0 0 0 0 8 7 3 0 0 0 0 0 16 6 0 0 0 4 2 0 0 0 0 0
0 15 0 0 5 0 0 0 5 1 0 0 13 0 0 9 6 0 0 2 0 16 6 0 0 0 0 0 0 0 0 5 2 0 4 8 8 0 6 3 0 2 18 0 0 1 0 4 0 0 0 8 0 0 0 0 3 0 0 10 0 0 2 0 0 0 0 0 4 1 0 5 1 18 0 0 8 0 0 6 0 0 0 0 0 0 6 0 0 0 0 9 0 12 3 0 5 0 0 10 0 2 4 0 3 1 3 0 0 0 0 0 0 7 6 0 1 1 28 128 158 200 247 235 190 175 140 68 12 0 2 5 0 4 0 2 0 0 0 0 0 1 1 0 6 0 66 255 255 255 255 250 243 254 255 255 152 56 0 2 0 6 0 3 0 0 0 0 4 0 4 0 1 0 65 243 252 199 138 141 163 137 144 214 247 177 6 0 0 6 0 0 0 0 0 0 5 0 13 0 0 1 36 141 140 41 0 2 0 0 14 46 196 234 32 8 0 0 0 4 0 0 0 0 0 0 0 0 0 0 0 0 28 43 7 0 0 0 0 0 54 246 173 0 3 0 11 0 0 0 0 0 0 0 0 0 0 0 0 0 2 0 0 17 15 7 4 0 110 255 102 11 0 0 6 0 0 0 0 0 0 0 0 0 0 0 0 0 5 2 77 166 172 177 183 189 235 255 33 0 0 0 0 11 0 0 0 0 0 0 0 0 0 0 0 0 0 17 202 255 255 255 248 255 255 217 100 37 5 7 0 0 0 0 0 0 0 0 0 0 0 0 0 0 4 26 255 251 247 255 245 249 244 255 243 197 45 11 0 1 0 0 0 0 0 0 0 0 0 0 0 0 0 30 249 239 255 247 192 158 154 154 255 255 215 0 14 2 0 0 0 0 0 0 0 0 0 0 0 0 0 0 57 34 47 31 9 0 0 17 57 255 255 151 0 0 0 0 0 0 0 0 0 0 0 0 0 0 1 5 0 7 22 0 0 2 2 6 4 102 244 248 40 0 0 0 0 0 4 0 4 6 0 0 15 0 1 2 1 0 0 2 0 0 0 1 0 0 230 255 63 3 0 0 0 0 0 20 0 0 0 13 0 0 0 0 0 4 1 0 0 10 0 9 17 0 132 248 107 0 0 0 0 0 0 11 0 8 0 0 118 38 0 0 0 0 2 3 0 0 16 0 0 10 226 255 102 4 0 0 0 0 6 0 11 0 0 46 255 202 80 34 0 0 3 0 0 3 0 23 69 160 246 255 75 0 0 0 0 0 2 0 7 0 4 118 244 255 249 172 125 136 124 72 52 75 130 212 255 248 255 119 0 0 0 0 0 0 0 9 0 7 13 68 248 255 255 253 251 255 255 245 243 255 255 246 254 255 96 26 0 4 0 0 0 0 6 8 0 2 0 4 238 255 244 255 255 251 244 249 255 255 246 248 207 111 16 0 9 0 0 0 0 0 0 0 9 8 0 14 34 137 154 149 184 239 240 190 165 179 106 70 0 2 0 7 0 0 0 0 0 0 0 0 0 0 0 0 0 0 0 0 0 0 0 0 0 0 0 0 0 0 0 0 0 0 0 0 0 0 0 0 0 0 0 0 0 0 0 0 0 0 0 0 0 0 0 0 0 0 0 0 0 0 0 0 0 0 0 0 0 0 0 0 0 0 0 0 0 0 0 0 0 0 0 0 0 0 0 0 0 0 0 0 0 0 0 0 0 0 0 0 0 0 0 0 0 0 0 0 0 0 0 0 0 0 0 0 0 0 0 0 0 0
0 10 0 3 0 7 2 0 1 3 0 6 0 6 0 4 0 8 0 0 0 0 0 7 0 0 0 0 0 4 0 3 0 0 4 17 0 0 6 3 4 0 0 0 0 4 0 0 17 5 0 4 0 0 0 0 7 0 0 0 9 3 0 0 9 5 3 0 0 0 11 16 14 0 10 0 0 12 0 0 0 0 0 0 0 0 12 0 0 2 8 14 0 0 0 4 0 1 0 0 0 5 0 18 0 0 31 0 0 0 0 0 0 0 5 0 0 0 0 0 6 1 3 0 11 9 8 0 11 5 0 0 19 4 0 10 0 0 0 0 7 0 0 4 0 17 8 49 70 124 205 168 168 141 222 255 192 22 0 0 0 14 5 0 0 0 0 0 0 7 7 2 0 99 157 249 252 250 255 242 255 255 255 244 251 231 37 0 21 0 6 2 0 0 0 0 0 10 0 0 45 232 250 255 232 203 118 128 119 209 215 235 234 248 233 87 0 3 0 3 0 0 0 0 0 0 13 8 40 255 153 88 34 0 0 2 6 4 0 0 0 74 226 254 45 4 2 0 0 0 0 0 4 3 0 0 84 174 21 0 0 16 13 0 0 8 0 0 10 0 149 255 78 0 10 0 0 0 0 0 0 3 0 0 79 79 0 5 19 0 0 14 0 0 7 6 0 122 255 236 10 13 0 12 0 0 0 0 0 0 13 0 3 0 0 8 0 14 2 1 13 5 14 42 209 247 246 133 4 0 2 4 0 0 0 0 9 0 0 9 0 0 10 0 0 17 71 128 104 94 183 253 230 242 34 8 0 8 0 5 0 0 0 0 4 0 0 14 6 10 5 7 0 188 255 253 255 255 253 255 249 69 0 0 8 0 6 0 0 0 0 0 0 7 0 1 0 0 0 3 58 216 255 249 249 246 255 253 241 207 205 98 13 1 0 19 0 0 0 0 0 0 11 0 0 7 9 0 12 218 249 208 220 210 209 212 253 255 251 248 195 3 14 0 0 0 0 0 0 5 4 0 16 0 0 5 1 43 52 11 0 3 14 4 72 150 255 243 255 115 0 4 0 0 0 0 18 0 5 3 0 0 13 0 0 8 16 11 0 0 0 0 0 8 103 210 247 251 22 9 0 0 0 0 0 0 8 9 0 0 0 8 3 0 0 0 0 0 0 9 24 0 0 33 238 254 66 0 0 0 0 0 10 17 0 0 5 5 0 6 7 6 4 5 8 8 1 0 0 2 6 2 219 255 19 3 0 0 0 0 1 0 3 8 0 0 0 0 0 0 0 0 0 0 0 0 0 18 0 60 255 251 49 1 0 0 0 0 0 4 0 0 35 11 0 5 6 0 0 5 1 0 0 12 0 1 24 199 249 254 45 0 0 0 0 0 0 7 0 33 214 159 33 0 0 0 0 0 1 4 1 0 11 0 240 255 241 150 0 2 0 0 0 0 11 0 0 47 250 254 215 183 68 65 32 0 34 118 170 172 160 217 245 230 138 0 10 0 0 0 0 0 0 11 0 18 153 247 255 253 255 247 231 222 230 246 252 249 251 250 195 89 9 0 2 4 0 0 0 0 0 20 0 0 4 6 0 1 3 1 0 0 0 6 4 0 0 5 6 0 0 1 6 3 0 0 0 0 0 0 0 3 10 0 0 8 0 0 0 0 3 4 0 0 8 0 0 7 10 0 0 0 0 0 0 0 16 0 0 4 7 2 0 0 0 0 1 0 0 0 0 1 0 0 0 0 0 0 1 14 0 0 0 0
0 0 0 0 0 0 0 0 0 6 0 0 0 3 6 0 2 0 0 10 0 9 9 0 0 0 0 0 0 0 0 0 0 0 0 0 11 0 0 8 3 0 0 11 3 0 12 1 8 0 0 0 0 0 0 0 0 0 0 0 0 0 0 0 0 8 6 3 0 6 0 0 0 15 0 1 9 0 7 0 0 0 0 0 0 0 0 0 0 0 0 0 9 1 1 0 13 1 0 3 8 0 0 0 1 0 7 2 0 0 0 0 0 0 0 0 0 0 0 0 0 0 0 0 136 255 254 182 76 0 29 0 3 0 0 5 0 0 0 0 0 0 0 0 0 0 0 0 5 0 10 17 159 243 252 245 195 88 0 9 0 5 3 0 0 0 0 0 0 0 0 0 0 0 0 0 0 0 0 8 144 255 255 255 255 223 25 15 0 6 14 0 0 0 0 0 0 0 0 0 0 0 0 0 4 8 0 8 15 77 102 232 249 255 212 0 2 3 0 4 0 0 0 0 0 0 0 0 0 0 0 0 0 0 5 2 5 0 11 62 233 255 254 8 0 2 1 4 0 0 0 0 0 0 0 0 0 0 0 0 22 0 0 9 0 0 4 143 247 255 193 0 0 14 0 0 0 0 0 0 0 0 0 0 0 0 0 0 0 0 19 0 2 42 154 226 255 219 42 34 0 4 11 2 0 0 0 0 0 0 0 0 0 0 0 0 4 6 46 144 154 230 255 254 252 110 7 0 6 0 0 3 0 0 0 0 0 0 0 0 0 0 0 0 3 57 231 236 255 254 233 255 236 239 59 0 8 7 3 10 0 0 0 0 0 0 0 0 0 0 0 0 0 233 255 255 255 255 255 251 251 255 220 13 0 0 0 0 0 0 0 0 0 0 0 0 0 0 0 0 6 117 212 108 94 67 0 69 178 255 250 179 0 0 21 0 0 0 0 0 0 0 0 0 0 0 0 0 1 4 0 5 2 0 0 9 35 184 248 227 16 0 0 0 0 0 0 0 0 4 5 3 0 0 9 4 0 18 0 6 0 4 8 0 0 120 255 255 62 2 0 9 0 0 0 0 4 0 0 1 8 5 0 0 8 5 0 0 0 0 0 11 8 86 253 249 65 8 0 7 0 0 0 0 1 0 7 0 0 0 6 67 199 1 2 10 1 6 7 0 0 172 239 227 0 10 18 0 0 0 0 0 0 0 18 0 0 0 18 130 255 127 66 0 0 2 0 12 34 218 250 212 0 0 0 0 0 0 0 0 5 0 7 0 5 3 0 81 252 255 231 177 97 47 38 88 210 242 255 47 0 10 0 4 0 0 0 0 8 0 0 0 6 3 0 27 214 255 244 255 237 244 255 241 249 255 243 13 0 0 0 1 0 0 0 0 1 0 0 0 0 0 0 14 0 192 249 246 255 255 252 250 255 173 39 2 7 2 2 0 0 0 0 0 0 0 0 5 1 1 8 0 13 0 30 151 254 245 255 254 97 20 0 1 0 0 0 2 0 0 0 0 0 0 0 0 0 0 0 0 0 0 0 0 0 0 0 0 0 0 0 0 0 0 0 0 0 0 0 0 0 0 0 0 0 0 0 0 0 0 0 0 0 0 0 0 0 0 0 0 0 0 0 0 0 0 0 0 0 0 0 0 0 0 0 0 0 0 0 0 0 0 0 0 0 0 0 0 0 0 0 0 0 0 0 0 0 0 0 0 0 0 0 0 0 0 0 0 0 0 0 0 0 0 0 0 0 0 0 0 0 0 0 0
0 0 0 0 0 0 0 0 0 5 7 0 0 1 4 2 0 0 1 4 2 0 0 3 0 0 0 0 0 0 0 0 0 0 0 0 6 0 0 0 0 0 0 1 0 3 0 0 0 12 6 0 0 0 0 0 0 0 0 0 0 0 0 0 2 3 4 5 9 11 4 0 10 0 0 0 0 0 0 5 0 0 0 0 0 0 0 0 0 0 0 0 5 2 0 0 0 0 0 0 0 0 5 13 12 4 0 1 0 0 0 0 0 0 0 0 0 0 0 0 0 0 0 12 11 0 0 10 1 9 3 0 0 3 4 0 0 0 0 0 0 0 0 0 0 0 0 0 3 14 4 0 0 32 48 36 50 41 37 34 15 0 0 12 0 0 0 0 0 0 0 0 0 0 0 0 0 2 0 4 84 202 255 255 254 245 247 244 196 105 24 0 0 0 0 0 0 0 0 0 0 0 0 0 8 0 24 123 220 255 255 249 252 255 255 239 255 249 141 9 0 0 0 0 0 5 8 0 0 2 12 0 0 13 22 164 255 244 180 133 34 78 103 255 234 253 206 0 0 0 0 0 2 0 0 8 8 1 0 0 20 0 2 121 218 63 0 4 5 25 173 255 255 243 185 0 0 0 0 0 0 0 0 8 3 0 0 10 0 0 14 15 61 0 36 47 83 202 255 243 255 229 0 19 0 0 0 0 0 5 4 0 0 0 0 0 23 0 0 28 60 133 225 246 255 255 252 247 173 22 0 0 0 0 0 0 0 4 0 0 7 4 0 0 0 25 82 205 238 255 254 255 246 249 199 70 11 4 15 0 0 0 0 0 0 0 0 2 6 0 8 65 132 228 249 251 255 255 231 253 255 254 71 5 0 2 0 13 0 0 0 0 0 2 0 0 1 0 13 88 244 255 255 237 248 253 239 247 214 255 175 15 10 18 0 0 0 0 0 0 0 6 0 0 14 4 0 11 240 243 252 201 90 99 72 0 41 250 249 158 0 0 11 2 0 0 0 0 0 6 0 9 0 5 0 2 99 113 60 45 2 0 0 41 188 220 254 153 7 0 12 0 0 0 0 0 0 15 0 0 12 0 0 1 8 0 4 0 4 15 19 155 212 255 236 59 0 3 4 0 0 0 0 0 7 0 14 147 198 118 87 40 1 1 1 16 112 54 250 255 255 239 117 0 0 11 0 3 0 0 0 0 12 6 1 225 247 255 245 255 246 255 247 195 244 255 241 244 238 91 0 0 11 4 0 3 0 0 0 0 0 16 0 83 247 255 254 249 245 255 229 255 248 248 245 140 100 5 0 6 0 0 3 0 0 0 0 0 17 10 1 2 200 194 255 235 251 255 255 249 255 120 54 0 1 1 12 0 0 1 0 0 0 0 0 0 0 0 0 25 0 9 43 57 62 18 32 57 26 11 0 12 0 4 6 0 4 7 0 1 0 0 0 0 0 0 8 0 0 0 10 0 0 2 14 4 2 0 0 0 2 0 4 0 0 7 0 0 0 0 0 0 0 0 0 0 0 0 0 0 0 0 0 0 0 0 0 0 0 0 0 0 0 0 0 0 0 0 0 0 0 0 0 0 0 0 0 0 0 0 0 0 0 0 0 0 0 0 0 0 0 0 0 0 0 0 0 0 0 0 0 0 0 0 0 0 0 0 0 0 0 0 0 0 0 0 0 0 0 0 0 0 0 0 0 0 0 0 0 0 0 0 0 0 0 0 0 0 0 0 0 0 0 0 0 0 0 0 0 0 0 0 0 0
6 4 0 20 0 0 9 0 0 6 4 1 5 1 0 0 2 0 17 0 0 9 0 0 0 0 0 0 0 0 0 4 0 0 2 0 5 3 0 0 0 0 0 5 3 0 0 0 8 0 0 0 0 0 0 0 3 15 0 0 15 2 4 5 0 2 5 7 13 7 0 0 0 13 0 8 2 0 15 8 0 0 0 0 0 1 0 0 5 0 1 0 0 5 0 0 0 0 0 8 0 6 0 0 0 0 0 0 0 0 0 0 0 10 4 11 0 0 0 0 0 0 0 0 8 8 0 0 8 0 0 0 5 15 1 3 0 0 0 0 0 3 0 0 0 10 59 83 71 72 74 94 122 117 83 59 80 79 87 4 0 0 0 1 0 0 0 0 1 9 2 1 141 161 219 248 255 252 241 244 255 255 255 251 238 244 250 144 79 2 7 3 0 0 0 0 0 3 0 4 251 244 255 253 245 255 255 254 249 242 244 255 255 233 255 255 219 29 2 0 0 0 0 0 0 17 0 0 255 253 244 255 255 253 245 247 255 254 248 253 250 255 249 254 253 33 0 3 0 0 0 0 1 0 0 23 240 254 252 250 235 255 164 68 141 253 255 246 255 231 247 255 255 36 11 3 0 0 0 0 0 0 3 0 8 0 0 5 20 0 0 65 163 236 255 249 250 255 200 187 67 0 0 0 0 0 0 0 2 7 8 1 0 8 0 0 0 40 150 233 243 255 255 245 137 98 22 5 5 0 18 0 0 0 0 0 0 0 0 1 0 21 0 18 155 234 255 248 255 255 170 77 31 49 19 0 7 0 3 0 0 0 0 0 5 5 4 10 0 0 0 107 251 255 249 242 245 248 253 255 255 243 156 107 51 1 0 20 0 0 0 0 10 0 0 0 1 8 16 104 255 246 254 255 250 252 255 242 255 227 255 255 209 34 0 0 0 0 0 0 0 0 19 0 3 5 0 6 181 254 255 239 255 255 244 255 252 255 252 255 241 254 152 0 0 0 0 0 6 0 9 1 0 8 0 11 76 142 162 113 104 99 161 243 243 255 249 255 244 247 210 40 0 0 0 0 0 9 0 4 0 0 4 0 0 23 21 0 4 4 12 33 35 52 151 243 255 255 232 79 0 0 0 0 0 10 0 0 2 0 15 0 0 0 0 0 0 0 0 0 0 3 0 253 254 235 255 68 0 0 0 0 3 0 4 0 0 2 0 0 11 0 7 7 11 0 3 0 2 0 17 255 241 255 246 69 0 0 0 0 4 0 7 7 0 0 21 73 73 0 0 0 34 20 71 73 80 86 182 255 248 249 255 74 0 0 0 0 0 13 0 8 0 7 150 242 241 162 152 139 187 185 246 255 233 255 255 254 251 246 255 56 0 0 0 0 0 14 0 3 1 15 161 243 255 244 255 253 255 244 252 246 255 242 252 252 248 228 123 34 0 0 0 0 1 4 3 5 0 0 22 58 226 249 246 252 239 255 255 247 253 246 240 255 244 43 0 0 0 0 0 0 0 0 0 0 0 0 0 0 60 62 70 97 239 255 255 251 245 255 254 184 82 7 0 5 0 0 0 0 0 0 0 0 0 0 0 0 0 6 5 0 18 0 0 0 0 0 0 3 3 3 3 4 0 0 0 0 0 0 0 0 0 0 0 0 0 6 6 0 1 0 0 10 8 4 0 0 3 3 0 0 0 0 0 0 0 0 0 0 0 0 0 0 10 5 0 4 0 8 0 0 0 0 2 0 0 0 0 6 0 0 0 0
0 0 0 0 0 0 0 0 1 0 14 0 6 0 0 0 1 0 0 19 0 6 4 0 0 0 0 0 0 0 0 0 0 0 0 0 0 25 0 0 0 0 17 4 3 11 3 0 9 0 0 13 0 0 0 0 0 0 0 0 0 0 0 0 0 3 0 5 4 17 0 0 5 0 15 6 2 0 11 0 0 0 0 0 0 0 0 0 0 0 0 0 6 0 13 1 12 0 0 17 0 0 0 7 0 9 11 0 0 0 0 0 0 0 0 0 0 0 0 0 0 5 0 0 0 0 99 140 187 216 255 243 63 0 9 0 0 0 0 0 0 0 0 0 0 0 0 0 0 6 0 0 6 139 246 255 233 255 255 251 239 87 7 4 0 0 0 0 0 0 0 0 0 0 0 0 6 0 8 0 21 212 255 236 245 198 175 245 255 98 10 0 0 0 0 0 0 0 0 0 0 0 0 0 2 0 11 0 6 112 213 121 29 0 22 224 255 106 0 0 0 0 0 0 0 0 0 0 0 0 0 0 8 0 4 0 5 0 0 5 0 50 200 255 255 88 0 7 0 0 0 0 0 0 0 0 0 0 0 0 2 0 11 0 0 10 4 0 84 231 255 237 161 2 7 0 0 0 0 0 0 0 0 0 0 0 0 0 5 0 0 0 0 3 54 132 233 251 255 133 13 0 5 0 0 0 0 0 0 0 0 0 0 0 0 0 0 6 3 7 142 223 241 252 255 214 75 11 0 1 2 1 0 0 0 0 0 0 0 0 0 0 0 0 0 0 0 42 249 255 239 255 255 140 2 2 0 1 13 0 0 0 0 0 0 0 0 0 0 0 0 0 7 15 2 6 209 255 215 190 237 233 32 0 15 0 0 1 0 0 0 0 0 0 0 0 0 0 0 0 0 0 6 5 47 29 0 19 198 239 143 0 0 19 0 5 0 0 0 0 0 0 0 0 0 0 0 0 5 0 0 2 0 17 0 0 62 255 158 17 7 0 10 0 0 0 0 0 8 0 0 0 9 0 0 0 1 1 0 5 0 0 8 0 68 255 141 0 3 0 10 0 0 0 0 0 0 8 9 8 0 3 4 8 0 13 8 0 8 13 0 9 73 249 166 0 15 0 0 10 0 0 0 0 0 0 0 3 0 2 0 0 32 0 1 1 0 6 0 27 189 255 80 12 0 0 15 0 0 0 0 0 21 0 1 0 7 0 10 2 0 0 4 0 20 48 86 198 255 225 0 0 16 0 0 0 0 0 0 0 0 1 13 0 0 5 28 31 88 141 144 139 188 237 253 255 204 35 17 0 0 0 12 0 0 0 0 0 0 17 0 0 38 174 241 255 255 242 239 251 248 255 255 168 54 0 11 0 2 0 0 2 0 0 0 0 0 12 2 16 152 248 255 244 254 255 255 255 204 100 12 0 1 0 0 20 0 0 17 0 0 0 0 0 12 0 2 0 182 192 224 198 141 48 60 48 0 0 0 1 0 5 7 0 10 3 0 5 0 0 0 0 0 0 0 0 0 0 0 0 0 0 0 0 0 0 0 0 0 0 0 0 0 0 0 0 0 0 0 0 0 0 0 0 0 0 0 0 0 0 0 0 0 0 0 0 0 0 0 0 0 0 0 0 0 0 0 0 0 0 0 0 0 0 0 0 0 0 0 0 0 0 0 0 0 0 0 0 0 0 0 0 0 0 0 0 0 0 0 0 0 0 0 0 0 0 0 0 0 0 0 0 0 0 0 0 0 0 0 0 0 0 0 0
0 0 0 0 0 0 0 0 7 1 0 5 6 0 9 0 1 5 0 0 0 2 0 0 0 0 0 0 0 0 0 0 0 0 0 0 0 6 7 2 0 2 0 0 0 0 4 2 14 0 0 1 0 0 0 0 0 0 0 0 0 0 0 0 7 0 11 0 0 10 0 7 3 0 4 0 6 0 0 0 0 0 0 0 0 0 0 0 0 0 0 0 0 0 18 0 16 5 0 0 1 0 5 2 0 0 10 12 0 0 0 0 0 0 0 0 0 0 0 0 0 0 0 0 9 0 6 9 13 0 0 1 0 9 0 0 0 0 0 0 0 0 0 0 0 0 0 0 0 28 0 15 47 184 255 245 239 252 255 196 63 0 0 16 0 0 0 0 0 0 0 0 0 0 0 0 0 0 62 223 250 245 243 255 253 230 255 239 152 16 0 0 0 0 0 0 0 0 0 0 0 0 0 0 0 48 219 254 255 243 255 234 70 87 238 255 197 2 0 3 0 0 0 0 0 0 0 0 0 0 0 0 18 212 255 255 244 243 204 75 0 7 220 255 110 0 1 0 0 0 0 0 0 0 0 0 0 0 0 0 11 88 112 93 13 0 14 0 6 158 243 237 17 15 0 9 0 0 0 0 0 0 0 0 0 0 0 0 1 5 4 0 0 7 0 34 147 246 255 81 1 10 0 4 0 0 0 0 0 0 0 0 0 0 0 0 3 0 0 5 0 76 182 233 253 255 122 0 0 10 0 1 0 0 0 0 0 0 0 0 0 0 0 0 7 0 2 74 183 255 240 255 247 243 51 1 0 0 7 0 0 0 0 0 0 0 0 0 0 0 0 0 0 9 60 210 255 251 255 248 255 237 182 5 7 0 10 0 0 0 0 0 0 0 0 0 0 0 0 0 10 72 252 253 237 224 91 218 247 255 255 60 0 26 0 1 0 0 0 0 0 0 0 0 0 0 0 0 0 206 249 248 139 14 6 0 145 255 245 115 5 0 4 5 0 0 0 0 2 4 3 0 3 0 11 0 0 22 72 30 0 0 6 0 60 245 255 99 6 3 0 1 0 0 0 0 11 0 0 14 0 15 0 7 0 12 0 0 0 9 4 7 61 254 251 133 0 0 15 0 0 0 0 0 0 12 13 0 25 0 0 0 0 3 0 0 0 3 0 0 95 239 255 76 0 0 8 0 0 0 0 0 9 0 0 11 0 0 18 11 7 0 16 0 0 0 11 11 160 255 201 0 8 7 0 3 0 0 0 0 0 0 12 0 0 16 45 195 84 0 0 7 2 0 0 75 236 255 56 0 0 0 7 0 0 0 0 0 0 11 7 5 13 51 247 255 235 232 143 61 58 161 148 252 255 171 0 9 0 0 14 0 0 0 0 0 8 0 2 0 14 206 236 255 255 253 236 253 255 250 228 255 172 31 14 0 3 0 3 0 0 0 0 0 1 0 7 1 0 82 235 255 253 241 255 246 255 245 255 96 28 0 0 3 0 1 0 0 0 0 0 0 2 0 0 4 0 0 90 195 252 250 255 255 221 140 51 0 0 0 0 0 0 0 0 0 0 0 0 0 1 0 0 7 6 0 0 7 3 0 0 1 6 1 0 0 0 0 0 0 0 0 0 0 0 0 0 0 4 1 0 0 0 4 3 0 0 0 0 4 1 0 0 0 0 0 0 0 0 0 0 0 0 0 0 0 0 4 8 0 0 0 5 5 0 0 2 5 3 0 3 11 0 0 0 0 0 0 0 0 0 0 0 0
0 0 0 0 0 0 0 0 0 1 2 1 6 2 0 0 0 6 8 0 0 0 1 0 0 0 0 0 0 0 0 0 0 0 0 0 14 0 0 0 1 0 10 8 0 0 0 0 7 8 0 0 0 0 0 0 0 0 0 0 0 0 0 0 0 9 3 3 0 6 0 0 14 6 1 0 0 0 0 7 0 0 0 0 0 0 0 0 0 0 0 0 0 4 2 0 23 3 0 1 0 0 1 2 0 0 0 0 0 0 0 0 0 0 0 0 0 0 0 0 4 0 0 14 0 0 0 0 1 5 4 0 0 7 5 0 0 0 0 0 0 0 0 0 0 0 0 0 4 0 123 249 248 255 185 0 0 2 4 0 0 0 3 8 0 0 0 0 0 0 0 0 0 0 0 0 0 1 196 255 255 233 243 71 28 6 0 1 4 0 0 1 0 0 0 0 0 0 0 0 0 0 0 0 7 0 24 214 173 255 244 255 249 123 9 0 7 7 0 1 0 0 0 0 0 0 0 0 0 0 0 0 10 0 0 25 28 53 61 46 121 211 106 36 0 0 10 0 0 0 0 0 0 0 0 0 0 0 0 0 0 0 23 0 1 0 17 4 0 17 52 175 0 18 0 9 0 0 0 0 0 0 0 0 0 0 0 0 19 9 0 11 0 14 0 0 0 16 0 198 112 0 5 0 0 0 0 0 0 0 0 0 0 0 0 0 0 0 11 0 0 9 8 0 0 9 66 239 115 17 7 0 0 0 0 0 0 0 0 0 0 0 0 0 22 0 6 8 8 0 3 47 63 170 245 242 79 0 0 6 0 0 0 0 0 0 0 0 0 0 0 0 10 0 41 152 145 154 152 225 255 255 255 116 0 4 2 0 0 0 0 0 0 0 0 0 0 0 0 0 0 29 206 255 255 255 255 243 242 239 0 0 0 20 0 0 0 0 0 0 0 0 0 0 0 0 0 0 12 0 111 234 238 252 240 255 255 116 0 5 4 0 0 5 0 0 0 0 0 0 0 0 0 0 0 0 0 3 0 6 0 1 0 105 251 217 5 5 0 0 0 2 0 0 0 0 0 0 0 0 0 0 0 0 0 5 7 0 0 7 17 13 255 230 0 0 0 9 2 0 0 0 0 0 0 0 0 0 0 0 0 0 0 14 0 0 6 0 0 13 243 228 0 0 0 5 3 0 0 0 0 0 0 0 0 0 0 0 0 0 4 0 20 0 0 5 25 0 255 231 3 8 0 0 0 7 0 0 0 0 0 0 0 0 0 0 0 0 0 0 0 9 0 13 0 99 255 210 0 1 5 0 0 1 0 0 0 0 0 0 0 0 0 0 0 0 0 9 4 0 4 155 214 255 160 104 0 0 7 0 0 0 0 0 0 0 0 0 0 0 0 0 0 0 0 7 0 4 178 236 255 230 20 0 0 3 4 0 5 0 0 0 0 0 0 0 0 0 0 0 0 0 15 159 116 250 238 255 129 11 3 0 14 0 0 0 14 0 0 0 0 0 0 0 0 0 0 0 0 0 44 234 230 183 92 97 0 1 0 0 0 0 0 0 0 0 0 0 0 0 0 0 0 0 0 0 0 0 0 20 0 9 0 9 0 12 0 0 0 0 0 0 0 0 0 0 0 0 0 0 0 0 0 0 0 0 5 0 0 2 2 4 7 0 0 0 0 0 0 0 0 0 0 0 0 0 0 0 0 0 0 0 0 0 0 0 15 0 0 0 11 0 0 0 0 0 0 0 0 0 0 0 0 0
0 7 5 0 0 0 0 0 0 0 11 0 6 0 6 0 11 0 0 13 0 0 4 0 0 0 0 0 1 0 0 0 7 9 3 0 16 0 0 0 13 0 0 0 0 14 2 0 2 12 1 0 0 0 0 0 7 0 0 2 2 1 0 0 0 10 7 0 9 3 3 10 7 0 0 2 0 0 6 0 0 0 0 0 1 0 1 1 0 0 4 1 0 0 5 0 0 0 0 0 15 0 0 18 0 0 6 0 0 0 0 0 0 0 5 0 0 4 8 1 13 0 1 18 0 0 15 11 0 6 3 0 4 5 0 3 0 0 0 0 0 7 0 0 7 6 0 0 0 39 142 245 255 255 148 11 27 0 0 0 5 1 0 0 0 0 0 0 1 10 0 0 10 0 0 31 150 226 255 255 219 238 252 255 167 41 0 10 0 0 2 0 0 0 0 0 0 7 0 0 12 0 13 108 255 224 128 75 34 26 79 212 255 152 20 0 5 9 0 0 0 0 0 0 3 0 0 8 0 0 85 232 133 44 9 0 1 15 0 28 255 225 70 0 6 0 5 0 0 0 0 0 0 9 2 0 14 61 103 128 22 0 6 9 0 9 0 13 236 255 13 0 0 0 1 0 0 0 0 0 5 3 1 0 2 19 22 4 0 0 0 2 5 0 3 138 255 230 0 10 0 0 2 2 0 0 0 0 7 0 0 14 0 0 0 0 8 13 0 0 1 0 67 248 246 105 2 5 0 4 2 1 0 0 0 0 4 0 0 3 0 7 13 0 0 0 9 0 9 107 229 252 122 0 4 0 0 5 0 0 0 0 0 0 1 2 4 0 0 0 0 0 0 0 0 10 137 245 255 114 0 0 1 0 0 4 0 0 0 0 0 0 0 0 1 6 7 0 0 13 4 12 0 41 253 255 192 11 0 19 0 10 3 0 1 0 0 0 0 0 0 11 0 0 3 7 0 0 0 0 1 35 223 245 255 145 49 0 0 6 0 0 12 0 0 0 0 0 0 0 0 0 0 0 0 0 6 0 0 0 54 196 249 250 239 127 2 2 4 7 0 0 0 0 0 0 0 0 0 0 0 0 0 0 0 2 0 4 0 7 77 245 247 245 218 11 0 0 18 6 0 0 0 0 0 0 0 0 0 0 0 0 0 5 0 14 0 16 0 9 83 237 255 184 33 1 0 0 0 0 0 0 0 0 0 0 0 0 0 0 13 0 13 0 1 0 13 0 0 33 233 231 181 0 0 3 0 0 0 0 0 0 0 0 0 0 0 0 0 0 0 16 8 0 0 16 0 3 98 255 174 0 20 0 0 0 0 0 0 0 0 0 0 0 0 0 6 32 41 101 20 14 0 0 2 0 160 255 153 1 0 0 0 0 0 0 0 0 0 0 0 0 0 0 0 1 181 255 189 56 108 88 79 118 236 255 131 0 6 0 0 0 0 0 0 0 0 0 0 0 0 0 6 0 56 246 251 255 255 244 255 247 255 141 14 7 0 6 0 0 0 0 0 0 0 0 0 0 0 0 0 12 0 33 146 175 232 152 143 99 41 4 0 0 1 0 0 0 0 0 0 0 0 0 0 0 0 0 0 7 0 0 11 0 26 0 11 0 0 0 0 6 5 1 0 0 0 0 0 0 0 0 0 0 0 0 5 9 2 9 4 0 0 0 0 0 0 0 2 1 0 0 0 0 0 0 0 0 0 0 0 0 0 0 0 0 0 2 1 10 0 7 4 3 1 0 0 0 0 1 0 0 0 0
0 0 0 0 0 0 0 0 0 7 0 1 10 0 0 2 7 4 0 2 4 0 1 1 0 0 0 0 0 0 0 0 0 0 0 0 2 0 3 4 0 0 14 2 0 3 5 2 2 0 1 0 0 0 0 0 0 0 0 0 0 0 0 0 23 0 0 5 3 0 0 4 6 1 0 0 7 0 0 8 0 0 0 0 0 0 0 0 0 0 0 0 0 6 12 0 5 8 0 0 0 0 3 0 1 0 0 6 0 0 0 0 0 0 0 0 0 0 0 0 6 0 3 0 0 7 1 11 0 0 19 1 0 6 1 0 0 0 0 0 0 0 0 0 0 0 0 0 1 0 19 6 0 56 132 189 126 12 0 3 1 4 0 3 0 0 0 0 0 0 0 0 0 0 0 0 5 0 0 0 131 254 253 255 255 38 0 6 7 0 0 7 0 0 0 0 0 0 0 0 0 0 0 0 0 5 6 98 255 207 100 231 255 61 9 10 0 4 5 0 0 0 0 0 0 0 0 0 0 0 0 0 0 0 0 149 230 20 24 224 255 26 2 0 0 0 6 0 0 0 0 0 0 0 0 0 0 0 0 0 0 0 11 9 45 0 165 255 246 24 0 0 11 0 0 1 0 0 0 0 0 0 0 0 0 0 0 0 8 0 2 14 0 48 220 255 154 3 0 0 10 0 0 4 0 0 0 0 0 0 0 0 0 0 0 0 0 8 0 6 12 193 255 243 38 0 12 0 0 5 1 1 0 0 0 0 0 0 0 0 0 0 0 0 0 2 2 0 56 255 255 156 0 0 20 0 0 6 0 0 0 0 0 0 0 0 0 0 0 0 0 0 9 0 0 20 74 255 218 31 6 0 0 0 6 5 0 3 0 0 0 0 0 0 0 0 0 0 0 0 0 16 0 3 19 200 240 62 8 0 0 0 2 4 0 5 0 0 0 0 0 0 0 0 0 0 0 0 0 13 0 0 15 15 211 180 2 5 11 5 0 4 2 0 0 0 0 0 0 0 0 0 0 0 0 0 0 4 0 2 9 0 83 233 128 0 5 0 8 4 0 8 0 0 0 0 0 0 0 0 0 0 0 0 5 0 5 0 0 1 0 217 236 7 5 9 0 0 3 0 0 0 0 0 0 0 0 0 0 0 0 0 5 0 1 11 0 23 11 84 255 2 0 3 0 0 13 3 0 0 0 0 0 0 0 0 0 0 0 0 0 13 0 0 28 0 0 120 255 35 6 0 9 3 0 0 0 0 0 0 0 0 0 0 0 0 0 0 0 8 11 3 0 0 0 103 252 30 3 0 5 0 0 0 0 0 0 0 0 0 0 0 0 0 0 0 0 0 5 137 53 22 91 246 252 0 0 2 0 0 13 0 0 0 0 0 0 0 0 0 0 0 0 0 10 8 91 228 31 51 210 250 219 6 13 13 0 0 9 0 0 0 0 0 0 0 0 0 0 0 0 0 0 1 136 246 219 255 245 255 101 0 7 0 2 3 0 1 0 0 0 0 0 0 0 0 0 0 0 0 0 0 30 195 247 255 151 105 0 0 0 0 0 0 0 0 0 0 0 0 0 0 0 0 0 0 0 0 3 0 0 8 3 6 0 0 0 0 0 0 0 0 0 0 0 0 0 0 0 0 0 0 0 0 0 0 2 4 15 0 0 0 1 0 0 0 0 0 0 0 0 0 0 0 0 0 0 0 0 0 0 0 0 0 0 0 4 0 10 2 11 0 0 0 0 0 0 0 0 0 0 0 0 0
0 0 0 0 0 0 0 0 0 8 0 4 0 0 10 0 0 3 2 0 4 3 0 17 0 0 0 0 0 0 0 0 0 0 0 0 3 12 5 4 1 10 0 7 1 0 0 4 0 4 0 0 0 0 0 0 0 0 0 0 0 0 0 0 0 0 0 0 3 4 5 3 0 4 9 0 0 16 12 15 0 0 0 0 0 0 0 0 0 0 0 0 10 5 1 17 194 246 238 0 7 5 0 0 4 0 0 0 0 0 0 0 0 0 0 0 0 0 0 0 4 0 0 78 255 241 251 153 0 0 10 3 0 5 5 6 0 0 0 0 0 0 0 0 0 0 0 0 0 15 7 17 167 229 200 244 142 0 0 8 9 0 9 0 0 0 0 0 0 0 0 0 0 0 0 0 3 5 0 0 34 64 0 64 139 141 180 75 39 1 23 0 0 0 0 0 0 0 0 0 0 0 0 0 0 0 10 1 0 5 1 2 0 0 82 130 235 73 0 6 0 0 0 0 0 0 0 0 0 0 0 0 6 0 0 2 0 4 10 0 4 0 9 18 211 183 0 0 0 0 0 0 0 0 0 0 0 0 0 0 0 4 7 0 0 0 3 0 0 19 0 2 169 239 6 1 0 0 0 0 0 0 0 0 0 0 0 0 0 5 3 0 1 2 0 4 0 0 2 129 244 169 4 3 0 0 0 0 0 0 0 0 0 0 0 0 3 10 0 0 35 25 0 0 101 89 211 230 170 63 0 8 0 0 0 0 0 0 0 0 0 0 0 0 0 0 0 73 188 217 197 212 249 255 218 138 12 0 15 0 0 0 0 0 0 0 0 0 0 0 0 0 14 10 18 104 227 255 246 255 255 246 178 0 0 16 0 6 0 0 0 0 0 0 0 0 0 0 0 0 0 0 0 14 78 93 78 86 88 238 239 43 11 2 0 0 0 0 0 0 0 0 0 0 0 0 0 0 0 16 5 0 0 3 0 3 0 176 245 120 0 21 0 14 0 0 0 0 8 0 0 5 3 1 2 0 0 0 1 0 5 7 0 2 5 46 240 53 2 1 0 0 0 0 0 0 0 3 1 0 0 7 9 0 4 0 0 1 0 0 0 3 0 77 78 13 7 3 0 14 0 0 0 0 0 5 5 5 6 0 0 8 7 0 1 5 4 16 14 0 0 158 198 19 0 3 10 0 0 0 0 0 2 5 0 0 25 15 0 1 0 0 6 10 0 0 10 8 14 217 104 6 18 8 0 7 0 0 0 0 0 10 0 4 106 195 196 168 98 50 27 54 55 75 152 186 159 210 85 0 0 0 0 0 0 0 0 0 0 7 0 12 101 198 239 244 248 255 245 254 251 255 255 232 182 0 9 0 4 0 15 0 0 0 0 0 7 0 0 0 0 1 27 54 138 241 255 253 190 129 88 8 0 14 0 14 0 0 4 4 0 0 0 0 0 0 7 7 0 2 2 0 0 12 0 1 8 0 10 0 3 0 4 0 14 12 0 12 0 0 0 0 0 0 0 0 0 0 0 0 0 0 0 0 0 0 0 0 0 0 0 0 0 0 0 0 0 0 0 0 0 0 0 0 0 0 0 0 0 0 0 0 0 0 0 0 0 0 0 0 0 0 0 0 0 0 0 0 0 0 0 0 0 0 0 0 0 0 0 0 0 0 0 0 0 0 0 0 0 0 0 0 0 0 0 0 0 0 0 0 0 0 0 0 0 0 0 0 0 0 0 0 0 0 0 0 0 0 0 0 0 0 0 0
0 0 0 0 0 0 0 0 0 8 0 0 0 7 0 7 0 0 0 0 0 0 0 0 0 0 0 0 0 0 0 0 0 0 0 0 0 0 3 8 9 0 3 0 0 0 0 0 0 0 0 0 0 0 0 0 0 0 0 0 0 0 0 0 13 0 7 0 0 0 6 3 0 0 0 0 0 0 0 0 0 0 0 0 0 0 0 0 0 0 0 0 3 0 10 0 3 16 0 3 0 0 0 0 0 0 0 0 0 0 0 0 0 0 0 0 0 0 0 0 4 8 1 0 0 8 0 4 0 0 0 0 0 0 0 0 0 0 0 0 0 0 0 0 0 0 0 0 0 0 0 125 237 242 171 6 0 0 0 0 0 0 0 0 0 0 0 0 0 0 0 0 0 0 0 0 0 12 130 231 255 252 238 66 0 0 0 0 0 0 0 0 0 0 0 0 0 0 0 0 0 0 0 0 3 0 232 255 238 244 255 143 0 0 0 0 0 0 0 0 0 0 0 0 0 0 0 0 0 0 0 0 0 0 226 227 12 124 255 173 3 0 4 2 0 0 2 9 0 0 0 0 0 0 0 0 0 0 0 0 0 11 88 146 11 129 251 189 11 0 0 0 30 0 0 0 0 0 0 0 0 0 0 0 0 0 0 0 6 3 0 5 0 172 239 242 218 179 119 2 0 0 4 7 0 0 0 0 0 0 0 0 0 0 0 0 0 0 0 2 107 255 255 250 241 250 245 153 28 13 0 0 0 0 0 0 0 0 0 0 0 0 0 0 6 0 0 136 228 235 242 233 184 176 255 255 62 0 0 14 0 0 0 0 0 0 0 0 0 0 0 0 0 7 63 245 255 248 112 1 3 3 211 255 83 0 7 0 0 0 0 0 0 0 0 0 0 0 0 0 13 0 96 249 161 62 0 17 0 0 206 248 78 5 2 0 0 0 0 0 0 0 0 0 0 0 0 0 0 2 1 56 18 0 19 0 4 0 166 253 73 10 0 17 0 0 0 0 0 0 0 0 0 0 0 0 3 4 0 9 0 2 0 4 0 8 211 246 95 0 0 1 0 0 0 0 0 0 0 0 0 0 0 0 0 5 0 0 8 0 0 2 11 58 245 252 51 6 1 0 0 0 0 0 0 0 0 0 0 0 0 0 13 0 8 13 0 11 2 3 0 94 255 190 0 2 23 0 0 0 0 0 0 0 0 0 0 0 0 0 0 6 0 0 18 0 12 0 45 237 252 63 7 0 0 4 0 0 0 0 0 0 0 0 0 0 0 0 0 15 164 148 0 11 0 30 187 255 175 13 0 0 8 0 0 0 0 0 0 0 0 0 0 0 0 0 3 87 255 194 0 21 18 211 255 232 47 0 6 2 0 11 0 0 0 0 0 0 0 0 0 0 0 0 3 61 235 255 223 130 255 247 250 110 10 13 0 2 1 0 0 0 0 0 0 0 0 0 0 0 0 0 0 5 179 248 249 247 255 252 123 9 0 0 3 6 0 6 0 0 0 0 0 0 0 0 0 0 0 0 7 0 0 101 195 237 149 59 0 0 0 0 0 0 0 0 0 0 0 0 0 0 0 0 0 0 0 0 0 5 1 6 0 3 0 1 0 0 0 0 0 0 0 0 0 0 0 0 0 0 0 0 0 0 0 0 0 8 4 7 0 3 0 0 0 0 0 0 0 0 0 0 0 0 0 0 0 0 0 0 0 0 0 0 0 0 0 0 0 3 2 2 0 0 0 0 0 0 0 0 0 0 0 0
0 0 2 5 3 0 0 5 0 8 2 0 0 2 0 0 1 0 0 0 0 0 0 0 0 0 0 0 8 0 0 0 0 0 0 0 11 0 6 14 0 2 9 0 0 0 0 0 0 0 0 0 0 0 0 0 0 0 0 2 8 12 8 1 11 0 6 0 4 7 0 0 0 0 0 0 0 0 0 0 0 0 0 0 0 2 5 2 0 0 0 0 0 12 0 0 5 2 0 6 0 0 0 1 1 1 0 0 0 0 0 0 2 0 0 0 0 0 0 3 3 10 0 15 3 0 18 0 0 0 0 1 1 1 0 0 0 0 0 0 2 0 0 5 7 0 0 1 37 144 216 253 168 22 0 0 3 2 1 0 0 0 0 0 0 0 0 0 5 0 0 4 0 0 21 70 208 251 251 250 254 155 26 0 7 5 1 0 0 0 0 1 0 0 0 0 0 0 2 1 0 27 146 255 255 246 255 239 255 255 141 68 9 6 2 0 0 0 0 1 0 0 0 0 0 3 1 0 0 0 221 255 251 255 255 236 255 255 249 255 222 80 1 4 0 0 9 0 0 0 0 0 9 0 3 0 1 24 189 238 255 241 254 255 238 255 253 248 254 129 8 12 0 6 0 6 0 0 0 0 3 0 17 0 0 0 12 33 53 47 36 71 43 54 99 243 255 229 84 0 8 4 0 1 0 0 0 0 0 0 7 1 4 7 0 10 0 15 0 6 0 0 55 239 252 255 102 5 7 0 12 0 0 0 0 0 8 10 0 0 0 0 0 2 0 0 9 0 69 152 220 255 250 215 7 33 0 0 15 0 0 0 0 0 0 5 0 9 16 6 11 5 11 3 0 0 171 251 255 246 248 222 0 0 0 4 0 0 0 0 0 0 2 3 0 0 0 0 0 0 0 0 0 22 255 255 237 251 247 255 130 0 23 7 0 0 0 0 0 0 1 0 10 0 5 3 7 0 11 0 6 31 216 247 251 255 255 241 255 127 0 0 1 4 0 0 0 0 0 0 0 0 0 0 0 0 3 4 0 0 6 54 39 63 246 255 255 252 117 0 3 0 0 0 0 0 0 0 0 0 0 0 0 0 0 0 0 7 16 0 3 0 27 170 244 250 134 40 0 9 0 0 0 0 0 0 0 0 0 0 0 0 3 2 0 0 0 4 18 0 0 20 226 240 255 32 3 0 0 0 0 0 0 0 0 0 0 0 0 0 4 0 8 3 0 0 0 0 6 0 106 253 255 88 0 7 0 0 0 0 0 0 0 0 0 0 0 0 0 10 10 0 12 0 14 3 0 94 205 246 255 60 3 0 0 0 0 0 0 0 0 0 0 0 0 0 0 30 0 61 110 141 162 137 220 251 242 255 198 59 11 0 0 0 0 0 0 0 0 0 0 0 0 0 5 0 33 239 255 255 244 255 253 255 255 255 104 4 0 3 0 0 0 0 0 0 0 0 0 0 0 0 0 0 226 248 252 249 255 246 255 253 181 62 0 4 3 0 0 0 0 0 0 0 0 0 0 0 0 0 0 0 76 192 224 168 137 160 84 47 8 0 0 0 2 4 0 0 0 0 0 0 0 0 0 0 0 0 3 0 0 4 5 0 0 3 13 2 0 1 6 4 0 0 0 0 0 0 0 0 0 0 0 0 0 0 2 10 9 0 0 5 5 0 0 0 0 0 1 0 0 1 0 0 0 0 0 0 0 0 0 0 0 0 0 0 0 0 1 3 3 1 8 6 3 0 0 0 0 6 0 0 0 0
0 0 0 0 0 0 0 0 4 0 18 0 0 12 0 9 0 1 1 12 0 2 5 0 0 0 0 0 0 0 0 0 0 0 0 0 2 11 0 8 12 2 7 0 7 0 0 2 3 12 0 0 0 0 0 0 0 0 0 0 0 0 0 0 0 2 0 0 0 1 0 0 0 0 1 0 1 12 0 3 0 0 0 0 0 0 0 0 0 0 0 0 0 0 10 9 6 1 4 16 4 3 13 0 0 13 0 13 0 0 0 0 0 0 0 0 0 0 0 0 10 7 0 0 1 0 168 249 149 45 10 8 6 0 0 0 0 0 0 0 0 0 0 0 0 0 0 0 0 0 14 1 39 100 228 255 242 255 253 138 31 0 17 8 0 0 0 0 0 0 0 0 0 0 0 0 18 0 6 0 81 255 255 250 235 255 255 243 176 17 0 0 0 0 0 0 0 0 0 0 0 0 0 0 0 1 0 13 3 106 163 182 31 192 253 255 246 91 20 1 0 0 0 0 0 0 0 0 0 0 0 0 0 20 0 2 0 2 0 0 0 156 255 251 255 138 0 3 0 0 0 0 0 0 0 0 0 0 0 0 3 0 0 0 0 12 0 12 146 252 230 255 235 102 0 0 0 0 0 0 0 0 0 0 0 0 0 0 2 0 4 17 0 4 54 182 136 253 255 216 132 0 9 0 0 0 0 0 0 0 0 0 0 0 0 0 0 4 0 6 35 0 128 255 229 255 244 36 8 10 4 0 0 0 0 0 0 0 0 0 0 0 0 0 6 0 0 0 185 132 228 237 30 159 70 9 0 0 8 1 0 0 0 0 0 0 0 0 0 0 0 0 0 4 6 0 162 233 255 255 101 3 0 6 2 13 0 8 0 0 0 0 0 0 0 0 0 0 0 0 0 12 0 0 4 138 226 255 217 28 0 11 0 0 13 0 0 0 0 0 0 0 0 0 0 0 0 0 3 1 0 7 0 56 253 255 247 190 4 8 0 6 2 0 0 0 0 0 0 0 5 0 5 7 0 0 2 0 6 17 0 6 88 235 255 235 77 0 8 0 0 1 0 0 0 0 0 7 4 4 0 0 8 3 7 10 0 0 9 0 4 255 237 255 181 9 0 0 0 0 0 0 0 0 11 0 0 3 0 2 10 0 0 3 19 8 0 0 4 239 255 254 222 22 10 0 0 10 0 0 0 0 0 1 119 105 56 4 0 0 21 0 0 0 12 0 37 255 235 255 255 43 2 9 1 0 0 0 0 0 1 0 124 185 242 186 185 91 28 0 16 25 49 132 239 255 255 230 157 25 0 2 2 0 0 0 0 0 5 0 4 16 67 61 255 243 219 216 200 210 251 240 250 255 255 114 0 0 8 0 0 13 0 0 0 0 0 1 3 0 0 12 202 229 255 253 253 255 245 255 242 168 67 29 0 6 0 7 0 0 0 0 0 0 10 0 12 0 0 7 16 0 69 13 34 134 137 191 83 0 4 0 5 3 0 6 6 1 0 0 0 0 0 0 0 0 0 0 0 0 0 0 0 0 0 0 0 0 0 0 0 0 0 0 0 0 0 0 0 0 0 0 0 0 0 0 0 0 0 0 0 0 0 0 0 0 0 0 0 0 0 0 0 0 0 0 0 0 0 0 0 0 0 0 0 0 0 0 0 0 0 0 0 0 0 0 0 0 0 0 0 0 0 0 0 0 0 0 0 0 0 0 0 0 0 0 0 0 0 0 0 0 0 0 0 0 0 0 0 0 0 0 0 0
0 0 0 0 0 0 0 0 0 8 0 0 4 2 0 7 0 12 0 8 0 1 9 0 0 0 0 0 0 0 0 0 0 0 0 0 13 0 0 0 8 0 0 0 8 0 18 11 0 0 0 19 0 0 0 0 0 0 0 0 0 0 0 0 0 4 5 1 3 0 0 17 9 0 0 0 10 0 18 0 0 0 0 0 0 0 0 0 0 0 0 0 0 4 0 3 0 14 0 0 0 6 15 0 1 3 4 10 0 0 0 0 0 0 0 0 0 0 0 0 6 2 11 0 0 42 128 167 164 173 91 86 62 0 0 2 0 0 0 0 0 0 0 0 0 0 0 0 0 0 0 13 224 238 249 255 255 237 255 252 245 217 32 0 0 0 0 0 0 0 0 0 0 0 0 0 0 16 0 11 235 255 245 243 254 255 240 253 255 255 184 11 0 0 0 0 0 0 0 0 0 0 0 0 2 0 0 17 89 210 235 159 150 108 58 149 224 252 255 0 0 0 0 0 0 0 0 0 0 0 0 0 1 0 3 0 1 0 0 3 5 0 22 72 247 255 255 0 0 0 0 0 0 0 0 0 0 0 0 0 0 9 17 0 1 1 7 0 2 18 150 255 255 254 175 8 0 0 0 0 0 0 0 0 0 0 0 0 14 0 0 0 5 0 7 21 115 241 251 242 253 228 46 5 0 0 0 0 0 0 0 0 0 0 0 0 0 0 16 20 0 41 128 249 255 243 255 253 150 23 0 5 0 0 0 0 0 0 0 0 0 0 0 0 10 2 0 0 34 229 241 254 252 255 220 66 18 0 12 1 0 0 0 0 0 0 0 0 0 0 0 0 0 8 5 0 28 251 255 250 245 251 255 123 0 0 0 3 0 0 0 0 0 0 0 0 0 0 0 0 0 1 0 0 4 139 225 255 255 255 255 181 5 16 0 0 0 0 0 0 0 0 0 0 0 0 0 0 4 4 0 5 0 0 38 13 87 243 255 197 3 0 6 0 0 0 0 0 0 2 6 6 4 4 0 2 4 0 6 0 0 7 9 32 226 242 255 192 9 0 0 1 0 0 0 0 20 0 0 0 0 8 0 2 0 12 7 3 21 0 40 218 226 255 245 88 0 6 0 0 0 0 0 0 0 0 20 24 0 18 94 197 163 77 21 0 0 147 255 255 255 229 127 0 7 3 0 5 0 0 0 0 9 6 0 0 84 191 255 233 201 105 0 33 200 255 248 246 244 82 5 0 16 0 0 3 0 0 0 0 0 0 15 100 255 255 238 77 22 54 141 229 252 247 249 239 93 0 0 12 0 0 5 0 0 0 0 0 0 27 0 225 250 255 213 224 231 244 247 252 253 238 149 8 0 0 7 8 0 6 0 1 0 0 0 0 0 0 3 92 241 249 255 249 255 255 251 249 161 28 0 14 1 1 0 0 0 7 0 11 0 0 0 0 2 2 0 0 75 80 60 82 70 71 62 50 3 0 12 0 6 0 3 6 1 4 0 0 0 0 0 0 0 0 0 0 0 0 0 0 0 0 0 0 0 0 0 0 0 0 0 0 0 0 0 0 0 0 0 0 0 0 0 0 0 0 0 0 0 0 0 0 0 0 0 0 0 0 0 0 0 0 0 0 0 0 0 0 0 0 0 0 0 0 0 0 0 0 0 0 0 0 0 0 0 0 0 0 0 0 0 0 0 0 0 0 0 0 0 0 0 0 0 0 0 0 0 0 0 0 0 0 0 0 0 0 0 0 0 0 0 0 0 0
0 1 1 0 0 7 7 0 3 2 0 0 0 0 1 2 0 5 0 3 14 0 0 0 0 0 0 0 0 2 10 9 2 0 0 0 0 0 2 6 7 6 3 1 3 8 0 0 0 0 8 10 0 0 0 0 10 0 0 0 0 2 8 15 6 2 0 0 0 0 0 0 0 1 4 10 0 0 3 0 0 0 0 0 0 0 0 0 0 0 0 0 0 0 5 8 9 6 2 0 4 0 0 0 0 4 10 0 0 0 0 0 0 4 10 2 0 0 5 5 0 0 0 0 0 0 0 0 1 0 1 0 0 4 3 0 0 0 0 0 4 3 0 0 0 1 0 0 0 0 0 0 0 0 0 0 0 0 4 0 0 0 0 12 0 0 0 0 2 0 0 6 4 0 0 12 66 98 150 204 242 255 255 255 230 212 175 127 104 50 0 0 0 0 0 0 5 0 1 4 0 6 105 216 241 245 251 255 255 255 251 248 248 252 253 252 255 164 21 0 0 0 0 0 0 15 6 0 0 24 126 191 48 61 58 54 56 54 56 60 56 52 57 135 255 194 0 10 0 0 0 0 0 3 0 2 5 0 7 0 17 0 0 4 0 2 6 0 9 0 6 223 252 188 0 0 0 0 0 0 7 5 0 0 0 0 2 0 0 4 0 14 0 0 17 0 0 105 207 241 203 26 0 5 0 0 0 0 0 4 7 5 0 0 5 12 1 6 0 0 19 0 0 58 151 255 247 214 10 0 9 0 0 0 0 0 0 0 1 0 0 0 0 0 5 0 18 0 0 11 32 208 255 224 104 7 10 0 0 6 0 0 0 0 6 0 0 0 0 6 3 12 0 0 6 0 25 132 226 255 163 61 2 0 0 4 0 5 0 0 0 0 0 0 13 5 0 0 0 0 0 1 0 59 157 250 246 99 21 7 0 0 12 16 0 0 0 0 0 0 5 0 2 0 0 11 0 5 0 0 137 211 255 244 59 3 0 0 11 6 0 0 18 0 0 0 0 0 3 0 0 3 2 0 0 7 58 172 254 255 247 61 0 6 0 7 8 0 3 0 11 0 0 0 0 0 0 0 0 4 2 0 6 21 248 255 243 242 248 230 230 218 236 227 127 58 7 0 0 12 0 0 0 0 0 0 1 4 0 0 9 25 222 255 250 255 255 248 213 242 206 247 255 236 8 0 7 0 0 0 0 0 1 0 0 1 0 0 1 11 182 198 101 80 78 90 35 64 21 194 254 238 31 16 0 0 0 0 0 0 3 0 0 0 0 0 0 0 0 15 6 7 0 13 0 0 21 224 255 184 12 3 0 10 0 0 0 0 2 0 0 0 4 5 0 0 2 0 0 6 0 0 0 46 146 255 255 141 0 0 6 0 0 0 0 0 0 0 0 0 2 4 3 0 0 11 3 3 11 42 84 214 241 250 118 19 14 14 0 3 0 0 0 0 0 3 2 0 0 0 0 2 5 7 0 0 57 226 255 255 253 164 42 1 0 0 3 3 0 0 0 0 0 0 0 0 0 0 0 0 0 6 8 36 218 253 255 214 163 22 0 2 0 3 0 0 0 0 0 0 0 0 0 0 0 0 0 0 9 0 0 62 255 255 165 22 22 0 4 8 0 4 11 8 0 0 0 0 0 0 0 0 0 0 0 0 0 10 9 0 2 0 9 11 0 0 12 0 0 1 0 0 0 0 0 0 0 0 0 0 0 0 0 0 0 0 0 5 5 0 0 0 9 0 0 0 5 5 0 3 0 0 0 0
0 0 0 0 0 0 0 0 0 4 2 1 0 16 0 1 3 3 0 0 3 0 5 0 0 0 0 0 0 0 0 0 0 0 0 0 0 0 0 6 0 0 0 3 0 0 6 5 0 0 0 0 0 0 0 0 0 0 0 0 0 0 0 0 12 0 0 0 6 17 0 11 14 0 0 0 0 15 4 0 0 0 0 0 0 0 0 0 0 0 0 0 0 5 8 0 0 0 0 2 0 0 5 6 0 0 0 12 0 0 0 0 0 0 0 0 0 0 0 0 0 3 3 0 6 1 0 19 0 8 0 12 3 4 0 0 0 0 0 0 0 0 0 0 0 0 0 0 0 0 5 0 25 22 42 107 255 211 37 0 0 3 5 3 0 0 0 0 0 0 0 0 0 0 0 0 4 13 35 75 202 255 255 255 255 246 45 11 8 0 0 4 0 0 0 0 0 0 0 0 0 0 0 0 0 146 255 241 255 253 245 251 241 235 5 0 12 0 2 0 0 0 0 0 2 0 0 2 0 0 0 0 78 248 249 252 254 246 253 250 255 146 8 0 0 1 5 0 0 0 0 0 0 0 2 3 0 0 5 15 250 252 253 227 114 42 86 255 217 34 0 0 10 0 0 17 0 0 0 0 0 1 3 2 0 0 10 24 225 161 54 2 1 43 193 242 255 248 191 12 0 0 19 0 0 0 0 0 3 1 1 0 0 0 4 14 23 21 4 0 0 158 230 255 236 253 255 77 0 16 0 7 0 0 0 0 5 0 0 0 0 0 0 2 1 0 3 0 138 240 255 240 255 255 230 228 27 0 12 0 0 0 0 0 4 0 0 1 6 4 0 0 4 10 0 48 235 245 234 140 174 253 255 245 20 5 9 2 0 0 0 0 2 0 0 2 4 1 0 1 2 0 0 222 253 230 10 0 22 232 249 255 97 0 1 0 0 0 0 0 1 0 0 1 0 0 0 0 0 15 29 228 206 86 0 5 0 170 249 254 118 5 0 0 0 0 0 0 0 0 0 0 0 0 0 0 1 0 45 143 0 23 0 7 0 83 246 241 124 0 0 7 0 0 0 0 0 0 0 0 0 0 0 0 0 15 2 0 6 0 1 0 0 55 255 253 53 9 14 0 0 0 0 0 0 0 0 0 0 0 0 0 3 0 0 4 0 17 5 0 11 35 255 255 0 0 0 5 0 0 0 0 0 0 0 0 0 0 0 0 21 170 52 16 0 0 0 10 8 58 237 203 2 0 0 2 0 0 0 0 0 0 0 0 0 0 0 0 12 250 255 12 0 4 13 0 0 162 255 95 7 3 5 0 0 0 0 0 0 0 0 0 0 0 0 0 39 250 243 255 77 32 0 26 106 255 236 21 3 0 4 5 0 0 0 0 0 0 0 0 0 0 0 0 9 179 255 255 248 233 180 236 255 218 90 0 11 11 0 0 0 0 0 0 0 0 0 0 0 0 0 0 0 50 132 243 247 255 235 255 235 94 0 17 0 3 0 9 0 0 0 0 0 0 0 0 0 0 0 0 0 0 7 62 152 223 235 214 58 21 0 0 7 0 0 2 0 0 0 0 0 0 0 0 0 0 0 0 3 10 10 1 0 2 1 0 12 0 0 0 6 0 0 2 0 0 0 0 0 0 0 0 0 0 0 0 0 0 3 0 0 1 7 7 0 0 0 3 3 0 0 0 0 0 0 0 0 0 0 0 0 0 0 0 8 4 0 0 0 5 0 0 1 5 6 1 0 0 0 0 0 0 0 0
0 0 0 0 0 0 0 0 2 0 0 0 8 0 12 0 0 0 5 0 1 0 8 2 0 0 0 0 0 0 0 0 0 0 0 0 0 0 8 0 10 0 0 0 2 10 4 4 0 3 2 0 0 0 0 0 0 0 0 0 0 0 0 0 4 0 9 0 7 11 0 2 0 2 0 2 0 8 0 2 0 0 0 0 0 0 0 0 0 0 0 0 0 0 4 0 2 6 0 10 9 4 0 1 0 2 0 4 0 0 0 0 0 0 0 0 0 0 0 0 4 13 4 12 0 0 4 0 0 0 5 0 10 7 0 0 0 0 0 0 0 0 0 0 0 0 0 0 2 0 1 91 126 187 255 245 236 192 146 27 0 0 3 14 0 0 0 0 0 0 0 0 0 0 0 0 3 5 125 246 197 180 166 95 178 236 255 118 15 7 0 0 0 0 0 0 0 0 0 0 0 0 0 0 0 0 138 186 17 0 4 0 0 157 255 137 0 8 0 9 0 0 0 0 0 0 0 0 0 0 0 0 0 1 53 7 10 0 0 7 53 255 221 47 0 0 0 1 0 0 0 0 0 0 0 0 0 0 0 0 1 9 8 0 8 1 14 43 243 231 161 0 0 29 8 0 0 0 0 0 0 0 0 0 0 0 0 0 0 5 0 1 0 11 115 246 255 153 0 15 0 0 0 0 0 0 0 0 0 0 0 0 0 0 0 0 0 0 3 21 112 227 255 236 96 10 2 2 5 0 2 0 0 0 0 0 0 0 0 0 0 0 0 0 5 5 156 212 253 255 223 162 42 4 1 0 5 10 2 0 0 0 0 0 0 0 0 0 0 0 0 0 11 56 254 246 232 255 255 235 226 173 16 0 0 0 0 0 0 0 0 0 0 0 0 0 0 0 0 0 0 0 90 62 18 14 52 127 248 247 205 21 0 15 11 2 0 0 0 0 0 0 0 0 0 0 0 0 0 2 11 0 0 10 0 2 19 193 245 151 14 0 0 3 0 0 0 0 5 0 0 6 3 0 1 0 13 0 4 3 0 0 5 0 1 34 255 238 0 6 0 2 0 0 0 0 2 0 0 4 0 0 2 1 0 8 0 0 11 12 0 10 3 14 247 255 0 14 4 0 0 0 0 0 0 2 4 0 0 0 2 2 16 0 0 0 0 1 4 0 0 39 250 238 0 1 0 8 0 0 0 0 0 6 4 0 0 0 0 0 0 4 0 0 13 0 2 6 21 150 255 131 16 0 0 9 0 0 0 0 0 7 0 0 3 2 0 0 2 14 0 8 0 2 5 0 138 255 195 18 0 0 13 0 0 0 0 0 0 7 0 0 6 1 0 13 23 131 15 0 0 6 0 111 255 242 71 0 0 0 12 0 0 0 0 0 0 7 0 0 6 0 2 41 253 210 20 0 18 126 184 246 222 114 0 14 4 0 0 7 0 0 0 0 0 8 0 0 5 0 8 63 249 255 247 255 249 235 253 203 48 8 0 0 3 3 0 1 0 0 0 0 0 0 0 0 0 0 0 0 51 132 211 225 186 125 58 9 0 0 0 0 0 0 0 0 0 0 0 0 0 0 0 0 0 0 0 0 0 9 9 0 0 0 0 0 0 0 0 0 0 0 0 0 0 0 0 0 0 0 0 0 0 0 0 0 2 0 0 0 0 9 10 5 0 0 0 0 0 0 0 0 0 0 0 0 0 0 0 0 0 0 0 0 0 0 3 7 5 0 0 0 0 0 0 0 0 0 0 0 0 0 0 0
5 0 0 13 0 4 6 0 0 14 2 0 10 0 0 9 0 0 0 0 0 0 0 0 0 0 0 0 3 0 0 17 0 0 0 3 3 0 0 0 0 0 15 0 0 0 0 0 0 0 0 0 0 0 0 0 0 1 0 0 0 15 5 0 1 1 0 24 0 0 6 0 0 0 0 0 0 0 0 0 0 0 0 0 10 6 1 0 0 0 0 17 0 5 0 0 1 6 0 4 0 0 0 0 0 0 0 0 0 0 0 0 0 0 2 0 7 0 0 39 88 74 91 0 1 2 1 0 0 0 0 0 0 0 0 0 0 0 0 0 17 0 0 4 22 4 81 255 251 242 245 130 0 1 1 0 0 0 0 0 0 0 0 0 0 0 0 0 0 15 13 0 135 255 251 241 255 255 244 240 68 14 0 1 0 0 0 0 0 0 0 0 0 0 0 0 4 0 0 8 170 255 245 255 156 94 100 192 203 26 5 1 0 0 0 0 0 0 0 0 0 0 0 0 9 0 8 0 227 249 255 108 7 0 0 51 248 196 65 6 0 4 0 4 3 14 0 1 0 0 0 0 0 13 0 1 138 255 185 18 8 0 18 129 255 240 255 245 191 69 0 4 0 0 7 1 0 0 0 0 0 11 0 11 25 153 66 0 0 0 22 255 248 255 244 248 249 255 218 31 2 5 0 0 0 0 0 0 8 0 0 14 0 18 0 8 0 5 62 240 237 255 116 47 113 181 236 211 33 0 0 0 0 0 0 0 1 0 2 10 0 0 9 0 0 5 17 232 255 232 16 0 8 0 64 234 197 18 14 0 0 0 0 0 0 7 0 12 5 0 13 0 2 0 3 120 250 79 6 4 0 15 10 64 247 165 0 5 0 0 0 0 0 4 0 5 0 0 0 14 0 29 0 3 47 8 10 0 0 7 0 9 67 249 37 10 0 0 0 0 0 5 10 0 2 18 0 0 3 0 0 8 0 1 0 5 5 0 8 0 8 220 221 0 0 0 0 0 0 0 0 0 0 0 0 0 2 0 5 0 8 0 4 5 11 0 0 5 0 106 246 22 0 0 0 0 0 0 0 0 0 0 0 0 0 1 17 7 0 0 7 0 0 0 0 10 6 161 255 127 0 0 0 0 0 0 0 0 0 0 0 0 7 0 109 196 83 4 10 0 7 1 14 0 117 255 235 206 0 0 0 0 0 0 0 0 0 0 0 0 0 21 130 255 243 165 65 10 3 28 95 177 255 255 252 43 0 0 0 0 0 0 0 0 0 0 0 0 21 0 61 233 255 255 255 255 255 255 235 252 255 235 228 0 0 0 0 0 0 0 0 0 0 0 0 0 0 15 11 63 179 254 246 245 236 251 255 255 253 203 56 4 0 0 0 0 0 0 0 0 0 0 0 0 1 0 0 0 26 79 162 212 255 255 232 245 100 10 0 0 0 0 0 0 0 0 0 0 0 0 0 0 8 0 1 0 3 0 2 2 0 5 3 2 0 6 0 9 0 0 0 0 0 0 0 0 0 0 0 0 0 0 0 0 0 0 0 0 0 0 0 0 0 0 0 0 0 0 0 0 0 0 0 0 0 0 0 0 0 0 0 0 0 0 0 0 0 0 0 0 0 0 0 0 0 0 0 0 0 0 0 0 0 0 0 0 0 0 0 0 0 0 0 0 0 0 0 0 0 0 0 0 0 0 0 0 0 0 0 0 0 0 0 0 0 0 0 0 0 0 0 0 0 0 0 0 0 0 0 0 0 0 0 0
4 0 0 8 1 0 0 4 6 0 0 0 14 2 0 0 0 0 0 0 0 0 0 0 0 0 0 0 7 1 6 0 0 6 6 3 0 4 0 10 0 0 0 10 0 0 0 0 0 0 0 0 0 0 0 0 2 0 0 0 8 15 0 0 4 0 15 0 10 0 15 0 0 0 0 0 0 0 0 0 0 0 0 0 0 0 10 1 0 0 0 12 0 0 0 4 0 0 0 1 0 0 0 0 0 0 0 0 0 0 0 0 3 3 3 0 0 5 0 8 7 16 0 0 11 5 0 17 0 0 0 0 0 0 0 0 0 0 0 0 4 0 0 1 1 0 14 101 162 213 240 180 146 35 0 0 0 0 0 0 0 0 0 0 0 0 0 0 0 3 10 3 5 28 120 255 251 255 247 255 249 231 99 0 0 0 0 0 0 0 0 0 0 0 0 0 0 8 0 0 105 228 253 250 255 246 255 243 248 255 223 91 0 0 0 0 0 0 0 0 0 0 0 0 0 13 0 126 255 253 240 255 197 67 4 11 65 255 251 249 23 0 7 0 7 0 0 6 0 0 0 0 2 9 0 207 255 244 255 175 29 4 0 21 0 244 253 255 117 6 1 0 0 0 19 0 0 0 0 0 0 0 3 233 255 252 190 28 0 0 9 0 21 234 255 243 123 0 10 10 0 16 0 1 0 0 0 0 10 0 12 63 150 201 0 13 10 0 0 17 176 248 255 245 203 102 13 0 0 0 8 5 0 0 0 0 11 3 0 14 3 10 16 0 0 11 0 142 249 249 252 255 241 255 244 116 9 0 0 6 0 0 0 0 0 0 11 0 3 0 0 3 0 13 28 244 253 248 255 241 185 253 253 246 115 4 14 0 0 0 0 0 10 0 6 0 5 4 9 4 2 0 43 255 255 255 229 147 14 57 164 255 232 111 0 0 0 0 0 0 5 0 5 0 0 2 0 0 5 1 37 250 251 241 90 0 0 1 11 143 255 213 38 0 0 0 0 0 0 0 0 0 0 0 0 0 0 10 0 54 76 66 15 0 4 6 0 4 222 255 219 1 0 0 0 0 0 0 0 0 0 0 0 0 8 8 3 0 11 0 0 6 0 7 20 1 161 255 246 0 0 0 0 0 0 0 0 0 0 0 0 0 0 0 10 0 4 0 7 0 9 0 1 0 205 237 255 0 0 0 0 0 0 0 0 0 0 0 0 0 15 0 4 8 0 6 0 6 0 0 8 155 255 255 253 2 0 0 0 0 0 0 0 0 0 0 0 0 9 0 56 90 42 0 0 62 101 112 188 247 255 230 212 0 0 0 0 0 0 0 0 0 0 0 0 0 0 15 214 254 255 223 238 255 237 255 255 255 240 241 63 1 0 0 0 0 0 0 0 0 0 0 0 0 3 34 236 244 255 255 255 239 252 253 253 238 255 177 0 0 0 0 0 0 0 0 0 0 0 0 0 0 0 0 184 245 240 255 245 255 255 249 255 255 145 49 10 0 0 0 0 0 0 0 0 0 0 0 0 0 0 0 0 27 85 134 146 136 147 108 56 17 2 1 2 0 0 0 0 0 0 0 0 0 0 0 0 0 4 2 0 0 0 5 4 0 7 1 0 0 0 1 0 0 0 0 0 0 0 0 0 0 0 0 0 0 0 7 11 5 0 0 0 0 0 0 1 2 0 0 0 0 0 0 0 0 0 0 0 0 0 0 0 0 0 0 0 0 0 2 1 0 5 6 5 1 0 0 1 6 0 0 0 0
0 10 0 0 13 5 0 0 0 1 6 4 0 0 0 0 0 10 1 0 5 4 0 4 0 0 0 0 0 2 1 1 0 0 4 0 15 1 0 1 5 0 1 10 15 0 0 16 0 0 5 0 0 0 0 0 0 0 6 7 0 0 5 0 0 0 0 3 0 0 0 0 0 8 13 0 0 0 1 9 0 0 0 0 7 0 1 4 0 0 0 16 0 3 3 0 0 12 13 3 15 0 0 7 3 2 4 0 0 0 0 0 3 2 0 0 8 0 0 81 255 251 255 255 211 104 26 3 0 18 7 0 6 5 0 0 0 0 0 0 0 6 4 0 3 0 6 128 241 255 255 233 255 255 232 134 0 12 1 0 0 0 0 5 0 0 0 0 0 1 10 0 0 0 1 90 224 231 246 255 251 240 246 255 194 7 0 30 1 0 19 0 0 0 0 0 5 0 11 0 2 11 0 17 9 23 18 30 118 233 255 237 255 202 61 0 5 7 0 11 0 0 0 0 0 0 0 0 0 0 0 0 1 0 0 0 3 49 168 225 255 255 97 0 4 4 0 6 0 0 0 0 0 0 0 0 0 0 0 0 11 0 0 8 1 0 20 201 255 235 95 11 0 0 8 0 0 0 0 0 0 0 0 0 0 0 0 0 0 0 13 0 0 40 187 255 246 255 88 2 0 3 12 6 0 0 0 0 0 0 0 0 0 0 0 0 3 0 0 92 76 181 255 237 255 255 77 0 1 0 0 0 0 0 0 0 0 0 0 0 0 0 0 0 6 108 214 227 251 242 239 255 248 171 22 6 2 0 7 0 0 0 0 0 0 0 0 0 0 0 0 0 0 228 251 249 250 255 239 252 245 137 0 0 14 0 2 15 0 0 0 0 0 0 0 0 0 0 0 0 0 222 255 255 248 230 255 248 255 224 111 0 13 0 0 9 0 0 0 0 0 0 0 0 0 0 0 0 6 193 248 253 226 255 247 252 243 255 242 60 0 2 22 0 0 0 0 0 0 0 0 0 0 0 0 0 0 30 66 72 42 70 89 104 219 252 255 180 3 13 0 3 0 0 0 0 0 0 0 0 0 0 0 0 8 0 13 14 0 1 0 0 47 240 252 214 15 0 1 3 0 0 0 0 0 0 0 0 0 0 0 0 13 0 0 0 10 13 0 7 81 255 241 234 4 0 8 0 0 0 0 0 0 0 0 0 0 0 0 0 0 113 51 3 14 0 13 149 240 255 253 237 0 0 3 0 0 0 0 0 0 0 0 0 0 0 0 0 108 250 239 231 133 149 225 255 255 244 255 205 1 1 2 0 0 0 0 0 0 0 0 0 0 0 0 0 82 255 247 255 255 255 254 247 242 255 216 105 0 0 9 0 0 0 0 0 0 0 0 0 0 0 0 0 54 213 253 249 245 248 254 255 255 234 98 11 0 0 7 0 0 0 0 0 0 0 0 0 0 0 0 0 0 108 245 255 255 252 255 252 232 113 0 0 5 0 0 7 0 0 0 0 0 0 0 0 0 0 0 0 0 0 0 0 0 0 0 0 0 0 0 0 0 0 0 0 0 0 0 0 0 0 0 0 0 0 0 0 0 0 0 0 0 0 0 0 0 0 0 0 0 0 0 0 0 0 0 0 0 0 0 0 0 0 0 0 0 0 0 0 0 0 0 0 0 0 0 0 0 0 0 0 0 0 0 0 0 0 0 0 0 0 0 0 0 0 0 0 0 0 0 0 0 0 0 0 0 0 0 0 0 0 0 0
0 0 0 0 0 0 0 0 0 7 0 0 15 0 0 0 0 6 7 2 0 13 0 0 0 0 0 0 0 0 0 0 0 0 0 0 11 0 3 0 0 0 0 12 12 0 0 4 12 0 0 4 0 0 0 0 0 0 0 0 0 0 0 0 0 0 5 5 0 2 0 0 2 6 15 0 0 13 6 0 0 0 0 0 0 0 0 0 0 0 0 0 5 10 9 1 0 9 10 0 0 0 0 2 0 0 0 13 0 0 0 0 0 0 0 0 0 0 0 0 0 5 0 0 4 0 7 1 0 0 17 2 5 0 0 0 0 0 0 0 0 0 0 0 0 0 0 0 3 0 12 64 123 142 216 255 255 246 196 22 0 0 22 0 0 0 0 0 0 0 0 0 0 0 0 0 0 0 170 241 255 255 255 240 237 255 255 127 30 0 0 2 0 0 0 0 0 0 0 0 0 0 0 0 4 0 238 255 238 230 198 127 83 232 255 159 0 11 0 4 0 0 0 0 0 0 0 0 0 0 0 0 4 0 81 92 82 0 7 0 18 216 255 141 0 16 0 0 0 0 0 0 0 0 0 0 0 0 0 0 0 32 2 0 7 2 8 5 184 255 219 22 1 0 0 2 0 0 0 0 0 0 0 0 0 0 0 0 0 0 0 6 10 0 13 203 255 225 118 14 0 8 0 14 0 0 0 0 0 0 0 0 0 0 0 0 7 13 0 0 8 71 207 242 255 104 17 0 4 5 2 0 0 0 0 0 0 0 0 0 0 0 0 0 0 4 0 11 150 255 240 255 99 13 8 10 0 0 1 3 0 0 0 0 0 0 0 0 0 0 0 0 6 0 49 234 247 251 255 240 255 205 90 0 0 22 7 2 0 0 0 0 0 0 0 0 0 0 0 0 0 26 146 255 243 255 250 255 247 255 218 43 9 0 1 0 0 0 0 0 0 0 0 0 0 0 0 0 3 0 79 202 173 0 0 99 132 233 254 174 0 6 0 8 0 0 0 0 7 0 6 0 7 0 0 3 2 0 0 17 0 0 15 0 0 115 251 252 27 0 0 5 0 0 0 0 0 11 0 5 8 0 1 0 1 14 0 0 6 7 1 2 0 107 239 255 16 17 11 0 0 0 0 0 8 4 0 0 0 8 30 0 0 9 17 2 4 3 0 0 17 158 255 205 0 0 0 0 0 0 0 0 2 0 12 3 0 6 0 2 10 0 0 0 0 0 0 24 165 250 243 86 12 6 3 0 0 0 0 0 10 0 0 0 9 6 59 239 55 5 0 10 16 3 72 246 255 250 173 15 0 0 0 15 0 0 0 0 0 0 4 17 0 0 164 247 107 7 0 4 17 158 255 237 255 122 15 0 0 14 0 0 0 0 0 0 7 0 5 8 0 20 249 252 229 195 138 179 255 255 234 255 124 26 0 7 0 5 6 6 0 0 0 0 1 0 8 0 15 0 163 255 247 255 250 255 248 190 116 28 2 0 6 0 11 0 0 0 0 0 0 0 7 0 0 6 0 0 43 111 178 235 152 158 55 0 10 0 0 0 0 0 0 0 0 0 0 0 0 0 0 0 1 6 2 0 4 20 0 14 0 15 0 0 7 3 0 0 0 0 0 0 0 0 0 0 0 0 0 3 0 0 0 3 0 0 9 0 0 0 2 13 0 0 0 0 0 0 0 0 0 0 0 0 0 0 0 5 3 0 0 2 7 4 0 0 7 0 1 3 0 3 0 0 0 0 0 0 0 0 0 0 0 0
0 1 7 4 0 0 0 0 0 2 0 4 0 6 0 0 2 0 12 2 0 4 9 0 0 0 0 0 7 0 0 0 0 1 3 6 3 3 1 11 5 3 0 5 11 5 1 2 9 0 0 0 0 0 0 0 4 0 0 3 6 0 0 0 0 0 0 0 0 0 0 0 0 3 0 0 6 2 1 2 0 0 0 0 0 0 4 5 1 0 0 1 3 0 6 0 5 0 10 6 3 1 0 5 0 0 10 0 0 0 0 0 0 5 3 0 0 4 10 7 0 0 9 0 9 5 5 0 3 2 0 0 11 0 0 0 0 0 0 0 1 2 0 0 0 4 0 0 10 7 4 8 68 156 238 255 243 246 150 10 0 2 0 17 0 0 0 0 0 0 0 7 4 0 0 13 8 73 163 244 255 248 200 171 181 238 255 122 11 19 0 0 0 0 0 0 5 0 0 7 0 0 37 100 235 247 252 255 181 96 15 0 0 40 233 199 7 0 6 6 0 0 0 0 2 0 3 0 0 87 210 255 255 214 126 24 3 0 4 0 4 0 230 243 30 0 9 0 0 0 0 0 0 18 0 15 44 237 255 236 136 18 15 0 0 16 0 0 0 118 238 202 0 5 3 0 0 0 0 0 0 20 0 2 7 178 168 90 5 15 0 3 9 0 1 1 100 224 252 62 0 9 0 0 0 0 0 0 0 1 2 2 0 15 15 0 0 0 0 0 9 0 0 142 238 255 80 17 3 0 0 10 0 0 0 0 7 0 2 8 11 0 1 0 0 0 17 10 0 101 192 255 255 255 176 78 4 16 0 7 0 0 0 0 0 0 0 0 0 9 12 3 4 4 0 95 194 239 255 249 248 229 249 255 194 37 3 1 0 0 0 0 0 14 7 1 0 4 0 0 0 36 239 255 232 255 230 164 140 105 139 211 237 255 58 0 0 0 0 0 1 0 0 0 6 0 0 2 3 153 245 243 235 106 5 0 3 0 0 0 152 255 110 11 0 0 0 0 0 1 0 8 1 0 0 4 9 98 255 205 15 2 0 6 0 0 0 0 0 198 243 0 0 0 0 0 0 0 0 3 11 12 10 0 0 0 11 12 0 8 6 3 3 0 5 6 0 201 240 33 0 0 0 0 8 2 3 0 0 0 0 0 1 21 0 13 14 0 0 0 3 0 1 4 0 232 233 0 0 0 0 0 1 0 11 5 0 3 4 7 0 15 0 0 1 0 5 9 10 4 0 14 73 226 158 6 0 0 0 0 2 0 0 0 9 7 0 0 10 0 0 0 4 2 0 0 0 0 0 89 255 228 44 0 0 0 0 0 8 0 1 0 0 0 0 85 67 0 8 3 0 0 0 14 0 72 186 246 234 82 0 9 0 0 0 0 0 5 10 0 4 3 59 239 222 113 61 14 19 22 36 75 195 224 246 190 70 0 2 0 0 0 0 0 0 1 3 0 9 0 48 254 252 250 255 245 255 242 244 255 249 234 93 9 0 6 1 0 0 0 0 0 0 0 5 5 0 0 12 31 139 220 255 249 249 255 220 139 62 23 0 0 4 0 0 3 0 0 0 0 0 0 1 2 0 0 1 10 0 5 4 0 0 4 5 0 15 0 0 0 4 0 0 3 0 0 0 0 2 0 0 1 2 0 0 0 7 0 0 6 6 0 0 7 0 0 0 1 2 0 0 1 0 0 0 0 1 0 0 1 5 4 0 0 0 0 0 0 0 0 0 0 0 4 4 0 0 0 1 2 0 0 0 0
0 0 0 0 0 0 0 0 0 0 5 0 17 4 0 6 9 0 6 9 0 0 0 7 0 0 0 0 0 0 0 0 0 0 0 0 1 0 4 0 0 5 0 0 0 0 0 0 0 10 5 0 0 0 0 0 0 0 0 0 0 0 0 0 0 0 11 16 0 0 0 6 14 0 7 18 3 0 7 0 0 0 0 0 0 0 0 0 0 0 0 0 8 0 0 4 8 6 0 3 3 0 0 0 11 0 3 9 0 0 0 0 0 0 0 0 0 0 0 0 0 14 18 0 37 83 169 255 241 251 136 0 14 0 0 0 0 0 0 0 0 0 0 0 0 0 0 0 0 0 0 1 197 255 255 226 235 251 239 86 0 0 12 0 0 0 0 0 0 0 0 0 0 0 0 0 11 6 4 0 130 155 95 26 19 98 252 149 12 0 16 0 0 0 0 0 0 0 0 0 0 0 0 0 0 0 4 0 12 5 0 4 0 151 255 80 0 1 0 5 0 0 0 0 0 0 0 0 0 0 0 0 0 8 0 16 7 0 13 1 59 246 197 10 0 3 0 1 0 0 0 0 0 0 0 0 0 0 0 0 13 0 9 0 0 11 0 38 239 251 107 0 0 12 1 1 0 0 0 0 0 0 0 0 0 0 0 0 0 0 0 0 15 0 98 233 252 127 8 18 4 0 0 1 0 0 0 0 0 0 0 0 0 0 0 0 11 0 4 0 77 171 239 255 239 118 1 0 0 1 6 4 0 0 0 0 0 0 0 0 0 0 0 0 0 0 39 210 248 255 255 223 255 255 203 22 7 2 0 0 0 0 0 0 0 0 0 0 0 0 0 0 7 0 217 255 253 193 77 0 53 135 255 105 0 0 11 2 0 0 0 0 0 0 0 0 0 0 0 0 0 12 230 232 168 6 4 6 12 23 241 158 5 0 14 0 0 0 0 0 0 0 0 0 0 0 0 0 0 4 66 73 13 0 0 6 0 48 252 145 7 9 0 10 0 0 0 0 7 0 0 10 6 0 0 0 0 4 0 0 0 1 0 1 1 61 255 135 6 2 0 7 0 0 0 0 3 0 0 0 0 0 4 5 9 0 7 16 0 0 10 0 0 135 251 63 6 0 8 0 0 0 0 0 0 4 4 0 0 6 4 0 0 8 11 0 0 7 0 11 65 234 194 2 1 0 12 0 0 0 0 0 0 2 2 3 7 2 0 0 21 0 0 0 7 11 0 22 212 255 95 0 0 4 0 0 0 0 0 0 1 0 0 0 0 0 25 84 14 1 0 2 8 0 52 212 255 159 14 2 0 3 0 1 0 0 0 0 3 3 0 0 0 4 104 241 212 71 8 6 7 118 254 255 150 21 0 0 3 0 7 0 0 0 0 0 0 4 1 2 0 11 122 255 255 255 221 221 246 255 242 142 34 0 0 0 2 0 7 0 0 0 0 0 0 1 0 0 0 0 64 189 169 249 235 254 255 172 85 8 0 1 13 4 0 4 0 8 0 0 0 0 0 0 0 0 0 0 0 0 0 0 0 0 0 0 0 0 0 0 0 0 0 0 0 0 0 0 0 0 0 0 0 0 0 0 0 0 0 0 0 0 0 0 0 0 0 0 0 0 0 0 0 0 0 0 0 0 0 0 0 0 0 0 0 0 0 0 0 0 0 0 0 0 0 0 0 0 0 0 0 0 0 0 0 0 0 0 0 0 0 0 0 0 0 0 0 0 0 0 0 0 0 0 0 0 0 0 0 0 0 0 0 0
2 2 0 0 0 0 0 0 3 1 0 0 1 0 5 0 0 0 0 0 0 0 0 0 0 0 0 0 2 1 0 0 0 0 0 0 0 1 16 14 0 0 11 0 0 0 0 0 0 0 0 0 0 0 0 0 2 1 0 0 0 0 0 0 15 0 0 5 0 0 0 0 0 0 0 0 0 0 0 0 0 0 0 0 1 1 0 0 0 0 0 1 2 1 4 0 1 0 0 21 0 0 0 0 0 0 0 0 0 0 0 0 1 0 0 0 0 0 1 1 0 4 5 0 0 13 3 0 0 0 0 0 0 0 0 0 0 0 0 0 0 0 0 0 0 0 1 2 1 15 0 0 12 0 0 4 0 0 0 0 0 0 0 0 0 0 0 0 0 0 0 0 0 0 1 2 0 11 157 253 116 65 113 0 0 0 0 0 0 0 0 0 0 0 0 0 0 0 0 0 0 0 2 2 130 249 249 246 255 255 252 149 0 0 0 0 0 0 0 0 0 0 0 0 9 1 0 0 0 0 75 230 253 251 255 245 255 253 255 242 20 0 0 6 11 3 0 1 0 0 0 0 2 0 3 9 5 68 227 254 255 255 251 197 109 15 205 255 28 0 19 0 0 6 6 0 0 0 0 0 0 0 9 0 0 61 255 237 239 152 47 0 7 33 250 254 8 0 0 17 9 0 16 0 0 0 0 0 0 8 0 0 9 38 180 176 79 11 0 22 17 188 254 129 3 16 1 0 5 0 2 0 0 0 0 0 6 8 0 0 3 0 0 0 16 0 10 0 153 252 255 116 114 141 145 37 0 3 7 0 0 0 0 0 0 0 5 11 1 12 0 0 0 3 25 178 255 255 242 255 255 255 248 239 149 0 10 0 0 0 0 0 2 0 17 0 0 0 1 5 2 25 186 255 244 247 254 150 72 70 65 174 235 56 10 12 0 0 0 0 1 0 6 0 22 0 0 0 0 17 244 253 255 119 13 0 0 3 9 0 214 213 0 0 0 0 0 0 0 0 0 0 0 0 0 0 0 0 48 162 20 9 2 0 0 1 1 0 174 236 1 4 0 0 0 0 0 0 0 0 0 0 0 0 3 1 0 27 0 0 0 3 6 0 13 0 210 251 36 0 0 0 0 0 0 0 0 0 0 0 0 0 0 5 0 0 1 4 8 1 0 6 0 3 192 241 37 6 0 0 0 0 0 0 0 0 0 0 0 0 0 8 1 21 0 0 2 0 0 0 0 44 255 146 3 0 0 0 0 0 0 0 0 0 0 0 0 0 2 0 0 14 0 0 8 8 10 2 12 197 255 69 0 10 0 0 0 0 0 0 0 0 0 0 0 0 0 0 0 0 18 0 3 0 0 13 152 255 203 0 15 5 0 0 0 0 0 0 0 0 0 0 0 0 0 7 6 0 11 46 70 18 11 122 247 244 78 4 11 0 0 0 0 0 0 0 0 0 0 0 0 0 0 0 0 9 0 159 255 193 207 249 255 110 1 0 0 4 0 0 0 0 0 0 0 0 0 0 0 0 0 12 0 0 2 117 255 250 255 243 152 25 0 3 14 0 0 0 0 0 0 0 0 0 0 0 0 0 0 0 0 12 0 23 178 255 232 114 15 2 10 0 0 11 0 0 0 0 0 0 0 0 0 0 0 0 0 0 0 19 5 0 3 0 6 5 0 0 0 1 0 0 0 0 0 0 0 0 0 0 0 0 0 0 1 17 0 0 0 4 16 0 0 0 2 4 2 1 0 0 0 0 0 0
0 10 12 1 0 0 0 0 0 14 0 0 0 12 0 0 0 0 0 5 0 0 3 0 0 0 0 0 6 1 0 0 0 3 5 4 11 1 0 0 2 0 0 0 12 2 1 1 0 0 6 0 0 0 0 0 5 0 0 4 1 0 0 0 0 0 10 11 1 0 1 2 0 0 0 1 0 3 4 0 0 0 0 0 0 0 6 8 0 0 2 0 2 0 0 6 0 0 7 0 14 6 6 1 0 0 3 3 0 0 0 0 1 4 4 0 0 3 11 5 2 0 0 15 0 9 0 0 0 0 0 9 1 0 0 0 0 0 0 0 1 7 0 0 4 4 0 0 0 24 61 129 197 255 224 145 35 1 0 5 6 0 0 0 0 0 0 0 0 6 0 0 15 0 0 20 60 165 255 248 244 236 255 255 208 100 9 0 0 0 1 11 0 0 0 0 0 9 0 0 10 0 15 109 255 240 255 199 178 83 152 243 255 124 9 0 6 6 0 0 0 0 0 0 0 2 4 0 13 0 93 246 233 154 51 0 7 1 14 233 251 128 8 0 7 3 0 2 0 0 0 0 0 2 0 0 17 16 173 255 77 0 2 10 0 3 64 241 255 131 2 19 0 0 0 0 0 0 0 0 4 6 0 0 0 0 114 122 0 11 7 0 12 73 197 255 249 152 0 0 2 4 5 0 0 0 0 0 0 0 3 10 6 9 82 57 0 0 0 0 94 222 255 250 179 0 10 6 1 6 0 19 0 0 0 0 11 1 5 0 0 0 0 0 0 35 99 203 255 244 255 194 8 11 16 0 6 4 0 1 0 0 0 0 5 0 4 0 10 12 0 12 7 127 251 250 244 249 242 255 164 49 0 3 0 2 0 6 0 0 0 0 0 0 0 0 8 2 0 0 2 169 241 246 251 255 255 251 255 232 60 0 11 0 13 0 0 0 0 0 2 6 0 5 0 0 9 4 0 7 87 115 19 0 7 81 204 255 234 49 0 0 7 0 0 0 0 0 0 0 0 0 0 0 0 0 7 2 0 4 3 0 0 0 6 150 255 168 0 0 10 0 0 0 0 0 0 0 0 0 0 0 0 0 0 0 1 0 0 0 3 9 7 92 255 207 0 8 0 0 0 0 0 0 0 0 0 0 0 0 0 0 5 0 0 13 9 0 0 3 6 158 242 201 0 4 0 15 0 0 0 0 0 0 0 0 0 0 0 0 0 4 1 0 0 5 8 0 42 236 254 155 15 3 0 0 0 0 0 0 0 0 0 0 0 0 0 0 8 0 3 11 0 0 11 52 218 254 247 34 0 0 9 6 0 0 0 0 0 0 0 0 0 0 0 0 0 0 0 0 0 20 131 248 255 248 132 9 4 11 0 0 0 0 0 0 0 0 0 0 0 0 0 0 2 125 201 168 144 193 245 254 225 181 0 0 0 1 0 14 0 0 0 0 0 0 0 0 0 0 0 0 0 120 236 255 250 247 255 255 141 18 3 2 3 0 10 0 0 0 0 0 0 0 0 0 0 0 0 0 0 28 215 255 247 243 109 30 0 0 0 0 0 0 0 0 0 0 0 0 0 0 0 0 0 0 0 0 8 0 17 1 0 18 8 0 0 0 0 0 0 0 0 0 0 0 0 0 0 0 0 0 0 0 0 0 4 4 0 5 0 0 4 0 0 0 0 0 0 0 0 0 0 0 0 0 0 0 0 0 0 0 0 0 0 8 0 0 5 0 8 5 0 0 0 0 0 0 0 0 0 0 0 0
0 0 0 0 0 0 0 0 0 0 7 0 0 1 0 8 0 0 0 8 2 0 10 0 0 0 0 0 0 0 0 0 0 0 0 0 7 0 0 11 11 2 0 0 8 1 1 4 0 0 8 0 0 0 0 0 0 0 0 0 0 0 0 0 0 0 4 0 0 0 15 3 0 0 0 0 16 8 0 5 0 0 0 0 0 0 0 0 0 0 0 0 0 0 0 0 0 5 0 12 82 158 255 224 46 0 0 3 0 0 0 0 0 0 0 0 0 0 0 0 8 0 5 0 12 0 2 168 252 255 249 157 10 1 0 8 0 0 0 0 0 0 0 0 0 0 0 0 0 0 14 0 4 0 19 204 237 146 208 239 99 4 4 0 0 0 0 0 0 0 0 0 0 0 0 0 0 5 0 0 13 9 0 11 11 9 165 255 225 5 0 9 0 0 0 0 0 0 0 0 0 0 0 0 0 12 0 7 1 0 11 0 0 56 238 243 221 0 10 0 0 0 0 0 0 0 0 0 0 0 0 0 0 7 4 0 0 0 8 81 211 245 247 197 22 0 3 2 0 0 0 0 0 0 0 0 0 0 0 0 2 0 0 6 0 42 190 255 241 252 135 10 2 0 3 3 0 0 0 0 0 0 0 0 0 0 0 0 17 0 32 103 191 234 255 249 255 240 119 0 6 0 8 0 0 0 0 0 0 0 0 0 0 0 0 0 0 23 213 246 255 244 223 239 239 255 239 100 0 0 9 1 0 0 0 0 0 0 0 0 0 0 0 0 3 32 243 220 90 13 0 0 0 128 255 141 1 12 0 0 0 0 0 0 0 0 0 0 0 0 0 0 6 0 15 18 7 0 25 0 0 89 255 143 0 0 4 2 0 0 0 0 0 0 0 0 0 0 0 0 0 20 0 0 17 0 0 0 10 121 245 153 16 0 3 0 0 0 0 0 0 0 0 0 0 0 0 0 1 0 4 0 0 4 0 4 0 255 255 112 0 9 0 10 0 0 0 0 4 0 0 0 0 13 0 5 5 0 7 0 2 9 0 1 71 255 230 25 2 0 11 0 0 0 0 0 0 5 3 11 7 0 16 0 0 0 2 1 0 0 14 75 255 255 70 1 9 2 0 0 0 0 0 0 0 0 0 0 0 30 66 1 22 0 11 3 3 4 38 213 244 152 0 4 0 8 3 0 0 0 0 0 0 0 0 9 9 205 232 173 87 64 112 100 91 180 238 250 255 26 0 12 0 1 3 5 0 0 0 0 8 5 2 0 0 203 255 253 255 255 237 255 255 251 255 235 177 0 5 0 0 1 1 0 0 0 0 0 0 0 0 3 0 95 238 255 250 251 255 233 255 255 110 24 0 11 7 0 0 4 3 0 0 0 0 0 5 8 5 5 0 0 85 122 243 135 227 177 48 42 3 6 0 9 0 4 12 0 0 13 0 0 0 0 4 0 0 0 0 11 0 17 0 5 0 6 12 0 1 0 9 0 17 5 0 7 8 0 0 0 0 0 0 0 0 0 0 0 0 0 0 0 0 0 0 0 0 0 0 0 0 0 0 0 0 0 0 0 0 0 0 0 0 0 0 0 0 0 0 0 0 0 0 0 0 0 0 0 0 0 0 0 0 0 0 0 0 0 0 0 0 0 0 0 0 0 0 0 0 0 0 0 0 0 0 0 0 0 0 0 0 0 0 0 0 0 0 0 0 0 0 0 0 0 0 0 0 0 0 0 0 0 0 0 0 0 0 0 0 0 0 0 0 0
0 0 0 0 0 0 0 0 0 0 6 8 0 0 6 0 0 0 0 0 12 10 0 0 0 0 0 0 0 0 0 0 0 0 0 0 0 0 0 0 1 1 0 9 3 4 7 0 0 1 6 3 0 0 0 0 0 0 0 0 0 0 0 0 9 0 3 8 0 0 4 0 0 0 2 4 0 0 13 0 0 0 0 0 0 0 0 0 0 0 0 0 0 0 4 6 0 1 15 0 0 0 0 8 8 0 0 0 0 0 0 0 0 0 0 0 0 0 0 0 0 9 0 0 18 1 0 9 0 11 0 0 7 0 0 5 0 0 0 0 0 0 0 0 0 0 0 0 0 124 255 243 196 255 219 35 0 0 6 0 1 7 0 7 0 0 0 0 0 0 0 0 0 0 0 0 0 172 255 236 237 245 237 245 70 0 2 3 0 12 0 3 0 0 0 0 0 0 0 0 0 0 0 0 0 148 234 130 22 94 215 241 215 12 0 8 0 2 0 8 0 0 0 0 0 0 0 0 0 0 0 0 8 0 17 13 0 6 28 188 255 67 6 0 0 13 0 0 0 0 0 0 0 0 0 0 0 0 0 0 0 5 9 0 1 0 0 81 236 221 0 0 4 0 0 7 0 0 0 0 0 0 0 0 0 0 0 0 6 7 0 0 0 0 29 159 251 184 0 0 6 0 1 2 0 0 0 0 0 0 0 0 0 0 0 0 4 0 5 15 0 66 195 250 255 111 9 0 0 9 0 0 0 0 0 0 0 0 0 0 0 0 0 0 0 14 46 128 239 255 239 255 248 216 12 2 0 7 0 4 0 0 0 0 0 0 0 0 0 0 0 0 0 8 152 247 251 254 255 247 255 255 56 0 11 0 0 5 0 0 0 0 0 0 0 0 0 0 0 0 0 15 187 252 251 252 187 74 187 231 164 4 11 0 1 0 0 0 0 0 0 0 0 0 0 0 0 0 16 0 130 219 179 72 0 0 29 249 255 64 0 8 8 0 0 0 0 0 0 0 0 0 0 0 0 0 0 0 3 1 0 0 21 0 26 255 250 113 0 5 0 6 0 0 0 0 0 0 0 0 0 0 0 0 6 0 10 4 12 7 0 0 70 255 255 45 1 7 0 3 0 0 0 0 0 0 0 0 0 0 0 0 0 15 0 0 4 0 4 65 255 245 168 12 0 0 13 0 0 0 0 0 0 0 0 0 0 0 0 0 13 0 21 3 0 0 5 168 246 255 69 0 15 0 0 6 0 0 0 0 0 0 0 0 0 0 0 0 0 2 0 0 0 56 173 247 239 195 8 0 10 0 0 0 0 0 0 0 0 0 0 0 0 0 0 0 2 0 12 7 60 199 255 251 221 37 0 23 0 0 23 0 0 0 0 0 0 0 0 0 0 0 0 0 0 18 53 174 241 255 255 203 12 0 13 0 0 4 4 0 0 0 0 0 0 0 0 0 0 0 0 0 137 220 247 255 255 246 192 56 0 6 0 5 6 0 0 0 0 0 0 0 0 0 0 0 0 0 0 0 221 242 250 212 137 62 17 0 0 0 0 0 0 0 0 0 0 0 0 0 0 0 0 0 0 0 0 0 0 0 3 5 3 3 5 8 0 0 0 0 0 0 0 0 0 0 0 0 0 0 0 0 0 0 0 0 14 6 0 0 0 0 0 0 0 0 0 0 0 0 0 0 0 0 0 0 0 0 0 0 0 0 0 0 0 0 0 2 4 4 5 5 0 0 0 0 0 0 0 0 0 0 0 0
0 0 0 0 0 0 0 0 0 0 0 0 5 0 10 0 6 0 9 1 0 0 1 4 0 0 0 0 0 0 0 0 0 0 0 0 0 1 0 0 5 0 0 8 0 0 12 0 0 6 3 0 0 0 0 0 0 0 0 0 0 0 0 0 17 0 1 16 0 0 7 0 11 0 0 1 4 15 2 10 0 0 0 0 0 0 0 0 0 0 0 0 0 4 3 0 0 10 0 7 0 2 1 6 0 2 0 9 0 0 0 0 0 0 0 0 0 0 0 0 24 5 0 0 36 151 242 255 255 253 248 90 21 0 19 0 0 0 0 0 0 0 0 0 0 0 0 0 0 5 0 32 199 255 255 241 248 255 255 207 33 11 0 0 0 0 0 0 0 0 0 0 0 0 0 0 9 4 7 109 255 229 195 134 82 67 250 251 182 0 12 0 0 0 0 0 0 0 0 0 0 0 0 0 0 8 0 71 189 34 0 1 7 0 179 255 152 0 0 3 0 0 0 0 0 0 0 0 0 0 0 0 0 0 9 0 23 4 0 2 1 0 208 252 163 15 0 3 0 0 0 0 0 0 0 0 0 0 0 0 7 10 0 6 0 7 0 10 82 216 255 238 83 0 0 0 0 0 0 0 0 0 0 0 0 0 0 0 0 0 0 10 4 26 62 176 238 237 227 113 0 0 21 0 0 0 0 0 0 0 0 0 0 0 0 0 0 2 14 0 184 235 244 235 255 237 20 0 4 2 0 4 0 0 0 0 0 0 0 0 0 0 0 0 20 0 1 0 255 245 254 255 250 241 35 0 20 0 0 15 0 0 0 0 0 0 0 0 0 0 0 0 0 0 8 5 244 253 238 246 246 249 226 36 0 0 8 0 0 0 0 0 0 0 0 0 0 0 0 0 9 4 0 0 28 0 11 96 121 243 252 137 1 0 2 0 0 0 0 0 0 0 0 0 0 0 0 0 0 1 11 0 0 4 0 3 8 41 255 217 27 2 5 0 0 0 0 0 0 8 5 0 8 0 8 0 0 0 6 0 0 7 8 8 5 4 198 246 134 5 0 1 0 0 0 0 4 2 0 0 0 0 0 0 1 0 7 4 4 2 0 0 0 15 193 245 160 0 10 0 0 0 0 0 0 0 0 4 1 8 4 7 4 0 0 0 3 0 0 28 6 72 255 255 154 8 0 4 0 0 0 0 12 0 8 3 0 0 0 0 0 1 8 2 4 0 16 92 134 241 254 240 96 0 12 0 0 0 0 0 0 0 8 1 0 6 3 0 5 5 16 47 109 152 188 255 255 255 211 107 0 0 0 16 0 0 0 0 17 7 0 0 62 109 175 194 169 188 219 236 255 253 238 255 206 137 23 0 13 2 23 0 0 0 0 0 0 1 11 91 240 238 255 245 255 244 244 254 255 240 130 44 22 0 22 0 0 0 0 17 0 0 0 0 2 2 0 94 255 201 193 138 132 139 138 79 22 10 1 0 12 0 0 0 0 13 0 0 0 0 0 0 0 0 0 0 0 0 0 0 0 0 0 0 0 0 0 0 0 0 0 0 0 0 0 0 0 0 0 0 0 0 0 0 0 0 0 0 0 0 0 0 0 0 0 0 0 0 0 0 0 0 0 0 0 0 0 0 0 0 0 0 0 0 0 0 0 0 0 0 0 0 0 0 0 0 0 0 0 0 0 0 0 0 0 0 0 0 0 0 0 0 0 0 0 0 0 0 0 0 0 0 0 0 0 0 0 0 0 0 0 0 0 0
0 0 0 0 0 0 0 0 1 1 4 0 8 0 14 0 0 0 11 0 0 0 0 3 0 0 0 0 0 0 0 0 0 0 0 0 4 0 11 0 4 0 0 7 2 1 0 0 11 6 8 0 0 0 0 0 0 0 0 0 0 0 0 0 0 7 0 11 10 1 4 0 0 18 0 2 2 0 0 0 0 0 0 0 0 0 0 0 0 0 0 0 3 21 0 0 0 0 0 0 0 12 0 0 2 1 10 0 0 0 0 0 0 0 0 0 0 0 0 0 0 0 20 0 23 49 142 228 255 242 111 8 0 0 7 0 0 0 0 0 0 0 0 0 0 0 0 0 22 0 0 133 216 243 255 253 245 232 144 12 0 0 1 0 0 0 0 0 0 0 0 0 0 0 0 0 0 15 43 237 238 255 248 235 255 255 215 33 7 2 3 3 0 0 0 0 0 0 0 0 0 0 0 0 6 0 215 255 255 238 98 62 239 241 204 0 0 0 0 0 0 0 0 0 0 0 0 0 0 0 0 0 4 0 103 157 144 38 0 100 250 246 111 1 0 0 7 0 0 0 0 0 0 0 0 0 0 0 0 0 0 0 3 5 0 0 78 201 255 252 104 5 0 3 9 0 0 0 0 0 0 0 0 0 0 0 0 0 0 11 0 0 0 4 177 255 251 175 8 0 16 0 0 5 0 0 0 0 0 0 0 0 0 0 0 0 0 2 0 5 0 11 204 248 253 0 0 3 0 19 0 1 0 0 0 0 0 0 0 0 0 0 0 0 13 2 0 0 5 47 242 255 194 0 9 4 0 0 1 0 0 0 0 0 0 0 0 0 0 0 0 0 0 0 7 0 7 63 247 249 168 8 0 0 10 0 1 3 0 0 0 0 0 0 0 0 0 0 0 0 4 4 8 0 3 37 240 254 240 4 15 9 0 22 0 0 0 0 0 0 0 0 0 0 0 0 0 0 0 0 0 3 3 0 210 246 248 223 17 4 11 0 0 0 0 0 0 0 0 0 0 0 0 0 0 0 2 0 4 2 0 5 17 219 255 254 116 0 0 11 0 3 0 0 0 0 0 0 0 0 0 0 0 0 0 2 0 6 4 2 0 102 246 239 163 0 0 4 2 4 0 0 0 0 0 0 0 0 0 0 0 0 2 0 14 0 0 15 0 98 255 255 227 19 0 0 2 0 0 0 0 0 0 0 0 0 0 0 0 0 3 10 0 0 24 52 149 245 240 249 190 2 0 0 4 0 0 0 0 0 0 0 0 0 0 0 0 0 18 76 172 191 222 248 225 255 252 255 121 0 4 0 1 7 0 0 0 0 0 0 0 0 0 0 0 0 103 235 254 255 255 255 255 244 255 251 83 5 11 0 0 0 0 0 0 0 0 0 0 0 0 0 0 0 138 249 255 245 240 255 240 251 139 116 25 2 0 1 1 0 0 0 0 0 0 0 0 0 0 0 0 0 38 161 177 251 255 223 133 94 10 0 0 3 0 6 10 0 0 0 0 0 0 0 0 0 0 0 0 0 0 0 0 0 0 0 0 0 0 0 0 0 0 0 0 0 0 0 0 0 0 0 0 0 0 0 0 0 0 0 0 0 0 0 0 0 0 0 0 0 0 0 0 0 0 0 0 0 0 0 0 0 0 0 0 0 0 0 0 0 0 0 0 0 0 0 0 0 0 0 0 0 0 0 0 0 0 0 0 0 0 0 0 0 0 0 0 0 0 0 0 0 0 0 0 0 0 0 0 0 0 0 0 0
0 0 0 0 0 0 0 0 0 2 3 0 0 6 10 0 4 0 0 1 7 1 4 0 0 0 0 0 0 0 0 0 0 0 0 0 4 0 0 6 0 0 0 4 0 7 5 8 0 0 10 6 0 0 0 0 0 0 0 0 0 0 0 0 0 0 2 0 0 10 10 0 7 0 0 6 1 0 0 0 0 0 0 0 0 0 0 0 0 0 0 0 6 0 0 6 4 0 0 0 0 8 10 8 2 6 16 0 0 0 0 0 0 0 0 0 0 0 0 0 0 10 8 0 0 81 193 255 255 126 0 0 8 0 0 5 0 0 0 0 0 0 0 0 0 0 0 0 0 0 11 72 163 244 255 245 247 233 112 1 0 10 11 0 0 0 0 0 0 0 0 0 0 0 0 0 0 13 119 244 255 235 233 255 255 255 134 3 0 4 0 0 0 0 0 0 0 0 0 0 0 0 0 0 3 115 234 255 234 206 187 162 249 255 120 1 5 0 0 15 0 0 0 0 0 0 0 0 0 0 0 0 8 83 251 202 160 19 6 147 255 236 152 0 3 0 2 4 0 0 0 0 0 0 0 0 0 0 0 0 0 0 2 0 8 0 29 255 255 248 126 0 0 0 0 0 0 0 0 0 0 0 0 0 0 0 0 0 6 9 0 1 3 0 30 239 236 253 12 0 2 1 8 7 0 0 0 0 0 0 0 0 0 0 0 0 1 0 14 6 0 0 88 240 252 166 0 8 3 0 8 0 0 0 0 0 0 0 0 0 0 0 0 0 7 0 8 0 5 5 120 255 255 40 24 6 0 0 10 0 0 0 0 0 0 0 0 0 0 0 0 0 0 1 0 4 19 0 36 238 250 108 0 0 1 0 5 8 0 0 0 0 0 0 0 0 0 0 0 0 5 10 0 0 0 2 26 255 255 255 73 14 3 2 0 1 0 0 0 0 0 0 0 0 0 0 0 0 1 0 13 3 0 3 4 172 245 255 255 63 4 9 0 0 0 0 0 0 0 0 0 0 0 0 0 0 0 10 0 0 16 0 2 11 203 244 254 147 0 0 7 0 0 0 0 0 0 0 0 0 0 0 0 0 0 13 20 0 0 1 0 6 190 255 255 235 0 0 2 0 0 0 0 0 0 0 0 0 0 0 0 0 0 0 0 0 7 0 19 130 241 255 229 120 0 1 21 0 0 0 0 0 0 0 0 0 0 0 0 0 23 33 16 29 10 122 255 246 237 255 255 7 2 1 0 0 0 0 0 0 0 0 0 0 0 0 0 0 222 236 181 252 255 243 253 252 255 255 213 7 0 13 0 9 0 0 0 0 0 0 0 0 0 0 0 0 227 255 242 252 243 255 250 253 255 163 53 2 0 1 10 2 0 0 0 0 0 0 0 0 0 0 0 0 104 239 255 255 237 255 245 232 120 37 0 7 4 0 11 0 0 0 0 0 0 0 0 0 0 0 0 0 0 91 153 255 163 129 133 14 5 0 0 0 0 16 0 0 0 0 0 0 0 0 0 0 0 0 0 0 0 0 0 0 0 0 0 0 0 0 0 0 0 0 0 0 0 0 0 0 0 0 0 0 0 0 0 0 0 0 0 0 0 0 0 0 0 0 0 0 0 0 0 0 0 0 0 0 0 0 0 0 0 0 0 0 0 0 0 0 0 0 0 0 0 0 0 0 0 0 0 0 0 0 0 0 0 0 0 0 0 0 0 0 0 0 0 0 0 0 0 0 0 0 0 0 0 0 0 0 0 0 0 0
0 0 0 0 0 0 0 0 0 3 0 0 0 0 9 0 0 0 0 5 0 12 0 1 0 0 0 0 0 0 0 0 0 0 0 0 5 0 7 12 0 0 2 0 8 0 0 2 0 4 7 0 0 0 0 0 0 0 0 0 0 0 0 0 5 0 0 2 0 1 14 10 0 9 0 0 13 0 0 8 0 0 0 0 0 0 0 0 0 0 0 0 0 15 0 2 8 0 2 0 2 0 0 17 2 6 11 0 0 0 0 0 0 0 0 0 0 0 0 0 18 130 137 185 248 247 255 255 241 255 147 31 0 5 0 0 0 0 0 0 0 0 0 0 0 0 0 0 127 246 238 249 255 244 252 250 255 253 254 252 100 0 0 11 0 0 0 0 0 0 0 0 0 0 0 0 0 37 37 25 27 18 21 33 28 124 226 244 148 4 0 0 0 0 0 0 0 0 0 0 0 0 0 0 16 0 5 0 0 13 0 4 7 0 128 255 215 0 5 5 0 0 0 0 0 0 0 0 0 0 0 0 1 0 0 3 7 4 2 3 0 47 205 246 117 1 6 0 0 0 0 0 0 0 0 0 0 0 0 0 13 5 0 0 0 0 0 22 94 247 255 159 39 3 0 13 0 0 0 0 0 0 0 0 0 0 0 0 0 104 182 186 179 171 175 199 255 224 149 4 7 0 18 0 0 0 0 0 0 0 0 0 0 0 0 0 9 177 255 240 240 255 255 249 255 100 10 2 0 0 11 0 0 0 0 0 0 0 0 0 0 0 0 0 1 147 236 239 241 241 241 255 238 161 59 4 4 4 0 1 0 0 0 0 0 0 0 0 0 0 0 0 0 9 6 1 0 10 109 246 254 255 197 38 4 0 11 4 0 0 0 0 0 0 0 0 0 0 0 0 12 0 0 7 14 0 0 48 128 237 255 206 13 0 0 4 0 0 0 0 0 0 0 0 0 0 0 0 0 7 9 0 0 3 6 0 6 134 255 252 84 5 0 7 0 0 0 0 0 0 4 0 0 0 9 2 0 20 0 0 10 0 0 7 4 7 190 255 96 0 0 5 0 0 0 0 10 0 15 0 36 191 66 0 0 0 0 3 0 5 11 0 0 0 171 255 82 4 12 0 0 0 0 0 0 0 8 0 100 255 231 87 4 0 1 0 3 0 0 11 0 75 222 229 114 0 6 0 0 0 0 0 1 6 0 8 23 199 242 238 153 14 0 13 0 3 9 0 0 191 250 244 66 9 0 15 0 0 0 0 0 14 0 0 18 6 224 255 255 124 31 0 0 3 0 19 84 237 249 191 1 5 6 0 0 0 0 0 5 0 8 6 0 15 86 185 254 232 245 166 29 35 136 189 243 255 207 52 0 0 23 0 0 0 0 0 7 0 11 0 15 0 7 30 206 244 255 251 240 255 255 253 252 203 82 3 0 12 0 10 0 0 0 0 0 5 2 0 3 12 0 6 0 89 189 255 255 251 254 198 128 20 0 8 0 6 0 0 0 0 0 0 0 0 0 0 0 0 0 0 0 0 0 0 0 0 0 0 0 0 0 0 0 0 0 0 0 0 0 0 0 0 0 0 0 0 0 0 0 0 0 0 0 0 0 0 0 0 0 0 0 0 0 0 0 0 0 0 0 0 0 0 0 0 0 0 0 0 0 0 0 0 0 0 0 0 0 0 0 0 0 0 0 0 0 0 0 0 0 0 0 0 0 0 0 0 0 0 0 0 0 0 0 0 0 0 0 0 0 0 0 0 0 0
2 0 15 0 0 12 0 13 0 0 1 0 0 4 3 0 0 0 0 8 0 0 0 0 0 0 0 0 0 0 3 13 3 0 0 5 0 3 6 2 0 1 0 0 4 13 0 5 4 13 18 0 0 0 0 0 8 5 0 0 0 4 16 0 0 2 3 0 0 0 0 0 1 0 8 0 0 0 0 11 0 0 0 0 0 8 1 0 2 0 0 11 2 1 0 0 0 2 5 5 0 11 0 5 18 1 9 0 0 0 0 0 0 0 3 4 13 0 27 198 255 255 254 255 255 255 254 252 142 110 112 1 0 1 0 10 0 0 0 0 5 1 2 0 3 3 48 236 248 248 251 253 251 248 250 255 243 255 255 217 163 38 0 0 0 0 0 0 0 10 10 0 0 0 0 44 196 199 201 199 195 204 234 255 255 230 255 255 251 170 16 0 0 0 0 0 0 1 0 7 4 0 8 1 0 0 0 0 0 17 78 133 222 248 241 250 255 250 84 0 0 0 0 0 2 0 7 3 0 3 7 1 2 0 11 2 0 10 0 8 31 226 244 255 244 255 87 0 0 0 0 0 2 0 0 0 2 0 0 0 0 6 2 0 10 0 55 147 255 230 255 255 251 123 0 8 0 0 0 0 0 2 0 1 16 2 0 7 0 0 0 0 13 50 232 255 243 255 245 230 128 29 0 0 0 0 0 0 2 6 1 0 0 0 3 3 2 66 51 80 195 224 255 240 255 245 211 77 1 0 0 0 0 0 0 0 0 0 4 12 0 72 173 167 161 255 255 248 255 236 228 255 255 136 43 0 8 5 0 29 0 0 0 0 10 0 2 0 0 92 251 248 254 254 253 249 248 255 255 252 244 185 62 4 3 0 0 0 0 0 0 0 3 0 0 4 0 97 253 255 255 254 251 242 255 255 250 247 255 237 255 65 8 0 17 1 0 0 0 0 0 3 0 7 0 57 169 169 170 30 24 39 15 25 170 197 255 251 255 236 68 1 0 0 0 0 0 0 3 7 0 0 13 0 7 6 0 1 3 2 4 2 3 10 163 231 255 242 189 19 0 0 0 0 0 0 0 0 0 0 10 13 0 0 0 25 0 0 8 0 0 10 0 168 252 255 247 148 0 14 0 0 0 0 0 2 10 0 0 12 0 22 0 0 0 10 0 0 9 0 6 84 255 255 255 216 38 3 0 0 0 0 8 0 0 0 1 9 0 0 0 0 1 2 9 1 0 7 0 0 211 225 255 255 93 0 0 0 0 0 0 7 6 0 0 4 122 229 230 88 79 67 31 80 96 69 95 172 255 255 251 232 41 13 0 0 0 0 0 1 0 0 11 12 153 255 255 233 255 255 232 245 242 255 242 255 238 252 255 162 0 0 0 0 0 0 0 3 7 2 0 0 115 242 255 255 248 240 243 255 255 238 255 255 248 238 168 22 0 11 0 0 0 0 3 0 2 10 0 3 3 69 107 255 255 246 255 244 251 252 246 222 111 78 0 0 16 0 0 0 0 0 0 0 0 0 0 0 0 0 0 0 0 0 0 0 0 0 0 0 0 0 0 0 0 0 0 0 0 0 0 0 0 0 0 0 0 0 0 0 0 0 0 0 0 0 0 0 0 0 0 0 0 0 0 0 0 0 0 0 0 0 0 0 0 0 0 0 0 0 0 0 0 0 0 0 0 0 0 0 0 0 0 0 0 0 0 0 0 0 0 0 0 0 0 0 0 0 0 0 0 0 0 0 0 0 0 0 0 0 0 0 0 0
0 0 0 0 1 2 4 5 0 7 1 0 0 0 0 1 0 3 11 0 11 0 0 4 0 0 0 0 0 0 0 0 0 0 1 1 0 0 0 0 15 12 0 0 0 0 1 14 4 0 3 1 0 0 0 0 1 0 0 0 0 0 0 0 5 10 5 0 0 0 0 9 9 7 0 4 1 0 7 0 0 0 0 0 0 0 0 0 0 0 0 0 0 0 0 0 2 10 3 0 0 9 0 0 7 2 0 0 0 0 0 0 0 0 0 0 0 2 3 4 81 169 246 255 251 193 105 38 5 0 15 0 8 0 0 3 0 0 0 0 0 0 0 0 1 3 4 5 237 255 236 187 176 205 237 254 134 8 0 11 0 0 13 0 0 0 0 0 0 0 0 0 0 1 2 3 68 126 135 62 0 0 82 180 240 122 0 3 0 0 15 0 0 0 0 0 1 0 0 0 0 0 0 0 5 4 0 0 2 1 2 14 224 224 4 0 2 0 0 4 0 0 0 0 0 0 0 0 0 0 0 0 3 0 4 5 0 2 0 103 246 201 0 1 0 3 0 3 0 0 0 0 0 0 0 0 0 0 0 0 0 2 0 0 21 0 24 218 254 56 16 0 9 0 3 5 0 0 0 0 0 0 0 0 0 0 0 0 2 8 2 17 0 6 203 244 107 22 0 11 0 1 9 0 0 0 0 0 0 0 0 0 0 0 0 0 0 0 0 40 180 240 248 255 67 0 8 0 7 18 0 5 0 0 0 0 0 0 0 0 0 0 0 0 1 18 75 228 255 237 255 254 215 59 0 0 6 0 0 14 0 0 0 0 0 0 0 0 0 0 0 0 0 0 133 255 184 66 25 168 255 242 82 6 0 0 20 0 0 0 0 0 0 0 0 0 0 0 0 0 0 26 3 0 0 13 8 0 135 255 255 34 4 8 3 0 0 0 0 0 0 0 0 0 0 0 0 0 1 0 6 6 15 0 0 3 12 192 244 183 3 0 0 8 0 0 0 0 0 4 0 0 0 0 0 5 0 2 0 8 0 9 0 0 0 35 247 235 12 8 2 0 0 0 0 0 0 6 3 0 2 4 0 0 1 12 6 0 0 0 0 12 2 3 226 255 38 0 1 0 0 0 0 0 0 7 4 0 1 3 0 0 0 0 18 1 0 0 16 0 2 0 253 249 2 0 9 3 0 0 0 0 0 4 0 0 0 0 0 13 101 199 154 15 0 0 0 0 7 162 240 240 0 6 5 0 0 0 0 0 3 0 0 1 0 0 4 42 252 161 29 0 0 0 11 95 175 255 237 52 28 0 0 9 0 0 0 0 1 0 0 3 4 0 12 55 249 236 100 37 62 86 111 238 255 242 41 0 0 0 7 3 0 0 0 0 0 1 0 0 3 0 8 31 239 243 250 255 250 255 255 249 145 34 0 3 0 15 3 0 0 0 0 0 0 8 5 0 0 2 0 0 34 123 242 255 245 223 157 22 11 0 15 0 13 0 0 12 0 0 0 0 0 0 0 0 0 0 0 0 0 0 0 0 0 0 0 0 0 0 0 0 0 0 0 0 0 0 0 0 0 0 0 0 0 0 0 0 0 0 0 0 0 0 0 0 0 0 0 0 0 0 0 0 0 0 0 0 0 0 0 0 0 0 0 0 0 0 0 0 0 0 0 0 0 0 0 0 0 0 0 0 0 0 0 0 0 0 0 0 0 0 0 0 0 0 0 0 0 0 0 0 0 0 0 0 0 0 0 0 0 0 0 0
0 0 0 0 0 0 0 0 0 0 2 4 5 3 0 0 0 3 0 0 5 0 0 1 0 0 0 0 0 0 0 0 0 0 0 0 7 5 0 0 0 0 5 9 5 0 0 9 5 13 6 4 0 0 0 0 0 0 0 0 0 0 0 0 0 0 3 5 3 1 0 1 2 0 1 13 0 0 0 0 0 0 0 0 0 0 0 0 0 0 0 0 9 4 1 0 0 0 0 0 0 0 0 7 10 14 3 0 0 0 0 0 0 0 0 0 0 0 0 0 0 0 0 5 10 7 2 2 6 9 0 0 0 0 0 4 0 0 0 0 0 0 0 0 0 0 0 0 12 1 0 0 0 0 0 0 0 1 6 2 12 6 0 6 0 0 0 0 0 0 0 0 0 0 0 0 0 34 120 206 254 255 255 255 212 166 95 60 0 3 0 0 0 0 0 0 0 0 0 0 0 0 0 0 219 230 250 255 249 227 220 228 251 255 245 219 5 0 0 5 0 0 0 0 0 0 0 0 0 0 0 0 236 253 247 237 116 10 32 9 52 162 247 228 13 0 0 13 0 0 0 0 0 0 0 0 0 0 0 0 104 255 248 255 251 255 197 171 212 249 248 46 0 10 12 0 0 0 0 0 0 0 0 0 0 0 0 0 64 249 252 255 228 254 255 242 249 206 82 25 0 0 2 4 0 0 0 0 0 0 0 0 0 0 0 0 93 231 255 78 47 156 245 255 212 58 9 0 0 21 0 0 0 0 0 0 0 0 0 0 0 0 0 0 1 16 232 98 98 255 255 217 56 7 0 4 0 3 0 0 0 0 0 0 0 0 0 0 0 0 0 0 5 0 43 13 121 246 254 255 254 223 18 3 4 0 15 0 0 0 0 0 0 0 0 0 0 0 0 0 0 13 0 3 42 117 160 105 200 225 206 9 10 0 7 0 0 0 0 0 0 0 0 0 0 0 0 0 12 0 8 1 0 5 0 9 7 135 255 113 0 8 0 6 0 0 0 0 0 0 0 0 0 0 0 0 2 2 0 0 17 1 0 0 0 85 240 176 0 5 1 0 0 0 0 0 0 0 0 0 0 0 0 0 0 2 0 11 0 0 0 4 11 65 255 225 0 0 6 0 0 0 0 0 0 0 0 0 0 0 0 0 12 61 207 113 0 16 16 0 0 21 246 241 0 0 7 1 0 0 0 0 0 0 0 0 0 0 0 0 0 194 255 35 0 0 6 7 4 48 246 199 17 0 0 0 0 0 0 0 0 0 0 0 0 0 0 0 0 116 255 12 0 29 0 0 0 114 237 91 11 1 0 4 0 0 0 0 0 0 0 0 0 0 0 0 11 110 240 100 0 0 8 3 23 198 217 5 0 5 1 6 0 0 0 0 0 0 0 0 0 0 0 0 0 6 255 241 49 9 7 7 174 255 179 2 0 5 0 0 0 0 0 0 0 0 0 0 0 0 0 0 2 6 187 243 247 83 30 160 255 243 88 6 0 3 0 6 0 0 0 0 0 0 0 0 0 0 0 0 0 1 19 223 254 255 226 255 245 255 255 189 1 5 0 10 0 0 0 0 0 0 0 0 0 0 0 0 0 15 0 62 143 254 251 200 89 76 121 63 5 0 3 1 0 0 0 0 0 0 0 0 0 0 0 0 0 0 0 2 10 0 5 0 1 0 26 0 10 0 7 0 0 0 0 0 0 0 0 0 0 0 0 0 0 0 8 1 1 0 0 1 8 0 8 0 1 0 0 3 0 0 0 0
0 0 5 0 0 5 0 0 0 17 0 0 0 8 11 0 2 9 0 0 0 2 3 2 0 0 0 0 0 0 4 7 2 0 0 23 0 0 11 10 7 0 0 15 0 0 10 0 27 0 0 9 0 0 0 0 0 4 7 0 5 9 0 0 0 15 5 0 1 0 17 0 20 7 0 14 0 10 11 0 0 0 0 0 0 10 4 0 3 12 0 15 142 114 122 132 127 63 13 0 0 7 0 0 13 0 6 3 0 0 0 0 3 0 0 1 5 0 16 110 243 255 244 255 247 248 255 255 133 9 13 0 0 8 0 6 0 0 0 0 0 0 1 5 3 0 7 76 255 64 15 0 24 128 119 255 255 241 48 17 1 0 1 0 0 0 0 0 0 0 7 0 0 6 0 0 9 0 9 0 0 2 1 60 192 242 255 70 0 5 0 7 0 0 0 0 7 0 3 3 0 1 0 6 2 1 4 0 8 0 10 1 66 255 253 115 10 0 0 0 0 0 0 0 0 0 0 0 0 0 0 0 0 6 0 7 0 4 0 2 0 194 255 121 3 0 10 3 0 0 0 0 0 0 0 0 0 0 0 0 5 4 1 5 0 0 0 0 58 255 249 141 0 19 0 0 0 0 0 0 0 0 0 0 0 0 0 0 0 4 0 0 10 8 0 3 201 246 255 0 5 0 0 20 0 0 0 0 0 0 0 0 0 0 0 0 0 8 9 0 23 0 68 248 249 253 62 9 0 16 5 0 0 0 0 0 0 0 0 0 0 0 0 0 8 0 0 0 116 209 247 255 255 191 1 15 0 0 6 0 0 0 0 0 0 0 0 0 0 0 0 0 0 0 153 255 255 244 250 255 255 102 18 0 0 16 0 12 0 0 0 0 0 0 0 0 0 0 0 0 0 0 133 240 243 255 255 253 255 255 249 185 135 0 9 0 0 0 0 0 0 0 0 0 0 0 0 0 7 0 3 7 13 56 61 132 188 255 255 255 253 131 66 0 0 0 0 0 0 0 3 2 0 6 0 4 8 1 0 2 6 3 0 0 0 18 122 252 254 255 190 0 0 0 0 0 3 2 0 3 0 0 0 0 0 0 0 0 0 3 8 5 3 0 4 141 254 255 190 7 0 0 0 0 0 14 0 0 2 4 17 0 0 11 17 4 0 3 3 0 4 14 111 245 247 255 115 8 0 0 0 0 21 0 5 69 133 0 0 0 0 0 0 0 11 62 114 143 249 255 255 255 255 69 0 0 0 0 0 0 0 0 18 246 255 255 235 255 255 255 255 255 255 253 250 254 255 247 251 65 4 0 1 10 0 0 0 0 8 16 6 47 117 185 249 252 247 242 250 255 245 193 142 118 130 140 7 1 2 12 0 4 0 0 0 0 0 0 0 4 18 7 4 0 76 48 18 3 0 0 0 8 0 0 0 0 0 2 10 0 0 0 0 0 3 0 10 0 0 0 0 3 2 1 0 0 0 5 4 0 0 17 0 17 2 0 6 0 0 0 0 0 0 0 0 0 0 0 0 0 0 0 0 0 0 0 0 0 0 0 0 0 0 0 0 0 0 0 0 0 0 0 0 0 0 0 0 0 0 0 0 0 0 0 0 0 0 0 0 0 0 0 0 0 0 0 0 0 0 0 0 0 0 0 0 0 0 0 0 0 0 0 0 0 0 0 0 0 0 0 0 0 0 0 0 0 0 0 0 0 0 0 0 0 0 0 0 0 0 0 0 0 0 0 0 0 0 0 0 0 0 0 0 0
0 5 0 0 1 0 0 2 3 1 0 0 0 2 0 0 0 1 2 0 0 7 0 6 0 0 0 0 6 0 0 0 2 0 3 4 0 0 3 3 2 1 0 0 10 0 1 5 3 0 0 0 0 0 0 0 4 0 0 6 4 1 0 0 0 0 1 0 0 0 0 4 4 0 0 0 4 7 10 5 0 0 0 0 0 0 8 5 0 2 2 0 1 0 1 3 2 0 0 2 0 5 5 3 0 0 4 0 0 0 0 0 5 0 7 0 0 7 2 3 8 2 0 3 3 0 0 3 8 8 0 2 0 0 14 11 0 0 0 0 1 0 5 0 2 6 0 0 0 44 125 207 255 255 249 241 192 119 9 0 9 0 0 0 0 0 0 0 0 0 6 0 9 0 0 82 223 232 250 255 255 251 253 255 255 207 43 0 12 9 11 2 0 0 0 0 7 0 3 0 0 0 54 228 253 254 255 247 226 211 222 245 247 250 111 6 0 0 4 0 0 0 0 0 4 5 0 2 0 2 112 255 255 248 248 251 223 9 101 255 240 255 206 1 1 0 0 4 0 0 0 0 0 0 0 2 4 0 58 166 244 255 243 169 218 0 118 241 255 243 168 0 1 0 21 0 0 0 0 0 7 10 2 3 5 0 0 30 3 0 2 5 26 132 250 254 244 252 69 0 10 7 0 10 0 0 0 0 0 3 0 0 6 2 0 0 6 14 9 10 169 240 241 255 243 167 0 5 0 18 0 0 0 0 0 0 0 3 1 0 2 10 5 0 0 2 0 167 255 238 255 255 255 124 29 1 5 0 5 4 0 0 0 0 1 9 10 2 0 0 0 0 0 5 0 84 244 243 255 235 232 255 193 22 0 4 18 0 0 0 0 0 0 0 0 2 0 2 8 6 0 18 0 4 94 255 244 255 255 255 242 212 96 0 0 5 0 0 0 0 9 0 0 3 0 0 0 0 11 0 10 0 0 0 82 132 225 255 244 254 255 50 2 3 0 0 0 0 2 0 7 3 1 3 0 0 5 0 5 15 0 0 12 0 39 208 248 255 250 174 12 0 0 0 0 0 5 0 5 0 0 8 7 24 0 12 0 0 9 0 0 22 181 235 255 239 255 83 12 1 0 0 0 0 0 0 10 4 0 0 0 0 0 0 10 0 9 3 27 159 255 255 246 255 186 16 0 5 0 0 0 0 6 1 0 0 0 7 6 5 17 0 0 12 0 10 173 255 245 248 243 207 0 0 25 0 0 0 0 0 6 1 0 0 1 0 0 0 0 12 20 14 132 251 250 255 253 182 73 0 14 20 0 0 0 0 0 0 0 0 0 11 4 0 0 7 10 32 117 238 254 243 255 225 154 20 1 0 2 0 0 17 0 0 0 0 2 5 0 0 0 7 98 173 198 216 255 252 249 255 182 85 9 0 2 0 0 27 4 0 0 0 0 0 0 6 0 4 0 17 154 255 249 255 248 243 207 89 0 0 1 0 2 11 0 0 0 8 0 0 0 0 0 7 0 0 7 0 52 192 254 255 201 89 7 0 2 0 0 0 0 0 0 0 0 0 0 0 0 0 1 14 0 0 6 0 0 14 0 1 3 0 0 3 10 4 0 0 0 0 0 0 0 0 0 0 0 0 0 6 5 0 10 13 0 0 6 0 0 6 9 3 0 0 0 0 0 0 0 0 0 0 0 0 0 0 0 0 2 4 0 0 5 17 2 0 0 0 0 0 1 13 0 0 0 0 0 0 0 0 0 0 0 0
3 3 0 0 0 0 0 0 1 1 1 2 0 0 0 0 5 5 6 6 1 0 0 1 0 0 0 0 0 0 2 5 5 5 3 2 0 0 0 0 0 0 1 3 0 0 0 0 0 12 8 0 0 0 0 0 0 0 1 2 1 0 0 0 3 3 1 0 0 0 0 0 3 5 8 8 0 0 0 8 0 0 0 0 7 2 0 0 0 0 0 2 6 6 4 2 2 4 4 1 6 0 0 0 3 4 2 1 0 0 0 0 0 0 0 4 6 2 0 2 0 0 0 0 0 4 3 0 0 7 12 0 0 5 7 0 0 0 0 0 0 0 5 7 0 0 0 0 5 9 8 3 5 9 3 0 8 0 0 3 2 0 0 7 0 0 0 0 1 3 5 0 0 4 54 103 250 254 252 246 245 246 236 221 114 50 0 0 9 9 0 0 0 0 0 0 0 0 0 0 3 63 174 255 250 255 255 255 255 255 255 239 252 250 176 49 0 0 10 0 0 0 0 0 10 0 10 0 0 174 255 243 240 248 255 214 83 145 124 208 252 246 255 127 0 1 4 0 0 0 0 0 0 2 14 0 4 221 228 120 15 5 0 0 9 0 14 0 51 245 232 194 15 0 3 6 0 0 0 0 0 12 0 0 30 255 171 14 0 4 11 0 0 0 8 2 0 218 255 254 48 11 0 8 0 0 0 0 3 1 0 2 30 195 88 0 6 0 0 0 0 15 0 4 122 245 255 229 41 0 6 0 0 0 0 0 0 0 7 6 0 55 3 7 0 0 20 10 0 0 102 190 245 240 255 130 5 17 0 5 0 0 0 0 0 0 9 1 0 0 0 5 8 0 0 0 6 154 226 255 249 255 118 29 0 0 5 0 0 0 0 0 5 1 0 1 3 9 7 0 3 0 6 9 25 245 255 243 255 241 113 42 13 8 0 11 0 0 0 0 0 6 0 10 0 0 7 0 0 0 0 0 6 109 254 247 254 250 255 255 176 44 4 0 0 0 0 0 5 0 0 0 0 0 0 4 0 3 0 0 0 4 47 114 194 250 247 255 253 234 77 0 0 0 0 0 0 0 5 7 5 2 1 3 0 3 0 0 5 0 0 0 2 11 37 210 248 254 184 0 0 0 0 0 0 2 5 2 0 0 0 0 0 0 6 7 0 0 5 4 0 10 0 176 254 255 188 4 0 0 0 0 4 2 0 0 0 1 3 1 12 0 0 0 0 0 1 0 0 35 115 225 255 255 139 0 0 0 0 0 6 1 0 2 6 5 1 0 0 0 10 0 0 40 109 140 183 245 254 239 255 217 41 0 0 0 0 0 0 0 1 7 1 0 0 5 16 93 164 181 193 234 255 246 237 250 255 221 119 40 5 0 0 0 0 0 0 0 1 2 0 0 45 109 224 247 252 246 255 246 195 142 173 133 52 17 11 0 0 0 0 0 0 0 5 0 0 0 0 26 141 255 249 249 224 180 120 41 0 3 0 4 8 0 0 8 0 3 0 0 0 0 9 0 11 3 0 103 235 241 93 43 0 0 0 0 0 4 0 0 0 0 0 0 0 0 0 0 0 0 0 0 0 0 26 179 209 77 19 0 0 3 10 3 0 0 0 0 0 0 0 0 0 0 0 0 0 0 0 0 18 15 0 0 12 0 0 0 0 1 1 0 0 0 0 0 0 0 0 0 0 0 0 0 0 0 8 0 0 1 2 0 4 9 5 8 6 0 0 0 1 5 0 0 0 0 0 0 0 0 0 0 0 0
0 0 0 0 0 0 0 0 0 0 3 8 0 0 2 1 4 5 2 0 11 0 0 3 0 0 0 0 0 0 0 0 0 0 0 0 3 0 0 0 0 1 4 0 0 5 7 0 0 2 6 5 0 0 0 0 0 0 0 0 0 0 0 0 0 1 5 3 2 6 7 4 11 0 0 13 13 2 0 0 0 0 0 0 0 0 0 0 0 0 0 0 5 0 0 0 6 0 0 0 0 2 11 4 0 0 8 5 0 0 0 0 0 0 0 0 0 0 0 0 0 8 3 0 0 7 7 9 6 0 0 9 5 0 4 0 0 0 0 0 0 0 0 0 0 0 0 0 11 52 56 64 141 210 195 149 43 6 0 0 8 0 2 0 0 0 0 0 0 0 0 0 0 0 0 0 148 241 255 246 241 254 255 255 240 255 239 109 50 0 7 0 0 0 0 0 0 0 0 0 0 0 0 0 232 255 252 240 255 255 250 255 255 233 255 254 233 53 0 4 0 0 0 0 0 0 0 0 0 0 0 0 225 255 249 222 150 147 236 253 245 253 255 252 255 228 0 11 0 0 0 0 0 0 0 0 0 0 0 0 73 160 237 250 100 14 0 36 191 255 255 255 251 188 17 0 0 0 0 0 0 0 0 0 0 0 0 0 0 0 44 203 188 0 32 125 247 252 239 241 243 77 0 4 0 0 0 0 0 0 0 0 0 0 0 0 18 0 0 77 117 26 194 236 255 255 253 198 30 15 0 2 0 0 0 0 0 0 0 0 0 0 0 0 0 3 11 0 0 99 255 255 234 247 169 24 0 2 0 0 0 0 0 0 0 0 0 0 0 0 0 0 4 0 0 0 11 83 252 254 255 203 0 0 0 19 0 2 0 0 0 0 0 0 0 0 0 0 0 0 0 12 8 0 15 9 207 250 251 244 103 0 17 0 0 15 0 0 0 0 0 0 0 0 0 0 0 0 4 0 0 2 0 0 88 233 253 255 248 81 0 8 10 0 0 0 0 0 0 1 1 16 0 16 0 0 0 12 0 6 3 6 0 77 229 255 251 105 0 9 0 1 0 0 0 0 12 9 0 7 19 0 0 0 8 0 0 0 2 0 0 14 185 252 255 94 0 0 8 0 0 0 0 0 0 2 0 3 0 0 142 156 112 24 0 13 0 9 0 0 169 249 254 99 6 0 9 0 0 0 0 0 0 2 8 12 0 13 206 252 255 173 126 35 0 0 19 4 201 255 243 101 8 3 0 5 0 0 0 0 0 10 0 0 16 0 100 255 237 255 244 221 54 10 10 124 239 255 248 65 2 2 0 2 0 0 0 0 0 3 0 0 0 0 17 150 255 244 255 255 241 175 183 255 255 255 231 16 0 0 6 0 0 0 0 0 12 0 5 9 0 19 0 0 48 150 245 255 255 255 244 242 255 238 133 0 0 0 13 0 0 0 0 0 0 2 0 0 1 0 0 13 0 4 114 153 252 240 255 255 255 209 15 0 0 2 0 0 0 0 0 0 0 0 0 0 0 0 0 0 0 0 0 0 43 127 214 255 226 60 0 6 5 0 3 0 0 0 0 0 0 0 0 0 0 0 0 0 0 7 9 0 0 0 0 0 19 0 0 14 0 0 5 0 0 0 0 0 0 0 0 0 0 0 0 0 0 0 3 0 1 9 12 9 0 1 10 0 0 0 8 0 0 0 0 0 0 0 0 0 0 0 0 0 1 4 3 0 0 0 0 0 3 4 0 0 3 3 0 0 0 0 0 0
0 0 0 0 0 0 0 0 2 3 0 0 9 0 0 12 0 0 3 10 1 0 0 0 0 0 0 0 0 0 0 0 0 0 0 0 0 8 6 0 0 29 0 0 8 5 0 0 0 4 5 0 0 0 0 0 0 0 0 0 0 0 0 0 7 0 0 0 5 0 0 16 0 1 0 0 0 0 0 1 0 0 0 0 0 0 0 0 0 0 0 0 5 12 0 1 7 0 13 0 2 0 0 4 10 0 0 2 0 0 0 0 0 0 0 0 0 0 0 0 0 0 1 15 0 5 0 3 15 3 0 0 5 3 0 0 0 0 0 0 0 0 0 0 0 0 0 0 0 33 255 238 188 64 0 2 0 0 5 2 0 2 10 0 0 0 0 0 0 0 0 0 0 0 0 0 11 12 172 143 246 244 174 50 19 0 5 15 0 0 10 0 0 0 0 0 0 0 0 0 0 0 0 0 0 7 0 16 56 182 253 228 143 21 0 9 2 0 4 0 0 0 0 0 0 0 0 0 0 0 0 0 1 3 4 0 13 0 53 204 235 163 0 0 12 0 0 7 0 0 0 0 0 0 0 0 0 0 0 0 0 0 0 13 6 0 0 159 255 137 10 0 2 2 0 0 0 0 0 0 0 0 0 0 0 0 0 0 0 15 1 0 0 0 134 241 222 56 8 0 0 8 0 0 0 0 0 0 0 0 0 0 0 0 0 0 0 0 8 6 17 190 243 248 84 0 3 0 0 3 2 4 0 0 0 0 0 0 0 0 0 0 0 0 3 0 0 0 187 235 221 65 0 0 6 2 7 0 1 0 0 0 0 0 0 0 0 0 0 0 0 0 8 5 0 12 218 215 21 2 0 11 0 0 5 0 3 0 0 0 0 0 0 0 0 0 0 0 0 0 0 11 13 29 251 154 0 0 0 10 0 0 0 0 3 0 0 0 0 0 0 0 0 0 0 0 0 0 6 0 0 27 224 225 9 0 1 0 0 17 0 1 0 0 0 0 0 0 0 0 0 0 0 0 0 0 0 0 11 3 201 255 74 0 0 0 0 9 0 0 10 0 0 0 0 0 0 0 0 0 0 0 0 0 0 10 0 0 50 240 185 30 2 13 2 0 0 0 2 5 0 0 0 0 0 0 0 0 0 0 0 0 0 0 14 0 0 105 255 170 0 2 4 0 6 0 0 4 0 0 0 0 0 0 0 0 0 0 0 0 0 0 2 6 0 6 174 248 46 0 0 1 5 0 0 1 0 0 0 0 0 0 0 0 0 0 0 0 4 0 0 0 7 16 83 255 170 2 0 5 0 0 8 3 0 0 0 0 0 0 0 0 0 0 0 0 9 0 13 1 0 0 31 248 243 3 0 13 0 0 11 0 0 0 0 0 0 0 0 0 0 0 0 0 0 3 0 22 0 0 19 218 245 0 0 8 4 3 4 0 0 0 0 0 0 0 0 0 0 0 0 0 1 7 0 0 122 117 177 248 247 6 0 0 0 2 0 4 0 0 0 0 0 0 0 0 0 0 0 0 0 1 2 3 125 164 217 255 133 15 0 6 1 0 7 0 0 0 0 0 0 0 0 0 0 0 0 0 7 11 0 0 18 0 0 0 18 0 6 12 0 0 9 0 0 0 0 0 0 0 0 0 0 0 0 0 0 0 0 0 10 4 0 5 0 0 7 0 0 1 10 0 0 0 0 0 0 0 0 0 0 0 0 0 6 7 0 4 0 0 0 0 14 4 0 0 3 5 1 0 0 0 0 0
0 3 0 4 11 0 3 1 0 0 0 0 0 7 6 0 4 0 0 8 0 0 0 2 0 0 0 0 3 19 5 0 0 0 5 0 6 0 0 14 16 0 0 19 6 6 5 0 0 7 0 2 0 0 0 0 0 0 0 3 2 2 12 0 0 11 0 0 0 7 0 0 0 0 15 0 0 8 0 3 0 0 0 0 10 0 0 13 8 0 0 0 2 0 0 6 9 3 0 0 8 0 4 0 0 0 0 4 0 0 0 0 4 0 4 4 0 0 0 8 0 3 15 15 50 152 196 145 122 33 0 3 0 0 3 2 0 0 0 0 0 0 0 0 1 14 0 0 2 45 158 245 248 248 255 254 249 143 2 0 0 0 6 0 0 0 0 0 10 11 2 0 9 6 0 20 125 224 255 242 161 124 133 148 255 238 33 0 1 4 0 2 0 0 0 0 0 0 0 0 4 0 22 160 255 240 120 1 0 7 2 11 192 255 60 2 6 4 0 7 0 0 0 0 6 0 0 2 9 0 16 251 255 202 15 0 0 5 0 8 192 251 123 5 0 8 0 8 0 0 0 0 1 0 4 0 0 2 0 98 136 72 0 17 0 0 14 76 255 249 99 0 13 0 6 0 0 0 0 0 0 0 4 4 0 9 0 0 0 14 5 10 35 64 136 237 243 245 80 14 0 1 5 0 0 0 0 0 0 0 0 5 0 1 8 0 0 0 105 199 235 249 255 255 255 255 248 197 164 9 0 19 0 0 0 0 0 10 0 0 3 0 1 9 4 116 251 247 255 255 238 221 118 191 227 255 255 209 40 0 0 0 0 0 0 14 0 0 12 0 0 0 0 8 148 216 199 132 66 4 15 0 18 85 224 255 110 0 0 0 0 0 0 0 7 0 14 3 0 4 0 5 9 0 0 0 0 7 7 0 0 9 43 255 190 27 0 0 0 0 11 0 11 2 4 0 0 24 5 0 0 9 9 4 3 0 0 0 8 1 0 251 255 39 0 0 0 0 2 0 0 0 4 24 110 228 24 1 0 0 4 14 0 4 0 15 1 0 1 242 250 29 0 0 0 0 0 9 7 8 0 116 250 171 0 3 0 0 1 0 0 1 2 0 0 2 69 255 164 2 0 0 0 0 2 0 0 4 14 228 255 0 0 4 0 1 16 0 11 0 7 0 12 135 255 255 95 0 0 0 0 0 5 0 3 0 31 255 243 34 5 0 0 0 7 0 9 9 0 98 225 244 248 170 9 5 0 0 0 0 5 0 2 4 34 222 253 202 34 0 7 0 0 5 47 91 200 255 247 246 172 16 0 9 0 0 0 0 1 0 0 8 5 125 243 255 201 144 143 142 153 207 238 255 255 245 167 60 0 0 3 0 0 0 0 0 0 6 7 0 0 26 148 240 255 254 246 255 232 255 255 243 194 106 0 0 2 4 31 0 0 0 0 0 1 0 13 0 14 9 0 63 178 249 255 255 157 140 105 41 24 0 0 16 0 0 0 3 0 0 0 0 0 0 0 0 0 0 0 0 0 0 0 0 0 0 0 0 0 0 0 0 0 0 0 0 0 0 0 0 0 0 0 0 0 0 0 0 0 0 0 0 0 0 0 0 0 0 0 0 0 0 0 0 0 0 0 0 0 0 0 0 0 0 0 0 0 0 0 0 0 0 0 0 0 0 0 0 0 0 0 0 0 0 0 0 0 0 0 0 0 0 0 0 0 0 0 0 0 0 0 0 0 0 0 0 0 0 0 0 0 0 0 0
1 13 0 0 18 0 0 1 0 0 0 0 10 0 3 6 5 0 0 1 0 0 0 6 0 0 0 0 0 0 1 0 5 0 3 0 3 0 6 7 0 11 0 0 0 0 0 4 6 4 1 1 0 0 0 0 3 0 4 2 0 5 2 0 0 0 13 0 3 0 30 0 0 0 0 0 1 4 0 0 0 0 0 0 7 0 3 4 0 0 0 12 14 0 10 6 0 16 0 0 0 2 0 0 0 0 0 0 0 0 0 0 0 0 1 1 5 0 22 108 186 136 116 119 147 7 0 16 0 4 6 1 0 0 2 3 0 0 0 0 0 5 0 0 2 4 129 255 253 255 255 245 254 255 67 0 0 0 1 5 3 0 0 0 0 0 0 0 6 2 2 0 0 6 182 255 255 247 255 255 255 247 241 255 15 0 0 2 4 0 0 0 0 0 0 0 7 0 6 5 2 0 141 122 188 138 123 126 121 255 255 253 51 17 0 0 5 0 0 8 0 0 0 0 7 0 9 0 0 12 0 8 0 0 0 0 5 0 202 251 190 9 0 19 0 0 15 0 0 0 0 0 0 3 3 0 11 0 0 6 0 11 10 0 7 255 255 244 123 0 5 0 4 30 0 0 0 0 0 0 0 8 0 0 5 0 6 0 2 0 0 0 201 249 247 255 65 0 11 5 0 0 0 0 0 0 0 0 8 0 0 0 0 6 15 0 0 25 69 254 252 252 255 185 0 3 0 0 27 1 6 9 0 0 0 0 0 0 9 0 0 0 0 29 148 241 240 255 255 255 251 250 130 0 7 0 0 0 0 0 0 0 0 0 0 4 5 0 16 0 0 174 248 248 255 255 251 250 244 255 255 244 192 73 17 4 6 0 0 0 0 0 0 8 0 0 6 0 71 255 255 235 255 254 244 246 255 247 255 251 247 255 172 9 1 3 0 0 0 0 2 0 3 12 0 4 129 243 247 255 248 129 130 132 65 127 194 252 255 241 255 194 66 0 0 0 0 0 0 5 0 0 17 0 16 185 249 137 55 0 2 4 4 0 2 0 0 70 251 249 138 2 0 0 0 0 0 0 0 0 6 0 0 18 12 0 14 3 6 0 0 2 0 12 0 1 134 255 174 0 0 0 0 0 0 0 9 4 0 15 8 0 0 0 10 0 0 0 0 11 0 9 0 0 9 251 255 142 0 0 0 0 6 0 9 6 0 0 10 10 15 6 6 0 2 8 0 0 4 1 7 60 178 255 240 0 0 0 0 0 2 0 0 0 3 0 0 0 0 0 0 0 0 10 0 4 0 0 66 255 255 244 255 2 0 0 0 0 0 10 0 0 13 10 5 1 0 7 5 3 5 10 0 7 64 131 251 244 255 247 69 0 0 0 0 0 0 16 2 0 0 0 0 0 1 3 0 7 51 118 157 231 255 247 255 239 255 8 2 9 0 0 0 0 2 0 0 9 2 0 12 0 66 129 190 249 255 255 233 255 255 244 252 191 68 0 0 0 0 0 0 0 0 0 0 0 0 0 0 0 0 0 0 0 0 0 0 0 0 0 0 0 0 0 0 0 0 0 0 0 0 0 0 0 0 0 0 0 0 0 0 0 0 0 0 0 0 0 0 0 0 0 0 0 0 0 0 0 0 0 0 0 0 0 0 0 0 0 0 0 0 0 0 0 0 0 0 0 0 0 0 0 0 0 0 0 0 0 0 0 0 0 0 0 0 0 0 0 0 0 0 0 0 0 0 0 0 0 0 0 0 0 0 0
1 0 0 0 7 2 0 6 0 0 0 0 0 0 0 0 4 0 6 1 0 5 0 2 0 0 0 0 0 7 7 0 0 0 0 0 12 5 0 0 3 6 5 2 6 7 0 0 9 6 0 0 0 0 0 0 2 0 1 5 3 8 9 0 0 0 3 3 0 0 0 1 0 0 0 2 0 0 12 0 0 0 0 0 13 0 0 6 0 0 0 0 3 1 0 0 1 1 0 0 16 0 3 0 0 4 4 0 0 0 0 0 0 0 1 3 0 0 3 15 0 1 4 2 0 0 3 8 0 0 16 3 0 1 0 8 0 0 0 0 0 6 4 0 8 12 0 0 1 3 35 111 201 255 255 239 255 149 111 65 0 0 9 0 0 0 0 0 0 13 0 0 6 0 0 17 168 203 243 255 251 245 255 255 255 240 255 240 84 0 9 1 0 0 0 0 0 6 0 0 8 0 56 197 253 228 200 189 196 201 197 188 192 255 234 255 228 55 0 2 0 0 0 0 0 5 0 3 10 0 75 235 148 47 0 10 1 3 0 7 18 74 189 251 250 67 18 0 0 0 0 0 4 7 0 0 5 0 20 102 0 11 7 0 0 12 0 5 4 27 191 251 255 186 0 16 0 0 0 0 0 4 0 0 3 0 0 6 11 0 0 2 0 0 16 98 122 255 255 231 255 128 8 0 0 0 0 0 0 1 6 2 0 5 6 0 5 0 6 12 7 130 227 249 255 243 255 233 28 12 0 17 0 0 0 0 1 0 6 5 0 0 6 2 0 0 12 0 0 144 252 255 245 235 74 32 3 0 0 0 0 0 0 0 7 0 0 4 0 0 0 0 10 2 0 0 2 62 142 251 253 255 204 11 8 0 16 0 0 0 0 0 2 0 0 2 7 2 0 0 0 4 4 4 0 2 18 95 221 247 255 194 3 13 0 1 0 0 0 0 0 3 3 1 2 0 0 3 9 0 0 14 0 0 0 4 32 213 247 255 25 0 3 0 0 0 0 0 0 10 0 22 0 0 29 0 7 1 0 7 0 0 0 1 0 112 247 255 20 13 0 0 0 0 0 0 6 5 0 0 0 0 0 17 0 0 12 0 35 0 0 6 15 6 252 230 40 3 0 5 0 0 0 0 0 1 0 4 12 21 2 1 1 19 16 160 160 12 0 6 0 12 129 255 10 0 11 0 0 0 0 0 2 5 0 2 0 0 0 0 88 173 255 224 25 3 0 0 18 89 195 255 26 2 4 4 0 0 0 0 4 0 14 0 9 3 28 207 252 247 117 0 0 0 12 13 117 244 254 199 21 0 0 3 0 0 0 0 11 0 7 0 0 0 94 255 202 25 1 16 0 51 76 190 248 252 211 15 10 0 0 0 0 0 0 0 0 0 0 14 0 15 186 255 230 139 35 66 70 223 255 255 254 200 25 0 0 2 25 0 0 0 0 0 3 0 8 0 0 0 114 244 251 255 255 255 242 255 247 222 189 35 3 0 7 5 0 0 0 0 0 0 2 0 3 3 0 0 41 96 200 239 255 253 255 240 128 0 0 0 0 0 0 0 0 0 0 0 0 0 1 0 0 8 5 0 0 13 0 4 5 0 0 0 0 0 0 0 0 0 0 0 0 0 0 0 0 0 5 0 0 0 3 0 0 0 0 0 0 8 4 0 0 13 0 0 0 0 0 0 0 0 0 0 0 0 1 2 0 0 0 1 7 9 0 0 0 0 4 8 0 0 0 0 0 0 0 0 0 0 0 0 0 0
7 0 0 0 1 0 0 0 0 12 0 0 0 6 0 2 8 0 12 0 0 0 6 0 0 0 0 0 0 0 0 5 6 3 3 4 0 1 0 0 10 6 0 0 0 22 0 0 14 0 7 3 0 0 0 0 0 1 5 2 0 0 0 0 7 0 2 0 0 0 10 8 13 0 10 0 0 16 0 7 0 0 0 0 1 5 3 0 0 0 0 0 5 0 3 5 4 0 2 0 2 0 0 18 2 0 1 0 0 0 0 0 1 1 0 0 0 3 4 1 0 1 9 18 0 0 5 2 0 12 1 0 0 11 4 0 0 0 0 0 0 0 0 2 0 0 0 0 0 5 30 105 167 248 255 246 220 4 20 23 0 0 3 9 0 0 0 0 2 0 0 4 0 0 0 16 101 189 255 255 250 247 251 255 255 245 122 0 8 11 13 0 0 0 0 0 2 0 0 5 0 0 23 63 206 249 255 236 251 246 242 226 251 255 248 40 0 0 0 1 0 0 0 0 5 3 0 1 0 0 0 158 255 253 248 205 97 33 0 7 204 255 249 36 0 0 8 0 0 0 0 0 1 0 0 3 6 6 9 130 246 217 16 4 13 0 23 0 207 252 255 18 11 2 0 2 0 0 0 0 5 0 0 0 2 7 0 62 71 3 0 0 0 5 0 64 226 249 201 0 9 9 0 3 0 0 0 0 7 0 4 0 0 2 0 6 0 12 2 0 0 0 63 242 255 237 75 0 0 5 5 0 0 0 0 0 0 0 7 0 0 6 2 0 6 6 0 0 14 76 222 255 255 161 3 7 0 0 6 0 0 0 0 0 0 0 7 0 4 1 6 1 0 0 49 63 134 223 247 255 158 37 0 4 4 0 0 1 0 0 0 0 1 2 2 0 9 0 0 0 0 0 165 255 253 255 241 139 40 0 1 0 1 4 0 6 0 0 0 0 0 1 0 0 18 0 0 6 0 3 164 251 252 253 185 3 0 12 0 5 0 7 1 0 0 0 0 0 0 0 0 0 0 0 0 0 0 12 100 248 255 246 236 167 22 0 0 4 0 10 0 0 0 0 0 0 0 0 0 0 0 0 0 0 0 11 15 50 173 255 242 255 214 155 69 0 8 0 0 12 0 0 0 0 0 0 0 0 0 0 0 0 11 0 2 0 12 129 182 255 253 255 234 226 45 11 9 0 0 0 0 0 0 0 0 0 0 0 0 0 0 13 2 9 4 3 9 66 230 255 255 255 128 12 0 3 0 0 0 0 0 0 0 0 0 0 0 0 0 2 0 6 0 0 14 25 233 244 235 249 116 0 0 7 0 0 0 0 0 0 0 0 0 0 0 0 5 8 0 0 3 70 130 240 240 255 255 222 20 0 8 0 0 0 0 0 0 0 0 0 0 0 0 0 0 69 177 255 238 255 255 253 255 245 153 12 0 0 12 4 0 0 0 0 0 0 0 0 0 0 0 0 28 253 255 253 255 240 255 249 218 95 7 2 1 10 0 0 0 0 0 0 0 0 0 0 0 0 0 0 21 201 249 255 245 168 136 87 0 0 0 0 0 0 0 0 0 0 0 0 0 0 0 0 0 0 0 0 0 29 0 0 13 0 0 0 0 0 0 0 0 0 0 0 0 0 0 0 0 0 0 0 0 0 0 0 6 3 0 0 8 0 0 11 0 0 0 0 0 0 0 0 0 0 0 0 0 0 0 0 0 0 0 0 0 0 13 10 0 0 0 0 0 0 0 0 0 0 0 0 0 0 0 0
0 0 0 0 0 0 0 0 0 14 1 12 0 0 13 0 0 0 0 0 0 0 0 0 0 0 0 0 0 0 0 0 0 0 0 0 6 0 1 0 0 12 19 0 0 0 0 0 0 0 0 0 0 0 0 0 0 0 0 0 0 0 0 0 8 0 6 11 3 0 0 1 0 0 0 0 0 0 0 0 0 0 0 0 0 0 0 0 0 0 0 0 0 20 0 0 2 2 0 0 0 0 0 0 0 0 0 0 0 0 0 0 0 0 0 0 0 0 0 0 8 0 0 9 9 0 0 4 0 0 0 0 0 0 0 0 0 0 0 0 0 0 0 0 0 0 0 0 3 5 133 234 254 250 143 2 0 0 0 0 0 0 0 0 0 0 0 0 0 0 0 0 0 0 0 0 4 197 255 211 160 223 242 63 0 0 0 0 0 0 0 0 0 0 0 0 0 0 0 0 0 0 0 0 11 230 84 0 9 88 249 130 0 0 0 0 0 0 0 0 0 0 0 0 0 0 0 0 0 0 0 0 10 0 0 7 0 113 255 113 1 15 0 8 0 0 14 0 0 0 0 0 0 0 0 0 0 0 0 0 0 4 0 0 19 173 234 26 3 0 7 0 2 15 0 1 0 0 0 0 0 0 0 0 0 0 0 0 4 0 16 0 79 246 141 0 0 3 0 0 2 3 0 0 0 0 0 0 0 0 0 0 0 0 0 0 4 0 0 51 218 255 57 28 6 7 0 4 0 0 10 0 0 0 0 0 0 0 0 0 0 0 0 0 9 0 6 212 255 244 255 250 113 11 0 0 0 15 0 0 0 0 0 0 0 0 0 0 0 0 0 0 0 18 0 95 95 40 119 222 245 118 1 0 6 0 0 0 0 0 0 0 0 0 0 0 0 0 0 0 6 0 0 2 11 4 1 44 218 236 60 0 6 0 15 0 0 0 0 0 0 0 0 0 0 0 0 0 0 6 4 0 0 0 7 0 77 251 160 4 0 2 0 0 0 0 0 0 0 0 0 0 0 0 0 0 0 17 0 0 0 0 5 0 0 238 184 1 7 3 2 4 0 0 0 0 0 0 0 0 0 0 0 0 4 0 1 9 8 13 4 0 11 193 233 0 0 0 0 0 0 0 0 0 0 0 0 0 0 0 0 0 0 7 8 0 0 0 0 9 14 206 255 24 1 1 6 6 0 0 0 0 0 0 0 0 0 0 0 0 1 13 0 0 13 11 8 0 67 255 166 16 0 0 0 3 0 0 0 0 0 0 0 0 0 0 0 0 9 0 6 10 0 0 0 21 218 254 40 0 0 0 0 0 0 0 0 0 0 0 0 0 0 0 0 0 0 0 15 0 2 0 5 180 255 140 4 0 11 0 6 4 0 0 0 0 0 0 0 0 0 0 0 0 5 0 0 46 145 156 147 248 135 17 4 4 4 0 0 0 0 0 0 0 0 0 0 0 0 0 0 0 1 0 47 221 255 251 255 124 17 0 0 0 2 5 8 0 0 0 0 0 0 0 0 0 0 0 0 0 4 0 12 96 196 215 121 12 0 0 0 0 0 0 0 0 0 0 0 0 0 0 0 0 0 0 0 0 0 3 8 0 0 0 0 0 0 0 0 0 0 0 0 0 0 0 0 0 0 0 0 0 0 0 0 0 4 9 8 0 0 3 6 4 0 0 0 0 0 0 0 0 0 0 0 0 0 0 0 0 0 0 0 0 0 0 0 0 0 2 1 0 0 0 0 0 0 0 0 0 0 0 0 0
4 2 0 0 0 1 0 0 0 0 1 1 0 0 0 0 0 4 8 0 10 0 0 4 0 0 0 0 0 0 1 2 2 2 1 0 0 0 0 0 2 3 2 1 1 0 0 0 10 11 4 0 0 0 0 0 0 1 3 2 0 0 0 0 5 4 7 8 0 0 0 6 14 4 8 6 0 0 7 4 0 0 0 0 4 1 0 0 0 0 0 4 0 0 0 0 0 0 0 3 0 0 1 0 5 1 5 0 0 0 0 0 1 0 0 4 6 2 1 3 13 0 0 0 9 12 4 0 2 13 17 0 12 0 0 3 0 0 0 0 0 0 0 7 4 0 0 0 0 0 8 0 0 0 0 0 0 3 3 0 8 0 0 0 0 0 0 0 1 0 3 4 0 0 1 18 39 90 135 150 164 202 243 255 250 182 96 40 0 6 13 0 0 0 0 0 0 0 1 2 0 7 42 79 231 254 255 244 244 255 255 241 255 255 249 209 7 0 1 2 0 0 0 0 4 0 0 3 25 137 243 246 243 255 242 178 96 49 78 98 144 177 255 253 76 0 0 0 0 0 0 0 0 6 15 0 182 255 241 238 146 97 13 4 21 0 0 14 8 66 244 255 42 8 12 0 0 0 0 0 0 5 0 46 244 240 205 0 9 5 1 3 0 0 9 0 31 178 255 203 18 0 0 3 0 0 0 0 0 0 12 0 183 255 39 13 0 4 0 0 18 0 2 67 234 249 238 88 0 15 0 0 0 0 0 0 9 3 2 0 14 65 0 0 5 0 9 8 0 31 154 255 245 239 103 0 26 0 0 10 0 0 0 0 0 0 4 12 1 0 13 0 0 4 0 21 153 253 251 247 165 28 13 0 0 1 0 4 0 0 0 0 9 0 0 0 4 0 4 0 0 60 190 250 251 248 244 255 138 67 3 17 3 8 1 0 0 0 0 0 3 0 3 7 0 3 4 0 5 130 244 248 247 255 249 252 245 255 231 149 1 3 0 15 0 0 0 0 0 0 0 0 0 0 0 0 9 100 211 144 110 108 117 150 223 255 249 250 241 31 7 8 0 0 0 0 0 0 0 0 0 0 0 0 0 13 8 4 4 0 5 1 1 78 177 235 246 157 0 0 0 0 0 0 0 0 0 0 0 0 0 0 4 12 0 0 6 0 5 0 3 0 6 138 255 203 10 25 0 0 0 0 0 0 0 0 0 0 0 0 1 8 12 0 0 6 0 4 0 0 0 143 239 175 10 0 0 0 0 0 0 0 0 0 0 0 0 0 0 0 7 0 0 3 0 6 6 0 75 246 244 157 6 0 0 0 0 0 0 0 0 0 0 0 0 0 0 11 1 13 8 0 0 0 0 31 129 244 255 53 0 13 0 0 0 0 0 0 0 0 0 0 0 0 0 5 0 5 0 24 0 6 24 191 255 249 222 0 9 0 0 0 0 0 0 0 0 0 0 0 0 0 3 3 0 9 9 188 113 156 241 255 255 228 28 0 2 1 0 0 0 0 0 0 0 0 0 0 0 0 0 5 0 6 0 219 255 251 255 244 160 36 0 0 13 0 0 0 0 0 0 0 0 0 0 0 0 0 8 0 4 11 0 85 166 253 146 74 9 1 14 11 0 0 0 0 0 0 0 0 0 0 0 0 0 0 4 0 6 5 0 5 0 1 3 0 0 1 0 0 0 12 0 0 0 0 0 0 0 0 0 0 0 0 5 0 7 0 0 12 8 7 0 7 14 1 0 3 7 0 0 0 0 0
0 0 0 0 0 0 0 0 0 0 1 0 6 1 0 3 3 0 1 3 0 8 9 0 0 0 0 0 0 0 0 0 0 0 0 0 4 8 7 1 0 0 0 11 1 11 7 0 8 0 0 0 0 0 0 0 0 0 0 0 0 0 0 0 8 0 0 18 0 7 21 0 1 7 0 0 6 10 4 12 0 0 0 0 0 0 0 0 0 0 0 0 0 20 8 0 0 2 0 8 0 0 0 32 0 0 0 0 0 0 0 0 0 0 0 0 0 0 0 0 3 9 0 10 49 200 241 255 255 252 255 250 135 28 3 0 0 0 0 0 0 0 0 0 0 0 0 0 0 2 17 0 235 248 245 186 196 197 214 242 250 73 6 2 0 0 0 0 0 0 0 0 0 0 0 0 0 10 0 2 26 71 31 3 0 0 24 157 247 90 0 0 0 0 0 0 0 0 0 0 0 0 0 0 0 11 0 1 0 4 0 2 3 0 11 212 232 102 0 0 0 0 0 0 0 0 0 0 0 0 0 0 0 5 1 0 2 9 0 3 0 7 118 253 227 42 0 7 0 0 0 0 0 0 0 0 0 0 0 0 0 1 15 0 6 0 4 0 3 127 253 241 90 2 5 0 0 0 0 0 0 0 0 0 0 0 0 0 0 13 0 0 49 0 32 130 193 246 240 129 0 0 5 0 0 0 0 0 0 0 0 0 0 0 0 0 13 0 40 230 233 220 244 255 255 207 110 21 0 9 0 0 0 0 0 0 0 0 0 0 0 0 0 0 0 12 73 240 242 252 255 238 83 10 0 0 0 0 0 7 0 0 0 0 0 0 0 0 0 0 0 0 0 11 1 79 213 216 228 255 160 23 4 14 8 0 8 0 0 0 0 0 0 0 0 0 0 0 0 0 8 0 0 0 0 0 125 254 251 114 0 0 0 0 13 0 0 0 0 0 0 0 0 0 0 0 0 0 0 1 8 6 5 1 17 74 249 255 97 1 3 4 0 6 0 0 0 0 2 0 0 1 6 4 0 2 0 0 3 0 0 7 0 0 136 255 148 10 9 0 0 7 0 0 0 0 2 0 0 0 0 0 6 5 4 3 0 0 11 0 0 16 20 246 185 3 0 3 1 0 0 0 0 0 0 0 8 2 1 0 42 37 0 0 1 1 0 0 0 0 157 255 155 3 2 6 0 2 0 0 0 0 11 0 0 0 0 19 184 243 8 15 0 0 10 6 0 56 250 243 108 0 2 10 4 0 0 0 0 0 0 0 8 7 0 2 177 255 222 64 0 14 3 6 106 248 255 136 19 0 0 0 5 0 0 0 0 0 5 0 3 1 0 0 143 235 255 239 166 109 165 237 245 255 183 36 0 7 5 0 0 4 0 0 0 0 0 0 7 8 0 0 24 59 254 245 255 251 255 255 217 169 0 0 17 13 0 0 8 0 0 0 0 0 4 0 0 0 4 11 0 0 98 199 255 202 143 102 34 0 5 0 0 0 2 2 0 3 0 0 0 0 0 0 0 0 0 0 0 0 0 0 0 0 0 0 0 0 0 0 0 0 0 0 0 0 0 0 0 0 0 0 0 0 0 0 0 0 0 0 0 0 0 0 0 0 0 0 0 0 0 0 0 0 0 0 0 0 0 0 0 0 0 0 0 0 0 0 0 0 0 0 0 0 0 0 0 0 0 0 0 0 0 0 0 0 0 0 0 0 0 0 0 0 0 0 0 0 0 0 0 0 0 0 0 0 0 0 0 0 0 0 0 0
0 0 0 0 0 0 0 0 1 0 0 0 0 0 2 1 0 0 3 3 0 0 3 5 0 0 0 0 0 0 0 0 0 0 0 0 0 0 8 8 1 0 0 0 4 0 1 2 1 5 1 0 0 0 0 0 0 0 0 0 0 0 0 0 7 0 0 0 0 3 7 10 0 17 3 0 8 5 0 8 0 0 0 0 0 0 0 0 0 0 0 0 0 0 0 2 4 0 0 0 0 0 0 0 0 0 0 5 0 0 0 0 0 0 0 0 0 0 0 0 0 0 5 10 7 1 4 13 18 0 7 25 0 0 16 0 0 0 0 0 0 0 0 0 0 0 0 0 10 0 0 0 2 0 0 0 0 7 2 0 0 0 0 11 0 0 0 0 0 0 0 0 0 0 0 0 2 0 0 2 5 1 4 12 156 211 168 102 111 88 20 0 0 0 0 0 0 0 0 0 0 0 0 0 0 2 7 0 0 45 148 241 248 249 255 251 247 255 178 5 0 0 0 0 0 0 0 0 0 0 0 0 7 0 21 84 203 255 238 251 255 253 236 255 255 254 180 5 0 0 0 0 0 0 0 0 0 0 0 0 0 0 153 255 231 241 255 252 243 234 162 251 247 234 91 0 0 0 0 0 0 0 0 0 0 0 0 0 0 1 115 248 255 255 228 136 83 0 40 209 255 224 0 0 0 0 0 0 0 0 0 0 0 0 0 0 2 0 0 77 128 59 15 21 0 20 213 255 247 7 14 4 0 0 0 0 0 0 0 0 0 0 0 0 0 27 1 0 0 5 7 0 75 185 255 213 89 5 13 0 0 0 0 0 0 0 0 0 0 0 0 0 5 0 0 9 4 0 13 91 240 247 254 41 11 12 0 5 0 0 0 0 0 0 0 0 0 0 0 0 0 1 0 36 124 161 176 242 255 207 60 0 0 0 0 9 0 0 0 0 0 0 0 0 0 0 0 0 0 99 211 241 254 255 240 255 255 155 4 6 0 3 5 0 0 0 0 0 7 0 5 0 4 0 16 0 133 251 255 241 252 250 255 255 245 238 57 1 0 4 0 3 0 0 0 0 0 20 0 0 0 23 0 5 64 208 250 200 164 141 165 223 255 240 62 11 0 0 6 1 0 0 0 0 3 2 8 0 0 0 8 15 1 20 7 0 3 0 11 132 253 255 76 9 0 0 4 2 0 0 0 0 0 0 0 25 0 0 0 0 0 11 2 0 11 4 0 60 242 255 73 0 11 0 0 2 0 0 0 0 4 7 0 29 134 29 21 0 0 0 0 2 0 0 59 241 255 195 31 0 8 0 0 0 0 0 0 0 0 15 0 185 255 198 66 0 0 11 14 0 8 68 158 252 241 75 0 10 0 0 14 0 0 0 0 0 11 0 17 142 246 255 244 227 145 113 93 128 181 232 255 255 133 0 0 11 0 0 10 0 0 0 0 0 0 0 4 2 76 93 93 184 196 208 198 195 191 204 185 85 7 0 15 0 0 11 0 3 0 0 0 0 0 0 0 0 0 0 0 0 0 0 0 0 0 0 0 0 0 0 0 0 0 0 0 0 0 0 0 0 0 0 0 0 0 0 0 0 0 0 0 0 0 0 0 0 0 0 0 0 0 0 0 0 0 0 0 0 0 0 0 0 0 0 0 0 0 0 0 0 0 0 0 0 0 0 0 0 0 0 0 0 0 0 0 0 0 0 0 0 0 0 0 0 0 0 0 0 0 0 0 0 0 0 0 0 0 0 0 0 0 0 0 0
2 0 1 3 7 1 0 5 0 9 0 0 8 0 7 0 0 18 0 0 0 8 0 2 0 0 0 0 5 0 0 0 0 9 7 4 10 7 6 0 2 0 0 0 0 0 0 11 4 0 0 6 0 0 0 0 0 0 0 2 0 1 6 0 0 0 8 0 5 8 0 15 7 0 4 5 0 0 5 0 0 0 0 0 0 0 0 16 3 0 2 0 0 0 7 7 5 4 0 0 0 0 9 0 0 4 20 0 0 0 0 0 3 0 0 1 0 0 6 5 0 14 0 5 0 0 0 15 1 0 9 10 23 0 0 0 0 0 0 0 0 3 4 0 0 10 0 0 35 114 151 240 255 255 255 245 255 255 215 71 0 0 18 0 0 0 0 0 0 0 11 0 5 5 0 62 216 244 251 244 249 249 254 252 255 241 255 245 86 0 0 16 0 0 0 0 15 0 7 0 3 0 12 186 210 191 183 87 80 63 68 72 70 122 248 255 63 0 11 0 0 0 0 0 1 0 0 0 0 2 6 9 21 0 11 0 0 0 5 0 0 45 248 244 83 3 0 4 0 0 0 0 1 0 0 0 0 1 5 7 0 3 0 16 0 8 0 0 12 164 253 244 22 0 1 3 0 0 0 0 0 0 0 0 0 1 2 3 0 2 0 1 4 0 18 20 151 242 252 22 22 15 0 0 0 0 0 0 0 0 1 1 1 0 0 0 2 7 6 23 54 49 174 249 255 255 135 0 10 0 0 2 0 0 0 0 0 0 1 1 1 0 0 0 0 0 2 166 254 255 248 252 252 124 0 28 0 0 0 11 0 0 0 0 0 0 0 0 0 0 0 0 4 2 21 152 245 242 243 255 255 64 9 0 9 11 1 0 0 0 0 0 0 0 0 0 0 0 0 0 11 0 0 23 126 136 181 225 250 239 142 13 0 0 10 0 0 0 0 0 0 0 0 0 0 0 0 1 0 8 0 1 0 2 0 44 208 236 255 56 1 0 2 3 0 0 0 0 0 0 2 5 0 6 0 6 0 2 2 0 0 0 0 8 9 103 249 252 30 2 0 10 0 0 0 0 4 0 0 1 0 0 29 0 5 6 4 2 6 8 0 0 0 35 237 241 94 26 0 0 0 0 0 0 0 6 0 4 31 61 48 12 0 0 0 0 0 0 10 11 3 0 123 255 187 2 0 0 0 0 0 0 5 0 7 0 33 255 216 58 13 0 0 15 11 0 0 0 0 57 249 250 179 0 9 5 0 0 0 0 0 0 4 3 47 243 233 247 111 34 0 0 3 2 0 1 0 161 255 243 77 0 0 0 0 0 0 0 15 0 0 0 0 107 241 255 255 168 58 4 0 0 16 52 142 255 223 200 35 11 13 7 0 0 0 0 0 0 0 13 7 0 122 248 249 255 222 185 186 186 200 244 247 247 218 30 0 0 0 0 0 0 0 0 4 0 4 7 0 5 15 51 173 249 255 243 255 255 241 255 251 166 25 0 7 4 0 12 0 0 0 0 0 0 0 0 0 0 0 0 7 16 153 230 158 138 137 49 13 10 5 0 0 0 0 1 0 0 0 0 0 0 0 0 0 0 0 0 0 0 10 11 0 0 7 9 6 4 1 0 0 0 0 2 0 0 0 0 0 0 0 0 0 0 0 0 0 15 0 0 8 0 0 3 0 0 0 0 0 0 0 1 0 0 0 0 0 0 0 0 0 0 0 0 0 0 0 5 1 5 5 0 0 0 0 0 0 0 0 0 0 0 0 0
0 0 0 0 0 0 0 0 0 7 10 1 0 0 0 0 2 0 13 0 0 10 0 0 0 0 0 0 0 0 0 0 0 0 0 0 7 0 0 0 5 1 0 8 0 0 0 13 2 0 0 2 0 0 0 0 0 0 0 0 0 0 0 0 4 7 5 0 0 4 0 0 10 6 0 8 3 0 10 0 0 0 0 0 0 0 0 0 0 0 0 0 0 0 0 5 3 0 0 7 0 3 0 0 0 0 12 0 0 0 0 0 0 0 0 0 0 0 0 0 0 11 12 0 0 6 7 0 0 0 9 4 0 2 0 2 0 0 0 0 0 0 0 0 0 0 0 0 12 0 0 72 187 246 200 121 120 25 0 0 5 8 0 7 0 0 0 0 0 0 0 0 0 0 0 0 0 9 103 228 255 249 236 255 249 100 0 0 8 5 0 2 0 0 0 0 0 0 0 0 0 0 0 0 0 112 225 255 250 252 255 248 255 147 20 3 3 0 4 0 0 0 0 0 0 0 0 0 0 0 0 0 14 215 233 96 113 166 218 250 243 134 1 0 4 0 0 11 0 0 0 0 0 0 0 0 0 0 0 0 68 151 46 0 6 1 83 255 252 89 0 3 0 0 19 0 0 0 0 0 0 0 0 0 0 0 0 0 0 0 11 0 0 0 2 230 226 55 0 0 8 0 3 0 0 0 0 0 0 0 0 0 0 0 0 0 14 0 1 10 0 0 120 253 166 2 12 0 8 7 0 14 0 0 0 0 0 0 0 0 0 0 0 0 0 9 4 0 11 104 247 238 152 0 0 15 0 4 0 0 0 0 0 0 0 0 0 0 0 0 0 0 0 0 0 16 94 240 255 255 217 110 6 0 0 0 22 0 0 0 0 0 0 0 0 0 0 0 0 0 8 2 28 200 255 235 246 249 255 244 118 0 10 0 10 3 0 0 0 0 0 0 0 0 0 0 0 0 5 0 169 255 255 255 255 250 243 255 255 56 8 0 3 0 0 0 0 0 0 0 0 0 0 0 0 0 1 48 240 243 133 94 131 249 241 255 241 64 0 7 0 7 0 0 0 0 0 0 0 0 0 0 0 0 0 7 89 46 0 0 22 190 255 255 252 75 1 0 7 0 0 0 0 0 0 0 0 0 0 0 0 0 0 7 7 0 0 11 0 18 220 245 223 39 0 0 19 0 0 0 0 0 0 0 0 0 0 0 0 0 4 0 7 51 144 26 19 0 221 255 183 5 2 0 0 1 0 0 0 0 0 0 0 0 0 0 0 0 2 18 35 227 254 208 51 19 244 211 88 0 1 6 0 4 0 0 0 0 0 0 0 0 0 0 0 0 0 0 197 255 249 255 248 223 252 90 0 0 0 9 0 1 0 0 0 0 0 0 0 0 0 0 0 0 31 0 154 220 254 249 255 238 234 38 0 17 0 6 0 0 0 0 0 0 0 0 0 0 0 0 0 0 0 6 0 29 252 254 253 250 149 9 7 0 0 3 0 8 0 0 0 0 0 0 0 0 0 0 0 0 0 15 0 0 103 235 201 67 0 0 0 0 0 0 0 0 0 0 0 0 0 0 0 0 0 0 0 0 0 0 0 0 0 0 0 0 0 0 0 0 0 0 0 0 0 0 0 0 0 0 0 0 0 0 0 0 16 4 2 9 7 0 0 6 0 0 0 0 0 0 0 0 0 0 0 0 0 0 0 0 0 0 0 0 0 0 0 0 0 5 6 0 0 0 0 0 0 0 0 0 0 0 0 0
0 0 0 0 0 0 0 0 2 1 0 12 5 1 0 8 7 0 14 0 0 0 4 0 0 0 0 0 0 0 0 0 0 0 0 0 0 15 10 0 0 4 5 10 0 0 0 0 15 0 0 0 0 0 0 0 0 0 0 0 0 0 0 0 10 0 0 10 13 6 0 0 0 18 0 0 8 0 0 4 0 0 0 0 0 0 0 0 0 0 0 0 0 2 7 0 0 0 9 5 0 4 12 0 0 0 4 1 0 0 0 0 0 0 0 0 0 0 0 0 12 1 4 1 0 0 1 0 23 0 5 0 0 0 7 0 0 0 0 0 0 0 0 0 0 0 0 0 1 0 61 188 255 252 254 254 159 31 0 0 8 0 1 0 0 0 0 0 0 0 0 0 0 0 0 0 0 39 168 255 255 234 250 255 255 150 0 1 3 0 0 0 0 0 0 0 0 0 0 0 0 0 0 0 0 0 90 172 159 101 167 250 242 211 0 1 0 3 6 0 0 0 0 0 0 0 0 0 0 0 0 0 7 0 0 11 0 0 148 245 251 97 6 0 0 9 0 0 0 0 0 0 0 0 0 0 0 0 0 0 0 4 0 0 4 64 244 254 251 28 0 0 12 0 0 8 0 0 0 0 0 0 0 0 0 0 0 0 1 0 0 7 1 115 255 255 130 0 18 0 8 0 4 0 0 0 0 0 0 0 0 0 0 0 0 0 0 0 0 0 29 242 255 243 243 181 10 6 6 0 0 1 0 0 0 0 0 0 0 0 0 0 0 0 3 0 1 9 103 255 241 255 250 230 248 24 5 4 0 5 0 0 0 0 0 0 0 0 0 0 0 0 2 0 4 5 161 243 249 239 241 255 238 200 6 0 7 2 0 0 0 0 0 0 0 0 0 0 0 0 0 15 4 0 116 230 208 106 24 170 255 255 0 0 13 0 0 0 0 0 0 0 0 0 0 0 0 0 3 0 10 2 7 54 0 0 11 158 249 252 0 9 0 5 0 0 0 0 0 0 0 0 0 0 0 0 0 13 0 0 2 0 10 0 10 203 255 101 0 3 2 2 0 0 0 0 0 0 0 0 0 0 0 0 12 0 5 1 7 24 0 4 157 250 231 34 0 10 0 0 0 0 0 0 0 0 0 0 0 0 0 0 0 0 0 0 0 0 0 158 242 255 142 0 0 0 0 1 0 0 0 0 0 0 0 0 0 0 0 0 4 15 0 4 1 0 74 240 255 233 34 4 0 0 2 1 0 0 0 0 0 0 0 0 0 0 0 0 81 1 2 2 0 69 227 255 255 144 0 5 0 3 0 0 0 0 0 0 0 0 0 0 0 0 0 0 216 54 27 32 91 203 255 236 144 15 4 0 3 7 0 3 0 0 0 0 0 0 0 0 0 0 0 0 218 250 255 250 255 255 234 214 16 0 14 0 4 0 0 6 0 0 0 0 0 0 0 0 0 0 0 0 106 255 245 251 255 252 181 21 0 16 0 0 0 0 10 0 0 0 0 0 0 0 0 0 0 0 0 0 2 136 238 255 235 117 11 0 0 0 0 0 0 0 0 0 0 0 0 0 0 0 0 0 0 0 0 0 0 13 0 0 6 0 0 10 0 0 0 0 0 0 0 0 0 0 0 0 0 0 0 0 0 0 0 0 1 6 0 0 9 6 0 0 0 0 0 0 0 0 0 0 0 0 0 0 0 0 0 0 0 0 0 0 0 0 5 2 0 0 2 8 0 0 0 0 0 0 0 0 0 0 0 0
0 0 0 0 0 0 0 0 0 11 1 0 0 0 0 5 0 3 0 1 0 0 10 0 0 0 0 0 0 0 0 0 0 0 0 0 0 0 2 4 0 6 9 0 10 4 0 2 2 0 1 0 0 0 0 0 0 0 0 0 0 0 0 0 3 5 1 0 4 0 0 5 0 0 2 0 3 0 0 0 0 0 0 0 0 0 0 0 0 0 0 0 0 0 0 0 17 0 0 1 0 0 13 0 0 3 0 1 0 0 0 0 0 0 0 0 0 0 0 0 5 36 163 232 244 253 255 189 61 0 8 0 3 1 0 8 0 0 0 0 0 0 0 0 0 0 0 0 0 150 255 244 255 242 247 255 174 1 0 0 13 0 0 8 0 0 0 0 0 0 0 0 0 0 0 0 0 69 231 233 148 131 232 232 223 3 0 0 9 0 0 3 0 0 0 0 0 0 0 0 0 0 0 0 1 0 17 0 0 6 149 255 204 0 11 0 0 5 5 0 0 0 0 0 0 0 0 0 0 0 0 0 0 3 0 0 0 41 255 255 126 0 16 0 0 4 0 9 0 0 0 0 0 0 0 0 0 0 0 0 11 0 1 7 0 90 229 255 9 3 0 12 0 12 15 0 0 0 0 0 0 0 0 0 0 0 0 0 0 0 0 0 24 244 255 247 54 0 8 0 8 0 0 17 0 0 0 0 0 0 0 0 0 0 0 0 11 0 8 24 59 255 243 255 204 114 9 0 0 14 0 8 0 0 0 0 0 0 0 0 0 0 0 0 0 0 0 0 72 255 255 245 255 242 231 49 0 23 0 0 0 0 0 0 0 0 0 0 0 0 0 0 0 15 5 0 86 255 247 142 119 255 246 244 33 0 0 5 0 0 0 0 0 0 0 0 0 0 0 0 1 0 5 5 18 46 40 0 6 38 175 255 136 0 0 14 0 0 0 0 0 0 0 0 0 0 0 0 10 0 3 6 0 3 9 0 0 6 199 249 152 4 8 0 0 0 0 0 0 0 4 3 0 0 2 2 2 0 11 3 0 6 0 0 0 159 255 255 142 14 2 0 0 0 0 0 1 0 0 1 8 5 0 0 0 6 0 0 11 0 0 9 128 240 241 240 129 0 0 0 0 0 0 0 2 2 0 0 9 0 0 10 3 2 25 0 14 22 0 161 254 245 255 155 3 0 16 2 0 0 0 0 0 9 2 0 3 0 3 57 23 0 2 14 14 73 182 255 239 255 185 51 2 0 0 0 0 0 0 0 0 8 4 0 4 0 18 79 206 99 0 62 210 247 255 251 254 189 65 0 13 3 0 4 0 0 0 0 0 4 0 0 5 0 4 35 215 246 255 255 254 255 255 252 180 24 6 0 0 5 3 9 0 0 0 0 7 1 0 0 0 0 0 0 88 251 253 239 255 255 209 62 0 11 0 8 21 0 6 0 0 0 0 0 3 0 0 2 0 5 9 2 1 38 203 255 176 69 16 0 0 4 0 0 1 0 0 7 0 0 0 0 0 0 0 0 0 0 0 0 0 0 0 0 0 0 0 0 0 0 0 0 0 0 0 0 0 0 0 0 0 0 0 0 0 0 0 0 0 0 0 0 0 0 0 0 0 0 0 0 0 0 0 0 0 0 0 0 0 0 0 0 0 0 0 0 0 0 0 0 0 0 0 0 0 0 0 0 0 0 0 0 0 0 0 0 0 0 0 0 0 0 0 0 0 0 0 0 0 0 0 0 0 0 0 0 0 0 0 0 0 0 0 0
4 0 0 5 0 0 0 0 4 0 0 0 0 3 7 0 2 0 0 4 1 0 7 0 0 0 0 0 0 2 2 0 0 1 1 0 0 0 0 18 7 0 0 13 0 7 5 0 0 0 0 0 0 0 0 0 0 7 0 0 0 1 0 0 14 4 0 0 0 0 0 0 0 0 0 0 9 13 2 0 0 0 0 0 0 5 0 0 2 4 0 3 0 6 13 0 0 9 8 2 18 13 4 0 0 1 0 5 0 0 0 0 0 0 2 6 7 0 0 0 11 4 0 0 9 0 0 0 0 0 5 3 0 0 0 13 0 0 0 0 0 0 3 3 0 0 3 2 0 7 0 0 9 10 0 1 10 0 6 7 3 12 0 4 0 0 0 0 2 0 3 0 0 41 104 105 135 227 255 255 248 249 248 255 172 118 104 39 0 0 0 0 0 0 0 0 3 0 8 0 4 125 244 255 248 255 249 239 255 255 244 254 255 243 255 146 13 0 3 0 0 0 0 0 0 5 6 0 3 60 155 231 251 254 253 255 246 241 255 255 246 255 250 240 17 4 0 0 0 0 0 0 0 0 4 3 0 0 6 12 93 116 140 131 113 160 224 239 252 255 247 121 0 2 0 15 0 0 0 0 8 0 0 0 0 1 0 0 2 9 0 4 0 23 215 255 255 229 234 26 5 0 17 0 0 0 0 0 0 0 0 2 4 6 6 6 0 0 0 0 25 215 255 248 255 244 107 4 0 8 12 0 0 0 0 0 0 0 5 3 0 0 0 0 11 0 43 174 254 234 252 240 242 229 35 0 0 23 0 0 0 0 0 0 7 2 0 0 0 2 8 12 3 96 231 230 255 252 243 255 255 249 238 131 6 0 6 19 0 0 0 0 0 0 0 4 9 7 0 0 22 255 251 255 230 255 253 238 253 244 249 213 31 14 3 0 0 0 0 0 0 0 0 0 0 0 0 0 34 242 255 249 255 104 102 107 107 235 255 252 159 11 0 10 0 0 0 0 0 0 0 0 0 0 0 0 22 148 150 39 9 0 1 0 0 79 246 253 172 0 0 4 0 0 0 0 0 0 0 0 0 0 0 0 5 0 4 0 0 0 14 2 13 91 246 255 161 1 0 4 0 0 0 0 0 0 0 0 0 0 0 0 0 0 9 2 12 3 0 0 0 162 255 253 148 0 12 0 0 0 0 0 0 0 0 0 0 0 0 0 6 0 9 0 0 5 11 0 7 236 245 251 165 0 14 0 0 0 0 0 0 0 0 0 0 0 0 0 0 9 1 0 12 4 0 25 139 250 243 255 159 0 0 1 0 0 0 0 0 0 0 0 0 0 0 0 0 33 28 24 3 0 11 41 253 243 255 223 71 0 0 9 0 0 0 0 0 0 0 0 0 0 0 0 32 169 255 225 52 77 234 252 255 241 247 117 0 0 2 5 0 0 0 0 0 0 0 0 0 0 0 0 31 254 255 244 250 242 247 253 246 232 133 18 4 0 1 0 0 0 0 0 0 0 0 0 0 0 0 0 30 217 255 230 255 255 239 255 198 76 0 0 10 0 0 7 0 0 0 0 0 0 0 0 0 0 0 0 3 64 222 255 225 237 224 94 3 0 0 6 4 1 1 0 0 0 0 0 0 0 0 0 0 0 0 0 0 0 2 0 0 12 15 0 0 0 6 0 0 0 8 0 0 0 0 0 0 0 0 0 0 0 0 0 3 12 0 0 7 0 0 5 14 0 0 2 3 3 2 0 0 0 0 0
0 0 0 0 0 0 0 0 0 0 0 10 0 0 4 0 0 4 2 1 0 2 10 0 0 0 0 0 0 0 0 0 0 0 0 0 0 20 5 0 3 0 0 7 5 0 0 6 6 0 0 0 0 0 0 0 0 0 0 0 0 0 0 0 0 0 0 0 6 6 0 0 5 1 3 0 1 0 0 3 0 0 0 0 0 0 0 0 0 0 0 0 6 0 4 5 5 0 2 6 0 0 13 0 0 0 6 2 0 0 0 0 0 0 0 0 0 0 0 0 1 2 7 0 9 0 0 0 26 0 8 0 5 5 6 0 0 0 0 0 0 0 0 0 0 0 0 0 47 108 106 120 247 255 255 255 171 23 0 0 8 0 1 0 0 0 0 0 0 0 0 0 0 0 0 0 233 255 242 236 255 236 255 243 255 44 0 0 3 0 3 2 0 0 0 0 0 0 0 0 0 0 0 0 218 205 222 222 142 68 214 249 236 22 3 7 6 0 9 0 0 0 0 0 0 0 0 0 0 0 0 0 0 0 9 0 2 0 177 255 144 3 8 0 1 0 9 5 0 0 0 0 0 0 0 0 0 0 0 0 13 0 9 4 0 36 220 245 94 0 0 0 13 0 0 0 0 0 0 0 0 0 0 0 0 0 0 0 0 0 0 20 18 207 255 250 0 0 10 0 7 6 3 0 0 0 0 0 0 0 0 0 0 0 0 0 7 10 2 0 130 255 233 138 13 5 0 1 1 0 0 4 0 0 0 0 0 0 0 0 0 0 0 0 0 17 6 137 255 249 142 0 0 0 3 14 0 0 8 0 0 0 0 0 0 0 0 0 0 0 0 0 0 0 47 255 246 222 37 0 16 0 5 7 0 1 12 0 0 0 0 0 0 0 0 0 0 0 0 0 19 54 164 250 251 255 199 233 218 91 24 0 14 0 0 5 0 0 0 0 0 0 0 0 0 0 0 0 3 234 244 255 248 242 255 242 251 247 190 9 0 15 4 0 0 0 0 0 0 0 0 0 0 0 0 0 113 245 255 255 237 145 108 113 254 237 255 114 3 0 0 1 0 0 0 0 0 0 0 0 0 0 0 0 61 162 108 0 14 0 0 0 0 245 242 100 4 0 0 1 0 0 0 0 0 0 0 0 0 0 0 0 0 4 4 0 13 0 0 7 33 216 251 110 0 7 0 5 0 0 0 0 0 0 0 0 0 0 0 0 8 0 0 11 0 4 0 0 215 251 249 111 4 0 17 0 0 0 0 0 0 0 0 0 0 0 0 0 0 16 1 0 3 0 5 93 249 249 233 37 0 23 0 4 0 0 0 0 0 0 0 0 0 0 0 0 0 0 7 8 0 0 83 181 251 214 52 9 4 0 0 5 0 0 0 0 0 0 0 0 0 0 0 0 13 0 16 69 6 110 247 253 222 69 0 4 2 0 0 10 0 0 0 0 0 0 0 0 0 0 0 0 4 0 31 255 177 242 244 217 43 0 14 0 0 3 4 0 0 0 0 0 0 0 0 0 0 0 0 0 8 0 17 125 243 254 132 0 0 0 0 0 0 0 0 0 0 0 0 0 0 0 0 0 0 0 0 0 0 0 0 0 1 6 3 0 0 0 0 0 0 0 0 0 0 0 0 0 0 0 0 0 0 0 0 0 0 4 4 0 0 0 2 5 0 0 0 0 0 0 0 0 0 0 0 0 0 0 0 0 0 0 0 0 0 0 4 6 3 0 0 0 0 0 0 0 0 0 0 0 0 0 0 0
0 0 0 0 0 0 0 0 0 25 0 0 4 8 0 3 0 0 0 0 12 0 0 0 0 0 0 0 0 0 0 0 0 0 0 0 18 0 7 0 8 0 0 5 4 0 0 14 0 21 0 6 0 0 0 0 0 0 0 0 0 0 0 0 5 0 0 3 0 0 0 10 0 0 26 0 6 0 0 3 0 0 0 0 0 0 0 0 0 0 0 0 0 14 8 0 13 0 0 0 0 28 0 0 4 2 0 5 0 0 0 0 0 0 0 0 0 0 0 0 0 7 0 28 0 0 11 14 0 0 0 8 0 8 0 8 0 0 0 0 0 0 0 0 0 0 0 0 0 3 12 0 0 18 4 214 173 18 35 0 0 0 4 0 0 0 0 0 0 0 0 0 0 0 0 0 6 0 0 0 12 0 253 255 255 234 253 255 98 10 0 12 0 0 0 0 0 0 0 0 0 0 0 0 2 0 6 0 0 201 246 255 246 255 219 255 193 0 3 0 0 0 0 0 0 0 0 0 0 0 0 0 8 0 0 0 3 230 255 193 104 2 31 228 171 0 0 16 0 0 0 0 0 0 0 0 0 0 0 0 0 0 0 1 0 114 108 5 4 44 215 255 60 7 0 0 0 0 0 0 0 0 0 0 0 0 0 0 10 1 8 0 0 0 8 0 0 188 255 177 11 0 15 1 0 0 0 0 0 0 0 0 0 0 0 0 9 0 0 5 7 14 0 0 184 255 221 14 36 0 0 9 0 0 0 0 0 0 0 0 0 0 0 0 0 12 5 2 0 63 171 255 245 254 70 10 0 0 7 0 0 0 0 0 0 0 0 0 0 0 0 0 7 0 0 128 197 237 255 237 255 239 225 9 0 11 0 0 0 0 0 0 0 0 0 0 0 0 0 0 0 8 124 254 255 247 255 237 88 250 246 0 0 0 0 6 0 0 0 0 0 0 0 0 0 0 0 0 1 2 210 252 255 255 128 0 0 244 243 1 3 3 0 0 0 0 0 0 0 0 11 0 0 0 8 0 11 0 61 167 105 5 14 0 52 255 181 0 17 0 0 6 0 0 0 0 0 3 4 0 0 5 6 0 0 18 0 1 23 0 0 22 193 255 87 0 0 0 3 0 0 0 0 0 0 0 0 4 4 0 0 15 0 0 8 8 0 6 13 154 255 184 8 10 0 0 2 0 0 0 0 0 3 0 0 0 7 0 0 0 25 0 0 0 8 27 198 255 209 47 0 0 0 0 0 4 0 0 0 0 0 0 7 0 16 10 13 0 0 0 0 11 84 223 255 254 72 0 6 0 8 0 0 0 0 0 0 0 2 0 8 3 0 0 1 7 17 10 19 207 247 255 205 4 0 2 0 2 2 0 9 0 0 0 0 0 11 0 0 12 0 10 58 86 158 198 255 243 255 92 5 8 0 16 0 7 0 0 9 0 0 0 0 0 0 8 0 5 7 196 255 247 255 255 223 140 2 4 5 0 6 0 2 2 0 0 0 4 0 0 0 0 0 3 0 0 10 255 240 255 255 184 16 0 0 0 20 0 0 0 0 0 0 0 0 0 0 0 0 0 12 0 7 2 0 16 0 0 3 17 0 19 9 0 4 0 0 0 0 0 0 0 0 0 0 0 0 0 0 0 4 0 5 0 15 9 0 0 0 6 0 0 2 7 0 0 0 0 0 0 0 0 0 0 0 0 0 12 0 0 0 0 12 0 20 4 0 0 0 5 0 1 0 0 0 0 0 0 0 0 0 0 0 0
1 0 0 0 0 0 0 0 4 0 0 0 1 1 1 2 7 0 0 7 1 0 5 0 0 0 0 0 0 0 0 0 0 0 1 1 0 0 0 0 0 1 2 3 4 3 1 0 5 0 5 6 0 0 0 0 0 0 0 1 1 1 1 1 5 4 3 4 5 2 0 0 0 6 0 0 5 3 0 3 0 0 0 0 0 0 0 0 1 0 0 0 0 1 6 0 0 0 4 14 0 6 0 10 0 13 0 5 0 0 0 0 0 0 0 0 0 0 0 0 3 4 2 1 5 7 0 0 7 0 0 5 0 12 2 0 0 0 0 0 1 0 0 0 0 0 0 0 0 5 4 0 3 50 114 158 146 162 243 177 97 0 0 7 0 0 0 0 2 0 0 0 0 1 4 6 0 8 39 104 191 253 255 239 246 238 255 249 242 136 20 0 0 0 0 0 1 0 0 0 0 5 10 13 137 191 245 255 250 245 250 255 253 255 236 255 252 179 0 0 0 0 0 0 0 7 11 0 21 77 145 255 253 250 243 255 248 255 251 200 190 191 254 253 247 190 6 0 0 0 0 0 0 0 0 0 176 255 252 245 255 238 255 236 124 40 48 0 0 94 239 254 255 195 0 11 0 0 0 0 10 0 0 50 229 246 255 246 230 198 91 49 4 5 2 24 140 255 246 247 255 42 11 0 0 0 0 0 1 19 0 22 243 255 239 194 67 4 0 0 4 15 148 223 250 252 255 255 99 10 7 0 0 0 0 0 0 11 3 13 139 246 205 4 0 14 0 43 110 245 255 240 255 234 241 85 2 0 0 11 0 0 0 0 11 0 3 3 0 106 195 143 3 0 5 96 255 248 239 255 255 255 53 7 4 11 0 0 0 0 0 0 0 6 0 0 9 0 11 129 5 0 12 162 242 255 248 253 249 251 242 226 114 0 5 3 0 0 0 0 13 0 9 12 0 3 0 1 0 3 3 94 219 218 211 249 250 255 254 255 237 95 3 0 0 0 0 0 0 1 2 6 1 0 7 0 0 8 2 0 2 0 8 53 67 55 134 254 255 156 13 0 0 0 0 0 11 2 0 0 0 0 0 30 7 0 0 3 0 0 3 3 0 25 43 244 243 191 0 3 0 0 0 0 0 2 9 0 1 7 78 241 21 19 0 0 9 3 0 0 6 0 135 255 255 197 0 9 0 0 0 0 1 0 4 0 11 2 60 255 196 44 0 15 1 0 0 0 11 3 255 255 242 102 3 0 0 0 0 0 6 0 4 0 4 0 46 251 255 212 109 17 1 14 9 0 5 160 251 255 163 9 0 2 0 0 0 0 0 1 7 0 0 0 68 240 255 236 250 246 175 119 98 76 126 255 254 234 60 0 0 7 0 0 0 0 8 0 0 0 5 0 6 53 230 255 255 244 255 255 250 255 246 255 245 121 0 8 0 0 0 0 0 0 0 0 0 10 0 0 4 7 19 147 249 255 247 246 251 255 250 246 177 14 1 8 0 8 0 0 0 0 0 0 0 0 0 0 0 0 0 1 38 109 192 249 255 255 220 109 9 0 5 2 0 6 0 0 0 0 0 0 0 0 0 0 0 0 9 5 2 2 3 1 0 0 13 0 0 4 6 0 0 1 0 0 0 0 0 0 0 0 0 0 0 0 0 0 2 0 0 0 3 11 0 0 1 0 0 0 2 3 0 0 0 0 0 0 0 0 0 0 0 0 4 2 1 0 0 0 0 0 6 6 1 0 3 11 5 0 0 0 0 0
0 0 0 0 0 0 0 1 0 0 0 2 2 0 0 0 0 2 4 0 3 0 2 1 0 0 0 0 0 0 0 0 0 0 0 0 9 5 1 0 0 0 1 4 3 19 0 18 0 12 0 5 0 0 0 0 0 0 0 0 0 0 0 0 0 0 0 1 4 3 0 0 0 0 0 0 9 0 1 0 0 0 0 0 0 0 1 1 1 0 0 0 0 1 1 0 0 4 4 0 2 12 13 4 0 0 0 3 0 0 0 0 0 0 1 1 1 0 0 0 0 7 6 0 0 0 0 0 13 0 0 0 13 0 0 13 0 0 0 0 0 0 0 0 0 1 2 3 0 0 0 0 14 70 122 147 129 139 250 234 211 50 0 0 0 0 0 0 1 0 0 0 0 1 5 7 3 55 112 151 190 233 255 255 255 242 242 255 244 198 36 0 0 0 0 0 1 0 0 0 0 2 6 9 204 238 255 251 245 255 255 250 249 255 255 244 250 255 113 10 0 0 0 0 3 0 0 3 3 7 0 188 248 250 253 255 245 255 229 177 182 191 138 244 255 255 208 0 0 0 0 0 0 5 2 2 0 0 10 188 255 255 245 255 165 35 27 6 0 6 125 251 254 224 107 5 0 0 0 0 0 4 0 4 0 2 0 88 129 255 249 103 27 0 14 0 4 77 255 240 255 255 13 0 0 0 0 0 6 4 0 6 7 9 0 0 0 0 21 0 0 7 1 0 127 240 253 255 255 106 0 0 0 0 0 0 1 8 0 5 0 0 4 0 10 7 2 3 7 0 0 143 241 255 238 231 152 0 20 4 0 0 0 0 0 3 2 4 0 0 9 6 0 0 0 36 43 122 208 240 255 242 244 59 0 0 0 0 0 0 0 0 2 0 0 3 3 4 0 0 11 0 65 214 255 246 246 255 252 252 203 9 0 0 5 10 0 0 0 0 8 0 4 0 3 3 0 5 0 0 177 253 249 255 255 245 254 246 249 56 2 0 4 0 0 0 0 0 1 0 0 0 4 5 0 0 0 53 255 253 248 249 249 207 206 254 251 111 19 0 1 0 0 0 0 0 2 1 2 10 4 0 4 2 4 19 182 255 255 160 55 16 12 252 255 218 9 8 0 14 0 0 0 0 0 15 0 195 179 38 0 7 0 3 14 0 6 12 0 0 26 214 250 251 134 0 0 0 0 0 0 0 0 0 15 251 235 255 146 34 4 0 0 0 1 0 7 18 118 252 255 231 95 1 3 0 0 0 0 0 7 9 5 233 255 255 239 243 120 36 0 0 15 0 4 0 201 255 255 167 0 4 0 11 0 0 0 0 0 0 5 32 144 252 240 255 255 223 179 82 45 75 175 188 255 233 246 77 3 0 3 0 0 0 0 0 11 0 12 5 8 126 250 235 255 248 247 244 253 255 251 245 253 247 171 27 0 11 8 0 0 0 0 0 5 6 0 5 0 5 18 142 242 255 253 254 255 255 230 255 246 188 15 0 10 0 0 7 0 0 0 0 0 0 0 0 0 0 0 0 13 90 189 248 255 248 249 255 62 23 0 0 4 0 0 3 0 0 0 0 0 0 0 0 0 0 0 0 0 0 4 5 1 0 4 8 15 0 0 0 4 0 0 3 0 0 0 0 0 0 0 0 0 0 0 0 7 0 0 0 0 0 0 0 0 0 0 1 2 0 0 1 0 0 0 0 0 0 0 0 0 0 0 0 1 0 0 0 3 7 10 12 0 4 4 0 0 0 1 2 0 0 0 0
0 0 0 0 0 0 0 0 0 9 0 4 0 17 0 3 2 0 8 0 0 0 6 0 0 0 0 0 0 0 0 0 0 0 0 0 15 0 8 17 0 0 18 0 9 0 0 1 11 7 0 8 0 0 0 0 0 0 0 0 0 0 0 0 0 8 2 0 0 0 0 1 0 6 7 2 2 0 0 0 0 0 0 0 0 0 0 0 0 0 0 0 0 4 0 0 10 5 9 0 5 2 0 1 0 0 7 10 0 0 0 0 0 0 0 0 0 0 0 0 8 13 0 44 226 241 245 255 153 52 0 1 16 0 4 4 0 0 0 0 0 0 0 0 0 0 0 0 0 0 38 237 247 255 252 250 255 180 44 0 2 0 0 0 0 0 0 0 0 0 0 0 0 0 0 0 8 13 26 255 252 218 83 36 168 255 131 0 0 8 9 3 0 0 0 0 0 0 0 0 0 0 0 0 0 0 7 86 98 22 2 0 68 255 170 4 11 3 0 5 0 0 0 0 0 0 0 0 0 0 0 0 7 0 2 3 4 0 13 17 222 255 182 0 15 0 3 0 0 0 0 0 0 0 0 0 0 0 0 0 0 0 1 0 19 13 105 239 240 250 134 25 0 0 16 5 0 0 0 0 0 0 0 0 0 0 0 0 4 10 0 7 219 253 254 250 255 249 147 0 0 0 0 0 0 0 0 0 0 0 0 0 0 0 0 0 0 0 13 10 255 250 255 255 250 248 251 55 22 6 4 2 0 0 0 0 0 0 0 0 0 0 0 0 14 0 2 27 240 255 207 107 15 92 239 249 6 0 0 0 0 0 0 0 0 0 0 0 0 0 0 0 3 11 0 0 64 133 85 0 0 17 97 249 33 2 6 0 0 0 0 0 0 0 0 0 0 0 0 0 0 0 0 22 0 0 0 0 16 76 215 255 100 0 0 5 0 0 0 0 0 0 0 0 0 0 0 0 5 0 0 0 4 3 9 0 0 25 223 156 6 4 6 0 0 0 0 0 5 0 1 0 1 8 0 0 0 0 7 6 0 4 19 0 3 120 251 223 0 5 6 0 0 0 0 0 0 21 0 0 11 0 0 6 0 1 0 1 11 0 0 19 79 255 255 196 10 0 0 12 0 0 0 0 0 0 0 15 0 195 126 5 0 5 12 1 0 11 0 37 222 255 255 131 15 0 7 0 0 0 0 0 5 9 0 0 0 249 239 210 22 7 0 0 13 0 44 242 252 253 203 19 0 4 0 0 0 0 0 0 0 14 7 0 8 78 243 238 164 30 2 11 95 162 224 230 255 190 31 10 0 4 4 2 0 0 0 0 10 0 0 0 0 25 237 255 255 246 255 236 255 249 255 252 177 41 0 20 0 2 9 0 0 0 0 0 1 0 0 17 2 0 10 149 242 255 255 255 236 246 204 52 0 15 40 0 0 6 0 6 0 0 0 0 0 5 0 2 7 0 8 0 34 98 139 251 181 71 15 0 0 5 0 10 5 0 2 0 0 0 0 0 0 0 0 0 0 0 0 0 0 0 0 0 0 0 0 0 0 0 0 0 0 0 0 0 0 0 0 0 0 0 0 0 0 0 0 0 0 0 0 0 0 0 0 0 0 0 0 0 0 0 0 0 0 0 0 0 0 0 0 0 0 0 0 0 0 0 0 0 0 0 0 0 0 0 0 0 0 0 0 0 0 0 0 0 0 0 0 0 0 0 0 0 0 0 0 0 0 0 0 0 0 0 0 0 0 0 0 0 0 0 0 0
0 0 0 0 0 0 0 0 0 0 5 2 0 0 6 0 14 0 6 1 4 0 10 0 0 0 0 0 0 0 0 0 0 0 0 0 9 0 0 4 0 0 0 0 0 3 0 2 0 7 0 2 0 0 0 0 0 0 0 0 0 0 0 0 2 1 8 8 0 0 6 6 15 0 0 7 0 13 0 14 0 0 0 0 0 0 0 0 0 0 0 0 0 0 2 1 0 11 8 0 0 0 11 0 1 15 0 0 0 0 0 0 0 0 0 0 0 0 0 0 15 0 0 37 111 189 244 255 249 255 185 19 0 3 0 0 0 0 0 0 0 0 0 0 0 0 0 0 4 8 82 194 253 254 252 255 253 247 229 161 20 0 15 6 0 0 0 0 0 0 0 0 0 0 0 0 0 7 97 208 255 250 240 241 245 243 255 255 108 0 0 0 0 0 0 0 0 0 0 0 0 0 0 0 13 0 0 28 69 96 85 54 61 196 240 250 222 54 0 2 0 0 0 0 0 0 0 0 0 0 0 0 0 5 0 5 0 9 0 0 0 32 249 255 248 60 0 0 0 0 0 0 0 0 0 0 0 0 0 0 0 0 0 25 0 0 14 0 9 160 255 255 156 0 0 2 0 0 0 0 0 0 0 0 0 0 0 0 5 10 0 0 14 0 0 79 182 241 255 246 46 0 8 0 0 0 0 0 0 0 0 0 0 0 0 0 2 0 67 160 186 206 192 253 254 241 252 222 22 6 0 0 0 0 0 0 0 0 0 0 0 0 0 0 25 172 255 251 243 255 243 253 255 255 152 57 0 0 1 20 0 0 0 0 0 0 0 0 0 0 0 0 120 250 233 252 255 250 254 252 251 252 176 16 0 12 0 0 0 0 0 0 0 0 0 0 0 0 0 0 12 255 255 228 251 255 246 255 248 255 255 122 9 2 0 11 0 0 0 0 0 0 0 0 0 0 0 0 2 11 141 195 153 166 107 74 186 255 243 246 140 12 0 9 0 0 0 0 0 0 0 15 4 0 9 0 7 0 21 0 0 5 0 2 48 227 248 255 161 7 0 1 0 0 0 0 4 2 0 0 0 23 0 40 31 0 0 0 9 0 2 16 4 188 255 232 174 2 0 4 0 0 0 0 7 0 3 0 0 3 16 152 241 22 4 5 0 10 0 0 129 253 249 255 151 0 30 0 0 0 0 0 0 0 8 10 1 0 141 244 255 185 0 28 0 0 43 254 255 255 240 142 4 0 0 0 0 0 0 0 0 11 0 0 0 2 196 255 255 235 236 96 97 173 241 249 247 255 208 11 0 9 0 16 0 0 0 0 0 14 0 0 0 11 99 233 232 255 239 255 246 244 247 253 251 238 79 4 12 0 10 0 0 0 0 0 3 0 0 11 0 0 2 126 237 255 255 244 255 255 235 255 242 115 14 9 0 7 0 11 0 0 0 0 3 0 11 0 0 13 3 0 60 114 231 252 239 250 255 121 23 0 0 0 13 0 0 0 0 0 0 0 0 0 0 0 0 0 0 0 0 0 0 0 0 0 0 0 0 0 0 0 0 0 0 0 0 0 0 0 0 0 0 0 0 0 0 0 0 0 0 0 0 0 0 0 0 0 0 0 0 0 0 0 0 0 0 0 0 0 0 0 0 0 0 0 0 0 0 0 0 0 0 0 0 0 0 0 0 0 0 0 0 0 0 0 0 0 0 0 0 0 0 0 0 0 0 0 0 0 0 0 0 0 0 0 0 0 0 0 0 0 0 0
0 0 0 0 1 6 0 8 0 2 4 0 0 0 2 3 0 0 1 0 0 0 0 8 0 0 0 0 0 4 7 2 0 0 0 2 0 2 5 5 5 5 4 3 8 9 1 0 0 9 6 0 0 0 0 0 3 4 4 0 0 0 1 1 0 0 0 0 0 0 0 0 0 0 3 13 2 0 0 0 0 0 0 0 6 0 0 0 4 0 14 2 3 0 0 4 9 9 6 4 25 4 0 5 0 1 5 0 0 0 0 0 0 0 12 15 7 0 3 0 0 4 12 4 0 0 0 9 0 0 4 0 0 3 7 0 0 0 0 0 11 0 0 0 0 14 167 245 255 252 245 255 255 250 164 79 31 10 0 0 10 0 0 11 0 0 0 0 0 0 6 5 0 3 171 255 246 255 254 234 235 255 255 255 241 145 21 0 17 9 0 6 0 0 0 0 13 0 0 3 0 0 165 251 255 248 214 179 191 237 255 245 255 246 128 6 0 10 0 0 0 0 0 0 2 2 1 0 0 5 14 21 29 32 18 0 11 31 115 186 244 254 255 13 2 0 7 0 0 0 0 0 1 2 2 0 0 0 2 6 0 0 0 7 0 0 3 7 226 242 255 140 7 8 0 0 0 0 0 0 0 1 2 2 0 0 0 0 3 4 0 9 0 0 28 90 226 255 244 114 18 0 0 6 0 0 0 0 0 0 2 3 2 1 0 0 0 0 6 0 8 117 219 251 255 240 152 8 6 0 11 2 0 0 0 0 0 0 0 1 2 3 4 4 0 6 6 36 225 255 243 254 237 116 14 9 0 2 18 0 0 0 0 0 3 1 0 0 0 1 1 0 1 6 193 255 255 236 244 180 51 3 0 18 0 8 3 0 0 0 0 0 3 0 0 0 0 1 0 0 0 57 255 255 236 255 255 135 27 6 3 0 11 0 0 4 0 0 0 0 1 0 0 1 4 5 2 0 0 50 213 255 252 252 251 246 214 61 7 0 0 0 7 0 0 0 0 0 0 0 0 0 0 0 0 0 1 0 35 121 204 253 255 250 255 248 186 17 0 9 1 0 0 0 0 0 0 0 0 0 0 0 0 0 0 0 0 2 5 0 70 229 235 243 251 216 80 0 0 2 0 0 0 0 0 0 0 0 0 0 0 0 15 0 5 3 0 8 24 0 176 250 250 255 230 21 4 4 0 0 0 0 0 0 0 0 0 0 0 0 0 0 0 5 5 0 3 1 0 238 236 255 242 88 0 0 0 0 0 0 0 0 0 0 0 0 0 0 5 7 0 2 0 0 76 159 230 242 255 255 223 14 0 10 0 0 0 0 0 0 0 0 0 0 0 0 2 4 0 8 56 158 255 255 255 255 253 178 41 6 2 0 0 0 0 0 0 0 0 0 0 0 0 0 39 169 184 201 255 248 237 244 255 173 122 7 0 2 8 0 0 0 0 0 0 0 0 0 0 0 0 0 141 247 252 243 255 254 229 164 97 10 0 0 11 4 0 9 0 0 0 0 0 0 0 0 0 0 0 0 97 229 255 197 135 73 16 6 0 0 0 0 0 0 0 0 0 0 0 0 0 0 0 0 0 0 0 0 0 21 10 0 5 0 0 3 0 0 0 0 0 0 0 0 0 0 0 0 0 0 0 0 0 0 0 0 4 0 0 0 16 7 0 7 0 0 0 0 0 0 0 0 0 0 0 0 0 0 0 0 0 0 0 0 1 4 6 0 0 0 0 0 0 0 0 0 0 0 0 0 0 0 0 0
1 0 0 0 0 1 2 1 0 0 5 0 0 0 0 2 0 0 0 8 3 0 5 0 0 0 0 0 0 0 0 0 0 0 0 0 4 2 4 4 5 7 0 0 4 11 0 0 1 3 12 0 0 0 0 0 0 0 0 0 0 0 0 0 0 0 0 0 2 0 0 0 0 7 1 0 1 0 2 0 0 0 0 0 0 0 1 1 0 0 0 0 2 5 5 0 2 0 6 4 0 4 0 1 4 0 0 4 0 0 0 0 0 0 1 1 0 0 0 0 0 2 0 0 3 0 13 0 12 5 0 0 1 7 1 1 0 0 0 0 0 0 2 0 0 0 1 5 14 70 126 158 191 144 112 32 0 0 8 0 0 7 4 0 0 0 0 0 0 1 2 0 0 0 4 10 205 249 255 237 255 239 255 235 52 0 4 8 0 0 0 0 0 0 0 0 0 1 2 0 0 0 7 14 246 255 240 149 131 137 244 254 211 40 0 0 0 2 0 7 0 0 0 0 6 0 0 1 0 0 7 5 110 100 160 0 0 72 255 255 214 31 0 0 0 6 6 0 0 0 0 0 4 0 2 10 1 0 0 1 3 0 0 11 0 147 237 255 195 21 0 10 7 0 0 17 0 0 0 0 2 0 0 1 0 0 3 6 5 0 24 58 184 245 255 170 26 0 9 0 0 8 9 1 0 0 0 0 0 6 0 0 0 8 3 0 22 78 168 245 247 127 57 0 0 0 12 0 3 1 0 0 0 0 0 0 0 4 2 1 0 0 4 38 167 246 255 226 105 3 0 20 4 3 5 0 11 7 3 9 0 0 0 0 7 0 0 7 3 0 66 190 250 255 224 70 63 68 151 158 183 180 143 66 32 0 0 2 0 0 0 0 5 0 0 1 1 6 115 255 255 255 255 248 254 255 251 255 252 248 255 255 232 107 21 0 0 0 0 0 0 6 2 0 0 10 96 222 255 250 250 255 248 244 178 183 190 189 183 197 255 232 131 9 0 0 0 0 0 0 3 0 0 0 11 23 42 65 56 57 58 40 8 0 0 3 0 32 187 255 243 17 0 0 0 0 0 3 4 1 0 0 2 8 18 0 0 0 0 3 0 6 0 3 0 0 15 224 255 37 0 0 0 0 0 1 3 2 0 0 0 0 2 0 17 22 0 4 0 1 0 4 7 21 2 217 255 39 0 0 0 0 0 0 0 0 1 0 0 0 0 0 0 0 0 16 8 0 9 0 0 0 69 254 255 12 0 0 0 0 0 0 0 0 1 2 2 0 0 22 7 5 12 0 0 2 0 39 196 248 255 243 171 0 0 0 0 0 3 1 0 0 0 0 1 1 0 0 0 0 14 0 67 121 152 240 255 238 255 151 0 2 0 0 0 0 1 1 1 0 0 0 0 0 15 0 117 143 225 242 255 237 246 222 201 98 0 28 14 0 0 0 0 0 0 0 1 1 0 0 0 1 0 23 255 244 255 255 221 139 100 13 1 0 9 5 0 17 0 0 0 0 0 0 0 0 0 0 0 0 0 41 253 229 108 17 0 0 0 0 0 0 0 0 0 0 0 0 0 0 0 0 0 0 0 0 0 0 10 0 21 0 0 0 0 0 0 0 0 0 0 0 0 0 0 0 0 0 0 0 0 0 0 0 0 0 11 7 7 0 1 2 0 14 0 0 0 0 0 0 0 0 0 0 0 0 0 0 0 0 0 0 0 0 0 8 0 1 3 1 0 0 0 0 0 0 0 0 0 0 0 0 0 0
0 0 0 0 0 0 0 0 0 0 0 3 15 0 4 0 13 0 0 1 5 0 12 0 0 0 0 0 0 0 0 0 0 0 0 0 2 9 4 0 0 0 3 0 0 4 14 1 3 0 0 0 0 0 0 0 0 0 0 0 0 0 0 0 0 0 0 0 14 21 2 2 7 7 0 0 1 0 0 9 0 0 0 0 0 0 0 0 0 0 0 0 0 5 9 0 0 0 0 0 0 0 6 7 3 9 0 3 0 0 0 0 0 0 0 0 0 0 0 0 0 8 0 0 93 195 243 255 255 255 233 136 26 0 9 0 0 0 0 0 0 0 0 0 0 0 0 0 6 0 0 70 219 255 255 242 243 255 255 233 130 0 6 0 0 0 0 0 0 0 0 0 0 0 0 0 2 0 0 91 252 242 254 221 222 255 249 255 210 0 0 6 0 0 0 0 0 0 0 0 0 0 0 0 0 13 0 59 255 252 190 14 126 249 253 245 221 0 0 1 0 0 0 0 0 0 0 0 0 0 0 0 0 3 0 6 2 68 98 241 251 255 251 219 45 0 0 8 0 0 0 0 0 0 0 0 0 0 0 0 21 0 11 23 178 246 254 253 255 232 232 40 0 0 9 0 0 0 0 0 0 0 0 0 0 0 0 0 0 0 99 178 246 255 246 249 245 191 36 7 9 20 0 0 0 0 0 0 0 0 0 0 0 0 0 0 0 0 175 255 255 243 255 246 249 255 78 0 1 0 6 13 0 0 0 0 0 0 0 0 0 0 0 0 9 3 0 132 137 66 0 128 215 255 202 3 0 11 12 0 0 0 0 0 0 0 0 0 0 0 0 0 0 0 8 0 13 0 1 9 50 210 254 173 1 0 0 9 0 0 0 0 0 0 0 0 0 0 0 0 2 11 0 0 0 6 0 0 9 132 227 234 45 1 23 0 0 0 0 0 0 0 0 0 0 0 0 0 0 0 0 4 14 0 0 14 0 2 178 255 60 11 0 1 0 0 0 0 2 12 0 0 12 0 1 0 0 1 0 1 3 0 0 9 0 0 112 255 67 0 0 2 0 0 0 0 0 0 15 179 186 73 39 0 9 0 1 2 0 12 10 0 10 12 102 242 78 2 9 0 0 0 0 0 5 8 7 194 255 255 224 52 8 0 10 4 0 7 9 2 0 15 210 255 47 4 5 0 0 0 0 0 0 0 11 223 255 240 255 209 122 8 0 0 6 0 0 1 105 208 255 202 48 0 4 0 0 0 0 0 15 0 0 133 215 255 255 255 237 251 207 145 232 135 102 234 255 249 255 112 0 17 0 0 0 0 0 0 0 21 7 3 56 174 207 242 255 253 252 239 255 231 247 255 252 252 114 21 4 0 0 13 0 0 0 0 8 0 0 1 1 1 24 128 219 249 239 255 243 255 255 218 215 124 22 0 0 18 0 0 0 0 0 0 0 2 13 0 0 5 0 0 17 115 103 235 251 251 116 12 0 10 0 18 0 0 6 0 0 0 0 0 0 0 0 0 0 0 0 0 0 0 0 0 0 0 0 0 0 0 0 0 0 0 0 0 0 0 0 0 0 0 0 0 0 0 0 0 0 0 0 0 0 0 0 0 0 0 0 0 0 0 0 0 0 0 0 0 0 0 0 0 0 0 0 0 0 0 0 0 0 0 0 0 0 0 0 0 0 0 0 0 0 0 0 0 0 0 0 0 0 0 0 0 0 0 0 0 0 0 0 0 0 0 0 0 0 0 0 0 0 0 0 0
0 0 0 0 0 0 0 0 0 12 0 4 0 4 0 10 0 4 4 0 0 6 2 0 0 0 0 0 0 0 0 0 0 0 0 0 10 0 0 0 9 0 4 0 7 0 0 1 0 11 0 3 0 0 0 0 0 0 0 0 0 0 0 0 0 0 10 2 7 0 12 0 0 18 0 1 1 0 9 0 0 0 0 0 0 0 0 0 0 0 0 0 0 2 3 3 0 0 0 11 14 0 0 0 22 0 5 7 0 0 0 0 0 0 0 0 0 0 0 0 11 5 0 45 178 248 244 248 252 251 240 66 0 22 1 0 0 0 0 0 0 0 0 0 0 0 0 0 0 0 18 57 234 255 255 255 248 255 248 225 56 0 0 12 0 0 0 0 0 0 0 0 0 0 0 0 13 0 3 52 241 255 242 193 252 255 242 255 102 0 20 0 0 0 0 0 0 0 0 0 0 0 0 0 0 0 1 0 18 10 12 15 17 52 255 247 114 3 0 0 0 0 0 0 0 0 0 0 0 0 0 0 1 2 0 0 14 0 0 2 0 99 249 252 175 0 8 0 0 0 0 0 0 0 0 0 0 0 0 0 0 3 0 0 0 10 3 0 169 228 255 242 55 0 0 8 0 0 0 0 0 0 0 0 0 0 0 0 4 0 1 20 0 0 22 114 235 255 255 189 17 10 0 0 0 0 0 0 0 0 0 0 0 0 0 0 0 12 70 72 112 201 227 248 250 250 181 72 0 0 12 0 0 0 0 0 0 0 0 0 0 0 0 0 0 77 239 254 255 255 249 243 254 233 35 2 0 5 0 3 0 0 0 0 0 0 0 0 0 0 0 0 8 92 254 249 255 237 255 255 249 216 0 0 18 15 0 5 0 0 0 0 0 0 0 0 0 0 0 0 0 27 173 230 195 99 145 206 255 243 73 0 17 0 0 1 0 0 0 0 0 0 0 0 0 0 0 0 6 0 15 22 8 0 20 9 196 255 169 14 0 0 13 0 0 0 0 0 0 6 4 0 14 9 0 0 4 2 0 0 3 12 0 14 177 241 217 7 2 2 1 2 0 0 0 0 1 2 0 7 0 0 23 0 0 0 49 1 0 0 0 0 183 246 242 0 0 7 0 3 0 0 0 0 0 11 7 0 8 11 0 8 154 163 154 38 0 5 12 29 180 255 226 0 0 5 0 7 0 0 0 0 0 0 6 0 5 0 15 186 255 238 44 0 10 9 33 232 230 255 121 16 0 2 2 0 0 0 0 0 4 0 0 7 0 0 120 255 237 168 24 31 51 176 255 253 255 183 11 1 0 2 7 0 0 0 0 0 2 4 7 0 2 20 99 243 255 255 234 255 246 230 255 242 198 52 0 0 0 0 0 3 0 0 0 0 1 0 11 0 8 0 3 241 239 251 252 255 249 255 238 153 55 0 6 6 1 0 0 11 0 0 0 0 0 7 4 0 4 3 2 47 182 250 251 212 117 125 29 6 0 8 0 6 0 10 5 0 0 0 0 0 0 0 0 0 0 0 0 0 0 0 0 0 0 0 0 0 0 0 0 0 0 0 0 0 0 0 0 0 0 0 0 0 0 0 0 0 0 0 0 0 0 0 0 0 0 0 0 0 0 0 0 0 0 0 0 0 0 0 0 0 0 0 0 0 0 0 0 0 0 0 0 0 0 0 0 0 0 0 0 0 0 0 0 0 0 0 0 0 0 0 0 0 0 0 0 0 0 0 0 0 0 0 0 0 0 0 0 0 0 0 0 0
0 0 0 0 0 0 0 0 0 0 8 0 0 7 0 2 0 0 5 0 8 0 0 1 0 0 0 0 0 0 0 0 0 0 0 0 0 0 0 0 7 3 0 0 2 6 0 6 0 15 0 2 0 0 0 0 0 0 0 0 0 0 0 0 0 10 2 1 3 0 1 8 0 0 12 0 12 0 4 1 0 0 0 0 0 0 0 0 0 0 0 0 0 9 0 0 0 0 8 0 0 10 0 0 0 0 0 3 0 0 0 0 0 0 0 0 0 0 0 0 0 0 3 63 133 198 249 255 163 78 6 12 9 8 0 0 0 0 0 0 0 0 0 0 0 0 0 0 2 0 108 217 248 250 247 253 244 255 253 88 0 0 33 0 0 0 0 0 0 0 0 0 0 0 0 0 8 5 160 255 255 255 250 249 253 240 253 238 65 0 0 5 0 0 0 0 0 0 0 0 0 0 0 0 1 3 182 255 246 239 140 49 47 101 246 255 108 0 10 0 0 0 0 0 0 0 0 0 0 0 0 0 0 0 66 127 84 14 11 0 9 0 248 255 210 15 0 9 0 0 0 0 0 0 0 0 0 0 0 0 16 0 0 10 3 0 6 2 0 73 255 249 255 35 18 0 0 0 0 0 0 0 0 0 0 0 0 0 0 0 2 0 0 10 2 9 138 232 254 236 181 4 0 12 0 0 0 0 0 0 0 0 0 0 0 0 14 0 4 20 0 0 28 172 255 255 250 242 54 0 0 3 0 0 0 0 0 0 0 0 0 0 0 0 0 0 0 31 94 177 208 245 240 242 246 78 10 8 6 0 0 0 0 0 0 0 0 0 0 0 0 0 8 11 75 234 255 243 241 255 252 255 236 0 0 5 0 12 0 0 0 0 0 0 0 0 0 0 0 0 0 5 64 240 253 251 255 238 246 245 255 165 6 1 9 0 0 0 0 0 0 0 0 0 0 0 0 0 0 2 48 219 208 195 190 96 99 218 253 250 74 0 0 5 0 0 0 0 6 0 4 0 0 15 0 5 0 7 0 15 0 0 5 0 0 31 253 255 49 15 2 0 0 0 0 0 5 0 13 0 2 0 0 0 0 1 0 3 0 3 0 0 13 36 255 252 73 3 0 17 0 0 0 0 0 17 0 0 58 238 232 71 0 10 7 2 0 15 0 0 98 217 245 248 80 0 0 0 0 0 0 0 0 0 12 0 150 246 209 24 14 0 0 2 0 17 89 232 245 255 255 216 36 8 11 4 0 0 0 0 3 5 0 0 153 255 250 219 149 165 166 150 175 255 252 247 253 255 224 42 0 0 0 0 0 0 0 0 0 10 0 7 27 251 252 229 255 247 248 255 243 252 245 255 236 232 119 0 11 0 14 0 0 0 0 0 11 0 16 4 2 119 247 255 255 250 247 255 239 255 255 233 158 0 0 20 0 6 0 1 0 0 0 0 0 11 5 0 15 0 58 130 244 255 254 239 155 133 113 30 0 11 0 0 20 0 9 0 0 0 0 0 0 0 0 0 0 0 0 0 0 0 0 0 0 0 0 0 0 0 0 0 0 0 0 0 0 0 0 0 0 0 0 0 0 0 0 0 0 0 0 0 0 0 0 0 0 0 0 0 0 0 0 0 0 0 0 0 0 0 0 0 0 0 0 0 0 0 0 0 0 0 0 0 0 0 0 0 0 0 0 0 0 0 0 0 0 0 0 0 0 0 0 0 0 0 0 0 0 0 0 0 0 0 0 0 0 0 0 0 0 0 0 0
1 6 2 0 1 15 0 0 1 0 0 0 0 0 8 6 0 12 0 0 13 0 0 0 0 0 0 0 3 0 3 9 4 0 0 18 8 0 4 7 5 5 0 0 7 0 9 11 0 0 12 0 0 0 0 0 3 0 7 6 0 3 0 0 0 0 14 0 0 5 0 11 3 0 6 0 0 8 0 5 0 0 0 0 5 0 2 0 0 4 0 21 16 0 5 0 0 8 0 4 1 7 6 0 14 5 0 3 0 0 0 0 5 0 0 0 10 0 11 132 251 253 222 144 121 139 125 124 32 0 0 4 0 0 18 1 0 0 0 0 0 2 0 0 11 0 1 100 245 251 243 250 255 250 241 255 239 162 43 1 0 0 14 0 0 0 0 0 0 2 7 0 0 6 0 0 8 188 255 249 240 255 255 243 255 230 103 0 0 7 3 1 0 0 0 0 11 0 7 9 0 1 8 0 1 11 6 129 236 231 246 253 246 255 249 112 0 0 2 0 0 0 0 0 0 0 0 0 0 0 0 0 0 6 0 0 3 26 100 223 248 255 251 144 2 2 1 0 0 0 0 0 0 0 0 0 0 0 0 0 4 0 0 26 10 0 82 235 247 255 241 162 0 0 7 0 0 0 0 0 0 0 0 0 0 0 0 0 0 19 0 25 49 155 241 253 255 246 255 70 0 0 12 0 0 0 0 0 0 0 0 0 0 0 0 0 8 0 40 223 252 249 255 255 254 253 152 5 4 10 0 12 0 0 0 0 0 0 0 0 0 0 0 0 0 0 37 226 255 255 254 228 232 219 37 0 11 0 0 0 0 0 0 0 0 0 0 0 0 0 0 0 0 0 9 140 200 239 255 255 255 243 178 57 8 0 14 12 0 0 0 0 0 0 0 0 0 0 0 0 1 12 0 0 18 74 150 226 242 255 255 166 1 12 0 4 0 0 0 0 0 0 0 0 0 0 0 0 0 1 0 0 9 0 0 56 186 254 248 247 156 0 7 0 0 0 0 0 0 7 0 18 0 0 3 0 6 0 0 1 0 0 0 2 61 203 247 241 255 44 8 0 0 0 0 0 4 7 0 0 5 13 0 0 0 0 3 4 5 4 0 0 0 8 239 249 255 238 0 9 0 0 0 0 12 0 14 20 0 1 0 2 2 7 1 0 0 2 8 3 1 11 70 248 254 251 118 0 0 0 0 0 0 9 0 45 166 236 93 3 0 3 5 3 2 4 2 0 8 0 156 239 244 253 144 0 0 0 0 0 4 0 13 135 243 254 160 31 0 0 0 4 5 0 0 0 124 234 243 255 255 255 0 1 0 0 0 0 1 0 0 70 255 246 255 250 230 178 125 104 106 133 189 243 251 255 255 245 253 101 0 7 0 0 0 0 0 5 12 0 85 155 241 253 254 244 242 250 251 246 250 255 255 252 243 255 190 0 0 0 0 0 0 0 0 3 0 0 2 1 0 101 255 255 255 254 253 252 251 250 249 143 140 74 0 9 12 0 0 0 0 0 0 0 0 0 0 0 0 0 0 0 0 0 0 0 0 0 0 0 0 0 0 0 0 0 0 0 0 0 0 0 0 0 0 0 0 0 0 0 0 0 0 0 0 0 0 0 0 0 0 0 0 0 0 0 0 0 0 0 0 0 0 0 0 0 0 0 0 0 0 0 0 0 0 0 0 0 0 0 0 0 0 0 0 0 0 0 0 0 0 0 0 0 0 0 0 0 0 0 0 0 0 0 0 0 0 0 0 0 0 0 0 0
0 0 0 0 0 0 0 0 4 0 0 4 2 0 1 3 0 0 9 0 11 0 0 13 0 0 0 0 0 0 0 0 0 0 0 0 0 3 4 0 0 0 0 0 0 7 0 0 0 0 7 0 0 0 0 0 0 0 0 0 0 0 0 0 3 6 0 0 1 12 7 0 0 12 0 6 7 4 6 0 0 0 0 0 0 0 0 0 0 0 0 0 0 2 0 0 7 2 0 0 0 0 1 1 1 0 3 7 0 0 0 0 0 0 0 0 0 0 0 0 0 2 9 0 0 0 0 5 12 0 15 0 0 0 3 0 0 0 0 0 0 0 0 0 0 0 0 0 14 7 0 0 3 40 54 33 132 175 255 255 255 233 134 5 0 0 0 0 0 0 0 0 0 0 0 0 1 0 27 110 173 234 255 248 241 255 237 239 226 255 234 116 0 0 0 0 0 0 0 0 0 0 0 0 2 0 99 239 255 249 252 247 231 212 34 27 7 138 255 239 0 0 0 0 0 0 0 0 0 0 0 0 3 8 81 248 250 232 182 111 4 0 0 7 102 248 251 77 0 0 0 0 0 0 0 0 0 0 0 0 0 3 17 45 50 31 0 4 0 37 192 182 255 244 186 8 0 0 0 0 0 0 0 0 0 0 0 0 5 0 15 0 0 0 6 28 92 255 255 234 234 139 24 0 0 0 0 0 0 0 0 0 0 0 0 0 11 0 36 50 15 78 183 241 255 218 255 206 110 15 0 8 0 0 0 0 0 0 0 0 0 0 0 0 0 8 84 228 234 236 248 255 236 220 91 12 4 0 1 0 0 0 0 0 0 0 0 0 0 0 0 0 10 1 69 253 255 255 255 246 197 0 0 0 0 0 28 0 0 0 0 0 0 0 0 0 0 0 0 0 0 0 63 161 125 144 211 252 246 191 22 5 0 13 0 7 0 0 0 0 0 0 0 0 0 0 0 0 0 0 1 0 4 4 5 75 228 234 140 0 0 0 0 7 0 0 0 0 0 0 0 10 0 7 5 1 0 0 5 0 3 3 0 4 48 255 251 86 2 0 0 1 0 0 0 0 12 4 0 0 10 0 0 5 7 0 11 0 0 0 3 8 22 249 242 63 0 16 14 0 0 0 0 0 0 0 1 1 125 74 18 0 0 0 0 4 8 5 0 18 124 255 245 87 6 0 0 1 0 0 0 0 6 0 0 3 255 240 137 22 1 7 4 0 3 8 66 193 246 230 231 0 0 8 0 4 0 0 0 0 0 9 4 0 248 255 236 172 11 2 0 0 23 119 206 255 255 251 15 12 0 5 15 0 0 0 0 0 0 2 3 5 187 238 255 255 164 24 45 157 206 244 255 236 194 92 0 0 21 0 0 12 0 0 0 0 18 4 0 9 135 240 255 244 253 219 249 255 239 255 225 132 10 0 4 0 1 5 0 1 0 0 0 0 0 13 2 0 13 156 243 255 252 253 255 242 198 99 3 0 3 0 2 0 4 0 0 4 0 0 0 0 0 1 2 0 0 25 90 149 147 144 107 44 0 0 0 0 0 0 0 0 0 0 0 0 0 0 0 0 3 1 1 1 0 0 0 4 0 9 11 0 0 2 5 0 0 0 0 0 0 0 0 0 0 0 0 0 0 0 0 4 10 6 0 0 0 0 0 0 0 4 1 0 0 0 0 0 0 0 0 0 0 0 0 0 4 1 0 0 0 0 6 12 18 8 1 0 1 1 2 3 0 0 0 0 0 0 0 0 0 0 0 0
0 0 0 0 0 0 0 0 0 2 0 10 0 0 17 0 1 0 0 5 0 0 12 0 0 0 0 0 0 0 0 0 0 0 0 0 4 6 7 0 0 0 0 10 0 13 9 0 0 0 0 0 0 0 0 0 0 0 0 0 0 0 0 0 0 0 14 0 0 18 0 0 3 0 0 4 14 0 0 28 0 0 0 0 0 0 0 0 0 0 0 0 13 0 0 9 9 0 0 10 6 8 1 0 0 9 0 0 0 0 0 0 0 0 0 0 0 0 0 0 0 8 3 2 0 0 11 0 0 0 6 25 0 13 7 1 0 0 0 0 0 0 0 0 0 0 0 0 0 11 9 146 255 181 161 255 255 114 0 0 0 2 0 4 0 0 0 0 0 0 0 0 0 0 0 0 6 0 116 255 255 245 255 242 255 228 69 20 0 0 4 5 0 0 0 0 0 0 0 0 0 0 0 0 0 160 255 236 255 255 209 237 253 251 51 0 5 6 0 0 0 0 0 0 2 0 0 1 0 0 4 16 148 254 248 255 157 29 53 233 249 255 35 4 11 0 9 1 0 0 0 0 1 0 1 3 2 1 9 19 255 248 255 97 6 16 124 249 255 170 25 0 0 5 0 0 0 0 0 0 0 0 0 1 0 0 3 10 75 170 50 4 0 43 255 253 217 31 0 0 0 0 7 15 0 0 0 0 0 0 1 0 0 0 0 0 4 3 0 0 35 195 255 233 98 1 3 10 20 0 0 0 0 0 0 0 3 4 5 2 0 0 0 0 0 11 0 15 185 255 244 250 167 172 110 0 0 3 0 15 0 0 0 0 0 1 1 0 0 2 2 0 13 3 4 158 254 249 249 255 255 255 245 102 0 22 0 0 0 0 0 0 0 0 0 0 0 1 2 0 0 0 46 233 255 255 240 249 188 231 255 178 0 0 0 0 0 0 0 0 5 7 4 0 0 4 4 0 9 0 218 255 234 229 150 14 0 238 250 193 11 2 5 0 0 0 0 0 0 0 0 1 1 0 0 0 0 6 202 255 177 43 19 0 38 233 250 190 1 6 0 0 0 0 0 0 0 0 1 1 0 0 0 0 2 0 81 96 44 0 0 3 165 247 255 101 0 0 14 0 0 0 0 0 1 1 1 0 0 0 0 0 0 0 0 5 6 5 0 28 234 255 205 18 0 0 10 0 0 0 0 0 2 2 1 0 0 0 0 0 9 12 0 0 2 2 28 105 247 255 83 0 0 1 0 0 0 0 0 0 2 2 0 0 0 0 0 0 0 0 3 3 0 0 126 255 255 211 21 5 0 6 0 3 0 0 0 0 2 1 0 0 0 0 1 2 99 204 215 111 85 167 255 255 233 53 12 0 0 0 13 0 0 0 0 0 0 0 0 0 0 0 2 4 191 253 253 255 248 247 247 247 212 0 7 0 5 0 8 0 0 0 0 0 0 0 0 0 0 1 4 5 192 255 243 255 252 255 239 255 252 91 4 2 4 0 0 8 0 0 0 0 0 0 0 0 0 0 0 0 21 153 240 190 95 52 52 52 46 19 0 0 1 0 0 3 0 0 0 0 0 0 0 0 0 0 0 0 0 1 0 0 0 4 4 0 13 1 0 0 2 0 0 0 0 0 0 0 0 0 0 0 0 0 0 0 4 0 0 7 8 0 0 2 0 0 0 7 5 0 0 2 0 0 0 0 0 0 0 0 0 0 0 0 0 0 1 0 0 0 0 1 3 2 3 6 2 0 0 7 0 0 0 0
1 0 0 2 2 0 0 0 2 2 1 0 0 1 0 0 0 0 0 0 0 0 0 0 0 0 0 0 0 2 4 0 0 0 2 11 2 0 0 0 0 0 5 13 0 0 0 0 0 0 0 0 0 0 0 0 0 0 2 2 0 0 0 0 0 0 2 10 6 0 0 0 0 0 0 0 0 0 0 0 0 0 0 0 5 4 2 2 5 5 0 0 4 4 3 2 2 3 6 10 0 0 0 0 0 0 0 0 0 0 0 0 0 0 0 0 0 4 8 5 0 1 1 0 0 3 2 0 0 0 0 0 0 0 0 0 0 0 0 0 2 13 16 5 0 0 0 0 0 5 5 0 0 3 3 0 0 0 0 0 0 0 0 0 0 0 0 0 0 0 0 0 0 6 10 5 65 56 46 34 12 0 0 6 0 0 0 0 0 0 0 0 0 0 0 0 8 0 0 23 91 169 214 225 252 250 255 249 179 74 9 0 0 0 0 0 0 0 0 0 0 0 0 0 3 0 0 171 221 182 141 97 91 120 196 210 255 255 149 5 4 0 0 0 0 5 2 0 0 0 0 0 0 15 12 95 53 5 0 5 2 0 0 12 161 255 172 16 0 0 6 7 4 0 0 0 0 0 0 0 3 6 0 17 0 0 0 0 0 8 10 92 255 210 41 0 8 8 4 0 0 0 0 6 0 0 0 0 0 1 0 4 0 12 9 10 0 0 125 252 202 50 0 3 0 0 0 0 4 3 0 0 0 0 0 0 0 0 10 7 0 0 0 0 0 111 255 255 84 0 0 9 14 7 4 5 4 0 0 1 0 0 0 0 11 0 0 1 6 17 3 0 31 238 250 102 3 1 1 1 0 0 0 0 0 0 0 13 0 0 0 0 0 0 2 5 0 0 1 0 108 255 255 165 92 100 67 0 9 0 0 5 8 1 0 0 0 0 0 0 0 3 0 1 0 0 12 0 112 248 238 218 238 255 244 255 217 144 60 13 1 0 0 1 0 0 0 0 0 0 0 0 0 0 0 0 10 37 35 11 31 98 147 154 255 244 255 225 132 50 0 6 0 0 0 0 0 0 0 0 0 0 0 0 0 1 4 0 0 0 0 0 0 90 159 233 240 255 171 0 0 0 0 0 0 0 0 0 0 0 0 0 9 0 0 0 0 0 0 10 3 0 6 16 88 192 255 0 0 0 0 0 0 0 0 0 0 0 0 0 0 2 3 2 0 0 0 0 6 7 3 0 4 70 254 2 0 0 0 0 0 0 0 0 0 0 0 0 0 0 3 3 1 1 1 0 0 0 5 0 55 241 195 1 0 0 0 0 0 0 0 0 0 0 0 0 11 0 0 0 0 0 0 4 19 10 79 159 246 234 4 3 0 0 0 0 0 0 0 0 0 0 0 0 1 0 0 0 5 9 0 0 35 231 255 242 185 46 2 6 0 0 0 0 0 0 0 0 0 0 0 0 0 6 0 0 52 137 175 164 153 193 162 77 0 19 0 0 0 0 0 0 0 0 0 0 0 0 0 0 0 0 45 155 215 168 73 12 0 0 0 0 0 0 0 0 0 0 0 0 0 0 0 0 0 0 0 0 0 0 0 2 8 0 0 6 0 0 0 0 0 0 0 0 0 0 0 0 0 0 0 0 0 0 0 0 8 12 10 1 0 0 0 0 0 0 0 0 0 0 0 0 0 0 0 0 0 0 0 0 0 0 0 0 0 0 0 0 4 11 0 0 0 0 0 0 0 0 0 0 0 0 0 0
0 4 0 5 3 0 4 0 1 1 0 11 0 1 0 5 3 0 0 4 5 0 7 0 0 0 0 0 6 1 0 0 0 0 4 1 0 3 0 3 0 15 3 0 0 15 2 0 0 0 11 0 0 0 0 0 0 0 8 0 9 1 4 3 10 11 0 0 0 1 0 4 0 9 1 0 2 0 2 0 0 0 0 0 0 0 9 0 2 1 0 0 0 0 0 16 8 0 0 20 1 3 0 0 7 0 0 0 0 0 0 0 0 0 0 4 0 7 2 11 0 3 7 0 0 0 0 0 6 5 2 0 0 1 0 8 0 0 0 0 0 5 0 2 0 0 0 0 17 0 6 69 86 18 0 17 0 0 8 0 0 6 4 0 0 0 0 0 0 9 0 0 19 0 43 25 126 185 242 238 251 245 227 180 64 0 0 5 0 5 0 0 0 0 0 0 0 1 1 0 88 80 220 220 250 253 253 203 176 162 214 252 218 51 0 6 0 0 0 10 0 0 0 0 5 0 9 0 255 253 231 192 79 102 13 6 9 0 4 125 217 125 1 0 0 1 4 2 0 0 0 0 4 1 6 1 90 64 9 0 0 9 5 19 0 0 0 13 218 104 3 4 4 0 0 1 0 0 0 0 1 0 0 0 0 12 0 7 0 0 0 5 3 0 13 175 253 115 24 0 0 10 9 0 0 0 0 0 0 0 13 0 0 8 3 0 7 0 4 0 0 89 157 255 196 20 0 6 18 0 0 16 0 0 0 0 0 2 15 0 8 0 0 11 95 105 122 110 158 255 251 235 53 0 3 0 0 2 12 3 0 0 0 0 3 4 0 0 0 0 27 143 255 232 248 255 234 250 246 244 72 18 15 11 0 0 0 0 0 0 0 0 0 0 0 12 0 0 3 96 236 255 218 158 157 137 139 212 255 232 145 52 0 1 20 1 0 0 0 0 2 0 1 1 1 6 0 6 9 5 0 0 0 0 11 0 3 103 184 249 185 92 29 0 0 0 0 0 0 8 1 0 1 0 5 74 186 62 0 0 14 11 0 3 3 0 5 62 233 253 204 18 0 0 0 0 0 4 0 0 8 0 8 58 240 206 5 0 0 0 16 0 0 11 4 0 7 169 255 158 0 0 0 0 0 5 0 0 7 0 0 17 196 246 104 11 0 0 3 0 4 0 0 17 3 154 253 167 0 0 0 0 0 6 0 0 3 0 0 0 18 194 240 161 121 15 15 0 16 0 26 121 243 255 209 86 0 0 0 0 0 3 2 0 2 7 4 1 0 80 252 231 255 247 189 193 195 225 254 233 255 162 73 0 0 0 0 0 0 2 3 0 0 1 4 1 0 14 27 104 148 196 248 245 236 246 235 156 84 11 3 8 0 0 0 0 2 0 2 0 0 0 0 0 0 0 1 18 0 8 40 91 106 50 9 0 0 0 0 4 0 0 0 0 2 0 0 2 0 1 6 1 4 0 0 0 2 0 0 5 0 0 5 0 12 3 0 0 0 0 0 0 0 0 0 0 0 0 0 0 0 0 0 0 0 0 0 0 0 0 0 0 0 0 0 0 0 0 0 0 0 0 0 0 0 0 0 0 0 0 0 0 0 0 0 0 0 0 0 0 0 0 0 0 0 0 0 0 0 0 0 0 0 0 0 0 0 0 0 0 0 0 0 0 0 0 0 0 0 0 0 0 0 0 0 0 0 0 0 0 0 0 0 0 0 0 0 0 0 0 0 0 0 0 0 0 0 0 0 0 0 0 0 0
0 0 0 0 0 0 0 0 0 5 0 14 0 16 0 11 0 7 0 1 7 0 0 10 0 0 0 0 0 0 0 0 0 0 0 0 0 9 0 0 6 0 0 4 6 8 0 0 1 3 1 0 0 0 0 0 0 0 0 0 0 0 0 0 0 14 0 0 13 0 4 4 0 0 0 11 0 0 0 1 0 0 0 0 0 0 0 0 0 0 0 0 1 7 0 10 0 4 0 0 9 0 5 0 0 14 11 0 0 0 0 0 0 0 0 0 0 0 0 0 0 5 117 201 212 250 200 150 41 1 0 17 0 0 0 5 0 0 0 0 0 0 0 0 0 0 0 0 12 60 241 217 143 134 182 222 255 165 5 0 9 9 0 6 0 0 0 0 0 0 0 0 0 0 0 0 0 8 94 39 4 0 5 21 143 235 108 8 0 6 7 1 0 0 0 0 0 0 0 0 0 0 0 0 0 6 6 0 0 7 0 6 173 255 93 6 0 3 0 3 0 0 0 0 0 0 0 0 0 0 0 0 0 14 0 0 10 0 3 133 255 156 16 12 0 7 2 0 0 0 0 0 0 0 0 0 0 0 0 0 13 0 0 5 4 0 150 251 239 87 0 0 1 6 0 0 0 0 0 0 0 0 0 0 0 0 0 0 0 2 18 9 18 210 255 216 89 0 0 0 3 2 0 1 0 0 0 0 0 0 0 0 0 0 0 0 0 0 22 140 243 250 249 218 73 15 4 3 0 0 5 2 0 0 0 0 0 0 0 0 0 0 0 0 9 17 182 241 255 218 142 243 240 148 9 0 4 0 1 0 0 0 0 0 0 0 0 0 0 0 0 0 0 0 54 121 56 8 0 74 224 248 92 7 0 0 5 0 0 0 0 0 0 0 0 0 0 0 0 0 18 0 12 0 2 0 3 1 56 255 196 14 0 0 7 1 0 0 0 0 0 0 0 0 0 0 0 0 0 28 0 2 4 0 6 0 9 251 225 0 3 0 0 3 0 0 0 0 0 11 0 4 3 4 0 2 0 0 6 12 0 2 4 3 96 253 213 10 0 0 4 0 0 0 0 0 0 10 0 2 0 4 8 0 0 24 0 0 0 9 0 10 111 255 157 0 2 4 0 2 0 0 0 0 0 7 0 11 0 0 1 0 13 0 12 0 13 0 6 26 212 242 86 14 0 3 10 0 0 0 0 0 0 2 3 11 0 0 0 87 19 9 0 2 6 10 45 189 255 197 13 0 12 1 0 10 0 0 0 0 8 0 4 0 0 0 22 226 81 10 0 2 0 0 202 255 217 51 0 10 0 0 12 0 0 0 0 0 1 0 4 0 2 5 20 234 185 46 1 12 103 255 231 228 68 0 0 0 2 2 0 3 0 0 0 0 0 0 1 2 3 2 2 108 249 248 224 246 250 243 255 113 2 0 12 6 0 0 9 0 0 0 0 0 0 13 0 1 0 2 3 4 78 175 255 250 176 140 39 0 0 18 0 0 11 0 0 8 0 0 0 0 0 0 0 0 0 0 0 0 0 0 0 0 0 0 0 0 0 0 0 0 0 0 0 0 0 0 0 0 0 0 0 0 0 0 0 0 0 0 0 0 0 0 0 0 0 0 0 0 0 0 0 0 0 0 0 0 0 0 0 0 0 0 0 0 0 0 0 0 0 0 0 0 0 0 0 0 0 0 0 0 0 0 0 0 0 0 0 0 0 0 0 0 0 0 0 0 0 0 0 0 0 0 0 0 0 0 0 0 0 0 0 0
0 0 0 0 0 0 0 0 0 11 0 0 7 0 0 8 2 0 5 5 0 2 13 0 0 0 0 0 0 0 0 0 0 0 0 0 8 0 6 14 0 8 25 0 5 14 0 0 20 0 0 5 0 0 0 0 0 0 0 0 0 0 0 0 9 0 1 0 4 0 0 15 0 0 23 4 0 6 0 8 0 0 0 0 0 0 0 0 0 0 0 0 0 0 8 0 4 13 7 0 0 0 4 0 3 10 0 0 0 0 0 0 0 0 0 0 0 0 0 0 3 8 0 0 8 0 42 224 252 255 240 255 150 0 21 0 0 0 0 0 0 0 0 0 0 0 0 0 5 0 3 6 0 163 250 252 245 244 255 247 255 184 9 0 0 0 0 0 0 0 0 0 0 0 0 0 2 10 0 0 0 218 255 251 255 255 250 249 245 255 220 47 0 0 0 0 0 0 0 0 0 0 0 0 0 16 1 3 2 195 171 122 129 0 68 17 26 247 250 131 0 0 0 0 0 0 0 0 0 0 0 0 8 0 1 0 10 0 7 0 0 13 0 6 18 238 255 219 0 0 0 0 0 0 0 0 0 0 0 0 4 0 17 0 0 0 0 0 14 0 0 21 139 255 223 248 0 0 0 0 0 0 0 0 0 0 0 0 0 0 2 0 11 111 135 159 102 156 219 209 252 255 255 209 0 0 0 0 0 0 0 0 0 0 0 0 0 0 6 6 69 245 255 255 255 244 246 252 255 249 240 61 0 0 0 0 0 0 0 0 0 0 0 0 8 7 3 0 62 255 255 242 255 244 255 255 208 153 46 7 0 0 0 0 0 0 0 0 0 0 0 0 0 0 0 0 42 216 235 227 235 237 244 196 5 10 7 0 0 0 0 0 0 0 0 0 0 0 0 0 5 12 8 0 0 40 19 0 48 243 255 142 2 0 0 18 0 0 0 0 0 0 0 0 0 0 0 0 0 0 0 7 0 7 0 0 0 62 249 182 1 0 6 0 0 0 0 0 5 0 0 1 9 0 0 0 4 0 6 7 0 0 11 0 8 44 255 153 0 7 5 0 0 0 0 0 0 2 0 8 175 250 250 191 54 26 0 0 2 7 0 0 2 255 251 162 0 0 1 0 0 0 0 0 1 0 0 10 255 255 255 233 255 222 123 52 0 1 0 6 131 230 229 44 12 0 0 11 0 0 0 0 3 9 20 0 253 235 255 255 248 242 251 209 27 9 63 98 161 255 140 0 12 7 0 4 0 0 0 0 0 0 4 0 255 249 255 250 246 255 248 255 253 219 185 255 242 235 39 1 0 1 0 0 0 0 0 0 15 0 0 16 251 253 255 255 255 246 244 255 229 255 255 251 226 43 9 0 0 0 4 5 0 0 0 0 0 6 1 0 93 167 237 255 255 255 254 251 249 255 232 143 0 14 2 0 9 1 0 1 0 0 0 0 0 0 7 3 0 4 76 154 255 252 254 250 221 146 63 11 0 7 0 5 1 0 10 2 0 0 0 0 0 0 0 0 0 0 0 0 0 0 0 0 0 0 0 0 0 0 0 0 0 0 0 0 0 0 0 0 0 0 0 0 0 0 0 0 0 0 0 0 0 0 0 0 0 0 0 0 0 0 0 0 0 0 0 0 0 0 0 0 0 0 0 0 0 0 0 0 0 0 0 0 0 0 0 0 0 0 0 0 0 0 0 0 0 0 0 0 0 0 0 0 0 0 0 0 0 0 0 0 0 0 0 0 0 0 0 0 0 0 0 0
1 4 0 0 15 0 2 0 0 9 0 0 17 0 5 0 0 0 0 0 0 0 0 0 0 0 0 0 0 0 8 0 9 0 0 0 0 0 0 11 0 4 7 0 0 0 0 0 0 0 0 0 0 0 0 0 0 0 6 0 0 0 6 9 0 12 0 0 7 9 0 1 0 0 0 0 0 0 0 0 0 0 0 0 9 0 0 0 1 5 1 2 0 0 1 3 5 0 9 8 0 0 0 0 0 0 0 0 0 0 0 0 3 0 5 7 5 2 0 9 96 255 255 255 213 133 25 0 0 0 0 0 0 0 0 0 0 0 0 0 0 0 5 4 0 0 3 85 255 247 227 145 239 244 236 39 0 0 0 0 0 0 0 0 0 0 0 0 1 1 0 0 0 0 16 145 232 126 19 0 18 229 242 149 0 0 0 0 0 0 0 0 0 0 0 0 1 1 0 2 7 1 0 129 228 0 0 0 31 223 246 108 0 0 0 0 0 0 0 0 0 0 0 0 1 0 0 0 0 2 6 9 13 0 0 17 153 249 221 16 7 0 5 6 0 0 2 0 0 0 0 0 1 0 0 0 0 1 5 7 0 0 0 168 255 206 24 0 0 0 0 0 4 0 0 10 0 0 0 0 0 0 0 0 0 1 2 3 0 2 149 250 249 127 0 5 1 4 14 0 6 1 5 0 0 0 0 0 0 0 1 1 1 0 0 0 10 0 230 241 255 240 255 220 125 61 0 0 9 0 0 10 0 0 0 0 0 0 1 1 1 0 0 0 0 0 151 161 153 158 180 255 255 245 95 13 0 12 0 3 0 0 0 0 0 0 0 0 0 0 0 0 18 0 9 0 8 13 0 9 160 241 250 184 16 0 17 0 0 0 0 0 0 0 0 0 0 0 0 0 0 0 13 0 0 2 18 0 0 28 164 255 151 0 0 6 0 0 0 0 0 0 0 0 0 0 0 1 5 3 0 10 12 0 0 0 4 0 17 146 255 91 0 1 0 0 0 0 0 0 0 0 0 0 0 0 0 5 3 1 0 0 6 0 0 6 0 49 237 213 0 8 0 0 0 0 0 0 0 0 0 0 0 0 0 3 0 7 3 0 0 21 5 0 0 2 182 238 35 0 0 0 0 0 0 0 0 0 0 0 0 0 0 11 0 0 2 0 0 0 0 5 7 0 175 254 58 21 0 0 0 0 0 0 0 0 0 0 0 0 1 0 10 3 0 0 25 0 0 10 0 23 227 222 0 0 0 0 0 0 0 0 0 0 0 0 0 0 0 19 31 38 0 0 2 0 0 5 0 98 255 195 13 11 0 0 0 0 0 0 0 0 0 0 0 0 29 194 255 235 18 0 0 6 11 71 155 248 239 107 4 0 0 0 0 0 0 0 0 0 0 0 0 0 11 251 251 247 255 232 127 187 241 244 255 215 90 4 0 8 0 0 0 0 0 0 0 0 0 0 0 0 2 41 135 236 255 238 254 255 254 179 112 35 0 3 0 1 0 0 0 0 0 0 0 0 0 0 0 0 0 0 0 0 0 0 0 0 0 0 0 0 0 0 0 0 0 0 0 0 0 0 0 0 0 0 0 0 0 0 0 0 0 0 0 0 0 0 0 0 0 0 0 0 0 0 0 0 0 0 0 0 0 0 0 0 0 0 0 0 0 0 0 0 0 0 0 0 0 0 0 0 0 0 0 0 0 0 0 0 0 0 0 0 0 0 0 0 0 0 0 0 0 0 0 0 0 0 0 0 0 0 0 0
0 0 0 0 0 0 0 0 0 0 0 12 1 0 0 9 1 0 0 0 0 0 1 10 0 0 0 0 0 0 0 0 0 0 0 0 9 15 0 0 0 12 5 0 4 2 2 4 5 1 0 0 0 0 0 0 0 0 0 0 0 0 0 0 0 7 5 0 35 0 0 2 0 0 0 0 1 3 0 0 0 0 0 0 0 0 0 0 0 0 0 0 0 1 0 0 0 8 2 4 0 0 0 0 0 1 3 0 0 0 0 0 0 0 0 0 0 0 0 0 14 45 255 255 156 12 0 0 1 6 7 2 0 0 0 0 0 0 0 0 0 0 0 0 0 0 0 0 0 0 103 221 235 177 34 5 0 0 0 5 4 0 0 1 0 0 0 0 0 0 0 0 0 0 0 0 5 21 0 13 170 255 197 82 10 0 0 1 5 0 0 4 0 0 0 0 0 0 0 0 0 0 0 0 0 7 0 17 0 122 255 245 55 20 0 0 4 0 0 3 0 0 0 0 0 0 0 0 0 0 0 0 0 11 0 0 18 0 105 244 219 39 0 7 0 7 5 0 0 0 0 0 0 0 0 0 0 0 0 0 11 0 13 0 0 3 0 77 255 165 25 0 0 0 0 15 0 0 0 0 0 0 0 0 0 0 0 0 0 8 0 7 6 0 12 3 171 240 85 5 8 1 0 2 0 0 0 0 0 0 0 0 0 0 0 0 0 0 17 0 10 0 0 2 197 255 101 8 0 4 0 0 0 0 0 0 0 0 0 0 0 0 0 0 9 7 0 0 130 155 214 255 252 178 23 0 0 10 0 2 0 0 0 0 0 0 0 0 0 0 0 0 0 19 0 60 255 248 235 185 99 26 0 11 0 6 0 0 0 0 0 0 0 0 0 0 0 0 0 0 6 0 8 15 180 246 78 1 0 1 9 8 0 0 0 9 0 0 0 0 0 0 0 0 0 0 0 0 3 0 0 0 126 254 107 3 0 12 0 0 20 4 0 0 0 0 0 0 0 0 0 0 0 0 0 0 4 0 8 4 0 218 233 82 0 6 0 3 8 0 0 6 0 0 0 0 0 0 0 0 0 0 0 0 0 22 0 14 0 78 255 163 6 0 0 0 2 0 0 0 0 0 0 0 0 0 0 0 0 0 0 0 0 5 0 1 1 6 118 255 87 0 3 0 3 1 4 0 0 0 0 0 0 0 0 0 0 0 0 0 12 0 12 0 10 0 38 188 183 11 0 0 10 0 2 0 0 0 0 0 0 0 0 0 0 0 0 0 0 22 184 11 0 0 118 255 165 4 0 0 8 0 3 1 0 0 0 0 0 0 0 0 0 0 0 0 2 96 183 1 56 219 229 137 51 0 5 0 0 0 6 0 0 0 0 0 0 0 0 0 0 0 0 0 0 230 55 111 255 178 26 10 0 0 5 0 0 0 3 0 0 0 0 0 0 0 0 0 0 0 0 0 0 225 228 255 125 6 6 0 0 14 0 0 5 0 0 2 0 0 0 0 0 0 0 0 0 0 0 0 0 0 0 0 0 0 0 0 0 0 0 0 0 0 0 0 0 0 0 0 0 0 0 0 0 0 0 0 0 0 0 0 0 0 0 0 0 0 0 0 0 0 0 0 0 0 0 0 0 0 0 0 0 0 0 0 0 0 0 0 0 0 0 0 0 0 0 0 0 0 0 0 0 0 0 0 0 0 0 0 0 0 0 0 0 0 0 0 0 0 0 0 0 0 0 0 0 0 0 0 0 0 0 0
0 0 0 0 0 0 0 0 9 0 3 0 0 0 9 4 3 0 5 0 0 3 4 1 0 0 0 0 0 0 0 0 0 0 0 0 0 3 2 2 6 10 0 0 5 0 0 6 8 1 0 0 0 0 0 0 0 0 0 0 0 0 0 0 8 4 0 7 0 2 0 7 6 1 0 2 6 0 0 0 0 0 0 0 0 0 0 0 0 0 0 0 0 0 0 8 1 7 0 0 0 0 9 0 0 0 9 4 0 0 0 0 0 0 0 0 0 0 0 0 0 7 13 0 0 0 7 0 19 0 8 0 5 0 6 0 0 0 0 0 0 0 0 0 0 0 0 0 0 6 0 50 239 255 236 255 151 3 1 0 11 0 0 2 0 0 0 0 0 0 0 0 0 0 0 0 5 32 163 255 243 242 255 248 255 18 4 0 3 0 0 7 0 0 0 0 0 0 0 0 0 0 0 0 20 199 255 250 253 255 232 255 253 2 12 0 0 13 0 2 0 0 0 0 0 0 0 0 0 2 5 8 216 221 91 17 0 229 254 246 233 13 0 10 0 0 0 11 0 0 0 0 0 0 0 0 0 2 4 6 71 36 0 6 6 230 252 242 91 9 13 0 0 12 0 0 0 0 0 0 1 0 0 0 0 1 2 4 19 0 0 8 0 210 248 189 0 0 5 0 0 12 0 0 0 0 0 0 2 1 0 0 0 0 0 1 0 1 8 0 44 239 255 77 6 10 6 3 0 0 3 8 0 0 0 0 1 1 0 0 0 0 0 0 15 9 0 18 141 246 238 13 0 0 0 8 0 0 11 0 0 0 0 0 0 0 0 0 0 0 0 0 0 0 38 158 255 255 255 171 83 22 0 0 5 3 4 0 0 0 0 0 0 0 0 0 0 0 0 0 0 20 120 246 255 239 252 251 255 178 63 0 0 0 0 11 0 0 0 0 0 0 0 0 0 0 0 0 0 0 51 114 103 227 255 255 243 255 176 31 0 9 0 0 0 0 0 0 0 0 0 0 0 0 0 0 0 8 0 5 0 37 187 245 255 247 248 137 0 2 1 0 0 0 0 0 0 0 0 0 0 0 0 0 4 0 17 0 0 3 36 175 237 255 255 154 8 3 0 2 0 0 0 0 0 0 0 0 0 0 0 0 0 3 7 0 11 4 0 69 249 255 246 154 0 2 0 10 0 0 0 0 0 0 0 0 0 0 0 0 22 2 0 10 8 0 6 21 232 251 255 178 0 0 2 0 0 0 0 0 0 0 0 0 0 0 0 0 0 0 15 3 0 5 1 0 124 236 255 154 0 0 0 0 0 0 0 0 0 0 0 0 0 0 0 0 7 24 0 2 15 0 2 9 147 255 214 56 0 9 0 6 0 0 0 0 0 0 0 0 0 0 0 0 0 0 35 211 255 161 153 176 255 251 128 0 0 5 0 0 0 0 0 0 0 0 0 0 0 0 0 0 10 0 136 244 249 255 251 255 209 90 14 0 8 0 9 0 0 0 0 0 0 0 0 0 0 0 0 0 0 0 73 145 159 178 176 125 9 6 2 0 0 0 0 1 0 0 0 0 0 0 0 0 0 0 0 0 5 0 1 13 0 4 12 0 7 5 1 0 0 0 0 1 0 0 0 0 0 0 0 0 0 0 0 0 11 1 1 0 0 0 4 2 3 2 1 0 0 0 0 0 0 0 0 0 0 0 0 0 0 0 0 0 0 0 1 2 3 1 0 3 0 0 0 1 1 1 0 0 0 0 0 0
0 0 0 0 0 0 0 0 3 5 1 1 0 0 0 1 0 4 0 18 0 1 5 0 0 0 0 0 0 0 0 0 0 0 0 0 0 0 0 3 10 2 15 0 11 8 0 0 8 0 1 1 0 0 0 0 0 0 0 0 0 0 0 0 3 0 0 1 0 0 23 0 0 4 22 0 4 0 0 0 0 0 0 0 0 0 0 0 0 0 0 0 0 0 2 2 4 9 147 154 49 19 0 11 0 0 4 6 0 0 0 0 0 0 0 0 0 0 0 0 0 0 0 0 4 40 225 255 255 165 4 0 5 0 0 4 0 0 0 0 0 0 0 0 0 0 0 0 4 4 1 0 0 4 116 133 241 255 148 3 8 0 0 0 0 0 0 0 0 0 0 0 0 0 0 0 0 1 4 8 2 0 16 5 28 190 246 76 0 0 4 3 0 0 0 0 0 0 0 0 0 0 0 0 0 0 0 3 1 0 0 0 0 101 255 180 2 9 0 2 0 0 0 0 0 0 0 0 0 0 0 0 2 2 8 0 0 13 0 1 0 147 249 217 2 4 16 0 0 0 0 0 0 0 0 0 0 0 0 0 11 0 3 13 0 0 0 13 76 255 255 178 32 2 0 26 0 0 0 0 0 0 0 0 0 0 0 0 0 0 9 5 0 2 4 1 196 255 235 163 10 0 7 0 0 0 0 0 0 0 0 0 0 0 0 0 16 0 0 0 6 16 110 232 255 250 92 13 15 6 0 11 0 0 0 0 0 0 0 0 0 0 0 0 0 21 14 40 184 244 252 255 255 112 0 0 0 3 12 0 0 0 0 0 0 0 0 0 0 0 0 0 0 0 0 78 255 255 247 250 199 19 0 15 1 1 4 0 0 0 0 0 0 0 0 0 0 0 0 0 12 11 4 44 182 221 255 255 196 4 0 0 0 0 0 13 0 0 0 0 0 0 0 0 0 0 0 0 0 0 4 0 5 4 154 255 216 0 7 0 0 15 0 0 0 0 0 0 0 1 4 0 0 0 0 0 0 2 3 2 0 3 204 252 255 38 7 1 1 0 13 0 0 0 0 0 0 0 0 0 0 0 0 0 15 0 0 0 8 5 190 255 232 26 0 0 9 0 4 0 0 0 0 0 2 0 0 2 3 0 0 5 71 145 1 1 0 116 255 255 146 9 0 0 8 0 1 0 0 0 0 0 4 0 0 4 2 0 3 19 225 187 1 0 156 255 238 189 33 0 12 0 0 1 6 0 0 0 0 0 2 0 0 4 0 0 8 31 241 240 202 234 253 247 255 64 0 0 14 0 0 2 4 0 0 0 0 0 0 0 1 2 0 0 9 28 251 240 244 248 225 179 90 17 5 0 0 0 5 0 0 0 0 0 0 0 0 0 0 0 0 0 5 10 24 151 255 165 89 0 23 0 13 0 0 2 2 0 0 0 0 0 0 0 0 0 0 0 0 4 0 0 5 0 12 0 0 11 0 0 0 0 0 3 0 0 7 0 0 0 0 0 0 0 0 0 0 0 0 0 0 0 0 0 0 0 0 0 0 0 0 0 0 0 0 0 0 0 0 0 0 0 0 0 0 0 0 0 0 0 0 0 0 0 0 0 0 0 0 0 0 0 0 0 0 0 0 0 0 0 0 0 0 0 0 0 0 0 0 0 0 0 0 0 0 0 0 0 0 0 0 0 0 0 0 0 0 0 0 0 0 0 0 0 0 0 0 0 0 0 0 0 0 0 0 0 0 0 0 0 0 0 0 0
5 1 0 0 0 2 2 1 5 0 4 5 0 0 1 0 0 2 6 4 0 0 0 0 0 0 0 0 0 0 2 4 3 0 0 0 1 0 0 0 0 1 8 6 0 0 0 0 0 0 1 0 0 0 0 0 3 2 0 0 0 0 5 12 0 1 6 10 8 2 0 0 10 6 4 6 7 4 0 0 0 0 0 0 0 0 3 3 0 0 0 0 0 0 0 0 0 0 0 6 0 0 0 1 3 0 0 0 0 0 0 0 0 0 0 0 3 6 7 7 2 10 5 1 8 3 0 6 2 0 0 0 0 0 0 7 0 0 0 0 1 0 0 0 0 0 0 0 0 3 0 0 2 0 0 6 10 0 0 4 6 0 0 0 0 0 0 0 0 2 11 10 1 0 0 4 0 13 2 0 13 26 45 83 83 39 0 0 3 8 4 0 0 0 0 0 4 2 0 0 12 65 140 196 194 233 247 252 255 252 240 255 255 176 60 0 0 1 2 0 0 0 0 0 0 9 0 0 176 245 255 240 253 253 248 171 157 137 58 134 206 255 150 3 8 0 4 3 0 0 0 0 0 0 0 10 188 255 253 207 188 58 3 0 4 6 0 0 219 255 136 2 0 8 0 1 0 0 0 0 9 8 0 0 57 67 39 0 0 0 0 6 5 0 53 133 244 158 81 0 16 0 0 10 0 0 0 0 0 0 6 1 2 2 0 0 0 2 3 0 36 122 225 255 255 82 0 9 0 12 0 0 0 0 0 0 4 3 0 0 0 0 0 0 8 0 10 26 183 255 255 246 235 159 178 101 52 0 4 0 0 0 0 0 5 2 0 1 2 5 2 3 0 0 204 255 247 253 252 248 255 255 254 254 241 197 77 8 0 0 0 0 0 1 4 0 4 0 0 2 17 0 183 245 255 210 104 45 37 44 88 139 255 255 232 92 0 0 0 0 0 5 2 0 13 3 0 0 0 2 115 50 7 0 0 7 18 0 0 8 82 227 237 15 0 0 0 0 0 0 0 0 0 0 0 0 6 0 4 12 0 0 0 0 0 7 2 0 7 83 246 79 0 0 0 0 0 0 0 0 0 0 0 0 0 10 0 0 13 2 20 0 0 0 5 0 0 60 241 161 0 0 0 0 0 0 0 0 0 0 0 0 0 0 16 0 0 4 0 3 14 14 0 14 35 222 255 60 0 0 0 0 0 0 0 0 0 0 0 0 15 0 0 6 2 3 0 13 0 4 26 64 251 255 161 2 0 0 0 0 0 0 0 0 0 0 0 0 0 7 211 212 143 99 6 31 136 195 255 253 255 107 6 0 0 0 0 0 0 0 0 0 0 0 0 0 12 46 251 252 255 238 255 255 235 255 255 213 37 13 0 0 0 0 0 0 0 0 0 0 0 0 0 0 0 47 254 248 255 249 255 248 171 143 84 13 0 0 0 7 0 0 0 0 0 0 0 0 0 0 0 0 0 0 0 6 0 0 7 0 0 4 2 0 1 1 4 0 0 0 0 0 0 0 0 0 0 0 0 0 0 0 0 0 0 0 0 0 0 0 0 0 0 0 0 0 0 0 0 0 0 0 0 0 0 0 0 0 0 0 0 0 0 0 0 0 0 0 0 0 0 0 0 0 0 0 0 0 0 0 0 0 0 0 0 0 0 0 0 0 0 0 0 0 0 0 0 0 0 0 0 0 0 0 0 0 0 0 0 0 0 0 0 0 0 0 0 0 0 0 0 0 0 0 0 0 0 0 0 0 0 0 0 0
5 6 0 2 4 4 0 11 1 0 4 0 2 0 9 0 2 0 0 6 0 8 0 9 0 0 0 0 0 3 7 1 0 2 0 0 2 2 4 4 0 0 3 0 9 1 0 0 0 14 6 0 0 0 0 0 19 0 1 16 5 0 3 5 0 1 1 15 0 7 1 0 0 0 0 14 0 2 13 0 0 0 0 0 0 0 0 0 0 9 13 0 6 6 4 8 0 2 0 0 0 0 0 15 0 0 5 0 0 0 0 0 0 17 13 3 5 0 0 5 1 0 0 0 0 2 13 0 7 7 0 0 5 0 0 3 0 0 0 0 6 0 0 11 0 0 27 120 115 154 237 255 255 189 102 15 0 0 11 0 2 2 0 1 0 0 0 0 0 11 0 8 0 136 227 255 255 255 253 246 247 254 255 252 74 0 14 4 0 2 0 1 0 0 0 0 0 2 0 9 0 181 255 251 252 255 253 255 248 255 255 249 247 14 0 0 0 9 3 1 0 0 0 0 0 0 5 1 0 70 114 73 130 146 0 7 10 11 243 255 248 3 0 8 2 0 4 4 0 0 0 0 11 0 3 0 0 4 17 0 0 14 9 0 57 181 253 254 191 21 0 0 0 16 0 0 0 0 0 0 0 0 0 9 3 1 2 0 8 0 15 126 248 255 255 255 0 0 12 8 0 6 0 16 0 0 0 0 2 0 0 3 6 0 0 8 0 0 0 138 255 243 255 252 140 4 4 0 4 0 9 0 0 0 0 0 4 10 1 0 0 0 0 1 0 3 13 57 116 143 188 255 246 255 172 0 5 0 0 12 0 0 0 0 0 3 1 0 3 7 5 8 1 0 0 4 7 7 45 133 255 255 244 191 75 2 1 0 0 0 0 0 0 0 0 0 0 0 0 0 0 11 0 0 0 0 13 7 122 192 255 255 110 4 4 0 0 0 0 0 9 0 0 7 4 0 2 3 6 0 5 4 0 5 0 0 4 120 255 255 135 0 16 6 0 0 0 0 0 0 0 0 0 0 0 0 4 10 0 0 0 0 4 0 0 132 246 253 131 1 0 3 0 0 0 0 0 0 0 0 0 0 0 0 0 0 12 4 0 3 0 0 1 111 255 245 145 0 16 0 0 0 0 0 0 0 0 0 0 0 0 0 17 8 0 0 20 1 6 0 191 255 219 255 83 0 7 0 0 0 0 0 0 0 0 0 0 0 0 0 0 0 69 25 0 0 5 0 255 255 255 196 0 0 0 4 0 0 0 0 0 0 0 0 0 0 0 0 8 123 189 1 0 1 8 196 255 241 185 6 0 7 10 5 0 0 0 0 0 0 0 0 0 0 0 0 0 255 255 0 9 125 196 249 252 255 70 5 17 0 0 0 0 0 0 0 0 0 0 0 0 0 0 0 0 255 245 195 255 251 250 255 250 73 2 0 0 3 19 0 0 0 0 0 0 0 0 0 0 0 0 0 0 125 255 254 237 255 249 253 2 0 0 0 13 1 0 13 0 0 0 0 0 0 0 0 0 0 0 0 0 2 255 248 255 194 116 6 0 0 0 0 0 0 0 0 0 0 0 0 0 0 0 0 0 0 0 0 3 0 26 0 0 5 5 0 0 0 0 0 0 0 0 0 0 0 0 0 0 0 0 0 0 0 0 0 0 17 0 1 0 5 0 0 0 0 0 0 0 0 0 0 0 0 0 0 0 0 0 0 0 0 0 0 0 9 0 0 16 0 3 3 0 0 0 0 0 0 0 0 0 0 0 0
0 0 0 0 0 0 0 0 0 0 0 0 0 8 1 0 0 2 0 1 0 0 1 2 0 0 0 0 0 0 0 0 0 0 0 0 0 6 0 0 0 0 6 2 0 0 0 4 7 0 0 0 0 0 0 0 0 0 0 0 0 0 0 0 0 0 0 2 9 0 2 0 10 1 0 0 0 0 1 12 0 0 0 0 0 0 0 0 0 0 0 0 0 1 7 7 0 0 0 15 4 0 2 3 10 13 0 0 0 0 0 0 0 0 0 0 0 0 0 0 0 3 14 0 0 63 132 192 250 187 100 1 0 0 6 10 0 0 0 0 0 0 0 0 0 0 0 0 4 0 0 28 124 230 254 241 255 255 240 102 5 1 0 0 0 0 0 0 0 0 0 0 0 0 0 0 8 0 9 160 255 219 149 66 19 153 244 132 13 3 0 7 0 0 0 0 0 0 0 0 0 0 0 0 2 0 5 197 208 26 0 0 1 156 255 127 0 0 0 3 0 0 0 0 0 0 0 0 0 0 0 0 0 8 0 0 12 0 0 0 87 253 174 12 8 0 11 0 0 0 0 0 0 0 0 0 0 0 0 0 0 0 12 0 8 0 13 80 234 255 93 0 0 0 0 2 0 0 0 0 0 0 0 0 0 0 0 0 6 0 2 0 7 0 68 222 255 150 13 10 0 0 0 3 0 0 0 0 0 0 0 0 0 0 0 0 0 1 15 0 58 255 250 248 245 255 150 0 7 14 0 0 0 0 0 0 0 0 0 0 0 0 0 0 5 0 18 227 255 243 253 202 202 228 250 133 1 0 1 7 0 0 0 0 0 0 0 0 0 0 0 0 0 11 223 255 253 242 103 0 0 96 239 195 0 14 0 0 0 0 0 0 0 0 0 0 0 0 0 0 0 0 195 210 153 75 0 8 5 16 224 253 0 0 0 0 0 0 0 0 0 0 0 0 0 0 0 0 9 0 0 3 0 0 0 1 0 36 238 205 3 2 1 1 0 0 0 0 1 4 9 0 3 4 0 1 0 15 0 0 5 1 0 9 2 148 255 154 7 0 1 0 0 0 0 0 5 0 0 0 0 0 0 7 4 0 8 8 0 1 0 0 56 233 236 81 1 0 1 3 0 0 0 0 0 0 2 2 1 0 0 0 7 0 15 0 5 15 0 21 200 255 138 0 0 4 4 0 0 0 0 0 0 6 3 0 0 0 3 0 2 0 0 0 2 0 51 207 255 163 30 0 0 0 4 0 0 0 0 0 0 1 0 0 26 0 2 2 0 8 13 0 34 124 247 254 154 33 0 14 4 0 0 7 0 0 0 0 18 4 0 29 106 12 0 0 14 12 24 120 247 247 234 146 26 0 3 0 0 9 0 8 0 0 0 0 0 0 6 72 255 197 200 196 194 245 253 242 255 165 72 0 0 6 0 0 0 7 0 0 0 0 0 0 4 7 0 25 255 242 255 246 255 255 253 139 57 0 5 1 0 3 0 15 4 0 8 0 0 0 0 0 0 0 0 0 0 0 0 0 0 0 0 0 0 0 0 0 0 0 0 0 0 0 0 0 0 0 0 0 0 0 0 0 0 0 0 0 0 0 0 0 0 0 0 0 0 0 0 0 0 0 0 0 0 0 0 0 0 0 0 0 0 0 0 0 0 0 0 0 0 0 0 0 0 0 0 0 0 0 0 0 0 0 0 0 0 0 0 0 0 0 0 0 0 0 0 0 0 0 0 0 0 0 0 0 0 0 0 0 0 0 0 0
0 0 0 0 0 0 0 0 1 8 1 0 3 7 2 0 0 7 1 0 0 0 10 0 0 0 0 0 0 0 0 0 0 0 0 0 0 1 5 2 0 0 0 0 0 0 0 3 5 0 1 0 0 0 0 0 0 0 0 0 0 0 0 0 3 0 0 4 1 2 6 2 4 1 4 2 3 0 0 3 0 0 0 0 0 0 0 0 0 0 0 0 4 0 1 4 0 0 3 8 0 0 16 0 0 0 5 0 0 0 0 0 0 0 0 0 0 0 0 0 0 0 0 4 4 2 1 0 27 0 6 0 1 3 6 0 0 0 0 0 0 0 0 0 0 0 0 0 1 16 4 0 1 63 159 244 184 32 2 0 6 0 0 0 0 0 0 0 0 0 0 0 0 0 0 0 0 2 0 33 147 230 253 255 255 52 4 0 4 0 2 1 0 0 0 0 0 0 0 0 0 0 0 0 127 188 199 205 255 255 244 253 219 7 0 2 5 0 13 0 0 0 0 0 0 0 0 0 0 0 0 0 168 252 240 245 201 120 224 255 145 3 0 13 2 0 17 0 0 0 0 0 0 0 0 0 0 0 0 0 4 41 21 27 6 146 255 233 39 8 11 0 3 0 2 0 0 0 0 0 0 0 0 0 0 0 0 0 16 0 0 4 33 203 248 186 3 0 0 9 20 9 0 5 0 0 0 0 0 0 0 0 0 0 0 0 0 0 7 0 180 255 175 9 0 0 13 1 0 0 4 6 0 0 0 0 0 0 0 0 0 0 0 0 6 0 0 17 227 243 241 215 164 41 9 0 19 0 7 0 0 0 0 0 0 0 0 0 0 0 0 0 0 8 0 6 147 228 255 243 254 255 193 92 0 2 0 8 0 0 0 0 0 0 0 0 0 0 0 0 3 0 0 0 14 43 110 135 217 250 255 242 52 13 0 10 0 0 0 0 0 0 0 0 0 0 0 0 1 0 12 0 3 0 0 0 12 56 245 255 96 0 16 0 0 0 0 0 6 0 0 0 1 0 0 5 5 4 0 0 19 0 0 11 0 1 192 242 149 8 0 12 0 0 0 0 1 1 4 6 4 0 0 0 0 1 2 0 0 4 0 0 2 23 255 255 108 0 4 0 0 0 0 0 0 0 4 1 0 0 0 0 10 1 0 15 0 6 0 0 39 222 243 240 8 16 0 1 0 0 0 0 0 0 0 0 0 0 2 0 0 0 0 0 0 4 5 21 216 252 239 61 0 0 17 0 0 0 0 0 3 2 0 0 1 6 4 0 0 15 10 0 37 92 173 245 248 233 39 0 26 0 0 7 0 0 0 0 0 0 0 3 5 1 0 0 14 0 5 102 251 255 240 222 141 38 0 8 0 4 0 0 0 0 0 0 0 0 0 4 2 0 0 15 21 44 154 255 255 154 57 3 0 4 0 5 3 0 14 0 0 0 0 0 8 0 0 5 0 0 17 51 235 233 235 175 24 0 13 0 2 0 6 0 3 0 0 3 0 0 0 0 0 9 0 0 10 0 15 109 205 122 30 0 0 8 4 0 0 0 0 0 0 0 0 0 0 0 0 0 0 6 0 0 15 0 0 20 7 2 2 7 3 0 0 0 0 0 0 0 0 0 0 0 0 0 0 0 1 7 0 0 4 4 0 0 0 0 0 1 0 0 0 9 0 0 0 0 0 0 0 0 0 0 0 0 1 4 4 0 0 3 11 5 12 1 0 1 9 7 0 0 0 0 0 0 0 0 0 0 0 0 0 0
4 0 11 1 0 0 10 0 0 9 0 6 0 0 5 0 4 0 8 0 0 0 11 0 0 0 0 0 0 0 0 0 6 1 1 2 0 0 5 5 0 4 0 5 3 8 4 7 8 0 0 0 0 0 0 0 13 16 0 0 2 0 0 5 13 0 5 0 1 6 0 3 0 9 0 0 4 0 0 0 0 0 0 0 0 0 0 0 1 5 0 3 9 0 1 4 10 0 0 0 0 9 8 0 2 6 8 0 0 0 0 0 1 0 17 16 0 0 7 0 0 11 0 0 0 0 10 3 3 0 19 0 0 0 3 0 0 0 0 0 7 0 0 0 4 46 111 122 198 255 247 255 255 255 242 175 110 21 0 0 3 0 1 5 0 0 0 0 5 0 0 7 152 220 255 244 254 255 216 227 208 255 251 255 255 177 13 0 10 6 0 0 0 0 0 0 0 3 3 30 237 240 144 41 44 31 24 59 3 36 51 157 251 255 31 5 0 1 0 0 0 0 0 0 0 2 0 113 255 171 8 0 0 7 0 1 0 27 57 231 255 223 20 18 0 0 11 0 0 0 0 0 0 0 0 52 124 75 0 0 0 18 0 13 79 178 255 248 249 62 18 0 3 12 0 6 0 0 0 0 2 0 0 4 7 1 0 3 1 0 74 182 255 254 255 158 100 9 0 0 18 0 0 8 0 0 0 0 1 2 3 0 0 0 4 0 15 56 242 255 249 251 242 198 126 9 15 8 0 6 1 0 0 0 0 0 0 2 0 0 6 6 0 0 0 13 150 147 171 255 247 248 254 186 81 0 19 5 0 0 0 0 0 0 0 3 0 0 6 0 0 7 4 0 0 0 0 18 41 112 206 254 243 106 0 0 0 0 0 0 0 0 0 1 1 0 0 0 0 6 0 12 0 9 13 7 0 0 7 223 252 240 77 0 4 0 0 0 0 0 3 0 2 5 0 1 11 0 3 4 0 0 0 0 4 6 4 25 192 255 195 70 2 0 0 0 0 0 4 0 0 0 3 3 0 0 0 0 5 5 0 5 12 0 0 0 72 255 252 190 0 0 0 0 0 0 0 1 0 0 0 2 3 0 4 9 0 3 0 0 9 7 0 6 0 124 248 224 0 15 0 0 0 0 0 0 0 3 6 8 4 0 0 13 0 8 1 0 0 3 0 13 0 53 255 231 0 0 0 0 0 0 5 0 1 5 0 0 0 4 0 0 2 2 5 2 0 0 2 0 0 73 240 229 9 8 0 0 0 0 5 0 0 7 0 3 70 151 103 0 10 0 5 4 3 3 6 5 34 196 251 245 0 0 0 0 0 0 1 0 1 4 0 27 146 255 213 70 34 0 6 0 0 10 0 29 127 249 255 179 0 2 0 0 0 0 7 3 1 0 0 0 75 155 255 250 210 186 184 177 172 182 185 203 255 243 184 49 0 9 0 0 0 0 0 0 1 5 4 0 0 5 55 236 237 249 246 255 254 249 254 246 239 203 39 0 0 0 0 0 0 0 0 0 0 0 0 0 0 0 0 16 55 101 142 179 218 247 255 181 79 10 0 0 1 0 0 0 0 0 0 0 0 0 0 0 0 0 0 0 0 2 0 0 0 3 8 3 0 0 1 1 0 0 0 0 0 0 0 0 0 0 0 0 0 0 0 0 1 4 3 1 3 8 0 0 2 3 0 0 6 12 0 0 0 0 0 0 0 0 0 0 0 0 2 0 0 0 0 0 0 0 6 3 0 0 0 0 0 0 0 0 0 0
7 0 0 0 0 0 0 4 2 2 0 0 0 0 2 2 0 6 9 0 0 0 3 2 0 0 0 0 2 7 4 5 0 14 0 0 0 0 2 1 0 0 0 0 9 0 0 2 9 4 0 0 0 0 0 0 0 5 5 5 0 0 0 6 0 2 3 2 0 0 2 5 0 4 8 0 0 0 3 0 0 0 0 0 9 0 0 0 11 2 4 0 1 0 0 0 4 4 0 0 12 0 0 3 9 0 0 0 0 0 0 0 0 0 6 0 10 0 10 0 3 3 5 5 0 0 0 3 0 1 6 4 0 0 1 3 0 0 0 0 0 9 7 0 16 8 57 42 146 124 132 187 235 214 131 56 9 4 0 0 0 0 0 4 0 0 0 0 10 0 0 90 198 248 255 253 244 245 254 255 255 246 243 250 170 67 0 7 23 0 0 1 0 0 0 0 0 0 10 191 255 254 240 249 223 215 213 216 216 216 231 250 255 240 148 24 0 0 16 0 0 0 0 0 0 0 0 126 169 92 84 62 0 3 12 5 1 0 9 99 239 253 255 53 0 0 2 0 0 0 0 0 9 10 0 10 12 0 5 0 10 6 0 0 4 4 14 1 153 246 255 62 10 3 4 0 0 0 0 0 0 9 6 4 0 0 9 0 0 11 2 11 12 0 2 7 157 255 242 170 7 0 0 0 0 0 0 0 0 0 0 0 0 3 0 0 8 0 18 0 0 0 9 159 249 255 233 69 0 4 13 0 0 0 0 0 18 2 4 0 2 6 0 4 0 4 0 91 120 101 216 255 255 249 73 0 15 0 0 10 0 0 0 0 0 0 4 0 0 5 0 0 8 0 141 255 243 246 255 238 249 255 52 32 0 0 0 3 0 0 0 0 4 13 6 0 0 0 8 6 0 3 154 255 251 255 255 250 255 247 254 90 0 27 0 1 0 0 0 0 3 0 0 3 8 0 0 0 0 0 13 88 131 118 119 123 198 243 255 253 148 11 0 0 0 0 0 0 0 0 0 0 0 0 0 0 0 0 8 2 0 17 0 0 0 39 202 255 255 106 0 3 0 0 0 0 0 0 0 0 0 0 0 0 0 0 0 5 3 0 4 7 6 0 36 199 255 245 91 0 0 0 0 0 0 0 0 0 0 0 0 0 0 12 0 4 10 0 4 0 0 10 0 77 244 255 131 8 0 0 0 0 0 0 0 0 0 0 0 0 0 10 0 0 3 0 0 0 0 10 0 0 231 241 132 0 0 0 0 0 0 0 0 0 0 0 0 0 0 0 20 0 17 0 0 8 8 0 24 115 249 255 112 15 0 0 0 0 0 0 0 0 0 0 0 0 2 76 200 104 83 1 5 0 61 136 210 240 254 255 94 0 0 0 0 0 0 0 0 0 0 0 0 0 0 98 252 251 252 207 227 211 235 234 255 255 234 123 3 1 0 0 0 0 0 0 0 0 0 0 0 0 3 9 68 227 255 253 250 255 255 255 246 210 41 0 4 0 0 0 0 0 0 0 0 0 0 0 0 0 0 6 0 33 113 133 137 184 144 106 53 15 0 0 0 0 0 0 0 0 0 0 0 0 0 0 0 0 0 0 0 0 11 1 0 13 7 1 0 0 0 2 0 0 0 0 0 0 0 0 0 0 0 0 0 0 7 11 5 3 8 1 0 5 0 0 3 4 2 0 0 0 0 0 0 0 0 0 0 0 0 0 0 0 0 0 0 0 0 0 3 0 5 6 5 1 0 0 1 6 0 0 0 0
0 0 0 0 0 0 0 0 0 0 1 5 6 0 0 3 1 0 0 0 17 0 12 0 0 0 0 0 0 0 0 0 0 0 0 0 9 0 4 8 0 0 6 0 0 3 13 1 2 0 0 0 0 0 0 0 0 0 0 0 0 0 0 0 0 4 0 0 0 3 0 7 0 0 1 0 2 4 6 6 0 0 0 0 0 0 0 0 0 0 0 0 0 5 0 3 0 1 0 4 8 0 4 0 0 8 0 0 0 0 0 0 0 0 0 0 0 0 0 0 2 0 0 17 0 5 0 0 0 0 4 4 0 0 0 5 0 0 0 0 0 0 0 0 0 0 0 0 0 116 172 234 255 230 127 110 27 13 0 2 3 2 5 3 0 0 0 0 0 0 0 0 0 0 0 0 0 172 240 255 255 255 229 254 173 108 0 3 4 0 0 0 0 0 0 0 0 0 0 0 0 0 0 0 0 127 255 253 107 178 255 249 255 188 19 11 0 0 14 6 0 0 0 0 0 0 0 0 0 0 0 0 0 8 31 12 9 0 25 179 247 255 47 3 3 0 6 0 0 0 0 0 0 0 0 0 0 0 0 0 6 0 0 17 12 0 71 184 250 255 70 0 0 1 2 1 0 0 0 0 0 0 0 0 0 0 0 0 6 0 2 0 0 32 173 249 248 167 16 4 5 5 0 0 0 0 0 0 0 0 0 0 0 0 0 0 0 0 0 0 17 190 244 254 251 87 0 12 0 0 0 8 0 0 0 0 0 0 0 0 0 0 0 0 5 0 14 0 63 221 255 252 16 0 0 9 0 14 0 0 0 0 0 0 0 0 0 0 0 0 0 0 0 0 0 8 183 255 251 83 0 22 19 0 0 6 0 13 0 0 0 0 0 0 0 0 0 0 0 0 0 12 4 0 119 242 255 120 11 0 0 0 10 5 0 6 0 0 0 0 0 0 0 0 0 0 0 0 6 0 0 0 13 189 241 255 71 0 0 16 0 0 17 0 0 0 0 0 0 0 0 0 0 0 0 0 10 1 1 7 0 46 179 248 245 165 20 4 7 0 0 5 0 0 0 0 0 0 0 0 0 0 0 0 0 0 3 0 10 0 27 168 255 241 155 3 0 4 0 7 0 0 0 0 0 0 0 0 0 0 0 0 0 5 2 0 0 0 16 26 247 255 187 4 0 12 0 0 0 0 0 0 0 0 0 0 0 0 0 0 11 0 19 0 0 0 0 147 255 226 76 5 0 7 2 0 0 0 0 0 0 0 0 0 0 0 0 0 0 0 3 9 0 13 122 255 254 131 0 3 0 0 4 2 0 0 0 0 0 0 0 0 0 0 0 0 0 55 156 85 55 203 255 237 139 10 0 2 7 0 0 6 0 0 0 0 0 0 0 0 0 0 0 0 0 190 255 220 232 255 241 169 16 0 3 4 7 1 2 0 0 0 0 0 0 0 0 0 0 0 0 0 9 159 247 247 255 252 140 4 0 15 0 6 0 0 6 0 0 0 0 0 0 0 0 0 0 0 0 0 0 73 197 255 190 70 4 4 0 0 0 0 0 0 0 0 0 0 0 0 0 0 0 0 0 0 0 0 1 0 5 10 2 0 0 4 0 0 0 0 0 0 0 0 0 0 0 0 0 0 0 0 0 0 0 0 0 0 0 0 6 14 7 0 0 0 0 0 0 0 0 0 0 0 0 0 0 0 0 0 0 0 0 0 0 7 5 0 0 0 1 0 0 0 0 0 0 0 0 0 0 0 0 0
0 0 0 0 0 0 0 0 0 0 0 0 4 0 3 7 0 1 0 0 0 6 0 0 0 0 0 0 0 0 0 0 0 0 0 0 9 0 0 23 0 0 2 0 0 6 12 2 0 0 4 12 0 0 0 0 0 0 0 0 0 0 0 0 0 14 0 0 0 10 0 5 0 0 0 1 7 9 5 0 0 0 0 0 0 0 0 0 0 0 0 0 0 3 12 0 10 2 0 3 11 1 2 0 0 0 12 1 0 0 0 0 0 0 0 0 0 0 0 0 21 0 125 228 254 221 198 130 38 9 0 0 15 0 10 0 0 0 0 0 0 0 0 0 0 0 0 0 0 51 232 255 246 239 255 252 255 212 136 88 73 0 0 2 0 0 0 0 0 0 0 0 0 0 0 0 0 151 255 246 236 255 247 255 239 255 255 251 206 36 0 4 0 0 0 0 0 0 0 0 0 0 0 0 6 146 223 147 8 28 67 179 255 255 243 255 255 85 9 0 0 0 0 0 0 0 0 0 0 0 0 0 0 10 13 9 2 0 0 30 62 86 237 254 252 162 0 0 0 0 0 0 0 0 0 0 0 0 0 0 5 0 1 0 0 15 14 0 11 100 229 248 252 65 7 4 0 0 0 0 0 0 0 0 0 0 0 0 0 5 1 0 0 0 31 102 162 249 255 238 150 0 0 9 0 0 0 0 0 0 0 0 0 0 0 0 14 0 2 0 19 132 236 242 255 249 251 178 23 0 15 0 0 0 0 0 0 0 0 0 0 0 0 0 0 3 0 36 158 248 255 255 255 222 158 4 4 0 0 15 0 0 0 0 0 0 0 0 0 0 0 0 0 0 84 217 255 255 218 186 60 13 15 3 0 2 19 0 0 0 0 0 0 0 0 0 0 0 0 0 15 137 216 249 255 173 47 0 16 0 0 18 0 8 0 0 0 0 0 0 0 0 0 0 0 0 0 0 10 169 255 255 183 75 0 0 0 0 22 0 1 12 0 7 0 0 0 0 0 3 1 0 5 0 11 0 137 255 254 239 190 73 32 5 5 0 12 0 0 2 3 0 0 0 0 0 3 3 0 0 6 0 0 0 28 216 255 250 255 253 250 247 138 59 15 2 0 3 2 1 0 0 0 0 0 5 4 0 2 4 0 18 4 46 149 233 248 246 250 247 255 255 201 39 21 0 0 5 0 0 0 0 0 6 3 0 0 12 0 0 7 0 12 24 8 81 205 255 243 253 255 218 5 0 0 0 0 0 0 0 6 3 0 0 1 0 0 17 39 116 130 163 224 249 255 243 255 244 231 182 0 3 5 0 0 0 0 0 3 0 3 6 1 0 104 198 247 255 238 254 255 253 255 255 243 212 139 0 7 0 2 1 0 0 0 0 0 0 9 6 2 0 178 255 255 252 253 244 229 223 165 65 74 7 0 0 0 0 0 8 0 0 0 0 4 0 0 0 7 0 144 136 133 136 123 31 0 14 0 2 2 0 5 3 8 3 0 0 0 0 0 0 0 0 0 0 0 0 0 0 0 0 0 0 0 0 0 0 0 0 0 0 0 0 0 0 0 0 0 0 0 0 0 0 0 0 0 0 0 0 0 0 0 0 0 0 0 0 0 0 0 0 0 0 0 0 0 0 0 0 0 0 0 0 0 0 0 0 0 0 0 0 0 0 0 0 0 0 0 0 0 0 0 0 0 0 0 0 0 0 0 0 0 0 0 0 0 0 0 0 0 0 0 0 0 0 0 0 0 0 0 0 0 0
0 0 7 0 0 0 0 6 0 4 0 9 1 7 0 4 10 0 0 0 0 2 3 0 0 0 0 0 5 0 0 0 3 10 0 0 6 0 2 0 0 0 0 4 0 4 0 6 7 0 0 3 0 0 0 0 0 4 0 2 0 1 12 1 3 0 6 0 0 6 1 2 0 16 0 0 6 0 0 1 0 0 0 0 0 8 1 10 0 0 6 1 5 0 4 0 3 2 16 0 4 1 3 0 0 6 2 0 0 0 0 0 0 5 0 12 5 3 0 0 18 50 54 79 133 158 215 178 43 0 5 10 0 3 0 6 0 0 0 0 5 6 0 5 0 1 0 86 222 255 244 252 255 255 255 242 171 24 0 2 0 4 0 7 0 0 0 0 1 6 0 3 0 0 13 195 244 255 250 247 253 243 232 255 255 138 12 0 5 4 0 0 0 0 0 0 0 0 0 9 2 3 1 214 255 238 204 161 144 148 131 250 248 222 65 0 5 0 11 0 0 0 0 0 0 0 5 4 0 0 12 32 117 75 19 6 8 0 3 191 249 255 120 18 0 3 4 0 0 0 0 0 1 0 1 2 0 0 1 11 0 0 3 0 0 4 5 206 251 255 131 0 0 12 0 11 0 0 0 0 3 0 0 0 1 0 0 0 0 11 0 7 5 0 116 242 255 250 129 9 0 4 5 0 0 0 0 0 2 0 0 0 4 4 1 0 0 0 0 0 11 0 220 255 250 249 32 0 25 1 0 0 0 0 0 0 0 1 1 0 0 2 4 4 0 60 101 88 101 131 238 251 245 182 0 11 0 0 14 12 0 0 0 0 0 4 3 0 0 0 1 2 7 230 255 247 246 255 255 255 255 226 61 0 0 31 0 0 0 0 0 0 1 4 3 0 0 0 0 0 0 226 252 255 255 255 247 255 242 255 253 159 20 0 0 3 0 0 0 0 0 3 2 0 0 5 3 0 5 99 213 191 194 190 190 233 255 240 255 255 179 14 1 6 0 0 0 0 7 0 0 8 0 12 0 2 11 0 30 5 0 2 5 21 84 213 253 255 246 73 0 9 0 0 0 0 0 14 0 0 5 0 0 7 0 13 3 0 10 0 0 1 11 67 242 255 255 59 2 0 0 0 0 0 0 6 0 0 9 0 122 165 28 2 1 11 3 0 10 0 0 96 253 247 255 154 5 5 0 0 0 0 6 0 0 5 0 17 254 255 186 18 0 0 0 7 0 9 47 239 255 246 249 40 6 0 0 0 0 0 0 0 12 0 0 24 250 236 239 84 8 3 4 0 33 193 239 242 245 255 202 30 0 0 0 0 0 0 0 9 2 0 0 3 180 255 247 224 124 71 99 192 247 249 249 255 237 246 49 0 6 2 0 0 0 0 3 0 0 6 1 0 95 239 255 255 242 255 250 248 254 255 251 246 222 75 4 15 2 0 0 0 0 0 0 0 4 14 0 8 7 42 126 206 255 252 255 241 139 159 161 120 34 3 0 1 0 7 0 0 0 0 0 0 0 0 0 0 0 0 0 0 0 0 0 0 0 0 0 0 0 0 0 0 0 0 0 0 0 0 0 0 0 0 0 0 0 0 0 0 0 0 0 0 0 0 0 0 0 0 0 0 0 0 0 0 0 0 0 0 0 0 0 0 0 0 0 0 0 0 0 0 0 0 0 0 0 0 0 0 0 0 0 0 0 0 0 0 0 0 0 0 0 0 0 0 0 0 0 0 0 0 0 0 0 0 0 0 0 0 0 0 0 0
7 0 0 0 2 0 1 7 0 1 3 0 0 0 1 0 3 1 5 0 8 2 0 6 0 0 0 0 0 0 1 4 1 0 0 0 9 0 0 3 9 0 0 0 0 0 0 0 0 10 10 0 0 0 0 0 0 1 4 2 0 0 0 0 0 2 5 0 0 0 1 4 1 6 14 13 0 0 10 0 0 0 0 0 0 2 1 0 0 2 4 1 8 7 1 0 0 4 4 0 0 0 0 5 0 0 3 4 0 0 0 0 1 0 0 0 0 4 2 0 0 0 2 8 4 0 0 3 1 10 0 0 5 4 0 7 0 0 0 0 0 0 0 3 5 0 0 0 9 153 255 241 145 68 19 0 0 6 15 0 3 10 0 0 0 0 0 0 1 0 0 6 4 0 2 17 184 236 255 242 253 255 192 89 35 0 3 0 0 5 0 3 0 0 0 0 7 0 0 4 0 0 15 49 255 255 255 255 253 249 246 246 217 19 0 8 0 13 0 4 0 0 0 0 6 0 15 0 1 0 5 166 250 219 108 75 134 255 248 255 255 155 4 0 0 0 6 0 0 0 0 0 8 0 6 0 9 5 0 78 191 44 2 0 0 68 255 244 241 225 0 0 6 11 5 2 0 0 0 0 2 0 1 0 7 10 0 3 0 0 6 16 15 0 159 255 246 108 0 0 1 0 0 0 0 0 0 0 0 1 1 0 0 0 6 0 16 0 9 1 8 102 216 255 249 19 0 9 1 0 8 3 0 0 0 0 0 1 0 3 0 0 13 4 0 10 0 0 164 255 255 255 231 144 13 0 0 8 3 0 0 0 0 0 8 0 0 4 1 0 3 0 4 14 3 149 255 255 239 246 255 252 125 12 0 9 0 0 0 0 0 0 8 0 0 0 5 3 0 0 0 0 0 219 253 235 216 252 247 255 246 100 11 4 0 9 0 0 0 0 0 0 3 0 1 6 0 8 0 10 0 0 15 5 0 67 134 255 248 178 4 0 8 0 0 0 0 0 0 0 0 0 0 0 0 0 0 3 9 0 0 2 0 0 45 241 255 161 21 0 0 0 0 0 0 0 0 0 0 0 0 0 0 0 13 0 0 0 0 29 0 4 32 234 254 184 0 3 0 18 0 0 0 0 0 0 0 0 0 0 0 0 0 12 0 27 12 0 0 13 0 179 254 182 16 7 7 0 0 0 0 0 0 0 0 0 0 0 0 0 0 0 51 3 0 16 0 0 0 120 249 255 104 0 0 9 0 0 0 0 0 0 0 0 0 0 0 0 0 31 222 163 48 0 0 9 6 178 255 231 28 1 1 0 0 0 0 0 0 0 0 0 0 0 0 0 0 141 250 235 246 92 0 93 175 255 243 149 4 0 12 8 0 0 0 0 0 0 0 0 0 0 0 0 13 79 243 255 231 251 224 249 253 246 146 8 0 1 17 0 0 0 0 0 0 0 0 0 0 0 0 0 2 0 33 227 255 249 251 255 250 164 10 0 4 7 0 12 0 0 0 0 0 0 0 0 0 0 0 0 0 5 0 11 75 236 255 255 85 26 0 0 11 2 0 2 0 0 0 0 0 0 0 0 0 0 0 0 9 6 0 0 0 16 0 0 15 1 0 0 4 0 0 7 0 0 0 0 0 0 0 0 0 0 0 0 0 0 6 13 5 0 0 12 0 0 8 4 0 1 2 0 0 0 0 0 0 0 0 0 0 0 0 0 8 4 8 0 0 0 5 1 1 8 7 0 0 4 0 0 0 0 0 0
0 2 0 2 12 0 3 0 2 0 20 0 7 0 0 7 4 0 2 0 8 0 7 4 0 0 0 0 4 18 3 0 0 0 6 0 1 0 0 1 16 0 7 0 0 0 8 0 3 14 0 3 0 0 0 0 0 0 0 2 3 4 13 0 2 4 0 3 0 0 6 1 1 0 12 13 0 0 0 10 0 0 0 0 10 0 0 13 8 0 0 0 0 0 17 0 0 15 0 0 8 0 0 0 12 2 11 0 0 0 0 0 3 0 5 5 0 0 0 9 11 0 6 0 9 0 8 8 0 6 17 0 5 7 7 0 0 0 0 0 0 0 1 0 0 12 0 0 0 11 58 157 254 174 121 35 61 0 25 6 0 0 0 4 0 0 0 0 8 11 4 0 8 4 0 22 59 148 233 242 255 253 243 255 215 58 0 16 0 11 6 0 0 0 0 0 0 0 3 0 2 0 22 163 252 255 247 67 60 185 169 253 253 255 2 0 5 0 0 13 0 0 0 0 2 0 3 0 3 0 17 189 255 242 255 178 4 10 1 142 250 247 24 0 0 21 0 0 0 0 0 0 0 0 11 0 0 1 0 43 73 94 94 22 11 0 0 184 255 255 0 39 0 0 7 0 0 0 0 0 0 0 5 11 0 0 0 0 3 7 1 12 0 9 66 248 247 135 0 0 0 15 0 0 0 0 0 0 3 0 0 9 0 0 8 3 0 3 0 10 29 202 255 255 215 46 6 2 14 0 0 17 0 0 0 0 0 12 0 0 4 5 0 0 0 44 99 161 236 247 255 225 77 0 0 4 0 26 0 0 0 0 0 0 0 8 0 0 11 0 0 45 197 252 250 254 255 250 250 255 255 198 176 66 0 4 4 1 0 0 0 0 0 0 3 4 8 0 1 96 254 255 242 255 168 143 187 255 245 250 255 255 181 0 12 0 0 0 0 0 4 0 14 0 0 9 0 45 153 116 74 9 0 0 19 0 34 66 159 240 252 204 66 0 0 0 0 0 0 10 6 0 0 0 8 0 0 3 7 0 12 0 12 0 0 0 12 62 251 255 116 14 0 0 0 0 0 0 0 0 6 5 0 62 9 0 3 19 0 3 0 13 25 0 7 11 140 240 221 0 0 0 0 0 2 0 6 0 0 1 0 190 169 9 4 0 11 0 0 0 0 16 0 6 135 255 212 0 0 0 0 0 4 0 5 6 0 0 5 197 255 91 0 0 4 8 0 12 15 0 0 13 184 241 191 0 0 0 0 0 4 0 0 12 0 5 0 62 235 146 16 0 0 16 0 0 0 10 55 161 248 247 94 8 0 0 0 0 1 5 0 14 0 2 2 0 240 255 162 20 0 0 7 6 48 120 240 255 255 137 15 0 0 0 0 0 0 10 0 9 0 0 14 2 11 183 255 253 152 154 122 152 255 244 250 200 47 7 7 0 0 0 0 0 0 1 0 0 9 1 0 0 0 75 208 250 246 255 239 255 255 228 116 31 2 0 6 0 0 0 0 0 0 0 0 0 0 0 0 0 4 0 8 55 139 198 184 137 53 27 3 0 0 1 0 0 0 0 0 0 0 0 0 0 0 0 0 0 0 0 0 0 0 10 7 0 8 0 0 0 2 1 0 0 0 0 0 0 0 0 0 0 0 0 0 0 7 10 8 0 0 0 0 1 0 0 0 4 2 0 0 0 0 0 0 0 0 0 0 0 0 0 0 0 0 0 0 0 4 6 2 0 0 2 4 2 0 0 0 3 0 0 0 0
0 0 0 0 0 0 0 0 0 0 6 0 1 4 0 0 0 2 6 1 0 0 0 4 0 0 0 0 0 0 0 0 0 0 0 0 4 1 0 0 1 0 8 13 14 0 0 0 8 4 0 1 0 0 0 0 0 0 0 0 0 0 0 0 0 10 0 11 1 0 0 0 0 0 1 6 0 0 0 6 0 0 0 0 0 0 0 0 0 0 0 0 0 5 0 0 0 11 4 0 10 14 7 0 0 1 4 0 0 0 0 0 0 0 0 0 0 0 0 0 5 2 2 0 0 16 0 1 0 0 0 2 4 4 0 0 0 0 0 0 0 0 0 0 0 0 0 0 5 0 7 114 197 247 182 143 64 27 0 0 1 0 0 1 0 0 0 0 0 0 0 0 0 0 0 0 0 95 164 255 249 248 254 248 255 185 78 7 0 5 5 0 0 0 0 0 0 0 0 0 0 0 0 0 57 230 242 255 167 152 222 213 234 255 222 102 7 0 4 0 0 0 0 0 1 0 0 0 0 1 4 6 174 255 255 231 138 12 0 0 56 254 244 239 26 1 18 0 0 0 0 0 1 0 0 0 0 1 4 5 228 239 239 255 226 65 5 9 11 68 255 232 134 3 0 10 0 0 0 0 0 0 0 0 0 1 3 4 131 208 247 232 131 18 0 0 0 22 183 255 171 0 0 6 0 0 0 0 0 0 0 0 0 1 2 3 0 20 35 28 0 0 8 7 0 8 173 249 164 3 0 0 0 0 0 0 0 0 0 0 0 0 1 1 10 0 7 5 2 8 0 0 0 71 205 253 116 7 0 2 0 0 0 0 0 0 0 0 0 0 0 0 4 0 2 0 0 1 0 10 91 232 255 189 13 0 1 3 0 0 0 0 0 0 0 0 0 0 0 0 2 0 11 1 0 8 61 191 235 255 237 30 0 0 0 4 0 0 0 0 0 0 0 0 0 0 0 0 0 3 9 0 115 255 253 251 253 226 27 0 20 0 7 0 0 0 0 0 2 2 8 4 0 0 6 0 0 11 0 1 213 253 249 255 162 0 14 0 0 0 10 0 0 0 0 0 4 0 0 2 3 0 0 0 9 0 0 8 52 94 220 254 207 16 0 3 10 0 3 1 0 0 0 0 0 0 0 0 0 0 3 6 0 9 12 0 5 12 10 219 236 90 0 0 4 0 0 0 0 0 0 0 0 9 7 0 0 6 1 0 0 7 0 0 0 0 5 149 255 194 33 4 0 0 2 5 0 0 0 0 1 0 0 0 12 4 0 0 6 0 4 21 0 0 18 76 255 240 42 4 0 3 6 1 0 0 0 0 7 0 0 2 6 0 8 76 68 10 4 0 2 0 2 185 250 216 5 0 0 0 0 0 0 0 0 0 1 6 0 1 0 0 19 102 233 186 87 63 22 0 114 251 253 194 0 3 9 2 6 0 0 0 0 0 0 10 0 0 9 4 0 13 144 235 255 245 214 245 244 255 239 178 0 0 0 0 8 0 0 0 0 0 0 0 0 0 0 0 0 0 0 71 171 239 255 249 242 242 104 24 0 3 0 0 5 0 0 0 0 0 0 0 0 0 0 0 0 0 0 0 2 4 3 3 8 12 16 0 0 11 0 0 5 0 0 0 0 0 0 0 0 0 0 0 0 0 11 4 0 0 0 0 0 0 0 0 5 4 0 0 10 0 0 0 0 0 0 0 0 0 0 0 0 0 0 0 2 4 4 4 5 5 8 4 4 0 0 2 10 0 0 0 0 0
0 0 0 0 0 0 0 0 0 0 2 0 7 0 5 0 0 6 0 0 7 1 0 2 0 0 0 0 0 0 0 0 0 0 0 0 11 0 0 0 0 8 0 6 0 0 8 4 0 3 8 1 0 0 0 0 0 0 0 0 0 0 0 0 0 0 4 1 4 13 0 0 11 0 1 11 0 0 0 2 0 0 0 0 0 0 0 0 0 0 0 0 9 1 12 0 1 0 1 0 6 0 0 5 8 3 4 7 0 0 0 0 0 0 0 0 0 0 0 0 0 4 0 0 9 0 15 3 0 11 3 0 3 6 0 0 0 0 0 0 0 0 0 0 0 0 0 0 3 9 0 6 0 6 0 0 10 8 0 0 9 2 0 15 0 0 0 0 0 0 0 0 0 0 0 0 0 0 23 0 0 4 3 28 22 37 109 181 189 151 71 0 0 0 0 0 0 0 0 0 0 0 0 0 0 15 205 160 225 198 204 239 238 230 255 250 238 255 208 19 0 0 0 0 0 0 0 0 0 0 0 0 0 21 219 237 245 255 255 252 243 254 255 240 255 249 96 0 0 0 0 0 0 0 0 0 0 0 0 0 12 0 11 6 71 88 72 96 93 114 236 255 247 173 6 1 0 0 0 0 0 0 0 0 0 0 0 0 0 1 7 0 6 15 2 0 0 171 238 243 181 20 5 0 0 0 0 0 0 0 0 0 0 0 0 0 6 23 0 0 0 0 29 178 240 252 253 252 70 0 0 4 0 0 0 0 0 0 0 0 0 0 0 0 0 0 13 2 16 163 222 247 249 247 255 235 227 65 0 0 0 0 0 0 0 0 0 0 0 0 0 0 24 0 0 11 108 255 251 250 186 169 174 255 232 205 0 12 0 0 0 0 0 0 0 0 0 0 0 0 0 0 0 5 46 149 140 60 0 6 0 222 255 167 0 0 0 0 0 0 0 0 0 0 0 0 0 0 6 12 0 0 11 0 0 0 1 0 162 255 232 116 15 0 0 0 0 0 5 0 20 0 0 4 2 0 5 0 0 0 0 0 0 0 0 21 208 255 200 7 2 0 0 0 0 0 0 0 3 0 3 12 46 4 0 10 0 0 16 0 3 0 26 124 255 199 70 0 19 0 0 0 0 0 5 15 0 19 165 223 69 0 0 0 16 0 0 8 10 52 173 255 228 77 0 1 2 0 0 0 0 0 1 0 21 128 255 130 0 26 0 8 0 25 0 0 128 243 255 237 97 0 0 16 0 1 0 0 0 0 6 3 0 255 251 87 0 0 0 0 0 0 33 212 255 252 149 54 1 0 0 0 4 0 0 0 0 0 0 24 2 243 255 250 170 123 123 130 138 232 242 255 241 162 15 0 0 0 4 0 4 2 0 0 0 0 19 0 1 61 221 252 250 255 247 242 255 253 246 196 77 0 0 14 6 0 12 0 0 9 0 0 0 0 0 14 0 9 15 112 169 180 176 187 149 63 66 5 0 0 0 2 0 0 0 0 0 4 0 0 0 0 0 0 0 0 0 0 0 0 0 0 0 0 0 0 0 0 0 0 0 0 0 0 0 0 0 0 0 0 0 0 0 0 0 0 0 0 0 0 0 0 0 0 0 0 0 0 0 0 0 0 0 0 0 0 0 0 0 0 0 0 0 0 0 0 0 0 0 0 0 0 0 0 0 0 0 0 0 0 0 0 0 0 0 0 0 0 0 0 0 0 0 0 0 0 0 0 0 0 0 0 0 0 0 0 0 0 0 0 0 0 0 0
1 1 1 0 0 0 0 0 4 0 4 0 0 3 3 0 0 7 0 0 0 10 5 0 0 0 0 0 1 1 1 0 0 0 0 0 0 0 6 5 0 4 1 0 0 2 4 2 3 0 0 0 0 0 0 0 1 1 0 0 0 0 0 0 11 0 0 1 0 0 0 13 0 0 0 2 1 0 0 3 0 0 0 0 0 0 0 0 0 0 0 0 0 16 10 0 0 12 11 0 14 2 0 0 0 0 3 1 0 0 0 0 0 0 0 0 0 0 0 0 0 11 0 0 5 0 1 0 3 0 3 4 0 2 6 0 0 0 0 0 0 0 0 0 0 0 1 1 0 6 0 4 16 0 0 3 0 0 0 8 0 0 7 0 0 0 0 0 0 0 0 0 0 1 1 1 133 253 255 242 249 255 249 187 105 32 0 3 0 0 5 0 0 0 0 0 0 0 0 0 0 1 1 1 174 253 253 255 255 238 255 255 255 111 10 1 0 0 2 0 0 0 0 0 0 0 0 0 0 0 0 0 10 57 53 57 65 87 171 254 242 241 16 0 3 0 0 10 0 0 0 0 0 0 0 0 0 0 0 0 0 16 1 0 2 2 0 161 252 255 26 0 0 8 0 3 0 0 0 0 0 0 0 0 0 0 0 0 0 2 4 0 8 0 32 239 255 236 19 1 0 6 0 2 0 0 0 0 0 0 0 0 0 0 0 0 1 0 13 1 7 0 178 255 253 134 0 2 3 0 0 6 0 0 0 0 0 0 0 0 0 0 0 0 5 0 0 0 0 4 237 238 211 27 0 0 3 0 0 2 0 0 0 0 0 0 0 0 0 0 0 0 0 3 0 0 4 83 246 255 136 0 14 0 0 6 4 0 0 0 0 0 0 0 0 0 0 0 0 0 0 0 2 0 50 164 236 218 52 0 13 0 0 9 2 0 0 0 0 0 0 0 0 0 0 0 0 0 6 0 4 15 141 253 255 113 0 4 0 4 0 0 0 11 0 0 0 0 0 0 0 0 0 0 0 0 4 3 1 60 246 253 250 162 81 0 7 0 6 0 13 0 0 0 0 0 0 0 0 0 0 0 0 0 0 14 0 104 255 246 252 255 199 47 8 3 0 3 5 0 0 0 0 0 0 0 0 0 0 0 0 0 11 17 0 12 77 112 98 248 255 140 2 3 0 5 1 0 0 0 0 0 0 0 0 0 0 0 0 0 0 0 3 0 0 7 17 206 253 186 0 0 9 0 3 0 0 0 0 0 0 0 0 0 0 0 0 0 3 8 0 7 3 0 135 255 237 129 0 0 11 0 5 0 0 0 0 0 0 0 0 0 0 0 0 0 0 1 9 0 6 53 220 250 229 30 6 7 0 0 3 0 0 0 0 0 0 0 0 0 0 0 0 0 9 0 3 0 32 173 255 253 141 0 0 7 0 1 4 0 0 0 0 0 0 0 0 0 0 0 0 0 1 0 0 144 184 253 250 208 18 17 0 0 9 0 8 0 0 0 0 0 0 0 0 0 0 0 0 0 0 3 0 229 247 255 185 13 0 0 0 0 0 0 0 0 0 0 0 0 0 0 0 0 0 0 0 0 0 8 0 164 232 128 7 19 0 0 0 0 0 0 0 0 0 0 0 0 0 0 0 0 0 0 0 0 0 8 0 0 16 5 0 6 0 0 0 0 0 0 0 0 0 0 0 0 0 0 0 0 0 0 0 0 9 0 23 8 0 7 15 0 0 0 0 0 0 0 0 0 0 0 0 0
0 0 0 0 0 0 0 0 0 0 1 2 0 0 8 0 3 1 0 1 15 1 0 3 0 0 0 0 0 0 0 0 0 0 0 0 17 0 0 4 15 0 0 13 0 0 4 0 0 2 13 0 0 0 0 0 0 0 0 0 0 0 0 0 0 2 13 0 0 5 0 0 14 0 10 4 0 0 6 0 0 0 0 0 0 0 0 0 0 0 0 0 0 0 11 0 4 1 0 17 0 0 10 0 7 4 9 0 0 0 0 0 0 0 0 0 0 0 0 0 4 2 0 0 0 4 0 0 0 4 5 0 8 0 0 22 0 0 0 0 0 0 0 0 0 0 0 0 0 0 0 64 125 229 255 255 180 118 31 0 10 14 0 0 0 0 0 0 0 0 0 0 0 0 0 0 10 0 9 221 253 255 251 246 241 255 223 107 0 0 14 0 0 0 0 0 0 0 0 0 0 0 0 0 0 0 6 239 244 255 255 251 255 245 255 248 64 4 0 0 0 0 0 0 0 0 0 0 0 0 0 0 0 4 14 42 217 253 241 252 247 255 253 233 111 0 6 0 0 0 0 0 0 0 0 0 0 0 0 0 0 0 0 15 0 113 255 248 251 239 248 245 0 11 0 6 0 0 0 0 0 0 0 0 0 0 0 0 16 28 0 0 13 88 239 255 255 251 217 24 11 0 0 0 0 0 0 0 0 0 0 0 0 0 0 0 0 9 11 0 0 82 255 244 253 168 0 0 0 0 0 6 0 0 0 0 0 0 0 0 0 0 0 0 17 0 8 4 0 82 241 255 253 146 0 18 1 0 16 0 0 0 0 0 0 0 0 0 0 0 0 0 0 3 0 11 0 0 51 235 255 255 126 0 0 18 0 0 0 0 0 0 0 0 0 0 0 0 0 0 0 8 0 4 0 14 0 60 255 234 205 10 0 0 1 5 0 0 0 0 0 0 0 0 0 0 0 0 2 4 1 0 8 3 0 12 217 251 255 45 5 0 12 0 0 0 0 0 2 0 2 0 0 14 0 0 0 0 0 0 0 6 0 58 250 255 244 42 0 14 0 0 0 0 0 0 0 5 12 8 0 0 9 1 8 7 4 17 3 0 8 145 255 244 196 0 3 0 0 2 0 0 0 0 0 0 0 6 18 13 6 0 0 12 0 0 0 5 69 255 247 255 185 2 5 7 5 7 0 0 0 0 5 0 4 0 8 0 0 11 16 0 1 14 5 115 226 255 252 240 116 15 0 12 0 0 0 0 0 0 1 9 5 0 0 0 24 0 0 0 0 55 148 254 255 239 255 143 8 8 0 0 0 2 0 0 0 0 0 7 0 15 10 37 190 75 0 64 165 255 247 246 255 255 187 51 0 0 8 0 18 3 0 0 0 0 0 12 0 2 0 19 250 250 252 255 232 247 253 255 245 234 48 0 6 0 0 0 10 0 0 0 0 0 2 0 3 0 9 2 139 253 254 248 252 255 236 252 190 17 5 0 0 5 1 4 0 5 0 0 0 0 0 5 0 0 4 0 26 106 201 236 255 249 153 44 0 0 0 0 0 0 0 0 0 0 0 0 0 0 0 5 0 0 12 0 0 18 1 0 0 5 5 0 1 14 0 0 0 0 0 0 0 0 0 0 0 0 0 9 0 0 5 6 0 0 8 1 0 2 4 0 0 0 0 0 0 0 0 0 0 0 0 0 0 0 0 10 2 0 0 5 5 9 0 0 4 2 0 0 4 7 0 0 0 0 0 0 0 0 0 0 0 0
0 0 0 0 0 0 0 0 7 0 0 0 2 3 0 0 5 0 0 0 0 0 4 0 0 0 0 0 0 0 0 0 0 0 0 0 0 0 8 0 0 0 2 7 0 1 18 0 7 0 4 0 0 0 0 0 0 0 0 0 0 0 0 0 0 13 1 0 4 7 4 0 4 0 0 1 0 0 0 15 0 0 0 0 0 0 0 0 0 0 0 0 0 6 0 10 0 14 0 0 0 5 20 0 12 0 8 0 0 0 0 0 0 0 0 0 0 0 0 0 10 0 6 8 0 0 0 12 6 0 0 7 9 0 0 3 0 0 0 0 0 0 0 0 0 0 0 0 0 10 179 232 255 255 255 244 170 85 17 1 0 0 0 9 0 0 0 0 0 0 0 0 0 0 0 0 14 50 252 255 233 252 255 255 255 237 210 39 0 0 42 0 0 0 0 0 0 0 0 0 0 0 0 0 0 79 255 218 7 12 0 33 139 239 249 236 0 7 0 8 0 0 0 0 0 0 0 0 0 0 0 0 4 0 255 255 5 0 0 0 8 0 255 255 13 11 0 2 0 0 0 0 0 0 0 0 0 0 0 0 4 18 14 175 0 0 29 0 0 10 169 243 64 0 4 0 0 0 0 0 0 0 0 0 0 0 0 0 0 0 0 0 18 0 0 8 0 37 249 255 10 11 0 0 0 0 0 0 0 0 0 0 0 0 0 0 12 0 11 0 3 4 2 0 36 219 255 159 0 0 0 11 0 0 0 0 0 0 0 0 0 0 0 0 0 0 0 6 0 21 10 109 240 255 189 10 0 0 18 0 0 0 0 0 0 0 0 0 0 0 0 0 7 2 9 9 0 39 227 255 255 177 0 11 3 2 0 2 0 0 0 0 0 0 0 0 0 0 0 0 0 93 164 162 199 255 253 254 227 0 5 0 2 0 10 4 0 0 0 0 0 0 0 0 0 0 0 0 66 243 255 255 253 247 255 255 255 165 6 2 2 10 0 0 0 0 0 0 5 0 0 1 3 0 0 0 23 182 162 144 91 1 71 122 248 255 181 0 0 18 0 8 0 0 0 0 0 0 0 4 5 3 3 4 5 0 0 11 0 0 17 0 73 245 242 5 2 0 20 0 0 0 0 0 0 2 4 0 0 0 0 0 7 5 0 0 3 2 0 0 0 245 255 35 1 0 9 0 0 0 0 0 3 6 2 0 0 0 0 0 0 0 0 12 1 3 22 0 46 247 255 28 0 12 0 5 0 0 0 0 0 1 0 0 0 4 3 0 7 6 0 6 0 0 1 10 150 255 228 0 10 2 3 0 0 0 0 0 0 0 1 5 3 0 0 0 0 0 8 0 11 4 10 132 255 255 118 0 14 0 10 0 0 0 0 0 2 0 1 5 0 0 0 15 110 18 1 0 0 85 193 255 237 164 10 9 6 0 0 1 0 0 0 0 4 0 0 3 0 0 24 65 245 255 250 255 255 251 255 193 60 10 0 0 2 0 0 0 0 0 0 0 0 0 0 0 0 0 0 0 153 233 255 255 251 171 53 0 0 0 0 0 0 0 0 0 0 0 0 0 0 0 0 0 0 0 0 0 0 18 4 0 7 8 0 3 0 0 0 0 0 0 0 0 0 0 0 0 0 0 0 0 0 0 0 0 0 3 0 0 0 4 2 10 0 0 0 0 0 0 0 0 0 0 0 0 0 0 0 0 0 0 0 0 2 0 6 12 7 0 0 0 0 0 0 0 0 0 0 0 0 0 0 0
0 0 0 0 0 0 0 0 12 0 2 5 0 0 14 0 0 7 6 3 2 0 0 2 0 0 0 0 0 0 0 0 0 0 0 0 0 1 0 4 8 6 0 2 0 0 0 0 0 3 0 7 0 0 0 0 0 0 0 0 0 0 0 0 4 0 3 0 0 0 4 8 9 0 10 4 0 10 0 0 0 0 0 0 0 0 0 0 0 0 0 0 0 4 0 5 23 0 7 0 0 0 8 0 0 7 0 0 0 0 0 0 0 0 0 0 0 0 0 0 109 255 137 42 35 5 2 0 6 0 12 1 0 2 0 10 0 0 0 0 0 0 0 0 0 0 0 0 43 242 214 255 246 182 77 0 0 7 0 0 6 2 0 0 0 0 0 0 0 0 0 0 0 0 0 0 12 0 0 162 254 255 253 227 65 61 0 0 9 0 1 0 0 0 0 0 0 0 0 0 0 0 0 0 0 0 19 0 82 154 250 242 255 218 52 0 10 0 1 0 0 0 0 0 0 0 0 0 0 0 0 0 12 0 9 5 0 0 19 149 223 255 242 84 0 0 9 0 0 0 0 0 0 0 0 0 0 0 0 0 0 2 0 6 0 24 0 0 130 242 255 143 1 0 0 2 0 0 0 0 0 0 0 0 0 0 0 0 7 7 0 0 21 87 210 255 237 255 241 130 10 1 0 17 0 0 0 0 0 0 0 0 0 0 0 0 0 3 23 152 188 255 255 248 255 213 153 40 2 0 0 0 0 0 0 0 0 0 0 0 0 0 0 0 7 91 226 255 255 220 144 53 0 2 19 0 0 6 12 0 0 0 0 0 0 0 0 0 0 0 0 0 117 231 255 204 37 18 0 10 11 0 0 8 4 16 0 0 0 0 0 0 0 0 0 0 0 0 0 0 195 248 253 209 167 142 151 145 143 78 13 0 0 0 0 9 0 0 0 0 0 0 0 0 0 0 0 0 155 253 245 255 246 248 255 247 255 248 191 48 0 1 11 0 0 0 0 0 0 7 14 0 0 3 0 2 0 50 99 91 108 102 89 151 205 229 249 218 2 4 0 0 0 0 0 0 14 0 0 1 2 10 1 0 8 0 8 6 1 9 12 0 0 28 255 239 50 0 24 7 0 0 0 0 5 0 12 16 0 0 0 0 0 0 3 0 0 0 0 13 8 85 249 250 5 11 0 0 0 0 0 0 10 0 0 0 0 16 11 7 9 0 5 16 0 3 0 45 122 228 255 142 0 7 0 5 0 0 0 0 0 0 4 3 12 0 0 18 17 7 0 0 0 48 30 215 254 255 171 13 4 0 5 3 0 0 0 0 2 9 2 0 0 0 38 181 203 62 33 99 123 251 219 248 253 166 10 0 0 9 0 0 0 0 0 0 2 0 0 2 14 0 0 44 252 249 245 255 251 255 186 144 50 0 0 13 11 0 7 5 0 0 0 0 0 0 6 0 0 6 0 5 64 207 240 168 93 39 17 0 2 0 11 0 0 0 1 0 0 0 0 0 0 0 0 0 0 0 0 0 0 0 0 0 0 0 0 0 0 0 0 0 0 0 0 0 0 0 0 0 0 0 0 0 0 0 0 0 0 0 0 0 0 0 0 0 0 0 0 0 0 0 0 0 0 0 0 0 0 0 0 0 0 0 0 0 0 0 0 0 0 0 0 0 0 0 0 0 0 0 0 0 0 0 0 0 0 0 0 0 0 0 0 0 0 0 0 0 0 0 0 0 0 0 0 0 0 0 0 0 0 0 0 0
0 0 0 0 0 0 0 0 0 11 0 2 0 0 18 0 6 0 3 0 0 11 0 0 0 0 0 0 0 0 0 0 0 0 0 0 0 0 0 12 0 0 0 0 0 9 10 0 0 0 0 2 0 0 0 0 0 0 0 0 0 0 0 0 0 0 26 0 9 9 7 4 3 4 0 0 13 0 0 8 0 0 0 0 0 0 0 0 0 0 0 0 17 0 0 184 217 29 0 6 11 0 0 1 5 7 0 2 0 0 0 0 0 0 0 0 0 0 0 0 0 1 107 255 255 202 15 0 0 0 29 5 0 11 7 0 0 0 0 0 0 0 0 0 0 0 0 0 0 50 212 241 253 246 157 117 28 0 0 6 0 1 0 0 0 0 0 0 0 0 0 0 0 0 0 0 0 32 255 241 255 255 244 248 152 74 0 2 14 0 0 4 0 0 0 0 0 0 0 0 0 0 0 0 0 20 118 255 245 255 252 255 255 238 62 0 7 0 15 0 0 0 0 0 0 0 0 0 0 0 0 0 0 11 2 86 210 224 255 247 247 255 225 37 0 0 6 0 0 0 0 0 0 0 0 0 0 0 0 0 9 0 3 0 8 38 201 255 255 255 248 208 27 4 0 2 0 0 0 0 0 0 0 0 0 0 0 0 0 0 0 12 0 135 244 245 246 255 241 255 21 0 0 0 0 0 0 0 0 0 0 0 0 0 0 0 3 11 0 11 32 230 255 242 255 252 248 255 103 0 26 0 0 0 0 0 0 0 0 0 0 0 0 0 1 0 0 4 154 255 255 255 255 250 255 255 226 18 0 0 0 0 0 0 0 0 0 0 0 0 0 0 2 10 0 7 178 255 240 243 244 248 249 246 255 100 6 11 0 0 0 0 0 0 0 0 0 0 0 0 0 20 0 0 68 196 245 255 251 241 240 255 246 168 0 0 0 0 0 0 0 0 0 0 0 0 0 0 2 0 8 0 0 14 54 35 58 18 93 245 246 223 18 4 0 0 0 0 2 6 4 0 1 0 65 31 3 0 6 0 0 7 0 6 1 2 1 116 252 255 113 5 0 0 0 0 4 0 0 6 9 20 186 238 140 46 0 0 11 1 0 3 0 9 0 100 250 255 37 0 0 0 0 0 1 4 6 0 0 66 236 254 254 235 187 113 92 102 52 0 6 0 37 168 255 247 12 4 0 0 0 0 0 9 14 0 9 120 255 244 248 255 255 245 240 252 242 223 240 229 255 255 221 170 0 0 0 0 0 0 1 0 0 0 8 87 235 255 255 250 251 255 255 250 246 255 246 247 245 253 255 143 0 11 0 0 0 0 8 0 0 5 0 8 93 133 246 255 247 243 243 249 255 252 255 252 255 255 242 96 3 0 0 0 0 0 0 2 2 6 0 0 7 4 18 73 140 223 255 252 255 252 246 255 252 148 21 0 15 0 0 0 0 0 0 5 0 1 1 0 0 4 0 6 0 0 0 0 6 0 1 0 0 7 0 2 0 5 0 0 0 0 0 0 0 0 0 0 0 0 0 0 0 0 0 0 0 0 0 0 0 0 0 0 0 0 0 0 0 0 0 0 0 0 0 0 0 0 0 0 0 0 0 0 0 0 0 0 0 0 0 0 0 0 0 0 0 0 0 0 0 0 0 0 0 0 0 0 0 0 0 0 0 0 0 0 0 0 0 0 0 0 0 0 0 0 0 0 0 0 0 0 0 0 0 0 0 0 0 0 0 0 0 0 0 0 0 0 0 0 0 0 0 0
0 0 0 0 0 0 0 0 2 3 6 1 3 1 0 0 3 0 11 0 16 7 0 7 0 0 0 0 0 0 0 0 0 0 0 0 0 7 0 0 0 0 7 6 0 0 6 12 0 0 10 0 0 0 0 0 0 0 0 0 0 0 0 0 0 18 0 16 0 0 0 0 2 26 0 0 20 0 0 3 0 0 0 0 0 0 0 0 0 0 0 0 1 0 7 0 17 0 13 2 0 0 0 0 4 0 19 0 0 0 0 0 0 0 0 0 0 0 0 0 8 3 6 0 0 23 83 248 255 131 14 18 0 18 0 0 0 0 0 0 0 0 0 0 0 0 0 0 0 3 3 10 74 254 255 249 250 254 220 26 0 1 11 0 0 0 0 0 0 0 0 0 0 0 0 0 5 10 0 14 255 248 229 255 255 252 241 229 26 1 0 12 0 0 0 0 0 0 0 0 0 0 0 0 5 0 56 227 226 254 249 116 103 201 255 243 113 1 0 0 0 0 0 0 0 0 0 0 0 0 0 0 0 5 74 178 255 120 29 6 0 36 248 249 155 2 3 0 0 0 0 0 0 0 0 0 0 0 0 0 0 0 0 11 53 13 5 0 15 0 203 238 165 0 5 5 0 0 0 0 0 0 0 0 0 0 0 0 0 0 5 5 0 0 13 0 0 34 211 255 136 17 1 0 0 0 0 0 0 0 0 0 0 0 0 0 8 7 0 10 13 2 0 0 29 129 255 229 179 0 0 32 0 0 0 0 0 0 0 0 0 0 0 0 0 45 160 218 106 94 136 119 229 250 255 222 35 0 2 0 0 0 0 0 0 0 0 0 0 0 0 0 6 203 255 252 255 255 239 255 244 255 144 28 8 0 23 0 0 0 0 0 0 0 0 0 0 0 0 0 3 192 255 242 252 255 244 251 253 202 5 1 0 0 0 4 0 0 0 0 0 0 0 0 0 0 0 0 0 44 97 118 109 165 248 252 255 190 5 1 0 0 3 0 0 0 0 0 6 0 4 0 0 3 0 1 0 11 0 0 3 2 63 255 255 202 0 17 0 0 6 0 0 0 0 0 12 0 2 3 0 0 9 6 0 13 0 3 5 0 33 235 236 239 47 0 0 4 0 0 0 0 0 0 0 0 0 2 0 6 2 0 5 0 5 0 6 38 141 250 255 191 25 0 1 3 0 9 0 0 0 0 1 6 1 9 11 117 87 33 3 15 0 11 0 170 239 255 230 75 0 0 2 0 2 4 0 0 0 0 4 4 0 0 28 249 226 177 0 0 35 86 210 245 255 232 87 7 5 7 0 0 2 0 0 0 0 0 0 0 0 0 26 255 255 242 224 198 246 251 237 255 246 76 0 0 10 0 5 6 0 9 0 0 0 0 4 0 15 2 18 149 245 245 255 251 255 238 255 85 16 0 0 1 0 0 6 8 0 15 0 0 0 0 0 0 8 0 0 37 217 254 249 255 196 139 24 0 2 5 0 0 3 7 0 10 5 0 0 0 0 0 0 0 0 0 0 0 0 0 0 0 0 0 0 0 0 0 0 0 0 0 0 0 0 0 0 0 0 0 0 0 0 0 0 0 0 0 0 0 0 0 0 0 0 0 0 0 0 0 0 0 0 0 0 0 0 0 0 0 0 0 0 0 0 0 0 0 0 0 0 0 0 0 0 0 0 0 0 0 0 0 0 0 0 0 0 0 0 0 0 0 0 0 0 0 0 0 0 0 0 0 0 0 0 0 0 0 0 0 0 0 0 0
0 0 0 0 0 0 0 0 0 13 0 6 3 1 2 0 0 11 4 0 2 2 0 5 0 0 0 0 0 0 0 0 0 0 0 0 0 10 2 1 0 0 0 0 4 0 0 13 2 0 10 0 0 0 0 0 0 0 0 0 0 0 0 0 4 0 0 0 1 6 0 9 2 2 0 1 0 0 24 0 0 0 0 0 0 0 0 0 0 0 0 0 0 0 6 2 0 15 0 0 0 5 0 2 10 0 0 8 0 0 0 0 0 0 0 0 0 0 0 0 6 0 0 25 0 81 150 255 255 218 131 21 1 19 0 11 0 0 0 0 0 0 0 0 0 0 0 0 0 0 0 74 129 255 255 239 241 255 253 126 0 0 0 0 0 0 0 0 0 0 0 0 0 0 0 0 4 7 90 234 255 243 242 254 250 249 242 239 126 6 7 6 0 0 0 0 0 0 0 0 0 0 0 0 3 122 238 255 250 225 197 74 48 215 252 255 150 0 2 0 0 0 0 0 0 0 0 0 0 0 0 0 42 249 248 255 192 27 0 2 4 186 245 255 130 0 2 0 0 0 0 0 0 0 0 0 0 0 0 0 72 255 221 111 0 19 0 2 77 207 255 230 34 4 3 19 0 0 0 0 0 0 0 0 0 0 0 0 48 194 114 0 16 0 21 91 239 255 255 232 17 0 0 0 0 0 0 0 0 0 0 0 0 0 0 0 0 35 0 12 0 43 170 255 255 243 252 197 18 6 7 5 0 0 0 0 0 0 0 0 0 0 0 0 9 0 0 5 105 245 255 244 250 255 244 254 151 0 2 0 0 0 0 0 0 0 0 0 0 0 0 0 0 17 12 0 225 252 254 255 255 246 251 255 234 81 5 7 0 0 0 0 0 0 0 0 0 0 0 0 0 0 0 105 255 255 242 165 31 65 249 243 250 255 0 6 0 0 0 0 0 0 0 0 0 0 0 0 5 0 17 1 201 158 112 0 0 0 46 218 255 250 11 0 0 0 0 0 0 0 2 0 0 18 0 3 6 0 0 0 3 0 0 7 0 13 6 206 255 252 15 0 0 0 0 0 12 0 8 22 1 0 4 1 0 0 2 0 6 15 0 0 6 11 152 255 255 250 0 0 0 0 0 0 0 30 0 0 0 7 1 14 12 2 0 0 0 5 0 8 37 154 255 254 235 154 8 5 0 0 0 0 2 0 12 5 17 5 84 107 138 85 41 11 1 0 19 77 236 255 241 232 186 9 0 2 0 0 0 0 0 12 0 0 20 194 252 251 255 241 225 214 206 199 214 255 245 215 255 253 122 8 2 0 0 0 0 0 15 0 6 10 167 255 254 242 246 251 255 251 250 249 238 253 255 255 255 130 0 0 8 0 0 0 0 0 0 0 0 9 32 164 245 252 250 249 252 247 255 255 248 241 176 151 87 22 1 5 0 0 0 0 0 0 0 14 0 0 3 4 91 165 255 246 253 255 247 179 69 14 8 0 12 0 0 8 0 0 0 0 0 0 0 0 0 0 0 0 0 0 0 0 0 0 0 0 0 0 0 0 0 0 0 0 0 0 0 0 0 0 0 0 0 0 0 0 0 0 0 0 0 0 0 0 0 0 0 0 0 0 0 0 0 0 0 0 0 0 0 0 0 0 0 0 0 0 0 0 0 0 0 0 0 0 0 0 0 0 0 0 0 0 0 0 0 0 0 0 0 0 0 0 0 0 0 0 0 0 0 0 0 0 0 0 0 0 0 0 0 0 0 0 0 0
0 0 0 0 0 0 0 0 0 11 0 0 7 0 8 0 0 0 9 0 0 4 2 0 0 0 0 0 0 0 0 0 0 0 0 0 12 16 0 11 0 1 0 0 4 0 0 14 6 0 0 11 0 0 0 0 0 0 0 0 0 0 0 0 0 0 1 2 2 2 5 0 1 10 0 0 0 18 15 0 0 0 0 0 0 0 0 0 0 0 0 0 14 0 13 0 0 7 0 10 0 0 11 0 2 0 0 4 0 0 0 0 0 0 0 0 0 0 0 0 0 4 0 2 11 249 236 255 255 140 94 0 0 7 0 1 0 0 0 0 0 0 0 0 0 0 0 0 0 17 0 2 27 255 255 249 250 225 244 126 1 3 0 2 0 0 0 0 0 0 0 0 0 0 0 0 19 0 7 131 202 241 255 247 255 255 255 247 34 0 0 11 0 0 0 0 0 0 0 0 0 0 0 0 0 0 0 193 255 254 227 132 187 254 241 255 2 1 6 0 0 0 0 0 0 0 0 0 0 0 0 0 2 0 2 188 247 26 27 0 17 224 254 246 24 2 5 0 0 0 0 0 0 0 0 0 0 0 0 0 6 0 0 67 87 0 7 12 77 245 248 255 7 0 6 12 0 0 0 0 0 0 0 0 0 0 0 0 0 0 0 0 0 5 0 0 145 238 255 239 22 6 0 0 0 0 0 0 0 0 0 0 0 0 0 0 10 0 0 23 0 13 3 62 234 246 255 122 4 11 0 5 0 0 0 0 0 0 0 0 0 0 0 0 0 6 0 25 47 175 213 228 255 255 192 33 0 0 0 10 0 0 0 0 0 0 0 0 0 0 0 0 6 7 49 228 255 255 240 247 244 250 82 0 10 0 0 0 0 0 0 0 0 0 0 0 0 0 0 0 0 11 79 255 255 243 249 255 255 249 80 0 0 4 6 6 0 0 0 0 0 0 0 0 0 0 0 0 11 0 24 195 244 255 255 240 252 255 205 29 3 5 0 2 0 0 0 0 0 0 0 9 0 0 2 1 0 15 1 65 83 95 116 239 250 255 255 102 0 7 0 8 0 0 0 0 14 0 0 0 0 16 0 6 0 0 0 12 0 11 0 20 247 255 236 142 0 2 7 0 0 0 0 0 1 0 12 4 0 3 0 72 85 34 0 0 11 0 17 162 249 245 255 107 2 0 3 0 0 0 0 0 1 0 10 9 0 0 126 231 246 216 131 4 0 0 84 253 255 246 209 29 4 0 0 12 0 0 0 0 1 4 0 6 3 4 238 255 255 255 253 156 123 153 218 254 253 223 31 7 0 2 5 0 0 0 0 0 0 16 0 0 4 18 255 239 240 229 255 255 255 234 250 255 214 105 0 13 0 0 11 0 0 0 0 0 0 12 0 0 0 21 214 254 255 255 248 238 255 255 255 214 109 0 18 2 1 0 1 7 0 0 0 0 4 0 0 13 0 0 52 145 244 250 247 255 248 249 217 38 0 0 4 0 0 9 0 0 0 0 0 0 0 0 0 0 0 0 0 0 0 0 0 0 0 0 0 0 0 0 0 0 0 0 0 0 0 0 0 0 0 0 0 0 0 0 0 0 0 0 0 0 0 0 0 0 0 0 0 0 0 0 0 0 0 0 0 0 0 0 0 0 0 0 0 0 0 0 0 0 0 0 0 0 0 0 0 0 0 0 0 0 0 0 0 0 0 0 0 0 0 0 0 0 0 0 0 0 0 0 0 0 0 0 0 0 0 0 0 0 0 0 0 0
0 0 0 0 0 0 0 0 1 1 0 0 0 0 0 0 7 2 0 9 3 0 4 0 0 0 0 0 0 0 0 0 0 0 0 0 0 7 8 0 5 5 0 12 0 0 0 4 0 0 2 8 0 0 0 0 0 0 0 0 0 0 0 0 24 0 0 0 0 0 4 0 2 4 14 0 0 12 10 0 0 0 0 0 0 0 0 0 0 0 0 0 0 14 14 0 18 0 0 15 0 0 1 0 0 0 0 10 0 0 0 0 0 0 0 0 0 0 0 0 2 0 7 0 69 156 253 246 248 255 251 107 15 0 14 0 0 0 0 0 0 0 0 0 0 0 0 0 0 0 0 33 234 255 252 252 247 240 255 246 157 5 0 7 0 0 0 0 0 0 0 0 0 0 0 0 11 0 15 77 255 244 247 255 255 248 245 247 174 1 0 3 0 0 0 0 0 0 0 0 0 0 0 0 0 4 1 10 238 255 254 251 244 250 255 255 184 3 9 0 0 0 0 0 0 0 0 0 0 0 0 0 0 19 0 2 71 128 148 142 239 241 255 252 135 0 0 2 0 0 0 0 0 0 0 0 0 0 0 0 4 0 33 0 10 12 0 116 247 255 236 228 20 7 1 5 0 0 0 0 0 0 0 0 0 0 0 0 6 5 2 0 0 0 56 234 255 226 251 82 0 6 0 0 0 0 0 0 0 0 0 0 0 0 0 0 7 0 2 0 0 15 238 244 254 255 112 10 5 0 14 0 0 0 0 0 0 0 0 0 0 0 0 0 0 17 14 0 1 159 243 255 249 209 0 0 1 0 7 0 0 0 0 0 0 0 0 0 0 0 0 0 0 0 0 1 4 255 253 251 196 36 9 0 13 1 0 3 0 0 0 0 0 0 0 0 0 0 0 0 1 5 16 0 105 255 255 240 113 0 0 14 8 0 9 0 0 0 0 0 0 0 0 0 0 0 0 0 4 0 0 14 0 231 248 255 112 0 12 0 0 7 0 6 0 0 0 0 0 10 0 11 0 0 0 0 0 7 0 18 0 50 255 247 217 63 0 0 7 2 4 0 0 0 0 0 3 1 10 0 3 19 0 10 8 0 0 0 16 24 178 249 255 211 17 2 2 0 4 0 0 0 0 0 4 0 0 27 0 16 72 0 0 19 0 8 0 0 46 250 236 255 0 0 1 0 10 3 0 0 0 0 0 16 0 0 22 251 255 148 77 14 31 17 66 164 252 255 255 246 12 7 13 3 0 0 0 0 0 0 0 6 0 16 14 189 246 249 243 245 255 245 255 237 255 242 254 122 0 0 0 2 0 7 0 0 0 0 2 0 0 16 7 105 255 253 255 242 230 255 240 245 255 255 225 49 14 10 2 3 0 2 0 0 0 0 13 0 6 0 0 14 83 238 237 255 255 240 255 255 232 178 61 0 0 0 3 4 0 7 0 0 0 0 0 11 0 11 0 1 14 20 138 134 162 250 146 120 32 8 0 16 5 0 5 0 0 3 0 0 0 0 0 0 0 0 0 0 0 0 0 0 0 0 0 0 0 0 0 0 0 0 0 0 0 0 0 0 0 0 0 0 0 0 0 0 0 0 0 0 0 0 0 0 0 0 0 0 0 0 0 0 0 0 0 0 0 0 0 0 0 0 0 0 0 0 0 0 0 0 0 0 0 0 0 0 0 0 0 0 0 0 0 0 0 0 0 0 0 0 0 0 0 0 0 0 0 0 0 0 0 0 0 0 0 0 0 0 0 0 0 0 0 0
0 0 0 0 0 0 0 0 0 12 0 3 5 0 0 3 0 0 3 0 0 2 8 0 0 0 0 0 0 0 0 0 0 0 0 0 0 4 6 0 2 3 0 0 0 0 1 0 3 7 1 0 0 0 0 0 0 0 0 0 0 0 0 0 5 0 1 0 4 0 6 12 11 0 0 0 8 0 0 12 0 0 0 0 0 0 0 0 0 0 0 0 4 6 0 5 0 0 18 0 0 13 7 0 1 13 4 0 0 0 0 0 0 0 0 0 0 0 0 0 0 0 18 181 187 119 69 19 0 0 1 3 0 0 0 15 0 0 0 0 0 0 0 0 0 0 0 0 20 2 0 207 255 255 250 255 196 97 16 0 5 8 3 0 0 0 0 0 0 0 0 0 0 0 0 0 0 8 1 73 134 235 255 255 246 255 236 113 0 0 18 0 0 0 0 0 0 0 0 0 0 0 0 0 5 0 0 0 0 35 37 106 139 191 255 240 92 3 4 1 0 0 0 0 0 0 0 0 0 0 0 0 1 0 0 3 2 0 0 5 0 83 255 238 133 11 0 6 0 0 0 0 0 0 0 0 0 0 0 0 10 0 9 0 0 0 16 0 131 252 249 236 11 0 13 0 0 0 0 0 0 0 0 0 0 0 0 0 0 0 0 18 4 0 60 185 253 241 255 70 1 18 0 0 0 0 0 0 0 0 0 0 0 0 0 0 3 7 4 0 35 165 252 245 251 208 41 20 0 0 1 11 0 0 0 0 0 0 0 0 0 0 0 0 4 0 6 38 246 243 255 255 170 8 0 2 11 0 0 0 0 0 0 0 0 0 0 0 0 0 0 0 0 13 0 1 227 255 242 255 213 84 2 0 0 9 0 11 0 0 0 0 0 0 0 0 0 0 0 0 6 4 4 4 0 91 192 228 255 255 127 14 12 18 0 0 0 0 0 0 0 0 0 0 0 0 0 0 0 0 0 6 13 0 0 58 201 255 220 0 0 0 5 8 0 0 0 0 0 0 0 0 3 0 0 5 0 13 0 0 8 1 7 5 210 246 252 7 0 5 0 0 0 0 0 0 0 1 6 0 4 20 0 8 11 0 13 0 0 0 0 120 245 255 232 0 9 0 18 1 0 0 0 0 4 0 3 0 0 0 0 6 4 0 0 14 0 0 96 251 250 255 237 12 3 0 0 0 0 0 0 0 6 0 0 10 0 0 26 0 0 0 9 0 20 147 209 247 247 255 68 0 22 5 0 4 0 0 0 0 0 8 0 4 0 77 176 73 0 15 5 69 199 248 246 255 187 39 0 11 0 5 10 2 0 0 0 0 0 11 0 1 0 94 255 239 174 197 191 255 255 248 253 77 4 3 0 15 16 0 11 0 0 0 0 0 6 1 0 6 0 31 167 241 253 255 255 243 255 200 63 13 0 0 17 0 0 11 8 0 0 0 0 0 0 0 1 3 4 0 2 71 148 178 216 201 92 8 3 0 8 0 0 11 0 0 0 3 0 0 0 0 0 0 0 0 0 0 0 0 0 0 0 0 0 0 0 0 0 0 0 0 0 0 0 0 0 0 0 0 0 0 0 0 0 0 0 0 0 0 0 0 0 0 0 0 0 0 0 0 0 0 0 0 0 0 0 0 0 0 0 0 0 0 0 0 0 0 0 0 0 0 0 0 0 0 0 0 0 0 0 0 0 0 0 0 0 0 0 0 0 0 0 0 0 0 0 0 0 0 0 0 0 0 0 0 0 0 0 0 0 0 0 0
0 0 0 0 0 0 0 0 0 6 0 0 0 0 0 8 14 0 0 0 6 0 0 4 0 0 0 0 0 0 0 0 0 0 0 0 2 0 0 4 6 20 0 6 0 11 16 15 0 6 4 0 0 0 0 0 0 0 0 0 0 0 0 0 14 0 16 0 3 0 4 0 19 0 0 0 2 0 6 1 0 0 0 0 0 0 0 0 0 0 0 0 0 5 2 26 0 0 5 0 0 4 15 2 9 0 0 0 0 0 0 0 0 0 0 0 0 0 0 0 3 2 34 161 251 225 255 207 180 105 0 0 6 7 0 21 0 0 0 0 0 0 0 0 0 0 0 0 0 15 27 230 255 240 247 255 250 255 180 13 2 0 8 0 0 0 0 0 0 0 0 0 0 0 0 0 12 0 0 118 248 253 255 249 251 255 243 87 21 0 13 0 0 0 0 0 0 0 0 0 0 0 0 0 3 1 6 0 34 40 28 33 73 201 248 208 0 5 0 2 0 0 0 0 0 0 0 0 0 0 0 0 7 0 8 0 0 0 0 7 80 238 255 221 0 0 8 0 0 0 0 0 0 0 0 0 0 0 0 0 0 17 0 0 15 0 16 2 117 255 235 128 0 1 3 2 0 0 0 0 0 0 0 0 0 0 0 0 2 1 0 8 0 8 14 146 253 255 255 11 18 7 0 1 0 0 0 0 0 0 0 0 0 0 0 0 8 0 0 1 12 0 136 253 253 229 86 0 0 0 5 4 0 0 0 0 0 0 0 0 0 0 0 0 0 4 0 0 11 105 244 249 248 133 0 17 0 0 9 0 0 0 0 0 0 0 0 0 0 0 0 0 0 4 0 20 0 187 255 255 196 5 0 0 5 3 0 5 0 0 0 0 0 0 0 0 0 0 0 0 0 7 0 9 9 65 251 252 229 155 0 26 0 0 1 0 0 0 0 0 0 0 0 0 0 0 0 0 2 0 15 0 0 7 160 221 255 248 41 0 0 1 4 3 0 0 0 0 9 0 0 4 0 17 0 19 6 0 9 2 4 0 9 9 184 243 206 11 0 4 0 2 0 0 0 0 0 0 9 6 1 0 38 0 0 25 0 0 0 3 0 41 196 246 255 15 0 9 0 0 0 0 0 0 3 3 0 0 0 0 0 2 7 0 0 22 8 0 85 220 246 255 213 18 0 8 0 0 0 0 0 0 0 2 0 0 5 16 59 170 175 154 129 22 73 162 255 243 255 229 74 12 0 1 4 0 0 0 0 0 0 4 5 0 11 1 193 255 251 255 241 171 247 244 255 254 197 127 0 0 0 0 2 1 0 0 0 0 0 5 2 0 0 0 116 244 255 255 255 249 255 255 233 216 58 9 4 0 4 0 0 0 0 0 0 0 0 0 0 4 0 16 0 161 253 243 242 255 243 226 125 4 0 0 20 0 1 0 0 0 0 0 0 0 0 2 0 0 0 0 0 19 111 221 244 124 48 7 3 0 10 0 0 7 0 0 9 0 0 0 0 0 0 0 0 0 0 0 0 0 0 0 0 0 0 0 0 0 0 0 0 0 0 0 0 0 0 0 0 0 0 0 0 0 0 0 0 0 0 0 0 0 0 0 0 0 0 0 0 0 0 0 0 0 0 0 0 0 0 0 0 0 0 0 0 0 0 0 0 0 0 0 0 0 0 0 0 0 0 0 0 0 0 0 0 0 0 0 0 0 0 0 0 0 0 0 0 0 0 0 0 0 0 0 0 0 0 0 0 0 0 0 0 0
0 0 0 0 0 0 0 0 3 4 0 0 6 0 0 2 0 0 1 6 4 0 0 5 0 0 0 0 0 0 0 0 0 0 0 0 0 2 3 0 5 0 0 0 3 0 0 0 0 0 0 0 0 0 0 0 0 0 0 0 0 0 0 0 3 2 1 0 9 3 4 1 0 1 2 3 5 7 4 0 0 0 0 0 0 0 0 0 0 0 0 0 0 2 1 6 3 0 0 2 0 1 4 0 0 0 0 0 0 0 0 0 0 0 0 0 0 0 0 0 1 9 0 3 0 0 0 22 5 6 6 0 0 0 0 4 0 0 0 0 0 0 0 0 0 0 0 0 161 170 146 161 140 121 34 0 1 0 0 3 8 2 0 4 0 0 0 0 0 0 0 0 0 0 0 0 237 255 251 229 250 255 240 192 84 29 0 0 6 1 0 0 0 0 0 0 0 0 0 0 0 0 0 0 58 161 242 197 220 237 255 244 255 147 34 0 1 0 0 3 0 0 0 0 0 0 0 0 0 0 0 0 6 2 33 2 6 68 131 242 254 245 187 7 0 10 0 1 0 0 0 0 0 0 0 0 0 0 0 0 0 0 4 0 0 3 6 34 190 255 255 162 0 0 11 1 0 0 0 0 0 0 0 0 0 0 0 0 0 6 2 9 9 0 2 4 89 250 243 112 2 1 6 3 0 0 0 0 0 0 0 0 0 0 0 0 5 10 0 0 0 0 0 1 231 252 255 72 10 1 0 0 0 0 0 0 0 0 0 0 0 0 0 0 0 0 0 10 10 28 108 227 248 249 215 1 0 0 9 5 0 0 0 0 0 0 0 0 0 0 0 0 5 18 7 0 77 214 255 243 250 253 112 0 18 1 0 11 0 0 0 0 0 0 0 0 0 0 0 0 7 0 0 125 243 255 255 252 186 71 0 14 9 0 0 6 0 0 0 0 0 0 0 0 0 0 0 0 0 0 3 136 247 249 245 205 2 0 16 0 0 23 0 0 0 0 0 0 0 0 0 0 0 0 0 0 5 1 4 65 238 251 250 255 105 11 0 4 5 0 0 8 0 0 0 0 0 0 0 0 0 0 0 0 0 5 0 3 73 140 228 240 243 159 6 5 0 1 3 0 0 0 0 0 0 0 0 0 0 0 0 0 20 0 1 0 4 3 0 132 255 253 87 0 0 5 6 0 0 0 0 0 0 0 0 0 0 0 0 0 0 0 0 25 2 0 8 0 158 249 197 0 2 6 0 2 0 0 0 0 0 0 0 0 0 0 0 0 5 22 0 0 55 46 4 0 150 252 210 11 5 2 0 2 0 0 0 0 0 0 0 0 0 0 0 0 2 0 0 22 205 183 27 189 245 252 101 11 0 0 4 0 0 0 0 0 0 0 0 0 0 0 0 0 1 0 14 165 255 246 218 248 255 175 10 0 0 0 6 0 0 0 0 0 0 0 0 0 0 0 0 0 2 0 4 197 236 246 255 251 211 77 3 0 0 1 0 0 0 0 0 0 0 0 0 0 0 0 0 0 6 0 7 13 194 255 255 148 1 1 1 0 0 0 0 0 0 0 0 0 0 0 0 0 0 0 0 0 3 0 19 0 12 0 4 0 1 1 1 0 0 0 0 0 0 0 0 0 0 0 0 0 0 0 0 0 2 0 0 2 3 0 1 17 1 1 0 0 0 0 0 0 0 0 0 0 0 0 0 0 0 0 0 0 5 7 0 4 0 3 0 0 0 0 0 0 0 0 0 0 0 0 0 0
0 7 2 0 0 2 1 6 5 0 8 0 2 0 9 0 0 0 0 0 0 0 0 0 0 0 0 0 0 5 4 0 5 8 0 0 0 5 0 0 11 0 14 9 0 0 0 0 0 0 0 0 0 0 0 0 1 6 4 0 0 0 1 5 0 11 1 5 0 0 0 7 0 0 0 0 0 0 0 0 0 0 0 0 1 0 1 7 3 0 1 3 6 0 25 0 16 7 0 0 0 0 0 0 0 0 0 0 0 0 0 0 5 0 2 11 0 0 0 0 3 0 1 6 0 10 6 0 0 0 0 0 0 0 0 0 0 0 0 0 1 2 7 0 0 44 114 140 140 185 133 153 34 0 1 1 0 0 0 0 0 0 0 0 0 0 0 0 0 0 2 0 52 184 255 250 248 255 255 233 214 49 13 0 0 0 0 0 0 0 0 0 0 0 0 0 8 0 0 11 126 255 246 98 75 56 65 185 255 212 0 5 0 0 0 0 0 0 0 0 0 0 0 0 0 9 6 0 28 76 80 48 1 3 0 106 255 249 15 0 0 0 3 1 0 0 3 7 0 0 0 0 0 1 0 0 0 15 13 0 0 0 0 187 245 152 0 1 8 2 0 0 1 1 0 0 0 0 0 0 11 5 2 3 1 0 0 0 12 23 152 255 210 9 3 0 0 0 11 10 0 0 0 6 0 0 0 0 0 0 0 5 6 0 1 9 0 109 251 239 92 0 0 7 11 1 0 0 0 3 4 2 0 0 0 0 0 0 0 0 1 1 0 0 29 255 255 84 0 19 0 0 0 0 5 10 10 5 0 0 0 0 0 0 4 6 4 1 3 7 4 0 122 230 239 161 54 0 12 0 0 0 0 0 0 0 0 2 0 0 0 0 0 0 0 0 0 0 0 0 15 222 241 254 229 225 127 126 136 89 32 1 0 8 6 0 0 0 0 0 4 0 0 4 1 0 0 5 2 0 124 206 226 255 242 249 243 255 254 196 105 29 0 0 0 0 0 0 0 0 0 0 0 0 0 0 0 12 1 0 10 73 96 97 180 199 244 255 244 215 75 9 0 0 0 0 0 0 0 0 0 0 0 0 0 5 0 0 0 12 6 0 1 0 57 128 189 255 248 94 0 0 0 0 0 0 0 0 0 0 0 0 2 3 6 1 0 0 0 6 0 15 0 0 20 151 255 146 0 0 0 0 0 0 0 0 0 0 0 0 0 0 8 9 9 0 0 0 4 0 0 7 4 148 255 115 0 0 0 0 0 0 0 0 0 0 0 0 11 5 0 0 0 5 2 0 7 0 12 40 216 255 242 84 0 0 0 0 0 0 0 0 0 0 0 0 0 0 0 11 0 5 0 9 6 61 133 255 244 238 95 0 0 0 0 0 0 0 0 0 0 0 0 0 11 8 0 14 0 52 81 137 206 247 255 203 174 42 0 0 0 0 0 0 0 0 0 0 0 0 0 0 0 1 26 163 209 255 239 255 219 168 44 23 0 11 0 5 0 0 0 0 0 0 0 0 0 0 0 0 3 0 110 241 155 147 128 67 5 4 1 0 0 0 0 0 0 0 0 0 0 0 0 0 0 0 0 0 2 0 0 18 0 0 0 5 4 2 0 0 0 0 0 0 0 0 0 0 0 0 0 0 0 0 0 0 0 14 0 0 4 7 0 3 2 1 0 0 0 0 1 2 0 0 0 0 0 0 0 0 0 0 0 0 0 0 7 0 1 2 9 0 0 0 0 0 0 0 2 2 0 0 0 0
0 0 0 0 0 0 0 0 2 0 0 0 0 1 1 1 0 3 15 6 0 0 7 0 0 0 0 0 0 0 0 0 0 0 0 0 0 11 8 0 9 0 0 6 15 0 0 0 4 0 9 3 0 0 0 0 0 0 0 0 0 0 0 0 0 10 0 0 0 1 2 11 0 11 0 5 0 4 0 2 0 0 0 0 0 0 0 0 0 0 0 0 0 0 4 8 0 3 5 0 6 0 0 3 0 3 0 0 0 0 0 0 0 0 0 0 0 0 0 0 8 7 0 0 0 5 12 19 77 249 223 6 6 0 0 6 0 0 0 0 0 0 0 0 0 0 0 0 0 6 0 17 127 184 205 254 255 255 240 149 5 0 18 0 0 0 0 0 0 0 0 0 0 0 0 0 0 0 42 139 234 255 254 246 242 241 255 254 49 4 0 0 0 0 0 0 0 0 0 0 0 0 0 0 5 1 138 255 255 250 253 191 75 123 244 240 145 0 0 8 0 0 0 0 0 0 0 0 0 0 0 0 0 11 91 226 185 65 54 10 0 14 194 255 54 8 0 0 0 0 0 0 0 0 0 0 0 0 0 0 14 0 0 24 4 15 0 0 0 74 253 254 62 1 0 0 0 0 0 0 0 0 0 0 0 0 0 0 0 0 12 2 0 13 0 15 129 252 253 217 31 0 8 0 0 0 0 0 0 0 0 0 0 0 0 0 8 7 0 11 37 13 134 126 252 252 210 33 2 0 6 3 0 0 0 0 0 0 0 0 0 0 0 0 0 46 158 163 245 255 246 255 255 255 118 0 0 0 5 0 0 0 0 0 0 0 0 0 0 0 0 0 7 245 255 252 255 245 254 255 246 248 232 46 22 0 0 0 0 0 0 0 0 0 0 0 0 0 0 0 0 209 255 233 162 99 55 52 124 255 248 160 3 0 7 3 0 0 0 0 0 0 0 0 0 0 0 0 12 6 49 35 2 3 0 5 22 233 255 195 0 0 12 0 0 0 0 0 1 0 0 5 0 0 4 0 0 0 1 2 0 2 4 0 18 239 255 198 0 0 8 0 0 0 0 0 0 14 5 0 0 0 0 0 0 2 3 2 0 0 0 16 186 255 232 17 5 6 0 0 0 0 0 0 0 2 0 0 10 0 9 32 21 0 0 3 0 1 0 58 247 255 176 4 16 0 2 7 0 0 0 0 0 1 7 3 0 23 151 219 92 6 1 3 0 13 90 203 254 153 34 5 0 0 1 0 0 0 0 0 9 3 0 0 9 123 255 248 202 27 0 0 63 138 236 255 208 28 8 0 0 17 1 6 0 0 0 0 0 0 24 5 0 77 255 254 111 77 154 212 245 250 255 172 36 0 0 4 7 0 0 0 0 0 0 0 13 0 0 0 4 30 206 255 252 254 248 255 205 154 107 10 0 27 0 6 7 0 13 8 0 0 0 0 0 7 0 0 15 0 116 172 254 248 139 113 30 0 0 1 0 8 6 0 0 0 0 0 0 0 0 0 0 0 0 0 0 0 0 0 0 0 0 0 0 0 0 0 0 0 0 0 0 0 0 0 0 0 0 0 0 0 0 0 0 0 0 0 0 0 0 0 0 0 0 0 0 0 0 0 0 0 0 0 0 0 0 0 0 0 0 0 0 0 0 0 0 0 0 0 0 0 0 0 0 0 0 0 0 0 0 0 0 0 0 0 0 0 0 0 0 0 0 0 0 0 0 0 0 0 0 0 0 0 0 0 0 0 0 0 0 0 0 0
0 0 0 0 0 0 0 0 0 10 0 11 0 0 18 0 1 10 0 11 0 0 1 2 0 0 0 0 0 0 0 0 0 0 0 0 4 0 1 0 0 11 0 7 2 0 0 5 5 0 1 3 0 0 0 0 0 0 0 0 0 0 0 0 0 12 2 7 4 0 4 0 0 21 7 0 0 5 12 0 0 0 0 0 0 0 0 0 0 0 0 0 1 0 0 13 0 77 248 251 253 239 125 0 14 0 3 0 0 0 0 0 0 0 0 0 0 0 0 0 15 7 0 0 135 255 247 255 255 255 255 255 0 0 7 13 0 0 0 0 0 0 0 0 0 0 0 0 0 0 9 15 52 125 136 115 0 113 255 255 115 13 9 0 0 0 0 0 0 0 0 0 0 0 0 0 0 17 0 0 0 0 7 7 0 149 251 224 25 0 5 1 0 0 0 0 0 0 0 0 0 0 0 0 0 0 6 0 12 14 0 67 127 245 255 255 0 5 0 10 0 0 0 0 0 0 0 0 0 0 0 0 1 7 1 0 0 15 109 255 255 255 184 66 0 0 9 0 0 0 0 0 0 0 0 0 0 0 0 0 0 0 60 142 207 237 255 255 135 0 2 11 0 9 0 8 0 0 0 0 0 0 0 0 0 0 0 0 14 123 250 255 240 255 255 126 0 14 0 0 10 0 0 10 0 0 0 0 0 0 0 0 0 0 0 0 0 129 254 255 255 255 236 10 8 3 0 15 15 0 9 0 0 0 0 0 0 0 0 0 0 0 0 0 0 4 76 182 255 252 255 187 58 3 6 0 0 4 5 8 0 0 0 0 0 0 0 0 0 0 0 0 4 12 0 1 111 188 255 248 255 72 0 18 7 0 8 0 0 0 0 0 0 0 0 0 0 0 0 0 0 0 0 7 10 0 73 200 249 251 75 0 11 0 4 6 0 0 0 0 0 0 0 0 0 0 0 0 5 0 0 0 3 0 1 57 255 245 127 3 0 12 2 0 0 0 0 0 7 0 12 3 7 0 0 2 5 0 7 24 0 0 10 0 187 255 246 11 5 0 3 0 0 0 0 0 3 0 3 0 0 15 11 0 3 6 0 0 12 22 0 75 255 250 255 0 0 12 0 9 0 0 0 0 4 6 5 2 0 3 0 3 124 72 10 0 10 0 61 255 245 255 255 13 0 3 0 0 0 0 0 0 0 9 0 3 5 0 12 194 242 255 53 10 0 126 196 248 249 255 63 0 24 0 8 0 0 0 0 0 13 0 11 29 0 139 242 255 255 255 140 183 255 255 251 255 255 48 0 5 0 16 9 0 0 0 0 0 0 15 0 0 7 186 253 255 249 236 255 244 255 255 252 253 69 0 0 6 15 0 0 3 0 0 0 0 6 1 0 12 5 59 136 255 255 255 255 254 118 146 50 1 0 0 19 0 1 9 3 0 0 0 0 0 0 8 3 0 0 13 0 3 0 0 7 0 15 0 5 4 1 2 4 0 0 9 0 3 0 0 0 0 0 0 0 0 0 0 0 0 0 0 0 0 0 0 0 0 0 0 0 0 0 0 0 0 0 0 0 0 0 0 0 0 0 0 0 0 0 0 0 0 0 0 0 0 0 0 0 0 0 0 0 0 0 0 0 0 0 0 0 0 0 0 0 0 0 0 0 0 0 0 0 0 0 0 0 0 0 0 0 0 0 0 0 0 0 0 0 0 0 0 0 0 0 0 0 0 0 0 0 0 0 0 0 0 0 0 0 0 0 0 0 0
4 0 10 3 0 8 0 4 0 4 0 0 0 3 0 0 1 0 0 0 0 0 0 0 0 0 0 0 0 0 1 0 0 1 0 6 0 8 11 6 3 0 0 4 0 0 0 0 0 0 0 0 0 0 0 0 4 5 10 2 6 6 0 0 0 0 0 0 0 3 0 0 0 0 0 0 0 0 0 0 0 0 0 0 0 3 0 0 6 5 0 0 8 3 7 9 0 0 0 6 0 0 0 1 1 1 0 0 0 0 0 0 1 1 0 0 0 2 5 6 1 0 0 9 4 3 1 0 0 0 0 1 1 1 0 0 0 0 0 0 3 5 4 9 0 0 4 0 7 0 0 0 0 0 13 2 3 2 1 0 0 0 0 0 0 0 0 0 0 0 0 8 0 3 71 80 154 203 255 255 172 99 46 0 7 5 1 0 0 0 0 1 0 0 0 0 9 0 0 6 0 69 216 255 254 244 254 255 247 255 248 195 9 6 2 0 0 0 0 1 0 0 0 0 6 0 1 4 22 210 255 240 198 94 82 100 149 218 255 240 166 0 8 0 8 1 0 6 0 0 0 0 0 10 3 0 49 255 217 44 0 0 7 6 0 42 160 255 239 12 0 0 0 6 3 2 0 0 0 0 0 13 4 0 61 216 144 0 3 17 0 0 20 0 94 255 214 0 0 0 0 0 5 0 0 0 0 0 0 0 0 0 0 34 7 0 0 0 22 4 0 6 200 255 122 0 12 18 1 0 1 0 0 0 0 0 7 5 5 10 0 0 0 10 9 0 0 0 0 71 241 252 41 0 2 0 1 0 4 13 0 0 0 0 0 0 0 1 1 6 2 0 0 13 0 4 12 151 249 224 19 12 0 0 5 7 0 0 0 0 0 0 11 2 1 6 0 0 0 0 9 0 0 0 33 227 255 76 0 6 2 1 0 0 7 2 0 0 0 0 0 0 1 4 0 0 14 0 0 6 4 5 205 249 248 255 252 248 218 158 47 0 0 0 0 0 0 0 0 0 0 0 0 0 0 0 0 3 3 82 255 255 247 255 250 255 248 249 224 32 0 17 0 0 0 0 0 0 0 0 0 0 0 0 9 0 35 253 229 255 238 124 51 0 104 168 252 176 45 0 0 0 0 0 0 0 0 0 0 0 0 0 3 11 199 241 255 157 18 16 5 0 3 22 186 255 146 15 0 0 0 0 0 0 0 0 0 0 0 0 0 204 247 250 174 0 0 0 0 4 0 0 38 247 224 13 0 0 0 0 0 0 0 0 0 0 0 0 48 255 255 153 8 3 1 12 18 0 9 11 25 255 244 55 0 0 0 0 0 0 0 0 0 0 0 0 28 136 143 3 1 0 0 2 0 0 0 0 125 255 208 0 0 0 0 0 0 0 0 0 0 0 0 0 0 0 0 4 7 7 8 4 17 2 0 0 156 239 212 0 0 0 0 0 0 0 0 0 0 0 0 0 0 23 0 0 2 0 1 0 0 0 16 28 237 254 71 1 0 0 0 0 0 0 0 0 0 0 0 0 0 0 0 0 0 0 0 0 7 2 0 158 250 238 14 0 0 0 0 0 0 0 0 0 0 0 0 0 0 0 0 0 0 0 0 0 0 4 104 251 247 138 0 12 0 0 0 0 0 0 0 0 0 0 0 0 0 0 0 0 0 0 0 0 5 0 21 3 0 13 1 0 0 0 0 0 0 0 0 0 0 0 0 0 0 0 0 0 0 0 0 0 6 0 9 0 0 3 10 0 0 0 0 0
0 0 0 0 0 0 0 0 4 0 2 0 7 0 6 0 0 11 0 0 8 4 1 0 0 0 0 0 0 0 0 0 0 0 0 0 0 0 6 4 3 0 0 0 0 16 5 0 0 7 0 5 0 0 0 0 0 0 0 0 0 0 0 0 5 0 0 0 0 5 9 2 8 0 0 16 0 0 0 1 0 0 0 0 0 0 0 0 0 0 0 0 0 0 5 10 0 0 0 0 0 6 0 5 4 0 13 4 0 0 0 0 0 0 0 0 0 0 0 0 0 2 0 0 0 12 45 79 152 255 255 232 239 156 117 22 0 0 0 0 0 0 0 0 0 0 0 0 4 0 0 12 123 180 223 255 255 245 250 255 254 244 255 107 0 0 0 0 0 0 0 0 0 0 0 0 0 1 12 61 241 255 235 211 216 66 17 17 11 168 255 142 0 0 0 0 0 0 0 0 0 0 0 0 0 3 0 0 144 100 31 0 5 0 0 0 28 243 238 120 0 0 0 0 0 0 0 0 0 0 0 0 4 0 3 0 0 6 3 4 0 0 14 30 248 252 150 2 0 0 0 0 0 0 0 0 0 0 0 0 0 13 0 0 8 3 0 0 1 23 70 244 255 152 18 8 0 0 0 0 0 0 0 0 0 0 0 0 0 0 0 37 5 5 21 19 47 120 243 249 170 14 10 0 0 0 0 0 0 0 0 0 0 0 0 0 14 7 37 215 255 249 249 254 255 252 255 164 10 0 11 0 0 0 0 0 0 0 0 0 0 0 0 0 11 220 250 255 255 255 250 255 246 232 254 204 0 13 0 0 0 0 0 0 0 0 0 0 0 0 0 0 147 255 254 243 245 241 182 143 25 85 255 255 83 2 1 0 0 0 0 0 0 0 0 0 0 0 0 0 94 186 247 196 78 39 27 0 0 4 144 255 133 0 0 7 0 0 0 0 0 0 0 0 0 0 0 0 9 0 9 5 0 0 0 0 0 0 89 251 175 14 4 0 0 0 0 0 3 0 13 0 0 9 0 8 3 0 0 2 12 0 1 0 0 25 177 255 105 19 0 7 0 0 0 0 7 5 0 0 4 6 0 5 0 0 0 0 0 8 6 0 9 127 247 210 11 0 10 5 0 0 0 0 0 5 5 8 4 0 8 0 0 0 18 6 0 0 0 22 76 217 205 96 0 5 0 0 0 0 0 0 4 0 2 0 1 104 204 208 119 22 15 0 9 0 38 138 254 250 92 4 4 8 0 7 0 0 0 0 1 0 0 0 87 235 255 235 184 190 177 0 0 95 211 251 244 134 12 5 0 0 9 9 0 0 0 0 0 11 3 7 157 247 124 37 11 18 102 127 231 255 244 200 57 11 0 7 3 0 6 0 0 0 0 0 0 0 0 9 149 255 255 242 255 242 254 255 241 150 55 0 4 10 1 0 1 8 0 2 0 0 0 0 1 0 1 5 10 115 242 255 255 239 178 141 66 27 2 3 1 0 13 2 0 5 0 0 0 0 0 0 0 0 0 0 0 0 0 0 0 0 0 0 0 0 0 0 0 0 0 0 0 0 0 0 0 0 0 0 0 0 0 0 0 0 0 0 0 0 0 0 0 0 0 0 0 0 0 0 0 0 0 0 0 0 0 0 0 0 0 0 0 0 0 0 0 0 0 0 0 0 0 0 0 0 0 0 0 0 0 0 0 0 0 0 0 0 0 0 0 0 0 0 0 0 0 0 0 0 0 0 0 0 0 0 0 0 0 0 0 0 0 0
7 0 0 1 3 0 1 7 0 0 4 4 0 0 3 1 1 0 0 0 0 0 0 0 0 0 0 0 0 2 2 4 1 0 0 2 9 4 0 0 4 6 1 0 0 0 0 0 0 0 0 0 0 0 0 0 0 0 3 0 0 0 0 0 0 0 2 0 0 0 0 9 0 0 0 0 0 0 0 0 0 0 0 0 3 0 0 0 0 10 2 0 3 2 0 0 13 11 0 1 0 0 0 1 1 1 0 0 0 0 0 0 6 0 3 0 0 4 0 0 0 2 1 1 0 0 0 0 0 0 0 1 1 1 0 0 0 0 0 0 1 0 12 0 0 9 0 5 9 0 0 2 0 0 9 13 3 2 1 0 0 0 0 0 0 0 0 0 2 0 8 0 38 108 105 104 94 30 3 5 0 6 8 0 7 5 1 0 0 0 0 1 0 0 0 0 8 0 0 4 108 248 255 247 255 217 202 158 66 38 66 66 9 6 2 0 0 0 0 1 0 0 0 0 0 6 0 7 99 223 255 241 250 251 245 255 246 241 255 252 197 165 167 156 169 113 0 1 0 0 0 0 4 0 0 0 0 13 77 142 253 254 251 255 253 250 251 233 253 243 255 255 255 158 0 1 0 0 0 0 6 0 0 6 5 0 0 2 9 38 107 168 189 175 176 216 248 255 255 246 248 166 14 0 0 0 0 0 0 6 9 0 0 9 7 0 13 0 0 0 1 0 0 73 249 242 255 236 154 43 0 13 0 0 0 0 1 1 0 0 0 0 0 11 1 0 6 7 0 3 76 219 255 242 214 96 0 9 13 0 0 0 0 0 5 0 0 4 13 8 0 0 10 10 0 0 61 178 238 254 247 91 16 3 0 0 11 9 0 0 0 0 0 2 4 0 0 0 7 4 0 0 49 176 250 249 245 243 89 13 0 9 8 0 0 0 0 0 0 0 7 1 0 2 5 3 0 0 1 108 198 248 255 247 195 76 6 3 0 0 3 1 0 8 0 0 0 0 0 0 0 9 0 4 0 0 136 255 255 254 242 255 255 240 237 114 23 0 0 8 0 5 0 0 0 0 5 5 0 8 0 6 3 5 183 255 237 252 255 254 245 255 255 236 146 43 3 0 3 0 0 0 0 0 0 0 0 6 0 2 0 0 19 106 99 88 94 67 87 215 242 255 255 71 0 0 0 12 0 0 0 0 0 2 0 4 6 5 0 2 14 0 0 9 0 10 14 0 96 248 245 227 6 9 0 2 0 0 0 0 6 3 0 0 1 0 0 10 0 2 12 0 0 0 0 0 12 125 251 219 0 5 0 55 0 0 0 0 0 0 0 0 19 0 0 0 7 0 5 2 0 0 10 3 15 160 233 242 0 0 14 26 0 0 0 0 0 4 12 13 45 15 0 2 0 12 0 0 8 0 14 24 210 238 255 133 0 0 6 9 0 0 0 0 0 0 0 0 23 0 0 7 9 0 0 2 13 90 245 240 255 254 168 61 0 10 0 0 0 0 0 0 0 0 0 0 0 0 0 0 41 46 55 177 207 255 236 255 223 126 27 0 0 0 0 0 0 0 0 0 0 0 0 0 0 0 0 0 94 93 88 116 108 114 100 109 39 10 0 0 1 0 0 3 0 0 0 0 0 0 0 0 0 0 0 0 6 8 15 0 0 0 2 0 0 0 3 8 4 0 0 0 0 0 0 0 0 0 0 0 0 0 0 0 0 0 3 0 9 4 17 0 2 3 1 0 0 1 2 1 0 0 0 0
0 0 0 0 0 0 0 0 2 0 5 0 7 0 9 0 0 8 1 0 0 8 5 0 0 0 0 0 0 0 0 0 0 0 0 0 11 0 0 0 0 12 0 4 0 0 0 27 0 0 0 5 0 0 0 0 0 0 0 0 0 0 0 0 0 6 16 17 0 9 0 7 13 0 4 0 0 0 11 0 0 0 0 0 0 0 0 0 0 0 0 0 0 0 0 0 11 0 0 0 0 0 9 0 7 8 8 0 0 0 0 0 0 0 0 0 0 0 0 0 5 9 2 0 14 0 6 0 0 11 0 0 3 0 0 19 0 0 0 0 0 0 0 0 0 0 0 0 0 0 0 15 0 1 5 3 0 15 19 0 22 0 0 0 0 0 0 0 0 0 0 0 0 0 0 0 12 0 44 124 170 254 249 250 253 241 195 39 0 0 20 0 0 0 0 0 0 0 0 0 0 0 0 0 0 10 211 255 252 255 209 212 213 255 252 207 4 2 0 4 0 0 0 0 0 0 0 0 0 0 0 0 6 0 242 255 104 64 23 1 24 221 255 160 8 8 0 0 0 0 0 0 0 0 0 0 0 0 0 0 1 1 113 215 89 0 0 0 134 255 245 38 4 0 9 0 0 0 0 0 0 0 0 0 0 0 0 0 0 0 3 0 7 1 4 185 255 221 109 0 0 0 0 4 0 0 0 0 0 0 0 0 0 0 0 0 0 3 10 0 0 68 190 246 231 101 0 22 0 14 0 2 0 0 0 0 0 0 0 0 0 0 0 0 8 0 10 0 18 107 240 234 82 10 0 3 0 0 11 0 0 0 0 0 0 0 0 0 0 0 0 0 0 16 0 3 146 255 253 17 0 0 5 0 13 0 0 2 0 0 0 0 0 0 0 0 0 0 0 0 0 0 14 83 248 212 1 18 0 9 0 0 11 9 0 9 0 0 0 0 0 0 0 0 0 0 0 0 5 6 0 159 247 168 10 0 3 0 6 5 0 0 6 0 0 0 0 0 0 0 0 0 0 0 0 0 2 0 11 107 249 252 255 141 139 106 10 10 5 6 0 0 0 0 0 0 0 0 0 0 0 0 0 0 2 3 0 4 193 249 255 229 253 243 255 91 0 5 0 1 0 0 0 0 0 0 0 0 0 0 0 0 0 17 0 3 11 75 68 197 227 246 246 104 0 9 0 13 0 0 0 0 0 0 0 0 0 0 0 0 0 0 7 2 6 7 0 62 245 255 218 17 10 8 0 0 0 0 0 0 0 0 0 0 0 0 0 0 7 9 0 1 14 0 59 255 239 236 30 0 0 1 4 0 0 0 0 0 0 0 0 0 0 0 0 0 0 2 0 5 0 163 255 234 221 74 5 0 13 8 0 4 0 0 0 0 0 0 0 0 0 0 0 0 0 19 0 4 170 246 236 162 25 12 0 12 0 0 7 4 0 0 0 0 0 0 0 0 0 0 0 0 7 0 32 194 250 226 86 0 0 0 2 0 22 0 0 1 0 0 0 0 0 0 0 0 0 0 0 0 1 0 150 255 182 57 0 11 0 0 0 0 0 0 0 0 0 0 0 0 0 0 0 0 0 0 0 0 0 131 240 125 0 7 10 0 0 0 0 0 0 0 0 0 0 0 0 0 0 0 0 0 0 0 0 0 1 0 4 0 0 9 0 7 0 0 0 0 0 0 0 0 0 0 0 0 0 0 0 0 0 0 0 0 1 0 10 0 0 4 0 0 0 0 0 0 0 0 0 0 0 0 0 0
0 0 0 0 0 0 0 0 3 1 0 0 0 0 0 2 0 18 0 0 1 3 0 4 0 0 0 0 0 0 0 0 0 0 0 0 0 11 0 0 3 8 0 0 0 4 0 13 1 8 0 0 0 0 0 0 0 0 0 0 0 0 0 0 4 0 1 9 9 0 0 8 1 0 0 7 0 4 0 0 0 0 0 0 0 0 0 0 0 0 0 0 0 0 10 0 0 2 15 0 17 0 0 3 0 7 0 4 0 0 0 0 0 0 0 0 0 0 0 0 5 0 0 3 18 7 0 10 0 0 0 0 5 0 0 6 0 0 0 0 0 0 0 0 0 0 0 0 0 220 246 74 0 0 0 12 0 14 11 0 0 0 16 0 0 0 0 0 0 0 0 0 0 0 0 0 10 226 255 173 132 141 125 123 127 182 239 255 255 232 185 4 0 0 0 0 0 0 0 0 0 0 0 0 5 128 247 255 243 253 255 248 255 255 255 255 247 255 254 0 0 0 0 0 0 0 0 0 0 0 0 0 5 9 126 180 255 250 255 246 199 118 128 207 255 238 202 0 0 0 0 0 0 0 0 0 0 0 0 0 0 1 0 2 2 0 14 4 0 7 9 225 252 255 0 12 0 0 0 0 0 0 0 0 0 0 0 0 13 11 0 2 0 0 0 0 12 65 251 255 250 67 3 0 0 0 0 0 0 0 0 0 0 0 0 0 0 0 23 0 6 7 0 1 119 252 255 176 57 4 2 19 0 0 0 0 0 0 0 0 0 0 0 0 10 0 5 0 0 4 75 121 255 255 181 10 10 0 0 2 0 0 0 0 0 0 0 0 0 0 0 0 0 15 0 0 1 119 255 252 255 123 4 6 0 0 11 0 0 0 0 0 0 0 0 0 0 0 0 0 8 0 128 255 255 244 255 255 255 191 0 11 0 13 0 1 0 0 0 0 0 0 0 0 0 0 0 0 0 0 255 255 240 255 255 249 251 255 252 0 9 0 12 0 0 0 0 0 3 0 13 0 2 6 0 5 4 0 128 136 116 10 0 8 117 255 253 0 15 1 0 6 0 0 0 0 9 0 1 5 0 3 11 0 0 17 0 9 6 0 2 0 10 99 255 0 2 0 6 0 0 0 0 0 0 0 0 18 0 0 0 11 12 0 9 0 9 22 0 0 8 201 251 0 0 1 0 6 0 0 0 0 11 0 20 49 141 125 0 0 7 0 10 0 0 0 14 0 68 221 255 0 3 20 1 0 0 0 0 0 8 4 0 254 255 246 197 5 0 0 0 7 0 16 0 8 242 255 194 0 0 0 0 8 0 0 0 0 2 0 20 255 244 255 138 0 3 0 23 0 8 5 10 184 255 197 0 8 11 0 0 2 0 0 0 0 2 14 7 39 255 255 250 255 193 129 42 48 148 120 238 255 255 54 3 0 0 0 19 0 0 0 0 0 0 0 2 2 14 60 122 133 255 255 255 255 247 247 255 119 0 8 0 3 6 2 0 0 0 0 0 0 0 0 0 0 0 0 0 0 72 124 132 126 127 67 0 0 0 0 0 0 0 0 0 0 0 0 0 0 0 0 0 0 0 0 0 0 0 7 1 0 12 0 0 8 0 0 0 0 0 0 0 0 0 0 0 0 0 0 0 0 0 0 0 0 7 12 2 0 0 0 1 14 0 0 0 0 0 0 0 0 0 0 0 0 0 0 0 0 0 0 0 0 0 0 0 2 0 0 0 0 0 0 0 0 0 0 0 0 0 0 0 0
0 0 0 0 0 0 0 0 3 4 0 9 0 0 0 15 0 6 2 0 5 3 0 0 0 0 0 0 0 0 0 0 0 0 0 0 0 0 6 0 14 9 8 0 0 0 9 1 0 0 11 12 0 0 0 0 0 0 0 0 0 0 0 0 0 0 3 2 0 0 3 8 11 0 2 0 3 0 4 0 0 0 0 0 0 0 0 0 0 0 0 0 3 0 15 0 13 0 10 0 0 0 11 3 14 0 12 12 0 0 0 0 0 0 0 0 0 0 0 0 0 1 0 2 0 2 6 10 7 5 0 0 5 0 0 0 0 0 0 0 0 0 0 0 0 0 0 0 8 4 1 2 13 0 0 0 0 8 8 5 7 2 0 0 0 0 0 0 0 0 0 0 0 0 0 0 0 176 253 0 52 132 255 235 255 178 63 9 0 17 17 0 0 0 0 0 0 0 0 0 0 0 0 0 195 255 255 252 255 255 236 255 252 255 253 193 4 0 7 0 0 0 0 0 0 0 0 0 0 0 0 0 255 247 246 255 248 195 124 1 59 194 251 255 0 0 0 11 0 0 0 0 0 0 0 0 0 0 0 0 243 255 254 130 71 9 0 3 10 196 244 250 0 16 17 0 0 0 0 0 0 0 0 0 0 0 0 0 191 255 71 0 0 0 4 0 114 255 248 195 0 0 0 15 0 0 0 0 0 0 0 0 0 0 0 0 5 48 0 14 7 14 0 142 255 255 213 0 5 24 0 0 0 0 0 0 0 0 0 0 0 0 0 0 11 0 19 0 0 3 61 246 255 250 52 10 0 0 11 1 0 0 0 0 0 0 0 0 0 0 0 0 0 5 2 0 25 190 249 255 255 57 10 0 30 0 0 0 0 0 0 0 0 0 0 0 0 0 0 0 7 0 11 1 0 255 254 255 77 0 6 0 0 0 2 5 0 0 0 0 0 0 0 0 0 0 0 0 0 20 0 0 5 254 255 131 0 8 0 4 5 9 0 4 0 0 0 0 0 0 0 0 0 0 0 0 0 14 0 0 0 131 250 0 10 0 0 10 0 4 0 2 0 0 0 0 0 0 0 0 0 0 0 0 1 0 0 5 0 0 255 131 0 10 0 0 3 0 8 0 0 0 0 0 0 0 0 0 0 0 0 0 6 8 6 3 9 11 174 254 65 5 3 0 4 0 9 0 0 0 0 0 0 0 0 0 0 0 0 0 0 12 0 0 0 0 0 255 194 0 2 5 0 5 4 0 0 0 0 0 0 0 0 0 0 0 0 0 0 2 11 0 17 0 0 118 254 19 0 3 0 4 0 2 0 0 0 0 0 0 0 0 0 0 0 0 14 0 14 0 6 14 0 7 249 150 0 2 13 0 0 3 0 0 0 0 0 0 0 0 0 0 0 0 1 0 8 3 0 0 13 129 249 244 0 8 6 0 0 1 0 0 0 0 0 0 0 0 0 0 0 0 0 142 125 122 131 130 255 248 255 247 1 9 0 13 0 7 0 0 0 0 0 0 0 0 0 0 0 0 18 168 255 255 247 255 255 255 255 149 30 0 2 2 0 0 0 0 0 0 0 0 0 0 0 0 0 0 0 71 193 252 248 255 251 194 112 46 0 0 4 4 0 0 0 0 0 0 0 0 0 0 0 0 0 0 4 7 1 0 5 6 0 0 2 0 0 0 8 3 0 0 0 0 0 0 0 0 0 0 0 0 0 0 0 5 0 0 11 0 0 11 0 1 4 4 0 0 0 2 0 0 0 0
5 0 5 0 0 9 0 0 6 0 12 0 0 2 15 0 0 0 0 0 0 0 1 4 0 0 0 0 1 0 5 0 0 7 0 12 0 10 0 0 14 0 0 17 8 9 8 4 3 3 0 0 0 0 0 0 0 0 9 3 0 0 0 0 0 19 0 2 7 0 0 0 0 0 0 0 0 6 4 0 0 0 0 0 2 0 3 3 2 0 0 0 0 0 0 0 0 0 11 2 2 6 6 2 0 2 1 0 0 0 0 0 7 0 0 0 2 0 5 6 1 11 14 3 2 14 0 3 0 0 2 4 2 0 0 2 0 0 0 0 1 3 0 4 0 0 0 0 0 17 116 190 120 238 255 192 26 1 0 0 2 0 0 6 0 0 0 0 0 6 1 6 0 2 57 95 139 248 253 255 254 255 255 240 168 87 15 0 7 0 0 0 0 0 0 0 0 7 0 0 0 51 182 255 255 253 247 255 244 140 255 255 255 141 20 0 0 0 0 5 0 0 0 0 0 12 0 10 3 218 255 236 225 184 149 43 40 0 255 244 248 178 1 2 0 0 2 0 0 0 0 0 0 8 0 2 0 108 138 94 52 0 0 0 5 130 255 243 255 138 0 0 12 0 0 4 0 0 0 0 6 0 3 0 0 15 23 0 0 13 0 13 31 255 246 255 160 4 18 13 0 10 0 0 0 0 0 0 3 0 2 2 6 0 0 0 9 0 11 50 210 245 254 243 20 0 0 0 5 0 5 5 0 0 0 0 1 2 0 4 0 0 0 8 0 16 109 213 255 255 255 168 25 0 15 13 0 11 0 0 0 0 0 0 0 7 0 5 0 3 0 1 2 150 255 245 244 242 247 147 17 121 42 3 2 0 7 0 0 0 0 0 0 1 0 4 0 5 4 0 61 240 239 255 252 255 248 255 251 255 246 139 60 6 3 0 0 0 0 0 6 0 3 0 0 1 9 0 67 255 255 251 249 182 255 248 252 241 255 255 226 46 0 5 0 0 0 0 0 0 0 0 0 0 0 0 6 135 255 235 146 0 8 72 152 130 178 255 243 235 52 2 0 0 0 0 0 0 0 0 0 0 0 0 0 11 24 13 9 0 12 0 1 4 10 137 255 234 100 2 0 0 0 0 0 0 0 0 0 0 0 0 4 7 4 11 0 0 9 0 0 14 0 31 247 249 225 4 0 0 0 0 0 0 0 0 0 0 0 0 0 0 0 5 13 0 7 0 0 4 0 41 189 251 244 0 0 0 0 0 0 0 0 0 0 0 0 0 1 17 0 0 41 0 0 9 9 0 39 215 245 255 126 9 0 0 0 0 0 0 0 0 0 0 0 0 0 0 0 104 210 75 21 24 36 95 174 232 255 251 91 7 0 0 0 0 0 0 0 0 0 0 0 0 9 0 9 151 249 164 197 255 254 240 255 255 238 78 0 2 0 0 0 0 0 0 0 0 0 0 0 0 0 0 7 149 255 251 255 242 249 255 238 241 123 8 0 8 0 0 0 0 0 0 0 0 0 0 0 0 3 0 0 21 124 237 255 244 255 192 90 14 0 0 5 0 0 0 0 0 0 0 0 0 0 0 0 0 4 12 9 0 0 7 4 0 7 6 2 0 0 4 1 0 0 0 0 0 0 0 0 0 0 0 0 0 0 0 0 5 2 0 0 7 0 0 2 0 0 1 7 11 0 0 0 0 0 0 0 0 0 0 0 0 14 0 0 0 0 0 0 0 8 5 0 0 0 0 0 0 0 0 0 0
0 0 0 0 0 0 0 0 4 7 0 0 3 0 0 1 0 0 4 0 0 2 0 0 0 0 0 0 0 0 0 0 0 0 0 0 0 0 14 16 0 1 0 0 0 0 0 21 0 0 9 0 0 0 0 0 0 0 0 0 0 0 0 0 6 0 0 0 0 15 0 5 8 6 0 10 0 2 12 0 0 0 0 0 0 0 0 0 0 0 0 0 0 16 0 0 4 11 0 3 0 11 0 0 0 10 0 0 0 0 0 0 0 0 0 0 0 0 0 0 0 5 0 1 0 0 1 0 7 0 11 0 2 0 0 3 0 0 0 0 0 0 0 0 0 0 0 0 0 2 19 13 0 60 191 236 142 26 0 11 0 0 7 0 0 0 0 0 0 0 0 0 0 0 0 0 8 0 0 0 101 226 255 253 255 149 0 3 0 5 7 0 0 0 0 0 0 0 0 0 0 0 0 0 5 88 171 109 243 255 110 72 248 255 11 1 0 6 0 9 0 0 0 0 0 0 0 0 0 0 0 0 2 171 255 240 251 75 0 39 254 250 7 15 0 14 0 3 0 0 0 0 0 0 0 0 0 0 0 0 0 165 255 252 122 0 0 34 255 255 0 0 0 7 13 0 0 0 0 0 0 0 0 0 0 0 0 0 3 160 251 236 10 0 2 76 241 255 27 0 11 0 0 5 0 0 0 0 0 0 0 0 0 0 0 0 8 163 248 244 0 15 0 141 255 153 10 0 1 12 0 10 0 0 0 0 0 0 0 0 0 0 0 0 0 155 255 254 0 4 17 204 248 55 0 12 0 1 7 0 0 0 0 0 0 0 0 0 0 0 0 0 0 179 236 203 12 67 209 255 255 149 9 0 7 0 1 0 0 0 0 0 0 0 0 0 0 0 0 0 0 15 137 27 63 219 225 255 244 255 93 0 9 5 0 9 0 0 0 0 0 0 0 0 0 0 0 0 7 1 0 23 254 247 255 225 64 239 255 113 0 0 0 0 0 0 0 0 0 0 0 0 0 0 0 0 0 4 0 50 242 253 246 150 0 206 255 189 2 10 0 0 0 0 0 0 0 0 0 0 0 0 0 0 7 0 8 100 255 255 202 17 0 227 244 203 2 0 0 12 0 0 0 0 0 0 0 0 0 0 0 0 0 6 0 31 206 247 174 7 2 108 255 221 3 12 0 0 0 0 0 0 0 0 0 0 0 0 0 0 4 19 0 0 56 43 12 0 6 149 237 110 21 0 8 0 0 0 0 0 0 0 0 0 0 0 0 0 0 0 11 11 9 5 5 2 97 245 233 13 0 0 6 4 0 0 0 0 0 0 0 0 0 0 0 0 5 0 5 0 0 0 7 79 250 244 169 6 0 24 0 1 0 0 0 0 0 0 0 0 0 0 0 0 4 0 0 8 23 42 85 255 249 200 12 0 18 0 0 17 0 0 0 0 0 0 0 0 0 0 0 0 0 2 3 0 83 255 255 245 131 29 0 5 0 0 19 0 0 0 0 0 0 0 0 0 0 0 0 0 3 0 3 0 5 161 235 84 0 0 0 0 0 0 0 0 0 0 0 0 0 0 0 0 0 0 0 0 0 10 0 2 2 1 14 0 0 0 0 0 0 0 0 0 0 0 0 0 0 0 0 0 0 0 0 0 0 14 0 0 16 0 0 8 0 0 0 0 0 0 0 0 0 0 0 0 0 0 0 0 0 0 0 0 7 3 0 0 1 10 17 8 0 0 0 0 0 0 0 0 0 0 0 0
4 0 15 0 0 0 0 0 1 0 0 0 0 1 5 0 0 0 0 0 7 1 0 7 0 0 0 0 1 0 6 0 2 0 9 13 6 2 8 8 0 1 4 0 6 7 1 0 3 0 0 0 0 0 0 0 9 0 0 4 15 0 0 0 1 0 0 0 0 0 2 2 0 0 0 0 7 6 5 15 0 0 0 0 3 6 2 4 0 0 11 13 4 0 1 5 0 0 1 0 5 8 1 0 1 0 0 0 0 0 0 0 0 3 0 0 2 0 0 0 0 0 0 7 6 4 4 0 0 1 0 0 2 2 0 4 0 0 0 0 0 1 0 0 12 9 0 33 44 18 3 0 0 0 0 6 0 8 4 0 5 4 0 1 0 0 0 0 0 8 14 0 0 0 28 212 245 205 160 109 50 12 2 2 0 0 0 0 1 2 0 0 0 0 0 0 4 0 0 0 8 0 1 207 253 250 255 255 236 216 217 223 230 224 190 142 100 56 15 0 0 0 0 0 0 13 0 0 10 1 0 6 73 194 229 247 254 255 243 255 255 244 255 253 235 255 255 123 0 0 0 0 7 0 0 3 0 0 0 5 0 15 4 67 158 192 178 171 236 255 255 249 255 254 245 217 0 0 0 0 9 0 0 6 0 0 5 0 1 0 0 10 22 17 114 226 255 255 244 236 255 240 159 42 0 0 0 0 0 0 1 0 0 10 1 0 4 14 73 161 243 247 255 248 255 234 232 191 97 0 0 0 0 0 0 0 0 7 3 0 2 0 0 60 119 195 252 242 250 255 247 165 62 68 38 0 0 0 9 0 0 0 0 0 0 4 2 0 7 0 9 151 245 255 255 255 255 252 167 34 57 0 0 5 15 0 14 6 0 0 0 0 2 0 4 0 7 0 13 135 255 255 242 252 246 244 251 254 255 215 188 134 50 0 7 0 0 0 0 0 4 0 10 0 0 4 0 36 88 167 214 255 255 255 254 255 250 255 242 255 254 102 0 0 0 0 0 0 1 0 9 12 0 0 5 0 1 2 14 19 9 9 18 20 88 131 220 255 244 222 0 0 0 0 0 0 6 0 0 0 7 8 12 3 0 0 3 2 2 12 13 0 0 17 142 251 255 215 14 0 0 0 0 0 0 8 16 0 8 0 0 6 6 0 0 13 0 0 4 43 190 214 243 255 239 144 0 4 0 0 0 0 2 0 0 0 7 4 0 0 5 4 2 14 72 174 246 255 242 255 255 194 78 8 0 1 0 0 0 0 6 6 3 11 0 7 2 0 38 80 167 243 255 250 245 246 210 186 77 0 4 7 0 2 0 0 0 0 0 0 0 0 24 101 179 230 238 255 255 251 233 211 147 67 21 4 0 1 0 1 16 0 0 0 0 0 0 7 3 25 196 255 255 242 255 207 156 118 60 6 0 0 0 3 0 0 9 0 0 2 0 0 0 0 0 9 0 0 231 255 214 168 73 22 0 2 3 0 0 5 3 0 0 9 0 6 0 5 0 0 0 0 2 0 0 9 23 27 17 5 0 0 0 0 0 0 0 0 0 0 0 0 0 0 0 0 0 0 0 0 0 0 0 0 5 6 1 0 0 0 0 0 0 0 0 0 0 0 0 0 0 0 0 0 0 0 0 0 0 1 1 0 0 0 0 0 0 0 0 0 0 0 0 0 0 0 0 0 0 0 0 0 0 0 0 0 0 1 2 0 0 0 1 6 0 0 0 0 0 0 0 0 0 0 0 0 0 0 0 0 0 0 0 0
0 0 0 0 0 0 0 0 0 1 8 0 0 5 0 0 0 3 0 0 0 1 7 1 0 0 0 0 0 0 0 0 0 0 0 0 0 0 0 0 0 7 4 1 13 4 0 13 0 7 0 0 0 0 0 0 0 0 0 0 0 0 0 0 0 0 0 0 1 2 1 0 0 0 6 0 0 0 4 2 0 0 0 0 0 0 0 0 0 0 0 0 0 4 2 3 0 0 1 6 0 1 27 0 7 3 15 0 0 0 0 0 0 0 0 0 0 0 0 0 10 4 0 4 14 4 6 0 2 5 0 0 0 0 0 0 0 0 0 0 0 0 0 0 0 0 0 0 0 6 0 5 7 30 121 180 249 249 255 253 249 39 7 0 0 0 0 0 0 0 0 0 0 0 0 0 11 2 5 118 230 255 255 234 255 252 236 252 255 7 0 4 0 0 0 0 0 0 0 0 0 0 0 0 3 0 0 116 230 238 197 114 58 106 45 220 249 83 0 1 0 0 0 0 0 0 0 0 0 0 0 0 2 0 3 0 0 3 17 0 0 4 233 238 255 9 0 4 0 0 0 0 0 0 0 0 0 0 0 0 5 2 3 2 7 0 0 17 20 158 251 249 55 7 0 0 0 0 0 0 0 0 0 0 0 0 0 0 0 0 0 3 0 7 12 0 149 255 246 117 15 0 13 0 0 0 0 0 0 0 0 0 0 0 0 0 7 15 0 2 2 0 40 160 255 224 103 13 13 0 0 0 0 0 0 0 0 0 0 0 0 0 0 0 0 0 1 12 0 105 219 255 245 73 1 8 0 0 0 0 0 0 0 0 0 0 0 0 0 0 0 0 13 6 62 159 210 244 242 217 127 0 6 0 14 0 9 2 0 0 0 0 0 0 0 0 0 0 0 0 0 5 165 255 241 253 206 18 12 7 0 0 4 5 0 0 0 0 0 0 0 0 0 0 0 0 0 0 7 0 133 233 244 255 233 38 0 11 0 10 0 0 10 0 0 0 0 0 4 1 0 0 1 0 0 5 0 11 1 48 135 212 246 180 14 7 2 0 6 0 8 0 0 0 0 0 0 2 0 0 6 14 3 0 9 0 0 0 7 30 225 252 92 0 0 0 0 0 4 2 0 0 0 0 3 1 0 0 1 0 0 0 2 0 15 18 0 19 88 252 178 0 3 6 0 5 0 4 0 0 0 0 0 0 0 8 11 0 9 12 0 0 0 0 13 2 144 255 169 0 5 5 0 5 0 1 0 0 0 0 1 0 3 2 5 0 11 0 0 0 6 1 0 67 255 236 70 0 0 0 0 0 5 0 0 0 0 0 0 4 6 0 0 0 45 8 0 5 0 0 27 197 255 145 0 6 0 0 7 0 10 0 0 0 0 0 0 0 5 0 8 20 136 154 59 118 106 133 255 237 210 33 0 8 5 0 8 0 9 0 0 0 0 0 12 0 4 4 0 0 161 255 250 241 255 254 222 143 44 0 9 0 0 0 3 0 10 0 0 0 0 0 4 0 0 1 7 0 36 196 255 249 255 228 83 0 0 1 0 0 0 0 0 0 0 0 0 0 0 0 4 2 0 0 5 0 0 19 1 0 2 19 0 0 7 2 0 0 0 0 0 0 0 0 0 0 0 0 0 0 6 0 6 16 0 0 17 0 0 0 0 0 3 0 0 0 0 0 0 0 0 0 0 0 0 0 0 0 7 0 0 0 3 10 0 0 2 0 1 2 3 6 0 0 0 0 0 0 0 0 0 0 0 0
0 8 9 0 0 2 0 0 1 6 0 0 7 1 0 11 0 0 0 0 0 0 0 0 0 0 0 0 4 6 0 0 4 5 0 3 0 0 8 13 0 0 9 0 0 0 0 0 0 0 0 0 0 0 0 0 0 0 0 0 7 0 0 0 0 3 1 0 0 7 6 3 0 0 0 0 0 0 0 0 0 0 0 0 0 1 1 0 3 0 0 6 2 13 0 0 9 7 0 0 0 0 0 0 0 0 0 0 0 0 0 0 3 10 3 0 0 2 2 8 0 0 0 13 0 0 5 0 0 0 0 0 0 0 0 0 0 0 0 0 1 5 1 0 4 0 0 0 1 1 6 3 0 0 5 10 0 0 0 0 0 0 0 0 0 0 0 0 0 0 0 6 2 0 31 90 190 247 255 250 237 162 49 0 0 0 0 0 0 0 0 0 0 0 0 0 7 0 0 3 0 8 119 255 231 232 234 228 238 255 216 127 0 0 0 0 0 0 0 0 0 0 0 0 0 1 0 0 0 13 45 71 8 0 0 0 6 88 253 167 3 0 3 6 7 0 10 0 0 0 0 0 0 2 2 0 0 0 4 11 0 2 5 12 0 45 255 184 5 3 0 0 8 7 13 0 0 0 0 0 0 0 0 2 2 0 0 0 0 11 0 8 0 148 233 124 0 0 7 0 12 0 0 0 0 0 0 0 0 0 0 1 5 6 3 0 10 5 16 0 0 178 241 31 12 0 0 0 7 12 4 16 0 0 0 0 3 2 0 0 0 0 1 2 0 0 0 0 60 255 101 5 0 0 13 9 0 0 0 0 0 0 0 0 0 2 4 2 0 0 0 0 7 0 9 70 227 255 64 31 9 0 0 13 2 0 8 8 0 0 0 0 0 0 2 3 3 2 2 2 0 10 0 227 252 246 255 226 216 148 0 0 8 0 0 0 0 0 0 0 5 2 0 0 0 0 0 0 1 0 8 96 160 160 87 140 208 252 85 0 0 0 7 2 0 0 0 0 0 0 0 0 0 0 0 0 1 2 5 0 0 7 10 0 69 255 193 0 9 0 0 0 0 0 0 0 0 0 0 0 0 0 0 0 7 0 0 3 0 0 0 3 50 245 207 14 0 0 11 0 0 0 0 0 0 0 0 0 0 0 0 0 5 0 0 1 1 0 0 3 31 226 212 15 0 4 0 1 0 0 0 0 0 0 0 0 0 0 0 0 0 6 4 0 1 5 0 0 55 255 135 0 0 11 0 0 0 0 0 0 0 0 0 0 0 0 0 0 0 6 3 0 3 0 0 8 159 255 20 2 7 0 17 0 0 0 0 0 0 0 0 0 0 0 0 0 3 0 0 5 5 0 5 75 255 161 0 12 0 0 4 1 0 0 0 0 0 0 0 0 0 0 0 0 4 0 0 4 2 0 58 182 235 34 9 5 0 14 0 9 0 0 0 0 0 0 0 0 0 0 0 0 0 9 4 0 0 12 118 255 119 0 0 0 12 0 11 0 0 0 0 0 0 0 0 0 0 0 0 0 3 1 3 34 94 118 255 164 0 0 0 0 0 0 0 0 0 0 0 0 0 0 0 0 0 0 0 0 0 17 0 27 255 239 127 11 0 0 0 0 0 0 0 0 0 0 0 0 0 0 0 0 0 0 0 0 5 0 16 0 0 2 17 4 0 0 0 0 0 0 0 0 0 0 0 0 0 0 0 0 0 0 0 0 13 0 15 10 0 0 0 0 0 0 0 0 0 0 0 0 0 0 0 0
0 0 0 0 0 0 0 0 3 2 0 0 0 4 5 1 0 0 0 0 1 1 0 0 0 0 0 0 0 0 0 0 0 0 0 0 7 0 0 15 1 0 1 0 6 2 1 2 0 0 0 1 0 0 0 0 0 0 0 0 0 0 0 0 0 15 8 0 0 6 8 4 0 0 0 0 4 9 6 0 0 0 0 0 0 0 0 0 0 0 0 0 0 1 0 0 12 0 0 0 0 7 8 0 0 0 0 0 0 0 0 0 0 0 0 0 0 0 0 0 1 0 5 4 0 3 21 0 4 0 0 11 12 0 0 4 0 0 0 0 0 0 0 0 0 0 0 0 0 25 0 41 202 251 195 190 249 248 255 249 172 64 3 0 0 0 0 0 0 0 0 0 0 0 0 0 0 32 151 255 255 248 255 255 255 246 234 255 255 237 108 0 0 0 0 0 0 0 0 0 0 0 0 0 0 176 255 238 245 255 247 252 241 255 255 235 253 255 148 6 0 0 0 0 0 0 0 0 0 0 0 0 0 175 249 252 255 229 183 142 134 68 29 128 255 248 168 1 0 0 0 0 0 0 0 0 0 0 0 0 0 1 7 11 0 4 22 0 0 12 37 179 255 239 179 4 0 0 0 0 0 0 0 0 0 0 0 0 0 0 0 0 0 12 0 2 0 52 182 236 255 255 128 0 0 0 0 0 0 0 0 0 0 0 0 0 20 0 0 11 0 12 0 2 110 216 240 255 249 124 7 8 0 0 0 0 0 0 0 0 0 0 0 0 0 9 1 0 10 6 0 108 241 255 255 243 81 0 10 0 0 0 0 0 0 0 0 0 0 0 0 0 8 0 9 0 0 103 215 255 255 255 194 61 0 11 3 1 0 0 0 0 0 0 0 0 0 0 0 0 0 9 0 17 169 253 255 242 255 164 29 0 5 0 13 0 0 0 0 0 0 0 0 0 0 0 0 0 0 2 0 80 255 248 242 255 240 53 8 0 3 7 0 4 0 0 0 0 11 0 12 8 0 19 0 11 0 6 0 18 255 254 255 243 245 247 40 6 0 0 7 0 0 0 0 0 1 0 0 0 8 0 22 0 10 0 25 0 0 117 215 255 255 231 174 0 1 3 5 0 0 0 0 0 0 17 15 0 0 16 172 218 0 9 0 21 5 0 68 250 235 246 119 0 3 6 0 8 0 0 0 0 17 0 0 0 12 129 252 255 4 12 0 0 0 61 209 255 255 241 14 0 8 0 0 0 0 0 0 0 1 0 8 10 0 91 248 241 81 21 0 0 141 231 241 252 245 99 10 1 3 0 6 0 0 0 0 0 5 1 0 0 0 46 255 255 255 103 58 149 248 255 255 249 95 0 4 0 0 0 5 5 0 0 0 0 0 2 1 0 20 14 199 249 251 249 244 255 246 232 242 147 1 14 0 3 3 0 0 2 0 0 0 0 0 1 1 0 7 7 111 255 254 248 255 235 255 148 34 2 0 0 0 0 0 7 7 0 0 0 0 0 3 0 0 5 0 0 25 64 144 205 255 191 36 0 9 4 0 0 0 0 0 0 0 0 0 0 0 0 3 0 0 4 0 0 0 17 0 0 4 9 0 5 15 0 0 0 0 0 0 0 0 0 0 0 0 0 1 0 0 2 2 0 0 0 12 0 0 1 0 0 2 3 0 0 0 0 0 0 0 0 0 0 0 0 1 0 0 0 0 5 5 1 0 0 0 2 3 0 0 11 0 0 0 0 0 0 0 0 0 0 0 0
0 0 0 0 0 0 0 0 2 0 0 8 5 0 0 5 7 0 0 5 0 0 3 9 0 0 0 0 0 0 0 0 0 0 0 0 6 0 0 0 0 3 0 0 0 17 0 0 8 0 0 0 0 0 0 0 0 0 0 0 0 0 0 0 0 2 2 0 0 3 5 3 0 0 4 0 5 14 0 5 0 0 0 0 0 0 0 0 0 0 0 0 0 0 0 5 6 3 0 0 3 0 2 0 0 0 0 0 0 0 0 0 0 0 0 0 0 0 0 0 12 0 0 0 1 0 0 0 0 20 0 6 7 0 4 9 0 0 0 0 0 0 0 0 0 0 0 0 0 0 2 0 0 31 99 157 168 234 255 244 245 152 0 0 0 0 0 0 0 0 0 0 0 0 0 0 0 78 176 216 218 226 246 255 253 255 253 233 255 238 93 16 0 0 0 0 0 0 0 0 0 0 0 0 170 229 255 254 243 255 255 235 186 171 70 170 239 254 255 37 0 0 0 0 12 0 0 0 8 0 48 230 255 251 238 176 143 72 32 28 0 2 0 167 255 255 230 1 0 0 0 0 0 0 15 0 0 0 64 229 232 185 90 0 0 1 3 2 10 0 126 250 255 222 113 0 0 0 0 0 1 0 0 0 6 9 0 33 9 0 0 8 17 0 0 3 14 154 255 246 242 175 14 0 0 0 0 0 6 0 6 0 0 3 0 0 0 13 8 0 0 0 10 0 149 255 239 255 161 0 0 6 0 0 0 0 3 0 7 2 0 1 12 20 2 0 0 0 10 15 113 166 244 255 228 90 2 0 0 0 0 0 0 0 7 0 0 2 9 9 0 0 0 14 9 0 52 145 255 252 252 188 39 0 3 6 8 3 0 0 0 0 0 2 0 0 0 0 4 6 12 0 0 132 218 255 255 236 251 116 36 14 0 0 6 0 0 0 0 0 0 8 1 0 3 1 0 0 0 0 30 227 249 251 242 255 246 255 223 94 14 0 0 11 0 0 0 0 1 2 0 6 0 0 3 0 0 0 5 237 255 219 202 181 224 249 250 202 7 5 8 0 0 0 0 0 0 4 11 0 0 166 163 1 0 16 0 24 45 13 0 14 23 255 255 210 8 0 0 6 0 0 0 0 0 15 0 0 25 212 145 8 0 0 17 0 5 3 0 17 161 248 247 144 2 0 3 1 0 0 0 0 0 0 8 17 5 210 195 0 0 0 0 2 16 0 12 198 252 253 185 17 0 8 0 0 0 0 0 0 6 3 0 0 21 219 255 39 11 0 10 1 0 50 170 251 255 194 48 1 0 0 9 0 0 0 0 0 0 24 8 0 17 107 246 218 3 0 3 0 93 167 251 243 253 65 0 13 0 0 12 0 0 0 0 0 11 0 0 5 0 86 255 251 205 119 155 213 249 235 255 241 66 9 33 0 16 13 0 0 0 0 0 0 1 0 0 5 0 9 133 249 254 253 253 251 251 255 122 6 9 0 0 5 0 1 4 0 0 0 0 0 0 0 2 5 0 0 14 39 196 239 255 223 126 38 0 0 0 0 0 0 0 0 0 0 0 0 0 0 3 0 0 2 0 0 3 17 0 0 0 2 1 0 2 5 0 0 0 0 0 0 0 0 0 0 0 0 6 0 0 1 3 0 0 0 16 8 0 0 0 0 0 0 0 0 0 0 0 0 0 0 0 0 0 0 4 0 0 2 5 2 0 0 0 0 7 9 3 0 0 4 0 0 0 0 0 0 0 0 0 0 0 0
0 0 0 0 0 0 0 0 0 0 15 0 10 0 15 0 0 0 12 0 0 13 0 8 0 0 0 0 0 0 0 0 0 0 0 0 0 12 0 0 16 0 0 0 13 0 0 0 0 2 2 0 0 0 0 0 0 0 0 0 0 0 0 0 5 0 5 17 0 0 9 1 0 0 0 1 4 0 7 0 0 0 0 0 0 0 0 0 0 0 0 0 0 0 13 0 0 4 15 0 0 4 5 0 10 0 0 13 0 0 0 0 0 0 0 0 0 0 0 0 17 36 155 230 251 234 239 250 118 0 2 0 3 0 0 11 0 0 0 0 0 0 0 0 0 0 0 0 53 225 215 101 41 25 8 163 255 0 0 10 0 1 1 0 0 0 0 0 0 0 0 0 0 0 0 0 85 53 0 0 1 0 0 171 215 0 1 9 3 0 8 0 0 0 0 0 0 0 0 0 0 0 0 0 0 0 10 0 1 10 73 239 66 0 8 0 7 0 0 2 0 0 0 0 0 0 0 0 0 0 0 0 0 0 9 0 3 35 235 93 1 4 0 15 0 0 8 0 0 0 0 0 0 0 0 0 0 0 0 0 9 0 156 128 146 235 102 0 2 0 6 0 14 0 12 1 0 0 0 0 0 0 0 0 0 0 0 0 7 0 92 161 255 162 2 2 9 0 11 0 0 19 0 2 0 0 0 0 0 0 0 0 0 0 0 0 0 23 0 12 56 206 181 38 0 8 0 23 0 0 9 0 0 0 0 0 0 0 0 0 0 0 0 0 0 0 1 0 0 11 189 202 70 0 3 0 7 0 4 3 0 0 0 0 0 0 0 0 0 0 0 0 9 0 19 0 0 0 0 152 220 73 0 0 2 16 0 3 0 0 0 0 0 0 0 0 0 0 0 0 0 0 12 0 1 4 25 0 179 220 16 5 4 0 25 0 0 0 0 0 0 0 0 0 0 0 0 0 2 3 1 2 1 3 0 4 4 196 169 9 2 0 0 12 0 0 0 0 0 0 0 0 0 0 0 0 32 24 5 4 0 9 4 0 2 62 235 58 0 0 4 0 0 0 0 0 0 0 0 0 0 0 0 0 143 0 9 0 17 0 0 0 0 0 201 85 6 11 4 3 0 0 0 0 0 0 0 0 0 0 0 0 199 12 0 5 0 0 2 19 17 6 109 137 6 0 0 0 0 0 0 0 0 0 0 0 0 0 0 0 223 15 0 1 14 0 18 0 0 3 119 191 16 0 1 6 0 0 0 0 0 0 0 0 0 0 0 0 231 46 20 1 0 2 8 1 5 0 210 122 0 0 10 0 0 0 0 0 0 0 0 0 0 0 0 0 115 237 32 0 23 0 0 18 0 114 246 81 3 0 0 16 0 0 0 0 0 0 0 0 0 0 0 0 5 99 225 106 47 28 50 82 208 224 87 0 0 12 0 0 0 0 0 0 0 0 0 0 0 0 0 0 0 2 71 159 236 245 255 231 132 24 0 13 0 0 2 0 0 0 0 0 0 0 0 0 0 0 0 0 0 0 0 0 0 0 0 0 0 0 0 0 0 0 0 0 0 0 0 0 0 0 0 0 0 0 0 0 0 0 0 0 0 0 0 0 0 0 0 0 0 0 0 0 0 0 0 0 0 0 0 0 0 0 0 0 0 0 0 0 0 0 0 0 0 0 0 0 0 0 0 0 0 0 0 0 0 0 0 0 0 0 0 0 0 0 0 0 0 0 0 0 0 0 0 0 0 0 0 0 0 0 0 0
0 0 4 0 0 3 7 0 4 0 0 0 12 0 0 5 1 12 0 0 0 0 0 0 0 0 0 0 6 0 0 3 3 1 1 0 0 21 0 0 5 3 9 0 0 0 7 0 4 0 0 6 0 0 0 0 2 0 0 4 3 0 0 5 0 0 8 4 0 0 4 3 18 0 3 0 8 12 3 0 0 0 0 0 0 1 0 0 2 0 0 0 9 14 0 0 10 5 4 0 0 0 13 3 0 0 4 2 0 0 0 0 5 0 0 0 5 0 20 70 147 250 179 194 255 229 202 122 28 16 0 6 0 0 3 0 0 0 0 0 0 0 0 5 0 0 97 244 245 249 255 248 239 255 255 247 197 113 5 0 17 14 0 0 0 0 0 0 0 3 3 2 0 0 88 225 199 11 16 34 107 231 221 250 255 226 152 0 0 0 0 10 0 0 0 0 0 12 0 0 10 0 0 7 0 15 0 0 15 0 13 114 246 254 251 0 0 13 0 0 0 0 0 0 2 1 0 2 0 5 0 5 10 0 0 0 1 0 18 213 250 250 155 9 0 4 0 4 0 0 0 0 0 10 10 0 0 8 7 0 0 6 0 14 0 100 233 241 248 212 27 0 0 3 0 0 0 0 0 0 1 0 5 4 0 0 7 0 4 56 84 183 206 232 255 252 213 8 0 3 13 0 0 7 0 0 0 0 2 0 0 9 1 70 117 131 211 252 246 245 255 254 145 88 0 9 0 10 0 0 0 2 0 0 0 0 0 14 0 1 8 173 247 253 254 242 255 252 234 255 170 100 34 8 0 3 0 0 0 3 0 0 0 0 0 14 0 1 0 115 151 152 112 35 42 149 209 255 255 240 234 161 131 0 0 22 0 0 0 0 0 0 3 1 0 2 0 1 0 3 0 12 0 2 10 45 125 205 255 250 235 211 50 0 0 2 0 0 0 0 0 4 13 0 7 0 2 0 0 9 0 2 2 0 0 14 46 161 255 244 255 149 0 5 0 0 0 0 0 0 0 0 0 5 6 0 0 0 8 6 0 0 4 0 0 9 75 219 255 255 73 9 0 0 0 0 9 2 0 12 0 0 0 11 4 6 0 0 14 0 0 0 9 0 0 47 224 251 204 0 0 0 0 0 0 0 0 2 4 8 102 41 4 11 0 0 0 0 14 1 7 0 5 10 187 249 173 10 0 0 0 0 2 8 0 0 0 6 234 131 12 0 5 19 0 1 9 0 0 7 0 3 201 255 204 0 0 0 0 0 9 0 0 11 0 0 216 255 204 83 19 0 3 7 0 9 44 31 77 246 244 249 109 0 0 0 0 0 0 0 0 5 0 9 68 221 241 255 238 145 124 89 44 131 217 228 255 240 254 179 1 2 0 0 0 0 3 8 10 0 0 14 0 46 173 254 254 231 255 255 240 255 255 255 250 255 97 5 5 0 0 0 0 0 3 0 5 0 7 0 16 0 0 66 144 253 255 229 255 249 250 233 128 40 0 4 0 1 0 0 0 0 0 0 0 0 0 0 0 0 0 0 0 0 0 0 0 0 0 0 0 0 0 0 0 0 0 0 0 0 0 0 0 0 0 0 0 0 0 0 0 0 0 0 0 0 0 0 0 0 0 0 0 0 0 0 0 0 0 0 0 0 0 0 0 0 0 0 0 0 0 0 0 0 0 0 0 0 0 0 0 0 0 0 0 0 0 0 0 0 0 0 0 0 0 0 0 0 0 0 0 0 0 0 0 0 0 0 0 0 0 0 0 0
0 0 0 0 0 0 0 0 0 0 2 3 2 1 0 0 0 7 0 9 8 0 0 0 0 0 0 0 0 0 0 0 0 0 0 0 5 2 0 0 0 0 2 5 9 15 0 0 0 0 14 4 0 0 0 0 0 0 0 0 0 0 0 0 0 0 0 1 0 0 0 0 0 0 1 8 0 0 5 0 0 0 0 0 0 0 0 0 0 0 0 0 0 0 2 6 7 6 3 2 10 0 0 13 3 0 2 3 0 0 0 0 0 0 0 0 0 0 0 0 10 6 1 0 0 0 0 0 4 0 0 0 4 8 0 0 0 0 0 0 0 0 0 0 0 0 0 0 0 0 0 0 3 5 7 7 0 12 19 0 0 5 0 8 0 0 0 0 0 0 0 0 0 0 0 0 9 6 2 0 0 0 0 0 65 83 77 36 21 0 0 9 0 0 0 0 0 0 0 0 0 0 0 0 0 0 11 41 92 156 217 254 255 249 250 255 250 144 18 19 0 0 0 0 0 0 0 0 0 0 0 0 0 119 217 245 243 255 248 255 254 255 251 255 246 255 155 193 0 0 0 0 0 0 0 0 0 0 0 0 166 242 246 255 210 164 104 90 56 15 16 101 185 255 206 65 0 0 0 0 0 0 0 0 0 0 0 0 76 172 105 64 0 6 10 0 1 0 5 83 222 255 174 10 0 0 0 0 0 0 0 0 0 0 0 0 0 11 0 11 3 0 0 2 0 15 101 226 236 238 81 0 0 0 0 0 0 0 0 0 0 0 0 0 6 14 7 0 7 0 0 7 30 117 255 246 255 76 0 3 0 0 0 0 0 0 0 0 0 0 0 0 0 0 1 0 5 0 27 100 209 245 254 222 76 0 10 0 0 0 0 0 0 0 0 0 0 0 0 0 13 17 0 0 84 173 233 250 255 255 115 24 0 0 15 0 0 0 0 0 0 0 0 0 0 0 0 0 0 0 6 157 254 251 250 255 246 255 153 13 12 8 0 3 0 0 0 0 0 0 0 3 0 0 0 4 0 0 20 154 255 220 145 176 230 255 247 94 7 0 1 0 0 0 0 0 9 0 23 6 0 70 0 0 0 7 0 8 44 21 0 12 100 252 255 119 0 8 0 8 0 0 0 0 1 5 0 0 175 237 16 4 14 5 0 1 11 0 0 45 185 255 242 64 0 13 3 0 0 0 0 0 0 3 1 14 219 255 134 10 0 0 0 9 0 0 96 223 255 238 154 21 5 0 0 3 0 0 0 0 0 13 3 0 122 223 250 138 20 16 27 60 108 168 226 255 255 146 23 9 0 0 0 9 0 0 0 0 20 0 0 5 5 145 254 254 255 255 255 239 245 255 255 250 164 56 0 0 0 2 11 0 0 0 0 0 0 9 5 1 0 25 57 189 238 247 251 255 255 237 167 115 0 0 8 6 16 0 11 0 0 0 0 0 0 2 0 0 0 3 0 0 13 64 86 74 66 45 11 0 0 19 0 0 0 6 4 0 0 0 0 0 0 0 0 0 0 0 0 0 0 0 0 0 0 0 0 0 0 0 0 0 0 0 0 0 0 0 0 0 0 0 0 0 0 0 0 0 0 0 0 0 0 0 0 0 0 0 0 0 0 0 0 0 0 0 0 0 0 0 0 0 0 0 0 0 0 0 0 0 0 0 0 0 0 0 0 0 0 0 0 0 0 0 0 0 0 0 0 0 0 0 0 0 0 0 0 0 0 0 0 0 0 0 0 0 0 0 0 0 0 0 0 0
8 0 0 5 1 0 0 0 2 0 4 1 0 0 3 2 0 8 0 3 0 5 0 1 0 0 0 0 0 2 6 0 0 7 12 0 0 0 3 9 6 6 5 0 0 7 1 7 0 10 1 1 0 0 0 0 2 0 0 0 0 0 1 4 7 0 0 0 0 0 2 3 0 0 0 0 0 0 0 0 0 0 0 0 11 0 0 0 7 0 0 6 0 0 11 16 5 0 1 0 17 2 0 4 0 5 7 0 0 0 0 0 0 6 0 0 5 9 0 0 6 0 0 2 4 6 7 0 0 0 9 17 8 0 0 4 0 0 0 0 0 3 0 0 5 0 0 26 48 24 31 80 144 205 245 255 255 168 50 0 0 10 6 0 0 0 0 0 4 0 0 6 4 0 37 148 245 224 224 246 255 255 255 252 253 239 148 20 0 0 4 15 0 0 0 0 0 9 5 0 0 21 131 255 250 245 255 255 254 245 252 255 253 255 156 3 0 0 1 0 0 0 0 0 7 0 0 0 8 19 219 252 248 255 164 153 72 47 45 245 242 255 152 0 4 0 0 9 0 0 0 0 0 0 12 0 0 9 198 255 254 244 132 10 0 4 36 255 255 255 76 0 0 0 5 0 0 0 0 0 0 0 7 0 0 4 96 139 155 80 229 30 7 0 134 243 236 222 19 0 0 0 1 5 0 0 0 0 2 0 0 0 7 5 0 2 1 0 17 198 135 178 254 255 255 84 0 18 8 0 9 0 0 0 0 0 0 0 2 0 1 4 0 3 0 33 0 55 164 255 236 255 245 116 68 0 3 11 0 0 0 0 0 0 0 3 3 0 0 3 0 14 0 0 11 136 255 255 246 251 252 249 252 71 0 3 0 10 0 0 0 0 7 2 0 0 6 0 0 0 15 0 187 247 233 248 255 255 255 236 255 235 21 0 15 0 0 0 0 0 1 0 1 1 8 0 14 0 0 13 184 255 255 226 161 98 98 255 241 253 54 5 0 3 0 0 0 0 0 8 0 0 4 0 0 10 3 0 58 138 104 30 3 0 0 174 255 235 54 6 0 11 0 0 0 0 0 3 0 0 9 2 0 0 0 3 0 4 14 0 0 5 1 249 255 255 51 6 0 0 0 0 0 0 0 1 6 1 0 0 0 7 4 0 2 0 0 7 20 0 71 255 241 245 15 1 10 2 0 0 0 0 1 0 4 0 0 0 0 1 0 3 0 0 8 0 0 0 211 244 255 207 0 2 0 4 0 0 0 0 8 0 0 0 7 10 0 0 13 0 0 5 0 1 12 18 248 239 254 112 0 6 0 0 0 0 0 0 1 0 8 0 0 2 9 78 252 179 78 106 154 40 24 216 228 255 200 5 1 0 7 0 0 0 0 0 0 4 15 0 0 0 15 135 253 255 251 255 255 248 230 255 255 250 113 0 3 0 8 0 0 0 0 0 1 0 2 0 17 2 0 96 255 242 253 255 237 250 255 244 251 119 0 0 3 0 0 0 0 0 0 0 0 0 0 0 0 0 0 0 129 154 141 93 88 152 224 255 116 16 0 9 0 0 11 0 0 0 0 0 0 0 0 0 0 0 0 0 0 9 13 1 0 7 9 0 22 0 0 16 0 0 6 0 0 0 0 0 0 0 0 0 0 0 0 0 5 0 0 0 1 2 1 1 0 0 6 5 0 0 5 1 0 0 0 0 0 0 0 0 0 0 0 0 5 0 0 5 3 0 0 8 5 11 5 0 0 1 2 1 0 0 0 0
0 0 0 0 0 0 0 0 2 2 2 1 0 0 0 4 0 3 0 1 3 0 0 5 0 0 0 0 0 0 0 0 0 0 0 0 0 0 0 1 7 6 0 0 0 0 0 0 1 13 8 0 0 0 0 0 0 0 0 0 0 0 0 0 1 7 9 1 0 0 0 12 11 6 11 8 0 0 0 7 0 0 0 0 0 0 0 0 0 0 0 0 0 0 0 0 5 8 1 0 0 0 0 2 0 2 1 0 0 0 0 0 0 0 0 0 0 0 0 0 6 8 4 0 0 0 1 0 0 12 10 0 0 5 14 1 0 0 0 0 0 0 0 0 0 0 0 0 0 0 6 3 1 3 2 0 0 0 0 0 13 3 0 0 0 0 0 0 0 0 0 0 0 0 0 0 0 0 8 45 117 194 238 250 255 178 51 0 5 5 0 2 0 0 0 0 0 0 0 0 0 0 0 0 18 107 207 253 253 247 252 255 252 255 160 15 0 7 2 2 0 0 0 0 0 5 0 1 3 11 0 94 250 251 249 252 255 255 247 255 255 247 242 103 2 0 12 0 0 0 0 0 3 4 0 12 0 0 16 190 255 242 255 252 244 221 62 47 232 253 255 170 4 0 0 0 0 0 0 0 3 0 0 10 0 0 10 151 251 240 238 254 255 189 25 6 223 237 246 161 0 4 2 4 0 0 0 0 0 1 0 0 0 6 0 30 155 241 191 118 58 25 0 6 217 255 255 150 9 0 0 4 0 0 0 0 0 12 8 0 0 7 0 0 0 1 5 3 0 0 9 118 241 255 234 56 8 0 2 0 0 0 0 0 3 2 1 2 0 4 2 2 22 0 0 37 117 180 232 255 255 236 166 0 0 6 15 0 0 0 0 0 6 0 0 5 5 1 3 0 0 0 108 218 255 232 255 253 252 255 233 101 5 0 0 0 0 0 0 0 2 0 2 4 0 0 12 0 0 14 242 248 240 255 253 251 243 255 255 185 5 10 0 8 0 0 0 0 0 0 0 0 0 0 0 0 8 0 237 249 255 239 159 55 57 250 255 245 146 0 7 1 0 0 0 0 0 0 0 0 0 0 0 0 2 9 31 89 68 63 15 0 0 188 240 255 223 0 0 0 0 0 0 0 0 0 0 0 0 0 0 0 5 0 5 0 25 0 0 11 11 162 236 255 227 0 12 5 0 0 0 0 0 0 0 0 0 0 0 0 2 0 4 0 0 1 0 6 0 178 254 255 210 1 8 0 0 0 0 0 0 0 0 0 0 0 0 0 0 8 0 23 11 0 14 0 8 213 255 253 156 15 0 1 0 0 0 0 0 0 0 0 0 0 0 0 2 7 136 163 100 29 13 0 159 240 255 227 47 0 9 3 0 0 0 0 0 0 0 0 0 0 0 0 0 135 255 254 255 203 8 163 255 248 252 157 0 0 12 0 0 0 0 0 0 0 0 0 0 0 0 0 0 37 237 210 250 234 219 249 244 255 202 16 3 1 0 8 0 0 0 0 0 0 0 0 0 0 0 0 0 0 2 25 144 244 255 236 255 158 39 0 0 0 0 3 0 0 0 0 0 0 0 0 0 0 0 0 6 0 0 0 82 172 227 215 97 42 0 0 8 6 0 0 0 0 0 0 0 0 0 0 0 0 0 0 4 9 8 0 0 6 7 0 0 0 0 0 3 0 0 2 0 0 0 0 0 0 0 0 0 0 0 0 0 0 9 3 2 1 2 0 4 8 8 0 0 0 1 6 0 0 0 0
0 0 0 0 0 0 0 0 0 0 0 0 9 0 0 10 8 0 0 15 0 0 7 3 0 0 0 0 0 0 0 0 0 0 0 0 11 0 9 16 0 0 8 0 0 23 0 0 16 13 0 0 0 0 0 0 0 0 0 0 0 0 0 0 0 12 0 0 4 6 0 10 5 0 0 0 0 0 2 11 0 0 0 0 0 0 0 0 0 0 0 0 6 5 1 0 3 2 0 0 2 0 20 5 10 0 2 0 0 0 0 0 0 0 0 0 0 0 0 0 0 0 2 43 114 156 198 255 255 255 186 1 0 3 0 9 0 0 0 0 0 0 0 0 0 0 0 0 17 2 142 255 247 251 255 202 181 237 255 55 12 0 0 5 0 0 0 0 0 0 0 0 0 0 0 0 0 4 88 152 123 75 33 0 0 112 254 80 11 0 1 2 0 0 0 0 0 0 0 0 0 0 0 0 0 9 5 0 0 0 0 12 1 162 255 22 0 7 0 0 0 0 0 0 0 0 0 0 0 0 0 0 0 9 0 4 0 5 7 0 0 255 156 1 0 0 0 1 0 0 0 0 0 0 0 0 0 0 0 0 0 6 0 0 3 7 0 0 121 238 60 0 12 0 1 0 0 0 0 0 0 0 0 0 0 0 0 0 3 1 0 16 7 0 0 86 255 192 1 0 4 0 2 0 0 0 0 0 0 0 0 0 0 0 0 0 0 3 2 2 0 13 104 240 235 97 5 8 0 0 2 0 0 0 0 0 0 0 0 0 0 0 0 0 0 0 0 0 68 218 255 255 131 0 4 8 0 2 3 0 0 0 0 0 0 0 0 0 0 0 0 0 3 0 0 15 103 250 255 240 158 1 0 0 0 8 0 2 0 0 0 0 0 0 0 0 0 0 0 0 0 3 9 0 0 45 111 255 247 112 0 0 0 3 0 3 0 0 0 0 0 0 0 0 0 0 0 0 1 10 0 0 8 0 8 191 255 185 0 12 0 0 0 0 0 0 0 0 0 0 9 6 0 0 0 2 5 0 9 1 8 0 0 116 255 212 0 0 9 0 0 5 0 0 0 0 2 3 0 0 0 17 8 14 7 0 9 0 0 0 0 99 253 163 7 0 0 0 5 0 0 0 0 0 2 0 0 10 4 0 35 165 76 1 0 0 9 0 0 135 255 92 2 4 0 1 8 0 0 0 0 0 0 4 2 0 0 14 107 255 201 28 17 0 0 3 1 211 248 32 0 0 2 2 0 0 0 0 0 0 0 4 3 0 0 9 98 253 250 181 5 0 3 14 174 255 154 0 0 0 6 4 0 3 0 0 0 0 0 0 2 13 3 0 17 142 255 255 172 84 119 220 254 193 33 0 14 0 0 4 1 3 0 0 0 0 0 2 0 0 0 14 0 4 164 249 255 248 251 255 166 27 0 0 11 1 0 0 11 0 0 0 0 0 0 0 8 6 1 0 0 9 10 97 177 220 167 69 21 0 8 0 0 12 0 0 13 0 0 0 0 0 0 0 0 0 0 0 0 0 0 0 0 0 0 0 0 0 0 0 0 0 0 0 0 0 0 0 0 0 0 0 0 0 0 0 0 0 0 0 0 0 0 0 0 0 0 0 0 0 0 0 0 0 0 0 0 0 0 0 0 0 0 0 0 0 0 0 0 0 0 0 0 0 0 0 0 0 0 0 0 0 0 0 0 0 0 0 0 0 0 0 0 0 0 0 0 0 0 0 0 0 0 0 0 0 0 0 0 0 0 0 0 0
0 0 0 0 0 0 0 0 4 0 0 1 4 7 4 0 0 7 0 7 0 1 0 0 0 0 0 0 0 0 0 0 0 0 0 0 0 13 10 0 0 0 0 0 0 0 0 11 0 0 7 0 0 0 0 0 0 0 0 0 0 0 0 0 3 0 0 0 8 0 0 13 0 18 7 0 6 0 0 12 0 0 0 0 0 0 0 0 0 0 0 0 0 0 2 0 0 46 132 186 255 125 34 5 2 0 0 7 0 0 0 0 0 0 0 0 0 0 0 0 0 0 13 0 2 146 255 255 242 255 180 28 0 20 0 0 0 0 0 0 0 0 0 0 0 0 0 0 5 0 2 0 11 149 255 240 255 255 244 139 0 0 2 0 0 0 0 0 0 0 0 0 0 0 0 0 2 0 6 5 0 45 154 215 49 181 255 184 8 0 0 16 0 0 0 0 0 0 0 0 0 0 0 0 2 1 0 2 0 0 3 22 16 141 248 194 0 10 0 0 0 0 0 0 0 3 2 0 0 5 4 0 0 7 0 0 0 7 0 0 9 240 255 131 12 0 0 1 0 0 0 0 0 1 4 2 1 4 3 0 7 0 0 9 9 0 27 0 22 255 248 66 16 0 14 0 0 0 0 0 0 3 4 0 0 0 0 0 0 0 0 0 16 19 0 12 194 255 191 0 0 4 0 0 0 0 0 0 3 2 0 0 0 0 2 3 9 0 26 37 187 165 155 204 255 243 95 0 2 19 0 4 0 0 0 0 0 0 0 0 5 7 6 5 0 0 0 165 255 250 255 255 239 204 23 0 20 0 0 11 0 0 0 0 0 0 0 3 4 0 0 0 0 10 18 112 253 245 255 246 248 48 0 0 0 0 6 4 0 0 0 0 3 1 1 1 0 0 1 11 0 10 0 4 77 192 158 255 245 0 0 16 0 18 4 0 0 0 0 0 3 1 1 0 0 8 37 66 9 0 0 11 0 15 9 108 255 148 7 2 0 0 1 0 0 0 0 0 0 0 24 0 0 16 48 218 19 15 0 0 7 1 0 61 240 229 0 11 0 0 1 3 0 0 0 0 8 0 0 13 0 0 116 243 144 3 0 21 5 1 0 0 148 221 15 8 3 5 0 0 0 0 0 0 0 21 0 0 0 6 150 255 221 39 0 16 0 0 15 3 121 255 78 0 0 0 10 2 0 0 0 0 1 0 0 0 14 0 57 255 253 255 165 53 66 82 57 70 221 229 12 7 29 0 0 0 0 0 0 0 8 0 5 0 14 0 0 155 255 247 255 255 255 243 253 254 255 211 24 0 0 0 10 1 0 0 0 0 3 0 9 0 0 7 11 13 170 253 255 238 250 255 255 253 237 101 0 0 10 0 5 1 0 0 0 0 16 0 0 14 0 0 4 0 22 123 202 255 255 255 236 209 22 0 5 4 0 10 7 0 0 0 0 0 0 2 11 0 0 8 0 6 0 15 0 0 0 0 12 0 10 0 11 0 0 3 0 4 0 0 0 0 0 0 0 0 0 0 0 0 0 0 0 0 0 0 0 0 0 0 0 0 0 0 0 0 0 0 0 0 0 0 0 0 0 0 0 0 0 0 0 0 0 0 0 0 0 0 0 0 0 0 0 0 0 0 0 0 0 0 0 0 0 0 0 0 0 0 0 0 0 0 0 0 0 0 0 0 0 0 0 0 0 0 0 0 0 0 0 0 0 0 0 0 0 0 0 0 0 0 0 0 0 0 0 0 0 0 0 0 0 0 0 0
0 0 0 0 0 0 0 0 7 0 0 0 10 4 0 6 0 0 2 7 5 0 0 7 0 0 0 0 0 0 0 0 0 0 0 0 0 0 14 8 0 1 8 4 0 4 1 0 0 0 2 0 0 0 0 0 0 0 0 0 0 0 0 0 13 7 3 0 0 0 1 4 2 0 0 10 11 0 0 2 0 0 0 0 0 0 0 0 0 0 0 0 0 8 0 0 16 11 0 0 3 7 3 0 0 9 3 0 0 0 0 0 0 0 0 0 0 0 0 0 5 5 0 9 0 0 5 6 0 0 5 6 0 0 0 17 0 0 0 0 0 0 0 0 0 0 0 0 6 0 0 39 109 224 253 116 136 73 9 0 5 14 4 0 0 0 0 0 0 0 0 0 0 0 0 0 0 17 90 217 253 233 255 250 247 254 197 79 0 0 6 0 0 0 0 0 0 0 0 0 0 0 0 0 37 208 249 250 255 250 249 255 255 244 255 255 186 50 0 3 0 0 0 0 0 0 0 0 0 2 5 8 222 252 247 255 202 185 148 253 255 254 255 251 247 219 12 0 0 0 0 0 0 0 0 0 0 2 4 6 220 255 255 180 20 1 11 63 88 200 255 245 255 255 0 12 0 0 0 0 1 0 0 0 0 1 2 4 0 106 81 23 2 1 0 23 0 108 246 255 255 141 8 0 0 0 0 0 2 1 0 0 0 0 0 1 0 20 0 0 2 0 3 0 56 220 255 254 166 69 0 0 0 0 0 0 1 1 0 0 0 0 0 0 0 0 0 3 0 7 114 189 255 243 255 219 56 12 0 13 0 0 0 0 0 0 0 0 0 0 0 0 0 4 37 137 235 245 241 254 253 254 152 24 7 3 0 0 0 0 0 0 0 0 0 0 0 0 0 0 13 0 121 245 241 255 255 242 245 152 2 12 0 0 10 2 0 0 0 0 0 0 0 0 0 0 0 0 0 1 129 254 255 255 244 255 255 62 10 0 8 0 2 0 0 0 0 0 0 0 3 0 0 5 0 8 9 0 35 88 208 245 255 248 255 212 31 11 1 0 3 3 0 0 0 0 2 3 10 0 8 0 0 0 0 0 0 15 7 128 254 255 251 255 53 0 0 0 0 6 0 0 0 0 0 0 0 0 2 0 9 4 5 5 0 2 7 0 147 251 247 249 50 2 3 8 0 3 0 0 0 0 2 3 2 12 12 0 3 0 5 0 4 0 0 45 229 255 255 124 5 4 0 0 4 0 0 0 0 0 0 0 0 0 0 0 5 4 2 0 10 0 1 157 255 249 250 37 0 0 0 0 8 1 0 0 0 0 14 0 9 12 0 0 0 0 0 10 51 73 151 229 253 246 139 7 8 0 13 9 0 8 0 0 0 0 0 0 120 151 191 189 181 173 191 178 245 244 255 246 255 152 7 0 0 0 4 4 0 0 0 0 0 0 10 0 156 169 244 242 255 254 245 255 245 255 238 150 80 5 0 17 0 11 0 6 3 5 0 0 0 0 3 1 0 9 46 116 199 255 255 245 140 111 31 8 0 0 0 0 0 0 0 0 0 0 0 0 0 0 0 0 2 1 0 0 0 0 0 11 0 9 0 0 11 6 0 0 0 0 0 0 0 0 0 0 0 0 7 3 0 0 2 5 6 6 0 11 0 9 5 0 2 0 0 0 0 0 0 0 0 0 0 0 0 0 5 0 0 0 0 0 0 0 0 0 0 0 3 0 13 4 0 0 0 0 0 0 0 0 0 0 0 0
0 0 0 0 0 0 0 0 0 5 9 0 0 4 0 2 1 2 1 0 2 0 5 1 0 0 0 0 0 0 0 0 0 0 0 0 8 2 0 5 0 0 9 0 3 9 0 0 10 0 0 0 0 0 0 0 0 0 0 0 0 0 0 0 1 0 0 11 0 0 12 1 0 0 6 22 0 0 9 0 0 0 0 0 0 0 0 0 0 0 0 0 2 2 0 0 0 0 3 0 3 0 0 0 6 1 0 14 0 0 0 0 0 0 0 0 0 0 0 0 0 28 195 151 188 255 116 150 138 51 19 0 0 7 9 0 0 0 0 0 0 0 0 0 0 0 0 0 7 176 245 232 245 254 253 250 255 222 138 7 3 2 0 5 0 0 0 0 0 0 0 0 0 0 0 0 0 199 248 255 255 246 255 221 247 255 253 54 0 0 7 1 0 0 0 0 0 0 0 0 0 0 0 0 0 134 192 230 245 227 181 51 123 239 255 39 6 6 7 0 0 0 0 0 0 0 0 0 0 0 0 0 4 0 10 32 59 34 0 11 131 255 255 50 0 0 11 0 0 0 0 0 0 0 0 0 0 0 0 0 0 9 4 0 6 16 13 74 239 249 218 28 14 5 0 3 0 0 0 0 0 0 0 0 0 0 0 0 14 0 0 51 70 74 111 252 255 255 130 15 0 0 0 1 0 0 0 0 0 0 0 0 0 0 0 0 0 5 75 223 255 255 237 255 243 157 8 0 24 0 0 9 0 0 0 0 0 0 0 0 0 0 0 0 4 12 107 255 244 249 249 253 255 234 217 12 0 0 0 0 0 0 0 0 0 0 0 0 0 0 0 0 0 0 93 255 255 253 255 251 237 244 249 120 3 9 0 4 0 0 0 0 0 0 0 0 0 0 0 0 6 0 17 89 116 132 96 0 95 211 255 240 42 3 8 0 0 0 0 0 0 0 0 0 0 0 0 0 0 3 0 8 4 0 9 0 0 25 209 255 152 2 0 0 0 0 0 0 4 0 0 5 9 2 0 0 6 0 2 0 2 6 0 6 5 6 62 255 154 0 1 0 0 0 0 0 5 0 2 0 0 0 10 2 3 9 0 10 8 0 1 0 0 4 96 253 163 0 3 2 0 0 0 0 0 3 0 0 23 16 0 2 0 0 11 0 0 7 0 6 16 146 237 255 65 0 0 5 0 0 0 0 2 0 12 0 0 127 188 92 11 17 1 0 0 0 19 22 201 254 250 202 20 7 0 3 0 0 0 0 0 0 14 3 13 124 247 255 218 99 117 97 89 100 84 210 255 255 255 119 21 0 12 0 0 0 0 0 20 0 0 0 0 118 250 234 255 255 255 243 238 255 254 253 245 248 217 59 0 0 10 0 0 0 0 0 0 0 6 6 0 9 107 227 255 233 254 255 255 255 239 255 255 143 20 0 0 20 0 0 0 0 0 0 0 9 0 0 8 0 0 36 130 240 255 252 253 255 240 128 49 16 0 0 10 0 0 6 0 0 0 0 0 0 0 0 0 0 0 0 0 0 0 0 0 0 0 0 0 0 0 0 0 0 0 0 0 0 0 0 0 0 0 0 0 0 0 0 0 0 0 0 0 0 0 0 0 0 0 0 0 0 0 0 0 0 0 0 0 0 0 0 0 0 0 0 0 0 0 0 0 0 0 0 0 0 0 0 0 0 0 0 0 0 0 0 0 0 0 0 0 0 0 0 0 0 0 0 0 0 0 0 0 0 0 0 0 0 0 0 0 0 0 0
0 0 0 0 0 0 0 0 0 0 0 4 3 0 0 3 0 9 0 0 3 0 0 0 0 0 0 0 0 0 0 0 0 0 0 0 19 9 0 0 0 0 0 1 2 4 0 2 3 1 3 0 0 0 0 0 0 0 0 0 0 0 0 0 0 0 5 4 0 0 0 0 2 0 1 0 0 2 2 1 0 0 0 0 0 0 0 0 0 0 0 0 1 7 7 0 0 0 2 2 4 0 8 4 0 2 0 0 0 0 0 0 0 0 0 0 0 0 0 0 0 0 0 0 3 7 0 0 0 0 5 7 3 4 0 0 0 0 0 0 0 0 0 0 0 0 0 0 0 2 5 4 0 0 2 14 3 8 0 0 6 1 3 0 0 0 0 0 0 0 0 0 0 0 0 0 1 0 0 1 4 16 53 91 112 101 2 0 7 0 5 0 0 0 0 0 0 0 0 0 0 0 0 0 5 5 45 129 205 239 249 255 255 229 57 1 17 0 6 0 0 0 0 0 4 0 15 1 0 8 14 81 180 241 251 254 250 245 255 129 167 255 99 0 0 17 4 0 0 0 0 0 0 0 0 92 161 158 220 255 246 248 182 163 86 0 0 0 195 255 68 4 0 0 7 0 0 0 0 0 0 10 20 179 255 238 255 254 199 35 0 9 3 0 0 143 255 208 31 10 6 2 9 0 0 0 0 0 14 0 0 11 41 41 37 46 41 8 8 0 2 6 12 237 232 85 0 0 0 7 0 15 0 0 0 0 0 0 10 0 4 19 0 7 0 19 0 4 31 81 218 235 69 0 0 17 4 14 0 6 0 0 0 0 2 11 0 0 0 0 0 0 14 0 9 145 252 255 255 62 7 0 0 2 0 0 10 0 0 0 0 0 0 10 0 3 10 0 8 2 0 4 0 55 207 255 231 236 130 110 57 19 0 0 4 0 0 0 0 0 0 13 3 0 0 0 0 0 0 7 0 5 42 178 255 238 255 243 254 218 166 78 0 2 0 0 0 0 0 0 0 0 0 0 0 0 10 0 9 0 5 1 42 33 69 144 237 252 255 249 65 5 0 0 0 0 0 0 0 0 0 0 0 0 0 0 0 9 0 3 0 3 0 0 0 55 170 255 237 0 0 0 0 0 0 0 0 0 0 0 0 0 15 50 47 0 1 0 0 0 6 5 0 14 160 249 172 0 0 0 0 0 0 0 0 0 0 0 0 0 41 237 229 14 6 0 2 2 0 0 23 86 238 255 56 11 0 0 0 0 0 0 0 0 0 0 0 0 13 137 255 213 44 0 12 0 0 87 192 255 243 127 9 5 0 0 0 0 0 0 0 0 0 0 0 0 0 5 104 229 255 177 157 211 254 255 255 193 97 0 5 0 0 0 0 0 0 0 0 0 0 0 0 0 12 0 1 45 198 238 255 233 197 160 121 20 1 1 0 3 0 0 0 0 0 0 0 0 0 0 0 0 0 10 0 0 14 57 47 8 7 1 0 1 0 14 0 1 0 0 0 0 0 0 0 0 0 0 0 0 0 0 0 0 0 0 0 0 0 0 0 0 0 0 0 0 0 0 0 0 0 0 0 0 0 0 0 0 0 0 0 0 0 0 0 0 0 0 0 0 0 0 0 0 0 0 0 0 0 0 0 0 0 0 0 0 0 0 0 0 0 0 0 0 0 0 0 0 0 0 0 0 0 0 0 0 0 0 0 0 0 0 0 0 0 0 0 0 0 0 0 0 0 0 0 0 0 0 0 0 0 0 0 0
0 0 0 0 0 0 0 0 0 9 0 9 0 2 0 4 0 9 0 0 0 0 9 1 0 0 0 0 0 0 0 0 0 0 0 0 0 4 0 5 0 0 0 0 0 0 0 8 12 4 0 0 0 0 0 0 0 0 0 0 0 0 0 0 6 4 0 0 7 15 0 0 4 5 4 0 0 7 4 0 0 0 0 0 0 0 0 0 0 0 0 0 0 3 8 1 0 0 0 9 6 0 0 5 5 0 0 11 0 0 0 0 0 0 0 0 0 0 0 0 3 0 0 0 3 10 0 0 0 4 6 0 0 17 10 0 0 0 0 0 0 0 0 0 0 0 0 0 15 0 84 148 203 248 255 244 244 221 127 33 0 0 7 0 0 0 0 0 0 0 0 0 0 0 0 0 0 7 166 240 246 255 255 254 255 255 235 247 158 13 0 5 0 0 0 0 0 0 0 0 0 0 0 0 5 0 156 240 244 232 191 115 155 243 255 255 137 0 1 0 0 0 0 0 0 0 0 0 0 0 0 0 0 0 7 0 0 0 3 3 156 255 255 241 137 0 0 7 0 0 0 0 0 0 0 0 0 0 0 0 3 4 4 0 13 6 8 42 223 255 254 127 12 13 0 0 0 0 0 0 0 0 0 0 0 0 0 0 0 0 0 0 0 0 65 245 255 254 176 0 0 0 10 0 0 0 0 0 0 0 0 0 0 0 0 0 3 13 10 0 10 89 160 253 247 174 18 0 6 4 0 14 0 0 0 0 0 0 0 0 0 0 0 0 5 0 2 7 83 218 255 255 255 48 0 0 10 0 0 0 0 0 0 0 0 0 0 0 0 0 0 0 4 3 137 204 243 255 255 245 255 134 16 15 0 5 5 0 0 0 0 0 0 0 0 0 0 0 0 0 8 70 245 253 255 242 249 255 252 251 148 0 17 0 21 0 0 0 0 0 0 0 0 0 0 0 0 0 0 75 255 227 166 63 95 202 254 255 255 23 0 4 0 0 0 0 0 0 1 0 0 6 0 0 3 0 0 20 55 46 7 0 7 15 216 255 255 15 4 0 0 4 0 0 0 0 0 2 0 0 2 13 15 0 8 0 0 0 0 0 1 0 201 255 249 42 2 1 12 0 0 0 0 0 6 1 0 0 0 0 0 0 0 8 3 1 12 2 0 10 206 247 247 32 0 0 10 0 0 0 0 0 0 0 2 1 5 6 0 10 0 0 0 2 6 0 0 0 216 247 255 28 2 0 1 4 0 0 0 0 0 3 6 0 2 15 0 0 10 0 0 0 0 1 24 28 215 255 200 27 5 0 0 12 0 0 0 0 14 0 2 0 0 0 0 76 110 234 153 24 21 0 16 216 255 254 57 2 0 0 1 0 0 0 0 0 4 0 4 7 7 0 23 142 253 255 254 236 233 243 249 248 255 172 0 0 3 9 17 0 0 0 0 0 0 5 17 0 0 13 0 19 209 237 255 255 249 255 255 247 159 32 10 0 7 0 0 0 0 0 0 0 0 0 0 0 0 0 0 0 24 130 217 241 255 251 156 35 0 0 0 0 0 0 0 0 0 0 0 0 0 0 0 0 0 0 0 0 0 0 1 0 1 14 7 0 0 0 0 0 0 0 0 0 0 0 0 0 0 0 0 0 0 0 0 0 13 1 0 0 0 0 0 14 0 0 0 0 0 0 0 0 0 0 0 0 0 0 0 0 0 0 0 0 0 0 5 8 5 0 0 0 0 0 0 0 0 0 0 0 0 0 0 0
0 0 1 1 1 0 0 0 2 0 0 2 0 0 0 11 3 1 1 2 3 3 0 0 0 0 0 0 0 0 0 1 0 0 0 0 0 0 0 3 10 10 0 0 0 0 0 0 0 0 1 1 0 0 0 0 0 0 0 0 0 0 0 0 7 0 0 4 0 0 0 13 1 1 0 0 0 0 1 3 0 0 0 0 0 0 0 0 0 0 1 1 0 4 3 0 0 15 12 0 2 4 5 3 0 0 0 1 0 0 0 0 0 0 0 0 0 0 2 2 7 0 1 8 0 0 0 3 0 0 2 3 2 0 0 0 0 0 0 0 0 0 0 0 0 0 2 4 181 154 144 147 115 48 5 2 0 0 0 0 2 3 1 0 0 0 0 0 0 0 0 0 0 0 3 4 234 255 255 241 254 251 148 18 8 2 0 0 1 4 2 0 0 0 0 0 0 0 0 0 0 0 3 5 20 62 118 172 224 255 250 226 25 13 1 0 1 5 3 0 0 0 0 0 0 0 0 0 0 0 0 0 0 1 0 2 8 153 233 255 248 62 0 0 0 14 2 4 0 0 0 0 0 0 0 0 0 0 0 0 0 2 10 0 1 0 6 242 240 116 12 0 0 0 0 1 0 0 0 0 0 0 0 0 0 0 0 0 3 2 0 2 0 0 23 41 223 138 0 0 17 10 5 1 0 0 0 0 0 0 0 0 0 0 0 0 0 0 7 0 9 13 9 97 240 142 0 0 0 0 0 5 0 0 0 0 0 0 0 0 0 0 0 0 0 0 6 0 4 0 44 255 253 97 0 11 11 21 1 0 0 0 0 0 0 0 0 0 0 0 0 0 5 1 0 3 3 98 218 251 255 60 2 0 0 2 0 0 0 0 0 0 0 0 0 0 0 0 0 0 4 0 21 0 31 220 251 247 77 0 10 15 3 0 0 10 0 0 0 0 0 0 0 0 0 0 0 0 6 0 0 0 3 191 255 246 164 22 7 0 7 3 5 0 0 0 0 0 0 0 0 0 0 0 0 0 0 1 0 4 4 27 92 238 245 225 87 0 1 2 0 5 0 0 0 0 0 0 0 0 0 0 0 0 0 14 10 0 1 9 0 27 92 241 237 121 0 0 1 0 0 0 0 0 0 0 0 0 0 0 0 0 18 0 0 0 11 0 0 8 3 126 255 147 0 8 0 14 0 0 0 0 0 0 0 0 0 0 0 0 4 3 4 19 0 22 0 0 20 225 202 10 13 0 3 0 0 0 0 0 0 0 0 0 0 0 0 0 4 0 11 0 0 0 10 26 204 247 188 5 1 0 0 6 0 0 0 0 0 0 0 0 0 0 0 0 0 3 6 0 26 12 85 237 247 248 65 0 8 2 12 2 0 0 0 0 0 0 0 0 0 0 0 0 3 0 75 199 34 176 253 253 213 58 0 15 0 2 0 0 0 0 0 0 0 0 0 0 0 0 0 0 2 0 119 252 242 255 247 203 27 0 3 0 0 8 7 1 0 0 0 0 0 0 0 0 0 0 0 0 0 0 27 244 251 207 121 14 0 0 0 0 0 0 0 0 0 0 0 0 0 0 0 0 0 0 0 0 11 4 0 25 0 0 19 0 0 0 0 0 0 0 0 0 0 0 0 0 0 0 0 0 0 0 0 0 0 1 12 1 0 0 17 0 0 0 0 0 0 0 0 0 0 0 0 0 0 0 0 0 0 0 0 0 9 0 2 0 9 0 3 7 0 0 0 0 0 0 0 0 0 0 0 0
0 1 5 3 0 0 0 5 0 3 4 0 0 2 0 0 0 3 0 0 10 2 0 2 0 0 0 0 5 0 0 0 0 0 0 0 0 1 0 0 0 0 1 0 3 19 12 0 0 0 0 0 0 0 0 0 0 0 0 4 9 10 6 0 0 0 0 0 0 0 0 2 0 0 0 4 11 7 1 0 0 0 0 0 0 2 4 2 0 0 0 0 0 0 0 6 7 2 1 5 13 0 8 12 0 0 0 5 0 0 0 0 4 2 0 0 0 0 5 10 7 3 1 2 1 0 0 1 4 0 7 4 0 13 6 0 0 0 0 0 0 0 0 2 7 6 0 0 0 0 0 0 7 22 32 36 121 55 41 33 18 0 0 11 0 0 0 0 1 3 3 0 0 0 0 4 13 44 83 122 171 223 254 255 255 239 255 255 208 100 0 0 0 0 0 0 0 3 4 0 0 31 98 152 219 244 255 255 254 255 238 211 255 250 255 239 255 237 90 0 0 0 0 0 0 6 5 0 0 181 255 255 249 248 255 209 187 104 88 7 42 58 128 242 255 254 215 1 0 0 0 0 15 0 0 7 36 204 253 238 255 156 70 4 5 0 7 0 0 0 62 236 243 250 176 1 0 0 0 0 0 0 7 0 0 84 188 255 83 15 0 0 4 9 0 14 71 160 239 255 252 220 30 0 0 0 0 0 6 0 0 1 0 2 0 0 4 0 50 23 63 124 162 215 244 255 255 226 153 38 0 0 0 0 0 0 3 3 0 0 3 0 3 3 1 72 237 224 253 255 253 255 255 237 180 49 0 0 0 7 0 0 0 0 0 0 0 0 4 3 6 0 0 67 255 251 255 237 248 254 236 187 0 0 6 0 3 0 0 0 0 0 1 6 0 11 0 0 14 4 0 37 212 252 255 255 255 244 255 255 220 168 24 0 0 0 0 0 0 0 1 0 0 16 0 0 4 0 12 0 46 65 87 141 147 88 195 245 255 255 209 72 1 0 0 0 0 0 0 2 0 4 0 0 2 7 2 0 1 0 1 0 0 3 10 25 139 255 255 180 0 0 0 0 0 0 0 3 2 0 0 6 3 0 0 0 1 0 0 0 2 3 0 5 4 212 252 224 42 0 0 0 0 0 11 0 2 0 5 0 2 0 0 4 2 0 0 0 0 0 5 0 3 201 255 255 25 0 0 0 0 0 0 6 0 25 0 22 0 11 0 8 2 2 0 16 20 24 112 187 255 255 233 191 24 1 0 0 0 0 1 4 2 0 0 0 13 33 66 70 55 73 93 163 208 242 255 255 242 255 228 77 0 0 0 0 0 0 5 0 6 87 147 144 202 254 255 255 242 255 246 255 255 255 255 252 178 93 26 0 0 13 0 0 0 0 7 12 0 231 250 255 228 255 253 255 249 255 231 198 125 100 50 18 19 6 0 20 0 0 0 0 0 0 0 0 3 152 255 254 246 180 192 152 81 71 22 20 0 7 11 0 0 5 4 0 16 0 0 0 0 0 4 0 0 14 32 36 23 7 0 0 0 0 0 0 0 0 0 0 0 0 0 0 0 0 0 0 0 0 0 0 0 2 10 11 4 0 0 0 0 0 0 0 0 0 0 0 0 0 0 0 0 0 0 0 0 0 0 0 0 0 0 0 0 0 0 0 0 0 0 0 0 0 0 0 0 0 0 0 0 0 0 0 0 0 0 3 4 2 0 0 2 5 0 0 0 0 0 0 0 0 0 0 0 0 0 0 0 0 0 0 0 0
0 0 0 0 0 0 0 0 0 2 15 0 2 0 6 0 0 15 0 0 0 0 0 2 0 0 0 0 0 0 0 0 0 0 0 0 2 0 0 2 0 8 0 1 0 0 0 0 16 1 0 1 0 0 0 0 0 0 0 0 0 0 0 0 4 0 1 0 0 6 0 3 0 0 2 0 5 0 0 0 0 0 0 0 0 0 0 0 0 0 0 0 3 2 14 8 2 0 8 0 7 11 2 0 0 1 12 0 0 0 0 0 0 0 0 0 0 0 0 0 8 0 0 16 0 0 14 3 0 8 0 15 5 0 1 0 0 0 0 0 0 0 0 0 0 0 0 0 0 10 56 244 254 247 244 246 255 179 23 0 5 5 1 0 0 0 0 0 0 0 0 0 0 0 0 0 2 2 103 243 254 242 242 255 254 242 177 20 7 0 0 16 0 0 0 0 0 0 0 0 0 0 0 0 0 12 208 250 255 193 176 171 225 255 255 0 0 5 0 0 0 0 0 0 0 0 0 0 0 0 0 0 0 114 255 255 113 0 9 0 170 240 255 0 0 0 0 0 0 0 0 0 0 0 0 0 0 0 0 0 16 147 251 131 16 0 0 18 208 255 162 0 1 2 0 0 0 0 0 0 0 0 0 0 0 0 0 0 0 157 142 12 0 6 0 146 253 213 42 0 0 5 2 0 0 0 0 0 0 0 0 0 0 0 0 0 1 25 0 13 0 0 58 218 255 73 0 0 1 0 0 5 0 0 0 0 0 0 0 0 0 0 0 0 7 0 7 0 5 0 176 255 194 4 2 3 6 0 0 4 0 0 0 0 0 0 0 0 0 0 0 0 3 5 2 9 0 155 255 236 67 13 0 0 6 3 0 2 0 0 0 0 0 0 0 0 0 0 0 0 0 4 0 0 182 249 255 120 0 12 0 0 1 3 0 1 0 0 0 0 0 0 0 0 0 0 0 0 0 2 9 235 255 242 232 75 17 0 12 0 0 0 1 0 0 0 0 0 0 0 0 0 0 0 0 0 0 15 20 241 255 237 255 254 229 63 14 0 5 0 0 4 0 0 0 0 0 0 0 0 0 0 0 0 12 0 0 65 74 99 130 249 235 255 51 0 1 6 14 0 0 0 0 0 0 0 0 0 0 0 0 0 5 7 17 0 0 0 0 136 255 233 166 19 0 11 0 7 0 0 0 0 0 0 0 0 0 0 0 0 0 0 0 10 10 0 89 255 248 251 156 0 0 4 0 3 0 0 0 0 0 0 0 0 0 0 0 0 0 13 0 0 0 31 167 245 255 208 33 4 0 0 5 0 0 0 0 0 0 0 0 0 0 0 0 0 5 0 4 17 75 195 255 255 209 33 0 17 0 0 0 6 0 0 0 0 0 0 0 0 0 0 0 0 0 1 72 185 246 255 224 149 30 11 1 0 17 0 2 2 0 0 0 0 0 0 0 0 0 0 0 0 62 189 244 255 245 220 144 0 0 1 0 15 0 1 4 0 0 0 0 0 0 0 0 0 0 0 0 0 67 234 255 162 67 20 0 6 0 0 0 0 0 0 0 0 0 0 0 0 0 0 0 0 0 0 0 0 0 14 1 0 11 0 0 0 0 0 0 0 0 0 0 0 0 0 0 0 0 0 0 0 0 0 0 0 0 0 0 0 3 0 1 19 0 0 0 0 0 0 0 0 0 0 0 0 0 0 0 0 0 0 0 0 0 7 13 4 0 5 1 0 0 0 0 0 0 0 0 0 0 0 0 0
2 3 0 0 9 4 0 10 2 3 0 8 0 0 0 14 0 0 1 1 0 0 3 0 0 0 0 0 0 3 5 0 3 2 0 0 0 0 0 0 5 0 0 0 16 7 0 0 0 0 2 5 0 0 0 0 0 1 1 0 0 0 2 4 10 1 1 0 5 1 6 0 0 0 0 2 11 5 0 0 0 0 0 0 12 0 0 2 0 0 9 9 0 0 11 0 0 0 6 9 6 15 6 0 0 0 0 6 0 0 0 0 0 0 3 13 0 0 13 0 12 0 0 19 2 2 0 0 0 0 0 0 0 0 4 6 0 0 0 0 3 8 0 0 2 113 233 221 211 146 127 216 255 251 126 10 14 0 0 3 5 6 3 0 0 0 0 0 0 1 2 8 15 122 255 251 255 240 252 255 251 252 255 244 182 67 3 5 0 0 5 0 0 0 0 0 8 0 0 7 0 69 218 240 117 79 88 99 147 202 255 248 255 82 0 4 1 0 6 0 0 0 0 0 0 0 1 3 0 0 15 40 35 0 0 5 1 0 197 248 229 27 9 0 0 0 7 0 0 0 0 0 4 0 0 2 0 0 3 17 1 15 5 0 0 47 255 255 184 6 0 10 0 5 9 0 0 0 0 0 5 0 0 2 3 0 0 0 0 0 7 29 119 220 245 239 74 0 0 2 2 0 0 8 0 0 0 0 2 0 0 4 7 3 0 0 0 12 60 217 255 246 255 100 3 0 5 0 15 0 0 5 0 0 0 0 0 0 0 3 3 1 1 3 25 56 249 247 255 241 81 0 0 0 16 13 0 0 12 0 0 0 0 0 0 1 2 0 0 0 0 2 0 25 245 255 239 255 250 220 197 200 27 0 7 19 0 25 0 0 0 0 0 0 0 0 0 0 0 0 3 11 10 100 206 231 249 250 246 255 245 213 90 0 0 0 0 0 0 0 0 0 0 0 1 4 3 0 0 3 0 0 0 7 9 120 124 196 255 250 253 40 5 0 0 0 0 0 0 0 0 0 0 0 0 0 0 0 13 0 2 0 3 0 2 0 70 223 241 147 28 0 0 0 0 0 0 0 0 0 0 0 0 0 13 0 0 10 0 15 3 0 0 6 15 58 255 255 30 0 0 0 0 0 0 0 0 0 0 0 0 0 0 9 0 0 0 1 0 17 6 9 0 85 255 246 163 2 0 0 0 0 0 0 0 0 0 0 0 0 4 2 0 0 6 0 6 0 0 0 64 159 255 240 106 7 0 0 0 0 0 0 0 0 0 0 0 0 0 0 4 15 0 0 25 0 10 47 205 254 255 255 72 0 0 0 0 0 0 0 0 0 0 0 0 0 23 86 8 0 0 14 0 10 69 233 238 249 217 112 21 0 0 0 0 0 0 0 0 0 0 0 0 0 56 255 227 175 114 92 93 212 243 255 245 181 64 0 0 1 0 0 0 0 0 0 0 0 0 0 0 0 27 184 237 255 248 250 255 255 251 179 123 5 0 7 0 1 0 0 0 0 0 0 0 0 0 0 0 0 0 6 53 142 224 255 255 241 104 24 0 3 0 0 5 0 0 0 0 0 0 0 0 0 0 0 0 0 7 0 0 4 10 3 0 0 16 0 0 11 0 0 5 0 0 0 0 0 0 0 0 0 0 0 0 0 0 0 0 0 0 0 2 15 0 0 5 4 0 0 10 0 0 0 0 0 0 0 0 0 0 0 0 0 7 2 2 6 5 0 0 0 8 4 4 0 0 2 10 0 0 0 0 0
11 0 0 0 0 0 0 0 3 0 0 1 0 0 3 0 0 0 0 0 0 1 0 6 0 0 0 0 0 0 0 4 6 4 2 3 0 0 1 0 0 8 16 3 0 0 4 8 11 7 0 0 0 0 0 0 0 0 3 1 0 1 0 0 8 0 0 18 11 0 0 0 1 0 0 0 0 0 5 6 0 0 0 0 0 3 1 0 0 0 1 0 6 4 0 0 0 18 16 6 0 0 2 8 2 3 8 0 0 0 0 0 0 0 0 0 1 6 5 1 0 8 6 0 3 0 0 0 1 8 0 0 0 0 11 0 0 0 0 0 0 0 0 3 3 0 0 0 2 0 11 89 160 165 171 214 253 255 204 158 83 0 0 9 0 0 0 0 2 0 0 6 0 0 0 12 14 141 235 255 255 252 247 255 245 255 245 255 232 77 3 7 0 0 0 0 2 0 0 7 0 0 21 58 223 255 213 131 104 88 43 6 22 14 29 188 255 134 15 0 0 0 0 0 4 1 0 0 0 0 89 243 247 157 28 20 0 5 0 0 3 0 49 224 224 48 0 7 0 0 0 0 0 2 1 5 5 13 114 255 80 16 0 0 7 0 8 11 0 6 193 186 28 4 0 0 0 0 0 0 0 4 4 2 0 0 30 116 30 1 12 0 6 0 2 0 6 137 248 173 0 0 34 1 0 0 0 0 0 0 0 3 6 0 0 6 0 0 6 4 0 7 1 2 0 229 234 98 7 0 0 0 0 0 0 0 3 0 0 0 9 9 2 1 10 7 3 0 0 13 16 0 133 255 121 0 4 4 0 16 0 0 0 0 0 3 4 0 0 0 0 0 1 0 5 21 13 0 118 237 255 171 9 0 9 0 10 0 0 0 0 0 0 0 7 6 0 2 6 1 0 16 0 23 93 170 255 252 152 0 9 1 3 4 0 18 0 0 0 0 7 1 0 0 0 0 3 0 0 0 2 195 255 250 255 251 255 179 107 6 1 0 11 0 0 0 0 0 0 3 4 0 8 11 0 8 3 0 19 73 172 194 172 197 222 255 247 186 16 16 0 4 0 0 0 0 0 1 0 7 6 0 0 4 4 4 0 0 9 0 5 0 2 65 226 255 99 0 15 0 0 0 0 0 6 5 0 6 0 0 19 0 0 0 13 1 0 18 0 10 0 30 239 251 89 4 3 0 0 0 0 0 0 8 0 0 0 2 8 0 22 37 72 3 0 0 0 0 96 230 235 231 12 9 0 11 0 0 0 0 0 1 6 0 5 1 0 30 115 249 39 22 0 10 0 111 250 250 235 63 11 6 0 9 0 0 0 0 2 0 4 0 2 0 40 182 252 123 0 0 26 22 173 254 255 171 43 0 0 1 9 0 0 0 0 0 8 0 0 1 0 2 116 255 189 40 101 172 245 249 253 249 96 12 5 0 0 3 0 13 0 0 0 0 0 2 2 12 0 11 149 250 255 241 255 255 240 253 156 51 5 1 0 0 8 6 0 0 0 0 0 0 0 5 0 0 5 0 59 202 255 255 247 195 111 35 0 0 0 0 0 0 0 0 0 0 0 0 0 0 0 10 0 0 15 0 0 8 0 0 0 5 4 0 2 10 0 0 0 0 0 0 0 0 0 0 0 0 0 11 2 0 0 8 0 0 13 3 0 0 0 0 0 0 0 0 0 0 0 0 0 0 0 0 0 0 0 0 4 7 0 0 0 10 0 0 0 1 0 0 1 3 0 0 0 0 0 0 0 0 0 0 0 0
0 3 0 0 10 2 0 4 0 0 4 0 0 3 0 1 0 0 0 0 0 6 8 0 0 0 0 0 7 7 0 0 0 0 12 0 1 11 0 0 3 9 12 0 0 3 7 5 0 0 0 2 0 0 0 0 4 0 0 9 21 2 0 0 0 7 0 0 1 0 2 0 0 1 0 1 3 0 0 9 0 0 0 0 1 0 11 6 0 0 4 12 3 0 0 6 2 0 0 15 4 4 0 0 2 3 0 2 0 0 0 0 5 0 23 0 0 15 7 0 0 0 7 1 1 7 0 0 2 8 2 0 0 5 0 0 0 0 0 0 0 0 2 0 21 15 0 38 73 131 208 239 245 210 101 11 0 0 3 4 0 0 6 0 0 0 0 0 0 19 0 0 4 0 51 216 237 255 248 255 255 252 244 189 34 0 0 9 0 0 10 0 0 0 0 0 7 0 0 16 0 36 219 255 224 194 65 61 65 80 224 255 112 16 0 12 0 0 7 0 0 0 0 0 2 4 1 0 0 43 246 179 57 0 0 17 0 0 235 251 112 0 22 0 0 12 0 0 0 0 0 0 0 4 0 19 0 4 118 12 0 1 11 0 2 54 234 232 62 0 0 0 20 0 1 11 0 0 0 0 0 11 0 14 0 1 27 0 0 0 0 15 37 231 250 119 0 0 38 0 0 13 0 0 0 0 0 0 0 13 0 0 2 6 0 16 1 23 22 93 237 238 55 0 0 5 0 0 0 0 15 2 0 0 0 0 0 5 2 0 10 0 12 48 68 167 178 255 249 221 67 184 62 98 5 0 27 0 0 3 0 0 0 0 1 0 0 14 1 16 213 236 255 250 255 255 251 255 255 250 255 234 214 118 0 0 8 3 0 0 0 0 1 0 0 5 0 32 233 255 148 133 35 25 6 11 16 82 160 255 239 255 214 61 0 0 0 0 0 0 0 0 8 0 3 3 2 0 0 13 0 0 18 0 11 0 0 9 101 223 255 239 102 1 0 0 0 0 0 0 0 0 0 0 0 0 0 5 0 7 1 0 10 0 0 1 6 41 147 255 248 71 0 0 0 0 0 0 0 0 0 0 0 0 0 0 0 0 0 18 1 0 1 0 0 8 23 218 255 161 0 0 0 0 0 0 0 0 0 0 0 0 4 0 15 0 15 0 5 5 0 0 0 4 6 148 255 149 0 0 0 0 0 0 0 0 0 0 0 0 0 10 0 8 0 5 7 0 5 27 8 0 7 255 238 64 0 0 0 0 0 0 0 0 0 0 0 0 12 0 35 7 0 3 0 0 0 0 0 72 211 245 209 19 0 0 0 0 0 0 0 0 0 0 0 0 0 7 240 33 6 0 12 14 12 84 162 240 255 221 65 0 0 0 0 0 0 0 0 0 0 0 0 0 16 0 255 218 118 53 65 177 200 243 247 255 197 37 0 2 0 0 0 0 0 0 0 0 0 0 0 0 0 3 218 249 239 249 255 243 245 255 173 105 16 9 0 8 0 0 0 0 0 0 0 0 0 0 0 0 6 4 7 109 174 230 168 121 101 38 0 0 7 0 0 4 0 0 0 0 0 0 0 0 0 0 0 0 0 0 0 7 0 17 0 0 14 1 0 4 7 0 0 0 0 0 0 0 0 0 0 0 0 0 0 0 6 9 7 1 0 0 0 9 0 0 5 0 0 0 1 0 0 0 0 0 0 0 0 0 0 0 0 0 0 0 1 0 13 3 5 0 7 10 4 0 0 2 5 0 0 0 0 0
0 0 0 0 0 0 0 0 2 0 13 0 11 0 0 0 0 16 0 0 3 0 3 0 0 0 0 0 0 0 0 0 0 0 0 0 0 0 0 13 0 0 13 23 14 0 0 0 9 11 0 10 0 0 0 0 0 0 0 0 0 0 0 0 0 12 1 0 0 5 0 0 5 0 17 2 0 3 5 0 0 0 0 0 0 0 0 0 0 0 0 0 0 0 7 0 12 15 0 5 4 0 0 11 10 0 5 0 0 0 0 0 0 0 0 0 0 0 0 0 14 32 128 195 250 242 177 19 0 26 0 0 13 0 0 4 0 0 0 0 0 0 0 0 0 0 0 0 41 214 201 155 220 208 255 200 49 0 9 0 0 3 5 0 0 0 0 0 0 0 0 0 0 0 0 0 4 3 0 10 0 23 222 255 226 11 0 19 4 2 0 0 0 0 0 0 0 0 0 0 0 0 0 0 2 0 0 5 0 0 53 185 251 179 44 0 0 0 9 5 0 0 0 0 0 0 0 0 0 0 0 0 0 1 0 0 10 0 3 54 250 252 65 12 3 0 11 0 0 0 0 0 0 0 0 0 0 0 0 0 8 0 15 0 0 0 0 6 137 255 66 0 0 6 11 0 0 0 0 0 0 0 0 0 0 0 0 0 0 0 0 0 0 4 0 10 164 237 143 0 1 5 0 0 0 0 0 0 0 0 0 0 0 0 0 0 13 6 0 20 0 2 0 82 255 246 167 1 3 0 0 3 0 0 0 0 0 0 0 0 0 0 0 0 0 0 91 128 89 95 139 230 255 255 64 0 1 8 0 5 0 0 0 0 0 0 0 0 0 0 0 0 13 29 231 255 255 239 255 245 232 125 0 0 8 6 0 3 0 0 0 0 0 0 0 0 0 0 0 0 0 10 167 217 234 255 255 248 230 0 7 0 7 0 0 2 0 0 0 0 0 0 0 0 0 0 0 0 0 0 0 5 18 97 120 255 193 14 3 0 0 4 2 2 0 0 0 0 0 0 9 0 8 0 5 0 2 14 0 1 4 0 0 112 255 191 63 0 0 1 1 6 0 0 0 0 0 21 0 5 0 0 0 4 0 0 10 11 0 4 10 0 121 255 107 8 0 21 11 0 0 0 0 0 1 1 115 27 31 0 1 0 11 0 7 0 0 2 0 0 15 245 252 41 4 3 0 6 0 0 0 0 6 13 38 144 28 37 0 6 5 0 0 0 13 6 0 22 23 255 252 110 1 0 0 2 0 0 0 0 0 7 0 2 198 252 30 5 0 0 0 0 0 3 0 0 19 255 229 91 0 5 10 0 0 0 0 0 16 0 15 8 16 156 255 155 35 20 6 0 14 0 0 47 143 248 188 10 5 6 0 6 0 0 0 0 0 0 12 0 0 25 105 216 249 195 148 59 82 33 106 230 254 242 29 0 0 4 0 0 0 0 0 0 1 9 0 0 11 0 0 16 22 65 246 240 255 182 251 254 73 29 0 6 1 0 5 0 0 0 0 0 0 0 0 0 0 0 0 0 0 0 0 0 0 0 0 0 0 0 0 0 0 0 0 0 0 0 0 0 0 0 0 0 0 0 0 0 0 0 0 0 0 0 0 0 0 0 0 0 0 0 0 0 0 0 0 0 0 0 0 0 0 0 0 0 0 0 0 0 0 0 0 0 0 0 0 0 0 0 0 0 0 0 0 0 0 0 0 0 0 0 0 0 0 0 0 0 0 0 0 0 0 0 0 0 0 0 0 0 0 0 0 0
2 3 3 0 0 0 0 0 3 0 2 0 0 6 5 0 0 0 1 0 0 0 0 3 0 0 0 0 0 0 0 4 10 12 8 3 0 7 2 6 3 0 0 0 0 1 2 1 0 0 0 1 0 0 0 0 0 3 3 0 0 0 0 0 0 4 0 0 9 0 6 0 0 2 3 2 0 0 0 0 0 0 0 0 2 0 0 1 1 1 4 8 3 7 0 0 1 0 0 5 0 0 1 1 0 0 0 0 0 0 0 0 6 0 0 4 15 11 0 0 0 0 10 0 3 10 0 0 0 0 0 0 0 0 0 0 0 0 0 0 0 0 1 1 0 0 1 19 73 96 163 208 219 187 89 1 0 0 0 0 0 0 0 0 0 0 0 0 0 0 9 6 0 0 31 72 244 255 255 255 253 243 249 172 8 4 0 0 0 1 1 0 0 0 0 0 7 0 0 3 1 0 0 5 107 159 127 114 49 73 241 244 15 9 2 0 0 1 0 0 0 0 0 0 0 0 0 0 0 0 0 0 0 4 0 0 1 27 235 253 30 4 6 8 0 0 8 0 0 0 0 0 0 0 0 0 0 0 0 0 16 5 0 2 0 101 255 225 19 0 0 0 0 0 8 1 0 0 0 0 0 0 0 0 0 0 0 0 0 0 0 5 3 255 241 150 5 2 5 8 4 0 0 2 0 0 0 0 0 0 0 0 0 0 0 0 15 8 6 7 201 254 216 53 0 0 0 0 0 0 0 3 0 0 0 0 0 0 0 0 0 0 0 0 3 0 10 191 255 241 38 11 3 10 0 0 0 8 2 0 0 0 0 0 0 0 0 0 0 0 0 0 0 22 39 238 250 206 89 0 0 0 6 5 1 1 0 0 0 0 0 0 0 0 0 0 0 0 0 0 0 0 12 64 157 250 250 192 39 0 0 4 0 0 3 11 0 0 0 0 0 0 0 0 0 0 0 0 3 8 0 3 1 35 114 249 233 92 2 2 3 0 0 0 0 0 0 0 0 0 0 0 0 0 0 0 3 0 8 0 5 0 1 112 249 236 32 10 0 0 7 0 0 0 0 0 0 0 0 0 0 0 0 0 0 0 4 0 0 0 3 32 254 238 144 0 4 6 0 4 0 0 0 0 0 0 0 0 0 0 0 0 5 4 0 12 2 0 8 5 190 255 167 0 0 1 0 1 0 0 0 0 0 0 0 0 0 0 0 0 4 0 0 0 5 0 0 0 153 255 139 5 0 0 0 0 0 0 0 0 0 0 0 0 0 0 0 0 0 2 6 0 4 11 0 30 215 255 134 0 9 8 0 3 0 0 0 0 0 0 0 0 0 0 0 0 2 0 16 0 0 0 2 150 255 249 60 2 0 4 0 3 0 0 0 0 0 0 0 0 0 0 0 0 0 0 0 4 12 25 101 245 250 200 0 15 0 0 0 2 0 0 0 0 0 0 0 0 0 0 0 0 1 6 0 14 80 178 252 255 241 112 6 0 0 14 0 7 0 0 0 0 0 0 0 0 0 0 0 0 0 16 8 107 173 169 203 173 12 9 4 0 0 0 0 0 0 0 0 0 0 0 0 0 0 0 0 0 0 0 0 11 18 0 13 0 7 5 2 0 0 0 0 2 0 0 0 0 0 0 0 0 0 0 0 0 5 11 0 1 0 0 0 1 0 0 0 0 0 0 1 2 0 0 0 0 0 0 0 0 0 0 0 0 0 0 0 0 0 5 3 3 0 0 0 0 0 0 0 0 0 0 0 0
0 0 1 0 0 0 0 2 3 0 0 2 14 0 0 8 0 0 17 0 5 0 0 0 0 0 0 0 1 0 0 1 1 1 1 0 11 0 0 0 0 3 3 0 0 26 0 0 14 10 0 15 0 0 0 0 2 0 0 2 4 5 1 0 4 0 19 0 0 15 5 0 0 2 4 16 4 0 18 0 0 0 0 0 3 0 0 2 7 7 2 0 2 0 0 2 139 252 255 255 255 185 0 0 0 28 10 0 0 0 0 0 3 0 0 2 7 7 2 0 0 5 23 0 160 242 248 255 255 248 173 65 13 0 3 4 0 0 0 0 2 0 0 2 4 5 1 0 0 0 0 0 187 255 254 244 234 255 251 187 12 0 6 1 0 0 0 0 1 0 0 1 1 1 1 0 2 12 0 0 74 132 159 177 200 243 255 252 185 13 0 0 0 0 0 0 0 0 1 0 0 0 0 2 0 9 0 9 0 13 6 0 0 0 81 255 231 25 10 3 0 0 0 0 0 0 0 0 0 0 0 0 0 0 10 0 3 0 1 0 6 2 151 255 205 6 0 0 0 0 0 0 0 0 0 0 0 0 0 0 0 8 0 2 7 0 0 9 63 196 255 251 204 0 3 15 0 0 0 0 0 0 0 0 0 0 0 0 0 13 0 9 0 0 66 144 249 255 250 234 24 7 0 0 0 0 0 0 0 0 0 0 0 0 0 0 6 0 11 80 130 183 239 255 255 245 222 75 0 20 1 4 0 0 0 0 0 0 0 0 0 0 0 0 12 16 202 255 252 255 255 241 244 255 128 0 0 0 0 2 0 0 0 0 0 0 0 0 0 0 0 0 0 8 249 255 241 247 255 251 255 255 227 85 0 0 13 0 0 0 0 0 0 0 0 0 0 0 0 0 0 48 255 246 157 91 57 50 53 179 255 213 3 33 0 0 0 0 0 0 0 0 0 0 0 0 0 0 9 0 29 8 1 9 0 0 6 1 154 255 142 0 12 0 0 0 0 0 2 0 2 1 9 2 0 8 7 0 0 0 3 8 6 0 13 0 34 255 193 10 0 6 0 0 0 0 0 20 0 0 0 153 73 2 4 3 9 5 0 0 2 5 0 4 8 193 236 51 0 0 0 0 0 0 0 0 0 6 60 255 159 0 0 0 0 4 0 1 3 0 4 0 66 248 255 40 5 2 0 0 0 0 0 0 6 5 42 248 231 101 12 0 0 0 0 2 5 0 80 172 233 255 199 7 0 12 0 0 0 0 0 14 0 5 0 203 255 217 120 121 132 139 142 169 209 231 245 255 255 252 149 0 0 4 0 0 0 0 0 0 0 8 11 110 238 255 255 253 255 255 247 252 255 255 255 248 229 159 9 0 26 0 0 0 0 0 3 0 13 1 0 0 113 201 255 247 248 255 255 252 238 217 212 158 44 0 3 8 0 0 0 0 0 0 0 4 0 2 0 14 0 6 1 0 1 3 0 0 8 5 0 6 6 0 0 6 3 4 0 0 0 0 0 0 0 0 0 0 0 0 0 0 0 0 0 0 0 0 0 0 0 0 0 0 0 0 0 0 0 0 0 0 0 0 0 0 0 0 0 0 0 0 0 0 0 0 0 0 0 0 0 0 0 0 0 0 0 0 0 0 0 0 0 0 0 0 0 0 0 0 0 0 0 0 0 0 0 0 0 0 0 0 0 0 0 0 0 0 0 0 0 0 0 0 0 0 0 0 0 0 0 0 0 0 0 0 0 0 0 0 0 0 0 0
0 0 0 0 0 0 0 0 5 0 0 0 3 1 0 1 2 0 3 7 0 0 0 4 0 0 0 0 0 0 0 0 0 0 0 0 7 0 0 3 0 0 3 1 0 0 0 0 4 10 4 0 0 0 0 0 0 0 0 0 0 0 0 0 3 0 4 9 0 0 9 0 11 14 4 0 0 0 1 10 0 0 0 0 0 0 0 0 0 0 0 0 0 5 0 0 0 0 4 0 0 0 0 5 10 0 0 10 0 0 0 0 0 0 0 0 0 0 0 0 98 212 249 211 133 35 0 4 5 1 0 1 6 0 0 0 0 0 0 0 0 0 0 0 0 0 0 0 149 204 202 235 255 215 97 0 0 0 9 0 0 0 9 1 0 0 0 0 0 0 0 0 0 0 0 0 9 10 0 57 170 248 255 191 21 0 0 12 0 0 10 0 0 0 0 0 0 0 0 0 0 0 0 0 1 9 0 0 7 100 239 247 238 80 0 2 0 0 6 0 0 0 0 0 0 0 0 0 0 0 0 0 0 0 12 0 0 9 39 130 246 239 38 0 2 0 0 12 0 0 0 0 0 0 0 0 0 0 0 0 4 3 0 0 10 0 0 95 255 255 93 3 0 12 5 0 0 0 0 0 0 0 0 0 0 0 0 0 1 0 7 14 4 0 54 188 254 194 55 0 3 7 0 0 0 0 0 0 0 0 0 0 0 0 0 0 11 0 0 6 0 45 193 253 152 55 0 0 14 0 0 10 0 0 0 0 0 0 0 0 0 0 0 0 0 6 7 107 176 223 240 85 16 0 4 0 10 0 0 3 0 0 0 0 0 0 0 0 0 0 0 0 2 34 203 227 247 219 21 0 0 0 14 0 4 0 7 0 0 0 0 0 0 0 0 0 0 0 0 0 5 190 255 254 148 0 0 25 16 0 0 0 3 0 7 0 0 0 0 0 0 0 0 0 0 0 0 0 0 182 252 255 236 187 123 0 0 6 4 3 0 0 10 0 0 0 0 0 0 0 0 0 0 0 0 0 0 64 140 198 255 255 255 221 163 58 16 3 5 3 0 0 0 0 0 0 0 0 0 0 0 0 0 0 0 0 13 9 59 138 192 255 252 254 220 25 9 2 0 17 0 0 0 0 0 0 0 0 0 0 0 0 5 0 3 0 0 9 26 50 172 234 255 255 128 0 15 0 0 0 0 0 0 0 0 0 0 0 0 0 0 4 0 12 17 0 11 0 7 40 176 231 234 33 5 2 0 0 0 0 0 0 0 0 0 0 0 0 0 4 0 10 109 17 0 5 9 0 89 255 253 46 0 17 0 0 0 0 0 0 0 0 0 0 0 0 2 1 6 43 245 155 0 38 31 155 213 239 208 22 16 0 0 0 0 0 0 0 0 0 0 0 0 0 6 0 0 17 192 239 149 211 255 255 255 202 31 0 0 4 0 0 0 0 0 0 0 0 0 0 0 0 0 4 15 0 6 139 194 225 146 146 54 17 1 0 0 1 0 0 0 0 0 0 0 0 0 0 0 0 0 0 0 0 0 0 0 0 0 0 0 0 0 0 0 0 0 0 0 0 0 0 0 0 0 0 0 0 0 0 0 0 0 0 0 0 0 0 0 0 0 0 0 0 0 0 0 0 0 0 0 0 0 0 0 0 0 0 0 0 0 0 0 0 0 0 0 0 0 0 0 0 0 0 0 0 0 0 0 0 0 0 0 0 0 0 0 0 0 0 0 0 0 0 0 0 0 0 0 0 0 0 0 0
0 12 0 2 0 4 0 3 5 2 3 0 5 0 4 8 1 0 6 9 0 0 5 0 0 0 0 0 9 0 0 2 2 7 1 0 3 0 9 5 7 0 3 0 10 0 0 0 9 3 0 8 0 0 0 0 2 0 4 9 0 2 9 0 0 3 6 0 0 0 0 21 0 5 16 2 0 1 5 0 0 0 0 0 5 5 5 0 0 0 4 0 5 15 0 0 17 5 0 0 11 4 0 0 4 0 0 10 0 0 0 0 0 0 0 2 17 6 0 4 0 0 0 6 0 0 10 5 0 13 4 0 12 5 0 8 0 0 0 0 3 12 0 3 0 0 10 58 147 254 255 252 251 149 24 38 39 0 4 14 0 0 14 0 0 0 0 0 1 10 0 1 2 143 227 255 255 231 199 204 196 235 251 247 238 58 0 4 0 0 12 0 0 0 0 0 0 6 0 3 5 206 239 132 31 65 13 0 10 37 54 137 250 239 106 0 3 11 0 2 0 0 0 0 0 0 0 1 1 2 2 2 7 2 0 6 0 0 10 0 38 243 245 36 0 0 9 0 0 0 0 0 0 0 0 1 1 2 2 2 0 0 2 0 3 0 11 29 174 246 90 0 0 22 0 5 0 0 0 0 0 0 0 0 1 1 1 1 0 0 0 8 1 10 92 196 255 177 21 19 0 4 0 0 0 0 0 0 0 0 0 0 0 0 0 1 10 3 17 42 108 242 254 247 118 13 0 0 0 0 21 0 0 0 0 0 0 0 0 0 0 0 0 0 2 10 219 241 255 214 126 70 8 0 28 0 14 0 0 1 0 0 0 0 0 0 0 0 0 0 0 0 0 216 254 255 112 123 200 130 64 7 0 0 6 0 0 15 0 0 0 0 0 0 0 0 0 0 0 0 10 84 255 226 255 255 255 254 255 150 14 0 0 5 4 0 0 0 0 0 0 0 0 0 0 0 0 0 0 9 67 75 54 42 0 89 169 255 122 5 2 0 5 0 0 0 0 0 0 0 0 0 0 0 0 0 0 1 16 0 6 3 1 0 18 237 221 31 13 4 0 6 0 0 0 0 0 0 0 0 0 0 0 0 14 0 0 0 6 0 0 1 0 45 244 186 0 2 0 0 0 0 0 0 0 0 0 0 0 0 0 0 0 9 17 12 0 0 2 6 1 4 182 254 56 0 20 7 0 0 0 0 0 0 0 0 0 0 0 0 0 0 0 0 0 14 15 0 0 11 91 240 176 0 1 0 0 0 0 0 0 0 0 0 0 0 0 0 15 4 0 7 5 0 3 5 12 0 128 255 161 14 0 13 0 0 0 0 0 0 0 0 0 0 0 0 0 6 0 0 6 0 48 71 0 26 196 234 16 0 0 5 0 0 0 0 0 0 0 0 0 0 0 0 0 11 0 14 146 178 221 194 60 173 245 189 0 3 9 0 0 0 0 0 0 0 0 0 0 0 0 0 1 0 0 60 244 247 255 244 249 252 225 101 0 6 0 6 0 0 0 0 0 0 0 0 0 0 0 0 6 0 0 18 69 142 216 255 198 115 27 0 0 9 5 0 0 0 0 0 0 0 0 0 0 0 0 0 8 4 0 0 0 0 0 0 3 0 0 6 3 0 0 1 0 0 0 0 0 0 0 0 0 0 0 0 0 0 0 7 10 9 5 2 0 0 0 0 0 0 0 11 0 0 0 0 0 0 0 0 0 0 0 0 10 6 1 0 0 0 0 0 14 1 0 0 7 6 1 0 0 0 0 0
6 0 2 0 0 0 16 0 0 9 0 0 2 1 3 1 0 0 2 3 3 3 0 0 0 0 0 0 0 0 9 8 4 0 6 3 8 0 0 10 0 12 0 0 0 0 0 0 0 0 2 3 0 0 0 0 0 0 5 1 4 0 0 3 0 0 5 0 6 0 12 4 5 4 2 0 0 0 0 1 0 0 0 0 4 1 0 0 5 4 0 0 0 21 0 0 0 6 7 0 0 0 3 5 3 0 0 0 0 0 0 0 0 0 1 1 5 0 4 75 144 190 250 165 147 119 32 8 0 0 0 0 2 0 0 0 0 0 0 0 0 0 0 6 0 0 47 222 230 255 233 248 255 244 255 178 22 7 0 0 0 0 0 3 0 0 0 0 3 0 0 0 0 0 41 222 255 113 30 73 63 253 236 255 41 17 0 0 1 0 0 0 0 0 0 0 0 5 0 0 10 7 0 83 157 0 1 3 10 27 220 219 25 2 0 0 5 3 0 0 0 0 0 0 0 0 0 0 0 0 0 0 0 5 0 9 0 5 133 249 113 5 1 0 1 0 0 4 0 0 0 0 0 0 0 0 0 0 0 0 2 0 14 2 0 31 155 248 254 42 2 14 0 0 15 0 0 0 0 0 0 0 0 0 0 0 0 0 0 19 101 159 154 241 253 249 163 4 13 0 0 15 0 7 0 0 0 0 0 0 0 0 0 0 0 0 1 2 157 246 255 244 249 212 16 5 0 9 15 0 2 0 0 0 0 0 0 0 0 0 0 0 0 0 8 0 22 135 158 234 255 237 114 25 0 4 10 7 0 0 0 0 0 0 0 0 0 0 0 0 0 0 0 6 17 0 1 36 192 250 255 194 22 0 0 0 21 0 0 0 0 0 0 0 0 0 0 0 0 0 5 0 0 15 0 0 68 197 248 253 191 78 1 4 0 4 0 0 0 0 0 0 0 0 0 0 0 0 0 10 18 0 5 6 0 23 91 142 255 217 34 0 0 3 0 0 0 0 0 0 0 0 0 0 0 0 4 4 0 0 3 9 0 0 4 0 148 255 92 4 3 0 0 0 0 0 0 0 0 0 0 0 0 0 0 0 0 22 0 0 5 0 0 10 128 245 95 0 0 7 0 0 0 0 0 0 0 0 0 0 0 0 2 6 79 0 15 0 0 14 23 0 210 255 190 8 8 0 0 0 0 0 0 0 0 0 0 0 0 0 0 87 252 193 10 2 0 7 19 150 255 255 194 0 0 16 0 0 0 0 0 0 0 0 0 0 0 0 0 126 249 187 31 0 38 127 249 255 245 76 19 11 0 0 0 0 0 0 0 0 0 0 0 0 0 0 16 1 255 249 217 184 221 244 243 255 131 0 31 0 6 12 0 0 0 0 0 0 0 0 0 0 0 0 0 0 192 252 252 255 243 255 255 134 18 4 0 12 0 6 0 0 0 0 0 0 0 0 0 0 0 0 6 0 14 108 133 132 255 169 97 12 0 13 4 0 10 0 0 0 0 0 0 0 0 0 0 0 0 0 0 0 0 0 0 0 0 0 0 0 0 0 0 0 0 0 0 0 0 0 0 0 0 0 0 0 0 0 0 0 0 0 0 0 0 0 0 0 0 0 0 0 0 0 0 0 0 0 0 0 0 0 0 0 0 0 0 0 0 0 0 0 0 0 0 0 0 0 0 0 0 0 0 0 0 0 0 0 0 0 0 0 0 0 0 0 0 0 0 0 0 0 0 0 0 0 0 0 0 0 0 0 0 0
0 0 0 0 0 0 0 0 6 0 0 7 6 0 10 2 5 0 0 8 16 0 0 5 0 0 0 0 0 0 0 0 0 0 0 0 0 0 17 0 0 6 0 0 0 7 3 0 0 7 5 0 0 0 0 0 0 0 0 0 0 0 0 0 0 0 0 0 19 4 0 0 0 2 1 0 0 0 0 4 0 0 0 0 0 0 0 0 0 0 0 0 0 23 9 0 0 0 0 16 1 0 2 10 2 0 0 2 0 0 0 0 0 0 0 0 0 0 0 0 5 0 0 64 196 235 114 0 0 0 4 0 0 5 8 0 0 0 0 0 0 0 0 0 0 0 0 0 8 9 0 210 254 255 255 219 54 3 0 0 0 0 4 0 0 0 0 0 0 0 0 0 0 0 0 0 0 3 98 243 200 29 201 255 178 46 0 5 10 0 0 7 0 0 0 0 0 0 0 0 0 0 0 0 0 8 101 255 0 6 9 174 255 114 5 0 1 2 4 0 0 0 0 0 0 0 0 0 0 0 0 0 0 13 91 246 0 8 0 65 255 204 0 5 13 0 7 0 0 0 0 0 0 0 0 0 0 0 0 0 4 0 124 242 0 1 12 51 232 233 0 0 2 0 0 3 0 0 0 0 0 0 0 0 0 0 0 0 4 0 15 40 0 20 0 112 255 205 7 0 3 5 5 8 0 0 0 0 0 0 0 0 0 0 0 0 11 0 11 107 181 226 191 255 249 69 13 0 0 1 6 0 0 0 0 0 0 0 0 0 0 0 0 0 0 8 105 255 255 255 252 255 228 20 0 2 0 0 6 0 0 0 0 0 0 0 0 0 0 0 0 0 0 10 5 125 181 171 141 147 255 155 4 3 9 0 6 6 0 0 0 0 0 0 0 0 0 0 0 0 0 0 0 22 3 0 3 24 202 255 70 0 0 0 0 0 0 0 0 0 0 0 0 0 0 0 0 0 7 0 2 0 3 5 0 0 57 252 173 6 0 0 2 3 0 0 0 0 13 0 5 2 1 0 0 0 6 0 3 6 0 1 3 0 30 255 199 2 9 0 0 13 0 0 0 0 0 0 0 2 0 7 10 4 0 12 7 0 5 13 0 0 16 209 243 11 0 7 0 0 0 0 0 0 3 13 1 17 0 0 25 75 0 0 0 0 9 0 0 12 35 245 232 32 13 0 19 0 0 0 0 0 0 0 0 15 0 4 52 233 22 0 6 0 0 10 13 0 60 255 217 0 0 0 0 0 0 0 0 0 14 12 0 2 0 0 5 242 113 13 0 6 2 0 0 7 147 255 162 4 0 11 14 4 0 0 0 0 0 0 0 0 7 14 0 162 250 144 42 0 1 1 56 178 255 198 13 10 0 0 21 0 0 0 0 0 3 16 2 0 7 2 0 32 186 245 249 187 184 223 232 246 229 59 0 3 7 10 0 10 0 0 0 0 0 1 0 6 3 0 15 0 0 68 189 244 250 255 210 146 7 0 7 0 1 4 0 0 0 0 0 0 0 0 0 0 0 0 0 0 0 0 0 0 0 0 0 0 0 0 0 0 0 0 0 0 0 0 0 0 0 0 0 0 0 0 0 0 0 0 0 0 0 0 0 0 0 0 0 0 0 0 0 0 0 0 0 0 0 0 0 0 0 0 0 0 0 0 0 0 0 0 0 0 0 0 0 0 0 0 0 0 0 0 0 0 0 0 0 0 0 0 0 0 0 0 0 0 0 0 0 0 0 0 0 0 0 0 0 0 0 0 0 0
4 0 0 0 0 0 0 1 0 11 0 5 10 0 3 0 0 0 0 0 14 0 0 0 0 0 0 0 0 9 9 0 0 10 11 0 2 9 0 0 0 0 4 6 8 6 1 5 0 0 0 15 0 0 0 0 4 0 0 0 0 0 0 2 0 2 12 0 5 14 0 0 0 0 0 5 0 5 2 0 0 0 0 0 6 0 0 5 6 0 0 6 0 0 0 0 0 0 0 7 9 4 11 0 0 0 11 0 0 0 0 0 0 3 7 1 0 5 3 0 6 21 0 12 6 0 0 9 0 0 0 8 0 0 0 8 0 0 0 0 0 0 5 3 0 0 1 17 47 109 148 226 235 169 154 132 75 45 0 15 0 16 0 4 0 0 0 0 6 0 0 3 0 1 63 136 255 255 252 255 255 240 249 255 251 205 77 0 0 7 0 2 0 0 0 0 0 8 8 0 0 64 180 255 254 251 249 239 245 251 242 254 250 255 192 0 5 0 17 0 0 0 0 0 1 0 8 0 5 53 255 254 216 105 49 0 0 0 5 73 255 241 246 25 9 0 0 7 0 0 0 0 0 0 9 7 8 1 155 207 0 20 0 19 15 0 0 102 253 255 203 0 0 0 8 0 0 0 0 0 11 5 0 0 0 0 109 214 26 0 4 0 0 0 30 220 251 251 7 0 8 13 0 0 0 0 0 0 0 1 7 3 5 0 0 8 8 0 2 2 13 17 155 255 255 176 5 3 10 0 0 11 0 0 0 0 3 0 0 0 0 17 3 0 0 1 9 0 41 221 253 255 226 82 80 16 0 5 20 0 0 0 0 0 9 0 0 6 0 2 0 0 3 9 13 144 255 249 238 251 255 255 255 190 84 8 0 3 0 0 0 0 2 0 0 2 1 0 6 5 0 115 241 238 255 253 250 255 247 249 253 241 255 78 0 1 0 0 0 0 0 11 2 0 6 0 2 0 1 153 251 240 149 158 180 149 163 75 167 255 254 205 0 4 0 0 0 0 0 4 0 0 4 0 0 0 0 11 9 6 0 9 0 0 0 13 27 241 255 207 4 1 0 0 0 0 1 0 0 2 2 0 0 5 0 0 6 23 0 0 16 0 0 0 235 255 248 120 0 6 0 0 0 0 6 0 0 4 0 0 2 4 21 0 0 0 0 10 11 0 31 139 229 250 246 24 0 2 0 0 0 0 4 0 4 1 0 3 0 0 0 3 12 2 0 5 0 31 162 240 255 253 136 15 6 6 0 0 0 0 0 0 9 0 0 9 0 0 2 20 0 14 0 81 165 255 255 255 217 91 0 0 0 0 0 0 0 0 0 0 9 0 0 7 0 31 131 185 6 73 213 255 237 254 248 205 36 0 3 0 13 6 0 0 0 0 1 0 5 0 3 0 2 96 248 255 231 255 249 243 255 209 89 16 0 28 0 0 0 0 0 0 0 0 6 0 0 0 7 0 6 148 255 253 255 244 255 204 97 8 0 0 9 0 3 1 1 0 0 0 0 0 0 0 2 3 0 0 12 29 152 192 189 116 39 10 7 4 0 0 0 0 0 0 0 0 0 0 0 0 0 0 2 3 0 0 1 11 0 5 2 0 0 0 0 0 0 0 0 0 0 0 0 0 0 0 0 0 0 0 1 3 0 0 0 0 1 0 0 1 9 8 6 9 0 0 0 0 0 0 0 0 0 0 0 0 0 0 0 2 4 2 0 0 1 0 5 8 0 0 0 5 0 0 0 0 0 0 0 0 0 0 0 0
0 4 0 14 0 0 0 2 0 0 0 1 10 0 0 2 1 2 0 0 5 6 0 0 0 0 0 0 2 1 0 0 0 8 10 0 2 12 3 0 0 0 0 3 0 0 5 10 2 0 0 12 0 0 0 0 4 0 0 0 0 1 4 0 0 0 0 0 5 9 2 0 6 0 0 3 0 0 2 2 0 0 0 0 1 0 0 9 0 0 1 19 9 0 3 4 0 0 0 5 8 3 2 0 0 9 10 0 0 0 0 0 0 8 2 5 0 22 0 0 3 0 0 0 0 11 3 0 0 0 9 9 0 0 1 0 0 0 0 0 0 11 0 0 91 238 255 255 233 219 201 96 1 0 0 4 7 0 0 0 8 0 0 6 0 0 0 0 0 6 7 4 165 255 244 238 255 232 252 246 242 251 191 136 119 98 29 0 4 5 0 1 0 0 0 0 3 0 6 1 200 254 245 255 196 163 225 255 252 254 246 255 253 250 135 6 0 8 0 5 0 0 0 0 0 0 3 7 11 15 18 20 9 5 16 2 20 37 5 44 219 255 245 85 5 0 12 1 0 0 0 0 0 0 0 0 1 2 2 3 0 1 10 3 8 0 11 33 206 251 255 87 0 7 0 8 0 0 0 0 2 2 1 0 0 0 0 0 16 0 0 0 2 0 0 22 214 245 180 14 0 0 22 0 0 0 0 0 2 2 2 2 1 1 1 0 10 0 19 5 0 12 23 189 198 186 58 67 0 0 0 0 0 0 0 0 0 0 0 0 0 0 0 0 0 0 8 0 32 24 54 254 72 0 0 0 1 0 6 4 0 0 0 0 0 0 0 0 0 0 0 0 7 0 4 52 221 142 142 190 53 22 38 39 11 2 0 0 0 0 0 0 3 3 2 2 1 0 0 0 0 0 0 40 146 42 15 0 0 5 47 89 96 0 0 16 0 0 0 0 0 0 0 0 0 1 1 2 2 4 0 0 8 1 0 5 0 10 0 11 77 184 28 0 0 0 0 0 0 0 0 0 0 0 0 0 9 0 15 4 0 6 0 8 0 12 0 0 15 135 223 0 0 0 0 0 0 0 0 0 0 0 0 0 0 16 0 7 5 2 6 0 6 0 0 4 0 3 164 82 0 0 0 0 0 0 0 0 0 0 0 0 6 0 51 0 6 0 0 19 0 5 8 0 11 0 60 93 0 0 0 0 0 0 0 0 0 0 0 0 5 43 210 27 0 14 0 0 1 5 0 0 10 0 123 227 0 0 0 0 0 0 0 0 0 0 0 0 0 177 255 162 46 13 0 3 0 1 5 0 0 41 219 125 0 0 0 0 0 0 0 0 0 0 0 0 0 207 253 255 255 167 92 52 15 18 24 12 42 243 230 49 0 0 0 0 0 0 0 0 0 0 0 0 0 162 255 231 255 240 254 254 255 245 255 255 238 249 47 1 0 0 0 0 0 0 0 0 0 0 0 0 4 0 89 224 255 248 255 252 255 245 248 251 240 45 2 0 0 0 0 0 0 0 0 0 0 0 0 0 0 0 0 3 45 102 128 123 119 128 107 53 9 0 0 0 0 0 0 0 0 0 0 0 0 0 0 0 4 5 0 0 0 12 11 0 0 11 14 0 0 0 4 3 0 0 0 0 0 0 0 0 0 0 0 0 0 0 3 2 0 0 0 0 0 0 0 0 0 0 0 0 0 0 0 0 0 0 0 0 0 0 0 0 0 0 3 5 3 0 3 9 6 2 0 2 2 0 0 0 0 0 0 0
0 2 3 1 3 0 0 4 2 0 2 7 0 0 6 2 4 0 0 3 7 2 0 0 0 0 0 0 9 0 0 0 4 2 1 5 0 2 2 0 7 0 0 0 0 6 11 0 0 0 4 8 0 0 0 0 4 0 0 6 2 0 0 0 14 0 0 0 17 1 1 3 8 1 1 9 8 0 0 0 0 0 0 0 0 0 5 6 0 0 5 0 0 0 11 2 8 0 0 9 1 0 0 0 6 3 0 0 0 0 0 0 1 5 6 0 0 4 9 3 0 0 18 0 0 1 14 0 2 13 11 0 0 0 5 1 0 0 0 0 0 3 0 0 5 0 0 0 86 166 123 22 0 2 0 14 8 0 0 4 11 0 0 2 0 0 0 0 0 1 0 2 11 0 12 89 248 232 255 213 20 44 123 92 83 30 0 0 10 3 0 3 0 0 0 0 5 9 0 0 5 0 89 255 255 228 198 250 247 255 243 248 255 235 135 16 0 5 15 0 0 0 0 0 0 3 0 0 4 96 246 248 255 252 255 244 173 155 139 155 152 255 249 112 11 4 0 2 0 0 0 0 4 4 0 8 86 236 255 255 226 201 126 1 5 0 0 7 0 14 220 255 105 0 7 9 0 0 0 0 0 0 0 87 255 255 236 199 69 0 0 0 8 0 7 0 5 0 103 245 225 40 15 0 0 0 0 0 0 22 1 169 241 144 20 0 0 16 24 0 0 8 0 7 0 0 14 148 255 157 0 23 0 0 0 0 7 0 4 2 58 14 0 9 4 0 0 0 6 7 0 1 1 23 0 206 234 162 10 0 0 0 0 0 0 9 0 13 0 0 0 2 6 0 14 3 0 0 15 0 0 49 239 255 195 48 13 0 0 0 0 0 0 9 0 7 11 0 23 0 4 9 0 0 0 10 75 208 201 255 254 169 22 0 0 4 0 0 0 0 1 0 1 0 0 12 0 0 0 12 0 9 29 205 249 255 251 252 203 29 9 7 0 0 0 0 0 0 0 5 4 0 0 0 9 0 0 5 0 3 26 149 108 106 145 255 240 203 61 9 2 0 0 0 0 0 16 0 0 5 6 9 0 6 6 5 6 0 0 17 0 8 7 16 147 239 253 77 0 16 0 0 0 0 0 9 10 4 0 0 0 0 0 0 0 0 5 0 1 0 0 0 0 65 220 227 90 0 0 0 0 0 8 10 0 0 0 0 18 11 12 0 0 0 1 0 15 0 0 20 0 0 125 249 220 0 0 0 0 0 5 0 20 0 17 95 48 0 0 4 0 7 0 0 0 0 0 10 0 19 19 249 242 11 0 0 0 0 6 0 0 26 0 75 255 192 155 122 52 34 0 2 0 12 19 0 12 0 124 255 181 0 0 0 0 0 4 0 7 0 13 10 21 217 252 255 239 224 190 148 31 17 91 91 111 159 255 226 48 12 0 0 0 0 0 7 0 8 3 0 13 0 32 127 201 216 245 255 170 170 255 255 255 255 205 81 4 0 0 0 0 0 0 0 0 0 0 0 0 0 5 0 0 15 38 53 53 48 56 63 63 45 17 0 0 5 0 0 0 0 0 0 0 0 0 0 0 0 0 0 0 0 1 4 2 0 1 6 9 5 0 0 0 0 0 0 0 0 0 0 0 0 0 0 0 0 3 4 5 3 0 0 0 0 0 0 0 0 2 4 5 5 0 0 0 0 0 0 0 0 0 0 0 0 0 0 2 2 0 0 3 7 4 1 0 0 1 2 0 0 0 0 0 0
5 4 0 12 0 6 0 0 0 0 0 0 0 0 0 0 0 0 3 0 8 3 0 9 0 0 0 0 0 0 0 4 0 0 0 6 1 1 1 1 3 4 5 6 6 1 1 0 0 7 4 0 0 0 0 0 12 2 9 6 0 0 1 0 1 0 0 0 0 0 0 0 0 0 6 8 0 0 10 0 0 0 0 0 0 0 0 0 0 0 5 2 7 6 5 4 2 1 1 0 0 5 1 9 0 0 3 3 0 0 0 0 0 9 2 1 0 0 0 2 0 0 0 0 0 0 0 0 7 15 0 0 6 4 0 4 0 0 0 0 0 7 0 0 14 4 0 7 1 2 2 3 2 0 0 0 0 0 8 0 1 12 0 1 0 0 0 0 0 6 10 5 145 145 144 141 148 146 144 142 141 142 143 144 46 0 12 7 0 8 0 3 0 0 0 0 5 0 0 0 241 250 250 219 217 215 214 215 221 229 238 244 206 9 0 2 0 11 0 5 0 0 0 0 0 0 1 5 41 163 195 43 0 12 0 0 2 0 198 255 242 53 14 0 1 0 6 0 0 0 0 0 0 0 0 6 0 2 54 54 7 0 0 4 29 115 255 225 220 26 0 4 22 2 0 0 0 0 0 0 12 8 0 0 8 0 0 12 0 0 10 0 145 248 234 255 96 3 2 2 0 0 0 8 0 0 0 0 0 11 6 0 10 8 0 0 5 22 91 190 255 255 240 136 9 0 6 6 0 20 9 0 0 0 0 0 0 0 6 2 0 0 1 8 0 171 255 243 254 255 255 237 208 97 22 7 0 0 0 15 0 0 0 0 19 0 0 0 0 16 12 0 9 72 255 255 211 134 34 138 207 251 217 80 0 0 13 0 0 0 0 0 0 0 16 0 0 6 0 0 5 0 11 2 0 13 5 0 20 114 238 255 197 34 0 0 0 0 0 0 5 0 8 0 6 3 0 10 0 0 2 5 3 0 0 11 0 1 94 208 255 102 12 0 0 0 0 0 2 0 0 0 7 1 3 0 7 3 0 0 2 0 0 4 3 3 0 57 255 254 83 9 0 0 0 0 0 9 0 9 0 0 2 2 0 2 1 0 10 15 3 0 1 1 21 8 118 255 215 15 0 0 0 0 0 0 0 0 9 0 5 0 0 5 9 7 0 0 0 10 0 0 0 15 56 243 255 132 0 0 0 0 2 4 9 0 0 1 4 11 14 0 0 0 10 6 0 0 0 35 0 0 2 222 252 190 0 0 0 0 17 0 0 2 6 42 64 145 190 125 35 0 0 9 0 0 0 0 0 5 17 222 255 119 0 0 0 0 0 26 0 3 8 243 249 255 250 122 2 0 5 0 0 17 9 0 0 13 161 248 254 139 0 0 0 0 27 0 8 0 142 160 253 247 255 232 225 224 169 93 115 206 195 133 216 240 249 252 253 28 0 0 0 0 0 15 0 9 18 13 42 8 23 27 23 22 28 25 22 29 30 22 18 18 28 17 37 0 0 0 0 0 0 0 0 0 0 0 0 0 0 0 0 0 0 0 0 0 0 0 0 0 0 0 0 0 0 0 0 0 0 0 0 0 0 0 0 0 0 0 0 0 0 0 0 0 0 0 0 0 0 0 0 0 0 0 0 0 0 0 0 0 0 0 0 0 0 0 0 0 0 0 0 0 0 0 0 0 0 0 0 0 0 0 0 0 0 0 0 0 0 0 0 0 0 0 0 0 0 0 0 0 0 0 0 0 0 0 0 0 0 0 0 0
0 0 0 0 0 0 0 0 8 0 3 0 4 0 12 0 0 3 0 12 0 10 3 1 0 0 0 0 0 0 0 0 0 0 0 0 0 9 11 0 4 0 0 0 0 4 0 0 22 0 6 2 0 0 0 0 0 0 0 0 0 0 0 0 0 0 0 17 0 1 0 4 15 0 2 0 0 0 2 0 0 0 0 0 0 0 0 0 0 0 0 0 0 0 20 0 1 3 22 0 23 157 251 57 20 0 0 12 0 0 0 0 0 0 0 0 0 0 0 0 1 16 0 0 6 0 29 172 255 255 250 157 41 20 9 0 0 0 0 0 0 0 0 0 0 0 0 0 0 0 1 21 38 171 251 240 253 251 255 249 206 0 0 3 0 0 0 0 0 0 0 0 0 0 0 0 0 0 1 0 240 250 223 141 78 128 243 255 153 0 19 0 0 0 0 0 0 0 0 0 0 0 0 0 3 0 4 9 65 65 41 0 8 15 245 245 202 18 0 2 0 0 0 0 9 0 0 1 0 0 4 1 0 3 0 1 0 6 0 1 0 103 255 235 39 21 0 0 0 0 0 0 0 0 0 0 0 2 1 0 13 6 0 0 0 0 0 1 75 194 248 160 11 0 15 0 0 0 0 0 0 11 9 0 3 5 0 0 0 0 9 15 0 37 129 204 238 246 255 253 68 0 0 4 0 0 0 0 0 6 0 0 0 0 0 3 10 0 0 43 108 237 255 246 185 166 255 244 248 88 0 0 0 0 0 0 3 0 0 4 7 0 0 10 0 10 89 247 254 249 167 123 6 7 190 255 245 88 8 9 0 0 0 0 8 0 1 11 4 0 0 0 2 0 62 225 196 111 8 6 0 6 0 200 255 194 4 0 0 0 0 0 0 0 0 0 0 5 19 0 0 4 0 0 0 1 0 0 6 10 0 166 249 255 80 0 0 0 0 0 10 0 8 4 0 51 87 44 3 0 4 0 17 0 2 0 0 3 0 205 250 251 0 7 0 0 0 0 0 0 0 10 52 255 128 0 0 0 11 12 0 0 12 0 5 0 15 200 236 238 19 0 0 0 0 0 6 2 0 63 255 255 98 0 5 7 0 0 15 10 0 5 0 9 23 253 255 90 0 0 0 0 0 0 0 13 0 104 255 237 144 17 0 8 14 0 0 0 0 0 0 47 148 225 182 43 0 5 0 0 0 0 3 0 0 183 255 255 223 102 5 0 0 0 1 7 10 0 23 77 255 196 49 0 0 7 0 0 0 0 0 0 6 90 236 255 255 238 224 168 63 9 14 0 0 64 111 244 187 18 0 1 0 0 0 0 0 0 9 1 0 9 177 233 252 255 248 255 248 223 222 226 228 236 177 122 4 0 7 0 6 6 0 0 0 0 0 0 2 3 0 18 90 220 251 250 255 255 240 255 252 164 7 0 0 11 0 5 0 0 0 0 0 0 0 0 7 0 0 3 0 7 5 0 0 0 3 1 0 0 0 3 2 5 0 1 0 6 0 0 0 0 0 0 0 0 0 0 0 0 0 0 0 0 0 0 0 0 0 0 0 0 0 0 0 0 0 0 0 0 0 0 0 0 0 0 0 0 0 0 0 0 0 0 0 0 0 0 0 0 0 0 0 0 0 0 0 0 0 0 0 0 0 0 0 0 0 0 0 0 0 0 0 0 0 0 0 0 0 0 0 0 0 0 0 0 0 0 0 0 0 0 0 0 0 0 0 0 0 0 0 0 0 0 0 0 0 0 0 0 0 0 0 0
0 0 0 4 5 2 0 0 0 1 0 2 0 0 2 2 0 3 0 4 0 0 8 0 0 0 0 0 9 4 0 0 0 0 0 1 4 0 12 0 2 2 0 0 0 7 0 3 4 0 12 5 0 0 0 0 0 0 0 1 3 5 6 7 0 0 8 0 0 3 0 0 0 3 0 0 4 0 0 0 0 0 0 0 0 0 1 0 0 0 0 0 8 6 9 2 5 1 1 0 0 7 0 1 10 6 3 9 0 0 0 0 0 4 3 0 0 4 9 9 0 2 0 6 0 0 1 3 6 3 0 0 0 0 0 0 0 0 0 0 0 2 7 3 0 2 2 0 3 2 0 4 2 0 1 3 0 0 4 7 3 11 6 2 0 0 0 0 0 4 5 0 0 0 5 3 0 0 26 0 6 7 0 0 17 0 10 7 0 0 4 0 0 0 0 0 0 2 0 0 13 61 108 133 136 116 227 150 225 255 254 255 217 142 115 57 0 0 5 0 0 0 0 0 0 5 0 0 6 110 255 255 255 246 255 255 255 242 252 250 254 255 255 221 9 0 0 3 0 0 0 0 0 4 1 4 0 26 124 131 134 146 170 221 132 143 173 255 248 251 252 224 3 12 16 0 0 0 0 0 2 4 0 6 0 0 16 10 0 24 0 8 13 0 3 181 255 250 246 204 0 0 7 0 0 0 0 0 5 4 0 3 10 0 0 0 0 0 1 0 11 25 87 208 243 255 179 3 20 0 0 14 0 0 0 0 0 5 0 1 3 0 0 9 2 0 7 9 64 202 255 254 255 176 17 0 0 29 0 5 0 0 0 0 0 6 3 0 0 0 0 0 10 0 24 117 246 255 238 200 143 10 1 11 13 0 16 0 0 0 0 0 6 0 0 0 1 5 0 0 0 75 216 240 255 253 255 80 0 18 6 0 6 0 0 4 0 0 0 0 0 0 6 9 0 0 7 27 129 237 249 255 242 251 255 211 174 58 0 12 1 0 5 0 0 0 0 0 0 3 2 0 2 0 130 214 255 251 246 232 198 178 207 255 255 246 113 0 0 7 1 3 0 0 0 0 0 3 3 0 13 22 173 255 255 190 104 40 1 0 31 75 219 252 226 98 0 0 7 0 0 0 0 0 0 2 1 0 10 0 44 59 53 21 0 0 3 0 0 6 103 250 255 195 0 0 12 0 0 0 0 0 0 0 0 0 16 0 15 0 18 3 0 0 1 0 0 5 11 242 243 233 0 0 2 6 0 0 0 0 2 8 7 0 0 0 0 0 0 0 3 11 8 0 0 3 3 181 244 235 5 7 0 0 0 0 0 0 0 0 5 6 11 8 9 4 14 7 0 0 0 0 2 6 3 67 255 224 0 9 0 0 0 0 0 0 14 0 0 0 0 0 0 0 0 0 0 0 3 4 0 0 0 37 255 225 0 5 3 2 0 0 0 0 0 0 4 7 2 3 0 10 0 2 3 1 0 2 2 0 7 107 244 244 1 0 0 0 0 0 0 0 0 0 0 0 0 0 0 0 0 0 0 0 0 0 0 0 20 226 242 244 1 0 1 0 0 0 0 0 0 0 0 0 0 0 0 0 0 0 0 0 0 1 3 4 48 238 255 231 4 0 3 0 0 0 0 0 0 0 0 0 0 0 0 0 0 0 0 0 1 3 5 6 205 255 238 169 4 5 1 0 0 0 0 0 0 0 0 0 0 0 0 0 0 0 0 0 0 2 3 4 6 3 0 6 0 4 1 7 0 0 0 0
0 0 0 0 0 0 0 0 0 0 1 1 2 2 0 0 0 6 0 2 3 10 0 0 0 0 0 0 0 0 0 0 0 0 0 0 2 0 0 0 0 3 5 2 9 1 17 3 0 0 0 4 0 0 0 0 0 0 0 0 0 0 0 0 6 0 0 13 8 0 0 2 3 0 5 0 0 0 9 1 0 0 0 0 0 0 0 0 0 0 0 0 0 8 6 0 0 10 12 0 5 3 9 9 15 0 2 0 0 0 0 0 0 0 0 0 0 0 0 0 5 0 0 3 2 0 0 3 0 15 0 0 8 0 4 14 0 0 0 0 0 0 0 0 0 0 0 0 8 0 2 8 0 2 59 128 208 146 13 10 6 0 0 1 0 0 0 0 0 0 0 0 0 0 0 0 0 12 8 0 27 136 230 255 255 111 5 0 0 4 3 0 0 0 0 0 0 0 0 0 0 0 0 0 14 0 0 94 204 255 255 249 146 0 0 4 0 5 5 0 0 0 0 0 0 0 0 0 0 0 0 0 0 7 127 236 255 246 255 247 204 14 13 0 7 6 0 0 0 0 0 0 0 0 0 0 0 0 0 0 0 0 142 253 243 214 196 254 253 144 6 1 0 0 0 5 0 0 0 0 0 0 0 0 0 0 0 0 9 0 35 50 32 4 0 197 255 158 0 10 0 0 2 1 0 0 0 0 0 0 0 0 0 0 0 0 0 9 0 0 12 0 94 253 232 53 0 3 2 4 3 0 0 0 0 0 0 0 0 0 0 0 0 0 0 13 11 0 4 0 255 248 163 0 9 0 2 0 0 2 0 0 0 0 0 0 0 0 0 0 0 0 15 0 0 9 6 214 254 236 40 2 0 0 3 1 0 4 0 0 0 0 0 0 0 0 0 0 0 0 0 12 27 63 234 247 247 102 2 0 0 7 0 4 0 0 0 0 0 0 0 0 0 0 0 0 0 0 9 118 253 246 255 246 247 255 82 0 2 12 0 0 9 0 0 0 0 0 0 0 1 0 0 0 0 1 42 242 246 255 232 102 215 255 218 33 0 4 0 8 0 0 0 0 0 0 0 0 1 0 0 0 0 1 6 151 179 56 1 3 30 222 245 113 6 0 9 0 7 0 0 0 0 0 0 0 1 0 0 0 0 1 0 12 8 3 0 2 0 206 255 146 9 0 5 0 8 0 0 0 0 0 0 0 0 0 0 0 0 0 0 2 0 14 0 4 2 101 255 144 6 3 0 0 1 0 0 0 0 0 1 0 0 0 0 1 0 0 5 0 21 2 0 13 0 66 255 206 3 10 0 3 3 0 0 0 0 0 2 0 0 0 1 2 1 0 4 0 0 0 8 0 8 170 255 255 0 0 5 0 7 0 0 0 0 0 3 0 0 0 2 3 1 0 0 22 0 0 1 22 109 232 239 182 0 0 0 0 1 0 0 0 0 0 3 1 0 0 2 3 2 0 1 0 0 52 116 222 255 255 223 36 7 10 0 6 0 0 0 0 0 0 0 0 10 0 0 64 89 24 106 91 111 130 153 224 244 177 9 6 2 0 0 0 0 1 0 0 0 0 8 0 0 3 0 8 21 0 8 0 5 4 0 13 24 0 7 5 1 0 0 0 0 1 0 0 0 0 7 0 0 9 0 0 0 0 0 0 2 7 0 0 0 1 3 2 1 0 0 0 0 0 0 0 0 0 0 4 6 4 5 4 3 6 4 0 0 3 8 1 0 7 0 0 0 1 1 1 0 0 0 0 0 0
0 0 0 0 0 0 0 0 0 0 0 14 0 0 3 0 0 14 0 0 11 2 0 0 0 0 0 0 0 0 0 0 0 0 0 0 11 0 0 6 0 4 0 6 0 0 1 0 0 0 14 3 0 0 0 0 0 0 0 0 0 0 0 0 0 0 7 0 0 0 0 0 6 0 2 2 0 0 0 0 0 0 0 0 0 0 0 0 0 0 0 0 0 9 3 0 0 7 11 14 1 0 0 13 0 15 0 16 0 0 0 0 0 0 0 0 0 0 0 0 0 10 0 17 0 0 0 0 0 11 7 0 0 7 0 0 0 0 0 0 0 0 0 0 0 0 0 0 1 0 16 117 155 200 246 255 255 255 203 25 0 0 7 10 0 0 0 0 0 0 0 0 0 0 0 0 0 14 170 248 255 255 245 239 245 251 251 97 7 0 4 0 0 0 0 0 0 0 0 0 0 0 0 0 2 30 255 253 250 252 255 255 255 251 255 167 0 6 2 4 0 0 0 0 0 0 0 0 0 0 0 0 2 142 252 255 227 215 215 234 243 255 255 96 8 3 0 2 0 0 0 0 0 0 0 0 0 0 0 0 1 75 145 89 40 0 0 17 37 230 244 129 0 0 5 1 0 0 0 0 0 0 0 0 0 0 0 0 0 0 9 0 3 9 4 0 130 255 255 78 0 25 1 0 0 0 0 0 0 0 0 0 0 0 0 0 10 0 0 19 0 24 78 200 232 255 252 58 13 9 0 9 0 0 0 0 0 0 0 0 0 0 0 0 0 20 5 0 38 221 253 255 255 249 139 14 0 0 0 1 0 0 0 0 0 0 0 0 0 0 0 0 1 0 4 10 138 252 250 245 245 255 248 91 4 0 15 2 0 0 0 0 0 0 0 0 0 0 0 0 7 0 8 0 139 251 252 255 255 228 255 93 0 8 7 0 0 0 0 0 0 0 0 0 0 0 0 0 0 4 5 0 106 213 199 242 251 255 255 213 9 0 2 0 0 0 0 0 0 8 0 0 10 0 0 5 0 15 0 0 0 20 0 34 36 228 250 244 53 0 0 0 0 0 0 0 0 1 2 3 0 0 5 4 0 12 0 9 12 0 3 1 0 131 255 249 33 0 9 7 0 0 0 0 3 0 6 11 0 0 7 0 2 0 2 0 0 0 7 0 18 193 239 228 10 0 0 0 0 0 0 0 9 0 0 6 4 0 0 20 146 0 3 1 12 23 0 0 14 246 252 200 6 0 0 0 0 0 0 0 5 0 0 0 11 0 0 91 243 17 0 0 0 0 43 146 252 255 240 72 0 10 14 0 0 0 0 0 0 3 2 0 8 0 12 149 255 158 131 182 198 197 239 253 255 224 130 10 0 0 0 4 0 0 0 0 0 0 8 0 2 0 9 120 240 255 250 255 241 252 255 248 246 182 16 0 9 6 0 7 0 0 0 0 4 0 7 0 0 4 0 49 252 255 255 255 244 255 235 227 91 0 1 2 0 5 6 0 0 0 0 0 0 0 0 0 0 0 0 0 90 188 255 235 184 145 90 32 0 0 0 0 0 0 0 0 0 0 0 0 0 0 0 0 0 0 0 0 0 3 5 0 0 0 6 11 0 0 0 0 0 0 0 0 0 0 0 0 0 0 0 0 0 0 0 0 11 0 0 0 6 0 0 0 0 0 0 0 0 0 0 0 0 0 0 0 0 0 0 0 0 0 0 0 0 0 4 5 5 3 0 0 0 0 0 0 0 0 0 0 0 0 0 0
0 0 0 0 8 1 0 2 10 0 0 0 0 5 0 3 3 0 0 3 1 0 0 4 0 0 0 0 0 5 6 0 0 0 0 0 0 3 22 0 0 7 2 7 0 0 0 2 8 5 0 0 0 0 0 0 0 0 0 4 4 9 11 1 2 0 0 0 2 0 0 0 9 9 4 0 0 0 2 6 0 0 0 0 10 0 0 6 0 0 0 0 10 7 2 0 0 12 4 0 0 0 2 1 0 3 3 0 0 0 0 0 0 0 1 3 0 0 3 15 0 0 0 8 5 0 0 14 11 7 0 0 4 8 1 0 0 0 0 0 0 8 5 0 8 12 0 0 7 7 0 3 2 0 0 0 0 0 0 0 0 0 1 10 0 0 0 0 2 14 0 0 6 0 0 20 38 138 189 206 241 255 238 131 22 5 0 2 3 0 0 7 0 0 0 0 0 5 0 0 8 0 61 203 255 251 214 206 202 201 234 241 251 145 35 0 0 5 0 0 0 0 0 0 0 8 0 13 0 85 255 246 198 108 9 0 8 0 25 103 224 251 134 13 0 4 5 0 0 0 0 0 0 9 5 0 66 255 185 112 27 13 0 10 0 0 0 10 8 249 246 68 0 0 1 8 0 0 0 0 6 0 9 0 151 255 37 0 0 0 0 6 0 12 6 0 55 255 255 71 0 0 0 0 0 0 0 0 2 0 2 20 209 138 0 3 12 11 7 0 12 55 134 180 255 222 120 22 0 0 5 0 0 0 0 0 3 3 0 1 155 40 13 1 0 0 5 8 163 224 255 238 204 91 11 0 0 0 3 2 0 0 0 0 4 7 1 0 44 0 0 0 9 0 0 6 212 255 213 56 0 0 0 0 4 5 0 5 0 0 0 0 0 0 0 5 0 0 6 12 0 0 4 0 109 230 255 176 12 0 4 0 1 6 0 0 0 0 0 0 5 0 0 6 0 0 8 0 1 0 12 0 0 133 254 244 172 15 0 11 0 0 6 4 0 0 0 0 0 0 0 0 0 0 0 0 0 3 0 2 0 7 109 255 251 77 20 0 2 6 0 7 0 0 0 0 0 0 0 0 0 0 0 0 0 3 0 0 0 0 25 113 255 239 117 8 4 0 0 0 0 0 0 0 0 0 0 0 0 0 0 0 0 1 0 1 10 0 0 33 206 255 239 30 0 1 19 0 0 0 0 0 0 0 0 0 0 0 0 0 0 8 2 0 3 0 0 2 66 253 255 64 6 9 0 3 0 0 0 0 0 0 0 0 0 0 0 0 2 5 0 0 1 2 0 0 0 242 255 181 0 9 11 0 0 0 0 0 0 0 0 0 0 0 0 0 0 0 0 1 6 6 3 0 19 243 255 122 0 0 0 4 0 0 0 0 0 0 0 0 0 0 0 0 7 0 2 6 0 0 4 25 193 251 245 62 6 0 10 0 0 0 0 0 0 0 0 0 0 0 0 0 0 0 15 21 0 4 63 125 242 255 91 0 0 3 0 0 0 0 0 0 0 0 0 0 0 0 0 0 5 0 22 146 220 212 233 255 246 105 0 0 11 4 0 4 0 0 0 0 0 0 0 0 0 0 0 0 4 0 0 77 190 234 186 89 23 1 0 1 1 0 0 0 0 0 0 0 0 0 0 0 0 0 0 0 0 10 6 3 1 1 6 0 0 2 8 0 0 0 9 1 0 0 0 0 0 0 0 0 0 0 0 0 8 0 0 0 6 0 1 11 12 0 0 8 6 3 3 0 0 0 0 0
4 0 2 0 0 3 0 0 0 2 4 2 2 3 0 0 3 2 1 1 1 0 0 0 0 0 0 0 0 0 10 1 1 1 4 0 1 0 0 0 0 6 9 5 0 0 0 0 0 1 4 5 0 0 0 0 2 0 4 0 0 0 12 0 1 6 8 4 1 0 0 0 3 4 5 6 5 3 0 0 0 0 0 0 7 0 0 0 6 0 17 0 0 0 3 0 0 0 1 5 0 0 0 2 1 0 0 1 0 0 0 0 0 0 8 10 14 0 0 8 7 5 0 0 2 5 1 0 1 3 3 1 0 0 2 7 0 0 0 0 10 4 0 0 0 19 105 255 215 164 95 46 31 30 18 1 0 0 0 0 4 5 0 0 0 0 0 0 0 0 3 6 0 0 46 254 255 255 250 250 254 243 210 178 69 37 1 0 0 7 4 0 0 0 0 0 1 0 0 9 0 0 10 243 247 253 255 254 252 254 255 253 255 186 76 6 0 1 5 0 0 0 0 0 0 3 5 1 0 1 13 25 246 241 255 255 252 254 252 254 251 255 170 35 0 0 10 0 0 0 0 0 0 2 4 1 0 0 2 8 35 132 183 148 249 255 250 247 252 248 242 68 5 4 4 0 0 0 0 0 0 1 3 2 0 0 0 0 2 0 0 14 40 183 241 255 255 245 255 80 0 2 0 0 0 0 0 0 0 0 0 2 3 2 0 0 0 31 118 159 228 247 255 255 255 250 242 62 0 0 0 4 0 0 0 0 1 0 0 0 3 5 4 2 2 111 255 255 255 250 255 244 249 250 127 23 4 3 5 0 0 0 0 0 3 1 0 0 0 0 1 1 0 132 236 255 246 253 235 255 255 247 57 0 0 4 9 0 0 0 0 0 1 1 0 0 0 0 0 0 5 9 159 255 255 242 255 255 255 253 123 13 0 0 0 3 0 0 0 0 0 0 3 3 2 1 1 3 0 6 34 164 152 180 156 244 249 255 247 93 12 0 0 5 0 0 0 0 0 0 0 0 0 0 0 0 7 0 3 0 0 0 2 23 35 129 227 193 11 5 0 6 0 0 0 0 0 0 0 0 0 0 0 0 0 0 10 4 0 6 14 0 0 10 135 248 72 0 6 0 0 0 0 0 0 0 0 0 0 0 0 0 163 101 0 0 12 0 0 8 12 0 61 254 176 0 2 6 0 0 0 0 0 0 0 0 0 0 0 0 181 224 113 27 2 3 7 0 0 1 86 251 255 13 0 0 0 0 0 0 0 0 0 0 0 0 0 0 163 242 255 255 203 190 167 81 87 96 202 255 255 0 3 0 0 0 0 0 0 0 0 0 0 0 0 0 21 229 255 254 248 250 230 255 248 237 255 245 254 5 0 13 0 0 0 0 0 0 0 0 0 0 0 0 9 47 151 255 245 255 255 250 255 255 255 241 251 25 0 1 0 0 0 0 0 0 0 0 0 0 0 0 0 20 11 41 97 222 242 255 255 247 251 255 179 0 13 0 0 0 0 0 0 0 0 0 0 0 0 0 1 0 0 1 10 23 36 44 154 224 255 220 97 0 0 6 0 0 0 0 0 0 0 0 0 0 0 0 3 1 0 0 0 1 6 9 0 0 0 0 3 5 2 0 0 0 0 0 0 0 0 0 0 0 0 0 0 0 0 0 0 0 0 0 14 12 6 0 0 0 0 2 0 0 0 0 0 0 0 0 0 0 0 0 0 0 1 2 3 4 4 4 0 0 1 5 4 2 2 4 0 0 0 0
0 6 2 4 0 0 11 0 0 8 5 0 5 0 0 7 0 21 0 4 9 0 1 0 0 0 0 0 7 0 0 11 6 0 0 8 0 0 13 0 0 0 12 0 19 0 17 0 1 0 0 1 0 0 0 0 4 5 0 0 0 13 0 9 0 1 0 0 7 0 2 4 0 5 0 0 3 0 0 9 0 0 0 0 0 10 4 0 0 8 0 0 7 9 0 5 10 3 0 6 0 20 0 9 1 5 0 1 0 0 0 0 0 0 0 14 0 0 13 66 143 189 254 233 224 255 201 58 124 0 14 0 0 3 12 0 0 0 0 0 2 0 0 2 4 43 154 225 255 255 235 156 255 255 190 196 242 94 0 0 2 0 5 0 0 0 0 0 1 6 2 0 0 52 229 255 245 201 200 110 128 252 248 247 255 237 15 0 14 0 0 8 0 0 0 0 3 0 0 14 2 0 158 194 51 9 0 8 21 90 27 236 251 255 115 0 9 0 5 0 0 0 0 0 0 16 1 0 6 2 0 0 0 10 0 9 0 7 30 240 249 255 114 0 10 0 0 6 0 0 0 0 6 3 0 2 0 0 2 5 8 0 0 11 0 0 101 251 241 255 107 1 0 4 0 0 0 0 0 0 8 0 0 7 0 3 8 0 0 15 18 0 21 240 236 255 255 206 35 0 0 19 0 3 0 0 0 0 0 0 4 0 0 8 0 0 4 0 0 66 218 250 252 247 157 90 0 1 0 0 0 5 0 0 0 0 0 8 6 0 2 0 0 60 198 232 159 247 255 255 243 223 0 0 3 14 0 0 0 0 0 0 0 0 0 3 3 0 9 0 14 162 255 234 246 239 248 241 237 151 18 0 0 0 7 0 14 0 0 0 0 0 1 0 4 1 8 0 20 152 249 255 245 255 250 255 237 94 168 97 51 0 8 0 2 0 0 0 0 0 4 0 9 0 0 0 0 50 254 233 255 238 245 255 245 255 249 255 236 113 31 0 3 1 0 0 0 0 1 0 0 2 5 2 0 0 71 87 83 89 85 122 168 253 165 220 255 250 187 31 0 8 0 0 0 0 3 5 5 2 0 0 0 6 0 0 1 12 5 0 0 36 6 210 246 240 255 114 0 0 0 0 0 0 5 0 0 0 6 9 0 0 4 8 3 0 0 9 12 0 0 84 250 255 251 173 33 5 0 0 0 0 0 0 2 0 0 0 7 12 4 0 0 12 4 0 0 0 0 20 82 253 252 255 70 0 0 0 0 0 0 0 2 4 2 0 0 0 0 21 10 19 0 0 21 46 111 67 215 254 255 234 78 19 0 0 0 0 1 0 0 0 2 17 56 95 34 118 117 120 117 156 211 249 246 255 255 255 248 113 0 0 0 0 0 0 0 2 9 0 0 7 119 232 212 255 244 237 255 252 251 236 218 180 252 221 149 10 0 1 0 0 0 0 6 0 0 10 4 0 19 63 66 172 136 36 182 255 250 93 77 94 34 38 0 0 6 1 0 0 0 0 0 0 0 0 0 0 0 0 0 0 0 0 0 0 0 0 0 0 0 0 0 0 0 0 0 0 0 0 0 0 0 0 0 0 0 0 0 0 0 0 0 0 0 0 0 0 0 0 0 0 0 0 0 0 0 0 0 0 0 0 0 0 0 0 0 0 0 0 0 0 0 0 0 0 0 0 0 0 0 0 0 0 0 0 0 0 0 0 0 0 0 0 0 0 0 0 0 0 0 0 0 0 0 0 0 0 0 0 0 0 0 0
0 0 0 0 0 0 0 0 0 0 1 3 3 1 0 0 0 0 6 3 0 0 5 6 0 0 0 0 0 0 0 0 0 0 0 0 8 5 0 0 0 0 0 3 6 0 0 10 1 2 0 0 0 0 0 0 0 0 0 0 0 0 0 0 0 0 0 0 1 1 2 2 0 4 0 1 0 12 6 0 0 0 0 0 0 0 0 0 0 0 0 0 1 2 4 4 3 1 0 0 0 7 3 10 0 5 0 0 0 0 0 0 0 0 0 0 0 0 0 0 0 0 0 0 0 0 2 4 0 0 0 19 5 4 0 9 0 0 0 0 0 0 0 0 0 0 0 0 6 7 8 8 5 1 0 0 19 8 3 0 0 1 6 0 0 0 0 0 0 0 0 0 0 0 0 0 0 0 0 0 0 0 3 6 0 0 10 0 7 0 11 0 0 0 0 0 0 0 0 0 0 0 0 0 4 1 4 23 64 121 177 211 234 190 229 233 179 19 0 4 0 0 0 0 0 0 0 0 0 0 0 0 0 49 134 242 252 255 254 251 255 251 247 255 252 85 0 0 0 0 0 0 0 0 0 0 0 0 0 0 3 110 252 255 251 248 255 247 236 255 254 240 255 197 10 0 0 0 0 0 0 0 0 0 0 0 0 0 16 223 255 233 230 135 97 38 148 243 255 255 217 59 0 3 0 0 0 0 0 0 0 0 0 0 0 0 0 64 244 202 37 5 0 127 244 235 248 207 23 18 5 0 0 0 0 0 0 0 0 0 0 0 0 0 4 29 0 3 0 108 239 250 255 255 187 8 8 0 0 22 0 0 0 0 0 0 0 0 0 0 0 0 0 0 24 91 231 252 236 255 253 237 90 8 0 2 9 0 0 0 0 0 0 0 0 0 0 0 0 0 7 0 192 242 255 255 238 255 246 255 255 92 7 0 0 8 0 0 0 0 0 0 0 0 0 0 0 0 0 11 133 255 247 248 251 243 211 225 251 246 77 0 0 0 0 0 0 0 10 0 11 4 2 0 0 0 2 0 8 98 163 140 74 7 1 121 255 255 191 0 0 4 0 0 0 0 0 15 0 3 2 0 2 6 10 0 0 28 13 0 2 51 187 242 253 238 104 5 0 0 0 0 0 0 0 0 15 19 3 0 7 0 0 9 0 0 0 72 188 254 245 255 246 211 14 0 7 5 0 0 0 0 3 0 212 205 127 56 38 0 34 38 59 135 206 238 255 250 255 224 73 0 0 3 0 0 0 0 0 0 7 0 198 255 255 247 252 221 243 243 238 255 255 255 255 243 57 23 5 0 8 7 24 0 0 0 0 0 5 0 45 146 223 253 255 252 252 255 244 248 255 225 137 31 3 0 0 9 0 0 0 0 0 0 0 0 0 10 0 4 27 61 116 157 153 142 123 117 74 12 0 5 6 0 2 20 0 0 18 1 0 0 0 0 2 0 17 0 0 4 12 0 0 5 0 1 0 0 5 0 0 1 4 0 14 3 0 0 0 0 0 0 0 0 0 0 0 0 0 0 0 0 0 0 0 0 0 0 0 0 0 0 0 0 0 0 0 0 0 0 0 0 0 0 0 0 0 0 0 0 0 0 0 0 0 0 0 0 0 0 0 0 0 0 0 0 0 0 0 0 0 0 0 0 0 0 0 0 0 0 0 0 0 0 0 0 0 0 0 0 0 0 0 0 0 0 0 0 0 0 0 0 0 0 0 0 0 0 0 0 0 0 0 0 0 0 0 0 0 0 0 0 0 0
0 8 8 0 0 0 0 2 3 0 0 1 1 0 0 0 8 0 15 0 0 5 0 0 0 0 0 0 6 4 0 0 0 0 0 0 0 4 7 1 0 4 6 4 0 0 0 4 8 15 0 6 0 0 0 0 0 0 0 3 13 6 1 11 5 2 0 0 0 0 0 0 0 14 0 0 0 1 0 0 0 0 0 0 0 3 1 0 1 0 0 0 8 0 0 7 13 4 0 6 0 10 12 2 0 2 0 2 0 0 0 0 0 5 0 0 0 2 0 1 0 3 3 0 0 0 0 6 3 0 3 2 1 4 5 0 0 0 0 0 0 0 0 0 9 8 0 0 0 80 148 160 155 161 155 136 124 34 0 0 3 0 0 0 0 0 0 0 3 2 1 3 0 0 13 61 206 246 255 248 230 239 251 250 254 180 0 5 7 0 2 10 0 0 0 0 3 0 0 3 0 17 122 249 254 248 251 255 255 242 240 248 255 255 0 2 0 2 0 0 0 0 0 0 10 0 1 0 60 198 253 250 255 244 223 131 91 0 4 163 255 255 0 0 2 4 0 6 0 0 0 0 0 23 5 12 209 250 255 255 135 87 15 0 0 0 0 139 241 247 6 0 0 1 26 0 0 0 0 0 7 0 15 216 247 255 192 15 7 0 7 0 0 2 29 106 253 196 14 3 4 0 0 0 0 0 0 0 2 6 0 244 196 122 9 11 0 14 0 14 8 0 0 177 251 61 0 0 0 6 0 11 0 0 0 0 0 4 0 36 0 3 4 0 6 0 17 0 4 4 129 244 207 0 5 22 0 0 7 0 0 0 0 0 27 0 0 0 1 0 7 0 0 1 9 0 32 178 255 253 234 172 171 185 125 12 0 7 0 0 0 0 0 0 6 4 0 3 10 1 7 6 0 29 209 255 246 248 231 255 250 255 243 93 12 0 0 0 0 0 0 10 0 0 11 0 0 0 0 4 97 247 255 255 249 234 216 207 216 232 255 255 160 0 0 0 0 0 4 0 0 0 9 0 7 3 0 0 206 250 254 244 125 34 0 0 0 96 241 249 255 0 0 0 0 0 0 7 11 0 0 0 0 0 4 53 235 241 236 49 10 0 0 20 0 12 229 247 255 0 0 0 0 0 0 2 4 0 5 14 0 11 0 0 150 110 15 11 5 4 0 0 79 155 255 237 110 14 0 0 0 0 7 0 0 6 6 4 0 102 15 0 0 0 12 0 0 0 25 202 247 255 247 144 4 0 0 0 0 0 7 0 2 9 0 0 12 172 255 171 9 10 0 40 41 77 255 249 245 244 170 13 0 7 0 0 0 0 2 0 4 2 0 0 2 89 250 254 190 172 79 254 219 236 253 239 255 182 30 0 0 0 0 0 0 0 1 0 0 0 13 4 0 0 135 249 255 233 255 253 246 247 242 244 59 0 0 10 7 2 0 0 0 0 1 4 5 0 5 0 10 2 0 59 183 203 251 255 203 192 141 0 0 10 10 0 0 0 0 0 0 0 0 0 0 0 0 0 0 0 0 0 3 18 32 32 16 0 0 0 0 0 0 0 0 0 0 0 0 0 0 0 0 0 0 0 0 0 1 0 0 2 7 8 3 0 0 0 0 0 0 0 0 0 0 0 0 0 0 0 0 0 0 0 0 0 4 3 1 0 0 0 0 3 0 0 0 0 0 0 0 0 0 0 0 0 0 0 0 0 0 0 0 0 0 2 5 4 1 0 2 4 0 0 0 0 0 0 0 0 0 0 0 0
0 0 0 0 0 0 0 0 0 0 0 11 0 7 0 0 0 6 0 0 1 0 10 4 0 0 0 0 0 0 0 0 0 0 0 0 0 11 5 3 0 3 4 2 2 0 18 0 0 21 0 0 0 0 0 0 0 0 0 0 0 0 0 0 0 0 0 7 2 5 0 1 0 4 0 5 0 0 13 0 0 0 0 0 0 0 0 0 0 0 0 0 7 5 0 0 1 1 0 6 17 0 4 8 0 1 0 7 0 0 0 0 0 0 0 0 0 0 0 0 0 8 15 0 0 0 0 0 0 5 0 3 0 5 0 0 0 0 0 0 0 0 0 0 0 0 0 0 12 3 0 0 13 1 10 39 82 96 93 243 234 78 0 12 0 0 0 0 0 0 0 0 0 0 0 0 0 2 21 48 115 135 186 247 245 255 255 250 244 211 9 0 0 0 0 0 0 0 0 0 0 0 0 0 9 151 255 246 255 255 255 253 254 255 250 243 255 236 21 1 0 0 0 0 0 0 0 0 0 0 0 0 176 255 253 254 251 253 251 252 255 243 255 255 251 129 9 6 0 0 0 0 0 0 0 0 0 0 0 0 84 239 255 213 174 125 55 83 248 247 250 255 223 49 12 0 0 0 0 0 0 0 0 0 0 0 0 0 0 63 52 0 4 46 91 241 250 255 255 187 57 0 0 15 0 0 0 0 0 0 0 0 0 0 0 0 0 7 0 8 109 248 255 244 255 237 187 19 0 0 1 0 0 0 0 0 0 0 0 0 0 0 0 0 25 105 166 237 252 254 251 250 244 239 75 7 0 15 5 0 0 0 0 0 0 0 0 0 0 0 0 0 119 255 255 238 249 255 255 251 255 255 177 31 0 0 4 1 0 0 0 0 0 0 0 0 0 0 0 0 167 255 255 245 226 203 149 142 204 251 244 125 0 25 0 0 0 0 0 0 0 0 0 0 0 0 0 0 52 160 223 135 13 8 0 1 12 141 251 231 53 0 12 5 0 0 0 0 2 4 0 5 0 0 7 0 2 7 0 2 0 11 0 8 3 145 250 230 46 0 0 2 0 0 0 0 0 0 0 3 0 0 0 0 0 4 1 10 3 0 0 2 0 145 255 188 0 2 7 0 0 0 0 0 15 4 0 0 8 12 1 3 0 6 3 0 0 11 13 3 133 255 241 160 25 0 0 6 0 0 0 0 0 0 17 0 2 0 0 2 7 0 0 2 6 0 64 161 236 255 252 125 0 6 0 0 0 0 0 0 5 0 1 0 2 0 7 10 0 8 20 18 92 168 240 255 255 243 90 19 10 0 0 0 0 0 0 0 8 0 5 0 9 0 11 0 3 59 136 200 255 255 251 235 232 79 0 0 0 13 0 3 0 0 0 0 0 0 5 0 0 24 203 255 255 255 253 245 255 255 207 140 0 22 0 0 7 0 3 0 0 0 0 0 5 0 0 3 17 53 239 255 255 255 248 255 224 140 30 0 4 0 1 4 0 0 0 0 0 0 0 0 0 6 0 0 5 27 241 255 253 193 160 109 22 0 7 0 0 0 0 0 0 0 0 0 0 0 0 0 5 0 2 12 7 0 27 0 0 0 0 11 0 0 13 4 0 0 0 0 0 0 0 0 0 0 0 0 9 0 1 0 1 10 4 0 9 2 9 12 0 0 0 0 0 0 0 0 0 0 0 0 0 0 0 0 1 0 3 0 0 0 0 7 0 0 0 0 0 1 3 9 0 0 0 0 0 0 0 0 0 0 0 0
3 0 0 0 0 1 0 0 8 0 10 8 0 6 0 0 3 9 0 0 8 0 6 0 0 0 0 0 1 0 0 0 1 2 1 0 1 21 0 0 19 5 0 1 0 0 4 1 0 0 3 7 0 0 0 0 0 0 0 0 2 3 2 0 0 0 8 2 0 0 0 0 5 0 0 5 4 10 0 0 0 0 0 0 0 0 0 0 1 1 0 0 14 7 0 0 0 0 26 0 7 0 4 0 0 0 1 11 0 0 0 0 0 0 0 0 0 0 0 0 0 0 16 0 17 10 0 6 0 0 3 0 1 9 2 0 0 0 0 0 0 0 0 0 0 0 0 0 12 4 11 0 0 0 7 0 0 3 1 0 12 0 0 4 0 0 0 0 0 1 1 0 0 0 4 8 0 20 17 136 177 126 217 53 171 236 255 255 208 23 0 0 0 0 0 0 0 0 1 0 0 2 9 15 178 178 255 249 255 253 255 243 246 255 246 253 251 43 8 0 0 0 0 0 4 0 0 0 3 0 1 208 255 242 255 240 255 247 243 220 255 245 255 254 252 89 3 0 0 0 0 0 0 10 16 0 0 0 23 201 255 251 209 182 190 254 134 14 86 172 255 236 251 178 0 0 0 0 0 0 0 1 0 0 13 12 0 20 107 246 38 15 10 0 0 0 107 201 254 255 255 163 6 1 0 0 0 0 0 3 0 0 6 4 0 0 12 0 0 0 7 3 1 163 245 255 253 232 157 4 0 5 0 0 0 0 0 7 5 4 0 0 16 18 0 14 12 0 42 105 196 224 251 255 254 191 94 0 0 0 0 0 0 0 7 0 0 2 9 0 0 0 9 0 0 113 237 255 255 255 252 217 50 6 0 1 7 10 0 0 0 0 1 0 9 0 0 0 8 9 1 0 129 242 240 243 255 240 255 213 30 1 0 5 12 0 0 0 0 0 3 0 16 0 4 3 0 0 6 42 228 252 255 255 244 255 255 241 255 128 1 0 0 0 0 0 0 0 0 0 0 0 0 0 0 0 0 44 193 242 255 255 231 255 255 253 244 253 93 0 11 0 0 0 0 0 0 0 0 0 0 0 0 0 5 0 21 242 184 211 255 161 181 134 188 254 90 12 0 10 0 0 0 0 0 0 0 0 0 0 0 0 3 3 0 0 1 0 17 0 10 13 84 255 115 0 1 0 0 0 0 0 0 0 0 0 0 0 0 0 1 2 0 22 8 0 0 9 0 45 202 255 164 0 8 0 0 0 0 0 0 0 0 0 0 0 0 0 2 0 13 0 0 5 5 0 97 247 243 250 67 4 0 9 0 0 0 0 0 0 0 0 0 0 0 0 0 11 0 0 0 1 33 229 248 255 255 57 0 15 0 11 0 0 0 0 0 0 0 0 0 0 0 0 4 7 0 30 167 148 255 233 241 210 125 2 0 12 2 0 0 0 0 0 0 0 0 0 0 0 0 0 31 80 169 234 246 255 249 233 62 57 0 3 0 0 9 0 0 0 0 0 0 2 0 1 6 0 116 190 241 245 243 255 250 219 136 83 0 0 0 0 0 0 0 0 0 0 0 0 0 11 2 0 0 13 166 255 173 171 140 110 51 26 1 2 0 0 0 0 0 0 0 0 0 0 0 0 1 1 0 5 13 0 7 1 0 2 2 8 0 0 0 6 0 0 0 0 0 0 0 0 0 0 0 0 0 3 0 1 7 0 9 0 7 0 0 0 2 7 0 0 0 0 0 0 0 0 0 0 0 0 0 0
0 0 0 0 0 0 0 0 0 0 1 5 0 0 0 0 0 1 0 0 3 0 1 1 0 0 0 0 0 0 0 0 0 0 0 0 10 0 0 0 0 0 5 9 0 14 0 21 0 6 0 5 0 0 0 0 0 0 0 0 0 0 0 0 0 0 9 0 5 0 7 0 3 6 0 0 0 4 13 0 0 0 0 0 0 0 0 0 0 0 0 0 0 0 5 4 5 0 0 0 0 3 6 7 15 0 0 4 0 0 0 0 0 0 0 0 0 0 0 0 6 0 0 5 0 0 31 108 195 189 255 237 248 70 0 5 0 0 0 0 0 0 0 0 0 0 0 0 0 12 0 0 17 86 170 247 255 248 220 224 246 216 3 0 0 0 0 0 0 0 0 0 0 0 0 0 0 6 10 0 119 204 255 255 247 162 76 13 173 252 37 2 0 0 0 0 0 0 0 0 0 0 0 0 16 0 3 48 244 252 244 188 65 11 5 0 192 247 0 0 0 0 0 0 0 0 0 0 0 0 0 0 0 8 1 1 6 19 30 0 0 8 0 106 253 141 1 7 0 0 0 0 0 0 0 0 0 0 0 0 0 4 0 0 6 20 0 6 10 0 80 184 214 46 0 0 0 0 0 0 0 0 0 0 0 0 0 0 14 0 11 4 0 0 0 10 0 165 255 238 178 17 0 8 0 0 0 0 0 0 0 0 0 0 0 0 0 0 8 0 11 11 85 154 175 242 252 255 127 4 0 11 0 0 0 0 0 0 0 0 0 0 0 0 0 23 0 7 102 178 251 255 240 251 215 255 149 2 0 2 0 0 0 0 0 0 0 0 0 0 0 0 9 0 16 231 243 241 255 244 102 0 0 207 240 32 12 0 0 0 0 0 0 0 0 0 0 0 0 0 3 13 95 251 254 255 209 38 0 5 0 130 239 32 0 6 0 0 0 0 0 0 0 0 0 0 0 0 14 118 209 200 175 35 0 13 7 1 0 182 219 23 0 0 0 0 0 0 0 4 9 0 0 9 0 36 211 224 36 0 0 14 0 0 0 6 93 244 194 0 1 0 0 0 0 0 2 0 0 3 16 0 120 214 255 107 0 5 0 11 7 3 15 0 155 227 88 0 7 0 0 0 0 0 0 6 3 0 2 8 233 244 136 18 0 0 6 0 0 9 0 133 254 133 0 2 11 0 0 0 0 0 1 0 8 8 0 47 255 254 125 0 5 1 5 0 18 44 165 255 167 59 20 9 0 0 0 0 0 0 7 0 0 7 5 79 255 195 0 1 0 0 65 128 191 249 245 172 0 0 4 0 5 15 0 0 0 0 0 2 0 0 16 54 255 194 159 111 131 208 232 255 249 134 32 15 0 7 5 0 1 0 0 0 0 0 5 0 4 6 0 0 175 255 255 242 235 255 239 119 30 0 10 0 0 0 9 0 0 14 0 0 0 0 3 0 10 0 0 16 27 79 199 255 201 45 17 7 0 0 0 3 4 0 6 0 10 0 0 0 0 0 0 0 0 0 0 0 0 0 0 0 0 0 0 0 0 0 0 0 0 0 0 0 0 0 0 0 0 0 0 0 0 0 0 0 0 0 0 0 0 0 0 0 0 0 0 0 0 0 0 0 0 0 0 0 0 0 0 0 0 0 0 0 0 0 0 0 0 0 0 0 0 0 0 0 0 0 0 0 0 0 0 0 0 0 0 0 0 0 0 0 0 0 0 0 0 0 0 0 0 0 0 0 0 0 0 0 0 0 0 0 0 0
0 0 0 0 0 0 0 0 7 0 0 0 3 2 3 7 1 0 0 3 6 0 0 6 0 0 0 0 0 0 0 0 0 0 0 0 0 0 6 8 3 0 0 0 0 8 11 1 0 0 0 0 0 0 0 0 0 0 0 0 0 0 0 0 5 1 0 0 0 7 9 7 16 0 0 0 0 7 6 3 0 0 0 0 0 0 0 0 0 0 0 0 0 0 0 0 2 4 0 0 0 0 5 7 3 0 0 0 0 0 0 0 0 0 0 0 0 0 0 0 0 2 8 4 0 0 4 7 1 13 8 0 0 5 8 0 0 0 0 0 0 0 0 0 0 0 0 0 8 0 0 0 0 0 0 0 0 0 0 5 4 0 0 8 0 0 0 0 0 0 0 0 0 0 0 0 0 0 0 5 4 0 0 7 11 43 106 148 113 33 0 1 0 0 0 0 0 0 0 0 0 0 0 0 0 2 9 2 0 17 111 206 205 238 255 255 249 205 99 0 0 0 0 0 0 0 0 0 0 0 0 0 0 8 0 5 0 47 225 221 168 38 0 0 52 255 247 0 0 0 0 0 0 0 0 0 0 0 0 0 1 0 1 0 0 0 15 26 0 0 13 5 0 255 168 7 0 0 0 0 0 0 0 0 0 0 0 0 6 0 1 2 1 8 0 16 0 8 0 8 97 239 64 0 0 0 0 0 0 0 0 0 0 0 0 0 3 0 4 18 0 7 34 20 105 163 196 214 255 89 6 14 0 0 0 0 0 0 0 0 0 0 0 0 2 0 0 2 36 174 255 255 241 255 255 245 255 1 3 0 0 0 0 0 0 0 0 0 0 0 0 0 0 2 11 6 118 255 247 248 255 223 155 96 245 0 11 13 0 0 0 0 0 0 0 0 0 0 0 0 0 0 6 7 117 210 201 210 111 58 9 60 255 5 0 0 0 0 0 0 0 0 0 0 0 0 0 0 3 0 0 0 6 0 18 0 13 0 0 210 202 0 9 4 0 0 0 0 7 0 0 16 88 224 203 164 67 71 39 92 53 34 11 0 3 11 181 230 21 0 10 0 0 0 0 0 0 2 2 86 255 213 197 145 141 158 254 255 255 247 177 158 100 185 216 89 0 3 0 8 0 0 0 0 0 9 0 232 255 118 0 0 8 13 4 0 0 81 93 255 255 246 199 39 0 0 2 0 0 0 0 0 0 0 6 70 255 184 61 6 3 0 0 40 24 100 193 244 180 86 80 35 8 0 12 0 0 0 0 0 2 0 4 12 52 187 234 255 255 249 255 234 255 202 205 51 1 0 9 4 0 0 0 6 0 0 0 0 0 8 0 1 8 6 26 54 93 163 150 52 64 0 0 0 0 15 7 0 0 7 0 1 0 0 0 0 0 3 0 0 0 0 27 0 0 0 0 17 0 7 0 0 12 3 0 2 0 6 5 0 0 0 0 0 0 4 0 2 5 0 0 8 3 8 0 0 0 0 17 0 0 8 0 3 12 0 0 2 0 0 0 0 0 0 0 0 0 0 0 0 0 0 0 0 0 0 0 0 0 0 0 0 0 0 0 0 0 0 0 0 0 0 0 0 0 0 0 0 0 0 0 0 0 0 0 0 0 0 0 0 0 0 0 0 0 0 0 0 0 0 0 0 0 0 0 0 0 0 0 0 0 0 0 0 0 0 0 0 0 0 0 0 0 0 0 0 0 0 0 0 0 0 0 0 0 0 0 0 0 0 0 0 0 0 0 0 0 0 0 0 0 0 0 0
2 4 2 0 0 3 4 0 0 2 0 5 10 0 0 5 0 6 0 0 5 0 0 1 0 0 0 0 1 3 2 0 0 2 2 0 0 15 3 0 0 0 5 0 9 4 0 3 4 9 0 5 0 0 0 0 0 2 2 0 0 0 0 0 0 1 0 4 7 0 0 4 6 0 0 0 0 9 0 4 0 0 0 0 0 1 2 0 0 0 0 0 6 4 0 0 10 1 4 6 0 4 14 8 0 8 7 0 0 0 0 0 0 0 1 1 0 0 0 2 74 205 255 242 170 127 128 124 147 122 60 19 6 0 0 0 0 0 0 0 0 0 1 2 0 0 2 9 181 248 255 249 241 250 255 253 233 255 255 236 154 30 0 13 0 0 0 0 1 0 0 2 0 0 5 15 246 255 248 255 255 249 253 255 255 255 244 255 249 185 11 0 0 0 0 0 2 0 0 2 0 0 7 19 203 243 253 255 255 250 254 248 246 255 251 255 242 252 16 0 0 0 0 0 0 0 0 0 0 0 0 0 61 174 224 135 103 115 90 99 108 97 221 255 238 255 64 4 0 0 0 0 0 0 0 0 0 0 0 0 0 15 11 0 0 10 0 1 0 2 116 253 255 255 11 0 0 0 0 0 0 0 0 0 0 0 0 0 0 0 3 18 6 0 1 43 101 164 246 255 233 182 0 14 0 0 0 0 0 0 0 0 0 0 0 0 11 3 0 0 0 36 142 234 255 244 255 255 255 166 0 0 0 0 0 0 0 0 0 0 0 0 0 0 0 0 0 10 52 187 255 255 231 255 255 255 237 255 96 3 0 0 0 0 0 0 0 0 0 0 0 0 2 4 0 0 63 247 255 236 255 255 237 255 255 255 119 2 0 0 0 0 0 0 0 0 0 0 0 0 0 0 14 1 62 254 255 254 240 255 255 237 255 233 138 1 0 0 0 0 0 0 0 0 0 0 0 0 10 0 2 0 64 254 245 255 255 191 74 142 244 255 128 0 0 0 0 0 0 24 0 0 9 0 0 2 0 10 4 0 22 78 170 135 45 1 0 150 252 255 126 4 0 0 0 0 0 0 0 4 80 48 11 0 0 0 0 9 0 0 4 0 6 7 81 254 242 242 134 1 0 0 0 0 14 0 9 128 249 228 135 0 5 0 4 2 0 14 0 5 31 144 234 249 255 251 132 0 0 0 0 0 0 0 0 225 255 251 251 135 0 0 0 14 34 100 102 141 231 248 252 246 244 225 0 14 0 0 0 0 5 11 0 212 255 224 255 255 201 183 180 220 242 238 237 255 255 255 236 255 203 9 14 0 0 0 0 0 0 0 0 80 245 255 246 250 255 252 243 255 255 255 254 254 248 247 241 196 26 0 8 0 0 0 0 0 0 2 18 0 144 243 246 255 248 252 255 253 224 255 253 242 244 166 104 17 0 0 7 0 0 0 0 0 8 0 1 0 6 85 134 141 255 239 254 233 124 130 23 13 13 0 0 0 7 6 0 2 0 0 0 0 0 0 0 0 0 0 0 0 0 0 0 0 0 0 0 0 0 0 0 0 0 0 0 0 0 0 0 0 0 0 0 0 0 0 0 0 0 0 0 0 0 0 0 0 0 0 0 0 0 0 0 0 0 0 0 0 0 0 0 0 0 0 0 0 0 0 0 0 0 0 0 0 0 0 0 0 0 0 0 0 0 0 0 0 0 0 0 0 0 0 0 0 0 0 0 0 0 0 0 0 0 0 0 0 0 0 0 0 0 0 0 0
0 2 10 0 10 0 2 4 2 1 0 5 5 0 1 2 4 0 9 0 14 3 0 4 0 0 0 0 6 0 0 0 11 18 1 0 1 4 0 6 6 0 4 1 0 0 9 0 0 1 10 0 0 0 0 0 1 1 11 0 0 0 0 12 0 4 0 0 0 0 4 0 4 0 0 3 4 3 4 0 0 0 0 0 3 0 0 5 2 2 1 2 0 8 3 1 1 3 8 0 0 0 3 0 15 5 0 5 0 0 0 0 0 0 0 6 0 0 7 0 12 0 0 6 6 0 0 12 1 0 28 0 0 1 0 2 0 0 0 0 0 7 3 1 0 44 113 128 150 247 255 242 242 255 247 150 100 0 0 5 0 0 11 0 0 0 0 0 6 0 0 0 23 222 255 255 250 252 246 255 255 246 252 250 217 96 0 16 6 0 2 0 0 0 0 0 0 3 9 2 3 255 246 252 251 255 251 253 253 251 255 251 253 255 39 5 0 1 0 6 0 0 0 0 0 0 7 0 18 154 255 243 235 218 226 232 133 141 224 254 255 250 29 6 5 1 3 1 0 0 0 0 18 0 0 8 0 8 63 89 0 22 0 11 0 0 16 178 254 251 46 4 0 0 2 0 0 0 0 0 9 0 0 8 0 0 0 5 7 0 10 0 34 73 162 240 244 255 119 17 5 14 0 18 0 0 0 0 0 7 4 0 2 14 5 0 0 21 3 6 233 253 235 255 251 255 234 228 35 5 0 0 0 0 0 0 0 4 4 1 0 0 0 9 0 0 0 146 252 255 246 245 252 255 255 240 231 6 15 14 0 0 0 0 0 0 0 3 8 0 0 13 4 2 6 172 249 250 255 255 255 234 255 255 238 142 3 0 0 0 0 0 8 4 0 0 0 6 0 0 0 0 0 74 216 241 228 146 68 114 244 248 255 247 36 8 0 0 0 0 2 0 0 7 0 0 3 10 0 15 0 0 13 66 52 2 0 0 100 245 255 253 146 0 0 0 0 0 0 8 0 0 10 0 6 0 0 0 0 5 2 0 0 4 0 0 3 226 250 250 124 14 0 0 0 0 7 0 18 1 2 0 0 5 10 8 3 0 0 0 2 3 7 1 0 228 250 255 145 0 0 0 0 0 0 0 0 0 0 102 49 2 0 0 0 3 6 7 1 0 0 0 114 253 249 246 100 0 0 0 0 0 0 11 0 1 24 236 221 132 14 5 0 0 0 0 0 7 37 203 248 250 253 217 0 15 0 0 0 0 2 0 18 0 14 243 255 241 88 43 2 0 2 41 114 180 233 232 255 255 255 27 0 0 0 0 0 0 5 0 1 0 0 255 241 240 250 232 225 233 231 225 240 255 250 255 244 249 96 13 0 0 0 0 0 0 3 6 0 22 19 241 255 255 255 255 254 253 254 253 252 253 254 239 238 179 0 0 10 1 0 0 0 0 0 9 0 0 5 12 210 251 246 254 254 250 255 255 244 217 191 236 120 0 4 0 8 0 0 0 0 0 1 0 0 0 0 2 6 9 129 195 255 252 174 81 21 0 0 0 0 0 0 0 0 0 0 0 0 0 1 0 0 0 0 1 5 7 8 5 1 0 0 0 0 0 0 0 0 0 0 0 0 0 0 0 0 0 0 0 0 0 0 1 2 3 1 0 0 0 2 7 4 0 0 0 0 0 0 0 0 0 0 0 0 0 0 0 1 1 1 0 0 0 0 4 10 10 2 0 0 0 0 0 0 0 0 0 0 0 0 0 0 0
0 0 0 0 0 0 0 0 2 0 6 2 0 0 0 0 1 0 0 0 3 0 0 0 0 0 0 0 0 0 0 0 0 0 0 0 6 0 9 0 6 5 0 4 0 0 9 0 8 6 4 5 0 0 0 0 0 0 0 0 0 0 0 0 1 0 10 21 0 3 4 0 0 0 15 0 0 0 0 6 0 0 0 0 0 0 0 0 0 0 0 0 3 18 0 0 0 0 2 0 0 0 0 0 1 26 17 0 0 0 0 0 0 0 0 0 0 0 0 0 7 0 4 14 63 84 252 228 191 199 151 106 0 0 3 0 0 0 0 0 0 0 0 0 0 0 0 0 0 13 45 225 252 140 75 21 29 76 184 255 99 0 0 17 0 0 0 0 0 0 0 0 0 0 0 0 3 6 45 201 78 13 0 16 0 0 186 253 116 13 0 0 0 0 0 0 0 0 0 0 0 0 0 0 0 0 7 0 0 7 12 0 15 47 255 165 1 0 19 3 0 0 0 0 0 0 0 0 0 0 0 0 0 4 0 12 0 0 0 55 127 235 148 14 0 0 14 0 0 0 0 0 0 0 0 0 0 0 0 0 1 0 18 0 0 29 27 249 206 117 0 0 21 0 0 6 0 0 0 0 0 0 0 0 0 0 0 0 25 0 0 6 32 149 233 100 0 8 1 9 0 1 1 0 0 0 0 0 0 0 0 0 0 0 0 0 0 4 17 123 203 188 20 27 0 0 0 1 0 12 3 0 0 0 0 0 0 0 0 0 0 0 0 0 7 34 215 244 147 35 0 0 0 9 19 0 0 0 0 2 0 0 0 0 0 0 0 0 0 0 0 0 15 208 253 152 46 0 173 95 65 26 0 2 15 0 0 9 0 0 0 0 0 0 0 0 0 0 0 0 6 255 246 255 254 191 165 248 247 255 189 121 2 7 15 0 0 0 0 0 0 0 0 0 0 0 0 0 0 42 126 108 125 29 5 22 16 77 133 234 59 0 0 12 0 0 0 0 3 0 1 8 6 0 2 1 6 0 0 2 0 0 0 5 0 13 80 247 96 0 0 0 0 0 0 0 0 13 7 0 0 0 1 0 0 8 6 0 4 13 0 0 8 51 236 238 0 2 0 7 0 0 0 0 0 4 0 5 9 23 1 0 6 7 0 18 0 0 26 0 64 190 202 19 0 0 5 0 0 0 0 0 0 11 3 0 0 0 0 1 0 1 10 0 0 17 37 126 228 203 34 7 9 0 6 0 0 0 0 0 0 1 10 0 8 8 10 1 7 2 4 0 23 131 235 249 112 0 0 0 14 0 8 8 0 0 0 0 15 0 0 0 0 0 5 20 32 26 109 136 223 244 60 0 0 17 6 2 0 29 0 0 0 0 0 0 2 0 0 17 0 77 172 238 251 242 255 238 142 57 8 5 4 0 0 0 4 0 15 5 0 0 0 0 0 18 0 5 5 217 255 219 145 88 40 4 5 10 0 0 0 0 0 3 4 1 0 0 0 0 0 0 0 0 0 0 0 0 0 0 0 0 0 0 0 0 0 0 0 0 0 0 0 0 0 0 0 0 0 0 0 0 0 0 0 0 0 0 0 0 0 0 0 0 0 0 0 0 0 0 0 0 0 0 0 0 0 0 0 0 0 0 0 0 0 0 0 0 0 0 0 0 0 0 0 0 0 0 0 0 0 0 0 0 0 0 0 0 0 0 0 0 0 0 0 0 0 0 0 0 0 0 0 0 0 0 0 0 0 0 0 0 0 0
0 0 0 0 0 0 0 0 0 0 0 4 2 0 8 0 8 1 0 1 0 8 0 9 0 0 0 0 0 0 0 0 0 0 0 0 3 7 1 1 0 0 0 12 0 0 0 6 0 11 0 0 0 0 0 0 0 0 0 0 0 0 0 0 0 0 2 3 13 9 0 0 0 15 0 0 0 2 0 0 0 0 0 0 0 0 0 0 0 0 0 0 0 0 8 0 0 3 1 0 0 13 0 0 0 0 3 1 0 0 0 0 0 0 0 0 0 0 0 0 0 4 3 0 45 159 175 96 0 0 0 5 4 0 4 0 0 0 0 0 0 0 0 0 0 0 0 0 9 0 16 135 233 255 255 241 66 0 3 7 1 0 2 0 0 0 0 0 0 0 0 0 0 0 0 0 0 182 241 255 255 243 255 255 156 7 4 2 0 0 0 3 0 0 0 0 0 0 0 0 0 0 0 0 41 252 255 231 209 111 141 246 183 0 0 2 0 5 0 0 0 0 0 0 0 0 0 0 0 0 0 0 104 253 141 80 2 0 72 241 111 0 0 0 0 0 0 2 0 0 0 0 0 0 0 0 0 0 0 0 60 72 0 0 13 0 85 255 151 26 0 7 14 0 3 0 0 0 0 0 0 0 0 0 0 0 0 0 4 0 7 4 0 21 166 242 47 0 0 0 2 0 13 0 0 0 0 0 0 0 0 0 0 0 0 0 1 0 9 7 39 152 255 255 47 0 11 0 0 5 0 3 0 0 0 0 0 0 0 0 0 0 0 0 0 5 112 191 255 255 240 248 193 76 0 0 10 2 0 5 0 0 0 0 0 0 0 0 0 0 0 0 5 20 230 255 255 235 255 255 255 176 10 0 0 0 12 0 0 0 0 0 0 0 0 0 0 0 0 0 3 43 255 244 241 248 255 243 254 253 158 17 0 0 15 0 0 0 0 0 0 0 0 0 0 0 0 0 0 102 255 251 255 180 47 98 241 244 255 31 0 12 0 8 0 0 0 0 0 0 0 0 0 0 0 0 3 19 213 206 78 15 2 0 44 207 255 27 19 0 0 0 0 0 0 0 0 0 0 0 0 0 0 0 0 22 47 21 0 14 0 2 0 223 255 19 0 0 15 2 0 0 0 0 0 0 0 0 0 0 0 0 17 0 0 0 8 0 16 5 34 222 255 26 7 6 1 0 0 0 0 0 0 0 0 0 0 0 0 0 0 10 13 12 0 1 3 18 202 255 255 14 12 0 0 8 0 0 0 0 0 0 0 0 0 0 0 0 0 22 227 242 221 133 209 243 255 255 171 0 0 1 0 7 0 0 0 0 0 0 0 0 0 0 0 0 5 151 255 236 255 255 234 255 255 206 26 7 0 3 8 0 0 0 0 0 0 0 0 0 0 0 0 0 0 111 242 250 255 246 255 251 241 131 0 5 0 0 4 4 0 0 0 0 0 0 0 0 0 0 0 0 0 12 8 90 150 252 255 152 36 0 22 0 0 1 0 1 0 0 0 0 0 0 0 0 0 0 0 0 0 0 0 0 0 0 0 0 0 0 0 0 0 0 0 0 0 0 0 0 0 0 0 0 0 0 0 0 0 0 0 0 0 0 0 0 0 0 0 0 0 0 0 0 0 0 0 0 0 0 0 0 0 0 0 0 0 0 0 0 0 0 0 0 0 0 0 0 0 0 0 0 0 0 0 0 0 0 0 0 0 0 0 0 0 0 0 0 0 0 0 0 0 0 0 0 0 0 0 0 0 0 0 0
9 0 0 0 0 0 0 0 1 0 3 3 0 2 9 0 6 0 0 5 0 0 1 0 0 0 0 0 0 0 1 5 5 2 2 4 0 5 0 0 16 0 0 10 2 0 0 0 0 0 0 0 0 0 0 0 0 1 4 2 0 0 0 0 0 6 0 0 0 0 0 6 0 4 0 0 1 2 0 0 0 0 0 0 0 3 1 0 0 0 1 0 10 0 6 8 0 3 8 0 0 6 2 0 3 2 0 1 0 0 0 0 0 0 0 0 1 6 5 0 0 0 0 2 9 0 0 3 0 0 0 0 2 0 0 2 0 0 0 0 0 0 0 2 4 0 0 0 15 0 65 154 186 255 255 112 11 0 0 3 0 0 2 3 0 0 0 0 4 0 0 5 0 0 0 10 55 196 252 238 255 255 235 237 52 0 0 8 0 0 8 0 0 0 0 0 4 0 0 5 1 0 21 56 239 253 216 132 57 44 134 255 91 8 0 14 0 0 11 0 0 0 0 0 6 0 5 5 0 1 115 244 207 80 0 5 1 0 64 254 202 7 0 0 13 2 0 6 0 0 0 0 0 0 0 5 6 26 89 155 7 0 3 0 0 0 64 251 227 5 7 0 0 1 0 0 0 0 0 0 3 2 0 0 0 0 8 13 5 1 10 3 8 0 121 247 146 0 0 18 8 0 18 0 0 0 0 0 0 3 5 0 0 0 0 0 12 0 0 4 0 35 238 255 126 4 7 0 5 11 0 11 0 0 0 0 0 0 1 5 3 1 5 12 0 4 12 6 15 127 255 241 250 226 101 0 1 0 4 0 0 0 0 0 8 0 0 1 2 0 0 0 14 0 0 0 120 253 244 245 226 255 246 59 0 13 0 4 0 0 0 0 3 0 0 2 9 8 5 2 1 0 6 56 235 220 71 33 16 110 238 166 9 0 10 5 0 0 0 0 0 3 3 0 0 0 0 0 0 7 0 1 121 49 13 0 0 3 243 255 41 0 3 0 0 0 0 0 0 0 0 0 0 0 0 0 0 0 7 0 0 4 0 8 0 6 106 252 132 4 9 0 0 0 0 0 0 0 0 0 0 0 0 0 0 0 7 17 3 0 6 0 0 0 32 223 255 43 0 15 0 0 0 0 0 0 0 0 0 0 0 0 2 4 0 0 1 0 11 0 5 5 0 126 255 79 16 0 0 0 0 0 0 0 0 0 0 0 0 0 0 16 0 0 3 0 0 2 0 0 103 244 246 22 0 0 0 0 0 0 0 0 0 0 0 0 0 0 0 0 31 23 0 4 6 0 1 18 175 249 145 5 4 6 0 0 0 0 0 0 0 0 0 0 0 0 27 72 244 237 45 0 0 0 40 157 255 158 8 0 7 0 0 0 0 0 0 0 0 0 0 0 0 0 0 57 240 255 71 0 109 199 254 239 170 40 0 1 5 0 0 0 0 0 0 0 0 0 0 0 0 0 0 10 88 228 255 218 230 247 212 114 15 0 15 0 0 0 0 0 0 0 0 0 0 0 0 0 0 0 10 0 5 103 224 255 167 59 0 0 0 0 0 0 0 0 0 0 0 0 0 0 0 0 0 0 0 0 0 0 0 0 0 6 4 0 0 0 0 0 0 0 0 0 0 0 0 0 0 0 0 0 0 0 0 0 4 5 2 0 0 1 0 0 0 0 0 0 0 0 0 0 0 0 0 0 0 0 0 0 0 0 0 0 0 0 0 0 3 5 5 3 0 0 0 0 0 0 0 0 0 0 0 0
0 0 0 0 0 0 0 0 0 9 0 1 0 0 8 0 0 4 0 9 5 0 7 0 0 0 0 0 0 0 0 0 0 0 0 0 16 0 4 9 0 11 2 16 12 3 0 0 0 0 3 0 0 0 0 0 0 0 0 0 0 0 0 0 6 0 0 8 0 2 0 0 0 0 0 1 8 0 17 0 0 0 0 0 0 0 0 0 0 0 0 0 0 14 0 0 13 4 4 7 2 0 9 1 0 0 13 0 0 0 0 0 0 0 0 0 0 0 0 0 8 0 15 0 8 0 0 0 5 0 0 8 0 0 0 3 0 0 0 0 0 0 0 0 0 0 0 0 1 18 66 230 240 160 255 187 106 39 0 0 10 13 0 4 0 0 0 0 0 0 0 0 0 0 0 0 7 0 118 255 255 254 253 255 255 184 97 0 0 0 0 0 0 0 0 0 0 0 0 0 0 0 0 0 0 17 8 112 118 106 121 170 243 255 238 26 14 0 11 0 0 0 0 0 0 0 0 0 0 0 0 0 1 7 0 0 4 2 0 0 122 236 255 33 0 0 13 0 0 0 0 0 0 0 0 0 0 0 0 0 0 5 5 12 0 0 7 30 225 246 255 9 0 15 1 0 0 0 0 0 0 0 0 0 0 0 0 0 5 0 9 0 0 13 45 234 251 255 171 15 18 0 0 0 0 0 0 0 0 0 0 0 0 0 0 0 0 11 2 23 56 114 235 238 240 163 11 0 0 0 8 8 0 0 0 0 0 0 0 0 0 0 0 0 0 0 21 141 255 252 255 221 99 3 0 14 0 9 8 0 0 0 0 0 0 0 0 0 0 0 0 0 14 45 241 255 246 209 108 23 0 0 17 0 4 0 5 0 0 0 0 0 0 0 0 0 0 0 0 0 2 132 247 254 244 170 200 244 255 255 138 40 13 0 4 4 0 0 0 0 0 0 0 0 0 0 0 0 4 166 255 237 255 243 255 255 255 241 255 220 20 22 0 0 0 0 0 0 0 0 0 0 0 2 2 1 0 32 119 107 93 121 101 112 113 124 255 255 92 0 0 3 0 0 0 0 0 0 1 2 2 0 0 0 16 0 0 0 5 10 0 0 0 75 246 240 46 1 10 0 0 0 0 0 2 0 0 0 0 1 4 7 0 2 0 4 0 0 6 10 49 248 250 201 0 0 1 0 0 0 0 0 0 0 0 0 0 0 1 5 0 9 1 0 0 2 4 0 47 255 232 121 0 6 0 9 0 0 0 0 0 0 3 9 5 0 0 0 0 0 4 6 9 0 0 15 157 235 255 76 6 4 0 0 0 0 0 0 3 0 0 1 0 0 4 16 58 8 0 0 0 0 18 128 255 241 109 11 0 0 12 4 0 0 0 0 10 0 0 0 0 0 18 39 234 192 119 107 132 143 196 255 252 190 1 3 7 1 0 0 0 0 0 0 0 0 1 8 4 0 0 11 144 255 255 247 250 246 255 235 160 0 16 0 7 2 0 13 0 0 0 0 0 0 0 0 0 0 0 0 16 59 170 213 163 157 138 45 0 0 0 0 0 0 0 0 0 0 0 0 0 0 0 0 0 0 0 0 0 0 10 6 0 0 12 0 0 0 0 0 0 0 0 0 0 0 0 0 0 0 0 0 0 0 0 0 6 8 0 1 11 0 0 6 0 0 0 0 0 0 0 0 0 0 0 0 0 0 0 0 0 0 0 0 0 0 0 0 16 2 0 2 0 0 0 0 0 0 0 0 0 0 0 0
0 0 0 0 0 0 0 0 0 4 2 0 2 1 0 0 1 0 3 0 0 3 0 0 0 0 0 0 0 0 0 0 0 0 0 0 4 8 0 0 0 0 3 14 0 15 0 2 7 0 21 0 0 0 0 0 0 0 0 0 0 0 0 0 0 2 2 1 4 0 0 0 12 0 18 0 0 9 0 5 0 0 0 0 0 0 0 0 0 0 0 0 1 1 0 0 4 2 0 7 0 0 0 6 1 0 2 17 0 0 0 0 0 0 0 0 0 0 0 0 0 1 0 0 5 4 0 0 4 7 4 0 2 9 0 0 0 0 0 0 0 0 0 0 0 0 0 0 0 10 3 0 0 4 2 0 59 83 165 158 196 233 99 7 0 0 0 0 0 0 0 0 0 0 0 0 0 30 44 47 85 146 196 223 243 255 253 240 255 255 150 7 0 0 0 0 0 0 0 0 0 0 0 0 174 232 255 251 249 255 255 253 255 242 255 243 254 245 98 0 0 0 0 0 0 0 0 0 0 0 0 0 163 119 184 211 207 166 101 53 18 25 138 253 235 157 31 0 0 0 0 0 0 0 0 0 0 0 0 0 0 6 3 0 19 0 4 6 31 146 255 246 78 0 4 0 0 0 0 0 0 0 0 0 0 0 0 0 13 0 4 3 7 0 8 87 235 255 222 67 11 9 0 11 0 0 0 0 0 0 0 0 0 0 0 0 0 15 0 0 11 51 214 254 253 114 8 0 0 0 9 0 0 0 0 0 0 0 0 0 0 0 0 0 0 0 22 45 154 240 253 229 117 0 20 7 0 10 0 11 0 0 0 0 0 0 0 0 0 0 0 0 7 0 116 250 255 248 240 46 8 7 0 0 0 3 5 0 0 0 0 0 0 0 0 0 0 0 0 0 0 134 255 251 253 255 245 236 96 20 0 21 3 0 0 6 0 0 0 0 0 0 0 0 0 0 0 0 0 62 187 196 166 181 234 251 252 232 24 0 13 0 2 0 0 0 0 0 0 8 6 0 1 0 0 12 0 6 0 0 10 0 20 70 239 255 91 14 2 0 3 0 0 0 0 0 12 0 0 0 0 0 0 0 10 0 2 12 11 2 0 0 209 243 131 0 6 8 0 6 0 0 0 0 0 0 0 20 0 18 11 0 7 0 4 0 0 0 0 21 193 251 154 0 6 7 0 5 0 0 0 0 0 6 3 1 0 0 0 5 2 0 0 8 14 14 0 84 243 253 91 10 0 0 0 0 0 0 0 0 8 0 6 10 91 16 0 7 0 4 5 5 0 0 72 248 255 166 3 0 0 2 9 0 0 0 0 0 0 0 0 132 242 155 2 1 3 1 0 5 39 141 233 255 174 30 0 0 7 0 0 3 0 0 0 0 0 6 0 156 255 240 83 70 83 144 187 218 242 253 250 168 37 0 10 7 5 0 0 4 0 0 0 0 7 0 0 36 201 245 255 255 254 255 241 255 239 90 31 5 0 8 0 6 0 1 7 0 0 0 0 0 0 2 0 0 19 87 142 164 153 109 69 52 35 8 0 0 0 0 0 0 0 0 0 0 0 0 0 0 0 6 5 0 0 6 9 1 16 0 0 1 6 0 0 8 0 0 0 0 0 0 0 0 0 0 0 0 0 0 3 2 1 0 0 0 0 0 0 1 0 0 0 2 0 0 0 0 0 0 0 0 0 0 0 0 5 0 0 0 0 2 8 15 3 7 7 1 0 0 1 2 0 0 0 0 0 0 0 0 0 0 0 0
5 9 0 4 0 3 0 6 4 0 0 9 0 3 1 0 0 1 0 0 11 0 6 0 0 0 0 0 0 0 0 7 7 0 0 6 0 7 8 0 0 4 8 5 8 4 10 1 3 0 2 12 0 0 0 0 0 5 5 0 0 3 4 0 0 8 10 0 6 0 0 0 0 0 1 0 3 2 1 0 0 0 0 0 0 0 6 1 2 0 3 0 0 0 0 5 15 7 1 7 16 5 11 0 0 12 8 0 0 0 0 0 11 0 0 7 0 0 0 9 7 7 0 10 0 0 1 3 0 0 7 7 0 4 1 2 0 0 0 0 0 5 0 0 0 87 139 144 144 153 137 190 193 238 137 33 22 10 0 4 11 0 0 4 0 0 0 0 0 17 0 0 10 176 254 255 238 255 249 245 237 255 246 250 201 152 5 0 0 0 0 5 0 0 0 0 5 8 0 13 0 100 142 159 218 225 140 106 133 141 132 203 252 238 59 2 4 5 11 0 0 0 0 0 0 0 0 0 0 0 0 0 2 5 10 0 7 1 8 0 61 253 111 10 0 0 0 6 0 0 0 0 0 0 0 0 0 0 0 0 0 0 7 0 0 0 0 14 104 230 139 0 0 0 10 0 0 0 0 0 0 0 0 0 0 0 0 0 13 0 0 9 6 7 0 72 235 255 19 16 0 6 3 7 0 0 0 0 0 0 0 0 0 0 0 0 0 9 12 0 0 68 131 254 255 255 2 0 9 0 0 0 0 0 0 0 0 0 0 0 0 0 0 0 13 0 27 110 198 249 237 253 236 255 205 58 3 7 0 1 0 0 0 0 0 0 0 0 0 0 0 0 0 29 178 255 251 250 255 229 146 165 255 223 97 0 1 11 0 0 0 0 0 0 0 0 0 0 0 0 3 241 248 229 255 230 74 0 0 0 113 246 255 39 9 0 0 0 0 0 0 0 0 0 0 0 0 0 0 220 255 236 101 43 7 5 0 7 8 191 255 203 18 8 0 0 0 0 2 8 1 0 0 0 0 4 2 12 15 10 1 0 1 0 9 0 4 38 230 253 82 0 0 0 0 0 0 2 0 0 4 2 0 0 0 0 0 8 4 0 10 0 0 7 0 47 248 241 58 5 0 0 0 0 0 0 0 0 6 2 0 0 3 10 0 10 5 0 14 0 0 0 1 58 250 250 20 10 0 0 0 0 0 3 1 0 3 0 0 11 30 0 5 3 0 0 0 13 2 4 0 182 243 211 0 0 0 0 0 0 0 4 2 0 0 0 9 33 238 148 4 0 0 3 8 6 0 0 88 217 233 30 22 5 0 0 0 0 0 1 0 0 0 0 15 43 255 223 41 15 6 0 0 0 28 106 242 255 112 11 0 0 0 0 0 0 0 0 0 0 3 0 6 28 231 255 230 97 21 55 26 143 226 254 255 111 0 0 0 17 0 0 0 0 4 1 0 1 7 0 0 6 13 221 236 255 255 253 246 255 240 236 65 3 23 0 8 0 0 0 0 0 0 0 0 0 0 0 0 0 0 13 116 222 251 255 251 199 61 31 4 0 1 0 0 2 0 0 0 0 0 0 0 0 0 0 0 0 14 0 0 12 0 0 6 0 16 2 0 0 3 0 0 3 0 0 0 0 0 0 0 0 0 0 0 0 8 0 0 5 0 0 4 7 0 0 0 5 3 0 0 3 0 0 0 0 0 0 0 0 0 0 0 0 3 4 2 2 0 0 0 4 6 3 4 4 0 0 0 5 0 0 0 0
0 0 9 0 0 3 0 2 0 4 2 0 7 10 0 13 8 3 0 0 6 1 0 0 0 0 0 0 3 0 0 1 4 5 0 0 1 7 4 7 7 0 0 0 0 8 9 0 0 9 5 0 0 0 0 0 3 0 0 2 0 0 5 0 0 1 0 8 0 0 22 1 17 3 0 6 8 0 0 12 0 0 0 0 0 0 0 2 0 0 11 1 2 6 0 0 0 0 5 0 0 0 0 1 7 1 0 0 0 0 0 0 0 4 4 2 0 0 3 0 0 6 9 0 13 17 0 6 9 3 0 0 8 3 0 0 0 0 0 0 2 0 1 0 3 3 0 8 38 60 80 85 147 190 176 214 202 122 30 0 0 0 0 9 0 0 0 0 6 0 2 0 1 0 1 104 246 253 248 243 255 255 255 251 255 255 162 26 0 9 17 0 0 0 0 0 10 0 15 0 0 0 32 217 249 255 252 255 247 216 192 129 133 238 255 134 17 0 0 0 0 0 0 0 3 0 4 0 1 2 71 255 255 233 160 94 28 4 21 0 4 79 255 186 0 11 5 0 0 0 0 0 0 0 9 0 0 0 26 144 145 55 0 0 2 1 0 2 0 96 255 255 33 2 0 0 0 0 0 0 0 0 10 0 0 2 0 28 12 0 5 0 0 12 0 0 80 195 251 216 1 0 10 15 0 0 0 0 6 0 6 0 0 9 0 0 0 0 4 11 0 0 4 65 186 255 250 134 13 0 4 0 0 0 0 0 8 0 2 0 0 7 5 0 3 8 0 25 79 152 225 238 255 251 183 2 6 0 3 10 0 0 0 0 4 0 1 4 0 0 2 0 0 0 64 217 255 238 254 255 255 244 205 0 8 2 0 0 0 0 0 0 0 1 0 2 1 0 0 0 0 14 123 241 255 254 255 253 222 249 255 83 0 0 9 0 0 0 0 0 0 6 0 0 3 2 2 0 0 0 136 255 255 223 150 86 12 105 247 213 32 0 0 1 0 0 0 0 2 0 0 0 1 2 3 3 0 0 5 50 60 7 0 0 7 26 198 244 125 0 9 2 0 0 0 0 0 0 0 1 1 1 0 0 4 0 0 10 0 0 11 0 0 14 131 255 190 5 0 0 0 0 0 0 0 0 1 2 1 0 0 0 0 12 1 6 12 0 0 1 0 15 184 236 139 3 0 13 0 0 0 0 0 0 2 2 0 0 0 0 14 0 0 0 0 0 25 0 0 51 255 255 58 3 0 0 0 0 0 0 0 1 1 0 0 0 5 9 143 191 148 58 2 0 0 11 49 159 250 255 20 0 7 0 0 0 0 0 1 2 2 0 0 1 7 13 247 255 244 198 10 0 0 54 183 255 255 121 3 0 4 3 0 0 0 0 0 2 3 1 0 0 5 10 228 255 245 255 196 209 186 255 251 255 199 15 9 0 0 0 0 0 0 0 0 1 4 3 0 0 1 5 43 144 255 254 239 255 255 245 255 194 13 0 0 3 0 3 0 0 0 0 0 0 0 0 0 0 0 0 0 5 70 178 255 249 190 142 100 37 0 0 7 0 0 5 0 0 0 0 0 0 0 0 0 0 0 0 1 0 0 1 1 0 0 13 13 0 0 4 7 0 0 0 0 0 0 0 0 0 0 0 0 0 0 0 6 7 7 5 0 0 0 0 0 0 4 0 0 0 2 1 0 0 0 0 0 0 0 0 0 0 0 0 0 0 0 0 9 14 5 0 7 10 4 0 0 3 5 0 0 0 0 0
0 0 0 0 0 0 0 0 0 0 10 0 1 0 8 0 3 0 5 5 0 0 6 0 0 0 0 0 0 0 0 0 0 0 0 0 8 5 0 0 0 0 4 0 3 0 0 0 7 2 0 0 0 0 0 0 0 0 0 0 0 0 0 0 0 0 0 11 21 3 4 1 0 10 1 0 3 0 0 11 0 0 0 0 0 0 0 0 0 0 0 0 0 22 14 0 0 0 5 0 0 1 3 0 3 10 1 0 0 0 0 0 0 0 0 0 0 0 0 0 0 0 10 0 20 6 0 7 10 0 0 12 0 0 0 0 0 0 0 0 0 0 0 0 0 0 0 0 6 0 9 0 9 30 135 254 241 111 27 32 31 4 0 3 0 0 0 0 0 0 0 0 0 0 0 0 0 9 0 53 131 228 255 249 255 248 247 255 233 94 0 1 0 0 0 0 0 0 0 0 0 0 0 0 0 11 0 213 255 254 221 147 132 142 131 188 255 164 19 0 0 0 0 0 0 0 0 0 0 0 0 0 4 0 0 149 185 73 0 0 0 11 10 102 249 167 4 0 0 0 0 0 0 0 0 0 0 0 0 0 0 10 0 6 14 0 0 9 2 0 88 255 242 43 0 10 0 0 0 0 0 0 0 0 0 0 0 0 0 2 10 0 0 0 17 2 2 35 208 243 161 0 10 0 0 0 0 0 0 0 0 0 0 0 0 0 18 0 0 0 4 0 0 0 12 239 242 131 0 9 0 3 0 0 0 0 0 0 0 0 0 0 0 0 0 0 3 17 0 1 8 37 140 253 147 15 0 0 12 0 0 0 0 0 0 0 0 0 0 0 0 0 0 19 2 0 5 93 178 244 234 73 0 0 0 24 0 0 0 0 0 0 0 0 0 0 0 0 0 0 0 97 170 240 255 255 255 252 230 31 6 0 0 2 0 10 0 0 0 0 0 0 0 0 0 0 0 0 185 228 241 255 254 158 176 211 246 217 20 21 0 0 17 0 0 0 0 0 3 2 13 0 12 0 0 4 212 171 83 21 13 0 0 33 170 249 86 0 5 0 13 0 0 0 0 0 0 0 0 0 0 10 1 0 0 0 5 8 0 0 8 0 3 235 210 16 2 0 0 5 0 0 0 0 14 1 0 11 0 10 0 0 7 2 0 0 10 0 0 4 0 230 170 0 2 6 1 5 0 0 0 0 0 0 0 7 0 0 0 18 0 4 10 0 0 5 10 0 113 255 93 11 0 2 3 0 0 0 0 0 0 4 0 0 56 52 0 0 3 10 0 0 21 0 0 58 242 243 53 6 0 1 12 0 0 0 0 0 10 10 0 9 167 215 110 0 0 0 0 8 0 0 64 211 249 104 7 0 3 4 0 6 0 0 0 0 0 0 0 19 152 255 225 137 153 62 39 28 17 134 255 243 92 0 8 5 18 0 0 8 0 0 0 0 3 0 7 0 0 120 218 255 239 255 251 255 255 148 40 55 7 0 3 0 0 10 7 0 0 0 0 0 4 0 0 7 0 0 38 101 151 207 215 134 44 8 6 3 0 0 0 0 0 0 0 0 0 0 0 0 0 0 0 7 4 0 1 14 0 9 11 0 0 1 0 0 0 0 0 0 0 0 0 0 0 0 0 0 0 1 0 0 0 5 0 0 4 0 0 0 6 8 5 3 0 0 0 0 0 0 0 0 0 0 0 0 0 5 2 0 0 4 10 7 8 3 3 4 0 0 0 0 0 0 0 0 0 0 0 0 0 0 0 0
0 0 0 0 0 0 0 0 3 12 0 0 2 0 2 2 0 8 4 0 0 7 5 0 0 0 0 0 0 0 0 0 0 0 0 0 0 0 0 0 11 9 4 0 6 0 0 5 0 0 0 23 0 0 0 0 0 0 0 0 0 0 0 0 6 0 21 3 0 0 4 0 0 6 4 2 14 0 3 0 0 0 0 0 0 0 0 0 0 0 0 0 6 0 0 0 2 0 55 34 46 136 182 149 114 50 8 10 0 0 0 0 0 0 0 0 0 0 0 0 3 9 3 1 21 53 229 255 249 255 255 255 255 235 7 0 0 0 0 0 0 0 0 0 0 0 0 0 0 6 0 0 0 19 188 246 247 135 175 238 247 255 184 0 0 0 0 0 0 0 0 0 0 0 0 0 7 2 0 0 9 3 10 0 11 0 0 68 255 231 148 0 0 0 0 0 0 0 0 0 0 0 0 0 0 0 13 0 0 7 0 9 0 0 97 205 255 239 19 2 0 0 0 0 0 0 0 0 0 0 0 0 0 0 0 0 2 2 1 6 8 10 220 255 214 49 23 0 0 0 0 0 0 0 0 0 0 0 0 0 0 8 14 0 0 4 0 11 84 252 251 167 12 0 0 1 0 0 0 0 0 0 0 0 0 0 0 0 8 0 0 15 0 4 50 172 255 255 146 14 3 0 13 0 0 0 0 0 0 0 0 0 0 0 0 0 0 0 26 7 62 49 181 255 242 75 3 0 7 0 0 5 0 0 0 0 0 0 0 0 0 0 0 0 9 3 0 189 255 255 243 255 171 37 16 0 0 0 1 0 0 0 0 0 0 0 0 0 0 0 0 0 0 6 8 121 249 249 255 237 255 197 30 8 0 21 1 0 0 0 0 0 0 0 0 0 0 0 0 0 0 3 0 5 11 5 109 196 247 254 146 0 23 0 0 4 0 0 0 0 0 0 0 0 0 0 0 0 0 3 2 0 0 10 0 7 78 242 255 56 1 10 1 0 0 0 0 0 10 0 0 10 5 0 8 0 0 8 0 2 0 0 15 0 0 248 248 165 0 6 0 2 0 0 0 0 0 8 4 0 8 7 0 8 0 0 17 0 0 14 0 1 0 255 252 126 0 7 0 1 0 0 0 0 16 0 14 9 3 25 23 0 3 2 0 0 0 0 0 29 104 254 227 32 19 0 14 0 0 0 0 0 0 9 0 21 127 216 120 0 9 0 13 6 9 7 14 123 253 247 99 4 0 5 0 5 0 0 0 0 0 0 0 193 255 255 176 147 138 146 43 31 31 32 179 255 251 149 5 0 0 11 0 3 0 0 0 0 10 0 10 242 255 251 250 251 251 255 248 245 255 255 250 226 101 17 0 0 16 0 11 0 0 0 0 0 3 9 0 108 108 27 35 137 141 195 189 242 255 206 148 29 0 0 0 16 0 9 0 0 0 0 0 0 0 0 1 3 0 5 14 0 6 0 0 0 0 0 4 1 5 7 3 0 1 0 0 5 0 0 0 0 0 0 0 0 0 0 0 0 0 0 0 0 0 0 0 0 0 0 0 0 0 0 0 0 0 0 0 0 0 0 0 0 0 0 0 0 0 0 0 0 0 0 0 0 0 0 0 0 0 0 0 0 0 0 0 0 0 0 0 0 0 0 0 0 0 0 0 0 0 0 0 0 0 0 0 0 0 0 0 0 0 0 0 0 0 0 0 0 0 0 0 0 0 0 0 0 0 0 0 0 0 0 0 0 0 0 0 0 0 0 0 0
0 0 0 0 0 0 0 0 0 26 0 0 4 0 12 0 6 0 8 0 9 0 2 1 0 0 0 0 0 0 0 0 0 0 0 0 0 0 6 12 3 0 0 0 0 0 0 8 14 0 0 1 0 0 0 0 0 0 0 0 0 0 0 0 11 0 0 3 0 0 13 0 6 24 3 0 0 15 0 9 0 0 0 0 0 0 0 0 0 0 0 0 1 0 5 1 0 25 103 179 167 191 40 4 0 0 8 0 0 0 0 0 0 0 0 0 0 0 0 0 0 0 1 0 101 239 243 254 255 254 100 0 3 8 0 4 0 0 0 0 0 0 0 0 0 0 0 0 6 8 7 128 253 252 181 82 132 255 108 4 3 0 23 0 0 0 0 0 0 0 0 0 0 0 0 0 0 11 102 255 196 11 0 8 81 255 136 12 0 9 2 0 0 0 0 0 0 0 0 0 0 0 0 0 1 4 161 111 0 17 0 0 151 255 59 3 0 0 0 7 0 0 0 0 0 0 0 0 0 0 0 0 0 9 0 0 8 2 0 5 223 241 26 0 11 0 2 1 0 0 0 0 0 0 0 0 0 0 0 0 7 0 17 3 0 0 9 85 255 230 20 0 0 23 0 0 0 0 0 0 0 0 0 0 0 0 0 0 1 6 3 0 17 0 6 205 237 73 0 11 0 0 0 16 0 0 0 0 0 0 0 0 0 0 0 0 1 0 0 14 4 2 134 246 225 21 0 0 0 8 20 0 0 0 0 0 0 0 0 0 0 0 0 0 0 4 17 0 0 56 238 255 69 2 0 15 0 9 0 0 0 0 0 0 0 0 0 0 0 0 0 0 6 0 0 12 148 238 255 241 255 184 43 0 6 5 0 19 0 0 0 0 0 0 0 0 0 0 0 0 2 42 98 136 251 244 197 167 226 255 217 49 6 0 0 0 0 0 0 0 0 0 0 0 0 0 0 0 146 255 113 26 191 125 22 1 34 134 255 198 9 5 0 4 0 0 0 0 0 6 0 0 0 14 0 138 255 104 7 1 5 12 0 13 0 13 221 251 47 0 0 0 0 0 0 0 0 0 0 10 0 0 1 186 246 64 0 0 0 0 11 0 7 0 169 244 94 0 8 3 0 0 0 0 4 0 0 12 0 0 6 177 249 85 0 14 3 0 10 0 9 18 227 255 49 14 0 0 0 0 0 0 1 2 0 0 0 7 0 86 248 186 4 0 0 10 0 10 5 171 255 195 0 0 13 0 0 0 0 0 0 4 1 0 0 13 0 11 222 255 124 66 5 0 0 92 167 255 255 23 2 15 0 9 0 0 0 0 1 0 3 0 0 3 0 1 0 187 255 255 246 255 255 236 255 206 106 0 10 0 11 0 0 0 0 0 0 0 6 2 0 0 0 5 9 7 78 205 255 233 238 223 131 23 5 10 0 2 0 0 0 0 0 0 0 0 8 0 0 4 7 0 0 0 0 9 0 8 11 0 0 1 3 0 14 0 0 1 0 0 0 0 0 0 0 0 0 0 0 0 0 0 0 0 0 0 0 0 0 0 0 0 0 0 0 0 0 0 0 0 0 0 0 0 0 0 0 0 0 0 0 0 0 0 0 0 0 0 0 0 0 0 0 0 0 0 0 0 0 0 0 0 0 0 0 0 0 0 0 0 0 0 0 0 0 0 0 0 0 0 0 0 0 0 0 0 0 0 0 0 0 0 0 0 0 0 0 0 0 0 0 0 0 0 0 0 0 0 0 0 0 0 0 0
0 0 3 2 0 0 0 0 0 0 7 5 0 5 2 0 4 0 2 7 0 0 10 3 0 0 0 0 0 0 1 0 0 1 2 3 0 11 0 0 0 0 7 0 0 0 0 5 5 6 7 0 0 0 0 0 2 0 0 0 0 3 4 4 15 1 3 7 6 0 0 12 7 1 0 0 1 5 3 0 0 0 0 0 2 0 0 0 1 2 1 0 0 0 14 2 0 6 3 0 0 0 3 0 0 0 0 9 0 0 0 0 0 0 0 1 2 0 0 0 22 0 3 115 174 185 184 65 12 0 1 3 2 3 0 4 0 0 0 0 0 0 3 2 0 0 0 0 0 46 226 255 246 255 237 253 90 10 0 0 0 8 0 1 0 0 0 0 0 2 4 2 0 0 4 11 74 249 255 212 150 141 232 246 142 18 0 0 0 5 0 2 0 0 0 0 0 3 5 1 0 0 10 22 255 239 133 16 2 11 81 255 115 0 0 15 0 4 0 0 0 0 0 0 0 0 2 2 0 0 9 26 247 112 1 0 0 16 183 227 18 0 0 2 0 3 7 0 0 0 0 0 0 0 2 3 0 0 3 14 100 0 0 9 0 86 242 133 0 5 9 0 0 10 0 0 0 0 0 0 0 0 1 4 2 0 0 1 5 5 0 0 79 244 255 94 5 0 5 2 0 3 0 5 0 0 0 0 0 0 0 2 2 0 0 0 0 0 11 65 238 252 238 243 137 30 0 12 7 0 7 1 0 0 0 0 2 0 0 0 1 3 1 0 8 15 61 254 255 234 133 246 255 168 23 0 2 0 14 0 0 0 0 0 2 2 0 0 0 3 4 2 0 0 189 251 239 96 20 29 186 255 152 14 0 0 5 0 0 0 0 0 0 3 3 0 0 2 3 0 0 3 238 252 154 10 0 11 42 229 249 87 0 0 0 6 0 0 0 0 0 4 6 0 0 0 0 0 10 0 183 169 1 0 9 0 0 126 252 136 0 3 1 4 0 0 0 0 4 0 6 0 0 3 1 5 0 0 8 12 0 0 4 1 2 34 244 203 11 0 1 0 0 0 0 0 0 0 5 4 4 1 0 0 3 1 0 0 0 14 0 0 0 0 185 239 37 2 11 0 0 0 0 0 0 0 3 0 1 1 4 46 105 10 2 13 0 0 1 0 0 4 147 255 27 2 5 0 0 0 0 0 0 5 6 0 0 0 20 94 255 92 0 0 1 9 22 0 0 33 205 225 30 0 11 0 0 0 0 0 0 2 7 0 4 0 0 56 253 255 145 66 35 0 0 0 8 130 254 186 4 6 0 2 0 0 0 0 3 0 0 0 7 1 0 9 120 237 255 255 247 182 160 152 147 247 255 116 0 23 0 0 0 0 0 0 9 0 0 0 1 7 0 2 0 76 193 254 254 250 250 249 255 252 207 11 15 0 11 0 0 0 0 0 0 0 10 6 0 3 0 0 6 0 11 15 123 253 253 255 252 206 67 13 0 5 0 1 0 0 0 0 0 0 0 0 0 0 0 0 0 0 0 0 0 0 0 0 0 0 0 0 0 0 0 0 0 0 0 0 0 0 0 0 0 0 0 0 0 0 0 0 0 0 0 0 0 0 0 0 0 0 0 0 0 0 0 0 0 0 0 0 0 0 0 0 0 0 0 0 0 0 0 0 0 0 0 0 0 0 0 0 0 0 0 0 0 0 0 0 0 0 0 0 0 0 0 0 0 0 0 0 0 0 0 0 0 0 0 0 0 0 0 0
0 0 10 0 1 0 11 5 1 0 0 1 1 0 0 0 0 5 1 0 0 6 4 4 0 0 0 0 11 0 0 0 15 0 0 0 2 1 0 0 0 5 4 0 1 2 2 5 4 0 0 0 0 0 0 0 0 3 10 0 1 6 12 0 2 0 0 0 0 1 1 0 4 0 0 0 2 5 5 5 0 0 0 0 4 0 0 2 0 0 0 13 1 0 4 15 9 0 0 7 0 6 9 0 0 5 7 0 0 0 0 0 0 0 0 0 1 7 1 0 0 0 0 0 0 0 4 6 0 0 13 10 0 0 3 0 0 0 0 0 0 0 1 7 0 0 0 0 8 70 138 186 234 255 240 192 94 14 0 0 5 0 5 11 0 0 0 0 15 0 0 20 0 0 24 107 226 249 255 239 238 255 255 255 241 82 0 0 6 0 0 0 0 0 0 0 0 20 2 0 8 138 225 255 254 226 171 95 16 0 8 55 255 104 6 5 6 0 5 5 0 0 0 0 2 4 0 0 224 255 247 200 115 26 0 0 16 0 11 138 255 165 2 3 0 1 0 0 0 0 0 0 0 0 0 43 225 223 105 0 6 0 10 2 0 0 6 221 244 89 0 0 0 6 6 4 0 0 0 0 0 14 0 0 9 16 0 3 7 0 0 2 7 4 160 255 255 38 5 0 6 0 0 0 0 0 0 0 2 9 0 8 10 14 0 0 0 15 0 0 0 164 255 245 91 0 12 0 0 0 0 0 0 0 0 0 0 0 7 0 0 0 0 10 0 19 0 69 215 239 255 126 15 0 16 0 0 15 10 0 0 0 0 0 11 0 3 0 9 0 9 0 0 0 96 231 255 255 62 0 0 0 0 10 5 0 0 13 0 0 0 0 0 0 4 2 8 1 3 0 7 124 251 255 249 252 255 252 231 144 30 0 0 12 0 4 0 0 0 0 2 5 1 0 0 1 4 4 3 208 255 255 227 169 163 178 188 255 255 114 0 0 6 0 0 0 0 0 0 0 0 0 0 0 0 0 4 0 88 59 0 2 14 0 0 67 140 255 130 6 0 0 0 0 0 0 0 0 0 0 0 0 0 0 6 0 2 5 0 4 0 13 0 11 0 115 255 112 0 6 0 0 0 0 0 0 0 0 0 0 0 0 0 0 10 0 0 0 10 5 4 0 18 0 197 211 25 1 0 0 0 0 0 0 0 0 0 0 0 0 10 0 0 30 0 6 0 0 11 0 0 25 190 255 101 0 0 0 0 0 0 0 0 0 0 0 0 0 0 9 0 0 9 0 3 16 2 5 0 113 251 255 73 0 0 0 0 0 0 0 0 0 0 0 0 0 10 0 1 18 0 0 0 0 0 90 211 255 255 169 16 2 0 0 0 0 0 0 0 0 0 0 0 0 2 0 87 246 33 16 10 122 231 255 240 221 131 0 5 0 0 0 0 0 0 0 0 0 0 0 0 0 0 3 171 254 252 253 255 255 255 209 105 26 3 5 4 0 0 0 0 0 0 0 0 0 0 0 0 0 0 6 88 204 250 205 156 148 40 15 0 0 3 1 0 0 0 0 0 0 0 0 0 0 0 0 0 0 2 0 0 0 1 0 0 0 17 3 0 0 2 0 0 4 0 0 0 0 0 0 0 0 0 0 0 0 0 11 11 0 0 1 1 0 0 0 0 3 2 0 0 5 0 0 0 0 0 0 0 0 0 0 0 0 0 0 2 7 6 2 2 5 0 0 3 7 4 0 0 2 0 0 0 0
0 0 0 0 0 0 0 0 0 0 6 0 6 0 2 3 0 5 0 0 4 0 0 3 0 0 0 0 0 0 0 0 0 0 0 0 3 0 1 0 10 6 13 0 0 5 0 0 1 0 1 0 0 0 0 0 0 0 0 0 0 0 0 0 0 1 5 0 0 0 5 0 0 17 2 0 0 0 1 0 0 0 0 0 0 0 0 0 0 0 0 0 1 0 5 7 11 5 0 0 0 11 0 0 9 8 7 0 0 0 0 0 0 0 0 0 0 0 0 0 1 0 6 1 0 0 35 112 255 221 91 0 0 0 0 6 0 0 0 0 0 0 0 0 0 0 0 0 0 0 2 0 0 75 159 255 235 255 235 192 203 132 0 0 0 0 0 0 0 0 0 0 0 0 0 0 8 0 0 11 99 243 255 254 255 255 237 197 255 195 5 11 0 0 0 0 0 0 0 0 0 0 0 0 0 6 0 0 76 252 253 208 104 55 14 28 210 219 2 0 0 0 0 0 0 0 0 0 0 0 0 0 2 0 7 0 1 21 15 8 0 10 3 48 255 193 3 0 0 0 0 0 0 0 0 0 0 0 0 0 0 0 9 2 0 1 2 3 3 0 72 207 251 96 0 9 0 0 0 0 0 0 0 0 0 0 0 0 9 8 0 0 1 2 0 0 0 124 245 255 107 0 2 0 0 0 0 0 0 0 0 0 0 0 0 0 0 9 0 4 9 0 6 10 145 241 253 175 44 0 19 5 0 0 0 0 0 0 0 0 0 0 0 0 5 0 0 7 0 0 78 174 250 253 177 46 0 0 0 0 0 0 0 0 0 0 0 0 0 0 0 0 0 12 13 0 26 171 251 255 249 92 0 0 27 0 0 19 0 0 0 0 0 0 0 0 0 0 0 0 14 0 48 139 208 255 253 255 221 166 44 5 0 0 0 0 0 0 0 0 0 0 0 0 0 0 0 0 0 10 175 249 246 255 217 210 232 240 48 0 0 10 4 0 0 0 0 0 1 0 4 0 5 0 5 2 0 0 109 246 183 61 8 3 87 255 112 2 0 3 0 3 0 0 0 0 9 0 14 19 0 3 7 0 4 10 0 11 6 22 0 6 164 251 84 3 1 7 0 0 0 0 0 0 0 19 0 0 7 16 0 6 0 0 12 0 1 0 41 189 255 241 56 2 0 1 2 0 0 0 0 0 0 18 0 20 1 0 6 0 0 7 3 0 28 193 230 255 244 163 19 2 0 0 6 0 0 0 0 0 9 1 0 0 7 0 0 0 36 54 170 192 252 255 243 226 85 34 0 6 0 0 8 0 0 0 0 0 0 0 71 101 206 225 177 222 237 247 240 243 251 219 85 36 0 0 0 8 0 0 3 0 0 0 0 0 0 9 156 253 255 255 247 250 253 255 250 162 107 6 0 0 5 1 9 1 0 0 0 0 0 0 0 0 0 5 0 116 151 136 156 152 141 45 10 16 0 0 12 1 0 0 6 0 1 8 0 1 0 0 0 0 0 0 0 0 0 0 0 0 0 0 0 0 0 0 0 0 0 0 0 0 0 0 0 0 0 0 0 0 0 0 0 0 0 0 0 0 0 0 0 0 0 0 0 0 0 0 0 0 0 0 0 0 0 0 0 0 0 0 0 0 0 0 0 0 0 0 0 0 0 0 0 0 0 0 0 0 0 0 0 0 0 0 0 0 0 0 0 0 0 0 0 0 0 0 0 0 0 0 0 0 0 0 0 0 0 0 0 0 0 0 0 0
0 0 0 0 0 0 0 0 9 0 0 0 0 0 4 2 12 0 0 5 0 0 0 0 0 0 0 0 0 0 0 0 0 0 0 0 0 0 4 9 4 2 2 0 0 8 3 0 3 0 0 13 0 0 0 0 0 0 0 0 0 0 0 0 0 0 3 2 0 0 0 0 0 0 0 0 2 4 0 0 0 0 0 0 0 0 0 0 0 0 0 0 0 1 0 0 0 3 1 1 6 6 4 0 0 1 1 0 0 0 0 0 0 0 0 0 0 0 0 0 0 2 0 0 11 9 0 1 0 0 0 7 0 0 6 1 0 0 0 0 0 0 0 0 0 0 0 0 0 3 0 0 8 0 0 5 0 26 13 42 122 106 25 2 0 0 0 0 0 0 0 0 0 0 0 0 0 5 0 0 0 0 24 96 210 133 192 255 248 255 212 14 0 0 0 0 0 0 0 0 0 0 0 0 0 10 2 0 1 20 109 234 254 255 244 238 255 243 126 0 0 0 0 0 0 0 0 0 0 0 0 0 0 8 1 0 69 208 249 252 231 128 26 199 255 184 30 0 0 0 0 0 0 0 0 0 0 0 0 0 1 3 0 58 239 252 249 180 19 40 158 251 227 64 0 0 0 0 0 0 0 0 0 0 0 0 0 0 10 0 8 90 248 228 48 0 84 248 252 233 14 5 7 0 0 0 0 0 0 0 0 0 0 0 0 0 0 26 0 6 23 9 3 51 255 243 234 79 0 0 6 0 0 0 0 0 0 0 0 0 0 0 0 0 7 0 0 0 0 0 122 243 248 213 67 13 0 20 19 0 0 0 0 0 0 0 0 0 0 0 0 0 0 0 29 45 72 210 242 247 172 62 10 0 0 3 0 28 0 0 0 0 0 0 0 0 0 0 0 0 0 6 31 253 239 255 249 255 31 0 0 0 9 1 8 0 0 0 0 0 0 0 0 0 0 0 0 0 9 0 22 132 130 190 190 241 198 43 1 9 0 0 0 5 0 0 0 0 0 6 0 2 0 0 11 0 0 8 0 2 4 0 0 179 254 215 0 0 0 5 2 1 0 0 0 0 8 0 2 0 16 1 0 15 3 2 0 16 0 3 80 248 222 120 0 5 9 2 0 0 0 0 0 0 0 5 7 20 20 11 0 0 3 12 0 16 57 202 255 240 126 6 0 0 7 0 0 3 0 0 0 0 13 0 7 241 217 179 173 180 168 173 212 255 245 255 200 95 28 0 12 0 0 0 5 4 0 0 0 0 0 0 10 255 255 251 255 255 255 235 255 242 150 76 2 0 0 1 19 0 0 0 0 0 0 0 0 0 5 3 0 49 163 255 254 235 246 197 146 44 0 19 0 9 0 13 0 0 9 2 0 0 0 0 0 0 0 4 12 0 6 18 52 126 21 6 6 0 0 3 0 3 1 0 0 0 10 4 0 3 0 0 0 0 0 0 0 12 8 0 0 0 2 0 0 10 7 0 2 0 3 0 19 0 0 2 2 0 0 0 0 0 0 0 0 0 0 0 0 0 0 0 0 0 0 0 0 0 0 0 0 0 0 0 0 0 0 0 0 0 0 0 0 0 0 0 0 0 0 0 0 0 0 0 0 0 0 0 0 0 0 0 0 0 0 0 0 0 0 0 0 0 0 0 0 0 0 0 0 0 0 0 0 0 0 0 0 0 0 0 0 0 0 0 0 0 0 0 0 0 0 0 0 0 0 0 0 0 0 0 0 0 0 0 0 0 0 0 0 0 0 0 0 0
0 0 0 0 0 0 0 0 0 0 0 4 6 0 0 0 1 0 5 3 0 0 6 0 0 0 0 0 0 0 0 0 0 0 0 0 11 0 5 0 0 9 4 9 1 3 0 3 2 0 1 4 0 0 0 0 0 0 0 0 0 0 0 0 0 12 0 0 21 0 6 0 0 11 0 7 6 0 0 2 0 0 0 0 0 0 0 0 0 0 0 0 0 0 89 191 250 125 95 19 1 0 9 2 0 0 3 0 0 0 0 0 0 0 0 0 0 0 0 0 1 104 238 255 244 252 248 129 70 0 12 0 0 0 6 1 0 0 0 0 0 0 0 0 0 0 0 0 9 148 78 158 206 226 252 243 197 29 4 0 6 0 0 3 0 0 0 0 0 0 0 0 0 0 0 0 0 157 0 0 13 0 88 255 255 120 1 0 12 0 0 0 0 0 0 0 0 0 0 0 0 0 0 0 4 0 5 0 13 0 36 255 248 179 0 0 3 5 0 1 0 0 0 0 0 0 0 0 0 0 0 0 0 2 6 4 0 5 35 248 249 180 0 6 3 0 7 0 0 0 0 0 0 0 0 0 0 0 0 0 6 0 0 4 6 34 171 249 240 87 0 0 0 25 0 3 0 0 0 0 0 0 0 0 0 0 0 0 0 10 7 0 211 249 252 245 129 5 3 22 0 0 0 0 0 0 0 0 0 0 0 0 0 0 0 0 0 0 35 255 248 236 244 145 15 5 0 0 7 2 0 8 0 0 0 0 0 0 0 0 0 0 0 0 5 3 26 229 235 255 242 61 0 0 16 2 1 16 0 0 0 0 0 0 0 0 0 0 0 0 0 0 1 1 10 23 243 251 246 255 113 51 0 3 0 0 9 0 0 0 0 0 0 0 0 0 0 0 0 0 1 5 0 4 54 137 249 255 252 225 32 0 15 0 0 16 0 0 0 0 0 0 0 0 0 0 0 0 0 5 6 0 0 7 20 207 255 247 247 174 0 0 0 0 0 0 0 0 0 12 0 0 8 1 0 4 12 0 5 0 0 4 0 30 105 236 255 248 38 0 0 0 0 0 0 0 1 0 0 3 5 0 0 3 0 14 0 8 4 0 5 0 0 118 244 255 153 0 1 13 0 0 0 0 5 0 10 0 0 6 0 1 0 0 3 0 0 11 0 3 57 177 255 255 121 8 0 0 0 0 0 0 7 0 8 0 0 0 18 116 64 7 8 0 18 86 114 182 255 245 234 240 16 0 11 8 0 0 0 0 5 0 1 3 5 0 40 243 226 220 199 219 231 230 254 255 233 255 211 93 15 0 0 0 0 0 0 0 0 6 4 0 6 0 21 150 255 255 255 245 247 255 249 235 220 90 16 0 0 0 17 0 0 0 0 0 0 12 4 0 0 10 0 0 106 143 247 255 248 218 94 43 0 0 0 8 0 6 2 0 0 0 0 0 10 0 0 13 0 0 8 0 7 5 0 2 3 0 4 4 0 4 0 0 12 0 0 11 0 0 0 0 0 0 0 0 0 0 0 0 0 0 0 0 0 0 0 0 0 0 0 0 0 0 0 0 0 0 0 0 0 0 0 0 0 0 0 0 0 0 0 0 0 0 0 0 0 0 0 0 0 0 0 0 0 0 0 0 0 0 0 0 0 0 0 0 0 0 0 0 0 0 0 0 0 0 0 0 0 0 0 0 0 0 0 0 0 0 0 0 0 0 0 0 0 0 0 0 0 0 0 0 0 0 0 0 0 0 0 0 0 0 0 0
0 0 0 0 0 0 0 0 0 0 0 0 9 0 0 10 0 0 0 3 1 0 0 7 0 0 0 0 0 0 0 0 0 0 0 0 3 2 8 0 0 8 18 0 9 4 0 0 0 0 0 2 0 0 0 0 0 0 0 0 0 0 0 0 0 0 0 12 0 0 3 0 0 0 0 0 1 4 1 0 0 0 0 0 0 0 0 0 0 0 0 0 0 19 5 0 0 2 0 4 0 0 4 2 0 0 1 1 0 0 0 0 0 0 0 0 0 0 0 0 0 11 0 0 91 233 152 0 4 6 7 3 0 0 0 6 0 0 0 0 0 0 0 0 0 0 0 0 0 3 16 6 78 255 213 88 0 0 0 0 5 0 0 1 0 0 0 0 0 0 0 0 0 0 0 0 13 0 0 0 88 230 196 254 94 38 0 0 11 6 0 0 0 0 0 0 0 0 0 0 0 0 0 0 0 5 0 6 112 134 3 170 255 152 36 0 0 0 0 4 0 0 0 0 0 0 0 0 0 0 0 0 0 0 0 0 5 83 18 0 60 189 255 82 7 0 0 3 0 0 0 0 0 0 0 0 0 0 0 0 7 0 0 15 0 0 0 19 4 0 232 244 30 0 25 0 0 0 0 0 0 0 0 0 0 0 0 0 0 2 0 0 0 13 5 0 0 1 103 255 147 3 0 11 0 0 0 0 0 0 0 0 0 0 0 0 0 1 0 4 2 0 0 0 5 12 85 254 142 0 0 7 0 0 0 0 0 0 0 0 0 0 0 0 5 4 0 1 4 0 5 3 0 30 232 238 37 0 13 0 0 0 0 0 0 0 0 0 0 0 0 0 3 4 0 0 0 8 0 0 98 212 255 103 0 0 0 0 0 0 0 0 0 0 0 0 0 0 0 0 2 0 4 18 0 0 17 100 255 248 133 4 0 0 8 0 0 0 0 0 0 0 0 0 0 0 0 0 0 4 2 0 3 140 195 255 255 89 9 0 3 9 0 6 0 0 0 0 2 0 1 6 1 0 1 0 1 4 0 27 210 253 231 85 0 0 0 0 0 0 0 0 0 0 0 0 4 0 0 4 0 0 0 6 2 0 9 78 246 240 221 0 0 0 0 0 0 0 0 0 0 0 0 0 0 0 1 0 0 14 9 0 0 0 6 3 60 118 255 36 0 0 0 0 0 0 0 0 0 0 0 0 11 2 0 0 0 1 8 0 5 5 0 0 18 70 247 138 0 0 0 0 0 0 0 0 0 0 0 0 0 0 0 18 6 0 0 11 6 0 9 10 0 128 255 111 0 0 0 0 0 0 0 0 0 0 0 0 0 1 2 0 0 12 11 0 6 0 8 0 25 243 255 24 0 0 0 0 0 0 0 0 0 0 0 0 0 5 0 0 17 113 177 177 90 95 76 118 237 255 110 0 0 0 0 0 0 0 0 0 0 0 0 0 0 0 5 7 1 32 108 171 220 206 249 255 184 62 8 0 0 0 0 0 0 0 0 0 0 0 0 0 0 0 0 0 0 0 0 0 0 0 0 0 0 0 0 0 0 0 0 0 0 0 0 0 0 0 0 0 0 0 0 0 0 0 0 0 0 0 0 0 0 0 0 0 0 0 0 0 0 0 0 0 0 0 0 0 0 0 0 0 0 0 0 0 0 0 0 0 0 0 0 0 0 0 0 0 0 0 0 0 0 0 0 0 0 0 0 0 0 0 0 0 0 0 0 0 0 0 0 0 0 0 0 0 0 0 0 0 0 0 0 0
0 8 5 3 0 0 6 0 0 3 0 10 0 4 0 5 0 10 0 12 0 0 6 0 0 0 0 0 0 5 0 0 9 0 0 6 2 1 0 0 0 3 1 3 11 3 0 7 6 0 6 0 0 0 0 0 0 2 2 0 0 0 0 9 0 0 1 0 0 0 0 0 0 1 0 6 1 0 2 9 0 0 0 0 7 0 9 6 0 5 5 0 0 6 5 10 0 3 1 7 0 6 0 0 2 11 0 0 0 0 0 0 2 0 0 0 7 6 0 17 4 3 0 0 0 8 0 0 0 5 0 8 0 7 0 9 0 0 0 0 0 13 2 0 14 0 0 153 199 167 112 94 68 59 17 0 12 12 0 0 0 0 0 22 0 0 0 0 0 10 11 0 4 0 9 156 255 244 244 235 255 250 247 227 145 110 60 0 10 15 0 0 0 0 0 0 11 0 3 1 0 13 0 0 17 37 116 130 209 205 255 255 254 255 228 32 3 0 6 1 0 0 0 0 0 0 0 0 0 0 0 0 0 19 0 0 0 25 116 255 250 242 174 38 0 0 18 0 0 0 0 0 0 0 0 0 0 0 0 0 0 0 0 11 28 155 249 245 187 77 0 0 7 0 0 16 0 0 0 0 0 0 0 0 0 0 0 0 6 0 13 28 220 250 243 104 3 3 0 0 0 2 0 0 0 0 0 0 0 0 0 0 0 0 0 0 0 7 0 206 255 157 0 6 0 3 1 13 0 8 0 0 0 0 0 0 0 0 0 0 0 0 0 0 0 3 147 249 187 8 0 0 15 0 0 7 0 2 0 9 0 0 0 0 0 0 0 0 0 0 0 0 0 82 241 243 46 0 18 0 0 2 9 6 0 1 0 0 0 0 0 0 0 0 0 0 0 0 0 0 0 105 241 255 69 20 0 20 20 0 0 0 8 0 0 1 0 0 0 0 0 0 0 0 0 0 0 0 0 75 250 242 252 232 174 94 8 3 9 0 5 0 4 0 0 0 0 0 0 0 0 0 0 0 0 0 0 3 43 138 217 244 250 255 234 158 6 0 13 0 0 2 0 0 0 0 0 0 0 0 0 0 0 0 0 0 1 0 0 66 122 181 240 255 236 112 0 0 10 0 0 0 0 0 0 0 0 0 0 0 0 0 15 0 11 0 7 4 9 0 81 202 245 252 205 65 0 5 0 0 0 0 0 0 0 0 0 0 0 0 0 6 0 1 0 0 0 3 0 6 126 221 255 235 50 9 0 0 0 0 0 0 0 0 0 0 0 0 0 20 0 0 23 0 13 0 0 37 79 205 255 255 92 0 0 0 0 0 0 0 0 0 0 0 0 0 0 2 0 32 31 13 93 157 198 221 255 255 230 186 5 17 0 0 0 0 0 0 0 0 0 0 0 0 4 0 38 209 170 247 241 255 255 223 204 151 33 6 9 0 0 0 0 0 0 0 0 0 0 0 0 0 5 4 235 255 254 245 237 102 59 0 0 0 6 0 1 5 0 0 0 0 0 0 0 0 0 0 0 0 0 30 215 223 127 78 0 1 0 0 0 0 0 0 0 0 0 0 0 0 0 0 0 0 0 0 0 0 6 0 20 17 0 0 0 0 0 0 0 0 0 0 0 0 0 0 0 0 0 0 0 0 0 0 0 0 10 0 0 3 2 0 14 4 0 0 0 0 0 0 0 0 0 0 0 0 0 0 0 0 0 0 0 0 0 4 0 5 3 0 0 0 0 0 0 0 0 0 0 0 0 0 0 0
0 0 0 0 0 0 0 0 2 0 8 0 0 9 0 0 2 0 1 6 7 0 12 0 0 0 0 0 0 0 0 0 0 0 0 0 3 0 0 7 5 4 0 6 1 5 2 0 0 0 5 9 0 0 0 0 0 0 0 0 0 0 0 0 15 0 0 14 0 0 16 0 6 4 0 0 8 14 0 0 0 0 0 0 0 0 0 0 0 0 0 0 0 18 1 0 15 0 0 2 0 0 7 6 0 0 0 11 0 0 0 0 0 0 0 0 0 0 0 0 14 0 0 4 0 4 160 255 102 16 0 2 0 5 12 0 0 0 0 0 0 0 0 0 0 0 0 0 0 0 14 0 17 128 255 241 231 172 169 153 68 0 3 3 0 0 0 0 0 0 0 0 0 0 0 0 15 0 0 47 228 255 243 255 255 242 255 255 213 26 10 0 0 0 0 0 0 0 0 0 0 0 0 0 0 58 223 244 250 248 238 168 114 136 176 244 255 35 0 0 0 0 0 0 2 7 0 0 1 5 0 2 40 252 251 247 228 130 6 6 4 0 155 255 235 32 0 0 0 0 0 0 0 3 1 0 3 0 0 0 91 233 231 132 9 0 9 1 0 104 238 244 135 4 0 0 0 0 0 0 0 4 6 0 5 0 0 5 0 32 13 0 9 9 0 1 98 255 255 172 1 0 15 0 0 0 0 0 2 2 3 0 6 0 1 8 0 8 0 0 7 0 38 210 255 244 198 44 0 5 0 0 0 0 0 0 2 0 0 0 16 0 0 0 0 0 2 0 19 127 227 255 253 157 0 0 11 6 0 3 0 0 0 0 1 0 6 2 34 7 3 0 0 6 79 179 209 240 255 246 245 198 17 0 0 0 12 0 0 0 0 0 3 0 11 3 36 4 6 0 0 209 255 250 255 255 231 217 248 241 255 52 8 1 0 0 0 0 0 0 3 0 5 0 21 0 2 5 17 250 232 186 159 86 0 11 65 228 235 210 48 0 6 0 0 0 0 0 0 10 0 6 2 0 13 3 6 46 30 0 2 1 0 7 0 16 232 255 139 11 6 0 0 0 0 0 0 5 1 0 7 0 0 0 0 0 0 7 0 0 3 0 10 9 238 242 178 0 0 0 0 0 0 0 13 0 0 18 0 0 3 0 3 0 7 2 0 0 10 0 6 159 255 225 40 17 0 10 0 0 0 0 0 0 3 137 26 0 0 12 0 3 0 0 13 2 0 42 183 255 242 125 6 9 0 2 0 0 0 0 0 16 33 236 149 25 0 0 2 14 9 7 2 0 94 252 253 249 188 16 0 0 8 0 0 0 0 0 0 4 0 172 255 133 56 54 43 28 55 115 172 223 253 251 189 104 10 0 15 9 0 3 0 0 0 0 11 6 0 88 255 255 247 240 255 255 253 247 248 249 195 111 18 18 9 0 0 0 14 4 0 0 0 0 0 0 10 10 76 197 252 255 243 255 241 205 158 65 0 1 6 0 0 13 4 0 2 0 0 0 0 0 0 0 0 0 0 0 0 0 0 0 0 0 0 0 0 0 0 0 0 0 0 0 0 0 0 0 0 0 0 0 0 0 0 0 0 0 0 0 0 0 0 0 0 0 0 0 0 0 0 0 0 0 0 0 0 0 0 0 0 0 0 0 0 0 0 0 0 0 0 0 0 0 0 0 0 0 0 0 0 0 0 0 0 0 0 0 0 0 0 0 0 0 0 0 0 0 0 0 0 0 0 0 0 0 0 0 0 0 0 0 0 0
0 0 0 0 0 0 0 0 10 0 2 0 2 0 8 0 0 16 0 13 0 0 8 4 0 0 0 0 0 0 0 0 0 0 0 0 0 0 0 12 2 5 0 0 1 0 12 0 4 18 1 0 0 0 0 0 0 0 0 0 0 0 0 0 0 0 3 4 0 0 8 12 6 0 15 0 0 0 0 16 0 0 0 0 0 0 0 0 0 0 0 0 6 0 1 0 6 1 4 0 0 2 0 13 6 7 0 0 0 0 0 0 0 0 0 0 0 0 0 0 0 3 2 3 0 48 144 225 255 220 84 4 0 9 0 1 0 0 0 0 0 0 0 0 0 0 0 0 0 4 30 160 205 255 230 222 168 224 215 6 1 7 0 4 0 0 0 0 0 0 0 0 0 0 0 0 0 29 135 252 241 160 50 0 0 172 255 11 8 0 0 8 0 0 0 0 0 0 0 0 0 0 0 0 20 96 254 255 188 11 0 6 36 230 226 0 6 6 3 0 0 0 0 0 0 0 0 0 0 0 0 0 0 93 208 188 219 72 7 0 117 254 92 0 2 0 9 0 0 0 0 0 0 0 0 0 0 0 0 0 13 0 5 7 14 1 0 114 241 225 9 0 0 11 0 0 0 0 0 0 0 0 0 0 0 0 0 0 0 0 10 0 6 12 145 255 240 24 0 17 4 0 5 2 0 0 0 0 0 0 0 0 0 0 0 0 11 1 11 70 145 226 250 235 50 10 4 0 0 10 0 13 0 0 0 0 0 0 0 0 0 0 0 0 0 14 218 251 235 237 181 232 255 196 33 0 10 7 0 3 0 0 0 0 0 0 0 0 0 0 0 0 1 15 200 158 103 8 0 17 101 213 245 62 0 0 0 0 0 0 0 0 0 0 0 0 0 0 0 0 2 2 0 14 0 1 10 0 3 65 235 246 9 5 0 3 0 0 0 0 0 0 0 0 0 0 0 0 3 0 0 13 0 2 6 0 0 6 59 245 160 0 6 0 0 0 0 0 0 0 0 0 0 0 0 0 6 4 0 15 0 0 7 2 0 0 0 235 220 7 0 0 0 0 0 0 0 0 0 0 0 0 0 0 0 3 14 2 0 0 10 0 0 16 17 86 255 51 0 14 0 0 0 0 0 0 0 0 0 0 0 0 0 0 4 0 9 3 0 0 0 0 0 93 255 92 24 0 0 0 0 0 0 0 0 0 0 0 0 0 11 95 106 73 56 27 36 92 123 58 44 236 245 64 0 0 0 0 0 0 0 0 0 0 0 0 0 0 50 255 232 200 190 176 148 159 84 55 205 248 95 0 5 10 0 0 0 0 0 0 0 0 0 0 0 0 133 253 80 0 0 18 22 38 144 247 236 97 20 0 0 1 0 0 0 0 0 0 0 0 0 0 0 0 123 239 170 152 146 180 223 255 231 191 33 2 0 0 16 0 0 0 0 0 0 0 0 0 0 0 0 0 10 174 254 255 227 191 133 66 26 0 0 3 2 0 4 0 0 0 0 0 0 0 0 0 0 0 0 0 0 0 0 0 0 0 0 0 0 0 0 0 0 0 0 0 0 0 0 0 0 0 0 0 0 0 0 0 0 0 0 0 0 0 0 0 0 0 0 0 0 0 0 0 0 0 0 0 0 0 0 0 0 0 0 0 0 0 0 0 0 0 0 0 0 0 0 0 0 0 0 0 0 0 0 0 0 0 0 0 0 0 0 0 0 0 0 0 0 0 0 0 0 0 0 0 0 0 0 0 0 0 0 0
0 0 0 0 0 0 0 0 0 3 0 9 0 6 0 6 0 8 0 1 6 0 0 0 0 0 0 0 0 0 0 0 0 0 0 0 7 6 0 5 0 10 0 0 0 5 0 8 11 0 8 0 0 0 0 0 0 0 0 0 0 0 0 0 0 0 0 3 0 2 0 3 3 3 0 0 0 0 5 0 0 0 0 0 0 0 0 0 0 0 0 0 3 5 4 6 1 1 0 0 0 0 3 4 0 3 14 3 0 0 0 0 0 0 0 0 0 0 0 0 0 0 0 0 3 4 1 0 0 0 9 5 0 0 0 0 0 0 0 0 0 0 0 0 0 0 0 0 7 9 15 1 0 0 2 9 3 2 2 0 3 4 0 11 0 0 0 0 0 0 0 0 0 0 0 0 0 0 0 0 6 10 40 52 44 44 43 43 64 40 0 0 0 0 0 0 0 0 0 0 0 0 0 0 15 0 2 43 145 208 251 249 254 255 255 251 248 155 19 0 0 0 0 0 0 0 0 0 0 0 0 0 8 0 18 217 255 252 165 157 153 107 219 247 244 241 0 0 0 0 0 0 0 0 0 0 0 0 0 0 0 11 16 173 87 67 0 8 0 9 223 255 250 0 19 9 0 0 0 0 0 0 0 0 0 0 0 0 0 22 0 0 4 0 22 101 210 255 236 148 10 11 0 0 0 0 0 0 0 0 0 0 0 0 0 0 0 0 0 8 62 153 237 255 229 166 73 13 3 0 11 16 0 0 0 0 0 0 0 0 0 0 0 0 1 4 22 41 255 255 245 181 25 0 0 21 0 7 0 0 0 0 0 0 0 0 0 0 0 0 0 0 5 0 0 103 183 251 255 240 153 56 8 0 4 4 0 14 0 0 0 0 0 0 0 0 0 0 0 0 0 10 3 9 17 26 110 204 240 255 73 3 1 0 8 0 0 0 0 0 0 0 0 0 0 0 0 0 3 0 0 1 0 0 12 4 85 226 249 129 0 7 0 5 0 0 0 0 6 0 56 140 1 0 12 0 1 0 0 0 0 3 1 0 8 92 221 139 4 3 1 0 0 0 0 0 0 17 133 188 12 0 0 17 0 0 2 1 0 0 2 3 0 49 213 170 7 0 4 1 0 0 0 0 0 0 86 252 76 0 23 0 4 0 0 0 3 4 2 0 20 125 255 165 0 0 9 0 0 0 0 0 8 6 46 187 202 96 8 0 0 0 0 0 0 0 0 9 170 248 246 86 0 10 0 0 0 0 0 0 0 0 3 98 252 255 228 176 85 88 91 92 98 129 186 236 255 211 109 6 0 7 0 6 0 0 0 0 6 2 4 7 5 44 243 254 255 255 253 255 255 247 240 239 158 63 11 0 0 0 0 1 0 0 0 0 0 0 11 0 6 11 14 68 106 108 129 161 165 119 49 0 12 0 3 7 0 3 4 0 0 0 0 0 0 14 0 1 0 0 0 1 5 0 0 1 0 0 0 5 0 9 0 0 4 4 0 8 0 0 0 0 0 0 0 0 0 0 0 0 0 0 0 0 0 0 0 0 0 0 0 0 0 0 0 0 0 0 0 0 0 0 0 0 0 0 0 0 0 0 0 0 0 0 0 0 0 0 0 0 0 0 0 0 0 0 0 0 0 0 0 0 0 0 0 0 0 0 0 0 0 0 0 0 0 0 0 0 0 0 0 0 0 0 0 0 0 0 0 0 0 0 0 0 0 0 0 0 0 0 0 0 0 0 0 0 0 0 0 0 0 0 0 0
0 0 0 0 0 0 0 0 0 2 2 0 0 6 0 9 0 0 5 0 0 13 0 4 0 0 0 0 0 0 0 0 0 0 0 0 7 0 6 6 9 5 0 0 0 9 0 4 11 0 0 1 0 0 0 0 0 0 0 0 0 0 0 0 0 5 1 0 4 2 3 0 0 10 1 0 1 8 13 0 0 0 0 0 0 0 0 0 0 0 0 0 13 5 0 56 128 193 250 253 255 234 255 132 0 0 0 0 0 0 0 0 0 0 0 0 0 0 0 0 3 12 80 248 219 142 96 63 54 12 228 163 4 7 0 4 0 0 0 0 0 0 0 0 0 0 0 0 34 255 215 113 0 0 0 9 8 19 255 155 0 11 0 0 0 0 0 0 0 0 0 0 0 0 0 0 84 244 71 0 18 19 0 6 0 125 252 91 0 0 3 7 0 0 0 0 0 0 0 0 0 0 0 0 18 163 64 0 0 0 11 0 113 247 166 0 13 0 8 0 0 0 0 0 3 0 0 1 0 0 1 0 0 13 0 0 9 0 25 163 254 154 28 0 0 8 0 6 0 0 0 0 6 0 3 10 0 0 0 3 0 0 5 0 2 85 195 249 132 6 0 0 9 0 7 0 0 0 0 0 0 0 0 0 0 8 8 0 20 0 4 64 158 250 198 40 0 7 11 0 2 9 0 26 0 0 0 0 0 1 4 0 0 6 11 0 0 72 185 255 239 115 16 1 14 0 0 9 0 18 0 0 0 0 0 0 3 0 3 12 0 0 0 20 209 255 241 213 240 236 206 216 110 15 10 2 15 0 3 6 0 0 0 0 0 0 0 0 0 31 37 12 119 66 10 0 14 42 109 190 255 234 133 19 0 0 0 7 0 0 0 0 1 13 6 0 14 69 63 3 12 0 0 2 0 0 3 3 35 161 245 240 65 2 12 0 0 0 0 0 0 0 0 3 0 0 1 0 0 4 4 0 4 0 0 1 1 2 75 229 238 49 0 4 0 0 0 0 1 1 2 5 3 0 0 0 2 0 11 0 0 1 0 7 12 0 4 42 242 182 0 8 0 0 0 0 0 10 0 0 1 12 2 0 3 0 0 8 11 0 0 0 0 6 2 0 156 255 49 0 0 0 0 0 1 11 2 0 7 0 0 4 1 0 0 4 3 0 47 81 94 120 144 198 213 246 114 12 0 0 0 0 1 0 0 1 0 0 12 18 65 110 127 152 199 240 236 178 115 111 56 36 225 213 0 0 0 0 0 0 11 0 0 4 2 88 202 238 233 184 147 112 91 66 16 0 12 10 85 194 233 81 9 0 0 0 0 0 0 12 18 0 4 180 255 192 61 4 11 21 9 0 0 62 132 193 255 200 59 3 0 0 0 0 0 0 0 0 0 7 0 40 154 241 255 254 238 213 224 255 255 253 191 166 44 1 0 9 8 0 0 0 0 0 0 11 3 0 2 5 0 0 0 5 0 5 5 0 5 0 4 0 0 6 0 0 4 0 0 0 0 0 0 0 0 0 0 0 0 0 0 0 0 0 0 0 0 0 0 0 0 0 0 0 0 0 0 0 0 0 0 0 0 0 0 0 0 0 0 0 0 0 0 0 0 0 0 0 0 0 0 0 0 0 0 0 0 0 0 0 0 0 0 0 0 0 0 0 0 0 0 0 0 0 0 0 0 0 0 0 0 0 0 0 0 0 0 0 0 0 0 0 0 0 0 0 0 0 0 0 0 0 0 0 0 0 0 0 0 0 0 0 0 0
0 0 0 0 0 0 0 0 8 0 0 0 8 0 3 0 5 0 15 0 0 0 2 0 0 0 0 0 0 0 0 0 0 0 0 0 0 0 4 0 8 0 14 10 4 16 2 0 14 14 0 3 0 0 0 0 0 0 0 0 0 0 0 0 0 0 13 0 0 0 0 0 0 0 0 2 0 0 17 0 0 0 0 0 0 0 0 0 0 0 0 0 0 0 5 1 5 6 0 4 0 13 9 0 7 0 0 0 0 0 0 0 0 0 0 0 0 0 0 0 10 0 0 0 0 0 0 7 1 0 0 0 0 14 1 3 0 0 0 0 0 0 0 0 0 0 0 0 0 66 152 240 255 255 255 243 133 255 0 2 33 0 1 0 0 0 0 0 0 0 0 0 0 0 0 0 73 200 249 255 237 233 255 251 255 255 114 0 0 15 0 9 0 0 0 0 0 0 0 0 0 0 0 0 58 224 255 243 168 175 252 248 255 233 173 4 4 0 10 0 0 0 0 0 0 0 0 0 0 0 0 0 3 48 208 70 0 10 127 255 255 242 180 0 7 10 0 0 0 0 0 0 0 0 0 0 0 0 0 0 0 0 0 19 38 77 250 251 247 255 165 12 4 0 0 5 0 0 0 0 0 0 0 0 0 0 0 0 8 0 3 0 196 250 255 252 255 242 71 0 0 4 20 0 0 0 0 0 0 0 0 0 0 0 0 0 11 0 145 255 242 255 255 243 227 161 0 12 10 0 0 9 0 0 0 0 0 0 0 0 0 0 0 0 0 120 255 238 252 242 255 249 233 169 5 0 0 17 9 0 0 0 0 0 0 0 0 0 0 0 0 0 84 250 243 255 255 255 236 255 237 255 188 95 0 0 13 4 0 0 0 0 0 0 0 0 0 0 0 0 81 255 253 243 255 242 255 238 254 255 254 248 134 0 0 0 0 0 0 0 0 0 0 0 0 0 0 0 4 0 15 0 59 161 54 178 204 239 255 255 153 8 17 2 0 0 0 0 0 0 10 1 0 2 0 3 2 0 3 0 0 2 0 3 72 255 255 247 156 6 0 12 0 0 0 0 9 0 0 0 3 3 0 0 0 4 0 13 1 0 24 0 162 227 253 255 121 5 0 0 0 0 0 0 0 1 6 0 0 4 0 11 0 20 3 0 4 11 52 162 255 248 252 249 0 0 0 10 0 0 0 0 0 4 11 0 0 5 0 0 36 66 57 0 36 90 127 255 249 255 211 66 7 15 0 0 0 0 0 0 0 0 0 0 10 3 0 21 206 235 221 191 186 233 255 240 249 247 167 11 0 0 10 0 0 0 0 0 9 0 0 3 7 0 48 179 255 254 255 254 255 255 247 247 223 177 12 0 7 22 0 2 0 0 0 0 2 0 0 2 0 0 83 255 255 239 255 231 255 230 148 255 63 0 0 4 8 0 12 0 0 0 0 0 0 1 1 0 3 0 48 169 252 255 222 178 157 75 0 1 3 0 4 10 0 0 0 0 0 0 0 0 0 0 0 0 0 0 0 0 151 119 65 13 0 0 3 0 0 0 0 0 0 0 0 0 0 0 0 0 0 0 0 0 0 0 0 0 6 5 0 0 0 5 6 0 0 0 0 0 0 0 0 0 0 0 0 0 0 0 0 0 0 0 0 0 0 0 0 0 0 6 3 0 0 0 0 0 0 0 0 0 0 0 0 0 0 0 0 0 0 0 0 0 5 8 6 0 0 1 3 1 0 0 0 0 0 0 0 0 0 0 0 0
0 0 0 0 0 0 0 0 0 4 3 0 0 4 0 8 0 0 16 0 0 2 4 0 0 0 0 0 0 0 0 0 0 0 0 0 3 0 1 2 2 9 0 0 14 0 0 0 0 16 0 15 0 0 0 0 0 0 0 0 0 0 0 0 2 0 0 0 3 2 0 13 0 2 8 10 0 3 0 0 0 0 0 0 0 0 0 0 0 0 0 0 2 2 0 0 10 0 0 3 0 11 0 1 3 0 16 13 0 0 0 0 0 0 0 0 0 0 0 0 0 0 24 6 0 10 24 0 2 3 12 0 10 0 0 0 0 0 0 0 0 0 0 0 0 0 0 0 5 0 0 0 24 0 29 205 255 245 233 19 0 1 0 5 0 0 0 0 0 0 0 0 0 0 0 0 4 0 17 6 5 112 224 255 238 255 255 104 48 17 0 0 0 0 0 0 0 0 0 0 0 0 0 0 1 0 0 43 167 252 249 252 255 254 238 255 226 48 0 1 0 0 0 0 0 0 0 0 0 0 0 0 0 31 83 233 251 255 245 255 255 246 252 255 253 87 4 0 0 0 0 0 0 0 0 0 0 0 0 0 8 33 244 255 245 255 224 106 40 255 251 255 212 16 0 5 0 0 0 0 0 0 0 0 0 0 0 0 7 28 255 255 227 108 11 0 83 234 236 245 123 0 16 0 0 0 0 0 0 0 0 0 0 0 0 0 0 12 14 6 13 0 42 191 250 234 255 112 0 21 2 0 0 0 0 0 0 0 0 0 0 0 0 0 0 7 0 47 41 112 187 255 255 232 108 0 8 0 0 10 0 0 0 0 0 0 0 0 0 0 0 0 5 4 140 242 235 255 255 251 191 0 7 6 6 0 6 0 0 0 0 0 0 0 0 0 0 0 0 0 0 44 250 255 255 255 249 182 17 0 10 0 10 0 0 7 0 0 0 0 0 0 0 0 0 0 0 0 5 39 231 229 230 226 255 180 11 3 0 1 0 0 7 0 0 0 0 0 0 0 0 0 0 0 0 0 0 7 0 0 0 137 254 253 136 0 12 0 3 0 5 1 0 0 0 0 0 0 0 0 0 0 0 0 1 0 30 0 13 128 255 246 164 0 0 0 3 0 3 0 0 0 0 0 0 0 0 0 0 0 0 0 0 23 0 1 0 118 253 255 248 48 13 1 0 0 3 2 0 0 0 0 0 0 0 0 0 0 0 0 18 0 3 6 4 150 255 246 132 0 0 0 6 5 8 0 0 0 0 0 0 0 0 0 0 0 0 0 198 195 3 0 0 133 239 255 125 18 8 1 0 0 9 0 0 0 0 0 0 0 0 0 0 0 0 0 254 242 164 66 174 211 245 226 31 0 9 8 0 3 0 0 0 0 0 0 0 0 0 0 0 0 0 0 249 242 248 255 246 245 255 77 9 0 0 0 0 0 0 11 0 0 0 0 0 0 0 0 0 0 0 0 214 253 255 249 255 244 210 52 0 4 2 3 11 6 0 3 0 0 0 0 0 0 0 0 0 0 0 0 56 194 255 251 222 109 3 6 0 0 0 0 0 0 0 0 0 0 0 0 0 0 0 0 0 0 0 0 0 14 9 0 9 4 0 0 0 0 0 0 0 0 0 0 0 0 0 0 0 0 0 0 0 0 0 0 6 0 0 0 0 4 14 0 0 0 0 0 0 0 0 0 0 0 0 0 0 0 0 0 0 0 0 0 0 0 12 11 0 0 5 0 0 0 0 0 0 0 0 0 0 0 0 0
0 0 0 0 0 0 0 0 0 5 3 0 1 9 6 0 6 10 0 0 9 0 0 3 0 0 0 0 0 0 0 0 0 0 0 0 0 2 2 0 0 0 0 0 0 0 8 0 8 0 12 0 0 0 0 0 0 0 0 0 0 0 0 0 0 0 0 3 9 7 4 3 9 10 5 0 4 2 0 0 0 0 0 0 0 0 0 0 0 0 0 0 5 1 0 0 0 0 0 0 0 4 0 0 7 4 0 16 0 0 0 0 0 0 0 0 0 0 0 0 0 6 7 0 0 0 7 8 0 0 15 19 3 0 1 7 0 0 0 0 0 0 0 0 0 0 0 0 0 0 1 3 7 8 0 0 3 8 55 125 0 17 15 0 0 0 0 0 0 0 0 0 0 0 0 0 10 0 0 1 0 0 0 10 67 179 252 255 4 4 0 0 0 0 0 0 0 0 0 0 0 0 0 0 0 0 3 9 0 0 82 183 251 255 255 243 255 249 140 0 0 0 0 0 0 0 0 0 0 0 0 0 0 10 2 1 3 192 245 255 255 251 254 255 250 255 242 6 0 0 0 0 0 0 0 0 0 0 0 0 0 8 0 58 255 251 255 242 246 209 135 252 253 240 143 0 0 0 0 0 0 0 0 0 0 0 0 0 19 0 142 255 255 254 255 136 11 0 248 254 253 255 59 4 0 0 0 0 0 0 0 0 0 0 0 0 0 11 132 251 178 86 0 0 65 172 255 255 255 0 7 6 0 0 0 0 0 0 0 0 0 0 0 0 0 19 0 5 8 46 193 255 255 255 249 64 4 0 0 0 0 0 0 0 0 0 0 0 0 0 0 0 12 0 0 133 255 255 255 237 252 255 134 0 0 3 11 14 0 0 0 0 0 0 0 0 0 0 0 0 0 136 248 255 238 254 252 255 251 255 246 118 17 0 0 0 0 0 0 0 0 0 0 0 0 0 0 0 127 249 255 251 250 192 137 0 78 239 255 139 0 0 21 0 0 0 0 0 6 0 11 0 0 19 0 9 65 241 200 136 67 5 0 1 71 255 249 130 0 0 0 4 0 0 0 0 8 0 2 17 3 0 20 5 11 21 0 0 0 0 8 58 180 233 255 65 3 0 12 0 0 0 0 0 1 10 0 0 75 139 61 0 0 6 9 0 0 9 77 255 255 255 140 6 0 0 0 0 0 0 0 0 0 13 4 138 196 248 252 199 140 107 132 131 127 192 237 255 248 182 1 0 0 3 0 9 0 0 0 0 0 0 0 192 252 251 255 254 255 255 250 251 255 250 250 255 136 0 0 8 0 7 4 0 0 0 0 0 9 3 8 67 204 255 252 255 252 255 255 252 255 255 191 0 20 0 8 10 1 0 15 0 0 0 0 0 1 0 0 0 0 0 132 132 130 130 122 122 86 0 1 10 0 31 0 0 1 0 1 3 0 0 0 0 0 9 8 0 5 7 0 0 0 0 9 0 0 0 14 0 3 0 2 0 3 17 0 0 0 0 0 0 0 0 0 0 0 0 0 0 0 0 0 0 0 0 0 0 0 0 0 0 0 0 0 0 0 0 0 0 0 0 0 0 0 0 0 0 0 0 0 0 0 0 0 0 0 0 0 0 0 0 0 0 0 0 0 0 0 0 0 0 0 0 0 0 0 0 0 0 0 0 0 0 0 0 0 0 0 0 0 0 0 0 0 0 0 0 0 0 0 0 0 0 0 0 0 0 0 0 0 0 0 0 0 0 0 0 0 0 0 0 0 0
0 0 0 0 0 0 0 0 2 0 0 0 0 11 8 0 9 0 0 7 0 0 2 0 0 0 0 0 0 0 0 0 0 0 0 0 1 8 8 0 13 0 0 9 0 12 0 0 5 12 14 0 0 0 0 0 0 0 0 0 0 0 0 0 0 0 0 0 21 7 0 5 1 10 0 0 0 0 0 3 0 0 0 0 0 0 0 0 0 0 0 0 0 12 1 0 0 0 0 2 5 0 20 0 0 15 0 21 0 0 0 0 0 0 0 0 0 0 0 0 8 6 0 33 185 255 255 247 255 163 115 16 0 1 5 0 0 0 0 0 0 0 0 0 0 0 0 0 0 1 0 21 250 255 240 250 255 255 255 216 116 0 4 15 0 0 0 0 0 0 0 0 0 0 0 0 5 0 1 28 226 251 255 255 252 242 238 255 227 102 0 0 0 0 0 0 0 0 0 0 0 0 0 0 3 0 0 5 45 144 222 237 237 253 255 244 255 237 12 0 0 0 0 0 0 0 0 0 0 0 0 0 0 0 10 0 7 0 5 68 70 201 245 255 237 255 121 0 0 0 0 0 0 0 0 0 0 0 0 0 4 7 0 0 0 2 3 9 116 189 253 246 255 232 109 6 0 0 0 0 0 0 0 0 0 0 0 0 2 4 0 39 0 21 236 235 248 255 244 251 255 235 79 1 0 0 0 0 0 0 0 0 0 0 0 0 7 0 64 134 207 224 249 255 255 239 255 249 188 60 0 0 0 0 0 0 0 0 0 0 0 0 0 0 8 68 226 252 233 255 252 255 255 245 255 197 74 0 2 0 0 0 0 0 0 0 0 0 0 0 0 0 0 222 255 255 255 252 250 249 237 255 247 208 29 0 8 3 0 0 0 0 0 0 0 0 0 0 0 0 6 130 221 227 255 255 246 255 255 243 247 255 208 7 7 0 0 0 0 0 0 0 0 0 0 0 0 0 0 0 29 44 164 24 32 56 175 252 250 255 182 0 4 0 0 0 0 0 0 7 4 0 0 2 0 0 1 1 0 9 0 0 0 5 0 182 247 255 196 0 2 4 0 0 0 0 0 18 0 0 1 12 0 3 0 10 3 0 0 2 1 0 24 144 250 255 176 0 6 0 0 0 0 0 7 0 0 18 0 2 3 0 9 0 0 14 8 0 7 28 145 252 255 246 51 22 0 18 0 0 0 0 16 0 13 0 0 18 98 126 129 13 71 123 93 125 236 251 255 255 244 22 11 0 0 0 0 0 0 0 0 0 0 0 193 249 255 246 242 239 255 244 255 251 241 255 248 249 219 38 0 9 0 10 0 0 0 0 13 3 7 38 228 244 249 255 255 226 255 254 240 253 250 235 251 111 49 0 0 8 0 0 0 0 0 0 15 0 3 101 243 255 255 248 254 243 255 250 254 255 216 213 77 0 0 7 16 4 0 0 0 0 0 0 0 10 8 53 167 243 249 250 245 255 212 115 104 114 9 0 0 7 3 0 4 0 0 4 0 0 0 0 0 0 0 0 0 0 0 0 0 0 0 0 0 0 0 0 0 0 0 0 0 0 0 0 0 0 0 0 0 0 0 0 0 0 0 0 0 0 0 0 0 0 0 0 0 0 0 0 0 0 0 0 0 0 0 0 0 0 0 0 0 0 0 0 0 0 0 0 0 0 0 0 0 0 0 0 0 0 0 0 0 0 0 0 0 0 0 0 0 0 0 0 0 0 0 0 0 0 0 0 0 0 0 0 0 0 0 0 0 0 0 0
12 0 0 7 1 3 0 1 0 7 0 1 0 0 5 1 1 0 1 1 3 2 0 0 0 0 0 0 0 4 7 0 0 0 0 11 3 0 0 2 4 0 0 4 5 10 6 0 0 0 5 10 0 0 0 0 0 11 0 0 6 0 0 0 0 0 6 0 1 8 0 0 0 0 0 0 19 0 8 0 0 0 0 0 3 3 0 2 8 0 2 4 7 0 0 0 0 5 0 1 18 5 6 0 10 0 6 0 0 0 0 0 6 0 0 5 0 0 12 7 0 0 4 14 11 1 0 8 0 0 11 0 0 0 0 12 0 0 0 0 3 0 5 0 0 8 0 0 3 27 54 132 220 250 201 108 23 0 0 0 3 7 0 0 0 0 0 0 2 0 6 0 8 11 0 53 135 220 245 255 254 245 255 244 200 124 0 0 0 1 5 0 0 0 0 0 2 0 14 0 3 0 13 218 255 250 172 146 77 32 162 255 255 192 0 14 0 0 16 0 0 0 0 0 0 10 0 0 11 0 17 114 205 78 2 0 11 1 0 127 248 251 93 0 5 1 3 0 0 0 0 0 0 7 0 0 15 0 0 23 0 11 8 0 0 0 26 102 255 253 58 2 0 16 0 13 0 0 0 0 0 6 0 0 3 3 0 0 4 0 0 109 176 205 228 239 245 143 12 4 0 0 0 2 0 0 0 0 0 3 3 0 0 2 11 6 0 2 18 250 249 249 226 255 255 246 129 14 0 7 9 0 0 0 0 0 0 0 5 8 0 0 3 0 0 0 7 175 163 206 154 165 232 250 242 219 45 0 0 8 0 0 0 0 6 0 0 3 3 2 0 0 8 0 0 6 0 16 1 3 18 140 226 255 163 13 0 0 0 0 0 0 6 0 0 0 0 5 5 3 7 0 3 0 0 1 0 0 0 0 120 251 234 0 10 4 0 0 0 0 0 6 7 0 0 1 0 0 4 1 0 10 0 2 0 6 1 6 78 251 251 5 0 0 0 0 0 0 0 18 0 0 16 2 0 0 6 0 3 0 5 6 4 0 3 10 191 235 219 8 1 0 0 0 0 0 2 1 0 1 0 0 3 4 4 2 0 24 0 0 0 6 0 119 254 255 46 0 0 3 0 0 0 0 5 0 0 9 0 2 11 0 0 0 4 0 0 6 18 0 84 213 255 251 17 12 0 0 0 0 0 0 0 0 5 4 0 14 0 0 44 63 93 1 2 0 0 24 206 255 233 83 0 0 6 7 0 0 0 0 1 2 4 0 0 3 0 77 221 211 79 0 9 5 57 207 250 205 123 0 18 0 1 0 0 0 0 0 1 0 0 2 0 0 6 210 255 127 0 2 3 59 255 249 200 68 0 1 1 0 5 13 0 0 0 0 0 0 0 6 0 2 14 245 243 151 34 54 243 241 240 105 5 0 1 21 0 0 3 0 0 0 0 0 1 0 7 3 0 5 0 179 255 233 255 255 237 161 68 0 0 0 4 0 11 0 2 0 0 0 0 0 0 0 0 0 0 0 0 0 106 171 255 222 69 0 0 4 0 0 0 0 0 0 0 0 0 0 0 0 0 0 0 0 0 0 0 0 7 0 11 15 0 0 6 0 0 0 0 0 0 0 0 0 0 0 0 0 0 0 0 0 0 0 0 0 4 0 0 0 0 2 16 11 0 0 0 0 0 0 0 0 0 0 0 0 0 0 0 0 0 0 0 0 0 5 5 3 3 0 0 0 0 0 0 0 0 0 0 0 0 0 0 0
0 0 0 0 0 0 0 0 0 5 0 0 4 0 12 0 0 5 0 0 0 3 12 0 0 0 0 0 0 0 0 0 0 0 0 0 6 0 14 13 4 0 0 18 0 1 6 10 1 0 0 7 0 0 0 0 0 0 0 0 0 0 0 0 0 0 0 0 0 13 0 1 5 0 0 0 6 0 0 8 0 0 0 0 0 0 0 0 0 0 0 0 0 22 0 4 4 0 12 0 0 4 10 0 0 0 0 4 0 0 0 0 0 0 0 0 0 0 0 0 3 0 41 136 244 248 255 242 255 199 96 3 0 12 8 0 0 0 0 0 0 0 0 0 0 0 0 0 0 11 207 239 255 248 240 255 241 255 224 137 30 0 5 3 0 0 0 0 0 0 0 0 0 0 0 0 0 6 238 255 250 255 239 247 251 255 255 235 104 0 10 0 0 0 0 0 0 0 0 0 0 0 0 0 7 0 175 251 243 255 253 255 255 246 241 255 149 4 12 0 0 0 0 0 0 0 0 0 0 0 0 0 5 0 61 68 23 86 189 225 245 255 247 253 158 0 7 0 0 0 0 0 0 0 0 0 0 0 0 0 0 21 0 0 8 46 61 221 255 255 241 251 149 0 12 0 0 0 0 0 0 0 0 0 0 0 0 0 5 0 13 95 130 244 255 255 245 251 255 253 86 18 0 14 0 0 0 0 0 0 0 0 0 0 0 0 8 104 222 255 251 255 255 224 253 255 250 238 192 79 23 0 0 0 0 0 0 0 0 0 0 0 0 0 134 255 249 235 255 241 248 255 251 247 255 255 248 187 0 7 0 0 0 0 0 0 0 0 0 0 0 0 84 255 252 254 246 247 243 254 244 255 253 249 255 131 5 3 0 0 0 0 0 0 0 0 0 0 0 0 9 211 250 249 255 255 241 252 255 255 238 247 243 222 33 2 0 0 0 0 0 0 0 0 0 0 0 0 4 103 239 255 245 240 209 192 181 251 253 255 242 255 110 0 0 0 0 0 0 13 0 0 6 0 14 0 0 12 74 76 87 92 18 0 0 78 107 250 255 255 112 0 0 0 0 0 8 0 10 22 0 0 0 0 0 0 14 21 2 0 0 4 14 3 101 255 235 220 56 0 0 0 0 0 6 0 0 0 23 41 0 9 2 0 0 2 0 0 26 50 81 178 248 247 252 167 0 4 0 0 0 0 0 7 0 18 166 201 164 175 188 174 51 24 138 179 174 216 247 255 255 254 236 55 9 0 0 0 0 0 9 0 11 102 255 248 255 252 251 232 255 252 235 255 255 250 252 252 233 242 175 0 3 1 0 0 0 0 2 0 0 70 241 245 255 244 255 255 252 240 255 255 232 255 253 255 250 197 25 0 18 0 0 0 0 0 0 20 0 14 175 251 249 249 239 255 250 245 251 245 249 254 251 206 113 40 0 9 0 18 0 0 0 0 1 2 0 0 29 108 98 107 211 250 243 255 255 252 249 155 103 14 2 1 0 7 7 0 0 0 0 0 0 0 0 0 0 0 0 0 0 0 0 0 0 0 0 0 0 0 0 0 0 0 0 0 0 0 0 0 0 0 0 0 0 0 0 0 0 0 0 0 0 0 0 0 0 0 0 0 0 0 0 0 0 0 0 0 0 0 0 0 0 0 0 0 0 0 0 0 0 0 0 0 0 0 0 0 0 0 0 0 0 0 0 0 0 0 0 0 0 0 0 0 0 0 0 0 0 0 0 0 0 0 0 0 0 0 0 0 0 0 0 0
0 6 0 1 0 0 3 1 1 0 7 0 19 0 7 4 3 0 1 4 0 0 0 12 0 0 0 0 0 5 0 4 6 0 2 0 0 10 14 9 0 18 0 0 0 0 0 0 0 5 0 0 0 0 0 0 4 12 0 0 1 0 0 2 0 0 0 0 3 0 15 8 0 0 3 9 4 0 0 12 0 0 0 0 0 10 0 0 5 0 7 3 0 12 0 19 8 0 3 0 8 0 0 0 4 3 0 0 0 0 0 0 0 6 3 2 0 0 7 0 6 7 0 0 12 4 12 0 0 8 11 0 0 4 5 0 0 0 0 0 0 1 2 0 0 50 113 95 70 138 255 151 132 52 9 5 0 0 0 1 1 0 2 16 0 0 0 0 0 0 1 2 12 133 255 255 247 255 255 230 249 255 162 143 122 65 13 2 9 5 0 0 0 0 0 0 6 0 6 0 0 122 255 240 255 241 132 145 243 240 254 245 252 255 196 63 0 0 13 0 0 0 0 0 8 0 0 4 0 0 14 48 21 4 2 0 0 0 0 2 70 139 254 226 48 0 6 0 0 0 0 0 0 0 0 4 1 0 0 13 6 0 4 0 0 0 3 7 0 3 123 255 227 25 22 0 0 0 0 0 1 0 0 4 6 1 0 0 1 0 0 2 4 9 4 0 1 0 40 255 244 117 0 20 0 0 0 0 4 3 1 0 2 7 5 0 0 4 4 4 0 0 7 11 1 20 146 255 255 126 3 0 0 0 0 0 0 1 0 0 0 1 4 1 0 7 0 1 10 0 0 0 60 199 251 241 255 59 0 1 0 0 0 0 0 0 4 2 0 0 0 0 3 50 33 51 105 133 165 179 238 255 255 219 29 0 12 1 0 0 0 0 0 0 2 5 3 0 0 0 0 183 251 255 255 244 250 255 255 239 246 167 16 0 0 0 0 0 0 0 3 0 0 0 0 0 0 6 0 200 249 235 255 255 254 249 242 255 255 249 207 44 0 2 0 0 0 0 0 0 15 0 0 11 0 0 11 52 189 237 216 127 132 16 22 7 126 144 255 235 89 3 0 0 0 0 17 0 0 0 9 0 0 11 0 1 0 0 6 0 0 8 0 7 0 20 160 255 214 0 0 0 0 0 0 8 14 0 3 0 3 0 10 0 0 14 0 8 7 0 8 3 1 0 123 255 234 58 0 0 0 0 11 0 0 0 6 5 0 10 0 13 5 0 13 0 0 0 0 17 0 0 196 252 254 31 0 0 0 0 8 0 5 5 0 60 12 0 0 7 0 0 14 0 5 8 0 0 4 30 203 255 252 44 0 0 0 0 0 0 0 0 60 248 229 121 15 8 0 5 0 0 0 0 9 3 43 0 22 143 128 0 0 0 0 0 3 5 9 0 0 111 254 250 206 215 118 0 89 123 49 134 128 87 2 45 31 0 2 4 0 0 0 0 2 0 0 0 2 59 248 209 253 255 223 38 188 255 152 184 84 186 104 0 28 19 0 0 0 0 0 0 1 2 1 0 1 9 23 34 80 128 171 252 240 255 70 157 12 9 6 2 0 0 0 0 0 0 0 0 0 0 0 0 0 0 5 12 7 0 0 0 1 10 0 20 6 4 2 0 0 0 0 1 0 0 0 0 0 1 2 1 0 0 0 1 4 0 6 0 1 0 14 0 0 0 0 0 0 0 0 2 0 0 0 0 0 1 3 3 1 0 1 2 0 1 0 15 0 2 18 0 0 0 0 0 0 0 0 1 0 0 0 0
4 0 0 3 7 2 0 0 0 3 2 3 0 0 0 0 8 2 0 4 3 0 0 6 0 0 0 0 0 3 3 0 0 0 3 8 7 1 0 0 2 6 7 0 0 0 0 2 9 7 0 0 0 0 0 0 0 0 0 0 4 12 1 0 0 0 7 6 0 0 0 0 10 11 7 0 0 0 2 6 0 0 0 0 0 6 9 0 0 0 3 10 6 0 0 0 4 9 0 0 0 0 3 1 0 2 3 0 0 0 0 0 2 0 1 6 5 0 0 0 5 0 8 0 0 0 0 12 7 3 0 0 1 5 2 0 0 0 0 0 2 0 0 0 0 4 5 4 0 0 11 2 1 10 0 4 0 0 2 1 0 0 0 9 0 0 0 0 0 11 5 0 3 62 124 155 227 179 167 149 155 148 72 35 6 0 0 8 7 0 0 3 0 0 0 0 0 0 0 20 126 243 255 241 255 244 255 249 245 255 238 255 189 98 10 0 0 6 2 0 0 0 0 0 5 1 9 0 191 255 250 251 243 255 255 245 255 253 255 250 251 255 0 11 0 0 8 0 0 0 0 0 0 0 0 7 161 233 196 194 84 93 72 84 88 90 102 227 250 254 33 0 12 0 0 1 0 0 0 0 7 14 0 0 21 48 0 0 0 12 0 24 4 0 39 217 255 241 103 6 2 12 9 0 0 0 0 0 0 0 0 7 0 14 0 10 1 0 22 0 7 55 253 255 240 255 7 0 5 0 1 0 0 0 0 0 10 0 0 0 0 5 0 0 7 7 41 163 225 255 227 253 251 167 0 10 0 22 7 0 0 0 0 0 6 0 4 5 0 0 2 0 0 0 230 254 241 250 255 252 252 238 104 17 0 0 0 0 0 0 0 0 0 1 7 11 0 0 1 3 22 0 156 248 255 255 229 240 255 235 255 136 36 0 19 6 0 0 0 0 0 4 0 2 0 8 1 0 0 6 33 177 172 116 36 42 27 52 165 248 181 0 2 0 0 0 0 0 0 0 0 0 0 0 0 0 0 0 12 7 4 0 0 5 0 4 3 173 246 145 8 0 0 0 0 0 0 0 0 0 0 0 0 0 8 11 0 0 0 9 14 0 0 10 0 61 251 187 0 0 0 0 0 0 0 0 0 0 0 0 0 0 0 0 0 11 1 0 5 0 10 0 4 0 235 202 0 5 0 0 0 0 0 0 0 0 0 0 0 0 17 2 0 2 0 0 3 0 4 0 1 94 243 171 16 0 0 0 0 0 0 0 0 0 0 0 0 0 0 0 11 0 0 15 3 0 0 9 80 242 243 206 0 1 0 0 0 0 0 0 0 0 0 0 0 0 27 10 4 2 9 0 0 8 12 82 255 251 255 116 0 0 0 0 0 0 0 0 0 0 0 0 0 0 118 94 0 0 7 0 14 41 98 254 245 244 123 23 5 0 0 0 0 0 0 0 0 0 0 0 0 0 93 235 184 136 110 102 207 235 254 246 255 108 10 4 0 12 0 0 0 0 0 0 0 0 0 0 0 0 0 102 243 255 245 255 245 252 255 194 84 4 0 7 10 0 0 0 0 0 0 0 0 0 0 0 0 0 0 8 100 176 237 249 181 152 112 43 0 0 4 0 0 10 0 0 0 0 0 0 0 0 0 0 0 0 26 0 0 3 9 4 0 4 6 0 0 4 10 1 0 5 0 0 0 0 0 0 0 0 0 0 0 0 0 0 3 3 3 5 0 0 0 10 12 0 0 5 6 0 0 0 0 0
0 1 5 1 0 2 3 0 8 0 0 9 0 0 0 1 5 0 5 0 0 0 13 0 0 0 0 0 10 0 0 0 0 0 0 0 2 7 8 0 0 6 9 1 0 0 21 10 0 0 0 0 0 0 0 0 4 0 0 6 12 6 2 5 0 0 9 0 3 0 4 0 0 0 0 0 0 7 0 8 0 0 0 0 0 0 1 2 0 0 0 0 8 0 0 0 9 0 5 8 11 14 0 4 0 0 0 12 0 0 0 0 0 1 0 0 0 1 3 0 12 4 0 0 0 0 0 0 0 19 0 7 16 0 0 0 0 0 0 0 0 0 1 3 4 4 0 0 0 22 69 133 174 243 255 255 255 239 82 0 0 0 11 5 0 0 0 0 5 1 4 6 0 0 16 61 160 210 248 255 249 250 233 213 225 255 202 41 6 17 0 0 0 0 0 0 1 0 0 5 0 15 128 254 248 248 243 181 117 37 10 0 8 190 255 70 0 5 0 14 0 0 0 0 0 12 0 6 0 13 153 255 244 115 26 11 0 3 1 0 8 198 255 71 0 13 2 0 0 0 0 0 1 8 0 3 0 1 78 124 32 6 6 0 0 4 3 25 129 255 187 0 4 0 0 0 0 0 0 0 2 6 0 3 4 0 11 7 0 0 8 7 0 0 41 151 255 238 32 9 2 1 7 12 0 0 0 0 0 6 0 4 1 0 0 0 7 18 0 47 99 189 230 252 242 139 0 0 18 0 5 0 0 0 0 0 0 6 3 0 0 0 10 5 1 0 1 236 255 245 245 255 255 241 154 2 0 11 5 8 0 0 0 0 0 3 0 0 0 5 6 0 1 0 5 244 250 226 185 144 154 218 254 132 0 4 0 4 0 0 0 0 2 0 0 0 0 4 0 0 10 0 0 103 59 6 0 16 0 24 194 247 113 0 15 0 0 0 0 0 0 0 7 3 0 1 0 5 0 9 7 0 0 16 0 0 1 0 48 247 133 0 0 9 0 0 0 0 0 0 0 0 0 0 0 0 0 0 0 0 8 0 0 4 0 4 0 176 251 30 13 0 0 0 0 0 0 0 0 0 0 0 0 0 0 19 0 9 0 9 0 0 0 0 22 180 243 55 13 0 0 0 0 0 0 0 0 0 0 0 0 0 0 5 0 6 0 0 3 1 0 12 0 175 228 0 0 8 0 0 0 0 0 0 0 0 0 0 0 0 12 0 7 0 12 0 4 2 2 0 0 202 222 0 4 7 0 0 0 0 0 0 0 0 0 0 0 0 0 4 23 0 0 21 0 3 9 34 189 250 137 16 0 0 0 0 0 0 0 0 0 0 0 0 0 0 8 88 187 20 21 0 11 4 8 163 248 128 10 0 0 9 0 0 0 0 0 0 0 0 0 0 0 0 56 246 255 205 89 105 81 109 218 255 153 26 5 2 3 0 0 0 0 0 0 0 0 0 0 0 0 0 34 220 251 255 251 244 255 255 254 99 7 0 0 0 4 4 0 0 0 0 0 0 0 0 0 0 0 0 2 43 160 245 243 241 234 188 86 21 0 0 7 0 0 0 0 0 0 0 0 0 0 0 0 0 0 0 1 0 2 8 0 0 17 4 16 0 0 2 0 0 3 4 0 0 0 0 0 0 0 0 0 0 0 0 9 0 1 2 0 0 2 0 0 0 9 7 0 1 6 0 0 0 0 0 0 0 0 0 0 0 0 0 0 0 0 2 10 9 2 0 4 5 8 3 0 4 5 0 0 0 0 0
2 0 0 1 10 3 0 6 0 0 2 11 0 3 6 0 0 0 4 0 0 15 0 2 0 0 0 0 0 5 7 0 0 0 0 0 10 14 0 0 10 0 0 13 13 0 8 4 6 0 11 0 0 0 0 0 0 0 6 4 0 9 11 0 4 0 0 3 2 10 18 0 0 5 0 0 9 0 10 4 0 0 0 0 9 0 0 5 0 0 0 0 0 0 16 0 0 0 3 0 0 22 1 0 5 10 0 0 0 0 0 0 1 1 3 0 0 0 6 8 0 28 174 255 214 60 6 4 16 0 0 11 0 0 11 4 0 0 0 0 0 6 0 0 7 13 0 0 0 190 255 233 255 173 44 10 169 235 199 7 4 12 0 0 0 0 0 0 1 10 0 0 6 0 0 35 180 248 255 255 255 245 202 202 235 251 255 158 0 0 11 6 0 0 0 0 0 2 0 9 10 0 66 233 255 255 224 145 43 31 16 0 33 251 255 183 4 15 0 0 0 0 0 0 0 0 8 1 3 1 70 255 246 255 97 0 13 8 0 5 17 250 245 197 4 0 8 5 0 0 0 0 8 0 4 0 0 0 12 120 187 37 0 13 0 0 12 0 44 255 250 89 0 20 0 0 0 0 0 0 6 0 5 0 0 3 0 13 0 0 9 5 9 1 0 55 237 255 255 1 9 0 3 16 0 0 0 0 0 0 10 0 0 9 0 0 4 7 0 0 0 16 52 165 255 242 142 13 0 8 0 0 0 0 0 0 1 0 6 1 0 1 3 0 2 9 0 28 73 183 255 255 252 213 0 0 16 0 1 6 0 0 0 0 4 0 0 0 0 0 1 0 1 0 0 168 255 253 242 255 237 1 2 0 0 11 0 8 0 0 0 0 0 0 0 0 4 2 3 0 7 0 12 169 249 255 242 241 250 248 97 0 0 0 0 0 0 0 0 0 0 10 4 0 0 0 0 2 0 7 0 56 100 105 47 126 245 255 245 65 4 5 2 2 0 0 0 0 0 0 3 0 1 0 19 0 7 0 0 0 5 0 0 2 59 255 251 185 5 0 12 0 0 0 0 0 6 0 0 2 0 13 0 4 0 0 13 4 9 3 11 0 7 186 236 255 27 12 0 7 0 0 0 0 8 0 8 10 0 0 5 0 20 0 0 0 0 0 8 0 7 3 255 247 28 6 5 0 0 0 0 0 9 0 3 0 0 24 218 200 67 6 0 4 13 0 8 0 0 108 244 255 39 0 6 0 0 0 0 0 0 0 10 2 11 5 204 249 255 154 66 12 0 0 0 0 47 237 255 225 18 4 0 0 0 0 0 0 1 12 0 0 0 0 89 249 240 255 255 184 119 79 112 145 226 251 255 72 0 0 8 0 0 0 0 0 0 0 0 7 11 0 0 99 218 247 255 237 255 255 253 246 255 255 113 0 12 0 0 2 0 0 0 0 8 0 0 6 4 0 17 0 19 71 123 169 252 254 244 253 117 47 0 14 0 0 1 3 0 0 0 0 0 0 0 0 0 0 0 0 0 0 0 0 0 0 0 0 0 0 0 0 0 0 0 0 0 0 0 0 0 0 0 0 0 0 0 0 0 0 0 0 0 0 0 0 0 0 0 0 0 0 0 0 0 0 0 0 0 0 0 0 0 0 0 0 0 0 0 0 0 0 0 0 0 0 0 0 0 0 0 0 0 0 0 0 0 0 0 0 0 0 0 0 0 0 0 0 0 0 0 0 0 0 0 0 0 0 0 0 0 0 0 0
0 5 0 2 12 0 0 0 6 4 0 0 6 7 0 0 2 4 0 0 0 7 5 0 0 0 0 0 0 10 0 0 0 0 10 0 0 0 8 3 5 0 0 12 7 0 0 3 1 0 0 0 0 0 0 0 0 4 0 1 0 2 8 0 16 10 4 0 3 8 9 0 0 0 0 7 12 5 0 3 0 0 0 0 8 0 0 6 2 0 6 0 0 0 5 3 0 6 4 0 5 6 4 0 0 0 0 4 0 0 0 0 0 2 8 1 0 0 4 12 12 3 0 19 0 5 0 6 0 0 0 6 6 0 0 0 0 0 0 0 0 4 8 0 0 7 0 0 0 20 49 120 153 234 244 227 99 37 0 0 12 12 1 0 0 0 0 0 0 0 0 0 13 7 0 45 166 192 246 255 250 254 255 244 255 184 78 0 0 0 3 0 0 0 0 0 5 0 0 0 2 0 34 198 255 163 150 140 126 67 125 171 244 255 226 97 5 0 8 0 0 0 0 0 5 0 0 2 6 0 29 187 242 104 0 0 10 7 0 5 23 255 249 146 0 8 6 0 0 0 0 0 0 0 0 0 15 9 0 40 59 38 8 0 0 0 0 0 54 230 255 155 0 1 0 5 0 0 0 0 0 6 8 0 1 9 0 0 9 0 0 18 9 0 33 95 230 249 247 81 22 0 14 0 0 0 0 0 1 1 8 1 0 0 6 14 0 9 0 27 38 63 184 255 255 255 133 48 0 0 13 0 0 0 0 0 3 0 0 8 3 1 6 0 7 55 115 229 255 239 254 252 251 253 89 0 0 0 2 3 0 0 0 0 0 0 0 3 0 2 7 0 0 156 245 247 237 250 232 146 241 255 179 0 22 1 0 2 0 0 0 0 0 10 1 0 0 0 10 2 3 124 201 155 58 6 2 0 76 251 246 118 0 13 0 11 0 0 0 0 2 8 0 2 9 0 1 2 0 0 2 4 4 3 0 1 6 244 246 149 0 4 8 0 0 0 0 0 0 13 1 0 3 0 0 8 0 0 0 7 0 14 0 0 0 100 246 255 72 0 12 0 0 0 0 0 0 5 0 12 2 0 19 0 0 7 0 2 0 0 0 11 13 0 218 248 213 0 0 1 0 0 0 0 3 0 4 0 0 1 0 18 0 1 0 9 2 6 0 0 2 0 92 255 225 3 0 5 0 0 0 0 7 0 13 0 0 14 23 46 0 0 0 0 0 8 4 1 1 17 150 244 222 13 0 2 0 0 0 0 0 0 0 32 1 80 204 53 3 8 13 7 0 0 0 0 0 79 238 255 217 6 0 0 0 0 0 0 7 12 0 0 0 114 208 0 0 0 0 0 0 3 15 15 110 244 244 218 89 0 10 1 0 0 0 0 0 3 5 0 15 160 235 146 48 28 33 55 131 188 241 255 255 249 210 70 0 3 0 4 0 0 0 0 3 0 0 12 0 82 255 248 238 233 246 244 255 252 250 234 175 91 17 0 12 0 3 1 0 0 0 0 0 3 3 0 0 10 40 64 156 242 255 255 189 141 48 31 0 0 0 0 0 0 0 0 0 0 0 0 1 3 3 0 0 0 3 9 0 20 0 0 0 7 0 0 0 0 0 0 0 0 0 0 0 0 0 0 0 0 0 2 3 0 0 0 0 6 0 0 6 10 0 2 0 0 0 0 0 0 0 0 0 0 0 0 0 0 0 0 4 7 6 4 3 5 7 0 10 0 0 0 0 0 0 0 0 0 0 0 0 0 0 0
0 0 0 8 2 0 10 0 0 0 6 0 0 3 13 0 6 0 6 7 0 1 0 6 0 0 0 0 8 0 5 0 0 0 0 0 0 0 12 17 0 0 0 3 8 9 0 0 2 9 0 0 0 0 0 0 2 0 9 2 0 13 0 6 18 0 0 0 0 0 11 10 0 2 0 6 16 0 0 13 0 0 0 0 1 0 3 5 0 0 0 0 0 0 1 8 0 11 4 0 19 0 0 0 0 2 0 0 0 0 0 0 1 12 0 2 0 9 91 120 201 255 250 248 137 133 48 4 0 0 17 3 0 13 4 0 0 0 0 0 0 18 0 2 3 46 207 255 253 255 255 245 255 255 244 184 58 0 0 17 2 5 0 6 0 0 0 0 0 12 0 0 0 20 136 193 239 170 156 116 188 199 255 254 246 118 0 0 7 0 0 0 0 0 0 0 0 0 0 9 0 0 7 13 22 4 0 16 0 22 122 240 254 239 66 0 4 0 19 0 0 0 0 0 0 0 0 0 0 0 0 0 4 0 3 4 0 11 14 99 251 255 56 0 0 9 1 0 0 0 0 0 0 0 0 0 0 0 0 0 5 0 3 2 0 0 0 136 255 251 53 0 28 0 0 0 0 0 0 0 0 0 0 0 0 0 0 0 0 14 0 2 2 10 77 188 235 255 67 0 0 0 0 5 0 0 0 0 0 0 0 0 0 0 0 0 7 0 0 0 15 117 216 255 255 193 0 0 2 16 0 5 0 0 0 0 0 0 0 0 0 0 0 0 1 0 116 145 185 255 247 255 255 160 68 5 3 0 1 1 0 0 0 0 0 0 0 0 0 0 0 0 7 155 241 250 255 244 246 245 245 253 247 122 22 0 10 3 0 0 0 0 0 0 0 0 0 0 0 0 19 220 255 243 224 154 185 163 183 241 255 250 148 9 0 2 0 0 0 0 0 0 0 0 0 0 0 0 0 23 80 25 11 3 0 8 0 137 245 254 230 0 3 0 0 0 0 0 0 0 0 10 0 0 11 0 0 7 0 6 0 7 5 0 0 0 134 238 255 158 0 0 0 0 0 0 0 0 1 0 13 7 0 10 12 0 0 6 7 0 1 3 5 3 0 234 248 212 0 15 0 0 0 0 5 2 7 0 5 14 58 89 43 0 0 0 7 0 10 0 0 13 0 134 255 248 57 0 0 0 0 0 0 5 5 2 2 44 238 247 212 0 15 17 0 2 0 7 6 0 18 157 247 255 54 2 0 0 0 0 0 0 0 2 0 27 227 255 248 251 38 0 23 0 10 12 6 12 104 255 251 242 64 0 0 0 0 0 12 0 0 0 1 0 44 112 200 253 251 231 160 100 44 42 175 255 255 231 255 87 0 10 0 0 0 0 6 0 3 0 15 0 0 27 22 142 251 255 247 255 255 255 254 240 248 253 152 9 3 4 0 0 0 0 0 3 1 7 0 0 14 0 0 22 112 183 252 251 250 255 250 191 131 43 0 1 0 0 0 0 0 0 0 0 0 0 0 0 0 0 0 0 0 0 0 0 0 0 0 0 0 0 0 0 0 0 0 0 0 0 0 0 0 0 0 0 0 0 0 0 0 0 0 0 0 0 0 0 0 0 0 0 0 0 0 0 0 0 0 0 0 0 0 0 0 0 0 0 0 0 0 0 0 0 0 0 0 0 0 0 0 0 0 0 0 0 0 0 0 0 0 0 0 0 0 0 0 0 0 0 0 0 0 0 0 0 0 0 0 0 0 0 0 0
0 0 0 0 0 0 0 0 0 0 3 2 10 0 6 3 4 0 0 4 2 0 0 9 0 0 0 0 0 0 0 0 0 0 0 0 0 0 0 0 7 5 9 0 0 5 2 0 0 1 12 0 0 0 0 0 0 0 0 0 0 0 0 0 7 0 11 0 0 1 10 2 5 4 0 0 11 0 9 0 0 0 0 0 0 0 0 0 0 0 0 0 1 0 7 5 0 0 0 1 10 0 5 1 14 0 0 1 0 0 0 0 0 0 0 0 0 0 0 0 2 5 0 0 0 11 1 1 0 0 16 0 0 8 0 0 0 0 0 0 0 0 0 0 0 0 0 0 0 145 227 255 255 235 144 64 25 2 0 0 0 6 0 1 0 0 0 0 0 0 0 0 0 0 0 0 43 237 255 242 241 254 251 229 156 87 0 13 5 0 0 5 0 0 0 0 0 0 0 0 0 0 0 0 12 219 224 219 234 244 255 250 255 200 1 11 0 0 20 0 0 0 0 0 0 0 0 0 0 0 0 0 5 0 0 10 34 59 165 215 255 242 120 19 0 2 3 0 0 0 0 0 0 0 0 0 0 0 0 0 5 1 11 0 0 7 0 43 249 255 211 0 0 16 0 1 0 0 0 0 0 0 0 0 0 0 0 0 0 0 14 0 6 17 7 73 253 247 255 55 0 0 0 8 0 0 0 0 0 0 0 0 0 0 0 0 4 7 0 0 1 36 135 243 255 234 136 0 0 20 16 0 0 0 0 0 0 0 0 0 0 0 0 0 1 0 29 135 172 248 255 255 247 53 0 12 0 0 14 0 0 0 0 0 0 0 0 0 0 0 0 0 7 31 219 241 247 255 255 249 135 14 7 0 16 0 0 2 0 0 0 0 0 0 0 0 0 0 0 0 0 20 233 250 255 245 241 255 219 88 16 0 8 0 0 10 0 0 0 0 0 0 0 0 0 0 0 0 0 11 61 165 139 164 157 248 255 255 66 7 0 4 1 0 0 0 0 0 0 0 0 0 0 0 0 0 4 0 7 9 0 2 0 37 218 255 170 12 0 0 18 0 0 0 0 0 0 0 0 0 0 0 0 0 0 10 8 0 0 13 0 10 72 252 246 0 13 14 0 0 0 0 0 0 0 0 0 0 0 0 0 0 2 0 7 0 9 0 0 0 32 209 255 32 0 0 9 0 0 0 0 0 0 0 0 0 0 0 0 0 0 0 14 3 0 3 29 0 86 253 245 25 8 0 0 10 0 0 0 0 0 0 0 0 0 0 0 0 0 13 0 1 10 0 0 17 199 255 211 11 0 18 0 6 0 0 0 0 0 0 0 0 0 0 0 0 58 157 2 0 0 27 20 148 255 248 46 0 20 0 11 0 0 0 0 0 0 0 0 0 0 0 0 0 122 255 186 0 106 121 227 250 249 41 13 0 0 16 0 0 0 0 0 0 0 0 0 0 0 0 0 0 63 236 239 254 255 253 253 245 84 0 0 0 12 0 0 4 0 0 0 0 0 0 0 0 0 0 0 0 5 80 182 250 252 200 131 86 0 0 0 0 0 0 0 0 0 0 0 0 0 0 0 0 0 0 0 0 0 0 5 9 6 3 3 4 0 0 0 0 0 0 0 0 0 0 0 0 0 0 0 0 0 0 0 0 10 4 0 0 0 0 0 0 0 0 0 0 0 0 0 0 0 0 0 0 0 0 0 0 0 0 0 0 0 0 0 2 6 6 2 0 0 0 0 0 0 0 0 0 0 0 0 0
0 0 0 0 0 0 0 0 8 0 11 1 0 3 0 8 0 0 7 8 3 0 0 1 0 0 0 0 0 0 0 0 0 0 0 0 0 7 1 4 10 4 0 0 6 0 0 0 0 5 4 2 0 0 0 0 0 0 0 0 0 0 0 0 0 14 0 0 10 0 3 0 0 1 9 10 4 0 0 0 0 0 0 0 0 0 0 0 0 0 0 0 0 6 0 0 0 0 1 7 9 2 0 0 0 5 4 0 0 0 0 0 0 0 0 0 0 0 0 0 10 0 9 11 0 3 1 1 0 3 8 4 0 0 0 0 0 0 0 0 0 0 0 0 0 0 0 0 0 0 13 0 0 14 5 0 0 0 0 0 0 3 5 0 0 0 0 0 0 0 0 0 0 0 0 0 9 109 155 138 173 235 252 253 255 254 249 255 255 239 150 67 0 0 0 0 0 0 0 0 0 0 0 0 29 234 255 234 250 255 255 248 251 255 255 248 249 255 255 246 0 0 0 0 0 3 8 4 0 1 3 3 66 122 237 236 255 232 231 249 126 123 111 103 238 255 246 147 0 0 0 0 7 0 0 0 0 0 0 0 0 1 17 66 80 11 0 0 23 0 68 146 248 255 238 115 0 0 0 0 2 0 0 6 10 3 1 5 8 6 0 1 7 0 2 8 0 68 246 255 246 236 121 6 0 0 0 0 0 1 3 4 0 0 0 0 0 0 14 9 3 10 0 15 167 255 228 255 250 60 0 15 0 0 0 0 1 2 0 0 0 2 4 1 7 0 4 0 0 21 82 183 239 254 247 161 47 11 0 0 0 0 0 0 0 0 0 1 4 4 0 0 0 14 26 88 178 220 255 255 255 170 53 1 0 9 9 4 0 0 0 0 6 0 1 4 0 0 15 58 70 177 220 250 255 255 239 182 106 4 2 0 1 5 0 6 0 0 0 0 5 0 0 5 0 19 130 253 248 255 252 255 244 245 97 12 0 9 0 2 3 0 16 0 0 0 0 0 0 0 7 0 0 5 253 252 249 255 234 244 255 240 219 196 90 24 0 0 0 1 2 2 0 0 0 0 3 0 3 14 9 0 121 227 248 254 249 255 253 250 255 240 255 160 14 9 8 6 0 0 0 0 0 0 10 8 0 0 0 0 0 23 39 48 63 23 45 146 158 241 250 252 149 0 0 21 0 4 0 0 0 0 0 0 3 12 11 0 19 0 3 6 0 16 0 2 17 22 197 255 166 6 14 0 8 0 0 0 0 0 7 0 0 2 0 0 3 0 0 2 1 0 1 0 16 190 250 246 169 0 1 5 0 8 0 0 0 0 0 5 0 0 0 32 0 14 9 4 0 6 7 42 184 255 255 222 67 0 0 3 9 0 0 0 0 0 0 0 5 7 0 0 3 106 82 0 18 19 113 226 255 242 205 58 0 6 10 23 0 0 0 0 0 0 0 3 4 0 10 66 235 255 251 120 224 255 250 253 234 144 54 0 0 20 0 0 14 0 0 0 0 0 7 0 1 0 8 16 255 253 255 244 249 255 242 175 87 19 0 0 0 0 0 0 0 0 0 0 0 0 3 0 8 3 0 0 159 239 226 152 126 95 19 1 12 0 0 0 0 0 0 0 0 0 0 0 0 0 5 3 0 0 0 0 0 6 0 0 4 14 0 0 3 4 0 0 0 0 0 0 0 0 0 0 0 0 0 2 7 0 8 27 0 4 6 7 0 0 2 0 0 9 0 0 0 0 0 0 0 0 0 0 0 0
0 5 7 1 0 0 2 6 0 1 16 0 5 0 0 0 0 6 0 2 0 6 0 1 0 0 0 0 2 0 0 1 6 4 2 2 7 1 0 0 0 6 2 8 4 2 0 3 0 0 0 9 0 0 0 0 6 0 0 0 3 0 0 0 0 0 7 14 0 0 0 0 0 0 0 2 2 3 5 0 0 0 0 0 1 2 2 0 0 0 0 6 10 0 0 4 10 0 5 5 8 9 5 4 0 3 6 0 0 0 0 0 0 4 6 0 0 6 7 0 0 13 3 9 0 0 3 0 0 0 0 12 0 7 0 1 0 0 0 0 1 3 1 0 1 5 0 0 0 41 71 227 255 251 180 157 112 68 0 0 3 12 0 0 0 0 0 0 6 0 0 2 0 0 0 15 103 245 255 253 239 251 255 241 252 224 120 0 0 0 7 5 0 0 0 0 1 0 0 11 0 0 30 90 255 248 233 217 227 49 13 14 136 241 233 34 7 0 17 0 0 0 0 0 0 7 0 2 4 0 26 157 238 103 49 0 0 9 0 8 1 130 253 44 0 2 5 0 0 0 0 0 0 11 0 0 12 3 0 27 25 0 3 12 0 17 3 0 61 232 252 0 5 1 0 1 0 0 0 0 0 10 1 0 0 5 0 0 0 8 0 0 0 0 4 66 235 255 56 19 15 0 0 0 0 0 0 0 0 0 2 5 0 0 2 11 7 1 0 9 16 0 63 231 246 77 6 1 0 0 6 0 0 0 0 0 8 0 0 12 8 0 0 0 0 0 9 0 0 157 231 255 179 3 0 0 0 6 4 0 0 0 0 0 6 0 0 2 0 3 3 0 2 10 0 0 12 255 255 244 255 200 42 0 4 0 0 0 0 0 0 0 0 6 5 0 0 0 6 8 3 2 0 16 1 31 0 69 221 255 251 50 5 0 0 7 0 0 0 0 0 0 0 0 9 2 0 0 0 0 10 0 5 0 6 6 15 115 255 249 67 5 0 0 0 0 0 0 0 0 0 6 9 0 0 7 9 0 6 0 7 10 0 0 3 0 119 240 195 0 9 0 0 0 0 0 3 4 0 0 3 2 0 1 0 23 0 0 0 0 12 9 0 0 7 225 226 47 0 6 0 0 0 0 1 6 0 0 0 6 0 0 13 0 1 55 137 0 0 0 8 3 0 230 255 33 17 0 0 0 0 0 0 3 0 0 1 0 0 7 70 187 171 35 0 0 1 0 2 0 26 241 174 3 0 12 0 0 0 0 0 0 1 4 1 0 7 44 252 255 191 0 9 0 15 0 0 35 233 246 36 9 21 0 0 0 0 0 3 0 0 4 0 0 17 69 242 208 42 0 0 3 0 12 81 233 237 46 13 0 0 0 0 0 0 0 3 1 0 1 2 0 11 46 244 143 0 0 14 17 5 87 236 226 23 0 10 0 0 15 0 0 0 0 0 2 0 0 6 1 0 4 246 215 164 170 153 236 125 191 82 0 4 3 1 2 0 0 0 0 0 0 0 0 0 0 0 0 0 0 49 119 229 192 150 26 11 0 0 0 0 0 0 0 0 0 0 0 0 0 0 0 0 0 0 0 0 0 0 0 12 0 0 0 2 5 0 0 0 0 0 0 0 0 0 0 0 0 0 0 0 0 0 0 0 0 3 3 0 4 0 11 0 0 0 0 0 0 0 0 0 0 0 0 0 0 0 0 0 0 0 0 0 0 0 3 0 16 0 4 0 0 0 0 0 0 0 0 0 0 0 0 0 0
0 0 0 0 8 4 0 0 0 0 0 0 3 0 0 0 0 7 0 9 0 0 0 2 0 0 0 0 0 6 6 0 0 0 7 7 8 7 0 0 2 4 3 10 0 8 0 7 0 9 1 5 0 0 0 0 2 0 2 0 0 1 3 0 0 1 4 2 1 0 0 0 2 6 0 0 0 0 0 0 0 0 0 0 6 0 0 11 3 0 0 0 5 6 0 0 3 8 6 9 1 0 0 7 3 6 0 4 0 0 0 0 0 0 6 4 0 0 4 12 0 5 1 0 2 2 0 0 0 0 18 0 0 8 12 2 0 0 0 0 0 9 2 0 1 8 0 0 0 0 10 72 175 249 255 252 212 43 0 0 27 2 0 0 0 0 0 0 0 9 0 0 13 6 0 17 41 122 203 245 255 251 247 253 255 221 189 51 0 0 16 6 0 0 0 0 0 8 0 0 4 0 16 135 236 250 248 242 251 255 253 250 249 252 255 116 8 0 6 0 0 0 0 0 5 0 0 10 0 0 156 253 255 247 254 248 211 151 61 9 51 222 255 240 144 7 0 12 0 0 0 0 0 2 6 0 0 18 113 246 251 249 255 203 28 6 0 0 0 172 247 255 254 0 8 0 0 0 0 0 0 0 9 0 0 1 54 255 255 255 217 28 0 6 8 4 0 187 237 255 246 10 0 8 0 0 0 0 1 0 3 0 0 0 12 229 232 72 16 3 0 0 4 73 238 235 213 128 3 0 1 0 0 0 0 0 0 5 0 0 0 9 0 68 75 0 0 0 0 34 129 255 240 246 240 38 0 7 0 6 0 0 0 0 0 0 0 6 0 1 1 0 0 3 6 0 150 231 255 255 255 255 236 33 0 0 5 0 0 0 0 0 7 0 0 7 0 0 7 10 9 0 9 181 237 255 244 239 246 255 150 0 13 18 0 2 0 0 0 0 1 0 15 0 0 11 11 0 0 18 0 49 170 240 255 254 255 246 208 42 0 0 4 4 0 0 0 0 0 0 0 0 0 0 0 0 0 8 0 0 8 226 244 252 255 242 255 110 1 0 4 1 0 0 0 0 0 0 0 0 0 0 0 0 0 3 9 0 0 185 255 221 179 227 251 220 20 11 0 0 0 0 0 0 0 0 0 0 0 0 0 0 16 0 0 11 0 34 85 41 0 178 247 247 76 6 0 1 0 0 0 0 0 0 0 0 0 0 0 0 0 6 0 0 0 0 0 0 35 201 255 254 107 0 0 4 0 0 0 0 0 0 0 0 0 0 0 0 53 18 0 6 7 0 43 160 231 239 252 241 54 2 0 3 0 0 0 0 0 0 0 0 0 0 0 0 192 192 172 126 96 172 213 237 255 251 235 118 5 0 8 0 0 0 0 0 0 0 0 0 0 0 0 0 201 248 255 255 239 255 255 253 235 255 206 11 4 0 0 0 0 0 0 0 0 0 0 0 0 0 0 0 56 220 254 252 255 237 254 252 255 245 108 0 0 13 0 5 0 0 0 0 0 0 0 0 0 0 0 0 0 52 165 243 254 255 216 112 107 71 26 0 0 1 3 0 0 0 0 0 0 0 0 0 0 0 0 0 0 0 0 5 0 7 16 0 3 0 0 0 0 3 1 0 0 0 0 0 0 0 0 0 0 0 0 0 12 0 1 6 0 0 2 5 0 1 3 4 3 1 0 0 0 0 0 0 0 0 0 0 0 0 0 0 0 0 1 10 11 0 0 7 3 4 2 0 0 0 4 9 0 0 0 0
4 0 0 1 2 0 0 1 0 5 10 0 0 0 9 0 0 11 9 0 8 0 1 3 0 0 0 0 0 0 0 7 3 0 1 0 0 0 0 0 22 9 0 5 8 0 9 4 2 10 0 0 0 0 0 0 1 0 3 2 0 3 9 3 0 9 8 0 0 0 5 9 8 0 7 0 0 6 0 6 0 0 0 0 1 0 6 0 0 0 0 0 1 0 0 3 6 0 17 0 0 13 1 0 3 0 2 6 0 0 0 0 0 0 10 4 1 0 0 12 119 106 235 255 236 197 105 72 26 0 1 0 12 0 2 0 0 0 0 0 3 0 3 0 3 4 22 118 231 255 254 237 255 249 250 250 173 11 11 2 0 7 0 0 0 0 0 0 6 4 0 0 3 6 59 233 231 42 125 70 51 195 226 249 255 124 9 2 0 5 0 4 0 0 0 0 0 4 8 0 10 0 54 255 104 0 8 0 1 0 49 234 238 230 0 0 7 0 1 4 0 0 0 0 0 8 0 0 6 0 69 214 0 1 0 16 0 7 2 223 244 226 4 4 0 0 15 0 0 0 0 0 0 8 0 0 13 0 0 14 0 0 5 0 0 9 0 233 255 213 5 0 7 0 0 11 0 0 0 0 0 8 0 0 0 6 0 0 13 1 0 15 10 0 138 244 255 185 0 0 16 0 15 0 0 0 0 0 0 0 4 7 0 0 0 8 1 0 0 4 8 134 255 250 187 15 11 4 0 9 0 13 0 0 0 0 7 0 0 12 5 0 0 0 3 4 14 147 166 255 255 241 215 0 0 10 0 13 0 0 0 0 0 0 6 0 0 0 0 5 12 7 0 6 80 240 255 234 255 255 219 119 2 0 0 0 22 0 0 0 0 0 0 2 9 3 0 0 0 0 0 9 232 246 255 255 249 255 254 255 237 119 14 0 0 5 0 0 0 0 5 2 0 0 4 1 0 9 2 0 26 24 21 34 25 150 161 217 255 247 102 23 6 0 0 0 0 0 8 2 0 4 1 0 26 0 0 5 0 8 0 3 0 3 0 43 232 255 253 157 7 6 0 0 0 0 0 0 7 0 10 10 0 24 25 2 0 1 3 15 6 0 15 0 58 148 247 210 0 0 0 0 0 0 3 11 3 0 6 0 34 211 255 133 32 0 0 0 2 0 0 0 8 109 255 211 56 6 0 0 0 0 0 0 4 3 0 50 234 255 234 74 0 4 20 0 13 3 2 89 185 255 255 194 0 0 0 0 0 0 5 0 0 5 17 0 190 251 181 56 0 0 0 8 68 86 180 245 253 239 238 45 0 1 0 0 0 0 0 0 28 1 0 4 184 255 255 220 199 166 153 190 250 255 255 230 255 201 37 0 5 7 0 0 0 0 14 3 0 0 18 0 7 98 217 238 252 251 241 255 255 236 226 196 83 0 16 2 5 0 0 0 0 0 0 8 0 0 0 11 0 3 1 52 122 216 253 253 178 120 22 3 3 11 0 7 0 1 0 0 0 0 0 0 0 0 0 0 0 0 0 0 0 0 0 0 0 0 0 0 0 0 0 0 0 0 0 0 0 0 0 0 0 0 0 0 0 0 0 0 0 0 0 0 0 0 0 0 0 0 0 0 0 0 0 0 0 0 0 0 0 0 0 0 0 0 0 0 0 0 0 0 0 0 0 0 0 0 0 0 0 0 0 0 0 0 0 0 0 0 0 0 0 0 0 0 0 0 0 0 0 0 0 0 0 0 0 0 0 0 0 0 0 0
0 7 0 3 9 0 1 1 0 0 8 0 0 3 0 5 0 2 2 0 1 6 3 0 0 0 0 0 0 12 0 0 0 0 4 0 0 13 0 0 3 1 7 0 0 0 0 0 0 3 4 0 0 0 0 0 0 0 0 3 5 10 17 0 7 0 0 0 10 1 0 18 0 1 1 0 0 0 3 2 0 0 0 0 7 0 0 2 0 0 0 0 0 0 28 0 0 5 0 8 2 4 5 2 0 0 0 1 0 0 0 0 0 0 4 0 0 0 5 10 11 0 0 0 1 0 8 0 0 0 2 4 2 0 0 0 0 0 0 0 0 3 8 0 7 16 0 0 0 45 227 231 166 137 28 1 0 0 0 0 3 1 0 0 0 0 0 0 4 5 1 0 4 0 0 30 155 255 241 255 214 188 230 31 11 1 0 0 3 2 0 0 0 0 0 0 0 0 0 2 6 0 49 218 255 201 74 56 0 18 230 231 29 12 0 0 3 2 0 0 0 0 0 0 0 0 10 0 4 0 88 242 176 25 18 1 0 3 48 244 234 7 6 9 0 5 0 3 0 0 0 0 16 0 0 0 2 85 201 255 79 0 0 3 0 0 22 224 249 32 0 0 0 11 0 1 0 0 0 0 2 6 0 0 7 178 253 122 10 0 0 7 11 0 3 201 255 77 0 4 0 10 0 0 0 0 0 0 0 4 4 3 14 190 255 112 0 10 0 0 3 9 0 193 255 108 6 9 0 2 0 0 0 0 0 0 8 1 0 0 0 18 101 40 2 4 4 0 0 11 2 226 255 113 0 1 0 2 0 2 0 0 0 0 0 0 1 8 12 0 13 0 11 0 4 11 0 0 37 251 255 104 0 0 0 7 2 0 0 0 0 0 3 9 0 0 9 9 2 0 0 0 0 3 0 14 120 245 210 59 1 1 4 2 0 0 0 0 0 0 0 4 0 4 1 7 0 10 0 14 0 2 7 81 237 255 126 0 0 4 3 0 0 6 0 0 0 0 0 0 0 0 0 0 0 0 0 6 3 53 229 255 255 137 16 0 0 22 0 0 8 0 0 0 0 0 0 0 0 0 0 0 0 0 18 0 11 0 129 254 243 249 134 64 0 0 17 0 2 9 0 0 0 0 0 0 0 0 0 0 0 0 0 7 0 9 0 0 0 41 140 232 153 0 4 12 0 6 0 0 0 0 0 0 0 0 0 0 0 0 0 5 0 7 7 16 5 0 10 102 233 135 10 4 5 0 0 0 0 0 0 0 0 0 0 0 0 0 8 0 0 0 0 0 0 0 0 0 147 255 110 1 7 1 0 0 0 0 0 0 0 0 0 0 0 0 0 0 5 0 12 0 17 4 7 3 36 255 200 4 0 3 0 0 0 0 0 0 0 0 0 0 0 0 0 28 131 45 0 7 0 2 2 0 54 255 203 0 6 0 0 0 0 0 0 0 0 0 0 0 0 0 1 11 85 215 225 116 122 121 127 204 248 255 178 12 0 7 0 0 0 0 0 0 0 0 0 0 0 0 0 0 0 17 64 121 155 162 233 233 184 102 41 10 0 0 0 0 0 0 0 0 0 0 0 0 0 0 3 3 0 0 0 7 8 0 0 7 5 0 0 1 6 12 0 0 0 0 0 0 0 0 0 0 0 0 0 6 11 5 1 1 0 0 0 9 6 2 5 1 0 0 0 0 0 0 0 0 0 0 0 0 0 0 0 0 0 0 0 0 2 1 0 0 0 0 6 3 0 3 0 0 0 0
0 0 0 0 0 0 0 0 0 1 2 0 0 0 0 2 0 0 9 0 0 10 2 3 0 0 0 0 0 0 0 0 0 0 0 0 3 0 4 1 11 4 2 0 3 0 7 8 0 0 0 0 0 0 0 0 0 0 0 0 0 0 0 0 0 0 5 0 3 0 6 6 0 0 0 0 8 5 0 15 0 0 0 0 0 0 0 0 0 0 0 0 12 2 10 0 10 0 3 0 0 8 20 12 2 0 0 0 0 0 0 0 0 0 0 0 0 0 0 0 1 0 0 0 17 5 1 0 17 0 0 5 0 0 26 0 0 0 0 0 0 0 0 0 0 0 0 0 6 4 2 2 0 0 0 12 0 10 0 8 14 0 0 8 0 0 0 0 0 0 0 0 0 0 0 0 0 1 0 14 0 10 26 63 50 155 168 150 136 61 3 2 0 0 0 0 0 0 0 0 0 0 0 0 4 18 32 120 160 226 229 250 255 255 252 252 251 255 185 2 0 0 0 0 0 0 0 11 7 0 12 58 180 211 250 255 255 237 255 251 255 255 234 177 166 255 254 0 0 0 0 0 8 2 0 0 0 15 119 241 255 255 252 248 236 229 126 84 77 34 11 2 94 241 255 6 0 0 0 0 4 1 1 0 0 16 136 255 252 242 168 111 21 5 0 11 0 6 7 105 222 255 90 0 0 0 0 0 0 0 2 7 1 0 48 122 175 112 23 5 0 0 17 0 12 0 140 255 255 98 0 12 0 0 0 0 0 1 0 0 2 0 0 7 0 8 0 0 6 2 0 3 23 223 241 221 58 4 11 0 0 0 0 0 0 6 0 0 2 7 0 0 0 2 0 0 8 0 0 122 245 253 255 93 1 0 0 2 0 0 0 0 0 4 1 0 6 4 0 3 0 0 0 9 12 0 93 250 254 203 28 0 6 0 4 6 0 0 0 0 1 1 0 0 3 0 0 2 1 11 0 0 1 0 238 242 255 0 3 15 0 0 1 0 0 0 0 0 1 0 0 9 0 9 0 5 0 14 0 0 5 0 73 255 251 87 0 0 8 0 7 0 0 0 0 0 0 8 1 36 30 21 7 0 2 0 11 5 0 0 14 195 255 152 9 0 3 0 5 0 0 0 0 0 15 0 5 152 153 31 0 18 2 0 10 2 0 9 1 119 244 220 40 0 2 0 4 0 0 0 0 0 0 14 0 0 0 0 7 0 0 9 0 0 0 4 0 19 220 255 114 3 8 8 0 0 0 0 0 0 0 0 0 5 11 3 2 7 1 5 0 5 0 0 0 0 176 255 149 0 0 6 0 1 0 0 0 0 0 0 13 0 1 3 0 0 10 0 7 5 0 22 7 89 200 241 149 0 0 1 0 6 0 0 0 0 3 4 2 0 1 0 13 0 0 3 53 72 100 163 172 255 255 238 112 16 4 0 1 0 0 0 0 0 0 3 0 9 62 81 153 150 189 244 250 253 255 255 247 254 230 157 7 0 0 0 14 0 0 0 0 0 0 0 0 76 198 232 220 249 241 246 219 225 156 214 154 59 15 9 2 0 0 1 0 0 0 0 0 0 0 6 0 0 8 0 6 63 72 17 0 16 0 1 1 0 8 4 0 0 0 1 1 0 0 0 0 0 15 10 0 0 1 0 0 3 11 0 0 4 14 0 5 0 0 0 0 0 0 0 0 0 0 0 0 0 0 0 0 4 6 9 7 0 0 6 17 0 4 0 9 0 0 0 0 0 0 0 0 0 0 0 0 0
0 2 0 0 6 11 3 0 7 0 6 13 0 0 7 0 0 0 0 0 8 0 16 0 0 0 0 0 7 9 6 0 0 0 0 3 13 0 0 0 2 2 0 4 10 0 5 15 0 0 2 0 0 0 0 0 0 0 0 2 0 1 5 3 0 11 8 0 7 10 0 0 3 0 0 8 0 13 0 0 0 0 0 0 4 0 5 8 0 1 3 0 10 15 0 0 0 3 8 0 0 21 0 0 4 7 0 0 0 0 0 0 0 7 12 1 0 0 6 6 0 0 0 22 1 0 8 2 8 0 8 0 0 0 0 12 0 0 0 0 0 0 0 0 5 5 0 0 0 8 34 94 138 198 241 183 128 0 7 3 0 5 0 4 0 0 0 0 7 11 0 0 17 0 0 16 16 147 238 255 247 251 255 241 230 63 0 0 5 9 0 0 0 0 0 0 0 8 0 0 7 0 35 147 222 255 245 254 248 220 245 253 249 194 2 0 11 0 2 5 0 0 0 0 5 0 10 0 0 0 46 251 245 255 201 105 80 30 255 255 220 37 0 0 0 2 6 0 0 0 0 0 0 0 10 0 1 0 10 139 164 87 11 10 21 215 245 249 193 0 0 9 8 12 2 0 0 0 0 0 0 1 6 0 3 0 0 26 2 0 4 9 95 246 255 197 36 0 8 0 0 0 0 15 0 0 0 0 0 4 0 0 4 3 0 0 11 0 0 64 225 244 191 35 0 18 0 0 26 13 9 0 0 0 0 0 1 2 0 1 4 1 10 0 0 10 34 245 247 255 10 0 10 4 0 0 0 0 0 0 0 0 0 0 0 0 0 3 4 0 1 4 0 59 247 247 244 181 134 223 207 106 102 44 0 20 12 3 0 0 0 0 0 0 0 0 4 0 0 2 3 88 246 255 253 255 255 245 254 248 255 169 11 0 0 3 0 0 0 0 2 3 3 0 4 9 0 5 5 18 174 233 237 253 224 123 139 246 248 255 156 23 0 0 0 0 0 0 0 0 0 0 0 0 0 0 3 8 0 4 0 0 2 3 0 17 207 255 246 50 0 0 0 0 0 0 0 0 0 0 0 0 0 0 0 1 2 11 5 4 0 0 11 0 173 235 255 21 0 11 0 0 0 0 0 0 0 0 0 0 0 0 0 23 2 0 6 0 0 25 0 41 244 255 237 34 30 0 0 0 0 0 0 0 0 0 0 0 0 0 6 0 0 2 1 4 1 0 74 178 245 233 160 26 0 0 0 0 0 0 0 0 0 0 0 0 0 0 0 11 13 0 0 0 18 84 218 255 253 195 27 0 6 0 0 0 0 0 0 0 0 0 0 0 0 0 2 0 0 10 4 89 201 250 243 255 179 73 0 0 0 6 0 0 0 0 0 0 0 0 0 0 0 0 0 64 9 86 186 255 255 244 198 76 8 0 0 0 5 2 0 0 0 0 0 0 0 0 0 0 0 0 55 234 212 255 255 233 140 83 8 0 3 2 0 8 0 0 0 0 0 0 0 0 0 0 0 0 0 0 32 223 252 245 152 5 5 0 0 0 0 0 0 0 0 0 0 0 0 0 0 0 0 0 0 0 0 0 0 31 0 0 8 0 2 0 0 0 0 0 0 0 0 0 0 0 0 0 0 0 0 0 0 0 0 0 0 0 1 0 0 6 0 11 0 0 0 0 0 0 0 0 0 0 0 0 0 0 0 0 0 0 0 0 8 0 13 6 0 4 0 0 0 0 0 0 0 0 0 0 0 0 0 0
0 7 1 0 10 0 5 1 3 0 0 5 2 1 1 0 0 0 0 0 0 0 2 2 0 0 0 0 0 2 4 0 6 0 2 2 0 3 8 2 0 0 3 8 0 0 0 0 0 0 1 2 0 0 0 0 12 2 0 0 0 13 1 0 1 8 0 0 1 7 0 0 0 0 0 0 0 0 1 2 0 0 0 0 0 0 18 10 0 1 0 0 0 2 6 2 2 0 0 4 1 0 0 0 0 0 1 1 0 0 0 0 8 0 0 0 0 7 15 11 4 0 0 3 10 3 0 6 1 1 0 0 0 0 0 1 0 0 0 0 4 0 0 6 6 0 6 0 8 0 0 2 0 0 5 2 2 1 0 0 0 0 0 0 0 0 0 0 0 0 12 0 0 2 177 248 139 141 154 120 45 17 19 0 2 1 0 0 0 0 0 0 0 0 0 0 7 0 0 0 11 0 172 218 255 240 255 255 246 255 244 156 2 2 0 0 0 0 0 0 0 0 0 0 0 0 0 0 0 0 0 0 78 145 210 193 222 245 254 249 199 27 0 2 0 9 0 0 0 0 0 0 0 0 0 0 0 0 0 0 0 0 0 0 16 78 165 255 249 157 2 0 0 0 0 6 0 0 0 0 0 0 0 0 0 0 0 0 17 0 2 3 0 0 23 233 252 236 0 3 7 0 0 0 0 0 0 0 0 0 0 0 0 0 0 0 0 0 12 3 16 0 0 254 242 197 0 3 9 3 0 0 0 0 0 0 0 0 0 0 0 0 0 0 5 6 0 0 6 4 96 251 255 108 0 0 0 4 2 4 0 0 0 0 0 0 0 0 0 0 0 0 0 14 0 14 7 47 252 255 219 29 3 5 0 4 2 3 0 0 0 0 0 0 0 0 0 0 0 0 0 4 0 0 0 103 255 233 107 0 0 8 5 0 0 0 0 0 0 0 0 0 0 0 0 0 0 0 6 0 8 0 51 237 239 227 28 11 0 0 8 0 1 1 0 0 0 0 0 0 0 0 0 0 0 0 5 1 2 0 199 254 255 90 8 0 10 0 0 2 3 0 0 0 0 0 0 0 0 0 0 0 0 0 0 0 0 64 240 244 227 0 3 6 7 0 0 2 3 3 0 0 0 0 0 0 0 0 0 0 0 0 2 0 5 58 255 246 232 21 0 5 0 0 0 0 0 0 0 0 0 0 0 0 0 0 0 0 0 0 6 0 0 2 183 255 251 172 23 0 2 5 11 3 1 2 0 0 0 0 0 0 0 0 0 0 0 0 0 8 0 0 57 212 251 255 96 0 5 0 4 0 2 0 0 0 0 0 0 0 0 0 0 0 0 0 0 0 7 0 0 88 232 255 187 42 6 0 0 0 2 0 0 0 0 0 0 0 0 0 0 0 0 0 5 0 11 0 0 1 130 239 255 147 13 5 0 6 12 8 0 0 0 0 0 0 0 0 0 0 0 0 0 12 0 13 0 5 0 224 255 208 0 4 0 2 0 0 0 0 0 0 0 0 0 0 0 0 0 0 1 0 0 3 18 0 0 35 254 205 0 0 0 2 0 3 0 0 0 0 0 0 0 0 0 0 0 0 0 10 2 0 0 0 29 106 255 197 8 0 1 16 0 0 0 0 0 0 0 0 0 0 0 0 0 0 0 3 3 3 5 0 0 19 0 8 0 10 3 0 0 1 0 0 0 0 0 0 0 0 0 0 0 0 3 2 0 0 10 6 0 0 6 6 11 1 0 0 0 4 0 0 0 0
0 0 0 0 0 0 0 0 0 4 0 0 0 15 0 2 0 0 8 11 0 0 4 0 0 0 0 0 0 0 0 0 0 0 0 0 6 3 0 0 1 0 4 0 9 0 0 0 11 0 0 3 0 0 0 0 0 0 0 0 0 0 0 0 0 0 0 27 17 0 3 7 3 11 6 0 0 0 2 9 0 0 0 0 0 0 0 0 0 0 0 0 0 16 0 0 0 15 0 0 2 0 4 2 7 1 3 0 0 0 0 0 0 0 0 0 0 0 0 0 0 3 6 4 4 5 47 188 245 79 0 0 0 0 16 12 0 0 0 0 0 0 0 0 0 0 0 0 0 8 0 0 116 204 234 252 254 76 0 0 14 0 6 0 0 0 0 0 0 0 0 0 0 0 0 0 5 0 0 116 220 255 255 245 127 53 36 31 53 6 7 2 0 0 0 0 0 0 0 0 0 0 0 0 0 4 0 255 255 245 247 255 255 243 255 255 241 79 0 0 0 0 0 0 0 0 0 0 0 0 0 0 6 0 2 253 255 249 255 251 255 247 251 255 238 223 3 0 0 0 0 0 0 0 0 0 0 0 0 0 15 0 0 48 10 29 30 37 13 45 40 247 253 175 6 11 0 0 0 0 0 0 0 0 0 0 0 0 0 0 13 0 0 16 7 2 48 146 159 250 255 60 0 0 0 0 0 0 0 0 0 0 0 0 0 0 6 0 0 0 9 0 0 0 208 248 255 200 68 4 9 0 0 0 0 0 0 0 0 0 0 0 0 0 0 5 5 5 34 104 186 255 255 255 184 14 0 5 0 11 0 0 0 0 0 0 0 0 0 0 0 0 22 2 0 0 80 248 254 255 244 252 224 4 2 0 12 0 0 0 0 0 0 0 0 0 0 0 0 0 0 0 17 0 16 90 73 64 76 190 253 88 0 14 0 14 0 0 0 0 0 0 0 0 0 0 0 0 8 0 0 8 6 0 6 0 0 27 255 141 3 0 0 0 0 0 0 0 0 0 6 0 10 0 0 3 0 16 0 0 8 0 7 1 0 32 251 149 8 0 14 0 0 0 0 0 11 6 0 0 7 0 0 3 10 17 0 11 1 7 0 0 3 164 248 138 3 0 12 0 0 0 0 0 0 4 4 0 6 44 41 0 0 0 0 0 0 11 0 6 75 238 252 45 4 0 0 6 0 0 0 0 0 11 0 8 170 252 189 69 6 0 14 6 0 0 5 1 205 250 182 0 5 7 0 0 0 0 0 0 0 15 0 0 207 255 237 213 100 44 0 0 1 28 116 161 255 220 52 6 0 0 9 0 0 0 0 0 10 0 5 17 154 223 255 236 255 219 146 218 211 216 241 255 216 87 0 8 0 0 9 0 0 0 0 0 13 0 5 0 0 79 214 251 237 255 248 246 255 255 250 207 86 0 6 0 0 0 0 4 0 0 0 0 0 13 0 6 4 0 6 107 115 200 253 110 144 133 115 6 0 6 0 13 0 7 0 0 0 0 0 0 0 0 0 0 0 0 0 0 0 0 0 0 0 0 0 0 0 0 0 0 0 0 0 0 0 0 0 0 0 0 0 0 0 0 0 0 0 0 0 0 0 0 0 0 0 0 0 0 0 0 0 0 0 0 0 0 0 0 0 0 0 0 0 0 0 0 0 0 0 0 0 0 0 0 0 0 0 0 0 0 0 0 0 0 0 0 0 0 0 0 0 0 0 0 0 0 0 0 0 0 0 0 0 0 0 0 0 0 0 0 0 0
0 1 0 0 6 3 0 0 9 0 0 11 0 0 2 0 0 0 0 0 0 0 0 0 0 0 0 0 0 6 6 0 0 0 7 6 0 1 23 0 0 0 7 2 0 0 0 0 0 0 0 0 0 0 0 0 0 0 3 2 0 2 2 0 7 0 8 0 5 10 0 0 0 0 0 0 0 0 0 0 0 0 0 0 5 0 0 12 4 0 0 0 8 10 0 1 0 4 0 3 0 0 0 0 0 0 0 0 0 0 0 0 0 1 5 3 0 0 4 14 0 0 77 194 150 229 221 31 0 0 0 0 0 0 0 0 0 0 0 0 0 10 1 0 0 7 0 0 12 167 235 255 245 246 251 153 0 0 0 0 0 0 0 0 0 0 0 0 0 9 0 0 12 6 0 18 119 234 255 240 182 216 248 171 0 0 0 0 0 0 0 0 0 0 0 0 0 7 0 1 6 0 15 133 240 255 241 155 14 184 255 152 0 0 0 0 0 0 0 0 0 0 0 0 0 4 0 4 11 0 64 235 249 250 217 8 88 255 240 165 0 11 0 12 0 1 2 4 0 0 0 0 4 0 12 11 0 13 150 255 255 255 16 26 201 243 255 114 8 0 0 0 9 10 0 3 0 0 0 0 0 18 0 0 25 0 40 204 242 96 0 191 255 255 236 47 0 0 0 2 0 0 7 0 0 0 0 0 9 0 5 13 0 0 13 12 9 0 24 225 255 254 255 204 48 23 0 1 9 0 0 8 0 0 0 0 2 12 0 0 9 7 0 0 0 1 7 42 124 200 223 255 243 0 19 0 1 0 27 0 0 0 0 0 6 0 0 6 15 0 0 15 0 0 0 8 0 10 155 242 255 221 10 11 0 3 5 0 0 0 0 0 0 0 12 0 0 2 14 0 11 0 14 3 6 0 2 124 246 239 217 22 5 7 0 3 0 0 0 0 10 0 0 0 0 0 0 5 0 21 0 0 6 0 16 11 194 255 249 181 11 0 6 0 0 0 0 0 0 0 0 0 0 0 0 0 8 0 1 8 0 15 0 0 13 254 249 255 108 6 0 5 0 0 0 0 0 0 0 0 0 0 0 0 0 12 124 0 4 0 3 12 4 119 250 255 227 27 0 0 0 0 0 0 0 0 0 0 0 0 0 0 66 186 255 99 20 2 0 0 10 7 195 239 248 60 0 6 0 0 0 0 0 0 0 0 0 0 0 0 79 255 243 136 0 0 7 5 0 0 158 255 249 136 0 0 0 0 0 0 0 0 0 0 0 0 0 0 73 235 255 255 196 143 67 0 0 21 136 255 253 143 0 7 0 0 0 0 0 0 0 0 0 0 0 0 0 90 181 228 248 255 221 214 212 191 241 255 251 60 0 5 0 0 0 0 0 0 0 0 0 0 0 0 17 0 0 58 138 248 242 255 255 241 255 224 161 12 0 7 0 0 0 0 0 0 0 0 0 0 0 0 0 0 4 0 0 22 120 171 249 255 241 159 14 0 2 0 0 0 0 0 0 0 0 0 0 0 0 0 0 0 0 0 0 0 0 0 0 0 0 0 0 0 0 0 0 0 0 0 0 0 0 0 0 0 0 0 0 0 0 0 0 0 0 0 0 0 0 0 0 0 0 0 0 0 0 0 0 0 0 0 0 0 0 0 0 0 0 0 0 0 0 0 0 0 0 0 0 0 0 0 0 0 0 0 0 0 0 0 0 0 0 0 0 0 0 0 0 0 0 0 0 0 0 0 0 0 0 0 0 0 0 0
0 0 0 0 0 0 0 0 1 0 0 0 4 10 1 0 1 0 0 3 7 0 0 6 0 0 0 0 0 0 0 0 0 0 0 0 7 0 24 0 0 15 0 18 0 9 0 4 0 6 0 7 0 0 0 0 0 0 0 0 0 0 0 0 0 5 4 0 9 7 0 0 0 0 8 0 2 5 8 0 0 0 0 0 0 0 0 0 0 0 0 0 185 245 212 125 50 0 3 7 0 0 0 0 0 0 9 0 0 0 0 0 0 0 0 0 0 0 0 0 162 201 255 236 255 225 104 9 12 5 0 18 0 0 0 3 0 0 0 0 0 0 0 0 0 0 0 0 4 26 53 51 126 192 245 220 84 55 32 0 9 0 11 3 0 0 0 0 0 0 0 0 0 0 0 0 0 9 1 0 5 11 135 123 237 255 210 42 16 0 5 0 0 0 0 0 0 0 0 0 0 0 0 0 15 0 11 1 3 0 18 0 26 244 255 159 0 19 0 7 0 0 0 0 0 0 0 0 0 0 0 0 7 0 1 0 0 13 0 33 203 255 247 12 22 0 0 2 0 0 0 0 0 0 0 0 0 0 0 0 0 3 0 24 0 0 95 188 254 243 33 10 0 0 17 0 0 0 0 0 0 0 0 0 0 0 0 0 0 14 0 0 1 190 244 255 238 129 0 8 0 5 3 0 0 0 0 0 0 0 0 0 0 0 0 0 5 0 0 7 105 255 235 184 82 0 19 0 0 11 0 4 0 0 0 0 0 0 0 0 0 0 0 0 0 0 1 13 194 223 174 12 0 0 0 6 0 5 2 0 0 0 0 0 0 0 0 0 0 0 0 0 0 26 0 0 132 255 203 20 6 18 0 10 0 0 4 0 0 0 0 0 0 0 0 0 0 0 0 0 0 3 0 7 29 247 232 209 38 0 1 0 3 0 0 10 0 0 0 0 0 0 0 0 0 0 0 0 6 0 0 4 0 123 251 253 111 8 0 7 0 4 0 0 0 0 0 0 0 0 0 4 0 12 0 0 1 0 16 0 16 0 196 255 239 66 12 0 0 0 10 0 0 0 0 0 0 9 2 0 0 0 1 3 0 7 0 9 0 0 112 240 255 181 3 4 14 0 2 0 0 0 0 0 0 9 4 5 6 0 13 0 0 2 9 3 3 0 0 207 237 255 0 0 11 0 0 5 0 0 0 0 0 11 0 0 6 16 120 159 77 57 0 0 0 16 79 251 248 255 5 1 0 0 0 0 0 0 0 0 1 11 0 0 0 0 136 218 255 230 189 108 43 194 211 244 255 181 16 3 0 7 2 0 0 0 0 0 0 1 0 14 6 0 23 55 212 252 248 255 255 248 255 255 230 52 0 0 0 9 0 4 0 0 0 0 6 0 0 5 4 1 0 0 0 104 197 133 234 255 250 251 139 11 3 0 7 3 0 0 0 0 0 0 0 2 4 3 0 9 0 8 19 0 3 8 0 6 0 1 2 0 8 0 9 1 1 2 0 0 0 0 0 0 0 0 0 0 0 0 0 0 0 0 0 0 0 0 0 0 0 0 0 0 0 0 0 0 0 0 0 0 0 0 0 0 0 0 0 0 0 0 0 0 0 0 0 0 0 0 0 0 0 0 0 0 0 0 0 0 0 0 0 0 0 0 0 0 0 0 0 0 0 0 0 0 0 0 0 0 0 0 0 0 0 0 0 0 0 0 0 0 0 0 0 0 0 0 0 0 0 0 0 0 0 0 0 0 0 0 0 0 0 0
0 0 0 0 0 0 0 0 2 10 0 0 0 0 0 7 0 1 0 0 3 2 0 1 0 0 0 0 0 0 0 0 0 0 0 0 0 0 2 14 7 1 8 0 1 8 1 0 3 6 0 0 0 0 0 0 0 0 0 0 0 0 0 0 7 0 0 1 0 0 15 0 7 0 0 1 8 0 0 9 0 0 0 0 0 0 0 0 0 0 0 0 4 0 0 10 6 0 6 0 0 11 7 0 0 10 1 0 0 0 0 0 0 0 0 0 0 0 0 0 0 5 0 1 19 0 0 18 6 6 1 0 0 0 0 22 0 0 0 0 0 0 0 0 0 0 0 0 97 152 150 148 150 120 152 237 174 107 26 0 11 14 0 0 0 0 0 0 0 0 0 0 0 0 0 0 43 105 110 84 41 0 0 36 154 255 239 79 0 0 10 0 0 0 0 0 0 0 0 0 0 0 0 0 0 13 2 0 0 3 6 0 2 167 248 150 25 0 0 7 0 0 0 0 0 0 0 0 0 0 0 0 0 12 0 8 0 12 2 0 0 114 255 137 0 11 0 0 0 0 0 0 0 0 0 0 0 0 0 0 1 9 0 1 9 6 0 11 13 233 204 37 0 4 1 4 0 0 0 0 0 0 0 0 0 0 0 0 11 0 8 8 0 0 0 26 167 243 96 0 0 0 14 0 0 0 0 0 0 0 0 0 0 0 0 0 0 14 9 1 2 0 61 194 226 111 10 1 3 0 4 0 0 0 0 0 0 0 0 0 0 0 0 0 0 75 94 132 129 196 221 158 69 14 0 0 8 8 0 5 0 0 0 0 0 0 0 0 0 0 0 0 2 234 255 255 106 7 0 5 0 4 1 0 1 0 3 3 0 0 0 0 0 0 0 0 0 0 0 0 0 34 104 245 212 88 17 0 9 7 2 6 0 0 8 0 0 0 0 0 0 0 0 0 0 0 0 0 2 0 3 90 222 251 158 41 0 0 6 0 4 8 0 8 0 0 0 0 0 0 0 0 0 0 0 0 0 12 0 0 28 164 255 232 42 0 16 0 0 0 0 0 0 0 0 0 0 0 0 0 0 0 0 0 14 0 0 8 0 0 171 227 241 52 0 3 0 0 15 5 0 0 0 0 0 0 0 0 0 0 0 0 0 2 4 15 0 5 0 221 252 155 18 0 9 4 0 1 0 0 0 0 0 0 0 0 0 0 0 0 1 6 1 0 0 0 0 144 255 132 0 2 0 0 1 0 0 0 0 0 0 0 0 0 0 0 0 0 1 6 1 0 13 9 0 150 255 135 0 5 0 0 5 0 0 0 0 0 0 0 0 0 0 0 0 0 0 3 0 1 0 14 0 247 248 152 18 0 11 5 0 1 0 0 0 0 0 0 0 0 0 0 0 0 11 26 12 0 0 9 177 243 230 43 0 0 0 0 10 0 0 0 0 0 0 0 0 0 0 0 0 0 1 116 108 45 67 196 247 194 36 0 15 0 2 2 1 0 0 0 0 0 0 0 0 0 0 0 0 0 0 37 134 231 255 190 96 38 0 0 0 0 0 0 0 0 0 0 0 0 0 0 0 0 0 0 0 0 0 0 0 2 8 1 0 4 0 0 0 0 0 0 0 0 0 0 0 0 0 0 0 0 0 0 0 0 3 3 6 9 5 0 0 0 0 0 0 0 0 0 0 0 0 0 0 0 0 0 0 0 0 0 0 0 0 0 0 0 0 0 2 5 0 0 0 0 0 0 0 0 0 0 0 0
0 0 0 0 0 0 0 0 3 2 2 0 0 1 5 0 10 0 3 0 0 7 0 0 0 0 0 0 0 0 0 0 0 0 0 0 0 0 0 8 6 2 2 0 0 0 15 8 0 3 4 3 0 0 0 0 0 0 0 0 0 0 0 0 17 3 0 0 0 0 0 0 9 6 0 0 7 10 0 4 0 0 0 0 0 0 0 0 0 0 0 0 0 1 10 3 1 3 2 3 0 9 7 0 2 0 0 15 0 0 0 0 0 0 0 0 0 0 0 0 10 5 0 0 7 4 0 0 14 0 0 17 0 1 16 0 0 0 0 0 0 0 0 0 0 0 0 0 1 1 0 8 11 0 0 34 114 255 237 71 0 3 5 0 0 0 0 0 0 0 0 0 0 0 0 0 0 13 0 0 0 33 128 239 255 239 255 221 46 0 22 1 0 0 0 0 0 0 0 0 0 0 0 0 0 7 0 19 139 239 255 248 255 244 252 255 153 20 0 0 0 0 0 0 0 0 0 0 0 0 0 0 0 0 0 85 246 245 255 253 254 254 253 245 168 0 9 0 0 0 0 0 0 0 0 0 0 0 0 0 0 0 8 167 255 252 223 146 73 244 252 255 74 0 0 3 0 0 0 0 0 0 0 0 0 0 0 0 16 0 0 23 78 115 0 0 136 255 246 145 0 6 6 2 0 0 0 0 0 0 0 0 0 0 0 0 0 10 0 0 10 0 37 171 250 255 255 33 0 0 7 0 0 0 0 0 0 0 0 0 0 0 0 0 0 7 3 10 0 37 179 255 255 230 146 10 0 8 0 0 0 0 0 0 0 0 0 0 0 0 0 0 8 0 0 57 115 235 254 255 255 226 29 0 0 10 0 0 0 0 0 0 0 0 0 0 0 0 0 0 0 22 86 234 255 243 241 252 250 248 102 0 6 0 0 1 0 0 0 0 0 0 0 0 0 0 0 0 4 27 239 255 245 252 255 252 250 255 189 0 6 10 0 3 0 0 0 0 4 0 0 4 0 0 0 1 0 4 142 236 228 109 46 251 245 255 135 0 9 3 0 1 0 0 0 0 0 0 0 2 5 7 5 1 17 8 0 0 4 1 24 255 255 228 57 8 0 0 11 0 0 0 0 0 1 4 0 0 2 3 0 0 0 0 7 5 3 8 182 245 255 130 0 11 0 0 11 0 0 0 0 0 0 5 0 0 1 0 0 2 6 16 0 19 0 105 253 255 189 21 2 0 3 4 0 1 0 0 0 0 0 0 4 5 3 0 0 6 0 7 0 0 137 255 253 232 78 0 9 0 4 8 0 4 0 0 0 0 0 0 5 0 0 3 7 0 8 0 19 75 232 241 255 67 1 9 0 6 0 0 0 2 0 0 0 0 2 0 2 0 8 86 117 64 4 26 99 252 248 255 220 0 0 12 0 6 0 0 0 0 0 0 0 0 1 0 2 0 61 215 255 216 175 229 255 249 248 243 33 3 7 0 11 0 4 6 0 0 0 0 0 0 7 0 0 0 95 236 255 251 255 253 255 252 155 30 0 7 0 0 0 0 0 0 0 0 0 0 0 0 6 2 11 0 0 4 0 0 0 0 0 7 10 6 2 1 0 0 0 0 0 0 0 0 0 0 0 0 0 0 3 10 5 0 0 9 4 9 2 0 0 5 3 0 0 0 0 0 0 0 0 0 0 0 0 0 9 4 0 0 0 4 1 0 0 0 9 9 2 0 1 10 0 0 0 0 0 0 0 0 0 0 0 0
0 0 0 0 0 0 0 0 0 2 3 0 1 5 1 0 0 4 0 6 0 14 0 2 0 0 0 0 0 0 0 0 0 0 0 0 0 0 5 0 0 0 0 10 0 4 7 8 0 4 0 0 0 0 0 0 0 0 0 0 0 0 0 0 6 0 0 2 7 6 0 0 0 0 0 0 0 1 8 0 0 0 0 0 0 0 0 0 0 0 0 0 2 0 0 1 0 0 0 0 19 8 0 3 0 0 6 0 0 0 0 0 0 0 0 0 0 0 0 0 0 0 0 0 0 0 2 8 0 0 0 25 0 0 8 8 0 0 0 0 0 0 0 0 0 0 0 0 3 10 6 0 0 54 139 203 145 161 152 172 55 0 0 0 0 0 0 0 0 0 0 0 0 0 0 0 0 5 43 109 195 255 255 243 246 254 252 255 114 4 0 0 0 0 0 0 0 0 0 0 0 0 0 0 2 110 221 255 249 243 250 255 255 250 254 254 130 0 3 0 0 0 0 0 0 0 0 0 0 0 0 0 27 236 244 252 255 236 255 216 161 180 255 247 233 0 10 0 0 0 0 0 0 0 0 0 0 0 0 0 126 255 249 233 171 137 33 27 51 251 242 245 162 0 0 11 0 0 0 0 0 0 0 0 0 0 0 0 6 185 123 82 2 0 5 107 227 246 255 234 10 0 0 2 0 0 0 0 0 0 0 0 0 0 0 0 8 20 0 2 0 72 209 234 252 232 255 96 0 0 21 0 0 0 0 0 0 0 0 0 0 0 0 0 1 0 13 51 179 248 247 255 248 255 46 29 0 0 16 0 0 0 0 0 0 0 0 0 0 0 0 0 1 127 223 244 251 255 247 238 231 59 0 0 16 8 0 0 0 0 0 0 0 0 0 0 0 0 0 0 32 240 255 251 254 242 255 255 251 218 136 14 0 0 14 14 0 0 0 0 0 0 0 0 0 0 0 0 250 255 255 249 255 255 255 247 255 250 254 63 0 2 1 0 0 0 0 0 7 0 0 3 0 0 0 0 188 246 255 206 119 59 70 105 149 255 242 150 2 0 4 1 0 0 0 0 0 0 0 4 0 8 2 3 8 26 15 0 0 6 0 0 67 252 255 161 0 2 0 7 0 0 0 0 5 16 1 7 0 9 0 0 1 0 0 11 16 0 0 17 54 248 254 162 12 0 11 0 0 0 0 0 0 0 0 0 0 0 0 6 0 6 2 0 0 11 0 0 131 255 245 179 0 10 2 0 0 0 0 0 7 6 9 0 7 0 0 3 0 0 8 8 0 0 28 130 221 251 255 102 4 5 0 5 0 0 0 0 2 0 0 0 0 1 13 0 0 3 13 0 9 90 166 249 255 255 178 1 21 0 9 0 0 0 0 0 0 8 0 10 12 131 168 142 139 47 14 53 167 252 244 255 250 185 10 3 0 4 11 0 0 0 0 0 0 12 0 10 13 221 255 249 251 245 255 246 252 255 238 254 225 0 10 1 0 0 0 0 0 0 0 0 0 10 0 0 60 234 255 255 255 248 253 250 247 255 237 162 21 9 0 0 0 4 2 0 0 0 0 0 7 9 0 0 0 19 0 0 0 0 4 6 0 6 10 0 10 3 0 0 1 3 1 0 0 0 0 0 0 0 2 12 7 2 0 8 5 0 0 7 0 0 8 11 0 0 0 0 1 2 0 0 0 0 0 0 10 0 1 0 0 0 0 0 14 0 0 7 0 0 0 0 0 0 0 1 0 0 0 0 0 0 0 0
0 15 2 2 0 0 3 7 0 6 0 0 7 6 0 0 0 0 2 1 0 2 4 0 0 0 0 0 0 0 0 0 3 18 0 0 9 0 6 12 0 0 11 0 6 3 2 0 0 0 0 5 0 0 0 0 15 0 5 14 10 0 17 14 0 9 0 0 14 8 0 12 0 0 0 1 7 0 0 2 0 0 0 0 0 0 7 0 10 2 0 0 0 15 9 0 0 0 0 0 0 0 0 0 12 7 0 0 0 0 0 0 18 4 10 0 0 13 0 90 211 239 240 255 255 164 37 8 6 8 1 0 0 0 0 0 0 0 0 0 5 0 0 9 0 0 174 239 154 73 24 11 71 219 236 87 0 0 4 5 0 0 3 1 0 0 0 0 1 3 19 0 3 23 230 68 3 0 0 10 6 24 121 230 32 0 0 15 0 0 5 0 0 0 0 0 0 0 0 0 4 57 73 14 0 14 1 0 0 0 57 215 129 22 0 8 0 0 10 0 0 0 0 0 0 0 0 1 1 2 2 2 0 0 8 0 4 0 152 237 139 3 5 0 19 0 6 2 0 0 0 0 0 0 0 1 1 2 2 2 16 0 0 6 4 183 222 136 2 13 0 12 0 0 3 0 0 0 0 0 0 0 0 0 1 1 1 1 0 3 70 133 255 254 81 2 0 22 0 0 9 0 0 0 0 0 0 0 0 0 0 0 0 0 0 1 0 7 203 198 254 246 207 82 3 0 17 0 0 5 9 0 0 0 0 0 0 0 0 0 0 0 0 0 9 0 14 0 17 23 113 233 148 21 0 20 0 4 0 7 0 0 0 0 0 0 0 0 0 0 0 0 0 5 3 9 0 0 12 61 198 208 76 0 5 0 0 10 0 0 0 0 0 0 0 0 0 0 0 0 0 0 4 0 6 0 10 0 12 211 203 43 5 0 11 0 0 0 0 0 0 0 0 0 0 0 0 0 1 1 2 0 6 1 0 14 8 13 147 220 21 0 0 2 0 0 0 0 0 0 0 0 0 0 0 0 3 0 1 0 5 0 0 5 0 0 24 240 184 0 5 0 0 0 0 0 0 0 0 0 0 0 0 0 0 1 16 0 0 7 2 0 20 0 0 71 243 62 12 0 0 0 0 0 0 0 0 0 0 0 0 0 0 6 0 28 0 0 5 3 0 1 5 27 251 180 3 2 0 0 0 0 0 0 0 0 0 0 0 0 18 9 0 7 0 0 0 7 6 11 0 0 136 231 0 8 0 0 0 0 0 0 0 0 0 0 0 0 196 43 13 0 30 28 0 5 0 0 6 5 122 238 0 2 0 0 0 0 0 0 0 0 0 0 0 0 151 96 0 6 0 0 0 1 8 14 0 0 138 212 0 0 0 0 0 0 0 0 0 0 0 0 0 0 49 210 132 118 9 29 17 0 5 23 0 73 203 187 15 0 0 0 0 0 0 0 0 0 0 0 0 0 5 56 135 164 241 252 144 127 226 255 255 232 207 20 0 1 0 0 0 0 0 0 0 0 0 0 0 0 0 0 0 0 0 0 0 0 0 0 0 0 0 0 0 0 0 0 0 0 0 0 0 0 0 0 0 0 0 0 0 0 0 0 0 0 0 0 0 0 0 0 0 0 0 0 0 0 0 0 0 0 0 0 0 0 0 0 0 0 0 0 0 0 0 0 0 0 0 0 0 0 0 0 0 0 0 0 0 0 0 0 0 0 0 0 0 0 0 0 0 0 0 0 0 0 0 0 0 0 0 0 0 0
0 0 0 0 0 0 0 0 1 0 11 0 0 0 10 0 0 6 0 0 2 0 9 0 0 0 0 0 0 0 0 0 0 0 0 0 5 0 0 0 11 6 0 0 0 7 0 3 0 0 5 0 0 0 0 0 0 0 0 0 0 0 0 0 0 8 5 6 4 0 0 16 0 4 0 2 0 0 3 2 0 0 0 0 0 0 0 0 0 0 0 0 0 0 0 0 0 5 0 4 7 0 0 4 11 2 0 0 0 0 0 0 0 0 0 0 0 0 0 0 3 2 14 8 0 2 10 0 5 0 0 0 0 0 0 11 0 0 0 0 0 0 0 0 0 0 0 0 0 0 0 0 22 108 219 255 179 113 42 0 3 27 5 0 0 0 0 0 0 0 0 0 0 0 0 0 6 0 8 46 207 255 255 246 245 255 234 92 0 0 0 6 0 0 0 0 0 0 0 0 0 0 0 0 0 0 7 56 255 232 139 64 134 228 253 113 1 4 5 0 0 0 0 0 0 0 0 0 0 0 0 0 0 3 2 0 38 59 17 0 27 221 255 42 0 28 0 0 0 0 0 0 0 0 0 0 0 0 0 0 0 4 0 0 9 4 0 25 201 243 194 16 7 0 3 11 0 0 0 0 0 0 0 0 0 0 0 0 0 5 0 1 14 0 27 196 255 249 23 0 6 4 0 1 0 0 0 0 0 0 0 0 0 0 0 0 22 0 13 3 0 95 212 247 181 11 3 0 15 0 0 4 0 0 0 0 0 0 0 0 0 0 0 0 0 1 61 142 225 255 245 243 45 18 5 0 0 2 10 0 0 0 0 0 0 0 0 0 0 0 0 0 10 128 245 255 251 251 251 255 228 48 0 8 0 0 2 4 0 0 0 0 0 0 0 0 0 0 0 0 0 103 177 165 119 28 18 146 255 239 13 16 0 23 0 0 0 0 0 0 0 0 0 0 0 0 0 0 11 0 0 0 2 1 0 10 135 255 195 15 0 0 4 1 0 0 0 0 0 4 0 0 11 0 0 3 0 11 2 0 0 0 0 5 26 220 234 0 0 18 0 0 0 0 0 0 2 5 2 9 0 0 0 0 0 2 0 8 9 0 9 0 21 254 242 32 3 0 0 10 0 0 0 0 0 0 1 12 0 7 12 4 0 7 3 0 8 0 0 15 131 255 144 4 0 0 0 3 0 0 0 0 11 0 1 5 0 0 50 33 10 0 1 0 2 3 0 137 255 220 28 0 11 4 5 0 0 0 0 0 0 0 0 7 14 22 170 195 3 0 16 19 0 0 75 235 225 107 0 10 6 0 0 0 0 0 0 0 0 7 0 0 0 0 148 242 92 16 0 0 9 119 255 237 74 3 0 20 0 0 0 0 0 0 0 0 0 10 0 10 2 0 100 253 116 7 0 53 146 253 209 24 7 0 0 13 0 5 13 7 0 0 0 0 0 0 0 11 0 0 6 181 249 157 219 242 248 207 40 0 0 7 0 0 3 0 1 0 0 0 0 0 0 0 5 5 0 0 12 31 207 247 255 201 92 9 0 7 0 0 0 0 0 0 0 0 0 0 0 0 0 0 1 2 0 0 1 10 0 0 6 7 2 0 0 2 0 0 0 0 0 0 0 0 0 0 0 0 2 0 0 1 2 0 0 0 18 7 0 0 0 2 0 0 0 0 0 0 0 0 0 0 0 0 0 0 1 0 0 1 5 4 0 0 0 0 0 0 0 0 5 9 0 0 0 0 0 0 0 0 0 0 0 0
2 0 0 3 4 0 0 0 6 0 0 0 0 0 4 0 7 0 0 0 0 0 16 0 0 0 0 0 0 6 7 0 0 0 6 7 0 0 4 13 10 6 0 0 0 2 5 1 3 0 7 0 0 0 0 0 4 0 0 0 12 7 0 0 5 2 9 0 0 8 2 4 0 1 0 0 0 0 0 7 0 0 0 0 3 0 0 0 0 0 2 16 0 6 3 0 2 3 3 0 15 0 0 7 4 4 0 0 0 0 0 0 0 9 12 1 0 10 5 0 0 12 0 3 10 0 5 11 0 0 17 0 0 2 11 0 0 0 0 0 0 0 0 6 4 0 0 2 4 88 129 203 255 254 255 243 197 35 0 1 26 0 0 4 0 0 0 0 4 0 0 0 0 16 85 153 230 251 250 243 255 253 240 255 255 240 182 4 0 0 3 0 0 0 0 0 0 10 0 0 70 194 246 223 164 67 32 18 30 24 38 175 246 255 200 0 11 8 0 0 0 0 0 0 0 0 5 0 224 250 137 32 0 4 0 0 4 1 0 97 255 242 199 10 1 0 1 2 0 0 0 0 0 28 0 64 247 255 38 2 10 6 0 2 0 2 0 132 235 255 206 0 5 0 18 0 0 0 0 0 0 0 0 6 214 141 12 0 0 4 2 0 0 0 39 230 255 241 97 0 0 7 0 0 0 0 0 0 4 0 9 0 42 21 0 0 22 1 0 22 0 0 213 240 255 172 38 9 0 16 1 15 0 0 0 0 3 3 6 12 0 0 0 0 0 0 22 0 23 170 229 255 242 45 0 0 22 0 0 0 0 0 0 0 0 0 0 0 23 0 5 2 3 21 5 158 196 243 252 248 214 40 17 0 0 0 12 20 0 0 0 0 8 9 0 0 16 0 0 3 35 218 244 255 245 255 246 255 255 255 227 121 0 0 0 0 0 0 0 0 0 6 0 2 0 0 9 29 225 238 255 239 255 255 255 241 248 246 255 247 179 48 5 8 0 0 0 0 0 0 11 9 12 0 33 224 250 255 243 130 26 4 13 12 115 254 231 254 255 150 0 1 0 0 0 0 11 3 0 0 0 5 56 194 153 133 7 2 0 10 6 1 16 47 235 247 246 240 12 0 0 0 0 0 0 4 2 0 6 0 0 31 5 0 11 7 0 0 0 0 0 0 86 247 255 241 0 7 0 0 0 0 0 5 0 1 5 1 0 0 6 0 7 2 0 7 8 7 4 16 90 255 232 208 0 0 0 0 0 0 3 2 0 0 0 0 14 15 64 167 0 0 0 0 0 0 10 158 213 255 252 95 0 8 0 0 0 0 2 0 0 7 0 0 0 29 236 214 9 4 12 5 0 30 179 255 255 249 117 0 14 0 0 0 0 0 10 0 2 0 0 0 12 76 249 241 188 22 5 104 170 177 255 247 195 79 0 22 0 1 0 0 0 0 4 0 8 1 2 0 0 60 245 249 255 248 255 251 242 255 193 107 28 5 2 0 8 0 0 0 0 0 0 0 0 0 0 0 0 0 99 184 189 255 192 242 149 112 9 6 2 0 0 0 0 1 0 0 0 0 0 0 0 0 0 0 0 0 0 7 1 1 0 10 1 0 7 5 1 0 0 0 0 1 0 0 0 0 0 0 0 0 0 0 0 0 1 0 3 0 8 0 0 0 3 2 1 0 0 0 0 0 0 0 0 0 0 0 0 0 0 0 0 0 8 2 0 7 1 1 0 9 0 0 0 1 1 1 0 0 0 0 0 0
0 0 0 0 0 0 0 0 0 14 5 0 17 0 0 2 9 0 8 0 6 0 5 0 0 0 0 0 0 0 0 0 0 0 0 0 0 0 0 0 6 1 9 0 6 0 11 0 0 12 0 15 0 0 0 0 0 0 0 0 0 0 0 0 11 10 2 7 0 0 5 0 0 2 9 7 0 5 0 0 0 0 0 0 0 0 0 0 0 0 0 0 0 0 0 5 11 0 3 5 3 0 0 9 0 0 21 0 0 0 0 0 0 0 0 0 0 0 0 0 5 8 0 0 19 11 77 139 132 95 27 20 2 18 0 1 0 0 0 0 0 0 0 0 0 0 0 0 8 0 0 100 246 255 255 246 255 255 241 247 225 229 10 3 0 0 0 0 0 0 0 0 0 0 0 0 0 5 76 222 255 253 247 255 246 255 249 252 247 255 83 2 0 0 0 0 0 0 0 0 0 0 0 0 6 4 85 255 245 255 254 255 255 248 253 255 255 252 210 4 0 0 0 0 0 0 0 0 0 0 0 0 0 0 91 253 255 247 255 192 187 218 255 255 255 246 166 0 0 0 0 0 0 0 0 0 0 0 0 0 4 0 29 65 41 73 32 7 71 145 254 255 242 255 47 3 0 0 0 0 0 0 0 0 0 0 0 0 15 0 0 12 0 9 14 95 235 250 255 255 224 96 3 8 0 0 0 0 0 0 0 0 0 0 0 0 0 10 0 0 0 51 174 255 247 255 252 228 95 18 3 0 0 0 0 0 0 0 0 0 0 0 0 0 0 24 9 2 0 134 237 255 255 255 252 229 86 0 16 0 0 0 0 0 0 0 0 0 0 0 0 0 0 0 0 12 7 237 252 251 252 239 249 255 249 77 10 0 0 0 0 0 0 0 0 0 0 0 0 0 9 13 6 0 0 248 255 250 255 255 255 244 244 255 0 15 0 0 0 0 0 0 0 0 0 0 0 0 0 0 1 2 0 62 100 107 128 191 215 238 255 255 10 0 0 0 0 0 0 3 0 0 6 0 0 15 0 3 0 0 2 0 0 0 0 6 54 242 255 255 0 5 0 0 0 0 0 6 0 48 34 11 0 0 5 4 0 0 11 1 0 6 31 81 238 236 236 238 9 0 0 0 0 0 0 21 7 144 254 151 84 67 54 55 56 63 56 38 83 172 240 244 246 255 231 47 12 0 0 0 0 0 9 0 0 255 254 246 241 244 248 255 255 245 255 255 255 249 247 255 255 241 134 0 0 4 0 0 0 0 0 0 0 255 246 255 255 255 251 255 255 249 243 245 251 255 254 235 212 84 0 24 0 0 0 0 0 0 0 21 7 107 250 249 238 251 255 244 255 255 247 244 255 252 234 150 37 0 0 0 15 0 0 0 0 0 2 0 0 9 37 134 186 249 255 242 250 250 249 255 184 20 10 0 0 5 13 0 0 0 0 0 0 0 5 0 15 0 0 10 0 42 129 92 122 120 28 0 14 0 0 17 0 15 0 0 0 8 0 0 0 0 0 0 0 0 0 0 0 0 0 0 0 0 0 0 0 0 0 0 0 0 0 0 0 0 0 0 0 0 0 0 0 0 0 0 0 0 0 0 0 0 0 0 0 0 0 0 0 0 0 0 0 0 0 0 0 0 0 0 0 0 0 0 0 0 0 0 0 0 0 0 0 0 0 0 0 0 0 0 0 0 0 0 0 0 0 0 0 0 0 0 0 0 0 0 0 0 0 0 0 0 0 0 0 0 0 0 0 0 0 0 0 0
1 4 0 0 0 0 10 0 0 0 4 0 0 4 9 0 0 0 0 8 3 2 11 0 0 0 0 0 0 0 1 7 0 0 0 0 13 1 0 5 0 0 0 2 6 9 1 0 0 0 0 12 0 0 0 0 8 0 0 0 3 5 8 14 0 1 0 9 0 7 0 3 0 0 0 0 6 5 0 0 0 0 0 0 0 3 10 0 0 0 0 0 0 5 0 19 0 6 0 3 6 5 10 0 0 7 0 0 0 0 0 0 0 7 0 0 25 111 159 195 185 176 167 241 241 194 83 47 8 0 0 11 0 0 0 3 0 0 0 0 0 0 1 14 127 247 255 254 227 255 250 255 252 255 236 250 110 33 0 5 10 0 1 0 0 0 0 0 5 0 0 7 126 247 250 253 255 251 194 175 212 252 247 249 255 202 43 0 0 0 9 1 0 0 0 0 0 4 11 0 18 84 94 137 60 26 0 4 20 1 42 138 222 255 111 2 6 0 10 0 0 0 0 0 0 0 0 0 0 0 0 0 3 0 9 10 0 7 0 7 105 255 167 0 0 15 0 2 0 0 0 0 0 0 0 0 0 0 0 0 0 2 0 0 2 10 0 0 177 236 109 13 6 0 8 0 0 0 0 0 0 0 0 0 0 0 0 0 0 0 8 5 3 0 5 170 250 213 17 0 0 9 0 0 0 0 0 0 0 0 0 0 0 0 0 0 15 0 0 13 0 72 212 243 255 139 10 0 0 10 0 11 0 0 0 0 0 0 0 0 0 0 0 0 0 0 97 154 221 255 240 255 245 37 0 0 7 0 17 0 0 0 0 0 0 0 0 0 0 0 0 0 4 147 249 250 237 243 255 236 249 185 34 0 5 0 0 4 0 0 0 0 0 0 0 0 0 0 0 0 0 120 255 255 255 253 227 255 248 238 217 177 19 0 25 0 0 0 0 0 0 0 0 0 0 0 0 0 0 69 193 214 186 149 131 79 99 123 255 244 240 65 0 1 0 0 0 0 4 0 0 0 8 0 0 8 5 0 5 16 0 9 0 0 13 0 58 164 247 244 60 0 0 0 0 0 0 0 6 2 0 0 1 136 58 0 1 19 0 0 9 0 0 10 0 0 197 240 223 2 0 0 0 0 0 0 9 3 0 9 8 239 161 22 0 4 13 3 4 5 1 10 0 3 51 255 204 25 0 0 0 0 0 0 2 0 1 15 0 187 254 230 143 5 0 0 0 0 0 0 0 12 155 245 143 3 0 0 0 0 8 0 0 0 2 1 0 52 187 236 255 227 221 145 57 27 43 80 142 249 245 255 100 0 0 0 0 0 1 3 3 0 0 0 2 0 10 115 243 255 237 246 249 227 242 247 255 251 253 141 5 5 0 0 0 0 0 7 0 5 0 8 7 0 0 10 126 237 255 255 248 248 254 255 255 246 166 0 8 0 0 0 0 0 0 12 0 6 0 11 0 10 9 0 0 34 89 156 189 255 213 151 137 57 0 13 0 11 0 0 0 0 0 0 0 0 0 0 0 0 0 0 0 0 0 0 0 0 0 0 0 0 0 0 0 0 0 0 0 0 0 0 0 0 0 0 0 0 0 0 0 0 0 0 0 0 0 0 0 0 0 0 0 0 0 0 0 0 0 0 0 0 0 0 0 0 0 0 0 0 0 0 0 0 0 0 0 0 0 0 0 0 0 0 0 0 0 0 0 0 0 0 0 0 0 0 0 0 0 0 0 0 0 0 0 0 0 0 0 0 0 0 0 0
0 0 0 0 0 0 0 0 2 3 0 0 0 0 9 0 0 2 0 2 0 8 0 4 0 0 0 0 0 0 0 0 0 0 0 0 0 6 3 3 0 0 0 2 18 7 0 15 15 0 1 0 0 0 0 0 0 0 0 0 0 0 0 0 0 2 5 0 0 10 1 0 0 0 15 0 0 4 1 14 0 0 0 0 0 0 0 0 0 0 0 0 4 0 6 10 0 0 5 9 5 17 0 6 0 0 14 0 0 0 0 0 0 0 0 0 0 0 0 0 12 0 82 183 185 166 165 156 90 25 0 6 2 15 0 4 0 0 0 0 0 0 0 0 0 0 0 0 0 91 209 255 243 234 255 255 255 223 60 0 0 6 9 4 0 0 0 0 0 0 0 0 0 0 0 0 0 204 255 211 99 16 14 0 68 218 238 57 0 0 0 6 0 0 0 0 0 0 0 0 0 0 0 0 19 130 50 0 13 0 4 0 83 251 245 25 6 0 18 0 0 0 0 0 0 2 0 9 0 0 9 0 2 7 3 0 7 0 0 90 229 248 132 0 0 3 4 0 0 0 0 0 0 5 4 1 0 3 0 8 7 0 0 18 48 110 204 255 230 89 19 0 12 0 0 2 0 0 0 0 0 0 7 0 5 6 0 12 0 0 3 137 255 255 250 251 223 114 0 19 0 0 0 3 0 0 0 0 0 0 2 0 6 4 0 3 18 6 0 64 143 121 114 157 255 236 188 22 0 16 4 0 0 0 0 0 5 0 3 6 0 0 9 0 0 0 14 8 0 0 8 12 23 222 255 220 66 0 0 0 0 0 0 0 2 0 3 5 0 14 4 0 12 0 11 0 0 16 0 0 0 17 159 221 175 5 0 11 0 0 0 0 1 0 1 1 30 103 0 0 0 2 0 0 10 0 0 12 14 0 41 242 245 16 0 0 0 0 0 0 7 0 1 5 96 204 0 1 0 2 0 8 0 0 23 0 2 0 0 147 255 56 17 0 0 0 0 0 1 0 12 0 158 187 0 7 0 8 2 0 0 0 0 1 15 0 0 104 255 133 9 0 0 0 0 0 0 11 1 0 175 203 22 0 0 1 0 1 13 0 0 6 0 3 0 101 247 174 0 0 0 0 0 0 11 0 9 6 60 244 105 9 17 0 4 5 0 4 14 0 1 16 0 177 255 92 5 1 0 0 0 0 5 0 3 0 3 98 247 118 0 0 0 0 1 0 0 16 0 0 75 255 244 13 14 0 0 0 0 0 0 16 0 0 0 0 178 255 113 18 1 12 0 0 0 0 0 67 250 249 126 0 0 2 0 0 0 0 0 8 0 7 0 12 2 186 255 208 108 6 4 21 9 53 156 232 255 133 8 0 0 10 0 0 0 0 0 0 0 0 12 0 0 4 117 200 255 255 246 255 244 254 254 206 85 13 0 6 8 0 0 0 0 0 8 0 11 0 0 4 3 0 0 41 109 164 248 245 158 170 98 0 12 0 8 0 0 6 0 0 0 0 0 0 0 0 0 0 0 0 0 0 0 0 0 0 0 0 0 0 0 0 0 0 0 0 0 0 0 0 0 0 0 0 0 0 0 0 0 0 0 0 0 0 0 0 0 0 0 0 0 0 0 0 0 0 0 0 0 0 0 0 0 0 0 0 0 0 0 0 0 0 0 0 0 0 0 0 0 0 0 0 0 0 0 0 0 0 0 0 0 0 0 0 0 0 0 0 0 0 0 0 0 0 0 0 0 0 0 0 0 0 0 0
0 0 0 0 0 0 0 0 0 8 0 3 0 0 7 3 11 4 0 5 0 1 0 3 0 0 0 0 0 0 0 0 0 0 0 0 0 0 0 1 19 0 0 5 0 10 7 2 0 6 2 0 0 0 0 0 0 0 0 0 0 0 0 0 8 6 17 4 0 2 4 0 0 10 0 0 0 5 0 5 0 0 0 0 0 0 0 0 0 0 0 0 0 0 1 0 0 0 23 0 12 0 0 0 3 3 0 8 0 0 0 0 0 0 0 0 0 0 0 0 0 23 0 0 26 0 0 0 0 0 12 2 0 6 0 0 0 0 0 0 0 0 0 0 0 0 0 0 7 57 189 255 248 246 255 134 82 0 1 3 2 1 0 0 0 0 0 0 0 0 0 0 0 0 0 0 0 128 255 241 255 255 250 246 225 28 0 1 6 0 0 3 0 0 0 0 0 0 0 0 0 0 0 0 7 50 255 255 182 127 138 193 255 57 7 0 0 0 8 0 0 0 0 0 0 0 0 0 0 0 0 0 0 9 64 126 70 2 5 125 255 127 0 8 0 4 3 0 0 0 0 0 0 0 0 0 0 0 0 0 3 0 15 0 0 0 7 129 255 130 0 1 7 0 12 0 0 0 0 0 0 0 0 0 0 0 0 0 5 12 0 0 22 0 0 197 249 0 0 12 12 0 0 0 0 0 0 0 0 0 0 0 0 0 0 0 0 0 0 7 0 0 202 255 255 0 7 3 0 0 0 14 0 0 0 0 0 0 0 0 0 0 0 0 16 0 16 0 0 211 255 187 49 13 0 0 13 4 8 0 0 0 0 0 0 0 0 0 0 0 0 0 0 10 0 72 204 253 230 70 2 13 0 5 0 0 4 3 0 0 0 0 0 0 0 0 0 0 0 0 0 4 17 234 248 255 255 204 69 0 0 17 0 5 0 4 0 0 0 0 0 0 0 0 0 0 0 0 1 1 0 138 193 250 255 247 251 128 13 0 4 0 1 2 0 0 0 0 0 0 0 0 0 0 0 0 0 3 0 4 2 0 7 121 255 246 196 0 0 11 0 0 0 0 0 0 0 0 0 0 0 0 0 0 7 0 7 0 0 5 0 5 0 255 237 129 6 0 0 16 0 0 0 0 0 0 0 0 0 0 0 0 0 0 11 0 17 0 0 6 4 110 255 254 10 0 1 0 0 0 0 0 0 0 0 0 0 0 0 0 10 6 0 21 0 19 0 2 0 140 255 255 0 9 6 0 0 0 0 0 0 0 0 0 0 0 0 0 0 14 2 0 0 3 0 5 4 234 255 124 0 16 0 9 0 0 0 0 0 0 0 0 0 0 0 0 20 0 0 18 0 0 7 3 190 255 201 0 11 0 0 0 0 0 0 0 0 0 0 0 0 0 0 0 3 0 63 255 48 123 201 242 251 255 68 0 0 0 14 3 0 0 0 0 0 0 0 0 0 0 0 0 0 10 64 247 253 255 250 253 199 6 0 6 4 0 0 0 0 0 0 0 0 0 0 0 0 0 0 0 5 0 6 190 247 255 123 55 0 0 0 0 0 0 0 0 0 0 0 0 0 0 0 0 0 0 0 0 0 0 0 23 0 6 0 18 0 0 0 0 0 0 0 0 0 0 0 0 0 0 0 0 0 0 0 0 4 5 2 0 0 0 2 3 0 0 0 0 0 0 0 0 0 0 0 0 0 0 0 0 0 0 0 0 0 0 4 0 4 3 5 0 0 0 0 0 0 0 0 0 0 0 0 0
0 0 0 0 0 0 0 0 9 3 0 4 0 13 2 0 0 5 2 0 21 0 0 0 0 0 0 0 0 0 0 0 0 0 0 0 0 0 12 0 1 0 9 7 0 17 2 0 0 6 5 4 0 0 0 0 0 0 0 0 0 0 0 0 9 0 2 0 6 0 2 0 0 0 0 0 0 5 0 0 0 0 0 0 0 0 0 0 0 0 0 0 0 2 0 11 0 5 0 0 7 0 0 10 3 0 0 17 0 0 0 0 0 0 0 0 0 0 0 0 4 13 0 0 6 63 111 169 194 216 186 106 0 4 0 0 0 0 0 0 0 0 0 0 0 0 0 0 0 0 9 60 192 253 255 242 250 255 241 250 52 1 0 29 0 0 0 0 0 0 0 0 0 0 0 0 9 0 0 53 207 255 225 153 55 144 192 234 75 13 6 0 0 0 0 0 0 0 0 0 0 0 0 0 0 14 0 2 41 75 22 0 0 2 115 255 191 0 3 1 0 0 0 0 0 0 0 0 0 0 0 0 0 0 6 0 10 0 3 8 1 57 236 244 128 0 9 1 0 0 0 0 0 0 0 0 0 0 0 0 7 1 0 4 0 0 35 98 172 244 251 226 0 20 0 12 0 0 0 0 0 0 0 0 0 0 0 0 4 0 1 8 0 89 239 255 255 255 251 61 8 0 10 1 0 0 0 0 0 0 0 0 0 0 0 0 0 17 0 8 190 246 255 235 250 240 143 11 0 5 0 0 0 0 0 0 0 0 0 0 0 0 0 0 9 10 0 77 255 253 246 255 255 253 109 7 13 0 13 12 0 0 0 0 0 0 0 0 0 0 0 0 6 0 21 193 252 230 176 181 242 228 29 0 0 0 4 0 0 0 0 0 0 0 0 0 0 0 0 0 0 10 0 3 0 0 0 171 255 206 13 5 4 14 5 0 0 0 0 0 0 0 0 0 0 0 0 0 0 8 7 0 0 0 24 229 252 156 0 9 0 0 0 9 0 0 0 0 0 12 1 0 1 0 0 0 2 6 0 0 0 15 132 255 255 63 0 7 0 2 0 5 0 0 0 0 0 0 0 29 0 17 8 0 0 1 0 25 0 60 255 254 156 23 0 4 0 5 0 1 0 0 0 0 0 6 12 0 0 3 0 0 0 16 16 0 77 255 235 238 45 0 1 0 0 6 0 1 0 0 0 0 0 5 0 3 6 60 127 26 4 0 0 72 242 255 252 134 2 0 9 0 0 3 0 5 0 0 0 0 7 0 0 25 0 222 241 133 43 51 167 255 255 231 112 23 1 1 7 0 0 2 0 5 0 0 0 0 1 4 10 0 0 220 255 252 243 255 233 255 243 168 17 0 0 0 0 3 5 3 0 0 0 0 0 0 0 4 0 13 0 57 255 244 255 250 255 240 200 2 8 12 0 0 0 5 1 2 7 0 0 0 0 0 2 0 9 0 1 5 36 159 205 249 160 79 0 0 1 0 3 1 3 5 0 0 14 0 0 0 0 0 0 0 0 0 0 0 0 0 0 0 0 0 0 0 0 0 0 0 0 0 0 0 0 0 0 0 0 0 0 0 0 0 0 0 0 0 0 0 0 0 0 0 0 0 0 0 0 0 0 0 0 0 0 0 0 0 0 0 0 0 0 0 0 0 0 0 0 0 0 0 0 0 0 0 0 0 0 0 0 0 0 0 0 0 0 0 0 0 0 0 0 0 0 0 0 0 0 0 0 0 0 0 0 0 0 0 0 0 0 0 0 0
0 0 0 0 0 0 0 0 2 15 0 0 13 0 0 0 3 0 0 0 7 0 9 6 0 0 0 0 0 0 0 0 0 0 0 0 0 0 14 2 0 0 19 9 1 0 2 0 11 0 3 0 0 0 0 0 0 0 0 0 0 0 0 0 6 10 0 0 0 10 0 0 0 0 4 0 4 4 0 0 0 0 0 0 0 0 0 0 0 0 0 0 1 0 8 0 6 0 28 3 3 0 9 0 0 3 0 3 0 0 0 0 0 0 0 0 0 0 0 0 103 168 29 3 3 5 0 0 0 0 5 2 0 1 0 1 0 0 0 0 0 0 0 0 0 0 0 0 112 255 218 182 28 4 1 9 2 4 0 4 2 1 2 0 0 0 0 0 0 0 0 0 0 0 0 0 0 119 255 240 251 138 136 120 114 78 0 2 1 0 12 0 0 0 0 0 0 0 0 0 0 0 0 0 4 1 139 239 255 254 245 255 255 183 16 5 0 0 17 0 0 0 0 0 0 0 0 0 0 0 0 0 6 6 0 57 247 246 255 244 237 255 45 0 0 4 0 7 0 0 0 0 0 0 0 0 0 0 0 0 0 0 23 186 255 255 232 228 165 63 4 0 0 6 0 0 0 0 0 0 0 0 0 0 0 0 0 0 2 90 124 237 241 200 69 0 11 0 16 0 1 4 0 14 0 0 0 0 0 0 0 0 0 0 0 0 0 200 252 239 255 255 149 68 18 0 0 19 0 0 7 0 0 0 0 0 0 0 0 0 0 0 0 0 1 182 255 226 255 255 247 246 234 146 0 0 1 0 1 0 0 0 0 0 0 0 0 0 0 0 0 0 0 144 255 253 137 57 49 75 205 244 164 11 0 2 0 7 0 0 0 0 0 0 0 0 0 0 0 0 5 8 22 18 0 0 8 1 0 92 250 169 0 6 24 0 0 0 0 0 0 0 0 0 0 0 0 0 0 0 7 0 13 2 0 3 2 0 138 241 49 0 0 7 0 0 0 0 0 3 10 0 3 6 0 0 7 0 2 7 0 0 3 0 1 0 105 250 161 13 0 0 0 0 0 0 2 0 0 2 0 0 12 6 0 0 6 0 0 0 2 11 0 0 121 254 255 9 0 7 0 0 0 0 0 1 0 9 0 0 15 0 0 9 0 2 0 8 0 7 0 16 120 255 233 19 12 0 0 0 0 0 0 6 0 9 0 0 0 4 25 15 2 0 1 3 6 7 91 186 255 249 193 18 5 0 0 0 0 0 0 4 2 2 3 2 0 129 203 171 187 100 94 73 183 217 255 240 243 232 37 4 0 0 0 0 0 0 6 0 0 0 2 0 19 246 255 252 255 250 251 249 255 249 236 230 249 98 10 4 14 0 0 0 0 0 3 5 0 1 0 2 11 190 234 255 247 253 253 255 238 255 255 92 20 11 0 1 0 3 0 0 0 0 0 16 0 5 0 8 0 44 96 82 75 59 218 160 92 37 38 16 2 0 5 2 0 1 0 0 0 0 0 0 0 0 0 0 0 0 0 0 0 0 0 0 0 0 0 0 0 0 0 0 0 0 0 0 0 0 0 0 0 0 0 0 0 0 0 0 0 0 0 0 0 0 0 0 0 0 0 0 0 0 0 0 0 0 0 0 0 0 0 0 0 0 0 0 0 0 0 0 0 0 0 0 0 0 0 0 0 0 0 0 0 0 0 0 0 0 0 0 0 0 0 0 0 0 0 0 0 0 0 0 0 0 0 0 0 0 0 0 0 0
0 0 0 0 0 0 0 0 0 14 0 1 7 0 3 0 0 0 0 8 0 0 0 4 0 0 0 0 0 0 0 0 0 0 0 0 0 0 10 4 0 8 0 10 2 2 0 0 1 1 1 2 0 0 0 0 0 0 0 0 0 0 0 0 9 0 0 0 0 17 0 7 3 7 3 0 4 3 0 0 0 0 0 0 0 0 0 0 0 0 0 0 0 15 2 5 8 0 0 0 0 0 14 0 3 0 0 2 0 0 0 0 0 0 0 0 0 0 0 0 4 0 51 156 255 255 244 124 16 0 6 0 2 0 0 5 0 0 0 0 0 0 0 0 0 0 0 0 0 54 238 255 234 223 254 233 104 3 2 0 6 0 5 0 0 0 0 0 0 0 0 0 0 0 0 0 28 168 241 129 3 0 93 255 170 10 2 0 8 0 5 0 0 0 0 0 0 0 0 0 0 0 0 0 101 255 117 0 0 3 46 251 171 0 0 3 4 0 7 1 0 0 0 0 0 0 0 0 0 0 0 0 32 208 38 0 0 0 130 255 113 0 0 10 0 0 0 0 0 0 0 0 0 0 0 0 0 0 0 0 0 3 0 3 16 38 207 241 95 10 0 0 0 10 0 2 0 0 0 0 0 0 0 0 0 0 0 0 11 3 7 17 0 154 255 188 5 0 0 6 0 0 4 0 0 0 0 0 0 0 0 0 0 0 0 0 0 0 3 73 231 255 229 217 63 10 0 17 0 0 5 0 0 0 0 0 0 0 0 0 0 0 0 0 0 77 165 253 254 239 236 248 242 144 24 0 8 0 0 6 0 0 0 0 0 0 0 0 0 0 0 0 18 207 238 255 161 96 17 62 201 255 156 6 0 14 0 6 0 0 0 0 0 0 0 0 0 0 0 0 1 171 214 77 0 0 10 0 34 229 255 77 0 12 0 0 0 0 0 0 0 0 0 0 0 0 0 0 7 0 0 2 0 5 0 9 4 134 250 137 0 0 7 0 0 0 0 0 1 3 0 0 3 5 0 0 0 3 3 0 0 0 0 7 3 53 255 188 0 10 2 0 0 0 0 0 0 3 5 3 5 0 0 0 0 0 3 13 0 0 12 0 11 61 243 241 12 0 3 2 0 0 0 0 0 5 0 0 3 2 1 11 17 4 0 0 0 2 9 2 0 91 255 202 6 5 0 14 0 0 0 0 8 4 0 0 4 3 0 2 0 2 0 2 8 1 0 8 22 217 245 98 7 0 11 0 0 0 0 0 0 3 1 2 6 0 0 0 6 3 0 16 0 0 2 34 187 243 195 12 0 13 0 0 0 0 0 0 0 5 7 2 0 0 10 43 199 218 74 3 49 83 104 253 255 176 28 7 4 0 10 0 0 0 0 0 0 4 0 0 0 0 20 58 255 255 247 255 219 255 255 240 172 35 0 0 0 3 0 5 0 0 0 0 0 0 0 1 7 0 0 5 8 88 125 172 179 205 120 47 4 0 12 0 14 0 7 0 0 0 0 0 0 0 0 0 0 0 0 0 0 0 0 0 0 0 0 0 0 0 0 0 0 0 0 0 0 0 0 0 0 0 0 0 0 0 0 0 0 0 0 0 0 0 0 0 0 0 0 0 0 0 0 0 0 0 0 0 0 0 0 0 0 0 0 0 0 0 0 0 0 0 0 0 0 0 0 0 0 0 0 0 0 0 0 0 0 0 0 0 0 0 0 0 0 0 0 0 0 0 0 0 0 0 0 0 0 0 0 0 0 0 0 0
0 0 0 0 0 0 0 0 0 22 0 12 2 0 5 0 0 2 0 0 8 4 0 0 0 0 0 0 0 0 0 0 0 0 0 0 0 7 0 0 3 0 1 0 8 0 0 0 2 0 0 13 0 0 0 0 0 0 0 0 0 0 0 0 1 0 4 0 5 3 1 3 0 5 14 11 6 3 0 0 0 0 0 0 0 0 0 0 0 0 0 0 0 5 10 0 13 3 0 0 1 0 0 0 0 0 3 6 0 0 0 0 0 0 0 0 0 0 0 0 0 16 0 0 0 0 3 3 7 5 11 7 0 0 4 0 0 0 0 0 0 0 0 0 0 0 0 0 110 180 190 255 255 255 255 247 248 88 0 0 6 0 0 4 0 0 0 0 0 0 0 0 0 0 0 0 244 255 247 249 247 240 251 251 250 249 193 64 0 0 20 0 0 0 0 0 0 0 0 0 0 0 0 0 245 247 255 244 255 255 252 254 253 255 253 181 52 0 0 7 0 0 0 0 0 0 0 0 0 0 0 0 68 222 255 219 159 91 6 125 250 248 254 255 46 0 9 1 0 0 0 0 0 0 0 0 0 0 0 0 0 60 54 38 0 0 13 140 255 255 248 243 27 0 0 0 0 0 0 0 0 0 0 0 0 0 0 0 2 0 0 19 3 69 169 255 255 240 255 255 53 0 12 8 0 0 0 0 0 0 0 0 0 0 0 0 0 19 172 226 232 244 255 249 251 251 239 117 0 0 22 0 0 0 0 0 0 0 0 0 0 0 0 0 1 49 255 251 255 255 255 245 250 234 127 0 14 0 0 13 0 0 0 0 0 0 0 0 0 0 0 0 0 47 255 251 253 247 247 255 255 105 9 1 0 0 0 1 0 0 0 0 0 0 0 0 0 0 0 0 8 46 187 255 255 253 254 255 255 233 108 0 8 17 0 15 0 0 0 0 0 0 0 0 0 0 0 0 0 0 52 221 231 247 255 249 249 255 255 109 0 0 16 0 0 0 0 0 0 0 0 0 0 0 0 0 0 9 0 0 23 121 118 149 255 247 253 248 114 17 0 5 0 0 0 0 0 0 0 0 0 0 0 0 26 0 5 0 0 0 7 0 87 255 252 255 237 81 1 11 0 0 0 0 0 0 0 0 0 0 0 0 0 17 0 0 5 10 0 0 4 229 247 249 255 85 6 0 0 0 0 0 0 0 0 0 0 0 0 0 170 224 141 115 100 69 7 11 117 231 255 254 255 96 3 0 0 0 0 0 0 0 0 0 0 0 0 0 249 244 242 244 255 214 228 216 247 251 242 241 247 66 0 8 0 0 0 0 0 0 0 0 0 0 0 0 246 255 255 248 255 244 250 254 255 244 250 255 186 0 2 0 0 0 0 0 0 0 0 0 0 0 0 0 174 251 255 243 253 255 242 255 249 244 255 246 119 0 18 0 0 0 0 0 0 0 0 0 0 0 0 0 18 63 197 222 251 243 255 252 255 248 205 49 4 3 0 14 0 0 0 0 0 0 0 0 0 0 0 0 5 6 0 38 97 103 144 249 239 130 27 0 4 1 0 0 0 0 0 0 0 0 0 0 0 0 0 0 0 4 0 0 5 0 0 19 11 1 0 4 4 0 0 3 0 0 0 0 0 0 0 0 0 0 0 0 1 18 10 0 2 9 0 0 0 0 3 0 0 0 3 2 0 0 0 0 0 0 0 0 0 0 0 0 0 0 0 0 0 0 5 4 8 10 6 0 3 9 2 0 0 0 0 0
0 0 0 0 0 0 0 0 4 12 0 8 0 3 0 1 4 0 8 3 0 0 0 6 0 0 0 0 0 0 0 0 0 0 0 0 0 0 22 0 9 4 13 0 10 0 5 0 13 0 0 0 0 0 0 0 0 0 0 0 0 0 0 0 7 0 5 9 0 0 0 10 0 3 6 0 0 9 1 11 0 0 0 0 0 0 0 0 0 0 0 0 0 16 3 0 5 1 4 4 0 6 1 12 0 4 0 10 0 0 0 0 0 0 0 0 0 0 0 0 0 0 93 255 218 145 11 18 4 0 0 0 2 19 0 0 0 0 0 0 0 0 0 0 0 0 0 0 16 0 217 249 251 255 255 236 173 43 6 0 23 0 0 22 0 0 0 0 0 0 0 0 0 0 0 0 0 0 151 250 243 255 252 242 255 226 177 34 0 1 27 0 0 0 0 0 0 0 0 0 0 0 0 0 3 4 0 167 255 246 255 255 248 252 255 208 37 1 0 9 0 0 0 0 0 0 0 0 0 0 0 0 3 0 6 3 0 5 0 49 177 249 255 254 111 1 6 0 0 0 0 0 0 0 0 0 0 0 0 0 0 12 1 2 13 6 0 4 11 84 252 255 175 0 3 5 0 0 0 0 0 0 0 0 0 0 0 0 7 7 0 0 0 0 2 0 55 174 255 246 199 19 0 0 0 0 0 0 0 0 0 0 0 0 0 0 4 0 0 14 1 64 108 139 253 241 255 255 104 1 3 8 0 0 0 0 0 0 0 0 0 0 0 0 0 127 176 252 233 255 255 255 255 239 240 182 45 10 0 0 0 0 0 0 0 0 0 0 0 0 0 0 1 244 228 255 255 245 254 250 249 255 42 0 0 4 0 17 0 0 0 0 0 0 0 0 0 0 0 0 1 215 252 254 255 249 255 255 245 206 0 12 10 0 3 0 0 0 0 0 0 0 0 0 0 0 0 0 0 91 254 253 245 255 252 250 254 255 208 0 0 8 0 6 0 0 0 0 1 0 2 1 1 0 0 7 4 0 2 0 0 0 1 25 146 254 245 47 11 9 0 1 0 0 0 0 2 12 0 15 0 21 24 0 1 0 4 8 0 12 0 9 7 203 252 199 7 0 0 5 0 0 0 0 0 8 0 0 9 0 0 15 0 0 6 0 0 4 0 0 1 101 255 201 23 16 0 0 0 0 0 0 0 9 14 0 12 5 0 0 5 0 14 0 0 0 5 15 0 161 255 216 2 0 3 2 0 0 0 0 0 0 7 117 3 8 12 5 8 0 0 5 2 7 0 8 165 255 238 78 0 0 20 1 0 0 0 0 2 10 38 240 175 71 52 21 0 17 13 49 0 42 94 220 241 253 248 14 25 0 0 0 0 0 0 0 0 7 0 71 217 254 255 212 196 198 188 240 214 255 229 255 255 218 89 16 0 0 6 3 0 0 0 0 6 0 11 0 98 249 249 253 255 248 255 252 252 251 245 254 248 86 7 0 0 12 0 1 0 0 0 0 0 0 0 0 0 0 0 0 0 0 0 0 0 0 0 0 0 0 0 0 0 0 0 0 0 0 0 0 0 0 0 0 0 0 0 0 0 0 0 0 0 0 0 0 0 0 0 0 0 0 0 0 0 0 0 0 0 0 0 0 0 0 0 0 0 0 0 0 0 0 0 0 0 0 0 0 0 0 0 0 0 0 0 0 0 0 0 0 0 0 0 0 0 0 0 0 0 0 0 0 0 0 0 0 0 0 0 0 0 0 0 0
6 0 0 3 0 1 1 0 3 0 0 4 0 0 5 2 0 2 0 0 4 0 0 8 0 0 0 0 0 5 8 0 0 2 10 8 0 0 4 6 0 3 7 0 4 5 1 0 4 2 0 0 0 0 0 0 2 0 0 1 14 5 0 0 4 0 2 2 0 2 7 2 4 2 0 0 0 2 1 0 0 0 0 0 0 6 2 0 3 0 4 23 7 0 0 4 0 0 0 5 1 0 0 1 0 0 3 0 0 0 0 0 0 11 8 0 0 3 0 0 12 0 11 9 2 5 0 1 0 0 1 12 2 0 1 0 0 0 0 0 8 0 0 8 0 0 15 34 56 82 150 163 154 140 76 37 22 0 0 8 4 0 4 0 0 0 0 0 8 0 8 11 0 31 155 242 255 242 255 255 250 255 247 255 128 38 0 0 0 0 7 0 0 0 0 0 3 0 4 0 10 146 255 255 231 151 148 153 151 157 173 245 255 118 17 0 0 0 5 0 0 0 0 0 12 0 0 1 3 37 110 66 0 7 8 0 12 1 0 90 251 234 0 0 2 0 0 0 0 0 0 0 0 0 0 0 4 0 21 0 13 0 2 3 0 0 27 189 249 217 0 0 17 0 10 0 0 0 0 0 0 6 0 0 9 0 0 0 0 5 0 0 0 21 154 252 223 23 0 5 1 0 1 1 0 0 0 0 0 7 0 0 8 3 5 16 1 0 13 11 62 195 255 255 92 16 6 0 1 0 15 1 0 0 0 0 0 0 2 1 0 0 0 0 2 14 42 162 244 255 195 18 0 0 0 12 12 0 3 0 0 0 0 0 0 0 3 5 0 1 0 19 84 117 231 255 255 249 198 169 102 0 0 5 0 4 0 1 0 0 0 0 3 6 0 0 2 4 8 99 253 251 255 255 254 248 246 252 236 224 89 0 0 0 12 1 0 0 0 0 0 10 0 0 10 0 0 130 215 138 114 96 109 116 110 191 243 241 255 124 20 4 0 0 0 0 0 0 0 0 0 0 0 0 0 0 0 0 5 0 5 5 3 0 46 124 253 253 170 0 5 4 0 0 0 0 0 0 0 0 0 0 0 0 8 9 2 0 15 0 0 18 0 0 148 251 245 112 0 0 0 0 0 0 0 0 0 0 0 0 0 0 0 0 0 5 0 3 24 0 0 21 0 189 255 182 0 7 0 0 0 0 0 0 0 0 0 0 0 0 8 2 0 29 99 0 0 11 2 0 15 31 227 255 92 0 0 0 0 0 0 0 0 0 0 0 0 0 0 1 18 186 136 19 0 12 1 0 0 0 242 255 46 0 0 0 0 0 0 0 0 0 0 0 0 0 10 0 52 255 63 0 10 0 0 25 25 203 255 251 52 18 0 0 0 0 0 0 0 0 0 0 0 0 0 0 72 255 226 46 53 38 88 166 255 251 248 196 4 0 0 0 0 0 0 0 0 0 0 0 0 0 0 14 0 220 248 255 255 245 255 247 252 190 124 23 0 3 0 0 0 0 0 0 0 0 0 0 0 0 4 0 0 42 147 244 255 248 204 147 69 12 0 0 2 5 0 0 0 0 0 0 0 0 0 0 0 0 2 5 0 0 0 1 1 0 8 1 0 0 6 7 0 0 0 0 0 0 0 0 0 0 0 0 0 0 0 0 5 4 2 5 7 7 0 0 0 0 0 0 1 3 0 0 0 0 0 0 0 0 0 0 0 0 11 0 0 0 1 1 0 0 11 10 8 5 1 0 0 0 0 0 0 0
0 3 0 0 2 2 3 0 0 4 0 0 0 0 0 4 0 0 0 1 0 0 15 0 0 0 0 0 0 4 4 5 0 0 0 7 1 9 0 6 4 5 0 0 0 1 4 5 10 0 0 3 0 0 0 0 0 0 2 2 1 0 0 0 0 0 0 0 0 5 0 6 0 0 0 0 10 0 0 7 0 0 0 0 16 7 3 0 0 9 2 0 9 5 11 7 0 0 0 0 11 2 17 0 7 2 0 0 0 0 0 0 0 0 9 10 3 0 0 12 0 0 8 1 3 6 2 0 5 0 4 5 3 0 7 0 0 0 0 0 2 0 7 3 0 4 22 81 134 142 219 255 255 246 186 143 110 37 0 0 2 0 6 1 0 0 0 0 16 0 2 1 80 202 245 255 254 241 255 255 220 255 243 255 255 192 23 0 5 2 0 0 0 0 0 0 0 0 2 0 117 255 210 91 99 96 91 97 3 90 111 189 245 255 62 0 0 0 0 4 0 0 0 0 0 5 1 1 5 145 69 7 0 2 0 0 9 22 121 251 255 190 0 15 0 0 13 0 0 0 0 0 3 1 0 3 2 8 11 0 9 0 9 0 59 196 247 255 198 17 0 0 9 14 0 2 0 0 0 0 0 8 5 0 3 0 4 2 0 0 9 144 234 250 255 160 34 0 18 0 0 0 0 3 0 0 0 0 0 4 11 0 2 27 0 0 0 85 183 254 255 253 248 201 115 98 9 10 3 0 4 0 0 0 0 0 7 0 0 0 1 0 3 70 183 250 255 245 251 255 255 251 255 234 241 142 50 4 0 7 0 0 0 0 0 4 1 0 5 0 139 246 248 247 154 155 149 90 130 150 159 248 255 230 249 188 14 0 0 0 0 0 0 12 6 0 3 10 162 228 132 54 12 0 0 20 0 0 5 12 83 224 255 255 180 8 0 0 0 0 6 0 0 14 0 0 0 1 5 0 0 14 0 0 5 0 0 1 9 1 146 241 255 77 0 0 0 0 0 0 0 0 0 0 0 0 1 6 0 0 0 0 7 0 0 12 0 4 36 221 255 138 0 0 0 0 0 0 0 0 0 0 0 0 0 27 39 14 3 0 7 12 4 0 0 0 10 119 241 133 0 0 0 0 0 0 0 0 0 0 0 0 13 141 245 6 4 11 3 0 0 8 10 4 20 228 255 123 0 0 0 0 0 0 0 0 0 0 0 0 9 211 122 21 0 0 9 6 4 0 8 27 108 248 243 110 0 0 0 0 0 0 0 0 0 0 0 0 76 248 48 0 0 0 0 4 1 15 9 149 255 255 178 19 0 0 0 0 0 0 0 0 0 0 0 0 54 238 197 6 0 10 3 0 0 77 215 255 248 211 3 3 0 0 0 0 0 0 0 0 0 0 0 0 50 237 252 220 113 84 101 92 184 233 255 234 195 17 9 1 0 0 0 0 0 0 0 0 0 0 0 0 0 50 170 255 249 248 255 249 255 244 231 55 9 7 3 0 0 0 0 0 0 0 0 0 0 0 0 0 1 0 3 50 147 239 255 250 178 101 19 0 1 10 3 0 0 0 0 0 0 0 0 0 0 0 0 0 0 8 6 0 0 0 0 0 11 2 0 2 0 0 0 10 0 0 0 0 0 0 0 0 0 0 0 0 0 0 7 6 3 4 6 6 0 0 5 13 8 0 0 0 0 0 0 0 0 0 0 0 0 0 0 0 10 0 0 0 4 4 0 0 15 1 0 0 3 4 1 0 0 0 0 0
0 0 0 0 0 0 0 0 0 7 0 0 0 11 0 0 0 0 0 10 0 3 0 4 0 0 0 0 0 0 0 0 0 0 0 0 4 0 1 0 0 0 0 0 0 1 4 0 3 12 0 0 0 0 0 0 0 0 0 0 0 0 0 0 0 0 12 5 3 0 14 1 0 0 0 6 0 0 21 3 0 0 0 0 0 0 0 0 0 0 0 0 14 0 0 0 0 0 7 0 0 23 0 0 12 0 0 0 0 0 0 0 0 0 0 0 0 0 0 0 0 6 93 247 255 251 189 159 55 0 3 0 0 22 9 3 0 0 0 0 0 0 0 0 0 0 0 0 9 0 38 225 255 255 232 255 238 229 42 17 1 0 14 0 0 0 0 0 0 0 0 0 0 0 0 0 0 3 62 219 253 240 191 211 255 255 208 108 0 17 0 11 0 0 0 0 0 0 0 0 0 0 0 0 0 0 0 20 23 23 3 14 50 249 255 234 58 1 2 0 0 0 0 0 0 0 0 0 0 0 0 0 8 0 0 1 13 0 12 0 5 14 116 251 164 0 0 4 0 0 0 0 0 0 0 0 0 0 0 0 0 13 18 0 0 0 7 0 8 6 142 249 109 21 0 0 0 0 0 0 0 0 0 0 0 0 0 0 6 0 0 11 18 7 0 12 10 77 174 255 169 0 9 0 0 0 0 0 0 0 0 0 0 0 0 0 0 0 18 0 0 0 0 12 180 245 255 236 11 1 2 4 0 0 0 0 0 0 0 0 0 0 0 0 10 0 7 0 68 113 192 222 238 250 163 37 8 9 0 0 0 0 0 0 0 0 0 0 0 0 0 0 0 8 39 83 215 235 255 244 227 153 0 13 0 8 6 4 0 0 0 0 0 0 0 0 0 0 0 0 0 170 244 248 255 247 198 78 18 0 16 0 0 5 0 8 0 0 0 0 0 0 0 0 0 0 0 0 24 218 250 255 244 255 252 174 82 8 0 17 3 0 11 0 0 0 0 0 5 0 11 3 0 0 0 2 30 117 209 210 206 193 226 255 240 58 5 0 3 0 0 9 0 0 0 0 0 16 0 5 0 2 13 0 1 0 6 0 15 9 15 195 255 93 1 5 2 10 6 0 0 0 0 0 12 0 0 0 10 1 1 0 0 16 2 0 0 0 1 115 253 146 4 0 0 3 0 12 0 0 0 0 0 4 10 8 0 14 0 4 0 0 5 0 15 6 0 184 220 61 0 18 0 0 15 0 0 0 0 0 18 0 6 0 4 0 0 4 0 1 0 10 15 37 169 216 235 45 0 0 10 2 0 0 0 0 0 0 0 19 0 16 16 9 143 139 161 131 138 160 230 247 254 243 199 0 2 15 0 0 13 0 0 0 0 0 5 0 5 0 0 253 239 255 237 255 255 240 237 255 245 80 12 0 0 13 9 0 0 3 0 0 0 0 8 0 10 0 12 48 241 255 190 240 255 210 133 118 40 0 0 13 0 5 0 1 3 0 0 0 0 0 0 0 0 0 0 0 0 0 0 0 0 0 0 0 0 0 0 0 0 0 0 0 0 0 0 0 0 0 0 0 0 0 0 0 0 0 0 0 0 0 0 0 0 0 0 0 0 0 0 0 0 0 0 0 0 0 0 0 0 0 0 0 0 0 0 0 0 0 0 0 0 0 0 0 0 0 0 0 0 0 0 0 0 0 0 0 0 0 0 0 0 0 0 0 0 0 0 0 0 0 0 0 0 0 0 0 0 0 0 0 0 0
0 0 2 0 0 4 8 0 0 3 7 4 0 0 1 4 0 0 2 0 4 2 0 8 0 0 0 0 5 0 0 1 0 0 0 0 5 0 0 0 0 0 0 0 2 5 11 0 0 1 6 2 0 0 0 0 0 1 0 0 4 3 1 9 0 2 7 6 0 0 5 12 0 0 2 7 0 2 15 0 0 0 0 0 0 12 5 0 0 1 0 0 0 0 0 0 3 4 0 0 6 0 0 4 7 0 4 0 0 0 0 0 0 5 7 2 2 3 0 0 4 3 5 7 3 0 0 0 1 13 0 0 3 0 0 11 0 0 0 0 4 0 0 9 0 0 2 8 4 0 0 0 0 0 1 13 0 0 10 0 1 5 0 6 0 0 0 0 12 0 0 0 0 23 70 68 149 154 186 239 255 240 177 129 73 0 4 6 0 13 0 0 0 0 0 0 0 0 11 0 16 141 243 233 239 233 222 202 179 181 222 255 229 18 0 4 0 5 0 5 0 0 0 0 2 0 0 0 10 25 20 4 0 0 0 8 0 11 42 255 255 0 6 0 0 5 0 2 0 0 0 0 0 3 0 0 1 10 8 0 10 0 7 0 0 0 111 231 89 0 5 0 1 5 5 0 0 0 0 0 0 4 5 0 0 0 0 0 0 0 20 0 0 59 232 212 5 11 0 0 5 0 3 2 0 0 0 0 0 3 5 0 0 0 3 2 0 8 0 0 30 189 241 49 0 0 9 0 0 0 2 0 0 0 0 0 0 1 1 0 1 4 4 2 0 5 0 6 54 230 245 114 34 0 17 2 0 5 6 0 0 0 0 0 2 0 0 0 0 2 0 0 0 0 12 4 20 105 189 253 204 47 1 0 0 0 0 7 0 0 0 0 2 0 0 0 0 0 0 0 12 0 4 0 0 0 23 87 255 191 2 0 1 0 0 9 0 0 0 0 0 0 1 2 0 0 0 2 0 5 5 0 2 2 0 0 104 255 35 5 0 4 10 0 0 0 0 0 0 0 0 0 0 0 0 0 0 6 3 0 0 7 1 0 38 252 57 1 0 4 0 5 0 0 0 0 0 0 0 0 0 0 0 0 18 0 4 7 0 0 1 0 1 252 138 6 0 5 1 0 0 0 0 0 0 0 0 0 0 0 0 0 1 0 9 0 2 3 20 0 3 255 189 15 0 3 1 0 0 0 0 0 0 0 0 0 0 0 0 0 0 11 4 0 6 3 0 0 10 240 101 0 0 0 2 0 0 0 0 0 0 0 0 0 0 0 0 0 3 5 0 5 5 0 0 13 99 255 21 0 1 0 3 3 0 0 0 0 0 0 0 0 0 0 0 0 0 0 0 2 0 0 9 17 219 255 18 15 2 0 3 0 0 0 0 0 0 0 0 0 0 0 0 0 0 1 6 7 65 0 0 57 244 131 3 1 0 0 6 1 0 0 0 0 0 0 0 0 0 0 0 0 2 2 4 60 231 40 10 211 255 1 0 0 2 0 0 1 0 0 0 0 0 0 0 0 0 0 0 0 0 23 0 6 155 196 177 241 132 24 0 7 0 0 12 0 0 0 0 0 0 0 0 0 0 0 0 0 0 0 20 0 4 175 255 153 33 0 0 17 1 0 6 0 0 0 0 0 0 0 0 0 0 0 0 0 17 0 0 2 0 0 2 0 0 0 6 9 0 0 3 0 0 0 0 0 0 0 0 0 0 0 0 0 0 7 10 0 0 11 7 0 5 9 2 0 0 2 1 0 0 0 0 0
0 4 5 0 3 9 0 2 9 0 0 9 0 3 3 0 0 3 0 0 0 9 0 3 0 0 0 0 0 2 0 0 3 3 0 7 0 9 0 0 0 0 16 8 3 0 2 13 3 0 13 0 0 0 0 0 0 1 0 1 2 0 4 4 8 0 22 5 0 6 0 6 0 2 6 0 0 0 25 0 0 0 0 0 0 4 0 2 1 0 4 0 1 13 0 0 16 8 0 1 1 0 0 7 18 0 3 15 0 0 0 0 0 7 3 0 0 0 0 0 0 38 206 189 107 197 255 251 220 149 86 22 0 4 0 0 0 0 0 0 0 4 8 0 1 1 0 36 151 251 255 254 255 250 255 252 250 249 255 178 11 0 7 5 0 0 0 0 2 0 9 0 4 0 0 111 248 255 247 253 245 197 202 255 255 254 238 254 159 12 0 0 0 0 0 0 7 0 7 0 7 0 2 172 255 250 248 255 130 4 38 35 66 249 251 254 238 50 1 7 0 0 0 0 0 0 1 4 0 0 12 37 136 199 255 130 0 0 28 0 2 202 246 255 239 68 19 0 0 0 0 0 3 0 0 2 0 0 1 15 3 7 188 67 0 14 0 12 0 157 255 250 255 68 0 10 0 0 0 0 6 0 0 1 2 0 0 0 0 0 11 12 11 0 8 0 9 228 243 245 207 24 0 3 0 0 0 0 5 0 0 2 5 1 0 0 19 13 0 0 0 11 20 75 210 235 246 255 69 0 0 0 0 0 0 0 3 0 0 2 2 0 1 4 0 0 0 32 89 210 193 255 240 255 199 98 0 0 20 0 0 0 0 0 1 2 3 0 0 0 0 2 5 136 189 235 255 244 255 254 255 249 34 0 5 1 0 0 0 0 0 0 0 2 2 0 0 0 0 0 177 244 253 244 255 247 255 246 255 236 196 136 14 12 0 4 0 0 0 0 0 0 1 1 3 5 3 0 208 255 244 255 250 255 255 255 247 255 255 242 237 51 8 1 0 0 0 0 0 4 10 0 0 7 9 0 20 82 74 59 66 83 58 75 63 172 225 252 255 232 59 5 0 0 0 0 11 0 0 2 0 9 0 20 16 0 0 9 0 4 0 0 11 1 107 249 244 255 156 0 0 0 0 0 0 5 0 4 12 0 111 203 224 43 3 4 0 2 5 7 0 3 0 164 255 251 157 0 0 0 0 0 0 15 6 0 3 32 202 255 242 18 0 0 0 0 0 0 14 0 11 145 231 255 173 7 0 0 0 0 3 0 0 12 15 229 255 252 149 2 5 10 14 1 0 15 56 35 188 255 253 255 111 4 0 0 0 0 9 0 0 0 1 224 255 241 255 183 180 170 175 171 156 192 247 250 251 255 254 159 33 1 0 0 0 0 0 11 0 3 10 107 245 255 255 244 247 254 255 255 245 253 248 255 244 241 138 2 9 0 0 0 0 0 2 5 0 15 0 18 56 133 237 252 255 255 238 251 248 254 255 148 85 27 0 6 3 0 0 0 0 0 0 0 0 0 0 0 0 0 0 0 0 0 0 0 0 0 0 0 0 0 0 0 0 0 0 0 0 0 0 0 0 0 0 0 0 0 0 0 0 0 0 0 0 0 0 0 0 0 0 0 0 0 0 0 0 0 0 0 0 0 0 0 0 0 0 0 0 0 0 0 0 0 0 0 0 0 0 0 0 0 0 0 0 0 0 0 0 0 0 0 0 0 0 0 0 0 0 0 0 0 0 0 0 0 0 0 0 0 0 0 0 0
1 6 1 0 5 5 0 0 0 1 0 4 3 0 4 0 4 0 0 1 7 0 0 3 0 0 0 0 0 0 0 0 1 0 0 14 0 15 7 0 0 3 15 0 0 1 17 10 0 0 7 0 0 0 0 0 4 0 0 1 16 9 0 0 17 0 0 8 18 0 0 0 15 0 0 0 0 3 8 0 0 0 0 0 0 9 2 0 0 0 0 10 0 4 4 7 0 0 6 11 0 11 14 0 0 0 1 0 0 0 0 0 0 1 0 1 7 2 0 4 0 0 0 0 0 0 3 0 0 7 0 0 20 1 0 9 0 0 0 0 4 0 0 7 13 0 0 8 16 19 44 112 147 137 139 143 138 105 27 0 6 0 0 12 0 0 0 0 0 2 0 0 0 25 82 141 149 222 255 255 249 246 255 250 253 255 219 78 0 0 11 0 0 0 0 0 0 5 0 19 117 226 255 252 255 255 253 255 253 246 255 253 255 246 255 220 80 0 0 2 0 0 0 0 0 13 7 14 254 255 243 255 253 255 240 178 187 198 255 252 210 255 249 255 177 0 0 8 0 0 0 0 11 0 0 19 224 255 255 245 255 107 55 18 0 59 159 55 46 247 252 231 173 7 1 0 0 0 0 0 5 0 9 0 20 53 145 192 107 0 0 0 4 14 0 11 2 205 255 255 178 0 10 5 0 0 0 0 1 0 0 4 0 0 12 0 8 19 0 2 2 0 0 4 72 252 255 238 176 5 0 0 0 0 0 0 4 4 2 6 0 0 1 5 0 0 0 0 5 0 17 132 255 246 255 255 145 12 13 2 0 0 0 0 0 2 0 1 5 13 0 0 0 21 0 0 14 87 245 252 244 255 254 134 37 0 0 0 0 0 0 0 1 10 2 4 0 0 0 0 0 6 0 10 182 246 238 255 255 242 248 191 73 0 9 12 0 0 0 0 0 0 0 5 0 1 3 1 0 2 0 0 176 255 255 247 255 255 253 255 220 62 9 0 0 0 0 0 5 0 0 3 0 0 0 12 0 0 2 0 36 83 160 104 38 178 255 246 250 247 4 1 0 0 0 0 0 11 0 4 0 20 1 0 7 1 0 13 0 0 0 2 10 11 156 255 254 255 18 0 0 0 0 0 3 1 0 0 12 0 17 6 0 0 0 0 4 18 1 0 12 0 0 184 252 255 127 3 0 0 0 0 0 4 0 162 158 148 125 158 152 47 25 0 7 0 0 10 0 8 17 179 242 255 196 12 0 0 0 0 6 6 4 209 255 255 245 254 243 236 255 162 86 53 46 0 4 0 0 201 255 245 255 0 0 0 0 0 2 0 5 64 178 216 255 249 255 239 250 255 246 252 226 179 116 74 147 215 251 253 160 23 0 0 0 0 0 13 0 0 0 44 50 49 160 216 242 251 250 254 255 255 255 255 255 255 255 239 56 0 0 0 0 0 3 0 0 2 0 0 0 10 0 22 32 63 159 139 194 255 255 243 254 255 206 170 1 7 0 0 0 0 0 0 0 0 0 0 0 0 1 0 0 0 0 5 10 13 82 128 143 91 21 0 0 5 0 0 0 0 0 0 0 0 0 0 0 0 2 0 0 0 0 1 4 6 0 7 10 1 0 6 5 0 0 0 0 0 0 0 0 0 0 0 0 0 1 0 0 0 0 0 0 0 0 0 0 0 0 3 2 0 0 0 0 0 0 0 0 0 0 0 0 0 0 0 0 0 0 0 0 0 4 5 7 5 0 0 0 7 0 0 0 0
0 1 3 1 0 0 2 7 4 0 8 2 0 5 0 1 3 0 0 10 2 0 0 2 0 0 0 0 0 0 0 2 6 5 0 0 2 0 0 1 0 7 0 3 6 9 0 0 0 5 0 3 0 0 0 0 9 2 0 0 0 5 9 10 6 2 3 5 0 8 0 0 0 0 2 3 6 5 2 0 0 0 0 0 0 3 8 7 0 0 0 0 0 0 0 0 0 0 0 1 18 0 0 0 0 0 0 0 0 0 0 0 0 0 3 4 2 2 5 8 0 2 13 0 17 0 0 0 0 0 10 11 0 0 7 0 0 0 0 0 5 0 0 0 0 0 0 0 0 51 116 158 238 243 255 255 255 247 115 2 14 14 0 8 0 0 0 0 0 2 7 5 0 2 13 24 189 242 247 255 255 250 240 237 255 236 255 192 26 0 23 0 0 0 0 0 0 4 1 0 2 63 162 238 241 255 173 130 64 46 26 43 108 174 231 255 240 112 4 0 0 0 0 0 15 0 10 0 116 249 255 213 113 50 0 0 0 12 0 5 4 1 26 188 250 233 37 1 0 0 0 0 0 31 0 81 253 248 145 15 0 0 2 10 2 1 0 8 0 0 2 0 255 248 127 3 0 0 0 0 15 0 0 146 247 244 11 38 25 14 0 0 0 0 1 0 0 12 2 43 217 249 153 0 0 0 0 0 0 9 0 125 255 244 186 24 0 0 0 6 10 0 6 0 26 0 50 237 252 233 16 8 0 0 0 0 6 0 18 12 144 246 255 122 7 10 4 1 0 0 3 14 0 142 250 255 240 77 6 0 0 0 0 0 0 7 0 10 0 28 16 28 0 0 0 0 0 16 0 4 137 255 253 228 119 4 0 0 0 0 0 0 0 6 2 0 15 0 0 0 0 5 9 4 12 139 163 217 255 232 255 69 8 0 0 5 0 0 0 0 7 0 5 0 0 17 0 3 7 0 0 4 58 249 242 255 255 226 32 5 0 6 7 0 0 0 0 0 0 1 0 0 2 0 0 1 7 0 4 0 19 122 222 241 246 240 55 6 0 9 0 0 0 0 0 0 0 8 1 0 0 1 1 5 0 0 0 5 5 6 10 12 150 254 255 63 3 0 16 0 0 0 0 0 0 6 2 0 2 6 0 0 3 9 1 0 0 0 0 12 9 131 228 224 102 5 0 0 0 0 0 0 0 0 0 0 5 0 0 8 1 3 0 0 4 8 3 1 1 14 219 245 169 5 0 13 0 0 0 0 5 0 0 0 0 0 53 129 4 0 2 8 0 0 8 0 12 0 91 255 219 0 8 0 0 0 0 0 5 0 0 0 0 17 134 255 118 29 0 0 0 12 19 0 0 44 230 255 176 0 12 0 0 0 0 0 0 0 0 3 0 16 122 250 249 242 241 211 146 114 139 168 200 244 239 255 94 3 0 0 0 0 0 0 0 0 0 4 0 0 34 107 219 250 255 251 255 255 250 249 255 255 231 97 0 0 12 0 0 0 0 0 0 0 0 0 0 0 0 0 19 108 123 206 165 239 166 141 138 94 37 1 0 0 2 0 0 0 0 0 0 0 0 0 0 0 0 0 0 13 3 0 0 8 0 0 10 0 0 0 0 6 5 1 0 0 0 0 0 0 0 0 0 0 0 0 0 0 4 0 10 0 0 0 0 0 0 2 3 2 0 0 0 0 0 0 0 0 0 0 0 0 0 0 1 0 0 7 2 2 0 9 6 5 3 0 0 0 0 2 0 0 0 0
0 0 0 2 0 0 0 4 4 0 0 1 2 0 0 0 0 1 6 0 6 0 5 0 0 0 0 0 1 0 0 1 3 0 0 0 0 0 3 3 0 0 3 14 0 4 2 0 0 0 8 13 0 0 0 0 3 0 0 0 4 2 0 0 7 3 0 0 2 4 0 0 11 6 0 0 6 6 0 0 0 0 0 0 3 0 0 0 2 1 2 6 0 0 0 0 5 14 10 0 0 0 11 5 8 0 0 10 0 0 0 0 1 0 0 1 0 0 7 18 208 249 255 203 130 96 105 122 17 0 3 0 2 0 7 5 0 0 0 0 0 1 3 2 0 0 8 22 246 255 255 246 253 255 255 240 162 100 95 34 0 0 4 0 0 0 0 0 0 0 1 2 0 0 3 13 148 216 255 255 237 244 255 255 255 242 255 167 0 0 0 16 0 0 0 0 0 0 0 2 2 0 0 1 0 87 178 206 212 233 251 250 255 245 255 204 9 19 0 0 0 0 0 0 0 0 0 0 0 0 0 0 0 0 17 0 1 74 76 85 150 255 251 252 195 68 18 0 0 0 0 0 0 0 0 0 0 0 0 0 12 1 0 12 0 0 0 2 4 242 246 248 254 87 0 10 0 0 0 0 0 0 0 0 0 0 0 0 0 38 141 127 137 27 11 79 197 242 255 254 250 44 22 0 0 0 0 0 0 0 0 0 0 0 0 0 10 255 249 247 251 252 255 235 255 252 248 248 134 11 0 12 0 0 0 0 0 0 0 0 0 0 0 0 16 206 235 255 251 250 254 255 255 254 255 161 13 4 0 0 0 0 0 0 0 0 0 0 0 0 0 0 0 33 255 250 254 255 249 252 240 245 213 9 0 6 2 11 0 0 0 0 0 0 0 0 0 0 0 0 8 0 69 193 194 196 210 216 255 255 248 164 0 2 0 0 0 0 0 0 0 0 0 0 0 0 0 0 0 10 0 1 1 5 5 0 155 234 250 228 66 6 0 5 0 0 0 0 2 2 0 3 0 0 0 10 0 4 0 0 1 0 26 0 0 108 255 243 220 0 0 6 0 0 0 0 0 0 3 5 2 111 34 0 8 1 4 1 6 0 9 0 8 162 255 255 237 40 20 0 0 0 0 0 0 7 8 0 225 249 218 42 0 0 0 0 14 0 0 9 58 236 253 255 234 39 6 1 0 0 0 0 14 0 1 0 198 255 239 202 40 3 12 0 2 10 0 43 227 255 233 255 163 11 0 6 0 0 0 0 0 5 2 5 19 215 255 255 218 212 58 62 72 68 205 235 255 244 255 252 60 0 10 0 0 0 0 0 0 19 0 2 3 115 230 244 249 249 255 254 252 255 241 255 245 255 248 153 10 0 0 1 0 0 0 0 22 0 0 8 0 0 13 193 242 255 252 255 241 255 255 245 255 223 123 13 6 22 0 2 0 0 0 0 0 9 1 0 4 6 0 1 0 119 120 231 232 202 234 124 104 13 2 2 1 0 1 1 0 0 0 0 0 0 0 0 0 0 0 0 0 0 0 0 0 0 0 0 0 0 0 0 0 0 0 0 0 0 0 0 0 0 0 0 0 0 0 0 0 0 0 0 0 0 0 0 0 0 0 0 0 0 0 0 0 0 0 0 0 0 0 0 0 0 0 0 0 0 0 0 0 0 0 0 0 0 0 0 0 0 0 0 0 0 0 0 0 0 0 0 0 0 0 0 0 0 0 0 0 0 0 0 0 0 0 0 0 0 0 0 0 0 0 0
0 0 0 0 0 0 0 0 8 0 0 11 0 5 3 1 4 0 1 1 0 6 0 0 0 0 0 0 0 0 0 0 0 0 0 0 0 0 21 2 4 1 0 0 11 0 9 0 0 0 17 11 0 0 0 0 0 0 0 0 0 0 0 0 7 3 0 0 0 0 11 0 0 1 0 26 0 0 0 0 0 0 0 0 0 0 0 0 0 0 0 0 0 16 0 15 0 0 10 3 4 0 0 0 16 0 11 5 0 0 0 0 0 0 0 0 0 0 0 0 0 0 15 0 54 126 133 122 112 255 255 241 130 78 0 0 0 0 0 0 0 0 0 0 0 0 0 0 10 20 0 255 255 255 250 255 255 255 250 255 255 120 0 9 0 0 0 0 0 0 0 0 0 0 0 0 0 0 141 236 255 253 252 255 244 255 254 255 246 255 79 0 0 0 0 0 0 0 0 0 0 0 0 0 1 8 63 255 255 239 255 252 255 239 255 255 248 255 107 7 0 0 0 0 0 0 0 0 0 0 0 0 0 10 4 2 126 0 0 0 6 0 184 255 255 244 134 0 0 0 0 0 0 0 0 0 0 0 0 0 6 0 0 0 10 11 0 17 0 135 254 245 255 255 138 0 0 0 0 0 0 0 0 0 0 0 0 0 0 24 3 19 0 2 4 54 188 254 255 245 255 182 0 15 0 0 0 0 0 0 0 0 0 0 0 0 5 0 0 0 146 131 116 255 255 255 255 247 118 0 0 0 0 0 0 0 0 0 0 0 0 0 0 0 0 12 66 255 255 255 253 255 247 245 255 135 0 4 21 12 0 0 0 0 0 0 0 0 0 0 0 0 9 104 249 255 241 255 255 255 251 255 131 0 14 0 0 0 0 0 0 0 0 0 0 0 0 0 0 0 4 136 255 249 254 255 255 246 255 238 192 1 0 16 4 9 0 0 0 0 0 0 0 0 0 0 0 0 0 73 254 248 255 111 4 67 247 255 255 66 2 0 6 0 0 0 0 0 0 8 3 0 10 0 7 2 12 0 0 0 9 0 1 0 255 242 255 75 0 0 0 12 0 0 0 0 0 12 4 1 0 124 143 0 0 2 4 3 4 4 13 60 255 246 255 0 0 23 5 0 0 0 0 0 10 0 0 8 197 253 255 131 3 5 0 3 0 0 12 189 254 255 255 3 10 0 0 12 0 0 0 0 0 12 10 124 255 255 239 196 0 4 25 0 0 147 236 255 254 252 135 0 1 7 21 0 0 0 0 0 0 0 0 120 251 254 251 255 255 231 254 253 255 254 255 255 253 192 63 20 5 0 4 0 0 0 0 0 14 0 0 72 241 255 255 250 255 255 255 236 255 255 254 243 248 76 0 0 2 0 0 17 0 0 0 0 0 0 0 12 5 181 245 253 245 252 255 255 246 255 239 86 7 0 18 3 0 7 1 0 0 0 0 0 0 8 2 0 0 4 3 129 132 255 184 133 123 72 10 0 0 7 0 4 0 0 6 0 0 0 0 0 0 0 0 0 0 0 0 0 0 0 0 0 0 0 0 0 0 0 0 0 0 0 0 0 0 0 0 0 0 0 0 0 0 0 0 0 0 0 0 0 0 0 0 0 0 0 0 0 0 0 0 0 0 0 0 0 0 0 0 0 0 0 0 0 0 0 0 0 0 0 0 0 0 0 0 0 0 0 0 0 0 0 0 0 0 0 0 0 0 0 0 0 0 0 0 0 0 0 0 0 0 0 0 0 0 0 0 0 0 0 0 0
0 0 0 0 0 0 0 0 0 0 9 5 0 5 9 0 1 9 0 0 13 0 7 0 0 0 0 0 0 0 0 0 0 0 0 0 10 3 0 0 6 0 0 6 0 5 12 0 0 3 0 8 0 0 0 0 0 0 0 0 0 0 0 0 2 9 2 10 2 0 12 1 17 0 0 17 0 4 1 0 0 0 0 0 0 0 0 0 0 0 0 0 1 0 0 17 5 0 0 0 8 6 0 4 0 0 3 0 0 0 0 0 0 0 0 0 0 0 0 0 19 0 12 0 0 24 4 0 0 19 17 0 10 8 0 11 0 0 0 0 0 0 0 0 0 0 0 0 0 11 1 36 212 245 87 48 49 0 14 0 2 8 0 9 0 0 0 0 0 0 0 0 0 0 0 0 16 24 114 223 249 245 255 255 192 28 0 12 0 0 0 0 0 0 0 0 0 0 0 0 0 0 0 0 27 248 255 238 255 226 216 249 255 207 5 0 11 0 7 0 0 0 0 0 0 0 0 0 0 0 0 0 28 242 222 155 49 19 21 214 241 255 0 0 0 3 0 6 0 0 0 0 0 0 0 0 0 0 0 0 6 0 18 0 11 11 24 225 255 214 13 0 7 5 0 0 0 0 0 0 0 0 0 0 0 0 0 0 0 1 0 0 0 9 122 255 248 97 5 0 0 0 6 0 0 0 0 0 0 0 0 0 0 0 0 0 0 7 0 3 0 11 212 248 191 22 0 2 3 0 3 5 0 0 0 0 0 0 0 0 0 0 0 0 8 0 4 12 0 164 255 249 130 7 0 0 10 1 0 4 0 0 0 0 0 0 0 0 0 0 0 0 0 15 0 0 55 252 242 255 182 109 45 0 0 8 0 3 0 0 0 0 0 0 0 0 0 0 0 0 2 0 0 46 249 235 246 253 255 245 188 29 0 8 0 0 0 0 0 0 0 0 0 0 0 0 0 0 0 13 35 231 239 255 243 208 213 246 255 51 0 11 0 3 0 0 0 0 0 0 0 0 0 0 0 0 0 13 31 188 235 63 44 0 54 248 247 132 0 11 12 0 0 0 0 0 0 0 0 0 0 0 0 0 6 0 0 12 0 14 0 6 128 255 254 44 4 0 0 18 0 0 0 0 0 0 0 0 0 0 0 0 0 0 5 0 5 0 10 67 252 255 219 36 0 0 8 0 0 0 0 0 0 0 0 0 0 0 0 0 10 9 0 14 0 0 3 180 255 211 67 6 8 5 4 0 0 0 0 0 0 0 0 0 0 0 0 0 0 19 0 0 18 5 181 251 249 119 0 3 0 0 0 2 0 0 0 0 0 0 0 0 0 0 0 0 7 0 12 0 11 162 245 245 183 12 0 26 0 0 5 0 0 0 0 0 0 0 0 0 0 0 0 0 0 44 101 141 216 255 255 141 26 0 0 0 19 3 0 16 0 0 0 0 0 0 0 0 0 0 0 0 114 252 250 255 255 204 83 0 0 16 0 2 0 0 12 0 0 0 0 0 0 0 0 0 0 0 0 0 168 229 207 151 48 9 4 0 0 0 0 0 0 0 0 0 0 0 0 0 0 0 0 0 0 0 0 0 0 11 0 7 0 3 6 0 0 0 0 0 0 0 0 0 0 0 0 0 0 0 0 0 0 0 0 0 8 5 0 6 2 0 0 0 0 0 0 0 0 0 0 0 0 0 0 0 0 0 0 0 0 0 0 0 0 0 0 6 0 0 0 12 0 0 0 0 0 0 0 0 0 0 0 0
0 0 0 0 0 0 0 0 0 0 7 0 0 9 0 1 0 21 0 0 0 8 0 0 0 0 0 0 0 0 0 0 0 0 0 0 0 0 0 0 0 3 0 0 0 2 0 0 12 0 2 1 0 0 0 0 0 0 0 0 0 0 0 0 4 1 13 9 6 5 0 0 2 3 8 2 11 0 6 3 0 0 0 0 0 0 0 0 0 0 0 0 6 0 0 0 0 0 0 11 0 0 4 0 0 0 8 0 0 0 0 0 0 0 0 0 0 0 0 0 0 3 23 14 2 0 0 0 24 17 0 0 0 4 1 0 0 0 0 0 0 0 0 0 0 0 0 0 4 0 23 82 181 255 255 250 181 125 13 0 0 5 0 4 0 0 0 0 0 0 0 0 0 0 0 0 0 98 226 255 248 245 242 252 255 236 92 1 0 0 0 6 0 0 0 0 0 0 0 0 0 0 0 0 13 148 255 253 175 149 171 213 240 255 148 3 1 3 7 0 0 0 0 0 0 0 0 0 0 0 0 0 0 60 200 64 3 0 31 220 249 229 2 6 0 0 4 2 0 0 0 0 0 0 0 0 0 0 0 0 7 0 5 8 0 33 220 249 237 33 10 0 0 5 15 0 0 0 0 0 0 0 0 0 0 0 0 0 0 8 0 0 107 207 255 219 50 2 0 7 22 0 5 10 0 0 0 0 0 0 0 0 0 0 0 0 3 0 7 97 241 255 186 54 2 0 14 0 0 4 0 5 0 0 0 0 0 0 0 0 0 0 0 0 0 0 3 83 231 255 166 21 7 2 0 0 18 0 1 0 0 0 0 0 0 0 0 0 0 0 0 0 0 12 9 0 104 247 255 202 121 15 0 21 0 0 9 0 0 0 0 0 0 0 0 0 0 0 0 0 10 0 0 17 9 75 255 255 253 216 0 0 3 0 0 0 0 0 0 0 0 0 0 0 0 0 0 0 0 7 10 0 0 17 61 177 255 242 156 9 0 8 0 0 0 0 0 0 0 0 0 0 0 0 0 0 9 0 0 2 9 6 0 0 133 252 251 48 10 0 15 0 0 0 0 0 0 0 0 0 0 0 0 0 0 0 12 0 0 0 0 11 14 250 253 53 4 3 0 4 0 0 0 0 0 0 0 0 0 0 0 0 3 1 9 0 5 18 0 0 12 229 252 70 0 0 1 0 0 0 0 0 0 0 0 0 0 0 0 0 3 0 0 0 0 0 0 6 103 245 252 53 0 0 16 0 0 0 0 0 0 0 0 0 0 0 0 0 0 0 0 8 16 0 11 66 188 255 199 7 6 2 0 0 0 0 0 0 0 0 0 0 0 0 0 0 18 48 10 0 0 9 112 211 255 210 71 0 0 7 0 6 0 0 0 0 0 0 0 0 0 0 0 0 184 189 65 47 125 191 255 249 206 79 0 7 0 0 0 5 0 0 0 0 0 0 0 0 0 0 0 0 122 255 247 243 255 249 247 150 7 4 2 0 7 0 1 2 0 0 0 0 0 0 0 0 0 0 0 0 34 184 250 251 222 167 46 0 0 0 0 0 0 0 0 0 0 0 0 0 0 0 0 0 0 0 0 0 0 18 0 0 2 10 0 12 0 0 0 0 0 0 0 0 0 0 0 0 0 0 0 0 0 0 0 0 3 0 0 3 9 4 0 0 0 0 0 0 0 0 0 0 0 0 0 0 0 0 0 0 0 0 0 0 3 5 2 0 0 0 4 1 0 0 0 0 0 0 0 0 0 0 0 0
4 0 0 0 2 0 0 4 0 6 2 0 4 5 0 0 11 0 11 0 0 6 0 4 0 0 0 0 0 0 9 3 0 0 0 0 2 0 0 0 0 0 0 11 0 0 5 12 0 0 13 0 0 0 0 0 4 0 0 0 0 6 11 11 0 0 5 8 0 0 2 0 12 3 0 7 10 0 7 0 0 0 0 0 6 0 0 7 8 0 0 0 21 0 0 2 0 3 5 0 0 17 0 0 15 0 0 9 0 0 0 0 0 0 3 5 0 0 1 13 0 0 0 0 0 0 2 0 0 0 16 0 0 8 0 0 0 0 0 0 0 5 0 0 0 5 5 0 6 47 49 55 150 255 255 206 104 0 0 14 0 3 5 0 0 0 0 0 0 0 0 6 2 0 0 4 64 194 255 255 254 255 246 250 242 68 0 4 6 0 0 1 0 0 0 0 9 0 0 11 0 0 81 199 244 255 255 242 169 42 44 176 254 170 18 0 12 0 0 10 0 0 0 0 0 10 0 0 19 0 123 255 254 253 164 37 0 0 0 105 255 185 8 0 3 4 0 2 0 0 0 0 0 3 5 1 8 0 64 154 197 77 0 12 22 0 4 115 252 205 1 0 3 0 7 4 0 0 0 0 8 0 0 0 0 14 0 0 4 0 19 0 0 5 34 229 255 151 1 6 0 0 0 0 0 0 0 0 0 1 15 0 0 0 8 1 0 15 0 0 36 0 162 253 245 40 1 11 0 6 1 0 0 0 0 0 0 0 0 0 15 3 50 13 1 4 0 19 0 28 222 248 205 13 0 0 0 6 1 5 0 0 0 0 3 7 3 0 0 2 140 173 3 0 2 0 26 209 253 250 220 149 76 1 3 0 0 0 0 0 0 0 1 0 2 0 8 0 33 26 5 3 15 64 235 232 255 248 255 255 209 118 6 7 5 2 0 0 0 0 0 0 7 0 0 2 0 2 0 0 0 173 252 234 136 154 227 236 255 204 0 13 0 0 0 0 0 0 0 0 0 0 0 0 0 0 0 3 0 25 87 0 3 1 5 189 247 250 0 0 0 0 0 0 0 0 0 0 0 0 0 0 0 0 5 0 0 6 0 8 6 0 5 200 255 228 7 0 9 0 0 0 0 0 0 0 0 0 0 0 0 0 0 0 11 0 3 0 22 0 97 245 234 238 0 0 11 0 0 0 0 0 0 0 0 0 0 0 0 0 7 10 0 4 9 0 0 59 239 255 255 116 12 0 0 7 0 0 0 0 0 0 0 0 0 0 0 0 0 0 17 3 0 0 29 205 255 255 137 0 10 0 0 0 0 0 0 0 0 0 0 0 0 0 0 0 0 19 3 1 19 14 202 244 246 171 28 44 0 4 22 6 0 0 0 0 0 0 0 0 0 0 0 0 7 26 32 38 76 255 255 243 150 0 23 7 0 0 0 2 0 0 0 0 0 0 0 0 0 0 0 0 56 255 255 254 247 255 194 55 0 13 0 0 21 0 5 6 0 0 0 0 0 0 0 0 0 0 0 0 66 226 255 249 159 85 7 0 0 0 0 0 0 0 0 0 0 0 0 0 0 0 0 0 0 0 0 0 0 29 0 0 0 0 0 1 0 0 0 0 0 0 0 0 0 0 0 0 0 0 0 0 0 0 0 0 0 4 0 0 8 1 0 4 0 0 0 0 0 0 0 0 0 0 0 0 0 0 0 0 0 0 0 0 4 0 10 10 9 0 0 0 0 0 0 0 0 0 0 0 0 0 0 0
0 0 0 0 0 0 0 0 0 6 0 11 0 2 0 0 6 6 0 0 0 0 4 3 0 0 0 0 0 0 0 0 0 0 0 0 8 0 0 1 0 0 0 4 0 0 0 2 7 2 0 0 0 0 0 0 0 0 0 0 0 0 0 0 1 0 0 5 7 0 7 0 0 9 6 0 0 1 0 0 0 0 0 0 0 0 0 0 0 0 0 0 0 1 2 5 0 0 18 1 0 2 5 0 0 2 0 7 0 0 0 0 0 0 0 0 0 0 0 0 14 0 8 133 211 202 158 65 4 0 0 4 3 6 0 1 0 0 0 0 0 0 0 0 0 0 0 0 0 0 45 226 255 247 255 253 91 2 0 7 0 2 0 0 0 0 0 0 0 0 0 0 0 0 0 0 0 6 59 255 255 241 252 255 209 39 0 5 0 0 0 2 0 0 0 0 0 0 0 0 0 0 0 0 0 4 32 226 243 255 255 246 255 46 0 10 0 7 3 0 0 0 0 0 0 0 0 0 0 0 0 0 3 8 0 67 251 251 255 255 225 19 7 9 0 0 7 0 0 0 0 0 0 0 0 0 0 0 0 0 0 0 34 183 255 255 241 254 97 1 0 0 8 0 0 18 0 0 0 0 0 0 0 0 0 0 0 0 10 20 195 255 231 250 255 151 6 0 1 21 3 0 8 0 0 0 0 0 0 0 0 0 0 0 0 0 0 125 245 249 255 251 255 231 127 56 0 0 0 0 13 0 0 0 0 0 0 0 0 0 0 0 0 0 70 255 252 245 254 253 241 255 255 245 144 0 0 2 0 0 0 0 0 0 0 0 0 0 0 0 0 0 85 253 253 255 247 253 255 240 235 255 240 73 0 1 9 0 0 0 0 0 0 0 0 0 0 0 0 0 102 255 255 246 255 177 179 216 255 255 255 225 68 0 0 0 0 0 0 0 0 0 0 0 0 0 0 0 1 168 171 110 11 0 0 22 36 205 255 255 84 6 1 4 0 0 0 0 0 4 3 5 0 0 3 4 9 0 0 3 0 0 6 0 42 209 252 255 108 0 7 0 0 0 0 0 3 4 0 0 2 6 0 0 0 0 7 0 7 0 1 6 185 255 255 242 101 30 0 10 0 0 0 0 0 2 5 0 8 8 0 8 0 17 9 0 8 0 61 184 255 255 250 234 99 0 16 0 0 0 0 0 0 0 16 0 4 1 0 76 210 136 157 171 162 173 251 255 247 255 252 189 4 9 0 4 0 0 0 0 4 0 8 0 0 0 17 138 250 255 255 247 251 238 244 243 255 255 219 37 0 2 0 4 0 0 0 0 5 0 0 0 4 0 5 90 254 254 251 252 251 255 255 255 246 202 48 12 0 5 0 0 0 0 0 0 0 0 0 4 9 0 0 9 152 245 255 254 251 255 229 247 148 13 1 0 9 2 0 1 0 0 0 0 0 7 0 0 0 2 7 0 32 131 168 165 153 255 186 28 0 7 0 7 0 0 17 0 0 0 0 0 0 0 0 0 0 0 0 0 0 0 0 0 0 0 0 0 0 0 0 0 0 0 0 0 0 0 0 0 0 0 0 0 0 0 0 0 0 0 0 0 0 0 0 0 0 0 0 0 0 0 0 0 0 0 0 0 0 0 0 0 0 0 0 0 0 0 0 0 0 0 0 0 0 0 0 0 0 0 0 0 0 0 0 0 0 0 0 0 0 0 0 0 0 0 0 0 0 0 0 0 0 0 0 0 0 0 0 0 0 0 0 0
5 0 4 0 1 6 0 5 0 0 0 2 4 4 2 1 0 0 1 0 4 3 0 0 0 0 0 0 0 0 6 3 0 2 0 0 15 7 0 0 0 0 0 0 13 10 2 0 0 10 4 0 0 0 0 0 1 4 0 1 0 2 11 0 0 0 0 6 10 7 0 0 0 0 2 10 0 0 0 5 0 0 0 0 0 6 0 5 0 1 7 0 5 3 0 0 0 0 0 3 16 2 0 6 2 0 7 0 0 0 0 0 0 4 0 15 3 0 0 5 0 4 9 6 0 0 0 3 0 2 0 0 0 0 11 0 0 0 0 0 1 4 0 6 0 2 1 91 224 237 248 241 214 182 157 146 50 30 0 0 11 0 0 3 0 0 0 0 7 4 0 0 0 2 13 187 250 254 255 255 253 252 254 255 254 165 11 0 16 0 0 4 0 0 0 0 0 0 4 10 0 0 0 212 254 252 250 251 253 254 252 250 250 255 116 9 0 0 8 0 0 0 0 0 0 10 0 0 12 0 17 112 248 255 246 250 255 255 248 247 251 255 211 0 16 0 0 3 0 0 0 0 0 6 0 0 16 0 0 21 96 92 113 102 99 224 234 255 250 255 197 5 0 11 5 1 0 0 0 0 0 5 0 0 4 4 0 0 8 6 4 6 121 235 255 242 254 240 205 9 17 0 3 0 0 0 0 0 0 3 2 0 0 3 11 6 0 2 58 230 255 255 240 254 255 255 140 0 0 10 0 3 0 0 0 0 0 0 6 8 0 0 3 0 24 80 255 253 245 247 255 255 238 255 200 62 1 0 19 0 0 0 0 0 5 0 0 4 2 0 0 0 0 154 254 255 255 255 237 255 251 255 250 255 31 0 0 1 0 0 0 0 5 0 0 0 0 3 5 5 0 182 255 231 255 241 255 247 254 229 250 255 162 3 6 0 0 0 0 0 0 7 9 0 0 0 0 0 8 0 156 214 137 55 12 0 64 161 255 240 251 23 9 0 0 0 0 0 12 0 0 13 0 0 1 0 0 4 2 0 0 0 0 4 0 103 255 250 253 55 12 0 0 0 0 0 0 11 10 0 0 22 4 0 9 0 3 3 0 14 15 0 56 193 255 239 253 36 0 8 0 0 0 0 0 3 0 3 13 7 0 3 0 0 0 0 2 0 10 87 239 238 239 255 252 52 15 0 0 0 0 0 8 3 0 0 1 0 100 255 87 14 0 14 3 41 158 254 254 255 255 255 172 4 0 12 0 0 0 0 0 3 1 4 9 0 138 247 235 176 88 85 177 241 251 255 253 239 255 188 38 0 16 0 0 0 0 0 8 0 0 0 13 9 157 250 255 248 255 255 245 250 255 241 255 255 196 59 1 0 0 25 0 0 0 0 0 0 5 11 0 0 80 253 254 251 240 249 255 255 241 253 236 125 34 0 0 8 0 0 0 0 0 0 0 3 0 3 0 14 13 187 253 255 255 248 246 255 247 221 49 4 0 9 1 0 10 0 0 0 0 0 0 0 0 0 0 0 0 0 88 215 255 243 252 212 93 4 0 0 0 0 0 0 0 0 0 0 0 0 0 0 0 0 0 0 0 0 0 13 5 0 11 13 0 0 0 0 0 0 0 0 0 0 0 0 0 0 0 0 0 0 0 0 0 0 5 1 0 0 4 0 0 9 0 0 0 0 0 0 0 0 0 0 0 0 0 0 0 0 0 0 0 0 0 0 3 7 4 1 0 0 0 0 0 0 0 0 0 0 0 0 0 0
0 0 0 0 0 0 0 0 0 1 0 0 9 0 0 13 0 0 6 0 7 0 6 0 0 0 0 0 0 0 0 0 0 0 0 0 8 0 7 0 0 14 6 0 11 0 5 0 5 0 3 0 0 0 0 0 0 0 0 0 0 0 0 0 0 4 7 0 14 5 0 10 0 0 23 0 0 0 5 12 0 0 0 0 0 0 0 0 0 0 0 0 2 12 0 0 0 0 65 145 255 255 227 80 9 0 0 0 0 0 0 0 0 0 0 0 0 0 0 0 0 0 0 24 0 52 242 255 250 246 173 24 0 3 1 8 0 0 0 0 0 0 0 0 0 0 0 0 1 0 0 42 26 72 236 249 255 254 135 0 7 5 0 0 0 0 0 0 0 0 0 0 0 0 0 0 0 21 50 122 141 95 96 105 194 255 146 0 1 0 9 19 0 0 0 0 0 0 0 0 0 0 0 0 5 0 1 0 0 0 0 6 27 240 185 20 6 0 0 0 0 0 0 0 0 0 0 0 0 0 0 0 0 8 0 0 0 3 3 0 5 210 255 77 0 4 3 0 0 0 0 0 0 0 0 0 0 0 0 0 19 0 0 12 8 0 0 0 0 205 249 123 4 0 6 0 0 0 0 0 0 0 0 0 0 0 0 0 0 71 116 117 109 54 33 92 180 248 250 119 3 20 0 5 0 0 0 0 0 0 0 0 0 0 0 0 16 176 255 242 254 250 230 255 247 255 255 1 0 0 12 2 0 0 0 0 0 0 0 0 0 0 0 0 1 109 249 255 242 255 255 246 255 255 97 0 10 0 9 0 0 0 0 0 0 0 0 0 0 0 0 0 0 40 175 248 251 246 235 255 253 215 13 10 0 12 0 13 0 0 0 0 0 0 0 0 0 0 0 0 5 0 8 33 89 76 19 65 220 255 246 83 6 0 6 0 0 0 0 0 0 0 0 0 0 0 0 0 0 0 8 0 2 15 0 6 13 162 227 201 22 0 6 0 0 0 0 0 0 1 25 36 16 0 0 0 4 0 10 4 0 0 0 9 0 0 162 246 170 5 0 1 0 0 0 0 8 0 120 255 229 140 74 12 12 0 0 0 0 18 0 0 11 6 25 250 227 34 0 0 0 0 0 0 8 0 117 255 244 249 253 156 53 4 0 11 7 0 0 17 0 2 10 168 235 172 17 0 0 0 0 0 14 0 19 135 249 255 249 253 212 165 102 37 1 3 0 0 0 66 190 253 255 129 0 3 0 0 0 0 0 0 0 1 66 173 244 255 254 240 255 255 241 178 161 174 190 255 246 255 189 0 16 3 0 0 0 0 0 11 5 4 10 0 33 118 198 232 251 252 239 245 255 249 251 235 253 128 22 11 0 2 0 0 0 0 8 0 0 0 0 4 13 0 0 24 94 209 255 255 220 156 170 111 28 5 0 1 17 0 0 0 0 0 0 8 1 0 10 0 0 6 0 9 0 0 0 0 17 0 0 0 7 9 0 0 0 0 0 0 0 0 0 0 0 0 0 0 0 0 0 0 0 0 0 0 0 0 0 0 0 0 0 0 0 0 0 0 0 0 0 0 0 0 0 0 0 0 0 0 0 0 0 0 0 0 0 0 0 0 0 0 0 0 0 0 0 0 0 0 0 0 0 0 0 0 0 0 0 0 0 0 0 0 0 0 0 0 0 0 0 0 0 0 0 0 0 0 0 0 0 0 0 0 0 0 0 0 0 0 0 0 0 0 0 0 0 0 0 0 0 0 0 0
0 2 1 0 4 2 0 0 2 0 3 9 0 0 6 0 0 0 9 0 0 8 0 1 0 0 0 0 5 6 0 0 1 5 3 7 0 11 0 0 4 0 0 4 0 0 0 0 13 0 0 0 0 0 0 0 0 5 7 3 1 0 0 0 0 4 0 0 4 6 0 2 5 9 0 0 14 0 0 6 0 0 0 0 3 4 0 0 1 1 4 17 1 0 16 14 0 0 11 0 0 0 14 0 2 0 4 2 0 0 0 0 10 1 0 0 10 5 0 0 8 26 101 183 225 246 220 153 42 0 7 1 0 5 0 0 0 0 0 0 0 2 5 7 5 0 0 14 91 208 255 242 180 127 159 254 185 46 0 3 0 4 0 4 0 0 0 0 0 6 5 0 0 0 41 94 247 206 81 0 0 0 10 79 255 149 0 0 0 0 0 12 0 0 0 0 1 0 0 1 5 0 0 4 0 3 0 0 9 0 0 32 237 196 0 0 3 0 1 0 0 0 0 0 0 0 0 0 0 0 0 0 8 0 0 0 12 4 3 76 255 112 0 6 1 0 0 4 0 0 0 0 0 0 0 0 0 0 0 0 0 12 10 0 0 0 68 231 218 19 0 13 5 0 11 0 0 0 0 0 0 0 0 0 0 0 0 0 21 0 0 2 15 108 228 254 83 0 14 0 2 4 6 0 0 0 0 0 0 0 0 0 0 0 0 0 0 1 58 165 228 255 246 140 4 0 0 0 4 6 0 12 0 0 0 0 0 0 0 0 0 0 0 0 9 0 62 176 164 173 255 255 222 100 0 0 4 2 0 1 0 0 0 0 0 0 0 0 0 0 0 0 0 22 0 0 15 0 32 162 255 241 138 16 0 0 19 0 0 0 0 0 0 0 0 0 0 0 0 0 0 7 1 0 2 3 0 8 15 178 255 144 4 0 2 0 0 0 0 0 0 0 0 0 0 0 0 0 8 0 8 1 0 11 0 0 0 34 191 255 50 14 0 1 0 0 0 0 0 0 6 0 0 2 6 0 0 3 5 0 0 0 1 1 6 0 56 255 164 1 0 2 0 0 0 0 2 5 0 6 20 0 0 1 0 2 6 0 0 0 2 1 0 15 4 243 186 0 17 0 0 0 0 0 0 6 0 0 0 15 0 11 2 0 0 0 0 0 0 0 8 0 87 250 127 0 3 6 0 0 0 0 19 1 0 0 6 224 64 0 8 0 0 3 10 2 0 8 0 35 229 224 47 10 0 3 0 0 0 0 0 0 6 6 0 255 122 0 0 5 13 1 0 0 2 0 98 223 244 106 0 9 0 3 0 0 0 0 16 6 4 0 7 192 224 140 76 7 0 11 8 0 92 226 250 241 120 13 0 0 10 3 0 0 0 0 0 0 10 0 0 52 200 254 230 255 255 203 186 222 244 231 145 55 5 3 1 4 2 0 0 0 0 0 12 0 0 3 0 0 36 113 178 222 225 181 167 171 115 30 0 12 0 0 0 0 13 0 0 0 0 0 0 0 0 0 0 0 0 0 0 0 0 0 0 0 0 0 0 0 0 0 0 0 0 0 0 0 0 0 0 0 0 0 0 0 0 0 0 0 0 0 0 0 0 0 0 0 0 0 0 0 0 0 0 0 0 0 0 0 0 0 0 0 0 0 0 0 0 0 0 0 0 0 0 0 0 0 0 0 0 0 0 0 0 0 0 0 0 0 0 0 0 0 0 0 0 0 0 0 0 0 0 0 0 0 0 0 0 0 0 0 0 0
0 0 0 0 0 0 0 0 0 0 0 0 0 0 0 0 0 10 5 0 0 0 0 0 0 0 0 0 0 0 0 0 0 0 0 0 0 0 0 0 0 0 0 0 0 0 8 5 0 20 0 11 0 0 0 0 0 0 0 0 0 0 0 0 0 0 0 0 0 0 0 0 6 11 0 8 0 0 5 0 0 0 0 0 0 0 0 0 0 0 0 0 0 0 0 0 0 0 0 0 157 255 249 231 130 43 18 2 0 0 0 0 0 0 0 0 0 0 0 0 0 0 0 0 0 0 0 0 216 251 255 241 255 230 63 12 0 0 0 0 0 0 0 0 0 0 0 0 0 0 0 0 0 0 0 0 207 255 253 251 254 141 17 0 0 0 0 0 0 0 0 0 0 0 0 0 0 0 0 0 0 0 0 0 15 112 148 255 235 4 1 1 0 0 0 0 0 0 0 0 0 0 0 0 0 0 0 0 0 0 0 0 0 0 63 245 247 0 0 0 0 0 0 0 0 7 0 13 0 1 2 0 2 2 0 10 91 152 87 0 5 12 117 242 248 5 0 9 0 0 0 0 0 6 0 1 0 7 11 18 0 0 0 4 178 251 251 233 176 231 255 255 249 0 0 2 0 0 0 0 0 0 0 6 1 1 0 0 9 1 0 15 107 247 255 247 255 251 255 248 219 0 7 7 0 0 0 0 5 0 0 0 2 9 0 14 0 3 0 1 6 182 253 255 234 255 246 195 52 8 0 0 0 0 0 0 5 0 0 0 1 0 0 0 4 0 7 0 4 6 53 140 205 236 238 26 0 0 17 0 0 0 0 0 0 0 5 5 1 0 15 0 0 2 7 0 0 16 1 0 0 131 255 183 0 2 0 12 0 0 0 0 0 5 0 0 0 32 155 160 129 41 0 10 0 1 0 10 0 71 223 244 31 11 10 0 0 0 0 0 0 5 0 0 3 65 247 255 239 241 161 0 2 7 6 0 15 0 85 255 146 10 0 9 0 0 0 0 7 0 0 14 0 156 255 250 255 255 247 224 56 0 0 5 8 0 57 255 240 7 4 0 0 0 0 0 0 7 1 2 3 118 255 234 255 243 255 241 225 51 12 0 39 112 181 255 237 5 0 0 0 0 0 0 0 11 2 0 4 62 245 255 241 255 244 247 255 230 98 206 237 255 255 235 158 0 1 16 0 0 0 0 1 2 2 0 0 3 157 244 252 255 248 255 242 241 255 254 255 240 223 255 25 9 0 0 0 0 0 0 4 0 7 8 0 0 24 101 214 231 255 227 255 254 254 251 254 255 173 0 8 0 2 0 0 0 0 0 1 0 3 2 0 10 0 1 0 68 94 191 188 202 255 250 255 221 111 0 8 0 0 14 0 0 0 0 0 1 0 0 0 21 1 0 0 14 3 0 0 16 53 143 186 253 201 21 0 1 13 0 0 0 0 0 0 6 0 1 0 0 2 0 2 0 7 5 0 6 0 0 0 3 4 0 0 0 11 0 0 0 0 0 0 0 0 0 0 0 0 0 0 0 0 0 0 0 0 0 0 0 0 0 0 0 0 0 0 0 0 0 0 0 0 0 0 0 0 0 0 0 0 0 0 0 0 0 0 0 0 0 0 0 0 0 0 0 0 0 0 0 0 0 0 0 0 0 0 0 0 0 0 0 0 0 0 0 0 0 0 0 0 0 0 0 0 0 0 0 0 0 0 0 0 0 0 0 0 0 0 0 0 0 0 0 0 0 0 0 0 0 0 0 0 0
0 0 0 0 0 0 0 0 5 0 9 3 0 0 0 0 9 0 12 0 3 0 12 0 0 0 0 0 0 0 0 0 0 0 0 0 4 0 1 0 1 10 0 0 0 0 0 1 0 0 0 10 0 0 0 0 0 0 0 0 0 0 0 0 5 0 0 0 5 2 0 9 6 1 0 1 7 16 7 0 0 0 0 0 0 0 0 0 0 0 0 0 0 2 0 0 2 0 13 101 150 153 138 199 255 72 0 13 0 0 0 0 0 0 0 0 0 0 0 0 0 1 4 0 1 0 78 240 242 255 254 255 222 46 21 0 0 0 0 0 0 0 0 0 0 0 0 0 0 2 3 0 0 2 97 255 255 252 248 242 110 0 0 0 0 0 0 0 0 0 0 0 0 0 0 0 4 1 0 0 0 0 42 146 166 254 253 109 20 8 0 15 0 0 0 0 0 0 0 0 0 0 0 0 0 0 0 0 11 0 0 10 0 52 255 134 0 0 11 0 0 0 0 0 0 0 0 0 0 0 0 0 0 0 0 0 6 0 10 5 0 69 252 135 5 10 0 0 0 0 0 0 0 0 0 0 0 0 0 0 0 17 159 220 214 71 6 34 129 229 249 118 1 0 0 6 0 0 0 0 0 0 0 0 0 0 0 0 12 65 253 244 255 255 247 250 244 252 255 106 0 14 9 0 0 0 0 0 0 0 0 0 0 0 0 0 0 30 238 255 242 254 255 252 255 252 136 14 1 0 0 0 0 0 0 0 0 0 0 0 0 0 0 0 16 0 81 194 247 255 239 255 246 103 14 0 5 0 2 0 0 0 0 0 0 0 0 0 0 0 0 0 0 2 0 2 36 55 99 239 255 0 0 23 0 2 14 0 0 0 0 0 0 0 0 0 0 0 0 0 4 7 0 4 23 0 0 102 247 158 0 2 5 0 0 3 0 0 0 0 0 0 0 0 0 0 0 0 6 0 15 0 0 1 2 8 173 215 39 0 0 27 0 5 0 0 0 0 6 0 10 0 6 0 22 221 178 141 84 33 5 0 2 4 35 252 129 0 2 7 0 0 0 0 0 0 5 0 0 5 0 0 90 228 250 255 255 241 187 125 87 78 22 243 191 16 2 0 0 15 0 0 0 0 0 0 0 6 1 10 121 255 255 251 254 255 255 251 243 247 245 239 255 119 0 0 19 0 0 0 0 0 3 7 12 0 0 0 23 227 250 245 246 252 255 254 255 255 251 255 239 77 0 7 2 0 0 0 0 0 0 0 6 0 24 10 21 172 252 255 255 247 240 248 252 247 250 235 108 0 0 6 0 16 0 0 0 0 6 10 0 0 0 0 5 8 146 212 255 255 250 252 255 255 247 97 0 18 0 0 3 0 0 0 0 0 0 5 0 7 0 0 21 0 3 33 89 170 249 255 205 124 18 0 0 3 0 4 7 0 0 0 0 0 0 0 9 0 5 4 0 9 0 5 5 0 0 2 5 4 8 0 14 0 7 0 0 5 0 0 0 0 0 0 0 0 0 0 0 0 0 0 0 0 0 0 0 0 0 0 0 0 0 0 0 0 0 0 0 0 0 0 0 0 0 0 0 0 0 0 0 0 0 0 0 0 0 0 0 0 0 0 0 0 0 0 0 0 0 0 0 0 0 0 0 0 0 0 0 0 0 0 0 0 0 0 0 0 0 0 0 0 0 0 0 0 0 0 0 0 0 0 0 0 0 0 0 0 0 0 0 0 0 0 0 0 0 0 0 0 0 0 0 0
0 0 0 0 0 0 0 0 0 0 0 9 2 0 4 4 0 8 2 0 1 0 0 2 0 0 0 0 0 0 0 0 0 0 0 0 2 7 6 1 0 1 4 0 15 3 0 2 1 0 11 0 0 0 0 0 0 0 0 0 0 0 0 0 9 0 0 0 0 0 1 6 0 0 0 4 0 0 13 9 0 0 0 0 0 0 0 0 0 0 0 0 0 2 11 0 0 2 0 0 4 11 0 0 8 6 0 0 0 0 0 0 0 0 0 0 0 0 0 0 13 133 213 170 137 135 81 34 0 0 15 12 0 0 12 82 0 0 0 0 0 0 0 0 0 0 0 0 0 136 255 248 240 255 250 255 178 17 0 8 0 5 1 4 0 0 0 0 0 0 0 0 0 0 0 0 0 11 53 43 51 74 99 186 250 133 35 3 0 0 3 0 0 0 0 0 0 0 0 0 0 0 0 0 8 0 1 0 9 8 0 26 251 255 95 0 5 0 4 0 0 0 0 0 0 0 0 0 0 0 0 0 11 0 13 0 0 0 26 187 255 239 60 16 0 0 0 5 0 0 0 0 0 0 0 0 0 0 0 0 0 7 0 0 7 0 120 255 255 151 1 14 3 0 23 0 0 0 0 0 0 0 0 0 0 0 0 0 19 0 0 0 24 81 227 251 229 31 3 0 0 10 0 9 0 0 0 0 0 0 0 0 0 0 0 0 0 9 16 93 225 252 255 235 52 4 8 3 0 0 0 11 0 0 0 0 0 0 0 0 0 0 0 0 30 186 200 255 255 243 255 162 0 0 5 9 0 5 5 0 0 0 0 0 0 0 0 0 0 0 0 0 54 252 252 239 241 255 255 255 174 40 0 0 0 17 0 0 0 0 0 0 0 0 0 0 0 0 0 0 1 60 146 123 22 0 0 98 212 150 44 8 10 0 12 1 0 0 0 0 0 0 0 0 0 0 0 0 0 4 8 0 0 8 4 1 7 180 227 26 2 9 0 5 0 0 0 0 0 0 0 0 0 0 0 0 0 0 9 0 5 8 0 8 2 62 231 160 20 0 5 0 0 0 0 0 0 0 0 0 0 0 0 0 4 0 11 1 0 12 11 0 5 0 164 247 24 18 0 7 0 0 0 0 0 0 0 0 0 0 0 0 7 0 5 10 0 0 0 12 0 0 107 252 85 0 0 5 0 0 0 0 0 0 0 0 0 0 0 0 3 11 0 0 11 10 5 63 0 0 190 255 80 8 18 0 0 0 0 0 0 0 0 0 0 0 0 0 0 14 0 53 122 186 215 255 19 181 239 255 80 2 0 0 0 0 0 0 0 0 0 0 0 0 0 0 0 0 85 246 255 255 252 248 231 255 255 195 5 11 0 4 0 0 0 0 0 0 0 0 0 0 0 0 19 2 77 247 248 251 255 255 255 228 118 50 5 0 0 5 0 0 0 0 0 0 0 0 0 0 0 0 0 0 12 129 190 255 251 198 120 34 0 0 0 14 0 0 0 0 0 0 0 0 0 0 0 0 0 0 0 0 0 0 0 0 0 0 0 0 0 0 0 0 0 0 0 0 0 0 0 0 0 0 0 0 0 0 0 0 0 0 0 0 0 0 0 0 0 0 0 0 0 0 0 0 0 0 0 0 0 0 0 0 0 0 0 0 0 0 0 0 0 0 0 0 0 0 0 0 0 0 0 0 0 0 0 0 0 0 0 0 0 0 0 0 0 0 0 0 0 0 0 0 0 0 0 0 0 0 0 0 0 0
0 1 0 0 7 4 0 0 0 0 0 9 0 7 6 5 4 3 0 14 0 0 0 1 0 0 0 0 4 15 9 0 0 0 0 11 0 12 14 0 11 0 0 0 0 11 0 0 0 12 8 0 0 0 0 0 0 0 0 0 13 11 0 0 4 0 6 9 0 0 18 2 13 2 0 11 0 0 0 16 0 0 0 0 13 7 0 1 4 0 0 8 4 16 0 0 0 7 0 5 0 0 4 0 0 5 0 0 0 0 0 0 0 0 0 0 0 17 121 240 255 245 255 231 144 150 99 19 13 0 0 0 2 15 0 0 0 0 0 0 2 7 10 4 0 14 132 255 255 234 255 242 255 251 243 251 167 86 40 0 0 1 0 5 0 0 0 0 0 0 0 0 0 0 36 98 206 146 228 255 255 244 255 255 255 232 175 21 0 9 10 0 0 0 0 0 5 5 0 0 6 0 0 4 4 0 38 59 59 151 193 232 250 255 250 91 5 0 0 0 0 0 0 0 3 0 0 0 8 0 0 0 5 1 0 5 1 0 4 45 242 236 251 223 0 2 0 0 0 0 0 0 0 5 3 0 1 2 1 8 1 0 0 0 5 1 10 36 231 255 251 185 18 0 21 0 0 0 0 0 0 7 5 0 0 6 3 1 0 8 10 0 1 51 150 243 254 255 251 161 0 0 0 0 0 0 0 0 0 3 0 0 5 6 0 0 6 2 2 44 133 211 248 255 248 251 230 20 13 24 0 1 0 0 0 0 5 0 0 0 5 0 1 21 80 152 220 248 254 250 251 255 255 173 54 10 0 0 0 0 0 0 0 0 1 0 0 3 0 0 14 60 247 255 255 250 255 255 249 238 251 251 153 1 13 2 17 0 0 0 0 0 0 2 2 1 0 0 10 45 208 246 253 213 172 172 221 255 245 255 240 163 22 6 0 0 0 0 0 0 0 2 0 0 3 0 0 0 18 40 40 17 0 4 36 75 198 255 245 255 117 0 0 0 0 0 0 0 8 0 0 2 1 1 0 4 0 8 0 0 3 0 0 2 9 183 255 239 244 98 4 0 0 0 0 0 1 0 4 3 2 3 0 0 0 1 0 0 0 5 3 2 15 18 219 255 255 168 2 0 0 0 0 0 0 1 1 0 2 5 6 0 16 0 0 6 0 0 0 0 0 29 255 242 253 163 1 14 0 0 0 0 1 0 0 0 2 0 3 0 0 0 0 0 0 15 18 0 21 152 241 253 250 159 0 0 0 0 0 0 0 0 3 3 4 0 46 87 189 62 0 3 8 21 99 187 227 241 255 255 244 52 12 0 0 0 0 0 0 0 4 0 6 9 153 255 245 232 215 201 210 241 255 244 239 255 246 236 109 17 0 0 0 0 0 0 0 2 0 0 8 18 176 255 255 255 248 236 242 251 254 255 255 252 182 45 4 0 7 6 0 0 0 0 0 4 2 0 10 0 91 128 232 244 254 255 247 182 134 138 25 22 3 1 2 3 0 7 0 0 0 0 0 0 0 0 0 0 0 0 0 0 0 0 0 0 0 0 0 0 0 0 0 0 0 0 0 0 0 0 0 0 0 0 0 0 0 0 0 0 0 0 0 0 0 0 0 0 0 0 0 0 0 0 0 0 0 0 0 0 0 0 0 0 0 0 0 0 0 0 0 0 0 0 0 0 0 0 0 0 0 0 0 0 0 0 0 0 0 0 0 0 0 0 0 0 0 0 0 0 0 0 0 0 0 0 0 0 0 0 0 0 0 0
0 10 5 0 0 4 1 6 0 4 5 0 0 0 3 5 0 0 2 0 0 4 2 1 0 0 0 0 2 0 0 10 4 1 0 0 2 0 0 0 3 4 0 0 14 0 0 10 11 1 0 0 0 0 0 0 8 0 0 7 0 0 18 4 0 1 8 7 0 0 1 9 0 0 5 0 0 0 6 3 0 0 0 0 4 0 0 0 0 0 2 0 14 5 0 0 0 0 0 1 0 4 2 2 0 1 7 0 0 0 0 0 0 7 0 0 11 0 0 37 32 80 161 234 255 255 252 253 142 73 0 0 11 0 1 3 0 0 0 0 0 8 0 0 7 0 72 229 255 251 247 253 250 240 245 255 255 201 53 0 0 0 3 10 0 0 0 0 0 3 0 0 0 0 95 248 185 113 51 47 69 73 58 48 248 255 129 16 9 4 0 0 0 0 0 0 6 0 0 4 7 0 6 30 19 0 0 6 7 0 0 6 242 255 111 0 2 0 1 7 0 0 0 0 0 0 0 0 0 0 0 0 0 5 0 0 9 0 14 179 249 211 29 0 0 0 10 0 0 0 0 0 0 0 0 0 0 0 0 0 18 9 4 0 0 76 178 255 255 68 0 13 7 0 0 7 0 0 0 0 0 0 0 0 0 0 0 0 0 0 4 44 142 231 255 210 37 0 16 8 0 0 3 3 0 0 0 0 0 0 0 0 0 0 0 0 0 17 34 231 255 229 86 21 8 8 0 0 1 0 10 0 0 0 0 0 0 0 0 0 0 0 0 0 6 0 94 240 235 48 2 5 3 0 7 19 16 0 12 0 0 0 0 0 0 0 0 0 0 0 0 0 5 0 28 138 255 192 91 15 0 0 7 0 0 1 0 9 0 0 0 0 0 0 0 0 0 0 0 0 0 6 18 0 168 226 249 237 205 110 1 0 17 7 0 9 0 0 0 0 0 0 0 0 0 0 0 0 9 0 0 5 2 97 173 255 247 241 213 238 100 0 15 0 0 0 0 0 0 0 6 0 0 12 0 0 3 0 3 9 1 0 0 7 113 203 232 237 255 153 0 11 0 0 0 0 5 0 6 0 0 0 0 17 0 0 0 0 10 13 2 0 0 0 36 87 225 252 151 0 0 0 0 0 0 0 8 3 4 11 0 2 1 11 10 0 0 0 0 8 7 8 0 2 166 239 170 0 0 0 0 0 12 0 0 0 0 0 1 0 0 0 0 4 8 5 0 0 0 3 33 169 255 240 120 0 0 0 0 0 1 0 0 16 6 0 2 4 15 1 0 3 1 0 1 20 48 213 253 254 229 87 0 9 0 0 0 0 0 5 1 0 3 37 58 19 1 0 1 24 41 70 137 206 244 255 230 98 34 0 24 0 0 0 0 0 0 6 0 0 18 129 242 248 204 192 200 232 254 252 247 249 171 90 37 0 18 0 0 0 0 0 0 0 2 0 5 13 0 13 154 243 249 253 255 243 198 129 63 23 1 0 6 0 0 8 0 5 0 0 0 0 0 0 0 0 0 0 0 0 0 0 0 0 0 0 0 0 0 0 0 0 0 0 0 0 0 0 0 0 0 0 0 0 0 0 0 0 0 0 0 0 0 0 0 0 0 0 0 0 0 0 0 0 0 0 0 0 0 0 0 0 0 0 0 0 0 0 0 0 0 0 0 0 0 0 0 0 0 0 0 0 0 0 0 0 0 0 0 0 0 0 0 0 0 0 0 0 0 0 0 0 0 0 0 0 0 0 0 0 0 0 0 0
0 0 0 0 0 0 0 0 4 0 0 10 4 0 0 0 0 12 0 0 0 13 1 0 0 0 0 0 0 0 0 0 0 0 0 0 1 9 0 0 0 6 16 0 3 1 0 0 4 0 0 7 0 0 0 0 0 0 0 0 0 0 0 0 0 1 0 0 0 0 2 2 9 8 0 0 6 0 0 1 0 0 0 0 0 0 0 0 0 0 0 0 0 8 1 6 10 5 7 0 0 0 9 10 0 7 8 0 0 0 0 0 0 0 0 0 0 0 0 0 183 246 251 238 254 255 217 141 38 0 0 22 0 3 7 2 0 0 0 0 0 0 0 0 0 0 0 0 170 231 232 215 231 253 255 243 225 91 0 2 0 4 0 2 0 0 0 0 0 0 0 0 0 0 0 0 15 32 5 0 18 46 119 192 255 213 95 0 4 3 0 0 0 0 0 0 0 0 0 0 0 0 0 0 0 11 0 0 12 0 0 3 124 255 231 2 0 0 7 0 0 0 0 0 0 0 0 0 0 0 0 0 12 0 0 0 0 0 1 0 8 233 234 0 0 0 0 0 0 0 0 0 0 0 0 0 0 0 0 0 0 0 1 14 15 0 0 6 12 237 226 26 0 7 3 0 0 0 0 0 0 0 0 0 0 0 0 0 14 0 84 161 128 94 77 29 164 255 187 0 3 0 16 1 0 0 0 0 0 0 0 0 0 0 0 0 0 1 144 255 255 246 255 248 252 251 69 0 0 16 0 3 0 0 0 0 0 0 0 0 0 0 0 0 6 0 19 107 202 225 224 249 252 255 98 7 0 12 0 3 0 0 0 0 0 0 0 0 0 0 0 0 0 7 0 0 13 2 16 72 164 244 243 60 8 0 13 2 0 0 0 0 0 0 0 0 0 0 0 0 2 0 7 9 0 0 0 0 6 141 255 196 1 7 0 0 0 0 0 0 0 0 0 0 0 0 0 0 0 9 0 0 8 10 0 5 0 57 224 253 15 6 0 2 0 0 0 0 0 5 5 0 0 4 0 2 0 0 0 0 11 0 0 12 2 0 119 255 96 1 15 0 0 0 0 0 0 0 5 3 3 10 0 9 1 7 6 9 0 3 0 0 9 0 119 252 100 0 0 0 0 0 0 0 9 0 4 0 0 0 14 0 0 0 0 0 1 14 14 0 5 0 212 241 28 1 0 12 0 0 0 0 0 8 3 0 11 18 139 0 0 1 10 0 20 0 0 9 6 145 252 181 17 0 0 0 0 0 0 0 0 12 0 0 8 116 230 11 5 0 3 0 0 0 65 116 236 244 246 92 0 18 3 0 0 0 0 0 6 5 0 0 0 210 255 125 2 0 16 81 63 176 245 250 253 236 78 0 6 0 0 11 0 0 0 0 7 0 0 5 4 171 224 250 218 216 222 252 230 239 190 133 61 7 0 0 5 7 0 1 0 0 0 0 0 0 4 2 0 0 81 209 250 255 224 158 179 70 0 0 8 0 4 0 0 0 2 2 0 0 0 0 0 0 0 0 0 0 0 0 0 0 0 0 0 0 0 0 0 0 0 0 0 0 0 0 0 0 0 0 0 0 0 0 0 0 0 0 0 0 0 0 0 0 0 0 0 0 0 0 0 0 0 0 0 0 0 0 0 0 0 0 0 0 0 0 0 0 0 0 0 0 0 0 0 0 0 0 0 0 0 0 0 0 0 0 0 0 0 0 0 0 0 0 0 0 0 0 0 0 0 0 0 0 0 0 0 0 0 0 0 0 0 0
0 4 6 1 3 2 0 0 2 0 4 9 0 0 3 5 7 0 0 4 0 3 9 0 0 0 0 0 10 2 0 0 0 1 3 6 2 14 0 0 7 14 0 0 0 9 2 0 1 1 0 1 0 0 0 0 9 0 0 8 2 0 0 0 1 0 0 9 0 0 0 4 0 6 4 0 6 0 0 5 0 0 0 0 0 0 6 11 0 0 1 0 0 15 2 0 5 2 3 0 27 0 0 0 9 0 0 1 0 0 0 0 1 1 0 0 0 2 8 4 1 0 55 158 215 247 255 248 129 3 0 6 4 0 5 0 0 0 0 0 3 6 0 0 5 2 0 0 10 115 245 255 190 107 117 216 233 33 0 6 0 0 11 0 0 0 0 0 0 8 0 0 12 0 0 47 163 242 165 15 22 0 0 187 255 52 4 0 4 0 7 0 0 0 0 0 0 10 0 0 4 0 40 161 227 64 6 0 0 0 19 186 245 51 1 0 12 0 0 0 0 0 0 0 1 0 18 0 7 1 4 221 66 23 0 0 4 5 23 217 200 11 5 0 3 3 0 2 0 0 0 0 0 0 11 0 0 0 0 58 22 0 4 0 0 26 218 238 121 0 1 20 0 0 7 0 0 0 0 0 0 3 0 1 4 9 17 0 0 14 0 13 80 202 255 112 0 17 0 0 8 9 0 7 0 0 0 0 6 4 0 3 0 0 10 0 0 0 11 187 255 255 65 0 0 1 13 1 0 2 10 0 0 0 0 0 0 2 3 4 5 0 0 10 99 148 233 248 252 255 192 169 129 7 3 4 16 0 0 0 0 0 0 0 0 4 7 0 9 19 1 30 239 236 226 150 110 118 179 200 227 244 211 30 0 5 13 2 0 0 0 0 4 7 1 0 0 0 0 5 35 27 0 4 5 0 0 0 28 101 225 233 136 10 0 0 0 0 0 0 1 0 0 14 6 0 0 2 11 0 7 2 0 0 14 0 0 13 29 169 252 123 5 0 0 0 0 0 0 0 0 0 0 0 0 0 0 0 9 2 0 0 16 0 0 14 0 16 206 247 72 0 0 0 0 0 0 0 0 0 0 0 0 0 7 10 0 0 27 0 0 4 0 0 5 8 43 229 200 0 0 0 0 0 0 0 0 0 0 0 0 0 0 0 1 0 0 0 6 0 8 8 0 0 0 227 235 0 0 0 0 0 0 0 0 0 0 0 0 0 0 121 66 9 2 1 0 5 0 0 1 22 24 239 221 0 0 0 0 0 0 0 0 0 0 0 0 0 138 204 27 0 0 15 0 0 7 7 0 61 195 233 74 0 0 0 0 0 0 0 0 0 0 0 0 0 209 183 22 16 0 18 0 1 12 60 204 255 230 113 2 14 0 0 0 0 0 0 0 0 0 0 0 0 172 255 236 191 189 160 76 174 213 255 255 140 59 7 0 0 0 0 0 0 0 0 0 0 0 0 0 0 0 64 146 71 104 177 116 165 162 84 17 4 2 0 13 0 0 0 0 0 0 0 0 0 0 0 0 0 0 0 0 0 0 0 0 0 0 0 0 0 0 0 0 0 0 0 0 0 0 0 0 0 0 0 0 0 0 0 0 0 0 0 0 0 0 0 0 0 0 0 0 0 0 0 0 0 0 0 0 0 0 0 0 0 0 0 0 0 0 0 0 0 0 0 0 0 0 0 0 0 0 0 0 0 0 0 0 0 0 0 0 0 0 0 0 0 0 0 0 0 0 0 0 0 0 0 0 0 0 0 0 0
0 19 5 0 0 0 0 0 0 0 0 19 0 2 4 2 0 6 0 7 4 0 11 0 0 0 0 0 0 0 0 0 11 1 0 0 6 0 0 0 0 0 4 0 0 9 0 0 7 0 0 9 0 0 0 0 6 5 8 6 0 0 0 6 0 0 8 0 10 0 2 18 2 2 11 18 0 0 12 0 0 0 0 0 0 0 9 0 0 8 6 2 2 17 2 0 0 12 0 0 2 1 0 0 1 0 0 13 0 0 0 0 0 0 0 0 3 13 0 0 34 130 221 177 205 199 165 111 8 3 15 11 0 0 0 0 0 0 0 0 11 0 7 4 4 0 0 71 220 235 173 151 62 150 144 221 253 113 10 0 6 1 0 11 0 0 0 0 0 0 6 0 3 0 18 152 124 15 6 0 10 0 2 26 143 246 202 37 0 6 0 18 0 0 0 0 4 3 1 0 10 1 0 100 37 0 7 6 0 8 0 0 14 58 225 203 8 0 29 0 0 0 0 0 0 0 0 0 0 0 0 0 0 0 0 2 14 0 4 0 0 10 59 242 53 0 0 12 0 0 0 0 0 0 0 0 0 0 0 0 19 1 10 0 0 0 2 0 7 2 46 255 111 0 1 0 0 0 0 0 0 0 0 0 0 0 0 0 0 0 0 5 4 0 18 0 0 0 15 251 123 3 3 0 0 0 0 0 0 0 0 0 0 0 0 0 4 3 0 6 2 0 6 0 5 10 67 252 78 5 0 3 0 0 0 0 0 0 0 0 0 0 0 0 0 0 8 0 0 18 0 0 0 18 182 226 20 0 0 1 0 0 0 0 0 0 0 0 0 0 0 0 81 158 99 46 1 0 4 9 4 134 255 92 0 6 0 2 0 0 0 0 0 0 0 0 0 0 0 0 94 248 255 240 162 47 0 0 141 248 189 0 1 11 0 0 0 0 0 0 0 0 0 0 0 0 0 0 0 85 243 252 252 221 64 170 251 181 8 2 2 0 5 0 0 0 0 0 0 13 0 0 15 0 0 1 0 0 25 144 192 255 250 252 114 14 0 4 0 0 0 4 0 0 0 0 5 0 6 3 0 3 11 0 0 0 4 0 11 27 149 255 123 0 8 7 4 3 5 0 0 0 0 0 0 0 2 0 2 0 0 3 9 8 0 0 1 0 12 73 250 179 2 0 0 9 9 0 0 0 0 0 0 11 0 0 0 18 29 0 0 0 0 12 0 5 9 9 94 245 92 10 0 0 0 12 0 0 0 0 7 2 0 7 0 105 224 103 16 0 9 0 20 0 3 0 11 210 231 10 3 15 0 0 0 0 0 0 0 0 0 17 0 92 255 245 154 41 0 0 0 0 18 0 13 229 250 30 2 9 0 10 0 0 0 0 0 2 0 0 0 0 75 160 239 254 91 7 10 24 15 149 213 255 116 5 0 13 0 5 0 0 0 0 5 0 10 0 1 14 0 3 63 138 254 255 172 195 255 251 167 56 19 6 0 2 1 0 0 0 0 0 0 0 0 0 0 0 0 0 0 0 0 0 0 0 0 0 0 0 0 0 0 0 0 0 0 0 0 0 0 0 0 0 0 0 0 0 0 0 0 0 0 0 0 0 0 0 0 0 0 0 0 0 0 0 0 0 0 0 0 0 0 0 0 0 0 0 0 0 0 0 0 0 0 0 0 0 0 0 0 0 0 0 0 0 0 0 0 0 0 0 0 0 0 0 0 0 0 0 0 0 0 0 0 0 0 0 0 0 0 0 0 0
0 0 0 0 0 0 0 0 0 4 0 9 0 12 0 6 0 4 0 0 0 4 4 0 0 0 0 0 0 0 0 0 0 0 0 0 0 0 1 10 3 0 0 0 0 0 0 7 6 0 0 7 0 0 0 0 0 0 0 0 0 0 0 0 19 13 0 0 0 13 8 2 7 3 0 0 5 0 0 5 0 0 0 0 0 0 0 0 0 0 0 0 0 0 0 23 7 0 0 2 0 0 10 0 2 8 4 0 0 0 0 0 0 0 0 0 0 0 0 0 0 0 21 45 216 255 255 102 6 0 18 0 4 2 3 0 0 0 0 0 0 0 0 0 0 0 0 0 0 35 119 255 254 250 255 239 126 8 0 0 8 0 1 1 0 0 0 0 0 0 0 0 0 0 0 0 0 60 253 248 206 96 255 255 202 15 0 0 7 0 6 0 0 0 0 0 0 0 0 0 0 0 0 0 0 0 46 37 3 55 242 252 155 0 7 10 4 0 9 0 0 0 0 0 0 0 0 0 0 0 0 0 1 0 14 0 0 167 250 253 14 9 0 0 19 0 0 2 0 0 0 0 0 0 0 0 0 0 0 0 0 9 0 10 67 255 242 219 17 0 0 0 0 6 0 2 0 0 0 0 0 0 0 0 0 0 0 0 7 11 0 0 214 232 232 0 0 0 10 0 0 7 0 0 0 0 0 0 0 0 0 0 0 0 0 0 8 0 0 14 182 255 237 0 0 17 8 0 8 0 2 0 0 0 0 0 0 0 0 0 0 0 0 0 0 11 0 12 37 216 247 200 43 0 0 0 10 0 5 3 0 0 0 0 0 0 0 0 0 0 0 0 0 16 0 0 0 23 125 237 184 8 1 0 0 5 0 1 0 0 0 0 0 0 0 0 0 0 0 0 11 0 0 8 0 0 0 128 255 128 15 7 0 6 0 0 0 0 0 0 0 0 0 0 0 0 0 0 0 3 8 0 0 0 24 0 251 255 15 1 0 0 3 0 0 0 0 0 0 5 0 6 2 2 0 0 0 8 0 0 0 13 0 4 250 255 46 4 0 2 1 9 0 0 0 0 0 6 0 10 0 3 18 8 5 0 0 10 4 9 0 11 255 236 126 4 0 0 1 0 0 0 0 0 0 4 0 10 0 3 6 0 5 0 15 6 0 7 7 22 255 247 158 12 1 5 8 0 0 0 0 0 4 0 0 3 0 0 0 46 84 13 0 0 15 0 8 156 243 255 69 0 5 0 0 1 0 0 0 0 0 0 12 0 0 0 12 192 146 12 0 0 0 18 127 255 255 229 0 0 6 0 0 3 0 0 0 0 2 0 9 0 2 4 7 196 234 84 15 3 51 166 252 232 252 132 0 5 4 2 7 0 0 0 0 0 5 0 0 2 7 6 0 71 222 248 218 199 255 252 255 255 135 28 0 0 0 1 0 0 0 0 0 0 0 4 0 7 0 0 3 1 25 109 217 255 249 252 248 96 10 0 0 5 0 10 0 9 0 0 0 0 0 0 0 0 0 0 0 0 0 0 0 0 0 0 0 0 0 0 0 0 0 0 0 0 0 0 0 0 0 0 0 0 0 0 0 0 0 0 0 0 0 0 0 0 0 0 0 0 0 0 0 0 0 0 0 0 0 0 0 0 0 0 0 0 0 0 0 0 0 0 0 0 0 0 0 0 0 0 0 0 0 0 0 0 0 0 0 0 0 0 0 0 0 0 0 0 0 0 0 0 0 0 0 0 0 0 0 0 0 0 0 0
0 0 0 0 0 0 0 0 0 4 0 9 11 0 0 6 3 0 0 0 0 1 3 4 0 0 0 0 0 0 0 0 0 0 0 0 0 5 5 0 0 11 8 0 0 6 17 8 0 1 2 0 0 0 0 0 0 0 0 0 0 0 0 0 16 0 4 6 5 1 0 15 15 0 0 0 9 2 0 1 0 0 0 0 0 0 0 0 0 0 0 0 0 0 7 0 0 0 0 0 0 8 12 2 0 0 2 0 0 0 0 0 0 0 0 0 0 0 0 0 3 0 0 7 6 2 7 0 3 0 0 4 5 0 0 2 0 0 0 0 0 0 0 0 0 0 0 0 0 16 130 240 254 206 153 139 143 98 38 0 0 3 5 0 0 0 0 0 0 0 0 0 0 0 0 0 0 63 238 255 245 255 242 255 240 255 227 92 1 4 13 0 0 0 0 0 0 0 0 0 0 0 0 0 2 55 255 208 103 102 61 146 225 245 255 236 127 12 0 12 0 0 0 0 0 0 0 0 0 0 0 0 1 28 197 136 0 0 20 0 12 44 236 247 255 79 8 1 0 0 0 0 0 0 0 0 0 0 0 0 4 0 16 0 0 5 0 0 5 4 51 252 255 118 0 0 0 0 0 0 0 0 0 0 0 0 0 0 0 0 7 1 9 0 0 5 0 0 167 235 235 84 23 11 0 0 0 0 0 0 0 0 0 0 0 0 6 0 0 0 4 5 3 0 16 145 240 255 200 21 0 0 0 0 0 0 0 0 0 0 0 0 0 0 0 7 11 0 0 1 11 96 210 255 243 206 25 0 15 0 0 0 0 0 0 0 0 0 0 0 0 0 7 0 0 0 3 69 149 255 255 249 209 54 1 3 1 0 0 0 0 0 0 0 0 0 0 0 0 0 1 6 37 117 177 248 254 235 216 101 12 11 0 0 16 0 0 0 0 0 0 0 0 0 0 0 0 0 86 249 255 248 249 253 252 255 78 0 2 0 3 13 0 6 0 0 0 0 0 0 0 0 0 0 0 0 106 241 246 185 193 255 250 255 164 0 5 0 2 0 3 0 0 0 0 0 0 0 0 0 0 0 0 0 3 53 10 12 16 64 195 251 224 24 2 0 5 0 1 0 0 0 0 0 0 0 0 0 0 0 0 0 2 7 4 0 11 0 46 236 255 46 0 0 6 0 0 1 0 0 0 0 0 0 0 0 0 0 0 0 0 0 1 6 0 5 172 255 244 43 0 2 3 0 1 0 0 0 0 0 0 0 0 0 0 0 0 0 0 1 9 0 2 102 251 228 150 19 0 2 0 0 3 0 0 0 0 0 0 0 0 0 0 0 0 0 6 0 2 25 130 246 255 246 52 0 0 0 0 2 2 0 0 0 0 0 0 0 0 0 0 0 0 0 0 34 76 206 255 255 225 97 2 0 0 0 0 4 0 1 0 0 0 0 0 0 0 0 0 0 0 0 100 234 255 241 255 232 85 0 0 5 0 0 3 5 0 4 0 0 0 0 0 0 0 0 0 0 0 0 143 241 255 195 122 36 0 6 0 0 0 0 0 0 0 0 0 0 0 0 0 0 0 0 0 0 0 0 0 13 7 0 2 0 0 4 0 0 0 0 0 0 0 0 0 0 0 0 0 0 0 0 0 0 0 0 9 10 0 0 0 4 0 3 0 0 0 0 0 0 0 0 0 0 0 0 0 0 0 0 0 0 0 0 0 0 2 8 2 0 0 0 0 0 0 0 0 0 0 0 0 0 0 0
0 0 0 0 0 0 0 0 10 0 0 10 6 0 0 0 0 14 0 16 0 4 0 0 0 0 0 0 0 0 0 0 0 0 0 0 0 0 1 0 0 5 4 14 0 0 0 0 0 9 1 0 0 0 0 0 0 0 0 0 0 0 0 0 9 2 5 0 1 11 0 0 7 0 16 0 0 10 0 0 0 0 0 0 0 0 0 0 0 0 0 0 0 15 2 1 0 0 0 17 10 0 0 0 0 2 0 2 0 0 0 0 0 0 0 0 0 0 0 0 0 100 107 161 210 241 248 232 127 95 0 9 0 0 0 0 0 0 0 0 0 0 0 0 0 0 0 0 72 233 252 255 255 255 254 255 255 217 31 7 0 1 0 0 0 0 0 0 0 0 0 0 0 0 0 0 36 165 183 137 58 44 77 210 255 243 66 0 0 5 2 6 0 0 0 0 0 0 0 0 0 0 0 0 0 3 0 6 5 9 0 146 240 255 136 3 3 3 0 1 0 0 0 0 0 0 0 0 0 0 0 0 5 0 0 13 0 5 0 253 255 244 85 0 8 0 0 13 0 0 0 0 0 0 0 0 0 0 0 0 5 2 4 0 0 4 83 255 255 231 37 0 0 11 2 0 0 0 0 0 0 0 0 0 0 0 0 0 8 0 2 8 0 37 198 249 248 174 0 0 0 0 4 7 0 0 0 0 0 0 0 0 0 0 0 0 0 5 0 11 16 130 255 253 255 151 20 1 10 0 9 0 0 0 0 0 0 0 0 0 0 0 0 0 13 2 10 141 243 255 243 255 255 255 231 137 38 0 3 0 0 0 0 0 0 0 0 0 0 0 0 0 0 0 128 253 255 242 239 227 140 214 255 255 94 7 0 15 0 0 0 0 0 0 0 0 0 0 0 0 0 12 157 255 229 250 199 15 0 13 69 237 178 38 0 0 0 0 0 0 0 0 0 0 0 0 0 0 5 0 15 138 73 33 0 2 3 3 49 255 254 48 13 0 0 0 0 0 0 5 8 0 0 0 0 4 5 0 0 6 0 0 3 2 0 11 15 234 255 154 8 0 0 0 0 0 7 0 0 3 12 5 0 0 2 0 0 10 2 12 3 0 8 0 136 255 233 150 3 4 0 0 0 0 2 6 5 0 0 0 3 8 0 9 0 0 0 0 0 10 8 97 245 251 235 41 0 0 0 0 0 0 4 0 0 0 4 8 0 0 0 2 0 0 20 8 0 0 85 255 253 236 139 0 6 8 0 0 0 0 2 1 6 10 1 0 0 10 0 4 15 0 13 33 144 244 249 245 243 228 59 0 7 0 0 0 0 0 0 0 0 22 107 168 129 48 105 109 150 175 233 228 251 255 213 228 148 0 3 0 3 4 0 0 0 0 6 14 0 0 66 195 255 252 249 251 254 255 251 255 255 248 65 20 0 20 11 0 0 0 0 0 0 0 0 1 9 3 0 42 145 240 217 251 253 249 167 149 79 24 0 1 7 0 5 0 0 1 0 0 0 0 0 0 0 0 0 0 0 0 0 0 0 0 0 0 0 0 0 0 0 0 0 0 0 0 0 0 0 0 0 0 0 0 0 0 0 0 0 0 0 0 0 0 0 0 0 0 0 0 0 0 0 0 0 0 0 0 0 0 0 0 0 0 0 0 0 0 0 0 0 0 0 0 0 0 0 0 0 0 0 0 0 0 0 0 0 0 0 0 0 0 0 0 0 0 0 0 0 0 0 0 0 0 0 0 0 0 0 0 0 0 0 0
0 1 1 0 0 2 6 4 3 0 0 3 3 0 0 3 0 0 6 4 2 4 0 2 0 0 0 0 0 4 5 2 0 0 0 0 0 1 0 0 0 0 1 0 18 9 0 0 0 0 0 0 0 0 0 0 0 0 0 6 8 6 6 7 0 4 7 3 3 7 4 0 0 0 0 11 7 0 11 7 0 0 0 0 6 0 0 0 0 0 0 1 0 0 0 0 0 0 0 0 13 9 1 0 0 0 0 0 0 0 0 0 6 0 0 0 2 2 2 3 12 1 0 1 1 0 1 12 0 0 8 0 0 6 0 6 0 0 0 0 0 0 0 0 4 8 5 0 0 0 0 6 6 0 0 0 4 0 8 3 2 6 0 0 0 0 0 0 1 5 0 0 0 7 8 0 2 8 6 0 0 6 8 2 0 10 0 2 4 0 11 0 0 0 0 0 0 4 0 0 18 60 83 81 80 79 47 2 2 47 79 80 123 246 255 252 126 0 14 0 0 0 0 0 3 0 1 1 80 248 255 245 251 254 218 162 154 216 255 244 255 255 254 246 236 0 0 2 0 0 0 0 0 0 4 0 41 184 240 255 255 255 247 254 253 255 250 255 246 254 246 238 57 12 0 10 0 0 0 0 0 8 5 0 0 48 96 117 181 248 255 253 245 255 201 202 255 241 245 55 0 12 5 0 0 0 0 0 0 4 0 5 0 0 10 0 9 32 32 37 30 41 20 143 246 253 230 28 6 0 0 9 0 0 0 0 7 3 0 6 9 0 13 0 17 0 0 10 4 0 0 162 255 255 236 192 121 5 0 1 0 0 0 0 10 2 0 0 2 0 8 0 0 10 6 0 0 12 0 23 200 249 255 251 237 15 10 0 0 0 0 0 0 0 4 0 6 0 14 0 2 2 0 2 3 11 4 9 38 147 240 249 218 0 0 8 0 0 0 0 2 0 10 0 0 0 7 0 8 0 0 9 0 0 2 0 3 0 209 255 240 0 12 0 0 0 0 0 0 0 0 0 0 0 0 0 0 0 0 7 1 0 6 0 32 160 255 243 228 7 0 0 0 0 0 0 0 0 0 0 0 0 0 0 4 3 14 1 0 0 0 8 43 255 255 255 242 0 7 0 0 0 0 0 0 0 0 0 0 0 0 0 0 0 2 0 1 21 0 44 224 255 252 213 45 14 0 11 0 0 0 0 0 0 0 0 0 0 0 0 17 0 7 14 4 0 38 213 255 255 228 61 0 0 0 9 0 0 0 0 0 0 0 0 0 0 0 0 0 0 0 0 0 12 117 247 252 238 183 5 0 8 7 0 0 0 0 0 0 0 0 0 0 0 0 0 5 6 0 0 36 138 242 255 250 219 12 1 9 0 0 6 0 0 0 0 0 0 0 0 0 0 0 0 0 0 104 221 236 241 255 244 179 2 0 0 6 0 1 3 0 0 0 0 0 0 0 0 0 0 0 0 8 7 166 255 244 255 219 144 22 0 12 0 0 7 0 0 0 0 0 0 0 0 0 0 0 0 0 0 9 11 255 255 242 243 177 4 0 0 0 0 0 0 0 0 0 0 0 0 0 0 0 0 0 0 0 0 0 42 240 250 255 195 5 0 0 0 0 0 0 0 0 0 0 0 0 0 0 0 0 0 0 0 0 0 0 1 173 239 77 17 10 3 0 0 0 0 0 0 0 0 0 0 0 0 0 0 0 0 0 0 0 0 0 4 0 18 1 0 0 0 0 0 0 0 0 0 0 0 0 0 0 0
8 5 0 0 0 0 5 0 1 0 3 2 0 2 5 0 6 0 0 0 0 0 0 6 0 0 0 0 0 0 14 4 20 0 0 0 0 0 0 7 1 0 0 3 0 7 0 0 13 17 0 0 0 0 0 0 0 3 6 0 0 0 1 0 20 8 0 0 0 10 10 0 0 0 3 6 0 0 1 3 0 0 0 0 10 0 0 0 9 11 6 4 0 0 8 4 0 0 5 0 6 0 0 0 0 1 0 0 0 0 0 0 0 0 24 0 1 0 1 0 17 0 0 4 3 1 0 0 0 8 8 0 6 9 0 0 0 0 0 0 19 0 0 19 0 31 53 157 248 254 255 248 253 255 239 184 64 0 0 17 0 0 16 3 0 0 0 0 0 32 4 0 6 224 246 254 248 253 229 173 151 199 251 255 224 68 0 3 0 4 17 0 0 0 0 0 14 0 7 9 151 254 255 206 112 39 0 2 2 0 13 40 252 241 98 0 11 8 0 9 0 0 0 0 3 0 12 51 242 245 99 8 0 0 9 14 0 1 14 0 242 251 130 0 8 1 0 0 0 0 0 0 0 9 0 48 251 175 0 6 11 16 0 0 1 0 3 6 198 239 137 0 0 0 0 8 0 0 0 0 0 19 0 8 140 159 36 0 0 1 0 14 0 3 0 0 250 252 124 3 13 1 0 0 0 0 0 0 0 0 0 6 0 12 6 1 2 0 6 0 0 19 0 56 235 255 133 0 0 7 5 0 0 0 0 0 24 6 0 12 7 5 0 6 1 12 0 8 17 0 40 227 255 214 79 5 6 4 0 0 0 0 0 0 0 19 11 0 0 9 0 9 0 0 0 11 0 58 243 255 247 135 3 0 0 0 3 9 0 0 0 0 10 0 0 0 0 8 4 0 6 15 61 178 255 240 253 255 255 255 188 98 0 0 14 0 0 0 0 0 0 0 2 3 0 0 10 5 0 22 235 255 240 253 255 212 242 249 255 232 76 0 2 6 0 0 0 0 0 0 0 0 0 0 0 0 0 13 89 215 208 121 29 0 0 45 174 255 238 23 6 0 0 0 0 0 0 0 0 0 0 0 0 0 14 0 8 0 0 12 0 0 6 0 50 221 248 175 0 4 0 0 0 0 0 0 0 0 0 0 0 0 0 11 0 0 6 0 5 14 0 4 0 178 255 193 19 2 0 0 0 0 0 0 0 0 0 0 0 0 11 0 0 8 13 0 9 0 0 14 51 206 253 198 0 0 0 0 0 0 0 0 0 0 0 0 0 0 0 18 190 113 0 0 0 7 13 76 230 255 249 48 0 9 0 0 0 0 0 0 0 0 0 0 0 0 57 214 232 35 0 22 0 63 172 255 255 246 128 6 18 0 0 0 0 0 0 0 0 0 0 0 0 0 72 233 255 178 107 156 237 230 255 250 241 86 9 0 1 4 0 0 0 0 0 0 0 0 0 0 0 0 33 188 250 255 247 255 247 255 211 130 54 0 3 0 0 3 0 0 0 0 0 0 0 0 0 0 0 0 0 6 65 167 236 223 159 108 12 9 4 0 0 0 0 0 0 0 0 0 0 0 0 0 0 0 0 0 3 0 0 0 0 0 0 9 7 5 2 0 0 0 0 2 0 0 0 0 0 0 0 0 0 0 0 0 4 5 7 7 1 0 0 7 0 0 0 0 0 0 1 2 0 0 0 0 0 0 0 0 0 0 0 0 0 0 0 0 8 13 4 0 0 0 0 0 0 0 0 0 0 0 0 0
0 0 0 0 0 0 0 0 1 9 10 0 5 0 0 0 0 2 0 2 14 0 0 2 0 0 0 0 0 0 0 0 0 0 0 0 0 0 0 11 0 0 11 5 13 4 16 0 0 0 21 0 0 0 0 0 0 0 0 0 0 0 0 0 9 4 9 17 7 0 10 0 0 0 0 12 4 8 0 0 0 0 0 0 0 0 0 0 0 0 0 0 0 0 0 0 0 8 1 6 16 8 7 1 0 5 0 1 0 0 0 0 0 0 0 0 0 0 0 0 6 0 11 0 22 0 124 250 255 52 0 7 2 0 13 0 0 0 0 0 0 0 0 0 0 0 0 0 0 13 0 3 124 169 255 255 243 255 145 66 0 0 0 16 0 0 0 0 0 0 0 0 0 0 0 0 0 2 69 251 255 255 240 252 250 255 238 248 74 7 9 0 0 0 0 0 0 0 0 0 0 0 0 0 5 0 255 252 255 242 255 255 255 251 255 255 247 2 0 6 0 0 0 0 0 0 0 0 0 0 0 0 0 131 255 245 249 244 255 253 254 255 255 251 195 0 6 0 0 0 0 0 0 0 0 0 0 0 0 0 13 0 191 255 136 68 131 247 255 244 255 247 68 10 0 9 0 0 0 0 0 0 0 0 0 0 0 0 0 14 0 0 45 192 255 255 253 241 255 141 0 0 11 0 0 0 0 0 0 0 0 0 0 0 0 0 8 0 72 194 255 249 254 255 255 255 255 242 197 12 5 0 0 0 0 0 0 0 0 0 0 0 0 0 0 13 255 235 255 255 250 255 255 255 230 255 255 5 0 10 0 0 0 0 0 0 0 0 0 0 0 0 6 0 255 255 255 252 255 128 122 132 255 255 254 55 3 2 0 0 0 0 0 0 0 0 0 0 0 0 4 0 66 128 136 0 0 6 16 0 254 249 255 133 0 7 0 0 0 0 0 0 0 0 0 0 0 0 0 5 0 0 0 11 2 0 0 8 255 255 240 255 0 0 0 0 0 0 15 0 5 0 0 3 2 2 0 6 0 4 4 0 10 2 3 6 255 240 255 131 0 0 0 0 0 0 0 0 0 6 11 14 0 3 9 0 0 12 0 17 0 0 0 48 255 250 255 0 10 0 0 0 0 0 4 6 10 0 0 0 255 252 174 21 8 0 3 5 0 3 62 196 253 255 251 0 0 6 0 0 0 0 3 0 0 10 4 151 235 255 255 54 0 18 3 0 0 64 197 253 255 239 77 15 6 1 0 0 0 0 0 25 0 0 17 0 255 254 255 251 255 125 120 132 255 254 250 255 251 124 0 0 0 5 0 0 0 0 4 0 0 16 0 0 196 253 234 255 247 254 255 250 255 251 255 253 140 12 18 8 0 6 0 0 0 0 0 2 4 2 0 19 0 133 193 255 248 254 255 250 246 255 194 123 6 0 0 4 13 0 0 0 0 0 0 4 0 0 18 0 0 0 0 137 118 206 239 255 124 67 0 0 0 13 15 0 1 3 0 0 0 0 0 0 0 0 0 0 0 0 0 0 0 0 0 0 0 0 0 0 0 0 0 0 0 0 0 0 0 0 0 0 0 0 0 0 0 0 0 0 0 0 0 0 0 0 0 0 0 0 0 0 0 0 0 0 0 0 0 0 0 0 0 0 0 0 0 0 0 0 0 0 0 0 0 0 0 0 0 0 0 0 0 0 0 0 0 0 0 0 0 0 0 0 0 0 0 0 0 0 0 0 0 0 0 0 0 0 0 0 0 0 0 0
0 0 0 0 0 0 0 0 0 0 11 0 2 11 0 4 10 0 4 6 0 9 0 0 0 0 0 0 0 0 0 0 0 0 0 0 7 6 0 1 2 0 0 0 0 0 5 0 11 0 0 8 0 0 0 0 0 0 0 0 0 0 0 0 0 0 0 8 5 0 14 3 0 21 0 16 0 7 0 4 0 0 0 0 0 0 0 0 0 0 0 0 11 4 0 7 0 0 8 5 0 4 0 0 0 2 9 0 0 0 0 0 0 0 0 0 0 0 0 0 0 0 2 1 6 16 0 0 15 0 0 17 1 0 2 0 0 0 0 0 0 0 0 0 0 0 0 0 6 5 9 0 43 121 134 152 173 151 150 214 134 98 6 11 0 0 0 0 0 0 0 0 0 0 0 0 0 91 146 156 211 255 255 251 255 236 255 255 255 165 12 0 0 0 0 0 0 0 0 0 0 0 0 0 54 216 255 250 255 255 255 249 247 248 221 238 255 249 34 10 0 0 0 0 0 0 0 0 0 0 0 0 0 227 255 255 255 251 250 231 140 25 41 104 247 255 137 0 0 0 0 0 0 0 0 0 0 0 0 0 6 179 255 246 239 176 42 36 0 1 0 141 255 255 67 11 0 0 0 0 0 0 0 0 0 0 0 0 0 81 143 140 59 0 0 9 0 13 129 252 251 217 113 0 0 0 0 0 0 0 0 0 0 0 0 0 12 0 0 8 0 0 14 0 8 119 234 247 255 123 26 0 0 0 0 0 0 0 0 0 0 0 0 0 0 0 14 0 7 4 5 116 244 250 255 228 96 11 0 5 0 0 0 0 0 0 0 0 0 0 0 0 7 0 0 0 0 11 115 246 255 254 250 158 8 8 0 0 0 0 0 0 0 0 0 0 0 0 0 0 8 0 0 10 0 33 231 255 255 244 255 119 1 7 5 0 0 0 0 0 0 0 0 0 0 0 0 0 0 0 16 0 5 118 255 246 248 183 255 190 30 0 0 4 0 0 0 0 6 4 0 2 12 0 20 0 0 0 10 0 0 103 248 224 112 50 199 229 61 0 11 0 0 0 0 0 0 0 17 0 3 0 12 39 1 0 0 10 0 64 191 86 0 75 246 255 47 0 0 8 0 0 0 0 4 3 0 0 7 102 235 144 0 1 0 6 3 0 20 0 47 255 255 192 33 1 10 0 0 0 0 0 0 10 5 15 0 96 255 92 8 0 3 0 10 0 21 129 203 255 217 142 0 0 0 11 0 0 0 0 7 1 3 0 0 115 248 190 12 0 18 0 0 48 153 255 248 248 89 12 0 0 3 0 0 0 0 0 4 0 0 0 14 109 255 231 103 64 0 58 143 221 255 247 255 64 4 0 0 8 0 5 0 0 0 0 0 15 2 7 0 32 233 250 242 255 202 249 255 255 236 153 43 11 0 0 7 0 1 0 0 0 0 0 5 0 0 0 16 0 28 121 239 251 250 255 230 255 191 7 5 0 6 7 0 1 9 0 0 0 0 0 0 0 0 0 0 0 0 0 116 228 255 255 145 13 15 0 0 0 0 0 0 0 0 0 0 0 0 0 0 0 0 0 0 0 0 0 0 13 0 3 6 0 9 0 0 0 0 0 0 0 0 0 0 0 0 0 0 0 0 0 0 0 0 0 0 0 0 1 4 0 12 7 0 0 0 0 0 0 0 0 0 0 0 0 0 0 0 0 0 0 0 0 4 3 9 4 0 0 0 0 0 0 0 0 0 0 0 0 0 0 0 0
0 0 0 0 0 0 0 0 0 7 2 9 0 5 1 7 2 5 0 0 3 2 0 0 0 0 0 0 0 0 0 0 0 0 0 0 0 0 0 0 0 10 0 0 2 0 1 6 0 0 4 0 0 0 0 0 0 0 0 0 0 0 0 0 0 9 8 18 1 5 0 2 0 2 0 0 8 10 1 1 0 0 0 0 0 0 0 0 0 0 0 0 9 0 0 0 0 7 0 0 3 5 4 0 0 0 0 0 0 0 0 0 0 0 0 0 0 0 0 0 0 4 7 17 0 18 44 83 146 82 58 53 20 8 15 1 0 0 0 0 0 0 0 0 0 0 0 0 2 0 3 93 181 251 251 243 248 255 255 244 216 117 15 0 0 0 0 0 0 0 0 0 0 0 0 0 0 0 14 88 142 178 161 150 155 148 88 89 209 255 157 16 0 0 0 0 0 0 0 0 0 0 0 0 0 1 0 14 0 0 0 7 6 0 7 0 51 255 255 0 0 0 0 0 4 0 0 4 3 8 0 14 0 11 0 5 0 23 0 5 0 0 3 0 80 253 157 0 0 0 0 0 0 0 11 0 0 1 0 0 1 0 10 0 0 3 1 0 1 0 5 104 215 255 48 0 0 0 0 0 11 0 11 2 0 3 9 2 22 0 2 8 5 0 2 2 16 0 119 210 240 98 13 0 0 0 0 0 3 0 0 9 0 5 0 1 0 0 2 13 0 0 0 35 103 218 232 159 51 0 0 22 0 0 0 0 0 9 0 1 13 12 0 0 8 17 0 1 86 182 199 240 234 173 37 11 0 8 9 0 0 0 0 0 0 14 5 0 4 0 12 1 0 0 3 67 239 255 242 255 254 37 1 0 0 10 0 11 0 0 0 0 0 0 0 25 0 0 0 0 16 0 8 19 85 39 42 105 168 253 79 14 5 0 15 0 0 0 0 0 5 0 9 152 25 14 0 4 0 0 1 0 1 6 0 5 13 154 225 12 0 7 0 4 0 0 0 0 4 0 4 251 202 9 0 6 5 0 0 0 3 4 0 0 0 11 208 103 6 3 13 0 0 0 0 0 0 0 0 75 254 119 0 4 0 10 19 0 0 0 4 0 0 12 206 128 0 0 0 17 0 0 0 0 0 6 8 16 183 249 104 0 0 0 0 0 4 0 3 0 4 0 213 179 14 15 0 0 0 0 0 0 5 0 0 15 17 212 255 179 33 5 0 9 7 0 0 16 2 43 236 124 0 0 17 0 0 0 0 0 0 0 0 10 0 20 175 252 231 131 10 0 0 13 0 0 21 191 251 74 12 0 0 0 0 0 0 0 12 4 1 0 18 0 72 223 247 255 215 146 43 39 52 89 207 229 105 3 0 6 0 21 0 0 0 0 0 0 0 4 5 5 0 14 69 157 235 246 243 252 255 246 194 80 0 0 0 4 0 0 0 0 0 0 0 1 0 5 0 0 20 0 2 0 23 39 132 148 130 58 19 0 12 9 0 0 7 4 0 0 0 0 0 0 0 0 0 0 0 0 0 0 0 0 0 0 0 0 0 0 0 0 0 0 0 0 0 0 0 0 0 0 0 0 0 0 0 0 0 0 0 0 0 0 0 0 0 0 0 0 0 0 0 0 0 0 0 0 0 0 0 0 0 0 0 0 0 0 0 0 0 0 0 0 0 0 0 0 0 0 0 0 0 0 0 0 0 0 0 0 0 0 0 0 0 0 0 0 0 0 0 0 0 0 0 0 0 0 0 0 0 0 0 0
8 0 0 7 1 4 0 1 0 0 0 2 3 0 0 0 0 0 1 0 0 0 0 3 0 0 0 0 3 13 15 1 0 0 0 4 2 0 0 0 0 0 5 18 0 1 2 1 0 0 0 1 0 0 0 0 0 5 0 0 8 3 0 3 5 0 0 0 10 8 0 0 0 2 3 2 0 0 0 0 0 0 0 0 5 4 0 2 6 0 0 0 2 1 2 2 0 0 0 8 0 0 1 1 0 0 0 0 0 0 0 0 11 0 4 8 0 0 10 4 0 0 2 1 1 2 0 0 0 0 0 0 0 0 0 0 0 0 0 0 0 0 2 0 0 12 1 0 0 7 7 0 0 5 7 0 0 0 0 0 0 0 0 0 0 0 0 0 8 0 9 0 5 5 0 41 127 195 242 218 158 99 41 0 8 4 0 0 0 1 1 0 0 0 0 0 0 0 14 0 5 0 15 221 243 255 255 246 255 255 212 140 15 9 2 0 0 1 0 0 0 0 0 0 0 7 0 0 4 0 88 255 208 92 98 140 206 242 255 248 203 27 0 5 2 0 3 2 0 0 0 0 0 4 0 4 12 0 15 93 13 0 0 3 0 0 63 255 255 130 3 3 0 0 0 0 0 0 0 0 1 5 0 0 4 0 0 0 0 28 4 0 0 11 3 228 247 172 0 6 0 0 0 0 0 0 0 0 2 3 1 0 0 3 7 0 4 8 0 6 6 0 0 243 244 162 0 0 0 5 4 0 0 0 0 0 0 0 3 7 0 1 5 0 3 0 0 0 0 27 86 255 255 126 6 0 0 3 5 0 0 0 0 0 1 0 0 5 3 0 0 0 1 0 21 6 42 169 241 253 151 19 7 0 4 0 0 2 0 0 0 0 5 0 0 0 0 0 3 10 16 54 128 202 241 255 255 239 73 0 2 1 11 0 0 6 0 0 0 0 0 5 4 0 0 0 4 20 225 255 246 255 253 250 248 255 180 62 9 0 5 1 0 0 0 0 0 0 0 1 2 0 0 1 9 16 231 255 241 192 164 155 192 255 254 235 183 0 0 0 0 0 0 0 0 0 0 1 2 0 0 0 4 9 0 25 20 0 0 0 18 64 191 251 255 174 8 9 4 8 0 0 0 0 0 1 2 0 0 0 0 1 0 8 1 0 2 0 0 5 41 124 249 254 108 0 1 0 0 0 0 0 0 0 1 0 0 0 0 0 1 6 0 0 6 4 0 1 0 3 166 248 242 0 0 0 0 0 0 0 0 0 1 1 0 0 0 0 0 0 0 0 0 0 0 4 10 0 123 255 249 11 0 3 0 0 0 0 0 0 0 1 1 1 1 1 2 6 9 7 0 0 0 0 0 20 164 255 162 0 3 0 0 0 0 0 0 0 0 0 0 1 1 0 0 0 0 1 0 0 4 2 8 109 235 241 85 0 18 0 0 0 0 0 1 0 0 0 0 0 0 0 10 0 0 0 0 1 4 0 94 238 255 198 19 0 0 1 0 0 0 0 0 0 0 0 0 0 0 0 6 0 1 17 0 0 31 118 242 255 179 37 0 8 0 0 0 0 0 0 0 0 0 0 0 0 0 0 5 0 0 0 6 74 177 255 255 187 56 0 0 0 0 12 0 0 0 0 0 0 0 0 0 0 0 0 0 8 12 0 0 1 9 6 2 0 0 0 8 0 0 1 0 0 0 0 0 0 0 0 0 0 0 0 1 0 0 0 0 0 0 0 0 8 11 0 0 8 11 0 0 0 0 0
0 0 0 0 0 0 0 0 0 0 0 5 0 11 0 3 16 0 8 3 0 5 4 0 0 0 0 0 0 0 0 0 0 0 0 0 0 5 5 10 0 9 0 0 0 6 0 17 6 0 5 0 0 0 0 0 0 0 0 0 0 0 0 0 0 5 0 0 0 0 3 0 0 24 0 0 0 0 1 6 0 0 0 0 0 0 0 0 0 0 0 0 7 12 0 4 2 0 3 0 8 0 15 7 0 4 0 1 0 0 0 0 0 0 0 0 0 0 0 0 0 0 0 0 8 1 3 0 0 0 0 36 232 150 0 8 0 0 0 0 0 0 0 0 0 0 0 0 3 6 24 0 0 0 2 10 0 9 71 193 251 84 1 0 0 0 0 0 0 0 0 0 0 0 0 0 0 41 109 41 18 39 40 51 152 173 220 255 162 21 0 0 0 0 0 0 0 0 0 0 0 0 0 0 0 114 255 218 210 255 252 255 221 236 255 211 28 3 0 5 0 0 0 0 0 0 0 0 0 0 0 0 0 4 109 135 179 136 128 53 27 166 255 98 0 9 6 2 0 0 0 0 0 0 0 0 0 0 0 0 0 10 0 21 3 0 13 4 183 248 162 8 9 0 0 0 0 0 0 0 0 0 0 0 0 0 0 0 0 3 11 0 10 8 0 153 255 173 3 0 0 12 11 2 0 0 0 0 0 0 0 0 0 0 0 0 14 3 6 6 0 7 163 248 201 0 11 0 6 0 0 0 0 0 0 0 0 0 0 0 0 0 0 0 1 0 0 14 19 138 255 255 187 130 13 6 7 0 14 6 0 0 0 0 0 0 0 0 0 0 0 0 0 18 17 84 207 255 255 244 255 241 235 38 1 4 0 0 0 0 0 0 0 0 0 0 0 0 0 0 0 9 204 255 255 215 83 57 52 128 250 211 6 0 0 15 0 0 0 0 0 0 0 0 0 0 0 0 14 204 242 255 99 15 0 3 0 3 122 254 67 0 8 0 0 0 0 0 8 0 0 6 0 0 5 5 15 237 233 71 1 0 0 0 3 0 54 255 130 0 6 0 0 0 0 0 0 3 0 9 4 13 0 5 0 19 0 0 15 2 0 0 0 0 68 242 137 18 0 0 0 0 0 0 1 0 7 0 2 0 24 0 0 5 4 0 0 0 12 0 7 4 145 250 79 0 0 6 0 0 0 0 0 2 10 0 88 38 0 13 14 0 0 6 5 3 5 0 2 88 240 222 18 0 7 0 0 0 0 0 6 0 2 4 102 227 46 0 0 5 12 0 0 0 0 21 135 251 239 94 0 0 10 0 0 0 0 0 5 0 0 4 16 206 244 104 20 0 0 2 12 7 71 209 253 219 93 0 0 0 8 0 0 0 0 0 0 11 0 2 0 1 178 239 229 196 145 109 166 243 243 236 123 26 0 0 20 0 0 0 0 0 0 0 14 0 8 0 0 4 7 64 85 149 233 249 255 249 150 53 3 0 12 0 7 0 0 16 0 0 0 0 0 0 0 0 0 0 0 0 0 0 0 0 0 0 0 0 0 0 0 0 0 0 0 0 0 0 0 0 0 0 0 0 0 0 0 0 0 0 0 0 0 0 0 0 0 0 0 0 0 0 0 0 0 0 0 0 0 0 0 0 0 0 0 0 0 0 0 0 0 0 0 0 0 0 0 0 0 0 0 0 0 0 0 0 0 0 0 0 0 0 0 0 0 0 0 0 0 0 0 0 0 0 0 0 0 0 0 0 0 0 0 0
0 0 0 0 0 0 0 0 7 0 10 0 4 0 0 7 3 5 0 0 2 0 0 2 0 0 0 0 0 0 0 0 0 0 0 0 0 0 0 0 0 9 0 1 0 1 5 7 6 0 0 4 0 0 0 0 0 0 0 0 0 0 0 0 0 22 4 4 0 0 0 0 0 0 0 4 1 0 0 7 0 0 0 0 0 0 0 0 0 0 0 0 0 3 0 0 4 0 4 0 10 2 0 0 0 1 5 0 0 0 0 0 0 0 0 0 0 0 0 0 14 0 1 0 11 0 11 0 2 0 4 1 0 3 6 0 0 0 0 0 0 0 0 0 0 0 0 0 0 39 219 255 255 165 104 26 3 0 0 8 0 0 7 0 0 0 0 0 0 0 0 0 0 0 0 0 23 69 249 255 235 238 255 243 110 29 0 6 1 0 5 3 0 0 0 0 0 0 0 0 0 0 0 0 0 10 162 158 140 221 255 244 255 102 0 2 4 0 0 2 0 0 0 0 0 0 0 0 0 0 0 0 7 0 3 4 0 11 122 229 255 206 11 10 0 16 0 0 0 0 0 0 0 0 0 0 0 0 0 0 4 0 0 13 2 11 0 138 255 255 0 0 16 0 0 7 0 0 0 0 0 0 0 0 0 0 0 0 0 14 10 0 4 0 0 106 247 227 6 9 0 11 3 0 0 0 0 0 0 0 0 0 0 0 0 0 3 0 0 14 0 28 9 221 255 255 2 0 0 0 6 5 0 0 0 0 0 0 0 0 0 0 0 0 0 8 0 0 0 0 127 251 247 164 0 6 9 2 0 1 0 0 0 0 0 0 0 0 0 0 0 0 0 0 8 24 81 231 255 252 221 37 2 5 0 19 0 0 0 0 0 0 0 0 0 0 0 0 0 0 5 76 197 219 255 241 255 250 247 188 85 0 5 0 1 13 0 0 0 0 0 0 0 0 0 0 0 0 3 95 255 247 255 255 237 252 255 255 247 53 0 4 11 0 0 0 0 0 0 0 0 0 0 0 0 0 0 14 140 44 50 47 48 94 166 255 255 42 13 0 0 0 0 0 0 0 0 0 0 0 0 0 0 0 16 1 0 0 6 0 0 17 207 255 233 44 0 10 0 12 0 0 0 0 0 0 0 0 0 0 0 0 0 8 0 0 10 19 5 212 255 245 93 17 0 0 11 0 0 0 0 0 0 0 0 0 0 0 0 0 18 0 29 0 2 0 213 253 238 166 0 9 9 0 23 0 0 0 0 0 0 0 0 0 0 0 0 0 0 19 0 0 173 216 255 244 83 14 0 0 0 4 0 0 0 0 0 0 0 0 0 0 0 0 0 0 0 35 111 221 246 235 133 61 0 0 16 0 2 15 0 8 0 0 0 0 0 0 0 0 0 0 0 0 27 194 252 255 248 42 1 2 0 14 0 0 0 0 6 0 0 0 0 0 0 0 0 0 0 0 0 0 157 250 244 164 0 0 0 3 2 1 0 3 1 12 0 12 0 0 0 0 0 0 0 0 0 0 0 0 128 106 53 5 0 0 0 0 0 0 0 0 0 0 0 0 0 0 0 0 0 0 0 0 0 0 0 0 0 6 0 0 0 8 3 0 0 0 0 0 0 0 0 0 0 0 0 0 0 0 0 0 0 0 0 0 0 2 0 0 3 6 0 0 0 0 0 0 0 0 0 0 0 0 0 0 0 0 0 0 0 0 0 0 0 8 2 0 0 0 0 2 0 0 0 0 0 0 0 0 0 0 0 0
0 0 0 0 0 0 0 0 0 7 0 5 0 0 3 5 0 0 0 9 0 7 4 0 0 0 0 0 0 0 0 0 0 0 0 0 0 7 0 11 3 0 0 0 10 0 0 0 0 0 1 4 0 0 0 0 0 0 0 0 0 0 0 0 0 7 0 0 0 8 17 0 1 6 14 5 0 2 5 0 0 0 0 0 0 0 0 0 0 0 0 0 3 0 1 6 15 0 1 2 4 0 0 0 0 0 10 6 0 0 0 0 0 0 0 0 0 0 0 0 3 131 192 133 118 130 116 19 2 4 13 15 4 3 0 0 0 0 0 0 0 0 0 0 0 0 0 0 183 238 255 252 255 255 255 233 255 109 0 0 3 0 0 12 0 0 0 0 0 0 0 0 0 0 0 0 204 187 134 119 133 188 246 255 247 255 197 90 0 5 8 1 0 0 0 0 0 0 0 0 0 0 0 0 2 5 0 13 0 0 17 54 192 250 255 237 73 11 0 7 0 0 0 0 0 0 0 0 0 0 0 0 1 2 6 0 0 2 0 4 7 117 254 255 238 125 18 0 0 0 0 0 0 0 0 0 0 0 0 0 0 0 2 12 1 0 0 0 0 15 70 243 255 181 0 6 0 0 0 0 0 0 0 0 0 0 0 0 9 7 0 0 4 19 10 0 0 8 0 197 255 244 12 0 0 0 0 0 0 0 0 0 0 0 0 0 0 0 9 16 0 0 10 0 8 0 0 252 252 202 0 19 0 0 0 0 0 0 0 0 0 0 0 0 20 0 57 141 129 126 138 67 13 0 128 255 255 63 0 0 0 0 0 0 0 0 0 0 0 0 0 0 0 152 234 254 255 248 254 251 248 255 255 255 52 7 6 0 0 0 0 0 0 0 0 0 0 0 0 0 0 243 255 235 255 255 246 255 254 255 252 242 19 0 4 1 0 0 0 0 0 0 0 0 0 0 0 0 9 183 252 255 253 242 255 255 255 251 255 255 67 0 5 0 0 0 0 0 0 8 0 9 4 0 0 0 4 0 129 125 255 242 187 144 0 82 181 250 255 0 0 3 0 0 0 0 17 0 1 6 0 9 21 0 0 4 20 0 0 5 0 0 11 0 135 255 246 132 5 0 0 0 0 0 0 14 3 0 21 0 57 238 0 2 0 13 3 10 10 0 13 0 138 246 255 122 0 17 0 0 0 0 9 0 12 7 0 6 244 255 4 2 0 8 0 0 13 0 0 29 122 245 255 4 16 0 0 0 0 0 3 2 1 0 7 0 255 230 9 0 6 0 2 0 9 0 0 56 253 250 139 0 0 0 0 0 0 0 5 0 0 16 5 0 255 255 114 20 0 7 16 11 0 10 78 255 255 255 0 3 0 10 0 0 0 0 3 4 0 0 0 14 198 254 255 174 131 126 115 115 144 252 244 249 184 62 20 0 7 0 0 0 0 0 0 7 1 0 23 0 0 192 254 254 255 248 255 255 248 255 255 115 9 2 0 0 4 1 0 0 0 0 0 0 0 0 0 0 0 0 0 0 0 0 0 0 0 0 0 0 0 0 0 0 0 0 0 0 0 0 0 0 0 0 0 0 0 0 0 0 0 0 0 0 0 0 0 0 0 0 0 0 0 0 0 0 0 0 0 0 0 0 0 0 0 0 0 0 0 0 0 0 0 0 0 0 0 0 0 0 0 0 0 0 0 0 0 0 0 0 0 0 0 0 0 0 0 0 0 0 0 0 0 0 0 0 0 0 0 0 0 0 0 0
0 0 0 0 0 0 0 0 1 0 1 0 1 0 0 0 0 8 0 0 9 14 0 1 0 0 0 0 0 0 0 0 0 0 0 0 3 9 3 0 5 0 6 7 4 0 22 11 0 0 3 7 0 0 0 0 0 0 0 0 0 0 0 0 0 0 0 26 0 7 13 0 5 0 0 0 5 0 0 0 0 0 0 0 0 0 0 0 0 0 0 0 17 8 0 1 0 10 0 0 0 8 16 0 0 9 0 0 0 0 0 0 0 0 0 0 0 0 0 0 0 0 18 0 16 0 55 208 255 233 255 156 6 4 0 1 0 0 0 0 0 0 0 0 0 0 0 0 12 8 0 19 73 234 255 239 246 204 211 255 142 0 8 2 0 0 0 0 0 0 0 0 0 0 0 0 11 0 0 234 241 255 164 74 0 4 37 255 243 6 5 0 0 0 0 0 0 0 0 0 0 0 0 0 0 27 0 92 139 31 10 0 10 0 109 250 144 0 6 7 0 0 0 0 0 0 0 0 0 0 0 0 0 12 0 0 0 4 0 0 0 10 252 255 5 0 10 0 0 0 0 0 0 0 0 0 0 0 0 0 4 0 0 17 2 7 0 5 9 147 255 147 22 5 0 6 0 0 0 0 0 0 0 0 0 0 0 0 3 13 10 0 0 12 8 1 53 255 213 10 0 9 0 10 0 0 0 0 0 0 0 0 0 0 0 0 0 0 2 1 1 0 0 60 245 255 35 3 11 0 0 0 0 0 0 0 0 0 0 0 0 0 0 0 8 0 18 0 8 44 93 255 255 180 0 4 0 0 14 4 0 0 0 0 0 0 0 0 0 0 0 0 1 3 0 47 194 249 255 246 255 255 165 3 0 2 11 0 0 0 0 0 0 0 0 0 0 0 0 0 0 1 47 182 255 244 255 169 190 255 179 0 15 9 0 0 0 0 0 0 0 0 0 0 0 0 0 0 3 8 216 252 249 255 135 2 35 253 174 7 4 0 4 5 0 0 0 0 5 0 3 0 0 7 6 0 0 10 166 169 141 31 0 0 39 235 179 7 0 8 0 0 0 0 0 0 0 11 0 0 6 0 0 4 0 5 9 2 9 0 0 0 80 255 80 0 0 0 0 6 0 0 0 0 0 14 0 0 0 0 10 0 10 0 0 0 0 0 26 0 224 254 0 0 13 8 0 0 0 0 0 0 7 0 0 5 0 9 8 0 1 0 21 14 8 0 0 153 247 203 33 0 3 3 0 12 0 0 0 0 0 0 8 10 0 5 0 93 191 208 14 0 0 92 201 253 233 0 0 26 0 0 14 0 0 0 0 0 0 0 6 0 3 0 0 255 255 88 87 181 247 255 255 201 22 15 1 0 0 2 4 0 0 0 0 0 1 1 0 0 0 1 8 255 255 244 255 248 255 131 35 0 0 12 0 0 11 19 0 0 0 0 0 0 7 0 0 14 0 12 2 108 159 255 165 80 0 9 0 9 9 0 6 7 0 0 0 6 0 0 0 0 0 0 0 0 0 0 0 0 0 0 0 0 0 0 0 0 0 0 0 0 0 0 0 0 0 0 0 0 0 0 0 0 0 0 0 0 0 0 0 0 0 0 0 0 0 0 0 0 0 0 0 0 0 0 0 0 0 0 0 0 0 0 0 0 0 0 0 0 0 0 0 0 0 0 0 0 0 0 0 0 0 0 0 0 0 0 0 0 0 0 0 0 0 0 0 0 0 0 0 0 0 0 0 0 0 0 0 0 0 0 0 0
0 0 0 0 0 0 0 0 6 3 0 7 0 5 0 2 5 0 0 0 0 5 0 2 0 0 0 0 0 0 0 0 0 0 0 0 0 0 14 0 15 0 1 0 0 13 3 12 0 0 0 5 0 0 0 0 0 0 0 0 0 0 0 0 24 6 0 0 4 4 7 0 5 0 6 0 4 9 0 5 0 0 0 0 0 0 0 0 0 0 0 0 0 3 7 8 0 0 3 0 0 7 0 3 9 0 0 6 0 0 0 0 0 0 0 0 0 0 0 0 11 0 0 0 90 140 242 255 255 233 42 7 0 8 20 0 0 0 0 0 0 0 0 0 0 0 0 0 2 0 12 131 235 255 255 249 248 255 217 20 0 0 0 0 0 0 0 0 0 0 0 0 0 0 0 0 0 25 72 255 248 212 199 255 255 236 255 0 5 5 0 0 0 0 0 0 0 0 0 0 0 0 0 0 7 0 0 113 73 0 91 247 252 249 167 2 0 0 6 0 0 0 0 0 0 0 0 0 0 0 0 0 5 0 6 0 0 110 255 244 243 246 57 6 0 0 0 5 0 0 0 0 0 0 0 0 0 0 0 0 0 1 0 88 213 231 243 255 241 55 7 11 0 1 10 0 0 0 0 0 0 0 0 0 0 0 0 0 5 0 121 239 247 243 254 253 68 15 5 0 15 0 2 0 0 0 0 0 0 0 0 0 0 0 0 0 8 7 193 255 248 255 250 248 160 133 54 17 0 5 0 7 0 0 0 0 0 0 0 0 0 0 0 0 4 0 153 255 238 243 251 254 255 245 253 6 12 0 8 0 0 0 0 0 0 0 0 0 0 0 0 0 0 20 9 103 198 204 239 255 243 229 255 213 77 0 0 4 0 0 0 0 0 0 0 0 0 0 0 0 0 3 0 2 0 0 81 72 139 255 243 237 181 11 2 0 0 0 0 0 0 0 0 0 0 0 0 0 4 0 9 0 5 19 0 1 30 197 255 255 179 1 0 7 0 0 0 0 6 0 0 2 0 16 0 4 0 11 0 2 8 0 0 0 43 200 236 255 176 0 0 0 0 0 0 0 0 0 4 13 0 0 89 6 7 0 1 0 0 13 9 35 190 255 255 241 51 5 0 10 0 0 0 0 1 14 13 0 0 164 241 116 25 2 10 0 1 0 8 214 255 244 255 151 27 0 0 6 0 0 0 0 0 2 0 0 6 166 255 252 175 0 0 0 0 124 212 247 255 255 253 0 0 0 19 0 0 0 0 0 0 0 0 8 3 24 202 245 254 141 112 179 247 255 238 255 240 235 197 12 0 0 2 0 0 0 0 0 2 12 1 0 0 3 111 251 255 255 250 253 237 246 255 246 244 91 4 0 10 0 5 0 0 0 0 0 0 0 3 0 0 0 0 238 255 232 241 255 255 226 215 153 39 0 5 0 1 0 8 0 0 0 0 0 1 0 4 0 16 0 0 52 146 255 255 227 212 105 0 0 0 10 0 0 12 4 0 2 0 0 0 0 0 0 0 0 0 0 0 0 0 0 0 0 0 0 0 0 0 0 0 0 0 0 0 0 0 0 0 0 0 0 0 0 0 0 0 0 0 0 0 0 0 0 0 0 0 0 0 0 0 0 0 0 0 0 0 0 0 0 0 0 0 0 0 0 0 0 0 0 0 0 0 0 0 0 0 0 0 0 0 0 0 0 0 0 0 0 0 0 0 0 0 0 0 0 0 0 0 0 0 0 0 0 0 0 0 0 0 0 0 0 0 0
0 0 0 0 0 0 0 0 0 3 6 0 7 6 0 4 0 6 0 0 6 0 10 0 0 0 0 0 0 0 0 0 0 0 0 0 13 0 0 14 0 0 0 0 5 0 5 0 0 3 0 8 0 0 0 0 0 0 0 0 0 0 0 0 0 0 12 5 6 0 12 5 0 7 14 8 0 0 3 0 0 0 0 0 0 0 0 0 0 0 0 0 0 25 0 3 4 22 0 0 29 0 0 0 0 0 0 9 0 0 0 0 0 0 0 0 0 0 0 0 0 1 15 104 230 245 253 255 241 255 255 127 20 15 0 11 0 0 0 0 0 0 0 0 0 0 0 0 0 0 42 242 255 255 252 251 255 255 250 255 191 24 0 0 0 0 0 0 0 0 0 0 0 0 0 0 2 1 95 255 255 234 255 244 252 255 241 255 199 6 19 5 0 0 0 0 0 0 0 0 0 0 0 0 0 12 25 152 153 162 166 162 54 59 237 250 245 111 0 0 0 0 0 0 0 0 0 0 0 0 0 0 0 0 13 0 1 2 24 33 148 226 245 255 229 156 8 0 0 0 0 0 0 0 0 0 0 0 0 0 24 0 0 0 49 125 199 255 250 250 244 255 215 27 0 1 0 0 0 0 0 0 0 0 0 0 0 0 0 83 196 245 247 254 241 255 251 255 255 251 0 12 0 0 0 0 0 0 0 0 0 0 0 0 0 0 93 239 255 246 237 255 254 255 255 235 250 153 4 1 0 6 0 0 0 0 0 0 0 0 0 0 0 0 4 232 252 249 255 255 255 252 248 255 253 249 0 0 5 0 0 0 0 0 0 0 0 0 0 0 0 0 0 193 200 186 155 58 22 11 9 151 239 185 12 0 0 20 0 0 0 0 0 0 0 0 0 0 0 0 0 36 10 0 18 0 3 12 6 19 233 208 107 11 0 0 0 0 0 0 0 0 0 0 0 0 0 0 7 0 11 0 3 0 3 0 0 6 212 245 200 13 15 0 0 0 0 0 0 5 2 1 0 12 0 1 3 2 1 0 0 0 7 0 4 60 240 255 139 15 0 7 0 0 0 0 3 6 0 0 10 18 157 165 73 0 0 0 9 20 0 3 12 82 239 226 160 0 0 0 0 0 0 0 4 0 3 14 85 173 213 145 72 2 5 0 0 0 0 29 104 176 252 200 87 0 27 0 0 0 0 0 0 10 6 0 113 255 226 54 0 2 0 1 0 4 65 87 215 249 255 229 0 0 9 0 0 0 0 0 2 7 0 18 202 236 255 161 150 174 161 165 165 187 243 235 250 253 255 233 4 11 3 14 0 0 0 0 9 0 0 70 220 247 255 255 255 249 255 246 240 255 255 255 250 255 242 95 6 0 0 6 0 0 0 0 0 8 10 2 59 226 255 241 254 245 255 255 253 255 252 251 248 255 185 15 5 0 4 0 0 0 0 0 1 0 0 2 0 69 236 255 249 255 235 255 255 240 255 206 103 95 12 2 0 2 0 0 0 0 0 0 0 0 0 0 0 0 0 0 0 0 0 0 0 0 0 0 0 0 0 0 0 0 0 0 0 0 0 0 0 0 0 0 0 0 0 0 0 0 0 0 0 0 0 0 0 0 0 0 0 0 0 0 0 0 0 0 0 0 0 0 0 0 0 0 0 0 0 0 0 0 0 0 0 0 0 0 0 0 0 0 0 0 0 0 0 0 0 0 0 0 0 0 0 0 0 0 0 0 0 0 0 0 0 0 0 0 0 0 0 0 0 0
0 0 4 8 1 0 0 3 0 0 2 1 0 0 1 6 1 2 0 0 0 1 5 4 0 0 0 0 6 0 0 0 0 2 4 5 0 0 0 0 3 4 0 0 0 0 1 6 5 0 0 0 0 0 0 0 0 0 0 0 2 4 0 0 1 8 11 4 0 0 2 13 7 0 0 0 0 0 0 8 0 0 0 0 0 2 7 2 0 0 1 0 0 0 0 0 0 5 3 0 0 0 0 4 5 1 0 0 0 0 0 0 1 2 0 0 0 1 7 9 0 4 9 7 6 4 0 0 1 6 3 0 0 6 11 7 0 0 0 0 5 0 0 0 3 0 0 0 0 0 0 0 0 3 8 6 0 4 4 0 0 0 0 0 0 0 0 0 1 0 0 8 5 0 0 13 0 40 112 192 255 255 229 180 137 105 66 36 12 0 0 13 0 0 0 0 2 0 3 3 0 0 41 96 192 235 255 252 222 215 233 253 255 249 254 255 202 100 18 0 0 0 0 0 6 1 0 1 1 9 201 255 245 184 127 33 0 4 62 243 101 59 36 107 200 249 139 2 0 0 0 0 0 1 0 0 0 0 99 115 46 7 0 4 0 4 66 101 5 0 4 8 0 228 210 2 0 0 0 0 0 6 0 1 0 0 8 0 0 0 0 15 0 0 23 0 0 0 64 140 248 247 66 11 0 0 0 0 0 7 0 3 3 7 0 0 5 5 5 7 13 6 0 0 122 242 253 230 191 24 0 0 0 0 0 0 0 2 0 3 0 8 0 39 110 108 104 96 94 107 154 215 244 159 73 41 0 14 5 0 0 0 0 0 0 3 0 7 0 0 0 50 220 253 255 255 252 250 230 109 39 24 0 0 0 0 6 0 0 0 0 0 2 7 0 7 2 0 0 21 8 41 36 17 37 129 211 196 64 0 0 12 9 6 0 2 0 0 0 0 0 5 0 0 3 0 3 0 6 0 8 0 8 5 0 115 223 188 0 0 0 7 0 1 0 0 0 0 1 2 0 0 15 45 11 4 0 6 9 1 0 2 2 0 38 228 212 27 0 4 0 0 0 0 0 0 0 2 14 9 24 238 40 0 0 0 0 0 0 2 1 0 0 67 202 226 42 14 0 0 0 0 0 0 0 8 0 0 105 153 6 0 3 4 8 10 4 0 0 1 6 0 39 224 188 0 24 3 0 0 0 0 4 0 18 6 78 150 0 13 0 0 0 0 0 0 2 6 13 0 0 72 255 68 0 0 0 0 0 0 0 7 8 0 92 191 20 0 9 7 0 0 0 7 6 0 0 18 12 9 209 154 0 0 0 0 0 0 2 7 0 0 15 231 80 18 0 0 8 6 1 0 0 0 10 0 0 6 195 208 0 17 0 0 0 0 0 0 15 7 0 102 255 112 18 0 0 0 2 0 0 12 7 3 0 123 233 113 7 0 0 0 0 0 0 0 0 0 7 0 102 254 195 91 4 0 11 5 0 1 0 35 163 248 125 19 0 10 0 0 0 0 0 0 1 4 0 0 12 37 175 210 222 161 75 55 104 151 222 253 214 96 9 0 8 0 0 0 0 0 3 0 0 2 0 0 1 15 0 27 114 190 234 249 231 196 136 73 13 0 0 0 0 9 0 0 0 0 6 0 0 1 2 0 0 0 5 7 10 0 0 0 4 0 2 0 0 7 8 0 0 6 0 0 0 0 5 0 0 2 5 1 0 0 0 0 0 0 0 3 7 0 0 7 8 0 0 6 3 0 0 0 0 0
0 0 0 0 0 0 0 0 0 4 0 0 7 3 3 0 4 0 0 0 0 4 7 0 0 0 0 0 0 0 0 0 0 0 0 0 0 1 8 7 0 0 6 20 0 0 5 7 1 0 0 1 0 0 0 0 0 0 0 0 0 0 0 0 12 0 0 0 0 0 0 0 0 0 0 3 5 0 0 8 0 0 0 0 0 0 0 0 0 0 0 0 0 0 0 2 1 2 0 9 3 2 0 0 7 4 0 4 0 0 0 0 0 0 0 0 0 0 0 0 3 3 6 1 2 6 0 0 2 6 1 0 3 6 0 0 0 0 0 0 0 0 0 0 0 0 0 0 0 3 18 104 213 246 172 49 0 0 0 4 0 0 4 0 0 0 0 0 0 0 0 0 0 0 0 0 0 146 232 255 255 247 255 206 37 0 0 7 0 0 8 1 0 0 0 0 0 0 0 0 0 0 0 0 140 239 196 110 43 80 224 255 120 18 0 11 0 0 7 0 0 0 0 0 0 0 0 0 0 0 0 0 210 239 4 0 5 0 76 251 224 0 15 0 0 9 4 0 0 0 0 0 0 0 0 0 0 0 0 0 176 56 0 13 0 6 46 243 241 27 0 3 18 0 0 6 0 0 0 0 0 0 0 0 0 0 0 0 7 0 25 0 5 7 0 230 255 65 3 0 0 7 18 0 0 0 0 0 0 0 0 0 0 0 0 0 6 0 0 0 6 0 20 228 245 0 0 13 0 0 0 0 0 0 0 0 0 0 0 0 0 0 0 0 0 21 2 0 11 13 125 255 255 14 0 11 0 11 0 0 0 0 0 0 0 0 0 0 0 0 0 0 0 9 8 29 99 181 243 255 84 20 0 0 0 0 4 6 0 0 0 0 0 0 0 0 0 0 0 0 9 0 143 255 254 249 255 247 245 146 34 0 2 0 0 1 0 0 0 0 0 0 0 0 0 0 0 0 0 9 108 199 159 116 126 192 255 246 247 119 1 6 0 1 0 0 0 0 0 0 0 0 0 0 0 0 1 0 8 1 0 0 0 7 52 232 242 232 0 0 19 0 0 0 0 0 0 0 0 0 0 0 0 0 2 6 0 0 10 0 0 0 8 38 255 223 0 4 0 8 0 0 0 0 0 0 0 0 0 0 0 0 0 4 0 5 1 0 9 0 0 32 255 224 0 12 0 4 0 0 0 0 0 0 0 0 0 0 0 0 11 4 11 6 0 0 11 0 6 188 251 163 2 0 10 0 0 0 0 0 0 0 0 0 0 0 0 0 0 0 0 12 0 4 0 0 102 255 235 44 10 0 2 0 0 0 0 0 0 0 0 0 0 0 0 0 8 32 0 0 17 1 9 134 254 241 113 0 0 0 3 0 0 0 0 0 0 0 0 0 0 0 0 0 0 0 0 10 0 67 224 255 252 142 0 0 0 3 8 0 0 0 0 0 0 0 0 0 0 0 0 0 64 218 158 160 241 243 254 213 97 0 0 0 10 0 0 2 0 0 0 0 0 0 0 0 0 0 0 0 8 132 217 207 190 183 111 10 0 0 0 0 0 0 0 0 0 0 0 0 0 0 0 0 0 0 0 0 0 0 5 4 0 0 0 0 0 0 0 0 0 0 0 0 0 0 0 0 0 0 0 0 0 0 0 0 6 0 0 0 0 0 0 9 0 0 0 0 0 0 0 0 0 0 0 0 0 0 0 0 0 0 0 0 0 4 5 0 0 9 3 0 0 0 0 0 0 0 0 0 0 0 0 0
0 0 0 0 0 0 0 0 5 2 7 0 0 0 1 0 0 1 0 0 4 2 0 3 0 0 0 0 0 0 0 0 0 0 0 0 0 2 15 0 0 21 0 2 12 5 0 6 13 0 0 0 0 0 0 0 0 0 0 0 0 0 0 0 0 0 0 0 18 0 0 19 0 18 3 0 0 0 19 0 0 0 0 0 0 0 0 0 0 0 0 0 12 241 248 255 154 82 47 0 3 0 0 14 15 2 0 0 0 0 0 0 0 0 0 0 0 0 0 0 28 244 248 252 242 250 255 170 71 16 16 0 0 12 0 5 0 0 0 0 0 0 0 0 0 0 0 0 6 92 187 154 243 228 255 246 251 240 220 88 0 13 4 0 0 0 0 0 0 0 0 0 0 0 0 0 0 1 1 0 43 170 202 226 229 251 255 223 84 0 0 8 0 0 0 0 0 0 0 0 0 0 0 0 2 4 0 8 0 3 7 43 203 245 255 248 116 0 5 0 0 0 0 0 0 0 0 0 0 0 0 0 3 0 11 7 0 2 6 205 253 248 255 93 0 4 0 1 0 0 0 0 0 0 0 0 0 0 0 0 0 19 0 0 10 33 213 241 255 239 50 14 0 2 0 0 0 0 0 0 0 0 0 0 0 0 0 0 0 8 0 0 28 194 248 255 240 96 0 0 9 10 0 19 0 0 0 0 0 0 0 0 0 0 0 0 0 2 4 0 68 247 255 236 150 15 0 0 3 0 7 0 0 0 0 0 0 0 0 0 0 0 0 0 2 0 0 21 0 216 254 255 192 89 35 7 1 0 0 10 0 0 0 0 0 0 0 0 0 0 0 0 3 4 0 0 10 28 198 255 255 249 230 92 16 7 10 0 0 0 0 0 0 0 0 0 0 0 0 0 5 0 3 0 4 1 14 171 233 255 255 255 170 0 0 3 0 0 0 0 0 0 0 0 0 0 0 0 0 7 3 0 0 5 0 5 62 215 255 250 244 218 0 0 0 0 0 0 0 0 0 4 3 0 1 7 1 0 0 3 0 0 2 7 0 0 99 253 248 241 78 6 0 0 0 0 0 0 6 0 0 29 249 25 5 9 4 0 0 5 1 0 13 0 77 251 250 251 51 0 0 0 0 0 6 0 0 12 0 213 248 38 0 0 0 0 5 3 0 4 0 59 213 253 252 163 0 12 0 0 0 0 7 13 5 0 0 229 240 168 72 49 8 3 32 40 63 117 209 252 244 250 247 32 7 0 0 0 0 0 0 0 0 15 3 240 252 247 255 239 208 218 255 251 240 255 252 238 255 192 76 0 10 0 0 0 0 0 1 2 4 2 0 27 182 242 246 255 255 244 248 252 251 255 247 227 122 0 10 0 4 2 0 0 0 0 6 0 0 13 0 17 0 88 180 229 255 250 229 222 220 216 137 0 15 0 0 0 5 0 0 0 0 0 0 7 8 0 4 7 0 4 1 0 5 3 0 0 5 0 0 24 0 0 7 7 0 0 0 0 0 0 0 0 0 0 0 0 0 0 0 0 0 0 0 0 0 0 0 0 0 0 0 0 0 0 0 0 0 0 0 0 0 0 0 0 0 0 0 0 0 0 0 0 0 0 0 0 0 0 0 0 0 0 0 0 0 0 0 0 0 0 0 0 0 0 0 0 0 0 0 0 0 0 0 0 0 0 0 0 0 0 0 0 0 0 0 0 0 0 0 0 0 0 0 0 0 0 0 0 0 0 0 0 0 0 0 0 0 0 0 0 0 0
3 1 8 0 0 4 0 10 0 5 4 0 0 9 10 0 0 0 0 4 4 0 0 2 0 0 0 0 2 0 0 6 11 6 2 0 9 1 0 6 6 0 0 0 0 2 0 0 2 0 0 2 0 0 0 0 0 6 0 5 0 0 21 11 0 0 0 0 0 2 8 9 0 5 2 0 1 2 0 1 0 0 0 0 0 10 0 0 2 0 0 0 6 0 1 12 10 0 0 5 0 1 6 0 1 5 0 1 0 0 0 0 0 2 5 0 11 6 5 116 148 239 255 243 243 255 196 76 16 0 1 1 0 5 0 2 0 0 0 0 0 0 12 0 0 0 31 237 253 219 187 184 204 228 244 252 75 0 0 3 0 4 0 3 0 0 0 0 10 0 0 0 7 0 0 96 92 37 0 0 6 52 155 255 173 20 0 8 0 3 1 0 0 0 0 0 0 0 8 0 0 4 0 0 0 0 1 12 0 1 112 244 253 50 0 15 0 3 1 0 0 0 0 0 0 0 6 0 5 11 0 1 10 5 3 0 0 0 109 255 255 93 0 0 0 0 0 0 0 0 0 0 3 3 1 4 0 0 6 4 3 0 9 16 7 0 118 249 118 1 15 0 10 14 0 9 0 0 0 0 2 4 0 12 0 0 15 0 8 0 0 0 24 151 248 255 105 0 11 0 0 0 3 0 0 0 0 0 0 3 0 5 4 7 1 1 0 67 92 105 110 236 255 217 39 0 0 8 13 0 14 0 0 0 0 0 0 3 0 0 1 0 0 122 193 245 255 251 252 255 255 253 208 196 77 8 0 0 0 6 0 0 0 0 0 1 3 4 0 0 19 255 255 228 255 240 236 99 147 255 254 255 242 151 11 14 0 6 0 0 0 0 0 5 0 6 0 2 17 202 240 207 156 5 5 0 26 0 109 141 245 250 88 16 0 1 0 0 0 0 0 15 0 0 0 11 0 31 55 0 0 4 7 0 2 0 0 6 35 190 255 126 14 0 0 0 0 0 0 1 6 1 0 2 5 0 4 0 0 0 15 0 11 7 5 0 0 183 240 172 5 7 0 0 0 0 4 0 0 0 11 0 0 15 0 8 4 4 0 3 0 0 0 18 0 107 255 255 37 0 0 0 0 0 0 0 0 6 4 0 0 0 0 1 0 0 0 8 9 13 4 0 68 193 252 180 12 11 0 0 0 0 2 6 0 0 0 0 2 12 7 0 12 5 10 0 0 0 19 98 255 250 236 57 0 0 0 0 0 0 1 9 0 0 9 5 0 0 4 0 0 0 0 4 4 26 221 241 235 254 59 4 0 7 0 0 0 0 0 0 9 10 0 73 115 46 8 39 17 77 94 186 227 255 251 255 127 7 0 0 9 0 0 0 0 0 11 0 9 2 0 105 237 217 183 224 207 248 250 248 253 217 101 64 0 0 11 0 3 2 0 0 0 0 0 9 0 0 13 25 114 255 253 255 252 240 243 108 98 15 5 0 1 9 0 2 0 0 0 0 0 0 0 0 0 0 0 0 0 0 0 0 0 0 0 0 0 0 0 0 0 0 0 0 0 0 0 0 0 0 0 0 0 0 0 0 0 0 0 0 0 0 0 0 0 0 0 0 0 0 0 0 0 0 0 0 0 0 0 0 0 0 0 0 0 0 0 0 0 0 0 0 0 0 0 0 0 0 0 0 0 0 0 0 0 0 0 0 0 0 0 0 0 0 0 0 0 0 0 0 0 0 0 0 0 0 0 0 0 0 0 0 0 0
0 0 0 0 0 0 0 0 11 0 0 7 0 4 0 0 1 5 1 2 0 0 6 0 0 0 0 0 0 0 0 0 0 0 0 0 0 6 0 9 0 5 0 7 5 0 0 1 2 0 1 4 0 0 0 0 0 0 0 0 0 0 0 0 0 19 0 1 0 0 0 0 0 0 0 3 5 0 0 3 0 0 0 0 0 0 0 0 0 0 0 0 18 0 5 66 243 200 164 15 0 0 18 0 0 0 2 0 0 0 0 0 0 0 0 0 0 0 0 0 0 7 9 137 173 227 236 206 39 0 8 0 0 1 7 0 0 0 0 0 0 0 0 0 0 0 0 0 10 0 0 0 7 22 173 255 160 16 0 0 9 0 3 0 0 0 0 0 0 0 0 0 0 0 0 0 0 0 4 9 1 0 90 241 240 32 0 0 10 0 3 0 0 0 0 0 0 0 0 0 0 0 0 0 2 17 0 1 0 0 54 254 236 24 1 0 0 0 11 0 0 0 0 0 0 16 0 0 3 0 0 1 3 7 0 0 0 2 152 251 95 3 0 0 2 9 0 7 0 0 0 0 7 0 0 5 9 0 0 15 1 3 0 21 76 177 255 212 7 0 1 14 0 0 0 0 0 0 0 0 9 0 0 0 2 10 0 0 61 81 125 225 239 250 182 40 0 14 0 0 0 0 27 2 0 0 0 0 0 0 10 0 0 8 0 53 251 255 242 250 251 255 203 62 15 3 0 15 11 0 0 0 0 0 0 0 0 0 5 0 5 0 12 169 253 255 245 194 194 208 246 254 251 122 26 0 0 12 2 0 0 0 0 0 0 3 0 0 13 0 2 118 156 100 35 0 23 0 23 75 194 220 238 116 0 0 6 6 0 0 0 0 0 7 0 0 5 6 0 1 0 15 13 0 0 0 0 1 3 104 231 201 57 0 5 0 0 0 0 0 2 0 0 11 0 0 10 0 0 0 0 13 0 9 1 1 0 0 121 255 170 7 0 8 0 0 0 0 0 9 0 0 9 0 0 4 0 0 9 0 4 0 4 1 0 6 0 188 251 7 4 0 0 0 0 0 0 6 3 0 0 5 0 2 0 3 0 12 0 10 0 0 0 0 4 75 255 0 10 1 0 0 0 0 2 0 0 3 0 10 0 21 9 1 1 0 4 0 7 4 10 0 74 235 169 4 11 0 0 0 0 0 10 0 0 11 4 3 0 142 24 1 9 0 11 0 3 0 66 187 240 234 53 0 1 2 0 0 0 0 0 8 0 8 1 0 22 246 238 200 151 137 147 190 234 255 243 255 166 38 0 3 0 7 0 0 0 0 0 16 0 0 4 0 0 147 255 248 249 241 255 245 253 249 214 101 0 0 0 16 0 0 0 0 0 0 0 6 0 0 4 1 0 3 11 41 153 184 243 152 111 47 0 0 13 0 11 0 0 2 0 0 0 0 4 0 1 9 0 0 20 0 9 0 0 0 12 0 0 1 11 0 0 0 0 0 4 0 0 0 0 0 0 0 0 0 0 0 0 0 0 0 0 0 0 0 0 0 0 0 0 0 0 0 0 0 0 0 0 0 0 0 0 0 0 0 0 0 0 0 0 0 0 0 0 0 0 0 0 0 0 0 0 0 0 0 0 0 0 0 0 0 0 0 0 0 0 0 0 0 0 0 0 0 0 0 0 0 0 0 0 0 0 0 0 0 0 0 0 0 0 0 0 0 0 0 0 0 0 0 0 0 0 0 0 0 0 0 0 0 0 0 0 0
0 0 0 0 0 0 0 0 3 5 0 0 3 8 3 3 0 0 0 2 3 0 5 5 0 0 0 0 0 0 0 0 0 0 0 0 0 5 6 0 1 0 0 0 0 3 7 4 2 1 0 0 0 0 0 0 0 0 0 0 0 0 0 0 0 5 1 0 2 5 4 7 4 0 0 0 0 10 9 6 0 0 0 0 0 0 0 0 0 0 0 0 5 5 0 0 6 7 0 0 0 1 0 10 5 0 0 0 0 0 0 0 0 0 0 0 0 0 0 0 2 4 1 2 4 0 0 4 28 135 208 255 165 13 1 0 0 0 0 0 0 0 0 0 0 0 0 0 0 0 4 3 0 0 54 130 225 255 248 255 161 9 0 0 0 0 0 0 0 0 0 0 0 0 0 0 0 0 0 0 0 13 122 252 253 255 255 235 128 4 0 13 0 0 0 0 0 0 0 0 0 0 0 0 4 0 0 4 0 12 122 255 255 219 244 255 252 172 38 0 0 0 0 0 0 0 0 0 0 0 0 0 13 0 2 0 3 0 27 60 60 51 59 126 220 249 75 0 0 0 0 0 0 0 0 0 0 0 0 0 4 0 0 1 0 1 3 8 0 4 6 17 0 253 84 0 0 0 0 0 0 0 0 0 0 0 0 0 0 7 3 14 0 8 0 0 16 0 1 0 183 255 61 0 0 0 0 0 0 0 0 0 0 0 0 0 6 5 0 0 10 48 90 127 129 124 77 181 255 244 65 1 0 0 0 0 0 0 0 0 0 0 0 0 0 6 36 123 220 237 255 255 255 251 247 255 189 5 0 0 0 0 0 0 0 0 0 0 0 0 0 0 7 114 211 255 255 187 216 249 243 254 255 215 37 0 12 4 0 0 0 0 0 0 0 0 0 0 0 0 171 252 255 253 255 247 255 255 238 110 171 248 32 1 9 0 0 0 0 0 0 0 0 0 0 0 0 0 128 250 255 255 253 248 193 111 12 0 133 253 150 8 0 10 0 0 0 0 2 0 2 6 6 0 0 70 31 58 89 89 90 72 0 0 5 0 130 255 149 0 1 1 0 0 0 0 0 0 0 0 9 43 148 242 203 77 0 0 0 5 4 0 5 0 135 255 70 0 6 1 0 0 0 0 3 10 6 0 1 68 240 255 250 255 140 2 0 0 11 3 0 21 237 207 21 0 0 0 0 0 0 0 0 0 8 10 0 74 255 202 69 57 38 12 0 0 4 0 16 193 255 163 0 14 0 0 0 0 0 0 0 0 1 2 0 48 242 244 63 5 0 12 0 22 0 15 188 236 242 32 10 7 0 8 0 0 0 0 2 18 5 0 6 0 131 255 208 108 28 34 0 29 61 249 249 185 55 8 5 0 8 0 0 0 0 0 0 0 4 0 9 0 28 174 250 242 255 255 188 252 255 241 150 26 3 0 15 0 1 0 0 0 0 0 11 0 13 0 0 11 0 24 120 207 246 255 243 236 150 38 6 0 0 6 0 1 0 0 0 0 0 0 0 0 0 0 0 0 0 0 0 0 0 0 0 0 0 0 0 0 0 0 0 0 0 0 0 0 0 0 0 0 0 0 0 0 0 0 0 0 0 0 0 0 0 0 0 0 0 0 0 0 0 0 0 0 0 0 0 0 0 0 0 0 0 0 0 0 0 0 0 0 0 0 0 0 0 0 0 0 0 0 0 0 0 0 0 0 0 0 0 0 0 0 0 0 0 0 0 0 0 0 0 0 0 0 0 0 0 0 0 0 0 0
0 5 0 0 8 4 0 0 9 0 7 0 5 8 0 4 9 0 0 4 1 0 10 0 0 0 0 0 6 0 5 20 0 0 7 4 0 1 0 7 0 0 0 3 0 13 7 0 0 1 0 0 0 0 0 0 0 9 0 0 0 11 5 0 7 3 2 6 0 0 0 0 0 0 0 0 11 0 0 25 0 0 0 0 0 9 0 0 10 0 0 16 1 0 12 0 4 0 7 2 2 6 7 0 0 5 0 0 0 0 0 0 7 0 5 7 0 9 14 0 7 6 0 0 0 0 8 0 0 0 8 23 8 4 5 1 0 0 0 0 2 0 1 0 0 0 3 1 0 99 120 246 255 255 255 232 255 104 0 0 4 0 0 0 0 0 0 0 0 0 0 14 12 0 43 173 196 255 239 255 248 243 240 255 251 228 90 12 0 0 10 0 0 0 0 0 0 8 2 0 8 127 233 255 255 234 246 118 128 131 127 218 242 255 89 0 7 1 11 0 0 0 0 0 0 7 0 0 9 185 255 243 220 181 65 11 0 3 5 185 246 253 99 0 0 11 0 9 0 0 0 0 0 5 0 1 0 94 136 113 27 0 11 0 0 1 59 229 255 244 79 7 3 0 10 0 0 0 0 0 1 0 3 1 0 10 17 5 10 10 0 14 2 59 250 248 249 129 11 3 7 0 7 6 0 0 0 0 1 0 2 0 8 0 0 0 0 8 0 5 14 159 255 242 251 36 0 0 8 2 0 8 0 0 0 0 2 0 1 0 17 0 5 8 1 6 0 53 162 251 245 255 184 22 13 0 0 12 0 0 0 0 0 0 3 0 2 0 9 0 1 0 0 0 61 155 249 246 255 228 81 51 64 66 22 0 10 11 0 0 0 0 2 0 3 0 1 0 0 0 21 49 235 254 245 250 255 247 253 255 254 248 176 74 15 0 0 0 0 0 0 0 3 10 1 0 9 21 187 254 255 251 255 250 249 255 246 255 246 250 255 249 87 3 0 0 0 0 8 0 7 5 0 0 40 181 254 248 251 244 254 222 213 215 214 224 226 228 255 243 190 8 0 0 0 0 0 0 12 0 39 167 231 255 254 255 236 137 75 7 8 8 12 11 0 82 238 255 185 0 0 0 0 0 0 5 1 0 102 236 255 251 246 127 29 0 10 0 3 0 0 0 0 255 255 224 197 8 0 0 0 0 2 0 12 0 46 205 255 210 84 23 0 7 14 0 0 5 10 39 156 236 251 249 188 0 0 0 0 0 14 0 0 0 11 0 0 0 2 0 0 0 0 6 10 7 87 237 253 248 253 160 8 13 0 0 0 0 0 0 6 0 0 7 32 8 0 0 0 29 48 122 179 199 253 255 255 243 199 0 17 0 0 0 0 0 0 5 0 6 19 0 0 0 9 35 125 187 235 253 255 241 242 255 241 75 7 0 0 15 0 0 0 0 0 12 0 0 1 0 5 8 0 99 252 251 255 239 255 201 200 34 39 0 0 5 13 0 0 0 0 0 0 0 0 0 0 0 0 0 7 32 195 93 102 92 98 21 0 0 0 0 0 0 0 0 0 0 0 0 0 0 0 0 0 0 0 0 1 0 27 0 0 4 8 0 0 0 0 0 0 0 0 0 0 0 0 0 0 0 0 0 0 0 0 0 12 0 0 17 0 14 0 4 0 0 0 0 0 0 0 0 0 0 0 0 0 0 0 0 0 0 0 0 0 0 0 0 2 0 0 0 0 0 0 0 0 0 0 0 0 0 0 0
0 0 0 0 0 0 0 0 0 0 4 3 0 1 5 0 0 3 0 7 0 10 0 0 0 0 0 0 0 0 0 0 0 0 0 0 13 0 0 6 1 0 0 2 1 0 0 0 0 5 3 10 0 0 0 0 0 0 0 0 0 0 0 0 0 0 0 0 0 14 11 0 3 0 3 0 1 0 0 0 0 0 0 0 0 0 0 0 0 0 0 0 0 0 2 11 0 0 0 11 0 4 5 7 5 0 7 1 0 0 0 0 0 0 0 0 0 0 0 0 5 1 0 0 0 2 5 0 8 6 0 0 2 3 4 0 0 0 0 0 0 0 0 0 0 0 0 0 0 0 2 0 1 60 145 197 246 255 254 207 99 0 0 20 0 0 0 0 0 0 0 0 0 0 0 0 4 0 31 149 231 248 246 250 255 239 255 255 217 26 0 0 0 0 0 0 0 0 0 0 0 0 0 0 16 132 234 250 241 250 215 144 74 74 193 253 255 12 3 4 0 0 0 0 0 0 0 0 0 0 0 0 167 255 248 233 185 101 0 4 0 25 240 250 198 0 0 3 0 0 0 0 0 0 0 0 0 0 0 0 255 242 167 5 5 0 15 0 27 191 255 232 131 10 0 11 0 0 0 0 0 0 0 0 0 0 0 0 8 22 5 6 0 6 0 109 240 237 255 226 26 0 9 0 0 0 0 0 0 0 0 0 0 0 0 0 9 1 0 3 3 33 184 236 255 255 239 237 255 61 5 0 0 0 0 0 0 0 0 0 0 0 0 0 0 8 54 134 224 255 237 255 246 195 171 255 238 217 0 14 0 0 0 0 0 0 0 0 0 0 0 0 1 92 255 234 239 251 198 112 22 9 0 139 237 212 11 0 0 0 0 0 0 0 0 0 0 0 0 0 0 206 233 255 152 54 23 0 6 0 14 180 255 226 0 11 0 0 0 0 0 0 0 0 0 0 0 0 9 82 145 34 0 3 0 0 4 4 74 255 253 148 0 0 0 0 0 0 0 18 1 0 0 15 5 0 1 0 8 4 3 4 0 0 0 25 155 241 242 46 0 6 0 0 0 0 8 0 0 14 0 0 0 13 1 0 0 0 0 7 0 5 3 71 255 255 146 3 0 9 0 0 0 0 0 0 9 0 3 6 11 0 0 4 5 0 1 7 0 9 15 211 244 178 12 0 0 0 0 0 0 0 1 0 4 9 2 0 0 0 5 8 0 0 9 6 0 16 161 247 255 93 0 12 9 8 0 0 0 0 5 9 0 4 0 29 0 3 0 0 0 12 1 3 117 255 251 242 58 16 8 0 0 6 0 0 0 0 0 0 12 0 123 228 211 142 0 21 2 0 59 179 253 237 216 47 6 0 0 0 11 0 0 0 0 0 21 0 1 0 198 255 252 204 84 64 93 198 255 255 243 176 0 7 0 26 0 0 4 3 0 0 0 0 0 13 0 0 114 255 245 255 255 250 251 255 235 189 121 0 2 2 0 0 0 10 0 0 0 0 0 0 2 0 0 0 9 63 138 194 255 238 193 168 102 15 0 0 0 0 0 0 0 0 0 0 0 0 0 0 0 2 11 10 1 0 0 4 0 0 0 7 3 0 2 6 0 0 0 0 0 0 0 0 0 0 0 0 3 2 0 0 0 0 0 0 6 14 3 1 1 0 5 0 0 0 0 0 0 0 0 0 0 0 0 0 0 0 0 1 5 8 9 9 0 0 0 0 0 8 10 0 0 0 0 0 0 0 0 0 0 0 0 0
0 0 0 0 0 0 0 0 0 0 0 0 0 0 0 0 1 0 0 12 0 4 3 0 0 0 0 0 0 0 0 0 0 0 0 0 0 0 0 0 0 0 0 0 3 0 0 0 8 3 0 30 0 0 0 0 0 0 0 0 0 0 0 0 0 0 0 0 0 0 0 0 5 15 21 0 0 0 20 0 0 0 0 0 0 0 0 0 0 0 0 0 0 0 0 0 0 0 0 0 0 0 0 10 6 0 5 0 0 0 0 0 0 0 0 0 0 0 0 0 0 0 0 0 0 0 0 0 10 9 0 2 120 196 11 0 0 0 0 0 0 0 0 0 0 0 0 0 0 0 0 0 0 0 0 0 1 0 0 121 244 254 27 0 0 0 0 0 0 0 0 0 0 0 0 0 0 0 0 0 0 0 0 0 0 101 157 248 255 247 144 18 0 0 0 0 0 0 0 0 0 0 0 0 0 0 0 0 0 0 0 0 135 239 255 246 253 255 145 0 0 0 0 0 0 0 0 0 0 0 0 0 2 0 0 5 12 0 0 34 235 252 243 255 249 217 31 0 0 0 0 0 0 0 0 0 0 0 0 0 0 20 0 0 0 12 0 21 125 255 255 255 241 91 0 5 0 0 0 0 0 0 0 0 0 0 0 0 0 0 0 9 11 0 4 24 95 255 240 212 98 0 0 2 0 0 0 0 0 0 0 0 0 0 0 0 14 0 0 4 0 1 132 241 253 247 210 29 0 0 3 3 0 0 0 0 0 0 0 0 0 0 0 0 0 18 0 40 52 201 251 245 254 255 67 0 11 0 9 0 0 0 0 0 0 0 0 0 0 0 0 0 2 16 126 249 250 255 250 255 253 254 220 11 0 1 0 12 0 0 0 0 0 0 0 0 0 0 0 0 0 59 254 252 234 175 105 0 14 173 255 112 0 20 0 0 0 0 0 0 0 0 0 0 0 0 0 0 6 18 158 94 22 3 7 0 0 199 255 98 5 0 3 2 0 0 0 0 0 0 0 0 17 0 0 3 9 0 10 0 0 0 0 14 93 249 247 83 0 0 1 0 0 0 0 0 4 6 5 1 0 2 2 0 0 0 0 1 11 0 45 164 255 240 133 18 0 6 0 0 0 0 0 0 2 0 0 11 0 5 10 7 16 0 2 2 0 103 237 255 255 154 33 0 0 2 0 3 0 0 0 0 0 2 2 0 0 0 0 0 0 24 0 8 165 255 249 215 94 39 0 0 2 0 0 1 0 0 0 0 3 0 0 44 227 255 192 113 24 0 55 211 255 230 160 23 6 0 0 0 0 3 5 0 0 0 0 0 3 0 0 47 246 255 244 255 128 209 236 240 213 93 0 0 2 0 0 5 0 0 0 0 0 0 0 0 0 0 16 88 255 255 238 255 246 255 254 147 18 0 12 0 0 1 5 7 0 0 0 5 0 0 0 0 0 5 0 9 164 255 255 241 218 132 50 0 0 4 0 5 0 5 0 0 0 6 2 0 0 0 0 0 0 0 0 0 0 0 0 0 0 0 0 0 0 0 0 0 0 0 0 0 0 0 0 0 0 0 0 0 0 0 0 0 0 0 0 0 0 0 0 0 0 0 0 0 0 0 0 0 0 0 0 0 0 0 0 0 0 0 0 0 0 0 0 0 0 0 0 0 0 0 0 0 0 0 0 0 0 0 0 0 0 0 0 0 0 0 0 0 0 0 0 0 0 0 0 0 0 0 0 0 0 0 0 0 0 0 0 0 0 0 0 0
0 0 0 0 0 0 0 0 5 0 3 0 0 4 0 0 0 0 3 0 6 0 5 3 0 0 0 0 0 0 0 0 0 0 0 0 0 0 7 14 10 0 0 5 3 0 0 7 0 0 0 6 0 0 0 0 0 0 0 0 0 0 0 0 8 9 0 0 0 2 5 0 4 0 13 0 0 22 10 0 0 0 0 0 0 0 0 0 0 0 0 0 0 1 0 10 5 4 3 0 3 21 205 249 138 0 12 0 0 0 0 0 0 0 0 0 0 0 0 0 3 4 0 13 0 0 22 76 153 242 255 240 226 34 0 9 0 0 0 0 0 0 0 0 0 0 0 0 0 8 0 0 19 150 220 255 255 255 246 254 154 0 0 3 0 0 0 0 0 0 0 0 0 0 0 0 0 9 3 0 52 242 255 243 238 255 253 164 37 2 1 1 0 0 0 0 0 0 0 0 0 0 0 0 12 0 0 10 87 255 246 255 253 252 255 95 0 0 0 4 0 0 0 0 0 0 0 0 0 0 0 0 0 6 0 0 23 151 52 120 250 255 175 4 11 0 8 0 0 0 0 0 0 0 0 0 0 0 0 0 8 0 0 0 3 3 52 220 254 235 59 0 4 11 0 3 0 0 0 0 0 0 0 0 0 0 0 0 6 0 0 18 7 102 212 250 255 118 12 0 10 7 0 0 0 0 0 0 0 0 0 0 0 0 0 0 0 1 24 104 164 255 255 255 255 252 94 3 0 0 12 0 0 0 0 0 0 0 0 0 0 0 0 0 3 0 216 255 242 240 250 245 234 255 255 183 10 11 0 3 0 0 0 0 0 0 0 0 0 0 0 0 0 22 218 251 252 255 193 204 255 255 234 255 168 9 0 0 0 0 0 0 0 0 0 0 0 0 0 0 1 1 103 143 40 39 0 27 42 36 224 253 178 0 9 8 0 0 0 0 0 0 0 0 0 0 0 0 2 0 2 7 2 0 10 0 2 0 152 253 198 0 0 0 0 0 0 0 0 4 0 8 0 8 0 0 4 0 8 11 23 5 10 7 15 117 255 244 134 0 0 2 0 0 0 0 12 1 0 8 3 0 11 58 139 171 250 254 240 255 255 159 183 255 247 174 3 10 0 6 0 0 0 0 0 0 0 0 0 13 132 220 255 248 245 248 255 246 240 254 246 255 226 60 4 0 17 0 0 0 0 0 3 19 10 4 0 36 240 255 252 234 255 255 246 242 255 255 255 239 244 250 210 74 0 2 0 0 0 0 0 0 0 8 0 37 255 236 255 249 255 255 255 255 230 142 43 75 51 65 37 46 0 0 0 0 0 0 13 10 0 11 0 16 255 254 249 246 251 244 232 133 47 8 4 0 0 0 11 0 1 7 0 0 0 0 0 0 0 3 8 40 208 255 255 246 255 191 57 0 8 0 0 5 10 2 0 11 11 0 0 0 0 0 7 0 6 0 6 0 0 7 0 0 6 0 5 0 7 4 12 0 0 3 0 0 5 0 0 0 0 0 0 0 0 0 0 0 0 0 0 0 0 0 0 0 0 0 0 0 0 0 0 0 0 0 0 0 0 0 0 0 0 0 0 0 0 0 0 0 0 0 0 0 0 0 0 0 0 0 0 0 0 0 0 0 0 0 0 0 0 0 0 0 0 0 0 0 0 0 0 0 0 0 0 0 0 0 0 0 0 0 0 0 0 0 0 0 0 0 0 0 0 0 0 0 0 0 0 0 0 0 0 0 0 0 0 0 0 0 0 0 0 0
0 0 0 0 0 0 0 0 4 0 10 0 0 0 13 0 0 0 1 0 1 2 0 5 0 0 0 0 0 0 0 0 0 0 0 0 0 16 0 11 0 7 0 6 12 6 0 0 0 6 22 0 0 0 0 0 0 0 0 0 0 0 0 0 0 0 0 6 0 15 13 0 0 0 0 15 2 0 2 2 0 0 0 0 0 0 0 0 0 0 0 0 0 2 0 2 7 0 0 9 10 18 0 0 13 0 0 5 0 0 0 0 0 0 0 0 0 0 0 0 4 0 92 238 121 66 10 0 0 0 8 0 0 15 0 3 0 0 0 0 0 0 0 0 0 0 0 0 8 0 18 163 232 249 161 90 61 0 0 12 0 0 5 0 0 0 0 0 0 0 0 0 0 0 0 0 13 0 0 0 77 170 255 255 240 140 6 0 7 0 7 0 0 0 0 0 0 0 0 0 0 0 0 0 0 16 0 0 2 0 1 64 183 250 75 0 20 0 7 3 0 0 0 0 0 0 0 0 0 0 0 0 0 12 0 0 0 15 0 15 6 245 121 6 4 6 0 6 0 0 0 0 0 0 0 0 0 0 0 0 0 0 9 11 0 0 0 21 245 197 18 0 0 0 8 0 0 0 0 0 0 0 0 0 0 0 0 0 0 6 6 0 8 0 66 197 169 60 0 22 6 0 13 7 0 0 0 0 0 0 0 0 0 0 0 0 8 7 0 0 14 98 239 130 17 3 0 0 0 0 5 0 0 0 0 0 0 0 0 0 0 0 0 0 0 0 23 10 180 243 53 0 0 8 4 0 0 9 4 0 0 0 0 0 0 0 0 0 0 0 0 0 0 13 0 4 173 254 141 27 12 0 0 13 8 0 0 11 0 0 0 0 0 0 0 0 0 0 0 0 1 0 2 16 0 69 187 255 143 101 5 1 0 1 0 0 0 0 0 0 0 0 0 0 0 0 0 0 0 7 0 0 0 11 17 56 227 255 102 8 0 12 0 2 0 0 0 0 0 7 2 0 0 0 0 0 0 4 5 3 1 1 0 0 19 142 255 65 1 0 17 0 0 0 0 0 2 0 0 1 6 4 4 0 11 0 0 0 0 4 4 0 20 8 231 64 4 1 0 1 0 0 0 0 10 0 0 1 0 3 2 0 0 0 12 16 8 1 0 3 0 98 214 36 2 0 5 0 0 0 0 0 4 0 5 0 0 2 3 0 7 1 0 0 0 0 0 0 88 235 137 0 0 0 12 0 0 0 0 0 0 0 8 0 0 11 0 0 0 0 2 0 0 5 35 65 240 130 17 0 0 7 0 3 0 0 0 0 6 0 5 0 2 7 0 13 6 0 0 14 45 96 164 216 149 0 0 1 4 0 3 1 0 0 0 0 9 0 5 0 1 0 9 113 117 129 172 231 249 191 88 10 0 0 14 0 7 0 13 0 0 0 0 0 0 0 8 2 3 0 60 245 255 220 163 102 44 3 0 6 0 6 0 0 0 6 0 0 0 0 0 0 0 0 0 0 0 0 0 0 0 0 0 0 0 0 0 0 0 0 0 0 0 0 0 0 0 0 0 0 0 0 0 0 0 0 0 0 0 0 0 0 0 0 0 0 0 0 0 0 0 0 0 0 0 0 0 0 0 0 0 0 0 0 0 0 0 0 0 0 0 0 0 0 0 0 0 0 0 0 0 0 0 0 0 0 0 0 0 0 0 0 0 0 0 0 0 0 0 0 0 0 0 0 0 0 0 0 0 0 0 0 0 0
0 0 0 0 0 0 0 0 1 0 13 0 0 0 11 0 0 3 2 0 0 0 12 0 0 0 0 0 0 0 0 0 0 0 0 0 0 2 0 16 0 16 0 2 0 0 16 0 11 6 0 12 0 0 0 0 0 0 0 0 0 0 0 0 13 0 0 0 6 0 0 3 5 8 0 0 18 0 0 0 0 0 0 0 0 0 0 0 0 0 0 0 0 9 12 83 129 255 235 163 80 0 26 8 0 18 22 0 0 0 0 0 0 0 0 0 0 0 0 0 7 0 79 255 242 251 244 255 255 255 105 0 0 0 0 8 0 0 0 0 0 0 0 0 0 0 0 0 12 2 138 255 253 231 255 233 248 253 234 101 0 15 10 0 0 0 0 0 0 0 0 0 0 0 0 0 0 0 41 107 18 0 1 31 160 255 252 149 2 0 11 0 0 0 0 0 0 0 0 0 0 0 0 0 7 0 6 0 0 0 10 2 112 245 255 143 0 0 0 11 0 0 0 0 0 0 0 0 0 0 0 0 1 6 0 0 6 0 2 73 239 246 255 64 0 1 17 0 0 0 0 0 0 0 0 0 0 0 0 0 0 0 8 0 4 21 139 233 255 220 148 12 3 7 0 0 0 0 0 0 0 0 0 0 0 0 0 0 0 3 2 23 92 181 255 248 227 78 0 0 11 4 0 5 0 0 0 0 0 0 0 0 0 0 0 0 4 2 7 172 238 255 255 254 196 40 0 0 0 6 4 10 0 0 0 0 0 0 0 0 0 0 0 0 0 10 15 193 255 249 225 255 249 196 141 23 0 13 0 2 0 0 0 0 0 0 0 0 0 0 0 0 0 2 1 72 183 193 203 211 255 255 250 138 6 5 0 0 0 0 0 0 0 0 0 0 0 0 0 0 16 0 0 0 22 0 0 15 145 230 255 247 21 0 9 0 0 0 0 0 0 0 0 0 0 0 0 0 0 0 7 0 0 9 9 0 4 237 247 255 16 0 3 0 0 0 0 0 1 5 0 11 0 0 17 0 0 3 0 1 0 0 22 0 13 218 249 255 0 7 3 0 0 0 0 0 7 8 0 0 92 201 0 11 0 9 10 0 12 0 0 3 121 239 255 202 18 6 0 0 0 0 0 0 0 0 18 9 255 250 34 3 13 0 3 0 5 9 11 129 246 255 255 83 0 0 0 14 0 0 0 0 3 4 0 34 228 246 232 214 105 24 16 0 0 67 142 246 244 253 207 16 0 4 0 2 0 0 0 0 0 17 0 0 35 219 255 246 255 238 234 229 235 255 255 242 255 252 137 9 1 10 0 0 0 0 0 0 7 0 9 4 0 20 132 255 246 255 235 249 255 242 245 255 251 189 41 0 0 1 0 14 0 0 0 0 0 11 0 1 3 9 1 0 6 81 133 223 248 162 126 133 75 35 0 0 9 2 0 2 0 0 0 0 2 0 10 0 0 5 0 11 0 4 0 5 0 0 15 0 0 0 6 0 9 0 8 0 0 0 0 0 0 0 0 0 0 0 0 0 0 0 0 0 0 0 0 0 0 0 0 0 0 0 0 0 0 0 0 0 0 0 0 0 0 0 0 0 0 0 0 0 0 0 0 0 0 0 0 0 0 0 0 0 0 0 0 0 0 0 0 0 0 0 0 0 0 0 0 0 0 0 0 0 0 0 0 0 0 0 0 0 0 0 0 0 0 0 0 0 0 0 0 0 0 0 0 0 0 0 0 0 0 0 0 0 0 0 0 0 0 0 0 0
0 0 0 0 0 1 1 0 0 0 0 6 5 0 0 2 0 0 0 0 0 1 1 1 0 0 0 0 0 0 2 4 4 0 0 0 0 9 4 0 0 0 5 0 0 0 0 0 0 1 1 1 0 0 0 0 5 2 0 0 0 0 5 10 1 0 0 4 5 0 0 7 0 0 0 0 0 0 1 1 0 0 0 0 0 0 0 1 2 0 0 0 0 9 8 0 0 3 0 0 0 0 0 0 0 0 0 0 0 0 0 0 0 0 0 2 7 10 8 5 3 0 0 0 1 0 0 9 0 0 0 0 0 0 0 0 0 0 0 0 3 2 0 0 0 0 0 0 6 10 14 15 16 13 3 0 1 1 0 0 0 0 0 0 0 0 0 0 0 0 8 5 0 0 13 27 105 213 255 255 245 242 153 26 1 1 1 0 0 0 0 0 0 0 0 0 2 2 0 0 13 81 177 249 255 255 247 237 237 244 242 234 1 1 1 0 0 0 0 0 0 0 0 0 0 2 0 16 107 215 255 237 205 113 91 35 56 47 249 250 103 0 0 0 2 0 0 14 0 0 0 0 0 22 3 0 199 131 58 70 3 0 0 14 41 113 255 247 64 0 4 7 0 15 12 0 0 0 0 0 8 0 2 5 6 0 0 4 0 6 62 184 239 253 248 139 3 0 0 10 0 0 0 6 0 0 0 0 0 30 0 0 0 20 4 174 211 201 237 255 255 236 255 218 184 106 14 0 0 10 7 0 0 0 0 0 0 0 0 4 9 1 41 242 255 252 248 160 157 149 254 242 250 246 239 173 68 0 8 2 0 0 0 0 8 0 11 0 2 0 26 147 186 136 65 0 0 0 41 28 96 172 238 253 255 123 8 0 0 0 0 0 0 0 0 0 0 16 0 0 18 0 0 0 8 0 0 0 0 28 63 112 236 233 88 17 0 0 0 0 0 6 0 4 2 0 0 15 0 4 5 0 9 0 3 0 10 0 11 0 43 246 201 5 0 0 0 0 4 0 0 1 0 5 14 0 0 0 7 0 8 0 9 2 0 3 0 8 0 214 253 135 0 0 0 0 0 0 6 6 4 0 0 56 162 49 0 6 0 0 0 0 0 10 3 0 13 86 255 198 0 0 0 0 5 0 4 0 5 0 15 159 254 222 56 0 14 0 7 0 12 0 0 9 0 187 255 188 0 0 0 0 0 3 7 0 9 7 0 79 235 255 234 66 27 0 1 3 0 14 1 16 179 235 241 43 0 0 0 0 0 5 1 0 3 0 0 0 55 213 255 243 239 89 36 0 1 6 39 210 254 243 160 2 0 0 0 0 11 0 0 11 0 0 19 7 0 40 196 255 230 245 227 216 205 191 223 255 247 130 0 1 0 0 0 0 0 0 7 18 2 0 0 0 8 0 11 118 173 255 248 246 255 255 231 178 120 16 12 0 0 0 0 0 8 0 12 0 0 16 0 7 0 0 8 0 0 22 24 148 135 141 135 0 0 4 0 10 0 0 0 0 0 0 0 0 0 0 0 0 0 0 0 0 0 0 0 0 0 0 0 0 0 0 0 0 0 0 0 0 0 0 0 0 0 0 0 0 0 0 0 0 0 0 0 0 0 0 0 0 0 0 0 0 0 0 0 0 0 0 0 0 0 0 0 0 0 0 0 0 0 0 0 0 0 0 0 0 0 0 0 0 0 0 0 0 0 0 0 0 0 0 0 0 0 0 0 0 0 0 0 0 0 0 0 0 0 0 0 0 0 0 0 0
0 0 0 0 0 0 0 0 0 5 6 0 0 0 2 5 0 2 6 2 0 0 0 12 0 0 0 0 0 0 0 0 0 0 0 0 0 1 2 0 25 0 0 0 0 3 0 0 2 7 7 0 0 0 0 0 0 0 0 0 0 0 0 0 7 4 0 0 10 0 1 11 0 2 4 18 10 0 7 0 0 0 0 0 0 0 0 0 0 0 0 0 1 0 0 25 0 0 17 0 9 0 0 0 0 0 12 0 0 0 0 0 0 0 0 0 0 0 0 0 7 0 17 0 126 176 85 246 113 116 123 39 2 0 2 0 0 0 0 0 0 0 0 0 0 0 0 0 0 0 8 105 255 241 243 255 255 248 255 200 138 26 0 7 0 0 0 0 0 0 0 0 0 0 0 0 0 3 0 87 216 255 255 243 255 251 244 255 245 59 0 0 0 0 0 0 0 0 0 0 0 0 0 0 0 5 0 2 42 227 142 145 158 255 254 250 198 2 3 3 0 0 0 0 0 0 0 0 0 0 0 0 1 0 3 0 0 9 7 93 165 255 253 255 198 4 0 0 0 0 0 0 0 0 0 0 0 0 0 0 18 0 0 16 17 45 201 255 255 251 254 247 174 0 15 5 0 0 0 0 0 0 0 0 0 0 0 0 0 4 0 136 209 254 247 250 251 236 251 190 22 14 0 0 0 0 0 0 0 0 0 0 0 0 0 0 5 12 200 253 255 255 255 247 255 223 98 8 9 0 0 3 0 0 0 0 0 0 0 0 0 0 0 0 0 0 243 242 251 255 255 255 210 43 18 2 0 0 3 6 0 0 0 0 0 0 0 0 0 0 0 0 14 85 246 255 255 252 240 255 255 239 63 17 1 0 0 0 0 0 0 0 0 0 0 0 0 0 0 0 0 16 198 245 255 233 255 236 233 255 248 94 5 0 16 1 0 0 0 0 0 0 0 0 0 0 0 0 0 0 18 33 20 73 127 210 255 255 252 224 34 4 0 0 0 0 0 0 0 0 9 1 0 0 3 0 2 0 7 0 0 0 0 7 41 255 251 255 74 0 0 0 0 0 0 0 6 0 0 0 2 0 8 0 9 0 7 0 9 8 0 0 11 111 255 220 0 18 0 1 0 0 0 0 0 0 1 9 5 0 0 4 0 0 0 4 0 3 1 26 111 205 251 253 64 0 16 3 0 0 0 0 3 5 0 0 41 200 233 222 207 118 12 3 0 68 124 221 247 249 255 237 90 4 0 0 0 0 0 0 0 0 4 2 52 255 241 248 250 245 249 255 255 255 241 255 245 255 235 42 0 22 0 19 0 0 0 0 13 0 0 0 46 253 246 255 253 252 255 227 239 255 255 246 255 99 2 1 8 0 5 0 0 0 0 0 0 6 8 0 65 251 255 229 253 252 255 255 255 255 171 105 26 10 12 0 3 4 2 0 0 0 0 0 4 0 0 3 0 34 127 208 247 255 240 252 132 100 1 8 7 0 1 0 0 5 7 0 0 0 0 0 0 0 0 0 0 0 0 0 0 0 0 0 0 0 0 0 0 0 0 0 0 0 0 0 0 0 0 0 0 0 0 0 0 0 0 0 0 0 0 0 0 0 0 0 0 0 0 0 0 0 0 0 0 0 0 0 0 0 0 0 0 0 0 0 0 0 0 0 0 0 0 0 0 0 0 0 0 0 0 0 0 0 0 0 0 0 0 0 0 0 0 0 0 0 0 0 0 0 0 0 0 0 0 0 0 0 0 0 0 0 0 0
5 0 0 0 0 0 0 2 1 0 0 0 1 0 0 0 9 0 9 0 0 3 0 0 0 0 0 0 2 0 0 2 3 1 1 3 0 0 0 0 2 0 0 2 0 0 0 0 0 12 0 1 0 0 0 0 0 0 0 4 4 0 0 0 4 0 11 21 0 0 6 0 1 7 3 0 4 6 0 6 0 0 0 0 2 0 0 2 0 0 0 0 0 6 0 0 0 9 6 5 0 0 0 3 4 0 0 5 0 0 0 0 3 0 0 0 0 0 1 8 63 126 98 102 152 167 106 112 35 0 0 7 5 0 3 0 0 0 0 0 2 0 0 1 0 1 9 19 232 255 255 255 234 255 251 255 176 94 15 0 0 0 11 0 0 0 0 0 1 0 1 2 0 0 6 16 233 211 184 167 83 121 192 255 255 218 78 0 0 0 3 1 0 0 0 0 1 1 2 3 0 0 0 4 41 64 0 0 0 0 8 136 250 255 115 2 7 0 0 3 0 0 0 0 0 0 0 0 0 0 0 0 4 2 0 2 0 5 0 236 255 230 38 13 0 0 11 0 0 0 0 0 0 0 0 0 0 0 0 0 0 15 13 0 14 0 183 248 241 165 17 0 9 0 0 10 0 0 0 0 0 0 0 0 0 0 0 0 22 0 2 0 0 174 251 248 207 20 0 5 0 4 10 0 0 0 0 0 0 0 0 0 0 0 0 0 0 0 0 30 153 255 255 162 32 0 16 0 0 8 0 2 0 0 0 0 0 0 0 0 0 0 0 0 3 7 73 177 252 230 255 39 33 12 0 1 6 1 0 10 0 0 0 0 0 0 0 0 0 0 0 0 0 145 240 255 255 255 249 255 223 108 7 4 0 2 1 0 0 0 0 0 0 0 0 0 0 0 0 0 151 252 253 236 248 255 255 253 253 255 166 7 0 3 3 5 0 0 0 0 0 0 0 0 0 0 0 0 89 166 177 176 162 169 171 165 236 242 255 112 21 0 6 0 0 0 0 0 0 9 0 0 0 2 5 0 4 0 2 0 0 8 6 0 90 248 254 227 28 0 0 5 0 0 0 0 4 0 0 8 14 3 0 1 0 0 11 14 3 0 0 0 56 255 244 255 21 3 12 0 0 0 0 0 8 0 1 4 0 0 0 1 1 0 0 0 0 11 7 13 67 240 248 252 20 0 3 0 0 0 0 0 0 0 7 0 0 10 14 6 0 0 6 0 9 0 0 29 146 240 255 143 5 0 0 4 0 0 0 0 6 0 2 0 1 15 0 0 7 0 3 0 0 0 92 223 241 255 213 20 0 7 4 0 0 0 0 0 9 0 4 1 0 0 0 63 114 63 55 59 150 200 239 255 255 232 82 0 6 0 5 0 0 0 0 0 0 0 9 4 6 0 29 152 246 245 255 239 255 255 255 237 161 103 0 5 17 0 0 4 0 0 0 0 3 1 4 0 4 0 0 82 112 120 223 255 254 162 112 76 12 0 0 0 0 0 10 0 0 0 0 0 0 0 0 0 0 0 0 0 0 0 0 0 0 0 0 0 0 0 0 0 0 0 0 0 0 0 0 0 0 0 0 0 0 0 0 0 0 0 0 0 0 0 0 0 0 0 0 0 0 0 0 0 0 0 0 0 0 0 0 0 0 0 0 0 0 0 0 0 0 0 0 0 0 0 0 0 0 0 0 0 0 0 0 0 0 0 0 0 0 0 0 0 0 0 0 0 0 0 0 0 0 0 0 0 0 0 0 0 0 0 0 0
0 0 0 0 0 0 0 0 0 6 6 0 0 0 1 0 9 0 4 0 0 6 0 8 0 0 0 0 0 0 0 0 0 0 0 0 11 0 0 11 4 16 0 3 0 7 0 0 11 8 2 0 0 0 0 0 0 0 0 0 0 0 0 0 3 6 0 22 0 0 7 0 25 0 4 0 5 0 12 4 0 0 0 0 0 0 0 0 0 0 0 0 0 0 8 0 0 29 0 0 0 5 0 19 0 8 0 6 0 0 0 0 0 0 0 0 0 0 0 0 0 29 0 0 18 0 51 86 244 255 135 0 6 16 0 12 0 0 0 0 0 0 0 0 0 0 0 0 0 18 0 1 130 250 255 243 255 255 235 255 191 0 26 0 0 0 0 0 0 0 0 0 0 0 0 0 6 0 0 189 255 252 255 255 248 255 253 255 239 255 56 6 0 0 0 0 0 0 0 0 0 0 0 0 0 6 56 255 248 255 246 255 255 255 252 255 255 255 255 0 0 0 0 0 0 0 0 0 0 0 0 0 0 0 11 254 255 255 185 126 0 0 0 2 215 231 255 1 0 0 0 0 0 0 0 0 0 0 0 0 6 7 0 122 249 202 52 13 0 15 6 39 255 254 255 2 0 0 0 0 0 0 0 0 0 0 0 0 6 0 0 19 0 0 10 0 15 0 56 212 255 255 125 0 0 0 0 0 0 0 0 0 0 0 0 0 5 8 0 5 5 0 6 4 0 194 255 235 255 193 0 4 0 0 0 0 0 0 0 0 0 0 0 0 0 13 17 0 8 0 1 65 249 255 255 255 187 53 12 8 0 0 0 0 0 0 0 0 0 0 0 0 15 0 0 0 0 249 252 255 254 255 246 195 64 7 7 0 0 0 0 0 0 0 0 0 0 0 0 0 0 16 0 4 1 255 255 251 255 247 207 0 0 0 4 7 0 0 0 0 0 0 0 0 0 0 0 0 0 7 0 0 6 63 241 255 254 255 178 17 5 0 1 0 0 0 0 0 0 0 0 3 8 0 8 11 0 13 0 8 0 0 0 3 255 252 255 185 0 3 0 3 0 0 0 0 6 0 9 58 58 20 2 0 2 0 12 0 0 26 0 0 0 246 252 255 0 5 8 0 0 0 0 0 0 0 9 244 255 184 0 25 8 0 0 18 0 0 0 14 143 247 254 255 0 0 8 0 0 0 0 0 0 19 0 242 255 252 255 109 135 66 60 59 8 72 71 184 240 255 243 251 4 0 2 0 0 0 0 0 7 0 1 255 247 255 255 252 244 255 232 255 252 246 255 246 255 255 255 61 7 7 0 11 0 0 0 0 0 12 2 117 254 255 255 255 255 255 255 246 255 252 248 255 243 204 62 0 0 2 0 0 0 0 0 0 5 0 13 0 0 135 185 255 241 255 249 250 255 243 246 255 81 0 0 6 17 3 0 3 0 0 0 0 3 0 0 4 0 2 0 2 70 126 131 131 118 142 3 0 0 3 10 3 0 9 0 2 0 0 0 0 0 0 0 0 0 0 0 0 0 0 0 0 0 0 0 0 0 0 0 0 0 0 0 0 0 0 0 0 0 0 0 0 0 0 0 0 0 0 0 0 0 0 0 0 0 0 0 0 0 0 0 0 0 0 0 0 0 0 0 0 0 0 0 0 0 0 0 0 0 0 0 0 0 0 0 0 0 0 0 0 0 0 0 0 0 0 0 0 0 0 0 0 0 0 0 0 0 0 0 0 0 0 0 0 0 0 0 0 0 0 0 0
0 0 0 0 0 0 0 0 1 0 0 9 0 0 3 0 0 1 1 5 1 1 5 0 0 0 0 0 0 0 0 0 0 0 0 0 3 14 9 0 0 0 8 0 0 4 0 0 0 0 3 10 0 0 0 0 0 0 0 0 0 0 0 0 0 3 0 0 7 4 0 0 0 2 0 7 13 19 0 0 0 0 0 0 0 0 0 0 0 0 0 0 21 3 0 15 0 0 0 9 0 1 6 0 1 0 0 10 0 0 0 0 0 0 0 0 0 0 0 0 0 0 131 226 248 255 255 254 194 89 32 0 15 0 0 8 0 0 0 0 0 0 0 0 0 0 0 0 5 0 232 255 255 246 255 245 250 255 239 54 0 2 22 0 0 0 0 0 0 0 0 0 0 0 0 0 0 6 255 247 197 168 173 219 255 243 249 155 26 0 0 8 0 0 0 0 0 0 0 0 0 0 0 0 3 0 187 144 14 7 8 164 251 253 253 161 0 5 0 2 0 0 0 0 0 0 0 0 0 0 0 0 0 7 6 0 0 8 41 252 255 254 235 62 0 0 5 0 0 0 0 0 0 0 0 0 0 0 0 0 0 6 0 2 11 103 218 255 255 228 96 0 7 0 10 0 0 0 0 0 0 0 0 0 0 0 0 0 7 0 1 50 151 255 252 243 238 94 13 0 4 2 0 0 0 0 0 0 0 0 0 0 0 0 0 0 0 14 241 251 255 245 255 250 95 0 0 8 0 6 0 7 0 0 0 0 0 0 0 0 0 0 0 0 5 111 247 255 255 233 178 29 0 15 1 0 0 0 9 3 0 0 0 0 0 0 0 0 0 0 0 0 3 150 253 244 252 255 145 27 9 0 3 0 3 0 0 0 0 0 0 0 0 0 0 0 0 0 0 0 0 14 255 247 255 242 255 209 116 14 27 0 0 4 0 5 0 0 0 0 0 0 0 0 0 0 0 0 12 0 86 214 232 249 255 255 255 217 111 0 16 0 7 5 0 0 0 0 0 0 0 0 0 13 0 0 7 0 0 0 31 120 199 246 255 236 255 133 0 3 0 1 0 0 0 0 4 0 12 4 2 0 2 5 3 14 0 0 0 0 13 73 255 249 253 209 45 4 7 0 0 0 0 0 14 0 4 5 0 20 63 94 1 0 0 4 15 7 0 13 130 252 255 255 137 0 0 6 0 0 0 0 0 3 0 8 6 179 245 255 146 0 0 0 0 2 0 8 163 255 255 249 207 10 0 0 0 0 0 0 0 25 0 0 0 213 255 245 246 189 155 77 57 167 221 186 253 240 255 255 168 1 14 0 0 0 0 0 0 0 10 0 9 111 204 243 253 255 229 252 255 234 255 253 255 255 243 176 47 0 0 5 0 0 0 0 13 0 5 3 0 0 44 122 245 255 250 249 255 254 254 253 230 220 120 26 0 14 0 3 0 0 0 0 0 0 0 4 0 13 0 0 65 117 253 255 247 255 161 115 57 14 0 0 2 2 0 1 0 0 0 0 0 0 0 0 0 0 0 0 0 0 0 0 0 0 0 0 0 0 0 0 0 0 0 0 0 0 0 0 0 0 0 0 0 0 0 0 0 0 0 0 0 0 0 0 0 0 0 0 0 0 0 0 0 0 0 0 0 0 0 0 0 0 0 0 0 0 0 0 0 0 0 0 0 0 0 0 0 0 0 0 0 0 0 0 0 0 0 0 0 0 0 0 0 0 0 0 0 0 0 0 0 0 0 0 0 0 0 0 0 0 0 0
0 14 0 0 1 0 7 0 0 0 2 1 4 0 0 7 7 0 0 0 2 3 1 0 0 0 0 0 0 4 0 5 4 0 2 0 6 10 9 0 0 3 2 0 0 3 9 9 6 2 0 0 0 0 0 0 1 0 0 9 2 0 4 2 0 0 0 0 0 5 9 0 0 0 0 0 0 0 4 5 0 0 0 0 6 0 0 4 0 0 7 2 7 0 1 15 8 0 1 0 5 1 1 3 0 0 0 7 0 0 0 0 4 1 4 0 0 4 1 0 3 7 0 0 0 0 18 5 4 0 0 5 7 0 0 0 0 0 0 0 0 3 8 0 3 4 0 5 0 79 123 173 223 242 241 201 131 74 8 0 0 7 7 0 0 0 0 0 0 1 3 0 8 0 0 58 222 255 241 241 255 253 255 254 255 224 132 32 0 3 9 0 0 0 0 0 2 0 0 0 9 0 10 116 247 244 157 133 123 59 60 95 202 255 245 120 8 0 2 2 0 0 0 0 0 9 0 0 10 0 15 109 179 81 0 0 0 0 8 0 2 66 142 254 72 1 0 6 0 0 0 0 0 6 0 0 15 0 0 20 0 9 0 0 23 5 0 1 4 0 20 255 91 7 0 0 0 0 0 0 1 7 0 0 4 4 0 0 2 0 0 0 0 2 0 0 0 23 167 255 81 5 0 10 0 0 0 0 1 4 4 0 0 3 11 5 0 0 18 16 0 0 5 8 0 90 253 178 5 0 19 0 0 0 0 0 0 0 6 8 0 0 2 0 0 2 0 0 12 5 8 55 162 252 98 22 9 0 0 7 0 0 0 0 5 0 0 4 1 0 0 0 0 9 0 18 55 112 206 255 239 145 17 3 0 0 21 0 0 0 0 0 6 1 0 0 0 3 5 4 2 39 74 165 234 255 246 105 37 0 17 0 2 1 0 0 0 0 0 0 0 10 12 1 0 0 0 0 107 251 255 252 255 255 255 163 74 81 44 24 0 13 0 9 0 0 0 0 0 0 0 0 0 1 1 1 163 254 220 247 255 233 255 198 248 255 242 212 134 0 0 0 0 0 0 0 0 0 0 0 0 1 1 1 47 70 40 44 39 13 30 22 39 37 41 173 255 78 16 0 0 0 0 0 0 0 0 0 0 0 1 1 0 0 7 0 0 8 7 10 0 0 0 151 255 190 0 7 0 0 0 0 0 0 0 0 0 0 0 0 1 0 16 1 0 15 0 0 6 6 0 148 252 218 0 0 0 0 0 0 0 0 0 0 0 0 0 0 9 0 0 0 8 0 0 13 0 35 92 227 255 78 13 2 0 0 0 0 1 1 0 0 0 0 0 0 0 30 13 2 5 0 5 5 106 212 255 254 133 0 3 3 0 0 0 0 1 1 1 0 0 0 0 0 16 117 87 0 11 100 173 201 255 250 230 114 0 24 0 0 0 0 0 0 1 1 1 0 0 0 0 0 0 179 251 194 205 251 250 255 242 106 32 4 9 0 2 8 0 0 0 0 0 0 0 0 0 0 0 0 0 156 219 172 156 144 97 66 0 0 0 0 0 0 0 0 0 0 0 0 0 0 0 0 0 0 0 0 0 13 0 0 9 0 0 6 0 0 0 0 0 0 0 0 0 0 0 0 0 0 0 0 0 0 0 0 8 3 0 0 8 3 0 8 0 0 0 0 0 0 0 0 0 0 0 0 0 0 0 0 0 0 0 0 0 3 10 0 0 1 7 0 0 0 0 0 0 0 0 0 0 0 0 0
6 0 0 6 0 0 8 5 1 10 1 0 2 0 0 0 0 0 0 7 3 0 1 0 0 0 0 0 0 0 0 0 0 1 3 0 0 0 0 5 2 9 14 4 8 11 0 0 0 6 0 0 0 0 0 0 6 2 0 0 0 7 5 0 11 0 5 8 0 0 4 0 0 0 1 4 11 0 0 17 0 0 0 0 0 0 1 0 0 0 0 4 0 0 3 8 0 0 8 9 17 1 0 1 2 0 0 0 0 0 0 0 1 2 12 2 0 0 0 13 5 8 0 0 12 4 0 0 0 0 4 10 0 3 16 0 0 0 0 0 0 0 0 0 28 79 89 126 145 173 169 189 229 179 91 70 62 1 0 15 0 0 10 5 0 0 0 0 6 8 9 13 124 243 250 255 255 255 238 238 255 254 237 255 254 130 13 0 0 0 0 0 0 0 0 0 0 1 0 0 119 240 190 132 128 131 131 126 121 132 176 225 255 246 131 12 0 8 0 1 0 0 0 0 0 0 0 0 0 0 0 0 2 0 5 0 0 4 2 11 96 223 245 86 0 0 4 0 0 0 0 0 0 0 0 0 0 0 0 0 0 3 7 5 0 6 0 2 3 123 252 75 18 9 11 0 0 0 0 0 0 0 0 0 0 0 0 0 7 0 2 0 13 0 0 9 58 187 231 0 0 0 0 8 0 0 0 0 0 0 0 0 0 0 0 0 12 0 4 5 0 2 47 131 253 255 132 0 18 14 0 0 0 0 0 0 0 0 0 0 0 0 0 0 0 7 0 16 17 168 218 255 255 120 8 0 0 0 4 0 0 0 0 0 0 0 0 0 0 0 0 0 14 0 82 231 255 255 239 245 100 0 1 0 5 4 9 6 0 0 0 0 0 0 0 0 0 0 0 0 0 20 177 247 239 238 255 254 253 206 137 40 0 7 0 0 0 0 0 0 0 0 0 0 0 0 0 0 18 0 53 194 88 97 109 178 207 255 239 215 23 0 1 4 0 0 0 0 0 0 0 0 0 0 0 0 3 0 0 0 0 0 4 0 6 90 230 249 121 0 9 0 0 0 0 0 0 0 0 0 0 0 0 0 5 0 0 11 0 7 9 0 9 0 83 240 177 10 0 2 0 0 0 0 0 0 0 0 0 0 0 0 0 0 0 0 0 2 0 3 0 0 4 243 255 66 8 6 0 0 0 0 0 0 0 0 0 0 0 0 0 10 3 0 26 0 0 0 1 22 0 216 255 40 0 0 0 0 0 0 0 0 0 0 0 0 0 0 7 0 0 4 0 0 1 17 0 0 79 255 234 23 0 16 0 0 0 0 0 0 0 0 0 0 0 0 0 0 77 168 7 2 0 0 5 45 240 236 97 12 0 0 0 0 0 0 0 0 0 0 0 0 0 0 7 10 99 192 38 26 52 70 168 231 255 116 0 1 18 0 0 0 0 0 0 0 0 0 0 0 0 0 0 5 123 249 255 243 250 255 243 255 69 8 19 0 0 6 0 0 0 0 0 0 0 0 0 0 0 0 0 0 49 178 255 255 240 247 105 40 0 0 5 0 0 4 0 0 0 0 0 0 0 0 0 0 0 0 19 4 0 0 3 0 0 0 15 2 0 4 6 0 0 0 0 0 0 0 0 0 0 0 0 0 0 0 0 0 1 0 0 2 7 2 0 0 5 0 0 0 2 0 0 0 0 0 0 0 0 0 0 0 0 0 7 1 0 3 3 0 0 0 4 8 4 0 0 4 5 0 0 0 0 0
0 0 0 0 9 2 0 0 0 7 0 1 14 0 15 0 0 2 9 0 0 2 7 0 0 0 0 0 0 6 5 0 0 0 5 7 16 0 11 4 0 1 3 0 19 0 0 5 7 0 0 2 0 0 0 0 5 0 0 0 0 2 2 0 0 3 0 0 12 4 0 0 0 4 0 0 9 0 0 13 0 0 0 0 5 0 0 10 7 0 0 0 3 0 11 0 0 0 0 9 15 9 3 2 2 0 0 4 0 0 0 0 0 0 0 3 0 0 2 12 0 0 255 255 253 250 159 119 183 46 0 13 0 0 11 0 0 0 0 0 0 9 1 0 1 6 0 0 0 26 254 249 245 255 246 250 255 164 34 0 0 0 0 9 0 0 0 0 0 10 0 0 14 5 0 30 103 191 246 252 255 246 251 255 246 255 149 21 1 0 0 14 0 0 0 0 0 7 0 4 7 0 30 161 240 255 255 252 245 255 251 249 254 255 250 150 19 0 16 0 0 0 0 0 9 0 1 0 1 7 76 255 249 249 255 247 254 255 255 252 254 255 248 255 146 8 0 0 0 0 0 0 5 0 7 0 0 0 75 255 255 246 247 255 244 227 137 117 233 250 249 255 254 80 0 0 0 0 0 0 0 0 6 7 3 5 80 243 246 255 241 246 143 27 3 7 79 255 255 244 255 66 17 0 0 0 0 0 5 0 0 0 0 0 18 104 218 186 143 19 0 1 3 0 0 188 238 255 240 219 0 0 0 0 0 0 4 3 0 0 0 0 0 6 10 16 0 0 6 0 72 102 183 237 255 255 247 170 0 11 0 0 0 0 0 5 5 0 6 10 5 3 0 9 8 0 9 189 220 250 249 251 234 248 255 75 30 0 0 0 0 0 0 5 1 0 0 0 0 0 0 19 0 8 53 236 254 255 245 255 255 236 98 17 0 17 0 0 0 0 2 0 0 2 5 0 3 7 7 0 4 6 77 255 244 255 253 249 255 210 137 16 0 1 0 0 0 0 0 0 2 5 0 6 0 6 13 0 0 0 8 203 244 237 250 255 244 248 255 80 2 0 0 0 0 0 5 0 0 0 8 0 11 0 0 16 5 14 0 5 20 23 197 255 255 255 244 218 47 0 0 0 0 0 4 0 7 0 0 45 106 103 111 92 0 0 15 0 0 0 9 75 228 251 250 255 144 7 0 0 0 0 0 0 14 0 0 214 243 255 252 249 223 214 227 178 106 89 86 89 250 255 255 249 231 2 0 0 0 0 2 7 0 0 0 253 255 252 248 253 255 255 255 251 246 244 255 234 255 255 233 255 204 0 0 0 0 0 0 5 0 3 25 172 248 249 255 255 238 255 250 245 255 250 251 255 250 255 255 237 81 0 0 0 0 0 3 8 1 0 0 7 83 97 195 224 225 250 222 242 255 255 251 255 244 250 229 120 2 0 0 0 0 0 5 0 8 0 8 0 0 3 0 2 9 0 0 109 98 132 248 255 126 115 41 0 8 0 0 0 0 0 0 0 0 0 0 0 0 0 0 0 0 0 0 0 0 0 0 0 0 0 0 0 0 0 0 0 0 0 0 0 0 0 0 0 0 0 0 0 0 0 0 0 0 0 0 0 0 0 0 0 0 0 0 0 0 0 0 0 0 0 0 0 0 0 0 0 0 0 0 0 0 0 0 0 0 0 0 0 0 0 0 0 0 0 0 0 0 0 0 0 0 0 0 0 0 0 0 0 0 0 0 0 0 0 0 0 0 0 0 0 0 0
0 0 0 0 0 0 0 0 7 0 0 13 0 0 15 0 8 0 0 5 0 0 5 0 0 0 0 0 0 0 0 0 0 0 0 0 0 3 2 0 10 12 0 0 0 23 0 0 1 9 0 7 0 0 0 0 0 0 0 0 0 0 0 0 0 0 16 0 8 0 0 15 0 0 0 15 0 3 4 0 0 0 0 0 0 0 0 0 0 0 0 0 15 0 0 0 6 0 7 0 15 0 0 5 7 0 0 7 0 0 0 0 0 0 0 0 0 0 0 0 0 6 17 67 137 185 254 230 136 49 12 0 0 0 15 0 0 0 0 0 0 0 0 0 0 0 0 0 0 169 210 234 255 255 255 249 246 228 99 0 12 11 0 6 0 0 0 0 0 0 0 0 0 0 0 0 73 243 255 255 245 252 249 243 255 255 210 119 0 6 3 0 0 0 0 0 0 0 0 0 0 0 0 0 222 255 238 255 247 249 144 47 165 223 255 236 0 0 7 0 0 0 0 0 0 0 0 0 0 0 0 0 228 252 248 250 255 196 7 3 2 228 238 250 49 0 0 10 0 0 0 0 0 0 0 0 0 0 0 0 108 111 43 7 0 8 10 20 217 245 255 105 0 0 16 7 0 0 0 0 0 0 0 0 0 0 0 0 5 9 0 10 6 0 0 0 178 255 239 150 7 4 0 0 0 0 0 0 0 0 0 0 0 0 0 0 0 1 3 0 0 0 7 116 230 255 255 0 1 0 0 2 0 0 0 0 0 0 0 0 0 0 0 0 1 6 0 3 33 99 145 242 249 216 115 0 5 21 0 13 0 0 0 0 0 0 0 0 0 0 0 0 0 0 29 198 236 255 255 245 255 155 0 0 2 0 13 0 0 0 0 0 0 0 0 0 0 0 0 0 10 0 37 254 255 245 252 254 253 252 254 133 18 0 4 13 0 0 0 0 0 0 0 0 0 0 0 0 0 1 45 226 248 255 189 214 222 245 248 255 190 65 0 0 0 0 0 0 2 0 0 8 0 0 5 0 0 9 0 15 74 68 12 0 23 163 242 255 236 138 2 0 0 0 0 0 6 0 0 2 3 0 0 3 0 16 12 0 0 0 0 15 0 0 36 225 254 238 127 2 0 0 0 0 0 12 12 0 0 2 1 0 8 0 0 2 12 0 0 0 15 1 0 123 255 251 174 0 0 0 0 0 13 0 0 3 2 5 18 24 9 0 3 5 0 0 7 9 0 1 21 255 227 243 140 8 0 0 0 0 4 1 11 0 0 106 228 253 160 172 167 112 54 50 45 4 34 167 236 251 255 129 21 0 0 0 0 0 0 0 3 0 13 144 251 243 253 243 247 252 251 255 240 198 255 239 250 255 200 80 0 1 0 0 0 0 8 0 3 9 0 4 123 251 255 253 255 255 251 253 255 251 250 242 255 214 37 13 3 3 0 0 0 0 0 8 0 0 12 6 0 18 18 92 138 139 176 247 255 227 133 153 125 6 24 0 0 3 0 0 0 0 0 0 0 0 0 0 0 0 0 0 0 0 0 0 0 0 0 0 0 0 0 0 0 0 0 0 0 0 0 0 0 0 0 0 0 0 0 0 0 0 0 0 0 0 0 0 0 0 0 0 0 0 0 0 0 0 0 0 0 0 0 0 0 0 0 0 0 0 0 0 0 0 0 0 0 0 0 0 0 0 0 0 0 0 0 0 0 0 0 0 0 0 0 0 0 0 0 0 0 0 0 0 0 0 0 0 0 0 0 0 0 0
0 0 0 1 9 3 0 0 0 0 1 7 4 0 0 0 0 11 0 0 0 0 3 1 0 0 0 0 0 4 4 0 0 0 0 0 9 1 0 0 3 2 3 6 0 0 0 8 8 0 0 6 0 0 0 0 0 0 0 3 5 11 12 1 0 0 2 2 0 0 0 5 10 0 0 1 6 1 0 1 0 0 0 0 16 0 0 5 0 0 0 0 6 2 0 0 2 2 1 0 0 0 6 0 0 7 4 0 0 0 0 0 3 0 1 1 0 0 2 13 0 0 2 2 0 0 0 2 0 0 16 7 0 0 0 1 0 0 0 0 0 5 1 0 8 12 0 0 8 20 60 136 220 255 255 237 76 2 0 3 0 3 0 4 0 0 0 0 0 12 0 0 5 0 0 10 148 200 254 255 255 243 247 255 126 11 0 0 2 10 0 1 0 0 0 0 0 7 0 0 6 0 46 183 255 255 250 247 253 255 255 250 74 0 0 3 0 6 0 1 0 0 0 0 0 0 10 2 5 113 230 251 251 255 191 72 58 255 247 226 16 0 0 4 1 0 1 9 0 0 0 0 8 0 0 0 22 149 249 250 245 117 14 3 170 255 250 159 0 1 0 0 1 11 5 0 0 0 0 0 0 0 12 19 0 6 80 151 40 0 0 48 212 253 246 16 0 2 2 7 7 0 0 7 0 0 0 0 7 2 0 0 0 7 0 0 0 17 39 213 255 249 67 12 0 4 0 0 0 6 5 4 0 0 0 0 0 10 11 0 0 0 2 9 13 29 224 239 255 208 51 30 33 14 3 11 14 0 0 0 0 0 0 0 6 0 0 0 7 0 0 0 0 219 255 255 255 255 255 241 255 148 36 0 0 5 13 1 0 0 0 0 0 5 3 0 0 17 10 0 10 32 177 240 246 251 231 255 243 255 249 124 0 0 16 0 0 0 0 0 10 0 0 4 0 0 0 9 11 0 0 12 1 20 101 131 248 234 255 224 86 0 0 7 0 0 0 0 0 0 0 0 0 0 0 0 3 0 0 4 6 0 0 8 64 229 255 255 203 1 8 0 0 0 0 0 0 0 0 0 0 0 0 0 0 2 13 0 0 7 17 0 0 163 255 240 255 39 0 7 0 0 0 0 0 0 0 0 0 0 0 0 8 0 5 0 14 0 0 0 0 100 251 254 250 73 0 7 0 0 0 0 0 0 0 0 0 0 0 0 0 0 90 18 0 3 4 4 8 94 247 255 236 57 6 0 0 0 0 0 0 0 0 0 0 0 0 0 23 20 243 172 4 0 8 0 0 147 255 253 239 15 0 0 0 0 0 0 0 0 0 0 0 0 0 0 0 50 253 248 162 59 0 12 47 218 255 255 136 1 0 0 0 0 0 0 0 0 0 0 0 0 0 0 0 16 174 255 245 242 222 127 174 255 232 187 9 5 3 1 0 0 0 0 0 0 0 0 0 0 0 0 0 6 0 123 249 253 255 255 251 253 221 40 0 0 0 1 0 0 0 0 0 0 0 0 0 0 0 0 11 2 0 10 52 117 183 225 210 110 17 0 6 3 0 3 0 0 0 0 0 0 0 0 0 0 0 0 0 0 0 0 0 0 6 9 6 0 0 5 4 0 0 0 0 0 0 0 0 0 0 0 0 0 0 0 4 7 10 12 10 4 0 0 0 1 5 0 0 0 3 4 0 0 0 0 0 0 0 0 0 0 0 0 0 0 0 0 0 0 2 6 5 7 3 0 1 10 5 0 0 0 0 0
0 2 0 0 4 3 0 2 0 0 0 0 0 0 0 0 4 0 1 3 0 0 0 6 0 0 0 0 4 0 8 4 0 0 6 0 2 1 0 0 1 2 2 1 0 0 0 0 6 5 1 0 0 0 0 0 0 0 6 0 3 0 9 3 0 0 0 0 0 0 0 0 8 9 4 0 0 0 2 8 0 0 0 0 0 11 0 0 7 0 0 0 0 1 2 2 1 0 0 0 0 0 3 0 0 0 0 0 0 0 0 0 0 6 2 4 0 7 2 6 0 1 3 2 0 0 0 0 7 4 0 0 4 8 2 0 0 0 0 0 2 0 3 11 0 0 12 0 0 2 5 5 1 0 0 0 0 0 0 1 0 0 0 6 0 0 0 0 14 0 0 0 68 75 74 31 0 5 9 7 3 0 0 1 9 0 0 5 5 0 0 0 0 0 0 0 0 3 0 7 250 255 250 234 243 248 252 251 246 242 242 245 211 114 17 0 0 8 3 0 0 0 0 0 4 0 0 23 155 255 249 241 252 255 220 244 255 250 246 255 251 228 0 0 1 0 0 6 0 0 0 0 0 14 0 0 61 217 255 255 41 0 31 19 12 25 123 251 253 186 26 0 0 5 4 0 0 0 0 0 0 0 18 4 0 29 113 254 79 0 0 11 0 144 255 247 157 29 0 0 13 0 0 8 0 0 0 0 18 0 0 0 9 12 6 42 0 0 12 39 181 242 228 82 24 0 5 0 0 0 3 0 0 0 0 0 0 9 17 0 0 6 0 0 3 56 161 248 241 179 54 3 0 2 22 0 0 10 10 0 0 0 0 0 8 0 0 5 3 0 0 10 14 239 255 250 244 3 10 4 1 3 0 0 3 0 0 0 0 0 0 0 0 5 5 0 0 0 5 0 7 145 255 245 255 255 237 255 249 209 158 62 11 8 0 2 0 0 0 0 0 0 0 4 1 2 8 0 0 21 41 80 168 135 167 155 168 146 250 255 213 102 8 0 0 0 0 0 0 0 0 0 0 0 0 0 2 0 2 0 0 3 4 0 0 3 10 106 221 252 160 14 0 0 0 0 0 0 0 0 0 0 0 0 0 0 0 1 2 0 0 6 11 0 12 0 30 156 242 157 0 0 0 0 0 0 0 0 0 0 0 0 3 32 35 18 9 0 0 2 2 0 0 0 0 7 205 255 0 0 0 0 0 0 0 0 0 0 0 0 6 160 255 236 168 89 20 0 11 10 0 2 0 17 204 235 0 0 0 0 0 0 0 0 0 0 0 0 0 129 230 255 255 254 211 186 124 13 30 50 55 164 246 216 0 0 0 0 0 0 0 0 0 0 0 0 0 3 4 38 122 196 235 255 238 255 240 255 253 255 247 52 0 0 0 0 0 0 0 0 0 0 0 0 5 3 0 0 0 2 27 53 144 155 246 234 247 198 42 14 0 0 0 0 0 0 0 0 0 0 0 0 0 0 4 2 0 0 4 0 0 0 15 0 9 0 8 0 0 0 0 0 0 0 0 0 0 0 0 0 0 0 0 0 0 0 0 0 0 0 0 0 0 0 0 0 0 0 0 0 0 0 0 0 0 0 0 0 0 0 0 0 0 0 0 0 0 0 0 0 0 0 0 0 0 0 0 0 0 0 0 0 0 0 0 0 0 0 0 0 0 0 0 0 0 0 0 0 0 0 0 0 0 0 0 0 0 0 0 0 0 0 0 0 0 0 0 0 0 0 0 0 0 0 0 0 0 0 0 0 0 0 0 0
1 4 2 0 0 4 4 0 0 7 0 0 5 8 0 2 9 0 10 0 0 0 2 2 0 0 0 0 0 3 2 0 0 3 2 0 0 3 2 1 2 0 0 0 0 0 9 6 2 0 4 3 0 0 0 0 0 2 2 0 0 1 0 0 4 0 3 8 2 0 4 4 12 6 0 0 0 6 1 0 0 0 0 0 0 1 2 1 0 0 0 0 1 0 0 1 0 5 7 0 0 6 4 10 3 0 1 9 0 0 0 0 0 0 2 2 0 0 0 2 4 3 10 14 41 117 183 196 251 255 255 193 100 0 0 15 0 0 0 0 0 0 1 3 0 0 1 8 17 89 176 226 245 255 255 238 255 243 254 255 231 118 0 0 0 0 0 0 0 0 0 3 0 0 4 14 223 249 255 255 255 250 252 255 221 152 137 238 252 200 12 1 0 0 0 0 1 0 0 2 0 0 7 18 251 255 255 243 202 109 23 0 5 0 61 255 255 219 0 3 0 0 0 0 0 1 3 1 0 0 8 23 236 189 161 75 0 0 8 0 3 0 186 250 254 144 0 3 0 0 0 0 2 0 0 1 0 0 2 9 35 9 0 0 20 16 0 3 34 212 242 250 240 13 20 0 0 0 0 0 4 0 0 0 3 1 0 0 7 2 15 7 0 0 19 87 222 249 252 226 82 8 0 0 0 0 0 0 4 0 0 0 3 1 0 0 0 0 0 10 52 139 218 255 246 255 247 107 0 0 0 18 0 0 0 0 2 0 0 0 0 0 1 7 10 125 184 206 247 253 241 254 255 249 250 237 135 43 5 0 0 0 0 0 1 0 0 0 0 0 4 14 229 255 255 250 255 255 255 253 249 253 249 255 228 225 62 0 0 0 0 0 1 0 0 1 0 0 4 13 249 248 255 250 178 119 83 2 15 0 99 220 255 255 255 105 0 0 0 0 2 0 0 1 0 0 2 7 157 178 138 79 22 0 9 0 0 0 0 45 128 244 247 170 0 0 0 0 7 0 16 0 17 74 4 1 4 3 6 2 0 3 7 0 13 0 1 0 21 255 248 251 0 0 0 0 0 23 0 8 191 252 34 6 0 0 0 3 2 6 6 0 0 0 19 2 50 255 255 194 0 0 0 0 0 11 8 0 255 244 46 0 11 0 0 1 0 0 3 2 18 0 45 133 255 247 246 114 0 0 0 0 6 0 0 10 251 255 87 8 0 0 7 14 0 0 0 3 0 151 220 238 254 241 86 8 0 0 0 0 0 0 19 0 238 255 192 109 24 14 9 2 0 38 103 148 228 255 250 252 239 60 0 10 0 0 0 0 0 7 3 15 67 242 255 251 253 253 255 244 229 239 255 255 255 244 217 90 0 16 0 8 0 0 0 0 18 0 0 0 1 133 233 254 253 252 254 250 249 255 247 220 176 73 29 0 12 0 14 4 0 0 0 0 0 1 13 0 5 0 33 135 143 141 143 144 148 140 90 23 0 9 0 0 0 9 0 0 0 0 0 0 0 0 0 0 0 0 0 0 0 0 0 0 0 0 0 0 0 0 0 0 0 0 0 0 0 0 0 0 0 0 0 0 0 0 0 0 0 0 0 0 0 0 0 0 0 0 0 0 0 0 0 0 0 0 0 0 0 0 0 0 0 0 0 0 0 0 0 0 0 0 0 0 0 0 0 0 0 0 0 0 0 0 0 0 0 0 0 0 0 0 0 0 0 0 0 0 0 0 0 0 0 0 0 0 0 0 0 0 0 0 0 0
0 0 0 0 0 0 0 0 9 0 7 0 2 17 0 0 0 9 2 0 0 4 0 0 0 0 0 0 0 0 0 0 0 0 0 0 0 3 5 0 1 0 0 21 0 0 0 19 0 0 7 0 0 0 0 0 0 0 0 0 0 0 0 0 0 9 0 0 6 8 8 0 5 3 0 9 0 0 8 0 0 0 0 0 0 0 0 0 0 0 0 0 2 12 0 0 10 0 0 10 0 3 2 0 2 5 0 1 0 0 0 0 0 0 0 0 0 0 0 0 11 0 15 0 25 210 241 92 21 0 21 0 4 0 0 7 0 0 0 0 0 0 0 0 0 0 0 0 0 2 7 0 118 255 248 232 158 0 7 7 0 0 8 1 0 0 0 0 0 0 0 0 0 0 0 0 0 2 0 0 104 236 255 255 255 103 0 0 0 2 8 0 0 0 0 0 0 0 0 0 0 0 0 0 11 0 5 3 0 98 239 253 245 198 6 0 9 4 0 4 0 0 0 0 0 0 0 0 0 0 0 0 2 0 0 11 0 0 125 253 255 153 10 0 0 0 0 7 0 0 0 0 0 0 0 0 0 0 0 0 0 23 0 0 3 6 158 249 244 106 0 5 4 6 6 0 0 0 0 0 0 0 0 0 0 0 0 0 2 2 0 10 39 166 239 254 255 122 12 0 5 0 0 8 0 0 0 0 0 0 0 0 0 0 0 0 1 0 23 0 210 254 255 255 170 15 3 11 0 0 8 0 0 0 0 0 0 0 0 0 0 0 0 0 14 0 0 79 253 255 255 243 96 0 0 0 22 0 0 11 0 0 0 0 0 0 0 0 0 0 0 0 0 14 4 29 240 249 252 255 218 62 1 0 0 0 10 0 0 0 0 0 0 0 0 0 0 0 0 0 0 0 0 0 66 186 244 252 253 132 2 0 8 3 0 0 0 0 0 0 0 0 0 0 0 0 0 0 1 7 9 0 6 25 228 255 255 143 2 0 0 3 7 1 0 0 0 0 0 0 0 0 0 0 0 0 0 0 11 0 0 32 209 248 244 167 0 0 13 0 0 0 0 0 0 0 0 0 0 0 0 0 0 0 8 12 0 17 14 26 255 255 255 136 12 0 3 1 0 0 0 0 0 0 0 0 0 0 0 0 0 0 1 0 0 2 16 214 255 231 233 59 7 0 0 5 0 2 0 0 0 0 0 0 0 0 0 0 0 0 0 4 16 34 184 242 254 255 131 0 0 0 0 2 0 1 0 0 0 0 0 0 0 0 0 0 0 0 10 21 162 239 237 255 251 255 46 0 0 0 10 0 0 0 0 0 0 0 0 0 0 0 0 0 0 0 0 0 254 255 254 248 254 49 2 13 0 0 7 0 1 1 0 0 0 0 0 0 0 0 0 0 0 0 10 5 255 245 252 246 64 2 0 6 0 0 0 0 5 2 0 0 0 0 0 0 0 0 0 0 0 0 0 7 255 247 146 34 0 3 6 0 0 12 0 10 2 0 0 0 0 0 0 0 0 0 0 0 0 0 0 0 0 0 0 0 0 0 0 0 0 0 0 0 0 0 0 0 0 0 0 0 0 0 0 0 0 0 0 0 0 0 0 0 0 0 0 0 0 0 0 0 0 0 0 0 0 0 0 0 0 0 0 0 0 0 0 0 0 0 0 0 0 0 0 0 0 0 0 0 0 0 0 0 0 0 0 0 0 0 0 0 0 0 0 0 0 0 0 0 0 0 0 0 0 0 0 0 0 0 0 0 0 0
0 0 0 0 0 0 0 0 0 13 0 0 5 0 1 8 0 0 0 0 0 0 0 0 0 0 0 0 0 0 0 0 0 0 0 0 0 0 11 0 1 7 0 0 0 0 0 0 0 0 0 0 0 0 0 0 0 0 0 0 0 0 0 0 4 0 1 0 0 13 9 13 0 0 0 0 0 0 0 0 0 0 0 0 0 0 0 0 0 0 0 0 0 2 0 9 5 0 0 0 0 0 0 0 0 0 0 0 0 0 0 0 0 0 0 0 0 0 0 0 4 0 17 0 0 8 0 16 0 0 0 0 0 0 0 0 0 0 0 0 0 0 0 0 0 0 0 0 0 17 44 225 229 30 0 9 0 0 0 0 0 0 0 0 0 0 0 0 0 0 0 0 0 0 0 0 11 97 251 244 253 215 16 0 0 0 0 0 0 0 0 0 0 0 0 0 0 0 0 0 0 0 0 0 2 147 254 205 233 245 86 6 0 0 0 0 0 0 0 0 0 0 0 0 0 0 0 0 0 0 0 0 9 42 91 11 173 244 132 35 33 2 0 12 0 0 3 10 0 0 0 0 0 0 0 0 0 0 0 0 0 6 0 0 77 255 247 237 251 176 59 0 5 11 0 0 0 0 0 0 0 0 0 0 0 0 0 0 10 0 17 79 250 238 255 255 246 237 142 1 4 12 0 0 0 0 0 0 0 0 0 0 0 0 0 0 0 0 0 152 235 255 217 161 174 247 255 101 0 0 0 9 0 0 0 0 0 0 0 0 0 0 0 0 1 8 0 108 255 111 23 0 0 89 255 214 5 10 5 0 0 0 0 0 0 0 0 0 0 0 0 0 0 7 9 24 90 28 19 0 8 49 250 255 0 0 4 9 0 0 0 0 0 0 0 0 0 0 0 0 0 0 0 0 15 0 0 17 0 50 255 246 9 0 0 4 0 0 0 0 0 0 0 0 0 0 0 0 12 0 12 0 0 10 11 0 0 71 249 181 2 11 0 5 0 0 0 0 0 0 0 0 0 0 0 0 7 0 12 11 0 4 3 0 0 57 255 111 0 0 11 0 0 0 0 0 0 0 0 0 0 0 0 0 6 0 0 0 0 0 0 11 20 173 236 208 9 0 0 0 0 0 0 0 0 0 0 0 0 0 0 0 1 13 0 3 5 5 10 3 178 252 255 106 10 0 0 11 0 0 0 0 0 0 0 0 0 0 0 0 0 0 26 0 4 4 0 197 255 255 141 40 3 0 16 0 0 0 0 0 0 0 0 0 0 0 0 0 17 0 8 0 0 85 255 254 211 118 5 16 3 3 0 0 0 0 0 0 0 0 0 0 0 0 0 0 0 0 0 138 27 194 252 214 114 0 9 0 6 0 0 17 0 0 0 0 0 0 0 0 0 0 0 0 12 10 90 225 206 235 255 27 1 9 0 9 8 0 11 0 0 0 0 0 0 0 0 0 0 0 0 0 0 0 121 243 255 222 82 4 0 6 0 2 0 12 0 8 0 0 0 0 0 0 0 0 0 0 0 0 0 1 51 222 219 46 0 2 0 0 0 0 0 0 0 0 0 0 0 0 0 0 0 0 0 0 0 0 0 5 0 20 17 0 4 0 0 0 0 0 0 0 0 0 0 0 0 0 0 0 0 0 0 0 0 0 0 11 0 0 0 0 11 1 0 0 0 0 0 0 0 0 0 0 0 0 0 0 0 0 0 0 0 0 0 0 0 3 3 0 0 0 0 0 0 0 0 0 0 0 0 0 0 0
0 0 1 0 4 11 7 0 3 0 1 4 0 0 1 0 2 0 11 3 0 2 0 4 0 0 0 0 5 7 4 0 0 0 0 1 3 0 0 0 0 0 0 0 7 0 2 0 11 0 6 0 0 0 0 0 1 0 0 3 7 5 5 9 0 0 4 6 1 0 0 0 0 2 0 0 11 0 11 3 0 0 0 0 0 0 0 1 0 0 0 0 6 1 0 0 4 13 9 6 0 19 2 12 8 0 0 0 0 0 0 0 0 9 12 0 0 0 4 7 0 11 11 1 0 0 0 0 0 0 3 0 0 4 1 8 0 0 0 0 0 0 0 0 5 9 3 0 0 6 7 35 104 157 178 193 220 173 157 40 7 0 6 0 0 0 0 0 8 0 0 0 0 0 0 3 44 140 219 252 255 248 237 255 255 255 249 138 12 0 10 0 0 0 0 0 0 0 6 15 0 0 55 140 243 255 253 246 254 208 120 70 120 236 255 232 17 3 1 0 0 0 0 0 0 6 0 0 3 0 87 255 241 255 183 118 15 2 0 10 52 255 238 209 5 0 11 0 0 0 0 0 0 3 0 0 0 4 99 247 255 168 24 0 0 8 7 100 240 247 222 3 0 8 0 14 0 0 0 0 6 3 0 0 0 0 24 84 79 0 16 1 8 0 108 237 250 252 8 37 0 2 3 0 0 0 0 0 2 0 0 5 6 3 0 0 0 16 0 9 122 251 255 255 226 83 0 0 15 0 1 0 0 0 0 0 0 0 7 5 0 3 13 6 8 85 178 242 255 241 240 160 38 0 5 4 2 0 4 0 0 0 0 0 6 2 1 0 0 0 0 0 85 255 235 254 246 255 170 78 2 5 0 0 17 3 0 2 0 0 0 0 5 0 0 0 10 9 1 0 120 255 255 253 249 255 255 238 219 151 18 0 0 9 0 2 0 0 0 0 0 0 0 1 1 0 0 10 32 145 139 149 207 252 230 248 255 243 231 130 14 2 7 1 0 0 0 0 0 9 0 0 0 3 5 0 0 2 0 0 7 0 2 29 98 216 255 240 123 0 0 0 0 0 0 0 0 1 1 3 1 0 0 0 3 0 2 12 3 0 0 0 2 3 135 255 255 52 15 0 0 0 0 0 0 0 4 9 0 0 0 2 0 19 3 0 11 14 0 1 0 24 121 244 247 80 4 0 0 0 0 0 6 0 2 3 0 2 2 0 13 0 3 2 0 0 4 1 22 108 246 255 233 36 6 3 0 0 0 0 7 0 3 0 0 9 0 0 0 2 0 4 18 0 39 151 235 255 254 204 30 0 0 0 0 0 0 0 1 0 6 0 1 8 0 8 0 53 144 191 175 177 223 255 255 244 127 9 19 5 0 6 0 0 0 0 0 0 7 0 4 0 0 73 173 247 255 251 255 255 249 249 180 54 0 17 0 1 7 0 0 0 0 0 3 0 5 0 2 0 10 141 255 253 251 250 231 171 87 28 0 3 6 0 8 0 0 4 0 0 0 0 0 9 0 0 10 0 15 109 255 239 173 81 18 1 0 0 0 0 0 0 0 0 0 0 0 0 0 0 0 6 0 0 15 0 0 20 0 4 6 0 0 0 7 4 0 0 0 0 0 0 0 0 0 0 0 0 1 7 0 0 4 4 0 0 0 5 9 7 3 0 0 0 0 0 0 0 0 0 0 0 0 0 0 0 1 4 4 0 0 3 11 5 0 0 0 0 0 0 5 12 0 0 0 0 0 0 0 0 0 0 0 0
0 0 0 0 0 0 0 0 14 0 0 9 3 1 0 0 0 13 2 0 23 1 0 10 0 0 0 0 0 0 0 0 0 0 0 0 0 27 13 0 0 0 9 0 8 0 6 0 0 0 11 0 0 0 0 0 0 0 0 0 0 0 0 0 15 0 0 0 0 10 0 7 0 1 0 1 3 10 10 12 0 0 0 0 0 0 0 0 0 0 0 0 0 12 0 11 6 0 8 0 9 69 132 133 53 0 0 0 0 0 0 0 0 0 0 0 0 0 0 0 0 0 6 0 5 0 1 139 181 255 255 255 255 184 53 1 0 0 0 0 0 0 0 0 0 0 0 0 6 0 0 5 5 125 255 238 255 255 250 218 246 255 180 7 0 0 0 0 0 0 0 0 0 0 0 0 0 5 0 1 116 243 255 250 192 150 75 37 207 255 163 0 0 0 0 0 0 0 0 0 0 0 0 0 0 0 6 0 0 116 177 83 1 12 0 0 212 232 127 1 0 0 0 0 9 0 0 0 0 0 0 1 0 10 0 0 11 0 0 6 0 0 15 166 240 213 30 0 0 0 0 0 0 10 11 16 0 20 3 0 0 0 0 5 0 21 13 0 5 1 148 251 255 59 0 6 0 0 0 0 6 0 0 0 0 0 1 6 7 0 4 0 12 0 0 14 84 167 246 248 163 30 0 7 0 0 0 0 0 0 0 8 16 1 1 3 0 5 3 6 0 113 208 238 255 240 255 171 19 0 20 0 0 0 0 0 0 29 0 1 0 8 0 0 0 4 0 10 203 244 255 255 253 255 255 142 0 0 0 5 0 0 0 0 1 10 0 0 20 0 0 3 7 0 4 128 253 255 234 249 114 117 226 246 58 20 11 0 0 0 0 0 2 0 9 128 193 78 14 0 3 0 7 41 216 195 119 47 12 0 141 255 189 0 0 6 0 0 0 0 0 10 0 248 255 229 43 2 0 0 7 0 10 0 3 0 0 5 94 255 148 0 15 0 0 0 0 0 0 14 0 200 255 249 226 3 0 9 0 5 6 0 0 2 5 17 159 247 111 10 0 2 0 0 0 0 0 0 8 197 241 248 255 229 124 21 18 1 0 0 6 0 16 204 255 202 0 5 6 5 0 0 0 0 5 0 6 81 255 255 229 255 245 250 244 122 0 14 0 16 134 255 253 147 23 0 0 4 0 0 0 0 0 1 12 0 219 255 172 137 118 95 107 0 0 36 102 203 255 251 111 12 12 0 11 6 0 0 0 0 0 2 9 3 48 209 251 229 203 194 204 214 166 231 250 255 255 210 38 0 0 7 5 0 0 0 0 0 10 0 0 1 0 97 215 255 255 255 255 234 255 234 205 100 25 10 0 2 1 0 3 1 0 0 0 0 0 0 0 0 17 0 28 58 136 162 140 160 118 44 0 7 0 0 19 0 12 1 17 0 0 0 0 0 8 0 0 10 0 1 0 16 11 0 0 7 0 0 9 0 5 0 0 0 0 7 0 4 0 0 0 0 0 0 0 0 0 0 0 0 0 0 0 0 0 0 0 0 0 0 0 0 0 0 0 0 0 0 0 0 0 0 0 0 0 0 0 0 0 0 0 0 0 0 0 0 0 0 0 0 0 0 0 0 0 0 0 0 0 0 0 0 0 0 0 0 0 0 0 0 0 0 0 0 0 0 0 0 0 0 0 0 0 0 0 0 0 0 0 0 0 0 0 0 0 0 0 0 0 0 0 0 0 0 0 0 0 0 0 0 0 0 0 0
0 3 0 0 0 7 2 0 5 6 0 1 3 0 4 0 0 1 6 3 0 0 3 6 0 0 0 0 5 9 4 3 5 0 0 0 0 0 11 8 1 0 0 0 12 0 0 1 7 0 0 0 0 0 0 0 0 0 0 0 2 0 0 14 5 0 7 0 0 6 0 3 0 7 10 0 0 2 8 5 0 0 0 0 4 2 0 0 10 6 0 0 0 0 6 4 5 8 0 0 12 0 0 1 7 0 0 0 0 0 0 0 0 7 8 0 0 0 0 0 0 0 0 3 0 0 1 13 0 3 10 7 1 0 0 0 0 0 0 0 16 0 0 31 150 248 255 235 173 149 94 86 65 18 5 0 0 0 0 0 0 3 6 5 0 0 0 0 0 2 12 35 94 163 213 241 250 254 252 255 255 253 221 184 143 47 0 0 15 0 0 0 0 0 0 0 2 4 0 0 9 7 0 0 0 35 85 76 89 143 169 195 255 243 151 22 0 3 19 0 0 0 0 0 0 0 0 0 0 0 0 0 0 2 6 0 3 2 6 0 61 194 255 92 0 0 0 8 0 0 0 0 0 0 0 0 0 0 0 0 0 10 0 3 2 0 0 13 14 170 227 6 8 15 0 4 0 0 0 0 0 0 0 0 0 0 0 0 2 0 21 0 3 0 0 2 209 255 119 0 3 0 0 3 0 0 0 0 0 0 0 0 0 0 0 0 8 12 0 24 1 0 14 164 247 158 0 4 0 0 13 0 0 0 0 0 0 0 0 0 0 0 0 0 0 0 0 0 0 31 224 243 139 12 16 0 2 6 2 0 0 0 0 0 0 0 0 0 0 0 0 0 4 8 15 0 36 252 243 63 16 0 8 0 0 4 0 0 0 0 0 0 0 0 0 0 0 0 0 0 5 0 0 3 199 255 87 0 0 15 0 0 0 0 3 10 0 0 0 0 0 0 0 0 0 0 0 0 1 0 5 163 255 246 255 255 255 241 226 52 9 0 7 0 0 0 0 0 0 0 0 0 0 0 0 0 2 0 26 255 185 177 166 231 156 177 231 245 1 3 2 0 0 0 0 0 0 0 0 0 0 0 0 0 0 7 12 0 5 16 0 8 18 0 127 251 19 0 0 0 0 0 0 0 0 0 0 0 0 0 0 0 0 4 0 0 0 0 8 7 5 0 147 253 74 0 17 5 0 0 0 0 0 0 0 0 0 0 0 0 1 0 11 0 0 17 5 0 6 4 166 255 3 5 0 0 0 0 0 0 0 0 0 0 0 0 0 0 14 6 0 0 12 0 0 7 0 19 250 197 7 0 19 3 0 0 0 0 0 0 0 0 0 0 0 0 0 0 238 6 0 8 0 5 2 162 254 91 0 2 0 6 0 0 0 0 0 0 0 0 0 0 0 0 0 28 238 224 1 16 0 29 140 255 176 0 18 0 0 1 0 0 0 0 0 0 0 0 0 0 0 0 13 0 175 255 214 165 179 231 250 208 0 3 0 1 8 0 0 0 0 0 0 0 0 0 0 0 0 0 0 0 4 55 164 255 246 184 65 24 0 0 3 0 0 4 0 0 0 0 0 0 0 0 0 0 0 0 2 8 6 0 4 13 2 0 15 0 0 0 5 1 0 2 0 0 0 0 0 0 0 0 0 0 0 0 0 0 0 1 0 0 0 9 0 0 0 3 5 1 0 0 0 0 0 0 0 0 0 0 0 0 0 0 16 2 0 0 1 0 0 0 0 3 4 0 0 0 1 0 0 0 0 0
0 12 1 6 6 0 2 0 3 2 4 0 0 0 5 2 0 0 0 0 0 0 0 0 0 0 0 0 4 6 0 0 2 0 9 5 5 0 0 4 14 5 0 0 0 0 0 0 0 0 0 0 0 0 0 0 6 0 0 7 2 0 1 0 0 11 11 0 0 2 1 0 0 0 0 0 0 0 0 0 0 0 0 0 0 0 3 10 0 0 2 0 4 4 0 0 3 0 0 5 0 0 0 0 0 0 0 0 0 0 0 0 4 0 0 0 0 6 8 5 0 1 3 0 0 0 0 0 0 0 0 0 0 0 0 0 0 0 0 0 3 0 0 0 6 11 0 0 9 0 0 4 0 0 4 3 0 0 0 0 0 0 0 0 0 0 0 0 0 0 1 0 12 0 0 40 117 215 255 140 2 0 20 0 0 0 0 0 0 0 0 0 0 0 0 0 0 5 5 0 1 0 19 141 225 139 177 252 163 17 0 12 0 0 0 0 0 0 0 0 0 0 0 0 0 2 1 0 0 0 10 19 11 0 16 200 255 196 56 9 7 0 0 8 0 0 8 0 0 0 0 0 0 1 2 0 0 0 4 9 0 0 18 15 196 255 233 215 181 109 0 0 3 0 0 16 0 0 0 0 0 0 3 2 0 0 0 0 13 5 0 0 0 90 115 238 251 255 68 0 0 8 5 0 0 0 0 0 0 0 2 2 0 0 0 0 0 22 0 0 6 0 0 14 184 255 71 1 9 2 0 1 0 0 0 0 0 0 0 0 0 0 0 1 8 0 0 25 0 0 6 6 195 254 62 0 1 0 0 10 0 0 0 0 0 0 0 0 0 0 2 4 11 0 14 0 0 8 4 21 255 221 46 0 0 11 0 0 0 0 0 0 0 0 0 0 0 1 1 1 0 24 0 9 0 0 0 231 245 78 0 2 12 0 0 11 0 0 0 0 0 0 0 0 1 0 0 0 1 0 9 5 0 90 233 249 193 27 1 5 0 6 0 0 0 0 0 0 0 0 0 0 0 0 0 0 10 0 4 10 25 255 244 152 0 0 0 0 0 0 0 0 0 0 0 0 0 0 0 0 0 0 0 0 0 4 0 33 184 255 95 2 0 0 0 0 0 0 0 0 0 0 0 0 0 0 0 0 0 0 0 0 0 13 14 112 255 173 0 7 0 0 0 0 0 0 0 0 0 0 0 0 0 0 0 0 0 0 0 0 0 0 0 135 255 228 66 7 0 0 0 0 0 0 0 0 0 0 0 0 0 0 0 0 0 0 0 0 0 6 0 38 138 255 228 39 0 0 0 0 0 0 0 0 0 0 0 0 0 0 0 0 0 0 0 0 0 6 14 0 6 97 255 188 0 0 0 0 0 0 0 0 0 0 0 0 0 0 0 0 0 0 0 0 1 0 8 6 0 30 231 191 0 0 0 0 0 0 0 0 0 0 0 0 0 0 0 0 0 0 0 0 9 3 0 0 3 121 255 81 0 0 0 0 0 0 0 0 0 0 0 0 0 0 0 0 0 0 0 0 10 0 4 0 48 245 250 2 0 0 0 0 0 0 0 0 0 0 0 0 0 0 0 0 0 0 0 0 0 11 0 27 169 240 132 0 0 0 0 0 0 0 0 0 0 0 0 0 0 0 0 0 0 0 0 0 0 12 0 0 6 5 0 12 0 0 0 0 0 0 0 0 0 0 0 0 0 0 0 0 0 0 0 0 15 0 0 7 0 1 9 0 0 0 0 0 0 0 0 0 0 0 0 0
0 0 0 0 0 0 0 0 0 8 0 0 11 0 5 1 5 0 0 3 5 2 0 7 0 0 0 0 0 0 0 0 0 0 0 0 2 0 14 0 0 0 0 3 0 9 15 0 0 0 0 0 0 0 0 0 0 0 0 0 0 0 0 0 9 0 1 10 2 13 0 0 3 0 0 11 20 9 12 0 0 0 0 0 0 0 0 0 0 0 0 0 6 0 0 6 0 0 0 12 0 17 0 0 0 0 0 6 0 0 0 0 0 0 0 0 0 0 0 0 0 10 0 0 8 0 24 57 185 237 97 0 0 20 0 2 0 0 0 0 0 0 0 0 0 0 0 0 0 12 6 0 21 56 171 255 255 252 146 74 0 0 5 0 0 0 0 0 0 0 0 0 0 0 0 0 6 0 67 110 205 254 255 242 255 239 255 255 119 0 11 6 0 0 0 0 0 0 0 0 0 0 0 0 0 9 241 253 249 251 248 233 119 152 195 247 248 62 0 0 0 0 0 0 0 0 0 0 0 0 0 0 4 0 244 255 240 235 120 4 5 1 0 227 255 100 5 1 0 0 0 0 0 0 0 0 0 0 0 0 8 0 79 136 80 2 0 16 0 0 121 255 241 11 3 0 0 0 0 0 0 0 0 0 0 0 0 0 0 19 2 8 3 6 4 0 0 102 234 253 122 0 12 0 0 0 0 0 0 0 0 0 0 0 0 0 1 0 0 0 0 7 0 49 161 254 253 200 43 0 0 16 0 0 0 0 0 0 0 0 0 0 0 0 1 0 27 0 0 45 116 245 255 255 179 47 0 6 8 0 0 0 0 0 0 0 0 0 0 0 0 0 0 0 37 129 226 242 252 255 255 102 7 0 11 0 3 7 0 0 0 0 0 0 0 0 0 0 0 0 33 211 250 248 243 255 255 237 246 149 19 0 0 6 8 0 0 0 0 0 0 0 0 0 0 0 0 0 122 250 249 255 217 152 88 111 255 249 95 0 2 1 0 0 0 0 0 0 0 1 10 0 2 3 8 0 34 167 142 78 0 2 0 10 142 251 207 0 0 7 0 3 0 0 0 0 3 11 0 8 0 0 0 11 0 0 0 5 22 0 0 0 61 255 255 31 0 0 3 0 0 0 0 0 2 3 0 0 14 14 19 0 0 1 19 0 0 2 17 6 143 252 200 7 0 0 14 0 0 0 0 0 0 7 2 13 0 221 205 14 2 0 6 4 3 0 0 39 239 255 138 11 2 0 2 0 0 0 0 0 0 0 1 0 126 253 150 13 5 0 0 0 0 0 63 230 255 233 80 1 0 3 5 0 0 0 0 0 8 2 3 0 15 252 255 187 94 96 96 79 159 189 220 254 232 129 0 0 0 10 0 5 0 0 0 0 0 0 11 1 9 109 244 255 252 255 255 253 255 247 255 230 84 12 0 17 17 0 0 4 0 0 0 0 0 8 0 12 0 0 104 149 213 243 246 255 156 145 109 23 9 0 15 0 1 0 9 0 0 0 0 0 0 0 0 0 0 0 0 0 0 0 0 0 0 0 0 0 0 0 0 0 0 0 0 0 0 0 0 0 0 0 0 0 0 0 0 0 0 0 0 0 0 0 0 0 0 0 0 0 0 0 0 0 0 0 0 0 0 0 0 0 0 0 0 0 0 0 0 0 0 0 0 0 0 0 0 0 0 0 0 0 0 0 0 0 0 0 0 0 0 0 0 0 0 0 0 0 0 0 0 0 0 0 0 0 0 0 0 0 0 0 0 0
0 0 0 0 0 0 0 0 0 0 6 1 0 9 7 0 7 0 8 0 3 0 8 0 0 0 0 0 0 0 0 0 0 0 0 0 4 0 4 0 0 0 1 0 1 0 20 11 0 10 0 2 0 0 0 0 0 0 0 0 0 0 0 0 0 4 3 12 10 2 3 0 0 5 0 0 6 0 17 0 0 0 0 0 0 0 0 0 0 0 0 0 3 0 0 0 0 0 4 7 9 1 21 0 20 0 0 6 0 0 0 0 0 0 0 0 0 0 0 0 4 4 6 10 7 38 127 201 247 220 48 0 0 12 8 0 0 0 0 0 0 0 0 0 0 0 0 0 0 0 80 176 227 255 255 255 255 244 242 35 13 0 7 7 0 0 0 0 0 0 0 0 0 0 0 0 0 21 180 255 255 253 238 254 231 252 255 209 0 11 0 0 0 0 0 0 0 0 0 0 0 0 0 0 4 0 151 247 248 240 171 143 55 39 215 245 34 9 0 2 0 0 0 0 0 0 0 0 0 0 0 0 5 0 45 69 39 31 0 6 0 0 163 255 39 0 8 0 0 0 0 0 0 0 0 0 0 0 0 0 0 14 0 17 6 84 8 0 2 202 255 255 34 0 0 4 0 0 0 0 0 0 0 0 0 0 0 0 0 0 5 0 0 182 43 107 217 232 252 235 13 15 7 0 0 0 0 0 0 0 0 0 0 0 0 0 3 12 3 96 157 255 221 247 254 255 252 135 0 0 0 6 0 0 0 0 0 0 0 0 0 0 0 0 0 9 25 236 255 253 255 255 255 250 84 0 0 2 8 8 0 0 0 0 0 0 0 0 0 0 0 0 7 0 25 254 247 255 255 232 125 63 0 26 4 4 0 0 0 0 0 0 0 0 0 0 0 0 0 0 0 9 0 194 246 248 207 0 9 0 0 0 0 20 0 10 0 0 0 0 0 0 0 0 0 0 0 0 8 0 8 0 96 232 255 103 0 1 4 0 8 0 15 0 0 0 0 0 3 6 0 0 2 4 0 1 0 0 0 0 0 97 255 211 0 0 3 5 1 2 0 0 0 0 0 0 4 0 0 8 3 2 0 14 0 11 7 26 6 39 185 254 53 0 0 0 0 0 3 3 0 0 0 0 4 0 0 7 0 0 11 0 1 0 0 0 0 0 96 243 137 3 4 0 0 0 5 0 0 0 0 0 0 4 0 7 0 37 136 30 0 13 14 8 4 0 73 241 185 0 5 0 4 2 4 0 0 0 0 0 0 6 3 2 0 43 255 138 31 0 0 0 9 17 108 255 178 0 0 0 3 2 6 0 0 0 0 0 4 0 0 2 0 24 255 247 233 221 173 103 114 203 253 253 147 3 0 0 0 0 3 1 0 0 0 0 0 0 0 9 9 27 200 255 255 246 246 255 255 249 250 252 85 12 2 0 0 0 0 1 0 0 0 0 4 1 0 0 0 0 41 133 241 255 255 241 255 255 220 145 12 0 0 0 1 0 0 1 0 0 0 0 0 0 0 0 0 0 0 0 0 0 0 0 0 0 0 0 0 0 0 0 0 0 0 0 0 0 0 0 0 0 0 0 0 0 0 0 0 0 0 0 0 0 0 0 0 0 0 0 0 0 0 0 0 0 0 0 0 0 0 0 0 0 0 0 0 0 0 0 0 0 0 0 0 0 0 0 0 0 0 0 0 0 0 0 0 0 0 0 0 0 0 0 0 0 0 0 0 0 0 0 0 0 0 0 0 0 0 0 0 0 0 0
0 0 0 0 0 0 0 0 7 0 4 0 5 0 3 0 0 0 0 6 0 11 0 0 0 0 0 0 0 0 0 0 0 0 0 0 0 0 12 2 7 0 0 0 5 3 0 0 0 4 0 7 0 0 0 0 0 0 0 0 0 0 0 0 5 0 0 0 2 3 11 8 0 0 0 11 2 6 0 0 0 0 0 0 0 0 0 0 0 0 0 0 1 3 6 2 4 0 0 0 6 10 0 0 0 0 1 3 0 0 0 0 0 0 0 0 0 0 0 0 0 4 6 0 0 0 8 18 0 0 0 2 6 0 8 0 0 0 0 0 0 0 0 0 0 0 0 0 0 2 0 0 0 9 0 0 6 12 0 2 9 0 10 0 0 0 0 0 0 0 0 0 0 0 0 0 1 2 0 16 47 112 139 153 239 255 255 254 229 137 89 19 0 0 0 0 0 0 0 0 0 0 0 0 11 92 173 240 246 255 250 250 255 255 243 249 255 241 255 236 0 0 0 0 7 3 0 7 0 0 115 233 233 255 239 251 243 255 192 171 147 131 131 152 213 242 255 248 0 0 0 0 0 0 9 7 0 109 255 255 255 247 255 230 155 49 9 5 2 4 12 19 179 255 235 240 0 0 0 0 0 0 6 0 8 123 251 255 251 161 94 17 0 0 22 0 0 4 2 175 255 241 255 93 0 0 0 0 12 9 0 0 0 7 47 85 47 6 0 13 6 0 0 4 73 123 221 254 255 232 105 0 0 0 0 0 0 0 0 14 14 6 3 10 0 5 0 0 0 38 121 209 242 246 252 242 138 34 8 0 0 0 0 0 0 3 0 0 8 0 0 76 148 198 207 155 197 222 253 254 255 246 164 76 21 0 0 9 0 0 0 0 0 6 0 0 12 0 56 243 249 254 255 255 255 247 253 255 240 95 13 14 0 1 0 0 0 0 0 0 10 0 8 5 0 10 113 250 254 255 240 234 183 240 255 254 255 179 0 0 15 0 0 7 0 0 0 0 9 0 0 1 0 0 45 187 197 138 63 38 9 46 68 171 248 251 167 25 0 0 10 1 0 0 0 0 0 0 7 5 3 4 0 0 0 13 0 10 0 0 0 21 192 253 255 90 5 0 0 7 0 0 0 0 7 0 0 0 0 5 11 11 0 11 0 2 0 0 8 0 99 255 251 70 0 9 0 1 0 0 0 0 0 0 6 7 0 0 0 0 5 0 0 7 12 0 5 0 11 205 251 194 21 0 26 0 0 0 0 0 1 6 5 0 0 14 12 3 0 0 15 1 0 0 0 0 50 221 249 255 75 0 0 8 0 0 0 0 0 0 2 6 3 0 0 34 149 160 124 28 0 16 3 28 207 241 255 208 2 8 0 0 0 0 0 0 6 0 0 3 0 4 11 234 255 244 108 0 6 116 182 252 239 255 234 93 0 10 0 11 0 0 0 0 0 9 2 6 0 6 0 249 244 255 150 138 186 249 245 255 255 208 102 0 1 0 5 0 0 0 0 0 0 0 4 1 6 0 17 153 245 255 255 243 255 255 226 163 73 23 0 0 7 0 0 7 0 0 0 0 1 4 0 0 13 11 0 25 176 226 255 255 206 130 44 0 18 0 0 0 5 1 0 0 0 0 0 0 0 6 4 0 0 10 0 0 0 0 1 1 0 0 0 8 0 0 2 0 1 5 1 0 0 0 0 0 1 0 1 2 0 0 3 14 7 0 0 6 15 9 0 0 0 7 7 0 0 2 2 0 0 0 0 0
0 0 0 0 0 0 0 0 0 0 7 0 7 0 1 2 0 0 17 0 4 1 0 6 0 0 0 0 0 0 0 0 0 0 0 0 13 3 0 8 0 0 0 9 2 0 0 0 4 4 0 1 0 0 0 0 0 0 0 0 0 0 0 0 0 0 0 9 2 1 0 0 0 15 17 8 0 0 4 0 0 0 0 0 0 0 0 0 0 0 0 0 0 3 17 2 0 0 13 0 0 7 0 0 0 0 7 0 0 0 0 0 0 0 0 0 0 0 0 0 6 4 0 1 35 115 208 255 255 181 43 1 11 0 0 0 0 0 0 0 0 0 0 0 0 0 0 0 2 7 1 161 236 255 243 248 251 254 146 3 0 0 10 5 0 0 0 0 0 0 0 0 0 0 0 0 0 0 3 170 255 211 116 79 81 242 249 41 5 4 4 0 0 0 0 0 0 0 0 0 0 0 0 0 2 0 9 63 159 37 7 0 114 253 249 15 0 0 0 9 0 0 0 0 0 11 1 0 0 0 9 0 0 2 1 0 3 0 8 63 224 235 204 6 0 8 1 0 0 0 0 0 1 0 0 6 3 0 0 0 3 0 1 0 0 24 152 255 242 248 35 2 0 0 9 0 0 0 0 0 4 0 0 9 0 3 0 16 3 0 0 11 12 108 242 251 255 233 23 6 0 24 0 1 0 0 0 0 1 9 6 4 0 14 0 0 0 5 0 0 0 98 253 254 255 239 229 24 0 0 0 1 0 0 0 0 0 0 0 2 0 12 0 0 0 6 0 18 0 0 47 51 38 172 255 218 43 2 2 4 0 0 0 0 0 0 0 9 0 0 53 116 19 12 0 4 15 0 4 0 5 61 184 241 141 0 5 0 0 0 0 0 0 5 0 6 0 0 136 245 8 6 0 0 0 5 10 0 0 0 62 250 233 60 0 0 0 0 0 0 0 9 0 0 14 4 174 254 45 0 0 7 0 0 3 4 9 5 21 248 255 55 2 4 0 0 0 0 4 0 0 6 1 12 104 250 169 0 2 8 2 0 0 9 0 0 139 249 226 16 0 7 0 0 0 0 4 3 3 0 0 0 73 252 245 19 0 0 0 12 9 0 6 80 255 253 155 17 2 0 0 0 0 0 0 4 1 2 14 0 70 249 255 93 7 7 0 0 0 0 0 122 219 255 88 0 0 4 0 0 0 0 2 0 0 0 10 0 18 124 251 174 22 0 3 17 0 13 42 236 255 222 42 10 22 0 0 0 0 0 10 0 1 0 0 0 0 11 223 255 158 48 0 0 14 67 234 252 248 43 2 0 0 0 0 0 0 0 0 0 9 7 0 9 10 2 122 219 255 227 178 196 231 240 246 253 226 10 0 1 2 3 0 0 0 0 0 0 7 0 0 2 0 0 0 84 210 255 252 253 255 253 255 144 10 0 5 0 4 3 0 0 0 0 0 2 0 0 11 12 0 7 8 0 26 106 233 246 184 139 56 0 6 6 4 2 5 0 0 0 0 0 0 0 0 0 0 0 0 0 0 0 0 0 0 0 0 0 0 0 0 0 0 0 0 0 0 0 0 0 0 0 0 0 0 0 0 0 0 0 0 0 0 0 0 0 0 0 0 0 0 0 0 0 0 0 0 0 0 0 0 0 0 0 0 0 0 0 0 0 0 0 0 0 0 0 0 0 0 0 0 0 0 0 0 0 0 0 0 0 0 0 0 0 0 0 0 0 0 0 0 0 0 0 0 0 0 0 0 0 0 0 0 0
0 2 3 0 0 0 2 5 0 1 2 2 0 0 0 1 5 0 0 6 6 0 0 0 0 0 0 0 5 1 0 0 3 6 2 0 0 2 2 2 3 6 5 3 0 0 0 0 0 0 3 4 0 0 0 0 0 0 0 0 0 0 0 1 3 4 0 0 0 0 0 0 2 7 8 4 0 0 0 0 0 0 0 0 6 4 4 4 2 0 0 0 0 1 0 0 0 8 10 6 0 0 0 2 1 0 0 1 0 0 0 0 4 0 0 0 6 7 3 1 2 3 2 0 0 0 0 0 10 0 0 3 5 0 0 9 0 0 0 0 6 4 7 9 3 0 0 5 2 0 0 6 7 1 0 2 4 0 0 4 9 0 0 0 0 0 0 0 0 0 0 5 6 0 0 3 2 0 10 49 76 77 76 83 64 46 18 0 0 2 2 0 0 0 0 0 15 0 2 63 137 173 167 150 165 151 169 224 255 255 249 253 255 211 116 19 0 0 10 0 0 0 0 0 0 6 2 230 255 243 255 255 255 245 255 255 246 255 251 255 255 255 250 119 7 2 0 2 0 0 0 0 15 0 0 171 239 255 251 255 255 253 255 236 255 242 255 226 255 246 255 149 4 0 10 0 0 0 0 0 0 11 5 0 50 192 226 201 204 200 21 23 52 63 98 255 236 255 238 104 1 0 8 0 0 0 0 0 3 0 1 12 2 0 0 10 4 1 6 2 0 183 251 237 255 251 141 21 0 3 6 0 0 0 0 0 10 5 4 0 0 3 12 0 0 0 9 6 72 221 255 255 255 126 17 0 0 0 11 0 0 0 0 0 0 0 0 2 5 0 8 0 0 19 0 4 158 241 255 187 107 18 0 2 7 0 0 2 0 0 0 0 0 0 0 11 0 0 4 1 8 0 0 0 255 255 254 110 9 0 3 2 9 6 0 6 0 0 0 0 2 0 0 6 0 5 0 0 0 0 5 11 191 255 247 253 90 0 4 8 0 7 6 0 0 0 0 0 0 0 0 0 0 0 0 0 4 0 7 4 32 194 255 248 235 163 36 0 11 1 5 0 0 0 0 0 0 0 0 0 0 0 0 0 0 9 0 0 17 117 186 255 255 253 247 187 60 0 22 0 0 0 0 0 0 0 0 0 0 0 0 0 8 0 0 5 9 1 45 178 255 242 255 251 243 77 5 0 0 0 0 0 0 0 0 0 0 0 0 0 0 2 8 0 0 0 10 21 11 121 252 254 252 255 97 11 0 0 0 0 0 0 0 0 0 0 0 0 13 0 0 10 15 0 0 1 9 8 107 255 254 228 255 0 0 0 0 0 0 0 0 0 0 0 0 0 0 20 4 0 9 0 0 1 1 26 188 250 255 253 229 2 0 0 0 0 0 0 0 0 0 0 0 0 1 4 0 1 10 0 44 114 156 255 250 255 238 200 48 2 0 0 0 0 0 0 0 0 0 0 0 0 3 0 6 0 0 33 195 255 254 246 255 248 235 52 0 6 0 0 0 0 0 0 0 0 0 0 0 0 3 4 0 0 7 158 255 255 251 255 176 142 38 0 0 4 0 0 0 0 0 0 0 0 0 0 0 0 0 0 2 6 0 59 93 74 75 72 10 21 0 1 5 0 0 0 0 0 0 0 0 0 0 0 0 0 1 0 0 10 0 0 0 0 1 5 0 0 0 0 7 0 0 0 0 0 0 0 0 0 0 0 0 0 8 1 0 5 5 0 0 13 0 6 10 6 7 0 10 7 0 0 0 0
0 0 0 0 0 0 0 0 0 2 5 0 10 0 0 3 0 15 0 0 2 0 13 0 0 0 0 0 0 0 0 0 0 0 0 0 10 4 0 0 7 5 0 0 5 0 7 3 3 0 6 0 0 0 0 0 0 0 0 0 0 0 0 0 0 0 0 2 0 0 1 11 6 0 5 3 3 2 7 0 0 0 0 0 0 0 0 0 0 0 0 0 11 0 0 0 19 0 0 0 0 7 0 2 0 0 0 4 0 0 0 0 0 0 0 0 0 0 0 0 0 3 14 0 10 0 48 140 217 182 18 0 1 13 10 0 0 0 0 0 0 0 0 0 0 0 0 0 5 0 15 67 144 164 216 255 253 222 38 13 5 0 5 0 0 0 0 0 0 0 0 0 0 0 0 0 4 4 105 247 255 255 255 246 243 255 253 226 116 0 0 3 0 0 0 0 0 0 0 0 0 0 0 0 4 0 94 255 191 208 196 156 215 205 255 248 150 0 10 0 0 0 0 0 0 0 1 1 0 0 0 0 0 5 28 62 10 15 0 2 0 69 246 255 151 0 16 0 0 0 0 0 0 1 0 0 0 7 10 8 0 0 5 4 0 0 0 8 159 210 249 255 118 22 0 0 0 0 0 0 4 2 0 0 0 0 0 0 10 0 10 0 0 10 110 216 248 235 245 60 0 1 0 4 0 0 0 0 5 0 0 3 0 0 0 17 0 6 74 123 216 224 236 255 243 142 19 4 2 0 0 0 0 0 0 0 0 0 1 8 0 9 84 172 215 241 255 235 246 253 246 255 219 87 12 0 0 1 0 9 0 0 0 0 1 0 5 4 0 18 143 255 255 255 242 203 140 131 164 248 255 189 18 19 2 0 6 0 0 0 0 0 3 1 3 0 0 8 88 173 112 30 0 7 6 2 0 8 163 255 243 4 4 0 18 0 0 0 0 0 0 0 0 2 3 0 0 2 3 0 11 2 0 7 7 0 46 255 253 48 0 6 0 11 0 0 0 0 0 7 0 0 1 0 1 4 0 10 0 0 9 0 9 0 51 248 255 53 0 3 1 1 0 0 0 0 0 0 0 0 4 17 0 0 7 0 5 20 1 0 16 0 128 249 253 40 7 11 0 0 0 0 0 0 0 3 15 12 0 0 0 15 7 0 0 0 0 5 5 0 171 249 255 38 8 5 0 1 0 0 0 0 5 0 0 0 2 5 1 1 0 13 8 3 4 10 0 84 224 255 232 33 0 0 0 8 0 0 0 0 16 5 0 11 9 0 7 0 0 0 0 1 6 33 98 255 255 248 129 13 0 2 3 0 0 0 0 0 0 0 4 0 0 9 76 92 97 101 147 199 223 255 251 238 170 124 15 3 2 0 0 0 0 0 0 0 14 4 4 6 39 208 248 255 255 253 255 252 251 248 196 74 25 10 0 0 5 0 0 2 0 0 0 0 0 0 7 0 20 255 250 252 255 252 205 137 78 0 5 0 0 0 17 0 0 3 3 0 0 0 0 0 0 0 0 0 0 0 0 0 0 0 0 0 0 0 0 0 0 0 0 0 0 0 0 0 0 0 0 0 0 0 0 0 0 0 0 0 0 0 0 0 0 0 0 0 0 0 0 0 0 0 0 0 0 0 0 0 0 0 0 0 0 0 0 0 0 0 0 0 0 0 0 0 0 0 0 0 0 0 0 0 0 0 0 0 0 0 0 0 0 0 0 0 0 0 0 0 0 0 0 0 0 0 0 0 0 0 0 0 0 0 0 0
0 0 0 0 0 0 0 0 2 0 3 5 0 2 6 0 0 0 0 0 4 7 1 0 0 0 0 0 0 0 0 0 0 0 0 0 0 0 0 8 0 0 0 3 6 3 1 0 0 0 0 7 0 0 0 0 0 0 0 0 0 0 0 0 14 1 0 0 0 0 3 7 0 0 0 6 3 0 0 4 0 0 0 0 0 0 0 0 0 0 0 0 0 3 5 0 6 8 0 0 1 0 0 1 5 4 0 0 0 0 0 0 0 0 0 0 0 0 0 0 0 9 6 0 0 0 0 8 7 10 4 0 0 3 5 0 0 0 0 0 0 0 0 0 0 0 0 0 9 0 0 0 14 3 0 9 0 0 4 0 0 0 2 1 0 0 0 0 0 0 0 0 0 0 0 0 3 76 152 218 251 191 78 12 13 0 0 4 7 0 0 0 0 0 0 0 0 0 0 0 0 0 0 0 161 245 255 242 249 255 245 230 100 37 0 0 7 0 0 5 0 0 0 0 4 1 0 4 0 0 7 156 253 247 255 255 252 252 252 255 255 27 0 7 0 0 7 3 0 0 0 0 2 0 3 0 0 9 133 243 254 255 239 108 144 221 255 242 255 56 0 0 0 10 10 0 0 0 0 0 0 0 8 0 1 30 229 255 95 63 78 15 0 90 241 252 247 64 2 4 3 0 0 4 0 0 0 0 6 0 7 0 0 0 133 93 2 0 1 0 0 0 34 239 255 52 0 0 6 2 0 0 0 0 0 0 8 0 3 1 0 0 20 0 0 0 20 0 4 16 0 240 241 33 13 0 0 10 1 0 0 0 0 0 0 0 0 0 8 8 1 6 3 19 7 0 3 11 83 241 211 11 0 1 0 0 0 10 0 0 0 0 0 4 1 0 0 0 0 4 1 0 0 13 0 81 254 252 244 92 0 0 21 5 0 0 0 0 0 0 0 3 3 0 9 0 6 0 0 6 4 0 52 239 245 255 253 255 128 8 0 0 20 0 0 0 0 0 0 0 0 0 0 0 0 0 0 6 5 0 213 255 241 255 249 249 255 118 0 7 0 1 0 0 0 0 0 0 0 0 0 0 0 0 0 0 0 10 147 131 73 156 255 255 240 156 7 5 0 0 0 0 0 0 0 0 0 0 0 0 0 0 11 0 8 7 0 11 0 0 72 236 255 231 8 0 0 2 0 0 0 0 0 0 0 0 0 0 0 0 0 0 0 7 0 15 0 10 22 230 255 240 18 1 11 5 0 0 0 0 0 0 0 0 0 0 0 0 5 9 0 0 1 9 0 2 8 201 246 186 10 0 0 0 0 0 0 0 0 0 0 0 0 0 0 0 0 0 10 1 0 4 19 0 0 215 255 138 10 4 9 8 0 0 0 0 0 0 0 0 0 0 0 0 0 5 0 7 11 0 0 16 116 246 185 21 0 2 3 0 0 0 0 0 0 0 0 0 0 0 0 0 5 1 1 5 0 132 240 231 247 255 95 0 15 0 0 13 0 0 0 0 0 0 0 0 0 0 0 0 0 0 14 0 5 145 255 253 238 94 1 2 4 0 0 0 0 0 0 0 0 0 0 0 0 0 0 0 9 0 0 0 4 122 235 249 104 27 0 0 0 0 4 3 0 0 0 0 0 0 0 0 0 0 0 0 0 0 8 12 0 0 7 0 6 0 0 5 0 0 4 0 0 0 0 0 0 0 0 0 0 0 0 0 13 0 0 0 0 0 2 9 0 0 1 7 0 1 3 0 0 0 0 0
7 0 0 0 1 0 0 0 0 0 5 5 0 1 9 0 0 0 1 3 0 0 0 1 0 0 0 0 0 0 0 5 6 3 3 4 13 1 0 0 0 0 0 7 0 19 9 0 1 0 6 2 0 0 0 0 0 1 5 2 0 0 0 0 0 6 4 0 9 3 0 0 0 0 0 0 25 0 2 0 0 0 0 0 1 5 3 0 0 0 0 0 7 4 0 0 0 5 1 0 15 3 7 0 5 0 6 4 0 0 0 0 1 1 0 0 0 3 4 1 11 0 0 9 0 0 3 0 0 0 26 6 0 0 9 0 0 0 0 0 0 0 0 2 0 0 0 0 0 39 104 165 224 255 241 164 66 0 0 16 5 3 0 0 0 0 0 0 2 0 0 4 0 0 0 16 78 205 255 251 241 249 248 251 247 135 0 5 5 0 0 8 0 0 0 0 2 0 0 5 0 0 23 63 253 250 152 65 57 38 63 165 251 236 27 2 0 0 14 0 0 0 0 0 14 0 8 0 3 0 30 224 255 65 7 0 9 0 17 0 187 254 134 6 0 2 8 0 0 0 0 0 0 0 12 0 3 2 0 79 66 4 0 0 14 0 0 24 209 255 131 2 6 0 0 8 0 0 0 0 0 1 4 0 0 6 0 0 6 0 6 13 0 0 53 204 255 225 67 0 3 0 0 1 0 0 0 0 3 0 0 2 0 0 5 4 0 0 7 0 0 56 155 254 239 100 0 0 0 0 13 0 0 0 0 0 0 0 0 14 4 0 4 0 0 12 3 0 64 199 255 233 87 3 0 20 0 0 13 0 0 0 0 0 1 2 0 0 0 1 6 0 13 0 0 105 255 240 134 40 0 1 3 2 3 0 0 3 0 0 0 0 4 3 0 0 0 9 6 0 0 0 10 200 246 88 8 12 0 16 2 0 1 6 0 0 0 0 0 0 0 0 6 4 7 4 0 4 0 6 7 214 255 226 195 116 16 0 0 2 2 4 0 1 0 0 0 0 0 0 0 0 0 0 0 0 0 0 0 94 168 194 253 246 237 178 53 0 3 13 0 4 0 0 0 0 0 0 0 0 0 0 0 0 7 7 0 0 0 0 68 126 187 252 250 201 18 0 8 0 0 0 0 0 0 0 0 0 0 0 0 0 0 0 1 3 10 5 0 0 15 113 198 255 239 27 0 8 0 0 0 0 0 0 0 0 0 0 0 0 13 7 1 0 0 5 0 5 6 0 42 253 255 26 0 0 0 0 0 0 0 0 0 0 0 0 0 0 0 1 0 2 0 0 1 4 0 52 168 255 233 5 14 0 0 0 0 0 0 0 0 0 0 0 0 0 8 7 0 6 0 0 20 14 191 255 255 242 34 0 9 0 0 0 0 0 0 0 0 0 0 0 0 0 0 0 20 24 11 74 173 239 255 242 155 55 3 0 0 12 0 0 0 0 0 0 0 0 0 0 0 0 0 30 191 255 238 251 242 252 169 32 18 0 0 9 7 0 0 0 0 0 0 0 0 0 0 0 0 0 0 58 167 250 255 202 110 43 0 0 0 0 0 0 0 0 0 0 0 0 0 0 0 0 0 0 0 0 0 0 0 0 0 0 5 9 0 0 0 0 0 0 0 0 0 0 0 0 0 0 0 0 0 0 0 0 3 3 3 3 2 0 0 0 0 0 0 0 0 0 0 0 0 0 0 0 0 0 0 0 0 0 0 0 0 0 0 0 0 2 5 6 0 0 0 0 0 0 0 0 0 0 0 0
0 0 0 0 0 0 0 0 0 0 1 8 7 0 0 6 7 0 0 0 0 5 3 0 0 0 0 0 0 0 0 0 0 0 0 0 14 3 0 0 0 0 0 0 0 0 8 7 0 0 0 6 0 0 0 0 0 0 0 0 0 0 0 0 0 0 0 0 5 11 8 1 8 1 0 0 3 2 0 0 0 0 0 0 0 0 0 0 0 0 0 0 0 1 4 0 0 0 0 0 0 0 1 0 0 0 5 10 0 0 0 0 0 0 0 0 0 0 0 0 2 5 3 0 0 0 3 3 2 0 0 0 0 0 0 0 0 0 0 0 0 0 0 0 0 0 0 0 1 0 0 4 8 5 0 0 0 1 4 6 5 2 0 0 0 0 0 0 0 0 0 0 0 0 0 0 2 0 0 4 0 0 0 9 0 0 0 0 0 0 3 4 0 0 0 0 0 0 0 0 0 0 0 0 2 1 5 6 0 7 65 129 216 124 40 46 109 130 68 0 0 0 0 0 0 0 0 0 0 0 0 0 0 5 0 21 107 196 253 246 255 250 250 254 255 251 169 7 0 0 0 0 0 0 0 0 0 0 0 0 4 0 5 114 236 255 255 255 251 198 176 167 235 255 109 0 0 0 0 0 0 0 0 0 0 0 0 0 8 1 5 108 195 167 107 91 8 33 181 255 230 128 9 0 0 0 0 0 0 0 0 0 0 0 0 0 0 8 0 0 0 11 59 103 231 249 225 166 49 0 0 9 0 0 0 0 0 0 0 0 0 0 0 0 7 0 0 42 70 157 230 249 247 255 118 3 0 13 0 0 0 0 0 0 0 0 0 0 0 0 0 0 10 50 127 244 241 246 255 255 249 250 211 100 0 8 0 27 0 0 0 0 0 0 0 0 0 0 0 0 197 245 248 255 208 145 78 67 79 114 250 232 26 11 4 0 0 0 0 0 0 0 0 0 0 0 0 0 82 186 140 71 6 4 0 8 0 0 132 253 74 0 6 0 0 0 0 0 5 0 8 2 0 0 0 3 0 9 5 0 0 3 0 0 5 0 166 243 121 15 0 9 0 0 0 0 8 0 5 0 4 0 0 3 0 0 0 0 0 2 2 0 13 25 240 248 51 0 21 0 0 0 0 0 0 0 13 0 0 8 10 2 8 0 6 8 0 0 18 24 140 255 248 18 0 14 8 0 0 0 0 0 0 1 0 14 0 0 0 0 0 0 8 10 0 59 178 255 255 185 115 15 4 0 0 2 0 0 0 0 2 6 4 178 160 88 63 75 81 67 117 201 249 255 233 176 11 0 0 0 0 3 2 5 0 0 0 0 0 1 7 224 255 244 247 255 255 249 255 250 194 121 48 0 7 0 3 15 2 0 0 0 0 0 0 0 10 6 0 31 45 88 120 124 133 114 78 33 0 0 3 12 6 0 0 0 9 1 0 0 0 0 0 0 0 0 15 0 0 1 4 1 0 8 6 0 0 2 0 0 0 0 14 0 8 0 9 1 0 0 0 0 0 0 0 0 0 0 0 0 0 0 0 0 0 0 0 0 0 0 0 0 0 0 0 0 0 0 0 0 0 0 0 0 0 0 0 0 0 0 0 0 0 0 0 0 0 0 0 0 0 0 0 0 0 0 0 0 0 0 0 0 0 0 0 0 0 0 0 0 0 0 0 0 0 0 0 0 0 0 0 0 0 0 0 0 0 0 0 0 0 0 0 0 0 0 0 0 0 0 0 0 0 0 0 0 0 0 0 0 0 0 0 0
5 2 0 0 4 1 0 9 0 11 0 0 10 0 0 0 5 0 0 15 0 0 15 0 0 0 0 0 0 2 9 3 0 0 0 0 5 0 5 12 0 0 8 4 0 0 9 0 0 7 0 4 0 0 0 0 6 0 0 0 0 5 12 7 0 1 15 0 0 15 0 3 9 6 0 0 13 0 0 2 0 0 0 0 7 0 0 12 5 0 0 0 0 10 6 0 5 1 0 4 3 0 0 3 1 5 7 0 0 0 0 0 0 0 4 7 0 0 0 8 10 0 0 16 3 0 19 2 0 13 19 0 0 22 0 4 0 0 0 0 0 8 0 0 0 6 0 0 0 60 91 190 255 255 245 135 255 238 249 255 68 0 21 0 0 0 0 0 0 8 0 0 13 0 0 14 53 217 255 251 240 236 255 255 249 255 235 255 212 55 0 8 0 0 0 0 0 8 0 0 6 0 69 214 255 254 246 251 253 255 248 192 169 59 172 170 255 251 61 0 0 0 0 0 0 0 4 1 6 0 17 153 250 255 239 250 246 152 70 30 0 9 0 0 255 249 179 0 0 0 0 0 1 4 0 0 13 11 0 25 52 160 180 59 0 0 7 10 0 0 1 175 250 255 206 63 0 0 0 0 0 6 4 0 0 10 0 0 12 0 0 12 0 16 0 0 0 6 201 199 252 150 49 8 0 0 0 0 1 0 1 2 0 0 3 14 4 0 6 5 9 58 82 102 142 255 225 255 203 25 0 0 0 0 0 0 7 0 0 10 7 0 3 1 0 13 0 0 156 218 255 248 253 229 255 254 192 25 6 0 0 0 0 0 4 3 0 2 0 0 7 0 0 0 35 201 255 251 252 251 255 244 255 181 3 0 7 4 0 0 0 0 0 13 1 0 0 0 11 7 2 7 81 251 246 255 247 255 240 246 250 201 9 0 0 0 0 0 0 0 0 7 0 5 10 0 0 0 0 0 0 0 175 219 175 163 122 2 88 255 193 37 1 0 0 0 0 0 5 3 0 0 4 1 3 0 0 15 0 0 0 54 0 0 5 0 101 249 238 93 12 0 0 0 0 0 0 0 2 7 13 0 0 5 0 0 3 4 5 5 1 6 25 113 122 253 237 41 0 13 0 0 0 0 4 1 0 3 0 0 0 4 3 9 10 0 2 0 0 0 84 247 247 252 181 17 6 0 0 0 0 0 3 6 0 0 0 7 6 7 1 0 0 8 1 5 34 199 255 255 253 255 0 0 5 0 0 0 0 0 0 2 0 1 11 0 0 0 13 0 3 0 47 177 188 243 251 248 255 136 0 0 1 8 0 0 0 0 1 0 0 10 67 38 40 89 44 67 255 255 244 255 255 255 232 62 0 19 0 5 8 0 0 0 0 0 0 2 0 10 158 176 200 246 233 207 255 237 246 255 234 141 45 0 0 0 10 0 11 3 0 0 0 0 0 14 0 0 200 255 255 255 250 255 234 219 170 57 0 2 6 4 0 12 0 19 0 10 0 0 0 0 0 0 0 2 102 239 255 244 255 239 106 18 9 0 0 8 0 0 0 0 0 0 0 0 0 0 0 0 6 2 10 0 0 4 0 0 0 12 0 0 10 6 1 0 0 0 0 0 0 0 0 0 0 0 0 0 0 0 2 7 3 0 0 11 3 21 7 1 5 0 0 0 0 0 0 0 0 0 0 0 0 0 0 0 7 2 0 0 0 5 0 0 0 0 0 0 0 0 9 6 0 0 0 0 0 0 0 0 0 0 0 0
0 0 2 2 1 0 1 3 2 0 1 7 3 1 0 0 0 0 0 0 0 0 0 0 0 0 0 0 3 1 0 0 0 0 0 0 0 2 4 0 0 0 11 11 0 0 0 0 0 0 0 0 0 0 0 0 0 0 0 3 5 5 2 0 6 0 0 0 5 4 0 0 0 0 0 0 0 0 0 0 0 0 0 0 4 2 0 0 0 0 0 0 2 0 0 8 8 0 0 20 0 0 0 0 0 0 0 0 0 0 0 0 6 3 0 0 1 4 8 10 6 6 0 0 6 0 0 0 0 0 0 0 0 0 0 0 0 0 0 0 0 0 3 3 0 0 0 0 0 13 3 0 0 13 7 3 0 0 0 0 0 0 0 0 0 0 0 0 0 1 1 0 0 8 23 36 129 168 151 90 40 0 0 6 0 0 0 0 0 0 0 0 0 0 0 0 2 0 0 1 40 111 192 247 253 255 251 255 238 137 28 0 0 0 0 0 0 0 0 0 0 0 0 0 5 0 0 8 227 253 255 245 249 254 249 255 242 255 94 0 0 2 0 0 10 2 0 8 0 0 0 0 0 0 0 1 165 251 246 170 87 41 157 215 252 255 172 7 6 5 0 0 0 0 0 0 0 0 0 0 1 4 10 8 3 25 26 0 0 13 100 242 255 243 77 1 0 1 6 2 0 0 6 8 0 0 0 0 1 0 0 21 0 0 0 7 93 247 255 250 254 223 37 0 2 0 1 7 0 5 6 0 0 0 0 0 7 0 0 0 6 5 0 0 210 255 251 255 252 239 133 111 24 3 0 0 0 0 9 4 0 0 0 0 0 12 16 0 2 0 1 7 114 205 252 255 236 255 255 246 190 107 27 0 2 9 4 0 0 0 0 0 2 0 0 0 8 0 0 2 3 5 65 100 227 220 255 255 255 248 207 146 63 0 0 10 0 0 0 0 3 0 4 7 0 1 6 0 0 10 0 0 8 70 140 183 248 252 255 255 222 113 18 0 0 0 0 0 0 0 0 0 0 0 0 0 5 0 8 0 1 2 13 0 42 155 208 255 250 253 132 3 0 0 0 0 0 0 0 0 0 0 0 0 0 0 7 0 14 0 2 6 0 0 49 143 255 243 254 60 0 0 0 0 0 0 0 0 0 0 0 0 0 0 0 36 191 97 0 0 0 11 0 17 212 255 252 203 0 0 0 0 0 0 0 0 0 0 0 0 6 17 0 54 255 234 94 24 9 15 0 15 99 245 255 252 0 0 0 0 0 0 0 0 0 0 0 0 0 0 0 0 90 235 255 173 142 174 168 225 251 255 251 172 0 0 0 0 0 0 0 0 0 0 0 0 3 9 14 7 6 146 252 254 255 243 244 255 248 255 190 39 0 0 0 0 0 0 0 0 0 0 0 0 0 3 0 0 0 7 36 91 156 250 255 227 161 136 9 7 0 0 0 0 0 0 0 0 0 0 0 0 4 1 2 0 12 0 0 8 10 28 27 34 18 0 5 0 0 0 0 0 0 0 0 0 0 0 0 0 0 0 0 0 0 0 0 0 0 0 0 0 0 0 0 0 0 0 0 0 0 0 0 0 0 0 0 0 0 0 0 0 0 0 0 0 0 0 0 0 0 0 0 0 0 0 0 0 0 0 0 0 0 0 0 0 0 0 0 0 0 0 0 0 0 0 0 0 0 0 0 0 0 0 0 0 0 0 0 0 0 0 0 0 0 0 0 0 0 0 0 0 0 0 0 0 0 0 0 0 0 0 0 0
0 2 2 0 0 0 0 2 0 11 0 2 12 0 0 0 0 0 0 0 0 6 0 3 0 0 0 0 3 0 0 4 8 3 0 1 0 0 0 0 0 0 1 21 23 2 0 0 2 1 0 3 0 0 0 0 8 0 0 5 1 0 1 0 5 0 9 3 0 2 0 0 0 0 1 10 0 0 0 3 0 0 0 0 0 0 5 4 0 0 5 1 1 0 0 3 0 19 4 7 8 5 0 0 0 2 12 0 0 0 0 0 0 0 5 1 0 4 5 0 0 8 0 6 0 0 6 0 0 1 0 5 2 0 6 0 0 0 0 0 1 5 0 0 5 1 0 7 9 0 0 126 214 255 242 161 67 43 0 2 11 0 0 5 0 0 0 0 5 8 0 0 6 0 21 104 0 23 109 237 235 241 235 246 255 183 26 0 7 5 6 0 0 0 0 0 0 4 0 2 9 0 74 234 142 163 236 255 110 42 49 154 248 251 112 10 0 0 6 0 0 0 0 0 8 0 2 0 8 0 12 215 254 255 243 52 11 0 0 0 105 249 255 5 0 11 0 0 0 0 0 0 3 0 12 0 3 2 0 70 227 213 122 0 0 25 0 17 105 248 227 45 0 0 0 15 0 0 0 0 7 0 7 1 0 6 0 0 3 4 0 4 0 0 2 134 255 251 89 2 0 0 3 0 0 0 0 0 5 0 0 7 0 0 11 0 1 0 0 0 19 86 171 255 239 156 0 0 0 2 4 0 0 0 0 0 0 0 0 8 8 0 0 0 0 0 10 8 188 249 249 188 80 32 0 8 4 3 3 3 0 0 0 0 0 13 0 0 4 2 0 0 6 1 0 0 252 254 154 18 0 0 4 0 0 7 4 0 0 0 0 0 3 6 1 0 0 7 4 3 0 8 3 0 187 255 216 65 5 0 12 14 0 4 3 3 0 0 0 0 0 0 10 12 0 0 0 0 8 0 4 2 31 142 255 247 131 40 0 5 0 4 0 1 0 0 0 0 0 0 0 0 0 0 0 0 0 16 0 0 3 7 104 252 255 187 0 0 0 0 14 0 0 0 0 0 0 0 0 0 0 0 0 0 9 0 0 20 0 12 6 43 196 233 252 17 2 0 0 10 0 0 0 0 0 0 0 0 0 0 0 0 0 0 17 0 0 0 0 4 61 191 216 239 27 1 12 0 0 0 0 0 0 0 0 0 0 0 0 0 0 0 2 4 2 8 8 0 0 19 111 244 198 0 0 2 0 0 0 0 0 0 0 0 0 0 0 0 5 0 0 149 0 0 11 0 7 0 97 251 221 10 12 6 0 0 0 0 0 0 0 0 0 0 0 0 0 5 15 215 89 0 0 9 0 0 206 243 120 6 0 0 0 0 0 0 0 0 0 0 0 0 0 0 0 5 4 144 238 98 60 53 68 173 240 239 95 1 0 14 0 0 0 0 0 0 0 0 0 0 0 0 7 7 0 83 255 240 255 251 255 244 255 165 0 2 1 0 0 0 0 0 0 0 0 0 0 0 0 0 0 2 0 0 48 140 220 255 234 125 27 4 9 0 0 2 0 0 0 0 0 0 0 0 0 0 0 0 0 8 7 0 0 0 0 0 7 0 0 8 8 0 0 7 0 0 0 0 0 0 0 0 0 0 0 0 0 0 0 0 0 7 11 11 0 0 2 0 0 0 3 6 0 0 0 0 0 0 0 0 0 0 0 0 5 1 0 0 0 0 0 0 8 9 5 0 2 9 3 0 0 0 0 0
0 0 0 0 0 0 0 0 0 5 1 0 0 13 0 0 0 10 7 0 0 8 2 6 0 0 0 0 0 0 0 0 0 0 0 0 0 0 3 3 19 0 0 27 0 1 0 0 12 5 0 0 0 0 0 0 0 0 0 0 0 0 0 0 6 4 0 0 0 11 13 0 4 7 0 0 8 0 0 1 0 0 0 0 0 0 0 0 0 0 0 0 7 0 5 0 3 0 0 0 0 3 9 0 0 0 8 2 0 0 0 0 0 0 0 0 0 0 0 0 0 6 0 59 167 255 214 144 23 0 6 0 5 0 6 0 0 0 0 0 0 0 0 0 0 0 0 0 3 1 146 255 245 255 240 255 157 0 0 1 9 0 0 0 0 0 0 0 0 0 0 0 0 0 0 0 1 4 237 201 143 63 148 247 255 8 0 0 1 0 0 3 0 0 0 0 0 0 0 0 0 0 0 0 1 4 19 12 0 11 0 254 255 0 5 0 0 13 0 0 0 0 0 0 0 0 0 0 0 0 0 0 2 0 4 4 0 4 0 255 252 3 6 0 14 0 0 0 0 0 0 0 0 0 0 0 0 0 0 0 0 21 0 7 16 0 60 244 254 2 0 0 9 0 0 9 0 0 0 0 0 0 0 0 0 0 0 0 3 12 4 0 0 0 165 255 201 9 0 2 0 2 0 0 0 0 0 0 0 0 0 0 0 0 0 0 0 9 9 0 0 24 255 245 65 0 9 10 0 6 4 0 0 0 0 0 0 0 0 0 0 0 0 0 0 0 0 1 3 186 255 255 58 1 0 2 0 2 0 9 0 0 0 0 0 0 0 0 0 0 0 0 10 8 0 27 190 252 255 235 253 140 20 0 9 5 0 6 0 0 0 0 0 0 0 0 0 0 0 0 0 5 0 202 255 255 99 124 255 255 140 14 7 5 0 0 0 0 0 0 0 0 0 0 0 0 0 0 9 0 10 244 251 82 0 0 22 255 255 60 0 0 13 0 0 0 0 0 0 0 0 0 0 0 0 0 0 4 0 120 87 0 0 8 12 120 250 139 3 0 1 5 0 0 0 0 0 0 0 0 0 0 0 0 11 0 14 0 0 13 11 0 0 100 255 251 0 12 0 0 0 0 0 0 0 0 0 0 0 0 0 0 0 0 0 31 0 9 0 0 0 117 255 236 9 0 21 0 0 0 0 0 0 0 0 0 0 0 0 0 22 0 0 9 0 0 3 2 46 228 255 179 0 0 6 0 0 0 0 0 0 0 0 0 0 0 0 0 0 0 98 108 0 7 0 144 248 248 216 25 13 0 0 0 0 0 0 0 0 0 0 0 0 0 0 0 6 73 251 115 98 145 244 255 255 183 0 3 0 0 22 0 0 0 0 0 0 0 0 0 0 0 0 0 0 89 254 255 238 245 255 217 82 0 15 2 0 7 0 16 0 0 0 0 0 0 0 0 0 0 0 0 4 7 163 250 255 255 106 1 3 3 0 0 0 3 7 0 0 0 0 0 0 0 0 0 0 0 0 0 0 0 0 0 0 0 0 0 0 0 0 0 0 0 0 0 0 0 0 0 0 0 0 0 0 0 0 0 0 0 0 0 0 0 0 0 0 0 0 0 0 0 0 0 0 0 0 0 0 0 0 0 0 0 0 0 0 0 0 0 0 0 0 0 0 0 0 0 0 0 0 0 0 0 0 0 0 0 0 0 0 0 0 0 0 0 0 0 0 0 0 0 0 0 0 0 0 0 0 0 0 0 0 0
0 0 1 3 0 0 3 0 0 3 1 1 5 0 0 6 0 0 0 5 7 0 0 1 0 0 0 0 0 0 6 0 0 0 6 6 0 8 0 0 0 1 0 0 11 0 4 0 0 0 17 5 0 0 0 0 11 0 0 10 18 6 0 0 0 11 13 2 0 0 0 7 0 0 10 12 8 0 5 0 0 0 0 0 0 1 0 0 0 0 0 15 4 0 0 0 14 8 0 0 2 0 0 5 0 0 0 11 0 0 0 0 0 13 10 0 1 17 8 0 0 6 7 0 0 0 0 10 0 15 1 0 13 7 0 0 0 0 0 0 0 7 0 0 8 0 0 0 30 85 117 116 131 172 214 241 248 242 157 0 0 0 10 0 0 0 0 0 4 3 0 0 4 6 56 145 243 253 250 246 253 255 249 250 239 255 236 104 4 0 8 0 0 0 0 0 0 8 0 15 118 208 242 255 252 254 253 230 155 59 33 70 136 232 255 232 19 7 0 1 0 0 0 0 1 3 5 0 243 246 252 252 251 204 135 31 0 4 0 0 157 255 242 251 58 3 0 12 0 0 0 0 0 1 0 0 120 241 239 135 31 22 0 6 19 0 0 0 185 243 252 125 0 0 24 0 0 0 0 0 16 0 0 19 0 0 6 0 4 0 17 0 0 5 23 227 255 251 246 2 3 7 8 0 0 0 0 0 0 0 0 2 8 0 0 14 0 24 52 74 81 156 221 232 231 255 124 6 5 0 0 0 0 0 0 0 0 9 2 0 19 7 0 0 16 220 233 242 255 255 255 255 255 242 227 50 37 0 6 7 0 0 0 0 3 0 5 13 0 0 0 9 87 255 255 239 244 255 236 250 226 255 255 255 144 78 0 6 0 0 0 0 4 0 1 4 0 10 10 0 0 255 245 254 255 207 131 33 45 95 176 255 255 206 29 0 0 0 0 0 1 0 0 0 14 0 0 5 0 11 6 45 0 0 0 0 0 0 14 125 229 255 218 18 0 0 0 0 0 4 5 0 3 9 0 2 1 0 0 4 5 0 1 7 4 4 0 0 163 255 241 31 0 0 0 0 0 2 0 0 3 3 0 7 0 0 0 0 0 0 0 0 0 8 0 25 161 245 242 105 0 0 0 0 0 1 0 1 2 0 4 4 0 7 8 1 0 7 5 0 20 0 18 0 154 255 255 137 0 0 0 0 0 4 0 2 1 0 4 0 2 2 0 0 0 0 2 1 0 1 0 78 255 241 250 77 0 0 0 0 0 7 3 0 0 0 0 0 3 0 0 4 5 0 0 8 0 19 77 245 237 255 255 27 0 0 0 0 0 4 8 0 1 1 0 36 141 97 57 43 44 60 103 147 159 198 251 255 245 234 60 3 0 0 0 0 2 0 9 0 4 0 0 111 255 251 246 252 252 248 253 255 244 242 249 252 216 83 1 12 0 0 0 0 7 0 7 0 7 0 2 172 251 252 252 252 252 251 250 249 255 255 250 156 9 4 0 0 0 0 0 0 0 0 0 0 0 0 0 0 27 135 157 237 255 239 255 173 131 90 37 4 0 0 0 0 0 0 0 0 0 0 0 0 0 0 0 0 0 14 0 3 3 0 18 0 5 0 0 0 1 7 4 0 0 0 0 0 0 0 0 0 0 0 0 0 4 0 0 0 0 0 0 0 0 0 1 3 4 2 0 0 0 0 0 0 0 0 0 0 0 0 0 0 4 0 4 4 5 7 0 9 8 7 4 0 0 0 0 1 0 0 0 0
0 0 0 0 0 0 0 0 0 4 5 0 0 0 3 6 3 0 15 8 0 7 0 3 0 0 0 0 0 0 0 0 0 0 0 0 5 14 0 0 23 2 0 0 0 0 0 0 2 9 0 4 0 0 0 0 0 0 0 0 0 0 0 0 5 0 5 13 0 1 22 0 3 12 0 0 4 0 0 1 0 0 0 0 0 0 0 0 0 0 0 0 0 0 5 1 0 0 0 1 0 0 13 5 0 0 0 0 0 0 0 0 0 0 0 0 0 0 0 0 10 0 0 0 3 0 0 1 27 0 0 4 0 3 0 0 0 0 0 0 0 0 0 0 0 0 0 0 0 14 61 73 81 171 255 248 198 93 0 1 3 8 0 3 0 0 0 0 0 0 0 0 0 0 0 0 43 191 255 252 253 244 217 216 255 235 34 0 2 1 0 5 0 0 0 0 0 0 0 0 0 0 0 0 226 250 255 210 110 19 0 12 154 255 52 0 1 0 0 4 0 0 0 0 0 0 0 0 0 0 0 0 203 231 112 15 0 10 9 3 251 255 53 7 0 9 0 0 0 0 0 0 0 0 0 0 0 0 0 0 5 34 5 0 0 0 0 86 255 213 3 0 1 0 17 0 0 0 0 0 0 0 0 0 0 0 0 0 0 0 0 0 0 45 114 250 236 59 0 7 5 0 5 0 0 0 0 0 0 0 0 0 0 0 0 0 18 7 25 52 91 212 255 255 195 19 16 0 0 1 0 7 0 0 0 0 0 0 0 0 0 0 0 0 0 107 199 255 255 255 247 234 22 0 0 0 19 0 0 0 0 0 0 0 0 0 0 0 0 0 0 0 0 217 255 249 250 255 255 255 187 45 0 7 0 0 0 6 0 0 0 0 0 0 0 0 0 0 0 0 0 82 86 76 39 0 29 175 255 102 5 16 0 23 0 0 0 0 0 0 0 0 0 0 0 0 0 0 0 0 9 8 0 11 0 25 213 255 44 0 1 28 0 0 0 0 0 0 0 0 0 0 0 0 0 0 0 11 0 0 10 1 0 0 22 253 171 0 0 7 0 4 0 0 0 0 0 0 0 0 0 0 0 0 0 0 3 0 0 0 8 7 0 234 255 59 0 0 1 5 0 0 0 0 0 0 0 0 0 0 0 0 21 0 0 16 7 1 2 0 1 169 242 86 17 0 3 4 0 0 0 0 0 0 0 0 0 0 0 0 0 0 0 0 0 0 0 10 0 223 255 78 0 3 13 0 0 0 0 0 0 0 0 0 0 0 0 0 0 11 14 0 8 19 0 0 60 255 212 48 0 4 0 0 0 0 0 0 0 0 0 0 0 0 0 0 8 0 0 1 9 0 0 59 221 247 71 5 12 9 0 10 0 0 0 0 0 0 0 0 0 0 0 0 0 6 155 249 214 158 161 239 255 189 42 0 0 4 2 0 0 0 0 0 0 0 0 0 0 0 0 0 1 4 164 255 246 255 255 250 193 26 0 15 0 0 6 0 0 0 0 0 0 0 0 0 0 0 0 0 3 0 28 110 211 255 220 162 0 0 0 0 0 0 0 0 0 0 0 0 0 0 0 0 0 0 0 0 0 0 0 0 1 5 0 0 0 0 0 0 0 0 0 0 0 0 0 0 0 0 0 0 0 0 0 0 0 4 5 0 0 0 4 11 0 0 0 0 0 0 0 0 0 0 0 0 0 0 0 0 0 0 0 0 0 0 1 3 5 2 0 0 0 0 0 0 0 0 0 0 0 0 0 0
0 12 0 2 0 0 8 0 0 12 1 4 0 10 0 0 0 0 0 0 0 0 0 0 0 0 0 0 0 0 10 16 0 0 0 0 2 0 0 3 0 1 0 5 0 0 0 0 0 0 0 0 0 0 0 0 2 5 8 0 6 11 7 0 11 12 3 6 0 4 0 0 0 0 0 0 0 0 0 0 0 0 0 0 3 3 0 2 8 0 3 9 0 0 0 1 0 3 6 0 0 0 0 0 0 0 0 0 0 0 0 0 1 0 2 12 0 8 0 0 15 0 2 4 1 0 2 0 0 0 0 0 0 0 0 0 0 0 0 0 0 2 7 0 0 25 0 69 141 169 223 243 255 249 206 125 0 0 0 0 0 0 0 0 0 0 0 0 0 1 2 7 7 0 37 227 255 232 229 197 188 200 230 208 0 0 0 0 0 0 0 0 0 0 0 0 1 0 0 11 0 44 237 207 137 30 2 7 0 1 129 246 0 0 0 0 0 0 0 0 0 0 0 0 2 0 9 8 0 22 52 18 4 0 0 2 3 0 160 242 0 5 0 0 6 4 0 7 0 0 0 0 5 0 7 4 0 2 19 0 0 5 0 0 8 0 206 234 0 7 5 0 5 6 0 0 0 0 0 0 1 0 3 3 0 0 2 0 0 5 0 2 0 60 255 169 1 0 0 8 4 0 0 3 0 0 0 0 0 0 0 2 6 2 0 4 6 2 0 6 2 172 244 39 7 0 1 6 0 0 9 7 0 0 0 0 0 2 0 0 4 0 0 3 0 0 0 6 94 255 180 0 0 9 18 0 0 7 15 0 0 0 0 0 0 2 0 0 1 0 0 4 5 5 10 2 178 232 64 0 6 0 0 1 1 0 0 0 0 0 0 0 0 0 0 0 0 3 5 3 0 0 6 78 255 255 167 153 119 60 6 1 8 0 0 13 0 0 0 0 0 0 4 0 0 0 0 0 12 0 0 148 251 248 255 222 255 211 90 0 0 11 7 0 0 0 0 0 0 0 0 0 0 0 0 0 6 0 0 20 60 54 27 21 83 235 255 131 0 0 5 0 0 0 0 0 0 0 0 0 0 0 0 0 0 0 5 0 2 2 9 0 4 34 183 222 31 8 0 1 0 0 0 0 0 0 0 0 0 0 0 0 2 0 8 0 0 0 14 0 0 0 99 254 55 0 0 3 0 0 0 0 0 0 0 0 0 0 0 0 7 0 9 3 14 0 0 0 19 8 106 241 51 0 0 4 0 0 0 0 0 0 0 0 0 0 0 0 0 0 0 0 11 0 0 8 0 3 210 227 27 15 0 6 0 0 0 0 0 0 0 0 0 0 0 0 12 17 0 0 1 12 3 4 0 134 255 145 0 11 0 3 0 0 0 0 0 0 0 0 0 0 0 0 0 0 6 43 0 0 0 15 120 253 177 32 0 0 5 1 0 0 0 0 0 0 0 0 0 0 0 0 0 14 124 235 122 93 152 233 250 187 46 0 0 7 0 5 0 0 0 0 0 0 0 0 0 0 0 0 0 0 40 189 255 255 239 255 119 18 0 7 0 0 10 0 0 0 0 0 0 0 0 0 0 0 0 0 18 7 0 8 0 1 0 2 24 0 0 15 0 0 6 0 0 0 0 0 0 0 0 0 0 0 0 0 0 3 4 0 0 4 3 0 0 0 7 6 0 0 4 0 0 0 0 0 0 0 0 0 0 0 0 0 3 5 1 1 0 3 0 0 3 11 5 0 0 1 2 0 0 0 0 0
0 0 0 0 0 0 0 0 3 0 0 1 8 15 0 4 0 17 0 1 4 5 0 12 0 0 0 0 0 0 0 0 0 0 0 0 3 3 6 0 0 5 19 5 0 0 8 0 4 0 8 0 0 0 0 0 0 0 0 0 0 0 0 0 0 3 0 0 20 0 0 1 27 0 1 0 1 0 15 0 0 0 0 0 0 0 0 0 0 0 0 0 9 0 3 0 27 171 255 249 175 79 3 0 0 0 0 2 0 0 0 0 0 0 0 0 0 0 0 0 0 0 0 9 101 255 249 250 255 217 89 0 0 7 0 0 0 0 0 0 0 0 0 0 0 0 0 0 0 3 19 0 26 238 164 49 178 255 205 0 0 0 9 0 0 0 0 0 0 0 0 0 0 0 0 0 0 1 0 0 23 102 16 6 127 248 217 6 0 0 10 0 0 0 0 0 0 0 0 0 0 0 0 0 5 0 0 8 0 2 0 50 234 253 148 0 0 6 0 0 0 0 0 0 0 0 0 0 0 0 0 0 0 12 0 0 3 0 74 246 249 251 24 4 0 5 6 0 0 0 0 0 0 0 0 0 0 0 0 0 7 0 6 19 0 42 225 255 235 107 0 0 14 0 0 10 0 0 0 0 0 0 0 0 0 0 0 0 9 3 0 0 61 245 224 255 143 0 0 0 8 0 0 6 0 0 0 0 0 0 0 0 0 0 0 0 0 0 11 10 103 244 255 255 130 0 12 4 0 1 3 0 0 0 0 0 0 0 0 0 0 0 0 0 0 14 0 0 3 206 248 248 247 124 0 3 1 0 1 0 0 0 0 0 0 0 0 0 0 0 0 0 14 0 3 0 21 17 38 223 255 232 30 0 0 0 1 0 0 0 0 0 0 0 0 0 0 0 0 0 0 25 0 5 0 0 16 5 183 255 141 0 0 0 7 0 0 0 0 0 0 0 0 0 0 0 0 0 5 0 8 8 0 0 7 0 127 249 221 0 1 0 4 3 0 0 0 0 2 0 0 0 4 5 0 0 5 0 0 8 0 0 10 3 120 255 209 8 4 2 0 0 0 0 0 0 1 9 3 7 21 29 4 0 0 10 11 0 0 2 0 0 147 239 219 0 0 0 0 10 0 0 0 0 0 0 2 0 59 238 7 24 12 0 0 6 14 0 17 116 225 255 198 10 8 0 0 2 0 0 0 0 21 0 0 8 0 80 203 77 5 4 0 0 0 5 114 254 255 255 84 9 0 0 8 0 0 0 0 0 0 0 22 0 8 5 159 255 202 139 96 100 135 193 240 250 250 185 9 0 0 0 5 3 0 0 0 0 0 5 0 6 0 0 8 107 253 242 252 252 238 255 255 235 146 61 14 0 13 1 0 3 0 0 0 0 9 0 10 0 5 0 21 1 39 143 235 255 255 244 170 70 12 0 3 0 12 7 0 5 0 0 0 0 0 5 0 0 11 1 0 0 0 4 0 0 14 1 0 7 6 0 2 7 0 0 4 0 0 0 0 0 0 0 0 0 0 0 0 0 0 0 0 0 0 0 0 0 0 0 0 0 0 0 0 0 0 0 0 0 0 0 0 0 0 0 0 0 0 0 0 0 0 0 0 0 0 0 0 0 0 0 0 0 0 0 0 0 0 0 0 0 0 0 0 0 0 0 0 0 0 0 0 0 0 0 0 0 0 0 0 0 0 0 0 0 0 0 0 0 0 0 0 0 0 0 0 0 0 0 0 0 0 0 0 0 0 0 0 0 0 0 0 0
0 0 0 0 0 0 0 0 5 0 7 0 1 9 0 1 3 0 3 7 0 0 3 3 0 0 0 0 0 0 0 0 0 0 0 0 5 0 0 0 0 0 0 8 0 0 0 1 0 0 0 0 0 0 0 0 0 0 0 0 0 0 0 0 0 15 0 0 0 0 20 0 2 3 3 0 0 0 1 0 0 0 0 0 0 0 0 0 0 0 0 0 3 0 0 6 5 0 0 2 0 0 0 0 0 0 0 8 0 0 0 0 0 0 0 0 0 0 0 0 0 0 2 0 6 13 0 3 0 6 3 0 10 7 0 0 0 0 0 0 0 0 0 0 0 0 0 0 13 0 10 13 55 128 165 210 255 247 154 37 0 0 0 7 0 0 0 0 0 0 0 0 0 0 0 0 0 15 105 204 255 255 250 255 198 255 249 102 13 4 2 0 0 0 0 0 0 0 0 0 0 0 0 0 7 165 252 255 250 246 181 46 46 230 255 115 0 0 4 0 0 0 0 0 8 0 6 1 0 5 0 0 13 221 252 246 247 103 0 1 4 255 247 108 26 0 9 2 0 0 0 0 4 0 3 6 0 0 0 12 5 138 159 159 41 7 0 10 149 255 219 41 0 26 0 0 0 0 0 0 0 0 4 2 0 1 0 3 0 15 0 0 0 0 26 69 245 245 53 9 0 0 6 11 0 0 0 0 0 2 7 0 0 7 0 0 0 40 43 75 174 159 198 255 253 251 62 0 0 16 0 0 0 0 0 0 0 0 5 0 0 0 6 46 193 243 255 255 245 255 250 244 255 255 111 48 0 0 0 15 0 0 0 0 1 0 0 8 4 0 15 106 255 245 248 242 233 253 255 232 226 255 252 169 27 2 0 0 0 0 0 0 1 0 0 3 7 0 4 84 246 242 255 226 211 90 32 0 19 83 94 232 193 17 9 0 0 0 0 0 1 8 1 0 5 4 0 13 55 60 47 14 6 2 0 7 0 3 1 130 255 150 0 2 0 0 0 0 0 3 0 3 8 0 1 4 2 0 0 0 5 3 0 0 0 20 0 134 255 236 25 1 0 0 0 0 3 4 0 0 0 0 0 0 0 0 4 5 0 0 0 8 0 9 0 136 247 255 36 3 0 0 0 0 4 0 0 0 0 3 6 0 10 0 0 0 0 0 0 0 2 0 10 184 246 249 7 0 0 0 0 0 1 0 3 5 0 6 1 0 0 0 6 8 2 0 0 7 0 2 103 255 255 148 0 10 0 0 0 0 6 0 5 2 0 0 0 3 7 0 0 0 4 2 0 0 8 73 232 248 212 14 1 9 0 0 0 0 9 0 3 0 0 1 1 53 74 50 19 0 0 0 12 29 108 241 255 238 52 4 0 0 0 0 0 0 4 0 2 0 7 5 8 97 249 255 249 208 159 153 202 255 244 255 234 104 26 0 21 0 0 0 0 0 2 0 5 0 9 0 0 98 255 253 253 255 254 250 250 254 255 169 65 16 0 9 0 0 0 0 0 0 0 0 0 0 0 0 0 0 35 110 169 188 219 255 234 177 29 12 0 0 3 2 0 0 0 0 0 0 0 0 0 0 0 0 0 0 2 4 0 0 0 7 8 3 11 1 0 0 3 2 0 0 0 0 0 0 0 0 0 0 0 0 0 0 7 0 0 5 5 0 0 0 0 0 0 0 3 1 0 0 0 0 0 0 0 0 0 0 0 0 0 0 0 1 1 0 0 5 5 0 0 0 2 4 2 0 0 0 0 0 0 0
0 1 1 10 0 9 3 0 0 4 4 0 4 1 0 0 0 0 11 2 0 1 11 0 0 0 0 0 9 0 0 0 0 1 0 4 1 7 0 0 0 3 0 0 1 2 0 11 2 0 1 1 0 0 0 0 0 0 1 3 10 0 0 6 9 0 0 0 9 0 0 5 0 14 0 9 0 0 0 11 0 0 0 0 2 5 0 0 3 0 0 0 0 8 6 0 0 5 4 5 0 0 0 3 0 0 1 3 0 0 0 0 0 0 0 8 10 0 0 12 0 97 165 167 173 184 152 101 46 0 0 3 4 5 0 0 0 0 0 0 5 2 0 8 0 0 42 92 163 213 249 254 253 254 255 255 195 63 0 0 5 2 0 0 0 0 0 0 0 8 0 4 10 159 237 247 229 168 99 65 53 64 138 231 255 184 7 0 0 0 0 9 0 0 0 0 0 18 0 4 42 229 190 31 2 1 0 0 0 0 11 34 249 250 17 11 0 7 0 0 0 0 0 0 12 0 0 5 54 224 70 0 8 0 0 0 3 0 5 103 255 251 21 0 0 0 5 0 0 0 0 0 0 0 3 4 0 58 2 0 0 0 11 0 11 0 108 252 239 167 5 25 0 1 1 0 0 0 0 0 1 9 6 7 0 0 0 6 2 0 12 1 8 118 254 247 227 13 0 0 5 0 9 1 0 0 0 0 0 3 0 0 9 0 16 0 0 12 12 134 199 255 255 247 89 0 3 17 4 0 0 0 0 0 0 0 0 0 0 0 0 6 1 0 0 0 64 250 255 250 243 252 255 220 67 18 0 0 18 1 0 0 0 0 7 0 6 12 0 5 0 13 0 19 1 0 56 60 97 160 229 255 255 203 166 30 0 4 0 0 0 0 4 0 0 1 0 1 0 5 10 0 1 0 17 0 0 0 5 49 160 245 255 230 48 2 0 0 0 0 0 4 2 0 2 0 6 0 3 0 4 0 0 4 0 7 0 5 0 23 158 241 224 15 0 0 0 0 0 7 0 0 0 0 0 8 0 2 1 0 0 0 1 0 8 0 5 0 0 182 217 23 0 0 0 0 0 3 0 1 9 14 0 4 0 0 2 3 3 4 3 1 0 0 10 10 14 195 225 0 0 0 0 0 0 2 0 3 0 0 0 0 8 5 2 0 0 0 0 3 7 9 0 13 104 245 207 0 0 0 0 0 0 0 3 3 0 0 33 0 0 0 0 6 6 0 0 1 0 18 1 83 255 251 46 17 0 0 0 0 5 0 0 1 9 12 147 62 7 1 0 2 5 2 0 0 18 0 158 255 247 162 0 4 0 0 0 0 2 0 2 0 5 32 247 226 83 50 6 0 0 32 58 69 136 248 236 252 136 8 22 0 0 0 0 0 0 3 5 0 0 17 188 254 255 231 188 169 195 236 252 244 228 248 217 91 0 4 0 0 0 0 0 0 1 0 0 1 4 0 38 121 246 251 251 253 255 244 176 105 48 47 0 0 5 1 0 12 0 0 0 0 0 0 0 0 0 0 0 0 0 0 0 0 0 0 0 0 0 0 0 0 0 0 0 0 0 0 0 0 0 0 0 0 0 0 0 0 0 0 0 0 0 0 0 0 0 0 0 0 0 0 0 0 0 0 0 0 0 0 0 0 0 0 0 0 0 0 0 0 0 0 0 0 0 0 0 0 0 0 0 0 0 0 0 0 0 0 0 0 0 0 0 0 0 0 0 0 0 0 0 0 0 0 0 0 0 0 0 0 0 0 0 0
0 0 0 0 0 0 0 0 0 17 0 2 1 0 2 4 0 3 0 4 0 1 3 2 0 0 0 0 0 0 0 0 0 0 0 0 0 7 0 0 8 16 0 10 11 0 13 0 16 0 0 6 0 0 0 0 0 0 0 0 0 0 0 0 8 0 9 0 0 0 18 0 0 11 0 13 0 8 2 0 0 0 0 0 0 0 0 0 0 0 0 0 7 0 5 134 255 244 209 41 17 0 0 10 0 0 22 0 0 0 0 0 0 0 0 0 0 0 0 0 0 24 0 131 239 255 247 255 166 36 11 0 10 12 0 5 0 0 0 0 0 0 0 0 0 0 0 0 14 0 13 18 217 255 255 239 245 247 55 12 0 0 1 4 0 0 0 0 0 0 0 0 0 0 0 0 2 0 4 9 6 181 205 255 255 255 243 36 0 6 0 11 0 0 0 0 0 0 0 0 0 0 0 0 1 0 7 0 0 7 16 51 209 254 244 159 8 0 25 0 0 0 0 0 0 0 0 0 0 0 0 0 3 6 0 3 0 4 0 0 0 195 253 169 6 0 6 0 0 0 0 0 0 0 0 0 0 0 0 0 0 0 0 13 6 2 0 1 0 123 242 171 0 0 16 0 0 0 0 0 0 0 0 0 0 0 0 0 0 0 0 0 0 0 0 4 10 192 253 187 7 1 0 0 0 0 0 0 0 0 0 0 0 0 0 0 9 10 0 2 4 12 0 0 14 221 255 118 0 6 0 11 0 0 0 0 0 0 0 0 0 0 0 0 0 1 0 9 0 1 0 23 181 251 253 47 0 8 0 0 0 0 0 0 0 0 0 0 0 0 0 0 6 15 4 10 0 0 63 190 254 250 74 0 0 2 8 4 0 0 0 0 0 0 0 0 0 0 0 0 0 0 0 0 30 59 159 255 255 202 0 6 13 0 0 3 0 0 0 0 0 0 0 0 0 0 0 0 8 0 12 30 198 246 255 238 176 0 15 0 4 0 0 13 0 0 0 0 0 2 0 3 0 0 4 9 8 0 0 91 254 251 250 233 2 0 3 2 12 0 2 0 0 0 0 0 4 5 0 3 8 0 0 0 0 12 0 82 255 248 243 249 48 0 0 1 0 0 13 0 0 0 0 0 0 6 0 0 0 0 12 19 4 0 0 0 160 255 244 253 219 48 8 15 0 6 1 0 0 0 0 0 2 0 0 5 11 0 0 0 11 0 11 5 7 26 146 237 245 229 0 0 27 0 0 9 0 0 0 0 0 3 4 9 0 1 116 229 208 119 163 135 130 161 172 255 255 255 99 0 0 11 3 2 0 0 0 0 5 0 0 5 0 18 146 255 249 255 255 230 255 255 246 255 251 238 83 0 8 1 0 0 0 0 0 0 0 4 2 1 0 2 115 218 251 246 253 232 247 230 179 240 162 46 23 0 0 5 0 3 0 0 0 0 0 2 0 8 4 0 0 2 2 3 3 1 0 3 0 0 0 1 0 0 15 0 11 0 0 0 0 0 0 0 0 0 0 0 0 0 0 0 0 0 0 0 0 0 0 0 0 0 0 0 0 0 0 0 0 0 0 0 0 0 0 0 0 0 0 0 0 0 0 0 0 0 0 0 0 0 0 0 0 0 0 0 0 0 0 0 0 0 0 0 0 0 0 0 0 0 0 0 0 0 0 0 0 0 0 0 0 0 0 0 0 0 0 0 0 0 0 0 0 0 0 0 0 0 0 0 0 0 0 0 0 0 0 0 0 0 0 0 0 0
0 0 2 0 8 0 1 0 0 8 0 7 0 4 6 0 3 0 3 7 0 0 1 4 0 0 0 0 11 0 0 0 3 0 13 4 0 0 1 13 0 0 0 10 0 0 0 0 0 4 3 0 0 0 0 0 0 0 10 2 0 0 0 0 13 0 0 0 5 8 0 0 0 10 11 6 5 0 0 0 0 0 0 0 5 0 2 0 0 8 10 8 0 0 3 8 3 1 0 13 0 0 0 0 6 0 0 13 0 0 0 0 10 0 0 0 6 10 0 0 7 15 0 0 0 17 0 0 14 3 0 0 2 1 0 4 0 0 0 0 0 0 8 8 4 0 0 75 113 103 142 255 255 185 72 0 0 0 13 8 0 2 6 0 0 0 0 0 0 7 2 0 0 0 42 220 249 255 223 164 156 194 255 175 9 0 0 7 0 0 11 0 0 0 0 0 5 4 0 0 13 0 0 177 250 149 53 0 10 33 226 240 177 43 0 10 3 0 4 0 0 0 0 0 0 0 3 2 0 0 14 35 75 11 0 2 4 0 158 244 239 126 6 0 10 0 5 1 0 0 0 0 2 0 0 0 0 0 2 13 12 0 23 0 0 9 212 255 249 118 0 2 1 0 5 1 0 0 0 0 5 0 0 0 0 0 0 0 0 0 0 5 9 1 237 241 255 101 10 3 2 1 0 0 0 0 0 0 3 0 0 0 3 3 0 0 1 17 0 0 2 37 237 249 170 12 18 0 0 8 0 6 0 0 0 0 1 2 2 0 0 2 3 2 0 0 7 53 133 215 251 255 136 15 0 0 2 2 0 9 0 0 0 0 0 4 4 0 0 0 0 1 2 160 188 245 249 253 255 231 237 152 0 9 2 6 0 0 0 0 0 0 0 3 4 0 0 0 0 0 3 212 244 255 250 254 254 151 218 232 79 3 0 9 9 0 0 0 0 0 0 1 2 0 2 6 4 0 4 41 180 235 203 132 10 0 105 253 255 34 0 0 0 2 0 0 0 0 0 0 0 0 0 0 0 0 0 7 9 20 12 2 10 0 24 255 236 30 6 2 0 2 0 0 0 0 0 0 0 0 0 0 0 0 0 0 0 4 0 0 2 1 9 183 255 25 0 0 4 0 0 0 0 0 0 0 0 0 0 0 0 0 11 0 0 1 5 5 0 0 37 244 247 32 7 0 14 3 0 0 0 0 0 0 0 0 0 0 0 0 5 0 2 0 0 0 0 18 24 255 243 28 2 0 1 1 0 0 0 0 0 0 0 0 0 0 0 0 0 2 3 0 11 15 0 0 40 223 255 24 1 0 2 0 0 0 0 0 0 0 0 0 0 0 0 0 8 81 80 32 0 0 7 18 176 255 204 13 4 7 5 1 0 0 0 0 0 0 0 0 0 0 0 0 80 241 255 174 80 64 164 221 255 220 48 0 0 0 0 0 0 0 0 0 0 0 0 0 0 0 0 0 47 227 255 255 244 237 255 233 209 31 0 8 0 0 11 1 0 0 0 0 0 0 0 0 0 0 0 0 8 83 138 255 242 248 132 88 0 0 0 0 0 0 0 0 0 0 0 0 0 0 0 0 0 0 0 0 0 6 0 18 0 17 0 0 0 0 0 0 0 0 0 0 0 0 0 0 0 0 0 0 0 0 0 0 2 0 0 0 0 0 2 7 0 0 0 0 0 0 0 0 0 0 0 0 0 0 0 0 0 0 0 0 0 0 10 3 7 0 2 0 0 0 0 0 0 0 0 0 0 0 0 0
0 0 0 0 0 0 5 0 3 0 0 9 0 0 5 0 0 0 1 1 0 0 3 0 0 0 0 0 11 6 0 4 6 0 0 0 7 5 0 0 0 4 8 0 0 1 6 4 0 0 5 13 0 0 0 0 0 1 0 0 0 0 0 9 0 1 5 1 2 0 0 0 2 0 0 0 8 4 0 0 0 0 0 0 0 6 5 0 4 13 0 0 5 1 0 0 7 0 0 13 0 11 4 0 4 3 0 10 0 0 0 0 5 0 0 0 7 2 0 18 50 51 68 94 159 210 220 250 253 226 111 1 0 2 0 0 0 0 0 0 0 0 0 1 0 0 37 182 241 253 255 241 239 255 231 230 243 255 155 4 0 10 3 0 0 0 0 0 1 0 15 11 2 0 72 254 255 234 228 167 103 66 12 3 27 218 241 91 11 6 0 1 0 0 0 0 6 0 1 0 1 0 7 114 122 22 3 3 3 5 0 5 0 220 250 78 0 1 0 0 0 0 0 0 0 0 0 0 0 0 0 0 0 15 0 0 0 0 13 0 22 247 208 0 8 0 0 3 0 0 0 0 0 0 0 0 0 0 0 0 0 0 2 0 6 16 0 1 203 255 143 3 0 6 13 0 0 0 0 0 0 0 0 0 0 0 0 0 17 0 8 3 0 0 29 163 248 219 33 0 21 10 0 9 0 0 0 0 0 0 0 0 0 0 0 0 0 16 0 11 106 180 238 255 255 146 3 9 0 0 9 0 0 0 0 0 0 0 0 0 0 0 0 0 40 194 249 245 252 254 255 244 255 245 188 149 89 24 0 2 0 0 0 0 0 0 0 0 0 0 0 0 196 233 255 251 255 240 170 158 150 164 200 234 255 136 7 0 0 0 0 0 0 0 0 0 0 0 0 0 163 195 190 84 12 5 0 0 0 0 0 46 255 249 35 8 0 0 0 0 0 0 0 0 0 0 0 0 0 7 0 3 4 0 13 0 7 0 15 1 119 254 131 0 0 0 0 0 0 3 2 1 4 0 0 0 0 0 0 0 0 4 0 0 2 0 16 0 119 255 107 4 0 0 0 0 8 2 0 0 3 0 3 17 5 0 2 6 2 0 0 17 9 7 10 0 223 253 65 4 0 0 0 0 0 6 8 0 0 4 0 0 0 0 0 3 0 0 0 0 0 0 0 100 255 248 22 0 0 0 0 0 0 0 2 0 1 11 14 5 0 2 0 0 5 10 12 0 0 25 90 255 253 176 11 0 0 0 0 0 15 0 0 9 0 0 0 4 7 12 0 0 0 0 7 3 86 156 255 232 221 21 0 5 0 0 0 0 0 0 7 1 0 45 96 106 77 82 70 92 97 96 150 181 255 255 251 182 11 0 3 0 0 0 0 0 0 2 9 0 6 120 235 255 243 255 248 255 250 238 255 255 242 248 138 0 22 0 0 18 0 0 0 0 11 0 4 9 0 23 101 148 197 254 247 247 255 255 249 172 96 44 6 6 0 7 0 0 0 0 0 0 0 0 0 0 0 0 0 0 0 0 0 0 0 0 0 0 0 0 0 0 0 0 0 0 0 0 0 0 0 0 0 0 0 0 0 0 0 0 0 0 0 0 0 0 0 0 0 0 0 0 0 0 0 0 0 0 0 0 0 0 0 0 0 0 0 0 0 0 0 0 0 0 0 0 0 0 0 0 0 0 0 0 0 0 0 0 0 0 0 0 0 0 0 0 0 0 0 0 0 0 0 0 0 0 0 0 0 0 0 0 0 0
0 0 0 0 0 0 0 0 0 6 7 0 0 1 4 0 4 6 0 15 0 0 8 0 0 0 0 0 0 0 0 0 0 0 0 0 5 0 0 1 10 2 0 0 0 3 0 0 0 6 1 0 0 0 0 0 0 0 0 0 0 0 0 0 3 12 12 1 0 0 4 5 3 13 7 0 2 7 0 5 0 0 0 0 0 0 0 0 0 0 0 0 0 0 0 5 13 4 0 0 0 0 8 0 0 0 0 8 0 0 0 0 0 0 0 0 0 0 0 0 0 15 16 0 0 1 11 8 24 0 0 5 0 0 0 0 0 0 0 0 0 0 0 0 0 0 0 0 0 2 0 0 23 104 192 243 173 100 12 9 0 1 5 0 0 0 0 0 0 0 0 0 0 0 0 0 2 1 70 190 254 243 241 255 255 227 46 9 0 5 3 1 0 0 0 0 0 0 0 0 0 0 0 0 21 132 235 255 253 254 255 248 248 255 51 6 0 8 0 2 0 0 0 0 2 0 4 0 3 0 1 116 220 255 240 255 177 170 39 245 255 255 40 4 1 0 6 5 0 0 0 0 1 0 2 0 8 5 5 92 254 250 206 173 0 5 43 236 230 255 60 13 0 21 0 1 0 0 0 0 7 0 2 0 3 3 0 38 72 73 22 0 13 24 133 255 255 188 13 0 12 7 0 0 0 0 0 0 9 0 4 1 0 0 0 1 0 3 0 7 1 154 255 241 194 0 1 10 0 0 3 9 0 0 0 0 2 0 5 5 0 5 4 1 0 10 10 22 183 241 255 248 215 133 3 19 0 0 0 0 0 0 0 0 1 0 4 4 0 0 4 0 0 11 106 220 241 255 244 255 249 255 44 0 8 0 3 0 0 0 0 0 2 4 0 0 0 0 0 0 8 65 229 255 255 250 255 174 253 237 255 146 0 7 0 0 0 0 0 0 0 3 0 0 7 2 3 5 6 170 255 251 241 73 0 9 96 253 252 198 0 0 10 0 0 0 0 0 0 0 0 0 0 0 0 0 0 128 255 172 11 1 20 0 0 170 254 244 85 0 3 0 0 0 0 0 0 0 0 0 0 0 0 0 11 8 18 4 0 0 0 1 18 53 255 246 78 8 0 6 0 0 0 0 0 0 0 0 0 0 0 0 0 0 0 0 7 2 0 22 0 92 253 243 82 9 2 0 0 0 0 0 0 0 0 0 0 0 0 0 3 0 13 10 0 0 4 0 12 206 250 242 57 0 7 0 0 0 0 0 0 0 0 0 0 0 0 0 9 0 0 0 1 0 3 5 134 237 255 196 9 0 0 8 0 0 0 0 0 0 0 0 0 0 0 0 0 47 22 0 10 0 17 94 240 255 231 82 0 7 0 6 0 0 0 0 0 0 0 0 0 0 0 0 170 240 193 143 163 168 198 255 255 246 121 2 8 4 0 0 0 0 0 0 0 0 0 0 0 0 0 0 195 252 254 255 255 251 255 251 244 123 17 8 0 0 3 1 0 0 0 0 0 0 0 0 0 0 0 0 129 255 248 255 255 248 255 129 58 21 0 0 7 0 0 2 0 0 0 0 0 0 0 0 0 0 0 0 0 9 0 0 0 0 9 0 12 0 0 0 6 0 0 2 0 0 0 0 0 0 0 0 0 0 0 0 4 0 6 5 5 6 0 4 0 0 0 3 3 0 0 0 0 0 0 0 0 0 0 0 0 0 0 0 0 0 14 0 0 14 0 0 1 5 6 1 0 0 0 0 0 0 0 0
3 0 0 0 0 2 6 0 3 3 2 0 0 0 0 3 0 11 0 6 0 0 0 4 0 0 0 0 0 0 7 7 0 0 0 0 0 0 0 3 3 2 0 0 0 4 0 0 0 5 0 0 0 0 0 0 0 1 2 0 0 0 4 6 4 2 1 1 1 0 0 0 0 0 6 0 0 5 6 0 0 0 0 0 7 1 0 0 2 1 0 0 6 2 0 0 0 4 6 7 9 0 12 1 0 0 1 4 0 0 0 0 2 3 0 1 4 0 0 11 0 0 0 3 3 0 0 0 7 0 0 8 17 4 0 0 0 0 0 0 0 4 4 3 0 0 51 138 160 180 210 238 255 255 255 255 243 144 7 0 0 0 0 17 0 0 0 0 0 3 0 0 0 10 112 255 237 245 254 255 254 250 251 254 247 171 0 0 6 8 0 4 0 0 0 0 0 2 0 0 0 3 104 255 255 252 237 218 208 215 237 255 247 200 0 2 0 2 0 0 0 0 0 0 0 0 1 3 0 0 15 40 45 89 21 2 0 0 80 252 249 166 6 0 12 2 0 3 0 0 0 0 4 0 0 2 0 0 3 17 0 18 0 0 18 40 233 244 255 35 0 14 0 0 11 0 0 0 0 0 5 0 0 2 3 0 0 0 18 0 5 31 40 238 252 255 132 0 2 0 4 3 0 4 0 0 0 0 2 0 0 4 7 3 0 0 0 0 6 30 227 255 255 231 35 1 0 0 1 0 9 0 0 0 0 0 0 0 0 3 3 1 1 3 4 11 90 247 255 244 249 129 4 27 7 3 0 0 0 13 0 0 0 0 0 1 2 0 0 0 0 2 0 0 204 243 246 255 239 255 255 233 112 9 0 22 0 9 0 0 0 0 0 0 0 0 0 0 0 0 7 24 237 251 249 249 250 255 235 245 255 185 37 0 8 0 0 0 0 0 0 0 0 0 1 4 3 0 0 0 83 98 121 139 183 202 214 255 247 253 183 4 0 0 0 0 0 0 4 0 0 3 2 0 0 3 2 0 7 0 0 4 22 0 11 83 203 254 255 61 0 5 0 0 0 0 0 3 11 0 11 3 0 13 0 6 2 14 0 0 0 0 0 13 0 255 250 108 5 0 0 0 0 0 8 0 0 0 4 2 110 187 26 19 0 0 4 10 4 7 0 1 10 232 250 138 3 12 0 0 0 0 0 0 0 29 0 0 189 196 0 0 3 12 0 1 0 0 2 0 8 242 255 120 0 0 0 0 0 0 0 9 0 10 0 9 236 230 54 0 7 0 0 4 2 10 13 0 159 255 237 123 11 0 0 0 0 0 0 0 5 1 1 1 136 245 224 91 52 9 8 2 0 0 42 217 255 235 190 5 4 0 0 0 0 0 11 0 0 0 0 0 87 251 250 255 243 228 220 193 196 222 254 251 244 220 47 0 7 1 0 0 0 0 0 0 0 9 0 0 0 16 128 255 243 251 255 249 251 255 252 223 158 35 0 0 0 1 0 0 0 0 0 0 0 0 0 0 0 0 7 56 145 187 189 237 255 212 147 74 6 0 0 0 0 0 0 0 0 0 0 0 0 0 0 0 0 0 0 0 6 5 0 2 19 0 6 0 0 0 4 0 0 4 0 0 0 0 0 0 0 0 0 0 0 0 19 1 0 1 0 0 1 0 0 0 10 12 4 0 0 2 0 0 0 0 0 0 0 0 0 0 0 0 0 0 0 6 15 7 0 3 6 6 1 0 0 0 3 4 0 0 0 0
0 0 4 6 1 0 0 4 6 2 0 0 8 1 0 3 0 0 0 2 8 0 0 7 0 0 0 0 5 2 0 0 0 9 4 0 0 6 7 0 0 0 0 2 3 5 4 2 4 6 3 0 0 0 0 0 6 0 0 3 3 0 0 10 2 1 0 0 1 6 6 3 0 0 4 0 0 0 4 0 0 0 0 0 0 0 5 6 1 0 0 2 2 0 0 12 10 0 0 0 5 2 11 13 3 2 6 0 0 0 0 0 0 9 5 0 0 13 5 0 1 29 103 190 245 255 251 217 32 0 0 0 5 3 1 4 0 0 0 0 8 0 0 3 0 0 15 50 176 215 255 255 243 247 254 235 233 151 46 0 1 0 0 0 0 0 0 0 9 0 0 16 0 0 80 192 247 241 226 155 62 63 149 212 255 226 95 0 0 11 11 16 0 0 0 0 0 3 4 0 0 56 176 255 191 77 9 8 0 0 5 7 246 255 160 18 0 12 0 0 0 0 0 0 0 2 1 13 0 115 246 246 0 0 7 1 0 0 0 0 149 253 163 6 8 0 12 0 0 0 0 0 11 0 0 0 0 137 255 124 10 18 0 0 3 8 0 21 255 255 173 0 0 6 11 0 0 0 0 0 7 0 8 6 0 51 215 95 0 0 0 21 8 47 126 234 255 252 195 40 15 0 0 29 0 0 0 0 4 3 4 0 0 0 138 174 2 6 7 5 0 156 255 240 241 255 252 239 112 0 2 0 0 0 0 0 0 6 7 0 23 0 0 0 0 0 0 5 4 169 216 130 133 133 231 249 238 174 0 5 0 0 0 0 14 0 0 0 5 12 0 5 0 0 0 4 0 3 0 4 0 0 35 140 250 252 145 1 0 0 0 0 7 0 2 10 0 0 0 3 0 23 3 0 5 11 0 2 0 13 0 13 244 254 161 2 0 0 0 0 0 10 0 0 9 0 17 0 0 0 3 1 0 0 0 3 2 1 7 0 255 253 171 2 0 0 0 0 0 17 0 0 13 0 3 1 0 5 6 1 0 4 2 0 0 3 0 1 255 248 174 0 0 0 0 0 5 0 15 0 0 4 0 1 0 0 0 0 0 0 0 8 0 2 15 24 247 255 123 1 0 0 0 0 1 0 4 2 21 104 0 11 1 0 3 10 8 0 0 1 0 0 18 208 255 228 53 0 0 0 0 0 0 10 0 0 31 224 47 0 0 0 0 0 0 0 0 0 13 0 142 255 241 101 0 19 0 0 0 0 0 0 5 2 3 255 222 94 23 5 0 1 3 0 0 5 33 207 255 227 147 7 0 0 0 0 0 0 4 0 6 0 9 147 255 244 204 133 71 51 40 38 83 144 255 250 253 217 23 0 0 0 0 0 0 0 9 4 0 0 5 8 90 168 254 245 250 255 250 227 232 255 247 246 125 0 2 0 12 0 0 0 0 0 0 10 0 17 0 1 3 4 91 153 218 246 254 255 255 249 122 22 13 0 8 3 0 1 0 0 0 0 0 0 0 0 0 0 0 0 0 0 0 0 0 0 0 0 0 0 0 0 0 0 0 0 0 0 0 0 0 0 0 0 0 0 0 0 0 0 0 0 0 0 0 0 0 0 0 0 0 0 0 0 0 0 0 0 0 0 0 0 0 0 0 0 0 0 0 0 0 0 0 0 0 0 0 0 0 0 0 0 0 0 0 0 0 0 0 0 0 0 0 0 0 0 0 0 0 0 0 0 0 0 0 0 0 0 0 0 0 0 0 0
0 0 0 0 0 0 0 0 0 5 8 4 1 1 0 0 9 0 16 4 0 8 0 0 0 0 0 0 0 0 0 0 0 0 0 0 5 0 0 0 1 0 0 9 0 18 0 0 0 0 27 6 0 0 0 0 0 0 0 0 0 0 0 0 2 0 3 9 6 0 0 0 0 0 11 19 0 0 0 0 0 0 0 0 0 0 0 0 0 0 0 0 0 3 1 0 0 4 6 2 0 5 0 0 5 3 0 12 0 0 0 0 0 0 0 0 0 0 0 0 0 0 3 2 0 0 0 3 0 83 173 166 169 163 14 0 0 0 0 0 0 0 0 0 0 0 0 0 2 0 5 6 0 0 57 127 205 247 225 231 182 248 230 6 0 0 0 0 0 0 0 0 0 0 0 0 5 0 0 0 38 111 201 255 238 98 30 5 0 238 255 0 0 0 0 0 0 0 0 0 0 0 0 0 1 0 4 55 167 255 252 187 44 1 8 0 0 226 230 17 0 0 0 0 0 0 0 0 0 0 0 0 0 9 112 246 252 234 92 15 0 0 13 0 160 248 176 8 0 0 0 0 0 0 0 0 0 0 0 0 11 131 255 241 173 13 11 0 4 14 0 178 234 219 19 0 0 0 0 0 0 0 0 0 0 0 0 0 0 91 207 96 0 2 1 5 1 52 200 255 228 41 8 3 0 0 0 0 0 0 0 0 0 0 0 0 0 14 0 1 0 110 135 117 176 234 255 132 0 0 0 0 0 0 0 0 0 0 0 0 0 0 0 0 2 0 6 110 253 255 235 255 243 251 240 2 4 21 6 0 0 0 0 0 0 0 0 0 0 0 0 0 4 46 230 252 234 248 255 250 171 163 255 62 1 0 0 7 0 0 0 0 0 0 0 0 0 0 0 0 0 194 244 251 255 227 122 48 0 2 230 180 9 0 14 0 0 0 0 0 0 0 0 0 0 0 0 0 0 51 145 148 86 28 0 5 0 4 175 229 0 0 0 5 0 0 0 0 1 0 1 0 3 0 0 0 0 0 0 0 0 1 5 5 3 0 179 229 9 0 6 0 0 0 0 0 0 0 0 0 15 13 0 0 7 3 5 10 7 0 0 0 0 33 244 163 1 0 6 0 0 0 0 0 18 0 17 215 187 8 23 0 0 0 0 0 0 7 7 0 0 160 254 58 3 3 0 6 0 0 0 0 0 24 0 184 255 219 50 6 9 2 0 1 0 0 1 13 115 237 130 2 3 5 0 5 0 0 0 0 10 1 0 0 227 255 245 192 96 44 26 67 107 124 158 203 248 153 0 7 0 0 5 0 0 0 0 0 0 8 5 0 0 123 255 242 252 255 255 251 242 243 255 255 153 34 0 1 2 1 0 0 0 0 0 0 21 0 12 7 0 17 27 149 228 241 248 255 255 255 169 71 1 0 10 0 6 2 0 0 0 0 0 0 0 8 0 0 0 2 5 0 0 22 65 90 67 20 0 3 0 1 0 12 0 0 18 0 0 0 0 0 0 0 0 0 0 0 0 0 0 0 0 0 0 0 0 0 0 0 0 0 0 0 0 0 0 0 0 0 0 0 0 0 0 0 0 0 0 0 0 0 0 0 0 0 0 0 0 0 0 0 0 0 0 0 0 0 0 0 0 0 0 0 0 0 0 0 0 0 0 0 0 0 0 0 0 0 0 0 0 0 0 0 0 0 0 0 0 0 0 0 0 0 0 0 0 0 0 0 0 0 0 0 0 0 0 0 0 0 0 0 0 0
0 0 0 0 0 0 0 0 2 0 0 0 3 6 1 0 0 1 0 0 20 0 0 0 0 0 0 0 0 0 0 0 0 0 0 0 0 12 6 0 0 0 8 0 4 2 0 18 0 3 14 0 0 0 0 0 0 0 0 0 0 0 0 0 5 1 0 0 5 0 10 4 2 0 0 14 0 2 2 0 0 0 0 0 0 0 0 0 0 0 0 0 5 0 4 3 0 0 0 5 0 9 21 0 11 10 0 0 0 0 0 0 0 0 0 0 0 0 0 0 4 0 8 0 0 54 127 241 252 253 215 45 0 0 6 8 0 0 0 0 0 0 0 0 0 0 0 0 4 0 11 26 138 255 249 198 163 189 255 180 5 6 0 0 0 0 0 0 0 0 0 0 0 0 0 0 0 42 150 255 253 144 48 12 2 60 231 192 3 0 0 3 0 0 0 0 0 0 0 0 0 0 0 0 11 186 255 231 103 2 14 0 0 102 255 140 0 2 10 0 0 0 0 0 0 0 0 0 0 0 0 0 21 220 219 62 0 2 0 3 128 252 206 2 3 0 0 6 0 0 0 0 0 0 0 0 0 0 0 0 0 23 21 0 2 0 32 172 255 223 59 0 15 4 0 0 0 0 0 0 0 0 0 0 0 0 0 0 0 3 3 0 15 134 240 236 200 66 0 0 0 0 0 5 0 0 0 0 0 0 0 0 0 0 0 0 0 0 0 94 214 252 255 242 132 80 21 0 11 0 20 0 0 0 0 0 0 0 0 0 0 0 0 0 10 41 181 239 253 255 234 246 249 253 223 27 0 13 0 22 0 0 0 0 0 0 0 0 0 0 0 0 0 201 252 251 175 43 40 48 38 146 232 188 17 0 0 1 0 0 0 0 0 0 0 0 0 0 0 0 22 69 128 30 0 17 0 2 6 6 163 253 67 9 8 0 0 0 0 0 0 0 0 0 0 0 0 0 0 2 0 4 5 0 6 0 0 0 87 251 166 0 0 1 0 0 0 0 0 10 0 0 14 0 0 10 2 0 5 0 0 5 0 2 0 0 68 255 178 11 0 0 0 0 0 0 7 0 0 2 0 0 9 0 8 4 2 0 0 0 0 0 1 15 141 236 173 0 5 9 0 0 0 0 0 5 2 3 0 29 0 13 0 0 0 0 0 0 7 2 0 28 242 248 45 7 9 0 0 0 0 0 0 5 7 0 4 155 44 0 1 0 5 3 0 0 0 6 18 199 250 163 0 6 0 0 0 0 0 0 9 0 2 0 0 209 191 15 10 0 10 5 1 5 0 39 203 230 236 11 3 0 8 4 0 0 0 0 0 0 0 7 3 82 247 200 85 27 1 0 10 82 160 251 255 213 29 11 0 12 0 6 0 0 0 0 0 16 0 11 4 0 128 225 252 255 237 249 254 246 255 250 169 14 4 7 0 0 15 0 0 0 0 0 4 4 0 8 0 15 0 10 97 174 185 249 249 171 125 15 0 0 3 0 6 0 0 16 0 0 0 0 0 0 0 0 0 0 0 0 0 0 0 0 0 0 0 0 0 0 0 0 0 0 0 0 0 0 0 0 0 0 0 0 0 0 0 0 0 0 0 0 0 0 0 0 0 0 0 0 0 0 0 0 0 0 0 0 0 0 0 0 0 0 0 0 0 0 0 0 0 0 0 0 0 0 0 0 0 0 0 0 0 0 0 0 0 0 0 0 0 0 0 0 0 0 0 0 0 0 0 0 0 0 0 0 0 0 0 0 0 0 0 0
5 0 0 10 2 0 0 0 0 0 0 2 0 0 0 7 1 0 5 2 0 6 0 0 0 0 0 0 6 2 0 0 0 8 16 2 6 0 0 0 5 6 0 0 12 7 4 0 0 15 0 0 0 0 0 0 0 0 2 5 1 0 0 0 4 0 0 0 4 1 0 1 0 0 4 1 6 0 0 11 0 0 0 0 0 0 3 0 0 4 0 8 0 0 1 2 0 0 0 11 15 5 0 0 6 4 0 2 0 0 0 0 0 5 7 0 0 12 0 0 0 3 0 0 2 21 14 0 0 0 3 3 0 3 15 0 0 0 0 0 1 0 4 7 4 0 0 78 167 179 170 160 197 242 219 158 62 18 0 4 0 0 4 4 0 0 0 0 14 0 0 4 2 0 29 168 247 250 250 247 254 255 255 253 255 157 13 0 10 0 0 6 0 0 0 0 0 0 15 0 2 7 0 35 99 90 101 104 50 0 27 107 239 254 114 0 2 1 0 2 0 0 0 0 0 0 0 0 0 0 0 0 5 0 0 7 0 9 0 27 239 249 138 12 0 0 0 6 0 0 0 0 0 0 0 0 0 0 0 0 0 10 4 0 0 16 1 169 253 249 162 0 37 0 0 3 0 0 0 0 0 0 0 0 0 0 0 0 0 4 0 4 16 0 165 255 247 168 5 1 0 0 17 0 0 0 0 0 0 0 0 0 0 0 0 0 6 11 39 135 146 234 255 235 236 69 2 0 0 0 14 0 0 0 0 0 0 0 0 0 0 0 0 0 27 183 255 255 255 248 255 250 246 226 63 9 7 0 6 0 0 0 0 0 0 0 0 0 0 0 0 0 56 255 233 255 182 105 44 47 176 255 229 36 3 8 0 8 0 0 0 0 0 0 0 0 0 0 0 0 9 33 52 30 18 8 0 0 0 158 255 227 0 0 0 0 0 0 0 0 0 0 0 0 0 0 0 0 2 4 0 7 0 0 12 0 3 17 236 255 70 3 7 0 0 0 0 0 1 0 3 0 0 0 0 3 0 14 0 4 7 0 17 3 7 7 228 255 157 0 1 0 0 0 0 0 2 0 0 10 7 9 5 0 0 0 0 0 0 27 0 0 7 27 247 238 47 5 10 0 0 0 0 0 8 3 0 13 0 0 0 13 2 6 10 19 0 8 8 4 0 109 255 238 0 2 0 2 0 0 0 0 0 5 0 13 0 3 9 148 62 0 0 0 10 0 7 0 39 227 254 169 7 0 0 9 0 0 0 0 0 4 10 0 0 8 3 227 117 11 15 0 5 16 0 24 188 255 209 8 8 0 0 8 0 0 0 0 5 0 7 0 0 1 0 173 250 84 0 12 0 0 42 211 255 249 0 17 0 0 18 0 0 0 0 0 1 0 3 0 7 12 0 91 255 233 64 0 11 102 216 255 225 42 21 0 21 2 0 5 0 0 0 0 3 0 4 5 0 0 1 0 147 244 255 186 215 251 255 227 50 0 6 0 2 0 1 0 0 0 0 0 0 0 0 0 0 0 0 0 0 82 187 251 255 237 140 45 0 0 0 0 0 0 0 0 0 0 0 0 0 0 0 0 0 0 0 0 1 2 0 0 0 11 13 3 0 0 0 0 0 0 0 0 0 0 0 0 0 0 0 0 0 0 0 0 6 0 0 3 3 0 0 0 0 0 0 0 0 0 0 0 0 0 0 0 0 0 0 0 0 0 0 0 6 0 0 5 4 0 1 11 0 0 0 0 0 0 0 0 0 0 0 0
0 0 0 5 0 0 8 7 0 0 6 0 2 6 0 4 0 0 8 12 0 0 11 2 0 0 0 0 3 5 0 0 0 8 6 0 4 0 0 0 0 8 0 0 3 3 0 0 14 19 0 0 0 0 0 0 6 0 0 2 4 4 4 6 0 0 11 0 0 1 0 5 1 17 0 0 0 12 5 0 0 0 0 0 2 0 0 0 4 1 0 3 3 4 7 0 4 13 0 0 1 0 0 21 5 0 13 4 0 0 0 0 0 0 4 0 0 8 0 3 21 116 224 255 253 245 243 255 244 197 73 0 5 15 8 0 0 0 0 0 6 0 1 2 1 0 16 115 240 255 255 255 255 255 242 244 255 255 245 81 0 7 0 6 0 0 0 0 7 0 3 9 4 0 18 151 243 246 236 198 189 203 206 223 255 237 254 190 12 1 0 6 0 0 0 0 0 3 14 0 0 10 0 26 64 72 62 14 0 0 2 23 65 246 255 212 0 0 11 0 0 0 0 0 0 0 0 0 0 0 0 0 0 4 6 0 7 14 0 4 130 255 251 191 16 4 0 7 0 0 0 0 0 0 0 0 0 0 0 0 0 6 0 0 2 0 8 134 248 244 255 172 0 15 0 0 0 0 0 0 0 0 0 0 0 0 0 0 12 0 6 14 22 151 249 248 255 242 176 52 0 0 20 16 0 0 0 0 0 0 0 0 0 0 0 0 1 0 143 238 255 252 239 255 247 254 60 2 0 6 0 0 0 0 0 0 0 0 0 0 0 0 0 0 0 22 241 243 250 251 244 255 255 240 185 92 2 10 4 4 0 0 0 0 0 0 0 0 0 0 0 0 3 0 236 255 255 255 255 253 231 255 244 218 10 0 0 7 0 0 0 0 0 0 0 0 0 0 0 0 0 0 74 46 62 54 65 147 180 255 255 243 184 15 18 0 0 0 0 0 0 0 0 0 0 0 0 0 10 0 8 10 0 0 0 3 0 108 247 255 255 49 0 4 0 0 0 0 0 0 6 1 13 0 4 0 0 0 6 0 5 15 0 0 0 8 153 255 238 119 2 0 0 0 0 0 8 3 0 0 5 0 0 3 5 0 0 0 0 0 1 9 1 6 133 244 255 162 0 17 0 0 0 0 0 4 0 5 5 0 6 12 0 1 10 13 0 0 7 0 4 0 159 247 237 110 2 0 0 0 0 0 0 8 0 1 0 13 154 170 35 0 2 4 0 0 0 2 36 106 213 255 255 48 2 0 0 0 0 0 0 5 0 1 4 31 255 255 146 16 0 0 12 68 107 187 255 255 248 252 230 43 3 0 0 0 0 0 0 0 0 5 11 27 233 250 255 195 209 200 211 251 235 255 240 239 255 204 55 2 0 3 0 0 0 0 9 0 0 0 0 21 150 255 253 251 253 244 250 255 255 250 255 222 140 32 0 16 0 6 0 0 0 0 0 0 10 7 0 0 32 217 255 255 243 255 249 160 140 136 78 0 0 5 5 0 22 0 0 0 0 0 0 0 0 0 0 0 0 0 0 0 0 0 0 0 0 0 0 0 0 0 0 0 0 0 0 0 0 0 0 0 0 0 0 0 0 0 0 0 0 0 0 0 0 0 0 0 0 0 0 0 0 0 0 0 0 0 0 0 0 0 0 0 0 0 0 0 0 0 0 0 0 0 0 0 0 0 0 0 0 0 0 0 0 0 0 0 0 0 0 0 0 0 0 0 0 0 0 0 0 0 0 0 0 0 0 0 0 0 0 0 0 0
0 0 0 0 0 0 0 0 0 4 1 0 0 5 5 0 0 2 0 0 0 6 0 0 0 0 0 0 0 0 0 0 0 0 0 0 0 1 8 7 1 0 0 0 0 3 13 6 0 0 0 3 0 0 0 0 0 0 0 0 0 0 0 0 0 0 0 0 0 0 4 15 7 0 0 0 0 0 5 1 0 0 0 0 0 0 0 0 0 0 0 0 6 2 1 4 8 5 0 0 0 0 0 6 7 2 4 0 0 0 0 0 0 0 0 0 0 0 0 0 0 0 0 0 0 3 5 0 6 11 1 5 0 0 6 8 0 0 0 0 0 0 0 0 0 0 0 0 0 5 9 3 0 2 6 7 0 7 0 0 10 0 5 0 0 0 0 0 0 0 0 0 0 0 0 0 7 0 0 17 62 110 167 212 250 211 69 0 0 0 6 1 0 0 0 0 0 0 0 0 0 0 0 0 4 2 59 168 245 255 253 255 255 237 90 4 6 0 3 0 0 0 0 0 0 0 0 0 0 0 0 0 58 214 255 255 252 229 109 116 255 253 83 0 13 0 4 3 0 0 0 0 0 0 0 0 0 0 0 0 220 255 250 251 170 17 11 158 248 221 9 0 0 0 0 1 0 0 0 0 0 0 0 0 0 0 0 0 226 255 191 46 10 3 95 255 255 32 8 9 3 10 0 4 0 0 0 0 0 0 0 0 0 0 0 0 47 41 13 0 0 34 244 255 103 0 0 0 8 0 9 0 0 0 0 0 0 0 0 0 0 0 0 0 11 0 7 0 85 216 255 141 9 1 0 12 3 1 0 0 0 0 0 0 0 0 0 0 0 0 0 0 0 0 9 127 255 255 235 100 86 0 0 0 0 8 5 13 0 0 0 0 0 0 0 0 0 0 0 0 10 29 159 255 240 255 255 234 253 255 142 15 6 0 10 0 0 0 0 0 0 0 0 0 0 0 0 0 29 220 255 255 255 255 164 177 171 225 252 156 1 11 0 7 0 0 0 0 0 0 0 0 0 0 0 0 31 255 249 113 34 0 0 0 0 56 255 255 3 0 8 0 0 0 0 0 0 0 0 0 0 0 0 0 0 4 0 0 3 2 7 1 6 0 240 255 82 9 3 2 0 0 0 0 0 0 0 0 0 0 0 0 23 0 0 10 0 0 0 3 13 114 255 254 7 0 0 7 0 0 0 0 0 0 0 0 0 0 0 0 0 0 4 0 0 8 0 1 0 195 250 224 1 4 0 0 0 0 0 0 0 0 0 0 0 0 0 0 10 16 0 0 9 3 0 0 35 238 255 82 0 0 14 12 0 0 0 0 0 0 0 0 0 0 0 0 0 0 0 7 0 0 10 0 129 255 255 15 9 6 0 0 0 0 0 0 0 0 0 0 0 0 0 0 10 0 0 0 0 0 3 36 255 241 104 0 5 15 0 20 0 0 0 0 0 0 0 0 0 0 0 0 0 2 11 0 12 0 8 195 249 230 31 4 0 0 12 0 0 0 0 0 0 5 4 0 0 2 3 0 1 3 5 0 0 37 152 255 247 60 0 0 0 4 0 7 0 0 0 0 1 0 0 0 16 62 103 123 76 89 134 203 254 255 255 255 92 0 1 12 2 4 0 0 0 0 0 0 2 5 2 0 0 0 0 0 0 1 4 4 0 0 0 0 0 0 9 7 0 2 0 3 0 0 0 0 0 0 1 0 1 6 6 2 0 2 3 1 2 6 8 7 2 1 8 0 0 6 0 5 0 0 0 0
0 0 0 0 0 0 0 0 5 0 0 0 0 1 5 0 2 0 8 2 0 4 3 0 0 0 0 0 0 0 0 0 0 0 0 0 0 0 0 6 10 0 0 7 4 0 1 2 0 2 4 3 0 0 0 0 0 0 0 0 0 0 0 0 0 10 0 0 0 8 0 0 2 3 0 3 3 0 4 2 0 0 0 0 0 0 0 0 0 0 0 0 0 0 3 12 0 0 0 14 0 6 0 2 3 0 3 0 0 0 0 0 0 0 0 0 0 0 0 0 7 0 6 2 0 0 6 0 0 1 0 0 0 1 5 0 0 0 0 0 0 0 0 0 0 0 0 0 0 1 42 131 228 255 238 179 34 0 0 0 0 8 4 0 0 0 0 0 0 0 0 0 0 0 0 0 0 124 225 255 217 117 125 253 111 0 0 4 0 9 0 3 0 0 0 0 0 0 0 0 0 0 0 0 63 251 231 67 7 5 86 255 176 6 0 9 0 6 0 5 0 0 0 0 0 0 0 0 0 0 0 0 123 249 142 0 0 0 221 250 122 4 0 4 0 3 0 6 0 0 0 0 0 0 0 0 0 0 0 0 8 95 55 10 20 108 252 194 11 4 7 0 5 0 0 0 0 0 0 0 0 0 0 0 0 0 0 0 0 18 0 0 118 249 255 93 44 39 1 0 15 0 0 0 0 0 0 0 0 0 0 0 0 0 0 0 0 0 2 71 255 249 254 246 255 196 106 9 0 0 0 5 0 0 0 0 0 0 0 0 0 0 0 0 0 14 0 50 255 255 250 225 186 165 208 101 0 0 6 0 0 0 0 0 0 0 0 0 0 0 0 0 8 1 0 28 67 29 14 4 0 2 203 193 21 1 2 0 0 0 0 0 0 0 0 0 0 0 0 0 33 0 11 0 0 5 15 0 11 5 201 248 35 0 0 10 0 0 0 0 0 0 0 0 0 0 0 0 194 2 6 0 19 0 0 10 0 8 189 255 44 0 10 0 0 0 0 0 0 1 0 0 4 0 0 5 191 0 0 0 0 12 0 0 8 10 233 238 43 0 6 0 0 0 0 0 0 1 0 1 2 0 0 22 255 2 4 0 1 0 0 7 4 46 237 208 0 0 0 10 0 0 0 0 0 0 0 2 1 0 6 40 239 0 17 0 10 2 17 0 0 104 255 177 12 13 0 2 0 0 0 0 0 0 0 3 2 0 6 42 255 0 0 0 6 0 1 3 14 176 248 70 6 0 0 1 0 0 0 0 2 0 0 2 5 0 2 28 252 50 0 0 0 4 1 0 96 248 192 2 5 0 5 0 0 0 0 0 2 1 0 0 5 0 0 11 205 109 4 0 0 10 0 8 188 251 114 3 4 13 2 0 0 0 0 0 0 5 0 0 2 0 0 2 190 174 26 5 0 0 18 142 246 147 17 0 0 0 0 6 0 0 0 0 0 8 4 0 0 0 0 0 60 233 109 0 0 45 148 255 241 29 0 16 4 3 0 0 0 0 0 0 0 0 0 0 0 0 0 0 0 111 225 170 118 209 253 202 55 20 0 0 4 0 0 3 0 0 0 0 0 0 0 0 0 0 0 0 0 0 16 9 0 4 12 2 10 0 0 1 5 0 0 4 0 0 0 0 0 0 0 0 0 0 0 0 17 0 0 0 0 0 0 0 0 0 0 5 4 0 0 1 0 0 0 0 0 0 0 0 0 0 0 0 0 1 9 5 7 8 1 2 1 6 7 2 0 0 0 0 0 0 0 0
4 1 0 0 0 0 0 7 0 0 1 4 0 6 5 0 0 0 4 1 0 1 5 0 0 0 0 0 0 0 8 7 2 0 26 0 11 3 3 1 0 0 3 6 0 0 0 3 4 1 0 0 0 0 0 0 4 0 4 0 0 0 0 0 2 0 0 2 10 8 4 0 1 0 0 0 7 0 0 4 0 0 0 0 0 0 0 3 3 25 0 16 2 2 14 0 0 0 10 5 2 5 0 0 2 0 0 8 0 0 0 0 8 0 6 0 0 0 8 0 0 0 8 0 0 0 15 0 0 3 2 0 0 0 0 2 0 0 0 0 1 0 4 1 14 6 192 142 3 0 15 0 24 46 82 65 2 0 0 3 0 2 4 0 0 0 0 0 7 0 0 0 1 0 189 234 240 147 97 98 204 252 255 210 50 0 0 10 0 0 7 0 0 0 0 0 0 4 0 0 5 0 67 255 255 237 255 251 255 236 255 255 103 8 0 11 0 0 8 1 0 0 0 0 0 8 0 4 10 0 33 162 196 206 243 189 189 230 253 248 87 0 0 3 0 3 0 10 0 0 0 0 0 9 0 0 4 0 0 11 5 0 35 15 0 76 255 205 1 0 4 5 0 11 0 0 0 0 0 0 0 7 0 0 6 13 1 0 0 14 0 0 20 191 255 91 6 9 7 0 0 1 7 5 0 0 0 0 5 1 4 6 0 0 1 9 0 9 9 0 38 244 188 14 0 3 0 0 6 0 0 1 0 0 0 0 8 0 0 10 5 0 0 0 3 0 4 14 229 255 72 0 0 4 0 6 10 0 0 0 0 0 0 0 0 0 0 4 3 9 11 2 0 1 3 88 254 181 21 2 0 0 4 0 0 0 3 6 0 0 0 0 2 10 8 0 0 0 0 0 15 0 9 195 240 255 177 54 19 0 0 1 2 12 0 0 0 0 0 0 0 0 0 2 10 3 0 5 0 12 0 91 205 255 246 253 170 41 6 4 1 6 0 6 0 0 0 0 0 0 0 0 0 0 0 0 8 4 0 6 0 124 235 253 255 206 19 0 19 2 0 4 0 0 0 0 0 0 0 0 0 0 0 0 0 0 0 23 0 0 28 121 255 243 223 97 0 3 11 0 0 0 0 0 0 0 0 0 0 0 0 0 0 13 0 0 6 6 0 11 0 254 255 252 81 0 0 0 0 0 0 0 0 0 0 0 0 0 0 0 7 0 4 0 0 2 4 0 13 17 199 234 110 13 15 0 0 0 0 0 0 0 0 0 0 0 0 0 0 0 12 5 0 2 1 0 0 0 90 255 195 21 0 5 0 0 0 0 0 0 0 0 0 0 0 0 0 8 9 0 0 16 0 4 1 0 115 244 220 24 8 2 0 0 0 0 0 0 0 0 0 0 0 0 3 0 0 0 2 40 0 15 1 108 221 255 90 2 0 1 0 0 0 0 0 0 0 0 0 0 0 0 0 0 4 2 52 235 174 14 101 255 250 180 25 0 5 0 0 0 0 0 0 0 0 0 0 0 0 0 0 0 0 3 103 240 255 245 255 249 181 43 0 0 16 0 0 0 0 0 0 0 0 0 0 0 0 0 7 3 11 0 0 5 0 0 0 0 9 0 0 0 6 0 0 0 0 0 0 0 0 0 0 0 0 0 0 0 3 8 4 0 0 12 15 0 2 2 10 0 0 0 0 0 0 0 0 0 0 0 0 0 0 0 7 3 0 0 0 5 0 0 0 0 0 0 1 6 7 0 0 0 0 0
0 0 0 0 0 0 0 0 2 0 0 15 0 2 0 1 0 11 0 0 2 1 1 3 0 0 0 0 0 0 0 0 0 0 0 0 0 20 0 0 10 0 0 7 0 0 8 6 5 0 0 0 0 0 0 0 0 0 0 0 0 0 0 0 3 5 1 0 0 14 16 0 11 0 0 0 9 0 6 7 0 0 0 0 0 0 0 0 0 0 0 0 0 0 2 0 18 0 0 21 0 1 19 0 3 6 8 0 0 0 0 0 0 0 0 0 0 0 0 0 0 5 0 11 0 45 214 192 110 89 65 4 2 0 0 0 0 0 0 0 0 0 0 0 0 0 0 0 16 0 13 0 71 223 253 255 231 255 255 133 6 0 0 6 0 0 0 0 0 0 0 0 0 0 0 0 0 11 23 181 255 255 255 162 135 61 151 230 101 19 0 10 0 0 0 0 0 0 0 0 0 0 0 0 8 158 240 253 245 201 69 11 0 25 211 254 29 2 13 0 0 0 0 0 0 0 0 0 0 0 0 0 43 247 255 248 148 13 4 0 3 165 248 158 0 0 17 0 0 0 0 0 0 0 0 0 0 0 0 0 0 99 96 58 3 0 0 8 134 255 199 13 0 0 5 0 0 0 0 0 0 0 0 0 0 0 0 0 0 7 4 0 0 25 5 173 255 212 30 5 0 0 0 12 0 0 0 0 0 0 0 0 0 0 0 0 0 1 0 8 11 0 158 247 255 206 155 159 135 6 15 0 0 0 0 0 0 0 0 0 0 0 0 0 1 9 0 2 118 242 255 255 248 255 234 230 255 59 3 0 0 0 0 0 0 0 0 0 0 0 0 0 3 0 74 216 227 255 221 127 62 42 0 121 255 101 0 21 0 0 0 0 0 0 0 0 0 0 0 0 101 10 214 254 253 105 18 0 0 0 12 109 255 119 10 0 0 0 0 0 0 0 0 0 0 0 0 0 39 2 119 153 17 0 7 1 5 4 0 120 243 162 4 0 0 0 0 0 0 1 13 8 9 0 9 0 0 1 2 0 1 9 6 0 0 1 3 127 243 182 5 0 0 0 0 0 1 6 159 155 0 7 0 2 8 2 0 0 0 0 0 10 0 0 75 255 249 53 0 15 0 0 0 0 0 4 176 164 10 0 19 0 0 1 8 12 8 0 0 0 21 0 192 230 178 22 4 0 0 0 0 0 0 10 171 255 170 4 0 10 0 0 0 0 0 7 10 3 0 104 244 255 82 0 0 0 0 0 0 0 13 0 34 179 228 191 49 4 3 4 8 10 4 0 0 0 140 255 246 163 5 0 4 7 0 0 0 0 0 10 0 19 91 214 255 195 72 38 15 19 27 50 112 178 246 255 210 30 5 7 0 0 0 0 0 0 0 12 0 0 7 48 216 253 255 243 232 237 245 246 250 255 226 141 0 0 10 0 0 4 0 0 0 0 4 0 4 6 0 2 17 132 174 198 219 236 255 253 174 83 16 0 10 4 2 0 0 4 0 0 0 0 0 0 0 0 0 0 0 0 0 0 0 0 0 0 0 0 0 0 0 0 0 0 0 0 0 0 0 0 0 0 0 0 0 0 0 0 0 0 0 0 0 0 0 0 0 0 0 0 0 0 0 0 0 0 0 0 0 0 0 0 0 0 0 0 0 0 0 0 0 0 0 0 0 0 0 0 0 0 0 0 0 0 0 0 0 0 0 0 0 0 0 0 0 0 0 0 0 0 0 0 0 0 0 0 0 0 0 0 0 0 0 0
13 0 1 5 0 7 0 0 0 2 0 0 1 0 0 5 0 0 0 0 0 0 0 0 0 0 0 0 0 5 8 0 0 2 2 6 4 0 0 6 2 7 9 0 0 0 0 0 0 0 0 0 0 0 0 0 0 10 0 0 7 3 0 0 0 5 0 0 0 0 0 5 0 0 0 0 0 0 0 0 0 0 0 0 1 2 0 3 8 0 1 1 0 1 6 5 0 0 6 12 0 0 0 0 0 0 0 0 0 0 0 0 7 0 0 6 0 0 11 6 9 0 0 10 0 0 4 0 0 0 0 0 0 0 0 0 0 0 0 0 6 0 6 1 0 6 0 0 0 11 0 0 8 3 0 22 0 0 0 0 0 0 0 0 0 0 0 0 6 0 5 0 9 11 0 67 255 255 208 159 133 73 8 0 0 0 0 0 0 0 0 0 0 0 0 0 4 0 11 0 4 0 23 240 215 132 189 255 239 253 225 81 0 0 0 0 0 0 0 0 0 0 0 0 0 0 9 2 7 0 22 171 36 0 0 33 46 137 255 239 180 44 6 0 0 7 0 2 0 0 0 0 6 0 4 0 4 0 0 68 79 10 0 0 0 0 35 115 246 192 19 0 12 6 0 17 0 0 0 0 2 0 5 0 2 11 0 0 25 5 3 0 7 18 0 0 107 255 142 2 0 2 0 0 0 0 0 0 0 0 12 0 0 12 3 0 1 0 0 15 3 0 18 3 0 187 182 0 0 0 2 0 0 0 0 0 3 0 10 0 0 0 3 2 9 4 0 7 0 0 7 0 6 185 180 1 0 0 9 1 0 0 0 0 6 0 0 1 0 0 2 0 0 2 6 0 15 15 0 0 114 247 128 2 0 5 5 0 0 0 0 0 1 0 0 0 7 6 5 0 6 0 5 2 0 0 24 142 227 150 0 0 2 0 0 10 0 0 0 0 0 7 0 0 1 0 0 0 0 4 0 2 0 67 209 255 146 0 0 16 0 0 1 4 0 0 0 0 0 0 0 0 0 0 0 0 2 0 0 6 34 253 193 42 0 7 4 4 0 0 1 0 0 0 0 0 0 0 0 0 0 0 0 0 0 6 0 0 167 255 61 0 5 0 0 1 3 0 1 2 0 0 0 0 0 0 0 0 0 0 0 0 0 0 11 5 181 255 0 13 2 0 2 3 0 3 3 0 0 0 0 0 0 0 0 0 0 0 0 0 1 0 0 0 145 226 156 0 0 0 14 2 0 6 6 0 0 0 0 0 0 0 0 0 0 0 0 0 0 5 2 1 6 235 251 152 32 0 0 0 0 4 4 1 0 0 0 0 0 0 0 0 0 0 0 0 0 15 4 0 0 57 186 255 114 4 0 5 5 2 0 7 0 0 0 0 0 0 0 0 0 0 0 0 12 0 0 11 3 2 30 218 138 12 0 9 6 3 0 3 0 0 0 0 0 0 0 0 0 0 0 0 0 0 11 0 0 0 141 251 92 0 0 2 0 7 0 0 0 0 0 0 0 0 0 0 0 0 0 0 0 0 14 0 0 124 211 148 0 0 0 0 0 0 0 0 0 0 0 0 0 0 0 0 0 0 0 0 3 1 0 0 107 240 188 8 0 0 0 0 0 0 0 0 0 0 0 0 0 0 0 0 0 0 0 0 0 3 2 8 16 1 0 1 0 0 0 0 0 0 0 0 0 0 0 0 0 0 0 0 0 0 0 0 6 0 0 0 9 4 0 17 0 0 0 0 0 0 0 0 0 0 0 0
0 0 0 0 0 0 0 0 1 0 7 4 0 0 11 0 1 0 5 4 6 0 6 0 0 0 0 0 0 0 0 0 0 0 0 0 0 0 1 8 0 0 0 0 1 3 0 0 0 3 13 0 0 0 0 0 0 0 0 0 0 0 0 0 15 2 0 0 0 0 3 16 2 6 0 12 0 1 0 0 0 0 0 0 0 0 0 0 0 0 0 0 0 0 0 3 4 0 0 0 0 0 0 15 0 0 7 13 0 0 0 0 0 0 0 0 0 0 0 0 0 0 1 2 0 2 10 12 11 5 0 0 0 0 8 0 0 0 0 0 0 0 0 0 0 0 0 0 13 0 1 4 0 1 31 40 36 52 62 53 91 110 112 42 0 0 0 0 0 0 0 0 0 0 0 0 0 0 87 183 199 212 246 253 248 255 250 241 251 255 248 183 0 0 0 0 0 0 0 0 0 0 0 0 3 4 127 255 255 237 252 250 255 244 213 228 218 240 255 255 0 0 0 0 0 0 0 0 0 0 0 0 3 3 76 179 85 211 167 112 67 66 0 10 43 236 254 175 0 0 0 0 0 0 0 0 0 0 0 0 0 0 0 13 0 19 0 0 0 3 0 83 252 255 251 83 0 0 0 0 0 0 0 0 0 0 0 0 20 0 1 0 1 0 9 5 4 16 146 255 244 246 83 23 0 0 0 0 0 0 0 0 0 0 0 0 0 0 0 5 13 0 4 0 136 216 255 242 219 44 15 0 0 0 0 0 0 0 0 0 0 0 0 0 0 39 2 0 2 33 103 216 255 239 255 187 26 6 0 26 0 0 0 0 0 0 0 0 0 0 0 0 0 0 33 117 192 248 254 255 207 96 37 6 0 13 0 0 0 0 0 0 0 0 0 0 0 0 0 0 2 1 187 255 254 229 255 244 165 0 0 3 1 0 11 0 0 0 0 0 0 0 0 0 0 0 0 0 2 3 225 245 248 161 231 253 199 7 7 0 0 0 0 6 0 0 0 0 0 0 15 0 0 13 0 8 17 0 49 86 1 0 147 253 241 93 0 12 0 1 4 0 0 0 0 0 7 0 0 5 16 0 5 0 0 4 0 6 9 9 41 255 255 100 0 8 0 0 7 4 0 0 0 0 7 0 2 9 71 135 32 7 6 9 1 0 0 0 153 255 247 60 0 4 0 0 2 0 0 0 0 0 0 0 0 0 255 255 164 3 0 3 0 0 8 25 217 246 196 16 0 0 3 0 0 0 0 0 0 0 8 1 11 0 199 234 253 193 19 0 0 20 11 176 255 246 160 9 0 0 0 0 3 6 0 0 0 0 11 0 0 17 69 224 248 255 179 134 67 136 209 255 240 228 85 0 0 4 0 1 0 0 0 0 0 0 0 6 4 0 5 60 197 244 250 255 255 243 255 239 190 1 7 0 0 9 0 2 0 0 0 0 0 0 0 1 0 2 0 0 18 174 255 241 255 255 241 141 10 5 0 10 0 6 0 0 4 6 0 0 0 0 0 0 0 0 0 0 0 0 48 45 45 45 35 17 2 0 0 0 0 0 0 0 0 0 0 0 0 0 0 0 0 0 0 0 0 0 0 0 1 6 6 0 0 0 0 0 0 0 0 0 0 0 0 0 0 0 0 0 0 0 0 0 0 0 0 0 0 2 3 2 3 6 0 0 0 0 0 0 0 0 0 0 0 0 0 0 0 0 0 0 0 0 6 4 2 2 0 0 0 0 0 0 0 0 0 0 0 0 0 0 0 0
0 0 0 0 0 0 0 0 4 2 0 1 10 1 0 0 1 0 0 6 1 0 2 0 0 0 0 0 0 0 0 0 0 0 0 0 0 7 1 1 0 0 12 4 0 5 7 0 0 0 1 0 0 0 0 0 0 0 0 0 0 0 0 0 0 0 0 7 3 4 15 0 0 1 1 1 7 14 10 0 0 0 0 0 0 0 0 0 0 0 0 0 12 0 0 0 10 1 0 6 0 0 0 2 0 0 0 1 0 0 0 0 0 0 0 0 0 0 0 0 4 0 10 0 5 0 0 148 248 255 255 254 237 166 61 0 0 0 0 0 0 0 0 0 0 0 0 0 0 0 15 0 7 5 13 192 255 255 247 246 255 230 107 4 0 0 0 0 0 0 0 0 0 0 0 0 4 1 5 0 0 0 0 56 237 130 26 73 224 255 134 3 0 0 0 0 0 0 0 0 0 0 0 0 0 7 0 0 0 2 11 0 3 0 21 156 255 232 85 0 0 0 0 0 0 0 0 0 0 0 0 0 0 11 4 0 11 9 0 0 11 0 142 255 243 157 25 0 0 0 0 0 0 0 0 0 0 0 0 0 5 3 0 0 13 0 0 9 93 246 247 252 247 5 0 5 0 0 0 0 0 0 0 0 0 0 0 0 3 7 0 30 35 32 113 198 251 246 235 115 10 3 8 0 0 0 0 0 0 0 0 0 0 0 0 0 4 0 12 151 255 255 255 249 236 145 7 2 0 0 0 2 0 0 0 0 0 0 0 0 0 0 0 0 0 1 51 176 255 250 247 255 233 7 13 12 0 7 1 0 0 0 0 0 0 0 0 0 0 0 0 0 16 5 0 24 70 88 142 243 241 117 15 0 0 2 12 0 0 0 0 0 0 0 0 0 0 0 0 0 0 0 0 0 9 5 46 198 255 201 0 6 18 0 0 4 0 0 0 0 0 0 0 0 0 0 0 0 3 1 12 0 7 0 4 180 255 209 54 0 2 0 14 0 0 0 0 0 0 19 0 0 11 1 0 1 0 17 0 12 1 10 0 87 255 247 53 10 0 0 9 6 0 0 0 0 0 1 0 0 1 72 201 208 138 0 14 0 3 0 12 91 249 254 57 2 6 7 0 0 0 0 0 0 1 0 1 12 0 137 255 247 255 172 4 21 0 3 0 123 255 255 72 0 0 0 0 8 0 0 0 0 2 3 0 7 14 203 252 255 255 222 31 0 0 13 38 213 240 205 45 0 4 0 0 9 0 0 0 0 0 5 0 0 10 151 242 239 140 125 15 14 12 7 186 255 255 151 6 0 4 0 0 0 0 0 0 0 0 3 11 0 0 39 247 236 135 25 24 105 135 255 255 246 201 77 0 0 0 0 0 3 0 0 0 0 7 0 8 0 1 19 212 255 255 245 255 255 255 255 239 174 10 0 0 6 8 2 0 0 0 0 0 0 1 0 7 0 2 3 12 116 250 255 243 167 151 135 112 1 0 7 14 0 0 8 0 0 0 0 0 0 0 0 0 0 0 0 0 0 0 0 0 0 0 0 0 0 0 0 0 0 0 0 0 0 0 0 0 0 0 0 0 0 0 0 0 0 0 0 0 0 0 0 0 0 0 0 0 0 0 0 0 0 0 0 0 0 0 0 0 0 0 0 0 0 0 0 0 0 0 0 0 0 0 0 0 0 0 0 0 0 0 0 0 0 0 0 0 0 0 0 0 0 0 0 0 0 0 0 0 0 0 0 0 0 0 0 0 0 0 0 0 0
0 1 0 0 0 4 4 0 1 0 0 0 0 0 0 3 2 1 0 3 0 0 10 0 0 0 0 0 0 0 5 8 1 0 0 0 0 0 0 1 3 2 0 0 2 0 0 10 5 0 1 0 0 0 0 0 15 0 0 0 2 3 6 13 1 9 7 0 0 8 4 0 10 0 7 1 0 2 0 0 0 0 0 0 3 0 0 0 5 2 0 0 5 0 0 0 2 0 0 6 0 0 10 0 0 10 5 0 0 0 0 0 0 0 5 0 0 0 2 3 0 11 13 5 21 82 164 222 255 211 154 77 8 0 0 17 0 0 0 0 5 1 0 0 0 0 0 0 0 0 44 158 244 255 251 255 255 255 248 230 124 4 0 0 0 0 0 0 3 0 0 12 7 0 0 20 81 196 255 255 246 251 210 139 120 188 245 255 163 6 0 5 0 0 0 0 1 0 4 8 0 0 104 224 255 243 247 241 173 66 4 0 6 139 227 255 145 0 1 0 0 0 0 0 0 4 0 2 5 0 24 110 224 137 109 25 2 8 0 3 0 180 245 255 58 2 0 0 0 0 0 0 0 4 0 2 13 0 0 22 6 1 11 0 0 0 0 6 0 177 255 178 4 12 0 1 0 0 0 0 0 8 0 0 5 3 0 0 0 15 0 0 0 0 2 0 6 210 242 228 0 24 1 4 0 0 0 0 0 9 2 0 0 4 4 10 5 12 0 0 3 0 1 8 76 252 253 159 11 0 0 0 0 0 0 0 0 2 4 3 3 0 0 1 0 0 4 9 12 9 1 37 215 255 201 0 6 26 0 10 0 0 0 0 5 0 0 1 5 2 0 0 5 34 140 73 0 0 69 218 255 231 163 40 0 0 0 0 0 0 0 0 8 0 0 0 0 5 8 1 0 48 242 245 226 209 227 255 255 241 255 235 133 0 15 5 0 0 0 0 0 0 8 3 0 0 4 0 0 51 249 255 255 243 255 249 241 219 191 253 248 196 0 0 0 0 0 0 4 0 0 0 2 4 0 6 0 8 84 226 254 255 239 153 97 1 6 74 245 255 55 0 0 0 0 0 0 4 9 4 0 0 0 1 5 0 0 76 104 105 59 0 5 0 4 102 255 229 13 13 0 0 0 0 0 12 0 0 13 16 22 0 3 7 0 2 2 0 0 5 0 19 163 247 255 156 0 0 0 0 0 0 0 0 9 2 0 153 251 50 1 0 0 4 8 5 0 0 39 161 244 255 163 3 6 0 0 0 0 0 15 0 0 0 8 125 245 180 19 0 3 0 0 5 50 69 215 255 255 194 0 0 7 0 0 0 0 0 0 0 11 11 0 72 223 255 244 153 110 98 145 216 255 255 255 249 182 0 12 4 8 8 0 0 0 0 0 7 0 2 6 0 40 161 255 243 255 246 255 255 241 235 220 237 34 14 0 0 17 0 0 0 0 0 4 0 1 0 0 8 5 2 118 184 255 244 231 146 63 53 2 0 6 0 17 2 0 16 0 0 0 0 0 0 0 0 0 0 0 0 0 0 0 0 0 0 0 0 0 0 0 0 0 0 0 0 0 0 0 0 0 0 0 0 0 0 0 0 0 0 0 0 0 0 0 0 0 0 0 0 0 0 0 0 0 0 0 0 0 0 0 0 0 0 0 0 0 0 0 0 0 0 0 0 0 0 0 0 0 0 0 0 0 0 0 0 0 0 0 0 0 0 0 0 0 0 0 0 0 0 0 0 0 0 0 0 0 0 0 0 0 0 0 0
0 0 0 0 0 0 0 0 0 2 2 0 0 0 2 2 0 0 13 8 0 4 12 0 0 0 0 0 0 0 0 0 0 0 0 0 0 1 1 2 9 12 2 0 14 0 0 2 1 0 0 10 0 0 0 0 0 0 0 0 0 0 0 0 0 0 4 0 0 0 0 4 0 4 2 1 7 4 0 0 0 0 0 0 0 0 0 0 0 0 0 0 10 3 0 0 0 5 5 2 0 17 7 0 0 1 0 5 0 0 0 0 0 0 0 0 0 0 0 0 0 0 4 5 2 0 1 5 0 0 0 0 11 0 0 5 0 0 0 0 0 0 0 0 0 0 0 0 5 2 0 0 0 0 0 0 0 11 5 0 0 6 4 0 0 0 0 0 0 0 0 0 0 0 0 0 0 0 0 55 123 161 159 144 231 241 189 72 0 0 7 0 0 0 0 0 0 0 0 0 0 0 0 0 89 132 196 245 255 252 250 255 245 255 253 149 26 0 2 5 0 0 0 0 9 0 5 1 0 0 147 218 249 251 251 255 249 167 140 108 93 222 253 161 4 0 0 1 0 0 0 0 0 0 4 3 9 30 200 255 255 228 174 69 53 0 0 17 71 249 241 73 0 0 15 0 0 0 0 0 1 0 4 0 0 0 102 139 87 39 0 5 12 0 10 5 235 233 186 20 0 0 4 12 0 0 0 0 3 0 0 0 3 0 14 0 0 0 2 0 0 10 25 195 255 230 55 0 15 12 0 0 0 0 0 0 6 0 0 0 9 4 11 0 5 9 0 14 0 53 186 243 228 49 0 11 3 0 0 9 0 0 0 0 1 1 0 0 0 0 0 0 0 0 8 0 80 189 247 231 16 17 0 0 3 0 22 0 0 0 0 0 0 0 1 0 1 1 0 8 16 0 6 140 234 255 255 75 8 0 5 13 5 1 0 0 0 0 0 0 4 0 0 0 4 5 0 1 0 0 33 253 251 250 255 231 208 134 3 0 0 13 0 7 0 0 0 0 0 0 0 0 0 0 0 0 0 23 0 182 209 216 205 222 255 251 177 20 8 0 9 0 0 0 0 0 0 0 0 0 0 0 0 0 6 0 23 0 0 21 0 15 161 251 255 87 0 0 0 6 0 0 0 0 0 0 0 0 0 0 0 0 8 10 0 12 0 17 0 0 4 208 253 160 21 0 0 4 0 0 0 0 0 0 0 0 0 0 0 0 0 0 0 0 1 0 4 17 0 104 255 189 0 0 3 0 0 0 0 0 0 0 0 0 0 0 0 0 4 1 1 4 5 0 11 0 7 195 252 153 19 0 3 7 0 0 0 0 0 0 0 0 0 0 0 0 0 11 23 46 0 2 0 2 139 243 255 84 3 22 1 0 0 0 0 0 0 0 0 0 0 0 0 0 13 12 199 60 1 9 32 135 255 255 133 0 0 0 0 0 0 0 0 0 0 0 0 0 0 0 0 0 0 88 255 159 126 188 239 255 239 89 14 3 0 3 0 5 0 0 0 0 0 0 0 0 0 0 0 0 0 100 234 255 239 255 255 180 16 9 1 0 0 2 1 0 0 0 0 0 0 0 0 0 0 0 0 0 2 5 115 247 255 176 81 10 9 4 0 0 0 2 1 0 0 0 0 0 0 0 0 0 0 0 0 0 0 0 5 9 0 0 0 0 1 0 0 0 0 2 1 0 0 0 0 0 0 0 0 0 0 0 0 0 3 6 0 0 0 3 4 6 0 0 0 0 0 1 0 0 0 0 0 0
0 0 0 0 0 0 0 0 0 2 4 0 0 0 4 0 0 4 5 4 0 0 6 0 0 0 0 0 0 0 0 0 0 0 0 0 0 0 10 0 16 1 0 2 5 0 0 0 3 0 2 0 0 0 0 0 0 0 0 0 0 0 0 0 6 0 0 5 0 4 0 16 6 0 0 0 5 1 0 0 0 0 0 0 0 0 0 0 0 0 0 0 13 13 2 0 0 4 8 0 0 0 15 0 0 1 3 0 0 0 0 0 0 0 0 0 0 0 0 0 0 0 0 42 198 229 243 158 38 0 8 0 0 0 7 0 0 0 0 0 0 0 0 0 0 0 0 0 17 0 36 222 229 239 255 254 161 17 0 0 9 0 1 0 0 0 0 0 0 0 0 0 0 0 0 0 0 0 47 207 29 1 39 208 253 38 0 3 11 0 1 0 0 0 0 0 0 0 0 0 0 0 0 0 0 8 0 2 3 0 0 206 255 36 2 0 0 0 11 0 0 0 0 0 0 0 0 0 0 0 0 0 0 1 0 0 10 0 0 210 248 47 1 1 2 3 0 0 0 0 0 0 0 0 0 0 0 0 0 0 5 1 0 0 0 0 53 225 233 27 0 3 0 0 5 0 0 0 0 0 0 0 0 0 0 0 0 0 3 0 0 6 0 17 158 251 192 7 0 5 0 0 6 0 0 0 0 0 0 0 0 0 0 0 0 0 0 0 2 9 2 51 245 255 124 0 4 2 0 2 0 0 0 0 0 0 0 0 0 0 0 0 0 0 2 0 3 0 3 68 255 247 61 0 9 0 5 7 0 6 0 0 0 0 0 0 0 0 0 0 0 0 4 4 1 0 7 63 238 255 59 0 4 0 8 8 0 9 0 0 0 0 0 0 0 0 0 0 0 0 0 2 3 0 11 27 153 255 128 4 0 0 4 5 0 4 0 0 0 0 0 0 0 0 0 0 0 0 0 2 8 0 8 0 62 233 203 15 0 6 0 1 2 0 0 0 0 0 0 0 0 0 0 0 0 0 4 0 10 0 0 10 0 210 255 125 0 8 0 0 5 3 0 0 0 0 0 0 0 0 0 0 0 0 0 0 0 19 3 0 13 77 252 243 53 0 3 5 0 0 0 0 0 0 0 0 0 0 0 0 0 0 0 6 85 120 3 0 0 68 232 249 39 0 0 5 3 0 0 0 0 0 0 0 0 0 0 0 0 0 6 28 245 81 0 8 8 88 253 248 41 9 1 0 10 0 0 0 0 0 0 0 0 0 0 0 0 0 0 13 218 189 9 0 0 215 253 241 44 0 1 0 0 1 0 0 0 0 0 0 0 0 0 0 0 0 0 0 123 251 192 126 194 246 249 127 0 0 0 0 3 0 0 0 0 0 0 0 0 0 0 0 0 0 0 2 36 243 255 238 255 253 217 27 0 12 5 0 0 0 0 0 0 0 0 0 0 0 0 0 0 0 0 1 13 19 220 255 215 130 88 0 17 0 4 3 0 17 0 0 0 0 0 0 0 0 0 0 0 0 0 0 0 0 0 0 0 0 0 0 0 0 0 0 0 0 0 0 0 0 0 0 0 0 0 0 0 0 0 0 0 0 0 0 0 0 0 0 0 0 0 0 0 0 0 0 0 0 0 0 0 0 0 0 0 0 0 0 0 0 0 0 0 0 0 0 0 0 0 0 0 0 0 0 0 0 0 0 0 0 0 0 0 0 0 0 0 0 0 0 0 0 0 0 0 0 0 0 0 0 0 0 0 0
0 0 0 0 0 0 0 0 6 0 0 6 7 0 0 0 1 0 8 8 0 15 0 2 0 0 0 0 0 0 0 0 0 0 0 0 0 5 4 0 0 2 6 10 8 1 0 0 0 9 0 1 0 0 0 0 0 0 0 0 0 0 0 0 3 7 3 0 1 0 0 0 0 14 11 0 0 4 12 0 0 0 0 0 0 0 0 0 0 0 0 0 0 0 5 3 16 0 0 8 9 0 0 17 7 3 0 0 0 0 0 0 0 0 0 0 0 0 0 0 8 1 8 73 234 255 143 0 10 1 36 50 0 0 5 8 0 0 0 0 0 0 0 0 0 0 0 0 0 0 22 130 255 255 243 252 223 240 247 197 57 4 0 0 0 0 0 0 0 0 0 0 0 0 0 0 3 5 5 27 180 249 255 238 255 255 241 255 203 10 0 7 0 0 0 0 0 0 0 0 0 0 0 0 0 0 0 0 46 30 94 181 90 241 253 249 230 0 2 0 0 0 0 0 0 0 0 0 0 0 0 0 7 2 0 0 2 0 4 0 106 228 255 250 89 3 0 2 0 0 0 0 0 0 0 0 0 0 0 0 0 13 4 9 4 0 25 102 233 255 243 104 4 0 3 0 0 0 0 0 0 0 0 0 0 0 0 0 0 14 0 0 10 109 190 255 255 246 179 47 0 0 0 7 0 0 0 0 0 0 0 0 0 0 0 0 9 1 32 112 163 243 255 251 255 176 0 0 4 4 0 6 0 0 0 0 0 0 0 0 0 0 0 0 0 120 239 255 240 255 245 255 249 223 54 0 14 6 0 0 0 0 0 0 0 0 0 0 0 0 0 0 0 170 255 227 254 255 186 123 55 214 219 30 1 0 0 11 0 0 0 0 0 0 0 0 0 0 0 0 6 108 255 255 254 178 72 10 81 255 252 27 2 2 0 0 0 0 0 0 0 0 0 0 0 0 0 0 0 27 206 186 73 5 20 0 136 251 132 1 7 0 0 7 0 0 0 0 0 0 0 13 0 0 4 0 7 0 22 19 0 10 0 147 248 230 36 16 0 3 0 0 0 0 0 0 1 2 3 0 4 14 0 0 0 4 0 0 10 0 84 235 249 182 0 0 0 6 0 8 0 0 0 0 0 5 1 1 0 0 4 12 9 0 0 0 0 0 156 255 255 156 17 2 6 4 0 0 0 0 0 0 0 0 0 2 13 47 0 0 0 0 10 2 40 172 249 229 88 19 0 0 0 0 0 9 0 0 0 0 9 0 0 0 73 213 55 18 0 3 26 109 216 255 249 226 32 0 9 7 5 0 0 0 0 0 0 0 0 9 0 10 40 225 252 173 161 163 217 255 249 249 242 21 4 0 0 0 0 5 4 0 0 0 0 0 0 14 0 14 0 86 255 247 244 255 243 249 255 221 130 12 6 5 0 0 0 2 1 0 0 0 0 0 0 0 10 0 17 3 22 158 255 237 255 244 107 74 14 0 0 4 0 10 3 0 0 1 0 0 0 0 0 0 0 0 0 0 0 0 0 0 0 0 0 0 0 0 0 0 0 0 0 0 0 0 0 0 0 0 0 0 0 0 0 0 0 0 0 0 0 0 0 0 0 0 0 0 0 0 0 0 0 0 0 0 0 0 0 0 0 0 0 0 0 0 0 0 0 0 0 0 0 0 0 0 0 0 0 0 0 0 0 0 0 0 0 0 0 0 0 0 0 0 0 0 0 0 0 0 0 0 0 0 0 0 0 0 0 0 0 0 0 0
0 0 0 0 1 6 4 0 0 1 6 0 0 0 1 6 0 0 0 1 1 0 0 0 0 0 0 0 0 1 2 0 0 0 0 0 3 1 5 4 6 8 0 0 4 1 0 0 0 0 3 4 0 0 0 0 0 2 3 0 0 0 0 1 0 0 0 0 0 0 4 7 6 5 3 2 2 0 0 0 0 0 0 0 0 1 1 0 0 2 3 3 0 7 8 16 7 0 0 0 0 0 0 0 0 0 0 1 0 0 0 0 3 0 0 0 4 4 1 0 0 1 0 1 1 0 11 10 8 7 5 1 0 0 0 4 0 0 0 0 4 0 0 0 1 0 0 0 0 6 0 0 7 0 8 0 0 0 0 1 5 5 0 0 0 0 0 0 2 0 0 1 0 0 4 15 0 46 72 120 142 136 139 100 37 16 0 0 0 7 6 0 0 0 0 0 0 0 3 3 0 0 16 37 174 233 246 255 255 245 255 248 238 168 74 11 0 0 3 1 0 0 0 0 4 0 0 11 0 0 179 248 255 254 251 250 243 230 231 240 252 255 225 128 4 6 0 0 0 0 0 0 0 5 0 0 3 32 211 235 118 120 68 51 0 0 2 41 86 222 252 248 51 0 10 0 0 0 0 0 0 12 6 0 0 0 68 19 6 3 0 7 3 16 3 0 7 122 255 249 85 0 16 2 0 0 0 0 3 0 0 5 11 0 30 0 2 0 2 0 0 0 9 3 6 34 235 255 192 0 0 6 0 0 0 0 12 0 0 0 0 0 6 0 8 0 0 33 0 23 49 93 142 236 251 250 125 12 0 0 0 0 0 0 0 0 7 9 9 10 15 2 0 10 93 208 220 239 250 255 244 249 255 249 211 44 1 0 0 0 0 0 3 5 8 0 0 0 0 0 0 28 159 255 255 244 245 224 232 225 202 253 226 239 72 0 0 0 0 0 3 0 2 0 0 5 0 7 0 0 40 143 137 139 70 5 5 0 10 61 228 255 233 31 0 0 0 0 1 15 0 9 0 6 0 7 0 0 0 0 4 5 0 0 0 9 0 3 106 235 255 175 0 0 0 0 0 0 8 5 5 0 15 0 0 0 0 0 0 1 5 7 7 0 0 1 15 138 255 245 0 0 0 0 18 8 0 0 38 70 62 42 5 7 7 0 0 0 0 3 0 0 4 72 149 232 255 209 0 0 0 0 0 0 10 2 248 255 255 238 234 222 194 151 102 64 44 38 63 115 204 253 255 255 208 2 0 0 0 0 0 1 0 0 222 254 255 249 254 255 254 250 247 245 248 250 243 255 242 255 233 118 28 11 0 0 0 0 7 11 0 10 34 121 128 146 140 139 138 139 140 141 140 139 152 114 63 45 24 4 5 0 0 0 0 0 2 0 7 0 0 0 12 0 1 0 0 0 0 0 0 0 0 0 0 1 19 0 0 6 0 0 0 0 1 1 0 0 6 2 0 0 2 2 2 0 0 0 0 3 5 1 6 9 0 0 17 0 0 0 0 0 0 0 0 0 0 0 0 0 0 0 0 0 0 0 0 0 0 0 0 0 0 0 0 0 0 0 0 0 0 0 0 0 0 0 0 0 0 0 0 0 0 0 0 0 0 0 0 0 0 0 0 0 0 0 0 0 0 0 0 0 0 0 0 0 0 0 0 0 0 0 0 0 0 0 0 0 0 0 0 0 0 0 0 0 0 0 0 0 0 0 0 0 0 0 0 0 0 0 0 0 0 0 0 0 0 0 0 0 0 0 0 0
0 0 0 0 0 0 0 0 0 0 8 0 3 7 0 10 0 3 0 11 0 12 0 4 0 0 0 0 0 0 0 0 0 0 0 0 9 0 0 0 0 2 0 0 2 0 0 0 0 0 1 6 0 0 0 0 0 0 0 0 0 0 0 0 1 0 0 6 0 4 16 0 0 7 17 0 4 10 11 0 0 0 0 0 0 0 0 0 0 0 0 0 0 0 14 10 0 3 0 0 11 0 0 0 5 0 0 0 0 0 0 0 0 0 0 0 0 0 0 0 21 0 0 0 0 2 0 33 135 225 255 161 68 0 19 3 0 0 0 0 0 0 0 0 0 0 0 0 0 14 2 0 62 218 230 224 255 230 255 252 227 16 0 0 0 0 0 0 0 0 0 0 0 0 0 0 20 0 0 126 188 246 255 248 248 173 190 255 255 64 16 8 0 0 0 0 0 0 0 0 0 0 0 0 0 7 57 253 255 251 226 99 14 10 67 252 250 99 2 0 0 0 0 0 0 0 0 0 0 0 0 0 6 5 9 235 243 107 35 0 0 1 120 244 255 92 1 0 0 0 0 0 0 0 0 0 0 0 0 0 0 0 8 22 27 2 0 5 105 74 203 248 235 67 0 11 0 0 0 0 0 0 0 0 0 0 0 0 0 18 0 9 80 153 234 250 244 246 245 255 160 0 7 0 0 0 0 0 0 0 0 0 0 0 0 0 0 0 0 138 217 255 255 244 251 255 255 255 94 18 2 3 0 0 0 0 0 0 0 0 0 0 0 0 17 0 133 255 255 255 232 255 255 255 244 241 72 0 0 0 0 0 0 0 0 0 0 0 0 0 0 0 0 0 153 244 255 242 255 250 229 234 252 255 144 0 19 6 0 0 0 0 0 0 0 0 0 0 0 0 5 3 43 119 183 146 146 34 35 59 239 247 163 10 0 3 0 0 0 0 0 0 0 0 0 0 0 0 3 0 0 0 0 0 0 10 4 97 252 255 151 0 0 1 0 0 0 0 0 5 0 14 0 0 8 0 51 202 174 51 4 0 0 0 8 115 248 247 160 6 0 2 0 0 0 0 2 3 2 0 2 1 0 118 251 255 241 172 12 1 22 0 0 206 255 254 55 1 0 7 0 0 0 0 2 2 5 0 5 0 5 225 250 194 255 255 130 0 0 7 7 188 243 249 85 0 0 1 0 0 0 0 0 2 0 4 2 0 57 252 250 71 146 254 222 46 0 0 53 253 255 207 4 0 0 5 0 0 0 0 0 2 0 3 2 2 68 255 246 91 55 232 255 137 8 111 213 255 232 113 0 4 1 0 0 0 0 0 2 1 4 0 5 9 27 255 255 244 255 255 233 255 255 248 255 234 201 12 0 0 24 0 0 0 0 0 0 3 2 0 0 4 1 141 249 248 250 245 255 232 245 255 243 129 22 0 0 2 0 1 0 0 0 0 0 5 0 14 0 0 9 0 52 136 160 200 247 214 148 93 21 9 0 2 7 0 5 2 0 0 0 0 0 0 0 0 0 0 0 0 0 0 0 0 0 0 0 0 0 0 0 0 0 0 0 0 0 0 0 0 0 0 0 0 0 0 0 0 0 0 0 0 0 0 0 0 0 0 0 0 0 0 0 0 0 0 0 0 0 0 0 0 0 0 0 0 0 0 0 0 0 0 0 0 0 0 0 0 0 0 0 0 0 0 0 0 0 0 0 0 0 0 0 0 0 0 0 0 0 0 0 0 0 0 0 0 0 0 0 0 0 0 0 0
0 0 0 0 0 0 0 0 0 3 0 0 7 8 1 1 2 9 0 3 0 0 12 4 0 0 0 0 0 0 0 0 0 0 0 0 0 7 6 5 0 0 0 0 0 0 0 9 10 8 0 0 0 0 0 0 0 0 0 0 0 0 0 0 12 0 0 13 0 4 0 12 5 0 12 0 2 0 4 6 0 0 0 0 0 0 0 0 0 0 0 0 0 11 2 0 0 11 7 0 0 0 11 6 0 0 16 0 0 0 0 0 0 0 0 0 0 0 0 0 0 0 0 17 7 8 0 0 50 143 205 248 77 1 2 0 0 0 0 0 0 0 0 0 0 0 0 0 11 6 0 0 5 32 123 228 255 248 255 253 135 0 0 0 0 0 0 0 0 0 0 0 0 0 0 0 0 2 0 0 150 247 255 238 255 229 255 241 230 74 0 0 0 0 0 0 0 0 0 0 0 0 0 0 8 0 2 66 238 255 254 254 241 239 236 246 255 206 0 9 0 0 0 0 1 0 0 0 4 3 1 8 2 4 8 94 249 255 255 209 102 25 68 249 253 215 0 0 0 0 0 0 0 6 13 4 0 0 0 0 8 0 0 14 92 114 103 8 1 0 193 255 255 195 2 0 0 0 0 0 1 0 0 0 0 12 13 0 3 0 18 0 15 106 197 213 130 138 252 255 225 69 12 0 0 0 0 0 0 0 3 5 0 0 0 0 1 0 0 31 179 248 255 254 250 255 237 252 155 0 18 0 0 0 0 0 5 0 0 13 12 3 0 0 0 2 4 112 252 250 250 255 245 255 253 132 24 0 0 1 0 0 0 0 4 1 0 0 0 0 0 11 10 0 0 149 255 254 255 244 255 253 255 38 0 1 0 3 0 0 0 0 0 18 8 0 11 7 0 1 5 0 0 102 212 253 255 255 246 255 252 44 14 11 7 0 0 0 0 0 0 8 0 20 144 175 75 0 0 18 0 3 89 108 41 32 234 255 251 37 0 9 0 3 0 0 0 0 0 8 0 59 255 239 221 0 0 8 0 0 0 0 3 4 228 255 255 34 3 0 10 0 0 0 0 0 4 0 3 64 246 240 231 4 0 2 4 5 5 0 0 7 246 255 248 37 6 0 1 7 0 0 0 0 0 0 12 52 246 255 255 92 9 0 0 7 1 0 23 120 245 253 226 31 7 0 0 4 0 0 0 0 1 2 0 38 241 244 246 255 87 27 8 0 3 61 134 255 246 247 183 0 0 2 6 5 0 0 0 0 0 8 0 0 192 251 251 255 255 202 150 111 173 255 255 255 255 253 167 13 3 14 0 0 0 0 0 0 0 3 6 0 77 189 255 251 246 254 255 243 242 255 242 255 245 175 82 0 0 0 0 18 0 0 0 0 12 0 8 3 0 13 149 255 255 255 252 252 255 255 234 227 32 3 0 11 13 7 0 0 0 0 0 0 0 0 0 0 6 0 22 48 159 236 249 200 156 121 65 0 5 0 0 6 0 0 3 2 0 0 0 0 0 0 0 0 0 0 0 0 0 0 0 0 0 0 0 0 0 0 0 0 0 0 0 0 0 0 0 0 0 0 0 0 0 0 0 0 0 0 0 0 0 0 0 0 0 0 0 0 0 0 0 0 0 0 0 0 0 0 0 0 0 0 0 0 0 0 0 0 0 0 0 0 0 0 0 0 0 0 0 0 0 0 0 0 0 0 0 0 0 0 0 0 0 0 0 0 0 0 0 0 0 0 0 0 0 0 0 0 0 0 0 0
0 0 5 2 0 0 4 4 0 0 0 0 0 0 0 2 0 5 1 11 0 5 0 1 0 0 0 0 12 0 0 2 11 6 0 0 5 2 0 0 0 0 0 2 5 0 0 0 0 2 0 0 0 0 0 0 0 1 0 0 4 0 0 2 0 2 4 5 4 2 0 0 0 0 13 11 4 0 0 4 0 0 0 0 0 7 7 0 0 0 0 3 0 0 0 0 0 2 0 0 12 1 0 0 0 0 1 0 0 0 0 0 0 1 0 0 6 7 0 0 7 4 0 0 0 1 6 5 0 0 0 1 0 0 0 1 0 0 0 0 10 0 0 7 0 0 3 14 0 4 4 1 3 5 0 0 2 7 0 4 0 1 0 8 0 0 0 0 1 0 6 5 0 33 103 126 211 222 230 231 234 232 216 197 145 109 30 18 0 12 0 0 0 0 0 0 0 0 6 0 9 138 253 255 252 255 252 246 250 255 255 245 250 255 214 171 37 9 0 9 0 0 0 0 0 10 1 0 104 255 246 167 163 103 125 87 134 88 78 112 171 255 255 252 142 0 6 0 0 0 0 0 0 0 0 26 102 243 88 2 0 0 14 0 0 3 0 10 0 61 226 255 255 88 14 0 0 0 0 0 4 2 1 15 4 99 0 0 16 2 0 14 17 7 0 0 12 16 43 201 255 245 0 0 0 0 0 0 2 8 0 0 0 7 0 6 0 6 0 0 0 0 6 11 0 0 14 247 245 139 6 9 0 0 0 0 0 0 4 0 13 0 3 0 7 1 0 0 6 0 2 0 0 74 242 242 255 176 0 0 0 0 0 0 0 0 22 0 0 7 0 14 3 0 81 138 169 118 119 126 199 255 242 244 233 111 0 1 0 0 0 0 1 0 0 0 0 24 0 0 0 89 247 255 255 244 249 246 255 253 255 147 36 0 26 0 0 0 0 0 0 9 0 0 7 0 2 1 0 28 163 217 250 255 253 253 248 255 224 28 5 3 0 7 0 0 0 0 5 0 11 0 0 0 0 0 2 1 0 12 52 76 96 77 208 255 250 236 27 2 3 0 0 0 0 0 0 0 6 0 0 0 0 4 0 10 2 6 2 0 2 0 13 180 255 255 155 0 6 0 0 0 0 0 5 6 0 0 9 9 4 0 0 2 0 0 0 0 12 8 7 2 181 255 208 60 0 15 0 0 0 0 0 11 2 8 0 0 0 6 0 4 2 5 7 5 0 0 0 12 65 255 255 176 1 0 0 0 0 0 4 1 0 0 7 2 3 4 0 3 9 1 0 0 0 5 0 23 59 244 248 184 0 4 0 0 0 0 14 0 5 0 5 0 0 0 0 0 0 0 0 8 0 0 6 0 157 255 255 140 1 3 0 0 0 0 0 6 137 136 137 138 185 223 223 167 114 67 71 107 117 132 179 236 254 230 223 70 19 0 0 0 0 0 7 0 141 136 144 128 138 138 142 132 141 128 130 145 132 138 142 118 142 139 75 6 0 4 0 0 0 0 0 0 0 0 0 0 0 0 0 0 0 0 0 0 0 0 0 0 0 0 0 0 0 0 0 0 0 0 0 0 0 0 0 0 0 0 0 0 0 0 0 0 0 0 0 0 0 0 0 0 0 0 0 0 0 0 0 0 0 0 0 0 0 0 0 0 0 0 0 0 0 0 0 0 0 0 0 0 0 0 0 0 0 0 0 0 0 0 0 0 0 0 0 0 0 0 0 0 0 0 0 0 0 0 0 0 0 0 0 0 0 0
0 0 0 0 0 0 0 0 5 3 0 0 6 5 0 1 0 0 0 0 1 12 4 0 0 0 0 0 0 0 0 0 0 0 0 0 0 1 0 8 1 4 0 3 2 0 7 6 0 0 0 7 0 0 0 0 0 0 0 0 0 0 0 0 1 5 0 1 0 0 0 0 1 0 0 0 0 2 6 0 0 0 0 0 0 0 0 0 0 0 0 0 0 4 4 8 0 5 1 6 0 0 0 14 0 0 0 3 0 0 0 0 0 0 0 0 0 0 0 0 7 1 0 7 79 143 203 250 255 151 0 0 2 6 0 2 0 0 0 0 0 0 0 0 0 0 0 0 4 0 0 60 223 255 255 255 251 218 68 8 0 1 0 0 0 0 0 0 0 0 0 0 0 0 0 0 12 0 1 49 250 255 249 255 248 255 95 0 0 19 1 0 0 0 0 0 0 0 0 0 0 0 0 0 0 0 10 4 168 142 185 255 255 253 72 6 2 3 0 10 0 0 0 0 0 0 0 0 0 0 0 0 3 0 0 0 15 57 224 253 247 245 27 3 4 0 12 0 0 0 0 0 0 0 0 0 0 0 0 0 0 13 0 22 192 249 249 245 255 105 6 15 0 8 8 0 0 0 0 0 0 0 0 0 0 0 0 0 1 39 142 224 255 255 243 255 116 0 0 9 7 10 0 9 0 0 0 0 0 0 0 0 0 0 0 0 133 222 255 255 242 255 255 252 163 63 3 0 0 9 8 0 0 0 0 0 0 0 0 0 0 0 0 0 203 254 242 255 246 239 250 255 253 250 105 0 6 4 0 11 0 0 0 0 0 0 0 0 0 0 0 0 159 255 247 251 249 255 255 237 252 255 236 111 0 0 4 0 0 0 0 0 0 0 0 0 0 0 0 0 94 211 176 115 76 0 0 80 167 242 255 147 15 13 0 0 0 0 0 0 0 0 0 0 0 0 0 0 1 0 4 0 0 5 1 3 0 173 247 171 6 0 0 8 0 0 0 0 2 1 0 0 0 0 1 0 0 0 0 0 0 0 12 0 10 73 250 208 11 0 18 0 0 0 0 0 0 5 2 0 0 0 6 4 7 0 2 9 3 0 0 0 0 250 255 163 0 12 0 8 0 0 0 0 0 5 5 0 0 5 0 0 0 0 0 0 0 0 17 57 209 255 255 134 1 0 0 6 0 0 0 0 0 0 0 0 6 3 0 5 2 5 0 0 16 67 153 243 252 245 233 43 23 0 0 5 0 0 0 0 4 0 1 0 4 0 0 64 125 127 122 153 218 255 253 252 255 246 104 0 6 0 0 4 0 0 0 0 1 0 8 2 0 0 14 129 239 252 254 250 255 255 252 247 243 97 2 0 0 3 8 4 0 0 0 0 0 0 9 0 0 0 12 128 255 250 242 255 255 247 201 154 38 0 16 0 7 12 0 7 0 0 0 0 2 0 2 0 5 1 0 84 250 251 255 233 136 49 13 1 0 7 0 0 6 0 0 0 0 0 0 0 0 0 0 0 0 0 0 0 0 0 0 0 0 0 0 0 0 0 0 0 0 0 0 0 0 0 0 0 0 0 0 0 0 0 0 0 0 0 0 0 0 0 0 0 0 0 0 0 0 0 0 0 0 0 0 0 0 0 0 0 0 0 0 0 0 0 0 0 0 0 0 0 0 0 0 0 0 0 0 0 0 0 0 0 0 0 0 0 0 0 0 0 0 0 0 0 0 0 0 0 0 0 0 0 0 0 0 0 0 0 0 0
0 6 0 15 0 0 3 0 0 12 0 0 6 3 0 0 0 0 0 0 0 0 0 0 0 0 0 0 4 7 0 0 0 8 0 0 0 0 4 5 3 0 0 14 0 0 0 0 0 0 0 0 0 0 0 0 0 3 5 3 1 14 0 1 14 0 3 0 0 2 0 0 0 0 0 0 0 0 0 0 0 0 0 0 3 3 2 0 0 0 0 5 0 0 4 2 0 1 4 0 0 0 0 0 0 0 0 0 0 0 0 0 2 0 0 3 9 0 0 17 5 13 0 4 15 0 3 3 0 0 0 0 0 0 0 0 0 0 0 0 5 1 3 2 0 0 63 105 210 255 255 255 227 91 0 2 0 0 0 0 0 0 0 0 0 0 0 0 0 1 0 0 5 57 220 255 253 223 160 165 255 237 42 2 0 0 0 0 0 0 0 0 0 0 0 0 3 6 0 0 0 3 96 41 0 10 3 15 221 255 39 3 0 0 0 0 0 0 0 0 0 0 0 0 5 0 0 6 0 0 0 1 0 4 0 109 255 145 16 0 0 6 4 0 0 0 0 4 0 0 0 0 0 1 0 0 0 5 0 0 16 28 175 255 208 0 0 14 1 0 0 0 5 0 0 5 0 0 0 0 0 5 0 0 4 4 3 19 91 232 252 157 15 16 17 0 0 0 0 0 0 8 2 0 0 0 0 0 0 3 0 4 8 0 7 72 255 255 180 77 30 0 0 10 2 3 7 4 0 0 0 3 0 0 0 0 0 4 0 3 7 0 3 69 233 255 255 252 238 239 143 17 0 0 2 0 0 4 9 0 0 0 0 0 0 7 0 0 1 0 0 13 41 63 85 136 134 255 255 212 186 68 1 12 6 0 0 9 0 0 0 0 0 1 0 0 0 4 0 0 9 0 9 0 10 18 101 206 255 246 172 45 0 13 33 0 0 0 0 0 3 0 0 7 2 0 2 7 0 0 3 0 0 11 0 30 90 174 255 229 82 0 0 6 0 0 0 0 0 0 0 0 0 0 0 0 8 0 0 0 0 5 0 4 3 23 146 255 242 51 16 0 0 0 0 0 0 0 0 0 0 0 0 0 0 0 6 1 0 0 0 0 0 0 1 79 237 243 11 0 0 0 0 0 0 0 0 0 0 0 0 0 0 4 1 0 0 3 9 0 18 0 1 0 244 255 98 5 0 0 0 0 0 0 0 0 0 0 0 0 5 7 0 0 0 0 2 0 0 0 0 5 190 245 119 0 0 0 0 0 0 0 0 0 0 0 0 0 1 0 0 4 6 2 8 10 10 6 0 4 228 248 76 5 0 0 0 0 0 0 0 0 0 0 0 0 0 0 11 4 0 0 0 0 0 14 14 154 254 147 0 1 0 0 0 0 0 0 0 0 0 0 0 0 9 0 14 0 2 42 7 1 16 82 177 255 239 22 4 1 0 0 0 0 0 0 0 0 0 0 0 0 4 0 9 0 74 184 154 135 191 249 253 180 16 10 0 1 0 0 0 0 0 0 0 0 0 0 0 0 0 4 0 3 6 252 252 255 193 72 30 15 0 2 6 0 0 0 0 0 0 0 0 0 0 0 0 0 18 0 12 8 0 17 0 0 23 0 0 5 0 2 4 0 0 0 0 0 0 0 0 0 0 0 0 0 5 0 15 0 0 0 10 10 0 0 18 10 0 2 1 0 0 0 0 0 0 0 0 0 0 0 0 0 0 5 2 0 0 3 7 0 5 11 7 0 0 5 4 4 0 0 0 0
0 1 13 0 5 0 5 0 5 4 0 1 6 0 0 2 9 0 0 2 0 0 3 4 0 0 0 0 5 0 0 4 3 8 0 4 0 0 0 0 0 0 0 3 1 0 0 5 1 1 2 0 0 0 0 0 0 11 3 13 0 4 0 7 7 6 4 3 5 3 0 0 0 0 2 5 0 3 4 0 0 0 0 0 5 5 1 0 3 0 0 0 0 0 0 2 0 0 0 8 2 2 7 3 0 0 6 0 0 0 0 0 0 0 4 8 0 0 4 7 0 0 8 7 0 6 5 0 0 0 5 4 0 0 5 1 0 0 0 0 0 15 0 0 0 153 239 254 255 255 249 223 214 212 136 19 0 0 0 6 1 0 2 0 0 0 0 0 0 7 0 5 16 219 255 231 250 244 246 248 255 255 221 109 30 2 0 3 4 1 0 0 0 0 0 0 7 0 2 9 0 111 241 255 255 247 255 255 236 249 255 248 70 20 0 0 2 1 1 0 0 0 0 0 0 3 2 2 0 41 171 230 219 224 236 223 225 216 254 255 182 13 0 13 0 0 5 0 0 0 0 0 0 0 0 11 0 0 21 0 3 0 0 0 5 90 255 243 210 0 11 0 9 0 0 10 0 0 0 0 7 0 0 6 0 0 6 0 7 5 6 2 8 109 255 255 239 143 0 7 0 11 2 0 0 0 0 0 0 0 8 11 0 0 14 14 0 49 71 88 176 244 253 249 255 229 3 0 16 0 0 5 0 0 0 0 3 0 1 0 0 0 0 0 6 212 255 244 255 253 237 255 237 242 114 10 0 2 0 7 0 0 0 0 5 0 0 0 0 7 2 10 9 232 255 247 250 250 255 241 255 255 243 154 44 0 8 0 0 0 0 0 0 0 13 5 4 4 0 0 0 184 255 255 244 255 253 243 255 220 255 255 219 23 9 3 0 0 0 0 9 0 0 0 0 8 0 8 0 116 251 251 255 255 122 155 135 154 208 246 251 200 0 1 0 0 0 0 0 0 0 0 0 0 0 0 4 148 243 180 82 24 4 0 3 0 103 202 245 141 23 3 0 0 0 0 0 0 0 0 0 0 0 0 0 18 42 11 4 3 2 1 0 4 0 104 255 244 122 0 0 0 0 0 0 0 0 0 0 0 0 0 6 0 6 0 1 0 0 9 2 17 155 210 253 255 133 1 0 0 0 0 0 0 0 0 0 0 0 0 6 0 15 0 0 4 0 0 11 93 199 249 255 237 146 8 0 0 0 0 0 0 0 0 0 0 0 0 1 0 0 11 100 247 255 255 254 236 255 255 242 235 149 0 0 0 0 0 0 0 0 0 0 0 0 0 11 7 0 0 43 239 255 240 254 255 255 249 255 170 0 4 0 0 0 0 0 0 0 0 0 0 0 0 0 3 13 10 32 243 255 255 254 255 232 255 211 83 6 2 0 0 0 0 0 0 0 0 0 0 0 0 6 3 0 1 23 246 249 240 251 208 166 81 0 7 0 4 0 0 0 0 0 0 0 0 0 0 0 0 0 0 11 0 1 157 230 132 67 26 0 0 3 0 0 4 0 0 0 0 0 0 0 0 0 0 0 0 12 0 0 2 0 7 23 4 17 0 0 0 6 1 0 2 0 0 0 0 0 0 0 0 0 0 0 0 0 3 0 3 4 0 0 0 0 0 0 4 5 1 0 0 0 0 0 0 0 0 0 0 0 0 0 0 0 13 2 0 4 12 5 8 1 4 4 0 0 0 0 0 0 0 0 0
0 4 0 0 0 9 2 0 2 0 0 1 1 0 8 0 2 0 2 7 0 9 0 1 0 0 0 0 0 4 0 6 7 0 2 0 1 3 6 6 0 0 4 3 2 0 0 8 0 8 0 0 0 0 0 0 4 1 8 8 0 0 0 0 0 0 5 3 0 1 1 1 3 4 0 6 1 2 0 0 0 0 0 0 0 0 14 0 0 11 0 4 6 0 3 0 0 7 3 3 0 9 0 1 0 0 4 0 0 0 0 0 12 0 0 6 9 6 0 0 4 0 1 2 0 1 0 0 0 0 3 0 0 0 7 0 0 0 0 0 0 3 2 129 213 199 236 243 246 223 192 192 179 143 101 42 21 0 5 0 0 1 3 0 0 0 0 0 0 6 12 138 255 255 255 255 255 248 205 233 251 246 255 217 111 0 2 0 0 5 0 0 0 0 0 0 8 0 0 23 117 139 40 41 37 50 4 28 49 93 223 255 199 12 0 0 0 4 0 9 0 0 0 0 0 0 0 0 0 0 0 0 0 0 0 7 0 47 229 251 170 5 0 12 0 3 1 0 0 0 0 0 0 0 0 0 0 0 0 0 0 19 0 10 48 242 255 231 82 0 0 3 0 2 0 10 0 0 0 0 0 0 0 0 0 0 0 0 0 0 8 42 225 243 230 52 5 3 14 0 6 8 0 5 0 0 0 0 0 0 0 0 0 0 0 0 0 21 194 255 255 221 45 4 0 0 3 0 2 12 0 3 0 0 0 0 0 0 0 0 0 0 0 0 0 12 255 231 171 31 0 14 17 7 8 0 0 5 1 1 0 0 0 0 0 0 0 0 0 0 0 0 0 19 245 255 189 56 4 0 0 0 0 10 0 0 3 0 0 0 0 0 0 0 0 0 0 0 0 0 10 3 0 164 251 248 235 110 39 16 0 0 0 0 5 2 0 0 0 0 0 0 0 0 0 0 0 0 0 0 3 9 58 212 229 254 251 189 78 11 0 0 0 2 0 0 0 0 0 0 0 0 0 0 0 0 0 0 0 9 0 1 4 66 117 242 237 196 75 0 19 0 0 0 0 0 0 0 0 0 0 0 0 0 0 12 0 0 14 8 0 10 0 1 76 199 251 66 0 3 0 0 0 0 0 0 0 0 0 0 0 0 0 18 0 0 5 0 0 0 4 16 0 12 124 247 115 0 0 0 0 0 0 0 0 0 0 0 0 0 12 0 0 142 86 13 0 4 1 0 0 0 104 248 194 0 0 0 0 0 0 0 0 0 0 0 0 0 0 0 57 255 83 0 0 0 8 0 2 121 239 253 194 2 0 0 0 0 0 0 0 0 0 0 0 0 0 5 69 255 76 9 9 5 38 91 241 255 252 244 16 0 0 0 0 0 0 0 0 0 0 0 0 0 20 0 7 212 255 232 222 229 242 255 252 240 227 71 12 6 0 0 0 0 0 0 0 0 0 0 0 0 0 14 0 24 208 247 255 244 249 229 138 47 0 11 8 0 0 0 0 0 0 0 0 0 0 0 0 0 2 0 6 1 1 72 118 78 54 26 2 0 2 0 0 0 0 0 0 0 0 0 0 0 0 0 0 0 11 0 3 0 0 5 19 0 9 0 0 0 3 0 0 2 0 0 0 0 0 0 0 0 0 0 0 0 0 0 0 9 3 1 1 0 0 0 0 5 4 0 0 2 0 0 0 0 0 0 0 0 0 0 0 0 0 0 0 5 7 0 0 6 2 1 2 4 0 0 0 4 0 0 0 0
2 0 13 0 6 0 1 4 4 0 7 0 0 0 0 2 2 4 0 5 0 11 3 0 0 0 0 0 4 0 11 0 1 0 5 8 0 0 3 1 3 10 2 8 0 15 7 13 0 0 0 0 0 0 0 0 4 0 0 2 11 0 1 0 7 0 3 0 0 0 0 0 0 3 0 0 0 6 0 5 0 0 0 0 0 5 4 1 0 0 21 15 2 0 4 0 0 10 5 14 10 7 2 0 2 12 0 0 0 0 0 0 0 7 0 0 3 4 0 0 0 0 10 1 0 0 0 3 5 0 9 8 2 0 0 0 0 0 0 0 2 1 0 0 12 11 0 31 5 24 68 94 119 150 167 190 93 0 0 0 0 0 1 7 0 0 0 0 0 3 10 0 0 0 39 238 250 251 255 255 251 253 246 255 246 56 5 0 1 4 6 0 0 0 0 0 10 0 0 3 7 0 17 253 255 250 252 239 233 240 237 248 255 42 0 2 0 0 1 0 0 0 0 0 8 0 0 4 0 0 14 48 106 98 107 48 0 2 6 196 255 39 10 0 4 0 0 2 0 0 0 0 0 0 0 4 1 0 0 13 0 1 9 0 6 4 30 246 254 50 0 1 3 19 0 5 0 0 0 0 1 0 0 4 6 1 0 0 1 3 0 7 0 71 242 254 255 65 26 0 0 0 3 0 0 0 0 0 4 3 1 0 2 7 5 0 0 25 0 10 35 238 245 255 248 248 179 23 9 13 2 2 0 0 0 0 0 1 0 0 0 1 4 1 23 0 0 67 246 255 250 255 255 255 255 223 12 0 0 15 0 0 0 0 0 0 4 2 0 0 0 0 0 7 21 227 249 255 255 83 75 166 255 248 32 0 12 0 0 0 0 0 0 0 2 5 3 0 0 0 7 0 57 236 230 154 61 0 0 4 175 255 113 0 36 0 0 0 0 0 3 0 0 0 0 0 0 6 1 2 4 39 43 10 0 2 5 0 99 253 185 8 0 10 0 0 0 0 0 1 3 2 1 0 0 2 4 0 3 2 0 5 1 0 0 0 105 255 253 16 0 3 0 0 0 0 0 1 3 3 1 0 0 0 4 1 4 0 0 0 7 0 0 8 62 255 219 10 10 0 0 0 0 0 0 0 2 2 0 0 0 0 0 6 0 0 19 1 0 7 0 10 148 235 146 7 3 6 0 0 0 0 0 0 1 0 0 0 1 3 0 4 17 0 0 0 0 11 0 174 235 255 52 0 2 1 0 0 0 0 1 0 0 0 0 1 7 11 193 190 228 115 0 8 0 0 76 255 255 194 10 0 4 0 0 0 0 0 2 1 0 0 0 2 9 14 253 255 249 98 2 0 6 128 236 235 221 33 8 0 4 2 0 0 0 0 1 1 2 1 0 1 4 7 152 255 255 223 196 126 107 213 255 204 78 13 0 0 10 0 0 0 0 0 0 1 4 3 1 0 0 0 23 151 241 255 251 245 255 219 133 28 10 0 2 6 0 2 0 0 0 0 0 0 0 0 0 0 0 0 0 15 28 120 172 216 123 39 0 0 0 0 0 0 0 0 0 0 0 0 0 0 0 0 0 0 0 0 0 6 0 0 0 15 0 0 0 0 0 0 0 0 0 0 0 0 0 0 0 0 0 0 0 0 0 0 0 6 8 4 0 0 1 4 0 0 0 0 0 0 0 0 0 0 0 0 0 0 0 0 0 0 0 0 0 0 0 0 9 0 2 0 0 0 0 0 0 0 0 0 0 0 0 0
0 0 0 0 0 0 0 0 0 1 5 0 4 5 0 6 0 0 6 1 0 0 5 0 0 0 0 0 0 0 0 0 0 0 0 0 4 1 2 0 1 0 0 0 11 0 0 2 5 20 0 2 0 0 0 0 0 0 0 0 0 0 0 0 0 0 11 2 14 0 5 2 3 11 0 0 0 0 0 1 0 0 0 0 0 0 0 0 0 0 0 0 5 1 6 0 0 0 10 0 0 22 0 8 8 0 16 0 0 0 0 0 0 0 0 0 0 0 0 0 11 0 0 13 82 150 240 255 228 129 27 0 10 0 0 0 0 0 0 0 0 0 0 0 0 0 0 0 0 0 24 143 218 247 255 252 250 249 240 80 0 17 4 5 0 0 0 0 0 0 0 0 0 0 0 0 2 0 57 235 255 251 251 252 255 249 255 195 36 0 0 5 0 0 0 0 0 0 0 0 0 0 0 0 0 7 80 255 208 77 9 9 56 222 255 254 31 0 18 0 0 0 0 0 0 0 0 0 0 0 0 0 2 7 0 72 38 0 2 0 0 138 254 240 125 0 3 0 0 0 0 0 0 0 0 0 0 0 0 0 5 0 0 10 5 8 11 0 69 201 255 244 44 4 0 21 0 0 0 0 0 0 0 0 0 0 0 0 0 0 12 4 4 39 128 227 252 255 227 110 0 11 1 0 0 0 0 0 0 0 0 0 0 0 0 0 3 16 89 165 255 255 254 249 127 0 0 0 20 0 3 0 0 0 0 0 0 0 0 0 0 0 0 0 17 168 255 245 253 245 246 219 45 3 0 13 0 0 1 2 0 0 0 0 0 0 0 0 0 0 0 0 11 184 255 245 255 255 255 243 238 120 5 0 4 12 0 0 0 0 0 0 0 0 0 0 0 0 0 0 0 12 0 1 82 153 194 255 255 235 167 5 0 0 5 0 0 0 0 0 0 0 0 0 0 0 0 0 0 0 2 0 0 6 23 194 248 255 240 64 7 13 0 8 0 0 0 0 7 0 0 0 1 4 0 8 0 3 0 0 4 5 1 4 207 255 252 196 17 1 0 0 0 0 0 0 0 9 21 0 0 1 0 0 0 1 0 0 0 0 0 4 9 175 244 255 19 15 0 2 0 0 0 0 0 0 4 0 0 4 0 5 0 1 2 3 3 1 0 1 1 239 251 175 0 0 0 5 0 0 0 0 8 0 1 0 0 7 0 0 0 0 0 0 1 1 0 0 0 252 252 156 17 0 0 3 0 0 0 0 2 123 228 201 127 80 30 1 35 7 0 0 0 1 9 3 1 211 251 236 11 0 2 0 0 0 0 0 0 98 218 249 244 251 253 255 226 181 156 147 134 143 158 153 184 255 235 143 0 0 15 0 0 0 0 0 0 0 22 106 190 234 237 252 255 243 248 255 248 250 255 249 251 246 138 5 10 9 18 0 0 0 0 0 6 0 6 3 0 13 58 124 141 144 198 249 251 251 252 233 146 80 8 0 0 0 0 8 0 0 0 0 0 0 0 0 0 0 0 0 0 0 0 0 0 0 0 0 0 0 0 0 0 0 0 0 0 0 0 0 0 0 0 0 0 0 0 0 0 0 0 0 0 0 0 0 0 0 0 0 0 0 0 0 0 0 0 0 0 0 0 0 0 0 0 0 0 0 0 0 0 0 0 0 0 0 0 0 0 0 0 0 0 0 0 0 0 0 0 0 0 0 0 0 0 0 0 0 0 0 0 0 0 0 0 0 0 0 0 0 0 0 0 0
0 0 8 0 0 2 0 6 0 6 2 0 0 2 0 1 0 6 0 1 0 8 0 3 0 0 0 0 3 0 1 1 3 3 0 0 0 1 0 0 2 0 0 7 0 15 0 0 5 0 26 0 0 0 0 0 3 0 0 4 0 0 3 0 6 4 0 2 3 0 0 6 3 0 11 5 1 0 0 0 0 0 0 0 0 1 0 4 0 0 11 0 0 0 0 0 13 10 0 1 12 9 0 5 0 0 6 6 0 0 0 0 0 5 3 2 0 2 5 0 0 11 3 0 0 0 0 0 0 0 4 0 11 8 0 0 0 0 0 0 5 0 0 0 5 6 0 5 108 110 116 161 238 255 195 117 198 244 65 165 44 0 0 6 0 0 0 0 5 0 0 0 3 0 0 88 238 254 253 245 252 255 252 248 250 238 232 250 153 0 6 0 0 0 0 0 6 0 13 0 1 0 16 191 254 255 253 250 255 252 249 255 252 253 255 224 37 0 7 0 0 0 0 0 2 0 5 0 7 0 8 204 250 242 167 177 162 186 36 164 152 231 254 253 91 0 0 3 0 0 0 0 0 0 15 0 2 2 0 62 57 34 18 6 15 0 0 34 135 255 244 252 69 18 0 10 0 0 0 0 7 0 10 1 0 7 0 0 0 0 0 6 30 62 173 225 249 240 255 186 13 0 18 0 0 0 0 0 7 0 0 7 0 0 11 0 15 0 14 33 255 254 255 242 255 255 110 42 0 6 0 5 0 0 0 0 0 2 0 8 8 0 0 2 5 0 0 35 255 255 248 255 242 255 34 0 0 8 16 0 0 0 0 0 0 13 0 0 5 1 0 0 0 21 14 142 255 245 245 255 253 255 176 41 8 0 0 1 0 0 0 0 4 5 0 0 0 6 2 6 12 0 0 93 254 247 255 248 255 225 255 202 0 0 0 4 0 0 0 0 1 0 7 15 0 0 0 1 0 8 7 0 0 0 3 123 241 255 240 255 149 0 11 0 0 0 0 0 7 0 1 0 7 0 10 0 9 0 13 0 0 3 2 0 11 52 236 236 235 51 3 0 0 0 0 0 0 5 1 0 0 16 0 5 2 0 4 9 0 0 0 7 7 0 150 255 255 120 0 9 0 0 0 0 0 0 6 15 0 44 0 4 5 0 0 7 0 13 0 1 2 0 10 165 242 255 120 0 0 0 0 0 0 0 4 0 0 203 179 26 0 8 5 0 0 5 0 6 5 0 10 60 238 205 11 0 0 0 0 0 18 0 0 2 0 152 255 237 146 71 7 4 41 17 2 2 0 6 77 181 255 88 13 1 0 0 0 0 0 6 2 0 16 94 206 255 250 251 201 155 218 228 162 43 155 163 243 255 246 91 0 0 0 0 0 0 9 1 0 0 0 1 91 236 239 255 247 253 255 240 248 255 255 255 253 244 106 3 5 6 0 0 0 0 5 0 10 5 0 19 0 1 126 238 252 249 243 255 255 245 234 255 197 90 0 0 0 5 0 0 0 0 0 0 0 0 0 0 0 0 0 15 76 107 141 248 255 122 132 94 44 8 0 0 0 0 0 0 0 0 0 0 0 0 0 0 0 0 0 0 0 10 0 0 12 0 4 0 0 0 0 4 3 1 0 0 0 0 0 0 0 0 0 0 0 0 9 13 5 1 4 0 0 11 0 0 2 4 1 0 0 0 0 0 0 0 0 0 0 0 0 0 0 0 0 5 0 0 9 18 2 0 5 5 4 0 0 0 0 3 0 0 0 0
0 0 0 0 0 0 0 0 0 12 4 0 2 1 0 4 1 0 0 4 7 0 0 11 0 0 0 0 0 0 0 0 0 0 0 0 1 0 0 8 5 0 3 0 0 1 1 0 0 0 17 0 0 0 0 0 0 0 0 0 0 0 0 0 1 5 14 7 0 0 0 0 0 6 0 12 10 0 6 0 0 0 0 0 0 0 0 0 0 0 0 0 0 0 0 0 5 11 6 0 0 12 0 0 6 0 0 16 0 0 0 0 0 0 0 0 0 0 0 0 8 8 0 1 8 0 0 7 0 0 8 0 0 5 0 10 0 0 0 0 0 0 0 0 0 0 0 0 0 24 125 180 179 223 236 164 118 11 0 14 10 8 0 0 0 0 0 0 0 0 0 0 0 0 0 0 42 222 228 142 154 138 136 235 235 133 0 0 6 0 10 4 0 0 0 0 0 0 0 0 0 0 0 0 32 15 0 0 2 0 3 20 178 253 81 0 16 0 6 0 0 0 0 0 0 0 0 0 0 0 0 0 0 9 0 2 0 6 0 0 6 218 226 0 0 0 0 3 0 0 0 0 0 0 0 0 0 0 0 0 0 4 6 2 0 1 7 4 5 77 237 0 16 2 0 1 0 0 0 0 0 0 0 0 0 0 0 0 8 0 1 0 0 4 4 0 3 180 230 2 0 0 3 6 0 0 0 0 0 0 0 0 0 0 0 0 0 0 4 5 11 0 0 13 31 230 115 7 0 3 0 0 0 0 0 0 0 0 0 0 0 0 0 0 11 15 0 0 2 0 0 48 240 130 23 0 9 0 0 9 0 0 0 0 0 0 0 0 0 0 0 0 0 13 0 21 5 31 146 232 110 0 0 0 12 2 7 0 0 0 0 0 0 0 0 0 0 0 0 0 1 9 5 167 198 231 220 84 0 18 13 4 0 0 9 0 0 0 0 0 0 0 0 0 0 0 0 0 1 0 0 180 186 255 255 51 2 0 0 0 8 2 0 4 0 0 0 0 1 1 0 0 0 1 0 0 0 13 0 0 2 100 251 241 52 0 0 5 5 0 0 4 0 0 0 0 0 0 0 4 5 1 1 4 21 0 0 5 0 0 84 245 239 22 23 0 0 6 3 0 0 0 0 0 1 0 0 4 1 0 0 4 0 0 9 1 8 5 7 102 231 207 0 5 3 5 0 0 0 0 0 0 4 2 0 0 0 0 0 2 14 9 5 0 0 0 3 4 215 251 1 0 23 0 0 7 0 0 0 0 0 2 2 0 0 7 7 0 0 0 0 2 4 8 4 0 58 255 75 0 0 0 20 0 0 0 0 0 0 1 5 1 0 2 0 0 0 0 12 0 0 1 0 69 242 249 6 11 11 0 0 6 0 0 0 0 0 0 1 5 0 0 0 18 19 0 0 0 12 43 125 255 162 24 14 0 0 1 14 2 0 0 0 0 7 0 0 7 0 0 23 73 71 75 40 72 133 215 233 80 1 18 0 0 18 0 4 0 0 0 0 0 4 0 0 0 0 0 16 44 134 196 252 255 202 109 27 0 0 0 0 0 0 0 0 0 0 0 0 0 1 0 0 5 2 0 2 14 0 6 5 1 2 0 0 2 0 0 0 0 0 0 0 0 0 0 0 0 2 0 0 5 7 0 0 0 0 0 0 0 5 7 1 2 0 0 0 0 0 0 0 0 0 0 0 0 5 0 0 0 4 2 0 1 0 8 6 4 7 0 0 0 0 0 0 0 0 0 0 0 0 0 0 0
0 2 7 3 0 1 4 4 0 0 0 6 12 0 0 9 5 0 0 0 14 3 0 0 0 0 0 0 6 0 0 0 0 0 0 0 4 0 5 1 0 0 17 0 7 12 5 5 0 0 15 2 0 0 0 0 1 0 0 6 10 4 1 6 5 1 0 5 14 10 0 0 0 3 0 14 0 1 5 0 0 0 0 0 0 0 2 4 0 0 0 0 0 9 0 0 7 0 0 9 1 17 0 0 9 0 0 8 0 0 0 0 0 2 0 0 0 3 5 2 4 4 10 1 0 0 9 0 2 0 9 0 0 4 0 5 0 0 0 0 0 0 0 1 4 5 0 0 0 75 100 83 159 255 244 149 118 11 0 7 1 1 4 0 0 0 0 0 5 0 0 3 0 0 16 59 185 247 255 248 216 131 119 213 249 155 1 9 0 0 1 8 0 0 0 0 4 0 0 5 0 19 131 254 229 152 55 6 5 5 0 0 144 235 30 2 0 17 0 0 0 0 0 0 0 2 7 0 5 48 252 200 50 0 0 14 1 0 12 0 100 252 45 0 5 0 0 4 0 0 0 0 4 0 0 0 18 32 133 46 7 0 16 0 0 7 0 2 125 237 12 14 0 1 12 0 0 0 0 0 3 1 4 1 0 0 36 0 0 19 0 4 2 0 3 82 234 199 6 8 0 0 0 0 0 0 0 0 0 3 10 0 0 0 4 7 14 0 0 16 0 4 1 172 202 42 0 0 16 13 0 12 0 0 0 0 1 0 2 0 0 10 0 2 0 0 15 0 1 0 163 249 147 0 11 0 1 0 0 0 0 0 0 0 3 0 3 0 6 13 0 0 0 1 0 5 15 186 228 165 9 0 0 6 0 0 17 8 0 0 0 0 1 0 10 0 0 0 0 12 10 0 0 82 223 254 255 5 0 15 10 14 0 0 4 0 0 0 0 0 2 0 6 0 4 0 2 0 0 13 61 255 254 246 255 189 161 112 64 0 1 0 0 9 0 0 0 0 0 0 0 0 0 0 0 0 2 4 57 204 255 240 138 255 249 255 250 46 0 0 1 4 0 0 0 0 0 0 0 0 0 0 0 0 0 18 6 0 18 0 5 0 8 64 252 225 55 9 0 2 0 0 0 0 0 0 0 0 0 0 0 0 17 0 0 8 0 8 0 10 0 0 166 248 34 4 1 3 0 0 0 0 0 0 0 0 0 0 0 0 0 0 6 0 4 4 26 0 7 0 112 249 54 0 4 5 0 0 0 0 0 0 0 0 0 0 0 0 15 5 0 0 10 0 0 8 0 0 140 244 67 0 0 4 0 0 0 0 0 0 0 0 0 0 0 0 0 0 0 36 59 86 0 12 2 52 230 180 1 3 3 0 0 0 0 0 0 0 0 0 0 0 0 0 12 0 9 172 241 18 0 0 4 150 255 116 0 4 6 0 0 0 0 0 0 0 0 0 0 0 0 0 0 9 71 255 255 21 7 35 143 249 128 1 7 0 0 1 0 0 0 0 0 0 0 0 0 0 0 0 0 4 0 178 252 234 137 228 250 213 15 0 0 4 3 1 0 0 0 0 0 0 0 0 0 0 0 0 2 16 0 1 0 16 0 5 0 36 0 8 13 0 0 0 0 0 0 0 0 0 0 0 0 0 0 0 0 0 15 7 0 1 12 0 0 1 0 0 1 0 0 4 0 0 0 0 0 0 0 0 0 0 0 0 11 0 0 8 2 0 1 0 23 3 5 0 4 2 5 0 0 0 0 0
0 0 0 0 0 0 0 0 1 0 0 0 0 0 0 2 3 0 2 0 0 9 5 0 0 0 0 0 0 0 0 0 0 0 0 0 0 2 3 0 0 0 0 0 4 0 7 10 0 0 1 14 0 0 0 0 0 0 0 0 0 0 0 0 0 8 7 0 0 6 4 0 3 0 0 0 2 0 0 0 0 0 0 0 0 0 0 0 0 0 0 0 9 0 0 0 2 0 1 13 0 11 6 0 6 5 9 0 0 0 0 0 0 0 0 0 0 0 0 0 0 2 10 7 0 0 0 0 0 6 0 0 10 0 9 5 0 0 0 0 0 0 0 0 0 0 0 0 15 0 0 8 8 4 55 129 124 189 254 255 195 21 0 4 0 0 0 0 0 0 0 0 0 0 0 0 0 17 10 0 43 169 250 255 255 244 244 255 245 65 6 0 0 0 0 0 0 0 0 0 0 0 0 0 8 0 41 166 255 255 248 252 253 255 254 244 196 13 0 4 0 0 0 0 0 0 0 0 0 0 0 0 0 15 163 251 251 255 247 255 250 255 240 255 126 0 0 8 0 0 0 0 0 0 0 0 0 0 0 0 0 3 98 217 255 255 245 255 251 255 252 167 17 0 0 0 0 0 0 0 0 0 0 0 0 0 0 0 0 9 3 40 145 243 255 237 239 248 159 21 0 19 4 0 0 0 0 0 0 0 0 0 0 0 0 0 8 0 45 185 255 252 245 255 255 158 35 0 1 0 0 0 0 0 0 0 0 0 0 0 0 0 0 0 0 26 166 254 255 254 241 249 243 255 146 0 14 19 5 0 0 0 0 0 0 0 0 0 0 0 0 0 0 0 133 196 186 206 201 206 243 239 229 30 0 0 0 3 0 0 0 0 0 0 0 0 0 0 0 0 16 0 13 12 0 7 0 0 211 255 255 14 0 20 0 12 0 0 0 0 0 0 0 0 0 0 0 0 0 8 0 0 0 0 4 0 211 255 242 33 0 0 7 0 0 0 0 0 0 10 0 6 7 0 11 0 0 0 0 2 3 0 0 5 211 251 229 22 0 4 0 0 0 0 0 0 0 12 0 0 0 9 0 12 2 6 0 5 0 0 20 61 241 255 150 8 0 6 0 8 0 0 0 0 5 0 4 16 107 203 83 8 1 0 8 3 6 0 4 119 252 222 47 0 1 6 0 1 0 0 0 0 1 0 5 0 241 250 242 70 14 0 4 0 0 16 71 250 255 165 0 0 1 0 0 0 0 0 0 0 7 0 0 0 210 255 243 177 22 12 5 20 0 0 116 244 245 99 0 2 0 0 6 7 0 0 0 0 3 0 0 21 65 215 252 238 214 0 0 0 30 200 251 255 134 15 1 7 1 0 5 0 0 0 0 0 0 12 5 0 0 8 231 245 241 244 115 131 241 254 248 219 22 0 0 5 7 0 0 0 0 0 0 0 8 1 0 0 9 10 0 219 255 237 254 255 254 254 163 38 2 11 3 0 3 1 0 7 0 0 0 0 0 0 0 0 0 0 0 0 79 160 243 250 177 81 19 0 0 0 0 0 0 0 0 0 0 0 0 0 0 0 0 0 0 0 0 0 1 3 4 1 0 0 0 0 0 0 0 0 0 0 0 0 0 0 0 0 0 0 0 0 0 0 0 0 6 1 0 0 0 4 6 6 0 0 0 0 0 0 0 0 0 0 0 0 0 0 0 0 0 0 0 0 0 1 10 10 1 0 0 0 0 0 0 0 0 0 0 0 0 0 0 0
0 0 0 0 0 0 0 0 2 0 0 4 5 0 0 2 0 0 5 9 0 4 0 0 0 0 0 0 0 0 0 0 0 0 0 0 2 4 14 0 0 2 0 4 0 0 0 4 7 1 0 1 0 0 0 0 0 0 0 0 0 0 0 0 5 0 1 3 6 6 0 1 0 18 0 0 9 0 0 4 0 0 0 0 0 0 0 0 0 0 0 0 0 0 0 7 6 0 3 7 0 2 7 0 0 0 3 0 0 0 0 0 0 0 0 0 0 0 0 0 0 15 0 0 0 0 14 0 27 0 0 0 0 10 0 0 0 0 0 0 0 0 0 0 0 0 0 0 0 14 0 12 1 8 119 192 185 76 0 5 0 8 0 2 0 0 0 0 0 0 0 0 0 0 0 0 0 6 68 152 208 223 229 247 255 192 7 0 0 2 0 8 0 0 0 0 0 0 0 0 0 0 0 0 11 119 255 255 241 255 204 190 236 231 1 0 4 7 1 2 0 0 0 0 0 0 0 0 0 0 0 0 0 80 173 176 117 63 56 220 253 193 0 0 3 10 0 11 0 0 0 0 0 0 0 0 0 0 0 0 7 0 6 0 8 37 126 255 232 59 15 0 0 0 12 0 0 0 0 0 0 0 0 0 0 0 0 0 0 1 3 26 105 224 255 255 184 22 0 0 10 5 0 1 0 0 0 0 0 0 0 0 0 0 0 0 11 1 11 187 243 255 242 251 222 102 8 8 0 0 11 0 0 0 0 0 0 0 0 0 0 0 0 0 0 0 23 239 255 186 144 231 255 253 123 12 17 0 0 11 0 0 0 0 0 0 0 0 0 0 0 0 6 15 0 26 37 0 4 43 219 255 247 151 0 4 4 0 0 0 0 0 0 0 0 0 0 0 0 0 0 0 0 0 12 1 7 0 76 237 255 242 42 21 0 0 0 0 0 0 0 0 0 0 0 0 0 0 3 0 6 16 0 2 12 0 1 199 255 252 89 0 22 0 0 0 0 0 2 0 8 0 9 8 0 56 179 0 0 0 0 8 0 1 5 125 255 251 56 10 4 1 0 0 0 0 3 0 6 0 0 0 20 155 235 66 12 6 0 0 12 0 4 203 245 237 3 0 0 0 0 0 0 0 6 0 0 2 5 0 15 133 255 142 0 0 16 0 0 5 45 255 255 174 0 7 9 3 0 0 0 0 2 0 0 0 11 5 0 29 220 255 116 3 0 8 0 0 96 243 255 57 3 0 0 0 0 0 0 0 0 7 7 0 0 3 0 1 106 242 244 130 2 0 13 45 200 255 215 15 7 0 2 10 0 0 0 0 0 2 0 0 3 1 0 7 16 195 255 245 191 57 10 162 255 250 79 3 0 0 0 0 0 0 0 0 0 0 0 3 9 2 0 0 0 36 166 255 255 244 255 252 242 156 3 7 6 14 13 0 0 0 0 0 0 8 7 0 0 0 4 1 9 0 0 92 223 244 255 240 128 12 0 0 12 0 0 1 0 0 0 0 0 0 0 0 0 0 0 0 0 0 9 0 22 158 184 46 0 0 0 0 0 0 0 0 0 0 0 0 0 0 0 0 0 0 0 0 8 0 0 4 0 5 17 0 0 0 0 0 0 0 0 0 0 0 0 0 0 0 0 0 0 0 0 0 0 0 0 0 6 0 0 3 0 0 0 0 0 0 0 0 0 0 0 0 0 0 0 0 0 0 0 0 0 11 0 0 10 18 2 0 0 0 0 0 0 0 0 0 0 0 0 0
0 0 0 0 0 0 0 0 0 0 3 2 0 5 9 0 0 8 0 10 0 5 0 0 0 0 0 0 0 0 0 0 0 0 0 0 0 0 0 0 0 1 0 10 0 22 0 0 4 6 0 13 0 0 0 0 0 0 0 0 0 0 0 0 0 6 11 0 0 9 0 4 7 0 9 33 0 0 6 0 0 0 0 0 0 0 0 0 0 0 0 0 0 0 7 2 6 13 0 8 12 0 0 0 0 0 0 17 0 0 0 0 0 0 0 0 0 0 0 0 13 0 10 0 0 0 0 0 1 4 20 0 0 7 0 0 0 0 0 0 0 0 0 0 0 0 0 0 0 15 129 255 255 248 247 255 255 56 0 0 8 1 0 5 0 0 0 0 0 0 0 0 0 0 0 0 12 183 250 239 242 255 255 235 255 246 164 3 0 6 0 3 0 0 0 0 0 0 0 0 0 0 0 0 59 228 255 255 250 188 202 243 253 255 227 62 0 10 6 0 0 0 0 0 0 0 0 0 0 0 0 0 90 255 216 74 45 0 4 56 116 248 255 119 0 7 0 4 0 0 0 0 0 0 0 0 0 0 0 0 20 92 26 0 11 10 0 1 43 239 255 118 5 0 14 0 0 0 0 0 0 0 0 0 0 0 0 0 0 22 0 0 0 0 10 30 231 255 223 0 0 4 20 0 0 0 0 0 0 0 0 0 0 0 0 0 5 3 0 5 95 130 220 249 252 240 170 16 0 0 0 8 0 0 0 0 0 0 0 0 0 0 0 0 1 3 13 87 241 237 254 248 255 242 11 2 0 8 3 6 0 0 0 0 0 0 0 0 0 0 0 0 0 1 1 126 255 255 244 255 253 255 101 11 1 0 0 0 0 0 0 0 0 0 0 0 0 0 0 0 7 3 6 118 239 204 180 188 244 255 228 0 14 0 1 10 0 0 0 0 0 0 0 0 0 0 0 0 0 0 2 5 61 0 9 7 192 255 219 3 0 0 0 0 0 0 0 0 0 4 1 0 3 0 0 5 0 0 5 0 9 0 4 1 119 247 251 113 2 10 0 3 0 0 0 0 0 3 0 0 7 7 1 2 0 11 4 0 0 14 0 6 108 255 251 107 2 0 0 0 0 0 0 0 0 5 0 0 1 2 0 0 0 79 0 14 4 0 0 0 128 239 218 22 0 0 0 3 0 0 0 0 2 3 0 0 0 0 0 18 165 241 34 0 0 8 27 0 222 254 233 0 5 3 0 0 0 0 0 0 0 0 0 8 5 0 15 64 255 245 117 35 7 0 0 85 254 255 201 2 12 0 0 0 0 0 0 0 1 0 0 9 4 0 12 64 250 253 228 212 170 82 103 242 242 213 72 12 0 0 11 0 0 0 0 0 2 2 0 1 2 0 0 23 171 255 255 255 247 234 255 251 255 131 0 4 0 2 2 0 0 0 0 0 0 3 0 0 7 10 1 0 13 141 238 255 246 255 255 248 212 17 0 0 4 9 0 9 0 0 0 0 0 0 0 0 0 0 0 0 0 6 64 161 234 224 145 71 9 6 2 0 0 0 0 1 0 0 0 0 0 0 0 0 0 0 0 0 2 0 0 3 7 4 1 1 7 5 1 0 0 0 0 1 0 0 0 0 0 0 0 0 0 0 0 0 1 0 1 1 0 0 0 0 3 2 1 0 0 0 0 0 0 0 0 0 0 0 0 0 0 0 0 0 0 0 0 0 9 9 1 0 0 0 0 1 1 1 0 0 0 0 0 0
0 0 0 0 0 0 0 0 0 12 0 0 5 0 0 9 4 6 2 0 5 15 0 0 0 0 0 0 0 0 0 0 0 0 0 0 0 6 5 6 7 1 0 0 0 0 0 0 1 1 0 10 0 0 0 0 0 0 0 0 0 0 0 0 8 0 0 0 0 0 2 0 13 12 2 3 0 0 0 0 0 0 0 0 0 0 0 0 0 0 0 0 0 3 13 7 1 0 0 3 0 0 0 0 5 3 9 0 0 0 0 0 0 0 0 0 0 0 0 0 0 0 0 0 13 12 0 12 0 6 9 5 0 0 0 6 0 0 0 0 0 0 0 0 0 0 0 0 7 12 16 0 0 12 40 121 130 175 225 222 176 82 0 0 0 0 0 0 0 0 0 0 0 0 0 0 7 0 8 58 130 215 243 255 255 242 253 254 246 144 3 12 0 0 0 0 0 0 0 0 0 0 0 0 1 29 188 255 241 255 255 253 162 84 98 173 255 192 3 0 0 0 0 0 0 6 11 0 0 0 16 0 0 15 174 218 137 114 188 231 17 5 3 144 249 156 0 3 0 0 0 0 8 0 0 0 11 0 3 0 2 0 14 0 9 0 5 42 0 4 112 254 248 113 3 0 0 0 0 0 1 0 3 0 15 10 0 0 2 0 12 0 3 9 6 0 27 193 245 255 156 0 0 19 0 0 0 0 1 1 3 0 0 0 0 9 0 0 0 5 0 0 27 128 229 255 237 112 10 1 0 0 0 0 0 0 0 0 0 12 10 1 0 6 0 12 16 0 19 128 231 235 247 255 108 18 0 10 0 2 0 0 0 0 0 3 0 0 0 5 14 0 0 3 0 29 248 255 251 255 255 244 255 187 14 1 0 0 0 0 0 0 5 9 0 26 0 0 20 0 10 5 0 42 188 180 151 100 90 158 246 248 134 0 8 1 0 0 0 0 0 0 50 201 128 0 0 1 0 15 0 6 0 3 0 0 0 11 142 249 240 27 0 2 0 0 0 0 4 2 163 255 252 0 6 0 0 0 0 0 1 0 0 0 1 0 9 195 255 138 0 3 0 0 0 0 6 0 242 247 248 88 4 6 0 8 0 0 12 4 0 9 1 0 3 207 234 177 0 0 0 0 0 0 0 9 113 250 255 217 3 3 11 0 0 0 0 0 11 0 0 6 0 233 253 161 4 8 0 0 0 0 3 0 11 179 255 253 136 1 0 14 4 0 18 9 0 0 0 23 118 255 255 146 0 12 0 0 0 0 0 12 13 13 190 254 250 205 168 97 52 17 0 28 84 76 138 233 253 254 187 50 13 0 0 0 0 0 0 19 0 4 7 142 198 233 255 255 250 243 254 255 245 233 255 255 207 106 33 10 0 7 0 0 0 0 0 19 0 5 3 0 5 38 105 117 185 234 225 227 209 147 114 97 13 5 0 0 0 0 0 0 0 0 8 0 8 0 9 0 0 0 0 0 5 2 0 0 10 0 1 9 1 0 2 1 6 0 0 0 0 0 0 0 0 0 0 0 0 0 0 0 0 0 0 0 0 0 0 0 0 0 0 0 0 0 0 0 0 0 0 0 0 0 0 0 0 0 0 0 0 0 0 0 0 0 0 0 0 0 0 0 0 0 0 0 0 0 0 0 0 0 0 0 0 0 0 0 0 0 0 0 0 0 0 0 0 0 0 0 0 0 0 0 0 0 0 0 0 0 0 0 0 0 0 0 0 0 0 0 0 0 0 0 0 0 0 0 0 0 0 0 0 0
0 1 0 0 1 9 6 0 0 2 0 1 2 0 2 0 0 0 0 0 0 4 3 0 0 0 0 0 4 4 3 0 0 0 0 2 0 4 1 8 3 0 6 5 4 3 3 2 0 0 2 9 0 0 0 0 2 0 0 2 8 7 4 5 0 6 0 0 0 0 4 2 0 0 0 0 2 0 0 4 0 0 0 0 3 0 0 0 0 0 0 0 1 5 0 0 2 0 2 0 0 7 0 0 1 4 0 0 0 0 0 0 0 7 11 0 0 0 6 8 0 2 0 5 7 5 13 3 2 11 4 0 0 6 6 0 0 0 0 0 0 0 2 1 2 3 0 0 14 79 137 175 168 132 103 71 0 0 0 5 0 3 7 0 0 0 0 0 8 0 0 0 0 0 8 34 206 241 255 255 255 250 255 248 81 9 0 10 2 0 3 0 0 0 0 0 0 0 3 8 0 16 121 238 252 255 247 244 246 250 255 242 241 80 0 1 0 0 7 0 0 0 0 0 3 6 5 0 0 209 251 247 250 255 255 245 252 251 251 245 253 195 18 0 9 0 0 9 0 0 0 0 1 0 2 10 13 238 249 255 255 245 240 216 185 107 223 255 246 254 55 0 11 0 0 0 0 0 0 0 6 0 11 6 0 237 251 255 235 195 76 12 1 29 145 232 254 249 46 4 0 0 18 8 0 0 0 0 0 0 12 0 0 232 255 227 110 25 0 2 38 206 255 255 255 234 44 7 0 0 0 0 0 0 0 0 0 1 0 0 12 147 177 82 13 0 13 101 215 255 243 248 246 178 15 0 0 19 0 9 0 0 0 0 0 0 0 0 0 14 48 0 2 0 30 222 241 238 255 250 253 82 6 14 0 7 0 9 0 0 0 0 0 0 3 10 0 0 15 15 0 33 26 252 252 246 249 248 151 7 0 12 0 0 8 0 0 0 0 0 10 0 0 3 1 10 0 0 4 0 40 251 255 244 255 255 255 248 122 0 4 3 2 2 0 0 0 0 0 0 0 0 0 0 0 0 0 0 28 212 253 254 255 247 244 255 250 136 35 0 11 0 0 0 0 0 0 0 0 0 0 0 0 0 4 0 0 114 212 246 255 255 255 234 248 255 189 16 0 10 0 0 0 0 0 0 0 0 0 0 0 0 0 9 0 0 22 34 100 193 252 251 250 255 224 87 10 0 0 0 0 0 0 0 0 0 0 0 0 0 1 0 3 0 16 6 0 37 236 255 249 255 245 195 48 0 0 0 0 0 0 0 0 0 0 0 0 0 0 0 8 0 1 71 111 171 234 255 252 249 254 255 74 8 0 0 0 0 0 0 0 0 0 0 0 0 9 3 0 10 94 229 255 255 255 251 255 250 244 229 42 5 0 0 0 0 0 0 0 0 0 0 0 0 0 0 0 23 168 255 255 241 255 234 249 252 225 95 0 3 0 0 0 0 0 0 0 0 0 0 0 0 1 2 11 69 243 255 247 255 244 255 242 135 98 0 5 0 0 0 0 0 0 0 0 0 0 0 0 0 4 0 6 0 73 136 235 255 196 91 0 0 5 1 0 3 0 0 0 0 0 0 0 0 0 0 0 0 0 0 11 0 2 0 0 0 8 0 0 7 8 0 0 2 0 0 0 0 0 0 0 0 0 0 0 0 0 0 0 0 0 6 12 9 0 2 3 0 0 0 1 4 0 0 0 0 0 0 0 0 0 0 0 0 3 9 0 2 0 1 0 0 4 4 0 0 0 7 3 0 0 0 0 0
0 0 0 0 0 0 0 0 10 0 19 0 0 6 0 1 2 0 0 4 0 0 6 0 0 0 0 0 0 0 0 0 0 0 0 0 0 33 0 0 6 7 7 7 0 0 0 0 0 0 4 3 0 0 0 0 0 0 0 0 0 0 0 0 0 2 0 3 0 4 0 9 0 8 6 0 2 0 0 3 0 0 0 0 0 0 0 0 0 0 0 0 16 0 0 10 0 7 9 0 0 3 5 0 3 3 0 3 0 0 0 0 0 0 0 0 0 0 0 0 0 111 255 246 142 144 46 9 3 0 0 0 2 7 0 5 0 0 0 0 0 0 0 0 0 0 0 0 10 236 232 255 251 255 250 174 47 0 0 1 2 8 0 0 0 0 0 0 0 0 0 0 0 0 0 0 0 226 255 217 224 217 255 241 98 6 3 7 0 6 0 0 0 0 0 0 0 0 0 0 0 0 0 0 1 207 249 32 0 0 227 255 112 0 0 1 0 5 0 4 0 0 0 0 0 0 0 0 0 0 0 0 0 37 244 136 0 9 70 250 108 0 0 6 5 0 2 0 0 0 0 0 0 0 0 0 0 0 0 0 11 0 186 122 18 0 172 255 76 0 29 0 2 0 11 1 0 0 0 0 0 0 0 0 0 0 0 0 0 18 34 116 34 133 255 249 15 19 0 10 14 0 0 0 0 0 0 0 0 0 0 0 0 0 0 0 0 14 0 93 255 239 255 252 182 32 0 10 0 0 13 0 0 0 0 0 0 0 0 0 0 0 0 0 12 0 42 231 247 255 248 253 255 213 17 4 0 0 0 4 0 0 0 0 0 0 0 0 0 0 0 0 2 6 130 252 250 215 118 106 225 232 185 0 3 2 12 0 0 0 0 0 0 0 0 0 0 0 0 0 0 15 175 252 166 40 0 0 117 255 242 97 2 0 0 6 0 0 0 0 0 0 0 0 0 0 0 0 3 0 0 14 0 1 13 0 0 127 255 220 4 4 0 0 0 0 0 0 0 0 0 0 0 0 0 0 3 0 0 2 0 5 15 0 0 36 140 255 61 0 0 1 0 0 0 0 0 0 0 0 0 0 0 0 0 15 0 0 10 18 0 26 0 12 125 249 189 0 12 4 0 0 0 0 0 0 0 0 0 0 0 0 0 0 0 14 0 0 1 0 0 0 38 255 194 0 0 0 0 0 0 0 0 0 0 0 0 0 0 0 9 0 201 99 3 12 6 5 3 7 77 255 160 4 17 19 0 0 0 0 0 0 0 0 0 0 0 0 8 85 255 67 0 0 0 34 89 195 255 254 62 10 4 0 0 0 0 0 0 0 0 0 0 0 0 0 0 174 255 232 225 219 236 216 242 255 237 167 22 0 0 32 0 0 0 0 0 0 0 0 0 0 0 0 2 80 228 255 237 246 255 255 255 229 175 0 0 0 15 0 0 0 0 0 0 0 0 0 0 0 0 0 0 0 132 239 255 214 250 211 131 29 0 4 5 0 0 2 0 0 0 0 0 0 0 0 0 0 0 0 0 0 0 0 0 0 0 0 0 0 0 0 0 0 0 0 0 0 0 0 0 0 0 0 0 0 0 0 0 0 0 0 0 0 0 0 0 0 0 0 0 0 0 0 0 0 0 0 0 0 0 0 0 0 0 0 0 0 0 0 0 0 0 0 0 0 0 0 0 0 0 0 0 0 0 0 0 0 0 0 0 0 0 0 0 0 0 0 0 0 0 0 0 0 0 0 0 0 0 0 0 0 0 0
0 0 0 0 0 0 0 0 0 0 0 2 9 0 11 0 0 0 6 0 11 0 7 0 0 0 0 0 0 0 0 0 0 0 0 0 0 13 22 2 1 0 0 8 12 9 0 0 0 0 6 7 0 0 0 0 0 0 0 0 0 0 0 0 0 0 0 0 11 12 0 0 0 0 0 2 8 4 0 0 0 0 0 0 0 0 0 0 0 0 0 0 9 3 11 0 1 0 0 0 10 3 8 0 0 0 0 4 0 0 0 0 0 0 0 0 0 0 0 0 9 0 0 6 0 0 3 6 0 0 11 0 9 3 4 0 0 0 0 0 0 0 0 0 0 0 0 0 196 185 185 237 249 255 255 246 255 194 161 58 0 0 10 6 0 0 0 0 0 0 0 0 0 0 0 0 197 255 225 240 232 221 243 255 255 246 255 174 11 0 0 0 0 0 0 0 0 0 0 0 0 0 0 0 64 136 24 0 2 1 30 60 51 137 253 231 14 6 0 6 0 0 0 0 0 0 0 0 0 0 0 0 0 35 4 0 0 13 0 4 0 143 255 242 49 0 0 4 0 0 0 0 0 0 0 0 0 0 0 0 3 7 0 15 0 0 7 0 7 182 253 217 0 7 8 0 0 0 0 0 0 0 0 0 0 0 0 0 0 9 2 0 0 2 0 10 118 242 255 104 0 3 2 9 0 0 0 0 0 0 0 0 0 0 0 0 16 0 8 6 0 9 0 27 209 252 174 9 6 2 0 1 0 0 0 0 0 0 0 0 0 0 0 0 0 5 12 0 9 0 17 178 255 207 18 0 13 0 2 0 0 0 0 0 0 0 0 0 0 0 0 0 0 6 0 0 0 30 177 255 222 53 0 6 0 0 0 10 0 0 0 0 0 0 0 0 0 0 0 0 0 5 21 30 106 183 247 253 143 0 13 3 2 4 0 6 0 0 0 0 0 0 0 0 0 0 0 0 3 0 203 254 240 255 246 255 244 164 0 0 0 3 10 0 0 0 0 0 5 0 13 0 0 0 8 0 5 0 163 255 241 172 163 210 245 255 184 9 7 0 0 1 0 0 0 0 0 2 6 0 22 0 1 4 0 7 9 8 12 8 0 0 90 222 253 125 0 7 0 0 0 0 0 0 0 0 6 0 3 0 7 0 0 7 0 11 3 1 0 16 0 162 255 209 0 1 0 7 0 0 0 0 4 0 1 0 0 15 0 5 0 3 0 4 0 2 0 0 0 135 240 209 5 3 0 0 0 0 0 0 0 9 0 0 21 0 31 101 8 0 10 0 10 0 0 52 155 238 255 136 0 1 10 0 0 0 0 0 0 6 7 0 5 6 222 238 217 11 2 0 0 51 177 239 255 251 180 37 0 0 4 6 0 0 0 0 0 0 8 2 0 15 234 255 231 156 58 36 161 255 243 240 129 84 30 0 5 4 0 2 0 0 0 0 4 7 0 4 14 0 18 191 255 255 231 252 252 236 137 27 0 10 0 1 0 16 0 10 0 0 0 0 0 0 0 0 0 0 0 0 84 184 255 253 140 32 0 8 0 0 0 0 0 0 0 0 0 0 0 0 0 0 0 0 0 0 0 0 10 3 0 0 0 0 0 0 0 0 0 0 0 0 0 0 0 0 0 0 0 0 0 0 0 0 0 0 0 0 0 1 4 7 6 5 0 0 0 0 0 0 0 0 0 0 0 0 0 0 0 0 0 0 0 0 0 0 5 6 2 0 0 0 0 0 0 0 0 0 0 0 0 0 0 0
0 0 0 0 0 0 0 0 4 2 0 3 6 0 6 3 4 0 0 12 0 0 13 0 0 0 0 0 0 0 0 0 0 0 0 0 5 0 4 0 1 4 10 0 0 6 3 5 0 0 3 0 0 0 0 0 0 0 0 0 0 0 0 0 0 0 10 6 0 0 5 0 0 0 6 0 2 1 0 4 0 0 0 0 0 0 0 0 0 0 0 0 0 14 0 7 0 7 22 0 21 0 0 0 5 2 0 2 0 0 0 0 0 0 0 0 0 0 0 0 0 0 7 227 255 255 244 241 124 28 0 4 1 0 2 0 0 0 0 0 0 0 0 0 0 0 0 0 9 5 14 206 155 56 95 237 236 113 1 11 0 0 4 0 0 0 0 0 0 0 0 0 0 0 0 0 0 6 0 34 19 4 7 72 255 182 4 4 0 2 0 3 0 0 0 0 0 0 0 0 0 0 0 0 2 0 6 0 10 8 0 57 245 208 0 0 3 8 0 6 0 0 0 0 0 0 0 0 0 0 0 0 2 1 0 0 7 0 0 57 251 201 0 0 6 1 0 10 0 0 0 0 0 0 0 0 0 0 0 0 0 0 2 8 5 0 7 51 255 173 0 22 0 0 8 0 0 0 0 0 0 0 0 0 0 0 0 0 3 5 6 0 0 2 0 43 255 185 2 1 0 1 11 0 0 0 0 0 0 0 0 0 0 0 0 0 0 0 0 0 7 0 18 138 254 158 19 0 2 9 0 0 0 0 0 0 0 0 0 0 0 0 0 0 0 4 12 20 39 20 75 250 235 44 0 0 1 0 0 0 0 0 0 0 0 0 0 0 0 0 0 0 23 86 183 242 248 255 255 241 243 96 52 0 0 2 0 2 0 0 0 0 0 0 0 0 0 0 0 0 137 249 149 103 239 255 239 255 240 255 201 67 3 8 0 0 0 0 0 0 0 0 0 0 0 0 0 0 231 250 217 253 255 186 117 34 133 250 255 165 0 0 12 0 0 0 0 0 0 0 0 0 0 0 0 0 100 187 195 119 73 3 0 6 0 236 238 145 3 0 17 0 0 0 0 0 0 0 0 0 0 0 0 0 0 0 7 0 8 0 1 0 53 244 255 77 5 0 7 0 0 0 0 0 0 0 0 0 0 0 0 0 6 2 0 0 1 2 0 4 155 248 200 8 2 0 6 0 0 0 0 0 0 0 0 0 0 0 0 0 0 4 6 0 18 0 0 65 255 228 66 0 0 0 8 4 0 0 0 0 0 0 0 0 0 0 0 0 0 0 0 1 0 0 94 240 255 147 0 9 0 0 1 0 0 0 0 0 0 0 0 0 0 0 0 0 7 0 0 11 8 106 230 255 144 29 0 4 1 8 0 0 0 0 0 0 0 0 0 0 0 0 0 0 0 77 79 131 192 255 239 116 29 0 6 0 1 4 0 1 0 0 0 0 0 0 0 0 0 0 0 0 44 239 245 255 242 142 46 0 0 10 0 5 2 0 2 3 0 0 0 0 0 0 0 0 0 0 0 0 0 0 0 0 0 0 0 0 0 0 0 0 0 0 0 0 0 0 0 0 0 0 0 0 0 0 0 0 0 0 0 0 0 0 0 0 0 0 0 0 0 0 0 0 0 0 0 0 0 0 0 0 0 0 0 0 0 0 0 0 0 0 0 0 0 0 0 0 0 0 0 0 0 0 0 0 0 0 0 0 0 0 0 0 0 0 0 0 0 0 0 0 0 0 0 0 0 0 0 0 0 0 0 0
0 0 0 0 0 0 0 0 0 21 0 10 0 3 8 1 0 11 0 3 5 0 0 0 0 0 0 0 0 0 0 0 0 0 0 0 10 0 10 5 12 11 0 0 0 9 2 0 1 0 15 0 0 0 0 0 0 0 0 0 0 0 0 0 0 9 0 0 0 0 13 12 13 0 0 9 14 0 2 4 0 0 0 0 0 0 0 0 0 0 0 0 2 144 188 165 94 72 31 0 0 0 3 0 0 3 12 0 0 0 0 0 0 0 0 0 0 0 0 0 19 226 254 255 246 234 248 162 23 16 7 4 0 0 0 8 0 0 0 0 0 0 0 0 0 0 0 0 1 115 255 230 255 255 235 249 238 110 2 0 22 18 0 0 0 0 0 0 0 0 0 0 0 0 0 0 0 0 66 101 232 255 245 255 255 250 175 4 0 0 1 10 0 0 0 0 0 0 0 0 0 0 0 0 0 0 6 3 18 8 9 98 210 255 240 24 13 0 9 0 0 0 0 0 0 0 0 0 0 0 0 0 17 0 2 15 0 7 0 10 129 244 252 0 0 5 10 0 0 0 0 0 0 0 0 0 0 0 0 0 0 0 5 0 4 0 10 80 243 255 220 14 0 0 0 8 0 0 0 0 0 0 0 0 0 0 0 0 11 13 0 0 17 0 82 212 254 246 196 0 10 16 0 5 0 0 0 0 0 0 0 0 0 0 0 0 3 0 0 24 33 112 255 248 254 202 2 12 0 4 0 0 0 0 0 0 0 0 0 0 0 0 0 0 4 1 4 151 244 240 249 255 155 0 7 8 0 0 17 1 0 0 0 0 0 0 0 0 0 0 0 0 0 0 86 255 255 255 255 174 9 0 0 0 10 9 0 20 0 0 0 0 0 0 0 0 0 0 0 0 7 5 82 220 250 238 255 255 197 16 8 0 2 0 0 0 0 0 0 0 0 0 0 0 0 0 0 0 0 3 7 41 154 208 244 246 249 224 11 1 5 2 0 9 0 0 0 0 0 12 0 10 0 4 6 0 4 0 2 0 8 5 24 33 197 255 204 7 15 0 8 0 0 0 0 0 6 0 0 0 16 0 0 10 0 0 0 10 5 2 1 12 103 247 249 161 0 8 0 5 0 0 0 0 0 0 19 0 0 11 0 0 0 2 12 0 0 0 6 0 0 151 255 240 14 6 9 0 0 0 0 0 10 0 0 22 0 0 0 10 0 5 7 0 0 8 8 1 42 87 240 255 83 0 4 12 0 0 0 0 3 5 0 0 10 141 252 214 169 165 140 188 174 215 217 255 248 232 255 249 84 19 4 0 0 0 0 0 2 3 9 13 0 31 227 255 246 255 255 240 255 255 255 234 247 253 222 147 6 0 1 8 0 0 0 0 0 4 0 0 1 17 78 24 124 162 246 183 253 210 218 131 125 35 0 4 14 0 0 1 0 0 0 0 1 6 0 9 0 0 0 12 5 0 1 0 7 0 2 0 2 0 0 5 0 3 5 0 0 0 0 0 0 0 0 0 0 0 0 0 0 0 0 0 0 0 0 0 0 0 0 0 0 0 0 0 0 0 0 0 0 0 0 0 0 0 0 0 0 0 0 0 0 0 0 0 0 0 0 0 0 0 0 0 0 0 0 0 0 0 0 0 0 0 0 0 0 0 0 0 0 0 0 0 0 0 0 0 0 0 0 0 0 0 0 0 0 0 0 0 0 0 0 0 0 0 0 0 0 0 0 0 0 0 0 0 0 0 0 0 0 0 0 0
1 4 4 0 0 0 0 0 2 0 0 0 5 1 0 2 1 0 0 0 0 0 1 10 0 0 0 0 0 0 0 0 0 0 1 1 0 0 14 9 0 2 11 0 4 2 2 4 5 1 0 0 0 0 0 0 0 0 0 0 0 1 0 0 0 6 0 0 0 3 2 3 0 0 0 0 1 3 0 0 0 0 0 0 4 0 0 0 1 0 0 0 0 2 0 7 14 0 0 8 0 0 0 0 0 1 3 0 0 0 0 0 5 0 0 0 1 0 0 2 24 0 0 12 0 0 17 0 1 6 7 2 0 0 0 0 0 0 0 0 1 0 0 1 1 0 5 15 81 208 255 255 250 153 30 0 0 0 0 5 4 0 0 1 0 0 0 0 0 0 0 2 0 0 8 25 255 237 252 255 241 255 236 128 10 0 0 1 5 0 0 4 0 0 0 0 4 0 1 3 0 0 7 27 220 255 255 246 255 255 245 244 55 20 0 0 4 0 0 3 0 0 0 0 0 0 0 0 0 0 0 0 168 248 196 113 78 63 231 255 194 0 3 0 6 5 0 7 0 4 3 0 0 0 0 0 0 0 0 0 9 20 21 41 116 151 246 245 205 33 0 0 0 0 21 0 0 49 0 0 0 0 0 0 0 0 0 0 0 62 198 241 255 243 255 255 254 94 8 5 0 10 0 2 16 128 7 0 0 0 0 0 0 0 0 0 17 110 255 255 255 252 255 243 255 239 61 11 3 0 0 3 18 175 8 0 0 0 0 0 0 0 0 0 0 114 231 240 238 255 240 141 200 255 246 23 3 0 0 0 0 156 0 0 0 0 0 0 0 0 0 0 0 6 80 178 158 53 22 17 35 187 237 204 20 0 11 0 0 108 0 0 0 0 0 0 0 0 0 0 0 5 0 0 0 0 4 0 0 10 178 232 128 0 8 1 1 53 5 2 0 0 0 0 0 0 0 0 1 0 0 1 5 5 0 7 9 0 19 226 129 3 0 0 0 4 2 0 0 0 1 1 1 0 0 0 0 7 4 2 1 0 7 0 2 1 0 183 230 0 0 5 0 0 0 0 0 0 0 0 0 0 0 1 13 0 0 3 1 0 4 17 0 7 0 219 223 65 20 0 0 0 0 0 0 0 0 0 0 0 2 3 0 0 12 14 0 0 0 0 10 0 8 96 255 72 0 12 0 0 0 0 0 0 0 0 0 0 3 5 12 0 0 0 0 15 2 2 4 3 0 219 241 81 0 0 0 0 0 0 0 0 0 0 0 0 3 5 188 96 1 0 4 11 0 0 10 2 130 245 232 53 2 11 0 0 0 0 0 0 0 0 0 0 2 3 192 244 197 153 80 53 66 128 170 247 255 250 158 0 0 3 0 0 0 0 0 0 0 0 0 0 0 1 77 253 255 254 243 255 254 253 241 246 255 161 28 4 4 0 0 0 0 0 0 0 1 1 1 0 0 0 0 223 241 255 255 255 251 252 255 255 198 23 0 8 0 7 0 0 0 0 0 0 0 0 0 0 0 0 4 82 183 248 255 252 246 248 153 99 32 0 0 5 4 0 0 0 0 0 0 0 0 0 0 0 0 0 0 0 4 4 0 0 5 11 4 0 0 0 0 3 3 1 0 0 0 0 0 0 0 0 0 0 0 0 8 3 0 0 0 0 0 0 0 0 5 7 2 0 0 0 0 0 0 0 0 0 0 0 0 0 0 0 0 0 3 5 5 6 7 8 9 4 0 0 0 0 1 2 0 0 0 0
3 0 1 5 0 0 0 0 0 13 0 0 7 1 6 6 3 0 1 0 4 5 0 7 0 0 0 0 0 0 3 5 0 0 4 3 0 0 5 6 0 0 0 0 0 0 11 4 0 2 6 0 0 0 0 0 1 2 2 0 0 0 1 2 18 0 3 0 0 12 10 16 0 0 2 6 0 0 17 0 0 0 0 0 5 4 0 0 2 2 0 0 0 1 14 4 0 3 0 0 7 0 0 8 2 0 8 0 0 0 0 0 1 0 0 0 12 3 0 0 0 19 0 1 10 0 1 6 0 6 3 6 9 0 0 3 0 0 0 0 0 2 0 0 7 0 0 24 115 233 205 162 176 195 158 8 0 0 8 0 0 5 0 7 0 0 0 0 0 5 0 0 0 0 43 136 254 255 247 255 250 239 255 217 98 0 0 0 0 11 0 4 0 0 0 0 0 4 0 0 0 18 125 255 255 247 255 210 96 111 225 253 249 25 0 11 0 13 0 0 0 0 0 0 0 7 1 0 1 10 161 255 244 196 92 8 15 0 21 193 255 119 0 4 0 3 5 0 0 0 0 0 0 5 0 0 5 0 68 106 71 2 3 0 0 0 0 169 244 94 7 15 0 0 0 0 0 0 0 0 0 2 0 2 10 0 7 0 11 0 0 13 2 0 5 236 255 83 0 0 0 12 15 2 0 0 0 0 0 4 0 1 3 0 7 0 0 15 0 5 0 0 71 234 255 55 6 14 14 0 0 7 0 0 0 0 0 8 0 0 0 0 6 4 17 0 0 0 13 99 239 253 145 9 0 0 0 6 3 0 0 0 0 0 0 4 0 0 0 4 0 0 0 30 117 111 172 241 255 215 17 0 22 1 0 6 7 0 0 0 0 0 0 0 0 5 0 11 0 0 92 220 255 232 255 255 241 255 210 113 21 0 0 2 0 2 0 0 0 0 1 4 0 5 0 3 0 8 66 203 190 156 117 50 92 139 193 255 218 106 0 0 5 2 0 0 0 0 0 9 0 0 6 0 0 5 0 2 4 0 14 1 7 0 0 35 202 251 167 0 8 0 0 0 0 0 0 0 0 14 2 0 0 0 1 4 1 0 1 0 1 9 0 1 29 246 246 76 0 13 0 0 0 0 15 0 0 4 0 1 20 11 0 0 0 0 0 0 0 0 2 0 0 84 255 206 1 0 0 0 0 0 0 0 7 1 0 2 0 0 0 0 10 3 8 7 3 0 0 5 5 31 255 186 15 0 0 0 0 0 0 3 7 0 2 0 0 46 24 0 0 0 3 0 1 5 9 0 14 69 235 205 1 2 0 0 0 0 2 0 0 0 3 0 26 156 141 46 24 0 3 0 0 3 0 3 19 236 255 81 1 7 0 0 0 0 0 0 5 1 7 0 0 81 255 228 189 100 1 12 0 0 20 103 232 255 172 11 0 0 0 0 0 0 11 0 8 0 0 13 0 7 50 169 226 148 7 116 172 227 242 242 255 150 21 0 11 0 0 0 0 0 0 0 0 0 0 0 0 0 1 0 11 4 15 130 243 255 254 167 59 0 0 7 6 0 0 0 0 0 0 0 0 0 0 0 0 0 4 0 13 4 0 0 11 0 8 8 7 4 0 0 0 0 0 0 0 0 0 0 0 0 0 0 0 0 2 0 0 5 2 6 13 8 0 0 0 0 0 0 1 7 0 0 0 0 0 0 0 0 0 0 0 0 6 0 0 1 4 0 0 0 18 8 0 0 6 8 2 0 0 0 0 0
0 0 0 0 0 0 0 0 9 0 0 10 0 12 0 1 0 9 0 0 3 0 3 2 0 0 0 0 0 0 0 0 0 0 0 0 0 0 5 0 2 0 3 2 0 1 1 0 4 0 2 0 0 0 0 0 0 0 0 0 0 0 0 0 8 15 5 0 3 0 0 0 5 0 5 0 1 0 4 0 0 0 0 0 0 0 0 0 0 0 0 0 1 8 0 4 0 7 0 12 5 0 14 0 1 0 2 1 0 0 0 0 0 0 0 0 0 0 0 0 0 11 10 13 0 0 0 0 0 0 11 4 5 0 0 0 0 0 0 0 0 0 0 0 0 0 0 0 9 6 164 251 231 42 0 15 10 12 0 0 5 0 0 4 0 0 0 0 0 0 0 0 0 0 0 0 0 44 254 249 246 162 150 120 118 103 0 0 3 0 1 6 0 0 0 0 0 0 0 0 0 0 0 0 2 36 240 253 255 244 255 255 255 217 20 1 4 2 0 1 0 0 0 0 0 0 0 0 0 0 0 0 7 10 136 244 255 243 255 254 244 245 61 2 0 18 0 4 0 0 0 0 0 0 0 0 0 0 0 0 0 7 7 69 131 230 238 254 255 250 68 0 7 0 1 0 0 0 0 0 0 0 0 0 0 0 0 0 6 0 14 0 0 0 146 255 247 175 0 4 0 0 12 0 0 0 0 0 0 0 0 0 0 0 0 0 9 0 0 0 20 117 226 255 245 189 22 4 0 7 0 0 0 0 0 0 0 0 0 0 0 0 0 0 0 22 0 13 138 230 255 251 243 255 183 9 18 0 0 5 0 0 0 0 0 0 0 0 0 0 0 0 22 0 1 80 255 237 255 249 255 250 255 102 9 0 6 6 0 0 0 0 0 0 0 0 0 0 0 0 0 0 12 146 246 250 255 255 250 244 255 175 0 4 6 0 0 0 0 0 0 0 0 0 0 0 0 0 3 2 0 45 182 100 67 52 126 253 251 112 0 0 0 0 0 0 0 0 2 1 0 0 0 1 1 0 2 7 3 1 0 0 0 13 22 203 255 17 0 13 0 1 0 0 0 0 2 1 0 0 0 0 0 0 0 0 0 0 14 13 0 0 0 228 250 44 0 0 1 6 0 0 0 0 2 1 1 1 0 0 0 0 4 19 16 0 0 0 0 13 0 212 237 41 4 1 1 0 0 0 0 0 2 1 1 3 2 0 0 1 0 0 0 0 7 0 0 7 121 246 255 16 4 0 0 4 0 0 0 0 2 0 1 4 2 0 0 5 10 3 0 4 3 0 2 35 221 255 247 21 6 0 1 9 0 0 0 0 2 0 0 4 1 0 1 11 98 103 105 106 103 108 157 224 255 238 118 17 2 0 11 0 0 0 0 0 2 0 0 3 0 0 3 16 252 255 251 252 255 253 247 253 255 162 19 0 0 0 12 0 0 0 0 0 2 0 0 2 0 0 4 19 211 244 255 251 252 255 252 252 115 9 0 3 10 0 0 4 0 0 0 0 0 0 0 0 0 0 0 0 25 110 228 245 170 130 91 14 0 0 0 0 0 0 0 0 0 0 0 0 0 0 0 0 0 0 0 0 2 0 8 5 0 5 16 0 0 0 0 0 0 0 0 0 0 0 0 0 0 0 0 0 0 0 0 0 13 0 0 0 0 2 10 5 0 0 0 0 0 0 0 0 0 0 0 0 0 0 0 0 0 0 0 0 0 1 7 10 2 0 0 1 0 0 0 0 0 0 0 0 0 0 0 0
0 6 0 0 0 0 0 3 3 0 1 0 2 7 0 0 0 5 0 0 9 0 12 0 0 0 0 0 3 0 0 1 13 15 9 0 0 2 6 0 3 7 2 5 5 0 2 9 0 0 0 7 0 0 0 0 9 1 0 0 0 0 0 0 3 4 0 0 0 0 0 0 7 0 1 0 0 10 0 5 0 0 0 0 0 0 10 6 0 0 6 10 3 0 0 5 8 0 5 0 1 0 22 0 3 1 3 0 0 0 0 0 2 0 5 9 8 7 0 0 0 6 9 2 0 0 5 0 1 8 0 0 7 0 3 0 0 0 0 0 7 0 6 0 0 0 0 35 112 165 246 255 249 255 244 205 136 113 1 0 0 3 0 4 0 0 0 0 0 0 10 0 0 0 20 126 234 190 217 199 180 204 197 210 250 251 135 1 7 5 0 0 0 0 0 0 0 0 3 0 8 0 0 99 136 0 0 0 0 3 0 46 148 249 249 0 7 0 10 2 0 0 0 0 0 0 0 0 0 0 0 0 0 0 0 15 0 0 9 0 56 255 249 5 0 11 0 0 0 0 0 0 0 0 0 0 0 0 0 0 2 14 0 3 0 6 8 0 116 254 178 0 5 0 0 10 0 0 0 0 0 0 0 0 0 0 0 0 0 0 18 31 9 0 0 130 255 231 45 0 9 0 0 1 0 0 0 0 0 0 0 0 0 0 0 0 38 213 223 221 191 159 208 255 232 41 0 0 0 22 0 7 0 0 0 0 0 0 0 0 0 0 0 0 63 230 255 253 253 248 228 249 109 0 0 4 9 0 28 0 0 0 0 0 0 0 0 0 0 0 0 0 21 216 212 224 226 223 255 253 208 110 14 0 9 2 0 4 0 0 0 0 0 0 0 0 0 0 0 0 0 3 0 4 0 3 73 219 255 240 45 0 1 2 0 6 0 0 0 0 0 0 0 0 0 0 0 0 4 0 0 4 0 8 0 48 215 255 234 0 0 0 11 0 0 0 0 0 0 5 0 5 1 0 15 0 0 7 0 0 0 0 3 0 67 252 251 102 0 13 0 4 0 0 0 0 9 5 0 0 0 0 4 0 0 0 0 8 10 3 1 0 13 192 240 135 0 0 9 0 0 0 0 0 0 0 0 6 9 2 3 0 0 0 3 0 0 0 0 6 0 66 255 94 0 0 1 6 0 0 0 0 0 5 3 0 0 1 5 5 0 0 5 0 1 12 1 0 4 143 242 136 1 7 0 2 0 0 0 0 6 8 3 0 0 12 76 160 11 0 2 0 0 4 0 6 9 230 255 108 4 2 0 4 0 0 0 0 4 0 0 3 0 11 109 255 210 108 38 0 0 2 0 5 99 242 232 0 5 3 2 3 0 0 0 0 3 0 0 3 0 0 28 151 255 248 235 150 66 44 63 136 232 255 85 2 0 1 11 0 0 0 0 0 2 0 4 0 8 1 0 44 130 188 255 255 244 255 245 247 255 129 6 2 0 3 0 10 0 0 0 0 0 0 0 0 0 0 0 0 2 19 75 124 174 252 244 139 52 24 0 0 1 0 0 0 0 0 0 0 0 0 0 0 0 0 0 0 0 0 4 9 0 5 21 0 9 0 0 0 4 0 0 3 0 0 0 0 0 0 0 0 0 0 0 0 17 0 3 7 0 0 0 5 0 0 0 6 5 0 0 2 0 0 0 0 0 0 0 0 0 0 0 0 0 0 0 0 8 13 1 0 4 3 4 5 1 0 0 3 0 0 0 0
0 0 0 0 0 0 0 0 0 4 0 3 5 0 0 4 0 1 3 0 2 5 0 8 0 0 0 0 0 0 0 0 0 0 0 0 1 0 0 0 0 0 14 0 0 11 0 4 0 9 18 0 0 0 0 0 0 0 0 0 0 0 0 0 0 5 20 2 0 0 12 0 0 11 8 0 11 0 0 5 0 0 0 0 0 0 0 0 0 0 0 0 0 0 0 0 92 147 237 255 217 102 105 1 0 10 12 3 0 0 0 0 0 0 0 0 0 0 0 0 0 0 0 55 227 248 247 243 254 255 249 60 0 7 0 0 0 0 0 0 0 0 0 0 0 0 0 0 0 6 0 76 248 255 253 255 247 255 244 148 3 0 19 0 0 0 0 0 0 0 0 0 0 0 0 0 0 5 0 20 88 92 98 115 114 201 255 255 132 0 0 12 0 0 0 0 0 0 0 0 0 0 0 0 0 1 0 6 4 2 9 0 0 50 243 241 176 9 0 0 0 0 0 0 0 0 0 0 0 0 0 0 0 3 0 3 2 0 10 0 5 24 245 255 198 23 0 0 0 0 0 0 0 0 0 0 0 0 0 0 5 10 5 0 0 13 0 0 34 164 255 231 191 26 0 1 0 0 0 0 0 0 0 0 0 0 0 0 0 0 0 10 16 0 67 151 235 236 255 255 92 0 7 0 0 0 0 0 0 0 0 0 0 0 0 0 0 24 2 78 112 129 252 255 253 255 240 136 0 7 12 0 0 0 0 0 0 0 0 0 0 0 0 0 0 0 0 255 248 246 249 247 249 251 192 20 14 0 6 0 0 0 0 0 0 0 0 0 0 0 0 0 0 0 109 248 255 241 255 250 244 128 0 0 5 0 17 0 0 0 0 0 0 0 0 0 0 0 0 0 7 1 62 255 238 255 224 255 255 212 9 0 1 5 0 0 0 0 0 0 0 0 0 0 0 0 0 0 5 0 0 64 142 147 217 246 248 255 159 3 9 0 1 0 0 0 0 0 7 0 0 0 4 6 0 6 5 4 0 13 0 0 34 207 242 255 255 124 9 0 0 1 0 0 0 0 0 0 0 18 5 49 202 109 28 30 1 4 0 15 0 31 238 246 255 131 0 0 8 7 0 0 0 0 0 8 19 0 71 255 236 250 245 242 162 0 22 4 72 158 234 242 255 152 2 0 13 0 0 0 0 0 0 5 0 0 54 234 255 255 255 247 242 255 240 251 248 252 246 250 247 132 5 0 11 0 0 0 0 0 0 2 0 0 0 30 226 239 251 244 241 255 253 255 254 255 251 255 238 119 14 0 0 2 0 0 0 0 0 7 16 0 9 0 51 143 220 255 255 253 232 255 248 242 235 181 72 0 0 16 9 2 0 0 0 0 0 0 0 18 5 4 0 0 33 193 255 165 236 114 100 118 0 10 9 3 0 0 0 3 0 0 0 0 6 1 5 0 0 12 0 5 0 10 0 5 0 0 9 0 13 0 0 7 0 0 12 0 0 0 0 0 0 0 0 0 0 0 0 0 0 0 0 0 0 0 0 0 0 0 0 0 0 0 0 0 0 0 0 0 0 0 0 0 0 0 0 0 0 0 0 0 0 0 0 0 0 0 0 0 0 0 0 0 0 0 0 0 0 0 0 0 0 0 0 0 0 0 0 0 0 0 0 0 0 0 0 0 0 0 0 0 0 0 0 0 0 0 0 0 0 0 0 0 0 0 0 0 0 0 0 0 0 0 0 0 0 0 0 0 0 0 0 0
0 0 0 0 0 0 0 0 0 7 0 12 0 0 0 5 0 11 0 0 0 1 0 12 0 0 0 0 0 0 0 0 0 0 0 0 0 1 0 0 0 23 5 0 6 0 12 3 1 0 9 0 0 0 0 0 0 0 0 0 0 0 0 0 8 1 9 8 0 1 0 11 0 0 5 0 0 10 18 0 0 0 0 0 0 0 0 0 0 0 0 0 0 0 1 0 88 254 255 246 184 120 31 0 13 0 0 10 0 0 0 0 0 0 0 0 0 0 0 0 9 0 0 21 106 241 251 255 245 255 202 39 3 0 16 0 0 0 0 0 0 0 0 0 0 0 0 0 0 2 0 0 84 247 255 248 253 255 255 208 21 0 1 16 0 0 0 0 0 0 0 0 0 0 0 0 6 9 0 0 4 75 148 214 250 242 255 255 51 11 0 0 0 0 0 0 0 0 0 0 0 0 0 0 0 3 0 9 0 0 1 10 73 117 255 243 142 0 11 0 0 0 0 0 0 0 0 0 0 0 0 0 0 1 0 8 0 0 20 0 2 106 255 255 145 3 0 2 0 0 0 0 0 0 0 0 0 0 0 0 2 23 0 0 16 0 0 2 24 222 237 247 100 0 20 0 0 0 0 0 0 0 0 0 0 0 0 0 3 0 0 0 0 12 60 121 216 255 255 255 34 0 10 0 0 0 0 0 0 0 0 0 0 0 0 0 13 2 16 8 59 215 255 249 255 255 197 103 0 14 0 0 0 0 0 0 0 0 0 0 0 0 0 0 0 0 0 1 118 255 255 247 236 227 38 0 0 0 10 4 0 0 0 0 0 0 0 0 0 0 0 0 5 0 0 12 87 234 249 255 255 218 8 13 0 0 13 0 0 0 0 0 0 0 0 0 0 0 0 0 4 6 0 0 9 186 251 245 238 255 126 0 0 23 0 3 0 0 0 0 0 0 0 0 0 0 0 0 0 5 0 17 0 8 56 181 255 239 227 33 1 0 6 0 0 0 0 0 11 0 0 0 3 0 0 2 0 10 0 0 6 2 0 5 97 255 243 30 0 4 10 0 0 0 0 0 0 0 17 0 123 189 160 17 14 0 0 9 0 3 5 0 84 255 243 38 0 0 0 13 0 0 0 0 10 0 0 9 230 249 238 207 54 15 0 3 3 0 4 82 226 255 161 0 6 11 0 0 0 0 0 0 0 0 36 80 248 252 255 254 243 200 115 73 94 110 151 231 255 237 137 16 5 0 0 0 0 0 0 0 5 15 0 13 216 255 238 255 254 235 247 255 249 239 249 253 255 129 21 0 0 4 17 1 0 0 0 0 2 0 0 2 29 54 136 232 254 255 255 246 252 255 253 235 101 15 0 15 8 0 7 0 0 0 0 0 0 14 5 0 4 0 0 17 14 113 137 140 228 255 167 48 20 0 0 5 0 0 4 6 0 0 0 0 10 0 0 1 5 0 6 0 9 0 0 5 4 0 1 0 0 6 2 0 3 8 0 0 0 0 0 0 0 0 0 0 0 0 0 0 0 0 0 0 0 0 0 0 0 0 0 0 0 0 0 0 0 0 0 0 0 0 0 0 0 0 0 0 0 0 0 0 0 0 0 0 0 0 0 0 0 0 0 0 0 0 0 0 0 0 0 0 0 0 0 0 0 0 0 0 0 0 0 0 0 0 0 0 0 0 0 0 0 0 0 0 0 0 0 0 0 0 0 0 0 0 0 0 0 0 0 0 0 0 0 0 0 0 0 0 0 0 0 0
0 0 0 0 0 0 0 0 0 0 0 7 0 2 0 6 6 0 0 20 0 0 5 0 0 0 0 0 0 0 0 0 0 0 0 0 1 5 8 0 0 0 10 0 0 15 0 0 14 0 9 0 0 0 0 0 0 0 0 0 0 0 0 0 4 0 0 4 0 0 11 0 2 0 6 6 4 14 0 0 0 0 0 0 0 0 0 0 0 0 0 0 0 6 43 225 241 255 253 252 255 248 97 0 5 0 9 0 0 0 0 0 0 0 0 0 0 0 0 0 0 3 41 241 255 255 249 251 255 255 253 147 0 12 8 0 0 0 0 0 0 0 0 0 0 0 0 0 19 0 2 79 105 96 113 108 98 210 254 255 116 0 0 18 0 0 0 0 0 0 0 0 0 0 0 0 0 0 0 2 18 7 10 1 14 0 159 233 244 37 0 0 0 0 0 0 0 0 0 0 0 0 0 0 0 5 1 3 0 1 0 2 0 27 78 255 253 132 0 8 0 0 0 0 0 0 0 0 0 0 0 0 1 7 0 0 0 12 0 10 0 33 184 246 255 122 4 0 0 0 0 0 0 0 0 0 0 0 0 0 0 5 0 2 8 1 0 2 21 178 254 255 220 8 0 11 0 0 0 0 0 0 0 0 0 0 0 0 6 6 0 0 0 0 27 67 206 237 255 254 124 8 10 0 0 0 0 0 0 0 0 0 0 0 0 0 0 4 20 15 0 69 144 248 255 255 222 159 0 0 0 12 0 0 0 0 0 0 0 0 0 0 0 0 8 0 0 1 63 246 243 255 251 231 55 0 6 18 0 0 0 0 0 0 0 0 0 0 0 0 0 0 0 5 5 0 61 255 255 245 252 79 0 0 14 0 7 3 0 0 0 0 0 0 0 0 0 0 0 0 2 2 0 0 46 183 254 255 255 39 7 20 0 0 11 2 0 0 0 0 0 0 0 0 0 0 0 0 2 0 1 6 3 16 168 249 251 237 31 0 0 9 0 0 0 0 0 0 0 0 3 2 11 0 7 0 0 9 7 0 2 2 18 163 255 244 144 2 0 0 7 0 0 0 0 0 1 3 0 0 0 0 5 8 0 0 0 0 9 0 0 95 255 254 142 5 3 0 0 6 0 0 0 0 0 0 13 8 174 156 0 8 14 5 0 14 0 0 6 126 237 255 156 2 0 5 0 2 0 0 0 0 13 0 0 12 232 255 227 22 37 13 87 67 130 108 194 253 255 238 117 0 0 12 3 0 0 0 0 0 0 15 0 15 255 239 254 255 255 235 246 246 241 248 251 247 255 142 26 0 0 5 0 0 0 0 0 0 10 0 15 0 137 255 235 251 252 247 255 255 255 252 254 218 128 36 0 10 0 0 0 0 0 0 0 0 0 0 0 12 12 125 255 255 245 255 238 233 133 108 41 4 0 0 0 13 0 2 2 0 0 0 0 0 3 0 1 0 0 2 17 0 3 0 0 0 2 0 11 0 0 6 0 5 0 5 0 5 0 0 0 0 0 0 0 0 0 0 0 0 0 0 0 0 0 0 0 0 0 0 0 0 0 0 0 0 0 0 0 0 0 0 0 0 0 0 0 0 0 0 0 0 0 0 0 0 0 0 0 0 0 0 0 0 0 0 0 0 0 0 0 0 0 0 0 0 0 0 0 0 0 0 0 0 0 0 0 0 0 0 0 0 0 0 0 0 0 0 0 0 0 0 0 0 0 0 0 0 0 0 0 0 0 0 0 0 0 0 0 0 0 0 0 0
3 0 0 0 9 1 0 2 4 0 0 3 6 0 0 1 0 0 9 6 0 2 13 0 0 0 0 0 0 6 7 0 0 0 0 1 0 7 8 0 0 0 0 1 6 0 0 12 16 0 0 5 0 0 0 0 0 0 5 2 0 9 13 2 0 0 0 5 12 12 1 0 0 23 5 0 0 2 0 11 0 0 0 0 10 0 0 4 0 0 0 0 4 0 0 7 0 0 0 19 0 0 0 3 18 9 0 0 0 0 0 0 1 1 4 1 0 0 4 6 0 7 7 0 0 6 6 0 11 3 7 2 0 0 0 0 0 0 0 0 0 6 1 0 8 14 0 0 19 0 14 94 130 119 154 225 255 255 241 147 29 0 13 5 0 0 0 0 3 11 0 0 6 0 0 45 64 162 247 255 251 255 255 249 255 250 255 250 140 10 0 7 0 0 0 0 0 4 0 6 10 0 81 253 255 252 246 247 253 254 245 235 200 205 224 255 231 111 10 0 0 0 0 0 0 9 0 0 14 4 179 255 255 252 252 255 185 58 64 43 0 0 55 236 242 194 22 0 0 0 0 0 0 8 0 0 4 10 161 246 167 129 51 41 24 5 9 0 8 0 6 165 255 242 39 1 0 0 0 0 0 4 1 6 0 0 9 28 5 11 0 0 5 4 0 2 4 7 0 165 255 255 27 8 0 0 0 0 0 0 0 8 4 16 0 1 7 0 9 0 13 0 0 0 0 0 189 255 255 110 31 0 0 0 0 0 2 5 1 0 0 0 0 4 2 0 18 0 0 7 18 45 87 155 255 239 201 31 0 12 0 0 0 0 0 0 1 13 2 18 2 7 0 6 0 0 17 126 181 239 248 250 229 245 42 20 5 0 0 0 0 0 13 5 0 0 0 1 0 0 0 3 0 22 179 255 255 255 248 255 255 251 97 0 8 0 0 0 0 0 0 3 0 8 2 0 1 1 2 3 8 12 255 247 249 254 255 252 246 250 194 0 10 0 0 0 0 0 0 6 1 0 10 0 6 0 0 0 14 3 119 157 122 45 39 41 113 255 211 12 9 0 0 0 0 0 8 0 2 0 0 9 12 0 10 1 0 0 0 0 0 1 3 0 44 245 251 56 0 13 0 0 0 0 0 3 1 5 4 4 0 77 0 10 13 13 0 9 8 0 0 14 144 234 233 24 0 0 0 0 0 0 0 4 0 0 7 8 70 244 64 0 0 0 2 0 0 10 1 15 206 255 197 0 6 0 0 0 0 0 11 0 1 8 0 12 166 255 184 58 37 1 7 8 0 4 1 109 245 244 86 4 3 1 0 0 0 0 2 0 4 15 0 0 155 255 247 235 234 164 63 67 21 58 113 255 255 129 0 0 1 0 0 0 0 0 4 6 0 0 6 0 96 249 255 255 237 255 246 255 218 239 255 240 129 24 20 0 3 5 0 0 0 0 0 0 6 7 0 4 3 68 145 237 255 255 254 242 255 251 247 154 11 0 0 0 1 0 0 0 0 0 0 0 0 0 0 0 0 0 6 6 25 125 133 228 200 139 63 23 0 0 5 0 0 2 0 0 0 0 0 0 0 0 0 0 0 0 0 0 2 15 0 12 18 0 16 0 0 0 4 0 0 2 0 0 0 0 0 0 0 0 0 0 0 0 7 0 15 0 0 0 5 0 0 0 0 0 2 0 0 0 0 0 0 0 0 0 0 0 0 0 0 0 0 0 0 0 22 4 7 0 1 4 3 0 0 0 1 1 0 0 0 0
4 0 0 7 12 0 8 2 0 9 0 0 7 11 0 0 2 4 13 0 0 11 0 3 0 0 0 0 0 17 0 0 0 0 2 0 0 2 12 0 0 0 0 19 0 0 0 9 11 0 0 2 0 0 0 0 20 0 13 16 0 26 0 8 3 0 0 0 0 13 1 0 10 8 0 4 12 0 6 0 0 0 0 0 0 9 0 5 0 1 18 0 1 0 9 19 0 0 1 0 1 7 0 0 0 0 12 0 0 0 0 0 4 0 0 0 16 0 30 160 245 255 236 244 244 233 203 92 0 0 10 8 0 0 0 2 0 0 0 0 3 0 5 21 0 3 209 255 253 255 235 255 255 236 255 239 97 7 0 3 5 6 0 4 0 0 0 0 0 0 0 0 13 17 89 252 233 237 180 97 104 189 243 250 233 82 0 0 5 3 0 0 0 0 0 0 11 0 4 15 0 0 19 62 67 0 0 6 6 0 48 216 255 139 18 4 0 0 12 0 0 0 0 0 0 4 3 1 5 1 0 2 9 4 2 0 3 0 0 169 251 218 0 0 17 0 0 0 0 0 0 0 0 7 2 0 0 3 0 1 0 0 0 11 2 0 132 225 244 123 14 11 0 12 0 18 0 0 0 0 0 7 2 0 0 1 0 0 0 5 3 5 0 33 224 255 216 11 0 2 0 20 0 0 0 0 0 0 0 1 1 1 2 0 0 8 68 126 152 169 185 251 255 249 149 4 4 0 0 0 16 0 0 0 0 0 0 0 0 6 5 0 3 39 228 255 255 242 242 255 233 255 209 98 0 8 0 4 0 9 0 0 0 0 5 0 0 2 3 0 14 59 255 251 240 254 255 233 252 253 252 255 235 2 0 0 18 0 0 0 0 0 0 2 0 0 1 0 9 33 197 247 255 244 183 98 176 210 248 249 254 198 50 22 0 16 0 0 0 0 0 6 5 0 2 3 0 0 3 53 7 6 0 0 2 5 48 112 255 245 94 0 7 0 0 0 0 0 0 0 0 0 0 0 0 0 0 0 9 0 0 2 0 12 0 17 229 248 242 67 0 0 0 0 0 0 0 0 0 0 0 0 0 0 0 17 0 13 7 4 0 0 1 7 16 224 255 130 13 0 0 0 0 0 0 0 0 0 0 0 0 0 0 0 19 0 1 2 0 13 0 0 18 233 254 123 8 0 0 0 0 0 0 0 0 0 0 0 0 0 4 26 102 7 4 8 0 0 16 14 37 236 251 153 3 0 0 0 0 0 0 0 0 0 0 0 0 0 129 252 250 183 65 69 69 69 50 175 227 235 255 62 11 3 0 0 0 0 0 0 0 0 0 0 0 0 143 242 255 255 229 255 255 241 255 242 253 252 117 8 0 3 0 0 0 0 0 0 0 0 0 0 0 0 1 89 217 245 255 244 251 255 247 251 167 0 0 18 0 12 0 0 0 0 0 0 0 0 0 0 0 0 0 16 22 169 255 240 255 228 155 84 0 15 5 0 13 0 0 0 0 0 0 0 0 0 0 0 0 0 0 0 0 0 0 0 0 0 0 0 0 0 0 0 0 0 0 0 0 0 0 0 0 0 0 0 0 0 0 0 0 0 0 0 0 0 0 0 0 0 0 0 0 0 0 0 0 0 0 0 0 0 0 0 0 0 0 0 0 0 0 0 0 0 0 0 0 0 0 0 0 0 0 0 0 0 0 0 0 0 0 0 0 0 0 0 0 0 0 0 0 0 0 0 0 0 0 0 0 0 0 0 0 0
0 11 8 4 0 2 0 0 3 0 9 0 1 0 5 2 14 0 0 16 0 0 12 0 0 0 0 0 0 0 0 0 4 4 6 1 3 0 7 6 3 0 13 0 0 9 4 0 14 7 0 0 0 0 0 0 7 2 16 1 10 0 2 1 10 14 2 0 4 0 0 4 23 1 0 1 1 1 4 0 0 0 0 0 4 0 0 0 7 0 4 1 0 0 3 7 4 0 18 0 0 2 2 4 0 5 2 3 0 0 0 0 0 9 15 5 11 0 6 31 153 148 128 148 249 255 244 249 255 76 0 21 0 0 10 3 0 0 0 0 0 6 0 0 68 120 195 255 251 240 254 252 255 244 255 254 255 235 130 2 6 0 0 1 0 0 0 0 4 0 0 13 237 255 255 233 253 200 115 81 154 171 177 202 233 255 231 111 0 0 5 0 0 0 0 0 0 0 13 2 255 241 212 149 25 14 0 0 14 0 0 10 47 206 255 232 6 9 0 6 0 0 0 0 6 8 0 4 13 47 0 0 2 0 5 0 9 0 1 0 8 173 245 255 0 0 6 0 0 0 0 0 0 8 0 0 0 9 0 13 1 0 1 0 0 3 6 0 0 184 255 242 6 6 2 7 0 0 0 0 5 3 0 14 10 0 0 0 0 4 3 7 0 2 0 3 172 255 231 255 10 0 7 0 0 0 0 0 2 3 0 4 1 0 5 5 0 1 0 9 0 49 129 219 245 247 255 195 0 13 0 16 0 0 0 0 0 6 0 0 0 2 4 0 21 91 171 249 255 255 248 245 254 247 255 255 232 66 0 3 0 0 0 0 5 0 0 11 10 1 11 91 215 255 255 255 234 253 255 250 253 219 255 239 255 235 42 0 0 0 0 0 0 0 3 15 0 0 21 219 249 246 246 247 255 241 152 53 49 47 91 199 249 253 143 1 0 0 0 0 6 2 0 0 0 20 0 88 255 253 252 204 144 53 16 0 4 0 9 9 204 251 219 5 0 0 0 0 0 8 0 0 16 0 8 0 0 0 7 8 0 3 10 0 2 1 3 0 20 255 236 95 0 0 0 0 5 0 10 9 0 16 0 11 17 1 0 0 0 0 0 3 0 0 5 6 141 245 254 147 0 0 0 0 0 0 0 3 12 0 0 4 0 4 6 0 4 4 0 3 11 10 0 18 250 255 239 97 0 0 0 0 15 0 4 6 4 27 118 67 6 1 1 0 0 5 6 0 1 0 135 255 255 243 237 6 0 0 0 0 0 8 0 0 69 247 255 246 115 16 0 6 0 0 26 30 149 215 232 255 249 143 23 0 0 0 0 0 8 0 0 1 28 154 245 248 255 187 169 181 160 177 231 249 252 251 255 206 78 13 0 3 0 0 0 0 0 9 4 0 4 0 149 255 245 250 255 250 240 247 255 255 242 207 135 22 6 0 0 8 0 0 0 0 6 0 0 7 0 6 13 73 251 255 248 251 255 221 150 128 39 0 0 3 7 0 6 0 0 0 0 0 0 0 0 0 0 0 0 0 0 0 0 0 0 0 0 0 0 0 0 0 0 0 0 0 0 0 0 0 0 0 0 0 0 0 0 0 0 0 0 0 0 0 0 0 0 0 0 0 0 0 0 0 0 0 0 0 0 0 0 0 0 0 0 0 0 0 0 0 0 0 0 0 0 0 0 0 0 0 0 0 0 0 0 0 0 0 0 0 0 0 0 0 0 0 0 0 0 0 0 0 0 0 0 0 0 0 0 0 0 0 0 0
0 0 0 0 0 0 0 0 0 6 7 0 7 0 1 0 0 0 0 1 0 4 0 8 0 0 0 0 0 0 0 0 0 0 0 0 1 1 0 0 0 13 4 4 8 4 3 0 0 10 0 0 0 0 0 0 0 0 0 0 0 0 0 0 14 0 2 2 2 0 0 0 0 0 0 2 2 0 0 12 0 0 0 0 0 0 0 0 0 0 0 0 1 0 0 2 15 3 0 0 8 11 19 0 0 15 2 0 0 0 0 0 0 0 0 0 0 0 0 0 0 32 1 0 0 0 0 5 0 0 0 0 10 0 0 9 0 0 0 0 0 0 0 0 0 0 0 0 11 0 0 37 180 202 255 253 236 175 23 0 11 3 0 9 0 0 0 0 0 0 0 0 0 0 0 0 1 5 224 254 255 152 175 163 178 255 131 31 0 1 3 0 0 0 0 0 0 0 0 0 0 0 0 0 8 18 201 180 0 6 1 8 180 240 33 0 0 12 6 0 0 0 0 0 0 0 0 0 0 0 0 0 3 2 0 7 0 3 4 169 249 145 9 0 3 13 0 0 0 0 0 0 0 0 0 0 0 0 0 0 0 0 0 0 21 29 136 255 173 10 0 15 0 0 19 2 0 0 0 0 0 0 0 0 0 0 0 0 6 0 12 15 26 214 255 110 0 0 10 0 13 0 0 0 0 0 0 0 0 0 0 0 0 0 0 0 0 0 0 138 255 246 59 0 2 0 2 0 8 0 0 3 0 0 0 0 0 0 0 0 0 0 0 0 7 2 150 255 192 0 0 7 0 4 0 2 0 0 0 17 0 0 0 0 0 0 0 0 0 0 0 0 2 0 255 229 23 5 6 1 0 14 0 0 0 13 0 0 0 0 0 0 0 0 0 0 0 0 0 0 0 8 99 255 253 254 255 168 181 69 8 4 0 6 16 0 0 0 0 0 0 0 0 0 0 0 0 0 4 2 10 0 95 126 153 176 245 255 160 7 0 0 0 5 0 0 0 0 0 0 0 0 0 0 0 0 0 15 4 0 7 4 0 3 4 201 245 21 2 4 0 5 0 0 0 0 0 0 0 0 0 0 0 0 26 0 0 7 0 0 19 0 0 114 255 105 0 0 0 9 0 0 0 0 0 0 0 0 0 0 0 0 0 1 14 0 1 0 1 0 28 221 255 0 0 19 13 0 0 0 0 0 0 0 0 0 0 0 0 0 3 3 0 0 0 8 5 0 237 251 83 5 0 1 0 8 0 0 0 0 0 0 0 0 0 0 0 0 0 7 0 19 8 0 30 206 252 173 0 0 7 10 0 2 0 0 0 0 0 0 0 0 0 0 0 0 0 2 1 5 0 141 249 255 139 0 12 5 2 0 25 0 0 0 0 0 0 0 0 0 0 0 0 0 3 0 38 151 253 255 161 58 4 0 6 0 0 8 0 10 0 0 0 0 0 0 0 0 0 0 0 0 4 122 255 248 198 58 9 1 0 5 0 0 12 0 0 0 0 0 0 0 0 0 0 0 0 0 0 0 121 241 179 82 0 13 1 3 0 0 0 0 0 0 0 0 0 0 0 0 0 0 0 0 0 0 0 0 0 27 0 0 0 0 0 2 0 0 0 0 0 0 0 0 0 0 0 0 0 0 0 0 0 0 0 0 0 2 0 6 17 6 3 8 0 0 0 0 0 0 0 0 0 0 0 0 0 0 0 0 0 0 0 0 0 6 15 0 0 0 3 0 0 0 0 0 0 0 0 0 0 0 0 0
0 0 0 0 0 0 0 0 0 4 0 2 0 1 10 0 0 10 0 0 0 7 0 0 0 0 0 0 0 0 0 0 0 0 0 0 0 0 6 0 0 0 0 16 0 15 2 0 0 0 2 2 0 0 0 0 0 0 0 0 0 0 0 0 12 0 0 0 9 13 0 0 4 0 2 12 0 0 15 0 0 0 0 0 0 0 0 0 0 0 0 0 0 0 2 23 35 9 58 196 251 172 153 7 0 0 9 0 0 0 0 0 0 0 0 0 0 0 0 0 4 124 168 218 255 235 239 255 255 244 254 0 16 15 0 0 0 0 0 0 0 0 0 0 0 0 0 0 76 244 254 235 255 255 255 207 155 139 236 0 0 0 9 7 0 0 0 0 0 0 0 0 0 0 0 0 166 250 252 255 255 167 81 7 6 35 169 34 0 0 4 0 0 0 0 0 0 0 0 0 0 0 0 0 0 98 107 43 3 0 3 11 3 143 155 0 0 14 0 10 0 0 0 0 0 0 0 0 0 0 0 0 11 0 0 1 10 4 9 0 0 191 146 2 0 0 0 6 0 0 0 0 0 0 0 0 0 0 0 0 0 4 9 1 0 0 0 0 3 194 134 1 2 4 2 0 0 0 0 0 0 0 0 0 0 0 0 0 0 9 0 0 23 15 47 134 222 254 88 0 0 1 10 12 0 0 0 0 0 0 0 0 0 0 0 0 12 0 12 0 2 37 173 248 253 167 18 13 0 0 0 0 0 0 0 0 0 0 0 0 0 0 0 0 0 9 7 13 231 255 255 249 255 236 174 120 0 24 11 1 0 0 0 0 0 0 0 0 0 0 0 0 6 0 0 27 255 249 239 255 255 245 253 223 18 0 0 4 0 0 0 0 0 0 0 0 0 0 0 0 4 7 0 45 244 216 188 252 218 255 253 195 65 6 26 0 0 0 0 0 0 0 0 0 0 0 0 0 0 0 6 0 5 0 4 0 0 3 61 200 206 0 0 1 0 0 0 0 0 0 0 10 0 92 194 11 3 0 5 0 0 0 0 6 0 6 25 255 194 0 12 0 0 0 0 0 0 7 2 4 2 181 219 33 3 0 1 0 12 13 0 0 0 0 92 238 210 0 3 1 0 0 0 0 3 0 0 8 0 204 251 209 95 0 0 9 0 0 7 5 11 13 169 252 100 1 0 0 0 0 0 0 1 3 0 0 13 225 255 255 239 224 255 194 137 163 149 8 118 152 242 235 0 9 0 3 0 0 0 0 0 4 1 0 14 144 227 255 255 244 249 235 254 248 246 255 254 255 244 123 0 5 0 11 0 0 0 0 0 0 0 0 0 12 105 178 252 252 255 255 254 254 241 255 255 216 118 26 1 3 1 0 0 0 0 0 3 6 14 0 0 3 11 0 18 34 87 137 142 226 249 237 134 65 3 2 0 6 5 0 0 0 0 0 4 0 4 3 0 0 0 3 8 0 0 8 0 17 0 1 1 0 0 0 8 3 0 10 0 0 0 0 0 0 0 0 0 0 0 0 0 0 0 0 0 0 0 0 0 0 0 0 0 0 0 0 0 0 0 0 0 0 0 0 0 0 0 0 0 0 0 0 0 0 0 0 0 0 0 0 0 0 0 0 0 0 0 0 0 0 0 0 0 0 0 0 0 0 0 0 0 0 0 0 0 0 0 0 0 0 0 0 0 0 0 0 0 0 0 0 0 0 0 0 0 0 0 0 0 0 0 0 0 0 0 0 0 0 0 0 0 0 0 0
0 0 0 0 0 0 0 0 11 0 0 0 4 0 7 0 3 4 0 4 7 14 0 0 0 0 0 0 0 0 0 0 0 0 0 0 0 12 7 0 0 12 8 0 0 0 0 0 0 0 4 11 0 0 0 0 0 0 0 0 0 0 0 0 0 0 0 8 15 0 0 16 3 18 1 0 20 12 0 0 0 0 0 0 0 0 0 0 0 0 0 0 1 2 12 0 0 0 0 8 0 0 0 14 0 0 20 0 0 0 0 0 0 0 0 0 0 0 0 0 20 0 0 13 0 14 58 125 255 197 74 39 8 6 0 0 0 0 0 0 0 0 0 0 0 0 0 0 0 11 1 0 0 170 232 255 235 205 198 215 33 0 12 0 0 0 0 0 0 0 0 0 0 0 0 0 5 3 0 10 121 255 248 253 232 228 217 255 58 0 0 5 0 0 0 0 0 0 0 0 0 0 0 0 0 0 11 7 223 255 141 35 24 14 55 192 6 0 7 0 0 0 0 0 0 0 0 0 0 0 0 0 0 5 0 76 176 105 2 0 4 4 113 105 5 0 0 10 0 0 0 0 0 0 0 0 0 0 0 0 14 1 0 0 0 1 0 2 0 131 164 14 13 1 9 0 0 0 0 0 0 0 0 0 0 0 0 0 0 0 18 18 0 0 3 3 119 255 146 0 0 0 0 13 0 0 0 0 0 0 0 0 0 0 0 0 6 8 0 0 0 6 87 156 247 234 64 0 8 18 0 0 0 0 0 0 0 0 0 0 0 0 0 0 0 16 0 2 7 57 209 255 255 238 134 17 0 0 8 4 0 0 0 0 0 0 0 0 0 0 0 0 0 19 0 0 0 108 255 243 238 255 132 1 0 9 3 0 0 0 0 0 0 0 0 0 0 0 0 0 0 0 3 0 0 85 150 88 65 248 111 16 0 10 0 7 0 0 0 0 0 0 0 0 0 0 0 0 9 0 9 2 1 12 0 5 17 255 132 0 6 0 7 0 0 0 0 0 0 5 0 0 5 9 8 0 0 8 0 3 0 7 0 5 169 255 117 5 1 0 11 0 0 0 0 0 3 2 0 0 0 0 0 28 151 5 8 0 18 0 14 12 248 170 28 0 3 5 6 0 0 0 0 0 0 0 4 1 2 0 5 95 253 114 0 20 0 0 28 190 214 53 0 0 2 5 0 6 0 0 0 0 0 0 7 0 7 2 10 119 255 251 62 0 0 42 212 250 87 0 4 17 0 0 0 6 0 0 0 0 0 0 7 0 2 2 0 73 250 249 241 99 43 198 248 203 17 0 1 0 0 5 8 0 0 0 0 0 0 2 4 0 0 4 0 25 255 221 255 255 241 249 243 7 5 8 0 0 0 4 4 0 0 0 0 0 0 3 1 0 2 5 0 7 78 255 243 249 255 210 33 0 1 2 5 5 5 0 0 0 0 0 0 0 0 6 0 2 1 0 2 0 0 63 222 204 115 26 0 1 6 0 2 0 0 7 0 3 0 0 0 0 0 0 0 0 0 0 0 0 0 0 0 0 0 0 0 0 0 0 0 0 0 0 0 0 0 0 0 0 0 0 0 0 0 0 0 0 0 0 0 0 0 0 0 0 0 0 0 0 0 0 0 0 0 0 0 0 0 0 0 0 0 0 0 0 0 0 0 0 0 0 0 0 0 0 0 0 0 0 0 0 0 0 0 0 0 0 0 0 0 0 0 0 0 0 0 0 0 0 0 0 0 0 0 0 0 0 0 0 0 0 0 0
0 0 0 0 0 0 0 0 0 0 16 0 0 14 0 6 0 5 0 1 0 0 2 0 0 0 0 0 0 0 0 0 0 0 0 0 4 15 0 5 0 2 4 0 0 0 0 11 0 0 0 1 0 0 0 0 0 0 0 0 0 0 0 0 0 7 0 10 4 0 8 10 9 9 2 3 0 8 8 2 0 0 0 0 0 0 0 0 0 0 0 0 0 0 14 0 1 4 0 0 0 0 0 8 0 0 0 9 0 0 0 0 0 0 0 0 0 0 0 0 14 0 0 22 105 220 255 255 161 62 0 0 17 5 0 2 0 0 0 0 0 0 0 0 0 0 0 0 0 4 0 192 232 248 235 247 255 213 123 0 4 9 0 0 0 0 0 0 0 0 0 0 0 0 0 0 6 13 0 168 142 64 36 62 177 255 242 15 0 0 2 10 0 0 0 0 0 0 0 0 0 0 0 0 0 0 0 3 5 0 2 8 209 250 212 0 12 1 0 0 0 0 0 0 0 0 0 0 0 0 0 0 2 2 0 2 10 0 44 198 251 235 85 6 0 0 12 0 0 0 0 0 0 0 0 0 0 0 0 0 0 20 68 41 95 217 239 254 220 100 0 5 0 0 0 6 0 0 0 0 0 0 0 0 0 0 0 0 25 197 255 243 251 245 246 246 25 0 11 11 0 0 16 0 0 0 0 0 0 0 0 0 0 0 0 0 61 234 255 245 255 252 241 244 110 11 2 0 9 0 6 0 0 0 0 0 0 0 0 0 0 0 0 0 0 10 62 4 0 42 114 255 255 164 0 0 0 15 0 5 0 0 0 0 0 0 0 0 0 0 0 0 11 0 1 3 5 0 0 99 212 255 143 2 0 7 1 5 0 0 0 0 0 0 0 0 0 0 0 0 0 30 0 0 16 8 0 0 139 255 240 0 15 0 0 0 0 0 0 0 0 0 0 0 0 0 0 0 2 0 5 6 0 0 7 3 64 234 255 0 1 10 2 0 0 0 0 0 0 0 0 3 0 0 7 0 3 0 0 0 3 0 6 0 27 227 255 11 0 0 15 0 0 0 0 0 3 8 0 0 4 0 0 5 0 0 18 0 0 17 0 6 145 233 251 0 14 0 0 13 0 0 0 0 0 0 0 6 9 11 3 0 9 0 0 14 0 1 9 6 230 255 219 0 10 6 0 10 0 0 0 0 6 0 7 4 0 0 7 0 0 1 16 0 0 0 0 187 255 233 106 1 0 7 0 0 0 0 0 0 2 0 4 4 1 25 95 198 3 5 0 0 2 81 222 255 237 110 0 2 1 0 1 0 0 0 0 0 1 10 2 0 6 0 39 236 199 73 55 84 184 251 255 234 112 0 0 0 3 0 0 0 0 0 0 0 0 0 8 0 12 0 6 139 249 255 250 251 244 252 223 45 0 0 25 0 0 0 2 0 0 0 0 0 9 0 15 0 0 11 0 0 104 225 243 255 225 101 12 0 0 17 0 0 3 0 5 0 0 0 0 0 0 0 0 0 0 0 0 0 0 0 0 0 0 0 0 0 0 0 0 0 0 0 0 0 0 0 0 0 0 0 0 0 0 0 0 0 0 0 0 0 0 0 0 0 0 0 0 0 0 0 0 0 0 0 0 0 0 0 0 0 0 0 0 0 0 0 0 0 0 0 0 0 0 0 0 0 0 0 0 0 0 0 0 0 0 0 0 0 0 0 0 0 0 0 0 0 0 0 0 0 0 0 0 0 0 0 0 0 0 0 0 0
0 0 0 0 0 0 0 0 3 0 1 5 0 0 13 4 0 2 0 1 7 0 0 2 0 0 0 0 0 0 0 0 0 0 0 0 0 17 0 2 9 4 0 2 14 8 0 0 0 1 5 0 0 0 0 0 0 0 0 0 0 0 0 0 0 0 0 2 1 0 0 0 0 0 6 10 0 0 3 6 0 0 0 0 0 0 0 0 0 0 0 0 4 5 6 0 16 0 0 8 12 0 0 9 11 9 0 2 0 0 0 0 0 0 0 0 0 0 0 0 0 0 78 180 135 221 249 241 169 117 29 0 0 16 0 9 0 0 0 0 0 0 0 0 0 0 0 0 8 51 242 255 255 208 248 237 254 255 229 122 7 4 0 9 0 0 0 0 0 0 0 0 0 0 0 0 0 23 137 186 32 32 5 0 10 113 255 235 44 6 0 11 0 0 0 0 0 0 0 0 0 0 0 0 19 0 23 0 0 0 3 2 5 44 216 255 50 7 1 0 0 0 0 0 0 0 0 0 0 0 0 0 1 1 0 5 0 6 0 9 92 237 246 114 0 0 0 1 0 0 0 0 0 0 0 0 0 0 0 0 0 1 12 0 0 18 130 222 255 205 90 0 0 7 2 0 0 0 0 0 0 0 0 0 0 0 0 0 9 0 0 43 137 232 255 208 126 8 15 0 5 0 0 5 0 0 0 0 0 0 0 0 0 0 0 0 0 0 26 222 255 251 177 107 87 16 0 0 3 5 0 7 0 0 0 0 0 0 0 0 0 0 0 0 7 0 14 202 237 255 255 252 243 255 98 16 1 0 9 0 0 0 0 0 0 0 0 0 0 0 0 0 0 2 0 0 0 10 73 84 162 230 249 184 31 0 0 0 0 0 0 0 0 0 0 0 0 0 0 0 9 0 2 10 15 0 0 3 4 23 172 251 127 19 2 2 0 0 0 0 0 0 0 0 0 0 0 0 0 7 0 0 0 14 0 0 0 0 0 210 249 6 1 2 0 0 0 0 0 0 9 0 11 2 0 1 9 0 0 0 3 8 0 6 6 0 4 203 255 65 0 5 0 0 0 0 11 0 12 0 0 2 16 0 0 15 14 0 0 6 9 0 0 0 4 213 255 65 4 0 0 0 0 0 6 0 0 0 6 1 0 10 2 3 0 7 7 0 2 0 22 0 58 255 196 0 21 0 0 0 0 0 0 6 0 0 55 115 46 0 0 8 0 1 6 6 11 0 0 29 218 220 56 0 0 7 0 0 0 0 0 3 9 0 44 236 220 34 4 0 3 0 0 0 0 13 38 233 255 107 0 0 7 0 0 0 0 0 3 0 11 0 2 137 231 229 60 16 23 22 13 13 31 103 251 246 147 23 5 14 0 0 0 0 0 0 1 0 2 0 0 0 84 239 253 255 251 222 223 254 255 255 220 90 0 5 14 0 14 3 0 0 0 0 1 0 13 0 11 2 0 11 156 168 157 179 193 170 136 74 13 0 14 3 0 5 0 0 0 0 0 0 0 0 0 0 0 0 0 0 0 0 0 0 0 0 0 0 0 0 0 0 0 0 0 0 0 0 0 0 0 0 0 0 0 0 0 0 0 0 0 0 0 0 0 0 0 0 0 0 0 0 0 0 0 0 0 0 0 0 0 0 0 0 0 0 0 0 0 0 0 0 0 0 0 0 0 0 0 0 0 0 0 0 0 0 0 0 0 0 0 0 0 0 0 0 0 0 0 0 0 0 0 0 0 0 0 0 0 0 0 0 0 0
0 0 0 0 0 0 0 0 0 0 4 1 0 0 5 0 3 0 0 6 0 0 4 0 0 0 0 0 0 0 0 0 0 0 0 0 8 0 0 4 7 0 0 0 0 14 12 0 0 0 0 2 0 0 0 0 0 0 0 0 0 0 0 0 0 0 0 0 0 2 0 0 0 0 0 9 0 0 2 0 0 0 0 0 0 0 0 0 0 0 0 0 0 12 7 0 0 0 0 10 15 3 0 9 6 7 0 0 0 0 0 0 0 0 0 0 0 0 0 0 0 0 0 15 16 0 0 0 0 11 0 0 0 0 0 11 0 0 0 0 0 0 0 0 0 0 0 0 16 5 7 22 63 143 218 246 255 242 255 247 71 9 7 0 0 0 0 0 0 0 0 0 0 0 0 0 0 52 184 255 255 243 209 151 139 178 255 252 37 0 14 0 0 0 0 0 0 0 0 0 0 0 0 0 4 13 120 196 115 11 0 4 5 209 252 139 2 7 0 1 0 0 0 0 0 0 0 0 0 0 0 0 1 1 0 15 0 10 0 24 146 251 206 17 4 13 0 0 0 0 0 0 0 0 0 0 0 0 0 0 8 0 17 0 4 0 0 126 254 178 43 4 0 0 12 1 0 0 0 0 0 0 0 0 0 0 0 0 0 0 0 10 0 3 140 249 169 12 0 0 1 3 0 8 0 0 0 0 0 0 0 0 0 0 0 0 0 20 0 0 29 99 231 161 3 3 8 2 14 0 9 0 0 0 0 0 0 0 0 0 0 0 0 0 0 0 0 16 205 255 184 0 39 95 91 52 0 0 18 0 0 0 0 0 0 0 0 0 0 0 0 0 2 0 13 170 244 255 248 251 250 255 255 198 0 15 0 4 0 0 0 0 0 0 0 0 0 0 0 0 9 0 0 217 247 244 251 255 159 255 244 204 5 0 5 3 0 0 0 0 0 0 0 0 0 0 0 0 0 3 12 0 96 105 56 0 68 244 255 101 0 13 0 0 0 0 0 0 0 2 0 4 0 0 6 0 0 12 0 0 12 0 0 26 208 246 255 63 0 0 12 0 0 0 0 0 6 4 0 0 0 2 14 17 4 0 1 0 0 0 18 105 255 231 255 0 13 9 0 12 0 0 0 0 0 0 6 2 4 0 0 0 5 0 0 7 0 0 102 221 255 255 64 12 0 0 0 6 0 0 0 0 4 0 1 0 3 8 0 14 0 0 0 3 0 38 168 252 236 127 0 8 0 0 5 0 0 0 0 0 1 0 0 0 1 0 0 2 13 0 11 0 55 195 239 255 142 0 10 0 4 0 3 0 0 0 0 0 0 0 3 16 0 0 8 8 0 26 12 108 204 248 254 114 10 5 0 7 0 0 5 0 0 0 0 0 4 3 0 9 0 19 139 173 122 120 221 255 255 241 80 0 0 3 16 0 4 1 0 3 0 0 0 0 1 4 0 18 0 46 225 255 250 254 250 252 165 34 0 1 3 2 0 0 5 2 0 0 0 0 0 0 0 0 5 5 0 9 124 250 253 197 116 48 12 1 1 2 0 0 0 0 0 0 0 0 0 0 0 0 4 0 1 10 4 0 0 14 0 0 0 0 3 4 0 0 0 0 0 0 0 0 0 0 0 0 0 0 6 3 0 0 0 4 0 0 4 5 5 4 1 1 3 6 0 0 0 0 0 0 0 0 0 0 0 0 0 2 4 0 0 5 10 7 0 0 0 0 0 0 0 4 0 0 0 0 0 0 0 0 0 0 0 0
0 0 0 0 0 0 0 0 5 0 0 0 0 6 0 0 6 0 0 0 13 0 0 0 0 0 0 0 0 0 0 0 0 0 0 0 0 2 4 9 0 0 0 0 0 9 16 0 0 0 3 8 0 0 0 0 0 0 0 0 0 0 0 0 0 1 0 10 0 3 7 6 3 1 0 0 4 16 6 0 0 0 0 0 0 0 0 0 0 0 0 0 6 0 0 6 0 6 6 0 1 0 0 6 0 0 0 0 0 0 0 0 0 0 0 0 0 0 0 0 9 0 12 5 0 0 1 0 1 0 0 0 4 5 7 9 0 0 0 0 0 0 0 0 0 0 0 0 0 37 208 250 255 255 255 255 255 201 126 34 4 0 2 1 0 0 0 0 0 0 0 0 0 0 0 0 1 39 254 255 255 242 243 255 252 254 255 219 144 11 0 2 0 0 0 0 0 0 0 0 0 0 0 0 1 29 255 239 226 160 113 106 105 117 225 251 210 21 0 6 0 0 0 0 0 0 0 0 0 0 0 0 3 4 63 112 35 0 12 0 0 0 121 255 255 111 11 0 0 0 0 0 0 0 0 0 0 0 0 0 0 9 12 0 3 0 0 7 10 88 229 252 157 17 0 13 0 0 0 0 0 0 0 0 0 0 0 0 6 6 0 0 11 0 0 38 168 255 255 95 0 9 20 0 0 0 0 0 0 0 0 0 0 0 0 0 0 0 25 0 1 150 199 254 211 146 79 13 13 0 0 11 0 0 0 0 0 0 0 0 0 0 0 0 7 83 151 183 188 197 209 106 24 11 4 0 7 5 0 0 0 0 0 0 0 0 0 0 0 0 0 0 23 219 255 226 221 10 0 0 0 0 13 0 2 0 0 6 0 0 0 0 0 0 0 0 0 0 0 0 5 18 245 249 235 210 148 49 17 0 6 0 9 4 0 0 0 0 0 0 0 0 0 0 0 0 0 0 2 0 36 156 234 250 251 233 58 1 0 0 0 0 1 1 0 0 0 0 0 2 6 1 0 0 0 0 0 4 14 0 44 49 206 255 226 78 0 9 0 2 0 7 0 0 0 0 8 0 0 2 6 2 0 0 0 2 0 0 4 11 57 239 255 190 14 0 3 0 0 0 0 0 0 0 0 0 0 0 0 0 0 3 8 0 0 14 0 8 5 162 243 255 111 6 17 0 2 5 0 0 0 0 0 13 15 0 0 4 6 0 2 0 2 29 0 0 0 76 255 246 164 0 0 0 0 0 0 0 0 0 0 0 0 0 0 8 4 0 0 16 0 0 9 10 4 79 255 242 156 9 1 2 4 9 0 0 0 0 6 1 3 8 1 0 0 3 21 0 2 17 0 3 53 247 244 239 58 0 0 0 0 0 0 0 0 0 1 3 0 0 0 5 8 3 0 0 0 0 8 188 246 248 255 187 0 0 6 20 2 0 0 0 0 0 0 6 0 1 79 171 174 116 196 251 238 251 234 241 255 249 53 0 8 5 0 0 4 5 0 0 0 0 11 0 8 4 0 191 36 243 249 251 255 255 239 182 103 46 0 0 0 0 0 0 0 0 0 0 0 0 0 5 0 0 9 2 0 19 10 1 0 0 2 5 0 0 0 0 0 0 0 0 0 0 0 0 0 0 0 0 0 11 1 0 0 0 0 0 0 4 6 7 5 4 0 0 0 0 0 0 0 0 0 0 0 0 12 0 0 15 0 22 0 19 1 2 2 1 0 0 0 0 0 0 0 0 0 0 0 0 0 0 0 0
0 0 0 0 0 0 0 0 5 0 0 8 0 0 10 0 0 2 0 6 0 0 15 0 0 0 0 0 0 0 0 0 0 0 0 0 6 0 4 10 0 0 6 0 19 10 0 0 15 0 0 16 0 0 0 0 0 0 0 0 0 0 0 0 0 13 8 0 4 7 0 0 0 0 11 0 9 0 0 10 0 0 0 0 0 0 0 0 0 0 0 0 0 0 6 0 2 0 0 20 8 0 0 10 0 0 20 0 0 0 0 0 0 0 0 0 0 0 0 0 10 13 104 144 137 138 204 233 167 75 0 6 0 0 17 0 0 0 0 0 0 0 0 0 0 0 0 0 1 158 255 240 255 232 255 255 255 206 59 0 2 0 1 6 0 0 0 0 0 0 0 0 0 0 0 0 17 219 255 235 255 223 241 249 246 255 190 5 0 0 0 4 0 0 0 0 0 0 0 0 0 0 0 0 0 35 67 92 75 4 97 109 253 246 255 36 8 0 0 0 0 0 0 0 0 0 0 0 0 2 3 2 8 0 5 0 3 7 0 37 253 255 252 49 0 9 0 7 0 0 0 0 0 0 0 0 0 0 0 0 7 6 2 0 11 0 0 129 255 226 233 41 5 0 0 3 0 0 0 0 0 0 0 1 3 3 2 1 0 0 4 0 7 0 59 246 255 255 152 7 0 6 18 0 0 0 0 0 1 0 0 1 2 1 0 1 0 2 9 0 5 99 186 249 253 222 32 0 7 4 0 3 0 0 0 0 5 0 0 0 0 0 0 0 10 6 72 168 232 255 255 255 243 180 79 0 11 0 0 0 0 0 0 0 1 0 0 2 0 0 5 19 93 213 255 250 249 254 244 247 255 236 240 100 0 11 0 0 0 0 0 0 0 0 0 4 1 0 17 38 238 255 253 250 255 243 181 142 235 255 255 244 101 12 0 18 0 0 0 0 0 0 1 1 0 0 5 30 225 235 255 227 104 3 0 1 74 223 226 255 249 21 9 0 0 0 0 0 5 0 9 0 0 16 0 0 25 197 75 0 0 8 0 0 0 107 251 253 255 25 0 11 0 0 0 0 0 2 0 0 1 0 0 28 8 0 8 18 0 0 1 3 0 103 248 244 255 15 27 0 0 0 0 0 0 0 0 4 16 26 183 170 53 0 0 0 16 15 0 3 3 174 255 252 255 3 10 1 0 0 0 0 17 0 0 0 0 134 255 203 0 3 11 10 0 0 14 0 75 226 239 255 216 35 0 8 0 0 0 0 0 0 6 4 20 255 255 243 171 93 7 4 29 111 197 216 233 255 255 234 58 0 0 0 0 0 0 0 0 3 6 0 8 152 243 251 255 238 227 220 232 255 240 255 251 241 220 134 9 10 11 2 0 0 0 0 0 0 5 0 13 25 229 255 255 249 255 251 248 255 255 243 255 186 91 0 0 7 0 0 0 0 0 0 7 0 6 0 0 2 29 129 162 255 197 126 142 17 59 145 45 3 10 9 7 0 0 3 0 0 0 0 0 0 0 0 0 0 0 0 0 0 0 0 0 0 0 0 0 0 0 0 0 0 0 0 0 0 0 0 0 0 0 0 0 0 0 0 0 0 0 0 0 0 0 0 0 0 0 0 0 0 0 0 0 0 0 0 0 0 0 0 0 0 0 0 0 0 0 0 0 0 0 0 0 0 0 0 0 0 0 0 0 0 0 0 0 0 0 0 0 0 0 0 0 0 0 0 0 0 0 0 0 0 0 0 0 0 0 0 0 0 0 0
0 0 0 0 0 0 0 0 0 0 7 8 0 0 16 0 0 0 0 0 0 2 1 0 0 0 0 0 0 0 0 0 0 0 0 0 13 8 0 1 0 0 0 11 24 0 0 12 0 0 7 1 0 0 0 0 0 0 0 0 0 0 0 0 0 0 0 8 1 2 0 6 0 0 16 2 0 3 0 6 0 0 0 0 0 0 0 0 0 0 0 0 3 3 2 0 0 17 9 0 16 0 5 0 3 10 0 5 0 0 0 0 0 0 0 0 0 0 0 0 0 0 0 4 152 228 246 255 184 23 0 6 0 1 9 0 0 0 0 0 0 0 0 0 0 0 0 0 0 2 0 11 231 253 207 241 255 145 42 8 0 0 6 0 0 0 0 0 0 0 0 0 0 0 0 0 2 0 3 0 122 90 9 27 207 255 120 0 6 2 0 0 0 0 0 0 0 0 0 0 0 0 0 0 5 0 15 0 0 9 0 5 164 255 129 1 0 0 3 3 0 0 0 0 0 0 0 0 0 0 0 0 3 1 0 5 0 11 2 20 255 255 98 9 6 0 7 1 0 0 0 0 0 0 0 0 0 0 0 0 0 11 0 0 0 0 53 225 247 212 28 0 0 8 0 5 0 0 0 0 0 0 0 0 0 0 0 0 0 1 4 27 61 167 236 248 255 205 68 0 0 13 0 0 0 0 0 0 0 0 0 0 0 0 0 0 0 113 176 216 245 255 252 250 229 239 235 97 0 1 4 0 0 0 0 0 0 0 0 0 0 0 0 0 139 251 255 255 250 222 117 20 10 89 236 211 0 1 1 9 0 0 0 0 0 0 0 0 0 0 0 0 190 239 247 218 84 0 0 5 0 7 213 255 70 4 0 0 0 0 0 0 0 0 0 0 0 0 0 0 57 121 43 0 3 8 0 0 10 0 198 245 97 2 4 0 0 0 0 0 0 0 0 0 0 0 0 0 0 15 0 9 0 0 5 0 0 69 238 255 55 2 0 5 0 0 0 0 0 4 0 1 9 0 0 2 0 0 0 5 0 9 0 2 6 158 247 203 0 1 6 0 0 0 0 0 0 0 0 0 0 0 0 0 0 10 3 6 0 0 16 0 112 249 255 92 2 0 8 0 0 0 0 0 1 0 3 2 0 0 4 0 20 0 0 0 9 0 14 114 255 253 162 0 12 0 2 4 0 0 0 0 4 0 7 3 0 3 3 0 0 0 0 17 0 8 172 255 234 122 28 0 1 1 4 0 0 0 0 0 2 0 3 0 0 3 0 2 0 31 41 0 99 244 254 224 55 6 0 10 0 6 12 0 0 0 0 0 3 0 4 0 0 4 0 31 173 228 239 230 245 255 215 44 0 0 9 3 0 0 3 3 0 0 0 0 2 0 9 0 4 3 0 75 255 254 255 255 238 166 38 0 8 10 2 0 10 0 0 12 0 0 0 0 0 0 9 0 1 0 0 103 251 252 213 160 53 0 0 7 0 1 0 4 0 14 1 0 0 0 0 0 0 0 0 0 0 0 0 0 0 0 0 0 0 0 0 0 0 0 0 0 0 0 0 0 0 0 0 0 0 0 0 0 0 0 0 0 0 0 0 0 0 0 0 0 0 0 0 0 0 0 0 0 0 0 0 0 0 0 0 0 0 0 0 0 0 0 0 0 0 0 0 0 0 0 0 0 0 0 0 0 0 0 0 0 0 0 0 0 0 0 0 0 0 0 0 0 0 0 0 0 0 0 0 0 0 0 0 0 0 0 0 0
0 0 0 0 0 0 0 0 1 0 3 0 0 2 4 2 0 14 0 1 0 4 4 0 0 0 0 0 0 0 0 0 0 0 0 0 15 0 1 1 3 0 4 0 6 2 7 12 2 0 0 6 0 0 0 0 0 0 0 0 0 0 0 0 0 1 11 0 13 0 5 3 9 0 2 0 0 5 0 8 0 0 0 0 0 0 0 0 0 0 0 0 3 12 0 0 0 2 0 0 3 0 7 5 0 15 0 0 0 0 0 0 0 0 0 0 0 0 0 0 0 0 0 9 8 0 14 6 0 8 0 12 0 4 4 0 0 0 0 0 0 0 0 0 0 0 0 0 1 94 107 113 248 247 225 186 109 86 0 0 0 0 6 7 0 0 0 0 0 0 0 0 0 0 0 0 4 202 248 240 255 255 248 255 255 226 114 0 3 0 2 0 0 0 0 0 0 0 0 0 0 0 0 0 0 59 98 221 142 191 220 212 248 255 210 5 2 0 8 0 0 0 0 0 0 0 0 0 0 0 0 0 0 2 11 0 12 10 0 1 254 240 219 3 1 11 0 8 0 0 0 0 0 0 0 0 0 0 0 0 4 2 0 7 0 0 25 196 255 255 146 14 0 0 13 0 0 0 0 0 0 0 0 0 0 0 0 0 0 0 0 1 9 24 182 245 251 181 9 0 0 0 16 4 0 0 0 0 0 0 0 0 0 0 0 0 4 14 0 3 85 202 241 255 207 100 0 10 7 4 0 0 0 0 0 0 0 0 0 0 0 0 0 0 3 0 18 160 250 243 255 152 7 0 0 0 0 14 1 0 0 0 0 0 0 0 0 0 0 0 0 0 0 14 33 244 255 252 67 7 0 5 14 12 1 0 6 0 0 0 0 0 0 0 0 0 0 0 0 0 0 0 9 169 231 255 222 133 15 0 0 0 4 0 0 9 0 0 0 0 0 0 0 0 0 0 0 0 3 0 0 48 152 243 255 245 26 12 5 2 0 15 0 3 0 0 0 0 0 0 0 0 0 0 0 0 0 5 0 4 45 148 255 255 249 134 0 0 1 0 2 0 0 0 0 0 0 0 0 0 0 0 0 0 0 1 1 16 0 1 118 243 255 161 1 0 0 0 0 5 0 0 0 0 0 0 0 0 0 0 0 0 7 0 2 0 15 20 0 173 255 210 30 6 0 0 0 4 0 0 0 0 0 0 0 0 0 0 0 0 0 1 0 11 0 0 8 139 245 236 54 9 0 3 0 0 0 0 0 0 0 0 0 0 0 0 0 0 8 0 5 0 1 18 28 197 255 215 35 0 0 4 1 0 0 0 0 0 0 0 0 0 0 0 0 0 0 0 0 11 0 40 200 252 255 161 8 0 5 0 0 1 0 0 0 0 0 0 0 0 0 0 0 0 12 0 15 0 83 191 255 255 192 72 1 0 5 0 0 0 0 0 0 0 0 0 0 0 0 0 0 0 7 25 132 183 246 253 255 222 58 0 2 0 0 0 14 0 0 0 0 0 0 0 0 0 0 0 0 0 12 131 248 254 237 255 215 52 0 0 0 0 0 0 0 0 0 0 0 0 0 0 0 0 0 0 0 0 0 0 6 14 0 5 14 0 0 0 0 0 0 0 0 0 0 0 0 0 0 0 0 0 0 0 0 0 16 0 0 5 0 0 0 3 0 0 0 0 0 0 0 0 0 0 0 0 0 0 0 0 0 0 0 0 0 3 3 1 6 8 4 3 0 0 0 0 0 0 0 0 0 0 0 0
0 0 0 0 0 0 0 0 2 0 3 0 6 5 0 0 0 14 0 5 1 6 3 0 0 0 0 0 0 0 0 0 0 0 0 0 0 0 13 3 0 0 4 14 8 0 11 0 0 0 0 12 0 0 0 0 0 0 0 0 0 0 0 0 3 0 0 3 0 3 0 0 0 1 0 22 0 4 0 0 0 0 0 0 0 0 0 0 0 0 0 0 1 5 0 9 0 0 17 16 8 4 3 4 0 1 1 8 0 0 0 0 0 0 0 0 0 0 0 0 8 0 10 0 15 0 14 0 11 0 4 0 10 8 0 3 0 0 0 0 0 0 0 0 0 0 0 0 0 1 0 128 119 255 246 255 236 161 1 6 0 0 1 0 0 0 0 0 0 0 0 0 0 0 0 0 0 23 195 238 255 255 255 246 255 242 49 10 0 0 17 0 0 0 0 0 0 0 0 0 0 0 0 0 8 54 248 255 255 248 250 255 255 255 255 0 4 0 0 1 0 0 0 0 0 0 0 0 0 0 0 0 0 255 238 255 182 12 2 0 133 248 255 62 0 6 5 0 0 0 0 0 0 0 0 0 0 0 0 0 1 237 255 199 1 3 0 21 0 255 255 123 9 0 0 1 0 0 0 0 0 0 0 0 0 0 0 0 0 71 44 0 0 5 4 0 121 253 255 123 0 22 0 2 0 0 0 0 0 0 0 0 0 0 0 0 6 10 0 14 6 0 0 67 216 247 255 80 0 4 3 2 0 0 0 0 0 0 0 0 0 0 0 0 0 0 0 0 4 0 214 249 227 255 166 15 3 0 14 0 0 0 0 0 0 0 0 0 0 0 0 0 8 2 0 78 133 244 244 255 255 197 23 0 6 9 2 0 0 0 0 0 0 0 0 0 0 0 0 0 0 13 0 115 255 255 250 255 242 136 0 9 0 8 0 14 0 0 0 0 0 0 0 0 0 0 0 0 9 3 0 130 252 255 255 253 255 255 3 0 6 0 1 0 0 0 0 0 0 0 0 0 0 0 0 0 5 5 0 0 127 130 0 133 252 255 186 0 2 0 8 1 0 0 0 0 0 0 0 0 0 0 0 0 1 0 14 9 0 13 0 0 255 235 255 5 0 18 0 0 0 0 0 0 0 0 0 0 0 0 0 0 0 34 0 0 3 0 17 71 245 255 198 0 7 5 0 0 0 0 0 0 0 0 0 0 0 0 0 0 0 0 0 8 7 8 53 255 254 255 59 0 4 0 2 0 0 0 0 0 0 0 0 0 0 0 0 0 141 255 74 2 0 63 180 250 255 127 3 12 0 7 5 0 0 0 0 0 0 0 0 0 0 0 0 0 251 255 251 54 1 255 255 255 164 19 0 6 9 1 0 5 0 0 0 0 0 0 0 0 0 0 0 0 126 255 255 255 246 237 255 193 25 2 0 0 18 0 0 7 0 0 0 0 0 0 0 0 0 0 0 0 0 72 238 255 255 255 183 4 0 2 13 12 0 12 3 0 0 0 0 0 0 0 0 0 0 0 0 0 0 2 62 135 241 193 9 0 0 0 0 0 0 0 0 0 0 0 0 0 0 0 0 0 0 0 0 0 1 0 0 0 16 15 0 5 0 0 0 0 0 0 0 0 0 0 0 0 0 0 0 0 0 0 0 0 10 0 17 3 0 0 5 8 0 0 0 0 0 0 0 0 0 0 0 0 0 0 0 0 0 0 0 0 0 0 0 2 0 3 13 0 0 0 0 0 0 0 0 0 0 0 0 0
2 0 0 6 6 0 0 2 3 0 0 0 0 0 0 0 0 17 0 0 16 1 0 1 0 0 0 0 0 6 0 0 0 2 5 0 7 0 8 6 4 10 0 0 16 0 3 16 0 0 6 3 0 0 0 0 0 7 16 5 0 0 4 7 0 0 13 2 0 0 0 7 0 0 15 0 1 0 4 0 0 0 0 0 15 0 0 0 5 5 0 3 12 12 0 0 0 12 13 0 2 0 6 0 9 9 1 0 0 0 0 0 0 0 7 2 0 8 8 30 129 218 246 255 255 241 255 254 129 15 0 7 4 0 8 0 0 0 0 0 9 10 12 0 15 124 200 253 247 255 235 243 255 244 252 250 243 118 4 0 0 0 4 4 0 0 0 0 0 0 3 17 117 248 255 248 170 154 87 49 66 66 122 254 255 191 8 0 1 3 0 3 0 0 0 0 9 0 10 0 20 79 58 44 0 0 10 0 4 0 19 224 243 157 0 14 0 0 6 0 0 0 0 0 2 6 0 15 0 0 0 0 0 7 0 0 17 0 80 255 249 84 4 0 3 12 0 2 0 0 0 0 0 4 0 0 0 1 8 16 8 0 0 16 0 36 166 241 225 24 0 13 0 0 8 0 0 0 0 0 11 0 0 11 16 8 0 0 0 15 0 0 50 241 255 255 14 7 13 0 6 13 0 0 0 0 0 0 0 0 6 1 0 0 0 24 16 0 37 113 236 245 223 27 6 0 2 3 0 0 0 1 0 0 0 0 0 7 8 0 0 5 0 0 0 44 183 255 253 255 197 156 85 109 104 34 0 3 7 0 0 0 0 0 10 0 0 11 12 0 10 0 122 231 250 239 255 248 255 252 255 225 253 238 111 20 6 0 0 0 0 0 0 0 0 18 0 0 121 187 255 235 251 255 165 173 156 162 255 255 255 255 249 179 71 0 0 0 0 0 0 9 0 0 0 59 240 255 249 178 110 28 0 0 18 2 25 22 115 228 255 255 187 24 0 0 0 0 0 4 0 5 0 4 81 124 1 0 2 0 0 1 9 0 0 4 0 46 250 255 255 127 0 0 0 0 0 0 0 5 8 1 8 0 0 3 0 8 21 0 0 6 0 6 0 3 14 249 240 162 0 0 0 0 0 11 2 0 0 0 9 4 4 0 0 0 0 10 18 0 1 9 0 1 157 253 255 120 0 0 0 0 7 5 0 0 7 5 0 0 0 0 10 5 0 0 2 0 0 0 48 160 255 238 214 37 0 0 0 0 0 0 0 4 9 0 0 22 154 255 186 20 0 16 0 11 0 70 236 236 235 254 84 0 0 0 0 0 0 1 7 0 0 0 20 98 255 248 146 59 48 19 40 145 171 246 249 255 235 61 11 12 0 0 0 0 10 1 0 0 11 10 0 34 253 247 250 253 239 226 242 255 255 232 226 129 10 0 0 0 0 0 0 0 0 3 7 0 7 5 0 13 36 144 231 253 255 254 246 244 182 64 24 0 11 0 3 5 0 0 0 0 0 0 0 0 0 0 0 0 0 0 0 0 0 0 0 0 0 0 0 0 0 0 0 0 0 0 0 0 0 0 0 0 0 0 0 0 0 0 0 0 0 0 0 0 0 0 0 0 0 0 0 0 0 0 0 0 0 0 0 0 0 0 0 0 0 0 0 0 0 0 0 0 0 0 0 0 0 0 0 0 0 0 0 0 0 0 0 0 0 0 0 0 0 0 0 0 0 0 0 0 0 0 0 0 0 0 0 0 0 0 0 0
0 0 0 0 0 0 0 0 2 0 0 0 4 0 2 4 2 0 13 2 0 6 2 0 0 0 0 0 0 0 0 0 0 0 0 0 0 8 0 10 0 10 0 0 0 11 0 2 6 0 11 0 0 0 0 0 0 0 0 0 0 0 0 0 4 0 8 0 0 0 12 0 8 0 8 0 0 20 0 9 0 0 0 0 0 0 0 0 0 0 0 0 0 0 0 19 0 0 0 1 0 9 1 3 2 0 8 0 0 0 0 0 0 0 0 0 0 0 0 0 9 14 88 116 225 169 106 2 5 0 0 19 4 0 5 2 0 0 0 0 0 0 0 0 0 0 0 0 153 237 255 249 254 254 244 252 146 26 0 0 0 11 0 9 0 0 0 0 0 0 0 0 0 0 0 0 210 255 250 167 156 134 172 251 253 180 23 0 8 0 10 0 0 0 0 0 0 0 0 0 0 0 0 0 68 96 17 6 0 1 3 127 255 255 144 0 0 15 0 7 0 0 0 0 0 0 0 0 0 0 0 0 0 0 2 0 8 9 0 34 206 255 237 34 3 3 0 5 0 0 0 0 0 0 0 0 0 0 0 0 6 1 16 7 0 2 0 0 121 238 255 98 10 0 3 3 0 0 0 0 0 0 0 0 0 0 0 0 0 0 0 3 0 6 2 2 163 253 241 83 0 0 14 0 0 0 0 0 0 0 0 0 0 0 0 0 0 12 2 14 0 9 55 157 244 238 95 0 9 5 0 10 0 0 0 0 0 0 0 0 0 0 0 0 11 0 0 41 93 167 218 255 194 54 0 10 0 0 19 0 0 0 0 0 0 0 0 0 0 0 0 0 0 9 171 253 245 252 179 53 14 3 0 0 8 1 0 2 0 0 0 0 0 0 0 0 0 0 0 0 10 6 199 251 245 255 186 13 0 0 32 0 0 3 4 0 0 0 0 0 0 0 0 0 0 0 0 0 0 0 169 164 173 239 252 206 95 0 0 0 7 0 3 2 0 0 0 0 0 0 2 3 0 3 0 0 0 0 10 4 2 54 208 255 238 153 0 5 9 0 4 0 0 0 0 0 4 0 0 0 0 3 7 6 0 7 0 0 6 6 93 239 255 234 97 0 5 4 0 3 0 0 0 0 0 0 8 8 0 0 1 0 6 0 5 1 3 0 0 69 194 250 255 102 14 1 0 8 0 0 0 0 10 0 0 0 2 0 8 0 4 0 12 2 0 19 1 54 226 245 252 99 0 3 5 1 0 0 0 0 8 0 0 0 8 0 16 0 12 0 12 29 68 141 162 255 255 248 158 59 6 0 0 2 0 0 0 0 0 1 12 2 5 6 112 156 132 185 251 255 249 255 255 254 244 144 1 0 0 16 9 2 0 0 0 0 0 7 8 0 0 15 167 239 255 255 243 240 244 254 255 156 47 0 0 13 0 0 12 0 0 0 0 0 0 0 0 0 15 0 19 0 42 162 151 132 103 0 0 1 0 2 9 0 7 0 2 2 0 0 0 0 0 0 0 0 0 0 0 0 0 0 0 0 0 0 0 0 0 0 0 0 0 0 0 0 0 0 0 0 0 0 0 0 0 0 0 0 0 0 0 0 0 0 0 0 0 0 0 0 0 0 0 0 0 0 0 0 0 0 0 0 0 0 0 0 0 0 0 0 0 0 0 0 0 0 0 0 0 0 0 0 0 0 0 0 0 0 0 0 0 0 0 0 0 0 0 0 0 0 0 0 0 0 0 0 0 0 0 0 0 0 0 0
0 0 0 0 0 0 0 0 0 0 1 0 0 0 0 5 4 0 5 0 0 7 0 4 0 0 0 0 0 0 0 0 0 0 0 0 9 4 0 0 10 16 5 0 0 0 5 5 5 6 0 6 0 0 0 0 0 0 0 0 0 0 0 0 0 5 6 0 0 0 0 0 11 0 0 0 0 0 0 11 0 0 0 0 0 0 0 0 0 0 0 0 1 1 0 1 4 8 8 7 0 1 6 5 5 6 0 0 0 0 0 0 0 0 0 0 0 0 0 0 5 0 1 7 2 0 0 0 4 8 0 0 0 5 11 3 0 0 0 0 0 0 0 0 0 0 0 0 6 0 0 0 1 4 7 12 0 0 0 4 2 0 0 0 0 0 0 0 0 0 0 0 0 0 0 0 0 13 48 106 181 240 255 243 251 211 151 115 50 0 0 13 0 0 0 0 0 0 0 0 0 0 0 0 31 144 248 255 242 236 244 246 247 240 242 255 184 42 0 0 0 0 0 0 0 4 2 1 3 0 7 106 247 255 221 109 89 0 6 0 0 42 168 243 255 212 0 4 0 0 0 0 0 6 0 0 14 0 105 250 253 113 3 0 8 0 0 14 1 0 0 210 248 255 15 0 0 0 0 0 4 2 15 10 0 14 255 249 134 27 0 11 1 10 0 1 9 6 0 234 253 237 20 4 0 0 0 0 0 0 0 3 11 11 255 200 2 0 0 0 0 4 8 0 0 7 153 243 244 169 0 8 0 0 0 0 12 15 0 0 4 11 233 121 0 3 6 10 16 0 2 3 40 175 249 254 168 2 22 0 0 0 0 0 0 0 11 0 0 31 206 75 0 17 0 0 0 0 51 88 236 255 255 152 16 0 0 11 0 0 0 0 7 14 0 0 10 0 2 10 5 0 0 11 59 151 234 244 254 153 81 15 0 24 1 0 0 0 0 0 0 0 0 2 2 9 0 2 0 2 153 197 250 252 255 201 94 6 15 0 14 0 8 0 0 0 0 0 0 0 0 0 0 0 0 0 0 80 237 255 254 255 217 79 70 38 9 0 15 0 0 6 0 0 0 0 0 0 0 0 0 0 0 0 10 120 248 255 252 242 248 252 247 248 197 23 0 15 3 0 0 0 0 0 0 0 0 0 0 0 0 0 0 11 53 83 155 182 171 174 239 236 255 171 0 0 21 0 0 0 0 0 0 0 0 0 0 0 0 0 13 0 0 0 0 12 8 0 50 225 248 254 31 0 0 0 0 0 0 0 0 0 0 0 0 0 0 0 0 0 11 11 0 0 0 2 56 253 252 234 29 2 0 6 0 0 0 0 0 0 0 0 0 0 0 0 2 9 0 0 5 2 4 89 219 255 253 136 0 0 6 2 0 0 0 0 0 0 0 0 0 0 0 0 0 14 8 0 0 36 113 253 242 237 175 10 4 19 0 0 0 0 0 0 0 0 0 0 0 0 0 0 8 0 6 75 138 242 255 253 168 45 0 0 9 0 7 7 0 0 0 0 0 0 0 0 0 0 0 0 25 238 249 239 255 250 225 93 0 0 0 0 0 0 0 0 0 0 0 0 0 0 0 0 0 0 0 0 159 255 255 214 137 35 4 0 0 0 0 0 0 0 0 0 0 0 0 0 0 0 0 0 0 0 0 0 0 0 5 7 11 3 0 12 0 0 0 0 0 0 0 0 0 0 0 0 0 0 0 0 0 0 0 0 13 0 7 0 0 7 0 0 0 0 0 0 0 0 0 0 0 0 0 0
0 3 0 0 7 0 3 0 0 0 0 4 6 0 4 0 0 0 0 0 0 0 0 0 0 0 0 0 6 0 0 2 6 0 2 0 0 7 0 10 0 0 18 0 0 0 0 0 0 0 0 0 0 0 0 0 0 0 5 5 0 4 5 3 1 0 4 6 0 7 0 4 0 0 0 0 0 0 0 0 0 0 0 0 0 8 5 0 0 3 0 0 0 23 0 7 0 22 0 0 0 0 0 0 0 0 0 0 0 0 0 0 0 13 0 0 7 0 21 62 182 253 137 102 29 0 6 15 0 0 0 0 0 0 0 0 0 0 0 0 0 7 0 2 5 1 144 239 255 255 247 255 213 109 0 0 0 0 0 0 0 0 0 0 0 0 0 0 0 0 2 4 0 32 250 255 245 142 165 216 254 255 103 0 0 0 0 0 0 0 0 0 0 0 0 0 8 0 0 0 6 70 255 115 0 9 0 6 55 190 252 43 0 0 0 0 0 0 0 0 0 0 0 0 0 2 2 0 4 29 34 11 0 13 0 0 3 78 255 155 0 15 3 0 0 0 4 0 0 0 0 0 0 0 0 0 0 10 14 0 14 0 0 0 0 73 236 238 12 0 3 7 0 0 18 0 0 0 0 0 3 0 0 0 0 0 3 0 0 0 19 0 25 178 255 144 0 2 0 0 12 5 0 5 0 0 0 0 4 0 0 4 0 0 3 2 3 19 9 82 229 255 238 21 67 58 12 0 0 20 0 1 0 0 0 0 1 0 0 4 0 0 1 2 0 1 248 250 248 250 252 241 241 239 162 20 9 0 0 8 0 0 0 0 3 0 1 5 0 0 1 0 17 127 255 252 255 203 229 208 237 255 245 239 4 3 2 0 0 0 0 0 4 0 4 4 0 2 4 0 6 101 236 220 111 3 23 25 41 91 177 246 179 11 0 1 0 0 0 0 0 0 0 0 0 3 6 0 0 2 26 13 0 6 0 5 0 13 17 250 255 104 0 8 0 0 0 0 0 0 0 0 0 0 0 0 2 0 0 3 2 0 2 4 0 14 0 89 238 137 0 1 0 0 0 0 0 0 0 0 0 0 0 0 6 0 3 7 0 0 5 0 0 0 3 0 233 237 19 11 0 0 0 0 0 0 0 0 0 0 0 0 1 1 4 0 3 0 10 17 0 9 4 3 211 242 88 0 0 0 0 0 0 0 0 0 0 0 0 0 0 11 15 0 13 8 0 0 4 0 49 196 255 253 13 4 0 0 0 0 0 0 0 0 0 0 0 0 0 4 45 35 0 2 9 4 20 121 215 250 255 163 7 0 0 0 0 0 0 0 0 0 0 0 0 0 0 168 255 239 215 139 51 103 247 251 253 255 251 28 20 0 0 0 0 0 0 0 0 0 0 0 0 0 3 82 252 255 255 250 255 241 253 255 255 250 66 10 0 19 0 0 0 0 0 0 0 0 0 0 0 0 1 4 51 21 198 249 255 251 149 136 42 40 6 0 8 0 0 0 0 0 0 0 0 0 0 0 0 0 0 0 0 0 0 0 0 0 0 0 0 0 0 0 0 0 0 0 0 0 0 0 0 0 0 0 0 0 0 0 0 0 0 0 0 0 0 0 0 0 0 0 0 0 0 0 0 0 0 0 0 0 0 0 0 0 0 0 0 0 0 0 0 0 0 0 0 0 0 0 0 0 0 0 0 0 0 0 0 0 0 0 0 0 0 0 0 0 0 0 0 0 0 0 0 0 0 0 0 0 0 0 0 0
0 0 0 11 0 1 0 13 2 1 7 0 0 10 0 1 0 0 0 1 1 0 0 0 0 0 0 0 0 1 0 8 6 0 0 0 3 0 4 3 2 3 0 8 0 0 0 0 1 1 0 0 0 0 0 0 3 7 0 0 5 0 10 8 5 0 3 4 0 0 0 2 0 0 0 0 0 1 1 1 0 0 0 0 0 5 0 4 0 0 0 0 1 0 2 0 0 5 11 5 0 0 0 0 0 1 2 2 0 0 0 0 0 1 1 7 0 18 0 11 7 1 0 1 0 0 0 0 0 0 0 0 0 0 2 2 0 0 0 0 9 0 0 2 0 11 0 0 0 1 0 7 18 0 0 5 2 1 0 0 0 0 1 2 0 0 0 0 0 0 2 11 1 0 29 0 0 28 0 0 0 0 0 3 4 2 0 0 0 0 0 0 0 0 0 0 1 6 0 0 10 0 177 155 155 224 156 57 40 43 36 13 5 4 1 0 0 0 0 0 0 0 0 0 0 9 0 3 11 0 237 255 255 253 255 250 255 251 248 224 183 19 0 5 0 0 0 1 0 0 0 0 1 0 7 0 0 0 81 141 174 146 157 220 255 255 242 255 255 114 0 9 3 0 14 0 0 0 0 0 0 2 4 0 0 10 0 36 0 11 0 15 114 250 254 242 238 116 0 0 0 0 11 0 0 0 0 0 0 14 0 4 9 9 0 4 4 0 19 47 244 250 255 207 90 24 3 0 0 6 0 6 0 0 0 0 0 10 0 8 2 0 5 0 0 0 16 175 255 214 113 3 0 0 8 5 5 7 0 8 0 0 0 0 2 0 8 4 0 0 4 0 0 1 144 255 207 0 1 17 0 9 0 7 4 0 6 0 0 0 0 0 0 0 7 2 0 7 2 0 0 12 153 226 84 3 1 0 6 7 0 2 0 0 11 0 0 0 0 0 0 15 0 2 0 6 4 0 7 0 118 204 0 12 0 9 1 0 10 7 0 8 0 2 0 0 0 0 0 0 0 0 0 0 0 0 10 0 19 229 216 104 0 0 0 0 14 0 15 10 0 1 0 0 0 0 0 0 0 0 0 0 0 0 0 0 5 9 153 230 230 27 30 42 0 8 0 0 4 11 0 0 0 0 0 0 0 0 0 0 0 0 13 0 8 0 0 19 145 143 251 228 78 0 0 12 9 0 0 0 0 0 0 0 0 0 0 0 0 0 0 3 0 25 0 19 23 0 48 155 216 20 0 0 0 9 0 0 0 0 0 0 0 0 0 0 0 0 0 4 0 0 3 0 0 11 2 63 233 53 0 8 0 6 0 0 0 0 0 0 0 0 0 0 0 0 0 15 5 0 4 0 0 6 0 0 209 185 4 0 5 0 0 0 0 0 0 0 0 0 0 0 0 0 6 1 0 10 9 7 0 11 5 17 208 252 2 0 10 0 0 0 0 0 0 0 0 0 0 0 0 0 0 0 13 0 0 0 11 0 0 69 249 241 0 5 0 1 0 0 0 0 0 0 0 0 0 0 0 0 2 3 2 1 0 0 0 0 13 184 249 181 0 3 1 0 0 0 0 0 0 0 0 0 0 0 0 0 0 2 4 2 0 0 7 13 92 255 251 62 0 2 4 0 0 0 0 0 0 0 0 0 0 0 0 0 0 1 5 2 0 0 10 20 226 255 201 4 7 0 7 15 0 0 0 0 0 0 0 0 0 0 0 0 0 1 2 0 0 0 3 9 0 0 4 0 9 0 0 0 0 0 0 0
0 8 11 0 2 0 0 4 2 0 2 0 2 0 5 2 0 0 0 0 0 0 0 0 0 0 0 0 6 0 0 12 8 9 2 0 0 0 0 19 2 2 0 2 0 0 0 0 0 0 0 0 0 0 0 0 12 0 0 14 0 0 0 0 0 13 0 0 2 4 0 8 0 0 0 0 0 0 0 0 0 0 0 0 4 0 0 12 0 8 3 0 4 0 4 0 5 5 13 0 0 0 0 0 0 0 0 0 0 0 0 0 0 11 0 0 26 37 42 51 34 0 24 19 0 0 23 0 0 0 0 0 0 0 0 0 0 0 0 0 0 3 0 24 183 254 255 243 225 187 125 90 28 5 0 16 0 0 0 0 0 0 0 0 0 0 0 0 0 17 0 0 30 96 174 248 240 255 255 255 242 170 38 0 0 0 0 0 0 0 0 0 0 0 0 0 0 7 0 5 0 4 1 17 90 77 154 203 239 255 220 50 0 0 0 0 0 0 0 0 0 0 0 0 0 2 8 0 0 0 6 0 1 11 0 0 79 149 253 178 8 0 2 0 0 0 0 5 0 0 0 0 6 0 0 0 0 7 11 5 0 0 16 3 0 0 255 254 20 2 3 1 6 9 0 0 0 0 0 0 6 0 0 2 4 0 0 0 13 12 0 0 0 113 224 236 15 1 1 0 0 0 0 9 0 0 0 0 0 3 3 2 2 0 0 1 0 0 19 0 70 255 255 100 0 0 7 6 7 8 0 0 0 0 0 0 0 6 0 0 4 7 4 10 18 1 24 181 249 246 120 0 15 0 0 0 0 6 0 0 0 0 0 0 0 5 0 0 9 0 0 0 0 133 248 253 222 105 0 2 0 0 9 0 0 2 0 11 0 0 0 0 0 4 0 3 7 0 14 77 238 253 255 231 81 150 157 255 196 169 132 70 25 9 0 0 0 0 0 0 1 4 0 0 0 5 102 246 254 254 245 255 255 237 252 255 249 240 250 254 246 192 76 0 0 0 0 0 0 0 0 6 0 14 121 242 243 240 139 136 115 4 33 14 22 30 51 127 206 246 240 146 0 0 0 0 5 0 3 7 0 0 12 53 41 0 14 0 0 5 8 0 0 0 17 7 11 53 255 255 0 0 0 0 0 0 1 4 7 6 1 0 7 0 2 0 7 0 2 1 0 3 7 0 0 157 250 210 0 0 0 0 1 2 0 0 0 3 6 4 4 0 6 0 4 11 29 11 0 6 6 106 240 255 216 56 0 0 0 0 0 0 1 2 0 0 0 0 0 4 0 17 3 76 254 121 98 133 228 254 237 159 52 7 0 0 0 0 2 0 0 6 10 5 3 8 12 0 19 0 0 116 255 255 241 255 230 214 49 0 3 0 0 0 0 0 8 0 0 0 0 0 0 0 0 0 0 0 5 24 132 189 198 60 23 6 2 0 1 6 0 0 0 0 0 2 8 4 0 1 3 2 3 3 0 1 4 0 9 0 0 12 0 3 0 14 0 1 0 0 0 0 0 0 0 0 0 0 0 0 0 0 0 0 0 0 0 0 0 0 0 0 0 0 0 0 0 0 0 0 0 0 0 0 0 0 0 0 0 0 0 0 0 0 0 0 0 0 0 0 0 0 0 0 0 0 0 0 0 0 0 0 0 0 0 0 0 0 0 0 0 0 0 0 0 0 0 0 0 0 0 0 0 0 0 0 0 0 0 0 0 0 0 0 0 0 0 0 0 0 0 0 0 0 0 0 0 0 0 0 0 0 0 0
0 0 0 0 0 0 0 0 5 0 6 0 1 0 13 0 6 0 11 1 0 0 0 11 0 0 0 0 0 0 0 0 0 0 0 0 2 0 6 0 0 2 0 5 0 0 0 7 8 2 5 0 0 0 0 0 0 0 0 0 0 0 0 0 0 7 0 6 0 6 0 5 6 10 2 1 0 0 6 3 0 0 0 0 0 0 0 0 0 0 0 0 0 13 0 8 0 0 18 0 0 0 1 0 0 6 0 0 0 0 0 0 0 0 0 0 0 0 0 0 15 0 0 1 10 0 7 3 0 11 0 0 1 0 4 17 0 0 0 0 0 0 0 0 0 0 0 0 0 1 22 9 118 136 127 255 255 213 52 14 10 0 9 0 0 0 0 0 0 0 0 0 0 0 0 0 13 51 213 255 247 255 255 241 244 255 238 215 155 46 0 1 0 0 0 0 0 0 0 0 0 0 0 0 32 233 254 251 253 248 255 255 255 230 255 255 244 171 5 0 0 0 0 0 0 0 0 4 2 0 4 18 156 246 255 208 198 97 88 84 85 88 86 132 255 224 29 0 0 0 0 0 1 0 0 3 1 0 3 15 226 203 130 29 4 0 18 0 0 0 2 29 92 203 145 9 0 0 0 0 3 0 0 3 1 0 1 11 40 41 5 0 0 0 0 10 16 0 45 188 209 220 60 0 0 0 0 0 3 0 0 2 0 0 0 7 9 0 0 12 1 6 0 0 0 73 231 251 255 105 0 10 0 0 0 0 4 1 1 1 0 0 0 3 54 212 231 217 220 201 161 214 206 255 252 243 128 15 4 0 0 0 0 0 3 2 1 0 0 0 0 0 116 248 252 246 251 255 255 255 255 241 237 56 0 20 1 2 0 0 0 0 1 1 0 0 0 1 0 0 67 252 255 249 255 248 248 245 242 255 73 11 6 0 0 0 0 0 0 0 0 1 0 0 0 2 1 0 26 226 255 244 244 244 242 127 148 255 218 10 13 6 0 6 0 0 0 0 0 3 12 0 15 0 0 4 2 76 109 114 58 0 4 1 96 240 189 19 4 0 0 4 0 0 0 0 16 0 0 0 0 0 0 0 4 11 0 0 15 7 2 0 44 246 255 90 0 0 16 0 0 0 0 0 0 0 8 11 0 11 19 0 0 3 3 0 0 0 0 46 189 238 138 42 4 0 6 0 0 0 0 0 2 0 0 0 11 121 131 15 0 0 8 0 8 8 11 104 197 255 146 40 12 0 0 5 0 0 0 0 0 9 12 5 0 145 238 171 40 0 0 0 0 0 21 186 254 249 78 0 0 12 4 0 0 0 0 0 8 1 0 0 1 116 244 238 103 103 77 20 83 197 223 251 244 110 8 16 2 0 0 3 0 0 0 0 0 0 6 11 0 25 181 255 255 246 241 229 241 251 238 255 167 33 0 6 0 4 15 1 0 0 0 0 3 4 0 2 0 8 160 253 247 255 255 244 253 255 201 133 61 0 7 0 0 3 0 0 0 0 0 0 7 0 0 4 0 0 47 117 170 234 255 255 243 251 12 0 0 0 0 0 0 0 0 0 0 0 0 0 0 0 1 7 3 0 5 22 0 9 1 0 0 30 0 0 0 0 0 0 0 0 0 0 0 0 0 0 0 3 2 0 0 4 0 0 1 0 0 4 0 0 9 9 0 0 0 0 0 0 0 0 0 0 0 0 0 6 5 0 0 3 8 4 12 0 1 17 11 0 9 0 0 0 0 0 0 0 0 0 0 0 0 0
0 0 0 0 0 0 0 0 0 12 1 0 0 0 0 0 0 3 3 0 0 0 5 2 6 0 0 0 0 0 0 0 0 0 0 0 10 0 0 0 5 16 5 3 4 1 0 0 7 10 2 0 3 0 5 10 0 0 0 0 0 0 0 0 5 0 19 4 0 0 0 6 0 0 0 0 0 0 1 12 0 0 0 8 0 0 0 0 0 0 0 0 0 0 0 2 0 5 3 0 15 4 0 4 5 0 0 0 7 0 0 0 0 0 0 0 0 0 0 0 13 6 0 22 15 0 2 7 0 0 1 7 0 0 0 7 4 5 8 3 0 0 0 0 0 0 0 0 21 220 255 192 120 140 247 253 181 157 120 80 42 13 0 0 0 0 9 7 0 0 0 0 0 0 0 0 170 251 250 255 255 243 254 253 252 240 238 255 255 223 127 43 16 0 0 2 0 0 0 0 0 0 0 0 66 180 218 217 246 247 225 216 215 220 220 222 234 252 255 253 86 21 0 0 0 2 0 1 9 1 2 5 0 13 3 12 51 93 0 8 3 0 0 0 65 133 255 249 159 14 0 4 2 3 0 0 0 0 0 0 4 0 0 10 0 0 7 0 38 129 184 179 178 214 252 224 60 0 0 4 0 0 3 2 0 0 5 1 0 7 0 11 115 71 5 106 224 255 250 167 170 179 122 42 0 0 12 4 1 0 5 2 0 5 6 2 0 0 40 86 67 97 85 164 240 247 222 30 14 1 7 0 0 3 13 0 6 0 5 0 0 1 0 0 51 212 226 255 250 249 242 255 255 248 200 3 0 0 0 0 2 3 0 0 4 0 5 0 0 3 0 30 190 253 249 244 255 255 255 247 241 255 233 93 0 5 1 14 0 0 0 0 0 0 7 0 5 5 2 79 255 239 255 255 241 244 245 255 251 253 255 222 63 13 0 0 0 3 3 6 0 2 10 0 1 0 0 101 234 250 140 85 0 0 16 0 133 104 202 255 152 35 0 0 0 0 0 0 0 8 0 2 2 0 7 0 3 0 2 0 0 6 0 0 0 3 17 210 251 202 29 0 0 0 0 0 0 0 1 0 1 0 13 0 7 0 5 10 4 0 0 10 17 0 7 101 254 224 18 7 0 0 0 0 4 0 16 8 0 4 17 0 0 0 9 0 0 4 5 0 1 0 0 79 229 236 24 0 0 0 0 0 0 4 10 0 1 145 162 53 3 3 6 0 4 12 0 0 0 56 108 254 255 133 12 0 0 0 0 0 1 0 0 19 6 142 236 249 50 12 0 0 18 0 0 84 93 210 246 233 162 0 11 0 0 0 0 0 0 14 0 0 0 168 255 236 239 75 86 93 0 63 217 243 254 255 162 31 3 0 0 0 0 0 0 0 0 5 2 12 13 95 245 255 241 242 255 245 238 255 255 249 229 135 8 0 0 23 0 8 0 0 0 0 4 0 0 0 0 6 198 251 255 249 255 249 248 248 194 138 26 0 4 11 0 0 16 0 0 0 0 0 0 1 0 0 0 6 15 23 136 213 246 216 129 120 31 0 0 0 0 0 0 0 0 0 0 0 0 0 0 1 1 0 0 0 3 7 0 3 6 8 0 8 0 0 0 0 0 0 0 0 0 0 0 0 0 0 0 0 2 1 0 0 0 0 5 0 0 3 9 7 0 7 0 0 0 0 0 0 0 0 0 0 0 0 0 0 1 3 2 1 0 0 5 1 10 0 2 0 0 0 0 0 0 0 0 0 0 0 0 0 0 0
0 0 0 0 0 0 0 0 0 0 0 2 0 0 0 2 0 0 2 3 0 12 0 0 0 0 0 0 0 0 0 0 0 0 0 0 1 15 0 0 9 0 16 0 0 2 0 0 0 7 0 1 0 0 0 0 0 0 0 0 0 0 0 0 0 0 12 1 11 0 0 9 1 8 0 1 1 0 0 2 0 0 0 0 0 0 0 0 0 0 0 0 10 0 0 0 0 10 0 0 0 9 0 4 3 0 0 0 0 0 0 0 0 0 0 0 0 0 0 0 2 16 77 148 218 250 246 77 0 0 4 4 0 0 5 0 0 0 0 0 0 0 0 0 0 0 0 0 0 6 229 183 180 202 224 240 51 0 3 0 0 0 7 0 0 0 0 0 0 0 0 0 0 0 0 0 7 7 13 8 5 0 146 255 156 5 0 0 0 2 2 0 0 0 0 0 0 0 0 0 0 0 0 0 0 0 0 6 0 10 8 189 247 23 0 0 0 5 0 0 0 0 0 0 0 0 0 0 0 0 0 0 0 7 0 0 3 0 3 176 180 0 14 0 1 14 0 0 0 0 0 0 0 0 0 0 0 0 0 0 0 0 0 12 15 0 69 235 105 0 0 21 0 0 0 4 0 0 0 0 0 0 0 0 0 0 0 0 9 1 0 1 0 37 200 198 0 9 0 11 0 0 0 3 0 0 0 0 0 0 0 0 0 0 0 0 0 10 22 103 196 230 245 139 15 0 10 0 0 10 0 0 0 0 0 0 0 0 0 0 0 0 0 0 22 0 81 244 255 233 252 249 182 52 3 7 0 0 3 0 0 0 0 0 0 0 0 0 0 0 0 0 0 0 4 45 28 9 48 183 255 209 31 0 1 5 0 5 0 0 0 0 0 0 0 0 0 0 0 0 15 8 6 0 0 3 9 0 144 255 144 2 0 14 0 4 0 0 0 0 0 0 0 0 0 0 0 0 0 0 0 2 15 0 1 0 10 161 255 73 0 0 9 0 0 0 0 0 0 0 0 0 0 0 0 0 1 0 0 0 0 2 8 0 5 29 244 121 0 7 0 5 0 0 0 0 0 0 0 0 0 0 0 0 5 0 6 6 0 0 0 2 0 0 208 135 7 7 3 0 0 0 0 0 0 0 0 0 0 0 0 0 0 0 3 0 0 13 0 0 14 94 255 129 0 0 4 0 0 0 0 0 0 0 0 0 0 0 0 0 6 0 14 0 0 4 0 7 76 197 244 88 13 12 6 1 0 0 0 0 0 0 0 0 0 0 0 0 5 0 0 1 0 0 18 92 253 212 99 0 0 0 0 5 0 0 0 0 0 0 0 0 0 0 0 0 0 9 0 0 58 136 209 255 125 45 0 0 11 8 12 0 0 0 0 0 0 0 0 0 0 0 0 0 88 178 199 222 255 250 207 136 10 0 0 14 0 0 9 0 0 0 0 0 0 0 0 0 0 0 0 0 95 166 164 185 162 67 23 0 1 0 0 4 1 0 0 5 0 0 0 0 0 0 0 0 0 0 0 0 0 0 0 0 0 0 0 0 0 0 0 0 0 0 0 0 0 0 0 0 0 0 0 0 0 0 0 0 0 0 0 0 0 0 0 0 0 0 0 0 0 0 0 0 0 0 0 0 0 0 0 0 0 0 0 0 0 0 0 0 0 0 0 0 0 0 0 0 0 0 0 0 0 0 0 0 0 0 0 0 0 0 0 0 0 0 0 0 0 0 0 0 0 0 0 0 0 0 0 0 0 0 0 0
6 0 0 0 0 0 0 1 2 0 0 7 6 0 0 0 11 0 0 1 0 0 2 0 0 0 0 0 0 1 4 6 6 3 0 0 0 14 0 0 10 0 0 15 0 0 6 15 0 2 0 0 0 0 0 0 0 1 3 1 0 0 0 0 0 5 0 0 3 11 9 0 3 5 0 0 0 4 0 2 0 0 0 0 0 0 0 0 0 3 5 4 12 3 4 7 0 0 17 6 0 2 0 9 0 7 0 0 0 0 0 0 2 0 0 0 4 4 1 0 0 5 0 7 12 0 0 5 0 6 0 8 0 0 0 15 0 0 0 0 0 0 3 8 0 0 0 2 0 0 0 126 250 142 1 0 0 7 0 0 10 10 0 0 0 0 0 0 0 0 4 4 0 0 46 112 129 255 255 234 255 255 247 255 255 240 142 5 0 0 4 0 0 0 0 0 0 0 2 2 0 30 149 255 255 254 250 255 254 252 255 253 244 255 234 65 17 0 10 0 0 0 0 0 4 0 9 0 8 50 255 255 253 255 247 255 255 255 255 252 248 255 251 123 1 0 0 12 0 0 0 0 8 0 8 1 0 139 228 249 255 241 255 249 249 242 255 247 255 249 252 138 18 0 16 0 0 0 0 0 0 11 5 0 22 6 255 255 255 249 255 245 255 255 255 255 247 253 245 141 0 1 6 0 0 0 0 0 0 0 11 20 0 1 0 58 129 11 1 52 255 232 243 255 255 255 255 0 0 23 0 17 0 0 0 0 3 9 0 0 15 0 23 0 0 0 0 195 255 255 243 255 254 246 255 255 193 0 0 0 0 0 0 0 0 4 3 2 9 0 0 0 1 12 58 247 246 246 255 241 250 255 239 251 253 246 8 2 0 0 0 0 11 0 0 4 4 10 0 12 0 6 57 255 255 248 248 255 255 241 255 252 255 255 11 0 0 0 0 0 0 8 7 0 0 0 5 0 0 10 0 0 138 130 71 0 11 0 132 255 246 251 0 5 0 0 0 0 6 0 3 3 2 0 3 0 0 1 1 0 0 2 0 0 0 9 0 135 255 255 53 15 0 0 0 0 5 1 6 0 0 12 6 5 0 9 11 0 0 2 7 2 0 0 10 122 244 255 124 0 0 0 0 0 0 4 17 5 0 0 0 0 9 0 0 0 0 0 0 6 21 0 56 255 255 237 8 0 0 0 0 0 6 0 0 0 0 22 193 255 48 24 0 0 10 17 4 0 53 120 255 248 246 66 4 2 0 0 0 0 0 0 8 6 5 0 240 254 255 113 3 7 3 0 17 121 255 255 245 251 204 8 0 0 0 0 0 0 2 5 4 0 0 1 255 250 255 252 252 255 255 255 255 255 252 254 255 178 61 0 5 10 0 0 0 0 1 3 0 0 2 18 234 255 245 255 255 254 250 252 253 250 255 233 199 82 0 15 0 0 0 0 0 0 2 0 0 13 0 0 134 249 255 255 255 255 255 255 255 255 122 140 0 0 0 0 3 0 0 0 0 0 8 0 0 5 0 0 17 51 127 244 255 255 240 188 133 0 0 0 0 0 0 0 0 0 0 0 0 0 0 0 0 4 2 0 0 15 0 22 0 0 0 0 20 0 0 0 0 0 0 0 0 0 0 0 0 0 0 0 0 3 5 1 0 0 5 0 0 0 0 0 1 5 0 0 0 0 0 0 0 0 0 0 0 0 3 2 0 0 1 6 4 0 0 0 7 8 7 5 0 0 0 0 0 0 0 0 0 0 0 0 0 0
0 0 0 0 0 0 0 0 0 2 0 5 0 2 0 2 0 6 0 2 0 6 0 0 0 0 0 0 0 0 0 0 0 0 0 0 0 2 0 1 0 2 3 8 0 0 0 5 3 0 0 12 0 0 0 0 0 0 0 0 0 0 0 0 2 3 6 2 0 0 0 0 0 16 12 0 0 13 9 0 0 0 0 0 0 0 0 0 0 0 0 0 1 0 0 0 0 0 11 15 4 0 0 0 10 0 0 1 0 0 0 0 0 0 0 0 0 0 0 0 0 0 1 3 0 0 0 0 0 0 0 8 4 6 7 1 0 0 0 0 0 0 0 0 0 0 0 0 8 9 0 2 0 9 11 25 127 218 255 163 0 0 2 4 0 0 0 0 0 0 0 0 0 0 0 0 0 3 0 13 13 81 107 147 251 251 255 234 56 5 0 0 0 0 0 0 0 0 0 0 0 0 0 0 48 99 130 220 221 255 245 255 254 246 255 253 54 9 1 4 0 0 0 0 2 0 11 19 0 53 107 214 239 255 250 255 255 244 249 252 250 251 254 111 5 11 0 0 0 0 0 0 0 10 0 0 20 213 255 255 254 249 164 142 123 34 39 119 255 253 170 20 0 0 0 9 0 0 0 0 4 0 0 2 8 102 134 173 119 35 16 2 0 0 62 223 238 233 1 21 0 0 9 0 0 0 0 0 4 0 3 5 0 10 0 5 0 0 0 0 0 60 184 255 245 103 0 0 0 11 0 4 0 0 0 0 0 0 0 0 0 17 4 0 0 0 14 0 104 248 234 246 84 0 0 0 9 12 0 8 0 0 0 0 2 0 3 13 0 0 0 14 3 2 14 115 224 255 255 235 196 187 75 6 0 0 0 6 0 0 0 0 0 3 2 0 0 8 10 0 0 31 173 255 255 237 248 255 255 247 230 21 14 9 0 0 0 0 0 0 0 0 1 3 0 0 5 0 75 203 254 254 245 251 255 233 206 246 255 103 0 2 5 4 0 0 0 0 3 0 0 1 8 0 0 1 93 255 250 212 204 169 57 67 41 254 255 94 2 5 0 0 0 0 0 0 0 4 1 0 1 0 0 7 24 120 92 25 0 11 19 0 54 255 231 109 1 0 0 10 0 0 0 0 0 7 2 0 0 2 0 0 11 1 11 0 0 0 3 13 187 250 255 101 8 0 0 0 0 0 0 0 1 3 0 0 3 1 0 0 0 0 0 0 15 14 0 64 254 237 209 31 4 7 0 0 0 0 0 0 1 0 0 3 3 0 1 31 157 106 15 0 0 0 29 231 254 239 41 0 0 4 0 4 0 0 0 0 0 0 4 8 0 0 16 72 241 255 53 4 0 40 188 244 252 136 0 10 0 0 9 0 0 0 0 0 0 1 2 3 0 0 11 51 247 237 229 154 144 247 235 255 135 0 7 1 0 0 18 0 0 0 0 0 3 0 0 0 6 2 0 0 37 232 240 255 255 237 255 132 0 6 0 0 10 1 0 5 0 0 0 0 0 0 0 0 0 0 0 0 0 6 102 234 255 144 34 0 0 0 0 0 0 0 0 0 0 0 0 0 0 0 0 0 0 0 0 0 10 0 0 0 9 2 0 7 0 0 0 0 0 0 0 0 0 0 0 0 0 0 0 0 0 0 0 0 0 5 6 0 0 7 3 0 0 0 0 0 0 0 0 0 0 0 0 0 0 0 0 0 0 0 0 0 0 0 0 0 0 0 0 0 0 0 0 0 0 0 0 0 0 0 0 0
0 0 0 0 0 0 0 0 0 0 6 5 1 7 9 0 4 3 0 0 5 0 0 5 0 0 0 0 0 0 0 0 0 0 0 0 16 0 0 0 0 0 0 0 0 0 12 15 1 1 7 0 0 0 0 0 0 0 0 0 0 0 0 0 0 0 5 1 19 0 4 12 14 0 2 0 0 0 14 0 0 0 0 0 0 0 0 0 0 0 0 0 1 5 8 0 2 0 0 0 0 0 4 7 3 7 5 0 0 0 0 0 0 0 0 0 0 0 0 0 0 0 0 0 17 8 6 0 5 15 0 0 5 2 0 6 0 0 0 0 0 0 0 0 0 0 0 0 2 0 1 8 0 0 15 39 43 132 167 155 134 61 0 3 0 0 0 0 0 0 0 0 0 0 0 0 0 0 0 4 0 96 200 251 252 255 246 245 255 243 105 0 0 0 0 0 0 0 0 0 0 0 0 0 0 9 0 3 8 178 255 248 252 255 241 230 255 250 135 0 0 0 0 0 0 1 0 0 5 0 0 0 5 0 3 0 4 78 192 173 106 49 38 34 120 255 223 7 0 0 0 0 0 0 0 1 1 0 1 3 0 0 12 15 0 0 23 0 0 6 8 145 236 235 177 0 0 0 0 0 0 0 3 3 0 1 6 1 10 0 0 0 0 0 0 5 0 7 113 255 250 255 14 10 0 0 0 0 0 0 1 3 0 0 4 0 0 1 4 0 0 24 0 0 21 161 255 248 234 192 0 3 0 0 0 0 2 0 0 0 0 0 0 0 0 5 16 25 51 127 155 209 255 255 246 255 48 0 7 2 0 0 0 0 1 0 0 0 4 0 0 16 57 112 189 249 255 255 242 255 245 250 255 112 25 0 7 0 0 0 0 0 0 6 0 0 9 0 1 58 249 251 252 255 255 242 252 249 255 255 166 40 0 0 0 1 0 0 0 0 0 10 0 0 11 0 8 92 255 255 247 244 255 248 231 152 255 254 140 0 4 3 0 5 0 0 0 0 0 0 0 9 1 12 0 9 178 196 154 115 26 25 10 13 191 255 234 36 0 0 1 0 0 0 0 0 1 9 7 0 0 0 7 0 4 0 0 5 1 2 67 159 255 237 90 18 0 0 0 0 0 0 0 0 6 0 3 102 154 115 63 15 18 11 2 8 0 7 226 255 255 159 0 0 0 7 0 6 0 0 0 0 0 0 3 207 255 255 239 255 230 132 171 179 174 192 255 245 135 43 6 0 7 10 0 9 0 0 0 0 13 16 0 137 195 252 255 255 251 255 249 243 255 236 217 197 17 0 17 0 8 0 0 1 0 0 0 0 0 5 0 1 15 55 135 173 201 211 224 158 166 197 52 0 0 0 0 6 3 0 8 0 0 0 0 0 6 2 5 0 5 0 2 4 23 9 7 17 0 0 0 0 6 14 0 6 0 0 7 0 0 0 0 0 0 0 0 1 0 11 0 0 0 9 0 0 3 3 0 8 0 0 16 0 0 11 0 3 0 0 0 0 0 0 0 0 0 0 0 0 0 0 0 0 0 0 0 0 0 0 0 0 0 0 0 0 0 0 0 0 0 0 0 0 0 0 0 0 0 0 0 0 0 0 0 0 0 0 0 0 0 0 0 0 0 0 0 0 0 0 0 0 0 0 0 0 0 0 0 0 0 0 0 0 0 0 0 0 0 0 0 0 0 0 0 0 0 0 0 0 0 0 0 0 0 0 0 0 0 0 0 0 0 0 0 0 0 0 0 0 0 0 0 0
11 0 0 0 0 0 0 0 0 0 0 2 2 0 0 1 7 0 5 0 3 0 2 0 0 0 0 0 0 0 0 4 6 4 2 3 12 0 6 9 0 0 11 3 0 0 6 0 0 5 0 0 0 0 0 0 0 0 3 1 0 1 0 0 0 0 0 0 6 7 0 0 2 0 10 4 0 4 0 0 0 0 0 0 0 3 1 0 0 0 1 0 0 9 11 5 1 0 0 1 1 1 0 7 0 0 0 0 0 0 0 0 0 0 0 0 1 6 5 1 3 0 0 5 0 0 7 0 0 11 0 1 19 1 10 0 0 0 0 0 0 0 0 3 3 0 0 0 0 17 0 0 46 87 156 255 255 232 94 0 0 0 15 3 0 0 0 0 2 0 0 6 0 0 0 12 3 5 0 90 241 255 244 255 240 255 194 15 10 0 0 0 0 0 0 0 2 0 0 7 0 0 21 58 177 107 172 255 255 237 201 103 158 253 255 23 7 5 0 9 0 0 0 0 0 4 0 0 6 0 68 226 253 249 255 233 190 82 6 0 196 255 215 0 4 0 0 14 0 0 0 0 1 5 0 0 0 3 110 255 254 255 199 93 1 0 0 87 255 247 233 8 0 7 15 0 0 0 0 0 2 0 0 0 2 30 133 255 253 142 27 6 0 19 60 230 243 251 74 0 0 0 11 0 0 0 0 0 0 0 6 17 1 0 0 11 26 0 11 11 14 135 251 255 253 123 2 13 0 15 0 0 0 0 0 0 14 0 0 0 0 0 10 7 0 0 0 100 247 255 250 240 128 9 7 0 6 0 0 13 0 0 0 0 0 0 4 11 5 3 0 0 1 12 95 241 255 253 255 215 152 109 26 0 18 3 14 0 0 0 0 0 4 5 1 0 0 0 2 6 0 26 190 255 255 238 252 254 255 241 250 171 15 0 0 2 0 0 0 0 0 0 0 0 7 7 0 0 5 24 220 237 250 202 178 171 168 230 244 255 175 13 9 0 0 0 0 0 3 2 0 0 4 0 0 0 0 0 25 39 36 20 0 2 5 18 113 248 255 108 0 15 0 0 0 0 0 0 1 7 2 0 2 17 10 0 0 4 2 0 0 0 0 0 44 255 253 151 31 0 0 0 0 0 0 0 4 5 0 0 0 0 0 0 0 0 0 2 4 1 13 11 92 240 247 174 1 4 0 0 0 0 5 3 0 0 0 15 17 0 0 10 5 2 0 0 1 0 0 89 251 255 255 23 0 10 0 0 0 0 0 0 7 6 0 0 21 38 0 0 0 2 0 0 8 26 214 249 255 240 95 15 2 0 0 0 0 0 12 1 0 0 0 11 120 255 139 76 1 2 1 7 105 189 245 235 239 93 2 0 1 5 0 0 0 0 0 0 2 11 8 0 31 142 255 245 206 215 207 189 235 255 255 229 96 14 0 0 13 0 0 0 0 0 0 13 0 0 12 0 0 49 193 248 247 252 253 251 255 212 107 11 0 0 0 4 6 0 0 0 0 0 0 0 0 0 0 0 0 0 13 63 142 212 231 181 90 20 0 0 0 0 0 0 0 0 0 0 0 0 0 0 0 0 0 0 0 0 0 0 0 0 8 8 0 0 0 0 0 0 0 0 0 0 0 0 0 0 0 0 0 0 0 0 0 0 9 6 1 0 0 0 4 8 0 0 0 0 0 0 0 0 0 0 0 0 0 0 0 0 0 0 0 0 0 0 2 3 1 0 0 0 0 0 0 0 0 0 0 0 0 0 0 0
0 0 0 0 0 0 0 0 1 0 1 1 4 2 0 8 0 8 0 0 4 0 5 0 0 0 0 0 0 0 0 0 0 0 0 0 0 0 2 0 2 0 2 0 0 11 0 6 0 0 11 2 0 0 0 0 0 0 0 0 0 0 0 0 6 0 0 0 8 0 23 0 0 3 0 9 0 0 2 1 0 0 0 0 0 0 0 0 0 0 0 0 0 2 13 0 0 0 161 229 228 143 25 0 12 9 0 0 0 0 0 0 0 0 0 0 0 0 0 0 3 0 0 2 7 17 188 255 255 236 166 4 11 0 0 6 0 0 0 0 0 0 0 0 0 0 0 0 0 0 6 2 0 2 158 255 255 255 245 5 0 4 10 0 0 0 0 0 0 0 0 0 0 0 0 0 6 0 0 0 1 0 27 56 67 118 255 66 0 3 6 0 0 0 0 0 0 0 0 0 0 0 0 0 0 1 8 0 0 0 0 9 2 35 255 127 2 0 0 2 0 0 0 0 0 0 0 0 0 0 0 0 4 0 2 0 0 0 6 4 0 65 240 109 21 0 0 5 0 0 0 0 0 0 0 0 0 0 0 0 0 7 0 5 4 37 24 17 127 252 255 9 0 10 8 0 0 0 0 0 0 0 0 0 0 0 0 0 3 3 0 0 82 225 251 255 250 235 251 33 15 0 11 0 0 0 0 0 0 0 0 0 0 0 0 0 0 0 7 9 155 255 255 244 251 254 159 0 2 0 0 7 0 0 0 0 0 0 0 0 0 0 0 0 7 0 1 3 137 241 249 255 242 255 80 6 0 9 1 0 0 0 0 0 0 0 0 0 0 0 0 0 3 4 0 2 23 67 39 55 30 191 255 18 0 10 0 13 0 0 0 0 0 0 0 0 0 0 0 0 0 0 0 7 0 8 0 6 8 22 255 19 0 0 3 0 0 0 0 0 0 0 0 0 0 0 0 0 5 0 2 0 4 0 11 0 1 109 251 31 8 0 6 0 0 0 0 0 0 0 0 0 0 0 0 0 7 0 3 0 9 0 0 0 114 248 233 17 4 6 0 3 0 0 0 0 0 0 0 0 0 0 0 0 6 0 0 10 0 0 41 99 206 251 95 10 0 0 3 3 0 0 0 0 0 0 0 0 0 0 0 0 60 72 6 0 23 141 232 250 255 198 0 3 1 0 3 1 0 0 0 0 0 0 0 0 0 0 0 0 240 235 193 235 255 255 255 246 204 76 0 0 12 0 0 2 0 0 0 0 0 0 0 0 0 0 0 0 237 255 244 245 255 245 255 220 66 0 15 0 4 3 0 2 0 0 0 0 0 0 0 0 0 0 0 0 234 246 255 255 255 183 110 17 0 0 9 0 0 4 5 0 0 0 0 0 0 0 0 0 0 0 0 0 156 251 255 163 47 6 8 0 0 12 2 5 0 5 0 0 0 0 0 0 0 0 0 0 0 0 0 0 3 0 0 13 2 6 0 6 6 0 2 0 7 8 0 12 0 0 0 0 0 0 0 0 0 0 0 0 0 0 0 0 0 0 0 0 0 0 0 0 0 0 0 0 0 0 0 0 0 0 0 0 0 0 0 0 0 0 0 0 0 0 0 0 0 0 0 0 0 0 0 0 0 0 0 0 0 0 0 0 0 0 0 0 0 0 0 0 0 0 0 0 0 0 0 0 0 0 0 0 0 0 0 0 0 0 0 0 0 0 0 0 0 0 0 0 0 0 0 0 0 0 0 0 0 0 0 0 0 0 0 0
0 0 0 0 0 0 0 0 0 0 7 7 0 0 0 5 14 0 0 10 0 0 1 3 0 0 0 0 0 0 0 0 0 0 0 0 4 5 0 0 14 11 0 13 0 16 8 0 0 11 0 0 0 0 0 0 0 0 0 0 0 0 0 0 0 2 7 0 0 2 6 0 15 0 0 5 7 6 2 0 0 0 0 0 0 0 0 0 0 0 0 0 0 11 0 0 13 0 104 255 241 83 0 9 0 0 2 8 0 0 0 0 0 0 0 0 0 0 0 0 2 0 1 0 4 10 89 111 247 115 0 0 12 8 0 0 0 0 0 0 0 0 0 0 0 0 0 0 0 5 0 0 17 0 16 65 255 125 11 0 0 0 7 1 0 0 0 0 0 0 0 0 0 0 0 0 0 0 4 0 0 12 112 91 228 58 0 20 0 0 12 0 0 0 0 0 0 0 0 0 0 0 0 0 10 0 0 4 5 0 130 175 255 111 2 0 3 0 0 4 0 0 0 0 0 0 0 8 3 0 1 0 0 0 14 0 71 111 182 251 151 12 0 9 0 1 0 5 0 0 0 0 0 9 9 0 0 3 3 0 9 0 0 128 210 255 234 30 18 0 0 3 0 7 0 5 0 0 0 0 0 1 5 0 0 13 0 0 0 2 114 255 255 249 146 0 0 0 18 0 4 0 23 0 0 0 0 0 2 0 1 0 8 3 0 70 227 240 245 255 243 53 2 3 4 2 4 5 0 7 0 15 0 0 0 0 3 0 12 7 0 0 14 141 238 255 242 180 243 70 0 61 211 26 47 18 13 0 8 0 0 0 0 0 4 0 8 0 0 0 6 73 77 63 83 9 49 22 0 130 187 226 255 142 25 16 0 0 0 0 0 0 4 0 0 0 4 4 0 0 0 1 0 4 6 0 18 82 91 95 208 247 193 5 0 0 0 0 0 0 2 1 0 3 0 0 8 4 8 0 4 1 0 4 0 0 0 0 8 146 221 47 0 3 0 0 0 0 0 0 11 0 0 6 1 2 0 7 11 0 0 0 0 22 1 1 1 1 119 93 0 1 0 0 0 0 0 0 8 13 0 0 0 1 9 0 0 11 3 4 9 0 5 5 96 110 101 70 0 0 0 0 0 0 11 0 3 0 0 16 16 0 6 0 24 0 0 8 0 19 44 222 63 238 150 0 14 8 0 0 0 0 0 2 9 0 0 4 0 1 0 6 0 0 7 2 42 72 233 255 176 54 0 13 0 0 0 0 0 0 0 0 0 9 16 0 15 153 182 115 107 56 75 189 211 204 238 245 114 5 7 0 9 2 0 0 0 0 3 4 0 0 9 0 44 194 243 253 238 252 255 254 239 207 131 250 53 0 0 3 3 0 0 0 0 0 0 5 6 0 1 3 0 30 139 255 255 123 106 122 29 0 2 0 16 9 2 4 0 6 0 0 0 0 6 0 8 1 0 2 0 0 0 4 0 0 8 0 0 15 5 0 0 2 0 0 0 0 0 0 0 0 0 0 0 0 0 0 0 0 0 0 0 0 0 0 0 0 0 0 0 0 0 0 0 0 0 0 0 0 0 0 0 0 0 0 0 0 0 0 0 0 0 0 0 0 0 0 0 0 0 0 0 0 0 0 0 0 0 0 0 0 0 0 0 0 0 0 0 0 0 0 0 0 0 0 0 0 0 0 0 0 0 0 0 0 0 0 0 0 0 0 0 0 0 0 0 0 0 0 0 0 0 0 0 0 0 0 0 0 0 0 0 0
0 0 0 0 0 0 0 0 1 0 5 0 6 5 3 3 0 4 6 0 0 0 0 6 0 0 0 0 0 0 0 0 0 0 0 0 0 25 0 13 4 0 6 2 17 0 0 0 0 9 0 2 0 0 0 0 0 0 0 0 0 0 0 0 4 0 0 0 16 11 0 0 0 0 10 12 0 6 4 0 0 0 0 0 0 0 0 0 0 0 0 0 0 7 8 0 0 10 0 10 1 1 0 1 0 2 5 0 0 0 0 0 0 0 0 0 0 0 0 0 13 0 3 40 62 204 163 254 242 168 38 0 10 0 0 0 0 0 0 0 0 0 0 0 0 0 0 0 1 0 2 136 248 245 255 232 255 245 178 36 0 0 8 2 0 0 0 0 0 0 0 0 0 0 0 0 15 0 4 4 60 0 6 0 0 70 226 69 0 4 10 0 0 0 0 0 0 0 0 0 0 0 0 0 0 8 0 9 0 7 0 1 3 2 230 77 0 3 0 0 0 0 0 0 0 0 0 0 0 0 0 0 1 0 0 5 3 0 10 0 0 77 245 147 4 0 0 3 0 0 0 0 0 0 0 0 0 0 0 0 2 0 24 0 0 6 0 14 75 205 255 72 0 13 0 2 0 0 0 0 0 0 0 0 0 0 0 0 0 0 0 1 19 17 153 209 250 255 196 20 3 16 0 12 0 0 0 0 0 0 0 0 0 0 0 0 0 0 144 234 226 232 255 247 255 154 62 2 4 0 0 1 0 0 0 0 0 0 0 0 0 0 0 0 3 5 139 255 244 255 253 198 75 9 1 2 0 0 15 0 0 0 0 0 0 0 0 0 0 0 0 0 0 7 33 207 255 250 235 223 16 0 0 0 7 6 14 0 0 0 0 0 0 0 0 0 0 0 0 0 3 0 12 38 25 44 96 255 124 25 0 0 5 0 0 0 0 0 0 0 0 0 0 0 0 0 0 0 0 2 0 1 0 0 15 4 217 50 6 1 2 0 2 6 0 0 0 0 3 0 0 1 2 0 0 0 14 0 3 9 0 6 9 0 215 86 5 0 6 2 0 7 0 0 0 0 2 0 0 1 1 0 0 4 0 24 11 0 5 0 0 23 217 82 2 0 1 5 0 0 0 0 0 0 1 0 1 2 0 0 2 9 0 11 0 4 5 0 5 0 211 76 10 4 0 0 0 0 0 0 0 0 1 1 2 2 0 0 3 13 175 16 9 0 0 23 0 81 245 83 6 4 0 0 3 0 0 0 0 0 1 1 2 2 0 0 3 13 249 43 0 24 0 64 197 247 251 73 0 0 0 3 4 0 0 0 0 0 1 0 1 2 0 0 2 9 226 230 181 137 179 247 255 255 126 19 0 9 0 0 0 1 0 0 0 0 2 0 0 1 1 0 0 4 80 252 255 255 255 239 209 85 5 0 6 17 0 0 0 3 0 0 0 0 3 0 0 1 2 0 0 0 17 165 246 255 214 88 0 0 2 0 4 0 0 9 5 0 0 0 0 0 0 0 0 0 0 0 0 0 0 0 0 0 0 0 0 0 0 0 0 0 0 0 0 0 0 0 0 0 0 0 0 0 0 0 0 0 0 0 0 0 0 0 0 0 0 0 0 0 0 0 0 0 0 0 0 0 0 0 0 0 0 0 0 0 0 0 0 0 0 0 0 0 0 0 0 0 0 0 0 0 0 0 0 0 0 0 0 0 0 0 0 0 0 0 0 0 0 0 0 0 0 0 0 0 0 0 0 0 0 0 0 0
0 0 0 0 0 0 0 0 12 0 14 0 0 2 6 0 0 0 2 4 0 0 12 0 0 0 0 0 0 0 0 0 0 0 0 0 0 9 0 0 0 0 0 0 23 0 9 0 21 0 0 1 0 0 0 0 0 0 0 0 0 0 0 0 0 19 0 6 8 0 3 6 0 0 0 33 0 0 11 0 0 0 0 0 0 0 0 0 0 0 0 0 0 10 0 0 0 0 6 0 4 13 0 0 10 0 0 4 0 0 0 0 0 0 0 0 0 0 0 0 3 0 0 0 8 160 239 255 193 36 11 0 5 12 0 3 0 0 0 0 0 0 0 0 0 0 0 0 0 6 3 16 0 205 255 250 255 241 38 0 13 0 5 0 0 0 0 0 0 0 0 0 0 0 0 0 3 12 0 0 0 164 248 255 246 242 229 0 0 1 6 0 0 0 0 0 0 0 0 0 0 0 0 0 0 0 1 0 6 2 50 32 105 255 240 51 14 0 9 0 0 0 0 0 0 0 0 0 0 0 0 0 0 0 0 14 0 0 0 2 50 252 251 62 0 0 0 10 0 0 0 0 0 0 0 0 0 0 0 0 0 10 10 0 18 0 0 3 122 255 246 38 5 8 0 0 0 0 0 0 0 0 0 0 0 0 0 0 0 0 0 1 0 24 44 99 227 255 207 6 3 3 5 0 0 0 0 0 0 0 0 0 0 0 0 0 7 0 3 10 109 249 253 247 255 246 112 0 0 0 2 4 0 0 0 0 0 0 0 0 0 0 0 0 0 0 3 0 237 255 248 250 249 213 15 2 0 5 0 0 0 0 0 0 0 0 0 0 0 0 0 0 2 0 12 18 211 242 249 255 247 228 11 0 0 12 0 0 0 0 0 0 0 0 0 0 0 0 0 0 4 2 0 0 23 129 149 84 215 255 111 0 0 7 0 2 0 0 0 0 0 0 0 0 0 0 0 0 1 0 9 13 6 0 11 0 138 252 211 6 0 1 0 0 0 0 0 0 2 0 0 2 0 3 6 0 7 0 0 6 0 0 16 0 143 255 222 0 3 8 0 5 0 0 0 0 3 1 1 0 0 1 5 0 0 8 18 0 13 1 0 50 220 240 212 0 1 0 0 0 0 0 0 0 1 0 0 0 0 0 0 0 16 5 0 0 0 0 20 129 255 255 85 0 7 0 0 3 0 0 0 0 2 0 0 7 5 0 0 23 0 3 0 10 5 11 139 244 255 194 0 0 7 0 1 3 0 0 0 0 5 0 0 5 0 0 53 154 199 180 40 0 90 190 255 240 225 39 10 0 0 0 16 0 0 0 0 0 0 0 0 0 0 6 127 255 255 232 222 237 249 249 253 255 100 0 5 11 0 0 9 0 0 0 0 0 0 0 0 0 0 9 102 236 254 255 255 249 250 249 170 41 0 11 0 9 5 0 0 7 0 0 0 0 0 5 0 0 5 0 6 71 122 236 237 255 220 55 0 2 5 0 14 0 2 10 0 0 0 0 0 0 0 0 0 0 0 0 0 0 0 0 0 0 0 0 0 0 0 0 0 0 0 0 0 0 0 0 0 0 0 0 0 0 0 0 0 0 0 0 0 0 0 0 0 0 0 0 0 0 0 0 0 0 0 0 0 0 0 0 0 0 0 0 0 0 0 0 0 0 0 0 0 0 0 0 0 0 0 0 0 0 0 0 0 0 0 0 0 0 0 0 0 0 0 0 0 0 0 0 0 0 0 0 0 0 0 0 0 0 0 0 0 0
0 9 0 0 1 0 0 14 0 4 2 0 0 4 3 0 0 0 1 3 1 0 0 4 0 0 0 0 0 0 0 1 16 12 3 0 3 0 0 0 1 0 0 0 0 0 0 0 1 1 0 0 0 0 0 0 2 4 1 0 0 0 0 0 3 0 0 9 10 0 0 0 6 4 0 0 0 3 2 0 0 0 0 0 0 0 6 0 0 2 5 12 10 1 0 0 0 0 0 5 3 5 5 1 0 1 1 0 0 0 0 0 2 0 0 1 9 8 0 0 0 3 6 1 2 8 2 0 0 0 0 2 2 0 0 1 0 0 0 0 5 0 2 0 0 0 0 67 129 183 241 255 255 242 182 124 21 1 0 0 5 1 0 1 0 0 0 0 0 0 8 0 0 0 58 223 254 255 255 247 248 255 255 249 149 74 7 0 4 2 0 0 0 0 0 0 6 0 1 0 3 0 64 255 255 253 252 253 254 254 252 251 255 158 34 0 1 2 0 0 0 0 0 0 3 0 8 3 0 0 46 235 227 144 121 113 102 25 107 206 254 254 54 5 12 0 1 0 0 0 0 0 0 0 0 0 8 9 0 65 5 19 0 0 0 7 0 5 193 248 136 0 0 0 0 0 0 0 0 0 0 0 8 0 0 11 0 0 0 0 6 18 2 5 0 9 192 255 123 13 0 29 0 0 0 0 0 0 8 0 9 0 0 0 0 12 19 0 6 0 0 0 7 71 252 248 96 4 15 0 7 6 0 0 0 0 9 0 0 4 0 0 0 0 0 18 0 2 15 14 11 235 248 199 10 0 0 1 0 7 0 0 0 0 0 0 3 3 0 3 2 0 0 3 13 0 34 156 210 243 245 186 117 31 13 7 0 0 0 0 0 0 0 7 6 1 0 0 7 7 8 12 0 20 227 255 244 252 255 255 255 209 43 0 0 8 0 0 0 0 5 0 0 0 11 0 0 0 0 0 80 213 255 248 255 255 251 246 255 255 126 7 8 0 0 0 0 0 0 0 0 0 0 0 0 0 3 16 107 255 255 238 255 96 42 81 170 245 173 6 0 3 0 0 0 0 0 0 0 0 0 0 0 0 0 1 125 243 255 230 14 3 0 0 97 248 244 0 2 0 0 0 0 0 0 0 0 0 0 0 0 0 12 1 25 187 182 0 11 0 7 4 63 255 229 0 8 4 0 0 0 0 0 0 0 0 0 0 0 0 0 0 0 0 8 1 0 9 0 1 79 255 226 4 6 0 0 0 0 0 0 0 0 0 0 0 0 0 0 68 129 0 2 0 17 0 3 0 143 253 239 0 5 0 0 0 0 0 0 0 0 0 0 0 0 0 2 158 233 182 32 8 0 2 0 48 215 247 146 0 0 5 0 0 0 0 0 0 0 0 0 0 0 0 0 172 255 240 212 164 96 81 32 146 242 234 33 12 0 0 0 0 0 0 0 0 0 0 0 0 0 0 8 23 179 255 242 255 255 247 234 255 252 191 0 0 1 4 0 0 0 0 0 0 0 0 0 0 0 0 0 3 81 204 255 253 243 255 242 255 233 106 6 0 3 0 0 0 0 0 0 0 0 0 0 0 0 0 9 0 0 0 3 0 0 0 0 0 0 0 0 6 9 5 0 0 0 0 0 0 0 0 0 0 0 0 0 0 1 0 1 11 10 0 10 0 0 5 10 0 0 0 0 0 0 0 0 0 0 0 0 0 0 0 10 4 3 4 1 0 0 0 0 1 3 0 0 0 4 7 0 0 0 0
0 0 0 0 0 0 0 0 0 10 0 0 0 14 0 8 11 0 5 0 12 0 2 0 0 0 0 0 0 0 0 0 0 0 0 0 3 0 8 0 0 0 6 1 0 3 7 0 0 0 3 4 0 0 0 0 0 0 0 0 0 0 0 0 8 0 0 26 1 0 0 0 0 5 1 0 0 4 2 0 0 0 0 0 0 0 0 0 0 0 0 0 0 2 0 0 0 0 6 9 0 0 0 0 13 0 6 3 0 0 0 0 0 0 0 0 0 0 0 0 5 0 2 5 202 209 176 55 0 14 0 5 3 0 0 0 0 0 0 0 0 0 0 0 0 0 0 0 0 0 7 55 248 249 255 250 135 124 4 0 0 15 6 8 0 0 0 0 0 0 0 0 0 0 0 0 5 3 0 134 254 244 242 255 254 196 55 21 9 0 0 0 0 0 0 0 0 0 0 0 0 0 0 0 0 0 10 130 255 255 255 243 255 247 250 253 252 60 13 0 0 0 0 0 0 0 0 0 0 0 0 0 0 9 0 6 64 198 185 255 250 255 250 247 255 251 12 0 0 0 0 0 0 0 0 0 0 0 0 0 6 0 9 8 0 1 0 0 134 190 255 255 241 255 0 6 0 0 0 0 0 0 0 0 0 0 0 0 9 6 0 5 3 0 0 13 0 192 236 251 255 250 0 2 0 0 0 0 0 0 0 0 0 0 0 0 0 3 48 203 131 255 250 255 255 255 255 254 247 239 25 0 0 0 0 0 0 0 0 0 0 0 0 0 3 10 205 251 246 250 255 240 255 247 244 255 255 134 0 0 0 0 0 0 0 0 0 0 0 0 0 0 0 61 241 255 255 255 237 255 252 253 255 248 113 0 21 0 0 0 0 0 0 0 0 0 0 0 0 0 8 19 177 252 243 255 255 248 255 251 255 117 9 16 0 0 0 0 0 0 0 0 0 0 0 0 0 0 0 0 14 123 201 254 247 255 250 254 255 130 0 0 0 3 0 0 0 0 15 0 0 0 4 1 0 0 11 0 9 3 0 1 0 0 128 254 245 201 0 0 1 0 0 0 0 0 0 15 5 9 1 0 1 2 0 14 3 0 11 2 2 2 8 0 255 54 3 7 0 5 0 0 0 0 15 0 0 0 12 0 0 2 5 0 6 5 0 0 0 0 125 254 251 121 4 0 1 0 0 0 0 0 0 8 0 0 0 78 0 64 69 14 0 1 0 131 124 255 250 255 254 69 13 0 10 0 0 0 0 0 9 5 4 0 189 253 187 248 236 128 255 250 255 244 255 247 255 186 68 0 8 14 0 3 0 0 0 0 6 0 3 0 133 180 255 255 255 246 255 255 248 255 255 255 255 53 21 5 0 0 15 0 0 0 0 0 0 14 0 18 2 177 255 244 255 249 251 255 245 249 255 245 67 0 0 13 6 0 2 2 0 0 0 0 5 0 5 0 5 2 69 191 252 255 255 241 208 122 1 3 0 13 7 0 0 0 3 0 0 0 0 0 0 0 0 0 0 0 0 0 0 0 0 0 0 0 0 0 0 0 0 0 0 0 0 0 0 0 0 0 0 0 0 0 0 0 0 0 0 0 0 0 0 0 0 0 0 0 0 0 0 0 0 0 0 0 0 0 0 0 0 0 0 0 0 0 0 0 0 0 0 0 0 0 0 0 0 0 0 0 0 0 0 0 0 0 0 0 0 0 0 0 0 0 0 0 0 0 0 0 0 0 0 0 0 0 0 0 0 0 0 0 0 0
0 9 0 0 9 9 0 3 2 0 0 17 0 3 0 4 5 0 10 0 0 0 2 4 0 0 0 0 6 0 1 2 0 0 17 1 6 0 8 0 0 0 16 0 7 0 9 7 9 2 0 0 0 0 0 0 6 0 3 10 0 0 4 0 0 19 0 0 8 20 0 7 0 0 0 0 0 0 4 3 0 0 0 0 0 0 2 2 0 13 0 11 1 0 11 3 3 0 1 0 5 15 1 3 0 0 5 0 0 0 0 0 0 4 1 0 2 0 56 111 124 194 186 255 252 217 49 0 0 0 5 10 0 0 7 0 0 0 0 0 1 0 2 0 7 0 211 246 255 247 250 240 253 255 226 146 54 0 0 0 0 0 11 0 0 0 0 0 1 0 5 3 1 0 215 255 243 255 255 255 255 254 250 252 203 19 13 0 2 0 6 0 0 0 0 0 2 0 7 0 0 13 88 187 176 60 51 64 178 200 255 252 253 0 0 0 13 0 4 5 0 0 0 0 0 2 6 3 0 0 0 0 0 8 5 0 6 60 253 255 245 100 0 15 0 0 6 0 0 0 0 0 0 0 0 0 0 0 0 1 3 0 0 0 8 64 255 239 255 105 8 0 0 13 0 7 0 0 0 0 3 0 0 0 0 2 1 0 16 9 4 0 7 66 255 255 253 141 17 0 10 0 0 0 0 0 0 0 0 0 1 5 4 0 0 0 0 0 0 112 241 236 255 252 243 6 0 2 0 3 0 17 0 0 0 0 0 0 0 2 0 0 0 10 90 236 236 235 252 255 255 240 255 136 63 19 0 0 6 0 0 0 0 0 0 0 0 0 0 0 12 33 222 255 244 255 250 246 252 255 255 255 232 81 12 21 0 17 0 0 0 0 5 0 0 2 0 0 13 32 240 255 238 243 255 252 255 252 238 251 255 245 103 4 0 0 0 0 0 0 0 0 0 4 3 0 0 9 160 247 255 226 228 117 81 93 91 245 253 245 255 160 2 4 0 0 0 0 0 0 0 0 0 0 0 0 19 99 112 20 3 7 3 0 0 61 241 242 255 211 0 0 0 0 0 0 0 0 0 0 0 0 0 0 0 15 181 250 209 16 6 0 4 10 115 245 250 204 11 4 0 0 0 0 0 0 0 0 0 0 0 0 11 8 255 253 213 19 0 15 0 0 154 255 255 203 0 1 0 0 0 0 0 0 0 0 0 0 0 0 0 0 250 255 162 14 17 0 67 212 253 255 250 239 0 20 0 0 0 0 0 0 0 0 0 0 0 0 0 24 255 251 221 203 89 152 208 255 254 244 233 93 11 0 0 0 0 0 0 0 0 0 0 0 0 0 0 10 150 255 240 255 247 255 255 249 248 244 88 0 0 0 0 0 0 0 0 0 0 0 0 0 0 0 1 0 69 225 255 255 238 255 237 238 243 70 11 4 0 21 0 0 0 0 0 0 0 0 0 0 0 0 0 3 0 70 106 146 255 160 118 0 0 8 0 7 3 0 0 0 0 0 0 0 0 0 0 0 0 0 0 0 0 0 0 0 0 0 0 0 0 0 0 0 0 0 0 0 0 0 0 0 0 0 0 0 0 0 0 0 0 0 0 0 0 0 0 0 0 0 0 0 0 0 0 0 0 0 0 0 0 0 0 0 0 0 0 0 0 0 0 0 0 0 0 0 0 0 0 0 0 0 0 0 0 0 0 0 0 0 0 0 0 0 0 0 0 0 0 0 0 0 0 0 0 0 0 0 0 0 0 0 0 0
0 1 0 0 3 0 0 0 0 2 6 0 5 0 6 0 1 0 9 6 3 0 7 0 0 0 0 0 10 1 0 0 3 1 1 6 0 0 0 19 12 3 0 4 5 0 0 0 12 7 9 0 0 0 0 0 2 0 0 6 0 0 0 0 2 12 0 0 0 4 0 7 0 8 10 0 1 0 0 9 0 0 0 0 0 0 4 4 0 0 5 3 0 7 14 0 8 12 8 0 5 0 0 0 2 4 0 0 0 0 0 0 4 4 2 0 0 5 10 2 4 2 0 1 2 0 0 0 7 0 9 15 0 2 6 18 0 0 0 0 3 5 0 0 8 1 0 0 0 13 0 7 0 46 48 83 131 159 234 249 179 107 11 0 0 0 0 0 0 2 0 3 12 0 8 82 87 143 138 174 170 246 238 249 255 251 244 249 255 241 87 17 0 0 0 0 0 6 0 0 1 0 78 245 244 255 253 255 254 255 249 255 255 244 179 165 246 255 73 0 0 0 0 0 0 13 1 0 3 0 24 135 222 233 193 231 132 131 113 32 6 18 5 8 196 255 156 0 0 0 0 0 1 6 0 0 18 3 0 22 16 0 0 12 0 0 16 0 17 0 33 171 255 233 147 4 0 0 0 0 0 7 0 0 5 3 0 0 0 1 13 4 8 3 9 0 41 216 242 254 242 132 29 0 0 0 0 0 0 4 10 0 0 0 6 6 9 0 0 0 0 3 34 134 243 244 255 248 111 2 0 0 0 0 0 0 0 0 1 5 0 0 2 0 0 0 9 47 145 255 252 253 255 253 193 47 0 10 12 0 0 0 0 0 3 0 0 2 0 0 0 0 3 41 154 224 255 255 241 253 238 229 242 110 0 0 0 0 0 0 0 0 0 1 1 0 0 0 3 11 0 73 202 253 199 144 84 28 35 24 145 185 51 4 9 7 0 0 0 0 0 6 2 0 4 7 0 0 7 0 19 89 0 4 0 0 5 0 114 245 105 4 0 1 0 0 0 0 0 5 0 2 0 5 0 4 7 0 0 1 0 2 0 1 5 106 244 255 81 0 0 2 0 0 0 0 3 0 0 3 0 0 0 10 0 0 5 0 0 4 20 34 187 255 247 95 0 0 3 8 0 0 0 0 0 0 2 8 4 0 1 0 1 0 4 0 14 0 88 237 255 247 143 10 14 10 0 0 0 0 0 0 0 5 0 5 0 0 5 0 0 0 3 3 90 167 255 255 241 105 9 0 0 0 6 8 0 0 0 0 1 0 0 10 0 5 4 3 41 100 79 79 240 255 248 214 65 0 0 33 0 0 2 0 0 0 0 0 0 3 10 131 201 211 218 239 236 242 255 250 238 247 228 57 0 0 0 8 0 9 8 7 0 0 0 0 0 0 4 115 255 254 255 255 255 253 248 223 120 26 27 0 10 11 0 0 0 0 0 0 0 0 0 0 7 2 0 38 226 242 255 241 246 253 92 0 2 0 0 0 0 0 11 0 2 0 11 0 0 0 0 0 0 1 0 28 165 247 206 139 131 56 0 0 8 0 0 0 0 0 0 0 0 0 0 0 0 0 0 0 0 17 9 0 1 3 0 0 10 0 0 0 5 1 0 5 0 0 0 0 0 0 0 0 0 0 0 0 3 7 0 0 6 1 0 9 0 0 9 1 0 0 0 0 0 0 0 0 0 0 0 0 0 0 0 0 4 1 0 0 8 0 0 0 2 8 6 0 0 6 9 4 0 0 0 0 0 0 0 0 0 0 0 0
0 0 0 0 0 0 0 0 0 10 0 1 0 1 7 0 0 14 0 9 0 1 1 0 0 0 0 0 0 0 0 0 0 0 0 0 0 1 0 0 9 0 0 0 1 0 10 0 13 0 7 0 0 0 0 0 0 0 0 0 0 0 0 0 11 0 3 5 0 0 25 0 0 7 2 0 0 8 0 0 0 0 0 0 0 0 0 0 0 0 0 0 0 5 0 0 13 0 0 3 0 6 0 0 9 5 13 2 0 0 0 0 0 0 0 0 0 0 0 0 0 0 6 31 141 233 191 0 93 103 16 45 0 0 0 12 0 0 0 0 0 0 0 0 0 0 0 0 4 0 0 52 212 255 255 246 250 247 255 255 246 67 12 0 0 0 0 0 0 0 0 0 0 0 0 0 3 0 22 95 228 251 255 247 255 253 255 255 244 143 13 0 0 0 0 0 0 0 0 0 0 0 0 0 0 0 0 46 217 251 255 251 253 245 255 241 255 251 61 0 0 0 0 0 0 0 0 0 0 0 0 0 5 0 0 0 135 166 143 157 208 151 231 255 240 255 98 0 0 0 0 0 0 0 0 0 0 0 0 0 4 0 15 0 0 0 11 3 96 97 246 242 255 237 53 11 0 0 0 0 0 0 0 0 0 0 0 0 2 0 65 101 113 72 124 212 238 255 251 255 247 187 93 0 0 0 0 0 0 0 0 0 0 0 0 0 0 2 224 241 227 255 239 255 254 247 255 243 242 47 0 7 0 0 0 0 0 0 0 0 0 0 0 0 29 188 248 254 255 251 255 248 255 255 248 232 62 0 0 0 0 0 0 0 0 0 0 0 0 0 0 0 20 128 255 255 240 252 244 255 248 254 248 248 163 0 22 0 0 0 0 0 0 0 0 0 0 0 0 0 57 190 255 245 254 255 252 255 255 225 255 185 34 0 0 6 0 0 0 0 0 0 0 0 0 0 0 0 0 62 114 208 204 128 106 67 59 108 252 245 175 12 1 0 0 0 0 0 0 4 3 3 1 0 8 3 0 6 0 0 10 0 10 4 11 186 244 246 102 3 0 10 0 0 0 0 3 2 0 0 9 0 12 0 0 9 12 7 4 10 0 43 191 245 255 255 24 4 14 0 0 0 0 0 0 8 7 0 0 16 21 18 5 0 0 0 0 34 47 243 251 255 237 202 0 0 0 7 0 0 0 0 15 0 3 0 2 0 255 141 157 160 165 125 77 224 250 253 251 255 223 76 0 6 5 0 0 0 0 0 8 0 0 0 6 70 255 255 255 241 241 255 235 255 255 255 255 140 114 26 2 0 16 0 0 0 0 0 0 0 6 3 17 57 217 253 253 255 249 254 255 255 255 227 131 0 0 19 3 0 0 12 0 0 0 0 0 17 1 0 0 73 73 238 252 246 252 255 229 253 222 31 0 8 9 0 0 12 1 0 0 0 0 0 0 0 0 7 4 0 0 51 121 247 254 253 255 218 93 2 0 3 0 0 9 2 0 1 0 0 0 0 0 0 0 0 0 0 0 0 0 0 0 0 0 0 0 0 0 0 0 0 0 0 0 0 0 0 0 0 0 0 0 0 0 0 0 0 0 0 0 0 0 0 0 0 0 0 0 0 0 0 0 0 0 0 0 0 0 0 0 0 0 0 0 0 0 0 0 0 0 0 0 0 0 0 0 0 0 0 0 0 0 0 0 0 0 0 0 0 0 0 0 0 0 0 0 0 0 0 0 0 0 0 0 0 0 0 0 0 0 0 0 0
0 0 0 0 0 0 0 0 0 9 0 0 0 5 0 9 0 3 0 1 4 0 6 0 0 0 0 0 0 0 0 0 0 0 0 0 6 0 3 13 0 13 18 0 14 0 9 0 0 6 0 8 0 0 0 0 0 0 0 0 0 0 0 0 0 0 0 0 22 0 0 12 2 0 17 0 0 5 5 0 0 0 0 0 0 0 0 0 0 0 0 0 1 2 0 23 0 3 0 2 0 9 0 10 8 0 16 0 0 0 0 0 0 0 0 0 0 0 0 0 1 3 1 3 40 109 212 234 255 242 166 151 97 11 0 4 0 0 0 0 0 0 0 0 0 0 0 0 4 0 0 91 236 245 255 255 247 253 255 255 231 179 18 0 0 0 0 0 0 0 0 0 0 0 0 0 0 4 26 255 238 255 233 248 212 224 221 242 255 255 42 2 0 0 0 0 0 0 0 0 0 0 0 0 3 2 0 143 243 229 140 58 0 5 0 153 247 244 24 4 0 0 0 0 0 5 2 0 0 5 0 0 0 0 6 0 28 6 0 8 1 0 50 240 240 255 0 3 0 0 0 0 4 0 0 6 5 0 0 8 12 0 10 0 6 0 17 0 5 113 238 255 238 155 19 0 0 0 0 0 0 16 0 0 3 4 0 0 0 4 0 9 92 109 164 188 215 255 250 251 149 0 0 3 0 0 0 0 6 0 7 7 0 10 28 0 2 0 3 149 255 255 255 249 252 250 247 254 72 18 12 4 0 0 0 0 5 0 0 7 7 0 0 4 2 0 67 255 248 239 255 243 255 238 255 254 255 207 0 0 0 0 0 0 0 13 2 0 3 10 1 5 9 0 46 203 195 199 170 107 81 113 179 239 254 255 161 19 0 0 0 0 8 0 13 12 3 115 159 37 1 3 0 5 9 8 0 0 6 16 0 233 255 248 245 46 0 0 0 0 3 10 0 3 126 255 255 176 9 0 12 0 2 0 7 9 0 0 10 194 239 255 255 29 0 0 0 0 0 5 0 0 33 255 248 221 20 0 9 0 8 0 0 0 0 0 7 225 252 253 88 0 0 0 0 0 11 0 0 3 71 245 246 255 29 1 4 0 7 0 0 21 8 2 129 244 255 181 2 0 0 0 0 0 0 8 0 9 28 246 255 236 138 1 0 8 0 0 4 0 0 60 224 248 255 151 0 9 0 0 0 0 0 3 6 0 20 209 221 255 225 58 0 11 0 2 26 0 23 220 255 248 253 134 0 10 0 0 0 0 10 0 4 0 8 67 255 255 255 243 188 165 176 178 170 178 245 255 240 233 102 16 7 0 0 0 0 0 0 0 0 19 0 0 242 239 243 255 246 255 255 245 241 255 255 241 139 24 0 6 9 0 0 0 0 0 0 0 1 0 10 14 13 209 255 255 242 255 249 252 255 238 145 43 0 3 20 0 0 11 0 0 0 0 0 14 0 0 4 0 6 37 146 250 255 251 251 255 180 83 1 5 0 5 0 6 17 0 0 0 0 0 0 0 0 0 0 0 0 0 0 0 0 0 0 0 0 0 0 0 0 0 0 0 0 0 0 0 0 0 0 0 0 0 0 0 0 0 0 0 0 0 0 0 0 0 0 0 0 0 0 0 0 0 0 0 0 0 0 0 0 0 0 0 0 0 0 0 0 0 0 0 0 0 0 0 0 0 0 0 0 0 0 0 0 0 0 0 0 0 0 0 0 0 0 0 0 0 0 0 0 0 0 0 0 0 0 0 0 0 0 0 0 0
0 0 0 0 0 0 0 0 0 9 0 14 0 2 11 0 11 1 0 0 3 1 0 0 0 0 0 0 0 0 0 0 0 0 0 0 1 13 0 0 0 0 0 10 0 0 0 7 1 1 0 12 0 0 0 0 0 0 0 0 0 0 0 0 0 0 5 0 0 21 0 5 0 14 2 0 0 7 0 0 0 0 0 0 0 0 0 0 0 0 0 0 18 3 2 0 0 0 0 9 9 0 0 0 4 2 0 10 0 0 0 0 0 0 0 0 0 0 0 0 0 15 0 0 9 0 72 219 240 97 0 0 18 0 0 0 0 0 0 0 0 0 0 0 0 0 0 0 18 0 1 13 0 67 234 255 255 167 72 19 0 0 14 0 0 0 0 0 0 0 0 0 0 0 0 0 0 6 0 20 154 238 255 246 231 255 255 187 3 0 9 0 0 0 0 0 0 0 0 0 0 0 0 0 0 7 163 243 248 248 255 251 255 255 242 215 3 1 2 4 0 0 0 0 0 0 0 0 0 0 0 0 0 58 241 255 255 251 197 102 90 253 249 211 15 0 0 6 0 0 0 0 0 0 0 0 0 0 0 0 0 51 240 255 222 153 22 4 208 254 243 112 3 0 7 0 0 0 0 0 0 0 0 0 0 0 0 0 9 0 51 62 26 0 18 204 241 255 207 13 5 0 6 0 0 0 0 0 0 0 0 0 0 0 0 0 0 0 0 41 144 197 237 253 255 243 32 0 2 6 0 18 0 0 0 0 0 0 0 0 0 0 0 0 4 54 141 221 255 242 255 252 245 244 84 2 0 8 5 0 0 0 0 0 0 0 0 0 0 0 0 0 0 98 255 255 243 238 255 252 252 255 255 103 0 0 25 0 0 0 0 0 0 0 0 0 0 0 0 0 0 62 231 245 187 110 56 58 220 235 242 231 26 3 0 23 0 0 0 0 0 0 0 0 0 0 0 0 0 0 3 2 0 4 0 0 2 162 255 254 129 2 0 0 0 0 0 0 0 0 6 3 0 7 11 10 2 0 0 0 4 0 17 0 10 114 254 255 150 13 0 0 0 0 0 0 1 0 7 0 4 117 255 218 44 2 14 5 0 6 0 3 0 143 250 255 163 0 10 0 0 0 0 0 0 0 5 0 0 167 255 243 230 63 0 12 0 4 0 0 11 175 246 255 102 0 0 0 0 0 0 0 0 0 0 9 8 166 249 255 255 153 0 0 16 0 0 0 165 242 255 204 1 0 0 8 0 0 0 0 4 5 0 0 0 48 255 240 237 255 107 0 34 35 118 231 255 255 233 76 0 0 10 0 0 0 0 0 0 2 0 11 8 16 196 255 255 255 217 182 255 255 248 255 251 255 126 0 18 3 3 0 0 0 0 0 9 8 0 0 0 4 19 167 241 249 255 255 253 252 255 244 206 182 43 0 0 5 0 6 0 0 0 0 0 2 2 0 11 3 0 10 59 237 239 252 255 215 153 74 39 0 4 1 2 0 0 0 0 0 0 0 0 0 0 0 0 0 0 0 0 0 0 0 0 0 0 0 0 0 0 0 0 0 0 0 0 0 0 0 0 0 0 0 0 0 0 0 0 0 0 0 0 0 0 0 0 0 0 0 0 0 0 0 0 0 0 0 0 0 0 0 0 0 0 0 0 0 0 0 0 0 0 0 0 0 0 0 0 0 0 0 0 0 0 0 0 0 0 0 0 0 0 0 0 0 0 0 0 0 0 0 0 0 0 0 0 0 0 0 0 0 0 0
0 0 0 0 0 0 0 0 0 0 2 18 0 1 2 1 0 4 0 10 0 1 0 10 0 0 0 0 0 0 0 0 0 0 0 0 10 0 0 0 0 0 3 2 3 0 3 0 12 0 0 0 0 0 0 0 0 0 0 0 0 0 0 0 0 0 9 0 14 0 2 0 8 0 12 0 2 0 11 1 0 0 0 0 0 0 0 0 0 0 0 0 4 13 4 0 2 2 3 4 0 0 0 4 0 3 1 0 0 0 0 0 0 0 0 0 0 0 0 0 1 0 0 18 5 0 24 128 255 178 75 33 1 8 0 0 0 0 0 0 0 0 0 0 0 0 0 0 0 16 0 0 9 114 198 255 253 255 255 202 121 3 0 16 0 0 0 0 0 0 0 0 0 0 0 0 6 0 40 155 230 248 246 253 252 243 255 255 249 102 4 0 0 0 0 0 0 0 0 0 0 0 0 0 0 96 229 255 255 247 255 229 154 151 155 242 255 141 1 0 0 0 0 0 0 0 0 0 0 0 0 0 0 136 248 252 225 193 52 0 11 0 23 255 255 178 0 0 0 0 0 0 0 0 0 0 0 0 0 0 0 30 82 126 35 0 10 0 0 40 205 243 255 49 1 2 0 0 0 0 0 0 0 0 0 0 0 0 0 0 6 14 0 1 0 14 99 241 255 255 116 11 0 0 0 0 0 0 0 0 0 0 0 0 0 0 27 0 1 0 8 104 152 206 255 246 233 186 9 0 8 0 0 0 0 0 0 0 0 0 0 0 0 0 0 7 37 153 255 254 244 255 232 252 255 16 0 25 0 0 0 0 0 0 0 0 0 0 0 0 0 0 8 3 159 255 255 232 255 253 255 255 242 161 13 0 0 7 0 0 0 0 0 0 0 0 0 0 0 0 0 8 180 249 250 221 156 126 187 255 248 252 121 0 10 0 0 0 0 0 0 0 0 0 0 0 0 0 0 0 26 52 54 13 16 0 11 112 255 255 226 41 0 3 0 0 0 0 0 5 1 21 169 77 14 3 5 0 0 0 0 5 0 1 0 9 199 255 255 83 10 0 0 0 0 0 0 3 0 63 241 254 94 0 7 3 12 3 0 0 0 0 12 0 138 228 255 178 0 9 0 0 0 0 2 8 0 55 255 255 252 64 0 0 5 1 0 1 0 10 0 0 211 255 246 114 0 4 0 0 0 0 0 0 13 37 255 250 242 204 25 3 2 0 0 0 0 13 15 85 253 254 208 16 15 0 0 0 0 0 10 16 0 14 43 253 254 255 205 111 32 0 0 7 1 15 92 237 248 247 154 14 0 9 0 0 0 0 0 0 24 0 0 91 224 236 255 248 252 229 198 188 205 249 249 255 255 232 35 1 8 0 0 0 0 0 17 3 0 5 0 10 17 251 255 253 253 237 246 255 255 243 249 234 131 39 18 3 0 15 0 0 0 0 0 0 0 15 0 0 23 20 91 172 253 255 255 255 206 159 78 34 1 1 0 1 12 0 0 0 0 0 0 0 0 0 0 0 0 0 0 0 0 0 0 0 0 0 0 0 0 0 0 0 0 0 0 0 0 0 0 0 0 0 0 0 0 0 0 0 0 0 0 0 0 0 0 0 0 0 0 0 0 0 0 0 0 0 0 0 0 0 0 0 0 0 0 0 0 0 0 0 0 0 0 0 0 0 0 0 0 0 0 0 0 0 0 0 0 0 0 0 0 0 0 0 0 0 0 0 0 0 0 0 0 0 0 0 0 0 0 0 0 0
0 0 0 0 0 0 0 0 2 0 4 3 0 1 0 0 0 0 9 2 0 0 17 0 0 0 0 0 0 0 0 0 0 0 0 0 0 0 4 0 0 1 4 8 7 1 0 0 2 4 13 0 0 0 0 0 0 0 0 0 0 0 0 0 0 2 0 0 4 3 0 0 1 1 2 5 0 0 0 14 0 0 0 0 0 0 0 0 0 0 0 0 0 4 0 3 9 0 0 0 4 0 0 0 7 20 0 3 0 0 0 0 0 0 0 0 0 0 0 0 0 7 0 5 0 0 33 75 68 128 109 59 56 115 90 51 0 0 0 0 0 0 0 0 0 0 0 0 0 6 0 4 0 27 149 220 254 255 243 255 255 252 255 255 0 0 0 0 0 0 0 0 0 0 0 0 0 6 0 0 0 87 241 255 248 255 249 246 255 249 252 174 0 0 0 0 0 0 0 0 0 0 0 0 2 11 0 0 8 119 255 246 252 255 247 255 161 0 11 4 0 0 0 0 0 0 0 0 0 0 0 0 3 2 0 0 13 13 36 143 222 255 255 242 211 46 0 13 0 0 0 0 0 0 0 0 0 0 0 0 0 1 11 0 0 2 0 2 60 208 255 255 255 220 21 0 0 0 0 0 0 0 0 0 0 0 0 0 8 0 6 3 0 4 3 6 0 10 134 246 240 236 30 4 0 0 0 0 0 0 0 0 0 0 1 1 0 28 59 48 25 10 0 0 10 1 9 148 255 239 6 5 0 0 0 0 0 0 0 0 0 1 2 3 5 169 255 250 243 213 137 71 6 83 79 248 247 160 0 0 0 0 0 0 0 0 0 0 0 1 3 4 133 252 255 240 255 255 255 247 255 255 249 236 215 0 0 6 0 0 0 0 1 0 0 0 0 1 4 5 190 250 255 255 255 240 249 255 246 255 255 212 22 0 22 0 0 0 0 0 1 0 0 0 0 1 4 6 72 150 214 255 255 247 255 248 255 244 191 5 0 6 0 0 0 0 0 0 7 0 13 0 2 4 0 1 1 4 4 20 47 75 149 244 246 255 154 0 17 0 0 3 0 0 0 0 0 0 0 16 0 0 13 1 0 1 3 3 0 0 20 80 245 252 232 17 0 6 0 0 0 0 0 0 7 1 9 0 10 124 20 0 0 0 0 7 11 0 0 15 188 239 242 24 0 13 1 0 0 0 0 0 0 0 0 9 51 226 232 157 140 66 0 0 3 4 0 0 183 255 152 9 8 0 2 0 0 0 0 0 3 14 0 2 138 250 244 243 255 243 221 186 131 105 145 202 255 255 55 0 5 0 2 4 0 0 0 0 3 5 4 0 169 255 239 255 254 243 249 255 249 248 253 252 250 139 3 2 0 0 4 0 0 0 0 0 0 0 0 3 17 79 212 137 231 244 255 255 255 255 246 194 110 18 0 0 0 7 7 0 0 0 0 0 0 5 6 0 0 0 15 0 26 94 158 163 150 149 92 0 5 0 8 0 13 0 8 0 0 0 0 0 0 0 0 0 0 0 0 0 0 0 0 0 0 0 0 0 0 0 0 0 0 0 0 0 0 0 0 0 0 0 0 0 0 0 0 0 0 0 0 0 0 0 0 0 0 0 0 0 0 0 0 0 0 0 0 0 0 0 0 0 0 0 0 0 0 0 0 0 0 0 0 0 0 0 0 0 0 0 0 0 0 0 0 0 0 0 0 0 0 0 0 0 0 0 0 0 0 0 0 0 0 0 0 0 0 0 0 0 0 0 0 0
6 0 0 0 0 0 17 0 0 0 4 0 0 9 0 0 0 13 0 7 3 4 0 0 0 0 0 0 2 0 4 3 0 0 0 0 2 7 2 8 4 0 2 1 0 0 0 0 0 0 4 13 0 0 0 0 2 0 0 0 0 5 0 5 0 7 0 2 0 0 6 1 14 0 8 6 5 6 0 0 0 0 0 0 2 0 0 0 0 0 0 0 0 3 0 0 6 11 11 0 11 0 0 0 0 4 5 3 0 0 0 0 1 2 0 5 0 0 2 3 7 0 13 1 0 0 0 11 0 0 14 16 2 0 0 3 0 0 0 0 3 2 0 1 2 3 105 120 103 133 168 111 158 245 129 0 4 10 0 0 2 4 0 5 0 0 0 0 1 3 0 0 1 10 210 242 255 242 255 253 249 255 223 235 222 176 10 0 0 6 0 3 0 0 0 0 0 4 4 8 0 0 229 255 255 248 253 251 254 255 249 252 251 212 9 3 0 8 0 4 0 0 0 0 0 22 0 0 12 0 191 255 255 254 254 255 224 222 222 234 255 240 106 2 0 2 0 0 0 0 0 0 0 2 0 1 12 0 70 97 107 97 123 124 24 0 24 108 255 235 222 19 0 0 15 3 0 0 0 0 5 0 4 0 0 1 0 2 4 21 0 2 3 0 0 174 255 255 171 0 0 16 0 9 0 0 0 0 7 2 6 0 0 11 0 8 0 9 0 0 48 223 222 255 252 217 49 6 0 6 7 4 0 0 0 0 0 6 0 9 0 6 0 2 0 4 2 2 55 255 255 240 255 212 19 0 9 0 21 0 0 0 0 0 0 10 0 9 0 3 3 0 3 5 0 0 63 237 250 255 235 255 102 31 0 0 0 12 0 0 0 0 5 6 0 3 1 3 7 5 0 0 13 8 23 200 255 191 249 255 255 243 80 16 0 11 0 0 0 0 0 0 3 3 0 0 0 5 4 1 0 2 0 8 0 0 1 0 89 214 250 83 7 0 0 0 0 0 4 0 0 0 0 3 2 0 3 11 0 0 3 6 0 0 0 5 7 14 91 246 93 0 0 0 0 0 0 2 0 0 4 0 0 59 0 6 0 0 3 0 0 14 27 0 0 0 9 158 239 71 0 0 0 0 0 11 0 0 9 1 0 167 80 3 0 25 6 0 6 0 0 0 2 3 0 37 235 166 0 0 0 0 0 9 0 0 1 9 6 205 233 69 0 0 0 0 15 3 0 9 12 0 1 8 169 240 0 0 0 0 3 1 3 3 0 4 0 133 255 247 186 132 94 20 0 3 0 5 9 0 0 107 219 229 0 0 0 0 0 0 9 12 0 6 0 44 177 253 255 235 241 213 163 156 175 63 3 170 228 255 255 212 0 0 0 0 0 0 6 8 0 9 0 5 11 115 214 247 250 255 255 255 242 243 201 251 249 249 236 126 0 0 0 0 5 0 1 0 0 2 1 0 3 3 0 72 202 254 242 251 255 242 255 255 253 246 200 24 0 0 0 0 0 0 0 0 0 0 0 0 4 0 0 1 37 109 196 255 246 205 124 99 122 76 6 0 0 0 0 0 0 0 0 0 0 0 0 0 0 0 2 0 0 0 0 0 8 17 0 0 12 0 0 9 0 0 0 0 0 0 0 0 0 0 0 0 6 4 2 3 5 6 5 4 0 0 0 0 4 0 0 12 0 0 0 0 0 0 0 0 0 0 0 0 1 0 0 0 0 0 0 0 6 0 0 0 1 5 0 0 0 0 0 0
0 1 0 0 5 5 0 9 0 0 0 3 6 0 5 3 0 6 0 0 2 0 1 3 0 0 0 0 5 6 10 6 0 0 0 0 0 12 3 0 0 0 1 0 8 3 0 0 7 0 0 3 0 0 0 0 0 0 0 0 0 0 13 3 0 3 0 0 0 0 14 8 0 0 4 0 0 4 2 0 0 0 0 0 12 0 0 0 2 0 0 0 0 4 0 9 6 0 0 0 8 8 0 10 0 10 0 9 0 0 0 0 0 1 0 8 21 0 0 16 0 8 0 0 2 9 14 0 1 0 0 0 0 21 3 0 0 0 0 0 0 7 0 0 0 0 26 80 127 187 220 237 251 254 222 154 126 14 17 6 24 0 0 9 0 0 0 0 0 0 9 2 11 106 222 255 240 255 255 250 255 255 255 234 255 227 195 35 0 6 26 0 0 0 0 0 6 0 7 0 0 120 251 247 255 248 238 255 255 242 251 255 255 255 255 197 39 12 0 6 0 0 0 0 0 0 9 0 0 17 226 255 249 255 190 173 176 171 159 178 170 236 255 255 107 1 0 2 0 0 0 0 1 0 3 0 2 13 156 174 71 58 0 0 2 11 2 0 10 38 177 233 255 99 0 8 0 0 0 0 0 0 6 4 5 0 17 3 2 6 6 20 0 0 6 0 0 3 73 245 239 235 0 0 0 0 0 0 6 0 0 0 0 0 0 0 0 0 0 0 0 0 4 0 12 14 76 255 255 220 3 0 0 0 0 0 0 0 0 0 2 14 0 17 5 3 3 3 11 0 0 3 0 149 218 255 245 132 16 4 0 0 0 0 0 0 6 5 4 0 0 0 0 0 9 0 0 0 16 74 205 239 255 254 215 36 6 0 0 0 0 0 4 2 0 0 0 0 11 14 8 0 9 22 55 83 127 166 243 255 251 220 28 14 0 4 0 0 0 0 0 0 0 1 7 0 7 0 0 17 163 241 255 248 255 254 252 150 154 11 2 0 6 0 0 0 0 0 0 8 0 3 4 0 13 0 0 0 125 239 252 255 255 247 249 95 13 0 0 1 0 4 0 0 0 0 0 5 0 10 0 4 0 10 0 6 37 255 244 210 169 192 226 224 107 0 0 7 0 7 0 0 0 0 5 0 4 8 0 0 66 36 28 0 11 32 48 20 0 24 7 156 115 15 13 2 0 1 0 0 0 0 0 0 3 8 14 18 240 153 0 17 9 0 0 1 18 0 0 32 0 9 27 0 7 4 0 0 0 0 4 5 0 0 0 0 213 198 27 0 0 3 6 0 6 0 0 0 23 173 165 20 0 2 0 0 0 0 0 6 0 0 6 12 117 247 192 60 20 0 0 2 0 12 11 5 60 250 255 93 6 0 0 0 0 0 1 1 0 0 0 2 1 123 227 241 136 162 85 107 89 85 80 121 169 253 207 44 0 0 0 0 0 0 9 0 0 7 0 5 0 0 24 149 243 242 250 255 239 255 254 255 241 207 95 0 0 2 0 0 0 0 0 0 0 0 0 0 0 0 0 6 80 139 237 244 255 252 189 140 71 17 0 0 0 4 0 0 0 0 0 0 0 0 0 0 0 0 11 0 0 0 20 0 2 0 10 3 0 0 0 4 5 4 0 0 0 0 0 0 0 0 0 0 0 0 0 0 0 0 0 0 2 9 0 0 0 3 3 0 0 0 0 0 0 0 0 0 0 0 0 0 0 0 4 6 1 13 0 0 0 0 9 9 6 1 0 0 0 1 0 0 0 0
0 5 1 0 3 7 0 0 3 0 0 3 0 0 4 0 0 0 0 0 0 0 0 0 0 0 0 0 4 0 0 0 0 0 0 2 0 12 0 0 0 7 0 8 0 0 0 0 0 0 0 0 0 0 0 0 9 0 0 4 0 0 2 5 4 3 0 7 11 13 0 1 0 0 0 0 0 0 0 0 0 0 0 0 5 0 0 7 1 0 1 0 0 0 12 0 0 0 20 6 0 0 0 0 0 0 0 0 0 0 0 0 0 0 1 4 1 0 0 0 8 49 142 238 188 69 0 0 0 0 0 0 0 0 0 0 0 0 0 0 0 3 1 0 0 0 2 27 49 226 245 240 218 255 177 16 0 0 0 0 0 0 0 0 0 0 0 0 0 6 0 0 5 0 26 109 238 250 116 4 0 148 255 91 0 0 0 0 0 0 0 0 0 0 0 0 0 6 0 0 12 0 52 184 156 29 3 0 0 43 255 87 0 0 0 0 0 0 0 0 0 0 0 0 0 0 0 0 0 0 0 0 11 0 2 16 0 106 233 105 10 0 0 4 2 0 0 1 0 0 0 0 0 0 0 0 0 0 0 0 0 4 6 0 28 214 246 52 0 2 0 0 10 0 0 13 0 0 0 0 0 0 0 0 0 0 0 0 0 12 25 93 231 239 92 0 0 7 1 0 0 0 0 0 0 0 0 0 0 0 0 0 0 0 0 0 1 125 229 255 255 165 54 16 13 0 1 20 0 0 5 0 0 0 0 0 0 0 0 0 0 0 0 0 23 224 255 232 255 255 252 255 187 102 11 1 0 11 0 0 0 0 0 0 0 0 0 0 0 0 0 0 0 60 83 98 68 71 162 185 255 255 135 19 0 11 0 0 0 0 0 0 0 0 0 0 0 0 0 0 0 1 0 0 12 3 10 3 73 214 255 166 10 0 0 7 0 0 0 0 0 0 0 0 0 0 0 0 4 0 15 4 0 0 3 0 0 59 199 255 69 3 5 0 0 0 0 0 0 0 0 0 0 0 0 0 0 9 0 7 3 0 3 0 0 4 71 245 186 0 5 0 0 0 0 0 0 0 0 0 0 0 0 0 0 5 0 0 1 5 15 8 0 13 0 177 239 19 6 0 0 0 0 0 0 0 0 0 0 0 0 0 2 0 0 0 0 4 0 0 3 0 1 133 231 61 0 11 0 0 0 0 0 0 0 0 0 0 0 0 11 0 10 12 8 3 0 16 2 5 51 225 225 20 0 2 0 0 0 0 0 0 0 0 0 0 0 0 124 30 0 0 8 3 0 9 16 139 215 255 111 0 6 0 0 0 0 0 0 0 0 0 0 0 0 0 219 119 35 2 0 1 20 64 170 255 244 117 0 5 0 5 0 0 0 0 0 0 0 0 0 0 0 0 219 248 249 222 186 184 230 255 248 200 32 11 8 0 6 5 0 0 0 0 0 0 0 0 0 0 0 0 17 113 177 225 255 254 203 103 68 28 0 0 4 0 0 7 0 0 0 0 0 0 0 0 0 0 0 0 0 0 0 0 0 0 0 0 0 0 0 0 0 0 0 0 0 0 0 0 0 0 0 0 0 0 0 0 0 0 0 0 0 0 0 0 0 0 0 0 0 0 0 0 0 0 0 0 0 0 0 0 0 0 0 0 0 0 0 0 0 0 0 0 0 0 0 0 0 0 0 0 0 0 0 0 0 0 0 0 0 0 0 0 0 0 0 0 0 0 0 0 0 0 0 0 0 0 0 0 0 0 0 0
4 0 0 4 0 0 4 0 0 1 3 2 0 0 0 0 0 0 0 3 0 3 0 0 0 0 0 0 0 3 8 0 0 0 3 0 2 1 0 0 0 0 4 10 0 15 14 0 0 4 1 0 0 0 0 0 0 0 0 2 6 11 8 0 0 0 3 6 4 0 0 0 0 0 0 0 7 0 0 0 0 0 0 0 8 0 0 0 4 0 0 0 8 3 0 0 0 3 4 5 10 0 0 7 0 0 1 7 0 0 0 0 0 7 1 0 0 0 0 16 0 0 0 0 0 2 0 0 8 0 0 11 0 0 15 0 0 0 0 0 0 10 2 0 10 17 0 0 0 10 42 82 126 174 218 245 133 65 0 0 11 0 8 0 0 0 0 0 0 10 0 0 5 0 0 4 101 152 216 255 255 253 249 251 255 219 55 0 3 0 0 18 0 0 0 0 0 0 0 5 4 0 52 170 246 246 219 151 67 13 6 20 127 255 156 4 8 5 0 0 0 0 0 0 7 0 0 16 0 35 230 250 212 84 0 0 8 0 1 1 134 240 143 0 0 13 3 0 0 0 0 0 0 10 1 0 5 99 194 96 8 0 14 7 0 0 0 26 217 255 53 15 0 0 0 12 0 0 0 0 0 0 0 8 0 0 18 0 1 5 0 0 13 0 15 173 255 223 0 8 3 1 0 0 0 0 0 0 16 0 5 12 5 0 0 3 0 0 1 6 0 4 133 252 255 154 28 0 0 17 7 0 0 0 0 0 0 0 0 0 0 14 2 3 10 0 0 13 148 203 235 255 221 156 156 59 0 0 0 0 0 0 0 0 0 6 8 13 0 0 0 13 0 47 214 224 238 255 255 253 255 255 255 220 85 0 0 9 0 0 0 0 0 6 0 0 0 17 4 0 4 176 255 251 255 252 130 30 30 102 148 255 244 94 3 2 0 0 0 0 1 10 0 11 0 0 0 5 34 254 248 255 159 47 24 0 0 6 0 140 255 137 0 0 0 0 0 0 0 0 0 0 0 0 0 0 2 84 98 38 6 3 0 0 0 3 0 44 253 140 0 16 0 0 0 0 0 0 0 0 0 0 0 0 0 7 10 0 0 2 6 0 1 17 1 129 255 140 20 0 0 0 0 0 0 0 0 0 0 0 0 0 9 0 0 4 0 0 1 0 0 0 0 122 250 193 10 0 0 0 0 0 0 0 0 0 0 0 0 0 0 9 13 3 0 10 5 0 0 18 24 213 247 213 0 17 0 0 0 0 0 0 0 0 0 0 0 0 0 3 0 0 11 0 0 23 0 23 163 247 236 24 6 0 0 0 0 0 0 0 0 0 0 0 0 0 16 96 78 8 0 0 0 34 109 196 255 219 98 0 0 11 0 0 0 0 0 0 0 0 0 0 0 0 5 177 172 11 0 140 231 238 253 255 218 69 3 8 0 2 0 0 0 0 0 0 0 0 0 0 0 0 0 149 255 255 247 254 255 246 242 130 20 9 0 0 18 0 0 0 0 0 0 0 0 0 0 0 0 0 0 66 171 251 255 223 150 98 19 10 0 0 0 1 2 0 0 0 0 0 0 0 0 0 0 0 0 0 0 2 9 12 8 1 0 0 9 4 0 0 0 2 1 0 0 0 0 0 0 0 0 0 0 0 0 0 0 0 0 0 0 0 0 4 0 0 0 0 2 3 0 0 0 0 0 0 0 0 0 0 0 0 0 0 0 0 0 3 3 3 2 2 0 0 0 0 2 2 0 0 0 0 0 0
0 0 0 0 0 0 0 0 0 8 0 0 8 0 0 3 4 0 14 0 0 9 0 1 0 0 0 0 0 0 0 0 0 0 0 0 0 4 2 6 0 5 3 0 0 0 0 0 0 0 4 0 0 0 0 0 0 0 0 0 0 0 0 0 2 0 0 16 0 0 0 4 4 14 0 9 10 0 7 0 0 0 0 0 0 0 0 0 0 0 0 0 7 8 0 7 0 0 0 2 0 0 0 5 5 0 5 3 0 0 0 0 0 0 0 0 0 0 0 0 0 24 0 6 11 5 6 0 9 0 5 1 0 0 0 13 0 0 0 0 0 0 0 0 0 0 0 0 17 0 0 113 241 252 225 185 22 0 4 2 6 8 0 3 0 0 0 0 0 0 0 0 0 0 0 0 0 0 121 219 255 242 248 255 91 33 0 0 6 9 0 0 0 0 0 0 0 0 0 0 0 0 0 0 11 39 249 255 242 255 255 240 255 175 37 0 0 0 6 0 0 0 0 0 0 0 0 0 0 0 0 0 0 114 250 239 240 178 137 230 247 249 111 1 10 0 1 0 0 0 0 0 0 0 0 0 0 0 0 0 0 10 106 22 0 25 0 5 137 246 212 4 0 1 7 0 0 0 0 0 0 0 0 0 0 0 0 0 19 0 0 4 0 0 20 0 0 182 255 17 4 0 0 4 0 0 0 0 0 0 0 0 0 0 0 0 0 0 5 9 6 0 0 0 21 189 255 23 8 0 0 7 0 0 0 0 0 0 0 0 0 0 0 0 19 6 16 45 11 1 86 166 194 255 216 10 0 9 4 0 0 0 0 0 0 0 0 0 0 0 0 0 0 0 75 253 198 120 227 255 255 207 92 2 0 3 5 0 0 0 0 0 0 0 0 0 0 0 0 0 6 9 140 255 245 255 255 245 200 65 0 4 10 0 0 4 0 0 0 0 0 0 0 0 0 0 0 0 0 0 7 147 214 237 255 255 158 17 0 5 2 0 8 0 0 0 0 0 0 11 0 0 0 0 0 0 8 0 0 11 6 53 103 202 243 74 12 0 7 12 0 7 0 0 0 0 0 9 0 7 2 12 14 0 0 4 11 0 7 0 0 0 232 239 51 5 1 0 1 1 0 0 0 0 0 12 0 5 0 0 0 0 6 1 0 0 0 0 2 21 30 181 179 4 7 0 1 0 0 0 0 0 0 3 0 3 0 1 4 79 32 0 7 0 0 0 3 0 0 92 255 17 0 0 0 2 0 0 0 0 1 0 4 0 5 2 0 177 199 12 3 0 15 0 15 0 19 74 236 33 0 0 3 1 0 0 0 0 5 0 3 0 2 0 0 188 248 72 5 12 0 0 0 9 0 110 251 29 7 0 9 0 0 0 0 0 0 0 0 4 7 6 15 135 255 243 147 83 6 12 57 91 123 214 255 21 1 0 0 0 0 0 0 0 0 10 0 6 0 0 2 27 205 248 255 239 251 55 150 225 254 212 80 9 0 11 0 1 0 0 0 0 0 0 0 0 0 0 0 0 101 241 255 255 254 253 226 83 55 20 0 0 4 0 0 3 0 0 0 0 0 0 0 0 0 0 0 0 0 14 0 0 0 0 10 0 10 0 0 1 5 0 0 4 0 0 0 0 0 0 0 0 0 0 0 0 6 3 0 10 11 0 6 10 0 0 0 5 4 0 0 1 0 0 0 0 0 0 0 0 0 0 0 0 0 0 6 0 0 5 0 0 1 6 7 2 0 0 0 0 0 0 0 0
0 0 0 0 0 0 0 0 0 4 12 0 9 0 0 0 0 15 0 0 0 5 0 0 0 0 0 0 0 0 0 0 0 0 0 0 4 11 0 5 0 17 0 15 1 0 5 26 3 0 16 6 0 0 0 0 0 0 0 0 0 0 0 0 2 0 5 0 10 0 3 0 2 0 1 0 0 0 15 0 0 0 0 0 0 0 0 0 0 0 0 0 3 11 0 10 0 2 0 0 0 14 1 0 17 3 3 0 0 0 0 0 0 0 0 0 0 0 0 0 0 7 0 2 0 2 8 4 0 0 0 13 0 0 8 8 0 0 0 0 0 0 0 0 0 0 0 0 20 0 0 67 233 255 244 179 143 238 166 119 144 113 10 0 0 0 0 0 0 0 0 0 0 0 0 0 0 17 12 156 254 255 242 255 239 243 255 255 241 255 206 46 0 0 0 0 0 0 0 0 0 0 0 0 0 0 0 117 246 207 206 243 255 203 173 185 231 246 255 212 0 0 0 0 0 0 0 0 0 0 0 0 0 4 0 20 93 33 8 40 53 1 0 18 153 255 252 155 0 0 0 0 0 0 0 0 0 0 0 0 7 0 9 0 7 0 0 4 0 0 59 128 242 255 255 33 0 0 0 0 0 0 0 0 0 0 0 0 0 1 1 0 66 148 145 139 227 252 248 245 253 212 57 3 0 0 0 0 0 0 0 0 0 0 0 0 11 4 77 172 231 252 254 247 239 253 255 248 159 25 6 1 0 0 0 0 0 0 0 0 0 0 0 0 21 202 237 237 255 255 243 246 183 224 245 250 90 0 0 14 0 0 0 0 0 0 0 0 0 0 0 0 122 255 255 255 245 198 143 49 3 1 239 248 190 10 21 0 0 0 0 0 0 0 0 0 0 0 0 0 64 241 228 133 47 13 3 0 2 111 225 255 233 9 0 1 0 0 0 0 0 0 0 0 0 0 0 0 0 7 0 12 0 5 4 2 0 101 255 244 144 10 2 1 0 0 0 0 9 0 2 0 0 4 6 0 5 0 0 2 0 0 0 7 71 232 255 243 60 8 3 0 0 0 0 0 0 6 15 1 12 0 0 0 0 8 0 0 11 0 8 8 187 255 232 213 9 0 0 8 0 0 0 0 3 5 0 0 0 58 63 0 0 0 14 0 11 1 65 215 255 255 255 9 4 1 5 0 0 0 0 0 11 0 0 16 92 236 255 196 12 0 13 3 0 42 233 249 255 205 82 0 0 4 0 4 0 0 0 0 9 0 19 0 174 255 241 251 255 131 108 114 222 255 255 251 195 17 17 0 12 0 0 4 0 0 0 0 0 0 4 0 115 255 247 252 253 255 248 243 255 236 205 98 39 7 0 8 0 0 37 0 0 0 0 0 5 11 0 9 18 204 255 244 238 254 255 247 252 156 26 5 0 1 0 1 1 6 0 8 0 0 0 0 1 0 0 0 13 56 219 254 255 252 226 167 63 0 0 3 0 3 7 0 0 0 5 0 0 0 0 0 5 0 0 7 0 0 37 100 133 80 22 0 2 6 1 0 0 0 0 0 0 0 0 0 0 0 0 0 0 0 0 7 4 0 0 13 4 0 0 0 2 2 2 5 0 0 0 0 0 0 0 0 0 0 0 0 1 2 0 0 0 4 0 0 0 0 7 9 3 0 0 3 0 0 0 0 0 0 0 0 0 0 0 0 0 5 3 0 0 4 10 7 7 3 0 0 0 0 1 3 0 0 0 0 0 0 0 0 0 0 0 0
0 8 0 0 19 0 0 7 0 0 10 4 0 0 0 3 2 0 2 9 2 0 1 1 0 0 0 0 0 8 0 0 0 8 10 4 12 2 0 0 0 15 9 0 0 0 0 0 0 5 4 0 0 0 0 0 0 0 0 13 0 7 0 0 0 0 4 2 0 0 0 0 0 9 8 3 3 0 0 0 0 0 0 0 10 0 0 5 0 2 0 12 8 3 0 0 3 0 6 5 0 0 0 0 7 0 0 11 0 0 0 0 0 0 8 0 6 0 0 12 0 0 0 9 8 0 0 0 17 5 0 0 4 2 0 1 0 0 0 0 13 0 0 7 176 255 246 203 164 144 93 84 70 36 25 0 0 0 11 7 0 3 6 0 0 0 0 0 0 0 8 0 102 236 255 255 255 255 237 249 255 238 179 77 20 0 0 5 0 0 12 0 0 0 0 0 7 0 7 4 28 119 94 64 6 83 91 94 117 180 255 255 205 63 0 9 0 0 5 0 0 0 0 0 0 0 0 0 0 0 0 0 0 11 0 0 1 2 16 139 250 221 37 0 3 0 6 6 0 0 0 0 0 0 0 0 0 0 0 0 3 0 0 5 0 15 0 0 23 219 153 13 18 11 0 0 0 0 0 0 0 0 0 0 0 0 0 0 5 1 14 14 0 5 0 0 4 123 255 43 7 0 0 7 0 0 0 0 0 0 0 0 0 0 0 0 0 0 0 0 2 11 0 11 47 216 255 49 0 7 11 0 0 0 0 0 0 0 0 0 0 0 0 0 0 11 0 3 0 0 0 33 241 228 239 28 9 0 0 7 0 0 0 0 0 0 0 0 0 0 0 0 0 0 0 11 9 92 203 255 255 242 60 0 0 13 4 0 0 0 0 0 0 0 0 0 0 0 0 0 0 0 23 130 201 250 255 248 242 70 0 5 8 0 7 0 0 0 0 0 0 0 0 0 0 0 0 0 0 5 0 129 255 255 235 255 255 195 37 8 0 0 0 6 0 0 0 0 0 5 1 0 2 2 0 4 0 0 4 10 113 185 185 165 62 229 223 48 0 2 10 0 0 0 0 0 0 2 0 0 3 2 0 0 4 0 0 10 10 0 3 13 0 86 217 169 41 0 0 7 0 0 0 0 0 2 0 0 3 0 0 0 5 9 0 0 0 8 1 0 13 0 76 230 185 19 4 0 0 0 0 0 1 6 1 0 1 0 0 10 68 7 10 0 10 0 0 26 0 0 0 131 240 63 5 0 0 0 0 0 0 6 4 0 0 0 6 28 217 0 0 0 14 0 0 0 1 13 1 0 192 114 0 1 0 0 0 0 0 2 1 0 1 0 11 38 225 0 6 1 0 0 25 0 13 0 5 68 236 90 0 2 0 0 0 0 0 1 0 0 3 0 5 26 166 43 0 0 11 0 0 0 0 22 94 240 254 10 0 5 0 0 0 0 7 3 0 0 5 0 0 8 61 216 124 23 17 8 0 41 101 206 255 245 137 0 4 0 0 0 0 0 0 0 0 0 0 0 0 0 28 202 246 255 252 210 246 255 255 244 167 56 0 0 7 0 0 0 0 0 0 0 0 0 0 0 0 0 0 28 0 0 3 0 3 0 0 2 7 0 0 2 6 0 0 0 0 0 0 0 0 0 0 0 0 0 0 10 2 8 9 0 0 9 11 7 4 4 0 0 0 0 0 0 0 0 0 0 0 0 0 0 0 0 0 0 0 2 0 0 0 3 0 0 0 0 3 0 0 6 0 0 0 0
0 0 0 0 0 0 0 0 0 17 2 0 0 1 0 0 2 0 9 4 0 1 0 3 0 0 0 0 0 0 0 0 0 0 0 0 16 0 0 13 0 0 15 0 1 0 0 3 5 2 0 0 0 0 0 0 0 0 0 0 0 0 0 0 2 0 0 0 5 0 0 0 2 2 0 0 9 0 0 1 0 0 0 0 0 0 0 0 0 0 0 0 8 0 82 255 236 155 26 18 0 10 0 0 3 0 3 3 0 0 0 0 0 0 0 0 0 0 0 0 0 10 217 231 255 255 234 27 0 4 1 0 0 0 4 0 0 0 0 0 0 0 0 0 0 0 0 0 10 2 65 58 46 122 178 167 12 0 4 3 0 6 0 0 0 0 0 0 0 0 0 0 0 0 0 0 4 1 0 7 10 4 37 213 88 0 0 5 0 10 0 0 0 0 0 0 0 0 0 0 0 0 0 0 0 11 0 0 0 3 0 140 166 7 0 2 0 10 0 10 0 0 0 0 0 0 0 0 0 0 0 0 4 0 4 7 4 3 3 58 243 0 8 0 0 10 2 0 0 0 0 0 0 0 0 0 0 0 0 0 9 0 13 0 0 27 92 186 209 6 0 10 11 0 9 0 0 0 0 0 0 0 0 0 0 0 0 0 0 17 159 207 249 255 243 251 173 0 3 0 4 7 0 22 0 0 0 0 0 0 0 0 0 0 0 0 2 60 247 255 255 245 251 255 255 198 95 24 0 4 0 0 0 0 0 0 0 0 0 0 0 0 0 0 0 55 221 199 139 78 58 62 155 250 255 212 25 0 18 13 0 0 0 0 0 0 0 0 0 0 0 0 1 0 19 0 0 3 13 10 2 0 142 255 130 17 0 0 0 0 0 0 0 0 0 0 0 0 0 0 4 0 2 0 5 1 0 0 15 0 14 215 238 17 10 4 0 0 0 0 0 0 0 0 0 0 0 0 0 10 0 0 3 0 4 4 0 7 0 88 255 91 3 3 0 0 0 0 3 0 0 11 0 4 0 0 0 2 0 6 0 5 1 0 0 3 0 89 243 40 0 8 0 0 0 0 0 3 0 2 0 3 35 7 3 0 0 15 0 2 0 0 2 12 8 174 248 63 0 0 0 0 0 0 2 4 0 0 0 0 95 104 0 0 0 0 0 8 7 10 0 41 120 253 219 0 0 11 0 0 0 0 5 0 0 7 1 0 114 235 38 18 1 9 9 0 0 5 132 255 255 224 54 3 0 0 0 0 0 0 0 0 0 6 1 0 63 247 250 164 81 53 54 48 96 175 250 253 205 19 0 2 24 0 0 0 0 0 0 3 3 0 0 6 0 126 235 247 251 248 255 255 244 245 221 133 54 3 0 12 0 10 0 0 0 0 0 0 6 0 2 5 0 18 14 102 170 180 221 202 146 88 18 0 5 0 12 0 4 0 0 0 0 0 7 0 4 0 8 0 10 0 0 5 1 0 11 0 0 9 0 7 0 16 0 0 20 0 0 0 0 0 0 0 0 0 0 0 0 0 0 0 0 0 0 0 0 0 0 0 0 0 0 0 0 0 0 0 0 0 0 0 0 0 0 0 0 0 0 0 0 0 0 0 0 0 0 0 0 0 0 0 0 0 0 0 0 0 0 0 0 0 0 0 0 0 0 0 0 0 0 0 0 0 0 0 0 0 0 0 0 0 0 0 0 0 0 0 0 0 0 0 0 0 0 0 0 0 0 0 0 0 0 0 0 0 0 0 0 0 0 0 0 0
4 0 0 0 0 0 0 0 0 4 6 0 0 3 2 0 0 0 0 0 0 0 0 0 0 0 0 0 0 0 7 3 1 4 2 0 7 0 0 0 3 3 0 0 0 0 0 0 0 0 0 0 0 0 0 0 5 5 4 2 0 0 0 0 2 6 10 10 3 0 0 0 0 0 0 0 0 0 0 0 0 0 0 0 10 0 0 0 5 0 0 5 0 0 0 0 0 9 12 2 0 0 0 0 0 0 0 0 0 0 0 0 0 0 0 6 7 2 0 2 0 6 13 11 4 0 0 0 0 0 0 0 0 0 0 0 0 0 0 0 0 13 10 0 0 0 5 0 6 0 0 3 5 0 0 14 0 0 0 0 0 0 0 0 0 0 0 0 0 0 0 7 40 78 90 80 77 149 219 216 139 51 6 0 0 0 0 0 0 0 0 0 0 0 0 0 6 0 15 111 209 253 254 247 245 255 255 251 255 236 123 0 0 0 0 0 0 0 0 0 0 0 0 0 10 0 0 250 246 255 249 248 236 255 235 255 255 236 219 56 1 0 0 7 0 0 7 0 0 0 0 0 0 4 4 137 159 233 255 251 255 188 117 185 248 255 254 190 0 0 0 0 0 0 2 0 0 0 0 0 11 7 0 3 0 0 8 0 0 17 5 168 253 245 255 189 6 0 0 0 8 11 7 5 0 0 0 0 6 0 4 11 15 0 0 6 0 0 3 161 255 255 242 117 0 8 13 0 0 0 0 0 0 0 0 0 0 0 3 0 0 7 0 8 5 19 178 235 254 249 252 243 185 200 178 87 21 2 0 14 0 0 0 0 5 14 8 0 0 10 0 1 7 95 242 252 251 249 255 246 255 248 255 240 184 79 0 1 0 0 0 0 0 0 0 0 6 0 0 0 68 239 254 254 254 238 255 238 255 240 255 255 239 143 13 0 0 0 0 0 4 1 5 0 7 0 15 0 54 249 249 247 191 84 0 8 15 142 253 249 255 250 104 3 0 0 0 0 0 0 0 0 0 0 0 0 5 57 152 15 15 8 0 4 9 0 95 233 255 255 150 1 0 0 0 0 0 0 0 0 0 0 0 0 4 0 0 1 20 0 0 10 0 6 0 227 255 236 255 0 0 0 0 0 0 0 0 0 0 0 0 0 0 15 0 0 0 0 2 0 0 2 167 255 231 255 158 3 0 0 0 0 0 0 0 0 0 0 0 0 0 6 9 0 0 9 9 5 20 145 254 254 254 251 118 0 0 0 0 0 0 0 0 0 0 0 0 0 0 32 124 211 189 112 142 255 247 253 255 237 247 164 12 5 0 0 0 0 0 0 0 0 0 0 0 0 17 206 239 255 233 255 255 238 255 244 245 230 181 54 0 0 0 0 0 0 0 0 0 0 0 0 0 0 58 231 255 255 241 244 248 255 230 194 151 31 0 4 14 0 0 0 0 0 0 0 0 0 0 0 0 0 0 126 227 211 231 169 78 81 77 0 0 0 13 0 0 11 0 0 0 0 0 0 0 0 0 0 0 0 0 0 0 0 0 0 0 0 0 0 0 0 0 0 0 0 0 0 0 0 0 0 0 0 0 0 0 0 0 0 0 0 0 0 0 0 0 0 0 0 0 0 0 0 0 0 0 0 0 0 0 0 0 0 0 0 0 0 0 0 0 0 0 0 0 0 0 0 0 0 0 0 0 0 0 0 0 0 0 0 0 0 0 0 0 0 0 0 0 0 0 0 0 0 0 0 0 0 0 0 0 0 0 0
0 0 0 0 0 0 0 0 4 0 9 2 0 0 16 0 0 13 0 2 0 0 3 5 0 0 0 0 0 0 0 0 0 0 0 0 8 0 0 0 12 2 1 0 0 0 0 9 7 1 0 0 0 0 0 0 0 0 0 0 0 0 0 0 0 6 4 0 2 0 0 17 4 0 5 1 0 1 2 1 0 0 0 0 0 0 0 0 0 0 0 0 0 2 2 2 13 3 0 0 7 1 16 0 0 0 9 6 0 0 0 0 0 0 0 0 0 0 0 0 5 1 0 0 0 0 10 15 0 0 0 0 8 9 0 0 0 0 0 0 0 0 0 0 0 0 0 0 0 67 154 233 255 255 248 249 236 139 8 0 0 0 0 16 0 0 0 0 0 0 0 0 0 0 0 0 22 193 255 251 143 61 73 190 247 173 0 5 11 9 0 3 0 0 0 0 0 0 0 0 0 0 0 0 6 137 128 66 20 0 4 158 252 219 12 0 0 8 0 0 0 0 0 0 0 0 0 0 0 0 0 0 0 2 4 0 6 11 167 255 212 77 2 0 10 0 6 0 0 0 0 0 0 0 0 0 0 0 0 0 10 0 16 48 167 241 255 195 64 0 0 0 10 0 3 6 0 0 0 0 0 0 0 0 0 0 0 0 0 0 183 253 244 255 255 196 142 88 4 11 0 0 11 0 0 0 0 0 0 0 0 0 0 0 0 0 5 69 242 254 253 255 242 240 255 244 184 0 13 18 0 10 0 0 0 0 0 0 0 0 0 0 0 0 3 0 147 185 122 66 32 62 117 210 250 168 0 4 15 0 0 0 0 0 0 0 0 0 0 0 0 0 0 10 13 0 2 17 0 0 15 0 208 255 73 0 22 0 0 0 0 0 0 0 0 0 0 0 0 0 10 0 0 2 1 0 7 8 0 0 22 255 207 10 0 16 0 0 0 0 0 0 0 0 0 0 0 0 0 9 0 12 6 0 6 0 9 0 0 237 236 26 7 0 0 0 0 0 0 22 0 5 0 27 0 10 0 2 4 0 0 7 4 0 0 2 6 177 238 31 0 0 0 0 0 0 8 0 2 4 82 117 14 0 9 0 0 0 0 0 0 10 14 0 6 170 215 0 18 3 0 0 0 0 5 0 18 5 113 76 0 8 0 0 10 9 6 4 0 0 0 8 0 255 216 0 1 0 0 0 0 0 10 7 0 0 86 146 0 4 11 0 0 4 4 0 0 12 6 0 69 255 200 0 8 0 0 0 0 0 0 12 4 7 0 214 56 0 0 0 0 0 0 2 3 0 0 50 232 247 74 1 0 7 0 0 0 0 9 0 0 0 0 147 208 62 5 3 1 2 3 4 2 0 71 246 251 147 0 4 0 0 0 0 0 0 0 0 12 7 12 15 219 216 106 28 0 14 7 0 16 99 232 255 103 0 17 0 22 0 0 0 0 0 4 1 1 0 0 21 11 155 255 239 190 136 120 158 216 254 218 61 6 13 0 4 0 10 0 0 0 0 0 0 0 0 0 0 0 0 36 130 213 237 245 244 193 124 16 9 1 0 0 2 1 0 0 0 0 0 0 0 0 0 0 0 0 0 0 0 2 0 0 0 5 8 9 4 0 0 0 2 1 0 0 0 0 0 0 0 0 0 0 0 0 0 11 0 0 4 0 0 0 2 1 0 0 0 0 2 1 0 0 0 0 0 0 0 0 0 0 0 0 0 0 0 2 4 6 8 6 2 0 0 0 0 0 1 0 0 0 0 0 0
1 0 0 0 0 0 0 0 3 0 0 1 0 0 0 6 8 0 0 1 0 14 0 1 0 0 0 0 0 0 0 0 0 1 1 0 0 14 5 0 3 0 0 5 0 4 5 11 0 0 0 2 0 0 0 0 0 0 0 1 1 1 1 1 3 0 0 2 7 12 7 0 7 11 0 0 10 0 13 0 0 0 0 0 0 0 1 1 0 0 0 0 7 0 3 11 0 0 2 9 0 8 8 0 10 0 5 3 0 0 0 0 0 0 1 0 0 0 0 0 0 17 0 0 13 13 0 6 5 0 12 0 2 1 0 0 0 0 0 0 0 1 2 0 0 0 0 1 0 0 82 136 135 211 248 162 184 120 82 14 0 8 2 0 0 0 0 0 0 1 2 0 0 0 4 9 103 208 255 255 255 255 251 255 255 255 242 155 18 0 0 15 0 0 0 0 0 1 2 0 0 1 9 16 255 234 250 227 142 112 122 98 112 196 255 252 88 4 7 0 0 0 0 0 0 0 0 0 0 0 0 0 164 95 1 0 2 18 0 0 0 0 205 255 141 4 4 0 0 0 0 0 0 0 0 0 0 0 0 0 0 0 3 15 0 0 0 7 0 10 227 239 151 0 4 0 0 0 0 0 0 0 0 0 0 0 0 0 1 12 1 0 0 1 0 0 1 67 247 243 57 0 15 0 0 0 0 0 0 0 0 0 0 0 0 0 6 0 0 13 12 0 3 0 85 223 255 161 0 8 0 10 0 0 0 0 0 0 0 0 0 0 0 0 0 14 0 49 140 81 42 155 235 255 241 56 2 6 23 0 0 0 0 0 0 0 0 0 0 0 0 0 7 0 96 246 255 255 250 246 249 253 191 0 18 0 0 0 0 0 0 0 0 0 0 0 0 0 0 0 0 10 120 255 230 255 255 255 240 255 255 121 6 5 3 11 0 0 0 0 0 0 0 0 0 0 0 0 5 0 30 189 193 150 55 66 116 220 255 158 0 5 0 0 0 0 0 0 1 0 0 2 1 0 2 6 0 5 0 0 4 0 0 2 0 213 247 155 2 4 0 14 0 0 0 0 0 3 0 0 0 6 6 0 0 4 0 2 6 0 0 7 3 161 255 170 9 0 14 0 0 0 0 0 2 0 0 6 0 1 5 6 0 6 7 0 0 0 0 4 0 198 242 179 17 0 23 4 0 0 0 0 3 0 0 8 0 0 0 0 2 6 8 0 9 13 0 0 69 253 246 148 5 0 0 2 0 0 0 0 1 1 0 0 0 9 0 10 6 0 0 0 1 0 0 40 207 253 255 89 8 16 0 3 0 0 0 0 5 0 0 12 0 0 19 160 32 2 16 13 0 0 53 194 255 254 118 7 0 0 5 0 0 0 0 0 4 0 0 18 2 0 28 244 255 152 99 115 192 242 231 255 240 215 21 8 5 0 9 3 0 0 0 0 0 21 0 0 0 8 0 152 248 252 255 242 247 255 244 251 130 0 0 0 2 0 0 0 0 0 0 0 0 0 0 0 0 1 1 1 124 157 237 231 139 116 97 9 0 0 0 0 0 0 0 0 0 0 0 0 0 0 0 0 0 1 1 1 0 0 11 6 0 1 15 0 0 0 0 0 0 0 0 0 0 0 0 0 0 0 0 0 0 0 1 1 0 0 0 0 10 5 0 0 0 0 0 0 0 0 0 0 0 0 0 0 0 0 0 0 0 0 0 0 3 8 0 0 7 0 0 10 0 0 0 0 0 0 0 0 0 0 0 0
1 0 0 2 8 0 12 0 0 0 1 2 1 1 2 3 9 1 0 0 4 6 1 0 0 0 0 0 0 2 6 2 0 0 0 0 0 0 1 0 0 0 0 0 0 2 9 0 0 0 7 6 0 0 0 0 5 0 0 0 3 16 6 10 3 2 2 1 0 0 0 0 11 5 2 4 2 0 0 4 0 0 0 0 0 1 13 4 0 0 0 0 0 0 0 0 0 0 0 0 0 0 0 0 2 0 0 0 0 0 0 0 7 0 0 0 2 6 0 3 3 0 0 0 1 2 2 1 0 3 13 5 0 1 2 0 0 0 0 0 3 0 0 6 14 0 5 0 8 3 0 0 0 0 0 0 16 0 0 7 11 0 0 4 0 0 0 0 1 0 11 0 0 0 170 246 135 130 124 123 125 126 124 121 109 43 0 0 4 0 0 10 0 0 0 0 8 0 1 3 5 0 203 255 255 252 247 247 251 254 253 250 255 223 125 17 0 6 13 0 0 0 0 0 0 1 10 1 0 25 140 254 255 252 233 255 247 251 255 248 249 246 201 0 2 0 0 10 0 0 0 0 7 0 0 0 0 0 18 47 33 40 46 33 43 44 40 125 255 255 174 14 1 5 0 0 0 0 0 0 0 0 0 4 5 0 0 0 0 0 7 7 0 0 40 116 243 233 78 2 0 3 7 0 0 0 0 0 0 5 8 1 0 0 4 9 11 5 0 7 0 53 190 255 253 180 14 0 1 0 0 3 0 0 0 0 0 0 0 0 0 3 0 0 0 2 0 18 116 255 247 238 166 84 0 0 10 2 0 11 0 0 0 0 0 0 0 0 6 11 8 2 0 23 38 216 255 234 252 188 24 0 0 0 0 5 0 5 0 0 0 0 1 3 4 1 0 0 0 4 8 25 249 255 234 255 139 0 4 0 10 10 0 3 0 0 0 0 0 0 0 0 0 5 5 0 0 2 0 46 255 253 255 245 208 129 25 0 0 12 0 3 2 4 0 0 0 0 0 0 0 0 0 0 0 0 0 48 247 252 254 254 240 255 211 87 0 9 0 0 0 0 0 0 0 0 0 0 0 0 0 0 0 0 0 0 23 95 131 255 246 252 243 255 118 0 6 9 11 3 0 0 0 0 0 0 0 0 0 0 0 0 18 0 0 13 0 25 86 190 249 255 233 80 0 0 0 4 0 0 0 0 0 0 0 0 0 0 0 0 0 1 6 0 14 0 12 14 85 238 255 176 10 0 13 0 0 0 0 0 0 0 0 0 0 0 0 0 0 20 0 0 0 0 0 0 5 76 254 226 0 0 1 6 0 0 0 0 0 0 0 0 0 0 0 0 6 0 0 10 0 16 0 6 0 178 255 109 5 0 15 0 0 0 0 0 0 0 0 0 0 0 0 0 5 25 101 12 0 0 7 11 169 221 255 68 6 1 0 4 0 0 0 0 0 0 0 0 0 0 0 0 1 37 220 202 178 159 154 192 243 255 198 37 1 3 0 4 0 0 0 0 0 0 0 0 0 0 0 0 2 0 15 197 229 255 255 250 255 169 56 0 0 4 4 1 0 0 0 0 0 0 0 0 0 0 0 0 0 8 0 69 140 255 243 135 107 58 7 0 0 1 0 0 0 0 0 0 0 0 0 0 0 0 0 0 1 11 0 21 0 0 10 0 0 0 0 0 3 0 0 0 0 0 0 0 0 0 0 0 0 0 0 0 4 0 0 2 0 0 13 0 0 0 3 6 2 0 0 3 0 0 0 0
0 0 0 0 0 0 0 0 5 4 0 3 8 0 0 2 10 0 0 12 0 6 0 5 0 0 0 0 0 0 0 0 0 0 0 0 0 0 6 0 0 1 0 0 0 0 5 3 0 0 16 0 0 0 0 0 0 0 0 0 0 0 0 0 10 16 0 0 2 0 30 0 13 5 0 3 12 3 10 0 0 0 0 0 0 0 0 0 0 0 0 0 0 0 14 18 0 0 0 0 0 12 0 3 7 0 0 12 0 0 0 0 0 0 0 0 0 0 0 0 0 24 0 0 4 59 196 231 138 118 56 21 0 15 0 0 0 0 0 0 0 0 0 0 0 0 0 0 4 1 1 0 103 245 255 243 255 236 246 230 64 0 0 2 0 0 0 0 0 0 0 0 0 0 0 0 0 4 0 24 170 255 200 115 29 29 106 248 193 0 7 0 0 0 0 0 0 0 0 0 0 0 0 0 0 1 8 0 45 80 0 4 0 5 0 148 224 0 4 0 0 0 0 0 0 0 0 0 0 0 0 0 0 9 1 0 13 0 2 7 4 0 34 251 217 0 8 0 0 0 0 0 0 0 0 0 0 0 0 0 0 2 0 17 3 5 3 0 0 17 141 255 129 0 6 0 0 0 0 0 0 0 0 0 0 0 0 0 18 0 0 0 0 0 8 0 96 224 253 140 3 0 0 9 0 0 0 0 0 0 0 0 0 0 0 0 0 14 0 38 137 129 126 175 239 226 75 0 9 17 0 0 0 0 0 0 0 0 0 0 0 0 0 0 10 0 40 247 231 255 244 255 205 81 0 0 1 0 13 4 0 0 0 0 0 0 0 0 0 0 0 0 0 7 36 238 255 226 160 235 244 80 3 5 0 5 14 0 0 0 0 0 0 0 0 0 0 0 0 0 0 0 0 70 99 27 0 25 204 163 0 0 8 6 0 13 0 0 0 0 0 0 0 0 0 0 0 0 0 12 0 3 0 6 5 0 24 243 55 4 0 10 0 0 0 0 0 0 2 0 0 6 8 0 0 2 0 1 1 0 2 5 1 0 0 199 85 13 0 3 10 0 0 0 0 0 0 2 0 0 0 0 2 0 13 0 0 1 3 0 3 16 5 208 0 0 9 0 0 10 0 0 0 0 2 0 0 0 1 10 6 2 0 0 3 4 0 0 0 0 19 255 0 0 18 0 0 0 0 0 0 0 0 0 0 9 1 7 0 0 12 0 0 0 5 5 3 3 78 249 4 0 0 1 0 1 0 0 0 0 0 9 6 0 0 22 0 0 0 0 4 10 0 0 26 84 221 164 0 0 0 3 0 10 0 0 0 0 0 2 0 0 69 218 218 189 4 12 5 0 23 105 197 252 221 63 0 7 0 6 0 2 0 0 0 0 9 7 0 0 68 243 255 249 197 197 191 201 243 255 222 150 54 0 0 0 0 6 1 0 0 0 0 0 0 1 3 0 16 149 195 255 255 247 255 255 211 99 18 0 0 6 3 8 0 0 0 0 0 0 0 0 0 0 0 0 0 0 0 0 0 0 0 0 0 0 0 0 0 0 0 0 0 0 0 0 0 0 0 0 0 0 0 0 0 0 0 0 0 0 0 0 0 0 0 0 0 0 0 0 0 0 0 0 0 0 0 0 0 0 0 0 0 0 0 0 0 0 0 0 0 0 0 0 0 0 0 0 0 0 0 0 0 0 0 0 0 0 0 0 0 0 0 0 0 0 0 0 0 0 0 0 0 0 0 0 0 0 0 0 0 0 0 0
0 0 0 0 0 0 0 0 0 3 0 0 14 2 0 0 0 0 2 0 10 2 0 5 0 0 0 0 0 0 0 0 0 0 0 0 3 0 25 14 0 0 3 4 8 0 0 1 0 0 3 1 0 0 0 0 0 0 0 0 0 0 0 0 0 18 0 0 0 7 0 2 0 0 1 11 0 3 15 0 0 0 0 0 0 0 0 0 0 0 0 0 0 10 0 17 23 0 0 5 7 5 0 0 0 0 0 0 0 0 0 0 0 0 0 0 0 0 0 0 1 0 5 0 0 10 66 255 248 220 151 58 68 20 0 12 0 0 0 0 0 0 0 0 0 0 0 0 2 6 0 25 0 63 248 247 251 255 255 226 247 164 0 0 0 0 0 0 0 0 0 0 0 0 0 0 8 0 6 0 94 246 255 255 255 250 241 255 255 240 7 6 0 0 0 0 0 0 0 0 0 0 0 0 0 8 0 101 243 255 242 249 251 214 194 255 238 255 0 0 0 0 0 0 0 0 0 0 0 0 0 0 0 6 4 171 251 254 149 117 178 29 106 255 255 149 1 0 0 0 0 0 0 0 0 0 0 0 0 0 1 0 0 132 255 209 46 0 135 182 249 243 234 90 7 0 0 0 0 0 0 0 0 0 0 0 0 0 2 4 0 15 0 17 0 17 196 251 251 253 174 13 0 2 0 0 0 0 0 0 0 0 0 0 0 0 2 0 7 3 23 159 245 255 255 243 255 241 227 2 2 14 0 0 0 0 0 0 0 0 0 0 0 0 2 0 2 48 184 253 255 243 244 255 253 251 255 139 0 0 0 0 0 0 0 0 0 0 0 0 0 0 5 1 34 200 250 255 238 255 255 221 255 250 254 140 0 9 0 0 0 0 0 0 0 0 0 0 0 0 0 0 18 223 249 255 255 253 255 95 115 255 251 222 3 0 0 0 0 0 0 0 0 0 0 0 0 0 8 1 0 82 255 240 255 190 33 0 106 253 245 216 0 6 0 0 0 0 0 0 3 0 0 5 0 0 8 0 0 21 97 149 89 5 0 33 215 245 255 134 0 0 0 0 0 0 4 0 14 92 57 8 20 0 0 16 4 0 7 7 0 8 1 173 253 249 197 9 15 5 0 0 0 0 8 0 255 252 238 243 255 163 0 0 1 10 6 0 0 15 112 246 235 255 41 4 0 0 0 0 0 0 0 26 248 251 255 255 247 136 5 8 0 0 8 0 13 97 248 255 255 168 7 24 0 5 0 0 0 0 9 0 186 255 242 240 255 226 127 61 70 69 42 105 202 248 249 255 209 13 4 0 1 0 0 0 0 0 0 0 4 78 218 244 255 243 251 249 255 255 255 255 246 253 255 193 67 5 0 5 0 9 0 0 0 0 14 0 0 4 54 243 225 255 255 247 255 251 242 249 247 252 173 33 0 0 0 8 0 0 0 0 0 0 0 13 0 0 7 10 19 68 133 141 130 162 255 248 152 128 8 1 0 5 0 0 18 0 0 0 0 0 0 0 0 0 0 0 0 0 0 0 0 0 0 0 0 0 0 0 0 0 0 0 0 0 0 0 0 0 0 0 0 0 0 0 0 0 0 0 0 0 0 0 0 0 0 0 0 0 0 0 0 0 0 0 0 0 0 0 0 0 0 0 0 0 0 0 0 0 0 0 0 0 0 0 0 0 0 0 0 0 0 0 0 0 0 0 0 0 0 0 0 0 0 0 0 0 0 0 0 0 0 0 0 0 0 0 0 0 0 0 0 0
0 3 8 0 0 0 1 0 2 0 4 0 0 1 0 2 0 8 4 0 2 5 0 0 0 0 0 0 5 2 0 0 1 5 5 2 0 3 5 0 0 17 10 0 0 0 0 0 4 2 0 1 0 0 0 0 1 0 0 3 5 0 0 0 0 0 0 0 0 0 0 0 6 0 0 0 3 0 0 4 0 0 0 0 0 0 2 4 1 0 0 6 6 0 0 9 5 0 0 11 6 0 3 6 0 0 0 4 0 0 0 0 3 5 3 0 0 1 5 6 0 10 0 0 0 2 15 0 0 0 4 8 0 0 3 0 0 0 0 0 1 0 0 1 0 0 0 0 6 106 157 188 227 255 230 130 21 0 0 3 0 0 6 0 0 0 0 0 0 0 0 9 0 0 35 89 229 255 241 239 239 243 255 240 141 48 0 0 0 0 6 0 0 0 0 0 9 0 0 7 0 9 124 255 251 184 102 96 46 0 71 167 255 113 8 0 0 0 4 2 0 0 0 0 0 0 13 0 2 175 231 185 65 0 11 0 0 5 0 35 233 210 0 7 0 0 3 5 0 0 0 0 11 0 0 1 92 237 142 0 0 4 0 7 0 10 0 98 255 178 16 0 10 2 0 0 0 0 0 0 0 0 2 0 0 6 0 17 7 4 0 4 0 0 104 255 226 83 0 0 10 0 0 9 0 0 0 0 5 1 1 3 14 7 0 0 0 7 0 17 13 178 255 232 93 10 12 0 6 0 3 0 0 0 0 0 0 0 7 0 0 4 9 1 2 32 141 194 252 248 255 100 0 0 4 6 0 3 15 0 0 0 0 0 8 0 4 18 14 0 3 0 0 207 255 236 255 254 238 255 125 58 0 0 0 0 7 4 0 0 0 0 10 0 0 0 0 0 6 0 0 26 147 175 156 138 239 253 255 205 89 15 6 0 0 9 0 0 0 0 0 6 6 0 13 0 2 4 0 12 0 0 2 3 9 60 147 249 222 44 0 4 5 0 0 0 0 0 2 0 0 5 1 0 1 11 0 0 3 3 0 1 4 0 1 106 249 214 16 4 0 2 0 0 0 0 0 7 0 0 2 7 1 0 3 10 3 0 1 0 0 5 0 0 64 244 234 23 0 0 0 0 0 0 0 2 0 0 6 4 0 7 0 4 0 0 10 10 0 0 18 2 6 195 251 104 2 3 0 0 0 0 0 2 3 0 3 1 0 3 0 6 7 0 0 1 4 0 0 0 0 233 243 55 5 0 0 0 0 0 0 8 9 0 0 6 0 6 20 0 0 18 0 0 5 3 14 0 92 255 207 0 0 9 0 0 0 0 5 0 3 2 2 0 14 127 144 26 0 9 5 0 2 4 8 56 234 231 94 11 1 0 0 0 0 0 8 0 0 10 8 0 20 177 255 173 86 68 80 81 86 102 216 255 243 153 8 0 13 0 0 0 0 0 0 0 7 0 5 7 0 62 186 251 255 243 255 255 239 255 255 208 142 0 0 4 0 4 0 0 0 0 0 0 0 0 0 0 0 0 20 47 61 71 116 171 175 143 51 26 2 0 0 2 0 0 0 0 0 0 0 0 0 0 0 0 0 0 0 0 0 0 0 14 7 0 7 0 0 0 2 1 0 1 0 0 0 0 0 0 0 0 0 0 0 0 7 1 0 0 0 0 0 0 0 0 0 4 2 0 0 0 0 0 0 0 0 0 0 0 0 0 0 0 1 0 0 0 0 0 0 7 2 3 5 3 0 0 0 1 0 0 0 0
0 8 0 7 10 0 0 0 3 0 5 0 6 0 3 0 0 6 3 0 6 0 12 0 0 0 0 0 1 9 0 0 0 2 15 0 0 0 4 4 0 0 5 14 4 0 0 0 11 0 6 1 0 0 0 0 0 0 0 2 0 0 7 0 1 3 0 8 0 12 0 0 1 0 0 5 15 0 6 0 0 0 0 0 3 0 0 15 4 0 0 0 0 3 0 1 0 1 0 13 1 11 10 0 0 0 0 0 0 0 0 0 9 0 0 1 0 1 1 5 1 7 5 0 6 0 0 0 7 0 0 0 6 15 5 1 0 0 0 0 0 6 4 0 1 12 0 0 0 9 23 28 104 154 215 252 252 255 255 248 153 59 0 0 0 0 0 0 0 5 7 0 6 2 0 38 130 203 252 255 255 242 241 255 254 232 237 255 255 219 76 0 0 0 0 0 1 0 0 0 3 0 18 153 239 255 246 250 255 248 189 172 186 185 192 218 250 255 125 5 0 0 0 0 1 0 0 0 0 2 6 9 159 160 86 34 41 40 11 0 0 9 50 240 243 255 90 1 0 0 0 0 1 0 0 0 0 1 5 7 7 0 0 14 1 0 0 0 0 19 186 255 255 102 0 2 0 0 0 0 0 0 0 0 0 1 2 3 8 0 8 0 0 16 3 0 64 233 248 246 236 49 0 8 0 0 0 0 0 0 1 1 1 0 0 0 0 0 3 3 9 0 2 66 232 248 255 231 18 6 3 0 0 0 0 0 0 0 1 1 1 0 0 0 9 0 0 1 6 22 156 236 255 255 198 56 0 12 0 10 0 0 0 0 0 0 0 0 0 0 0 0 0 21 0 26 210 247 235 243 240 252 158 0 0 0 18 0 0 0 0 0 0 0 0 0 0 0 0 0 0 0 174 242 240 237 255 255 255 240 253 150 0 0 0 19 0 0 0 0 0 0 0 0 0 0 0 1 3 46 254 255 250 234 155 109 159 255 246 199 15 0 11 0 0 0 0 0 0 0 0 10 0 0 0 0 0 45 201 165 98 0 7 6 108 252 255 211 7 0 14 0 0 0 0 0 23 0 0 0 0 6 0 4 15 0 4 11 2 11 0 24 220 253 255 150 0 12 0 0 0 0 0 0 0 0 5 0 0 20 0 0 0 12 0 0 10 0 22 66 249 250 246 55 7 2 0 2 0 0 0 0 0 6 0 4 1 0 0 5 13 0 4 15 0 4 0 118 240 255 164 0 9 0 0 9 0 0 0 0 0 1 8 0 220 252 235 26 0 9 5 0 0 33 201 255 255 236 49 0 0 4 0 0 0 0 0 0 2 4 0 115 250 246 129 0 12 3 0 16 21 212 255 255 217 78 5 3 2 0 9 0 0 0 0 0 4 0 17 37 233 244 226 142 71 61 74 175 210 233 255 226 78 0 9 0 15 0 12 0 0 0 0 0 2 4 0 6 111 255 242 250 255 255 253 247 255 253 193 64 0 12 0 0 0 6 0 4 0 0 0 0 0 6 7 0 0 59 167 254 255 255 248 207 141 70 17 0 0 0 0 0 0 0 0 0 0 0 0 0 0 0 0 0 4 7 8 8 0 0 4 4 0 0 3 7 0 0 0 0 0 0 0 0 0 0 0 0 7 1 0 0 0 0 0 0 9 5 0 0 0 0 0 0 0 0 0 0 0 0 0 0 0 0 0 0 0 2 8 6 0 0 8 18 0 0 0 3 9 10 6 1 0 0 0 0 0 0 0 0 0 0 0 0
0 7 4 0 0 0 0 3 4 10 0 0 1 6 0 0 0 0 0 0 0 0 0 0 0 0 0 0 5 0 0 0 6 0 0 0 0 0 3 5 1 0 0 11 0 0 0 0 0 0 0 0 0 0 0 0 0 0 1 1 0 0 2 8 18 12 0 0 3 1 0 0 0 0 0 0 0 0 0 0 0 0 0 0 0 5 5 0 0 0 2 0 0 1 4 0 3 8 2 0 0 0 0 0 0 0 0 0 0 0 0 0 3 0 0 1 5 17 14 0 7 7 0 0 0 0 0 3 0 0 0 0 0 0 0 0 0 0 0 0 0 0 1 12 0 0 2 8 0 0 0 12 12 0 0 14 0 0 0 0 0 0 0 0 0 0 0 0 4 0 8 0 0 13 64 76 120 165 200 195 148 74 13 0 0 0 0 0 0 0 0 0 0 0 0 0 0 0 0 0 43 175 255 245 249 255 247 240 255 246 130 9 0 0 0 0 0 0 0 0 0 0 0 0 4 3 0 0 255 246 178 99 67 0 59 75 67 246 251 14 5 1 0 0 0 0 0 3 0 0 0 0 0 13 0 15 247 124 0 9 7 0 9 0 0 255 255 6 0 0 0 0 0 4 5 1 0 0 0 0 33 0 0 0 47 1 1 0 12 0 0 2 77 252 197 7 0 5 6 0 0 6 4 0 0 0 0 0 0 0 13 0 4 1 10 0 0 0 6 84 239 246 115 3 0 0 0 0 1 2 2 1 0 0 0 0 0 17 3 0 10 0 0 13 0 20 71 232 255 149 0 0 11 2 0 4 1 0 0 0 0 0 0 0 13 0 5 18 0 0 11 0 0 70 244 243 173 0 10 9 0 0 0 5 7 2 4 10 0 0 0 0 1 6 0 0 0 4 9 7 26 219 255 210 0 8 4 0 0 3 6 0 0 1 0 0 0 0 0 0 0 2 3 0 16 0 0 1 165 255 243 234 199 201 193 210 198 209 189 136 98 78 44 2 0 0 0 0 0 0 0 0 0 0 0 0 185 253 255 240 254 242 223 244 242 218 248 255 255 255 210 23 0 0 0 0 0 0 0 0 0 0 0 0 26 79 93 82 82 48 2 0 0 12 95 63 127 202 255 177 0 0 0 0 0 0 0 0 0 0 0 0 0 8 2 0 2 0 0 0 0 0 0 10 16 110 254 248 0 0 0 0 0 0 0 0 0 0 0 0 4 0 0 0 0 4 9 8 7 11 7 0 4 223 232 101 0 0 0 0 0 0 0 0 0 0 0 0 8 0 4 13 6 1 0 0 0 0 12 145 247 236 168 15 0 0 0 0 0 0 0 0 0 0 0 0 0 0 0 0 0 0 1 3 10 130 215 251 244 140 0 0 0 0 0 0 0 0 0 0 0 0 0 0 0 6 10 9 6 2 0 0 48 241 255 218 98 19 0 14 0 0 0 0 0 0 0 0 0 0 0 0 0 4 0 0 0 1 0 2 3 54 84 29 0 0 20 0 0 0 0 0 0 0 0 0 0 0 0 0 0 0 0 0 0 0 0 0 0 0 0 0 0 0 0 0 0 0 0 0 0 0 0 0 0 0 0 0 0 0 0 0 0 0 0 0 0 0 0 0 0 0 0 0 0 0 0 0 0 0 0 0 0 0 0 0 0 0 0 0 0 0 0 0 0 0 0 0 0 0 0 0 0 0 0 0 0 0 0 0 0 0 0 0 0 0 0 0 0 0 0 0 0 0 0 0 0 0 0 0 0 0 0 0
0 0 0 0 0 0 0 0 5 6 2 0 0 1 1 0 0 3 2 0 0 0 0 8 0 0 0 0 0 0 0 0 0 0 0 0 0 0 4 2 2 5 5 1 0 0 0 0 4 6 0 0 0 0 0 0 0 0 0 0 0 0 0 0 0 0 3 1 0 0 0 0 9 5 3 0 0 4 7 0 0 0 0 0 0 0 0 0 0 0 0 0 1 1 0 0 0 0 0 0 0 0 0 0 0 0 9 7 0 0 0 0 0 0 0 0 0 0 0 0 2 0 0 0 3 5 4 3 4 0 2 11 5 0 0 0 0 0 0 0 0 0 0 0 0 0 0 0 1 0 0 3 5 0 0 0 5 1 0 0 13 8 0 10 0 0 0 0 0 0 0 0 0 0 0 0 1 0 1 2 0 0 0 7 0 18 7 0 5 0 0 0 0 0 0 0 0 0 0 0 0 0 0 0 0 0 0 0 0 1 25 50 147 220 214 155 123 72 17 12 0 0 0 0 0 0 0 0 0 0 0 0 9 0 0 10 2 178 231 248 252 246 255 255 255 255 232 74 0 0 0 0 0 0 0 0 0 0 0 0 0 10 0 9 116 255 251 252 189 141 73 21 83 217 255 150 0 0 0 0 0 0 0 0 0 0 0 0 18 0 0 15 57 112 86 60 9 0 12 72 175 248 215 84 0 0 0 0 0 0 0 0 0 0 0 0 0 9 1 0 0 13 0 11 0 0 68 189 255 232 113 0 0 0 0 0 0 0 0 0 0 0 0 0 11 10 0 14 0 0 0 56 149 208 245 251 205 121 38 0 0 0 0 0 0 0 0 0 0 0 0 0 0 0 51 127 109 164 223 255 244 255 178 95 26 0 0 12 0 0 0 0 0 0 0 0 0 0 0 0 127 248 255 228 254 255 244 235 239 198 17 0 8 1 3 0 0 0 0 0 0 0 0 0 0 0 0 0 232 255 255 254 255 152 80 58 255 250 59 6 7 0 5 0 0 0 0 0 0 0 2 10 0 0 2 0 17 145 159 104 23 0 6 47 213 248 101 0 0 12 0 5 0 0 0 0 13 3 0 0 0 1 3 10 0 0 0 11 22 0 0 174 255 185 9 0 12 0 11 0 0 0 0 0 0 4 21 3 4 5 0 0 0 0 18 0 0 25 157 255 255 82 0 0 11 0 0 1 0 0 0 0 3 0 0 0 17 57 7 3 0 8 0 2 2 76 255 237 170 12 6 0 1 9 0 0 0 0 0 0 6 0 3 27 156 251 183 130 132 141 104 151 234 247 251 122 29 0 0 0 3 0 16 0 0 0 0 0 2 0 0 0 85 207 242 255 243 246 255 253 250 223 126 0 0 0 9 0 2 4 0 0 0 0 0 0 0 9 15 0 0 38 95 138 157 130 156 137 54 21 0 3 6 0 16 0 0 17 0 4 0 0 0 0 5 0 0 6 0 0 1 0 0 19 0 0 7 2 0 7 0 8 0 7 0 0 8 0 0 0 0 0 0 0 0 0 0 0 0 0 0 0 0 0 0 0 0 0 0 0 0 0 0 0 0 0 0 0 0 0 0 0 0 0 0 0 0 0 0 0 0 0 0 0 0 0 0 0 0 0 0 0 0 0 0 0 0 0 0 0 0 0 0 0 0 0 0 0 0 0 0 0 0 0 0 0 0 0 0 0 0 0 0 0 0 0 0 0 0 0 0 0 0 0 0 0 0 0 0 0 0 0 0 0 0 0 0 0 0 0 0 0 0 0
0 3 5 0 0 2 2 0 0 3 0 6 4 0 1 0 1 6 0 0 0 0 0 5 0 0 0 0 3 1 0 0 0 1 1 0 0 5 0 1 4 0 8 0 0 1 6 2 6 4 0 0 0 0 0 0 0 0 0 0 2 7 5 0 0 4 0 0 0 0 10 3 7 12 1 0 0 3 0 0 0 0 0 0 0 2 3 0 0 0 0 0 1 0 0 6 7 0 0 0 0 0 0 0 1 0 0 6 0 0 0 0 0 0 0 0 1 5 8 10 0 1 7 0 0 2 9 16 0 0 0 3 10 1 0 5 0 0 0 0 1 0 0 1 7 3 0 0 7 5 25 73 172 254 234 184 145 96 24 0 0 5 0 0 0 0 0 0 5 4 3 0 0 0 13 36 114 169 245 255 254 255 250 255 255 225 125 20 0 2 5 0 0 0 0 0 0 2 7 0 0 51 153 241 255 248 255 197 102 48 70 156 219 255 246 114 12 0 2 1 0 0 0 0 0 0 13 0 97 247 237 255 233 101 21 15 9 0 0 0 46 182 255 245 131 0 0 0 0 0 0 0 6 11 0 43 214 251 224 58 5 0 0 0 0 0 0 16 9 15 205 255 231 37 0 0 0 0 0 0 0 7 0 160 237 163 24 0 0 7 16 2 0 17 0 68 156 195 255 248 249 54 19 0 0 0 0 0 11 0 20 255 162 0 5 0 7 0 0 0 34 170 188 255 253 255 233 200 152 2 0 4 0 0 0 0 9 0 0 188 36 0 11 10 0 1 12 4 60 253 255 243 255 105 46 20 0 16 2 0 0 0 0 0 0 0 11 0 21 12 0 0 5 0 1 0 24 188 233 230 244 250 254 127 18 0 4 6 0 0 0 0 0 9 0 10 0 0 19 0 2 0 5 3 0 8 0 0 53 183 252 244 232 88 11 0 0 0 0 0 4 0 2 0 3 0 0 5 0 6 0 0 8 3 0 4 4 0 49 126 255 247 73 0 0 0 0 0 1 0 1 0 0 6 0 0 0 0 3 7 0 0 2 0 6 0 0 0 182 249 193 2 0 0 0 0 2 10 0 17 0 0 0 17 14 2 0 0 0 9 3 0 3 0 19 12 62 255 238 0 0 0 0 0 0 0 13 0 113 62 0 0 0 6 11 2 0 0 2 9 5 5 0 27 186 245 190 0 0 0 0 0 5 0 0 0 176 209 0 15 0 3 0 0 1 0 0 0 0 0 79 184 255 208 51 1 0 0 0 0 9 0 0 7 159 250 36 0 0 0 0 12 15 1 0 12 4 133 248 245 229 35 9 0 0 0 0 0 0 4 16 0 108 245 189 21 14 0 0 0 0 0 37 75 207 237 255 191 14 20 0 0 0 0 0 0 0 21 0 0 22 202 255 194 122 69 50 63 95 175 249 255 255 225 100 24 10 0 3 0 0 0 0 0 9 0 8 0 11 21 143 255 255 243 255 255 233 251 254 198 132 48 4 0 5 0 0 10 0 0 0 0 0 0 2 3 0 0 12 29 134 182 240 255 218 138 55 4 0 0 0 0 0 0 0 0 0 0 0 0 0 0 2 3 0 0 1 11 0 4 8 7 2 0 0 1 0 0 0 0 0 0 0 0 0 0 0 0 0 0 1 3 0 0 0 0 0 0 0 0 0 1 1 0 0 0 0 0 0 0 0 0 0 0 0 0 0 0 0 2 4 2 0 0 3 1 0 2 5 4 0 0 0 0 0 0 0 0 0 0 0 0 0 0
1 2 3 0 0 0 11 3 2 0 0 0 0 0 0 0 0 0 0 6 0 0 3 2 0 0 0 0 0 0 0 0 7 1 3 0 5 2 0 0 0 2 6 8 0 1 1 5 8 7 4 0 0 0 0 0 0 1 0 0 3 6 0 0 0 0 0 5 6 2 0 0 0 8 8 0 0 0 1 14 0 0 0 0 1 4 4 0 0 5 0 11 8 6 3 0 0 0 1 4 0 0 0 0 8 13 0 0 0 0 0 0 0 0 3 0 3 3 0 0 0 0 0 0 0 0 1 3 13 0 6 0 4 8 0 6 0 0 0 0 4 0 0 0 7 0 16 0 4 5 4 0 0 0 0 0 0 0 6 0 0 5 0 5 0 0 0 0 5 0 3 0 2 0 105 99 65 61 57 61 81 119 163 193 255 186 134 39 0 6 8 0 0 0 0 0 0 0 11 0 0 13 219 253 253 255 255 254 249 248 252 255 221 231 255 150 9 0 2 0 0 0 0 0 5 0 0 7 0 0 37 100 162 145 144 154 153 118 68 50 15 146 249 141 2 0 9 0 0 0 0 0 0 0 0 7 4 0 0 13 0 0 18 1 0 14 0 0 81 255 233 57 0 0 0 9 0 0 0 0 1 2 0 0 0 4 0 0 0 26 0 0 10 0 0 44 254 242 101 5 6 3 3 0 0 0 0 0 0 5 3 0 0 4 10 7 4 0 11 0 6 9 30 189 250 173 30 0 3 1 0 3 0 0 0 0 0 0 4 5 1 0 0 1 0 0 1 9 3 75 216 255 190 9 0 22 7 0 0 1 0 0 0 0 4 0 0 3 6 0 0 0 10 0 9 0 84 254 246 161 2 19 26 0 0 12 0 9 0 0 0 0 7 0 0 0 0 1 3 6 0 7 0 76 228 255 147 22 0 0 0 0 5 17 5 0 0 0 0 0 0 1 7 4 0 0 0 0 8 0 86 234 255 144 3 0 0 7 0 3 0 0 10 1 0 0 0 0 0 0 0 0 0 0 0 0 3 17 255 249 255 251 250 252 189 60 0 7 0 0 0 0 0 0 0 0 0 0 0 0 0 0 0 0 12 55 255 252 242 215 209 241 251 243 143 0 0 2 5 5 0 0 0 0 0 0 0 0 0 0 0 0 0 0 110 99 35 4 1 13 89 255 240 48 10 6 0 0 0 0 0 0 0 0 0 0 0 0 0 0 0 0 12 16 0 0 0 2 0 228 255 92 1 0 0 0 0 0 0 0 0 0 0 0 0 0 0 0 0 17 0 0 3 2 0 0 3 243 255 62 2 0 11 3 0 0 0 0 0 0 0 0 0 0 0 0 2 0 8 4 0 0 17 1 0 245 241 7 20 0 9 0 0 0 0 0 0 0 0 0 0 0 0 0 11 0 3 0 36 0 5 0 113 251 164 0 5 0 1 1 0 0 0 0 0 0 0 0 0 0 0 0 0 14 0 0 184 85 0 39 255 226 52 5 0 14 0 0 0 0 0 0 0 0 0 0 0 0 0 0 0 15 1 0 132 246 150 226 255 81 0 7 5 0 3 0 0 0 0 0 0 0 0 0 0 0 0 0 8 0 8 8 15 122 160 179 116 22 0 2 0 0 6 4 0 0 0 0 0 0 0 0 0 0 0 0 1 0 2 10 0 0 15 0 10 0 0 2 0 0 5 3 0 0 0 0 0 0 0 0 0 0 0 0 0 18 0 0 21 8 0 3 0 4 4 0 2 5 0 0 0 0 0 0
0 0 0 0 0 0 0 0 2 12 0 0 7 2 0 0 0 2 4 3 0 12 0 5 0 0 0 0 0 0 0 0 0 0 0 0 5 0 21 9 0 0 0 10 0 1 0 4 0 9 0 1 0 0 0 0 0 0 0 0 0 0 0 0 0 6 0 0 0 10 18 0 0 6 0 2 4 3 0 0 0 0 0 0 0 0 0 0 0 0 0 0 3 32 145 247 255 158 15 3 0 9 0 0 0 0 3 3 0 0 0 0 0 0 0 0 0 0 0 0 0 197 246 246 241 255 255 98 0 0 2 1 0 0 8 1 0 0 0 0 0 0 0 0 0 0 0 0 19 144 219 113 0 92 236 234 39 0 4 5 0 0 6 0 0 0 0 0 0 0 0 0 0 0 0 0 11 0 0 10 0 23 167 255 134 0 1 4 0 0 0 0 0 0 0 0 0 0 0 0 0 0 0 0 0 0 12 0 3 0 34 245 224 11 0 0 0 0 0 3 0 0 0 0 3 1 0 0 0 0 0 0 0 11 0 0 0 0 53 250 228 2 4 10 0 0 0 3 0 0 0 0 0 0 0 1 3 3 2 1 0 0 0 2 4 8 136 255 151 0 0 7 0 2 2 0 0 0 0 0 0 0 1 3 3 1 0 0 13 1 3 0 1 99 255 216 42 12 1 9 0 0 11 5 0 0 0 0 0 1 2 1 0 0 0 0 0 0 18 1 83 253 236 66 0 0 0 8 4 7 0 0 0 0 0 0 1 2 1 0 0 0 2 6 38 174 154 230 255 251 255 128 103 74 11 0 0 12 0 4 0 0 0 0 0 1 2 0 0 3 10 16 234 237 255 255 225 247 255 251 244 255 193 83 9 0 0 11 0 0 0 0 0 1 3 2 0 1 8 13 227 165 164 107 0 9 70 81 156 225 255 232 129 8 0 0 0 0 0 0 0 2 4 2 0 0 0 2 1 0 0 0 19 0 0 5 3 0 68 251 235 21 0 7 0 0 0 0 0 0 0 6 4 0 0 5 0 8 2 0 0 5 2 2 4 0 7 212 255 93 0 1 0 0 0 0 0 5 0 0 3 9 0 0 6 0 0 2 4 0 0 0 0 0 100 255 223 26 0 0 0 0 0 0 0 3 8 0 3 6 0 27 0 0 4 2 0 0 10 0 6 118 233 236 139 0 0 4 0 0 0 0 4 0 7 0 1 0 34 176 47 3 3 4 0 0 11 2 155 247 252 137 5 7 6 0 0 0 0 0 8 0 4 0 0 3 79 255 211 82 12 0 25 66 169 228 255 238 109 4 0 10 0 13 0 0 0 0 0 0 11 2 0 0 37 150 255 247 255 246 251 240 255 244 182 43 3 0 0 0 14 0 0 0 0 0 0 5 8 4 1 0 0 8 67 153 250 237 238 192 151 76 14 0 0 0 18 0 5 1 0 0 0 0 5 2 0 0 4 3 8 1 2 0 9 0 18 0 4 0 0 22 0 2 0 1 0 0 0 0 0 0 0 0 0 0 0 0 0 0 0 0 0 0 0 0 0 0 0 0 0 0 0 0 0 0 0 0 0 0 0 0 0 0 0 0 0 0 0 0 0 0 0 0 0 0 0 0 0 0 0 0 0 0 0 0 0 0 0 0 0 0 0 0 0 0 0 0 0 0 0 0 0 0 0 0 0 0 0 0 0 0 0 0 0 0 0 0 0 0 0 0 0 0 0 0 0 0 0 0 0 0 0 0 0 0 0 0 0 0 0 0 0 0
0 0 0 0 0 0 0 0 0 5 5 3 0 12 0 0 1 3 0 11 4 0 3 0 0 0 0 0 0 0 0 0 0 0 0 0 8 0 0 0 0 10 8 0 0 5 0 0 0 5 19 3 0 0 0 0 0 0 0 0 0 0 0 0 0 3 4 5 16 0 0 13 0 12 2 2 3 0 0 0 0 0 0 0 0 0 0 0 0 0 0 0 3 5 2 0 10 0 14 0 0 0 0 8 13 0 0 10 0 0 0 0 0 0 0 0 0 0 0 0 2 0 11 255 97 87 8 9 8 0 0 0 4 4 0 4 0 0 0 0 0 0 0 0 0 0 0 0 0 24 9 238 255 240 90 0 0 0 14 1 0 0 0 0 0 0 0 0 0 0 0 0 0 0 0 0 4 0 17 219 253 255 230 65 20 0 6 9 0 2 11 10 0 0 0 0 0 0 0 0 0 0 0 0 0 19 0 45 188 212 255 203 160 22 0 4 0 0 0 0 0 0 0 0 0 0 0 0 0 0 0 0 0 1 8 2 0 103 251 255 216 15 0 0 11 0 13 0 0 0 0 0 0 0 0 0 0 0 0 0 16 0 0 0 142 253 243 248 236 0 0 17 0 0 10 0 0 0 0 0 0 0 0 0 0 0 0 0 0 0 19 197 255 255 252 162 38 7 12 0 4 8 0 4 0 0 0 0 0 0 0 0 0 0 0 0 0 24 145 244 255 186 30 0 0 7 0 0 4 0 3 0 0 0 0 0 0 0 0 0 0 0 0 0 0 33 249 245 252 167 17 1 10 0 7 0 9 0 5 0 0 0 0 0 0 0 0 0 0 0 0 0 2 22 224 255 255 241 54 133 55 0 23 0 4 13 0 3 0 0 0 0 0 0 0 0 0 0 0 0 11 0 45 220 212 248 255 227 235 39 0 2 0 0 1 0 0 0 0 0 0 0 0 0 0 0 0 0 0 1 4 0 61 126 239 255 241 210 25 0 15 0 0 8 0 0 0 0 0 0 0 0 0 0 0 0 5 0 5 0 0 0 101 134 252 254 254 18 8 0 0 0 0 0 0 0 0 0 0 0 0 0 0 0 6 0 0 3 11 0 2 0 160 255 255 234 39 0 5 0 0 0 0 0 0 0 0 0 0 0 0 0 0 12 0 11 7 0 3 0 46 244 251 255 26 0 14 0 0 0 0 0 0 0 0 0 0 0 0 0 0 0 14 0 0 5 0 31 97 246 214 98 6 0 4 0 0 0 0 0 0 0 0 0 0 0 0 0 0 11 0 0 77 114 196 204 255 255 145 0 15 1 0 8 0 0 0 0 0 0 0 0 0 0 0 0 0 54 184 175 229 255 252 252 248 201 50 0 0 12 0 0 0 0 0 0 0 0 0 0 0 0 0 0 21 137 252 255 255 255 255 209 89 79 0 3 0 12 2 0 0 0 0 0 0 0 0 0 0 0 0 0 0 35 110 111 126 176 116 33 0 0 0 0 13 0 0 15 0 0 0 0 0 0 0 0 0 0 0 0 0 0 0 0 0 0 0 0 0 0 0 0 0 0 0 0 0 0 0 0 0 0 0 0 0 0 0 0 0 0 0 0 0 0 0 0 0 0 0 0 0 0 0 0 0 0 0 0 0 0 0 0 0 0 0 0 0 0 0 0 0 0 0 0 0 0 0 0 0 0 0 0 0 0 0 0 0 0 0 0 0 0 0 0 0 0 0 0 0 0 0 0 0 0 0 0 0 0 0 0 0 0 0 0
0 0 0 0 0 0 0 0 5 0 0 0 0 0 3 1 0 7 0 10 5 0 11 0 0 0 0 0 0 0 0 0 0 0 0 0 12 0 0 7 9 0 0 0 0 18 4 0 3 7 0 10 0 0 0 0 0 0 0 0 0 0 0 0 0 3 6 0 0 1 3 12 8 0 0 18 1 3 10 0 0 0 0 0 0 0 0 0 0 0 0 0 3 6 0 0 4 12 0 0 10 8 0 0 8 0 0 1 0 0 0 0 0 0 0 0 0 0 0 0 7 2 0 13 0 0 0 24 0 3 18 3 0 6 2 9 0 0 0 0 0 0 0 0 0 0 0 0 0 9 3 3 0 89 153 183 239 147 175 114 20 13 0 0 0 0 0 0 0 0 0 0 0 0 0 0 7 15 0 0 18 191 255 254 255 249 255 255 234 160 41 0 0 0 0 0 0 0 0 0 0 0 0 0 0 0 0 14 0 92 171 191 152 193 176 226 250 250 211 4 0 0 0 0 0 0 2 0 0 8 0 4 1 2 0 0 10 2 0 0 0 15 0 43 239 245 252 0 0 0 0 0 11 4 0 5 0 0 1 0 0 1 1 2 4 0 0 5 6 1 110 214 249 253 157 11 0 0 0 0 0 0 0 3 1 0 17 0 0 0 5 3 0 0 15 32 127 209 252 255 236 179 18 0 0 0 0 0 0 10 0 0 4 0 0 1 13 0 0 0 18 96 199 255 253 255 255 167 58 13 0 6 0 0 0 0 0 4 6 0 8 0 0 104 123 147 200 239 243 249 254 241 236 95 45 2 7 13 0 6 0 0 0 0 0 0 2 0 9 0 12 195 255 254 251 249 246 255 255 255 189 75 0 12 0 0 9 0 0 0 0 0 13 0 11 1 1 0 0 114 214 215 209 212 232 246 246 245 237 255 35 0 12 0 0 6 0 0 0 0 0 0 6 0 0 7 0 0 5 11 0 0 30 50 50 56 231 243 119 5 5 6 0 0 0 0 0 0 3 0 2 12 0 6 1 0 0 5 0 0 11 0 0 18 185 253 179 0 5 2 0 0 0 0 0 0 10 0 0 0 2 0 5 0 4 0 0 0 4 0 11 58 255 255 87 5 0 6 4 0 0 0 0 0 0 5 0 5 11 0 10 6 0 0 9 7 0 20 141 255 255 190 13 6 0 8 1 1 0 0 0 0 0 20 0 0 0 0 0 3 0 0 0 0 33 164 255 255 173 55 7 0 4 2 0 4 0 0 0 0 0 0 3 0 7 23 0 4 2 0 64 168 227 252 243 203 54 0 12 0 2 0 3 1 0 0 0 0 3 0 11 0 7 0 0 27 98 153 226 254 246 229 145 22 3 0 0 7 0 0 16 0 0 0 0 0 8 0 0 95 112 107 173 235 245 255 255 216 112 40 6 0 2 6 0 6 0 2 4 0 0 0 0 0 0 6 0 254 255 252 241 249 200 113 38 10 0 0 2 5 6 0 13 0 0 14 0 6 0 0 0 0 1 0 21 96 162 160 101 46 0 0 0 0 0 0 0 0 0 0 0 0 0 0 0 0 0 0 0 0 6 0 0 0 0 0 0 0 0 0 0 0 0 0 0 0 0 0 0 0 0 0 0 0 0 0 0 0 3 2 6 11 7 0 0 7 0 0 0 0 0 0 0 0 0 0 0 0 0 0 0 0 0 0 0 0 2 0 0 0 3 4 0 0 0 0 0 0 0 0 0 0 0 0 0 0 0 0 0 0 0 0 0 0
0 0 0 0 0 0 0 0 1 0 0 0 0 2 8 0 7 0 5 7 1 0 0 0 0 0 0 0 0 0 0 0 0 0 0 0 0 3 6 4 0 0 4 0 0 18 0 0 3 0 0 13 0 0 0 0 0 0 0 0 0 0 0 0 0 7 0 2 9 1 0 14 6 0 0 3 3 14 0 0 0 0 0 0 0 0 0 0 0 0 0 0 2 0 0 18 0 12 11 0 3 13 0 5 0 0 10 3 0 0 0 0 0 0 0 0 0 0 0 0 0 5 0 12 2 0 0 71 180 232 42 0 15 0 8 0 0 0 0 0 0 0 0 0 0 0 0 0 0 13 0 0 11 1 72 229 255 255 124 13 0 24 1 0 0 0 0 0 0 0 0 0 0 0 0 0 1 0 15 0 27 135 255 251 255 238 255 165 0 8 0 7 0 0 0 0 0 0 0 0 0 0 0 0 2 0 0 21 203 250 254 255 251 252 246 255 93 0 5 0 0 0 0 0 0 0 0 0 0 0 0 0 7 1 0 255 247 247 170 43 13 0 206 243 152 7 0 2 0 0 0 0 0 0 0 0 0 0 0 0 0 0 9 249 245 106 14 0 0 50 255 232 94 0 0 1 0 0 0 0 0 0 0 0 0 0 0 0 1 9 0 60 32 0 0 19 0 183 227 198 1 0 12 0 0 0 0 0 0 0 0 0 0 0 0 0 0 0 0 6 0 69 90 78 147 239 255 86 0 15 0 0 0 0 0 0 0 0 0 0 0 0 0 0 6 0 0 4 104 247 255 246 244 237 201 12 1 6 0 6 0 0 0 0 0 0 0 0 0 0 0 0 0 0 19 11 206 251 252 251 255 246 46 0 0 0 3 4 0 0 0 0 0 0 0 0 0 0 0 0 11 0 11 39 255 247 242 255 242 241 146 0 10 1 0 0 0 0 0 0 0 0 0 0 0 0 0 0 0 0 5 6 207 255 207 84 93 255 243 44 0 4 9 0 0 0 0 0 0 4 3 0 6 0 6 0 0 0 0 7 0 0 8 2 0 255 255 92 0 0 0 4 0 0 0 0 0 2 11 9 0 4 0 0 8 7 0 2 1 7 3 1 0 245 241 110 0 8 4 0 0 0 0 0 10 0 0 0 12 0 0 58 0 0 0 7 0 6 4 0 109 255 247 39 0 0 3 0 0 0 0 0 2 0 5 0 17 0 136 206 18 6 0 11 4 9 0 38 215 245 221 0 9 25 0 8 0 0 0 0 4 0 19 4 0 75 251 85 0 23 0 0 2 9 83 255 255 239 45 11 5 0 16 0 0 0 0 0 6 2 0 4 4 149 255 40 16 0 0 12 85 173 247 248 247 86 0 5 0 0 0 0 0 0 0 0 0 14 0 0 12 119 251 255 158 144 180 233 252 241 243 100 83 0 0 3 10 6 3 0 0 0 0 0 10 0 5 0 0 18 126 214 255 255 239 255 254 64 26 6 0 14 14 0 0 21 0 5 0 0 0 0 0 0 0 0 0 0 0 0 0 0 0 0 0 0 0 0 0 0 0 0 0 0 0 0 0 0 0 0 0 0 0 0 0 0 0 0 0 0 0 0 0 0 0 0 0 0 0 0 0 0 0 0 0 0 0 0 0 0 0 0 0 0 0 0 0 0 0 0 0 0 0 0 0 0 0 0 0 0 0 0 0 0 0 0 0 0 0 0 0 0 0 0 0 0 0 0 0 0 0 0 0 0 0 0 0 0 0 0 0 0 0 0
0 0 0 0 0 0 0 0 0 0 7 0 8 11 0 0 0 3 0 0 10 0 0 2 0 0 0 0 0 0 0 0 0 0 0 0 0 4 0 8 0 0 0 0 0 11 3 1 0 0 0 0 0 0 0 0 0 0 0 0 0 0 0 0 1 1 3 10 0 8 3 9 0 0 0 6 0 10 0 0 0 0 0 0 0 0 0 0 0 0 0 0 10 0 11 0 3 0 4 0 19 5 0 0 0 11 4 0 0 0 0 0 0 0 0 0 0 0 0 0 0 12 0 7 75 109 241 203 159 109 70 0 0 0 3 0 0 0 0 0 0 0 0 0 0 0 0 0 14 25 148 219 255 255 229 255 255 245 191 22 6 0 2 0 0 0 0 0 0 0 0 0 0 0 0 0 0 197 255 255 250 198 216 95 189 255 255 60 5 0 0 5 0 0 0 0 0 0 0 0 0 0 0 0 5 111 212 159 117 0 4 4 10 198 255 71 0 6 0 2 0 0 0 0 0 0 0 0 0 0 0 0 0 11 15 0 13 0 6 0 0 188 255 128 1 7 0 4 0 0 0 0 0 0 0 0 0 0 0 0 1 0 0 15 0 1 0 9 109 226 248 114 2 0 12 0 0 0 0 0 0 0 0 0 0 0 0 0 5 8 9 0 13 11 0 143 230 255 215 21 0 15 0 2 0 0 0 0 0 0 0 0 0 0 0 0 0 9 11 6 0 10 154 241 245 221 71 0 6 0 0 4 0 0 0 0 0 0 0 0 0 0 0 0 17 0 24 9 0 214 253 255 236 82 3 0 0 7 0 10 0 0 0 0 0 0 0 0 0 0 0 0 0 2 60 16 10 227 255 236 228 167 27 14 2 0 9 0 0 0 0 0 0 0 0 0 0 0 0 0 12 0 191 160 10 98 174 180 214 255 132 0 0 20 0 3 0 0 0 0 0 0 0 0 0 0 0 0 0 3 81 219 69 0 2 1 158 240 146 8 6 0 0 7 0 0 0 0 0 0 0 0 0 0 0 0 0 0 0 124 98 2 0 2 148 246 255 37 6 0 2 0 0 0 0 0 0 0 0 0 0 0 0 0 9 0 3 0 41 9 3 5 153 253 255 84 1 8 0 2 0 0 0 0 0 0 0 0 0 0 0 0 0 0 4 1 0 9 0 0 140 227 255 128 20 0 0 14 0 0 0 0 0 0 0 0 0 0 0 0 27 205 87 11 4 0 13 2 162 248 229 26 0 16 24 0 0 0 0 0 0 0 0 0 0 0 0 0 144 240 248 70 35 0 0 39 226 248 172 11 4 0 0 6 0 0 0 0 0 0 0 0 0 0 0 0 144 255 255 234 246 101 118 189 247 250 124 4 0 8 0 3 0 0 0 0 0 0 0 0 0 0 0 0 58 152 241 255 255 243 255 255 255 135 0 0 0 7 0 15 0 0 0 0 0 0 0 0 0 0 0 0 0 21 227 235 255 255 248 235 108 20 0 9 12 0 6 0 0 0 0 0 0 0 0 0 0 0 0 0 0 0 0 0 0 0 0 0 0 0 0 0 0 0 0 0 0 0 0 0 0 0 0 0 0 0 0 0 0 0 0 0 0 0 0 0 0 0 0 0 0 0 0 0 0 0 0 0 0 0 0 0 0 0 0 0 0 0 0 0 0 0 0 0 0 0 0 0 0 0 0 0 0 0 0 0 0 0 0 0 0 0 0 0 0 0 0 0 0 0 0 0 0 0 0 0 0 0 0 0 0 0 0 0
0 0 0 0 0 0 0 0 0 0 1 0 7 3 0 0 0 14 0 0 0 2 0 8 0 0 0 0 0 0 0 0 0 0 0 0 0 10 8 0 0 0 13 10 7 0 0 1 13 0 4 0 0 0 0 0 0 0 0 0 0 0 0 0 4 0 14 0 13 3 0 0 2 14 6 0 0 2 0 2 0 0 0 0 0 0 0 0 0 0 0 0 0 0 6 0 7 3 12 0 0 0 0 0 1 1 0 1 0 0 0 0 0 0 0 0 0 0 0 0 42 113 106 155 168 95 134 111 85 0 9 5 2 0 25 0 0 0 0 0 0 0 0 0 0 0 0 0 210 255 255 246 255 255 244 255 238 236 122 43 0 3 0 13 0 0 0 0 0 0 0 0 0 0 0 0 202 255 161 12 31 161 146 162 253 250 241 202 6 8 16 0 0 0 0 0 0 0 0 0 0 0 0 0 78 178 31 9 10 0 1 2 37 91 235 255 203 22 0 0 0 0 0 0 0 0 0 0 0 0 0 0 3 0 6 2 1 7 7 6 6 0 93 238 255 109 3 0 0 0 0 0 0 0 0 0 0 0 0 0 0 27 0 0 11 0 1 0 0 17 0 89 255 195 17 0 0 0 0 0 0 0 0 0 0 0 0 0 3 0 3 3 0 6 0 19 0 23 3 177 253 192 0 0 0 0 0 0 0 0 0 0 0 0 0 0 0 37 15 34 22 12 13 0 12 0 99 244 252 86 12 6 0 0 0 0 0 0 0 0 0 0 0 0 52 236 247 249 243 183 91 19 9 66 231 255 204 34 0 0 0 0 0 0 0 0 0 0 0 0 0 0 222 234 250 255 234 255 245 191 181 247 255 219 25 0 0 16 0 0 0 0 0 0 0 0 0 0 0 0 217 243 84 155 255 255 250 255 255 247 244 177 7 0 14 0 0 0 0 0 0 0 0 0 0 0 0 0 205 255 233 255 241 252 254 255 209 243 249 225 21 2 0 6 0 0 0 0 1 2 2 1 2 3 0 0 67 183 252 237 250 253 149 30 16 79 243 239 212 55 0 0 0 0 0 0 0 1 4 0 0 0 3 9 0 0 38 52 53 21 6 1 3 0 74 253 238 57 22 7 0 0 0 0 0 0 1 0 0 0 0 3 4 0 9 0 0 0 10 2 0 13 0 194 255 75 0 0 0 0 0 0 5 0 0 1 5 1 0 0 18 16 0 0 9 12 0 0 0 3 98 222 255 75 9 0 0 0 0 0 3 0 0 3 3 1 3 9 164 148 26 0 0 4 0 4 46 97 235 255 181 30 0 11 0 0 0 0 0 0 5 4 0 0 17 44 234 255 180 167 167 173 154 164 250 247 255 197 29 0 15 0 0 0 0 0 0 0 2 4 0 0 13 38 230 255 242 254 255 232 253 248 253 240 121 28 0 8 0 7 0 0 0 0 7 0 0 3 6 0 0 3 32 157 255 242 254 255 255 114 115 16 6 0 3 2 0 1 0 0 0 0 0 0 0 0 0 0 0 0 0 0 0 0 0 0 0 0 0 0 0 0 0 0 0 0 0 0 0 0 0 0 0 0 0 0 0 0 0 0 0 0 0 0 0 0 0 0 0 0 0 0 0 0 0 0 0 0 0 0 0 0 0 0 0 0 0 0 0 0 0 0 0 0 0 0 0 0 0 0 0 0 0 0 0 0 0 0 0 0 0 0 0 0 0 0 0 0 0 0 0 0 0 0 0 0 0 0 0 0 0 0 0 0
0 10 6 0 0 0 0 2 4 0 6 0 0 0 0 10 0 0 8 0 0 7 0 4 0 0 0 0 2 0 0 0 4 5 2 0 1 5 0 0 3 4 2 0 6 1 8 0 0 9 0 0 0 0 0 0 7 0 0 3 1 0 0 0 0 14 0 2 0 0 10 0 0 0 7 0 0 0 0 10 0 0 0 0 1 0 5 4 0 0 5 3 0 0 0 9 13 0 2 0 0 0 9 12 9 2 0 0 0 0 0 0 0 0 7 2 0 4 8 2 3 4 16 0 0 0 0 6 4 4 0 0 0 4 7 0 0 0 0 0 0 5 0 0 4 2 0 0 0 3 54 92 176 255 255 236 159 165 123 60 5 0 4 4 0 0 0 0 0 9 0 0 7 0 0 33 145 197 254 255 255 249 243 245 255 255 253 226 126 8 0 0 0 0 0 0 0 9 0 0 11 0 18 115 252 192 112 96 72 24 23 21 16 33 124 255 236 70 0 8 0 0 0 0 0 8 0 0 11 0 17 118 169 27 0 0 7 0 0 7 0 0 0 108 251 164 0 0 0 0 0 0 1 8 0 0 7 0 0 36 19 0 16 3 6 14 14 0 0 7 13 210 255 81 6 6 0 0 0 0 0 4 0 0 4 0 0 0 10 0 9 1 0 0 0 5 0 31 185 247 216 12 3 0 0 0 0 0 0 0 5 3 0 2 7 3 0 0 6 0 12 16 14 0 106 244 253 237 24 7 5 0 0 0 0 0 2 0 3 6 0 0 3 4 4 0 0 0 3 0 91 218 239 250 222 52 0 1 5 2 0 0 0 0 8 0 0 5 3 0 0 0 1 8 0 40 169 231 253 242 255 228 17 0 18 0 7 0 0 0 0 0 2 0 0 1 6 4 0 0 7 0 0 92 247 255 216 179 250 241 50 0 1 11 0 13 0 0 0 0 0 8 5 0 0 0 0 2 0 12 0 7 68 25 0 0 120 242 202 0 7 0 9 0 0 0 0 0 0 2 0 0 0 0 0 8 11 0 8 2 0 3 0 7 59 252 131 2 0 2 8 0 0 0 0 0 1 3 1 0 3 7 3 0 0 3 0 0 0 0 22 0 97 252 98 12 0 0 0 6 0 0 0 0 0 0 6 0 0 0 3 0 0 16 0 2 10 0 12 29 249 255 35 0 3 9 0 3 0 0 0 0 0 0 1 3 0 0 10 7 2 0 0 0 17 0 0 130 252 165 7 2 3 2 0 6 0 0 0 0 15 0 0 3 5 0 0 0 0 7 21 3 0 10 84 244 215 58 0 2 0 1 0 1 0 0 0 0 0 0 0 4 14 4 0 12 4 0 0 5 49 151 255 251 161 6 0 0 0 8 8 0 0 0 0 0 0 17 0 0 12 19 6 15 20 12 32 137 240 255 205 41 8 0 1 14 0 0 2 1 0 0 0 0 0 13 0 16 153 250 255 253 248 255 255 237 213 124 9 8 0 21 0 6 3 0 6 0 0 0 0 0 0 0 0 28 141 251 255 223 183 151 99 47 11 0 0 2 0 0 0 0 0 0 0 0 0 0 0 0 9 12 5 0 0 10 6 0 8 6 3 1 0 1 3 4 0 0 0 0 0 0 0 0 0 0 0 0 0 0 2 7 2 0 0 8 0 0 0 0 1 1 0 0 0 0 0 0 0 0 0 0 0 0 0 0 7 0 0 1 2 0 0 0 12 9 5 1 0 0 0 1 0 0 0 0 0 0 0 0 0 0 0 0
0 0 0 0 0 0 0 0 0 11 0 0 0 2 10 0 2 0 13 0 6 1 0 0 0 0 0 0 0 0 0 0 0 0 0 0 16 0 0 13 5 0 0 8 0 0 0 0 0 6 0 3 0 0 0 0 0 0 0 0 0 0 0 0 0 4 9 1 0 12 5 0 8 12 9 5 1 0 2 2 0 0 0 0 0 0 0 0 0 0 0 0 0 0 7 11 0 0 0 2 0 0 0 3 10 7 6 0 0 0 0 0 0 0 0 0 0 0 0 0 5 0 0 0 7 10 3 6 4 13 0 10 0 0 0 10 0 0 0 0 0 0 0 0 0 0 0 0 0 9 2 15 126 156 178 162 152 87 60 4 23 2 0 0 0 0 0 0 0 0 0 0 0 0 0 0 8 0 0 81 241 185 224 255 255 241 255 190 144 42 0 0 0 0 0 0 0 0 0 0 0 0 0 0 0 8 0 17 131 0 1 12 75 92 171 255 251 243 53 0 0 0 0 0 0 0 0 0 0 0 0 0 2 3 0 1 0 10 0 8 4 0 5 2 111 255 194 7 0 0 0 0 0 0 0 0 0 0 0 0 0 1 5 6 0 0 0 0 0 9 0 5 159 248 117 0 0 0 0 0 0 0 0 0 0 0 0 0 0 0 4 0 0 5 13 0 7 0 0 84 248 225 52 3 0 0 0 0 0 0 0 0 0 0 0 0 1 7 3 0 0 0 0 0 0 32 149 254 254 126 0 0 0 0 0 0 0 0 0 0 0 0 0 0 0 12 0 0 0 1 7 47 163 206 255 215 93 9 0 0 0 0 0 0 0 0 0 0 0 0 0 0 0 0 2 26 87 147 210 246 234 196 118 33 0 0 2 10 0 0 0 0 0 0 0 0 0 0 0 0 3 31 176 223 255 243 255 169 20 4 0 0 14 5 0 0 0 0 0 0 0 0 0 0 0 0 0 0 0 21 222 214 195 169 255 152 3 0 1 9 0 0 13 0 0 0 0 0 2 9 0 4 0 0 3 2 4 0 16 0 5 31 214 225 11 0 0 5 0 0 2 0 0 0 0 0 0 0 0 9 1 0 0 0 2 0 11 0 0 0 170 249 29 5 0 3 0 0 0 0 0 0 0 0 0 5 11 0 0 10 6 0 0 18 0 4 11 0 185 230 46 11 0 2 2 0 0 0 0 0 0 0 12 0 0 0 7 2 0 9 0 0 11 0 0 34 199 255 44 8 0 3 4 0 0 1 0 0 0 0 2 8 11 0 0 4 0 0 0 18 0 8 0 41 244 239 26 1 0 6 3 0 1 5 0 0 0 0 0 11 0 8 0 2 11 10 7 0 0 0 49 196 250 162 8 0 0 6 1 0 3 4 0 0 0 0 0 0 17 191 171 54 0 0 0 70 98 173 229 255 161 0 1 0 1 3 0 0 4 0 0 0 0 0 0 4 0 203 255 250 244 254 247 255 253 238 168 80 0 9 2 0 2 0 0 3 5 0 0 0 0 0 2 0 0 22 89 158 180 165 125 100 60 22 0 0 0 4 0 0 0 0 0 0 0 0 0 0 0 0 0 0 0 0 0 9 8 0 2 1 1 1 1 2 4 4 0 0 0 0 0 0 0 0 0 0 0 0 4 12 15 9 1 0 0 0 0 0 0 3 3 2 0 0 0 0 0 0 0 0 0 0 0 0 0 0 0 0 0 0 0 0 0 2 6 4 1 0 0 0 1 2 0 0 0 0 0 0 0 0 0 0 0 0
0 0 0 0 0 0 0 0 0 0 0 0 2 0 0 5 0 9 0 9 0 0 2 3 0 0 0 0 0 0 0 0 0 0 0 0 12 4 0 3 0 2 21 0 5 0 0 4 5 0 0 0 0 0 0 0 0 0 0 0 0 0 0 0 0 4 0 8 0 0 3 11 0 10 6 3 0 17 4 0 0 0 0 0 0 0 0 0 0 0 0 0 0 1 0 6 29 108 185 243 215 142 104 25 7 0 8 6 0 0 0 0 0 0 0 0 0 0 0 0 7 0 8 0 66 247 254 230 248 255 251 160 5 2 0 0 0 0 0 0 0 0 0 0 0 0 0 0 0 8 0 0 151 255 71 8 52 191 255 255 72 19 0 0 0 0 0 0 0 0 0 0 0 0 0 0 0 14 0 6 149 197 0 1 24 18 159 241 218 0 8 5 0 0 0 0 0 0 0 0 0 0 0 0 8 0 1 9 0 52 0 0 0 7 119 255 203 5 4 0 0 0 0 0 0 0 0 0 0 0 0 0 0 0 0 6 0 6 0 11 12 0 125 250 212 6 3 0 0 0 0 0 0 0 0 0 0 0 0 0 0 7 0 0 0 17 1 3 0 4 181 252 205 0 5 10 0 0 0 0 0 0 0 0 0 0 0 0 1 4 6 8 0 13 0 0 0 52 215 216 61 0 13 0 0 0 0 0 0 0 0 0 0 0 0 0 2 0 0 8 0 0 8 59 172 250 255 120 0 9 0 0 0 0 0 0 0 0 0 0 0 0 0 0 0 0 1 2 16 116 190 241 255 244 229 40 0 0 20 7 0 0 0 0 0 0 0 0 0 0 0 0 0 9 3 1 73 238 255 203 156 255 254 71 18 3 0 2 0 0 0 0 0 0 0 0 0 0 0 0 1 0 0 0 33 137 100 0 0 180 255 159 0 17 0 0 0 0 0 0 0 0 0 0 0 0 0 0 8 0 3 12 0 6 5 1 0 157 248 165 7 0 0 1 0 0 0 0 0 0 8 0 2 0 12 0 6 0 0 4 0 0 3 0 0 204 249 183 0 8 1 1 0 0 0 0 11 0 0 8 0 0 0 19 0 14 11 0 0 5 3 2 46 248 255 138 0 3 0 0 0 0 0 0 0 2 15 0 16 69 20 6 0 1 0 0 21 0 0 29 156 255 205 44 0 0 1 8 0 0 0 0 7 9 0 70 167 236 88 0 3 2 0 2 0 0 84 230 255 250 118 0 4 0 0 0 0 0 0 0 0 1 0 219 246 223 81 83 76 75 79 93 131 191 235 243 173 121 26 0 8 5 0 0 0 0 0 0 11 0 0 160 255 248 245 255 247 253 255 243 244 255 214 122 10 4 0 4 0 1 8 1 0 0 0 0 0 0 5 0 56 72 151 137 105 190 253 223 129 42 1 0 0 7 4 12 0 0 6 1 0 0 0 0 3 3 0 5 0 10 2 0 0 11 0 0 15 9 0 7 3 5 0 0 8 0 1 0 0 0 0 0 0 0 0 0 0 0 0 0 0 0 0 0 0 0 0 0 0 0 0 0 0 0 0 0 0 0 0 0 0 0 0 0 0 0 0 0 0 0 0 0 0 0 0 0 0 0 0 0 0 0 0 0 0 0 0 0 0 0 0 0 0 0 0 0 0 0 0 0 0 0 0 0 0 0 0 0 0 0 0 0 0 0 0 0 0 0 0 0 0 0 0 0 0 0 0 0 0 0 0 0 0 0 0 0 0 0 0 0 0 0 0 0
0 0 0 0 0 0 0 0 0 8 0 0 0 11 0 0 0 4 0 1 0 6 2 0 0 0 0 0 0 0 0 0 0 0 0 0 0 1 7 9 0 0 0 0 2 11 4 6 0 0 0 0 0 0 0 0 0 0 0 0 0 0 0 0 6 0 0 0 0 0 9 10 0 1 0 0 1 0 0 8 0 0 0 0 0 0 0 0 0 0 0 0 12 0 0 5 0 4 0 0 3 0 0 0 8 2 0 4 0 0 0 0 0 0 0 0 0 0 0 0 0 0 0 20 0 5 0 9 5 3 4 0 12 8 0 18 0 0 0 0 0 0 0 0 0 0 0 0 2 18 0 0 0 14 46 94 221 242 255 255 222 139 2 0 0 0 0 0 0 0 0 0 0 0 0 0 0 0 0 13 132 202 247 255 255 251 240 255 255 205 36 4 0 0 0 0 0 0 0 0 0 0 0 0 5 0 8 46 245 255 221 139 54 50 61 176 243 248 58 5 0 0 0 0 0 0 0 0 0 0 0 0 0 0 3 69 246 163 53 0 2 0 100 254 247 186 0 0 0 0 0 0 0 0 0 0 0 0 0 0 0 21 0 24 181 39 0 0 0 12 208 250 210 12 16 2 0 0 0 0 0 0 0 0 0 0 0 0 1 0 0 6 2 5 19 94 140 255 255 192 23 2 1 0 0 0 0 0 0 0 0 0 0 0 0 0 0 2 6 15 92 229 196 255 254 228 163 25 0 0 5 3 0 0 0 0 0 0 0 0 0 0 0 0 0 98 200 202 255 255 255 240 222 85 0 0 0 1 5 1 0 0 0 0 0 0 0 0 0 0 0 0 18 99 249 242 204 199 238 255 243 176 12 0 2 5 9 0 0 0 0 0 0 0 0 0 0 0 0 0 0 57 107 41 0 18 55 233 242 255 112 12 0 0 0 12 0 0 0 0 0 0 0 0 0 0 0 0 1 0 0 0 9 0 4 0 138 249 254 54 0 6 1 0 0 0 0 0 0 0 2 8 0 0 14 0 13 0 1 0 0 10 9 0 58 251 251 142 0 0 0 4 0 0 0 0 0 7 0 9 0 6 2 3 0 9 8 11 7 0 0 3 62 254 255 140 4 10 0 2 0 0 0 0 0 16 0 1 0 0 0 0 10 11 0 0 0 6 8 0 143 248 247 131 0 0 21 0 0 0 0 0 3 0 0 0 12 0 15 0 0 0 0 15 0 9 0 43 245 249 180 0 24 0 0 10 0 0 0 0 5 0 11 0 0 53 205 234 7 10 3 0 3 0 2 218 235 241 0 7 4 7 0 0 0 0 0 0 2 1 0 3 11 201 248 112 0 0 19 16 76 108 127 255 155 29 7 2 0 7 0 0 0 0 0 0 0 20 0 4 5 223 255 116 58 69 165 216 254 247 219 146 21 0 14 0 3 0 0 18 0 0 0 0 0 7 0 7 0 125 241 255 255 241 255 249 200 77 64 0 0 12 0 4 11 0 26 0 0 0 0 0 0 0 6 5 0 8 123 249 255 234 140 83 3 8 0 0 0 0 0 0 0 0 0 0 0 0 0 0 4 0 2 10 4 0 0 13 0 3 0 0 0 9 2 9 0 0 0 0 0 0 0 0 0 0 0 0 5 2 0 0 0 4 0 0 0 5 8 10 6 4 0 0 0 0 0 0 0 0 0 0 0 0 0 0 0 1 3 0 0 6 11 9 0 0 0 0 0 0 8 7 0 0 0 0 0 0 0 0 0 0 0 0
0 0 0 0 0 0 0 0 0 1 0 0 4 11 0 0 13 0 3 0 0 12 0 0 0 0 0 0 0 0 0 0 0 0 0 0 4 7 0 4 6 0 0 12 0 23 9 0 3 0 0 21 0 0 0 0 0 0 0 0 0 0 0 0 12 0 11 3 0 11 0 0 0 0 0 7 1 6 14 0 0 0 0 0 0 0 0 0 0 0 0 0 0 15 0 0 11 4 0 21 7 0 4 9 0 9 4 0 0 0 0 0 0 0 0 0 0 0 0 0 0 19 0 20 0 0 120 141 139 147 242 209 55 27 1 3 0 0 0 0 0 0 0 0 0 0 0 0 8 0 0 1 2 116 245 251 251 255 255 246 255 210 5 2 0 0 0 0 0 0 0 0 0 0 0 0 0 5 10 14 143 255 241 247 234 223 196 218 255 238 36 11 0 0 0 0 0 0 0 0 0 0 0 0 9 0 11 185 254 245 255 132 0 3 0 118 249 246 50 0 0 0 0 0 0 0 0 0 0 0 0 0 6 29 211 244 248 255 84 12 0 6 116 237 255 198 3 4 0 0 0 0 0 0 0 0 0 0 0 0 0 196 243 255 232 3 14 0 8 21 255 255 236 80 2 0 0 0 0 0 0 0 0 0 0 0 0 0 2 104 250 136 45 0 0 3 21 234 252 226 156 14 0 0 0 0 0 0 0 0 0 0 0 0 0 0 0 18 16 0 0 22 69 137 231 255 254 217 29 0 15 0 0 0 0 0 0 0 0 0 0 0 0 0 0 16 54 73 143 254 242 249 247 255 255 251 59 15 0 9 0 0 0 0 0 0 0 0 0 0 0 0 0 110 245 249 255 245 243 255 230 230 248 255 66 0 0 0 0 0 0 0 0 0 0 0 0 0 0 0 14 73 255 245 255 250 255 143 81 0 246 255 218 24 0 5 0 0 0 0 0 0 0 0 0 0 0 0 0 46 208 245 251 104 58 8 0 7 218 247 250 21 0 2 0 0 0 0 0 0 6 0 8 0 0 4 0 9 58 103 21 0 13 0 10 148 255 232 136 0 0 5 0 0 0 0 6 6 0 0 0 0 6 0 4 1 4 1 0 3 0 20 120 227 255 186 0 20 0 0 0 0 0 0 0 0 10 82 125 151 0 2 0 20 0 0 21 5 0 70 254 247 246 87 6 0 15 8 0 0 0 0 13 0 0 134 255 255 205 3 0 0 32 1 0 0 11 186 255 255 128 0 0 0 8 0 0 0 0 0 0 28 6 144 243 255 246 192 39 0 0 4 5 60 181 255 234 195 34 4 1 19 0 5 0 0 0 0 16 0 10 11 189 248 235 255 235 122 137 110 128 233 255 221 121 4 0 0 14 0 0 7 0 0 0 0 10 0 0 0 0 134 244 235 248 236 251 254 255 255 255 163 2 0 7 6 0 20 14 0 0 0 0 0 0 2 0 7 0 0 63 238 255 250 254 246 253 189 107 25 0 17 0 1 0 0 6 0 0 0 0 0 0 0 0 0 0 0 0 0 0 0 0 0 0 0 0 0 0 0 0 0 0 0 0 0 0 0 0 0 0 0 0 0 0 0 0 0 0 0 0 0 0 0 0 0 0 0 0 0 0 0 0 0 0 0 0 0 0 0 0 0 0 0 0 0 0 0 0 0 0 0 0 0 0 0 0 0 0 0 0 0 0 0 0 0 0 0 0 0 0 0 0 0 0 0 0 0 0 0 0 0 0 0 0 0 0 0 0 0 0 0 0 0
0 0 0 0 0 0 0 0 4 2 0 0 7 5 0 0 0 0 0 3 0 0 0 0 0 0 0 0 0 0 0 0 0 0 0 0 0 2 2 12 0 0 0 15 4 3 0 0 0 4 6 5 0 0 0 0 0 0 0 0 0 0 0 0 8 0 8 0 15 0 15 0 0 1 5 0 0 9 7 0 0 0 0 0 0 0 0 0 0 0 0 0 0 16 0 0 64 217 167 0 11 6 4 3 0 0 0 1 0 0 0 0 0 0 0 0 0 0 0 0 5 0 4 0 160 255 219 0 0 0 0 0 0 12 7 0 0 0 0 0 0 0 0 0 0 0 0 0 0 2 69 176 242 255 236 198 114 46 2 11 10 0 0 12 0 0 0 0 0 0 0 0 0 0 0 0 0 95 238 248 255 226 255 255 249 248 179 63 2 12 15 0 0 0 0 0 0 0 0 0 0 0 0 0 0 127 254 252 255 246 255 246 255 244 255 249 149 14 0 15 0 0 0 0 0 0 0 0 0 0 0 0 71 207 250 224 151 104 111 27 112 230 253 251 202 12 0 0 0 0 0 0 0 0 0 0 0 0 0 0 10 168 143 30 0 0 1 0 0 0 187 255 180 0 3 7 0 0 0 0 0 0 0 0 0 0 0 0 10 4 0 1 9 5 0 9 1 7 27 250 245 7 8 0 0 0 0 0 0 0 0 0 0 0 0 0 0 1 12 0 0 62 106 177 180 141 255 242 174 8 0 26 0 0 0 0 0 0 0 0 0 0 0 0 11 0 12 0 31 223 255 241 237 255 249 164 11 0 4 0 0 0 0 0 0 0 0 0 0 0 0 0 0 5 0 1 110 255 237 255 255 255 254 130 4 0 13 3 0 0 0 0 0 0 0 0 0 0 0 0 4 0 0 0 64 247 255 250 221 232 252 236 0 6 4 0 0 0 0 0 0 0 0 0 0 0 0 0 3 0 4 11 5 106 70 13 31 244 254 229 41 0 0 4 0 0 0 0 0 5 6 0 0 1 1 0 4 0 0 2 11 4 0 6 0 41 255 251 94 0 10 0 0 0 0 0 9 0 0 5 11 0 0 32 6 8 3 10 0 6 2 0 10 4 154 240 174 13 0 3 0 0 0 0 2 4 1 4 0 0 64 201 127 1 1 0 4 0 59 47 99 181 251 239 81 0 0 5 0 0 0 0 0 8 0 0 2 9 104 254 248 210 172 98 207 192 235 254 239 255 242 201 0 7 11 0 0 0 0 0 0 7 0 0 4 17 119 255 237 249 255 255 240 255 255 245 249 255 255 201 9 0 0 0 0 0 0 0 0 2 0 4 0 0 94 242 255 254 255 255 248 249 253 255 255 230 187 33 0 4 1 10 0 0 0 0 6 0 0 5 12 0 15 61 142 152 236 242 251 249 246 143 90 45 29 0 17 0 0 0 0 0 0 0 0 6 10 0 0 0 1 3 0 5 0 0 10 1 0 4 7 0 0 12 0 0 10 0 0 0 0 0 0 0 0 0 0 0 0 0 0 0 0 0 0 0 0 0 0 0 0 0 0 0 0 0 0 0 0 0 0 0 0 0 0 0 0 0 0 0 0 0 0 0 0 0 0 0 0 0 0 0 0 0 0 0 0 0 0 0 0 0 0 0 0 0 0 0 0 0 0 0 0 0 0 0 0 0 0 0 0 0 0 0 0 0 0 0 0 0 0 0 0 0 0 0 0 0 0 0 0 0 0 0 0 0 0 0 0 0 0 0 0 0
0 0 0 0 0 0 0 0 0 15 0 9 5 0 21 0 0 14 13 0 3 0 0 0 0 0 0 0 0 0 0 0 0 0 0 0 14 0 12 3 0 6 0 2 15 0 0 10 1 5 0 0 0 0 0 0 0 0 0 0 0 0 0 0 3 0 0 14 5 0 10 0 2 18 0 6 2 0 6 10 0 0 0 0 0 0 0 0 0 0 0 0 0 7 0 112 253 21 0 43 0 4 13 4 0 5 1 0 0 0 0 0 0 0 0 0 0 0 0 0 0 20 64 228 248 255 171 242 200 2 40 20 0 1 2 8 0 0 0 0 0 0 0 0 0 0 0 0 13 37 188 255 253 255 255 255 245 203 248 174 79 0 18 0 0 0 0 0 0 0 0 0 0 0 0 0 17 244 255 230 255 240 251 250 255 247 244 255 252 57 0 5 0 0 0 0 0 0 0 0 0 0 0 0 23 248 255 255 248 142 141 106 72 127 255 248 248 182 17 0 0 0 0 0 0 0 0 0 0 0 0 0 98 245 247 200 0 0 0 4 0 2 12 136 255 252 135 0 0 0 0 0 0 0 0 0 0 0 0 0 45 208 97 0 17 12 0 2 12 2 0 38 223 249 92 0 0 0 0 0 0 0 0 0 0 0 0 0 6 3 6 0 0 0 11 6 0 0 40 88 242 253 57 11 0 0 0 0 0 0 0 0 0 0 0 0 0 0 0 0 8 3 17 175 215 206 228 255 255 176 6 0 0 0 0 0 0 0 0 0 0 0 0 0 13 5 10 0 0 15 134 252 248 252 236 255 225 65 4 0 0 0 0 0 0 0 0 0 0 0 0 0 0 1 0 0 5 7 227 255 237 255 255 237 232 9 1 7 0 0 0 0 0 0 0 0 0 0 0 0 0 4 0 7 9 2 220 255 255 249 255 249 238 35 0 0 0 0 0 0 0 0 0 0 0 0 0 0 0 9 0 0 0 18 115 187 144 64 135 254 245 127 8 0 0 0 0 0 5 0 2 0 0 8 0 0 11 0 4 0 0 3 0 11 0 0 12 141 250 238 39 0 0 0 0 0 0 4 3 4 3 0 0 10 0 0 6 0 0 8 0 0 6 0 0 26 206 255 10 20 0 0 0 0 5 0 0 91 201 191 134 84 28 19 26 25 28 32 21 24 25 31 140 163 255 255 20 0 0 0 0 0 0 4 3 127 253 255 251 250 253 255 247 221 225 254 255 249 246 249 250 236 255 178 14 7 0 0 0 0 0 13 10 129 245 244 246 255 250 250 249 255 255 255 253 249 255 255 255 253 218 76 5 0 0 0 0 0 0 0 0 105 231 255 255 254 250 255 246 247 248 248 255 254 255 220 255 193 69 0 7 0 0 0 0 0 7 5 0 0 3 16 69 132 151 243 255 244 242 255 246 161 132 109 77 8 0 0 0 13 0 0 0 0 3 0 0 3 4 2 0 5 0 3 0 8 3 0 5 6 2 0 0 0 0 0 6 0 0 0 0 0 0 0 0 0 0 0 0 0 0 0 0 0 0 0 0 0 0 0 0 0 0 0 0 0 0 0 0 0 0 0 0 0 0 0 0 0 0 0 0 0 0 0 0 0 0 0 0 0 0 0 0 0 0 0 0 0 0 0 0 0 0 0 0 0 0 0 0 0 0 0 0 0 0 0 0 0 0 0 0 0 0 0 0 0 0 0 0 0 0 0 0 0 0 0 0 0 0 0 0 0 0 0 0 0 0 0 0 0 0 0 0 0
0 0 0 0 0 0 0 0 4 0 0 8 0 0 14 0 0 2 4 3 6 7 0 5 0 0 0 0 0 0 0 0 0 0 0 0 3 0 6 12 4 1 4 0 3 0 2 0 0 0 2 0 0 0 0 0 0 0 0 0 0 0 0 0 0 0 1 0 0 0 0 0 9 4 13 0 3 0 9 0 0 0 0 0 0 0 0 0 0 0 0 0 2 9 0 1 5 2 7 0 0 0 2 5 0 0 9 0 0 0 0 0 0 0 0 0 0 0 0 0 0 5 0 5 4 0 10 0 17 8 0 8 4 0 2 0 0 0 0 0 0 0 0 0 0 0 0 0 5 0 0 16 0 0 14 8 80 155 210 243 169 40 0 12 0 0 0 0 0 0 0 0 0 0 0 0 0 0 94 157 155 182 218 247 251 253 253 255 249 71 7 0 0 0 0 0 0 0 0 0 0 0 0 0 5 11 196 255 248 255 235 255 255 249 255 247 255 38 0 5 0 0 0 0 0 0 0 0 0 0 0 0 16 0 154 230 234 199 189 119 139 245 254 255 105 0 1 5 0 0 0 0 0 0 0 0 0 0 0 0 0 3 17 0 25 10 10 64 185 255 255 132 34 0 1 0 0 0 0 0 0 0 0 0 0 0 0 0 9 0 5 8 2 0 58 206 255 253 189 31 2 0 0 0 0 0 0 0 0 0 0 0 0 0 0 0 5 0 1 0 0 144 255 255 255 154 12 0 0 8 12 2 0 0 0 0 0 0 0 0 0 0 0 0 3 0 20 131 200 255 249 228 53 16 5 28 3 0 2 0 0 0 0 0 0 0 0 0 0 0 0 0 27 153 220 255 246 245 246 255 141 3 0 0 0 0 13 0 0 0 0 0 0 0 0 0 0 0 0 0 162 255 255 250 255 255 255 243 255 94 5 0 9 0 3 0 0 0 0 0 0 0 0 0 0 0 0 0 144 253 250 224 201 127 143 252 255 174 0 14 0 0 11 0 0 0 0 0 3 0 0 4 0 0 0 0 10 62 54 4 0 3 31 243 248 209 0 7 0 0 0 5 0 0 0 0 4 0 0 0 0 0 5 2 0 0 10 7 0 1 23 230 255 133 0 3 1 1 0 0 0 0 0 0 0 0 1 0 0 2 0 0 17 0 0 0 0 1 178 255 255 47 4 0 2 6 0 0 0 0 0 0 0 0 0 3 5 0 0 7 0 0 0 10 1 54 253 248 219 4 4 0 0 6 0 5 0 0 0 0 3 0 0 3 0 0 39 119 102 48 15 0 0 156 241 254 126 0 0 0 0 4 0 5 0 0 0 0 3 3 0 0 0 4 112 255 255 244 122 10 143 253 252 238 33 0 0 4 4 4 0 0 0 0 0 0 0 3 0 1 0 8 108 251 253 246 251 224 246 254 249 38 0 0 6 0 3 1 0 0 0 0 0 0 0 4 0 2 3 0 34 129 161 254 239 255 249 212 50 5 3 0 16 0 0 0 6 0 0 0 0 0 0 0 0 0 0 0 0 0 0 114 242 227 130 10 0 0 0 0 0 0 0 0 0 0 0 0 0 0 0 0 0 0 0 0 0 0 0 0 4 0 3 0 1 0 0 0 0 0 0 0 0 0 0 0 0 0 0 0 0 0 0 0 0 0 3 0 4 0 2 0 6 6 0 0 0 0 0 0 0 0 0 0 0 0 0 0 0 0 0 0 0 0 0 0 5 5 6 0 0 0 0 0 0 0 0 0 0 0 0 0 0 0
0 0 0 0 0 0 0 0 7 0 12 0 16 0 4 0 0 4 0 0 3 3 0 6 0 0 0 0 0 0 0 0 0 0 0 0 8 0 3 0 0 0 4 2 0 3 0 0 2 9 0 0 0 0 0 0 0 0 0 0 0 0 0 0 0 2 0 8 8 11 0 0 0 4 0 5 0 0 0 9 0 0 0 0 0 0 0 0 0 0 0 0 0 0 0 0 0 0 1 16 0 4 0 19 2 6 0 0 0 0 0 0 0 0 0 0 0 0 0 0 0 16 13 0 16 0 7 0 13 5 0 0 1 0 0 0 0 0 0 0 0 0 0 0 0 0 0 0 0 27 127 227 228 35 0 13 0 12 18 56 66 10 4 17 0 0 0 0 0 0 0 0 0 0 0 0 104 228 255 238 156 42 54 73 164 220 247 255 239 69 0 0 0 0 0 0 0 0 0 0 0 0 0 0 201 255 245 250 255 238 252 254 247 255 248 248 255 82 13 3 0 0 0 0 0 5 3 5 5 0 0 3 114 237 255 255 253 245 255 229 217 239 255 255 227 31 0 0 0 0 0 0 9 1 0 0 0 0 3 8 0 51 111 141 119 75 43 16 17 246 255 248 30 0 1 6 0 0 0 0 8 0 0 2 0 0 0 0 3 0 0 0 7 0 18 117 230 235 255 139 5 4 3 0 0 0 0 0 0 0 9 7 0 2 1 0 0 0 7 0 25 143 242 255 255 255 132 5 13 2 0 0 0 0 0 0 1 0 7 0 0 10 2 2 7 12 0 72 203 255 255 243 209 132 0 11 0 0 0 9 0 0 0 0 4 0 3 0 1 8 0 0 15 131 209 248 243 255 250 111 12 4 3 0 9 7 0 0 0 0 0 0 2 0 5 0 9 0 0 77 218 255 255 255 255 255 236 167 211 116 13 4 0 0 25 0 0 0 0 0 5 0 5 0 2 0 44 210 255 237 254 255 243 248 255 255 255 248 207 9 4 2 0 1 0 0 0 0 8 0 0 0 9 8 101 255 255 204 122 63 47 49 52 56 181 251 255 126 8 0 0 7 0 0 0 0 0 1 14 0 2 0 55 162 116 32 0 0 3 0 0 4 0 232 234 225 7 0 17 0 0 0 0 0 0 0 0 0 13 0 0 0 8 0 5 14 0 0 6 1 1 219 255 239 31 0 8 0 0 0 0 0 0 3 0 0 0 0 14 0 0 3 5 0 0 1 1 0 87 247 229 157 0 0 14 3 0 0 0 0 0 4 4 6 0 0 5 0 8 0 0 0 18 0 8 89 254 255 254 26 2 7 0 0 0 0 0 0 1 0 0 4 8 4 0 38 116 70 7 0 11 22 109 251 255 214 54 1 0 0 0 7 0 0 0 0 0 5 6 0 0 0 20 197 255 231 201 198 224 253 255 255 223 92 10 0 21 0 0 3 0 0 0 0 0 0 0 0 10 0 0 206 255 246 255 255 243 255 232 141 50 0 0 0 0 0 19 0 0 0 0 0 2 0 0 5 0 0 23 63 173 208 193 170 161 93 13 3 0 0 0 0 0 0 0 0 0 0 0 0 2 0 0 4 0 0 0 16 0 15 1 0 11 0 0 0 0 0 0 0 0 0 0 0 0 0 0 0 0 0 0 2 0 0 0 0 0 5 0 0 0 2 2 14 0 0 0 0 0 0 0 0 0 0 0 0 1 1 0 0 0 3 4 1 0 0 4 7 2 0 0 0 0 0 0 0 0 0 0 0 0 0 0 0
1 0 0 4 4 0 0 0 1 0 0 7 9 0 0 5 0 0 0 1 1 0 0 0 0 0 0 0 0 3 3 0 0 0 7 0 0 0 3 7 0 3 21 0 0 0 0 0 1 1 0 0 0 0 0 0 0 0 4 0 14 0 6 1 13 3 0 4 9 0 0 2 0 0 0 0 0 1 1 1 0 0 0 0 4 0 11 0 4 0 0 0 0 13 0 0 8 13 0 11 0 0 0 0 0 1 2 2 0 0 0 0 0 3 18 0 0 10 11 4 9 0 0 7 0 0 0 0 0 0 0 0 0 0 2 2 0 0 0 0 5 0 4 8 0 0 0 9 0 8 5 0 9 10 0 0 2 1 0 0 0 0 1 2 0 0 0 0 15 0 0 13 0 11 3 68 106 244 255 229 254 239 119 19 4 2 0 0 0 0 0 0 0 0 0 0 0 8 4 0 2 139 188 252 249 255 252 249 255 255 228 197 5 4 1 0 0 0 0 0 0 0 0 0 12 0 17 0 31 227 251 251 251 252 250 242 255 255 244 250 116 8 2 1 0 0 10 0 0 0 0 0 0 7 0 7 254 238 255 243 248 176 173 39 165 209 255 255 234 19 0 2 13 0 0 0 0 0 0 0 2 21 0 2 236 255 249 213 103 0 7 9 0 163 240 249 255 33 14 0 0 14 10 2 0 0 0 0 0 0 10 7 188 249 199 14 0 5 0 1 64 255 255 251 211 6 8 11 0 0 0 1 0 0 0 0 14 1 0 0 30 170 22 7 0 22 0 0 181 254 255 242 221 53 2 2 0 3 10 6 0 0 0 0 0 12 3 0 16 0 0 8 5 3 0 73 237 242 247 255 255 238 200 126 26 0 0 2 0 0 0 0 3 0 0 0 0 7 0 0 0 19 0 9 227 255 253 246 254 246 233 255 221 161 5 0 0 0 0 0 2 0 6 0 8 2 1 0 4 0 1 7 77 194 248 255 248 255 248 255 255 246 27 4 0 0 0 0 0 0 0 0 0 0 0 0 3 0 0 4 4 0 0 0 0 144 223 255 249 253 218 32 0 0 0 0 0 0 0 0 0 0 0 0 7 2 0 0 2 5 5 4 8 0 17 145 240 253 255 90 0 0 0 0 0 0 0 0 0 0 0 0 0 2 6 1 0 0 0 0 10 0 26 158 255 247 236 97 0 0 0 0 0 0 0 0 0 0 0 0 1 0 0 0 1 5 9 11 0 22 154 240 255 255 236 62 0 0 0 0 0 0 0 0 0 0 0 0 1 0 0 8 7 0 0 0 90 181 255 255 248 232 94 15 0 0 0 0 0 0 0 0 0 0 0 0 0 4 10 0 0 1 51 99 245 254 239 248 255 209 7 0 0 0 0 0 0 0 0 0 0 0 0 0 6 8 0 0 22 114 213 255 255 233 255 242 101 36 2 2 0 0 0 0 0 0 0 0 0 0 0 0 4 0 0 23 132 245 255 233 244 255 171 64 9 0 0 2 0 0 0 0 0 0 0 0 0 0 0 0 3 0 0 87 227 255 239 250 207 59 3 2 0 2 5 5 0 0 0 0 0 0 0 0 0 0 0 0 0 14 0 0 134 244 196 98 64 0 0 11 0 0 0 0 0 0 0 0 0 0 0 0 0 0 0 0 0 10 9 0 1 3 0 0 0 0 3 6 0 0 0 0 0 0 0 0 0 0 0 0 0 0 0 0 1 0 0 0 2 5 7 2 5 6 2 0 0 3 1 5 0 0 0 0
0 0 0 0 0 0 0 0 4 6 0 4 12 0 0 1 6 1 0 3 0 0 4 0 0 0 0 0 0 0 0 0 0 0 0 0 0 14 18 0 3 6 0 7 0 0 19 8 0 7 0 4 0 0 0 0 0 0 0 0 0 0 0 0 4 0 0 0 0 0 0 8 8 2 0 0 16 0 6 1 0 0 0 0 0 0 0 0 0 0 0 0 0 0 5 10 0 0 27 0 0 0 13 0 2 10 0 5 0 0 0 0 0 0 0 0 0 0 0 0 13 0 0 3 5 0 0 2 146 255 175 165 61 11 0 5 0 0 0 0 0 0 0 0 0 0 0 0 0 0 19 0 17 47 53 203 239 249 255 240 255 50 6 0 0 0 0 0 0 0 0 0 0 0 0 0 2 6 0 10 145 255 255 255 255 246 83 255 247 70 0 7 0 0 0 0 0 0 0 0 0 0 0 0 9 0 16 204 255 236 255 198 118 153 42 249 245 74 0 2 0 0 0 0 0 0 0 0 0 0 0 0 0 7 25 243 249 198 139 43 0 33 191 250 216 27 16 0 0 0 0 0 0 0 0 0 0 0 0 0 0 1 0 35 19 2 0 0 34 218 237 248 61 0 0 0 0 0 0 0 0 0 0 0 0 0 0 0 13 0 2 0 20 0 12 113 221 255 227 58 7 1 6 7 0 0 0 0 0 0 0 0 0 0 0 0 0 7 7 0 51 99 176 255 249 254 190 14 2 0 3 0 0 0 0 0 0 0 0 0 0 0 0 0 3 0 0 169 255 251 255 245 228 248 255 56 0 14 0 3 0 0 0 0 0 0 0 0 0 0 0 0 1 12 0 179 255 250 207 77 31 225 255 255 14 0 0 1 0 0 0 0 0 0 0 0 0 0 0 0 0 0 4 113 102 50 18 0 0 52 234 235 52 0 1 0 0 0 0 0 0 0 0 0 0 0 0 0 2 0 0 6 0 10 0 9 0 6 255 247 44 0 0 4 0 0 0 0 5 0 0 9 0 0 11 0 0 5 0 6 0 4 0 0 0 31 240 255 41 0 0 5 0 0 0 0 0 14 2 0 3 4 0 0 4 0 0 17 3 0 0 5 2 71 255 237 34 0 12 0 0 0 0 0 0 0 0 0 0 0 1 19 0 0 0 0 0 12 5 0 2 176 255 198 0 3 0 1 0 0 0 0 12 1 15 22 5 9 8 0 0 6 12 7 0 0 0 2 169 255 224 20 4 0 15 0 0 0 0 0 0 1 107 241 230 83 0 12 10 0 0 2 0 0 69 163 245 255 171 2 16 0 5 0 0 0 0 0 10 0 136 255 243 253 255 164 54 12 0 2 37 77 173 255 245 135 7 0 0 16 8 0 0 0 0 0 0 5 0 67 202 255 238 247 243 225 220 218 255 255 246 211 79 4 0 2 10 0 0 0 0 0 0 0 0 3 1 0 5 28 97 177 255 247 254 249 245 169 90 22 0 4 2 0 10 4 0 12 0 0 0 0 0 0 0 0 0 0 0 0 0 0 0 0 0 0 0 0 0 0 0 0 0 0 0 0 0 0 0 0 0 0 0 0 0 0 0 0 0 0 0 0 0 0 0 0 0 0 0 0 0 0 0 0 0 0 0 0 0 0 0 0 0 0 0 0 0 0 0 0 0 0 0 0 0 0 0 0 0 0 0 0 0 0 0 0 0 0 0 0 0 0 0 0 0 0 0 0 0 0 0 0 0 0 0 0 0 0 0 0 0 0 0 0
2 2 2 0 0 1 2 0 3 0 1 0 2 7 0 0 0 6 2 0 10 0 0 4 0 0 0 0 10 0 1 14 0 0 5 6 0 1 5 0 0 0 0 8 13 0 0 1 0 0 1 0 0 0 0 0 7 0 0 0 0 8 12 0 6 1 0 1 9 9 3 0 0 0 4 15 0 0 4 5 0 0 0 0 0 0 5 3 0 0 1 15 0 0 0 4 0 0 0 0 5 1 0 2 0 3 0 3 0 0 0 0 0 4 0 5 9 0 68 236 255 255 244 251 255 251 255 250 124 94 13 0 0 21 0 0 0 0 0 0 4 12 0 0 6 3 98 255 237 255 250 255 255 242 255 255 255 238 131 49 0 9 0 1 0 0 0 0 0 7 5 0 4 0 14 55 135 200 223 225 182 157 221 255 241 255 243 153 1 0 2 6 0 0 0 0 3 0 2 5 0 0 4 0 0 11 0 0 0 6 77 102 116 193 255 209 16 0 13 0 0 0 0 0 0 0 0 0 0 0 0 0 3 0 21 0 0 3 4 0 81 222 240 255 39 0 0 11 0 0 0 0 0 0 0 0 0 0 0 0 1 6 0 0 12 0 5 72 246 254 250 152 2 6 1 0 0 0 0 0 0 0 0 0 0 0 0 0 0 12 14 0 19 137 165 255 237 255 145 53 0 6 1 9 0 0 0 0 0 0 0 0 0 0 0 0 10 0 0 0 35 225 241 253 255 229 54 4 1 4 0 0 0 0 0 0 0 0 0 0 0 0 0 0 26 107 124 255 249 242 255 253 167 21 7 0 4 0 2 2 0 0 0 0 0 0 0 0 0 0 0 0 190 255 212 255 255 239 255 255 175 37 5 2 11 0 0 0 0 0 0 0 0 0 0 0 0 0 0 0 60 208 255 244 250 255 255 242 246 175 33 0 0 5 1 0 0 0 0 0 0 0 0 0 0 0 0 0 0 75 105 112 109 120 246 255 255 248 249 92 0 0 3 2 0 0 0 0 0 8 0 4 0 16 0 0 0 5 3 0 13 0 0 74 234 255 247 255 102 0 14 0 0 0 0 0 9 0 7 7 0 0 3 0 8 0 9 6 0 11 13 0 30 147 243 255 186 10 0 3 0 0 0 0 0 0 0 0 17 3 2 7 0 0 0 13 0 0 17 18 13 21 255 255 218 59 0 0 0 0 0 0 0 20 9 0 1 1 0 0 8 5 19 0 3 26 0 0 33 157 255 248 207 25 22 2 0 0 0 0 0 0 2 12 75 111 106 6 0 10 0 0 0 13 114 109 236 255 234 255 195 4 0 0 0 0 0 0 1 14 6 0 224 255 251 217 223 219 134 212 243 200 255 248 251 248 247 154 3 12 0 14 0 0 0 0 16 0 8 0 53 99 217 243 254 249 253 245 253 253 236 255 255 238 128 49 0 0 0 3 0 0 0 0 0 14 0 7 5 0 5 114 109 109 114 250 209 118 188 114 110 16 10 0 0 2 9 0 0 0 0 0 0 0 0 0 0 0 0 0 0 0 0 0 0 0 0 0 0 0 0 0 0 0 0 0 0 0 0 0 0 0 0 0 0 0 0 0 0 0 0 0 0 0 0 0 0 0 0 0 0 0 0 0 0 0 0 0 0 0 0 0 0 0 0 0 0 0 0 0 0 0 0 0 0 0 0 0 0 0 0 0 0 0 0 0 0 0 0 0 0 0 0 0 0 0 0 0 0 0 0 0 0 0 0 0 0 0 0 0 0 0 0 0
0 0 19 0 2 0 0 0 1 1 1 1 1 1 1 1 0 14 0 0 0 16 0 2 0 0 0 0 8 0 0 0 5 4 0 11 0 0 0 0 0 0 0 0 0 0 0 6 0 4 0 2 0 0 0 0 6 1 4 0 0 10 0 0 3 3 3 3 3 3 3 3 5 0 0 10 0 0 6 0 0 0 0 0 6 0 0 0 0 1 9 10 0 0 0 0 0 0 0 0 6 3 0 2 0 0 9 0 0 0 0 0 6 0 6 7 19 0 0 0 0 0 0 0 0 0 0 0 0 0 0 0 3 0 0 0 0 0 0 0 0 3 1 0 4 4 35 28 2 2 2 2 2 2 2 2 13 0 6 0 2 0 0 8 0 0 0 0 0 5 0 18 57 128 173 182 131 131 131 131 131 131 131 131 129 0 5 5 0 0 0 3 0 0 0 0 0 0 11 187 233 255 234 255 252 252 252 252 252 252 252 252 255 14 0 5 0 7 7 0 0 0 0 0 3 2 0 251 245 68 179 174 174 173 184 176 176 224 252 255 246 26 0 0 9 0 8 0 0 0 0 0 0 0 17 130 107 10 15 0 5 12 0 0 12 155 255 253 160 6 0 4 1 0 1 0 0 0 0 0 9 0 6 3 0 6 0 0 0 1 28 41 203 239 255 240 77 0 0 0 0 2 2 4 0 0 0 0 4 0 0 0 0 4 5 10 20 16 176 255 235 255 223 107 6 0 7 6 0 4 0 0 0 0 0 0 0 6 0 6 11 0 0 0 0 200 255 247 255 254 106 0 0 8 9 0 0 0 0 17 0 0 0 0 0 0 4 0 0 5 0 15 34 242 255 241 255 241 200 21 4 1 0 0 18 11 0 0 0 0 0 0 0 0 6 0 0 5 0 0 10 253 241 248 255 255 246 255 150 94 43 2 12 0 0 4 0 0 0 0 4 7 0 5 2 0 12 0 21 123 255 255 245 236 255 254 255 235 221 163 111 4 0 0 0 0 0 0 0 0 0 0 0 0 0 0 2 8 25 50 225 206 234 217 249 255 253 237 255 218 68 5 0 0 0 0 0 0 0 0 0 0 0 0 14 0 5 8 0 0 0 61 154 150 194 255 250 252 152 0 0 0 0 0 0 0 0 0 0 0 0 0 0 25 0 0 17 8 0 8 0 7 29 80 251 254 249 20 0 0 0 0 0 0 0 0 0 0 0 0 0 3 0 6 0 0 20 0 0 0 30 184 255 243 251 0 0 0 0 0 0 0 0 0 0 0 0 0 32 0 0 14 0 10 0 15 5 108 158 249 251 249 255 6 0 0 0 0 0 0 0 0 0 0 0 0 0 6 9 2 3 0 44 177 181 241 255 255 239 254 255 0 0 0 0 0 0 0 0 0 0 0 0 0 14 3 0 0 0 2 161 248 239 255 234 255 246 188 59 0 0 0 0 0 0 0 0 0 0 0 0 0 0 1 0 20 0 0 47 254 255 243 255 168 90 17 0 2 0 0 0 0 0 0 0 0 0 0 0 0 1 0 0 2 0 1 25 53 64 66 55 29 7 0 0 0 0 0 0 0 0 0 0 0 0 0 0 0 2 0 0 3 0 0 0 9 0 5 5 0 0 0 0 0 0 0 0 0 0 0 0 0 0 0 0 0 1 0 0 4 5 0 0 0 0 0 0 0 0 3 6 6 0 0 0 0 0 0 0 0 0 0 0 0 3 0 0 0 4 3 2 4 3 3 2 1 1 0 0 0 0 0 0 0
0 0 0 0 0 0 0 0 1 7 0 0 0 0 4 0 0 5 2 9 0 5 0 3 0 0 0 0 0 0 0 0 0 0 0 0 0 2 0 1 3 4 1 0 26 0 0 0 6 5 0 7 0 0 0 0 0 0 0 0 0 0 0 0 0 0 4 9 3 0 0 9 0 0 9 8 0 0 28 0 0 0 0 0 0 0 0 0 0 0 0 0 9 2 0 0 0 8 0 0 2 17 0 0 12 0 10 1 0 0 0 0 0 0 0 0 0 0 0 0 0 0 2 43 140 241 255 254 196 57 1 0 0 8 0 7 0 0 0 0 0 0 0 0 0 0 0 0 3 8 98 193 252 255 237 255 255 241 11 0 24 0 2 2 0 0 0 0 0 0 0 0 0 0 0 0 0 81 226 255 179 82 13 38 211 237 140 0 0 28 0 5 0 0 0 0 0 0 0 0 0 0 0 0 4 160 255 129 0 0 0 10 105 254 133 0 16 0 0 4 0 0 0 0 0 0 0 0 0 0 0 0 108 255 130 0 1 2 0 22 201 253 39 8 0 0 2 4 0 0 0 0 0 0 0 0 0 0 0 0 171 189 20 0 12 4 9 99 255 188 19 0 0 0 2 0 0 0 0 0 0 0 0 0 0 0 0 0 14 0 0 12 0 0 51 245 219 54 0 0 16 0 0 0 0 0 0 0 0 0 0 0 0 0 0 0 0 12 0 0 60 140 255 235 88 0 8 0 0 0 7 17 0 0 0 0 0 0 0 0 0 0 0 0 6 5 69 170 255 243 239 67 0 0 9 0 0 17 11 0 0 0 0 0 0 0 0 0 0 0 0 0 0 63 248 255 243 255 156 56 7 0 2 11 3 0 0 7 0 0 0 0 0 0 0 0 0 0 0 0 0 40 128 215 221 240 255 245 196 92 18 0 9 14 0 5 0 0 0 0 0 0 0 0 0 0 0 0 7 0 6 1 12 33 130 193 255 251 241 81 0 0 0 0 0 0 0 0 0 0 0 0 0 0 0 0 6 0 0 0 3 0 0 13 80 175 255 254 119 6 4 0 0 0 0 0 0 0 0 0 0 0 0 0 0 0 20 2 0 4 0 0 0 19 99 255 243 57 0 10 0 0 0 0 0 0 0 0 0 0 0 0 7 0 6 0 0 3 6 0 0 0 1 88 255 209 2 0 0 0 0 0 0 0 0 0 0 0 0 0 0 20 0 11 1 0 0 6 6 0 6 77 255 218 0 7 0 0 0 0 0 0 0 0 0 0 0 0 58 114 0 0 0 10 0 6 0 41 132 255 250 85 1 0 0 0 0 0 0 0 0 0 0 0 0 0 138 231 87 38 0 2 11 30 160 228 255 232 121 22 9 0 0 0 0 0 0 0 0 0 0 0 0 0 82 228 255 255 203 195 218 255 255 252 177 52 15 9 0 13 0 0 0 0 0 0 0 0 0 0 0 0 3 53 157 228 250 226 173 146 73 77 10 0 2 0 0 0 0 0 0 0 0 0 0 0 0 0 0 0 0 0 0 0 0 0 0 0 0 0 0 0 0 0 0 0 0 0 0 0 0 0 0 0 0 0 0 0 0 0 0 0 0 0 0 0 0 0 0 0 0 0 0 0 0 0 0 0 0 0 0 0 0 0 0 0 0 0 0 0 0 0 0 0 0 0 0 0 0 0 0 0 0 0 0 0 0 0 0 0 0 0 0 0 0 0 0 0 0 0 0 0 0 0 0 0 0 0 0 0 0 0 0 0
0 0 0 0 0 0 0 0 0 6 0 5 0 6 0 0 5 0 0 1 0 0 0 6 0 0 0 0 0 0 0 0 0 0 0 0 8 0 5 0 9 0 2 9 0 0 0 4 6 4 1 1 0 0 0 0 0 0 0 0 0 0 0 0 6 0 0 0 7 4 6 0 0 0 0 0 1 4 0 0 0 0 0 0 0 0 0 0 0 0 0 0 0 7 0 4 0 0 0 2 0 2 0 0 0 0 0 0 0 0 0 0 0 0 0 0 0 0 0 0 0 0 2 9 22 0 0 0 0 4 6 1 0 0 2 3 0 0 0 0 0 0 0 0 0 0 0 0 191 255 242 255 109 118 11 0 0 0 1 5 3 0 0 0 0 0 0 0 0 0 0 0 0 0 0 0 255 255 255 241 255 255 179 61 15 0 0 2 4 0 0 0 0 0 0 0 0 0 0 0 0 0 0 0 0 0 9 124 189 255 248 255 51 17 0 0 5 0 0 8 0 0 0 0 0 0 0 0 0 0 0 0 0 11 0 7 0 77 255 253 252 5 0 1 0 0 8 0 0 0 0 0 0 0 0 0 0 0 0 0 9 0 11 0 21 0 0 255 255 0 0 9 2 5 0 0 0 0 0 0 0 0 0 0 0 0 0 0 0 4 0 0 59 77 205 250 255 0 4 5 0 5 0 5 0 0 0 0 0 0 0 0 0 0 0 0 15 0 10 134 253 253 234 255 177 1 5 0 0 3 0 9 0 0 0 0 0 0 0 0 0 0 0 0 4 0 0 255 249 255 255 124 27 0 0 0 10 5 0 0 0 0 0 0 0 0 0 0 0 0 0 0 4 0 22 193 254 255 190 0 0 3 0 0 8 1 2 0 0 0 0 0 0 0 0 0 0 0 0 0 0 0 9 0 178 255 252 136 18 10 0 0 0 0 2 4 0 0 0 0 0 0 0 0 0 0 0 0 0 18 0 3 79 175 255 254 57 0 0 11 0 4 0 0 0 0 0 0 0 0 0 0 0 0 0 0 1 0 1 5 0 77 255 242 255 0 10 4 0 4 0 1 0 0 0 0 0 0 0 0 0 0 0 0 0 9 3 0 17 0 112 255 243 8 2 0 0 5 1 2 0 0 0 0 0 0 0 0 0 0 0 0 0 11 0 0 0 17 4 177 255 118 7 0 0 0 3 4 0 0 0 0 0 0 0 0 0 0 0 0 6 0 7 2 2 0 0 139 255 239 4 0 0 1 1 0 0 0 0 0 0 0 0 0 0 0 0 0 0 3 0 16 0 0 10 127 236 255 0 1 6 7 0 0 0 0 0 0 0 0 0 0 0 0 0 0 4 0 191 122 0 17 0 131 251 255 0 0 0 1 0 0 0 0 0 0 0 0 0 0 0 0 0 0 14 0 144 247 255 132 255 255 255 135 7 0 0 0 0 3 0 0 0 0 0 0 0 0 0 0 0 0 0 20 0 191 255 246 255 255 198 0 0 4 8 0 0 0 0 0 0 0 0 0 0 0 0 0 0 0 10 0 0 13 0 133 255 57 0 0 0 0 0 0 0 0 0 0 0 0 0 0 0 0 0 0 0 0 0 19 0 5 3 0 18 0 0 0 0 0 0 0 0 0 0 0 0 0 0 0 0 0 0 0 0 0 0 9 0 5 12 0 0 4 0 0 0 0 0 0 0 0 0 0 0 0 0 0 0 0 0 0 0 0 14 0 0 0 0 15 24 3 0 0 0 0 0 0 0 0 0 0 0 0
0 0 0 0 0 0 0 0 0 0 2 4 2 0 0 0 4 0 11 0 0 0 0 4 0 0 0 0 0 0 0 0 0 0 0 0 1 0 0 0 0 1 3 5 0 0 6 2 9 7 1 0 0 0 0 0 0 0 0 0 0 0 0 0 4 2 0 0 0 0 0 0 5 7 0 0 0 0 8 7 0 0 0 0 0 0 0 0 0 0 0 0 0 0 2 2 2 3 2 0 0 6 0 11 1 0 0 0 0 0 0 0 0 0 0 0 0 0 0 0 5 8 6 0 0 0 0 0 1 0 0 0 3 2 11 16 0 0 0 0 0 0 0 0 0 0 0 0 0 0 0 0 2 8 5 0 0 0 22 0 0 0 0 0 0 0 0 0 0 0 0 0 0 0 0 0 10 1 0 20 87 172 235 255 251 251 246 67 3 0 10 8 0 0 0 0 0 0 0 0 0 0 0 0 0 39 112 190 246 246 187 125 63 156 255 78 7 0 3 0 0 0 0 0 2 6 0 0 0 3 9 28 186 239 255 211 128 16 0 3 8 156 239 5 4 0 16 0 0 0 0 0 2 0 0 16 3 0 75 245 255 213 98 8 0 33 0 0 0 189 137 6 4 7 0 10 0 0 0 0 0 0 8 0 0 127 230 208 104 0 0 3 13 0 10 11 22 178 40 0 0 5 0 4 0 0 0 0 2 0 14 0 0 106 142 30 0 22 2 0 8 4 0 50 170 130 9 8 3 0 5 0 0 0 0 0 2 6 0 0 10 0 0 0 16 0 8 0 0 14 15 229 208 40 0 0 9 0 7 9 0 0 0 0 0 7 0 0 6 7 0 7 0 0 7 0 0 53 232 225 29 0 20 3 0 8 0 0 0 0 0 0 4 0 8 11 0 0 10 0 7 0 12 2 67 255 254 242 201 218 172 106 18 0 0 14 0 0 0 0 0 1 2 0 0 4 1 0 0 9 68 185 255 251 248 174 155 167 163 255 190 49 11 0 0 0 0 0 0 7 2 0 7 9 0 9 68 216 255 247 180 59 5 0 10 0 1 54 207 203 19 0 0 0 0 0 1 0 0 2 6 0 1 75 221 255 193 78 19 0 10 0 0 13 6 7 104 232 79 0 0 0 0 0 1 0 1 6 2 0 10 95 255 162 23 0 2 0 0 9 4 0 5 0 19 249 120 9 0 0 0 0 0 0 5 0 0 1 5 39 81 34 0 4 11 0 6 5 0 0 12 5 98 242 59 0 0 0 0 0 0 3 7 0 0 10 0 0 0 5 8 2 0 0 10 0 0 19 0 40 220 163 0 0 0 0 0 0 2 0 6 1 0 3 0 0 15 0 0 3 2 0 0 0 5 0 0 146 243 45 0 11 0 0 0 0 4 0 3 3 0 0 0 8 0 2 15 2 0 0 4 7 1 0 110 233 150 2 3 0 0 0 0 0 3 0 1 0 0 7 2 0 7 4 0 0 1 12 0 0 22 113 248 171 0 20 0 3 0 0 0 0 0 0 0 0 0 0 0 0 0 19 75 106 88 80 119 165 240 209 121 18 0 7 13 0 0 0 0 0 0 0 0 0 0 0 0 0 7 0 22 121 217 255 237 196 99 36 0 0 4 0 0 11 0 0 0 0 0 0 0 0 0 0 0 0 0 0 4 11 3 1 7 8 19 0 0 5 10 0 0 4 0 0 0 0 0 0 0 0 0 0 0 0 10 3 2 0 0 0 0 0 0 6 12 2 0 2 1 0 0 0 0 0
6 0 0 0 0 0 0 1 0 17 0 3 5 0 0 3 4 7 0 0 0 18 0 6 0 0 0 0 0 0 4 7 5 2 1 3 0 4 4 0 7 16 4 1 0 2 14 11 0 0 1 0 0 0 0 0 0 0 3 1 0 0 0 0 9 0 4 0 0 8 0 4 6 0 0 2 8 0 8 14 0 0 0 0 1 0 0 0 0 1 4 3 0 0 12 7 11 1 0 2 16 5 2 0 16 0 0 2 0 0 0 0 4 0 0 0 4 4 0 0 0 6 0 0 1 0 9 3 0 0 31 0 0 10 0 0 0 0 0 0 0 0 0 6 0 0 0 3 11 93 146 173 226 199 197 155 71 0 3 10 0 2 16 2 0 0 0 0 0 0 1 3 0 0 48 112 204 255 255 234 252 208 225 255 224 100 0 5 0 0 0 0 0 0 0 0 4 0 1 1 0 32 148 255 255 236 192 69 39 0 75 239 254 230 24 0 15 2 5 2 0 0 0 0 1 0 4 8 0 0 104 224 93 40 0 0 5 5 0 45 255 247 36 14 0 0 5 0 0 0 0 0 3 0 0 12 7 0 0 20 7 0 9 15 0 0 5 106 252 254 62 0 0 2 5 0 0 0 0 0 5 1 0 0 0 0 0 0 3 7 0 0 0 15 8 176 246 204 0 0 21 0 11 0 0 0 0 0 0 0 5 0 0 0 2 3 0 3 0 8 8 0 34 255 255 104 0 10 0 9 0 1 0 0 0 0 3 0 0 0 5 2 0 0 0 0 7 0 62 119 249 247 247 235 87 0 13 0 0 15 0 0 0 0 15 0 0 0 2 3 6 13 5 2 0 128 222 241 255 242 255 247 239 33 0 12 2 0 0 0 0 0 0 0 5 8 1 0 0 0 0 13 0 145 255 227 115 65 147 255 245 91 13 0 13 0 0 0 0 0 0 1 0 0 0 4 4 0 9 0 10 38 107 0 0 5 0 249 248 129 0 2 0 4 0 0 0 0 2 0 6 1 0 11 0 0 4 3 4 3 0 0 0 1 11 223 252 96 0 7 8 0 0 0 0 0 0 13 0 0 0 0 0 0 0 0 0 0 3 2 2 4 0 255 255 77 4 0 4 6 0 0 0 0 0 13 0 1 0 0 4 9 1 9 6 0 0 9 4 0 111 242 255 61 0 3 0 9 0 0 0 0 0 0 10 0 2 3 13 0 0 0 0 1 1 0 5 13 225 247 209 30 0 19 0 0 0 0 0 0 8 0 8 0 3 6 102 28 0 0 1 2 0 0 16 44 235 255 108 0 0 3 5 0 0 0 0 0 0 12 0 0 0 9 244 220 135 41 0 4 14 29 133 255 255 207 35 0 0 0 0 4 0 0 0 0 0 7 0 1 0 9 200 248 241 255 237 168 169 240 255 249 225 69 10 5 0 2 0 6 0 0 0 0 13 0 0 3 2 0 0 52 212 232 247 253 255 255 232 190 24 3 0 0 9 2 4 0 0 0 0 0 0 0 0 0 0 0 0 0 10 15 92 207 237 151 50 6 0 0 0 0 0 0 0 0 0 0 0 0 0 0 0 0 0 0 0 0 0 0 0 9 13 4 0 0 0 0 0 0 0 0 0 0 0 0 0 0 0 0 0 0 0 0 0 0 0 8 8 0 0 0 6 5 0 0 0 0 0 0 0 0 0 0 0 0 0 0 0 0 0 0 0 0 0 0 0 2 4 0 0 1 0 0 0 0 0 0 0 0 0 0 0 0
0 0 0 0 0 0 0 0 0 0 6 3 0 6 0 6 10 0 0 4 0 0 0 1 0 0 0 0 0 0 0 0 0 0 0 0 0 6 10 0 0 6 0 0 0 5 4 0 7 4 5 0 0 0 0 0 0 0 0 0 0 0 0 0 18 0 0 0 9 0 5 18 6 5 0 0 13 0 0 1 0 0 0 0 0 0 0 0 0 0 0 0 0 3 13 5 5 0 4 0 3 0 3 0 0 0 0 4 0 0 0 0 0 0 0 0 0 0 0 0 15 3 66 172 243 173 92 29 2 0 5 12 0 9 7 0 0 0 0 0 0 0 0 0 0 0 0 0 0 88 223 245 255 249 236 216 119 17 0 0 0 12 1 0 0 0 0 0 0 0 0 0 0 0 0 0 1 96 255 252 255 247 242 254 244 133 73 0 8 0 0 0 0 0 0 0 0 0 0 0 0 0 0 0 1 70 183 113 154 238 255 248 249 255 220 0 1 0 7 0 0 0 0 0 0 0 0 0 0 0 0 0 4 0 2 0 1 63 84 216 253 251 255 0 0 4 6 0 0 0 0 0 0 0 0 0 0 0 0 0 0 14 0 0 1 11 0 185 253 246 249 14 0 0 3 0 0 0 0 0 0 0 0 0 0 0 0 0 0 9 2 11 0 131 192 238 255 238 245 0 0 4 7 0 0 0 0 0 0 0 0 0 0 0 0 0 9 0 0 73 155 248 255 249 235 233 42 9 4 12 0 12 0 0 0 0 0 0 0 0 0 0 0 0 3 12 109 220 251 249 255 255 255 38 0 12 0 2 0 0 0 0 0 0 0 0 0 0 0 0 0 0 0 105 232 255 252 248 236 249 245 157 77 13 0 6 0 0 0 0 0 0 0 0 0 0 0 0 0 0 3 2 131 237 201 255 255 255 249 252 255 86 39 9 3 0 0 0 0 0 0 0 0 0 0 0 0 0 0 0 16 67 13 67 63 199 249 255 228 255 180 0 0 6 0 0 0 0 5 0 0 0 12 0 5 1 0 0 0 0 12 0 3 96 132 220 255 250 230 75 7 0 0 0 0 0 0 2 7 3 5 0 0 3 12 0 2 3 0 0 0 0 0 224 252 255 248 106 4 0 0 0 0 0 0 2 2 0 1 2 0 14 0 0 7 2 0 0 0 17 82 248 238 252 247 45 0 6 0 0 0 0 2 0 0 0 2 6 0 0 0 14 0 0 23 54 101 190 251 255 242 255 209 3 9 2 0 0 0 0 0 1 0 4 0 0 15 8 28 38 14 52 166 232 246 255 255 243 236 231 96 0 0 0 0 0 0 0 0 4 1 1 0 13 135 148 236 255 255 250 241 252 255 233 254 139 53 0 0 9 7 0 0 0 0 0 1 2 0 0 0 31 244 255 255 252 236 255 254 204 129 39 34 0 15 0 17 0 0 0 0 0 0 0 0 0 0 8 9 25 255 245 246 197 99 89 103 34 0 6 0 0 11 1 0 9 5 1 0 0 0 0 0 0 0 0 0 0 0 0 0 0 0 0 0 0 0 0 0 0 0 0 0 0 0 0 0 0 0 0 0 0 0 0 0 0 0 0 0 0 0 0 0 0 0 0 0 0 0 0 0 0 0 0 0 0 0 0 0 0 0 0 0 0 0 0 0 0 0 0 0 0 0 0 0 0 0 0 0 0 0 0 0 0 0 0 0 0 0 0 0 0 0 0 0 0 0 0 0 0 0 0 0 0 0 0 0 0 0 0 0 0 0 0
0 0 0 0 0 0 0 0 0 1 10 0 0 4 9 0 0 13 0 0 2 1 2 0 0 0 0 0 0 0 0 0 0 0 0 0 10 0 0 5 3 0 0 0 12 0 18 1 0 13 0 1 0 0 0 0 0 0 0 0 0 0 0 0 0 5 12 1 0 0 8 11 0 8 0 0 7 0 10 4 0 0 0 0 0 0 0 0 0 0 0 0 8 0 0 2 12 1 0 0 2 1 10 0 13 2 0 0 0 0 0 0 0 0 0 0 0 0 0 0 3 13 0 0 0 6 0 0 5 0 17 0 0 2 19 0 0 0 0 0 0 0 0 0 0 0 0 0 0 0 0 21 81 128 154 179 185 255 140 7 35 0 0 6 0 0 0 0 0 0 0 0 0 0 0 0 16 0 21 151 255 254 237 255 255 255 237 34 0 2 10 0 0 0 0 0 0 0 0 0 0 0 0 0 0 104 202 250 255 201 113 71 102 246 182 0 7 0 0 2 0 0 0 0 0 0 0 0 0 0 0 0 66 246 255 180 11 10 0 14 179 243 101 5 0 4 0 0 0 0 0 0 0 0 0 0 0 0 0 0 39 255 178 32 14 0 16 159 238 185 0 12 3 0 0 7 0 0 0 0 0 0 0 0 0 0 0 0 0 55 12 0 11 0 171 246 225 11 2 6 0 0 11 0 0 0 0 0 0 0 0 0 0 0 0 0 2 10 2 0 19 206 233 231 48 0 0 12 0 4 0 3 0 0 0 0 0 0 0 0 0 0 0 0 0 0 0 56 221 240 255 210 44 0 0 3 0 9 0 4 0 0 0 0 0 0 0 0 0 0 0 0 14 3 10 180 231 255 240 251 225 30 9 0 0 3 9 0 0 0 0 0 0 0 0 0 0 0 0 0 0 8 0 194 209 78 42 91 223 212 2 7 8 0 0 5 0 0 0 0 0 0 0 0 0 0 0 0 2 0 2 4 0 0 0 0 112 240 109 0 0 6 0 6 0 0 0 0 1 2 0 2 3 0 1 0 0 10 0 0 1 0 4 3 26 248 184 0 4 3 0 1 0 0 0 0 0 3 0 0 0 2 7 5 0 14 9 7 4 0 2 0 1 154 255 47 0 0 8 12 0 0 0 0 0 2 0 0 0 1 0 0 0 0 0 0 1 11 2 0 5 133 231 96 0 0 3 0 0 0 0 0 3 0 0 0 4 0 0 24 14 0 22 12 5 0 0 2 0 215 238 98 3 0 0 19 0 0 0 0 6 0 0 2 1 0 38 146 111 9 0 0 9 6 0 6 70 242 212 0 3 15 0 0 0 0 0 0 3 0 4 1 0 1 92 255 58 0 7 6 7 0 21 57 224 255 151 8 0 0 15 9 0 0 0 0 3 0 5 0 0 1 81 255 84 15 9 27 82 114 216 251 252 170 1 16 0 0 12 0 0 0 0 0 8 0 3 0 2 0 30 173 255 208 202 221 255 243 255 224 99 6 1 0 0 0 1 4 0 0 0 0 0 0 0 0 0 0 0 0 113 242 255 248 195 138 110 2 0 0 0 0 0 0 0 0 0 0 0 0 0 0 0 0 0 0 0 0 0 22 0 0 0 0 17 0 0 0 0 0 0 0 0 0 0 0 0 0 0 0 0 0 0 0 0 0 6 0 0 3 10 0 5 3 0 0 0 0 0 0 0 0 0 0 0 0 0 0 0 0 0 0 0 0 0 0 6 7 4 2 0 0 0 0 0 0 0 0 0 0 0 0 0 0
4 0 0 2 3 0 0 2 1 0 1 3 0 1 4 0 0 0 0 0 0 0 0 0 0 0 0 0 2 0 0 2 2 0 0 0 10 1 6 5 0 2 0 0 0 0 0 0 0 0 0 0 0 0 0 0 1 0 0 2 1 0 0 0 0 0 0 0 1 0 0 6 0 0 0 0 0 0 0 0 0 0 0 0 1 0 0 0 0 0 0 5 13 16 0 0 4 0 0 0 0 0 0 0 0 0 0 0 0 0 0 0 3 0 0 0 0 0 6 14 147 241 234 136 38 0 3 8 0 0 0 0 0 0 0 0 0 0 0 0 3 0 0 0 0 0 7 17 242 252 250 255 182 40 0 0 0 0 0 0 0 0 0 0 0 0 0 0 1 1 2 2 0 0 3 11 185 241 244 246 240 211 135 0 0 0 0 0 0 0 0 0 0 0 0 0 0 1 4 5 1 0 0 4 2 0 0 82 207 255 226 65 0 0 0 0 0 0 0 0 0 0 0 0 4 0 0 23 0 0 0 0 12 0 5 0 183 249 255 50 0 5 0 4 10 0 1 2 0 0 0 0 3 11 13 0 7 0 25 0 0 0 0 19 188 238 255 59 17 0 14 0 3 4 0 4 0 0 0 0 2 2 0 2 7 11 0 0 1 35 57 126 255 255 247 52 0 10 0 4 0 0 23 0 0 0 0 0 3 0 10 1 0 6 53 128 167 220 246 252 255 242 255 191 139 50 0 18 4 16 0 0 0 0 0 0 0 21 0 5 10 116 252 241 255 255 255 250 253 255 255 241 254 247 211 114 25 9 0 2 0 0 0 0 9 0 5 4 0 231 255 255 255 232 238 198 185 197 176 198 242 239 252 255 216 20 0 0 0 0 0 0 0 10 3 0 8 34 187 170 196 118 55 0 0 5 0 6 51 67 177 234 255 139 6 4 0 0 0 0 6 0 18 0 0 0 4 6 0 0 2 0 11 0 0 3 0 8 0 132 255 255 101 5 0 0 0 0 0 0 0 0 0 0 0 0 0 7 1 11 0 5 0 0 5 3 0 100 255 255 128 8 0 0 0 0 0 0 0 0 0 0 0 0 2 2 0 0 9 0 16 0 0 1 0 207 250 247 93 0 0 0 0 0 0 0 0 0 0 0 0 0 6 0 6 0 12 0 0 0 5 0 143 252 246 242 49 0 0 0 0 0 0 0 0 0 0 0 0 0 0 13 0 14 0 0 3 15 0 128 239 239 255 147 0 0 0 0 0 0 0 0 0 0 0 0 0 0 2 0 7 201 171 4 12 63 207 253 255 255 194 96 2 14 0 0 0 0 0 0 0 0 0 0 0 0 0 42 196 255 249 223 241 255 255 240 255 210 31 2 0 0 0 0 0 0 0 0 0 0 0 0 0 0 0 26 244 255 238 255 245 248 252 217 76 0 4 0 19 7 0 0 0 0 0 0 0 0 0 0 0 0 8 0 108 255 249 249 251 221 125 22 8 2 0 8 0 0 0 0 0 0 0 0 0 0 0 0 0 0 0 0 0 0 0 0 0 0 0 0 0 0 0 0 0 0 0 0 0 0 0 0 0 0 0 0 0 0 0 0 0 0 0 0 0 0 0 0 0 0 0 0 0 0 0 0 0 0 0 0 0 0 0 0 0 0 0 0 0 0 0 0 0 0 0 0 0 0 0 0 0 0 0 0 0 0 0 0 0 0 0 0 0 0 0 0 0 0 0 0 0 0 0 0 0 0 0 0 0 0 0 0 0 0
0 0 0 0 0 0 0 0 1 7 1 0 7 12 0 8 0 16 9 0 2 7 0 1 0 0 0 0 0 0 0 0 0 0 0 0 0 0 2 0 0 0 0 6 18 0 0 0 8 0 0 12 0 0 0 0 0 0 0 0 0 0 0 0 11 0 0 3 6 4 9 0 1 0 5 0 0 4 19 0 0 0 0 0 0 0 0 0 0 0 0 0 0 2 0 0 0 0 2 3 2 0 0 14 4 2 0 0 0 0 0 0 0 0 0 0 0 0 0 0 0 8 3 0 28 3 0 0 0 14 0 0 0 0 0 11 0 0 0 0 0 0 0 0 0 0 0 0 0 0 9 0 48 66 92 127 219 238 196 132 31 18 0 0 0 0 0 0 0 0 0 0 0 0 0 0 0 41 201 237 255 252 244 247 255 211 249 255 130 1 0 10 0 0 0 0 0 0 0 0 0 0 0 0 11 4 188 246 255 235 146 51 55 18 175 251 143 0 8 0 0 0 0 0 0 0 0 0 0 0 0 0 0 5 21 150 89 8 1 2 0 105 255 204 19 9 1 0 0 0 0 0 0 0 0 0 0 0 0 0 0 2 0 0 0 0 0 0 111 238 251 103 0 0 0 7 0 0 0 0 0 0 0 0 0 0 0 0 4 0 0 2 31 0 30 49 186 89 53 0 11 13 3 8 0 0 0 0 0 0 0 0 0 0 0 0 0 9 8 60 120 156 231 72 0 32 5 0 7 0 11 0 0 0 0 0 0 0 0 0 0 0 0 0 0 214 249 240 255 248 255 197 139 7 0 9 14 5 0 1 0 0 0 0 0 0 0 0 0 0 0 0 13 75 131 139 94 105 137 173 240 254 110 0 5 0 0 3 0 0 0 0 0 0 0 0 0 0 0 0 1 0 6 0 0 6 0 17 31 146 223 65 0 0 0 3 0 0 0 0 0 0 0 0 0 0 0 0 0 15 0 0 11 0 0 6 0 92 255 210 122 6 0 4 0 0 0 0 2 0 0 10 0 2 1 0 0 0 1 0 0 3 9 0 6 0 151 208 22 3 11 0 0 0 0 0 6 0 1 0 2 0 0 2 4 0 8 13 0 2 0 1 0 0 80 234 24 11 0 0 0 0 0 0 0 6 6 0 1 20 14 0 0 0 0 0 0 16 0 0 11 22 188 209 3 0 0 12 0 0 0 0 0 0 0 0 0 0 0 0 9 11 12 0 0 11 0 13 0 115 255 118 7 0 2 3 0 0 0 0 0 10 0 4 0 4 0 20 0 0 0 5 3 7 0 4 105 255 165 21 10 0 0 0 0 0 0 0 12 0 9 0 81 19 11 0 1 2 0 2 0 0 31 116 239 195 41 0 0 0 3 3 0 0 0 0 10 0 3 214 243 197 21 10 0 15 0 0 16 21 144 240 127 4 6 4 6 2 5 0 0 0 0 0 1 0 7 50 202 240 242 215 218 194 120 114 213 178 136 24 0 5 0 0 1 0 1 0 0 0 0 0 0 2 7 0 0 48 148 234 255 241 190 156 93 18 1 0 0 0 0 0 0 0 0 0 0 0 0 0 1 0 0 0 3 2 3 7 0 0 0 4 0 0 1 9 0 0 0 0 0 0 0 0 0 0 0 0 9 0 0 0 0 0 0 0 8 11 2 7 2 0 0 0 0 0 0 0 0 0 0 0 0 0 0 0 0 1 9 9 2 0 5 14 0 0 0 0 1 4 8 3 0 0 0 0 0 0 0 0 0 0 0 0
2 7 2 0 2 0 0 2 0 0 1 4 0 0 1 0 1 0 0 21 0 6 0 0 0 0 0 0 5 0 0 1 7 4 0 0 6 1 4 6 0 0 1 0 0 6 9 0 10 2 11 6 0 0 0 0 7 0 0 3 1 0 1 0 0 0 0 0 0 0 7 3 0 7 6 0 0 0 0 0 0 0 0 0 1 0 5 5 0 0 6 1 12 4 6 5 0 0 2 0 6 3 0 12 0 6 0 1 0 0 0 0 0 2 7 3 0 4 6 0 0 0 0 0 0 0 4 0 0 0 10 0 1 0 15 1 0 0 0 0 2 6 0 0 2 0 0 10 0 7 48 100 148 201 244 255 250 230 97 1 2 14 0 3 0 0 0 0 4 8 0 0 3 0 27 114 232 229 237 244 243 250 255 253 255 240 250 237 0 0 16 0 0 0 0 0 0 4 0 2 9 0 86 252 249 245 251 255 250 251 255 248 251 255 252 243 111 20 0 10 0 0 0 0 0 0 2 3 7 0 69 247 251 244 241 224 110 82 82 81 140 245 255 243 130 6 0 4 0 0 0 0 7 0 0 0 2 0 14 111 250 181 64 0 9 10 0 10 84 249 241 255 0 0 7 4 0 0 0 0 2 0 1 0 2 0 0 9 0 13 0 16 0 0 0 164 255 255 251 135 1 15 0 0 0 0 0 0 0 0 8 3 0 4 2 0 4 0 10 0 25 81 176 255 235 245 93 0 0 0 0 25 0 0 0 0 0 0 5 5 0 0 5 0 13 0 57 180 210 255 243 254 255 255 116 23 17 2 5 0 0 0 0 0 6 0 0 3 0 0 4 0 7 121 245 245 255 243 255 244 252 252 237 215 10 4 0 15 0 0 0 0 1 4 0 1 7 1 8 0 169 244 250 255 255 238 251 255 248 246 255 255 170 29 17 0 0 0 0 0 0 13 0 0 2 0 7 1 176 245 255 251 250 177 147 54 144 226 255 248 255 171 0 11 0 0 0 0 2 1 2 3 1 0 0 3 38 211 254 251 196 54 4 4 0 23 171 255 255 242 52 0 0 0 0 0 1 0 0 2 4 1 1 4 43 72 58 80 0 7 0 0 0 10 170 237 252 248 142 0 0 0 0 0 4 0 0 0 0 0 0 0 174 255 0 0 0 0 19 0 8 4 163 255 255 250 43 0 0 0 0 0 2 0 0 0 0 0 2 10 170 240 81 0 25 1 0 3 0 128 255 227 252 214 21 13 0 0 0 0 0 0 1 2 0 2 16 31 240 255 200 15 0 0 17 179 255 255 246 255 255 100 0 1 0 0 0 0 0 0 1 0 0 0 6 20 141 249 249 187 88 101 233 245 253 243 252 245 80 0 3 0 0 0 0 0 3 0 0 0 0 0 0 0 18 238 255 248 247 253 255 244 255 230 255 124 32 0 18 0 0 0 0 0 0 0 0 3 10 7 1 0 14 173 245 244 255 247 238 255 238 238 110 0 4 4 0 9 0 0 0 0 0 0 0 0 0 0 0 0 0 5 113 229 255 255 243 194 58 21 0 0 7 0 0 2 0 0 0 0 0 0 0 0 0 0 0 0 18 0 0 8 0 0 5 0 12 0 0 0 6 0 0 2 0 0 0 0 0 0 0 0 0 0 0 0 3 0 2 6 0 0 4 3 0 0 0 3 3 0 0 0 0 0 0 0 0 0 0 0 0 0 0 0 0 5 9 6 5 1 0 0 1 5 6 1 0 0 0 0 0 0 0 0
0 12 3 0 0 0 8 0 6 0 3 11 0 0 2 2 0 0 0 0 0 0 0 0 0 0 0 0 5 0 0 12 4 0 10 0 0 3 0 0 0 8 0 0 0 0 0 0 0 0 0 0 0 0 0 0 4 3 0 1 0 0 5 0 7 5 1 4 2 0 0 12 0 0 0 0 0 0 0 0 0 0 0 0 0 21 3 0 7 0 0 0 0 0 3 18 0 0 5 0 0 0 0 0 0 0 0 0 0 0 0 0 2 2 0 2 0 0 16 0 0 13 0 0 2 11 15 0 0 0 0 0 0 0 0 0 0 0 0 0 12 0 2 2 0 89 184 123 131 137 45 7 20 0 0 19 0 0 0 0 0 0 0 0 0 0 0 0 0 0 7 4 5 130 255 254 245 255 239 252 232 128 47 0 0 0 0 0 0 0 0 0 0 0 0 0 3 4 0 5 1 2 90 192 255 239 227 244 241 255 243 67 0 0 0 0 0 0 0 0 0 0 0 0 0 0 0 0 0 2 5 6 78 118 9 67 158 243 255 187 6 0 1 0 6 3 0 15 0 0 0 0 1 0 0 0 0 1 3 5 12 0 0 76 148 255 241 236 0 0 0 0 3 12 1 0 0 0 0 0 2 1 0 0 0 0 1 2 0 39 129 238 251 249 254 134 8 1 2 10 0 0 0 5 0 0 0 0 3 2 0 0 0 0 0 0 151 227 239 250 252 205 177 20 0 0 4 0 0 8 8 0 0 0 0 0 2 2 1 0 0 0 0 0 174 255 249 255 255 238 102 95 48 0 4 1 0 2 0 13 0 0 0 0 1 1 0 0 0 0 0 0 22 109 171 245 241 254 243 255 250 129 42 0 0 15 0 0 0 0 0 0 0 0 0 0 0 0 0 0 4 0 6 35 69 122 255 239 234 255 230 113 17 0 12 4 0 0 0 0 0 0 0 0 0 0 0 0 0 0 4 0 0 2 0 22 149 233 242 255 194 27 2 0 0 0 0 0 0 0 0 0 0 0 0 0 4 0 0 5 0 0 9 0 0 3 176 255 254 31 7 2 0 0 0 0 0 0 0 0 0 0 0 0 0 15 9 1 7 5 0 0 0 10 20 179 255 172 0 0 0 0 0 0 0 0 0 0 0 0 0 0 1 0 0 0 0 8 5 1 0 2 0 89 255 199 10 1 0 0 0 0 0 0 0 0 0 0 0 0 0 0 10 17 0 0 0 0 0 2 2 147 244 255 38 0 0 0 0 0 0 0 0 0 0 0 0 0 7 4 5 0 0 9 0 3 0 9 76 245 255 221 23 0 0 0 0 0 0 0 0 0 0 0 0 0 0 68 78 11 9 6 0 25 96 107 241 253 251 55 0 8 0 0 0 0 0 0 0 0 0 0 0 0 9 135 255 230 162 114 96 158 245 244 255 203 133 7 0 3 0 0 0 0 0 0 0 0 0 0 0 0 3 5 160 255 240 251 255 252 251 255 215 123 0 0 20 0 0 0 0 0 0 0 0 0 0 0 0 0 0 6 0 16 123 247 255 183 100 37 0 0 7 0 0 5 0 0 0 0 0 0 0 0 0 0 0 0 9 12 2 0 0 7 5 0 13 0 0 4 7 0 0 0 0 0 0 0 0 0 0 0 0 0 0 0 0 0 0 8 3 0 0 17 0 0 4 0 0 0 2 1 0 0 0 0 0 0 0 0 0 0 0 0 8 4 1 1 1 0 0 0 7 10 4 0 0 3 5 0 0 0 0 0
0 0 0 0 0 0 0 0 0 0 3 2 0 0 0 0 0 0 0 10 0 6 5 0 0 0 0 0 0 0 0 0 0 0 0 0 17 0 0 3 0 0 5 3 4 8 3 5 0 0 0 1 0 0 0 0 0 0 0 0 0 0 0 0 0 0 1 8 9 0 0 0 0 0 0 0 9 11 7 1 0 0 0 0 0 0 0 0 0 0 0 0 0 25 8 0 4 1 0 12 0 0 14 3 0 0 0 0 0 0 0 0 0 0 0 0 0 0 0 0 0 0 0 60 162 234 254 254 255 170 78 0 0 11 15 2 0 0 0 0 0 0 0 0 0 0 0 0 9 26 142 246 254 255 255 239 255 253 250 156 11 2 0 0 0 0 0 0 0 0 0 0 0 0 0 0 2 110 246 255 145 67 67 72 70 147 246 200 7 3 0 0 0 0 0 0 0 0 0 0 0 0 0 0 0 84 73 9 5 6 0 2 0 110 253 223 0 0 1 5 0 0 0 0 0 0 0 0 0 0 0 0 0 13 0 0 11 0 0 0 72 220 249 88 9 0 0 5 0 0 0 0 0 0 0 0 0 0 0 0 0 0 8 12 0 13 4 97 201 255 197 13 0 12 0 0 0 0 0 0 0 0 0 0 0 0 0 0 0 0 5 0 0 16 94 215 255 155 57 0 0 1 2 2 0 0 0 0 0 0 0 0 0 0 0 0 10 0 1 40 152 212 255 255 151 18 0 3 1 0 8 0 0 0 0 0 0 0 0 0 0 0 0 0 0 43 188 252 251 237 89 54 0 4 24 0 1 5 3 0 0 0 0 0 0 0 0 0 0 0 0 0 8 61 255 239 234 80 44 19 12 0 0 0 3 0 0 5 0 0 0 0 0 0 0 0 0 0 0 0 0 36 61 211 223 253 242 224 153 42 7 2 4 0 0 10 0 0 0 0 0 0 0 0 0 0 0 0 5 0 0 0 0 85 165 225 255 244 147 6 2 11 0 0 0 0 0 0 3 2 0 0 4 0 0 6 3 3 0 0 4 2 1 11 78 206 255 203 30 2 0 5 0 0 0 0 0 6 2 0 4 3 0 3 0 0 1 5 6 0 0 0 0 29 125 255 244 0 26 0 0 0 0 0 0 5 0 0 4 9 3 0 0 5 4 0 0 2 5 6 1 13 0 179 255 110 0 2 0 0 0 0 0 0 0 0 3 0 0 0 1 3 1 0 0 3 3 0 3 0 7 82 245 177 12 2 0 0 0 0 0 0 5 10 0 0 28 96 42 6 0 7 9 7 8 4 1 7 133 233 253 16 0 2 0 0 0 0 0 0 3 3 0 13 126 255 96 11 0 0 10 23 61 94 164 255 255 229 109 6 14 0 0 0 0 0 4 0 0 0 0 20 123 245 255 206 193 213 223 243 255 255 240 183 91 19 19 0 0 2 0 0 0 0 0 0 0 8 3 0 9 57 156 191 245 255 255 246 185 83 26 5 0 0 0 0 6 0 0 0 0 0 0 0 0 0 0 0 0 0 0 0 0 0 0 0 0 0 0 0 0 0 0 0 0 0 0 0 0 0 0 0 0 0 0 0 0 0 0 0 0 0 0 0 0 0 0 0 0 0 0 0 0 0 0 0 0 0 0 0 0 0 0 0 0 0 0 0 0 0 0 0 0 0 0 0 0 0 0 0 0 0 0 0 0 0 0 0 0 0 0 0 0 0 0 0 0 0 0 0 0 0 0 0 0 0 0 0 0 0 0 0 0 0
0 0 0 12 0 0 0 4 8 1 0 1 3 1 0 3 4 0 0 0 1 2 0 0 0 0 0 0 6 3 0 0 0 15 5 6 0 0 2 0 0 1 0 0 0 12 12 12 1 0 3 0 0 0 0 0 0 8 2 1 0 2 0 0 3 0 0 1 2 0 0 5 0 0 0 0 2 0 4 8 0 0 0 0 0 3 0 4 3 8 16 12 3 5 0 0 0 6 10 4 16 1 0 0 1 4 0 0 0 0 0 0 1 0 0 5 5 0 0 0 0 0 0 5 8 4 0 0 0 0 23 0 0 20 0 0 0 0 0 0 1 6 0 1 0 0 70 123 197 254 255 243 241 255 249 193 60 0 0 0 1 10 0 11 0 0 0 0 0 9 0 0 4 34 175 255 217 132 86 99 89 70 135 243 229 97 0 0 18 0 0 6 0 0 0 0 0 7 0 0 9 0 37 32 4 2 7 8 0 0 20 65 255 166 14 0 0 0 17 0 0 0 0 0 0 0 0 0 0 0 0 0 0 10 0 0 12 8 0 4 193 213 0 4 0 10 0 0 0 0 0 0 0 0 0 0 0 0 0 0 16 0 0 11 3 0 9 114 243 157 0 0 0 3 0 7 0 0 0 0 0 0 0 0 0 0 0 0 0 12 0 3 5 41 161 244 139 33 0 4 2 0 0 6 0 0 0 0 0 0 0 0 0 0 0 0 0 0 50 51 151 247 177 82 13 0 9 7 0 0 1 0 0 0 0 0 0 0 0 0 0 0 0 0 8 24 191 255 236 66 3 0 0 9 6 0 0 6 9 0 0 0 0 0 0 0 0 0 0 0 0 0 0 51 255 223 232 189 82 8 0 6 0 4 0 0 0 5 0 0 0 0 0 0 0 0 0 0 0 0 0 1 4 8 118 205 234 148 55 16 0 9 6 0 0 5 0 0 0 0 0 0 0 0 0 0 0 0 5 1 0 13 0 0 127 249 235 94 8 0 3 6 3 0 0 0 0 0 0 0 0 0 0 0 0 0 0 7 0 0 4 0 4 30 170 255 86 0 15 0 0 6 0 0 0 0 0 0 0 0 0 0 0 0 0 5 0 4 12 0 14 0 8 170 255 28 0 6 3 8 0 0 0 0 0 0 0 0 0 0 0 0 10 0 17 0 0 3 0 0 0 20 230 120 16 8 0 0 0 0 0 0 0 0 0 0 0 0 0 0 2 0 0 1 0 22 0 7 15 32 231 157 0 0 18 0 0 0 0 0 0 0 0 0 0 0 0 0 36 159 0 11 7 0 0 9 2 91 254 115 12 0 2 0 0 0 0 0 0 0 0 0 0 0 0 0 50 183 14 6 0 4 14 0 50 237 204 36 0 5 2 0 0 0 0 0 0 0 0 0 0 0 0 0 26 236 146 5 3 0 0 154 247 210 11 4 0 0 0 8 0 0 0 0 0 0 0 0 0 0 0 0 0 82 218 237 163 177 244 245 135 0 0 7 0 0 7 0 0 0 0 0 0 0 0 0 0 0 0 0 0 2 37 111 181 188 128 63 0 0 0 0 0 0 0 0 0 0 0 0 0 0 0 0 0 0 0 0 0 0 0 0 0 2 0 0 0 0 0 0 0 0 0 0 0 0 0 0 0 0 0 0 0 0 0 0 0 2 5 5 1 0 0 3 0 0 0 0 0 0 0 0 0 0 0 0 0 0 0 0 0 0 0 0 3 0 0 0 2 6 2 0 0 0 0 0 0 0 0 0 0 0 0 0
4 2 0 1 3 3 0 0 0 0 6 0 0 0 5 0 0 7 7 0 0 1 5 0 0 0 0 0 2 2 0 0 0 0 1 3 11 0 0 15 12 0 0 0 12 0 0 8 15 7 0 0 0 0 0 0 0 0 3 6 5 4 4 5 0 1 1 0 0 0 10 16 3 0 0 0 0 0 2 4 0 0 0 0 0 1 2 1 0 0 0 0 0 9 8 0 0 9 1 0 0 0 10 0 1 0 3 5 0 0 0 0 5 2 0 0 0 4 8 10 0 0 0 2 7 0 0 17 1 0 3 0 16 0 2 0 0 0 0 0 0 0 0 1 0 0 0 0 8 7 0 26 92 121 105 93 109 111 92 8 0 0 12 0 0 0 0 0 0 2 1 0 0 10 34 53 83 173 225 229 242 251 251 255 252 255 241 124 56 0 8 0 0 0 0 0 2 0 0 0 32 105 198 255 252 255 247 241 255 249 226 233 248 227 255 255 205 48 0 0 0 0 0 0 7 0 5 122 241 243 255 243 247 255 208 120 139 2 0 0 4 116 222 255 251 128 5 0 0 0 0 0 5 3 0 227 255 255 191 192 165 30 12 8 0 14 0 7 5 103 246 241 254 88 0 13 0 0 0 0 0 0 18 207 208 142 31 10 0 0 14 0 5 0 9 0 100 245 249 254 246 59 0 3 0 0 0 0 16 0 0 10 24 0 0 0 7 6 0 0 4 0 8 103 241 255 246 246 238 14 16 0 0 0 0 0 0 6 0 0 0 1 10 1 0 2 0 0 18 20 202 238 255 249 252 196 12 0 1 9 0 0 0 0 3 13 6 4 0 15 7 0 11 0 19 59 31 230 255 255 240 253 230 98 11 2 10 0 0 0 0 0 0 0 0 0 8 0 0 0 0 5 107 249 245 255 245 249 255 239 61 4 2 0 0 11 0 0 0 0 3 2 2 8 0 0 0 10 11 0 78 253 255 250 255 252 238 255 246 97 7 0 17 0 0 0 0 0 0 8 3 0 8 4 0 3 2 0 31 147 198 129 53 43 125 196 243 255 199 79 5 0 0 0 0 0 3 0 0 4 0 0 6 0 6 8 0 0 0 3 0 0 5 81 255 238 255 234 66 0 0 0 0 0 0 0 0 3 1 1 3 1 0 0 1 7 7 0 0 17 0 24 76 255 249 249 255 0 0 0 0 0 0 16 2 0 0 0 0 9 4 13 2 0 0 0 0 0 42 124 255 250 254 247 240 9 0 0 0 0 0 0 9 18 6 25 102 175 183 94 28 33 37 15 48 126 218 243 246 255 255 255 143 0 0 0 0 0 4 0 1 0 0 162 255 233 241 248 248 250 255 254 244 245 254 255 252 237 252 110 0 7 0 0 0 0 11 0 2 20 0 24 145 255 255 254 249 255 255 247 245 255 244 243 192 167 34 4 0 0 0 0 0 0 0 15 0 0 12 0 25 170 235 252 254 248 250 239 211 191 64 61 11 5 0 8 0 5 0 0 0 0 0 0 0 0 0 0 0 0 80 92 106 109 92 57 19 0 0 0 0 0 0 0 0 0 0 0 0 0 0 0 0 0 0 0 0 0 0 0 2 4 5 4 2 0 0 0 0 0 0 0 0 0 0 0 0 0 0 0 0 0 0 0 0 0 5 3 0 0 0 0 2 4 0 0 0 0 0 0 0 0 0 0 0 0 0 0 0 0 0 0 0 0 0 0 0 1 1 0 0 0 0 0 0 0 0 0 0 0 0 0 0 0
1 0 0 0 0 1 0 0 0 3 0 0 4 6 0 0 12 0 3 0 8 0 0 1 0 0 0 0 1 5 4 0 0 0 0 5 6 7 0 0 2 0 0 3 0 0 12 0 0 7 7 0 0 0 0 0 0 4 2 0 3 0 0 0 0 0 0 0 6 2 0 9 5 0 0 8 2 0 0 3 0 0 0 0 0 0 0 1 15 8 0 6 0 12 8 0 1 0 0 0 0 11 0 0 0 14 15 0 0 0 0 0 8 11 0 0 0 0 0 44 131 195 248 255 239 174 78 7 3 6 0 0 0 0 2 4 0 0 0 0 0 3 1 2 10 23 108 233 243 255 255 251 255 255 246 229 191 68 4 0 26 3 0 0 0 0 0 0 0 8 0 0 0 0 89 247 255 255 246 241 252 254 248 248 255 224 199 37 0 0 7 18 0 0 0 0 0 1 0 4 5 0 79 235 255 222 180 169 183 196 220 254 255 248 255 58 6 3 3 0 0 0 0 0 4 0 0 3 0 0 26 67 82 37 11 4 5 21 39 49 244 241 251 194 23 0 7 0 0 0 0 0 2 0 1 6 0 0 0 17 0 17 0 3 0 2 0 21 215 255 255 233 71 10 0 0 0 0 0 0 0 0 1 5 4 0 0 0 4 0 2 0 17 16 77 217 252 233 255 198 56 0 0 13 0 0 0 0 0 0 0 0 0 4 4 1 0 13 9 0 0 0 223 240 245 255 233 193 4 0 15 0 0 0 0 0 1 4 2 0 0 0 1 0 0 3 0 33 168 255 240 255 255 251 223 63 0 2 1 1 0 0 0 0 0 1 3 0 0 0 0 1 10 0 116 237 255 253 252 255 252 161 17 11 0 0 11 7 0 0 0 0 0 0 0 3 5 3 3 5 7 0 178 255 251 247 253 254 250 59 0 0 12 1 0 0 0 0 0 0 3 0 0 0 2 0 0 0 0 0 50 255 255 240 255 240 255 187 73 8 0 0 3 7 0 0 0 0 4 4 1 0 0 0 2 1 4 5 14 90 168 157 255 255 255 252 245 121 0 0 0 2 0 0 0 0 0 0 2 4 3 1 1 2 0 4 8 7 4 1 33 29 174 255 248 246 109 0 14 0 0 0 0 0 0 0 1 6 1 0 0 3 5 0 2 0 4 0 0 21 92 234 242 251 202 21 0 4 0 0 0 0 6 0 0 2 0 0 2 23 63 52 76 30 51 72 123 176 237 238 255 249 211 0 2 0 0 0 0 0 4 0 0 2 1 0 17 40 230 251 255 254 255 243 247 255 255 255 245 254 238 0 0 15 0 0 0 0 0 0 0 3 1 0 5 17 190 255 243 255 244 255 255 251 246 240 251 233 116 0 9 0 0 0 0 0 0 1 2 1 0 0 0 0 29 187 253 251 246 251 255 242 255 255 204 94 7 8 0 1 0 0 0 0 0 2 2 0 0 2 2 0 5 5 100 174 255 118 109 130 113 119 21 2 0 0 22 0 0 0 0 0 0 0 0 0 0 0 0 0 0 0 0 0 0 0 0 0 0 0 0 0 0 0 0 0 0 0 0 0 0 0 0 0 0 0 0 0 0 0 0 0 0 0 0 0 0 0 0 0 0 0 0 0 0 0 0 0 0 0 0 0 0 0 0 0 0 0 0 0 0 0 0 0 0 0 0 0 0 0 0 0 0 0 0 0 0 0 0 0 0 0 0 0 0 0 0 0 0 0 0 0 0 0 0 0 0 0 0 0 0 0 0 0
0 0 0 0 0 0 0 0 0 6 10 0 11 2 1 0 7 0 2 8 0 1 0 0 0 0 0 0 0 0 0 0 0 0 0 0 0 0 0 0 4 0 4 16 3 3 2 0 0 0 0 4 0 0 0 0 0 0 0 0 0 0 0 0 6 7 8 0 10 0 0 0 0 0 5 11 1 1 0 0 0 0 0 0 0 0 0 0 0 0 0 0 0 4 0 0 5 12 7 0 14 0 0 13 0 0 13 0 0 0 0 0 0 0 0 0 0 0 0 0 0 3 0 3 3 0 0 0 0 15 0 2 9 7 2 0 0 0 0 0 0 0 0 0 0 0 0 0 4 0 0 5 0 6 46 117 206 237 51 0 4 4 0 8 0 0 0 0 0 0 0 0 0 0 0 0 32 83 132 187 195 208 220 255 250 247 34 0 5 2 0 10 0 0 0 0 0 0 0 0 0 0 0 0 200 252 255 253 239 255 255 249 253 179 1 18 3 0 7 0 0 0 0 0 0 0 0 0 0 0 0 0 33 183 201 180 199 237 255 243 250 14 12 5 0 5 0 6 0 0 0 0 0 0 0 0 0 0 0 0 1 11 0 14 0 168 254 255 83 18 0 0 0 17 0 0 0 0 0 0 0 0 0 0 0 0 0 0 0 0 3 0 114 157 250 158 6 0 18 3 19 0 9 11 0 0 0 0 0 0 0 0 0 0 0 0 0 0 22 6 191 255 240 215 84 55 0 5 0 7 0 0 0 0 0 0 0 0 0 0 0 0 0 0 0 14 45 182 249 255 255 250 255 255 181 10 1 0 0 2 0 0 0 0 0 0 0 0 0 0 0 0 0 77 255 246 247 247 228 176 75 197 255 167 3 18 0 2 0 0 0 0 0 0 0 0 0 0 0 0 20 132 255 255 187 57 12 12 19 81 251 198 11 0 12 0 0 0 0 0 0 0 0 0 0 0 0 0 0 119 219 107 34 4 0 0 1 96 254 242 41 0 0 3 0 0 0 0 0 0 2 7 0 0 3 0 0 3 0 0 9 0 0 12 0 111 250 246 66 6 0 14 0 0 0 0 9 6 0 0 0 8 17 2 0 6 16 5 0 3 0 0 21 236 249 220 0 7 0 0 0 0 0 0 2 0 1 8 3 0 0 0 6 0 0 0 0 13 12 0 120 222 255 184 5 0 0 4 0 0 0 0 0 0 2 0 1 6 1 12 4 0 15 9 8 0 0 45 232 254 232 41 0 0 4 1 0 0 0 0 0 8 11 0 0 20 0 0 0 11 0 0 11 0 51 246 255 255 89 0 0 5 0 0 0 0 0 0 0 0 11 3 2 0 0 61 174 35 0 15 0 44 190 255 246 102 0 11 14 0 0 8 0 0 0 0 14 0 0 1 1 0 25 154 240 221 133 140 220 249 254 244 175 8 10 0 0 0 11 0 0 0 0 0 0 0 6 0 4 5 0 30 178 255 246 242 255 254 218 109 6 8 0 1 9 0 9 0 0 0 0 0 0 0 0 0 0 0 0 0 0 133 196 166 143 96 30 4 0 0 0 0 0 0 0 0 0 0 0 0 0 0 0 0 0 0 0 0 0 20 4 0 7 3 0 0 0 0 0 0 0 0 0 0 0 0 0 0 0 0 0 0 0 0 0 0 5 0 0 0 14 6 0 8 0 0 0 0 0 0 0 0 0 0 0 0 0 0 0 0 0 0 0 0 0 0 8 4 0 0 0 0 0 0 0 0 0 0 0 0 0 0 0 0
0 0 0 0 0 0 0 0 2 0 0 1 1 0 0 0 0 6 0 13 0 0 4 3 0 0 0 0 0 0 0 0 0 0 0 0 0 0 0 0 0 6 9 8 0 4 0 0 3 26 0 0 0 0 0 0 0 0 0 0 0 0 0 0 0 5 8 0 0 0 0 4 0 0 2 6 0 0 0 7 0 0 0 0 0 0 0 0 0 0 0 0 9 0 0 4 14 9 0 0 8 0 2 6 0 1 2 0 0 0 0 0 0 0 0 0 0 0 0 0 5 0 0 1 0 20 94 173 188 255 252 80 1 19 0 2 0 0 0 0 0 0 0 0 0 0 0 0 0 3 12 5 0 0 106 219 255 239 243 251 112 0 15 0 0 0 0 0 0 0 0 0 0 0 0 0 5 0 0 6 6 0 2 13 19 167 244 255 242 20 0 0 0 0 0 0 0 0 0 0 0 0 0 0 0 0 0 0 0 2 1 0 0 8 250 255 239 66 0 9 0 0 0 0 0 0 0 0 0 0 0 0 0 0 3 0 0 0 0 0 22 216 238 255 193 0 11 0 0 0 0 0 0 0 0 0 0 0 0 0 16 2 1 3 3 1 7 24 200 244 255 249 65 1 0 0 0 0 0 0 0 0 0 0 0 0 0 0 0 3 0 0 0 0 75 213 255 255 237 94 11 4 0 10 0 0 0 0 0 0 0 0 0 0 0 0 9 0 0 16 63 178 255 254 235 231 54 10 0 0 16 0 0 0 0 0 0 0 0 0 0 0 0 0 0 104 142 197 242 255 253 248 239 38 0 0 0 16 0 3 0 0 0 0 0 0 0 0 0 0 0 0 131 255 245 255 255 253 232 255 232 41 0 3 9 0 27 0 0 0 0 0 0 0 0 0 0 0 0 0 144 243 255 249 164 215 255 236 249 192 12 17 0 10 0 0 0 0 0 0 0 0 0 0 0 0 0 0 0 60 0 4 0 3 66 200 255 251 14 3 0 1 0 7 0 0 0 0 4 0 1 6 0 13 0 2 0 0 7 0 8 0 0 96 255 250 94 18 4 0 14 0 0 0 0 0 1 0 0 1 50 109 39 0 0 13 8 18 0 5 20 81 254 248 180 0 0 16 0 9 0 0 0 0 0 11 1 2 84 255 72 7 0 0 0 0 3 14 0 173 242 255 131 0 0 0 0 0 0 0 0 0 5 0 7 10 87 255 252 69 6 4 9 3 0 18 170 255 255 248 22 11 6 0 17 0 0 0 0 0 0 0 0 0 36 215 248 255 171 22 4 2 88 203 253 248 235 130 0 13 0 7 0 0 0 0 0 0 1 1 0 0 23 26 195 255 251 242 196 231 255 248 255 255 94 6 2 0 0 0 0 0 0 0 0 0 0 10 5 0 0 0 11 136 247 255 255 248 251 255 170 60 1 0 10 1 6 0 17 7 0 0 0 0 6 0 5 6 0 7 0 5 77 206 220 140 159 57 3 2 1 0 12 0 0 9 0 2 0 0 0 0 0 0 0 0 0 0 0 0 0 0 0 0 0 0 0 0 0 0 0 0 0 0 0 0 0 0 0 0 0 0 0 0 0 0 0 0 0 0 0 0 0 0 0 0 0 0 0 0 0 0 0 0 0 0 0 0 0 0 0 0 0 0 0 0 0 0 0 0 0 0 0 0 0 0 0 0 0 0 0 0 0 0 0 0 0 0 0 0 0 0 0 0 0 0 0 0 0 0 0 0 0 0 0 0 0 0 0 0 0 0 0 0
4 0 6 0 4 0 3 0 0 1 7 6 1 0 0 4 3 0 5 0 0 5 0 6 0 0 0 0 0 3 7 0 3 12 10 0 5 0 0 0 0 0 0 0 0 0 12 5 0 3 0 2 0 0 0 0 4 0 0 1 0 0 0 11 0 4 12 12 5 0 0 0 14 0 6 0 0 0 0 5 0 0 0 0 0 0 1 0 14 21 15 0 5 0 0 0 0 2 2 0 0 0 0 1 1 7 3 0 0 0 0 0 9 0 5 0 8 0 1 4 0 1 6 6 1 0 0 2 7 7 7 10 4 0 2 0 0 0 0 0 0 0 5 2 12 0 0 0 1 0 0 0 0 0 0 0 0 5 0 0 0 0 0 10 0 0 0 0 6 4 0 24 117 248 255 245 255 244 239 255 255 220 128 51 4 24 0 0 15 0 0 0 0 0 0 0 1 0 21 199 247 255 227 255 255 255 254 253 252 249 245 243 218 177 47 0 9 0 0 3 0 0 0 0 2 0 3 225 232 255 246 214 214 221 220 211 209 245 255 255 252 243 129 0 5 2 0 2 0 0 0 0 0 5 7 59 74 81 94 15 0 4 0 12 23 63 101 240 253 255 251 5 0 0 23 0 0 0 0 0 1 0 3 0 9 0 21 0 11 0 14 0 5 0 75 255 251 242 99 0 17 0 4 0 0 0 0 0 10 0 0 1 8 0 0 13 0 3 4 0 10 192 221 255 254 197 7 0 1 0 0 12 0 0 0 0 0 2 3 0 0 6 0 0 11 0 4 2 89 255 255 244 168 1 11 2 6 0 0 0 0 0 0 0 0 0 9 0 6 4 3 0 8 0 14 5 209 245 255 255 139 0 13 0 8 0 8 0 0 0 0 0 11 0 5 0 9 0 0 0 0 14 1 8 146 252 252 246 237 255 159 68 0 0 14 6 0 0 0 0 0 4 0 2 0 0 13 0 0 0 1 1 4 67 171 255 249 255 253 223 107 30 0 1 0 0 0 0 0 0 0 0 0 0 0 0 0 0 0 8 0 0 0 78 69 103 236 242 255 156 16 1 0 0 0 0 0 0 0 0 0 0 0 0 11 0 15 0 11 15 0 4 0 4 66 174 255 233 0 0 0 0 0 0 0 0 0 0 0 0 0 0 0 0 0 0 9 0 5 3 0 11 0 0 215 244 120 11 0 0 0 0 0 0 0 0 0 0 0 0 3 4 11 4 0 17 0 0 9 0 4 138 255 221 75 0 0 0 0 0 0 0 0 0 0 0 0 0 0 0 0 20 0 0 0 1 0 12 108 255 245 239 0 4 0 0 0 0 0 0 0 0 0 0 0 0 8 0 9 0 0 9 5 0 41 154 255 255 237 201 15 0 0 0 0 0 0 0 0 0 0 0 0 0 0 109 252 58 0 94 74 124 234 255 253 255 164 47 0 15 0 0 0 0 0 0 0 0 0 0 0 0 62 239 244 253 225 224 255 250 254 242 252 168 33 0 0 0 0 0 0 0 0 0 0 0 0 0 0 0 21 179 255 250 252 252 243 255 244 216 124 14 0 7 13 0 0 0 0 0 0 0 0 0 0 0 0 0 0 30 86 182 255 221 129 92 60 22 0 3 4 0 0 9 0 0 0 0 0 0 0 0 0 0 0 0 15 2 0 0 7 0 0 5 6 0 0 3 9 0 0 3 0 0 0 0 0 0 0 0 0 0 0 0 0 0 13 3 0 3 9 0 10 14 7 0 0 4 6 0 0 0 0 0
0 0 0 0 0 0 0 0 2 0 0 0 0 0 0 1 0 0 0 0 2 6 2 0 0 0 0 0 0 0 0 0 0 0 0 0 0 1 2 3 6 2 0 2 6 4 4 3 0 0 0 5 0 0 0 0 0 0 0 0 0 0 0 0 0 1 0 0 8 5 0 0 0 0 0 6 5 0 0 6 0 0 0 0 0 0 0 0 0 0 0 0 4 4 0 0 0 3 3 8 3 0 0 0 5 3 0 0 0 0 0 0 0 0 0 0 0 0 0 0 7 0 1 9 3 0 0 0 10 10 4 0 0 0 1 0 0 0 0 0 0 0 0 0 0 0 0 0 0 12 122 238 255 203 114 23 0 0 0 0 0 2 2 2 0 0 0 0 0 0 0 0 0 0 0 0 10 12 131 255 255 255 245 202 80 31 0 0 9 5 0 3 0 0 0 0 0 0 0 0 0 0 0 0 0 0 77 127 59 67 180 243 255 129 13 0 4 1 0 4 0 0 0 0 0 0 0 0 0 0 0 0 0 0 0 1 0 0 0 55 230 243 7 12 0 0 11 0 0 0 0 0 0 0 0 0 0 0 0 0 16 0 0 2 0 7 0 3 141 255 14 0 10 6 0 3 0 0 0 0 0 0 0 0 0 0 0 0 0 0 7 0 2 11 0 0 130 233 28 0 0 1 0 2 0 0 0 0 0 0 0 0 0 0 0 0 8 16 2 0 2 0 9 84 255 143 0 6 13 0 0 2 0 0 0 0 0 0 0 0 0 0 0 0 1 0 0 10 11 20 118 247 229 71 0 0 9 0 0 6 0 0 0 0 0 0 0 0 0 0 0 0 0 2 16 82 126 219 255 241 121 1 17 3 0 0 12 0 0 0 0 0 0 0 0 0 0 0 0 0 58 200 251 255 227 255 255 255 191 39 0 18 9 0 0 0 0 0 0 0 0 0 0 0 0 0 0 0 101 255 244 249 186 111 71 197 255 242 64 0 0 9 0 9 0 0 0 0 0 0 0 0 0 0 0 0 53 121 123 65 4 8 0 0 111 254 185 14 0 0 11 0 0 0 0 0 0 0 0 0 0 0 0 0 4 0 3 12 0 0 0 14 16 171 240 19 0 0 5 3 0 0 0 0 0 0 0 0 0 0 0 0 0 8 1 0 25 15 0 0 0 174 247 14 0 2 0 5 0 0 0 0 0 0 0 0 0 0 0 0 18 0 0 8 0 0 4 1 100 255 158 4 0 8 0 0 0 0 0 0 0 0 0 0 0 0 0 0 0 10 0 13 0 9 28 107 239 239 46 5 0 1 3 0 0 0 0 0 0 0 0 0 0 0 0 0 9 0 9 67 13 106 201 255 247 92 0 10 0 0 7 3 0 0 0 0 0 0 0 0 0 0 0 0 0 0 88 252 255 255 244 255 121 0 0 2 1 0 4 5 0 0 0 0 0 0 0 0 0 0 0 0 0 5 125 255 247 239 164 36 0 2 16 0 3 11 0 0 0 0 0 0 0 0 0 0 0 0 0 0 0 27 181 252 120 4 2 9 0 0 0 0 0 0 0 0 0 0 0 0 0 0 0 0 0 0 0 0 9 0 0 7 0 0 0 0 0 0 0 0 0 0 0 0 0 0 0 0 0 0 0 0 0 0 0 0 0 13 2 0 1 12 9 10 0 0 0 0 0 0 0 0 0 0 0 0 0 0 0 0 0 0 0 0 0 4 0 0 9 0 0 0 0 0 0 0 0 0 0 0 0 0 0 0
0 0 0 0 0 0 0 0 0 1 4 0 15 0 2 1 0 4 0 1 2 0 8 5 0 0 0 0 0 0 0 0 0 0 0 0 0 0 0 0 0 0 1 3 4 0 14 0 0 3 0 0 0 0 0 0 0 0 0 0 0 0 0 0 6 0 0 1 20 2 0 0 0 2 0 0 19 8 0 9 0 0 0 0 0 0 0 0 0 0 0 0 0 5 10 0 0 0 0 8 0 9 0 0 0 0 0 0 0 0 0 0 0 0 0 0 0 0 0 0 0 1 2 0 0 18 0 0 5 126 255 208 59 0 0 5 0 0 0 0 0 0 0 0 0 0 0 0 15 0 0 17 4 0 0 77 186 255 239 255 173 16 3 0 0 0 0 0 0 0 0 0 0 0 0 0 4 0 5 8 0 9 80 230 245 219 152 252 197 0 1 0 0 0 0 0 0 0 0 0 0 0 0 0 0 6 0 0 70 229 250 252 213 60 174 238 70 0 7 0 0 0 0 0 0 0 0 0 0 0 0 0 0 5 13 0 106 253 252 126 9 63 255 185 5 9 0 3 0 0 0 0 0 0 0 0 0 0 0 0 11 3 2 0 0 9 0 8 57 191 206 65 0 0 7 8 0 0 0 0 0 0 0 0 0 0 0 0 0 1 8 0 8 3 6 119 221 255 106 0 9 3 0 0 0 0 0 0 0 0 0 0 0 0 0 0 6 0 0 0 3 0 84 246 236 117 4 0 5 2 0 11 0 0 0 0 0 0 0 0 0 0 0 0 0 12 0 0 14 112 228 255 123 4 0 19 5 2 0 0 0 0 0 0 0 0 0 0 0 0 0 0 18 0 4 152 173 243 255 248 129 53 0 0 0 0 6 0 0 0 0 0 0 0 0 0 0 0 0 0 0 11 157 255 239 225 204 193 255 251 129 16 0 0 0 5 0 0 0 0 0 0 0 0 0 0 0 0 11 7 213 235 170 19 0 12 45 218 247 85 0 9 0 0 0 0 0 0 1 2 0 10 3 0 0 6 5 5 13 71 0 5 0 0 2 8 213 197 5 0 11 0 0 0 0 0 0 10 0 0 0 2 16 0 0 5 0 7 0 7 0 15 0 39 246 176 0 4 0 7 0 0 0 0 1 6 0 0 7 45 59 0 0 13 10 0 0 0 0 0 11 170 255 97 4 18 0 11 0 0 0 0 0 0 0 15 50 206 255 255 255 151 66 12 0 0 26 0 129 245 161 15 1 8 0 0 0 0 0 0 12 0 0 10 52 254 232 139 153 147 57 9 13 0 28 174 228 136 21 0 0 0 22 0 0 0 0 0 0 0 0 13 68 255 206 72 10 3 0 35 83 197 239 245 124 10 0 6 0 1 0 5 0 0 0 0 0 6 5 0 15 150 249 245 229 224 209 235 242 255 168 38 0 0 10 4 9 7 0 8 0 0 0 0 2 0 0 6 0 0 120 149 255 251 250 255 179 86 12 0 5 5 0 2 0 0 8 0 0 0 0 0 0 0 0 0 0 0 0 0 0 0 0 0 0 0 0 0 0 0 0 0 0 0 0 0 0 0 0 0 0 0 0 0 0 0 0 0 0 0 0 0 0 0 0 0 0 0 0 0 0 0 0 0 0 0 0 0 0 0 0 0 0 0 0 0 0 0 0 0 0 0 0 0 0 0 0 0 0 0 0 0 0 0 0 0 0 0 0 0 0 0 0 0 0 0 0 0 0 0 0 0 0 0 0 0 0 0 0 0 0 0 0 0
0 10 0 0 9 3 0 0 0 0 0 0 5 7 3 0 6 0 2 0 0 8 0 0 0 0 0 0 1 9 0 0 0 0 0 0 4 12 4 2 0 3 2 3 0 0 6 0 1 10 6 1 0 0 0 0 0 0 0 0 0 5 4 0 1 0 0 0 15 0 0 0 7 3 0 8 4 0 0 0 0 0 0 0 0 0 4 3 2 5 0 0 4 1 0 3 1 2 3 10 0 11 0 0 0 12 19 0 0 0 0 0 2 0 8 1 0 0 0 9 0 14 1 120 188 255 123 0 0 0 0 17 11 0 0 0 0 0 0 0 6 0 6 0 0 0 0 67 194 238 255 255 244 250 254 255 215 108 20 0 0 3 0 8 0 0 0 0 1 0 4 0 7 1 11 121 255 250 255 250 255 255 255 248 247 255 243 79 0 15 2 0 0 0 0 0 0 0 6 0 9 0 0 129 254 255 169 143 114 253 255 255 250 255 255 116 10 6 0 12 0 0 0 0 0 0 0 0 0 0 0 0 65 255 252 65 10 0 3 130 183 255 255 248 4 1 0 0 0 0 0 0 0 0 0 0 0 0 0 0 9 0 73 76 0 0 2 0 134 235 255 200 1 5 0 4 0 0 0 0 0 0 0 0 0 0 0 0 0 6 3 0 3 8 0 88 255 255 244 124 0 6 0 0 0 0 0 0 0 0 0 0 0 0 0 0 0 0 9 69 127 129 125 236 241 253 255 132 0 0 2 17 0 0 0 0 0 0 0 0 0 0 0 0 5 67 169 255 255 255 255 255 255 254 252 132 5 0 5 0 0 0 0 0 0 0 0 0 0 0 0 0 0 247 255 253 251 250 239 255 252 242 255 244 132 0 5 5 0 0 0 0 0 0 0 0 0 0 0 0 10 255 249 249 255 255 255 254 255 253 248 255 238 1 0 0 0 0 0 0 0 0 0 0 0 0 0 0 0 254 254 255 240 255 254 123 64 188 248 255 255 0 12 0 0 0 0 0 0 6 0 7 6 0 0 7 0 0 146 117 128 62 0 0 5 126 255 241 255 7 0 0 0 0 0 0 0 9 0 0 2 16 9 76 130 129 0 10 7 4 8 3 0 116 255 255 239 13 0 14 0 0 0 0 0 0 1 16 2 0 10 231 255 255 74 0 0 0 0 2 136 255 245 255 248 0 17 0 0 0 0 0 3 3 1 0 0 6 53 255 252 255 187 0 0 16 23 58 255 251 255 247 193 4 0 23 0 0 0 0 0 3 3 0 3 23 53 247 248 255 252 255 145 58 108 255 246 255 247 194 16 0 0 0 0 0 0 0 0 0 6 11 1 0 0 137 248 255 241 255 243 255 255 251 255 255 195 0 0 1 26 0 0 0 0 0 3 6 0 0 0 17 0 0 12 132 249 255 250 238 255 248 251 250 0 9 9 0 0 6 0 0 0 0 2 0 0 15 0 4 0 1 0 2 5 120 255 255 244 136 65 4 0 0 3 4 3 0 0 0 0 0 0 0 0 0 0 0 0 0 0 0 0 0 0 0 0 0 0 0 0 0 0 0 0 0 0 0 0 0 0 0 0 0 0 0 0 0 0 0 0 0 0 0 0 0 0 0 0 0 0 0 0 0 0 0 0 0 0 0 0 0 0 0 0 0 0 0 0 0 0 0 0 0 0 0 0 0 0 0 0 0 0 0 0 0 0 0 0 0 0 0 0 0 0 0 0 0 0 0 0 0 0 0 0 0 0 0 0 0 0 0 0 0
0 3 0 0 0 0 8 0 3 0 0 0 0 2 18 0 0 0 0 0 0 6 4 0 0 0 0 0 8 0 0 2 7 0 0 3 0 15 0 4 26 0 0 13 0 3 2 0 0 3 3 0 0 0 0 0 0 3 10 7 0 0 0 0 2 17 0 0 0 0 0 0 2 4 3 0 0 0 2 2 0 0 0 0 8 0 0 0 0 18 0 0 0 0 0 4 6 6 12 0 0 1 3 1 0 0 0 2 0 0 0 0 0 0 8 14 0 39 78 150 255 246 146 82 62 11 0 10 0 0 0 2 2 0 0 0 0 0 0 0 7 2 0 0 44 189 235 255 239 255 253 245 237 194 102 0 1 0 0 2 4 1 0 0 0 0 0 0 0 10 7 0 23 168 201 227 253 244 255 255 239 255 242 118 14 3 0 0 3 2 0 0 0 0 0 0 5 0 2 7 0 10 0 59 139 153 196 252 255 240 254 251 26 9 0 0 2 2 0 0 0 0 0 0 3 10 0 0 0 4 9 0 1 0 148 249 255 247 242 255 35 9 0 0 12 0 10 0 0 0 0 0 0 3 0 0 11 0 0 45 63 143 251 255 234 255 248 71 5 0 0 3 2 0 6 6 0 0 0 0 0 2 0 0 14 0 23 190 255 243 251 238 255 249 75 0 0 0 18 2 0 6 6 0 0 0 0 0 2 0 7 0 4 0 39 221 236 255 244 248 238 255 154 42 40 0 0 0 0 17 0 5 0 0 0 0 11 0 2 0 0 0 1 77 217 255 250 255 255 251 254 253 218 139 100 11 11 0 0 3 0 0 0 0 5 0 9 3 0 5 0 0 60 52 83 73 232 255 251 255 247 231 255 169 173 34 6 0 0 0 0 0 0 0 11 6 0 3 9 6 1 0 12 0 11 0 175 184 251 255 255 255 245 79 3 13 0 0 0 0 1 4 0 0 5 0 0 0 0 0 5 0 3 0 10 0 109 255 237 255 253 236 82 0 0 0 0 0 3 3 0 0 7 4 4 3 11 0 2 0 0 0 17 0 34 255 243 244 255 235 158 0 0 0 0 0 0 7 6 0 0 0 0 0 0 0 10 10 0 0 0 16 39 240 255 255 245 255 142 12 0 0 0 0 2 0 0 10 14 9 6 4 0 34 0 0 5 11 0 0 169 255 244 255 230 253 142 0 0 0 0 0 8 0 6 0 0 0 0 0 5 0 1 0 0 0 42 176 252 248 242 254 255 29 4 5 0 0 0 0 0 0 17 1 1 23 7 0 11 0 0 16 10 13 158 249 250 254 255 250 168 12 8 0 0 0 0 0 11 0 0 0 0 0 0 50 29 88 216 211 198 220 252 255 255 249 243 176 4 0 0 25 0 0 0 0 2 0 3 0 0 0 60 229 255 255 249 255 255 246 255 240 242 253 180 0 15 13 0 0 0 0 0 0 0 2 9 0 7 8 0 79 196 245 251 248 244 255 244 255 101 64 19 13 0 0 6 0 0 0 0 0 0 0 0 0 0 0 0 0 0 0 0 0 0 0 0 0 0 0 0 0 0 0 0 0 0 0 0 0 0 0 0 0 0 0 0 0 0 0 0 0 0 0 0 0 0 0 0 0 0 0 0 0 0 0 0 0 0 0 0 0 0 0 0 0 0 0 0 0 0 0 0 0 0 0 0 0 0 0 0 0 0 0 0 0 0 0 0 0 0 0 0 0 0 0 0 0 0 0 0 0 0 0 0 0 0 0 0 0 0 0 0 0
0 0 0 0 0 0 0 0 0 5 1 0 8 0 7 0 3 0 11 1 0 3 3 0 0 0 0 0 0 0 0 0 0 0 0 0 2 4 8 0 0 0 0 1 0 0 2 4 0 3 3 0 0 0 0 0 0 0 0 0 0 0 0 0 0 0 0 0 11 17 0 9 0 1 0 5 5 0 3 0 0 0 0 0 0 0 0 0 0 0 0 0 8 3 0 0 0 8 0 0 0 8 0 2 0 0 2 1 0 0 0 0 0 0 0 0 0 0 0 0 0 7 6 5 0 0 26 3 0 0 0 1 0 0 3 1 0 0 0 0 0 0 0 0 0 0 0 0 0 0 93 200 255 255 205 58 34 0 0 3 0 3 1 0 0 0 0 0 0 0 0 0 0 0 0 0 0 10 211 255 249 242 255 251 142 10 0 4 0 9 0 2 0 0 0 0 0 0 0 0 0 0 0 0 2 0 228 182 61 42 156 252 247 40 0 3 0 9 0 4 0 0 0 0 0 0 0 0 0 0 0 0 8 0 45 2 4 0 16 209 255 81 6 2 0 3 6 3 0 0 0 0 0 0 0 0 0 0 0 0 0 1 9 1 0 4 88 245 249 19 0 0 5 9 0 0 0 0 0 0 0 0 0 0 0 0 0 0 11 0 9 11 8 39 237 254 136 0 14 11 0 0 0 19 0 0 0 0 0 0 0 0 0 0 0 0 0 13 32 250 251 205 234 255 137 41 0 0 0 5 1 0 0 0 0 0 0 0 0 0 0 0 0 0 0 8 63 255 255 255 255 248 253 181 66 0 5 1 0 0 0 0 0 0 0 0 0 0 0 0 0 0 4 0 16 68 134 21 16 63 201 245 229 31 0 0 0 9 0 0 0 0 0 0 0 0 0 0 0 0 0 12 5 2 0 0 5 6 51 197 255 100 0 13 1 0 0 0 0 0 0 0 0 0 0 0 0 0 0 9 0 0 9 0 1 0 0 177 239 223 13 0 0 7 0 0 0 0 0 0 0 0 0 0 0 0 4 0 12 2 0 0 16 0 3 53 255 210 0 10 0 9 0 0 0 0 0 0 0 0 0 0 0 0 8 0 1 0 1 10 0 0 4 178 240 216 3 0 2 0 0 0 0 0 0 0 0 0 0 0 0 0 5 0 2 0 0 13 0 9 11 208 250 102 9 0 1 3 0 0 0 0 0 0 0 0 0 0 0 0 0 7 0 9 4 0 0 9 130 245 255 9 8 2 0 5 0 0 0 0 0 0 0 0 0 0 0 0 0 6 0 55 60 9 17 8 248 255 143 10 0 0 0 0 0 0 0 0 0 0 0 0 0 0 0 0 5 0 78 233 169 0 89 241 255 175 12 5 0 0 3 0 0 0 0 0 0 0 0 0 0 0 0 0 6 6 165 242 228 188 249 244 176 56 9 0 9 0 0 0 0 0 0 0 0 0 0 0 0 0 0 0 1 0 209 251 255 255 254 158 37 0 9 0 0 0 7 0 0 0 0 0 0 0 0 0 0 0 0 0 7 1 28 201 255 144 75 10 0 0 0 0 0 0 0 0 0 0 0 0 0 0 0 0 0 0 0 0 0 5 0 6 12 0 15 0 0 0 0 0 0 0 0 0 0 0 0 0 0 0 0 0 0 0 0 0 6 18 4 0 0 0 7 0 0 0 0 0 0 0 0 0 0 0 0 0 0 0 0 0 0 0 0 0 6 0 0 2 9 2 0 0 0 0 0 0 0 0 0 0 0 0 0 0
0 0 0 0 0 0 0 0 0 5 0 14 2 0 19 0 13 2 0 4 1 5 0 0 0 0 0 0 0 0 0 0 0 0 0 0 0 11 0 0 0 0 0 5 0 4 9 7 0 0 0 4 0 0 0 0 0 0 0 0 0 0 0 0 1 0 5 0 11 14 0 4 6 7 0 0 1 2 1 3 0 0 0 0 0 0 0 0 0 0 0 0 0 0 5 0 0 0 2 0 0 0 0 0 6 0 0 4 0 0 0 0 0 0 0 0 0 0 0 0 18 55 1 3 112 219 255 239 190 116 33 0 0 12 16 0 0 0 0 0 0 0 0 0 0 0 0 0 13 228 249 214 251 255 255 255 249 252 220 133 1 0 1 0 0 0 0 0 0 0 0 0 0 0 0 0 10 178 247 253 255 240 236 255 252 255 255 204 23 0 5 7 0 0 0 0 0 0 0 0 0 0 0 0 0 8 121 235 255 255 251 251 255 239 253 255 66 9 0 0 0 0 0 0 0 10 3 0 1 0 0 0 0 0 4 65 77 88 88 85 252 251 253 255 67 0 9 0 0 0 0 0 0 0 0 2 6 2 2 0 0 9 0 1 10 0 13 89 254 245 254 244 85 7 0 15 0 0 0 0 3 0 0 1 0 0 0 0 4 1 0 0 3 0 113 246 254 255 234 218 26 7 10 5 0 0 0 0 0 0 9 0 0 0 2 0 0 0 5 0 4 111 246 252 241 255 240 19 5 0 0 0 0 0 0 0 0 0 11 0 0 12 2 0 6 56 152 241 223 231 255 246 255 243 111 10 0 10 5 6 0 0 0 0 3 0 4 0 3 12 0 0 52 200 255 255 230 255 255 249 255 58 13 2 0 0 0 0 0 0 0 0 7 0 1 0 4 0 0 62 220 255 255 250 255 255 253 250 230 147 0 13 6 5 0 11 0 0 0 0 0 0 5 0 6 0 17 162 255 245 248 251 250 220 250 255 255 254 125 0 0 6 9 0 0 0 0 0 0 17 0 0 11 0 3 77 193 245 251 198 73 55 241 255 255 253 209 39 9 0 0 0 0 0 0 0 8 7 7 5 5 0 0 2 0 0 0 0 22 0 15 196 251 255 255 205 40 0 2 12 0 0 0 0 0 0 0 1 5 6 4 0 7 21 6 0 9 0 1 144 255 240 252 255 72 8 0 0 0 0 0 0 1 9 0 0 3 0 14 0 0 0 0 3 0 2 0 17 250 253 249 246 81 0 0 4 0 0 0 0 0 13 0 6 0 15 115 38 1 1 17 3 0 0 8 115 254 255 254 246 78 0 0 10 0 0 0 0 0 0 0 6 0 82 255 178 162 58 0 11 23 0 28 169 255 245 250 253 57 1 0 0 0 0 0 0 15 0 6 0 0 63 250 255 254 248 115 13 0 73 222 237 250 250 248 171 15 0 3 8 0 0 0 0 0 0 11 0 11 0 113 255 254 252 254 206 230 246 248 255 255 243 175 0 0 4 10 0 0 0 0 0 0 0 0 0 0 0 0 0 0 0 0 0 0 0 0 0 0 0 0 0 0 0 0 0 0 0 0 0 0 0 0 0 0 0 0 0 0 0 0 0 0 0 0 0 0 0 0 0 0 0 0 0 0 0 0 0 0 0 0 0 0 0 0 0 0 0 0 0 0 0 0 0 0 0 0 0 0 0 0 0 0 0 0 0 0 0 0 0 0 0 0 0 0 0 0 0 0 0 0 0 0 0 0 0 0 0 0 0 0 0 0 0
0 0 0 0 0 0 0 0 12 0 0 8 0 0 9 0 3 7 0 4 0 2 0 0 0 0 0 0 0 0 0 0 0 0 0 0 0 9 13 1 0 0 0 0 0 0 0 2 0 6 2 0 0 0 0 0 0 0 0 0 0 0 0 0 0 11 0 0 7 0 0 13 1 0 6 0 0 4 5 0 0 0 0 0 0 0 0 0 0 0 0 0 0 6 0 0 5 2 0 0 13 0 1 0 3 1 2 0 0 0 0 0 0 0 0 0 0 0 0 0 6 0 0 8 0 0 2 8 0 0 0 16 14 0 0 10 0 0 0 0 0 0 0 0 0 0 0 0 0 4 11 4 51 180 255 239 255 172 0 0 5 6 1 0 0 0 0 0 0 0 0 0 0 0 0 0 0 9 90 207 255 246 245 255 244 229 25 3 0 0 0 9 0 0 0 0 0 0 0 0 0 0 0 0 39 163 248 255 255 254 247 252 255 255 8 0 7 9 5 0 0 0 0 0 0 0 0 0 0 0 0 0 76 255 245 239 161 77 0 240 252 248 28 6 0 1 9 0 0 0 0 0 0 0 0 0 0 0 0 0 87 234 246 57 0 9 104 250 255 166 0 0 4 0 0 7 0 0 0 0 0 0 0 0 0 0 0 0 8 125 15 14 0 107 235 255 249 104 6 0 15 4 0 1 0 0 0 0 0 0 0 0 0 0 0 0 0 5 1 0 108 255 255 234 63 0 0 0 0 6 6 5 0 0 0 0 0 0 0 0 0 0 0 0 0 15 0 95 251 229 255 119 3 0 8 23 0 0 3 0 0 0 0 0 0 0 0 0 0 0 0 0 0 20 64 238 255 252 234 136 93 32 0 0 2 0 5 2 0 0 0 0 0 0 0 0 0 0 0 0 26 139 255 255 228 255 255 241 255 185 71 0 13 0 4 0 0 0 0 0 0 0 0 0 0 0 0 0 85 251 254 255 255 240 255 255 252 255 194 3 3 0 11 3 0 0 0 0 0 0 0 0 0 0 0 0 81 226 255 187 126 10 6 29 207 255 237 42 0 13 0 0 0 0 0 0 0 0 0 0 0 0 0 0 3 75 0 0 0 11 7 4 159 251 244 89 0 0 0 2 0 0 0 0 0 0 0 0 0 0 0 0 7 8 37 172 62 3 0 0 183 253 255 75 9 0 7 6 0 0 0 0 0 0 0 0 0 0 0 0 0 0 146 255 112 0 14 16 213 245 237 0 0 1 0 0 0 0 0 0 0 0 0 0 0 0 0 0 13 5 161 243 155 6 2 109 247 255 180 0 11 14 0 8 0 0 0 0 0 0 0 0 0 0 0 0 0 6 158 245 117 0 35 251 255 240 47 0 0 0 0 0 0 0 0 0 0 0 0 0 0 0 0 0 0 0 90 248 255 255 244 249 240 145 0 5 1 5 4 2 0 0 0 0 0 0 0 0 0 0 0 0 1 0 0 148 244 248 253 253 147 12 9 0 0 4 1 0 0 0 0 0 0 0 0 0 0 0 0 0 6 0 7 4 75 191 237 145 1 1 1 0 0 0 0 0 0 0 0 0 0 0 0 0 0 0 0 0 0 0 6 0 0 0 26 0 1 1 1 0 0 0 0 0 0 0 0 0 0 0 0 0 0 0 0 0 9 0 12 15 8 0 0 0 1 1 0 0 0 0 0 0 0 0 0 0 0 0 0 0 0 0 0 0 0 0 0 0 4 5 3 1 0 0 0 0 0 0 0 0 0 0 0 0
0 7 0 3 0 0 14 0 1 1 0 0 0 0 0 0 0 0 1 4 0 7 0 5 0 0 0 0 0 2 0 0 4 5 0 16 1 2 3 4 4 3 2 1 0 1 0 6 0 7 0 2 0 0 0 0 3 8 0 0 0 18 0 2 0 0 0 0 0 0 0 0 2 7 0 5 6 2 0 2 0 0 0 0 0 4 1 18 0 0 2 0 2 3 5 6 5 2 0 0 0 9 0 1 2 0 3 4 0 0 0 0 0 1 9 0 4 8 6 20 2 0 0 0 0 0 3 7 0 0 1 1 0 0 9 0 0 0 0 0 13 0 6 0 20 0 0 159 248 255 255 254 214 152 89 49 32 0 3 4 0 2 8 0 0 0 0 0 0 3 0 55 154 255 246 255 248 249 251 252 253 253 253 253 126 0 1 4 0 5 3 0 0 0 0 0 0 0 12 255 249 249 255 242 255 255 254 251 251 252 253 255 217 10 0 0 0 4 0 4 0 0 0 0 0 0 10 200 255 247 247 253 255 242 227 147 141 235 255 247 207 4 0 5 0 6 8 0 0 0 0 0 0 15 0 17 74 151 170 108 22 33 34 0 41 198 255 255 206 14 8 0 11 4 0 6 0 0 0 0 11 0 0 0 10 9 6 0 0 0 51 109 190 248 244 255 243 13 0 24 0 4 0 0 0 0 0 0 0 0 10 4 0 0 0 17 133 203 255 243 253 255 255 253 255 221 136 0 20 14 0 0 0 0 0 0 0 0 0 0 0 20 12 70 243 255 255 249 251 248 240 255 242 255 249 177 1 0 3 4 0 0 0 0 9 0 0 23 0 1 0 97 240 251 255 255 255 238 201 176 253 245 245 255 209 49 0 5 0 0 0 0 0 9 0 0 0 0 19 95 255 248 248 243 151 29 0 21 92 244 255 255 239 150 0 0 0 0 0 0 0 4 0 0 19 0 0 30 57 67 67 42 3 0 11 0 12 151 255 241 251 255 97 5 0 0 0 0 0 0 0 0 0 0 0 0 9 0 11 3 0 10 10 0 7 2 156 250 255 248 140 0 0 0 0 0 0 0 0 0 0 0 0 0 9 7 1 0 6 6 0 6 0 0 43 255 223 255 196 8 0 0 0 0 0 0 0 0 0 0 0 0 0 3 0 3 10 0 0 9 8 8 15 252 255 255 249 0 0 0 0 0 0 0 0 0 0 0 0 0 0 1 5 14 0 0 24 0 0 14 41 255 237 252 254 2 0 0 0 0 0 0 0 0 0 0 0 0 9 0 67 198 170 56 27 23 27 31 168 252 255 243 253 0 0 0 0 0 0 0 0 0 0 0 0 0 0 134 235 255 254 253 255 254 253 255 242 252 241 252 122 0 0 0 0 0 0 0 0 0 0 0 0 0 5 145 255 255 241 249 248 254 242 255 255 244 255 181 46 0 0 0 0 0 0 0 0 0 0 0 0 0 0 0 130 244 255 254 245 255 255 240 253 244 105 0 2 1 0 0 0 0 0 0 0 0 0 0 0 0 0 10 5 0 17 79 120 124 124 127 91 26 0 0 5 0 0 0 0 0 0 0 0 0 0 0 0 0 0 3 3 0 0 4 6 0 0 6 9 0 0 0 3 1 0 0 0 0 0 0 0 0 0 0 0 0 0 0 0 4 4 0 0 0 0 0 0 3 3 0 0 4 0 0 0 0 0 0 0 0 0 0 0 0 8 0 0 3 3 0 1 11 15 3 0 2 1 0 0 8 0 0 0 0
0 4 0 0 8 2 0 0 0 0 0 0 0 5 1 0 2 0 0 0 7 7 0 5 0 0 0 0 0 5 2 0 0 0 5 14 0 16 10 0 9 2 0 6 0 2 10 1 0 4 5 0 0 0 0 0 2 6 1 0 0 10 0 0 4 0 0 2 11 0 0 7 0 0 1 3 0 0 16 0 0 0 0 0 9 0 0 7 0 0 0 15 0 9 2 0 0 3 17 2 6 0 0 1 2 0 4 0 0 0 0 0 2 0 3 14 0 37 94 172 249 255 245 255 255 112 3 0 0 8 0 0 11 0 0 0 0 0 0 0 0 4 5 0 48 221 255 249 255 240 255 252 253 255 247 87 0 0 4 0 0 8 0 4 0 0 0 0 0 8 2 0 61 255 234 133 9 43 24 27 147 203 255 239 89 0 0 0 0 11 0 8 0 0 0 0 3 0 1 7 0 75 31 0 10 0 6 0 0 30 213 250 227 20 0 12 0 7 0 3 0 0 0 0 0 0 0 0 0 0 0 0 6 0 13 0 0 9 51 255 255 32 10 0 0 0 2 1 0 0 0 0 0 0 0 0 0 0 0 0 0 4 3 22 0 0 187 250 240 12 0 0 3 0 1 0 0 0 0 0 0 0 0 0 0 0 0 0 7 0 0 0 11 77 255 254 130 0 0 0 8 0 3 13 0 0 0 0 0 0 0 0 0 0 0 0 5 69 132 145 220 255 250 239 54 6 6 0 2 3 0 0 0 0 0 0 0 0 0 0 0 0 0 0 21 251 255 249 255 234 246 255 190 154 89 15 5 0 0 1 0 0 0 0 0 0 0 0 0 0 0 0 44 255 242 255 255 255 255 233 255 242 254 210 66 0 21 0 0 0 0 0 0 0 0 0 0 0 0 0 19 132 154 130 63 49 50 46 74 199 232 255 250 105 0 0 0 0 0 0 0 0 0 0 0 0 0 0 1 1 0 10 7 0 3 2 0 0 62 201 255 240 152 0 0 0 0 0 0 0 0 2 2 0 0 0 0 75 0 1 4 0 0 5 0 4 0 16 195 255 220 0 0 0 0 0 0 0 0 0 0 1 2 2 79 247 9 0 14 0 8 0 14 0 11 15 68 249 242 49 0 0 0 0 1 2 1 0 0 1 7 13 221 228 0 0 0 0 12 0 0 3 4 0 30 255 255 77 0 0 0 0 0 2 3 0 0 0 7 14 238 255 42 13 8 0 0 4 5 0 0 19 144 246 253 67 0 0 0 0 0 2 4 2 0 0 2 7 109 235 255 94 2 26 0 12 2 0 44 108 226 253 229 19 0 0 0 0 0 1 3 3 0 0 0 1 31 211 255 242 240 198 152 106 83 127 200 229 255 231 109 0 0 0 0 0 0 0 1 1 0 0 0 0 0 28 171 255 242 251 255 248 252 255 255 255 232 95 0 10 0 0 0 0 2 0 0 0 1 2 3 2 6 0 6 69 136 245 248 255 255 252 192 118 42 0 19 0 0 0 0 0 0 0 0 0 0 0 0 0 0 0 0 0 0 0 0 0 0 0 0 0 0 0 0 0 0 0 0 0 0 0 0 0 0 0 0 0 0 0 0 0 0 0 0 0 0 0 0 0 0 0 0 0 0 0 0 0 0 0 0 0 0 0 0 0 0 0 0 0 0 0 0 0 0 0 0 0 0 0 0 0 0 0 0 0 0 0 0 0 0 0 0 0 0 0 0 0 0 0 0 0 0 0 0 0 0 0 0 0 0 0 0 0
0 0 0 0 0 0 0 0 0 0 12 0 3 1 2 0 1 6 0 7 4 1 2 0 0 0 0 0 0 0 0 0 0 0 0 0 6 0 5 0 2 0 3 11 3 0 7 0 0 0 0 5 0 0 0 0 0 0 0 0 0 0 0 0 0 2 0 6 4 0 0 0 3 0 13 0 5 1 0 5 0 0 0 0 0 0 0 0 0 0 0 0 0 11 0 0 3 11 6 10 7 2 0 0 13 4 0 2 0 0 0 0 0 0 0 0 0 0 0 0 0 13 4 6 0 0 0 0 0 14 0 4 2 0 0 9 0 0 0 0 0 0 0 0 0 0 0 0 19 0 0 55 144 246 255 252 255 204 60 0 0 14 5 0 0 0 0 0 0 0 0 0 0 0 0 0 0 9 152 221 239 255 246 251 243 246 201 22 0 0 0 0 0 0 0 0 0 0 0 0 0 0 0 0 5 4 177 250 255 255 243 255 254 253 251 0 0 15 1 2 0 0 0 0 0 0 0 0 0 0 0 0 7 0 44 179 195 191 193 238 242 255 255 127 14 2 0 5 0 0 0 0 0 0 0 0 0 0 0 0 0 4 3 14 0 0 0 176 244 244 243 160 0 9 7 0 0 0 0 0 0 0 0 0 0 0 0 0 8 7 0 0 2 12 0 208 255 254 255 165 0 0 7 11 0 0 0 0 0 0 0 0 0 0 0 0 0 17 32 37 24 14 0 174 250 246 234 42 14 0 0 0 0 0 0 0 0 0 0 0 0 0 0 0 5 176 244 255 235 182 134 215 248 255 255 0 0 5 0 0 0 0 0 0 0 0 0 0 0 0 0 0 4 247 255 242 255 255 232 255 255 187 183 17 0 6 0 13 0 0 0 0 0 0 0 0 0 0 0 0 3 247 255 248 245 247 241 254 242 52 0 0 0 10 0 0 0 0 0 0 0 0 0 0 0 0 0 0 0 165 217 255 247 255 255 247 255 83 0 11 0 0 8 0 0 0 0 0 0 3 5 1 0 0 0 3 0 0 36 78 203 255 247 252 245 196 0 9 0 1 9 0 0 0 0 0 0 0 2 2 2 1 1 1 2 4 0 0 37 98 255 248 255 219 58 0 3 2 0 3 0 0 0 0 0 0 0 2 4 4 0 0 2 0 0 2 3 17 241 253 251 225 63 0 5 0 0 5 0 0 0 0 0 0 0 0 0 0 0 0 0 3 14 0 0 3 144 249 239 208 6 6 1 0 12 0 0 0 0 0 0 1 2 0 0 0 3 8 161 248 255 168 104 96 151 255 255 161 0 15 2 0 15 0 0 0 0 0 0 1 3 1 0 1 10 19 214 255 243 249 244 252 250 233 248 80 7 0 3 0 5 0 0 0 0 0 0 1 2 1 0 2 7 12 174 239 241 255 253 242 255 242 124 14 12 0 0 8 0 4 0 0 0 0 4 2 0 0 0 0 0 0 154 248 255 236 254 253 243 180 0 0 0 4 0 11 0 1 0 0 0 0 0 0 0 0 0 0 0 0 60 94 98 95 92 97 183 30 0 0 0 0 0 0 0 0 0 0 0 0 0 0 0 0 0 0 0 0 0 0 0 0 3 0 34 0 0 0 0 0 0 0 0 0 0 0 0 0 0 0 0 0 0 0 0 0 10 3 3 0 6 0 0 14 0 0 0 0 0 0 0 0 0 0 0 0 0 0 0 0 0 0 0 0 0 2 3 0 0 7 0 8 0 0 0 0 0 0 0 0 0 0 0 0
0 0 0 0 0 0 0 0 2 0 0 0 0 0 0 7 0 0 0 9 4 0 5 0 0 0 0 0 0 0 0 0 0 0 0 0 0 4 8 1 0 2 0 0 0 11 0 0 0 4 0 0 0 0 0 0 0 0 0 0 0 0 0 0 0 14 0 0 11 4 0 26 0 10 6 0 2 3 0 4 0 0 0 0 0 0 0 0 0 0 0 0 0 6 5 6 10 0 0 0 0 0 0 11 0 15 0 2 0 0 0 0 0 0 0 0 0 0 0 0 0 0 8 11 0 0 27 0 19 0 12 0 0 0 13 0 0 0 0 0 0 0 0 0 0 0 0 0 5 1 0 4 17 0 0 57 104 205 255 255 66 0 0 15 0 0 0 0 0 0 0 0 0 0 0 0 2 11 0 20 88 84 120 247 255 251 255 248 222 29 16 0 0 0 0 0 0 0 0 0 0 0 0 0 4 68 186 255 255 255 249 205 110 87 0 255 255 172 0 8 0 0 0 0 0 0 0 0 0 0 0 0 152 255 253 255 147 102 36 0 0 5 113 255 246 75 0 9 0 0 0 0 0 0 0 0 0 0 0 0 41 226 162 30 1 6 1 3 11 1 185 225 141 0 0 0 0 0 0 0 0 0 0 0 0 0 0 0 6 3 19 0 0 14 0 62 199 242 251 180 163 0 0 13 0 0 0 0 0 0 0 0 0 0 0 0 0 2 0 16 0 6 0 6 188 55 43 13 0 0 4 0 0 0 0 0 0 0 0 0 0 0 0 0 2 15 3 0 8 12 0 227 255 138 0 0 10 3 12 11 0 0 0 0 0 0 0 0 0 0 0 0 4 0 0 1 0 57 223 252 251 92 10 0 12 4 0 2 0 0 0 0 0 0 0 0 0 0 0 0 0 7 3 47 167 241 255 214 87 9 0 0 5 0 21 0 0 0 0 0 0 0 0 0 0 0 0 0 3 4 0 164 255 255 245 89 0 0 11 6 0 1 0 0 0 0 0 0 0 3 6 0 0 1 7 0 9 0 0 228 253 252 255 249 82 0 4 0 0 2 4 0 0 0 0 0 1 0 0 3 5 8 4 0 0 4 0 5 121 118 102 255 207 39 0 3 6 0 0 0 0 0 0 0 6 0 0 1 4 0 0 0 8 9 0 7 0 0 7 169 253 69 11 1 0 0 3 0 0 0 0 0 3 5 0 0 0 0 0 9 0 0 0 7 0 0 98 250 255 73 11 0 0 0 8 0 0 0 0 0 0 6 2 0 2 1 0 2 0 12 10 12 20 235 255 248 255 58 0 0 9 0 0 1 0 0 0 0 0 5 0 0 9 1 0 6 12 0 22 122 255 245 243 255 146 19 0 0 5 1 0 0 0 0 0 0 0 5 0 0 3 0 34 110 109 235 255 255 241 255 255 104 9 0 16 0 0 4 2 0 0 0 0 0 0 4 0 0 0 5 107 255 255 246 244 254 255 197 57 3 4 0 14 0 4 0 0 4 0 0 0 0 0 3 0 4 6 0 55 216 252 255 248 172 69 0 0 5 0 0 0 0 0 0 0 0 0 0 0 0 0 6 0 0 15 0 0 13 0 0 0 0 0 0 2 6 0 0 0 0 0 0 0 0 0 0 0 0 3 10 0 0 0 11 1 0 10 5 0 0 1 2 0 0 0 0 0 0 0 0 0 0 0 0 0 0 0 0 2 2 0 0 6 5 0 0 2 2 0 0 1 7 0 0 0 0 0 0 0 0 0 0 0 0
0 14 4 0 3 3 0 0 0 0 0 16 0 0 0 4 0 0 0 0 0 0 0 0 0 0 0 0 15 2 0 1 8 0 0 12 0 7 0 0 0 10 5 0 0 0 0 0 0 0 0 0 0 0 0 0 0 0 0 1 0 3 0 0 0 0 0 6 0 0 0 0 0 0 0 0 0 0 0 0 0 0 0 0 7 3 14 0 0 6 12 0 0 7 12 3 0 5 3 0 0 0 0 0 0 0 0 0 0 0 0 0 4 0 10 13 0 0 0 0 10 0 0 0 2 0 0 11 0 0 0 0 0 0 0 0 0 0 0 0 1 0 5 0 0 21 9 3 4 0 0 0 12 0 0 0 0 0 0 0 0 0 0 0 0 0 0 0 2 2 6 0 80 216 248 251 255 253 181 33 0 0 23 0 0 0 0 0 0 0 0 0 0 0 0 0 6 0 0 18 136 255 255 255 251 249 252 192 106 0 0 2 0 0 0 0 0 0 0 0 0 0 0 0 0 0 2 126 248 249 255 190 227 239 255 246 252 231 48 0 0 0 5 0 0 4 0 10 0 0 0 0 0 7 0 239 245 231 84 39 47 231 249 236 255 255 229 150 16 0 8 0 7 4 0 0 0 0 0 0 0 0 22 99 99 35 0 0 6 29 100 218 255 229 245 254 167 8 0 1 9 0 0 11 0 0 0 0 2 0 5 0 0 0 1 0 0 5 0 89 244 255 255 243 214 0 0 0 0 0 22 0 0 0 0 0 7 0 0 8 0 28 0 0 13 41 205 243 250 252 234 255 183 0 0 11 14 0 4 0 0 0 0 0 0 0 8 1 0 0 0 6 124 255 255 247 255 240 255 250 232 113 25 0 10 0 0 19 0 0 0 0 0 9 0 2 0 12 2 0 133 242 255 251 241 252 255 241 255 249 146 28 0 4 12 0 0 0 0 0 5 0 0 0 8 0 4 4 74 236 252 253 252 254 254 249 249 255 255 252 113 0 5 0 0 0 0 0 0 0 0 0 0 0 0 0 4 64 77 94 86 92 74 98 135 232 255 250 237 109 1 7 0 0 0 0 0 0 0 0 0 0 0 0 0 11 7 1 0 0 0 0 0 128 182 255 255 251 66 4 0 0 0 0 0 0 0 0 0 0 0 0 0 0 0 0 3 6 11 0 10 0 23 240 251 255 163 9 0 0 0 0 0 0 0 0 0 0 0 0 12 1 7 8 0 0 0 0 0 2 43 230 255 243 255 0 0 0 0 0 0 0 0 0 0 0 0 0 0 0 0 3 0 0 0 16 0 16 0 120 237 255 254 7 0 0 0 0 0 0 0 0 0 0 0 0 0 4 0 0 27 1 0 5 0 2 36 235 255 248 102 0 0 0 0 0 0 0 0 0 0 0 0 0 3 9 1 0 104 43 0 0 13 3 97 255 255 255 76 0 0 0 0 0 0 0 0 0 0 0 0 0 0 0 4 13 248 212 191 193 186 194 248 255 250 159 25 3 0 0 0 0 0 0 0 0 0 0 0 0 0 5 7 5 49 151 239 255 251 254 254 253 158 20 0 5 0 0 0 0 0 0 0 0 0 0 0 0 6 2 0 0 0 27 63 73 74 90 83 73 33 0 0 1 0 0 0 0 0 0 0 0 0 0 0 0 3 0 0 7 0 0 0 2 0 5 0 0 0 0 11 0 0 0 0 0 0 0 0 0 0 0 0 0 4 0 3 15 7 0 1 3 7 1 0 5 9 2 0 0 0 0 0 0
0 0 0 0 0 0 0 0 8 0 10 0 0 6 0 6 5 5 0 6 0 7 0 0 0 0 0 0 0 0 0 0 0 0 0 0 0 11 0 0 8 2 0 0 0 0 6 6 0 0 0 5 0 0 0 0 0 0 0 0 0 0 0 0 0 1 2 10 0 1 8 0 12 0 0 0 3 8 6 0 0 0 0 0 1 1 0 0 0 0 0 0 15 0 0 3 0 5 0 0 0 0 3 13 0 0 0 6 0 0 0 0 2 1 0 0 0 0 0 1 0 19 0 2 14 0 0 27 0 0 0 9 2 12 0 0 0 0 0 0 1 0 0 0 0 1 2 4 0 7 23 154 166 204 254 174 255 219 77 0 0 13 0 6 0 0 0 0 0 0 0 0 0 2 4 6 101 233 243 255 248 250 240 255 243 255 173 14 0 0 0 3 0 0 0 0 0 0 0 0 0 2 5 8 255 249 255 168 82 148 80 68 171 249 193 0 10 0 8 0 0 0 0 0 0 0 0 0 0 0 0 0 103 146 130 0 2 2 0 5 137 255 184 0 9 0 4 0 0 0 0 0 0 0 0 0 0 0 0 0 3 6 0 20 0 7 5 42 245 255 178 15 0 8 0 4 0 0 0 0 0 0 0 0 0 0 0 0 0 3 0 0 5 0 1 187 255 229 74 0 0 0 0 7 0 0 0 0 0 0 0 0 0 0 0 0 0 12 0 1 14 21 150 248 248 155 0 0 9 0 16 0 0 0 0 0 0 0 0 0 0 0 0 0 0 0 6 3 75 236 255 255 210 48 0 0 0 0 8 1 0 0 0 0 0 0 0 0 0 0 0 0 13 0 12 154 255 243 255 249 255 229 138 24 3 1 0 0 0 0 0 0 0 0 0 0 0 0 0 0 0 0 173 255 253 208 211 123 150 255 226 87 1 0 3 6 0 0 0 0 0 0 0 0 0 0 0 0 0 5 69 187 87 9 0 0 11 97 255 200 0 8 0 0 0 0 0 0 0 0 0 0 0 0 0 0 0 1 0 4 0 0 21 0 1 49 255 179 2 0 9 0 0 0 0 0 0 0 0 0 0 0 0 0 4 0 22 0 0 10 0 0 0 114 242 189 9 0 10 0 0 0 0 0 0 0 0 0 0 0 0 0 0 0 2 0 7 2 0 16 13 200 254 145 1 0 7 1 0 0 0 0 0 0 0 0 0 0 0 0 4 1 0 0 14 0 0 0 75 245 255 61 0 3 0 1 0 0 0 0 0 0 0 0 0 0 0 0 1 18 64 1 0 15 4 27 172 254 187 8 2 14 0 0 0 0 0 0 0 0 0 0 0 0 0 0 18 255 218 29 12 0 4 154 255 237 65 0 0 3 0 3 0 0 0 0 0 0 0 0 0 0 0 0 16 239 255 189 99 94 220 255 238 135 0 0 0 0 0 11 0 0 0 0 0 0 0 0 0 0 0 0 12 164 248 255 255 252 255 236 112 0 2 0 7 4 0 3 0 0 0 0 0 0 0 0 0 0 0 0 1 0 52 151 212 213 135 29 0 0 0 0 0 0 0 0 0 0 0 0 0 0 0 0 0 0 0 0 11 0 0 6 0 5 9 0 0 0 0 0 0 0 0 0 0 0 0 0 0 0 0 0 0 0 0 0 2 0 7 9 0 0 5 0 0 0 0 0 0 0 0 0 0 0 0 0 0 0 0 0 0 0 0 0 0 0 0 4 1 4 3 0 0 0 0 0 0 0 0 0 0 0 0 0
0 7 1 0 0 3 0 0 5 5 0 7 4 7 0 4 2 0 7 0 6 0 2 2 0 0 0 0 0 1 0 5 9 0 0 7 0 9 7 0 0 0 0 2 10 0 0 0 1 0 7 0 0 0 0 0 3 10 0 0 0 9 0 0 1 0 0 0 13 6 3 6 0 12 7 11 0 1 15 0 0 0 0 0 0 6 4 0 0 0 6 19 0 10 22 0 0 0 0 0 0 5 0 2 0 0 13 0 0 0 0 0 7 0 0 14 1 0 94 235 255 208 203 237 241 150 135 180 157 90 3 0 6 0 0 2 0 0 0 0 9 0 0 5 0 1 104 243 247 255 255 255 255 253 249 249 255 233 130 5 2 2 0 0 0 0 0 0 0 3 7 3 0 0 0 17 10 66 103 109 93 104 140 190 214 255 211 0 0 12 8 0 0 0 0 0 2 5 0 0 5 6 0 0 3 5 0 7 0 1 0 17 202 252 220 2 5 0 0 8 0 0 0 0 0 0 0 0 0 0 0 0 0 0 12 0 5 2 0 81 243 255 201 1 0 5 0 0 0 0 0 0 0 0 0 0 0 0 0 0 13 8 0 3 0 4 56 216 255 242 85 0 3 0 0 9 0 0 0 0 0 0 0 0 0 0 0 0 0 0 15 0 0 26 179 255 245 213 0 0 7 0 15 0 0 0 0 0 0 0 0 0 0 0 0 0 0 24 50 109 140 232 244 255 248 50 0 12 0 1 0 0 0 0 0 0 0 0 0 0 0 0 0 0 3 0 184 255 255 241 255 255 243 223 99 0 0 7 0 0 0 0 0 0 0 0 0 0 0 0 0 0 2 7 128 240 241 236 179 246 255 255 254 168 8 0 0 13 0 0 0 0 0 0 0 0 0 0 0 0 6 0 56 45 14 0 0 4 52 166 240 255 134 8 11 0 0 0 0 0 0 0 0 0 0 0 0 0 0 7 1 0 1 5 0 7 0 2 137 251 236 32 0 13 0 0 0 0 6 0 0 0 0 0 0 7 0 1 6 6 2 0 0 1 0 10 38 254 250 59 11 0 0 0 0 0 0 0 5 8 6 2 2 2 9 0 0 0 0 11 9 1 8 6 37 246 238 27 0 8 0 0 0 0 13 8 0 0 0 0 0 0 0 3 9 4 0 0 0 4 0 0 163 255 231 0 10 10 0 0 0 0 0 0 1 10 10 4 0 0 3 0 0 0 9 4 0 0 24 116 255 232 190 14 3 0 0 0 0 0 20 1 0 2 4 0 0 2 6 5 9 8 0 0 40 94 212 235 247 241 30 1 0 8 0 0 0 0 0 0 5 0 0 9 80 150 193 162 132 127 146 182 227 255 255 255 225 25 7 0 29 0 0 0 0 0 6 0 0 26 104 190 244 255 255 255 255 247 245 255 255 245 191 77 5 6 8 0 0 0 0 0 0 0 0 11 4 0 0 66 137 171 209 245 255 252 251 230 139 34 0 10 0 0 6 2 1 7 0 0 0 0 0 0 0 0 0 0 0 0 0 0 0 0 0 0 0 0 0 0 0 0 0 0 0 0 0 0 0 0 0 0 0 0 0 0 0 0 0 0 0 0 0 0 0 0 0 0 0 0 0 0 0 0 0 0 0 0 0 0 0 0 0 0 0 0 0 0 0 0 0 0 0 0 0 0 0 0 0 0 0 0 0 0 0 0 0 0 0 0 0 0 0 0 0 0 0 0 0 0 0 0 0 0 0 0 0 0 0 0 0 0 0 0
1 0 0 1 9 2 0 0 1 0 0 2 9 0 0 4 0 6 0 0 5 0 0 4 0 0 0 0 0 5 5 0 0 0 0 0 0 4 0 0 2 2 0 0 0 3 5 6 0 0 15 0 0 0 0 0 1 0 0 4 4 10 11 1 0 1 0 0 0 6 11 13 10 6 0 2 4 0 6 0 0 0 0 0 16 0 0 5 0 0 0 0 1 0 0 7 1 0 0 0 0 4 0 0 11 4 0 5 0 0 0 0 3 0 0 1 0 0 2 13 0 0 10 5 0 1 14 7 0 0 18 1 0 15 0 4 0 0 0 0 0 4 1 0 8 13 0 0 8 3 22 74 159 241 233 156 122 0 0 8 0 2 1 2 0 0 0 0 0 11 0 0 6 0 0 11 124 173 242 255 244 253 255 242 250 96 0 0 2 0 0 4 0 0 0 0 0 6 0 0 7 0 47 184 252 244 255 232 152 132 197 255 250 223 49 0 18 0 0 5 0 0 0 0 6 2 0 17 0 69 208 251 246 141 76 0 0 5 3 151 253 254 88 0 5 0 12 0 0 0 0 0 0 15 1 0 27 218 255 199 88 0 1 6 7 6 0 56 253 241 87 0 0 3 0 0 0 0 0 0 10 0 0 10 82 242 121 0 1 0 6 0 0 0 17 64 255 253 133 7 1 8 0 9 0 0 0 0 10 0 10 1 0 36 0 21 0 18 5 0 10 8 1 47 247 255 153 0 3 0 0 0 0 0 0 0 0 0 0 0 10 14 0 0 0 4 0 7 16 0 4 107 250 255 106 0 1 0 6 0 0 0 0 0 2 9 8 0 7 0 8 0 8 0 6 0 0 18 132 246 255 249 50 4 0 9 4 9 0 0 0 0 0 0 0 0 0 0 0 3 7 0 0 0 51 174 240 255 254 240 71 0 0 3 0 0 0 0 0 0 8 0 1 5 0 13 0 0 0 8 1 12 148 255 252 254 249 255 158 0 8 0 3 0 0 0 0 0 0 0 0 0 0 0 0 0 7 0 6 5 73 207 132 121 116 248 255 192 9 0 0 0 0 0 0 0 0 0 0 0 0 0 0 0 2 10 0 3 0 18 3 2 0 118 221 237 28 0 21 0 0 0 0 0 0 0 0 0 0 0 0 0 0 0 0 16 3 0 8 2 8 0 118 255 215 0 0 0 0 0 0 0 0 0 0 0 0 0 0 0 2 8 10 0 36 118 117 2 0 0 73 238 237 2 0 7 0 0 0 0 0 0 0 0 0 0 0 0 4 0 7 174 240 249 129 2 6 4 72 255 235 64 17 0 0 0 0 0 0 0 0 0 0 0 0 0 0 11 0 242 254 234 119 33 0 1 108 250 226 0 0 16 0 0 0 0 0 0 0 0 0 0 0 0 0 3 0 226 255 251 238 255 255 239 255 234 177 2 0 0 0 0 0 0 0 0 0 0 0 0 0 0 0 7 0 3 72 156 228 254 253 249 255 244 24 0 15 0 0 0 0 0 0 0 0 0 0 0 0 0 0 0 1 0 0 3 27 53 239 252 151 22 0 7 0 0 0 0 0 0 0 0 0 0 0 0 0 0 0 0 1 2 0 0 0 8 0 8 0 0 7 7 0 7 0 0 0 0 0 0 0 0 0 0 0 0 0 0 0 2 4 0 0 0 14 10 0 2 7 0 0 4 0 0 0 0 0 0 0 0 0 0 0 0 3 0 0 0 2 4 2 0 0 0 0 0 0 1 4 0 0 0 0 0
6 1 2 0 0 1 3 0 3 4 0 0 4 1 0 1 0 0 1 4 1 0 0 3 0 0 0 0 0 0 0 2 0 2 7 4 0 2 3 2 5 0 0 4 6 4 0 0 2 6 0 0 0 0 0 0 7 4 3 4 1 0 0 0 3 7 0 0 0 0 0 8 0 0 4 0 0 0 10 15 0 0 0 0 0 0 0 0 3 8 3 1 0 5 2 1 10 9 0 0 0 0 1 6 9 6 0 0 0 0 0 0 0 4 0 0 2 5 0 0 0 2 2 0 0 0 0 8 2 0 0 0 0 0 0 12 0 0 0 0 2 13 5 0 0 0 0 20 26 120 221 255 255 193 122 84 9 3 4 10 8 0 0 3 0 0 0 0 0 0 0 2 4 0 54 156 207 242 255 255 252 247 245 252 207 139 45 0 0 4 9 0 0 0 0 0 7 1 0 8 4 0 101 255 253 255 240 227 240 255 255 255 255 249 185 82 11 0 1 0 0 0 0 0 1 0 13 0 2 0 10 215 169 138 3 11 75 131 237 249 252 255 255 237 13 13 1 0 0 0 0 0 2 0 6 0 8 10 0 50 2 6 8 0 10 14 4 97 248 246 249 255 11 0 7 8 0 0 0 0 3 0 6 0 0 8 0 0 5 0 1 0 3 8 132 227 255 232 255 153 0 0 0 0 0 0 0 0 7 0 1 7 0 0 12 6 3 7 0 11 4 0 218 255 249 245 240 52 5 18 0 9 0 0 0 0 4 4 0 5 9 0 2 3 0 11 75 129 224 233 254 237 255 220 57 7 0 0 0 0 0 0 0 0 0 12 0 0 7 0 0 0 11 95 255 255 250 255 250 255 198 85 0 6 6 8 17 0 0 0 0 0 0 4 8 0 0 0 0 9 0 69 227 254 236 255 255 230 85 0 12 0 4 0 0 0 0 0 0 0 11 0 0 7 0 2 0 0 5 0 11 0 101 246 244 255 254 104 5 0 3 0 0 9 0 0 0 0 3 0 6 4 0 0 0 5 1 0 7 0 0 115 239 251 253 192 21 5 0 14 0 0 0 0 0 0 2 10 0 0 4 18 0 0 0 0 6 5 0 7 99 246 253 248 171 9 4 0 3 8 0 0 0 0 0 0 0 12 0 6 0 5 10 0 0 0 9 0 0 107 254 255 247 119 0 1 0 2 0 0 0 0 4 6 1 0 6 176 219 161 7 0 17 10 0 11 1 6 201 255 252 224 21 4 0 4 0 0 0 0 3 0 0 2 12 178 237 205 42 1 9 0 0 7 10 0 33 237 250 251 128 1 0 0 0 0 0 0 0 0 0 20 0 0 1 73 18 138 193 144 68 4 0 11 65 235 239 255 150 0 9 0 0 0 0 0 8 9 0 0 0 3 0 25 93 255 255 235 247 228 224 245 239 255 242 234 46 0 9 8 0 0 0 0 0 0 14 5 0 1 12 15 80 205 195 211 255 248 224 204 175 245 252 161 0 7 0 4 0 0 0 0 0 0 0 0 0 0 0 0 0 7 0 22 103 98 28 0 101 236 218 64 0 11 7 0 0 0 0 0 0 0 0 0 0 0 0 0 0 10 0 0 14 6 0 4 0 21 7 0 0 0 0 4 0 0 0 0 0 0 0 0 0 0 0 0 1 10 4 0 0 0 0 8 6 0 0 2 18 6 0 15 0 0 0 0 0 0 0 0 0 0 0 0 0 0 0 1 6 9 6 0 0 3 7 2 0 0 0 0 0 0 0 0
0 5 14 0 0 4 1 0 8 0 0 0 0 0 2 0 0 0 0 0 0 0 0 0 0 0 0 0 10 0 0 0 14 0 12 6 0 0 8 5 1 3 2 0 0 0 0 0 0 0 0 0 0 0 0 0 0 2 8 7 10 0 0 0 12 9 0 0 0 0 0 0 0 0 0 0 0 0 0 0 0 0 0 0 7 5 0 1 0 10 5 2 2 0 0 4 20 5 0 6 0 0 0 0 0 0 0 0 0 0 0 0 4 0 5 0 0 0 0 8 3 4 0 0 0 0 0 8 0 0 0 0 0 0 0 0 0 0 0 0 5 0 18 0 17 14 23 6 0 1 9 0 0 18 20 0 0 0 0 0 0 0 0 0 0 0 0 0 5 0 0 70 178 236 255 240 190 151 112 49 0 0 5 0 0 0 0 0 0 0 0 0 0 0 0 0 0 15 0 236 248 210 212 245 234 229 255 233 98 7 3 2 0 0 0 0 0 0 0 0 0 0 0 0 4 0 14 55 55 14 0 4 0 36 253 246 106 0 0 8 8 0 0 0 9 0 0 3 0 0 0 0 7 0 0 8 8 0 0 7 8 176 255 188 16 22 0 0 0 16 0 4 8 0 14 0 0 0 0 0 0 0 0 0 0 0 0 0 33 245 239 12 1 0 4 16 0 7 0 0 0 0 0 0 0 0 0 0 0 3 7 3 3 7 3 0 29 246 243 206 149 144 30 0 0 1 2 0 5 14 3 7 0 0 0 0 3 1 0 0 0 0 1 3 0 50 168 238 255 236 255 186 104 110 100 32 0 0 0 3 0 0 0 0 3 0 0 0 0 0 0 3 10 0 10 47 94 113 214 255 248 255 231 229 146 11 11 2 0 0 0 0 0 0 2 5 5 2 0 0 0 11 0 0 17 4 4 57 155 103 232 255 251 181 0 0 0 0 0 0 0 4 2 0 0 2 4 0 11 0 0 12 0 0 4 1 0 8 31 149 255 241 131 0 0 0 0 0 0 0 0 0 0 0 0 0 7 0 17 5 12 0 0 1 0 0 1 9 112 248 166 0 0 0 0 0 0 0 0 0 0 0 0 0 7 9 0 201 8 22 3 0 0 7 13 0 17 255 241 10 0 0 0 0 0 0 0 0 0 0 0 0 0 6 27 225 232 35 0 13 9 0 7 48 170 251 162 0 0 0 0 0 0 0 0 0 0 0 0 0 0 8 19 175 251 255 177 145 106 179 168 239 255 226 44 9 0 0 0 0 0 0 0 0 0 0 0 0 13 0 0 20 90 218 255 249 255 251 255 255 219 61 0 6 0 0 0 0 0 0 0 0 0 0 0 0 0 20 0 0 9 34 76 176 210 170 73 46 0 11 7 0 0 0 0 0 0 0 0 0 0 0 0 0 0 6 0 4 0 1 5 0 22 3 0 12 19 0 0 3 0 0 0 0 0 0 0 0 0 0 0 0 7 0 0 8 0 7 0 1 0 3 0 11 0 0 9 0 0 0 0 0 0 0 0 0 0 0 0 0 0 0 0 0 0 0 0 0 0 0 0 0 0 0 0 0 0 0 0 0 0 0 0 0 0 0 0 0 0 0 0 0 0 0 0 0 0 0 0 0 0 0 0 0 0 0 0 0 0 0 0 0 0 0 0 0 0 0 0 0 0 0 0 0 0 0 0 0 0 0 0 0 0 0 0 0 0 0 0 0 0 0 0 0 0 0 0 0 0 0 0 0 0 0 0 0 0 0 0 0 0 0 0 0
0 6 0 0 3 0 0 0 6 6 1 0 0 1 1 0 0 1 1 2 6 0 0 5 0 0 0 0 1 0 0 3 2 0 0 0 0 0 1 6 7 6 7 10 0 6 0 0 0 0 0 2 0 0 0 0 5 0 0 5 0 0 0 2 1 1 1 0 0 0 0 0 0 0 0 0 7 10 2 0 0 0 0 0 8 0 0 0 0 6 3 0 0 3 6 3 3 8 8 4 6 5 0 0 0 0 0 5 0 0 0 0 5 0 4 0 0 7 0 0 12 0 0 0 4 0 0 0 0 0 0 6 9 0 0 5 0 0 0 0 0 0 8 0 0 0 0 25 161 253 255 239 239 255 223 112 108 68 14 0 5 12 3 0 0 0 0 0 0 0 8 0 1 0 19 138 255 246 244 255 255 251 247 251 255 222 110 3 0 0 3 0 0 0 0 0 4 0 4 0 3 0 63 252 253 233 217 215 215 216 230 248 236 255 232 102 10 0 2 0 0 0 0 0 0 10 0 0 6 5 184 255 109 85 1 0 4 3 20 104 170 255 243 247 0 0 3 3 0 0 0 0 0 7 0 0 3 0 97 131 0 3 1 7 0 0 0 0 0 220 249 253 12 11 0 0 0 0 0 0 1 2 0 6 0 0 16 14 5 2 10 0 0 0 12 6 32 215 254 255 0 0 8 8 0 0 0 0 3 0 0 7 0 9 0 0 0 0 14 24 48 56 116 181 215 255 255 246 12 12 2 0 0 0 0 0 2 0 1 7 0 17 1 3 12 4 131 234 255 246 250 253 245 255 244 155 6 0 0 21 0 0 0 0 0 0 2 8 0 6 0 3 2 0 168 255 241 242 255 255 255 140 56 5 0 21 0 6 0 0 0 0 0 0 0 8 0 0 0 0 6 0 67 170 216 255 251 241 247 113 7 0 0 5 1 0 0 0 0 0 3 0 0 7 2 0 6 0 0 6 0 1 28 65 101 255 255 247 88 16 0 0 0 9 0 0 0 0 0 15 0 4 2 0 0 6 6 0 0 0 0 0 31 190 248 255 240 53 6 0 2 0 0 0 0 0 0 0 7 1 0 12 0 5 0 0 12 9 0 12 1 0 253 241 255 254 9 0 16 0 0 0 0 0 2 0 9 0 0 0 18 34 2 14 1 0 12 6 0 15 116 236 255 254 112 0 0 10 0 0 0 0 0 8 0 11 10 8 154 195 0 0 7 0 0 2 12 0 0 116 220 255 151 0 2 0 0 0 0 0 5 12 0 4 0 0 167 255 145 36 0 9 11 0 0 7 0 9 180 255 209 1 7 5 0 0 0 0 4 0 6 7 0 15 133 254 252 213 87 1 1 0 0 0 11 0 180 255 252 35 4 0 0 0 0 0 8 0 5 0 0 0 24 103 250 254 245 217 142 87 86 66 77 199 223 255 255 128 0 22 0 0 0 0 0 12 0 7 5 0 0 10 127 223 241 243 255 248 246 253 245 253 222 147 74 7 7 0 0 0 0 0 0 0 0 0 0 0 0 0 0 8 65 111 178 242 250 255 255 233 87 0 0 0 3 10 0 0 0 0 0 0 0 0 0 0 0 0 3 0 8 0 0 13 0 0 0 17 0 0 9 3 0 0 0 0 0 0 0 0 0 0 0 0 0 0 0 0 4 0 0 7 5 10 0 18 8 5 6 0 2 5 0 0 0 0 0 0 0 0 0 0 0 0 2 6 10 1 0 0 0 0 4 0 0 0 0 0 3 3 0 0 0 0
0 0 0 0 0 0 0 0 2 1 0 0 4 0 0 6 0 1 0 9 6 0 1 0 0 0 0 0 0 0 0 0 0 0 0 0 0 7 0 0 0 4 0 0 0 19 0 0 0 0 0 5 0 0 0 0 0 0 0 0 0 0 0 0 5 15 0 4 0 14 0 2 0 0 9 3 4 5 0 0 0 0 0 0 0 0 0 0 0 0 0 0 0 0 4 2 17 0 0 8 13 0 10 0 0 0 0 0 0 0 0 0 0 0 0 0 0 0 0 0 0 15 0 0 0 30 44 76 138 146 85 0 10 0 0 16 0 0 0 0 0 0 0 0 0 0 0 0 0 13 0 15 86 226 255 255 255 250 255 185 64 0 27 0 0 0 0 0 0 0 0 0 0 0 0 0 0 0 23 0 140 158 200 138 142 229 255 255 227 31 0 7 0 0 0 0 0 0 0 0 0 0 0 0 1 4 2 0 6 0 0 6 8 0 78 238 250 47 12 0 0 0 0 0 0 0 0 0 0 0 0 0 0 0 0 0 18 0 3 1 3 0 4 146 250 186 0 8 0 0 0 0 0 0 0 0 0 0 0 0 12 0 2 7 0 0 0 0 0 11 75 246 254 106 10 0 0 0 0 0 0 0 0 0 0 0 0 0 0 0 0 0 0 25 0 9 0 145 246 249 217 31 7 0 0 0 0 0 0 0 0 0 0 0 0 0 5 7 92 104 67 135 159 152 233 246 255 211 70 0 3 0 0 0 0 0 0 0 0 0 0 0 0 0 2 110 251 248 246 255 248 255 245 252 238 236 27 14 0 2 0 0 0 0 0 0 0 0 0 0 0 0 12 80 231 255 251 255 255 226 150 229 253 247 108 2 0 22 0 0 0 0 0 0 0 0 0 0 0 0 0 3 4 0 14 19 7 2 0 0 184 255 214 26 7 0 0 0 0 0 0 0 0 0 0 0 0 0 3 5 0 10 0 0 0 0 0 57 251 255 241 114 0 7 0 0 0 0 2 0 0 10 3 9 0 5 0 6 0 0 6 3 0 4 25 205 255 249 255 47 0 7 0 0 0 0 0 13 8 0 0 9 0 0 0 2 8 0 0 0 11 0 34 182 255 249 107 11 9 0 0 0 0 0 0 4 2 0 0 16 3 8 7 0 0 0 18 0 5 38 221 255 249 199 5 0 12 0 0 0 0 0 6 0 24 58 17 4 0 0 0 13 0 0 105 164 200 224 247 255 129 0 0 15 0 9 0 0 0 0 12 3 125 255 227 167 74 0 2 6 68 158 244 248 251 255 226 73 14 16 15 0 0 3 0 0 0 0 0 0 121 241 243 255 247 226 255 232 251 255 243 255 213 93 6 2 0 0 4 20 3 8 0 0 0 0 13 0 1 84 175 255 250 250 249 243 248 220 85 36 14 0 0 5 9 12 0 0 0 0 0 0 0 0 0 15 0 0 9 24 30 118 142 153 68 20 0 15 0 4 2 0 0 0 8 0 9 0 0 0 0 0 0 0 0 0 0 0 0 0 0 0 0 0 0 0 0 0 0 0 0 0 0 0 0 0 0 0 0 0 0 0 0 0 0 0 0 0 0 0 0 0 0 0 0 0 0 0 0 0 0 0 0 0 0 0 0 0 0 0 0 0 0 0 0 0 0 0 0 0 0 0 0 0 0 0 0 0 0 0 0 0 0 0 0 0 0 0 0 0 0 0 0 0 0 0 0 0 0 0 0 0 0 0 0 0 0 0 0 0 0 0 0 0
0 0 0 0 0 0 0 0 6 0 0 0 4 0 6 4 0 11 0 0 9 0 0 8 0 0 0 0 0 0 0 0 0 0 0 0 0 11 20 3 0 0 0 0 5 0 14 0 0 3 26 0 0 0 0 0 0 0 0 0 0 0 0 0 0 0 0 0 0 5 4 6 8 0 0 10 6 0 0 13 0 0 0 0 0 0 0 0 0 0 0 0 5 7 0 3 6 0 5 0 0 8 0 8 0 23 0 2 0 0 0 0 0 0 0 0 0 0 0 0 7 0 7 160 164 59 142 255 255 211 146 89 5 0 3 0 0 0 0 0 0 0 0 0 0 0 0 0 0 2 35 193 255 246 255 247 248 251 255 255 198 11 4 11 0 0 0 0 0 0 0 0 0 0 0 0 6 0 0 22 29 20 31 41 33 134 166 246 253 48 0 1 0 0 0 0 0 0 0 0 0 0 0 0 4 0 10 0 0 20 0 0 0 10 0 231 250 76 1 0 0 0 0 0 0 0 0 0 0 0 0 0 8 0 3 2 0 3 2 1 3 0 169 245 227 9 10 0 0 0 0 0 0 0 0 0 0 0 0 0 0 0 2 0 8 0 0 0 0 179 226 245 189 0 0 12 0 0 0 0 0 0 0 0 0 0 0 0 9 0 1 21 53 8 8 20 163 255 196 68 0 0 5 0 0 0 0 0 0 0 0 0 0 0 0 0 0 20 152 214 250 205 193 197 255 201 35 0 13 0 8 12 0 0 0 0 0 0 0 0 0 0 0 0 0 41 237 255 255 246 252 255 253 75 12 6 0 6 0 0 0 0 0 0 0 0 0 0 0 0 0 0 9 19 195 255 247 217 199 209 252 251 44 0 2 0 7 1 0 0 0 0 0 0 0 0 0 0 0 0 10 0 14 58 62 18 6 29 237 244 124 13 0 1 0 2 0 0 0 0 0 0 0 0 0 0 0 0 0 31 0 0 6 0 2 6 155 254 245 37 7 0 9 0 0 0 0 0 0 8 0 0 7 0 13 0 0 15 6 0 2 4 0 3 44 246 244 35 0 10 0 10 0 0 0 0 19 4 0 11 3 12 0 2 15 0 0 14 3 1 6 0 0 242 255 57 0 0 20 0 0 0 0 0 0 5 3 1 0 0 15 7 5 0 1 4 0 0 7 5 108 255 228 36 27 0 3 8 0 0 0 0 1 0 4 5 0 170 86 0 3 5 0 0 20 12 5 30 237 243 241 37 0 13 0 4 0 0 0 0 8 2 0 0 60 234 244 26 0 9 8 0 0 0 64 174 254 252 75 8 15 0 4 0 0 0 0 0 0 0 11 8 0 217 255 200 49 30 25 30 65 163 250 255 227 71 0 0 0 11 0 8 0 0 0 0 11 7 0 0 8 87 237 255 250 255 255 251 246 255 252 176 42 19 6 0 3 13 0 0 0 0 0 0 0 7 0 3 0 5 109 222 255 255 245 255 253 172 70 29 8 0 0 11 2 0 10 0 0 0 0 0 0 0 0 0 0 0 0 0 0 0 0 0 0 0 0 0 0 0 0 0 0 0 0 0 0 0 0 0 0 0 0 0 0 0 0 0 0 0 0 0 0 0 0 0 0 0 0 0 0 0 0 0 0 0 0 0 0 0 0 0 0 0 0 0 0 0 0 0 0 0 0 0 0 0 0 0 0 0 0 0 0 0 0 0 0 0 0 0 0 0 0 0 0 0 0 0 0 0 0 0 0 0 0 0 0 0 0 0 0 0 0 0
0 0 0 0 0 0 0 0 5 1 0 0 0 0 1 0 0 9 3 0 0 1 0 7 0 0 0 0 0 0 0 0 0 0 0 0 0 0 3 6 5 1 0 0 0 0 0 7 15 3 0 0 0 0 0 0 0 0 0 0 0 0 0 0 0 1 0 0 0 0 6 13 0 12 5 0 0 3 4 0 0 0 0 0 0 0 0 0 0 0 0 0 0 0 2 3 1 0 0 0 0 0 0 1 12 0 0 12 0 0 0 0 0 0 0 0 0 0 0 0 0 0 0 3 6 8 9 8 9 8 9 0 7 0 0 0 0 0 0 0 0 0 0 0 0 0 0 0 5 3 1 0 0 0 0 0 0 0 0 0 26 0 4 5 0 0 0 0 0 0 0 0 0 0 0 0 0 1 8 6 0 0 2 10 15 28 133 217 226 74 0 0 0 0 0 0 0 0 0 0 0 0 0 0 6 2 0 0 12 70 150 209 235 255 251 138 71 0 2 0 0 0 0 0 0 3 0 0 0 0 142 238 201 132 150 149 247 239 251 255 236 153 51 2 1 0 0 4 0 0 0 0 8 7 0 0 2 11 130 203 209 232 229 203 145 252 248 137 34 1 0 4 0 0 3 0 0 0 0 0 0 4 0 3 1 0 3 6 0 24 29 0 124 242 69 1 1 0 0 4 0 8 14 0 0 0 0 0 0 0 0 7 15 4 13 1 20 0 0 13 78 236 45 4 10 8 9 3 0 0 2 0 0 0 0 0 8 11 0 0 0 0 0 0 0 16 0 0 14 223 232 89 9 0 0 1 7 0 0 7 0 0 0 0 0 1 2 11 2 7 2 4 11 5 5 0 6 30 159 254 202 60 3 10 0 3 26 0 0 0 0 0 2 2 0 0 0 0 0 3 0 0 8 18 0 14 0 40 200 228 97 0 25 11 0 8 0 0 0 0 2 0 0 8 0 13 0 6 7 11 0 0 14 0 3 4 0 170 248 122 0 0 17 0 0 0 0 0 0 0 0 1 1 0 0 0 0 7 7 0 0 0 0 4 11 0 155 241 52 0 0 6 0 0 0 0 0 0 1 1 0 0 0 0 1 0 0 0 7 11 0 1 0 17 120 255 48 9 18 0 0 0 0 0 1 1 1 0 0 0 0 0 0 17 3 0 0 5 0 4 6 0 128 243 23 0 0 12 0 0 0 0 2 2 1 0 0 0 0 0 0 0 0 9 1 9 0 3 0 80 215 140 14 10 0 0 0 0 0 0 2 2 0 0 0 0 0 0 8 16 0 0 0 5 2 15 94 240 215 33 7 0 7 6 0 0 0 0 2 1 0 0 0 0 1 2 4 0 0 12 0 0 93 239 255 147 35 0 16 1 0 0 0 0 0 0 0 0 0 0 0 0 2 4 0 6 1 0 100 200 232 182 101 0 12 16 0 8 0 13 0 0 0 0 0 0 0 0 0 1 4 5 62 99 178 201 224 129 55 0 0 9 0 0 5 0 2 0 0 0 0 0 0 0 4 0 3 90 164 251 255 214 132 56 10 0 0 7 0 0 0 0 0 0 0 0 0 0 0 0 0 15 0 0 65 194 156 68 30 18 3 0 0 0 0 0 0 0 0 0 0 0 0 0 0 0 0 0 0 0 0 0 0 5 0 6 0 0 0 5 11 12 8 4 0 0 0 0 0 0 0 0 0 0 0 0 13 0 0 9 5 0 0 0 7 2 0 0 0 0 0 0 0 0 0 0 0 0 0 0 0 0 0 0
0 0 0 0 0 0 0 0 8 0 0 10 0 3 0 8 0 0 9 6 0 0 0 0 0 0 0 0 0 0 0 0 0 0 0 0 2 0 3 9 0 9 14 0 10 0 0 0 3 10 9 1 0 0 0 0 0 0 0 0 0 0 0 0 0 0 0 3 0 0 2 3 2 12 18 3 0 0 5 0 0 0 0 0 0 0 0 0 0 0 0 0 3 11 0 0 20 1 0 4 0 0 0 0 8 6 6 0 0 0 0 0 0 0 0 0 0 0 0 0 0 0 8 48 116 203 243 255 255 155 13 0 9 0 0 10 0 0 0 0 0 0 0 0 0 0 0 0 0 13 182 255 235 237 230 217 240 228 91 0 6 0 0 0 0 0 0 0 0 0 0 0 0 0 0 0 4 56 255 196 112 36 3 1 157 255 155 4 0 0 10 13 0 0 0 0 0 0 0 0 0 0 0 0 0 108 246 11 0 0 0 8 159 255 130 0 6 0 0 0 0 0 0 0 0 0 0 0 0 0 0 0 10 45 241 21 6 0 0 50 223 245 71 8 0 0 0 0 0 0 0 0 0 0 0 0 0 0 0 0 0 6 29 64 0 9 35 203 250 164 15 0 4 10 9 0 0 0 0 0 0 0 0 0 0 0 0 0 0 16 2 1 37 102 195 248 252 113 7 0 10 0 0 0 0 0 0 0 0 0 0 0 0 0 0 0 0 0 0 3 115 241 255 250 246 248 188 43 0 13 9 0 0 0 0 0 0 0 0 0 0 0 0 0 20 2 0 11 61 151 92 73 134 201 255 197 24 0 0 11 0 0 0 0 0 0 0 0 0 0 0 0 0 1 0 0 0 7 6 0 0 52 193 255 68 0 10 0 0 0 0 0 0 0 0 0 0 0 0 0 3 14 0 20 0 0 0 19 14 0 71 255 165 0 0 16 0 0 0 0 0 0 0 0 0 0 0 0 0 1 1 0 1 12 0 0 0 1 0 202 241 28 0 4 0 0 0 0 2 0 4 10 0 0 0 55 0 5 9 0 0 7 1 3 1 2 0 196 255 38 0 0 0 0 0 0 1 0 0 0 0 10 55 233 255 198 93 11 16 0 3 0 0 5 12 215 248 38 5 0 0 0 0 0 2 5 2 0 0 0 33 255 230 168 172 29 0 3 0 3 12 0 139 255 158 27 0 1 0 0 0 0 0 0 3 0 13 4 11 209 255 21 7 3 17 25 0 6 0 52 249 230 38 5 0 13 0 0 0 0 5 0 1 0 0 16 4 107 249 130 7 4 0 0 3 17 109 253 240 108 0 0 0 1 0 0 0 0 0 0 4 0 0 6 0 22 245 255 93 7 0 50 105 192 255 255 125 15 2 12 0 0 0 0 0 0 0 5 0 7 1 13 5 13 125 255 255 167 177 255 246 253 193 56 9 0 0 8 0 6 0 0 0 0 0 18 0 0 4 0 0 2 10 74 142 237 255 203 143 67 14 0 0 7 7 0 12 0 0 0 0 0 0 0 0 0 0 0 0 0 0 0 0 0 0 0 0 0 0 0 0 0 0 0 0 0 0 0 0 0 0 0 0 0 0 0 0 0 0 0 0 0 0 0 0 0 0 0 0 0 0 0 0 0 0 0 0 0 0 0 0 0 0 0 0 0 0 0 0 0 0 0 0 0 0 0 0 0 0 0 0 0 0 0 0 0 0 0 0 0 0 0 0 0 0 0 0 0 0 0 0 0 0 0 0 0 0 0 0 0 0 0 0 0
