0 0 0 0 0 0 0 0 1 1 1 0 0 0 0 0 2 2 1 0 1 3 2 0 0 0 0 0 0 0 0 0 0 0 0 0 1 1 1 0 0 0 0 0 0 2 0 0 0 12 9 0 0 0 0 0 0 0 0 0 0 0 0 0 1 1 0 0 0 0 0 0 0 0 6 7 0 0 0 7 0 0 0 0 0 0 0 0 0 0 0 0 0 0 0 0 0 0 0 0 8 0 0 1 9 7 3 2 0 0 0 0 0 0 0 0 0 0 0 0 0 0 0 0 0 0 0 0 0 9 7 0 0 1 0 0 0 0 0 0 0 0 0 0 0 0 0 0 0 0 0 0 0 0 1 1 0 0 4 7 2 0 5 16 0 0 0 0 0 0 0 0 0 0 0 0 0 0 0 0 0 1 1 1 5 4 1 0 0 0 0 0 0 0 0 0 0 0 0 0 0 0 0 0 0 0 0 0 0 1 1 1 107 209 223 102 0 0 11 0 0 0 0 0 0 0 0 0 0 0 0 0 0 5 0 8 5 0 99 229 252 190 184 178 0 4 0 0 0 0 0 0 0 0 0 0 0 0 0 0 0 5 28 0 31 195 242 176 29 2 148 211 0 0 0 12 0 0 0 0 0 0 0 0 0 0 0 0 0 0 0 105 219 208 38 0 0 27 239 222 9 19 0 0 0 0 0 0 0 0 0 0 0 0 0 0 11 14 89 255 127 0 14 0 41 229 255 158 0 0 0 20 0 0 0 0 0 0 0 0 0 0 0 0 0 0 253 155 4 3 21 178 255 230 231 4 0 5 10 1 0 0 0 0 0 0 0 0 0 0 0 0 0 11 237 17 31 186 236 199 116 255 61 17 8 0 0 0 0 0 0 0 0 0 0 0 0 0 0 0 5 2 255 233 255 223 110 21 206 208 8 0 0 0 13 0 0 0 0 0 0 0 0 0 0 0 0 0 0 10 89 130 109 39 0 78 250 31 0 3 0 9 0 6 0 0 0 0 0 0 0 0 0 0 0 0 0 0 0 9 0 4 9 216 219 29 0 3 0 13 0 3 0 0 0 0 0 0 0 0 0 0 0 0 0 2 4 0 0 0 136 254 99 0 0 4 0 4 0 6 0 0 0 0 0 0 0 0 0 0 0 0 1 0 0 0 6 63 250 181 9 0 4 7 0 0 0 0 0 0 0 0 0 0 0 0 0 0 0 0 3 0 0 4 12 173 240 49 0 2 1 1 0 1 4 0 0 0 0 0 0 0 0 0 0 0 0 0 1 3 4 0 70 233 128 0 0 5 0 0 0 0 7 0 0 0 0 0 0 0 0 0 0 0 0 0 0 0 0 19 188 213 22 4 0 2 0 2 0 0 2 3 0 0 0 0 0 0 0 0 0 0 0 0 0 0 0 124 236 106 0 0 5 0 8 7 0 0 0 0 0 0 0 0 0 0 0 0 0 0 0 0 1 0 17 230 185 0 18 0 4 0 3 0 0 10 5 0 0 0 0 0 0 0 0 0 0 0 0 0 2 7 85 235 91 6 8 2 0 0 0 0 0 0 0 0 0 0 0 0 0 0 0 0 0 0 0 0 0 0 191 250 24 0 0 0 0 0 0 0 0 0 0 0 0 0 0 0 0 0 0 0 0 0 0 0 14 0 172 172 0 9 19 4 0 0 0 0 0 0 0 0 0 0 0 0 0 0 0 0 0 0 0 0 3 0 4 15 0 0 2 0 0 0 0 0 0 0 0 0 0 0 0 0
0 0 0 0 0 0 0 0 3 2 0 0 0 6 5 1 5 0 0 0 0 1 6 0 0 0 0 0 0 0 0 0 0 0 0 0 0 0 3 8 3 0 0 0 0 3 15 16 3 0 0 0 0 0 0 0 0 0 0 0 0 0 0 0 11 0 0 0 3 3 6 13 0 0 0 0 0 0 3 12 0 0 0 0 0 0 0 0 0 0 0 0 3 0 0 1 3 0 0 0 11 10 4 1 6 4 0 0 0 0 0 0 0 0 0 0 0 0 0 0 0 5 9 0 0 0 6 5 0 0 0 0 2 1 0 2 0 0 0 0 0 0 0 0 0 0 0 0 4 4 0 0 0 6 5 0 0 7 4 0 7 0 0 4 0 0 0 0 0 0 0 0 0 0 0 0 2 0 0 8 7 0 0 8 0 7 0 0 12 9 0 4 0 0 0 0 0 0 0 0 0 0 0 0 2 0 6 5 0 5 95 196 255 201 81 2 0 0 0 3 0 0 0 0 0 0 0 0 0 0 0 0 2 7 0 0 32 177 244 250 255 250 134 12 0 4 0 3 0 0 0 0 0 0 0 0 0 0 0 0 0 0 28 20 226 255 243 124 69 60 45 14 0 5 4 1 0 0 0 0 0 0 0 0 0 0 0 0 2 0 67 227 255 202 74 0 0 104 243 229 30 0 0 8 0 0 0 0 0 0 0 0 0 0 0 0 3 53 247 255 164 19 2 18 178 221 255 198 0 6 0 0 0 0 0 0 0 0 0 0 0 0 0 0 0 101 243 190 36 9 35 206 245 255 247 131 7 2 2 3 0 0 0 0 0 0 0 0 0 0 0 0 12 127 255 92 56 188 245 237 193 255 214 26 0 0 13 0 0 0 0 0 0 0 0 0 0 0 0 0 0 43 236 249 255 254 204 73 149 246 154 2 0 0 10 0 0 0 0 0 0 0 0 0 0 0 0 0 0 0 74 186 167 80 13 5 247 250 39 6 0 17 0 10 0 0 0 0 0 0 0 0 0 0 0 0 0 7 0 0 7 0 0 90 250 139 15 0 0 2 7 3 0 0 0 0 0 0 0 0 0 0 0 0 0 0 12 0 7 1 30 131 148 14 0 6 9 3 0 0 0 0 0 0 0 0 0 0 0 0 0 0 6 0 10 1 0 0 97 238 156 0 0 2 0 0 0 6 0 0 0 0 0 0 0 0 0 0 0 0 2 0 4 0 0 21 189 255 83 0 7 0 0 4 5 0 0 0 0 0 0 0 0 0 0 0 0 0 0 16 4 0 3 77 251 180 0 0 0 0 0 6 0 0 0 0 0 0 0 0 0 0 0 0 0 0 0 10 0 7 4 89 255 133 0 20 0 3 0 0 0 11 0 0 0 0 0 0 0 0 0 0 0 0 4 0 0 13 0 120 253 103 0 0 1 9 7 3 0 2 0 0 0 0 0 0 0 0 0 0 0 0 6 0 4 0 3 199 255 27 16 0 20 0 0 8 2 0 0 0 0 0 0 0 0 0 0 0 0 0 0 9 0 0 61 255 160 6 0 0 0 0 0 0 0 0 0 0 0 0 0 0 0 0 0 0 0 0 0 3 0 10 58 254 206 0 0 0 0 0 0 0 0 0 0 0 0 0 0 0 0 0 0 0 0 0 15 0 0 9 0 158 244 66 0 0 0 0 0 0 0 0 0 0 0 0 0 0 0 0 0 0 0 0 0 22 1 1 5 5 18 0 0 0 0 0 0 0 0 0 0 0 0 0
0 0 0 0 0 0 0 0 3 0 3 0 0 1 0 11 0 0 0 11 7 0 9 0 0 0 0 0 0 0 0 0 0 0 0 0 3 4 0 0 7 8 7 0 8 12 0 0 0 0 11 0 0 0 0 0 0 0 0 0 0 0 0 0 0 2 1 0 0 0 3 7 0 7 0 0 1 0 0 0 0 0 0 0 0 0 0 0 0 0 0 0 16 0 8 3 3 7 0 10 0 0 0 6 11 0 0 7 0 0 0 0 0 0 0 0 0 0 0 0 0 0 4 5 1 0 0 0 12 1 0 0 4 3 0 2 0 0 0 0 0 0 0 0 0 0 0 0 0 24 0 0 0 0 28 0 0 0 13 2 0 4 5 0 0 0 0 0 0 0 0 0 0 0 0 0 13 0 0 94 220 255 160 56 26 0 13 14 0 0 3 0 0 0 0 0 0 0 0 0 0 0 0 0 0 31 193 142 38 24 47 239 149 14 0 5 1 5 0 0 0 0 0 0 4 0 0 0 0 0 7 0 37 235 117 8 0 18 0 17 205 81 0 0 0 2 0 4 0 0 0 0 0 0 1 2 0 0 0 5 202 141 5 17 0 0 20 0 172 213 16 8 2 0 0 2 0 0 0 0 0 0 2 1 0 0 0 42 248 50 2 1 0 0 9 0 220 249 92 1 3 0 4 0 0 0 0 0 2 0 0 0 0 2 3 103 214 0 8 0 0 5 0 14 234 236 122 0 0 1 10 0 0 0 0 0 1 0 1 0 0 4 1 156 137 0 0 9 0 9 13 0 201 255 66 0 0 8 1 0 0 0 0 0 0 0 4 0 3 4 0 193 90 3 2 13 0 0 0 79 251 225 17 0 4 1 0 4 0 0 0 0 0 0 5 0 3 5 0 230 103 0 0 0 0 0 44 231 205 185 4 0 11 0 0 3 0 0 0 0 0 0 2 0 0 8 0 255 42 9 0 0 8 94 219 163 2 234 0 2 7 0 10 0 0 0 0 0 0 9 0 0 10 0 16 113 159 72 22 109 177 171 67 0 0 255 35 3 0 0 8 0 0 0 0 0 0 7 0 0 15 0 0 23 121 179 202 163 55 0 0 14 0 255 83 0 1 0 2 0 0 0 0 0 0 7 0 0 4 4 0 0 0 2 0 0 0 23 8 0 3 233 144 0 3 1 0 2 0 0 0 0 0 4 4 0 0 3 12 7 0 0 0 0 0 1 2 3 2 177 182 0 1 0 1 2 0 0 0 0 0 0 4 7 0 0 3 0 9 1 1 3 5 0 0 3 0 120 189 4 0 0 8 0 0 0 0 0 5 0 0 2 2 0 0 0 0 0 0 0 2 2 4 0 0 110 183 4 0 0 7 0 0 0 0 0 6 0 0 0 0 5 5 3 0 5 13 0 4 0 6 0 2 151 182 0 2 1 0 3 0 0 0 0 0 7 8 0 0 2 0 0 0 0 4 0 5 0 2 3 6 197 187 0 7 6 0 9 0 0 0 0 0 0 0 0 0 0 0 0 1 0 0 0 0 1 4 6 49 255 78 11 0 0 6 0 0 0 0 0 0 0 0 0 0 0 0 0 1 0 0 0 0 1 4 5 244 225 7 0 2 10 4 6 0 0 0 0 0 0 0 0 0 0 0 0 0 0 0 0 0 1 3 4 0 3 0 20 2 0 0 6 0 0 0 0 0 0 0 0 0 0 0 0 0 0 0 0 0 1 2 3 5 0 1 0 0 7 10 0 0 0 0 0
0 0 0 0 0 0 0 0 1 2 0 0 0 1 3 0 0 3 0 1 3 0 0 5 0 0 0 0 0 0 0 0 0 0 0 0 0 0 1 5 5 0 0 0 0 0 0 0 1 13 8 0 0 0 0 0 0 0 0 0 0 0 0 0 4 0 0 0 0 0 0 10 11 6 11 8 0 0 0 7 0 0 0 0 0 0 0 0 0 0 0 0 0 0 3 8 7 0 0 0 0 0 0 2 0 2 1 0 0 0 0 0 0 0 0 0 0 0 0 0 6 6 1 0 0 2 5 3 0 12 10 0 0 5 14 1 0 0 0 0 0 0 0 0 0 0 0 0 0 0 0 0 5 7 3 0 0 0 0 0 13 3 0 0 0 0 0 0 0 0 0 0 0 0 0 0 10 0 2 54 115 168 219 255 255 178 51 0 5 5 0 2 0 0 0 0 0 0 0 0 0 0 0 0 0 6 81 196 255 255 246 255 252 255 160 15 0 7 2 2 0 0 0 0 0 0 0 0 0 0 0 0 0 92 255 255 242 255 255 253 255 238 255 102 0 0 22 0 0 0 0 0 0 0 0 0 0 0 0 0 13 227 251 255 253 255 252 252 249 255 239 212 68 0 2 0 0 0 0 0 0 0 0 0 0 0 0 0 44 255 239 250 255 249 251 255 247 255 249 255 182 23 0 3 0 0 0 0 0 0 0 0 0 0 0 0 110 245 247 252 255 247 250 255 255 245 255 253 248 115 0 6 0 0 0 0 0 0 0 0 0 0 0 0 173 242 255 255 253 255 247 255 255 253 249 255 253 173 0 8 0 0 0 0 0 0 0 0 0 0 0 0 154 255 247 255 247 255 248 254 255 255 243 255 255 104 0 0 0 0 0 0 0 0 0 0 0 0 0 0 77 240 245 249 250 255 253 255 252 255 251 248 243 15 2 0 0 0 0 0 0 0 0 0 0 0 0 0 26 165 255 249 255 248 255 252 251 255 248 255 200 3 0 7 0 0 0 0 0 0 0 0 0 0 0 0 0 26 146 242 255 250 253 255 254 255 252 229 10 10 0 0 0 0 0 0 0 0 0 0 0 0 0 0 9 0 0 43 24 93 255 246 254 252 255 125 1 6 0 5 0 0 0 0 0 0 0 0 0 0 0 0 0 12 26 0 4 211 238 255 249 255 216 30 0 0 6 3 0 0 0 0 0 0 0 0 0 0 0 0 10 0 0 0 16 218 246 255 252 243 108 3 0 0 15 0 0 0 0 0 0 0 0 0 0 0 0 0 0 3 2 23 115 255 252 248 255 168 21 1 2 0 10 0 0 0 0 0 0 0 0 0 0 0 0 0 3 0 5 0 246 255 255 255 240 63 0 0 7 4 0 6 0 0 0 0 0 0 0 0 0 0 0 0 5 9 0 211 249 246 252 246 154 3 0 0 5 4 0 5 0 0 0 0 0 0 0 0 0 0 0 0 0 76 255 230 255 255 252 255 64 0 0 8 0 0 0 0 0 0 0 0 0 0 0 0 0 0 0 0 0 154 240 255 249 255 247 158 0 0 0 0 0 0 0 0 0 0 0 0 0 0 0 0 0 0 0 0 0 178 255 255 254 255 228 94 0 0 0 0 0 0 0 0 0 0 0 0 0 0 0 0 0 0 0 0 0 5 0 0 0 0 13 11 0 0 0 0 0 0 0 0 0 0 0 0 0 0 0 0 0 0 0 0 5 6 0 10 12 0 2 0 0 0 0 0 0 0 0 0 0 0 0 0
0 0 0 0 0 0 0 0 8 0 0 0 2 1 0 0 0 4 4 0 0 3 5 2 0 0 0 0 0 0 0 0 0 0 0 0 0 0 5 1 0 2 4 1 0 0 4 4 4 2 0 0 0 0 0 0 0 0 0 0 0 0 0 0 0 3 4 0 0 0 0 1 7 1 0 0 0 0 1 8 0 0 0 0 0 0 0 0 0 0 0 0 3 0 0 4 8 0 0 3 5 1 2 8 8 1 0 0 0 0 0 0 0 0 0 0 0 0 0 0 2 0 1 8 9 0 0 0 0 0 0 0 3 2 1 2 0 0 0 0 0 0 0 0 0 0 0 0 0 2 2 0 0 0 7 8 11 10 6 2 2 3 0 0 0 0 0 0 0 0 0 0 0 0 0 0 11 2 1 9 10 1 0 0 0 0 0 0 0 10 8 0 0 0 0 0 0 0 0 0 0 0 0 0 0 0 47 174 255 255 248 255 255 218 133 41 0 0 2 0 0 0 0 0 0 3 0 0 6 0 0 4 0 127 242 245 255 239 230 219 223 255 255 211 51 0 0 12 0 0 0 0 4 0 7 4 0 8 11 0 125 255 255 253 136 0 15 4 14 145 255 242 222 38 0 0 0 0 0 0 4 0 3 0 3 0 0 116 255 230 204 59 6 16 2 0 140 195 253 255 244 64 18 0 0 0 0 0 3 0 2 0 8 0 3 235 255 242 22 0 0 0 0 36 242 246 248 255 139 0 0 2 0 0 0 0 4 0 11 3 0 11 43 245 253 58 10 0 4 4 11 102 239 255 255 253 132 0 0 14 0 0 0 0 0 0 5 1 0 8 37 255 255 73 0 20 0 7 0 84 255 252 248 245 67 12 0 0 0 0 0 0 0 12 0 0 6 0 4 252 255 75 0 0 0 19 167 255 250 253 255 228 7 4 10 3 0 0 0 0 0 4 0 5 0 7 4 144 253 255 167 114 184 229 251 248 253 253 255 108 21 0 0 0 0 0 0 0 0 0 0 0 0 0 0 0 181 246 255 253 246 255 227 80 240 255 223 68 10 0 14 0 0 0 0 0 0 0 0 0 0 0 0 0 7 96 124 138 157 81 29 65 245 255 117 0 2 0 0 0 0 0 0 0 0 0 0 0 0 0 0 0 0 4 0 8 4 6 0 240 255 241 54 0 5 13 0 7 0 0 0 0 0 0 0 0 0 0 0 0 11 0 0 15 0 15 90 238 255 150 17 12 0 2 4 0 0 0 0 0 0 0 0 0 0 0 0 0 5 4 0 1 0 52 255 255 230 52 0 2 0 2 7 0 0 0 0 0 0 0 0 0 0 0 0 0 0 4 3 0 4 135 248 248 126 2 0 2 10 5 0 15 0 0 0 0 0 0 0 0 0 0 0 0 0 0 8 0 87 255 251 255 19 0 6 4 8 0 0 7 0 0 0 0 0 0 0 0 0 0 0 0 0 4 0 0 207 253 251 121 9 0 0 2 0 5 13 0 0 0 0 0 0 0 0 0 0 0 0 0 0 8 7 128 254 255 173 4 0 0 0 0 0 0 0 0 0 0 0 0 0 0 0 0 0 0 0 0 9 0 21 233 254 225 43 0 0 0 0 0 0 0 0 0 0 0 0 0 0 0 0 0 0 0 0 0 0 0 16 238 241 97 7 0 0 0 0 0 0 0 0 0 0 0 0 0 0 0 0 0 0 0 0 0 0 0 7 0 5 0 14 0 0 0 0 0 0 0 0 0 0 0 0 0
0 0 0 0 0 0 0 0 0 0 3 4 1 0 0 0 1 0 0 3 7 0 0 0 0 0 0 0 0 0 0 0 0 0 0 0 5 1 0 0 0 2 6 9 5 6 5 0 0 0 2 8 0 0 0 0 0 0 0 0 0 0 0 0 0 0 0 0 1 0 0 0 0 0 0 0 1 7 3 0 0 0 0 0 0 0 0 0 0 0 0 0 0 0 3 4 5 6 2 0 5 2 1 3 6 5 0 0 0 0 0 0 0 0 0 0 0 0 0 0 4 6 2 0 0 0 0 0 0 0 0 0 0 0 0 14 0 0 0 0 0 0 0 0 0 0 0 0 0 0 0 0 0 7 8 2 7 0 0 2 5 0 0 0 0 0 0 0 0 0 0 0 0 0 0 0 11 8 0 0 0 6 1 0 0 4 7 0 0 9 12 4 0 0 0 0 0 0 0 0 0 0 0 0 0 0 2 36 108 192 246 255 244 255 237 124 21 0 0 3 0 0 0 0 1 11 0 7 0 0 3 0 5 33 131 237 247 255 246 255 237 255 249 246 155 0 14 0 0 0 0 0 0 0 0 0 6 12 0 0 39 213 255 237 253 250 199 178 197 196 248 255 160 12 0 0 0 0 0 0 4 14 7 0 0 0 0 56 217 249 255 255 218 78 15 0 0 52 241 250 170 0 5 9 0 0 0 0 0 0 9 0 0 1 9 155 255 255 244 131 42 0 11 0 8 167 255 251 98 0 0 0 0 0 0 0 2 0 0 0 8 7 6 175 234 255 182 0 6 12 1 36 135 251 238 90 4 0 4 3 0 0 0 0 13 0 3 2 1 0 0 170 255 253 163 0 11 0 28 219 255 255 255 0 5 0 0 3 0 0 0 0 0 0 0 0 0 0 13 158 243 252 224 107 139 193 219 255 245 243 252 0 0 10 0 8 0 0 0 0 0 1 0 0 6 5 0 75 245 246 255 243 255 254 248 246 255 250 249 4 5 0 15 0 0 0 0 0 0 0 0 0 0 0 0 0 59 255 252 255 251 241 255 252 254 248 255 0 0 0 0 0 0 0 0 0 0 0 0 0 0 0 0 0 9 0 70 0 0 6 0 76 253 253 181 0 0 0 0 7 0 0 0 0 0 0 0 0 0 0 0 0 0 0 9 2 4 0 53 223 255 242 79 0 4 0 0 3 0 0 0 0 0 0 0 0 0 0 0 0 7 15 0 0 10 5 123 249 250 181 7 3 7 0 0 0 0 0 0 0 0 0 0 0 0 0 0 0 9 0 1 0 4 0 255 255 247 103 0 1 0 0 3 0 0 0 0 0 0 0 0 0 0 0 0 0 0 7 0 6 0 0 255 244 255 65 1 3 0 0 3 0 0 0 0 0 0 0 0 0 0 0 0 0 0 2 1 0 10 149 224 255 234 48 8 1 1 0 0 1 0 0 0 0 0 0 0 0 0 0 0 0 0 13 0 0 0 139 255 248 176 22 0 0 8 5 0 6 0 0 0 0 0 0 0 0 0 0 0 0 19 0 0 2 1 138 255 240 198 0 0 0 2 0 0 4 0 0 0 0 0 0 0 0 0 0 0 0 0 0 17 6 6 35 255 255 190 13 1 0 7 0 1 0 0 0 0 0 0 0 0 0 0 0 0 0 1 8 0 0 7 2 238 254 112 9 0 0 7 0 6 0 0 0 0 0 0 0 0 0 0 0 0 0 0 0 0 11 8 0 17 0 14 0 0 0 5 0 7 3 0 0 0 0
0 0 0 0 0 0 0 0 0 0 1 5 4 0 0 0 0 0 0 0 0 0 0 3 0 0 0 0 0 0 0 0 0 0 0 0 4 3 0 0 0 0 3 1 2 2 1 2 2 1 0 0 0 0 0 0 0 0 0 0 0 0 0 0 0 1 0 0 0 9 8 0 0 0 0 0 1 2 0 0 0 0 0 0 0 0 0 0 0 0 0 0 0 1 1 1 0 0 0 0 3 1 0 0 0 0 1 2 0 0 0 0 0 0 0 0 0 0 0 0 3 0 0 5 3 0 4 17 1 4 7 5 1 0 0 0 0 0 0 0 0 0 0 0 0 0 0 0 0 0 0 4 0 0 0 0 0 0 0 3 2 0 0 0 0 0 0 0 0 0 0 0 0 0 0 0 1 4 0 0 1 13 14 5 13 6 0 0 0 2 2 0 0 0 0 0 0 0 0 0 0 0 0 0 0 5 0 0 44 124 169 170 73 47 15 0 0 1 1 0 0 0 0 0 0 0 0 0 0 0 0 0 0 0 0 64 219 252 213 229 228 249 123 3 0 3 5 0 0 0 0 0 0 0 0 0 0 0 0 0 0 0 89 241 187 30 0 14 17 176 237 10 0 0 0 15 0 0 0 0 0 0 0 0 0 0 0 0 0 89 235 181 43 0 7 0 0 62 238 21 17 0 0 0 0 0 0 0 0 0 0 0 0 0 0 0 26 208 236 38 0 0 10 0 17 131 255 18 0 6 16 0 0 0 0 0 0 0 0 0 0 0 0 0 30 239 65 0 24 0 0 10 41 245 199 3 0 0 0 12 0 0 0 0 0 0 0 0 0 0 0 0 84 255 10 0 0 7 0 16 168 245 30 5 19 0 0 3 0 0 0 0 0 0 0 0 0 0 0 0 111 236 12 12 0 21 3 130 252 248 0 8 3 0 18 0 0 0 0 0 0 0 0 0 0 0 0 0 129 254 11 0 0 0 84 252 250 247 1 0 6 0 0 1 0 0 0 0 0 0 0 0 0 0 0 0 105 246 25 4 31 123 251 103 148 213 11 0 0 1 8 0 0 0 0 0 0 0 0 0 0 0 0 0 7 237 223 127 243 220 105 0 185 167 0 0 0 1 2 1 0 0 0 0 0 0 0 0 0 0 0 0 9 7 193 175 115 1 0 62 239 109 0 0 2 3 0 0 0 0 0 0 0 0 0 0 0 0 0 0 0 0 14 0 8 0 0 84 252 44 0 2 1 5 0 3 0 0 0 0 0 0 0 0 0 0 0 0 0 2 0 9 16 0 0 80 221 0 0 0 0 3 0 4 0 0 0 0 0 0 0 0 0 0 0 0 0 1 4 0 0 0 6 99 207 0 6 6 0 0 0 0 0 0 0 0 0 0 0 0 0 0 0 0 8 0 15 5 0 0 11 174 212 5 2 10 0 0 2 0 0 0 0 0 0 0 0 0 0 0 0 0 0 6 0 4 3 1 0 178 206 6 0 4 1 0 9 2 0 0 0 0 0 0 0 0 0 0 0 0 3 0 7 0 0 0 3 108 216 0 15 2 0 5 0 3 0 0 0 0 0 0 0 0 0 0 0 0 1 0 6 0 2 0 5 92 218 0 0 0 6 5 0 17 0 0 0 0 0 0 0 0 0 0 0 0 0 0 5 0 2 2 0 58 188 28 10 0 8 0 0 0 0 0 0 0 0 0 0 0 0 0 0 0 1 0 3 0 0 0 0 19 21 0 0 0 3 7 18 9 0 0 0 0
0 0 0 0 0 0 0 0 4 0 0 0 4 6 2 0 5 0 0 0 2 0 0 3 0 0 0 0 0 0 0 0 0 0 0 0 0 1 3 2 0 0 0 2 0 4 9 7 1 0 0 3 0 0 0 0 0 0 0 0 0 0 0 0 0 0 0 0 0 0 1 5 0 0 0 0 0 5 3 0 0 0 0 0 0 0 0 0 0 0 0 0 9 5 1 1 3 2 0 0 9 4 0 0 0 1 1 0 0 0 0 0 0 0 0 0 0 0 0 0 0 0 0 0 0 0 0 0 0 0 1 7 0 0 0 9 0 0 0 0 0 0 0 0 0 0 0 0 2 7 10 6 0 0 0 2 3 0 0 5 7 0 0 0 0 0 0 0 0 0 0 0 0 0 0 0 0 0 0 0 2 5 4 1 0 6 7 0 0 6 14 9 0 0 0 0 0 0 0 0 0 0 0 0 6 0 9 52 114 158 167 160 236 255 241 130 26 0 0 0 0 0 0 0 0 0 0 0 6 0 9 0 66 100 197 255 242 255 254 240 245 255 255 250 208 8 5 0 0 0 0 0 0 9 3 0 0 25 2 85 211 255 255 218 226 113 112 146 136 114 238 255 245 32 0 13 0 0 0 0 0 0 4 16 0 0 28 226 255 217 108 32 0 10 5 0 0 34 209 240 255 80 6 0 0 0 0 0 4 0 0 0 0 3 140 251 250 6 0 0 0 1 3 5 17 171 255 255 242 48 5 0 0 0 0 0 7 0 1 0 0 10 147 255 217 23 5 0 15 0 0 85 179 255 246 255 165 12 0 6 0 0 0 0 0 0 4 18 0 0 35 234 251 255 178 148 145 226 242 255 247 253 234 219 68 12 0 0 0 0 0 0 0 4 0 0 0 21 0 82 219 244 251 255 255 243 228 161 222 255 255 134 2 0 0 1 0 0 0 0 3 0 2 0 6 0 6 0 30 42 64 128 72 55 3 52 211 254 202 0 5 3 0 3 0 0 0 0 0 0 0 0 0 0 0 0 3 7 1 0 6 0 0 158 246 230 63 4 3 0 0 1 0 0 0 0 0 0 0 0 0 0 0 0 0 13 0 15 0 0 39 228 255 130 9 0 2 0 0 7 0 0 0 0 0 0 0 0 0 0 0 0 2 14 0 3 14 4 147 255 224 31 0 0 2 3 0 8 0 0 0 0 0 0 0 0 0 0 0 0 10 0 0 0 8 68 235 249 131 0 4 6 0 3 5 0 0 0 0 0 0 0 0 0 0 0 0 0 0 1 1 7 0 180 255 202 36 0 9 3 0 0 7 0 0 0 0 0 0 0 0 0 0 0 0 0 3 0 9 12 73 252 244 101 0 3 0 0 8 0 5 0 0 0 0 0 0 0 0 0 0 0 0 0 5 0 0 10 188 251 162 3 0 7 0 2 6 0 1 5 0 0 0 0 0 0 0 0 0 0 0 0 0 13 0 66 255 255 104 2 0 7 0 5 0 5 0 0 0 0 0 0 0 0 0 0 0 0 0 0 0 17 0 155 252 222 0 4 0 0 0 0 0 0 0 0 0 0 0 0 0 0 0 0 0 0 0 0 0 0 7 138 254 145 2 7 0 0 0 0 0 0 0 0 0 0 0 0 0 0 0 0 0 0 0 0 6 0 11 119 237 107 13 0 0 0 0 0 0 0 0 0 0 0 0 0 0 0 0 0 0 0 0 0 7 3 0 0 23 0 0 15 0 0 0 0 0 0 0 0 0 0 0 0
0 0 0 0 0 0 0 0 0 3 6 2 0 0 2 9 0 5 0 0 0 4 7 0 0 0 0 0 0 0 0 0 0 0 0 0 1 0 0 4 6 4 0 0 9 0 13 4 4 0 0 0 0 0 0 0 0 0 0 0 0 0 0 0 8 1 0 0 0 3 6 7 0 0 1 0 6 7 2 4 0 0 0 0 0 0 0 0 0 0 0 0 0 0 4 4 0 0 0 0 9 12 9 0 0 5 4 0 0 0 0 0 0 0 0 0 0 0 0 0 0 0 2 5 6 7 7 8 0 10 0 8 0 0 6 0 0 0 0 0 0 0 0 0 0 0 0 0 8 1 0 0 0 0 0 0 7 2 0 13 15 0 0 0 0 0 0 0 0 0 0 0 0 0 0 0 0 0 2 2 1 3 9 15 4 0 22 0 0 0 0 3 0 0 0 0 0 0 0 0 0 0 0 0 0 2 0 0 11 74 169 241 193 184 251 58 18 0 0 5 0 0 0 0 0 0 0 0 0 0 0 0 0 0 5 4 98 252 234 200 255 253 251 101 0 0 9 0 0 0 0 0 0 0 0 0 0 0 0 0 11 0 55 156 255 178 15 6 173 238 255 51 10 0 8 0 0 0 0 0 0 0 0 0 0 0 0 0 0 30 213 255 122 6 1 0 163 254 223 0 6 0 0 3 0 0 0 0 0 0 0 0 0 0 0 0 2 162 241 151 1 0 0 35 230 255 113 0 0 2 0 14 0 0 0 0 0 0 0 0 0 0 0 0 11 249 243 73 0 2 2 208 255 208 19 4 4 4 0 1 0 0 0 0 0 0 0 0 0 0 0 0 50 255 68 0 18 22 202 252 255 136 1 0 2 0 12 0 0 0 0 0 0 0 0 0 0 0 0 0 100 255 139 33 145 245 249 255 224 57 11 0 0 0 5 0 0 0 0 0 0 0 0 0 0 0 0 0 0 246 248 255 245 255 231 247 170 0 6 1 0 14 0 6 0 0 0 0 0 0 0 0 0 0 0 0 0 126 253 249 119 44 199 240 119 14 0 4 0 2 8 0 0 0 0 0 0 0 0 0 0 0 0 0 0 3 1 0 0 8 248 255 70 0 0 8 0 2 2 0 0 0 0 0 0 0 0 0 0 0 0 0 2 4 0 0 0 0 255 246 22 0 0 7 2 1 0 2 0 0 0 0 0 0 0 0 0 0 0 0 0 0 1 2 4 24 240 177 4 0 4 0 0 1 0 8 0 0 0 0 0 0 0 0 0 0 0 0 13 0 0 0 0 91 255 169 0 0 3 0 2 4 0 7 0 0 0 0 0 0 0 0 0 0 0 0 0 0 16 8 1 110 252 117 0 0 0 0 5 8 0 0 0 0 0 0 0 0 0 0 0 0 0 0 7 0 1 0 8 101 253 73 12 0 0 0 2 6 0 0 0 0 0 0 0 0 0 0 0 0 0 0 3 0 9 0 0 45 244 65 31 2 2 0 0 1 0 3 0 0 0 0 0 0 0 0 0 0 0 0 0 0 5 6 0 54 255 234 218 11 0 0 0 3 0 2 0 0 0 0 0 0 0 0 0 0 0 0 6 1 0 0 3 66 255 255 127 0 2 4 0 4 2 0 0 0 0 0 0 0 0 0 0 0 0 0 0 0 0 0 6 29 158 144 33 0 4 4 0 1 7 0 0 0 0 0 0 0 0 0 0 0 0 0 0 0 0 5 4 0 30 5 0 0 1 1 0 0 9 0 0 0 0 0
0 0 0 0 0 0 0 0 6 0 0 2 0 3 0 0 0 0 0 0 0 1 1 1 0 0 0 0 0 0 0 0 0 0 0 0 0 17 4 0 8 4 0 11 0 0 0 0 0 1 1 1 0 0 0 0 0 0 0 0 0 0 0 0 5 0 0 0 6 12 10 0 0 0 0 0 0 0 1 1 0 0 0 0 0 0 0 0 0 0 0 0 2 0 6 8 0 0 14 0 0 0 0 0 0 0 0 0 0 0 0 0 0 0 0 0 0 0 0 0 3 9 0 0 16 0 9 9 0 0 0 0 0 0 0 0 0 0 0 0 0 0 0 0 0 0 0 0 0 1 10 0 5 0 16 0 1 1 0 0 0 0 0 0 0 0 0 0 0 0 0 0 0 0 0 0 4 0 41 92 163 204 225 84 1 1 1 0 0 0 0 0 0 0 0 0 0 0 0 0 0 0 0 0 16 152 254 249 255 236 255 183 1 1 1 0 0 0 0 0 0 0 0 0 2 3 0 0 4 2 0 0 101 250 249 255 156 68 88 240 118 0 1 7 0 0 15 0 0 0 0 0 0 0 0 0 4 0 0 65 236 233 79 0 1 0 124 238 18 0 0 6 5 0 2 0 0 0 0 0 0 0 0 3 0 0 0 152 255 170 29 0 9 5 0 43 0 36 0 0 6 0 0 8 0 0 0 0 2 2 0 0 0 3 4 190 244 228 61 0 0 9 9 0 152 161 19 0 4 0 0 0 0 0 0 0 1 5 0 0 0 12 0 144 255 249 255 170 163 139 154 249 252 197 9 0 0 1 1 0 0 0 0 0 0 2 5 0 0 12 0 58 188 255 252 234 255 251 237 254 240 151 0 0 0 0 7 2 0 0 0 0 0 0 7 5 0 5 0 3 10 67 109 134 86 70 12 172 255 155 4 11 10 0 0 0 0 0 0 0 6 0 6 5 0 0 10 0 0 6 0 0 8 0 2 172 255 148 0 0 5 0 0 4 0 0 0 0 0 0 0 0 0 0 0 0 1 0 0 3 0 5 0 179 255 156 0 3 2 0 0 0 0 0 0 0 0 0 0 0 0 0 0 0 3 1 1 3 0 0 0 195 253 151 0 5 0 5 4 2 0 0 0 0 0 0 0 0 0 0 0 0 0 0 2 7 0 1 18 229 251 139 1 4 0 6 1 0 0 0 0 0 0 0 0 0 0 0 0 0 1 0 0 8 0 3 23 237 255 131 0 5 0 4 0 0 0 0 0 0 0 0 0 0 0 0 0 0 7 0 0 4 0 0 3 204 255 136 0 7 1 3 0 3 0 0 0 0 0 0 0 0 0 0 0 0 6 0 0 2 0 2 0 180 252 160 0 3 2 0 0 2 0 0 0 0 0 0 0 0 0 0 0 0 0 0 0 1 2 10 0 169 250 209 21 4 0 0 4 0 0 0 0 0 0 0 0 0 0 0 0 0 0 4 2 0 0 5 0 153 255 255 55 13 1 0 14 0 0 0 0 0 0 0 0 0 0 0 0 0 0 0 0 0 0 0 0 0 220 251 255 136 125 4 0 0 0 0 0 0 0 0 0 0 0 0 0 0 0 0 0 0 0 0 0 0 46 162 249 183 111 0 0 19 0 0 0 0 0 0 0 0 0 0 0 0 0 0 0 0 0 0 0 0 0 12 7 0 1 3 0 1 0 0 0 0 0 0 0 0 0 0 0 0 0 0 0 0 0 0 0 0 0 0 0 5 0 3 1 0 0 0 0 0
0 0 0 0 0 0 0 0 4 0 0 0 0 0 0 0 0 0 5 2 0 0 6 0 0 0 0 0 0 0 0 0 0 0 0 0 0 6 12 0 0 0 5 1 0 0 1 0 11 6 3 0 0 0 0 0 0 0 0 0 0 0 0 0 8 0 0 0 6 4 0 0 14 3 0 0 3 0 1 3 0 0 0 0 0 0 0 0 0 0 0 0 0 0 3 4 0 0 0 7 0 0 9 0 15 0 0 0 0 0 0 0 0 0 0 0 0 0 0 0 0 7 6 0 0 8 3 0 0 0 4 0 7 0 5 3 0 0 0 0 0 0 0 0 0 0 0 0 9 0 0 1 1 0 0 8 0 0 5 4 0 7 7 0 0 0 0 0 0 0 0 0 0 0 0 0 0 0 8 15 7 19 82 151 255 230 166 85 0 0 7 5 0 0 0 0 0 0 0 0 0 0 0 0 1 13 0 0 45 174 251 255 242 255 255 192 27 11 7 0 0 0 0 0 0 0 0 0 0 0 0 0 6 2 4 3 209 242 162 103 30 0 144 246 85 0 4 0 0 0 0 0 0 0 0 0 0 0 0 0 0 0 0 228 251 85 22 0 0 5 100 255 124 0 1 7 0 0 0 0 0 0 0 0 0 0 0 0 2 22 163 236 112 0 8 1 12 8 196 249 140 0 4 0 0 0 0 0 0 0 0 0 0 0 0 0 5 35 255 255 45 22 0 5 0 0 212 248 45 17 0 3 0 0 0 0 0 0 0 0 0 0 0 0 5 57 255 248 56 0 0 1 9 68 230 201 21 0 0 1 0 0 0 0 0 0 0 0 0 0 0 0 0 50 232 237 137 7 14 16 145 239 255 106 0 13 0 1 0 0 0 0 0 0 0 0 0 0 0 0 7 9 81 251 255 253 227 255 241 255 222 0 10 0 4 0 0 0 0 0 0 0 0 0 0 0 0 0 0 5 0 155 231 247 255 241 255 246 42 7 10 0 1 0 0 0 0 0 0 0 0 0 0 0 0 0 1 0 0 1 0 109 255 255 255 156 38 0 2 1 0 2 0 0 0 0 0 0 0 0 0 0 0 0 0 3 1 0 7 244 235 223 127 59 0 0 1 1 0 6 0 0 0 0 0 0 0 0 0 0 0 0 0 2 0 4 112 255 252 215 11 0 0 0 3 0 0 3 0 0 0 0 0 0 0 0 0 0 0 0 0 3 0 0 205 250 248 154 0 0 4 6 3 0 0 0 0 0 0 0 0 0 0 0 0 0 0 0 3 0 22 36 244 254 158 22 0 2 3 0 0 0 1 0 0 0 0 0 0 0 0 0 0 0 0 0 0 3 0 235 238 193 19 0 1 0 0 0 0 3 2 0 0 0 0 0 0 0 0 0 0 0 0 0 4 0 114 255 255 13 6 0 3 0 0 0 2 1 0 0 0 0 0 0 0 0 0 0 0 0 0 0 0 57 242 252 119 12 2 3 0 0 0 2 1 0 0 5 0 0 0 0 0 0 0 0 0 0 0 0 6 43 255 244 46 0 0 2 0 0 0 0 0 0 0 0 0 0 0 0 0 0 0 0 0 0 0 0 0 111 253 155 0 0 11 0 0 0 0 0 0 0 0 0 0 0 0 0 0 0 0 0 0 0 0 0 0 0 0 2 8 9 0 0 0 0 0 0 0 0 0 0 0 0 0 0 0 0 0 0 0 0 0 0 5 12 0 1 10 0 0 15 0 0 0 0 0 0 0 0 0 0 0 0
0 0 0 0 0 0 0 0 5 0 0 2 5 0 0 6 0 0 13 0 0 10 5 0 0 0 0 0 0 0 0 0 0 0 0 0 0 1 6 6 2 0 0 0 6 9 0 0 21 1 0 8 0 0 0 0 0 0 0 0 0 0 0 0 3 3 0 0 0 5 12 13 0 0 12 0 1 0 11 0 0 0 0 0 0 0 0 0 0 0 0 0 0 0 11 8 0 0 0 0 37 0 3 0 0 0 11 0 0 0 0 0 0 0 0 0 0 0 0 0 11 0 0 0 12 11 4 2 0 0 20 0 3 11 0 7 0 0 0 0 0 0 0 0 0 0 0 0 0 0 0 0 0 0 0 6 4 0 13 0 0 7 0 4 0 0 0 0 0 0 0 0 0 0 0 0 0 14 15 0 0 73 185 255 245 85 0 18 7 0 0 6 0 0 0 0 0 0 0 0 0 0 0 0 1 0 0 18 121 236 255 250 255 203 9 0 0 0 14 0 0 0 0 0 4 0 0 4 6 0 0 2 0 1 9 172 246 255 204 129 147 143 0 0 0 0 8 0 0 0 0 0 0 7 5 0 0 0 0 0 18 61 164 255 247 96 6 0 1 90 235 79 13 0 0 2 0 0 0 0 0 8 9 0 0 5 2 0 60 232 255 250 109 0 0 4 51 221 252 231 27 10 11 0 0 0 0 0 0 3 3 0 7 11 0 1 161 255 243 52 0 2 0 34 197 255 248 170 0 0 0 12 0 0 0 0 7 0 1 0 4 0 0 38 243 233 53 18 0 38 49 224 238 236 225 9 0 21 0 0 0 0 0 0 5 0 5 0 2 0 8 108 255 174 0 58 87 194 255 90 183 255 201 12 2 0 11 8 0 0 0 0 2 0 6 0 5 0 15 130 251 235 148 246 255 233 89 43 236 254 153 0 19 0 0 0 0 0 0 0 8 0 1 0 6 0 0 91 226 246 253 255 158 48 11 110 254 255 111 4 0 16 0 2 0 0 0 0 0 0 0 0 0 0 0 0 43 103 85 3 2 0 6 182 255 123 4 0 3 0 3 1 0 0 0 0 0 0 0 0 0 0 0 0 0 0 2 0 10 4 51 241 231 71 0 1 0 2 0 1 0 0 0 0 0 0 0 0 0 0 0 0 9 0 4 3 0 10 119 255 170 13 0 8 0 7 0 1 0 0 0 0 0 0 0 0 0 0 0 0 0 0 6 0 0 0 186 249 89 0 0 7 0 4 0 1 0 0 0 0 0 0 0 0 0 0 0 0 7 0 4 13 8 3 248 234 19 4 0 0 5 0 0 1 0 0 0 0 0 0 0 0 0 0 0 0 0 1 0 0 4 55 254 141 0 14 0 0 5 0 0 1 0 0 0 0 0 0 0 0 0 0 0 0 0 13 7 0 12 166 255 123 0 0 6 0 0 1 0 2 0 0 0 0 0 0 0 0 0 0 0 0 5 0 0 4 9 206 253 136 14 0 12 3 0 8 0 3 0 0 0 0 0 0 0 0 0 0 0 0 1 0 0 12 96 242 255 132 0 0 0 0 0 0 0 0 0 0 0 0 0 0 0 0 0 0 0 0 0 5 0 0 98 255 255 104 0 0 0 0 0 0 0 0 0 0 0 0 0 0 0 0 0 0 0 0 0 0 9 10 0 0 0 0 0 0 0 0 0 0 0 0 0 0 0 0 0 0 0 0 0 0 0 0 3 0 0 0 9 5 0 0 0 0 0 0 0 0 0 0 0 0 0 0
0 0 0 0 0 0 0 0 6 0 0 0 1 0 0 7 0 8 7 0 0 0 4 4 0 0 0 0 0 0 0 0 0 0 0 0 0 0 3 6 6 3 0 0 0 0 0 4 10 8 0 0 0 0 0 0 0 0 0 0 0 0 0 0 1 3 0 0 0 0 1 1 9 3 1 2 0 0 0 7 0 0 0 0 0 0 0 0 0 0 0 0 0 0 2 6 6 4 2 2 0 0 0 0 0 0 1 4 0 0 0 0 0 0 0 0 0 0 0 0 7 0 0 4 0 0 0 0 8 11 6 0 0 3 1 0 0 0 0 0 0 0 0 0 0 0 0 0 1 0 0 0 4 4 6 10 0 0 5 0 0 0 1 4 0 0 0 0 0 0 0 0 0 0 0 0 0 5 1 0 0 8 3 0 16 0 0 4 10 0 0 1 0 0 0 0 0 0 0 0 0 0 0 0 0 6 0 0 56 168 246 255 253 126 10 0 4 4 0 0 0 0 0 0 4 0 0 10 1 0 7 0 0 14 2 172 254 255 243 255 255 246 138 0 12 0 0 0 0 0 0 0 0 5 0 0 0 9 0 0 17 53 228 255 243 248 255 246 248 255 217 102 0 0 14 0 0 0 0 0 0 10 0 0 0 13 0 44 142 252 255 250 151 86 8 6 235 239 255 242 155 0 0 7 0 0 0 0 0 4 0 6 0 0 0 140 255 255 239 128 12 0 38 176 241 243 255 248 156 3 0 0 0 0 0 0 2 0 0 10 0 0 0 169 249 255 255 141 111 152 233 255 255 255 253 251 40 0 2 0 0 0 0 0 2 0 0 2 0 3 3 101 244 253 255 250 255 200 249 223 225 255 249 195 22 3 0 0 0 0 0 0 3 1 0 1 0 3 4 20 37 72 255 116 76 17 70 80 194 255 251 74 3 11 5 0 0 0 0 0 5 0 1 9 0 0 5 0 0 9 19 32 74 3 0 211 248 254 255 119 0 0 0 11 0 0 0 0 0 0 0 0 0 0 0 0 5 0 7 0 8 5 2 150 233 235 235 0 1 6 0 5 0 0 0 0 0 0 0 0 0 0 0 0 2 0 11 0 5 0 7 228 245 255 173 1 2 5 0 0 0 0 0 0 0 0 0 0 0 0 0 0 0 0 5 0 2 0 31 255 250 255 74 0 0 4 0 1 0 0 0 0 0 0 0 0 0 0 0 0 0 0 0 0 4 14 96 246 255 207 5 2 0 0 0 3 0 0 0 0 0 0 0 0 0 0 0 0 4 2 3 0 1 24 186 253 255 133 0 14 0 0 1 0 0 0 0 0 0 0 0 0 0 0 0 0 4 0 5 5 0 51 247 255 202 51 0 14 0 0 3 1 0 0 0 0 0 0 0 0 0 0 0 0 0 0 0 5 19 144 255 232 105 1 0 4 0 3 4 2 0 0 0 0 0 0 0 0 0 0 0 0 0 6 0 2 55 251 255 160 45 0 5 2 0 8 0 0 0 0 0 0 0 0 0 0 0 0 0 0 5 1 0 14 192 241 255 60 0 0 0 0 0 0 0 0 0 0 0 0 0 0 0 0 0 0 0 0 0 0 10 104 255 255 205 36 0 0 0 0 0 0 0 0 0 0 0 0 0 0 0 0 0 0 0 0 11 0 2 124 244 233 104 0 0 0 0 0 0 0 0 0 0 0 0 0 0 0 0 0 0 0 0 0 0 8 0 0 0 3 0 21 0 0 0 0 0 0 0 0 0 0 0 0
0 0 0 0 0 0 0 0 4 2 1 3 5 3 0 0 0 8 3 0 9 0 9 0 0 0 0 0 0 0 0 0 0 0 0 0 5 0 0 2 0 0 0 18 0 0 1 0 10 0 5 0 0 0 0 0 0 0 0 0 0 0 0 0 0 2 5 0 5 17 6 0 3 0 12 0 0 0 0 8 0 0 0 0 0 0 0 0 0 0 0 0 5 1 1 3 0 0 0 12 9 0 0 3 9 12 0 0 0 0 0 0 0 0 0 0 0 0 0 0 4 5 0 0 0 6 3 0 7 0 1 0 0 0 3 15 0 0 0 0 0 0 0 0 0 0 0 0 0 0 2 0 0 2 4 4 0 10 0 3 0 0 0 4 0 0 0 0 0 0 0 0 0 0 0 0 10 0 0 18 0 0 71 188 255 222 50 0 0 5 5 0 0 0 0 0 0 0 0 0 0 0 0 0 0 13 1 0 19 132 227 255 251 241 66 5 0 0 7 0 0 0 0 0 0 0 0 0 0 0 0 0 9 0 1 1 86 243 255 243 107 63 250 97 1 0 8 0 0 0 0 0 0 0 0 0 0 0 0 0 0 0 2 100 255 255 193 28 0 149 255 214 24 0 0 6 0 0 0 0 0 0 0 0 0 0 0 0 11 0 13 241 255 204 13 3 12 229 250 255 25 0 0 3 0 0 0 0 0 0 0 0 0 0 0 0 2 0 171 232 245 97 0 12 182 244 255 192 6 4 2 0 0 0 0 0 0 0 0 0 0 0 0 0 2 18 218 255 169 54 122 238 255 244 249 89 0 0 4 3 0 0 0 0 0 0 0 0 0 0 0 0 0 23 255 247 240 241 255 252 254 255 173 10 0 0 2 2 0 0 0 0 0 0 0 0 0 0 0 0 17 7 228 255 255 255 248 251 254 254 70 0 0 0 2 0 0 0 0 0 0 0 0 0 0 0 0 0 0 5 76 212 200 199 239 255 255 200 16 10 2 0 5 0 0 0 0 0 0 0 0 0 0 0 0 0 0 0 2 0 12 6 140 254 255 23 0 0 6 3 0 0 0 0 0 0 0 0 0 0 0 0 0 0 3 2 2 2 0 37 225 251 214 28 7 0 4 0 1 0 0 0 0 0 0 0 0 0 0 0 0 0 0 0 0 7 0 114 255 251 107 7 0 0 5 0 5 4 0 0 0 0 0 0 0 0 0 0 0 0 0 0 0 1 18 214 235 240 13 0 0 0 11 0 6 0 0 0 0 0 0 0 0 0 0 0 0 0 4 1 7 0 73 255 242 180 0 1 1 2 13 0 2 0 0 0 0 0 0 0 0 0 0 0 0 0 4 0 10 0 135 255 255 81 0 8 1 0 5 0 2 0 0 0 0 0 0 0 0 0 0 0 0 0 0 0 4 11 205 243 195 10 1 0 0 0 0 3 0 6 0 0 0 0 0 0 0 0 0 0 0 0 2 1 1 48 255 255 92 0 6 0 1 1 1 6 0 2 0 0 0 0 0 0 0 0 0 0 0 0 1 0 0 126 234 119 7 0 0 0 0 0 0 0 0 0 0 0 0 0 0 0 0 0 0 0 0 0 8 0 6 138 164 25 0 10 0 0 0 0 0 0 0 0 0 0 0 0 0 0 0 0 0 0 0 0 0 6 1 12 0 0 11 0 0 0 0 0 0 0 0 0 0 0 0 0 0 0 0 0 0 0 0 0 0 0 0 0 0 0 19 0 0 0 0 0 0 0 0 0 0 0 0 0
0 0 0 0 0 0 0 0 0 0 0 0 0 0 0 1 3 3 0 0 0 0 1 0 0 0 0 0 0 0 0 0 0 0 0 0 0 0 1 5 7 5 0 0 0 0 12 6 6 0 0 0 0 0 0 0 0 0 0 0 0 0 0 0 11 6 0 0 0 0 0 0 9 0 3 0 3 0 3 1 0 0 0 0 0 0 0 0 0 0 0 0 0 0 2 8 9 8 6 5 3 0 4 0 15 0 2 0 0 0 0 0 0 0 0 0 0 0 0 0 11 9 3 0 0 0 0 1 2 0 6 0 0 0 8 9 0 0 0 0 0 0 0 0 0 0 0 0 0 0 0 0 3 4 1 0 0 2 0 0 0 9 5 0 0 0 0 0 0 0 0 0 0 0 0 0 11 0 0 13 59 108 142 156 244 232 154 73 0 0 0 6 0 0 0 0 0 0 0 0 0 0 0 0 0 20 85 173 246 255 243 210 197 255 255 192 46 10 0 6 0 0 0 0 1 1 0 8 1 2 0 1 64 219 255 238 229 147 33 8 20 18 109 244 170 38 1 0 0 0 0 0 1 0 9 3 0 0 22 164 255 255 169 53 12 4 0 8 0 8 16 212 248 123 0 17 0 0 0 0 0 1 1 0 18 4 182 255 246 140 41 0 0 0 0 0 2 22 124 255 214 16 14 0 0 0 0 0 2 0 0 0 14 179 255 217 78 9 0 0 2 7 17 9 0 8 255 248 119 0 16 0 0 0 0 0 0 1 0 11 102 255 243 87 4 0 0 0 0 0 0 0 58 221 255 246 99 2 0 4 0 0 0 0 0 11 6 13 238 230 153 0 0 0 5 10 0 0 16 62 200 243 255 253 9 4 5 3 0 0 0 0 0 0 9 35 251 255 38 3 0 0 4 7 0 18 133 232 252 254 255 236 57 0 0 0 0 0 0 0 3 0 0 35 255 252 65 1 5 4 33 54 89 190 246 204 91 25 255 253 4 2 0 6 0 0 0 0 0 7 0 43 232 255 212 209 159 200 232 246 255 237 132 15 0 21 255 253 7 0 0 2 0 0 0 0 0 24 0 0 41 209 255 236 253 255 241 183 99 28 0 0 6 26 255 251 7 0 3 4 0 0 0 0 11 0 0 9 0 26 95 98 97 46 3 0 5 0 0 0 6 25 252 252 14 2 3 0 0 0 0 0 2 0 10 1 6 0 0 0 4 8 9 3 0 0 2 9 0 25 255 255 37 3 1 0 0 0 0 0 0 17 0 0 0 17 0 6 0 0 0 0 2 13 4 0 0 30 255 255 70 1 2 2 0 0 0 0 4 0 0 11 0 0 0 0 0 0 1 0 0 0 1 8 0 29 254 247 105 0 0 8 0 0 0 0 3 0 16 0 0 0 25 0 9 2 0 3 2 0 0 1 0 24 252 242 152 0 0 5 0 0 0 0 0 0 0 10 0 6 0 3 0 2 2 0 0 2 3 0 0 26 255 254 198 12 0 1 0 0 0 0 0 0 0 0 0 0 0 0 0 0 0 0 0 0 0 0 0 17 140 248 253 45 6 0 0 0 0 0 0 0 0 0 0 0 0 0 0 0 0 0 0 0 0 0 12 0 26 123 157 16 0 0 0 0 0 0 0 0 0 0 0 0 0 0 0 0 0 0 0 0 0 0 0 1 0 3 22 0 14 0 0 0 0 0 0 0 0 0 0 0 0 0 0 0 0 0 0 0 0 0 4 7 0 1 0 0 0 9 0 0 0 0
0 0 0 0 0 0 0 0 0 5 3 0 0 1 0 0 3 2 1 1 6 7 0 0 0 0 0 0 0 0 0 0 0 0 0 0 1 5 0 0 1 2 0 0 0 0 0 0 0 0 3 14 0 0 0 0 0 0 0 0 0 0 0 0 1 0 0 0 2 3 3 5 7 3 5 8 2 0 0 3 0 0 0 0 0 0 0 0 0 0 0 0 9 0 1 6 1 0 0 0 0 0 0 0 2 2 0 0 0 0 0 0 0 0 0 0 0 0 0 0 0 0 0 4 0 0 2 0 2 6 3 0 0 4 6 0 0 0 0 0 0 0 0 0 0 0 0 0 8 1 12 12 0 0 7 0 0 6 12 5 0 0 0 0 0 0 0 0 0 0 0 0 0 0 0 0 0 0 0 0 0 3 14 0 9 0 0 0 1 0 0 1 0 0 0 0 0 0 0 0 0 0 0 0 0 0 21 48 77 139 174 151 133 64 7 3 8 0 0 6 0 0 0 0 0 3 0 2 13 0 18 0 7 66 205 255 249 254 255 251 255 249 208 70 4 0 14 0 0 0 0 0 3 0 10 0 0 8 0 24 53 233 255 235 255 255 239 255 253 255 244 153 0 0 0 9 0 0 0 0 0 0 13 0 0 14 19 142 255 255 242 255 236 200 218 218 197 255 255 255 70 19 0 0 0 0 0 0 0 0 0 0 7 0 139 252 247 255 243 149 32 0 5 0 86 228 236 255 106 0 4 14 0 0 0 0 4 5 0 0 0 11 223 255 236 69 11 3 0 6 13 38 212 255 255 255 69 0 0 0 0 0 0 0 0 1 0 7 0 82 255 248 37 1 10 0 9 8 8 137 255 239 254 218 5 17 0 0 0 0 0 0 0 0 2 7 3 80 246 255 140 28 8 0 0 110 212 255 253 255 255 164 0 0 0 5 0 0 0 0 7 5 0 0 5 0 206 255 255 232 237 236 232 255 255 240 250 255 137 12 7 0 15 0 0 0 0 0 1 0 1 5 0 1 90 206 255 253 243 255 255 241 176 179 255 243 85 0 0 3 0 2 0 0 0 0 11 0 0 0 1 0 0 28 143 165 170 149 84 33 5 58 254 248 92 0 0 0 2 0 0 0 0 0 0 0 0 0 9 7 0 0 0 0 1 12 6 6 1 55 252 253 91 0 3 0 11 0 0 0 0 0 0 7 5 0 0 0 3 14 4 2 0 0 0 0 0 58 254 253 77 0 1 0 9 0 0 0 0 0 2 3 0 0 4 0 0 0 0 2 0 4 0 0 6 71 255 250 70 0 0 3 0 1 0 0 0 0 0 0 0 4 14 6 0 7 8 0 0 0 0 7 0 47 255 250 94 2 0 3 0 4 0 0 0 0 0 4 1 0 0 0 0 4 0 5 5 9 0 0 0 63 255 254 146 0 0 0 0 1 0 0 0 0 0 5 1 0 4 7 1 0 0 2 0 4 0 2 4 63 250 255 190 0 6 0 1 0 0 0 0 0 0 0 0 0 0 0 0 0 0 0 0 0 0 0 0 0 198 253 210 39 3 0 9 0 0 0 0 0 0 0 0 0 0 0 0 0 0 0 0 0 0 0 0 0 89 255 241 25 1 0 0 8 0 0 0 0 0 0 0 0 0 0 0 0 0 0 0 0 0 0 0 0 25 196 179 2 4 10 0 0 0 0 0 0 0 0 0 0 0 0 0 0 0 0 0 0 0 0 0 0 2 0 0 0 13 0 0 16 0 0 0 0
0 0 0 0 0 0 0 0 5 2 0 0 0 0 3 5 0 5 0 0 0 3 0 0 0 0 0 0 0 0 0 0 0 0 0 0 0 0 0 6 10 6 0 0 0 8 10 5 3 0 0 5 0 0 0 0 0 0 0 0 0 0 0 0 3 0 0 0 0 2 5 7 0 0 0 0 1 1 0 0 0 0 0 0 0 0 0 0 0 0 0 0 0 1 5 3 0 0 0 0 9 0 0 2 0 0 2 2 0 0 0 0 0 0 0 0 0 0 0 0 1 1 0 1 4 8 10 12 0 0 6 11 0 0 6 8 0 0 0 0 0 0 0 0 0 0 0 0 9 0 0 0 0 1 0 0 4 0 3 8 0 1 2 0 0 0 0 0 0 0 0 0 0 0 0 0 0 0 4 3 1 2 8 15 0 0 5 0 0 0 17 0 0 0 0 0 0 0 0 0 0 0 0 0 0 4 1 0 1 65 169 250 254 255 241 148 25 0 0 0 0 0 0 0 0 0 0 0 0 0 0 0 2 0 6 141 169 233 255 247 215 228 211 254 100 0 9 0 0 0 0 0 0 0 0 0 0 0 0 0 0 0 34 225 255 217 122 35 0 11 41 224 201 0 0 0 0 0 0 0 0 0 0 0 0 0 0 0 11 24 193 255 181 32 21 0 64 0 4 210 251 94 0 4 0 0 0 0 0 0 0 0 0 0 0 0 4 122 255 205 37 1 0 16 132 142 156 246 255 97 0 9 0 0 0 0 0 0 0 0 0 0 0 0 34 244 227 24 13 5 0 1 112 254 248 255 227 5 1 0 0 0 0 0 0 0 0 0 0 0 0 0 80 255 99 8 0 9 17 65 225 255 250 252 101 0 9 0 0 0 0 0 0 0 0 0 0 0 0 0 179 234 85 39 58 76 193 249 255 236 255 187 0 6 1 5 0 0 0 0 0 0 0 0 0 0 0 0 119 254 255 254 252 255 244 255 246 255 239 30 17 0 5 0 0 0 0 0 0 0 0 0 0 0 0 0 49 200 245 255 219 210 166 116 255 241 53 5 0 2 0 4 0 0 0 0 0 0 0 0 0 0 0 0 0 28 33 40 28 0 0 160 255 118 14 5 0 0 4 0 0 0 0 0 0 0 0 0 0 0 0 0 0 0 0 12 0 3 57 255 208 13 0 0 3 0 7 0 0 0 0 0 0 0 0 0 0 0 0 0 0 0 13 0 0 54 221 240 84 0 6 0 12 3 0 3 0 0 0 0 0 0 0 0 0 0 0 0 0 14 0 16 7 183 254 159 0 3 5 0 3 0 0 0 0 0 0 0 0 0 0 0 0 0 0 0 2 0 24 0 174 255 216 36 0 1 0 12 0 0 8 0 0 0 0 0 0 0 0 0 0 0 0 0 7 0 14 48 245 249 108 0 7 0 0 14 0 0 11 0 0 0 0 0 0 0 0 0 0 0 0 0 0 17 16 200 255 150 0 0 0 4 0 0 2 1 0 0 0 0 0 0 0 0 0 0 0 0 0 0 0 0 174 255 239 31 3 0 0 0 0 0 0 0 0 0 0 0 0 0 0 0 0 0 0 0 0 0 7 115 237 226 88 0 0 7 0 0 0 0 0 0 0 0 0 0 0 0 0 0 0 0 0 0 0 0 47 229 255 138 0 22 23 0 0 0 0 0 0 0 0 0 0 0 0 0 0 0 0 0 0 0 0 0 9 3 0 0 5 3 0 0 0 0 0 0 0 0 0 0 0 0 0 0
0 0 0 0 0 0 0 0 0 0 0 5 1 2 5 1 0 6 2 0 0 0 0 5 0 0 0 0 0 0 0 0 0 0 0 0 0 5 8 0 0 0 0 0 11 0 0 0 4 10 2 0 0 0 0 0 0 0 0 0 0 0 0 0 0 0 0 0 3 6 2 6 0 0 32 5 2 0 0 0 0 0 0 0 0 0 0 0 0 0 0 0 3 4 5 15 16 0 0 1 1 0 0 0 0 1 15 0 0 0 0 0 0 0 0 0 0 0 0 0 2 0 0 0 0 0 0 10 0 11 0 35 14 0 0 0 0 0 0 0 0 0 0 0 0 0 0 0 0 13 19 0 0 76 177 227 248 148 0 0 8 0 12 3 0 0 0 0 0 0 0 0 0 0 0 0 16 0 0 43 120 220 255 234 255 240 144 0 3 0 5 0 0 0 0 0 0 0 0 0 0 0 0 0 0 8 120 241 255 243 200 135 95 208 255 20 0 1 9 0 0 0 0 0 2 0 1 5 0 0 8 0 7 74 239 248 196 78 18 0 0 42 242 59 8 0 0 0 0 0 0 0 0 0 3 1 0 5 6 2 51 238 255 168 13 7 0 17 2 0 243 150 0 0 18 0 0 0 0 0 0 0 6 0 0 5 0 17 198 252 177 0 9 0 0 7 4 30 236 132 2 0 8 0 0 0 0 0 3 0 8 0 2 0 0 67 249 221 5 13 1 3 0 0 0 147 226 108 0 4 0 11 0 0 0 0 1 0 6 0 9 1 10 128 249 87 15 0 7 0 20 24 13 215 231 203 4 8 0 6 0 0 0 0 2 0 3 0 7 0 14 124 255 61 16 0 0 10 20 33 153 243 250 255 99 0 7 0 0 0 0 0 1 8 1 0 2 0 3 64 249 169 0 20 27 43 205 234 255 255 255 242 129 0 8 0 0 0 0 0 0 12 0 0 6 0 5 20 206 255 227 225 249 255 252 253 252 248 251 250 40 0 1 0 0 0 0 0 0 0 0 0 0 0 0 0 46 213 253 243 255 255 247 251 251 255 250 138 0 12 0 2 0 0 0 0 0 0 0 0 0 0 0 0 0 25 120 132 112 226 255 253 247 255 239 32 13 4 0 4 0 0 0 0 0 0 0 0 0 0 0 0 7 0 0 0 2 61 236 253 251 255 116 0 7 0 2 0 0 0 0 0 0 0 0 0 0 0 0 0 0 0 0 0 0 14 152 255 255 181 3 13 0 1 17 0 0 0 0 0 0 0 0 0 0 0 0 0 1 6 0 6 0 58 246 255 197 41 5 0 0 10 0 1 0 0 0 0 0 0 0 0 0 0 0 0 0 0 5 25 5 255 248 221 69 0 10 0 8 3 0 3 0 0 0 0 0 0 0 0 0 0 0 0 10 0 10 0 177 249 255 131 0 5 0 7 0 0 0 1 0 0 0 0 0 0 0 0 0 0 0 0 0 11 0 140 255 252 140 1 13 0 11 3 0 12 0 5 0 0 0 0 0 0 0 0 0 0 0 0 1 6 57 255 255 190 25 0 0 0 0 0 0 0 0 0 0 0 0 0 0 0 0 0 0 0 0 0 0 7 0 12 0 11 0 3 0 0 0 0 0 0 0 0 0 0 0 0 0 0 0 0 0 0 0 0 0 6 12 1 0 0 0 0 0 0 0 0 0 0 0 0 0 0 0 0 0 0 0 0 0 0 0 0 10 0 0 0 7 0 0 3 0 0 0 0 0 0 0 0 0 0 0 0
0 0 0 0 0 0 0 0 0 0 4 0 0 4 12 4 0 3 4 1 0 0 0 0 0 0 0 0 0 0 0 0 0 0 0 0 12 0 0 15 5 0 0 0 0 0 0 0 0 0 0 0 0 0 0 0 0 0 0 0 0 0 0 0 1 0 2 0 0 0 11 10 2 0 0 0 0 2 1 0 0 0 0 0 0 0 0 0 0 0 0 0 0 3 11 0 0 4 2 0 3 1 1 3 3 0 0 0 0 0 0 0 0 0 0 0 0 0 0 0 12 0 0 3 0 0 6 11 0 0 3 7 4 0 0 2 0 0 0 0 0 0 0 0 0 0 0 0 0 0 5 5 0 0 0 0 0 0 0 3 2 0 0 5 0 0 0 0 0 0 0 0 0 0 0 0 7 0 20 95 197 244 166 44 17 3 0 0 2 0 0 4 0 0 0 0 0 0 0 0 0 0 0 0 0 93 215 255 233 205 221 246 40 15 0 0 3 1 0 0 0 0 0 0 0 0 4 0 0 0 0 14 103 241 255 195 61 0 57 241 187 25 85 32 0 7 12 0 0 0 0 0 0 6 0 0 17 0 0 156 251 255 130 7 0 0 12 213 240 133 243 146 14 0 0 0 0 0 0 0 0 8 0 0 11 0 33 251 248 128 24 0 10 0 0 211 197 155 255 160 1 0 0 8 0 0 0 0 8 0 3 0 0 0 110 253 255 29 0 0 0 0 15 175 119 180 243 144 0 7 0 0 0 0 0 0 0 0 6 0 0 8 168 254 174 0 22 0 0 6 0 18 33 231 255 165 3 7 0 0 0 0 0 0 0 6 2 0 14 0 132 255 205 0 9 5 6 1 11 5 19 248 255 140 0 0 0 10 0 0 0 0 0 7 0 0 8 0 49 236 255 47 0 0 10 0 0 0 140 255 250 91 0 0 0 2 0 0 0 0 5 0 0 10 0 2 3 199 245 230 76 0 1 11 1 67 232 253 252 63 0 5 6 0 0 0 0 0 0 0 0 0 0 4 9 12 190 249 248 227 173 150 217 248 247 255 255 88 15 0 0 2 0 0 0 0 2 0 0 0 0 2 5 7 0 123 196 236 255 255 228 128 22 241 254 51 0 0 15 0 0 0 0 0 2 1 0 0 0 0 0 0 6 4 0 23 32 8 11 0 35 255 255 53 6 0 5 0 0 0 0 0 0 0 0 0 0 0 0 0 0 0 0 2 3 0 8 7 141 240 253 57 2 1 0 3 0 0 0 0 0 0 0 0 0 0 0 0 0 14 8 0 0 7 6 0 118 240 255 55 0 5 0 4 0 0 0 0 0 0 0 0 0 0 0 0 9 0 0 10 10 0 0 9 84 255 255 53 11 0 4 0 0 0 0 0 0 0 0 0 0 0 0 1 0 0 5 0 0 0 1 11 119 255 230 47 12 0 4 2 0 0 0 0 2 1 0 0 0 0 0 0 0 1 7 1 3 9 0 0 195 250 255 67 0 2 1 0 0 0 0 0 0 0 0 0 0 0 0 0 0 0 0 0 0 0 0 0 182 255 226 62 0 1 4 0 0 0 0 0 0 0 0 0 0 0 0 0 0 0 0 0 0 0 0 0 42 169 102 0 19 10 0 22 0 0 0 0 0 0 0 0 0 0 0 0 0 0 0 0 0 0 0 0 0 7 15 1 0 0 9 0 0 0 0 0 0 0 0 0 0 0 0 0 0 0 0 0 0 0 0 0 4 0 0 1 2 1 0 0 0 0 0 0
0 0 0 0 0 0 0 0 9 0 0 14 1 0 8 0 4 2 0 13 0 3 0 0 0 0 0 0 0 0 0 0 0 0 0 0 0 5 0 0 10 0 4 0 0 1 0 0 0 3 1 9 0 0 0 0 0 0 0 0 0 0 0 0 0 1 1 0 1 0 15 1 0 10 7 8 0 3 0 0 0 0 0 0 0 0 0 0 0 0 0 0 16 0 12 6 0 0 15 0 0 0 0 1 0 1 0 0 0 0 0 0 0 0 0 0 0 0 0 0 0 0 2 7 10 0 7 1 15 1 0 0 3 0 0 5 0 0 0 0 0 0 0 0 0 0 0 0 8 14 0 0 1 0 0 8 0 0 0 0 8 0 1 0 0 0 0 0 0 0 0 0 0 0 0 0 0 0 6 7 0 23 3 0 0 7 18 0 0 0 9 0 0 0 0 0 0 0 0 0 0 0 0 0 2 7 113 190 142 245 255 185 125 130 106 21 0 0 11 0 0 0 0 0 4 2 1 0 0 5 11 130 255 255 249 255 249 255 252 255 254 255 251 248 129 27 0 9 0 0 0 0 0 2 0 5 21 0 42 255 237 255 182 138 132 99 142 250 255 248 255 255 238 0 0 0 0 0 0 0 8 0 1 0 0 18 136 252 199 3 0 1 2 13 12 115 248 255 240 255 139 6 0 9 0 0 0 0 0 11 7 0 5 0 113 255 129 0 3 2 0 0 0 6 141 176 255 255 42 4 3 0 0 0 0 0 0 7 5 0 10 3 120 255 132 0 6 7 0 12 11 0 13 115 255 255 17 0 0 1 0 0 0 0 9 0 0 0 0 13 130 250 191 7 0 0 0 5 0 13 0 203 240 255 0 12 0 14 0 0 0 0 0 1 0 7 17 0 18 244 247 198 14 0 14 0 9 0 111 255 255 188 8 6 4 0 0 0 0 0 5 0 0 0 0 0 2 129 255 247 190 136 0 0 124 197 255 245 254 130 0 0 5 5 0 0 0 0 0 0 0 0 0 0 0 0 71 250 255 226 255 255 230 255 252 255 255 114 8 15 0 5 0 0 0 0 0 0 0 0 0 0 0 0 0 21 110 145 118 128 146 117 0 192 255 131 0 0 0 5 0 0 0 0 0 0 0 0 0 0 0 0 18 0 5 20 0 0 11 0 8 247 244 128 9 2 2 0 0 0 0 0 0 0 0 0 0 0 0 0 0 4 0 0 4 4 0 7 0 255 255 123 7 8 0 0 0 0 0 0 0 0 0 0 0 0 0 0 2 1 8 9 5 6 0 0 0 255 237 10 0 17 14 0 0 0 0 0 0 0 0 0 0 0 0 0 4 0 0 4 0 0 10 9 59 255 255 0 0 0 1 0 0 0 0 0 0 0 0 0 0 0 0 0 6 4 3 8 8 0 0 0 127 255 230 12 2 4 4 3 0 0 0 0 0 0 0 0 0 0 0 0 5 0 1 0 0 5 12 0 5 250 255 120 0 8 0 8 0 0 0 0 0 0 0 0 0 0 0 0 0 0 0 0 0 0 0 0 134 255 255 119 6 0 9 0 0 0 0 0 0 0 0 0 0 0 0 0 0 0 0 0 0 0 0 0 119 255 236 78 3 0 0 11 0 0 0 0 0 0 0 0 0 0 0 0 0 0 0 0 0 0 0 0 59 255 203 0 0 33 0 0 0 0 0 0 0 0 0 0 0 0 0 0 0 0 0 0 0 0 0 0 0 0 2 8 0 0 6 17 0 0 0 0
0 0 0 0 0 0 0 0 2 0 0 0 0 6 7 0 0 3 0 0 1 0 6 1 0 0 0 0 0 0 0 0 0 0 0 0 4 0 1 2 0 0 0 0 0 0 0 21 0 4 11 0 0 0 0 0 0 0 0 0 0 0 0 0 3 0 0 8 13 8 4 5 2 5 0 0 0 1 14 0 0 0 0 0 0 0 0 0 0 0 0 0 3 0 0 0 2 0 0 0 4 0 2 10 23 0 0 0 0 0 0 0 0 0 0 0 0 0 0 0 0 7 4 0 0 0 0 14 0 8 0 0 0 0 1 12 0 0 0 0 0 0 0 0 0 0 0 0 0 5 0 0 13 7 0 1 38 65 142 242 59 0 0 1 0 0 0 0 0 0 0 0 0 0 0 0 7 7 0 0 6 0 0 34 204 254 104 24 0 36 0 0 0 0 0 0 0 0 0 0 0 0 0 0 0 4 1 0 0 0 81 211 212 67 0 11 0 0 11 0 0 0 0 0 0 0 0 0 0 0 0 0 5 0 0 2 12 6 199 206 41 4 2 0 13 5 0 6 0 0 0 0 0 0 0 0 0 0 0 0 0 0 0 5 0 191 201 26 0 0 10 3 0 10 0 8 0 0 0 0 0 0 0 0 0 0 0 0 0 7 29 0 146 247 55 0 7 135 168 13 0 0 10 0 0 0 0 0 0 0 0 0 0 0 0 0 0 0 0 107 243 86 16 7 34 251 213 0 11 0 11 0 0 0 0 0 0 0 0 0 0 0 0 0 2 0 32 255 142 16 0 0 141 241 78 0 8 2 0 3 0 0 0 0 0 0 0 0 0 0 0 0 0 10 203 167 1 0 0 119 254 163 10 2 1 0 9 0 0 0 0 0 0 0 0 0 0 0 0 0 0 54 228 61 0 23 125 246 223 48 12 0 0 0 24 0 0 0 0 0 0 0 0 0 0 0 0 0 11 159 221 121 172 237 121 219 165 0 3 4 0 10 0 3 0 0 0 0 0 0 0 0 0 0 0 0 0 76 243 255 191 54 25 209 40 0 5 5 0 0 0 6 0 0 0 0 0 0 0 0 0 0 0 0 4 0 4 0 10 0 105 138 4 0 0 0 0 4 0 0 0 0 0 0 0 0 0 0 0 0 0 0 4 2 5 0 7 3 223 95 7 2 13 3 0 6 1 0 0 0 0 0 0 0 0 0 0 0 0 0 0 0 0 12 10 47 232 11 0 0 2 0 0 1 2 0 0 0 0 0 0 0 0 0 0 0 0 0 10 0 0 0 0 128 226 0 0 1 0 2 3 0 0 2 0 0 0 0 0 0 0 0 0 0 0 0 0 9 11 7 0 166 203 0 0 6 0 5 11 0 0 0 0 0 0 0 0 0 0 0 0 0 0 0 6 5 2 0 2 138 209 18 0 11 0 0 1 0 4 5 0 0 0 0 0 0 0 0 0 0 0 0 0 0 2 0 3 74 240 98 72 83 30 0 0 0 3 0 0 0 0 0 0 0 0 0 0 0 0 0 1 0 0 2 0 12 115 229 218 111 11 0 3 5 0 4 0 0 0 0 0 0 0 0 0 0 0 0 5 0 0 6 2 0 0 10 11 0 0 2 4 0 0 0 0 0 0 0 0 0 0 0 0 0 0 0 3 3 0 0 0 1 0 0 0 1 2 0 0 0 3 1 0 0 0 0 0 0 0 0 0 0 0 0 0 2 11 4 0 3 7 7 6 7 1 0 2 12 5 0 0 0 0 0
0 0 0 0 0 0 0 0 7 0 0 10 0 0 7 3 1 2 1 5 0 0 6 0 0 0 0 0 0 0 0 0 0 0 0 0 0 10 0 0 29 7 0 4 0 0 0 3 4 0 0 1 0 0 0 0 0 0 0 0 0 0 0 0 0 10 0 0 0 5 3 6 4 2 0 1 6 0 0 5 0 0 0 0 0 0 0 0 0 0 0 0 0 0 8 13 0 0 11 0 0 5 7 0 1 0 0 8 0 0 0 0 0 0 0 0 0 0 0 0 17 0 0 5 5 0 0 2 0 0 9 0 0 4 0 5 0 0 0 0 0 0 0 0 0 0 0 0 0 0 14 5 0 0 16 0 27 0 0 0 0 9 0 0 0 0 0 0 0 0 0 0 0 0 0 0 1 0 3 0 43 168 255 250 140 21 0 2 0 8 0 0 0 0 0 0 0 0 0 0 0 0 0 0 4 7 0 51 205 255 245 255 254 65 0 4 0 5 0 4 0 0 0 0 0 0 0 0 0 0 0 0 0 3 18 207 253 246 106 191 252 152 0 10 0 0 15 0 0 0 0 0 0 0 0 0 0 0 0 0 3 3 81 255 251 54 20 23 226 184 10 0 0 0 4 0 0 0 0 0 0 0 0 0 0 0 0 0 0 16 181 243 174 10 0 50 228 245 66 0 2 2 0 2 0 0 0 0 0 0 0 0 0 0 0 0 2 16 224 211 0 13 3 155 244 255 100 2 2 5 0 1 0 0 0 0 0 0 0 0 0 0 0 0 0 118 245 221 0 0 5 196 247 253 98 0 0 1 4 0 0 0 0 0 0 0 0 0 0 0 0 0 16 128 255 211 42 47 162 250 255 246 106 6 0 0 8 0 0 0 0 0 0 0 0 0 0 0 0 0 0 90 238 255 233 247 255 250 255 255 125 11 0 1 2 0 0 0 0 0 0 0 0 0 0 0 0 0 0 0 78 253 237 255 226 145 226 254 126 0 1 0 0 5 0 0 0 0 0 0 0 0 0 0 0 0 4 6 0 61 166 144 51 0 212 255 120 1 7 0 1 0 0 0 0 0 0 0 0 0 0 0 0 0 0 0 25 2 0 4 14 4 204 255 137 0 0 0 2 3 0 0 0 0 0 0 0 0 0 0 0 0 6 0 9 0 0 0 0 0 223 253 121 0 4 0 0 3 0 0 0 0 0 0 0 0 0 0 0 0 0 16 0 0 19 2 0 49 247 228 50 0 13 1 0 2 0 0 0 0 0 0 0 0 0 0 0 0 0 2 0 5 0 3 8 103 248 205 0 1 4 0 2 0 0 0 0 0 0 0 0 0 0 0 0 0 15 0 2 11 1 7 0 164 252 194 0 12 0 0 9 0 0 0 0 0 0 0 0 0 0 0 0 0 8 0 0 0 0 0 49 251 255 147 2 13 0 0 5 0 0 0 0 0 0 0 0 0 0 0 0 0 0 3 5 1 1 25 217 248 248 74 0 0 4 0 0 5 0 0 0 0 0 0 0 0 0 0 0 0 0 0 11 0 0 43 255 249 134 13 0 4 0 10 5 0 0 0 0 0 0 0 0 0 0 0 0 0 14 0 0 0 0 52 229 235 54 0 0 6 0 0 1 0 0 0 0 0 0 0 0 0 0 0 0 0 0 0 13 11 0 0 12 0 0 0 9 5 0 0 2 5 0 0 0 0 0 0 0 0 0 0 0 0 6 0 0 0 0 1 6 9 0 2 4 0 0 3 0 2 0 0 0 0
0 0 0 0 0 0 0 0 6 0 0 0 5 3 3 6 7 0 1 0 14 0 3 0 0 0 0 0 0 0 0 0 0 0 0 0 0 0 7 10 3 0 0 0 0 0 2 0 0 0 3 1 0 0 0 0 0 0 0 0 0 0 0 0 3 1 0 0 0 4 9 9 5 6 11 0 2 0 1 0 0 0 0 0 0 0 0 0 0 0 0 0 0 0 2 0 0 0 0 0 0 0 0 0 2 0 1 1 0 0 0 0 0 0 0 0 0 0 0 0 0 4 9 3 0 0 4 11 6 0 0 3 0 0 0 7 0 0 0 0 0 0 0 0 0 0 0 0 9 0 0 0 0 0 0 0 0 4 5 9 0 5 0 0 0 0 0 0 0 0 0 0 0 0 0 0 2 0 0 4 6 0 0 3 40 123 196 250 253 227 109 0 0 0 0 0 0 0 0 0 0 0 0 0 0 0 4 1 0 22 111 200 220 255 255 250 253 255 139 0 0 0 0 0 0 0 0 0 0 0 0 0 3 0 0 18 87 254 255 255 255 236 203 220 218 255 243 169 0 0 0 0 0 0 0 0 0 0 0 0 0 9 38 217 252 248 249 181 113 42 0 0 105 255 251 205 0 0 0 0 0 0 0 0 0 0 0 0 7 133 246 255 231 217 67 19 0 0 0 89 229 255 255 180 0 0 0 0 0 0 0 0 0 0 0 0 0 255 255 213 98 0 0 0 2 34 171 239 255 255 200 62 0 0 0 0 0 0 0 0 0 0 0 0 167 236 182 69 0 5 52 73 185 253 255 255 255 182 30 0 0 0 0 0 0 0 0 0 0 0 0 0 210 255 195 98 90 172 241 247 255 255 238 255 156 32 1 2 0 0 0 0 0 0 0 0 0 0 0 0 197 255 255 248 255 251 255 255 255 255 242 116 12 0 0 4 0 0 0 0 0 0 0 0 0 0 0 0 90 150 255 238 154 163 222 253 253 249 137 4 0 1 17 0 0 0 0 0 0 7 5 0 0 0 0 2 0 6 0 0 15 65 228 255 255 122 12 0 4 0 0 1 0 0 0 0 1 0 0 2 7 5 2 2 0 12 6 29 140 247 253 239 64 10 0 0 4 1 2 5 0 0 0 0 5 0 0 6 1 0 0 0 8 0 0 83 252 255 255 103 0 0 4 9 1 0 2 0 0 0 0 0 1 0 3 6 0 0 1 2 6 1 74 221 255 221 106 18 4 0 2 0 0 0 6 0 0 0 0 0 0 0 2 1 0 4 5 0 0 90 244 255 255 85 0 1 0 0 0 2 0 2 5 0 0 0 0 0 0 2 0 0 6 5 0 0 84 238 255 221 103 9 0 0 6 0 8 14 3 0 0 1 0 0 0 0 1 9 0 0 5 0 6 63 255 249 245 70 0 4 10 1 0 0 0 0 0 0 5 6 0 0 0 0 0 11 0 0 6 0 44 165 255 247 132 13 3 0 0 1 0 0 4 0 0 5 6 0 0 0 0 0 3 0 0 9 3 37 221 255 255 68 8 15 0 0 0 15 0 0 0 0 0 0 0 0 0 0 0 0 0 5 10 7 0 2 164 227 188 30 0 0 0 16 0 0 0 0 0 0 0 0 0 0 0 0 0 0 10 0 0 0 0 0 6 0 12 0 11 15 0 4 0 8 0 0 0 0 0 0 0 0 0 0 0 0 0 0 1 5 16 10 1 4 0 0 10 0 0 0 0 5 0 0 0 0 0 0 0 0 0 0 0 0
0 0 0 0 0 0 0 0 5 0 0 1 2 0 1 7 0 9 0 8 0 6 3 0 0 0 0 0 0 0 0 0 0 0 0 0 0 0 6 8 0 0 0 0 5 1 0 0 0 0 3 2 0 0 0 0 0 0 0 0 0 0 0 0 5 1 0 0 0 6 10 9 0 0 3 19 0 10 0 3 0 0 0 0 0 0 0 0 0 0 0 0 0 2 1 0 0 2 0 0 9 0 0 0 0 12 0 0 0 0 0 0 0 0 0 0 0 0 0 0 0 1 5 1 0 0 2 5 0 0 17 0 0 0 2 8 0 0 0 0 0 0 0 0 0 0 0 0 6 0 0 0 2 2 0 0 7 11 0 20 0 0 0 0 0 0 0 0 0 0 0 0 0 0 0 0 0 0 0 8 9 0 0 3 41 127 177 247 135 9 0 12 0 0 0 0 0 0 0 0 0 0 0 0 0 0 6 0 0 10 96 185 255 237 255 255 241 6 18 0 0 0 0 0 0 3 10 0 5 5 4 0 0 0 0 22 96 187 255 247 255 244 255 255 236 14 8 0 0 0 0 0 5 0 7 1 0 0 0 14 8 15 68 214 255 255 248 255 185 105 66 213 255 1 0 1 0 0 0 0 0 0 7 0 0 10 0 0 0 162 255 248 248 215 150 18 0 4 46 255 255 69 10 8 0 0 0 0 0 1 2 0 0 9 5 53 185 249 244 213 97 29 0 15 0 46 198 250 255 181 0 0 0 0 0 0 1 1 0 3 9 0 49 213 255 237 153 0 0 0 18 0 122 241 255 253 255 33 9 3 0 0 0 0 0 8 0 0 13 0 125 255 245 111 0 6 2 38 105 246 255 251 247 255 144 2 0 0 0 0 0 0 0 9 1 0 6 31 210 241 107 15 12 65 169 219 245 255 250 238 254 247 12 0 9 2 0 0 0 0 0 0 4 0 0 33 255 254 113 162 238 252 241 255 246 220 255 255 255 121 0 12 0 0 0 0 0 0 0 0 0 0 4 35 228 255 255 247 255 240 197 90 42 159 245 255 163 0 5 1 0 7 0 0 0 0 4 0 7 11 0 0 131 201 207 156 83 44 0 9 157 244 252 197 70 0 0 12 0 1 0 0 0 0 1 0 0 8 3 0 11 0 6 0 0 0 0 152 242 255 220 88 0 2 0 6 3 0 0 0 0 0 0 5 1 1 0 13 0 0 2 0 18 14 20 255 255 236 134 10 0 5 8 0 9 0 0 0 0 0 5 1 0 6 0 0 0 36 4 0 0 0 46 255 255 172 43 0 0 7 11 0 4 0 0 0 0 0 4 0 0 2 2 11 0 0 0 3 6 2 170 242 113 13 0 5 0 4 0 7 0 1 0 0 0 0 0 10 5 0 0 10 15 5 7 3 3 63 243 255 116 34 0 7 0 0 0 9 0 0 0 0 0 0 4 0 0 7 0 0 1 0 0 0 0 218 249 251 255 118 1 0 11 0 0 0 9 0 0 0 0 0 0 0 0 0 0 0 0 0 0 0 12 240 255 245 144 18 0 0 0 0 0 0 0 0 0 0 0 0 0 0 0 0 0 0 0 0 25 0 12 218 194 66 0 0 0 0 0 0 0 0 0 0 0 0 0 0 0 0 0 0 0 0 0 0 0 1 0 3 0 0 14 0 0 0 0 0 0 0 0 0 0 0 0 0 0 0 0 0 0 0 0 0 0 0 0 0 17 0 0 0 0 0 0 0 0 0 0 0 0 0 0 0
0 0 0 0 0 0 0 0 0 0 0 0 0 2 2 0 0 8 1 0 0 11 0 0 0 0 0 0 0 0 0 0 0 0 0 0 0 0 6 10 2 0 0 0 4 0 0 0 0 10 0 5 0 0 0 0 0 0 0 0 0 0 0 0 11 0 0 0 1 1 7 17 0 0 8 22 0 0 0 0 0 0 0 0 0 0 0 0 0 0 0 0 0 0 0 1 3 1 0 0 7 0 0 0 0 4 13 0 0 0 0 0 0 0 0 0 0 0 0 0 0 7 13 3 0 1 6 5 2 8 0 0 0 0 5 0 0 0 0 0 0 0 0 0 0 0 0 0 3 5 0 0 0 2 0 0 0 10 0 0 12 0 10 11 0 0 0 0 0 0 0 0 0 0 0 0 0 0 0 5 4 0 3 15 73 183 248 245 165 3 0 2 0 0 0 0 0 0 0 0 0 0 0 0 1 0 4 5 0 18 119 227 251 255 247 255 245 86 9 0 0 0 0 0 0 0 0 0 0 0 0 0 0 2 7 0 46 178 255 245 255 255 227 237 233 49 1 0 0 0 0 0 0 0 0 0 0 0 0 0 0 6 0 16 181 255 242 242 165 69 73 24 0 6 0 7 0 0 0 0 0 0 0 0 0 0 0 0 8 1 22 189 246 253 213 69 33 208 255 185 0 4 8 0 0 0 0 0 0 0 0 0 0 0 0 0 0 0 178 255 250 136 20 13 232 255 229 255 67 3 0 12 0 0 0 0 0 0 0 0 0 0 0 0 12 60 253 249 248 30 8 145 255 231 255 198 0 7 0 0 0 0 0 0 0 0 0 0 0 0 0 0 0 168 254 255 143 20 161 255 255 244 255 92 0 5 1 3 0 0 0 0 0 0 0 0 0 0 0 0 57 255 247 245 196 255 242 255 248 249 130 0 17 0 0 0 0 0 0 0 0 0 0 0 0 0 0 0 13 249 255 251 241 255 255 249 252 204 19 0 0 0 0 9 0 0 0 0 0 0 0 0 0 0 0 0 6 172 238 255 255 164 255 248 235 54 0 1 0 5 0 2 0 0 0 0 0 0 0 0 0 0 0 0 0 1 89 141 52 173 254 251 109 6 0 0 0 3 0 10 0 0 0 0 0 0 0 0 0 0 0 0 0 0 16 9 7 253 253 238 15 0 6 1 0 4 0 3 0 0 0 0 0 0 0 0 0 0 0 0 0 6 0 0 97 255 252 101 2 1 9 0 0 8 0 0 0 0 0 0 0 0 0 0 0 0 0 0 7 7 0 35 248 252 216 30 1 2 0 0 0 6 0 0 0 0 0 0 0 0 0 0 0 0 0 0 0 0 0 80 255 254 134 4 0 0 0 0 0 0 0 8 0 0 0 0 0 0 0 0 0 0 0 0 13 0 41 189 226 255 96 0 0 4 5 6 0 0 0 2 0 0 0 0 0 0 0 0 0 0 0 0 0 13 48 244 255 244 7 11 0 1 0 1 0 0 7 0 0 0 0 0 0 0 0 0 0 0 0 0 4 0 140 247 252 150 0 1 0 0 0 0 0 0 0 0 0 0 0 0 0 0 0 0 0 0 0 0 3 0 13 232 237 22 3 0 0 0 0 0 0 0 0 0 0 0 0 0 0 0 0 0 0 0 0 0 2 0 4 0 0 10 0 0 0 0 0 0 0 0 0 0 0 0 0 0 0 0 0 0 0 0 0 0 12 0 10 1 4 14 0 10 0 0 0 0 0 0 0 0 0 0 0 0
0 0 0 0 0 0 0 0 0 1 2 0 0 0 2 6 1 1 4 2 0 3 5 0 0 0 0 0 0 0 0 0 0 0 0 0 2 0 0 2 6 3 0 0 0 0 0 0 0 9 1 0 0 0 0 0 0 0 0 0 0 0 0 0 8 0 0 0 0 5 7 6 3 12 0 0 0 6 0 3 0 0 0 0 0 0 0 0 0 0 0 0 0 0 3 3 0 0 0 0 0 8 0 5 0 4 0 11 0 0 0 0 0 0 0 0 0 0 0 0 0 1 2 1 1 2 5 8 0 4 0 9 1 3 0 0 0 0 0 0 0 0 0 0 0 0 0 0 7 1 0 0 0 0 0 0 10 0 0 0 1 8 17 8 0 0 0 0 0 0 0 0 0 0 0 0 0 0 4 4 0 0 1 7 9 0 17 11 0 0 10 0 0 0 0 0 0 0 0 0 0 0 0 0 0 5 3 0 0 40 122 188 182 176 240 205 133 43 43 0 0 0 0 0 3 0 7 0 11 0 0 4 5 0 4 94 197 215 255 253 255 248 255 253 251 239 246 18 0 0 0 0 0 0 7 0 0 0 12 7 0 22 176 240 255 212 133 62 12 31 37 44 63 104 255 80 0 0 0 0 0 0 0 3 0 5 3 0 49 187 255 190 101 1 1 1 4 0 2 0 0 25 177 41 0 0 0 0 3 0 0 2 0 6 0 33 238 201 121 20 20 0 11 0 9 0 2 9 4 4 44 0 0 0 0 0 0 0 7 0 0 0 5 181 255 26 7 0 0 4 0 0 26 29 0 0 0 0 0 4 0 0 0 0 1 0 6 0 6 2 43 255 149 0 2 12 3 1 0 29 176 204 9 5 0 3 3 2 0 0 0 0 3 0 0 0 13 10 95 245 37 9 1 5 0 0 15 136 242 250 3 0 0 4 10 0 0 0 0 0 0 5 0 0 0 0 148 246 146 7 0 2 4 47 62 255 255 233 30 2 0 0 0 4 0 0 0 0 1 0 0 1 0 16 132 255 245 217 213 208 208 253 240 254 255 191 0 5 6 0 0 0 0 0 0 0 2 0 1 5 0 0 59 134 247 250 255 253 255 226 99 129 235 166 0 0 0 0 8 3 0 0 0 0 3 0 1 7 0 0 0 18 47 50 168 175 104 75 9 82 255 172 17 7 1 0 4 0 0 0 0 0 3 0 0 3 3 0 0 0 3 0 18 0 1 11 0 140 251 117 0 0 0 0 3 1 0 0 0 0 0 1 1 0 0 4 6 3 0 6 0 0 0 0 4 161 240 61 0 0 3 0 0 6 0 0 0 0 0 2 3 0 0 0 3 3 14 0 0 10 8 0 0 95 254 45 1 6 10 0 0 0 0 0 0 0 0 1 2 0 0 0 0 0 0 14 4 0 13 0 14 255 217 8 2 0 0 0 3 0 0 0 0 0 0 0 0 0 3 5 3 0 9 0 6 1 0 0 5 245 200 0 15 0 0 3 10 0 0 0 0 0 0 0 0 0 0 0 0 0 5 0 0 0 1 4 0 254 158 0 3 0 0 0 18 0 0 0 0 0 0 0 0 0 0 0 0 0 0 0 10 0 0 0 65 255 185 14 1 2 11 0 1 0 0 0 0 0 0 0 0 0 0 0 0 0 8 2 3 0 0 11 146 250 131 9 0 0 10 0 0 0 0 0 0 0 0 0 0 0 0 0 0 0 0 0 12 8 14 0 11 1 29 0 6 0 0 0 2 3 0 0 0 0
0 0 0 0 0 0 0 0 0 0 0 0 0 0 0 0 0 0 0 0 0 0 0 0 0 0 0 0 0 0 0 0 0 0 0 0 0 0 0 0 0 0 0 0 0 0 0 0 0 0 0 0 0 0 0 0 0 0 0 0 0 0 0 0 0 0 0 0 0 0 0 0 0 0 0 0 0 0 0 0 0 0 0 0 0 0 0 0 0 0 0 0 0 0 0 0 0 0 0 0 0 0 0 0 0 0 0 0 0 0 0 0 0 0 0 0 0 0 0 0 0 0 0 0 0 0 0 0 0 0 0 0 0 0 0 0 0 0 0 0 0 0 0 0 0 0 0 0 0 0 0 0 0 0 0 0 0 0 0 0 0 0 0 0 0 0 0 0 0 0 0 0 0 0 0 0 0 0 0 0 0 0 0 0 0 0 0 0 0 0 0 0 0 0 0 0 0 0 0 0 0 0 0 0 0 0 0 0 0 0 0 0 0 0 0 0 0 0 0 0 0 0 0 0 5 0 0 3 0 0 7 0 0 17 122 184 255 255 248 255 246 196 5 0 1 7 0 4 0 0 0 0 1 0 5 6 4 0 0 7 64 181 255 255 255 245 246 255 255 255 180 13 173 255 55 2 0 0 0 0 0 5 4 0 5 0 0 54 244 255 245 55 0 2 21 0 194 255 255 191 255 255 65 0 0 0 0 0 0 6 0 0 4 0 4 146 255 244 10 3 9 9 0 0 0 186 240 255 251 190 0 10 0 0 0 0 5 4 0 0 9 0 13 231 255 45 15 0 0 4 0 12 2 201 255 249 187 23 0 1 0 0 0 0 2 0 0 1 8 0 3 255 243 19 0 11 4 12 0 2 65 248 252 255 72 0 16 0 0 0 0 0 0 0 0 0 0 0 0 255 255 47 7 9 0 0 82 185 245 255 201 0 0 0 5 1 0 0 0 0 5 1 5 0 0 5 0 255 253 255 0 50 134 201 255 251 255 187 0 2 0 14 0 0 0 0 0 0 8 0 0 5 0 0 17 51 254 255 253 254 255 255 248 255 255 113 5 0 0 0 3 0 0 0 0 0 0 0 0 4 2 0 0 15 68 189 187 255 108 4 136 250 228 92 1 0 2 3 3 0 0 0 0 0 0 0 0 3 5 1 0 0 1 0 17 0 19 0 200 233 68 8 0 1 0 0 3 3 0 0 0 0 3 2 0 0 1 6 4 0 1 0 0 6 0 67 246 255 0 0 2 16 4 0 0 1 0 0 0 0 0 0 0 0 0 0 2 0 0 6 22 0 0 255 240 188 13 2 0 1 1 3 2 0 0 0 0 0 0 0 4 1 0 0 0 0 10 0 0 5 135 255 255 126 0 0 0 0 0 2 3 3 0 0 0 0 1 1 4 6 4 0 0 0 0 0 12 0 130 254 174 5 0 8 13 10 6 0 0 0 0 0 0 0 6 0 0 0 1 0 0 5 3 9 0 0 130 249 142 0 2 0 0 0 3 6 0 0 0 0 0 0 0 0 0 0 0 0 0 0 4 0 0 0 136 251 114 7 0 0 0 0 0 0 0 0 0 0 0 0 0 0 0 0 0 0 0 0 0 0 11 3 127 255 147 0 0 0 0 0 0 0 0 0 0 0 0 0 0 0 0 0 0 0 0 0 18 5 0 0 91 235 193 0 0 0 0 0 0 0 0 0 0 0 0 0 0 0 0 0 0 0 0 0 0 3 20 3 0 77 179 79 0 0 0 0 0 0 0 0 0 0 0 0
0 0 0 0 0 0 0 0 8 0 0 6 3 7 0 0 0 13 0 0 0 0 13 0 0 0 0 0 0 0 0 0 0 0 0 0 3 6 6 0 0 0 0 7 3 0 3 13 0 2 0 0 0 0 0 0 0 0 0 0 0 0 0 0 0 6 0 0 16 14 0 0 0 0 0 15 0 7 0 7 0 0 0 0 0 0 0 0 0 0 0 0 2 9 0 0 0 0 0 0 0 24 0 0 5 0 0 1 0 0 0 0 0 0 0 0 0 0 0 0 6 0 0 15 0 0 13 8 5 8 0 0 12 0 0 1 0 0 0 0 0 0 0 0 0 0 0 0 0 0 3 4 0 0 0 0 10 0 5 7 0 12 0 10 0 0 0 0 0 0 0 0 0 0 0 0 4 7 16 0 0 25 0 0 0 30 0 0 0 3 0 2 0 0 0 0 0 0 0 0 0 0 0 0 1 0 0 11 171 231 69 0 7 186 10 2 4 5 0 5 0 0 0 0 0 0 0 0 0 0 0 0 0 5 34 234 255 255 197 6 185 244 27 0 0 0 1 0 0 0 0 0 0 0 0 0 0 0 0 0 0 27 248 244 251 239 96 30 244 255 50 13 9 3 5 0 0 0 0 0 0 0 0 0 0 0 0 0 0 121 241 255 230 203 61 54 255 243 26 0 0 0 0 0 0 0 0 0 0 0 0 0 0 0 0 0 8 147 255 230 143 0 54 221 252 201 5 0 0 0 4 4 0 0 0 0 0 0 0 0 0 0 0 0 10 221 252 65 4 27 181 255 255 171 2 2 7 4 5 1 0 0 0 0 0 0 0 0 0 0 0 0 32 198 255 3 1 60 132 146 251 140 0 0 0 0 0 0 0 0 0 0 0 0 0 0 0 0 0 0 0 147 255 127 98 249 78 162 255 127 3 3 0 1 7 0 0 0 0 0 0 0 0 0 0 0 0 0 0 157 250 247 236 174 44 165 255 123 6 0 0 0 5 0 0 0 0 0 0 0 0 0 0 0 0 0 7 111 255 248 206 28 0 162 255 217 15 0 0 0 7 0 0 0 0 0 0 0 0 0 0 0 0 0 0 0 71 203 10 6 0 177 250 179 0 0 0 0 2 1 0 0 0 0 0 0 0 0 0 0 0 0 4 4 0 2 0 1 4 148 248 139 0 3 2 0 0 4 0 0 0 0 0 0 0 0 0 0 0 0 4 0 0 0 5 0 7 183 255 121 0 4 0 1 0 0 0 0 0 0 0 0 0 0 0 0 0 0 0 7 0 9 8 5 0 161 255 121 8 0 0 5 0 0 0 0 0 0 0 0 0 0 0 0 0 0 19 0 9 0 0 4 19 88 255 123 8 0 0 2 4 0 0 0 0 0 0 0 0 0 0 0 0 0 0 11 0 10 5 0 0 174 252 126 4 0 5 0 4 0 0 0 0 0 0 0 0 0 0 0 0 0 0 10 0 0 0 7 3 161 252 129 1 0 16 0 1 1 0 0 0 0 0 0 0 0 0 0 0 0 6 0 0 0 5 0 12 156 254 128 9 0 0 0 20 0 0 0 0 0 0 0 0 0 0 0 0 0 0 0 7 0 4 0 0 89 255 108 7 0 0 0 0 2 0 0 0 0 0 0 0 0 0 0 0 0 0 0 12 0 0 5 0 23 149 31 0 3 6 3 0 5 0 0 0 0 0 0 0 0 0 0 0 0 3 0 8 0 0 9 1 0 11 0 0 1 0 6 0 1 0 0 0 0
0 0 0 0 0 0 0 0 0 0 0 0 1 2 2 1 6 5 0 11 0 5 0 0 0 0 0 0 0 0 0 0 0 0 0 0 4 3 0 0 0 0 0 2 0 4 0 1 0 12 8 8 0 0 0 0 0 0 0 0 0 0 0 0 0 0 2 3 2 1 1 2 7 2 0 13 0 0 0 5 0 0 0 0 0 0 0 0 0 0 0 0 0 0 0 0 0 0 0 0 0 1 0 0 1 18 10 0 0 0 0 0 0 0 0 0 0 0 0 0 1 0 0 0 3 8 10 11 3 0 3 3 1 0 0 11 0 0 0 0 0 0 0 0 0 0 0 0 0 0 3 3 0 0 0 0 8 0 0 0 5 0 0 0 0 0 0 0 0 0 0 0 0 0 0 0 0 3 4 0 0 0 24 48 127 207 244 145 48 0 1 0 0 0 0 0 0 0 0 0 0 0 0 0 0 0 0 0 16 86 186 255 255 237 255 250 177 33 0 10 0 0 0 0 0 0 0 0 0 0 0 0 4 0 8 23 162 218 255 251 250 169 179 234 254 124 0 4 0 0 0 0 0 0 0 0 0 0 0 0 0 19 38 228 255 255 244 116 46 0 11 255 255 108 14 0 0 0 0 0 0 0 0 0 0 0 0 0 0 87 255 254 231 166 54 3 17 0 19 83 95 0 9 3 0 0 0 0 0 0 0 0 0 0 0 0 111 220 247 206 106 0 8 0 0 72 203 249 35 9 5 0 0 0 0 0 0 0 0 0 0 0 0 0 185 255 211 12 0 14 10 46 228 255 242 234 73 1 0 4 0 0 0 0 0 0 0 0 0 0 0 0 247 230 237 159 158 192 241 248 245 255 255 186 10 0 2 2 0 0 0 0 0 0 0 0 0 0 0 0 202 255 241 246 242 255 239 255 245 241 195 0 12 3 3 0 0 0 0 0 0 0 0 0 0 0 0 0 12 63 136 105 140 59 90 242 255 218 12 0 3 0 0 5 0 0 0 0 0 0 0 0 0 0 0 0 0 7 0 3 7 2 178 255 227 90 2 0 0 0 3 0 0 0 0 0 0 0 0 0 0 0 0 0 4 0 13 0 0 150 243 245 66 7 0 7 3 0 5 0 0 0 0 0 0 0 0 0 0 0 0 0 11 3 0 19 126 243 255 86 0 0 0 8 0 0 8 1 0 0 0 0 0 0 0 0 0 0 0 0 0 24 9 58 255 248 235 9 11 4 6 2 0 0 8 1 0 0 0 0 0 0 0 0 0 0 0 0 14 0 0 236 253 212 0 2 0 0 0 2 2 3 3 0 0 0 0 0 0 0 0 0 0 0 0 0 0 10 182 248 247 135 7 0 0 0 0 3 3 0 0 1 0 0 0 0 0 0 0 0 0 0 0 0 3 117 255 238 165 12 0 0 5 10 5 0 0 0 0 3 0 0 0 0 0 0 0 0 0 0 0 0 33 215 237 255 190 136 14 2 0 5 0 0 0 10 4 0 0 0 0 0 0 0 0 0 0 0 0 0 143 241 255 254 198 74 1 0 0 0 0 0 0 0 0 0 0 0 0 0 0 0 0 0 0 0 0 0 120 255 255 131 30 0 4 4 0 0 0 0 0 0 0 0 0 0 0 0 0 0 0 0 0 0 0 0 1 9 0 0 7 0 0 0 0 0 0 0 0 0 0 0 0 0 0 0 0 0 0 0 0 0 0 0 0 0 0 10 2 0 0 10 0 0 0 0 0 0 0 0 0 0 0 0
0 0 0 0 0 0 0 0 10 0 0 5 7 0 0 0 0 0 4 0 0 0 0 0 0 0 0 0 0 0 0 0 0 0 0 0 0 1 2 0 0 0 3 4 4 0 0 4 2 0 0 9 0 0 0 0 0 0 0 0 0 0 0 0 9 0 0 8 16 9 0 0 4 2 0 0 5 16 5 0 0 0 0 0 0 0 0 0 0 0 0 0 3 2 1 0 0 0 0 12 0 5 8 0 0 0 6 13 0 0 0 0 0 0 0 0 0 0 0 0 0 5 8 0 0 8 6 0 0 0 0 12 14 1 0 1 0 0 0 0 0 0 0 0 0 0 0 0 6 0 0 7 6 0 0 4 4 13 5 0 0 7 8 0 0 0 0 0 0 0 0 0 0 0 0 0 6 0 0 0 0 21 85 147 219 240 213 119 27 0 0 8 0 0 0 0 0 0 0 0 0 0 0 0 0 7 0 4 96 225 255 240 255 245 253 255 188 68 0 0 0 0 0 0 0 0 9 0 10 1 0 6 0 0 6 171 229 248 255 195 177 197 244 255 247 248 187 123 0 0 0 0 11 0 7 9 0 0 0 0 53 113 215 238 255 212 94 23 4 0 196 233 255 245 247 255 0 0 0 0 1 0 0 0 0 20 50 111 225 243 255 172 89 8 0 2 3 9 174 255 249 246 250 148 0 0 0 0 5 0 4 11 0 118 226 255 255 236 82 0 5 9 0 1 0 61 246 241 255 242 115 0 0 0 0 0 0 14 0 0 78 238 255 255 151 45 14 8 0 1 0 3 145 243 252 251 255 206 2 13 0 0 0 0 9 0 0 16 112 255 240 87 11 0 0 0 32 7 114 215 223 255 252 252 244 77 14 0 0 0 0 0 2 6 0 0 139 255 201 85 0 29 92 124 219 222 255 232 255 251 251 221 44 5 0 0 0 0 0 0 3 0 2 4 129 252 255 229 239 220 255 244 255 197 140 255 247 255 140 138 0 0 22 0 0 0 0 0 6 0 0 13 112 227 255 247 247 224 163 108 25 17 205 247 255 209 15 0 0 5 0 5 0 0 0 0 0 8 14 1 3 36 74 94 46 0 8 0 0 137 251 255 210 81 0 3 0 0 7 0 0 0 0 0 8 0 0 0 0 0 2 4 12 0 4 7 109 250 251 228 113 0 0 1 6 0 3 0 0 0 0 0 7 0 0 7 8 0 0 0 0 11 1 90 248 243 249 122 15 0 17 0 12 0 0 8 0 0 0 0 0 1 7 4 0 0 0 0 14 0 0 151 255 238 255 54 0 16 14 0 9 0 0 8 0 0 0 0 3 0 0 0 4 13 9 0 0 19 30 208 255 238 182 0 0 12 0 8 0 0 1 0 0 0 0 0 0 5 9 4 0 0 0 0 25 59 215 249 233 247 22 14 9 0 0 13 0 0 9 0 0 0 0 0 0 0 0 6 6 0 0 6 162 255 247 251 113 0 5 0 0 4 7 1 0 2 2 1 0 0 0 0 0 0 0 0 0 0 0 0 79 246 255 217 116 0 0 9 0 0 0 0 0 0 0 0 0 0 0 0 0 0 0 0 0 0 0 0 0 139 115 21 0 0 23 0 0 0 0 0 0 0 0 0 0 0 0 0 0 0 0 0 0 0 0 0 0 14 1 0 5 0 0 0 0 0 0 0 0 0 0 0 0 0 0 0 0 0 0 0 0 0 0 0 10 0 0 5 6 0 0 2 0 0 0 0 0 0 0 0 0 0 0 0
0 0 0 0 0 0 0 0 7 0 0 6 2 0 0 10 6 0 0 5 5 0 3 0 0 0 0 0 0 0 0 0 0 0 0 0 0 1 4 0 0 7 1 0 0 6 3 0 0 0 5 0 0 0 0 0 0 0 0 0 0 0 0 0 9 0 0 0 0 0 3 7 0 2 4 0 0 3 0 0 0 0 0 0 0 0 0 0 0 0 0 0 0 7 10 0 0 9 5 0 3 0 0 0 7 5 0 2 0 0 0 0 0 0 0 0 0 0 0 0 3 0 0 1 0 0 0 3 7 1 6 0 0 3 0 6 0 0 0 0 0 0 0 0 0 0 0 0 0 0 0 1 7 8 4 0 0 0 13 0 0 10 0 0 0 0 0 0 0 0 0 0 0 0 0 0 0 20 5 0 60 200 255 238 62 0 2 4 0 11 0 0 0 0 0 0 0 0 0 0 0 0 0 0 8 0 10 91 188 247 255 252 208 36 0 0 0 1 0 11 0 0 0 0 0 0 0 0 0 0 0 0 5 7 179 242 230 65 44 162 255 110 12 0 0 0 0 4 0 0 0 0 0 0 0 0 0 0 0 0 0 141 255 242 56 5 0 78 249 160 0 0 6 10 1 0 0 0 0 0 0 0 0 0 0 0 0 0 31 230 255 38 7 0 20 2 202 190 0 0 0 1 1 4 0 0 0 0 0 0 0 0 0 0 0 0 87 255 194 6 4 0 0 27 247 235 17 6 1 0 0 0 0 0 0 0 0 0 0 0 0 0 0 0 124 244 142 57 48 136 163 192 249 198 13 0 2 1 0 2 0 0 0 0 0 0 0 0 0 0 0 0 114 255 255 239 255 255 248 235 255 253 114 4 14 0 0 0 0 0 0 0 0 0 0 0 0 0 0 0 10 134 200 232 176 83 75 190 139 255 166 5 1 0 0 7 0 0 0 0 0 0 0 0 0 0 0 0 5 0 0 21 0 9 2 0 42 255 179 0 0 8 0 0 0 0 0 0 0 0 0 0 0 0 0 0 0 0 0 0 0 0 0 0 47 251 184 0 7 0 2 3 0 0 0 0 0 0 0 0 0 0 0 0 0 0 0 0 0 0 0 0 98 255 180 0 11 0 0 0 0 0 0 0 0 0 0 0 0 0 0 0 0 0 0 0 0 0 0 0 143 255 172 0 10 0 1 0 0 0 0 0 0 0 0 0 0 0 0 0 0 0 0 0 0 0 0 0 149 247 171 0 2 0 6 0 0 0 0 0 0 0 0 0 0 0 0 0 0 0 0 0 0 0 0 0 141 248 190 7 0 0 8 0 0 0 0 0 0 0 0 0 0 0 0 0 0 0 0 0 0 0 0 0 141 255 210 14 0 0 4 0 0 0 0 0 0 0 0 0 0 0 0 0 0 0 0 0 0 0 0 0 141 255 205 8 0 2 0 0 0 0 0 0 0 0 0 0 0 0 0 0 0 0 0 0 0 0 0 0 137 244 186 0 0 2 0 5 0 0 0 0 0 0 0 0 0 0 0 0 0 0 0 0 0 0 0 0 131 255 168 8 0 2 1 0 0 0 0 0 0 0 0 0 0 0 0 0 0 0 0 0 0 0 0 0 149 197 98 3 0 0 6 4 0 0 0 0 0 0 0 0 0 0 0 0 0 0 0 0 0 0 0 0 0 10 0 0 4 0 9 0 0 0 0 0 0 0 0 0 0 0 0 0 0 0 0 0 0 0 0 0 0 8 3 8 1 0 6 0 0 0 0 0
0 0 0 0 0 0 0 0 0 2 3 0 0 0 2 10 2 0 2 0 0 10 0 0 0 0 0 0 0 0 0 0 0 0 0 0 0 0 0 1 4 2 0 0 8 0 8 0 0 0 0 17 0 0 0 0 0 0 0 0 0 0 0 0 7 1 0 0 0 3 5 4 0 0 16 0 9 8 2 0 0 0 0 0 0 0 0 0 0 0 0 0 0 2 7 6 0 0 0 0 4 6 7 0 0 0 0 0 0 0 0 0 0 0 0 0 0 0 0 0 0 0 1 3 4 5 7 9 0 0 0 13 0 0 0 21 0 0 0 0 0 0 0 0 0 0 0 0 9 2 0 0 0 0 0 0 1 9 0 0 0 1 1 0 0 0 0 0 0 0 0 0 0 0 0 0 0 2 5 4 1 0 1 5 0 0 1 0 17 0 18 0 0 0 0 0 0 0 0 0 0 0 0 0 0 2 0 0 1 55 140 206 228 208 255 255 214 4 0 1 0 0 0 0 0 0 0 0 0 0 0 0 0 0 8 0 148 248 253 254 255 250 249 255 255 5 12 2 0 0 0 0 0 0 0 0 0 0 0 0 4 0 59 217 255 235 189 142 135 92 224 255 240 56 0 0 0 0 0 0 0 0 0 0 0 0 0 0 2 76 255 238 171 67 9 0 9 78 240 249 255 4 0 0 0 0 0 0 0 0 0 0 0 0 0 0 30 248 255 106 14 8 0 0 57 230 255 250 165 0 0 14 0 0 0 0 0 0 0 0 0 0 0 0 75 255 194 23 0 1 0 30 191 249 235 107 0 4 0 0 0 0 0 0 0 0 0 0 0 0 0 0 139 250 239 53 0 1 55 171 255 251 202 0 0 15 11 0 0 0 0 0 0 0 0 0 0 0 0 0 51 254 255 255 185 187 222 255 237 254 71 0 0 6 0 0 0 0 0 0 0 0 0 0 0 0 0 0 6 194 255 245 255 255 245 255 255 196 0 6 6 0 5 0 0 0 0 0 0 0 0 0 0 0 0 0 0 1 104 205 197 123 212 247 255 57 19 0 3 0 9 0 0 0 0 0 0 0 0 0 0 0 0 0 10 0 0 0 0 31 231 255 206 24 0 0 3 0 6 0 0 0 0 0 0 0 0 0 0 0 0 0 0 8 16 0 0 125 255 255 145 3 0 0 6 0 2 0 0 0 0 0 0 0 0 0 0 0 0 0 0 0 7 0 0 210 245 250 78 0 2 3 4 0 4 0 0 0 0 0 0 0 0 0 0 0 0 0 14 0 2 0 27 248 248 220 11 0 4 0 0 0 9 0 0 0 0 0 0 0 0 0 0 0 0 0 0 3 0 3 130 248 255 127 0 0 8 0 0 0 5 0 0 0 0 0 0 0 0 0 0 0 0 0 1 12 0 0 194 239 255 75 0 9 4 0 0 0 0 0 0 0 0 0 0 0 0 0 0 0 0 0 0 0 3 46 255 255 187 2 2 3 0 0 7 1 0 4 0 0 0 0 0 0 0 0 0 0 0 0 0 0 5 201 250 245 82 0 0 0 0 0 0 0 0 0 0 0 0 0 0 0 0 0 0 0 0 0 0 0 29 255 255 140 11 0 0 0 0 0 0 0 0 0 0 0 0 0 0 0 0 0 0 0 0 0 6 5 34 219 193 42 0 13 0 0 0 0 0 0 0 0 0 0 0 0 0 0 0 0 0 0 0 0 0 19 0 0 0 0 15 0 0 0 0 0 0 0 0 0 0 0 0 0
0 0 0 0 0 0 0 0 5 0 0 1 0 0 0 6 0 5 8 0 0 2 0 4 0 0 0 0 0 0 0 0 0 0 0 0 0 0 20 0 19 0 16 0 3 0 0 0 4 3 0 0 0 0 0 0 0 0 0 0 0 0 0 0 17 2 0 0 4 0 0 3 4 2 6 7 0 0 7 12 0 0 0 0 0 0 0 0 0 0 0 0 0 4 0 8 0 14 2 0 0 0 0 2 0 5 8 0 0 0 0 0 0 0 0 0 0 0 0 0 11 0 2 0 4 0 0 7 5 12 1 2 0 0 6 3 0 0 0 0 0 0 0 0 0 0 0 0 10 3 0 4 5 6 0 0 0 0 0 7 20 0 2 9 0 0 0 0 0 0 0 0 0 0 0 0 0 20 0 0 50 231 255 253 255 195 41 0 4 0 1 0 0 0 0 0 0 0 0 0 0 0 0 0 7 0 8 88 192 255 255 238 249 255 116 7 0 0 9 2 0 0 0 0 0 0 0 0 0 0 0 0 0 0 2 154 251 213 108 65 65 225 194 2 0 12 0 3 0 0 0 0 0 0 0 0 0 0 0 0 13 0 174 228 250 34 2 0 10 19 255 77 0 10 0 0 0 0 0 0 0 0 0 0 0 0 0 0 0 0 233 253 135 0 0 4 0 0 251 213 0 0 13 12 0 0 0 0 0 0 0 0 0 0 0 0 1 17 221 243 5 6 0 6 0 7 137 222 0 0 8 0 0 0 0 0 0 0 0 0 0 0 0 0 0 0 233 255 54 0 0 0 9 0 136 164 11 6 0 16 0 0 0 0 0 0 0 0 0 0 0 0 0 0 220 255 165 37 17 0 8 249 113 6 10 0 17 0 0 0 0 0 0 0 0 0 0 0 0 0 1 18 131 244 255 231 197 187 255 246 114 19 0 6 10 4 0 0 0 0 0 0 0 0 0 0 0 0 0 0 0 152 254 255 234 255 246 251 134 0 0 6 0 6 0 0 0 0 0 0 0 0 0 0 0 0 1 0 10 11 125 206 236 255 250 253 43 0 7 0 0 0 0 0 0 0 0 0 0 0 0 0 0 0 2 0 7 3 0 0 107 235 252 113 0 0 0 0 15 3 0 0 0 0 0 0 0 0 0 0 0 0 0 0 0 12 9 8 151 255 244 33 0 6 7 0 12 0 0 0 0 0 0 0 0 0 0 0 0 0 1 11 0 0 0 5 179 248 115 0 0 0 9 0 0 1 0 0 0 0 0 0 0 0 0 0 0 0 1 0 0 13 2 101 255 220 10 0 0 0 1 0 0 3 0 0 0 0 0 0 0 0 0 0 0 0 8 0 0 25 0 220 255 73 10 1 0 19 0 0 2 0 0 0 0 0 0 0 0 0 0 0 0 0 0 3 6 0 47 254 192 26 0 0 0 5 0 3 1 0 0 0 0 0 0 0 0 0 0 0 0 0 3 0 1 0 192 250 72 0 0 7 10 0 5 12 0 5 0 0 0 0 0 0 0 0 0 0 0 0 0 0 6 106 255 166 14 4 0 0 0 0 0 0 0 0 0 0 0 0 0 0 0 0 0 0 0 0 0 0 0 138 235 0 0 0 0 0 0 0 0 0 0 0 0 0 0 0 0 0 0 0 0 0 0 0 6 2 20 0 0 5 2 0 0 0 0 0 0 0 0 0 0 0 0 0 0 0 0 0 0 0 0 0 0 0 0 8 5 6 0 0 0 0 0 0 0 0 0 0 0 0 0 0
0 0 0 0 0 0 0 0 14 0 11 0 11 6 0 1 3 0 0 9 0 0 0 7 0 0 0 0 0 0 0 0 0 0 0 0 0 0 0 4 0 0 1 6 3 5 0 0 0 14 10 0 0 0 0 0 0 0 0 0 0 0 0 0 9 15 0 0 2 1 15 0 0 0 3 4 0 0 0 0 0 0 0 0 0 0 0 0 0 0 0 0 0 0 8 10 10 0 1 0 0 9 9 0 0 6 8 0 0 0 0 0 0 0 0 0 0 0 0 0 0 5 4 0 0 22 4 0 0 5 0 1 14 0 0 6 0 0 0 0 0 0 0 0 0 0 0 0 20 0 0 31 0 3 62 228 255 158 36 1 0 7 0 9 0 0 0 0 0 0 0 0 0 0 0 0 0 10 0 0 41 178 244 255 224 240 227 160 0 4 12 0 0 0 0 0 0 0 0 0 0 0 0 0 3 0 4 29 205 255 250 95 28 0 81 180 18 0 7 2 0 0 0 0 0 0 0 0 0 0 0 0 0 0 14 75 255 240 70 0 0 6 0 0 0 1 1 0 0 0 0 0 0 0 0 0 0 0 0 0 0 12 26 217 247 56 0 8 9 0 12 12 117 4 0 2 0 0 0 0 0 0 0 0 0 0 0 0 11 0 190 251 61 2 0 0 0 1 32 174 240 11 0 0 0 0 0 0 0 0 0 0 0 0 0 0 0 146 255 165 0 0 7 6 0 22 196 254 214 6 0 4 0 0 0 0 0 0 0 0 0 0 0 0 0 255 244 81 3 0 20 0 0 189 242 206 34 0 10 0 0 0 0 0 0 0 0 0 0 0 0 0 63 255 200 20 0 0 0 21 141 240 227 23 0 7 0 0 0 0 0 0 0 0 0 0 0 0 0 0 106 255 85 0 21 3 45 169 240 252 70 0 6 16 0 0 0 0 0 0 0 0 0 0 0 0 0 0 113 252 84 10 0 103 235 250 253 196 18 2 0 0 0 11 0 0 0 0 0 0 0 0 0 0 0 0 105 255 196 167 210 255 255 238 255 16 0 0 9 0 0 1 0 0 0 0 0 0 0 0 0 0 0 0 0 247 247 246 255 220 233 255 170 4 2 0 6 0 3 0 0 0 0 0 0 0 0 0 0 0 0 0 12 30 95 81 30 53 255 205 64 0 6 0 4 0 8 0 0 0 0 0 0 0 0 0 0 0 0 0 0 9 0 13 15 183 238 126 1 0 3 0 6 0 8 0 0 0 0 0 0 0 0 0 0 0 0 0 2 9 0 0 35 255 228 40 0 1 0 0 7 0 3 0 0 0 0 0 0 0 0 0 0 0 0 0 0 4 12 0 180 249 127 0 5 6 0 0 6 0 0 1 0 0 0 0 0 0 0 0 0 0 0 0 0 10 0 65 255 252 83 0 3 3 1 0 1 4 0 2 0 0 0 0 0 0 0 0 0 0 0 0 5 0 11 79 246 250 180 0 0 0 8 0 0 11 0 2 0 0 0 0 0 0 0 0 0 0 0 0 11 0 3 8 174 157 144 3 0 0 0 0 0 0 0 0 0 0 0 0 0 0 0 0 0 0 0 0 0 10 9 0 8 0 13 0 0 0 0 0 0 0 0 0 0 0 0 0 0 0 0 0 0 0 0 0 4 6 0 4 0 0 0 4 0 0 0 0 0 0 0 0 0 0 0 0 0 0 0 0 0 0 0 0 3 0 1 10 19 2 4 2 0 0 0 0 0 0 0 0 0 0 0 0
0 0 0 0 0 0 0 0 2 0 0 1 0 0 2 7 1 0 1 0 0 6 7 0 0 0 0 0 0 0 0 0 0 0 0 0 0 3 2 0 0 1 0 0 0 1 11 0 0 0 0 1 0 0 0 0 0 0 0 0 0 0 0 0 0 1 1 0 1 11 9 0 0 0 4 0 13 0 4 6 0 0 0 0 0 0 0 0 0 0 0 0 5 3 0 0 0 0 0 0 6 0 3 0 13 0 0 0 0 0 0 0 0 0 0 0 0 0 0 0 2 0 2 10 7 0 0 10 0 0 3 0 4 0 1 7 0 0 0 0 0 0 0 0 0 0 0 0 0 0 0 9 6 0 0 0 14 4 1 3 0 5 5 0 0 0 0 0 0 0 0 0 0 0 0 0 3 5 0 0 0 8 9 0 0 0 1 12 0 2 13 1 0 0 0 0 0 0 0 0 0 0 0 0 0 6 0 0 31 93 120 109 232 255 252 195 25 0 0 0 0 0 0 0 1 0 1 10 0 8 4 52 87 145 215 230 233 248 250 248 255 255 254 242 236 45 8 0 0 0 0 0 1 14 0 0 18 0 109 243 255 250 255 255 241 253 255 252 237 250 255 248 241 97 0 0 0 0 0 0 0 0 0 2 0 0 93 255 242 255 242 247 254 221 227 231 237 124 77 242 255 193 15 3 0 0 0 0 8 11 10 0 12 53 218 241 255 255 247 225 100 0 10 0 8 0 0 206 240 255 160 1 0 0 0 0 0 0 0 0 4 226 240 255 254 185 21 10 0 2 0 13 83 130 200 242 255 255 211 0 0 0 0 0 0 17 1 2 106 255 255 245 243 118 99 8 102 73 233 214 251 245 238 247 255 241 109 13 0 0 0 0 0 11 0 0 89 255 229 255 255 252 237 236 251 251 251 253 251 255 241 255 249 171 14 0 0 0 0 0 0 5 0 9 102 237 255 240 254 242 255 248 249 251 255 247 250 248 251 254 251 49 6 0 0 0 0 0 4 0 2 0 8 144 255 251 255 249 245 247 254 255 255 253 253 248 255 242 248 60 5 0 0 0 0 0 0 0 14 23 0 5 92 152 181 217 249 239 187 125 84 68 68 234 250 255 171 0 1 0 0 0 0 0 13 0 0 4 0 0 4 13 0 14 32 31 15 1 1 6 30 241 244 255 155 0 12 1 0 0 0 0 0 7 3 0 0 11 3 0 12 2 0 0 0 0 0 0 0 163 251 242 182 0 0 0 0 0 0 0 0 2 1 0 1 0 0 9 0 0 7 11 10 6 3 1 23 159 255 247 229 36 0 7 0 0 0 0 4 0 0 0 7 2 0 0 0 0 0 0 0 0 0 5 0 166 243 255 245 62 13 0 0 0 0 0 0 7 13 2 0 1 6 2 2 0 0 0 6 8 5 0 63 253 255 243 170 0 0 8 0 0 0 0 7 0 0 0 0 3 4 0 0 0 0 1 0 0 0 0 6 180 242 255 241 55 6 0 0 0 0 0 0 0 0 0 0 0 0 0 0 0 0 0 0 0 0 0 13 149 255 255 255 47 0 1 0 0 0 0 0 0 0 0 0 0 0 0 0 0 0 0 0 0 0 0 0 106 232 254 238 58 18 0 0 0 0 0 0 0 0 0 0 0 0 0 0 0 0 0 0 0 0 0 2 3 119 248 222 26 0 5 0 0 0 0 0 0 0 0 0 0 0 0 0 0 0 0 0 0 0 0 0 0 2 5 0 0 17 0 0 0 0 0
0 0 0 0 0 0 0 0 0 0 0 9 6 0 0 0 5 0 0 1 0 3 7 0 0 0 0 0 0 0 0 0 0 0 0 0 4 2 0 0 0 7 11 4 0 2 11 0 0 0 0 4 0 0 0 0 0 0 0 0 0 0 0 0 0 6 15 14 2 0 0 3 4 0 0 0 9 4 0 14 0 0 0 0 0 0 0 0 0 0 0 0 0 0 0 0 0 5 3 0 14 0 3 0 4 12 0 3 0 0 0 0 0 0 0 0 0 0 0 0 0 8 11 0 0 8 8 0 0 0 25 3 0 6 6 0 0 0 0 0 0 0 0 0 0 0 0 0 7 0 0 9 6 0 0 10 19 0 0 3 0 0 2 0 0 0 0 0 0 0 0 0 0 0 0 0 2 0 8 87 155 184 208 236 145 85 0 0 23 0 0 9 0 0 0 0 0 0 0 0 0 0 0 0 3 114 220 255 255 255 255 249 255 243 69 0 12 0 0 2 0 0 0 0 3 0 9 0 0 2 0 6 175 238 255 255 247 255 255 244 255 252 169 8 0 10 13 0 0 0 0 0 0 0 3 0 2 0 0 106 255 255 255 209 119 38 0 10 54 229 137 0 9 0 0 9 0 0 0 0 0 8 0 0 8 0 3 215 255 234 174 3 8 0 10 0 6 31 235 158 22 23 0 6 0 0 0 0 0 6 0 1 4 0 4 242 251 203 4 0 7 15 8 0 0 93 245 255 175 0 0 1 0 0 0 0 1 0 0 10 0 0 2 175 255 202 0 5 0 0 0 11 17 99 251 255 124 19 0 6 0 0 0 0 3 0 0 12 0 0 0 78 244 255 229 130 111 87 85 83 195 255 255 245 42 0 0 0 0 0 0 0 1 0 0 5 0 0 1 14 139 198 255 255 246 255 240 255 244 255 234 165 0 0 6 14 0 0 0 0 0 7 0 0 8 0 2 0 0 34 106 173 255 252 255 244 255 255 251 91 8 8 0 0 0 0 0 0 0 0 0 0 0 0 0 0 11 0 4 9 71 90 80 90 255 251 196 6 0 0 6 0 0 0 0 0 0 0 0 0 0 0 0 0 0 3 0 0 12 11 1 80 253 255 141 0 0 0 5 0 0 0 0 0 0 0 0 0 0 0 0 0 0 16 0 3 0 0 0 155 252 245 66 0 3 1 3 0 0 0 0 0 0 0 0 0 0 0 0 0 5 0 3 0 0 5 58 239 255 184 14 0 6 0 2 0 0 0 0 0 0 0 0 0 0 0 0 0 7 0 0 0 4 0 157 255 255 96 0 0 7 0 2 0 0 0 0 0 0 0 0 0 0 0 0 0 0 14 0 5 8 6 244 254 217 27 0 0 7 0 2 0 0 0 0 0 0 0 0 0 0 0 0 0 0 4 0 0 0 105 255 248 150 0 0 0 5 0 2 0 0 0 0 0 0 0 0 0 0 0 0 0 7 0 16 0 0 228 253 255 97 0 0 0 4 0 1 1 0 0 0 0 0 0 0 0 0 0 0 0 2 0 0 4 77 255 251 255 0 0 0 0 0 0 0 0 0 0 0 0 0 0 0 0 0 0 0 0 0 6 0 0 75 255 244 192 0 0 0 0 0 0 0 0 0 0 0 0 0 0 0 0 0 0 0 0 9 0 0 5 0 7 0 19 0 0 0 0 0 0 0 0 0 0 0 0 0 0 0 0 0 0 0 0 0 1 0 13 0 0 0 2 0 0 0 0 0 0 0 0 0 0 0 0
0 0 0 0 0 0 0 0 0 4 6 0 0 0 2 0 0 3 1 0 8 0 9 1 2 1 5 0 0 0 0 0 0 0 0 0 9 0 0 0 0 4 6 4 0 3 15 1 4 0 0 0 3 0 0 0 0 0 0 0 0 0 0 0 6 0 0 1 5 1 0 0 9 0 0 0 2 7 13 0 5 5 10 11 0 0 0 0 0 0 0 0 0 1 6 6 2 0 0 0 0 0 11 6 0 0 0 0 0 0 0 4 0 0 0 0 0 0 0 0 0 5 4 0 0 2 8 5 9 0 0 0 0 10 2 11 4 14 0 0 0 0 0 0 0 0 0 0 1 1 0 0 0 2 0 0 0 0 7 0 0 5 0 8 0 4 16 0 0 0 0 0 0 0 0 0 0 0 0 8 4 0 0 20 4 109 220 252 207 123 1 5 31 0 0 0 0 0 0 0 0 0 0 0 5 0 0 8 0 0 38 110 235 253 253 247 253 244 164 196 230 25 0 5 8 0 7 7 0 0 0 2 12 0 2 0 18 109 226 255 233 146 120 54 54 79 223 253 157 26 0 4 2 5 0 0 0 10 3 0 0 12 0 85 243 251 255 185 54 0 22 5 0 168 255 228 27 0 3 12 0 12 0 0 8 5 0 0 6 11 56 242 255 227 76 15 0 4 0 4 138 246 229 11 0 0 5 0 0 4 0 6 7 0 2 7 0 69 255 255 221 33 0 5 5 1 7 144 255 229 57 6 11 2 0 0 8 0 0 4 0 0 15 6 6 177 255 225 25 0 17 0 0 21 133 255 255 86 0 3 0 0 0 8 1 0 7 2 0 5 0 0 88 255 253 74 11 7 0 0 28 188 250 245 214 18 1 5 0 3 3 0 0 0 13 0 4 2 0 72 238 239 248 11 0 6 93 173 255 249 254 208 10 0 0 4 8 6 0 0 10 0 4 0 7 0 19 226 254 254 255 228 248 231 249 249 244 251 88 13 0 4 13 0 0 0 2 9 0 3 0 5 8 0 87 255 255 238 247 255 255 255 252 249 246 63 0 4 0 6 0 3 0 0 0 0 3 5 0 0 4 0 25 118 208 211 154 133 65 196 255 238 112 8 0 0 0 2 0 9 0 0 0 0 0 3 0 0 4 0 0 7 2 0 0 4 87 249 233 195 12 0 5 0 0 5 0 4 0 0 0 0 0 1 6 4 0 4 3 0 0 20 0 39 242 255 219 23 0 0 10 0 2 12 0 0 0 0 0 0 5 1 5 3 0 0 6 0 7 0 11 246 246 227 82 2 1 3 1 0 4 9 0 1 0 0 0 0 10 0 0 0 0 0 4 0 0 0 227 255 255 138 4 0 0 1 1 0 1 0 0 7 0 0 0 0 2 0 0 0 4 4 2 1 4 105 245 248 176 5 0 7 0 3 4 5 0 0 0 3 0 0 0 0 0 6 7 0 0 0 0 1 17 188 242 255 10 6 8 1 0 1 0 0 0 0 9 0 0 0 0 0 1 0 0 0 0 1 4 6 201 254 185 172 21 0 0 18 0 0 0 0 0 0 0 0 0 0 0 0 1 0 0 0 0 1 4 5 223 159 17 3 0 8 2 0 0 0 0 0 0 0 0 0 0 0 0 0 0 0 0 0 0 1 3 4 0 7 0 6 6 0 16 8 0 0 0 0 0 0 0 0 0 0 0 0 0 0 0 0 0 1 2 3 5 5 0 0 2 0 3 0 0 0 0 0 0 0 0 0 0 0 0 0
0 0 0 0 0 0 0 0 0 2 3 0 0 0 3 5 0 3 5 0 0 0 2 6 0 0 0 0 0 0 0 0 0 0 0 0 0 0 0 0 2 5 3 0 0 0 0 4 10 4 0 0 0 0 0 0 0 0 0 0 0 0 0 0 0 3 6 5 0 0 0 0 13 3 0 0 0 0 0 7 0 0 0 0 0 0 0 0 0 0 0 0 0 0 1 3 0 0 0 4 0 0 0 0 0 0 1 5 0 0 0 0 0 0 0 0 0 0 0 0 13 2 0 0 4 2 0 0 7 11 7 0 0 6 3 0 0 0 0 0 0 0 0 0 0 0 0 0 0 0 0 6 3 0 1 11 0 0 5 0 0 0 3 2 0 0 0 0 0 0 0 0 0 0 0 0 4 0 0 7 8 0 0 0 13 0 0 3 8 2 0 0 0 0 0 0 0 0 0 0 0 0 0 0 8 0 10 95 198 255 255 251 255 133 15 0 2 6 0 0 0 0 0 0 0 0 0 0 0 0 0 0 15 0 121 255 255 248 255 247 255 241 87 5 79 108 32 0 0 0 0 0 0 0 0 0 0 0 0 0 0 87 227 235 124 32 11 37 33 77 96 124 232 255 94 0 0 0 0 0 0 0 0 0 0 0 0 0 12 203 252 94 0 4 0 0 0 3 118 252 255 143 0 6 0 0 0 0 0 0 0 0 0 0 0 0 0 204 255 104 12 6 0 5 39 117 253 239 202 20 24 1 0 0 0 0 0 0 0 0 0 0 0 0 2 113 229 255 207 106 59 117 212 255 242 237 85 0 0 0 0 0 0 0 0 0 0 0 0 0 0 0 0 0 67 171 246 255 239 255 252 255 242 77 4 0 9 0 0 0 0 0 0 0 0 0 0 0 0 0 7 3 4 6 48 97 98 93 247 254 173 35 0 3 1 0 0 0 0 0 0 0 0 0 0 0 0 0 0 0 2 7 6 0 11 81 255 198 10 0 0 0 0 4 0 0 0 0 0 0 0 0 0 0 0 0 0 8 0 0 0 0 90 247 255 121 10 0 0 2 6 0 0 0 0 0 0 0 0 0 0 0 0 0 1 0 0 7 0 14 142 255 162 42 0 9 11 0 0 6 0 0 0 0 0 0 0 0 0 0 0 0 0 0 1 0 4 89 240 253 31 0 0 5 1 0 5 0 0 0 0 0 0 0 0 0 0 0 0 0 5 18 0 11 26 232 255 193 0 0 9 0 0 4 11 0 0 0 0 0 0 0 0 0 0 0 0 0 0 0 0 0 97 254 180 35 7 1 3 6 0 0 1 5 0 0 0 0 0 0 0 0 0 0 0 0 13 0 20 75 223 255 111 0 0 2 0 0 0 3 3 0 0 0 0 0 0 0 0 0 0 0 0 0 0 5 0 202 242 224 35 3 0 6 3 0 0 10 5 0 0 0 0 0 0 0 0 0 0 0 0 0 2 5 38 215 255 110 11 0 5 0 0 7 11 0 0 5 0 0 0 0 0 0 0 0 0 0 0 0 5 0 88 255 209 4 0 2 0 0 0 0 0 0 0 0 0 0 0 0 0 0 0 0 0 0 0 0 0 0 211 231 223 0 4 0 0 0 0 0 0 0 0 0 0 0 0 0 0 0 0 0 0 0 0 0 0 16 60 251 152 0 0 16 0 0 0 0 0 0 0 0 0 0 0 0 0 0 0 0 0 0 0 0 0 0 7 0 0 0 19 0 0 0 0 0 0 0 0 0 0 0 0 0
0 0 0 0 0 0 0 0 0 0 6 1 0 0 2 0 0 15 0 0 0 0 11 0 0 0 0 0 0 0 0 0 0 0 0 0 2 0 0 0 8 7 5 8 0 0 2 7 9 6 0 6 0 0 0 0 0 0 0 0 0 0 0 0 9 8 2 2 1 0 0 0 3 0 2 0 0 0 0 0 0 0 0 0 0 0 0 0 0 0 0 0 0 4 2 0 4 7 5 12 0 10 0 2 3 0 14 2 0 0 0 0 0 0 0 0 0 0 0 0 4 0 0 0 5 4 0 0 3 0 0 8 8 0 0 0 0 0 0 0 0 0 0 0 0 0 0 0 5 0 0 12 1 0 4 9 4 0 17 0 0 21 0 10 0 0 0 0 0 0 0 0 0 0 0 0 8 0 4 0 0 5 21 0 0 0 0 3 3 0 0 0 0 0 0 0 0 0 0 0 0 0 0 0 0 0 11 29 92 218 248 156 150 135 71 184 155 0 11 4 0 0 0 0 1 0 1 2 1 2 2 0 0 87 197 229 255 249 255 248 236 255 246 255 226 0 1 0 0 0 0 0 0 1 2 0 0 9 0 10 102 216 251 245 217 129 136 137 78 213 254 241 113 0 12 0 0 0 0 0 0 3 0 0 0 9 0 101 213 255 208 31 0 9 0 0 7 169 255 232 32 4 9 0 0 0 0 0 4 0 0 7 0 2 12 212 255 164 58 0 9 0 9 110 199 246 254 171 0 0 1 13 0 0 0 0 2 0 0 9 0 0 7 205 251 232 112 109 126 137 229 245 255 255 227 94 14 1 0 0 0 0 0 0 0 4 3 0 0 6 0 87 242 255 248 255 243 232 234 202 231 253 166 0 0 0 8 6 0 0 0 0 0 3 4 0 0 7 0 5 48 86 173 186 173 154 40 52 223 255 133 0 11 3 0 0 0 0 0 0 7 0 1 0 0 3 6 3 0 3 5 0 0 4 1 140 251 241 56 0 5 0 0 8 0 0 0 0 0 0 0 0 0 0 0 0 0 5 6 0 0 14 56 244 255 83 15 1 0 10 0 0 0 0 0 0 0 0 0 0 0 0 0 0 5 0 0 5 0 0 34 255 255 57 0 0 0 2 0 5 0 0 0 0 0 0 0 0 0 0 0 0 0 7 0 0 0 16 106 255 243 60 0 9 10 0 0 4 0 0 0 0 0 0 0 0 0 0 0 0 0 14 0 0 16 52 221 251 119 20 0 1 0 2 1 4 0 0 0 0 0 0 0 0 0 0 0 0 11 0 0 3 5 102 255 249 36 0 0 0 0 0 4 0 0 0 0 0 0 0 0 0 0 0 0 0 5 0 11 1 0 192 255 209 38 7 3 10 3 0 0 0 0 0 0 0 0 0 0 0 0 0 0 0 0 0 14 0 70 254 248 105 9 0 0 3 2 0 7 3 0 0 0 0 0 0 0 0 0 0 0 0 1 7 0 6 186 246 222 3 0 3 6 6 0 0 5 0 0 0 0 0 0 0 0 0 0 0 0 0 0 4 0 18 187 243 224 5 0 0 0 0 0 0 0 0 0 0 0 0 0 0 0 0 0 0 0 0 0 9 0 61 246 255 208 7 0 0 0 0 0 0 0 0 0 0 0 0 0 0 0 0 0 0 0 0 11 0 24 47 189 225 72 0 0 0 0 0 0 0 0 0 0 0 0 0 0 0 0 0 0 0 0 0 0 4 5 0 0 3 0 15 0 0 0 0 0 0 0 0 0 0 0 0
0 0 0 0 0 0 0 0 0 3 0 0 1 3 0 0 0 4 2 0 2 0 0 4 0 0 0 0 0 0 0 0 0 0 0 0 2 0 0 1 4 2 1 2 0 2 0 0 3 2 0 0 0 0 0 0 0 0 0 0 0 0 0 0 0 2 9 1 0 0 6 1 3 0 0 3 9 4 1 7 0 0 0 0 0 0 0 0 0 0 0 0 8 0 0 0 0 5 9 0 0 1 10 7 0 0 0 0 0 0 0 0 0 0 0 0 0 0 0 0 0 0 7 12 1 0 0 0 12 0 0 0 0 5 13 0 0 0 0 0 0 0 0 0 0 0 0 0 3 12 0 0 69 179 246 255 233 84 0 2 17 5 0 0 0 0 0 0 0 0 0 0 0 0 0 0 0 0 8 95 223 255 250 248 255 112 6 0 0 0 0 3 0 0 0 0 0 0 0 0 0 0 0 0 0 0 82 235 246 74 17 144 250 245 200 88 0 1 21 0 0 0 0 0 0 0 0 0 0 0 0 0 3 12 203 246 86 0 0 78 245 255 255 120 0 0 7 0 0 0 0 0 0 0 0 0 0 0 0 0 0 111 232 169 8 0 0 69 255 248 238 64 0 0 1 3 0 0 0 0 0 0 0 0 0 0 0 0 0 179 249 61 6 1 10 59 255 242 207 8 0 0 0 3 0 0 0 0 0 0 0 0 0 0 0 0 81 230 199 0 9 0 0 89 253 251 161 0 5 2 0 0 0 0 0 0 0 0 0 0 0 0 0 0 128 255 143 3 5 0 6 185 248 255 99 0 6 0 2 0 0 0 0 0 0 0 0 0 0 0 0 0 126 244 147 0 0 0 69 253 250 245 39 3 0 0 6 0 0 0 0 0 0 0 0 0 0 0 0 0 149 249 194 0 5 15 158 251 254 205 2 4 0 0 5 0 0 0 0 0 0 0 0 0 0 0 0 0 126 255 249 120 125 172 255 251 255 169 0 6 3 2 1 0 0 0 0 0 0 0 0 0 0 0 0 0 114 243 255 243 255 253 248 252 253 82 8 7 0 3 8 0 0 0 0 0 0 0 0 0 0 0 0 0 2 136 238 255 208 234 250 255 251 39 0 0 0 0 0 0 0 0 0 0 0 0 0 0 0 0 0 0 0 0 29 43 15 193 253 249 255 26 0 8 8 0 0 0 0 0 0 0 0 0 0 0 0 0 0 0 8 0 4 0 33 244 255 245 201 0 4 0 0 1 1 0 0 0 0 0 0 0 0 0 0 0 0 0 0 3 6 0 105 246 253 255 187 0 9 0 0 3 2 0 0 0 0 0 0 0 0 0 0 0 0 0 0 0 0 18 206 255 251 255 187 16 7 0 4 2 0 0 0 0 0 0 0 0 0 0 0 0 0 0 6 11 3 70 243 246 255 215 85 0 0 0 0 3 0 2 0 0 0 0 0 0 0 0 0 0 0 0 0 0 0 109 255 247 209 38 6 0 8 8 0 8 2 0 0 0 0 0 0 0 0 0 0 0 0 0 0 0 0 119 138 25 5 0 0 0 0 0 0 0 0 0 0 0 0 0 0 0 0 0 0 0 0 0 0 14 0 0 11 0 13 0 0 0 0 0 0 0 0 0 0 0 0 0 0 0 0 0 0 0 0 0 0 11 0 0 0 0 2 0 0 0 0 0 0 0 0 0 0 0 0 0 0 0 0 0 0 0 0 0 4 0 0 3 5 0 0 10 0 0 0 0 0 0 0 0 0 0 0 0
0 0 0 0 0 0 0 0 0 0 3 7 1 2 2 7 0 0 0 0 3 4 0 0 0 0 0 0 0 0 0 0 0 0 0 0 16 6 0 0 0 0 0 0 2 6 6 0 0 0 3 4 0 0 0 0 0 0 0 0 0 0 0 0 0 0 8 8 7 0 3 6 0 1 5 1 0 1 0 0 0 0 0 0 0 0 0 0 0 0 0 0 13 0 0 0 2 0 1 0 3 3 0 0 1 4 0 0 0 0 0 0 0 0 0 0 0 0 0 0 0 0 6 0 5 0 5 2 8 3 0 0 0 0 2 5 0 0 0 0 0 0 0 0 0 0 0 0 2 0 12 0 10 0 4 0 0 0 0 4 6 0 0 6 0 0 0 0 0 0 0 0 0 0 0 0 5 0 4 22 104 127 152 135 90 34 0 0 10 0 0 0 0 0 0 0 0 0 0 0 0 0 0 0 37 91 190 224 255 241 255 255 253 128 12 0 3 4 0 5 0 0 0 0 0 0 7 0 0 0 4 2 139 255 253 238 255 230 186 240 255 255 108 0 1 0 13 0 0 0 0 0 3 0 7 0 0 0 0 90 255 240 249 244 149 54 0 101 243 247 136 0 14 0 0 15 0 0 0 0 1 0 2 3 1 0 23 203 252 255 142 38 0 0 0 139 255 245 156 0 0 14 0 6 0 0 0 0 0 0 0 0 0 0 84 255 238 255 54 0 14 6 12 123 244 249 239 110 0 10 8 0 0 0 0 0 2 3 0 0 4 8 165 250 255 150 0 8 0 0 8 43 225 255 255 240 40 0 0 0 0 0 0 0 0 0 1 0 15 33 232 255 158 2 0 12 0 15 1 0 162 255 237 250 59 12 0 6 0 0 0 0 0 0 2 4 9 39 229 255 150 0 1 14 5 4 0 14 85 249 255 255 48 4 0 0 0 0 0 0 2 0 1 1 0 16 175 247 137 6 0 0 0 0 8 25 158 238 253 255 39 4 11 0 0 0 0 0 0 3 4 0 2 0 93 255 185 73 0 6 0 0 37 228 255 244 255 252 58 0 4 0 0 0 0 0 0 0 2 0 1 0 47 173 255 248 212 211 78 230 237 246 241 255 245 247 56 2 0 7 0 0 0 0 4 0 2 2 1 0 3 54 190 200 255 249 228 217 198 159 94 253 244 203 14 0 0 1 0 0 0 0 3 0 4 3 0 2 0 0 0 43 70 54 79 45 0 9 8 255 255 154 0 3 3 4 0 0 0 0 2 0 7 1 0 8 2 0 0 1 0 6 0 7 0 0 39 255 244 93 8 0 0 4 0 0 0 0 2 0 7 0 0 5 5 7 11 0 16 13 7 0 22 0 31 241 242 37 0 0 3 0 0 0 0 0 2 0 3 0 0 2 0 8 0 8 0 0 0 4 6 0 45 241 255 26 0 6 16 0 0 0 0 0 2 0 0 0 6 3 0 2 7 0 0 16 3 0 0 5 130 251 250 28 0 3 0 0 0 0 0 0 0 0 0 0 0 0 0 0 0 0 0 0 0 0 0 0 153 255 239 45 0 0 17 0 0 0 0 0 0 0 0 0 0 0 0 0 0 0 0 0 0 0 0 0 33 247 210 0 0 10 0 0 0 0 0 0 0 0 0 0 0 0 0 0 0 0 0 0 0 0 0 0 0 0 0 7 4 0 4 6 0 0 0 0 0 0 0 0 0 0 0 0 0 0 0 0 0 0 0 0 3 15 6 0 0 13 4 0 0 0 0 0
0 0 0 0 0 0 0 0 0 0 0 0 0 0 3 5 0 0 1 0 0 0 0 4 0 0 0 0 0 0 0 0 0 0 0 0 0 0 0 11 10 0 0 0 0 0 2 6 7 5 0 0 0 0 0 0 0 0 0 0 0 0 0 0 6 0 0 0 0 0 0 4 13 6 0 0 0 1 3 3 0 0 0 0 0 0 0 0 0 0 0 0 0 0 4 0 3 11 7 0 0 0 0 0 1 2 0 0 0 0 0 0 0 0 0 0 0 0 0 0 5 4 1 0 0 0 0 0 7 6 5 2 0 0 0 1 0 0 0 0 0 0 0 0 0 0 0 0 6 0 0 3 8 1 2 14 0 0 0 0 0 0 2 4 0 0 0 0 0 0 0 0 0 0 0 0 2 1 0 0 0 2 0 0 11 3 0 0 7 8 0 0 0 0 0 0 0 0 0 0 0 0 0 0 0 10 3 0 50 169 249 255 212 154 75 16 0 0 1 3 0 0 0 0 0 0 0 0 0 0 0 0 0 0 0 72 235 231 222 203 128 202 254 150 11 0 1 3 0 0 0 0 0 0 0 0 0 0 0 0 13 0 38 234 226 144 0 0 2 6 235 114 0 16 0 0 0 0 0 0 0 0 0 0 0 0 0 0 2 3 148 243 83 0 0 14 0 155 183 11 23 0 9 6 0 0 0 0 0 0 0 0 0 0 0 0 6 21 255 139 20 5 0 12 109 245 175 0 6 0 12 0 0 0 0 0 0 0 0 0 0 0 0 0 0 127 255 98 0 0 12 87 244 235 120 18 0 9 0 1 0 0 0 0 0 0 0 0 0 0 0 0 0 128 255 192 90 117 198 253 255 252 24 0 9 0 0 9 0 0 0 0 0 0 0 0 0 0 0 0 18 0 213 251 237 255 212 237 232 101 6 0 0 13 3 0 0 0 0 0 0 0 0 0 0 0 0 0 0 8 18 131 97 17 71 255 233 7 2 0 4 0 0 10 0 0 0 0 0 0 0 0 0 0 0 0 4 0 11 4 0 0 203 251 109 15 0 10 0 0 9 0 0 0 0 0 0 0 0 0 0 0 0 0 5 9 0 2 14 72 235 155 20 0 0 15 0 0 6 0 0 0 0 0 0 0 0 0 0 0 0 0 0 2 0 0 0 140 255 116 0 0 4 4 0 0 7 1 0 0 0 0 0 0 0 0 0 0 0 0 7 0 19 3 57 235 205 0 5 11 3 0 0 4 4 1 0 0 0 0 0 0 0 0 0 0 0 0 0 2 0 0 150 255 150 8 0 2 0 0 8 6 0 0 0 0 0 0 0 0 0 0 0 0 0 0 0 19 0 110 255 155 12 0 0 0 0 1 4 0 0 5 0 0 0 0 0 0 0 0 0 0 0 0 9 0 3 180 196 64 0 14 4 5 3 0 0 0 1 6 0 0 0 0 0 0 0 0 0 0 0 0 0 8 143 251 48 3 9 0 0 0 0 0 1 12 10 0 0 0 0 0 0 0 0 0 0 0 0 0 1 35 221 91 2 0 0 0 0 0 0 0 0 0 0 0 0 0 0 0 0 0 0 0 0 0 0 0 0 194 93 0 0 0 0 18 0 0 0 0 0 0 0 0 0 0 0 0 0 0 0 0 0 0 0 0 165 139 0 5 4 9 0 0 0 0 0 0 0 0 0 0 0 0 0 0 0 0 0 0 0 0 0 0 0 0 8 15 0 0 0 9 0 0 0 0 0 0 0 0 0 0 0 0
0 0 0 0 0 0 0 0 1 0 0 3 0 0 3 1 7 0 5 5 0 1 8 0 0 0 0 0 0 0 0 0 0 0 0 0 0 0 7 2 0 8 7 0 0 9 0 0 0 12 0 1 0 0 0 0 0 0 0 0 0 0 0 0 11 0 0 0 0 0 2 8 0 7 0 12 13 9 0 5 0 0 0 0 0 0 0 0 0 0 0 0 0 3 12 4 0 8 7 0 12 2 0 0 0 0 0 10 0 0 0 0 0 0 0 0 0 0 0 0 8 0 2 3 0 0 3 4 0 0 3 6 0 9 14 0 0 0 0 0 0 0 0 0 0 0 0 0 0 0 0 3 1 2 3 0 17 0 0 19 0 10 0 0 0 0 0 0 0 0 0 0 0 0 0 0 0 8 17 22 83 192 249 234 152 107 26 0 1 2 0 11 0 0 0 0 0 0 0 0 0 0 0 0 11 0 55 187 255 255 247 255 255 255 182 10 92 69 47 0 0 0 0 0 2 0 6 3 0 0 0 2 0 83 255 250 218 118 44 0 9 185 252 88 236 255 79 4 0 0 0 0 0 0 4 0 0 10 0 0 65 248 250 158 21 7 0 46 225 251 255 92 13 83 24 0 0 0 0 0 0 1 0 0 0 5 3 33 224 255 125 0 14 1 98 214 246 178 8 6 0 0 19 0 0 0 0 0 3 0 0 1 6 0 4 88 247 186 12 0 114 193 239 255 255 63 7 0 2 0 0 0 0 0 0 0 1 0 0 4 7 0 0 80 255 255 185 255 255 254 201 251 190 0 9 0 6 0 10 5 0 0 0 0 0 1 4 0 2 2 0 18 172 233 255 255 201 54 104 255 167 0 0 0 4 11 0 1 0 0 0 0 0 0 7 0 0 9 0 0 0 93 94 61 4 11 175 255 66 1 0 23 0 0 43 2 0 0 0 0 4 0 7 4 0 3 1 6 4 7 0 5 2 81 255 198 0 0 20 0 166 255 82 0 0 0 0 0 0 0 0 0 0 0 0 0 0 0 10 0 0 193 255 132 0 10 3 0 165 176 52 0 0 0 0 0 0 0 0 0 0 0 0 0 0 0 0 0 96 246 196 11 14 0 9 11 0 0 4 3 0 0 0 0 0 0 0 0 0 0 0 0 1 1 7 36 218 255 85 0 1 0 0 1 14 2 10 0 0 0 0 0 0 0 0 0 0 0 0 0 0 1 2 109 255 154 3 14 0 6 0 1 28 0 4 14 0 0 0 0 0 0 0 0 0 0 0 0 1 1 21 213 235 21 5 0 6 0 24 0 255 11 0 0 0 0 0 0 0 0 0 0 0 0 0 0 6 0 152 255 133 0 18 0 1 0 0 13 157 9 4 2 0 0 0 0 0 0 0 0 0 0 0 0 0 53 255 218 28 6 0 0 0 18 7 0 65 0 0 5 0 0 0 0 0 0 0 0 0 0 0 0 8 192 255 150 5 0 1 1 2 0 6 0 63 0 8 0 0 0 0 0 0 0 0 0 0 0 0 0 81 255 191 34 6 6 5 1 0 0 12 0 253 206 35 0 0 0 0 0 0 0 0 0 0 0 0 0 186 209 85 0 0 0 3 0 14 0 0 22 255 250 88 5 0 0 0 0 0 0 0 0 0 0 0 0 0 2 0 8 10 0 5 0 1 9 7 0 4 7 0 4 0 0 0 0 0 0 0 0 0 0 0 0 9 8 0 4 0 0 6 0 0 0 0 6 2 7 3 0 0 0 0 0
0 0 0 0 0 0 0 0 0 3 2 0 0 0 3 1 0 1 3 1 0 0 0 6 0 0 0 0 0 0 0 0 0 0 0 0 0 0 0 5 12 10 6 3 1 5 1 0 0 13 7 0 0 0 0 0 0 0 0 0 0 0 0 0 12 4 0 0 0 0 0 4 0 0 2 6 1 0 0 6 0 0 0 0 0 0 0 0 0 0 0 0 0 0 0 8 8 3 0 1 11 0 0 2 8 4 0 0 0 0 0 0 0 0 0 0 0 0 0 0 11 4 0 0 0 9 5 0 0 4 10 2 0 3 4 0 0 0 0 0 0 0 0 0 0 0 0 0 0 0 3 2 0 0 1 6 13 0 0 2 2 0 0 10 0 0 0 0 0 0 0 0 0 0 0 0 7 0 0 21 44 76 134 189 155 70 1 0 16 9 0 0 0 0 0 0 0 0 0 0 0 0 0 0 3 0 58 172 250 255 251 255 255 231 142 28 0 0 13 0 0 0 0 0 0 5 4 0 0 1 4 2 2 0 125 255 240 255 172 163 106 206 252 202 4 0 3 0 0 0 0 0 0 4 3 0 0 1 2 0 5 54 197 255 155 29 7 7 2 132 231 218 6 7 2 2 0 0 0 0 1 2 1 0 0 2 0 0 0 231 255 184 18 0 0 0 130 207 255 190 5 0 3 0 0 0 0 0 1 1 0 0 0 1 0 0 93 248 247 169 0 14 4 52 255 255 247 73 0 0 12 0 0 0 0 0 1 0 0 0 1 0 0 0 198 232 255 58 17 0 1 201 247 245 173 0 3 4 2 0 0 0 0 0 1 0 0 1 0 0 2 8 202 255 204 0 1 26 236 255 250 255 128 4 0 9 0 5 0 0 0 0 0 0 1 2 0 0 5 16 227 239 198 47 122 232 238 249 255 225 58 3 0 0 0 18 0 0 0 0 0 0 2 3 0 0 6 21 230 255 255 249 255 255 255 255 248 155 0 0 11 0 1 0 0 0 0 0 0 0 0 0 0 0 0 0 30 167 191 192 193 87 174 255 255 82 7 0 1 9 0 1 0 0 0 0 0 0 0 0 0 0 0 0 5 0 0 2 0 9 247 242 185 42 0 0 0 6 0 5 0 0 0 0 0 0 0 0 0 0 0 0 0 0 6 9 2 92 255 250 89 1 0 2 0 2 0 6 0 0 0 0 0 0 0 0 0 0 0 0 1 1 0 0 45 235 247 234 30 0 0 6 0 1 0 3 0 0 0 0 0 0 0 0 0 0 0 0 0 0 10 0 36 253 255 200 9 0 3 6 0 1 1 0 0 0 0 0 0 0 0 0 0 0 0 0 10 0 0 2 117 255 255 41 3 0 1 2 0 1 4 0 0 0 0 0 0 0 0 0 0 0 0 0 0 12 6 10 153 243 255 30 0 1 0 0 0 0 4 0 0 0 0 0 0 0 0 0 0 0 0 0 3 0 0 2 124 253 255 42 0 3 0 2 2 0 3 0 0 0 0 0 0 0 0 0 0 0 0 0 0 0 8 0 55 236 255 99 0 0 0 0 0 0 0 0 0 0 0 0 0 0 0 0 0 0 0 0 0 7 7 0 38 209 218 45 0 0 0 0 0 0 0 0 0 0 0 0 0 0 0 0 0 0 0 0 11 0 6 13 0 0 9 0 0 0 0 0 0 0 0 0 0 0 0 0 0 0 0 0 0 0 0 0 0 0 1 12 2 0 2 12 0 0 0 0 0 0 0 0 0 0 0 0
0 0 0 0 0 0 0 0 1 5 0 3 0 0 10 0 7 0 0 0 0 4 1 0 0 0 0 0 0 0 0 0 0 0 0 0 0 5 0 5 0 0 13 6 0 0 3 6 3 0 0 0 0 0 0 0 0 0 0 0 0 0 0 0 0 19 0 0 18 8 0 0 8 7 3 0 0 0 1 9 0 0 0 0 0 0 0 0 0 0 0 0 0 5 1 0 0 0 2 4 0 0 0 0 5 4 0 0 0 0 0 0 0 0 0 0 0 0 0 0 5 0 6 20 0 6 23 0 7 7 6 6 5 2 0 0 0 0 0 0 0 0 0 0 0 0 0 0 9 8 4 0 0 0 0 9 0 0 0 0 0 0 0 7 0 0 0 0 0 0 0 0 0 0 0 0 0 3 19 83 185 156 32 4 16 10 4 2 3 3 0 0 0 0 0 0 0 0 0 0 0 0 0 0 1 37 185 255 255 246 249 255 244 171 76 13 0 1 4 0 0 0 0 0 0 0 0 2 1 0 4 0 22 166 248 253 255 235 255 253 255 253 254 39 0 0 0 0 0 0 0 0 4 1 4 0 0 0 0 17 104 255 255 254 252 255 255 252 255 253 252 162 37 0 2 0 0 0 0 0 0 0 11 0 0 7 0 80 255 251 244 255 191 106 91 212 254 255 250 255 147 8 0 1 0 0 0 0 0 0 12 0 5 8 2 158 255 244 255 114 12 0 0 78 252 255 252 255 250 21 0 2 0 0 0 0 5 0 5 0 0 0 4 221 255 240 196 34 0 0 0 77 254 251 255 243 250 23 0 0 0 0 0 0 9 0 0 0 0 0 20 255 250 255 94 0 11 19 2 66 255 244 255 254 177 11 7 0 0 0 0 0 1 1 0 2 0 6 20 226 250 255 101 0 0 0 0 73 248 252 255 255 142 0 8 0 0 0 0 0 0 9 0 5 0 0 0 159 255 253 242 70 0 20 64 158 236 255 243 249 160 0 1 8 0 0 0 0 5 0 0 0 8 0 9 151 253 254 255 211 187 223 249 255 255 246 255 247 142 4 0 1 0 0 0 0 2 0 6 0 3 0 2 96 255 246 249 255 255 239 250 246 255 245 255 250 52 1 1 0 0 0 0 0 0 0 10 0 0 5 0 28 70 222 255 243 254 251 255 255 255 252 255 180 0 2 3 0 0 0 0 0 0 0 8 0 0 7 0 0 0 49 116 192 255 255 255 243 248 255 250 54 8 3 0 0 0 0 0 0 2 0 2 0 0 3 0 0 2 6 0 0 50 19 27 214 248 255 251 0 24 0 0 0 0 0 0 0 3 0 0 3 0 0 3 5 6 0 13 0 0 5 47 219 253 254 255 45 3 0 6 0 0 0 0 0 1 0 0 3 3 0 1 6 0 0 0 0 12 0 43 255 254 250 255 122 0 0 2 0 0 0 0 0 0 7 0 1 5 0 0 0 0 9 7 0 3 0 77 251 251 255 253 157 13 0 0 3 0 0 0 0 0 0 0 0 0 0 0 0 0 0 3 3 0 0 16 37 237 239 252 45 0 0 9 1 0 0 0 0 0 0 0 0 0 0 0 0 2 0 0 1 0 0 4 15 211 141 107 0 0 6 0 0 0 0 0 0 0 0 0 0 0 0 0 0 4 0 0 0 1 0 0 0 3 0 7 0 5 0 4 14 0 0 0 0 0 0 0 0 0 0 0 0 3 0 0 0 4 4 1 0 0 3 1 1 0 0 0 0 0 0 0 0
0 0 0 0 0 0 0 0 0 0 4 2 0 0 0 2 0 14 0 5 4 0 0 5 0 0 0 0 0 0 0 0 0 0 0 0 9 4 0 0 0 0 0 0 6 0 0 16 0 6 11 0 0 0 0 0 0 0 0 0 0 0 0 0 0 0 0 3 9 9 5 1 14 0 6 0 0 4 0 0 0 0 0 0 0 0 0 0 0 0 0 0 0 0 3 3 0 0 0 0 0 6 1 0 8 0 0 9 0 0 0 0 0 0 0 0 0 0 0 0 4 1 0 1 0 0 1 11 0 0 0 12 0 0 9 0 0 0 0 0 0 0 0 0 0 0 0 0 0 0 0 5 7 0 0 0 0 21 0 0 8 14 0 5 0 0 0 0 0 0 0 0 0 0 0 0 2 0 0 1 0 0 13 34 42 127 150 197 245 210 17 4 0 0 0 0 0 0 0 0 0 0 0 0 1 2 3 1 7 51 138 214 253 253 255 255 255 251 21 0 0 0 0 0 0 8 0 0 8 6 0 0 0 0 0 2 224 248 252 253 242 169 35 18 75 230 83 0 0 0 0 0 0 6 5 1 3 0 0 0 0 10 62 186 248 255 224 178 56 1 0 0 3 72 230 6 0 0 0 0 0 3 3 0 0 0 3 5 2 84 229 255 253 146 21 0 0 15 0 106 191 86 223 10 0 0 0 0 8 0 0 0 0 5 0 0 59 234 239 231 95 5 3 10 4 0 64 235 180 19 126 0 0 0 0 0 1 0 3 1 4 3 0 6 197 255 120 16 20 5 0 0 27 127 228 255 171 0 7 7 0 0 0 0 0 0 9 0 0 0 9 82 234 215 60 0 2 0 148 127 209 255 255 232 69 0 0 1 0 0 0 0 1 0 6 0 0 0 17 136 254 242 170 182 163 202 225 250 247 255 233 165 12 0 0 0 0 0 0 0 0 0 3 0 12 0 0 111 255 252 246 255 246 251 255 253 247 255 233 14 2 0 6 9 0 0 0 0 0 0 0 0 0 0 0 0 139 238 222 212 208 74 3 125 246 255 56 0 4 4 0 0 0 0 0 0 0 0 0 0 0 0 0 0 0 33 37 0 0 0 8 240 255 174 15 0 1 0 0 7 0 0 0 0 0 0 0 0 0 0 0 0 8 0 0 0 20 30 226 248 216 55 0 0 0 1 0 9 0 0 0 0 0 0 0 0 0 0 0 0 0 15 3 0 0 142 251 234 87 0 0 3 0 1 2 0 0 0 0 0 0 0 0 0 0 0 0 0 0 0 0 1 21 206 233 131 0 0 12 3 2 0 8 0 0 0 0 0 0 0 0 0 0 0 0 0 12 0 15 5 227 255 93 10 0 0 6 0 6 0 4 1 0 0 0 0 0 0 0 0 0 0 0 0 0 15 16 178 255 164 61 0 8 3 3 0 2 0 0 2 0 0 0 0 0 0 0 0 0 0 0 0 7 0 108 255 226 90 3 1 0 0 11 0 0 11 0 0 0 0 0 0 0 0 0 0 0 0 0 0 0 9 250 250 122 6 2 0 0 0 0 0 0 0 0 0 0 0 0 0 0 0 0 0 0 0 0 0 0 83 235 125 9 0 19 1 0 0 0 0 0 0 0 0 0 0 0 0 0 0 0 0 0 0 0 0 8 0 11 0 4 3 0 0 0 0 0 0 0 0 0 0 0 0 0 0 0 0 0 0 0 0 0 0 0 0 0 3 6 0 6 19 0 0 0 0 0 0 0 0 0 0 0 0
0 0 0 0 0 0 0 0 0 0 2 0 1 4 1 0 6 0 4 1 0 3 0 3 0 0 0 0 0 0 0 0 0 0 0 0 7 5 0 0 0 0 0 1 0 3 0 0 1 0 8 5 0 0 0 0 0 0 0 0 0 0 0 0 0 0 0 4 5 5 6 9 0 4 2 4 3 0 0 0 0 0 0 0 0 0 0 0 0 0 0 0 2 0 0 3 1 0 0 0 1 0 7 0 0 12 0 10 0 0 0 0 0 0 0 0 0 0 0 0 5 1 0 0 1 1 4 8 1 3 7 3 3 5 0 0 0 0 0 0 0 0 0 0 0 0 0 0 0 0 2 1 1 2 0 0 0 11 0 0 1 0 12 0 0 0 0 0 0 0 0 0 0 0 0 0 0 4 2 0 0 4 7 0 0 0 4 14 13 2 0 0 0 0 0 0 0 0 0 0 0 0 0 0 0 4 0 0 13 70 115 129 130 120 255 255 237 185 9 0 0 0 0 0 0 0 0 12 0 3 4 7 0 12 60 119 255 255 248 255 255 255 252 255 254 189 0 6 0 0 0 0 4 0 0 0 2 9 0 0 81 172 255 252 246 237 140 122 133 0 0 241 253 90 0 4 0 0 0 0 0 0 7 0 1 6 0 92 251 255 250 201 14 0 16 0 0 5 6 254 253 0 18 0 0 0 0 0 1 0 1 9 0 0 9 237 255 246 76 0 0 0 0 17 0 13 0 252 255 15 3 0 0 0 0 0 9 0 0 13 0 1 121 255 255 0 0 0 0 16 0 0 22 0 6 255 245 116 0 14 0 0 0 0 0 4 1 3 0 6 254 255 255 0 1 7 0 0 14 9 0 132 195 255 247 77 13 2 0 0 0 0 0 7 9 0 0 4 193 246 235 145 68 6 0 2 4 0 69 242 255 251 255 0 5 0 0 0 0 0 0 0 0 0 9 0 0 194 255 246 255 241 139 124 129 255 255 255 255 250 196 6 0 8 0 0 0 0 0 0 0 0 0 0 0 0 59 255 235 255 244 252 255 253 251 255 253 253 3 0 0 0 0 0 0 0 0 0 0 0 0 0 0 0 4 4 67 128 136 135 108 137 186 255 251 118 12 0 0 13 0 0 0 0 0 0 0 0 0 0 0 0 9 0 0 6 0 4 0 5 197 237 255 53 10 9 0 0 0 0 0 0 0 0 0 0 0 0 0 0 3 0 0 0 0 16 0 184 255 243 182 18 0 9 5 2 0 0 0 0 0 0 0 0 0 0 0 0 4 8 5 15 2 0 13 255 246 199 14 0 2 0 7 10 0 0 0 0 0 0 0 0 0 0 0 0 0 14 0 0 0 21 173 248 198 65 0 3 15 4 0 0 0 0 0 0 0 0 0 0 0 0 0 0 17 0 14 0 11 125 253 255 138 0 18 0 0 11 0 5 0 0 0 0 0 0 0 0 0 0 0 0 0 12 0 2 1 131 249 193 0 0 2 0 7 0 10 0 0 0 0 0 0 0 0 0 0 0 0 0 9 4 2 0 11 255 249 1 0 0 0 0 0 0 0 0 0 0 0 0 0 0 0 0 0 0 0 0 0 4 8 10 104 255 170 8 0 0 0 0 0 0 0 0 0 0 0 0 0 0 0 0 0 0 0 0 18 11 0 5 133 236 81 0 0 0 0 0 0 0 0 0 0 0 0 0 0 0 0 0 0 0 0 0 0 0 9 1 0 19 0 7 0 0 0 0 0 0 0 0 0 0 0 0
0 0 0 0 0 0 0 0 0 0 0 0 0 0 0 0 0 0 14 0 5 0 7 0 0 0 0 0 0 0 0 0 0 0 0 0 0 0 0 0 0 0 0 0 8 0 0 0 0 8 9 1 0 0 0 0 0 0 0 0 0 0 0 0 0 0 0 0 0 0 0 0 0 4 9 9 1 0 0 0 0 0 0 0 0 0 0 0 0 0 0 0 1 1 0 0 0 0 0 0 6 3 0 0 8 0 2 12 0 0 0 0 0 0 0 0 0 0 0 0 2 1 0 0 0 0 0 1 3 0 3 0 9 0 0 0 0 0 0 0 0 0 0 0 0 0 0 0 1 0 0 0 0 1 2 4 2 0 8 0 8 3 15 0 0 0 0 0 0 0 0 0 0 0 0 0 0 0 0 0 0 2 4 6 0 0 2 11 0 2 9 0 0 0 0 0 0 0 0 0 0 0 0 0 0 0 0 0 0 2 5 8 32 136 216 219 33 2 0 8 0 0 0 0 9 0 0 14 7 0 14 0 0 0 3 11 5 139 213 242 235 250 252 251 53 0 12 0 0 0 0 0 0 8 5 0 0 8 11 2 15 0 26 69 204 255 219 87 26 249 255 197 19 11 0 11 0 0 0 0 7 5 0 4 3 3 0 14 47 145 206 255 201 71 53 5 89 240 254 104 15 0 0 0 0 0 0 0 3 0 0 12 0 0 78 184 247 255 196 94 9 19 0 1 200 246 248 104 148 89 13 8 0 0 0 0 0 0 1 0 0 31 209 250 248 214 91 27 59 132 195 211 249 254 255 255 227 251 23 0 0 0 0 0 6 6 4 0 9 56 255 255 255 222 233 255 245 255 165 215 250 190 165 134 255 208 16 23 0 0 0 0 0 0 3 0 0 26 213 255 255 255 174 149 42 42 4 18 47 3 34 195 247 158 0 0 0 0 0 0 9 2 0 0 7 0 32 13 20 20 1 3 1 0 4 2 0 9 111 255 212 40 1 2 0 0 0 0 0 0 0 0 0 0 0 0 0 18 0 2 6 0 4 0 0 118 252 230 69 5 0 0 0 0 0 0 0 0 0 0 0 0 0 0 0 0 18 0 0 6 3 0 38 253 235 201 0 0 11 4 0 0 0 0 0 0 0 0 0 0 0 0 9 18 0 0 14 0 0 40 219 255 252 48 0 4 0 3 0 0 0 0 0 0 0 0 0 0 0 0 0 0 2 0 0 12 29 198 248 217 9 14 0 13 5 0 0 0 0 0 0 0 0 0 0 0 0 0 0 0 18 4 0 13 220 255 226 104 15 0 18 0 0 1 0 0 0 0 0 0 0 0 0 0 0 0 8 10 0 8 23 215 253 206 38 1 0 0 0 0 10 6 0 0 0 0 0 0 0 0 0 0 0 0 0 0 2 35 213 254 224 75 0 10 0 12 0 0 15 0 0 0 0 0 0 0 0 0 0 0 0 0 0 6 105 223 251 218 73 0 5 1 0 0 7 0 0 0 0 0 0 0 0 0 0 0 0 0 0 0 3 107 255 255 165 23 1 4 0 0 0 0 0 0 0 0 0 0 0 0 0 0 0 0 0 0 0 0 6 173 255 211 0 9 8 0 0 0 0 0 0 0 0 0 0 0 0 0 0 0 0 0 0 0 0 0 3 206 212 20 17 0 0 7 0 0 0 0 0 0 0 0 0 0 0 0 0 0 0 0 0 0 0 0 0 0 4 0 0 0 2 9 0 0 0 0 0 0 0 0 0 0 0 0
0 0 0 0 0 0 0 0 0 3 0 0 2 2 0 0 0 10 9 0 0 2 0 0 0 0 0 0 0 0 0 0 0 0 0 0 0 1 4 0 0 0 1 3 0 4 0 0 4 2 0 0 0 0 0 0 0 0 0 0 0 0 0 0 8 5 6 3 0 5 5 0 3 0 0 0 3 2 0 2 0 0 0 0 0 0 0 0 0 0 0 0 0 0 0 0 0 0 2 0 4 0 0 1 0 0 4 3 0 0 0 0 0 0 0 0 0 0 0 0 6 1 5 6 0 0 0 10 0 0 9 10 0 0 5 0 0 0 0 0 0 0 0 0 0 0 0 0 0 2 0 0 4 6 0 1 5 0 0 6 0 1 7 0 0 0 0 0 0 0 0 0 0 0 0 0 0 61 104 131 199 246 249 252 84 16 0 0 0 0 7 0 0 0 0 0 0 0 0 0 0 0 0 0 38 189 255 244 255 255 251 254 195 73 2 6 1 0 1 2 0 0 0 0 1 0 0 8 6 0 2 34 212 247 248 250 255 255 229 255 248 248 102 0 0 2 0 4 0 0 0 0 1 0 1 0 0 0 0 124 238 255 236 159 42 21 61 96 244 255 166 0 16 2 5 1 0 0 0 0 3 0 9 0 1 4 25 224 249 244 92 0 0 1 0 0 101 236 201 25 0 1 0 0 0 0 0 0 1 0 9 0 5 3 115 255 253 98 0 7 0 0 9 0 0 221 244 72 0 19 0 8 0 0 0 0 0 0 0 4 0 0 218 250 219 19 0 14 0 6 4 0 0 211 255 68 0 0 4 0 0 0 0 0 6 0 0 6 0 1 255 247 172 28 5 0 0 4 0 21 5 222 255 137 5 2 9 7 0 0 0 0 7 0 0 5 0 7 190 255 255 65 6 0 7 4 0 0 0 211 238 214 12 0 0 3 0 0 0 0 0 0 6 0 0 6 98 255 249 247 152 1 0 4 2 7 57 233 255 253 71 2 6 0 0 0 0 0 2 0 0 5 0 0 23 63 254 254 248 255 178 122 0 54 170 252 249 245 78 11 0 4 0 0 0 0 2 0 0 4 0 0 0 16 47 178 252 255 240 255 239 247 255 238 255 255 145 0 6 0 0 0 0 0 0 0 0 2 0 0 0 0 1 4 14 90 169 168 212 205 142 77 182 248 212 24 13 0 0 0 0 0 1 1 0 0 0 3 4 1 8 1 0 14 14 0 20 17 10 0 96 255 255 102 0 0 0 0 0 0 1 5 3 0 0 0 0 0 0 0 4 0 0 2 21 0 0 5 49 212 255 181 0 6 0 0 0 0 0 1 5 2 0 0 0 0 16 0 4 1 0 0 0 8 0 4 0 105 255 217 6 3 0 0 0 0 0 0 0 5 6 3 3 4 0 0 9 0 0 14 3 0 3 0 0 55 255 220 6 0 0 0 0 0 7 0 0 0 1 0 0 0 4 0 3 0 9 0 3 4 1 0 4 58 255 219 13 0 0 0 0 0 0 0 0 0 0 0 0 0 0 0 0 0 0 0 0 0 0 3 1 47 255 222 5 0 0 0 0 0 0 0 0 0 0 0 0 0 0 0 0 0 0 0 0 0 0 0 0 10 129 106 0 4 0 0 0 0 0 0 0 0 0 0 0 0 0 0 0 0 0 0 0 0 2 0 1 0 15 7 0 7 0 0 0 0 0 0 0 0 0 0 0 0 0 0 0 0 0 0 0 0 2 1 4 1 0 0 5 0 0 0 0 0
0 0 0 0 0 0 0 0 0 0 2 0 0 6 5 0 2 0 0 9 3 0 0 7 0 0 0 0 0 0 0 0 0 0 0 0 11 0 0 3 8 2 0 0 6 14 8 0 0 9 7 0 0 0 0 0 0 0 0 0 0 0 0 0 0 8 9 0 0 0 6 4 0 0 4 1 1 0 0 0 0 0 0 0 0 0 0 0 0 0 0 0 0 0 0 10 17 4 0 0 21 9 0 0 8 7 0 0 0 0 0 0 0 0 0 0 0 0 0 0 8 7 2 0 0 0 0 1 0 1 8 0 0 5 4 0 0 0 0 0 0 0 0 0 0 0 0 0 0 0 0 0 5 6 3 1 11 0 2 12 0 0 0 4 0 0 0 0 0 0 0 0 0 0 0 0 7 0 3 15 0 0 97 228 202 54 0 0 4 0 1 0 0 0 0 0 0 0 0 0 0 0 0 0 0 6 0 3 96 222 255 244 207 72 5 11 0 0 9 0 0 0 0 0 0 0 0 0 0 0 0 0 0 3 2 130 247 254 214 81 8 0 0 14 3 0 2 0 0 0 0 0 0 0 0 0 0 0 0 0 16 6 21 255 255 190 36 1 0 7 0 9 0 15 0 6 0 0 0 0 0 0 0 0 0 0 0 0 0 0 124 255 119 16 0 5 19 0 5 0 4 6 0 2 0 0 0 0 0 0 0 0 0 0 0 0 12 0 172 244 113 0 17 0 19 46 125 33 6 0 5 0 0 0 0 0 0 0 0 0 0 0 0 0 0 0 72 254 255 187 151 165 243 248 253 127 0 0 0 11 0 0 0 0 0 0 0 0 0 0 0 0 0 6 18 165 243 255 243 216 175 234 255 133 16 4 0 0 0 0 0 0 0 0 0 0 0 0 0 0 10 0 0 0 36 74 64 0 115 250 232 33 0 0 12 0 0 0 0 0 0 0 0 0 0 0 0 0 3 0 16 1 1 0 6 89 233 255 83 0 3 18 0 16 0 0 0 0 0 0 0 0 0 0 0 0 0 3 0 0 11 0 62 208 255 135 21 0 2 0 0 0 0 0 0 0 0 0 0 0 0 0 0 0 5 0 10 0 11 55 213 255 134 50 0 0 3 0 0 2 0 0 0 0 0 0 0 0 0 0 0 0 1 7 5 0 0 160 255 155 24 0 0 4 5 0 0 0 0 0 0 0 0 0 0 0 0 0 0 0 0 3 0 2 75 255 215 39 0 0 1 9 1 0 0 0 0 0 0 0 0 0 0 0 0 0 0 0 10 0 1 1 195 246 87 0 2 0 0 2 0 0 5 0 0 0 0 0 0 0 0 0 0 0 0 0 4 0 7 0 158 210 0 0 6 0 0 0 0 1 5 0 0 0 0 0 0 0 0 0 0 0 0 0 0 16 1 0 70 247 55 16 5 0 1 3 0 0 1 0 0 0 0 0 0 0 0 0 0 0 0 0 4 0 0 0 46 255 122 0 0 0 0 4 0 0 1 0 0 0 0 0 0 0 0 0 0 0 0 0 0 4 0 12 51 234 255 200 73 13 0 4 0 0 8 0 0 0 0 0 0 0 0 0 0 0 0 0 7 9 0 0 0 115 165 140 39 0 0 3 0 0 8 0 0 0 0 0 0 0 0 0 0 0 0 0 0 0 7 4 0 1 9 0 5 0 0 5 0 0 8 1 0 0 0 0 0 0 0 0 0 0 0 0 0 0 0 0 10 0 0 0 0 0 6 7 0 0 6 0 0 0 0 0
0 0 0 0 0 0 0 0 0 3 4 0 3 2 0 0 0 0 0 14 0 0 0 5 0 0 0 0 0 0 0 0 0 0 0 0 10 1 0 0 0 2 2 4 0 5 0 0 0 7 2 0 0 0 0 0 0 0 0 0 0 0 0 0 9 0 0 6 2 0 0 0 4 0 0 1 7 0 0 11 0 0 0 0 0 0 0 0 0 0 0 0 0 0 3 9 0 0 0 0 0 6 0 0 5 8 3 0 0 0 0 0 0 0 0 0 0 0 0 0 1 0 0 0 0 2 7 2 0 0 2 10 2 0 0 7 0 0 0 0 0 0 0 0 0 0 0 0 3 5 0 0 4 2 0 0 6 0 0 9 0 16 6 0 0 0 0 0 0 0 0 0 0 0 0 0 0 7 0 0 12 0 0 45 144 241 249 146 0 0 7 0 0 0 0 0 0 0 0 0 0 0 0 0 0 8 0 0 4 0 39 159 248 255 247 207 24 0 0 8 0 0 0 0 0 5 1 0 2 0 0 2 0 11 0 1 6 67 169 254 243 255 252 251 33 23 0 3 0 0 0 0 0 2 0 0 3 2 0 4 14 0 7 0 163 241 250 255 252 255 244 161 2 1 0 6 0 0 0 0 0 1 0 0 4 2 0 2 0 0 13 106 233 255 242 120 218 249 249 95 0 0 0 8 0 0 0 0 3 4 0 0 4 0 0 1 0 29 127 241 255 231 95 33 246 255 255 80 0 6 4 0 0 0 0 0 3 4 0 0 3 0 0 9 29 186 255 243 230 87 22 161 255 248 246 88 0 1 5 0 0 0 0 0 0 0 0 0 3 0 5 25 251 253 253 255 125 121 223 237 241 251 255 154 7 0 0 7 0 0 0 0 0 0 0 0 1 0 10 38 244 243 244 231 167 244 235 255 254 255 245 151 30 5 0 0 0 0 0 0 0 3 2 1 0 0 10 42 253 255 255 244 255 254 255 232 255 213 95 8 0 10 0 4 0 0 0 0 0 1 4 3 0 0 13 34 255 255 243 255 255 234 255 249 255 61 0 3 0 1 0 8 0 0 0 0 2 0 0 0 0 0 2 12 165 231 253 224 154 235 250 252 159 25 0 6 0 5 0 0 0 0 0 0 4 0 0 0 1 0 0 0 0 58 77 0 45 221 250 244 45 0 4 4 0 6 0 0 0 0 0 0 2 0 0 0 4 4 1 0 10 0 0 0 210 255 240 196 0 0 7 0 0 3 0 3 0 0 0 0 0 1 1 0 1 3 4 4 0 3 9 65 244 255 197 6 0 0 3 0 0 0 0 5 0 0 0 0 0 3 4 0 0 0 1 2 21 0 23 226 251 255 160 10 3 0 0 0 2 0 0 0 0 0 0 0 0 4 4 0 0 0 0 0 0 0 110 255 237 218 77 0 0 0 0 4 0 0 5 0 0 0 0 0 0 3 3 0 2 5 3 0 3 6 213 244 253 150 0 1 0 0 0 3 0 0 11 0 0 0 0 0 0 0 0 0 0 0 0 0 0 25 237 255 253 10 4 0 0 0 0 0 0 0 0 0 0 0 0 0 0 0 0 0 0 0 0 0 0 4 143 255 79 20 14 1 0 0 0 0 0 0 0 0 0 0 0 0 0 0 0 0 0 0 0 0 9 2 0 0 10 0 0 9 0 0 0 0 0 0 0 0 0 0 0 0 0 0 0 0 0 0 0 0 0 0 5 0 24 7 3 0 0 0 0 0 0 0 0 0 0 0 0 0
0 0 0 0 0 0 0 0 2 0 1 11 0 0 4 0 6 0 0 11 0 0 2 0 0 0 0 0 0 0 0 0 0 0 0 0 0 17 0 0 0 0 10 11 0 4 0 0 0 1 3 1 0 0 0 0 0 0 0 0 0 0 0 0 0 0 13 2 0 12 0 0 0 5 0 0 15 8 0 0 0 0 0 0 0 0 0 0 0 0 0 0 1 0 0 0 0 4 0 5 3 1 0 0 0 0 0 13 0 0 0 0 0 0 0 0 0 0 0 0 0 13 0 0 24 0 0 7 0 0 3 3 0 0 10 4 0 0 0 0 0 0 0 0 0 0 0 0 16 0 55 108 150 237 248 255 105 32 0 3 8 2 0 0 0 0 0 0 0 0 0 0 0 0 0 0 0 21 203 255 243 255 255 236 244 163 43 0 0 0 0 12 0 0 0 0 0 0 0 0 0 0 0 0 10 236 247 224 143 17 68 104 226 255 169 9 0 12 0 0 0 0 0 0 4 0 1 1 2 3 0 6 163 255 228 67 0 0 19 0 103 246 250 28 3 4 0 0 0 0 0 0 0 0 7 1 0 0 6 49 255 250 85 0 8 0 0 0 3 191 249 210 0 8 0 9 0 0 0 0 0 2 5 0 2 0 7 72 241 245 54 0 0 11 0 0 10 140 237 248 43 0 15 0 0 0 0 0 1 3 0 0 10 0 0 62 255 204 8 17 0 0 1 4 142 255 255 255 68 3 0 0 0 0 0 0 1 3 0 0 10 0 0 62 255 196 0 4 0 4 6 0 11 208 255 222 68 0 0 15 0 0 0 0 0 2 5 0 2 0 7 72 246 255 77 0 0 5 0 3 41 223 253 191 9 10 0 0 0 0 0 0 0 0 7 1 0 0 6 49 251 250 102 6 8 0 13 66 223 252 252 24 0 0 13 0 0 0 0 0 4 0 1 1 2 3 0 6 196 255 249 159 140 157 237 255 251 255 236 0 5 8 0 1 0 0 0 0 0 0 0 0 0 0 0 0 31 216 246 255 252 242 255 243 250 255 107 0 5 5 0 5 0 0 0 0 0 0 0 0 0 0 0 0 1 21 92 224 226 147 100 116 246 255 47 0 0 0 11 0 0 0 0 0 0 0 0 0 0 0 0 0 0 2 3 0 1 1 15 178 255 195 21 10 28 0 1 0 0 0 0 0 0 0 0 0 0 0 0 0 0 5 1 0 6 0 0 201 246 199 0 179 53 12 0 2 0 0 0 0 0 0 0 0 0 0 0 0 13 0 0 15 15 0 13 191 255 186 174 231 68 16 0 11 0 0 0 0 0 0 0 0 0 0 0 0 0 8 6 0 0 0 11 181 243 255 247 204 10 0 7 0 0 0 0 0 0 0 0 0 0 0 0 0 12 10 0 0 20 2 0 198 251 250 254 61 0 0 5 0 0 0 0 0 0 0 0 0 0 0 0 0 6 0 11 6 0 4 10 185 254 248 148 4 0 7 0 5 0 0 0 0 0 0 0 0 0 0 0 0 3 0 0 4 0 0 20 55 251 213 27 0 1 0 7 4 0 0 0 0 0 0 0 0 0 0 0 0 4 0 0 5 1 0 0 10 0 37 0 9 15 0 0 0 0 0 0 0 0 0 0 0 0 0 0 0 1 0 0 4 5 0 0 0 0 3 0 1 0 0 0 8 0 0 0 0 0 0 0 0 0 0 0 0 0 0 0 0 2 7 6 1 18 5 0 0 0 7 2 1 0 0 0 0
0 0 0 0 0 0 0 0 0 0 13 0 0 0 6 0 0 3 1 0 0 1 4 2 0 0 0 0 0 0 0 0 0 0 0 0 6 0 0 12 6 16 0 0 0 1 8 7 0 0 0 0 0 0 0 0 0 0 0 0 0 0 0 0 0 7 10 0 0 0 11 0 10 0 0 1 10 9 6 7 0 0 0 0 0 0 0 0 0 0 0 0 0 0 0 23 0 10 0 1 0 0 1 0 0 0 0 0 0 0 0 0 0 0 0 0 0 0 0 0 9 1 10 0 0 0 6 5 0 0 1 1 4 8 3 0 0 0 0 0 0 0 0 0 0 0 0 0 0 0 0 6 3 4 3 5 1 2 0 0 0 0 0 3 0 0 0 0 0 0 0 0 0 0 0 0 0 2 19 246 240 255 213 255 248 253 249 204 108 16 0 6 0 0 0 0 0 0 0 0 0 0 0 0 15 108 225 254 255 246 255 253 255 244 253 255 224 113 22 0 0 0 0 0 0 0 0 0 0 0 0 0 76 255 247 181 164 185 65 46 118 119 180 239 252 208 15 0 0 0 0 0 0 0 0 0 0 0 0 0 173 255 255 56 23 2 0 0 2 0 1 219 255 212 0 6 0 0 0 0 0 0 0 0 0 0 0 0 88 241 239 255 115 28 1 6 14 0 78 251 237 228 6 0 0 0 0 0 0 0 0 0 0 0 0 0 22 255 255 255 255 219 131 0 0 10 83 243 255 113 0 14 0 0 0 0 0 0 0 0 0 0 0 0 10 54 206 253 242 243 255 243 131 0 120 238 255 84 0 0 0 0 0 0 0 0 0 0 0 0 0 0 1 0 0 68 147 247 230 254 243 252 254 255 180 5 0 13 0 0 0 0 0 0 0 0 0 0 0 0 0 34 0 0 1 55 161 226 255 251 244 237 74 11 0 0 0 0 0 0 0 0 0 0 0 0 0 0 5 0 0 7 0 4 5 26 154 255 255 240 41 0 0 6 0 0 0 0 0 0 0 1 4 5 4 2 8 0 1 2 7 0 0 40 234 234 238 74 0 0 12 0 0 0 0 0 8 5 0 0 0 0 0 0 0 8 0 0 6 0 9 190 244 255 150 0 0 0 19 4 0 0 0 0 0 0 3 5 4 3 4 6 5 0 7 5 0 0 133 236 255 254 126 0 2 2 0 10 0 0 0 0 0 0 0 2 1 0 0 0 0 14 0 6 0 140 255 245 255 178 18 5 4 0 12 0 0 0 0 0 8 3 0 0 0 2 2 1 0 0 12 46 216 255 233 240 142 20 0 0 0 25 0 5 0 0 0 0 0 0 0 2 5 4 1 0 12 0 27 233 255 246 245 122 0 0 1 20 0 0 0 5 0 0 0 0 0 0 2 0 0 0 0 1 0 66 231 237 255 243 88 5 9 3 1 0 0 14 0 7 0 0 0 0 2 3 0 0 2 30 73 105 187 214 252 254 161 52 0 10 0 0 0 12 4 0 12 0 0 0 0 0 0 14 0 2 1 89 253 253 250 255 225 109 16 0 3 0 0 0 0 0 0 0 0 0 0 0 0 0 0 11 0 0 0 71 220 253 251 170 66 2 0 0 3 0 0 0 0 0 0 0 0 0 0 0 0 0 0 0 0 12 0 0 3 0 11 0 0 6 13 1 0 7 0 0 0 0 0 0 0 0 0 0 0 0 11 0 0 0 4 7 2 12 0 2 3 0 0 0 0 2 0 0 0 0 0 0 0 0 0 0 0 0
0 0 0 0 0 0 0 0 0 0 0 5 5 0 0 2 3 0 0 9 0 5 5 0 0 0 0 0 0 0 0 0 0 0 0 0 11 2 0 0 0 0 0 0 7 1 2 8 0 0 0 5 0 0 0 0 0 0 0 0 0 0 0 0 0 0 0 2 6 10 8 2 5 0 0 0 10 7 6 6 0 0 0 0 0 0 0 0 0 0 0 0 0 3 6 0 0 0 0 0 0 2 13 5 0 0 0 0 0 0 0 0 0 0 0 0 0 0 0 0 3 4 2 0 0 1 3 3 0 1 1 0 0 10 9 0 0 0 0 0 0 0 0 0 0 0 0 0 2 0 0 3 6 2 0 0 0 0 0 6 0 4 7 0 0 0 0 0 0 0 0 0 0 0 0 0 3 0 0 0 0 0 20 56 235 251 255 227 53 0 0 10 0 0 0 0 0 0 0 0 0 0 0 0 0 1 4 0 0 39 149 254 227 228 242 253 74 13 0 2 0 0 0 0 0 0 0 0 0 0 0 0 0 11 0 12 10 238 247 216 22 0 138 255 154 26 0 8 0 0 0 0 0 0 0 0 0 0 0 0 4 0 2 3 180 252 153 0 0 73 255 243 255 63 1 0 0 0 0 0 0 0 0 0 0 0 0 0 0 5 0 201 254 158 36 0 36 221 249 255 233 46 5 17 0 0 0 0 0 0 0 0 0 0 0 0 0 0 112 255 177 55 0 4 22 211 250 245 162 2 0 0 0 0 0 0 0 0 0 0 0 0 0 0 18 38 255 207 44 10 0 1 146 242 255 101 0 18 0 8 0 0 0 0 0 0 0 0 0 0 0 0 0 125 255 194 0 0 41 137 253 255 225 0 0 8 0 0 0 0 0 0 0 0 0 0 0 0 0 0 3 154 246 206 121 142 235 255 249 218 40 0 0 5 0 8 0 0 0 0 0 0 0 0 0 0 0 0 0 30 221 247 255 255 245 255 255 145 0 0 17 0 0 0 0 0 0 0 0 0 0 0 0 0 0 0 0 9 50 134 153 76 157 255 250 41 0 0 0 9 0 10 0 0 0 0 0 0 0 0 0 0 0 0 0 0 1 15 0 35 204 255 140 7 0 3 0 9 0 2 0 0 0 0 0 0 0 0 0 0 0 0 9 12 0 0 9 154 255 207 29 0 0 5 0 4 0 0 0 0 0 0 0 0 0 0 0 0 0 0 0 0 0 0 176 247 226 66 0 0 3 5 0 0 3 0 0 0 0 0 0 0 0 0 0 0 0 0 9 0 0 112 255 251 115 9 0 9 1 3 1 0 3 2 0 0 0 0 0 0 0 0 0 0 0 0 0 0 77 242 239 127 11 0 1 1 0 2 2 0 2 0 0 0 0 0 0 0 0 0 0 0 0 0 0 28 227 255 202 7 5 0 1 0 1 2 0 1 1 0 0 0 0 0 0 0 0 0 0 0 0 0 0 118 248 235 75 0 0 7 6 0 13 3 0 3 3 0 0 0 0 0 0 0 0 0 0 0 0 0 25 235 253 147 3 15 0 7 0 0 0 0 0 0 0 0 0 0 0 0 0 0 0 0 0 0 0 0 0 182 246 44 0 0 29 0 0 0 0 0 0 0 0 0 0 0 0 0 0 0 0 0 0 0 0 0 5 0 10 0 17 0 0 3 0 0 0 0 0 0 0 0 0 0 0 0 0 0 0 0 0 0 0 0 0 7 0 6 0 29 10 0 0 0 0 0 0 0 0 0 0 0 0 0
0 0 0 0 0 0 0 0 0 1 1 0 0 0 0 0 0 7 7 0 0 0 0 7 0 0 0 0 0 0 0 0 0 0 0 0 6 1 0 0 2 5 0 0 5 0 0 0 2 0 0 0 0 0 0 0 0 0 0 0 0 0 0 0 0 0 3 6 5 1 0 0 4 0 0 4 3 6 7 0 0 0 0 0 0 0 0 0 0 0 0 0 10 6 1 0 0 0 0 4 0 0 6 0 0 0 7 0 0 0 0 0 0 0 0 0 0 0 0 0 0 0 0 1 8 6 1 0 0 3 6 2 0 1 3 0 0 0 0 0 0 0 0 0 0 0 0 0 5 3 5 6 0 0 0 4 5 0 0 0 12 4 0 8 0 0 0 0 0 0 0 0 0 0 0 0 0 0 0 5 7 0 0 6 0 20 4 0 0 0 0 2 0 0 0 0 0 0 0 0 0 0 0 0 0 12 81 188 255 255 185 120 17 96 80 7 0 8 0 7 0 0 0 0 5 5 0 0 16 0 0 17 121 227 255 255 255 249 250 255 239 249 254 71 0 0 8 0 0 0 0 0 0 6 3 1 5 0 2 113 255 255 254 243 196 249 255 241 251 255 232 64 0 0 6 4 0 0 0 0 3 8 0 0 0 0 23 214 244 255 104 30 38 38 47 238 254 255 144 21 0 5 2 0 0 0 0 0 0 5 0 8 7 0 0 206 255 229 41 0 9 0 29 251 251 248 67 0 0 9 0 0 0 0 0 0 0 5 4 10 0 0 4 224 249 255 205 202 195 182 226 252 251 246 47 2 0 0 0 6 0 0 0 0 11 5 0 0 0 7 18 165 221 255 255 251 241 226 255 250 251 214 17 3 0 3 0 3 0 0 0 0 5 0 0 1 6 1 0 3 39 116 223 223 106 45 100 245 252 172 0 0 0 9 7 0 0 0 0 0 0 0 2 0 0 4 8 0 0 4 1 0 0 3 0 239 255 164 4 14 0 0 7 0 0 0 0 0 0 0 0 0 0 0 0 0 0 0 7 0 0 5 0 242 255 209 29 0 0 4 0 3 0 0 0 0 0 0 0 0 0 0 0 0 5 0 0 2 3 1 0 242 255 244 63 0 3 0 11 0 0 0 0 0 0 0 0 0 0 0 0 0 7 0 0 2 4 0 1 248 250 251 57 0 3 0 13 0 0 0 0 0 0 0 0 0 0 0 0 0 0 1 2 0 0 0 9 223 255 244 53 0 5 8 3 6 0 0 0 0 0 0 0 0 0 0 0 0 0 3 2 0 0 0 3 134 255 238 109 0 0 0 0 0 0 0 0 0 0 0 0 0 0 0 0 0 1 0 0 0 7 6 0 28 227 255 228 48 8 7 8 8 0 0 0 0 0 0 0 0 0 0 0 0 5 0 0 3 1 2 0 0 131 242 255 101 0 0 0 0 0 0 0 0 0 0 0 0 0 0 0 0 2 0 6 9 0 0 12 3 96 254 255 185 3 16 0 5 0 0 0 0 0 0 0 0 0 0 0 0 0 0 0 0 0 0 0 0 74 255 255 201 21 0 11 0 0 0 0 0 0 0 0 0 0 0 0 0 0 0 0 0 0 0 0 0 0 125 246 216 36 17 0 0 0 0 0 0 0 0 0 0 0 0 0 0 0 0 0 0 0 0 0 0 8 46 229 203 0 0 0 6 0 0 0 0 0 0 0 0 0 0 0 0 0 0 0 0 0 0 0 0 0 0 0 0 17 18 0 4 0 0 0 0
0 0 0 0 0 0 0 0 0 0 0 0 5 8 4 0 0 1 1 0 0 0 0 0 0 0 0 0 0 0 0 0 0 0 0 0 8 5 3 0 0 0 0 1 12 0 0 0 4 0 1 7 0 0 0 0 0 0 0 0 0 0 0 0 1 0 0 5 8 2 2 7 0 0 0 3 6 1 0 1 0 0 0 0 0 0 0 0 0 0 0 0 0 0 0 1 0 0 0 0 0 9 15 6 0 1 1 0 0 0 0 0 0 0 0 0 0 0 0 0 0 8 12 0 0 0 4 5 0 0 0 0 0 1 6 7 0 0 0 0 0 0 0 0 0 0 0 0 0 1 0 0 3 10 5 0 20 0 0 6 12 0 0 0 0 0 0 0 0 0 0 0 0 0 0 0 9 0 0 0 0 0 0 6 0 0 2 0 0 0 6 11 0 0 0 0 0 0 0 0 0 0 0 0 1 0 8 11 0 0 62 145 218 242 201 88 5 0 4 0 0 0 0 0 0 0 0 0 0 0 0 0 0 3 0 2 61 239 252 255 255 246 255 248 153 43 0 2 0 0 0 0 0 0 0 0 0 0 0 0 4 0 0 157 247 255 240 151 16 15 95 255 255 189 0 0 0 0 0 0 0 0 0 0 0 0 0 0 0 17 175 255 245 181 48 6 45 108 224 245 255 95 2 9 0 0 0 0 0 0 0 0 0 0 0 0 1 94 245 246 148 21 0 60 173 254 255 255 199 14 0 0 0 0 0 0 0 0 0 0 0 0 0 0 195 240 255 254 248 159 172 248 255 255 242 255 232 21 12 5 0 0 0 0 0 0 0 0 0 0 0 0 18 196 255 219 246 246 255 255 240 255 255 181 77 0 0 5 0 0 0 0 0 0 0 0 0 0 0 0 0 215 255 255 255 240 246 115 208 255 237 28 18 0 20 0 0 0 0 0 0 0 0 0 0 0 0 0 4 60 202 209 119 46 17 79 239 250 92 1 7 0 0 1 0 0 0 0 0 0 0 0 0 0 0 0 5 2 0 0 4 4 2 181 252 208 18 0 13 0 8 0 0 0 0 0 0 0 0 0 0 0 0 0 0 8 9 0 9 0 139 255 243 65 0 0 0 0 2 1 0 0 0 0 0 0 0 0 0 0 0 0 4 3 0 0 0 31 212 255 202 0 6 10 0 3 0 0 0 0 0 0 0 0 0 0 0 0 0 0 4 6 0 15 11 194 238 229 58 0 0 0 4 0 1 5 0 0 0 0 0 0 0 0 0 0 0 0 0 0 32 0 125 255 238 100 0 14 0 0 0 0 0 2 0 0 0 0 0 0 0 0 0 0 0 0 8 0 1 46 231 252 145 0 4 11 7 10 0 9 0 1 0 0 0 0 0 0 0 0 0 0 0 0 1 7 0 212 248 216 38 1 0 0 0 0 0 7 2 9 0 0 0 0 0 0 0 0 0 0 0 0 0 10 141 237 255 80 0 3 0 15 0 0 23 0 0 0 0 0 0 0 0 0 0 0 0 0 0 0 6 44 222 255 151 16 2 0 0 0 0 0 0 0 0 0 0 0 0 0 0 0 0 0 0 0 0 0 2 203 255 250 44 0 0 0 0 0 0 0 0 0 0 0 0 0 0 0 0 0 0 0 0 0 0 0 0 150 246 74 9 8 11 3 0 0 0 0 0 0 0 0 0 0 0 0 0 0 0 0 0 0 0 0 0 12 0 0 10 0 0 6 0 0 0 0 0 0 0 0 0 0 0 0
0 0 0 0 0 0 0 0 0 7 9 0 0 0 0 3 0 0 0 0 0 0 0 0 0 0 0 0 0 0 0 0 0 0 0 0 20 0 0 0 10 0 0 4 0 0 0 0 0 0 0 0 0 0 0 0 0 0 0 0 0 0 0 0 0 1 3 0 0 4 5 0 0 0 0 0 0 0 0 0 0 0 0 0 0 0 0 0 0 0 0 0 0 0 8 12 0 0 1 0 0 0 0 0 0 0 0 0 0 0 0 0 0 0 0 0 0 0 0 0 1 2 0 0 0 5 8 0 0 0 0 0 0 0 0 0 0 0 0 0 0 0 0 0 0 0 0 0 0 0 1 6 9 0 0 4 0 0 0 0 0 0 0 0 0 0 0 0 0 0 0 0 0 0 0 0 0 68 168 255 255 132 14 0 0 0 0 0 0 0 0 0 0 0 0 0 0 0 0 0 0 0 0 0 57 218 255 237 255 253 132 6 0 0 0 0 0 0 0 0 0 0 0 0 0 0 0 0 0 0 0 0 204 253 195 109 131 255 236 5 6 0 0 9 1 0 10 0 0 0 0 0 0 0 0 0 0 0 0 0 255 251 37 0 30 200 247 134 0 1 10 0 0 1 0 7 0 0 0 0 0 0 0 0 0 0 0 0 192 255 108 4 5 48 234 255 0 5 1 0 4 4 0 5 0 0 0 0 0 0 0 0 0 0 0 0 94 253 255 113 58 0 185 247 1 2 0 0 5 0 5 2 0 0 0 0 0 0 0 0 0 0 0 0 15 155 233 255 248 237 255 253 120 114 115 61 0 0 1 0 0 0 0 0 0 0 0 0 0 0 0 0 0 13 43 135 167 252 255 250 254 254 255 108 0 9 0 4 0 0 0 0 0 0 0 0 0 0 0 0 4 0 0 6 15 38 57 74 255 255 194 50 0 5 0 11 0 0 0 0 0 0 0 0 0 0 0 0 3 4 1 0 0 0 3 17 246 246 55 0 15 0 5 0 0 0 0 0 0 0 0 0 0 0 0 0 0 7 0 2 0 0 13 199 255 190 0 0 4 4 0 2 0 0 0 0 0 0 0 0 0 0 0 0 0 7 0 0 4 3 31 245 248 105 0 0 4 2 0 1 0 0 0 0 0 0 0 0 0 0 0 0 0 9 0 0 3 1 24 255 251 20 2 0 5 0 2 0 0 0 0 0 0 0 0 0 0 0 0 0 0 8 0 0 4 0 16 254 255 0 6 3 3 0 3 0 0 0 0 0 0 0 0 0 0 0 0 0 0 3 0 0 7 0 49 255 255 25 3 2 0 0 1 0 0 0 0 0 0 0 0 0 0 0 0 0 0 1 2 0 1 0 104 254 232 33 0 0 0 1 0 4 0 0 0 0 0 0 0 0 0 0 0 0 4 0 5 0 0 0 162 248 198 3 1 0 0 3 0 4 0 0 0 0 0 0 0 0 0 0 0 0 0 0 8 0 9 10 209 252 178 0 9 3 0 4 0 1 0 0 0 0 0 0 0 0 0 0 0 0 2 0 0 0 17 41 240 255 63 23 0 0 5 0 0 2 0 0 0 0 0 0 0 0 0 0 0 0 5 2 6 0 0 21 183 217 16 0 0 0 4 0 0 2 0 0 0 0 0 0 0 0 0 0 0 0 0 0 5 0 0 0 10 0 0 0 0 0 2 0 0 0 0 0 0 0 0 0 0 0 0 0 0 0 0 0 0 0 13 15 1 0 1 4 3 0 0 0 1 1 0 0 0 0
0 0 0 0 0 0 0 0 4 4 0 8 1 0 9 0 0 0 0 0 4 7 1 0 0 0 0 0 0 0 0 0 0 0 0 0 0 7 0 3 1 0 4 0 6 3 1 0 0 0 0 7 0 0 0 0 0 0 0 0 0 0 0 0 0 9 0 0 0 0 7 1 0 0 0 6 3 0 0 4 0 0 0 0 0 0 0 0 0 0 0 0 0 10 0 0 2 0 0 0 1 0 0 1 5 4 0 0 0 0 0 0 0 0 0 0 0 0 0 0 0 0 0 3 10 7 0 3 7 10 4 0 0 3 5 0 0 0 0 0 0 0 0 0 0 0 0 0 16 0 2 0 0 2 1 0 0 0 4 0 0 0 2 1 0 0 0 0 0 0 0 0 0 0 0 0 0 0 16 9 0 25 22 0 13 0 0 4 7 0 0 0 0 0 0 0 0 0 0 0 0 0 0 0 4 36 133 171 184 243 234 171 100 37 0 0 7 0 0 5 0 0 0 0 3 0 7 0 0 0 40 83 202 236 239 255 244 251 255 251 252 178 0 7 0 0 12 0 0 0 0 0 0 0 15 0 10 87 197 254 242 255 253 244 170 128 130 136 247 247 98 0 13 0 1 0 0 0 0 0 2 7 0 14 31 211 250 255 243 141 22 0 0 4 11 1 207 250 163 5 0 0 5 0 0 0 0 0 2 0 0 0 162 254 251 136 33 8 0 5 0 0 0 1 53 255 164 0 11 9 0 21 0 0 0 0 0 0 4 0 254 242 209 18 5 0 0 1 2 3 6 1 26 255 168 4 0 3 4 0 0 0 0 0 0 11 0 5 252 253 186 0 0 0 17 2 0 0 0 0 13 59 23 0 0 21 125 53 0 0 0 0 2 0 11 0 192 255 247 122 15 0 0 0 8 6 6 8 0 16 0 57 158 192 255 255 0 0 0 0 0 7 0 0 30 238 250 247 147 65 36 0 0 0 1 21 75 170 195 244 243 255 242 227 0 0 0 0 0 8 3 0 9 136 243 255 253 244 228 209 195 195 206 217 255 251 251 255 245 254 235 36 0 0 0 0 3 0 6 29 3 0 72 177 255 255 255 253 243 242 253 255 255 245 164 149 249 250 157 9 0 0 0 0 4 5 0 0 0 0 3 15 0 34 88 125 133 122 109 102 0 14 0 54 255 255 105 0 0 0 0 0 0 6 0 0 7 6 0 0 0 3 4 0 0 0 0 9 0 0 0 107 254 244 65 0 0 0 0 0 0 2 0 3 11 0 0 17 0 0 0 1 3 3 2 1 14 0 5 127 241 235 62 12 0 0 0 0 0 8 0 0 0 12 3 0 8 2 0 0 0 0 0 0 0 0 0 108 255 255 60 0 0 0 0 0 0 0 4 10 0 0 0 6 0 0 0 0 3 4 3 1 3 10 3 39 253 251 113 6 0 0 0 0 2 0 0 0 0 5 11 0 0 0 1 1 0 0 0 0 0 0 12 0 223 255 224 95 0 0 0 0 0 0 0 0 0 0 0 0 0 0 0 0 0 0 0 0 0 7 5 0 55 222 244 103 0 0 0 0 0 0 0 0 0 0 0 0 0 0 0 0 0 0 0 0 11 0 3 4 0 28 40 2 0 0 0 0 0 0 0 0 0 0 0 0 0 0 0 0 0 0 0 0 1 0 1 9 0 0 0 0 0 0 0 0 0 0 0 0 0 0 0 0 0 0 0 0 0 0 0 0 0 4 0 0 3 14 11 4 0 0 0 0
0 0 0 0 0 0 0 0 0 1 3 3 2 1 0 0 3 1 0 1 4 3 0 0 0 0 0 0 0 0 0 0 0 0 0 0 2 2 0 0 0 0 4 8 0 0 4 0 0 0 0 6 0 0 0 0 0 0 0 0 0 0 0 0 0 0 2 2 0 0 0 0 1 1 1 1 1 2 2 3 0 0 0 0 0 0 0 0 0 0 0 0 1 0 0 3 4 1 0 0 5 3 3 3 3 1 0 0 0 0 0 0 0 0 0 0 0 0 0 0 10 0 0 0 1 2 4 7 0 0 0 0 0 0 6 11 0 0 0 0 0 0 0 0 0 0 0 0 3 0 0 4 3 0 0 0 17 8 0 0 0 1 0 0 0 0 0 0 0 0 0 0 0 0 0 0 0 0 6 11 4 0 4 20 0 0 7 7 0 0 0 3 0 0 0 0 0 0 0 0 0 0 0 0 3 2 3 0 0 7 51 95 205 246 255 200 90 6 0 7 0 0 0 0 0 0 0 0 0 0 0 0 5 0 5 0 58 162 253 247 251 255 244 255 247 58 0 3 0 0 0 0 0 0 0 0 0 0 0 0 0 30 2 130 246 255 255 168 106 114 116 183 240 139 0 0 0 0 0 0 0 0 0 0 0 0 0 0 17 0 184 255 249 219 137 3 0 0 0 134 255 145 0 12 0 0 0 0 0 0 0 0 0 0 0 0 7 170 251 251 183 21 21 0 9 40 107 241 252 41 7 0 0 0 0 0 0 0 0 0 0 0 0 0 127 255 255 190 6 0 0 61 162 246 253 245 204 7 0 2 0 0 0 0 0 0 0 0 0 0 0 0 133 255 235 189 113 183 197 255 255 230 255 224 47 3 23 0 0 0 0 0 0 0 0 0 0 0 0 0 123 255 255 255 255 255 244 240 175 195 252 149 0 0 0 8 0 0 0 0 0 0 0 0 0 0 0 0 33 129 167 213 148 132 39 0 143 255 206 9 9 2 0 5 0 0 0 0 0 0 0 0 0 0 0 0 0 0 0 0 0 12 2 54 251 255 124 7 1 1 1 4 0 0 0 0 0 0 0 0 0 0 0 0 13 0 0 9 0 0 19 224 255 149 23 0 3 0 0 0 0 0 0 0 0 0 0 0 0 0 0 0 0 21 1 0 0 68 207 255 231 56 0 5 9 2 3 4 0 0 0 0 0 0 0 0 0 0 0 0 0 0 4 6 20 224 255 255 112 2 0 11 0 0 0 0 0 0 0 0 0 0 0 0 0 0 0 0 8 0 0 0 141 251 243 160 3 0 13 2 0 4 1 2 0 0 0 0 0 0 0 0 0 0 0 0 0 13 0 73 239 242 233 13 0 2 5 0 8 16 0 2 0 0 0 0 0 0 0 0 0 0 0 0 9 0 35 228 236 255 81 0 2 8 0 0 10 0 0 0 0 0 0 0 0 0 0 0 0 0 0 0 3 0 129 244 255 172 0 4 0 12 0 4 9 0 3 7 0 0 0 0 0 0 0 0 0 0 0 0 0 11 180 255 247 40 4 7 0 0 0 0 0 0 0 0 0 0 0 0 0 0 0 0 0 0 0 0 0 6 207 255 155 0 7 0 0 0 0 0 0 0 0 0 0 0 0 0 0 0 0 0 0 0 0 0 15 0 157 249 140 0 11 0 0 0 0 0 0 0 0 0 0 0 0 0 0 0 0 0 0 0 0 0 6 0 10 10 0 0 10 0 0 0 0 0 0 0 0 0 0 0 0 0
0 0 0 0 0 0 0 0 1 0 0 4 1 0 0 4 4 0 4 7 0 0 0 2 0 0 0 0 0 0 0 0 0 0 0 0 7 3 0 0 4 4 1 0 0 0 0 0 5 12 4 0 0 0 0 0 0 0 0 0 0 0 0 0 0 2 5 0 0 0 0 0 10 13 3 0 0 0 0 8 0 0 0 0 0 0 0 0 0 0 0 0 0 0 2 3 1 1 5 10 0 0 0 3 8 0 0 7 0 0 0 0 0 0 0 0 0 0 0 0 13 0 0 0 4 0 0 0 8 3 0 4 8 2 0 1 0 0 0 0 0 0 0 0 0 0 0 0 0 0 0 2 0 0 1 10 0 0 10 1 0 0 12 3 0 0 0 0 0 0 0 0 0 0 0 0 2 12 9 0 0 8 5 0 18 0 0 9 0 0 9 0 0 0 0 0 0 0 0 0 0 0 0 0 0 0 9 49 146 239 248 204 237 79 0 2 0 0 8 0 0 0 0 0 0 3 7 0 3 3 0 0 0 31 215 248 253 255 238 255 254 255 138 10 0 0 1 0 0 0 0 0 9 0 0 0 3 0 0 57 193 250 240 247 234 216 227 104 153 218 255 91 13 0 0 8 0 0 0 0 0 0 0 6 8 6 30 215 255 207 118 93 7 0 1 0 9 26 236 243 24 0 3 0 0 0 0 0 0 9 1 0 0 4 27 255 187 18 16 0 13 13 0 10 0 4 73 212 41 67 11 13 0 0 0 0 0 9 0 0 0 3 14 231 43 0 8 10 0 4 0 0 3 0 12 210 222 250 74 0 0 0 0 0 0 0 0 8 3 1 43 250 202 78 0 4 0 9 49 87 80 117 211 237 255 254 122 8 0 0 0 0 2 2 2 2 0 0 24 153 145 83 199 221 227 56 166 255 253 251 249 255 255 113 0 7 0 0 0 0 0 0 0 0 11 5 0 2 3 0 47 183 208 91 84 23 99 255 247 220 39 16 17 0 0 0 0 0 0 0 0 0 0 0 0 0 0 0 0 0 18 2 0 11 144 243 255 84 0 0 5 0 0 0 0 0 0 0 0 0 0 0 0 0 3 1 6 15 0 0 19 4 201 255 182 31 7 13 0 6 0 0 0 0 0 0 0 0 0 0 0 0 6 0 0 0 0 7 0 146 249 237 61 0 2 6 0 1 0 0 0 0 0 0 0 0 0 0 0 0 1 1 2 8 7 4 12 255 244 121 0 0 1 0 5 5 0 0 0 0 0 0 0 0 0 0 0 0 4 0 18 0 6 15 202 251 148 15 0 7 0 0 12 0 0 0 0 0 0 0 0 0 0 0 0 0 0 6 0 1 14 206 255 138 31 0 9 0 0 0 0 0 0 0 0 0 0 0 0 0 0 0 0 0 0 0 34 19 203 255 146 0 0 4 10 0 4 7 2 0 0 0 0 0 0 0 0 0 0 0 0 0 1 7 0 125 254 218 27 12 3 3 0 11 0 0 6 0 0 0 0 0 0 0 0 0 0 0 0 0 0 9 8 142 243 209 0 12 0 0 0 0 0 0 0 0 0 0 0 0 0 0 0 0 0 0 0 0 18 0 74 240 255 149 0 0 0 0 0 0 0 0 0 0 0 0 0 0 0 0 0 0 0 0 0 0 0 13 187 255 204 71 12 13 0 0 0 0 0 0 0 0 0 0 0 0 0 0 0 0 0 0 0 0 9 0 9 0 7 0 0 0 0 0 0 0 0 0 0 0 0 0 0 0
0 0 0 0 0 0 0 0 0 13 0 0 9 5 0 2 10 0 3 0 5 0 0 5 0 0 0 0 0 0 0 0 0 0 0 0 8 0 0 17 0 0 4 4 0 0 10 14 0 14 0 5 0 0 0 0 0 0 0 0 0 0 0 0 3 10 0 0 4 12 0 0 11 13 0 3 0 0 0 0 0 0 0 0 0 0 0 0 0 0 0 0 0 13 3 0 10 0 0 23 0 0 8 4 14 0 9 8 0 0 0 0 0 0 0 0 0 0 0 0 0 0 6 1 0 6 11 0 4 0 28 0 0 17 0 0 0 0 0 0 0 0 0 0 0 0 0 0 0 1 0 0 0 3 4 3 0 4 0 17 2 0 1 9 0 0 0 0 0 0 0 0 0 0 0 0 0 0 0 19 18 0 26 178 255 184 8 3 0 0 20 0 0 0 0 0 0 0 0 0 0 0 0 0 0 0 0 0 0 72 183 255 255 254 243 74 0 3 0 5 0 0 0 0 12 0 0 6 7 0 9 1 5 0 1 64 251 255 253 255 255 244 254 122 8 4 0 3 0 0 0 0 9 0 1 0 2 0 12 0 0 12 73 246 255 252 249 252 255 255 255 196 0 2 0 0 0 0 0 0 1 0 4 0 0 3 6 0 14 114 255 243 246 255 248 133 139 234 242 200 0 0 11 2 0 0 0 0 0 0 5 0 3 1 0 8 47 255 255 255 255 193 58 4 122 255 255 255 120 23 6 0 0 0 0 0 0 0 1 0 3 0 0 62 255 249 239 239 65 0 8 196 249 255 244 247 147 0 0 9 0 0 0 0 4 0 0 0 1 0 6 120 251 255 255 255 0 85 244 248 255 246 255 255 108 5 0 7 0 0 0 0 2 2 0 0 1 0 4 139 255 215 250 255 255 244 255 254 255 255 255 198 0 0 0 2 0 0 0 0 0 3 1 1 4 0 0 127 255 255 250 255 248 247 255 252 255 255 244 130 0 12 0 3 0 0 0 0 8 0 0 5 0 0 17 51 255 252 255 237 255 255 185 194 254 255 255 50 0 4 0 5 0 0 0 0 0 0 0 4 2 0 0 15 72 253 255 255 255 58 3 193 254 250 248 12 6 0 0 0 0 0 0 0 0 0 0 3 5 1 0 0 4 0 50 0 6 4 0 255 255 251 200 0 7 2 0 1 0 0 0 0 3 2 0 0 1 6 4 0 0 14 15 1 0 0 8 255 255 255 104 2 0 15 0 5 0 0 0 0 0 0 0 0 0 0 2 0 1 10 0 0 22 1 53 253 251 255 15 7 0 8 0 1 0 0 0 0 0 0 4 1 0 0 0 0 0 0 0 9 0 0 207 244 255 255 0 2 4 0 0 0 0 0 0 0 1 1 4 6 4 0 0 0 12 0 26 0 0 122 254 255 255 250 3 1 2 1 4 2 0 0 0 0 6 0 0 0 1 0 0 5 0 8 0 22 4 124 255 246 255 245 17 3 0 13 0 1 0 0 0 0 0 0 0 0 0 0 0 0 0 8 0 0 7 73 247 253 255 126 10 0 7 4 0 1 0 0 0 0 0 0 0 0 0 0 0 0 5 0 0 10 0 0 155 247 123 62 6 0 1 0 0 3 0 0 0 0 0 0 0 0 0 0 0 0 10 0 0 22 17 0 0 0 8 5 2 0 0 0 0 0 0 0 0 0 0 0 0 0 0 0 0 0 0 0 0 0 0 11 7 0 0 0 0 0 2 5 1 0 0 0 0 0
0 0 0 0 0 0 0 0 0 3 0 3 6 0 0 5 1 0 0 7 0 6 3 3 0 0 0 0 0 0 0 0 0 0 0 0 7 3 0 0 3 0 0 0 0 3 15 0 0 0 1 0 0 0 0 0 0 0 0 0 0 0 0 0 0 0 4 2 0 0 5 2 8 0 0 4 14 7 0 10 0 0 0 0 0 0 0 0 0 0 0 0 2 0 7 1 0 0 0 0 0 8 19 0 0 0 0 0 0 0 0 0 0 0 0 0 0 0 0 0 7 0 2 0 9 24 6 0 0 3 0 10 0 16 0 11 0 0 0 0 0 0 0 0 0 0 0 0 0 0 8 0 0 0 0 11 0 0 0 11 0 4 0 0 0 0 0 0 0 0 0 0 0 0 0 0 0 1 9 0 1 10 7 77 95 151 235 93 36 0 39 0 0 0 0 0 0 0 0 0 0 0 0 0 4 0 0 13 106 165 172 252 250 248 252 255 77 10 0 5 0 0 0 0 5 0 0 0 0 1 2 2 3 0 0 140 255 244 250 255 252 253 254 255 88 0 5 0 0 0 0 0 0 0 0 5 4 0 9 0 0 13 106 255 230 245 255 250 250 255 253 190 36 0 0 5 0 0 0 0 0 3 3 2 6 0 14 2 2 142 248 255 202 143 216 255 255 255 251 159 0 6 0 2 0 0 0 0 0 11 0 0 2 3 3 49 156 255 255 190 34 95 229 252 253 248 250 180 0 3 4 0 0 0 0 0 3 5 0 0 0 0 0 147 255 255 245 135 86 241 255 226 162 255 251 205 29 0 0 3 0 0 0 0 2 0 0 11 0 0 36 240 246 255 227 221 255 251 255 57 16 255 254 228 83 5 0 6 0 0 0 0 0 0 0 3 2 35 153 255 255 255 255 233 249 184 0 0 3 243 254 254 99 12 0 1 0 0 0 0 0 8 9 0 6 87 255 249 255 233 255 255 248 51 0 2 115 247 250 255 68 0 10 0 0 0 0 0 0 2 7 0 0 79 198 255 250 255 235 116 13 0 0 0 67 245 255 161 4 2 0 2 0 0 0 0 9 2 0 9 0 0 73 245 250 189 89 7 0 9 14 0 148 255 252 163 8 1 0 1 0 0 0 0 0 0 3 2 0 0 3 5 0 0 0 0 1 1 0 0 179 255 248 187 27 6 0 0 0 0 0 0 1 0 0 7 0 8 8 0 5 4 5 4 0 0 0 6 164 241 249 201 25 0 0 0 0 0 0 0 2 5 0 0 11 0 0 28 0 0 0 0 2 6 3 0 173 248 248 183 0 0 3 0 0 0 0 0 0 5 0 0 0 1 0 0 6 13 10 0 0 0 3 0 179 255 246 169 0 0 9 0 0 0 0 0 8 0 4 17 0 0 16 18 0 0 0 0 11 15 0 0 164 254 247 172 4 5 9 0 0 0 0 0 0 12 1 0 3 9 0 0 5 4 5 4 0 0 0 10 160 255 250 170 0 0 3 5 0 0 0 0 0 0 0 0 0 0 0 0 0 0 0 0 0 0 0 0 106 255 255 163 0 11 0 2 0 0 0 0 0 0 0 0 0 0 0 0 0 0 0 0 0 0 0 0 25 119 119 72 0 11 0 1 0 0 0 0 0 0 0 0 0 0 0 0 0 0 0 0 0 0 0 0 0 16 9 6 0 7 0 2 0 0 0 0 0 0 0 0 0 0 0 0 0 0 0 0 0 0 0 0 1 1 0 0 4 0 0 4 0 0 0 0
0 0 0 0 0 0 0 0 5 0 0 0 0 6 7 0 0 0 2 2 2 3 0 0 0 0 0 0 0 0 0 0 0 0 0 0 0 0 7 13 2 0 0 4 4 3 2 1 0 0 0 12 0 0 0 0 0 0 0 0 0 0 0 0 7 10 0 0 0 5 3 3 1 0 0 4 3 0 0 6 0 0 0 0 0 0 0 0 0 0 0 0 0 1 1 0 5 2 0 0 5 0 0 1 6 5 0 0 0 0 0 0 0 0 0 0 0 0 0 0 22 4 0 1 5 0 0 9 3 9 6 0 0 1 3 0 0 0 0 0 0 0 0 0 0 0 0 0 0 0 9 1 0 0 11 0 0 0 6 1 0 0 3 3 0 0 0 0 0 0 0 0 0 0 0 0 8 0 38 109 169 203 148 39 20 5 0 3 7 1 0 1 0 0 0 0 0 0 0 0 0 0 0 0 0 0 114 243 255 234 247 251 124 50 0 0 7 1 0 2 0 0 0 0 0 0 0 0 0 0 0 0 5 18 206 255 62 40 64 191 250 215 27 0 3 0 12 0 0 0 0 0 0 0 0 0 0 0 0 0 0 92 253 190 20 0 0 12 169 235 211 12 0 1 0 9 0 0 0 0 0 0 0 0 0 0 0 0 21 210 226 33 0 5 0 0 0 160 255 123 2 2 0 3 0 0 0 0 0 0 0 0 0 0 0 0 63 233 165 6 0 7 6 1 49 173 244 156 4 0 7 2 0 0 0 0 0 0 0 0 0 0 0 0 120 255 64 0 11 9 0 121 229 248 242 48 0 0 4 0 0 0 0 0 0 0 0 0 0 0 0 0 227 214 0 7 0 0 4 120 218 255 147 0 19 3 0 0 0 0 0 0 0 0 0 0 0 0 0 0 245 211 3 12 16 0 0 52 213 255 107 0 13 0 0 7 0 0 0 0 0 0 0 0 0 0 0 0 255 213 46 0 0 60 188 245 255 247 194 6 0 0 11 0 0 0 0 0 0 0 0 0 0 0 0 0 144 237 243 200 227 255 245 239 109 175 230 0 12 0 5 0 0 0 0 0 0 0 0 0 0 0 0 0 12 133 222 251 255 195 86 20 17 206 244 0 2 0 0 4 0 0 0 0 0 0 0 0 0 0 0 0 0 9 15 13 14 4 0 0 0 232 239 6 0 10 0 3 0 0 0 0 0 0 0 0 0 0 0 0 2 0 0 2 0 0 0 6 9 231 242 49 2 4 5 0 0 0 0 0 0 0 0 0 0 0 0 0 4 0 4 10 1 1 4 0 2 228 253 59 13 0 3 0 0 0 0 0 0 0 0 0 0 0 0 0 0 0 0 0 0 0 8 2 0 235 233 4 6 0 0 5 0 0 0 0 0 0 0 0 0 0 0 0 1 10 14 9 5 3 0 0 6 227 228 0 0 5 5 2 0 0 0 0 0 0 0 0 0 0 0 0 0 2 0 0 0 0 1 10 4 207 255 65 0 1 8 0 0 0 0 0 0 0 0 0 0 0 0 0 0 0 0 0 0 0 0 0 12 121 255 141 0 5 4 0 0 0 0 0 0 0 0 0 0 0 0 0 0 0 0 0 0 0 0 0 0 80 203 130 5 0 0 2 0 0 0 0 0 0 0 0 0 0 0 0 0 0 0 0 0 0 0 0 0 0 10 0 0 2 2 0 0 0 0 0 0 0 0 0 0 0 0 0 0 0 0 0 0 0 0 0 16 1 0 0 10 5 4 7 0 0 0 0
0 0 0 0 0 0 0 0 2 0 0 3 6 4 0 0 0 0 5 6 0 2 4 0 0 0 0 0 0 0 0 0 0 0 0 0 7 8 0 0 0 5 7 0 0 0 0 0 0 0 0 7 0 0 0 0 0 0 0 0 0 0 0 0 0 0 4 18 8 0 0 12 5 8 4 3 7 0 0 0 0 0 0 0 0 0 0 0 0 0 0 0 3 3 0 0 0 10 7 0 0 0 0 0 3 8 0 0 0 0 0 0 0 0 0 0 0 0 0 0 1 0 3 7 2 0 0 0 0 9 6 0 0 0 2 0 0 0 0 0 0 0 0 0 0 0 0 0 3 4 2 0 0 3 3 0 0 0 10 11 0 0 0 0 0 0 0 0 0 0 0 0 0 0 0 0 0 6 0 7 117 244 253 181 62 0 0 5 0 0 7 0 0 0 0 0 0 0 0 0 0 0 0 0 6 0 22 137 241 255 255 244 252 89 0 7 0 0 8 0 0 0 0 0 0 0 0 0 0 0 0 0 5 0 0 255 247 124 78 170 255 229 4 0 0 13 0 5 0 0 0 0 0 0 0 0 0 0 0 0 0 5 37 235 255 140 0 1 77 255 139 5 16 0 8 0 0 0 0 0 0 0 0 0 0 0 0 0 4 9 0 255 255 230 0 13 8 240 232 33 0 0 0 13 0 0 0 0 0 0 0 0 0 0 0 0 0 0 143 245 223 55 6 0 3 161 255 168 0 22 14 0 0 0 0 0 0 0 0 0 0 0 0 0 0 27 253 255 63 0 8 0 0 255 255 134 6 0 0 0 0 0 0 0 0 0 0 0 0 0 0 0 4 8 244 244 6 0 5 1 28 241 255 87 3 0 22 0 0 0 0 0 0 0 0 0 0 0 0 0 0 0 150 255 77 10 0 1 227 255 247 7 0 0 0 8 0 0 0 0 0 0 0 0 0 0 0 0 0 1 17 255 247 191 187 192 252 243 181 0 9 4 0 0 0 0 0 0 0 0 0 0 0 0 0 0 0 0 15 71 225 255 241 255 255 253 6 10 0 1 0 0 0 0 0 0 0 0 0 0 0 0 0 0 1 0 1 12 0 95 119 249 252 142 0 0 0 2 4 0 0 0 0 0 0 0 0 0 0 0 0 0 0 12 0 12 0 0 26 255 255 40 0 0 5 0 6 0 0 0 0 0 0 0 0 0 0 0 0 0 4 0 0 2 6 0 164 247 220 0 9 0 2 0 7 0 0 0 0 0 0 0 0 0 0 0 0 0 0 0 8 0 0 50 255 255 109 0 6 0 0 0 8 3 0 0 0 0 0 0 0 0 0 0 0 0 0 2 0 1 11 162 245 244 13 0 2 2 0 0 2 0 0 0 0 0 0 0 0 0 0 0 0 0 7 0 2 0 29 248 255 99 0 6 1 3 4 0 0 0 0 0 0 0 0 0 0 0 0 0 0 0 0 5 4 0 176 255 217 0 1 1 0 0 4 0 0 5 0 0 0 0 0 0 0 0 0 0 0 0 0 2 0 0 255 255 69 8 0 0 0 0 0 0 0 0 0 0 0 0 0 0 0 0 0 0 0 0 8 5 0 12 180 191 37 0 0 0 0 0 0 0 0 0 0 0 0 0 0 0 0 0 0 0 0 0 0 1 0 0 0 11 0 6 0 0 0 0 0 0 0 0 0 0 0 0 0 0 0 0 0 0 0 0 7 9 0 15 0 0 1 8 0 0 0 0 0 0 0 0 0 0 0 0
0 0 0 0 0 0 0 0 0 0 0 4 0 0 3 0 0 0 3 4 0 12 0 2 0 0 0 0 0 0 0 0 0 0 0 0 0 9 18 6 0 0 7 0 10 12 0 3 0 7 0 3 0 0 0 0 0 0 0 0 0 0 0 0 8 0 0 0 0 1 6 2 0 0 0 3 6 4 0 0 0 0 0 0 0 0 0 0 0 0 0 0 0 0 12 19 6 0 0 0 11 18 0 0 0 0 3 6 0 0 0 0 0 0 0 0 0 0 0 0 0 0 0 0 0 7 13 0 0 0 1 4 1 0 7 0 0 0 0 0 0 0 0 0 0 0 0 0 11 0 2 14 4 0 0 3 22 0 0 7 2 3 6 0 0 0 0 0 0 0 0 0 0 0 0 0 3 0 0 0 0 38 150 247 171 19 7 0 0 0 4 10 0 0 0 0 0 0 0 0 0 0 0 0 0 10 7 0 47 170 252 254 201 0 0 4 1 3 0 0 0 0 0 0 0 0 0 0 0 1 1 1 0 12 0 48 231 241 249 255 194 11 0 1 0 0 4 0 0 0 0 0 0 0 0 0 0 1 1 1 0 0 18 194 244 255 255 243 96 3 6 0 3 3 0 0 0 0 0 0 0 0 0 0 0 1 1 1 0 16 170 255 255 142 91 128 0 0 11 0 5 9 0 1 0 0 0 0 0 0 0 0 0 1 1 1 0 124 255 225 55 0 116 30 8 0 0 0 1 7 0 4 0 0 0 0 0 0 0 0 0 1 1 1 26 231 210 20 0 5 22 38 130 33 0 0 0 1 0 2 0 0 0 0 0 0 0 0 0 1 1 1 92 253 126 0 20 17 135 255 250 84 0 13 0 0 2 0 0 0 0 0 0 0 0 0 0 1 1 1 121 245 255 255 222 252 162 230 255 107 0 12 0 0 1 0 0 0 0 0 0 0 0 0 0 1 1 1 2 141 217 170 130 39 11 218 234 102 0 0 0 2 1 1 0 0 0 0 0 0 0 0 0 0 0 0 3 0 0 14 0 2 13 232 255 68 6 5 0 0 0 0 0 0 0 0 0 0 0 0 0 0 0 0 4 0 0 4 0 5 71 249 208 20 0 0 1 0 3 2 0 0 0 0 0 0 0 0 0 0 0 0 0 3 2 0 0 1 140 255 182 0 0 3 0 4 0 0 0 0 0 0 0 0 0 0 0 0 0 0 0 4 5 0 4 0 187 247 173 4 6 5 0 1 0 0 0 0 0 0 0 0 0 0 0 0 0 0 0 1 2 2 4 0 217 248 124 0 4 0 0 0 0 3 0 0 0 0 0 0 0 0 0 0 0 0 2 0 0 0 0 28 240 255 59 0 0 0 2 0 0 3 0 0 0 0 0 0 0 0 0 0 0 0 2 0 0 0 0 83 254 255 17 4 3 0 9 0 1 0 0 0 0 0 0 0 0 0 0 0 0 0 0 1 2 0 3 124 255 241 0 13 0 0 7 0 3 1 0 0 0 0 0 0 0 0 0 0 0 0 0 13 0 0 0 127 255 237 0 0 0 0 0 0 0 0 0 0 0 0 0 0 0 0 0 0 0 0 0 0 1 22 0 89 209 153 0 0 0 0 0 0 0 0 0 0 0 0 0 0 0 0 0 0 0 0 7 4 0 2 0 0 22 0 0 0 0 0 0 0 0 0 0 0 0 0 0 0 0 0 0 0 0 0 0 7 0 0 17 1 2 9 0 0 0 0 0 0 0 0 0 0 0 0
0 0 0 0 0 0 0 0 6 4 0 0 0 1 4 2 0 6 2 0 0 0 0 6 0 0 0 0 0 0 0 0 0 0 0 0 0 0 5 11 5 0 0 0 0 0 5 7 7 3 0 0 0 0 0 0 0 0 0 0 0 0 0 0 6 0 0 0 3 1 3 10 7 0 0 0 0 0 3 2 0 0 0 0 0 0 0 0 0 0 0 0 2 0 0 0 0 0 0 0 8 0 2 9 0 0 1 0 0 0 0 0 0 0 0 0 0 0 0 0 0 3 8 0 0 1 9 10 0 0 0 0 0 0 3 7 0 0 0 0 0 0 0 0 0 0 0 0 0 3 0 0 0 0 0 0 6 16 9 1 5 1 0 0 0 0 0 0 0 0 0 0 0 0 0 0 2 0 0 6 4 0 0 11 0 8 0 0 6 13 0 1 0 0 0 0 0 0 0 0 0 0 0 0 3 0 1 1 0 26 136 250 255 234 114 9 1 0 0 5 0 0 0 0 0 8 0 0 5 0 0 0 7 7 0 31 149 232 252 252 255 255 247 165 0 0 9 0 0 0 0 0 3 0 0 14 4 0 1 0 3 0 91 216 243 249 254 255 164 235 250 255 95 5 0 0 0 0 0 0 11 0 1 10 0 0 11 0 0 82 255 255 255 236 41 0 37 250 244 226 37 0 19 0 0 0 0 0 4 0 2 0 0 5 0 0 81 246 229 255 196 20 15 4 0 219 250 255 59 0 3 0 0 0 0 0 0 0 6 0 8 0 0 27 224 239 255 156 12 2 13 0 100 219 254 255 64 0 0 5 0 0 0 0 0 0 1 0 12 0 6 122 241 252 156 7 0 0 29 178 237 255 247 131 0 5 13 2 0 0 0 0 8 0 3 0 0 0 13 116 255 242 136 114 124 140 228 255 255 255 252 98 12 9 0 0 0 0 0 0 3 0 17 0 0 2 0 7 179 255 255 246 255 253 251 255 249 255 255 52 2 0 0 12 0 0 0 0 0 0 0 0 0 0 0 0 57 106 105 108 109 55 18 166 244 253 92 1 12 0 4 0 0 0 0 0 0 0 0 0 0 0 0 0 3 8 0 14 8 0 0 145 255 251 82 2 0 0 0 2 0 0 0 0 0 0 0 0 0 0 0 0 0 0 16 0 0 9 22 255 239 217 10 0 10 0 0 3 0 0 0 0 0 0 0 0 0 0 0 0 15 0 0 18 0 0 125 255 239 69 2 4 0 18 0 0 0 0 0 0 0 0 0 0 0 0 0 0 1 0 4 0 6 8 116 251 245 61 0 0 12 0 0 1 0 0 0 0 0 0 0 0 0 0 0 0 0 4 6 20 8 19 238 255 222 0 20 7 0 8 4 0 0 0 0 0 0 0 0 0 0 0 0 0 2 0 0 0 16 117 251 255 92 0 0 0 11 0 3 0 0 0 0 0 0 0 0 0 0 0 0 0 0 7 3 5 0 128 255 243 38 9 1 1 0 0 0 0 0 0 0 0 0 0 0 0 0 0 0 0 0 14 0 5 24 242 248 205 0 0 0 0 0 0 0 0 0 0 0 0 0 0 0 0 0 0 0 0 5 0 0 0 153 255 247 71 0 0 0 0 0 0 0 0 0 0 0 0 0 0 0 0 0 0 0 0 0 7 0 0 154 252 229 18 0 0 0 0 0 0 0 0 0 0 0 0 0 0 0 0 0 0 0 0 0 5 0 15 0 0 9 0 0 0 0 0 0 0 0 0 0 0 0 0
0 0 0 0 0 0 0 0 0 1 1 0 0 0 3 8 0 5 3 0 0 2 7 5 0 0 0 0 0 0 0 0 0 0 0 0 0 0 0 0 6 4 0 0 0 0 0 5 10 8 0 0 0 0 0 0 0 0 0 0 0 0 0 0 9 1 0 0 0 5 6 4 10 6 3 3 0 0 0 6 0 0 0 0 0 0 0 0 0 0 0 0 0 0 6 5 0 0 0 0 0 0 0 0 0 0 2 4 0 0 0 0 0 0 0 0 0 0 0 0 0 0 0 1 2 3 6 9 10 9 0 0 0 8 3 0 0 0 0 0 0 0 0 0 0 0 0 0 5 0 0 0 0 0 0 0 0 0 2 0 0 0 1 1 0 0 0 0 0 0 0 0 0 0 0 0 0 1 6 5 0 0 3 9 13 0 0 6 8 0 0 5 0 0 0 0 0 0 0 0 0 0 0 0 0 3 2 0 3 56 144 212 240 123 15 0 1 0 0 9 0 0 0 0 0 0 0 0 0 0 0 0 5 0 2 0 78 247 255 252 255 245 202 29 2 0 0 0 0 0 0 0 0 0 0 0 0 0 0 0 0 0 2 97 244 255 237 189 177 255 255 216 7 1 7 0 0 0 0 0 0 0 0 0 0 0 0 0 7 0 20 222 255 216 55 0 5 223 247 248 13 0 10 0 0 0 0 0 0 0 0 0 0 0 0 0 0 5 75 255 231 46 11 0 61 235 255 231 29 0 6 0 0 0 0 0 0 0 0 0 0 0 0 0 12 6 190 249 157 0 0 71 231 254 255 221 5 9 0 4 0 0 0 0 0 0 0 0 0 0 0 0 0 41 238 255 88 70 197 252 254 251 243 100 0 0 0 3 0 0 0 0 0 0 0 0 0 0 0 0 19 3 221 250 249 255 255 235 252 255 176 5 10 0 8 0 0 0 0 0 0 0 0 0 0 0 0 0 0 5 48 155 225 146 81 230 255 225 42 10 0 0 9 0 0 0 0 0 0 0 0 0 0 0 0 0 0 6 0 0 17 0 57 253 255 115 8 0 0 1 8 3 0 0 0 0 0 0 0 0 0 0 0 0 1 15 6 10 0 3 212 255 155 51 0 0 0 0 2 0 0 0 0 0 0 0 0 0 0 0 0 0 0 0 2 0 0 63 250 242 45 0 0 7 3 0 2 0 0 0 0 0 0 0 0 0 0 0 0 0 4 1 5 0 21 183 249 167 5 0 0 8 0 0 4 3 0 0 0 0 0 0 0 0 0 0 0 0 0 8 0 0 58 247 245 20 1 0 0 0 0 0 2 0 0 0 0 0 0 0 0 0 0 0 0 0 5 9 7 24 173 255 160 0 0 1 0 0 0 4 2 0 0 0 0 0 0 0 0 0 0 0 0 0 3 0 0 78 244 211 18 7 0 4 2 0 3 6 2 1 0 0 0 0 0 0 0 0 0 0 0 0 0 13 0 180 255 147 5 0 0 6 4 0 0 0 0 3 0 0 0 0 0 0 0 0 0 0 0 0 0 0 110 245 212 20 11 0 0 0 0 0 0 0 0 0 0 0 0 0 0 0 0 0 0 0 0 0 21 53 251 255 209 0 0 1 0 0 0 0 0 0 0 0 0 0 0 0 0 0 0 0 0 0 0 0 0 58 251 241 144 10 0 6 0 0 0 0 0 0 0 0 0 0 0 0 0 0 0 0 0 0 0 0 14 0 10 22 0 24 0 0 0 0 0 0 0 0 0 0 0 0 0 0
0 0 0 0 0 0 0 0 7 2 0 0 0 0 0 0 0 1 2 4 0 6 0 7 0 0 0 0 0 0 0 0 0 0 0 0 0 0 2 3 2 2 0 1 0 1 0 6 0 5 0 3 0 0 0 0 0 0 0 0 0 0 0 0 12 0 0 0 0 10 0 1 1 6 0 5 5 1 0 3 0 0 0 0 0 0 0 0 0 0 0 0 0 0 22 5 0 7 0 1 0 8 0 1 1 0 2 4 0 0 0 0 0 0 0 0 0 0 0 0 0 0 0 0 0 14 1 0 0 0 1 1 0 0 7 0 0 0 0 0 0 0 0 0 0 0 0 0 6 10 43 132 231 247 151 36 27 0 4 5 0 0 5 0 0 0 0 0 0 0 0 0 0 0 0 0 0 112 213 255 254 232 255 253 121 0 2 5 0 2 0 0 0 0 0 0 0 0 0 0 0 0 0 0 155 248 255 241 176 148 224 249 211 7 0 1 0 2 0 0 0 0 0 0 0 6 0 0 1 0 16 80 248 245 215 42 5 0 88 251 212 0 6 0 0 16 0 0 0 0 0 0 0 5 0 0 7 0 0 136 251 255 119 0 20 0 0 185 247 79 0 1 3 0 17 0 0 0 0 0 0 3 0 6 6 0 0 200 243 181 5 6 0 1 7 213 199 30 135 220 216 44 0 12 0 0 0 0 0 1 0 1 0 0 22 239 255 34 0 0 6 19 209 254 214 33 233 248 255 68 0 0 0 0 0 0 0 3 0 0 0 0 84 254 255 28 6 6 0 100 255 150 33 75 252 255 215 0 21 10 0 0 0 0 0 5 2 0 0 5 112 255 232 50 1 0 166 241 241 61 23 191 241 255 146 0 0 0 0 0 0 0 0 4 0 2 3 5 69 248 255 150 0 12 162 225 76 0 79 251 255 226 19 17 0 13 0 0 0 0 0 1 0 4 1 0 9 235 246 251 166 50 40 68 57 156 239 250 243 240 0 3 0 0 0 0 0 0 0 2 5 0 10 0 16 132 255 255 241 255 194 199 255 255 251 251 255 208 10 0 29 0 0 0 0 0 5 2 0 0 7 0 0 44 138 234 255 255 255 255 244 162 115 254 255 250 0 7 0 3 0 0 0 0 3 0 0 0 5 9 0 0 0 76 93 83 127 98 66 6 45 246 252 192 4 5 0 0 0 0 0 0 0 0 4 0 0 5 6 3 1 15 0 0 24 0 0 0 56 249 250 140 7 0 5 0 0 0 0 0 1 0 4 7 0 0 3 5 0 7 0 0 0 3 5 2 47 255 255 202 0 0 0 1 0 0 0 0 4 0 0 8 2 0 1 0 0 0 4 22 0 5 5 0 42 247 250 243 1 6 2 0 0 0 0 0 0 3 0 4 8 0 7 0 12 0 0 7 0 0 0 4 70 245 244 222 12 0 11 0 0 0 0 0 0 15 0 0 0 0 6 0 3 0 5 0 6 2 2 0 91 255 248 224 3 0 2 3 0 0 0 0 0 0 0 0 0 0 0 0 0 0 0 0 0 0 0 0 49 241 239 64 0 4 1 7 0 0 0 0 0 0 0 0 0 0 0 0 0 0 0 0 0 0 0 0 0 8 0 0 7 0 0 0 0 0 0 0 0 0 0 0 0 0 0 0 0 0 0 0 0 0 0 0 0 0 8 3 0 11 19 0 0 0 0 0 0 0 0 0 0 0 0 0 0 0 0 0 0 0 0 0 4 0 3 5 0 0 0 0 0 0 0 0
0 0 0 0 0 0 0 0 0 3 0 1 0 0 11 4 0 0 0 0 0 0 0 0 0 0 0 0 0 0 0 0 0 0 0 0 0 3 2 0 11 13 0 0 0 0 0 0 0 0 0 0 0 0 0 0 0 0 0 0 0 0 0 0 0 0 0 13 0 0 14 0 0 0 0 0 0 0 0 0 0 0 0 0 0 0 0 0 0 0 0 0 9 0 0 0 5 14 0 8 0 0 0 0 0 0 0 0 0 0 0 0 0 0 0 0 0 0 0 0 0 6 7 14 0 0 8 0 0 0 0 0 0 0 0 0 0 0 0 0 0 0 0 0 0 0 0 0 0 3 0 0 0 5 11 0 0 0 0 0 0 0 0 0 0 0 0 0 0 0 0 0 0 0 0 0 17 0 0 0 138 196 44 11 0 0 0 0 0 0 0 0 0 0 0 0 0 0 0 0 0 0 0 0 0 0 1 201 245 243 255 0 0 0 0 0 0 0 0 0 0 0 0 0 2 5 0 1 0 0 12 4 0 64 255 255 251 255 60 0 0 0 9 198 239 127 23 0 0 0 0 0 0 7 0 0 18 2 0 0 208 255 254 253 193 60 0 0 0 0 55 255 255 124 0 12 0 0 0 0 7 0 0 3 0 0 88 255 232 255 184 0 6 0 9 6 0 24 112 250 255 123 0 0 0 0 0 0 0 4 8 0 0 73 158 255 255 178 14 10 0 11 0 10 13 159 255 255 241 14 0 10 0 0 0 0 8 2 1 0 5 204 255 255 126 0 0 8 6 0 10 0 192 255 253 240 255 0 10 4 0 0 0 0 6 0 7 11 14 230 245 190 4 18 8 0 5 0 12 191 251 255 247 255 255 0 0 0 0 0 0 0 0 2 6 0 0 255 255 186 1 0 8 9 0 4 207 235 255 188 255 241 184 0 5 16 0 0 0 0 5 0 4 1 11 241 250 255 135 58 69 114 139 253 245 201 129 0 255 254 200 5 0 0 0 0 0 0 0 0 16 6 0 90 243 255 255 251 255 255 243 255 237 72 2 4 253 255 255 0 6 1 0 0 0 0 0 10 0 0 6 0 73 255 247 255 254 255 254 179 75 0 0 6 255 253 109 0 0 9 0 0 0 0 0 19 0 0 14 0 0 22 116 134 54 0 20 4 0 11 10 0 255 255 131 15 1 0 0 0 0 0 4 0 1 8 2 9 6 0 0 14 7 0 0 0 4 1 0 2 255 255 249 0 4 6 0 0 0 0 6 2 0 2 2 0 3 21 8 0 3 14 0 0 2 0 0 12 135 250 255 78 0 0 0 0 0 0 0 9 3 0 0 7 0 0 0 0 1 0 0 8 0 0 0 0 111 255 255 128 0 2 0 0 0 0 2 0 2 13 0 0 12 19 0 9 13 0 0 17 0 0 11 5 4 252 236 255 74 0 0 0 0 0 1 0 0 1 5 5 0 0 16 0 4 11 0 0 0 7 0 7 0 65 255 255 234 13 0 0 0 0 0 0 0 0 0 0 0 0 0 0 0 0 0 0 0 0 12 0 4 11 240 255 255 0 0 0 0 0 0 0 0 0 0 0 0 0 0 0 0 0 0 0 0 0 0 28 0 4 78 255 194 0 0 0 0 0 0 0 0 0 0 0 0 0 0 0 0 0 0 0 0 0 19 0 9 1 1 0 0 0 0 0 0 0 0 0 0 0 0 0 0 0 0 0 0 0 0 0 0 0 0 0 31 0 0 10 12 5 0 0 0 0
0 0 0 0 0 0 0 0 0 4 2 0 3 0 0 5 0 0 1 0 0 3 4 0 0 0 0 0 0 0 0 0 0 0 0 0 0 1 0 0 2 8 4 2 0 0 6 10 2 0 0 2 0 0 0 0 0 0 0 0 0 0 0 0 0 9 9 0 0 2 4 1 2 5 0 0 0 5 6 0 0 0 0 0 0 0 0 0 0 0 0 0 0 0 0 1 0 0 0 0 0 0 0 6 2 14 1 0 0 0 0 0 0 0 0 0 0 0 0 0 12 0 0 6 9 8 5 0 4 2 0 10 0 0 0 12 0 0 0 0 0 0 0 0 0 0 0 0 11 0 4 7 0 0 3 9 0 11 0 4 0 22 6 0 0 0 0 0 0 0 0 0 0 0 0 0 0 0 8 4 0 31 85 98 96 220 255 232 71 0 0 1 0 0 0 0 0 0 0 0 0 0 0 0 7 0 9 28 78 184 255 247 255 248 237 255 191 98 5 4 0 0 0 0 0 1 8 0 0 0 11 0 0 8 109 239 255 255 241 248 244 253 255 248 254 120 3 10 0 0 0 0 4 0 0 0 10 3 0 6 39 204 255 248 240 245 196 191 202 144 177 248 255 134 0 0 0 0 0 0 6 0 0 4 0 0 17 133 216 255 245 255 224 98 0 8 0 0 154 247 253 131 8 9 0 0 0 0 0 2 7 5 0 5 121 253 255 255 238 156 7 0 28 0 0 22 214 252 255 95 17 0 0 0 0 0 0 0 0 0 0 28 212 255 248 249 99 2 3 11 0 1 8 79 232 255 233 38 2 0 0 0 0 0 3 0 0 0 6 38 255 247 255 197 42 0 6 0 0 18 126 225 255 250 132 8 0 2 0 0 0 0 3 5 3 3 0 25 236 255 255 174 16 23 65 55 93 187 244 255 231 154 13 5 8 0 0 0 0 0 0 0 0 5 0 14 181 246 245 255 187 206 246 255 253 242 255 243 249 174 8 0 3 4 0 0 0 0 4 0 0 3 0 14 125 248 255 253 249 254 255 254 255 248 255 239 253 0 0 0 0 0 0 0 0 0 0 0 0 6 0 0 30 75 144 235 230 210 214 110 159 246 250 240 152 0 0 0 1 2 0 0 0 0 0 0 0 0 0 0 0 0 12 0 0 13 0 2 236 255 255 223 45 3 1 0 1 0 0 0 0 0 0 1 0 0 0 4 7 4 0 0 4 0 0 45 255 254 240 146 0 2 4 0 1 0 0 0 0 0 0 0 2 4 0 0 0 0 0 11 0 0 24 151 251 241 182 33 0 0 1 0 3 3 0 0 0 0 4 0 0 4 6 0 0 0 11 0 11 5 0 159 255 255 115 0 17 0 0 0 1 2 0 0 0 0 3 0 0 0 3 4 6 9 0 0 0 15 61 242 245 219 49 0 15 1 0 4 0 0 0 0 0 0 0 4 8 2 0 0 0 0 0 11 0 0 58 246 255 225 0 8 0 2 0 8 2 0 0 0 0 0 0 0 0 0 0 0 0 0 6 0 6 1 59 213 255 215 0 0 0 0 0 0 0 0 0 0 0 0 0 0 0 0 0 0 0 0 0 15 0 0 0 86 229 239 0 0 0 0 0 0 0 0 0 0 0 0 0 0 0 0 0 0 0 0 6 0 11 4 0 1 0 0 0 0 0 0 0 0 0 0 0 0 0 0 0 0 0 0 0 0 0 0 4 0 6 0 0 9 0 13 0 0 0 0 0 0 0 0 0 0 0 0
0 0 0 0 0 0 0 0 0 1 0 0 6 8 0 0 5 0 2 3 0 4 0 5 0 0 0 0 0 0 0 0 0 0 0 0 3 8 6 0 0 0 0 2 0 3 9 0 0 4 1 0 0 0 0 0 0 0 0 0 0 0 0 0 3 0 0 0 3 12 11 0 0 7 0 0 1 2 3 0 0 0 0 0 0 0 0 0 0 0 0 0 0 0 10 9 0 0 0 0 5 6 0 0 12 0 0 1 0 0 0 0 0 0 0 0 0 0 0 0 7 0 0 0 0 4 11 12 0 3 1 7 9 0 0 0 0 0 0 0 0 0 0 0 0 0 0 0 0 0 0 0 11 4 0 0 0 0 10 1 0 3 3 3 0 0 0 0 0 0 0 0 0 0 0 0 9 18 0 0 44 102 175 255 95 1 1 0 0 8 0 7 0 0 0 0 0 0 0 0 0 0 0 0 0 4 9 86 221 255 251 255 237 38 0 3 2 10 0 6 0 0 0 0 0 0 0 0 0 0 0 0 3 0 140 247 255 249 253 208 120 59 2 18 0 0 20 0 0 0 0 0 0 0 0 0 0 0 0 0 0 48 236 255 252 162 44 4 100 255 169 0 11 11 0 9 0 0 0 0 0 0 0 0 0 0 0 0 5 142 246 255 77 0 3 0 206 255 252 53 7 0 0 11 0 0 0 0 0 0 0 0 0 0 0 0 89 255 255 142 3 0 4 129 255 245 255 38 0 0 10 0 0 0 0 0 0 0 0 0 0 0 0 0 92 250 202 0 0 11 116 254 255 255 241 4 0 4 2 0 0 0 0 0 0 0 0 0 0 0 0 0 111 253 161 0 24 58 229 255 255 235 188 17 0 0 2 0 0 0 0 0 0 0 0 0 0 0 0 0 67 226 206 114 200 255 255 236 201 255 151 0 6 13 0 0 0 0 0 0 0 0 0 0 0 0 0 0 0 177 255 245 255 244 255 85 167 255 140 11 0 0 0 6 0 0 0 0 0 0 0 0 0 0 0 0 0 68 191 255 237 97 15 0 160 255 141 0 0 0 0 0 0 0 0 0 0 0 0 0 0 0 0 0 0 1 0 14 17 2 0 1 167 247 156 5 0 6 11 9 0 0 0 0 0 0 0 0 0 0 0 0 0 14 0 10 0 7 0 47 255 255 147 0 0 3 0 0 0 0 0 0 0 0 0 0 0 0 0 0 0 4 0 5 0 0 2 180 255 232 74 0 1 12 8 8 0 0 0 0 0 0 0 0 0 0 0 0 0 0 0 11 15 6 6 238 254 214 29 3 7 0 0 22 0 0 0 0 0 0 0 0 0 0 0 0 8 4 1 0 0 0 61 255 247 161 0 0 12 0 2 50 0 0 0 0 0 0 0 0 0 0 0 0 0 0 10 0 0 10 176 255 255 100 0 0 5 0 0 6 0 0 0 0 0 0 0 0 0 0 0 0 9 0 0 4 0 5 245 241 166 0 8 0 6 4 1 0 0 0 0 0 0 0 0 0 0 0 0 0 0 0 0 5 0 15 254 247 63 23 0 0 5 0 0 2 0 0 0 0 0 0 0 0 0 0 0 0 8 2 0 0 1 18 198 187 16 0 0 0 4 0 0 2 0 0 0 0 0 0 0 0 0 0 0 0 0 0 1 10 0 0 24 0 0 0 0 0 2 0 0 0 0 0 0 0 0 0 0 0 0 0 0 0 0 0 0 7 7 4 12 0 1 4 3 0 0 0 1 1 0 0 0 0
0 0 0 0 0 0 0 0 0 6 4 1 5 2 0 4 2 0 2 7 0 0 2 5 0 0 0 0 0 0 0 0 0 0 0 0 3 0 0 0 0 0 0 0 0 0 0 0 0 4 4 0 0 0 0 0 0 0 0 0 0 0 0 0 1 0 2 9 2 0 6 9 0 10 11 6 4 0 0 0 0 0 0 0 0 0 0 0 0 0 0 0 0 0 0 5 0 0 0 0 0 0 0 0 6 0 0 12 0 0 0 0 0 0 0 0 0 0 0 0 5 0 0 0 6 9 5 0 15 4 0 0 2 0 0 3 0 0 0 0 0 0 0 0 0 0 0 0 0 11 3 0 0 0 0 2 0 0 14 9 0 2 6 0 0 0 0 0 0 0 0 0 0 0 0 0 0 14 0 0 17 44 46 61 8 0 0 7 0 0 12 0 0 0 0 0 0 0 0 0 0 0 0 0 0 11 0 19 152 243 251 253 176 42 0 10 3 0 6 0 0 0 0 0 4 0 5 5 0 7 0 2 0 29 204 249 255 246 255 254 247 220 9 3 3 0 0 3 0 0 0 0 0 3 6 0 0 10 0 0 44 213 255 252 255 244 254 244 255 233 103 11 2 0 9 0 0 0 0 0 0 5 3 0 0 2 0 66 216 255 252 255 203 131 29 8 69 136 111 7 101 166 0 7 0 0 0 0 0 1 0 10 1 0 49 190 255 240 255 205 27 7 6 0 0 17 63 105 255 228 175 0 0 0 0 0 0 1 0 7 4 0 122 255 251 255 96 0 14 0 0 9 6 3 49 225 255 255 255 50 0 0 0 0 0 7 0 0 2 15 192 255 213 74 7 4 17 4 5 0 1 0 194 253 232 252 236 33 0 0 0 0 0 6 0 0 0 8 240 245 168 0 4 0 0 7 0 0 42 177 249 255 254 248 88 0 0 0 0 0 0 0 3 6 0 0 255 253 129 15 0 9 4 0 8 85 234 235 255 240 250 222 0 2 0 0 0 0 0 0 7 0 3 0 242 255 255 165 148 76 148 149 180 252 255 255 253 250 230 22 0 0 17 0 0 0 8 0 0 0 0 0 156 245 255 255 255 236 255 247 242 253 244 254 253 251 69 14 0 16 0 30 0 2 3 0 0 4 3 0 33 138 228 255 236 255 255 255 255 254 255 248 253 163 0 8 0 0 5 213 0 9 0 2 0 0 6 7 0 16 92 155 152 192 142 115 175 250 246 251 246 78 9 0 2 14 87 214 9 0 2 3 0 0 0 4 1 0 0 0 0 13 0 0 85 200 220 197 92 0 0 4 0 3 104 223 0 0 2 0 0 0 3 0 14 1 18 0 4 3 7 6 0 7 0 13 3 11 14 4 4 1 11 13 0 0 0 0 2 6 9 0 0 1 0 0 6 0 0 4 0 0 7 0 0 0 6 0 8 0 0 7 0 4 0 6 0 0 6 8 0 7 5 4 0 8 0 5 1 0 0 16 2 1 0 7 0 4 10 0 6 0 0 0 0 0 0 0 0 0 0 0 0 0 0 0 0 0 0 0 0 0 0 0 0 0 0 0 0 0 0 0 0 0 0 0 0 0 0 0 0 0 0 0 0 0 0 0 0 0 0 0 0 0 0 0 0 0 0 0 0 0 0 0 0 0 0 0 0 0 0 0 0 0 0 0 0 0 0 0 0 0 0 0 0 0 0 0 0 0 0 0 0 0 0 0 0 0 0 0 0 0 0 0 0 0 0 0 0 0 0 0 0 0
0 7 0 1 0 7 0 7 4 3 0 1 10 0 0 4 0 12 0 0 3 9 0 12 0 0 0 0 3 7 0 2 0 11 5 0 0 13 1 0 2 5 0 0 0 0 8 2 0 2 4 0 0 0 0 0 6 0 0 17 0 0 6 3 10 0 6 13 0 1 19 3 8 7 2 0 10 4 10 5 0 0 0 0 0 0 1 8 0 0 0 10 0 1 1 0 2 5 0 0 0 0 3 8 5 0 2 0 0 0 0 0 0 10 13 0 1 20 0 0 0 13 87 122 162 255 255 175 105 101 9 0 11 9 0 0 0 0 0 0 0 0 4 0 6 0 0 36 83 177 255 248 250 255 246 254 255 250 120 41 0 0 2 5 0 0 0 0 1 0 0 18 2 0 104 163 255 237 255 255 249 255 246 255 246 246 255 226 52 0 28 0 0 0 0 0 3 9 0 10 0 43 255 255 244 209 153 49 4 7 11 78 192 254 247 255 251 89 6 6 0 0 0 0 2 3 2 0 19 177 234 250 183 48 0 5 0 0 0 0 11 90 226 243 255 246 215 105 0 0 0 0 0 2 0 5 174 251 255 150 0 0 5 7 0 3 4 0 3 0 64 244 246 255 245 242 0 0 0 0 0 5 4 0 255 255 197 13 21 0 0 0 0 6 1 6 0 10 0 81 248 255 251 226 0 0 0 0 1 0 8 0 255 246 113 0 0 0 2 4 10 0 0 5 0 4 3 21 207 240 255 72 0 0 0 0 0 0 0 0 254 249 104 0 3 16 11 0 0 8 0 2 0 4 48 175 255 238 254 123 0 0 0 0 0 11 0 2 255 255 163 0 0 0 0 0 5 8 0 5 116 228 238 242 245 255 254 83 0 0 0 0 0 1 0 7 227 255 249 126 37 26 32 31 34 50 93 167 246 241 255 255 239 246 255 92 0 0 0 0 8 0 11 1 134 219 255 255 245 253 255 243 244 255 255 252 247 255 247 251 255 255 237 110 0 0 0 0 2 0 5 10 0 54 255 255 255 248 255 255 248 247 255 248 239 175 116 131 247 247 206 10 0 0 0 0 0 0 9 0 0 37 116 238 247 250 230 237 241 243 207 89 63 0 62 246 255 244 109 0 0 0 0 0 1 0 1 0 10 46 245 156 21 61 62 46 0 0 19 0 27 132 165 255 253 250 56 0 0 0 0 0 0 8 0 16 0 50 254 189 10 2 0 0 0 10 53 64 202 255 255 227 218 39 0 4 0 0 0 0 0 7 0 14 0 36 252 244 181 167 152 90 83 158 213 255 255 249 240 222 25 0 19 7 0 0 0 0 0 0 0 0 5 29 225 253 254 251 255 236 244 255 255 252 250 252 206 29 0 14 0 0 0 0 0 0 0 5 5 4 0 17 2 196 212 246 247 253 255 248 236 203 167 32 26 1 0 0 1 14 0 0 0 0 0 4 0 5 0 0 8 2 7 112 101 99 103 98 97 1 1 0 4 0 15 0 7 0 0 0 0 0 0 0 0 0 0 0 0 0 0 0 0 0 0 0 0 0 0 0 0 0 0 0 0 0 0 0 0 0 0 0 0 0 0 0 0 0 0 0 0 0 0 0 0 0 0 0 0 0 0 0 0 0 0 0 0 0 0 0 0 0 0 0 0 0 0 0 0 0 0 0 0 0 0 0 0 0 0 0 0 0 0 0 0 0 0 0 0 0 0 0 0 0 0 0 0 0 0 0 0 0 0 0 0 0 0 0 0 0 0 0 0 0
0 0 0 0 0 0 0 0 1 0 0 6 1 0 0 0 6 0 0 0 0 5 7 0 0 0 0 0 0 0 0 0 0 0 0 0 7 1 0 0 0 10 11 1 0 2 6 7 1 0 0 1 0 0 0 0 0 0 0 0 0 0 0 0 0 4 6 5 0 0 0 0 0 0 0 3 5 0 0 7 0 0 0 0 0 0 0 0 0 0 0 0 12 4 0 0 7 9 0 15 3 2 0 0 6 3 0 3 0 0 0 0 0 0 0 0 0 0 0 0 0 6 0 3 0 0 0 2 3 6 2 0 3 5 0 0 0 0 0 0 0 0 0 0 0 0 0 0 0 7 1 9 0 15 4 0 0 0 2 5 0 0 4 0 0 0 0 0 0 0 0 0 0 0 0 0 2 0 10 107 153 243 254 231 40 0 0 10 0 0 9 2 0 0 0 0 0 0 0 0 0 0 0 0 0 19 120 255 248 254 247 253 124 22 0 15 1 0 9 0 0 0 0 0 0 0 0 0 0 0 0 0 0 51 233 225 121 88 221 255 251 23 1 0 2 0 0 0 0 0 0 0 0 0 0 0 0 0 0 0 19 165 243 122 1 2 158 248 251 23 1 0 2 0 0 0 0 0 0 0 0 0 0 0 0 0 0 0 71 251 255 46 2 0 170 252 251 23 1 0 2 0 0 0 0 0 0 0 0 0 0 0 0 0 0 0 149 248 245 184 6 0 167 255 251 23 1 0 2 0 0 0 0 0 0 0 0 0 0 0 0 0 0 0 112 245 255 240 221 178 250 249 251 23 1 0 2 0 0 0 0 0 0 0 0 0 0 0 0 0 0 0 29 255 241 255 255 255 243 255 251 23 1 0 2 0 0 0 0 0 0 0 0 0 0 0 0 0 0 0 5 39 135 244 247 186 248 232 251 23 1 0 2 0 0 0 0 0 0 0 0 0 0 0 0 0 0 0 3 0 0 20 24 8 158 255 251 23 1 0 2 0 0 0 0 0 0 0 0 0 0 0 0 0 0 0 0 1 0 0 3 0 161 254 244 26 0 1 0 6 3 0 0 0 0 0 0 0 0 0 0 0 0 0 0 1 0 0 3 0 161 254 255 27 5 5 0 5 0 0 0 0 0 0 0 0 0 0 0 0 0 0 0 1 0 0 3 0 161 254 255 13 4 5 0 6 0 4 0 0 0 0 0 0 0 0 0 0 0 0 0 1 0 0 3 0 161 254 255 7 4 7 0 8 0 4 0 0 0 0 0 0 0 0 0 0 0 0 0 1 0 0 3 0 161 254 255 17 6 9 0 6 0 0 0 0 0 0 0 0 0 0 0 0 0 0 0 1 0 0 3 0 161 254 244 27 0 0 0 4 0 0 0 0 0 0 0 0 0 0 0 0 0 0 0 1 0 0 3 0 161 254 241 51 0 0 1 0 4 1 0 0 0 0 0 0 0 0 0 0 0 0 0 1 0 0 3 0 161 254 255 90 5 0 8 0 3 0 0 0 0 0 0 0 0 0 0 0 0 0 0 0 2 0 0 27 137 255 255 75 3 4 0 4 0 4 0 0 0 0 0 0 0 0 0 0 0 0 4 0 3 7 0 0 91 232 178 47 5 0 0 4 0 6 0 0 0 0 0 0 0 0 0 0 0 0 6 0 0 0 10 2 0 17 17 0 0 1 3 13 0 0 0 0 0 0 0 0 0 0 0 0 0 0 0 5 0 0 5 5 0 0 1 0 9 0 0 4 0 8 0 0 0 0
0 0 0 0 3 4 2 0 1 0 1 0 3 5 0 0 0 0 3 6 0 1 13 0 0 0 0 0 0 0 1 0 0 0 0 0 5 1 0 0 0 0 0 6 0 0 0 0 1 5 0 6 0 0 0 0 0 1 1 0 0 0 0 3 0 11 5 0 15 1 0 5 14 0 9 2 0 3 0 3 0 0 0 0 1 0 0 1 2 1 2 5 25 0 0 10 0 0 25 0 4 0 0 8 0 0 14 0 0 0 0 0 4 0 0 2 5 2 0 0 0 1 0 4 0 0 3 4 1 9 1 7 0 0 14 0 0 0 0 0 6 0 0 1 3 0 0 0 5 24 0 0 15 0 0 0 0 17 0 0 8 0 0 1 0 0 0 0 3 0 0 2 0 0 3 17 0 49 178 252 162 138 209 165 20 0 7 2 0 4 0 14 0 0 0 0 0 0 2 5 0 0 14 39 209 247 244 255 255 238 255 245 165 26 100 86 0 13 0 0 0 0 0 0 7 0 2 4 0 0 76 227 255 255 246 213 120 202 255 254 255 234 245 250 73 4 1 0 0 0 0 0 6 0 13 0 13 37 183 255 248 215 100 0 3 26 40 172 255 249 255 249 119 2 1 0 0 0 0 0 1 0 0 0 3 130 251 255 202 35 25 0 0 0 0 19 213 252 255 248 172 2 0 0 0 0 0 0 0 10 0 4 9 215 255 241 166 0 0 0 1 1 11 0 141 248 255 252 199 8 0 0 0 0 0 0 0 0 4 0 46 249 255 248 41 0 0 9 7 0 0 0 109 255 255 255 182 10 0 4 0 0 0 0 1 3 0 0 34 231 242 255 5 0 0 8 0 3 16 2 141 255 252 251 142 0 0 1 0 0 0 0 1 6 0 9 0 161 236 255 35 12 0 0 6 11 0 8 202 255 247 248 123 0 0 0 0 0 0 0 0 0 11 0 3 84 255 248 90 0 7 4 0 4 5 63 249 255 248 255 132 0 11 0 0 0 0 0 0 8 0 0 0 6 213 253 207 23 0 3 4 0 14 172 243 255 255 255 115 11 0 6 0 0 0 0 0 0 7 5 4 0 58 230 253 181 44 0 3 0 111 255 255 253 237 239 67 0 0 1 0 0 0 0 0 0 4 0 0 13 0 111 233 255 215 192 147 161 255 251 242 243 251 255 39 0 7 0 0 0 0 0 0 5 0 0 0 24 0 0 72 195 255 255 255 253 247 239 90 184 246 255 28 0 14 1 0 0 0 0 0 0 0 16 0 0 15 0 0 14 77 152 209 172 75 50 0 184 251 223 20 1 4 0 0 0 0 0 0 0 12 0 2 0 0 9 7 0 4 22 0 0 5 0 22 245 255 175 10 4 0 0 0 0 0 0 0 9 6 0 8 7 0 2 0 29 3 0 10 10 0 0 20 249 253 129 0 0 2 4 0 0 0 0 1 8 0 6 11 0 0 0 8 0 5 1 0 8 0 4 17 248 255 128 0 0 1 3 0 0 0 0 0 0 0 0 0 0 0 0 0 0 0 0 0 0 0 0 15 229 255 195 0 7 0 2 0 0 0 0 0 0 0 0 0 0 0 0 0 0 0 0 0 0 0 0 8 118 162 82 2 1 13 0 0 0 0 0 0 0 0 0 0 0 0 0 0 0 0 0 0 0 0 0 0 7 29 0 0 0 11 0 0 0 0 0 0 0 0 0 0 0 0 0 0 0 0 0 0 0 0 0 2 0 0 0 4 4 5 0 0 0 0 0
0 0 0 0 0 0 0 0 0 5 3 0 1 9 6 0 0 9 0 0 0 3 0 6 0 0 0 0 0 0 0 0 0 0 0 0 0 2 2 0 0 0 0 0 10 9 0 7 2 13 0 0 0 0 0 0 0 0 0 0 0 0 0 0 0 0 0 3 9 7 4 3 0 0 0 6 0 0 0 9 0 0 0 0 0 0 0 0 0 0 0 0 5 1 0 0 0 0 0 0 7 0 2 9 0 0 2 0 0 0 0 0 0 0 0 0 0 0 0 0 0 6 7 0 0 0 7 8 0 0 5 2 0 0 2 0 0 0 0 0 0 0 0 0 0 0 0 0 0 0 1 3 7 8 0 0 14 7 0 0 9 1 0 0 0 0 0 0 0 0 0 0 0 0 0 0 10 0 0 1 0 0 0 10 68 161 252 255 202 58 0 9 0 0 0 0 0 0 0 0 0 0 0 0 0 0 3 9 0 0 82 183 251 250 252 255 255 116 7 0 0 0 0 0 0 0 0 0 0 0 0 0 0 9 0 0 5 131 236 250 180 62 59 239 249 141 0 0 0 0 0 0 0 0 0 0 0 0 0 0 8 0 0 26 226 255 207 73 0 1 74 251 251 68 21 8 0 0 0 0 0 0 0 0 0 0 0 0 0 4 37 210 241 217 50 0 14 44 246 255 244 28 0 0 0 0 0 0 0 0 0 0 0 0 0 0 11 7 175 251 230 71 0 12 69 242 255 245 249 195 19 12 0 0 0 0 0 0 0 0 0 0 0 0 0 46 254 255 30 7 11 76 247 249 249 255 247 240 0 0 0 0 0 0 0 0 0 0 0 0 0 0 10 214 255 103 0 0 0 193 255 255 241 250 255 50 3 10 0 0 0 0 0 0 0 0 0 0 0 0 0 254 255 99 29 10 58 253 239 255 252 171 57 0 5 0 0 0 0 0 0 0 0 0 0 0 0 0 4 236 250 242 211 245 255 248 255 247 122 8 0 9 0 4 0 0 0 0 0 0 0 0 0 0 0 0 1 77 255 249 255 255 232 255 255 133 20 0 1 0 0 0 0 0 0 0 0 0 0 0 0 0 0 0 6 5 65 127 211 247 255 255 129 46 0 0 3 0 1 6 0 0 0 0 0 0 0 0 0 0 0 0 0 0 13 0 133 255 255 178 20 0 0 2 5 0 0 3 0 0 0 0 0 0 0 0 0 0 0 0 11 0 0 84 239 255 177 8 0 0 1 9 1 0 0 0 0 0 0 0 0 0 0 0 0 0 0 0 0 14 86 255 243 217 32 1 4 0 1 2 0 0 4 0 0 0 0 0 0 0 0 0 0 0 0 0 15 103 240 255 206 87 14 0 4 0 0 0 0 3 7 0 0 0 0 0 0 0 0 0 0 0 0 0 76 255 244 255 85 0 0 0 4 0 1 4 0 1 3 0 0 0 0 0 0 0 0 0 0 0 0 0 255 243 255 65 0 14 0 4 0 0 2 5 0 0 0 0 0 0 0 0 0 4 0 0 7 0 13 78 252 255 115 10 0 0 8 3 0 0 0 0 0 0 0 0 0 0 0 0 0 5 0 0 5 0 0 43 249 181 29 0 5 0 3 0 0 0 0 0 0 0 0 0 0 0 0 0 0 5 0 0 6 0 0 8 0 0 0 8 21 0 0 2 0 0 0 0 0 0 0 0 0 0 0 0 0 4 0 0 8 7 0 0 5 9 0 5 0 0 11 10 0 0 0 0 0 0 0 0 0 0 0 0
0 0 0 0 0 0 0 0 0 4 0 1 5 0 8 0 0 8 2 3 7 0 0 6 0 0 0 0 0 0 0 0 0 0 0 0 0 0 21 3 0 0 5 0 15 5 0 0 13 2 0 2 0 0 0 0 0 0 0 0 0 0 0 0 1 3 1 0 1 1 0 8 0 0 16 5 0 0 16 0 0 0 0 0 0 0 0 0 0 0 0 0 3 18 0 20 1 1 0 1 15 0 5 3 0 0 0 5 0 0 0 0 0 0 0 0 0 0 0 0 0 0 0 0 0 9 17 0 0 3 4 0 14 13 0 7 0 0 0 0 0 0 0 0 0 0 0 0 1 3 21 0 155 234 232 243 83 5 3 2 0 9 4 0 0 0 0 0 0 0 0 0 0 0 0 0 0 4 0 58 229 255 255 255 226 11 0 15 0 0 3 5 0 0 0 0 0 0 0 0 0 0 0 0 1 0 12 251 250 216 255 180 0 0 15 0 0 12 0 11 0 0 0 0 0 0 0 0 0 0 0 0 0 7 91 241 167 56 207 253 173 0 4 0 1 0 0 0 0 0 0 0 0 0 0 0 0 0 0 0 2 0 227 255 59 0 125 245 223 11 0 0 14 0 4 3 0 0 0 0 0 0 0 0 0 0 0 0 0 58 255 224 16 0 111 250 253 60 0 0 1 0 2 0 0 0 0 0 0 0 0 0 0 0 0 0 0 174 244 129 0 5 50 251 255 166 17 4 0 0 11 0 0 0 0 0 0 0 0 0 0 0 0 0 38 234 255 33 0 7 0 253 254 247 21 4 0 0 4 4 0 0 0 0 0 0 0 0 0 0 0 0 56 240 253 9 8 0 62 252 246 255 31 0 4 0 0 0 0 0 0 0 0 0 0 0 0 0 0 0 9 231 255 29 0 6 163 249 254 255 108 4 10 6 1 4 0 0 0 0 0 0 0 0 0 0 0 0 0 194 244 20 9 179 251 255 244 255 180 0 0 2 6 0 0 0 0 0 0 0 0 0 0 0 0 0 4 22 234 249 230 254 255 214 174 255 171 8 10 0 4 0 0 0 0 0 0 0 0 0 0 0 0 0 0 16 66 227 253 224 192 31 60 250 243 9 0 0 15 2 0 0 0 0 0 0 0 0 0 0 0 0 7 0 0 35 0 11 18 0 31 248 243 68 7 2 0 0 0 0 0 0 0 0 0 0 0 0 0 0 2 0 0 0 3 0 2 0 0 255 247 102 0 2 4 0 0 0 0 0 0 0 0 0 0 0 0 0 6 0 6 0 11 6 0 3 56 255 246 75 0 4 2 4 0 0 0 0 0 0 0 0 0 0 0 0 0 1 6 0 0 10 16 127 231 255 255 49 12 9 0 4 0 0 0 0 0 0 0 0 0 0 0 0 0 56 1 34 85 132 221 250 255 253 229 25 0 2 2 0 0 0 0 0 0 0 0 0 0 0 0 0 3 143 255 223 252 255 255 243 208 136 24 3 1 0 7 0 0 0 0 0 0 0 0 0 0 0 0 0 0 13 93 164 174 157 112 48 0 0 0 0 0 0 0 0 0 0 0 0 0 0 0 0 0 0 0 0 12 0 0 4 0 0 10 0 0 0 0 0 0 0 0 0 0 0 0 0 0 0 0 0 0 0 0 0 4 0 5 9 0 0 10 0 0 0 0 0 0 0 0 0 0 0 0 0 0 0 0 0 0 0 0 0 0 0 5 10 0 0 0 0 0 0 0 0 0 0 0 0 0 0 0 0
0 0 0 0 0 0 0 0 9 0 0 2 0 0 3 1 4 0 0 2 0 0 0 3 0 0 0 0 0 0 0 0 0 0 0 0 0 0 2 6 3 0 0 0 0 0 0 1 8 7 0 0 0 0 0 0 0 0 0 0 0 0 0 0 13 10 0 0 4 7 0 0 10 10 5 0 0 0 1 5 0 0 0 0 0 0 0 0 0 0 0 0 0 0 4 0 5 4 0 5 0 0 2 0 0 1 0 0 0 0 0 0 0 0 0 0 0 0 0 0 17 14 2 0 0 0 1 2 6 2 0 0 5 10 3 0 0 0 0 0 0 0 0 0 0 0 0 0 0 0 0 5 0 0 2 0 0 0 0 0 0 0 0 7 0 0 0 0 0 0 0 0 0 0 0 0 12 0 23 127 196 210 155 67 23 7 0 4 4 0 0 0 0 0 0 0 0 0 0 0 0 0 0 0 0 31 161 255 255 248 255 251 233 130 24 0 0 6 3 0 0 0 0 0 0 0 0 0 0 0 0 0 2 99 252 255 252 240 213 226 240 211 175 5 4 0 0 7 0 0 0 0 0 0 0 0 0 0 0 0 0 233 255 248 95 3 0 0 16 2 8 101 20 0 19 0 0 0 0 0 0 0 0 0 0 0 0 0 88 223 252 168 0 28 0 15 9 2 177 251 234 22 0 3 0 0 0 0 0 0 0 0 0 0 0 0 0 245 255 240 147 53 75 73 86 182 240 254 255 72 13 0 0 0 0 0 0 0 0 0 0 0 0 0 0 96 236 255 255 251 255 247 255 255 249 251 155 25 0 12 0 0 0 0 0 0 0 0 0 0 0 0 3 21 56 126 242 255 252 255 246 244 255 96 17 0 4 0 0 0 0 0 0 0 0 0 0 0 0 0 0 0 0 27 34 45 211 255 255 251 78 5 0 0 13 0 0 0 0 0 0 0 0 0 0 0 0 0 0 6 4 0 6 4 207 255 235 174 8 0 7 5 0 4 0 0 0 0 0 0 0 0 0 0 0 0 0 0 0 0 0 138 238 255 169 9 0 0 0 8 0 11 0 0 0 0 0 0 0 0 0 0 0 0 0 20 0 8 56 238 248 235 91 0 0 3 0 9 0 1 0 0 0 0 0 0 0 0 0 0 0 0 7 0 3 3 179 255 255 193 13 0 5 3 0 5 0 0 0 0 0 0 0 0 0 0 0 0 0 0 11 0 19 17 255 244 255 132 0 4 2 0 0 0 2 0 0 0 0 0 0 0 0 0 0 0 0 0 0 7 10 79 247 255 235 51 0 11 0 0 3 0 2 1 0 0 0 0 0 0 0 0 0 0 0 0 0 7 0 130 251 255 177 0 3 3 0 0 8 0 0 0 0 0 0 0 0 0 0 0 0 0 0 0 8 0 0 129 255 242 118 0 4 0 0 2 3 1 0 0 0 0 0 0 0 0 0 0 0 0 0 0 0 5 9 114 249 255 93 6 5 0 9 2 0 0 0 4 0 0 0 0 0 0 0 0 0 0 0 0 0 0 6 114 255 247 103 0 0 0 0 0 0 0 0 0 0 0 0 0 0 0 0 0 0 0 0 0 0 27 0 56 250 223 47 0 0 0 0 0 0 0 0 0 0 0 0 0 0 0 0 0 0 0 0 0 4 0 0 0 0 0 2 6 0 0 0 0 0 0 0 0 0 0 0 0 0 0 0 0 0 0 0 0 6 0 1 7 7 5 0 0 0 0 0 0 0 0 0 0 0 0 0 0
0 0 0 0 0 0 0 0 0 0 0 0 0 0 0 0 1 5 5 0 0 0 1 2 0 0 0 0 0 0 0 0 0 0 0 0 3 2 0 0 0 0 2 3 0 0 0 3 8 3 0 0 0 0 0 0 0 0 0 0 0 0 0 0 0 0 1 3 3 0 0 0 11 4 1 1 0 0 0 14 0 0 0 0 0 0 0 0 0 0 0 0 0 0 1 2 3 4 5 5 0 0 0 4 2 0 0 2 0 0 0 0 0 0 0 0 0 0 0 0 11 7 0 0 0 0 0 0 5 8 4 0 2 9 1 0 0 0 0 0 0 0 0 0 0 0 0 0 0 0 0 6 9 8 6 4 0 0 3 0 0 0 5 4 0 0 0 0 0 0 0 0 0 0 0 0 6 3 0 0 0 0 0 0 9 0 0 3 5 0 0 6 0 0 0 0 0 0 0 0 0 0 0 0 0 0 0 24 75 145 213 255 234 126 23 0 3 0 0 0 0 0 0 0 0 5 0 0 9 0 0 3 0 7 151 222 250 255 252 255 245 255 211 2 4 0 2 0 0 0 0 0 5 0 8 1 0 7 1 2 49 244 255 239 248 167 54 1 74 207 255 202 20 6 6 0 0 0 0 0 13 0 14 0 0 0 0 60 237 234 236 156 23 5 0 12 57 224 251 255 26 5 0 11 0 0 0 0 0 2 3 0 19 11 63 227 253 255 101 0 0 0 0 12 228 255 249 245 34 0 0 3 0 0 0 0 0 19 0 0 0 0 105 250 236 107 0 0 2 0 136 239 215 143 243 255 40 0 12 0 0 0 0 0 0 4 0 10 5 82 239 255 153 0 7 16 21 128 248 242 56 11 209 255 43 0 0 8 0 0 0 0 7 0 6 5 0 124 255 230 73 0 0 90 176 255 239 38 9 8 217 248 43 2 0 6 0 0 0 0 4 0 5 0 6 144 252 234 1 51 149 239 255 203 33 6 0 0 233 255 26 0 18 0 0 0 0 0 0 25 0 0 8 34 234 255 247 251 255 216 76 3 4 0 6 51 233 255 34 0 17 0 0 0 0 0 0 0 0 10 9 0 96 166 228 174 128 68 0 0 12 8 0 74 255 231 32 0 0 5 0 0 0 0 1 0 0 0 0 0 0 29 0 0 0 4 0 1 1 0 10 84 255 178 0 0 3 0 0 0 0 0 0 9 3 0 0 24 0 0 4 9 8 2 0 0 0 6 0 150 245 107 9 3 0 10 0 0 0 0 0 11 0 9 1 3 0 13 0 0 0 0 11 9 0 0 1 178 255 115 3 0 13 0 0 0 0 0 0 7 0 12 2 0 0 8 13 10 0 0 1 2 0 0 31 241 244 52 23 0 0 3 0 0 0 0 2 4 0 0 0 5 5 0 0 0 3 6 2 0 0 0 112 246 224 10 0 0 13 0 0 0 0 0 0 0 10 6 0 0 5 5 12 3 1 1 0 0 6 2 136 255 237 0 0 4 0 4 0 0 0 0 0 0 0 0 0 0 0 0 0 0 0 0 0 0 0 0 139 242 147 0 3 0 7 0 0 0 0 0 0 0 0 0 0 0 0 0 0 0 0 0 0 0 0 0 237 255 129 3 0 0 0 0 0 0 0 0 0 0 0 0 0 0 0 0 0 0 0 0 0 0 0 0 166 170 53 0 0 4 0 0 0 0 0 0 0 0 0 0 0 0 0 0 0 0 0 0 0 0 0 0 8 24 0 0 3 2 0 0 0 0 0 0
0 0 0 0 0 0 0 0 0 1 0 0 3 6 0 1 0 0 0 0 0 2 1 0 0 0 0 0 0 0 0 0 0 0 0 0 4 5 5 6 0 0 0 12 14 3 0 4 1 0 0 13 0 0 0 0 0 0 0 0 0 0 0 0 0 0 0 0 2 6 3 0 0 0 0 0 8 13 1 0 0 0 0 0 0 0 0 0 0 0 0 0 18 6 0 0 0 5 5 0 0 11 16 6 0 0 0 5 0 0 0 0 0 0 0 0 0 0 0 0 0 0 0 17 6 0 0 5 4 0 0 4 6 0 0 5 0 0 0 0 0 0 0 0 0 0 0 0 8 4 7 0 0 3 13 0 0 5 2 0 0 8 9 0 0 0 0 0 0 0 0 0 0 0 0 0 0 0 9 31 65 133 174 155 235 255 243 148 41 0 0 0 0 0 0 0 0 0 0 0 0 0 0 0 6 6 103 229 255 246 249 255 255 246 255 252 164 39 0 6 0 0 0 0 0 0 4 1 0 0 7 2 21 178 255 255 244 251 252 213 181 163 184 226 255 192 10 0 0 0 0 0 2 0 0 0 3 2 0 0 104 255 247 225 200 91 29 0 0 0 0 66 171 235 11 0 0 0 0 0 0 3 0 0 7 0 0 13 237 250 217 72 0 0 0 14 0 26 0 0 78 225 32 10 0 0 0 0 0 8 1 0 5 0 7 55 242 255 92 0 3 13 12 0 0 25 38 4 61 126 5 11 0 0 0 0 0 8 1 0 5 0 7 55 248 255 90 12 8 0 1 0 10 186 255 106 0 14 1 0 0 0 0 0 0 3 0 0 7 0 0 13 215 243 254 218 181 184 177 144 175 245 252 143 0 0 0 13 0 0 0 0 2 0 0 0 3 2 0 0 13 185 246 246 254 251 255 241 245 255 253 102 3 1 0 0 0 0 0 0 0 0 4 1 0 0 7 2 0 0 73 59 83 170 136 120 255 240 225 17 0 1 0 0 0 0 0 0 0 0 0 0 0 0 0 0 0 6 0 5 2 0 4 125 248 255 113 0 1 0 0 4 0 0 0 0 0 0 0 0 0 0 0 0 2 3 0 0 0 0 17 217 255 242 68 2 0 0 2 0 0 0 0 0 0 0 0 0 0 0 0 0 6 0 0 0 6 6 112 255 255 184 16 6 0 2 7 0 0 0 0 0 0 0 0 0 0 0 0 0 0 0 0 1 4 14 227 249 232 100 0 5 0 2 5 0 0 0 0 0 0 0 0 0 0 0 0 0 0 5 0 0 0 60 255 234 165 22 0 0 3 0 0 3 0 0 0 0 0 0 0 0 0 0 0 0 0 11 0 0 20 166 242 255 89 0 8 0 8 0 0 5 0 0 0 0 0 0 0 0 0 0 0 0 2 1 0 6 86 250 243 245 29 0 2 0 8 0 8 0 0 0 0 0 0 0 0 0 0 0 0 0 11 0 0 8 132 255 254 135 0 15 0 3 5 0 16 0 0 0 0 0 0 0 0 0 0 0 0 0 10 0 0 33 205 248 255 74 0 0 0 0 0 0 0 0 0 0 0 0 0 0 0 0 0 0 0 0 0 0 16 110 255 255 219 24 0 0 0 0 0 0 0 0 0 0 0 0 0 0 0 0 0 0 0 0 6 3 0 4 0 0 16 0 0 0 0 0 0 0 0 0 0 0 0 0 0 0 0 0 0 0 0 0 10 0 0 11 5 13 0 0 0 0 0 0 0 0 0 0 0 0 0 0
0 0 0 0 0 0 0 0 0 5 0 0 0 11 0 6 3 2 1 2 3 3 0 0 0 0 0 0 0 0 0 0 0 0 0 0 8 2 0 13 0 0 0 0 0 0 0 0 0 1 1 2 0 0 0 0 0 0 0 0 0 0 0 0 0 0 0 0 0 3 18 5 0 0 0 0 0 0 2 4 0 0 0 0 0 0 0 0 0 0 0 0 0 3 1 10 6 4 0 0 1 2 3 2 0 0 1 3 0 0 0 0 0 0 0 0 0 0 0 0 4 3 0 4 18 0 0 22 0 0 2 3 2 1 0 0 0 0 0 0 0 0 0 0 0 0 0 0 0 14 3 0 8 0 5 0 0 0 0 0 2 3 1 0 0 0 0 0 0 0 0 0 0 0 0 0 11 0 0 95 225 255 206 34 10 3 0 0 1 3 1 0 0 0 0 0 0 0 0 0 0 0 0 0 0 13 129 251 255 224 252 178 28 16 2 0 1 3 0 0 0 0 0 0 0 0 0 0 0 0 0 0 0 100 248 255 117 18 187 248 255 152 1 4 0 0 6 0 0 0 0 0 0 0 0 0 0 0 0 0 10 224 255 88 3 0 125 255 250 178 0 6 3 0 3 0 0 0 0 0 0 0 0 0 0 0 0 0 34 255 225 22 14 2 68 253 254 192 0 3 5 4 1 0 0 0 0 0 0 0 0 0 0 0 0 0 96 253 135 0 0 17 128 252 255 153 0 0 0 1 1 0 0 0 0 0 0 0 0 0 0 0 0 0 143 251 74 10 0 0 170 253 242 66 8 0 0 0 0 1 0 0 0 0 0 0 0 0 0 0 0 0 142 246 37 11 4 0 173 248 195 0 9 0 6 0 0 0 0 0 0 0 0 0 0 0 0 0 0 0 98 255 88 0 4 104 234 253 157 0 5 0 9 0 0 3 0 0 0 0 0 0 0 0 0 0 0 0 30 237 223 176 173 255 255 248 144 10 0 0 7 0 0 10 0 0 0 0 0 0 0 0 0 0 0 0 0 93 202 255 246 182 220 255 149 7 0 0 2 0 0 6 0 0 0 0 0 0 0 0 0 0 0 0 0 4 12 36 23 9 156 254 149 2 6 0 2 0 0 0 0 0 0 0 0 0 0 0 0 0 0 0 5 2 0 9 0 0 156 255 155 0 3 0 1 0 5 0 0 0 0 0 0 0 0 0 0 0 0 0 0 6 0 5 0 0 119 242 199 15 0 0 3 0 6 0 0 0 0 0 0 0 0 0 0 0 0 0 0 6 4 0 0 0 59 238 255 79 0 1 6 0 1 0 0 0 0 0 0 0 0 0 0 0 0 0 0 0 1 0 8 0 2 191 255 145 0 0 2 0 1 2 0 0 0 0 0 0 0 0 0 0 0 0 12 0 2 5 0 1 0 119 235 210 19 1 0 0 2 3 0 0 0 0 0 0 0 0 0 0 0 0 0 0 5 8 0 9 2 26 222 255 53 16 0 0 0 0 0 0 0 0 0 0 0 0 0 0 0 0 0 0 0 0 0 0 0 0 131 226 185 45 0 2 0 0 0 0 0 0 0 0 0 0 0 0 0 0 0 0 0 0 0 0 0 0 26 205 243 100 0 0 6 0 0 0 0 0 0 0 0 0 0 0 0 0 0 0 0 0 0 0 0 0 0 4 0 0 8 3 0 3 0 0 0 0 0 0 0 0 0 0 0 0 0 0 0 0 0 0 0 0 9 0 0 3 0 0 0 0 0 0 0 0
0 0 0 0 0 0 0 0 1 2 5 0 4 2 0 0 0 0 0 0 0 0 0 0 0 0 0 0 0 0 0 0 0 0 0 0 8 0 0 2 0 0 12 0 0 0 0 0 0 0 0 0 0 0 0 0 0 0 0 0 0 0 0 0 0 0 0 11 6 0 0 1 0 0 0 0 0 0 0 0 0 0 0 0 0 0 0 0 0 0 0 0 0 11 0 3 1 3 0 0 0 0 0 0 0 0 0 0 0 0 0 0 0 0 0 0 0 0 0 0 12 0 0 13 0 10 17 8 0 0 0 0 0 0 0 0 0 0 0 0 0 0 0 0 0 0 0 0 0 0 23 147 255 200 0 0 0 0 0 0 0 0 0 0 0 0 0 0 0 0 0 0 0 0 0 0 0 8 151 255 255 185 7 16 0 0 0 0 0 0 0 0 0 0 0 0 0 0 0 0 0 0 0 0 9 149 255 242 243 214 0 0 0 0 0 0 0 0 0 0 0 0 0 0 1 6 0 8 7 0 16 30 163 252 249 227 215 19 0 5 41 123 77 0 8 0 0 11 0 0 0 0 0 4 2 0 6 15 35 255 246 247 255 108 2 0 8 0 229 239 183 1 6 6 9 0 0 0 0 0 5 0 0 4 0 0 159 253 255 246 248 122 0 5 0 114 255 248 238 57 0 0 3 0 0 0 0 0 2 7 0 5 10 22 239 254 246 255 201 34 161 211 231 229 249 255 255 197 5 2 0 13 0 0 0 0 0 0 17 1 0 180 246 255 249 255 241 250 255 255 244 255 254 253 238 240 0 0 0 0 0 0 0 0 0 28 0 11 0 92 255 243 255 236 249 243 255 252 248 255 252 254 243 233 4 0 16 3 0 0 0 0 8 0 2 0 11 0 80 255 235 255 253 255 241 202 67 55 241 251 255 226 0 0 0 0 0 0 0 0 3 0 9 13 0 2 10 0 0 11 0 0 25 0 0 4 244 242 255 229 6 10 0 11 0 0 0 0 0 0 0 0 0 0 0 0 0 5 0 1 1 10 0 11 237 243 255 234 4 0 10 0 0 0 0 0 0 0 0 0 0 0 0 0 3 4 0 0 0 0 11 2 230 255 241 245 0 7 0 2 0 0 0 0 0 0 0 0 0 0 0 0 0 0 3 4 6 0 15 0 237 255 252 234 1 1 0 10 0 0 0 0 0 0 0 0 0 0 0 0 0 0 4 8 10 0 3 9 235 242 252 225 5 0 0 0 0 0 0 0 0 0 0 0 0 0 0 0 4 0 0 0 0 1 0 105 241 255 253 248 0 5 0 0 0 0 0 0 0 0 0 0 0 0 0 0 4 0 1 0 0 3 2 169 254 255 253 198 0 0 10 5 0 0 0 0 0 0 0 0 0 0 0 0 0 0 9 0 0 1 45 205 251 245 186 67 0 0 0 0 0 0 0 0 0 0 0 0 0 0 0 0 6 0 8 0 0 5 114 252 255 250 104 0 0 20 0 5 0 0 0 0 0 0 0 0 0 0 0 0 0 6 0 0 7 0 47 184 255 237 116 2 0 2 0 3 0 0 0 0 0 0 0 0 0 0 0 0 0 11 0 0 6 0 0 11 0 6 0 0 7 12 0 1 0 0 0 0 0 0 0 0 0 0 0 0 0 4 1 0 8 13 0 0 8 10 5 7 12 0 0 0 0 0 0 0 0 0 0 0 0 0 0 0 3 0 0 1 0 0 2 13 0 0 0 1 0 0 0 8 0 0 0 0
0 0 0 0 0 0 0 0 0 1 2 0 0 3 0 0 0 1 0 0 8 10 0 0 0 0 0 0 0 0 0 0 0 0 0 0 1 4 3 0 0 0 6 10 5 6 1 0 0 0 0 10 0 0 0 0 0 0 0 0 0 0 0 0 1 0 0 2 1 0 0 0 0 0 0 6 4 0 0 6 0 0 0 0 0 0 0 0 0 0 0 0 4 0 0 2 11 8 2 0 1 0 0 3 4 5 3 0 0 0 0 0 0 0 0 0 0 0 0 0 8 1 0 0 0 0 0 1 8 4 4 0 0 2 10 0 0 0 0 0 0 0 0 0 0 0 0 0 0 0 5 2 0 0 3 6 0 0 5 4 0 0 10 0 0 0 0 0 0 0 0 0 0 0 0 0 8 10 4 0 0 11 4 0 16 0 0 11 0 0 5 0 0 0 0 0 0 0 0 0 0 0 0 0 1 0 0 32 124 221 255 255 104 24 0 3 0 0 5 0 0 0 0 0 0 0 0 0 0 0 0 0 7 0 29 166 236 255 252 255 255 155 9 0 0 0 2 0 0 0 0 0 0 0 0 0 0 0 0 0 0 44 219 255 248 131 152 244 245 164 4 0 0 0 5 0 0 0 0 0 0 0 0 0 0 0 0 0 32 255 247 198 18 16 153 252 255 213 54 0 5 0 7 0 0 0 0 0 0 0 0 0 0 0 0 0 32 234 240 48 4 43 218 254 255 255 136 3 9 0 4 0 0 0 0 0 0 0 0 0 0 0 0 0 44 255 255 176 162 239 255 239 242 255 179 0 1 0 0 2 0 0 0 0 0 0 0 0 0 0 0 0 15 204 243 255 255 208 174 100 240 246 162 0 0 0 0 3 0 0 0 0 0 0 0 0 0 0 0 0 8 0 69 69 75 24 0 85 252 235 85 3 0 4 2 0 0 0 0 0 0 0 0 0 0 0 0 0 1 0 2 0 2 6 5 101 248 213 0 2 0 6 4 0 0 0 0 0 0 0 0 0 0 0 0 0 7 0 0 13 2 1 10 216 255 175 0 0 6 1 0 2 0 0 0 0 0 0 0 0 0 0 0 0 0 1 13 0 0 0 101 252 250 120 8 0 3 0 0 1 0 0 0 0 0 0 0 0 0 0 0 0 0 0 9 0 2 51 194 255 183 29 10 0 1 0 2 2 0 0 0 0 0 0 0 0 0 0 0 0 4 0 0 11 1 137 250 255 86 0 3 0 3 1 3 0 0 0 0 0 0 0 0 0 0 0 0 0 1 0 0 1 0 197 255 222 23 0 2 2 3 0 0 0 0 0 0 0 0 0 0 0 0 0 0 0 0 1 7 0 61 233 234 94 0 19 0 2 0 0 0 2 0 0 0 0 0 0 0 0 0 0 0 0 0 3 0 4 167 254 195 0 0 7 0 2 0 0 3 3 0 0 0 0 0 0 0 0 0 0 0 0 0 10 0 51 233 255 188 7 5 0 2 11 0 0 0 0 0 0 0 0 0 0 0 0 0 0 0 0 0 19 1 32 255 246 69 3 0 0 0 0 0 0 0 0 0 0 0 0 0 0 0 0 0 0 0 0 0 0 0 191 241 225 27 3 0 0 0 0 0 0 0 0 0 0 0 0 0 0 0 0 0 0 0 0 22 4 0 39 254 141 2 0 0 0 0 0 0 0 0 0 0 0 0 0 0 0 0 0 0 0 0 0 0 0 0 16 0 3 0 0 0 0 0 0 0 0 0 0 0 0 0 0
0 0 0 0 0 0 0 0 0 0 0 0 0 0 0 0 0 0 0 0 0 0 0 0 0 0 0 0 0 0 0 0 0 0 0 0 0 0 0 0 0 0 0 0 0 0 0 0 0 0 0 0 0 0 0 0 0 0 0 0 0 0 0 0 0 0 0 0 0 0 0 0 0 0 0 0 0 0 0 0 0 0 0 0 0 0 0 0 0 0 0 0 0 0 0 0 0 0 0 0 0 0 0 0 0 0 0 0 0 0 0 0 0 0 0 0 0 0 0 0 0 0 0 0 0 0 0 0 0 0 0 0 0 0 0 0 0 0 0 0 0 0 0 0 0 0 0 0 0 0 0 0 0 0 0 0 0 0 0 0 0 0 0 0 0 0 0 0 0 0 0 0 0 0 0 0 0 0 0 0 0 0 0 0 0 0 0 0 0 0 0 0 0 0 0 0 0 0 0 0 0 0 0 0 0 0 0 0 0 0 0 0 0 0 0 0 0 0 0 0 0 0 0 0 0 2 0 4 6 0 6 0 0 0 33 108 161 253 255 216 151 2 0 7 0 0 12 0 0 0 0 0 0 0 0 5 0 6 2 0 10 108 224 250 208 90 80 61 188 166 24 10 16 0 0 1 0 0 0 0 4 0 2 4 0 9 0 21 138 255 248 91 20 38 204 255 249 255 185 0 0 11 14 0 0 0 0 0 1 2 2 3 0 10 0 131 255 170 15 41 159 255 199 75 0 244 178 14 0 0 0 0 0 0 0 0 0 2 0 2 4 10 21 246 243 165 169 255 204 125 7 8 117 255 107 1 7 0 0 0 0 0 0 0 0 2 0 0 4 0 14 232 255 250 246 125 0 8 0 0 209 215 105 2 0 0 8 0 0 0 0 0 5 0 4 0 0 0 0 106 90 0 0 6 29 0 0 5 210 255 3 6 1 15 0 0 0 0 0 0 5 0 9 0 0 9 0 0 1 9 6 0 1 0 8 20 212 191 0 8 0 0 0 14 0 0 0 0 0 0 0 0 0 0 0 0 0 1 3 3 0 0 2 57 255 121 0 5 1 0 3 3 0 0 0 0 0 0 0 0 0 0 0 0 4 0 0 3 4 11 0 66 250 123 0 0 0 0 0 0 0 0 0 0 0 0 0 0 0 0 0 0 4 0 5 0 0 4 1 137 247 128 0 0 3 2 0 0 0 0 0 0 0 0 0 0 0 0 0 0 4 0 9 0 0 0 0 184 246 127 2 0 2 8 0 4 0 0 0 0 0 0 0 0 0 0 0 0 7 0 0 0 8 4 0 165 251 121 2 0 0 6 0 4 0 0 0 0 0 0 0 0 0 0 0 0 0 0 1 0 7 2 0 168 255 112 7 2 0 6 0 5 0 0 0 0 0 0 0 0 0 0 0 0 0 5 3 0 0 0 11 161 255 91 3 11 0 6 0 5 0 0 0 0 0 0 0 0 0 0 0 0 0 5 0 2 7 0 0 102 242 65 0 10 0 1 0 0 0 0 0 0 0 0 0 0 0 0 0 0 0 3 1 0 6 0 0 159 255 6 4 0 1 5 0 0 0 0 0 0 0 0 0 0 0 0 0 0 0 2 0 0 6 0 0 161 200 0 3 0 1 0 2 0 0 0 0 0 0 0 0 0 0 0 0 0 0 1 0 0 6 0 0 163 121 0 1 0 1 0 5 0 0 0 0 0 0 0 0 0 0 0 0 0 0 1 0 0 6 0 2 166 61 0 0 0 2 0 7 0 0 0 0 0
0 0 0 0 0 0 0 0 3 0 2 9 0 0 0 4 2 0 5 7 0 0 0 10 0 0 0 0 0 0 0 0 0 0 0 0 3 1 0 0 0 9 5 0 10 4 1 0 0 8 4 0 0 0 0 0 0 0 0 0 0 0 0 0 0 0 3 12 11 0 0 9 0 5 0 0 2 0 0 0 0 0 0 0 0 0 0 0 0 0 0 0 0 10 0 0 0 7 2 0 0 5 0 2 6 0 0 3 0 0 0 0 0 0 0 0 0 0 0 0 0 0 8 11 9 1 0 6 11 7 0 0 3 2 4 4 0 0 0 0 0 0 0 0 0 0 0 0 13 0 0 0 0 0 0 0 0 0 10 2 0 6 3 0 0 0 0 0 0 0 0 0 0 0 0 0 5 0 0 16 85 201 230 159 63 0 12 8 0 5 0 0 0 0 0 0 0 0 0 0 0 0 0 0 4 0 84 219 254 249 255 248 232 35 0 0 1 17 0 7 0 0 0 0 0 0 0 0 0 0 0 0 7 14 192 243 234 190 203 243 247 117 0 5 0 1 5 0 0 0 0 0 0 0 0 0 0 0 0 0 0 117 255 223 76 0 11 160 250 154 1 0 0 0 1 6 0 0 0 0 0 0 0 0 0 0 0 0 0 151 249 124 5 15 0 128 255 197 6 0 5 0 0 7 0 0 0 0 0 0 0 0 0 0 0 0 2 255 249 98 2 71 182 242 254 202 1 0 8 0 0 0 0 0 0 0 0 0 0 0 0 0 0 0 8 201 247 249 234 225 255 255 250 192 4 0 2 0 8 0 0 0 0 0 0 0 0 0 0 0 0 0 0 99 255 245 249 255 225 220 255 218 53 0 0 0 11 0 0 0 0 0 0 0 0 0 0 0 0 0 10 0 36 109 106 16 8 47 227 251 120 1 3 0 2 0 0 0 0 0 0 0 0 0 0 0 0 0 0 4 5 0 1 7 0 0 167 254 154 0 9 0 0 7 0 0 0 0 0 0 0 0 0 0 0 0 1 5 0 6 0 5 0 8 174 251 171 0 5 3 7 0 0 0 0 0 0 0 0 0 0 0 0 0 0 4 0 2 0 0 0 0 174 247 141 2 2 0 3 1 0 0 0 0 0 0 0 0 0 0 0 0 0 3 5 0 0 0 7 17 231 250 74 0 1 0 4 0 0 0 0 0 0 0 0 0 0 0 0 0 0 0 4 0 0 4 6 107 255 229 17 0 4 3 2 0 0 0 0 0 0 0 0 0 0 0 0 0 0 0 0 0 0 1 0 196 249 175 0 9 4 0 0 1 0 0 0 0 0 0 0 0 0 0 0 0 0 0 0 4 0 0 33 237 255 118 0 0 0 0 0 4 0 0 0 0 0 0 0 0 0 0 0 0 0 2 0 4 5 0 128 247 237 49 1 0 0 7 2 0 0 0 0 0 0 0 0 0 0 0 0 0 0 6 0 0 8 0 221 252 161 0 18 2 1 5 0 0 0 0 0 0 0 0 0 0 0 0 0 0 0 7 1 0 1 0 255 244 63 23 0 0 5 0 0 2 0 0 0 0 0 0 0 0 0 0 0 0 3 0 0 0 6 28 228 222 25 5 0 1 6 0 0 0 0 0 0 0 0 0 0 0 0 0 0 0 7 0 13 0 0 0 20 0 0 0 0 1 2 0 0 0 0 0 0 0 0 0 0 0 0 0 0 0 0 0 5 6 10 15 11 0 0 0 0 0 0 0 2 1 0 0 0 0
0 0 0 0 0 0 0 0 10 0 0 0 6 0 6 10 8 2 0 0 0 0 0 9 0 0 0 0 0 0 0 0 0 0 0 0 0 0 11 6 18 0 0 0 0 0 0 5 11 7 0 0 0 0 0 0 0 0 0 0 0 0 0 0 0 0 2 0 0 0 8 9 6 8 6 0 0 0 1 3 0 0 0 0 0 0 0 0 0 0 0 0 11 3 0 0 7 4 0 0 0 0 1 0 0 2 4 2 0 0 0 0 0 0 0 0 0 0 0 0 0 0 2 8 0 0 0 14 13 7 0 0 2 7 1 0 0 0 0 0 0 0 0 0 0 0 0 0 11 4 0 5 3 8 0 0 0 0 0 0 0 0 0 4 0 0 0 0 0 0 0 0 0 0 0 0 0 10 35 100 151 188 140 88 16 2 0 6 8 0 0 1 0 0 0 0 0 0 0 0 0 0 0 0 38 158 248 255 239 253 253 255 251 144 33 0 0 4 0 0 0 0 0 0 0 4 5 0 11 0 0 125 255 255 245 243 232 232 251 248 255 251 164 21 5 1 0 13 0 0 0 0 3 0 0 6 0 0 119 234 252 251 122 0 11 2 0 78 208 255 238 165 0 4 0 0 0 0 0 0 0 0 4 0 0 113 254 255 253 65 8 5 0 11 2 11 91 247 255 253 110 17 0 0 0 0 0 0 2 0 7 0 39 241 255 231 129 2 0 0 0 7 17 0 17 173 249 252 249 3 0 7 0 0 0 0 6 0 0 0 136 255 240 229 0 4 13 10 5 1 2 2 16 58 247 255 255 34 9 0 0 0 0 0 0 6 0 11 230 247 248 224 14 0 0 0 0 0 0 7 0 1 229 255 240 166 13 0 0 0 0 0 0 6 0 12 207 255 255 218 4 9 2 0 11 16 0 0 0 80 226 254 255 218 6 4 0 0 0 0 10 0 0 5 110 245 251 246 166 17 0 11 0 2 0 2 72 206 255 247 255 132 3 0 0 0 0 0 0 0 1 0 29 171 255 246 249 223 165 78 55 76 109 191 210 249 255 255 247 39 8 0 0 0 0 0 9 0 3 4 0 19 123 189 250 255 245 244 255 255 246 252 255 255 255 240 255 18 0 0 0 0 0 0 0 0 0 10 2 0 9 15 89 163 189 214 207 166 172 180 153 234 254 251 251 7 0 7 0 0 0 0 0 8 8 0 0 5 0 0 0 9 12 18 14 0 0 5 44 223 249 255 177 10 0 9 0 0 0 0 0 5 0 0 0 0 0 18 15 1 0 0 3 12 0 0 89 255 249 252 119 5 0 0 0 0 0 0 3 0 0 0 14 6 0 0 0 0 18 4 0 7 0 12 90 252 255 252 157 0 5 0 0 0 0 0 0 8 8 0 0 0 2 4 4 0 0 0 0 4 0 0 13 213 255 255 229 4 0 2 0 0 0 0 6 0 0 5 5 2 2 0 0 7 0 9 1 0 9 0 0 226 254 251 255 21 0 1 0 0 0 0 0 0 0 0 0 0 0 0 0 0 0 0 0 0 0 0 0 242 232 255 210 3 0 7 0 0 0 0 0 0 0 0 0 0 0 0 0 0 0 0 0 0 0 0 0 121 239 138 0 0 9 0 0 0 0 0 0 0 0 0 0 0 0 0 0 0 0 0 0 0 0 0 14 0 14 11 0 10 0 0 0 0 0 0 0 0 0 0 0 0 0 0 0 0 0 0 0 0 0 0 0 12 0 0 16 0 0 12 0 0 0 0
0 0 0 0 0 0 0 0 0 0 2 5 0 0 3 0 3 2 0 1 4 0 0 11 0 0 0 0 0 0 0 0 0 0 0 0 12 0 0 0 0 0 0 0 0 0 4 6 4 0 0 0 0 0 0 0 0 0 0 0 0 0 0 0 0 0 0 1 10 5 0 5 4 0 0 0 0 0 7 3 0 0 0 0 0 0 0 0 0 0 0 0 0 9 5 0 1 4 0 0 3 0 7 12 2 1 2 0 0 0 0 0 0 0 0 0 0 0 0 0 1 5 2 0 0 0 5 13 0 0 0 3 3 0 0 4 0 0 0 0 0 0 0 0 0 0 0 0 4 0 0 10 0 0 0 0 12 13 3 1 7 0 0 0 0 0 0 0 0 0 0 0 0 0 0 0 7 0 0 7 0 6 19 0 0 11 0 0 3 11 0 5 0 0 0 0 0 0 0 0 0 0 0 0 2 0 8 1 13 105 160 115 246 243 135 17 0 2 0 5 0 0 0 0 2 0 3 0 0 0 0 0 2 0 14 134 238 246 255 254 253 255 255 24 0 8 0 7 0 0 0 0 0 0 3 0 4 13 4 5 17 81 240 255 255 225 185 107 85 110 237 88 0 0 1 0 0 0 0 0 2 3 2 0 0 0 0 11 185 255 248 255 110 28 11 0 7 0 242 255 21 0 28 0 0 0 0 0 0 0 0 1 1 2 6 93 245 255 197 78 18 0 0 7 0 100 241 244 13 0 2 0 0 0 0 0 5 0 0 7 0 0 19 179 253 204 36 0 10 5 8 0 117 238 251 250 30 14 2 4 0 0 0 0 3 0 0 9 0 0 32 241 255 55 7 15 0 5 4 192 255 255 252 255 15 0 0 0 0 0 0 0 0 0 0 10 8 21 56 255 198 35 25 46 113 128 197 255 252 255 255 176 4 9 8 16 0 0 0 0 0 11 0 0 0 0 12 217 248 255 249 251 255 249 255 245 125 97 245 156 7 1 0 0 0 0 0 0 0 0 2 3 0 0 12 29 216 255 237 251 255 241 192 54 0 56 255 164 0 1 5 0 0 0 0 0 0 0 2 3 0 0 1 11 46 142 184 190 115 22 13 0 1 56 252 198 0 8 0 0 0 0 0 0 0 0 1 3 0 0 0 0 8 0 0 1 6 0 7 8 4 53 254 217 7 3 0 1 0 0 0 0 0 0 0 2 4 2 0 0 0 0 8 4 1 3 0 0 5 54 255 205 4 0 3 0 0 0 0 0 1 0 0 0 2 5 4 2 1 0 2 0 0 17 11 5 0 61 252 197 0 0 4 0 0 0 0 0 2 3 0 0 0 1 1 0 0 2 14 7 0 0 0 0 0 53 232 218 33 4 0 3 0 0 0 0 0 4 3 0 0 0 0 0 5 0 0 0 6 2 6 8 0 18 228 245 135 12 0 3 0 0 0 0 0 3 6 1 0 2 2 0 0 6 0 3 0 0 4 0 6 0 239 255 234 6 0 1 0 0 0 0 0 0 0 0 0 0 0 0 0 0 0 0 0 0 0 0 0 9 218 238 143 2 0 0 0 0 0 0 0 0 0 0 0 0 0 0 0 0 0 0 0 0 0 0 0 9 237 255 92 0 8 0 0 0 0 0 0 0 0 0 0 0 0 0 0 0 0 0 0 0 0 0 7 0 136 184 20 0 13 0 0 0 0 0 0 0 0 0 0 0 0 0 0 0 0 0 0 0 0 0 10 0 6 31 0 7 0 4 0 0 0 0
0 0 0 0 0 0 0 0 3 0 0 3 0 0 1 0 0 1 0 0 0 6 6 0 0 0 0 0 0 0 0 0 0 0 0 0 2 1 0 0 0 0 0 1 0 2 7 5 0 0 0 2 0 0 0 0 0 0 0 0 0 0 0 0 0 1 2 1 4 1 0 4 0 0 1 4 0 0 0 7 0 0 0 0 0 0 0 0 0 0 0 0 0 8 1 0 0 0 0 0 4 0 0 0 0 3 3 1 0 0 0 0 0 0 0 0 0 0 0 0 3 5 0 0 2 10 9 8 0 6 5 0 0 6 3 0 0 0 0 0 0 0 0 0 0 0 0 0 0 0 3 4 0 0 0 0 0 0 2 2 0 0 1 0 0 0 0 0 0 0 0 0 0 0 0 0 3 0 7 5 0 0 22 4 19 0 0 1 6 0 0 5 0 0 0 0 0 0 0 0 0 0 0 0 8 0 4 11 8 84 176 192 97 31 0 2 17 2 0 1 0 0 0 0 0 1 9 0 6 7 0 7 0 10 119 237 248 246 255 250 255 92 0 82 252 101 4 2 0 0 0 0 2 2 0 0 0 0 21 0 64 169 255 255 245 255 140 172 235 233 112 223 255 136 0 0 0 0 0 0 0 0 1 12 3 0 0 18 181 255 255 201 153 80 0 1 83 246 255 255 250 37 9 0 0 0 0 0 4 0 11 0 12 6 10 189 255 254 159 10 2 9 7 0 19 215 255 243 161 16 6 0 0 0 0 0 4 0 7 0 2 1 39 255 234 208 3 0 3 0 9 10 107 242 255 237 38 0 0 16 0 0 0 0 0 0 0 7 0 0 94 234 255 91 6 7 7 0 43 157 255 247 248 162 19 0 3 0 0 0 0 0 2 6 0 4 0 8 138 255 246 102 8 0 10 51 234 252 241 255 255 177 0 7 2 12 0 0 0 0 0 3 1 0 3 0 61 241 255 213 103 159 238 240 241 137 171 245 255 182 0 6 0 0 0 0 0 0 1 2 0 0 4 0 21 105 252 253 244 255 255 240 76 0 158 255 249 122 5 0 14 2 0 0 0 0 0 4 0 0 13 0 0 18 86 145 160 175 165 101 0 20 208 253 241 76 11 1 8 0 0 0 0 0 0 10 0 0 7 5 0 0 0 8 5 0 0 0 0 26 249 255 241 35 5 0 0 1 0 0 0 0 0 11 2 0 0 4 4 9 0 0 2 11 6 5 16 14 254 255 196 7 0 0 0 7 0 0 0 0 0 2 4 3 2 0 0 0 4 7 0 0 8 0 0 114 246 249 113 0 0 10 0 0 0 0 0 0 4 0 0 1 4 0 0 0 0 0 0 7 13 0 8 141 250 255 73 12 0 3 1 0 0 0 0 0 8 0 0 0 0 3 7 3 15 0 2 0 0 11 11 137 255 249 55 19 0 0 0 1 0 0 0 0 0 3 13 7 0 0 5 0 0 0 3 0 0 2 0 240 255 212 17 0 0 8 5 0 0 0 0 0 0 0 0 0 0 0 0 0 4 0 13 1 0 0 14 199 249 225 31 0 1 0 0 1 0 0 0 0 0 0 0 0 0 0 0 0 5 0 5 0 7 10 0 59 255 223 35 0 0 8 4 8 0 0 0 0 0 0 0 0 0 0 0 0 0 3 5 0 0 8 0 0 185 142 24 0 0 9 0 0 0 0 0 0 0 0 0 0 0 0 0 0 0 0 0 3 0 0 8 14 10 7 0 0 0 19 5 14 0 0 0 0
0 0 0 0 0 0 0 0 4 0 0 0 0 3 0 7 5 0 2 10 2 0 0 0 0 0 0 0 0 0 0 0 0 0 0 0 0 11 19 0 0 0 0 0 0 0 0 0 0 8 7 0 0 0 0 0 0 0 0 0 0 0 0 0 4 0 0 2 12 6 2 3 0 11 11 1 3 4 0 0 0 0 0 0 0 0 0 0 0 0 0 0 1 16 7 0 0 2 9 0 0 0 0 0 3 0 0 9 0 0 0 0 0 0 0 0 0 0 0 0 4 5 0 0 1 0 6 1 13 6 0 0 0 4 0 0 0 0 0 0 0 0 0 0 0 0 0 0 0 2 0 11 10 0 6 0 0 0 12 7 0 3 7 0 0 0 0 0 0 0 0 0 0 0 0 0 0 7 0 52 178 255 228 105 22 0 0 8 0 0 10 5 0 0 0 0 0 0 0 0 0 0 0 0 2 0 28 178 255 250 254 247 204 52 0 12 3 0 1 1 0 0 0 0 0 0 0 0 0 0 0 0 11 0 152 252 228 123 217 254 254 190 0 1 2 0 2 0 0 0 0 0 0 0 0 0 0 0 0 0 0 21 241 255 99 2 111 248 255 229 41 3 0 5 5 0 0 0 0 0 0 0 0 0 0 0 0 0 1 91 255 214 2 16 143 255 255 255 100 3 0 8 1 0 0 0 0 0 0 0 0 0 0 0 0 0 7 103 251 168 13 0 183 250 248 255 148 0 3 0 0 5 0 0 0 0 0 0 0 0 0 0 0 0 6 142 255 163 0 4 187 255 247 255 181 0 11 0 4 0 0 0 0 0 0 0 0 0 0 0 0 0 0 98 246 185 11 15 119 250 255 255 169 0 9 2 13 0 0 0 0 0 0 0 0 0 0 0 0 0 3 13 217 255 214 58 118 255 255 224 89 0 1 4 5 0 0 0 0 0 0 0 0 0 0 0 0 0 0 1 37 218 255 255 226 254 254 169 1 0 0 0 0 13 0 0 0 0 0 0 0 0 0 0 0 0 0 0 16 22 108 219 236 251 245 38 1 2 0 8 0 3 0 0 0 0 0 0 0 0 0 0 0 0 3 0 2 0 13 0 17 185 252 148 2 0 9 0 0 0 0 0 0 0 0 0 0 0 0 0 0 0 0 4 0 0 9 0 0 109 255 211 2 0 9 0 3 0 0 0 0 0 0 0 0 0 0 0 0 0 2 0 4 11 5 1 0 30 255 190 1 6 0 0 0 2 0 0 0 0 0 0 0 0 0 0 0 0 3 0 10 6 0 0 5 15 246 195 0 6 0 0 0 1 0 0 0 0 0 0 0 0 0 0 0 0 1 13 0 0 8 6 3 35 240 235 0 0 6 0 2 0 0 0 0 0 0 0 0 0 0 0 0 0 4 0 0 6 14 0 11 99 248 203 0 0 2 0 0 0 0 0 0 0 0 0 0 0 0 0 0 0 0 3 14 26 51 135 226 242 255 119 7 9 0 9 0 4 0 0 0 0 0 0 0 0 0 0 0 0 0 132 223 255 251 239 255 233 137 16 0 7 2 0 7 0 0 0 0 0 0 0 0 0 0 0 0 0 3 246 255 222 255 189 61 16 19 0 5 15 0 0 8 0 0 0 0 0 0 0 0 0 0 0 0 0 0 9 0 11 7 0 0 0 0 0 6 2 0 0 7 0 0 0 0 0 0 0 0 0 0 0 0 0 12 0 0 11 0 0 20 0 13 1 0 0 5 3 0 0 0 0 0 0
0 0 0 0 0 0 0 0 1 2 2 3 2 2 0 0 0 9 0 0 11 0 3 3 0 0 0 0 0 0 0 0 0 0 0 0 6 0 0 0 1 4 0 0 0 0 4 2 14 0 0 5 0 0 0 0 0 0 0 0 0 0 0 0 0 3 9 6 0 0 0 9 14 0 1 0 4 1 2 0 0 0 0 0 0 0 0 0 0 0 0 0 8 0 0 0 0 2 1 0 2 0 3 0 0 8 8 0 0 0 0 0 0 0 0 0 0 0 0 0 0 0 4 9 9 4 0 0 13 0 2 11 0 0 1 4 0 0 0 0 0 0 0 0 0 0 0 0 3 0 0 2 37 83 126 152 140 60 0 9 9 0 0 6 0 0 0 0 0 0 0 0 0 0 0 0 0 5 48 127 211 255 255 235 255 152 0 0 8 0 5 0 0 0 0 0 0 0 0 0 0 0 0 0 87 145 217 255 255 253 253 255 253 200 30 2 0 0 12 0 0 0 0 0 0 0 7 0 0 0 0 6 132 255 240 166 12 20 136 239 255 234 103 8 0 7 0 0 0 0 0 0 4 0 0 0 14 8 0 31 234 255 98 4 17 0 214 255 255 255 187 0 11 0 10 5 0 0 0 0 8 4 0 0 0 0 16 121 251 255 73 1 0 128 250 255 241 252 108 0 0 13 1 0 0 0 0 0 0 2 4 3 7 0 76 247 253 255 66 14 237 231 255 240 252 253 57 0 3 0 0 4 0 0 0 0 0 0 0 0 9 7 92 255 254 255 91 97 248 255 241 255 255 255 18 2 4 0 0 4 0 0 0 0 2 4 1 0 0 0 89 249 255 230 255 255 253 255 255 255 248 255 38 0 0 14 10 0 0 0 0 0 0 0 7 0 0 13 79 189 247 255 255 250 135 9 137 255 254 255 181 0 6 0 10 0 0 0 0 0 4 0 1 0 2 0 0 19 74 79 64 90 0 1 140 246 252 247 190 18 0 14 0 1 0 0 0 0 0 0 0 0 0 0 0 0 0 5 0 1 0 3 133 248 255 254 253 102 0 2 6 0 0 0 0 0 0 0 0 0 0 0 0 0 3 0 12 10 5 0 125 251 255 255 253 88 0 0 0 4 0 0 0 0 0 0 0 0 0 0 0 0 0 4 0 0 4 0 136 255 253 169 113 5 27 11 0 3 0 0 0 0 0 0 0 0 0 0 0 0 12 0 0 22 0 28 241 255 255 255 201 0 0 0 0 5 0 0 0 0 0 0 0 0 0 0 0 0 0 8 0 0 3 10 130 234 250 249 194 0 0 15 8 0 0 0 0 0 0 0 0 0 0 0 0 0 9 1 13 4 0 0 72 237 255 253 229 65 18 0 0 14 0 0 0 0 0 0 0 0 0 0 0 0 0 4 0 0 7 14 112 255 243 255 255 84 0 0 2 0 0 0 0 0 0 0 0 0 0 0 0 0 2 3 0 12 0 5 193 200 255 250 246 103 2 4 6 0 0 0 0 0 0 0 0 0 0 0 0 0 0 1 2 0 0 1 9 16 202 255 203 51 0 3 0 0 0 0 0 0 0 0 0 0 0 0 0 0 0 1 2 0 0 0 4 9 0 8 0 0 5 0 0 19 0 0 0 0 0 0 0 0 0 0 0 0 0 1 2 0 0 0 0 1 9 6 0 5 17 4 0 0 0 0 0 0 0 0 0 0 0 0 0 0 0 0 1 0 0 0 0 0 0 0 0 0 0 3 12 3 0 0 0 0
0 0 0 0 0 0 0 0 0 1 7 4 0 0 0 0 1 0 9 0 1 0 6 8 0 0 0 0 0 0 0 0 0 0 0 0 7 0 0 0 0 1 3 6 0 0 0 0 10 8 1 0 0 0 0 0 0 0 0 0 0 0 0 0 4 0 0 3 6 0 0 0 0 2 7 6 0 0 1 10 0 0 0 0 0 0 0 0 0 0 0 0 0 0 4 5 1 0 0 1 10 4 5 0 2 0 0 0 0 0 0 0 0 0 0 0 0 0 0 0 0 5 3 0 0 4 10 7 0 0 7 0 13 0 9 3 0 0 0 0 0 0 0 0 0 0 0 0 1 2 0 0 0 4 0 0 14 4 7 0 4 0 2 0 0 0 0 0 0 0 0 0 0 0 0 0 0 0 0 7 4 0 0 13 0 0 0 6 0 13 0 0 0 0 0 0 0 0 0 0 0 0 0 0 5 0 0 7 0 0 37 100 171 253 255 242 73 11 0 17 0 0 0 0 0 4 0 2 0 0 8 0 0 0 0 47 82 189 226 240 255 255 234 255 133 3 13 0 0 0 0 0 0 5 1 1 0 0 0 12 13 5 75 216 244 255 242 224 209 179 198 255 232 122 0 2 0 0 0 0 0 9 6 0 7 7 0 0 50 176 247 250 255 124 107 0 2 15 182 237 255 255 79 3 0 0 0 0 1 1 2 0 13 0 6 65 253 255 255 190 7 0 0 10 1 0 183 250 241 212 42 2 0 0 0 0 11 0 0 1 5 0 80 223 247 196 47 30 0 21 0 4 34 111 234 255 254 152 5 0 0 0 0 0 0 0 10 0 0 26 181 255 162 0 15 2 0 0 27 117 219 243 254 225 141 10 0 18 0 0 0 0 0 3 13 0 0 73 248 241 0 12 18 61 71 150 202 255 244 255 247 109 8 0 19 0 0 0 0 0 9 0 1 7 3 65 255 254 255 239 251 255 246 255 255 253 255 239 160 6 0 6 0 1 0 0 0 0 0 19 0 0 2 16 181 255 239 255 251 250 185 129 53 255 254 181 12 12 0 1 3 0 0 0 0 0 0 10 0 2 8 0 60 77 94 63 62 81 7 0 168 241 249 98 0 0 2 0 0 0 0 0 0 0 4 0 0 0 8 0 0 0 0 5 0 0 0 42 218 248 195 16 0 0 4 0 4 0 0 0 0 0 5 0 0 0 2 2 3 10 8 0 15 1 12 209 255 244 88 0 16 0 0 2 8 0 0 0 0 0 0 0 7 4 0 2 0 3 3 0 0 0 84 255 228 115 4 0 10 0 0 0 0 0 0 0 0 0 2 0 0 3 0 5 0 0 0 16 0 27 232 237 218 0 0 13 0 4 7 0 0 6 0 0 0 0 2 5 0 2 0 7 4 6 12 0 6 128 255 242 226 0 0 13 0 4 10 1 0 9 0 0 0 0 0 13 0 11 0 0 0 0 0 0 3 154 249 255 67 6 0 2 4 0 0 0 0 0 0 0 0 0 0 0 0 0 0 0 0 0 0 7 10 140 242 192 7 0 0 0 0 0 0 0 0 0 0 0 0 0 0 0 0 0 0 0 0 0 4 0 0 150 255 85 4 1 0 0 0 0 0 0 0 0 0 0 0 0 0 0 0 0 0 0 0 0 5 0 0 159 239 30 0 0 0 0 0 0 0 0 0 0 0 0 0 0 0 0 0 0 0 0 0 0 0 17 0 0 0 10 1 0 0 0 0 0 0 0 0 0 0 0 0 0
0 0 0 0 0 0 0 0 0 0 5 5 3 3 3 1 4 1 0 1 0 0 5 0 0 0 0 0 0 0 0 0 0 0 0 0 15 2 0 0 0 0 0 0 1 0 6 8 2 0 0 15 0 0 0 0 0 0 0 0 0 0 0 0 4 0 0 2 9 6 4 6 4 0 4 0 1 3 0 4 0 0 0 0 0 0 0 0 0 0 0 0 0 0 1 2 0 0 0 0 0 5 0 0 2 10 3 1 0 0 0 0 0 0 0 0 0 0 0 0 0 6 5 0 0 2 6 2 0 12 0 2 0 0 0 0 0 0 0 0 0 0 0 0 0 0 0 0 0 0 0 0 4 11 5 0 8 0 0 12 12 2 13 8 0 0 0 0 0 0 0 0 0 0 0 0 0 0 0 2 0 0 0 10 10 0 25 8 0 0 0 0 0 0 0 0 0 0 0 0 0 0 0 0 4 0 0 10 1 5 63 135 154 159 241 121 0 19 0 6 0 0 0 0 0 0 0 0 0 0 0 0 0 12 0 0 63 195 246 255 247 250 255 245 81 0 0 12 0 0 0 0 0 0 0 0 0 0 0 0 6 0 36 134 231 255 255 223 209 118 111 212 195 9 0 0 0 0 0 0 0 0 0 0 0 0 0 0 0 14 153 255 255 164 84 1 0 4 0 212 89 3 2 12 0 0 0 0 0 0 0 0 0 0 0 0 0 137 255 224 83 16 7 2 2 0 96 255 211 0 16 0 0 0 0 0 0 0 0 0 0 0 0 0 20 199 246 103 0 0 11 0 23 149 255 255 186 0 0 13 0 0 0 0 0 0 0 0 0 0 0 0 0 180 255 125 85 86 162 187 242 255 240 229 16 0 0 2 0 0 0 0 0 0 0 0 0 0 0 0 13 128 250 235 255 240 255 255 231 255 190 0 24 0 11 0 0 0 0 0 0 0 0 0 0 0 0 0 0 0 47 121 187 186 187 179 255 225 109 10 0 0 14 0 0 0 0 0 0 0 0 0 0 0 0 0 5 0 9 8 0 0 12 139 255 223 7 0 7 0 0 0 0 0 0 0 0 0 0 0 0 0 0 0 5 8 0 0 0 2 86 255 244 79 0 0 0 1 0 6 0 0 0 0 0 0 0 0 0 0 0 0 0 11 0 13 0 0 206 249 201 0 0 2 5 0 0 5 0 0 0 0 0 0 0 0 0 0 0 0 5 0 0 9 1 94 255 241 107 9 0 0 23 0 1 0 0 0 0 0 0 0 0 0 0 0 0 0 9 0 0 0 47 227 235 185 17 18 0 0 12 0 6 1 0 0 0 0 0 0 0 0 0 0 0 0 0 4 9 0 131 255 242 42 0 0 1 10 0 1 0 3 0 0 0 0 0 0 0 0 0 0 0 0 0 7 5 16 201 241 245 0 7 0 4 15 0 0 0 1 0 0 0 0 0 0 0 0 0 0 0 0 10 0 0 86 249 251 70 0 0 11 0 0 9 0 8 1 0 0 0 0 0 0 0 0 0 0 0 0 0 0 18 73 244 236 15 1 0 0 0 0 0 0 0 0 0 0 0 0 0 0 0 0 0 0 0 0 6 0 0 86 252 107 6 0 0 0 0 0 0 0 0 0 0 0 0 0 0 0 0 0 0 0 0 0 0 0 9 106 220 31 0 0 0 0 0 0 0 0 0 0 0 0 0 0 0 0 0 0 0 0 0 0 7 3 0 0 13 0 0 16 0 0 0 0 0 0 0 0 0 0 0 0
0 0 0 0 0 0 0 0 0 0 10 0 11 0 3 0 6 0 0 0 0 0 0 7 0 0 0 0 0 0 0 0 0 0 0 0 10 0 0 0 0 0 0 9 0 0 0 6 12 8 0 0 0 0 0 0 0 0 0 0 0 0 0 0 0 6 8 2 0 9 4 0 5 7 5 0 0 0 0 2 0 0 0 0 0 0 0 0 0 0 0 0 0 0 1 0 0 0 5 0 0 0 0 0 0 0 2 0 0 0 0 0 0 0 0 0 0 0 0 0 13 0 8 0 16 0 0 0 15 9 1 0 4 9 3 0 0 0 0 0 0 0 0 0 0 0 0 0 0 0 5 0 5 3 14 5 0 0 0 1 0 0 0 5 0 0 0 0 0 0 0 0 0 0 0 0 2 8 0 7 0 2 0 0 15 1 0 5 7 0 0 0 0 0 0 0 0 0 0 0 0 0 0 0 0 11 73 251 255 251 206 255 253 147 35 0 0 6 2 0 0 0 0 0 0 6 0 0 11 0 13 0 0 134 247 244 255 255 255 250 255 246 121 12 0 3 0 0 0 0 0 0 6 0 0 6 5 9 0 0 169 238 255 255 245 244 237 252 254 244 215 0 0 0 0 6 0 0 0 0 3 0 7 2 0 6 0 122 251 243 255 234 237 144 115 110 181 255 255 197 12 7 0 0 0 0 0 0 0 5 6 0 1 0 14 251 255 255 230 97 53 0 0 0 86 249 255 173 0 2 6 1 0 0 0 0 0 0 0 0 18 0 62 255 251 172 29 0 0 19 0 25 255 229 255 185 0 0 0 2 0 0 0 0 3 0 5 0 1 1 122 239 255 158 18 10 1 37 67 160 234 255 241 184 0 33 0 0 0 0 0 0 0 2 4 1 0 0 114 255 252 245 206 167 209 244 254 242 255 255 236 213 1 0 12 0 0 0 0 0 0 16 0 0 13 0 48 255 249 255 246 255 255 255 241 255 254 251 255 179 0 11 0 1 0 0 0 0 0 8 7 0 3 0 8 250 255 255 241 255 248 255 249 255 248 255 247 169 6 0 0 0 0 0 0 0 4 0 0 0 4 2 0 124 153 227 255 251 254 255 201 105 253 255 241 75 0 0 21 0 0 0 0 0 8 0 0 3 0 6 0 11 1 28 109 143 110 6 0 31 252 254 229 19 5 0 5 0 0 0 0 0 0 0 0 5 0 0 1 0 4 0 0 0 6 11 7 0 170 244 223 0 0 7 0 0 0 0 0 0 0 9 0 0 5 0 5 7 4 1 0 5 0 0 0 11 165 251 225 14 9 1 0 9 0 0 0 0 0 6 0 0 12 0 0 5 0 3 0 13 0 6 0 0 156 255 228 23 5 0 0 6 0 0 0 0 2 0 5 0 7 0 0 0 6 0 0 3 1 0 0 10 52 253 235 49 0 13 22 0 0 0 0 0 2 0 17 0 0 0 12 0 0 0 9 0 2 0 4 0 63 255 245 193 25 5 0 11 0 0 0 0 0 0 0 0 0 0 0 0 0 0 0 0 0 0 0 0 24 245 230 253 183 0 0 1 0 0 0 0 0 0 0 0 0 0 0 0 0 0 0 0 0 0 0 0 0 199 255 255 227 5 14 0 0 0 0 0 0 0 0 0 0 0 0 0 0 0 0 0 0 0 0 0 7 63 145 235 254 2 0 9 0 0 0 0 0 0 0 0 0 0 0 0 0 0 0 0 0 0 0 0 0 19 0 0 12 0 11 0 0 0 0 0
0 0 0 0 0 0 0 0 2 1 1 1 1 1 0 0 0 3 1 2 5 0 0 5 0 0 0 0 0 0 0 0 0 0 0 0 6 4 1 0 0 0 0 2 0 0 0 0 0 0 0 0 0 0 0 0 0 0 0 0 0 0 0 0 0 0 1 2 2 2 3 4 0 0 3 7 5 7 4 0 0 0 0 0 0 0 0 0 0 0 0 0 0 0 0 0 0 0 0 0 4 0 0 0 0 0 8 2 0 0 0 0 0 0 0 0 0 0 0 0 2 0 0 0 3 7 9 10 0 0 3 7 1 0 0 0 0 0 0 0 0 0 0 0 0 0 0 0 0 0 4 5 1 0 0 0 4 2 0 0 1 0 0 13 0 0 0 0 0 0 0 0 0 0 0 0 0 5 6 0 0 0 27 51 235 209 148 107 84 22 0 0 0 0 0 0 0 0 0 0 0 0 0 0 0 1 0 0 20 91 192 255 245 255 251 255 249 136 19 0 0 0 0 0 0 10 0 5 6 7 0 5 6 0 25 0 204 255 245 255 255 234 206 183 255 247 187 32 0 2 7 0 10 12 0 0 0 3 0 0 0 22 70 184 255 244 255 244 145 37 7 0 39 94 200 194 54 0 4 6 0 0 6 9 4 20 0 11 0 112 222 255 252 255 209 42 7 0 5 4 0 21 14 232 171 6 2 11 6 0 1 0 0 0 0 75 206 253 255 241 255 147 26 10 0 0 14 0 14 0 0 17 142 0 0 9 0 0 0 2 8 2 13 171 189 244 254 242 183 57 12 0 9 58 113 4 0 12 17 3 14 0 0 12 0 5 1 0 0 0 27 166 255 253 239 179 9 0 5 20 159 254 255 255 66 0 9 0 0 16 0 0 0 0 0 0 0 96 200 255 250 242 122 5 0 21 48 156 255 255 251 253 255 76 0 11 2 9 0 0 0 0 4 5 0 141 255 246 253 173 8 3 110 125 246 255 255 250 252 255 247 70 10 0 6 0 2 3 14 0 6 2 0 140 255 239 254 146 207 96 245 220 255 250 253 255 239 255 206 21 11 0 0 0 0 0 0 4 16 0 0 100 232 255 255 255 233 255 255 250 238 188 194 255 249 244 124 0 0 9 0 0 0 0 0 7 1 0 0 18 112 239 246 255 245 255 222 134 82 5 142 255 250 246 100 16 0 2 0 0 0 0 5 0 0 3 13 0 7 111 182 144 116 50 27 0 0 0 102 247 255 255 61 10 0 4 0 0 0 0 0 3 0 0 3 2 0 8 8 0 11 5 0 18 0 8 163 255 255 222 16 0 0 0 0 0 0 0 2 0 1 0 0 6 10 0 0 0 0 9 0 11 0 2 213 255 243 148 7 4 9 0 0 0 0 0 11 0 0 8 0 0 0 4 9 11 0 0 3 0 7 0 137 251 253 74 0 0 1 3 0 0 0 0 0 0 4 3 1 2 2 0 0 0 0 2 2 5 1 2 97 248 244 10 7 3 5 0 0 0 0 0 0 0 0 0 0 0 0 0 0 0 0 0 0 0 0 0 10 177 255 9 0 6 2 0 0 0 0 0 0 0 0 0 0 0 0 0 0 0 0 0 0 0 0 0 3 77 146 6 0 0 0 4 0 0 0 0 0 0 0 0 0 0 0 0 0 0 0 0 0 0 0 0 1 0 33 3 1 0 6 0 0 0 0 0 0 0 0 0 0 0 0 0 0 0 0 0 0 0 0 0 2 0 0 0 0 2 13 0 0 0 0 0
0 0 0 0 0 0 0 0 0 0 0 0 1 5 4 0 3 7 2 5 0 11 7 0 0 0 0 0 0 0 0 0 0 0 0 0 0 6 4 0 0 3 5 0 0 0 0 12 10 0 0 13 0 0 0 0 0 0 0 0 0 0 0 0 1 1 5 7 0 0 0 11 13 18 0 0 3 7 0 0 0 0 0 0 0 0 0 0 0 0 0 0 7 0 0 0 8 4 0 0 0 0 0 8 2 0 0 1 0 0 0 0 0 0 0 0 0 0 0 0 0 11 14 1 0 6 9 4 11 4 0 13 0 15 7 0 0 0 0 0 0 0 0 0 0 0 0 0 2 0 0 3 7 0 0 0 0 0 0 12 0 0 0 4 0 0 0 0 0 0 0 0 0 0 0 0 0 14 67 143 211 248 255 255 226 133 30 0 17 0 0 8 0 0 0 0 0 0 0 0 0 0 0 0 9 163 249 168 54 22 29 23 73 221 218 8 0 0 15 0 0 0 0 0 1 5 0 0 3 0 0 11 220 196 42 4 0 8 3 0 0 19 216 140 1 5 0 4 0 0 0 0 0 0 0 8 4 11 0 167 221 31 13 14 0 0 9 0 6 4 75 245 43 35 0 4 0 0 0 0 2 0 0 7 0 0 16 233 87 0 0 0 2 13 0 11 10 0 79 254 236 101 0 10 0 0 0 0 0 0 1 4 0 9 114 244 49 7 3 6 0 10 11 0 0 10 50 255 222 18 14 0 0 0 0 0 1 0 0 4 0 13 126 255 98 0 1 0 20 0 9 5 28 195 248 247 76 3 0 0 0 0 0 0 5 0 0 6 0 1 41 255 169 18 0 0 0 26 81 185 196 126 255 164 0 11 0 7 0 0 0 0 0 0 0 10 2 10 14 211 243 79 35 101 100 181 137 68 2 146 238 121 14 3 0 3 0 0 0 0 3 4 1 0 0 0 7 43 196 255 223 172 105 18 0 0 3 231 245 4 0 0 0 2 0 0 0 0 0 0 0 0 0 0 0 0 0 0 0 0 0 0 0 1 10 244 183 0 2 0 2 0 0 0 0 0 0 0 0 0 0 0 0 0 0 0 0 0 0 0 0 0 44 251 173 4 14 3 9 2 0 0 0 0 0 0 0 0 0 0 0 0 0 0 0 0 0 0 0 0 94 250 135 0 3 0 0 0 0 0 0 0 0 0 0 0 0 0 0 0 0 0 1 1 1 0 0 0 172 255 111 0 9 2 7 5 0 0 0 0 0 0 0 0 0 0 0 0 0 0 1 1 1 0 0 0 194 247 61 0 0 0 0 0 0 0 0 0 0 0 0 0 0 0 0 0 0 0 0 0 0 1 2 3 207 235 36 0 8 7 9 3 0 0 0 0 0 0 0 0 0 0 0 0 1 0 0 0 0 1 5 7 217 226 13 0 0 0 0 0 0 0 0 0 0 0 0 0 0 0 0 0 1 0 0 0 0 2 6 9 255 255 26 8 0 0 6 1 0 0 0 0 0 0 0 0 0 0 0 0 0 0 0 0 0 2 5 8 248 255 96 0 12 5 0 0 0 0 0 0 0 0 0 0 0 0 0 0 0 0 0 0 0 2 4 6 221 224 88 0 2 0 0 2 0 0 0 0 0 0 0 0 0 0 0 0 1 0 0 0 0 1 2 4 0 21 0 0 5 3 8 5 0 0 0 0 0 0 0 0 0 0 0 0 2 1 0 0 0 0 0 1 0 13 3 8 10 0 2 0 0 0 0 0
0 0 0 0 0 0 0 0 5 6 0 0 1 0 0 0 0 1 8 4 0 0 2 0 0 0 0 0 0 0 0 0 0 0 0 0 0 0 0 1 13 11 1 0 11 0 0 0 0 0 1 4 0 0 0 0 0 0 0 0 0 0 0 0 5 7 4 0 0 0 0 2 0 6 11 4 4 3 0 0 0 0 0 0 0 0 0 0 0 0 0 0 0 0 5 8 2 1 6 6 0 9 8 0 0 0 0 7 0 0 0 0 0 0 0 0 0 0 0 0 16 0 0 0 0 1 5 0 6 0 0 0 10 2 0 0 0 0 0 0 0 0 0 0 0 0 0 0 0 0 7 11 0 0 4 0 1 12 18 0 0 0 12 0 0 0 0 0 0 0 0 0 0 0 0 0 9 0 0 5 13 70 145 175 231 234 221 134 18 0 7 0 0 0 0 0 0 0 0 0 0 0 0 0 0 0 40 118 182 243 255 241 255 239 255 255 119 6 0 4 0 0 0 0 0 0 0 0 0 0 0 0 0 5 205 251 253 255 216 103 38 56 255 249 132 2 0 0 0 0 0 0 0 0 0 0 0 0 0 0 6 122 244 255 177 58 13 0 2 117 239 201 12 25 0 9 0 0 0 0 0 0 0 0 0 0 0 0 13 236 236 233 35 3 0 17 0 142 255 88 0 0 12 0 0 0 0 0 0 0 0 0 0 0 0 0 8 255 255 244 31 44 0 0 102 239 245 100 0 14 0 3 0 0 0 0 0 0 0 0 0 0 0 0 24 166 251 247 252 230 139 167 238 255 212 40 9 0 2 3 0 0 0 0 0 0 0 0 0 0 0 0 0 0 196 255 248 250 249 248 255 239 98 10 0 4 0 0 0 0 0 0 0 0 0 0 0 0 0 0 8 8 0 34 127 165 180 253 247 179 21 10 0 19 0 4 0 0 0 0 0 0 0 0 0 0 0 0 0 0 0 5 9 0 159 251 253 128 0 0 11 0 0 2 0 0 0 0 0 0 0 0 0 0 0 0 8 0 0 0 0 37 232 255 182 25 0 6 2 0 0 2 0 0 0 0 0 0 0 0 0 0 0 0 0 11 0 14 19 201 247 209 37 0 7 14 0 0 0 0 0 0 0 0 0 0 0 0 0 0 0 0 0 0 22 0 137 255 255 94 0 0 7 0 0 6 5 0 0 0 0 0 0 0 0 0 0 0 0 0 10 0 12 40 239 248 199 1 13 4 0 0 0 6 2 2 0 0 0 0 0 0 0 0 0 0 0 0 0 0 0 197 242 255 82 0 0 5 0 0 5 0 0 5 0 0 0 0 0 0 0 0 0 0 0 0 0 3 104 255 243 213 5 3 0 6 0 0 2 0 1 0 0 0 0 0 0 0 0 0 0 0 0 0 3 9 233 251 254 95 0 0 0 9 0 0 0 1 10 0 0 0 0 0 0 0 0 0 0 0 0 0 2 43 255 249 226 23 4 4 0 0 0 10 4 0 8 1 0 0 0 0 0 0 0 0 0 0 0 0 3 153 255 253 46 6 0 4 0 0 0 0 0 0 0 0 0 0 0 0 0 0 0 0 0 0 0 0 6 146 248 226 42 0 0 5 0 0 0 0 0 0 0 0 0 0 0 0 0 0 0 0 0 0 0 0 0 4 3 8 0 17 12 0 0 0 0 0 0 0 0 0 0 0 0 0 0 0 0 0 0 0 0 0 1 8 1 0 0 0 1 7 0 0 0 0 0 0 0 0 0 0 0 0
0 0 0 0 0 0 0 0 1 6 5 0 0 0 2 0 0 12 0 0 1 0 1 0 0 0 0 0 0 0 0 0 0 0 0 0 0 0 0 8 11 3 0 0 0 3 0 0 5 6 0 0 0 0 0 0 0 0 0 0 0 0 0 0 9 1 0 0 0 0 0 0 4 7 6 0 0 0 0 5 0 0 0 0 0 0 0 0 0 0 0 0 0 6 9 0 0 10 7 0 0 0 5 0 4 5 0 0 0 0 0 0 0 0 0 0 0 0 0 0 0 4 5 0 0 0 0 0 19 10 0 0 4 7 0 1 0 0 0 0 0 0 0 0 0 0 0 0 0 0 0 2 3 0 3 17 0 0 0 0 3 0 1 5 0 0 0 0 0 0 0 0 0 0 0 0 4 6 2 0 0 4 0 0 1 19 0 9 16 0 4 0 0 0 0 0 0 0 0 0 0 0 0 0 0 12 3 0 60 185 255 255 255 188 26 0 0 0 23 0 0 0 0 0 0 0 0 0 0 0 0 0 0 0 5 65 233 223 88 27 34 242 118 6 0 10 0 0 0 0 0 0 0 0 0 0 0 0 0 0 0 6 0 198 215 28 0 0 18 184 213 77 134 3 0 14 0 0 0 0 0 0 0 0 0 0 0 0 14 0 89 251 45 2 17 0 0 223 234 247 195 5 2 0 0 0 0 0 0 0 0 0 0 0 0 0 0 35 233 194 0 18 0 0 86 242 255 249 93 12 0 9 0 0 0 0 0 0 0 0 0 0 0 0 6 107 254 64 4 0 7 18 192 255 255 200 0 6 0 14 0 0 0 0 0 0 0 0 0 0 0 0 5 140 208 42 0 0 10 63 245 255 240 159 5 0 8 0 0 0 0 0 0 0 0 0 0 0 0 0 15 218 170 7 0 16 18 221 255 236 244 28 13 0 7 7 0 0 0 0 0 0 0 0 0 0 0 0 5 250 185 0 60 181 244 231 159 248 147 2 0 2 6 0 0 0 0 0 0 0 0 0 0 0 0 0 8 127 243 253 255 211 119 43 221 231 24 1 0 7 0 1 0 0 0 0 0 0 0 0 0 0 0 0 0 6 109 124 69 37 11 118 244 124 3 11 0 0 7 0 0 0 0 0 0 0 0 0 0 0 0 0 3 2 4 0 9 0 29 240 195 23 0 4 2 0 5 1 0 0 0 0 0 0 0 0 0 0 0 0 0 0 12 0 0 6 193 255 75 0 4 0 10 0 0 7 0 0 0 0 0 0 0 0 0 0 0 0 0 0 3 11 0 70 255 157 0 4 6 0 8 3 0 6 0 0 0 0 0 0 0 0 0 0 0 0 3 9 0 0 9 197 218 49 0 1 0 4 0 0 4 0 0 0 0 0 0 0 0 0 0 0 0 0 0 0 19 4 20 238 178 0 13 0 0 4 0 0 2 0 0 0 0 0 0 0 0 0 0 0 0 0 6 1 0 6 143 252 99 0 0 0 12 0 9 0 0 7 0 0 0 0 0 0 0 0 0 0 0 0 0 1 13 19 250 228 11 0 0 0 0 0 0 0 0 0 0 0 0 0 0 0 0 0 0 0 0 0 6 13 0 134 255 156 0 14 0 0 0 0 0 0 0 0 0 0 0 0 0 0 0 0 0 0 0 0 0 0 14 81 234 27 11 0 0 0 0 0 0 0 0 0 0 0 0 0 0 0 0 0 0 0 0 0 7 15 0 0 6 8 0 6 0 0 0 0 0 0 0 0 0 0 0 0
0 0 0 0 0 0 0 0 3 0 0 0 5 6 0 0 0 0 0 0 0 0 0 4 0 0 0 0 0 0 0 0 0 0 0 0 4 3 1 0 0 0 2 9 2 0 1 3 3 0 0 0 0 0 0 0 0 0 0 0 0 0 0 0 0 0 5 7 3 0 0 0 0 0 0 0 0 4 3 0 0 0 0 0 0 0 0 0 0 0 0 0 3 0 0 0 0 3 4 3 0 2 0 0 0 1 2 0 0 0 0 0 0 0 0 0 0 0 0 0 9 8 6 5 3 0 0 0 2 6 6 2 0 0 0 0 0 0 0 0 0 0 0 0 0 0 0 0 0 0 1 3 0 0 3 8 0 0 0 4 6 2 0 0 0 0 0 0 0 0 0 0 0 0 0 0 12 6 1 0 1 1 0 0 17 0 0 0 5 1 0 3 0 0 0 0 0 0 0 0 0 0 0 0 0 16 78 164 239 255 242 210 72 29 0 0 1 0 0 3 0 0 0 0 0 1 0 5 0 0 0 8 49 202 242 134 100 68 87 195 245 128 0 7 0 0 5 0 0 0 0 0 1 2 0 0 0 10 14 77 227 196 40 7 0 0 0 10 93 237 60 0 0 5 0 0 0 0 0 0 8 0 0 15 0 0 35 226 129 0 0 0 22 4 0 0 12 198 91 7 0 0 8 10 0 0 0 0 0 0 10 0 0 16 38 193 7 3 0 13 0 0 20 0 1 143 146 0 6 4 0 0 0 0 0 0 2 0 6 0 0 21 52 210 0 0 0 10 14 72 163 215 246 94 38 0 0 6 9 0 0 0 0 0 8 0 0 12 0 0 36 218 204 92 84 109 220 201 100 44 185 192 21 0 0 11 0 0 0 0 0 0 0 3 3 3 1 11 0 32 116 206 165 128 40 17 12 0 140 216 0 9 0 0 0 11 0 0 0 0 0 6 0 0 0 5 0 0 8 0 6 0 0 0 0 4 88 255 44 4 5 7 0 0 0 0 0 0 0 0 0 0 0 0 0 0 0 0 0 0 0 0 0 0 27 255 56 0 0 1 5 0 0 0 0 0 0 0 0 0 0 0 0 0 0 0 0 0 0 0 0 0 17 244 67 0 0 1 0 0 0 0 0 0 0 0 0 0 0 0 0 0 0 0 0 0 0 0 0 0 8 240 74 0 6 2 0 4 0 0 0 0 0 0 0 0 0 0 0 0 0 0 0 0 0 0 0 0 8 252 65 0 5 2 0 6 0 0 0 0 0 0 0 0 0 0 0 0 0 0 0 0 0 0 0 0 11 255 51 3 0 0 4 3 0 0 0 0 0 0 0 0 0 0 0 0 0 0 0 0 0 0 0 0 9 248 58 5 0 0 5 0 0 0 0 0 0 0 0 0 0 0 0 0 0 0 0 0 0 0 0 0 5 213 95 4 0 0 1 0 0 0 0 0 0 0 0 0 0 0 0 0 0 0 0 0 0 0 0 0 2 184 132 3 6 0 0 0 0 0 0 0 0 0 0 0 0 0 0 0 0 0 0 0 0 0 0 0 0 130 249 42 4 5 6 0 0 0 0 0 0 0 0 0 0 0 0 0 0 0 0 0 0 0 0 0 0 114 255 35 0 0 0 0 0 0 0 0 0 0 0 0 0 0 0 0 0 0 0 0 0 0 0 0 2 75 181 22 10 6 1 7 0 0 0 0 0 0 0 0 0 0 0 0 0 0 0 0 0 0 0 0 0 17 9 0 0 0 0 0 0 0 0 0
0 0 0 0 0 0 0 0 6 0 0 12 0 0 0 11 0 1 6 0 1 9 0 7 0 0 0 0 0 0 0 0 0 0 0 0 0 5 0 1 0 15 0 0 0 0 8 1 6 11 0 0 0 0 0 0 0 0 0 0 0 0 0 0 0 4 0 2 0 0 0 14 0 0 3 1 0 4 0 0 0 0 0 0 0 0 0 0 0 0 0 0 0 10 3 0 5 16 1 0 11 0 3 4 0 0 3 0 0 0 0 0 0 0 0 0 0 0 0 0 4 0 0 0 0 0 0 12 4 0 0 11 0 0 7 0 0 0 0 0 0 0 0 0 0 0 0 0 8 0 6 9 9 0 7 2 4 0 0 1 5 0 6 0 0 0 0 0 0 0 0 0 0 0 0 0 0 0 10 4 72 183 234 166 110 71 3 0 3 0 4 0 0 0 0 0 0 0 0 0 0 0 0 0 14 34 158 246 255 245 255 244 255 191 57 1 2 0 3 3 0 0 0 0 6 0 0 4 11 0 0 1 53 226 245 168 37 4 28 102 219 255 90 0 10 0 0 8 0 0 0 0 0 0 5 0 0 0 3 49 219 205 60 0 4 7 0 10 59 231 102 4 0 33 1 0 0 0 0 0 0 0 10 0 0 0 0 103 255 114 2 0 0 11 0 0 45 255 219 34 0 0 0 0 0 0 0 0 3 0 5 0 7 5 0 155 245 31 0 14 0 3 0 10 45 247 255 198 23 12 0 12 0 0 0 0 6 0 1 0 9 2 0 218 255 30 0 0 0 0 0 146 220 255 250 238 0 0 0 9 0 0 0 0 0 0 1 1 1 0 10 254 247 33 0 8 2 0 13 202 255 229 255 228 14 0 17 0 0 0 0 0 0 6 0 1 0 0 4 216 241 89 0 9 0 0 0 73 251 255 255 188 0 8 0 0 0 0 0 0 0 14 0 0 2 3 0 150 255 233 54 0 2 7 0 62 251 255 242 71 2 0 7 3 0 0 0 0 0 1 2 0 0 1 9 16 122 199 242 144 40 0 17 19 220 250 224 8 0 2 0 0 0 0 0 0 0 1 2 0 0 0 4 9 0 78 201 255 241 180 171 200 244 250 221 0 0 5 0 10 0 0 0 0 0 1 2 0 0 0 0 1 4 1 39 152 215 255 250 247 255 255 235 0 6 2 0 1 0 0 0 0 0 0 1 0 0 0 0 0 0 0 2 7 2 46 81 98 161 246 219 8 2 0 0 0 0 0 0 0 0 0 1 1 0 0 0 0 22 0 1 1 8 0 3 0 71 245 230 61 0 0 9 0 0 0 0 0 0 0 0 1 1 1 1 1 0 0 0 0 7 0 8 2 35 246 254 106 0 0 7 0 0 0 0 0 0 0 0 0 0 1 1 0 2 8 15 2 0 0 5 0 0 181 243 101 0 0 2 0 0 0 0 0 1 0 0 0 0 0 0 0 0 0 0 3 0 3 2 4 7 152 255 106 0 9 0 3 0 0 0 0 0 0 0 0 0 0 0 0 0 0 0 0 0 0 0 0 10 153 255 216 66 1 4 0 0 0 0 0 0 0 0 0 0 0 0 0 0 0 0 0 0 0 0 0 0 116 233 194 54 0 0 7 0 0 0 0 0 0 0 0 0 0 0 0 0 0 0 0 0 0 0 0 4 0 3 5 0 3 6 0 0 0 0 0 0 0 0 0 0 0 0 0 0 0 0 0 0 0 0 0 4 0 2 0 0 0 13 14 0 0 0 0
0 1 5 1 0 1 5 5 11 0 0 0 0 0 14 0 0 0 0 0 0 0 0 0 0 0 0 0 4 0 0 0 1 0 0 0 0 17 5 10 5 4 0 12 0 0 0 0 0 0 0 0 0 0 0 0 8 0 0 0 2 0 0 2 6 0 0 0 0 0 6 0 0 0 0 0 0 0 0 0 0 0 0 0 0 0 2 4 0 0 1 8 0 2 0 13 19 0 0 15 0 0 0 0 0 0 0 0 0 0 0 0 0 2 5 2 0 0 0 0 7 4 0 11 0 12 4 0 0 0 0 0 0 0 0 0 0 0 0 0 0 0 0 0 0 3 5 6 3 0 8 0 21 0 4 3 0 0 0 0 0 0 0 0 0 0 0 0 4 0 0 0 0 8 63 122 133 255 213 0 15 1 0 6 0 0 0 0 0 0 0 0 0 0 0 0 2 0 1 6 0 13 128 255 246 255 243 240 130 128 53 0 0 0 0 0 0 0 0 0 0 0 0 0 0 9 0 0 0 90 249 251 249 254 255 249 241 255 235 46 152 65 0 22 0 0 3 0 0 0 0 0 10 0 7 7 14 90 255 255 255 161 123 243 169 225 255 255 255 240 59 0 0 17 5 0 0 0 0 0 0 0 7 0 0 31 255 253 255 173 5 0 3 130 187 93 207 246 248 42 2 0 0 0 0 0 0 0 0 17 0 0 0 0 232 249 242 248 42 23 0 0 4 3 74 145 255 54 3 0 13 5 0 0 0 0 0 10 0 4 14 2 149 246 254 255 114 0 9 0 6 6 78 255 245 164 17 0 1 0 0 0 0 0 5 0 0 2 0 0 49 246 255 230 232 0 13 0 7 0 70 252 251 236 20 0 0 0 0 0 0 0 11 0 17 6 0 0 11 164 255 252 243 83 0 15 2 45 199 233 255 237 107 15 5 0 0 0 0 0 0 7 0 0 4 0 0 4 231 239 255 255 192 46 73 235 237 255 255 253 235 11 0 8 0 0 0 0 0 0 0 0 0 0 0 0 55 203 255 251 243 242 237 254 252 253 246 255 255 137 9 0 0 0 0 0 0 0 0 0 0 0 0 0 0 83 195 255 255 253 247 250 248 255 222 241 252 255 11 10 0 0 0 0 0 0 0 0 0 0 0 0 0 0 60 167 218 250 255 254 231 124 30 48 222 236 135 0 0 0 0 0 0 0 0 0 0 0 0 0 4 4 8 5 49 152 175 99 116 0 4 86 254 250 148 0 0 0 0 0 0 0 0 0 0 0 0 0 10 0 0 0 5 0 0 5 16 0 0 94 255 249 170 49 0 0 0 0 0 0 0 0 0 0 0 0 0 15 12 0 1 10 0 0 0 6 0 43 253 252 255 32 0 0 0 0 0 0 0 0 0 0 0 0 11 8 0 0 4 3 0 6 9 0 16 5 110 252 244 114 0 0 0 0 0 0 0 0 0 0 0 0 0 0 2 5 0 0 0 1 0 12 0 5 102 250 255 252 0 0 0 0 0 0 0 0 0 0 0 0 0 0 0 0 0 0 0 0 0 0 3 6 1 231 255 255 13 0 0 3 0 0 0 0 0 0 0 0 0 0 0 0 0 0 0 0 11 0 0 0 6 178 232 255 40 18 0 0 0 0 0 0 0 0 0 0 0 0 0 0 0 0 0 0 0 0 15 2 0 14 6 0 15 5 0 1 0 0 0 0 0 0 0 0 0 0 0 0 0 0 0 0 5 2 0 0 0 0 2 6 0 0 0 7
0 0 0 0 0 0 0 0 0 0 0 2 1 0 0 3 6 2 1 2 0 0 0 6 0 0 0 0 0 0 0 0 0 0 0 0 4 5 1 0 0 3 4 1 0 0 0 1 8 6 0 0 0 0 0 0 0 0 0 0 0 0 0 0 0 2 1 0 0 5 1 0 8 8 4 0 0 0 1 2 0 0 0 0 0 0 0 0 0 0 0 0 0 0 0 0 2 5 5 5 0 0 1 0 0 2 0 0 0 0 0 0 0 0 0 0 0 0 0 0 9 1 0 0 0 0 0 0 9 4 0 0 5 10 3 0 0 0 0 0 0 0 0 0 0 0 0 0 0 0 0 12 12 3 0 5 0 0 0 0 0 0 0 9 0 0 0 0 0 0 0 0 0 0 0 0 7 8 0 0 0 5 5 0 5 0 0 7 4 0 0 3 0 0 0 0 0 0 0 0 0 0 0 0 0 4 0 5 72 176 245 255 203 113 23 0 0 5 2 2 0 0 0 0 0 1 7 0 4 0 7 0 0 0 29 154 246 255 255 248 253 255 127 1 7 6 0 4 0 0 0 0 0 0 0 0 7 0 3 0 20 66 215 255 245 218 154 185 238 247 162 0 0 3 4 0 0 0 0 0 3 0 0 0 12 0 0 6 127 249 250 208 95 13 3 2 36 219 128 21 0 4 5 10 0 0 0 0 7 0 0 0 7 0 0 26 250 255 111 9 0 16 0 0 68 244 163 0 2 0 0 0 0 0 0 0 3 0 0 0 0 0 0 62 247 99 0 2 5 0 0 124 249 255 137 2 0 238 37 13 0 0 0 0 1 0 1 2 0 0 7 104 244 25 0 6 0 0 31 104 250 245 122 4 2 237 25 0 0 0 0 0 3 0 2 6 0 3 11 127 242 0 10 5 0 2 51 212 255 221 0 0 14 180 24 2 0 0 0 0 2 0 0 2 0 0 1 124 250 222 115 7 48 108 237 254 251 120 12 0 0 13 0 0 0 0 0 0 0 3 5 1 0 1 13 25 253 255 255 244 255 255 237 255 226 20 7 0 0 0 0 0 0 0 0 0 0 2 4 1 0 0 2 8 80 163 177 254 248 195 250 253 128 0 0 0 0 7 4 8 0 0 0 0 0 1 3 2 0 0 0 0 0 14 5 35 6 7 179 249 75 0 0 4 4 0 0 0 0 0 0 0 0 0 0 2 3 2 0 0 4 0 0 4 0 8 221 248 28 5 0 0 5 0 10 0 0 0 0 0 1 0 0 0 3 5 4 2 5 11 0 4 6 13 255 170 0 3 1 0 0 105 12 4 0 0 0 0 3 1 0 0 0 0 1 1 0 0 9 0 0 65 238 86 2 0 4 4 1 247 24 0 0 0 0 0 1 1 0 0 0 0 0 0 13 0 17 0 0 174 255 105 0 0 0 0 17 218 47 3 0 0 0 0 0 0 3 3 2 1 1 3 2 0 0 13 7 204 247 41 0 14 1 0 0 33 20 0 0 0 0 0 0 0 0 0 0 0 0 0 6 2 11 0 107 252 155 6 0 0 0 0 0 0 0 0 0 0 0 0 0 0 0 0 0 0 0 0 0 13 0 0 209 255 69 1 0 0 0 0 0 0 0 0 0 0 0 0 0 0 0 0 0 0 0 0 16 15 0 18 180 195 33 0 0 0 0 0 0 0 0 0 0 0 0 0 0 0 0 0 0 0 0 0 0 0 12 0 0 12 0 0 0 0 0 0 0 0 0 0 0 0 0 0
0 0 0 0 0 0 0 0 0 0 0 0 7 2 5 0 7 4 1 0 1 3 0 0 0 0 0 0 0 0 0 0 0 0 0 0 0 8 7 1 0 0 1 11 0 0 2 0 0 0 1 7 0 0 0 0 0 0 0 0 0 0 0 0 1 0 5 5 7 8 0 0 0 5 11 11 4 0 0 0 0 0 0 0 0 0 0 0 0 0 0 0 0 0 3 0 0 0 0 13 0 0 0 0 1 2 0 0 0 0 0 0 0 0 0 0 0 0 0 0 6 1 2 0 0 2 0 0 12 3 0 0 0 0 0 4 0 0 0 0 0 0 0 0 0 0 0 0 0 0 0 3 6 1 12 5 0 0 4 11 7 0 0 1 0 0 0 0 0 0 0 0 0 0 0 0 0 19 0 4 0 0 7 0 9 0 0 0 5 3 1 3 0 0 0 0 0 0 0 0 0 0 0 0 0 4 0 125 248 255 253 153 151 87 20 0 0 1 0 0 0 0 0 0 0 0 0 0 0 0 0 0 2 0 111 255 245 255 251 255 255 237 204 2 0 0 9 0 0 0 0 0 0 0 0 0 0 0 0 0 0 114 255 229 148 122 169 186 243 255 247 124 0 14 0 0 0 0 0 0 0 0 0 0 0 0 0 0 3 158 255 162 0 0 16 8 30 129 255 198 0 0 0 7 0 0 0 0 0 0 0 0 0 0 0 0 88 245 219 16 4 12 0 0 0 96 231 163 2 0 5 1 0 0 0 0 0 0 0 0 0 0 0 0 175 241 167 1 1 0 0 11 78 200 255 166 3 8 0 0 0 0 0 0 0 0 0 0 0 0 0 0 175 255 125 0 1 16 26 153 234 255 223 27 0 11 4 6 0 0 0 0 0 0 0 0 0 0 0 0 163 248 188 37 56 142 241 251 254 255 230 0 4 0 0 0 0 0 0 0 0 0 0 0 0 0 0 0 177 255 249 255 238 255 255 251 250 249 188 1 0 14 0 1 0 0 0 0 0 0 0 0 0 0 0 0 32 156 211 249 255 227 120 204 248 241 49 15 5 0 0 2 0 0 0 0 0 0 0 0 0 0 0 0 3 3 29 45 45 20 0 165 255 190 13 0 0 1 2 0 0 0 0 0 0 0 0 0 0 0 0 0 0 0 3 5 5 0 49 207 255 132 2 0 1 2 5 0 0 0 0 0 0 0 0 0 0 0 0 0 0 19 0 0 0 0 176 254 231 66 6 5 6 0 5 0 0 0 0 0 0 0 0 0 0 0 0 0 2 13 0 1 0 0 212 255 172 7 0 4 1 0 3 1 0 0 0 0 0 0 0 0 0 0 0 0 0 0 8 1 0 12 200 241 141 0 0 0 1 0 2 0 0 0 0 0 0 0 0 0 0 0 0 0 6 3 14 0 0 45 239 255 103 6 2 4 1 5 1 0 0 0 0 0 0 0 0 0 0 0 0 0 0 6 0 3 8 37 254 249 45 0 0 3 0 0 0 4 0 0 0 0 0 0 0 0 0 0 0 0 5 2 0 0 0 144 248 248 31 11 0 0 2 0 0 4 0 0 0 0 0 0 0 0 0 0 0 0 0 0 7 16 0 153 253 231 20 5 0 0 4 0 0 2 0 0 0 0 0 0 0 0 0 0 0 0 0 10 1 0 6 220 255 103 6 0 0 2 4 0 0 1 0 0 0 0 0 0 0 0 0 0 0 0 13 0 0 27 0 0 6 9 0 0 0 3 2 0 0 2 0 0 0 0
0 0 0 0 0 0 0 0 0 0 10 5 8 0 1 0 0 0 2 1 0 0 1 12 0 0 0 0 0 0 0 0 0 0 0 0 10 0 0 0 2 6 17 5 3 0 0 0 9 12 0 0 0 0 0 0 0 0 0 0 0 0 0 0 0 2 9 0 3 0 0 0 0 0 0 0 0 2 9 9 0 0 0 0 0 0 0 0 0 0 0 0 10 0 0 0 15 3 0 10 6 5 4 4 4 2 0 0 0 0 0 0 0 0 0 0 0 0 0 0 0 1 1 5 0 0 0 4 0 0 0 1 0 0 0 10 0 0 0 0 0 0 0 0 0 0 0 0 1 4 2 3 0 11 13 1 7 0 0 7 10 1 0 0 0 0 0 0 0 0 0 0 0 0 0 0 11 0 0 92 159 242 255 245 210 148 58 0 0 1 8 0 0 0 0 0 0 0 0 0 0 0 0 0 0 0 97 245 255 255 254 254 246 255 235 128 28 0 0 5 0 0 0 0 0 0 0 0 1 0 1 5 3 51 255 249 222 59 41 40 42 135 214 235 70 0 0 1 0 0 0 0 4 0 0 0 2 0 0 0 0 162 255 214 0 13 0 0 0 144 227 255 109 0 9 3 0 0 0 0 5 0 0 0 2 0 0 0 71 238 235 85 16 0 0 19 0 200 247 231 44 2 0 0 0 0 0 0 3 0 0 1 0 0 1 7 203 255 161 6 0 0 18 0 114 252 255 126 0 11 0 1 0 0 0 0 0 0 2 1 0 0 8 22 249 255 103 3 0 0 4 20 222 244 225 33 17 0 6 3 0 0 0 0 0 0 2 1 0 0 10 26 247 255 97 0 23 7 90 224 255 249 106 0 0 0 13 0 0 0 0 0 1 0 0 1 0 0 4 13 149 254 235 194 145 199 241 255 255 235 30 4 0 13 12 0 0 0 0 0 5 0 0 0 2 0 0 0 24 194 253 255 244 245 228 255 250 145 7 0 22 0 0 6 0 0 0 0 0 0 0 0 0 0 0 0 0 4 99 74 88 11 156 246 252 48 0 13 0 5 4 0 0 0 0 0 0 0 0 0 0 0 0 0 2 0 5 11 0 30 241 255 173 19 0 6 0 1 0 0 0 0 0 0 0 0 0 0 0 0 0 0 0 0 0 1 14 132 255 235 82 0 0 5 0 3 0 2 0 0 0 0 0 0 0 0 0 0 0 0 5 0 0 7 38 235 255 227 23 0 5 3 0 5 0 1 0 0 0 0 0 0 0 0 0 0 0 0 5 0 0 15 9 251 255 166 0 0 4 0 0 2 0 0 0 0 0 0 0 0 0 0 0 0 0 0 0 11 1 4 133 250 246 50 0 3 0 0 0 1 0 1 0 0 0 0 0 0 0 0 0 0 0 0 0 13 0 10 255 255 211 18 0 4 0 0 3 0 1 5 0 0 0 0 0 0 0 0 0 0 0 0 6 0 0 95 248 245 124 0 1 1 0 3 2 0 0 2 0 0 0 0 0 0 0 0 0 0 0 0 0 0 0 211 250 234 7 0 0 0 0 0 0 0 0 0 0 0 0 0 0 0 0 0 0 0 0 0 4 0 51 239 255 168 0 9 0 0 0 0 0 0 0 0 0 0 0 0 0 0 0 0 0 0 0 0 0 4 6 0 1 10 0 0 0 0 0 0 0 0 0 0 0 0 0 0 0 0 0 0 0 0 0 0 0 0 17 0 2 0 5 0 0 0 0 0 0 0 0 0 0 0 0 0
0 0 0 0 0 0 0 0 0 0 0 3 3 0 0 0 1 0 5 0 0 8 0 4 0 0 0 0 0 0 0 0 0 0 0 0 2 0 0 2 2 0 0 2 1 6 7 9 0 3 0 0 0 0 0 0 0 0 0 0 0 0 0 0 0 0 0 0 0 0 0 0 0 0 0 0 0 3 6 15 0 0 0 0 0 0 0 0 0 0 0 0 0 1 2 0 0 5 6 3 2 11 0 17 0 0 0 0 0 0 0 0 0 0 0 0 0 0 0 0 4 6 5 0 0 0 0 0 0 0 0 3 0 0 0 1 0 0 0 0 0 0 0 0 0 0 0 0 0 0 0 0 2 2 4 9 7 1 12 0 1 9 1 5 0 0 0 0 0 0 0 0 0 0 0 0 16 3 0 2 0 0 0 4 0 0 22 0 0 10 0 0 0 0 0 0 0 0 0 0 0 0 0 0 0 0 24 80 131 169 212 251 244 176 158 21 1 2 0 4 0 0 0 0 0 1 7 0 4 0 0 2 0 41 199 249 255 245 241 255 255 239 255 243 7 14 0 0 0 0 0 0 3 0 2 0 0 3 0 5 15 155 255 238 254 204 117 151 163 209 241 253 65 7 0 8 0 0 0 0 6 0 0 0 0 6 0 7 75 246 244 106 2 0 4 0 0 31 139 255 166 0 0 3 0 0 0 0 3 0 2 6 0 5 0 22 213 243 51 0 16 0 7 0 3 0 97 247 154 6 10 0 0 0 0 0 1 0 3 7 0 1 0 75 245 153 0 0 13 0 0 6 9 160 242 243 23 0 0 15 0 0 0 0 3 1 0 2 0 0 6 146 209 18 0 0 0 20 7 0 84 247 255 105 9 5 0 0 0 0 0 0 2 5 0 1 0 0 4 191 194 1 0 8 8 3 0 87 216 255 200 0 11 0 1 7 0 0 0 0 0 5 0 4 5 0 0 201 188 2 0 2 0 34 160 246 255 247 113 0 0 9 3 0 0 0 0 0 1 0 6 0 5 0 11 155 245 106 68 100 166 230 255 240 255 236 9 2 0 1 0 3 0 0 0 0 3 0 5 0 3 0 4 108 255 255 255 255 254 255 193 221 252 139 5 1 0 2 0 0 0 0 0 0 5 0 5 0 0 0 0 47 220 255 239 255 229 135 16 173 254 39 4 1 0 2 0 0 0 0 0 0 3 0 7 0 0 5 0 4 29 143 144 92 20 0 44 253 235 1 4 2 0 0 0 2 0 0 0 0 0 0 8 1 0 7 4 0 4 9 0 0 6 15 169 255 162 3 0 3 0 2 0 5 0 0 0 0 0 0 6 1 0 4 7 0 0 0 15 0 0 34 244 219 63 5 0 1 2 5 0 3 0 0 0 0 0 2 0 0 1 0 3 0 18 0 0 10 0 66 255 237 2 1 2 0 6 4 0 1 0 0 0 0 0 3 0 0 5 0 0 1 0 12 0 0 29 203 255 113 0 1 18 0 4 0 0 1 0 0 0 0 0 0 0 0 0 0 0 0 0 0 9 0 61 247 236 26 0 0 0 0 0 0 0 0 0 0 0 0 0 0 0 0 0 0 0 0 0 6 7 0 37 255 204 9 0 0 0 0 0 0 0 0 0 0 0 0 0 0 0 0 0 0 0 0 32 4 0 10 54 236 117 0 0 0 0 0 0 0 0 0 0 0 0 0 0 0 0 0 0 0 0 0 0 0 14 10 0 10 0 6 0 0 0 0 0 0 0 0 0 0 0 0
0 0 0 0 0 0 0 0 0 1 1 0 0 0 0 2 0 14 0 0 9 0 2 0 0 0 0 0 0 0 0 0 0 0 0 0 0 0 0 0 6 0 0 0 0 2 0 0 7 0 0 0 0 0 0 0 0 0 0 0 0 0 0 0 0 7 0 0 3 2 0 8 0 0 12 0 4 0 2 4 0 0 0 0 0 0 0 0 0 0 0 0 0 10 1 0 5 5 0 0 0 1 1 7 5 0 5 5 0 0 0 0 0 0 0 0 0 0 0 0 0 0 0 0 5 0 0 15 1 11 0 10 16 2 3 0 0 0 0 0 0 0 0 0 0 0 0 0 2 0 4 9 0 0 66 153 255 218 78 0 0 0 9 4 0 0 0 0 0 0 0 0 0 0 0 0 0 0 8 1 0 77 195 255 253 247 173 3 0 6 1 0 0 0 0 0 0 0 0 0 0 0 0 0 2 0 0 0 47 199 255 244 198 237 246 2 1 5 0 4 0 0 0 0 0 0 0 0 0 0 0 0 0 10 2 32 170 255 235 87 11 68 255 104 0 6 5 0 0 0 0 0 0 0 0 0 0 0 0 0 11 6 23 186 255 222 72 8 0 90 255 234 95 15 0 1 0 0 0 0 0 0 0 0 0 0 0 0 0 0 115 250 245 91 0 0 0 153 252 255 84 0 0 7 0 0 0 0 0 0 0 0 0 0 0 0 0 59 254 255 137 5 0 8 35 218 255 254 43 4 9 0 0 0 0 0 0 0 0 0 0 0 0 0 4 141 255 189 10 0 0 0 137 244 255 233 17 0 2 2 0 0 0 0 0 0 0 0 0 0 0 0 53 247 248 63 0 19 6 0 232 255 239 146 0 0 0 7 0 0 0 0 0 0 0 0 0 0 0 0 114 255 198 0 0 0 6 44 253 255 214 64 2 14 6 0 0 0 0 0 0 0 0 0 0 0 0 0 207 236 79 0 0 6 73 236 254 247 155 0 6 0 0 3 0 0 0 0 3 0 8 0 0 0 6 98 255 196 4 0 58 169 253 255 255 202 0 0 2 0 1 1 0 0 0 0 0 0 8 0 0 0 0 72 253 194 123 206 255 254 255 249 249 75 1 4 0 6 0 0 0 0 0 0 0 0 8 0 0 1 0 36 253 255 248 255 248 249 255 254 174 0 6 2 0 5 2 0 0 0 0 0 0 0 5 0 0 4 0 9 233 244 249 255 249 255 249 255 56 0 3 0 6 0 5 0 0 0 0 0 1 0 1 0 0 5 0 0 88 242 244 76 77 255 255 129 0 15 0 0 5 0 0 3 0 0 0 0 2 0 0 0 0 3 2 0 9 0 0 0 177 255 174 17 1 0 0 7 0 3 0 2 0 0 0 0 1 0 0 3 0 0 4 0 0 0 0 96 249 252 107 0 7 0 0 6 0 5 0 2 0 0 0 0 0 0 0 7 0 0 4 0 0 17 25 228 255 168 0 4 0 21 0 0 7 0 0 5 0 0 0 0 0 0 0 0 0 0 0 0 0 10 79 255 249 51 0 0 0 0 0 0 0 0 0 0 0 0 0 0 0 0 0 0 0 0 0 0 0 16 0 0 0 0 13 0 0 0 0 0 0 0 0 0 0 0 0 0 0 0 0 0 0 0 0 0 4 0 0 10 13 0 6 6 0 0 0 0 0 0 0 0 0 0 0 0 0 0 0 0 0 0 0 0 3 0 0 0 0 1 0 0 0 0 0 0 0 0 0 0 0 0 0 0
0 0 0 0 0 0 0 0 0 0 0 0 0 0 0 0 0 4 0 1 0 6 0 5 0 0 0 0 0 0 0 0 0 0 0 0 4 3 0 0 0 0 0 2 6 0 0 9 9 5 0 0 0 0 0 0 0 0 0 0 0 0 0 0 0 0 2 3 3 2 3 4 0 1 8 0 0 0 6 2 0 0 0 0 0 0 0 0 0 0 0 0 0 0 0 0 0 0 0 0 0 1 0 11 5 17 13 0 0 0 0 0 0 0 0 0 0 0 0 0 2 0 0 0 3 7 9 9 7 6 0 15 0 0 0 5 0 0 0 0 0 0 0 0 0 0 0 0 0 0 3 4 0 0 0 0 0 17 0 5 0 0 4 1 0 0 0 0 0 0 0 0 0 0 0 0 0 3 5 0 0 2 30 55 121 227 255 209 125 0 0 2 0 0 0 0 0 0 0 0 0 0 0 0 0 0 0 0 22 95 198 255 255 240 224 228 244 50 1 5 0 0 0 0 0 0 0 0 0 0 0 0 0 5 0 87 203 250 255 211 97 52 2 11 100 38 7 0 0 0 0 0 0 0 0 0 0 0 0 0 9 28 160 236 255 243 95 4 12 96 197 57 30 0 0 13 0 0 0 0 0 0 0 0 0 0 0 0 0 152 253 238 147 26 0 4 0 237 255 169 0 13 0 0 0 0 0 0 0 0 0 0 0 0 0 0 88 231 255 106 0 6 2 0 151 248 241 38 5 0 11 0 0 0 0 0 0 0 0 0 0 0 0 0 149 246 132 0 12 0 6 94 251 255 107 1 0 0 0 8 0 0 0 0 0 0 0 0 0 0 0 0 151 255 128 1 0 58 214 245 255 228 25 19 13 2 6 0 0 0 0 0 0 0 0 0 0 0 0 0 103 211 231 205 248 255 242 252 255 98 11 0 0 18 0 6 0 0 0 0 0 0 0 0 0 0 0 0 5 113 208 255 230 205 247 255 231 31 0 13 0 0 6 0 0 0 0 0 0 0 0 0 0 0 0 0 0 3 12 57 29 10 237 255 95 11 0 13 0 0 9 0 0 0 0 0 0 0 0 0 0 0 0 0 0 10 3 0 0 111 244 251 55 0 0 7 0 0 6 0 0 0 0 0 0 0 0 0 0 0 0 0 7 0 0 0 28 241 255 100 13 0 0 2 0 0 1 2 0 0 0 0 0 0 0 0 0 0 0 0 5 8 1 4 100 251 224 29 0 0 0 0 1 0 0 1 0 0 0 0 0 0 0 0 0 0 0 0 0 23 0 45 237 255 106 1 0 7 3 0 3 1 0 0 0 0 0 0 0 0 0 0 0 0 0 0 17 6 0 104 255 226 27 6 0 3 0 0 2 2 0 0 0 0 0 0 0 0 0 0 0 0 0 0 0 0 56 235 247 100 0 0 0 0 0 0 0 0 0 0 0 0 0 0 0 0 0 0 0 0 0 0 5 12 74 249 237 0 10 0 4 0 1 6 0 0 0 0 0 0 0 0 0 0 0 0 0 0 0 0 0 2 169 255 171 16 0 0 0 0 0 0 0 0 0 0 0 0 0 0 0 0 0 0 0 0 0 0 2 121 249 202 24 0 3 2 0 0 0 0 0 0 0 0 0 0 0 0 0 0 0 0 0 0 0 0 0 0 0 15 0 20 16 0 0 0 0 0 0 0 0 0 0 0 0 0 0 0 0 0 0 0 0 0 6 9 4 3 0 0 3 2 0 0 0 0 0 0 0 0 0 0 0 0
0 0 0 0 0 0 0 0 0 5 3 0 0 4 4 0 0 8 2 0 7 5 0 4 0 0 0 0 0 0 0 0 0 0 0 0 0 0 5 7 2 0 0 0 0 0 0 8 0 0 0 0 0 0 0 0 0 0 0 0 0 0 0 0 12 0 0 0 1 4 7 11 0 0 2 9 0 7 7 0 0 0 0 0 0 0 0 0 0 0 0 0 4 0 0 0 3 1 0 0 1 0 0 2 0 5 2 0 0 0 0 0 0 0 0 0 0 0 0 0 0 2 8 1 0 4 8 5 10 0 0 0 19 0 0 7 0 0 0 0 0 0 0 0 0 0 0 0 2 2 0 0 0 1 1 0 0 13 13 0 0 0 3 9 0 0 0 0 0 0 0 0 0 0 0 0 2 0 0 7 1 0 0 22 182 226 206 132 4 14 2 0 0 0 0 0 0 0 0 0 0 0 0 0 0 0 3 6 0 14 124 245 252 255 248 222 10 2 0 6 0 0 0 0 0 0 0 0 0 0 0 0 0 0 13 0 13 179 245 252 183 127 121 225 54 0 0 2 0 0 0 0 0 0 0 0 0 0 0 0 16 1 0 39 228 255 254 61 12 5 225 201 18 0 7 1 0 0 0 0 0 0 0 0 0 0 0 0 0 0 4 201 232 239 73 0 0 97 255 228 6 0 12 0 0 0 0 0 0 0 0 0 0 0 0 0 19 0 78 247 255 53 14 0 23 236 228 163 0 0 10 0 0 0 0 0 0 0 0 0 0 0 0 0 0 29 198 254 135 0 1 0 73 255 248 36 0 2 2 0 0 0 0 0 0 0 0 0 0 0 0 0 0 14 240 249 54 6 0 62 209 255 212 7 6 2 0 0 0 0 0 0 0 0 0 0 0 0 0 0 3 129 252 177 0 68 189 238 255 229 74 12 5 1 0 0 0 0 0 0 0 0 0 0 0 0 0 0 0 16 222 254 243 255 254 255 245 191 19 0 0 12 0 3 0 0 0 0 0 0 0 0 0 0 0 0 0 9 88 228 250 214 188 255 249 22 0 0 0 6 1 4 0 0 0 0 0 0 0 0 0 0 0 0 2 0 0 11 0 13 83 253 196 25 6 6 2 1 0 0 0 0 0 0 0 0 0 0 0 0 0 0 0 15 0 0 13 0 225 255 91 5 0 6 3 0 0 0 0 0 0 0 0 0 0 0 0 0 0 0 0 0 0 14 0 138 255 179 9 0 0 0 0 0 3 1 0 0 0 0 0 0 0 0 0 0 0 0 8 0 12 0 33 227 243 74 0 8 0 1 0 0 1 0 0 0 0 0 0 0 0 0 0 0 0 0 0 2 1 0 176 248 188 0 0 13 0 0 0 3 0 0 0 0 0 0 0 0 0 0 0 0 0 0 13 0 0 55 215 255 40 0 0 2 0 0 0 10 0 1 0 0 0 0 0 0 0 0 0 0 0 0 0 0 8 157 255 172 3 10 4 0 0 5 0 13 0 0 0 0 0 0 0 0 0 0 0 0 0 0 0 4 36 245 245 36 4 0 0 0 0 0 0 0 0 0 0 0 0 0 0 0 0 0 0 0 0 0 3 0 12 200 200 12 0 3 0 0 0 0 0 0 0 0 0 0 0 0 0 0 0 0 0 0 0 0 0 13 0 0 0 0 13 0 0 0 0 0 0 0 0 0 0 0 0 0 0 0 0 0 0 0 0 0 0 13 9 1 1 9 13 0 0 0 0 0 0 0 0 0 0 0 0 0
0 0 0 0 0 0 0 0 0 0 6 0 2 10 0 6 5 2 7 1 0 0 10 0 0 0 0 0 0 0 0 0 0 0 0 0 15 0 2 5 0 0 0 4 0 0 0 6 8 0 0 5 0 0 0 0 0 0 0 0 0 0 0 0 0 0 2 0 0 1 11 2 15 19 0 0 3 11 0 0 0 0 0 0 0 0 0 0 0 0 0 0 16 0 0 15 20 7 0 0 0 0 0 9 8 0 0 13 0 0 0 0 0 0 0 0 0 0 0 0 0 6 0 0 0 0 0 19 7 0 4 7 0 0 8 0 0 0 0 0 0 0 0 0 0 0 0 0 0 13 0 0 12 4 0 0 0 0 6 4 0 0 6 0 0 0 0 0 0 0 0 0 0 0 0 0 8 0 0 16 0 0 124 226 255 142 10 0 15 11 0 4 0 0 0 0 0 0 0 0 0 0 0 0 1 0 2 0 2 117 224 169 145 226 151 9 0 3 0 2 0 0 0 0 0 0 0 0 0 0 0 0 0 7 12 15 174 221 35 2 3 163 255 6 0 0 0 0 0 0 0 0 0 0 0 0 0 0 0 0 6 0 43 233 193 45 0 0 4 229 173 0 2 11 0 4 0 0 0 0 0 0 0 0 0 0 0 0 3 33 173 172 20 0 19 24 217 219 27 1 13 0 0 0 0 0 0 0 0 0 0 0 0 0 0 0 2 62 253 98 1 0 0 3 178 139 0 2 0 0 25 0 0 0 0 0 0 0 0 0 0 0 0 0 0 184 224 0 0 17 0 0 167 243 62 12 2 0 0 0 0 0 0 0 0 0 0 0 0 0 0 0 11 192 169 9 0 0 15 53 226 255 0 0 7 0 0 7 0 0 0 0 0 0 0 0 0 0 0 0 4 255 186 0 17 0 0 198 251 241 13 10 1 0 13 0 0 0 0 0 0 0 0 0 0 0 0 0 0 185 233 68 0 0 144 254 253 144 3 0 8 0 0 0 0 0 0 0 0 0 0 0 0 0 0 0 0 101 245 241 239 231 202 189 255 99 0 4 0 2 0 2 0 0 0 0 0 0 0 0 0 0 0 0 0 0 72 198 232 179 72 89 253 121 4 0 3 0 0 1 0 0 0 0 0 0 0 0 0 0 0 0 0 0 0 0 0 0 7 97 244 122 0 0 12 0 1 4 0 0 0 0 0 0 0 0 0 0 0 0 15 0 0 0 23 3 1 53 254 105 0 0 11 0 0 3 0 0 0 0 0 0 0 0 0 0 0 0 0 0 1 0 20 0 0 67 255 92 7 6 2 2 0 0 0 0 0 0 0 0 0 0 0 0 0 0 0 15 0 0 0 10 3 36 251 97 0 5 0 6 0 0 0 0 0 0 0 0 0 0 0 0 0 0 0 3 0 8 0 0 0 11 215 144 0 0 0 4 2 1 0 0 0 0 0 0 0 0 0 0 0 0 0 1 4 0 9 0 10 0 205 209 7 4 0 0 3 0 0 0 0 0 0 0 0 0 0 0 0 0 0 0 0 0 0 0 0 0 162 255 11 0 1 0 0 12 0 0 0 0 0 0 0 0 0 0 0 0 0 0 0 0 0 0 0 0 107 169 27 3 6 0 0 0 0 0 0 0 0 0 0 0 0 0 0 0 0 0 0 0 0 0 0 0 2 18 4 0 0 0 10 0 0 0 0 0 0 0 0 0 0 0 0 0 0 0 0 0 0 0 0 0 0 0 8 1 0 0 9 0 0 0 0 0
0 0 0 0 0 0 0 0 1 1 2 3 3 2 0 0 4 2 0 0 13 0 0 0 0 0 0 0 0 0 0 0 0 0 0 0 10 0 0 0 0 0 9 6 0 0 4 0 0 9 0 5 0 0 0 0 0 0 0 0 0 0 0 0 0 0 14 5 8 0 0 0 14 0 4 0 3 12 0 0 0 0 0 0 0 0 0 0 0 0 0 0 0 1 0 1 0 0 0 1 0 0 4 0 4 0 7 0 0 0 0 0 0 0 0 0 0 0 0 0 1 3 0 11 0 21 0 0 0 10 17 6 0 0 17 0 0 0 0 0 0 0 0 0 0 0 0 0 0 7 0 6 0 1 0 6 16 0 0 18 0 0 0 0 0 0 0 0 0 0 0 0 0 0 0 0 5 2 1 1 19 48 88 114 106 7 5 0 3 4 0 8 0 0 0 0 0 0 0 0 0 0 0 0 1 0 44 92 203 234 255 237 252 150 183 0 0 0 11 0 0 0 0 0 4 0 9 0 8 9 0 19 0 71 233 250 255 228 255 254 251 255 233 112 3 0 6 1 0 0 0 0 0 11 0 0 7 0 5 0 63 230 255 254 255 255 240 95 170 250 255 225 9 1 0 0 0 0 0 0 1 4 0 1 0 3 2 79 255 255 242 242 85 36 23 8 178 247 255 255 53 3 3 0 0 0 0 0 10 0 2 0 2 0 32 221 246 234 110 48 0 0 34 155 242 255 255 241 100 0 12 1 0 0 0 0 0 0 8 0 26 7 149 255 255 186 23 0 4 10 156 241 253 255 245 251 125 0 0 4 0 0 0 0 0 0 7 0 0 137 250 255 187 20 0 7 16 68 240 255 255 246 255 245 139 1 0 3 0 0 0 0 6 0 1 3 36 252 255 246 10 0 12 0 106 250 221 151 255 238 255 234 89 1 11 1 0 0 0 0 0 9 0 1 164 237 253 208 0 8 45 161 255 245 92 0 253 250 255 255 0 4 0 0 0 0 0 0 0 0 1 1 241 255 232 218 184 186 229 239 255 164 35 0 255 250 246 157 18 0 0 0 0 0 0 0 7 7 0 0 102 244 255 246 253 246 253 252 207 20 0 10 255 255 243 191 0 0 9 6 0 0 0 0 0 0 0 9 0 128 210 248 244 255 231 132 91 0 7 0 179 255 255 241 9 5 0 0 0 0 0 0 5 0 8 7 0 0 42 123 95 58 51 0 5 0 0 5 113 244 248 246 0 0 16 3 0 0 0 0 0 8 7 0 9 0 0 3 12 0 0 1 12 8 0 17 121 239 255 255 28 0 6 0 0 0 0 0 0 0 0 0 0 25 4 0 0 23 0 7 0 0 5 0 94 247 251 242 139 23 0 7 0 0 0 0 16 0 1 18 0 0 0 5 1 3 0 3 1 0 18 7 71 247 252 245 255 193 117 114 0 0 0 0 0 0 1 0 2 5 0 6 7 0 11 0 1 1 0 0 2 147 232 255 250 255 181 25 0 0 0 0 0 0 0 0 0 0 0 0 0 0 0 0 0 0 0 0 3 1 84 208 215 98 12 9 0 0 0 0 0 0 0 0 0 0 0 0 0 0 0 0 0 0 0 0 0 0 0 1 6 4 0 0 0 0 0 0 0 0 0 0 0 0 0 0 0 0 0 0 0 0 0 0 11 8 1 0 0 5 7 4 0 0 0 0 0 0 0 0 0 0 0 0 0 0 0 0 0 0 0 0 5 0 0 7 9 0 0 0 0 0 0 0
0 0 0 0 0 0 0 0 0 4 0 7 6 0 3 0 0 3 0 0 16 0 9 0 0 0 0 0 0 0 0 0 0 0 0 0 3 8 0 4 3 0 3 0 0 8 11 0 0 0 5 7 0 0 0 0 0 0 0 0 0 0 0 0 0 5 0 0 1 0 7 0 0 0 0 8 14 1 0 4 0 0 0 0 0 0 0 0 0 0 0 0 0 0 0 0 0 3 6 0 20 0 3 0 0 2 0 0 0 0 0 0 0 0 0 0 0 0 0 0 9 8 9 0 0 1 0 0 0 4 14 0 0 4 7 0 0 0 0 0 0 0 0 0 0 0 0 0 0 0 2 3 1 0 0 4 1 7 0 5 13 7 0 2 0 0 0 0 0 0 0 0 0 0 0 0 29 2 0 0 10 58 110 174 175 123 0 0 9 0 0 4 0 0 0 0 0 0 0 0 0 0 0 0 0 21 128 211 252 255 242 255 255 245 61 0 0 0 9 0 0 0 0 0 0 9 0 0 11 2 0 5 25 205 255 234 149 93 66 223 250 247 205 20 2 0 0 1 0 0 0 0 4 0 3 5 0 13 6 0 190 255 148 33 4 0 0 102 225 213 251 66 6 4 5 0 0 0 0 0 10 0 1 3 0 0 0 42 242 198 39 0 10 0 6 10 214 255 255 225 54 0 0 7 0 0 0 0 0 4 0 2 5 3 27 196 239 24 10 0 0 15 0 8 81 173 229 255 47 1 6 0 0 0 0 0 0 7 0 0 0 0 66 255 145 0 0 19 4 0 4 0 0 19 223 235 33 7 3 0 0 0 0 0 6 0 3 2 0 0 115 245 84 1 10 0 0 8 0 13 4 131 255 242 36 2 0 10 0 0 0 0 0 0 1 6 4 10 162 255 51 14 0 5 20 0 0 4 87 252 255 245 15 14 6 0 0 0 0 0 0 9 0 0 14 0 124 247 164 1 1 0 0 4 14 144 255 139 166 255 37 0 8 0 0 0 0 0 4 0 12 0 2 0 19 227 255 161 97 88 59 111 232 255 141 6 116 255 37 3 0 0 0 0 0 0 4 0 6 0 8 13 0 58 203 248 255 255 255 254 185 46 14 0 154 255 24 0 5 3 0 0 0 0 4 0 7 0 0 9 0 0 9 87 136 154 125 46 5 9 0 5 202 255 34 0 6 0 0 0 0 0 7 0 2 8 0 0 11 5 0 6 0 0 12 0 0 9 0 6 204 238 40 0 6 0 0 0 0 0 4 4 0 6 10 0 0 0 0 10 13 0 0 4 0 0 0 11 222 229 27 0 1 1 0 0 0 0 0 12 0 0 8 0 0 0 5 0 0 0 1 7 0 0 6 36 238 217 5 0 3 0 0 0 0 0 0 4 8 0 0 0 0 10 0 1 14 0 0 7 0 0 3 9 208 210 2 0 6 0 0 0 0 0 11 0 0 7 1 3 0 2 1 0 1 0 10 4 0 14 0 0 214 255 32 0 0 1 0 0 0 0 0 0 0 0 0 0 0 0 0 0 0 0 0 0 0 0 0 16 150 248 160 30 0 7 0 0 0 0 0 0 0 0 0 0 0 0 0 0 0 0 0 0 0 0 0 0 110 248 202 57 0 0 0 0 0 0 0 0 0 0 0 0 0 0 0 0 0 0 0 0 0 0 4 2 6 1 0 4 11 0 0 0 0 0 0 0 0 0 0 0 0 0 0 0 0 0 0 0 0 0 0 4 6 0 0 5 0 0 0 0 0 0
0 0 0 0 0 0 0 0 0 0 0 4 7 1 0 0 0 0 0 0 0 0 0 0 0 0 0 0 0 0 0 0 0 0 0 0 1 6 11 8 0 0 0 11 0 0 0 0 0 0 0 0 0 0 0 0 0 0 0 0 0 0 0 0 0 0 0 0 8 7 1 0 0 0 0 0 0 0 0 0 0 0 0 0 0 0 0 0 0 0 0 0 10 7 4 0 0 0 0 5 0 0 0 0 0 0 0 0 0 0 0 0 0 0 0 0 0 0 0 0 0 0 0 2 5 5 1 0 0 0 0 0 0 0 0 0 0 0 0 0 0 0 0 0 0 0 0 0 4 5 1 0 0 0 2 2 0 0 0 0 0 0 0 0 0 0 0 0 0 0 0 0 0 0 0 0 0 3 8 6 3 3 0 0 0 0 0 0 0 0 0 0 0 0 0 0 0 0 0 0 0 0 0 0 4 4 47 153 255 255 134 9 0 0 0 0 0 0 0 0 0 0 0 0 0 0 0 0 0 0 0 0 9 0 205 249 252 255 234 174 70 28 164 125 0 1 0 2 0 0 0 0 0 0 0 0 0 0 0 0 81 238 252 247 209 193 245 237 239 244 248 228 0 6 18 0 0 0 0 0 0 0 0 0 0 0 0 0 216 248 255 202 24 0 66 160 252 255 229 240 0 0 0 0 0 0 0 0 0 0 0 0 0 0 0 0 232 255 240 118 0 6 45 83 255 243 255 185 22 4 0 10 0 0 0 0 0 0 0 0 0 0 0 0 204 255 243 68 0 133 201 255 254 254 239 51 1 5 0 0 0 0 0 0 0 0 0 0 0 0 0 0 223 240 255 238 209 251 99 101 245 255 161 0 0 0 3 7 0 0 0 0 0 0 0 0 0 0 0 0 148 255 231 255 247 151 56 151 252 255 116 4 8 0 0 4 0 0 0 0 0 0 0 0 0 0 0 0 15 62 221 235 120 0 9 241 251 247 126 0 0 6 0 0 0 0 0 0 0 0 0 0 0 0 0 0 6 0 6 1 0 8 164 249 241 208 0 0 0 6 0 2 0 0 0 0 0 0 0 0 0 0 0 0 0 11 0 0 14 0 162 255 255 169 24 7 0 0 0 0 0 0 0 0 0 0 0 0 0 0 0 0 3 4 0 2 0 88 231 253 192 34 0 0 0 0 7 0 0 0 0 0 0 0 0 0 0 0 0 0 5 0 7 7 0 201 255 255 122 0 0 4 6 0 6 0 0 0 0 0 0 0 0 0 0 0 0 0 0 0 9 3 69 240 239 228 80 7 0 3 0 0 2 1 0 0 0 0 0 0 0 0 0 0 0 0 1 0 0 0 167 255 248 106 7 3 0 0 0 0 1 4 0 0 0 0 0 0 0 0 0 0 0 0 2 0 0 0 197 255 217 2 0 3 7 1 11 6 0 0 0 0 0 0 0 0 0 0 0 0 0 0 0 12 0 0 195 236 103 0 2 0 12 0 0 3 0 4 0 0 0 0 0 0 0 0 0 0 0 0 1 0 9 0 184 253 221 20 0 0 0 0 0 0 0 0 0 0 0 0 0 0 0 0 0 0 0 0 0 8 0 3 199 249 244 117 0 0 0 0 0 0 0 0 0 0 0 0 0 0 0 0 0 0 0 0 0 0 15 5 30 153 242 15 0 0 0 0 0 0 0 0 0 0 0 0 0 0 0 0 0 0 0 0 9 3 0 2 16 0 11 0 0 0 0 0 0 0 0 0 0 0 0 0
0 0 0 0 0 0 0 0 0 5 0 10 0 0 5 0 4 0 0 3 1 3 2 0 0 0 0 0 0 0 0 0 0 0 0 0 8 0 0 1 6 0 0 1 5 1 2 4 0 0 0 9 0 0 0 0 0 0 0 0 0 0 0 0 0 6 0 1 0 17 0 0 0 0 0 2 6 0 0 4 0 0 0 0 0 0 0 0 0 0 0 0 3 1 14 0 3 1 4 5 0 5 0 0 6 5 0 0 0 0 0 0 0 0 0 0 0 0 0 0 2 0 0 12 12 0 0 1 3 9 4 0 0 6 5 1 0 0 0 0 0 0 0 0 0 0 0 0 5 1 0 0 0 0 15 0 0 0 0 5 0 0 3 0 0 0 0 0 0 0 0 0 0 0 0 0 2 0 17 35 141 144 255 215 89 12 0 11 2 0 1 0 0 0 0 0 0 0 0 0 0 0 0 0 2 0 6 252 247 255 254 246 255 89 0 5 0 0 9 5 0 0 0 0 0 0 0 0 0 0 0 0 0 12 103 246 255 255 202 251 255 239 0 0 0 0 7 0 0 0 0 0 0 0 0 0 0 0 0 0 0 84 253 255 238 161 30 199 246 249 133 19 0 0 0 0 0 0 0 0 0 0 0 0 0 0 0 0 16 101 252 255 164 0 0 231 246 255 234 43 5 0 0 2 0 0 0 0 0 0 0 0 0 0 0 0 1 148 246 255 103 0 15 214 255 255 219 38 1 0 8 0 0 0 0 0 0 0 0 0 0 0 0 0 14 216 255 240 44 10 3 195 255 246 212 6 0 2 10 0 0 0 0 0 0 0 0 0 0 0 0 0 34 239 242 229 0 8 99 250 255 242 251 0 0 7 6 1 0 0 0 0 0 0 0 0 0 0 0 0 0 230 255 246 88 137 255 255 254 252 225 0 0 4 2 6 0 0 0 0 0 0 0 0 0 0 0 0 8 185 255 251 245 255 248 249 251 255 137 7 1 0 0 0 0 0 0 0 0 0 0 0 0 0 0 0 0 75 228 254 255 242 255 255 255 242 75 1 0 8 0 5 0 0 0 0 0 0 0 0 0 0 0 0 12 0 19 199 151 166 60 208 255 233 11 3 0 7 0 5 0 0 0 0 0 0 0 0 0 0 0 0 4 0 10 14 11 9 5 219 255 244 0 8 0 6 0 1 0 0 0 0 0 0 0 0 0 0 0 0 9 0 13 0 0 0 32 240 252 252 0 10 0 5 0 0 0 0 0 0 0 0 0 0 0 0 0 0 4 0 0 20 10 2 103 246 249 212 12 1 0 5 0 3 0 0 0 0 0 0 0 0 0 0 0 0 0 5 15 0 0 0 206 255 249 146 0 0 9 4 0 8 0 0 0 0 0 0 0 0 0 0 0 0 3 2 0 8 3 45 231 251 254 127 0 0 3 0 0 3 0 0 0 0 0 0 0 0 0 0 0 0 0 10 4 0 4 58 253 255 255 150 6 8 0 0 7 0 0 0 0 0 0 0 0 0 0 0 0 0 6 0 10 4 0 67 203 255 255 177 13 0 8 0 12 0 0 0 0 0 0 0 0 0 0 0 0 0 1 3 0 0 11 0 55 237 183 24 0 8 10 0 0 5 0 0 0 0 0 0 0 0 0 0 0 0 0 10 3 0 10 8 0 4 21 0 16 0 0 24 0 4 0 0 0 0 0 0 0 0 0 0 0 0 0 0 8 12 0 3 20 0 0 11 4 0 8 0 0 14 0 0 0 0
0 0 0 0 0 0 0 0 0 3 0 3 3 0 2 0 0 0 0 0 0 0 0 0 0 0 0 0 0 0 0 0 0 0 0 0 0 5 0 0 0 1 7 3 0 0 0 0 0 0 0 0 0 0 0 0 0 0 0 0 0 0 0 0 0 1 9 0 0 6 0 0 0 0 0 0 0 0 0 0 0 0 0 0 0 0 0 0 0 0 0 0 4 0 1 0 0 1 0 3 0 0 0 0 0 0 0 0 0 0 0 0 0 0 0 0 0 0 0 0 0 0 0 5 7 2 0 7 0 0 0 0 0 0 0 0 0 0 0 0 0 0 0 0 0 0 0 0 7 4 0 0 0 0 0 1 0 0 0 0 0 0 0 0 0 0 0 0 0 0 0 0 0 0 0 0 0 13 0 11 11 0 15 0 0 0 0 0 0 0 0 0 0 0 0 0 0 0 0 0 0 0 0 0 0 112 170 246 255 197 152 45 0 0 0 0 0 0 0 0 0 0 0 0 1 3 1 0 5 1 2 17 184 249 255 248 249 244 253 244 198 71 64 140 0 0 0 1 0 0 0 0 5 0 0 3 0 0 1 110 239 255 104 38 34 35 81 177 237 247 243 249 10 29 0 9 0 0 0 0 0 0 0 9 7 3 38 238 255 139 13 0 0 0 0 19 58 201 251 227 28 0 0 2 0 0 0 0 0 8 0 0 0 8 30 255 255 0 2 2 0 0 5 0 0 183 250 255 157 5 17 1 0 0 0 0 0 9 0 0 0 6 26 249 245 9 4 0 16 3 0 15 129 247 232 187 116 8 0 0 0 0 0 0 0 0 0 5 4 1 28 217 254 126 2 0 0 9 60 113 243 255 208 16 4 0 0 16 0 0 0 0 1 0 0 0 0 0 0 88 233 255 212 196 142 176 252 255 252 245 181 0 0 0 4 0 0 0 0 0 0 4 3 0 7 10 1 0 79 216 255 243 246 255 244 175 255 255 108 19 0 0 5 0 0 0 0 0 0 0 0 0 0 0 0 0 0 2 64 75 78 63 28 90 255 224 56 1 0 0 3 2 0 0 0 0 0 0 0 0 0 0 0 0 15 0 11 0 0 7 9 139 253 158 0 0 11 0 0 3 0 0 0 0 0 0 0 0 0 0 0 0 0 0 0 0 0 0 0 176 248 137 4 0 0 0 3 0 0 0 0 0 0 0 0 0 0 0 0 0 4 0 2 4 7 0 5 222 255 125 14 0 0 0 5 0 0 0 0 0 0 0 0 0 0 0 0 0 10 2 0 0 0 0 22 238 255 65 0 3 11 0 0 1 0 0 0 0 0 0 0 0 0 0 0 0 0 0 1 4 7 0 77 248 185 24 0 1 6 0 0 0 0 0 0 0 0 0 0 0 0 0 0 0 6 1 1 0 3 4 149 255 127 15 14 0 0 0 1 0 0 0 0 0 0 0 0 0 0 0 0 0 0 0 4 0 3 1 168 248 129 0 0 0 4 0 0 7 0 0 0 0 0 0 0 0 0 0 0 0 0 9 0 0 0 0 179 245 123 80 68 0 10 0 0 3 0 0 0 0 0 0 0 0 0 0 0 0 15 6 0 0 15 5 141 255 233 232 141 14 0 7 21 0 0 0 0 0 0 0 0 0 0 0 0 0 0 0 4 0 0 0 65 231 254 133 0 6 11 0 0 7 0 0 0 0 0 0 0 0 0 0 0 0 5 0 4 6 13 17 0 15 0 23 0 17 0 5 0 0 0 0 0 0
0 0 0 0 0 0 0 0 0 11 0 4 3 8 0 0 0 0 6 7 2 0 0 0 0 0 0 0 0 0 0 0 0 0 0 0 0 8 7 0 0 0 2 0 0 3 0 0 0 5 8 0 0 0 0 0 0 0 0 0 0 0 0 0 2 0 4 6 7 0 0 12 8 0 0 6 8 0 0 3 0 0 0 0 0 0 0 0 0 0 0 0 0 0 1 0 0 16 0 0 0 4 9 2 0 3 2 0 0 0 0 0 0 0 0 0 0 0 0 0 12 0 2 1 2 0 3 2 8 0 0 0 0 0 1 8 0 0 0 0 0 0 0 0 0 0 0 0 0 0 10 0 13 0 15 0 0 0 1 1 4 4 0 0 0 0 0 0 0 0 0 0 0 0 0 0 0 11 0 0 49 137 255 246 250 255 185 46 0 0 21 2 0 0 0 0 0 0 0 0 0 0 0 0 0 2 14 223 248 251 255 253 248 253 255 214 107 1 0 13 0 0 0 0 2 0 4 2 0 0 4 5 0 33 209 248 255 241 222 154 177 224 251 255 166 2 3 0 0 0 0 0 0 0 4 0 0 5 0 0 18 191 255 249 109 78 30 0 0 57 250 237 255 5 3 5 0 0 0 0 0 0 3 0 0 11 0 0 135 254 251 104 5 13 0 12 4 114 255 255 248 7 0 7 0 0 0 0 0 0 1 0 0 7 0 51 255 255 170 0 0 0 0 0 0 181 252 255 175 6 15 0 0 0 0 0 1 0 0 4 0 0 5 125 244 230 27 3 4 0 25 0 56 255 246 224 29 0 2 0 0 0 0 0 3 0 0 6 0 0 9 177 255 210 1 4 0 0 2 0 117 255 255 219 0 26 0 7 0 0 0 0 0 1 0 4 0 0 5 184 248 147 14 0 5 6 0 80 242 251 224 71 1 0 0 9 0 0 0 0 0 3 0 1 0 7 0 171 255 164 0 0 6 0 33 209 255 240 119 0 0 7 5 0 0 0 0 0 3 0 0 4 0 0 20 59 252 255 210 146 166 242 242 255 255 136 5 0 8 0 5 0 0 0 0 0 0 0 0 6 0 0 2 22 97 234 255 255 255 236 255 244 197 63 0 4 2 0 0 3 0 0 0 0 0 0 0 2 0 0 0 0 0 83 130 148 136 238 255 253 107 0 0 9 0 3 0 0 0 0 0 0 2 3 0 0 0 0 0 0 6 0 3 10 57 250 255 166 30 0 4 2 0 7 7 0 0 0 0 0 0 4 3 0 0 1 5 3 8 0 2 0 172 251 255 56 0 14 0 0 2 0 3 0 0 0 0 0 0 1 5 3 0 0 0 0 0 12 0 37 243 255 151 20 0 16 0 0 14 0 0 9 0 0 0 0 0 0 1 4 3 0 0 0 0 6 0 147 252 252 17 0 0 1 0 0 7 0 0 6 0 0 0 0 6 0 0 0 2 0 0 4 4 0 0 245 255 186 12 0 6 0 9 0 0 13 2 0 0 0 0 0 0 0 0 0 0 0 0 0 0 0 51 243 255 75 11 0 0 0 0 0 0 0 0 0 0 0 0 0 0 0 0 0 0 0 0 0 6 0 68 255 255 73 0 1 0 0 0 0 0 0 0 0 0 0 0 0 0 0 0 0 0 0 0 0 0 9 0 2 0 0 1 0 0 0 0 0 0 0 0 0 0 0 0 0 0 0 0 0 0 0 0 0 0 4 12 0 0 3 1 0 0 0 0 0 0 0 0 0 0 0 0 0
0 0 0 0 0 0 0 0 0 0 0 7 5 0 1 0 0 0 0 0 7 0 0 6 0 0 0 0 0 0 0 0 0 0 0 0 14 6 0 0 0 0 4 1 3 4 3 2 0 0 0 0 0 0 0 0 0 0 0 0 0 0 0 0 0 0 6 5 3 4 0 1 0 0 4 1 0 0 4 0 0 0 0 0 0 0 0 0 0 0 0 0 3 0 7 0 0 0 0 0 1 0 0 4 0 0 6 0 0 0 0 0 0 0 0 0 0 0 0 0 2 0 0 0 7 13 4 0 11 0 0 5 4 0 0 0 0 0 0 0 0 0 0 0 0 0 0 0 4 12 0 2 0 0 0 0 0 0 0 0 5 0 0 1 0 0 0 0 0 0 0 0 0 0 0 0 0 9 0 2 8 0 18 0 0 23 11 0 4 5 0 3 0 0 0 0 0 0 0 0 0 0 0 0 7 45 58 175 255 250 232 144 7 66 48 0 8 11 0 0 0 0 0 0 3 0 1 0 6 8 0 20 167 248 248 255 229 242 253 250 212 245 205 6 0 0 0 3 0 0 0 0 1 0 6 0 0 0 11 136 252 223 96 66 0 12 150 253 249 255 131 0 0 6 1 0 0 0 0 0 4 0 0 4 1 0 13 211 246 117 13 0 6 8 5 205 255 255 49 0 0 6 9 0 0 0 0 0 3 0 0 6 5 1 7 228 248 131 0 0 0 0 0 55 245 249 30 8 0 0 5 0 0 0 0 0 0 6 0 2 0 0 8 204 255 225 36 0 14 0 8 124 254 252 49 13 0 0 0 0 0 0 0 0 0 6 0 0 0 4 0 98 247 255 212 114 0 0 64 248 255 239 38 0 0 4 0 0 0 0 0 0 0 0 0 1 6 7 0 0 107 255 252 249 244 250 233 252 250 224 1 0 0 4 1 3 0 0 0 0 0 1 0 3 0 0 15 0 0 39 145 223 244 246 152 215 248 227 0 9 1 0 0 1 0 0 0 0 0 0 0 0 0 0 0 0 2 0 1 7 2 6 2 189 255 219 5 2 1 3 0 0 0 0 0 0 0 0 0 0 0 0 0 0 2 0 0 6 1 5 1 188 255 196 2 2 0 4 0 0 0 0 0 0 0 0 0 0 0 0 0 0 1 0 0 4 0 3 0 188 251 162 0 2 0 6 0 3 0 0 0 0 0 0 0 0 0 0 0 0 0 0 0 3 0 2 0 187 252 135 0 3 0 7 0 4 0 0 0 0 0 0 0 0 0 0 0 0 1 0 0 2 0 1 0 187 255 124 2 3 0 7 0 3 0 0 0 0 0 0 0 0 0 0 0 0 1 0 0 1 0 1 0 188 255 127 2 0 0 5 0 1 0 0 0 0 0 0 0 0 0 0 0 0 3 0 0 1 0 2 1 189 252 135 0 0 3 2 0 0 0 0 0 0 0 0 0 0 0 0 0 0 3 0 0 2 0 2 1 190 248 141 0 0 7 0 2 0 0 0 0 0 0 0 0 0 0 0 0 0 0 2 9 0 0 0 0 200 246 196 0 0 2 8 0 0 0 0 0 0 0 0 0 0 0 0 0 0 3 2 0 0 0 3 11 165 255 194 6 0 0 6 0 1 0 0 0 0 0 0 0 0 0 0 0 0 0 2 0 4 7 1 0 67 158 101 1 0 0 7 0 0 0 0 0 0 0 0 0 0 0 0 0 0 0 4 0 6 5 0 0 0 16 0 0 2 3 2 0 2 0 0 0 0
0 0 0 0 0 0 0 0 2 0 16 3 0 0 2 0 2 0 2 0 0 10 2 0 0 0 0 0 0 0 0 0 0 0 0 0 8 0 0 3 11 0 7 8 3 2 7 4 0 0 0 1 0 0 0 0 0 0 0 0 0 0 0 0 0 9 18 0 1 2 8 0 0 6 0 0 2 0 0 5 0 0 0 0 0 0 0 0 0 0 0 0 0 0 16 0 7 3 0 3 0 9 0 0 3 0 3 0 0 0 0 0 0 0 0 0 0 0 0 0 11 4 2 0 3 0 10 0 0 6 1 0 2 2 1 0 0 0 0 0 0 0 0 0 0 0 0 0 0 8 0 129 238 252 214 37 7 0 4 4 0 0 0 0 0 0 0 0 0 0 0 0 0 0 0 0 0 10 51 239 255 250 255 216 97 0 0 1 0 5 0 8 0 0 0 0 0 0 0 0 0 0 0 0 1 6 118 255 236 253 242 255 217 33 0 0 0 13 0 5 0 0 0 0 0 1 1 0 0 0 2 5 10 144 255 255 234 118 83 212 254 51 0 0 3 3 9 0 0 0 0 0 0 0 2 2 0 0 0 0 11 223 254 239 116 7 0 92 206 170 114 17 0 5 0 11 0 0 0 0 0 0 3 3 1 0 0 0 34 255 242 211 0 3 0 7 166 255 243 102 12 13 0 0 0 0 0 0 0 0 2 2 0 0 0 0 109 235 255 111 15 3 12 67 223 255 255 151 0 1 2 6 0 0 0 0 1 1 1 0 0 1 5 8 193 255 246 79 0 0 16 208 255 245 246 169 0 0 7 6 0 0 0 0 2 1 0 0 0 2 8 12 241 255 250 83 8 12 159 255 253 249 244 166 12 5 0 0 0 0 0 0 1 1 1 0 0 1 5 9 193 255 241 185 81 163 255 253 255 255 247 139 0 0 0 12 0 0 0 0 0 1 2 1 0 0 1 3 119 247 255 245 246 251 253 255 247 250 255 155 3 0 3 0 0 0 0 0 0 0 0 0 0 0 0 0 9 185 241 255 240 254 191 85 207 255 247 158 8 1 0 2 0 0 0 0 0 0 0 0 0 0 0 0 0 58 187 186 179 146 18 0 199 250 255 102 0 0 0 0 0 0 0 0 0 0 0 0 0 0 0 0 16 0 26 2 0 4 0 8 214 249 255 42 0 5 0 0 0 0 0 0 0 0 0 0 0 0 0 0 0 3 0 5 0 8 10 108 243 255 213 8 5 5 1 1 0 0 0 0 0 0 0 0 0 0 0 0 0 5 2 0 3 0 8 229 255 251 120 0 11 0 0 0 0 0 0 0 0 0 0 0 0 0 0 0 5 0 7 4 15 1 128 252 255 246 47 0 11 0 0 0 0 0 0 0 0 0 0 0 0 0 0 0 13 0 0 0 0 1 197 243 255 251 33 0 3 0 7 0 0 0 0 0 0 0 0 0 0 0 0 0 0 5 10 2 3 2 83 254 251 255 47 0 0 0 9 0 0 0 0 0 0 0 0 0 0 0 0 0 0 7 0 1 6 0 78 244 250 113 0 0 9 0 0 6 0 0 0 0 0 0 0 0 0 0 0 0 0 8 0 0 10 0 0 20 11 0 0 0 6 2 0 0 0 0 0 0 0 0 0 0 0 0 0 0 0 11 0 0 0 10 0 0 0 2 8 0 0 0 3 1 0 0 0 0 0 0 0 0 0 0 0 0 0 0 4 5 0 2 4 1 13 5 0 3 3 0 0 0 0 0 0 0
0 0 0 0 0 0 0 0 0 18 0 0 3 0 1 0 3 0 8 0 2 0 4 0 0 0 0 0 0 0 0 0 0 0 0 0 13 0 12 3 0 13 0 9 2 1 0 0 15 0 0 1 0 0 0 0 0 0 0 0 0 0 0 0 0 12 0 3 0 0 18 0 0 16 0 0 8 0 0 4 0 0 0 0 0 0 0 0 0 0 0 0 0 5 10 0 0 0 0 8 0 0 6 0 0 0 3 0 0 0 0 0 0 0 0 0 0 0 0 0 17 0 0 2 9 14 0 0 28 0 7 0 3 0 7 0 0 0 0 0 0 0 0 0 0 0 0 0 0 7 1 0 0 76 247 255 166 38 0 0 2 0 7 2 0 0 0 0 0 0 0 0 0 0 0 0 9 0 5 10 93 240 255 240 255 155 1 0 0 0 5 6 0 0 0 0 0 0 0 0 0 0 0 0 0 14 0 83 235 255 240 255 247 227 12 14 0 2 3 0 0 0 0 0 2 0 6 2 0 4 2 5 0 0 148 241 251 242 255 247 255 229 121 3 0 13 0 6 0 0 0 0 4 0 3 0 0 3 0 0 0 85 222 255 252 255 139 40 39 120 93 7 0 0 17 0 0 0 0 0 6 0 0 0 0 2 0 0 5 255 250 241 247 154 2 1 0 32 6 0 22 0 4 1 0 0 0 0 4 0 1 0 1 1 0 17 100 249 255 255 83 0 9 0 135 242 239 1 0 4 7 0 0 0 0 0 1 0 3 0 2 0 4 45 255 255 240 138 25 64 125 206 245 241 245 61 18 0 0 2 0 0 0 0 0 0 3 0 3 0 8 64 239 239 255 251 242 255 249 255 254 255 246 214 12 0 0 1 0 0 0 0 1 1 1 0 6 0 3 64 255 255 232 255 255 244 255 249 244 255 241 191 0 6 0 1 0 0 0 0 4 1 0 0 8 0 0 57 237 255 255 249 244 245 190 198 255 244 255 5 8 0 10 0 0 0 0 0 0 0 0 0 0 0 0 0 104 244 248 202 150 35 0 95 242 255 247 0 0 5 3 0 0 0 0 0 0 0 0 0 0 0 0 0 0 30 31 14 1 8 0 182 255 255 251 0 6 1 0 1 0 0 0 0 0 0 0 0 0 0 0 0 8 0 0 0 0 0 50 211 252 228 159 0 1 0 0 9 0 0 0 0 0 0 0 0 0 0 0 0 0 0 3 6 8 0 181 255 250 216 31 0 0 1 7 1 0 0 0 0 0 0 0 0 0 0 0 0 0 18 0 0 0 25 242 246 251 180 0 7 0 4 4 0 0 0 0 0 0 0 0 0 0 0 0 0 0 4 0 8 10 166 255 248 193 74 0 0 5 5 0 0 0 0 0 0 0 0 0 0 0 0 0 0 15 4 0 0 0 215 254 247 130 0 0 0 0 2 0 7 0 0 0 0 0 0 0 0 0 0 0 0 0 0 8 8 14 213 254 255 127 4 0 21 0 0 5 0 0 0 0 0 0 0 0 0 0 0 0 0 0 0 6 0 23 164 255 219 19 10 0 0 0 1 2 0 0 0 0 0 0 0 0 0 0 0 0 0 7 0 7 3 0 3 12 0 9 4 0 0 0 2 1 0 0 0 0 0 0 0 0 0 0 0 0 0 3 0 0 8 1 0 10 17 0 0 0 0 2 3 0 0 0 0 0 0 0 0 0 0 0 0 0 0 2 5 2 0 0 0 0 0 0 0 0 0 2 2 0 0 0 0 0 0
0 0 0 0 0 0 0 0 6 0 0 0 2 1 2 6 0 0 7 0 2 0 7 0 0 0 0 0 0 0 0 0 0 0 0 0 0 0 5 7 1 0 0 0 7 5 10 0 0 0 5 8 0 0 0 0 0 0 0 0 0 0 0 0 7 3 0 0 0 9 11 9 1 0 0 18 1 16 0 0 0 0 0 0 0 0 0 0 0 0 0 0 0 1 1 0 3 6 0 0 4 0 12 0 6 0 10 5 0 0 0 0 0 0 0 0 0 0 0 0 0 1 6 2 0 0 2 5 0 7 0 0 1 12 3 7 0 0 0 0 0 0 0 0 0 0 0 0 9 0 0 0 0 0 0 0 0 18 0 0 0 0 0 4 0 0 0 0 0 0 0 0 0 0 0 0 2 0 0 8 7 0 0 10 55 117 221 169 215 30 0 2 0 0 0 0 0 0 0 0 0 0 0 0 0 0 5 0 0 13 107 202 247 255 254 244 255 104 0 1 0 0 0 0 0 7 0 0 0 5 0 0 0 11 0 0 7 110 255 236 246 255 255 245 253 216 7 0 0 0 0 0 0 0 0 2 5 5 4 3 1 0 1 0 170 242 246 255 255 233 201 212 255 229 15 14 0 0 0 0 3 0 0 5 0 0 0 0 0 4 23 136 247 255 252 235 140 57 22 35 88 103 0 0 0 0 0 0 8 0 0 0 0 0 2 0 12 49 252 253 254 245 233 44 5 0 31 37 19 0 13 2 0 0 0 0 0 0 0 0 0 9 9 0 12 216 255 242 255 195 51 2 0 103 230 253 182 0 15 0 0 0 0 0 0 5 3 0 5 3 0 0 158 255 252 254 224 10 8 33 160 242 255 255 212 0 0 12 0 0 0 0 0 9 0 0 8 0 0 37 255 255 249 203 111 119 161 255 242 255 235 247 180 18 0 0 0 0 0 0 0 9 0 0 14 0 11 100 244 255 250 255 244 255 255 244 255 251 253 255 94 9 0 4 0 0 0 0 2 0 4 0 6 0 4 128 253 252 255 238 255 255 242 255 244 255 253 237 48 4 3 0 0 0 0 0 3 0 8 0 2 0 0 77 255 246 255 255 239 254 250 233 255 235 234 45 11 0 0 8 0 0 0 0 1 0 9 0 0 6 0 20 94 167 183 234 128 159 255 255 244 249 42 7 0 1 16 5 0 0 0 0 1 0 4 0 0 8 0 0 5 0 0 0 15 127 255 237 255 134 0 7 6 0 5 0 0 0 0 0 4 0 0 1 0 3 0 0 0 0 0 3 9 236 231 255 205 6 10 0 10 0 0 2 0 0 0 0 7 0 0 4 0 0 0 1 1 0 14 0 186 255 255 201 36 6 0 4 0 4 6 10 0 0 0 0 0 4 1 1 0 0 0 0 0 10 0 35 246 239 222 105 0 4 20 0 5 0 0 0 0 0 0 0 0 8 2 0 1 2 2 0 0 0 18 120 255 255 85 1 4 0 0 0 8 0 14 0 0 0 0 0 0 0 0 0 0 0 0 0 3 3 0 122 255 179 10 15 0 0 0 0 0 0 0 0 0 0 0 0 0 0 0 0 0 0 0 0 0 0 37 45 224 79 19 0 0 0 0 0 0 0 0 0 0 0 0 0 0 0 0 0 0 0 0 0 4 4 0 0 29 10 0 5 0 0 0 0 0 0 0 0 0 0 0 0 0 0 0 0 0 0 0 0 0 5 0 0 0 0 0 4 0 0 0 0 0 0 0 0 0 0 0 0
8 6 1 0 0 1 3 2 0 0 14 0 0 6 0 3 2 0 0 1 2 2 0 0 0 0 0 0 0 0 5 11 5 0 0 0 0 0 0 0 0 7 1 11 1 0 0 0 1 2 2 2 0 0 0 0 6 0 0 0 2 0 1 8 12 2 8 6 7 7 0 0 2 2 1 0 0 0 2 4 0 0 0 0 2 0 0 0 0 0 0 0 0 0 0 0 3 4 0 0 1 3 3 2 0 0 0 0 0 0 0 0 0 3 9 0 0 2 10 11 7 8 0 0 0 0 5 9 0 0 1 2 1 0 0 0 0 0 0 0 0 3 0 0 0 1 0 0 0 6 6 5 1 0 7 0 0 0 0 0 3 4 2 0 0 0 0 0 1 0 0 6 4 0 1 13 111 185 240 255 247 178 95 6 9 3 0 0 2 5 4 0 0 0 0 0 1 0 0 0 0 26 136 250 238 255 255 248 248 254 255 216 24 12 0 0 0 4 1 0 0 0 0 0 6 0 1 0 3 91 247 254 242 163 106 83 118 240 255 253 226 29 6 1 0 2 0 1 0 0 0 0 2 0 6 1 0 122 255 254 151 3 1 17 0 71 212 247 250 150 0 14 0 5 8 0 0 0 0 0 1 1 3 5 0 147 255 242 98 0 6 0 7 14 61 255 252 238 25 3 0 2 5 0 0 0 0 0 2 5 0 2 2 129 255 241 109 25 0 9 13 0 75 255 252 250 112 0 8 0 0 4 0 0 0 0 0 10 0 0 1 69 254 255 225 11 0 7 0 0 26 215 255 245 169 0 13 0 0 6 0 0 0 0 0 12 0 1 0 12 197 255 246 211 72 3 0 0 25 127 255 243 156 0 0 0 7 0 0 0 0 0 0 5 0 6 0 0 86 163 255 230 203 151 71 23 84 243 246 248 166 4 0 0 5 0 0 0 0 0 3 0 0 9 0 0 0 51 202 252 255 246 252 225 251 248 254 255 225 14 11 5 0 7 0 0 0 0 0 0 0 0 0 0 0 0 8 131 240 255 243 249 255 249 249 254 247 48 0 0 1 0 0 0 0 0 0 0 0 0 0 0 0 0 5 9 13 44 119 178 157 97 215 255 244 68 0 0 16 0 0 0 0 0 0 0 0 0 0 0 0 0 0 12 11 0 0 1 5 0 110 248 255 153 1 0 12 0 0 0 0 0 0 0 0 0 0 0 0 0 0 0 1 0 5 10 5 0 54 242 254 236 34 8 5 0 0 0 0 0 0 0 0 0 0 0 0 0 0 4 8 5 0 0 0 0 10 199 255 253 60 0 0 2 0 0 0 0 0 0 0 0 0 0 0 0 0 0 0 0 0 2 0 0 0 122 255 240 148 62 0 2 0 0 0 0 0 0 0 0 0 0 0 0 1 9 14 10 1 0 0 0 10 83 241 243 255 218 29 0 0 0 0 0 0 0 0 0 0 0 0 0 0 0 0 0 0 2 3 1 0 86 255 255 249 253 7 2 0 0 0 0 0 0 0 0 0 0 0 0 0 0 0 0 0 0 0 0 2 0 169 255 249 255 2 2 0 0 0 0 0 0 0 0 0 0 0 0 0 0 0 0 0 0 0 0 5 12 32 253 241 84 9 0 0 0 0 0 0 0 0 0 0 0 0 0 0 0 0 0 0 0 0 0 0 0 0 3 0 11 0 0 0 0 0 0 0 0 0 0 0 0 0 0 0 0 0 0 0 0 0 0 6 0 5 9 6 2 0 10 0 0 0 0
0 0 0 0 0 0 0 0 8 0 0 9 0 3 3 0 0 0 4 0 12 0 0 0 0 0 0 0 0 0 0 0 0 0 0 0 0 1 2 5 1 0 0 1 21 0 15 7 0 0 12 3 0 0 0 0 0 0 0 0 0 0 0 0 6 12 0 0 4 5 0 6 0 0 5 0 0 2 0 2 0 0 0 0 0 0 0 0 0 0 0 0 0 0 0 0 12 5 0 0 0 15 16 0 9 15 0 2 0 0 0 0 0 0 0 0 0 0 0 0 15 3 10 10 0 0 5 2 6 0 2 8 0 0 8 1 0 0 0 0 0 0 0 0 0 0 0 0 0 0 0 1 0 16 13 0 0 5 0 17 8 0 6 0 0 0 0 0 0 0 0 0 0 0 0 0 0 57 34 43 80 200 234 255 255 246 60 0 4 37 52 1 0 0 0 0 0 0 0 0 0 0 0 0 70 248 255 247 229 255 233 255 242 252 107 86 145 253 249 45 0 0 0 0 0 11 0 8 7 0 11 80 234 248 255 248 247 251 244 255 255 244 247 255 255 245 254 39 0 0 0 0 0 0 16 0 0 60 158 222 255 243 240 255 248 245 91 70 70 104 233 238 245 255 234 43 0 0 0 0 3 0 0 24 28 233 247 255 254 249 177 52 22 43 1 3 2 128 246 251 252 253 253 43 0 0 0 0 0 0 0 0 88 233 250 255 240 255 136 0 0 0 19 0 1 184 245 250 254 245 220 29 0 0 0 0 1 9 0 9 250 255 253 236 183 141 0 0 15 11 0 6 48 195 250 253 241 201 78 0 0 0 0 0 0 12 0 0 255 237 248 255 37 7 5 0 5 0 2 121 174 255 244 255 207 77 0 0 0 0 0 0 6 0 9 0 243 255 255 227 52 0 8 0 118 175 206 254 243 255 228 254 169 0 0 13 0 0 0 0 0 6 0 12 74 251 247 255 210 215 218 212 232 250 245 250 252 234 255 252 162 6 0 0 0 0 0 0 9 0 1 4 53 193 255 242 255 254 250 251 255 253 246 255 249 254 248 170 2 2 9 0 0 0 0 0 0 0 0 0 3 114 230 255 237 255 245 255 222 246 255 244 255 244 255 0 0 0 0 0 0 0 0 0 2 5 12 2 0 39 130 194 255 239 254 254 234 255 255 240 237 255 132 0 26 0 0 8 0 0 0 0 0 1 5 5 0 0 19 59 79 250 191 91 87 74 240 255 255 255 50 0 2 7 3 0 0 0 0 0 1 0 0 0 0 0 0 0 0 49 28 4 0 19 255 252 244 251 34 6 0 0 2 12 0 0 0 0 5 8 1 0 7 8 2 2 6 0 0 5 0 0 38 255 255 251 58 17 15 3 0 0 0 0 0 0 0 0 2 1 0 0 0 0 0 18 0 5 1 0 49 248 247 252 255 58 0 0 12 4 0 0 0 0 6 0 2 4 0 0 3 3 1 0 5 0 11 1 12 167 252 248 243 245 115 128 132 17 0 0 0 0 0 0 0 0 0 0 0 0 3 0 0 6 0 0 24 64 255 237 255 244 251 247 255 171 0 0 0 0 0 0 0 0 0 0 0 0 0 0 1 7 2 0 6 26 37 205 227 255 181 35 170 84 0 0 0 0 0 0 0 0 0 0 0 0 0 0 0 3 2 0 0 0 0 0 5 0 7 0 19 0 0 0 0 0 0 0 0 0 0 0 0 0 2 3 0 0 0 1 1 0 0 0 25 0 0 0 0 7 0 0 0 0
0 0 0 0 0 0 0 0 1 0 8 0 8 0 2 0 3 6 0 0 0 11 0 6 0 0 0 0 0 0 0 0 0 0 0 0 8 0 0 0 6 0 6 14 0 0 6 11 0 1 0 0 0 0 0 0 0 0 0 0 0 0 0 0 0 3 10 0 5 0 0 0 12 0 0 0 0 0 7 0 0 0 0 0 0 0 0 0 0 0 0 0 0 1 3 0 0 0 8 10 1 0 0 4 9 0 4 0 0 0 0 0 0 0 0 0 0 0 0 0 5 0 0 8 0 0 0 2 0 14 0 0 4 0 1 10 0 0 0 0 0 0 0 0 0 0 0 0 0 9 0 0 0 15 10 0 0 15 0 2 6 4 0 0 0 0 0 0 0 0 0 0 0 0 0 0 0 4 0 17 58 132 149 144 255 235 137 104 0 0 6 0 0 0 0 0 0 0 0 0 0 0 0 0 8 0 22 156 231 255 242 255 243 255 251 247 52 4 16 0 0 0 0 0 0 0 0 4 0 0 13 0 4 84 196 255 234 251 255 252 244 255 254 254 255 168 0 9 0 0 0 0 4 15 0 5 1 13 0 14 123 220 255 239 255 255 211 232 237 255 246 246 255 252 149 0 0 0 0 0 0 1 0 0 0 0 0 109 253 255 255 242 194 112 40 54 37 188 246 255 246 252 196 0 0 0 0 0 7 0 18 0 10 0 91 247 248 246 244 160 12 0 31 0 66 229 255 253 255 250 132 9 0 0 0 0 0 0 0 0 0 25 172 255 255 255 182 19 9 11 0 137 202 255 251 237 255 246 34 0 0 0 0 0 2 12 0 16 7 145 255 251 250 161 13 0 33 109 247 249 253 250 255 255 255 242 21 4 0 0 0 0 0 6 0 5 0 192 255 237 249 54 96 154 209 255 248 254 255 241 243 248 240 166 11 0 0 0 0 0 0 7 10 0 0 173 251 255 255 244 247 252 255 245 248 225 226 254 255 255 237 73 0 7 0 0 0 0 0 0 7 0 13 152 255 252 255 245 246 255 251 250 134 54 189 255 246 242 95 0 0 1 0 0 0 0 6 0 6 5 0 40 171 255 251 252 210 209 153 10 0 156 255 235 255 255 21 11 0 0 0 0 0 0 8 0 0 0 0 2 35 58 61 58 46 33 0 2 150 255 255 246 254 132 0 13 0 0 0 0 0 0 0 9 6 0 0 6 3 0 0 0 0 0 85 157 243 243 251 244 135 2 10 0 3 0 0 0 0 0 0 6 2 0 3 0 0 19 3 0 4 6 157 244 255 255 244 161 14 6 0 0 7 0 0 0 0 0 7 0 0 0 12 2 0 0 7 0 2 0 142 246 255 248 162 58 0 2 0 0 8 0 0 0 0 0 0 4 5 0 0 0 10 12 0 8 39 105 254 255 232 231 47 9 12 0 2 4 3 0 0 0 0 0 4 0 0 6 4 0 0 0 0 10 139 250 252 246 255 151 1 0 0 19 0 3 0 0 0 0 0 0 0 0 0 0 0 0 0 0 1 0 132 255 244 252 93 14 0 0 0 0 0 0 0 0 0 0 0 0 0 0 0 0 0 0 0 0 0 14 138 235 157 110 12 7 0 0 0 0 0 0 0 0 0 0 0 0 0 0 0 0 0 0 0 0 6 0 0 11 0 1 0 0 0 0 0 0 0 0 0 0 0 0 0 0 0 0 0 0 0 0 0 0 0 8 9 2 0 4 9 0 0 0 0 0 0 0 0 0 0 0 0 0
0 0 0 0 0 0 0 0 0 2 1 1 6 2 0 4 4 0 0 2 2 0 0 2 0 0 0 0 0 0 0 0 0 0 0 0 0 2 0 0 0 4 3 0 0 8 8 0 0 9 9 0 0 0 0 0 0 0 0 0 0 0 0 0 0 0 6 24 11 0 0 5 0 0 0 0 0 0 0 2 0 0 0 0 0 0 0 0 0 0 0 0 7 0 0 0 0 8 12 0 7 0 0 9 6 0 0 6 0 0 0 0 0 0 0 0 0 0 0 0 0 0 0 5 0 0 2 10 0 3 8 3 2 7 4 0 0 0 0 0 0 0 0 0 0 0 0 0 0 12 8 0 2 0 0 0 8 0 0 0 2 4 2 0 0 0 0 0 0 0 0 0 0 0 0 0 0 14 0 0 108 224 217 163 130 61 3 0 1 0 0 8 0 0 0 0 0 0 0 0 0 0 0 0 5 0 5 104 240 255 240 255 255 186 73 2 0 3 4 0 0 0 0 0 0 0 0 0 0 0 0 0 0 4 22 234 244 255 255 251 255 236 140 0 0 1 0 0 0 0 0 0 0 0 0 0 0 0 0 0 3 2 218 248 255 69 32 228 255 252 175 1 3 2 0 1 0 0 0 0 0 0 0 0 0 0 0 0 1 89 255 229 68 0 0 161 251 255 202 2 0 0 0 0 0 0 0 0 0 0 0 0 0 0 0 0 0 215 235 79 0 4 27 149 251 255 217 6 0 4 2 4 0 0 0 0 0 0 0 0 0 0 0 0 23 204 247 10 0 0 0 172 249 255 196 0 0 4 2 0 0 0 0 0 0 0 0 0 0 0 0 0 31 244 232 3 0 11 13 242 253 253 160 0 0 0 0 0 0 0 0 0 0 0 0 0 0 0 0 0 53 245 254 112 75 122 220 255 255 255 135 11 3 8 9 4 0 0 0 0 0 0 0 0 0 0 0 0 3 233 254 251 250 255 252 252 248 245 102 6 0 0 0 0 0 0 0 0 0 0 0 0 0 0 0 0 10 87 203 255 239 231 153 182 255 244 23 2 2 0 8 0 0 0 0 0 0 0 0 0 0 0 0 0 0 4 6 31 18 7 7 247 254 187 14 2 1 0 7 0 0 0 0 0 0 0 0 0 0 0 0 0 0 16 0 6 9 0 6 254 250 104 2 2 0 0 5 0 0 0 0 0 0 0 0 0 0 0 0 0 8 6 0 0 0 15 115 255 235 34 0 2 0 1 2 0 0 0 0 0 0 0 0 0 0 0 0 0 0 0 0 24 0 0 169 249 197 0 0 2 0 2 0 0 0 0 0 0 0 0 0 0 0 0 0 0 2 10 0 0 0 24 211 250 130 0 0 0 0 1 0 2 0 0 0 0 0 0 0 0 0 0 0 0 0 4 0 0 15 141 255 234 52 2 1 0 3 1 0 2 0 0 0 0 0 0 0 0 0 0 0 0 11 0 0 10 0 172 255 190 0 10 0 0 5 1 0 2 0 0 0 0 0 0 0 0 0 0 0 0 0 8 0 0 16 227 248 126 0 0 0 0 0 0 0 0 0 0 0 0 0 0 0 0 0 0 0 0 11 0 6 16 0 211 247 38 0 0 0 0 0 0 0 0 0 0 0 0 0 0 0 0 0 0 0 0 0 10 0 0 0 6 0 0 0 0 0 0 0 0 0 0 0 0 0 0 0 0 0 0 0 0 0 0 0 2 0 2 8 2 0 16 0 0 0 0 0 0 0 0 0 0 0 0
0 0 0 0 0 0 0 0 4 0 0 0 0 0 9 1 0 0 0 9 6 0 7 0 0 0 0 0 0 0 0 0 0 0 0 0 0 3 16 12 7 0 0 0 1 15 2 0 0 0 9 2 0 0 0 0 0 0 0 0 0 0 0 0 5 3 0 0 0 0 0 5 0 8 0 1 4 0 1 1 0 0 0 0 0 0 0 0 0 0 0 0 0 8 9 10 5 1 0 8 1 0 0 5 16 0 0 3 0 0 0 0 0 0 0 0 0 0 0 0 2 1 0 0 1 0 0 0 4 0 0 0 1 0 0 8 0 0 0 0 0 0 0 0 0 0 0 0 6 0 5 0 5 0 15 3 0 0 11 0 0 3 4 0 0 0 0 0 0 0 0 0 0 0 0 0 10 0 51 128 237 255 249 162 38 0 2 6 0 7 5 0 0 0 0 0 0 0 0 0 0 0 0 0 0 50 212 255 255 231 255 245 154 19 0 4 0 1 1 2 0 0 0 0 0 13 0 0 0 6 0 3 99 240 244 255 255 234 251 255 252 98 0 0 1 6 0 6 0 0 0 0 0 3 0 6 5 0 0 53 255 243 238 139 6 53 43 44 222 203 20 11 0 6 1 0 0 0 0 0 6 0 0 0 0 1 18 173 252 222 118 27 0 0 0 0 111 216 0 0 0 5 9 0 0 0 0 0 0 0 11 4 4 0 0 181 252 169 3 0 2 7 16 3 135 230 21 0 3 0 0 0 0 0 0 0 3 0 5 0 1 17 37 255 255 99 0 0 0 26 0 78 243 255 143 5 7 0 0 8 0 0 0 0 0 0 12 0 0 0 0 174 222 7 1 0 10 0 18 229 255 252 237 12 2 1 0 4 0 0 0 0 7 2 1 0 0 0 6 185 252 40 3 4 0 7 160 255 255 254 255 26 2 6 0 0 0 0 0 0 0 0 0 8 11 0 4 168 248 227 60 40 71 236 255 251 254 250 209 12 0 3 0 4 0 0 0 0 8 0 0 5 0 0 17 51 240 255 244 255 255 242 255 251 245 255 232 12 9 0 0 4 0 0 0 0 0 0 0 4 2 0 0 15 110 228 255 250 255 255 177 10 182 249 245 18 3 0 0 6 0 0 0 0 0 0 0 3 5 1 0 0 0 48 106 166 144 63 25 0 155 251 255 25 0 0 2 0 0 0 0 0 3 2 0 0 1 6 4 0 0 7 3 0 0 0 9 0 170 255 255 20 0 3 3 0 0 0 0 0 0 0 0 0 0 0 2 0 23 4 0 0 7 0 0 0 173 249 247 15 0 0 2 0 0 0 0 0 0 0 4 1 0 0 0 0 0 1 12 6 0 4 5 0 169 247 253 25 1 0 0 4 0 0 0 0 1 1 4 6 4 0 0 0 11 1 0 0 0 0 0 0 172 254 255 28 3 0 0 1 0 0 0 0 6 0 0 0 1 0 0 5 1 0 2 1 1 3 0 2 172 250 247 14 2 5 7 0 0 0 0 0 0 0 0 0 0 0 0 0 0 0 0 0 0 0 0 0 176 246 254 21 0 6 0 5 0 0 0 0 0 0 0 0 0 0 0 0 0 0 0 0 0 0 0 0 155 255 255 31 0 6 8 0 0 0 0 0 0 0 0 0 0 0 0 0 0 0 0 0 0 0 0 0 10 4 5 0 7 2 0 5 0 0 0 0 0 0 0 0 0 0 0 0 0 0 0 0 0 0 0 0 1 0 0 7 18 4 0 0 0 0 0 0
0 0 0 0 0 0 0 0 0 2 3 0 0 0 2 10 0 0 9 4 0 2 3 2 0 0 0 0 0 0 0 0 0 0 0 0 0 0 0 1 4 2 0 0 6 1 1 0 7 5 0 0 0 0 0 0 0 0 0 0 0 0 0 0 7 1 0 0 0 3 5 4 0 7 7 0 12 0 0 5 0 0 0 0 0 0 0 0 0 0 0 0 0 2 7 6 0 0 0 0 3 0 0 0 16 0 6 0 0 0 0 0 0 0 0 0 0 0 0 0 0 0 1 3 4 5 7 9 6 0 5 3 0 0 12 4 0 0 0 0 0 0 0 0 0 0 0 0 9 2 0 0 0 0 0 0 13 0 3 8 0 3 0 0 0 0 0 0 0 0 0 0 0 0 0 0 0 2 5 4 1 0 1 5 22 114 222 246 182 105 0 5 0 0 0 0 0 0 0 0 0 0 0 0 0 2 0 0 1 55 140 206 255 253 222 220 238 206 5 0 0 0 0 0 0 0 0 0 0 0 0 0 0 12 0 23 133 246 255 225 140 16 0 17 188 222 22 0 0 0 0 0 0 0 0 0 0 0 0 0 32 0 56 194 255 223 105 0 7 55 13 74 249 166 0 4 0 0 0 0 0 0 0 0 0 0 0 0 0 74 252 237 107 11 0 6 11 225 139 254 233 108 16 0 0 0 0 0 0 0 0 0 0 0 0 0 63 229 241 93 4 0 0 0 41 255 255 243 254 107 0 7 0 0 0 0 0 0 0 0 0 0 0 0 160 254 95 0 0 10 0 4 32 245 255 239 173 20 0 2 0 0 0 0 0 0 0 0 0 0 0 0 237 227 13 0 0 0 7 18 169 255 244 187 0 2 0 0 0 0 0 0 0 0 0 0 0 0 0 0 225 219 55 45 46 93 187 242 254 224 102 10 0 2 15 0 0 0 0 0 0 0 0 0 0 0 0 0 103 237 246 255 255 225 232 252 225 38 6 0 1 11 0 11 0 0 0 0 0 0 0 0 0 0 0 0 0 33 94 124 114 29 185 249 78 24 0 0 8 0 0 7 0 0 0 0 0 0 0 0 0 0 0 0 2 0 0 16 0 134 243 183 20 1 0 0 5 3 0 0 0 0 0 0 0 0 0 0 0 0 0 0 14 0 0 0 83 252 217 53 0 0 5 2 2 5 1 0 0 0 0 0 0 0 0 0 0 0 0 0 0 0 0 50 245 254 87 0 0 8 12 2 0 1 2 0 0 0 0 0 0 0 0 0 0 0 0 0 0 0 0 146 245 134 0 14 0 0 0 0 0 0 2 6 0 0 0 0 0 0 0 0 0 0 0 0 12 0 99 242 179 19 0 0 4 0 0 3 5 0 0 2 0 0 0 0 0 0 0 0 0 0 0 0 0 61 207 240 96 0 29 0 7 2 1 5 5 0 0 0 0 0 0 0 0 0 0 0 0 0 0 0 56 217 255 185 0 0 2 1 0 0 0 0 0 1 3 1 0 0 0 0 5 0 0 2 0 0 0 14 207 255 206 53 0 3 0 0 0 0 0 0 0 0 0 0 0 0 0 0 0 0 0 5 5 3 12 26 254 186 64 0 0 4 0 9 0 0 0 0 0 0 0 0 0 0 0 0 1 0 0 4 2 0 2 12 4 0 0 0 12 5 0 0 0 0 0 0 0 0 0 0 0 0 0 0 3 0 0 1 0 0 0 0 0 7 12 0 0 1 8 1 0 0 0 0 0 0 0 0 0 0 0 0
0 0 0 0 0 0 0 0 6 0 0 0 0 6 6 3 0 0 0 3 3 0 0 1 0 0 0 0 0 0 0 0 0 0 0 0 0 1 15 14 1 0 0 0 15 4 0 0 0 1 1 3 0 0 0 0 0 0 0 0 0 0 0 0 4 0 0 0 0 0 0 0 0 2 11 0 0 3 7 0 0 0 0 0 0 0 0 0 0 0 0 0 0 0 4 6 4 2 3 5 34 2 0 4 11 0 0 5 0 0 0 0 0 0 0 0 0 0 0 0 10 4 0 0 0 0 0 0 0 0 4 8 3 0 0 0 0 0 0 0 0 0 0 0 0 0 0 0 0 0 4 6 1 0 2 7 2 8 8 0 0 0 1 0 0 0 0 0 0 0 0 0 0 0 0 0 4 10 6 0 0 42 127 196 238 86 0 0 18 0 0 14 0 0 0 0 0 0 0 0 0 0 0 0 6 0 0 52 149 228 255 255 255 154 35 0 0 4 0 0 0 0 0 0 0 0 0 0 0 0 0 0 0 1 0 218 255 252 253 255 255 252 1 16 0 0 0 6 0 0 0 0 0 0 0 0 0 0 0 0 0 6 40 237 240 209 245 242 247 252 132 0 13 0 0 0 0 0 0 0 0 0 0 0 0 0 0 0 0 0 153 255 203 14 191 251 254 255 119 2 0 0 13 0 0 0 0 0 0 0 0 0 0 0 0 0 8 98 243 255 151 0 181 255 255 162 11 6 0 0 5 6 0 0 0 0 0 0 0 0 0 0 0 0 0 148 255 237 180 11 164 255 186 7 0 0 8 2 0 0 0 0 0 0 0 0 0 0 0 0 0 0 20 202 254 246 27 126 255 233 68 0 13 0 6 0 14 0 0 0 0 0 0 0 0 0 0 0 0 0 34 255 251 255 231 250 249 223 0 11 0 7 0 0 16 0 0 0 0 0 0 0 0 0 0 0 0 0 24 233 249 255 255 248 254 230 0 0 3 0 8 9 0 9 0 0 0 0 0 0 0 0 0 0 0 0 12 108 255 255 232 255 252 250 88 1 0 8 1 0 0 2 0 0 0 0 0 0 0 0 0 0 0 0 1 14 70 80 101 203 255 251 98 0 0 6 0 9 16 0 0 0 0 0 0 0 0 0 0 0 0 0 0 0 17 0 0 89 235 255 115 3 3 13 0 0 3 2 0 0 0 0 0 0 0 0 0 0 0 0 0 5 9 4 0 76 251 255 104 0 0 0 6 0 0 13 0 0 0 0 0 0 0 0 0 0 0 0 0 0 0 1 1 72 255 255 169 9 0 0 2 7 0 0 0 0 0 0 0 0 0 0 0 0 0 0 0 4 4 6 0 25 220 251 248 0 0 10 0 0 8 0 0 0 0 0 0 0 0 0 0 0 0 0 2 0 0 2 3 22 202 247 239 19 4 0 0 0 0 14 0 0 0 0 0 0 0 0 0 0 0 0 0 0 4 0 0 0 182 255 252 165 120 0 7 14 0 0 0 0 0 0 0 0 0 0 0 0 0 0 1 0 2 1 0 26 143 255 252 255 125 7 0 0 11 0 0 0 0 0 0 0 0 0 0 0 0 0 0 0 5 6 0 0 50 116 253 175 24 0 10 0 0 6 0 0 0 0 0 0 0 0 0 0 0 0 0 0 1 8 1 0 0 7 0 5 0 6 16 0 0 0 0 0 0 0 0 0 0 0 0 0 0 0 1 0 0 0 3 3 0 0 2 21 10 0 0 0 14 0 0 0 0 0
0 0 0 0 0 0 0 0 0 2 4 0 0 0 2 4 0 0 0 1 7 4 0 0 0 0 0 0 0 0 0 0 0 0 0 0 13 0 0 0 0 7 13 0 6 0 0 5 0 0 0 15 0 0 0 0 0 0 0 0 0 0 0 0 0 0 8 8 0 0 4 0 8 0 2 9 5 14 8 0 0 0 0 0 0 0 0 0 0 0 0 0 0 14 2 0 2 4 0 0 0 0 2 0 0 0 9 14 0 0 0 0 0 0 0 0 0 0 0 0 5 0 0 8 6 0 0 16 1 17 4 0 18 0 0 0 0 0 0 0 0 0 0 0 0 0 0 0 1 14 18 0 2 151 236 175 184 169 75 0 0 10 0 0 0 0 0 0 0 0 0 0 0 0 0 0 0 0 35 116 199 255 255 250 254 255 234 122 27 1 3 0 0 0 0 0 0 0 0 0 0 0 0 0 74 208 249 241 255 223 177 225 250 241 255 241 101 0 0 2 0 0 0 0 8 2 0 3 0 0 0 77 227 255 213 207 81 31 9 38 60 117 227 255 230 85 2 0 0 0 0 0 0 0 0 13 0 23 153 237 255 195 59 0 3 14 2 0 0 21 60 232 255 218 3 21 0 0 0 0 0 5 4 3 7 161 251 250 125 6 0 8 0 0 5 0 0 7 19 73 252 255 182 0 0 0 0 0 0 2 2 0 205 253 255 51 0 0 1 6 3 15 0 6 0 0 0 0 216 241 255 60 0 0 0 0 2 0 7 0 248 255 91 15 1 17 0 0 0 18 0 12 2 5 15 5 196 246 234 255 0 0 0 0 0 8 9 0 255 157 17 0 1 0 5 14 7 0 1 0 5 0 4 20 220 255 255 200 0 0 0 0 4 0 0 6 255 245 56 8 0 15 1 0 0 7 9 0 37 74 127 225 248 243 255 120 0 0 0 0 4 0 8 0 255 252 237 181 118 104 118 183 65 98 173 192 224 244 255 251 250 255 235 26 0 0 0 0 0 17 0 10 147 249 255 246 252 254 255 254 244 255 246 255 248 255 254 255 244 253 137 0 0 0 0 0 0 11 5 0 0 45 142 255 242 249 239 123 237 251 255 230 242 255 246 255 255 202 1 7 0 0 0 0 17 4 0 9 17 0 0 9 13 0 0 16 38 158 174 137 125 142 254 228 220 59 0 0 0 0 0 0 0 0 0 1 0 0 0 5 8 4 0 0 2 12 0 0 12 157 254 255 68 0 2 0 0 0 0 0 3 0 5 5 1 8 5 0 0 0 19 0 13 1 6 7 12 254 251 196 0 0 0 6 0 0 0 0 5 0 0 0 0 0 7 18 15 7 0 16 0 11 0 7 135 255 231 37 14 0 14 0 0 0 0 0 9 0 0 5 9 0 0 0 0 10 0 0 24 0 0 126 255 254 133 5 8 0 10 0 0 0 0 0 0 2 1 0 0 0 0 7 0 5 2 11 0 0 52 223 254 242 13 5 0 0 0 2 0 0 0 0 0 0 0 0 0 0 0 0 5 0 2 4 0 49 203 255 242 73 0 8 3 0 2 0 0 0 0 0 0 0 0 0 0 0 0 0 1 0 0 19 0 0 24 0 21 0 0 13 0 0 5 0 0 0 0 0 0 0 0 0 0 0 0 0 6 0 0 0 0 0 1 0 0 0 10 1 0 0 12 3 0 0 0 0 0 0 0 0 0 0 0 0 0 2 0 0 0 0 11 21 5 6 2 1 5 5 0 0 0 0 0 0
0 0 0 0 0 0 0 0 0 1 0 0 5 0 0 0 1 7 4 0 0 0 4 1 0 0 0 0 0 0 0 0 0 0 0 0 8 9 1 0 0 0 0 7 0 0 0 4 11 8 0 0 0 0 0 0 0 0 0 0 0 0 0 0 0 0 0 0 0 0 0 0 8 4 2 2 0 0 0 8 0 0 0 0 0 0 0 0 0 0 0 0 0 0 0 4 2 4 6 2 0 0 0 0 0 0 1 3 0 0 0 0 0 0 0 0 0 0 0 0 12 2 3 2 0 0 0 0 12 10 1 0 0 7 2 0 0 0 0 0 0 0 0 0 0 0 0 0 0 0 1 10 0 5 12 0 0 0 1 0 0 0 2 1 0 0 0 0 0 0 0 0 0 0 0 0 13 0 4 6 0 0 7 0 14 0 0 6 8 0 0 4 0 0 0 0 0 0 0 0 0 0 0 0 3 0 13 52 89 165 243 255 246 128 18 0 0 0 0 3 0 0 0 0 8 4 1 0 3 0 12 0 0 104 225 255 250 229 223 173 165 253 120 0 1 10 0 0 0 0 0 0 0 0 2 2 4 0 8 48 224 255 255 157 63 8 11 0 19 221 201 9 1 0 11 0 0 0 0 0 4 0 0 9 3 0 74 217 235 129 36 0 7 2 6 0 0 153 220 3 0 0 1 3 0 0 0 0 9 0 0 0 0 3 150 255 67 17 8 7 18 0 0 4 10 71 212 0 1 2 0 1 0 0 0 0 0 7 11 0 0 13 174 179 6 0 5 0 0 7 9 3 0 79 244 99 7 0 7 0 0 0 0 0 0 0 5 0 1 0 170 205 6 0 18 9 5 4 0 0 25 200 251 255 0 0 0 9 0 0 0 0 9 0 0 9 1 0 103 226 142 3 0 0 2 0 0 8 70 255 237 245 0 10 0 10 0 0 0 0 0 2 0 0 0 4 0 98 228 44 0 0 0 2 0 0 41 210 255 75 0 7 12 0 0 0 0 0 0 0 0 0 0 0 0 0 112 227 196 148 52 46 41 121 249 249 201 2 3 0 0 0 0 0 0 0 0 0 0 0 0 0 0 0 0 64 137 177 240 253 255 242 255 241 106 0 0 1 6 2 0 0 0 0 0 0 0 0 0 0 0 0 17 0 6 0 11 4 31 0 206 192 3 0 9 7 7 0 0 0 0 0 0 0 0 0 0 0 0 0 0 0 9 10 0 1 19 44 242 201 0 3 0 0 4 4 0 0 0 0 0 0 0 0 0 0 0 0 2 11 0 3 0 0 0 83 255 171 9 0 0 0 0 5 0 0 0 0 0 0 0 0 0 0 0 0 0 5 0 2 15 12 4 125 236 96 5 0 10 7 0 0 0 0 0 0 0 0 0 0 0 0 0 0 1 6 0 0 0 0 2 158 255 74 4 0 0 0 2 4 0 0 0 0 0 0 0 0 0 0 0 0 0 3 0 26 0 3 4 165 236 33 0 6 5 0 0 2 0 0 0 0 0 0 0 0 0 0 0 0 0 2 6 0 8 0 33 233 150 0 0 5 0 0 10 0 0 0 0 0 0 0 0 0 0 0 0 0 7 0 3 0 3 0 62 255 154 12 2 2 0 4 6 0 0 0 0 0 0 0 0 0 0 0 0 0 0 0 0 0 0 11 81 233 96 4 0 0 0 5 1 0 0 0 0 0 0 0 0 0 0 0 0 0 0 1 20 8 0 0 0 0 15 0 0 0 0 0 0 6 0 0 0 0
10 1 0 0 0 0 0 1 7 0 0 1 1 6 8 0 6 0 8 0 2 0 0 3 0 0 0 0 0 0 1 5 4 2 2 4 0 0 6 7 0 0 0 0 1 1 4 0 3 13 10 0 0 0 0 0 0 0 3 1 0 0 0 0 7 0 0 0 0 2 7 7 1 8 4 4 0 0 0 4 0 0 0 0 0 3 1 0 0 0 0 0 0 1 3 5 9 3 0 0 0 2 0 15 16 11 7 0 0 0 0 0 0 0 0 0 2 7 6 1 0 4 2 0 0 0 0 14 0 13 5 0 0 0 7 0 0 0 0 0 1 0 0 4 5 0 0 0 10 14 0 0 11 8 0 0 4 0 6 0 12 2 0 6 0 0 0 0 4 0 0 5 1 0 0 10 0 54 109 173 241 255 245 252 250 137 85 0 0 0 0 3 0 0 0 0 3 0 0 4 0 0 20 55 177 239 255 253 221 168 143 168 255 241 245 51 5 4 5 0 0 0 0 0 6 1 7 0 0 43 170 238 255 201 119 51 15 5 3 3 36 99 185 239 96 0 2 0 0 0 0 0 0 1 0 19 24 183 255 245 158 61 0 0 15 7 0 0 0 7 33 204 245 90 27 0 0 0 0 0 3 14 6 0 191 241 190 82 17 0 0 0 0 0 0 12 0 1 0 109 255 242 7 0 0 0 0 0 0 15 0 62 255 248 63 2 0 0 7 4 0 0 0 0 0 7 2 77 255 250 105 9 0 0 0 0 3 0 9 120 245 173 4 0 16 0 0 0 7 2 0 0 4 0 59 221 240 255 125 10 0 0 0 0 0 6 0 132 255 255 45 14 0 0 3 3 0 0 0 0 0 61 225 249 255 251 101 0 0 0 0 0 3 0 0 8 234 245 89 0 0 0 0 0 0 5 3 0 39 235 251 249 255 255 127 0 0 0 0 0 0 5 2 0 116 255 206 119 34 3 0 12 3 0 15 74 230 254 255 245 254 252 123 0 0 0 0 0 5 0 0 0 37 174 255 246 219 186 117 183 143 44 157 251 255 233 184 235 245 255 119 0 0 0 0 0 0 0 8 0 0 59 175 231 214 252 242 255 255 254 228 151 71 73 18 61 250 246 112 0 0 0 0 0 2 0 0 11 1 0 0 0 4 67 115 97 93 104 53 0 3 0 0 201 255 255 106 10 0 0 0 0 4 6 0 0 0 9 13 14 0 0 7 7 9 11 0 5 0 0 0 214 247 211 2 1 0 0 0 0 0 9 11 0 0 0 0 0 12 0 0 0 5 0 0 0 17 0 0 209 238 242 8 0 0 0 0 0 3 0 0 0 6 9 5 7 0 11 5 12 3 0 6 3 0 6 66 241 255 195 0 6 0 0 0 0 0 0 6 9 0 0 0 2 4 0 0 0 1 0 5 0 5 3 192 255 215 14 14 0 0 0 0 0 0 0 0 0 0 2 8 0 0 1 10 0 0 8 0 0 0 106 237 255 201 0 2 3 0 0 0 0 0 0 0 0 0 0 0 0 0 0 0 0 0 0 0 0 11 247 251 248 69 0 0 4 0 0 0 0 0 0 0 0 0 0 0 0 0 0 0 0 0 0 0 0 115 255 233 130 3 0 8 0 0 0 0 0 0 0 0 0 0 0 0 0 0 0 0 0 0 0 0 0 10 2 0 0 11 0 0 4 0 0 0 0 0 0 0 0 0 0 0 0 0 0 0 0 0 0 0 0 0 0 5 0 10 3 0 11 0 0 0 0
0 0 0 0 0 0 0 0 0 0 2 7 3 0 0 1 0 8 10 0 0 0 1 0 0 0 0 0 0 0 0 0 0 0 0 0 5 0 0 0 1 3 2 1 0 0 0 0 0 5 5 2 0 0 0 0 0 0 0 0 0 0 0 0 3 8 8 1 0 0 0 1 4 3 6 10 6 0 0 0 0 0 0 0 0 0 0 0 0 0 0 0 0 1 6 2 0 0 1 0 0 0 0 0 0 0 0 0 0 0 0 0 0 0 0 0 0 0 0 0 7 4 0 0 2 5 0 0 10 6 0 0 0 9 8 0 0 0 0 0 0 0 0 0 0 0 0 0 0 0 0 0 0 0 3 14 0 3 11 8 2 0 0 0 0 0 0 0 0 0 0 0 0 0 0 0 6 0 0 6 6 0 0 0 6 0 0 2 0 0 0 7 0 0 0 0 0 0 0 0 0 0 0 0 6 0 9 104 208 255 255 252 152 62 0 0 10 3 0 6 0 0 0 0 0 0 0 0 0 0 0 0 0 0 130 246 254 255 255 250 255 233 161 53 0 0 7 0 0 0 0 0 0 0 0 0 0 0 0 0 3 122 243 255 241 214 124 100 249 255 242 194 24 0 7 3 0 0 0 0 0 0 0 0 0 0 0 0 60 246 252 250 137 38 28 208 245 255 251 246 20 0 2 0 0 0 0 0 0 0 0 0 0 0 0 0 173 240 249 142 0 91 225 255 255 248 246 198 13 2 7 0 0 0 0 0 0 0 0 0 0 0 0 0 182 255 238 36 177 252 229 255 251 253 255 114 8 0 0 0 0 0 0 0 0 0 0 0 0 0 0 0 181 248 244 226 255 248 255 249 245 248 205 20 0 0 0 0 0 0 0 0 0 0 0 0 0 0 0 0 74 255 249 255 247 237 255 251 255 248 118 0 0 8 3 9 0 0 0 0 0 0 0 0 0 0 0 0 14 60 222 255 225 134 165 253 250 247 66 4 0 1 0 0 0 0 0 0 0 0 0 0 0 0 0 0 0 3 24 68 18 5 141 250 242 139 0 1 0 0 7 0 0 0 0 0 0 0 0 0 0 0 0 0 9 0 5 3 0 14 209 255 255 77 0 6 2 1 0 2 0 0 0 0 0 0 0 0 0 0 0 0 5 0 7 2 7 89 255 240 216 8 0 10 0 4 0 3 0 0 0 0 0 0 0 0 0 0 0 0 1 5 0 0 2 165 255 244 121 0 9 6 0 1 0 0 0 0 0 0 0 0 0 0 0 0 0 0 0 10 0 1 50 229 249 255 52 0 10 0 0 0 1 0 0 0 0 0 0 0 0 0 0 0 0 0 0 3 7 3 143 255 251 252 34 9 0 0 10 0 0 4 0 0 0 0 0 0 0 0 0 0 0 0 4 0 0 0 191 247 253 205 20 6 0 3 2 0 0 3 0 0 0 0 0 0 0 0 0 0 0 0 0 3 1 42 252 255 247 132 0 0 7 11 0 10 0 0 0 0 0 0 0 0 0 0 0 0 0 0 1 0 10 44 255 255 234 79 0 0 0 0 0 0 0 0 0 0 0 0 0 0 0 0 0 0 0 0 0 6 14 0 137 237 226 0 0 0 0 0 0 0 0 0 0 0 0 0 0 0 0 0 0 0 0 0 9 0 6 5 10 142 206 21 0 0 0 0 0 0 0 0 0 0 0 0 0 0 0 0 0 0 0 0 0 14 0 0 0 0 0 0 0 0 0 0 0 0 0 0 0 0 0 0
0 0 0 0 0 0 0 0 0 14 1 6 0 0 2 1 2 0 0 2 0 9 0 0 0 0 0 0 0 0 0 0 0 0 0 0 24 0 0 14 1 0 0 2 6 0 3 8 0 0 0 2 0 0 0 0 0 0 0 0 0 0 0 0 0 0 6 2 0 16 24 0 0 0 0 0 0 2 4 0 0 0 0 0 0 0 0 0 0 0 0 0 11 0 12 4 0 0 0 0 12 15 4 0 8 2 3 0 0 0 0 0 0 0 0 0 0 0 0 0 0 4 2 0 5 12 2 5 0 2 0 7 4 0 0 11 0 0 0 0 0 0 0 0 0 0 0 0 0 11 0 13 95 214 255 246 255 167 2 0 0 12 4 0 0 0 0 0 0 0 0 0 0 0 0 0 6 0 9 181 237 255 234 154 212 252 153 92 7 0 0 0 0 0 0 0 0 0 0 0 0 0 0 0 0 2 46 252 255 253 171 0 75 255 248 154 2 1 2 3 0 0 0 0 0 0 0 0 0 0 0 0 5 0 61 245 255 220 15 5 47 229 255 208 30 0 0 5 0 0 0 0 0 0 0 0 0 0 0 0 3 7 169 246 248 203 4 0 75 255 245 176 17 10 4 0 0 0 0 0 0 0 0 0 0 0 0 0 0 4 164 247 255 106 0 5 85 255 255 164 0 0 0 11 0 0 0 0 0 0 0 0 0 0 0 0 0 0 177 255 211 26 16 0 165 241 255 155 7 5 0 4 0 0 0 0 0 0 0 0 0 0 0 0 1 0 186 248 197 20 0 90 249 244 255 137 9 9 1 0 0 0 0 0 0 0 0 0 0 0 0 0 0 3 111 255 255 115 85 232 255 245 224 78 0 0 6 0 0 0 0 0 0 0 0 0 0 0 0 0 5 0 57 248 252 236 255 252 255 240 90 5 0 10 5 0 0 0 0 0 0 0 0 0 0 0 0 0 0 2 11 144 233 241 182 241 248 255 26 0 9 0 0 10 0 0 0 0 1 1 1 0 0 0 0 0 0 5 0 0 37 48 0 197 253 255 46 0 3 0 0 7 0 0 0 0 1 1 1 0 0 0 0 0 0 3 0 4 0 0 3 189 254 245 37 0 2 0 5 0 0 0 0 0 1 1 0 0 0 0 0 0 15 4 0 15 0 0 4 107 255 248 36 6 3 0 12 0 0 0 0 0 0 0 0 0 0 0 0 0 0 0 2 14 0 0 3 70 252 255 36 0 4 0 12 0 0 0 0 0 0 0 0 0 0 0 0 0 10 1 0 0 0 6 0 79 240 255 38 0 5 0 5 2 0 0 0 0 0 0 0 0 0 0 1 1 0 0 6 0 12 0 0 129 255 255 44 0 8 2 0 2 0 0 0 0 0 0 0 0 0 1 1 1 3 66 114 112 98 68 103 226 255 202 26 2 4 1 0 0 0 0 0 0 0 0 0 0 0 1 1 1 201 248 250 251 255 245 252 254 240 127 0 1 0 0 0 3 0 0 0 0 0 0 0 0 0 0 0 0 16 77 123 133 158 211 243 241 105 21 0 4 0 0 2 1 0 0 0 0 0 0 0 0 0 0 0 0 0 3 14 3 0 4 8 2 18 0 0 13 0 0 4 0 0 0 0 0 0 0 0 0 0 0 0 0 7 4 2 3 0 0 0 0 0 0 5 7 0 0 10 0 0 0 0 0 0 0 0 0 0 0 0 0 3 0 0 4 7 2 3 10 9 4 4 0 0 2 11 0 0 0 0 0
0 0 0 0 0 0 0 0 0 6 0 0 3 1 14 0 0 3 0 13 0 0 0 4 0 0 0 0 0 0 0 0 0 0 0 0 1 4 0 6 4 0 0 0 11 4 0 0 3 4 15 0 0 0 0 0 0 0 0 0 0 0 0 0 0 5 1 0 9 9 21 0 0 0 9 5 0 8 0 0 0 0 0 0 0 0 0 0 0 0 0 0 2 0 5 0 8 0 0 6 0 0 8 0 0 0 0 12 0 0 0 0 0 0 0 0 0 0 0 0 0 0 8 0 5 3 5 0 11 0 9 0 15 0 3 0 0 0 0 0 0 0 0 0 0 0 0 0 0 0 6 0 0 5 2 8 0 14 0 14 0 9 3 0 0 0 0 0 0 0 0 0 0 0 0 0 7 0 2 24 0 0 35 136 204 230 159 170 56 7 0 6 0 0 0 0 0 0 0 0 0 0 0 0 0 14 0 0 24 193 242 255 255 250 255 255 223 20 17 0 0 0 0 0 0 0 0 0 0 0 0 0 0 0 0 7 221 255 255 192 88 1 94 215 255 31 1 0 0 0 0 0 0 0 0 0 0 0 0 0 17 1 0 99 238 255 31 0 3 0 0 255 255 22 0 0 0 0 0 0 0 0 0 0 0 0 0 0 0 13 0 61 255 255 20 12 0 76 108 236 242 131 21 9 0 0 0 0 0 0 0 0 0 0 0 0 0 0 13 21 255 255 241 251 177 241 255 248 189 49 0 0 0 0 0 0 0 0 0 0 0 0 0 0 17 0 0 0 88 195 255 255 245 255 239 190 32 0 0 18 0 0 0 0 0 0 0 0 0 0 0 0 0 0 8 3 0 15 0 25 255 255 181 0 0 0 8 0 0 0 0 0 0 0 0 0 0 0 0 0 18 0 0 6 19 0 46 224 244 220 0 0 0 24 0 2 0 0 0 0 0 0 0 0 0 0 0 0 0 0 5 0 0 11 214 255 233 28 4 0 2 0 0 13 0 0 0 0 0 10 12 1 0 0 0 0 4 0 5 0 7 117 252 255 65 24 0 0 3 0 0 4 0 0 0 0 6 1 0 0 0 3 5 4 0 2 0 17 81 227 255 168 15 0 0 0 5 1 0 2 0 0 0 0 5 0 0 4 1 0 0 0 13 0 0 34 248 255 139 0 0 0 0 3 5 1 0 0 0 0 0 0 0 0 6 8 0 0 2 0 0 19 33 221 255 207 7 7 0 3 4 0 0 0 1 0 0 0 0 0 1 4 4 0 0 3 11 5 0 5 217 248 196 13 12 1 0 0 0 0 0 2 6 3 0 0 0 0 1 7 0 0 4 4 0 0 3 157 255 255 24 33 0 1 0 0 0 0 0 4 2 0 0 0 0 0 0 6 0 0 15 0 0 20 57 222 255 106 0 0 0 10 4 3 3 5 4 0 0 0 0 0 0 0 0 9 0 0 10 0 15 109 253 255 210 0 5 3 3 0 0 0 0 3 1 0 0 5 0 0 0 0 5 4 0 4 8 0 52 211 255 179 56 0 0 3 0 8 0 0 0 0 0 0 0 0 0 0 0 0 0 6 2 0 0 9 113 255 181 45 0 3 13 4 0 0 0 0 0 0 0 0 0 0 0 0 0 0 4 1 0 0 7 0 0 0 16 2 0 3 5 0 0 11 0 0 0 0 0 0 0 0 0 0 0 0 9 1 0 0 0 6 8 0 0 15 9 0 3 14 2 0 0 0 0 0 0 0 0 0 0 0 0 0
0 0 0 0 0 0 0 0 0 1 0 0 0 0 1 7 0 5 0 0 2 9 1 0 0 0 0 0 0 0 0 0 0 0 0 0 0 1 4 7 10 10 2 0 0 4 6 1 0 0 0 14 0 0 0 0 0 0 0 0 0 0 0 0 14 0 0 0 5 0 0 4 0 0 0 5 15 5 0 0 0 0 0 0 0 0 0 0 0 0 0 0 0 8 14 0 0 3 4 0 11 7 7 4 0 0 0 8 0 0 0 0 0 0 0 0 0 0 0 0 8 0 0 0 4 1 0 0 0 0 0 0 0 10 11 0 0 0 0 0 0 0 0 0 0 0 0 0 0 0 0 2 0 23 119 219 255 199 113 29 0 0 15 0 0 0 0 0 0 0 0 0 0 0 0 0 1 3 0 15 114 232 255 243 248 255 251 162 32 0 0 8 0 0 0 0 0 0 0 0 0 0 0 0 0 0 56 179 255 249 151 69 57 156 255 255 119 12 0 0 0 0 0 0 0 0 5 0 0 8 6 0 10 11 239 255 212 49 13 0 0 15 110 255 182 0 11 0 0 0 0 0 2 2 3 0 0 1 0 0 20 212 241 181 30 1 0 0 12 0 26 246 238 36 0 10 0 0 0 0 2 0 0 0 4 5 0 15 154 255 220 22 1 3 0 16 0 44 124 235 219 24 0 2 0 0 0 0 0 0 0 1 5 5 0 64 255 240 60 0 11 0 0 0 0 181 255 255 66 18 1 0 0 0 0 0 2 5 2 1 0 0 0 120 255 146 0 0 0 9 12 0 68 240 255 193 0 2 0 1 0 0 0 0 0 5 1 3 0 0 15 191 229 11 25 0 10 4 6 0 173 247 212 37 20 0 3 0 0 0 0 0 0 2 0 4 0 7 34 247 225 0 0 11 9 0 0 47 230 255 169 0 0 8 0 0 0 0 0 0 0 4 0 2 0 3 31 255 227 0 16 0 0 15 37 230 255 238 178 8 0 0 11 0 0 0 0 0 2 2 6 0 0 0 11 216 233 13 0 0 9 17 154 255 249 255 169 0 5 4 0 2 0 0 0 0 0 2 2 0 1 0 3 155 255 188 19 12 0 48 255 250 180 254 175 0 3 0 1 0 0 0 0 0 0 3 0 0 4 0 0 71 241 254 142 132 151 196 255 91 105 244 180 0 2 0 6 0 0 0 0 0 0 4 0 1 3 0 0 10 127 255 255 250 243 243 239 3 83 247 178 1 5 0 6 0 0 0 0 0 0 4 0 0 0 0 8 0 8 35 137 207 136 115 0 0 118 255 172 1 10 0 4 0 0 0 0 0 0 0 3 0 0 0 11 0 2 14 0 12 0 8 6 0 168 255 170 0 10 0 1 0 0 0 0 0 3 0 7 0 1 0 5 0 6 0 15 0 0 0 0 6 193 255 173 0 4 0 0 0 0 0 0 0 4 0 9 0 6 0 0 0 0 2 0 4 0 12 0 4 195 249 178 0 0 5 1 0 0 0 0 0 0 0 0 0 0 0 0 0 0 0 0 0 0 0 0 0 73 243 103 0 12 0 7 0 0 0 0 0 0 0 0 0 0 0 0 0 0 0 0 0 0 0 0 0 0 27 0 0 8 0 4 9 0 0 0 0 0 0 0 0 0 0 0 0 0 0 0 0 0 0 0 0 1 0 0 8 0 0 0 0 0 0 0 0 0 0 0 0 0 0 0 0 0 0 0 0 0 0 0 0 6 10 9 0 0 14 0 0 0 0 0 0
0 0 0 0 0 0 0 0 5 1 0 0 2 3 1 0 0 3 3 0 0 3 4 0 0 0 0 0 0 0 0 0 0 0 0 0 0 0 4 2 0 0 0 6 0 0 0 0 0 1 3 2 0 0 0 0 0 0 0 0 0 0 0 0 0 3 6 3 0 0 0 1 1 1 3 7 6 0 0 0 0 0 0 0 0 0 0 0 0 0 0 0 0 0 0 0 1 3 1 0 0 0 0 0 2 0 1 6 0 0 0 0 0 0 0 0 0 0 0 0 3 1 0 1 1 1 0 0 15 9 3 1 0 0 2 8 0 0 0 0 0 0 0 0 0 0 0 0 0 0 1 2 0 0 2 6 0 0 0 0 2 3 0 0 0 0 0 0 0 0 0 0 0 0 0 0 5 0 0 0 2 1 0 0 5 12 9 0 0 4 5 0 0 0 0 0 0 0 0 0 0 0 0 0 0 0 24 91 178 243 255 255 185 162 104 32 0 0 4 0 0 0 0 0 0 0 0 0 0 0 0 0 4 27 187 250 255 253 244 247 247 255 248 187 20 0 0 3 0 0 0 0 0 0 0 0 0 0 0 0 8 234 255 241 197 52 0 0 56 85 210 255 114 5 11 0 0 0 0 0 0 0 0 0 0 0 0 0 121 239 253 169 43 0 0 17 5 0 17 84 101 9 0 12 0 0 0 0 0 0 0 0 0 0 0 0 89 254 255 89 0 10 0 0 1 2 0 0 0 0 9 0 0 0 0 0 0 0 0 0 0 0 0 0 6 237 244 237 167 12 51 27 28 32 127 234 199 13 0 12 0 0 0 0 0 0 0 0 0 0 0 0 0 62 239 255 253 255 255 241 251 250 255 255 244 34 0 0 0 0 0 0 0 0 0 0 0 0 0 0 4 3 42 149 208 198 217 219 234 242 254 246 117 0 15 0 0 0 0 0 0 0 0 0 0 0 0 0 2 1 0 0 1 18 0 0 94 255 245 208 19 0 0 0 0 0 0 0 0 0 0 0 0 0 0 0 0 0 11 0 2 13 0 27 180 255 245 63 0 4 2 0 0 0 0 0 0 0 0 0 0 0 0 0 3 5 0 0 3 0 40 189 239 254 120 14 2 0 0 3 0 0 0 0 0 0 0 0 0 0 0 0 0 6 0 6 15 0 206 255 255 174 12 0 0 1 0 4 0 0 0 0 0 0 0 0 0 0 0 0 1 9 6 0 0 55 246 233 201 44 0 8 0 6 0 0 0 0 0 0 0 0 0 0 0 0 0 0 0 1 3 0 50 228 255 255 84 0 4 15 0 0 9 0 0 0 0 0 0 0 0 0 0 0 0 0 2 6 0 18 151 255 247 108 2 2 0 0 13 0 12 0 0 0 0 0 0 0 0 0 0 0 0 0 0 0 4 117 255 255 202 3 0 16 0 0 9 0 4 0 0 0 0 0 0 0 0 0 0 0 0 0 0 2 31 212 255 226 8 8 4 0 6 6 0 15 0 2 0 0 0 0 0 0 0 0 0 0 0 0 0 13 128 245 252 104 4 0 0 0 0 0 0 0 0 0 0 0 0 0 0 0 0 0 0 0 0 0 12 0 145 245 194 0 0 16 0 0 0 0 0 0 0 0 0 0 0 0 0 0 0 0 0 0 0 0 1 0 89 255 74 29 0 1 0 0 0 0 0 0 0 0 0 0 0 0 0 0 0 0 0 0 0 0 1 3 3 0 8 0 0 14 0 0 0 0 0 0 0 0 0 0 0 0
0 0 0 0 0 0 0 0 0 0 0 0 0 0 1 2 3 5 0 0 3 0 0 8 0 0 0 0 0 0 0 0 0 0 0 0 0 0 1 3 2 0 0 0 0 0 0 1 13 9 0 0 0 0 0 0 0 0 0 0 0 0 0 0 2 0 0 0 0 4 10 15 3 11 11 0 0 0 0 6 0 0 0 0 0 0 0 0 0 0 0 0 0 1 5 7 4 0 0 0 0 0 0 0 2 12 1 0 0 0 0 0 0 0 0 0 0 0 0 0 0 0 0 0 0 0 2 5 17 0 6 6 0 3 0 5 0 0 0 0 0 0 0 0 0 0 0 0 2 3 5 5 4 1 0 0 0 0 10 8 0 2 0 0 0 0 0 0 0 0 0 0 0 0 0 0 0 0 0 13 49 100 150 181 246 166 109 21 0 8 8 1 0 0 0 0 0 0 0 0 0 0 0 0 4 49 121 193 242 255 255 253 255 251 253 131 9 0 0 0 0 0 0 0 0 0 0 0 10 0 0 2 17 222 243 255 255 246 255 181 163 151 215 203 19 2 0 1 0 0 0 0 0 13 4 0 0 0 0 33 210 255 255 225 155 55 0 8 0 1 167 243 7 0 12 0 0 0 0 0 0 2 0 4 3 4 19 190 242 255 207 35 0 24 12 0 14 0 20 48 15 10 1 0 0 0 0 0 1 0 0 9 1 0 3 247 255 177 44 0 1 0 3 4 0 0 1 5 0 0 0 4 0 0 0 0 0 9 0 0 0 4 17 235 246 152 0 0 10 0 13 0 0 19 0 59 116 61 0 0 0 0 0 0 0 4 3 5 0 14 69 255 255 167 62 53 42 48 37 50 52 117 224 255 231 9 0 7 0 0 0 0 5 0 0 7 0 0 42 193 255 247 255 248 242 255 250 255 253 255 255 236 239 7 0 4 0 0 0 0 2 0 0 0 6 1 6 29 142 181 249 254 255 250 255 249 250 250 242 255 94 0 17 0 0 0 0 0 0 0 0 0 0 0 0 0 0 1 2 2 0 23 0 0 60 255 249 234 36 0 2 1 0 0 0 0 0 0 0 0 0 0 0 0 9 0 6 3 0 0 8 24 224 239 255 130 6 6 0 7 0 0 0 0 0 0 0 0 0 0 0 0 0 0 10 0 2 17 0 157 255 255 200 12 0 0 0 0 0 0 0 0 0 0 0 0 0 0 0 0 3 8 6 0 0 1 26 209 250 230 94 0 5 10 19 0 0 0 0 0 0 0 0 0 0 0 0 0 0 2 0 9 17 0 223 255 254 57 0 0 0 5 0 0 0 0 0 0 0 0 0 0 0 0 0 0 1 13 0 0 0 38 250 242 180 0 2 9 9 9 0 13 0 0 0 0 0 0 0 0 0 0 0 0 0 6 1 0 5 165 242 255 49 5 0 0 14 0 0 3 0 0 0 0 0 0 0 0 0 0 0 0 8 0 6 0 6 177 255 238 44 0 0 2 0 3 7 1 0 0 0 0 0 0 0 0 0 0 0 0 0 12 0 4 22 226 255 166 0 0 0 0 0 0 0 0 0 0 0 0 0 0 0 0 0 0 0 0 5 8 0 0 15 239 244 48 0 0 0 0 0 0 0 0 0 0 0 0 0 0 0 0 0 0 0 0 5 0 0 23 0 0 0 0 0 0 0 0 0 0 0 0 0 0 0 0 0 0 0 0 0 0 0 0 0 10 0 0 8 19 3 0 0 0 0 0 0 0 0 0 0 0 0 0
0 0 0 0 0 0 0 0 4 1 0 0 0 1 1 0 0 5 0 4 12 0 0 0 0 0 0 0 0 0 0 0 0 0 0 0 0 0 2 3 2 2 2 2 0 7 0 0 0 0 0 11 0 0 0 0 0 0 0 0 0 0 0 0 0 1 3 1 0 0 0 0 0 0 3 0 9 10 0 0 0 0 0 0 0 0 0 0 0 0 0 0 4 2 0 0 0 0 0 1 7 5 4 0 0 6 0 2 0 0 0 0 0 0 0 0 0 0 0 0 1 0 0 1 5 6 3 0 0 0 4 0 0 0 2 17 0 0 0 0 0 0 0 0 0 0 0 0 0 0 1 3 4 1 0 0 6 12 0 0 6 0 0 0 0 0 0 0 0 0 0 0 0 0 0 0 0 2 3 1 0 2 10 17 0 8 0 11 16 0 10 10 0 0 0 0 0 0 0 0 0 0 0 0 0 2 2 0 1 20 53 80 177 250 252 255 172 31 10 0 0 0 0 0 0 0 3 6 0 10 0 13 0 46 43 80 130 216 255 254 242 255 255 248 248 49 0 0 0 0 0 0 4 0 3 4 0 0 23 0 0 0 50 189 255 255 254 246 255 223 198 230 255 52 0 10 0 0 0 0 1 0 0 4 10 0 18 2 35 132 233 255 249 249 255 215 127 48 7 39 79 0 10 0 0 0 0 0 0 5 0 1 11 0 0 95 220 233 255 240 207 114 47 0 9 0 54 242 241 46 0 0 0 0 0 0 0 11 0 0 1 0 31 205 237 255 237 68 7 13 58 90 159 210 242 254 241 45 0 0 0 0 0 0 0 7 3 0 0 0 147 255 255 236 162 95 154 225 248 255 255 250 255 242 219 21 3 4 0 0 0 0 0 0 0 1 1 3 142 248 255 255 255 250 241 255 245 247 253 249 243 254 103 0 2 0 0 0 0 0 6 1 0 0 0 0 29 181 255 244 255 252 198 209 144 66 56 253 255 252 0 5 0 3 0 0 0 0 0 0 0 0 0 0 0 0 42 98 52 55 0 0 5 0 133 249 249 118 0 1 15 0 0 0 0 0 0 0 0 0 0 0 0 0 1 7 0 0 3 0 2 21 211 251 255 56 1 0 0 0 0 0 0 0 0 0 0 0 0 0 0 0 0 0 2 0 10 0 0 96 253 252 205 0 10 0 0 4 0 0 0 0 0 0 0 0 0 0 0 0 6 1 1 13 0 0 13 172 249 255 80 0 5 0 2 0 0 0 0 0 0 0 0 0 0 0 0 0 1 3 0 8 0 0 84 232 255 241 4 10 0 1 0 0 0 0 0 0 0 0 0 0 0 0 0 0 0 5 1 0 1 0 164 255 255 155 0 1 0 9 0 5 0 0 0 0 0 0 0 0 0 0 0 0 0 1 11 0 0 26 214 249 231 52 0 0 0 7 0 8 0 0 0 0 0 0 0 0 0 0 0 0 9 0 0 7 2 112 255 250 204 3 0 12 0 0 1 0 0 0 0 0 0 0 0 0 0 0 0 0 0 4 4 8 0 207 255 243 111 15 0 12 0 0 7 0 0 0 0 0 0 0 0 0 0 0 0 0 19 0 0 0 8 204 249 243 54 0 0 11 0 0 8 0 0 0 0 0 0 0 0 0 0 0 0 0 0 14 19 0 5 209 235 149 1 0 0 5 1 5 7 0 0 0 0 0 0 0 0 0 0 0 0 0 22 0 0 6 0 14 8 0 0 2 3 0 0 3 2 3 0 0 0 0
0 0 0 0 0 0 0 0 0 0 2 3 4 5 1 0 4 0 0 4 4 0 0 0 0 0 0 0 0 0 0 0 0 0 0 0 9 0 0 0 0 0 0 7 2 0 0 0 0 2 7 7 0 0 0 0 0 0 0 0 0 0 0 0 0 0 0 3 5 1 2 8 0 3 6 7 6 2 0 0 0 0 0 0 0 0 0 0 0 0 0 0 0 3 6 0 0 0 0 0 0 0 0 0 0 0 2 10 0 0 0 0 0 0 0 0 0 0 0 0 1 0 0 1 0 0 3 9 5 3 5 7 1 0 0 9 0 0 0 0 0 0 0 0 0 0 0 0 7 0 0 7 3 0 0 5 0 0 0 0 0 6 1 0 0 0 0 0 0 0 0 0 0 0 0 0 7 1 0 0 4 15 37 56 203 238 255 255 255 228 116 0 0 0 0 0 0 0 0 0 0 0 0 0 0 10 7 0 43 146 228 254 238 255 255 235 255 255 147 2 0 0 0 0 3 0 12 0 6 5 0 12 14 0 0 126 222 255 250 253 245 209 204 210 243 255 144 5 0 0 0 0 0 2 9 3 0 0 16 0 0 44 183 255 250 248 196 143 81 0 0 103 246 248 168 0 0 0 0 0 0 4 0 0 0 4 4 0 41 154 248 247 240 147 16 0 0 48 165 220 254 251 153 7 0 0 0 0 6 0 0 0 10 3 0 95 196 255 244 187 94 0 12 0 98 235 251 255 249 255 147 0 0 0 0 0 0 0 10 0 3 0 52 214 255 247 245 66 0 41 111 232 251 255 250 242 254 249 54 9 0 0 0 0 4 0 0 10 0 20 200 255 255 243 158 155 250 255 255 247 253 255 240 255 255 101 0 0 0 0 0 0 9 0 0 1 0 44 255 251 255 239 233 255 245 238 255 251 247 252 249 242 225 72 0 0 0 0 0 0 0 0 16 0 0 36 244 255 247 255 255 253 247 255 241 239 147 247 247 255 152 0 4 0 0 0 0 0 7 11 0 0 11 87 255 249 255 247 255 245 251 205 79 44 92 244 252 216 25 0 0 6 0 0 0 0 0 7 13 4 0 37 205 254 247 250 255 194 93 7 4 30 209 255 247 162 8 0 4 0 0 0 0 0 3 0 0 3 1 0 25 25 38 13 20 10 0 0 13 92 255 240 234 40 0 6 0 2 0 0 0 0 3 0 0 5 15 7 0 4 0 0 11 2 0 4 7 205 238 255 116 22 0 1 3 0 0 0 0 0 4 7 6 0 0 0 0 5 6 5 0 0 3 9 78 255 255 241 93 0 10 8 0 2 0 0 0 0 0 1 0 1 8 25 3 0 0 0 4 3 0 0 189 255 255 220 0 18 0 7 2 1 0 0 0 0 0 11 0 3 0 0 0 0 0 0 8 7 1 76 244 237 242 61 0 0 0 5 0 7 0 0 0 0 2 3 0 13 0 6 5 0 6 0 7 0 8 202 255 250 228 0 8 7 0 0 0 2 0 0 0 0 0 0 0 0 0 0 0 0 0 0 3 3 38 252 255 254 126 20 0 12 1 0 8 0 0 0 0 0 0 0 0 0 0 0 0 0 0 5 5 0 51 255 254 187 39 0 0 9 0 0 8 2 0 0 0 0 0 0 0 0 0 0 0 0 12 0 0 8 0 2 0 14 0 0 6 8 0 0 4 2 0 0 0 0 0 0 0 0 0 0 0 0 3 0 0 13 2 0 0 0 2 8 5 0 3 5 0 0 0 0 0 0
0 0 0 0 0 0 0 0 2 2 0 0 19 0 0 4 0 0 6 0 0 1 0 4 0 0 0 0 0 0 0 0 0 0 0 0 0 4 20 0 0 0 13 0 9 6 4 0 4 7 0 0 0 0 0 0 0 0 0 0 0 0 0 0 20 0 0 8 2 0 4 0 0 0 0 0 0 0 2 4 0 0 0 0 0 0 0 0 0 0 0 0 0 0 7 7 0 2 6 0 0 7 6 11 6 0 0 0 0 0 0 0 0 0 0 0 0 0 0 0 1 11 0 0 0 0 0 15 0 11 0 0 1 0 6 4 0 0 0 0 0 0 0 0 0 0 0 0 0 5 0 1 4 30 112 239 189 195 86 6 4 0 1 0 0 0 0 0 0 0 0 0 0 0 0 0 5 1 0 52 142 238 253 246 250 255 129 0 0 0 1 2 0 0 0 0 0 0 0 0 0 0 0 0 0 7 88 222 255 237 142 60 172 254 133 5 1 0 0 2 0 0 0 0 4 1 0 7 0 0 12 0 1 56 246 245 212 69 0 0 41 98 1 5 0 0 8 0 0 0 0 0 0 0 10 1 9 13 0 7 63 255 241 210 58 0 8 0 0 0 2 7 11 11 0 1 0 0 0 0 5 0 12 0 1 0 0 82 226 255 181 0 3 3 0 7 15 0 3 0 10 0 0 0 0 0 0 0 5 0 7 0 4 1 63 223 239 199 0 28 0 0 7 0 0 50 255 214 8 0 0 16 0 0 0 0 0 0 6 8 0 0 137 255 212 24 0 18 0 0 13 0 0 138 248 244 15 0 4 0 0 0 0 0 3 12 2 0 0 4 185 239 92 0 0 0 0 7 2 0 17 121 255 248 0 10 4 0 0 0 0 0 0 10 0 0 0 23 219 255 18 6 5 4 10 3 0 7 54 214 247 139 12 0 0 11 0 0 0 0 0 2 0 2 6 0 172 254 154 0 0 8 0 0 16 31 135 255 255 32 0 7 0 4 0 0 0 0 2 6 0 0 0 3 97 239 244 150 115 82 28 25 100 217 255 235 254 47 1 0 9 0 0 0 0 0 0 0 0 0 2 0 5 67 142 236 255 242 252 255 255 253 251 255 255 43 0 0 8 0 0 0 0 0 0 8 1 0 12 1 0 0 8 76 144 217 214 163 143 107 102 238 243 47 6 5 3 0 0 0 0 0 0 3 0 0 0 4 2 9 0 0 2 23 0 0 16 2 12 242 247 48 0 0 0 9 0 0 0 0 0 0 0 0 0 0 0 0 0 11 12 0 6 12 0 0 0 253 254 52 0 0 0 6 0 0 0 0 9 0 0 5 7 3 0 0 13 0 0 0 0 3 0 22 7 245 242 47 4 9 0 0 0 0 0 0 0 0 0 0 0 3 6 0 2 0 12 12 0 6 14 0 93 255 250 35 0 4 6 5 0 0 0 0 0 4 11 5 0 2 5 0 0 13 0 0 8 0 0 5 91 251 255 48 0 1 1 0 0 0 0 0 0 0 0 0 0 0 0 0 0 0 0 0 0 0 0 0 29 177 155 16 0 14 0 0 0 0 0 0 0 0 0 0 0 0 0 0 0 0 0 0 0 0 0 0 0 18 6 0 3 2 0 9 0 0 0 0 0 0 0 0 0 0 0 0 0 0 0 0 0 0 0 0 11 0 0 7 0 0 0 0 0 0 0 0 0 0 0 0 0 0 0 0 0 0 0 0 0 0 0 0 0 0 13 11 0 0 8 0 0 0 0 0
0 0 0 0 0 0 0 0 0 2 3 0 0 0 2 5 9 0 0 0 0 0 0 0 0 0 0 0 0 0 0 0 0 0 0 0 0 5 4 0 0 0 0 0 0 0 4 6 4 2 0 0 0 0 0 0 0 0 0 0 0 0 0 0 6 0 0 5 9 1 1 11 10 6 0 0 2 8 2 0 0 0 0 0 0 0 0 0 0 0 0 0 6 0 0 0 2 0 0 0 0 7 5 3 1 0 0 0 0 0 0 0 0 0 0 0 0 0 0 0 0 12 15 0 0 14 11 0 6 8 0 0 5 0 8 1 0 0 0 0 0 0 0 0 0 0 0 0 0 0 2 4 0 0 0 11 4 0 0 16 8 0 5 0 0 0 0 0 0 0 0 0 0 0 0 0 16 0 0 1 0 0 39 96 198 234 255 255 121 2 5 0 0 0 0 0 0 0 0 0 0 0 0 0 0 7 9 0 27 114 209 255 247 250 255 247 107 0 9 0 0 0 0 0 0 0 4 0 1 0 0 4 8 0 15 25 133 243 255 250 248 250 255 202 18 22 0 0 0 0 0 0 1 4 0 0 0 0 0 0 0 15 58 193 255 255 251 230 255 242 255 78 0 0 8 1 0 0 0 0 0 3 0 0 0 6 7 0 0 82 244 255 250 223 71 143 244 255 255 119 0 14 0 0 0 0 0 0 0 2 0 6 2 7 1 0 60 238 255 242 138 44 111 228 253 250 255 155 16 10 0 4 0 0 0 0 0 3 0 5 0 0 0 33 196 247 239 114 56 147 255 255 255 242 254 168 0 0 0 8 0 0 0 0 4 0 0 0 0 3 0 124 255 251 157 118 234 255 251 247 248 252 255 154 0 12 3 0 0 0 0 0 4 0 2 0 0 12 6 213 255 246 248 247 248 254 255 225 255 247 255 49 0 0 18 0 0 0 0 0 4 0 9 2 0 6 0 244 250 255 255 241 255 204 74 176 251 255 219 41 0 8 0 2 0 0 0 0 7 0 10 0 3 0 14 226 255 255 244 238 142 15 27 213 247 255 26 3 0 0 0 8 0 0 0 0 6 0 3 0 9 10 0 59 157 165 99 26 0 0 147 255 255 179 20 1 9 1 0 0 0 0 0 0 4 0 4 0 0 7 0 0 0 21 0 6 3 106 227 249 175 37 0 0 3 0 4 0 0 0 0 0 5 0 0 7 0 0 11 6 13 0 0 0 51 222 255 255 87 0 2 5 3 0 4 0 0 0 0 0 1 2 0 4 9 0 1 1 0 0 15 12 161 248 250 105 14 0 8 10 1 0 12 0 0 0 0 0 0 12 0 0 6 1 0 0 4 8 9 120 255 255 255 67 0 4 0 0 0 0 14 0 0 0 0 0 0 6 9 0 0 0 0 6 0 3 0 207 250 245 232 51 9 16 5 0 2 0 2 0 0 0 0 0 10 0 1 4 0 4 0 0 0 18 88 255 255 245 213 0 0 0 6 2 9 0 2 7 0 0 0 0 0 0 0 0 0 0 0 0 3 0 230 255 242 255 31 2 0 0 0 0 0 0 0 0 0 0 0 0 0 0 0 0 0 0 0 0 0 0 239 250 245 34 0 3 0 0 0 0 0 0 0 0 0 0 0 0 0 0 0 0 0 0 0 0 10 3 0 0 0 0 21 0 0 0 0 0 0 0 0 0 0 0 0 0 0 0 0 0 0 0 0 0 0 1 4 4 0 5 10 0 0 0 0 0 0 0 0 0 0 0 0 0
0 0 0 0 0 0 0 0 7 0 0 1 6 1 0 0 4 0 0 0 3 0 0 12 0 0 0 0 0 0 0 0 0 0 0 0 0 0 10 2 0 0 5 12 0 0 0 0 4 9 0 0 0 0 0 0 0 0 0 0 0 0 0 0 17 2 0 0 0 0 0 0 7 1 6 9 0 0 5 19 0 0 0 0 0 0 0 0 0 0 0 0 0 0 0 8 9 3 0 2 0 0 0 7 4 0 4 0 0 0 0 0 0 0 0 0 0 0 0 0 3 8 0 0 0 4 6 0 0 14 7 1 0 0 10 0 0 0 0 0 0 0 0 0 0 0 0 0 0 0 8 15 6 0 0 10 0 2 0 1 15 0 3 4 0 0 0 0 0 0 0 0 0 0 0 0 2 0 0 0 0 25 115 200 255 192 36 0 0 0 0 5 0 0 0 0 0 0 0 0 0 0 0 0 0 8 0 0 74 197 242 212 212 250 132 18 0 0 13 0 0 0 0 0 0 0 0 0 0 0 0 0 5 4 0 135 239 190 77 8 23 244 232 14 0 0 9 1 0 0 0 0 0 0 0 0 0 0 0 0 0 8 124 239 200 20 9 0 0 255 235 15 11 1 0 0 0 0 0 0 0 0 0 0 0 0 0 0 20 85 255 223 26 1 0 21 62 255 247 2 7 0 0 8 0 0 0 0 0 0 0 0 0 0 0 0 5 167 240 82 0 8 15 0 207 242 232 0 0 0 0 7 0 0 0 0 0 0 0 0 0 0 0 0 113 255 179 0 0 0 6 84 255 241 157 0 2 7 4 0 0 0 0 0 0 0 0 0 0 0 0 0 110 255 150 2 4 15 20 251 252 255 65 4 0 4 4 0 0 0 0 0 0 0 0 0 0 0 0 0 86 255 172 8 11 0 115 250 253 230 14 0 0 0 1 3 0 0 0 0 0 0 0 0 0 0 0 0 4 185 239 136 98 180 217 250 255 123 4 0 7 1 0 0 0 0 0 0 0 0 0 0 0 0 0 0 0 21 155 231 197 94 33 243 255 5 9 3 0 0 5 0 0 0 0 0 0 0 0 0 0 0 0 0 1 0 4 2 1 0 82 247 250 8 0 0 4 2 0 0 0 0 0 0 0 0 0 0 0 0 0 0 9 8 1 0 1 12 191 253 177 5 0 0 5 4 0 0 0 0 0 0 0 0 0 0 0 0 0 0 0 2 3 11 4 38 241 248 57 0 15 0 0 4 0 0 0 0 0 0 0 0 0 0 0 0 0 0 9 3 0 2 0 98 255 242 0 0 16 0 0 1 0 2 0 0 0 0 0 0 0 0 0 0 0 0 0 0 0 1 10 184 251 129 0 0 0 0 8 0 0 6 0 0 0 0 0 0 0 0 0 0 0 0 0 12 0 2 53 247 232 31 7 7 0 2 11 0 0 4 0 0 0 0 0 0 0 0 0 0 0 0 0 10 0 3 87 255 226 0 0 12 0 0 2 0 3 0 0 0 0 0 0 0 0 0 0 0 0 0 0 1 2 3 175 255 144 9 0 0 0 0 0 0 0 0 0 0 0 0 0 0 0 0 0 0 0 0 0 18 0 1 214 226 46 0 0 0 0 0 0 0 0 0 0 0 0 0 0 0 0 0 0 0 0 0 11 0 13 0 0 0 0 5 0 0 0 0 0 0 0 0 0 0 0 0 0 0 0 0 0 0 0 0 3 0 8 1 6 14 0 0 0 0 0 0 0 0 0 0 0 0 0 0
0 0 0 0 0 0 0 0 0 0 4 4 0 0 0 2 0 0 0 0 0 0 2 2 0 0 0 0 0 0 0 0 0 0 0 0 6 3 0 0 0 0 1 4 0 0 0 0 0 0 1 2 0 0 0 0 0 0 0 0 0 0 0 0 0 0 2 7 9 6 0 0 0 0 0 0 0 0 1 2 0 0 0 0 0 0 0 0 0 0 0 0 9 6 1 0 0 0 0 0 1 0 0 0 0 0 1 1 0 0 0 0 0 0 0 0 0 0 0 0 0 0 0 0 0 1 6 11 1 1 0 0 0 0 0 1 0 0 0 0 0 0 0 0 0 0 0 0 2 2 3 2 0 0 0 0 2 1 0 0 0 0 0 0 0 0 0 0 0 0 0 0 0 0 0 0 0 0 0 0 5 7 2 0 2 1 0 0 0 0 0 0 0 0 0 0 0 0 0 0 0 0 0 0 0 33 98 170 219 222 188 155 2 2 0 0 0 0 0 0 0 0 0 0 0 12 0 13 6 0 0 14 136 238 255 252 255 255 254 250 191 12 0 3 0 7 0 0 0 0 0 0 0 11 0 0 0 9 16 177 255 255 242 248 238 245 255 255 243 196 14 7 0 0 0 3 0 0 0 0 0 3 5 0 0 9 87 255 246 255 247 138 25 155 229 255 254 255 178 0 0 11 0 5 0 0 0 0 0 0 10 1 3 0 198 249 255 239 245 16 0 99 250 255 250 249 255 75 6 0 20 0 0 0 0 0 5 0 0 3 0 0 224 244 254 247 132 0 0 112 247 252 255 251 241 190 0 0 7 0 0 0 0 0 1 0 0 7 0 3 115 255 244 255 84 0 12 80 255 255 199 255 254 240 13 10 0 3 0 0 0 0 0 1 0 6 3 3 14 255 255 249 59 15 0 109 230 249 51 255 255 254 102 0 25 0 0 0 0 0 4 2 2 0 7 0 7 255 245 255 205 9 0 179 255 222 10 172 255 255 157 10 0 8 0 0 0 0 4 0 11 0 5 0 12 214 254 243 255 158 19 207 254 183 0 135 249 255 178 0 15 0 0 0 0 0 2 0 7 0 8 10 0 51 226 253 238 255 255 255 242 54 4 71 250 255 246 0 9 0 0 0 0 0 0 0 10 2 0 4 0 0 32 199 255 255 237 250 139 0 0 15 244 249 255 15 0 4 0 0 0 0 4 0 2 7 0 0 10 6 11 15 69 138 141 134 0 2 0 1 234 248 253 71 0 2 0 0 0 0 5 3 0 2 9 0 1 0 0 0 9 5 18 0 3 0 6 0 235 255 255 109 3 0 0 0 0 0 0 11 0 0 9 3 0 0 2 8 0 0 0 0 15 0 4 0 245 253 255 53 0 5 0 0 0 0 0 4 8 0 0 0 0 9 0 0 1 17 0 14 0 1 0 0 246 245 242 7 1 12 0 0 0 0 9 0 3 10 0 0 0 2 2 0 4 0 9 0 0 3 6 4 234 255 255 41 18 0 0 0 0 0 0 0 0 0 0 0 0 0 0 0 0 0 0 0 0 0 0 0 241 248 252 10 9 0 0 0 0 0 0 0 0 0 0 0 0 0 0 0 0 0 0 0 0 0 7 10 222 255 249 28 3 11 0 0 0 0 0 0 0 0 0 0 0 0 0 0 0 0 0 0 0 0 0 0 142 220 174 31 0 0 0 0 0 0 0 0 0 0 0 0 0 0 0 0 0 0 0 0 0 0 18 0 1 13 0 0 0 12 0 0 0 0
0 0 0 0 0 0 0 0 8 0 0 5 5 0 0 3 1 0 0 0 18 0 8 1 0 0 0 0 0 0 0 0 0 0 0 0 0 0 0 0 5 15 8 0 0 12 8 5 0 0 0 2 0 0 0 0 0 0 0 0 0 0 0 0 7 6 3 0 0 0 0 8 3 0 0 0 0 14 3 0 0 0 0 0 0 0 0 0 0 0 0 0 0 0 0 2 10 13 6 0 1 0 8 0 3 0 0 3 0 0 0 0 0 0 0 0 0 0 0 0 0 9 11 0 0 4 4 0 5 0 0 1 1 12 0 3 0 0 0 0 0 0 0 0 0 0 0 0 6 0 0 7 10 0 0 7 0 22 0 15 0 6 0 0 0 0 0 0 0 0 0 0 0 0 0 0 0 0 6 5 0 9 120 241 241 255 233 211 96 0 0 6 0 0 0 0 0 0 0 0 0 0 0 0 2 5 5 35 127 230 255 243 254 216 197 203 181 1 12 0 0 0 0 0 0 0 0 0 0 0 0 0 6 2 122 247 244 254 240 186 82 11 9 41 55 0 2 0 0 0 0 0 0 0 0 0 0 0 0 0 0 34 255 255 207 64 11 0 0 6 0 4 11 1 0 18 0 0 0 0 0 0 0 0 0 0 0 0 11 185 240 239 21 0 19 2 14 4 0 16 144 113 2 0 0 0 0 0 0 0 0 0 0 0 0 0 9 255 247 112 0 24 0 0 0 0 47 207 255 201 4 3 0 0 0 0 0 0 0 0 0 0 0 0 33 247 255 109 7 0 0 10 11 20 173 240 183 56 0 3 0 0 0 0 0 0 0 0 0 0 0 0 13 255 233 240 239 212 122 130 191 214 255 222 43 13 0 7 0 0 0 0 0 0 0 0 0 0 0 0 6 130 255 252 253 255 230 255 237 255 251 106 11 0 14 0 0 0 0 0 0 0 0 0 0 0 0 0 0 0 46 77 143 157 177 184 255 255 139 3 0 1 8 0 0 0 0 0 0 0 0 0 0 0 0 0 0 0 12 0 0 3 27 252 255 166 0 0 11 0 2 4 0 0 0 0 0 0 0 0 0 0 0 0 1 3 0 0 0 52 201 255 230 47 0 7 0 3 0 0 0 0 0 0 0 0 0 0 0 0 0 0 7 3 0 10 11 159 255 244 139 0 0 8 0 1 0 0 0 0 0 0 0 0 0 0 0 0 0 0 0 0 10 0 130 252 255 157 24 4 0 0 7 0 5 3 0 0 0 0 0 0 0 0 0 0 0 0 5 0 7 60 253 255 187 24 0 34 0 0 5 0 3 4 0 0 0 0 0 0 0 0 0 0 0 0 0 1 42 255 247 214 30 0 0 6 0 5 0 8 0 0 0 0 0 0 0 0 0 0 0 0 0 0 2 13 221 239 247 37 8 11 11 0 0 4 0 8 0 0 0 0 0 0 0 0 0 0 0 0 0 0 27 238 249 250 72 1 0 0 0 1 8 0 10 0 2 3 0 0 0 0 0 0 0 0 0 0 0 0 142 253 255 139 19 0 0 0 0 0 0 0 0 0 0 0 0 0 0 0 0 0 0 0 0 0 0 0 172 255 175 7 0 14 10 0 0 0 0 0 0 0 0 0 0 0 0 0 0 0 0 0 0 0 0 0 0 0 0 0 9 0 0 5 0 0 0 0 0 0 0 0 0 0 0 0 0 0 0 0 0 0 0 0 10 0 2 11 0 0 0 5 0 0 0 0 0 0 0 0 0 0 0 0
0 0 0 0 0 0 0 0 0 0 2 3 1 0 0 3 5 1 0 8 0 10 0 1 0 0 0 0 0 0 0 0 0 0 0 0 7 3 0 0 5 7 0 0 1 13 5 3 0 0 0 7 0 0 0 0 0 0 0 0 0 0 0 0 0 0 3 0 0 1 6 7 0 0 0 4 4 12 0 0 0 0 0 0 0 0 0 0 0 0 0 0 10 7 0 0 0 6 2 0 10 3 3 12 2 0 0 17 0 0 0 0 0 0 0 0 0 0 0 0 0 0 0 0 0 0 2 5 2 0 0 0 3 0 0 0 0 0 0 0 0 0 0 0 0 0 0 0 5 0 1 10 13 5 0 0 0 5 12 0 2 3 7 0 0 0 0 0 0 0 0 0 0 0 0 0 0 0 4 0 0 46 162 255 250 252 246 172 86 0 0 4 0 0 0 0 0 0 0 0 0 0 0 0 14 0 4 107 216 255 255 243 255 236 255 255 223 90 14 0 0 0 0 0 0 0 0 0 0 0 0 0 0 0 152 249 255 242 245 173 162 213 134 232 250 164 4 0 0 0 0 0 0 0 0 0 0 0 0 0 8 97 253 233 239 119 9 0 0 18 0 149 255 221 23 14 0 0 0 0 0 0 0 0 0 0 0 0 61 220 255 255 98 18 7 0 1 11 0 141 255 255 146 0 0 0 0 0 0 0 0 0 0 0 0 0 165 255 248 149 3 0 0 6 4 0 91 233 245 238 59 0 0 0 0 0 0 0 0 0 0 0 0 0 128 255 255 164 14 6 0 2 0 63 245 245 255 83 2 15 0 0 0 0 0 0 0 0 0 0 0 0 22 227 255 253 65 20 14 28 96 251 244 255 138 1 0 0 0 0 0 0 0 0 0 0 0 0 0 0 26 138 253 242 255 237 179 251 254 249 253 190 57 15 0 7 0 0 0 0 0 0 0 0 0 0 0 0 0 6 111 231 246 255 255 255 254 244 229 33 0 1 2 0 0 0 0 0 0 4 6 0 0 0 0 0 6 0 0 0 90 53 237 253 255 224 0 2 0 0 4 0 0 0 0 0 0 3 3 0 0 2 3 0 0 2 0 17 6 124 252 248 251 143 0 3 7 0 0 0 0 0 0 0 2 2 0 0 0 3 4 2 0 21 8 0 88 233 255 252 164 32 0 0 8 0 6 0 0 0 0 0 2 0 0 0 1 3 1 0 19 0 1 62 244 255 254 214 45 0 7 0 0 0 11 0 0 0 0 0 0 0 0 2 2 0 0 0 0 2 63 199 255 253 250 67 0 3 11 0 0 0 5 0 0 0 0 0 0 0 1 4 2 0 0 1 0 91 255 234 249 255 71 0 0 17 0 0 8 0 0 2 0 0 0 0 0 0 2 3 0 0 3 14 104 244 255 251 252 81 0 6 1 3 0 0 7 0 0 4 0 0 0 0 0 0 2 2 0 0 9 26 255 255 245 213 67 0 5 0 0 0 13 0 1 0 4 0 0 0 0 0 1 0 6 0 9 0 4 128 251 255 182 58 9 6 0 0 0 0 0 0 0 0 0 0 0 0 0 0 0 0 7 0 2 0 0 75 255 185 60 0 0 6 0 7 0 0 0 0 0 0 0 0 0 0 0 0 0 0 8 0 0 6 0 18 4 0 0 0 10 0 0 5 0 0 0 0 0 0 0 0 0 0 0 0 1 0 5 0 0 10 0 0 3 12 4 0 2 0 0 4 0 0 0 0 0 0 0 0 0 0 0 0
0 0 0 0 0 0 0 0 0 6 0 0 9 14 0 0 7 0 0 5 0 0 13 0 0 0 0 0 0 0 0 0 0 0 0 0 16 0 10 9 0 0 16 6 0 16 0 0 14 2 0 0 0 0 0 0 0 0 0 0 0 0 0 0 0 0 0 0 6 0 0 0 4 1 1 0 0 0 6 0 0 0 0 0 0 0 0 0 0 0 0 0 9 16 0 0 15 7 0 0 0 0 10 12 0 8 11 0 0 0 0 0 0 0 0 0 0 0 0 0 0 0 6 9 0 0 13 0 0 6 0 0 0 2 0 7 0 0 0 0 0 0 0 0 0 0 0 0 7 0 0 0 0 0 4 3 2 0 7 3 9 14 0 13 0 0 0 0 0 0 0 0 0 0 0 0 0 0 0 47 123 141 146 187 233 154 135 86 19 1 0 0 0 0 0 0 0 0 0 0 0 0 0 0 3 9 100 222 255 253 248 253 255 244 255 247 207 122 12 7 0 0 0 0 7 0 3 0 4 0 0 0 11 225 250 246 255 255 255 253 251 255 247 246 254 204 0 11 0 0 0 0 3 0 17 5 0 9 5 14 175 252 255 255 246 246 239 193 161 251 254 253 255 189 0 0 0 0 0 0 4 2 0 0 5 0 0 108 255 249 225 255 157 0 26 6 23 228 255 254 255 147 12 6 0 0 0 0 2 6 0 0 18 0 48 216 245 255 255 102 0 0 1 0 14 246 252 248 255 107 15 0 0 0 0 0 0 0 5 1 0 6 179 252 255 241 178 10 1 25 0 3 31 249 255 247 231 30 0 0 0 0 0 0 0 0 5 3 0 0 196 250 250 255 72 0 16 0 1 0 92 239 254 252 223 0 0 11 0 0 0 0 2 10 0 0 12 0 157 253 255 237 124 46 79 128 158 242 238 255 247 252 249 27 10 0 0 0 0 0 0 0 1 0 0 21 183 254 250 255 243 254 254 255 243 251 255 247 255 248 219 0 9 3 0 0 0 0 0 5 0 0 0 17 124 255 252 253 244 255 244 255 255 243 253 255 240 255 133 0 3 0 0 0 0 0 0 0 0 0 0 0 47 142 255 248 255 242 232 154 117 53 250 255 250 231 134 0 14 11 0 0 0 0 0 2 0 0 7 0 0 24 0 73 110 118 19 0 0 65 205 246 255 255 146 6 0 0 0 0 0 0 4 3 0 0 11 2 0 0 0 0 3 0 0 0 22 109 248 255 243 240 43 0 0 21 0 0 0 0 0 0 0 0 3 5 2 3 12 6 7 0 3 0 0 115 243 255 246 253 5 8 0 0 0 0 0 0 0 0 1 0 0 0 3 4 0 0 0 9 0 19 0 172 255 248 251 205 0 0 7 0 0 0 0 0 1 0 5 5 0 0 1 0 6 2 16 0 8 0 6 225 254 246 253 157 0 0 7 0 0 0 0 0 0 0 0 4 0 0 2 0 0 2 0 4 0 7 0 229 250 255 247 133 3 2 0 3 0 0 0 0 0 0 0 0 0 0 0 0 1 0 13 0 2 0 10 215 245 255 241 42 8 0 9 0 0 0 0 0 0 0 0 0 0 0 0 0 2 0 6 0 8 10 0 50 222 223 181 26 2 0 3 6 0 0 0 0 0 0 0 0 0 0 0 0 3 0 6 0 0 8 0 0 0 4 16 0 4 2 0 6 0 0 0 0 0 0 0 0 0 0 0 0 7 0 1 7 0 0 12 6 0 3 0 0 9 3 0 0 0 0 0 0
0 0 0 0 0 0 0 0 1 0 2 7 5 0 0 4 0 8 4 0 4 10 1 0 0 0 0 0 0 0 0 0 0 0 0 0 6 2 0 0 0 7 7 0 0 0 0 0 0 0 0 8 0 0 0 0 0 0 0 0 0 0 0 0 0 0 6 18 10 0 0 7 5 5 7 9 4 0 0 1 0 0 0 0 0 0 0 0 0 0 0 0 0 5 1 0 0 4 5 0 0 0 0 0 0 1 3 0 0 0 0 0 0 0 0 0 0 0 0 0 0 0 5 9 3 0 0 11 6 0 2 0 0 0 6 0 0 0 0 0 0 0 0 0 0 0 0 0 9 1 0 5 7 0 0 0 3 0 5 13 0 0 2 0 0 0 0 0 0 0 0 0 0 0 0 0 0 0 0 26 122 217 217 159 60 0 0 0 0 0 6 0 0 0 0 0 0 0 0 0 0 0 0 0 2 0 66 199 255 254 241 255 242 100 5 0 0 0 4 0 0 0 0 0 1 0 0 9 0 3 0 1 13 125 252 233 173 116 63 98 218 175 1 4 0 5 0 0 0 0 0 0 3 3 0 0 0 9 0 11 98 255 237 94 0 0 13 0 80 255 213 26 0 0 24 0 0 0 0 0 0 9 0 0 0 9 0 33 237 255 76 0 0 1 13 0 51 249 253 29 17 0 0 0 0 0 0 0 0 7 2 1 3 1 0 78 255 255 3 4 18 0 15 0 85 249 252 16 0 0 0 8 0 0 0 0 0 1 2 5 2 0 1 139 255 152 0 0 0 2 0 61 192 255 255 24 0 6 3 0 0 0 0 0 4 0 0 2 0 0 12 169 243 72 7 12 4 12 17 189 255 245 237 30 21 0 3 0 0 0 0 0 7 0 2 0 0 0 3 136 255 164 0 8 54 118 251 233 127 221 255 51 0 0 5 4 0 0 0 0 5 0 6 3 0 6 0 82 252 247 252 243 236 255 228 73 0 193 255 113 5 10 0 4 0 0 0 0 0 0 0 0 0 0 0 0 107 221 246 247 204 88 24 4 0 212 238 120 10 0 0 10 0 0 0 0 0 0 0 0 0 0 0 0 0 28 0 0 14 0 0 0 10 206 255 156 0 2 1 0 0 0 0 0 0 0 0 0 0 0 0 0 0 10 0 0 6 0 8 0 4 163 255 200 0 6 7 0 0 0 0 0 0 0 0 0 0 0 0 0 0 10 8 12 0 0 0 0 0 131 241 228 0 5 0 4 0 0 0 0 0 0 0 0 0 0 0 0 4 0 0 0 0 0 14 7 0 163 248 226 0 4 0 4 0 0 0 0 0 0 0 0 0 0 0 0 0 0 1 10 5 1 0 0 0 204 255 211 0 5 0 0 0 0 0 0 0 0 0 0 0 0 0 0 0 0 3 2 0 0 0 8 0 208 255 225 21 2 7 0 0 0 0 0 0 0 0 0 0 0 0 0 8 0 0 0 5 4 0 3 3 196 254 255 56 0 7 0 0 0 0 0 0 0 0 0 0 0 0 0 0 0 0 0 0 0 0 0 7 131 255 235 50 1 0 9 0 0 0 0 0 0 0 0 0 0 0 0 0 0 0 0 0 0 0 0 0 51 150 108 18 0 0 0 0 0 0 0 0 0 0 0 0 0 0 0 0 0 0 0 0 0 0 0 0 0 33 0 0 3 4 0 0 0 0 0 0 0 0 0 0 0 0 0 0 0 0 0 0 0 0 0 3 0 1 0 0 4 0 2 0 0 0 0
0 0 0 0 0 0 0 0 3 0 0 0 0 1 0 0 0 0 0 2 4 2 0 0 0 0 0 0 0 0 0 0 0 0 0 0 1 0 0 0 1 2 1 0 0 8 9 0 0 0 7 7 0 0 0 0 0 0 0 0 0 0 0 0 0 0 0 0 2 3 2 0 5 0 0 5 8 0 0 1 0 0 0 0 0 0 0 0 0 0 0 0 0 0 0 0 1 1 0 0 10 0 0 9 10 0 0 0 0 0 0 0 0 0 0 0 0 0 0 0 0 0 0 0 0 0 0 0 0 2 5 0 0 0 9 9 0 0 0 0 0 0 0 0 0 0 0 0 0 0 0 0 0 0 0 0 15 5 2 7 7 0 0 0 0 0 0 0 0 0 0 0 0 0 0 0 0 1 1 0 0 0 4 8 0 0 0 1 0 0 1 7 0 0 0 0 0 0 0 0 0 0 0 0 0 0 1 0 0 2 9 15 188 250 223 87 0 0 13 0 0 0 0 0 0 0 0 0 0 0 0 0 5 0 0 0 74 168 196 210 255 242 255 194 0 4 0 0 0 0 0 0 0 0 0 0 0 0 0 0 0 15 20 42 209 248 252 243 184 191 194 244 58 2 11 8 0 0 0 0 0 0 0 0 0 0 0 0 6 0 0 224 236 255 141 96 8 14 2 224 5 0 0 0 0 0 0 0 0 0 0 0 0 0 0 0 3 0 151 255 191 48 0 8 155 213 112 76 0 12 10 0 0 0 0 0 0 0 0 0 0 0 0 0 0 0 223 241 29 0 0 17 255 247 87 3 0 0 9 2 0 0 0 0 0 0 0 0 0 0 0 0 4 67 247 126 8 3 9 136 232 255 27 0 7 22 0 0 0 0 0 0 0 0 0 0 0 0 0 0 0 0 228 237 242 241 200 238 255 115 0 1 12 0 7 2 0 0 0 0 0 0 0 0 0 0 0 0 4 0 199 255 247 250 203 232 251 41 1 8 0 12 4 0 0 0 0 0 0 0 0 0 0 0 0 0 8 0 59 108 200 139 46 255 201 8 0 8 1 0 5 5 0 0 0 0 0 0 0 0 0 0 0 0 1 0 0 8 10 15 138 245 132 0 0 7 1 0 4 0 0 0 0 0 0 0 0 0 0 0 0 0 0 8 0 18 0 27 255 248 58 0 6 1 0 6 3 0 0 0 0 0 0 0 0 0 0 0 0 0 0 0 0 0 0 85 255 235 23 2 8 0 0 6 0 0 0 0 0 0 0 0 0 0 0 0 0 0 0 0 12 4 10 110 209 99 11 7 1 0 0 4 0 5 0 0 0 0 0 0 0 0 0 0 0 0 0 0 0 0 0 151 255 83 0 3 0 1 2 5 0 3 0 0 0 0 0 0 0 0 0 0 0 0 0 10 0 13 8 175 218 0 0 4 0 6 0 6 0 1 0 0 0 0 0 0 0 0 0 0 0 0 3 3 0 0 35 226 199 4 0 11 0 5 0 6 3 1 0 0 0 0 0 0 0 0 0 0 0 0 0 17 0 3 143 250 163 0 0 0 0 0 0 0 0 0 0 0 0 0 0 0 0 0 0 0 0 0 0 3 9 3 185 255 86 17 0 0 0 0 0 0 0 0 0 0 0 0 0 0 0 0 0 0 0 0 7 0 11 28 209 247 16 0 0 0 0 0 0 0 0 0 0 0 0 0 0 0 0 0 0 0 0 0 0 0 2 0 1 2 0 22 0 0 0 0 0 0 0 0 0 0 0 0
0 0 0 0 0 0 0 0 0 2 8 0 8 0 2 0 6 0 4 8 0 0 9 0 0 0 0 0 0 0 0 0 0 0 0 0 0 0 0 7 1 0 0 0 0 0 0 2 0 0 0 2 0 0 0 0 0 0 0 0 0 0 0 0 4 2 0 0 0 11 15 2 2 6 0 0 1 2 0 2 0 0 0 0 0 0 0 0 0 0 0 0 5 0 6 0 1 0 0 0 0 0 6 3 0 0 3 0 0 0 0 0 0 0 0 0 0 0 0 0 0 1 0 0 0 15 10 0 13 0 0 15 0 0 3 0 0 0 0 0 0 0 0 0 0 0 0 0 0 2 0 37 0 14 85 237 146 38 0 0 0 0 3 0 0 0 0 0 0 0 0 0 0 0 0 0 0 34 0 0 65 212 254 254 255 169 46 0 0 11 0 0 0 0 0 0 0 0 0 0 0 0 0 0 1 0 5 42 231 255 247 211 246 255 157 15 0 5 0 2 0 0 0 0 0 0 0 0 0 0 0 0 0 0 0 125 255 255 135 23 233 255 189 2 0 0 14 0 0 0 0 0 0 0 0 0 0 0 0 0 0 8 55 255 252 158 0 0 108 243 199 0 17 0 8 0 0 0 0 0 0 0 0 0 0 0 0 0 1 0 66 255 239 119 0 9 109 255 206 22 0 0 2 0 0 0 0 0 0 0 0 0 0 0 0 0 0 16 55 219 250 126 0 0 111 249 236 172 9 8 6 0 0 0 0 0 0 0 0 0 0 0 0 0 0 19 50 255 247 160 52 0 132 236 255 239 35 0 0 0 0 0 0 0 0 0 0 0 0 0 0 0 0 0 17 212 255 255 221 137 230 255 236 104 13 0 0 5 0 0 0 0 0 0 0 0 0 0 0 0 0 23 0 23 208 255 248 255 255 255 193 0 10 1 2 5 0 0 0 0 0 0 0 0 0 0 0 0 8 0 3 0 24 126 184 248 250 250 200 0 1 4 0 0 0 0 0 0 0 0 0 0 0 0 0 0 3 12 0 4 2 0 21 25 232 245 92 2 0 0 11 0 0 0 0 0 0 0 0 0 0 0 0 0 2 0 0 0 7 1 0 50 240 254 78 10 1 0 12 0 0 0 0 0 0 0 0 0 0 0 0 0 0 6 8 0 12 0 8 192 245 198 14 0 0 0 0 0 0 0 0 0 0 0 0 0 0 0 0 0 0 0 35 13 0 46 127 232 255 113 0 0 8 1 0 8 0 0 0 0 0 0 0 0 0 0 0 0 0 31 231 182 21 136 255 255 225 32 0 4 7 2 1 3 0 0 0 0 0 0 0 0 0 0 0 0 1 20 255 248 148 244 255 251 101 0 14 0 0 0 5 0 0 0 0 0 0 0 0 0 0 0 0 0 0 18 172 255 255 255 242 235 15 0 16 0 0 2 13 2 0 0 0 0 0 0 0 0 0 0 0 0 5 0 48 219 255 251 251 82 0 15 0 0 5 0 0 0 0 0 0 0 0 0 0 0 0 0 0 0 5 1 0 39 170 254 160 0 0 0 0 0 0 0 0 0 0 0 0 0 0 0 0 0 0 0 0 0 0 4 4 0 0 4 7 0 0 0 0 0 0 0 0 0 0 0 0 0 0 0 0 0 0 0 0 0 10 1 2 12 12 0 0 3 0 0 0 0 0 0 0 0 0 0 0 0 0 0 0 0 0 0 0 0 0 0 0 0 2 3 0 0 0 0 0 0 0 0 0 0 0 0 0 0
0 0 0 0 0 0 0 0 3 0 0 0 4 0 0 8 0 1 0 0 0 2 0 0 0 0 0 0 0 0 0 0 0 0 0 0 0 2 3 4 7 1 0 0 6 0 0 1 1 0 0 7 0 0 0 0 0 0 0 0 0 0 0 0 3 4 0 0 0 2 7 8 0 0 2 4 1 0 0 1 0 0 0 0 0 0 0 0 0 0 0 0 0 0 1 4 0 0 0 0 0 12 12 0 0 5 4 0 0 0 0 0 0 0 0 0 0 0 0 0 5 0 0 10 3 1 8 8 0 0 0 0 0 4 8 6 0 0 0 0 0 0 0 0 0 0 0 0 11 0 0 4 0 0 0 0 5 0 5 16 12 0 0 0 0 0 0 0 0 0 0 0 0 0 0 0 0 0 10 9 0 12 22 0 0 4 7 0 0 0 6 11 0 0 0 0 0 0 0 0 0 0 0 0 3 0 1 0 12 111 193 194 249 253 186 65 0 1 10 0 0 0 0 0 0 0 0 0 0 0 0 0 5 0 0 22 190 251 255 252 249 240 255 119 0 6 0 4 0 0 0 0 0 0 0 0 0 0 0 0 0 0 78 241 255 248 255 247 245 244 252 153 3 0 12 8 0 0 0 0 0 0 0 0 0 0 0 0 11 31 253 254 241 189 81 38 10 255 252 60 0 8 0 0 0 0 0 0 0 0 0 0 0 0 0 0 10 229 255 246 132 0 1 0 18 230 255 150 11 0 9 9 0 0 0 0 0 0 0 0 0 0 0 0 89 239 231 124 13 0 1 1 42 250 249 69 0 14 0 0 0 0 0 0 0 0 0 0 0 0 0 0 111 253 194 0 0 7 0 23 154 252 245 67 0 11 0 5 0 0 0 0 0 0 0 0 0 0 0 0 117 233 237 182 22 45 132 203 251 255 246 74 0 0 3 0 0 0 0 0 0 0 0 0 0 0 0 0 72 255 255 240 255 252 252 253 253 255 180 4 0 2 6 0 0 0 0 0 0 0 0 0 0 0 0 0 73 119 192 254 251 255 242 255 255 215 21 0 0 10 0 0 0 0 0 0 0 0 0 0 0 0 0 0 3 0 11 67 131 159 200 254 255 123 5 0 11 0 0 8 0 0 0 0 0 0 0 0 0 0 0 0 0 2 0 0 9 0 117 238 223 25 0 1 13 0 0 8 0 0 0 0 0 0 0 0 0 0 0 0 0 0 6 0 4 7 182 255 138 0 0 0 1 0 5 0 0 0 0 0 0 0 0 0 0 0 0 0 20 0 6 0 5 78 242 229 50 0 0 0 0 0 6 0 0 0 0 0 0 0 0 0 0 0 0 0 0 0 6 0 3 147 255 147 1 13 0 9 0 0 0 0 0 0 0 0 0 0 0 0 0 0 0 0 5 5 0 0 23 217 218 23 0 11 0 6 1 0 0 4 0 0 0 0 0 0 0 0 0 0 0 0 0 14 0 0 19 244 199 0 0 4 2 0 0 4 3 0 0 0 0 0 0 0 0 0 0 0 0 0 5 0 0 0 151 247 144 8 0 0 0 0 0 0 0 0 0 0 0 0 0 0 0 0 0 0 0 0 0 0 11 59 230 237 79 0 0 0 0 0 0 0 0 0 0 0 0 0 0 0 0 0 0 0 0 0 10 14 0 35 229 188 3 0 0 0 0 0 0 0 0 0 0 0 0 0 0 0 0 0 0 0 0 0 0 0 7 0 0 0 0 20 0 0 0 0 0 0 0 0 0 0 0 0
0 0 0 0 0 0 0 0 0 0 1 0 0 5 5 0 0 0 0 0 5 9 3 0 0 0 0 0 0 0 0 0 0 0 0 0 2 1 0 0 0 0 0 0 6 3 2 1 0 0 0 9 0 0 0 0 0 0 0 0 0 0 0 0 0 0 0 5 6 4 4 5 0 0 0 7 3 0 0 6 0 0 0 0 0 0 0 0 0 0 0 0 8 1 0 0 0 0 0 0 0 0 0 1 5 5 0 0 0 0 0 0 0 0 0 0 0 0 0 0 0 0 0 8 9 4 0 0 5 9 3 0 0 3 6 0 0 0 0 0 0 0 0 0 0 0 0 0 0 2 0 0 0 0 2 0 0 0 3 0 0 0 2 1 0 0 0 0 0 0 0 0 0 0 0 0 0 6 7 0 0 4 3 0 11 0 0 3 6 0 0 0 0 0 0 0 0 0 0 0 0 0 0 0 16 92 183 243 255 248 190 132 98 35 0 0 6 0 0 5 0 0 0 0 0 15 0 10 0 0 2 35 136 250 255 226 224 223 228 255 255 230 42 10 6 0 3 1 0 0 0 0 1 0 14 0 7 17 79 230 255 179 86 25 0 7 11 86 173 255 255 107 4 0 0 0 0 0 0 0 11 0 4 12 0 39 228 255 169 11 19 0 8 2 0 3 79 226 255 192 0 0 13 2 0 0 0 0 0 2 6 0 1 153 255 234 54 0 0 12 0 18 0 57 219 255 249 230 17 4 4 0 0 0 0 0 0 15 0 1 0 130 248 209 13 3 0 22 10 0 13 187 255 237 254 161 1 6 0 1 0 0 0 0 12 1 0 18 0 11 233 246 191 14 0 0 0 10 205 245 232 255 255 169 7 0 0 1 0 0 0 0 0 0 10 0 13 17 102 255 239 199 95 92 155 225 251 248 120 255 220 167 13 0 4 0 0 0 0 0 0 0 1 10 0 0 10 100 226 255 248 242 255 255 177 68 48 244 255 108 8 0 8 0 0 0 0 0 0 0 0 0 0 0 0 0 41 133 180 252 140 129 7 0 58 249 251 41 13 0 0 1 0 0 0 0 0 0 0 0 0 0 0 0 0 0 1 5 0 5 0 2 41 255 255 38 4 3 6 1 0 0 0 0 0 0 0 0 0 0 0 0 4 0 4 0 0 0 14 0 60 255 215 12 0 0 0 0 0 0 0 0 0 0 0 0 0 0 0 0 0 4 0 15 1 0 4 0 159 255 150 6 12 4 2 13 0 0 0 0 0 0 0 0 0 0 0 0 10 7 0 3 0 7 3 26 223 246 76 0 5 0 0 0 0 0 0 0 0 0 0 0 0 0 0 0 0 0 1 0 8 0 0 68 255 249 58 3 10 2 7 2 0 0 0 0 0 0 0 0 0 0 0 0 0 0 15 0 9 0 10 156 244 216 20 0 0 0 6 0 0 0 0 0 0 0 0 0 0 0 0 0 3 0 1 0 5 3 0 159 252 194 0 6 0 0 13 0 0 0 0 0 0 0 0 0 0 0 0 0 0 9 0 4 9 0 52 224 248 196 0 4 11 0 0 0 0 0 0 0 0 0 0 0 0 0 0 0 0 6 0 0 1 2 105 255 255 86 0 0 0 10 1 0 0 0 0 0 0 0 0 0 0 0 0 0 2 6 0 0 0 15 108 231 149 0 14 1 0 4 0 2 0 0 0 0 0 0 0 0 0 0 0 0 0 0 8 10 1 0 0 4 4 0 14 0 12 0 0 4 0 0 0 0
0 0 0 0 0 0 0 0 5 3 0 0 2 0 0 0 0 0 15 3 0 12 4 0 0 0 0 0 0 0 0 0 0 0 0 0 0 1 5 3 4 1 0 3 16 22 0 0 11 0 0 11 0 0 0 0 0 0 0 0 0 0 0 0 11 1 0 0 0 7 6 0 0 1 0 8 0 0 13 0 0 0 0 0 0 0 0 0 0 0 0 0 0 0 8 14 3 0 0 0 23 0 0 10 0 0 16 0 0 0 0 0 0 0 0 0 0 0 0 0 6 0 0 10 2 0 3 5 0 10 13 0 0 7 0 11 0 0 0 0 0 0 0 0 0 0 0 0 7 0 0 0 0 0 4 0 0 0 12 0 0 5 0 5 0 0 0 0 0 0 0 0 0 0 0 0 0 4 6 0 0 105 224 255 221 51 0 10 18 0 0 2 0 0 0 0 0 0 0 0 0 0 0 0 0 0 0 10 81 212 255 222 253 174 31 0 0 3 9 0 0 0 0 0 0 0 0 0 0 0 0 0 6 0 7 153 247 219 87 11 19 108 0 0 5 0 0 6 0 0 0 0 0 0 0 0 0 0 0 0 2 4 172 238 210 43 0 0 33 224 163 8 0 9 0 0 0 0 0 0 0 0 0 0 0 0 0 0 0 83 243 249 18 6 9 80 230 255 169 0 0 6 4 3 0 0 0 0 0 0 0 0 0 0 0 0 9 204 255 64 2 8 139 252 200 246 165 4 0 2 1 0 0 0 0 0 0 0 0 0 0 0 0 0 3 255 247 150 140 233 233 81 63 251 141 0 8 2 0 9 0 0 0 0 0 0 0 0 0 0 0 0 0 75 242 247 255 219 10 14 142 250 60 0 8 6 0 14 0 0 0 0 0 0 0 0 0 0 0 0 13 0 38 107 98 16 8 0 223 251 58 4 0 7 17 0 0 0 0 0 0 0 0 0 0 0 0 0 0 0 0 0 3 1 0 30 249 235 41 4 2 0 0 7 0 0 0 0 0 0 0 0 0 0 0 0 4 0 8 0 1 0 0 119 255 178 5 2 0 3 3 2 0 0 0 0 0 0 0 0 0 0 0 0 3 0 2 0 5 11 10 200 241 88 0 0 2 2 0 0 0 0 0 0 0 0 0 0 0 0 0 0 1 1 0 0 5 13 23 255 255 25 0 0 7 0 0 2 0 0 0 0 0 0 0 0 0 0 0 0 0 1 0 3 0 0 59 255 208 0 1 0 7 0 1 5 0 0 0 0 0 0 0 0 0 0 0 0 0 0 0 5 0 0 141 249 175 21 10 0 0 0 0 5 0 0 0 0 0 0 0 0 0 0 0 0 2 0 0 3 0 32 231 254 72 0 0 7 15 5 0 0 0 0 0 0 0 0 0 0 0 0 0 0 0 2 0 3 0 74 255 255 221 52 8 0 0 0 7 13 0 0 0 0 0 0 0 0 0 0 0 0 0 4 0 4 0 97 252 247 226 9 0 0 9 0 2 0 0 0 0 0 0 0 0 0 0 0 0 0 0 5 0 12 0 96 255 234 29 12 0 0 3 2 0 0 0 0 0 0 0 0 0 0 0 0 0 0 5 3 0 4 4 95 233 216 11 1 0 0 3 2 0 0 0 0 0 0 0 0 0 0 0 0 0 0 4 4 5 2 0 0 22 0 0 0 0 0 3 1 0 0 0 0 0 0 0 0 0 0 0 0 0 0 0 0 6 5 2 10 6 0 0 0 2 4 2 0 0 0 0 0 0 0
0 0 0 0 0 0 0 0 0 0 5 0 4 0 3 0 4 0 3 7 3 0 0 8 0 0 0 0 0 0 0 0 0 0 0 0 3 4 0 2 0 1 0 3 0 0 3 0 0 22 0 0 0 0 0 0 0 0 0 0 0 0 0 0 2 1 0 0 0 0 0 0 15 0 3 12 0 13 0 0 0 0 0 0 0 0 0 0 0 0 0 0 0 0 8 0 14 0 4 0 0 3 0 5 0 0 13 4 0 0 0 0 0 0 0 0 0 0 0 0 1 0 2 0 5 1 4 1 0 22 8 0 8 0 0 0 0 0 0 0 0 0 0 0 0 0 0 0 0 3 0 1 0 1 0 6 13 0 2 8 1 7 0 0 0 0 0 0 0 0 0 0 0 0 0 0 0 0 14 3 8 0 0 0 0 17 0 11 0 0 6 7 0 0 0 0 0 0 0 0 0 0 0 0 5 0 60 7 61 0 20 0 0 244 41 0 0 1 0 0 0 0 0 0 1 3 0 0 0 12 0 0 15 236 237 248 244 220 249 146 122 241 92 10 0 0 0 4 0 0 0 0 0 0 3 6 0 5 6 83 219 248 255 249 250 255 248 254 233 255 114 0 4 8 0 0 0 0 0 0 0 0 1 8 0 0 9 151 255 222 195 77 102 184 235 255 255 242 64 0 0 6 0 4 0 0 0 0 4 0 0 1 4 0 14 193 208 52 9 0 11 4 79 251 249 253 22 11 0 0 4 0 0 0 0 0 0 0 1 0 4 8 43 245 109 0 11 11 0 0 24 254 251 255 36 11 0 0 4 0 0 0 0 0 0 1 11 0 0 8 52 255 175 0 0 0 22 15 108 254 255 250 104 0 0 7 0 4 0 0 0 0 2 0 11 0 0 0 26 220 189 10 19 0 0 5 207 253 242 255 174 0 7 10 0 0 0 0 0 0 9 0 1 1 2 3 4 173 227 0 0 4 2 181 241 162 133 255 163 9 0 1 0 5 0 0 0 0 3 0 3 0 5 0 10 151 224 32 0 32 101 255 107 6 69 244 176 0 5 0 15 0 0 0 0 0 0 0 7 0 4 0 0 80 213 155 75 184 255 189 18 0 125 255 168 0 0 1 10 0 0 0 0 0 0 0 8 0 0 9 0 11 175 247 243 233 108 22 28 0 255 248 176 0 8 12 0 16 0 0 0 0 4 0 7 0 0 13 0 0 12 186 167 34 2 0 0 14 190 252 173 0 7 0 13 0 0 0 0 0 5 0 5 0 0 6 7 0 0 0 10 0 0 11 7 0 251 255 167 0 0 15 0 0 0 0 0 0 0 0 4 7 0 0 2 2 18 0 0 13 2 0 12 12 205 249 42 0 0 0 10 8 0 0 0 0 0 1 0 3 3 0 0 0 0 16 0 0 2 0 3 0 120 255 150 25 0 4 0 0 0 0 0 0 3 7 0 0 3 3 3 0 2 3 0 2 0 4 0 2 128 255 158 0 16 0 12 0 0 0 0 0 0 0 0 0 0 0 0 0 0 0 0 0 0 0 0 0 111 241 182 0 9 0 0 6 0 0 0 0 0 0 0 0 0 0 0 0 0 0 0 0 0 0 0 0 0 227 244 24 0 2 10 0 0 0 0 0 0 0 0 0 0 0 0 0 0 0 0 0 0 0 0 0 8 173 196 41 5 0 0 0 0 0 0 0 0 0 0 0 0 0 0 0 0 0 0 0 0 0 0 0 0 2 0 0 10 0 0 16 0 0 0 0
0 0 0 0 0 0 0 0 0 0 0 1 3 0 0 10 0 0 0 0 4 3 0 0 0 0 0 0 0 0 0 0 0 0 0 0 0 7 6 0 0 1 0 0 5 4 3 0 0 0 0 4 0 0 0 0 0 0 0 0 0 0 0 0 3 0 0 13 11 0 0 2 0 0 1 1 0 1 1 0 0 0 0 0 0 0 0 0 0 0 0 0 1 2 3 0 0 1 15 5 1 0 0 0 4 7 4 0 0 0 0 0 0 0 0 0 0 0 0 0 0 0 4 12 3 0 0 0 12 7 1 0 0 0 1 3 0 0 0 0 0 0 0 0 0 0 0 0 7 3 0 0 12 9 0 8 0 0 0 0 2 0 0 7 0 0 0 0 0 0 0 0 0 0 0 0 0 15 0 8 112 211 232 226 93 39 0 0 6 1 0 3 0 0 0 0 0 0 0 0 0 0 0 0 10 0 0 122 252 245 202 231 255 151 27 0 0 2 0 0 0 0 0 0 0 0 0 0 0 0 0 0 2 7 42 255 223 48 0 39 220 254 67 9 3 0 0 5 0 0 0 0 0 0 0 0 0 0 0 0 0 8 232 223 58 3 0 10 128 255 113 4 0 0 8 0 0 0 0 0 0 0 0 0 0 0 0 0 16 122 255 211 0 10 14 0 37 251 144 0 0 3 13 0 0 0 0 0 0 0 0 0 0 0 0 0 0 137 238 42 0 0 0 24 25 242 139 0 8 0 5 0 0 0 0 0 0 0 0 0 0 0 0 0 0 174 255 17 18 4 0 2 86 255 131 0 14 0 0 0 0 0 0 0 0 0 0 0 0 0 0 0 5 125 236 107 12 2 13 0 168 255 118 3 5 0 5 0 0 0 0 0 0 0 0 0 0 0 0 0 6 34 255 234 157 75 40 24 232 251 67 1 0 0 7 0 0 0 0 0 0 0 0 0 0 0 0 0 0 22 31 199 247 245 255 244 255 210 5 0 5 0 3 0 0 0 0 0 0 0 0 0 0 0 0 0 7 0 0 0 22 77 62 221 240 165 1 3 6 3 0 5 0 0 0 0 0 0 0 0 0 0 0 0 2 15 0 5 0 0 5 217 248 64 0 4 0 0 9 0 0 0 0 0 0 0 0 0 0 0 0 0 0 1 0 9 0 0 108 255 208 0 0 1 0 0 10 0 0 0 0 0 0 0 0 0 0 0 0 0 1 0 5 0 2 9 186 250 98 0 20 0 3 5 0 0 0 0 0 0 0 0 0 0 0 0 0 0 0 3 4 0 10 76 246 235 5 0 9 0 1 5 0 7 0 0 0 0 0 0 0 0 0 0 0 0 11 0 2 7 0 159 253 74 0 0 0 10 0 0 4 3 0 0 0 0 0 0 0 0 0 0 0 0 3 0 1 16 70 255 253 14 12 0 0 12 0 2 2 0 0 0 0 0 0 0 0 0 0 0 0 0 0 10 0 0 205 250 120 9 0 2 5 0 3 9 0 3 0 0 0 0 0 0 0 0 0 0 0 0 0 19 0 44 255 242 42 0 0 0 0 0 0 0 0 0 0 0 0 0 0 0 0 0 0 0 0 0 8 0 0 97 226 127 0 6 0 0 0 0 0 0 0 0 0 0 0 0 0 0 0 0 0 0 0 0 7 0 0 0 9 9 0 2 0 0 0 0 0 0 0 0 0 0 0 0 0 0 0 0 0 0 0 0 0 2 16 3 0 5 10 0 0 0 0 0 0 0 0 0 0 0 0 0
0 0 0 0 0 0 0 0 1 0 0 0 8 0 0 5 0 0 0 1 0 0 0 2 0 0 0 0 0 0 0 0 0 0 0 0 12 0 4 9 0 4 14 0 8 3 0 0 0 1 3 4 0 0 0 0 0 0 0 0 0 0 0 0 0 0 4 8 0 0 0 17 0 0 0 0 2 4 0 0 0 0 0 0 0 0 0 0 0 0 0 0 11 0 0 6 0 2 11 0 0 1 3 1 0 0 0 0 0 0 0 0 0 0 0 0 0 0 0 0 0 18 7 0 7 11 0 0 2 3 3 1 0 0 0 7 0 0 0 0 0 0 0 0 0 0 0 0 6 1 0 0 1 0 0 15 4 0 0 1 7 0 0 0 0 0 0 0 0 0 0 0 0 0 0 0 2 0 134 255 253 255 253 157 99 40 0 0 10 3 0 0 0 0 0 0 0 0 0 0 0 0 0 0 8 172 254 241 253 255 245 255 255 139 24 0 0 0 0 6 0 0 0 0 5 0 0 13 0 0 4 18 172 249 255 227 171 144 131 236 255 246 65 6 0 0 3 0 0 0 0 0 0 10 0 1 0 0 4 150 254 255 224 40 2 9 8 148 254 255 213 15 5 7 0 6 0 0 0 0 0 7 0 0 13 0 9 210 244 222 55 0 0 0 0 174 251 255 255 21 7 5 0 7 0 0 0 0 3 0 0 0 4 12 32 211 236 49 0 0 4 0 9 162 255 254 230 25 3 0 0 0 0 0 0 0 0 0 7 0 0 1 38 233 231 62 0 0 14 0 2 166 255 253 202 30 1 0 4 0 0 0 0 0 0 10 0 0 9 0 1 191 250 249 60 0 0 110 193 250 251 250 252 31 0 0 2 2 0 0 0 0 0 7 0 0 17 0 0 80 255 226 241 229 225 240 255 252 248 250 255 35 0 0 1 0 0 0 0 0 0 0 0 11 0 5 8 11 60 255 248 242 255 235 171 123 255 255 235 46 0 0 9 0 0 0 0 0 0 0 0 0 0 0 0 0 9 69 129 77 66 56 0 33 255 235 255 32 3 7 5 0 0 0 0 0 0 0 0 0 0 0 0 0 0 9 24 0 0 18 0 21 238 255 250 46 0 0 4 0 0 0 0 0 0 0 0 0 0 0 0 0 4 0 0 0 0 10 0 9 151 255 252 157 14 6 0 0 0 0 0 0 0 0 0 0 0 0 0 0 1 2 4 12 7 0 0 0 131 255 243 191 4 0 0 1 0 0 0 0 0 0 0 0 0 0 0 0 0 0 0 10 0 0 5 3 159 247 255 193 22 0 16 0 0 0 0 0 0 0 0 0 0 0 0 0 4 0 0 3 0 0 10 6 95 248 255 255 50 4 2 0 0 0 0 0 0 0 0 0 0 0 0 0 0 0 0 0 0 4 0 0 17 249 243 255 85 0 0 12 0 0 0 0 0 0 0 0 0 0 0 0 0 2 9 0 0 7 0 3 4 251 255 243 200 0 17 0 0 0 0 0 0 0 0 0 0 0 0 0 0 0 0 0 0 0 0 0 8 160 255 255 165 6 12 0 0 0 0 0 0 0 0 0 0 0 0 0 0 0 0 0 0 0 0 0 0 144 247 246 135 0 0 1 0 0 0 0 0 0 0 0 0 0 0 0 0 0 0 0 0 0 0 0 0 0 0 0 5 0 7 0 0 0 0 0 0 0 0 0 0 0 0 0 0 0 0 0 0 0 0 0 0 1 12 3 0 0 0 0 0 0 0 0
0 0 0 0 0 0 0 0 0 0 0 1 5 5 2 0 1 0 0 0 2 5 2 0 0 0 0 0 0 0 0 0 0 0 0 0 4 2 0 0 0 0 0 0 2 4 3 0 0 0 2 9 0 0 0 0 0 0 0 0 0 0 0 0 0 0 2 3 2 2 3 6 0 0 1 6 8 4 0 0 0 0 0 0 0 0 0 0 0 0 0 0 0 0 0 0 0 0 0 0 7 2 0 0 0 0 0 0 0 0 0 0 0 0 0 0 0 0 0 0 6 2 0 0 0 2 7 9 0 0 4 7 1 0 5 19 0 0 0 0 0 0 0 0 0 0 0 0 0 0 4 6 4 0 0 0 12 1 0 2 4 0 0 0 0 0 0 0 0 0 0 0 0 0 0 0 0 1 4 0 0 0 2 12 0 0 0 4 8 3 3 8 0 0 0 0 0 0 0 0 0 0 0 0 2 2 0 0 6 52 120 170 198 238 255 255 168 66 8 0 0 0 0 0 7 0 6 0 14 0 0 2 0 4 8 97 203 255 243 255 255 251 255 251 252 255 147 1 0 0 0 0 0 4 15 0 0 4 8 0 10 37 219 255 255 250 247 165 153 101 234 243 131 162 156 11 0 0 0 0 2 0 0 4 4 6 0 24 117 255 243 247 152 74 0 10 16 31 199 255 70 4 15 0 0 0 0 0 0 0 0 6 0 0 13 201 255 255 237 72 10 0 7 6 97 222 255 250 56 0 0 0 0 0 0 0 0 4 3 0 0 11 0 255 244 188 0 0 9 70 154 224 252 255 244 171 27 0 0 8 0 0 0 0 5 0 0 0 13 11 0 255 255 147 109 199 221 253 245 255 255 251 255 47 0 15 7 0 0 0 0 0 1 0 2 8 0 0 22 255 253 255 234 255 227 218 230 152 255 246 193 0 0 0 0 22 0 0 0 0 0 4 0 3 0 2 4 73 160 215 137 126 66 4 0 84 250 255 119 6 0 6 18 0 0 0 0 0 0 0 0 0 0 0 0 0 0 11 0 0 2 6 5 177 242 249 11 0 0 1 2 0 0 0 0 0 0 0 0 0 0 0 0 0 10 0 13 15 3 0 44 248 255 167 10 0 2 0 0 1 0 0 0 0 0 0 0 0 0 0 0 0 0 0 6 0 0 0 131 251 253 64 6 0 6 0 0 6 0 0 0 0 0 0 0 0 0 0 0 0 5 3 13 0 3 28 238 253 188 2 1 0 5 2 0 6 0 0 0 0 0 0 0 0 0 0 0 0 0 0 0 2 0 84 255 255 90 0 0 0 1 4 0 1 0 0 0 0 0 0 0 0 0 0 0 0 13 0 4 7 33 223 255 212 16 1 0 1 0 3 0 0 0 0 0 0 0 0 0 0 0 0 0 0 0 0 0 0 114 255 232 75 0 0 0 1 1 0 5 0 0 0 0 0 0 0 0 0 0 0 0 0 1 5 7 16 228 247 219 0 5 0 3 1 5 0 8 0 0 0 0 0 0 0 0 0 0 0 0 0 0 2 0 133 255 241 161 4 0 0 0 0 0 0 0 0 0 0 0 0 0 0 0 0 0 0 0 0 13 0 57 255 250 208 2 0 0 0 0 0 0 0 0 0 0 0 0 0 0 0 0 0 0 0 0 0 0 11 246 246 255 86 4 22 0 0 0 0 0 0 0 0 0 0 0 0 0 0 0 0 0 0 0 0 4 0 19 0 1 13 0 0 0 0 0 0 0 0 0 0 0 0 0 0
0 0 0 0 0 0 0 0 0 0 6 4 0 0 0 0 0 4 0 0 0 6 6 0 0 0 0 0 0 0 0 0 0 0 0 0 12 0 0 0 1 3 3 4 0 0 7 9 3 0 1 9 0 0 0 0 0 0 0 0 0 0 0 0 9 0 0 1 6 1 0 0 0 0 0 2 3 0 0 0 0 0 0 0 0 0 0 0 0 0 0 0 0 0 3 4 2 0 1 3 7 8 3 0 0 1 0 0 0 0 0 0 0 0 0 0 0 0 0 0 0 3 3 0 0 4 9 5 0 0 0 1 0 0 4 11 0 0 0 0 0 0 0 0 0 0 0 0 0 3 1 0 0 2 0 0 14 0 0 9 13 0 0 0 0 0 0 0 0 0 0 0 0 0 0 0 1 0 2 7 3 0 5 21 0 3 8 0 0 0 8 8 0 0 0 0 0 0 0 0 0 0 0 0 5 0 0 5 0 0 51 122 190 255 245 122 12 0 4 0 0 0 0 0 0 9 0 1 0 0 0 6 6 0 6 19 106 183 248 248 222 187 217 255 75 0 0 5 0 0 0 0 0 13 0 6 0 0 5 0 2 0 54 242 246 230 102 45 0 14 0 187 94 2 5 0 0 0 0 0 0 10 0 7 0 0 4 0 25 195 255 245 131 42 0 8 15 0 25 239 96 0 0 3 0 0 0 0 4 0 0 0 2 3 0 50 204 255 188 15 7 5 5 0 0 0 177 255 109 0 12 6 0 0 0 0 5 0 0 0 7 3 0 156 255 142 12 0 0 10 3 0 11 184 233 233 32 15 0 0 0 0 0 0 0 0 6 0 3 0 2 209 246 117 0 21 3 9 0 27 176 240 255 85 2 0 10 7 0 0 0 0 0 0 0 3 0 0 7 130 255 229 93 0 26 74 117 194 252 255 255 54 7 6 0 0 0 0 0 0 0 5 0 9 2 0 0 10 153 241 255 253 255 247 178 152 111 255 200 0 9 0 5 0 0 0 0 0 0 0 0 0 0 0 0 0 0 38 120 107 83 27 0 9 215 235 55 9 0 0 3 4 0 0 0 0 0 0 0 0 0 0 0 0 0 0 8 8 13 0 0 0 248 239 29 0 0 4 2 0 0 0 0 0 0 0 0 0 0 0 0 0 9 1 0 0 0 1 14 67 255 195 1 0 2 3 0 0 0 0 0 0 0 0 0 0 0 0 0 0 0 0 1 0 0 0 2 154 246 101 0 0 8 0 0 0 0 0 0 0 0 0 0 0 0 0 0 0 7 5 5 0 13 11 15 246 255 25 4 0 8 0 0 0 0 0 0 0 0 0 0 0 0 0 0 0 2 0 1 0 5 0 17 255 249 3 11 0 4 0 4 3 0 0 0 0 0 0 0 0 0 0 0 0 0 0 12 5 6 0 69 251 153 3 8 0 1 2 0 3 0 0 0 0 0 0 0 0 0 0 0 0 6 0 0 3 2 1 138 252 35 0 2 2 2 0 0 3 0 0 0 0 0 0 0 0 0 0 0 0 6 0 6 0 0 41 244 255 0 0 0 0 0 0 0 0 0 0 0 0 0 0 0 0 0 0 0 0 0 9 0 8 0 59 255 159 0 0 0 0 0 0 0 0 0 0 0 0 0 0 0 0 0 0 0 0 2 0 0 19 0 41 211 27 0 0 0 0 0 0 0 0 0 0 0 0 0 0 0 0 0 0 0 0 0 16 7 0 9 13 26 0 0 0 0 0 0 0 0 0 0 0 0 0
0 0 0 0 0 0 0 0 0 0 4 10 0 8 0 2 0 8 0 0 5 0 3 0 0 0 0 0 0 0 0 0 0 0 0 0 8 3 0 0 0 8 0 1 0 0 0 0 1 1 3 0 0 0 0 0 0 0 0 0 0 0 0 0 0 14 4 6 0 0 0 6 5 0 4 2 0 1 1 1 0 0 0 0 0 0 0 0 0 0 0 0 0 3 0 1 15 8 4 0 5 0 10 6 0 0 0 3 0 0 0 0 0 0 0 0 0 0 0 0 8 7 1 2 7 0 0 2 0 0 0 4 1 0 0 2 0 0 0 0 0 0 0 0 0 0 0 0 2 0 1 0 0 0 0 1 19 16 0 0 11 0 0 0 0 0 0 0 0 0 0 0 0 0 0 0 4 0 77 143 213 255 255 250 137 112 4 0 16 0 2 0 0 0 0 0 0 0 0 0 0 0 0 0 3 25 205 254 251 255 246 254 255 210 33 0 15 0 4 0 0 0 0 0 0 0 0 0 0 0 0 0 0 48 255 245 255 255 240 179 222 255 127 8 0 0 4 2 0 0 0 0 0 0 0 0 0 0 0 0 5 137 255 255 55 53 47 6 193 249 148 0 0 6 7 0 0 0 0 0 0 0 0 0 0 0 0 0 2 236 252 252 67 3 0 0 175 255 216 8 0 1 4 1 0 0 0 0 0 0 0 0 0 0 0 0 96 255 249 240 54 0 2 20 189 255 243 12 0 0 0 6 0 0 0 0 0 0 0 0 0 0 0 0 0 226 255 235 44 8 13 39 222 247 187 0 6 7 0 0 0 0 0 0 0 0 0 0 0 0 0 0 4 144 236 250 166 59 79 223 253 253 133 0 8 1 0 0 0 0 0 0 0 0 0 0 0 0 0 0 0 70 229 255 253 243 255 251 255 255 87 6 3 0 0 8 0 0 0 0 0 0 0 0 0 0 0 0 11 0 31 159 155 141 64 69 246 247 27 0 0 0 5 0 0 0 0 0 0 0 0 0 0 0 0 0 0 9 0 2 0 4 0 171 249 174 5 0 4 0 2 0 0 0 0 0 0 0 0 0 0 0 0 0 6 3 0 6 0 0 31 253 249 149 2 0 0 0 1 1 0 0 0 0 0 0 0 0 0 0 0 0 3 0 0 6 0 0 30 255 255 145 5 12 0 3 0 0 0 0 0 0 0 0 0 0 0 0 0 0 0 0 4 0 4 2 48 233 255 162 0 8 0 2 0 0 0 0 0 0 0 0 0 0 0 0 0 0 3 1 3 0 6 11 106 255 238 174 0 0 5 0 6 0 0 0 0 0 0 0 0 0 0 0 0 0 4 0 0 4 0 0 136 255 247 167 0 0 12 0 4 0 0 0 0 0 0 0 0 0 0 0 0 0 0 3 0 7 0 0 174 240 255 115 10 0 9 0 0 0 0 0 0 0 0 0 0 0 0 0 0 0 0 12 0 0 6 33 248 255 250 46 5 0 0 0 0 3 0 0 0 0 0 0 0 0 0 0 0 0 0 0 4 0 1 112 250 251 147 22 0 3 0 7 3 0 0 0 0 0 0 0 0 0 0 0 0 0 0 0 0 0 12 116 238 244 52 0 0 5 0 0 2 1 0 0 0 0 0 0 0 0 0 0 0 0 1 6 4 0 0 1 24 0 0 0 11 8 0 0 0 0 0 0 0 0 0 0 0 0 0 0 0 0 0 0 1 2 0 2 2 0 0 5 9 2 2 4 0 0 0 0 0 0
0 0 0 0 0 0 0 0 5 0 0 5 3 0 1 1 0 0 0 1 0 0 0 9 0 0 0 0 0 0 0 0 0 0 0 0 8 11 6 0 0 0 4 0 3 3 5 7 4 0 0 0 0 0 0 0 0 0 0 0 0 0 0 0 0 0 0 9 18 1 0 5 0 0 0 0 2 3 1 0 0 0 0 0 0 0 0 0 0 0 0 0 0 19 18 0 0 0 0 6 0 0 0 0 0 2 5 3 0 0 0 0 0 0 0 0 0 0 0 0 2 0 0 0 6 8 1 0 0 4 4 0 0 0 1 2 0 0 0 0 0 0 0 0 0 0 0 0 3 1 9 9 0 0 0 0 0 0 0 1 2 0 0 1 0 0 0 0 0 0 0 0 0 0 0 0 0 0 0 16 84 185 188 96 15 0 0 0 4 0 0 3 0 0 0 0 0 0 0 0 0 0 0 0 8 0 100 232 255 248 255 253 62 23 0 0 4 0 0 3 0 0 0 0 0 0 0 0 0 0 0 0 0 165 255 254 255 251 255 244 246 28 0 15 0 0 5 2 0 0 0 0 0 0 0 0 0 0 0 0 4 225 255 255 234 68 181 255 255 115 0 10 0 0 2 0 0 0 0 0 0 0 0 0 0 0 0 0 2 234 235 191 46 9 1 212 250 241 127 4 0 5 4 0 0 0 0 0 0 0 0 0 0 0 0 0 0 244 255 123 0 0 3 202 246 255 231 0 0 4 0 6 0 0 0 0 0 0 0 0 0 0 0 0 1 238 236 81 0 10 5 219 255 239 167 0 13 0 0 6 0 0 0 0 0 0 0 0 0 0 0 0 11 228 244 29 12 0 2 214 255 248 75 3 0 0 6 0 0 0 0 0 0 0 0 0 0 0 0 0 0 246 249 177 74 64 124 254 251 255 49 8 0 0 11 0 0 0 0 0 0 0 0 0 0 0 0 0 8 77 255 252 242 255 252 255 254 236 35 0 10 5 0 3 0 0 0 0 0 0 0 0 0 0 0 0 0 17 128 243 255 255 247 252 255 203 10 0 0 1 1 0 0 0 0 0 0 0 0 0 0 0 0 0 10 0 5 75 123 147 252 255 228 102 0 4 0 11 1 0 0 0 0 0 0 0 0 0 0 0 0 0 4 0 1 3 1 0 221 255 255 48 0 9 0 7 0 0 0 0 0 0 0 0 0 0 0 0 0 0 0 0 5 3 0 0 231 245 255 41 6 9 0 0 0 4 0 0 0 0 0 0 0 0 0 0 0 0 4 0 0 0 0 78 245 252 169 18 0 1 8 0 2 2 0 0 0 0 0 0 0 0 0 0 0 0 4 0 12 3 0 135 238 255 86 10 0 0 10 0 0 3 0 0 0 0 0 0 0 0 0 0 0 0 2 0 0 0 15 221 254 252 57 10 3 0 0 0 0 5 0 0 0 0 0 0 0 0 0 0 0 0 4 3 2 1 31 246 250 229 27 0 7 2 0 10 0 4 0 0 0 0 0 0 0 0 0 0 0 0 0 18 0 0 111 255 241 111 0 0 0 0 0 0 0 0 0 0 0 0 0 0 0 0 0 0 0 0 1 0 19 0 234 255 231 35 0 0 0 0 0 0 0 0 0 0 0 0 0 0 0 0 0 0 0 0 3 16 10 0 0 11 7 0 0 0 0 0 0 0 0 0 0 0 0 0 0 0 0 0 0 0 0 0 0 0 0 13 0 9 0 4 0 0 0 0 0 0 0 0 0 0 0 0
0 0 0 0 0 0 0 0 11 0 0 7 0 0 3 4 0 0 2 1 0 0 3 0 0 0 0 0 0 0 0 0 0 0 0 0 0 11 8 6 0 5 0 0 13 5 0 0 0 1 0 0 0 0 0 0 0 0 0 0 0 0 0 0 3 9 0 0 2 0 0 16 0 0 1 3 3 0 0 5 0 0 0 0 0 0 0 0 0 0 0 0 0 0 15 0 10 2 10 0 15 12 0 0 4 8 0 0 0 0 0 0 0 0 0 0 0 0 0 0 8 0 0 1 0 0 4 0 0 0 6 2 1 1 0 0 0 0 0 0 0 0 0 0 0 0 0 0 0 0 0 23 0 18 2 2 13 1 5 8 0 0 1 2 0 0 0 0 0 0 0 0 0 0 0 0 0 34 0 0 63 214 252 248 219 77 0 0 0 7 13 0 0 0 0 0 0 0 0 0 0 0 0 0 0 0 0 45 232 255 248 255 255 93 5 15 0 0 2 3 0 0 0 0 0 0 0 0 0 0 0 0 0 2 68 218 244 255 246 255 254 65 6 0 4 6 1 0 0 0 0 0 0 0 0 0 0 0 0 0 16 0 184 245 255 204 209 255 255 243 0 0 11 0 0 10 0 0 0 0 0 0 0 0 0 0 0 0 0 95 255 255 183 30 140 255 250 230 10 0 3 0 8 0 0 0 0 0 0 0 0 0 0 0 0 0 17 155 240 255 15 0 166 245 248 154 6 0 0 7 6 0 0 0 0 0 0 0 0 0 0 0 0 0 0 181 255 247 14 0 25 198 255 241 0 9 0 0 0 3 0 0 0 0 0 0 0 0 0 0 0 0 7 139 243 255 124 0 0 109 255 255 71 1 9 0 1 5 0 0 0 0 0 0 0 0 0 0 0 0 2 147 253 250 222 80 138 241 251 239 164 0 3 1 11 0 0 0 0 0 0 0 0 0 0 0 0 0 0 62 250 255 247 251 255 245 255 246 173 6 0 12 0 0 0 0 0 0 0 0 0 0 0 0 0 0 5 0 18 190 252 255 251 250 251 213 0 0 1 0 11 0 0 0 0 0 0 0 0 0 0 0 0 0 0 9 0 0 39 36 176 255 255 144 0 6 1 3 7 0 0 0 0 0 0 0 0 0 0 0 0 0 0 3 5 8 12 0 162 251 249 58 2 9 0 6 0 0 0 0 0 0 0 0 0 0 0 0 0 0 25 0 0 0 0 62 238 252 208 12 2 2 0 1 0 2 0 0 0 0 0 0 0 0 0 0 0 0 0 5 9 14 0 190 255 238 126 3 2 0 4 0 0 6 0 0 0 0 0 0 0 0 0 0 0 0 0 18 0 0 37 227 254 219 36 0 0 0 13 0 0 0 0 0 0 0 0 0 0 0 0 0 0 0 7 0 11 2 223 225 255 145 0 0 0 0 5 0 1 0 0 0 0 0 0 0 0 0 0 0 0 0 0 4 0 86 247 255 249 70 0 2 7 3 0 0 7 0 0 0 0 0 0 0 0 0 0 0 0 0 0 5 36 237 243 255 146 0 0 0 0 0 0 0 0 0 0 0 0 0 0 0 0 0 0 0 0 0 0 13 4 140 255 128 4 18 0 0 0 0 0 0 0 0 0 0 0 0 0 0 0 0 0 0 0 0 13 0 0 0 14 0 23 0 0 0 0 0 0 0 0 0 0 0 0 0 0 0 0 0 0 0 0 0 1 0 13 17 0 0 22 0 0 0 0 0 0 0 0 0 0 0 0 0
0 0 0 0 0 0 0 0 4 0 0 7 5 0 0 8 0 0 0 2 1 0 0 6 0 0 0 0 0 0 0 0 0 0 0 0 0 3 0 0 0 8 1 0 0 9 15 7 1 3 1 0 0 0 0 0 0 0 0 0 0 0 0 0 0 6 8 0 0 6 7 0 13 0 0 0 3 0 0 5 0 0 0 0 0 0 0 0 0 0 0 0 3 0 0 0 0 0 0 6 0 9 19 9 0 1 1 0 0 0 0 0 0 0 0 0 0 0 0 0 15 0 0 1 6 1 0 2 7 0 0 0 3 1 2 5 0 0 0 0 0 0 0 0 0 0 0 0 0 3 14 6 0 0 0 0 6 0 0 6 8 2 0 0 0 0 0 0 0 0 0 0 0 0 0 0 3 2 0 0 44 133 223 255 245 255 246 122 12 0 0 6 0 0 0 0 0 0 0 0 0 0 0 0 0 1 43 135 225 255 255 243 245 234 253 255 170 34 0 6 0 0 0 0 0 0 9 0 9 16 0 3 0 118 234 255 243 214 111 35 6 0 89 200 250 104 0 2 0 0 0 0 8 0 14 4 0 0 0 21 185 237 250 203 42 1 0 4 5 0 13 15 242 27 15 5 0 0 0 0 3 0 2 13 3 0 42 168 247 255 190 49 0 0 11 0 2 0 0 137 251 122 4 0 0 0 0 0 0 8 0 0 5 0 154 255 250 125 0 0 0 22 0 16 0 11 106 243 255 144 7 0 0 0 0 0 4 0 2 0 0 19 253 246 184 0 10 3 6 0 0 0 10 92 254 250 236 58 0 0 0 0 0 0 0 0 0 4 0 2 221 255 192 28 0 5 0 38 80 163 213 254 251 255 87 0 4 21 0 0 0 0 0 6 0 3 17 0 95 248 255 245 208 129 197 241 255 243 242 255 245 240 29 0 1 0 0 0 0 0 3 1 0 0 0 9 3 116 223 255 247 250 255 222 191 124 94 233 255 134 0 7 3 0 0 0 0 0 0 0 0 0 0 0 0 0 16 77 126 97 95 16 0 6 182 243 255 54 0 9 0 0 0 0 0 0 0 0 0 0 0 0 0 0 0 0 11 0 0 0 13 128 255 255 100 4 0 0 0 8 0 0 0 0 0 0 0 0 0 0 0 0 6 0 0 1 4 0 60 203 255 173 0 7 12 8 0 0 0 0 0 0 0 0 0 0 0 0 0 0 1 6 2 10 6 0 172 255 251 65 0 5 1 0 1 0 0 0 0 0 0 0 0 0 0 0 0 0 0 7 0 0 0 83 255 255 156 1 11 0 0 0 4 2 0 0 0 0 0 0 0 0 0 0 0 0 4 5 4 3 31 221 255 195 16 0 0 3 14 5 0 2 0 0 0 0 0 0 0 0 0 0 0 0 4 0 0 0 115 255 228 113 0 22 0 0 0 0 0 0 0 0 0 0 0 0 0 0 0 0 0 0 0 2 12 5 216 248 168 0 0 0 6 2 0 0 6 4 0 0 0 0 0 0 0 0 0 0 0 0 0 6 0 151 252 249 70 0 0 0 0 0 0 0 0 0 0 0 0 0 0 0 0 0 0 0 0 0 0 8 69 246 255 146 0 8 0 0 0 0 0 0 0 0 0 0 0 0 0 0 0 0 0 0 0 0 0 11 2 13 0 0 0 5 0 0 0 0 0 0 0 0 0 0 0 0 0 0 0 0 0 0 0 0 0 2 0 0 0 6 8 0 0 0 0 0 0 0 0 0 0 0 0 0
0 0 0 0 0 0 0 0 0 2 2 2 4 0 0 5 0 0 0 0 0 0 0 0 0 0 0 0 0 0 0 0 0 0 0 0 14 0 0 0 5 0 0 3 0 0 0 0 0 0 0 0 0 0 0 0 0 0 0 0 0 0 0 0 0 0 6 2 0 0 2 0 0 0 0 0 0 0 0 0 0 0 0 0 0 0 0 0 0 0 0 0 4 0 2 0 0 1 11 2 0 0 0 0 0 0 0 0 0 0 0 0 0 0 0 0 0 0 0 0 6 0 0 5 11 0 0 0 0 0 0 0 0 0 0 0 0 0 0 0 0 0 0 0 0 0 0 0 0 14 9 0 1 1 1 12 0 0 0 0 0 0 0 0 0 0 0 0 0 0 0 0 0 0 0 0 0 2 0 0 14 2 0 4 0 0 0 0 0 0 0 0 0 0 0 0 0 0 0 0 0 0 0 0 8 2 43 170 240 129 4 0 0 0 0 0 0 0 0 0 0 0 0 0 0 0 0 0 0 0 0 0 0 0 222 247 246 255 217 98 1 0 1 0 0 7 6 0 0 0 0 0 0 0 0 0 0 0 0 0 5 128 245 255 255 255 244 248 155 200 137 23 0 0 0 0 0 0 0 0 0 0 0 0 0 0 0 0 38 255 241 173 149 235 255 247 240 255 207 0 0 7 0 5 0 0 0 0 0 0 0 0 0 0 0 0 86 243 138 0 0 14 144 255 255 231 237 0 0 7 2 0 0 0 0 0 0 0 0 0 0 0 0 0 107 253 35 10 0 15 0 203 255 243 210 14 0 0 0 0 0 0 0 0 0 0 0 0 0 0 0 0 93 255 174 77 78 64 86 208 241 255 100 5 0 3 5 3 0 0 0 0 0 0 0 0 0 0 0 0 107 246 254 247 247 235 255 249 255 214 25 0 3 15 0 0 0 0 0 0 0 0 0 0 0 0 0 0 93 255 250 247 254 246 255 242 237 90 4 0 0 0 0 6 0 0 0 0 0 0 0 0 0 0 0 0 14 70 156 198 185 191 194 255 172 0 0 8 1 2 0 2 0 0 0 0 0 0 0 0 0 0 0 0 6 0 0 5 0 1 72 240 98 0 3 0 0 1 7 1 0 0 0 0 0 0 0 0 0 0 0 0 15 0 0 12 0 0 60 255 67 0 7 3 0 0 8 0 0 0 0 0 0 0 0 0 0 0 0 0 0 0 1 5 5 2 57 251 82 6 0 7 10 0 3 0 0 0 0 0 0 0 0 0 0 0 0 0 0 14 0 0 0 3 59 253 79 0 0 2 9 0 5 0 0 0 0 0 0 0 0 0 0 0 0 0 0 4 0 3 10 4 55 253 87 2 2 1 0 0 7 0 0 0 0 0 0 0 0 0 0 0 0 0 3 0 0 0 0 0 58 255 145 10 7 4 0 1 2 0 0 0 0 0 0 0 0 0 0 0 0 0 0 2 3 7 0 0 58 244 205 5 0 3 4 3 0 5 0 0 0 0 0 0 0 0 0 0 0 0 1 9 0 0 14 0 4 190 226 53 1 0 0 12 4 0 0 0 0 0 0 0 0 0 0 0 0 0 0 2 0 3 3 0 45 255 255 73 0 5 0 0 0 7 0 0 0 0 0 0 0 0 0 0 0 0 2 0 0 1 0 0 27 165 179 28 0 9 5 0 0 7 0 0 0 0 0 0 0 0 0 0 0 0 2 5 5 0 0 3 0 13 26 0 0 7 0 4 0 0 0 0 0 0
0 0 0 0 0 0 0 0 0 0 0 0 0 1 0 0 0 0 0 0 0 0 0 0 0 0 0 0 0 0 0 0 0 0 0 0 3 8 10 4 0 0 0 8 0 0 0 0 0 0 0 0 0 0 0 0 0 0 0 0 0 0 0 0 0 0 1 3 2 0 0 0 0 0 0 0 0 0 0 0 0 0 0 0 0 0 0 0 0 0 0 0 8 3 0 0 0 1 3 2 0 0 0 0 0 0 0 0 0 0 0 0 0 0 0 0 0 0 0 0 0 0 3 3 1 0 0 0 0 0 0 0 0 0 0 0 0 0 0 0 0 0 0 0 0 0 0 0 8 0 0 0 2 10 9 5 0 0 0 0 0 0 0 0 0 0 0 0 0 0 0 0 0 0 0 0 0 3 11 12 6 0 0 0 0 0 0 0 0 0 0 0 0 0 0 0 0 0 0 0 0 0 0 0 0 97 211 241 177 82 19 0 0 0 0 0 0 0 0 0 0 0 0 0 0 5 0 0 0 0 6 0 85 222 242 248 255 255 135 10 0 0 0 3 0 0 8 0 0 0 0 0 0 0 5 10 6 0 0 24 206 255 219 31 15 99 212 210 37 19 0 8 5 5 5 0 0 0 0 0 2 0 5 3 2 0 8 104 249 193 6 0 16 4 93 182 220 163 27 0 0 0 5 3 0 0 0 0 10 0 4 0 0 0 18 140 255 98 0 3 15 0 11 84 255 245 34 0 1 0 1 0 0 0 0 0 0 0 9 0 7 5 0 80 240 235 35 17 0 21 120 242 238 255 20 0 19 0 1 0 0 0 0 0 0 0 6 0 9 8 0 25 255 238 255 176 176 163 224 255 255 245 22 0 10 0 3 4 0 0 0 0 1 3 0 0 2 3 0 11 38 163 238 255 255 216 193 223 247 143 10 0 5 0 1 0 0 0 0 0 1 4 0 1 1 0 0 0 8 0 49 82 55 19 20 154 255 67 2 0 0 4 4 0 0 0 0 0 0 0 0 0 0 0 0 0 0 0 0 0 0 0 0 211 255 27 0 9 0 7 0 8 0 0 0 0 0 0 0 0 0 0 0 0 0 0 0 1 4 6 0 203 241 84 0 1 0 4 0 2 0 0 0 0 0 0 0 0 0 0 0 0 0 2 4 0 0 0 11 209 251 166 0 6 0 4 1 0 0 0 0 0 0 0 0 0 0 0 0 0 1 0 3 0 0 0 4 162 255 190 6 9 0 0 5 0 0 0 0 0 0 0 0 0 0 0 0 0 4 0 0 0 9 4 0 85 254 156 0 0 0 0 3 0 0 0 0 0 0 0 0 0 0 0 0 0 0 0 8 2 0 0 1 83 254 162 11 2 2 0 0 4 0 0 0 0 0 0 0 0 0 0 0 0 0 0 12 0 0 0 10 78 249 220 33 5 0 6 0 5 0 0 0 0 0 0 0 0 0 0 0 0 10 0 0 0 10 7 0 9 221 255 34 0 0 11 0 4 0 0 0 0 0 0 0 0 0 0 0 0 0 0 0 0 0 0 0 0 214 255 140 0 0 6 0 0 0 0 0 0 0 0 0 0 0 0 0 0 0 0 0 0 0 0 0 0 143 255 146 0 2 4 0 2 0 0 0 0 0 0 0 0 0 0 0 0 0 0 0 0 0 0 0 0 54 222 105 0 24 0 0 3 0 0 0 0 0 0 0 0 0 0 0 0 0 0 0 0 0 0 0 0 0 14 1 0 0 0 26 0 0 0 0 0
0 0 0 0 0 0 0 0 0 4 5 0 0 0 0 8 2 0 2 5 0 0 4 0 0 0 0 0 0 0 0 0 0 0 0 0 7 2 0 0 8 11 1 0 11 0 0 3 14 3 0 2 0 0 0 0 0 0 0 0 0 0 0 0 0 3 5 3 4 0 0 0 0 13 10 0 0 0 0 8 0 0 0 0 0 0 0 0 0 0 0 0 5 3 0 0 0 4 3 9 11 0 0 1 6 0 0 4 0 0 0 0 0 0 0 0 0 0 0 0 0 7 7 5 8 0 0 0 0 0 10 8 0 0 11 0 0 0 0 0 0 0 0 0 0 0 0 0 0 0 0 0 4 6 0 3 0 0 1 0 0 3 12 0 0 0 0 0 0 0 0 0 0 0 0 0 7 13 26 67 130 174 193 203 131 64 0 0 29 8 0 2 0 0 0 0 0 0 0 0 0 0 0 0 35 140 240 255 210 144 122 139 195 242 138 0 0 7 0 5 0 0 0 0 0 12 0 0 11 6 0 88 244 237 168 58 0 3 9 0 16 71 197 70 0 0 4 0 0 0 0 0 11 0 4 3 2 7 156 242 182 72 0 0 11 0 0 17 0 0 10 82 0 18 36 8 0 0 0 0 0 2 21 0 0 142 255 141 2 0 0 0 0 1 0 0 13 3 2 0 13 103 245 29 0 0 0 0 3 3 0 2 48 246 173 0 0 2 6 0 1 7 4 0 0 4 0 20 0 197 255 18 0 0 0 0 8 0 0 16 85 252 45 0 19 2 0 0 2 3 2 4 10 0 15 8 12 224 221 20 0 0 0 0 0 1 9 0 100 253 27 5 0 4 14 0 0 3 4 0 4 0 0 0 0 255 127 10 0 0 0 0 7 0 0 3 91 241 91 0 15 0 0 0 6 1 0 2 0 1 0 20 96 255 41 5 0 0 0 0 0 11 4 3 15 232 201 7 0 1 4 4 1 0 0 0 0 11 7 0 160 228 23 0 0 0 0 0 0 5 0 10 0 93 255 176 34 0 0 5 12 0 0 12 0 0 25 126 238 119 10 0 0 0 0 0 0 6 0 4 0 13 134 234 229 160 65 0 0 5 2 0 39 93 184 255 255 41 0 9 0 0 0 0 4 0 0 0 14 2 0 68 150 212 255 242 221 226 235 233 232 159 93 146 230 16 4 0 0 0 0 0 3 0 16 0 0 10 0 0 0 10 33 64 91 94 67 38 18 8 2 239 103 2 5 0 0 0 0 0 6 0 10 9 0 0 14 12 9 0 0 0 0 0 1 7 0 15 62 255 91 0 0 5 0 0 0 0 0 2 0 0 8 4 0 0 0 0 7 10 9 6 0 0 3 0 104 255 0 0 9 0 0 0 0 0 0 12 7 0 0 4 5 20 0 3 7 0 0 0 2 10 0 8 188 161 11 0 0 6 0 0 0 0 12 0 1 7 2 0 0 0 7 0 0 4 10 2 0 0 0 4 203 120 0 19 0 2 0 0 0 0 0 0 0 0 0 0 0 0 0 0 0 0 0 0 0 0 1 24 255 114 5 0 0 9 0 0 0 0 0 0 0 0 0 0 0 0 0 0 0 0 0 0 0 0 0 8 168 105 22 2 1 0 0 0 0 0 0 0 0 0 0 0 0 0 0 0 0 0 0 0 0 0 19 0 7 8 0 6 8 0 0 0 0 0 0 0 0 0 0 0 0 0 0 0 0 0 0 0 0 0 1 0 0 1 0 0 2 6 0 0 0 0
0 0 0 0 0 0 0 0 0 2 2 0 0 3 1 0 0 0 0 0 0 0 0 0 0 0 0 0 0 0 0 0 0 0 0 0 2 0 0 5 0 0 0 7 0 0 0 0 0 0 0 0 0 0 0 0 0 0 0 0 0 0 0 0 0 6 4 0 0 13 9 0 0 0 0 0 0 0 0 0 0 0 0 0 0 0 0 0 0 0 0 0 2 0 0 3 5 0 0 3 0 0 0 0 0 0 0 0 0 0 0 0 0 0 0 0 0 0 0 0 0 9 13 2 0 0 4 9 0 0 0 0 0 0 0 0 0 0 0 0 0 0 0 0 0 0 0 0 0 0 0 0 1 7 1 0 0 0 0 0 0 0 0 0 0 0 0 0 0 0 0 0 0 0 0 0 3 29 119 225 242 154 60 21 0 0 0 0 0 0 0 0 0 0 0 0 0 0 0 0 0 0 0 0 78 185 255 255 251 255 234 176 0 0 0 0 0 0 0 0 0 0 0 0 5 0 0 8 0 2 0 57 252 253 255 232 225 225 250 255 173 73 139 74 6 0 0 0 0 0 0 0 0 8 0 0 12 0 40 242 251 255 126 43 0 1 101 224 255 249 250 197 16 3 17 0 0 0 0 0 5 0 13 0 0 0 100 255 245 183 2 9 0 0 0 205 255 252 246 255 32 0 1 1 0 0 0 0 3 0 8 2 0 26 189 236 255 81 0 0 7 32 195 253 255 250 255 248 31 16 10 0 0 0 0 0 0 3 0 0 11 32 237 255 214 0 0 24 93 237 248 255 244 244 251 253 36 0 0 15 0 0 0 0 1 8 0 1 0 33 255 253 208 62 139 201 242 252 248 153 85 255 244 207 0 0 11 0 0 0 0 0 0 0 1 9 0 40 231 242 248 243 255 254 244 231 76 0 75 255 248 178 5 1 0 3 0 0 0 0 2 8 0 0 7 0 109 255 255 255 239 164 88 0 0 8 129 255 255 86 0 10 0 6 0 0 0 0 1 0 0 10 0 0 25 84 153 148 81 18 0 0 12 0 132 255 249 43 3 0 0 5 0 0 0 0 6 0 0 3 0 0 0 14 2 15 5 0 0 0 0 0 202 249 228 7 5 5 0 0 0 0 0 0 0 2 1 0 4 8 0 0 0 0 1 0 6 1 0 44 239 255 228 6 0 0 0 17 0 0 0 0 0 1 5 0 0 8 9 2 15 0 5 0 0 0 0 132 255 255 132 0 0 9 5 0 0 0 0 0 0 1 2 0 0 0 0 5 0 0 0 1 0 0 7 193 255 241 22 5 0 4 9 0 0 0 0 0 8 0 0 3 6 0 0 0 3 4 7 11 1 0 16 230 241 206 0 10 0 0 6 10 0 0 0 0 3 0 0 3 7 5 1 1 0 9 0 1 0 0 36 255 249 193 70 0 3 0 0 0 0 0 0 0 0 2 5 0 0 0 0 4 0 16 0 1 3 2 38 255 255 246 251 26 6 0 0 6 0 0 0 0 0 0 0 0 0 0 0 0 0 0 4 0 0 0 17 157 255 247 250 18 0 17 0 9 0 0 0 0 0 0 0 0 0 0 0 0 0 4 0 0 10 10 0 31 105 222 42 25 0 0 3 0 0 0 0 0 0 0 0 0 0 0 0 0 0 6 5 0 0 11 0 0 7 28 0 0 0 19 3 8 0 0 0 0 0 0 0 0 0 0 0 0 3 0 5 5 0 0 0 10 2 0 17 0 2 0 5 0 0 0 0 0
0 0 0 0 0 0 0 0 0 1 5 2 0 0 0 0 4 0 3 6 0 0 0 5 0 0 0 0 0 0 0 0 0 0 0 0 15 0 0 0 8 0 5 9 0 0 0 0 4 11 5 0 0 0 0 0 0 0 0 0 0 0 0 0 1 0 6 0 9 0 0 0 8 11 1 0 0 0 0 7 0 0 0 0 0 0 0 0 0 0 0 0 0 0 13 0 10 3 11 0 0 0 0 5 10 0 0 6 0 0 0 0 0 0 0 0 0 0 0 0 11 0 0 0 3 0 3 0 6 2 0 5 9 2 0 0 0 0 0 0 0 0 0 0 0 0 0 0 0 0 0 10 5 0 0 11 0 0 9 0 0 0 9 0 0 0 0 0 0 0 0 0 0 0 0 0 3 13 0 9 0 5 0 0 20 0 0 9 0 0 8 0 0 0 0 0 0 0 0 0 0 0 0 0 0 11 0 30 101 245 255 247 244 85 0 5 0 1 12 0 0 0 0 0 0 0 0 0 0 0 0 0 0 0 29 195 250 249 255 239 255 202 3 0 2 0 0 0 0 0 0 0 0 0 0 0 0 0 0 0 10 112 232 252 255 246 251 255 253 236 105 8 0 15 0 0 0 0 0 0 0 0 0 0 0 0 0 0 25 196 246 255 233 113 125 137 249 255 208 26 0 20 0 0 0 0 0 0 0 0 0 0 0 0 0 0 43 249 255 149 52 1 0 84 252 255 234 37 0 3 0 7 0 0 0 0 0 0 0 0 0 0 0 0 118 255 226 75 0 0 11 148 254 255 191 27 4 0 0 6 0 0 0 0 0 0 0 0 0 0 0 0 225 245 114 13 40 39 140 241 253 251 123 6 0 0 13 0 0 0 0 0 0 0 0 0 0 0 0 0 222 250 255 171 205 250 241 255 251 229 56 0 0 0 13 0 0 0 0 0 0 0 0 0 0 0 0 0 212 253 251 255 253 255 251 252 251 202 11 0 0 1 1 0 0 0 0 0 0 0 0 0 0 0 0 0 52 246 255 251 249 249 193 191 255 197 5 0 0 7 0 0 0 0 0 0 0 0 0 0 0 0 0 0 0 102 85 84 88 88 45 74 253 196 3 0 3 11 0 2 0 0 0 0 0 0 0 0 0 0 0 0 0 12 0 0 3 6 0 57 253 201 0 0 2 7 0 2 0 0 0 0 0 0 0 0 0 0 0 0 6 0 0 6 0 5 4 83 252 211 1 0 0 0 0 4 0 0 0 0 0 0 0 0 0 0 0 0 0 0 9 7 0 3 1 45 219 207 4 0 2 1 0 5 0 0 0 0 0 0 0 0 0 0 0 0 0 1 6 0 0 6 1 4 164 191 4 0 4 0 0 0 0 0 0 0 0 0 0 0 0 0 0 0 0 2 0 0 0 0 3 0 141 197 17 2 1 0 0 0 0 0 0 0 0 0 0 0 0 0 0 0 0 8 0 6 9 0 0 3 156 224 40 10 1 0 5 1 0 0 0 0 0 0 0 0 0 0 0 0 0 0 0 0 0 0 0 0 146 251 126 0 9 0 0 8 0 0 0 0 0 0 0 0 0 0 0 0 0 0 0 0 0 0 0 0 158 255 135 0 0 6 4 4 0 0 0 0 0 0 0 0 0 0 0 0 0 0 0 0 0 0 0 0 154 223 127 11 1 6 1 0 0 0 0 0 0 0 0 0 0 0 0 0 0 0 0 0 0 0 0 0 0 32 2 0 0 0 3 9 0 0 0 0
9 0 0 0 0 3 8 0 7 0 4 5 0 0 7 0 0 0 0 0 0 0 0 0 0 0 0 0 3 0 3 13 1 0 0 9 0 0 0 3 0 0 3 0 0 0 0 0 0 0 0 0 0 0 0 0 0 7 0 0 0 8 0 0 12 8 0 0 2 3 0 1 0 0 0 0 0 0 0 0 0 0 0 0 0 1 0 4 9 0 0 17 0 3 9 8 10 0 0 8 0 0 0 0 0 0 0 0 0 0 0 0 0 7 0 0 7 7 0 0 9 6 0 0 5 1 0 1 0 0 0 0 0 0 0 0 0 0 0 0 0 3 0 0 0 0 2 10 1 1 0 0 4 0 0 12 0 0 0 0 0 0 0 0 0 0 0 0 0 0 0 22 2 0 72 168 247 253 255 238 162 74 12 0 0 0 0 0 0 0 0 0 0 0 0 0 0 12 3 0 16 151 252 255 201 133 117 181 249 253 173 74 0 0 0 0 0 0 0 0 0 0 0 0 8 0 4 5 68 248 224 36 0 5 11 0 13 115 219 252 151 133 76 0 0 7 0 10 0 0 0 0 0 0 0 6 162 255 98 0 6 1 0 0 2 0 30 119 253 245 223 89 0 0 6 0 0 0 0 0 16 5 1 0 201 234 0 10 1 3 11 8 0 0 3 9 128 255 246 216 19 16 9 3 0 0 0 0 0 0 1 22 192 238 0 6 5 0 0 12 0 0 7 0 16 235 255 255 163 0 0 0 0 0 0 0 11 0 0 0 93 245 96 0 0 16 0 0 4 1 0 2 0 168 252 246 255 46 3 14 0 0 0 0 0 8 2 11 41 235 206 32 0 3 8 0 1 9 8 3 0 82 248 253 255 119 0 0 0 0 0 0 0 5 0 0 0 131 241 208 72 1 0 17 0 0 0 3 0 28 255 244 248 107 30 8 0 0 0 0 5 0 0 0 3 3 140 245 244 172 58 0 0 10 3 4 85 131 245 255 150 14 0 5 0 0 0 0 8 0 0 4 0 0 14 48 164 223 246 236 158 205 226 224 254 254 253 255 9 8 2 0 0 0 0 0 0 0 0 4 1 0 0 13 0 24 66 135 162 227 220 181 113 54 237 255 46 0 0 0 0 0 0 0 1 0 0 4 6 1 0 0 0 0 3 13 0 2 11 3 11 0 232 255 76 0 4 6 0 0 0 0 4 3 1 0 2 7 5 0 10 0 5 0 0 0 1 0 0 11 152 245 108 0 3 0 0 0 0 0 0 1 0 0 0 1 4 1 0 0 3 0 12 3 10 0 6 3 73 255 160 0 0 0 0 0 0 0 0 0 4 2 0 0 0 0 0 5 14 0 0 0 6 8 10 0 96 255 166 0 6 1 0 0 0 0 0 0 2 5 3 0 0 0 0 0 0 0 11 6 1 0 0 0 95 245 176 3 0 0 0 0 0 0 3 0 0 0 0 0 0 6 0 0 0 0 4 0 0 5 3 4 27 247 255 60 0 9 0 0 0 0 0 0 0 0 0 0 0 0 0 0 0 0 0 0 0 0 0 0 8 255 245 72 0 2 0 0 0 0 0 0 0 0 0 0 0 0 0 0 0 0 0 0 0 0 10 0 21 242 255 129 10 0 0 0 0 0 0 0 0 0 0 0 0 0 0 0 0 0 0 0 0 0 0 0 0 4 0 9 0 14 0 0 0 0 0 0 0 0 0 0 0 0 0 0 0 0 0 0 0 0 4 0 11 0 0 6 0 0 0 0 0 0
0 0 0 0 0 0 0 0 2 0 1 1 0 0 4 3 0 1 4 1 0 0 0 1 0 0 0 0 0 0 0 0 0 0 0 0 4 0 0 10 12 10 6 0 0 3 3 0 0 2 1 0 0 0 0 0 0 0 0 0 0 0 0 0 0 9 14 0 0 0 4 0 0 2 0 0 0 4 5 0 0 0 0 0 0 0 0 0 0 0 0 0 0 0 0 3 4 9 6 0 0 3 4 0 0 0 1 0 0 0 0 0 0 0 0 0 0 0 0 0 19 0 0 10 0 0 0 18 0 0 4 7 3 0 0 0 0 0 0 0 0 0 0 0 0 0 0 0 0 0 5 2 0 1 2 0 13 0 0 0 7 0 0 3 0 0 0 0 0 0 0 0 0 0 0 0 0 0 5 36 116 215 253 230 122 50 0 0 6 2 0 5 0 0 0 0 0 0 0 0 0 0 0 0 0 44 144 238 255 251 246 251 255 138 23 0 4 0 0 0 0 0 0 0 7 0 2 0 3 7 0 10 82 227 242 255 177 77 76 68 178 255 99 0 0 7 0 4 0 0 0 0 0 0 4 0 0 0 13 130 252 255 153 55 7 0 0 1 36 218 212 12 6 2 0 0 0 0 0 0 6 0 12 10 0 4 74 247 250 103 10 0 1 17 0 1 0 117 236 48 0 0 14 0 0 0 0 0 1 0 0 0 0 0 124 251 209 24 2 11 0 0 0 9 21 120 243 102 0 0 0 0 0 0 0 0 12 4 6 3 9 5 202 250 48 0 0 5 4 0 9 0 0 190 255 89 2 7 0 11 0 0 0 0 0 0 0 0 0 0 217 248 0 22 5 0 5 0 4 15 70 228 237 26 1 6 4 1 0 0 0 0 0 5 3 6 6 8 179 255 0 0 4 10 0 0 18 84 218 255 225 2 0 3 12 0 0 0 0 0 1 0 0 0 0 3 107 250 174 38 0 5 8 115 203 252 159 247 227 0 0 7 0 12 0 0 0 0 0 0 2 5 0 0 14 39 245 255 255 243 220 178 104 36 12 211 246 0 5 0 0 17 0 0 0 0 3 0 0 2 0 0 3 17 51 85 97 63 14 0 0 6 164 255 227 0 0 5 0 0 0 0 0 0 6 0 0 1 3 0 0 0 10 8 1 0 0 0 3 4 121 255 223 18 1 0 2 4 0 0 0 0 4 0 0 2 5 2 0 0 0 0 0 0 5 3 0 0 92 238 182 0 0 0 0 0 0 0 0 0 1 0 0 1 2 1 2 5 4 4 7 8 2 0 0 6 98 255 182 0 4 8 0 0 0 0 0 0 0 1 1 0 0 0 0 3 9 0 0 0 1 2 0 0 83 255 226 8 9 0 0 13 0 0 0 0 0 0 1 0 0 0 0 0 0 2 9 7 1 0 2 5 167 255 225 0 0 0 0 0 0 0 0 0 0 0 0 0 3 4 2 0 1 2 0 0 0 4 2 0 211 245 230 9 0 0 13 0 0 0 0 0 0 0 0 0 0 0 0 0 0 0 0 0 0 0 0 0 202 255 212 0 13 0 5 3 0 0 0 0 0 0 0 0 0 0 0 0 0 0 0 0 0 0 0 0 118 223 189 7 0 10 17 0 0 0 0 0 0 0 0 0 0 0 0 0 0 0 0 0 0 0 0 0 0 13 0 0 0 0 0 13 0 0 0 0 0 0 0 0 0 0 0 0 0 0 0 0 0 0 0 0 14 7 0 2 6 8 0 0 0 0 0 0
0 0 0 0 0 0 0 0 2 0 0 6 6 0 0 3 0 8 0 2 0 10 0 4 0 0 0 0 0 0 0 0 0 0 0 0 3 2 0 0 0 5 5 0 8 0 0 0 2 0 0 0 0 0 0 0 0 0 0 0 0 0 0 0 0 1 11 13 6 0 0 3 9 2 8 8 0 0 4 15 0 0 0 0 0 0 0 0 0 0 0 0 5 0 0 0 0 4 2 0 0 0 0 6 0 13 2 0 0 0 0 0 0 0 0 0 0 0 0 0 0 7 10 0 0 7 3 0 7 11 0 5 0 5 0 2 0 0 0 0 0 0 0 0 0 0 0 0 15 0 0 1 8 0 0 13 0 4 0 8 3 8 0 10 0 0 0 0 0 0 0 0 0 0 0 0 0 0 10 13 0 0 84 188 235 200 102 0 0 0 0 0 0 0 0 0 0 0 0 0 0 0 0 0 9 4 0 22 118 226 255 240 192 251 215 29 11 0 11 2 0 0 0 0 0 0 0 0 0 0 0 0 8 0 56 242 255 195 110 0 5 53 254 91 36 0 0 3 0 0 0 0 0 0 0 0 0 0 0 0 0 60 225 249 168 1 5 6 0 62 255 74 0 12 6 3 0 0 0 0 0 0 0 0 0 0 0 0 0 176 252 184 0 18 0 0 5 146 250 131 32 0 0 0 0 0 0 0 0 0 0 0 0 0 0 0 10 248 248 13 11 0 4 65 161 240 254 240 151 0 0 6 0 0 0 0 0 0 0 0 0 0 0 0 26 255 244 128 96 158 216 255 252 244 255 255 99 4 0 2 0 0 0 0 0 0 0 0 0 0 0 0 2 204 255 255 255 243 194 131 107 251 255 203 8 0 2 0 0 0 0 0 0 0 0 0 0 0 0 0 1 12 83 140 110 38 29 0 42 255 238 112 6 0 13 2 0 0 0 0 0 0 0 0 0 0 0 0 2 0 2 6 0 1 0 14 170 244 212 5 0 0 3 0 0 0 0 0 0 0 0 0 0 0 0 0 3 0 2 0 6 0 0 108 255 240 72 0 12 0 0 0 0 0 0 0 0 0 0 0 0 0 0 0 0 10 8 0 9 13 43 246 254 113 14 2 0 0 9 0 0 0 0 0 0 0 0 0 0 0 0 0 3 0 0 10 0 0 169 253 198 15 0 6 0 4 1 0 0 0 0 0 0 0 0 0 0 0 0 0 0 16 0 1 20 88 253 251 82 0 0 0 1 11 0 4 0 0 0 0 0 0 0 0 0 0 0 0 1 5 6 0 9 223 255 183 0 3 4 0 3 3 0 6 0 0 0 0 0 0 0 0 0 0 0 0 25 0 6 7 96 255 232 27 0 0 0 9 0 0 10 0 0 0 0 0 0 0 0 0 0 0 0 0 0 5 0 37 255 254 140 0 13 0 0 11 0 0 8 0 0 0 0 0 0 0 0 0 0 0 0 0 0 11 3 127 251 222 25 3 0 0 0 0 3 0 0 5 0 0 0 0 0 0 0 0 0 0 0 0 0 0 14 238 248 105 17 0 0 0 0 0 0 0 0 0 0 0 0 0 0 0 0 0 0 0 0 0 0 9 13 248 224 12 0 10 0 0 0 0 0 0 0 0 0 0 0 0 0 0 0 0 0 0 0 0 0 13 1 10 0 0 5 0 0 0 0 0 0 0 0 0 0 0 0 0 0 0 0 0 0 0 0 0 13 0 2 3 18 5 0 10 0 0 0 0 0 0 0 0 0 0 0 0
0 0 0 0 0 0 0 0 5 0 0 1 0 6 8 0 0 0 9 0 0 14 0 0 0 0 0 0 0 0 0 0 0 0 0 0 0 5 12 0 0 0 0 0 7 0 2 6 0 0 7 8 0 0 0 0 0 0 0 0 0 0 0 0 7 0 0 9 10 0 0 14 1 0 0 9 0 0 0 0 0 0 0 0 0 0 0 0 0 0 0 0 0 3 4 0 3 4 0 0 0 8 0 0 16 14 0 4 0 0 0 0 0 0 0 0 0 0 0 0 11 1 0 0 2 0 0 14 0 8 13 0 0 2 0 0 0 0 0 0 0 0 0 0 0 0 0 0 0 9 9 0 11 46 117 197 255 253 255 188 51 0 0 0 0 0 0 0 0 0 0 0 0 0 0 0 0 16 0 0 123 249 255 240 240 255 241 254 160 10 0 0 0 0 0 0 0 0 0 0 0 0 0 0 0 0 11 126 246 255 236 248 95 137 61 201 255 90 6 0 0 0 0 0 4 0 4 0 1 0 14 0 0 1 134 251 255 223 91 62 0 7 4 85 235 93 7 0 0 0 0 0 4 0 6 0 3 2 1 0 2 169 255 208 116 63 0 0 2 6 0 4 36 0 1 2 0 0 0 0 3 1 3 0 0 9 0 9 91 249 204 67 0 0 0 11 0 0 89 121 79 0 0 3 0 0 0 0 2 0 0 0 0 5 0 73 254 214 84 6 1 2 0 0 0 4 223 255 244 69 7 0 0 0 0 0 3 0 0 0 0 2 26 175 255 63 0 0 0 1 5 9 6 118 255 255 221 37 9 0 0 0 0 0 2 0 1 6 1 5 79 254 250 26 7 15 0 4 0 0 30 229 251 238 145 0 6 0 0 0 0 0 0 0 3 2 3 3 111 255 151 0 0 2 0 4 0 32 134 255 255 214 86 0 2 2 0 0 0 0 0 2 3 0 0 0 116 247 111 4 4 0 1 4 73 220 255 240 255 101 0 0 0 0 0 0 0 0 4 2 0 8 6 2 102 255 201 50 3 19 38 144 250 255 246 255 227 29 10 0 0 4 0 0 0 0 0 0 0 1 0 0 74 206 255 226 239 255 244 255 255 234 255 252 50 11 2 0 4 0 0 0 0 0 7 9 1 2 2 0 4 58 181 211 246 224 127 57 133 251 255 226 0 14 0 0 1 2 0 0 0 0 0 0 0 0 12 5 0 0 19 6 0 18 17 0 147 255 242 141 13 9 0 0 0 10 0 0 0 0 0 3 2 0 0 3 6 11 0 5 0 0 0 0 202 243 231 35 18 0 1 15 0 0 0 0 0 0 8 8 5 0 0 0 0 0 3 7 0 0 0 48 244 255 207 0 0 0 0 6 4 0 0 0 0 0 0 0 0 2 7 8 1 0 0 0 0 8 1 138 239 252 127 1 0 9 0 0 5 1 0 0 0 0 6 0 4 9 0 0 2 11 0 6 0 0 15 255 246 215 35 0 10 0 2 0 3 0 0 0 0 0 0 0 0 0 0 0 0 0 0 9 0 9 28 243 255 125 0 0 0 0 0 0 0 0 0 0 0 0 0 0 0 0 0 0 0 0 10 2 0 0 0 12 12 0 0 0 0 0 0 0 0 0 0 0 0 0 0 0 0 0 0 0 0 0 0 0 9 2 19 0 0 9 0 0 0 0 0 0 0 0 0 0 0 0 0 0 0 0 0 0 0 0 0 4 5 0 11 0 0 0 0 0 0 0 0 0 0 0 0 0 0 0
0 0 0 0 0 0 0 0 0 0 0 7 10 0 0 3 0 0 4 5 10 0 0 1 0 0 0 0 0 0 0 0 0 0 0 0 0 9 7 0 0 1 2 0 3 0 1 0 0 0 8 5 0 0 0 0 0 0 0 0 0 0 0 0 12 0 0 12 0 0 11 1 2 0 14 4 0 0 9 0 0 0 0 0 0 0 0 0 0 0 0 0 0 0 3 5 2 0 0 0 18 0 0 5 7 0 6 0 0 0 0 0 0 0 0 0 0 0 0 0 0 12 0 0 12 0 8 106 163 88 0 0 7 0 1 9 0 0 0 0 0 0 0 0 0 0 0 0 6 0 0 0 0 49 164 245 255 209 5 0 16 0 0 2 0 0 0 0 0 0 0 0 0 0 0 0 0 4 17 0 34 198 255 168 185 231 0 0 8 3 2 0 0 0 0 0 0 0 0 0 0 0 0 0 0 7 0 39 207 255 141 7 102 251 20 0 0 0 1 0 0 0 0 0 0 0 0 0 0 0 0 0 0 1 2 197 250 198 4 4 49 248 186 4 0 0 0 6 0 0 0 0 0 0 0 0 0 0 0 0 10 9 83 233 228 50 0 0 160 248 193 0 0 2 6 0 0 0 0 0 0 0 0 0 0 0 0 0 8 0 103 255 141 0 0 60 238 243 210 1 4 0 6 0 0 0 0 0 0 0 0 0 0 0 0 0 0 1 94 249 143 4 149 208 255 255 193 3 2 0 4 1 0 0 0 0 0 0 0 0 0 0 0 0 0 7 78 255 243 255 244 255 237 255 128 0 1 0 5 0 0 0 0 0 0 0 0 0 0 0 0 0 0 2 25 165 255 238 216 95 159 247 79 0 4 0 1 0 0 0 0 0 0 0 0 0 0 0 0 0 1 3 5 21 45 49 18 0 149 235 69 8 5 0 0 3 0 0 0 0 0 0 0 0 0 0 0 0 0 6 0 0 4 0 0 0 233 255 68 0 1 0 6 1 0 0 0 0 12 0 1 6 5 0 13 0 0 1 0 11 8 0 11 0 247 222 33 0 0 4 4 0 0 0 0 0 0 14 4 0 9 0 0 0 0 11 0 0 0 0 7 26 233 147 8 0 0 3 0 0 0 0 0 0 0 11 3 0 10 0 0 19 0 2 2 3 2 10 0 89 244 71 0 3 1 2 0 0 0 0 0 0 4 0 4 3 2 4 0 0 13 0 0 5 0 0 0 195 255 36 2 5 0 4 0 4 0 0 0 0 3 0 7 0 0 13 0 0 22 0 0 13 0 0 16 254 242 21 12 2 0 5 3 0 0 0 0 0 0 5 0 0 2 0 9 148 241 206 149 102 58 60 98 255 149 4 7 0 0 2 3 0 0 0 0 0 0 0 0 6 4 0 9 193 246 255 255 255 255 248 241 255 54 0 0 0 0 0 0 0 0 0 0 0 5 0 0 2 0 11 0 44 149 165 163 211 250 254 254 194 6 6 0 4 7 0 0 8 0 0 0 0 0 0 0 0 0 0 0 0 0 0 0 0 0 0 0 0 0 0 0 0 0 0 0 0 0 0 0 0 0 0 0 0 0 0 0 0 0 0 0 0 0 0 0 0 0 0 0 0 0 0 0 0 0 0 0 0 0 0 0 0 0 0 0 0 0 0 0 0 0 0 0 0 0 0 0 0 0 0 0 0 0 0 0 0 0 0 0 0 0 0 0 0 0 0 0 0 0 0 0 0 0 0 0 0 0 0 0 0 0 0 0 0
0 0 0 0 0 0 0 0 0 0 5 1 0 1 0 0 0 5 6 0 0 1 3 0 0 0 0 0 0 0 0 0 0 0 0 0 9 7 2 0 0 1 4 4 0 0 0 0 7 8 1 0 0 0 0 0 0 0 0 0 0 0 0 0 3 0 0 0 0 0 0 0 12 5 0 0 0 0 0 10 0 0 0 0 0 0 0 0 0 0 0 0 0 0 0 4 7 3 1 4 0 0 0 1 0 0 0 0 0 0 0 0 0 0 0 0 0 0 0 0 10 6 2 0 0 0 0 0 6 6 1 0 3 11 5 0 0 0 0 0 0 0 0 0 0 0 0 0 0 0 0 2 5 9 7 3 0 0 1 0 0 0 2 3 0 0 0 0 0 0 0 0 0 0 0 0 6 6 0 0 0 11 7 0 13 0 0 4 6 0 0 1 0 0 0 0 0 0 0 0 0 0 0 0 0 0 3 28 99 190 245 255 220 109 9 0 5 2 0 6 0 0 0 0 0 0 0 13 0 0 4 7 3 0 49 248 240 204 174 80 176 244 53 8 0 8 0 0 0 0 0 0 5 5 0 5 0 3 0 0 0 136 251 238 148 12 0 13 0 157 168 2 6 0 1 2 0 0 0 0 0 6 0 2 0 8 0 0 85 255 159 33 3 0 0 5 0 68 19 1 7 15 0 11 0 0 0 0 0 3 0 4 0 0 0 54 233 207 20 0 3 2 0 35 186 247 225 16 0 1 16 0 0 0 0 0 0 2 0 4 0 0 22 155 229 16 3 0 7 1 85 246 221 140 255 0 17 0 0 6 0 0 0 0 0 0 0 4 0 0 63 252 89 0 22 0 28 198 252 162 46 84 252 23 0 0 0 4 0 0 0 0 0 0 0 2 7 8 58 251 89 35 32 185 254 236 147 0 0 148 254 28 7 0 19 0 0 0 0 0 1 6 0 0 4 0 10 180 255 255 252 227 207 51 0 0 2 192 255 11 0 9 0 0 0 0 0 0 0 0 0 0 0 0 0 0 49 80 65 17 0 0 9 0 0 231 223 6 4 1 0 0 0 0 0 0 0 0 0 0 0 0 0 0 0 7 3 0 0 0 0 0 61 251 180 0 0 1 1 1 0 0 0 0 0 0 0 0 0 0 0 0 0 0 0 3 7 12 3 0 159 255 117 0 0 1 3 2 0 0 0 0 0 0 0 0 0 0 0 0 1 6 3 0 0 12 0 0 231 252 55 3 0 0 2 1 0 0 0 0 0 0 0 0 0 0 0 0 0 3 0 0 0 2 0 38 250 186 9 6 0 0 1 0 0 0 0 0 0 0 0 0 0 0 0 0 4 0 0 13 4 0 3 137 244 99 0 5 0 0 2 0 0 0 0 0 0 0 0 0 0 0 0 0 1 3 0 9 2 0 7 201 249 35 0 3 0 1 3 0 0 0 0 0 0 0 0 0 0 0 0 0 0 17 0 2 0 0 20 233 255 8 14 3 0 2 4 0 0 0 0 0 0 0 0 0 0 0 0 0 3 0 0 0 7 0 50 246 255 26 0 2 3 7 0 0 0 0 0 0 0 0 0 0 0 0 0 0 9 0 7 0 0 8 92 255 165 6 0 0 0 4 2 0 0 0 0 0 0 0 0 0 0 0 0 0 0 0 5 0 0 13 75 200 56 0 0 0 0 0 6 0 0 0 0 0 0 0 0 0 0 0 0 0 10 3 14 3 0 0 0 22 0 0 0 3 0 0 5 0 0 0 0 0
0 0 0 0 0 0 0 0 7 2 0 4 0 0 3 0 1 4 0 0 7 0 0 7 0 0 0 0 0 0 0 0 0 0 0 0 5 0 0 2 4 0 2 0 0 0 11 8 0 0 5 0 0 0 0 0 0 0 0 0 0 0 0 0 0 0 22 0 0 11 0 17 8 0 0 2 2 0 0 3 0 0 0 0 0 0 0 0 0 0 0 0 5 10 1 0 0 7 0 1 1 4 0 0 10 2 0 6 0 0 0 0 0 0 0 0 0 0 0 0 0 21 0 6 6 0 21 0 0 2 8 2 0 4 4 0 0 0 0 0 0 0 0 0 0 0 0 0 15 0 4 0 10 165 255 211 60 0 0 15 0 0 19 0 0 0 0 0 0 0 0 0 0 0 0 0 0 11 16 25 199 255 123 153 83 22 0 9 0 0 6 4 0 0 0 0 0 0 0 0 0 0 0 0 4 0 29 210 255 85 2 5 10 98 71 0 5 6 0 6 0 0 0 0 0 0 0 0 0 0 0 0 11 0 153 255 120 2 0 1 60 242 169 1 0 13 0 0 0 0 0 0 0 0 0 0 0 0 0 0 0 67 255 215 21 0 0 9 139 252 128 0 0 4 0 1 0 0 0 0 0 0 0 0 0 0 0 0 25 92 241 36 0 3 0 25 232 255 78 0 3 0 0 5 0 0 0 0 0 0 0 0 0 0 0 0 0 240 237 43 2 0 13 141 255 218 27 1 7 1 0 4 0 0 0 0 0 0 0 0 0 0 0 0 14 241 215 0 0 10 20 222 239 165 0 0 0 0 0 1 0 0 0 0 0 0 0 0 0 0 0 0 0 255 193 0 17 0 208 248 253 143 5 4 0 0 1 0 0 0 0 0 0 0 0 0 0 0 0 0 10 255 194 0 0 149 255 255 255 117 12 6 0 1 0 0 0 0 0 0 0 0 0 0 0 0 0 0 6 124 255 172 203 255 111 173 234 67 0 0 0 1 0 0 0 0 0 0 0 0 0 0 0 0 0 0 0 15 179 255 215 160 21 237 167 7 0 10 6 0 0 6 0 0 0 0 0 0 0 0 0 0 0 0 6 0 17 22 3 16 81 255 108 0 0 0 0 7 9 0 0 0 0 0 0 0 0 0 0 0 0 0 0 0 0 3 1 0 177 229 43 3 20 1 0 6 3 0 0 0 0 0 0 0 0 0 0 0 0 0 6 19 0 11 1 0 247 212 0 0 5 0 0 1 0 4 0 0 0 0 0 0 0 0 0 0 0 0 0 1 0 11 0 58 255 141 7 0 0 0 0 9 0 0 0 0 0 0 0 0 0 0 0 0 0 0 10 13 0 0 0 143 255 96 0 4 5 5 0 11 2 0 0 0 0 0 0 0 0 0 0 0 0 0 0 0 5 1 2 182 241 72 29 13 0 3 0 3 6 7 0 0 0 0 0 0 0 0 0 0 0 0 2 0 5 0 0 182 254 135 223 105 0 8 0 2 0 0 0 0 0 0 0 0 0 0 0 0 0 0 0 0 1 3 16 163 255 255 110 16 0 11 0 0 10 0 0 0 0 0 0 0 0 0 0 0 0 0 5 0 0 9 0 0 7 0 19 0 0 15 0 0 6 0 0 0 0 0 0 0 0 0 0 0 0 0 3 0 0 13 0 4 7 13 0 0 3 3 0 0 6 0 0 0 0 0 0 0 0 0 0 0 0 0 0 8 4 0 0 1 0 0 5 10 2 0 0 3 3 1 0 0 0 0
0 0 0 0 0 0 0 0 6 7 0 0 3 2 0 1 8 0 10 0 2 0 0 1 0 0 0 0 0 0 0 0 0 0 0 0 0 0 0 3 6 6 4 3 2 0 0 0 2 3 4 0 0 0 0 0 0 0 0 0 0 0 0 0 17 2 0 0 0 0 2 0 4 8 0 0 0 0 6 3 0 0 0 0 0 0 0 0 0 0 0 0 0 0 9 12 0 0 6 6 0 6 2 14 5 0 0 0 0 0 0 0 0 0 0 0 0 0 0 0 14 1 0 0 0 3 0 0 3 8 0 0 0 0 0 11 0 0 0 0 0 0 0 0 0 0 0 0 0 6 6 2 4 0 0 9 3 6 12 0 11 13 0 0 0 0 0 0 0 0 0 0 0 0 0 0 0 17 3 0 8 53 131 223 255 233 184 11 0 0 0 4 0 0 0 0 0 0 0 0 0 0 0 0 7 2 0 42 186 255 249 255 252 255 255 47 10 6 0 0 0 0 0 0 0 0 0 0 0 0 0 0 0 0 82 249 250 247 255 255 247 255 236 30 0 0 1 3 0 0 0 0 0 0 0 0 0 0 0 0 2 41 247 255 239 248 120 30 242 242 227 1 3 8 0 0 0 0 0 0 0 0 0 0 0 0 0 0 0 183 251 255 220 8 18 59 244 255 238 0 3 7 0 4 0 0 0 0 0 0 0 0 0 0 0 0 46 255 251 223 19 11 14 111 250 255 197 3 2 2 0 9 0 0 0 0 0 0 0 0 0 0 0 0 60 255 248 255 121 65 195 255 254 252 94 0 2 5 0 0 0 0 0 0 0 0 0 0 0 0 0 0 46 209 255 246 244 255 252 243 255 242 40 5 0 0 0 1 0 0 0 0 0 0 0 0 0 0 0 0 0 51 238 237 255 255 255 255 255 224 34 10 0 0 0 5 0 0 0 0 0 0 0 0 0 0 0 0 0 0 0 106 112 99 117 254 254 187 14 0 0 8 3 0 0 0 0 0 0 0 0 0 0 0 0 0 4 0 0 5 1 0 142 255 252 190 2 1 2 0 0 3 0 0 0 0 0 0 0 0 0 0 0 0 2 0 14 0 2 35 238 243 242 101 0 0 4 0 0 0 0 0 0 0 0 0 0 0 0 0 0 0 0 20 0 9 0 122 255 255 235 14 1 0 2 3 0 1 0 0 0 0 0 0 0 0 0 0 0 0 0 10 0 0 10 144 250 255 214 0 3 0 0 3 0 4 0 0 0 0 0 0 0 0 0 0 0 0 12 0 0 6 0 170 254 250 147 5 0 3 0 3 0 4 0 0 0 0 0 0 0 0 0 0 0 0 1 2 0 6 44 233 252 251 58 11 0 7 0 4 0 0 0 0 0 0 0 0 0 0 0 0 0 0 0 10 16 0 192 245 255 200 7 5 0 8 0 2 4 0 0 0 0 0 0 0 0 0 0 0 0 0 0 0 0 22 250 251 253 123 2 0 2 7 0 0 13 0 0 0 0 0 0 0 0 0 0 0 0 0 0 12 0 35 255 252 246 44 0 0 0 0 0 0 0 0 0 0 0 0 0 0 0 0 0 0 0 0 9 2 0 45 225 219 148 0 0 0 0 0 0 0 0 0 0 0 0 0 0 0 0 0 0 0 0 0 0 4 4 0 1 0 0 5 0 0 0 0 0 0 0 0 0 0 0 0 0 0 0 0 0 0 0 0 4 0 1 5 14 16 0 0 0 0 0 0 0 0 0 0 0 0 0 0
0 0 0 0 0 0 0 0 2 2 0 0 6 0 0 3 6 0 0 6 4 0 0 7 0 0 0 0 0 0 0 0 0 0 0 0 0 8 6 0 0 0 6 5 0 1 12 0 0 0 0 0 0 0 0 0 0 0 0 0 0 0 0 0 0 0 4 1 0 5 3 0 14 0 0 2 6 3 3 0 0 0 0 0 0 0 0 0 0 0 0 0 6 0 0 2 0 2 1 0 0 4 6 1 0 0 12 0 0 0 0 0 0 0 0 0 0 0 0 0 0 0 8 0 0 0 1 16 0 5 0 6 11 0 0 0 0 0 0 0 0 0 0 0 0 0 0 0 0 0 11 0 0 13 0 0 0 23 0 0 8 0 5 11 0 0 0 0 0 0 0 0 0 0 0 0 1 0 4 0 14 12 0 37 154 252 160 21 0 0 11 0 0 0 0 0 0 0 0 0 0 0 0 0 6 0 4 1 3 0 15 177 255 244 76 0 13 0 0 6 0 0 0 0 0 0 0 0 0 0 0 0 0 0 12 0 6 0 122 250 184 169 0 0 0 0 10 0 0 0 0 0 0 0 0 0 0 0 0 0 0 0 0 0 3 71 237 98 50 24 0 7 0 2 0 0 0 0 0 0 0 0 0 0 0 0 0 0 0 0 0 8 31 220 103 13 0 0 73 124 0 0 3 6 0 0 0 0 0 0 0 0 0 0 0 0 0 1 12 11 230 104 9 0 5 29 187 140 1 0 6 0 0 0 0 0 0 0 0 0 0 0 0 0 0 20 0 169 220 10 4 2 0 83 236 20 12 0 0 0 0 0 0 0 0 0 0 0 0 0 0 0 3 0 36 235 80 3 4 0 6 226 181 0 12 0 1 6 0 0 0 0 0 0 0 0 0 0 0 0 0 9 88 231 9 0 5 0 108 234 68 18 0 0 0 0 0 0 0 0 0 0 0 0 0 0 0 0 3 0 143 226 14 0 0 26 236 71 0 0 2 8 0 4 0 0 0 0 0 0 0 0 0 0 0 0 0 0 44 236 106 44 97 236 175 15 0 5 3 4 0 5 0 0 0 0 0 0 0 0 0 0 0 0 11 0 0 136 245 255 236 253 41 0 10 10 0 2 0 6 0 0 0 0 0 0 0 0 0 0 0 0 0 23 5 0 32 14 155 228 0 0 12 0 0 9 2 0 0 0 0 0 0 0 0 0 0 0 0 0 0 1 0 13 18 7 220 129 13 0 0 0 0 9 0 0 0 0 0 0 0 0 0 0 0 0 0 0 3 0 0 7 0 80 235 2 0 0 4 1 5 0 0 2 0 0 0 0 0 0 0 0 0 0 0 0 0 0 18 10 0 204 186 0 0 4 4 0 0 3 0 1 0 0 0 0 0 0 0 0 0 0 0 0 7 0 0 0 0 227 89 9 7 7 0 0 0 5 8 0 0 0 0 0 0 0 0 0 0 0 0 0 0 15 0 11 7 216 39 0 0 0 0 11 4 0 0 0 0 0 0 0 0 0 0 0 0 0 0 0 0 0 12 2 0 210 59 0 0 0 0 0 0 0 0 0 0 0 0 0 0 0 0 0 0 0 0 0 10 5 0 6 0 63 245 108 0 0 0 0 0 0 0 0 0 0 0 0 0 0 0 0 0 0 0 0 0 14 14 0 13 0 6 0 0 0 0 0 0 0 0 0 0 0 0 0 0 0 0 0 0 0 0 0 6 3 0 0 0 11 0 11 0 0 0 0 0 0 0 0 0 0 0 0
0 0 0 0 0 0 0 0 0 0 3 0 0 3 1 0 0 0 0 10 0 2 0 8 0 0 0 0 0 0 0 0 0 0 0 0 4 0 0 0 0 5 5 0 0 6 1 5 0 6 0 0 0 0 0 0 0 0 0 0 0 0 0 0 0 2 7 5 2 3 3 1 9 0 0 2 0 0 0 19 0 0 0 0 0 0 0 0 0 0 0 0 0 0 2 2 0 0 0 0 0 8 7 1 0 11 0 0 0 0 0 0 0 0 0 0 0 0 0 0 11 1 0 0 0 4 7 7 0 0 0 0 0 0 1 2 0 0 0 0 0 0 0 0 0 0 0 0 0 1 8 9 1 0 0 0 0 1 14 4 3 0 4 9 0 0 0 0 0 0 0 0 0 0 0 0 11 0 0 2 52 127 209 255 255 255 225 86 8 0 6 0 0 0 0 0 0 0 0 0 0 0 0 0 0 0 22 111 212 255 255 244 253 243 255 238 150 11 0 11 0 0 0 0 2 0 0 6 4 2 3 0 5 57 76 255 244 255 191 76 37 115 230 255 180 14 17 0 0 0 0 0 0 0 1 5 1 0 0 8 62 238 255 255 229 141 16 4 24 0 92 243 255 170 0 11 0 0 0 0 0 3 0 1 4 0 7 48 245 237 255 150 55 0 0 0 0 12 2 226 251 196 17 2 0 0 0 0 0 7 0 0 6 0 16 71 255 254 173 0 0 5 8 19 7 0 81 255 250 195 0 0 0 0 0 0 2 9 0 0 5 0 0 39 214 255 235 77 0 0 20 0 2 8 189 255 232 134 0 15 0 0 0 0 0 3 0 1 9 0 0 5 144 249 252 237 255 244 244 225 134 231 254 247 188 0 8 0 0 0 0 0 0 0 1 4 7 5 1 0 29 212 255 255 255 247 253 255 255 255 245 253 174 0 6 12 0 0 0 0 4 2 2 0 0 1 7 0 1 41 119 181 186 207 253 246 253 245 255 222 47 5 0 0 0 0 0 0 0 0 0 0 0 0 0 0 6 6 2 0 6 26 63 128 255 246 255 53 0 6 4 0 0 0 0 0 0 0 0 0 0 0 0 0 0 0 0 3 0 1 21 190 255 247 251 0 22 0 0 16 0 0 0 0 0 0 0 0 0 0 0 0 0 3 8 3 12 0 205 255 244 248 60 8 0 3 0 0 0 0 0 0 0 0 0 0 0 0 0 0 5 0 6 0 0 64 237 231 255 116 0 1 0 12 1 0 0 0 0 0 0 0 0 0 0 0 0 0 0 4 0 0 69 143 250 255 163 7 5 0 9 0 18 3 0 0 0 0 0 0 0 0 0 0 0 0 5 10 0 52 221 246 238 131 24 0 0 11 0 0 6 0 0 0 0 0 0 0 0 0 0 0 0 0 0 110 210 243 236 255 62 4 0 0 18 0 7 25 0 3 0 0 0 0 0 0 0 0 0 0 0 0 10 195 250 234 255 239 21 15 0 12 0 2 0 0 8 0 0 0 0 0 0 0 0 0 0 0 0 0 22 196 255 239 192 71 0 2 0 0 0 0 0 0 0 0 0 0 0 0 0 0 0 0 0 0 0 0 2 89 255 255 69 0 25 0 0 0 0 0 0 0 0 0 0 0 0 0 0 0 0 0 0 0 0 0 5 3 6 0 0 0 3 1 0 0 0 0 0 0 0 0 0 0 0 0 0 0 0 0 0 0 0 0 0 2 0 0 16 7 0 6 0 0 0 0 0 0 0 0 0 0 0 0
0 0 0 0 0 0 0 0 0 0 0 0 2 5 2 0 1 0 0 0 1 0 0 7 0 0 0 0 0 0 0 0 0 0 0 0 5 0 0 0 0 0 0 4 7 5 4 5 2 0 0 0 0 0 0 0 0 0 0 0 0 0 0 0 0 0 3 13 11 0 0 0 0 0 0 0 0 5 7 6 0 0 0 0 0 0 0 0 0 0 0 0 0 0 0 0 0 0 1 7 7 9 5 0 0 0 0 0 0 0 0 0 0 0 0 0 0 0 0 0 4 12 10 0 0 1 0 0 0 0 0 0 0 1 1 0 0 0 0 0 0 0 0 0 0 0 0 0 0 0 0 0 2 10 9 2 0 0 3 9 8 2 0 0 0 0 0 0 0 0 0 0 0 0 0 0 12 0 0 0 1 0 0 0 6 0 0 0 0 0 0 9 0 0 0 0 0 0 0 0 0 0 0 0 0 12 86 191 254 255 252 255 237 193 143 102 54 8 0 0 0 0 0 0 0 0 0 0 4 0 14 0 12 221 242 255 248 255 248 255 251 249 252 254 191 48 13 0 0 0 0 0 5 16 3 0 3 0 0 61 234 255 242 255 240 248 255 249 255 255 254 254 255 184 0 6 0 0 0 0 0 3 0 0 10 0 15 201 255 250 223 218 181 106 108 198 122 99 123 193 247 216 9 3 0 0 0 0 0 4 0 0 2 5 94 255 237 105 46 0 0 5 21 0 5 9 0 120 255 167 4 0 0 0 0 0 10 0 4 0 0 27 198 251 255 56 0 0 5 0 0 0 0 13 81 193 235 38 0 11 0 0 0 0 2 0 4 0 1 54 255 255 255 221 171 57 24 25 55 96 137 74 177 250 199 24 12 0 0 0 0 0 10 0 10 1 4 35 206 247 255 239 255 249 234 252 255 252 253 241 255 255 148 19 0 18 0 0 0 0 0 0 0 0 0 5 127 247 244 255 251 253 255 250 236 255 248 255 251 249 48 0 0 0 0 0 0 0 0 0 2 0 0 2 26 51 132 254 249 253 255 255 255 241 248 253 250 128 0 0 1 1 0 0 0 0 1 0 1 2 0 0 0 7 0 45 102 187 195 175 158 255 254 250 124 0 0 8 1 0 0 0 0 0 0 0 0 2 4 0 0 0 13 0 0 10 0 0 71 230 255 251 104 7 15 0 0 3 0 0 0 0 1 0 0 0 3 5 3 2 0 0 0 0 6 28 191 255 255 133 9 0 0 0 6 7 0 0 0 0 2 1 0 0 0 0 0 0 12 0 0 2 0 61 240 255 254 73 0 2 0 0 0 0 0 0 0 0 0 1 5 2 0 0 0 0 3 0 9 11 0 156 254 244 79 3 0 4 5 4 0 13 0 0 0 0 0 0 4 2 2 5 5 1 0 0 0 0 65 229 255 179 32 11 0 0 0 2 0 0 0 0 0 0 4 5 1 0 0 0 0 0 5 4 0 17 207 255 247 88 0 0 0 10 0 0 16 0 0 0 0 0 0 0 0 0 0 0 0 0 4 0 0 118 253 252 188 14 0 0 0 0 0 0 0 0 0 0 0 0 0 0 0 0 0 0 0 0 0 0 10 124 244 239 47 0 0 0 0 0 0 0 0 0 0 0 0 0 0 0 0 0 0 0 0 0 6 11 0 148 255 44 0 13 0 0 0 0 0 0 0 0 0 0 0 0 0 0 0 0 0 0 0 0 0 0 8 0 0 18 0 2 0 0 0 0 0 0 0 0 0 0 0 0
0 0 0 0 0 0 0 0 1 0 6 3 0 0 8 0 0 0 0 0 1 2 0 0 0 0 0 0 0 0 0 0 0 0 0 0 10 0 0 4 3 0 2 0 2 1 0 0 0 0 0 0 0 0 0 0 0 0 0 0 0 0 0 0 0 1 7 2 0 0 0 1 3 3 2 0 0 0 0 1 0 0 0 0 0 0 0 0 0 0 0 0 0 3 5 2 0 0 0 2 0 0 1 0 0 0 0 1 0 0 0 0 0 0 0 0 0 0 0 0 9 0 0 0 6 2 3 7 0 0 0 1 0 0 0 0 0 0 0 0 0 0 0 0 0 0 0 0 0 2 21 6 0 2 11 0 0 0 0 0 1 2 0 0 0 0 0 0 0 0 0 0 0 0 0 0 10 0 14 87 182 255 233 99 10 3 0 0 1 3 1 0 0 0 0 0 0 0 0 0 0 0 0 0 0 21 154 255 255 249 255 238 21 9 0 0 0 4 2 0 0 0 0 0 0 0 0 0 0 0 0 0 7 140 255 243 255 255 245 255 207 0 0 13 0 1 12 0 0 0 0 0 0 0 0 0 0 0 0 0 132 255 245 255 255 213 149 235 250 97 0 0 6 0 17 0 0 0 0 0 0 0 0 0 0 0 0 0 152 247 255 243 213 14 1 67 255 217 0 1 6 0 0 0 0 0 0 0 0 0 0 0 0 0 0 0 32 255 255 226 6 0 0 52 247 255 53 1 0 12 0 0 0 0 0 0 0 0 0 0 0 0 0 0 35 191 255 253 229 233 217 238 255 249 170 0 0 0 9 2 0 0 0 0 0 0 0 0 0 0 0 0 2 107 252 244 244 255 255 255 255 241 252 59 0 0 5 0 0 0 0 0 0 0 0 0 0 0 0 0 0 0 137 249 255 255 238 255 251 252 255 156 2 7 0 0 0 0 0 0 0 0 0 0 0 0 0 0 6 1 2 82 159 201 178 252 255 255 249 180 17 0 8 6 0 0 0 0 0 0 0 0 0 0 0 0 0 0 0 11 0 16 26 247 255 252 244 47 0 6 0 3 0 0 0 0 0 0 0 0 0 0 0 0 6 0 9 0 18 0 169 255 252 249 105 12 0 3 0 9 0 0 0 0 0 0 0 0 0 0 0 0 0 4 0 4 0 55 255 254 255 169 0 2 0 3 0 0 0 0 0 0 0 0 0 0 0 0 0 0 0 16 0 14 0 203 255 254 248 45 0 9 5 1 1 0 0 0 0 0 0 0 0 0 0 0 0 0 0 0 6 0 101 255 248 255 165 0 7 0 0 0 6 2 0 0 0 0 0 0 0 0 0 0 0 0 0 0 5 0 216 253 253 236 29 3 3 0 0 7 1 0 0 0 0 0 0 0 0 0 0 0 0 0 0 15 0 57 255 255 255 145 0 8 0 4 3 9 0 0 0 0 0 0 0 0 0 0 0 0 0 0 0 8 0 68 244 252 227 12 19 0 2 7 0 0 0 6 0 0 0 0 0 0 0 0 0 0 0 0 4 0 4 66 254 253 87 15 0 0 0 0 0 0 0 0 0 0 0 0 0 0 0 0 0 0 0 0 0 35 0 14 249 213 0 0 0 0 0 0 0 0 0 0 0 0 0 0 0 0 0 0 0 0 0 0 2 0 14 0 0 0 6 6 0 0 0 0 0 0 0 0 0 0 0 0 0 0 0 0 0 0 0 0 0 4 8 0 15 13 0 2 0 0 0 0 0 0 0 0 0 0 0 0
0 0 0 0 0 0 0 0 3 0 0 2 3 5 4 0 0 9 0 0 0 17 1 0 0 0 0 0 0 0 0 0 0 0 0 0 0 5 11 0 0 0 7 1 5 0 8 3 10 0 0 1 0 0 0 0 0 0 0 0 0 0 0 0 2 0 0 7 7 5 2 0 10 0 0 0 2 5 18 0 0 0 0 0 0 0 0 0 0 0 0 0 2 0 2 3 0 0 7 14 0 0 0 31 1 0 0 0 0 0 0 0 0 0 0 0 0 0 0 0 0 2 7 1 0 8 2 0 1 6 0 0 0 6 2 0 0 0 0 0 0 0 0 0 0 0 0 0 4 0 0 10 7 0 5 13 8 5 4 0 14 1 2 0 0 0 0 0 0 0 0 0 0 0 0 0 5 0 6 2 0 13 107 193 255 239 252 255 231 68 0 7 0 0 0 0 0 0 0 0 0 0 0 0 0 11 8 0 36 158 247 255 250 255 243 255 255 215 64 0 0 0 0 0 0 3 12 0 2 16 0 0 0 0 14 121 231 255 210 124 54 50 51 137 255 243 50 9 0 0 0 0 0 0 0 3 0 0 26 5 14 0 118 237 252 92 47 0 0 33 5 164 250 255 67 0 0 0 0 0 0 3 0 7 0 0 13 0 0 239 255 237 235 7 0 0 0 0 44 238 255 248 52 13 0 0 0 0 0 7 0 7 2 10 0 47 184 251 216 134 38 0 5 1 13 74 175 245 255 187 24 0 0 0 0 0 5 0 0 7 0 0 43 199 244 238 76 21 0 1 9 0 109 250 247 249 255 69 0 0 0 0 0 0 1 0 12 0 0 30 201 255 253 45 0 0 1 0 0 94 244 255 255 244 160 4 0 18 0 0 0 0 0 4 12 0 7 122 255 238 182 22 19 41 100 160 255 255 255 227 255 145 5 9 3 0 0 0 0 0 3 4 0 0 10 172 233 255 233 187 255 249 252 248 255 245 251 254 245 78 0 0 1 2 0 0 0 0 0 12 11 0 3 81 194 255 255 240 254 213 174 167 129 147 245 255 68 3 17 0 7 4 0 0 0 0 8 0 0 7 0 0 43 116 121 94 48 24 0 0 13 204 252 177 33 0 7 0 0 0 0 0 0 0 3 0 4 12 3 0 0 8 9 11 13 0 15 2 118 255 240 48 0 0 1 7 1 9 0 0 0 0 0 6 7 0 0 11 10 0 0 0 14 0 13 14 229 236 224 9 0 0 0 1 0 0 0 0 0 0 10 0 0 0 0 0 0 3 18 3 0 14 0 98 255 246 136 4 3 2 0 0 0 0 0 0 0 0 9 0 0 10 9 0 0 5 0 0 0 4 39 230 249 208 20 0 0 0 5 2 10 7 0 0 0 0 0 0 0 0 0 2 2 0 5 0 11 0 151 255 242 139 0 4 0 5 0 0 0 0 0 0 0 0 4 4 1 0 0 0 2 2 3 0 8 74 255 246 255 140 0 3 0 6 0 2 0 6 0 0 0 0 0 0 0 0 0 0 0 0 0 28 0 128 255 255 238 56 0 0 0 0 0 0 0 0 0 0 0 0 0 0 0 0 0 0 0 0 12 0 6 11 132 249 141 4 0 0 0 0 0 0 0 0 0 0 0 0 0 0 0 0 0 0 0 0 0 0 12 0 0 14 0 6 0 0 0 0 0 0 0 0 0 0 0 0 0 0 0 0 0 0 0 0 10 13 0 0 5 0 12 0 0 0 0 0 0 0 0 0 0 0 0 0
5 1 0 0 0 0 0 0 0 4 0 0 3 1 0 0 0 0 0 4 1 6 0 1 0 0 0 0 0 0 2 4 4 3 4 4 0 6 4 0 0 0 0 5 0 8 4 6 0 6 3 7 0 0 0 0 0 0 4 4 0 0 0 0 4 0 0 0 7 12 2 0 1 0 0 0 0 9 2 0 0 0 0 0 4 2 0 0 0 0 0 0 0 5 4 0 0 0 0 0 2 0 6 13 0 0 3 7 0 0 0 0 2 0 0 0 2 4 3 0 0 4 2 2 10 7 1 5 3 0 0 0 0 0 3 0 0 0 0 0 0 0 0 1 2 0 0 0 0 1 0 0 0 0 0 4 0 6 9 0 2 0 0 0 0 0 0 0 0 1 3 0 0 0 1 6 0 8 16 5 0 8 47 92 185 216 223 176 125 20 0 4 0 0 0 0 0 1 3 0 0 5 30 50 7 0 0 30 118 197 241 255 250 228 222 240 243 97 0 7 0 0 0 0 0 0 0 0 7 4 30 12 0 28 138 243 255 212 134 92 40 28 102 234 255 102 0 11 0 0 0 0 0 5 3 0 1 2 0 0 12 178 249 241 108 26 19 0 7 161 255 255 241 133 0 0 0 0 0 0 0 5 3 0 0 0 0 30 129 244 210 104 0 0 0 12 126 255 245 255 250 134 2 6 0 0 0 0 3 0 1 6 0 0 48 178 255 218 30 0 11 0 0 0 195 255 248 255 241 42 15 0 0 0 0 0 2 0 1 5 0 1 106 255 248 37 0 0 7 0 35 177 238 254 249 255 119 0 0 4 0 0 0 0 0 4 3 0 2 7 137 255 137 4 13 1 0 66 222 241 255 248 247 183 10 1 0 9 0 0 0 0 0 4 1 0 7 0 154 241 204 43 73 140 210 255 255 253 232 249 255 50 2 0 24 0 0 0 0 0 3 0 0 0 13 0 169 255 243 255 244 242 255 217 137 103 255 255 84 10 0 3 0 6 0 0 0 0 0 8 0 4 27 1 9 87 234 214 231 190 80 8 0 131 255 221 6 1 0 7 3 0 0 0 0 0 0 10 0 0 12 0 0 24 0 26 0 0 4 0 30 236 255 137 0 0 4 3 0 0 0 0 0 0 0 5 2 0 2 0 0 0 1 0 0 5 5 29 159 244 191 39 0 0 7 0 0 0 0 0 0 0 0 0 1 0 0 8 11 1 8 6 3 0 0 98 240 255 78 0 10 0 0 0 1 0 0 0 0 0 4 0 2 3 0 0 5 1 0 3 0 1 8 194 255 205 5 0 5 0 2 0 0 2 0 0 0 0 1 0 3 8 0 0 0 0 11 0 8 15 110 235 255 103 0 6 0 0 10 0 0 8 0 0 0 0 0 0 1 2 3 2 1 0 0 1 0 30 244 255 255 134 5 2 0 0 7 0 0 4 0 0 0 0 0 7 0 0 0 5 1 0 4 1 0 172 247 255 223 50 0 0 21 0 0 0 0 0 0 0 0 0 0 0 0 0 0 0 0 0 0 7 7 212 255 241 93 0 0 0 0 0 0 0 0 0 0 0 0 0 0 0 0 0 0 0 0 0 4 0 40 253 253 109 2 4 0 0 0 0 0 0 0 0 0 0 0 0 0 0 0 0 0 0 0 0 0 15 1 3 0 0 6 0 0 0 0 0 0 0 0 0 0 0 0 0 0 0 0 0 0 0 0 0 3 0 0 5 14 0 1 2 0 0 0 0 0 0 0 0 0 0 0 0
0 0 0 0 0 0 0 0 0 0 0 2 5 0 0 3 1 0 0 1 0 3 3 0 0 0 0 0 0 0 0 0 0 0 0 0 0 6 4 0 0 8 5 0 4 2 6 2 0 0 7 3 0 0 0 0 0 0 0 0 0 0 0 0 13 0 0 6 1 0 0 0 0 0 4 3 0 0 5 0 0 0 0 0 0 0 0 0 0 0 0 0 0 0 8 2 0 8 16 1 4 0 0 0 0 4 5 0 0 0 0 0 0 0 0 0 0 0 0 0 6 0 2 5 0 0 0 1 10 0 0 1 0 0 7 6 0 0 0 0 0 0 0 0 0 0 0 0 0 0 0 3 17 8 0 0 2 0 0 7 2 0 0 4 0 0 0 0 0 0 0 0 0 0 0 0 2 23 0 0 92 207 253 255 94 32 0 3 6 0 0 0 0 0 0 0 0 0 0 0 0 0 0 0 0 0 16 142 255 227 157 169 255 127 14 0 0 2 1 1 0 0 0 0 0 0 0 0 0 0 0 0 9 38 219 255 156 15 16 0 89 254 146 0 0 4 14 0 0 0 0 0 0 0 0 0 0 0 0 0 42 255 247 74 27 0 0 5 21 97 239 77 2 3 0 7 0 0 0 0 0 0 0 0 0 0 0 0 165 238 93 4 0 0 13 2 0 0 145 189 88 57 10 0 0 0 0 0 0 0 0 0 0 0 0 0 222 202 0 8 7 0 7 0 10 6 31 200 253 160 0 23 0 0 0 0 0 0 0 0 0 0 0 0 241 222 0 1 0 0 3 0 14 0 23 222 232 54 3 0 0 0 0 0 0 0 0 0 0 0 0 0 190 230 40 0 0 8 0 12 0 18 127 255 139 0 12 1 0 0 0 0 0 0 0 0 0 0 0 0 41 251 177 22 4 6 0 7 4 37 242 219 0 0 0 2 0 0 0 0 0 0 0 0 0 0 0 0 0 147 252 146 1 0 23 0 4 151 255 102 3 0 8 0 0 0 0 0 0 0 0 0 0 0 0 0 2 16 166 255 201 139 54 27 36 238 243 4 0 5 0 0 0 0 0 0 0 0 0 0 0 0 0 0 0 0 23 103 171 252 250 250 243 255 130 0 4 0 0 13 0 0 0 0 0 0 0 0 0 0 0 0 0 15 4 0 0 27 61 114 234 246 28 0 8 2 0 0 0 0 0 0 0 0 0 0 0 0 0 0 0 6 0 0 5 1 0 0 184 255 4 4 0 0 6 0 0 0 0 0 0 0 0 0 0 0 0 0 0 2 0 18 3 0 0 6 206 255 0 7 0 3 0 7 0 0 0 0 0 0 0 0 0 0 0 0 3 2 0 0 0 7 1 12 223 220 0 3 7 10 0 0 0 0 0 0 0 0 0 0 0 0 0 0 0 5 4 0 0 3 0 72 255 162 14 0 0 0 2 0 0 0 0 0 0 0 0 0 0 0 0 0 0 6 0 0 8 0 0 157 251 57 0 12 5 0 3 1 0 0 0 0 0 0 0 0 0 0 0 0 3 0 12 0 4 0 7 184 227 16 5 7 0 0 0 3 0 0 0 0 0 0 0 0 0 0 0 0 1 0 8 0 3 0 0 109 210 29 0 0 0 12 7 0 0 0 0 0 0 0 0 0 0 0 0 0 0 1 3 0 4 4 0 26 21 0 12 12 0 0 1 0 0 0 0 0 0 0 0 0 0 0 0 0 0 4 0 0 5 6 2 0 0 0 4 6 0 0 4 0 0 0 0 0
0 0 0 0 0 0 0 0 0 0 0 0 0 4 5 1 5 0 8 0 4 4 0 0 0 0 0 0 0 0 0 0 0 0 0 0 0 5 9 4 0 0 0 0 0 0 10 0 0 0 0 0 0 0 0 0 0 0 0 0 0 0 0 0 11 0 0 0 0 3 0 0 6 11 0 0 0 3 9 3 0 0 0 0 0 0 0 0 0 0 0 0 0 0 8 14 7 0 0 6 0 0 0 10 7 0 0 0 0 0 0 0 0 0 0 0 0 0 0 0 17 7 0 0 0 0 0 4 6 4 1 3 0 0 1 13 0 0 0 0 0 0 0 0 0 0 0 0 0 0 0 0 3 7 4 0 0 0 2 0 11 13 6 0 0 0 0 0 0 0 0 0 0 0 0 0 0 10 6 0 1 58 129 175 249 186 146 1 0 0 0 0 0 0 0 0 0 0 0 0 0 0 0 0 0 0 0 46 141 233 255 249 255 246 255 65 11 2 4 3 0 0 0 0 2 0 0 8 0 0 11 1 0 62 179 251 248 249 255 255 255 250 247 225 0 0 18 0 0 0 0 0 0 9 2 0 0 12 4 0 107 233 236 255 255 255 180 87 51 58 131 246 75 4 0 0 0 0 0 0 0 5 0 2 0 2 1 107 254 255 255 242 177 28 15 11 0 0 114 255 131 0 1 11 0 0 0 0 1 0 0 7 0 0 13 227 255 233 231 60 6 6 0 0 21 0 118 255 195 0 2 2 0 0 0 0 0 4 0 0 0 12 28 245 255 255 54 7 0 0 35 47 38 137 244 252 89 0 20 0 0 0 0 0 3 0 0 0 0 0 27 231 248 255 220 209 194 216 203 244 255 255 240 255 32 1 0 4 0 0 0 0 5 0 1 3 0 0 7 152 255 235 255 250 246 242 255 250 235 247 255 255 1 8 0 11 0 0 0 0 0 0 9 0 2 8 0 12 135 230 251 249 255 255 224 132 93 147 255 250 11 7 0 0 0 0 0 0 0 0 0 0 0 0 0 0 5 25 94 90 84 40 2 0 2 184 255 241 19 6 0 3 0 0 0 0 0 0 0 0 0 0 0 0 0 1 0 3 5 0 28 0 67 255 224 201 7 0 0 6 0 0 0 0 0 0 0 0 0 0 0 0 6 5 0 18 0 5 0 26 212 233 255 70 0 0 6 0 0 0 0 0 0 0 0 0 0 0 0 0 0 0 0 1 0 1 18 162 249 255 150 0 3 9 0 6 0 0 0 0 0 0 0 0 0 0 0 0 4 12 2 0 7 6 161 255 249 233 10 4 0 8 0 1 0 0 0 0 0 0 0 0 0 0 0 0 0 0 0 10 0 116 235 255 239 14 21 0 0 4 6 0 0 0 0 0 0 0 0 0 0 0 0 0 6 0 0 15 63 255 255 247 110 0 0 0 11 0 0 8 0 0 0 0 0 0 0 0 0 0 0 0 0 18 0 0 186 251 249 149 11 4 1 7 0 0 10 0 0 0 0 0 0 0 0 0 0 0 0 0 5 0 6 62 248 233 146 5 0 0 0 0 0 0 0 0 0 0 0 0 0 0 0 0 0 0 0 0 0 0 6 103 238 111 10 0 0 0 0 0 0 0 0 0 0 0 0 0 0 0 0 0 0 0 0 0 4 0 0 0 17 0 0 0 0 0 0 0 0 0 0 0 0 0 0 0 0 0 0 0 0 0 0 0 2 0 6 13 0 0 12 0 0 0 0 0 0 0 0 0 0 0 0 0
0 0 0 0 0 0 0 0 0 0 0 0 0 0 0 0 0 1 0 0 12 2 0 0 0 0 0 0 0 0 0 0 0 0 0 0 0 0 0 0 0 0 0 0 3 7 5 0 0 4 11 0 0 0 0 0 0 0 0 0 0 0 0 0 0 0 0 0 0 0 0 0 3 0 0 6 0 0 1 0 0 0 0 0 0 0 0 0 0 0 0 0 0 0 0 0 0 0 0 0 3 0 2 11 6 0 0 4 0 0 0 0 0 0 0 0 0 0 0 0 0 0 0 0 0 0 0 0 0 10 0 0 2 3 0 9 0 0 0 0 0 0 0 0 0 0 0 0 0 0 0 0 0 0 0 0 0 0 0 4 16 0 0 6 0 0 0 0 0 0 0 0 0 0 0 0 0 0 0 0 0 0 0 0 11 0 0 0 0 2 12 0 0 0 0 0 0 0 0 0 0 0 0 0 0 0 0 0 0 0 0 0 122 134 132 52 13 128 178 70 0 0 0 0 4 0 0 5 5 1 1 0 4 0 0 0 5 0 138 251 242 255 255 255 178 254 255 254 0 0 0 0 0 7 14 0 0 2 14 4 0 0 2 0 0 204 252 255 153 112 249 255 255 255 252 66 0 0 0 0 0 0 0 5 8 1 0 0 0 0 0 89 253 252 190 0 0 59 255 241 247 177 4 0 0 0 0 0 4 0 0 5 5 0 0 25 16 0 136 241 255 186 66 9 119 255 255 255 129 18 0 4 0 0 0 0 0 10 0 0 2 7 0 0 61 244 255 249 193 0 125 181 255 255 255 117 0 4 0 0 0 0 0 0 0 6 0 0 9 5 0 11 255 255 255 255 246 255 247 255 255 241 127 18 2 1 1 3 0 0 0 0 0 6 5 2 0 0 27 116 244 255 239 251 255 226 255 255 255 151 0 6 0 0 22 0 0 0 0 0 0 9 0 0 10 4 0 1 255 255 253 254 129 255 242 255 125 0 2 0 3 6 0 7 0 0 0 0 0 0 0 0 0 0 0 0 0 0 6 0 66 255 251 191 0 0 0 0 0 0 0 0 0 0 0 0 0 0 0 0 0 0 0 0 7 1 0 121 255 250 177 21 0 0 0 0 0 0 0 0 0 0 0 0 0 0 0 0 0 0 0 0 0 7 2 195 247 255 66 0 0 0 0 0 0 0 0 0 0 0 0 0 0 0 0 0 0 0 0 0 0 4 204 247 255 72 0 27 0 0 0 0 0 0 0 0 0 0 0 0 0 0 0 0 0 0 0 0 7 120 252 255 188 0 4 0 0 0 0 0 0 0 0 0 0 0 0 0 0 0 0 0 0 0 0 0 6 255 239 212 0 3 11 0 0 0 0 0 0 0 0 0 0 0 0 0 0 0 0 0 0 0 0 0 121 250 255 69 11 0 0 0 0 0 0 0 0 0 0 0 0 0 0 0 0 0 0 0 0 0 0 0 134 255 248 0 0 11 0 13 0 0 0 0 0 0 0 0 0 0 0 0 0 0 7 0 12 1 0 76 255 241 201 7 5 0 0 6 0 0 0 0 0 0 0 0 0 0 0 0 3 2 8 0 0 0 20 118 252 246 255 175 0 0 27 0 0 0 0 0 0 0 0 0 0 0 0 0 0 0 10 2 2 0 0 16 204 255 125 64 14 3 0 8 0 0 0 0 0 0 0 0 0 0 0 0 4 0 3 1 3 9 0 0 0 9 0 12 0 0 22 0 0 0 0 0 0 0 0 0 0 0 0 0
0 0 0 0 0 0 0 0 0 0 1 1 3 5 3 0 1 0 4 5 0 0 2 0 6 0 10 0 0 0 0 0 0 0 0 0 0 2 2 0 0 0 0 0 0 0 0 3 3 6 5 0 0 0 0 0 0 0 0 0 0 0 0 0 1 2 3 0 0 0 0 2 3 5 12 8 0 0 3 8 1 2 8 0 0 0 0 0 0 0 0 0 3 0 0 2 2 0 1 4 2 0 0 0 0 4 6 0 0 0 0 0 0 0 0 0 0 0 0 0 5 0 0 2 5 1 0 0 0 0 7 11 3 2 3 0 0 6 0 5 0 0 0 0 0 0 0 0 6 0 0 1 2 0 0 0 4 0 3 2 0 0 1 0 1 6 0 8 0 0 0 0 0 0 0 0 3 0 0 2 0 0 1 15 0 0 29 82 133 170 180 166 241 156 14 0 0 0 0 0 0 0 0 0 0 0 1 4 0 0 12 37 75 140 222 251 215 177 166 164 109 83 2 10 7 0 0 7 6 0 24 0 0 7 3 5 17 34 214 242 250 198 69 25 23 0 0 6 0 0 0 0 5 0 20 0 0 9 0 0 0 22 0 74 209 254 194 108 7 7 0 13 11 0 17 0 0 0 0 0 0 9 0 0 17 2 0 16 0 75 197 253 192 53 11 0 13 0 6 65 221 87 0 8 0 0 0 0 0 4 0 1 0 1 22 0 72 221 207 38 0 0 18 2 0 0 44 218 226 16 22 0 0 0 0 0 2 0 9 0 6 0 0 74 235 211 52 0 0 11 0 0 0 46 203 255 53 9 11 2 0 0 0 0 0 2 0 0 25 0 80 237 160 28 0 16 3 0 0 30 125 233 255 108 10 0 0 0 0 0 0 0 0 2 9 6 0 1 243 255 135 22 17 0 0 9 74 236 255 246 223 9 3 0 0 16 0 0 0 0 5 0 0 0 25 0 146 252 140 0 22 57 65 188 108 99 233 219 66 0 2 0 10 0 0 0 0 0 0 0 0 4 9 0 59 219 235 178 230 254 199 115 0 73 248 104 7 1 0 0 2 0 0 0 0 0 2 10 0 0 6 0 0 29 69 126 136 17 4 0 53 215 143 42 0 0 2 0 4 0 0 0 0 0 0 7 3 0 6 10 0 0 0 0 0 4 14 29 210 237 55 4 0 4 2 0 2 0 0 0 0 0 0 0 2 0 0 0 4 8 10 0 5 0 0 131 233 40 20 1 0 6 0 0 1 0 0 0 0 0 11 0 0 2 0 0 0 0 0 0 8 0 115 239 125 0 0 0 0 0 0 0 4 3 0 0 0 0 0 0 1 2 4 15 14 0 1 28 0 44 227 168 23 0 0 0 1 0 0 1 1 0 0 0 0 0 0 6 5 0 0 0 0 0 0 0 41 250 241 23 0 13 0 6 4 0 2 2 0 0 0 0 0 0 1 0 0 0 5 0 0 5 3 3 150 237 34 12 5 0 0 2 0 0 0 1 0 2 0 0 0 0 0 0 0 0 0 0 0 0 1 121 255 53 12 3 0 5 0 0 0 0 0 0 0 0 0 0 0 0 0 0 0 0 0 0 0 0 18 88 133 6 0 0 0 0 0 0 0 0 0 0 0 0 0 0 0 0 0 0 0 0 0 0 0 0 0 25 6 0 0 10 10 0 0 0 0 0 0 0 0 0 0 0 0 0 0 0 0 0 0 0 0 0 0 10 0 5 10 2 0 0 0 0 0 0 0 0 0 0 0 0 0 0
0 0 0 0 0 0 0 0 0 2 0 6 0 11 0 1 11 2 0 0 0 0 0 0 0 0 0 0 0 0 0 0 0 0 0 0 6 5 0 0 0 0 1 4 0 0 8 12 9 4 1 1 0 0 0 0 0 0 0 0 0 0 0 0 0 0 2 1 1 0 0 0 0 0 0 0 0 0 0 2 0 0 0 0 0 0 0 0 0 0 0 0 0 0 0 12 4 7 1 6 2 0 0 2 8 10 8 4 0 0 0 0 0 0 0 0 0 0 0 0 7 8 0 8 0 0 0 1 3 1 0 0 0 0 0 0 0 0 0 0 0 0 0 0 0 0 0 0 0 0 0 10 2 10 0 7 0 0 3 4 1 0 5 11 0 0 0 0 0 0 0 0 0 0 0 0 14 0 0 0 10 0 0 0 10 6 1 0 1 0 0 0 0 0 0 0 0 0 0 0 0 0 0 0 2 0 15 23 122 147 230 252 250 175 77 10 0 0 5 4 0 0 0 0 0 9 0 3 6 5 0 0 3 0 90 207 242 253 255 249 255 251 255 225 58 2 3 0 0 0 0 0 0 7 0 0 0 0 2 5 0 77 193 255 232 109 85 81 66 167 255 255 190 0 11 0 0 0 0 0 0 0 4 17 0 6 0 0 56 218 255 194 20 15 0 0 49 215 255 238 82 0 0 16 0 0 0 0 9 7 0 0 0 0 0 71 225 231 220 22 4 0 9 42 215 234 255 96 13 3 13 0 0 0 0 0 1 6 0 4 17 8 57 244 255 168 0 6 0 22 34 218 255 252 246 57 0 0 0 8 0 0 0 0 0 8 0 4 1 0 35 255 249 160 0 12 5 82 205 254 243 255 157 0 27 0 5 0 0 0 0 0 0 0 0 1 0 11 68 242 246 255 255 249 255 255 242 79 166 255 48 16 0 12 0 10 0 0 0 0 6 0 6 7 0 1 0 68 224 255 245 255 227 175 14 89 252 222 0 0 1 0 3 0 0 0 0 0 0 0 0 0 0 0 0 0 66 71 88 65 29 5 3 204 255 96 7 0 0 5 0 8 0 0 0 0 0 0 0 0 0 0 0 0 3 0 0 7 1 0 41 230 231 62 8 2 7 6 0 1 0 0 0 0 0 0 0 0 0 0 0 0 4 0 2 2 0 0 115 253 161 0 0 0 3 4 0 6 0 0 0 0 0 0 0 0 0 0 0 0 0 2 9 0 1 38 207 255 152 0 11 0 4 0 0 3 0 0 0 0 0 0 0 0 0 0 0 0 0 0 0 0 4 64 255 248 116 0 17 0 4 0 0 2 0 0 0 0 0 0 0 0 0 0 0 0 10 5 3 7 0 51 255 252 42 0 0 0 3 0 1 2 0 0 0 0 0 0 0 0 0 0 0 0 0 0 0 10 0 55 255 233 21 7 6 5 8 0 0 0 0 0 0 0 0 0 0 0 0 0 0 0 7 7 0 0 0 89 247 165 0 8 0 0 0 0 5 3 0 0 0 0 0 0 0 0 0 0 0 0 0 4 0 1 7 176 243 70 0 0 0 0 0 0 0 0 0 0 0 0 0 0 0 0 0 0 0 0 0 7 0 0 30 236 255 28 0 0 0 0 0 0 0 0 0 0 0 0 0 0 0 0 0 0 0 0 1 0 5 0 0 189 255 47 0 0 0 0 0 0 0 0 0 0 0 0 0 0 0 0 0 0 0 0 6 7 0 4 13 0 0 0 0 0 0 0 0 0 0 0 0 0 0 0
0 0 0 0 0 0 0 0 0 0 0 0 0 2 7 0 4 2 0 0 4 0 0 4 0 0 0 0 0 0 0 0 0 0 0 0 1 8 11 2 0 0 0 2 0 4 7 0 0 0 0 0 0 0 0 0 0 0 0 0 0 0 0 0 0 0 0 0 3 7 0 0 8 0 0 3 5 2 1 0 0 0 0 0 0 0 0 0 0 0 0 0 0 8 9 3 4 0 0 12 6 0 0 6 0 0 3 0 0 0 0 0 0 0 0 0 0 0 0 0 6 4 0 0 0 0 0 0 0 3 15 0 0 0 4 0 0 0 0 0 0 0 0 0 0 0 0 0 0 0 0 9 2 2 7 2 19 5 0 0 7 0 0 5 0 0 0 0 0 0 0 0 0 0 0 0 17 0 20 121 208 255 245 177 147 104 27 0 18 6 0 8 0 0 0 0 0 0 0 0 0 0 0 0 0 42 169 255 248 249 255 247 255 255 152 10 0 6 1 1 0 0 0 0 0 9 0 0 5 2 0 0 2 204 246 247 255 238 248 255 254 251 241 33 0 15 0 3 0 0 0 0 4 0 3 0 2 7 0 3 158 251 247 255 147 111 44 26 192 242 228 9 17 72 19 6 0 0 0 0 7 0 10 8 0 0 0 25 218 255 255 154 29 0 0 0 0 26 0 19 203 255 169 7 0 0 0 0 16 0 2 0 0 5 12 168 248 255 164 8 14 0 0 5 0 22 52 173 253 249 152 0 0 0 0 0 1 0 3 0 6 0 10 254 250 255 63 0 0 22 0 0 7 66 223 255 244 255 72 1 0 0 0 0 0 3 3 0 8 0 0 255 246 175 0 23 0 0 54 153 244 242 255 244 245 215 17 0 0 0 0 0 6 7 0 0 0 7 29 244 255 238 142 89 88 170 255 245 249 255 249 255 255 79 0 7 0 0 0 0 0 0 0 13 0 0 0 116 255 246 249 255 255 255 255 252 253 217 253 255 248 27 0 3 0 0 0 0 0 0 0 0 0 1 1 1 221 255 255 251 255 234 219 133 42 105 255 237 188 11 7 0 0 0 0 0 0 0 0 0 0 1 1 1 97 191 180 153 175 70 0 0 10 172 251 255 89 0 0 0 0 0 0 0 0 0 0 0 0 0 1 1 0 14 0 0 13 0 0 14 88 245 249 213 0 0 0 0 0 0 0 0 0 0 0 0 0 0 0 0 19 0 3 9 0 0 12 0 203 255 246 77 0 5 4 0 0 0 0 0 0 0 0 0 0 0 0 0 0 0 7 4 2 0 0 70 233 255 191 2 4 0 0 4 0 0 0 0 1 1 0 0 0 0 0 0 15 13 0 0 0 0 11 197 246 255 76 0 4 0 0 0 0 0 0 0 1 1 1 0 0 0 0 0 0 0 0 10 9 0 17 207 255 231 0 5 0 2 0 0 0 0 0 0 1 1 1 0 0 0 0 0 3 5 11 0 0 6 41 254 245 164 0 3 0 0 0 3 0 0 0 0 0 0 0 0 0 0 0 0 7 0 0 0 7 0 53 248 244 140 0 0 0 0 4 6 0 0 0 0 0 0 0 0 0 0 0 0 0 0 16 0 0 0 71 243 255 168 14 0 0 6 7 0 0 0 0 0 0 0 0 0 0 0 0 0 6 0 0 0 3 0 0 11 0 7 0 10 0 0 5 0 0 0 0 0 0 0 0 0 0 0 0 0 0 0 5 0 7 15 0 0 0 14 0 1 0 0 9 7 0 0 0 0
0 0 0 0 0 0 0 0 0 0 0 7 6 0 9 0 0 0 0 1 0 0 0 5 0 0 0 0 0 0 0 0 0 0 0 0 7 10 6 1 0 0 0 4 3 2 2 4 4 0 0 0 0 0 0 0 0 0 0 0 0 0 0 0 0 0 1 0 7 8 0 2 0 0 0 0 0 3 1 0 0 0 0 0 0 0 0 0 0 0 0 0 7 4 2 0 0 6 0 5 0 1 0 0 0 2 5 2 0 0 0 0 0 0 0 0 0 0 0 0 0 4 8 0 0 2 0 5 2 5 5 0 0 0 0 0 0 0 0 0 0 0 0 0 0 0 0 0 0 0 0 0 0 0 11 0 0 0 0 4 5 0 0 0 0 0 0 0 0 0 0 0 0 0 0 0 0 9 2 19 0 0 32 0 19 0 0 0 5 0 0 0 0 0 0 0 0 0 0 0 0 0 0 0 18 113 192 248 183 140 205 172 69 27 0 0 3 0 0 3 0 0 0 0 0 0 6 0 4 0 0 53 206 246 248 255 252 248 250 255 215 126 0 0 5 2 18 0 0 0 0 0 1 0 1 0 1 0 7 120 235 255 255 248 255 251 255 243 255 234 82 0 0 0 0 5 0 0 0 0 2 0 0 0 0 0 5 199 255 237 242 185 189 138 228 255 240 255 214 193 65 5 0 4 0 0 0 0 0 0 0 4 3 0 0 243 241 210 14 0 2 0 21 237 255 255 237 252 121 16 6 0 0 0 0 0 0 0 0 4 3 0 0 243 255 160 2 0 15 0 7 96 135 240 255 255 165 0 0 0 0 0 0 0 2 0 0 0 0 0 5 199 255 236 80 8 0 5 2 43 173 242 241 255 122 13 6 1 0 0 0 0 1 0 1 0 1 0 7 120 251 251 255 186 166 172 255 242 248 255 255 248 36 0 0 4 0 0 0 0 0 0 6 0 4 0 0 53 249 255 250 243 255 240 247 255 255 252 250 99 13 1 0 5 0 0 0 0 0 0 0 0 0 0 0 0 62 189 248 249 255 252 253 252 249 255 220 30 0 3 5 2 0 0 0 0 0 0 0 0 0 0 0 0 0 0 20 112 107 103 75 177 248 245 88 8 0 0 0 5 0 0 0 0 0 0 0 0 0 0 0 0 9 0 1 5 0 16 0 238 255 234 0 5 5 0 0 2 0 0 0 0 0 0 0 0 0 0 0 0 0 8 11 0 2 12 83 253 255 186 0 7 7 3 0 0 0 0 0 0 0 0 0 0 0 0 0 0 0 0 0 25 2 10 246 251 232 79 4 0 2 0 0 0 0 0 0 0 0 0 0 0 0 0 0 0 6 0 0 7 0 93 255 255 204 0 12 0 6 0 0 6 0 0 0 0 0 0 0 0 0 0 0 0 0 0 9 0 63 255 244 254 141 0 10 0 5 3 0 3 0 0 0 0 0 0 0 0 0 0 0 0 0 6 0 2 86 248 249 255 57 0 0 2 0 5 5 0 0 0 0 0 0 0 0 0 0 0 0 0 0 3 1 2 192 244 255 116 0 0 0 0 0 0 0 0 0 0 0 0 0 0 0 0 0 0 0 0 11 5 0 2 177 255 255 72 0 0 0 0 0 0 0 0 0 0 0 0 0 0 0 0 0 0 0 0 0 0 0 4 103 200 229 84 0 0 0 0 0 0 0 0 0 0 0 0 0 0 0 0 0 0 0 0 0 8 5 0 0 5 33 0 0 0 0 0 0 0 0 0 0 0 0 0
0 0 0 0 0 0 0 0 0 2 0 4 0 15 1 0 2 1 1 0 0 1 2 2 0 0 0 0 0 0 0 0 0 0 0 0 3 4 5 7 0 0 0 10 0 0 0 0 0 1 2 2 0 0 0 0 0 0 0 0 0 0 0 0 7 0 0 0 2 3 0 0 0 0 0 1 1 1 1 0 0 0 0 0 0 0 0 0 0 0 0 0 0 12 9 4 0 8 1 0 2 3 3 3 2 1 0 0 0 0 0 0 0 0 0 0 0 0 0 0 0 1 0 6 0 15 1 2 1 1 1 1 1 0 0 0 0 0 0 0 0 0 0 0 0 0 0 0 12 8 0 14 0 0 0 6 0 0 0 0 0 0 1 2 0 0 0 0 0 0 0 0 0 0 0 0 0 0 9 0 4 0 6 0 6 4 1 0 0 0 1 2 0 0 0 0 0 0 0 0 0 0 0 0 14 0 6 7 161 220 208 92 19 15 9 3 0 0 0 0 0 0 0 0 6 0 3 0 0 0 0 7 0 1 62 219 255 234 255 244 211 255 144 6 0 0 4 1 0 0 0 0 4 0 0 0 7 7 0 0 35 121 255 255 158 80 68 191 246 255 181 0 2 0 1 0 0 0 0 0 1 0 0 0 4 5 0 13 172 255 242 104 17 0 1 188 255 251 215 0 4 2 0 0 0 0 0 0 0 4 5 0 0 0 0 66 193 254 129 0 0 3 16 241 253 251 218 6 6 0 0 4 0 0 0 0 0 3 3 0 0 4 5 119 255 220 0 4 15 7 131 247 252 255 180 16 5 0 0 2 0 0 0 0 0 2 0 0 0 2 0 141 247 137 0 20 0 58 242 249 220 255 128 0 0 0 3 0 0 0 0 0 4 3 0 0 0 0 0 185 255 46 21 0 18 233 255 229 159 246 125 0 0 1 1 3 0 0 0 0 0 2 0 7 0 2 26 254 245 150 131 179 232 255 210 107 118 249 164 4 3 0 0 2 0 0 0 0 0 10 0 0 11 0 17 114 246 249 255 240 255 208 44 1 118 255 144 0 0 1 9 0 0 0 0 0 0 7 0 0 15 0 0 23 75 229 255 249 146 0 0 2 123 255 119 8 2 0 2 0 0 0 0 0 0 6 0 0 3 3 0 0 0 9 0 0 7 6 11 3 153 254 97 9 5 0 0 4 0 0 0 0 0 3 3 0 0 2 11 6 2 0 23 0 0 17 0 0 192 255 109 0 4 1 1 2 0 0 0 0 0 0 5 8 0 0 3 0 3 0 0 2 0 0 9 5 200 255 141 0 0 9 1 2 0 0 0 0 6 0 0 3 3 2 0 0 0 3 0 9 9 0 10 0 191 246 135 1 0 4 0 4 0 0 0 0 6 0 0 0 0 5 5 3 9 0 0 0 0 0 0 11 212 241 66 9 0 0 0 3 0 0 0 0 0 6 7 0 0 1 0 0 0 2 6 2 0 0 7 34 250 243 0 8 3 1 0 0 0 0 0 0 0 0 0 0 0 0 0 0 0 5 0 0 3 0 10 79 255 155 0 6 0 1 2 5 0 0 0 0 0 0 0 0 0 0 0 0 0 6 0 0 5 0 2 51 235 139 0 3 0 6 0 0 0 0 0 0 0 0 0 0 0 0 0 0 0 7 0 0 7 0 0 16 217 142 13 0 0 0 4 8 0 0 0 0 0 0 0 0 0 0 0 0 0 6 0 0 5 3 0 0 0 0 0 17 9 7 0 0 0 0 0 0
0 0 0 0 0 0 0 0 4 6 2 0 0 2 1 0 0 5 6 1 0 0 0 0 0 0 0 0 0 0 0 0 0 0 0 0 0 0 1 4 5 6 4 2 0 0 0 3 8 5 0 0 0 0 0 0 0 0 0 0 0 0 0 0 14 9 3 0 0 0 0 0 11 4 0 0 0 0 0 13 0 0 0 0 0 0 0 0 0 0 0 0 0 0 0 7 9 3 1 4 0 0 0 2 0 0 0 2 0 0 0 0 0 0 0 0 0 0 0 0 1 0 0 0 1 0 0 0 3 6 2 0 2 11 6 0 0 0 0 0 0 0 0 0 0 0 0 0 4 4 3 1 4 8 8 3 0 0 3 0 0 0 4 3 0 0 0 0 0 0 0 0 0 0 0 0 0 4 5 0 0 0 0 0 10 0 0 3 3 0 0 0 0 0 0 0 0 0 0 0 0 0 0 0 0 7 0 0 27 115 205 254 218 112 14 0 2 2 0 3 0 0 0 0 0 4 1 0 2 3 0 0 0 3 8 112 218 255 253 243 219 255 131 4 11 0 0 0 0 0 0 0 1 2 0 0 0 0 12 44 0 3 144 242 226 143 107 21 29 133 249 2 0 1 25 0 0 0 0 0 5 0 0 6 1 0 16 71 6 202 255 217 31 8 0 8 0 63 255 5 6 2 0 0 0 0 0 0 2 0 0 9 6 0 5 48 71 249 141 13 0 7 0 6 0 176 255 0 0 2 0 2 0 0 0 0 1 1 0 1 6 0 0 11 167 213 30 7 8 0 0 0 26 255 255 0 0 11 0 6 0 0 0 0 3 6 0 0 2 5 0 0 189 216 0 1 0 6 11 10 154 238 192 3 11 7 0 4 0 0 0 0 1 5 0 0 1 3 0 0 130 255 151 40 13 0 9 48 230 252 145 0 0 0 0 0 0 0 0 0 0 1 1 2 4 0 0 3 58 241 255 240 162 117 123 255 254 255 58 1 5 2 0 0 0 0 0 0 0 0 0 0 0 0 0 0 0 68 179 253 255 255 249 195 183 250 22 8 0 4 0 0 0 0 0 0 0 0 0 0 0 0 0 0 0 0 17 103 181 192 143 12 202 248 17 0 0 0 3 3 0 0 0 0 0 0 0 0 0 0 0 0 4 0 3 7 5 0 26 15 237 220 16 0 8 0 3 0 0 0 0 0 0 0 0 0 0 0 0 0 10 2 0 0 0 0 3 94 255 139 8 0 9 0 1 0 0 0 0 0 0 0 0 0 0 0 0 0 0 0 6 12 10 4 0 186 255 46 0 1 0 5 1 2 0 0 0 0 0 0 0 0 0 0 0 0 13 3 0 0 0 0 0 217 242 10 3 4 0 7 0 5 0 0 0 0 0 0 0 0 0 0 0 0 0 0 7 3 2 0 67 248 175 10 4 4 0 6 0 2 0 0 0 0 0 0 0 0 0 0 0 0 9 0 4 0 8 0 144 255 85 1 0 0 6 6 0 1 0 0 0 0 0 0 0 0 0 0 0 0 1 0 16 0 12 9 171 255 23 11 0 0 0 3 0 0 0 0 0 0 0 0 0 0 0 0 0 0 8 4 0 0 0 16 249 206 8 2 0 0 1 4 3 0 0 0 0 0 0 0 0 0 0 0 0 0 0 2 0 12 1 46 241 129 0 0 0 0 2 3 1 0 0 0 0 0 0 0 0 0 0 0 0 0 3 4 6 0 0 0 23 0 0 0 0 1 0 0 0 0 0 0 0 0
0 0 0 0 0 0 0 0 0 0 0 6 2 0 0 9 0 4 0 6 0 1 0 6 0 0 0 0 0 0 0 0 0 0 0 0 5 4 0 0 0 9 0 0 6 3 0 0 0 3 0 0 0 0 0 0 0 0 0 0 0 0 0 0 0 0 0 2 4 4 6 11 0 0 5 8 4 3 2 0 0 0 0 0 0 0 0 0 0 0 0 0 0 2 5 0 0 0 0 2 1 0 1 5 0 0 4 9 0 0 0 0 0 0 0 0 0 0 0 0 0 7 5 0 0 12 7 0 0 5 0 16 0 7 0 0 0 0 0 0 0 0 0 0 0 0 0 0 5 0 0 7 1 0 0 15 0 6 0 0 0 16 1 0 0 0 0 0 0 0 0 0 0 0 0 0 11 0 0 6 0 0 35 99 213 222 149 19 0 0 1 0 0 0 0 0 0 0 0 0 0 0 0 0 0 7 4 0 25 122 209 246 226 255 229 37 17 0 11 0 0 0 0 0 2 0 0 4 2 0 7 0 5 0 47 172 236 242 138 23 32 28 101 24 0 9 0 1 0 0 0 0 0 5 0 0 1 5 0 0 9 180 231 222 145 32 0 4 0 134 145 9 0 0 6 0 0 0 0 0 0 6 0 0 1 6 0 81 182 255 184 39 0 0 0 2 85 246 176 7 0 0 22 5 0 0 0 0 2 2 0 8 0 0 14 204 250 63 8 0 6 8 0 30 219 243 114 0 0 1 0 0 0 0 0 0 0 4 0 8 0 0 19 217 255 32 3 0 0 0 75 219 255 236 51 17 6 25 0 6 0 0 0 0 0 9 1 0 0 0 1 106 255 223 192 163 188 210 189 149 216 240 2 0 0 0 0 0 0 0 0 0 0 7 2 0 0 2 0 11 61 180 241 241 201 126 44 19 230 218 5 0 0 0 6 10 0 0 0 0 2 0 0 4 4 0 6 0 7 0 0 8 2 4 0 85 252 126 0 3 0 0 1 0 0 0 0 0 0 0 0 0 0 0 0 0 6 0 2 0 0 0 12 159 255 31 0 0 0 0 12 0 0 0 0 0 0 0 0 0 0 0 0 0 0 0 2 1 7 9 0 221 175 4 0 2 7 0 8 0 0 0 0 0 0 0 0 0 0 0 0 0 7 1 2 0 0 0 52 255 107 0 5 0 0 0 5 1 0 0 0 0 0 0 0 0 0 0 0 0 0 2 3 0 3 5 215 227 50 0 9 0 0 0 3 4 0 0 0 0 0 0 0 0 0 0 0 0 0 4 3 4 0 40 255 130 0 0 5 0 7 3 0 0 0 0 0 0 0 0 0 0 0 0 0 0 0 9 0 1 3 127 235 137 5 1 2 0 3 1 0 0 0 0 0 0 0 0 0 0 0 0 0 0 5 0 2 0 24 216 255 228 23 11 0 0 0 0 1 3 0 0 0 0 0 0 0 0 0 0 0 0 5 0 14 0 14 202 246 201 5 0 0 8 2 0 0 0 0 0 0 0 0 0 0 0 0 0 0 0 2 6 0 0 40 253 214 94 0 0 0 0 0 0 0 0 0 0 0 0 0 0 0 0 0 0 0 0 18 0 3 10 62 220 99 0 0 0 0 0 0 0 0 0 0 0 0 0 0 0 0 0 0 0 0 0 0 1 10 8 0 16 10 0 0 0 0 0 0 0 0 0 0 0 0 0 0 0 0 0 0 0 0 0 7 11 0 0 5 0 2 0 0 0 0 0 0 0 0 0 0 0 0 0
0 0 0 0 0 0 0 0 0 4 6 2 0 0 0 5 3 0 0 0 7 0 0 5 0 0 0 0 0 0 0 0 0 0 0 0 0 0 0 3 7 5 0 0 0 0 3 6 7 3 0 0 0 0 0 0 0 0 0 0 0 0 0 0 7 0 0 0 0 6 9 9 8 3 1 0 0 0 7 3 0 0 0 0 0 0 0 0 0 0 0 0 0 2 5 4 0 0 0 0 0 0 4 9 1 3 8 2 0 0 0 0 0 0 0 0 0 0 0 0 0 0 0 0 1 3 6 9 10 0 1 5 0 0 0 0 0 0 0 0 0 0 0 0 0 0 0 0 8 0 0 0 0 1 0 0 0 1 0 0 11 9 6 17 0 0 0 0 0 0 0 0 0 0 0 0 0 1 5 5 2 0 2 5 0 15 0 0 1 6 0 0 0 0 0 0 0 0 0 0 0 0 0 0 0 2 0 0 0 51 134 198 227 222 116 7 0 7 0 7 0 0 0 0 0 0 0 0 0 0 0 0 1 11 10 40 192 243 254 193 149 172 255 82 0 7 0 1 0 0 0 0 0 0 0 0 0 0 0 0 3 0 68 249 207 105 6 4 6 15 156 112 0 0 6 0 0 0 0 0 0 0 0 0 0 0 0 0 8 70 253 137 2 8 0 0 0 0 142 111 18 0 13 8 0 0 0 0 0 0 0 0 0 0 0 0 17 217 147 19 0 0 0 8 4 73 237 28 3 9 0 6 0 0 0 0 0 0 0 0 0 0 0 0 98 197 8 0 11 6 0 0 0 216 202 1 6 0 29 0 0 0 0 0 0 0 0 0 0 0 0 0 119 126 21 0 0 10 0 20 182 245 135 2 0 14 0 11 0 0 0 0 0 0 0 0 0 0 0 0 138 214 0 16 14 0 11 161 249 251 41 0 0 0 0 10 0 0 0 0 0 0 0 0 0 0 0 0 93 247 194 34 32 85 224 235 100 237 32 0 12 1 3 0 0 0 0 0 0 0 0 0 0 0 0 0 13 200 244 255 255 249 216 56 103 238 10 0 0 6 0 4 0 0 0 0 0 0 0 0 0 0 0 0 3 51 162 231 217 112 28 0 174 159 8 0 5 2 0 0 0 0 0 0 0 0 0 0 0 0 0 0 0 0 27 0 0 0 0 45 240 60 5 0 8 0 2 0 0 0 0 0 0 0 0 0 0 0 0 0 0 5 5 0 6 3 7 91 233 1 3 0 4 0 7 0 0 0 0 0 0 0 0 0 0 0 0 0 2 7 0 4 6 0 0 170 155 0 2 3 0 0 9 0 0 0 0 0 0 0 0 0 0 0 0 0 0 2 1 0 0 6 36 236 66 3 3 4 0 0 5 0 0 0 0 0 0 0 0 0 0 0 0 0 10 0 2 11 0 0 82 215 16 1 3 1 0 5 0 0 0 0 0 0 0 0 0 0 0 0 0 0 0 9 0 0 2 13 179 168 5 0 3 0 2 9 0 0 0 0 0 0 0 0 0 0 0 0 0 0 0 6 0 13 0 4 242 83 0 0 0 0 0 0 0 0 0 0 0 0 0 0 0 0 0 0 0 0 0 18 6 0 0 166 213 8 0 0 0 0 0 0 0 0 0 0 0 0 0 0 0 0 0 0 0 0 0 0 0 0 34 226 160 11 0 0 0 0 0 0 0 0 0 0 0 0 0 0 0 0 0 0 0 0 0 0 14 5 0 10 0 0 0 0 0 0 0 0 0 0 0 0 0 0
0 0 0 0 0 0 0 0 0 4 6 0 0 7 9 0 0 9 0 10 0 0 0 6 0 0 0 0 0 0 0 0 0 0 0 0 2 0 2 8 0 0 0 0 0 0 0 3 7 9 0 0 0 0 0 0 0 0 0 0 0 0 0 0 3 0 0 0 0 7 16 4 9 0 2 0 0 0 1 7 0 0 0 0 0 0 0 0 0 0 0 0 0 0 13 6 2 0 0 0 0 0 4 13 5 9 0 6 0 0 0 0 0 0 0 0 0 0 0 0 13 0 1 4 14 0 6 7 0 12 0 0 0 0 0 0 0 0 0 0 0 0 0 0 0 0 0 0 0 0 19 0 0 45 145 182 243 255 218 144 41 6 7 10 0 0 0 0 0 0 0 0 0 0 0 0 14 0 1 6 120 217 255 239 237 255 255 237 142 0 0 0 0 0 0 0 0 0 0 0 0 0 0 0 0 0 95 185 255 247 244 221 212 189 214 255 239 20 10 0 0 0 0 0 1 8 0 1 10 0 0 8 1 85 223 255 243 105 36 18 0 6 50 245 248 60 0 4 0 0 0 0 0 9 0 0 0 0 3 0 12 215 233 160 0 13 20 0 8 0 56 255 225 13 6 3 0 0 0 0 0 3 0 4 6 2 12 0 202 255 129 8 1 0 15 0 0 5 44 247 193 4 0 3 0 0 0 0 3 2 5 0 0 0 6 85 255 221 0 1 0 28 0 6 0 1 84 233 210 9 0 0 0 0 0 0 0 0 17 0 1 0 39 248 229 67 3 0 0 0 12 0 3 0 189 255 203 0 20 0 0 0 0 0 4 0 7 0 15 8 32 246 200 0 0 10 11 0 0 3 0 94 254 253 81 0 0 4 0 0 0 0 14 0 0 0 1 0 5 123 173 12 0 0 0 4 0 9 52 231 255 226 0 12 0 14 0 0 0 0 0 4 3 6 0 6 79 145 233 15 0 11 4 0 8 0 168 255 255 244 7 0 0 0 0 0 0 0 5 0 6 0 2 0 35 230 247 170 45 6 0 2 22 177 253 252 248 166 6 7 0 0 0 0 0 0 2 0 10 0 5 0 8 131 255 244 255 168 163 158 241 255 255 254 255 155 0 0 7 4 0 0 0 0 0 3 7 0 4 0 0 31 252 242 255 255 250 236 255 237 82 223 240 78 6 0 0 0 0 0 0 0 0 5 0 0 2 1 0 0 70 222 244 255 245 255 163 28 47 249 218 0 0 1 0 1 0 0 0 0 0 2 0 2 2 0 8 0 0 51 105 151 147 63 18 0 145 255 184 0 0 0 13 0 0 0 0 0 0 1 0 8 5 0 0 4 14 0 9 6 0 0 10 4 145 249 143 3 14 0 0 0 0 0 0 0 1 2 3 1 5 0 0 3 1 0 0 3 0 20 1 0 188 254 84 0 2 0 0 9 0 0 0 0 3 3 1 0 3 9 0 6 0 8 4 0 10 0 0 89 255 190 0 0 1 3 2 0 0 0 0 0 0 0 0 0 0 0 0 0 3 0 7 0 10 0 12 201 252 134 20 0 0 1 0 1 0 0 0 0 0 0 0 0 0 0 0 0 9 0 6 0 1 0 0 19 10 0 0 4 6 0 0 2 0 0 0 0 0 0 0 0 0 0 0 0 0 0 11 4 0 15 5 0 0 0 6 0 0 0 3 2 0 0 0 0 0 0 0 0 0 0 0 0 2 0 5 6 0 0 13 8 9 11 5 0 0 8 4 0 0 0 0 0
0 0 0 0 0 0 0 0 3 0 0 5 2 0 0 3 0 0 0 4 8 0 0 5 0 0 0 0 0 0 0 0 0 0 0 0 0 1 0 0 0 5 4 0 0 0 0 0 0 8 3 0 0 0 0 0 0 0 0 0 0 0 0 0 13 0 0 4 6 0 0 0 11 3 8 8 0 0 0 10 0 0 0 0 0 0 0 0 0 0 0 0 0 2 4 0 0 10 11 0 0 0 0 7 6 4 1 0 0 0 0 0 0 0 0 0 0 0 0 0 0 1 3 2 0 0 0 5 3 13 12 0 0 2 9 0 0 0 0 0 0 0 0 0 0 0 0 0 0 0 2 3 2 0 0 0 0 0 0 0 9 0 0 4 0 0 0 0 0 0 0 0 0 0 0 0 0 12 0 0 65 194 255 255 242 160 36 0 4 5 0 12 0 0 0 0 0 0 0 0 0 0 0 0 2 0 44 176 255 255 226 222 224 246 148 16 0 8 0 0 0 0 0 0 2 0 9 0 11 2 0 0 2 13 219 253 191 124 32 4 6 141 246 94 0 7 0 6 0 0 0 0 7 0 7 0 0 0 2 0 0 140 250 119 27 0 0 3 0 11 237 233 36 0 0 5 0 0 0 0 1 1 4 0 0 0 13 0 15 214 190 17 0 0 8 0 2 0 239 255 16 0 4 0 0 0 0 0 0 3 1 3 1 0 8 0 157 255 86 0 16 3 14 0 4 86 241 146 0 0 4 0 0 0 0 0 0 6 0 1 0 0 0 3 244 252 36 1 0 0 0 4 0 191 245 63 7 0 0 4 0 0 0 0 3 4 0 0 2 0 0 74 239 178 10 13 0 2 6 0 35 253 255 36 12 0 9 0 0 0 0 0 1 0 0 0 7 6 5 150 255 114 0 0 0 13 13 0 139 255 229 18 0 0 12 0 0 0 0 0 0 0 5 0 5 0 0 177 249 55 5 3 1 0 0 34 233 248 168 9 0 4 0 7 0 0 0 0 7 0 1 1 0 0 0 179 254 37 11 0 1 2 19 200 249 255 84 0 4 0 17 0 0 0 0 0 0 0 2 1 1 6 3 127 255 175 9 17 0 0 133 239 236 250 25 0 0 6 0 4 0 0 0 0 0 5 1 0 0 4 0 41 223 255 175 91 155 218 255 167 115 222 68 9 1 0 0 6 0 0 0 0 0 7 0 0 0 0 0 0 102 220 255 255 231 230 87 0 161 255 78 0 13 0 7 0 0 0 0 0 0 0 0 1 7 0 9 0 6 59 109 107 108 12 3 13 194 255 19 0 0 10 0 5 0 0 0 0 0 0 0 0 8 0 5 5 0 18 0 13 0 2 0 0 122 240 29 3 0 0 0 12 0 0 0 0 2 0 4 0 6 0 0 1 9 0 14 0 2 2 0 16 168 255 44 0 7 0 16 0 0 0 0 0 0 0 11 0 11 1 0 6 0 0 1 0 0 10 3 0 192 255 7 12 1 4 0 0 0 0 0 0 0 0 0 0 0 0 0 0 0 0 0 0 0 0 0 0 141 255 73 0 0 3 0 3 0 0 0 0 0 0 0 0 0 0 0 0 0 0 0 0 0 0 0 0 192 234 100 17 0 0 0 2 0 0 0 0 0 0 0 0 0 0 0 0 0 0 0 0 0 0 0 0 1 1 8 0 0 10 3 1 0 0 0 0 0 0 0 0 0 0 0 0 0 0 0 0 0 0 0 0 6 0 14 6 0 1 2 0 0 0 0 0
0 0 0 0 0 0 0 0 8 0 0 0 5 6 1 0 0 0 2 0 8 4 0 6 0 0 0 0 0 0 0 0 0 0 0 0 0 5 8 0 0 0 0 9 4 5 9 0 0 0 8 6 0 0 0 0 0 0 0 0 0 0 0 0 0 0 0 0 5 8 1 0 0 0 1 4 0 0 16 0 0 0 0 0 0 0 0 0 0 0 0 0 0 0 1 6 3 0 0 2 4 0 0 8 9 0 2 0 0 0 0 0 0 0 0 0 0 0 0 0 16 0 0 0 3 0 0 11 0 13 0 0 5 0 0 6 0 0 0 0 0 0 0 0 0 0 0 0 0 0 3 7 4 0 0 0 0 1 9 0 0 3 0 8 0 0 0 0 0 0 0 0 0 0 0 0 0 10 0 0 16 114 210 255 75 0 2 2 0 12 0 1 0 0 0 0 0 0 0 0 0 0 0 0 2 3 0 17 126 235 229 153 225 16 0 7 0 8 0 3 0 0 0 0 0 0 0 0 0 0 0 0 2 3 0 43 246 194 0 21 227 0 14 0 0 7 0 0 0 0 0 0 0 0 0 0 0 0 0 0 1 2 0 211 252 53 20 0 106 0 0 1 0 4 0 1 0 0 0 0 0 0 0 0 0 0 0 0 5 7 108 233 154 0 0 37 176 130 5 3 0 1 0 0 0 0 0 0 0 0 0 0 0 0 0 0 0 4 141 89 15 0 22 189 255 185 5 0 0 0 3 1 0 0 0 0 0 0 0 0 0 0 0 0 0 5 223 149 0 59 255 228 238 120 5 4 6 0 0 4 0 0 0 0 0 0 0 0 0 0 0 0 2 18 247 201 201 245 178 141 239 66 5 3 8 0 0 0 0 0 0 0 0 0 0 0 0 0 0 0 7 0 224 241 231 161 25 220 178 17 0 0 0 5 2 3 0 0 0 0 0 0 0 0 0 0 0 0 0 11 30 79 23 0 92 255 76 0 4 10 0 5 0 0 0 0 0 0 0 0 0 0 0 0 0 0 3 0 16 0 0 10 199 205 0 0 0 0 0 0 0 0 0 0 0 0 0 0 0 0 0 0 0 0 2 0 1 4 0 34 255 124 0 0 0 0 0 0 0 0 0 0 0 0 0 0 0 0 0 0 0 0 0 3 0 3 6 96 255 41 0 0 0 0 0 0 0 0 0 0 0 0 0 0 0 0 0 0 0 0 0 0 0 0 17 181 212 7 0 0 0 0 0 0 0 0 0 0 0 0 0 0 0 0 0 0 0 0 0 0 4 0 2 241 182 2 0 0 0 0 0 0 0 0 0 0 0 0 0 0 0 0 0 0 0 0 0 3 0 8 0 255 196 0 0 0 0 0 0 0 0 0 0 0 0 0 0 0 0 0 0 0 0 0 0 6 0 8 24 251 165 0 0 0 0 0 0 0 0 0 0 0 0 0 0 0 0 0 0 0 0 0 0 1 0 0 78 248 97 0 0 0 0 0 0 0 0 0 0 0 0 0 0 0 0 0 0 0 0 0 0 0 9 1 17 245 0 6 0 0 0 0 0 0 0 0 0 0 0 0 0 0 0 0 0 0 0 0 0 22 0 0 3 229 35 0 0 0 0 0 0 0 0 0 0 0 0 0 0 0 0 0 0 0 0 0 3 0 10 0 11 8 0 9 0 0 0 0 0 0 0 0 0 0 0 0 0 0 0 0 0 0 0 0 0 0 0 8 0 0 0 3 0 0 0 0 0 0 0 0 0 0 0 0
0 0 0 0 0 0 0 0 7 0 0 7 0 0 4 0 0 0 0 2 5 5 2 0 0 0 0 0 0 0 0 0 0 0 0 0 2 0 0 0 0 0 1 0 8 0 0 0 0 0 0 0 0 0 0 0 0 0 0 0 0 0 0 0 1 6 2 0 5 7 3 4 0 5 14 10 0 0 0 9 0 0 0 0 0 0 0 0 0 0 0 0 0 10 2 0 0 0 0 0 0 0 0 0 7 7 0 0 0 0 0 0 0 0 0 0 0 0 0 0 0 12 4 0 0 0 0 8 8 4 0 0 0 0 1 2 0 0 0 0 0 0 0 0 0 0 0 0 0 0 1 8 13 5 0 0 0 0 3 5 3 0 0 0 0 0 0 0 0 0 0 0 0 0 0 0 18 0 0 30 83 147 209 247 255 206 114 36 0 0 0 6 0 0 0 0 0 0 0 0 0 0 0 0 0 11 99 210 255 255 229 191 219 250 255 189 81 2 0 6 0 0 0 0 0 8 2 0 0 1 6 0 32 174 255 207 144 78 1 2 3 0 47 168 222 0 20 0 0 0 0 0 3 0 4 0 1 0 0 86 255 229 150 44 0 5 0 4 7 0 0 22 205 18 6 4 0 0 0 0 8 0 1 7 0 0 83 230 255 114 14 0 0 4 0 0 0 4 1 11 154 231 248 64 0 0 0 0 0 0 0 7 0 76 235 254 90 18 0 2 4 0 0 13 10 3 69 214 249 255 221 0 0 0 0 0 0 17 0 0 52 207 255 116 0 2 0 0 11 9 0 0 0 77 218 226 212 232 194 0 0 0 0 0 0 3 0 0 140 254 133 6 3 16 0 0 0 0 1 34 128 243 173 74 241 247 9 7 0 0 0 0 0 0 1 14 172 243 80 13 0 0 0 9 4 33 144 224 255 222 45 68 248 237 0 5 0 0 0 0 0 8 0 0 144 255 158 46 54 43 53 102 146 202 208 109 10 3 40 220 252 53 0 7 0 0 0 0 0 12 0 0 48 173 250 255 252 255 254 255 220 120 2 1 10 0 134 242 189 0 9 0 0 0 0 0 7 0 0 4 0 6 52 106 197 99 94 68 19 10 3 7 0 75 234 245 44 7 0 6 0 0 0 0 0 0 2 8 0 0 0 17 13 0 15 6 5 0 5 0 29 212 255 161 0 0 21 0 0 0 0 0 0 6 2 0 1 16 8 0 0 14 0 0 6 0 9 1 164 255 206 27 13 4 0 1 0 0 0 0 5 1 0 0 0 0 0 2 9 0 0 17 8 0 0 26 246 247 84 0 0 5 0 12 0 0 0 0 0 0 0 4 2 0 2 11 13 0 1 1 0 0 0 172 255 170 1 15 0 0 19 0 0 0 0 0 0 5 1 0 0 3 0 0 0 0 16 0 0 0 40 241 236 32 17 0 0 14 4 0 0 0 0 0 0 0 0 3 2 1 3 8 1 5 0 0 0 25 182 255 176 0 0 3 0 0 0 4 0 0 0 0 0 0 0 0 0 0 0 0 0 1 0 0 25 52 254 243 25 13 1 0 1 5 3 0 0 0 0 0 0 0 0 0 0 0 0 0 4 0 20 1 0 83 245 83 8 2 0 0 1 4 2 0 0 0 0 0 0 0 0 0 0 0 0 0 0 4 0 0 7 0 18 0 0 0 0 0 2 3 1 0 0 0 0 0 0 0 0 0 0 0 0 0 2 1 13 17 3 0 0 3 0 0 2 3 2 0 0 0 0 0 0 0
0 0 0 0 0 0 0 0 4 1 0 5 0 0 0 13 0 0 4 3 1 0 0 0 0 0 0 0 0 0 0 0 0 0 0 0 0 7 0 7 0 11 0 0 15 0 0 0 1 1 2 8 0 0 0 0 0 0 0 0 0 0 0 0 0 0 0 4 0 0 0 16 0 5 17 4 0 3 2 0 0 0 0 0 0 0 0 0 0 0 0 0 2 2 0 3 4 6 0 0 13 0 0 0 0 0 0 3 0 0 0 0 0 0 0 0 0 0 0 0 0 3 6 0 0 3 11 0 0 0 3 0 0 0 4 7 0 0 0 0 0 0 0 0 0 0 0 0 19 0 2 7 13 0 0 4 9 3 0 4 7 3 0 0 0 0 0 0 0 0 0 0 0 0 0 0 0 0 3 0 0 11 140 255 201 70 0 0 21 0 0 9 0 0 0 0 0 0 0 0 0 0 0 0 6 0 0 5 109 208 255 248 255 215 111 7 0 0 13 0 0 0 0 0 0 0 0 0 0 0 0 0 0 10 0 130 237 255 255 171 134 248 167 0 0 3 0 1 0 0 0 0 0 0 0 0 0 0 0 0 13 0 69 238 255 237 77 92 113 206 80 0 9 4 0 0 0 0 0 0 0 0 0 0 0 0 0 0 0 0 211 255 230 85 0 206 238 251 27 0 0 0 6 9 0 0 0 0 0 0 0 0 0 0 0 0 0 81 239 255 89 0 55 252 255 224 0 4 7 0 2 4 0 0 0 0 0 0 0 0 0 0 0 0 19 152 251 210 0 0 213 242 238 157 0 0 13 1 0 0 0 0 0 0 0 0 0 0 0 0 0 0 0 166 255 121 17 59 255 255 255 148 17 0 1 0 0 4 0 0 0 0 0 0 0 0 0 0 0 0 3 165 253 206 175 235 238 255 252 125 12 0 4 1 0 0 0 0 0 0 0 0 0 0 0 0 0 0 0 48 244 255 255 255 255 253 255 123 0 0 0 0 2 0 0 0 0 0 0 0 0 0 0 0 0 0 0 9 153 253 255 214 231 255 255 51 3 0 8 0 1 2 0 0 0 0 0 0 0 0 0 0 0 0 1 0 13 27 41 37 124 252 245 39 0 0 7 0 2 2 0 0 0 0 0 0 0 0 0 0 0 0 11 11 4 0 7 0 82 255 229 22 0 0 6 0 2 2 0 0 0 0 0 0 0 0 0 0 0 0 0 3 1 0 6 0 66 246 218 8 0 0 5 0 2 0 0 0 0 0 0 0 0 0 0 0 0 0 4 0 0 4 0 0 86 255 216 1 0 0 3 1 1 0 0 0 0 0 0 0 0 0 0 0 0 0 4 0 0 13 0 0 83 245 218 0 3 2 0 2 0 0 0 0 0 0 0 0 0 0 0 0 0 0 11 1 0 7 0 0 79 255 220 0 5 2 0 2 0 0 0 0 0 0 0 0 0 0 0 0 0 0 0 3 0 10 5 2 68 255 220 0 5 1 0 2 0 0 0 0 0 0 0 0 0 0 0 0 0 0 11 0 0 0 5 0 65 255 219 2 0 11 4 0 0 6 0 0 0 0 0 0 0 0 0 0 0 0 0 0 17 0 0 0 69 237 204 20 0 0 0 12 5 0 0 0 0 0 0 0 0 0 0 0 0 0 16 0 8 1 6 4 0 14 19 0 12 14 0 0 4 2 0 0 0 0 0 0 0 0 0 0 0 0 0 0 0 0 1 12 0 0 0 0 7 5 0 0 8 0 0 0 0 0
0 0 0 0 0 0 0 0 0 5 7 0 0 0 4 1 0 2 2 0 0 0 3 8 0 0 0 0 0 0 0 0 0 0 0 0 0 1 3 3 2 0 0 0 0 0 0 2 7 6 0 0 0 0 0 0 0 0 0 0 0 0 0 0 6 0 0 0 0 0 0 1 11 8 4 0 0 0 0 5 0 0 0 0 0 0 0 0 0 0 0 0 0 0 0 0 1 2 4 5 0 0 0 3 4 1 0 0 0 0 0 0 0 0 0 0 0 0 0 0 0 9 13 4 0 0 0 0 14 2 0 1 7 5 0 0 0 0 0 0 0 0 0 0 0 0 0 0 0 0 0 0 0 0 7 9 0 0 0 1 0 0 0 9 0 0 0 0 0 0 0 0 0 0 0 0 11 0 0 11 17 5 0 0 5 0 1 7 5 0 0 5 0 0 0 0 0 0 0 0 0 0 0 0 0 5 72 182 252 255 249 255 213 129 36 0 0 7 1 0 0 0 0 0 3 0 1 1 5 1 0 0 53 149 247 243 204 138 21 85 167 240 163 8 19 0 0 6 0 0 0 0 2 1 2 1 0 0 0 66 236 250 173 51 0 0 18 5 7 0 40 0 0 14 0 0 0 0 0 0 0 3 1 3 0 0 8 161 246 40 0 0 12 3 0 0 0 83 97 0 0 5 8 7 0 0 0 0 0 3 0 5 0 2 12 221 160 1 0 1 1 6 1 14 78 255 218 0 17 0 0 0 0 0 0 0 0 3 0 3 0 3 4 202 171 0 12 2 0 5 0 137 219 255 207 0 5 3 0 2 0 0 0 0 1 3 0 0 0 0 0 123 245 197 65 46 67 134 212 253 237 255 126 5 0 1 0 14 0 0 0 0 0 3 2 0 0 0 0 40 142 221 255 255 255 230 156 93 65 255 107 13 0 0 2 0 0 0 0 0 0 2 7 0 2 6 1 0 1 29 70 71 71 21 2 0 8 252 178 13 0 0 10 0 0 0 0 0 0 0 0 0 0 0 0 0 0 0 0 0 0 0 0 0 21 240 218 0 0 0 1 5 0 0 0 0 0 0 0 0 0 0 0 0 0 0 0 0 0 0 0 0 46 255 209 3 0 0 1 0 0 0 0 0 0 0 0 0 0 0 0 0 0 0 0 0 0 0 0 0 110 247 121 0 12 0 0 8 0 0 0 0 0 0 0 0 0 0 0 0 0 0 0 0 0 0 0 0 31 245 130 0 0 4 9 0 0 0 0 0 0 0 0 0 0 0 0 0 0 0 0 0 0 0 0 0 33 253 129 5 0 2 9 0 0 0 0 0 0 0 0 0 0 0 0 0 0 0 0 0 0 0 0 0 113 255 109 4 9 0 0 12 0 0 0 0 0 0 0 0 0 0 0 0 0 0 0 0 0 0 0 0 47 255 173 14 0 0 4 0 0 0 0 0 0 0 0 0 0 0 0 0 0 0 0 0 0 0 0 0 18 242 160 0 0 1 4 0 0 0 0 0 0 0 0 0 0 0 0 0 0 0 0 0 0 0 0 0 41 251 137 0 10 2 0 2 0 0 0 0 0 0 0 0 0 0 0 0 0 0 0 0 0 0 0 0 91 255 164 1 0 0 1 6 0 0 0 0 0 0 0 0 0 0 0 0 0 0 0 0 0 0 0 0 51 159 109 4 0 4 0 0 0 0 0 0 0 0 0 0 0 0 0 0 0 0 0 0 0 0 0 0 0 14 13 0 2 8 0 0 0 0 0 0
0 0 0 0 0 0 0 0 0 2 5 0 0 0 1 0 0 0 8 0 2 0 0 2 0 0 0 0 0 0 0 0 0 0 0 0 14 0 0 2 7 4 1 3 14 5 2 0 5 1 0 1 0 0 0 0 0 0 0 0 0 0 0 0 4 0 0 1 0 0 0 6 0 0 0 5 4 0 0 3 0 0 0 0 0 0 0 0 0 0 0 0 0 0 1 0 0 3 3 0 12 16 0 0 0 7 6 0 0 0 0 0 0 0 0 0 0 0 0 0 3 0 0 2 8 6 0 0 0 0 2 5 0 0 5 0 0 0 0 0 0 0 0 0 0 0 0 0 3 0 0 2 0 0 0 14 25 0 10 9 0 0 2 0 0 0 0 0 0 0 0 0 0 0 0 0 0 3 2 0 13 61 103 120 219 19 0 0 8 4 7 0 0 0 0 0 0 0 0 0 0 0 0 0 0 12 0 0 79 220 255 244 240 2 4 0 18 0 0 5 0 0 0 0 0 0 0 0 0 0 0 0 0 0 10 12 186 190 77 180 187 6 0 3 0 4 6 0 0 0 0 0 0 0 0 0 0 0 0 0 7 15 9 102 189 12 1 187 160 0 0 13 1 0 0 3 0 0 0 0 0 0 0 0 0 0 0 0 2 0 0 179 156 0 19 201 173 8 0 0 4 0 0 6 0 0 0 0 0 0 0 0 0 0 0 0 4 0 75 255 78 4 26 239 157 10 0 0 3 4 0 3 0 0 0 0 0 0 0 0 0 0 0 0 0 0 50 250 64 9 80 255 98 0 8 3 0 0 0 1 0 0 0 0 0 0 0 0 0 0 0 0 0 14 50 241 79 0 182 249 113 0 5 1 0 4 0 0 0 0 0 0 0 0 0 0 0 0 0 0 9 0 5 160 186 142 219 236 170 5 0 0 0 6 5 0 0 0 0 0 0 0 0 0 0 0 0 0 0 4 2 66 248 207 27 210 173 0 0 12 0 0 0 0 0 0 0 0 0 0 0 0 0 0 0 0 0 0 0 3 0 0 1 210 162 4 0 2 0 0 0 1 0 0 0 0 0 0 0 0 0 0 0 0 0 0 0 3 1 0 4 213 162 4 0 2 0 0 0 1 0 0 0 0 0 0 0 0 0 0 0 0 0 0 0 4 2 2 6 215 162 4 0 2 0 0 0 1 0 0 0 0 0 0 0 0 0 0 0 0 0 0 0 4 2 0 4 213 162 4 0 2 0 0 0 1 0 0 0 0 0 0 0 0 0 0 0 0 1 1 0 3 0 0 0 209 162 4 0 2 0 0 0 1 0 0 0 0 0 0 0 0 0 0 0 0 2 2 0 3 0 0 0 207 162 4 0 2 0 0 0 1 0 0 0 0 0 0 0 0 0 0 0 0 2 2 0 4 0 0 1 209 162 4 0 2 0 0 0 1 0 0 0 0 0 0 0 0 0 0 0 0 1 1 0 4 2 0 4 213 162 4 0 2 0 0 0 1 0 0 0 0 0 0 0 0 0 0 0 0 1 0 0 0 5 0 5 212 167 0 0 2 7 6 0 1 0 0 0 0 0 0 0 0 0 0 0 0 0 8 14 0 0 0 21 200 151 20 9 0 0 0 1 10 0 0 0 0 0 0 0 0 0 0 0 0 2 4 0 0 13 11 0 18 15 0 0 0 3 7 5 0 0 0 0 0 0 0 0 0 0 0 0 0 0 7 0 0 7 4 0 0 0 0 2 0 0 0 8 0 0 0 0 0
0 0 0 0 0 0 0 0 0 3 0 0 0 3 1 3 14 0 2 10 3 0 8 0 0 0 0 0 0 0 0 0 0 0 0 0 6 2 0 0 0 0 0 3 0 7 6 0 0 4 0 4 0 0 0 0 0 0 0 0 0 0 0 0 0 0 1 4 5 2 0 0 0 5 9 2 0 2 2 0 0 0 0 0 0 0 0 0 0 0 0 0 0 4 6 0 0 1 2 0 14 0 0 12 1 0 6 0 0 0 0 0 0 0 0 0 0 0 0 0 3 0 1 0 0 4 15 5 0 20 1 0 0 0 3 4 0 0 0 0 0 0 0 0 0 0 0 0 7 0 0 11 0 0 0 0 1 1 157 255 163 0 11 0 0 0 0 0 0 0 0 0 0 0 0 0 7 0 1 2 0 25 54 45 49 189 255 248 226 45 0 4 0 0 0 0 0 0 0 0 0 0 0 0 0 1 5 0 28 156 254 254 253 247 248 253 255 66 9 0 0 0 0 0 0 5 0 0 7 8 0 0 7 0 5 76 201 249 255 249 218 255 245 254 253 71 8 0 0 0 0 0 3 0 0 3 7 0 7 5 0 24 179 248 255 242 86 16 0 222 255 245 255 67 0 6 0 0 0 0 4 0 1 6 5 0 11 0 10 214 238 255 191 16 0 4 0 219 248 243 141 5 0 7 0 0 0 0 0 5 2 0 0 6 0 3 137 240 254 81 0 5 1 7 58 220 254 245 31 0 11 0 0 0 0 0 0 5 1 0 0 14 0 75 246 255 106 14 9 2 0 0 89 254 255 153 0 10 0 0 0 0 0 0 1 0 0 9 0 0 20 187 252 235 68 1 0 5 0 30 206 255 223 30 0 0 0 5 0 0 0 0 5 0 0 10 0 0 108 250 242 126 6 0 19 7 14 178 255 237 155 0 6 2 6 3 0 0 0 0 4 0 2 1 0 3 186 253 255 4 0 4 0 9 196 255 245 255 135 0 0 9 0 0 0 0 0 0 1 3 0 14 1 0 195 249 243 12 0 9 19 187 249 252 241 255 133 5 8 0 11 0 0 0 0 0 0 8 0 0 0 19 174 255 255 29 37 108 209 252 199 106 253 255 125 6 0 0 0 4 0 0 0 0 0 0 4 0 2 4 91 251 246 217 232 255 253 158 36 44 254 253 140 0 0 0 0 8 0 0 0 0 0 0 4 16 1 0 13 149 250 255 255 211 80 16 0 43 246 255 143 0 5 0 10 0 0 0 0 0 3 7 0 5 0 8 3 14 105 125 86 7 21 0 4 52 250 252 81 0 6 0 12 0 0 0 0 0 4 0 0 11 0 5 10 0 0 0 1 2 0 0 21 35 255 242 13 0 0 0 0 0 0 0 0 0 1 0 0 18 0 0 0 9 12 16 0 0 0 6 0 56 255 243 37 2 0 0 0 1 0 0 0 0 0 4 8 0 0 5 0 1 0 0 12 0 13 2 0 45 249 252 113 0 7 0 6 0 0 0 0 0 0 0 0 0 0 0 0 0 0 0 1 0 0 2 9 15 145 213 87 2 10 0 7 0 0 0 0 0 0 0 0 0 0 0 0 0 0 1 1 0 0 0 4 8 0 31 0 0 10 0 7 0 0 0 0 0 0 0 0 0 0 0 0 0 0 0 0 0 0 0 0 0 0 0 0 13 5 0 5 0 0 0 0 0 0 0 0 0 0 0 0 0 0 0 0 0 0 0 0 0 16 2 9 1 0 0 8 0 0 0 0 0
0 0 0 0 0 0 0 0 2 4 3 0 0 2 2 0 10 0 0 2 0 0 1 1 0 0 0 0 0 0 0 0 0 0 0 0 0 0 5 4 0 0 0 0 0 1 13 9 2 1 0 0 0 0 0 0 0 0 0 0 0 0 0 0 18 4 0 0 0 5 7 6 14 4 0 0 5 0 0 5 0 0 0 0 0 0 0 0 0 0 0 0 0 0 7 8 0 0 0 1 0 0 1 5 8 0 0 17 0 0 0 0 0 0 0 0 0 0 0 0 1 2 2 0 1 3 5 4 5 11 2 0 0 0 0 0 0 0 0 0 0 0 0 0 0 0 0 0 3 9 5 0 0 1 0 0 4 0 0 18 8 0 3 13 0 0 0 0 0 0 0 0 0 0 0 0 0 5 0 0 13 106 207 255 255 130 36 8 0 0 6 0 0 0 0 0 0 0 0 0 0 0 0 0 2 0 0 30 125 229 255 248 247 255 253 138 0 0 19 0 0 0 0 0 0 6 6 0 0 0 0 9 0 4 39 217 255 242 168 139 182 255 248 241 65 0 11 0 0 0 0 0 10 0 0 3 6 8 0 0 0 121 241 252 176 88 0 6 111 241 245 255 126 4 0 6 0 0 0 0 13 0 1 8 0 5 1 0 39 235 255 144 3 5 0 5 95 255 255 239 126 0 0 12 0 0 0 0 2 0 6 1 0 5 0 15 227 237 247 38 4 0 9 0 69 246 255 242 141 6 0 0 0 0 0 0 0 4 0 0 10 10 0 82 249 255 79 6 0 0 17 0 171 244 245 251 128 0 0 17 0 0 0 0 0 5 0 4 7 0 12 216 253 241 59 0 26 7 0 49 235 255 255 255 97 6 0 0 0 0 0 0 0 3 1 7 0 0 22 239 255 222 0 0 0 0 54 200 247 252 244 179 5 1 13 5 0 0 0 0 2 0 0 6 0 10 0 128 252 252 182 45 9 102 222 249 255 253 255 198 10 3 0 0 0 0 0 0 0 1 2 0 0 1 9 16 161 247 255 255 239 243 241 224 238 255 255 83 0 6 6 0 0 0 0 0 0 1 2 0 0 0 4 9 5 47 186 206 148 79 88 52 243 250 202 19 1 6 0 5 0 0 0 0 0 1 2 0 0 0 0 1 0 0 0 8 0 0 7 112 251 255 72 8 3 0 0 0 0 0 0 0 0 0 1 0 0 0 0 0 0 23 0 0 8 9 50 244 254 221 0 11 0 0 5 0 0 0 0 0 0 0 1 1 0 0 0 0 0 0 8 0 0 0 147 247 227 56 13 0 0 6 0 0 0 0 0 0 0 0 0 1 1 1 1 1 6 0 3 14 0 87 244 248 155 0 6 7 0 2 1 0 0 0 0 0 0 0 0 0 0 1 1 0 0 12 0 0 12 173 255 250 63 10 0 25 0 0 9 0 0 0 0 0 1 0 0 0 0 0 0 0 4 0 5 0 124 255 245 126 2 1 0 0 9 0 4 3 0 0 0 0 0 0 0 0 0 0 0 0 10 0 12 13 225 255 201 42 0 0 0 0 0 0 0 0 0 0 0 0 0 0 0 0 0 0 0 0 8 0 6 138 254 206 67 0 0 0 0 0 0 0 0 0 0 0 0 0 0 0 0 0 0 0 0 0 0 17 0 5 0 17 0 9 0 0 0 0 0 0 0 0 0 0 0 0 0 0 0 0 0 0 0 0 0 13 5 0 0 0 0 1 0 0 0 0 0 0 0 0 0 0 0 0
0 0 0 0 0 0 0 0 7 0 0 3 3 0 0 4 0 0 2 2 0 0 3 0 0 0 0 0 0 0 0 0 0 0 0 0 0 4 12 4 0 0 1 2 15 7 0 0 0 0 2 6 0 0 0 0 0 0 0 0 0 0 0 0 5 0 0 0 7 1 0 0 0 0 0 3 11 3 0 0 0 0 0 0 0 0 0 0 0 0 0 0 0 0 3 5 0 0 0 10 5 16 8 0 0 0 0 7 0 0 0 0 0 0 0 0 0 0 0 0 0 9 5 0 0 10 7 0 0 0 1 0 0 0 3 6 0 0 0 0 0 0 0 0 0 0 0 0 10 0 0 0 0 0 0 11 15 0 0 5 4 4 1 0 0 0 0 0 0 0 0 0 0 0 0 0 0 0 8 12 8 26 87 151 183 69 6 6 0 0 2 0 0 0 0 0 0 0 0 0 0 0 0 0 0 15 0 0 52 185 255 254 255 84 0 5 0 0 3 0 0 0 0 0 0 0 0 0 0 0 0 0 0 16 27 129 244 249 230 200 106 29 0 0 17 0 4 2 0 0 0 0 0 0 0 0 0 0 0 0 7 120 255 255 206 123 6 4 0 87 105 17 0 0 0 0 0 0 0 0 0 0 0 0 0 0 0 0 48 238 246 207 9 6 0 5 117 240 255 113 0 10 0 0 0 0 0 0 0 0 0 0 0 0 0 0 124 255 213 28 9 0 32 139 240 255 255 138 0 2 3 0 0 0 0 0 0 0 0 0 0 0 0 0 115 255 212 15 11 69 224 255 206 255 253 129 0 0 0 0 0 0 0 0 0 0 0 0 0 0 0 0 61 254 234 248 255 255 225 72 0 234 248 73 0 7 1 9 0 0 0 0 0 0 0 0 0 0 0 0 11 7 137 160 136 74 37 0 0 255 238 35 0 0 0 0 0 0 0 0 0 0 0 0 0 0 0 0 0 0 10 0 0 0 0 4 90 247 155 0 2 0 11 1 0 0 0 0 0 0 0 0 0 0 0 0 5 0 0 0 15 0 5 0 172 255 68 12 0 2 0 0 0 0 0 0 0 0 0 0 0 0 0 0 0 3 5 0 2 0 7 28 246 198 14 0 0 9 0 0 0 0 0 0 0 0 0 0 0 0 0 0 0 4 6 0 0 0 6 95 255 111 1 4 0 4 0 2 0 0 0 0 0 0 0 0 0 0 0 0 2 0 0 5 0 0 13 182 240 25 0 4 0 0 3 6 0 0 0 0 0 0 0 0 0 0 0 0 2 0 0 4 1 0 42 246 255 11 3 2 0 5 2 0 0 0 0 0 0 0 0 0 0 0 0 0 0 7 3 0 0 8 81 255 219 8 1 3 10 1 0 0 0 0 0 0 0 0 0 0 0 0 0 0 0 10 4 0 3 5 101 255 146 33 13 0 3 0 0 14 0 0 0 0 0 0 0 0 0 0 0 0 1 3 0 0 15 0 100 252 218 161 85 0 0 1 1 0 0 0 0 0 0 0 0 0 0 0 0 0 0 0 4 3 5 0 74 255 255 185 62 0 0 5 0 0 0 0 0 0 0 0 0 0 0 0 0 0 6 0 0 0 1 0 16 117 207 48 0 6 15 0 0 6 0 0 0 0 0 0 0 0 0 0 0 0 4 0 1 0 1 0 0 11 3 10 8 2 4 2 0 0 0 0 0 0 0 0 0 0 0 0 0 0 0 0 6 2 0 5 2 0 0 10 0 0 0 6 0 5 0 0 0 0
0 0 0 0 0 0 0 0 9 2 0 0 0 1 0 0 0 7 0 5 10 0 0 0 0 0 0 0 0 0 0 0 0 0 0 0 0 0 4 5 2 1 3 6 0 3 0 0 0 0 4 2 0 0 0 0 0 0 0 0 0 0 0 0 0 0 2 1 0 0 0 0 6 5 14 4 0 6 1 0 0 0 0 0 0 0 0 0 0 0 0 0 5 1 0 0 2 5 5 3 0 0 1 0 0 6 1 0 0 0 0 0 0 0 0 0 0 0 0 0 2 1 0 0 0 0 0 0 12 0 0 0 0 0 0 8 0 0 0 0 0 0 0 0 0 0 0 0 0 0 3 6 2 0 1 4 0 7 0 4 12 0 0 2 0 0 0 0 0 0 0 0 0 0 0 0 16 9 1 0 0 1 0 0 0 27 0 0 12 0 8 1 0 0 0 0 0 0 0 0 0 0 0 0 3 0 0 50 132 206 247 255 80 131 38 0 6 0 10 0 0 0 0 0 0 0 0 0 0 0 0 0 0 8 73 239 255 250 242 186 62 73 0 0 14 0 0 7 0 0 0 0 0 0 0 0 0 0 0 0 19 54 229 243 185 86 49 4 176 232 71 2 1 1 1 0 0 0 0 0 0 0 0 0 0 0 0 0 0 158 247 177 0 0 0 45 231 255 63 0 0 0 4 6 0 0 0 0 0 0 0 0 0 0 0 0 11 147 255 138 3 8 2 171 255 240 39 7 5 0 0 3 0 0 0 0 0 0 0 0 0 0 0 0 0 170 230 188 20 0 95 255 255 158 23 2 0 17 1 0 0 0 0 0 0 0 0 0 0 0 0 0 0 71 229 255 234 245 255 241 254 62 0 0 0 12 0 7 0 0 0 0 0 0 0 0 0 0 0 0 0 16 74 248 229 233 230 255 233 21 0 15 1 0 0 10 0 0 0 0 0 0 0 0 0 0 0 0 7 0 10 11 54 35 107 255 144 0 4 0 0 6 1 0 0 0 0 0 0 0 0 0 0 0 0 0 0 0 0 0 0 3 248 248 36 11 0 0 4 3 0 0 0 0 0 0 0 0 0 0 0 0 0 0 0 3 2 0 6 0 238 249 29 9 0 0 4 2 0 1 0 0 0 0 0 0 0 0 0 0 0 0 0 7 0 0 9 9 251 247 19 5 0 0 3 0 0 1 0 0 0 0 0 0 0 0 0 0 0 0 0 9 0 0 4 69 255 177 8 2 0 1 2 0 0 2 0 0 0 0 0 0 0 0 0 0 0 0 0 6 0 10 1 153 255 65 1 0 1 2 1 0 0 1 0 0 0 0 0 0 0 0 0 0 0 0 3 5 0 5 4 227 255 21 0 0 2 2 1 0 0 1 0 0 0 0 0 0 0 0 0 0 0 0 8 0 0 0 28 255 241 20 0 1 2 1 1 1 1 0 0 0 0 0 0 0 0 0 0 0 0 0 0 0 7 0 62 255 192 0 1 2 2 1 1 3 1 0 0 0 0 0 0 0 0 0 0 0 0 0 10 0 6 6 105 253 178 0 0 0 0 0 0 0 0 0 0 0 0 0 0 0 0 0 0 0 0 0 0 0 0 1 137 255 169 0 0 0 0 0 0 0 0 0 0 0 0 0 0 0 0 0 0 0 0 0 8 15 0 1 126 208 104 1 0 0 0 0 0 0 0 0 0 0 0 0 0 0 0 0 0 0 0 0 0 0 4 0 8 8 0 5 0 0 0 0 0 0 0 0 0 0 0 0
0 0 0 0 0 0 0 0 2 0 0 1 7 8 1 0 4 0 0 6 0 0 3 3 0 0 0 0 0 0 0 0 0 0 0 0 0 0 0 0 0 0 1 6 0 0 0 0 0 6 4 0 0 0 0 0 0 0 0 0 0 0 0 0 0 2 3 0 0 0 0 2 0 10 10 5 5 0 0 0 0 0 0 0 0 0 0 0 0 0 0 0 0 0 0 0 4 6 2 0 0 0 0 0 6 0 0 11 0 0 0 0 0 0 0 0 0 0 0 0 4 3 1 1 1 0 0 0 15 4 0 0 1 0 0 3 0 0 0 0 0 0 0 0 0 0 0 0 0 0 0 0 0 0 3 11 0 1 15 9 0 0 6 0 0 0 0 0 0 0 0 0 0 0 0 0 7 3 0 1 2 0 0 0 6 0 0 8 0 0 11 1 0 0 0 0 0 0 0 0 0 0 0 0 0 1 38 110 194 250 255 255 174 42 0 11 2 0 5 0 0 0 0 0 3 0 4 0 0 9 0 0 9 133 246 252 220 87 61 164 234 203 37 1 2 0 5 0 0 0 0 0 5 0 4 1 0 0 0 25 183 236 164 50 0 10 0 0 42 249 163 8 0 5 6 12 0 0 0 0 0 0 2 3 3 0 9 74 255 146 0 13 0 3 0 1 111 242 165 0 16 8 0 0 0 0 0 0 0 0 0 0 6 0 10 79 251 214 14 0 2 0 16 138 234 255 245 121 0 0 0 8 0 0 0 0 0 5 0 0 1 0 0 33 216 254 188 148 78 77 172 255 246 255 255 236 6 25 0 0 0 0 0 0 0 3 2 0 0 6 0 4 14 171 248 255 255 255 220 137 154 230 253 169 3 0 0 3 0 0 0 0 0 0 5 0 0 9 0 4 22 0 10 74 82 63 28 0 153 254 208 12 0 0 18 0 0 0 0 0 4 0 8 4 0 0 0 1 0 9 0 0 12 6 0 32 223 246 93 0 8 10 0 8 0 0 0 0 0 0 0 0 0 0 0 0 6 0 13 7 0 3 0 129 244 158 4 7 0 0 0 1 0 0 0 0 0 0 0 0 0 0 0 0 1 0 0 0 12 2 11 248 255 89 0 0 2 0 0 2 0 0 0 0 0 0 0 0 0 0 0 0 4 10 0 0 6 0 23 255 222 13 0 0 5 0 0 1 0 0 0 0 0 0 0 0 0 0 0 0 0 0 5 6 4 8 152 252 119 0 13 0 0 2 2 0 0 0 0 0 0 0 0 0 0 0 0 0 2 0 1 0 0 48 255 254 33 0 8 4 0 1 0 3 0 0 0 0 0 0 0 0 0 0 0 0 2 10 0 0 0 77 255 191 9 8 0 4 4 0 0 6 0 0 0 0 0 0 0 0 0 0 0 0 0 5 3 0 15 171 248 129 6 6 0 2 2 2 0 3 0 0 0 0 0 0 0 0 0 0 0 0 6 0 3 4 1 253 255 79 0 0 13 0 0 9 2 0 0 0 0 0 0 0 0 0 0 0 0 0 4 0 0 9 12 249 245 19 0 0 0 0 0 0 0 0 0 0 0 0 0 0 0 0 0 0 0 0 6 9 5 0 0 255 255 0 0 0 0 0 0 0 0 0 0 0 0 0 0 0 0 0 0 0 0 0 0 0 25 3 0 194 237 20 0 0 0 0 0 0 0 0 0 0 0 0 0 0 0 0 0 0 0 0 11 1 0 0 8 0 0 3 0 0 0 0 0 0 0 0 0 0 0 0
0 0 0 0 0 0 0 0 2 0 0 0 1 3 1 0 0 0 0 8 0 8 0 3 0 0 0 0 0 0 0 0 0 0 0 0 0 6 9 0 0 3 2 0 0 19 3 0 0 6 11 6 0 0 0 0 0 0 0 0 0 0 0 0 14 0 0 1 0 0 0 18 0 1 0 13 11 0 0 0 0 0 0 0 0 0 0 0 0 0 0 0 0 1 5 2 5 9 1 0 1 9 0 0 0 0 4 0 0 0 0 0 0 0 0 0 0 0 0 0 4 0 0 2 0 0 0 4 0 2 16 5 0 0 0 8 0 0 0 0 0 0 0 0 0 0 0 0 0 1 3 0 0 2 7 8 9 0 0 0 12 0 2 0 0 0 0 0 0 0 0 0 0 0 0 0 0 18 5 0 59 194 255 246 160 45 38 241 255 10 0 17 0 0 0 0 0 0 0 0 0 0 0 0 11 0 0 106 214 255 255 255 255 219 153 255 224 0 9 0 0 0 0 0 0 1 2 0 0 4 4 2 0 3 130 246 255 217 127 37 218 254 241 255 237 1 0 0 0 0 0 0 7 0 1 0 0 0 11 0 0 133 255 252 160 58 0 0 173 252 255 255 237 0 6 3 0 0 0 0 2 0 4 0 0 4 0 23 124 255 255 122 36 0 0 11 121 241 252 250 243 9 10 0 0 0 0 0 0 4 10 0 1 19 0 134 255 247 126 12 0 2 5 0 2 202 246 251 187 0 1 11 0 0 0 0 0 8 6 0 0 2 53 234 255 117 19 10 0 0 4 0 26 224 248 255 131 0 0 8 0 0 0 0 1 0 0 0 7 17 210 255 167 23 0 6 0 0 8 0 152 255 246 254 91 18 0 0 0 0 0 0 0 0 0 1 11 111 255 209 58 0 2 0 0 7 0 13 189 253 249 239 35 0 0 13 0 0 0 0 0 11 6 0 4 208 246 126 1 0 16 0 2 0 10 170 249 255 255 233 26 2 0 0 0 0 0 0 0 3 1 0 3 249 239 24 3 0 9 4 0 30 157 253 255 172 255 249 111 3 3 5 0 0 0 0 13 0 0 0 0 227 254 44 0 0 0 6 18 150 248 255 103 74 238 246 112 0 0 0 0 0 0 0 0 0 2 0 9 222 255 31 0 14 23 20 166 255 249 118 20 36 242 255 117 2 3 5 0 0 0 0 5 0 1 7 0 111 255 218 181 118 129 244 243 220 103 0 5 38 252 255 106 0 0 3 0 0 0 0 0 14 0 0 13 103 243 255 252 240 255 255 231 60 0 2 0 32 249 255 108 0 0 0 0 0 0 0 9 7 0 4 0 0 95 212 230 238 201 131 8 6 8 5 4 35 245 255 112 7 8 1 0 0 0 0 0 3 0 2 3 0 0 12 0 5 8 0 20 0 0 0 8 34 241 249 104 0 1 0 0 0 0 0 4 0 1 8 0 4 0 2 0 2 0 3 0 0 0 11 1 34 253 255 118 0 0 0 0 0 0 0 0 0 0 0 0 0 0 0 0 0 0 0 0 0 0 0 0 21 197 253 243 0 13 0 0 0 0 0 0 0 0 0 0 0 0 0 0 0 0 0 0 0 0 0 4 0 18 189 106 11 0 23 0 0 0 0 0 0 0 0 0 0 0 0 0 0 0 0 0 0 0 0 0 0 0 14 8 0 19 0 0 0 0 0 0 0 0 0 0 0 0 0 0 0 0 0 0 0 0 0 6 5 0 0 0 0 12 0 0 0 0 0
0 0 0 0 0 0 0 0 6 0 4 9 0 0 6 5 1 0 2 0 0 9 0 0 0 0 0 0 0 0 0 0 0 0 0 0 0 3 0 0 3 11 0 0 2 1 7 5 0 0 0 0 0 0 0 0 0 0 0 0 0 0 0 0 11 0 0 3 0 0 1 11 0 6 0 0 3 0 0 5 0 0 0 0 0 0 0 0 0 0 0 0 0 8 9 0 2 2 0 0 0 9 0 0 5 2 5 0 0 0 0 0 0 0 0 0 0 0 0 0 3 9 0 0 19 0 0 17 0 5 1 0 4 4 3 0 0 0 0 0 0 0 0 0 0 0 0 0 9 0 10 20 0 0 10 0 5 0 3 5 0 2 0 1 0 0 0 0 0 0 0 0 0 0 0 0 0 0 11 0 4 155 255 207 94 0 0 1 0 6 0 9 0 0 0 0 0 0 0 0 0 0 0 0 0 11 0 46 203 255 239 255 213 29 0 0 0 14 0 5 0 0 0 0 0 0 0 0 0 0 0 0 0 0 39 246 238 102 1 71 251 173 0 0 1 7 0 4 0 0 0 0 0 0 0 0 0 0 0 0 2 2 90 244 101 8 0 16 227 242 18 3 0 6 0 4 0 0 0 0 0 0 0 0 0 0 0 0 0 11 158 241 13 0 17 0 141 246 0 0 0 4 3 1 0 0 0 0 0 0 0 0 0 0 0 0 4 78 255 220 0 0 0 0 169 241 6 4 0 0 3 0 0 0 0 0 0 0 0 0 0 0 0 0 0 76 255 154 0 9 11 53 246 186 8 0 0 0 8 3 0 0 0 0 0 0 0 0 0 0 0 0 4 112 255 137 2 0 5 143 249 80 0 0 1 0 4 0 0 0 0 0 0 0 0 0 0 0 0 0 0 1 222 255 27 43 192 238 255 47 3 10 6 2 0 0 0 0 0 0 0 0 0 0 0 0 0 0 0 0 69 245 227 238 251 254 255 47 2 1 0 1 1 9 0 0 0 0 0 0 0 0 0 0 0 0 9 0 5 37 198 201 255 248 232 15 0 6 5 0 9 0 0 0 0 0 0 0 0 0 0 0 0 0 0 0 16 0 18 12 161 255 186 9 0 1 4 0 8 0 0 0 0 0 0 0 0 0 0 0 0 0 3 0 7 0 0 0 155 245 116 1 1 0 4 0 5 0 0 0 0 0 0 0 0 0 0 0 0 0 0 0 0 6 0 0 210 245 51 0 5 0 4 0 3 0 0 0 0 0 0 0 0 0 0 0 0 0 0 7 0 0 0 8 237 196 12 0 7 0 3 2 1 0 0 0 0 0 0 0 0 0 0 0 0 0 0 8 0 0 14 83 255 143 0 1 5 0 2 1 1 0 0 0 0 0 0 0 0 0 0 0 0 0 0 0 3 0 0 152 255 162 2 1 0 2 0 0 2 0 0 0 0 0 0 0 0 0 0 0 0 0 13 0 0 5 16 231 250 144 7 0 0 3 0 0 4 0 0 0 0 0 0 0 0 0 0 0 0 0 0 7 0 0 46 255 235 97 0 0 0 0 0 0 0 0 0 0 0 0 0 0 0 0 0 0 0 0 5 11 0 0 40 209 141 4 0 0 0 0 0 0 0 0 0 0 0 0 0 0 0 0 0 0 0 0 0 0 1 13 0 21 0 5 0 0 0 0 0 0 0 0 0 0 0 0 0 0 0 0 0 0 0 0 2 0 7 0 0 0 0 6 0 0 0 0 0 0 0 0 0 0 0 0
0 0 0 0 0 0 0 0 1 3 0 0 0 2 2 0 0 4 0 1 0 16 3 0 0 0 0 0 0 0 0 0 0 0 0 0 0 0 5 8 5 2 1 0 1 5 0 10 0 0 0 7 0 0 0 0 0 0 0 0 0 0 0 0 22 6 0 0 0 2 0 0 0 0 0 0 0 14 4 0 0 0 0 0 0 0 0 0 0 0 0 0 0 0 3 7 2 0 1 10 3 9 5 0 0 0 0 7 0 0 0 0 0 0 0 0 0 0 0 0 6 0 0 0 0 0 0 0 1 0 0 6 15 0 0 1 0 0 0 0 0 0 0 0 0 0 0 0 0 0 3 5 10 12 7 0 3 7 9 0 0 2 12 3 0 0 0 0 0 0 0 0 0 0 0 0 3 9 0 0 1 69 152 204 241 253 235 136 49 0 0 0 0 0 0 0 0 0 0 0 0 0 0 0 1 0 0 38 136 231 255 251 255 235 255 255 226 86 9 0 0 0 0 0 4 0 17 0 0 1 0 1 11 0 93 217 249 255 255 254 166 153 220 241 248 189 5 2 0 0 0 0 3 0 0 0 0 7 22 0 3 140 255 244 252 234 148 15 5 0 136 254 247 159 0 0 0 0 0 0 2 0 1 0 0 0 0 116 228 255 255 253 101 20 6 0 0 0 157 255 250 103 0 12 0 0 0 0 5 0 7 5 7 0 40 243 237 255 219 42 20 0 0 15 0 85 225 255 255 57 0 4 0 0 0 0 4 0 0 8 0 10 212 244 255 224 15 0 0 0 20 0 15 169 247 255 177 13 1 0 0 0 0 0 0 3 4 0 2 53 255 244 238 13 33 18 0 0 0 0 162 255 255 255 57 0 7 1 0 0 0 0 0 0 14 0 12 75 227 255 159 13 0 7 0 3 36 186 234 255 251 246 13 2 0 1 0 0 0 0 8 0 0 5 0 69 249 248 237 179 26 0 4 40 190 244 254 248 243 176 8 15 0 8 0 0 0 0 4 0 2 0 0 59 183 255 255 252 252 250 246 248 255 253 252 255 232 37 11 1 0 0 0 0 0 0 4 3 0 7 10 0 42 164 229 243 255 255 255 247 176 123 251 251 207 11 0 0 0 2 0 0 0 0 6 0 0 9 0 0 0 20 23 78 156 153 108 46 10 99 255 247 194 0 0 1 1 4 0 0 0 0 0 0 4 0 0 17 20 0 20 0 0 0 1 0 4 181 255 249 198 5 0 5 0 0 0 0 0 0 0 10 0 0 8 0 0 10 0 0 14 0 0 4 0 171 255 248 199 6 0 1 0 0 0 0 0 0 3 0 0 1 4 0 0 6 17 7 1 0 1 6 0 185 255 248 197 2 0 0 0 4 0 0 0 0 9 0 0 5 0 7 16 0 0 0 0 11 9 0 0 188 255 248 196 2 0 4 3 5 0 0 0 0 0 8 4 0 4 0 0 10 0 14 0 1 0 7 5 169 254 244 194 3 0 5 0 0 0 0 0 0 0 0 0 0 0 0 0 0 3 0 13 0 4 0 11 167 244 255 175 18 0 0 0 6 0 0 0 0 0 0 0 0 0 0 0 0 8 0 5 0 4 2 0 65 254 214 90 0 0 19 2 0 0 0 0 0 0 0 0 0 0 0 0 0 1 0 1 0 6 11 0 0 0 0 0 4 0 11 0 1 0 0 0 0 0 0 0 0 0 0 0 0 0 3 4 0 0 6 12 0 10 3 0 7 0 0 0 9 0 0 0 0
0 0 0 0 0 0 0 0 5 0 0 2 5 0 0 3 0 5 4 0 3 1 0 4 0 0 0 0 0 0 0 0 0 0 0 0 0 6 12 2 0 0 0 0 5 5 0 0 0 3 0 0 0 0 0 0 0 0 0 0 0 0 0 0 1 0 0 0 9 11 5 0 0 0 0 15 4 0 0 9 0 0 0 0 0 0 0 0 0 0 0 0 0 2 4 0 0 0 0 0 16 0 0 0 0 0 2 0 0 0 0 0 0 0 0 0 0 0 0 0 0 11 8 0 0 12 8 0 0 5 14 0 0 6 6 0 0 0 0 0 0 0 0 0 0 0 0 0 8 0 0 2 3 0 0 10 11 0 0 0 6 0 0 8 0 0 0 0 0 0 0 0 0 0 0 0 0 0 3 14 0 0 40 111 199 240 255 255 200 64 0 8 0 0 0 0 0 0 0 0 0 0 0 0 2 5 0 0 62 169 235 246 250 252 213 216 255 217 78 0 0 0 0 0 4 1 3 0 2 2 5 0 0 0 13 122 255 240 253 247 121 24 9 11 87 255 187 7 0 0 0 0 1 0 0 1 0 4 0 8 22 131 177 255 246 218 148 54 13 0 9 10 187 253 170 5 0 0 0 0 0 0 0 9 2 0 15 75 174 244 255 227 110 35 0 0 0 6 0 178 236 248 93 0 0 0 0 0 5 8 0 0 3 30 182 240 255 222 175 21 0 8 0 6 0 29 169 255 253 207 0 7 0 0 0 0 0 0 3 0 4 146 255 255 206 74 10 0 0 0 4 31 86 196 255 231 255 132 6 0 0 0 0 0 0 0 12 9 0 236 249 202 33 0 0 5 5 48 243 228 255 253 252 255 255 135 0 0 0 0 0 0 9 6 0 0 0 173 227 253 74 17 10 9 57 63 251 255 255 233 245 255 207 43 6 10 0 0 0 0 0 12 0 6 4 10 152 245 253 241 210 205 255 255 238 255 241 255 255 75 17 9 0 9 0 0 0 0 0 1 2 0 0 1 9 16 112 170 196 223 202 205 237 255 249 255 113 15 0 0 12 1 0 0 0 0 0 1 2 0 0 0 4 9 0 4 4 8 0 11 224 249 255 153 29 0 5 10 2 0 0 0 0 0 0 1 2 0 0 0 0 1 0 17 0 0 19 188 255 248 195 38 0 0 0 7 0 4 0 0 0 0 0 0 1 0 0 0 0 0 7 0 0 38 171 255 255 216 61 0 7 9 0 0 0 9 0 0 0 0 0 0 1 1 0 0 0 0 0 4 0 156 255 230 235 71 0 0 3 3 3 5 0 0 0 0 0 0 0 0 0 1 1 1 1 1 0 26 169 235 252 255 38 0 0 14 0 0 10 0 0 0 0 0 0 0 0 0 0 0 0 1 1 0 1 145 244 255 248 63 0 24 1 13 0 0 2 0 0 7 0 0 0 0 1 0 0 0 0 0 0 0 58 249 252 251 136 0 3 0 0 0 4 3 0 4 4 0 0 0 0 0 0 0 0 0 0 0 0 0 208 241 249 220 0 1 9 0 0 0 0 0 0 0 0 0 0 0 0 0 0 0 0 0 0 0 0 0 129 255 208 22 0 17 0 0 0 0 0 0 0 0 0 0 0 0 0 0 0 0 0 0 0 0 0 0 0 0 8 0 16 0 0 12 0 0 0 0 0 0 0 0 0 0 0 0 0 0 0 0 0 0 0 0 7 0 7 2 0 8 14 0 0 0 0 0 0 0 0 0 0 0 0 0
0 0 0 0 0 0 0 0 2 2 0 5 0 9 6 0 0 0 12 2 0 3 4 0 0 0 0 0 0 0 0 0 0 0 0 0 0 0 0 11 3 2 0 6 5 1 0 0 12 0 0 3 0 0 0 0 0 0 0 0 0 0 0 0 0 13 0 0 0 1 0 5 0 3 14 4 2 0 17 0 0 0 0 0 0 0 0 0 0 0 0 0 0 0 0 8 13 11 0 0 19 0 0 0 12 0 1 6 0 0 0 0 0 0 0 0 0 0 0 0 16 0 0 6 0 0 0 1 0 0 13 0 12 3 0 9 0 0 0 0 0 0 0 0 0 0 0 0 0 0 13 0 0 7 23 0 20 0 8 12 0 4 8 0 0 0 0 0 0 0 0 0 0 0 0 0 0 7 0 0 104 193 240 245 181 68 0 9 0 0 15 7 0 0 0 0 0 0 0 0 0 0 0 0 7 0 0 61 215 196 126 121 155 255 59 0 8 0 0 0 0 0 0 0 0 0 0 0 0 0 0 0 2 2 17 238 178 22 7 0 0 126 56 0 0 3 0 6 0 0 0 0 0 0 0 0 0 0 0 0 5 0 101 249 123 1 0 0 11 17 3 0 1 0 8 0 0 0 0 0 0 0 0 0 0 0 0 0 0 5 200 214 42 0 4 0 100 226 172 5 3 7 1 0 0 0 0 0 0 0 0 0 0 0 0 0 0 74 255 127 0 7 8 2 170 255 146 0 0 0 4 5 0 0 0 0 0 0 0 0 0 0 0 0 8 148 253 42 0 11 0 15 251 226 54 4 21 0 0 0 0 0 0 0 0 0 0 0 0 0 0 0 0 163 212 0 5 2 0 77 236 154 0 0 4 0 4 14 0 0 0 0 0 0 0 0 0 0 0 0 0 151 207 5 0 0 21 179 253 39 0 18 0 0 14 0 0 0 0 0 0 0 0 0 0 0 0 0 1 157 242 30 0 7 72 255 148 11 5 0 10 9 0 8 0 0 0 0 0 0 0 0 0 0 0 0 0 26 199 241 145 233 255 253 82 0 0 7 3 5 0 3 0 0 0 0 0 0 0 0 0 0 0 0 4 5 34 146 254 224 141 255 85 2 0 2 0 2 0 7 0 0 0 0 0 0 0 0 0 0 0 0 0 0 1 8 0 6 108 250 64 5 4 0 0 2 0 6 0 0 0 0 0 0 0 0 0 0 0 0 7 0 2 8 0 0 144 234 23 0 3 2 0 4 0 0 0 0 0 0 0 0 0 0 0 0 0 0 0 5 0 0 8 0 175 227 0 0 2 2 0 5 0 0 0 0 0 0 0 0 0 0 0 0 0 0 1 6 0 0 0 15 237 137 0 0 1 0 0 1 0 2 0 0 0 0 0 0 0 0 0 0 0 0 0 11 0 0 6 0 247 151 1 7 0 0 1 0 1 6 0 0 0 0 0 0 0 0 0 0 0 0 0 4 1 7 2 0 255 91 0 5 0 1 6 0 0 5 0 0 0 0 0 0 0 0 0 0 0 0 0 0 10 0 3 3 222 198 46 12 0 0 3 0 0 4 0 0 0 0 0 0 0 0 0 0 0 0 7 0 2 5 0 0 149 235 30 6 0 0 3 0 0 1 0 0 0 0 0 0 0 0 0 0 0 0 0 0 0 3 12 1 0 0 9 0 0 0 3 2 0 0 0 0 0 0 0 0 0 0 0 0 0 0 0 11 4 0 0 24 0 6 0 0 0 0 0 3 1 0 0 0 0 0
0 0 0 0 0 0 0 0 0 4 0 2 8 0 0 5 0 6 4 0 4 0 9 0 0 0 0 0 0 0 0 0 0 0 0 0 0 2 6 0 0 9 16 5 5 1 0 28 0 5 0 3 0 0 0 0 0 0 0 0 0 0 0 0 10 0 0 3 0 0 1 0 0 0 11 0 0 4 19 0 0 0 0 0 0 0 0 0 0 0 0 0 6 0 1 2 0 0 4 17 9 0 0 19 0 1 0 5 0 0 0 0 0 0 0 0 0 0 0 0 0 6 0 0 14 8 0 0 0 0 9 0 0 1 0 16 0 0 0 0 0 0 0 0 0 0 0 0 2 0 0 3 1 0 15 77 195 197 214 79 11 3 18 0 0 0 0 0 0 0 0 0 0 0 0 0 2 0 17 4 0 19 155 255 227 190 225 234 20 6 0 11 0 0 0 0 0 0 0 0 0 0 0 0 0 0 3 0 13 163 246 171 36 6 165 255 38 1 0 3 0 0 0 0 0 0 0 0 0 0 0 0 0 15 0 2 140 250 179 1 4 0 174 253 50 0 0 0 0 0 0 0 0 0 0 0 0 0 0 0 0 0 13 92 247 176 3 0 0 0 197 244 43 0 13 0 0 0 0 0 0 0 0 0 0 0 0 0 10 9 0 196 254 45 9 8 2 115 255 159 23 0 1 4 0 0 0 0 0 0 0 0 0 0 0 0 0 0 118 255 148 11 2 0 106 234 255 57 0 2 0 5 0 0 0 0 0 0 0 0 0 0 0 0 0 17 181 233 36 6 0 30 236 247 197 15 0 2 2 0 0 0 0 0 0 0 0 0 0 0 0 0 0 27 253 237 0 13 0 126 255 255 140 0 3 4 0 2 0 0 0 0 0 0 0 0 0 0 0 0 9 83 237 255 57 21 144 239 239 251 82 0 5 6 0 5 0 0 0 0 0 0 0 0 0 0 0 0 0 3 164 254 249 255 255 252 255 179 0 1 0 4 7 0 0 0 0 0 0 0 0 0 0 0 0 0 0 18 19 89 134 130 252 255 208 32 0 3 0 2 0 4 0 0 0 0 0 0 0 0 0 0 0 0 13 0 0 20 0 114 255 246 147 16 0 4 0 3 0 5 0 0 0 0 0 0 0 0 0 0 0 0 12 0 12 0 0 222 244 255 66 0 0 4 0 4 0 6 0 0 0 0 0 0 0 0 0 0 0 0 2 0 7 0 62 255 255 255 11 0 4 0 0 5 0 3 0 0 0 0 0 0 0 0 0 0 0 0 0 12 0 10 131 237 253 145 0 0 6 0 0 4 0 0 0 0 0 0 0 0 0 0 0 0 0 0 0 0 0 38 228 255 143 19 0 3 3 0 0 2 1 0 0 0 0 0 0 0 0 0 0 0 0 0 7 0 6 103 255 221 23 0 3 0 0 1 0 0 6 0 0 0 0 0 0 0 0 0 0 0 0 0 0 11 23 255 250 97 3 0 2 0 0 6 0 0 9 0 0 0 0 0 0 0 0 0 0 0 0 0 0 2 41 188 176 17 0 5 0 0 0 0 0 0 0 0 0 0 0 0 0 0 0 0 0 0 0 0 0 16 0 16 10 0 9 0 0 0 0 0 0 0 0 0 0 0 0 0 0 0 0 0 0 0 0 0 0 9 0 0 0 0 8 0 0 0 0 0 0 0 0 0 0 0 0 0 0 0 0 0 0 0 0 0 2 0 1 6 9 7 0 0 0 0 0 0 0 0 0 0 0 0 0 0
0 0 0 0 0 0 0 0 0 0 5 5 0 0 0 3 1 2 0 7 4 0 0 7 0 0 0 0 0 0 0 0 0 0 0 0 7 4 0 0 0 0 0 0 0 9 5 0 12 16 0 0 0 0 0 0 0 0 0 0 0 0 0 0 0 0 1 0 5 11 9 1 21 0 0 0 0 0 0 8 0 0 0 0 0 0 0 0 0 0 0 0 0 2 5 0 0 0 0 0 0 12 7 0 4 3 0 0 0 0 0 0 0 0 0 0 0 0 0 0 3 3 0 0 0 2 4 3 7 0 0 11 6 0 6 3 0 0 0 0 0 0 0 0 0 0 0 0 1 0 0 4 7 2 0 0 0 0 0 0 7 0 1 0 0 0 0 0 0 0 0 0 0 0 0 0 1 0 0 2 0 0 20 62 194 251 174 0 0 18 0 11 0 0 0 0 0 0 0 0 0 0 0 0 0 0 4 4 0 34 148 255 234 150 249 172 0 4 5 0 0 0 0 0 0 0 0 0 0 0 0 0 4 0 4 10 13 188 251 130 25 0 132 199 1 0 0 1 0 0 0 0 0 0 0 0 0 0 0 0 0 12 0 12 221 249 61 16 0 0 153 198 0 0 0 6 0 0 0 0 0 0 0 0 0 0 0 0 1 3 6 156 227 85 0 0 0 16 171 170 0 18 7 0 0 0 0 0 0 0 0 0 0 0 0 0 0 0 45 255 152 1 10 0 12 26 230 208 9 0 10 0 0 0 0 0 0 0 0 0 0 0 0 0 9 0 196 222 0 0 4 3 57 219 255 49 0 10 0 0 0 0 0 0 0 0 0 0 0 0 0 0 0 21 255 128 0 26 9 92 247 255 183 11 0 0 10 2 0 0 0 0 0 0 0 0 0 0 0 0 9 21 245 158 37 75 179 255 250 250 119 19 1 2 0 0 0 0 0 0 0 0 0 0 0 0 0 0 0 13 212 253 249 255 186 114 246 213 13 0 0 12 0 13 0 0 0 0 0 0 0 0 0 0 0 0 2 0 31 111 109 37 0 104 255 98 10 9 0 0 1 0 0 0 0 0 0 0 0 0 0 0 0 0 3 7 0 20 0 8 45 239 209 20 0 0 0 0 1 0 0 0 0 0 0 0 0 0 0 0 0 0 0 0 0 6 5 0 34 255 200 0 6 0 5 5 12 0 0 0 0 0 0 0 0 0 0 0 0 0 0 13 12 0 19 0 95 244 136 1 3 0 1 0 3 0 0 0 0 0 0 0 0 0 0 0 0 0 9 0 3 0 0 29 214 238 21 0 0 0 8 0 0 0 0 0 0 0 0 0 0 0 0 0 0 0 6 0 0 22 4 142 255 128 0 20 0 3 10 0 5 5 0 0 0 0 0 0 0 0 0 0 0 0 0 20 2 0 78 249 219 0 4 13 4 0 0 0 0 0 0 0 0 0 0 0 0 0 0 0 0 0 0 1 0 27 239 241 69 0 5 0 12 0 12 0 8 0 0 0 0 0 0 0 0 0 0 0 0 0 4 0 0 112 255 162 0 0 0 0 0 0 0 0 0 0 0 0 0 0 0 0 0 0 0 0 0 0 7 0 24 160 231 106 0 8 0 0 0 0 0 0 0 0 0 0 0 0 0 0 0 0 0 0 0 0 0 1 0 0 0 4 1 0 0 0 0 0 0 0 0 0 0 0 0 0 0 0 0 0 0 0 0 0 0 4 8 0 0 1 6 0 0 0 0 0 0 0 0 0 0 0 0 0
0 0 0 0 0 0 0 0 0 10 0 7 0 0 6 9 1 2 0 1 7 0 0 0 0 0 0 0 0 0 0 0 0 0 0 0 3 5 0 0 0 0 1 0 1 2 0 0 3 1 0 1 0 0 0 0 0 0 0 0 0 0 0 0 0 7 4 4 2 2 13 4 0 2 0 0 0 1 1 0 0 0 0 0 0 0 0 0 0 0 0 0 1 2 0 0 0 0 0 0 0 0 5 4 0 0 2 0 0 0 0 0 0 0 0 0 0 0 0 0 3 0 2 5 0 0 0 12 0 0 2 7 0 0 3 0 0 0 0 0 0 0 0 0 0 0 0 0 7 0 0 3 8 6 0 0 22 0 0 5 0 0 4 0 0 0 0 0 0 0 0 0 0 0 0 0 0 0 47 104 189 255 255 243 80 17 0 2 0 0 5 0 0 0 0 0 0 0 0 0 0 0 0 0 97 162 228 201 166 169 162 170 134 43 0 2 0 0 4 0 0 0 0 0 0 0 0 13 0 6 103 226 255 196 71 10 0 0 5 0 0 212 207 44 0 0 16 0 0 0 0 0 0 7 0 0 11 0 183 255 119 32 5 0 1 8 0 10 18 172 255 172 25 9 0 0 0 0 0 0 4 0 14 0 2 0 206 201 0 0 10 0 1 8 0 0 0 25 238 255 9 0 8 6 0 0 0 0 0 0 23 0 7 140 237 91 6 5 0 1 5 0 12 8 23 173 255 197 13 2 0 0 0 0 0 0 4 11 2 0 0 131 176 0 0 0 3 20 0 0 20 0 97 249 249 86 2 9 0 3 0 0 0 0 5 0 0 24 11 100 243 20 9 1 0 0 11 15 0 58 218 246 243 67 0 0 0 11 0 0 0 0 8 0 0 0 0 74 244 34 0 0 10 0 0 4 77 235 134 255 210 0 1 14 0 6 0 0 0 0 0 17 0 0 9 0 138 223 3 0 1 2 7 163 255 99 65 229 165 2 0 0 10 0 0 0 0 0 8 0 0 2 6 0 38 202 194 147 150 142 141 113 25 0 62 255 104 7 0 0 2 0 0 0 0 0 0 0 0 0 12 7 0 46 166 172 158 55 0 7 0 2 63 253 105 4 0 0 2 0 0 0 0 0 0 4 8 0 0 8 0 0 0 0 10 0 0 14 1 2 64 250 107 0 0 1 3 0 0 0 0 0 0 2 9 2 0 0 5 14 13 0 3 15 17 5 0 4 66 247 112 0 0 2 3 0 0 0 0 0 4 0 0 3 0 0 4 0 0 0 3 0 0 0 0 7 66 246 122 0 0 2 1 0 0 0 0 0 0 1 0 0 0 1 8 0 0 3 0 0 6 20 8 0 66 246 134 0 0 0 0 0 0 0 0 0 0 11 0 0 0 0 13 3 0 0 0 5 0 0 0 8 65 247 145 0 1 0 0 0 0 0 0 0 0 3 0 1 11 0 0 0 3 3 0 0 0 0 2 1 64 248 152 0 2 0 0 0 0 0 0 0 0 0 0 0 0 0 0 0 0 0 0 0 0 0 0 0 60 255 214 0 12 1 0 6 0 0 0 0 0 0 0 0 0 0 0 0 0 0 0 0 0 0 0 0 62 239 226 10 0 0 4 0 0 0 0 0 0 0 0 0 0 0 0 0 0 0 0 0 0 0 0 0 0 0 0 0 10 0 3 11 0 0 0 0 0 0 0 0 0 0 0 0 0 0 0 0 0 0 0 0 20 0 0 11 8 0 0 0 0 0 0 0
0 0 0 0 0 0 0 0 0 14 4 0 2 6 0 0 0 4 0 0 0 4 11 0 0 0 0 0 0 0 0 0 0 0 0 0 10 0 0 18 0 0 8 1 0 5 4 5 0 0 0 0 0 0 0 0 0 0 0 0 0 0 0 0 4 4 0 0 3 10 2 0 0 0 0 0 4 0 0 7 0 0 0 0 0 0 0 0 0 0 0 0 0 6 1 3 10 0 0 22 3 0 0 0 5 7 0 4 0 0 0 0 0 0 0 0 0 0 0 0 0 0 6 6 0 4 12 0 1 0 11 0 1 8 0 0 0 0 0 0 0 0 0 0 0 0 0 0 4 1 0 0 0 5 11 3 0 0 12 6 0 2 0 1 0 0 0 0 0 0 0 0 0 0 0 0 0 0 0 17 12 0 42 181 56 0 0 4 0 3 0 3 0 0 0 0 0 0 0 0 0 0 0 0 0 4 6 0 0 85 206 255 151 14 0 2 0 9 0 0 0 0 0 0 0 0 0 0 0 0 0 0 2 3 0 65 219 251 242 249 198 0 9 0 0 0 17 0 0 0 0 0 0 0 0 0 0 0 0 0 0 0 12 223 217 135 242 255 251 77 11 4 6 0 4 0 0 0 0 0 0 0 0 0 0 0 0 0 0 16 143 242 152 175 255 236 251 113 0 0 3 0 2 5 0 0 0 0 0 0 0 0 0 0 0 0 5 0 236 255 241 255 210 227 255 125 0 3 5 0 0 0 0 0 0 0 0 0 0 0 0 0 0 0 7 0 171 240 247 128 26 163 235 71 13 5 1 0 0 0 0 0 0 0 0 0 0 0 0 0 0 0 0 7 3 10 28 0 8 245 164 0 1 0 0 4 6 2 0 0 0 0 0 0 0 0 0 0 0 0 0 1 0 6 6 6 60 247 154 0 9 0 0 6 0 1 0 0 0 0 0 0 0 0 0 0 0 0 0 5 0 12 0 0 160 254 149 9 2 0 2 7 0 4 0 0 0 0 0 0 0 0 0 0 0 0 0 0 0 0 0 1 146 244 29 12 0 0 3 2 0 0 0 0 0 0 0 0 0 0 0 0 0 0 0 6 2 3 3 0 175 193 11 1 0 0 3 2 0 0 0 0 0 0 0 0 0 0 0 0 0 0 0 13 0 0 3 9 250 178 0 0 0 0 3 1 0 0 0 0 0 0 0 0 0 0 0 0 0 0 0 9 0 3 5 48 254 94 0 0 2 4 2 0 0 0 0 0 0 0 0 0 0 0 0 0 0 0 0 5 3 7 0 122 255 66 2 4 5 2 0 0 0 1 0 0 0 0 0 0 0 0 0 0 0 0 8 0 0 0 0 193 255 76 0 1 1 0 0 0 3 2 0 0 0 0 0 0 0 0 0 0 0 0 0 0 2 0 16 220 215 10 0 0 0 0 0 3 4 0 0 0 0 0 0 0 0 0 0 0 0 0 3 0 6 0 42 244 223 14 0 2 2 0 1 6 3 0 0 0 0 0 0 0 0 0 0 0 0 0 0 9 0 0 70 234 251 214 32 12 0 0 2 0 0 0 0 0 0 0 0 0 0 0 0 0 0 0 6 3 0 0 0 79 160 251 23 7 0 0 2 0 0 2 0 0 0 0 0 0 0 0 0 0 0 0 0 0 1 8 0 0 0 4 10 1 0 0 2 0 0 6 0 0 0 0 0 0 0 0 0 0 0 0 0 4 0 0 0 16 10 0 1 0 0 1 1 0 0 6 0 0 0 0
0 0 0 0 0 0 0 0 0 0 0 0 0 5 4 0 0 0 0 1 0 0 0 0 0 0 0 0 0 0 0 0 0 0 0 0 8 0 0 2 4 0 0 4 1 1 1 0 0 0 0 0 0 0 0 0 0 0 0 0 0 0 0 0 0 0 0 0 1 0 0 0 4 2 0 0 0 0 0 0 0 0 0 0 0 0 0 0 0 0 0 0 3 11 6 0 0 8 13 6 1 0 0 0 0 0 0 0 0 0 0 0 0 0 0 0 0 0 0 0 0 0 2 1 0 2 0 0 0 0 0 0 2 2 0 0 0 0 0 0 0 0 0 0 0 0 0 0 6 0 0 5 2 0 0 5 0 0 0 0 2 3 0 0 0 0 0 0 0 0 0 0 0 0 0 0 0 2 2 0 0 2 7 5 9 4 0 0 0 2 1 0 0 0 0 0 0 0 0 0 0 0 0 0 96 181 248 255 255 255 200 123 19 10 0 0 0 1 2 0 0 0 0 0 6 0 0 8 2 10 7 189 251 243 163 101 86 104 118 213 228 142 5 0 12 0 0 0 0 0 0 0 0 23 0 10 0 0 156 242 166 20 0 16 8 0 6 3 123 250 147 0 5 0 11 1 0 0 0 0 0 11 2 0 1 0 212 255 31 0 0 0 7 2 5 10 218 197 166 72 0 0 3 0 0 0 0 0 10 0 8 0 0 10 222 221 0 10 14 4 0 0 0 38 239 251 0 2 17 0 0 0 0 0 0 0 0 0 0 15 0 8 241 219 13 4 0 5 12 0 26 171 255 255 14 0 0 0 26 0 0 0 0 0 0 3 0 3 0 1 129 255 190 20 4 3 0 81 212 208 205 235 156 6 2 3 0 9 0 0 0 0 5 0 5 0 12 1 1 185 255 216 204 173 212 247 187 52 41 248 191 0 11 0 15 0 0 0 0 0 0 0 1 7 0 0 14 0 127 228 226 193 179 112 0 2 18 242 215 9 3 0 8 0 0 0 0 0 0 0 0 0 0 0 0 0 0 0 0 0 0 0 0 0 0 222 251 94 0 5 0 7 0 0 0 0 0 0 0 0 0 0 0 0 0 0 0 0 0 0 0 0 6 164 253 150 1 0 3 0 0 0 0 0 0 0 0 0 0 0 0 0 0 0 0 0 0 0 0 0 0 110 247 173 0 0 6 0 0 0 0 0 0 0 0 0 0 0 0 0 0 0 0 0 0 0 0 0 0 112 250 159 0 3 0 2 0 0 0 0 0 0 0 0 0 0 0 0 0 0 0 0 0 0 0 0 3 130 255 166 0 1 0 0 0 0 0 0 0 0 0 0 0 0 0 0 0 0 0 0 0 0 0 0 15 129 255 178 0 0 5 0 0 0 0 0 0 0 0 0 0 0 0 0 0 0 0 0 0 0 0 0 1 159 249 146 0 0 6 3 0 0 0 0 0 0 0 0 0 0 0 0 0 0 0 0 0 0 0 0 0 221 253 99 1 6 0 2 0 0 0 0 0 0 0 0 0 0 0 0 0 0 0 0 0 0 0 0 0 215 255 30 10 0 0 0 0 0 0 0 0 0 0 0 0 0 0 0 0 0 0 0 0 0 0 0 8 206 255 70 0 2 12 11 0 0 0 0 0 0 0 0 0 0 0 0 0 0 0 0 0 0 0 0 0 161 250 155 12 0 0 0 0 0 0 0 0 0 0 0 0 0 0 0 0 0 0 0 0 0 0 0 2 4 0 4 0 23 7 7 0 0 0 0
0 0 0 0 0 0 0 0 2 2 0 6 11 0 0 5 0 0 0 0 0 0 0 0 0 0 0 0 0 0 0 0 0 0 0 0 0 2 8 6 0 0 8 0 0 0 0 0 0 0 0 0 0 0 0 0 0 0 0 0 0 0 0 0 7 0 0 16 1 1 3 0 0 0 0 0 0 0 0 0 0 0 0 0 0 0 0 0 0 0 0 0 7 0 6 0 0 7 8 0 0 0 0 0 0 0 0 0 0 0 0 0 0 0 0 0 0 0 0 0 0 4 11 9 9 0 0 4 0 0 0 0 0 0 0 0 0 0 0 0 0 0 0 0 0 0 0 0 0 0 0 0 8 0 2 3 0 0 0 0 0 0 0 0 0 0 0 0 0 0 0 0 0 0 0 0 12 1 7 120 230 255 245 83 0 0 0 0 0 0 0 0 0 0 0 0 0 0 0 0 0 0 0 0 0 15 121 244 145 52 169 217 0 0 0 0 0 0 0 0 0 0 0 0 0 0 0 0 0 0 0 0 0 63 255 162 2 0 134 250 22 3 5 0 0 3 3 5 0 0 0 0 0 0 0 0 0 0 0 0 17 142 201 15 0 4 113 255 11 0 0 3 5 11 0 0 0 0 0 0 0 0 0 0 0 0 0 0 0 228 183 0 1 5 135 255 48 8 0 0 1 7 0 0 0 0 0 0 0 0 0 0 0 0 0 0 56 255 84 2 0 0 146 240 70 20 2 0 0 0 0 7 0 0 0 0 0 0 0 0 0 0 0 0 53 255 126 15 0 38 190 255 32 0 0 4 1 0 0 4 0 0 0 0 0 0 0 0 0 0 0 0 33 177 229 162 174 235 255 231 11 0 0 5 1 0 0 2 0 0 0 0 0 0 0 0 0 0 0 0 0 39 191 240 217 186 228 253 22 0 5 0 0 0 0 4 0 0 0 0 0 0 0 0 0 0 0 0 0 21 0 3 0 8 129 255 16 0 6 0 0 6 1 0 0 0 0 0 0 0 0 0 0 0 0 0 5 0 0 0 7 0 130 250 65 0 0 9 0 0 0 5 0 0 0 0 0 0 0 0 0 0 0 0 2 0 0 0 1 4 115 255 94 0 0 0 10 1 0 3 0 0 0 0 0 0 0 0 0 0 0 0 0 1 0 0 0 8 84 255 103 11 7 0 5 3 0 0 0 0 0 0 0 0 0 0 0 0 0 0 0 1 0 1 0 11 41 241 118 2 0 6 0 1 6 0 0 0 0 0 0 0 0 0 0 0 0 0 0 2 0 4 0 9 3 194 180 0 12 7 0 3 0 3 0 0 0 0 0 0 0 0 0 0 0 0 1 3 0 4 0 4 0 155 241 68 124 1 0 8 0 3 0 0 0 0 0 0 0 0 0 0 0 0 0 3 0 2 0 0 0 140 255 191 131 2 0 0 9 0 0 0 0 0 0 0 0 0 0 0 0 0 0 3 0 0 0 0 10 141 254 237 0 5 9 0 12 0 0 0 0 0 0 0 0 0 0 0 0 0 6 0 0 0 6 0 6 147 255 108 8 5 5 0 0 0 0 0 0 0 0 0 0 0 0 0 0 0 0 0 5 0 6 2 8 102 240 83 0 0 6 0 0 0 0 0 0 0 0 0 0 0 0 0 0 0 0 0 10 0 0 4 0 27 9 0 0 6 0 1 13 6 0 0 0 0 0 0 0 0 0 0 0 0 2 0 9 0 0 3 0 0 0 6 17 2 0 1 3 0 0 0 0 0
0 0 0 0 0 0 0 0 2 1 1 0 0 1 3 5 0 3 0 0 0 3 0 1 0 0 0 0 0 0 0 0 0 0 0 0 0 0 4 6 4 0 0 0 5 2 4 10 8 0 0 0 0 0 0 0 0 0 0 0 0 0 0 0 5 3 0 0 0 0 6 11 2 0 0 0 0 0 13 15 0 0 0 0 0 0 0 0 0 0 0 0 2 1 1 2 2 0 0 0 2 7 13 4 0 4 5 0 0 0 0 0 0 0 0 0 0 0 0 0 0 0 0 0 4 9 9 7 0 0 0 0 0 0 1 0 0 0 0 0 0 0 0 0 0 0 0 0 3 1 0 0 0 0 0 0 9 6 0 3 10 0 0 9 0 0 0 0 0 0 0 0 0 0 0 0 0 2 11 9 0 0 3 11 0 12 0 0 3 2 0 2 0 0 0 0 0 0 0 0 0 0 0 0 1 1 0 0 10 65 145 206 225 237 135 9 0 6 0 3 0 0 0 0 1 0 1 0 0 4 0 0 5 0 66 185 236 247 255 250 253 255 255 81 4 0 0 10 0 0 0 0 0 0 0 0 9 6 0 8 51 157 240 255 249 199 158 44 43 127 255 147 14 44 38 0 0 0 0 0 1 6 3 0 0 0 35 111 245 255 251 152 48 13 0 0 15 0 186 90 150 254 152 0 0 0 0 0 0 0 2 8 0 34 160 255 247 237 77 0 10 4 4 0 0 0 77 171 255 255 94 4 0 0 0 0 7 0 0 2 7 113 248 255 175 0 0 17 0 0 8 2 64 144 252 243 245 164 10 2 0 0 0 0 4 5 0 0 1 137 255 232 40 17 0 9 6 49 147 186 255 239 254 255 241 0 5 0 0 0 0 0 0 10 3 0 3 92 234 255 244 200 219 217 229 255 243 255 223 240 251 255 139 25 0 0 0 0 0 0 0 11 0 9 0 0 111 209 255 250 255 245 247 235 145 56 24 191 247 248 75 0 0 6 0 0 0 0 0 0 0 0 0 0 0 0 78 165 93 77 33 5 0 0 0 218 239 175 11 6 0 6 0 0 0 0 0 0 0 0 0 0 0 0 0 22 0 14 9 0 5 3 83 254 255 82 4 0 10 0 0 0 0 0 0 0 0 0 0 0 0 0 2 0 0 0 5 0 0 0 198 255 223 9 6 0 10 0 0 0 0 0 0 0 0 0 0 0 0 0 13 2 8 0 0 8 0 44 251 251 129 0 0 2 0 6 0 0 0 0 0 0 0 0 0 0 0 0 0 0 0 0 0 7 0 146 255 250 58 1 0 16 1 0 0 0 0 0 0 0 0 0 0 0 0 0 11 7 0 14 3 0 0 221 254 203 3 3 0 0 1 0 0 0 0 0 0 0 0 0 0 0 0 0 4 0 0 7 0 0 33 249 255 154 0 4 8 0 0 10 0 0 0 0 0 0 0 0 0 0 0 0 0 0 10 0 0 4 79 245 253 157 5 2 0 14 4 0 0 0 0 0 0 0 0 0 0 0 0 0 0 0 6 0 6 3 65 255 250 220 7 0 8 0 1 0 0 0 0 0 0 0 0 0 0 0 0 0 11 0 0 0 0 0 73 255 255 78 0 2 7 6 0 2 0 0 0 0 0 0 0 0 0 0 0 0 5 0 5 3 0 0 38 158 158 0 14 0 0 0 0 3 0 0 0 0 0 0 0 0 0 0 0 0 0 0 11 0 0 5 0 14 20 0 19 0 0 0 9 2 0 0 0 0
0 0 0 0 0 0 0 0 0 2 6 0 0 0 0 0 2 0 0 2 0 2 9 0 0 0 0 0 0 0 0 0 0 0 0 0 16 2 0 4 5 15 1 0 1 5 0 0 20 0 0 7 0 0 0 0 0 0 0 0 0 0 0 0 0 0 0 3 0 0 0 10 0 1 12 3 0 0 4 2 0 0 0 0 0 0 0 0 0 0 0 0 7 2 16 0 14 0 10 0 18 0 0 10 0 1 9 0 0 0 0 0 0 0 0 0 0 0 0 0 0 0 0 6 9 0 0 9 0 18 9 0 2 5 0 3 0 0 0 0 0 0 0 0 0 0 0 0 5 21 0 39 125 255 205 106 7 12 4 0 0 0 1 10 0 0 0 0 0 0 0 0 0 0 0 0 0 0 24 193 255 249 226 255 180 31 0 13 21 0 0 3 0 0 0 0 0 0 0 0 0 0 0 0 0 11 152 245 213 38 50 152 255 185 67 0 0 2 0 0 0 0 0 0 0 0 0 0 0 0 0 0 0 25 225 251 57 2 0 8 42 199 136 6 0 0 8 0 0 0 0 0 0 0 0 0 0 0 0 0 0 135 255 253 1 9 3 0 7 52 53 5 0 0 10 0 0 0 0 0 0 0 0 0 0 0 0 0 3 170 245 188 11 0 6 4 0 0 11 2 0 0 0 0 0 0 0 0 0 0 0 0 0 0 0 0 19 239 251 75 1 0 7 0 0 12 1 0 5 5 0 2 0 0 0 0 0 0 0 0 0 0 0 0 0 255 246 45 0 7 0 34 75 71 0 0 5 9 0 4 0 0 0 0 0 0 0 0 0 0 0 0 7 255 253 42 3 0 58 169 247 174 20 10 0 0 3 2 0 0 0 0 0 0 0 0 0 0 0 0 0 247 247 74 82 148 253 255 255 255 136 13 0 0 1 0 0 0 0 0 0 0 0 0 0 0 0 0 4 241 247 255 232 255 215 72 93 255 228 0 6 14 0 0 0 0 0 0 0 0 0 0 0 0 0 0 0 120 246 255 163 52 4 4 78 255 249 40 0 0 1 0 0 0 0 0 0 0 0 0 0 0 0 0 0 0 0 4 10 8 0 0 25 236 255 115 6 3 11 0 0 0 0 0 0 0 0 0 0 0 0 0 7 2 0 0 0 0 0 1 0 178 238 165 0 0 8 3 0 0 0 0 0 0 0 0 0 0 0 0 0 0 2 2 0 0 0 0 0 109 241 240 38 0 1 0 0 0 0 0 0 0 0 0 0 0 0 0 1 0 0 0 0 4 9 11 4 60 254 255 84 8 2 1 0 0 0 0 0 0 0 0 0 0 0 0 0 1 10 8 0 0 0 0 0 27 234 238 113 0 1 3 0 0 0 0 0 0 0 0 0 0 0 0 7 0 0 0 5 10 6 0 0 1 191 255 204 4 0 0 0 0 0 0 0 0 0 0 0 0 0 0 0 0 5 4 0 0 0 3 12 0 118 255 251 0 0 5 0 0 0 0 0 0 0 0 0 0 0 0 0 0 0 0 0 0 0 0 7 0 125 250 171 22 0 12 0 0 0 0 0 0 0 0 0 0 0 0 0 0 0 0 0 0 0 0 2 0 3 20 0 0 5 0 0 0 0 0 0 0 0 0 0 0 0 0 0 0 0 0 0 0 0 0 1 0 0 0 0 10 16 0 0 0 0 0 0 0 0 0 0 0 0 0 0 0 0 0 0 0 0 0 0 0 5 7 3 0 0 0 0 0 0 0
0 0 0 0 0 0 0 0 2 0 0 3 1 0 0 6 4 0 1 2 0 12 0 1 0 0 0 0 0 0 0 0 0 0 0 0 7 0 0 0 0 0 0 0 5 0 1 9 4 6 0 9 0 0 0 0 0 0 0 0 0 0 0 0 0 0 0 1 6 10 8 3 0 1 11 0 0 0 0 0 0 0 0 0 0 0 0 0 0 0 0 0 0 4 6 0 0 0 0 0 8 7 0 0 10 13 1 0 0 0 0 0 0 0 0 0 0 0 0 0 3 2 0 0 0 1 3 1 0 0 0 3 0 0 0 14 0 0 0 0 0 0 0 0 0 0 0 0 1 0 0 3 9 5 0 0 0 14 5 8 0 10 14 0 0 0 0 0 0 0 0 0 0 0 0 0 4 0 2 4 0 0 4 29 169 249 255 208 28 0 0 4 0 0 0 0 0 0 0 0 0 0 0 0 0 1 5 2 0 20 108 196 255 254 243 255 98 15 0 3 0 0 0 0 0 0 0 0 0 0 0 0 4 0 6 0 5 143 255 255 200 141 72 255 195 0 7 1 0 0 0 0 0 0 0 0 0 0 0 0 6 8 0 12 112 254 254 163 11 0 58 234 182 0 2 1 0 0 0 0 0 0 0 0 0 0 0 0 0 17 7 145 255 252 142 0 2 0 84 255 206 37 10 0 0 0 0 0 0 0 0 0 0 0 0 0 10 0 90 233 255 144 37 3 0 157 226 247 255 30 2 0 0 0 0 0 0 0 0 0 0 0 0 0 15 16 255 247 147 3 0 68 160 245 255 248 127 0 3 16 0 0 0 0 0 0 0 0 0 0 0 0 0 150 238 255 59 119 150 249 255 236 252 211 34 7 0 0 0 0 0 0 0 0 0 0 0 0 0 0 72 255 253 249 255 245 255 245 229 255 246 0 13 0 5 19 0 0 0 0 0 0 0 0 0 0 0 0 67 255 254 253 255 218 125 240 255 245 136 5 9 0 0 0 0 0 0 0 11 0 0 0 0 0 0 0 31 143 234 193 45 4 155 251 255 113 10 2 0 0 3 3 0 0 0 0 0 0 0 4 6 4 2 3 0 7 0 0 0 112 235 255 152 45 0 0 2 0 5 3 0 0 0 0 0 0 3 1 0 1 0 0 6 0 0 0 85 240 255 199 54 0 0 5 4 0 2 0 0 0 0 0 0 3 1 0 0 0 1 0 0 4 31 132 237 240 213 59 16 0 0 9 1 0 0 0 0 0 0 0 0 0 0 0 1 6 5 1 10 0 84 255 255 226 66 14 0 0 0 3 0 0 2 2 0 0 0 0 0 0 0 3 3 0 0 0 8 56 255 244 200 54 0 0 0 0 2 2 2 1 0 0 0 0 0 0 2 0 0 6 0 0 0 12 51 240 255 231 43 0 4 6 0 5 3 1 4 1 0 0 0 0 0 0 2 0 0 7 0 0 21 58 248 239 228 50 0 11 0 1 0 1 0 0 0 0 0 7 0 0 0 0 6 3 0 1 10 0 46 194 255 180 55 0 0 9 2 0 0 0 0 0 0 0 0 0 0 0 0 0 0 6 3 0 0 7 108 255 188 35 0 11 20 0 0 0 0 0 0 0 0 0 0 0 0 0 0 0 0 3 0 0 2 0 0 0 4 11 6 0 0 0 0 5 0 0 0 0 0 0 0 0 0 0 0 0 5 5 3 0 0 4 10 5 0 12 7 0 5 9 0 5 0 0 0 0 0 0 0 0 0 0 0 0
0 0 0 0 0 0 0 0 0 3 5 2 0 1 4 6 0 2 0 0 0 3 2 0 0 0 0 0 0 0 0 0 0 0 0 0 5 0 0 2 4 0 0 3 0 0 3 10 5 0 0 10 0 0 0 0 0 0 0 0 0 0 0 0 4 4 0 0 0 4 0 0 5 4 0 0 4 11 5 4 0 0 0 0 0 0 0 0 0 0 0 0 0 0 0 0 0 5 6 4 0 8 6 0 0 0 0 0 0 0 0 0 0 0 0 0 0 0 0 0 9 0 0 4 0 0 0 6 0 0 0 7 10 8 2 0 0 0 0 0 0 0 0 0 0 0 0 0 0 3 6 0 4 15 8 0 9 3 16 4 0 0 14 0 0 0 0 0 0 0 0 0 0 0 0 0 4 0 0 8 87 189 250 255 248 233 255 206 62 0 10 2 0 0 0 0 0 0 0 0 0 0 0 0 4 0 46 178 255 238 187 169 220 121 170 246 142 12 0 2 0 0 0 0 0 10 9 0 0 3 0 0 3 88 238 255 192 64 0 2 8 72 216 201 44 0 9 0 0 0 0 0 6 2 0 18 2 0 5 0 133 255 245 149 27 0 20 0 8 168 89 31 0 5 0 13 0 0 0 0 5 4 5 0 0 21 13 192 243 249 54 0 15 1 0 0 4 11 0 0 0 17 0 0 0 0 0 0 0 0 8 11 0 0 132 255 255 98 0 6 0 0 0 5 0 0 160 180 12 0 7 1 0 0 0 0 6 0 0 5 0 46 236 253 100 0 11 1 0 16 5 2 15 207 255 232 0 0 0 9 0 0 0 0 14 0 6 0 9 123 255 215 15 11 0 0 20 0 0 55 182 255 235 134 0 17 0 0 0 0 0 0 0 0 0 27 0 129 255 79 0 0 9 16 0 20 151 254 255 231 255 93 7 0 0 5 0 0 0 0 0 2 0 0 0 205 240 93 9 0 0 6 55 205 253 241 118 255 255 36 3 0 0 2 0 0 0 0 0 13 0 2 0 105 255 218 82 66 99 204 255 255 125 10 99 255 204 0 8 0 0 0 0 0 0 0 0 5 0 8 0 51 206 255 243 245 255 252 164 74 0 0 159 243 197 0 0 3 9 0 0 0 0 0 8 4 0 1 0 0 51 136 158 162 120 43 0 5 3 23 216 255 76 17 0 0 0 0 0 0 0 0 2 0 0 2 14 0 0 14 0 0 0 5 3 6 0 37 250 241 19 0 0 6 13 3 0 0 0 0 0 0 9 2 0 10 1 0 16 1 0 7 4 0 0 97 255 200 20 0 1 158 37 10 0 0 0 0 9 0 2 0 0 0 0 0 0 0 0 0 0 7 21 161 253 152 0 2 124 221 28 0 0 0 0 0 5 0 0 2 5 4 7 0 6 0 5 15 1 0 20 247 252 66 21 71 219 94 13 0 0 0 0 0 0 14 0 0 0 0 0 5 0 0 1 0 1 9 36 226 244 6 108 254 98 15 0 12 0 0 0 0 0 0 0 0 0 0 0 0 0 0 13 0 0 0 8 137 233 244 224 110 14 0 0 8 0 0 0 0 0 0 0 0 0 0 0 0 2 0 6 0 6 4 0 60 255 202 120 21 0 10 5 1 0 0 0 0 0 0 0 0 0 0 0 0 4 0 3 0 2 12 0 0 0 0 7 0 0 5 0 1 0 0 0 0 0 0 0 0 0 0 0 0 0 0 6 0 0 6 0 0 4 4 4 0 0 0 0 3 0 0 0 0
0 0 0 0 0 0 0 0 3 0 0 8 0 8 0 0 6 0 2 1 0 1 0 2 0 0 0 0 0 0 0 0 0 0 0 0 0 5 8 0 0 0 0 11 8 5 0 0 9 9 0 3 0 0 0 0 0 0 0 0 0 0 0 0 4 1 0 16 0 14 3 0 0 6 1 0 5 0 0 5 0 0 0 0 0 0 0 0 0 0 0 0 0 2 0 5 0 3 0 1 15 16 0 0 0 0 10 0 0 0 0 0 0 0 0 0 0 0 0 0 3 14 1 0 13 2 1 12 0 0 0 13 0 0 15 0 0 0 0 0 0 0 0 0 0 0 0 0 1 0 3 27 0 5 0 0 18 0 6 10 0 1 5 0 0 0 0 0 0 0 0 0 0 0 0 0 6 0 0 10 6 119 212 255 255 250 255 180 69 3 0 28 0 0 0 0 0 0 0 0 0 0 0 0 0 11 5 0 254 255 251 252 255 239 255 251 255 189 13 0 0 0 0 0 0 4 5 0 2 0 0 6 3 0 70 194 255 255 254 244 253 255 245 254 254 252 0 4 0 0 0 0 10 0 0 7 7 4 0 0 0 63 255 248 245 255 255 255 184 197 185 253 255 246 0 1 0 0 0 0 10 0 7 8 0 1 2 4 9 255 242 255 251 248 194 54 13 0 0 1 57 124 12 6 0 0 0 0 0 3 12 0 0 3 0 10 177 254 255 244 195 0 4 0 0 4 9 198 254 250 139 0 0 0 0 0 0 6 0 0 6 11 0 66 255 255 255 242 0 23 0 0 1 120 253 255 253 252 124 18 0 0 0 0 0 4 0 1 8 0 6 199 248 255 246 255 112 120 144 121 200 255 255 240 255 189 5 0 0 0 0 0 1 0 0 7 0 0 18 234 253 255 255 249 255 248 245 255 241 255 239 255 255 255 0 0 0 0 0 0 5 0 0 8 0 6 0 134 189 255 250 252 252 255 242 255 255 240 255 249 255 56 8 1 0 0 0 0 0 0 0 0 0 0 0 0 0 255 255 253 245 253 254 255 255 250 252 119 0 4 5 0 0 0 0 0 0 0 0 0 0 0 0 0 12 0 2 5 5 13 71 254 239 255 62 11 5 13 0 11 0 0 0 0 0 0 0 0 0 0 0 0 1 0 0 11 0 139 232 250 255 247 1 3 0 0 0 7 0 0 0 0 0 0 0 0 0 0 0 0 1 0 20 0 60 255 255 255 186 91 0 0 1 9 18 0 0 0 0 0 0 0 0 0 0 0 0 0 4 0 1 3 252 253 255 247 10 0 11 0 0 0 0 14 0 0 0 0 0 0 0 0 0 0 0 0 0 2 3 57 255 255 248 75 0 0 0 4 10 2 0 0 0 0 0 0 0 0 0 0 0 0 0 0 0 30 48 254 255 252 255 1 10 1 0 13 0 0 5 4 0 0 0 0 0 0 0 0 0 0 0 0 7 0 132 255 236 255 246 255 55 10 4 0 5 15 0 3 0 0 0 0 0 0 0 0 0 0 0 0 0 3 124 254 255 241 255 255 51 17 0 0 5 0 0 8 0 0 0 0 0 0 0 0 0 0 0 0 5 0 49 144 233 255 240 131 15 0 0 2 4 0 0 0 0 0 0 0 0 0 0 0 0 0 0 0 0 2 11 4 0 4 6 0 0 0 1 5 3 0 0 0 0 0 0 0 0 0 0 0 0 0 0 0 9 0 0 2 5 0 0 19 0 4 6 1 0 0 2 3 0 0 0 0
0 0 0 0 0 0 0 0 0 0 0 0 0 0 0 0 6 0 0 2 0 0 0 6 0 0 0 0 0 0 0 0 0 0 0 0 0 0 0 0 0 0 0 0 0 0 1 5 7 5 1 0 0 0 0 0 0 0 0 0 0 0 0 0 0 0 0 0 0 0 0 0 0 0 0 0 0 2 2 0 0 0 0 0 0 0 0 0 0 0 0 0 0 0 0 0 0 0 0 0 5 3 1 0 0 1 3 4 0 0 0 0 0 0 0 0 0 0 0 0 0 0 0 0 0 0 0 0 0 0 2 11 8 0 0 2 0 0 0 0 0 0 0 0 0 0 0 0 0 0 0 0 0 0 0 0 0 0 0 1 0 0 1 9 0 0 0 0 0 0 0 0 0 0 0 0 0 0 0 0 0 0 0 0 0 6 3 0 0 8 4 0 0 0 0 0 0 0 0 0 0 0 0 0 0 0 0 0 0 0 0 0 84 113 124 113 119 131 99 46 0 0 0 0 0 4 0 5 0 0 8 0 0 0 0 10 89 224 241 230 255 237 255 255 244 255 246 224 93 40 0 8 7 0 0 0 11 0 0 7 5 0 85 213 239 255 253 251 249 255 234 254 255 255 250 241 253 175 0 0 1 0 0 4 3 0 3 4 26 149 229 255 254 254 250 254 249 255 255 255 232 252 255 255 255 227 7 4 0 5 0 13 0 0 12 58 183 255 250 244 252 252 244 253 255 245 245 249 255 249 136 214 211 180 0 0 4 0 6 0 2 7 66 190 255 255 236 255 255 254 255 247 255 242 255 249 250 248 79 0 0 5 0 5 2 0 10 0 0 4 245 255 232 255 254 255 242 253 254 251 245 255 252 255 249 106 0 0 21 0 0 0 0 0 5 12 0 0 253 236 255 255 239 244 255 255 235 255 243 255 247 176 100 0 8 15 0 0 10 11 10 0 1 0 1 0 32 191 247 237 255 255 210 246 253 252 255 252 191 26 1 0 0 0 6 6 0 0 0 7 1 0 0 0 4 14 76 176 46 56 158 255 255 252 255 162 44 0 0 2 2 2 0 0 0 0 3 0 0 4 6 0 3 5 13 0 0 53 255 230 255 255 191 85 0 0 10 0 0 0 0 0 0 0 8 0 0 4 0 0 0 0 4 34 66 246 251 255 216 189 37 11 0 0 0 6 8 9 0 0 0 0 0 0 7 1 0 0 1 1 41 224 246 255 254 244 187 0 0 3 10 0 0 0 2 0 0 0 0 0 0 0 8 0 0 11 2 1 214 252 255 240 236 255 23 5 11 0 0 6 11 0 0 0 0 0 0 0 4 0 3 0 1 9 0 8 145 246 254 192 16 27 0 0 0 0 0 0 2 5 6 6 0 0 0 0 7 0 3 0 1 0 0 88 240 250 252 243 20 0 16 0 0 13 15 0 0 0 0 0 0 0 0 0 0 0 6 0 3 0 38 203 255 250 252 251 129 1 0 5 4 0 0 3 12 3 0 1 0 0 0 0 6 0 0 3 7 3 100 255 249 251 253 214 110 6 0 14 0 0 0 0 0 0 0 0 0 0 0 0 0 7 9 2 0 0 77 212 223 250 195 64 0 0 13 0 0 0 0 0 0 0 0 0 0 0 0 0 0 4 0 0 14 5 0 8 0 1 6 3 0 0 0 0 0 0 0 0 0 0 0 0 0 0 0 0 0 8 0 0 4 5 0 0 11 0 0 0 3 4 4 6 0 0 0 0 0 0 0 0 0 0 0 0
0 0 0 0 0 0 0 0 3 0 0 0 3 4 1 0 4 1 3 0 0 9 0 0 0 0 0 0 0 0 0 0 0 0 0 0 0 8 13 0 0 0 0 0 0 0 6 0 0 0 6 10 0 0 0 0 0 0 0 0 0 0 0 0 4 0 0 0 8 7 6 8 7 0 0 0 12 0 0 0 0 0 0 0 0 0 0 0 0 0 0 0 0 0 1 2 0 0 0 4 3 0 9 4 3 0 17 14 0 0 0 0 0 0 0 0 0 0 0 0 0 2 0 0 0 10 4 0 0 0 3 1 6 0 0 0 0 0 0 0 0 0 0 0 0 0 0 0 9 0 0 3 7 0 0 12 5 4 1 0 0 9 0 9 0 0 0 0 0 0 0 0 0 0 0 0 0 0 9 15 0 0 47 122 136 194 237 217 170 125 0 0 0 0 0 0 0 0 0 0 0 0 0 0 0 9 0 0 44 158 239 255 250 255 255 251 251 241 50 6 0 0 0 0 4 0 0 0 0 0 6 0 1 2 8 82 233 250 252 255 244 255 255 231 255 255 103 4 0 0 0 0 1 0 0 4 3 5 1 0 0 41 142 255 248 255 255 245 255 248 255 255 243 245 113 0 0 0 0 0 0 1 5 4 0 0 2 9 0 155 255 251 246 253 231 155 125 17 51 255 255 235 9 2 0 0 0 0 1 1 0 1 2 0 0 4 150 255 234 255 255 217 54 10 32 86 201 226 253 235 0 0 0 0 0 0 6 0 0 0 16 5 0 0 226 242 255 255 249 104 79 101 215 255 248 255 255 240 0 2 0 0 0 0 0 5 0 0 4 0 10 53 255 255 245 253 242 245 255 255 249 255 255 254 230 80 11 7 0 0 0 0 0 9 5 0 0 0 19 89 244 255 253 244 255 240 250 252 255 255 248 243 109 1 0 6 0 0 0 0 0 3 0 0 12 0 0 38 236 255 245 255 248 255 254 255 251 252 241 100 0 8 0 0 0 0 0 0 0 0 0 0 0 0 0 0 111 216 255 255 204 209 250 255 247 255 190 0 0 21 0 2 0 0 0 0 0 0 0 0 0 0 0 0 16 25 72 70 28 190 244 249 255 247 56 2 9 0 3 0 0 0 0 0 0 0 0 0 0 0 0 0 0 0 11 0 106 232 255 255 254 110 0 11 0 0 8 0 0 0 0 0 0 0 0 0 0 0 0 0 0 24 0 61 252 255 253 255 171 0 6 5 0 3 0 1 0 0 0 0 0 0 0 0 0 0 0 0 0 2 0 177 244 255 255 208 38 9 0 0 15 0 0 6 0 0 0 0 0 0 0 0 0 0 0 0 4 9 121 253 244 255 238 110 0 21 0 4 0 0 7 0 0 0 0 0 0 0 0 0 0 0 0 0 0 52 236 254 255 253 179 6 2 0 1 10 0 10 4 0 0 0 0 0 0 0 0 0 0 0 0 0 7 96 255 255 241 255 186 0 5 0 0 0 14 0 0 4 0 0 0 0 0 0 0 0 0 0 0 0 8 84 247 253 255 249 77 0 0 0 0 0 0 0 0 0 0 0 0 0 0 0 0 0 0 0 0 0 0 8 135 237 244 151 22 0 0 0 0 0 0 0 0 0 0 0 0 0 0 0 0 0 0 0 0 0 1 1 0 0 0 0 9 5 0 0 0 0 0 0 0 0 0 0 0 0 0 0 0 0 0 0 0 0 0 8 0 1 1 0 3 0 0 0 0 0 0 0 0 0 0 0 0 0
0 0 0 0 0 0 0 0 0 0 0 7 0 6 0 9 4 0 0 0 0 0 2 11 0 0 0 0 0 0 0 0 0 0 0 0 0 8 9 15 0 0 0 0 1 0 0 4 11 9 0 0 0 0 0 0 0 0 0 0 0 0 0 0 6 3 0 0 0 16 11 6 1 7 8 0 0 0 2 10 0 0 0 0 0 0 0 0 0 0 0 0 0 0 0 6 2 0 0 0 0 0 0 0 3 6 2 0 0 0 0 0 0 0 0 0 0 0 0 0 9 0 0 0 5 0 4 11 3 4 5 2 0 0 0 4 0 0 0 0 0 0 0 0 0 0 0 0 0 0 1 0 0 0 0 6 6 0 0 2 9 3 0 0 0 0 0 0 0 0 0 0 0 0 0 0 0 4 9 0 30 91 174 211 242 128 15 0 4 13 4 0 0 0 0 0 0 0 0 0 0 0 0 0 5 0 5 48 177 250 232 147 118 55 5 2 6 0 0 5 0 0 0 0 0 0 0 0 2 2 1 0 3 0 47 217 103 59 12 0 5 0 41 136 0 0 7 0 0 0 0 0 2 2 2 1 0 0 0 0 21 166 197 87 0 0 0 18 0 83 177 188 32 11 0 0 0 0 0 0 1 3 3 1 0 0 1 5 24 216 24 18 5 8 8 0 3 174 250 171 82 4 0 0 0 0 0 0 0 0 3 1 0 0 6 13 169 236 25 0 0 0 5 0 10 251 255 214 77 7 0 11 0 0 0 0 0 0 3 1 0 0 6 13 227 199 0 3 15 7 0 8 113 247 245 104 61 0 15 0 0 0 0 0 1 3 3 1 0 0 1 5 171 186 17 19 0 3 0 116 244 252 172 3 0 10 4 0 0 0 0 0 2 2 2 1 0 0 0 0 95 255 124 35 25 44 227 254 255 245 134 0 8 0 8 0 0 0 0 0 0 0 0 0 2 2 1 0 5 197 250 223 163 165 253 254 241 241 0 9 0 0 0 6 0 0 0 0 0 0 0 0 0 0 0 0 0 62 232 255 255 246 176 53 199 146 8 0 0 0 5 0 0 0 0 0 0 0 0 0 0 0 0 0 4 0 31 95 106 41 1 19 222 122 4 2 0 0 4 0 0 0 0 0 0 0 0 0 0 0 0 0 5 11 0 3 11 8 0 29 247 106 0 3 0 0 3 0 0 0 0 0 0 0 0 0 0 0 0 0 0 7 0 0 0 0 0 38 255 117 0 0 5 0 4 0 0 0 0 0 0 0 0 0 0 0 0 0 9 0 6 4 8 0 4 45 255 133 0 0 14 0 4 0 0 0 0 0 0 0 0 0 0 0 0 0 2 0 11 0 0 4 8 49 252 112 3 0 12 0 2 0 0 0 0 0 0 0 0 0 0 0 0 0 5 0 0 4 8 1 0 148 255 52 5 1 0 1 0 0 0 0 0 0 0 0 0 0 0 0 0 0 1 3 8 2 0 0 1 239 255 0 6 7 0 11 0 0 0 0 0 0 0 0 0 0 0 0 0 0 0 10 0 3 9 4 0 255 255 15 0 4 0 8 6 0 0 0 0 0 0 0 0 0 0 0 0 0 0 11 6 9 0 0 23 227 133 0 3 4 0 0 0 0 0 0 0 0 0 0 0 0 0 0 0 0 8 0 0 9 0 9 0 20 15 0 5 0 2 0 0 6 0 0 0 0 0 0 0 0 0 0 0 0 4 0 0 5 0 2 7 0 0 0 0 0 3 0 0 0 0 0 0 0
0 0 0 0 0 0 0 0 2 0 0 12 0 0 0 2 2 1 0 0 0 0 0 0 0 0 0 0 0 0 0 0 0 0 0 0 0 4 0 8 0 0 0 5 0 8 10 0 0 15 10 0 0 0 0 0 0 0 0 0 0 0 0 0 0 4 0 4 8 15 0 0 0 0 0 0 4 4 1 0 0 0 0 0 0 0 0 0 0 0 0 0 0 5 0 0 0 3 0 0 11 0 0 4 2 0 0 11 0 0 0 0 0 0 0 0 0 0 0 0 0 3 11 5 4 0 0 0 0 5 9 1 0 2 4 0 0 0 0 0 0 0 0 0 0 0 0 0 16 0 0 0 1 0 6 0 1 0 0 0 3 1 0 0 0 0 0 0 0 0 0 0 0 0 0 0 8 0 23 72 118 157 214 214 122 49 0 0 7 0 0 4 0 0 0 0 0 0 0 0 0 0 0 0 0 33 169 255 255 240 255 247 255 171 51 0 0 10 7 0 0 0 0 0 0 4 1 0 0 1 0 5 0 185 255 253 224 186 144 244 248 255 234 6 0 0 15 0 0 0 0 0 2 3 0 0 6 4 0 0 94 255 232 136 14 9 0 25 169 255 242 51 13 3 5 0 0 0 0 0 4 3 0 0 6 0 0 11 206 253 185 2 0 0 15 8 28 254 255 116 10 0 0 2 0 0 0 0 0 3 3 2 0 0 10 48 255 255 144 8 0 9 0 0 28 253 236 111 0 0 11 0 0 0 0 0 0 3 3 2 0 0 10 48 228 255 96 0 13 0 23 13 60 249 255 178 11 0 1 0 0 0 0 0 4 3 0 0 6 0 0 11 201 242 222 13 5 5 11 49 225 255 237 124 10 0 7 4 0 0 0 0 2 3 0 0 6 4 0 0 34 232 252 255 191 168 255 255 254 255 255 72 1 0 0 8 0 0 0 0 0 4 1 0 0 1 0 5 0 54 173 250 255 242 255 243 250 250 253 1 0 15 0 0 0 0 0 0 0 0 0 0 0 0 0 0 7 0 3 21 96 108 106 152 253 250 188 6 0 0 1 3 0 0 0 0 0 0 0 0 0 0 0 0 8 0 1 0 11 0 0 99 255 247 148 2 3 1 0 2 0 0 0 0 0 0 0 0 0 0 0 0 0 0 4 0 2 0 0 166 255 245 92 0 9 4 0 2 0 0 0 0 0 0 0 0 0 0 0 0 0 2 2 0 16 8 2 199 249 249 55 0 5 4 0 3 0 0 0 0 0 0 0 0 0 0 0 0 1 2 0 0 3 0 0 188 247 255 45 0 0 1 0 1 0 0 0 0 0 0 0 0 0 0 0 0 0 0 0 0 1 0 60 237 253 255 42 3 0 0 0 0 0 0 0 0 0 0 0 0 0 0 0 0 0 0 6 4 0 2 116 255 253 225 23 3 0 0 0 0 0 0 0 0 0 0 0 0 0 0 0 0 1 0 1 2 0 6 146 255 248 191 0 0 5 0 0 2 0 0 0 0 0 0 0 0 0 0 0 0 4 0 0 4 0 19 134 255 255 103 0 4 9 0 0 3 0 0 0 0 0 0 0 0 0 0 0 0 0 0 10 6 0 6 120 243 150 47 0 2 4 0 3 0 0 0 0 0 0 0 0 0 0 0 0 0 14 0 0 0 1 0 0 5 29 0 0 1 0 2 7 0 0 0 0 0 0 0 0 0 0 0 0 0 0 0 0 7 14 9 0 0 0 0 2 1 0 0 7 0 0 0 0 0
0 0 0 0 0 0 0 0 0 0 6 3 6 0 8 4 2 0 3 0 0 0 6 0 0 0 0 0 0 0 0 0 0 0 0 0 7 10 0 8 0 8 0 0 0 0 4 5 0 0 0 7 0 0 0 0 0 0 0 0 0 0 0 0 0 0 14 0 0 0 12 11 8 1 0 1 10 1 0 0 0 0 0 0 0 0 0 0 0 0 0 0 9 0 7 0 15 0 0 0 0 0 0 0 7 4 0 5 0 0 0 0 0 0 0 0 0 0 0 0 0 0 0 2 8 4 0 15 0 12 14 4 0 0 1 6 0 0 0 0 0 0 0 0 0 0 0 0 0 0 0 0 16 0 0 0 10 0 0 0 0 1 4 0 0 0 0 0 0 0 0 0 0 0 0 0 0 19 83 101 238 245 255 251 65 11 4 19 5 2 9 0 0 0 0 0 0 0 0 0 0 0 0 0 74 174 247 245 255 252 249 251 229 165 155 140 48 0 0 4 0 0 0 0 0 8 0 0 5 1 27 101 249 249 255 239 249 252 254 255 253 255 245 250 111 0 0 1 0 0 0 0 14 0 2 0 0 3 141 247 255 246 237 255 228 98 109 195 253 249 255 255 221 7 3 1 0 0 0 0 0 0 4 5 0 19 170 245 241 255 172 32 7 0 6 18 236 242 255 237 255 0 0 1 0 0 0 0 10 7 0 0 7 145 236 255 255 144 79 0 10 12 0 75 232 255 255 236 231 3 0 11 0 0 0 0 0 0 1 8 107 255 255 251 144 7 9 0 0 0 20 153 242 255 255 255 225 5 0 0 0 0 0 0 12 0 1 0 162 255 246 229 86 6 0 10 0 0 138 255 255 248 244 255 238 0 3 0 0 0 0 0 0 0 17 55 238 255 255 210 0 0 0 0 36 123 238 253 248 254 249 252 246 0 12 4 0 0 0 0 1 6 0 61 213 239 255 205 7 5 10 15 135 244 255 249 189 255 253 252 233 0 0 0 0 0 0 0 12 0 0 10 151 253 253 216 3 0 13 119 255 246 247 152 56 255 255 237 135 8 0 16 0 0 0 0 0 10 16 0 136 255 237 243 162 77 130 253 243 255 201 12 64 253 249 255 218 7 0 0 0 0 0 0 5 0 0 0 73 236 255 255 234 255 255 254 255 241 53 2 50 247 250 255 242 2 3 1 0 0 0 0 0 6 0 15 0 72 217 247 255 231 255 212 132 55 0 6 51 255 255 249 216 5 0 1 0 0 0 0 0 16 0 5 3 0 79 124 104 131 132 25 0 0 13 0 48 255 246 248 234 11 2 0 0 0 0 0 17 0 0 0 11 5 11 0 0 5 0 0 5 0 3 14 57 255 242 249 249 0 15 2 0 0 0 0 9 0 14 11 0 1 10 0 0 11 0 12 8 0 0 0 62 230 255 252 236 4 0 0 0 0 0 0 0 14 0 6 4 0 0 5 4 0 4 5 0 0 7 0 8 151 255 252 244 130 2 9 0 0 0 0 0 0 0 0 0 0 0 0 0 0 0 0 0 0 0 0 0 9 148 245 251 255 71 5 0 0 0 0 0 0 0 0 0 0 0 0 0 0 0 0 0 0 0 0 15 0 12 164 251 192 18 0 0 0 0 0 0 0 0 0 0 0 0 0 0 0 0 0 0 0 0 0 0 4 0 8 0 0 6 0 0 0 0 0 0 0 0 0 0 0 0 0 0 0 0 0 0 0 0 0 4 0 1 2 0 0 26 0 0 0 0 0
0 0 0 0 0 0 0 0 9 3 0 0 0 3 5 4 7 3 0 14 4 0 2 1 0 0 0 0 0 0 0 0 0 0 0 0 0 0 10 12 5 0 0 0 0 0 0 0 0 0 13 0 0 0 0 0 0 0 0 0 0 0 0 0 3 0 0 0 0 2 5 6 0 15 9 7 6 0 0 0 0 0 0 0 0 0 0 0 0 0 0 0 0 0 0 0 0 0 0 0 0 0 0 0 4 0 0 8 0 0 0 0 0 0 0 0 0 0 0 0 0 1 7 5 0 0 8 17 10 4 0 0 0 8 4 5 0 0 0 0 0 0 0 0 0 0 0 0 6 0 0 0 0 0 0 0 0 0 18 5 0 7 4 0 0 0 0 0 0 0 0 0 0 0 0 0 0 0 0 0 5 8 10 10 13 0 0 5 0 0 1 0 0 0 0 0 0 0 0 0 0 0 0 0 0 6 7 0 0 61 169 255 173 24 0 6 3 2 0 4 0 0 0 0 0 0 0 0 0 0 0 0 4 1 0 13 67 204 200 250 195 1 10 0 4 1 0 0 0 0 0 0 0 0 0 0 0 0 0 0 2 0 34 171 254 50 93 227 43 6 0 0 18 2 0 7 0 0 0 0 0 0 0 0 0 0 0 0 0 16 164 240 233 148 109 26 21 95 62 0 0 0 0 0 0 0 0 0 0 0 0 0 0 0 0 0 0 216 255 113 2 7 0 19 241 255 203 18 3 3 16 0 0 0 0 0 0 0 0 0 0 0 0 0 10 135 210 0 0 11 21 246 247 255 146 0 4 0 0 0 0 0 0 0 0 0 0 0 0 0 0 0 0 155 237 106 107 180 255 178 70 241 74 0 6 2 3 12 0 0 0 0 0 0 0 0 0 0 0 0 0 55 167 250 245 200 102 0 50 255 78 2 0 0 0 0 0 0 0 0 0 0 0 0 0 0 0 0 0 0 22 72 39 0 5 0 171 243 69 1 0 6 0 3 0 0 0 0 0 0 0 0 0 0 0 0 0 0 3 6 5 0 0 1 218 240 24 0 2 0 8 0 0 0 0 0 0 0 0 0 0 0 0 0 0 2 1 0 0 11 0 19 243 190 14 0 6 0 1 0 0 0 0 0 0 0 0 0 0 0 0 0 1 1 0 0 0 10 0 84 254 105 0 0 6 0 0 1 0 0 0 0 0 0 0 0 0 0 0 0 2 0 0 12 0 0 0 179 245 38 0 2 1 0 0 1 0 0 0 0 0 0 0 0 0 0 0 0 2 0 0 12 0 0 25 243 207 10 9 7 0 2 2 0 0 0 0 0 0 0 0 0 0 0 0 0 1 3 0 0 0 14 64 255 126 0 6 2 0 2 7 0 0 0 0 0 0 0 0 0 0 0 0 0 0 5 0 0 0 7 82 253 51 0 0 0 0 0 5 2 0 0 0 0 0 0 0 0 0 0 0 0 0 1 3 10 4 0 78 255 28 8 0 5 6 0 0 0 0 0 0 0 0 0 0 0 0 0 0 0 2 6 0 0 2 0 46 255 56 0 14 13 0 3 0 0 0 0 0 0 0 0 0 0 0 0 0 0 0 3 7 7 1 0 26 203 159 13 0 0 0 11 0 7 0 0 0 0 0 0 0 0 0 0 0 0 1 0 0 2 2 0 0 80 190 56 11 16 9 1 0 0 0 0 0 0 0 0 0 0 0 0 0 0 9 0 0 0 0 2 0 0 7 0 0 4 0 0 0 10 0 0 0 0
0 0 0 0 0 0 0 0 7 0 0 0 0 1 11 0 0 9 0 0 19 0 0 11 0 0 0 0 0 0 0 0 0 0 0 0 0 0 2 12 5 0 0 0 0 0 0 0 0 4 13 0 0 0 0 0 0 0 0 0 0 0 0 0 12 7 0 0 4 9 6 7 0 3 2 0 0 7 0 10 0 0 0 0 0 0 0 0 0 0 0 0 0 7 6 0 2 0 0 0 6 4 0 0 8 0 0 16 0 0 0 0 0 0 0 0 0 0 0 0 4 2 0 0 14 6 0 17 0 0 14 4 2 14 15 0 0 0 0 0 0 0 0 0 0 0 0 0 3 2 4 6 0 0 19 69 183 255 168 32 0 0 0 15 0 0 0 0 0 0 0 0 0 0 0 0 0 5 7 0 6 102 211 255 204 219 230 243 33 0 34 0 0 0 0 0 0 0 0 0 0 0 0 0 2 6 0 11 129 255 215 54 3 3 36 232 74 0 0 3 0 0 0 0 0 0 0 0 0 0 0 0 0 11 10 193 251 85 21 2 0 37 133 70 6 1 0 0 0 0 0 0 0 0 0 0 0 0 0 0 18 0 141 226 79 2 10 0 18 173 243 45 0 0 2 3 0 0 0 0 0 0 0 0 0 0 0 0 0 59 238 136 0 0 15 8 104 255 197 11 8 0 0 4 0 0 0 0 0 0 0 0 0 0 0 0 3 134 215 26 25 0 0 49 220 255 44 0 13 0 0 0 0 0 0 0 0 0 0 0 0 0 0 0 0 157 251 46 0 9 99 227 255 193 0 1 0 1 7 0 0 0 0 0 0 0 0 0 0 0 0 0 0 85 253 255 204 255 243 255 237 67 10 3 0 3 0 4 0 0 0 0 0 0 0 0 0 0 0 0 6 0 103 236 220 196 204 246 123 0 0 1 2 5 0 4 0 0 0 0 0 0 0 0 0 0 0 0 0 10 2 19 15 22 224 244 14 12 0 6 0 9 3 0 0 0 0 0 0 0 0 0 0 0 0 0 0 0 4 15 0 118 251 122 1 2 2 0 0 0 1 3 0 0 0 0 0 0 0 0 0 0 0 0 6 4 0 0 47 255 227 36 0 0 0 0 1 1 1 1 0 0 0 0 0 0 0 0 0 0 0 0 3 0 4 18 145 255 88 0 0 0 0 0 3 4 1 0 0 0 0 0 0 0 0 0 0 0 0 0 0 0 2 70 237 180 12 10 7 2 0 0 2 4 2 0 0 0 0 0 0 0 0 0 0 0 0 0 23 0 6 182 255 65 0 11 14 7 0 0 0 3 2 0 0 0 0 0 0 0 0 0 0 0 0 0 0 3 87 240 154 47 141 179 14 8 1 0 0 1 1 0 0 0 0 0 0 0 0 0 0 0 0 0 0 34 185 249 216 233 169 36 4 3 1 0 0 0 0 0 0 0 0 0 0 0 0 0 0 0 0 0 4 11 250 255 246 171 7 0 0 0 1 2 1 0 0 0 0 0 0 0 0 0 0 0 0 0 0 0 0 27 254 207 147 11 4 3 0 0 0 0 0 0 0 0 0 0 0 0 0 0 0 0 0 0 0 0 20 0 16 6 0 0 0 0 0 0 0 0 0 0 0 0 0 0 0 0 0 0 0 0 0 0 0 0 7 0 0 9 0 15 4 16 0 0 0 0 0 0 0 0 0 0 0 0 0 0 0 0 0 0 0 0 0 2 5 0 4 0 0 0 0 0 0 0 0 0 0 0 0 0 0 0
0 0 0 0 0 0 0 0 10 1 0 0 0 0 0 1 0 0 1 0 0 0 0 1 0 0 0 0 0 0 0 0 0 0 0 0 0 0 1 5 4 2 2 4 1 0 0 0 3 4 0 0 0 0 0 0 0 0 0 0 0 0 0 0 0 0 3 1 0 0 0 0 0 4 7 2 0 0 2 12 0 0 0 0 0 0 0 0 0 0 0 0 0 3 1 0 0 0 0 0 11 0 0 0 4 7 0 0 0 0 0 0 0 0 0 0 0 0 0 0 0 0 0 0 2 7 6 1 0 0 0 2 8 8 4 0 0 0 0 0 0 0 0 0 0 0 0 0 1 0 0 4 5 0 0 0 12 13 10 2 0 0 0 5 0 0 0 0 0 0 0 0 0 0 0 0 4 0 0 5 1 0 0 10 0 0 0 0 2 3 2 2 0 0 0 0 0 0 0 0 0 0 0 0 3 0 0 4 0 0 20 55 161 224 255 217 101 6 0 2 0 0 0 0 0 8 0 3 9 0 5 0 0 0 2 0 99 212 240 255 246 255 228 209 241 56 0 0 0 0 0 0 0 3 3 5 0 0 5 0 0 1 60 190 244 203 193 89 61 79 47 82 255 54 10 6 0 0 0 0 0 0 7 4 0 6 2 0 8 80 232 245 129 13 0 8 0 43 114 12 143 23 2 0 0 0 0 0 4 0 1 0 5 6 0 19 120 239 155 6 13 1 0 0 22 161 245 7 0 11 3 5 0 0 0 0 3 7 0 0 7 0 0 107 255 106 32 0 1 0 3 1 101 252 190 0 0 10 0 3 0 0 0 0 0 13 1 0 7 0 59 232 180 13 16 0 0 12 0 74 227 255 147 0 5 5 0 0 0 0 0 0 0 6 0 6 2 0 116 255 98 0 0 12 0 1 121 215 255 244 132 1 0 7 5 10 0 0 0 0 2 0 0 11 0 0 125 240 227 144 137 132 182 245 251 215 235 255 55 3 12 0 0 0 0 0 0 0 0 9 0 0 10 0 15 109 200 241 255 255 208 165 77 25 238 179 12 1 0 5 5 0 0 0 0 0 0 6 0 0 15 0 0 20 3 24 35 43 11 9 12 108 250 144 2 3 0 0 2 0 0 0 0 0 1 7 0 0 4 4 0 0 5 0 0 4 0 0 0 137 250 90 0 6 5 0 0 1 0 0 0 0 1 4 4 0 0 3 11 5 0 7 7 2 0 3 24 216 214 38 0 5 5 0 1 0 0 0 0 0 0 0 6 8 0 0 2 0 0 2 2 0 0 10 95 255 147 6 0 2 2 0 4 0 0 0 0 0 5 0 0 4 1 0 0 0 9 0 0 4 0 0 137 236 76 0 3 0 0 0 4 0 0 0 0 0 6 1 0 0 0 3 5 4 0 0 2 10 0 0 226 233 25 0 1 0 4 0 0 1 0 0 0 0 0 10 12 1 0 0 0 0 0 6 0 4 5 36 255 128 1 7 0 0 8 0 0 5 0 0 0 0 0 0 0 0 0 0 0 0 0 5 5 0 0 137 248 140 0 0 0 0 0 0 0 0 0 0 0 0 0 0 0 0 0 0 0 0 25 0 0 14 5 129 241 128 0 0 0 0 0 0 0 0 0 0 0 0 0 0 0 0 0 0 0 0 0 6 18 0 0 149 233 86 0 0 0 0 0 0 0 0 0 0 0 0 0 0 0 0 0 0 0 0 12 0 0 3 4 0 2 1 0 0 0 0 0 0 0 0 0 0 0 0
0 0 0 0 0 0 0 0 6 0 0 0 8 0 0 2 0 0 0 0 0 0 2 0 0 0 0 0 0 0 0 0 0 0 0 0 0 0 4 0 4 11 7 0 6 1 0 4 4 0 0 0 0 0 0 0 0 0 0 0 0 0 0 0 17 1 0 0 1 0 0 0 3 0 0 2 4 0 0 1 0 0 0 0 0 0 0 0 0 0 0 0 0 6 5 5 0 0 9 5 0 0 0 0 0 0 1 5 0 0 0 0 0 0 0 0 0 0 0 0 11 0 0 10 11 0 1 0 0 7 11 1 0 0 1 0 0 0 0 0 0 0 0 0 0 0 0 0 2 0 0 0 0 0 24 2 0 0 4 1 1 4 0 0 0 0 0 0 0 0 0 0 0 0 0 0 0 5 2 0 99 172 193 43 19 0 0 0 4 2 0 0 0 0 0 0 0 0 0 0 0 0 0 0 0 13 96 167 255 240 255 205 77 23 0 0 7 0 0 6 0 0 0 0 4 0 0 2 3 1 0 1 1 173 253 245 255 208 142 247 106 66 147 31 0 0 0 0 0 0 0 0 4 0 0 1 0 0 0 0 108 255 255 206 74 0 0 83 106 247 255 144 13 0 0 3 0 0 0 0 2 0 0 1 0 0 0 7 161 255 165 21 8 0 21 56 184 255 237 163 0 0 14 0 0 0 0 0 0 0 1 3 0 0 8 18 255 251 121 48 14 39 55 247 255 241 255 150 13 0 0 5 0 0 0 0 0 0 1 3 0 0 8 18 244 240 255 241 255 255 242 255 254 255 252 56 3 6 0 9 0 0 0 0 2 0 0 1 0 0 0 7 140 253 250 255 239 255 250 255 252 246 170 0 0 12 6 0 0 0 0 0 4 0 0 1 0 0 0 0 0 171 221 188 205 208 192 158 255 254 187 43 5 0 10 0 0 0 0 0 4 0 0 2 3 1 0 1 16 0 2 28 0 0 0 76 251 255 175 0 8 0 0 11 0 0 0 0 0 0 0 0 0 0 0 0 3 0 4 6 1 0 14 68 255 250 119 0 16 0 0 3 0 0 0 0 0 0 0 0 0 0 0 0 4 0 2 0 0 0 0 38 238 236 71 0 0 0 0 5 0 0 0 0 0 0 0 0 0 0 0 0 0 0 0 0 6 3 0 81 247 248 37 0 0 3 0 0 0 0 0 0 0 0 0 0 0 0 0 0 0 0 0 1 13 0 4 171 255 255 28 8 0 1 0 0 0 0 0 0 0 0 0 0 0 0 0 0 0 4 0 0 6 0 0 207 253 255 27 4 7 0 6 0 0 0 0 0 0 0 0 0 0 0 0 0 0 9 2 0 1 6 2 196 250 250 34 0 8 0 5 0 0 0 0 0 0 0 0 0 0 0 0 0 0 5 0 0 0 14 3 195 255 255 42 0 1 0 1 0 0 0 0 0 0 0 0 0 0 0 0 0 5 0 0 3 0 0 0 204 255 253 37 0 0 10 1 1 0 0 0 0 0 0 0 0 0 0 0 0 3 0 16 1 0 0 16 196 255 192 20 8 0 0 17 0 0 0 0 0 0 0 0 0 0 0 0 0 7 0 7 0 6 0 0 97 156 109 3 6 0 0 4 0 0 0 0 0 0 0 0 0 0 0 0 0 4 0 2 0 4 4 0 10 14 10 0 1 0 4 9 5 0 0 0 0 0 0 0 0 0 0 0 0 0 2 1 0 0 0 3 0 0 0 3 1 0 0 0 0 0 0 0 0
0 0 0 0 0 0 0 0 1 0 11 0 0 0 0 8 0 0 4 0 0 3 6 0 0 0 0 0 0 0 0 0 0 0 0 0 1 0 5 2 5 11 0 0 4 5 4 0 0 0 0 7 0 0 0 0 0 0 0 0 0 0 0 0 8 0 0 0 0 9 1 13 0 0 0 2 6 0 0 2 0 0 0 0 0 0 0 0 0 0 0 0 0 2 5 0 2 0 0 0 0 2 0 0 11 8 0 0 0 0 0 0 0 0 0 0 0 0 0 0 0 0 0 4 7 4 5 6 3 11 5 0 0 2 2 0 0 0 0 0 0 0 0 0 0 0 0 0 7 0 0 0 0 0 3 0 0 0 7 6 0 0 5 0 0 0 0 0 0 0 0 0 0 0 0 0 0 0 0 14 0 0 24 3 23 0 0 15 0 0 7 0 0 0 0 0 0 0 0 0 0 0 0 0 10 0 0 8 0 54 181 215 118 17 0 7 0 0 12 0 0 0 0 0 2 2 0 9 0 2 4 0 5 0 4 77 206 243 255 251 255 104 1 0 3 0 0 7 0 0 0 0 0 3 0 8 0 3 0 0 14 89 217 255 234 248 237 216 255 167 1 0 0 0 18 0 0 0 0 0 0 3 0 6 0 0 0 19 197 245 255 214 63 42 21 0 114 255 144 20 3 0 1 0 0 0 0 0 0 1 0 5 0 0 19 103 246 176 22 1 19 0 3 97 229 255 239 57 0 12 11 0 0 0 0 0 3 0 0 6 0 0 56 213 233 15 0 0 16 35 136 129 47 165 255 53 0 0 0 3 0 0 0 0 1 0 0 6 3 4 72 255 178 0 21 0 0 20 17 0 58 249 231 0 13 13 0 0 0 0 0 0 0 0 0 2 4 1 48 241 228 27 0 5 0 0 0 34 219 255 163 9 4 0 5 5 0 0 0 0 0 6 2 0 1 0 13 184 255 182 31 30 30 124 172 227 255 246 115 0 0 9 0 3 0 0 0 0 0 2 1 0 0 0 10 19 212 243 255 246 255 255 239 188 151 255 26 6 0 0 6 0 0 0 0 0 0 1 2 0 0 0 4 9 4 97 190 208 162 93 31 0 165 255 49 2 1 1 1 0 0 0 0 0 0 0 3 2 0 0 0 0 0 0 4 8 5 0 0 0 168 255 54 0 2 1 0 1 0 0 0 0 0 0 2 2 0 0 0 0 0 0 0 0 3 0 2 8 171 255 42 0 4 0 1 2 0 0 0 0 0 0 0 0 0 0 0 1 3 8 11 7 0 0 0 4 165 255 40 5 5 0 1 0 0 0 0 0 0 0 0 0 0 0 2 4 0 0 0 0 2 10 4 0 123 252 71 4 1 0 5 0 0 0 0 0 0 0 0 0 0 1 1 1 0 3 7 4 0 0 0 2 81 242 152 0 0 0 5 1 0 0 0 0 0 0 0 0 1 0 0 0 7 0 0 3 7 1 0 1 75 254 237 4 0 3 0 0 0 0 0 0 0 0 0 0 0 0 0 0 0 0 0 0 0 0 0 0 53 255 230 2 1 0 0 4 0 0 0 0 0 0 0 0 0 0 0 0 0 0 0 0 0 0 0 0 0 236 254 26 0 10 12 0 0 0 0 0 0 0 0 0 0 0 0 0 0 0 0 0 0 0 0 0 12 179 208 50 0 0 2 1 0 0 0 0 0 0 0 0 0 0 0 0 0 0 0 0 0 0 0 0 0 0 0 0 6 5 7 0 0 0 0 0
0 0 0 0 0 0 0 0 1 1 1 2 4 3 2 1 0 13 0 0 9 0 0 10 0 0 0 0 0 0 0 0 0 0 0 0 2 1 0 0 0 0 0 0 0 2 6 2 1 11 11 0 0 0 0 0 0 0 0 0 0 0 0 0 0 0 2 3 2 2 2 3 18 0 0 8 0 0 0 0 0 0 0 0 0 0 0 0 0 0 0 0 2 2 1 0 0 0 0 0 0 0 0 0 0 5 10 3 0 0 0 0 0 0 0 0 0 0 0 0 3 0 0 0 0 4 7 7 0 9 3 2 11 0 0 3 0 0 0 0 0 0 0 0 0 0 0 0 0 1 4 3 0 0 0 0 7 0 0 4 0 0 18 0 0 0 0 0 0 0 0 0 0 0 0 0 3 8 7 0 0 2 31 56 134 255 167 60 140 110 0 0 0 0 0 0 0 0 0 0 0 0 0 0 0 0 0 0 16 90 193 255 255 255 241 251 255 148 16 0 0 0 0 0 0 4 4 0 0 13 0 6 0 15 0 64 194 246 255 201 141 144 255 253 251 170 5 0 0 0 0 0 1 0 0 0 0 8 3 0 14 14 132 255 237 199 103 11 3 7 247 245 255 167 3 8 0 0 0 0 3 0 0 1 0 0 4 0 32 218 255 239 151 0 0 11 5 0 255 255 215 67 0 0 0 0 0 0 0 0 0 5 0 0 0 20 193 252 242 186 12 10 0 0 6 80 241 250 138 0 22 6 0 0 0 0 0 1 0 5 0 0 0 118 252 250 144 0 0 8 6 13 108 246 254 238 93 0 0 0 0 0 0 0 0 3 0 0 0 10 59 223 254 188 12 0 30 96 178 241 244 255 255 254 66 0 5 9 0 0 0 0 1 1 0 0 2 3 142 255 255 35 36 108 224 249 255 255 250 239 248 185 14 0 0 0 0 0 0 0 0 0 0 0 8 0 194 248 255 216 255 255 253 255 241 88 112 255 250 61 0 6 1 0 0 0 0 0 0 4 0 0 0 10 117 255 255 250 255 255 211 82 35 0 196 255 228 0 6 0 7 0 0 0 0 0 0 6 0 0 1 0 34 111 206 212 144 40 15 16 5 5 239 255 226 0 7 0 0 0 0 0 0 0 0 6 0 0 6 0 0 1 0 23 22 0 0 1 0 42 233 255 232 0 0 0 14 8 0 0 0 0 0 6 3 0 4 2 0 1 8 0 0 0 11 0 67 234 255 165 80 0 12 0 0 0 0 0 0 0 0 3 1 0 0 0 1 11 3 0 8 1 0 0 137 250 255 123 0 0 12 2 0 0 0 0 0 0 3 0 0 2 5 1 0 0 0 0 5 0 1 75 230 255 242 128 11 2 0 7 14 4 0 0 0 0 0 0 0 2 4 7 3 0 6 1 0 0 10 155 255 255 221 43 0 0 6 3 0 0 0 0 0 0 0 0 4 0 0 1 8 0 1 10 0 0 15 211 255 252 148 0 15 0 3 8 0 8 0 0 0 0 0 0 0 0 0 0 0 0 1 0 0 0 38 255 255 245 29 12 0 0 3 2 0 0 0 0 0 0 0 0 0 0 0 0 0 0 7 0 10 0 20 233 229 118 11 1 0 0 3 2 0 0 0 0 0 0 0 0 0 0 0 0 0 0 3 0 0 4 0 6 0 1 0 0 0 0 3 1 0 0 0 0 0 0 0 0 0 0 0 0 0 0 0 9 0 0 16 0 0 14 0 0 2 4 2 0 0 0 0 0 0 0
0 0 0 0 0 0 0 0 3 0 4 0 0 0 3 0 0 2 7 0 0 1 0 8 0 0 0 0 0 0 0 0 0 0 0 0 0 0 0 8 2 0 0 3 9 0 0 2 9 6 0 0 0 0 0 0 0 0 0 0 0 0 0 0 0 10 0 5 1 15 0 1 1 0 2 2 0 0 3 6 0 0 0 0 0 0 0 0 0 0 0 0 0 8 0 0 0 0 0 0 0 0 0 1 0 11 13 0 0 0 0 0 0 0 0 0 0 0 0 0 6 0 0 0 9 0 0 16 3 14 3 1 0 0 12 4 0 0 0 0 0 0 0 0 0 0 0 0 0 0 12 4 0 3 6 0 0 1 0 3 13 0 0 1 0 0 0 0 0 0 0 0 0 0 0 0 16 4 0 18 27 151 225 247 255 211 59 0 3 1 4 0 0 0 0 0 0 0 0 0 0 0 0 0 0 0 37 211 200 253 240 255 244 255 129 9 0 0 10 2 0 0 0 0 0 0 0 0 0 0 0 0 2 36 213 254 248 249 249 240 236 208 84 0 0 1 8 0 0 0 0 0 0 0 0 0 0 0 0 0 10 195 255 244 249 100 96 15 0 0 2 0 4 4 0 0 0 0 0 0 0 0 0 0 0 0 0 0 0 246 255 211 38 3 0 6 14 0 0 8 0 0 0 10 0 0 0 0 0 0 0 0 0 0 0 0 4 251 253 65 10 4 18 140 250 142 2 0 8 19 3 0 0 0 0 0 0 0 0 0 0 0 0 0 0 255 243 10 15 0 149 255 248 211 25 0 1 0 1 12 0 0 0 0 0 0 0 0 0 0 0 0 4 255 245 193 157 213 255 244 239 223 3 0 17 0 4 0 0 0 0 0 0 0 0 0 0 0 0 0 2 212 255 242 243 255 240 255 255 233 24 6 4 0 1 5 0 0 0 0 0 0 0 0 0 0 0 0 0 98 206 255 250 255 253 249 250 183 1 3 2 0 4 0 0 0 0 0 0 0 0 0 0 0 0 0 0 1 43 152 159 92 59 243 252 181 14 0 5 0 0 2 0 0 0 0 0 0 0 0 0 0 0 0 5 0 0 6 0 6 76 250 241 56 0 2 0 0 11 0 0 0 0 0 0 0 0 0 0 0 0 0 0 5 12 0 0 8 182 255 228 0 6 14 6 0 11 0 0 0 0 0 0 0 0 0 0 0 0 0 0 0 0 0 12 9 249 246 144 0 6 0 5 0 2 4 0 0 0 0 0 0 0 0 0 0 0 0 12 13 0 11 4 71 255 250 102 14 1 0 5 0 0 4 0 0 0 0 0 0 0 0 0 0 0 0 0 0 0 6 0 182 247 255 100 27 0 14 7 0 4 0 0 0 0 0 0 0 0 0 0 0 0 0 0 10 0 0 66 255 255 242 34 0 0 0 1 0 6 0 0 0 0 0 0 0 0 0 0 0 0 0 0 10 0 0 167 251 243 130 0 7 13 0 7 1 0 7 0 0 0 0 0 0 0 0 0 0 0 0 0 9 8 0 174 251 247 52 0 0 0 0 0 0 0 0 0 0 0 0 0 0 0 0 0 0 0 0 21 0 0 17 70 255 61 0 0 0 0 0 0 0 0 0 0 0 0 0 0 0 0 0 0 0 0 0 0 10 13 0 0 9 14 5 0 0 0 0 0 0 0 0 0 0 0 0 0 0 0 0 0 0 0 0 9 7 0 0 7 0 8 0 0 0 0 0 0 0 0 0 0 0 0 0
0 0 0 0 0 0 0 0 0 10 0 0 0 7 3 0 0 5 3 0 0 0 3 0 0 0 0 0 0 0 0 0 0 0 0 0 1 2 0 5 4 9 1 0 0 0 4 16 11 0 0 9 0 0 0 0 0 0 0 0 0 0 0 0 0 1 8 6 0 0 0 6 10 5 0 0 0 2 1 0 0 0 0 0 0 0 0 0 0 0 0 0 1 0 0 0 7 7 5 0 2 0 0 17 14 0 0 21 0 0 0 0 0 0 0 0 0 0 0 0 2 9 11 6 0 0 0 0 4 1 0 0 0 0 0 0 0 0 0 0 0 0 0 0 0 0 0 0 0 2 0 2 0 0 0 12 0 0 2 0 0 4 5 2 0 0 0 0 0 0 0 0 0 0 0 0 7 0 0 124 198 255 245 248 255 137 18 0 3 1 0 0 0 0 0 0 0 0 0 0 0 0 0 0 0 13 58 218 252 255 201 205 213 255 213 71 0 0 15 0 0 0 0 0 0 0 0 0 0 0 0 0 0 56 235 255 221 47 27 1 15 97 239 138 15 3 0 4 0 0 0 0 0 0 0 0 0 0 0 0 0 154 252 205 21 4 8 0 0 2 111 89 0 2 10 0 0 0 0 0 0 0 0 0 0 0 0 0 66 246 233 79 0 10 0 0 7 0 67 255 159 0 1 0 0 0 0 0 0 0 0 0 0 0 0 0 108 255 207 0 14 0 0 10 0 10 220 246 244 0 0 8 0 0 0 0 0 0 0 0 0 0 0 0 109 251 193 1 0 7 0 0 56 144 255 235 131 9 0 10 0 0 0 0 0 0 0 0 0 0 0 0 113 253 187 7 0 0 14 92 210 255 255 255 93 0 17 0 0 0 0 0 0 0 0 0 0 0 0 0 62 243 211 8 3 22 116 251 255 255 246 158 0 24 0 0 0 0 0 0 0 0 0 0 0 0 0 0 0 201 240 105 98 214 255 251 254 241 255 52 4 0 0 4 0 0 0 0 0 0 0 0 0 0 0 0 0 59 251 255 242 255 253 207 255 241 167 13 0 0 12 0 0 0 0 0 0 0 0 0 0 0 0 0 0 7 105 228 185 141 18 200 250 238 60 11 2 0 3 1 0 0 0 0 0 0 0 0 0 0 0 0 5 0 0 0 18 4 0 208 255 166 0 6 0 0 1 1 0 0 0 0 0 0 0 0 0 0 0 0 7 10 0 2 0 10 148 254 247 47 0 0 0 1 4 0 0 0 0 0 0 0 0 0 0 0 0 0 0 0 29 0 1 25 252 255 175 0 12 0 0 5 0 0 0 0 0 0 0 0 0 0 0 0 0 0 14 12 0 3 0 185 255 237 67 4 0 1 6 3 0 7 0 0 0 0 0 0 0 0 0 0 0 0 6 0 0 14 114 255 244 121 4 15 0 3 3 0 0 5 0 0 0 0 0 0 0 0 0 0 0 0 0 7 6 0 140 250 255 48 0 0 5 4 0 0 8 0 0 0 0 0 0 0 0 0 0 0 0 0 0 0 2 0 230 249 200 20 0 0 0 0 0 0 0 0 0 0 0 0 0 0 0 0 0 0 0 0 12 6 0 0 181 230 76 0 0 0 0 0 0 0 0 0 0 0 0 0 0 0 0 0 0 0 0 0 0 9 0 1 0 12 1 6 0 0 0 0 0 0 0 0 0 0 0 0 0 0 0 0 0 0 0 0 15 6 0 7 0 0 21 0 0 0 0 0 0 0 0 0 0 0 0 0
0 0 0 0 0 0 0 0 0 8 0 0 14 4 0 8 4 0 0 0 0 6 6 0 0 0 0 0 0 0 0 0 0 0 0 0 0 0 11 3 0 0 8 0 0 3 7 6 1 0 0 0 0 0 0 0 0 0 0 0 0 0 0 0 1 0 0 1 4 0 0 15 0 0 0 0 3 0 0 8 0 0 0 0 0 0 0 0 0 0 0 0 0 0 8 7 0 3 3 0 0 3 0 0 1 2 0 2 0 0 0 0 0 0 0 0 0 0 0 0 5 8 0 0 6 0 0 22 1 9 5 0 0 4 0 0 0 0 0 0 0 0 0 0 0 0 0 0 0 0 3 3 0 0 0 0 0 0 8 8 0 0 5 0 0 0 0 0 0 0 0 0 0 0 0 0 12 0 16 3 0 150 255 149 29 0 0 11 0 0 10 2 0 0 0 0 0 0 0 0 0 0 0 0 3 1 0 41 169 248 255 255 104 12 0 13 0 0 8 0 0 0 0 0 1 3 0 0 0 3 6 0 0 50 170 220 244 255 252 255 255 89 160 61 12 0 15 0 0 0 0 0 0 0 0 2 4 0 0 0 17 216 240 255 253 185 179 174 54 168 255 244 72 8 0 13 0 0 0 0 0 0 0 4 6 0 0 13 111 249 255 225 106 18 13 1 66 238 255 255 77 0 0 4 0 0 0 0 6 0 0 0 3 0 4 52 255 231 212 98 0 0 0 0 194 255 255 225 42 0 16 0 0 0 0 0 8 0 0 0 2 0 7 77 255 255 126 0 2 0 12 47 250 252 250 165 0 7 6 0 0 0 0 0 2 0 3 0 4 0 0 75 255 245 124 0 10 6 0 170 255 250 231 39 0 11 0 0 0 0 0 0 0 0 7 0 3 0 0 70 244 255 5 0 12 15 164 254 242 255 224 2 15 0 0 9 0 0 0 0 0 0 7 0 0 2 0 75 255 243 20 5 76 236 255 245 253 255 132 1 0 2 0 0 0 0 0 0 0 0 0 0 0 2 5 6 212 255 139 144 254 253 249 254 255 241 23 0 15 3 0 5 0 0 0 0 1 0 0 0 0 1 3 5 115 239 250 255 248 255 242 255 242 158 4 0 0 0 0 1 0 0 0 0 2 1 0 0 0 0 1 2 0 252 247 254 176 111 224 233 255 91 7 16 0 0 11 0 0 0 0 0 3 2 0 0 0 0 0 0 0 0 126 0 17 104 250 255 245 29 0 0 0 0 1 0 0 0 0 0 2 2 1 0 0 0 0 0 0 19 0 0 10 187 234 250 161 1 5 0 2 14 10 4 0 0 0 0 1 1 0 0 0 0 0 0 4 0 0 1 0 169 255 255 43 0 2 0 0 0 0 0 0 0 0 0 0 0 0 0 0 0 0 0 8 8 0 0 36 237 244 237 13 5 11 8 7 0 6 3 0 0 0 0 0 0 0 0 0 0 0 0 0 0 16 0 43 254 249 228 12 9 0 0 1 0 13 0 0 0 0 0 0 0 0 0 0 0 0 0 0 6 0 1 30 221 255 157 0 0 0 0 0 0 0 0 0 0 0 0 0 0 0 0 0 0 0 0 6 5 6 0 3 188 208 36 0 0 0 0 0 0 0 0 0 0 0 0 0 0 0 0 0 0 0 0 1 0 0 4 0 1 9 0 0 0 0 0 0 0 0 0 0 0 0 0 0 0 0 0 0 0 0 0 5 5 2 0 16 0 0 6 0 0 0 0 0 0 0 0 0 0 0 0
0 0 0 0 0 0 0 0 3 0 0 2 3 0 0 0 1 0 0 2 2 0 0 1 0 0 0 0 0 0 0 0 0 0 0 0 0 1 1 0 0 0 5 11 5 4 0 0 0 8 5 0 0 0 0 0 0 0 0 0 0 0 0 0 3 3 0 0 8 16 5 0 0 0 6 15 5 0 0 3 0 0 0 0 0 0 0 0 0 0 0 0 0 2 3 0 0 0 0 7 17 1 0 0 0 0 1 4 0 0 0 0 0 0 0 0 0 0 0 0 0 0 0 9 12 2 0 1 0 1 3 0 0 6 4 0 0 0 0 0 0 0 0 0 0 0 0 0 7 0 0 0 2 0 0 3 15 0 0 3 5 0 0 0 0 0 0 0 0 0 0 0 0 0 0 0 0 6 1 0 0 35 95 134 178 99 24 2 3 0 0 8 0 0 0 0 0 0 0 0 0 0 0 0 0 0 0 33 130 233 255 245 251 255 207 86 4 0 6 0 0 0 0 0 7 0 8 0 0 13 0 5 0 9 70 214 246 247 255 247 241 255 253 255 59 0 0 1 0 0 0 0 7 0 2 7 0 0 0 0 8 156 225 244 252 255 200 251 255 247 234 255 93 0 4 0 0 0 0 0 0 0 0 10 0 0 10 0 142 255 255 235 158 89 8 75 251 255 251 233 58 0 7 0 0 0 0 0 0 7 0 0 0 9 6 41 242 248 200 102 11 0 5 212 243 255 255 178 0 0 0 0 0 0 0 0 0 8 1 0 0 3 0 130 246 255 101 0 2 10 126 255 255 239 248 106 0 7 0 10 0 0 0 0 2 0 2 0 5 0 0 208 252 243 173 104 171 226 244 245 255 242 255 39 3 0 2 0 0 0 0 0 0 0 0 8 0 6 0 166 250 255 249 255 255 246 255 249 243 255 243 3 0 0 6 0 0 0 0 0 0 7 0 3 0 12 0 53 239 252 254 252 247 202 136 209 249 252 153 0 0 4 0 6 0 0 0 0 0 0 0 0 0 0 0 0 108 179 155 121 103 21 0 169 251 255 132 0 4 7 6 0 0 0 0 0 0 0 0 0 0 0 0 0 0 12 0 0 9 0 0 160 246 255 141 1 0 0 0 1 0 0 0 0 0 0 0 0 0 0 0 0 8 0 0 5 4 0 17 155 248 255 140 2 0 0 0 3 0 0 0 0 0 0 0 0 0 0 0 0 1 0 3 10 0 0 6 163 252 250 124 0 3 5 4 0 0 0 0 0 0 0 0 0 0 0 0 0 0 3 4 0 2 0 29 237 250 245 118 0 0 1 0 0 0 0 0 0 0 0 0 0 0 0 0 0 1 9 0 0 7 2 24 254 251 253 131 0 0 0 0 4 0 0 0 0 0 0 0 0 0 0 0 0 0 0 2 0 12 7 24 252 255 255 133 2 3 0 2 8 0 0 0 0 0 0 0 0 0 0 0 0 3 0 10 0 0 0 23 249 255 244 115 0 4 3 2 0 0 0 0 0 0 0 0 0 0 0 0 0 5 0 15 0 0 0 41 247 255 200 11 6 0 0 6 0 0 0 0 0 0 0 0 0 0 0 0 0 5 0 5 0 7 3 9 129 157 117 4 10 2 0 4 0 0 0 0 0 0 0 0 0 0 0 0 0 0 0 0 0 9 4 0 20 10 1 0 0 0 0 10 0 0 0 0 0 0 0 0 0 0 0 0 0 0 5 1 1 3 0 0 0 0 0 11 2 0 0 8 0 0 0 0 0
0 0 0 0 0 0 0 0 4 4 3 0 0 0 0 1 0 0 0 1 2 3 2 0 0 0 0 0 0 0 0 0 0 0 0 0 0 0 0 4 6 5 3 1 8 0 0 3 0 0 0 4 0 0 0 0 0 0 0 0 0 0 0 0 15 9 1 0 0 0 0 0 0 0 0 2 0 0 0 0 0 0 0 0 0 0 0 0 0 0 0 0 0 0 0 5 9 10 7 4 3 8 5 0 0 6 6 0 0 0 0 0 0 0 0 0 0 0 0 0 2 0 0 0 0 0 0 0 2 0 0 0 0 3 6 4 0 0 0 0 0 0 0 0 0 0 0 0 2 3 4 3 2 2 5 8 7 0 1 15 13 0 0 0 0 0 0 0 0 0 0 0 0 0 0 0 0 0 4 3 0 0 0 0 0 0 5 0 0 0 7 16 0 0 0 0 0 0 0 0 0 0 0 0 3 0 0 10 50 120 199 252 255 255 195 74 0 0 6 0 0 0 0 0 5 0 0 5 0 3 0 2 1 6 0 90 218 255 252 226 214 235 255 204 0 0 0 5 0 0 0 0 0 8 0 0 18 0 0 9 1 6 134 255 242 141 82 0 0 1 184 241 22 0 16 1 0 0 0 0 0 5 10 0 2 0 16 0 15 185 255 231 101 2 2 0 8 91 252 221 28 0 0 0 0 0 0 0 0 0 5 0 0 0 11 6 130 246 169 42 0 10 28 140 201 244 232 65 0 13 0 10 0 0 0 0 4 8 0 0 17 0 0 129 248 239 13 0 32 78 241 243 255 241 255 110 0 12 5 0 0 0 0 0 0 0 0 0 2 4 85 248 234 51 13 42 197 255 246 179 49 96 255 187 5 0 2 0 0 0 0 0 0 0 14 5 0 17 213 255 226 124 202 250 255 156 30 7 0 67 242 169 0 4 2 1 0 0 0 0 7 0 0 0 9 0 232 245 251 255 237 192 30 0 4 0 7 61 249 195 0 0 0 0 0 0 0 0 8 0 0 4 0 0 50 118 125 119 45 0 14 0 2 7 0 196 255 91 0 10 1 0 0 0 0 0 4 0 0 6 4 0 4 18 5 6 3 0 0 8 0 0 82 240 204 19 6 0 0 4 0 0 0 0 2 4 1 0 0 3 0 0 0 0 6 11 0 10 0 40 206 241 86 0 0 5 0 7 0 0 0 0 0 3 2 0 0 4 9 4 1 12 0 0 7 0 19 177 255 142 0 9 0 8 1 0 0 0 0 0 0 0 3 5 2 0 1 4 0 5 0 0 8 0 113 255 210 23 0 0 13 0 15 0 0 0 0 0 7 0 0 2 6 0 0 0 4 2 13 0 1 75 230 240 72 0 4 0 8 0 0 2 0 0 0 0 9 0 0 0 0 1 3 7 0 0 5 0 18 185 255 128 0 13 0 0 0 12 0 4 0 0 0 0 0 0 7 5 0 0 0 0 8 0 6 0 63 255 210 0 0 15 0 0 6 0 5 0 0 0 0 0 0 0 0 0 0 0 0 0 3 0 8 28 203 252 83 0 0 0 0 0 0 0 0 0 0 0 0 0 0 0 0 0 0 0 0 0 14 0 0 50 255 197 16 6 0 0 0 0 0 0 0 0 0 0 0 0 0 0 0 0 0 0 0 0 0 5 25 73 244 135 0 0 0 0 0 0 0 0 0 0 0 0 0 0 0 0 0 0 0 0 0 0 3 0 0 0 23 0 5 1 0 0 0 0 0 0 0 0 0 0 0 0
0 0 0 0 0 0 0 0 6 3 0 0 0 2 3 0 1 0 0 0 3 8 0 6 0 0 0 0 0 0 0 0 0 0 0 0 0 0 5 10 4 0 0 3 9 3 18 10 2 0 0 6 0 0 0 0 0 0 0 0 0 0 0 0 1 0 2 6 0 0 0 4 0 0 0 0 0 0 2 14 0 0 0 0 0 0 0 0 0 0 0 0 2 0 0 0 0 3 3 3 9 0 9 13 7 6 0 0 0 0 0 0 0 0 0 0 0 0 0 0 0 7 8 1 2 8 3 0 3 0 0 0 0 0 7 4 0 0 0 0 0 0 0 0 0 0 0 0 0 0 1 0 0 0 7 7 0 12 2 0 3 0 0 1 0 0 0 0 0 0 0 0 0 0 0 0 12 0 0 6 10 1 0 0 0 16 0 0 17 6 0 0 0 0 0 0 0 0 0 0 0 0 0 0 0 0 43 150 236 255 255 255 255 224 76 0 1 0 0 11 0 0 0 0 0 0 0 0 0 0 0 0 0 110 229 255 255 253 238 255 250 246 239 0 6 0 1 0 0 0 0 0 0 0 0 0 0 0 0 0 66 248 255 206 163 87 54 79 143 255 255 61 0 1 0 4 0 0 0 0 0 0 0 0 0 0 0 0 113 255 228 15 12 0 0 0 60 255 255 91 1 0 0 3 0 0 0 0 0 0 0 0 0 0 0 0 201 242 243 0 6 0 0 16 88 255 255 48 10 0 4 0 0 0 0 0 0 0 0 0 0 0 0 0 179 238 233 0 0 19 0 0 175 253 221 1 7 1 0 0 0 0 0 0 0 0 0 0 0 0 0 0 92 255 243 97 5 0 0 74 237 255 175 0 0 12 0 10 0 0 0 0 0 0 0 0 0 0 0 0 30 182 241 255 125 7 32 193 255 253 135 5 0 8 0 6 0 0 0 0 0 0 0 0 0 0 0 0 2 36 158 252 255 246 235 247 255 246 112 1 0 0 11 0 0 0 0 0 0 0 0 0 0 0 0 0 0 12 13 120 232 255 245 246 255 245 44 17 0 0 0 5 0 0 0 0 0 0 0 0 0 0 0 0 3 9 0 0 30 60 100 188 255 220 11 0 0 1 0 0 0 0 0 0 0 0 0 0 0 0 0 0 0 4 1 0 0 0 5 114 252 208 0 0 1 5 0 0 0 0 0 0 0 0 0 0 0 0 0 0 2 0 11 11 9 12 0 111 252 211 5 3 2 0 0 8 0 0 0 0 0 0 0 0 0 0 0 0 3 0 6 0 0 0 0 131 251 210 4 1 0 0 0 4 0 0 0 0 0 0 0 0 0 0 0 0 2 0 9 3 0 5 0 114 255 211 0 0 0 4 0 0 0 0 0 0 0 0 0 0 0 0 0 0 9 0 0 0 0 8 1 101 255 222 13 0 0 5 2 0 0 0 0 0 0 0 0 0 0 0 0 0 0 4 2 1 0 1 1 96 251 233 33 9 0 0 0 5 0 0 0 0 0 0 0 0 0 0 0 0 1 3 0 0 5 7 0 186 247 186 0 0 5 0 0 4 0 0 0 0 0 0 0 0 0 0 0 0 0 1 0 7 0 0 10 218 255 30 0 11 3 0 11 0 0 0 0 0 0 0 0 0 0 0 0 0 0 2 0 9 1 0 7 131 147 0 8 0 0 0 6 5 0 0 0 0 0 0 0 0 0 0 0 0 0 11 0 1 2 8 0 10 2 25 0 0 2 0 0 8 0 0 0 0
0 0 0 0 0 0 0 0 5 0 0 1 3 1 0 0 0 0 8 4 0 0 7 1 0 0 0 0 0 0 0 0 0 0 0 0 0 5 7 0 0 1 7 4 3 0 0 0 0 0 4 0 0 0 0 0 0 0 0 0 0 0 0 0 1 0 0 1 8 4 0 0 7 0 6 13 1 0 0 0 0 0 0 0 0 0 0 0 0 0 0 0 4 3 2 0 0 0 0 9 0 0 0 2 0 0 2 3 0 0 0 0 0 0 0 0 0 0 0 0 0 0 3 0 4 17 10 0 12 0 0 0 0 6 8 0 0 0 0 0 0 0 0 0 0 0 0 0 9 0 0 3 0 0 0 5 0 0 4 7 0 0 3 0 0 0 0 0 0 0 0 0 0 0 0 0 0 3 58 159 230 221 165 121 33 1 0 1 0 0 1 10 0 0 0 0 0 0 0 0 0 0 0 0 7 148 255 255 241 249 255 252 216 96 4 0 7 2 0 0 0 0 0 0 0 3 2 3 0 0 8 1 149 250 255 144 86 74 89 143 248 255 97 0 12 0 0 7 0 0 0 0 4 2 0 1 3 0 0 23 255 252 86 0 6 15 0 7 63 252 144 5 4 0 0 0 0 0 0 0 1 4 0 1 2 4 0 92 238 180 6 0 7 0 0 0 0 255 154 0 0 0 0 8 0 0 0 0 0 8 0 3 0 3 3 167 255 112 0 0 12 0 14 4 17 228 68 0 7 11 0 0 0 0 0 0 0 8 0 3 0 3 3 167 248 122 11 5 0 8 0 0 155 207 0 0 11 4 0 0 0 0 0 0 1 4 0 1 2 4 0 92 255 148 0 17 0 0 6 179 255 217 0 2 0 0 1 10 0 0 0 0 4 2 0 1 3 0 0 23 233 255 95 0 11 131 181 249 241 173 0 8 0 0 2 0 0 0 0 0 0 3 2 3 0 0 8 1 118 251 255 181 242 253 255 171 255 172 0 0 0 4 3 0 0 0 0 0 0 0 0 0 0 0 0 0 3 137 246 255 246 169 60 87 242 183 0 6 0 5 0 0 0 0 0 0 0 0 0 0 0 0 0 0 0 16 1 0 0 6 0 81 255 166 5 0 4 0 11 0 0 0 0 0 0 0 0 0 0 0 0 0 0 2 0 0 7 4 0 99 247 167 14 0 4 0 0 14 0 0 0 0 0 0 0 0 0 0 0 0 1 7 7 5 0 0 0 113 255 166 0 1 0 20 0 0 0 0 0 0 0 0 0 0 0 0 0 0 0 0 0 0 1 6 0 87 255 163 0 11 0 9 8 0 0 0 0 0 0 0 0 0 0 0 0 0 7 2 0 0 0 7 7 85 242 172 0 0 25 0 0 14 0 0 0 0 0 0 0 0 0 0 0 0 0 0 11 13 1 4 0 73 251 179 6 62 106 12 0 0 0 0 0 0 0 0 0 0 0 0 0 0 8 0 0 0 0 4 6 87 255 184 121 255 110 0 26 0 0 0 0 0 0 0 0 0 0 0 0 0 0 2 1 0 0 0 10 19 255 246 255 168 5 0 28 0 0 0 0 0 0 0 0 0 0 0 0 0 0 1 2 0 0 0 4 9 60 199 141 0 1 19 0 0 0 0 0 0 0 0 0 0 0 0 0 0 0 0 3 2 0 0 0 0 2 16 10 0 0 0 0 7 0 0 0 0 0 0 0 0 0 0 0 0 0 0 2 2 0 0 0 0 5 0 0 7 0 0 7 2 0 0 0 0
0 0 0 0 0 0 0 0 9 3 0 0 0 1 0 0 2 4 2 0 0 0 1 0 0 0 0 0 0 0 0 0 0 0 0 0 0 0 0 3 7 7 4 1 0 0 0 1 8 5 0 0 0 0 0 0 0 0 0 0 0 0 0 0 14 10 2 0 0 0 0 0 14 6 2 2 0 0 0 10 0 0 0 0 0 0 0 0 0 0 0 0 0 0 0 4 7 6 4 1 0 0 1 4 2 0 0 3 0 0 0 0 0 0 0 0 0 0 0 0 0 0 0 0 0 0 0 0 3 6 1 0 0 9 4 0 0 0 0 0 0 0 0 0 0 0 0 0 4 3 3 3 4 5 6 6 0 3 7 0 0 0 2 2 0 0 0 0 0 0 0 0 0 0 0 0 0 0 3 0 0 0 0 2 1 0 0 8 7 0 0 0 0 0 0 0 0 0 0 0 0 0 0 0 4 0 0 0 32 106 198 255 188 91 5 0 3 1 0 0 0 0 0 0 0 4 0 0 10 0 4 0 5 0 12 55 245 252 242 177 227 255 165 0 7 1 0 3 0 0 0 0 0 6 1 0 0 0 0 2 0 3 41 242 242 140 0 0 59 181 246 138 109 0 7 0 0 0 0 0 0 1 4 3 0 0 0 1 20 64 255 232 52 0 0 12 0 51 255 252 238 0 14 0 0 0 0 0 1 0 0 1 0 12 0 1 47 226 232 95 3 13 19 0 19 113 244 255 99 10 0 0 0 0 0 0 8 0 0 0 0 8 0 50 255 251 142 0 0 3 0 61 191 239 255 174 0 10 0 9 0 0 0 0 1 0 5 2 0 6 10 160 248 194 0 11 0 11 106 255 246 254 255 63 20 0 12 1 0 0 0 0 0 0 5 6 0 6 21 241 220 10 0 22 65 152 255 203 128 255 206 10 0 0 6 0 0 0 0 0 3 0 0 5 0 0 1 248 225 134 175 228 249 249 161 0 155 255 132 0 19 0 0 6 0 0 0 0 2 0 1 0 8 0 14 143 248 253 254 218 161 44 0 24 228 244 28 14 0 0 10 0 0 0 0 0 0 4 7 0 10 5 0 33 131 113 108 22 1 2 8 150 255 149 0 0 0 0 0 0 0 0 0 0 0 3 1 0 4 16 0 0 4 0 11 0 0 0 47 252 233 36 0 0 6 5 7 12 0 0 0 0 7 0 0 0 0 2 4 8 0 5 0 8 18 0 122 255 157 3 21 1 0 0 0 0 0 0 0 0 3 0 0 14 2 0 0 2 0 17 0 0 0 23 232 225 23 0 3 0 0 13 9 10 0 0 0 0 1 2 0 3 0 0 5 0 0 0 11 0 9 100 255 168 7 2 0 2 2 0 0 0 0 0 0 0 1 10 0 0 0 0 13 1 23 0 7 0 0 136 233 87 0 1 0 0 10 0 0 9 0 0 0 0 0 8 0 9 9 0 0 0 0 4 0 0 0 188 253 48 2 0 8 0 2 0 1 0 0 0 0 0 0 0 0 0 0 0 0 0 8 0 0 3 0 225 234 60 0 0 0 0 0 0 0 0 0 0 0 0 0 0 0 0 0 0 0 0 0 0 8 9 4 146 255 43 0 0 0 0 0 0 0 0 0 0 0 0 0 0 0 0 0 0 0 0 10 0 0 0 0 74 251 112 0 0 0 0 0 0 0 0 0 0 0 0 0 0 0 0 0 0 0 0 0 0 9 8 4 0 13 0 0 0 0 0 0 0 0 0 0 0 0 0
0 0 0 0 0 0 0 0 1 3 0 0 0 2 6 3 2 4 0 0 3 0 0 2 0 0 0 0 0 0 0 0 0 0 0 0 6 0 0 9 14 7 0 0 0 0 1 5 0 14 0 6 0 0 0 0 0 0 0 0 0 0 0 0 0 0 0 0 0 0 1 12 6 0 10 0 0 0 3 0 0 0 0 0 0 0 0 0 0 0 0 0 4 10 7 0 3 11 3 0 0 4 0 6 21 0 29 0 0 0 0 0 0 0 0 0 0 0 0 0 0 0 0 0 0 0 0 3 4 8 0 0 0 4 0 0 0 0 0 0 0 0 0 0 0 0 0 0 14 0 0 8 9 0 0 4 9 0 20 0 9 7 0 17 0 0 0 0 0 0 0 0 0 0 0 0 0 6 16 0 0 42 163 255 194 55 0 108 255 255 76 0 0 0 0 0 0 0 0 0 0 0 0 0 0 1 0 6 100 218 255 247 255 194 7 232 253 238 37 2 0 0 0 0 0 9 0 0 0 0 0 0 8 0 128 169 235 255 244 182 212 157 156 255 252 169 4 5 0 0 0 0 0 0 1 4 7 8 9 3 0 137 255 247 255 220 134 0 38 189 255 234 236 60 2 0 0 0 0 0 5 0 0 0 0 0 0 0 36 255 237 255 229 69 2 28 191 255 253 253 240 1 0 10 0 0 0 0 2 0 2 0 0 9 10 3 121 240 249 237 61 0 12 233 250 255 227 244 105 0 0 0 0 0 0 0 0 0 10 8 3 5 0 0 189 250 255 255 17 115 255 215 235 255 255 182 0 9 11 2 0 0 0 0 9 0 7 0 0 0 0 35 255 249 239 242 246 248 255 255 255 240 249 61 0 0 0 0 0 0 0 0 4 0 2 0 6 12 21 111 242 254 255 255 255 238 249 254 245 254 248 17 13 9 6 0 0 0 0 0 0 0 8 0 11 0 0 88 255 240 255 251 249 234 107 248 253 250 182 17 0 0 1 1 0 0 0 0 0 0 0 0 0 0 0 0 65 160 147 153 15 4 201 255 248 182 3 0 0 0 0 7 0 0 0 0 0 0 0 0 0 0 0 0 1 0 5 0 0 68 243 254 255 91 0 7 0 1 11 0 0 0 0 0 0 0 0 0 0 0 0 0 18 0 0 0 2 157 251 255 203 18 6 2 0 0 9 0 0 0 0 0 0 0 0 0 0 0 0 0 0 0 6 10 89 239 255 251 53 0 13 0 6 0 0 10 0 0 0 0 0 0 0 0 0 0 0 0 22 4 8 0 215 255 244 158 1 1 0 0 12 1 0 10 0 0 0 0 0 0 0 0 0 0 0 0 0 0 0 25 248 253 239 172 149 70 0 9 0 0 2 0 0 0 0 0 0 0 0 0 0 0 0 0 0 26 4 126 254 255 255 250 245 104 0 10 0 0 7 0 0 0 0 0 0 0 0 0 0 0 0 0 0 0 0 137 255 240 255 248 177 63 0 0 6 0 1 5 0 0 0 0 0 0 0 0 0 0 0 0 6 0 14 26 248 254 234 151 0 0 0 0 0 0 0 0 0 0 0 0 0 0 0 0 0 0 0 0 0 15 0 0 113 182 114 0 0 0 0 0 0 0 0 0 0 0 0 0 0 0 0 0 0 0 0 0 0 5 0 12 9 13 0 3 0 0 0 0 0 0 0 0 0 0 0 0 0 0 0 0 0 0 0 0 2 1 7 0 0 0 4 10 0 0 0 0 0 0 0 0 0 0 0 0
0 0 0 0 0 0 0 1 0 0 0 0 0 6 5 0 6 0 4 6 0 0 2 8 0 0 0 0 0 0 0 0 0 0 0 0 1 4 4 0 0 0 0 0 0 0 0 0 4 10 2 0 0 0 0 0 0 0 0 0 0 0 0 0 3 0 0 0 9 11 6 2 10 11 1 0 0 0 0 3 0 0 0 0 0 0 1 1 1 0 0 0 1 2 7 9 0 0 0 0 0 0 0 4 13 0 0 6 0 0 0 0 0 0 1 1 1 0 0 0 0 0 0 0 3 4 4 6 6 0 0 0 6 2 0 0 0 0 0 0 0 0 0 0 0 1 2 3 0 0 0 0 0 2 2 0 0 0 10 0 0 0 8 0 0 0 0 0 1 0 0 0 0 1 5 7 0 11 69 164 250 250 148 39 13 0 0 13 0 0 8 0 0 0 0 0 1 0 0 0 0 2 6 9 100 170 238 255 255 255 253 245 217 68 0 5 0 0 8 0 0 0 0 0 0 2 0 1 5 0 4 96 255 255 238 246 215 254 190 230 245 99 0 14 0 0 10 0 0 0 0 0 0 6 0 0 0 17 153 248 239 249 255 152 21 59 5 45 62 12 12 5 0 55 1 3 0 0 0 0 0 4 0 0 20 55 230 252 255 164 68 0 12 0 14 0 1 0 0 23 181 243 40 3 0 0 0 0 7 1 0 0 8 90 255 247 223 27 12 0 6 0 3 0 0 21 147 245 248 244 127 0 0 0 0 0 2 0 3 0 0 100 255 247 79 10 0 11 0 9 0 74 131 252 235 255 255 222 32 0 0 0 0 0 0 0 3 14 0 108 241 224 51 0 0 16 11 69 221 255 254 255 195 238 251 220 0 13 0 0 0 0 5 3 0 2 9 89 255 255 208 89 95 75 201 254 255 234 148 44 147 253 247 173 9 0 0 0 0 0 0 15 0 0 0 17 226 247 252 255 246 255 252 255 194 92 7 0 243 255 201 15 0 2 0 0 0 0 0 0 4 1 0 27 139 253 250 255 248 249 211 93 19 0 4 83 255 255 185 0 0 4 0 0 0 0 5 0 2 4 0 0 20 61 192 192 100 80 15 9 0 0 0 121 251 243 176 10 7 0 0 0 0 0 1 0 0 5 9 4 0 0 0 9 0 7 2 5 5 0 4 150 255 255 191 0 0 5 0 0 0 0 2 1 0 0 0 3 5 5 8 0 0 0 0 0 1 1 2 237 239 255 53 13 0 6 0 0 0 0 0 5 7 0 0 0 0 0 0 0 0 29 0 15 0 5 70 252 255 252 42 1 3 0 0 0 0 0 0 0 2 0 4 10 7 0 5 10 1 0 0 4 0 6 181 249 248 234 42 11 0 10 0 0 0 0 5 2 0 0 0 0 0 0 0 0 8 0 7 5 5 28 248 253 255 61 0 0 14 2 0 0 0 0 0 1 6 6 1 0 1 5 10 6 0 8 0 6 0 55 255 255 253 35 0 15 0 0 0 0 0 0 0 0 0 0 0 0 0 0 0 4 8 0 3 0 17 140 241 255 174 30 0 0 0 5 0 0 0 0 0 0 0 0 0 0 0 0 3 3 1 0 4 0 0 48 255 225 97 0 0 17 5 0 0 0 0 0 0 0 0 0 0 0 0 0 1 0 0 0 7 10 0 0 0 4 0 0 1 1 0 3 0 0 0 0 0 0 0 0 0 0 0 0 0 0 2 0 0 8 6 0 8 0 0 3 0 0 0 8 0 0 0 0
0 0 0 0 0 0 0 0 2 1 0 0 0 12 8 0 10 0 0 13 7 0 0 0 0 0 0 0 0 0 0 0 0 0 0 0 2 2 6 8 0 0 0 8 0 5 0 0 0 7 15 0 0 0 0 0 0 0 0 0 0 0 0 0 0 0 0 0 2 7 3 0 0 12 18 8 1 0 0 4 0 0 0 0 0 0 0 0 0 0 0 0 0 0 1 4 2 0 0 2 2 0 0 0 4 9 0 6 0 0 0 0 0 0 0 0 0 0 0 0 18 0 0 6 7 0 0 6 0 9 23 2 1 14 0 0 0 0 0 0 0 0 0 0 0 0 0 0 0 3 6 0 0 6 9 0 12 0 0 1 0 0 0 12 0 0 0 0 0 0 0 0 0 0 0 0 0 13 10 0 32 133 228 255 211 49 0 0 6 10 0 0 0 0 0 0 0 0 0 0 0 0 0 0 14 0 1 116 224 241 196 158 152 19 0 3 0 8 0 0 0 0 0 0 0 4 0 1 7 0 2 2 0 4 178 249 196 36 0 0 4 2 7 0 16 0 10 0 0 0 0 0 0 0 7 6 0 0 3 7 8 196 254 134 13 0 26 0 0 15 0 174 178 0 0 0 0 0 0 0 6 0 5 6 0 5 0 0 194 255 85 9 0 0 0 0 5 0 94 253 102 3 6 0 0 0 0 0 11 0 2 0 4 8 0 60 255 188 0 4 0 6 21 6 17 0 229 255 12 0 0 12 0 0 0 0 0 4 10 0 0 0 12 155 255 183 7 0 14 0 0 8 0 97 250 119 0 0 0 0 0 0 0 0 0 10 6 0 11 0 0 128 255 251 96 0 0 22 7 18 135 255 223 0 0 17 19 0 0 0 0 0 0 5 0 0 16 0 0 30 250 254 249 221 113 117 197 248 255 255 112 0 7 0 0 0 0 0 0 0 1 4 0 0 0 0 7 0 86 255 251 247 255 255 234 255 251 255 26 0 4 0 16 0 0 0 0 0 0 0 0 0 0 0 0 0 0 37 140 168 231 161 104 15 255 250 7 6 1 1 0 2 0 0 0 0 0 0 0 0 0 0 0 0 0 0 3 0 12 7 9 0 253 252 0 0 1 0 0 4 0 0 0 0 0 0 0 0 0 0 0 0 3 10 0 0 0 5 0 0 254 255 0 4 5 1 0 1 0 0 0 0 0 0 0 0 0 0 0 0 0 1 0 11 0 13 0 0 192 255 0 0 0 3 0 5 0 0 0 0 0 0 0 0 0 0 0 0 4 6 0 0 0 5 2 3 162 255 18 4 0 5 0 0 0 0 0 0 0 0 0 0 0 0 0 0 0 0 0 0 2 0 0 0 172 255 56 11 0 6 0 0 0 0 0 0 0 0 0 0 0 0 0 0 4 2 0 0 0 2 3 7 184 234 52 0 0 4 3 4 0 0 0 0 0 0 0 0 0 0 0 0 0 2 0 8 0 1 0 2 254 255 78 3 2 1 0 0 0 0 0 0 0 0 0 0 0 0 0 0 0 0 0 0 0 0 0 0 226 255 168 0 14 5 0 1 0 0 0 0 0 0 0 0 0 0 0 0 0 0 0 0 0 0 0 0 139 221 31 12 0 0 16 2 0 0 0 0 0 0 0 0 0 0 0 0 0 0 0 0 0 0 0 0 2 14 3 0 2 18 0 3 0 0 0 0 0 0 0 0 0 0 0 0 0 0 0 0 0 0 0 0 0 0 5 0 27 0 4 0 0 0 0 0
0 0 0 0 0 0 0 0 0 9 4 7 5 0 2 4 0 3 5 1 0 3 3 0 0 0 0 0 0 0 0 0 0 0 0 0 13 7 0 0 0 3 4 0 0 0 0 0 0 4 4 0 0 0 0 0 0 0 0 0 0 0 0 0 0 0 2 5 2 6 0 0 2 1 0 0 0 4 3 0 0 0 0 0 0 0 0 0 0 0 0 0 15 0 9 7 0 0 0 9 3 4 3 1 1 1 0 0 0 0 0 0 0 0 0 0 0 0 0 0 4 0 0 0 3 3 0 1 0 0 4 5 1 0 0 1 0 0 0 0 0 0 0 0 0 0 0 0 0 22 9 2 3 0 3 0 0 0 0 2 1 0 0 2 0 0 0 0 0 0 0 0 0 0 0 0 0 134 166 165 152 99 56 0 10 1 0 0 2 1 0 0 0 0 0 0 0 0 0 0 0 0 0 0 97 255 255 243 255 255 240 162 31 12 0 0 5 5 0 0 0 0 0 0 0 8 0 9 4 11 0 100 253 255 245 211 212 106 210 251 197 118 12 0 5 0 0 11 0 0 0 0 0 0 0 1 0 0 98 237 237 246 99 29 0 11 0 114 255 255 198 8 0 14 1 0 0 0 0 0 9 0 0 7 11 4 173 255 255 185 2 4 0 0 14 78 243 255 255 0 0 3 0 0 0 0 0 0 0 3 4 0 0 0 172 255 246 27 0 0 13 1 6 115 255 245 255 44 6 13 2 15 0 0 0 0 0 8 5 0 0 0 105 253 254 36 16 0 0 12 0 190 255 250 251 101 0 4 0 0 0 0 0 0 9 1 0 4 14 12 60 252 249 35 0 13 0 0 2 200 243 255 255 149 4 1 11 6 0 0 0 0 0 0 0 0 0 0 54 254 249 30 5 2 0 13 0 196 255 255 243 95 6 0 0 4 0 0 0 0 0 6 7 0 5 0 9 103 255 213 48 3 0 2 6 209 255 251 214 0 0 2 11 0 0 0 0 0 0 0 0 0 0 0 0 0 132 248 192 56 13 99 185 245 255 242 48 7 1 0 0 0 0 0 0 0 0 0 0 0 0 0 0 0 0 170 255 255 249 255 237 255 250 255 83 0 0 0 14 11 0 0 0 0 0 0 0 0 0 0 0 0 0 27 46 94 184 255 237 255 250 248 83 8 15 0 2 0 0 0 0 0 0 0 0 0 0 0 0 0 0 0 2 3 15 42 42 135 255 241 99 0 5 0 0 0 0 0 0 0 0 0 0 0 0 0 0 0 8 0 0 0 0 5 0 77 231 255 196 5 0 12 0 9 0 0 0 0 0 0 0 0 0 0 0 0 0 5 12 11 0 4 0 26 165 255 255 65 8 13 0 0 0 0 0 0 0 0 0 0 0 0 0 0 0 0 0 0 3 11 0 0 122 251 248 76 3 0 0 10 0 0 0 0 0 0 0 0 0 0 0 0 1 14 0 3 0 2 0 2 45 253 255 85 0 0 11 0 0 0 0 0 0 0 0 0 0 0 0 0 0 0 0 0 0 0 0 0 32 226 255 132 5 0 9 0 0 0 0 0 0 0 0 0 0 0 0 0 0 0 0 0 0 0 0 0 0 85 225 145 7 0 0 19 0 0 0 0 0 0 0 0 0 0 0 0 0 0 0 0 0 0 0 0 3 0 0 0 7 1 0 0 0 0 0 0 0 0 0 0 0 0 0 0 0 0 0 0 0 0 0 0 0 18 0 0 9 0 2 16 0 0 0 0
0 0 0 0 0 0 0 0 3 10 0 4 3 0 5 0 3 0 0 1 6 8 1 0 0 0 0 0 0 0 0 0 0 0 0 0 0 0 0 6 2 0 7 1 0 0 0 0 0 0 4 10 0 0 0 0 0 0 0 0 0 0 0 0 13 21 0 12 0 0 0 0 2 6 8 7 2 0 0 2 0 0 0 0 0 0 0 0 0 0 0 0 0 0 0 3 0 7 0 3 0 0 0 0 5 3 0 0 0 0 0 0 0 0 0 0 0 0 0 0 0 5 3 7 0 8 0 0 9 2 0 0 0 0 0 0 0 0 0 0 0 0 0 0 0 0 0 0 5 1 4 0 0 4 4 8 0 0 4 9 3 0 0 6 0 0 0 0 0 0 0 0 0 0 0 0 0 0 18 0 7 3 0 0 8 0 0 0 1 0 3 10 0 0 0 0 0 0 0 0 0 0 0 0 3 36 139 168 242 252 253 236 143 84 22 0 0 2 0 0 0 0 0 0 0 0 0 0 0 0 0 0 14 226 255 243 255 242 255 243 253 254 207 8 3 2 0 0 0 0 0 0 0 0 0 0 0 0 0 0 88 248 255 240 220 168 158 244 255 255 249 152 1 0 0 13 0 0 0 0 0 0 0 0 0 0 0 0 208 250 213 17 2 0 7 35 163 234 255 174 0 2 8 0 0 0 0 0 0 0 0 0 0 0 0 0 176 255 153 4 11 9 0 66 199 255 239 42 0 5 8 0 0 0 0 0 0 0 0 0 0 0 0 0 91 255 243 20 0 38 229 255 255 255 206 0 14 0 0 8 0 0 0 0 0 0 0 0 0 0 0 0 14 241 250 193 217 244 255 251 249 225 167 0 13 2 0 6 0 0 0 0 0 0 0 0 0 0 0 0 0 128 255 237 250 255 243 234 255 253 126 4 0 1 3 5 0 0 0 0 0 0 0 0 0 0 0 0 9 0 171 255 253 169 26 156 249 252 67 0 6 1 0 0 0 0 0 0 0 0 0 0 0 0 0 0 4 1 0 63 34 0 4 143 255 218 6 2 0 0 0 6 0 0 0 0 0 0 0 0 0 0 0 0 3 0 0 11 6 0 5 204 244 186 0 2 0 3 0 0 0 0 0 0 0 0 0 0 0 0 0 0 0 0 7 0 0 4 0 234 241 157 0 1 0 6 0 0 0 0 0 0 0 0 0 0 0 0 0 0 0 1 17 0 6 6 29 242 255 136 1 0 0 4 0 0 0 0 0 0 0 0 0 0 0 0 0 0 2 0 1 0 0 2 99 255 255 99 2 0 0 3 0 0 0 0 0 0 0 0 0 0 0 0 0 0 3 0 0 0 0 0 146 255 230 47 0 0 0 5 0 0 0 0 0 0 0 0 0 0 0 0 0 0 1 0 0 2 9 0 155 246 213 11 0 0 1 5 0 0 0 0 0 0 0 0 0 0 0 0 0 0 3 3 3 0 8 3 158 255 218 2 0 2 0 3 0 2 0 0 0 0 0 0 0 0 0 0 0 0 0 0 0 0 9 0 159 255 212 0 0 4 3 3 0 0 0 0 0 0 0 0 0 0 0 0 0 0 0 3 10 2 7 0 148 248 255 60 9 0 0 2 0 0 0 0 0 0 0 0 0 0 0 0 0 0 5 5 0 0 0 11 147 231 175 49 2 0 3 4 4 0 0 0 0 0 0 0 0 0 0 0 0 0 0 0 6 7 11 0 0 0 26 0 0 1 6 0 4 0 0 0 0 0
0 0 0 0 0 0 0 0 0 4 4 3 6 0 0 0 0 7 7 0 0 2 4 0 0 0 0 0 0 0 0 0 0 0 0 0 0 0 0 0 0 4 9 12 0 0 0 0 7 7 0 0 0 0 0 0 0 0 0 0 0 0 0 0 10 1 1 1 0 0 0 0 12 6 2 0 0 0 0 8 0 0 0 0 0 0 0 0 0 0 0 0 0 0 0 6 2 6 11 3 0 0 0 1 0 0 0 1 0 0 0 0 0 0 0 0 0 0 0 0 3 1 2 0 0 0 0 2 5 4 0 0 0 8 4 0 0 0 0 0 0 0 0 0 0 0 0 0 0 4 4 3 10 5 0 6 0 2 2 0 0 0 1 2 0 0 0 0 0 0 0 0 0 0 0 0 0 10 0 0 7 2 0 3 9 0 0 6 9 0 0 0 0 0 0 0 0 0 0 0 0 0 0 0 0 14 0 12 99 155 188 241 197 91 0 0 6 3 0 1 0 0 0 0 0 0 7 0 18 0 9 0 0 109 140 215 246 251 255 252 255 243 184 24 2 0 4 0 0 0 0 0 2 5 10 0 0 0 0 19 135 248 243 254 254 196 131 127 153 255 255 105 0 0 4 0 0 0 0 0 1 1 0 0 22 15 18 231 254 255 193 92 8 0 4 13 52 232 253 156 9 2 0 2 0 0 0 0 0 21 0 5 5 0 202 252 192 61 0 0 0 14 0 0 140 255 255 118 0 0 0 13 0 0 0 0 11 0 0 0 14 0 209 255 0 3 17 0 0 9 0 11 135 241 251 58 1 14 0 0 0 0 0 0 0 7 1 8 0 5 198 255 98 1 0 6 16 0 2 80 255 255 203 2 0 0 3 7 0 0 0 0 6 3 0 0 14 0 6 220 228 86 8 0 22 89 183 227 255 235 97 0 4 0 0 2 0 0 0 0 4 0 8 2 0 0 4 45 237 244 208 159 212 248 255 255 251 255 75 13 0 1 7 0 0 0 0 0 0 0 0 0 0 0 0 0 15 131 230 255 249 228 141 25 214 255 63 0 11 2 0 5 0 0 0 0 0 0 0 0 0 0 0 0 2 0 0 11 4 0 0 50 246 251 20 0 0 0 0 0 0 0 0 0 0 0 0 0 0 0 0 0 15 0 1 3 0 0 0 118 250 190 0 8 0 4 3 0 0 0 0 0 0 0 0 0 0 0 0 0 0 0 16 3 0 11 5 148 250 120 0 18 0 2 4 1 0 0 0 0 0 0 0 0 0 0 0 0 11 0 0 0 0 0 48 227 255 63 7 0 0 0 0 7 0 0 0 0 0 0 0 0 0 0 0 0 8 1 0 11 5 9 122 255 213 12 4 0 0 6 0 0 0 0 0 0 0 0 0 0 0 0 0 0 0 6 0 0 0 7 185 255 138 0 0 3 8 6 4 0 0 0 0 0 0 0 0 0 0 0 0 0 2 10 0 9 1 0 218 255 102 7 0 10 0 0 7 1 0 0 0 0 0 0 0 0 0 0 0 0 3 0 0 0 4 82 246 255 22 10 0 0 1 5 3 0 0 0 0 0 0 0 0 0 0 0 0 0 8 0 13 3 0 98 255 213 11 4 0 0 2 4 2 0 0 0 0 0 0 0 0 0 0 0 0 0 0 0 10 5 9 106 219 165 0 0 0 0 2 3 0 0 0 0 0 0 0 0 0 0 0 0 0 0 2 16 0 0 0 1 17 4 0 0 0 2 1 0 0 0 0 0 0 0
0 0 0 0 0 0 0 0 0 10 1 3 0 11 0 0 0 8 5 0 19 0 0 10 0 0 0 0 0 0 0 0 0 0 0 0 4 2 0 0 0 0 0 9 3 0 0 0 10 2 3 0 0 0 0 0 0 0 0 0 0 0 0 0 0 0 2 4 1 0 0 0 8 0 8 3 1 1 12 0 0 0 0 0 0 0 0 0 0 0 0 0 3 4 0 0 0 15 8 2 0 0 7 5 0 0 2 3 0 0 0 0 0 0 0 0 0 0 0 0 4 9 0 12 0 3 0 0 0 3 0 0 11 8 0 0 0 0 0 0 0 0 0 0 0 0 0 0 0 3 4 12 0 2 55 128 255 229 94 0 0 0 0 16 0 0 0 0 0 0 0 0 0 0 0 0 2 0 0 0 48 122 218 255 238 255 195 85 5 7 0 0 0 0 0 0 0 0 0 0 0 0 0 0 9 0 7 10 179 255 255 136 114 229 255 151 1 0 7 0 0 0 0 0 0 0 0 0 0 0 0 0 3 0 0 86 255 213 81 0 5 158 255 244 22 0 3 0 0 0 0 0 0 0 0 0 0 0 0 0 7 3 143 237 229 65 8 0 0 96 237 233 35 7 0 6 0 0 0 0 0 0 0 0 0 0 0 0 0 59 255 255 156 5 0 1 18 151 255 237 3 0 0 9 0 0 0 0 0 0 0 0 0 0 0 0 6 62 235 253 19 0 3 9 164 246 251 182 0 9 19 0 0 0 0 0 0 0 0 0 0 0 0 0 4 24 229 248 191 16 33 115 251 255 243 102 0 0 13 4 0 0 0 0 0 0 0 0 0 0 0 0 1 0 117 255 247 216 206 255 253 255 241 8 10 5 6 0 0 0 0 0 0 0 0 0 0 0 0 0 0 9 3 50 134 206 219 246 126 255 223 0 0 0 0 5 0 0 0 0 0 0 0 0 0 0 0 0 0 7 1 0 0 0 29 38 36 249 89 9 0 9 2 0 0 0 0 0 0 3 0 4 0 0 14 0 0 0 0 0 11 0 2 3 139 249 139 0 4 3 0 3 0 0 0 0 1 0 3 9 10 1 0 4 0 0 14 3 0 0 0 16 235 249 16 0 0 0 0 2 0 0 0 0 4 0 5 0 0 16 0 0 19 2 4 0 0 12 8 103 255 216 0 10 0 2 6 0 0 0 0 0 0 0 5 8 0 3 2 13 0 0 0 0 0 0 38 221 245 117 20 6 0 9 0 2 0 0 0 0 6 4 0 0 2 60 79 0 6 3 0 11 6 0 114 242 191 15 2 0 7 5 0 10 0 0 0 0 0 8 0 0 14 136 248 206 22 0 0 0 0 52 240 255 83 0 0 3 0 5 0 0 0 0 0 0 7 0 2 12 0 0 125 255 233 145 89 92 127 224 252 105 0 4 5 15 0 4 12 0 0 0 0 0 0 0 3 0 9 3 9 92 210 248 255 255 244 250 145 16 5 0 4 5 0 0 0 5 0 0 0 0 0 0 0 0 0 0 0 0 26 90 169 185 201 68 0 0 0 0 0 0 0 0 0 0 0 0 0 0 0 0 0 0 0 0 0 0 0 8 7 0 20 0 0 5 0 0 0 0 0 0 0 0 0 0 0 0 0 0 0 0 0 0 0 0 0 5 0 0 6 13 9 6 0 0 0 0 0 0 0 0 0 0 0 0 0 0 0 0 0 0 0 0 0 4 5 10 0 6 0 0 0 0 0 0 0 0 0 0 0 0 0 0
0 0 0 0 0 0 0 0 5 0 0 9 8 0 0 3 0 1 4 0 1 9 0 11 0 0 0 0 0 0 0 0 0 0 0 0 0 23 0 0 4 9 0 2 10 0 0 10 8 0 4 0 0 0 0 0 0 0 0 0 0 0 0 0 0 0 1 8 0 0 2 2 0 2 15 0 0 0 29 10 0 0 0 0 0 0 0 0 0 0 0 0 0 0 17 14 0 2 22 0 9 0 1 0 18 14 0 0 0 0 0 0 0 0 0 0 0 0 0 0 15 6 0 0 4 0 0 3 0 3 0 0 0 2 0 5 0 0 0 0 0 0 0 0 0 0 0 0 0 0 1 3 1 0 0 0 6 3 0 15 0 0 21 0 0 0 0 0 0 0 0 0 0 0 0 0 0 13 6 0 24 174 255 251 225 92 3 0 68 16 0 8 0 0 0 0 0 0 0 0 0 0 0 0 0 0 0 75 212 255 248 249 255 244 237 77 221 178 0 1 0 0 0 0 0 0 4 7 0 0 0 8 5 0 59 183 243 255 245 198 184 235 255 251 247 233 50 0 0 0 0 0 0 4 0 0 0 24 16 0 0 14 214 245 247 148 73 12 23 70 224 255 247 193 0 15 0 0 0 0 0 10 2 0 23 66 58 16 4 107 255 240 152 0 14 0 0 10 216 232 255 194 0 0 0 0 0 0 0 0 0 0 0 5 1 0 0 252 249 196 0 0 0 7 27 227 255 255 203 29 0 9 0 0 0 0 9 4 6 10 2 0 0 3 127 249 181 36 0 4 0 3 191 237 255 255 40 4 3 0 0 0 0 0 0 0 0 0 0 1 3 2 153 243 57 0 0 43 71 185 220 255 255 152 13 0 0 16 0 0 0 0 2 9 6 0 0 2 0 0 128 251 66 43 127 208 255 236 255 245 231 42 0 14 0 0 0 0 0 0 0 0 3 1 0 0 1 5 137 255 235 248 255 249 242 255 254 227 53 14 0 0 7 3 0 0 0 0 0 0 0 0 0 0 0 0 135 255 251 255 254 245 255 254 255 72 11 8 0 4 0 0 0 0 0 0 0 0 0 0 0 0 0 0 31 71 86 178 71 162 237 247 205 25 0 0 0 2 0 8 0 0 0 0 0 0 0 0 0 0 0 0 0 7 10 0 0 162 246 255 142 15 0 10 3 1 0 0 0 0 0 0 0 0 0 0 0 0 0 0 4 5 13 0 59 255 255 159 31 0 3 6 0 0 0 0 0 0 0 0 0 0 0 0 0 0 0 0 8 0 5 32 211 243 255 23 0 0 8 5 0 0 0 0 0 0 0 0 0 0 0 0 0 0 0 0 0 19 0 138 245 255 255 32 18 6 0 5 6 0 0 1 0 0 0 0 0 0 0 0 0 0 0 0 0 0 126 236 255 246 218 14 0 0 0 0 4 0 0 7 0 0 0 0 0 0 0 0 0 0 0 0 0 15 221 240 255 224 27 0 0 18 8 0 3 2 0 0 0 0 0 0 0 0 0 0 0 0 0 0 6 0 222 253 255 82 9 0 0 0 0 0 0 0 0 0 0 0 0 0 0 0 0 0 0 0 0 0 0 13 230 243 143 9 0 7 0 0 0 0 0 0 0 0 0 0 0 0 0 0 0 0 0 0 0 0 10 0 2 0 4 0 0 0 0 0 0 0 0 0 0 0 0 0 0 0 0 0 0 0 0 0 0 0 0 17 0 0 13 9 0 6 0 0 0 0 0 0 0 0 0 0 0 0
0 0 0 0 0 0 0 0 0 3 5 2 0 0 0 1 7 0 0 1 7 0 2 8 0 0 0 0 0 0 0 0 0 0 0 0 0 0 0 0 0 2 2 1 0 0 4 6 4 0 0 0 0 0 0 0 0 0 0 0 0 0 0 0 8 4 1 1 3 3 2 0 9 5 0 0 0 10 13 11 0 0 0 0 0 0 0 0 0 0 0 0 1 0 0 0 0 0 0 0 0 0 2 8 0 0 0 1 0 0 0 0 0 0 0 0 0 0 0 0 0 0 0 3 5 1 1 4 8 0 0 7 3 11 0 0 0 0 0 0 0 0 0 0 0 0 0 0 6 5 6 5 0 0 0 6 0 6 0 13 0 0 0 7 0 0 0 0 0 0 0 0 0 0 0 0 1 0 0 0 0 12 55 97 200 255 255 241 137 83 15 0 0 0 0 0 0 0 0 0 0 0 0 0 0 0 0 11 40 102 195 255 249 255 236 255 254 252 118 0 0 0 0 0 0 0 0 5 0 0 6 1 0 8 0 116 236 250 247 255 214 169 178 249 249 255 222 31 0 0 0 0 0 0 0 0 2 6 0 0 0 38 126 227 240 236 163 56 10 8 0 237 255 255 254 66 0 0 0 0 0 3 4 0 4 13 0 4 54 216 216 248 218 78 6 3 1 5 175 250 255 225 96 12 0 0 0 0 1 3 7 0 3 6 0 55 232 253 255 153 10 3 0 2 14 93 255 241 255 108 16 0 0 0 0 0 2 0 7 0 4 0 12 144 255 236 117 15 0 7 0 3 171 240 244 255 185 37 4 0 0 0 0 0 0 0 3 1 5 0 55 224 251 220 0 0 0 0 113 124 247 255 255 205 44 9 0 7 0 0 0 0 0 0 0 4 3 0 89 255 250 255 212 177 158 204 248 251 243 255 231 104 0 0 11 0 0 0 0 0 0 4 0 1 0 0 103 255 243 255 250 247 253 255 239 255 253 253 126 0 6 16 0 6 0 0 0 0 0 4 0 3 10 0 43 177 204 205 204 204 205 93 204 252 245 224 2 0 0 4 0 5 0 0 0 0 0 11 0 0 7 0 0 9 0 11 3 0 4 47 255 249 228 35 0 8 2 0 12 0 0 0 0 0 0 6 2 0 8 13 0 0 0 0 4 1 9 224 255 244 102 0 16 0 1 0 1 0 0 0 0 0 4 0 1 2 0 0 3 14 11 5 0 4 188 255 244 141 0 13 19 0 0 0 0 7 0 0 0 0 13 0 0 6 0 0 0 0 0 4 20 38 253 253 127 0 0 11 0 8 2 1 2 0 0 0 0 0 0 0 0 5 6 11 10 0 24 14 57 193 248 172 15 13 10 0 0 0 1 6 6 0 0 0 0 0 0 3 4 0 0 0 0 0 5 71 255 254 247 205 25 0 0 0 11 0 0 2 2 5 0 0 0 0 4 1 0 0 7 3 0 3 157 255 251 236 152 51 7 0 6 0 0 25 0 0 10 0 0 0 0 0 0 0 0 0 0 0 0 0 181 255 224 123 8 0 8 0 0 0 0 0 0 0 0 0 0 0 0 0 0 0 0 0 0 0 0 0 202 215 71 0 0 8 3 3 0 0 0 0 0 0 0 0 0 0 0 0 0 0 0 0 0 0 0 0 0 14 0 0 0 1 4 0 0 0 0 0 0 0 0 0 0 0 0 0 0 0 0 0 0 0 0 0 10 6 1 17 0 0 11 5 0 0 0 0 0 0 0 0 0 0 0 0
0 0 0 0 0 0 0 0 0 0 0 0 0 2 1 0 6 0 1 4 0 0 2 0 0 0 1 0 0 0 0 0 0 0 0 0 1 0 0 0 0 0 0 3 0 11 0 0 11 2 0 10 0 1 2 1 0 0 0 0 0 0 0 0 0 0 2 4 4 3 4 6 0 0 1 2 0 0 2 0 0 2 3 2 0 0 0 0 0 0 0 0 4 1 0 1 0 0 0 0 8 0 8 13 0 0 12 0 0 0 1 1 0 0 0 0 0 0 0 0 3 0 0 0 2 1 3 6 0 3 0 0 3 6 0 4 0 0 0 0 0 0 0 0 0 0 0 0 0 0 0 7 3 0 0 0 10 2 1 0 0 3 5 0 0 0 0 0 0 0 0 0 0 0 0 0 5 4 4 2 0 0 24 54 59 78 180 255 255 255 228 143 8 4 0 0 0 0 0 0 0 0 0 0 5 0 0 0 16 77 176 255 255 250 247 246 252 255 255 234 15 9 2 0 0 0 5 0 0 6 0 7 0 6 17 126 164 255 255 255 247 255 248 254 255 254 248 252 51 17 0 0 2 0 3 0 2 0 6 0 24 29 159 249 255 232 184 124 23 0 58 255 233 255 255 127 15 0 0 2 3 0 1 0 2 0 10 0 46 144 255 255 150 20 27 0 0 10 31 240 255 248 173 7 0 0 1 5 2 0 1 1 0 0 1 64 235 255 237 121 16 5 0 9 9 150 154 212 227 87 3 0 0 4 6 1 0 0 3 2 0 7 0 164 254 198 26 10 0 12 3 9 89 255 255 92 7 0 12 1 0 2 0 0 0 2 3 1 0 10 35 240 221 52 0 5 0 0 4 66 226 250 255 137 9 7 0 0 0 0 0 0 0 0 3 0 0 2 100 255 190 65 20 83 85 95 190 241 249 255 237 73 0 0 0 4 0 0 0 4 1 0 2 0 5 0 153 255 255 241 238 255 249 255 248 255 255 251 200 0 12 0 3 0 5 0 0 1 0 9 0 3 7 0 36 169 248 254 255 253 249 251 255 250 255 212 43 0 8 0 10 1 5 0 1 6 0 8 0 0 7 0 0 11 16 100 196 142 144 249 240 253 201 100 6 0 7 1 0 0 0 33 0 0 0 6 2 0 9 14 1 0 1 7 0 3 69 252 255 255 105 0 0 0 0 8 0 0 31 125 3 4 7 2 3 3 0 0 2 13 6 0 2 134 255 255 255 128 24 0 10 3 0 9 0 0 27 164 0 0 11 0 0 7 2 0 0 0 0 10 66 237 255 246 157 12 0 2 12 0 0 3 2 0 31 168 0 0 0 0 0 5 6 10 9 0 2 17 167 255 249 226 51 0 0 14 0 0 9 0 0 0 38 131 8 7 1 8 7 0 0 0 0 0 0 72 255 242 245 70 0 0 2 6 0 0 9 0 0 0 0 35 0 0 1 0 0 0 7 2 0 4 30 241 254 255 194 16 2 0 0 0 7 4 0 0 2 0 0 0 0 3 0 0 3 9 3 0 0 13 186 253 243 241 13 20 0 4 0 0 0 0 0 0 0 0 0 0 0 0 9 0 0 0 0 0 18 40 255 254 242 59 0 0 40 0 0 0 0 0 0 0 0 0 0 0 0 0 4 0 0 1 1 0 5 15 6 0 0 5 0 0 3 3 0 0 0 0 0 0 0 0 0 0 0 0 0 0 0 8 7 0 0 0 0 1 0 0 0 2 0 0 0 0 0 0 0 0 0 0 0 0 0 0
1 1 1 0 0 0 0 0 0 0 0 1 0 0 0 0 0 6 0 0 5 4 0 0 0 0 0 0 1 1 1 0 0 0 0 0 2 2 1 1 6 10 3 0 5 1 0 10 13 0 0 5 0 0 0 0 1 1 0 0 0 0 0 0 0 3 7 0 0 0 0 1 0 0 0 0 0 2 9 0 0 0 0 0 0 0 0 0 0 0 0 0 3 0 0 0 4 10 8 4 6 0 14 27 2 0 0 2 0 0 0 0 0 0 0 0 0 0 0 0 2 0 0 8 4 0 0 0 5 0 0 0 0 9 17 0 0 0 0 0 0 0 0 0 0 0 1 1 0 0 0 1 1 0 5 17 0 0 9 9 0 0 0 0 0 0 0 0 0 0 0 0 0 1 1 1 0 14 53 111 183 241 255 247 252 122 3 0 9 0 0 8 0 0 0 0 0 0 0 0 0 1 1 1 45 145 237 255 252 252 251 241 254 248 150 19 0 5 10 0 0 0 0 0 4 2 3 0 3 0 24 108 253 255 255 235 178 90 42 85 234 251 233 76 0 12 0 3 0 0 0 0 0 0 0 0 0 22 171 255 255 242 186 67 0 0 6 3 36 225 249 201 0 0 4 0 0 0 0 0 2 0 7 14 35 205 234 255 255 112 26 10 0 0 0 6 0 167 224 219 15 19 5 0 0 0 0 0 7 0 6 0 75 255 255 215 41 10 3 0 0 14 7 0 2 148 255 238 68 0 0 19 0 0 0 0 0 1 0 14 205 244 246 101 0 0 5 0 1 0 0 18 171 237 255 255 226 101 15 0 0 0 0 0 0 2 0 27 233 255 193 8 7 0 0 11 14 3 76 229 255 255 253 241 253 150 4 0 0 0 0 0 1 10 0 0 77 255 219 155 36 54 50 22 71 180 243 255 255 233 255 255 255 138 0 3 0 0 0 0 0 6 0 4 44 218 255 246 255 239 255 255 247 255 255 251 219 201 202 251 251 42 0 3 0 0 0 0 0 2 4 0 0 50 135 203 255 249 255 248 254 209 169 126 25 0 54 244 255 33 0 0 0 0 0 0 0 0 1 0 0 0 13 26 36 49 71 52 38 4 5 3 8 0 108 248 253 38 0 8 0 0 0 0 0 0 0 3 5 2 0 0 0 1 11 0 0 0 0 2 0 0 162 244 253 40 0 4 0 0 0 0 2 3 3 0 0 0 4 9 6 0 0 0 8 10 4 0 0 4 189 244 255 36 0 0 0 0 0 0 0 0 3 1 0 0 0 0 0 0 0 4 2 2 0 0 5 20 197 254 255 25 4 3 0 0 0 0 0 0 0 1 7 9 5 1 0 2 0 5 0 1 0 5 0 18 190 255 250 31 0 7 0 0 0 0 9 2 0 0 0 0 0 0 4 4 0 4 0 10 1 3 0 3 175 255 248 81 0 1 0 0 0 0 0 0 2 1 0 0 0 5 0 6 0 11 0 3 0 0 5 0 166 252 255 144 5 0 0 0 0 0 0 0 0 0 0 0 0 0 0 0 0 0 0 0 0 0 8 0 170 255 255 141 18 0 0 0 0 0 0 0 0 0 0 0 0 0 0 0 0 0 0 0 0 0 0 44 228 244 162 33 0 10 0 0 0 0 0 0 0 0 0 0 0 0 0 0 0 0 0 0 0 0 13 0 23 5 3 0 0 0 0 0 0 0 0 0 0 0 0 0 0 0 0 0 0 0 0 0 0 0 0 0 4 0 2 0 16 0 0 0 0 0
0 0 0 0 0 0 0 0 0 0 1 5 3 0 0 6 2 0 10 0 0 6 0 7 0 0 0 0 0 0 0 0 0 0 0 0 4 0 0 1 2 0 1 5 0 0 0 0 0 5 0 5 0 0 0 0 0 0 0 0 0 0 0 0 0 0 0 2 6 4 0 0 6 4 8 1 8 7 0 0 0 0 0 0 0 0 0 0 0 0 0 0 15 8 0 0 0 0 0 0 0 0 0 0 2 3 0 1 0 0 0 0 0 0 0 0 0 0 0 0 0 0 2 6 7 7 5 4 5 10 0 0 0 0 0 5 0 0 0 0 0 0 0 0 0 0 0 0 0 0 0 0 0 0 0 0 0 3 0 2 9 0 0 0 0 0 0 0 0 0 0 0 0 0 0 0 4 0 0 0 3 10 5 0 4 9 0 0 7 2 5 0 0 0 0 0 0 0 0 0 0 0 0 0 1 49 126 202 249 242 189 137 143 111 33 1 0 0 5 0 0 0 0 0 5 4 0 5 0 4 0 7 123 250 237 253 255 216 246 252 255 240 120 0 0 5 4 0 0 0 0 0 0 7 0 13 1 0 33 104 245 246 133 79 51 0 84 70 107 197 37 9 5 0 0 2 0 0 0 0 0 6 0 4 0 4 147 244 253 77 17 0 15 0 0 0 0 1 67 174 20 0 5 0 0 0 0 0 0 1 0 0 0 43 237 255 175 5 8 0 5 0 0 13 3 4 130 255 77 0 12 0 0 0 0 0 0 0 6 0 1 79 255 163 0 0 0 5 4 1 15 0 0 74 250 232 17 22 0 6 0 0 0 0 4 0 7 0 6 98 255 149 9 15 2 0 0 0 4 5 34 246 252 204 10 0 0 15 0 0 0 0 3 0 0 0 0 65 231 222 30 0 18 4 0 5 12 89 246 239 254 211 0 17 4 0 0 0 0 0 0 2 0 2 0 3 163 254 229 95 65 45 81 118 206 255 215 163 253 207 2 0 0 3 0 0 0 0 0 9 0 2 6 0 34 167 247 255 251 243 249 231 145 48 8 57 252 211 0 0 4 7 0 0 0 0 0 8 0 0 6 0 0 9 0 2 61 134 113 20 0 11 7 171 255 188 7 13 0 0 0 0 0 0 0 6 2 0 8 13 0 0 11 2 0 0 0 0 0 2 0 226 246 80 9 0 12 13 0 0 0 0 7 2 3 3 0 0 2 12 0 1 6 4 3 2 0 0 0 250 249 136 0 3 0 0 0 0 0 0 11 0 0 7 2 0 0 0 1 0 1 5 0 0 4 22 10 198 255 213 0 2 1 0 0 0 0 0 0 0 0 6 7 11 10 0 0 4 0 0 0 11 2 0 0 131 255 204 0 0 21 1 0 0 0 0 0 8 7 0 0 0 0 0 1 0 1 6 1 0 2 19 0 180 250 193 3 8 0 0 0 0 0 0 1 0 0 0 8 4 0 6 0 0 0 0 0 0 0 0 19 227 247 83 9 0 5 7 0 0 0 0 0 0 0 0 0 0 0 0 0 0 0 0 0 0 0 0 61 231 237 0 0 5 4 0 0 0 0 0 0 0 0 0 0 0 0 0 0 0 0 0 0 0 0 0 84 255 229 9 0 0 6 0 0 0 0 0 0 0 0 0 0 0 0 0 0 0 0 0 0 0 0 0 63 214 144 0 17 0 0 4 0 0 0 0 0 0 0 0 0 0 0 0 0 0 0 0 0 0 0 0 0 0 1 0 0 0 23 0 0 0 0 0
0 0 0 0 0 0 0 0 3 4 2 0 0 0 1 0 0 6 0 0 0 2 0 0 0 0 0 0 0 0 0 0 0 0 0 0 0 3 6 0 0 10 7 0 26 0 0 20 0 0 8 0 0 0 0 0 0 0 0 0 0 0 0 0 15 0 0 1 0 0 0 7 0 0 8 5 0 0 4 1 0 0 0 0 0 0 0 0 0 0 0 0 0 0 5 2 3 9 5 0 34 0 0 4 0 0 10 0 0 0 0 0 0 0 0 0 0 0 0 0 6 0 0 0 0 0 0 4 0 12 4 0 9 7 0 0 0 0 0 0 0 0 0 0 0 0 0 0 9 1 0 0 2 6 1 0 1 2 0 0 6 1 0 0 0 0 0 0 0 0 0 0 0 0 0 0 0 5 1 0 82 214 255 252 253 34 0 28 0 0 22 0 0 0 0 0 0 0 0 0 0 0 0 0 8 0 35 149 242 255 252 251 255 190 50 0 7 8 0 8 0 0 0 0 0 0 0 0 0 0 0 0 0 0 165 249 255 203 91 146 255 234 150 0 0 9 3 0 0 0 0 0 0 0 0 0 0 0 0 0 2 195 252 248 107 14 8 28 211 255 187 4 0 2 0 1 0 0 0 0 0 0 0 0 0 0 0 0 47 210 255 173 0 0 2 0 74 255 225 37 0 2 0 3 0 0 0 0 0 0 0 0 0 0 0 0 94 255 190 33 0 0 7 13 16 226 255 60 7 2 0 3 0 0 0 0 0 0 0 0 0 0 0 0 166 255 136 6 0 0 5 0 136 244 255 45 0 0 0 2 0 0 0 0 0 0 0 0 0 0 0 0 164 247 54 0 18 0 0 120 252 254 188 10 0 5 3 0 0 0 0 0 0 0 0 0 0 0 0 0 160 248 40 3 0 3 144 250 255 245 94 0 3 8 0 0 0 0 0 0 0 0 0 0 0 0 0 0 170 255 159 27 103 216 246 255 239 255 44 0 5 0 0 11 0 0 0 0 0 0 0 0 0 0 0 0 94 255 240 254 252 244 242 248 255 219 8 9 0 0 0 6 0 0 0 0 0 0 0 0 0 0 0 0 0 144 254 254 189 132 53 152 255 192 5 0 0 8 8 0 0 0 0 0 0 0 0 0 0 0 0 0 4 5 41 16 0 10 0 196 255 134 0 0 3 0 2 1 0 0 0 0 0 0 0 0 0 0 0 0 3 0 0 7 0 5 28 241 255 108 3 3 0 0 0 1 0 0 0 0 0 0 0 0 0 0 0 0 0 11 0 8 0 0 29 226 255 117 19 0 0 0 6 0 0 0 0 0 0 0 0 0 0 0 0 0 0 0 0 0 0 18 19 207 251 107 0 0 12 0 0 2 0 0 0 0 0 0 0 0 0 0 0 0 2 2 18 7 0 2 12 229 249 147 10 0 12 0 0 11 0 0 0 0 0 0 0 0 0 0 0 0 0 0 0 8 0 0 34 249 252 244 93 1 0 7 4 0 0 0 0 0 0 0 0 0 0 0 0 0 3 0 14 0 0 0 42 248 255 189 49 0 8 8 0 9 0 0 0 0 0 0 0 0 0 0 0 0 5 0 6 0 6 2 9 128 252 33 0 28 0 0 23 0 0 0 0 0 0 0 0 0 0 0 0 0 2 1 1 0 8 3 0 17 0 1 0 0 7 1 0 0 0 0 0 0 0 0 0 0 0 0 0 0 0 6 2 2 3 0 0 0 0 11 3 0 10 8 0 0 0 0 0 0
0 0 0 0 0 0 0 0 0 6 4 0 0 0 0 6 0 10 0 7 0 4 0 7 0 0 0 0 0 0 0 0 0 0 0 0 1 1 0 0 10 5 0 3 12 0 0 11 0 0 0 0 0 0 0 0 0 0 0 0 0 0 0 0 7 1 0 0 8 0 0 0 0 4 3 0 9 0 0 15 0 0 0 0 0 0 0 0 0 0 0 0 0 5 1 0 0 0 0 7 11 0 0 0 0 7 12 0 0 0 0 0 0 0 0 0 0 0 0 0 0 5 4 0 3 8 5 4 1 11 3 0 0 7 2 0 0 0 0 0 0 0 0 0 0 0 0 0 0 6 1 0 7 9 0 0 0 0 6 9 0 0 3 0 0 0 0 0 0 0 0 0 0 0 0 0 4 3 0 0 2 0 0 16 22 49 237 255 139 1 29 0 0 0 0 0 0 0 0 0 0 0 0 0 0 0 0 7 0 0 21 86 254 246 234 158 225 28 0 11 0 0 0 0 0 0 0 0 0 0 0 0 0 14 2 0 14 5 162 253 246 133 11 23 239 77 7 0 0 0 0 0 0 0 0 0 0 0 0 0 12 0 0 14 71 183 255 201 70 0 15 55 240 159 6 6 0 0 0 0 0 0 0 0 0 0 0 0 8 0 29 95 220 255 95 17 0 34 24 192 243 51 0 13 0 0 0 0 0 0 0 0 0 0 0 0 0 13 123 255 204 60 0 4 14 0 146 255 194 19 0 0 0 0 0 0 0 0 0 0 0 0 0 0 8 127 255 150 15 3 1 2 43 200 255 243 58 2 18 0 0 0 0 0 0 0 0 0 0 0 0 0 16 200 222 44 9 4 9 147 255 244 255 206 0 5 0 2 0 0 0 0 0 0 0 0 0 0 0 0 145 248 54 13 70 118 250 255 170 235 250 39 15 4 9 0 0 0 0 0 0 0 0 0 0 0 0 0 211 246 193 240 253 255 164 31 133 247 107 15 0 0 7 0 0 0 0 0 0 0 0 0 0 0 0 0 174 237 255 232 156 13 0 46 255 203 0 0 5 0 0 5 0 0 0 0 0 0 0 0 0 0 0 0 0 1 0 0 11 13 8 222 222 65 1 6 0 4 0 1 0 0 0 0 0 0 0 0 0 0 0 0 7 0 6 9 0 0 178 250 127 0 8 1 1 6 0 1 0 0 0 0 0 0 0 0 0 0 0 0 2 0 1 10 0 142 255 206 19 0 11 0 10 0 1 4 0 0 0 0 0 0 0 0 0 0 0 0 0 9 0 0 0 222 230 51 0 24 5 0 6 0 1 5 0 0 0 0 0 0 0 0 0 0 0 0 0 0 12 14 116 243 177 0 4 0 0 2 0 8 0 1 0 0 0 0 0 0 0 0 0 0 0 0 6 2 0 31 200 230 10 18 16 0 0 11 0 6 4 0 0 0 0 0 0 0 0 0 0 0 0 0 0 6 8 135 255 68 5 0 0 7 0 9 2 0 10 0 0 0 0 0 0 0 0 0 0 0 0 0 6 0 38 245 204 6 0 0 0 0 0 0 0 0 0 0 0 0 0 0 0 0 0 0 0 0 0 0 2 10 73 255 44 18 2 0 0 0 0 0 0 0 0 0 0 0 0 0 0 0 0 0 0 0 0 0 0 0 7 2 5 0 0 8 0 0 0 0 0 0 0 0 0 0 0 0 0 0 0 0 0 0 0 0 14 0 11 0 8 1 4 8 0 0 0 0 0 0 0 0 0 0 0 0
0 0 0 0 0 0 0 0 0 1 4 0 0 0 2 2 1 0 0 1 0 0 0 5 0 0 0 0 0 0 0 0 0 0 0 0 6 2 0 0 4 8 4 0 3 1 2 4 4 1 0 0 0 0 0 0 0 0 0 0 0 0 0 0 0 0 0 0 0 0 0 0 0 0 0 0 1 5 4 0 0 0 0 0 0 0 0 0 0 0 0 0 0 0 0 5 3 0 3 11 1 3 0 0 0 2 3 0 0 0 0 0 0 0 0 0 0 0 0 0 9 3 0 0 0 0 0 0 3 7 7 3 0 0 0 0 0 0 0 0 0 0 0 0 0 0 0 0 0 0 3 0 0 0 4 9 0 0 0 5 7 3 0 0 0 0 0 0 0 0 0 0 0 0 0 0 5 8 3 0 0 11 6 0 18 0 0 0 6 2 0 4 0 0 0 0 0 0 0 0 0 0 0 0 4 0 0 50 158 244 246 204 73 30 0 0 2 0 0 4 0 0 0 0 0 0 0 0 0 0 0 0 0 5 51 209 243 255 255 245 251 198 5 0 4 4 0 1 0 0 0 0 0 0 0 0 0 0 0 0 0 27 179 255 243 219 220 250 253 254 110 0 3 1 2 0 0 0 0 0 0 0 0 0 0 0 0 0 3 141 255 223 37 45 0 47 156 255 221 13 1 0 4 2 0 0 0 0 0 0 0 0 0 0 0 0 4 180 251 72 0 7 0 0 100 242 244 16 0 0 0 7 0 0 0 0 0 0 0 0 0 0 0 0 20 226 194 0 10 0 15 0 184 255 188 2 0 12 0 2 0 0 0 0 0 0 0 0 0 0 0 0 0 255 166 0 6 0 1 0 243 255 116 2 0 10 0 4 0 0 0 0 0 0 0 0 0 0 0 0 0 215 184 0 17 0 7 28 239 249 60 8 0 0 3 4 0 0 0 0 0 0 0 0 0 0 0 0 0 216 253 118 7 0 36 227 255 250 27 1 0 0 17 0 0 0 0 0 0 0 0 0 0 0 0 0 17 110 255 255 202 217 243 253 255 242 0 8 0 3 0 3 0 0 0 0 0 0 0 0 0 0 0 0 0 16 157 255 255 243 243 255 247 213 0 3 0 3 0 5 0 0 0 0 0 0 0 0 0 0 0 0 20 0 14 113 188 203 151 101 246 178 0 3 0 3 0 3 0 0 0 0 0 0 0 0 0 0 0 0 0 5 0 0 0 3 2 10 255 140 3 7 0 3 0 0 0 0 0 0 0 0 0 0 0 0 0 0 9 12 0 1 0 0 0 64 252 87 1 2 0 3 0 0 0 0 0 0 0 0 0 0 0 0 0 0 0 0 0 9 6 2 0 129 241 30 0 0 0 2 0 3 0 0 0 0 0 0 0 0 0 0 0 0 1 8 7 1 0 4 0 177 248 0 0 0 0 1 0 3 0 0 0 0 0 0 0 0 0 0 0 0 5 0 0 3 0 0 0 233 255 0 9 0 4 1 0 0 0 0 0 0 0 0 0 0 0 0 0 0 0 0 0 3 1 0 1 227 192 0 0 0 0 5 0 0 0 0 0 0 0 0 0 0 0 0 0 0 16 9 0 8 0 0 32 255 147 0 0 3 0 0 0 0 0 0 0 0 0 0 0 0 0 0 0 0 3 1 0 0 0 11 68 233 74 1 2 5 0 0 2 0 0 0 0 0 0 0 0 0 0 0 0 0 0 11 1 14 0 0 0 5 11 0 0 0 0 0 4 0 0 0 0 0
0 0 0 0 0 0 0 0 0 2 3 0 0 4 3 0 0 0 1 7 0 0 10 0 0 0 0 0 0 0 0 0 0 0 0 0 7 7 4 0 0 1 2 2 4 18 0 0 9 8 0 0 0 0 0 0 0 0 0 0 0 0 0 0 0 0 0 0 0 0 0 0 0 0 4 1 0 1 9 8 0 0 0 0 0 0 0 0 0 0 0 0 9 4 4 8 7 1 1 5 4 8 0 0 10 4 0 0 0 0 0 0 0 0 0 0 0 0 0 0 0 0 0 0 0 0 3 9 10 0 0 13 0 0 10 0 0 0 0 0 0 0 0 0 0 0 0 0 0 5 9 8 5 2 0 0 5 0 1 7 1 8 10 0 0 0 0 0 0 0 0 0 0 0 0 0 0 3 1 0 0 8 14 9 7 180 241 226 229 132 11 6 0 0 0 0 0 0 0 0 0 0 0 0 3 6 0 0 37 116 182 211 255 242 255 255 251 255 176 0 0 0 0 0 3 3 0 0 8 0 0 0 0 0 15 146 255 248 253 255 244 237 229 248 241 248 190 1 0 0 0 0 0 0 2 8 0 1 16 1 12 30 211 244 249 251 203 99 68 2 0 65 249 188 50 0 0 0 0 0 0 0 9 10 0 0 5 0 58 188 255 255 178 58 0 17 0 7 21 193 81 21 0 8 0 0 0 0 4 0 2 2 0 1 0 24 229 255 224 44 10 0 6 0 1 0 0 152 12 0 19 0 0 0 0 0 0 6 0 0 6 6 2 144 255 178 0 14 9 0 7 3 8 11 116 245 19 5 1 0 0 0 0 0 0 11 1 0 2 0 14 251 251 21 6 9 0 0 0 0 6 127 254 255 106 4 0 8 0 0 0 0 0 5 4 0 0 0 10 255 251 146 9 0 6 43 39 97 175 255 250 201 8 3 13 0 0 0 0 0 5 0 0 9 0 5 8 238 242 255 219 212 225 242 246 247 255 248 218 21 3 0 0 10 0 0 0 0 1 0 0 10 0 0 25 84 224 255 255 247 251 243 255 255 255 132 27 0 0 4 11 0 0 0 0 0 6 0 0 3 0 0 0 14 25 74 109 112 125 222 255 250 160 46 0 6 6 0 0 1 0 0 0 0 0 2 1 0 4 8 0 0 1 15 0 1 90 249 248 213 40 0 0 1 1 3 6 0 0 0 0 0 0 1 5 0 0 8 9 2 7 0 2 24 255 251 108 13 0 0 2 0 0 6 10 0 0 0 0 0 0 1 2 0 0 0 0 5 0 9 28 174 249 207 0 4 8 0 0 8 1 0 0 3 0 0 0 0 8 0 0 3 6 0 0 0 2 12 146 255 255 143 15 0 0 0 0 0 0 0 0 0 0 0 0 0 3 0 0 3 7 5 1 1 5 119 255 250 123 9 0 12 0 7 6 0 0 10 6 0 0 0 0 0 0 2 5 0 0 0 0 4 119 247 255 137 12 0 4 0 5 1 0 2 7 0 0 5 0 0 0 0 0 0 0 3 4 0 0 21 254 255 161 6 5 0 8 0 0 0 0 0 0 0 0 0 0 0 0 0 0 3 4 0 0 0 29 71 255 239 33 14 0 5 11 0 0 0 0 0 0 0 0 0 0 0 0 0 7 5 0 0 0 0 0 13 0 1 0 1 6 0 0 5 0 0 0 0 0 0 0 0 0 0 0 0 0 0 0 2 14 6 0 0 13 0 26 0 5 0 8 0 0 0 0 0 0 0 0 0 0 0 0 0
0 0 0 0 0 0 0 0 0 3 6 3 3 5 2 0 0 8 0 0 8 0 0 5 0 0 0 0 0 0 0 0 0 0 0 0 0 0 0 0 0 5 3 0 0 5 1 7 0 2 0 3 0 0 0 0 0 0 0 0 0 0 0 0 4 4 4 3 0 0 0 7 0 0 0 10 0 1 1 0 0 0 0 0 0 0 0 0 0 0 0 0 0 0 0 3 1 0 0 2 7 0 0 6 1 10 8 0 0 0 0 0 0 0 0 0 0 0 0 0 2 0 0 0 9 8 0 0 2 0 0 0 6 0 0 0 0 0 0 0 0 0 0 0 0 0 0 0 0 7 8 0 0 0 0 7 0 0 10 5 0 0 0 8 0 0 0 0 0 0 0 0 0 0 0 0 0 3 6 0 0 34 78 102 213 210 208 180 29 1 0 0 0 0 0 0 0 0 0 0 0 0 0 0 5 1 0 12 84 178 238 253 255 253 255 248 9 0 4 1 0 0 0 0 0 2 1 0 0 0 4 11 0 4 4 54 243 253 246 172 134 77 148 255 32 0 5 4 0 0 0 0 0 0 1 2 2 7 16 24 16 0 20 170 251 224 122 7 8 4 171 251 109 0 0 0 0 0 0 0 0 0 1 1 0 1 6 10 0 0 147 229 231 57 0 4 17 134 255 255 122 16 4 11 0 0 0 0 0 1 2 0 0 0 0 0 0 44 228 203 255 195 193 157 96 255 255 234 23 0 0 0 0 0 0 0 0 0 0 1 1 0 1 2 13 42 203 255 225 224 235 255 179 255 238 175 4 7 0 12 0 0 0 0 0 0 0 1 2 3 4 4 0 0 24 50 0 29 8 74 228 239 255 85 3 0 0 2 0 0 0 0 3 2 0 0 0 0 0 0 22 11 0 0 10 0 10 204 255 255 236 26 1 0 7 0 0 0 0 0 2 1 0 0 0 2 3 3 0 3 0 6 0 16 90 255 251 248 87 0 7 0 10 0 0 0 0 0 0 0 0 0 0 0 0 0 1 3 0 13 0 14 242 244 255 124 15 0 0 1 8 0 0 0 0 0 0 0 0 0 0 0 0 0 0 0 0 0 24 110 248 252 172 51 0 8 9 0 0 3 0 0 0 0 0 0 0 0 0 0 0 0 5 2 0 0 56 244 254 255 49 3 0 4 1 0 3 0 0 0 0 0 0 0 0 0 0 0 0 0 0 0 14 9 185 250 255 127 0 0 3 0 0 1 9 0 0 0 0 0 0 0 0 0 0 0 0 0 6 2 0 101 253 229 185 4 3 0 0 9 0 0 0 10 0 0 0 0 0 0 0 0 0 0 0 0 6 0 29 222 245 255 46 0 0 0 1 0 0 0 0 1 0 0 0 0 0 0 0 0 0 0 0 0 0 44 187 255 255 193 0 1 0 7 6 0 0 11 6 0 0 0 0 0 0 0 0 0 0 0 0 0 36 234 255 250 204 16 4 3 3 1 0 0 7 0 0 1 0 0 0 0 0 0 0 0 0 0 0 0 72 252 255 244 48 0 0 5 0 0 0 0 0 0 0 0 0 0 0 0 0 0 0 0 0 0 0 0 30 232 250 149 0 0 21 0 0 0 0 0 0 0 0 0 0 0 0 0 0 0 0 0 0 0 0 0 0 9 0 0 1 6 13 0 0 0 0 0 0 0 0 0 0 0 0 0 0 0 0 0 0 0 0 0 4 0 7 2 5 0 0 10 0 0 0 0 0 0 0 0 0 0 0 0
0 0 0 0 0 0 0 0 6 0 6 0 0 6 0 0 0 0 0 0 0 0 0 0 0 0 0 0 0 0 0 0 0 0 0 0 0 0 3 2 0 0 0 12 0 0 0 0 0 0 0 0 0 0 0 0 0 0 0 0 0 0 0 0 0 3 4 0 0 12 5 0 0 0 0 0 0 0 0 0 0 0 0 0 0 0 0 0 0 0 0 0 7 0 0 6 8 0 0 5 0 0 0 0 0 0 0 0 0 0 0 0 0 0 0 0 0 0 0 0 0 0 4 6 0 0 0 3 0 0 0 0 0 0 0 0 0 0 0 0 0 0 0 0 0 0 0 0 10 8 0 0 0 1 9 0 0 0 0 0 0 0 0 0 0 0 0 0 0 0 0 0 0 0 0 0 0 24 94 191 205 125 49 0 0 0 0 0 0 0 0 0 0 0 0 0 0 0 0 0 0 0 0 0 16 174 255 255 251 255 240 135 0 0 0 0 0 0 0 0 0 0 0 0 5 0 0 2 0 2 4 0 126 255 248 215 172 232 247 255 127 0 0 1 10 0 3 4 0 0 0 0 0 2 4 3 0 0 0 4 198 255 209 0 24 0 190 245 222 18 8 2 2 0 9 0 0 0 0 0 0 3 2 2 4 0 8 45 251 241 137 0 0 20 60 255 255 92 0 0 0 0 11 0 0 0 0 0 0 6 0 0 7 0 17 71 253 246 98 18 9 0 0 177 253 198 30 0 0 0 2 3 0 0 0 0 3 8 0 0 4 0 0 44 241 255 135 0 0 7 0 105 244 255 153 14 1 3 0 1 0 0 0 0 0 2 0 0 8 0 0 11 209 254 252 22 3 1 0 73 253 243 255 22 0 7 1 0 0 0 0 0 0 0 0 4 7 3 0 2 95 250 239 198 22 14 26 115 250 235 255 19 0 5 1 1 0 0 0 0 5 0 1 1 0 0 4 0 2 101 245 255 251 248 244 255 243 255 199 18 7 0 0 9 0 0 0 0 0 0 0 0 0 0 0 0 0 0 58 167 252 255 214 175 244 255 175 0 5 7 0 0 0 0 0 0 0 0 0 0 0 0 0 0 10 0 0 9 26 27 24 27 252 255 161 6 0 0 1 0 0 0 0 0 0 0 0 0 0 0 0 0 2 4 6 4 0 0 0 4 187 251 176 3 9 4 7 0 0 0 0 0 0 0 0 0 0 0 0 0 0 0 1 0 0 3 4 2 199 255 226 9 0 0 4 1 0 0 0 0 0 0 0 0 0 0 0 0 6 6 2 0 0 4 1 0 197 230 255 36 5 0 3 0 0 0 0 0 0 0 0 0 0 0 0 0 0 0 1 2 0 0 0 0 111 243 255 11 10 18 0 5 0 0 0 0 0 0 0 0 0 0 0 0 9 7 4 0 0 0 2 12 59 255 255 50 0 1 0 7 0 0 0 0 0 0 0 0 0 0 0 0 0 0 0 6 8 0 0 0 6 178 255 226 10 0 20 0 0 0 0 0 0 0 0 0 0 0 0 0 0 0 0 0 0 0 0 0 2 132 255 227 0 8 0 1 0 0 0 0 0 0 0 0 0 0 0 0 0 0 0 0 0 0 0 0 0 94 226 196 9 0 0 11 0 0 0 0 0 0 0 0 0 0 0 0 0 0 0 0 0 0 0 0 9 0 5 0 0 7 1 0 0 0 0 0 0 0 0 0 0 0 0 0 0 0 0 0 0 0 0 0 11 0 5 0 0 0 5 16 0 0 0 0
0 0 0 0 0 0 0 0 0 0 3 5 2 0 0 0 0 8 6 0 2 1 0 0 0 0 0 0 0 0 0 0 0 0 0 0 10 8 0 0 0 11 14 5 0 1 0 0 5 3 0 5 0 0 0 0 0 0 0 0 0 0 0 0 0 4 12 5 0 0 0 0 2 0 0 0 0 0 0 3 0 0 0 0 0 0 0 0 0 0 0 0 6 0 0 3 9 4 1 6 0 2 6 1 0 0 1 0 0 0 0 0 0 0 0 0 0 0 0 0 0 0 0 2 0 0 0 0 0 0 7 6 0 1 8 0 0 0 0 0 0 0 0 0 0 0 0 0 0 5 1 0 0 12 11 0 20 0 0 2 0 2 8 0 0 0 0 0 0 0 0 0 0 0 0 0 7 0 2 74 173 241 255 248 140 40 0 0 1 0 2 0 0 0 0 0 0 0 0 0 0 0 0 0 0 17 106 225 255 253 243 255 255 105 0 3 7 0 1 8 0 0 0 0 0 0 0 0 0 0 0 0 0 108 247 251 202 57 42 78 201 239 84 0 17 2 0 13 0 0 0 0 0 0 0 0 0 0 0 0 47 246 245 95 10 0 23 0 36 189 180 0 0 0 9 0 0 0 0 0 0 0 0 0 0 0 0 0 107 237 149 12 0 2 0 0 37 182 246 37 0 0 8 0 0 0 0 0 0 0 0 0 0 0 0 0 150 237 17 0 15 3 8 9 181 233 255 74 0 5 0 5 0 0 0 0 0 0 0 0 0 0 0 0 167 197 10 0 0 0 0 107 248 255 255 59 0 10 0 0 0 0 0 0 0 0 0 0 0 0 0 0 131 222 24 0 0 8 128 240 255 241 199 9 0 0 8 0 0 0 0 0 0 0 0 0 0 0 0 0 64 255 238 169 178 229 251 244 255 241 139 0 7 0 6 1 0 0 0 0 0 0 0 0 0 0 0 0 28 222 254 250 255 243 255 228 228 255 134 13 0 0 3 1 0 0 0 0 0 0 0 0 0 0 0 0 3 57 196 254 217 142 91 12 160 253 137 5 5 0 0 1 0 0 0 0 0 0 0 0 0 0 0 0 0 0 25 40 5 2 11 0 157 255 125 0 7 8 3 3 0 0 0 0 0 0 0 0 0 0 0 0 2 0 0 11 0 4 1 1 80 244 121 0 0 0 0 0 0 0 0 0 0 0 0 0 0 0 0 0 0 1 0 4 2 8 0 0 55 255 142 7 15 0 10 6 0 0 0 0 0 0 0 0 0 0 0 0 7 6 1 0 7 0 2 7 74 255 125 0 1 0 1 0 0 0 0 0 0 0 0 0 0 0 0 0 0 0 5 0 12 0 0 0 90 255 140 1 10 2 9 5 0 0 0 0 0 0 0 0 0 0 0 0 4 0 1 0 0 0 3 2 90 239 140 4 0 0 0 1 0 0 0 0 0 0 0 0 0 0 0 0 0 0 0 8 0 6 0 0 152 255 140 0 1 5 0 3 0 0 0 0 0 0 0 0 0 0 0 0 0 0 0 0 0 0 0 0 156 255 143 0 0 4 11 0 0 0 0 0 0 0 0 0 0 0 0 0 0 0 0 0 0 0 0 0 183 237 126 9 0 0 0 0 0 0 0 0 0 0 0 0 0 0 0 0 0 0 0 0 0 0 0 0 0 25 0 0 7 1 5 1 0 0 0 0 0 0 0 0 0 0 0 0 0 0 0 0 0 0 0 0 0 5 0 6 13 0 0 0 0 0 0 0
0 0 0 0 0 0 0 0 0 1 4 4 0 0 0 5 0 0 0 0 0 0 0 11 0 0 0 0 0 0 0 0 0 0 0 0 4 2 0 0 0 5 3 0 3 2 4 6 4 0 0 0 0 0 0 0 0 0 0 0 0 0 0 0 0 6 7 0 0 4 5 0 0 0 1 0 1 3 0 0 0 0 0 0 0 0 0 0 0 0 0 0 0 0 3 4 2 1 1 2 0 1 0 0 0 1 3 0 0 0 0 0 0 0 0 0 0 0 0 0 11 0 0 3 3 0 0 0 1 5 6 1 0 0 0 0 0 0 0 0 0 0 0 0 0 0 0 0 0 0 0 3 0 0 8 25 0 0 0 3 3 0 0 0 0 0 0 0 0 0 0 0 0 0 0 0 0 2 0 0 0 6 0 0 12 0 0 0 6 0 0 2 0 0 0 0 0 0 0 0 0 0 0 0 0 3 17 74 179 255 243 181 58 21 0 0 7 0 0 2 0 0 0 0 0 0 0 0 0 0 0 0 0 25 183 250 255 247 255 249 245 122 0 12 0 0 12 0 0 0 0 0 0 0 0 0 0 0 0 0 3 155 255 255 252 229 213 222 255 226 26 3 0 0 4 8 0 0 0 0 0 0 0 0 0 0 0 0 70 250 253 216 131 59 0 7 163 255 73 0 1 2 0 3 0 0 0 0 0 0 0 0 0 0 0 0 103 246 178 44 0 0 14 0 29 255 137 0 0 10 0 0 0 0 0 0 0 0 0 0 0 0 0 0 181 247 57 2 0 16 7 0 72 251 210 12 0 1 1 2 0 0 0 0 0 0 0 0 0 0 0 0 183 224 1 6 10 0 0 79 210 255 255 51 1 0 0 7 0 0 0 0 0 0 0 0 0 0 0 0 152 255 169 41 62 30 157 249 255 254 255 85 10 0 0 2 0 0 0 0 0 0 0 0 0 0 0 0 102 255 245 255 240 255 255 241 253 245 252 92 0 2 1 0 0 0 0 0 0 0 0 0 0 0 0 0 67 199 255 255 244 255 247 175 81 218 254 99 3 0 3 0 0 0 0 0 0 0 0 0 0 0 0 0 0 12 20 79 153 167 102 0 24 200 238 89 0 1 6 2 0 0 0 0 0 0 0 0 0 0 0 0 0 0 0 4 5 0 2 0 37 249 255 90 4 3 0 0 0 0 0 0 0 0 0 0 0 0 0 0 12 12 2 0 0 0 6 4 34 255 255 49 1 0 0 3 0 0 0 0 0 0 0 0 0 0 0 0 0 0 10 3 0 0 0 0 29 255 233 6 5 0 5 4 0 0 0 0 0 0 0 0 0 0 0 0 19 0 0 0 0 0 0 0 42 255 215 0 14 0 2 0 0 0 0 0 0 0 0 0 0 0 0 0 0 0 7 8 4 2 0 13 33 245 172 0 2 6 0 1 0 0 0 0 0 0 0 0 0 0 0 0 7 0 9 0 0 9 0 0 56 255 160 2 0 10 0 4 0 0 0 0 0 0 0 0 0 0 0 0 0 0 0 0 0 0 0 0 120 253 170 0 5 5 0 1 0 0 0 0 0 0 0 0 0 0 0 0 0 0 0 0 0 0 0 0 102 255 210 12 0 2 4 0 0 0 0 0 0 0 0 0 0 0 0 0 0 0 0 0 0 0 0 0 58 155 114 5 0 0 0 2 0 0 0 0 0 0 0 0 0 0 0 0 0 0 0 0 0 0 0 0 10 21 0 0 11 0 0 7 0 0 0 0
0 0 0 0 0 0 0 0 0 2 0 9 1 0 6 0 0 0 0 1 0 0 0 0 0 0 0 0 0 0 0 0 0 0 0 0 7 5 0 0 0 9 11 0 1 1 1 0 0 0 0 0 0 0 0 0 0 0 0 0 0 0 0 0 0 5 11 3 6 6 0 0 4 2 0 0 0 0 0 0 0 0 0 0 0 0 0 0 0 0 0 0 0 0 0 0 4 3 0 24 1 0 0 0 0 0 0 0 0 0 0 0 0 0 0 0 0 0 0 0 10 3 0 0 0 0 0 0 0 0 0 0 2 2 0 0 0 0 0 0 0 0 0 0 0 0 0 0 0 4 5 4 0 0 20 0 0 0 0 0 2 3 0 0 0 0 0 0 0 0 0 0 0 0 0 0 13 0 0 143 253 255 184 24 9 4 0 0 0 2 1 0 0 0 0 0 0 0 0 0 0 0 0 0 0 5 69 234 255 237 255 213 19 10 0 0 0 1 2 0 0 0 0 0 0 0 0 0 0 0 0 0 0 0 245 247 246 221 245 251 199 15 0 0 6 7 0 0 0 0 0 0 0 0 0 0 0 0 0 0 9 105 255 255 183 0 79 214 244 159 20 0 5 0 3 16 0 0 0 0 0 0 0 0 0 0 0 0 0 253 229 225 48 11 2 70 240 255 91 27 7 0 3 0 0 0 0 0 0 0 0 0 0 0 0 0 16 255 255 121 0 10 0 0 125 242 255 248 127 0 1 23 0 0 0 0 0 0 0 0 0 0 0 0 27 235 255 30 4 0 8 10 4 168 248 255 174 13 3 0 0 0 0 0 0 0 0 0 0 0 0 0 16 255 181 0 0 11 0 0 47 229 255 250 173 0 10 3 0 0 0 0 0 0 0 0 0 0 0 0 19 245 181 2 6 0 25 76 216 255 241 255 179 3 0 1 0 0 0 0 0 0 0 0 0 0 0 0 13 227 234 16 0 67 189 246 253 255 255 181 22 0 6 0 0 0 0 0 0 0 0 0 0 0 0 0 0 70 243 252 252 249 255 252 248 255 181 0 3 11 0 0 0 0 0 0 0 0 0 0 0 0 0 0 0 0 198 255 253 255 245 243 251 251 81 9 0 0 6 0 0 0 0 0 0 0 0 0 0 0 0 0 12 0 5 38 79 124 138 255 255 186 2 13 0 0 10 0 0 0 0 0 0 0 0 0 0 0 0 0 1 0 0 14 0 4 158 251 241 85 0 0 5 0 0 0 0 0 0 0 0 0 0 0 0 0 0 0 4 0 7 0 0 48 235 255 170 13 6 0 8 2 0 0 0 0 0 0 0 0 0 0 0 0 0 0 0 20 0 2 9 207 247 255 74 0 0 6 0 1 3 0 0 0 0 0 0 0 0 0 0 0 0 0 0 0 0 17 0 232 251 195 14 0 0 11 0 1 3 0 0 0 0 0 0 0 0 0 0 0 0 0 0 4 11 0 176 255 247 84 1 0 12 0 0 4 0 5 0 0 0 0 0 0 0 0 0 0 0 0 0 9 0 7 223 241 250 5 0 0 0 0 0 0 0 0 0 0 0 0 0 0 0 0 0 0 0 0 2 6 17 0 33 252 82 0 0 0 0 0 0 0 0 0 0 0 0 0 0 0 0 0 0 0 0 0 0 0 0 4 0 5 0 5 0 0 0 0 0 0 0 0 0 0 0 0 0 0 0 0 0 0 0 0 4 9 0 3 3 0 3 0 0 0 0 0 0 0 0 0 0 0 0 0
0 0 0 0 0 0 0 0 11 0 3 0 0 9 5 0 0 3 4 1 0 0 0 0 0 0 0 0 0 0 0 0 0 0 0 0 0 0 5 9 6 0 0 0 0 0 0 0 0 0 0 0 0 0 0 0 0 0 0 0 0 0 0 0 0 16 0 0 1 8 10 11 2 0 0 0 0 2 1 0 0 0 0 0 0 0 0 0 0 0 0 0 0 9 0 0 1 0 1 0 3 1 1 3 3 0 0 0 0 0 0 0 0 0 0 0 0 0 0 0 7 0 0 13 0 0 6 6 0 0 3 7 4 0 0 2 0 0 0 0 0 0 0 0 0 0 0 0 13 0 3 0 0 12 6 0 0 0 0 3 2 0 0 5 0 0 0 0 0 0 0 0 0 0 0 0 0 0 19 0 0 10 0 13 17 3 0 0 2 0 0 4 0 0 0 0 0 0 0 0 0 0 0 0 3 0 7 0 8 0 21 233 40 15 0 0 3 1 0 0 0 0 0 0 0 0 0 0 0 0 0 0 0 0 0 8 53 181 255 251 191 0 0 1 3 0 5 0 0 0 0 0 0 0 0 0 0 0 0 0 4 0 1 196 224 226 255 242 213 3 1 1 0 0 3 1 0 0 0 0 0 0 0 0 0 0 0 0 0 7 184 248 173 9 186 255 242 13 3 1 0 0 1 1 0 0 0 0 0 0 0 0 0 0 0 0 2 134 242 127 6 84 245 174 255 27 2 1 0 2 0 0 0 0 0 0 0 0 0 0 0 0 0 0 0 168 190 30 17 185 221 80 255 48 0 2 0 3 0 0 0 0 0 0 0 0 0 0 0 0 0 0 16 167 175 0 50 255 96 49 253 78 0 1 4 0 1 0 0 0 0 0 0 0 0 0 0 0 0 0 0 44 249 175 255 182 3 43 245 110 0 0 8 0 4 0 0 0 0 0 0 0 0 0 0 0 0 0 0 14 122 200 192 27 2 0 241 132 0 0 10 0 6 1 0 0 0 0 0 0 0 0 0 0 0 0 0 0 0 0 0 0 0 0 248 149 0 2 0 0 2 1 0 0 0 0 0 0 0 0 0 0 0 0 0 0 0 0 0 0 0 0 217 166 2 3 0 0 4 0 0 0 0 0 0 0 0 0 0 0 0 0 0 0 0 0 0 0 0 0 188 198 7 5 0 2 4 0 0 0 0 0 0 0 0 0 0 0 0 0 0 0 0 0 0 0 0 0 176 229 7 2 0 3 0 0 0 0 0 0 0 0 0 0 0 0 0 0 0 0 0 0 0 0 0 0 164 240 4 0 4 2 0 0 0 0 0 0 0 0 0 0 0 0 0 0 0 0 0 0 0 0 0 0 138 237 19 0 5 1 0 3 0 0 0 0 0 0 0 0 0 0 0 0 0 0 0 0 0 0 0 0 106 237 58 0 3 0 0 2 0 0 0 0 0 0 0 0 0 0 0 0 0 0 0 0 0 0 0 0 86 244 95 3 2 0 0 0 0 0 0 0 0 0 0 0 0 0 0 0 0 0 0 0 0 0 0 0 37 255 83 10 0 7 5 0 0 0 0 0 0 0 0 0 0 0 0 0 0 0 0 0 0 0 0 0 0 199 184 0 0 4 7 5 0 0 0 0 0 0 0 0 0 0 0 0 0 0 0 0 0 0 0 0 26 137 186 16 6 1 0 0 0 0 0 0 0 0 0 0 0 0 0 0 0 0 0 0 0 0 0 0 0 1 6 0 2 0 5 6 0 0 0 0
0 0 0 0 0 0 0 0 12 0 0 11 5 0 0 0 2 0 1 0 3 10 0 3 0 0 0 0 0 0 0 0 0 0 0 0 0 0 0 0 0 4 7 0 0 3 0 17 0 0 4 0 0 0 0 0 0 0 0 0 0 0 0 0 0 1 13 11 0 0 5 10 0 4 0 3 0 3 0 8 0 0 0 0 0 0 0 0 0 0 0 0 16 0 0 0 0 2 0 0 12 0 3 7 0 17 0 8 0 0 0 0 0 0 0 0 0 0 0 0 0 0 5 1 0 5 12 3 0 0 0 12 0 0 9 0 0 0 0 0 0 0 0 0 0 0 0 0 8 0 0 16 7 0 0 0 0 31 0 0 22 1 2 0 0 0 0 0 0 0 0 0 0 0 0 0 3 3 4 0 0 41 153 238 255 240 158 21 0 0 0 19 0 0 0 0 0 0 0 0 0 0 0 0 0 7 0 0 100 216 175 38 112 62 234 124 0 11 12 0 0 0 0 0 0 0 0 0 0 0 0 0 0 8 0 167 255 115 0 6 0 6 138 183 7 0 2 3 0 0 0 0 0 0 0 0 0 0 0 0 0 0 163 238 77 11 19 0 3 8 226 182 0 26 0 4 0 0 0 0 0 0 0 0 0 0 0 0 0 65 255 153 0 0 0 15 0 108 255 108 12 0 0 0 0 0 0 0 0 0 0 0 0 0 0 0 0 218 191 23 24 0 15 0 5 242 233 106 0 0 0 3 0 0 0 0 0 0 0 0 0 0 0 0 78 255 191 20 0 12 8 0 95 255 255 99 0 9 0 2 0 0 0 0 0 0 0 0 0 0 0 0 206 225 11 0 0 1 0 29 219 255 194 9 10 1 2 0 0 0 0 0 0 0 0 0 0 0 0 0 255 157 13 1 12 0 19 198 255 254 40 0 1 8 0 0 0 0 0 0 0 0 0 0 0 0 0 0 247 65 2 0 0 0 179 174 255 178 4 12 0 0 5 0 0 0 0 0 0 0 0 0 0 0 0 0 237 185 32 26 127 242 192 20 252 177 0 4 0 0 6 0 0 0 0 0 0 0 0 0 0 0 0 0 86 252 254 249 249 132 0 69 247 94 0 0 0 1 6 0 0 0 0 0 0 0 0 0 0 0 0 0 12 14 88 129 38 0 21 175 244 13 1 0 0 3 3 0 0 0 0 0 0 0 0 0 0 0 0 0 4 0 4 8 10 0 0 216 218 0 4 0 0 3 0 5 0 0 0 0 0 0 0 0 0 0 0 0 1 0 6 0 0 2 55 255 140 3 0 3 0 4 0 4 0 0 0 0 0 0 0 0 0 0 0 0 3 0 6 6 0 0 130 255 45 9 0 6 3 5 0 0 0 0 0 0 0 0 0 0 0 0 0 0 0 0 2 14 0 0 204 236 0 6 0 4 2 0 0 0 0 0 0 0 0 0 0 0 0 0 0 0 3 15 0 0 15 11 235 180 0 6 2 0 0 0 2 0 0 0 0 0 0 0 0 0 0 0 0 0 10 0 5 5 0 167 253 58 0 0 0 0 0 0 0 0 0 0 0 0 0 0 0 0 0 0 0 0 0 9 9 0 15 175 205 7 0 0 0 0 0 0 0 0 0 0 0 0 0 0 0 0 0 0 0 0 0 0 0 5 0 5 15 0 0 0 0 0 0 0 0 0 0 0 0 0 0 0 0 0 0 0 0 0 3 11 4 5 7 0 0 1 0 0 0 0 0 0 0 0 0 0 0 0
0 0 0 0 0 0 0 0 10 0 4 14 0 0 7 0 1 0 3 0 6 0 0 5 0 0 0 0 0 0 0 0 0 0 0 0 0 9 0 0 5 5 0 0 1 0 0 0 0 14 14 3 0 0 0 0 0 0 0 0 0 0 0 0 10 0 4 10 0 0 4 9 0 2 10 9 0 0 6 0 0 0 0 0 0 0 0 0 0 0 0 0 18 0 0 6 0 0 9 0 0 0 0 6 0 0 5 6 0 0 0 0 0 0 0 0 0 0 0 0 0 9 12 0 5 6 3 11 3 11 0 0 7 6 1 8 0 0 0 0 0 0 0 0 0 0 0 0 18 0 0 2 4 0 0 0 0 2 11 0 0 6 0 0 0 0 0 0 0 0 0 0 0 0 0 0 0 0 100 230 255 252 196 119 39 0 7 4 0 9 0 7 0 0 0 0 0 0 0 0 0 0 0 0 0 140 250 255 246 252 255 252 215 18 0 6 0 11 0 2 0 0 0 0 3 0 0 6 0 0 12 0 83 251 248 227 46 44 97 221 242 220 136 26 0 0 19 0 0 0 0 0 0 2 0 2 0 0 3 23 255 249 231 43 0 0 6 18 71 250 243 108 12 0 0 0 0 0 0 0 0 6 0 0 0 8 0 81 255 222 133 2 1 0 12 0 3 243 255 153 4 10 0 5 0 0 0 0 0 6 0 0 0 7 0 160 251 254 56 13 0 0 1 5 144 251 251 173 0 2 0 1 0 0 0 0 1 2 0 3 0 0 0 211 248 237 23 0 6 26 0 38 235 255 242 168 0 0 1 0 0 0 0 0 4 0 0 4 0 0 4 193 255 254 14 4 12 0 0 88 242 255 250 158 5 1 3 0 0 0 0 0 3 0 2 0 3 0 1 117 247 255 20 7 0 9 89 219 255 248 255 210 23 3 1 0 0 0 0 0 1 0 4 0 6 3 0 47 254 247 122 0 32 169 215 255 207 152 239 255 22 0 4 7 0 0 0 0 0 1 2 0 0 0 7 14 254 255 255 250 246 255 251 196 16 142 253 249 20 5 0 3 0 0 0 0 0 1 2 0 0 0 4 10 171 233 254 248 245 185 82 24 7 136 253 250 28 5 0 3 0 0 0 0 0 0 2 0 0 0 1 5 13 86 150 132 56 5 0 8 1 118 255 254 62 6 0 6 0 0 0 0 0 0 1 1 0 0 0 0 0 0 0 8 0 0 6 0 0 79 255 251 121 0 0 5 0 0 0 0 0 0 1 1 0 0 0 0 0 12 5 0 9 0 0 13 0 35 249 244 186 0 1 0 0 0 0 0 0 0 0 0 0 0 0 0 6 1 0 0 0 2 1 7 4 17 252 248 235 0 6 0 0 0 0 0 0 0 0 0 0 0 0 0 8 0 3 12 0 0 7 0 5 21 255 254 248 0 8 0 0 0 0 0 1 0 0 0 0 1 2 1 0 8 2 0 2 0 0 6 0 26 253 253 236 2 1 0 0 0 0 0 0 0 0 0 0 0 0 0 0 0 0 0 0 0 0 0 0 7 186 255 237 0 6 0 0 0 0 0 0 0 0 0 0 0 0 0 0 0 0 0 0 0 0 0 13 0 116 236 210 0 0 15 0 0 0 0 0 0 0 0 0 0 0 0 0 0 0 0 0 0 0 0 0 3 4 10 0 0 8 0 0 0 0 0 0 0 0 0 0 0 0 0 0 0 0 0 0 0 0 0 0 12 0 3 4 7 7 0 0 0 0 0
0 0 0 0 0 0 0 0 0 2 4 2 0 0 0 0 0 0 0 3 4 0 0 0 0 0 0 0 0 0 0 0 0 0 0 0 0 0 0 0 0 4 7 7 3 1 0 0 0 0 4 9 0 0 0 0 0 0 0 0 0 0 0 0 10 4 0 0 0 0 0 0 0 2 4 2 0 0 0 0 0 0 0 0 0 0 0 0 0 0 0 0 0 0 0 1 5 6 7 9 0 0 2 2 3 5 5 2 0 0 0 0 0 0 0 0 0 0 0 0 0 0 0 3 2 0 0 0 3 2 0 0 0 0 0 0 0 0 0 0 0 0 0 0 0 0 0 0 1 0 0 5 6 1 0 4 0 0 2 1 6 13 11 2 0 0 0 0 0 0 0 0 0 0 0 0 13 0 0 0 5 3 0 0 0 8 7 0 0 0 0 0 0 0 0 0 0 0 0 0 0 0 0 0 0 0 9 63 126 172 200 216 201 184 135 66 14 0 1 7 0 0 0 0 0 19 0 0 15 0 1 4 0 50 186 235 251 255 255 251 255 255 242 237 153 28 1 5 0 0 0 0 6 0 6 0 0 0 0 0 57 236 241 250 255 255 228 255 253 251 255 251 255 221 22 0 0 0 0 0 4 0 17 0 0 6 2 74 232 255 255 254 132 58 75 65 65 65 232 240 255 255 178 2 0 0 0 0 0 0 7 0 11 0 16 210 255 240 208 87 1 0 21 0 15 33 255 255 232 243 240 0 0 0 0 0 0 10 0 0 12 0 51 255 254 255 139 0 8 5 0 0 0 119 238 255 241 252 114 3 0 0 0 0 3 6 0 3 0 0 100 253 255 249 55 0 6 0 3 6 6 246 252 254 255 150 0 2 0 0 0 0 0 1 0 6 0 3 103 243 240 255 73 0 5 0 2 4 48 250 255 250 185 12 0 2 0 0 0 0 0 7 1 0 6 0 60 252 255 244 227 223 206 128 119 106 183 240 255 255 88 6 0 0 0 0 0 0 1 0 1 0 6 0 6 223 249 255 254 255 241 255 255 247 255 248 255 216 16 0 13 0 0 0 0 0 3 1 5 0 0 5 0 91 194 245 255 246 255 255 252 255 253 255 240 84 0 6 0 0 0 0 0 0 1 0 5 4 0 11 0 0 0 14 9 95 38 99 114 217 255 255 232 23 1 16 0 6 0 0 0 0 0 0 0 12 1 0 5 0 2 13 0 0 2 0 50 235 252 243 150 16 0 0 0 0 0 0 0 0 0 7 0 0 6 0 0 7 6 0 10 8 0 8 148 255 255 241 30 2 0 0 9 0 0 0 0 0 0 13 0 0 10 0 0 0 0 14 0 0 0 6 147 255 255 255 0 8 3 2 3 3 0 0 0 0 0 2 6 0 11 7 2 0 18 0 7 4 13 1 241 255 243 179 2 10 3 0 0 0 0 0 0 0 6 0 14 0 3 0 0 0 0 7 0 3 0 41 255 245 255 70 0 0 0 2 5 1 0 0 0 0 0 0 0 0 0 0 0 0 0 2 0 19 0 162 255 251 218 12 0 2 3 0 13 0 0 0 0 0 0 0 0 0 0 0 0 0 3 0 0 4 16 196 255 241 249 40 1 0 2 0 8 7 0 0 0 0 0 0 0 0 0 0 0 0 0 11 4 0 0 113 228 255 159 21 3 0 4 0 1 1 0 0 0 0 0 0 0 0 0 0 0 0 0 0 8 10 0 0 2 9 20 0 11 0 1 0 3 0 0 0 0 0
0 0 0 0 0 0 0 0 0 4 0 11 0 4 0 3 0 0 1 0 0 0 0 3 0 0 0 0 0 0 0 0 0 0 0 0 11 6 0 0 0 8 0 0 0 1 2 1 0 0 0 1 0 0 0 0 0 0 0 0 0 0 0 0 0 0 1 14 7 10 0 0 0 2 3 2 0 0 0 0 0 0 0 0 0 0 0 0 0 0 0 0 3 4 1 0 0 0 0 2 0 0 1 1 0 0 0 0 0 0 0 0 0 0 0 0 0 0 0 0 0 0 0 0 3 4 6 2 0 0 0 0 0 0 0 0 0 0 0 0 0 0 0 0 0 0 0 0 5 6 14 3 3 0 0 0 0 0 0 0 0 0 0 0 0 0 0 0 0 0 0 0 0 0 0 0 0 0 0 0 8 3 8 0 8 4 0 0 0 1 1 0 0 0 0 0 0 0 0 0 0 0 0 0 2 0 41 120 230 244 197 125 15 9 2 0 0 1 0 0 0 0 0 0 4 0 0 0 0 0 7 0 0 47 225 253 255 252 255 242 221 8 3 0 8 1 0 7 0 0 0 0 0 4 3 0 0 8 2 0 15 183 246 255 208 154 145 255 239 133 110 52 0 6 15 0 0 0 0 0 0 0 13 0 0 0 0 19 187 251 255 255 65 1 49 246 255 255 240 241 5 0 0 9 0 0 0 0 9 0 3 0 0 1 22 132 255 255 253 131 0 0 36 233 255 241 255 255 83 0 0 4 0 0 0 0 4 0 6 0 6 1 4 99 255 251 239 103 0 0 56 223 250 255 237 174 19 14 0 0 0 0 0 0 0 0 11 1 8 3 0 0 214 255 240 235 214 230 245 255 252 255 229 48 0 0 15 0 0 0 0 0 8 6 0 0 0 12 14 10 22 228 254 249 247 246 242 255 244 242 82 0 0 9 0 2 0 0 0 0 0 0 1 9 0 0 0 0 12 0 39 101 89 93 181 244 255 252 35 0 13 0 0 9 0 0 0 0 0 0 0 0 0 0 0 0 0 0 1 4 0 21 194 255 255 149 0 3 6 0 0 2 0 0 0 0 0 0 0 0 0 0 0 0 0 2 0 2 0 33 226 255 255 86 0 6 0 0 2 1 0 0 0 0 0 0 0 0 0 0 0 0 0 9 0 0 0 65 255 255 251 20 0 11 0 6 4 0 0 0 0 0 0 0 0 0 0 0 0 0 0 7 0 0 0 125 255 247 213 0 0 11 0 4 6 0 0 0 0 0 0 0 0 0 0 0 0 0 2 0 0 4 2 199 254 245 140 8 0 4 3 0 7 0 0 0 0 0 0 0 0 0 0 0 0 0 3 0 0 7 27 250 252 252 62 15 0 0 4 0 4 0 0 0 0 0 0 0 0 0 0 0 0 0 2 0 0 2 58 255 255 255 13 6 0 2 0 0 0 1 0 0 0 0 0 0 0 0 0 0 0 0 2 0 1 0 78 244 255 251 0 0 1 11 0 6 0 2 0 0 0 0 0 0 0 0 0 0 0 0 5 0 10 0 90 249 255 247 0 0 0 0 0 0 0 0 0 0 0 0 0 0 0 0 0 0 0 0 4 7 0 0 147 255 238 255 0 0 0 0 0 0 0 0 0 0 0 0 0 0 0 0 0 0 0 0 0 0 19 1 44 214 251 126 0 0 0 0 0 0 0 0 0 0 0 0 0 0 0 0 0 0 0 0 20 11 0 0 18 0 0 3 0 0 0 0 0 0 0 0 0 0 0 0
0 0 0 0 0 0 0 0 2 1 2 3 1 0 0 0 4 0 2 5 0 3 5 0 0 0 0 0 0 0 0 0 0 0 0 0 0 1 5 0 0 0 5 5 0 0 0 0 0 0 5 6 0 0 0 0 0 0 0 0 0 0 0 0 7 0 0 6 15 10 0 0 3 10 2 13 1 14 0 0 0 0 0 0 0 0 0 0 0 0 0 0 4 2 0 0 0 0 0 11 0 2 0 0 0 6 0 10 0 0 0 0 0 0 0 0 0 0 0 0 0 4 6 0 0 8 5 0 0 8 5 16 4 0 0 8 0 0 0 0 0 0 0 0 0 0 0 0 7 0 0 7 6 0 0 4 0 2 0 0 7 7 0 2 0 0 0 0 0 0 0 0 0 0 0 0 5 0 0 0 0 14 79 147 205 183 107 0 1 1 8 0 0 0 0 0 0 0 0 0 0 0 0 0 0 3 0 6 93 215 255 241 249 255 208 43 8 0 9 0 0 0 0 0 0 0 0 0 0 0 0 0 9 0 15 163 249 255 249 255 255 246 254 135 0 6 0 0 0 0 0 0 0 0 0 0 0 0 0 0 0 7 216 254 255 255 231 239 255 253 253 206 54 0 0 5 0 0 0 0 0 0 0 0 0 0 0 0 10 104 252 245 255 123 52 249 242 255 255 255 244 38 0 3 0 0 0 0 0 0 0 0 0 0 0 0 39 255 255 255 128 14 119 248 252 255 248 247 248 41 0 7 0 0 0 0 0 0 0 0 0 0 0 0 163 250 255 218 78 187 246 255 255 251 253 255 84 15 0 0 0 0 0 0 0 0 0 0 0 0 0 0 139 255 251 255 245 255 255 249 253 255 253 190 7 4 0 2 0 0 0 0 0 0 0 0 0 0 0 0 154 254 255 246 255 255 234 255 255 255 188 25 0 0 0 12 0 0 0 0 0 0 0 0 0 0 0 0 8 192 253 249 239 145 90 253 246 252 146 0 0 7 3 0 0 0 0 0 0 0 0 0 0 0 0 0 4 13 64 135 29 14 171 248 249 216 3 0 8 0 0 0 0 0 0 0 0 0 0 0 0 0 0 0 2 9 10 0 3 134 245 255 255 92 7 2 0 2 0 3 0 0 0 0 0 0 0 0 0 0 0 0 0 0 11 2 19 196 255 241 191 0 6 2 0 0 0 6 0 0 0 0 0 0 0 0 0 0 0 0 16 9 0 0 171 250 255 242 56 0 1 0 11 0 1 3 0 0 0 0 0 0 0 0 0 0 0 0 0 0 0 38 234 244 254 122 0 10 0 0 6 0 5 0 0 0 0 0 0 0 0 0 0 0 0 0 0 0 35 232 241 255 207 14 0 0 1 6 0 10 3 0 0 0 0 0 0 0 0 0 0 0 0 0 0 16 77 255 255 250 74 7 14 0 0 9 0 6 0 0 0 0 0 0 0 0 0 0 0 0 0 0 0 37 253 252 254 135 1 0 0 6 0 1 7 0 0 0 0 0 0 0 0 0 0 0 0 0 0 0 13 176 249 255 164 35 15 0 0 0 0 0 0 0 0 0 0 0 0 0 0 0 0 0 0 0 0 0 56 248 255 254 45 8 0 20 0 0 0 0 0 0 0 0 0 0 0 0 0 0 0 0 0 0 0 0 0 6 4 0 10 0 3 0 0 0 0 0 0 0 0 0 0 0 0 0 0 0 0 0 0 0 0 0 10 0 0 2 8 5 0 14 0 0 0 0 0 0 0 0 0 0 0 0
0 0 0 0 0 0 0 0 2 0 9 0 8 0 0 4 1 2 6 9 5 0 0 3 0 0 0 0 0 0 0 0 0 0 0 0 6 0 0 0 0 1 9 0 0 0 0 0 0 0 1 3 0 0 0 0 0 0 0 0 0 0 0 0 0 0 8 16 17 0 0 5 8 6 4 3 6 6 0 0 0 0 0 0 0 0 0 0 0 0 0 0 0 2 0 0 0 6 6 0 0 0 0 0 0 3 3 0 0 0 0 0 0 0 0 0 0 0 0 0 0 0 0 5 0 0 0 11 2 2 1 0 0 0 0 6 0 0 0 0 0 0 0 0 0 0 0 0 9 2 0 5 1 3 0 0 8 0 0 5 8 0 0 0 0 0 0 0 0 0 0 0 0 0 0 0 0 2 0 36 119 222 213 159 76 25 0 0 7 3 0 3 0 0 0 0 0 0 0 0 0 0 0 0 0 1 69 217 255 255 236 255 255 154 43 3 0 0 0 5 0 0 0 0 0 0 0 0 0 0 0 0 0 33 220 254 205 44 68 181 246 254 208 12 1 0 0 0 0 0 0 0 0 0 0 0 0 0 0 0 12 101 255 229 0 0 15 0 96 217 255 140 13 9 0 3 0 0 0 0 0 0 0 0 0 0 0 0 20 216 250 87 0 6 0 9 0 86 246 255 111 10 0 0 0 0 0 0 0 0 0 0 0 0 0 0 93 255 209 0 15 0 0 0 13 76 226 255 223 0 9 4 0 0 0 0 0 0 0 0 0 0 0 0 91 255 190 17 0 4 7 14 0 163 254 243 246 0 3 7 0 0 0 0 0 0 0 0 0 0 0 0 94 240 119 10 0 15 0 0 39 219 255 255 145 4 9 0 0 0 0 0 0 0 0 0 0 0 0 0 105 251 236 159 72 14 53 80 229 255 251 177 26 0 18 0 0 0 0 0 0 0 0 0 0 0 0 0 6 214 242 255 255 236 243 254 255 248 212 26 9 0 0 0 0 0 0 0 0 0 0 0 0 0 0 0 3 70 249 245 255 253 255 253 255 207 28 0 5 0 1 0 0 0 0 0 0 0 0 0 0 0 0 0 0 18 35 83 146 157 247 248 248 36 0 19 0 2 8 0 0 0 0 0 0 0 0 0 0 0 0 0 0 0 3 0 12 77 230 255 123 0 0 3 0 1 0 2 0 0 0 0 0 0 0 0 0 0 0 0 7 0 4 0 1 188 255 208 0 16 3 0 8 0 0 13 0 0 0 0 0 0 0 0 0 0 0 0 2 4 0 0 143 255 245 60 0 14 0 13 10 0 6 0 0 0 0 0 0 0 0 0 0 0 0 0 0 0 13 27 250 252 121 0 2 0 0 9 0 7 0 0 0 0 0 0 0 0 0 0 0 0 0 0 0 0 0 152 247 229 10 8 0 7 11 0 0 11 0 3 0 0 0 0 0 0 0 0 0 0 0 0 3 0 64 238 249 61 0 0 6 0 3 0 7 0 9 0 0 0 0 0 0 0 0 0 0 0 0 0 7 7 174 255 150 22 0 3 0 0 0 0 0 0 0 0 0 0 0 0 0 0 0 0 0 0 0 0 0 96 254 214 42 0 2 9 0 0 0 0 0 0 0 0 0 0 0 0 0 0 0 0 0 0 0 0 14 0 0 14 1 7 7 0 0 0 0 0 0 0 0 0 0 0 0 0 0 0 0 0 0 0 0 0 8 0 6 5 0 0 0 2 0 0 0 0 0 0 0 0 0 0 0 0
0 0 0 0 0 0 0 0 2 0 0 3 6 2 0 0 0 1 6 2 0 4 8 0 0 0 0 0 0 0 0 0 0 0 0 0 0 6 7 0 0 1 7 5 2 0 0 2 0 0 0 4 0 0 0 0 0 0 0 0 0 0 0 0 3 0 0 2 12 9 0 0 0 5 0 0 14 22 8 0 0 0 0 0 0 0 0 0 0 0 0 0 4 5 4 0 0 0 4 16 0 9 5 0 0 0 0 7 0 0 0 0 0 0 0 0 0 0 0 0 0 10 12 0 0 7 3 0 0 0 0 11 19 4 0 8 0 0 0 0 0 0 0 0 0 0 0 0 0 0 0 3 4 0 0 4 9 7 6 0 0 0 6 0 0 0 0 0 0 0 0 0 0 0 0 0 8 3 0 0 2 36 106 169 247 254 250 162 30 0 4 7 0 0 0 0 0 0 0 0 0 0 0 0 0 9 0 0 84 222 255 246 191 170 230 255 149 29 0 0 0 0 0 0 0 0 0 0 0 0 0 0 0 10 0 102 247 242 134 19 0 0 12 189 255 120 1 10 0 0 0 0 0 0 0 0 0 0 0 0 0 2 102 228 225 75 0 0 10 6 0 33 226 229 4 0 0 0 0 0 0 0 0 0 0 0 0 0 15 38 237 246 42 0 23 0 0 0 4 94 255 227 0 8 0 0 0 0 0 0 0 0 0 0 0 0 23 226 229 49 13 2 0 2 17 0 10 241 237 96 0 4 0 0 0 0 0 0 0 0 0 0 0 0 82 255 147 0 0 0 0 4 0 18 120 254 120 0 14 0 0 0 0 0 0 0 0 0 0 0 0 0 81 249 123 3 20 4 5 4 30 118 247 142 21 0 7 3 0 0 0 0 0 0 0 0 0 0 0 0 57 248 209 97 0 0 98 196 228 239 175 16 0 16 0 0 0 0 0 0 0 0 0 0 0 0 0 0 18 105 170 247 187 183 219 255 251 255 31 0 0 4 0 3 0 0 0 0 0 0 0 0 0 0 0 0 5 0 6 31 64 115 123 245 255 116 30 0 0 6 0 5 0 0 0 0 0 0 0 0 0 0 0 0 0 0 0 0 12 0 86 255 242 37 0 7 4 4 0 0 0 0 0 0 0 0 0 0 0 0 0 0 1 0 23 0 0 23 222 255 122 0 0 6 0 4 5 0 0 0 0 0 0 0 0 0 0 0 0 0 0 7 0 11 5 150 255 212 3 6 15 0 0 7 0 1 0 0 0 0 0 0 0 0 0 0 0 0 14 0 0 0 45 227 255 54 0 0 0 2 11 3 0 3 0 0 0 0 0 0 0 0 0 0 0 0 0 6 1 28 208 255 132 0 19 0 0 12 0 0 9 0 0 0 0 0 0 0 0 0 0 0 0 0 5 0 25 219 243 180 5 10 4 0 6 4 0 0 16 0 0 0 0 0 0 0 0 0 0 0 0 0 0 57 208 247 205 25 0 0 0 9 0 0 10 2 0 0 0 0 0 0 1 0 0 0 0 1 4 6 23 216 255 222 16 25 0 1 0 0 0 0 0 0 0 0 0 0 0 0 1 0 0 0 0 1 4 5 227 229 186 44 0 0 13 5 0 0 0 0 0 0 0 0 0 0 0 0 0 0 0 0 0 1 3 4 0 0 12 0 16 7 14 0 0 0 0 0 0 0 0 0 0 0 0 0 0 0 0 0 0 1 2 3 0 3 0 6 0 0 0 4 0 0 0 0 0 0 0 0 0 0 0 0
0 0 0 0 0 0 0 0 3 1 0 2 9 0 0 2 0 7 1 0 0 3 4 3 0 0 0 0 0 0 0 0 0 0 0 0 0 4 6 0 0 0 5 13 1 0 0 6 11 5 0 0 0 0 0 0 0 0 0 0 0 0 0 0 9 0 0 8 12 1 0 0 0 0 5 3 0 0 1 13 0 0 0 0 0 0 0 0 0 0 0 0 0 0 0 1 0 0 7 18 0 0 0 0 0 7 7 0 0 0 0 0 0 0 0 0 0 0 0 0 0 1 7 0 0 7 7 0 5 4 4 2 0 0 1 0 0 0 0 0 0 0 0 0 0 0 0 0 14 0 0 12 0 0 8 9 0 0 0 0 7 0 0 3 0 0 0 0 0 0 0 0 0 0 0 0 3 0 0 2 0 28 128 197 255 214 91 0 0 7 0 2 0 0 0 0 0 0 0 0 0 0 0 0 0 4 3 0 42 177 255 242 207 255 190 44 0 2 0 0 0 0 0 0 0 0 0 0 0 0 0 0 0 11 0 46 229 212 126 20 6 164 255 124 5 0 0 10 0 0 0 0 0 0 0 0 0 0 0 0 0 0 35 232 217 50 7 0 16 22 255 234 21 0 6 0 0 0 0 0 0 0 0 0 0 0 0 0 2 16 178 242 72 7 1 0 0 22 252 250 12 3 6 0 0 0 0 0 0 0 0 0 0 0 0 0 18 26 249 151 1 2 0 10 24 165 243 202 0 6 0 0 0 0 0 0 0 0 0 0 0 0 0 0 0 94 255 77 0 10 1 17 147 255 255 168 2 0 0 0 0 0 0 0 0 0 0 0 0 0 0 0 0 155 215 21 2 58 26 213 252 255 237 79 5 0 0 2 0 0 0 0 0 0 0 0 0 0 0 0 4 82 255 234 124 255 251 241 255 222 123 0 0 6 0 5 0 0 0 0 0 0 0 0 0 0 0 0 0 22 86 255 255 243 255 255 240 148 0 6 0 0 6 0 0 0 0 0 0 0 0 0 0 0 0 0 0 7 0 7 0 97 255 219 58 21 0 0 7 0 0 2 0 0 0 0 0 0 0 0 0 0 0 0 0 0 11 0 34 204 249 75 12 0 0 0 6 0 0 2 0 0 0 0 0 0 0 0 0 0 0 0 0 4 0 0 157 255 123 0 0 0 0 3 3 0 0 0 0 0 0 0 0 0 0 0 0 0 0 0 0 17 0 54 255 206 2 11 1 5 6 1 0 0 0 0 0 0 0 0 0 0 0 0 0 0 0 0 4 0 15 169 243 102 0 4 0 1 0 0 0 1 3 0 0 0 0 0 0 0 0 0 0 0 0 0 4 0 83 254 185 20 6 0 0 0 1 0 1 3 0 0 0 0 0 0 0 0 0 0 0 0 0 0 3 5 170 254 105 0 0 0 3 2 4 6 4 0 0 0 0 0 0 0 0 0 0 0 0 0 0 0 3 32 252 219 8 0 13 0 0 0 0 0 0 0 0 11 0 0 0 0 0 0 0 0 0 0 0 0 7 66 255 189 15 0 0 3 0 0 0 0 0 0 0 0 0 0 0 0 0 0 0 0 0 0 0 0 0 110 243 109 0 4 12 5 0 0 0 0 0 0 0 0 0 0 0 0 0 0 0 0 0 0 0 0 4 0 13 0 0 17 0 0 0 0 0 0 0 0 0 0 0 0 0 0 0 0 0 0 0 0 0 0 1 0 0 1 7 0 0 16 0 0 0 0 0 0 0 0 0 0 0 0
0 0 0 0 0 0 0 0 1 0 4 3 4 0 0 6 0 0 0 0 0 1 1 1 0 0 0 0 0 0 0 0 0 0 0 0 0 3 9 0 0 10 2 0 0 0 0 0 0 1 1 1 0 0 0 0 0 0 0 0 0 0 0 0 14 0 0 1 0 0 5 9 0 0 0 0 0 0 1 1 0 0 0 0 0 0 0 0 0 0 0 0 0 0 6 5 0 0 10 0 0 0 0 0 0 0 0 0 0 0 0 0 0 0 0 0 0 0 0 0 14 7 0 6 3 0 5 4 0 0 0 0 0 0 0 0 0 0 0 0 0 0 0 0 0 0 0 0 0 7 0 0 7 0 0 0 1 1 0 0 0 0 0 0 0 0 0 0 0 0 0 0 0 0 0 0 19 226 255 186 69 7 13 2 1 1 1 0 0 0 0 0 0 0 0 0 0 0 0 0 0 0 0 0 191 255 247 255 255 189 130 95 1 1 1 0 0 0 0 0 0 0 0 0 1 4 0 8 0 0 11 36 240 255 255 255 221 174 255 245 218 79 0 5 0 0 4 5 0 0 0 0 0 1 8 0 0 0 0 183 255 245 244 142 0 46 224 250 255 181 36 1 0 7 1 0 0 0 0 0 0 0 7 0 10 3 4 252 255 246 255 57 0 91 255 255 255 248 42 0 0 9 0 1 0 0 0 0 4 0 0 5 7 1 46 249 248 255 136 5 27 213 243 251 251 245 9 3 2 0 0 7 0 0 0 0 1 1 7 4 0 0 57 255 253 244 99 30 159 254 253 255 255 238 0 12 0 0 0 0 0 0 0 0 0 0 12 0 2 6 5 220 255 252 126 194 231 255 238 255 255 245 0 4 0 0 10 0 0 0 0 0 4 0 3 0 6 15 0 85 236 255 241 255 255 250 255 250 251 249 7 0 0 0 6 0 0 0 0 0 3 0 0 13 0 1 15 0 58 193 255 249 245 243 255 247 247 251 14 0 15 0 0 8 0 0 0 0 0 0 0 0 0 0 0 0 1 16 96 74 116 111 144 249 248 255 89 11 0 0 0 10 0 0 0 0 0 0 0 0 0 0 0 0 0 0 7 0 7 13 68 255 255 253 86 0 0 9 3 1 0 0 0 0 0 0 0 0 0 0 0 0 0 8 0 0 5 0 15 251 249 252 154 12 4 1 1 0 0 0 0 0 0 0 0 0 0 0 0 0 0 13 0 9 10 0 3 195 247 255 238 102 1 0 0 0 0 0 0 0 0 0 0 0 0 0 0 0 0 0 0 0 0 0 0 86 255 255 255 171 0 1 5 0 0 0 0 0 0 0 0 0 0 0 0 0 0 0 12 0 7 5 1 0 215 242 255 213 0 11 1 0 0 0 0 0 0 0 0 0 0 0 0 0 8 0 4 0 0 0 1 0 150 241 255 214 2 6 0 3 0 0 0 0 0 0 0 0 0 0 0 0 0 0 0 2 5 1 0 4 135 255 248 178 1 4 0 11 0 0 0 0 0 0 0 0 0 0 0 0 0 0 0 0 0 0 0 0 129 255 241 255 74 0 0 10 0 0 0 0 0 0 0 0 0 0 0 0 0 0 0 0 0 0 0 0 20 156 255 255 170 6 17 0 0 0 0 0 0 0 0 0 0 0 0 0 0 0 0 0 0 0 0 0 2 0 4 0 16 0 10 0 0 0 0 0 0 0 0 0 0 0 0 0 0 0 0 0 0 0 0 0 0 3 5 10 0 5 0 12 0 0 0 0
0 0 0 0 0 0 0 0 0 0 3 6 4 0 0 0 6 1 0 0 2 5 2 6 0 0 0 0 0 0 0 0 0 0 0 0 11 0 0 0 0 0 0 9 0 4 10 10 5 0 0 0 0 0 0 0 0 0 0 0 0 0 0 0 0 1 3 1 4 8 1 0 0 0 0 0 0 0 13 16 0 0 0 0 0 0 0 0 0 0 0 0 0 2 0 0 0 3 7 5 11 3 4 5 0 3 3 0 0 0 0 0 0 0 0 0 0 0 0 0 12 0 0 10 4 0 0 3 0 0 0 0 0 2 3 0 0 0 0 0 0 0 0 0 0 0 0 0 0 0 0 0 0 4 6 4 0 13 13 4 5 3 0 4 0 0 0 0 0 0 0 0 0 0 0 0 12 6 0 1 3 1 0 0 0 10 0 0 3 5 0 0 0 0 0 0 0 0 0 0 0 0 0 0 0 0 53 195 255 217 202 240 255 219 91 0 2 4 0 11 0 0 0 0 0 0 7 0 0 2 7 0 0 23 242 247 95 10 1 24 110 237 255 92 0 10 0 6 0 0 0 0 0 0 5 1 0 3 0 0 14 195 255 71 14 0 0 5 5 229 255 236 27 0 5 0 0 0 0 0 0 0 2 2 1 4 0 10 138 255 77 5 0 0 0 10 164 255 89 255 143 1 0 11 0 0 0 0 0 0 1 1 0 4 0 49 251 139 0 0 0 29 0 85 251 255 0 117 122 10 0 0 0 0 0 0 0 1 0 0 0 3 0 100 244 40 6 0 4 0 45 208 238 255 0 12 0 0 20 0 0 0 0 0 0 3 0 0 0 3 2 139 184 9 0 16 0 40 200 229 185 253 2 0 0 11 0 5 0 0 0 0 0 3 0 1 0 4 0 152 146 0 6 0 14 223 225 104 62 247 12 2 7 25 0 1 0 0 0 0 0 2 0 2 0 5 0 149 141 8 0 16 156 235 117 0 111 253 1 2 0 0 10 2 0 0 0 0 5 3 0 0 7 0 9 119 221 82 90 229 243 113 12 0 102 255 0 0 0 3 2 0 0 0 0 0 0 2 5 0 6 0 0 62 253 243 255 247 123 8 0 11 141 255 0 0 3 0 0 1 0 0 0 0 0 1 7 0 1 3 0 8 136 155 157 96 17 0 6 0 177 244 0 0 4 0 0 3 0 0 0 0 1 0 2 0 0 3 1 0 0 5 8 0 0 4 12 0 187 212 0 0 0 0 0 2 0 0 0 0 7 0 0 3 0 0 5 0 0 0 3 8 0 0 0 5 187 178 5 0 0 0 3 0 0 0 0 0 3 0 0 9 3 0 1 0 10 1 0 0 3 0 0 1 202 152 12 1 0 0 5 0 0 0 0 0 0 4 0 6 7 0 2 0 0 7 4 0 0 0 0 4 228 129 6 2 0 0 5 0 0 0 0 0 0 12 0 0 6 1 9 0 0 3 0 0 8 9 1 0 248 112 0 1 2 0 4 1 0 0 0 0 0 0 0 0 0 0 0 0 0 0 0 0 0 0 0 0 242 225 0 6 0 5 0 5 0 0 0 0 0 0 0 0 0 0 0 0 0 0 0 0 0 0 0 0 255 192 15 0 0 7 3 0 0 0 0 0 0 0 0 0 0 0 0 0 0 0 0 0 0 0 0 0 195 55 0 9 11 0 0 11 0 0 0 0 0 0 0 0 0 0 0 0 0 0 0 0 0 0 0 0 26 0 5 0 0 9 9 0 0 0 0 0
0 0 0 0 0 0 0 0 8 0 0 0 0 2 3 0 1 0 8 11 0 0 0 0 0 0 0 0 0 0 0 0 0 0 0 0 0 6 12 1 0 0 3 0 0 0 0 0 0 3 6 7 0 0 0 0 0 0 0 0 0 0 0 0 4 0 0 0 6 0 0 0 0 4 3 4 11 6 0 0 0 0 0 0 0 0 0 0 0 0 0 0 0 5 4 2 3 0 0 10 0 1 0 0 0 0 0 10 0 0 0 0 0 0 0 0 0 0 0 0 0 10 5 0 1 12 5 0 0 8 8 3 3 2 0 0 0 0 0 0 0 0 0 0 0 0 0 0 14 0 0 4 0 0 2 11 0 0 0 0 0 0 7 0 0 0 0 0 0 0 0 0 0 0 0 0 0 0 13 21 0 3 89 150 194 168 143 80 0 0 6 2 0 0 0 0 0 0 0 0 0 0 0 0 5 0 2 0 8 143 255 250 253 253 255 185 43 0 5 0 0 0 0 0 0 5 1 0 1 4 0 0 0 4 0 0 102 255 255 147 254 249 255 255 35 0 17 0 0 0 0 0 0 0 1 4 3 0 0 0 8 4 0 115 227 248 145 30 255 248 247 237 26 4 0 3 0 0 0 0 4 0 0 7 0 0 0 1 3 0 77 223 255 183 0 6 255 251 250 171 9 4 0 1 0 0 0 0 8 0 0 2 0 0 5 2 6 23 210 255 155 0 18 48 249 255 255 85 0 0 0 0 0 0 0 0 2 0 0 0 0 2 3 0 0 187 248 225 33 0 0 118 253 254 196 27 0 3 6 2 0 0 0 0 0 4 2 0 3 0 0 2 96 255 243 40 7 2 22 197 255 230 74 7 0 11 0 2 0 0 0 0 0 7 0 0 10 0 0 50 246 249 90 1 0 58 208 251 250 217 0 2 0 4 0 0 0 0 0 0 1 8 0 0 11 0 8 103 255 176 9 35 145 224 239 255 245 226 0 2 2 0 12 0 0 0 0 0 0 0 2 0 8 0 12 138 255 179 164 255 254 239 114 115 255 209 3 1 0 0 1 0 0 0 0 0 1 0 6 0 2 0 0 80 243 255 255 234 108 22 0 123 240 187 0 0 0 0 1 0 0 0 0 0 2 0 10 0 0 6 0 18 29 78 57 9 0 10 9 117 255 205 5 14 4 0 1 0 0 0 0 0 3 0 7 0 0 10 0 0 0 12 6 0 6 0 0 105 255 198 0 3 0 2 6 4 0 0 0 0 4 0 2 5 0 6 2 0 0 5 6 0 0 11 10 17 255 218 9 0 0 0 0 0 0 0 0 0 4 0 0 4 0 0 1 2 6 0 0 19 6 0 0 27 253 255 50 6 0 3 0 0 0 0 0 0 0 3 0 0 0 0 1 1 2 6 0 0 0 7 12 0 183 252 60 0 0 7 0 8 0 0 0 0 0 11 4 0 1 3 5 0 0 9 0 2 0 4 0 0 148 255 79 4 0 4 0 5 0 0 0 0 0 0 0 0 0 0 0 0 0 0 0 0 0 0 0 0 73 238 184 0 7 10 0 0 0 0 0 0 0 0 0 0 0 0 0 0 0 0 0 0 0 0 0 0 0 179 200 17 0 0 7 0 0 0 0 0 0 0 0 0 0 0 0 0 0 0 0 0 0 0 0 0 0 0 5 0 13 0 0 0 0 0 0 0 0 0 0 0 0 0 0 0 0 0 0 0 0 0 0 0 9 0 6 3 2 0 14 19 0 0 0 0
0 0 0 0 0 0 0 0 0 3 0 0 8 0 2 0 0 3 0 0 5 0 0 3 0 0 0 0 0 0 0 0 0 0 0 0 14 0 12 0 0 15 0 8 1 3 0 0 3 1 0 0 0 0 0 0 0 0 0 0 0 0 0 0 0 0 6 19 0 0 14 0 0 0 0 0 0 2 0 0 0 0 0 0 0 0 0 0 0 0 0 0 0 12 0 7 5 0 15 0 0 0 0 0 0 0 2 0 0 0 0 0 0 0 0 0 0 0 0 0 0 21 5 0 9 9 0 20 0 0 1 5 0 0 3 0 0 0 0 0 0 0 0 0 0 0 0 0 0 0 1 0 3 0 14 0 21 0 0 8 0 0 3 0 0 0 0 0 0 0 0 0 0 0 0 0 0 5 12 8 0 26 246 255 57 4 0 7 0 0 3 0 0 0 0 0 0 0 0 0 0 0 0 0 3 1 0 0 139 164 199 193 85 12 0 4 0 0 4 0 0 0 0 0 0 1 4 2 0 0 0 0 2 0 36 125 238 185 7 34 20 41 82 29 0 0 2 0 0 0 0 0 1 1 0 0 0 0 2 3 0 53 218 252 255 244 0 8 25 194 247 150 5 1 11 0 0 0 0 0 3 0 0 0 0 1 1 0 0 160 255 221 59 29 16 0 176 253 250 116 0 0 0 0 0 0 0 0 0 0 0 3 2 0 0 0 126 243 220 20 5 8 18 240 254 255 255 28 0 13 0 0 0 0 0 0 0 0 2 4 0 0 1 12 195 253 135 16 0 63 219 255 249 249 248 3 4 1 3 0 0 0 0 0 1 0 0 0 0 0 12 33 255 216 7 9 82 248 255 134 214 245 144 4 0 0 10 1 0 0 0 0 2 0 0 0 0 0 11 30 255 255 159 243 255 226 54 6 173 255 105 12 0 0 24 0 0 0 0 0 0 0 0 5 4 0 0 11 163 249 253 255 138 56 0 24 255 235 37 0 15 0 0 0 0 0 0 0 0 0 0 0 0 0 0 0 9 13 106 0 2 11 0 143 251 136 0 1 4 0 3 0 0 0 0 0 0 0 0 0 0 0 0 0 0 4 0 2 0 4 6 209 253 88 0 8 0 2 3 1 0 0 0 0 0 0 0 0 0 0 0 0 14 0 0 15 0 1 0 220 225 25 2 7 0 2 0 0 0 0 0 0 0 0 0 0 0 0 0 0 5 0 15 3 3 0 80 243 159 0 1 1 0 0 0 0 0 0 0 0 0 0 0 0 0 0 0 0 0 4 0 0 3 0 237 255 81 1 1 0 5 0 2 3 0 0 0 0 0 0 0 0 0 0 0 0 6 3 0 4 0 66 255 217 20 9 0 0 6 0 1 1 0 0 0 0 0 0 0 0 0 0 0 0 0 0 8 6 17 198 243 118 0 1 0 0 0 0 0 0 0 0 0 0 0 0 0 0 0 0 0 0 0 11 0 0 43 255 240 19 7 0 0 11 0 6 0 0 0 0 0 0 0 0 0 0 0 0 0 0 0 0 0 18 173 255 118 12 0 0 0 0 0 0 0 0 0 0 0 0 0 0 0 0 0 0 0 0 0 14 0 68 255 236 16 0 0 0 0 0 0 0 0 0 0 0 0 0 0 0 0 0 0 0 0 0 6 0 3 7 0 0 0 13 0 0 0 0 0 0 0 0 0 0 0 0 0 0 0 0 0 0 0 0 0 8 4 0 0 6 6 0 0 0 0 0 0 0 0 0 0 0 0 0
0 0 0 0 0 0 0 0 0 1 0 0 5 2 0 7 0 0 0 0 0 0 0 0 0 0 0 0 0 0 0 0 0 0 0 0 0 1 0 11 0 7 0 0 0 0 0 0 0 0 0 0 0 0 0 0 0 0 0 0 0 0 0 0 9 0 0 8 0 0 6 0 0 0 0 0 0 0 0 0 0 0 0 0 0 0 0 0 0 0 0 0 0 0 16 0 3 0 8 0 0 0 0 0 0 0 0 0 0 0 0 0 0 0 0 0 0 0 0 0 0 7 7 0 7 14 0 3 0 0 0 0 0 0 0 0 0 0 0 0 0 0 0 0 0 0 0 0 7 0 22 122 142 122 0 3 0 0 0 0 0 0 0 0 0 0 0 0 0 0 0 0 0 0 0 0 0 0 152 244 201 143 0 0 0 0 0 0 0 0 0 0 0 0 0 0 0 0 0 0 0 0 0 0 0 60 255 143 3 0 2 7 0 0 0 0 0 0 0 0 0 0 0 0 0 0 0 0 0 0 0 0 4 58 248 2 0 5 4 0 0 64 0 11 0 8 0 3 0 0 0 0 0 0 0 0 0 0 0 0 0 124 185 0 19 0 0 0 0 249 109 8 0 2 2 2 0 0 0 0 0 0 0 0 0 0 0 0 0 63 181 26 0 11 1 17 35 246 20 0 22 0 0 5 0 0 0 0 0 0 0 0 0 0 0 0 12 0 228 88 0 0 3 0 121 234 0 0 2 0 7 0 0 0 0 0 0 0 0 0 0 0 0 0 0 9 82 224 67 18 0 93 237 243 19 2 0 0 10 0 0 0 0 0 0 0 0 0 0 0 0 0 24 0 0 152 226 195 224 243 255 173 0 0 12 12 0 8 0 0 0 0 0 0 0 0 0 0 0 0 0 8 15 0 7 71 107 66 221 139 13 0 4 11 0 0 0 0 0 0 0 0 0 0 0 0 0 0 6 0 1 0 6 0 6 18 240 105 4 0 0 0 5 2 0 0 0 0 0 0 0 0 0 0 0 0 0 1 2 0 0 10 0 71 253 29 0 0 4 0 5 0 0 0 0 0 0 0 0 0 0 0 0 0 0 0 2 3 0 2 0 142 244 14 0 4 10 2 8 3 0 0 0 0 0 0 0 0 0 0 0 0 2 0 0 8 0 0 2 199 251 12 1 6 1 0 0 0 0 0 0 0 0 0 0 0 0 0 0 0 6 0 0 3 2 0 17 215 220 0 0 0 0 8 4 17 0 0 0 0 0 0 0 0 0 0 0 0 0 3 0 0 0 0 72 237 201 18 12 9 0 0 0 0 0 0 0 0 0 0 0 0 0 0 0 0 0 5 5 3 0 5 150 255 88 0 0 5 0 12 5 10 0 0 0 0 0 0 0 0 0 0 0 0 0 0 5 6 0 1 197 239 24 0 0 3 0 2 0 0 0 0 0 0 0 0 0 0 0 0 0 0 9 0 0 6 2 0 205 189 0 7 4 2 0 0 4 0 0 0 0 0 0 0 0 0 0 0 0 0 0 10 0 0 6 4 145 94 0 0 0 0 0 0 0 0 0 0 0 0 0 0 0 0 0 0 0 0 1 3 7 2 0 0 32 0 0 0 0 0 0 0 0 0 0 0 0 0 0 0 0 0 0 0 0 0 1 0 7 3 0 9 4 0 0 0 0 0 0 0 0 0 0 0 0 0 0 0 0 0 0 0 0 0 6 0 0 0 0 13 0 9 0 0 0 0 0 0 0 0 0 0 0 0
0 0 0 0 0 0 0 0 4 2 0 0 0 6 5 1 3 5 0 0 0 0 0 11 0 0 0 0 0 0 0 0 0 0 0 0 0 0 2 7 2 0 0 0 0 0 4 6 8 7 0 0 0 0 0 0 0 0 0 0 0 0 0 0 13 0 0 0 0 0 3 10 3 0 0 0 0 3 7 0 0 0 0 0 0 0 0 0 0 0 0 0 2 0 0 3 5 1 0 0 7 1 6 7 0 0 3 0 0 0 0 0 0 0 0 0 0 0 0 0 0 1 9 3 0 6 10 7 0 0 0 1 0 0 0 10 0 0 0 0 0 0 0 0 0 0 0 0 1 2 0 0 0 2 0 0 11 13 7 6 8 0 0 0 0 0 0 0 0 0 0 0 0 0 0 0 3 0 0 4 3 0 0 11 0 10 0 0 6 10 0 2 0 0 0 0 0 0 0 0 0 0 0 0 0 0 0 3 0 26 129 238 255 243 125 11 0 3 0 5 0 0 0 0 6 0 0 4 0 0 13 0 0 8 0 30 168 233 255 217 250 239 252 121 0 18 3 0 0 0 0 0 0 8 1 0 0 6 3 0 1 6 11 172 255 203 129 17 35 82 255 237 128 0 4 7 0 0 0 0 0 0 0 6 0 0 1 9 0 89 202 255 227 23 0 4 6 59 237 253 232 14 0 3 0 0 0 0 7 0 0 18 0 0 0 0 114 213 255 171 4 1 0 16 165 252 234 230 114 0 0 0 0 0 0 0 0 5 0 0 0 8 0 36 240 251 184 22 11 0 16 88 255 236 247 54 0 0 0 3 0 0 0 0 0 21 0 0 5 0 10 205 246 222 21 0 0 0 68 246 243 255 36 0 0 17 9 0 0 0 0 0 0 7 0 8 4 0 13 232 255 180 42 8 6 92 255 249 253 195 5 0 22 0 0 7 0 0 0 0 4 0 0 11 0 14 0 53 229 255 228 228 211 236 250 253 249 8 0 3 4 0 9 0 0 0 0 0 0 0 0 0 0 0 0 0 36 147 228 248 211 117 161 248 248 5 0 0 4 0 4 4 0 0 0 0 0 0 0 0 0 0 0 0 0 11 0 0 5 13 178 255 180 4 1 0 1 0 5 0 0 0 0 0 0 0 0 0 0 0 0 0 0 5 0 6 15 60 248 255 84 0 7 0 0 0 9 0 0 0 0 0 0 0 0 0 0 0 0 0 0 1 8 6 0 104 255 215 13 0 3 0 3 0 12 0 0 0 0 0 0 0 0 0 0 0 0 0 13 0 0 0 0 179 255 140 0 0 0 0 6 0 7 0 0 0 0 0 0 0 0 0 0 0 0 0 0 0 11 14 74 254 247 81 1 1 0 1 4 0 0 0 0 0 0 0 0 0 0 0 0 0 0 0 0 0 0 0 116 255 255 102 5 0 2 0 0 3 0 0 0 0 0 0 0 0 0 0 0 0 0 0 3 5 0 1 167 236 216 35 1 0 5 0 0 13 3 0 0 0 0 0 0 0 0 0 0 0 0 0 6 3 0 1 222 248 182 3 0 0 0 0 0 0 0 0 0 0 0 0 0 0 0 0 0 0 0 0 0 0 13 49 245 255 148 0 0 0 0 0 0 0 0 0 0 0 0 0 0 0 0 0 0 0 0 0 0 30 0 4 247 217 20 0 0 0 0 0 0 0 0 0 0 0 0 0 0 0 0 0 0 0 0 0 5 0 9 6 0 0 5 13 0 0 0 0 0 0 0 0 0 0 0 0
0 0 0 0 0 0 0 0 0 0 1 0 0 0 0 5 15 0 0 0 0 0 0 0 0 0 0 0 0 0 0 0 0 0 0 0 3 2 2 4 5 3 0 0 0 2 9 7 7 12 7 0 0 0 0 0 0 0 0 0 0 0 0 0 0 0 0 0 0 0 5 14 6 0 0 0 0 0 0 0 0 0 0 0 0 0 0 0 0 0 0 0 0 2 7 9 6 0 0 0 0 0 9 7 0 0 5 11 0 0 0 0 0 0 0 0 0 0 0 0 4 0 0 0 0 7 5 0 9 10 0 0 0 16 8 0 0 0 0 0 0 0 0 0 0 0 0 0 0 4 8 2 0 0 0 3 0 0 0 11 6 0 0 15 0 0 0 0 0 0 0 0 0 0 0 0 0 0 0 4 25 79 153 208 255 145 36 1 2 0 0 1 0 0 0 0 0 0 0 0 0 0 0 0 0 18 68 138 205 246 255 250 252 254 202 100 25 8 7 0 0 0 0 0 0 2 0 0 17 0 4 47 151 234 255 245 254 255 240 248 240 255 255 250 205 19 4 0 0 0 0 0 7 0 0 0 0 10 22 59 255 244 255 255 221 164 102 57 62 72 185 255 149 0 0 2 0 0 0 0 0 1 0 0 2 2 0 147 235 255 245 136 16 0 3 3 0 6 100 248 141 0 10 5 0 0 0 0 0 1 0 3 9 0 26 228 255 240 114 5 0 7 1 0 23 8 204 224 12 0 0 0 0 0 0 0 9 0 2 5 0 3 134 251 255 138 0 0 22 0 0 18 0 87 223 169 16 4 9 0 0 0 0 0 10 0 0 1 0 0 143 255 244 123 8 7 9 0 8 0 7 57 255 224 26 6 0 16 0 0 0 0 0 6 0 0 13 0 49 205 255 230 125 36 0 33 116 110 190 220 248 255 107 18 0 4 0 0 0 0 0 0 5 0 0 8 0 76 217 255 244 249 255 244 251 252 240 255 244 234 8 0 15 0 0 0 0 0 0 0 0 0 0 0 0 0 39 145 248 249 255 252 239 219 255 254 251 240 0 6 1 0 0 0 0 0 0 0 0 0 0 0 0 0 0 8 10 0 0 0 10 8 193 246 245 123 0 1 0 4 0 0 0 0 0 0 0 0 0 0 0 0 8 3 0 6 4 3 0 13 210 247 214 8 0 4 1 1 0 0 0 0 0 0 0 0 0 0 0 0 0 4 0 2 0 10 0 96 255 252 173 0 0 0 12 0 0 0 0 0 0 0 0 0 0 0 0 0 7 17 11 0 0 11 0 222 242 255 125 22 4 0 1 1 0 0 0 0 0 0 0 0 0 0 0 0 0 0 0 0 8 0 0 253 244 255 57 1 2 1 0 5 0 0 0 0 0 0 0 0 0 0 0 0 14 6 0 5 5 0 20 248 255 217 7 0 0 6 0 3 0 0 0 0 0 0 0 0 0 0 0 0 0 9 0 5 0 3 85 250 254 130 0 12 1 0 11 0 0 0 0 0 0 0 0 0 0 0 0 0 0 3 0 4 9 0 86 255 255 139 24 0 1 3 0 2 0 0 0 0 0 0 0 0 0 0 0 0 2 5 0 0 2 0 57 174 242 105 0 0 12 4 0 5 0 0 0 0 0 0 0 0 0 0 0 0 0 2 5 6 4 0 0 14 3 0 0 0 0 0 0 14 0 0 0 0 0 0 0 0 0 0 0 0 5 1 0 0 0 3 5 0 0 10 18 10 2 2 0 0 0 0 0 0
0 0 0 0 0 0 0 0 4 0 0 2 4 0 0 1 0 0 0 0 0 1 4 4 0 0 0 0 0 0 0 0 0 0 0 0 0 0 0 1 0 0 0 1 0 6 7 1 0 4 0 0 0 0 0 0 0 0 0 0 0 0 0 0 0 0 0 3 9 11 3 0 1 0 0 4 5 0 0 4 0 0 0 0 0 0 0 0 0 0 0 0 5 3 0 0 0 2 4 1 4 0 0 0 0 0 0 8 0 0 0 0 0 0 0 0 0 0 0 0 0 5 13 10 1 0 1 4 0 11 12 0 0 6 5 0 0 0 0 0 0 0 0 0 0 0 0 0 12 0 0 0 0 1 0 0 6 0 0 0 8 0 0 0 0 0 0 0 0 0 0 0 0 0 0 0 0 0 9 61 120 165 200 223 119 46 0 3 10 0 0 12 0 0 0 0 0 0 0 0 0 0 0 0 0 49 152 241 255 254 248 255 255 187 74 0 0 6 7 0 0 0 0 0 2 3 0 9 0 0 11 0 72 225 255 248 243 183 136 138 247 230 255 56 8 0 3 0 0 0 0 0 0 1 12 0 0 6 0 112 232 255 246 161 54 0 0 11 0 147 246 70 0 9 0 0 0 0 0 0 0 2 0 12 0 6 103 242 245 243 156 0 0 9 2 0 11 0 214 98 36 0 6 1 0 0 0 0 11 1 0 14 0 3 196 255 255 61 3 0 13 0 7 19 0 150 255 248 244 73 0 16 0 0 0 0 0 0 9 0 2 11 184 249 110 0 3 0 20 46 105 111 225 232 255 255 244 132 10 0 0 0 0 0 0 0 10 0 0 3 222 252 135 147 178 179 235 253 255 255 250 255 236 255 172 0 12 0 0 0 0 0 0 1 0 15 0 0 209 249 255 255 255 255 232 214 191 109 93 242 255 244 50 9 0 9 0 0 0 0 0 0 0 0 0 6 66 208 199 215 151 106 70 13 0 1 50 245 253 157 0 0 10 0 0 0 0 0 0 0 0 0 0 0 0 0 0 6 0 2 0 1 22 0 214 237 246 45 0 2 0 7 0 0 0 0 0 0 0 0 0 0 0 0 0 4 0 0 0 0 0 121 237 255 122 0 0 14 0 0 0 0 0 0 0 0 0 0 0 0 0 0 8 6 7 4 14 0 32 248 255 229 37 0 2 17 0 9 0 0 0 0 0 0 0 0 0 0 0 0 0 0 0 0 5 0 143 246 255 79 2 0 0 0 0 0 0 0 0 0 0 0 0 0 0 0 0 0 4 9 4 1 6 40 236 249 243 13 4 5 6 4 8 1 0 0 0 0 0 0 0 0 0 0 0 0 0 5 0 0 4 129 243 255 93 0 0 1 0 0 0 0 0 0 0 0 0 0 0 0 0 0 0 0 0 8 3 0 55 228 255 245 0 8 1 15 2 3 0 6 0 0 0 0 0 0 0 0 0 0 0 0 0 0 7 0 87 253 255 149 5 0 4 0 0 5 0 1 0 0 0 0 0 0 0 0 0 0 0 0 0 0 7 0 163 255 213 23 0 0 0 0 0 0 0 0 0 0 0 0 0 0 0 0 0 0 0 0 11 0 0 12 151 228 152 0 0 0 0 0 0 0 0 0 0 0 0 0 0 0 0 0 0 0 0 0 0 9 3 0 0 10 5 0 0 0 0 0 0 0 0 0 0 0 0 0 0 0 0 0 0 0 0 0 11 11 0 8 0 11 0 0 0 0 0 0 0 0 0 0 0 0 0 0
1 1 0 0 0 0 0 0 0 7 0 0 9 3 3 1 1 5 4 0 0 1 5 3 0 0 0 0 0 0 0 1 1 1 2 2 5 2 2 0 0 0 0 0 0 3 4 1 2 4 1 0 0 0 0 0 0 0 0 1 2 2 3 3 0 0 10 3 3 9 0 7 0 0 0 0 1 5 2 0 0 0 0 0 0 0 0 0 0 1 1 1 3 0 0 0 0 0 0 0 2 1 0 0 0 0 1 1 0 0 0 0 1 1 0 0 0 0 0 0 0 0 0 12 6 0 13 0 5 6 7 4 0 0 0 1 0 0 0 0 1 1 0 0 0 0 0 0 8 0 0 4 0 0 11 0 0 0 0 4 2 0 0 0 0 0 0 0 0 0 1 2 3 4 4 5 0 0 20 10 0 5 0 5 10 0 0 0 3 2 0 1 0 0 0 0 0 0 1 3 5 8 9 10 4 32 209 255 253 255 174 163 61 35 10 2 4 2 0 0 0 0 0 0 1 3 0 2 0 0 6 0 97 234 254 244 212 209 235 255 255 183 219 7 0 0 5 0 0 0 0 0 3 0 1 0 11 3 0 59 226 249 183 83 0 0 44 92 220 253 234 3 13 2 0 0 0 0 0 0 5 0 8 0 0 0 8 166 233 96 11 0 0 0 5 4 0 66 69 8 0 1 5 9 0 0 0 0 0 0 2 0 7 4 73 255 175 8 0 0 8 9 0 0 9 0 0 8 0 6 6 0 0 0 0 0 3 0 0 6 8 4 101 249 117 0 17 3 0 0 6 8 0 27 88 8 0 0 4 6 0 0 0 0 0 8 0 4 0 0 102 249 146 4 0 5 6 6 0 4 90 168 248 123 0 5 0 7 0 0 0 0 0 7 7 0 1 0 84 254 250 98 6 0 7 62 126 208 240 255 255 112 0 24 0 0 0 0 0 0 4 5 0 0 19 0 0 140 252 255 251 252 245 255 249 239 195 255 253 3 11 0 0 6 0 0 0 0 0 0 0 0 0 0 0 0 134 192 236 223 172 114 57 15 49 252 247 8 0 1 13 0 0 0 0 0 0 0 0 0 0 0 0 0 0 13 23 10 0 0 1 0 94 255 255 1 0 1 4 0 0 0 0 0 0 0 0 0 0 0 0 0 0 0 3 2 1 3 2 0 133 255 246 0 0 4 0 5 0 0 0 0 0 0 0 0 0 0 0 0 8 1 0 0 0 0 0 0 140 251 203 1 0 9 0 2 0 0 0 0 0 0 0 0 0 0 0 0 6 0 0 0 0 0 0 5 134 254 155 4 0 8 0 0 0 0 0 0 0 0 0 0 0 0 0 0 0 0 5 10 8 0 0 0 134 255 144 2 0 2 3 1 0 0 0 0 0 0 0 0 0 0 0 0 0 0 0 0 0 1 6 8 130 255 174 0 0 0 4 1 0 0 0 0 0 0 0 0 0 0 0 0 0 2 1 0 0 3 0 0 120 249 209 1 8 0 0 0 0 0 0 0 0 0 0 0 0 0 0 0 0 0 0 0 0 0 0 0 42 251 210 6 9 0 0 4 0 0 0 0 0 0 0 0 0 0 0 0 0 0 0 0 0 0 0 0 0 197 255 0 0 12 6 0 0 0 0 0 0 0 0 0 0 0 0 0 0 0 0 0 0 0 0 0 14 135 250 7 6 0 0 0 0 0 0 0 0 0 0 0 0 0 0 0 0 0 0 0 0 0 0 0 0 0 3 0 21 5 4 0 0 0 0 0
0 0 0 0 0 0 0 0 0 0 3 3 0 0 2 7 0 1 2 0 8 0 1 7 0 0 0 0 0 0 0 0 0 0 0 0 4 5 0 0 0 9 0 0 0 2 0 9 0 14 8 0 0 0 0 0 0 0 0 0 0 0 0 0 0 0 0 3 4 0 2 8 12 5 0 0 6 0 0 9 0 0 0 0 0 0 0 0 0 0 0 0 0 0 4 4 0 0 0 4 0 0 10 2 0 7 0 0 0 0 0 0 0 0 0 0 0 0 0 0 0 5 4 0 1 10 5 0 11 0 0 21 0 4 0 8 0 0 0 0 0 0 0 0 0 0 0 0 6 0 0 8 3 0 0 20 8 3 19 0 22 0 0 9 0 0 0 0 0 0 0 0 0 0 0 0 11 0 0 3 0 0 43 107 241 254 218 14 0 0 9 1 0 0 0 0 0 0 0 0 0 0 0 0 0 13 7 0 24 132 224 255 255 211 247 220 0 3 1 0 0 0 0 0 0 0 0 0 0 0 0 0 4 5 0 0 198 254 255 246 158 11 86 252 0 13 4 0 0 0 0 0 0 0 0 0 0 0 0 0 0 0 0 167 253 238 212 96 3 4 0 70 6 0 6 0 0 0 0 0 0 0 0 0 0 0 0 0 0 20 59 233 254 235 113 0 185 65 9 10 0 0 0 9 0 0 0 0 0 0 0 0 0 0 0 0 0 9 200 255 199 32 0 104 255 206 14 0 4 2 7 0 0 0 0 0 0 0 0 0 0 0 0 0 22 124 255 251 16 11 66 243 237 253 57 1 0 0 8 0 0 0 0 0 0 0 0 0 0 0 0 0 5 217 245 144 31 0 215 247 180 247 151 13 0 0 0 7 0 0 0 0 0 0 0 0 0 0 0 0 196 255 242 33 69 239 253 183 3 255 157 0 20 9 4 0 0 0 0 0 0 0 0 0 0 0 0 0 255 238 172 200 214 243 199 0 68 236 173 12 0 9 0 3 0 0 0 0 0 0 0 0 0 0 0 0 255 243 234 243 252 233 63 0 148 249 173 5 0 13 0 2 0 0 0 0 0 0 0 0 0 0 0 0 197 249 251 255 185 2 5 3 175 255 192 17 0 9 2 0 0 0 0 0 0 0 0 0 0 0 0 0 54 209 241 173 5 6 6 0 159 249 165 12 0 0 6 0 0 0 0 0 0 0 0 0 0 0 0 0 11 11 96 47 0 11 0 12 124 232 91 0 0 0 8 0 0 0 0 0 0 0 0 0 0 0 0 0 0 0 4 0 0 10 10 0 153 249 33 0 4 0 7 3 0 0 0 0 0 0 0 0 0 0 0 0 4 12 0 25 0 9 0 8 227 249 13 4 6 0 0 3 0 0 0 0 0 0 0 0 0 0 0 0 0 0 13 0 6 0 0 62 255 176 7 3 1 0 0 0 0 0 0 0 0 0 0 0 0 0 0 0 0 13 3 1 0 6 0 145 250 87 1 0 0 3 7 0 0 0 0 0 0 0 0 0 0 0 0 0 2 0 7 0 10 0 12 217 253 58 0 4 0 3 0 1 0 0 0 0 0 0 0 0 0 0 0 0 4 0 11 0 0 0 0 85 140 16 0 4 0 7 0 0 0 0 0 0 0 0 0 0 0 0 0 0 2 0 9 3 0 7 2 0 28 0 1 2 0 9 0 0 0 0 0 0 0 0 0 0 0 0 0 0 0 0 1 14 0 0 9 0 0 0 8 0 0 4 0 3 0 0 0 0
0 0 0 0 0 0 0 0 0 2 5 1 2 5 3 0 5 0 0 0 1 0 0 2 0 0 0 0 0 0 0 0 0 0 0 0 4 3 0 0 0 0 0 0 0 0 0 2 2 0 0 2 0 0 0 0 0 0 0 0 0 0 0 0 0 0 0 4 6 5 5 6 1 1 3 4 0 0 0 1 0 0 0 0 0 0 0 0 0 0 0 0 2 0 0 4 3 0 0 0 0 0 0 0 0 0 1 4 0 0 0 0 0 0 0 0 0 0 0 0 5 0 0 0 0 0 4 10 11 9 6 4 5 4 0 0 0 0 0 0 0 0 0 0 0 0 0 0 0 2 3 1 0 2 0 0 0 0 0 0 2 4 0 0 0 0 0 0 0 0 0 0 0 0 0 0 0 8 7 0 0 6 6 0 1 6 6 0 0 0 5 8 0 0 0 0 0 0 0 0 0 0 0 0 0 3 0 0 17 68 106 117 153 143 110 59 15 0 0 0 0 0 0 0 0 0 3 0 0 13 0 0 0 18 71 132 229 230 255 245 251 251 255 224 175 0 0 0 0 0 0 0 6 0 7 0 3 0 16 11 85 191 254 252 235 255 255 252 246 249 255 249 218 74 0 17 0 0 0 0 0 15 0 0 12 17 2 198 252 247 251 255 250 248 255 110 128 201 249 255 255 204 9 0 0 0 0 0 1 0 12 0 0 98 241 244 255 247 242 155 143 41 0 2 0 19 82 238 255 224 0 4 0 0 0 0 0 0 6 0 65 255 250 255 237 202 37 0 0 0 8 6 4 0 10 249 249 207 0 10 0 0 0 0 12 0 0 0 191 232 255 249 178 16 0 19 7 0 3 0 3 0 6 255 255 218 15 0 0 0 0 0 1 0 21 0 113 255 254 255 156 146 73 0 5 28 139 144 15 2 0 243 255 202 0 2 0 0 0 0 3 0 0 3 72 248 255 250 251 255 249 255 255 245 243 255 253 253 169 255 247 221 4 0 0 0 0 0 0 7 2 0 26 124 217 255 247 253 255 255 231 255 255 251 248 248 243 188 136 19 1 4 0 0 0 0 0 10 9 0 0 18 43 56 217 202 220 254 229 218 210 234 255 255 254 0 1 6 2 0 0 0 0 0 0 0 1 5 0 0 0 4 0 15 75 99 26 0 6 108 251 240 255 0 3 2 0 4 0 0 0 0 4 0 0 0 0 0 3 15 0 0 0 13 4 5 0 60 228 255 248 71 9 0 1 6 0 0 0 0 1 1 0 0 0 0 0 0 0 3 9 0 0 0 6 96 247 255 240 134 7 0 7 0 0 0 0 0 0 0 3 0 2 8 5 0 12 1 1 0 3 8 1 112 255 236 250 134 10 2 5 0 0 0 0 0 0 2 0 0 0 0 0 0 1 0 0 0 2 2 0 111 246 244 255 81 0 13 13 0 0 0 0 0 1 0 0 2 2 0 1 5 0 4 10 0 1 9 0 115 255 255 251 140 15 0 0 12 0 0 0 0 0 0 0 0 0 0 0 0 0 0 0 0 0 0 2 2 189 252 255 104 0 3 0 0 0 0 0 0 0 0 0 0 0 0 0 0 0 0 0 0 0 0 1 2 53 242 247 0 12 11 0 10 0 0 0 0 0 0 0 0 0 0 0 0 0 0 0 0 0 0 1 2 0 197 244 2 0 0 0 8 0 0 0 0 0 0 0 0 0 0 0 0 1 0 0 0 0 0 1 1 9 0 0 0 15 9 0 0 0 0 0 0
0 0 0 0 0 0 0 0 7 0 0 8 0 0 0 2 0 0 0 0 7 1 0 7 0 0 0 0 0 0 0 0 0 0 0 0 0 2 8 0 0 0 6 4 8 0 0 0 2 0 0 0 0 0 0 0 0 0 0 0 0 0 0 0 6 0 0 5 13 9 0 0 0 0 11 10 0 1 10 10 0 0 0 0 0 0 0 0 0 0 0 0 0 3 0 0 0 0 0 11 4 0 0 0 0 3 5 0 0 0 0 0 0 0 0 0 0 0 0 0 0 9 7 0 2 13 4 0 3 2 2 0 0 1 9 9 0 0 0 0 0 0 0 0 0 0 0 0 3 1 0 2 13 0 0 2 0 2 0 0 9 2 0 0 0 0 0 0 0 0 0 0 0 0 0 0 4 1 0 0 5 6 57 147 206 255 255 224 136 26 0 12 0 0 0 0 0 0 0 0 0 0 0 0 0 12 0 12 115 214 248 254 255 255 240 254 255 174 39 0 0 0 0 0 5 0 0 5 0 0 12 0 6 13 118 200 254 255 242 242 144 124 216 242 252 251 106 4 0 0 0 0 0 0 2 4 0 0 0 0 3 190 255 248 255 218 102 0 9 88 225 247 255 232 11 0 0 0 0 0 0 0 10 0 2 4 0 27 165 244 247 238 80 12 0 12 109 228 243 251 248 75 9 0 0 0 0 0 5 0 10 0 0 2 5 97 253 237 212 17 11 2 4 65 236 255 255 253 135 0 5 0 0 0 0 0 4 0 8 0 0 0 14 141 249 255 110 85 85 77 180 241 247 237 251 216 16 0 1 0 0 0 0 0 0 0 5 0 4 0 8 115 254 246 254 253 255 254 255 254 255 255 253 97 0 0 14 2 0 0 0 0 0 5 0 0 8 0 0 47 169 255 251 255 200 161 156 247 255 226 208 0 0 16 0 10 0 0 0 0 0 13 0 0 8 4 0 0 13 38 44 45 31 20 178 251 244 255 56 4 0 0 3 0 0 0 0 0 0 0 0 0 0 0 0 0 0 0 0 21 0 142 255 253 255 101 1 2 5 0 1 0 0 0 0 0 0 0 0 0 0 0 0 0 10 7 0 0 99 255 247 249 138 37 0 1 5 0 3 0 0 0 0 0 0 0 0 0 0 0 0 0 0 0 5 25 211 255 255 231 37 0 0 7 3 0 3 0 0 0 0 0 0 0 0 0 0 0 0 0 0 0 0 143 255 238 239 26 3 0 2 5 0 0 5 0 0 0 0 0 0 0 0 0 0 0 0 0 5 0 29 208 232 255 220 3 0 0 0 0 0 4 9 0 0 0 0 0 0 0 0 0 0 0 0 0 0 0 205 255 255 231 64 0 0 3 0 0 0 6 5 0 0 0 0 0 0 0 0 0 0 0 0 0 0 40 249 236 255 185 1 12 3 7 3 0 4 2 0 0 0 0 0 0 0 0 0 0 0 0 0 0 6 185 255 255 231 193 31 0 0 0 0 0 2 0 0 10 0 0 0 0 0 0 0 0 0 0 0 0 0 220 255 240 255 234 60 0 0 0 0 0 0 0 0 0 0 0 0 0 0 0 0 0 0 0 0 0 9 83 199 255 155 61 9 5 0 0 0 0 0 0 0 0 0 0 0 0 0 0 0 0 0 0 0 0 9 0 0 8 0 0 8 0 0 0 0 0 0 0 0 0 0 0 0 0 0 0 0 0 0 0 0 0 0 7 9 0 18 0 0 13 0 0 0 0 0 0 0 0 0 0 0 0
0 0 0 0 0 0 0 0 0 9 12 0 0 0 1 0 0 0 5 9 1 0 1 0 0 0 0 0 0 0 0 0 0 0 0 0 7 0 0 0 10 4 5 2 7 8 0 0 0 7 7 0 0 0 0 0 0 0 0 0 0 0 0 0 0 5 16 0 1 0 1 0 0 2 0 0 0 1 0 2 0 0 0 0 0 0 0 0 0 0 0 0 0 0 4 0 14 7 14 0 0 0 0 2 10 0 0 5 0 0 0 0 0 0 0 0 0 0 0 0 7 0 2 1 2 0 0 8 11 2 0 0 3 5 0 0 0 0 0 0 0 0 0 0 0 0 0 0 0 7 2 0 0 11 8 0 0 0 8 0 0 1 8 0 0 0 0 0 0 0 0 0 0 0 0 0 0 0 0 50 118 182 139 87 18 0 7 13 0 0 9 0 0 0 0 0 0 0 0 0 0 0 0 0 3 0 44 201 255 255 238 255 136 17 0 5 0 0 9 0 0 0 0 0 0 0 9 3 0 0 3 2 5 38 207 253 246 255 239 255 254 133 18 20 4 0 0 4 0 0 0 0 10 0 0 0 1 9 2 0 15 248 255 255 241 160 79 53 255 255 202 243 68 1 6 0 0 0 0 0 1 0 5 7 2 0 0 3 238 237 255 255 102 1 3 0 88 175 253 255 183 2 0 0 0 0 0 0 5 2 4 0 0 1 9 83 246 255 232 46 3 2 0 3 0 63 250 230 255 21 0 11 0 0 0 0 0 0 0 0 0 7 0 97 248 249 115 4 3 0 12 0 5 85 255 255 206 21 0 0 0 0 0 0 0 0 1 8 0 0 0 122 255 233 22 4 0 0 20 0 0 170 246 255 140 3 6 0 0 0 0 0 1 7 0 0 0 4 21 204 250 186 0 10 0 2 0 0 2 241 255 244 111 3 11 0 0 0 0 0 0 0 0 6 4 4 0 146 254 229 26 0 6 3 3 3 20 223 252 255 37 0 0 0 0 0 0 0 0 0 1 4 0 0 12 37 245 255 156 124 118 127 93 122 203 239 255 251 0 1 0 0 0 0 0 0 3 0 0 2 0 0 1 15 102 253 237 236 241 255 253 255 236 255 255 186 3 0 4 0 0 0 0 0 6 0 0 1 2 0 0 0 0 0 50 250 241 174 178 157 190 255 238 83 0 0 8 0 0 0 0 0 5 0 0 2 5 1 0 0 9 12 0 28 16 1 5 0 94 241 220 15 0 0 7 0 0 0 0 0 3 0 0 2 2 0 1 4 0 1 0 6 3 0 0 12 59 255 229 8 0 7 2 0 0 0 0 0 1 2 3 0 0 0 0 2 6 0 12 0 0 19 5 0 101 255 216 12 0 7 0 1 0 0 0 0 0 2 2 0 0 0 0 0 0 17 8 0 7 0 0 12 183 255 171 2 0 2 0 4 0 0 0 0 0 0 1 1 3 5 3 0 7 0 0 9 0 0 21 0 255 252 139 0 4 1 0 4 0 0 0 0 0 0 0 0 0 0 0 0 0 0 0 8 0 0 21 60 248 254 139 3 0 11 1 0 0 0 0 0 0 0 0 0 0 0 0 0 3 0 0 4 0 0 7 30 208 199 107 8 0 4 1 7 0 0 0 0 0 0 0 0 0 0 0 0 4 1 0 1 0 0 0 2 0 2 0 0 2 1 0 0 0 0 0 0 0 0 0 0 0 0 0 0 0 2 2 1 1 3 1 0 4 0 3 11 7 0 0 0 0 0 0 0
0 0 0 0 0 0 0 0 0 0 0 0 0 0 0 0 0 0 0 0 0 0 0 0 0 0 0 0 0 0 0 0 0 0 0 0 0 0 0 0 0 0 0 0 0 0 0 0 0 0 0 0 0 0 0 0 0 0 0 0 0 0 0 0 0 0 0 0 0 0 0 0 0 0 0 0 0 0 0 0 0 0 0 0 0 0 0 0 0 0 0 0 0 0 0 0 0 0 0 0 0 0 0 0 0 0 0 0 0 0 0 0 0 0 0 0 0 0 0 0 0 0 0 0 0 0 0 0 0 0 0 0 0 0 0 0 0 0 0 0 0 0 0 0 0 0 0 0 0 0 0 0 0 0 0 0 0 0 0 0 0 0 0 0 0 0 0 0 0 0 0 0 0 0 0 0 0 0 0 0 0 0 0 0 0 0 0 0 0 0 0 0 0 0 0 0 0 0 0 0 0 0 0 0 0 0 0 0 0 0 0 0 0 0 0 0 0 0 0 0 0 0 0 0 0 6 2 3 7 0 0 11 45 46 52 119 146 142 159 247 179 148 151 51 25 3 0 7 0 0 0 0 7 4 0 0 14 154 212 220 255 255 253 244 255 255 251 255 251 255 255 251 222 44 0 0 0 0 0 0 0 0 20 80 242 255 246 223 212 219 211 153 147 128 106 55 15 7 0 141 250 52 8 0 0 0 0 0 8 0 46 245 242 164 81 22 0 0 13 2 3 1 9 0 0 11 14 205 255 28 4 8 0 0 0 0 0 0 54 255 130 0 0 0 10 0 0 6 0 0 0 12 7 0 0 217 254 52 0 0 0 0 0 0 0 1 51 245 216 35 5 2 0 1 0 9 0 11 0 0 14 0 55 251 248 44 0 11 0 0 0 0 8 0 11 216 239 188 84 0 0 17 8 0 0 5 0 0 0 22 119 249 255 45 0 8 0 0 0 0 0 14 0 0 196 255 222 149 54 71 53 0 6 5 38 72 143 207 251 255 255 42 6 0 0 0 0 0 0 0 0 0 19 72 136 177 254 255 247 220 206 219 244 255 252 234 118 143 255 41 2 0 0 0 0 0 0 4 6 0 0 0 5 7 90 133 181 207 213 210 197 183 98 23 10 213 252 40 14 0 0 0 0 0 0 0 1 1 3 2 0 0 0 7 6 0 0 0 4 7 16 0 0 215 255 47 0 0 0 0 0 0 6 1 0 0 0 7 10 10 0 0 0 1 3 7 6 2 0 15 2 165 255 42 0 9 0 0 0 0 4 3 2 1 0 0 0 0 11 9 4 0 0 0 0 0 0 0 4 196 255 34 5 3 0 0 0 0 0 0 1 6 5 1 1 4 0 0 0 4 7 6 2 0 11 0 8 218 248 50 9 0 0 0 0 0 0 0 0 0 0 0 0 2 9 4 0 0 0 0 0 1 0 10 0 154 240 55 6 0 0 0 0 0 6 0 0 2 3 0 0 0 0 0 1 3 3 0 0 0 5 4 0 124 252 31 5 0 0 0 0 0 0 0 0 0 0 0 0 0 0 0 0 0 0 0 0 0 0 17 0 100 245 56 0 5 0 0 0 0 0 0 0 0 0 0 0 0 0 0 0 0 0 0 0 0 4 0 0 47 255 45 7 0 0 0 0 0 0 0 0 0 0 0 0 0 0 0 0 0 0 0 0 0 7 0 0 8 245 31 15 0 0 0 0 0 0 0 0 0 0 0 0 0 0 0 0 0 0 0 0 0 0 1 0 8 203 24 0 1 0 0 0 0
0 0 0 0 0 0 0 0 0 0 0 0 1 1 1 2 0 0 0 0 0 0 2 5 0 0 0 0 0 0 0 0 0 0 0 0 3 2 0 0 0 0 0 2 3 4 6 7 6 0 0 0 0 0 0 0 0 0 0 0 0 0 0 0 0 0 0 2 2 0 0 0 0 0 0 0 0 4 9 11 0 0 0 0 0 0 0 0 0 0 0 0 0 0 0 2 4 6 7 7 4 4 5 5 3 0 0 0 0 0 0 0 0 0 0 0 0 0 0 0 11 6 0 0 0 0 0 0 0 0 0 0 0 0 0 3 0 0 0 0 0 0 0 0 0 0 0 0 0 0 0 5 7 6 2 0 6 6 5 3 0 1 5 8 0 0 0 0 0 0 0 0 0 0 0 0 7 5 2 0 0 0 0 0 0 0 0 0 1 2 0 0 0 0 0 0 0 0 0 0 0 0 0 0 0 0 3 30 84 157 227 255 252 194 111 41 5 0 0 0 0 0 0 0 2 0 0 7 0 0 7 0 4 50 174 200 246 247 255 255 252 244 254 158 7 0 5 7 0 0 0 0 0 0 10 0 5 17 0 86 246 255 233 255 255 233 167 159 171 205 255 255 144 5 0 0 0 0 0 0 4 21 0 0 1 0 3 208 245 253 255 188 60 68 5 1 0 84 243 245 255 0 24 7 0 0 0 0 0 0 8 1 2 137 255 241 255 103 3 22 10 0 14 0 43 255 255 238 34 3 0 0 0 0 0 0 0 15 0 10 0 255 249 206 76 0 7 0 0 0 3 68 241 255 221 175 14 0 0 14 0 0 0 0 0 0 5 27 201 253 231 131 6 11 7 7 0 41 173 255 252 252 255 161 0 0 3 0 0 0 0 0 7 0 0 89 255 253 255 0 0 0 6 0 16 190 255 251 254 244 255 167 2 3 0 1 0 0 0 0 0 9 0 57 223 241 255 194 94 83 86 146 240 253 195 168 175 243 251 181 0 13 0 0 0 0 0 0 3 4 0 0 73 225 255 236 248 255 232 255 247 102 16 6 1 254 241 180 0 0 0 9 0 0 0 0 0 0 5 0 0 66 152 178 164 168 68 2 0 0 6 7 0 255 255 166 1 11 1 0 0 0 0 0 8 0 0 13 2 1 9 2 0 17 0 0 3 0 4 0 0 251 255 152 1 5 0 0 0 0 0 0 0 0 4 7 0 0 0 0 7 0 0 7 9 0 11 15 3 249 249 192 34 0 0 5 0 0 0 0 0 3 7 0 0 0 12 13 5 3 1 4 0 0 2 0 2 254 255 255 79 3 6 0 0 0 0 0 8 0 0 4 10 4 0 0 0 0 0 2 0 6 11 1 2 230 255 255 83 0 13 0 0 0 0 0 0 0 0 0 0 0 0 17 7 0 0 6 5 0 0 5 2 158 244 242 92 0 7 0 0 0 0 0 0 10 6 0 0 6 0 0 0 3 4 0 0 4 0 4 0 89 247 255 138 0 0 4 0 0 0 0 0 0 0 0 0 0 0 0 0 0 0 0 0 0 0 0 0 83 255 246 244 16 0 5 0 0 0 0 0 0 0 0 0 0 0 0 0 0 0 0 0 0 0 0 0 84 255 255 251 40 0 0 0 0 0 0 0 0 0 0 0 0 0 0 0 0 0 0 0 0 0 0 5 43 182 250 255 63 0 13 0 0 0 0 0 0 0 0 0 0 0 0 0 0 0 0 0 0 0 0 0 0 6 0 15 0 0 0 0 0 0 0
0 0 0 0 0 0 0 0 1 4 1 0 0 3 2 0 0 1 4 4 0 12 0 2 0 0 0 0 0 0 0 0 0 0 0 0 0 0 7 7 2 0 0 0 5 9 0 4 0 8 0 5 0 0 0 0 0 0 0 0 0 0 0 0 17 2 0 0 3 8 6 3 0 0 0 0 0 1 0 9 0 0 0 0 0 0 0 0 0 0 0 0 0 0 2 7 1 0 0 0 0 16 6 11 6 0 0 0 0 0 0 0 0 0 0 0 0 0 0 0 6 0 0 0 3 2 3 6 0 0 5 6 0 0 6 0 0 0 0 0 0 0 0 0 0 0 0 0 7 5 0 0 0 0 0 0 30 0 0 0 0 0 9 1 0 0 0 0 0 0 0 0 0 0 0 0 0 0 0 0 19 103 200 255 163 15 12 10 0 2 0 0 0 0 0 0 0 0 0 0 0 0 0 0 4 0 0 44 140 233 255 247 227 9 0 0 0 5 0 0 0 0 0 0 0 0 0 0 0 0 0 0 0 11 6 198 255 231 140 254 253 220 144 11 0 5 0 0 0 0 0 0 0 0 0 0 0 0 0 0 1 0 242 245 202 70 5 86 185 255 249 148 0 0 9 0 0 0 0 0 0 0 0 0 0 0 0 0 8 89 255 239 46 0 0 0 6 63 247 237 38 7 6 0 0 0 0 0 0 0 0 0 0 0 0 0 0 188 255 88 0 0 0 19 5 59 248 253 153 3 0 1 0 0 0 0 0 0 0 0 0 0 0 0 0 135 255 98 3 0 20 0 45 251 255 255 199 0 0 4 0 0 0 0 0 0 0 0 0 0 0 0 6 125 229 187 11 1 0 0 96 255 236 233 91 6 0 0 0 0 0 0 0 0 0 0 0 0 0 0 5 89 255 156 0 10 13 79 253 253 250 146 0 12 0 3 0 0 0 0 0 0 0 0 0 0 0 0 2 230 255 132 130 179 211 253 255 245 255 42 0 3 1 2 0 0 0 0 0 0 0 0 0 0 0 0 3 229 255 243 255 255 240 255 255 226 42 0 17 0 0 1 0 0 0 0 0 0 0 0 0 0 0 0 0 122 149 189 125 162 245 255 197 20 0 22 0 0 0 6 0 0 0 0 0 0 0 0 0 0 0 0 18 0 0 6 50 205 255 186 43 0 15 0 0 20 5 0 0 0 0 0 0 0 0 0 0 0 0 0 0 3 0 36 229 244 201 0 0 24 6 0 5 1 0 7 0 0 0 0 0 0 0 0 0 0 0 0 8 9 1 158 255 255 42 11 0 12 0 3 17 0 8 1 0 0 0 0 0 0 0 0 0 0 0 0 0 1 21 255 245 143 0 0 0 1 2 0 0 3 5 0 0 0 0 0 0 0 0 0 0 0 0 0 5 24 228 239 176 11 4 0 1 0 8 4 4 0 0 15 0 0 0 0 0 0 0 0 0 0 0 0 4 115 245 255 49 3 5 0 5 0 0 0 0 6 14 0 0 0 0 0 0 0 0 0 0 0 0 0 37 248 255 197 5 1 0 3 0 0 0 0 0 0 0 0 0 0 0 0 0 0 0 0 0 0 0 0 47 253 191 20 0 7 4 0 0 0 0 0 0 0 0 0 0 0 0 0 0 0 0 0 0 0 0 0 4 0 7 11 9 0 22 2 0 0 0 0 0 0 0 0 0 0 0 0 0 0 0 0 0 0 0 0 0 9 8 0 0 5 24 0 0 0 0 0 0 0 0 0 0 0 0 0
0 0 0 0 0 0 0 0 5 6 0 0 3 0 2 0 0 0 0 0 0 0 0 0 0 0 0 0 0 0 0 0 0 0 0 0 0 0 6 7 1 0 8 12 0 0 0 0 0 0 0 0 0 0 0 0 0 0 0 0 0 0 0 0 10 5 7 0 0 0 0 0 0 0 0 0 0 0 0 0 0 0 0 0 0 0 0 0 0 0 0 0 2 0 0 0 3 8 0 0 0 0 0 0 0 0 0 0 0 0 0 0 0 0 0 0 0 0 0 0 0 1 13 13 6 0 0 3 0 0 0 0 0 0 0 0 0 0 0 0 0 0 0 0 0 0 0 0 0 11 0 0 0 0 11 0 0 0 0 0 0 0 0 0 0 0 0 0 0 0 0 0 0 0 0 0 149 239 255 255 255 232 157 19 0 0 0 0 0 0 0 0 0 0 0 0 0 0 0 0 0 0 0 0 130 250 252 242 247 255 246 113 0 0 0 0 0 0 0 0 0 0 0 0 1 3 0 0 3 10 8 111 171 252 255 254 255 255 248 162 26 0 0 3 9 0 2 0 0 0 0 0 0 5 8 5 0 10 72 249 255 248 255 242 241 255 244 255 170 135 131 98 0 22 0 0 0 0 0 0 3 0 0 3 0 0 62 255 247 251 249 255 254 246 250 248 255 250 252 200 0 0 0 21 0 0 0 0 6 0 0 2 3 5 62 246 255 249 255 78 81 255 252 254 251 249 249 255 128 0 3 0 0 0 0 0 3 3 0 0 0 4 72 255 255 248 62 0 7 77 254 250 252 255 252 244 177 0 7 22 0 0 0 0 0 7 5 0 0 0 63 243 255 255 94 41 49 108 255 247 252 246 251 253 255 124 0 0 0 0 0 0 0 0 0 6 6 18 75 249 255 245 254 249 251 255 246 255 247 253 255 253 248 140 0 13 0 0 0 0 4 4 3 5 0 0 62 254 244 255 252 255 254 243 255 251 255 252 245 251 255 120 8 0 0 0 0 0 0 8 0 0 4 0 39 159 253 249 251 255 245 243 255 244 240 255 255 253 255 112 4 0 0 0 0 0 0 7 0 0 12 0 0 45 168 255 255 236 255 255 252 255 255 243 246 245 255 232 79 0 0 0 0 0 3 5 0 0 4 2 0 0 14 179 255 246 248 250 247 240 254 255 253 255 247 244 85 11 0 0 0 0 1 0 0 0 0 2 7 2 16 0 13 28 5 90 138 12 15 204 250 249 251 253 108 0 0 0 0 0 0 0 3 9 0 0 0 0 0 17 1 0 0 0 2 0 1 160 255 242 254 248 115 0 0 0 0 0 9 0 0 6 2 0 0 0 1 3 0 6 0 0 3 7 0 6 233 255 255 244 88 0 0 0 0 0 10 1 0 0 0 2 2 4 2 11 0 1 13 0 0 0 6 0 253 246 228 255 109 10 0 0 0 0 0 3 4 0 3 2 0 0 0 6 0 0 0 0 5 2 0 8 234 255 255 253 88 0 0 0 0 0 0 0 0 0 0 0 0 0 0 0 0 0 0 0 0 0 3 0 74 255 255 159 24 0 0 0 0 0 0 0 0 0 0 0 0 0 0 0 0 0 0 0 0 0 4 0 35 196 19 39 0 5 0 0 0 0 0 0 0 0 0 0 0 0 0 0 0 0 0 0 0 0 0 7 0 0 16 0 0 2 0 0 0 0 0 0 0 0 0 0 0 0 0 0 0 0 0 0 0 0 0 4 1 0 6 3 0 2 0 0 0 0
0 0 0 0 0 0 0 0 0 0 3 0 0 2 10 3 0 2 4 3 0 0 0 0 0 0 0 0 0 0 0 0 0 0 0 0 0 0 0 9 9 0 0 0 0 0 0 0 0 1 0 0 0 0 0 0 0 0 0 0 0 0 0 0 10 3 0 0 1 0 0 4 3 0 0 0 0 1 1 0 0 0 0 0 0 0 0 0 0 0 0 0 0 3 2 0 9 9 0 1 5 2 1 2 1 0 0 1 0 0 0 0 0 0 0 0 0 0 0 0 0 2 1 0 0 0 0 0 0 0 2 5 2 0 0 4 0 0 0 0 0 0 0 0 0 0 0 0 3 0 0 8 1 0 9 15 0 0 0 3 1 0 0 6 0 0 0 0 0 0 0 0 0 0 0 0 7 0 7 2 0 4 13 0 17 3 0 0 2 0 0 3 0 0 0 0 0 0 0 0 0 0 0 0 0 0 3 0 24 168 255 228 39 14 0 0 5 2 0 0 0 0 0 0 0 0 0 0 0 2 2 0 0 3 0 67 194 250 215 232 255 0 0 4 0 14 8 0 0 0 0 0 0 0 0 0 0 1 0 0 1 3 54 229 255 219 4 73 229 1 3 15 0 0 0 7 0 0 0 0 0 0 0 0 0 0 0 0 0 72 232 255 186 31 0 0 7 18 0 0 0 3 20 0 0 0 0 0 0 0 0 2 1 0 0 0 25 200 250 231 20 0 10 0 0 38 167 176 11 0 0 0 0 0 0 0 0 0 0 2 1 0 0 5 138 255 255 88 7 0 0 30 134 228 254 236 30 11 10 12 0 0 0 0 2 0 0 3 1 0 2 13 255 246 110 18 0 0 89 204 255 236 255 196 0 1 0 0 0 0 0 0 4 0 0 3 1 0 6 20 239 255 79 6 40 154 255 180 57 255 226 88 0 3 16 1 0 0 0 0 5 0 0 2 1 0 8 24 253 253 189 197 255 206 117 25 70 254 166 0 11 0 0 0 0 0 0 0 0 0 0 0 0 4 9 12 249 255 255 167 113 22 0 40 214 255 72 9 7 4 0 0 0 0 0 0 2 0 0 0 0 2 5 7 11 62 61 0 8 6 0 68 255 201 40 0 0 0 5 5 0 0 0 0 2 1 0 0 0 0 0 0 0 2 9 6 0 0 17 140 255 94 2 2 0 0 9 0 0 0 0 0 0 0 0 0 0 0 0 0 0 16 0 0 9 0 16 207 238 24 0 4 1 4 1 0 0 0 0 0 0 0 0 0 0 0 0 0 6 0 3 5 0 12 132 239 188 13 1 0 3 1 0 6 0 0 0 0 0 0 0 0 0 0 0 0 0 6 8 0 0 0 156 244 86 2 3 0 11 1 0 6 0 0 0 0 0 0 0 0 0 0 0 1 3 0 6 19 0 12 218 182 2 0 0 1 13 0 0 0 0 0 0 0 2 1 0 0 0 0 0 0 1 9 0 0 13 92 255 93 0 10 0 2 1 0 10 0 0 0 0 0 0 0 0 0 0 0 0 0 0 3 0 12 1 106 210 25 0 0 0 0 0 0 0 0 0 0 0 0 0 0 0 0 0 0 0 0 0 2 0 0 0 150 113 0 0 0 0 0 0 0 0 0 0 0 0 0 0 0 0 0 0 0 0 0 0 11 6 3 13 158 56 18 0 0 0 0 0 0 0 0 0 0 0 0 0 0 0 0 0 0 0 0 0 5 0 0 5 27 0 0 0 0 0 0 0 0 0 0 0 0 0 0
0 0 0 0 0 0 0 0 1 1 1 2 2 0 0 0 0 0 0 0 0 0 0 0 0 0 0 0 0 0 0 0 0 0 0 0 0 0 0 0 0 5 11 15 12 0 0 3 10 4 0 2 0 0 0 0 0 0 0 0 0 0 0 0 3 3 3 1 0 0 0 0 0 0 4 5 0 0 0 8 0 0 0 0 0 0 0 0 0 0 0 0 0 0 0 3 4 4 5 6 5 6 0 0 0 10 4 0 0 0 0 0 0 0 0 0 0 0 0 0 2 1 0 0 0 0 0 0 0 0 0 0 1 5 6 5 0 0 0 0 0 0 0 0 0 0 0 0 1 1 2 4 6 5 2 0 8 3 7 14 4 0 0 4 0 0 0 0 0 0 0 0 0 0 0 0 7 0 0 0 0 0 0 0 0 0 0 0 3 7 6 2 0 0 0 0 0 0 0 0 0 0 0 0 4 0 0 20 76 145 204 237 164 238 248 144 31 0 0 1 0 0 0 0 5 0 8 13 0 13 0 0 5 0 36 197 240 255 249 255 225 179 255 242 83 0 0 8 0 0 0 0 0 11 0 0 9 0 0 0 0 72 186 238 252 218 135 92 11 7 97 247 201 0 55 17 0 0 0 0 0 11 0 21 0 0 5 30 151 228 255 250 170 42 6 0 9 0 206 255 163 174 255 224 0 0 0 0 0 0 19 0 0 17 13 164 252 228 249 164 0 0 3 0 0 96 237 255 236 242 255 201 0 0 0 0 0 0 0 9 0 34 234 254 254 214 46 0 3 0 0 9 26 214 255 242 255 247 180 26 0 0 0 0 0 12 3 0 19 193 247 245 161 23 1 0 10 7 23 40 220 238 255 255 234 245 68 18 0 0 0 0 0 0 0 9 72 255 225 84 1 0 13 0 11 61 210 251 246 240 237 250 255 234 26 0 0 0 0 0 3 0 14 0 201 255 227 14 3 1 30 93 182 247 255 255 201 57 231 245 244 58 3 0 0 0 0 0 2 0 6 1 245 255 234 161 254 237 255 255 243 198 92 28 46 201 248 235 73 1 7 0 0 0 0 0 0 18 0 10 103 238 255 255 247 255 252 199 48 0 2 28 203 255 247 63 8 0 0 7 0 0 0 0 0 7 0 0 1 104 156 173 190 112 55 0 12 3 3 206 245 240 118 0 0 12 0 3 0 0 0 0 5 0 6 0 0 0 17 13 5 0 0 17 0 39 244 247 255 119 0 0 0 1 8 0 0 0 0 0 1 0 0 14 4 1 0 0 2 1 15 0 39 208 244 255 193 0 6 0 7 0 0 1 0 0 0 0 0 15 0 0 0 17 0 10 0 0 3 6 176 255 255 202 28 0 5 7 9 1 0 0 0 0 0 0 0 5 6 0 0 0 0 0 2 19 0 60 232 251 255 89 0 32 0 10 0 0 4 0 0 0 0 0 6 0 0 15 0 3 1 4 0 0 46 243 255 254 81 4 5 0 0 4 5 2 0 0 0 0 0 0 0 0 0 0 0 0 0 0 0 5 41 255 238 184 13 0 0 0 0 0 0 0 0 0 0 0 0 0 0 0 0 0 0 0 0 0 0 2 0 3 0 1 0 2 0 0 0 0 0 0 0 0 0 0 0 0 0 0 0 0 0 0 0 0 0 1 18 0 6 0 4 0 0 0 0 0 0 0 0 0 0 0 0 0 0 0 0 0 0 0 0 0 8 0 0 2 3 0 0 7 0 0 0 0 0 0 0 0 0 0 0 0
0 0 0 0 0 0 0 0 4 1 0 0 2 2 0 0 0 0 0 1 0 0 0 9 0 0 0 0 0 0 0 0 0 0 0 0 0 0 7 7 1 0 2 8 3 3 5 7 4 0 0 0 0 0 0 0 0 0 0 0 0 0 0 0 9 5 0 0 0 0 0 0 0 0 0 0 2 3 1 0 0 0 0 0 0 0 0 0 0 0 0 0 0 1 5 2 0 0 2 9 0 0 0 0 0 2 5 3 0 0 0 0 0 0 0 0 0 0 0 0 0 0 0 2 9 9 2 0 0 4 4 0 0 0 1 2 0 0 0 0 0 0 0 0 0 0 0 0 2 1 0 0 0 0 0 3 0 0 0 1 2 0 0 1 0 0 0 0 0 0 0 0 0 0 0 0 1 0 8 75 161 212 207 181 15 0 0 0 4 0 0 3 0 0 0 0 0 0 0 0 0 0 0 0 0 93 202 239 208 178 194 227 62 23 0 0 4 0 0 3 0 0 0 0 0 5 0 0 5 0 0 16 86 255 221 113 13 0 0 25 42 0 0 6 2 0 0 0 0 0 0 0 0 4 0 2 7 0 0 88 255 203 34 0 0 0 28 0 5 52 0 0 0 1 3 0 0 0 0 0 2 1 0 9 6 0 10 194 218 42 5 0 11 0 3 0 128 217 23 10 0 0 2 0 0 0 0 0 1 1 0 4 0 1 25 255 139 0 14 0 0 0 12 8 235 255 8 1 6 0 3 4 0 0 0 0 0 3 0 0 0 6 18 218 204 0 5 9 8 13 0 166 248 215 0 0 11 0 1 0 0 0 0 0 0 3 4 2 0 5 0 112 236 183 48 0 0 68 171 255 255 185 19 0 3 0 2 0 0 0 0 0 2 0 3 2 0 3 0 24 178 250 251 235 250 242 184 187 248 159 8 0 0 0 1 10 0 0 0 0 8 0 0 0 0 5 6 0 0 70 115 123 104 26 5 96 252 152 0 5 16 1 0 7 0 0 0 0 0 0 0 0 0 0 0 0 1 0 0 5 0 0 26 67 254 200 0 12 0 8 0 0 0 0 0 0 0 0 0 0 0 0 0 0 1 0 0 5 0 0 0 19 255 240 8 6 3 0 0 3 0 0 0 0 0 0 0 0 0 0 0 0 0 0 0 3 1 0 0 0 220 255 43 0 8 0 1 9 0 0 0 0 0 0 0 0 0 0 0 0 0 0 0 0 0 4 5 3 163 254 97 0 0 3 4 0 0 0 0 0 0 0 0 0 0 0 0 0 0 4 2 0 0 0 0 0 172 251 132 3 0 9 0 0 0 0 0 0 0 0 0 0 0 0 0 0 0 0 4 2 0 0 0 0 173 244 120 2 0 6 0 1 0 0 0 0 0 0 0 0 0 0 0 0 0 0 0 4 5 2 1 3 91 244 102 0 0 0 4 5 0 0 0 0 0 0 0 0 0 0 0 0 7 0 0 0 0 0 0 0 0 255 110 3 2 0 8 0 0 0 0 0 0 0 0 0 0 0 0 0 0 0 0 0 0 0 0 0 0 225 149 0 7 0 9 0 0 0 0 0 0 0 0 0 0 0 0 0 0 0 0 0 0 0 0 0 0 63 193 12 0 11 0 16 0 0 0 0 0 0 0 0 0 0 0 0 0 0 0 0 0 0 0 0 1 6 15 9 6 0 17 0 0 0 0 0 0 0 0 0 0 0 0 0 0 0 0 0 0 0 0 0 0 13 0 0 10 0 4 8 0 0 0 0
0 0 0 0 0 0 0 0 0 0 8 3 0 0 4 0 0 5 0 3 3 0 4 0 0 0 0 0 0 0 0 0 0 0 0 0 8 0 0 0 0 5 8 1 1 6 2 8 0 3 11 16 0 0 0 0 0 0 0 0 0 0 0 0 5 0 0 1 5 2 0 0 9 0 0 0 0 12 0 0 0 0 0 0 0 0 0 0 0 0 0 0 0 2 4 3 3 0 0 1 0 3 7 10 4 0 3 0 0 0 0 0 0 0 0 0 0 0 0 0 0 9 2 0 0 4 4 10 0 4 0 0 18 0 15 1 0 0 0 0 0 0 0 0 0 0 0 0 0 8 0 0 5 3 0 0 0 17 0 0 26 0 0 3 0 0 0 0 0 0 0 0 0 0 0 0 0 4 0 2 13 0 0 22 40 141 225 247 234 129 0 0 0 0 0 0 0 0 0 0 0 0 0 0 0 4 0 2 5 0 24 110 231 251 255 255 255 210 0 4 0 0 0 0 0 0 0 0 0 0 0 0 0 6 0 14 0 54 198 252 251 255 172 87 162 45 0 5 0 0 0 0 0 0 0 0 0 0 0 0 0 0 0 0 92 251 255 255 174 37 0 4 31 26 0 5 0 0 0 0 0 0 0 0 0 0 0 0 0 19 8 165 255 255 223 72 0 15 0 0 20 0 2 0 0 0 0 0 0 0 0 0 0 0 0 0 0 0 135 255 251 181 41 0 23 98 187 105 0 0 14 0 0 0 0 0 0 0 0 0 0 0 0 0 8 165 245 255 133 16 71 198 249 251 255 209 0 13 0 3 0 0 0 0 0 0 0 0 0 0 0 0 102 255 255 152 102 195 255 245 245 255 243 209 16 0 0 0 0 0 0 0 0 0 0 0 0 0 0 0 219 238 255 255 249 255 254 217 77 131 255 118 0 3 12 0 0 0 0 0 0 0 0 0 0 0 0 0 153 253 255 252 209 132 44 0 34 236 227 22 2 10 0 9 0 0 0 0 0 0 0 0 0 0 0 0 24 113 83 32 8 0 10 7 142 251 84 0 0 6 1 0 0 0 0 0 0 0 0 0 0 0 0 0 0 17 0 7 11 0 0 169 255 186 0 3 17 0 0 13 0 0 0 0 0 0 0 0 0 0 0 0 11 0 0 0 0 6 127 247 242 63 0 9 0 14 6 0 0 0 0 0 0 0 0 0 0 0 0 0 0 5 1 33 7 0 255 240 141 0 3 0 0 5 0 15 0 0 0 0 0 0 0 0 0 0 0 0 0 0 11 0 18 208 249 227 200 117 18 0 24 0 0 0 0 0 0 0 0 0 0 0 0 0 0 0 8 0 4 0 79 255 241 54 43 0 1 9 2 0 10 0 0 0 0 0 0 0 0 0 0 0 0 0 0 9 0 0 218 253 250 243 212 5 0 8 0 5 0 5 0 0 0 0 0 0 0 0 0 0 0 0 3 0 3 102 239 248 253 142 2 0 3 0 5 8 0 0 0 0 0 0 0 0 0 0 0 0 0 0 0 17 1 210 255 244 114 0 0 0 0 0 0 0 0 0 0 0 0 0 0 0 0 0 0 0 0 0 16 0 0 199 216 97 11 6 0 0 0 0 0 0 0 0 0 0 0 0 0 0 0 0 0 0 0 0 0 9 0 0 0 0 6 0 0 0 0 0 0 0 0 0 0 0 0 0 0 0 0 0 0 0 0 0 0 0 7 9 14 0 0 7 0 0 0 0 0 0 0 0 0 0 0 0
0 0 0 0 0 0 0 0 1 0 5 0 11 0 0 1 0 0 12 0 3 0 0 7 0 0 0 0 0 0 0 0 0 0 0 0 13 0 0 0 3 0 5 0 9 12 0 0 0 16 3 0 0 0 0 0 0 0 0 0 0 0 0 0 0 0 16 4 1 0 0 0 0 0 0 3 8 0 1 3 0 0 0 0 0 0 0 0 0 0 0 0 6 0 0 0 3 6 8 4 0 11 4 5 0 0 2 0 0 0 0 0 0 0 0 0 0 0 0 0 9 4 1 7 0 0 0 0 11 1 0 10 0 9 0 12 0 0 0 0 0 0 0 0 0 0 0 0 0 0 0 4 0 1 0 9 0 0 20 0 16 0 0 0 0 0 0 0 0 0 0 0 0 0 0 0 0 13 29 83 144 225 247 247 255 253 241 38 0 0 13 0 0 0 0 0 0 0 0 0 0 0 0 0 57 161 238 255 241 255 255 253 254 251 255 230 123 109 0 9 0 0 0 0 6 0 4 0 8 2 0 60 240 255 239 251 255 246 255 252 252 241 255 244 255 247 170 0 0 0 0 0 4 0 9 0 0 1 15 101 246 255 255 255 232 251 255 251 253 255 241 255 251 250 246 5 0 0 0 0 0 0 14 0 0 0 6 68 239 251 232 255 248 252 237 255 249 242 255 232 255 255 233 0 0 0 0 0 0 0 6 0 3 4 0 5 95 255 254 239 255 255 243 255 255 247 245 255 244 241 96 0 0 0 0 0 5 0 0 0 0 10 0 0 0 152 176 202 254 195 213 221 255 245 250 255 200 78 4 0 0 0 0 0 0 0 1 0 0 3 6 5 15 5 0 15 43 0 152 245 245 255 255 215 26 15 0 6 0 0 0 0 0 0 4 9 2 0 1 0 0 3 10 0 4 53 201 255 255 254 242 84 0 6 13 5 0 0 0 0 9 0 0 2 0 0 8 1 2 0 0 0 95 221 253 251 248 240 90 10 9 0 16 0 0 0 0 0 0 10 2 0 2 17 0 3 7 0 3 15 216 255 248 255 173 68 0 0 9 3 0 0 0 0 0 0 2 0 0 0 0 0 8 9 0 6 73 211 251 250 255 172 32 5 0 8 0 0 0 10 0 0 0 0 7 0 0 0 6 0 22 0 5 104 190 251 255 251 246 55 0 0 2 5 0 0 3 0 0 0 0 0 0 4 5 0 8 2 3 0 20 218 244 255 250 242 100 0 15 5 2 0 0 7 6 0 0 0 0 0 0 0 5 0 0 4 0 64 178 255 255 244 255 85 0 5 0 0 0 6 0 0 3 2 0 0 0 0 0 0 2 0 0 0 14 206 246 255 223 252 221 153 180 157 7 0 0 4 0 0 2 7 0 0 0 0 9 0 5 3 0 0 71 255 255 255 255 249 255 243 255 127 29 7 0 0 0 1 4 0 0 0 0 0 7 0 7 0 0 2 109 247 253 244 255 246 255 204 77 4 0 0 2 2 0 3 6 0 0 0 0 0 0 10 6 0 3 0 5 235 245 255 253 208 117 30 0 0 0 0 0 0 0 0 0 0 0 0 0 0 2 0 0 0 3 3 0 116 255 237 141 27 0 1 14 0 0 0 0 0 0 0 0 0 0 0 0 0 4 0 0 5 0 5 0 9 0 4 0 0 2 14 5 0 0 0 0 0 0 0 0 0 0 0 0 0 0 0 0 5 0 0 0 0 6 0 0 10 4 0 0 16 0 0 0 0 0 0 0 0 0 0 0 0
0 0 0 0 0 0 0 0 0 4 1 1 11 2 0 4 0 2 0 0 0 4 2 3 0 0 0 0 0 0 0 0 0 0 0 0 12 2 0 0 3 0 0 6 11 5 5 11 7 0 0 0 0 0 0 0 0 0 0 0 0 0 0 0 0 2 10 0 0 2 9 0 0 0 0 0 0 6 13 0 0 0 0 0 0 0 0 0 0 0 0 0 0 0 12 10 0 0 8 0 3 0 11 22 4 0 0 4 0 0 0 0 0 0 0 0 0 0 0 0 25 0 0 7 0 0 0 3 6 0 0 0 0 9 9 0 0 0 0 0 0 0 0 0 0 0 0 0 0 0 9 2 0 3 4 0 0 10 13 4 3 0 0 0 0 0 0 0 0 0 0 0 0 0 0 0 1 15 0 0 51 166 245 255 240 134 9 0 17 2 0 19 0 0 0 0 0 0 0 0 0 0 0 0 0 0 1 91 214 255 255 244 249 255 163 19 0 4 0 0 0 0 0 0 0 0 0 0 0 0 0 0 8 0 53 244 239 255 193 125 121 228 224 28 0 0 0 0 0 0 0 0 0 0 0 0 0 0 0 0 15 0 121 251 255 133 0 0 0 188 255 184 10 1 0 5 0 0 0 0 0 0 0 0 0 0 0 0 0 46 251 255 153 0 0 12 51 203 239 255 0 3 0 1 0 0 0 0 0 0 0 0 0 0 0 0 0 57 249 240 0 17 10 32 183 253 255 255 7 0 0 7 0 0 0 0 0 0 0 0 0 0 0 0 5 0 255 243 0 0 21 194 246 255 252 145 12 0 5 0 0 0 0 0 0 0 0 0 0 0 0 0 0 1 203 228 125 144 242 253 255 255 216 16 0 0 13 0 0 0 0 0 0 0 0 0 0 0 0 0 8 0 43 255 253 243 249 254 245 255 196 14 1 0 6 1 0 0 0 0 0 0 0 0 0 0 0 0 0 0 31 98 254 238 161 249 255 234 90 0 1 0 1 0 0 0 0 0 0 0 0 0 0 0 0 0 6 1 2 0 0 0 87 251 255 162 1 12 0 0 0 0 0 0 0 0 0 0 0 0 0 0 0 0 0 5 10 2 12 0 184 255 229 76 0 0 0 1 2 5 0 0 0 0 0 0 0 0 0 0 0 0 2 4 0 0 0 53 239 240 196 8 3 0 1 1 2 2 0 0 0 0 0 0 0 0 0 0 0 0 6 0 0 4 0 180 255 255 145 0 12 3 6 2 0 0 0 0 0 0 0 0 0 0 0 0 0 0 0 0 3 3 12 239 255 244 60 0 0 0 3 3 0 3 0 0 0 0 0 0 0 0 0 0 0 0 0 11 0 0 103 239 246 151 2 9 0 0 0 3 0 5 0 0 0 0 0 0 0 0 0 0 0 0 1 0 0 15 212 255 255 83 0 9 0 2 0 2 0 1 0 0 0 0 0 0 0 0 0 0 0 0 2 0 16 45 242 252 226 26 0 0 9 3 0 2 0 0 0 0 0 0 0 0 0 0 0 0 0 0 12 0 3 115 251 255 127 0 0 0 0 0 0 0 0 0 0 0 0 0 0 0 0 0 0 0 0 0 0 34 0 46 255 236 44 3 0 0 0 0 0 0 0 0 0 0 0 0 0 0 0 0 0 0 0 0 0 3 0 0 0 0 0 7 0 0 0 0 0 0 0 0 0 0 0 0 0 0 0 0 0 0 0 0 13 0 5 15 0 4 10 0 0 0 0 0 0 0 0 0 0 0 0 0
0 0 0 0 0 0 0 0 5 3 0 0 0 4 3 0 0 2 2 0 1 0 0 11 0 0 0 0 0 0 0 0 0 0 0 0 1 0 0 6 4 0 0 11 1 4 0 0 0 11 4 0 0 0 0 0 0 0 0 0 0 0 0 0 2 7 8 1 0 0 0 0 0 0 3 8 0 0 0 3 0 0 0 0 0 0 0 0 0 0 0 0 0 0 0 0 4 9 5 0 9 0 0 3 2 5 6 0 0 0 0 0 0 0 0 0 0 0 0 0 9 0 0 4 3 0 0 8 0 1 9 0 0 3 8 0 0 0 0 0 0 0 0 0 0 0 0 0 0 5 13 1 0 3 2 0 17 8 0 0 5 0 0 12 0 0 0 0 0 0 0 0 0 0 0 0 3 2 0 9 77 176 244 255 159 98 11 0 26 17 0 0 0 0 0 0 0 0 0 0 0 0 0 0 7 0 46 179 255 250 205 189 251 255 145 9 0 3 0 5 0 0 0 0 13 0 0 0 0 3 0 3 1 40 220 243 177 66 0 12 27 121 252 81 14 4 0 2 0 0 0 0 0 0 12 4 0 1 0 0 0 187 255 143 0 1 13 0 0 13 159 209 36 0 0 6 0 0 0 0 0 0 10 0 0 7 3 4 32 247 230 32 0 6 0 0 3 0 105 235 17 0 0 2 0 0 0 0 5 0 0 0 0 8 0 6 183 245 86 0 16 0 21 63 112 39 73 107 0 0 10 0 0 0 0 0 1 0 0 2 7 0 0 20 255 248 30 2 5 8 0 152 247 51 13 1 9 0 0 0 0 0 0 0 0 0 3 2 1 0 7 76 243 199 0 0 0 13 75 240 255 35 0 0 7 0 0 6 0 0 0 0 0 2 2 0 0 0 15 85 255 189 0 13 6 24 255 237 241 68 7 6 0 0 7 2 0 0 0 0 0 1 2 0 10 2 0 23 220 255 168 99 185 237 151 159 255 119 3 0 14 0 8 0 0 0 0 0 0 0 0 0 0 0 0 0 67 193 255 255 220 95 0 146 255 151 0 12 2 0 0 0 0 0 0 0 0 0 0 0 0 0 0 0 0 16 17 8 16 0 0 143 232 111 0 0 0 0 0 1 0 0 0 0 0 0 0 0 0 0 0 0 11 0 2 4 0 1 15 145 255 119 10 10 3 0 0 0 0 0 0 0 0 0 0 0 0 0 0 0 0 0 12 15 0 0 6 137 255 92 5 2 1 0 2 2 0 0 0 0 0 0 0 0 0 0 0 0 4 0 0 0 0 3 9 151 239 78 0 0 0 0 3 3 0 0 0 0 0 0 0 0 0 0 0 0 3 7 2 0 13 6 0 140 255 116 6 2 0 0 1 0 0 0 0 0 0 0 0 0 0 0 0 0 0 0 0 0 0 0 3 151 250 134 0 1 0 3 6 0 0 0 0 0 0 0 0 0 0 0 0 0 9 0 1 5 0 0 4 128 255 158 0 4 0 2 2 0 0 0 0 0 0 0 0 0 0 0 0 0 0 0 1 4 0 0 12 37 240 255 53 0 0 10 0 6 0 0 0 0 0 0 0 0 0 0 0 0 3 0 0 2 0 0 1 15 211 224 62 9 0 3 0 2 0 0 0 0 0 0 0 0 0 0 0 0 6 0 0 1 2 0 0 0 0 16 0 0 5 14 0 1 0 0 0 0 0 0 0 0 0 0 0 0 5 0 0 2 5 1 0 0 0 5 7 3 7 6 0 0 0 0 0 0
0 0 0 0 0 0 0 0 0 0 0 0 0 0 0 0 0 1 7 0 0 0 6 5 0 0 0 0 0 0 0 0 0 0 0 0 0 0 0 0 0 0 0 0 6 0 0 8 9 12 0 0 0 0 0 0 0 0 0 0 0 0 0 0 0 0 0 0 0 0 0 0 0 3 0 7 0 0 0 0 0 0 0 0 0 0 0 0 0 0 0 0 0 0 0 0 0 0 0 0 0 9 0 0 0 20 7 2 0 0 0 0 0 0 0 0 0 0 0 0 0 0 0 0 0 0 0 0 0 10 1 1 0 2 0 0 0 0 0 0 0 0 0 0 0 0 0 0 0 0 0 0 0 0 0 0 0 1 0 0 11 0 0 19 0 0 0 0 0 0 0 0 0 0 0 0 0 0 0 0 0 0 0 0 0 8 5 0 16 0 0 0 0 0 0 0 0 0 0 0 0 0 0 0 0 0 0 0 0 0 0 0 77 191 247 136 72 0 2 3 0 0 0 0 0 12 0 0 5 0 5 0 2 5 0 14 1 28 221 223 246 255 253 251 255 198 26 0 0 0 0 0 0 2 0 3 4 0 3 9 0 11 1 64 133 221 248 246 175 88 38 30 189 251 110 0 0 0 0 0 0 0 0 2 0 0 0 0 1 35 158 240 255 241 159 47 15 1 0 36 180 255 198 0 0 0 0 0 2 1 3 0 0 12 0 0 63 230 217 255 169 45 13 0 0 21 167 214 254 247 55 7 0 0 0 0 7 0 1 1 0 9 0 72 226 255 248 107 70 0 0 47 152 206 255 225 255 221 16 16 0 0 0 0 7 0 0 13 0 0 8 187 248 236 54 0 0 62 234 249 250 187 190 254 250 43 1 0 0 0 0 0 1 0 1 9 0 0 6 231 250 244 111 113 255 243 209 123 13 0 180 251 172 15 11 0 0 0 0 0 0 7 9 0 0 6 0 207 252 255 242 253 200 125 26 0 8 122 255 255 122 0 0 5 0 0 0 0 3 0 0 4 0 0 23 62 182 191 171 114 27 3 0 0 20 224 255 130 3 0 15 0 0 0 0 0 3 0 0 4 0 0 0 15 5 0 0 0 7 0 0 12 145 255 237 1 0 19 0 18 0 0 0 0 1 0 0 2 1 0 0 0 0 20 0 9 0 0 13 145 252 237 43 7 0 0 9 0 0 0 0 0 2 1 0 0 0 4 4 0 3 0 2 0 0 29 149 255 233 36 4 0 4 11 0 0 0 0 0 0 3 5 2 0 0 0 0 0 9 0 0 12 0 139 249 221 52 13 0 5 13 0 8 0 0 0 0 0 0 1 3 2 0 0 0 0 0 12 0 11 102 255 255 158 0 18 0 10 0 5 0 10 0 0 0 0 0 0 0 4 7 5 3 3 8 0 0 27 237 247 139 15 13 0 17 0 2 0 10 0 0 0 0 0 9 0 0 0 1 0 0 0 0 0 8 247 241 239 41 0 0 0 0 10 0 3 9 0 0 0 0 0 0 0 0 0 0 0 0 0 4 7 123 245 235 67 0 5 0 0 0 0 0 0 0 0 0 0 0 0 0 0 0 0 0 0 0 0 0 124 255 255 148 16 0 5 0 0 0 0 0 0 0 0 0 0 0 0 0 0 0 0 0 0 0 0 10 161 255 174 51 0 2 10 0 0 0 0 0 0 0 0 0 0 0 0 0 0 0 0 0 0 0 0 0 3 6 0 4 12 6 0 0 0 0 0 0 0 0 0 0 0 0 0
0 0 0 0 0 0 0 0 0 4 10 6 0 0 0 0 5 0 0 0 0 5 6 0 0 0 0 0 0 0 0 0 0 0 0 0 8 0 0 0 1 2 3 6 0 8 8 2 5 0 0 6 0 0 0 0 0 0 0 0 0 0 0 0 5 0 0 2 5 0 0 0 0 9 0 0 11 6 0 3 0 0 0 0 0 0 0 0 0 0 0 0 0 0 4 5 1 0 0 0 0 6 4 0 2 0 0 9 0 0 0 0 0 0 0 0 0 0 0 0 0 6 4 0 0 4 9 6 6 0 0 6 4 4 4 0 0 0 0 0 0 0 0 0 0 0 0 0 2 3 0 0 0 5 0 0 3 0 0 4 0 0 0 2 0 0 0 0 0 0 0 0 0 0 0 0 0 0 0 6 3 0 0 11 4 111 200 232 200 92 2 0 0 0 0 0 0 0 0 0 0 0 0 0 4 0 0 5 0 0 34 97 170 244 252 252 255 145 11 0 0 0 0 0 9 0 0 7 0 0 6 0 7 0 0 8 0 45 222 255 253 230 198 70 224 186 14 0 0 0 0 0 0 0 0 5 0 0 14 2 8 0 21 112 167 255 246 195 113 26 0 0 116 205 37 0 0 0 0 0 0 4 2 0 0 3 0 0 0 46 162 233 250 197 98 28 0 0 3 8 218 255 50 7 0 0 0 0 0 2 0 0 2 5 0 19 117 218 255 216 124 0 0 5 7 0 23 160 255 203 0 2 0 0 0 0 0 0 0 1 7 8 2 127 255 237 114 50 0 0 0 3 0 51 171 246 231 58 0 8 0 0 0 0 0 0 2 5 0 0 20 235 211 79 7 0 0 17 0 17 46 203 255 255 64 13 0 0 0 0 0 0 0 1 2 1 0 0 13 255 97 0 13 7 4 0 40 122 255 240 255 179 7 0 32 0 0 0 0 0 0 0 0 0 3 6 5 254 147 41 0 45 88 188 241 218 253 255 229 73 5 0 0 12 0 0 0 0 0 8 7 0 4 0 11 253 251 224 177 234 255 229 94 117 248 255 113 7 2 2 16 0 0 0 0 0 4 0 0 0 4 3 0 127 224 249 251 203 136 35 32 216 255 146 29 0 0 0 0 0 0 0 0 0 8 0 0 2 0 7 0 13 27 55 62 12 8 15 145 249 251 52 0 8 3 7 0 8 0 0 0 0 1 1 0 4 0 0 1 0 0 0 2 11 0 19 231 243 145 2 0 12 0 6 0 0 0 0 0 0 0 10 0 0 4 0 4 7 21 1 0 0 36 162 255 145 23 0 0 2 0 0 8 0 0 0 0 0 0 7 0 0 11 0 0 5 0 9 10 0 105 255 154 11 0 9 0 3 6 0 11 3 0 0 0 0 3 0 5 0 5 0 0 0 8 0 3 90 247 253 60 0 0 10 0 0 4 0 0 0 0 0 0 0 4 0 17 0 0 0 10 0 0 0 6 155 255 139 12 0 0 1 2 0 1 1 1 2 0 0 0 0 0 0 0 0 0 0 0 0 5 3 26 255 220 47 9 0 0 0 0 0 0 0 0 0 0 0 0 0 0 0 0 0 0 0 0 0 0 2 47 241 164 0 0 17 0 0 0 0 0 0 0 0 0 0 0 0 0 0 0 0 0 0 0 0 0 15 0 14 0 0 15 0 0 0 0 0 0 0 0 0 0 0 0 0 0 0 0 0 0 0 0 0 0 4 0 6 0 21 18 0 0 0 0 0 0 0 0 0 0 0 0 0
0 0 0 0 0 0 0 0 9 0 0 0 0 0 0 7 0 7 1 0 0 0 3 2 0 0 0 0 0 0 0 0 0 0 0 0 0 0 8 11 4 0 0 0 16 0 3 0 6 0 0 0 0 0 0 0 0 0 0 0 0 0 0 0 4 2 0 0 0 4 7 5 0 0 8 0 3 3 7 10 0 0 0 0 0 0 0 0 0 0 0 0 2 3 0 0 0 0 0 0 3 0 16 0 0 0 8 0 0 0 0 0 0 0 0 0 0 0 0 0 0 4 7 3 0 2 8 12 0 0 0 0 8 0 17 0 0 0 0 0 0 0 0 0 0 0 0 0 8 0 0 0 3 0 0 0 0 6 0 6 6 0 0 9 0 0 0 0 0 0 0 0 0 0 0 0 2 0 0 6 8 0 0 10 0 7 6 0 0 24 0 15 0 0 0 0 0 0 0 0 0 0 0 0 1 1 3 0 0 39 146 247 255 248 203 112 104 162 12 0 0 0 0 0 0 0 0 0 0 1 1 0 0 5 0 84 228 252 242 219 212 186 162 234 255 207 0 9 0 0 0 0 0 0 0 1 3 3 2 1 13 19 134 251 250 137 95 10 0 9 143 242 251 227 20 0 0 0 0 0 6 0 0 1 1 0 0 0 0 151 253 255 80 4 0 0 12 93 238 255 247 182 0 5 0 0 0 0 5 0 0 2 0 0 0 13 161 255 204 58 5 0 18 4 119 255 251 251 184 26 0 0 0 0 0 0 0 0 0 5 2 0 16 40 225 229 71 18 0 13 0 19 186 253 255 190 74 0 0 0 0 0 0 0 0 0 4 4 0 0 11 32 203 255 209 113 128 113 169 232 255 250 233 92 12 14 0 13 0 0 0 0 1 3 4 0 0 0 0 4 87 221 248 250 255 255 255 249 250 237 64 4 3 0 7 0 0 0 0 0 0 0 0 0 0 3 2 0 3 0 92 142 85 83 235 255 252 113 0 0 1 18 0 0 0 0 0 0 0 0 0 0 0 0 0 0 0 4 5 1 0 86 231 244 163 22 0 2 0 3 0 0 0 0 0 0 0 0 0 0 0 0 0 0 0 4 0 10 0 249 255 160 22 0 4 8 0 4 11 8 0 0 0 0 0 0 0 0 0 0 0 0 11 0 10 15 161 255 201 39 0 0 12 0 0 1 0 0 0 0 0 0 0 0 0 0 0 0 0 0 0 27 0 50 230 232 117 7 9 0 0 0 5 5 0 3 0 0 0 0 0 0 0 0 0 0 0 0 0 0 29 234 255 132 0 0 0 0 0 8 13 0 0 10 0 0 0 0 0 0 0 0 0 0 0 0 14 13 205 255 124 21 14 0 0 13 4 3 2 0 0 0 0 0 0 0 0 0 0 0 0 0 0 0 0 95 255 239 39 0 0 8 0 6 0 0 0 3 18 4 0 0 0 0 0 0 0 0 0 0 0 0 4 255 245 109 4 10 0 0 0 3 0 12 2 0 2 0 0 0 0 0 0 0 0 0 0 1 2 3 82 255 211 9 17 0 9 8 0 0 0 0 0 0 0 0 0 0 0 0 0 0 0 0 0 1 2 3 192 255 183 33 0 23 0 0 0 0 0 0 0 0 0 0 0 0 0 0 0 0 0 0 0 1 2 3 176 254 28 3 0 0 15 5 0 0 0 0 0 0 0 0 0 0 0 0 0 0 0 0 0 0 1 2 0 0 0 2 0 19 0 0 0 0 0 0 0 0 0 0 0 0 0 0
0 0 0 0 0 0 0 0 5 0 0 0 0 0 0 3 3 0 0 2 3 0 0 4 0 0 0 0 0 0 0 0 0 0 0 0 3 0 0 3 8 5 0 0 0 0 2 6 7 5 1 0 0 0 0 0 0 0 0 0 0 0 0 0 8 4 0 0 0 2 9 11 3 3 0 0 0 0 5 6 0 0 0 0 0 0 0 0 0 0 0 0 0 3 8 1 0 0 0 0 5 5 6 7 5 1 0 0 0 0 0 0 0 0 0 0 0 0 0 0 0 0 1 1 3 7 7 4 0 0 0 2 4 0 1 8 0 0 0 0 0 0 0 0 0 0 0 0 10 0 0 0 0 0 0 0 11 5 2 3 1 0 0 0 0 0 0 0 0 0 0 0 0 0 0 0 0 0 0 9 5 0 0 15 0 0 0 0 0 5 7 0 0 0 0 0 0 0 0 0 0 0 0 0 4 0 0 4 11 53 147 235 255 242 156 45 0 0 9 0 0 0 0 0 0 0 0 0 0 0 0 0 0 11 0 96 235 249 255 248 252 255 246 216 0 8 0 2 0 0 0 0 0 0 0 0 0 0 0 0 0 15 181 233 245 170 78 79 60 182 255 244 6 0 8 0 0 0 0 0 0 0 0 0 0 0 0 0 75 241 255 251 77 11 11 0 57 255 255 135 21 0 0 10 0 0 0 0 0 0 0 0 0 0 0 0 207 241 225 90 2 0 30 173 255 255 233 255 0 5 5 9 0 0 0 0 0 0 0 0 0 0 0 0 250 255 97 0 6 43 219 255 248 243 255 170 2 2 0 0 0 0 0 0 0 0 0 0 0 0 0 0 252 243 61 8 0 66 239 242 253 255 247 116 0 9 0 25 0 0 0 0 0 0 0 0 0 0 0 0 212 251 148 2 7 99 255 251 242 255 247 25 0 0 12 0 0 0 0 0 0 0 0 0 0 0 0 0 136 255 233 255 255 244 255 248 254 255 180 29 0 0 0 8 0 0 0 0 0 0 0 0 0 0 0 0 65 201 254 255 237 203 79 236 252 241 42 5 0 0 6 0 0 0 0 0 0 0 0 0 0 0 0 0 0 0 70 51 72 0 107 247 255 139 4 0 10 0 0 1 0 0 0 0 0 0 0 0 0 0 0 0 10 5 0 0 0 24 218 255 224 29 0 0 13 0 1 0 0 0 0 0 0 0 0 0 0 0 0 0 0 13 0 0 12 59 255 247 122 0 3 2 3 0 8 0 0 0 0 0 0 0 0 0 0 0 0 0 0 1 0 14 3 59 242 248 32 0 7 7 0 0 6 0 0 0 0 0 0 0 0 0 0 0 0 0 10 1 0 2 13 159 249 139 1 5 0 3 0 0 0 5 0 0 0 0 0 0 0 0 0 0 0 0 0 0 9 7 162 255 247 28 2 4 0 0 0 4 0 5 0 0 0 0 0 0 0 0 0 0 0 0 0 10 0 123 255 248 104 0 2 0 12 0 0 10 0 0 0 0 0 0 0 0 0 0 0 0 0 0 0 1 92 230 255 173 2 0 0 0 0 0 0 0 0 0 0 0 0 0 0 0 0 0 0 0 0 0 15 44 237 248 236 47 0 2 0 0 0 0 0 0 0 0 0 0 0 0 0 0 0 0 0 0 0 0 0 39 240 237 148 0 0 6 0 0 0 0 0 0 0 0 0 0 0 0 0 0 0 0 0 0 0 0 21 0 2 18 0 1 3 0 0 0 0 0 0 0 0 0 0 0 0 0
0 0 0 0 0 0 0 0 0 0 2 2 0 0 2 0 0 0 0 0 7 0 0 10 0 0 0 0 0 0 0 0 0 0 0 0 3 0 0 10 7 0 1 4 9 6 6 0 0 3 0 0 0 0 0 0 0 0 0 0 0 0 0 0 0 5 2 0 0 8 9 0 0 0 0 0 0 0 12 0 0 0 0 0 0 0 0 0 0 0 0 0 8 2 0 2 7 0 0 6 12 0 6 17 0 0 8 0 0 0 0 0 0 0 0 0 0 0 0 0 0 5 0 0 0 1 0 1 6 0 0 8 4 0 2 0 0 0 0 0 0 0 0 0 0 0 0 0 0 7 0 0 12 6 0 14 0 23 0 0 3 0 4 0 0 0 0 0 0 0 0 0 0 0 0 0 1 0 7 79 103 25 0 0 48 164 107 11 2 2 2 0 0 0 0 0 0 0 0 0 0 0 0 0 23 119 194 238 255 217 92 0 75 255 209 37 0 0 7 0 0 0 0 0 4 0 1 10 0 14 0 76 229 247 255 242 255 255 242 20 90 239 255 198 0 0 9 0 0 0 0 0 3 0 0 4 0 0 66 172 255 255 242 204 177 154 125 36 192 255 251 209 13 0 0 4 0 0 0 0 7 6 0 6 5 0 169 255 237 232 105 30 0 0 10 126 255 255 247 212 11 0 0 4 0 0 0 0 0 2 0 0 0 6 214 255 255 110 0 18 0 0 54 229 255 249 255 209 0 2 0 2 0 0 0 0 0 5 3 0 0 62 243 243 206 24 0 7 0 113 242 255 249 247 255 212 0 8 6 0 0 0 0 0 0 8 3 0 3 94 255 251 204 33 29 102 170 236 255 239 255 252 250 214 2 0 1 0 0 0 0 0 0 0 0 0 0 47 232 249 255 252 253 235 252 255 255 248 243 255 244 213 4 0 1 0 0 0 0 0 6 5 0 11 1 0 213 255 251 245 255 255 245 255 200 76 206 255 253 215 2 0 13 0 0 0 0 0 0 5 0 2 5 0 16 91 219 255 253 242 134 76 4 94 254 254 253 211 2 1 0 2 0 0 0 0 2 10 0 0 7 0 0 21 7 23 13 23 0 0 0 91 254 253 253 211 2 1 0 2 0 0 0 0 0 9 0 0 9 9 0 0 0 0 0 0 0 6 6 106 254 253 253 211 2 0 0 2 0 0 0 0 0 6 2 0 2 7 3 4 0 1 12 4 8 0 0 85 254 253 252 211 1 0 0 1 0 0 0 0 0 3 0 0 0 0 0 6 0 0 7 0 7 0 7 104 253 252 252 210 1 0 0 1 0 0 0 0 9 0 0 2 4 0 0 0 10 1 2 0 5 0 3 94 253 252 252 210 1 0 0 0 0 0 0 0 6 0 0 5 5 4 4 1 1 0 0 0 7 2 0 88 253 252 251 209 0 0 0 0 0 0 0 0 0 0 6 2 0 0 5 4 0 0 3 3 0 0 0 101 252 251 251 209 0 0 0 0 0 0 0 0 0 0 0 0 0 0 0 0 0 5 1 2 7 0 16 86 241 255 199 31 10 0 1 1 0 0 0 0 0 0 0 0 0 0 0 0 0 6 0 0 4 0 0 49 241 214 120 0 0 0 2 0 0 0 0 0 0 0 0 0 0 0 0 0 0 6 0 0 4 0 0 11 0 0 0 0 10 9 0 0 0 0 0 0 0 0 0 0 0 0 0 0 0 5 0 0 4 3 0 0 9 6 0 8 0 0 0 16 0 0 0 0
3 0 0 0 0 1 1 2 0 0 3 2 0 0 0 0 0 0 0 0 0 0 0 0 0 0 0 0 0 2 6 5 2 1 0 0 11 3 0 0 0 3 0 0 0 0 0 0 0 0 0 0 0 0 0 0 0 2 5 0 0 0 0 0 0 0 3 3 0 0 2 9 0 0 0 0 0 0 0 0 0 0 0 0 0 2 0 0 0 3 7 3 0 0 1 6 8 2 0 0 0 0 0 0 0 0 0 0 0 0 0 0 3 1 0 0 3 7 4 0 0 0 2 3 0 0 0 8 0 0 0 0 0 0 0 0 0 0 0 0 0 0 2 4 0 0 0 4 14 1 0 0 5 2 0 0 0 0 0 1 1 0 0 0 0 0 0 0 0 0 2 1 0 0 54 117 183 198 207 177 105 31 0 0 0 0 2 3 3 2 0 0 0 0 0 0 2 0 3 1 0 42 162 255 207 159 146 206 255 237 117 9 1 2 4 6 6 4 2 1 0 0 0 0 9 0 11 0 34 202 249 131 0 9 2 0 54 151 209 212 9 0 183 184 0 14 0 0 0 0 0 0 0 22 10 0 56 252 185 0 22 0 0 14 1 0 64 175 213 31 151 248 41 0 8 0 0 0 0 0 0 9 0 10 99 246 134 10 0 0 0 0 0 0 6 11 197 87 141 255 115 0 0 3 0 0 0 0 0 0 0 4 103 255 121 4 0 1 2 0 1 6 4 0 26 86 120 243 173 9 0 3 0 0 0 0 2 0 8 0 36 246 123 2 5 0 0 1 0 0 0 16 0 18 59 254 197 4 9 0 0 0 0 0 0 0 0 6 9 255 158 2 0 2 2 0 5 15 3 0 14 0 28 255 202 0 11 0 0 0 0 0 0 14 1 0 25 230 213 2 5 0 0 9 3 0 0 17 0 0 51 248 201 0 0 0 0 0 0 0 1 0 2 0 0 51 238 192 3 0 0 0 4 2 0 0 5 1 75 255 195 0 6 4 0 0 0 0 3 0 3 4 0 17 135 255 182 72 0 0 9 0 0 7 7 55 210 250 200 1 7 0 0 0 0 0 5 0 0 1 0 0 43 104 231 255 230 132 55 55 92 112 183 238 249 255 201 0 0 13 0 0 0 0 3 0 0 6 5 0 0 1 27 121 208 241 255 255 231 181 174 112 55 238 213 0 1 0 0 0 0 0 0 0 2 5 4 0 0 2 8 1 0 0 7 11 9 5 0 1 28 255 203 0 13 4 0 0 0 0 0 1 2 0 0 0 2 5 0 0 11 8 0 0 0 0 0 11 33 249 255 29 0 0 0 0 0 0 0 0 0 0 0 3 0 0 10 1 0 0 0 3 5 6 12 0 30 252 255 13 0 8 0 0 0 0 0 0 2 3 6 8 2 0 0 0 0 9 7 0 0 0 4 0 49 255 235 33 26 0 0 0 0 0 0 1 2 0 0 0 0 3 0 4 3 0 0 4 6 0 1 3 17 255 255 19 0 2 0 0 0 0 0 0 0 0 0 0 0 0 0 0 0 0 0 0 0 0 0 0 89 255 190 7 0 0 0 0 0 0 0 0 0 0 0 0 0 0 0 0 0 0 0 0 0 0 8 0 58 217 171 3 0 10 0 0 0 0 0 0 0 0 0 0 0 0 0 0 0 0 0 0 0 0 0 8 5 4 0 0 10 0 0 0 0 0 0 0 0 0 0 0 0 0 0 0 0 0 0 0 0 0 0 5 9 0 0 11 2 0 0 0 0 0
0 0 0 0 0 0 0 0 5 2 0 0 0 1 1 0 0 3 0 0 5 1 0 8 0 0 0 0 0 0 0 0 0 0 0 0 0 0 5 8 5 1 2 5 7 0 0 0 5 9 2 0 0 0 0 0 0 0 0 0 0 0 0 0 19 6 0 0 0 2 0 0 0 0 12 14 0 0 8 4 0 0 0 0 0 0 0 0 0 0 0 0 0 0 7 9 4 0 1 4 0 0 0 0 0 0 1 0 0 0 0 0 0 0 0 0 0 0 0 0 7 3 0 0 0 0 0 0 2 13 2 0 5 0 0 7 0 0 0 0 0 0 0 0 0 0 0 0 0 0 0 1 5 7 5 2 0 0 0 0 13 9 0 0 0 0 0 0 0 0 0 0 0 0 0 0 5 4 0 0 11 67 147 206 255 177 100 35 0 0 10 1 0 0 0 0 0 0 0 0 0 0 0 0 4 0 8 77 175 246 255 255 177 196 255 225 64 0 11 0 0 0 0 0 0 0 0 0 0 0 0 0 0 0 191 245 255 203 89 8 5 11 49 255 53 3 0 0 0 0 0 0 0 0 0 0 0 0 0 0 9 116 255 242 81 14 3 0 0 10 23 235 83 13 5 0 0 0 0 0 0 0 0 0 0 0 0 0 35 255 242 125 0 5 0 7 21 0 36 248 230 1 0 0 0 0 0 0 0 0 0 0 0 0 0 0 73 255 254 58 7 0 13 0 0 12 130 255 242 1 7 6 0 0 0 0 0 0 0 0 0 0 0 0 0 215 255 255 215 205 102 157 211 237 254 249 114 8 0 1 0 0 0 0 0 0 0 0 0 0 0 0 19 33 173 195 212 230 255 237 225 255 249 136 10 0 0 9 0 0 0 0 0 0 0 0 0 0 0 0 0 0 26 0 5 26 42 31 91 241 255 53 0 0 18 0 0 0 0 0 0 0 0 0 0 0 0 0 12 0 0 1 0 3 0 4 193 255 170 4 5 0 4 2 0 0 0 0 0 0 0 0 0 0 0 0 13 0 1 2 0 5 4 86 255 247 54 12 0 0 11 0 0 0 0 0 0 0 0 0 0 0 0 0 0 22 0 1 0 19 19 228 255 148 17 0 7 0 1 0 0 0 0 0 0 0 0 0 0 0 0 0 0 0 0 0 12 0 210 255 199 36 0 0 12 0 0 0 0 0 0 0 0 0 0 0 0 0 0 0 0 0 1 0 0 106 255 234 81 0 6 0 3 0 2 0 0 0 0 0 0 0 0 0 0 0 0 0 0 17 0 3 29 230 255 121 0 0 11 0 0 2 0 0 0 0 0 0 0 0 0 0 0 0 0 0 4 3 0 5 166 253 248 12 0 12 0 1 0 1 0 4 0 0 0 0 0 0 0 0 0 0 0 0 0 1 4 78 255 244 75 9 1 5 0 1 1 4 0 5 0 0 0 0 0 0 0 0 0 0 0 0 0 0 22 240 253 115 6 0 4 0 7 0 0 9 0 2 0 0 0 0 0 0 0 0 0 0 0 0 0 4 208 245 196 17 0 5 0 0 0 0 0 0 0 0 0 0 0 0 0 0 0 0 0 0 0 0 12 0 225 182 23 0 14 6 0 0 0 0 0 0 0 0 0 0 0 0 0 0 0 0 0 0 0 0 0 3 7 0 1 4 0 0 0 0 0 0 0 0 0 0 0 0 0 0 0 0 0 0 0 0 0 0 0 13 0 12 4 0 9 14 0 0 0 0 0 0 0 0 0 0 0 0
0 0 0 0 0 0 0 0 0 0 0 0 0 0 3 6 0 5 6 0 0 0 0 3 0 0 0 0 0 0 0 0 0 0 0 0 1 0 0 13 14 0 0 0 14 0 0 0 6 7 1 0 0 0 0 0 0 0 0 0 0 0 0 0 3 2 0 0 0 3 7 4 0 3 17 2 0 7 9 0 0 0 0 0 0 0 0 0 0 0 0 0 0 0 6 3 2 4 2 0 15 0 0 3 0 0 2 8 0 0 0 0 0 0 0 0 0 0 0 0 4 0 2 9 3 0 0 3 0 0 5 7 0 0 0 3 0 0 0 0 0 0 0 0 0 0 0 0 0 3 0 0 0 14 13 0 6 4 0 0 5 4 0 0 0 0 0 0 0 0 0 0 0 0 0 0 6 3 0 8 86 186 231 224 163 94 4 0 15 1 0 19 0 0 0 0 0 0 0 0 0 0 0 0 2 0 39 167 255 251 199 169 194 255 205 43 0 7 3 0 0 0 0 0 0 0 1 2 0 6 8 0 0 86 255 245 175 57 0 6 0 56 250 179 0 1 1 2 0 0 0 0 1 0 0 5 1 0 0 10 113 255 242 74 7 0 0 0 0 0 181 165 0 12 0 0 0 0 0 0 1 0 0 5 8 0 3 53 250 255 79 2 4 0 5 5 0 46 214 91 12 0 0 12 0 0 0 0 2 4 0 0 8 0 14 74 255 185 0 1 0 0 5 0 14 68 255 255 65 0 5 3 0 0 0 0 1 12 0 0 2 0 0 38 247 211 111 119 38 0 0 62 136 194 251 227 53 0 1 0 0 0 0 0 0 8 3 0 4 1 0 1 89 218 249 255 255 255 253 253 255 255 139 0 0 0 1 2 0 0 0 0 0 0 2 2 5 6 2 0 0 12 5 34 92 110 198 255 244 107 2 13 0 17 1 0 0 0 0 0 9 0 0 1 0 0 3 2 4 0 0 13 0 0 179 249 201 4 0 0 4 0 3 0 0 0 0 0 0 0 0 0 0 0 0 0 0 5 0 2 12 77 255 214 65 24 0 0 3 0 0 4 0 0 0 0 0 0 0 0 0 0 0 0 8 0 3 0 2 114 254 178 15 0 0 0 5 1 0 2 0 0 0 0 0 0 0 0 0 0 0 0 6 0 5 0 0 187 252 156 0 0 0 3 5 1 0 0 0 0 0 0 0 0 0 0 0 0 0 0 0 0 0 6 5 246 255 130 0 3 4 0 0 0 1 0 0 0 0 0 0 0 0 0 0 0 0 0 0 4 0 0 74 255 255 75 0 0 0 0 0 2 6 3 0 0 0 0 0 0 0 0 0 0 0 0 6 0 0 5 181 255 225 29 0 0 0 0 0 4 2 0 0 0 0 0 0 0 0 0 0 0 0 0 4 0 0 67 248 244 137 8 4 3 3 5 4 0 0 0 0 0 0 0 0 0 0 0 0 0 0 0 0 8 0 137 255 225 38 0 0 0 0 3 1 0 0 5 0 0 0 0 0 0 0 0 0 0 0 0 0 0 56 255 252 104 2 0 0 0 0 0 0 0 0 0 0 0 0 0 0 0 0 0 0 0 0 0 4 12 88 209 114 13 4 0 0 0 0 0 0 0 0 0 0 0 0 0 0 0 0 0 0 0 0 0 0 0 0 10 0 0 5 0 0 0 0 0 0 0 0 0 0 0 0 0 0 0 0 0 0 0 0 0 0 17 3 0 7 2 14 0 0 0 0 0 0 0 0 0 0 0 0 0
0 0 0 0 0 0 0 0 0 0 0 0 0 0 0 0 0 0 0 6 2 1 7 0 0 0 0 0 0 0 0 0 0 0 0 0 0 0 0 0 0 0 0 0 0 9 0 2 0 0 0 14 0 0 0 0 0 0 0 0 0 0 0 0 0 0 0 0 0 0 0 0 9 0 4 0 13 3 14 0 0 0 0 0 0 0 0 0 0 0 0 0 0 0 0 0 0 0 0 0 0 2 8 0 0 0 5 0 0 0 0 0 0 0 1 1 1 1 0 0 0 0 0 0 0 0 0 0 0 15 0 3 0 31 0 1 0 0 0 0 0 0 1 2 2 1 0 0 0 0 0 0 0 0 0 0 13 0 8 13 0 0 0 6 0 0 0 0 0 0 2 3 3 2 0 0 0 0 0 0 0 0 0 0 0 37 204 205 161 56 23 0 0 0 0 0 0 0 2 3 3 2 0 0 0 0 0 0 0 0 0 0 59 209 252 255 255 184 0 0 0 0 0 0 2 0 4 0 11 4 0 2 6 2 0 0 0 0 50 193 254 203 130 230 248 108 0 0 0 0 0 0 3 0 6 0 11 0 0 0 0 3 0 2 18 128 254 191 76 3 164 255 160 20 0 0 0 0 0 0 3 1 2 3 8 0 1 0 5 0 0 27 216 240 236 38 8 155 253 143 0 3 0 17 0 0 0 0 3 3 0 0 3 0 9 0 0 26 76 194 254 163 12 13 155 255 255 28 30 0 11 0 0 0 0 0 0 5 0 0 1 3 0 0 0 126 245 255 94 0 17 187 255 254 236 185 0 0 0 1 0 0 0 0 0 4 2 0 1 3 0 27 160 246 222 88 0 27 194 241 255 255 255 144 0 20 3 0 0 0 0 0 2 0 5 2 0 1 0 121 240 230 53 5 80 226 255 208 149 253 235 34 17 0 0 23 0 0 0 0 5 0 2 0 0 1 20 215 254 202 163 205 255 216 74 15 146 251 124 0 0 12 2 0 0 0 0 0 0 7 7 0 5 0 14 255 253 255 237 202 84 38 0 107 255 171 37 0 1 0 3 4 0 0 0 0 3 0 0 0 5 5 0 129 205 149 61 0 0 7 42 239 209 78 0 0 10 8 0 0 0 0 0 0 8 0 0 2 0 6 0 13 1 0 0 20 0 6 178 254 105 0 0 5 0 2 0 4 0 0 0 0 0 0 0 3 0 0 0 0 1 0 0 0 6 97 255 153 11 0 13 7 0 0 3 5 0 0 0 0 0 9 0 0 2 0 3 6 0 19 5 0 140 255 185 25 0 12 2 0 0 3 10 0 0 0 0 0 0 6 0 0 10 0 0 5 0 0 0 107 255 230 76 10 0 16 0 0 13 0 4 0 0 0 0 0 2 0 4 0 6 0 0 0 20 0 36 217 240 74 10 0 2 0 0 6 1 0 0 3 0 0 0 0 2 0 16 0 0 0 14 0 0 28 180 255 161 2 0 4 15 0 5 4 0 6 3 0 0 0 0 0 0 0 0 0 0 0 0 0 0 149 248 181 50 0 0 10 0 0 0 0 0 0 0 0 0 0 0 0 0 0 0 0 0 0 0 0 0 176 237 92 0 0 19 0 0 0 0 0 0 0 0 0 0 0 0 0 0 0 0 0 0 0 0 0 0 0 0 2 0 0 0 12 0 0 0 0 0 0 0 0 0 0 0 0 0 0 0 0 0 0 0 0 7 4 0 0 2 12 3 0 0 0 0 0 0 0 0 0 0 0 0 0
0 0 0 0 0 0 0 0 1 0 0 2 3 3 3 3 0 4 0 6 0 0 2 4 0 0 0 0 0 0 0 0 0 0 0 0 1 3 1 0 0 0 0 0 15 0 0 0 20 0 5 0 0 0 0 0 0 0 0 0 0 0 0 0 0 0 6 3 2 6 7 5 0 2 6 1 0 3 0 0 0 0 0 0 0 0 0 0 0 0 0 0 0 3 2 0 0 2 0 0 0 1 3 1 0 20 0 0 0 0 0 0 0 0 0 0 0 0 0 0 6 1 0 0 0 5 3 0 5 0 0 0 4 0 0 5 0 0 0 0 0 0 0 0 0 0 0 0 0 0 0 6 4 0 0 6 0 22 0 13 0 16 1 0 0 0 0 0 0 0 0 0 0 0 0 0 3 1 6 6 0 0 28 78 160 255 242 222 62 0 0 13 0 0 0 0 0 0 0 0 0 0 0 0 4 0 0 0 0 42 157 255 247 227 241 241 218 5 13 0 0 0 0 0 0 0 0 0 0 0 0 0 4 1 6 0 103 226 255 157 21 9 20 48 255 109 0 8 0 0 0 0 0 0 0 0 0 0 0 0 0 5 0 130 255 237 132 11 5 0 7 29 224 129 5 0 0 0 0 0 0 0 0 0 0 0 0 0 9 0 122 255 224 21 0 0 6 0 0 107 255 140 0 6 0 0 0 0 0 0 0 0 0 0 0 0 4 110 255 243 52 18 8 5 0 10 119 242 230 13 4 8 0 0 0 0 0 0 0 0 0 0 0 0 22 229 255 50 0 0 0 0 26 190 255 238 90 14 0 0 0 0 0 0 0 0 0 0 0 0 0 0 127 255 98 13 23 8 0 62 239 239 245 199 0 9 0 5 0 0 0 0 0 0 0 0 0 0 0 0 184 247 82 0 0 7 154 250 255 255 195 14 0 0 8 0 0 0 0 0 0 0 0 0 0 0 0 0 203 255 163 122 130 203 255 254 252 244 15 8 4 2 1 0 0 0 0 0 0 0 0 0 0 0 0 0 133 255 255 254 244 255 248 255 255 110 3 1 5 0 2 0 0 0 0 0 0 0 0 0 0 0 0 0 13 111 232 209 132 62 204 247 146 41 0 0 1 0 0 0 0 0 0 0 0 0 0 0 0 0 0 0 0 0 7 17 0 63 249 246 32 0 0 4 0 0 4 1 0 0 0 0 0 0 0 0 0 0 0 0 9 20 0 9 0 194 255 107 0 0 4 7 0 0 7 2 0 0 0 0 0 0 0 0 0 0 0 0 0 0 9 0 57 240 246 44 0 6 8 0 0 0 4 0 0 0 0 0 0 0 0 0 0 0 0 0 9 1 0 21 222 255 116 0 0 3 1 0 0 5 3 0 0 0 0 0 0 0 0 0 0 0 0 0 0 5 0 113 255 180 0 8 0 0 0 0 4 4 0 2 0 0 0 0 0 0 0 0 0 0 0 0 5 0 92 250 232 73 0 3 2 2 0 0 1 0 0 4 0 0 0 0 0 0 0 0 0 0 0 0 0 5 207 247 175 13 0 6 0 0 0 0 0 0 0 0 0 0 0 0 0 0 0 0 0 0 0 0 6 0 193 209 40 0 21 0 0 0 0 0 0 0 0 0 0 0 0 0 0 0 0 0 0 0 0 0 2 0 0 0 0 18 0 0 0 0 0 0 0 0 0 0 0 0 0 0 0 0 0 0 0 0 0 0 0 1 8 17 0 7 0 17 0 0 0 0 0 0 0 0 0 0 0 0
0 0 0 0 0 0 0 0 0 0 0 0 0 0 0 0 0 0 9 0 0 4 0 4 0 0 0 0 0 0 0 0 0 0 0 0 0 0 0 0 0 0 0 0 9 0 0 0 1 14 0 0 0 0 0 0 0 0 0 0 0 0 0 0 0 0 0 0 0 0 0 0 0 0 14 7 0 0 0 2 0 0 0 0 0 0 0 0 0 0 0 0 0 0 0 0 0 0 0 0 3 0 0 0 0 2 6 12 0 0 0 0 0 0 0 0 0 0 0 0 0 0 0 0 0 0 0 0 0 2 4 6 3 0 0 0 0 0 0 0 0 0 0 0 0 0 0 0 0 0 0 0 0 0 0 0 0 2 0 3 6 3 11 6 0 0 0 0 0 0 0 0 0 0 0 0 0 0 0 0 0 0 0 0 2 7 0 0 1 0 1 0 0 0 0 0 0 0 0 0 0 0 0 0 0 0 0 0 0 0 0 0 74 187 255 255 144 24 1 4 0 0 0 0 0 3 6 1 0 2 2 0 3 0 11 4 0 25 105 229 255 255 244 247 255 185 0 11 0 0 0 0 0 4 3 0 0 0 0 0 0 4 0 1 43 162 253 236 145 162 181 255 251 231 11 0 0 0 0 0 2 3 0 0 0 1 1 0 0 14 7 43 225 247 197 74 97 238 255 249 255 204 12 5 0 0 0 0 1 0 0 0 2 5 4 2 1 0 84 227 222 157 114 238 255 195 212 245 246 58 2 8 0 0 0 0 0 0 0 2 4 2 0 0 0 83 255 254 135 180 249 215 79 146 236 255 147 0 16 0 0 0 0 0 0 0 1 3 0 0 0 0 45 246 233 255 236 255 150 129 194 255 254 255 88 0 0 10 0 0 0 0 0 0 2 3 0 0 1 11 173 235 245 255 212 186 208 229 255 243 230 187 13 8 0 0 0 0 0 0 0 0 2 3 0 0 12 29 246 255 255 200 147 231 254 255 246 255 255 46 0 5 0 4 0 0 0 0 0 1 4 0 0 0 12 24 249 246 253 255 250 246 255 202 252 251 186 15 0 12 0 1 0 0 0 0 0 4 5 2 0 0 3 9 123 255 250 225 118 12 14 206 255 192 3 9 0 0 22 0 0 0 0 0 0 2 4 3 0 0 0 0 16 41 69 0 7 3 151 237 205 29 0 0 3 8 0 9 0 0 0 0 0 0 0 1 2 1 0 0 0 0 8 8 0 111 235 252 72 0 3 12 16 0 0 4 0 0 0 0 0 0 0 0 2 3 3 1 0 25 0 0 18 250 255 128 0 21 0 15 0 0 11 0 0 0 0 0 4 2 0 0 0 1 2 2 5 0 6 37 221 252 151 10 0 1 6 0 0 18 0 7 0 0 0 0 2 2 2 1 0 0 0 1 0 11 0 50 255 226 31 0 0 1 16 0 18 0 2 5 0 0 0 0 0 0 2 2 1 0 0 2 9 0 66 227 244 139 1 6 0 3 0 8 0 0 1 4 0 0 0 0 0 0 0 0 0 0 0 0 0 5 214 251 223 32 13 0 0 0 0 0 0 0 0 0 0 0 0 0 0 0 0 0 0 0 0 0 6 0 255 255 111 4 0 0 0 0 0 0 0 0 0 0 0 0 0 0 0 0 0 0 0 0 0 0 1 0 229 205 27 3 0 14 0 0 0 0 0 0 0 0 0 0 0 0 0 0 0 0 0 0 0 0 18 0 6 2 0 3 4 0 0 0 0 0 0 0 0 0 0 0 0 0
0 0 0 0 0 0 0 0 0 0 0 5 3 0 0 4 0 0 0 2 19 0 5 0 0 0 0 0 0 0 0 0 0 0 0 0 8 1 0 0 0 0 0 0 0 11 15 0 0 0 13 0 0 0 0 0 0 0 0 0 0 0 0 0 0 0 0 1 3 7 6 3 2 0 0 0 14 5 0 0 0 0 0 0 0 0 0 0 0 0 0 0 0 3 6 0 0 0 0 0 7 3 15 0 0 0 0 7 0 0 0 0 0 0 0 0 0 0 0 0 2 3 2 0 0 3 5 4 0 0 0 1 3 2 0 0 0 0 0 0 0 0 0 0 0 0 0 0 0 0 0 4 8 3 0 0 2 16 0 3 0 3 9 0 0 0 0 0 0 0 0 0 0 0 0 0 2 0 0 0 0 0 9 38 188 237 172 104 13 0 11 0 0 0 0 0 0 0 0 0 0 0 0 0 0 0 3 0 0 30 129 226 153 94 38 151 128 5 0 11 0 0 0 0 0 1 0 0 5 0 0 0 0 16 0 0 44 200 240 94 0 0 6 30 204 171 65 4 0 0 0 0 0 0 0 1 1 0 1 3 0 0 0 66 250 196 37 0 22 0 0 0 159 116 6 3 0 0 0 0 0 0 3 3 0 1 6 1 6 8 143 255 163 1 6 0 0 14 23 9 196 71 4 0 0 0 0 0 0 0 1 3 0 0 4 0 3 48 241 170 31 0 0 2 1 6 0 96 226 17 0 4 0 0 0 0 2 0 0 0 0 0 0 0 39 227 244 6 4 7 0 0 0 12 43 246 119 0 0 13 0 0 0 0 1 0 0 0 4 0 0 16 168 255 51 0 0 0 17 0 6 33 212 255 10 3 12 0 0 0 0 0 0 6 0 0 9 0 1 58 255 181 0 19 0 6 0 37 87 44 225 117 0 0 7 0 0 0 0 0 0 10 0 0 11 0 8 92 243 112 6 0 43 123 232 223 32 108 233 11 0 2 0 8 0 0 0 0 0 0 2 5 0 0 14 39 234 254 193 214 254 202 131 21 29 233 188 0 9 0 0 9 0 0 0 0 3 0 0 2 0 0 3 17 82 160 175 142 61 0 9 0 89 246 97 0 11 2 2 0 0 0 0 0 6 0 0 1 3 0 0 0 0 3 13 14 0 2 8 0 154 219 0 0 2 4 4 0 0 0 0 0 4 0 0 2 5 2 0 0 7 0 5 2 0 0 0 49 239 173 0 12 0 0 0 0 0 0 0 0 1 0 0 1 2 1 2 5 7 0 0 0 14 16 0 140 246 64 8 2 0 0 0 4 0 0 0 0 0 1 1 0 0 0 0 3 0 11 3 0 0 0 0 220 199 0 7 0 0 7 4 3 0 0 0 0 0 0 1 0 0 0 0 0 0 3 0 0 0 12 45 255 162 5 15 0 8 3 0 0 0 0 0 0 0 0 0 0 3 4 2 0 1 7 0 8 0 15 62 253 82 12 0 0 0 0 0 8 0 0 0 0 0 0 0 0 0 0 0 0 0 0 9 7 0 19 132 252 0 0 0 0 0 0 0 0 0 0 0 0 0 0 0 0 0 0 0 0 12 1 0 0 0 15 104 194 0 0 0 0 0 0 0 0 0 0 0 0 0 0 0 0 0 0 0 0 0 0 1 7 1 0 2 19 0 0 0 0 0 0 0 0 0 0 0 0 0 0 0 0 0 0 0 0 1 0 0 3 6 1 0 0 0 0 0 0 0 0 0 0 0 0 0 0
0 0 0 0 0 0 0 0 5 0 0 2 4 0 0 4 0 0 10 0 0 0 0 0 0 0 0 0 0 0 0 0 0 0 0 0 1 3 0 0 0 6 2 0 9 0 0 0 11 10 10 6 0 0 0 0 0 0 0 0 0 0 0 0 0 0 2 7 1 0 0 14 0 0 1 8 1 0 0 0 0 0 0 0 0 0 0 0 0 0 0 0 5 0 0 2 0 0 0 0 4 3 0 0 0 7 7 8 0 0 0 0 0 0 0 0 0 0 0 0 0 2 0 0 6 19 9 0 0 0 8 3 0 0 0 0 0 0 0 0 0 0 0 0 0 0 0 0 3 0 0 8 0 0 0 10 10 0 0 0 5 0 4 1 0 0 0 0 0 0 0 0 0 0 0 0 12 0 0 5 0 0 37 91 126 175 255 240 161 9 0 7 0 0 0 0 0 0 0 0 0 0 0 0 0 11 1 0 47 165 242 252 255 224 255 255 245 81 18 0 0 0 0 0 3 0 0 0 0 2 3 4 0 0 93 163 254 251 249 255 249 252 255 255 247 150 0 4 0 0 0 0 1 0 0 0 0 0 0 0 9 107 213 239 247 255 254 248 255 243 255 243 245 78 0 2 0 0 0 0 0 0 1 1 1 0 0 0 28 254 255 245 255 125 202 255 255 236 254 255 163 3 1 0 0 0 0 0 0 1 1 1 0 0 0 0 173 247 232 210 60 10 99 245 246 255 247 255 135 0 5 2 0 0 0 0 1 1 1 0 0 0 5 9 205 251 134 3 0 10 22 235 245 255 244 241 166 6 0 0 0 0 0 0 1 2 1 0 0 0 8 14 255 255 183 65 175 162 195 255 253 248 253 255 107 0 0 0 0 0 0 0 0 2 3 0 0 0 5 11 228 243 255 253 243 255 245 253 255 245 255 232 20 5 16 10 0 0 0 0 0 2 4 2 0 0 1 6 57 255 242 255 252 240 251 254 245 255 226 66 0 0 0 0 0 0 0 0 0 0 0 0 0 0 0 0 13 53 68 54 62 145 238 255 255 227 65 0 0 0 10 0 0 0 0 0 0 0 0 0 0 0 0 0 0 7 0 9 4 207 247 255 255 132 11 0 10 7 0 0 0 0 0 0 0 0 0 0 0 0 0 0 14 3 1 4 91 246 254 246 179 30 0 3 0 4 0 9 0 0 0 0 0 0 0 0 0 0 0 0 0 0 13 46 229 249 255 233 60 0 10 10 0 2 0 11 0 0 0 0 0 0 0 0 0 0 0 0 0 0 6 141 255 255 254 178 0 0 4 0 0 8 1 0 0 0 0 0 0 0 0 0 0 0 0 0 10 11 76 231 255 255 222 65 0 16 0 0 6 0 0 0 0 0 0 0 0 0 0 0 0 0 0 0 0 0 171 250 255 242 140 0 0 12 0 2 2 0 0 9 0 0 0 0 0 0 0 0 0 0 0 0 2 34 240 254 251 234 37 1 2 0 0 1 1 5 5 0 0 0 0 0 0 0 0 0 0 0 0 0 0 33 196 255 255 63 11 0 0 0 0 0 0 0 0 0 0 0 0 0 0 0 0 0 0 0 0 0 0 0 117 245 244 48 0 5 0 0 0 0 0 0 0 0 0 0 0 0 0 0 0 0 0 0 0 0 6 0 0 0 0 0 0 12 0 0 0 0 0 0 0 0 0 0 0 0 0 0 0 0 0 0 0 0 0 9 3 0 0 15 6 0 0 0 0 0 0 0 0 0 0 0 0 0
0 0 0 0 0 0 0 0 0 8 0 0 0 8 0 0 4 1 0 0 10 1 0 10 0 0 0 0 0 0 0 0 0 0 0 0 6 0 0 5 0 0 0 8 0 0 0 0 6 4 0 4 0 0 0 0 0 0 0 0 0 0 0 0 0 2 8 0 0 0 7 0 2 6 2 0 0 0 4 2 0 0 0 0 0 0 0 0 0 0 0 0 9 0 1 11 7 0 0 0 0 3 2 7 3 0 1 0 0 0 0 0 0 0 0 0 0 0 0 0 0 0 1 0 0 10 11 0 7 10 0 0 1 0 7 7 0 0 0 0 0 0 0 0 0 0 0 0 0 9 0 3 0 0 0 5 0 13 0 0 17 3 3 0 0 0 0 0 0 0 0 0 0 0 0 0 4 0 2 109 118 89 78 188 245 236 101 5 0 0 1 5 0 0 0 0 0 0 0 0 0 0 0 0 150 224 219 255 239 242 197 253 247 255 118 6 0 0 4 0 0 0 0 0 0 0 11 0 0 14 0 81 236 247 234 185 168 53 30 57 118 227 226 22 3 0 10 0 0 0 0 0 5 0 0 3 0 3 52 228 253 138 54 0 8 0 0 9 73 198 255 204 0 2 0 2 0 0 0 0 0 0 0 17 0 0 93 255 135 11 1 0 13 8 9 0 10 102 245 255 75 14 3 1 0 0 0 0 1 7 0 0 0 59 201 255 91 0 5 0 0 0 4 15 0 5 179 255 59 3 13 0 0 0 0 0 0 3 0 0 0 117 255 249 82 0 11 5 5 3 0 0 17 4 149 249 113 11 0 0 0 0 0 0 0 0 0 11 7 97 255 228 75 6 0 0 6 12 0 0 0 2 176 255 137 5 0 2 0 0 0 0 8 2 0 0 0 48 216 255 104 41 5 0 0 6 8 0 10 64 211 243 0 0 12 0 0 0 0 0 0 6 0 0 6 4 142 251 255 159 78 50 33 84 148 140 169 255 232 47 0 7 0 0 0 0 0 0 3 9 0 0 4 0 64 214 252 255 252 251 255 255 249 253 255 243 89 13 0 5 2 8 0 0 0 0 0 1 0 1 11 0 2 68 224 248 255 255 255 249 247 255 240 255 123 0 0 7 0 0 0 0 0 0 0 4 0 0 4 0 0 0 42 130 120 62 49 27 67 191 154 238 255 135 0 0 0 9 0 0 0 0 3 6 3 0 0 5 11 1 0 0 0 9 15 14 5 0 20 118 235 253 105 6 10 0 0 0 0 0 0 0 5 2 0 0 6 0 5 10 0 0 0 0 0 4 5 25 225 255 241 115 0 2 0 0 0 0 1 0 0 5 2 1 0 0 17 0 4 18 0 0 21 0 2 0 161 240 252 206 31 9 0 0 0 0 6 2 0 0 3 4 3 4 0 1 0 0 1 0 0 2 0 22 16 174 255 254 227 57 0 0 0 0 0 5 6 0 0 0 0 0 0 3 0 0 5 3 0 3 5 0 7 0 255 239 253 127 0 0 0 0 0 0 0 0 0 0 0 0 0 0 0 0 0 0 0 0 0 19 0 4 84 203 255 211 0 0 0 0 0 0 0 0 0 0 0 0 0 0 0 0 0 0 0 0 18 0 0 15 0 103 229 159 0 0 0 0 0 0 0 0 0 0 0 0 0 0 0 0 0 0 0 0 0 27 0 0 0 0 0 3 0 0 0 0 0 0 0 0 0 0 0 0 0 0 0 0 0 0 0 0 0 7 0 3 17 2 1 3 0 0 0 0
0 0 0 0 0 0 0 0 0 5 3 0 1 0 0 0 2 0 3 8 0 0 0 0 0 0 0 0 0 0 0 0 0 0 0 0 6 0 0 0 2 2 0 0 0 0 0 0 0 5 6 0 0 0 0 0 0 0 0 0 0 0 0 0 9 0 3 8 0 0 0 1 0 11 11 5 5 0 0 2 0 0 0 0 0 0 0 0 0 0 0 0 0 0 5 9 0 0 5 0 0 0 0 2 7 0 0 12 0 0 0 0 0 0 0 0 0 0 0 0 8 5 1 0 0 9 5 0 15 5 0 0 4 1 0 0 0 0 0 0 0 0 0 0 0 0 0 0 0 5 0 0 0 2 3 10 0 0 14 10 0 3 6 0 0 0 0 0 0 0 0 0 0 0 0 0 0 9 0 0 23 4 0 0 13 0 0 7 0 0 14 2 0 0 0 0 0 0 0 0 0 0 0 0 0 0 10 107 242 255 244 255 191 53 0 8 0 0 6 0 0 0 0 0 7 0 0 9 4 0 1 0 3 0 101 255 219 203 209 199 253 248 137 2 4 0 6 0 0 0 0 0 0 0 0 2 0 0 6 3 0 83 246 183 22 11 0 10 90 255 236 178 6 4 0 12 0 0 0 0 0 0 0 0 0 3 2 0 28 236 219 34 0 4 0 2 2 219 255 243 51 9 1 4 0 0 0 0 3 0 0 0 4 6 0 0 110 255 122 0 0 9 14 2 141 253 255 255 100 2 5 0 0 0 0 0 4 0 0 1 5 0 0 47 255 244 30 0 0 7 0 24 204 252 192 244 54 0 0 11 0 0 0 0 0 0 8 2 0 0 10 97 234 225 0 14 8 0 32 170 255 228 109 150 8 0 0 0 0 0 0 0 0 0 10 0 0 0 4 88 255 199 0 8 0 56 199 249 245 119 0 9 0 0 14 0 0 0 0 0 6 0 6 0 3 8 0 42 231 255 189 153 183 255 248 253 255 109 0 7 3 0 4 0 0 0 0 0 0 0 0 0 0 0 0 0 62 247 255 255 255 215 82 192 255 109 0 0 16 0 7 0 0 0 0 0 0 0 0 0 0 0 0 0 0 67 121 42 39 8 8 248 244 61 1 1 2 0 4 3 0 0 0 0 0 0 0 0 0 0 0 0 0 0 13 0 0 3 37 247 182 0 0 9 0 6 0 0 0 0 0 0 0 0 0 0 0 0 0 0 0 7 0 11 1 12 146 255 167 0 9 1 0 3 0 7 0 0 0 0 0 0 0 0 0 0 0 0 0 10 3 0 0 0 223 255 95 0 4 0 2 6 0 0 0 0 0 0 0 0 0 0 0 0 0 0 7 0 7 5 10 13 209 238 44 1 0 0 15 5 0 0 0 0 0 0 0 0 0 0 0 0 0 0 1 0 1 11 0 0 173 251 90 30 7 0 0 0 1 9 0 0 0 0 0 0 0 0 0 0 0 0 6 0 4 0 5 5 207 255 45 0 0 0 6 1 0 1 0 0 0 0 0 0 0 0 0 0 0 0 0 2 4 0 2 39 255 196 0 0 0 0 0 0 0 0 0 0 0 0 0 0 0 0 0 0 0 0 12 0 6 1 0 81 255 158 0 0 0 0 0 0 0 0 0 0 0 0 0 0 0 0 0 0 0 0 0 0 0 5 15 108 228 133 0 0 0 0 0 0 0 0 0 0 0 0 0 0 0 0 0 0 0 0 3 7 0 0 0 1 17 1 0 0 0 0 0 0 0 0 0 0 0 0
0 0 0 0 0 0 0 0 0 2 6 4 0 0 1 6 0 0 0 0 3 5 3 0 0 0 0 0 0 0 0 0 0 0 0 0 5 0 0 0 0 0 0 0 10 0 0 3 1 0 0 5 0 0 0 0 0 0 0 0 0 0 0 0 0 0 0 3 9 10 5 0 0 0 0 3 2 0 0 3 0 0 0 0 0 0 0 0 0 0 0 0 0 1 3 1 0 0 0 0 0 7 8 0 0 5 6 0 0 0 0 0 0 0 0 0 0 0 0 0 2 1 0 0 0 0 4 9 0 0 0 0 0 0 3 3 0 0 0 0 0 0 0 0 0 0 0 0 0 0 0 2 7 5 0 0 7 0 3 16 12 0 0 0 0 0 0 0 0 0 0 0 0 0 0 0 1 3 3 0 0 0 0 4 0 0 3 0 0 0 6 15 0 0 0 0 0 0 0 0 0 0 0 0 0 4 5 0 0 32 99 153 255 255 189 70 0 0 7 0 0 0 0 0 0 0 0 0 0 0 0 0 0 7 0 13 152 238 242 255 255 252 255 211 7 0 0 0 0 0 0 0 0 0 0 0 0 0 0 0 0 7 39 234 255 215 207 117 19 0 91 224 86 18 0 1 0 0 0 0 0 0 0 0 0 0 0 0 0 52 237 255 191 52 0 0 4 5 2 117 220 201 38 10 0 0 0 0 0 0 0 0 0 0 0 0 8 171 240 170 6 0 10 5 0 18 188 246 255 207 19 0 0 0 0 0 0 0 0 0 0 0 0 0 21 255 255 28 0 1 0 3 77 238 244 255 245 18 0 17 0 0 0 0 0 0 0 0 0 0 0 0 0 247 238 129 88 118 146 219 255 245 255 245 167 16 0 0 0 0 0 0 0 0 0 0 0 0 0 0 15 53 255 255 238 255 241 238 180 164 244 253 67 0 6 3 0 0 0 0 0 0 0 0 0 0 0 0 0 14 39 115 154 100 34 30 21 230 241 132 0 11 0 0 0 0 0 0 0 0 0 0 0 0 0 0 0 12 0 0 0 0 0 29 237 255 151 0 0 9 0 2 0 0 0 0 0 0 0 0 0 0 0 0 5 0 1 0 3 6 11 177 255 201 40 0 10 0 9 0 0 0 0 0 0 0 0 0 0 0 0 0 4 0 12 0 0 8 134 241 234 67 0 0 3 1 0 4 0 0 0 0 0 0 0 0 0 0 0 0 0 0 0 0 6 73 255 255 107 0 5 6 0 7 0 3 0 0 0 0 0 0 0 0 0 0 0 0 0 12 0 7 38 244 242 177 0 0 4 12 0 0 10 0 0 0 0 0 0 0 0 0 0 0 0 0 1 0 10 36 224 255 157 9 0 2 2 0 0 7 3 0 0 0 0 0 0 0 0 0 0 0 0 0 0 0 12 219 255 183 23 0 10 0 5 0 0 14 0 2 0 0 0 0 0 0 0 0 0 0 0 0 2 18 227 254 175 51 0 4 0 13 0 10 0 0 15 0 0 0 0 0 0 2 4 1 0 0 0 3 33 230 255 172 14 0 0 7 0 0 0 0 0 0 0 0 0 0 0 0 0 1 3 1 0 1 8 14 239 241 170 21 12 0 18 0 0 0 0 0 0 0 0 0 0 0 0 0 1 2 1 0 0 2 11 17 225 184 41 7 0 17 0 0 0 0 0 0 0 0 0 0 0 0 0 0 2 2 1 0 0 0 2 6 0 2 0 0 0 0 0 10 0 0 0 0 0 0 0 0 0 0 0 0
0 0 0 0 0 0 0 0 0 0 0 0 0 0 0 0 0 0 0 0 0 0 0 0 0 0 0 0 0 0 0 0 0 0 0 0 0 0 0 0 0 0 0 0 0 0 0 0 0 0 0 0 0 0 0 0 0 0 0 0 0 0 0 0 0 0 0 0 0 0 0 0 0 0 0 0 0 0 0 0 0 0 0 0 0 0 0 0 0 0 0 0 0 0 0 0 0 0 0 0 0 0 0 0 0 0 0 0 0 0 0 0 0 0 0 0 0 0 0 0 0 0 0 0 0 0 0 0 0 0 0 0 0 0 0 0 0 0 0 0 0 0 0 0 0 0 0 0 0 0 0 0 0 0 0 0 0 0 0 0 0 0 0 0 0 0 0 0 0 0 0 0 0 0 0 0 0 0 0 0 0 0 0 0 0 0 0 0 0 0 0 0 0 0 0 0 0 0 0 0 0 0 0 0 0 0 0 0 0 0 0 0 0 0 0 0 0 0 0 0 0 0 0 0 0 21 0 0 0 0 7 3 5 0 0 16 6 0 12 4 78 124 110 25 0 0 0 4 0 0 0 0 17 0 0 19 0 6 8 0 3 0 1 0 35 102 153 255 255 236 240 212 26 5 1 0 0 0 0 0 0 29 1 6 0 0 1 14 0 21 67 199 255 255 255 211 150 103 166 255 150 0 8 8 0 0 0 0 3 0 64 0 3 2 0 2 20 160 251 239 210 122 21 25 0 15 41 244 151 0 6 0 0 0 0 0 0 10 0 9 20 0 3 39 210 255 254 125 9 0 0 2 7 10 58 249 146 14 2 2 0 0 0 0 0 4 0 2 0 12 47 247 252 191 32 0 17 0 0 3 4 25 148 255 255 142 0 0 0 0 0 0 5 0 22 0 0 48 246 255 144 29 3 0 0 4 6 62 212 255 246 255 232 224 6 0 0 0 0 0 0 20 0 0 23 241 255 93 0 3 0 6 49 120 203 232 94 82 125 255 248 138 3 1 0 0 0 0 0 4 0 14 33 255 253 45 84 123 162 204 245 220 110 5 5 14 191 255 206 7 3 6 0 0 0 0 0 3 0 3 1 172 255 255 255 249 248 231 147 29 0 17 0 93 255 244 26 10 1 0 0 0 0 0 3 1 0 3 0 51 137 224 140 108 50 8 6 9 0 0 81 222 226 25 0 0 0 14 0 0 0 0 0 0 0 4 2 0 0 21 8 3 0 2 0 0 19 72 241 255 100 4 17 11 8 0 0 0 0 0 0 0 8 0 0 0 4 0 0 0 0 12 1 1 101 238 239 155 0 17 0 0 15 3 0 0 0 0 4 0 4 0 0 7 20 3 12 11 0 0 1 6 10 21 28 6 0 0 20 1 0 8 0 0 0 0 7 3 0 2 1 2 0 0 0 0 2 5 1 0 0 9 0 0 11 3 0 14 0 5 0 0 0 0 0 10 0 0 5 8 0 15 3 8 0 0 4 5 0 0 0 5 0 0 0 6 1 0 0 0 0 0 0 0 0 0 0 0 0 0 0 0 0 0 0 0 0 0 0 0 0 0 0 0 0 0 0 0 0 0 0 0 0 0 0 0 0 0 0 0 0 0 0 0 0 0 0 0 0 0 0 0 0 0 0 0 0 0 0 0 0 0 0 0 0 0 0 0 0 0 0 0 0 0 0 0 0 0 0 0 0 0 0 0 0 0 0 0 0 0 0 0 0 0 0 0 0 0 0 0 0 0 0 0 0 0 0 0 0 0 0 0 0 0
0 0 0 0 0 0 0 0 9 0 0 0 0 0 0 0 12 0 4 0 7 0 0 0 0 0 0 0 0 0 0 0 0 0 0 0 0 0 1 5 5 2 2 4 0 2 14 0 0 0 17 1 0 0 0 0 0 0 0 0 0 0 0 0 0 1 4 2 0 0 0 0 17 5 0 0 5 0 0 3 0 0 0 0 0 0 0 0 0 0 0 0 0 3 1 0 0 0 1 0 0 0 0 5 12 3 0 0 0 0 0 0 0 0 0 0 0 0 0 0 0 0 0 0 1 6 5 0 8 0 3 1 0 0 0 11 0 0 0 0 0 0 0 0 0 0 0 0 0 0 0 2 4 0 0 0 2 6 4 0 0 19 2 0 0 0 0 0 0 0 0 0 0 0 0 0 4 0 0 5 0 0 0 10 62 221 255 195 45 0 3 0 0 0 0 0 0 0 0 0 0 0 0 0 4 0 0 5 1 0 21 56 245 239 177 252 170 10 0 4 0 0 0 0 0 0 0 0 0 0 0 0 1 0 6 0 3 11 128 254 208 71 0 210 208 0 10 0 0 0 0 0 0 0 0 0 0 0 0 0 0 24 0 0 77 207 244 102 11 0 40 244 222 94 0 9 0 0 0 0 0 0 0 0 0 0 0 0 0 0 9 51 198 250 119 0 6 14 175 251 255 35 1 2 0 0 0 0 0 0 0 0 0 0 0 0 11 0 2 197 242 55 3 17 0 149 248 248 79 13 7 0 0 0 0 0 0 0 0 0 0 0 0 0 0 15 124 250 151 7 4 0 145 231 242 94 4 4 1 0 0 0 0 0 0 0 0 0 0 0 0 0 3 59 236 193 17 0 31 189 247 232 65 0 0 5 0 15 0 0 0 0 0 0 0 0 0 0 0 0 64 245 255 198 157 212 255 255 249 230 56 13 8 0 1 0 0 0 0 0 0 0 0 0 0 0 0 0 157 254 245 255 255 247 255 245 253 75 10 0 0 0 13 0 0 0 0 0 0 0 0 0 0 0 0 0 75 238 255 237 255 255 245 221 19 10 0 0 0 1 2 0 0 0 0 0 0 0 0 0 0 0 0 0 6 187 207 163 235 249 242 58 9 4 0 0 0 2 1 0 0 0 0 0 0 0 0 0 0 0 0 0 4 0 0 165 255 244 113 0 0 0 0 0 2 3 0 0 0 0 0 0 0 0 0 0 0 0 0 0 6 10 50 213 241 160 6 0 0 0 0 0 2 2 0 0 0 0 0 0 0 0 0 0 0 0 0 0 0 0 8 204 250 40 0 11 1 0 0 0 0 0 0 0 0 0 0 0 0 0 0 0 0 0 0 0 0 7 146 255 126 0 12 0 4 2 0 0 0 0 0 0 0 0 0 0 0 0 0 0 0 0 0 0 0 54 246 218 7 5 3 0 1 1 1 0 0 0 0 0 0 0 0 0 0 0 0 0 0 0 0 0 13 181 241 31 0 11 0 4 0 0 0 1 0 0 0 0 0 0 0 0 0 0 0 0 0 0 0 0 82 255 123 0 6 9 0 2 0 0 0 0 0 0 0 0 0 0 0 0 0 0 0 0 0 0 0 0 117 219 103 1 0 1 0 8 0 0 0 0 0 0 0 0 0 0 0 0 0 0 0 0 0 0 0 0 0 18 0 0 0 2 1 0 0 0 0 0 0 0 0 0 0 0 0 0 0 0 0 0 0 0 0 0 5 0 6 12 2 8 3 0 0 0 0 0 0 0 0 0 0 0 0 0
0 0 0 0 0 0 0 0 3 0 0 0 0 0 0 0 0 9 5 0 1 5 0 0 0 0 0 0 0 0 0 0 0 0 0 0 0 0 1 2 2 1 2 2 0 0 0 0 0 0 3 8 0 0 0 0 0 0 0 0 0 0 0 0 0 0 2 1 0 0 0 0 0 0 3 9 0 0 0 0 0 0 0 0 0 0 0 0 0 0 0 0 2 1 0 0 0 0 1 3 1 0 0 0 0 0 9 5 0 0 0 0 0 0 0 0 0 0 0 0 0 0 0 1 5 7 4 1 0 1 4 2 2 8 4 0 0 0 0 0 0 0 0 0 0 0 0 0 0 0 0 2 3 0 0 0 0 4 0 0 0 4 1 5 0 0 0 0 0 0 0 0 0 0 0 0 0 2 2 0 0 0 6 13 0 9 0 1 16 0 0 8 0 0 0 0 0 0 0 0 0 0 0 0 0 1 1 0 0 15 47 73 113 169 215 254 242 116 2 0 0 0 0 0 0 2 3 3 0 0 8 0 13 0 1 8 76 195 255 255 250 255 255 227 255 216 6 9 0 0 0 0 2 0 0 4 4 0 1 0 0 7 7 63 255 255 247 219 219 166 186 255 249 202 23 0 0 0 0 0 0 0 1 0 0 0 3 9 7 5 73 218 255 209 78 21 3 29 211 235 255 115 0 1 0 0 0 0 0 4 9 0 0 4 0 0 7 226 255 212 130 0 9 0 89 176 255 255 236 79 0 13 0 0 0 0 6 0 0 0 10 8 0 8 173 255 213 72 19 3 16 54 244 255 250 255 135 0 19 0 0 0 0 0 12 0 0 2 3 0 4 97 253 252 70 64 75 73 123 251 245 254 250 208 16 0 9 5 0 0 0 0 4 0 7 0 0 0 13 126 248 240 255 247 255 255 255 255 255 250 224 35 0 4 0 0 0 0 0 0 0 0 10 0 6 13 0 43 180 255 203 154 137 134 48 40 206 250 87 7 0 0 3 9 0 0 0 0 0 0 0 0 0 0 0 0 3 4 0 21 0 5 7 154 255 143 4 0 5 6 0 0 0 0 0 0 0 0 0 0 0 0 0 0 0 0 14 0 7 0 14 236 237 51 0 7 0 0 7 0 0 0 0 0 0 0 0 0 0 0 0 0 19 0 0 11 16 0 207 247 153 0 0 9 0 0 9 0 0 0 0 0 0 0 0 0 0 0 0 0 0 0 11 0 0 53 255 212 36 0 10 0 0 2 0 1 0 0 0 0 0 0 0 0 0 0 0 0 0 0 9 2 51 231 246 54 0 17 3 0 1 6 0 0 0 0 0 0 0 0 0 0 0 0 0 0 6 2 0 0 79 253 166 8 0 7 0 7 0 4 4 0 0 0 0 0 0 0 0 0 0 0 0 0 0 0 11 65 244 255 7 0 16 0 0 4 0 4 4 0 0 0 0 0 0 0 0 0 0 0 0 0 6 4 0 151 255 73 0 5 1 0 20 0 2 7 0 2 0 0 0 0 0 0 0 0 0 0 0 0 0 2 35 239 207 1 10 3 0 0 0 0 0 0 0 0 0 0 0 0 0 0 0 0 0 0 0 0 12 0 134 255 163 22 0 0 0 0 0 0 0 0 0 0 0 0 0 0 0 0 0 0 0 0 0 0 5 0 171 209 38 0 14 14 0 0 0 0 0 0 0 0 0 0 0 0 0 0 0 0 0 0 0 0 0 2 0 1 9 1 0 0 0 0 0 0 0 0 0 0 0 0 0 0
0 0 0 0 0 0 0 0 0 1 7 4 0 0 0 0 7 0 0 0 0 1 4 0 0 0 0 0 0 0 0 0 0 0 0 0 7 0 0 0 0 1 3 6 0 0 6 7 1 0 0 3 0 0 0 0 0 0 0 0 0 0 0 0 4 0 0 3 6 0 0 0 0 3 0 0 0 0 0 0 0 0 0 0 0 0 0 0 0 0 0 0 0 0 4 5 1 0 0 1 2 6 0 0 5 5 1 8 0 0 0 0 0 0 0 0 0 0 0 0 0 5 3 0 0 4 10 7 0 4 7 5 2 0 0 0 0 0 0 0 0 0 0 0 0 0 0 0 1 2 0 0 0 4 0 0 4 0 0 0 0 8 13 3 0 0 0 0 0 0 0 0 0 0 0 0 0 0 0 7 4 0 0 13 8 0 14 16 0 0 5 0 0 0 0 0 0 0 0 0 0 0 0 0 5 0 0 7 0 0 37 100 144 167 218 185 60 0 6 0 0 0 0 0 0 0 0 0 0 0 0 0 0 24 0 0 49 161 231 249 255 236 255 255 160 0 0 1 0 0 0 0 0 0 0 0 0 0 0 0 0 0 0 138 254 255 229 255 255 217 231 249 220 10 18 0 0 0 0 0 0 0 0 0 0 0 0 0 10 0 126 255 246 246 179 48 38 3 201 255 152 0 0 0 0 0 0 0 0 0 0 0 0 0 0 0 0 134 255 251 130 42 0 14 91 250 255 249 155 13 1 0 0 0 0 0 0 0 0 0 0 0 0 0 83 255 239 95 20 2 47 218 254 247 249 226 62 0 12 3 0 0 0 0 0 0 0 0 0 0 0 0 110 255 247 161 142 220 255 241 255 249 255 86 0 20 0 0 0 0 0 0 0 0 0 0 0 0 0 0 88 252 255 254 255 242 242 255 251 255 87 0 11 0 0 0 0 0 0 0 0 0 0 0 0 0 0 0 45 216 195 203 197 106 125 244 248 207 10 15 0 0 17 0 0 0 0 0 0 0 0 0 0 0 0 0 0 7 11 0 0 2 107 243 255 28 0 0 0 3 0 3 0 0 0 0 0 0 0 0 0 0 0 0 0 3 0 0 23 16 204 255 150 2 1 3 0 3 0 0 0 0 0 0 0 0 0 0 0 0 0 0 10 0 9 0 0 132 246 218 37 0 2 5 0 1 4 0 0 0 0 0 0 0 0 0 0 0 0 0 0 10 1 5 27 211 255 86 0 0 1 3 0 0 6 0 0 0 0 0 0 0 0 0 0 0 0 0 0 5 0 3 163 255 166 0 0 8 0 1 0 0 2 3 0 0 0 0 0 0 0 0 0 0 0 0 6 0 0 75 255 253 27 5 2 9 0 3 3 2 0 2 0 0 0 0 0 0 0 0 0 0 0 0 0 18 7 212 247 116 0 5 0 4 0 3 0 9 0 1 0 0 0 0 0 0 0 0 0 0 0 0 0 0 117 255 164 0 5 0 0 1 1 1 0 12 0 3 0 0 0 0 0 0 0 0 0 0 0 0 7 57 218 236 31 2 0 6 0 0 0 0 0 0 0 0 0 0 0 0 0 0 0 0 0 0 0 0 0 103 255 138 0 0 5 0 0 0 0 0 0 0 0 0 0 0 0 0 0 0 0 0 0 0 0 0 0 85 233 63 5 0 8 19 0 0 0 0 0 0 0 0 0 0 0 0 0 0 0 0 0 0 0 0 10 0 21 0 7 10 0 0 0 0 0 0 0 0 0 0 0 0 0 0
0 0 0 0 0 0 0 0 0 1 5 3 0 0 0 0 8 0 0 9 4 0 0 6 0 0 0 0 0 0 0 0 0 0 0 0 3 0 0 0 0 0 0 0 0 0 5 0 0 5 6 0 0 0 0 0 0 0 0 0 0 0 0 0 0 0 0 3 5 4 2 1 0 9 0 16 0 4 0 21 0 0 0 0 0 0 0 0 0 0 0 0 0 1 5 4 0 0 0 0 0 11 0 0 0 5 0 0 0 0 0 0 0 0 0 0 0 0 0 0 1 0 0 1 3 3 7 14 4 0 3 0 22 0 15 3 0 0 0 0 0 0 0 0 0 0 0 0 3 0 0 3 8 2 0 0 0 12 0 11 0 0 11 0 0 0 0 0 0 0 0 0 0 0 0 0 7 3 1 0 0 0 18 48 166 248 243 212 32 0 0 0 0 0 0 0 0 0 0 0 0 0 0 0 0 0 3 0 0 51 160 255 211 101 123 212 178 2 4 6 0 0 0 0 4 0 0 0 1 2 0 0 0 8 0 0 59 211 247 81 0 15 0 36 228 0 0 3 0 0 0 0 0 0 3 5 3 2 4 6 0 0 4 53 218 165 66 0 3 0 0 40 190 0 20 0 0 0 0 0 1 1 0 0 0 0 0 0 28 6 32 200 203 19 0 7 7 15 15 0 0 0 0 0 0 0 0 0 1 0 0 0 7 9 4 0 0 31 206 214 56 3 0 22 173 223 181 0 16 0 8 10 0 0 0 0 0 0 4 6 4 1 0 0 2 164 255 70 1 0 72 235 202 134 255 43 0 7 4 0 0 0 0 0 0 5 5 0 0 0 29 57 125 243 150 12 42 142 235 123 13 132 198 19 2 2 0 14 0 0 0 0 0 0 0 0 0 22 65 100 96 255 222 179 243 211 54 1 25 194 232 0 0 0 0 0 0 0 0 0 4 3 1 1 0 0 0 0 1 187 254 180 134 8 0 4 66 250 140 16 0 10 10 0 0 0 0 0 0 0 0 0 0 0 0 0 2 5 0 9 0 6 0 0 129 255 59 2 3 0 7 0 0 0 0 0 0 0 0 0 0 0 0 0 0 2 0 8 0 6 0 51 240 187 11 0 5 0 0 0 0 0 0 0 0 0 0 0 0 0 0 0 0 1 0 3 0 0 0 124 255 74 0 2 0 0 0 8 0 0 0 0 0 0 0 0 0 0 0 0 0 0 2 0 0 0 6 205 191 5 3 8 0 0 0 4 0 0 0 0 0 0 0 0 0 0 0 0 0 0 2 0 2 9 65 255 139 0 0 0 0 2 4 0 0 0 0 0 0 0 0 0 0 0 0 0 1 0 3 0 0 3 121 247 72 0 0 0 8 0 1 0 0 0 0 0 0 0 0 0 0 0 0 0 4 0 4 0 0 0 174 203 9 0 6 8 4 0 0 2 0 0 0 0 0 0 0 0 0 0 0 0 0 0 4 7 1 8 224 187 5 0 9 0 0 8 3 0 0 0 0 0 0 0 0 0 0 0 0 0 0 10 5 0 0 8 239 186 14 2 0 0 0 0 0 8 0 0 0 0 0 0 0 0 0 0 0 0 2 0 0 6 6 0 178 251 52 19 0 4 22 23 8 0 0 0 0 0 0 0 0 0 0 0 0 0 4 0 0 4 13 0 0 0 16 0 0 0 3 1 0 0 0 0 0 0 0 0 0 0 0 0 0 0 0 13 5 0 0 23 2 13 0 0 4 5 0 0 0 14 0 0 0 0
0 1 0 1 9 5 0 0 9 0 0 0 0 0 3 0 0 0 0 1 2 2 2 2 0 0 0 0 0 7 7 0 0 0 8 7 0 0 1 12 3 0 0 0 6 0 0 0 0 4 3 0 0 0 0 0 2 0 1 0 0 0 2 0 0 6 8 0 0 4 17 6 0 0 10 12 4 0 0 0 0 0 0 0 5 0 0 10 2 0 0 0 0 0 1 0 0 0 1 0 11 2 0 0 0 0 0 0 0 0 0 0 0 0 5 3 0 0 2 11 14 0 0 10 9 0 1 9 0 0 3 3 1 0 2 4 0 0 0 0 0 8 1 0 0 8 0 0 0 0 10 1 0 0 6 0 1 3 3 0 0 0 1 8 0 0 0 0 0 9 0 0 13 7 0 18 40 107 160 154 145 179 206 195 139 98 45 9 0 1 0 0 0 0 0 0 0 9 0 0 5 0 17 136 243 248 252 218 156 139 191 249 248 255 242 170 71 3 0 9 0 0 0 0 1 0 0 6 0 28 215 255 182 83 28 10 1 2 0 0 1 21 96 119 226 149 11 0 0 0 0 0 6 0 1 0 9 165 255 201 17 0 0 0 0 1 2 2 0 156 217 93 0 138 130 0 0 0 0 0 0 0 1 5 52 255 220 30 9 0 9 2 0 11 7 2 27 236 255 169 0 36 38 0 0 0 0 0 0 7 0 0 62 255 135 0 0 0 0 0 1 5 0 0 64 255 244 175 23 0 0 9 0 0 0 0 0 8 0 3 49 249 125 13 0 0 9 0 0 6 3 12 109 255 253 169 0 0 22 0 0 0 0 0 1 0 3 18 51 255 184 0 0 7 9 0 0 10 0 0 127 246 255 181 0 0 6 0 0 0 0 0 13 0 0 2 31 239 255 123 8 0 0 0 16 6 0 12 154 247 245 89 0 3 2 6 0 0 0 0 0 6 4 0 0 131 251 251 175 102 59 56 51 31 80 205 247 255 250 27 13 0 0 0 0 0 0 0 0 0 4 2 0 28 147 255 255 255 235 252 255 247 255 244 255 245 230 9 0 0 4 0 0 0 0 0 6 0 1 5 0 0 22 71 157 185 183 202 180 113 69 11 57 250 231 0 0 12 0 0 0 0 0 0 2 0 0 5 7 0 0 2 0 4 0 0 2 0 11 0 0 217 237 63 5 0 0 14 0 0 0 0 2 0 0 0 0 0 1 3 0 6 0 7 5 0 4 0 8 179 255 108 0 0 16 0 0 0 0 0 0 2 5 2 0 0 0 0 2 5 0 0 0 0 5 5 0 131 255 166 3 7 0 1 0 0 0 0 0 0 0 2 8 11 7 1 0 0 2 6 4 0 0 0 8 82 251 241 2 0 0 17 0 0 0 0 7 0 0 0 0 0 0 0 6 1 0 0 0 4 6 12 0 69 255 248 56 6 7 0 0 0 0 0 0 0 1 4 2 0 0 4 2 0 2 0 1 5 0 0 0 63 233 255 238 41 0 8 0 0 0 0 0 0 0 0 0 0 0 0 0 0 0 0 0 0 0 0 0 15 167 255 249 37 19 0 0 0 0 0 0 0 0 0 0 0 0 0 0 0 0 0 0 0 0 0 12 0 40 242 109 26 0 9 0 0 0 0 0 0 0 0 0 0 0 0 0 0 0 0 0 0 0 0 0 13 6 15 0 0 7 0 0 0 0 0 0 0 0 0 0 0 0 0 0 0 0 0 0 0 0 0 0 14 0 0 14 0 0 0 0 0 0 0
0 0 0 0 0 0 0 0 9 0 0 0 0 0 0 9 4 0 1 0 0 6 0 1 0 0 0 0 0 0 0 0 0 0 0 0 0 0 15 0 11 7 11 0 2 0 5 7 2 0 0 3 0 0 0 0 0 0 0 0 0 0 0 0 12 6 0 0 0 2 0 0 0 2 0 1 6 0 0 5 0 0 0 0 0 0 0 0 0 0 0 0 0 3 2 9 7 0 0 4 0 8 0 0 7 3 4 0 0 0 0 0 0 0 0 0 0 0 0 0 11 0 4 0 12 0 18 0 0 8 2 0 3 5 2 0 0 0 0 0 0 0 0 0 0 0 0 0 0 13 0 25 111 254 254 106 2 0 6 4 0 1 0 1 0 0 0 0 0 0 0 0 0 0 0 0 13 0 36 197 237 252 255 223 75 0 0 2 0 5 0 8 0 0 0 0 0 0 0 0 0 0 0 0 0 51 238 218 167 54 239 255 181 15 0 2 0 14 0 4 0 0 0 0 9 0 6 0 0 1 0 1 54 229 233 70 2 0 165 238 210 17 0 3 0 14 0 6 0 0 0 0 0 1 10 0 13 0 5 0 155 238 20 0 8 0 33 255 241 113 6 5 0 0 5 0 0 0 0 0 0 9 0 0 0 3 6 198 182 68 0 5 0 11 7 190 255 203 3 5 0 0 12 0 0 0 0 0 3 0 0 10 0 3 58 232 78 0 25 0 0 2 0 97 250 243 31 2 0 2 0 1 0 0 0 0 8 0 3 6 4 33 226 81 0 0 0 10 11 0 0 22 208 254 141 0 2 4 0 3 0 0 0 0 9 0 0 0 8 137 243 24 0 4 0 14 0 0 6 0 130 248 251 1 5 0 0 2 0 0 0 0 0 7 0 3 22 204 63 5 0 3 7 0 0 0 0 15 71 249 255 51 3 0 5 2 0 0 0 0 0 17 0 1 38 208 3 2 3 0 7 125 76 8 1 0 65 255 232 116 3 0 0 0 0 0 0 0 0 3 10 0 145 214 54 39 45 156 229 175 65 0 0 8 2 138 245 193 7 0 0 12 0 0 0 0 9 0 2 5 93 219 249 255 255 192 86 8 0 4 4 0 0 89 255 234 68 22 0 0 0 0 0 0 6 0 0 0 0 70 162 162 44 15 0 0 8 9 0 0 3 26 229 255 179 0 26 7 0 0 0 0 0 15 2 1 0 0 1 0 8 4 5 7 0 0 0 13 0 0 224 252 201 13 0 0 0 0 0 0 0 9 0 0 15 8 0 4 0 0 0 0 3 3 0 0 3 0 46 255 225 64 0 8 0 0 0 0 9 0 1 0 0 3 0 4 0 8 11 2 0 3 6 3 0 0 10 183 232 228 43 0 0 0 0 0 9 0 14 13 0 3 3 0 0 0 0 0 0 4 4 0 5 5 0 133 255 250 147 8 0 0 0 0 0 4 0 0 2 0 2 4 0 0 3 5 2 0 0 1 0 8 0 20 135 255 249 115 0 0 0 0 0 0 0 0 0 0 0 0 0 0 0 0 0 0 0 0 9 0 9 0 27 174 238 144 0 0 0 0 0 0 0 0 0 0 0 0 0 0 0 0 0 0 0 0 2 0 0 0 0 5 16 0 0 0 0 0 0 0 0 0 0 0 0 0 0 0 0 0 0 0 0 0 1 14 13 9 10 0 0 4 0 0 0 0 0 0 0 0 0 0 0 0 0 0 0 0 0 0 0 0 0 9 0 0 0 7 1 0 0 0 0 0
0 0 0 0 0 0 0 0 0 0 0 0 4 4 1 0 0 1 8 3 3 0 0 8 0 0 0 0 0 0 0 0 0 0 0 0 0 6 11 8 0 0 0 3 1 0 0 0 0 8 0 0 0 0 0 0 0 0 0 0 0 0 0 0 3 0 0 0 0 5 5 1 1 6 10 2 0 2 14 10 0 0 0 0 0 0 0 0 0 0 0 0 0 5 14 14 7 0 0 0 0 0 0 9 8 5 3 0 0 0 0 0 0 0 0 0 0 0 0 0 2 0 0 0 0 0 3 4 7 6 0 7 0 0 1 4 0 0 0 0 0 0 0 0 0 0 0 0 2 2 3 3 2 0 0 0 0 6 0 1 12 0 6 9 0 0 0 0 0 0 0 0 0 0 0 0 0 1 2 0 1 58 154 230 255 208 57 0 1 1 5 0 0 0 0 0 0 0 0 0 0 0 0 0 8 0 0 29 98 175 233 255 250 255 133 34 11 0 2 4 0 0 0 0 7 0 0 15 0 0 20 0 2 5 4 90 254 255 250 254 255 242 249 143 0 0 12 0 0 0 0 0 0 0 7 0 2 0 0 0 0 14 176 244 255 205 120 37 175 255 255 200 0 10 9 0 0 0 0 0 0 0 9 0 8 7 7 3 24 148 252 255 200 31 0 0 71 254 246 232 0 0 0 0 0 0 0 0 4 8 0 4 0 0 11 0 74 255 246 210 29 0 0 0 115 248 243 226 0 0 7 0 0 0 0 0 1 5 0 12 0 0 0 74 222 255 209 21 10 0 17 85 236 255 244 213 2 5 3 0 0 0 0 0 0 0 4 5 9 8 0 203 251 241 74 9 15 1 2 217 254 255 255 206 0 2 0 1 0 0 0 0 2 2 4 0 0 0 57 231 251 141 13 0 0 71 183 255 239 253 253 134 6 1 0 8 0 0 0 0 0 3 0 1 2 10 211 250 229 29 0 16 133 255 252 246 255 248 196 0 0 0 16 0 0 0 0 0 0 3 7 0 0 16 132 255 255 253 255 246 255 255 255 137 234 253 202 0 2 0 1 1 0 0 0 0 3 4 0 1 20 0 34 191 235 255 237 255 255 126 19 101 253 237 85 0 0 14 0 0 0 0 0 0 2 0 0 7 2 0 2 63 170 151 155 153 23 8 5 80 255 255 56 20 0 0 0 9 0 0 0 0 0 0 10 2 0 1 10 0 0 20 0 0 0 9 1 216 247 248 51 0 5 0 11 0 0 0 0 0 0 8 0 0 16 2 0 10 0 0 0 7 8 6 0 224 255 246 75 0 8 0 5 0 0 0 0 0 7 0 0 0 3 0 0 8 0 2 11 0 0 13 14 237 255 234 63 6 0 0 0 12 0 0 0 0 8 0 4 6 0 0 16 0 7 0 0 10 0 0 0 220 242 196 1 0 1 16 0 3 0 0 0 0 0 2 0 0 7 3 0 0 0 7 0 2 0 13 1 224 250 233 51 1 12 0 0 0 0 0 0 0 0 0 0 0 0 0 0 0 0 6 0 0 6 0 15 136 250 255 218 138 0 2 14 0 0 0 0 0 0 0 0 0 0 0 0 0 0 7 0 0 14 5 0 19 152 241 255 215 8 0 0 8 0 0 0 0 0 0 0 0 0 0 0 0 0 7 0 0 2 7 0 0 0 3 3 3 0 11 7 0 0 0 0 0 0 0 0 0 0 0 0 0 0 0 5 6 0 0 2 14 2 3 13 0 10 0 10 2 0 0 0 0
0 0 0 0 0 0 0 0 0 1 1 0 0 0 0 1 0 0 2 3 0 6 4 0 0 0 0 0 0 0 0 0 0 0 0 0 6 0 0 10 10 0 0 0 11 4 1 1 0 0 0 11 0 0 0 0 0 0 0 0 0 0 0 0 3 2 0 0 0 0 5 2 0 0 0 0 5 11 1 0 0 0 0 0 0 0 0 0 0 0 0 0 0 0 5 4 4 5 0 0 0 18 17 0 0 0 0 9 0 0 0 0 0 0 0 0 0 0 0 0 9 0 0 5 3 0 0 12 0 0 0 2 10 0 0 0 0 0 0 0 0 0 0 0 0 0 0 0 0 7 4 0 0 11 11 0 2 4 6 0 0 12 16 0 0 0 0 0 0 0 0 0 0 0 0 0 2 7 0 8 74 175 239 250 247 255 250 152 19 0 1 0 0 0 0 0 0 0 0 0 0 0 0 0 4 0 35 144 225 243 249 255 255 232 255 246 118 9 0 4 0 0 0 0 0 9 0 0 15 3 0 0 0 87 203 255 255 234 160 72 54 56 103 230 193 15 0 0 0 0 0 0 1 0 0 0 0 0 0 2 71 232 255 248 189 51 14 0 0 4 0 233 128 0 2 4 0 0 0 0 9 0 1 0 0 6 0 4 205 255 243 59 0 5 0 3 5 0 24 233 98 17 1 0 0 0 0 0 4 0 9 0 1 3 1 77 251 219 86 15 0 0 0 0 27 149 203 254 0 0 0 4 0 0 0 0 0 3 14 0 0 0 13 159 255 218 19 0 47 98 93 127 233 233 232 255 120 0 21 0 0 0 0 0 0 4 0 0 11 0 0 107 255 252 229 229 232 255 219 255 255 255 255 242 100 0 0 0 0 0 0 0 5 0 0 0 14 2 0 9 170 249 255 255 233 230 199 13 0 54 253 246 139 2 0 7 0 0 0 0 0 0 1 5 0 0 12 0 19 106 188 101 30 0 15 0 9 123 255 255 93 0 17 0 0 0 0 0 0 0 0 0 0 0 0 0 0 22 0 0 0 6 0 6 60 237 247 255 20 8 0 0 0 0 0 0 0 0 0 0 0 0 0 0 7 0 0 7 12 0 37 0 190 253 250 109 0 4 0 13 0 0 0 0 0 0 0 0 0 0 0 0 13 0 1 0 0 0 0 74 255 255 230 24 1 3 0 9 0 0 0 0 0 0 0 0 0 0 0 0 0 0 0 0 4 12 28 234 243 224 103 0 0 5 1 0 0 0 0 0 0 0 0 0 0 0 0 0 4 0 0 11 11 8 179 255 255 188 2 0 0 5 6 0 0 0 0 0 0 0 0 0 0 0 0 0 5 0 2 0 0 75 247 252 228 111 3 4 0 3 0 0 0 0 0 0 0 0 0 0 0 0 0 0 0 3 5 0 35 213 253 255 54 4 2 2 7 1 0 11 0 0 0 0 0 0 0 0 0 0 0 0 1 2 0 4 147 255 245 155 0 5 0 0 7 0 0 3 0 0 0 0 0 0 0 0 0 0 0 0 0 1 5 0 176 255 208 26 0 0 0 0 0 0 0 0 0 0 0 0 0 0 0 0 0 0 0 0 4 5 0 15 205 222 113 0 0 0 0 0 0 0 0 0 0 0 0 0 0 0 0 0 0 0 0 0 0 0 1 0 5 0 0 4 0 0 0 0 0 0 0 0 0 0 0 0 0 0 0 0 0 0 0 0 4 0 3 11 6 7 5 0 0 0 0 0 0 0 0 0 0 0 0 0
0 0 0 0 0 0 0 0 8 0 0 0 16 0 0 2 0 0 0 0 0 0 3 7 0 0 0 0 0 0 0 0 0 0 0 0 0 7 10 0 0 0 4 1 15 0 0 2 9 1 0 0 0 0 0 0 0 0 0 0 0 0 0 0 0 0 0 10 7 5 1 0 0 6 11 0 0 1 5 0 0 0 0 0 0 0 0 0 0 0 0 0 5 5 0 0 0 12 16 0 4 0 0 2 6 2 0 2 0 0 0 0 0 0 0 0 0 0 0 0 0 0 6 12 0 0 0 7 0 6 14 3 0 0 0 0 0 0 0 0 0 0 0 0 0 0 0 0 8 0 0 0 22 3 0 0 0 0 0 0 0 0 1 2 0 0 0 0 0 0 0 0 0 0 0 0 0 10 4 0 126 219 249 203 152 48 0 2 24 1 0 6 0 0 0 0 0 0 0 0 0 0 0 0 10 0 7 60 239 249 254 253 250 221 131 19 0 0 11 0 0 0 0 0 0 0 0 0 0 0 0 0 3 0 14 234 248 233 167 174 236 255 206 17 11 0 0 0 0 0 0 0 0 0 0 0 0 0 0 0 5 1 83 237 237 75 0 14 9 253 255 20 0 22 0 14 0 0 0 0 0 0 0 0 0 0 0 0 6 0 168 255 154 0 9 0 13 20 101 31 10 0 6 0 0 0 0 0 0 0 0 0 0 0 0 0 0 14 159 242 112 3 6 8 0 8 131 215 53 3 11 0 0 0 0 0 0 0 0 0 0 0 0 0 2 27 160 254 106 5 0 20 55 221 255 255 73 14 1 0 0 0 0 0 0 0 0 0 0 0 0 0 3 0 112 223 199 227 255 253 250 255 248 242 93 0 4 0 0 0 0 0 0 0 0 0 0 0 0 0 7 3 0 35 166 255 248 249 255 245 255 250 55 0 10 0 0 0 0 0 0 0 0 0 0 0 0 0 0 7 0 2 2 57 53 108 248 255 204 6 0 0 4 1 0 0 0 0 0 0 0 0 0 0 0 0 2 0 6 0 4 4 62 246 247 255 47 8 9 0 2 0 0 0 0 0 0 0 0 0 0 0 0 0 1 13 0 8 0 3 83 247 255 184 16 0 0 0 0 8 0 0 0 0 0 0 0 0 0 0 0 0 0 1 0 0 10 159 225 248 171 59 0 0 0 4 0 3 0 0 0 0 0 0 0 0 0 0 0 0 0 11 2 7 148 253 251 231 38 0 2 0 5 6 0 0 0 0 0 0 0 0 0 0 0 0 0 0 0 0 0 83 252 252 242 28 0 0 10 0 6 0 4 2 0 0 0 0 0 0 0 0 0 0 0 0 0 48 229 231 247 211 142 3 3 12 0 0 14 0 0 6 0 0 0 0 0 0 0 0 0 0 0 0 53 233 225 255 219 34 7 0 1 0 0 0 14 0 0 0 0 0 0 0 0 0 0 0 0 0 0 0 162 255 255 255 54 0 0 3 3 0 8 2 0 7 6 0 0 0 0 0 4 0 1 3 0 0 4 23 201 255 231 102 0 0 5 0 0 0 0 0 0 0 0 0 0 0 0 0 0 0 0 4 3 1 11 27 255 161 47 0 3 12 6 0 0 0 0 0 0 0 0 0 0 0 0 0 3 0 0 2 1 0 1 10 1 0 0 1 0 0 0 5 0 0 0 0 0 0 0 0 0 0 0 0 4 0 0 0 0 0 0 0 3 14 9 0 0 14 10 0 0 0 0 0 0 0 0 0 0 0 0 0
0 0 0 0 0 0 0 0 0 3 7 3 0 0 0 4 5 1 4 4 0 0 4 2 0 0 0 0 0 0 0 0 0 0 0 0 0 0 0 0 4 14 9 0 0 0 0 0 1 2 0 0 0 0 0 0 0 0 0 0 0 0 0 0 5 0 0 4 4 0 0 3 0 8 7 0 0 0 2 22 0 0 0 0 0 0 0 0 0 0 0 0 1 1 3 4 0 0 0 5 0 0 0 0 15 10 0 0 0 0 0 0 0 0 0 0 0 0 0 0 0 7 4 0 0 19 12 0 9 8 2 1 5 4 0 1 0 0 0 0 0 0 0 0 0 0 0 0 2 0 0 0 0 0 0 5 0 0 0 0 0 0 9 7 0 0 0 0 0 0 0 0 0 0 0 0 7 0 0 9 3 5 58 126 255 188 120 55 0 0 5 0 0 0 0 0 0 0 0 0 0 0 0 0 0 5 1 0 25 116 209 255 246 252 255 214 68 0 3 0 0 0 0 0 0 0 0 0 0 0 0 0 9 0 5 40 207 255 215 168 75 199 252 255 74 0 9 4 0 0 0 0 0 0 0 0 0 0 0 0 0 8 31 197 255 199 8 0 5 0 117 255 121 0 0 0 0 0 0 0 0 0 0 0 0 0 0 0 0 5 141 255 247 55 0 17 0 0 55 255 66 0 23 0 0 0 0 0 0 0 0 0 0 0 0 0 10 141 233 255 61 15 7 0 0 101 255 229 13 0 9 0 0 0 0 0 0 0 0 0 0 0 0 0 0 208 254 248 10 13 0 21 58 229 255 160 0 0 1 1 0 0 0 0 0 0 0 0 0 0 0 0 1 132 255 253 141 55 98 132 233 246 247 0 19 0 0 6 0 0 0 0 0 0 0 0 0 0 0 0 0 57 197 255 255 248 255 255 255 255 141 5 6 0 0 0 0 0 0 0 0 0 0 0 0 0 0 0 4 0 43 139 181 129 121 246 254 167 8 0 3 7 0 0 0 0 0 0 0 0 0 0 0 0 0 0 11 0 4 5 0 0 89 255 246 102 6 0 0 0 2 0 0 0 0 0 0 0 0 0 0 0 0 0 0 12 0 0 6 92 233 251 126 32 0 0 0 0 3 1 0 0 0 0 0 0 0 0 0 0 0 0 6 9 1 0 0 193 255 246 31 0 0 8 2 0 0 0 0 0 0 0 0 0 0 0 0 0 0 0 0 0 10 0 107 255 233 123 9 0 4 12 0 0 0 0 0 0 0 0 0 0 0 0 0 0 0 0 0 0 0 2 251 255 202 0 3 0 2 1 0 0 3 0 0 0 0 0 0 0 0 0 0 0 0 0 10 0 15 98 255 227 104 3 0 0 0 0 0 5 2 0 0 0 0 0 0 0 0 0 0 0 0 0 6 0 93 243 240 138 0 11 0 5 1 0 2 3 0 0 0 0 0 0 0 0 0 0 0 0 0 0 6 0 143 255 196 20 13 0 0 5 2 0 0 0 0 3 0 0 0 0 0 0 0 0 0 0 0 0 0 5 222 248 71 2 0 1 0 0 0 0 0 0 0 0 0 0 0 0 0 0 0 0 0 0 0 0 0 8 176 255 0 0 0 0 0 0 0 0 0 0 0 0 0 0 0 0 0 0 0 0 0 0 0 0 4 2 0 6 0 21 0 4 0 0 0 0 0 0 0 0 0 0 0 0 0 0 0 0 0 0 0 0 1 4 4 0 10 0 6 14 0 0 0 0 0 0 0 0 0 0 0 0
0 0 0 0 0 0 0 0 0 0 1 2 0 0 0 0 4 5 2 0 0 0 5 10 0 0 0 0 0 0 0 0 0 0 0 0 10 6 1 0 0 1 3 4 0 0 0 3 8 6 0 0 0 0 0 0 0 0 0 0 0 0 0 0 0 0 0 0 1 1 0 0 8 8 6 1 0 0 0 6 0 0 0 0 0 0 0 0 0 0 0 0 0 0 0 2 5 5 4 3 0 0 0 2 0 0 0 6 0 0 0 0 0 0 0 0 0 0 0 0 9 8 4 0 0 0 0 1 15 4 0 1 5 2 0 0 0 0 0 0 0 0 0 0 0 0 0 0 0 0 1 4 4 4 5 7 0 0 0 3 0 0 0 7 0 0 0 0 0 0 0 0 0 0 0 0 8 3 0 0 1 2 0 0 9 1 0 6 8 0 0 2 0 0 0 0 0 0 0 0 0 0 0 0 0 0 4 44 110 179 231 255 241 144 36 0 0 8 5 0 0 0 0 0 0 19 0 3 6 0 0 8 3 6 79 221 251 254 242 225 243 239 220 23 0 0 0 0 0 0 0 0 0 7 0 3 0 9 0 0 16 162 255 255 155 87 11 0 79 255 243 39 14 0 11 0 0 0 0 0 0 0 3 2 0 11 0 26 205 255 196 74 2 0 0 17 0 178 253 45 0 0 0 0 0 0 0 0 2 0 6 0 0 2 3 128 255 240 96 6 0 3 8 0 5 164 255 46 0 5 0 3 0 0 0 0 0 0 4 0 3 0 20 243 237 86 0 0 11 0 0 16 38 254 255 31 10 0 5 0 0 0 0 0 0 1 2 0 10 0 30 255 241 40 19 0 0 17 13 85 169 255 252 30 4 0 0 0 0 0 0 0 0 2 2 0 2 3 18 165 255 234 255 176 154 238 255 249 248 246 249 43 0 11 2 7 0 0 0 0 2 1 3 0 0 6 0 49 171 214 255 255 255 247 231 141 147 245 218 23 1 0 6 0 0 0 0 0 0 0 0 0 0 0 0 0 0 14 48 53 68 59 15 1 120 255 149 0 1 1 0 5 0 0 0 0 0 0 0 0 0 0 0 0 0 0 17 3 0 1 1 45 230 254 35 21 0 0 5 0 0 0 0 0 0 0 0 0 0 0 0 0 6 0 5 0 0 0 2 82 255 255 0 7 0 9 0 2 0 0 0 0 0 0 0 0 0 0 0 0 7 0 0 0 4 3 1 113 245 215 9 0 8 11 0 13 0 0 0 0 0 0 0 0 0 0 0 0 0 0 0 0 0 0 3 167 255 145 5 3 5 0 0 0 0 0 0 0 0 0 0 0 0 0 0 0 6 1 0 2 4 3 0 182 255 165 0 2 0 0 10 0 0 0 0 0 0 0 0 0 0 0 0 0 3 0 0 0 4 7 0 183 243 158 9 0 0 4 0 7 0 0 0 0 0 0 0 0 0 0 0 0 0 5 3 0 0 6 12 239 255 57 0 0 8 9 0 5 0 0 0 0 0 0 0 0 0 0 0 0 0 4 0 4 10 0 64 248 211 0 4 0 1 2 5 0 0 0 0 0 0 0 0 0 0 0 0 0 0 3 1 6 6 0 90 255 217 14 0 0 5 0 3 4 0 0 0 0 0 0 0 0 0 0 0 0 7 8 0 0 0 16 117 247 126 2 0 2 13 0 4 0 0 0 0 0 0 0 0 0 0 0 0 0 0 0 10 15 4 0 0 0 10 0 4 1 6 0 11 0 0 0 0 0
0 0 0 0 0 0 0 0 7 0 0 0 0 2 3 0 5 1 0 0 14 0 0 0 0 0 0 0 0 0 0 0 0 0 0 0 0 0 0 4 4 0 0 8 0 0 5 12 7 0 0 1 0 0 0 0 0 0 0 0 0 0 0 0 0 11 10 1 0 0 0 0 8 4 4 0 0 3 14 0 0 0 0 0 0 0 0 0 0 0 0 0 0 1 0 0 0 1 0 2 0 0 6 0 5 3 5 0 0 0 0 0 0 0 0 0 0 0 0 0 14 3 0 2 6 0 0 8 4 0 0 0 20 0 0 20 0 0 0 0 0 0 0 0 0 0 0 0 0 3 8 0 0 11 11 0 0 9 9 0 10 6 3 0 0 0 0 0 0 0 0 0 0 0 0 0 0 0 4 14 52 162 255 255 255 241 171 76 0 2 13 0 0 0 0 0 0 0 0 0 0 0 0 0 9 9 117 238 255 246 255 246 255 253 255 238 35 0 0 5 0 0 0 0 0 6 0 0 0 2 0 9 60 154 255 254 180 103 40 20 45 105 185 209 83 0 0 13 0 0 0 0 0 0 0 3 10 13 0 76 242 236 143 22 5 20 0 0 4 0 25 29 0 8 9 0 0 0 0 0 0 9 2 6 0 0 58 248 245 100 9 0 0 0 0 10 12 0 0 18 1 3 0 4 0 0 0 0 6 5 0 1 2 2 125 252 85 0 0 11 2 5 7 0 5 4 37 212 109 2 9 0 0 0 0 0 1 1 0 0 8 4 205 196 0 10 10 0 0 10 0 0 0 8 47 250 207 13 0 6 0 0 0 0 0 4 11 0 0 0 243 128 2 0 2 9 7 0 0 2 0 0 138 255 173 0 1 7 0 0 0 0 3 0 0 0 3 1 213 25 10 0 1 0 0 0 6 13 12 103 231 255 138 0 0 8 0 0 0 0 0 0 7 0 0 16 238 93 0 4 2 0 12 0 11 95 182 255 252 246 55 0 11 0 0 0 0 0 5 0 7 0 1 0 236 234 120 82 78 80 94 182 255 249 255 202 183 253 56 9 0 9 0 0 0 0 0 0 9 8 0 0 169 255 255 245 255 255 252 253 230 169 65 28 128 251 43 6 7 3 0 0 0 0 11 0 0 2 0 0 19 109 188 188 194 178 131 84 38 0 5 0 151 255 54 0 6 0 0 0 0 0 4 0 0 0 6 13 0 0 0 2 4 1 0 0 0 5 5 8 183 252 75 1 0 2 0 0 0 0 0 1 5 0 0 8 14 0 5 0 0 0 12 7 0 0 0 1 205 249 73 0 0 8 0 0 0 0 5 0 2 0 0 0 13 0 0 0 0 0 10 5 0 0 7 0 231 255 47 0 0 0 0 0 0 0 3 0 0 5 14 0 9 0 0 3 5 0 0 0 2 10 1 0 220 248 61 19 4 0 0 0 0 0 0 6 3 0 0 5 0 4 0 0 2 0 0 3 4 0 0 14 219 253 128 82 4 1 0 0 0 0 0 0 0 0 0 0 0 0 0 0 0 0 0 0 0 0 2 0 193 255 251 107 8 0 0 0 0 0 0 0 0 0 0 0 0 0 0 0 0 0 0 0 0 0 0 21 184 191 127 12 0 15 0 0 0 0 0 0 0 0 0 0 0 0 0 0 0 0 0 0 0 0 9 0 10 6 6 0 0 0 0 0 0 0 0 0 0 0 0 0 0 0 0 0 0 0 0 0 0 0 0 2 12 10 0 0 9 7 0 0 0 0
0 0 0 0 0 0 0 0 0 0 5 0 0 14 0 0 0 0 1 0 8 0 8 0 0 0 0 0 0 0 0 0 0 0 0 0 6 7 0 12 4 0 7 1 0 0 10 12 5 0 0 0 0 0 0 0 0 0 0 0 0 0 0 0 0 5 4 0 0 6 17 0 7 0 0 0 0 0 3 2 0 0 0 0 0 0 0 0 0 0 0 0 18 0 2 2 6 0 0 16 0 0 10 3 0 10 4 0 0 0 0 0 0 0 0 0 0 0 0 0 0 13 0 0 7 0 0 1 0 2 10 0 0 4 0 2 0 0 0 0 0 0 0 0 0 0 0 0 26 0 19 19 143 255 110 0 10 0 0 12 71 80 5 1 0 0 0 0 0 0 0 0 0 0 0 0 0 6 27 191 255 252 244 55 0 0 5 145 230 206 10 0 0 0 0 0 0 0 0 0 0 0 0 0 3 6 98 245 245 249 255 87 0 9 20 213 255 225 0 10 0 0 0 0 0 8 0 7 4 2 3 0 47 179 226 234 25 108 250 215 7 0 56 255 251 222 0 4 0 0 0 0 0 5 12 7 0 0 6 2 135 255 209 97 0 43 255 241 58 0 108 255 234 238 1 0 0 0 0 0 10 0 0 0 10 12 0 49 235 218 25 0 23 8 91 253 179 16 185 254 255 176 4 0 0 0 0 0 0 0 12 3 0 0 2 205 208 64 0 1 0 0 0 205 252 96 241 250 252 66 0 6 0 0 0 0 3 0 0 6 0 8 118 255 127 0 14 0 0 18 7 184 250 224 255 255 188 4 0 10 0 0 0 0 0 1 0 16 0 37 241 206 15 0 11 8 0 0 16 210 255 255 251 253 202 0 0 0 0 0 0 0 17 0 0 0 10 172 237 53 15 0 0 11 3 139 250 255 188 221 255 245 212 0 2 0 0 0 0 0 0 1 12 10 6 253 139 0 31 85 200 239 255 254 255 103 33 151 255 244 139 5 0 9 0 0 0 0 0 3 6 0 191 240 242 181 213 255 255 254 255 182 50 0 2 186 253 252 54 0 11 0 0 0 0 0 6 0 0 11 203 255 255 234 255 255 218 124 55 1 0 12 7 215 255 253 85 2 4 3 0 0 0 0 1 0 0 9 122 180 239 255 217 166 77 13 5 10 3 0 2 236 255 246 109 10 0 4 0 0 0 0 0 3 9 0 0 0 22 50 8 8 5 0 0 0 2 1 0 238 255 245 110 5 0 1 0 0 0 0 0 2 2 6 0 0 0 0 3 0 0 3 4 12 10 0 0 233 255 255 101 0 1 2 0 0 0 0 10 9 0 0 0 9 2 0 5 4 8 2 0 0 0 0 0 228 254 255 96 0 10 0 0 0 0 0 0 0 0 9 8 6 0 0 0 0 0 2 3 2 3 5 0 234 248 255 104 0 6 0 0 0 0 0 6 5 0 0 5 0 0 11 4 4 0 0 2 0 0 0 0 247 247 253 119 6 2 0 0 0 0 0 0 0 0 0 0 0 0 0 0 0 0 0 0 0 0 0 5 194 242 255 178 11 1 1 0 0 0 0 0 0 0 0 0 0 0 0 0 0 0 0 0 0 0 0 0 27 0 2 18 0 0 0 0 0 0 0 0 0 0 0 0 0 0 0 0 0 0 0 0 0 0 0 0 0 0 0 0 1 0 11 0 0 0 0 0 0 0 0 0 0 0 0 0 0 0 0 0 0 0 0 0 0 10 2 0 6 0 0 0 0 0 0
0 0 0 0 0 0 0 0 0 0 3 0 0 0 2 0 10 0 0 10 2 0 0 9 0 0 0 0 0 0 0 0 0 0 0 0 1 17 0 0 15 5 0 7 0 0 0 0 5 8 0 0 0 0 0 0 0 0 0 0 0 0 0 0 0 0 0 0 0 4 3 0 7 14 6 0 0 0 0 5 0 0 0 0 0 0 0 0 0 0 0 0 26 0 0 16 0 0 13 6 0 0 0 1 7 0 0 6 0 0 0 0 0 0 0 0 0 0 0 0 0 12 3 0 3 2 6 0 9 5 0 0 4 8 1 0 0 0 0 0 0 0 0 0 0 0 0 0 17 0 0 10 7 0 10 0 0 1 7 0 0 1 12 0 0 0 0 0 0 0 0 0 0 0 0 0 0 7 2 5 37 160 239 137 10 0 0 13 0 0 8 0 0 0 0 0 0 0 0 0 0 0 0 0 9 0 6 140 240 255 255 240 208 58 0 7 0 0 4 2 0 0 0 0 0 0 0 0 0 0 0 0 0 20 139 250 248 228 142 227 248 138 0 14 92 0 5 6 0 0 0 0 0 0 0 0 0 0 0 0 1 0 219 255 173 41 0 43 170 255 158 247 228 9 0 0 0 0 0 0 0 0 0 0 0 0 0 0 11 82 251 238 57 0 9 0 6 116 253 232 127 10 0 10 0 0 0 0 0 0 0 0 0 0 0 0 0 207 255 137 0 9 0 13 98 255 248 231 17 0 8 0 0 0 0 0 0 0 0 0 0 0 0 0 0 238 255 25 10 0 0 87 247 230 255 183 0 15 5 0 0 0 0 0 0 0 0 0 0 0 0 0 92 237 175 4 7 23 195 240 255 249 189 26 22 0 0 0 0 0 0 0 0 0 0 0 0 0 0 0 78 244 228 225 194 199 255 240 248 254 70 0 0 1 10 0 0 0 0 0 0 0 0 0 0 0 0 0 3 190 255 236 255 236 84 213 251 225 15 7 7 0 0 3 0 0 0 0 0 0 0 0 0 0 0 0 0 25 110 187 87 50 46 238 251 68 9 6 0 3 0 2 0 0 0 0 0 0 0 0 0 0 0 0 7 0 0 8 5 0 183 246 164 30 0 2 0 4 0 3 0 0 0 0 0 0 0 0 0 0 0 0 0 0 4 4 0 82 255 236 60 0 0 0 0 6 0 3 0 0 0 0 0 0 0 0 0 0 0 0 13 0 0 0 6 164 254 185 4 0 2 0 0 6 0 0 0 0 0 0 0 0 0 0 0 0 0 0 0 8 2 12 169 254 245 51 0 0 7 0 0 5 0 0 0 0 0 0 0 0 0 0 0 0 0 0 0 0 0 0 203 255 161 0 2 4 4 0 0 1 2 0 0 0 0 0 0 0 0 0 0 0 0 0 4 2 10 21 208 244 51 5 5 0 0 3 0 0 5 0 0 0 0 0 0 0 0 0 0 0 0 0 0 4 0 85 255 169 11 0 4 0 0 11 0 0 5 0 0 0 0 0 0 0 0 0 0 0 0 0 0 4 5 74 255 169 0 11 0 0 0 0 0 0 0 0 0 0 0 0 0 0 0 0 0 0 0 0 23 0 0 7 187 111 13 0 0 0 0 0 0 0 0 0 0 0 0 0 0 0 0 0 0 0 0 0 0 0 7 0 19 7 0 3 0 0 0 0 0 0 0 0 0 0 0 0 0 0 0 0 0 0 0 0 0 8 4 8 0 0 0 4 0 0 0 0 0 0 0 0 0 0 0 0
0 0 0 0 0 0 0 0 0 0 3 4 0 0 0 1 0 0 4 0 0 5 2 0 0 0 0 0 0 0 0 0 0 0 0 0 0 0 0 0 4 12 11 4 3 4 4 0 0 0 2 10 0 0 0 0 0 0 0 0 0 0 0 0 0 9 9 0 0 0 0 0 0 0 0 3 2 0 0 5 0 0 0 0 0 0 0 0 0 0 0 0 0 0 1 1 0 2 7 12 4 1 0 1 5 5 0 0 0 0 0 0 0 0 0 0 0 0 0 0 9 0 0 0 5 0 0 0 4 9 6 0 0 0 2 0 0 0 0 0 0 0 0 0 0 0 0 0 0 0 0 5 1 0 0 7 0 0 5 2 0 0 1 4 0 0 0 0 0 0 0 0 0 0 0 0 0 2 3 0 0 6 2 0 22 3 0 5 9 0 0 3 0 0 0 0 0 0 0 0 0 0 0 0 2 5 13 54 144 224 224 179 126 48 0 0 9 0 0 4 0 0 0 0 5 0 5 2 0 9 0 0 0 30 165 243 255 244 253 255 241 255 145 4 0 0 0 2 0 0 0 0 0 0 13 0 0 0 3 10 53 177 236 252 246 255 235 248 255 255 245 222 55 6 0 0 0 0 0 0 0 0 7 0 0 7 0 0 214 241 255 255 147 74 56 153 252 211 255 255 233 55 0 0 0 0 0 0 2 0 0 0 8 10 0 15 235 255 232 72 0 0 8 0 0 104 184 255 255 178 18 0 0 0 0 0 3 0 2 1 0 0 15 81 234 255 193 5 8 0 7 8 3 0 32 236 232 255 85 7 0 0 0 0 6 0 0 0 2 0 4 73 254 255 229 92 21 0 0 3 75 186 172 94 205 194 48 0 0 0 0 0 4 0 0 0 11 2 0 29 238 234 255 255 215 229 225 226 248 255 229 44 23 22 16 0 0 0 0 0 0 7 6 0 1 4 1 40 110 179 238 255 247 255 243 255 255 240 193 10 0 0 0 1 0 0 0 0 0 1 2 0 0 1 9 16 0 15 53 87 185 188 233 253 254 246 63 0 5 0 0 5 0 0 0 0 0 1 2 0 0 0 4 9 8 0 0 0 0 20 201 255 255 126 14 2 0 8 5 0 0 0 0 0 0 1 2 0 0 0 0 1 5 11 0 6 4 164 255 238 183 18 0 8 0 0 0 1 0 0 0 0 0 0 1 0 0 0 0 0 0 0 0 10 118 255 255 242 52 0 12 0 4 0 0 14 0 0 0 0 0 0 1 1 0 0 0 0 9 3 13 0 219 254 247 150 0 1 6 0 14 5 0 0 0 0 0 0 0 0 0 1 1 1 1 1 0 0 0 64 253 252 213 0 0 3 0 1 2 0 10 0 0 0 0 0 0 0 0 0 0 1 1 0 4 3 12 221 251 248 137 13 0 3 0 13 0 0 5 3 0 0 0 0 1 0 0 0 0 0 0 0 0 4 63 254 233 255 67 0 0 7 0 0 3 12 0 3 0 0 0 0 0 0 0 0 0 0 0 0 0 8 132 241 248 162 0 0 0 0 0 0 0 0 0 0 0 0 0 0 0 0 0 0 0 0 0 0 0 38 224 255 238 108 9 0 0 0 0 0 0 0 0 0 0 0 0 0 0 0 0 0 0 0 0 0 17 0 120 241 166 27 0 18 0 0 0 0 0 0 0 0 0 0 0 0 0 0 0 0 0 0 0 0 0 4 0 5 0 2 10 0 0 0 0 0 0 0 0 0 0 0 0 0
0 0 0 0 0 0 0 0 5 1 3 2 0 2 7 2 0 3 0 7 4 0 12 0 0 0 0 0 0 0 0 0 0 0 0 0 0 0 0 0 3 7 0 0 3 9 0 3 0 0 5 6 0 0 0 0 0 0 0 0 0 0 0 0 0 5 9 12 12 0 0 4 0 1 0 3 6 0 0 7 0 0 0 0 0 0 0 0 0 0 0 0 0 0 0 0 0 6 14 0 0 2 0 0 9 2 0 0 0 0 0 0 0 0 0 0 0 0 0 0 11 0 3 28 5 0 0 0 5 8 6 0 0 0 0 3 0 0 0 0 0 0 0 0 0 0 0 0 0 0 0 0 0 6 6 0 0 0 9 5 0 0 0 2 0 0 0 0 0 0 0 0 0 0 0 0 0 30 0 0 140 250 243 219 41 0 0 11 0 3 1 0 0 0 0 0 0 0 0 0 0 0 0 0 0 0 0 125 254 156 85 215 143 18 0 0 0 7 6 0 0 0 0 0 0 0 0 0 0 0 0 0 1 6 49 245 211 8 0 17 181 5 0 9 0 4 0 4 0 0 0 0 0 0 0 0 0 0 0 0 0 6 153 224 64 4 5 4 66 88 4 0 0 4 8 0 0 0 0 0 0 0 0 0 0 0 0 0 0 3 228 100 0 0 0 0 185 240 27 0 1 0 4 1 0 0 0 0 0 0 0 0 0 0 0 0 9 26 238 13 10 1 0 4 195 206 0 0 0 9 0 0 0 0 0 0 0 0 0 0 0 0 0 0 12 94 246 30 0 9 0 6 192 219 14 16 0 9 0 0 0 0 0 0 0 0 0 0 0 0 0 0 0 146 255 20 0 3 0 1 200 202 0 0 0 0 7 15 0 0 0 0 0 0 0 0 0 0 0 0 0 107 253 42 11 0 0 52 250 131 0 10 18 0 0 0 0 0 0 0 0 0 0 0 0 0 0 0 12 28 238 148 0 9 11 138 255 36 6 3 0 8 9 0 0 0 0 0 0 0 0 0 0 0 0 0 3 0 173 234 37 1 36 255 255 54 2 0 0 0 0 3 0 0 0 0 0 0 0 0 0 0 0 0 0 17 58 231 219 103 218 255 252 51 2 0 2 1 0 0 0 0 0 0 0 0 0 0 0 0 0 0 19 0 0 86 223 247 245 244 241 43 0 0 4 2 0 0 0 0 0 0 0 0 0 0 0 0 0 0 0 10 20 0 0 34 36 170 233 35 0 0 2 3 0 2 0 0 0 0 0 0 0 0 0 0 0 0 1 14 0 4 0 0 0 183 241 41 0 0 0 1 0 4 0 0 0 0 0 0 0 0 0 0 0 0 6 0 9 1 14 9 0 178 255 53 3 0 1 1 0 2 0 0 0 0 0 0 0 0 0 0 0 0 0 9 6 0 10 0 11 133 255 56 6 2 2 0 0 0 0 0 0 0 0 0 0 0 0 0 0 0 7 0 0 0 3 2 0 107 252 51 3 1 3 1 0 0 0 0 0 0 0 0 0 0 0 0 0 0 0 0 2 5 0 0 14 39 252 82 0 4 1 0 7 0 0 0 0 0 0 0 0 0 0 0 0 0 3 0 0 2 0 0 3 17 220 99 20 5 0 0 7 0 0 0 0 0 0 0 0 0 0 0 0 0 6 0 0 1 3 0 0 0 9 0 0 0 0 8 8 0 0 0 0 0 0 0 0 0 0 0 0 0 4 0 0 2 5 2 0 0 0 6 11 6 5 5 0 0 0 0 0 0
0 0 0 0 0 0 0 0 0 0 0 3 4 0 0 2 6 2 0 0 1 0 0 2 0 0 0 0 0 0 0 0 0 0 0 0 0 6 8 0 0 8 8 0 0 1 6 5 6 0 0 1 0 0 0 0 0 0 0 0 0 0 0 0 5 0 0 0 0 0 0 2 4 7 0 0 0 0 0 5 0 0 0 0 0 0 0 0 0 0 0 0 11 0 0 5 7 0 0 7 0 0 0 0 6 0 0 0 0 0 0 0 0 0 0 0 0 0 0 0 0 2 4 0 0 4 0 0 0 2 4 4 2 0 0 14 0 0 0 0 0 0 0 0 0 0 0 0 0 0 2 1 0 0 1 13 0 3 0 0 6 8 0 0 0 0 0 0 0 0 0 0 0 0 0 0 8 0 0 4 0 8 65 135 255 238 142 25 0 0 4 0 0 0 0 0 0 0 0 0 0 0 0 0 0 4 3 0 1 69 180 255 239 255 233 94 3 0 9 0 0 0 0 0 0 0 0 0 0 0 0 0 0 3 1 0 8 213 247 255 254 255 255 96 0 12 0 7 0 0 0 0 0 0 0 0 0 0 0 0 0 3 2 0 156 255 255 247 250 255 245 205 17 0 0 3 0 0 0 0 0 0 0 0 0 0 0 0 2 0 0 83 238 253 123 186 252 253 255 251 28 0 0 4 0 0 0 0 0 0 0 0 0 0 0 0 0 1 6 202 245 172 50 179 255 250 255 151 10 6 0 4 0 0 0 0 0 0 0 0 0 0 0 0 0 6 71 254 255 148 185 247 255 255 196 24 0 8 0 0 0 0 0 0 0 0 0 0 0 0 0 0 3 0 183 255 255 240 255 255 255 240 85 0 0 3 0 1 0 0 0 0 0 0 0 0 0 0 0 0 7 0 223 253 245 255 248 244 249 148 8 3 5 0 5 0 0 0 0 0 0 0 0 0 0 0 0 0 0 18 178 247 255 210 255 255 231 41 0 4 0 0 3 0 0 0 0 0 0 0 0 0 0 0 0 0 2 1 77 175 74 208 243 255 126 19 0 6 0 0 9 0 0 0 0 0 0 0 0 0 0 0 0 0 1 0 0 9 99 247 255 192 30 0 0 14 0 0 5 0 0 0 0 0 0 0 0 0 0 0 0 0 6 0 8 0 193 253 237 55 0 0 3 5 0 0 4 2 0 0 0 0 0 0 0 0 0 0 0 0 0 12 0 152 244 255 119 0 5 8 1 0 0 2 2 2 0 0 0 0 0 0 0 0 0 0 0 0 0 9 0 181 255 175 24 6 0 0 0 0 13 9 0 0 0 0 0 0 0 0 0 0 0 0 0 0 0 13 38 250 240 104 0 13 0 0 0 2 9 0 0 4 0 0 0 0 0 0 0 0 0 0 0 0 2 0 164 255 243 23 6 0 6 3 1 0 0 0 0 7 0 0 0 0 0 0 0 0 0 0 0 0 0 7 182 251 234 12 2 3 0 0 1 1 0 3 4 0 0 0 0 0 0 0 0 0 0 0 0 0 4 0 197 255 241 72 5 0 0 0 0 0 0 0 0 0 0 0 0 0 0 0 0 0 0 0 0 0 0 16 24 236 127 21 0 11 0 0 0 0 0 0 0 0 0 0 0 0 0 0 0 0 0 0 0 0 0 4 4 12 0 0 6 0 0 0 0 0 0 0 0 0 0 0 0 0 0 0 0 0 0 0 0 0 4 0 22 0 0 14 0 6 0 0 0 0 0 0 0 0 0 0 0 0
0 0 0 0 0 0 0 0 11 0 0 6 0 0 1 5 0 8 1 0 0 0 1 0 0 0 0 0 0 0 0 0 0 0 0 0 0 0 3 0 0 6 4 0 2 0 0 0 5 0 1 6 0 0 0 0 0 0 0 0 0 0 0 0 10 1 0 2 0 0 0 4 8 0 6 8 0 0 13 0 0 0 0 0 0 0 0 0 0 0 0 0 0 7 9 0 0 1 4 2 0 0 0 0 21 6 0 6 0 0 0 0 0 0 0 0 0 0 0 0 13 0 0 0 14 2 0 1 22 4 14 0 0 0 1 8 0 0 0 0 0 0 0 0 0 0 0 0 0 10 9 1 3 19 85 172 250 74 1 5 4 10 0 0 0 0 0 0 0 0 0 0 0 0 0 0 0 13 0 0 97 219 255 253 243 255 191 10 0 14 0 9 0 0 0 0 0 0 0 0 0 0 0 0 0 0 25 127 241 255 243 255 255 242 253 150 26 1 0 0 0 0 0 0 1 0 8 1 0 3 0 0 4 0 148 255 239 246 216 86 188 255 252 255 116 4 0 6 0 0 0 0 3 0 5 0 0 5 0 0 4 116 247 240 255 131 3 9 13 179 255 254 226 11 0 8 0 0 0 0 3 0 2 0 0 5 0 0 28 235 246 255 193 0 13 0 6 82 251 242 255 80 0 0 0 0 0 0 2 0 2 0 0 3 0 14 177 255 244 248 5 0 1 0 2 0 129 251 255 179 2 1 0 0 0 0 0 0 4 0 0 0 1 38 255 229 255 66 0 0 1 0 0 13 8 255 255 189 0 4 0 0 0 0 0 1 4 0 0 0 3 55 240 255 137 0 5 0 18 0 0 2 2 254 243 184 0 0 0 0 0 0 0 1 1 0 3 0 1 58 255 250 163 0 14 0 4 0 14 26 96 246 248 201 6 0 0 0 0 0 0 0 0 0 6 0 0 54 253 250 230 86 76 84 59 89 165 255 238 253 255 151 0 9 0 0 0 0 0 1 4 0 0 0 12 24 193 254 246 255 247 255 253 249 252 255 226 55 47 13 7 0 0 0 0 0 0 4 5 2 0 0 3 9 0 142 242 243 255 251 236 255 255 205 88 0 0 0 4 0 0 0 0 0 0 2 4 3 0 0 0 0 3 4 0 21 130 187 249 255 237 141 2 0 2 4 6 1 0 0 0 0 0 0 0 1 2 1 0 0 3 0 0 1 0 33 216 242 255 133 0 10 0 0 0 3 0 0 0 0 0 0 0 0 2 3 3 1 0 0 0 0 8 129 255 255 219 80 0 0 0 6 0 0 0 0 0 0 4 2 0 0 0 1 2 2 4 0 6 7 126 250 246 240 75 2 0 0 5 12 0 0 0 0 0 0 2 2 2 1 0 0 0 1 0 0 0 37 211 255 250 239 21 5 4 6 0 0 0 7 0 0 0 0 0 0 2 2 1 0 0 2 0 10 2 75 252 252 251 119 4 10 0 10 1 0 3 0 0 0 0 0 0 0 0 0 0 0 0 0 0 6 0 14 199 243 146 4 0 0 0 0 0 0 0 0 0 0 0 0 0 0 0 0 0 0 0 0 0 7 5 0 10 0 0 1 0 0 0 0 0 0 0 0 0 0 0 0 0 0 0 0 0 0 0 0 8 3 0 6 16 0 0 6 0 0 0 0 0 0 0 0 0 0 0 0 0 0 0 0 0 0 0 0 0 0 0 0 0 5 0 0 0 0 0 0 0 0 0 0 0 0 0 0
0 0 0 0 0 0 0 0 0 0 2 3 0 0 0 3 0 0 0 3 2 0 1 4 0 0 0 0 0 0 0 0 0 0 0 0 7 0 0 0 4 8 3 0 10 9 0 0 0 8 3 0 0 0 0 0 0 0 0 0 0 0 0 0 0 3 9 8 1 0 0 0 0 0 4 11 7 0 0 6 0 0 0 0 0 0 0 0 0 0 0 0 8 0 0 0 1 9 9 5 20 6 0 0 0 0 0 0 0 0 0 0 0 0 0 0 0 0 0 0 0 2 5 6 3 0 0 0 0 0 5 0 0 4 4 0 0 0 0 0 0 0 0 0 0 0 0 0 4 1 0 0 0 0 2 6 13 0 0 5 6 0 0 10 0 0 0 0 0 0 0 0 0 0 0 0 6 0 0 53 136 209 246 253 207 119 30 0 0 0 0 0 0 0 0 0 0 0 0 0 0 0 0 0 8 74 162 225 248 249 250 254 255 255 183 57 0 0 12 0 0 0 0 0 0 15 0 3 0 4 0 9 191 236 255 255 255 249 248 248 249 254 255 204 65 6 0 12 0 0 0 0 0 0 5 0 2 1 22 181 236 255 246 196 126 69 24 18 65 216 240 255 233 21 10 0 0 0 0 0 2 0 0 9 0 0 155 255 255 218 119 40 0 10 0 0 0 11 197 255 255 151 8 0 0 0 0 0 0 1 0 14 0 0 211 246 228 63 0 0 5 0 2 8 4 95 206 229 245 218 0 10 0 0 0 0 0 0 11 0 1 16 169 249 216 30 2 9 5 0 10 0 46 239 243 255 254 226 36 0 0 0 0 0 0 0 2 0 5 56 229 255 120 0 0 7 6 2 23 0 101 254 253 255 255 163 0 6 0 0 0 0 4 1 0 6 0 54 255 248 231 76 12 4 0 0 0 54 202 240 255 254 115 7 6 2 0 0 0 0 4 0 10 5 0 8 144 255 255 240 168 108 110 216 212 249 246 255 247 127 2 7 0 1 0 0 0 0 0 9 0 0 10 0 15 109 238 255 236 248 255 243 255 249 255 244 228 18 14 0 0 1 0 0 0 0 0 6 0 0 15 0 0 20 69 183 207 225 247 255 195 249 251 255 141 13 1 0 0 0 0 0 0 0 1 7 0 0 4 4 0 0 9 0 0 37 53 31 67 251 235 247 28 0 0 2 4 1 0 0 0 0 1 4 4 0 0 3 11 5 0 14 6 0 0 4 218 255 255 203 0 10 0 6 0 0 0 0 0 0 0 0 6 8 0 0 2 0 0 0 4 14 3 0 251 250 241 86 0 2 0 5 0 4 0 0 0 0 5 0 0 4 1 0 0 0 16 14 2 0 9 121 255 251 179 0 0 0 0 0 0 8 0 0 0 0 6 1 0 0 0 3 5 4 0 0 0 0 77 255 255 244 148 6 12 9 5 0 0 0 0 0 0 0 0 10 12 1 0 0 0 0 4 0 4 7 73 251 250 253 83 9 0 5 0 0 11 2 0 0 0 0 0 0 0 0 0 0 0 0 3 7 0 34 162 255 248 167 0 0 0 0 0 0 0 0 0 0 0 0 0 0 0 0 0 0 0 0 0 0 8 167 255 255 245 81 0 0 0 0 0 0 0 0 0 0 0 0 0 0 0 0 0 0 0 0 5 7 2 16 2 0 0 7 0 0 0 0 0 0 0 0 0 0 0 0 0 0 0 0 0 0 0 0 0 0 0 0 6 15 0 6 0 0 0 0 0 0 0 0 0 0 0 0
0 0 0 0 0 0 0 0 0 0 3 0 0 0 1 2 0 0 2 4 0 0 0 8 0 0 0 0 0 0 0 0 0 0 0 0 0 0 1 5 9 9 2 0 0 0 1 5 5 2 0 0 0 0 0 0 0 0 0 0 0 0 0 0 5 3 0 0 0 0 0 10 0 0 0 0 1 3 1 0 0 0 0 0 0 0 0 0 0 0 0 0 0 0 2 6 3 0 0 0 2 4 2 0 0 0 2 4 0 0 0 0 0 0 0 0 0 0 0 0 3 0 0 0 5 11 7 0 0 0 3 3 0 0 0 1 0 0 0 0 0 0 0 0 0 0 0 0 0 2 4 0 0 0 0 0 9 0 0 0 6 1 0 0 0 0 0 0 0 0 0 0 0 0 0 0 6 4 0 0 45 141 217 246 119 52 0 0 5 3 0 0 0 0 0 0 0 0 0 0 0 0 0 0 0 0 0 44 150 249 255 227 255 145 26 0 0 1 0 1 0 0 0 0 0 0 0 0 0 0 0 0 2 2 3 171 255 140 28 25 190 255 88 1 5 0 0 5 0 0 0 0 0 0 0 0 0 0 0 0 0 6 70 234 197 3 0 19 125 238 167 0 0 5 4 0 0 0 0 0 0 0 0 0 0 0 0 0 0 18 235 222 14 23 6 0 165 247 238 0 0 12 2 0 0 0 0 0 0 0 0 0 0 0 0 0 0 89 239 158 6 0 4 157 255 255 222 0 13 3 0 5 0 0 0 0 0 0 0 0 0 0 0 0 22 217 226 25 0 14 143 252 253 249 163 0 4 0 0 8 0 0 0 0 0 0 0 0 0 0 0 0 38 250 139 0 0 140 255 226 173 250 136 9 0 0 5 0 0 0 0 0 0 0 0 0 0 0 0 0 38 255 19 38 152 255 215 60 166 255 111 8 0 1 4 0 0 0 0 0 0 0 0 0 0 0 0 0 89 255 251 236 255 189 49 1 216 252 65 0 5 0 0 5 0 0 0 0 0 0 0 0 0 0 0 0 17 165 253 202 66 2 0 46 255 224 22 0 0 3 2 0 0 0 0 0 0 0 0 0 0 0 0 0 4 0 0 2 0 0 1 91 254 175 0 0 7 1 1 2 0 0 0 0 0 0 0 0 0 0 0 0 0 0 1 3 8 10 1 112 255 143 0 4 5 0 3 0 0 0 0 0 0 0 0 0 0 0 0 0 0 9 17 0 0 6 0 116 255 124 14 7 0 0 10 0 0 0 0 0 0 0 0 0 0 0 0 0 11 0 0 0 1 0 12 204 247 77 7 1 0 0 13 0 0 0 0 0 0 0 0 0 0 0 0 0 0 0 2 10 6 0 32 246 239 29 0 0 7 2 4 0 0 0 0 0 0 0 0 0 0 0 0 0 1 10 0 0 2 17 82 255 207 2 0 0 10 1 0 0 0 0 0 0 0 0 0 0 0 0 0 0 0 11 0 4 0 0 84 255 154 0 17 0 0 0 2 4 0 0 0 0 0 0 0 0 0 0 0 0 0 2 0 2 11 0 87 255 147 6 0 6 0 0 0 6 0 0 0 0 0 0 0 0 0 0 0 0 0 10 7 0 0 0 100 253 102 8 2 6 0 5 0 0 0 0 0 0 0 0 0 0 0 0 0 0 0 0 0 4 11 0 0 0 27 0 4 0 0 10 0 0 0 0 0 0 0 0 0 0 0 0 0 0 6 3 0 0 0 7 12 4 0 0 3 0 0 9 0 2 0 0 0 0
0 0 0 0 0 0 0 0 1 3 0 0 0 3 2 0 2 2 0 0 6 5 0 1 0 0 0 0 0 0 0 0 0 0 0 0 0 0 3 9 3 0 0 9 1 1 4 5 0 0 0 2 0 0 0 0 0 0 0 0 0 0 0 0 0 4 0 0 0 14 7 0 4 0 0 2 6 7 5 0 0 0 0 0 0 0 0 0 0 0 0 0 2 0 0 8 4 0 0 10 0 0 9 7 0 0 0 0 0 0 0 0 0 0 0 0 0 0 0 0 2 6 4 0 1 5 1 0 2 2 0 0 0 3 8 0 0 0 0 0 0 0 0 0 0 0 0 0 0 6 4 0 0 0 5 8 0 3 1 0 5 0 0 2 0 0 0 0 0 0 0 0 0 0 0 0 0 0 4 21 5 0 73 170 244 255 255 230 157 38 0 12 0 0 0 0 0 0 0 0 0 0 0 0 0 18 0 0 26 161 252 255 255 252 241 255 253 115 0 0 0 0 0 0 0 0 0 0 0 0 0 0 5 0 5 30 184 253 255 243 197 130 235 254 250 163 0 0 0 0 0 0 0 0 0 0 0 0 0 0 3 0 0 232 255 233 240 85 0 65 239 255 226 76 0 2 0 0 0 0 0 0 0 0 0 0 0 0 0 15 84 241 254 175 24 6 7 171 243 254 200 0 8 5 0 0 0 0 0 0 0 0 0 0 0 0 1 5 219 251 214 18 0 42 180 255 238 251 84 6 0 9 0 0 0 0 0 0 0 0 0 0 0 0 2 91 255 231 8 31 117 242 249 239 255 158 1 19 0 1 0 0 0 0 0 0 0 0 0 0 0 0 1 167 239 234 204 209 255 252 255 255 204 32 3 0 2 0 0 0 0 0 0 0 0 0 0 0 0 0 0 39 185 255 255 255 228 255 255 255 48 8 0 2 0 5 0 0 0 0 0 0 0 0 0 0 0 0 0 5 40 108 199 251 255 243 228 75 0 0 6 0 5 0 0 0 0 0 0 0 0 0 0 0 0 0 0 7 5 0 19 219 244 252 129 22 0 8 0 0 10 0 0 0 0 0 0 0 0 0 0 0 0 0 7 2 0 0 126 255 255 206 32 0 0 15 0 0 5 0 0 0 0 0 0 0 0 0 0 0 0 0 0 0 11 65 246 247 253 84 0 0 4 5 0 0 3 1 0 0 0 0 0 0 0 0 0 0 0 0 5 0 46 210 254 255 160 13 6 8 1 0 0 0 0 0 0 0 0 0 0 0 0 0 0 0 0 0 2 2 140 254 250 224 47 6 0 0 0 0 12 7 0 0 0 0 0 0 0 0 0 0 0 0 0 0 0 91 239 241 255 62 2 0 0 0 0 1 7 0 0 2 0 0 0 0 0 0 0 0 0 0 0 0 89 236 255 255 144 0 0 0 6 3 2 0 0 0 0 5 0 0 0 0 0 0 0 0 0 0 0 0 245 255 252 190 6 0 5 0 0 0 2 1 0 2 4 0 0 0 0 0 0 0 0 0 0 0 0 0 255 255 249 68 7 0 19 0 0 0 0 0 0 0 0 0 0 0 0 0 0 0 0 0 0 0 0 0 117 239 201 0 4 11 0 0 0 0 0 0 0 0 0 0 0 0 0 0 0 0 0 0 0 0 0 0 5 0 17 0 0 0 12 8 0 0 0 0 0 0 0 0 0 0 0 0 0 0 0 0 0 0 0 0 16 0 0 11 17 0 0 0 0 0 0 0 0 0 0 0 0 0 0 0
0 0 0 0 0 0 0 0 6 0 0 1 3 0 0 0 5 0 17 0 0 4 0 4 0 0 0 0 0 0 0 0 0 0 0 0 0 0 1 2 2 0 2 4 0 5 0 0 6 0 0 0 0 0 0 0 0 0 0 0 0 0 0 0 0 2 3 0 0 0 0 1 0 0 0 2 0 0 12 0 0 0 0 0 0 0 0 0 0 0 0 0 0 1 0 0 0 0 0 0 12 0 13 17 0 0 1 0 0 0 0 0 0 0 0 0 0 0 0 0 0 0 0 2 4 1 0 0 0 2 0 0 12 3 0 6 0 0 0 0 0 0 0 0 0 0 0 0 0 0 0 4 0 0 3 23 90 255 231 27 0 0 14 0 0 0 0 0 0 0 0 0 0 0 0 0 2 0 2 2 0 0 65 138 255 235 241 88 27 0 0 4 0 0 0 0 0 0 0 0 0 0 0 0 0 0 2 0 0 30 153 255 210 58 249 118 0 6 0 5 0 0 0 0 0 0 0 0 0 0 0 0 7 0 0 0 1 194 255 193 22 12 247 205 0 2 5 0 0 0 0 0 0 0 0 0 0 0 0 0 0 0 0 22 148 255 177 12 0 51 255 188 0 10 0 0 0 0 0 0 0 0 0 0 0 0 0 0 0 5 14 109 255 193 8 0 58 241 246 192 6 0 13 9 0 0 0 0 0 0 0 0 0 0 0 0 5 0 0 253 232 19 20 66 227 250 247 117 0 15 12 0 0 0 0 0 0 0 0 0 0 0 0 0 0 16 95 241 104 0 108 246 244 255 228 0 10 0 0 6 0 0 0 0 0 0 0 0 0 0 0 0 0 4 175 231 29 27 248 255 255 250 181 0 0 14 0 21 0 0 0 0 0 0 0 0 0 0 0 0 10 3 187 247 192 225 253 248 254 199 11 0 7 11 0 0 0 0 0 0 0 0 0 0 0 0 0 0 0 4 99 249 243 255 255 255 237 0 14 6 0 0 3 4 0 0 0 0 0 0 0 0 0 0 0 0 0 0 0 68 97 130 250 248 58 0 0 0 0 4 3 0 0 0 0 0 0 0 0 0 0 0 0 0 11 0 9 0 6 188 255 207 0 5 12 12 3 1 1 0 0 0 0 0 0 0 0 0 0 0 0 0 0 0 7 0 38 245 248 45 1 0 0 0 0 0 2 5 0 0 0 0 0 0 0 0 0 0 0 0 2 8 0 12 129 252 195 54 210 75 10 8 9 1 0 0 0 0 0 0 0 0 0 0 0 0 0 0 0 8 0 9 201 255 164 237 208 19 0 0 0 10 0 11 0 0 0 0 0 0 0 0 0 0 0 0 0 0 0 108 250 255 234 255 103 0 7 9 0 11 0 0 0 0 0 0 0 0 0 0 0 0 0 0 17 0 0 206 249 254 255 129 7 0 8 9 0 3 1 0 0 0 0 0 0 0 0 0 0 0 0 0 0 4 19 235 248 254 157 8 0 22 0 0 9 0 4 0 0 0 0 0 0 0 0 0 0 0 0 0 6 0 36 247 245 169 10 0 0 0 0 0 0 0 0 0 0 0 0 0 0 0 0 0 0 0 0 0 0 4 0 8 0 5 0 6 0 0 0 0 0 0 0 0 0 0 0 0 0 0 0 0 0 0 0 0 0 10 17 3 0 1 4 0 0 0 0 0 0 0 0 0 0 0 0 0 0 0 0 0 0 0 0 0 9 0 0 0 10 0 0 2 0 0 0 0 0 0 0 0 0 0 0 0
0 0 0 0 0 0 0 0 0 6 0 3 3 0 6 0 0 0 0 0 0 0 0 0 0 0 0 0 0 0 0 0 0 0 0 0 4 0 0 0 0 0 2 9 0 0 0 0 0 0 0 0 0 0 0 0 0 0 0 0 0 0 0 0 0 0 6 0 0 7 1 0 0 0 0 0 0 0 0 0 0 0 0 0 0 0 0 0 0 0 0 0 6 3 9 0 0 7 0 2 0 0 0 0 0 0 0 0 0 0 0 0 0 0 0 0 0 0 0 0 0 0 0 9 9 0 0 0 0 0 0 0 0 0 0 0 0 0 0 0 0 0 0 0 0 0 0 0 0 7 0 0 1 0 10 4 0 0 0 0 0 0 0 0 0 0 0 0 0 0 0 0 0 0 0 0 0 10 0 8 8 0 7 0 0 0 0 0 0 0 0 0 0 0 0 0 0 0 0 0 0 0 0 0 27 40 75 215 211 65 24 8 0 0 0 0 0 0 0 0 0 0 0 0 0 7 0 2 0 67 190 174 246 250 249 255 253 253 242 178 62 117 71 0 0 20 0 1 0 0 0 0 4 0 24 6 80 255 240 252 245 250 139 58 41 75 236 252 252 255 238 146 0 0 0 0 0 0 0 0 0 14 0 59 234 255 255 242 80 8 1 0 18 0 9 42 254 241 255 246 62 18 10 0 0 0 0 0 2 0 5 81 255 244 243 76 0 0 9 5 0 4 148 209 255 255 249 255 60 0 0 13 0 0 0 0 0 9 0 41 242 253 239 48 9 0 0 0 2 101 244 253 245 255 247 255 64 9 0 7 0 0 0 0 6 0 0 0 121 249 236 214 116 77 120 130 151 255 255 234 248 255 241 216 4 0 10 0 0 0 0 0 0 2 0 10 0 105 255 235 252 255 248 239 251 241 203 72 103 246 255 205 3 0 13 4 0 0 0 0 0 0 0 5 8 0 56 209 255 234 255 252 244 112 9 0 53 255 239 136 6 1 0 0 0 0 0 0 0 0 0 0 0 0 0 0 32 35 29 26 26 12 0 3 101 250 255 102 0 0 4 0 0 0 0 0 0 0 0 0 0 0 0 0 2 6 4 3 6 0 0 1 165 255 250 99 2 8 3 5 0 0 0 0 0 0 0 0 0 0 0 0 0 0 0 0 0 0 0 14 225 255 242 90 1 1 0 0 0 0 0 0 0 0 0 0 0 0 0 0 0 4 2 0 2 0 6 25 255 254 255 93 10 0 0 7 0 0 0 0 0 0 0 0 0 0 0 0 0 3 0 0 0 0 1 20 255 240 255 86 8 0 7 7 0 0 0 0 0 0 0 0 0 0 0 0 0 3 0 0 0 0 2 19 255 247 254 103 1 0 4 0 0 0 0 0 0 0 0 0 0 0 0 0 2 5 0 0 5 3 5 18 244 255 255 171 10 3 2 0 0 0 0 0 0 0 0 0 0 0 0 0 0 0 0 0 2 0 0 7 183 244 250 214 3 0 0 8 0 0 0 0 0 0 0 0 0 0 0 0 0 0 0 0 0 0 0 0 155 255 241 255 62 0 20 0 0 0 0 0 0 0 0 0 0 0 0 0 0 0 0 0 0 0 0 0 91 241 255 245 79 0 0 2 0 0 0 0 0 0 0 0 0 0 0 0 0 0 0 0 0 0 0 0 0 73 241 255 32 0 21 0 0 0 0 0 0 0 0 0 0 0 0 0 0 0 0 0 0 0 0 0 7 1 0 0 0 17 0 0 0 0 0 0
0 0 0 0 0 0 0 0 0 4 0 9 0 0 0 6 3 0 0 0 3 1 0 0 0 0 0 0 0 0 0 0 0 0 0 0 12 0 0 7 1 5 0 4 3 3 2 0 0 0 1 7 0 0 0 0 0 0 0 0 0 0 0 0 0 1 4 7 0 3 0 0 0 0 1 0 0 0 0 0 0 0 0 0 0 0 0 0 0 0 0 0 9 5 0 0 0 7 3 0 3 2 0 0 1 4 0 0 0 0 0 0 0 0 0 0 0 0 0 0 0 0 3 12 11 0 0 0 10 5 1 0 0 0 2 4 0 0 0 0 0 0 0 0 0 0 0 0 0 4 4 0 0 6 12 0 0 0 0 4 5 0 0 2 0 0 0 0 0 0 0 0 0 0 0 0 8 0 2 26 131 214 240 202 82 31 0 0 8 0 0 0 0 0 0 0 0 0 0 0 0 0 0 0 0 5 97 201 255 249 246 254 239 120 8 0 0 6 2 3 0 0 0 0 0 11 0 0 8 0 0 4 0 214 237 236 129 26 25 191 255 225 2 13 0 1 0 6 0 0 0 0 0 2 0 0 0 0 4 0 44 240 164 64 4 0 0 156 255 222 4 0 0 6 0 2 0 0 0 0 5 0 0 2 0 0 8 0 145 248 107 0 1 13 0 153 255 226 9 0 5 3 0 1 0 0 0 0 1 0 1 5 0 0 2 28 252 255 4 0 7 0 8 149 248 235 2 0 9 0 0 2 0 0 0 0 0 0 1 0 9 0 1 93 244 176 0 4 5 15 0 147 249 237 0 0 2 0 5 1 0 0 0 0 0 5 0 0 9 0 7 134 255 140 8 12 0 0 0 149 255 234 26 0 0 0 9 0 0 0 0 0 2 0 6 0 1 0 5 106 244 179 0 0 31 6 172 254 254 241 145 28 0 0 4 0 0 0 0 0 1 0 13 0 0 0 0 54 255 241 205 100 196 220 251 247 246 254 255 67 6 1 0 1 0 0 0 0 0 0 0 0 0 2 5 8 233 255 255 245 251 255 219 159 25 213 255 161 4 7 0 0 0 0 0 0 0 0 0 0 0 2 4 6 58 120 175 187 172 134 61 0 7 104 231 247 0 0 0 12 0 0 0 0 1 0 0 0 0 1 2 4 0 6 7 0 0 0 2 1 0 28 255 255 15 2 19 0 0 0 0 0 2 1 0 0 0 0 0 1 0 0 2 4 8 10 5 0 15 0 254 253 98 0 0 0 0 0 0 0 1 1 0 0 0 0 0 0 9 0 0 0 0 0 0 0 6 19 246 255 114 4 0 13 0 0 0 0 0 0 0 0 0 0 0 0 0 0 0 1 0 0 1 9 0 24 242 244 121 0 3 0 0 0 0 0 0 0 0 0 0 0 0 0 1 3 7 8 2 0 0 0 12 0 150 255 204 6 0 1 0 0 0 0 0 0 0 0 0 0 0 0 4 0 0 0 0 4 5 6 0 1 49 253 248 107 8 0 0 0 0 0 0 0 0 0 0 0 0 0 0 0 0 0 0 0 0 0 9 0 7 112 248 178 0 0 0 0 0 0 0 0 0 0 0 0 0 0 0 0 0 0 0 0 0 0 0 24 0 17 218 190 0 11 0 0 0 0 0 0 0 0 0 0 0 0 0 0 0 0 0 0 0 0 0 0 13 0 0 12 0 0 0 0 0 0 0 0 0 0 0 0 0 0 0 0 0 0 0 0 0 0 17 0 0 0 0 14 0 0 0 0 0 0
0 0 0 0 0 0 0 0 0 4 4 0 2 6 3 0 0 8 2 7 0 2 0 3 0 0 0 0 0 0 0 0 0 0 0 0 5 4 0 0 0 0 2 2 3 4 0 0 0 5 0 0 0 0 0 0 0 0 0 0 0 0 0 0 0 0 0 4 5 2 2 4 0 0 0 0 4 7 5 0 0 0 0 0 0 0 0 0 0 0 0 0 0 0 0 5 2 0 0 0 0 6 2 5 0 0 0 1 0 0 0 0 0 0 0 0 0 0 0 0 3 0 0 0 1 2 8 15 0 4 0 8 0 7 0 9 0 0 0 0 0 0 0 0 0 0 0 0 0 1 0 0 0 0 0 0 9 5 0 5 0 7 0 0 0 0 0 0 0 0 0 0 0 0 0 0 4 7 1 0 0 13 12 0 0 0 5 0 12 0 4 4 0 0 0 0 0 0 0 0 0 0 0 0 0 2 0 2 46 113 158 168 255 249 255 170 125 15 8 0 0 0 0 0 2 0 0 12 0 8 3 0 11 0 65 195 253 255 250 231 197 199 197 212 255 185 89 0 0 0 0 0 10 2 0 0 0 6 0 6 0 133 248 255 209 144 81 41 0 0 11 13 157 255 201 4 0 0 0 0 0 1 0 6 4 0 0 10 195 255 223 77 12 3 0 0 6 20 0 0 5 233 181 3 0 0 0 0 0 3 0 0 5 7 23 147 255 240 129 18 3 6 0 13 4 0 137 255 255 255 195 4 0 0 0 0 3 5 0 0 0 0 52 251 255 139 14 0 0 0 0 0 27 233 244 241 242 238 107 0 0 0 0 0 0 0 4 5 4 0 47 255 244 111 7 0 3 3 10 21 206 252 253 230 184 6 4 7 0 0 0 0 1 1 1 0 0 14 53 246 255 179 81 14 0 47 150 236 252 240 116 29 0 0 16 0 0 0 0 0 0 2 9 0 0 2 0 129 247 255 251 247 255 255 249 254 247 107 0 0 17 0 0 3 0 0 0 0 0 0 0 0 0 0 0 0 77 199 180 163 87 174 248 253 138 16 0 5 0 9 4 0 0 0 0 0 0 0 0 0 0 0 0 0 0 9 3 9 0 182 255 251 48 0 0 4 0 1 4 3 0 0 0 0 0 0 0 0 0 0 0 0 0 0 3 0 100 243 253 170 0 0 9 4 0 0 0 3 0 0 0 0 0 0 0 0 0 0 0 0 9 3 0 19 230 255 223 26 1 7 7 0 0 2 0 0 0 0 0 0 0 0 0 0 0 0 0 0 10 0 11 149 255 248 168 0 2 4 0 0 5 1 0 4 0 0 0 0 0 0 0 0 0 0 0 0 0 0 51 255 242 191 22 3 0 1 0 4 8 0 0 5 0 0 0 0 0 0 0 0 0 0 0 0 12 22 96 239 255 118 0 11 0 6 0 10 4 0 2 0 0 0 0 0 0 0 0 0 0 0 0 0 0 33 220 253 255 0 16 0 0 5 0 2 0 0 14 0 0 0 0 0 0 0 0 0 0 0 0 0 0 147 242 249 164 0 10 0 0 0 0 0 0 0 0 0 0 0 0 0 0 0 0 0 0 0 0 0 0 229 255 212 11 18 0 0 0 0 0 0 0 0 0 0 0 0 0 0 0 0 0 0 0 0 0 0 18 130 221 51 10 0 21 0 0 0 0 0 0 0 0 0 0 0 0 0 0 0 0 0 0 0 0 0 0 2 15 0 0 10 0 2 0 0 0 0 0 0 0 0 0 0 0 0
1 0 0 0 0 2 4 4 4 0 0 2 0 0 6 3 0 0 4 2 0 5 4 0 0 0 0 0 0 0 2 1 0 0 0 0 2 2 8 3 0 0 4 0 5 5 3 0 0 0 0 4 0 0 0 0 0 0 3 3 0 0 0 0 8 0 0 7 2 0 8 19 0 0 0 0 3 0 0 3 0 0 0 0 3 0 0 0 0 0 2 6 0 10 7 0 0 3 0 0 0 1 0 0 9 8 0 0 0 0 0 0 5 0 0 0 4 2 0 1 9 0 4 9 0 2 16 7 3 9 3 0 0 2 1 0 0 0 0 0 2 0 0 5 7 0 0 0 0 12 12 0 0 0 0 0 0 0 6 6 0 0 4 0 0 0 0 0 1 0 0 5 2 0 2 14 31 98 224 231 154 192 205 81 30 0 0 14 0 0 7 0 0 0 0 0 4 0 0 0 0 0 16 44 202 226 94 0 7 0 34 214 130 24 0 5 0 0 12 0 0 0 0 0 10 0 4 0 1 0 30 219 235 42 0 7 3 0 0 18 189 146 0 0 10 0 0 3 0 0 0 0 0 5 0 5 2 0 151 247 86 13 1 0 0 13 11 0 8 232 94 7 0 2 7 0 0 0 0 0 0 7 0 8 2 17 245 209 9 0 0 16 9 0 0 1 10 181 152 11 2 0 1 8 0 0 0 0 8 0 11 2 0 33 243 106 7 13 0 0 0 0 3 5 0 163 245 68 10 0 0 0 0 0 0 0 7 0 6 0 0 22 218 69 0 0 0 4 8 0 0 3 37 249 255 114 5 0 3 0 0 0 0 0 0 8 0 2 0 3 205 141 18 1 0 7 6 0 14 69 226 255 242 80 0 1 6 4 0 0 0 0 0 11 0 4 3 0 139 216 13 0 2 0 0 0 0 40 255 230 255 38 0 1 8 0 0 0 0 0 0 0 5 0 0 0 45 229 205 54 0 1 0 6 62 195 206 236 215 17 11 0 0 6 0 0 0 0 0 2 1 0 0 0 10 19 137 255 162 112 94 127 255 155 15 239 169 0 0 3 0 0 0 0 0 0 0 1 2 0 0 0 4 9 0 66 172 205 222 206 86 0 39 251 151 0 2 7 1 1 0 0 0 0 0 0 3 2 0 0 0 0 10 0 0 0 6 16 0 7 61 255 111 0 2 4 0 0 0 0 0 0 0 0 2 2 0 0 0 0 0 10 0 15 6 0 2 0 73 253 72 0 0 1 0 0 0 0 0 0 0 0 0 0 0 0 0 1 8 5 1 0 0 8 8 6 75 251 56 0 1 2 2 3 0 0 0 0 0 0 0 0 0 0 2 4 0 0 0 0 0 8 0 0 69 249 64 0 0 0 0 4 0 0 0 0 0 0 0 0 0 1 1 1 6 14 0 5 0 0 7 8 65 254 91 0 0 0 0 4 0 0 0 0 0 0 0 0 1 0 0 0 0 0 2 0 0 4 0 0 71 255 119 9 2 2 0 8 0 0 0 0 0 0 0 0 0 0 0 0 0 0 0 0 0 0 0 0 8 211 254 86 83 111 1 2 0 0 0 0 0 0 0 0 0 0 0 0 0 0 0 0 0 0 0 0 11 11 164 255 198 80 0 0 0 0 0 0 0 0 0 0 0 0 0 0 0 0 0 0 0 0 0 0 1 0 14 8 0 0 8 0 0 0 0 0 0 0 0 0 0 0 0 0 0 0 0 0 0 0 0 0 0 13 0 0 15 0 0 6 0 0 0 0
0 0 0 0 0 0 0 0 0 2 1 1 7 3 0 0 0 1 2 0 0 0 0 0 0 0 0 0 0 0 0 0 0 0 0 0 0 0 0 0 0 0 1 8 11 0 0 4 11 4 0 0 0 0 0 0 0 0 0 0 0 0 0 0 11 0 0 0 8 14 8 0 0 6 12 0 0 4 8 0 0 0 0 0 0 0 0 0 0 0 0 0 0 0 5 8 0 0 0 0 7 0 0 1 5 1 0 0 0 0 0 0 0 0 0 0 0 0 0 0 5 0 0 0 0 0 7 10 0 4 10 1 0 1 4 0 0 0 0 0 0 0 0 0 0 0 0 0 0 5 0 0 4 0 0 0 8 4 0 0 0 0 3 2 0 0 0 0 0 0 0 0 0 0 0 0 0 10 0 0 40 110 191 255 168 58 0 2 25 2 0 0 0 0 0 0 0 0 0 0 0 0 0 0 0 6 1 69 205 255 244 244 255 222 127 15 0 1 14 0 0 0 0 0 0 0 0 0 0 0 0 0 0 0 34 215 243 236 185 176 225 248 255 22 5 9 0 2 0 0 0 0 0 0 0 0 0 0 0 0 22 0 108 255 238 115 4 17 39 148 242 25 0 12 19 0 0 0 0 0 0 0 0 0 0 0 0 0 0 0 255 238 141 2 0 0 3 63 255 188 19 0 7 0 0 0 0 0 0 0 0 0 0 0 0 0 3 6 251 242 78 8 0 21 0 6 35 5 10 9 4 10 0 0 0 0 0 0 0 0 0 0 0 0 0 11 237 255 196 144 133 76 8 13 9 0 4 3 0 0 0 0 0 0 0 0 0 0 0 0 0 0 6 0 94 255 246 254 245 255 174 3 0 20 0 0 14 2 0 0 0 0 0 0 0 0 0 0 0 0 6 0 6 39 124 161 245 255 246 60 3 0 8 0 0 0 0 0 0 0 0 0 0 0 0 0 0 0 0 0 10 0 16 0 127 254 212 5 0 2 2 0 9 4 0 0 0 0 0 0 0 0 0 0 0 0 3 0 2 0 11 0 126 255 136 1 0 10 0 3 0 0 0 0 0 0 0 0 0 0 0 0 0 0 0 3 0 7 0 63 231 255 110 0 0 7 0 4 0 1 0 0 0 0 0 0 0 0 0 0 0 0 0 3 0 8 0 85 255 242 70 0 0 2 0 4 0 3 0 0 0 0 0 0 0 0 0 0 0 0 2 0 0 0 5 72 249 233 30 0 0 0 0 3 0 4 0 0 0 0 0 0 0 0 0 0 0 0 2 0 3 0 1 119 240 191 3 0 2 0 0 1 0 3 0 0 0 0 0 0 0 0 0 0 0 0 0 0 0 0 0 200 253 88 0 0 2 1 0 0 0 0 0 0 0 0 0 0 0 0 0 0 0 0 0 4 0 1 74 241 250 8 0 0 1 5 0 0 5 0 0 0 0 0 0 0 0 0 0 0 0 0 2 12 0 4 190 243 241 2 3 0 0 8 0 0 8 0 0 0 0 0 0 0 0 0 0 0 0 0 0 0 14 2 189 247 198 9 0 0 0 0 0 0 0 0 0 0 0 0 0 0 0 0 0 0 0 0 0 27 0 0 85 247 152 0 0 0 0 0 0 0 0 0 0 0 0 0 0 0 0 0 0 0 0 0 0 4 0 19 0 11 0 7 0 0 0 0 0 0 0 0 0 0 0 0 0 0 0 0 0 0 0 0 15 0 2 0 10 0 0 0 0 0 0 0 0 0 0 0 0 0 0 0
0 0 0 0 0 0 0 0 2 2 0 0 3 5 1 4 0 0 0 0 6 2 0 0 0 0 0 0 0 0 0 0 0 0 0 0 0 1 7 8 2 0 0 0 10 16 10 0 0 0 0 9 0 0 0 0 0 0 0 0 0 0 0 0 12 0 0 0 1 11 15 6 0 0 0 0 6 10 1 0 0 0 0 0 0 0 0 0 0 0 0 0 0 0 11 12 0 0 0 0 8 6 2 0 0 7 7 0 0 0 0 0 0 0 0 0 0 0 0 0 3 0 0 0 0 4 8 7 0 0 8 7 0 0 4 7 0 0 0 0 0 0 0 0 0 0 0 0 0 1 0 0 4 3 0 0 15 0 0 9 5 0 1 0 0 0 0 0 0 0 0 0 0 0 0 0 1 17 0 0 47 105 172 249 184 63 0 0 1 2 4 0 0 0 0 0 0 0 0 0 0 0 0 0 0 4 0 57 192 255 249 255 255 108 5 1 1 0 0 2 0 0 0 0 8 0 0 0 11 2 0 2 5 0 137 246 255 242 197 223 255 19 42 4 0 0 13 0 0 0 0 0 0 3 0 0 0 0 0 9 4 140 255 237 186 34 18 43 21 107 245 217 0 8 0 0 0 0 0 0 0 7 5 0 0 0 0 3 31 241 255 194 6 6 0 0 23 241 252 254 18 11 0 1 0 0 0 0 1 5 0 0 4 1 0 0 172 255 222 9 0 5 13 59 204 246 251 229 11 0 7 0 0 0 0 0 5 1 0 3 6 0 5 33 255 226 191 133 112 178 219 251 255 230 255 112 0 9 0 0 0 0 0 0 0 0 0 5 0 0 18 71 255 255 243 242 255 242 255 255 244 255 134 0 1 1 0 7 0 0 0 0 0 0 0 2 0 0 13 52 240 252 249 255 244 192 246 243 244 245 48 22 0 0 21 0 0 0 0 0 2 3 0 0 5 1 0 3 43 32 19 53 21 0 72 254 254 189 10 0 0 22 0 1 0 0 0 0 0 0 0 0 0 0 0 0 0 17 0 0 7 0 109 250 255 0 3 8 0 0 6 0 0 0 0 0 0 0 0 0 0 0 0 0 2 0 9 3 2 8 120 255 255 7 0 4 3 0 0 0 0 0 0 0 0 0 0 0 0 0 0 0 0 0 4 0 10 0 192 253 195 8 0 0 2 0 0 0 0 0 0 0 0 0 0 0 0 0 0 0 6 12 0 3 3 54 255 245 66 0 13 0 0 3 3 1 0 0 0 0 0 0 0 0 0 0 0 0 3 0 0 0 0 188 245 210 0 0 13 0 0 1 2 1 0 0 0 0 0 0 0 0 0 0 0 0 0 0 9 0 109 243 255 130 0 0 0 3 7 0 0 0 0 0 0 0 0 0 0 0 0 0 0 0 2 11 15 28 245 244 249 51 9 4 0 4 8 0 0 0 0 0 0 0 0 0 0 0 0 0 0 0 0 0 0 50 255 254 157 0 0 9 0 0 0 0 9 0 0 0 0 0 0 0 0 0 0 0 0 0 0 22 0 77 255 234 45 0 0 0 0 0 0 0 0 0 0 0 0 0 0 0 0 0 0 0 0 0 9 0 0 125 228 122 0 5 0 0 0 0 0 0 0 0 0 0 0 0 0 0 0 0 0 0 0 0 7 0 0 0 7 3 0 0 0 0 0 0 0 0 0 0 0 0 0 0 0 0 0 0 0 0 0 0 0 0 10 7 0 1 6 0 0 0 0 0 0 0 0 0 0 0 0 0
0 0 4 3 2 2 2 1 0 0 5 2 0 0 0 0 0 4 0 0 0 0 3 0 0 0 0 0 1 2 1 0 0 0 0 0 2 0 2 0 0 9 0 13 6 0 0 0 1 0 2 1 0 0 0 0 4 2 0 0 0 0 0 0 0 25 0 8 0 0 2 3 4 1 6 5 0 0 2 0 0 0 0 0 4 0 0 1 3 2 1 2 4 0 8 0 4 25 8 0 0 0 16 6 0 0 3 0 0 0 0 0 3 0 0 3 4 0 0 0 0 0 35 112 206 233 255 137 41 0 0 1 0 1 0 4 0 0 0 0 3 0 0 3 0 0 0 0 0 55 226 245 253 255 251 252 162 21 0 4 9 1 0 8 0 0 0 0 3 0 0 2 0 0 1 15 144 201 246 234 214 189 186 255 248 64 0 3 8 4 0 4 0 0 0 0 1 0 0 2 0 0 13 34 255 254 183 69 0 2 2 219 249 80 8 0 0 8 0 2 0 0 0 0 0 7 3 0 0 0 32 218 246 189 14 5 0 4 0 225 255 73 0 9 0 12 7 0 0 0 0 0 0 1 0 0 1 4 59 255 255 149 0 0 0 0 11 227 242 157 11 2 1 0 0 0 0 0 0 0 2 0 0 3 0 2 60 245 231 195 21 0 0 36 149 245 255 217 1 0 17 10 1 3 0 0 0 0 2 4 0 8 0 0 23 149 255 248 191 110 138 251 253 199 241 244 77 11 1 0 7 0 0 0 0 0 0 6 0 6 0 0 0 45 232 246 252 251 253 231 156 1 197 245 135 0 0 1 23 0 0 0 0 0 0 4 0 2 0 6 0 0 75 113 249 209 110 45 0 15 51 247 255 85 13 0 0 0 0 0 0 0 0 1 0 4 0 8 2 0 0 0 0 3 5 0 16 0 67 241 255 130 0 0 2 5 0 0 0 0 4 0 0 12 0 0 0 0 4 10 0 0 1 0 8 0 0 148 242 239 30 0 13 0 0 0 0 0 0 0 0 0 0 0 0 0 0 10 0 2 11 6 0 0 0 43 235 255 65 2 4 5 0 0 0 0 0 0 0 0 0 0 0 0 0 0 10 3 0 0 0 23 1 7 245 253 170 0 0 0 0 0 0 0 0 0 0 0 0 0 0 0 7 9 0 7 9 5 0 0 6 0 149 255 218 38 0 11 0 0 0 0 0 0 0 0 0 0 0 0 0 3 0 0 18 0 0 13 7 58 131 250 238 63 6 0 0 0 0 0 0 0 0 0 0 0 0 0 9 0 202 220 221 141 98 203 238 121 17 241 255 53 0 12 0 0 0 0 0 0 0 0 0 0 0 0 0 3 242 251 248 255 255 242 242 195 105 255 217 45 0 0 0 0 0 0 0 0 0 0 0 0 0 0 17 0 82 199 252 238 255 243 255 205 199 242 153 0 11 2 0 0 0 0 0 0 0 0 0 0 0 0 0 2 6 17 107 210 234 255 250 252 255 243 36 0 0 0 0 0 0 0 0 0 0 0 0 0 0 0 0 0 0 0 0 0 0 0 0 0 0 0 0 0 0 0 0 0 0 0 0 0 0 0 0 0 0 0 0 0 0 0 0 0 0 0 0 0 0 0 0 0 0 0 0 0 0 0 0 0 0 0 0 0 0 0 0 0 0 0 0 0 0 0 0 0 0 0 0 0 0 0 0 0 0 0 0 0 0 0 0 0 0 0 0 0 0 0 0 0 0 0 0 0 0 0 0 0 0 0 0 0 0 0
0 0 0 0 0 0 0 0 0 5 6 0 2 0 0 2 0 0 0 0 0 0 0 1 0 0 0 0 0 0 0 0 0 0 0 0 1 4 0 1 0 3 2 8 1 1 0 0 0 0 0 0 0 0 0 0 0 0 0 0 0 0 0 0 0 0 0 12 0 8 0 0 1 1 1 1 1 0 0 0 0 0 0 0 0 0 0 0 0 0 0 0 7 0 0 3 0 0 2 1 0 0 0 1 0 0 0 0 0 0 0 0 0 0 0 0 0 0 0 0 0 0 7 7 8 0 0 0 0 0 0 0 0 0 0 0 0 0 0 0 0 0 0 0 0 0 0 0 0 0 0 0 0 0 0 8 0 0 0 0 0 0 0 1 0 0 0 0 0 0 0 0 0 0 0 0 2 19 0 8 9 16 0 1 6 4 1 0 0 0 0 2 0 0 0 0 0 0 0 0 0 0 0 0 69 149 160 255 247 218 69 51 13 10 5 0 0 0 0 1 0 0 0 0 0 13 0 0 1 1 8 108 208 253 255 227 195 213 250 251 250 172 0 0 3 11 0 6 0 0 0 0 0 0 2 18 0 0 134 237 255 228 136 62 13 3 83 170 250 249 52 0 6 0 0 0 0 0 0 0 4 0 0 2 1 47 255 255 253 83 0 0 0 0 0 24 224 255 148 10 0 0 9 3 0 0 0 0 2 2 0 0 7 71 250 238 117 6 8 3 10 0 5 195 255 252 252 82 0 2 0 0 0 0 0 0 0 6 0 8 1 4 128 255 245 52 0 2 2 3 2 65 235 235 255 97 0 11 0 0 0 0 0 0 0 5 0 12 2 0 14 196 255 229 89 1 0 0 12 1 142 243 248 84 8 0 0 3 0 0 0 0 1 6 0 0 0 11 0 50 217 255 242 205 182 191 170 61 173 255 255 72 18 0 0 0 0 0 0 0 0 3 3 6 0 10 1 0 16 70 193 245 255 255 229 255 255 234 238 18 0 1 15 0 0 0 0 0 0 0 0 0 0 0 0 0 0 4 1 35 66 25 22 101 168 255 224 0 0 15 0 0 0 0 0 0 0 0 0 0 0 0 0 0 0 4 0 0 11 0 0 18 112 243 229 5 0 8 0 4 0 0 0 0 0 0 0 0 0 0 0 0 0 12 3 0 0 5 0 0 90 241 238 6 0 2 0 3 0 0 0 0 0 0 0 0 0 0 0 0 5 0 0 3 4 3 3 2 100 250 232 0 0 2 0 0 0 0 0 0 0 0 0 0 0 0 0 0 8 0 0 8 0 0 0 0 96 248 227 5 0 1 4 0 0 0 0 0 0 0 0 0 0 0 0 0 3 2 7 6 0 0 3 0 89 254 245 47 0 0 3 1 0 0 0 0 0 0 0 0 0 0 0 0 0 0 0 0 0 0 1 0 93 255 255 88 2 0 2 0 0 0 0 0 0 0 0 0 0 0 0 0 5 3 0 1 8 2 0 4 93 250 246 98 1 2 6 0 0 0 0 0 0 0 0 0 0 0 0 0 0 0 0 0 0 0 0 0 93 255 242 178 0 0 1 4 0 0 0 0 0 0 0 0 0 0 0 0 0 0 0 0 0 0 0 0 19 225 255 193 14 5 6 0 0 0 0 0 0 0 0 0 0 0 0 0 0 0 0 0 0 0 0 0 0 187 242 165 0 0 0 7 0 0 0 0 0 0 0 0 0 0 0 0 0 0 0 0 0 0 0 0 0 11 0 0 1 13 18 0 0 0 0 0
0 0 0 0 0 0 0 0 4 0 8 0 9 0 1 2 0 0 0 14 6 0 8 0 0 0 0 0 0 0 0 0 0 0 0 0 0 0 0 0 0 1 2 0 6 12 0 0 0 0 11 0 0 0 0 0 0 0 0 0 0 0 0 0 0 7 15 6 0 0 5 9 0 8 0 0 1 0 0 2 0 0 0 0 0 0 0 0 0 0 0 0 7 0 0 0 4 1 0 0 0 0 0 6 10 0 0 8 0 0 0 0 0 0 0 0 0 0 0 0 2 0 4 0 16 0 6 0 14 2 0 0 3 3 0 3 0 0 0 0 0 0 0 0 0 0 0 0 0 0 10 0 9 0 0 0 0 0 11 0 0 5 6 0 0 0 0 0 0 0 0 0 0 0 0 0 0 67 146 224 246 250 181 124 30 0 10 11 0 0 4 0 0 0 0 0 0 0 0 0 0 0 0 0 126 232 255 255 172 212 215 245 153 15 0 2 0 6 1 0 0 0 0 0 1 3 0 9 0 1 0 67 248 164 32 22 3 23 0 111 255 99 4 0 0 10 11 0 0 0 0 0 0 0 4 5 0 0 61 210 199 28 0 9 0 0 6 0 124 251 20 0 14 0 0 14 0 0 0 0 0 0 0 0 2 3 117 248 91 0 0 1 5 0 7 3 0 255 229 28 0 6 9 0 0 0 0 0 0 4 0 0 3 13 166 201 0 4 0 0 4 7 0 56 188 244 255 172 10 0 4 0 0 0 0 0 0 10 0 4 0 2 223 221 4 4 3 3 0 17 0 30 57 162 255 136 0 0 0 0 0 0 0 0 4 0 0 14 0 0 225 255 43 0 13 3 0 4 1 0 0 151 255 75 7 0 1 2 0 0 0 0 7 0 0 7 7 5 157 254 98 0 2 0 3 0 0 5 9 237 251 183 0 0 17 0 0 0 0 0 0 0 15 0 0 0 93 253 192 12 0 8 0 0 21 20 210 255 241 150 0 7 6 0 0 0 0 0 2 0 0 0 6 0 20 162 253 119 0 5 0 6 21 170 251 255 252 111 0 3 0 0 0 0 0 0 0 2 6 0 7 0 0 45 191 252 165 79 50 134 220 255 114 164 251 104 0 0 4 0 0 0 0 0 0 3 2 0 1 10 0 0 39 194 253 254 255 255 179 48 3 168 255 43 2 3 0 6 0 0 0 0 7 0 0 1 0 0 1 8 0 19 93 112 134 94 17 0 0 200 249 23 11 5 0 10 0 0 0 0 2 0 1 15 2 0 0 3 11 0 11 0 14 0 0 21 0 174 228 87 8 0 7 0 0 0 0 0 0 2 0 2 0 0 9 0 9 4 0 0 9 0 6 0 1 185 255 131 0 0 11 0 0 0 0 0 0 11 0 0 0 1 16 0 0 0 0 5 3 0 17 9 0 153 255 160 0 6 0 0 0 0 0 0 0 9 0 2 4 0 0 0 8 0 6 0 0 7 0 0 0 27 254 217 9 0 0 2 0 0 0 0 0 0 0 0 0 0 0 0 0 0 0 0 0 0 0 0 0 25 255 227 6 0 6 0 0 0 0 0 0 0 0 0 0 0 0 0 0 0 0 0 0 0 0 0 7 5 148 109 0 4 1 0 0 0 0 0 0 0 0 0 0 0 0 0 0 0 0 0 0 0 0 0 9 0 28 4 0 9 0 1 0 0 0 0 0 0 0 0 0 0 0 0 0 0 0 0 0 0 0 0 0 0 0 0 0 4 0 1 0 0 0 0
0 0 0 0 0 0 0 0 0 0 0 1 6 9 4 0 0 1 0 0 0 5 1 0 0 0 0 0 0 0 0 0 0 0 0 0 7 5 2 0 0 0 0 2 6 0 0 1 2 0 0 7 0 0 0 0 0 0 0 0 0 0 0 0 2 0 0 5 8 4 4 10 0 0 0 2 1 0 0 0 0 0 0 0 0 0 0 0 0 0 0 0 0 0 0 1 1 0 0 0 2 12 11 0 0 5 3 0 0 0 0 0 0 0 0 0 0 0 0 0 0 9 12 0 0 0 5 7 0 0 0 0 0 6 9 5 0 0 0 0 0 0 0 0 0 0 0 0 0 1 0 0 4 10 4 0 4 0 2 14 13 0 0 0 0 0 0 0 0 0 0 0 0 0 0 0 6 0 0 0 0 0 0 1 0 0 1 0 0 0 6 9 0 0 0 0 0 0 0 0 0 0 0 0 0 0 8 13 0 0 57 138 241 244 178 58 0 0 8 0 0 0 0 0 0 0 0 0 0 0 0 0 0 6 0 13 7 110 233 254 243 255 245 216 83 0 8 0 0 0 0 0 0 0 0 0 0 0 0 0 8 0 0 45 167 255 240 174 106 19 200 255 231 31 0 0 0 0 0 0 0 0 0 0 0 0 0 0 3 14 52 153 255 195 70 0 0 1 23 241 234 191 15 0 0 0 0 0 0 0 0 0 0 0 0 0 0 3 148 255 176 32 0 8 3 6 0 199 254 103 0 6 0 0 0 0 0 0 0 0 0 0 0 0 9 0 253 203 15 0 8 0 155 251 255 251 95 21 0 4 0 0 0 0 0 0 0 0 0 0 0 0 0 49 255 125 3 0 124 211 255 248 124 66 0 0 11 0 0 0 0 0 0 0 0 0 0 0 0 0 0 204 205 39 74 141 255 240 247 169 11 1 0 0 12 7 0 0 0 0 0 0 0 0 0 0 0 0 31 221 255 254 249 255 255 255 243 28 8 0 6 0 0 0 0 0 0 0 0 0 0 0 0 0 0 0 0 209 255 253 233 144 199 253 169 9 0 0 0 8 0 11 0 0 0 0 0 0 0 0 0 0 0 0 23 0 100 107 22 13 217 240 91 0 0 3 0 9 0 1 0 0 0 0 0 0 0 0 0 0 0 0 0 17 0 0 9 172 249 141 13 0 5 3 0 5 0 0 0 0 0 0 0 0 0 0 0 0 0 0 12 0 6 0 76 246 250 40 0 4 2 0 0 0 2 0 0 0 0 0 0 0 0 0 0 0 0 0 0 0 11 63 245 255 80 12 0 11 0 0 3 0 2 1 0 0 0 0 0 0 0 0 0 0 0 0 1 8 11 163 235 146 12 0 3 3 0 0 8 0 0 0 0 0 0 0 0 0 0 0 0 0 0 0 0 10 164 247 179 0 14 0 4 0 0 2 3 1 0 0 0 0 0 0 0 0 0 0 0 0 0 0 1 33 249 152 0 5 0 12 5 0 9 2 0 0 0 4 0 0 0 0 0 2 4 1 0 0 0 3 41 239 198 14 0 17 0 4 0 0 0 0 0 0 0 0 0 0 0 0 0 1 3 1 0 1 8 14 255 194 82 9 0 0 0 7 0 0 0 0 0 0 0 0 0 0 0 0 1 2 1 0 0 2 11 17 232 80 0 5 0 0 8 0 0 0 0 0 0 0 0 0 0 0 0 0 2 2 1 0 0 0 2 6 14 0 0 2 1 4 4 0 0 0 0 0 0 0 0 0 0 0 0 0
0 0 0 0 0 0 0 0 6 0 0 4 5 0 0 2 0 5 6 0 0 3 0 0 0 0 0 0 0 0 0 0 0 0 0 0 0 0 7 0 0 0 3 4 0 0 0 4 10 8 0 0 0 0 0 0 0 0 0 0 0 0 0 0 14 0 0 2 8 3 0 0 3 0 0 4 0 0 0 9 0 0 0 0 0 0 0 0 0 0 0 0 0 0 0 2 0 0 0 8 9 0 0 12 12 7 8 0 0 0 0 0 0 0 0 0 0 0 0 0 0 1 2 0 0 8 6 0 0 4 0 0 0 0 8 0 0 0 0 0 0 0 0 0 0 0 0 0 12 0 0 6 4 0 0 8 0 12 0 2 9 0 5 2 0 0 0 0 0 0 0 0 0 0 0 0 0 0 5 12 0 2 60 130 137 235 255 244 145 3 0 8 0 0 0 0 0 0 0 0 0 0 0 0 0 12 0 0 50 173 247 253 247 255 239 255 240 102 13 0 0 0 0 0 2 4 0 10 0 0 15 2 9 0 88 199 233 254 255 148 82 41 42 58 194 138 0 1 0 0 0 0 0 4 0 7 0 8 0 0 74 166 237 251 225 85 0 5 8 0 12 0 193 252 4 0 0 0 0 0 1 0 0 0 0 8 0 47 201 244 255 153 36 0 12 0 0 9 0 0 204 252 215 1 0 0 0 0 10 0 0 1 0 0 3 165 255 228 120 7 19 0 0 12 0 2 3 118 245 255 201 0 0 0 0 0 2 0 8 7 2 0 12 219 239 60 0 0 0 3 20 0 5 3 87 245 246 250 209 2 0 0 0 0 0 1 6 0 0 9 40 235 155 0 0 17 0 0 17 4 33 88 249 255 243 179 33 1 0 0 0 0 0 6 0 0 0 12 58 244 125 6 0 2 20 19 74 176 229 254 249 253 109 10 0 17 0 0 0 0 0 1 0 7 3 0 42 233 239 218 216 172 213 246 238 255 252 255 240 78 0 0 15 0 0 0 0 0 7 0 6 0 9 3 18 182 255 244 247 252 247 241 255 251 252 236 70 0 16 2 0 6 0 0 0 0 6 0 12 0 0 0 0 42 178 199 193 192 77 65 230 255 227 67 0 8 0 0 11 0 0 0 0 0 0 2 9 0 5 16 0 0 0 0 2 0 58 193 255 241 88 0 0 8 0 4 4 0 0 0 0 0 0 0 0 2 0 0 3 0 7 0 4 14 228 250 249 61 0 3 13 0 3 9 0 4 0 0 0 0 7 0 0 6 0 0 2 0 0 7 59 234 255 223 136 8 3 3 0 3 2 0 8 0 0 0 0 0 0 0 0 7 6 5 10 0 0 26 191 255 253 94 19 0 5 2 0 5 2 0 12 0 0 0 0 0 0 0 2 0 0 0 0 0 87 225 255 241 155 0 1 0 0 10 4 0 5 3 0 0 0 0 0 0 0 0 1 0 0 0 9 58 233 255 246 146 14 0 7 0 11 0 3 0 0 8 0 9 0 0 0 0 3 0 0 4 0 0 20 55 251 255 133 24 0 0 5 2 0 0 0 0 0 0 0 0 0 0 0 0 4 0 0 5 1 0 0 10 210 174 38 0 0 5 5 0 0 0 0 0 0 0 0 0 0 0 0 0 1 0 0 4 5 0 0 0 0 11 0 0 8 0 11 9 0 0 0 0 0 0 0 0 0 0 0 0 0 0 0 0 2 7 6 1 0 3 1 15 5 0 0 0 0 0 0 0 0 0 0 0 0 0 0 0
0 0 0 0 0 0 0 0 1 3 2 0 0 1 3 2 2 0 4 1 13 0 0 0 0 0 0 0 0 0 0 0 0 0 0 0 5 0 0 10 10 0 0 0 0 2 10 0 0 13 16 0 0 0 0 0 0 0 0 0 0 0 0 0 3 3 0 0 0 1 5 2 0 0 19 0 0 0 0 0 0 0 0 0 0 0 0 0 0 0 0 0 0 0 5 6 5 5 1 0 20 0 0 0 5 15 0 14 0 0 0 0 0 0 0 0 0 0 0 0 11 0 0 4 2 0 0 14 0 0 19 2 0 3 0 0 0 0 0 0 0 0 0 0 0 0 0 0 0 1 0 0 0 6 5 0 0 0 0 7 0 0 1 15 0 0 0 0 0 0 0 0 0 0 0 0 0 1 1 20 86 176 233 247 235 118 0 0 4 0 0 0 0 0 0 0 0 0 0 0 0 0 0 0 2 0 45 168 249 252 247 255 255 175 16 5 0 0 9 0 0 0 0 0 0 12 1 0 0 0 2 0 0 47 237 240 205 95 37 133 252 123 18 181 90 0 0 1 0 0 0 0 0 0 3 5 4 8 12 4 24 235 243 220 18 0 3 183 229 43 157 244 189 0 6 4 0 0 0 0 9 0 4 2 0 0 0 6 158 241 191 6 0 10 58 246 57 109 255 247 30 10 0 0 0 0 0 0 4 0 5 2 4 9 0 101 250 233 38 2 0 1 183 109 7 195 247 188 0 0 5 0 0 0 0 0 0 1 3 0 10 4 0 188 255 142 0 16 11 0 2 3 96 242 244 176 17 0 10 0 0 0 0 0 0 13 0 0 2 0 0 198 252 107 11 0 0 5 21 58 217 255 250 149 0 7 0 0 0 0 0 0 0 8 0 4 5 8 6 170 254 144 0 2 1 0 40 230 255 255 229 57 8 2 0 1 0 0 0 0 3 5 0 7 0 0 0 92 251 232 95 3 38 138 222 216 110 255 235 6 0 0 0 2 0 0 0 0 0 0 0 0 0 0 0 0 134 255 240 204 241 255 206 46 112 255 154 4 0 0 3 5 0 0 0 0 0 0 0 0 0 0 0 0 15 111 177 197 173 103 33 0 154 255 141 0 8 0 0 1 0 0 0 0 0 0 0 0 0 0 0 0 9 0 0 0 0 0 0 8 170 249 144 0 9 1 0 0 0 0 0 0 0 0 0 0 0 0 0 0 0 0 9 4 2 14 7 0 158 247 156 0 1 4 0 0 0 0 0 0 0 0 0 0 0 0 0 0 2 0 0 11 0 0 0 0 182 250 140 0 0 2 2 0 0 0 0 0 0 0 0 0 0 0 0 0 7 0 0 0 10 0 6 2 241 255 94 0 8 0 0 3 0 0 0 0 0 0 0 0 0 0 0 0 0 9 15 0 0 0 0 12 255 255 55 0 7 0 1 0 0 0 0 0 0 0 0 0 0 0 0 0 6 0 5 0 6 14 0 46 246 255 42 0 0 2 11 0 0 0 0 0 0 0 0 0 0 0 0 0 0 0 0 0 0 2 5 6 240 255 59 2 0 6 0 7 0 0 0 0 0 0 0 0 0 0 0 0 1 0 0 0 0 1 3 5 214 230 71 15 0 3 0 6 0 0 0 0 0 0 0 0 0 0 0 0 2 1 0 0 0 0 1 2 0 19 0 0 4 11 0 2 0 0 0 0 0 0 0 0 0 0 0 0 3 2 0 0 0 0 0 0 0 6 9 4 5 3 0 0 0 0 0 0
0 0 0 0 0 0 0 0 2 1 0 0 0 0 2 1 0 14 0 0 0 0 6 0 0 0 0 0 0 0 0 0 0 0 0 0 5 0 0 6 14 0 0 0 1 0 2 12 1 1 5 0 0 0 0 0 0 0 0 0 0 0 0 0 2 0 4 0 0 0 9 3 14 0 0 0 0 2 1 6 0 0 0 0 0 0 0 0 0 0 0 0 0 0 13 0 10 0 1 0 0 3 2 0 9 4 0 5 0 0 0 0 0 0 0 0 0 0 0 0 13 0 0 0 5 0 0 11 0 4 6 0 0 1 2 11 0 0 0 0 0 0 0 0 0 0 0 0 0 2 0 0 0 11 5 0 9 0 0 14 0 0 13 0 0 0 0 0 0 0 0 0 0 0 0 0 0 7 0 38 91 191 224 233 149 93 0 2 9 0 15 7 0 0 0 0 0 0 0 0 0 0 0 0 2 0 40 194 252 255 225 235 255 254 122 141 198 80 0 0 0 0 0 0 2 0 5 1 0 0 4 4 0 36 204 255 230 106 29 24 191 255 252 241 255 156 7 0 0 0 0 0 1 0 5 0 0 9 2 0 0 227 247 200 24 4 0 0 24 155 251 255 251 94 3 0 0 0 0 0 2 1 3 0 0 11 0 0 147 255 215 29 0 8 4 2 0 20 183 255 240 51 7 5 0 0 0 0 3 0 1 0 0 1 0 47 255 240 59 0 6 0 8 1 8 7 125 252 182 0 0 2 0 0 0 0 2 0 0 6 0 0 5 133 255 164 0 16 0 0 0 1 13 0 255 255 15 16 0 0 0 0 0 0 0 0 0 10 0 0 28 215 255 39 7 0 13 14 0 2 0 192 255 190 23 0 6 7 0 0 0 0 0 0 0 7 0 6 42 253 244 22 0 11 0 0 0 8 116 253 224 69 14 0 0 0 0 0 0 0 0 4 0 1 0 13 43 255 255 0 18 0 0 21 2 52 242 255 255 8 0 7 3 0 0 0 0 0 0 0 3 0 3 1 9 215 254 123 0 9 0 39 119 245 255 247 144 0 1 11 0 3 0 0 0 0 0 3 2 0 1 1 0 132 255 234 152 130 153 230 255 251 255 230 17 23 0 0 13 0 0 0 0 0 0 9 1 0 2 4 0 38 204 255 255 249 249 250 169 189 245 248 0 15 0 0 4 1 0 0 0 0 0 7 0 1 5 4 0 0 9 117 181 185 127 63 0 204 252 178 10 0 6 4 0 7 0 0 0 0 0 1 0 4 3 0 7 0 8 9 0 0 0 4 58 255 251 34 4 0 5 3 0 0 0 0 0 0 3 0 0 2 0 0 7 4 0 0 9 17 3 4 193 244 186 20 0 0 0 4 3 1 0 0 0 0 5 0 5 0 3 0 2 3 13 0 0 3 0 62 255 254 132 77 12 0 2 9 0 9 0 0 0 0 4 0 10 0 8 3 0 0 0 9 3 0 3 160 245 255 146 59 0 4 6 9 0 1 0 0 0 0 0 3 5 2 0 0 0 0 0 0 9 0 59 236 249 255 152 15 0 3 0 10 0 0 0 0 0 0 4 8 10 7 3 0 3 6 13 0 0 14 134 255 255 234 57 0 0 4 0 3 0 4 0 0 0 0 2 4 6 4 0 0 0 3 2 0 7 0 5 4 0 0 0 0 13 7 0 3 0 1 0 0 0 0 0 0 1 0 0 0 0 0 0 1 10 10 13 0 1 3 2 0 11 0 2 9 0 0 0 0 0 0
0 0 0 0 0 0 0 0 4 0 4 1 1 5 0 8 1 0 0 2 2 0 0 0 0 0 0 0 0 0 0 0 0 0 0 0 5 0 2 0 0 12 0 0 0 7 7 0 0 0 2 2 0 0 0 0 0 0 0 0 0 0 0 0 7 0 3 9 6 0 0 12 0 3 4 2 4 8 3 0 0 0 0 0 0 0 0 0 0 0 0 0 0 2 10 0 0 3 0 0 0 0 0 3 7 0 0 0 0 0 0 0 0 0 0 0 0 0 0 0 8 3 0 1 5 3 2 0 4 7 6 0 0 0 2 8 0 0 0 0 0 0 0 0 0 0 0 0 0 3 0 3 0 0 2 3 0 3 3 0 0 18 11 0 0 0 0 0 0 0 0 0 0 0 0 0 0 20 0 0 25 144 248 255 255 213 130 47 0 0 0 8 0 0 0 0 0 0 0 0 0 0 0 0 9 0 10 146 245 250 253 249 255 254 255 222 121 10 0 7 0 0 0 0 0 1 1 5 0 0 11 0 0 0 217 254 255 249 229 142 168 255 238 255 227 0 16 0 0 0 0 0 6 0 0 4 0 0 4 1 13 151 235 239 255 159 24 12 2 99 229 247 239 96 0 0 0 0 0 0 6 0 0 3 0 3 2 0 77 252 252 233 48 14 28 0 1 0 123 246 255 219 59 9 0 0 0 0 0 0 3 1 0 17 0 0 158 255 223 23 6 0 0 11 5 68 176 255 255 255 92 0 0 0 0 0 3 0 4 4 0 4 0 62 233 254 60 0 7 5 5 0 0 125 255 234 255 197 3 16 0 0 0 0 7 0 1 10 0 0 6 196 255 232 46 0 10 0 6 0 21 82 253 255 238 62 16 0 0 0 0 0 0 0 0 2 1 2 11 251 251 255 13 18 0 0 0 0 37 211 255 241 225 12 0 0 0 0 0 0 0 12 3 0 0 10 0 208 255 242 49 0 4 9 10 166 239 255 248 243 109 4 0 8 0 0 0 0 4 0 0 3 0 0 24 65 250 255 192 72 66 95 218 248 252 255 243 202 0 0 1 5 0 0 0 0 2 0 1 5 0 0 0 15 197 255 248 255 248 255 236 255 251 250 247 115 3 0 16 0 0 0 0 0 0 0 1 5 3 0 0 0 90 218 247 253 255 255 250 255 255 255 235 58 3 0 4 1 0 0 0 0 0 1 0 0 0 4 3 0 0 50 211 207 220 187 117 245 249 220 80 2 4 6 0 4 0 0 0 0 3 6 2 0 0 0 0 0 0 2 0 4 0 0 81 254 251 206 0 0 2 12 0 7 0 0 0 0 0 2 4 0 0 0 0 0 0 7 10 0 0 15 146 251 255 205 14 11 0 0 0 5 0 0 0 0 0 0 0 4 5 3 3 4 0 0 0 0 19 39 223 255 251 127 0 0 8 4 9 0 0 0 0 0 5 0 0 1 3 0 0 0 9 0 6 0 0 198 255 248 249 84 0 2 2 0 0 1 0 0 0 0 0 0 0 0 0 0 0 0 1 11 0 5 6 191 255 245 125 13 0 10 0 1 0 0 0 0 0 0 0 0 0 0 0 0 0 0 0 4 6 3 0 118 212 235 43 0 0 8 0 0 4 5 0 0 0 0 0 0 0 0 0 0 0 0 3 1 17 0 0 0 3 0 0 0 7 5 0 3 2 1 0 0 0 0 0 0 0 0 0 0 0 0 6 0 0 0 26 5 5 0 4 5 3 0 2 7 0 0 0 0 0 0
0 0 0 0 0 0 0 0 0 6 0 5 0 0 0 12 0 0 0 0 0 0 0 0 0 0 0 0 0 0 0 0 0 0 0 0 0 0 4 0 11 11 6 0 0 0 0 0 0 0 0 0 0 0 0 0 0 0 0 0 0 0 0 0 5 3 2 0 0 0 8 2 0 0 0 0 0 0 0 0 0 0 0 0 0 0 0 0 0 0 0 0 0 0 0 22 0 6 0 1 0 0 0 0 0 0 0 0 0 0 0 0 0 0 0 0 0 0 0 0 1 0 0 0 0 6 4 0 0 0 0 0 0 0 0 0 0 0 0 0 0 0 0 0 0 0 0 0 0 10 18 0 7 0 2 0 0 0 0 0 0 0 0 0 0 0 0 0 0 0 0 0 0 0 0 0 4 3 0 0 10 7 0 12 0 0 0 0 0 0 0 0 0 0 0 0 0 0 0 0 0 0 0 0 0 13 17 217 252 212 14 0 0 0 0 0 0 0 0 0 0 0 0 0 0 1 9 0 0 6 0 1 0 82 241 207 58 228 18 0 0 15 0 0 3 0 0 8 0 0 0 0 0 0 6 0 0 5 0 0 45 240 150 0 7 37 0 0 32 70 0 4 8 6 0 0 0 0 0 0 1 0 2 1 5 2 0 12 187 137 15 0 0 8 0 40 203 243 36 8 0 0 3 6 0 0 0 0 1 0 0 1 5 0 0 40 255 54 0 0 0 11 0 146 182 255 73 9 0 3 0 1 0 0 0 0 1 0 1 0 3 0 8 71 167 4 13 3 0 0 110 220 42 220 79 0 0 8 0 0 0 0 0 0 0 3 2 0 2 0 9 81 150 0 2 0 22 34 217 55 13 223 91 0 0 1 0 4 0 0 0 0 0 5 2 0 5 0 0 66 171 26 0 0 9 255 60 9 0 221 58 9 4 4 0 0 0 0 0 0 0 6 1 0 9 0 0 47 237 125 39 99 224 90 4 0 4 219 4 1 0 0 7 1 0 0 0 0 0 0 0 0 0 0 0 0 75 195 255 204 77 4 0 1 24 241 11 0 4 5 3 0 0 0 0 0 0 0 0 0 0 0 0 0 0 11 11 0 0 1 2 0 0 233 21 3 3 0 0 1 0 0 0 0 0 0 0 0 0 0 0 0 0 0 0 5 7 4 5 9 4 238 26 7 3 0 0 2 0 0 0 0 0 0 0 0 0 0 0 0 5 0 0 6 3 0 0 0 42 253 19 0 4 0 0 0 0 0 0 0 0 0 0 0 0 0 0 0 4 0 0 0 0 4 5 4 52 253 9 0 3 2 0 0 0 0 0 0 0 0 0 0 0 0 0 0 0 1 9 5 0 0 0 0 30 239 7 0 1 0 0 0 0 0 0 0 0 0 0 0 0 0 0 0 14 1 0 0 2 10 9 4 26 237 8 0 3 0 0 2 0 0 0 0 0 0 0 0 0 0 0 0 0 0 0 6 1 0 0 3 46 247 8 0 8 2 0 0 0 0 0 0 0 0 0 0 0 0 0 0 0 0 0 0 0 0 0 0 39 248 2 0 0 0 7 0 0 0 0 0 0 0 0 0 0 0 0 0 0 0 0 0 0 0 0 0 40 255 0 0 0 0 0 0 0 0 0 0 0 0 0 0 0 0 0 0 0 0 0 0 0 0 0 0 41 195 10 10 6 15 8 14 0 0 0 0 0 0 0 0 0 0 0 0 0 0 0 0 0 0 0 0 2 8 0 0 0 0 0 1 0 0 0 0
0 0 0 0 0 0 0 0 0 14 2 0 0 0 13 0 2 0 10 6 0 7 0 3 0 0 0 0 0 0 0 0 0 0 0 0 10 2 0 11 8 0 0 7 0 8 0 0 0 3 0 0 0 0 0 0 0 0 0 0 0 0 0 0 0 4 0 0 0 7 10 0 4 0 0 13 21 0 0 3 0 0 0 0 0 0 0 0 0 0 0 0 5 1 0 4 0 0 0 1 6 2 0 0 0 0 19 0 0 0 0 0 0 0 0 0 0 0 0 0 0 0 0 0 0 3 1 4 0 3 2 15 3 0 13 9 0 0 0 0 0 0 0 0 0 0 0 0 4 0 0 11 104 217 255 251 255 213 70 0 0 4 0 0 0 0 0 0 0 0 0 0 0 0 0 0 6 0 72 188 255 255 208 191 205 255 242 96 0 0 12 2 0 0 0 0 0 0 0 0 0 0 0 0 0 54 188 255 250 153 37 0 13 44 206 225 60 0 0 0 0 0 0 0 0 7 0 6 0 4 12 0 35 214 243 255 72 0 23 0 5 3 59 255 204 3 0 1 0 0 0 0 0 7 0 7 0 0 0 7 183 255 248 108 6 6 0 4 0 0 11 223 213 0 11 0 0 0 0 0 2 1 0 4 3 2 0 78 248 254 115 0 0 11 0 8 0 0 61 255 200 7 0 3 0 0 0 0 4 0 0 0 2 4 12 173 254 207 0 0 1 0 6 0 11 9 216 250 184 0 4 0 0 0 0 0 4 0 3 0 0 0 20 231 255 110 0 15 0 1 0 2 0 61 250 255 71 5 0 0 0 0 0 0 0 2 7 0 4 0 35 255 248 51 0 0 0 6 10 0 0 119 255 236 27 0 23 0 0 0 0 0 0 3 1 2 8 5 51 255 255 95 0 0 10 0 11 3 83 217 255 205 0 0 4 6 0 0 0 0 0 7 0 0 0 0 49 243 255 141 15 3 8 0 10 106 237 255 255 104 9 2 0 8 0 0 0 0 0 0 4 0 2 0 19 159 251 253 217 114 111 141 221 255 255 247 234 2 22 0 0 6 0 0 0 0 1 5 0 0 10 9 0 29 187 254 255 251 250 255 255 249 242 255 182 2 0 0 9 1 0 0 0 0 0 6 5 0 0 8 0 0 8 83 171 175 231 162 124 94 250 255 92 0 0 10 0 2 0 0 0 0 0 0 3 4 0 0 1 12 0 11 1 0 11 0 34 148 255 179 0 17 0 8 11 0 0 0 0 0 7 0 0 12 9 0 1 0 1 8 0 0 3 0 81 248 239 154 20 1 0 4 0 1 0 0 0 0 5 3 0 3 1 0 6 0 0 0 14 0 19 0 118 255 255 26 0 4 13 1 0 6 0 0 0 0 0 12 0 0 0 0 12 5 0 3 0 6 0 9 98 240 242 212 193 12 0 1 0 0 0 0 0 0 0 5 0 3 12 0 1 0 10 0 3 2 9 0 117 255 255 246 226 19 0 8 5 0 0 0 0 0 0 0 0 0 0 0 0 0 0 7 0 0 4 0 48 187 255 214 97 4 0 8 0 0 0 0 0 0 0 0 0 0 0 0 0 0 0 11 0 0 4 0 0 13 0 8 0 0 0 6 0 0 0 0 0 0 0 0 0 0 0 0 0 0 0 4 3 0 8 12 0 0 0 15 11 0 7 1 0 9 0 0 0 0 0 0 0 0 0 0 0 0 0 0 2 4 0 0 1 13 0 0 0 0 2 0 0 5 0 0 0 0
0 0 0 0 0 0 0 0 0 0 0 0 0 0 2 8 0 0 0 1 0 0 0 7 0 0 0 0 0 0 0 0 0 0 0 0 0 0 0 3 7 6 0 0 4 3 3 6 5 0 0 0 0 0 0 0 0 0 0 0 0 0 0 0 0 3 6 3 0 0 0 4 0 0 0 0 2 5 1 0 0 0 0 0 0 0 0 0 0 0 0 0 0 0 0 0 0 0 4 10 0 0 0 0 0 3 5 1 0 0 0 0 0 0 0 0 0 0 0 0 9 4 1 2 5 3 0 0 1 4 3 0 0 0 1 1 0 0 0 0 0 0 0 0 0 0 0 0 0 0 0 0 0 0 6 13 0 0 0 0 2 0 0 0 0 0 0 0 0 0 0 0 0 0 0 0 1 0 0 1 2 1 0 0 16 0 0 0 4 0 0 2 0 0 0 0 0 0 0 0 0 0 0 0 0 0 32 118 216 255 248 212 63 23 0 0 5 0 0 2 0 0 0 0 6 0 0 0 0 6 6 0 17 91 239 255 255 239 255 247 247 91 12 0 0 6 2 0 0 0 0 0 0 0 1 1 1 0 0 3 165 238 255 255 235 227 245 253 255 239 103 32 6 0 5 6 0 0 0 0 0 5 2 0 3 0 2 31 219 255 254 151 81 16 36 133 245 255 237 85 9 0 0 0 0 0 0 0 0 8 0 0 4 0 8 54 255 250 228 18 0 10 94 216 255 235 255 173 3 0 10 5 0 0 0 0 0 7 0 0 8 0 3 42 239 247 255 193 240 232 239 245 255 247 242 255 45 0 13 0 0 0 0 0 0 2 0 0 9 0 0 9 194 255 247 255 255 255 255 252 239 255 255 167 52 0 6 0 0 0 0 0 0 0 1 2 3 0 0 0 39 218 255 252 237 240 226 255 253 255 207 0 0 2 4 3 0 0 0 0 1 0 2 0 0 0 5 0 3 44 95 89 105 50 15 214 255 251 94 0 0 6 0 0 0 0 0 0 0 0 0 0 0 0 0 0 0 2 4 7 0 7 54 241 253 241 0 8 0 2 12 0 0 0 0 0 0 0 0 0 0 0 0 0 0 0 0 0 0 0 134 245 255 237 5 0 5 10 0 1 0 0 0 0 0 0 0 0 0 0 0 0 9 5 0 4 0 17 224 252 243 153 0 0 6 8 0 7 0 0 0 0 0 0 0 0 0 0 0 0 0 0 0 0 0 70 245 248 199 35 0 12 0 0 0 7 0 0 0 0 0 0 0 0 0 0 0 0 0 0 2 0 17 171 248 255 128 0 2 16 0 0 1 0 0 0 0 0 0 0 0 0 0 0 0 0 1 4 5 4 88 255 255 254 39 0 11 0 2 11 0 0 0 0 0 0 0 0 0 0 0 0 0 0 0 0 0 5 165 255 255 152 0 1 3 0 3 5 3 0 0 0 0 0 0 0 0 0 0 0 0 0 7 2 0 20 231 248 253 52 8 0 0 15 0 0 12 0 0 0 0 0 0 0 0 0 0 0 0 0 5 6 0 148 255 252 248 41 0 0 0 0 0 0 0 0 0 0 0 0 0 0 0 0 0 0 0 0 0 0 20 255 244 247 149 8 0 0 0 0 0 0 0 0 0 0 0 0 0 0 0 0 0 0 0 0 5 16 0 152 252 210 11 0 0 0 0 0 0 0 0 0 0 0 0 0 0 0 0 0 0 0 0 0 12 0 0 7 0 0 0 11 0 0 0 0 0 0 0 0 0 0 0 0
0 0 0 0 0 0 0 0 2 6 0 0 4 1 0 0 7 0 8 0 0 3 0 5 0 0 0 0 0 0 0 0 0 0 0 0 4 1 0 0 5 7 0 0 1 0 7 0 2 12 0 0 0 0 0 0 0 0 0 0 0 0 0 0 0 1 11 10 1 0 0 3 0 0 2 0 0 9 0 0 0 0 0 0 0 0 0 0 0 0 0 0 15 3 0 0 0 5 8 2 5 7 6 0 0 0 1 1 0 0 0 0 0 0 0 0 0 0 0 0 0 0 0 5 0 0 2 0 0 6 7 6 1 0 3 2 0 0 0 0 0 0 0 0 0 0 0 0 18 3 7 7 0 0 8 0 0 0 0 1 7 0 3 0 0 0 0 0 0 0 0 0 0 0 0 0 7 0 0 49 99 158 189 173 110 57 0 0 4 0 3 0 0 0 0 0 0 0 0 0 0 0 0 0 0 55 176 254 254 252 255 248 255 164 33 0 4 0 5 0 0 0 0 0 1 1 0 2 0 10 0 0 55 212 237 255 254 241 217 242 255 239 101 0 0 0 3 0 0 0 0 0 0 0 0 3 0 0 0 28 220 242 255 197 83 0 0 3 62 218 190 26 0 0 5 0 0 0 0 0 0 2 0 2 0 0 14 114 241 255 167 18 10 12 12 0 3 221 232 45 10 2 8 0 0 0 0 0 0 7 0 0 0 5 57 226 255 239 41 12 0 0 12 0 38 243 255 109 12 0 0 4 0 0 0 0 1 6 1 0 0 6 71 255 255 230 0 4 5 17 1 0 137 255 255 139 0 6 3 0 0 0 0 0 0 0 3 0 0 0 40 230 255 229 63 2 9 0 21 203 250 255 235 173 0 9 2 0 0 0 0 0 1 0 2 0 0 0 4 155 249 255 255 216 205 228 251 255 254 252 255 222 14 0 0 8 0 0 0 0 10 0 0 0 0 1 0 110 247 255 244 253 255 248 255 245 253 255 253 165 0 5 7 0 0 0 0 0 0 2 1 0 0 0 10 19 149 215 255 255 255 255 208 140 151 255 255 236 0 7 0 4 0 0 0 0 0 1 2 0 0 0 4 9 0 25 36 24 23 32 20 0 38 229 252 193 0 13 5 0 0 0 0 0 0 0 3 2 0 0 0 0 3 3 1 0 0 0 1 1 68 255 255 156 1 0 3 0 0 0 0 0 0 0 2 2 0 0 0 0 0 0 2 7 7 2 0 0 114 255 248 138 4 0 0 14 0 0 0 0 0 0 0 0 0 0 0 1 0 0 0 0 0 0 1 0 104 234 251 142 6 9 0 4 0 0 0 0 0 0 0 0 0 0 2 4 4 7 4 0 0 5 7 5 109 255 255 134 0 1 3 0 0 0 0 0 0 0 0 0 0 1 1 1 0 0 0 2 2 0 0 0 102 254 252 158 76 0 5 1 0 0 0 0 0 0 0 0 1 0 0 0 5 0 0 6 6 0 0 3 108 251 255 255 234 8 0 0 0 0 0 0 0 0 0 0 0 0 0 0 0 0 0 0 0 0 0 0 66 243 253 255 99 3 6 0 0 0 0 0 0 0 0 0 0 0 0 0 0 0 0 0 0 0 0 0 0 146 181 150 11 0 5 17 0 0 0 0 0 0 0 0 0 0 0 0 0 0 0 0 0 0 0 0 4 8 3 2 0 23 0 0 0 0 0 0 0 0 0 0 0 0 0 0 0 0 0 0 0 0 0 0 0 0 0 0 0 2 0 17 0 0 0 0
0 0 0 0 0 0 0 0 5 0 0 1 3 0 0 0 2 0 0 0 1 0 0 0 0 0 0 0 0 0 0 0 0 0 0 0 0 0 0 4 5 3 3 4 0 7 11 1 0 0 6 6 0 0 0 0 0 0 0 0 0 0 0 0 0 2 4 0 0 0 0 0 3 0 0 1 2 0 0 4 0 0 0 0 0 0 0 0 0 0 0 0 3 6 2 0 0 0 0 0 10 0 0 5 5 0 0 0 0 0 0 0 0 0 0 0 0 0 0 0 0 1 0 0 0 4 3 0 0 0 5 0 0 5 8 0 0 0 0 0 0 0 0 0 0 0 0 0 0 0 1 5 3 0 0 0 12 0 0 2 5 0 0 0 0 0 0 0 0 0 0 0 0 0 0 0 2 0 1 5 0 0 0 15 0 0 0 0 0 0 3 16 0 0 0 0 0 0 0 0 0 0 0 0 4 0 0 3 0 0 24 65 177 255 250 116 7 0 8 0 0 0 0 0 0 0 0 0 0 0 0 0 0 0 0 13 0 28 175 251 244 255 251 249 11 0 0 6 0 0 0 0 0 0 0 0 0 0 0 0 0 4 18 0 96 231 252 202 63 77 251 214 0 4 9 1 0 0 0 0 0 0 0 0 0 0 0 0 5 0 0 131 255 255 109 6 121 249 255 59 0 0 1 0 0 0 0 0 0 0 0 0 0 0 0 0 0 39 207 253 232 76 20 139 241 255 219 0 7 14 0 9 0 0 0 0 0 0 0 0 0 0 0 0 30 229 253 188 22 0 125 237 255 255 165 2 0 0 9 9 0 0 0 0 0 0 0 0 0 0 0 0 190 255 205 27 46 165 246 214 123 255 81 0 17 0 4 0 0 0 0 0 0 0 0 0 0 0 0 0 255 249 131 151 249 255 116 0 249 231 49 8 0 3 0 17 0 0 0 0 0 0 0 0 0 0 0 0 231 253 255 240 228 92 0 98 255 228 2 2 0 0 11 0 0 0 0 0 0 0 0 0 0 0 0 0 33 131 122 59 0 1 0 114 255 172 0 4 0 0 7 0 0 0 0 0 0 0 0 0 0 0 0 0 0 15 0 0 0 10 0 179 255 138 0 6 0 0 2 0 0 0 0 0 0 0 0 0 0 0 0 0 2 0 0 4 6 4 16 249 237 68 0 0 0 3 0 1 0 0 0 0 0 0 0 0 0 0 0 0 0 1 12 10 0 0 85 255 203 10 0 0 0 4 0 4 0 0 0 0 0 0 0 0 0 0 0 0 0 0 1 0 0 0 179 243 166 0 7 3 0 3 0 0 0 0 0 0 0 0 0 0 0 0 0 0 20 0 0 6 3 30 255 248 98 0 6 1 0 2 0 1 0 0 0 0 0 0 0 0 0 0 0 0 0 0 0 9 3 67 255 252 26 0 0 0 0 0 3 3 0 0 0 0 0 0 0 0 0 0 0 0 0 7 0 3 0 93 244 203 0 13 4 0 0 0 4 0 0 0 0 0 0 0 0 0 0 0 0 0 11 0 2 1 0 166 255 167 0 0 0 0 0 0 0 0 0 0 0 0 0 0 0 0 0 0 0 0 0 15 1 0 10 242 255 106 0 0 0 0 0 0 0 0 0 0 0 0 0 0 0 0 0 0 0 0 0 12 0 0 43 255 225 37 0 0 0 0 0 0 0 0 0 0 0 0 0 0 0 0 0 0 0 0 4 0 9 18 0 0 0 0 0 0 0 0 0 0 0 0 0 0 0 0
0 0 0 0 0 0 0 0 2 0 0 0 12 6 0 3 0 0 0 0 0 0 0 0 0 0 0 0 0 0 0 0 0 0 0 0 0 7 16 2 0 0 1 0 0 0 0 0 0 0 0 0 0 0 0 0 0 0 0 0 0 0 0 0 5 0 0 6 0 2 9 0 0 0 0 0 0 0 0 0 0 0 0 0 0 0 0 0 0 0 0 0 1 0 2 5 0 0 0 0 0 0 0 0 0 0 0 0 0 0 0 0 0 0 0 0 0 0 0 0 0 14 3 0 8 12 1 4 0 0 0 0 0 0 0 0 0 0 0 0 0 0 0 0 0 0 0 0 0 1 0 0 4 0 0 0 0 0 0 0 0 0 0 0 0 0 0 0 0 0 0 0 0 0 0 0 0 0 13 6 0 4 21 0 0 0 0 0 0 0 0 0 0 0 0 0 0 0 0 0 0 0 0 0 7 0 2 0 44 202 204 24 0 0 0 0 0 0 0 0 0 0 0 0 0 2 0 3 0 8 0 0 0 7 3 135 251 165 94 6 6 128 120 0 9 2 0 0 0 0 0 0 8 0 0 6 0 0 6 0 0 59 224 241 63 0 5 0 0 219 206 1 0 5 5 1 0 0 0 0 7 0 1 3 7 0 3 0 59 219 147 37 0 6 10 3 147 255 226 15 0 0 3 5 0 0 0 0 0 0 7 0 4 3 0 43 221 134 20 0 11 0 0 101 248 219 187 12 5 0 5 0 0 0 0 0 0 0 6 0 0 11 0 176 204 19 0 0 0 23 127 255 122 154 194 0 0 0 7 0 0 0 0 0 1 0 0 4 0 5 3 255 148 2 0 20 39 152 255 123 1 177 210 0 2 3 0 9 0 0 0 0 1 4 0 6 0 2 3 173 247 179 179 199 255 221 69 15 5 226 159 0 6 3 0 7 0 0 0 0 0 11 0 1 3 7 0 16 121 186 183 148 57 13 1 0 17 231 92 3 0 8 12 0 0 0 0 0 0 0 0 0 0 0 0 0 5 0 1 0 7 0 8 0 56 255 57 0 0 3 1 0 0 0 0 0 0 0 0 0 0 0 0 0 0 0 5 0 8 0 11 0 99 255 59 0 7 0 0 0 0 0 0 0 0 0 0 0 0 0 0 0 2 0 7 0 0 0 3 0 144 226 34 0 9 0 0 0 0 0 0 0 0 0 0 0 0 0 0 0 9 0 4 0 0 0 0 10 204 145 4 0 0 0 0 4 0 0 0 0 0 0 0 0 0 0 0 0 3 0 1 2 1 2 3 45 255 76 1 5 0 4 0 0 0 0 0 0 0 0 0 0 0 0 0 0 0 0 2 5 5 0 0 86 255 28 4 11 0 7 0 0 0 0 0 0 0 0 0 0 0 0 0 0 0 6 2 0 0 0 5 156 171 4 0 4 0 1 4 0 0 0 0 0 0 0 0 0 0 0 0 0 0 10 0 0 0 0 36 235 96 6 1 0 6 0 8 0 0 0 0 0 0 0 0 0 0 0 0 0 0 3 2 0 0 7 160 247 19 10 0 0 0 1 2 0 0 0 0 0 0 0 0 0 0 0 0 0 0 0 0 0 0 7 255 207 9 4 0 0 0 2 1 0 0 0 0 0 0 0 0 0 0 0 0 0 0 0 0 2 8 0 205 81 0 0 0 0 2 3 0 0 0 0 0 0 0 0 0 0 0 0 0 0 0 3 0 4 2 0 35 0 0 0 0 0 2 2 0 0 0 0 0 0
0 0 0 0 0 0 0 0 1 0 0 0 1 5 5 2 2 1 3 0 0 7 0 3 0 0 0 0 0 0 0 0 0 0 0 0 6 0 0 7 2 0 0 0 0 2 13 0 5 0 0 0 0 0 0 0 0 0 0 0 0 0 0 0 0 0 0 0 0 2 10 10 1 2 0 0 0 0 11 5 0 0 0 0 0 0 0 0 0 0 0 0 0 4 7 8 11 11 0 0 2 11 2 5 15 0 0 0 0 0 0 0 0 0 0 0 0 0 0 0 3 0 0 0 0 0 0 7 0 2 0 8 0 0 0 13 0 0 0 0 0 0 0 0 0 0 0 0 0 13 15 0 0 8 14 3 5 1 2 0 4 15 0 1 0 0 0 0 0 0 0 0 0 0 0 0 0 1 0 0 50 127 167 163 255 204 149 2 0 4 0 0 0 0 0 0 0 0 0 0 0 0 0 0 8 0 49 172 254 243 195 171 117 117 161 0 1 0 6 0 0 0 0 0 0 0 0 0 0 0 0 0 0 15 187 142 35 24 17 6 0 2 0 60 2 2 0 2 0 0 0 0 0 0 0 0 0 0 0 0 14 137 50 9 1 0 11 0 0 0 22 227 103 0 10 0 0 0 0 0 0 0 0 0 0 0 0 0 0 199 68 3 0 11 8 0 16 35 219 255 215 7 4 1 0 0 0 0 0 0 0 0 0 0 0 0 4 242 115 15 0 0 0 19 87 186 255 238 123 0 0 0 0 0 0 0 0 0 0 0 0 0 0 0 0 223 241 55 8 39 26 218 254 255 253 179 5 14 6 8 0 0 0 0 0 0 0 0 0 0 0 0 1 172 234 230 251 237 221 248 255 232 233 36 0 1 0 0 0 0 0 0 0 0 0 0 0 0 0 0 0 57 179 245 248 236 172 120 212 255 143 5 18 0 6 0 0 0 0 0 0 0 0 0 0 0 0 0 0 2 0 9 17 28 10 19 255 232 82 0 0 0 0 1 0 0 0 0 0 0 0 0 0 0 0 0 0 11 0 0 9 0 0 145 248 226 15 5 0 1 0 0 0 0 0 0 0 0 0 0 0 0 0 0 10 0 0 8 0 9 57 252 255 140 0 2 8 0 0 5 0 0 0 0 0 0 0 0 0 0 0 0 0 8 0 3 0 2 159 249 230 38 0 0 10 0 2 3 0 0 0 0 0 0 0 0 0 0 0 0 0 17 0 14 2 84 255 251 112 0 4 1 0 0 10 0 0 0 0 0 0 0 0 0 0 0 0 0 3 5 0 8 0 202 250 228 13 0 11 4 0 0 10 0 0 0 0 0 0 0 0 0 0 0 0 0 6 4 4 0 78 255 231 84 0 2 0 2 1 0 1 1 0 0 0 0 0 0 0 0 0 0 0 0 0 0 2 47 216 255 192 0 0 1 0 0 6 1 0 4 0 0 0 0 0 0 0 0 0 0 0 0 13 0 4 171 255 238 49 3 2 0 14 0 3 3 0 2 0 0 0 0 0 0 0 0 0 0 0 0 3 0 44 238 255 130 19 0 0 0 0 0 0 0 0 0 0 0 0 0 0 0 0 0 0 0 0 0 0 14 110 246 191 0 0 33 0 0 0 0 0 0 0 0 0 0 0 0 0 0 0 0 0 0 0 0 1 3 0 0 11 0 9 0 0 0 0 0 0 0 0 0 0 0 0 0 0 0 0 0 0 0 0 0 0 10 8 1 7 0 13 0 0 0 0 0 0 0 0 0 0 0 0 0
0 0 0 0 0 0 0 0 0 0 0 0 0 0 2 4 1 1 0 4 3 0 10 0 0 0 0 0 0 0 0 0 0 0 0 0 7 0 0 10 9 0 0 0 2 7 0 5 1 0 2 2 0 0 0 0 0 0 0 0 0 0 0 0 0 1 0 0 0 4 9 6 0 2 0 6 9 0 0 0 0 0 0 0 0 0 0 0 0 0 0 0 0 6 10 6 4 3 0 0 0 6 0 0 7 4 0 0 0 0 0 0 0 0 0 0 0 0 0 0 0 0 0 0 0 0 0 13 4 7 2 0 0 3 1 1 0 0 0 0 0 0 0 0 0 0 0 0 0 12 10 0 0 14 13 0 0 0 2 3 0 2 0 0 0 0 0 0 0 0 0 0 0 0 0 0 0 3 0 0 49 134 182 184 87 4 0 11 3 4 0 0 0 0 0 0 0 0 0 0 0 0 0 0 4 0 52 166 247 255 250 255 234 64 0 0 0 2 2 6 0 0 0 0 0 1 0 0 0 0 4 6 0 127 235 251 255 137 142 202 244 181 2 5 0 0 0 0 0 0 0 0 2 2 0 0 6 3 0 0 43 231 245 202 22 0 6 24 255 242 43 0 0 16 4 10 0 0 0 0 2 1 4 0 6 7 0 26 201 255 109 12 0 0 19 0 137 249 177 35 3 0 0 2 0 0 0 0 0 0 10 0 0 0 2 97 241 248 43 0 0 4 0 9 138 255 251 205 63 29 0 1 0 0 0 0 1 0 5 0 0 0 8 126 255 182 7 1 0 9 0 28 235 221 255 251 89 0 1 0 0 0 0 0 9 0 0 0 8 0 1 83 239 152 0 0 7 0 0 125 255 247 255 247 0 0 2 9 0 0 0 0 7 0 0 0 7 0 0 24 247 241 27 37 21 50 63 236 250 249 254 145 0 0 12 0 0 0 0 0 0 8 1 0 0 0 2 0 105 255 255 251 255 220 252 254 248 255 248 131 9 2 0 13 0 0 0 0 0 0 0 0 0 0 0 0 13 43 96 170 151 74 250 219 159 255 253 97 1 4 0 4 0 0 0 0 0 0 0 0 0 0 0 0 2 0 14 2 1 0 37 7 201 244 244 53 0 0 9 0 0 0 0 0 0 0 0 0 0 0 0 0 9 11 2 0 0 6 4 15 252 248 221 12 0 0 16 0 0 0 0 0 0 0 0 0 0 0 0 0 0 0 0 5 9 2 0 110 255 255 162 0 4 0 12 0 0 0 0 0 0 0 0 0 0 0 0 0 17 0 10 4 3 7 0 167 247 252 81 0 4 4 1 0 0 0 0 0 0 0 0 0 0 0 0 0 7 0 1 0 0 0 62 218 254 220 31 2 0 1 0 5 0 0 0 0 0 0 0 0 0 0 0 0 0 15 0 5 9 0 188 255 255 135 10 1 2 0 0 1 0 0 0 0 0 0 0 0 0 0 0 0 5 0 0 0 5 5 200 243 232 38 0 0 6 0 13 0 0 0 0 0 0 0 0 0 0 0 0 0 0 13 0 0 7 0 177 255 217 12 0 10 0 7 0 2 0 0 0 0 0 0 0 0 0 0 0 0 0 8 0 0 7 2 122 178 85 0 0 0 0 11 0 4 0 0 0 0 0 0 0 0 0 0 0 0 0 2 2 10 5 0 3 8 0 2 7 0 3 9 0 2 0 0 0 0 0 0 0 0 0 0 0 0 4 4 0 1 0 4 0 0 0 9 0 0 14 1 0 0 0 0 0 0
0 0 0 0 0 0 0 0 0 1 3 0 0 0 1 1 0 1 1 0 3 0 0 5 0 0 0 0 0 0 0 0 0 0 0 0 0 5 8 0 0 10 6 0 3 1 0 2 7 0 0 1 0 0 0 0 0 0 0 0 0 0 0 0 13 0 0 0 1 0 0 14 5 0 0 0 3 0 0 2 0 0 0 0 0 0 0 0 0 0 0 0 0 3 10 4 0 2 0 0 0 0 1 1 0 0 4 0 0 0 0 0 0 0 0 0 0 0 0 0 3 1 1 2 0 0 0 6 0 0 8 7 0 2 5 0 0 0 0 0 0 0 0 0 0 0 0 0 0 0 0 0 3 8 8 6 15 0 0 2 0 4 7 0 0 0 0 0 0 0 0 0 0 0 0 0 0 14 1 0 75 206 255 242 123 33 0 0 0 0 6 0 0 0 0 0 0 0 0 0 0 0 0 0 9 0 11 127 232 255 255 253 255 103 3 4 2 0 0 5 0 0 0 0 0 0 0 0 0 0 0 0 0 25 165 244 255 244 149 238 246 181 0 1 0 0 0 5 0 0 0 0 0 0 0 0 0 0 0 0 6 139 252 249 137 33 21 233 160 43 0 0 10 0 0 0 0 0 0 0 0 0 0 0 0 0 0 0 29 217 255 187 24 0 0 80 0 18 0 4 0 4 8 2 0 0 0 0 0 0 0 0 0 0 0 0 52 255 247 8 7 6 0 0 37 0 16 0 4 0 4 0 0 0 0 0 0 0 0 0 0 0 0 0 143 254 219 16 0 7 6 8 161 221 5 6 8 0 0 7 0 0 0 0 0 0 0 0 0 0 0 0 145 253 179 13 0 3 10 126 236 255 94 0 0 0 14 2 0 0 0 0 0 0 0 0 0 0 0 0 134 250 255 100 112 80 198 255 238 255 28 0 20 0 0 0 0 0 0 0 0 0 0 0 0 0 0 0 49 255 247 253 247 255 247 251 255 252 115 3 0 0 9 1 0 0 0 0 0 0 0 0 0 0 0 0 0 100 245 252 255 242 255 201 250 255 117 0 7 14 0 8 0 0 0 0 0 0 0 0 0 0 0 0 11 0 133 198 122 70 99 33 255 239 111 4 0 0 21 0 0 0 0 0 0 0 0 0 0 0 0 0 1 3 0 0 3 0 0 45 253 243 55 0 12 0 24 0 0 0 0 0 0 0 0 0 0 0 0 0 0 4 0 0 0 10 0 1 195 255 70 4 5 0 0 16 0 0 0 0 0 0 0 0 0 0 0 0 20 0 0 24 0 0 8 0 198 255 126 0 6 16 0 0 0 0 0 0 0 0 0 0 0 0 0 0 0 7 0 4 9 5 0 12 104 255 213 0 0 1 2 14 0 0 0 0 0 0 0 0 0 0 0 0 6 6 4 2 0 0 6 0 49 240 208 2 3 9 0 1 0 0 0 0 0 0 0 0 0 0 0 0 3 0 0 11 0 0 5 0 82 249 248 133 2 7 0 1 0 0 0 0 0 0 0 0 0 0 0 0 0 0 0 0 0 0 0 0 51 239 255 126 8 0 0 3 0 0 0 0 0 0 0 0 0 0 0 0 0 0 0 0 0 0 0 0 0 177 223 63 0 0 20 1 0 0 0 0 0 0 0 0 0 0 0 0 0 0 0 0 0 0 0 0 0 2 11 0 12 0 0 0 0 0 0 0 0 0 0 0 0 0 0 0 0 0 0 0 0 0 0 0 11 0 0 9 4 15 1 3 0 0 0 0
0 0 0 0 0 0 0 0 0 0 0 0 0 0 0 0 4 0 0 0 4 0 4 7 0 0 0 0 0 0 0 0 0 0 0 0 0 0 0 0 0 0 0 0 0 9 11 9 0 0 0 0 1 0 0 0 0 0 0 0 0 0 0 0 0 0 0 0 0 0 0 0 0 5 0 7 0 12 6 11 0 0 0 0 0 0 0 0 0 0 0 0 0 0 0 0 0 0 0 0 10 0 0 1 0 0 0 1 0 0 0 0 0 0 0 0 0 0 0 0 0 0 0 0 0 0 0 0 0 0 6 6 11 0 0 0 0 0 0 0 0 0 0 0 0 0 0 0 0 0 0 0 0 0 0 0 4 3 0 0 0 12 9 0 0 0 0 0 0 0 0 0 0 0 0 0 0 0 0 0 0 0 0 0 0 5 0 17 0 3 0 6 7 5 2 0 0 0 0 0 0 0 0 0 0 0 0 0 0 0 0 0 73 123 157 252 169 159 150 245 12 9 4 0 0 0 0 0 0 0 0 0 2 0 0 0 0 42 100 207 245 166 66 48 7 0 84 171 40 15 0 0 0 0 0 0 0 0 0 0 0 2 14 138 234 246 219 128 83 7 0 1 0 13 8 3 17 3 0 0 0 0 0 0 0 0 0 0 0 94 153 255 221 49 1 0 3 0 0 0 0 158 188 23 0 0 0 3 0 0 0 0 0 0 0 0 37 137 111 55 0 0 4 5 0 26 0 2 138 239 203 0 0 0 3 7 0 0 0 0 0 0 0 0 169 116 0 0 0 22 6 3 5 5 8 170 246 252 86 6 3 1 1 3 0 0 0 0 0 0 0 0 96 181 32 5 10 2 0 0 15 129 0 148 213 119 2 0 2 0 0 0 0 0 0 0 0 0 0 0 29 203 181 152 157 92 23 11 68 149 229 94 70 10 0 23 0 0 0 0 0 0 0 0 0 0 0 0 1 60 206 204 112 28 9 2 0 54 51 4 0 8 0 0 0 3 4 1 0 0 0 0 0 0 0 0 0 5 0 6 8 0 0 1 3 0 0 5 6 0 0 0 0 0 0 0 0 0 0 0 0 0 0 0 0 3 0 0 0 23 3 0 24 8 0 0 1 0 0 3 0 0 0 0 0 0 0 0 0 0 0 0 0 7 14 0 19 0 0 11 28 10 0 0 1 0 0 2 0 0 0 0 0 0 0 0 0 0 0 0 15 0 0 3 0 73 230 0 8 0 0 1 4 2 0 0 0 0 0 0 0 0 0 0 0 0 0 0 1 0 5 15 12 93 22 0 0 0 0 4 3 0 0 0 0 0 0 0 0 0 0 0 0 0 0 0 0 8 0 87 118 83 17 5 0 2 3 1 0 0 0 5 0 0 0 0 0 0 0 0 0 0 0 0 2 0 147 238 168 21 0 0 3 4 2 0 0 0 1 4 0 0 0 0 0 0 0 0 0 0 0 0 73 139 255 149 2 6 0 0 0 0 0 0 1 4 1 0 0 0 0 0 0 3 1 0 3 0 8 33 226 196 129 0 0 6 0 5 0 0 0 0 0 0 0 0 0 0 0 0 4 0 8 8 0 81 221 255 216 16 0 17 0 0 13 0 0 0 0 0 0 0 0 0 0 0 0 0 11 0 12 0 0 161 255 198 61 0 8 3 0 0 17 0 0 0 0 0 0 0 0 0 0 0 0 0 2 0 1 0 0 10 10 0 0 5 9 0 12 9 0 0 0 0 0 0 0 0 0 0 0 0 0 0
0 0 0 0 0 0 0 0 0 0 0 0 0 0 0 1 0 1 0 2 4 0 5 2 0 0 0 0 0 0 0 0 0 0 0 0 5 3 0 0 0 5 4 1 0 9 6 0 0 1 8 3 0 0 0 0 0 0 0 0 0 0 0 0 0 2 3 0 0 2 0 0 0 0 3 0 0 0 0 0 0 0 0 0 0 0 0 0 0 0 0 0 0 0 5 0 0 0 2 1 7 0 1 8 10 4 0 5 0 0 0 0 0 0 0 0 0 0 0 0 3 3 0 0 0 2 6 7 9 0 0 0 1 0 0 0 0 0 0 0 0 0 0 0 0 0 0 0 5 0 0 3 6 0 0 0 0 9 1 0 0 0 13 4 0 0 0 0 0 0 0 0 0 0 0 0 0 0 0 7 2 0 19 52 202 226 193 168 92 4 5 0 0 0 0 0 0 0 0 0 0 0 0 0 1 0 1 0 0 8 97 192 244 255 247 255 150 0 0 8 0 0 0 0 0 0 0 0 0 0 0 0 0 0 14 2 29 133 251 253 194 227 255 248 251 69 22 0 0 0 0 0 0 0 0 0 0 0 0 0 19 0 8 22 186 246 242 155 0 11 16 158 241 215 0 1 0 0 0 0 0 0 0 0 0 0 0 0 0 6 52 236 248 250 50 0 3 24 0 109 255 206 0 3 0 0 0 0 0 0 0 0 0 0 0 0 13 57 219 254 161 37 0 6 0 0 0 42 255 155 14 5 0 0 0 0 0 0 0 0 0 0 0 0 2 147 248 190 41 16 0 0 0 0 30 143 243 221 0 0 0 0 0 0 0 0 0 0 0 0 0 0 82 255 255 75 0 0 0 5 6 37 187 226 252 103 12 1 0 0 0 0 0 0 0 0 0 0 0 0 178 251 128 0 10 3 0 0 120 216 251 255 92 0 0 4 0 0 0 0 0 0 0 0 0 0 0 0 170 248 129 16 0 26 124 203 254 255 235 111 0 0 11 0 0 0 0 0 0 0 0 0 0 0 0 0 113 255 248 255 255 246 255 253 255 168 45 0 1 2 0 2 0 0 0 0 0 0 0 0 0 0 0 0 5 163 241 246 255 249 253 255 183 21 0 27 0 0 18 0 0 0 0 0 0 0 0 0 0 0 0 0 0 18 27 25 23 199 237 209 46 0 0 13 0 0 7 0 0 0 0 0 0 0 0 0 0 0 0 0 15 0 2 0 126 255 228 50 0 25 11 0 1 3 0 5 0 0 0 0 0 0 0 0 0 0 0 0 0 11 9 75 254 239 104 0 7 0 0 0 0 1 3 0 0 0 0 0 0 0 0 0 0 0 0 0 0 14 19 208 255 135 0 5 11 0 0 14 0 0 7 0 0 0 0 0 0 0 0 0 0 0 0 0 14 0 123 249 249 26 6 3 0 12 11 0 0 0 0 5 0 0 0 0 0 0 0 0 0 0 0 0 0 16 203 249 222 3 8 0 0 3 0 0 8 6 0 3 0 0 0 0 0 0 0 0 0 0 0 0 5 119 255 253 93 0 0 3 0 0 0 0 0 0 0 0 0 0 0 0 0 0 0 0 0 0 0 0 4 157 255 166 14 0 21 0 0 0 0 0 0 0 0 0 0 0 0 0 0 0 0 0 0 0 0 0 0 0 2 7 2 6 5 0 0 0 0 0 0 0 0 0 0 0 0 0 0 0 0 0 0 0 0 0 9 4 0 1 0 0 0 11 0 0 0 0 0 0 0 0 0 0 0 0
0 0 0 0 0 0 0 0 0 0 2 2 1 0 0 0 0 3 0 0 10 0 0 1 0 0 0 0 0 0 0 0 0 0 0 0 1 0 0 0 0 0 0 1 0 8 3 0 0 5 9 1 0 0 0 0 0 0 0 0 0 0 0 0 0 0 2 4 5 4 4 3 0 0 0 22 0 2 0 0 0 0 0 0 0 0 0 0 0 0 0 0 5 2 0 0 0 0 0 0 4 6 0 0 0 6 7 0 0 0 0 0 0 0 0 0 0 0 0 0 2 0 0 0 0 4 5 4 6 1 0 0 22 0 0 2 0 0 0 0 0 0 0 0 0 0 0 0 0 0 4 4 0 0 0 0 0 0 3 0 3 0 0 18 0 0 0 0 0 0 0 0 0 0 0 0 0 7 11 0 0 0 28 57 188 235 196 93 0 9 18 0 0 0 0 0 0 0 0 0 0 0 0 0 0 2 1 0 8 75 181 255 248 251 241 224 12 0 0 3 0 0 0 0 0 4 6 0 0 0 0 0 1 0 9 3 77 253 245 175 92 84 255 215 32 1 0 5 0 0 0 0 0 3 3 0 0 2 3 0 5 0 20 142 255 172 50 0 0 161 245 228 0 0 5 0 0 0 0 0 2 2 0 0 0 3 4 2 0 4 131 238 172 0 11 1 44 243 255 163 0 0 3 0 0 0 0 0 2 0 0 0 1 3 1 0 0 74 233 159 15 0 0 10 149 255 189 42 8 0 10 1 0 0 0 0 0 0 0 2 2 0 0 0 32 221 100 0 0 14 0 0 202 255 42 2 1 0 14 0 0 0 0 0 0 0 1 4 2 0 0 1 128 211 0 0 7 0 17 6 209 210 7 5 0 3 0 0 0 0 0 0 0 0 2 3 0 0 3 14 159 9 0 20 0 0 7 3 207 114 5 0 0 9 0 4 0 0 0 0 0 0 2 2 0 0 9 26 172 42 14 0 11 29 167 218 255 127 0 19 0 0 8 0 0 0 0 0 6 0 0 4 0 0 12 46 255 49 0 9 69 172 255 195 244 136 0 0 0 12 0 1 0 0 0 0 2 0 0 4 0 0 6 29 244 213 153 197 255 255 132 24 204 136 6 2 0 6 0 6 0 0 0 0 0 0 2 3 0 0 0 7 74 198 253 251 137 74 5 15 189 142 8 0 0 0 0 0 0 0 0 0 0 1 2 0 0 0 0 0 10 19 89 95 20 0 7 0 222 151 0 0 0 0 4 0 0 0 0 0 0 1 1 0 0 2 1 0 0 0 10 2 12 0 13 6 250 140 0 0 8 0 6 0 0 0 0 0 0 1 0 0 0 2 2 0 2 10 0 0 0 2 2 13 241 102 0 5 4 0 1 5 0 0 0 0 2 0 0 1 1 0 0 2 0 3 0 8 1 7 6 30 242 74 1 5 0 0 0 0 0 0 0 0 2 0 0 4 3 0 0 1 0 9 0 0 8 0 7 102 255 73 8 3 0 9 8 0 0 0 0 0 0 0 0 0 0 0 0 0 5 0 2 0 4 0 11 139 253 80 0 9 1 0 2 4 0 0 0 0 0 0 0 0 0 0 0 0 0 0 8 0 3 0 0 74 242 91 0 0 2 8 7 0 0 0 0 0 0 0 0 0 0 0 0 0 0 0 10 0 0 4 0 11 3 0 0 2 0 0 2 5 0 0 0 0 0 0 0 0 0 0 0 0 5 0 5 0 0 7 0 0 0 3 9 7 6 2 0 0 0 0 0 0
0 0 0 0 0 0 0 0 5 0 9 2 0 8 0 0 0 0 0 0 2 4 0 0 0 0 0 0 0 0 0 0 0 0 0 0 4 0 5 0 0 2 0 3 0 8 9 0 0 0 5 0 0 0 0 0 0 0 0 0 0 0 0 0 0 0 6 0 6 8 0 8 7 0 0 9 12 0 0 4 0 0 0 0 0 0 0 0 0 0 0 0 0 5 1 0 2 0 0 0 0 0 0 0 0 5 1 0 0 0 0 0 0 0 0 0 0 0 0 0 0 0 0 0 2 3 6 7 7 4 3 1 0 0 0 16 0 0 0 0 0 0 0 0 0 0 0 0 0 0 0 9 0 0 7 0 0 0 0 1 6 7 3 0 0 0 0 0 0 0 0 0 0 0 0 0 6 1 4 11 0 0 51 49 237 233 154 29 0 5 19 0 0 0 0 0 0 0 0 0 0 0 0 0 9 0 0 9 3 76 211 251 251 253 255 226 121 7 0 10 0 0 0 0 0 5 0 0 3 0 0 0 0 0 10 3 159 255 224 139 165 255 255 253 141 0 6 0 0 0 0 0 0 2 0 1 0 0 2 1 0 13 2 161 253 157 20 0 164 239 250 237 36 9 0 11 0 0 0 0 0 0 2 2 0 1 5 0 0 15 135 252 182 1 4 13 240 246 255 154 0 4 0 0 0 0 0 0 4 0 3 2 0 3 0 0 4 224 240 144 30 9 0 81 255 243 228 40 0 0 19 0 0 0 0 0 7 0 2 0 0 3 0 3 14 255 166 27 0 0 26 222 246 255 138 4 0 0 6 6 0 0 0 0 6 0 4 0 1 0 0 37 233 243 56 0 11 36 187 255 255 228 54 0 15 0 0 0 0 0 0 0 1 0 8 0 4 0 0 90 245 255 11 0 26 150 255 255 244 87 0 0 14 3 1 0 0 0 0 0 0 0 12 0 5 0 7 131 255 173 12 71 216 253 255 245 254 15 0 16 0 1 0 5 0 0 0 0 0 6 0 0 10 0 18 124 254 254 253 255 248 247 255 251 171 10 0 0 0 7 0 9 0 0 0 0 0 7 0 0 8 0 0 37 196 255 246 234 195 255 255 249 90 0 0 3 0 9 0 1 0 0 0 0 0 3 0 0 6 4 0 0 31 82 71 38 118 237 251 204 11 0 4 3 0 6 0 0 0 0 0 0 0 0 3 2 0 4 7 1 0 0 0 4 174 251 255 126 0 3 2 0 0 0 3 0 0 0 0 0 1 0 6 8 0 0 2 5 2 3 5 103 238 255 208 17 0 12 0 0 3 0 1 0 0 0 0 0 4 0 0 7 1 0 0 0 0 0 6 116 255 255 198 7 5 5 0 0 8 0 0 0 0 0 0 0 0 0 0 1 6 5 1 0 11 0 0 96 255 246 131 9 4 0 0 2 3 1 0 0 0 0 0 0 0 5 1 0 0 0 0 2 0 7 8 163 255 254 26 0 3 0 8 1 0 1 0 6 0 0 0 0 0 0 0 0 0 0 0 0 2 5 0 184 254 253 0 0 0 0 0 0 0 0 0 0 0 0 0 0 0 0 0 0 0 0 0 0 1 0 24 78 177 122 2 0 0 0 0 0 0 0 0 0 0 0 0 0 0 0 0 0 0 0 0 0 6 0 1 0 20 13 0 11 0 0 0 0 0 0 0 0 0 0 0 0 0 0 0 0 0 0 0 0 0 7 0 1 0 16 0 2 0 0 0 0 0 0 0 0 0 0 0 0
0 0 0 0 0 0 0 0 7 0 0 3 0 1 3 0 2 0 0 0 0 0 2 4 0 0 0 0 0 0 0 0 0 0 0 0 0 0 11 9 0 0 4 8 0 4 12 11 2 0 0 0 0 0 0 0 0 0 0 0 0 0 0 0 18 10 0 0 0 0 0 0 0 0 0 0 0 4 8 9 0 0 0 0 0 0 0 0 0 0 0 0 0 1 6 5 10 10 2 0 3 2 3 5 7 4 0 0 0 0 0 0 0 0 0 0 0 0 0 0 1 6 0 0 1 0 0 0 0 0 0 0 0 0 1 9 0 0 0 0 0 0 0 0 0 0 0 0 0 3 0 0 4 0 0 18 11 5 1 2 7 6 0 0 0 0 0 0 0 0 0 0 0 0 0 0 0 7 0 2 28 60 131 223 192 152 89 30 0 0 0 11 0 0 0 0 0 0 0 0 0 0 0 0 4 0 4 98 221 255 249 255 247 255 255 195 93 15 0 0 0 0 0 0 0 0 5 0 2 10 0 13 1 23 214 245 252 223 126 9 22 24 111 225 231 87 2 6 0 0 0 0 7 1 3 0 7 0 17 0 30 227 245 224 59 0 0 10 2 0 4 73 232 232 3 0 0 0 0 0 0 3 7 2 16 0 0 12 182 255 202 39 15 0 20 0 0 19 35 230 255 172 14 12 0 0 0 0 0 8 0 0 3 11 22 217 255 147 0 12 0 11 0 0 0 0 233 246 252 133 0 0 0 0 0 0 0 5 4 5 0 0 48 244 220 15 20 0 6 0 0 18 11 180 242 252 249 104 12 0 0 0 0 0 9 0 0 0 0 24 222 255 45 17 0 0 10 0 21 0 13 251 255 249 220 0 0 7 0 0 0 0 2 0 5 3 10 55 255 169 1 1 0 9 7 0 0 6 41 252 255 227 85 15 2 3 0 0 0 0 9 0 1 0 3 95 250 153 0 3 0 5 0 3 8 0 139 237 255 124 0 0 0 0 0 0 0 0 5 3 0 0 14 64 255 219 33 0 0 10 0 0 0 74 241 252 96 0 0 4 0 3 0 0 0 0 0 0 7 6 0 6 183 255 185 53 0 0 95 88 131 234 255 240 42 5 3 2 0 0 0 0 0 0 2 0 6 7 0 0 58 188 255 230 199 134 252 255 246 246 247 198 0 0 0 0 7 0 0 0 0 0 6 0 0 2 3 6 0 33 58 174 255 231 161 78 22 80 255 198 5 8 0 0 8 0 0 0 0 0 0 8 0 4 0 8 0 0 5 7 22 48 2 0 0 98 255 166 15 1 0 0 3 0 0 0 0 0 0 5 0 13 0 0 15 0 6 0 2 0 0 13 20 70 240 128 0 0 9 0 0 8 0 0 0 0 2 0 0 9 2 1 3 0 0 0 9 12 9 0 0 81 255 174 2 7 11 0 0 0 0 0 0 0 2 4 0 0 3 3 0 8 2 10 0 0 0 2 0 95 243 208 8 10 0 0 10 0 0 0 0 0 0 0 0 0 0 0 0 0 0 1 2 0 0 1 9 16 247 242 213 112 2 0 12 0 0 0 0 0 0 0 0 0 0 0 0 0 0 1 2 0 0 0 4 9 98 250 175 7 9 18 0 1 0 0 0 0 0 0 0 0 0 0 0 0 0 1 2 0 0 0 0 1 0 7 8 0 0 0 6 11 0 0 0 0 0 0 0 0 0 0 0 0 0 0 1 0 0 0 0 0 20 0 0 15 3 0 4 0 0 0 0 0
0 0 0 0 0 0 0 0 5 0 1 0 0 0 9 0 0 2 2 0 5 0 6 0 0 0 0 0 0 0 0 0 0 0 0 0 3 0 0 4 10 7 2 0 0 0 0 0 9 0 9 0 0 0 0 0 0 0 0 0 0 0 0 0 0 14 12 0 0 0 0 4 6 0 3 0 4 2 0 0 0 0 0 0 0 0 0 0 0 0 0 0 0 4 0 0 12 14 0 0 6 0 8 0 0 0 0 0 0 0 0 0 0 0 0 0 0 0 0 0 4 4 0 0 0 0 0 14 0 0 1 7 1 0 0 5 0 0 0 0 0 0 0 0 0 0 0 0 0 9 7 0 3 15 7 0 14 10 0 4 1 0 4 3 0 0 0 0 0 0 0 0 0 0 0 0 4 0 0 41 133 232 255 242 132 93 0 1 0 0 11 0 0 0 0 0 0 0 0 0 0 0 0 0 0 12 114 239 255 252 247 255 255 191 24 6 0 0 18 0 0 0 0 0 1 0 7 0 0 3 1 0 8 74 243 255 224 116 86 135 255 243 160 0 3 2 3 0 0 0 0 0 3 0 4 0 0 6 0 0 5 240 252 209 21 12 0 52 243 255 227 6 5 0 3 9 0 0 0 0 5 0 1 0 0 7 0 4 120 246 215 31 0 0 0 0 215 245 255 1 0 0 0 1 0 0 0 0 4 0 2 0 0 5 2 22 226 242 157 0 12 8 0 5 213 244 239 0 2 7 6 0 0 0 0 0 1 0 4 0 0 1 6 45 239 255 81 12 0 0 2 0 218 247 197 0 0 7 10 0 0 0 0 0 0 2 5 0 0 0 6 58 254 205 16 0 14 0 4 20 224 253 187 1 0 0 3 0 0 0 0 0 0 2 3 0 4 0 0 57 255 213 11 0 0 1 4 150 246 255 225 9 0 0 7 6 0 0 0 0 0 1 0 0 8 0 0 50 245 255 24 0 17 0 91 255 249 255 245 0 2 4 0 0 0 0 0 0 0 0 1 3 0 0 15 40 255 247 126 0 0 64 237 255 253 254 248 0 6 0 0 8 0 0 0 0 4 0 0 2 0 0 3 17 149 255 233 114 120 228 255 181 135 247 239 2 11 3 1 0 0 0 0 0 5 0 0 2 3 0 0 0 12 209 248 253 246 234 120 0 92 255 242 47 2 0 8 8 0 0 0 0 2 0 0 4 7 3 0 0 5 6 117 122 0 18 0 1 49 187 255 173 48 0 0 3 0 0 0 0 0 0 0 3 3 1 1 3 5 0 0 5 0 0 2 1 0 50 252 255 86 0 0 0 0 0 0 0 0 1 2 0 0 0 0 2 2 0 31 0 0 6 0 4 1 0 247 254 108 2 7 1 0 0 0 0 0 0 0 0 0 0 0 0 0 18 0 0 27 2 0 11 5 0 255 253 195 26 0 0 0 0 0 0 0 0 0 0 1 4 3 0 0 0 7 2 0 1 4 0 0 5 253 238 255 44 0 11 0 0 0 0 0 0 0 0 0 0 0 0 0 0 0 0 0 0 0 0 0 21 85 255 255 158 0 0 0 0 0 0 0 0 0 0 0 0 0 0 0 0 0 0 0 0 0 0 23 0 11 198 242 143 0 0 0 0 0 0 0 0 0 0 0 0 0 0 0 0 0 0 0 0 0 0 0 2 0 0 2 14 0 6 0 0 0 0 0 0 0 0 0 0 0 0 0 0 0 0 0 0 0 0 0 13 12 2 1 0 0 1 0 0 0 0
0 0 0 0 0 0 0 0 1 1 0 0 0 2 1 0 1 2 2 0 0 0 2 5 0 0 0 0 0 0 0 0 0 0 0 0 0 0 8 7 1 0 1 4 0 1 4 0 0 3 0 0 0 0 0 0 0 0 0 0 0 0 0 0 9 1 0 0 2 2 0 0 1 0 0 7 11 1 0 9 0 0 0 0 0 0 0 0 0 0 0 0 0 0 2 3 0 0 2 12 2 0 0 0 0 0 0 2 0 0 0 0 0 0 0 0 0 0 0 0 2 2 1 1 2 1 0 0 0 14 14 0 0 10 7 0 0 0 0 0 0 0 0 0 0 0 0 0 0 8 9 0 0 3 7 3 2 0 0 2 9 6 2 2 0 0 0 0 0 0 0 0 0 0 0 0 0 2 24 85 182 254 247 201 106 45 0 0 0 0 0 6 0 0 0 0 0 0 0 0 0 0 0 0 0 117 231 255 250 248 254 253 255 204 96 7 0 9 13 0 0 0 0 0 13 0 0 0 9 0 0 8 157 249 255 249 245 183 141 149 251 252 223 36 13 0 4 0 0 0 0 0 7 0 9 8 0 6 3 54 255 255 229 128 12 0 15 2 92 250 255 74 0 20 2 7 0 0 0 0 0 1 1 5 0 7 9 222 245 220 85 0 9 7 0 0 14 185 244 24 0 0 0 0 0 0 0 0 0 10 0 0 5 0 10 255 248 141 8 0 0 0 0 6 0 70 106 0 8 10 0 15 0 0 0 0 7 0 0 2 0 3 84 227 254 135 0 2 8 0 0 15 2 2 14 0 0 0 0 7 0 0 0 0 0 0 0 3 7 3 110 255 255 128 4 2 0 12 12 0 9 0 0 2 7 0 7 0 0 0 0 0 0 9 0 0 1 0 28 247 249 233 99 34 1 1 0 14 0 22 11 74 53 0 0 0 0 0 0 0 0 0 2 7 0 8 2 164 254 255 247 248 160 164 170 155 162 199 254 251 253 0 5 0 0 0 0 0 0 0 0 0 0 0 0 0 130 199 255 240 255 255 251 255 249 255 244 255 248 5 11 0 0 0 0 0 0 0 0 0 0 0 0 0 1 28 115 172 229 237 231 222 246 255 255 200 50 0 0 0 0 0 0 0 0 0 0 0 0 0 0 0 12 0 0 5 4 0 5 8 202 238 253 85 0 11 0 0 0 0 0 0 0 0 0 0 0 0 0 0 12 3 13 0 0 0 4 27 245 247 208 0 10 0 0 5 0 0 0 0 0 0 0 0 0 0 0 0 0 0 0 0 12 3 0 38 255 251 120 9 0 0 4 2 0 0 0 0 0 0 0 0 0 0 0 0 6 17 0 0 6 0 9 125 239 247 58 0 6 7 7 0 0 0 0 0 0 0 0 0 0 0 0 0 0 3 0 2 0 0 15 123 255 255 101 0 8 0 0 2 0 0 0 0 0 0 0 0 0 0 0 0 1 3 0 3 0 5 0 27 254 238 191 85 0 0 5 0 0 0 0 0 0 0 0 0 0 0 0 0 0 0 0 0 0 0 0 0 171 228 255 251 183 0 16 0 0 0 0 0 0 0 0 0 0 0 0 0 0 0 0 0 0 0 0 0 8 91 202 254 200 14 0 0 0 0 0 0 0 0 0 0 0 0 0 0 0 0 0 0 0 0 0 0 2 0 0 2 16 0 3 0 0 0 0 0 0 0 0 0 0 0 0 0 0 0 0 0 0 0 0 0 3 0 0 0 0 11 6 0 0 0 0 0
0 0 0 0 0 0 0 0 0 0 2 0 0 0 0 7 2 4 3 0 0 0 2 6 0 0 0 0 0 0 0 0 0 0 0 0 3 2 3 6 9 7 0 0 0 0 0 6 11 8 0 0 0 0 0 0 0 0 0 0 0 0 0 0 4 0 0 0 0 0 1 2 5 6 5 0 0 0 0 4 0 0 0 0 0 0 0 0 0 0 0 0 0 6 12 11 6 1 0 0 0 0 0 0 0 0 0 3 0 0 0 0 0 0 0 0 0 0 0 0 0 0 0 0 0 0 0 0 16 5 0 1 5 3 0 0 0 0 0 0 0 0 0 0 0 0 0 0 13 6 0 0 2 2 0 0 0 0 0 3 0 0 0 7 0 0 0 0 0 0 0 0 0 0 0 0 0 0 0 0 0 0 7 13 13 3 0 5 5 0 0 0 0 0 0 0 0 0 0 0 0 0 0 0 0 3 1 0 14 78 174 246 250 151 41 0 0 9 6 0 0 0 0 0 0 0 0 0 0 0 0 0 0 0 7 77 213 247 246 255 247 246 251 39 8 0 0 18 0 0 0 0 0 0 0 0 0 0 0 0 14 0 48 226 255 255 255 142 85 140 190 242 45 6 13 0 0 0 0 0 0 0 0 0 0 0 0 0 2 36 227 250 247 255 202 9 0 0 14 225 137 11 6 0 0 0 0 0 0 0 0 0 0 0 0 0 8 127 249 254 255 240 255 64 0 15 8 66 94 3 0 1 0 0 0 0 0 0 0 0 0 0 0 0 19 255 253 249 255 243 248 199 0 0 0 0 0 1 2 10 0 0 0 0 0 0 0 0 0 0 0 0 11 238 253 238 255 234 227 250 79 10 0 20 8 0 4 0 0 0 0 0 0 0 0 0 0 0 0 0 14 106 231 255 128 1 212 255 90 2 9 0 0 0 17 0 0 0 0 0 0 0 0 0 0 0 0 0 0 0 60 52 4 12 144 252 192 0 5 6 0 3 0 1 0 0 0 0 0 0 0 0 0 0 0 0 7 0 7 0 2 0 219 255 185 1 0 3 0 1 0 6 0 0 0 0 0 0 0 0 0 0 0 0 1 0 7 0 0 1 222 250 187 0 0 0 0 8 0 2 0 0 0 0 0 0 0 0 0 0 0 0 0 0 8 0 0 6 223 247 190 5 0 1 0 6 3 0 0 0 0 0 0 0 0 0 0 0 0 0 1 0 6 1 0 3 219 253 182 2 1 11 0 0 2 0 0 0 0 0 0 0 0 0 0 0 0 0 5 0 0 5 0 0 213 255 182 0 0 6 0 0 2 2 0 0 0 0 0 0 0 0 0 0 0 0 3 0 0 3 0 8 217 255 188 16 0 0 8 1 0 0 0 0 0 0 0 0 0 0 0 0 0 0 0 1 0 1 0 38 234 248 136 17 0 1 8 0 0 0 0 0 0 0 0 0 0 0 0 0 0 0 0 10 0 0 6 65 252 242 46 0 2 0 0 0 0 8 0 0 0 0 0 0 0 0 0 0 0 0 0 15 0 0 14 71 255 200 0 0 0 0 0 0 0 0 0 0 0 0 0 0 0 0 0 0 0 0 6 1 1 0 0 111 255 98 0 0 0 0 0 0 0 0 0 0 0 0 0 0 0 0 0 0 0 0 1 0 9 14 12 104 218 77 0 0 0 0 0 0 0 0 0 0 0 0 0 0 0 0 0 0 0 0 9 0 6 0 0 0 16 0 0 0 0 0 0 0 0 0 0 0 0 0
0 0 0 0 0 0 0 0 0 0 0 0 0 0 2 8 0 13 0 0 3 0 1 0 0 0 0 0 0 0 0 0 0 0 0 0 1 10 12 6 8 12 2 0 1 8 0 0 8 4 0 0 0 0 0 0 0 0 0 0 0 0 0 0 0 0 0 0 0 0 0 14 0 0 7 3 0 0 0 14 0 0 0 0 0 0 0 0 0 0 0 0 7 1 0 5 9 5 0 0 1 0 0 6 7 18 0 0 0 0 0 0 0 0 0 0 0 0 0 0 0 2 4 0 0 7 10 0 9 11 0 6 0 2 0 12 0 0 0 0 0 0 0 0 0 0 0 0 13 0 0 8 10 0 0 0 0 15 0 5 0 2 0 6 0 0 0 0 0 0 0 0 0 0 0 0 0 0 6 0 0 30 147 255 255 221 38 0 0 11 2 0 0 0 0 0 0 0 0 0 0 0 0 0 3 8 0 1 96 224 255 241 255 254 65 9 0 0 0 1 0 0 0 0 0 0 0 0 0 0 0 0 0 3 13 165 255 243 98 90 165 255 125 0 0 0 2 5 0 0 0 0 0 0 0 0 0 0 0 0 7 0 143 255 170 45 6 0 117 234 142 0 5 0 3 0 0 0 0 0 0 0 0 0 0 0 0 0 0 102 233 237 28 0 6 1 116 255 207 60 0 0 13 13 0 0 0 0 0 0 0 0 0 0 0 0 45 231 255 66 1 0 15 0 117 255 255 173 1 7 0 0 0 0 0 0 0 0 0 0 0 0 0 0 181 249 113 8 0 12 1 58 210 250 244 173 0 5 7 3 0 0 0 0 0 0 0 0 0 0 0 0 171 255 223 87 46 90 212 245 253 243 255 145 24 0 9 0 0 0 0 0 0 0 0 0 0 0 0 0 173 246 238 255 240 255 255 255 255 249 227 39 0 0 0 8 0 0 0 0 0 0 0 0 0 0 0 0 36 244 254 239 255 254 168 102 227 248 184 0 1 23 0 0 0 0 0 0 0 0 0 0 0 0 0 0 0 61 106 152 147 55 4 103 236 236 31 5 0 4 3 0 0 0 0 0 0 0 0 0 0 0 0 0 0 0 12 0 0 0 15 202 255 150 5 2 1 0 0 3 0 0 0 0 0 0 0 0 0 0 0 0 2 0 0 0 16 0 123 255 236 46 0 0 7 0 0 0 0 0 0 0 0 0 0 0 0 0 0 0 0 5 0 1 0 8 199 254 123 0 5 2 0 0 7 0 0 0 0 0 0 0 0 0 0 0 0 0 6 0 30 0 0 106 253 213 22 0 8 4 0 0 8 0 0 0 0 0 0 0 0 0 0 0 0 0 0 12 0 16 39 250 255 88 0 2 0 1 2 0 1 3 0 0 0 0 0 0 0 0 0 0 0 0 12 0 3 5 225 243 252 5 0 2 1 0 5 1 0 4 0 0 0 0 0 0 0 0 0 0 0 0 0 0 8 89 244 244 105 0 0 0 19 0 0 4 0 0 0 0 0 0 0 0 0 0 0 0 0 0 8 4 34 254 255 214 37 0 0 0 0 0 0 0 0 0 0 0 0 0 0 0 0 0 0 0 0 0 0 0 83 249 246 108 0 0 0 0 0 0 0 0 0 0 0 0 0 0 0 0 0 0 0 0 0 0 1 4 19 0 3 0 4 1 0 0 0 0 0 0 0 0 0 0 0 0 0 0 0 0 0 0 0 0 0 2 0 0 0 10 4 0 0 0 0 0 0 0 0 0 0 0 0 0
0 0 0 0 0 0 0 0 0 0 2 2 2 2 1 0 0 1 6 0 2 5 8 0 0 0 0 0 0 0 0 0 0 0 0 0 2 2 1 0 0 0 0 0 1 0 0 7 0 0 0 12 0 0 0 0 0 0 0 0 0 0 0 0 0 0 0 0 2 4 7 9 0 0 1 3 1 0 0 0 0 0 0 0 0 0 0 0 0 0 0 0 3 0 0 0 0 0 0 0 5 0 2 0 9 0 15 7 0 0 0 0 0 0 0 0 0 0 0 0 1 0 0 4 5 1 1 5 1 0 0 5 7 0 0 1 0 0 0 0 0 0 0 0 0 0 0 0 3 0 0 1 0 0 0 0 5 12 0 0 0 17 4 0 0 0 0 0 0 0 0 0 0 0 0 0 11 2 0 1 1 0 0 9 0 0 11 8 14 0 0 0 0 0 0 0 0 0 0 0 0 0 0 0 0 0 5 30 54 74 98 120 44 52 208 245 235 2 0 8 0 0 0 0 6 0 11 0 0 0 4 5 7 68 176 255 244 255 255 249 254 248 255 254 234 9 0 0 0 0 0 0 0 18 0 0 18 0 6 1 184 248 255 244 255 242 227 247 246 253 249 249 228 0 8 7 0 0 0 0 0 11 3 0 0 8 94 248 255 235 166 85 86 71 145 255 250 255 251 255 239 0 5 0 0 0 0 0 21 0 0 33 3 65 250 241 190 52 16 8 0 56 203 243 255 247 231 255 217 0 5 10 0 0 0 0 0 0 15 0 11 183 254 181 0 11 0 65 190 255 248 230 194 193 255 255 230 0 0 0 0 0 0 0 9 5 0 18 86 247 255 73 101 153 197 253 255 228 121 44 0 61 242 238 213 0 1 0 0 0 0 0 0 3 0 0 86 252 250 250 239 255 255 225 152 66 5 0 0 145 255 246 130 0 1 0 0 0 0 0 0 0 4 1 66 226 252 247 245 191 127 37 2 0 12 0 7 212 244 255 49 7 0 0 0 0 0 0 0 0 0 0 7 20 34 42 24 1 9 0 3 2 0 0 0 206 255 249 15 2 1 2 0 0 0 0 4 1 0 0 0 2 6 9 10 0 6 0 5 0 0 0 46 234 250 206 6 1 3 0 0 0 0 0 1 1 0 0 0 0 0 0 0 0 0 5 4 0 5 0 67 246 255 157 3 0 3 1 0 0 0 0 0 0 1 2 3 4 4 4 0 0 0 1 0 0 11 2 120 246 255 84 3 0 0 5 0 0 0 0 3 2 1 0 0 0 0 0 0 7 0 0 0 3 3 5 223 251 226 3 1 5 0 0 0 0 0 0 2 1 0 0 0 0 0 1 0 8 0 0 4 6 0 39 255 249 177 0 5 6 0 0 0 0 0 0 0 0 0 1 2 4 5 5 0 2 1 0 5 4 0 124 248 243 105 7 4 0 0 3 0 0 0 0 0 0 1 1 1 0 0 0 3 0 0 0 2 0 4 205 255 248 27 7 0 0 8 0 0 0 0 0 0 0 0 0 0 0 0 0 0 9 0 0 9 0 70 255 247 255 231 31 10 0 0 0 0 0 0 0 0 0 0 0 0 0 0 0 0 0 0 4 0 22 155 237 255 235 73 13 6 4 5 0 0 0 0 0 0 0 0 0 0 0 0 0 15 2 0 7 0 77 241 255 250 204 2 0 0 0 7 13 0 0 0 0 0 0 0 0 0 0 0 0 0 0 0 10 1 0 9 0 0 11 0 0 10 9 0 0 0 0 0 0
0 0 0 0 0 0 0 0 0 1 2 1 3 5 4 1 0 0 9 4 0 0 10 0 0 0 0 0 0 0 0 0 0 0 0 0 8 0 0 0 4 0 0 0 0 7 0 0 18 2 0 8 0 0 0 0 0 0 0 0 0 0 0 0 0 4 7 1 0 0 4 6 0 6 12 0 0 0 4 0 0 0 0 0 0 0 0 0 0 0 0 0 0 0 3 0 0 0 0 0 22 0 0 8 1 4 8 0 0 0 0 0 0 0 0 0 0 0 0 0 16 0 0 4 11 1 0 0 0 11 6 0 6 8 0 6 0 0 0 0 0 0 0 0 0 0 0 0 0 4 9 0 0 0 0 0 4 9 4 0 0 0 0 7 0 0 0 0 0 0 0 0 0 0 0 0 0 5 0 0 42 137 225 255 188 32 0 13 22 0 0 0 0 0 0 0 0 0 0 0 0 0 0 0 6 0 42 168 254 255 242 252 255 177 52 0 0 7 1 4 0 0 0 0 0 4 2 0 0 1 0 0 0 110 235 255 250 248 255 255 255 250 142 40 0 0 3 0 0 0 0 0 1 7 0 3 0 0 3 3 105 230 255 248 226 202 87 121 243 249 247 249 117 21 2 5 0 0 0 0 0 4 0 0 7 4 0 98 236 255 242 209 146 0 0 147 255 255 255 240 246 40 7 0 0 0 0 0 1 2 2 0 13 9 0 225 243 255 186 28 1 0 6 152 253 248 252 255 244 59 14 0 0 0 0 0 1 5 0 0 0 1 63 255 255 250 14 0 4 0 0 220 250 254 255 235 229 20 0 11 0 0 0 0 0 5 0 18 0 3 171 244 237 147 14 0 2 5 0 220 255 255 237 239 38 10 0 0 0 0 0 0 0 0 0 13 0 7 191 243 255 151 44 0 21 42 141 227 229 255 254 118 1 0 0 6 0 0 0 0 5 0 17 0 2 0 127 255 248 255 248 187 213 255 251 255 255 239 158 0 7 5 0 4 0 0 0 0 0 5 0 2 6 0 29 160 248 255 255 250 255 255 250 255 251 253 24 0 7 0 0 9 0 0 0 0 0 10 0 0 13 5 0 30 104 194 241 255 229 151 110 233 244 238 10 10 0 10 0 0 0 0 0 0 0 9 1 0 1 6 0 0 0 20 33 51 30 5 6 210 255 255 75 9 0 0 23 0 0 0 0 0 0 0 1 4 0 0 3 13 12 0 6 15 0 5 0 97 254 246 136 169 64 0 0 7 0 0 0 0 7 0 0 11 8 0 0 0 9 0 4 0 0 7 4 102 255 242 255 255 201 0 2 6 0 0 0 0 5 0 0 1 0 3 2 0 0 0 13 0 11 0 0 103 239 255 255 243 180 25 2 0 0 0 0 0 0 6 4 0 0 0 5 7 4 8 0 0 3 1 5 94 255 247 255 255 255 40 7 11 0 0 0 0 0 0 0 0 8 1 0 0 6 0 0 22 0 5 4 12 230 253 248 253 244 61 0 0 0 0 0 0 0 0 0 0 0 0 0 0 0 0 0 0 0 0 0 0 88 248 252 255 255 43 0 10 0 0 0 0 0 0 0 0 0 0 0 0 0 0 0 0 0 0 0 0 0 138 207 245 220 40 0 0 0 0 0 0 0 0 0 0 0 0 0 0 0 0 0 0 0 0 0 0 10 10 0 10 8 0 6 0 0 0 0 0 0 0 0 0 0 0 0 0 0 0 0 0 0 0 0 0 2 0 0 7 0 5 7 0 0 0 0 0
0 0 0 0 0 0 0 0 4 0 0 0 3 3 0 0 10 0 0 0 0 10 9 0 0 0 0 0 0 0 0 0 0 0 0 0 0 6 12 7 0 0 0 6 0 0 0 4 1 0 0 18 0 0 0 0 0 0 0 0 0 0 0 0 0 0 0 0 4 9 6 0 8 20 3 0 0 4 0 2 0 0 0 0 0 0 0 0 0 0 0 0 2 6 7 3 0 0 0 0 0 0 0 11 14 0 0 4 0 0 0 0 0 0 0 0 0 0 0 0 0 0 0 0 0 4 7 5 22 1 0 2 0 4 14 0 0 0 0 0 0 0 0 0 0 0 0 0 0 8 13 7 2 1 0 0 0 0 8 7 0 0 5 0 0 0 0 0 0 0 0 0 0 0 0 0 8 3 0 0 8 73 142 183 227 127 11 0 18 7 0 0 0 0 0 0 0 0 0 0 0 0 0 0 3 0 13 106 224 255 203 112 124 209 140 4 0 4 0 5 0 0 0 0 0 0 0 0 0 0 0 0 4 3 141 227 224 132 0 6 4 28 23 2 0 7 0 4 0 0 0 0 0 0 0 0 0 0 0 0 0 65 253 164 13 0 21 0 0 3 5 0 4 0 5 0 0 0 0 0 0 0 0 0 0 0 0 0 16 188 203 0 0 0 0 7 26 0 1 6 0 4 3 0 0 0 0 0 0 0 0 0 0 0 0 0 33 231 149 0 16 4 0 1 0 27 15 0 0 8 3 2 0 0 0 0 0 0 0 0 0 0 0 0 140 255 82 0 0 1 11 0 12 206 129 0 19 0 9 0 0 0 0 0 0 0 0 0 0 0 0 0 158 250 41 16 0 0 13 12 197 248 244 0 11 0 6 0 0 0 0 0 0 0 0 0 0 0 0 0 51 249 109 0 14 0 63 220 193 137 210 0 0 2 5 6 0 0 0 0 0 0 0 0 0 0 0 0 5 175 235 133 142 189 252 208 17 131 144 6 0 0 4 0 0 0 0 0 0 0 0 0 0 0 0 0 0 37 156 238 213 161 90 0 0 144 156 0 0 5 0 2 0 0 0 0 0 0 0 0 0 0 0 0 5 0 4 14 0 2 16 0 6 97 234 60 0 8 17 0 0 0 0 0 0 0 0 0 0 0 0 0 1 0 3 7 0 0 0 0 0 43 255 77 0 0 10 0 0 0 0 0 0 0 0 0 0 0 0 0 3 3 0 0 0 0 0 3 4 48 254 63 0 4 0 3 0 0 0 0 0 0 0 0 0 0 0 0 0 2 5 8 16 7 0 0 0 60 231 81 4 9 0 9 0 0 0 0 0 0 0 0 0 0 0 0 6 6 0 0 0 0 0 6 0 44 233 134 0 0 0 0 0 0 0 0 0 0 0 0 0 0 0 0 4 3 3 2 1 1 1 0 0 43 255 168 1 2 3 0 0 0 0 0 0 0 0 0 0 0 0 0 0 0 0 2 0 0 3 0 8 47 255 150 3 1 0 7 0 0 0 0 0 0 0 0 0 0 0 0 0 0 0 0 0 0 0 0 0 41 255 152 13 0 9 0 0 0 0 0 0 0 0 0 0 0 0 0 0 0 0 0 0 0 0 0 0 29 193 98 0 0 2 24 0 0 0 0 0 0 0 0 0 0 0 0 0 0 0 0 0 0 0 0 8 0 29 0 1 5 0 0 0 0 0 0 0 0 0 0 0 0 0 0 0 0 0 0 0 0 0 0 8 0 0 0 5 7 0 0 0 0 0 0
0 0 0 0 0 0 0 0 1 0 2 0 5 0 7 0 0 9 0 1 0 10 0 0 0 0 0 0 0 0 0 0 0 0 0 0 8 0 10 3 6 0 0 7 18 12 0 3 1 5 0 3 0 0 0 0 0 0 0 0 0 0 0 0 0 0 0 0 5 7 9 0 0 0 0 10 0 0 0 12 0 0 0 0 0 0 0 0 0 0 0 0 0 6 12 5 0 0 0 0 15 17 0 0 0 5 1 3 0 0 0 0 0 0 0 0 0 0 0 0 8 0 0 4 8 0 0 12 0 0 0 0 4 0 0 0 0 0 0 0 0 0 0 0 0 0 0 0 0 5 0 2 0 14 2 0 7 0 0 0 9 0 0 4 0 0 0 0 0 0 0 0 0 0 0 0 0 10 1 2 10 90 171 234 198 150 74 0 2 6 11 0 0 0 0 0 0 0 0 0 0 0 0 0 4 0 44 194 255 255 238 255 248 255 220 64 0 0 10 0 0 0 0 0 1 1 0 0 0 1 0 0 0 54 235 255 242 255 248 252 248 255 244 215 8 0 2 5 0 0 0 0 1 1 0 0 0 1 0 0 8 192 255 226 105 121 114 141 206 243 255 255 75 11 0 0 0 0 0 0 1 0 0 0 0 0 1 2 39 248 229 77 0 0 0 8 27 149 254 245 156 14 0 9 0 0 0 0 1 0 0 1 0 0 1 5 138 255 167 0 6 13 1 3 0 93 255 255 151 0 15 0 0 0 0 0 1 0 0 2 1 0 2 9 196 238 58 0 0 0 0 7 37 160 255 245 114 5 0 0 0 0 0 0 1 0 0 3 1 0 2 13 248 240 4 5 11 0 4 0 16 155 242 255 18 8 6 3 0 0 0 0 1 0 0 3 1 0 3 16 255 226 0 0 17 68 5 0 25 220 254 214 5 8 0 12 0 0 0 0 1 0 0 4 1 0 3 17 252 226 7 4 0 181 0 16 114 255 255 141 1 4 6 0 0 0 0 0 0 5 5 2 0 0 18 12 255 235 0 5 24 199 6 114 255 245 255 32 1 0 0 12 0 0 0 0 0 0 0 0 17 15 0 16 246 255 108 0 32 239 220 253 251 250 254 29 0 4 0 0 0 0 0 0 3 0 6 2 1 0 24 229 253 251 255 229 232 255 255 248 255 255 255 76 11 2 5 4 0 0 0 0 1 4 1 0 8 6 0 55 121 128 196 255 245 232 232 198 211 255 237 72 14 0 0 8 0 0 0 0 0 12 6 0 0 7 14 12 1 0 19 126 94 37 2 2 149 252 205 8 0 4 0 0 0 0 0 0 7 0 0 18 3 0 0 0 0 14 3 0 0 0 0 0 189 255 188 0 2 11 0 2 0 0 0 0 0 0 15 0 0 4 17 6 8 0 0 0 13 0 7 59 249 248 196 8 10 0 0 2 0 0 0 0 9 0 7 0 1 11 0 3 0 0 8 0 2 0 6 42 255 250 236 32 5 0 11 2 0 0 0 0 0 0 0 0 0 0 0 0 0 7 4 0 3 0 7 107 253 255 122 8 0 0 10 0 0 0 0 0 0 0 0 0 0 0 0 0 0 2 2 0 5 0 0 68 255 201 46 0 3 1 2 0 0 0 0 0 0 0 0 0 0 0 0 0 1 0 1 0 5 0 0 20 0 0 0 6 19 0 2 7 0 0 0 0 0 0 0 0 0 0 0 0 1 0 1 3 1 1 0 0 4 12 1 1 0 0 7 3 0 0 0 0
0 3 3 0 1 5 3 0 0 3 5 0 0 0 7 10 0 4 8 5 0 0 0 0 0 0 0 0 0 4 4 0 0 0 0 0 4 4 4 4 5 3 0 0 2 0 0 0 2 3 2 2 0 0 0 0 0 3 4 0 0 0 1 2 0 0 0 0 3 4 3 2 6 1 3 9 7 0 0 3 0 0 0 0 0 0 1 1 1 3 4 3 7 4 4 5 0 0 0 7 0 0 0 0 0 0 2 4 0 0 0 0 1 0 0 1 5 4 0 0 0 0 0 4 2 0 0 0 11 8 0 0 0 8 5 0 0 0 0 0 2 0 0 1 2 0 0 0 6 2 0 0 0 6 5 0 0 3 11 7 1 2 0 0 0 0 0 0 0 0 1 2 0 0 1 10 0 4 9 0 0 0 1 0 6 0 0 1 0 0 0 10 0 0 0 0 0 0 5 5 0 0 12 31 131 193 248 255 253 255 255 253 172 82 3 0 4 0 0 0 0 0 0 0 15 0 5 1 0 0 125 237 255 248 249 254 252 249 253 255 255 244 162 0 0 0 16 0 0 0 0 0 0 14 0 0 12 80 240 255 255 184 138 148 55 52 43 37 212 255 250 96 12 0 0 0 0 0 0 0 0 14 0 0 0 199 246 219 61 0 0 5 0 0 19 5 140 250 255 150 0 0 8 18 0 0 0 0 2 0 3 3 0 240 241 192 7 2 15 0 22 0 4 0 54 241 255 244 27 12 1 0 0 0 0 0 0 7 0 0 6 184 255 188 0 8 0 1 6 7 0 2 13 241 251 255 10 0 8 0 0 0 0 0 0 13 0 8 0 206 255 204 26 0 0 11 0 0 0 3 36 228 243 247 21 0 5 0 0 0 0 0 0 0 0 23 0 210 252 255 109 25 0 0 6 0 30 46 207 255 250 146 4 0 7 6 0 0 0 0 0 6 4 0 0 55 234 254 255 195 72 65 95 162 184 255 255 243 255 86 10 0 0 1 0 0 0 0 0 7 3 0 0 0 93 231 255 255 255 250 255 255 255 241 136 255 248 174 0 4 6 0 0 0 0 0 5 6 0 0 3 0 0 41 98 162 228 245 209 145 79 35 2 189 245 196 0 0 0 1 0 0 0 0 0 3 0 0 12 5 0 0 0 8 15 8 2 4 7 6 4 206 255 223 17 2 7 2 0 0 0 0 0 7 4 0 0 0 0 9 7 1 0 0 2 7 0 0 5 200 238 202 0 0 1 0 0 0 0 0 4 0 0 0 3 0 0 0 0 0 0 0 1 4 9 10 0 214 255 239 17 0 8 7 0 0 0 0 2 0 0 5 10 7 5 8 1 7 9 3 0 0 0 0 0 213 255 253 22 0 0 0 0 0 0 0 1 0 2 1 0 0 0 3 2 0 0 0 1 3 3 1 0 205 238 255 36 6 7 5 0 0 0 0 0 0 4 3 0 3 5 0 2 0 0 1 3 1 0 0 3 212 245 255 41 0 0 0 0 0 0 0 0 0 0 0 0 0 0 0 0 0 0 0 0 0 0 0 0 207 255 247 60 0 9 0 0 0 0 0 0 0 0 0 0 0 0 0 0 0 0 0 0 0 0 0 18 191 255 255 91 6 0 0 0 0 0 0 0 0 0 0 0 0 0 0 0 0 0 0 0 0 0 0 0 114 225 238 100 2 0 10 0 0 0 0 0 0 0 0 0 0 0 0 0 0 0 0 0 0 0 0 24 0 0 0 0 3 0 0 0 0 0 0
0 0 0 0 0 0 0 0 1 0 0 0 0 3 5 1 0 0 1 0 0 0 1 8 0 0 0 0 0 0 0 0 0 0 0 0 0 0 6 10 4 0 0 0 3 5 7 8 4 0 0 0 0 0 0 0 0 0 0 0 0 0 0 0 11 0 0 0 4 4 6 13 0 0 0 0 0 3 10 14 0 0 0 0 0 0 0 0 0 0 0 0 0 0 0 1 4 1 0 0 2 6 9 7 4 2 0 0 0 0 0 0 0 0 0 0 0 0 0 0 0 5 10 1 0 2 7 5 0 0 1 0 0 0 0 0 0 0 0 0 0 0 0 0 0 0 0 0 5 5 0 0 0 4 2 0 2 8 8 1 0 6 7 2 0 0 0 0 0 0 0 0 0 0 0 0 0 0 0 5 4 0 0 7 0 0 0 0 0 5 3 0 0 0 0 0 0 0 0 0 0 0 0 0 0 0 3 4 0 11 105 207 255 198 106 26 0 0 3 0 0 0 0 0 0 1 1 0 0 0 0 0 0 0 0 13 121 215 234 255 255 249 251 175 160 7 12 0 0 0 0 0 1 1 0 0 0 0 1 1 6 7 43 204 234 255 255 202 251 246 255 243 255 138 6 10 0 0 0 0 3 0 0 0 0 1 2 2 0 22 223 253 251 230 20 18 205 255 255 250 251 175 0 0 0 0 0 0 3 0 0 1 2 0 0 0 11 225 255 240 195 0 10 182 250 239 253 253 251 34 0 14 0 0 0 0 0 0 0 4 2 0 0 0 153 255 241 219 17 12 189 235 255 250 255 255 138 8 0 1 0 0 0 0 0 0 1 5 1 0 0 8 201 249 196 34 84 255 239 255 255 252 245 203 16 4 0 7 0 0 0 0 0 0 1 4 0 0 6 26 249 244 233 243 250 241 255 199 243 255 248 32 0 0 25 0 0 0 0 0 0 0 1 1 0 0 14 40 239 255 255 249 229 145 18 175 252 251 94 0 9 3 0 2 0 0 0 0 0 0 0 0 0 0 0 0 117 167 137 87 33 9 113 255 251 214 18 0 2 9 0 3 0 0 0 0 0 0 0 0 0 0 0 0 0 0 13 2 7 7 207 255 241 90 0 2 0 0 1 0 0 0 0 0 0 0 0 0 0 0 0 0 12 0 4 1 0 81 250 247 185 0 0 6 8 0 2 0 0 0 0 0 0 0 0 0 0 0 0 0 0 2 3 9 0 220 255 255 85 0 11 0 12 0 0 9 0 0 0 0 0 0 0 0 0 0 0 0 0 12 4 0 7 255 238 167 9 10 6 0 4 0 0 2 0 0 0 0 0 0 0 0 0 0 0 0 0 0 1 0 114 255 255 79 0 1 0 10 0 3 11 0 0 0 0 0 0 0 0 0 0 0 0 0 13 0 3 38 211 253 198 11 6 0 0 13 0 2 13 0 0 0 0 0 0 0 0 0 0 0 0 0 0 0 0 70 250 255 86 1 0 8 3 0 0 0 0 2 0 0 0 0 0 0 0 0 0 0 0 0 10 0 5 160 245 251 58 0 0 0 0 0 0 0 0 0 0 0 0 0 0 0 0 0 0 0 0 0 0 2 7 135 255 253 50 8 0 0 0 0 0 0 0 0 0 0 0 0 0 0 0 0 0 0 0 0 0 13 0 77 255 236 21 0 0 0 0 0 0 0 0 0 0 0 0 0 0 0 0 0 0 0 0 0 2 0 5 1 0 0 0 17 0 0 0 0 0 0 0 0 0 0 0 0
0 0 0 0 0 0 0 0 1 5 4 0 0 4 1 0 1 0 0 3 6 0 0 2 0 0 0 0 0 0 0 0 0 0 0 0 0 0 0 0 0 0 5 6 12 2 0 0 0 4 8 0 0 0 0 0 0 0 0 0 0 0 0 0 6 0 1 19 14 0 0 0 0 0 1 20 0 8 1 0 0 0 0 0 0 0 0 0 0 0 0 0 0 3 3 0 0 2 10 2 1 0 0 0 2 0 0 10 0 0 0 0 0 0 0 0 0 0 0 0 11 0 0 8 14 4 0 0 0 15 14 0 19 0 0 1 0 0 0 0 0 0 0 0 0 0 0 0 0 0 0 0 0 36 151 255 253 247 159 10 0 0 1 0 0 0 0 0 0 0 0 0 0 0 0 0 7 15 0 6 101 230 255 244 250 255 235 120 18 0 0 0 0 0 0 0 0 0 0 0 0 0 0 0 2 0 11 114 235 255 228 157 152 216 255 240 64 7 0 4 0 0 0 0 0 0 0 0 0 0 0 0 9 0 82 255 250 246 119 0 0 85 249 249 171 0 12 0 0 0 0 0 0 0 0 0 0 0 0 0 0 31 198 233 255 156 0 4 0 8 173 254 245 68 0 0 0 0 0 0 0 0 0 0 0 0 0 0 7 114 251 255 199 10 0 0 6 0 193 255 255 90 0 1 0 0 0 0 0 0 0 0 0 0 0 0 7 197 252 242 94 0 0 8 0 106 255 255 240 60 3 1 0 0 0 0 0 0 0 0 0 0 0 0 17 251 247 198 21 12 3 0 24 218 255 240 212 40 0 0 0 0 0 0 0 0 0 0 0 0 0 0 112 255 247 171 8 0 0 23 157 255 243 248 109 4 5 0 0 0 0 0 0 0 0 0 0 0 0 0 175 243 255 84 7 3 0 169 255 253 253 191 10 0 10 0 0 0 0 0 0 0 0 0 0 0 0 0 173 242 255 89 0 48 201 251 248 250 255 76 5 11 0 6 0 0 0 0 0 0 0 0 0 0 0 0 168 246 255 197 146 247 255 255 255 255 195 0 5 9 0 11 0 0 0 0 0 0 0 0 0 0 0 0 119 255 251 255 255 249 247 252 249 255 85 4 0 2 4 1 0 0 0 0 0 0 0 0 0 0 0 0 14 133 255 243 254 239 202 255 253 233 10 4 4 0 12 0 0 0 0 0 0 0 0 0 0 0 0 0 0 35 49 121 116 50 247 255 254 121 9 0 10 0 0 0 0 0 0 0 0 0 0 0 0 0 0 0 13 0 0 0 0 116 249 250 233 18 5 0 4 0 0 7 0 0 0 0 0 0 0 0 0 0 0 0 0 7 15 5 51 255 254 255 188 2 0 11 0 6 1 0 0 0 0 0 0 0 0 0 0 0 0 0 4 0 0 17 148 255 231 255 97 15 0 14 0 3 4 0 0 0 0 0 0 0 0 0 0 0 0 0 2 4 11 0 199 255 249 150 0 2 1 0 0 0 0 4 0 0 0 0 0 0 0 0 0 0 0 0 2 0 8 0 175 255 206 11 0 0 0 0 0 0 0 0 0 0 0 0 0 0 0 0 0 0 0 0 0 0 4 0 7 0 5 0 0 0 0 0 0 0 0 0 0 0 0 0 0 0 0 0 0 0 0 0 19 6 0 7 0 2 0 7 0 0 0 0 0 0 0 0 0 0 0 0 0 0 0 0 0 0 0 0 0 0 0 2 0 21 0 0 0 0 0 0 0 0 0 0 0 0 0 0
0 0 0 0 0 0 0 0 6 0 0 0 0 5 9 0 3 0 1 2 0 7 5 0 0 0 0 0 0 0 0 0 0 0 0 0 0 4 13 13 6 0 0 0 0 0 0 0 0 0 2 3 0 0 0 0 0 0 0 0 0 0 0 0 6 2 0 0 0 0 0 3 9 0 4 12 2 0 0 0 0 0 0 0 0 0 0 0 0 0 0 0 0 6 9 8 9 0 0 8 0 0 0 0 0 1 4 0 0 0 0 0 0 0 0 0 0 0 0 0 4 0 0 0 3 0 0 0 4 1 3 0 0 0 5 0 0 0 0 0 0 0 0 0 0 0 0 0 6 0 0 7 0 0 8 8 0 0 8 10 0 0 0 0 0 0 0 0 0 0 0 0 0 0 0 0 6 0 35 143 222 255 234 167 56 10 0 0 2 0 0 0 0 0 0 0 0 0 0 0 0 0 0 0 0 52 189 255 248 235 255 249 239 114 12 0 2 0 0 0 0 0 0 0 0 0 0 0 0 0 0 0 5 202 246 198 42 21 3 121 234 255 51 3 0 0 0 0 0 0 0 0 0 0 0 0 0 0 0 0 54 255 227 27 0 0 0 10 93 253 95 3 0 14 1 5 0 0 0 0 0 0 0 0 0 0 0 0 171 241 126 0 0 15 8 0 46 254 128 0 0 5 0 2 0 0 0 0 0 0 0 0 0 0 0 0 243 241 95 17 3 0 0 4 69 255 190 0 11 3 0 6 0 0 0 0 0 0 0 0 0 0 0 0 234 255 111 0 10 2 3 2 42 252 250 46 0 9 9 1 0 0 0 0 0 0 0 0 0 0 0 0 232 255 128 32 0 0 0 9 100 242 255 99 0 7 0 0 0 0 0 0 0 0 0 0 0 0 0 0 217 255 249 238 91 75 79 135 229 255 250 93 3 5 0 7 0 0 0 0 0 0 0 0 0 0 0 0 35 150 243 246 249 255 251 255 255 247 250 25 0 0 10 0 0 0 0 0 0 0 0 0 0 0 0 0 0 12 60 128 182 188 149 108 92 255 248 21 4 2 0 10 0 0 0 0 0 0 0 0 0 0 0 0 0 0 0 0 3 6 5 2 62 255 252 19 0 4 0 0 0 0 0 0 0 0 0 0 0 0 0 0 0 4 9 7 0 0 0 1 56 255 255 44 0 6 0 0 0 0 0 0 0 0 0 0 0 0 0 0 0 0 0 0 0 1 1 0 71 255 255 79 7 1 0 6 0 0 0 0 0 0 0 0 0 0 0 0 13 6 0 0 0 0 0 0 63 248 251 94 0 0 0 2 0 0 0 0 0 0 0 0 0 0 0 0 0 0 2 5 2 0 0 0 30 241 252 104 0 3 4 0 0 0 0 0 0 0 0 0 0 0 0 0 10 9 6 0 0 0 0 6 2 230 255 131 0 4 7 0 0 0 0 0 0 0 0 0 0 0 0 0 0 0 0 0 5 7 1 0 0 215 255 159 6 0 0 4 0 0 0 0 0 0 0 0 0 0 0 0 0 0 0 0 0 0 0 0 0 185 246 167 0 2 0 0 0 0 0 0 0 0 0 0 0 0 0 0 0 0 0 0 0 0 0 0 3 168 237 176 15 0 0 6 0 0 0 0 0 0 0 0 0 0 0 0 0 0 0 0 0 0 0 0 0 10 0 0 0 14 6 0 0 0 0 0 0 0 0 0 0 0 0 0 0 0 0 0 0 0 0 0 4 2 1 0 0 0 0 9 0 0 0 0
0 0 0 0 0 0 0 0 0 6 3 0 0 4 0 0 4 5 0 2 0 0 4 6 0 0 0 0 0 0 0 0 0 0 0 0 7 0 0 0 0 4 5 3 0 0 0 7 13 7 0 0 0 0 0 0 0 0 0 0 0 0 0 0 4 0 0 6 1 0 0 0 9 6 8 0 0 0 0 6 0 0 0 0 0 0 0 0 0 0 0 0 0 0 9 11 0 0 1 0 0 0 4 0 0 5 0 2 0 0 0 0 0 0 0 0 0 0 0 0 2 3 2 0 0 4 10 3 13 6 4 0 6 11 0 0 0 0 0 0 0 0 0 0 0 0 0 0 2 5 0 0 4 6 0 0 0 0 0 6 4 0 2 0 0 0 0 0 0 0 0 0 0 0 0 0 0 6 0 0 13 0 0 27 9 13 0 9 11 0 6 0 0 0 0 0 0 0 0 0 0 0 0 0 0 10 0 0 5 0 21 123 248 166 14 0 3 0 21 0 0 0 0 0 0 0 0 0 0 0 0 0 7 0 21 1 0 17 157 253 224 227 141 3 0 2 1 0 0 0 0 0 0 0 0 0 0 0 0 0 0 21 0 0 16 207 255 142 2 231 109 19 0 0 2 0 0 0 0 0 0 0 0 0 0 0 0 0 2 0 8 0 133 243 97 0 105 252 29 0 0 3 1 0 0 0 0 0 0 0 0 0 0 0 0 0 6 0 0 97 251 109 0 24 230 157 0 3 3 0 0 10 0 0 0 0 0 0 0 0 0 0 0 0 9 0 0 227 170 9 0 108 239 86 0 4 2 0 4 0 0 0 0 0 0 0 0 0 0 0 0 0 0 15 14 204 89 2 24 217 255 121 0 0 0 5 7 0 0 0 0 0 0 0 0 0 0 0 0 0 17 0 0 217 111 89 238 235 240 94 0 9 2 0 0 6 0 0 0 0 0 0 0 0 0 0 0 0 0 0 8 189 250 255 166 95 238 34 0 0 7 6 2 0 0 0 0 0 0 0 0 0 0 0 0 0 4 0 4 44 138 74 2 183 164 6 0 3 0 11 0 9 0 0 0 0 0 0 0 0 0 0 0 0 0 0 0 0 18 0 18 229 90 0 0 3 0 9 0 1 0 0 0 0 0 0 0 0 0 0 0 0 7 5 0 0 3 0 131 247 17 0 4 0 0 4 0 0 0 0 0 0 0 0 0 0 0 0 0 0 0 2 9 10 0 0 198 155 0 7 2 0 0 0 2 0 0 0 0 0 0 0 0 0 0 0 0 0 0 0 0 2 0 32 242 58 0 12 0 0 3 0 1 0 0 0 0 0 0 0 0 0 0 0 0 0 14 1 0 0 10 119 234 16 2 3 0 0 10 0 0 0 0 0 0 0 0 0 0 0 0 0 0 0 0 8 4 3 0 154 114 0 2 0 0 3 4 2 0 0 0 0 0 0 0 0 0 0 0 0 0 0 1 8 0 0 28 242 59 11 4 0 8 1 0 1 0 6 0 0 0 0 0 0 0 0 0 0 0 0 9 0 0 0 57 222 0 0 0 0 0 0 0 0 0 0 0 0 0 0 0 0 0 0 0 0 0 0 0 0 3 19 111 129 17 3 0 0 0 0 0 0 0 0 0 0 0 0 0 0 0 0 0 0 0 0 24 0 0 2 35 201 0 0 0 0 0 0 0 0 0 0 0 0 0 0 0 0 0 0 0 0 0 0 0 2 11 0 22 0 18 11 0 0 0 0 0 0 0 0 0 0 0 0
0 0 0 0 0 0 0 0 6 2 0 0 15 8 0 0 0 0 0 0 0 0 0 1 0 0 0 0 0 0 0 0 0 0 0 0 0 7 15 1 0 0 4 0 1 1 0 0 0 0 0 0 0 0 0 0 0 0 0 0 0 0 0 0 7 0 0 2 0 1 9 0 1 1 1 1 1 0 0 0 0 0 0 0 0 0 0 0 0 0 0 0 6 1 4 8 1 0 0 5 0 0 0 1 0 0 0 0 0 0 0 0 0 0 0 0 0 0 0 0 0 2 0 0 5 10 0 0 0 0 0 0 0 0 0 0 0 0 0 0 0 0 0 0 0 0 0 0 10 10 1 3 13 0 0 1 0 0 0 0 0 0 0 1 0 0 0 0 0 0 0 0 0 0 0 0 0 0 5 0 0 2 20 0 6 4 1 0 0 0 0 2 0 0 0 0 0 0 0 0 0 0 0 0 8 0 3 0 65 238 252 78 13 10 5 0 0 0 0 1 0 0 0 0 0 1 4 6 0 0 7 6 0 99 57 132 229 255 242 255 206 0 0 0 16 0 0 0 0 0 0 0 0 3 0 0 4 6 0 0 25 237 255 244 251 195 237 221 248 135 0 6 0 2 19 17 0 0 0 0 0 4 0 0 4 9 0 76 183 252 237 255 173 3 0 77 255 156 83 6 0 0 2 0 0 0 0 0 1 4 0 7 0 0 21 221 255 255 209 128 6 9 39 156 250 255 239 7 11 1 0 19 0 0 0 0 0 5 0 7 0 0 26 233 255 241 255 238 240 232 205 206 242 255 255 143 17 0 0 0 0 0 0 0 0 7 0 0 0 6 1 98 235 255 255 255 255 255 242 187 255 248 246 159 0 4 1 7 0 0 0 0 0 4 0 0 2 8 0 0 88 124 87 172 172 170 112 47 115 255 247 28 0 9 0 2 0 0 0 0 1 0 0 3 1 0 7 0 0 10 10 0 0 0 0 0 178 238 124 0 3 3 86 21 0 0 0 0 0 0 0 0 0 0 0 0 0 2 4 0 3 17 0 57 246 173 41 6 0 55 225 24 0 0 0 0 0 0 0 0 0 0 0 0 0 0 1 0 0 0 0 171 224 41 0 4 9 117 255 18 0 0 0 0 0 0 0 0 0 0 0 0 0 0 0 2 0 0 39 252 212 0 2 0 0 125 221 11 0 0 0 0 0 0 0 0 0 0 0 0 1 0 0 3 1 8 109 253 102 0 26 0 3 133 148 5 0 0 0 0 0 0 0 0 0 0 0 0 5 0 1 2 0 11 197 255 37 0 0 0 9 110 87 3 0 0 0 0 0 0 0 0 0 0 0 0 7 0 2 1 0 41 255 255 46 3 0 4 0 29 32 0 0 0 0 0 0 0 0 0 0 0 0 0 4 0 2 0 20 144 255 184 4 0 2 16 0 0 4 0 0 0 0 0 0 0 0 0 0 0 0 0 0 6 2 0 62 253 247 72 0 0 9 0 14 0 0 6 0 0 0 0 0 0 0 0 0 0 0 0 1 0 0 17 93 255 125 6 0 0 0 0 0 0 0 0 0 0 0 0 0 0 0 0 0 0 0 0 0 20 0 0 194 220 46 0 0 0 0 0 0 0 0 0 0 0 0 0 0 0 0 0 0 0 0 0 13 0 1 89 244 102 0 9 0 0 0 0 0 0 0 0 0 0 0 0 0 0 0 0 0 0 0 0 0 3 2 0 0 7 16 0 0 0 0 0 0 0 0 0 0 0 0 0
0 0 0 0 0 0 0 0 0 2 0 2 12 0 3 0 0 4 1 0 0 0 0 12 0 0 0 0 0 0 0 0 0 0 0 0 4 18 3 0 0 0 6 0 17 0 3 1 17 8 0 0 0 0 0 0 0 0 0 0 0 0 0 0 0 0 0 2 3 4 13 0 0 0 15 0 0 3 7 1 0 0 0 0 0 0 0 0 0 0 0 0 10 0 0 13 8 0 0 0 13 0 15 0 0 10 5 0 0 0 0 0 0 0 0 0 0 0 0 0 3 0 5 5 0 0 0 9 0 0 0 13 0 0 0 10 0 0 0 0 0 0 0 0 0 0 0 0 0 0 1 0 0 12 0 0 0 19 0 0 0 0 4 0 0 0 0 0 0 0 0 0 0 0 0 0 8 11 4 0 8 4 0 22 32 187 255 249 179 6 4 0 0 0 0 0 0 0 0 0 0 0 0 0 0 0 3 0 2 0 22 163 245 255 251 252 243 0 0 0 0 0 0 0 0 0 0 0 0 0 0 0 0 14 0 0 5 16 210 248 255 243 218 243 250 0 0 3 0 0 0 0 0 0 0 0 0 0 0 0 0 0 10 0 101 204 254 250 150 35 179 255 105 0 19 0 0 0 0 0 0 0 0 0 0 0 0 0 5 0 0 1 193 250 239 138 42 186 255 248 14 18 2 0 0 0 0 0 0 0 0 0 0 0 0 0 0 4 1 120 252 227 130 0 24 241 255 183 0 0 6 11 0 0 0 0 0 0 0 0 0 0 0 0 0 6 0 201 247 190 13 26 197 252 234 74 17 0 0 0 0 0 0 0 0 0 0 0 0 0 0 0 4 8 0 211 255 73 3 178 245 255 119 0 7 10 2 0 0 0 0 0 0 0 0 0 0 0 0 0 0 5 16 178 243 75 122 248 252 173 26 19 0 0 8 1 0 0 0 0 0 0 0 0 0 0 0 0 4 0 7 60 79 211 247 254 188 29 9 0 15 2 0 6 0 0 0 0 8 0 13 4 0 8 8 0 4 0 4 0 104 255 252 214 12 9 4 0 0 0 0 0 0 0 0 0 0 3 0 1 14 0 0 9 0 1 19 0 198 254 244 114 7 5 2 0 0 0 0 2 0 0 0 0 0 15 0 0 15 0 0 3 5 0 1 197 255 197 69 0 0 0 0 0 0 0 1 2 0 0 0 0 2 4 0 3 0 0 19 0 10 23 188 246 245 103 9 0 0 0 0 0 0 0 0 0 0 0 0 0 1 0 10 2 0 8 7 7 0 242 228 248 111 0 0 6 0 0 0 0 0 0 0 0 0 0 0 0 0 1 3 0 10 0 0 61 201 254 254 192 7 0 12 0 0 0 0 0 0 0 0 0 0 0 0 0 0 10 0 0 7 0 38 165 251 234 101 0 5 11 0 9 1 0 0 0 0 0 0 0 0 0 0 0 0 6 0 1 0 19 155 255 241 111 0 0 12 0 3 1 0 0 0 0 0 0 1 2 0 0 0 0 0 10 0 2 0 181 255 244 73 23 0 0 7 0 0 7 0 0 0 0 0 0 0 0 0 0 0 0 0 21 0 0 15 179 184 77 18 0 0 0 5 1 0 0 0 0 0 0 0 0 0 0 0 0 0 0 2 0 0 19 0 2 0 0 0 0 2 0 1 5 1 0 0 0 0 0 0 0 0 0 0 0 0 0 10 2 4 9 0 0 0 13 0 7 7 0 0 2 2 0 0 0 0 0 0 0 0 0 0 0 0 0
0 0 0 0 0 0 0 0 4 2 1 0 1 0 0 0 0 0 1 0 2 4 0 5 0 0 0 0 0 0 0 0 0 0 0 0 0 0 0 0 0 0 6 11 5 2 0 0 8 0 3 0 0 0 0 0 0 0 0 0 0 0 0 0 2 7 13 13 7 0 0 0 7 6 4 0 2 0 13 0 0 0 0 0 0 0 0 0 0 0 0 0 0 0 0 0 0 0 3 6 0 0 7 1 8 0 9 0 0 0 0 0 0 0 0 0 0 0 0 0 9 5 1 1 3 4 1 0 25 0 12 0 0 4 0 0 0 0 0 0 0 0 0 0 0 0 0 0 0 0 0 0 1 2 0 0 0 0 0 0 0 0 0 10 0 0 0 0 0 0 0 0 0 0 0 0 0 1 4 3 0 0 0 0 0 35 0 11 13 0 0 0 0 0 0 0 0 0 0 0 0 0 0 0 0 55 144 217 254 255 253 248 255 232 20 1 0 0 7 0 0 0 0 0 0 7 0 8 6 8 0 0 89 223 255 251 209 212 192 142 211 71 6 5 0 0 5 5 0 0 0 0 3 8 0 0 0 1 0 27 232 239 119 25 0 0 3 7 0 25 0 4 6 7 6 0 0 0 0 0 4 3 0 0 1 4 0 80 235 126 16 0 15 0 0 3 55 196 73 16 0 0 6 0 0 0 0 0 0 0 3 2 4 3 0 119 255 65 0 0 0 0 2 0 119 255 105 8 0 0 6 1 0 0 0 0 0 1 7 2 0 0 0 130 238 25 2 0 0 7 3 29 237 255 113 0 0 0 2 6 0 0 0 0 1 4 1 1 0 0 13 122 250 71 1 0 17 0 17 158 249 245 109 3 17 7 0 0 0 0 0 0 0 4 0 4 0 2 14 74 255 169 41 20 35 43 131 255 251 255 118 0 0 0 0 10 0 0 0 0 0 6 0 8 1 0 0 6 122 255 246 255 247 255 255 188 126 235 109 13 0 10 0 0 0 0 0 0 0 0 0 0 0 0 0 0 0 74 167 188 173 154 95 13 127 255 61 1 3 1 1 3 0 0 0 0 0 0 0 0 0 0 0 0 0 0 9 0 0 10 8 0 176 249 33 0 0 0 0 2 0 0 0 0 0 0 0 0 0 0 0 0 11 0 0 0 0 2 0 15 229 215 6 0 6 0 0 2 0 0 0 0 0 0 0 0 0 0 0 0 0 0 3 12 1 0 0 49 250 174 0 2 8 2 0 0 0 0 0 0 0 0 0 0 0 0 0 0 2 1 4 2 0 0 0 82 253 143 0 4 0 0 0 0 0 0 0 0 0 0 0 0 0 0 0 0 0 0 0 1 0 8 0 78 255 126 8 5 0 1 0 4 0 0 0 0 0 0 0 0 0 0 0 0 7 5 0 0 0 10 0 127 255 105 5 5 0 6 0 9 0 0 0 0 0 0 0 0 0 0 0 0 0 0 0 4 0 4 2 171 247 78 0 1 0 7 0 3 0 0 0 0 0 0 0 0 0 0 0 0 0 0 14 1 0 8 0 225 241 0 10 0 0 9 0 0 0 0 0 0 0 0 0 0 0 0 0 0 10 0 1 0 0 2 14 247 247 4 2 0 0 0 0 3 0 0 0 0 0 0 0 0 0 0 0 0 3 0 0 6 0 0 8 156 149 0 0 0 8 0 0 0 0 0 0 0 0 0 0 0 0 0 0 0 0 4 0 5 0 8 0 20 22 0 5 0 4 0 8 0 0 0 0 0
0 0 0 0 0 0 0 0 2 6 0 4 0 2 0 6 2 4 1 0 0 0 4 6 0 0 0 0 0 0 0 0 0 0 0 0 0 2 2 7 5 5 0 0 0 0 0 5 11 5 0 0 0 0 0 0 0 0 0 0 0 0 0 0 4 0 0 0 2 1 0 0 10 3 1 3 0 0 0 6 0 0 0 0 0 0 0 0 0 0 0 0 0 0 0 0 0 5 3 8 0 0 0 0 0 0 0 2 0 0 0 0 0 0 0 0 0 0 0 0 1 12 2 17 0 4 0 0 10 9 1 0 0 8 3 0 0 0 0 0 0 0 0 0 0 0 0 0 0 0 0 1 0 4 1 11 0 0 0 0 0 0 3 0 0 0 0 0 0 0 0 0 0 0 0 0 10 1 9 0 14 0 3 0 11 0 0 4 6 0 0 2 0 0 0 0 0 0 0 0 0 0 0 0 0 12 97 134 239 239 255 248 250 136 26 0 1 1 0 3 0 0 0 0 2 0 3 4 0 5 5 0 40 178 243 253 253 246 255 247 254 253 226 43 1 6 4 0 0 0 0 0 0 0 3 0 0 3 0 27 155 230 255 255 252 245 253 255 255 231 254 232 39 0 0 0 0 0 0 0 0 4 2 0 0 5 0 111 242 253 255 231 220 223 208 196 225 255 245 244 69 0 0 9 0 0 0 0 0 4 0 0 0 7 12 204 255 255 246 134 28 2 0 9 64 251 255 240 195 28 0 8 0 0 0 0 0 2 0 3 0 2 19 243 253 239 242 205 182 197 191 196 198 255 254 249 252 24 0 0 0 0 0 0 2 2 0 3 1 0 11 192 250 252 255 255 255 251 246 255 255 242 225 255 246 50 13 1 0 0 0 0 0 5 0 0 3 0 0 90 227 254 243 235 251 255 255 250 242 255 255 252 119 2 0 13 0 0 0 0 0 7 5 0 6 0 0 12 42 186 240 231 236 251 255 244 255 249 251 214 35 1 7 0 0 0 0 0 0 0 0 0 0 0 0 0 2 4 16 11 11 0 158 246 252 255 220 47 0 5 0 0 0 0 0 0 0 0 0 0 0 0 0 0 10 0 9 0 14 26 218 255 244 245 123 0 0 0 3 4 0 0 0 0 0 0 0 0 0 0 0 0 0 1 8 0 8 179 255 254 255 140 17 0 8 0 6 0 0 0 0 0 0 0 0 0 0 0 0 0 0 5 0 0 7 255 248 255 194 29 0 0 2 6 0 3 0 0 0 0 0 0 0 0 0 0 0 0 8 0 12 22 138 247 246 243 35 5 12 0 0 7 0 17 0 0 0 0 0 0 0 0 0 0 0 0 0 2 0 89 255 249 251 141 0 1 0 11 0 0 5 0 0 0 0 0 0 0 0 0 0 0 0 0 3 9 0 140 249 254 204 33 20 0 0 26 0 0 10 0 0 0 0 0 0 0 0 0 0 0 0 0 5 0 38 228 255 244 136 0 0 0 9 0 0 21 0 12 0 0 0 0 0 0 0 0 0 0 0 0 0 8 176 255 255 245 23 0 0 0 0 0 0 0 0 0 0 0 0 0 0 0 0 0 0 0 0 0 14 6 203 246 240 252 6 6 0 0 0 0 0 0 0 0 0 0 0 0 0 0 0 0 0 0 0 0 0 17 222 255 255 248 8 0 0 0 0 0 0 0 0 0 0 0 0 0 0 0 0 0 0 0 0 0 10 0 8 0 0 20 0 13 0 0 0 0 0 0 0 0 0 0 0 0
0 0 0 0 0 0 0 0 0 0 11 0 3 6 0 0 0 0 0 0 0 0 0 0 0 0 0 0 0 0 0 0 0 0 0 0 6 0 0 0 0 10 1 13 0 0 0 0 0 0 0 0 0 0 0 0 0 0 0 0 0 0 0 0 5 4 14 6 0 0 0 0 0 0 0 0 0 0 0 0 0 0 0 0 0 0 0 0 0 0 0 0 0 0 2 1 0 3 7 9 0 0 0 0 0 0 0 0 0 0 0 0 0 0 0 0 0 0 0 0 10 0 0 4 3 5 6 0 0 0 0 0 0 0 0 0 0 0 0 0 0 0 0 0 0 0 0 0 0 0 0 8 0 0 11 0 0 0 0 0 0 0 0 0 0 0 0 0 0 0 0 0 0 0 0 0 7 0 0 11 0 0 15 0 0 0 0 0 0 0 0 0 0 0 0 0 0 0 0 0 0 0 0 0 0 2 57 172 246 255 241 155 0 0 0 0 0 0 0 0 0 0 0 0 0 8 7 0 6 0 0 6 0 101 255 238 255 254 255 239 83 0 0 5 3 4 8 0 0 0 0 0 3 0 3 0 0 5 0 0 44 210 249 210 90 6 145 255 164 9 8 0 12 0 0 13 0 0 0 0 10 0 0 2 0 6 0 0 175 252 139 16 0 0 24 231 255 181 74 8 1 9 1 0 0 0 0 0 4 0 0 8 0 0 0 57 248 217 12 0 18 6 28 254 252 234 207 0 0 0 0 12 0 0 0 0 0 4 0 3 6 0 0 152 255 167 11 14 0 3 117 247 252 255 96 9 1 16 3 0 0 0 0 0 0 12 0 0 4 0 8 216 255 150 0 0 51 155 248 249 255 243 113 0 9 0 0 9 0 0 0 0 0 6 0 0 0 2 6 198 247 182 18 102 215 239 255 237 241 255 15 0 0 6 12 0 0 0 0 0 0 0 0 5 0 7 0 145 255 212 227 244 244 235 63 54 255 246 3 0 3 0 4 2 0 0 0 0 0 0 0 0 0 2 5 8 132 232 255 223 106 6 5 126 248 255 24 0 8 0 0 0 0 0 0 0 0 0 0 0 0 2 4 6 0 7 0 0 7 1 11 110 255 255 18 0 0 0 3 2 0 0 0 0 1 0 0 0 0 1 2 4 7 14 0 0 0 0 12 132 255 221 6 0 0 0 7 3 0 0 0 0 2 1 0 0 0 0 0 1 0 0 0 6 5 0 1 126 247 177 0 3 2 0 7 0 0 0 0 0 1 1 0 0 0 0 0 0 10 1 0 0 4 0 0 118 244 150 0 6 5 0 5 0 0 0 0 0 0 0 0 0 0 0 0 0 0 0 0 0 1 1 6 144 255 145 0 0 1 0 2 0 0 0 0 0 0 0 0 0 0 0 0 0 12 0 0 0 5 9 0 110 255 144 6 0 0 0 0 3 0 0 0 0 0 0 0 0 0 0 0 0 0 0 12 0 0 0 0 137 251 139 8 0 3 2 0 3 0 0 0 0 0 0 0 0 0 0 0 0 0 0 10 0 0 0 5 129 251 247 0 8 4 3 0 5 0 0 0 0 0 0 0 0 0 0 0 0 0 0 6 0 5 2 8 101 255 235 7 0 0 2 0 5 0 0 0 0 0 0 0 0 0 0 0 0 6 0 2 0 1 2 0 43 152 128 0 0 2 4 0 0 0 0 0 0 0 0 0 0 0 0 0 0 8 0 1 0 0 0 0 2 11 12 0 0 6 0 0 0 0 0 0 0
0 0 0 0 0 0 0 0 0 2 0 0 0 4 2 0 7 0 5 0 4 14 0 0 0 0 0 0 0 0 0 0 0 0 0 0 5 3 0 0 0 2 2 0 0 0 4 0 0 1 0 7 0 0 0 0 0 0 0 0 0 0 0 0 0 0 0 4 7 5 3 4 3 2 12 5 0 1 0 1 0 0 0 0 0 0 0 0 0 0 0 0 2 0 0 0 0 0 0 0 0 0 0 0 0 4 1 1 0 0 0 0 0 0 0 0 0 0 0 0 2 0 0 0 1 2 7 13 7 5 0 0 0 0 2 2 0 0 0 0 0 0 0 0 0 0 0 0 0 0 5 4 0 0 0 0 0 1 2 9 4 0 0 0 0 0 0 0 0 0 0 0 0 0 0 0 0 7 6 0 0 4 10 6 6 8 0 0 0 0 7 0 0 0 0 0 0 0 0 0 0 0 0 0 2 6 0 0 21 94 159 187 159 111 26 0 0 0 9 0 0 0 0 0 0 0 0 0 0 0 0 0 0 0 9 0 51 255 255 207 250 249 137 6 0 0 4 3 0 0 0 0 0 0 0 0 0 0 0 0 4 0 0 78 242 244 151 15 15 51 151 20 0 11 12 0 0 0 0 0 0 0 0 0 0 0 0 0 0 14 94 231 216 81 27 7 0 11 0 0 3 4 0 9 0 0 0 0 0 0 0 0 0 0 0 0 4 0 132 177 39 0 0 0 48 170 57 1 0 7 0 7 0 0 0 0 0 0 0 0 0 0 0 0 18 108 244 82 0 0 12 2 117 239 170 17 0 2 9 0 0 0 0 0 0 0 0 0 0 0 0 0 0 214 176 0 7 16 10 77 250 247 60 0 5 0 0 2 0 0 0 0 0 0 0 0 0 0 0 0 37 255 137 3 0 0 6 168 255 213 0 0 11 3 0 12 0 0 0 0 0 0 0 0 0 0 0 0 2 186 131 12 0 14 124 254 209 49 11 0 0 0 0 0 0 0 0 0 0 0 0 0 0 0 0 0 0 165 205 35 39 169 226 250 137 15 0 4 0 8 2 0 0 0 0 0 0 0 0 0 0 0 0 0 5 20 135 241 255 245 252 251 49 0 0 5 0 2 5 4 0 0 0 0 0 0 0 0 0 0 0 0 0 0 16 38 50 121 251 175 0 0 10 5 0 0 1 4 0 0 0 0 0 0 0 0 0 0 0 0 10 0 0 0 0 0 182 118 0 6 6 0 0 1 0 0 0 0 0 0 0 0 0 0 0 0 0 0 0 0 3 0 19 48 255 116 1 3 0 0 4 0 0 3 0 0 0 0 0 0 0 0 0 0 0 0 14 0 5 0 0 64 249 15 0 2 0 5 9 0 0 7 0 0 0 0 0 0 0 0 0 0 0 0 0 1 17 2 0 141 255 16 0 7 1 11 6 0 3 0 0 0 0 0 0 0 0 0 0 0 0 0 0 6 0 9 7 146 189 0 0 4 0 0 0 0 13 0 0 0 0 0 0 0 0 0 0 0 0 0 6 2 0 10 0 73 145 8 0 0 0 0 0 0 0 0 0 0 0 0 0 0 0 0 0 0 0 0 0 7 1 0 0 91 255 2 0 0 0 0 0 0 0 0 0 0 0 0 0 0 0 0 0 0 0 0 7 10 2 4 15 51 234 0 0 0 0 0 0 0 0 0 0 0 0 0 0 0 0 0 0 0 0 0 3 0 0 4 0 0 33 0 0 0 0 0 0 0 0 0 0 0 0 0
0 0 0 0 0 0 0 0 7 0 0 0 2 1 0 2 2 6 0 0 0 0 0 4 0 0 0 0 0 0 0 0 0 0 0 0 0 0 0 7 8 2 0 0 0 0 0 12 13 0 0 0 0 0 0 0 0 0 0 0 0 0 0 0 6 1 0 0 0 0 2 10 7 0 0 0 0 0 2 4 0 0 0 0 0 0 0 0 0 0 0 0 3 4 6 8 6 1 0 0 5 6 11 5 0 3 6 0 0 0 0 0 0 0 0 0 0 0 0 0 0 0 0 0 2 6 4 1 0 0 0 0 0 0 6 3 0 0 0 0 0 0 0 0 0 0 0 0 13 13 10 4 1 1 0 0 10 5 0 6 12 0 0 6 0 0 0 0 0 0 0 0 0 0 0 0 0 0 0 0 0 0 0 4 0 8 0 0 7 5 0 10 0 0 0 0 0 0 0 0 0 0 0 0 3 3 0 0 27 104 195 255 255 255 146 13 0 0 0 3 0 0 0 0 0 0 0 0 0 0 0 0 1 0 4 0 165 248 221 103 64 160 247 116 0 4 0 0 0 0 0 0 0 0 0 0 0 0 0 0 0 21 2 205 255 174 32 0 0 0 93 25 0 0 3 11 0 0 0 0 0 0 0 0 0 0 0 0 5 14 123 255 165 27 0 14 104 125 1 0 0 1 0 0 0 0 0 0 0 0 0 0 0 0 0 0 0 84 255 124 22 0 7 51 235 228 0 0 5 2 2 0 0 0 0 0 0 0 0 0 0 0 0 0 57 225 213 0 0 0 36 210 255 125 0 0 10 0 6 2 0 0 0 0 0 0 0 0 0 0 0 0 122 254 129 6 6 12 167 213 226 157 3 4 2 0 1 0 0 0 0 0 0 0 0 0 0 0 0 0 145 254 155 0 28 129 248 45 186 248 0 0 0 4 0 0 0 0 0 0 0 0 0 0 0 0 0 0 41 244 255 130 221 255 123 0 193 217 2 3 0 7 0 6 0 0 0 0 0 0 0 0 0 0 0 0 3 99 195 214 148 50 0 0 194 222 8 5 0 3 0 0 0 0 0 0 0 0 0 0 0 0 0 0 0 1 0 0 0 0 0 5 186 220 1 0 0 0 0 1 0 0 0 0 0 0 0 0 0 0 0 0 12 9 0 0 2 8 3 2 189 224 0 0 0 0 3 2 0 0 0 0 0 0 0 0 0 0 0 0 0 3 4 0 3 2 0 0 198 223 4 0 6 0 2 0 0 0 0 0 0 0 0 0 0 0 0 0 4 7 0 0 1 5 3 6 199 195 0 0 8 0 0 0 0 0 0 0 0 0 0 0 0 0 0 0 0 5 2 0 2 0 0 2 202 153 0 0 2 0 0 3 0 0 0 0 0 0 0 0 0 0 0 0 0 0 0 0 0 0 10 46 231 131 0 0 0 3 0 4 0 0 0 0 0 0 0 0 0 0 0 0 4 0 0 2 5 0 4 36 255 132 5 6 0 5 0 3 0 0 0 0 0 0 0 0 0 0 0 0 0 0 2 3 0 0 12 29 251 219 0 9 0 0 14 0 0 0 0 0 0 0 0 0 0 0 0 0 0 0 2 3 0 0 1 11 193 237 28 0 0 1 0 2 0 0 0 0 0 0 0 0 0 0 0 0 0 0 1 3 0 0 0 0 156 224 83 3 18 10 0 2 0 0 0 0 0 0 0 0 0 0 0 0 0 0 0 2 4 2 0 0 0 19 2 0 0 0 9 7 0 0 0 0
0 0 0 0 0 0 0 0 0 0 0 2 6 5 0 0 4 0 0 1 0 0 0 6 0 0 0 0 0 0 0 0 0 0 0 0 6 5 1 0 0 0 0 9 2 0 0 2 7 5 0 0 0 0 0 0 0 0 0 0 0 0 0 0 0 0 0 4 6 6 2 0 14 13 6 0 0 0 3 8 0 0 0 0 0 0 0 0 0 0 0 0 2 0 0 0 0 0 0 0 0 0 2 0 0 2 4 2 0 0 0 0 0 0 0 0 0 0 0 0 0 1 10 9 3 0 6 13 9 6 2 1 4 7 1 0 0 0 0 0 0 0 0 0 0 0 0 0 8 2 0 0 0 0 0 0 0 0 0 2 0 0 0 8 0 0 0 0 0 0 0 0 0 0 0 0 0 0 0 0 4 6 5 4 5 0 0 6 5 0 0 5 0 0 0 0 0 0 0 0 0 0 0 0 1 88 196 255 255 246 247 255 218 123 26 0 0 3 0 0 0 0 0 0 0 11 4 0 3 0 0 11 137 243 246 180 120 68 58 59 132 235 225 34 0 0 19 0 0 0 0 0 0 2 0 2 10 0 2 89 245 216 43 0 0 0 1 10 0 80 245 178 18 16 1 0 0 0 0 0 0 0 0 5 3 0 3 179 255 111 0 0 10 9 0 0 0 0 56 255 46 0 0 7 0 0 0 0 4 3 0 0 0 0 8 229 244 0 6 7 0 0 4 4 1 4 0 255 74 0 15 0 0 0 0 0 0 4 0 0 0 9 13 203 255 0 7 1 0 1 6 0 9 0 95 251 103 8 2 0 0 0 0 0 0 3 4 1 0 8 0 102 237 118 4 0 0 6 4 0 0 0 181 255 55 4 0 1 0 0 0 0 1 0 5 0 0 0 0 13 223 255 116 42 0 0 0 1 0 117 243 183 0 0 7 3 0 0 0 0 5 0 0 0 0 6 8 0 3 179 252 230 224 226 222 194 225 245 255 42 25 0 3 0 0 0 0 0 0 0 0 0 0 0 0 0 0 2 21 60 97 99 65 30 49 243 175 1 0 0 9 0 0 0 0 0 0 0 0 0 0 0 0 0 0 0 0 2 8 10 6 2 109 243 128 0 6 11 0 0 0 0 0 0 0 0 0 0 0 0 0 0 1 4 4 0 0 0 0 2 131 247 99 8 0 2 0 4 0 0 0 0 0 0 0 0 0 0 0 0 0 0 1 4 6 5 2 0 129 251 74 7 0 1 0 8 0 0 0 0 0 0 0 0 0 0 0 0 4 0 0 0 0 0 0 0 169 254 28 0 0 16 0 0 0 0 0 0 0 0 0 0 0 0 0 0 2 5 7 4 0 0 0 3 203 255 5 0 5 8 0 2 0 0 0 0 0 0 0 0 0 0 0 0 0 0 3 5 2 0 0 0 177 255 13 7 1 0 0 9 0 0 0 0 0 0 0 0 0 0 0 0 9 2 0 0 0 4 2 0 133 247 16 0 0 0 5 0 0 0 0 0 0 0 0 0 0 0 0 0 0 0 0 0 0 0 0 0 113 251 65 0 6 0 0 6 0 0 0 0 0 0 0 0 0 0 0 0 0 0 0 0 0 0 0 0 31 255 150 3 0 2 2 2 0 0 0 0 0 0 0 0 0 0 0 0 0 0 0 0 0 0 0 0 0 161 109 6 1 0 0 0 0 0 0 0 0 0 0 0 0 0 0 0 0 0 0 0 0 0 0 0 7 2 7 5 6 0 6 0 0 0 0 0
0 0 0 0 0 0 0 0 0 0 0 0 0 0 0 0 2 0 0 5 1 0 0 6 0 0 0 0 0 0 0 0 0 0 0 0 0 0 0 0 0 0 0 0 4 0 0 0 0 4 4 2 0 0 0 0 0 0 0 0 0 0 0 0 0 0 0 0 0 0 0 0 0 4 11 7 2 0 0 0 0 0 0 0 0 0 0 0 0 0 0 0 0 0 0 0 0 0 0 0 2 3 3 0 0 0 0 5 0 0 0 0 0 0 0 0 0 0 0 0 0 0 0 0 0 0 0 0 4 0 0 4 10 4 0 0 0 0 0 0 0 0 0 0 0 0 0 0 0 0 0 0 0 0 0 0 8 4 2 0 0 0 0 7 0 0 0 0 0 0 0 0 0 0 0 0 0 0 0 0 0 0 0 0 0 0 3 0 1 12 7 0 0 0 0 0 0 0 0 0 0 0 0 0 0 0 0 0 0 0 0 0 19 71 135 197 252 247 141 20 0 0 0 0 0 0 0 0 0 0 0 0 1 0 27 0 0 0 1 51 193 244 255 243 246 255 249 151 0 0 0 0 0 0 0 0 0 0 0 0 5 6 0 0 10 38 127 243 235 255 220 208 127 178 255 203 0 0 0 0 0 0 0 0 0 0 0 0 0 0 22 0 108 227 247 255 240 136 66 153 37 0 78 51 0 0 0 0 0 0 0 0 0 0 0 0 11 0 0 113 255 247 247 130 26 54 244 254 192 2 0 8 0 0 0 0 0 0 0 0 0 0 0 0 0 10 103 255 240 186 89 0 74 255 247 254 203 0 0 0 0 0 0 0 0 0 0 0 0 0 0 0 4 0 255 232 111 0 28 153 225 253 255 215 19 0 5 8 0 0 0 0 0 0 0 0 0 0 0 0 0 100 251 255 148 201 221 255 254 252 183 16 11 0 0 0 0 0 0 0 0 0 0 0 0 0 0 0 0 85 247 243 253 254 255 246 255 132 0 0 0 14 0 5 0 0 0 0 0 1 4 0 0 0 0 3 0 0 74 142 205 255 242 254 77 26 0 0 6 0 0 7 0 0 0 0 2 0 0 2 6 4 0 0 7 0 0 33 174 235 255 92 17 0 0 0 5 3 0 3 0 0 0 0 7 0 0 2 5 0 0 0 2 20 0 117 252 255 157 0 0 0 2 1 3 7 3 0 0 0 0 0 0 0 1 0 0 0 0 4 0 0 39 227 243 174 0 0 0 9 10 1 0 3 1 0 0 0 0 0 0 0 4 0 0 7 8 1 10 0 213 249 177 27 0 14 3 0 0 0 0 0 1 2 0 0 0 0 0 1 0 0 3 7 0 0 0 146 251 217 20 18 0 0 3 0 0 2 6 1 0 3 0 0 0 0 5 0 0 2 0 0 0 13 117 251 252 61 3 0 9 5 4 0 1 5 5 0 0 0 0 0 0 0 0 0 0 9 0 0 24 83 239 246 188 26 0 4 0 2 0 1 2 0 0 0 1 2 0 0 0 0 1 0 10 0 0 6 16 231 248 198 6 0 11 0 10 5 0 0 0 0 0 0 0 0 0 0 0 0 0 8 0 10 9 0 117 255 217 61 1 0 0 0 0 0 0 0 0 0 0 0 0 0 0 0 0 0 6 10 0 0 0 2 178 248 139 0 8 7 1 7 0 2 0 0 0 0 0 0 0 0 0 0 0 0 0 0 7 11 0 0 4 0 23 0 0 0 5 0 0 3 0 0 0 0 0 0 0 0 0 0 0 0
0 0 0 0 0 0 0 0 0 10 0 14 0 8 5 0 3 0 4 0 4 0 2 0 0 0 0 0 0 0 0 0 0 0 0 0 0 0 20 0 12 0 0 1 0 17 10 0 0 0 1 9 0 0 0 0 0 0 0 0 0 0 0 0 12 0 8 10 0 10 0 6 0 0 0 7 23 0 0 6 0 0 0 0 0 0 0 0 0 0 0 0 14 0 0 0 9 0 4 0 24 2 0 0 8 0 3 3 0 0 0 0 0 0 0 0 0 0 0 0 0 0 13 0 16 10 0 17 0 0 26 0 0 1 17 0 0 0 0 0 0 0 0 0 0 0 0 0 19 0 63 133 136 235 141 129 46 0 0 3 2 0 7 0 0 0 0 0 0 0 0 0 0 0 0 0 0 68 242 255 255 250 255 255 207 115 0 2 0 0 1 11 0 0 0 0 0 0 0 0 0 0 0 0 11 226 251 251 252 125 84 116 204 203 3 6 0 6 8 0 0 0 0 0 9 0 2 1 0 2 0 3 96 255 255 246 63 0 18 0 5 48 98 64 0 5 16 0 0 0 0 0 1 0 4 2 1 5 10 36 249 239 255 203 4 4 0 12 0 11 237 234 187 87 0 7 0 0 0 0 0 0 5 0 0 0 5 54 255 255 255 123 0 13 0 3 0 113 245 248 255 183 17 0 0 0 0 0 0 4 4 0 2 0 0 57 227 255 255 68 3 3 1 8 50 234 250 255 246 58 1 9 0 0 0 0 0 0 1 0 10 5 3 53 255 241 255 104 0 10 10 57 242 254 255 254 233 33 0 0 0 0 0 0 0 0 1 0 6 6 0 25 194 252 254 230 166 189 192 248 254 237 255 246 82 2 7 0 0 0 0 0 2 0 5 0 0 1 0 0 58 242 249 255 255 255 252 255 253 255 255 214 28 0 2 5 0 0 0 0 0 0 8 0 0 8 4 1 0 137 255 241 250 254 255 250 252 251 245 16 2 0 1 0 0 0 0 0 0 0 0 0 0 0 0 0 0 7 88 198 255 255 236 255 250 253 251 0 4 1 0 3 0 0 0 0 0 0 0 0 0 0 0 0 3 0 8 9 19 24 72 223 255 255 223 0 8 2 11 4 0 0 0 0 0 0 0 0 0 0 0 0 1 0 9 0 1 0 61 255 255 245 152 0 0 0 0 0 0 0 0 0 0 0 0 0 0 0 0 0 0 0 0 0 12 11 107 253 255 240 134 3 0 10 0 5 0 0 0 0 0 0 0 0 0 0 0 0 3 15 0 3 0 4 181 255 255 251 196 3 1 1 0 5 0 0 0 0 0 0 0 0 0 0 0 0 0 2 0 11 0 23 242 251 247 255 248 0 2 0 7 0 0 0 0 0 0 0 0 0 0 0 0 0 13 11 0 4 1 44 255 252 254 255 193 0 8 0 13 3 0 0 0 0 0 0 0 0 0 0 0 0 0 0 0 0 2 45 248 255 247 223 71 5 0 10 0 0 0 0 0 0 0 0 0 0 0 0 0 0 0 0 4 4 0 10 126 253 201 40 0 9 2 0 0 4 0 0 0 0 0 0 0 0 0 0 0 0 1 0 0 10 4 0 0 16 20 0 0 7 0 0 5 7 0 0 0 0 0 0 0 0 0 0 0 0 4 1 0 0 0 5 0 0 0 0 17 8 0 8 3 0 0 0 0 0 0 0 0 0 0 0 0 0 0 1 3 0 0 6 11 8 14 6 0 0 1 6 0 0 0 0 0 0
0 0 0 0 0 0 0 0 0 0 0 2 3 0 0 1 0 0 0 0 0 0 0 0 0 0 0 0 0 0 0 0 0 0 0 0 0 13 16 0 0 3 7 1 0 0 0 0 0 0 0 0 0 0 0 0 0 0 0 0 0 0 0 0 0 0 0 1 1 0 0 1 0 0 0 0 0 0 0 0 0 0 0 0 0 0 0 0 0 0 0 0 0 8 15 4 0 6 9 4 0 0 0 0 0 0 0 0 0 0 0 0 0 0 0 0 0 0 0 0 18 0 0 0 6 0 0 0 0 0 0 0 0 0 0 0 0 0 0 0 0 0 0 0 0 0 0 0 0 0 1 1 0 3 5 5 0 0 0 0 0 0 0 0 0 0 0 0 0 0 0 0 0 0 0 0 8 15 0 0 107 214 157 15 0 0 0 0 0 0 0 0 0 0 0 0 0 0 0 0 0 0 0 0 0 0 8 103 227 255 237 162 0 0 0 0 0 0 0 0 0 0 0 0 0 0 0 0 0 0 0 0 1 5 28 220 223 86 209 255 61 0 0 0 12 1 0 9 0 0 0 0 0 0 0 0 0 0 0 0 0 5 127 249 84 0 157 250 153 16 0 2 3 0 0 0 0 0 0 0 0 0 0 0 0 0 0 0 0 39 250 134 0 3 27 197 247 38 0 8 0 0 11 0 0 0 0 0 0 0 0 0 0 0 0 0 0 108 219 15 5 0 0 93 255 49 0 6 0 0 13 0 0 0 0 0 0 0 0 0 0 0 0 0 3 90 143 2 19 0 9 23 229 53 1 0 3 0 1 1 0 0 0 0 0 0 0 0 0 0 0 0 3 85 118 4 0 0 0 0 205 58 7 0 7 0 0 0 0 0 0 0 0 0 0 0 0 0 0 0 0 131 115 0 3 0 5 24 226 63 5 0 5 0 0 0 0 0 0 0 0 0 0 0 0 0 0 0 5 78 173 0 5 9 0 111 255 65 0 0 2 0 3 0 0 0 0 0 0 0 0 0 0 0 0 0 4 90 255 181 95 89 166 251 255 105 4 0 7 0 0 2 0 0 0 0 0 0 0 0 0 0 0 0 0 44 212 247 254 255 255 255 247 100 0 0 6 0 0 4 0 0 0 0 0 0 0 0 0 0 0 0 11 0 59 150 214 215 140 67 230 102 0 0 5 0 0 4 0 0 0 0 0 0 0 0 0 0 0 0 0 0 3 21 0 0 2 23 217 109 2 1 3 0 0 4 0 0 0 0 0 0 0 0 0 0 0 0 0 0 0 15 2 5 0 0 203 115 0 1 0 0 0 4 0 0 0 0 0 0 0 0 0 0 0 0 9 14 0 1 0 9 5 1 196 123 0 0 0 1 0 5 0 0 0 0 0 0 0 0 0 0 0 0 0 0 0 2 0 2 0 1 205 141 2 1 0 2 0 2 0 0 0 0 0 0 0 0 0 0 0 0 6 0 3 0 3 3 0 9 220 159 11 6 0 3 0 0 0 0 0 0 0 0 0 0 0 0 0 0 0 0 0 0 0 0 0 0 197 221 2 0 1 0 1 0 0 0 0 0 0 0 0 0 0 0 0 0 0 0 0 0 0 0 0 0 152 182 20 9 6 0 0 2 0 0 0 0 0 0 0 0 0 0 0 0 0 0 0 0 0 0 0 0 0 27 0 0 7 0 1 1 0 0 0 0 0 0 0 0 0 0 0 0 0 0 0 0 0 0 0 0 0 17 6 1 0 0 0 2 0 0 0 0
0 0 0 0 0 0 0 0 0 0 1 10 9 1 0 1 2 0 2 6 2 0 0 2 0 0 0 0 0 0 0 0 0 0 0 0 8 8 4 0 0 0 2 0 0 0 0 0 0 0 0 1 0 0 0 0 0 0 0 0 0 0 0 0 0 0 0 13 9 0 3 9 0 0 0 0 0 3 2 0 0 0 0 0 0 0 0 0 0 0 0 0 4 5 3 0 0 7 7 0 0 2 1 0 0 3 2 0 0 0 0 0 0 0 0 0 0 0 0 0 0 1 0 0 4 9 3 0 0 1 3 1 0 1 0 0 0 0 0 0 0 0 0 0 0 0 0 0 0 19 10 0 2 0 0 15 3 0 0 0 0 0 0 1 0 0 0 0 0 0 0 0 0 0 0 0 7 0 11 105 128 26 50 231 29 7 0 0 3 0 0 2 0 0 0 0 0 0 0 0 0 0 0 0 1 172 254 249 255 224 203 255 57 19 0 0 7 0 0 0 0 0 0 0 2 6 1 0 5 7 0 0 149 255 236 218 255 253 251 255 133 5 7 0 0 8 0 1 0 0 0 0 0 1 5 0 1 1 3 109 255 129 27 12 44 143 242 254 251 14 4 0 22 0 0 8 0 0 0 0 0 0 4 4 0 0 23 197 186 31 0 6 3 21 103 239 255 204 22 0 0 0 7 0 0 0 0 0 1 0 0 9 11 4 101 255 135 15 0 0 4 0 0 172 253 255 0 5 15 0 0 0 0 0 0 0 6 0 4 0 5 1 151 255 135 4 3 2 0 14 0 16 254 233 23 1 5 0 6 13 0 0 0 0 2 3 9 0 0 0 145 245 111 0 0 14 0 3 5 5 47 162 24 0 0 0 10 0 0 0 0 0 0 0 5 1 0 17 101 255 255 162 65 31 9 4 49 94 177 255 50 0 0 2 0 2 0 0 0 0 5 1 0 0 0 5 0 196 237 255 246 239 227 228 255 250 251 255 174 14 0 7 5 0 0 0 0 0 0 1 4 0 0 0 12 24 180 229 255 255 249 255 245 221 167 255 195 2 0 8 14 0 0 0 0 0 0 4 5 2 0 0 3 9 0 36 75 78 71 63 39 9 8 241 255 26 0 0 3 13 0 0 0 0 0 2 4 3 0 0 0 0 0 8 12 1 0 1 4 0 6 240 255 23 3 6 0 0 0 0 0 0 0 0 0 1 2 1 0 0 0 0 0 0 0 0 0 0 5 167 235 81 0 0 0 8 0 0 0 0 0 0 0 0 2 3 3 1 0 0 0 8 9 4 0 0 0 78 249 211 21 0 0 3 0 0 0 0 4 2 0 0 0 1 2 2 10 3 0 0 0 0 2 7 11 35 255 255 32 4 3 0 0 0 0 0 2 2 2 1 0 0 0 1 0 0 0 0 0 0 0 0 0 0 241 247 38 0 0 13 0 0 0 0 0 0 2 2 1 0 0 2 0 0 1 0 0 2 3 1 8 0 234 247 112 16 0 0 0 0 0 0 0 0 0 0 0 0 0 0 0 0 0 0 0 0 0 0 0 14 52 247 227 13 0 7 0 0 0 0 0 0 0 0 0 0 0 0 0 0 0 0 0 0 0 0 8 0 16 240 255 47 0 0 0 0 0 0 0 0 0 0 0 0 0 0 0 0 0 0 0 0 0 0 0 18 0 0 0 3 28 0 0 0 0 0 0 0 0 0 0 0 0 0 0 0 0 0 0 0 0 0 0 4 2 11 3 0 0 5 0 0 0 0
0 0 0 0 0 0 0 0 0 0 0 6 4 0 0 8 0 0 4 0 0 8 6 0 0 0 0 0 0 0 0 0 0 0 0 0 0 11 10 0 0 11 8 0 0 14 3 8 11 0 0 1 0 0 0 0 0 0 0 0 0 0 0 0 5 0 0 10 7 0 0 6 7 0 0 0 1 0 1 6 0 0 0 0 0 0 0 0 0 0 0 0 4 2 0 0 0 4 10 14 18 0 13 13 0 12 0 0 0 0 0 0 0 0 0 0 0 0 0 0 2 0 2 7 2 0 0 0 0 6 1 0 0 0 7 1 0 0 0 0 0 0 0 0 0 0 0 0 5 0 0 4 1 6 62 132 202 229 56 0 20 0 6 0 0 0 0 0 0 0 0 0 0 0 0 0 0 14 3 0 47 160 240 255 213 205 39 0 10 0 10 3 0 0 0 0 0 0 0 0 0 0 0 0 0 0 10 78 198 255 219 119 9 0 10 8 0 4 0 0 0 0 0 0 0 7 4 0 1 4 0 2 2 1 111 226 255 211 43 4 2 0 4 7 0 4 0 3 0 0 0 0 0 2 0 4 2 0 0 0 0 119 255 255 181 16 5 0 2 28 0 0 0 0 15 0 0 0 0 0 2 0 0 8 1 0 0 1 112 245 255 153 34 0 0 15 98 239 163 0 12 0 0 0 0 0 0 0 0 0 3 0 0 13 0 50 238 255 155 30 5 0 46 173 255 247 197 6 0 0 12 2 0 0 0 0 1 0 7 0 1 14 0 161 238 255 37 0 0 110 209 255 255 243 210 14 0 3 0 0 0 0 0 0 4 0 5 2 1 2 0 227 255 173 109 161 251 252 227 92 111 255 193 0 15 0 0 4 0 0 0 0 2 0 0 10 0 1 3 152 255 251 249 255 236 236 110 7 252 255 185 11 0 0 6 1 0 0 0 0 0 11 0 7 0 12 5 27 164 255 222 206 92 12 7 97 251 247 207 6 0 14 0 2 0 0 0 0 0 0 0 0 0 0 0 0 4 43 24 0 0 5 0 106 255 253 124 11 0 0 1 0 0 0 0 0 0 0 0 0 0 0 0 0 0 10 0 1 4 0 0 182 249 224 49 0 0 8 4 0 0 0 0 0 0 0 0 0 0 0 0 0 0 0 0 9 6 0 43 255 255 198 0 0 4 7 0 0 0 0 0 0 0 0 0 0 0 0 0 0 0 5 2 5 0 4 128 255 255 148 2 0 3 0 0 0 0 0 0 0 0 0 0 0 0 0 0 0 0 6 7 0 0 15 214 246 239 61 7 1 0 0 5 1 0 0 0 0 0 0 0 0 0 0 0 0 0 0 1 4 0 48 255 246 192 0 4 0 0 5 9 0 0 0 0 0 0 0 0 0 0 0 0 0 0 0 0 4 9 97 255 255 136 0 0 0 2 5 2 0 0 0 0 0 0 0 0 0 0 0 0 0 0 8 0 0 2 132 242 255 84 5 0 4 0 0 0 7 0 0 0 0 0 0 0 0 0 0 0 0 10 0 2 6 0 66 180 225 15 9 2 0 0 1 0 0 0 0 0 0 0 0 0 0 0 0 0 0 2 0 4 11 0 0 18 5 8 4 0 0 0 1 1 0 0 0 0 0 0 0 0 0 0 0 0 0 9 0 0 0 0 0 0 0 0 0 0 0 0 0 0 0 0 0 0 0 0 0 0 0 0 0 0 0 0 0 2 4 8 7 5 9 0 0 0 0 0 0 0 0 0 0 0 0
1 0 0 7 0 11 0 0 0 10 2 0 4 2 0 8 1 0 0 0 0 0 0 0 0 0 0 0 0 3 0 4 0 0 4 1 7 0 1 9 0 0 11 0 0 0 0 0 0 0 0 0 0 0 0 0 0 10 0 0 2 0 1 0 1 3 0 0 6 3 0 1 0 0 0 0 0 0 0 0 0 0 0 0 0 6 0 0 2 3 0 2 0 9 0 0 11 5 0 10 0 0 0 1 1 1 0 0 0 0 0 0 2 0 0 8 0 17 0 0 5 0 3 3 0 0 8 0 0 0 0 1 1 1 0 0 0 0 0 0 6 0 0 10 0 1 0 15 0 2 4 0 0 17 15 0 3 2 1 0 0 0 0 0 0 0 0 0 5 0 2 5 0 0 101 121 162 230 255 255 255 206 83 0 7 5 1 0 0 0 0 1 0 0 0 0 0 1 0 1 10 6 229 255 255 255 255 243 247 255 234 153 9 6 2 0 0 0 0 1 0 0 0 0 1 0 11 2 0 10 246 255 237 157 54 50 100 200 246 252 211 40 13 0 0 4 0 0 0 0 0 0 0 2 0 0 0 76 240 255 190 0 0 5 0 27 67 137 173 241 192 104 11 0 0 0 0 0 0 0 2 7 0 0 0 82 249 250 69 12 0 8 9 0 0 0 20 167 255 241 110 1 26 0 0 0 0 0 5 0 0 7 0 22 246 255 185 0 0 0 0 0 0 5 0 79 246 255 219 0 0 2 0 0 0 0 0 0 6 4 0 0 158 255 255 42 7 11 13 7 0 6 4 80 255 255 215 0 9 0 0 0 0 0 0 0 3 0 2 9 14 186 253 200 63 0 0 0 6 0 26 199 236 246 214 9 0 14 0 0 0 0 0 5 0 0 4 5 0 67 233 237 228 150 88 106 97 97 201 255 249 255 111 0 0 0 0 0 0 0 0 1 0 4 9 0 16 0 24 229 254 251 253 249 252 253 255 247 255 248 29 0 1 4 0 0 0 0 0 0 0 0 0 0 0 0 0 22 89 155 207 255 251 187 184 255 251 247 35 0 0 5 0 0 0 0 0 0 0 0 0 0 0 0 9 0 0 0 0 32 43 8 12 194 255 247 8 0 3 0 0 0 0 0 0 0 0 0 0 0 0 0 10 1 6 5 0 3 8 0 0 164 237 255 30 5 0 5 0 0 0 0 0 0 0 0 0 0 0 0 0 0 0 4 0 0 4 0 1 185 255 249 9 0 0 2 0 0 0 0 0 0 0 0 0 0 0 0 9 0 0 3 0 0 0 1 0 145 255 255 52 3 0 4 0 0 0 0 0 0 0 0 0 0 0 0 0 0 0 8 12 4 0 0 11 86 230 255 126 1 0 8 0 0 0 0 0 0 0 0 0 0 0 0 4 2 0 0 0 0 0 4 0 72 255 253 140 0 1 0 0 0 0 0 0 0 0 0 0 0 0 0 0 2 0 0 4 2 0 3 13 39 236 255 214 26 16 0 0 0 0 0 0 0 0 0 0 0 0 0 0 0 0 0 0 0 0 0 0 0 98 255 248 152 0 7 0 0 0 0 0 0 0 0 0 0 0 0 0 0 0 0 0 0 0 0 7 2 16 146 248 226 28 0 0 0 0 0 0 0 0 0 0 0 0 0 0 0 0 0 0 0 0 0 2 0 0 0 0 24 0 6 0 0 0 0 0 0 0 0 0 0 0 0 0 0 0 0 0 0 0 0 7 0 8 3 0 0 0 0 0 0 0 0
0 0 0 0 0 0 0 0 0 8 5 0 0 0 0 4 0 11 9 0 4 0 0 1 0 0 0 0 0 0 0 0 0 0 0 0 0 0 0 4 9 0 0 2 15 1 0 0 3 0 0 6 0 0 0 0 0 0 0 0 0 0 0 0 7 12 2 0 0 2 2 7 0 0 14 7 0 5 5 0 0 0 0 0 0 0 0 0 0 0 0 0 0 0 1 0 4 0 0 0 19 0 0 5 0 0 5 1 0 0 0 0 0 0 0 0 0 0 0 0 7 0 0 2 7 0 0 19 0 0 6 1 0 0 10 0 0 0 0 0 0 0 0 0 0 0 0 0 0 7 1 0 2 5 0 0 5 5 7 2 0 3 4 0 0 0 0 0 0 0 0 0 0 0 0 0 0 0 0 16 86 159 203 221 183 85 0 0 16 2 0 12 0 0 0 0 0 0 0 0 0 0 0 0 2 0 41 172 255 249 231 255 255 253 153 16 0 2 9 0 0 0 0 0 2 0 0 5 0 6 0 1 0 71 224 252 191 79 24 68 107 255 172 0 3 0 0 0 0 0 0 0 0 2 0 1 0 10 0 0 86 193 255 136 15 2 0 6 19 148 119 12 0 3 7 2 0 0 0 0 0 8 0 0 0 10 0 20 196 255 141 0 0 0 14 0 0 32 118 134 53 0 0 0 0 0 0 0 0 8 2 0 2 4 0 77 251 254 30 15 0 0 0 6 6 6 195 255 132 9 0 7 0 0 0 0 0 2 1 1 0 0 4 138 255 87 1 5 0 7 8 0 0 55 248 250 64 7 3 3 0 0 0 0 0 0 2 3 0 0 7 156 251 75 12 6 8 0 14 10 30 157 255 190 0 0 0 1 0 0 0 0 3 0 4 1 0 1 0 123 255 197 0 2 2 1 0 31 169 251 242 110 2 4 0 11 0 0 0 0 5 0 5 0 0 9 0 82 244 255 173 34 75 79 169 239 247 255 180 0 5 0 1 0 0 0 0 0 0 0 0 0 0 0 0 0 177 248 255 252 248 255 250 255 255 255 52 0 1 0 0 3 0 0 0 0 0 0 0 0 0 0 0 0 0 123 146 162 199 142 74 154 242 192 15 0 6 7 0 0 0 0 0 0 0 0 0 0 0 0 0 0 3 4 5 2 0 0 13 189 255 133 1 0 3 0 0 1 0 0 0 0 0 0 0 0 0 0 0 0 0 0 3 4 4 13 20 239 248 71 2 3 4 0 0 7 0 0 0 0 0 0 0 0 0 0 0 0 3 0 0 0 0 0 124 255 191 6 0 10 10 0 0 1 0 0 0 0 0 0 0 0 0 0 0 0 12 0 15 8 2 0 255 252 177 3 0 2 2 0 2 0 0 0 0 0 0 0 0 0 0 0 0 0 0 7 0 0 16 78 250 249 146 18 0 0 0 0 5 0 0 0 0 0 0 0 0 0 0 0 0 0 14 0 6 10 0 197 250 249 60 0 0 9 0 4 7 0 0 0 0 0 0 0 0 0 0 0 0 0 0 9 0 10 14 230 255 221 0 0 0 0 0 0 0 0 0 0 0 0 0 0 0 0 0 0 0 0 0 7 0 0 78 255 242 107 0 0 0 0 0 0 0 0 0 0 0 0 0 0 0 0 0 0 0 0 0 0 14 11 0 0 0 0 0 0 0 0 0 0 0 0 0 0 0 0 0 0 0 0 0 0 0 0 3 0 0 0 4 0 0 10 0 0 0 0 0 0 0 0 0 0 0 0
0 0 0 0 0 0 0 0 0 0 0 0 9 7 4 0 0 0 0 3 0 0 0 4 0 0 0 0 0 0 0 0 0 0 0 0 15 0 13 5 0 0 8 8 2 1 2 5 5 1 0 0 0 0 0 0 0 0 0 0 0 0 0 0 1 0 0 0 3 15 0 0 0 0 0 0 1 5 4 0 0 0 0 0 0 0 0 0 0 0 0 0 0 15 1 0 9 0 0 11 2 3 0 0 0 2 4 1 0 0 0 0 0 0 0 0 0 0 0 0 0 7 0 0 11 0 0 1 4 7 7 2 0 0 0 0 0 0 0 0 0 0 0 0 0 0 0 0 13 0 0 15 0 0 11 0 0 0 0 4 7 2 0 0 0 0 0 0 0 0 0 0 0 0 0 0 0 0 3 0 7 10 0 13 18 0 0 0 7 2 0 3 0 0 0 0 0 0 0 0 0 0 0 0 0 0 12 49 239 255 60 73 72 30 0 0 4 0 0 2 0 0 0 0 0 0 0 0 0 0 0 0 0 15 16 217 255 246 253 246 226 238 178 1 6 0 0 0 0 0 0 0 0 0 0 0 0 0 0 0 22 0 183 218 189 255 172 18 13 60 237 210 8 10 0 0 0 0 0 0 0 0 0 0 0 0 0 0 0 69 241 255 217 232 68 12 0 10 78 223 156 0 12 0 0 0 0 0 0 0 0 0 0 0 0 0 1 190 246 213 24 57 5 0 0 0 30 99 176 13 0 12 0 0 0 0 0 0 0 0 0 0 0 0 11 179 254 138 3 0 1 3 1 13 242 234 255 46 11 0 0 0 0 0 0 0 0 0 0 0 0 0 56 255 181 0 0 10 0 1 5 198 255 250 236 0 0 13 0 0 0 0 0 0 0 0 0 0 0 0 89 245 55 0 17 0 0 0 39 240 248 227 38 26 8 0 0 0 0 0 0 0 0 0 0 0 0 0 93 254 54 0 0 0 0 10 200 255 230 40 11 0 0 4 0 0 0 0 0 0 0 0 0 0 0 0 63 251 215 95 83 84 122 214 255 143 39 0 0 4 13 0 0 0 0 0 0 0 0 0 0 0 0 0 0 122 250 252 255 236 255 255 177 45 0 7 15 0 0 0 0 0 0 0 0 0 0 0 0 0 0 0 6 0 32 56 83 70 213 243 47 0 0 7 5 0 2 1 0 0 0 0 0 0 0 0 0 0 0 0 0 15 0 0 10 95 241 138 0 4 14 0 0 5 15 0 0 0 0 0 0 0 0 0 0 0 0 0 0 0 0 4 0 196 247 37 10 0 0 0 1 1 0 0 0 0 0 0 0 0 0 0 0 0 0 0 21 0 5 16 90 255 135 1 3 0 0 3 5 0 0 4 0 0 0 0 0 0 0 0 0 0 0 0 0 5 6 0 163 225 44 0 0 5 10 0 0 0 0 6 0 0 0 0 0 0 0 0 0 0 0 0 3 0 0 25 227 128 7 0 7 5 0 0 4 2 0 0 0 0 0 0 0 0 0 0 0 0 0 0 0 0 3 99 253 61 3 0 0 0 0 0 0 0 0 0 0 0 0 0 0 0 0 0 0 0 0 0 10 17 0 113 255 39 0 6 0 0 0 0 0 0 0 0 0 0 0 0 0 0 0 0 0 0 0 0 0 0 17 25 212 200 5 0 0 0 0 0 0 0 0 0 0 0 0 0 0 0 0 0 0 0 0 0 14 11 0 6 0 0 23 0 0 0 0 0 0 0 0 0 0 0 0 0
0 0 0 0 0 0 0 0 6 1 1 0 15 3 0 5 0 0 0 0 0 0 0 0 0 0 0 0 0 0 0 0 0 0 0 0 0 0 0 14 0 1 0 4 0 0 0 0 0 0 0 0 0 0 0 0 0 0 0 0 0 0 0 0 20 4 0 0 0 0 2 5 0 0 0 0 0 0 0 0 0 0 0 0 0 0 0 0 0 0 0 0 0 0 0 11 11 5 2 1 0 0 0 0 0 0 0 0 0 0 0 0 0 0 0 0 0 0 0 0 0 18 0 9 0 0 0 4 0 0 0 0 0 0 0 0 0 0 0 0 0 0 0 0 0 0 0 0 6 0 16 0 40 182 255 71 0 0 0 0 0 0 0 0 0 0 0 0 0 0 0 0 0 0 0 0 0 0 0 64 234 167 126 89 0 0 0 0 0 0 0 0 0 0 0 0 0 0 0 0 0 0 0 0 7 0 77 255 158 48 3 0 0 0 0 0 0 0 0 0 0 0 0 0 0 0 0 0 0 0 0 0 0 40 250 160 12 0 6 0 0 0 88 73 0 1 2 0 0 0 0 0 0 0 0 0 0 0 0 0 6 147 254 7 0 4 0 0 5 226 240 235 30 0 1 0 0 0 0 0 0 0 0 0 0 0 0 0 7 153 245 28 14 0 0 29 181 249 255 73 12 0 0 10 0 0 0 0 0 0 0 0 0 0 0 0 0 26 203 241 185 222 195 121 253 197 13 9 0 4 13 0 0 0 0 0 0 0 0 0 0 0 0 0 10 0 34 175 203 148 49 140 254 25 11 0 17 0 0 2 0 0 0 0 0 0 0 0 0 0 0 0 0 5 0 0 2 0 20 168 250 0 1 0 0 0 4 5 0 0 0 0 0 0 0 0 0 0 0 0 0 7 0 0 13 0 82 249 168 19 0 5 3 13 9 0 0 0 0 0 0 0 0 0 0 0 0 0 1 0 4 19 0 5 123 228 21 0 0 3 0 0 0 12 0 0 0 0 0 0 0 0 0 0 0 0 0 0 10 0 0 38 214 202 0 5 5 0 0 4 4 0 0 0 0 0 0 0 0 0 0 0 0 0 13 11 0 1 7 128 255 87 3 0 0 0 0 3 1 0 0 0 0 0 0 0 0 0 0 0 0 0 0 0 0 0 0 179 230 1 4 3 7 10 5 0 0 0 0 0 0 0 0 0 0 0 0 0 0 0 0 0 16 0 0 209 155 4 0 0 0 0 0 0 1 5 0 0 0 0 0 0 0 0 0 0 0 0 12 0 6 0 12 232 154 1 9 7 0 0 0 6 7 0 0 0 0 0 0 0 0 0 0 0 0 0 0 0 0 0 0 203 217 18 0 2 11 8 1 0 0 0 0 0 0 0 0 0 0 0 0 0 0 0 0 12 2 8 0 143 248 140 3 0 0 1 2 0 0 10 0 0 0 0 0 0 0 0 0 0 0 0 3 0 0 0 9 92 213 255 160 66 0 0 10 3 0 0 0 0 0 0 0 0 0 0 0 0 0 0 7 0 0 0 6 0 41 204 255 158 43 0 0 5 4 0 0 0 0 0 0 0 0 0 0 0 0 0 0 1 3 0 15 0 0 12 13 3 0 5 4 0 0 0 0 0 0 0 0 0 0 0 0 0 0 0 0 6 5 0 0 13 0 0 0 0 0 4 2 0 0 5 0 0 0 0 0 0 0 0 0 0 0 0 0 0 8 5 0 0 5 11 13 4 0 4 7 3 0 0 0 0 0 0
0 0 0 0 0 0 0 0 3 0 0 9 4 0 1 2 0 0 0 0 0 0 0 0 0 0 0 0 0 0 0 0 0 0 0 0 7 3 0 0 0 0 0 0 0 0 0 0 0 0 0 0 0 0 0 0 0 0 0 0 0 0 0 0 0 5 4 0 7 9 4 5 0 0 0 0 0 0 0 0 0 0 0 0 0 0 0 0 0 0 0 0 2 7 0 0 0 0 0 2 0 0 0 0 0 0 0 0 0 0 0 0 0 0 0 0 0 0 0 0 0 0 0 10 14 3 0 2 0 0 0 0 0 0 0 0 0 0 0 0 0 0 0 0 0 0 0 0 10 0 0 3 0 0 2 0 0 0 0 0 0 0 0 0 0 0 0 0 0 0 0 0 0 0 0 0 0 0 8 6 0 7 22 0 0 0 0 0 0 0 0 0 0 0 0 0 0 0 0 0 0 0 0 0 4 68 184 249 250 255 228 134 0 0 0 0 0 0 0 0 0 0 0 0 3 8 0 2 0 0 0 51 197 244 255 255 237 255 254 251 183 7 0 0 0 6 1 1 0 0 0 0 0 16 0 3 16 0 66 225 255 236 103 18 107 198 174 248 247 182 7 6 0 15 0 2 0 0 0 0 0 7 0 1 0 22 179 255 205 58 0 1 10 0 0 201 249 255 137 0 5 0 11 3 0 0 0 0 6 0 0 6 1 69 255 243 89 0 0 7 0 13 0 0 124 247 244 50 2 0 15 0 0 0 0 0 0 0 0 2 7 58 248 216 14 0 14 11 0 2 4 0 48 252 254 90 0 9 0 1 0 0 0 0 6 0 6 0 0 59 255 215 12 0 0 0 0 0 8 0 54 254 250 181 0 0 1 10 0 0 0 0 1 0 7 5 0 67 255 255 114 0 0 22 4 0 5 0 93 247 251 226 0 19 0 0 0 0 0 0 0 15 0 0 7 0 125 255 236 28 0 0 0 5 4 0 199 247 255 48 0 0 0 3 0 0 0 0 1 5 0 0 0 0 29 123 251 204 13 0 0 45 0 44 236 255 246 52 7 11 0 8 0 0 0 0 0 4 0 0 12 0 0 26 18 96 121 198 223 167 23 0 87 228 255 57 0 0 0 9 0 0 0 0 0 6 0 0 9 7 0 0 0 9 0 0 9 0 0 12 37 240 255 51 0 0 3 0 0 0 0 0 0 8 0 0 0 5 2 4 1 1 4 0 11 0 0 3 63 255 254 46 7 0 1 0 0 0 0 0 0 3 6 3 0 0 0 0 0 0 0 1 0 4 4 2 44 253 247 50 13 0 0 4 0 0 0 0 4 0 0 1 1 0 0 0 0 0 4 21 0 5 0 0 46 255 255 44 5 0 4 0 0 0 0 0 9 0 0 0 0 4 8 2 1 0 0 0 0 0 5 12 62 255 255 44 2 4 3 0 0 0 0 0 0 0 6 4 0 5 5 0 1 0 0 0 6 5 0 0 29 222 255 60 7 0 0 3 0 0 0 0 0 0 0 0 0 0 0 0 0 0 0 0 0 0 0 0 0 218 255 119 12 0 0 11 0 0 0 0 0 0 0 0 0 0 0 0 0 0 0 0 0 0 0 0 0 218 253 80 0 15 10 0 0 0 0 0 0 0 0 0 0 0 0 0 0 0 0 0 0 0 0 0 8 215 255 87 0 0 11 5 0 0 0 0 0 0 0 0 0 0 0 0 0 0 0 0 0 0 0 0 0 1 0 7 25 0 0 12 0 0 0 0
0 0 0 0 0 0 0 0 0 3 7 0 0 0 0 0 0 0 0 0 0 1 4 5 0 0 0 0 0 0 0 0 0 0 0 0 12 0 0 0 7 9 6 6 5 0 2 11 5 0 0 1 0 0 0 0 0 0 0 0 0 0 0 0 0 3 6 0 0 0 0 0 2 0 0 0 0 18 13 0 0 0 0 0 0 0 0 0 0 0 0 0 5 2 0 0 0 6 8 4 4 0 2 15 9 0 0 0 0 0 0 0 0 0 0 0 0 0 0 0 0 0 3 18 7 0 0 0 0 0 0 0 0 0 5 6 0 0 0 0 0 0 0 0 0 0 0 0 0 5 3 0 0 6 9 1 0 3 9 8 4 2 0 0 0 0 0 0 0 0 0 0 0 0 0 0 9 0 0 41 150 246 255 248 248 111 0 0 9 3 0 0 0 0 0 0 0 0 0 0 0 0 0 0 0 0 60 192 255 255 241 255 255 255 193 58 0 0 11 0 0 0 0 0 0 0 0 0 0 0 0 0 0 6 176 254 251 255 245 254 247 255 255 155 0 14 0 0 0 0 0 0 0 0 0 0 0 0 0 0 4 116 246 255 251 130 119 98 171 241 253 166 0 7 1 7 0 0 0 0 0 0 0 0 0 0 0 0 34 250 246 255 94 17 0 1 150 251 251 150 3 0 1 5 0 0 0 0 0 0 0 0 0 0 0 0 97 255 249 209 5 0 0 0 200 255 249 86 0 0 0 0 0 0 0 0 0 0 0 0 0 0 0 0 153 255 255 187 17 17 0 56 239 255 251 26 0 0 0 3 0 0 0 0 0 0 0 0 0 0 0 0 186 253 242 126 0 0 0 174 249 251 255 16 5 3 0 4 0 0 0 0 0 0 0 0 0 0 0 0 184 248 255 84 12 23 114 255 252 255 254 29 5 4 0 0 0 0 0 0 0 0 0 0 0 0 0 0 148 255 248 188 83 201 248 255 250 255 221 28 0 4 2 0 0 0 0 0 0 0 0 0 0 0 0 0 154 255 246 255 240 251 242 255 255 242 167 0 6 0 0 7 0 0 0 0 0 0 0 0 0 0 0 0 55 249 245 243 255 242 145 211 255 252 118 3 1 0 0 2 0 0 0 0 0 0 0 0 0 0 0 0 23 184 237 224 155 62 52 241 255 247 53 6 0 0 8 0 0 0 0 0 0 0 0 0 0 0 0 0 0 0 11 47 16 1 69 254 250 220 13 0 0 0 8 0 0 0 0 0 0 0 0 0 0 0 0 0 0 4 0 0 0 2 67 255 253 191 11 0 2 0 1 0 0 0 0 0 0 0 0 0 0 0 0 0 0 6 0 0 5 0 74 249 255 177 19 0 8 0 0 0 0 0 0 0 0 0 0 0 0 0 0 0 10 0 2 15 0 0 126 255 255 174 9 0 7 0 0 0 0 0 0 0 0 0 0 0 0 0 0 0 0 0 0 1 0 56 199 254 247 173 0 1 2 0 7 0 0 0 0 0 0 0 0 0 0 0 0 0 0 1 0 6 0 41 223 255 255 139 21 0 3 1 0 1 0 0 0 0 0 0 0 0 0 0 0 0 6 0 0 8 0 0 159 239 129 54 0 0 4 1 0 3 0 0 0 0 0 0 0 0 0 0 0 0 0 0 0 7 6 0 3 0 18 0 0 0 5 0 0 0 0 0 0 0 0 0 0 0 0 0 0 0 0 3 3 0 0 11 11 8 0 0 0 3 2 0 0 0 0 0 0 0
0 0 0 0 0 0 0 0 0 3 2 0 0 4 3 0 0 3 0 0 8 6 0 0 0 0 0 0 0 0 0 0 0 0 0 0 5 0 0 0 0 0 0 2 16 0 7 8 0 0 11 0 0 0 0 0 0 0 0 0 0 0 0 0 0 0 0 4 6 4 2 2 0 0 0 0 6 5 0 0 0 0 0 0 0 0 0 0 0 0 0 0 0 4 5 0 0 1 0 0 11 21 0 0 10 5 0 8 0 0 0 0 0 0 0 0 0 0 0 0 0 2 1 0 0 2 7 11 0 0 7 9 0 0 11 0 0 0 0 0 0 0 0 0 0 0 0 0 1 0 0 10 5 0 0 0 6 8 3 0 0 6 8 0 0 0 0 0 0 0 0 0 0 0 0 0 2 0 0 0 2 15 35 50 166 173 100 11 0 2 0 8 0 0 0 0 0 0 0 0 0 0 0 0 0 11 3 0 32 140 226 252 239 255 235 125 11 0 2 0 0 0 0 0 0 5 1 0 1 4 0 0 0 0 12 18 217 255 144 69 56 49 169 237 59 0 1 1 0 0 0 0 0 0 1 4 3 0 0 0 6 0 69 194 248 89 17 6 0 8 124 240 186 13 0 2 0 0 0 0 4 0 0 7 0 0 0 1 0 19 219 251 223 5 0 3 14 0 100 251 238 0 1 0 0 0 0 0 8 0 0 2 0 0 5 2 7 154 235 106 5 3 0 13 0 20 159 255 201 0 22 0 0 0 0 0 2 0 0 0 0 2 3 0 50 236 186 2 0 0 18 0 52 157 250 244 98 3 0 0 0 0 0 0 0 4 2 0 3 0 0 2 199 230 59 2 0 10 0 76 247 255 255 211 12 0 0 10 0 0 0 0 0 7 0 0 10 0 0 50 255 127 15 0 13 0 2 127 250 240 250 181 5 2 10 3 0 0 0 0 1 8 0 0 11 0 8 103 241 117 0 5 1 34 163 232 100 236 254 100 0 0 4 0 0 0 0 0 3 0 10 3 0 0 14 206 255 126 58 73 179 255 227 66 139 255 108 17 0 0 0 0 0 0 0 0 4 0 0 0 1 5 0 104 246 255 252 220 246 196 25 16 187 205 58 0 0 1 2 1 0 0 0 0 0 3 0 0 2 8 0 13 159 214 255 240 72 0 0 113 243 128 5 0 2 1 3 0 0 0 0 0 0 7 1 0 0 1 0 0 3 2 3 19 0 0 21 204 253 63 0 0 7 0 4 0 0 0 0 0 0 5 2 3 0 0 10 3 0 2 13 0 15 9 31 249 196 18 0 2 6 0 3 0 0 0 0 0 1 0 0 0 8 0 2 0 0 0 0 4 0 0 179 255 103 0 6 3 2 0 0 0 0 0 0 0 1 0 3 0 10 0 0 0 0 24 0 7 6 26 251 238 29 0 8 0 0 5 0 2 0 0 0 0 0 0 14 0 6 0 0 8 17 0 13 0 0 123 246 209 0 1 7 0 1 10 0 4 0 0 0 0 0 0 0 0 0 0 0 0 0 0 3 0 63 248 244 37 0 0 0 0 0 0 0 0 0 0 0 0 0 0 0 0 0 0 0 0 10 2 0 13 113 225 169 2 0 0 0 0 0 0 0 0 0 0 0 0 0 0 0 0 0 0 0 0 0 8 4 0 0 5 2 0 0 0 0 0 0 0 0 0 0 0 0 0 0 0 0 0 0 0 0 0 13 7 0 0 10 2 0 0 0 0 0 0 0 0 0 0 0 0 0 0
0 0 0 0 0 0 0 0 0 5 0 12 0 0 8 5 5 1 0 0 0 0 0 0 0 0 0 0 0 0 0 0 0 0 0 0 0 10 0 13 3 2 0 0 0 0 3 9 6 0 0 0 0 0 0 0 0 0 0 0 0 0 0 0 0 7 0 0 0 1 0 2 13 0 0 0 0 0 1 3 0 0 0 0 0 0 0 0 0 0 0 0 0 9 2 0 0 0 0 10 6 0 0 0 6 5 0 0 0 0 0 0 0 0 0 0 0 0 0 0 0 0 3 0 0 0 0 0 0 1 3 0 0 0 1 5 0 0 0 0 0 0 0 0 0 0 0 0 7 0 6 0 0 10 12 0 0 5 7 0 1 9 2 0 0 0 0 0 0 0 0 0 0 0 0 0 12 0 14 3 31 117 219 255 255 238 159 53 0 0 4 2 0 0 0 0 0 0 0 0 0 0 0 0 0 55 214 255 249 248 255 244 236 255 249 137 27 0 0 6 0 0 0 0 0 0 0 3 8 4 3 0 99 246 249 255 249 255 239 250 253 255 253 228 56 0 2 4 0 0 0 0 3 2 0 0 0 0 0 11 220 253 255 250 147 138 55 22 40 152 206 255 155 0 0 9 0 0 0 0 0 0 2 0 5 6 16 90 254 230 231 58 17 4 4 0 15 8 217 255 93 16 20 0 0 0 0 0 1 0 7 0 0 0 7 113 255 250 208 43 0 40 69 102 85 172 251 255 239 139 0 0 0 0 0 0 0 0 9 0 1 0 2 106 255 237 248 243 209 236 255 243 253 255 249 255 238 197 0 20 0 0 0 0 0 0 5 0 7 3 6 77 245 255 255 248 255 227 255 255 253 247 253 247 247 7 20 0 0 0 0 0 5 4 0 0 0 0 0 6 108 244 240 255 255 204 185 255 250 252 255 243 91 0 0 8 0 0 0 0 0 3 0 1 6 5 7 0 0 49 66 51 62 0 105 252 254 255 240 94 6 0 10 0 0 0 0 0 0 0 0 0 0 0 0 0 0 0 0 14 0 134 255 242 255 224 55 0 11 0 0 7 0 0 0 0 0 0 0 0 0 0 0 0 18 0 12 0 65 251 249 252 255 111 6 1 2 2 7 0 0 0 0 0 0 0 0 0 0 0 0 0 0 7 0 22 179 254 241 253 182 12 0 11 0 2 0 0 0 0 0 0 0 0 0 0 0 0 0 0 0 3 40 164 255 244 248 143 51 0 8 0 0 6 0 9 0 0 0 0 0 0 0 0 0 0 0 0 10 55 236 255 243 251 196 11 0 6 5 0 3 15 0 0 0 0 0 0 0 0 0 0 0 0 0 0 7 102 255 255 246 98 0 2 0 5 0 4 0 0 14 0 0 0 0 0 0 0 0 0 0 0 0 0 51 253 255 236 246 69 0 0 3 0 2 12 0 0 10 0 0 0 0 0 0 0 0 0 0 0 0 0 115 240 247 255 174 0 12 0 0 0 0 0 8 6 0 0 0 0 0 0 0 0 0 0 0 0 0 0 107 243 252 198 17 19 0 3 0 0 0 0 0 0 0 0 0 0 0 0 0 0 0 0 0 0 0 0 48 194 244 118 0 0 12 2 0 0 0 0 0 0 0 0 0 0 0 0 0 0 0 0 0 0 0 0 0 0 0 0 18 0 1 0 0 0 0 0 0 0 0 0 0 0 0 0 0 0 0 0 0 0 0 0 6 5 10 3 0 0 0 5 0 0 0 0 0 0 0 0 0 0 0 0
0 0 0 0 0 0 0 0 0 0 3 4 2 0 0 0 0 0 0 0 0 0 3 0 0 0 0 0 0 0 0 0 0 0 0 0 8 5 1 0 1 3 0 0 0 13 14 0 0 6 8 0 0 0 0 0 0 0 0 0 0 0 0 0 0 0 5 0 0 0 5 11 0 0 0 4 9 0 0 8 0 0 0 0 0 0 0 0 0 0 0 0 5 6 2 0 2 7 2 0 11 18 1 0 0 4 1 0 0 0 0 0 0 0 0 0 0 0 0 0 0 0 0 0 0 2 4 4 0 0 0 5 14 6 0 0 0 0 0 0 0 0 0 0 0 0 0 0 7 0 0 1 4 0 0 0 1 0 7 4 0 0 7 7 0 0 0 0 0 0 0 0 0 0 0 0 0 0 7 0 0 36 155 255 255 255 236 112 0 0 17 0 0 0 0 0 0 0 0 0 0 0 0 0 7 0 29 131 226 255 255 247 255 236 255 242 101 0 0 11 0 0 0 0 0 0 0 0 0 0 0 0 8 6 211 255 250 255 243 255 255 248 251 248 210 139 69 9 0 0 0 0 0 0 0 0 0 0 0 0 0 132 255 247 245 221 108 106 80 160 250 255 251 255 157 0 0 0 0 0 0 0 0 0 0 0 0 0 43 240 252 255 218 101 35 18 84 184 255 249 255 248 121 12 0 0 0 0 0 0 0 0 0 0 0 0 132 254 249 250 255 254 239 255 242 235 255 250 243 255 146 0 0 0 0 0 0 0 0 0 0 0 0 0 16 244 254 245 255 252 255 234 255 255 251 252 255 210 60 0 0 0 0 0 0 0 0 0 0 0 0 0 5 114 240 255 244 252 240 255 246 251 249 232 99 14 0 6 0 0 0 0 0 0 0 0 0 0 0 0 5 0 59 187 193 235 255 251 244 255 153 67 0 0 0 10 0 0 0 0 0 0 0 0 0 0 0 0 0 19 0 1 23 195 244 254 255 197 25 0 0 15 16 0 0 0 0 0 0 0 4 0 0 0 0 5 0 10 0 9 152 255 247 253 187 28 0 5 3 8 0 0 0 0 0 0 2 0 0 0 5 5 0 3 8 2 19 89 221 255 250 243 80 0 0 4 0 2 0 6 0 0 0 0 4 0 0 5 0 0 2 0 0 0 75 237 255 236 247 95 4 0 10 3 0 2 0 3 0 0 0 0 0 3 2 6 0 0 9 0 5 60 198 255 245 255 201 4 0 0 11 0 0 8 0 0 0 0 0 0 0 2 4 2 0 2 9 0 33 228 255 246 255 246 154 0 0 0 0 0 1 7 0 4 0 0 0 0 1 0 1 0 4 6 0 4 164 245 255 255 245 151 14 4 0 0 0 0 3 0 0 7 0 0 0 0 9 0 5 0 2 0 0 78 255 251 230 255 215 7 0 0 2 2 1 6 2 0 0 1 0 0 0 0 5 0 14 0 2 0 18 184 244 255 255 241 235 24 17 0 5 0 0 0 0 0 7 0 0 0 0 0 7 0 2 0 4 0 25 189 255 230 255 255 210 52 0 0 0 0 0 0 0 0 0 0 0 0 0 0 2 0 2 0 14 13 0 42 255 255 230 129 59 0 1 0 0 0 0 0 0 0 0 0 0 0 0 0 0 1 12 0 0 13 0 0 0 6 9 0 0 0 6 7 0 0 0 0 0 0 0 0 0 0 0 0 2 0 12 0 0 0 1 16 2 0 0 13 8 2 0 0 0 0 0 0 0 0 0 0 0 0 0 0
0 0 0 0 0 0 0 0 0 0 0 0 0 0 0 1 0 4 0 0 0 0 0 7 0 0 0 0 0 0 0 0 0 0 0 0 1 2 9 16 9 0 0 2 1 0 1 11 0 4 12 0 0 0 0 0 0 0 0 0 0 0 0 0 0 1 0 0 0 1 10 5 0 12 10 0 0 0 4 16 0 0 0 0 0 0 0 0 0 0 0 0 5 8 6 2 5 9 2 0 0 7 0 0 13 5 0 1 0 0 0 0 0 0 0 0 0 0 0 0 5 0 0 2 4 0 0 12 10 0 1 9 0 0 4 4 0 0 0 0 0 0 0 0 0 0 0 0 0 6 12 2 0 5 3 0 0 1 2 0 6 4 0 7 0 0 0 0 0 0 0 0 0 0 0 0 2 9 0 0 37 136 192 191 245 231 106 0 0 5 0 0 0 0 0 0 0 0 0 0 0 0 0 0 8 0 10 96 197 255 255 249 238 255 231 97 7 0 6 0 0 0 0 0 0 4 0 0 4 5 0 3 0 19 163 255 255 185 116 39 21 99 230 209 11 1 3 0 0 0 0 0 0 3 0 0 5 3 0 0 17 37 255 254 63 24 0 21 9 0 254 255 19 7 0 10 0 0 0 0 0 2 0 0 5 1 0 0 27 247 242 71 0 8 3 0 0 97 255 248 39 0 0 0 0 0 0 0 0 2 0 0 3 0 0 8 178 255 151 18 12 0 0 12 20 239 234 166 18 0 0 0 0 0 0 0 0 2 0 0 1 0 5 22 239 238 27 0 0 2 17 0 170 255 252 109 0 6 0 10 0 0 0 0 0 2 0 0 0 0 8 31 252 250 7 1 0 0 42 230 255 255 240 53 1 7 0 0 0 0 0 0 0 2 0 0 0 0 6 31 255 253 0 5 6 16 166 253 233 255 136 0 7 0 12 0 0 0 0 0 0 1 0 1 1 0 2 28 239 253 162 48 97 176 248 254 255 255 78 9 0 0 0 4 0 0 0 0 0 0 0 0 0 0 0 0 82 255 255 253 255 255 246 235 243 255 23 6 0 4 0 0 0 0 0 0 0 0 0 0 0 0 0 0 7 105 166 232 228 150 70 144 255 229 2 2 2 6 2 3 0 0 0 0 0 0 0 0 0 0 0 0 1 0 0 8 4 2 0 200 255 161 0 0 0 3 5 0 0 0 0 0 0 0 0 0 0 0 0 0 0 0 5 0 0 1 19 213 250 109 8 0 0 0 7 0 0 0 0 0 0 0 0 0 0 0 0 0 4 1 0 10 0 0 70 237 255 71 8 8 2 0 4 2 0 0 0 0 0 0 0 0 0 0 0 0 0 4 0 6 8 7 166 255 243 34 0 5 11 0 0 8 0 0 0 0 0 0 0 0 0 0 0 0 0 13 0 0 0 3 209 255 164 9 0 0 4 0 0 4 0 0 0 0 0 0 0 0 0 0 0 0 0 0 1 0 9 3 221 250 81 7 8 2 0 6 0 0 0 0 0 0 0 0 0 0 0 0 0 0 0 0 6 0 3 37 255 247 59 20 0 0 7 0 0 0 0 0 0 0 0 0 0 0 0 0 0 0 3 0 0 0 7 47 228 222 29 6 0 0 3 0 0 2 0 0 0 0 0 0 0 0 0 0 0 0 4 0 7 5 0 0 19 0 1 0 0 0 0 0 0 3 0 0 0 0 0 0 0 0 0 0 0 0 0 0 2 11 9 6 4 0 0 0 2 0 0 1 1 0 0 0 0 0
0 0 0 0 0 0 0 0 0 5 0 0 2 0 0 0 4 7 0 0 16 0 2 0 0 0 0 0 0 0 0 0 0 0 0 0 0 3 6 0 3 0 4 1 0 5 0 1 0 24 0 1 0 0 0 0 0 0 0 0 0 0 0 0 13 0 0 0 8 0 2 10 0 0 22 0 9 0 7 0 0 0 0 0 0 0 0 0 0 0 0 0 0 0 5 8 0 1 0 0 2 8 0 4 0 0 3 1 0 0 0 0 0 0 0 0 0 0 0 0 1 0 0 12 0 17 0 10 4 0 5 9 0 14 0 0 0 0 0 0 0 0 0 0 0 0 0 0 3 13 4 0 41 222 255 239 247 197 217 77 8 0 0 15 0 0 0 0 0 0 0 0 0 0 0 0 5 0 92 193 247 255 248 255 241 255 255 236 82 22 0 0 0 0 0 0 0 0 0 0 0 0 0 0 14 94 255 251 243 242 255 238 234 243 234 255 162 0 17 0 0 0 0 0 2 0 7 0 3 6 0 23 217 216 255 250 184 145 91 13 5 44 86 186 217 50 0 6 0 0 0 0 0 1 3 0 0 0 38 173 248 255 240 138 7 10 0 19 4 0 13 141 184 10 16 0 0 0 0 0 2 1 0 0 12 0 80 255 253 156 0 13 0 0 7 0 0 4 0 64 255 87 0 0 0 0 0 0 6 0 0 2 6 5 116 254 255 59 0 10 0 0 11 13 0 0 52 160 247 255 36 6 0 0 0 0 0 0 10 0 0 24 186 255 150 0 7 3 0 5 0 0 31 37 224 255 253 228 34 0 0 0 0 0 1 0 9 0 0 71 249 250 45 10 0 15 0 5 5 98 255 255 234 244 255 198 4 19 0 0 0 0 3 0 2 0 17 90 255 238 44 0 0 0 15 92 70 217 232 255 255 252 218 32 0 0 0 0 0 0 0 6 2 0 7 61 247 255 255 254 255 253 244 248 255 255 255 251 250 255 144 0 8 8 0 0 0 0 1 0 0 3 3 4 107 255 255 240 253 255 254 244 245 126 190 250 253 198 4 0 0 0 0 0 0 0 0 5 0 0 0 0 36 129 234 255 254 238 224 144 23 88 252 255 251 46 0 14 0 0 0 0 0 0 0 7 2 0 3 0 0 16 0 76 86 35 16 0 0 211 255 235 79 0 13 3 0 7 0 0 0 0 0 5 0 0 8 11 0 0 6 0 15 1 0 0 134 255 253 255 37 19 0 0 6 0 0 0 0 0 3 4 0 0 1 3 0 0 1 0 5 0 17 126 254 238 241 106 9 0 0 0 10 5 0 0 0 0 4 0 0 1 0 0 0 3 0 8 0 0 79 233 255 255 214 7 0 0 19 3 0 0 0 0 0 0 0 0 0 5 0 0 1 5 17 0 0 132 236 255 229 210 14 0 2 1 0 0 15 0 0 0 0 0 1 0 0 3 0 0 1 0 0 21 110 243 255 237 249 81 0 5 5 0 13 0 4 0 0 0 0 0 0 0 0 0 0 0 0 0 0 25 209 254 247 252 108 12 0 0 0 0 0 0 0 0 0 0 0 0 0 0 0 0 0 0 0 0 7 0 15 3 0 19 6 0 0 0 0 0 0 0 0 0 0 0 0 0 0 0 0 0 0 0 0 0 6 1 0 13 1 0 0 0 0 0 0 0 0 0 0 0 0 0 0 0 0 0 0 0 0 0 0 0 0 5 0 3 3 0 3 9 0 0 0 0 0 0 0 0 0 0 0 0
0 0 0 0 0 0 0 0 0 2 6 2 0 0 0 2 0 0 1 1 4 7 0 0 0 0 0 0 0 0 0 0 0 0 0 0 9 3 0 0 0 3 5 4 0 4 1 0 0 0 6 13 0 0 0 0 0 0 0 0 0 0 0 0 4 0 0 1 4 3 0 0 0 2 3 2 3 3 0 0 0 0 0 0 0 0 0 0 0 0 0 0 0 0 3 7 4 0 0 3 0 0 0 0 0 1 2 2 0 0 0 0 0 0 0 0 0 0 0 0 2 0 0 0 0 0 3 12 0 3 10 7 0 0 0 0 0 0 0 0 0 0 0 0 0 0 0 0 9 0 0 0 4 0 0 0 0 0 0 0 5 8 7 6 0 0 0 0 0 0 0 0 0 0 0 0 1 0 0 7 5 0 5 18 8 2 0 3 3 0 0 0 0 0 0 0 0 0 0 0 0 0 0 0 0 0 4 0 0 6 57 109 149 201 251 243 166 72 16 1 0 0 0 0 5 0 0 0 8 4 0 0 2 0 48 177 227 211 238 250 255 237 255 241 250 251 91 0 0 0 0 0 0 1 8 0 0 5 1 5 0 92 206 255 250 255 252 220 177 167 188 234 225 255 231 24 0 0 0 0 0 1 11 0 0 9 0 0 32 255 255 250 182 54 2 12 1 17 17 139 27 211 234 51 0 0 0 0 4 0 2 1 0 9 0 8 175 248 197 79 0 10 0 0 3 48 248 243 127 100 255 46 0 0 0 0 9 0 0 7 0 2 0 81 255 167 14 0 0 0 32 4 70 240 255 255 144 18 107 7 0 0 0 0 3 0 0 10 0 0 17 183 226 39 0 0 14 0 0 102 242 255 237 209 20 0 73 2 0 0 0 0 0 2 0 6 0 0 21 230 156 1 8 3 0 66 212 255 255 249 255 140 0 0 0 0 0 0 0 0 0 4 0 0 3 6 11 222 255 141 168 119 169 243 255 255 254 255 192 2 3 0 1 0 0 0 0 0 0 5 8 0 1 0 17 142 255 240 255 255 255 245 250 249 255 235 58 10 0 7 7 0 0 0 0 0 3 4 0 0 4 0 0 48 171 232 238 226 216 149 215 255 247 126 15 0 0 0 0 0 0 0 0 0 0 0 0 0 7 10 0 0 0 21 45 0 30 19 194 244 185 18 0 0 7 0 0 1 0 0 0 0 0 0 3 2 2 9 5 0 0 0 0 2 0 173 255 255 80 0 13 0 3 2 6 0 0 0 0 0 3 0 1 6 0 0 4 2 4 0 6 9 57 251 249 140 3 0 10 0 0 1 4 0 0 0 0 0 7 0 0 6 2 0 1 0 0 0 1 0 201 249 215 46 0 14 0 1 0 0 0 0 0 0 0 0 0 3 0 3 9 0 7 0 0 10 0 128 255 254 87 0 3 9 0 6 1 0 1 2 0 0 0 0 0 14 0 0 2 0 5 0 4 0 45 241 245 218 0 15 0 0 5 8 0 0 3 0 0 0 0 0 1 0 0 0 0 0 0 1 3 16 224 255 245 37 1 0 0 0 0 0 0 0 0 0 0 0 0 0 1 0 0 0 0 0 0 1 57 210 255 246 140 16 0 5 0 0 0 0 0 0 0 0 0 0 0 0 1 0 0 0 0 0 0 1 225 255 255 199 9 5 0 0 0 0 0 0 0 0 0 0 0 0 0 0 1 0 0 0 0 0 0 1 1 0 8 2 0 13 0 24 0 0 0 0 0 0 0 0 0 0 0 0
0 0 0 0 0 0 0 0 0 0 0 0 2 3 0 0 3 0 0 6 1 13 0 12 0 0 0 0 0 0 0 0 0 0 0 0 6 3 0 0 2 2 1 0 6 4 2 1 0 0 0 0 0 0 0 0 0 0 0 0 0 0 0 0 4 1 0 0 0 0 0 0 0 0 0 0 0 3 17 6 0 0 0 0 0 0 0 0 0 0 0 0 0 0 0 0 0 0 0 0 4 7 0 11 0 0 2 0 0 0 0 0 0 0 0 0 0 0 0 0 0 0 2 3 2 1 0 0 0 0 0 14 0 2 0 6 0 0 0 0 0 0 0 0 0 0 0 0 0 0 1 0 0 0 0 0 4 4 0 3 0 12 0 6 0 0 0 0 0 0 0 0 0 0 0 0 0 0 0 0 0 0 5 9 0 0 17 0 8 20 0 2 0 0 0 0 0 0 0 0 0 0 0 0 1 1 2 2 5 12 23 31 240 227 232 92 120 84 16 2 0 0 0 0 0 0 2 0 6 0 5 0 0 0 46 81 190 231 111 239 240 153 138 235 196 255 121 1 0 0 0 0 2 0 3 0 10 7 15 0 6 54 180 244 210 159 52 36 42 0 31 107 103 198 223 17 0 0 0 0 15 0 1 1 0 0 0 0 0 168 115 150 28 0 2 0 12 5 9 0 0 154 247 0 0 0 0 0 3 0 4 6 5 2 0 5 198 242 104 0 0 0 3 12 0 12 84 176 83 220 78 23 0 0 0 0 0 3 9 0 0 16 0 0 204 131 0 4 4 9 0 0 0 126 255 252 114 27 0 0 0 0 0 0 3 2 2 0 0 0 0 98 255 19 7 0 12 0 10 116 193 255 239 231 51 0 22 10 0 0 0 0 0 0 0 7 9 0 20 199 251 89 0 30 59 91 139 252 249 246 254 105 0 8 0 0 0 0 0 0 0 16 0 0 2 5 0 102 255 242 253 254 247 255 254 251 255 120 8 0 13 0 5 9 0 0 0 0 0 0 0 0 0 0 0 0 209 255 250 241 255 251 244 255 116 16 0 9 0 0 11 0 0 0 0 0 0 0 0 0 0 0 0 0 11 56 95 119 73 255 248 137 22 0 0 16 0 0 6 0 0 0 0 0 0 0 0 0 0 0 0 0 0 1 6 2 14 244 255 24 0 0 6 5 0 0 5 1 0 0 0 0 0 0 0 0 0 0 0 0 6 6 0 0 162 244 178 0 5 11 5 0 0 1 2 1 0 0 0 0 0 0 0 0 0 0 0 0 0 0 0 43 249 255 42 10 0 3 0 0 9 7 0 0 0 0 0 0 0 0 0 0 0 0 0 0 2 13 0 79 232 170 0 7 0 0 0 1 5 0 0 3 0 0 0 0 0 0 0 0 0 0 0 0 0 6 9 160 248 36 9 0 3 5 5 0 0 0 0 6 0 0 0 0 0 0 0 0 0 0 0 0 7 2 49 247 255 0 0 11 0 0 4 1 0 4 5 0 0 0 0 0 0 0 0 0 0 0 0 0 1 3 95 252 216 10 0 2 0 0 0 0 0 0 0 0 0 0 0 0 0 0 0 0 0 0 0 0 0 2 109 255 93 0 0 3 0 0 0 0 0 0 0 0 0 0 0 0 0 0 0 0 0 0 0 0 12 13 85 198 18 2 15 7 0 0 0 0 0 0 0 0 0 0 0 0 0 0 0 0 0 0 0 0 0 0 0 35 0 0 0 0 0 0 0 0 0 0 0 0 0 0 0 0
0 0 0 0 0 0 0 0 2 6 1 0 0 4 4 0 0 0 0 0 0 0 0 3 0 0 0 0 0 0 0 0 0 0 0 0 0 1 9 8 1 0 0 1 11 7 4 3 3 2 0 0 0 0 0 0 0 0 0 0 0 0 0 0 13 0 0 0 2 3 1 1 0 0 0 5 8 6 0 0 0 0 0 0 0 0 0 0 0 0 0 0 0 0 3 8 3 0 0 0 14 11 5 0 0 0 2 8 0 0 0 0 0 0 0 0 0 0 0 0 11 7 0 0 0 5 7 3 0 0 0 3 3 0 0 5 0 0 0 0 0 0 0 0 0 0 0 0 0 0 0 0 0 0 0 2 20 0 0 5 14 2 0 0 0 0 0 0 0 0 0 0 0 0 0 0 0 0 13 25 19 30 94 167 195 97 8 0 0 0 0 9 0 0 0 0 0 0 0 0 0 0 0 0 0 0 67 186 255 254 246 255 255 127 8 0 9 7 0 0 0 0 0 0 3 0 0 0 5 0 19 0 0 148 234 244 255 253 244 255 253 221 14 0 21 0 0 6 0 0 0 0 0 10 8 0 9 4 0 0 181 234 255 240 246 255 247 252 247 247 176 0 0 4 7 2 0 0 0 0 0 1 4 0 3 2 0 75 246 254 255 162 80 88 148 255 255 248 255 54 0 4 1 0 0 0 0 0 1 0 9 0 3 0 71 214 213 54 0 0 13 4 30 206 254 250 242 153 7 0 0 0 0 0 0 0 12 0 9 1 0 4 159 255 99 10 3 0 7 0 0 193 238 255 255 221 18 0 8 1 0 0 0 0 0 0 2 0 0 68 227 249 0 0 11 0 0 0 15 178 255 252 255 239 55 9 0 0 0 0 0 0 0 4 4 5 9 157 255 249 154 7 0 5 19 0 0 95 255 235 254 244 82 11 0 0 0 0 0 0 1 2 0 1 0 188 245 253 246 76 10 0 0 10 0 5 212 254 251 255 69 0 0 11 0 0 0 0 0 6 5 7 0 91 242 255 255 250 252 253 150 74 107 220 255 241 255 255 65 5 0 8 0 0 0 0 6 4 0 0 0 66 204 241 251 251 249 255 249 247 243 249 251 245 245 248 72 4 0 0 0 0 0 0 0 2 0 12 2 1 52 64 253 255 255 240 254 255 247 199 233 255 255 250 75 3 4 11 0 0 0 0 0 7 0 9 5 0 0 0 60 103 161 163 159 110 68 21 61 221 244 252 71 0 0 0 0 0 0 0 0 8 0 0 4 2 5 9 0 0 7 0 6 0 0 5 0 226 255 255 63 3 8 0 0 0 0 0 0 4 0 0 1 4 0 0 11 2 0 0 0 0 4 7 0 236 249 203 9 0 1 0 0 0 0 0 4 1 0 0 0 6 8 10 0 0 4 9 3 7 0 0 2 227 242 199 9 5 7 0 0 0 0 0 2 0 5 7 2 2 0 0 5 6 0 4 0 5 0 4 59 255 255 204 0 0 0 4 0 0 0 0 0 0 0 0 0 0 0 0 0 0 0 0 0 0 0 0 89 250 255 108 5 0 0 2 0 0 0 0 0 0 0 0 0 0 0 0 0 0 0 0 0 0 0 0 55 240 177 0 4 24 0 0 0 0 0 0 0 0 0 0 0 0 0 0 0 0 0 0 0 0 0 0 0 0 1 0 0 0 9 11 0 0 0 0 0 0 0 0 0 0 0 0 0 0 0 0 0 0 0 0 8 0 2 13 9 0 0 0 0 0 0 0
0 0 0 0 0 0 0 0 0 7 0 6 12 0 0 0 3 4 0 0 0 6 6 0 0 0 0 0 0 0 0 0 0 0 0 0 0 13 2 0 0 0 10 6 0 0 13 21 10 0 0 2 0 0 0 0 0 0 0 0 0 0 0 0 2 1 0 2 0 0 6 0 5 0 0 0 0 1 2 6 0 0 0 0 0 0 0 0 0 0 0 0 6 0 0 10 7 0 2 0 7 9 7 2 2 4 0 0 0 0 0 0 0 0 0 0 0 0 0 0 1 0 2 3 0 0 3 14 1 0 0 0 1 3 1 0 0 0 0 0 0 0 0 0 0 0 0 0 0 6 5 0 2 12 0 0 1 0 1 7 1 0 0 10 0 0 0 0 0 0 0 0 0 0 0 0 1 4 0 0 14 12 0 24 44 141 243 255 233 150 54 0 0 0 0 0 0 0 0 0 0 0 0 0 0 0 4 1 6 0 16 151 233 255 255 234 255 255 183 54 0 0 0 0 0 0 0 0 3 4 2 0 0 10 0 4 95 163 255 236 172 110 96 85 6 237 255 39 0 0 0 0 0 0 1 0 0 0 0 0 0 0 0 83 217 255 247 116 13 0 12 23 179 255 184 0 0 0 0 0 0 1 1 0 0 0 0 3 5 11 57 251 255 146 0 0 9 0 2 70 252 244 101 15 0 0 0 0 1 0 0 1 2 1 2 5 0 62 203 198 137 0 13 0 0 9 81 225 255 219 112 0 0 0 0 0 4 0 0 2 5 2 0 0 10 255 224 47 0 20 0 3 10 179 248 253 250 51 0 0 0 0 0 0 6 0 0 1 3 0 0 0 76 250 146 1 6 0 0 7 196 234 253 255 246 32 15 0 0 0 0 0 3 0 0 2 0 0 3 17 173 246 52 5 0 0 32 130 249 255 248 249 199 47 0 3 0 0 0 0 0 0 2 5 0 0 14 39 255 152 4 6 0 20 206 248 243 255 213 73 9 0 1 0 0 0 0 0 7 0 0 0 0 0 10 31 245 208 50 114 149 207 255 249 255 197 53 0 0 0 9 1 0 0 0 0 1 0 0 4 2 0 1 10 124 249 255 254 249 245 255 255 203 45 0 14 22 0 0 0 0 0 0 0 0 0 1 2 2 0 0 0 46 130 167 199 253 241 232 77 17 6 14 0 0 8 0 8 0 0 0 0 1 2 0 0 0 4 5 1 11 0 0 82 250 236 55 0 0 4 7 0 2 13 0 3 0 0 0 0 1 2 1 0 0 4 4 0 0 31 10 215 236 191 27 0 17 0 0 12 3 0 13 0 0 0 0 0 0 0 2 3 2 0 0 0 6 0 190 238 146 0 0 0 0 14 5 7 0 0 14 0 0 0 0 0 0 0 0 5 2 0 0 3 24 254 255 157 0 0 10 7 0 5 0 0 18 0 0 12 0 0 0 0 4 0 0 2 0 0 4 23 194 255 192 59 13 0 0 0 7 0 10 0 0 9 3 0 0 0 0 0 5 6 0 1 7 0 59 217 255 180 66 0 0 6 4 0 0 0 0 0 0 0 0 0 0 0 0 0 0 7 5 0 0 11 112 255 162 22 0 19 9 0 0 5 0 0 0 0 0 0 0 0 0 0 0 0 0 1 0 0 9 0 0 0 9 0 0 0 0 5 3 0 0 0 0 0 0 0 0 0 0 0 0 0 8 2 0 0 0 9 14 5 0 13 12 0 2 5 0 2 0 0 0 0 0 0 0 0 0 0 0 0
0 0 0 0 0 0 0 0 0 0 0 6 1 2 2 0 3 0 0 2 0 0 1 5 0 0 0 0 0 0 0 0 0 0 0 0 6 7 9 1 0 0 4 7 0 1 8 4 0 0 0 0 0 0 0 0 0 0 0 0 0 0 0 0 0 0 0 0 5 11 1 0 12 0 0 0 0 12 20 0 0 0 0 0 0 0 0 0 0 0 0 0 0 12 12 0 0 0 0 5 0 19 2 0 11 1 0 16 0 0 0 0 0 0 0 0 0 0 0 0 0 0 0 0 5 4 0 2 3 1 2 5 1 0 0 0 0 0 0 0 0 0 0 0 0 0 0 0 8 10 0 0 9 2 0 13 9 0 0 2 0 1 16 4 0 0 0 0 0 0 0 0 0 0 0 0 0 6 0 0 7 6 37 100 130 251 255 247 255 156 15 0 0 0 0 0 0 0 0 0 0 0 0 0 1 0 18 108 221 255 246 255 251 255 252 250 255 240 128 0 0 0 0 0 5 0 1 0 1 0 17 0 26 103 206 255 241 255 254 247 252 212 187 191 205 200 66 0 0 0 0 0 8 3 2 0 0 0 0 17 127 241 255 255 245 255 199 183 79 0 17 154 168 20 5 2 0 0 0 0 1 0 0 5 1 0 14 138 238 255 253 246 247 83 9 0 3 0 131 252 255 36 0 1 0 0 0 0 0 0 0 13 5 0 92 251 255 254 254 81 34 0 0 3 2 68 240 255 232 63 27 0 0 0 0 0 6 0 0 3 0 0 177 255 248 188 15 0 0 0 21 0 59 236 251 249 255 50 0 10 0 0 0 0 0 6 1 0 3 41 255 241 165 24 2 1 3 0 0 229 252 255 255 247 122 0 0 12 0 0 0 0 0 1 0 0 7 69 255 251 115 29 37 14 118 183 156 232 255 228 255 225 51 7 0 0 0 0 0 0 1 0 0 4 0 44 220 255 255 242 214 255 251 244 253 228 248 255 250 188 29 0 13 2 0 0 0 0 0 12 0 0 1 0 54 193 253 255 235 255 250 163 93 65 247 255 241 178 1 0 15 0 0 0 0 0 0 0 0 0 18 0 0 47 32 94 62 35 23 10 0 90 255 234 255 181 0 0 0 3 0 0 0 0 0 1 0 0 8 0 0 0 2 0 6 0 0 0 31 233 236 255 229 30 12 10 0 0 0 0 0 0 0 4 8 1 0 0 8 13 0 8 0 11 10 0 203 235 255 250 113 0 18 0 26 0 0 0 0 0 4 0 0 2 0 0 4 0 7 0 11 2 0 35 243 249 255 247 33 20 0 0 3 0 0 0 0 0 5 0 0 4 2 0 0 0 0 1 0 5 12 102 239 255 247 190 11 0 2 20 0 1 0 0 0 0 0 3 4 0 0 0 3 7 0 1 23 0 54 253 246 255 253 21 0 0 7 0 9 5 0 0 0 0 0 5 0 0 1 8 0 0 5 0 8 0 96 251 255 252 163 0 5 2 7 0 3 2 0 0 0 0 0 0 0 0 0 0 0 0 0 15 0 11 45 238 255 242 126 20 0 12 1 0 8 0 0 0 0 0 0 0 0 0 0 0 0 0 15 0 0 0 3 142 217 172 39 0 0 9 0 0 8 2 0 0 0 0 0 0 0 0 0 0 0 0 0 1 9 0 0 4 11 0 0 0 6 8 0 0 4 2 0 0 0 0 0 0 0 0 0 0 0 0 0 5 11 0 25 0 0 8 2 8 5 0 3 5 0 0 0 0 0 0
0 0 0 0 0 0 0 0 1 13 0 0 6 7 0 7 3 0 2 10 0 1 0 0 0 0 0 0 0 0 0 0 0 0 0 0 0 1 0 5 15 0 7 0 16 12 0 0 0 9 2 0 0 0 0 0 0 0 0 0 0 0 0 0 0 6 0 5 0 0 16 0 0 0 0 2 8 0 0 13 0 0 0 0 0 0 0 0 0 0 0 0 14 0 0 5 0 0 0 16 15 8 0 0 6 0 0 1 0 0 0 0 0 0 0 0 0 0 0 0 0 19 3 9 0 11 0 0 0 0 0 4 0 0 16 0 0 0 0 0 0 0 0 0 0 0 0 0 7 0 0 60 246 255 255 129 58 24 0 7 0 0 6 0 0 0 0 0 0 0 0 0 0 0 0 0 0 0 67 255 238 255 232 255 255 168 16 0 12 0 1 1 0 0 0 0 0 0 0 0 0 0 0 0 3 0 255 252 128 65 74 122 248 255 120 1 3 1 2 0 0 0 0 0 0 0 0 0 0 0 0 0 0 196 255 123 4 1 0 5 65 250 255 136 0 0 14 0 0 0 0 0 0 0 0 0 0 0 0 0 17 242 253 7 17 0 16 0 12 3 255 238 133 0 0 11 0 0 0 0 0 0 0 0 0 0 0 0 0 251 255 54 0 30 0 17 0 115 251 255 255 5 12 0 0 0 0 0 0 0 0 0 0 0 0 0 11 188 255 255 184 110 139 186 255 255 255 255 238 0 2 5 0 0 0 0 0 0 0 0 0 0 0 0 0 70 242 250 255 255 255 253 255 233 255 232 215 0 10 0 0 0 0 0 0 0 0 0 0 0 0 0 0 3 7 128 133 123 118 132 72 54 255 255 115 14 0 9 0 0 0 0 0 0 0 0 0 0 0 0 15 0 0 2 0 12 0 3 0 216 251 181 3 0 1 0 0 0 0 0 0 0 0 0 0 0 0 0 0 0 2 14 0 1 14 0 125 255 248 129 0 1 5 0 0 0 0 0 0 5 3 0 1 9 6 0 0 0 2 5 0 3 2 5 132 251 204 0 5 6 0 9 0 0 0 0 0 2 2 0 0 0 0 0 2 0 0 1 18 0 5 56 238 255 52 12 0 0 11 0 0 0 0 0 0 0 0 3 9 7 4 3 0 19 0 15 0 9 0 198 255 255 0 10 0 3 0 0 0 0 0 0 5 1 0 0 0 0 0 0 2 10 9 0 0 16 70 250 237 173 7 0 2 11 0 6 0 0 0 0 0 6 7 0 0 0 7 8 0 0 0 13 5 54 255 252 195 11 5 3 0 2 1 2 0 0 0 0 0 0 1 3 7 8 0 0 10 8 8 0 63 197 241 255 83 0 1 3 0 6 8 0 0 0 0 0 10 0 0 1 0 0 0 10 0 0 43 152 255 249 255 58 0 9 11 0 2 10 0 0 0 0 0 0 0 0 3 9 0 0 82 183 250 255 255 243 255 198 44 11 6 0 2 1 6 0 0 3 0 0 0 0 0 10 0 0 11 0 17 114 255 255 255 238 141 57 0 0 0 0 0 0 0 0 0 0 0 0 0 0 0 7 0 0 15 0 0 23 0 0 0 15 3 3 0 15 0 0 0 0 0 0 0 0 0 0 0 0 0 6 0 0 3 3 0 0 10 2 0 0 0 2 0 0 0 0 0 0 0 0 0 0 0 0 0 0 0 3 3 0 0 2 11 6 0 0 3 5 3 7 5 3 0 0 0 0 0 0 0 0 0 0 0 0
0 0 0 0 0 0 0 0 4 0 1 3 0 6 9 0 0 2 0 7 4 0 0 0 0 0 0 0 0 0 0 0 0 0 0 0 0 14 5 0 1 0 0 16 7 4 0 0 0 3 8 5 0 0 0 0 0 0 0 0 0 0 0 0 5 0 0 7 8 7 3 0 0 0 1 1 2 2 0 0 0 0 0 0 0 0 0 0 0 0 0 0 4 0 1 12 0 0 4 0 4 1 9 3 0 0 0 14 0 0 0 0 0 0 0 0 0 0 0 0 6 14 0 0 7 3 0 17 0 0 5 4 2 2 0 3 0 0 0 0 0 0 0 0 0 0 0 0 0 4 8 3 0 0 0 0 12 0 7 0 0 6 0 1 0 0 0 0 0 0 0 0 0 0 0 0 0 0 0 0 3 99 219 255 255 241 195 68 0 8 0 5 0 0 0 0 0 0 0 0 0 0 0 0 3 0 0 46 170 255 255 241 245 255 255 105 0 6 0 0 0 0 0 0 0 0 0 0 0 0 0 0 0 0 43 204 255 254 243 225 182 214 249 115 11 0 0 0 0 0 0 0 0 0 0 0 0 0 0 0 13 6 99 255 240 205 87 3 41 213 239 76 0 11 0 10 0 0 0 0 0 0 0 0 0 0 0 0 0 51 255 255 122 3 4 0 40 246 255 112 0 7 0 0 0 0 0 0 0 0 0 0 0 0 0 0 9 122 254 216 36 0 0 3 58 252 255 95 0 2 7 0 0 0 0 0 0 0 0 0 0 0 0 0 21 205 254 174 3 0 0 5 53 255 239 37 0 7 2 0 0 0 0 0 0 0 0 0 0 0 0 0 48 249 255 123 15 0 5 0 125 255 255 73 8 0 0 3 0 0 0 0 0 0 0 0 0 0 0 0 58 255 255 138 0 12 0 5 179 235 253 118 0 0 2 6 0 0 0 0 0 0 0 0 0 0 0 0 138 248 252 73 1 4 0 2 189 255 253 101 0 17 0 0 0 0 0 0 0 0 0 0 0 0 0 0 122 245 255 90 14 0 0 4 232 247 230 25 0 0 3 1 0 0 0 0 0 0 0 0 0 0 0 0 73 253 255 248 175 80 60 175 250 255 227 17 1 4 5 0 0 0 0 0 0 0 0 0 0 0 0 0 45 246 251 255 255 254 238 255 254 255 223 7 0 3 1 0 0 0 0 0 0 0 0 0 0 0 0 0 0 94 255 243 254 255 255 246 243 255 209 5 0 0 0 1 0 0 0 0 0 0 0 0 0 0 0 0 0 25 67 168 255 219 255 129 238 249 162 3 0 2 0 5 0 0 0 0 0 0 0 0 0 0 0 0 3 0 1 0 27 47 22 15 242 235 83 0 0 8 0 0 0 0 0 0 0 0 0 0 0 0 0 0 0 0 2 7 6 1 0 137 250 232 22 0 0 3 0 0 0 0 0 0 0 0 0 0 0 0 0 0 1 0 0 2 1 0 17 179 255 243 3 5 2 0 0 9 0 0 0 0 0 0 0 0 0 0 0 0 2 0 0 7 0 0 21 58 255 154 28 0 0 7 0 0 0 0 0 0 0 0 0 0 0 0 0 0 2 0 0 6 0 0 0 12 180 32 0 17 14 0 0 2 0 0 0 0 0 0 0 0 0 0 0 0 0 0 0 3 3 0 0 0 14 8 0 0 0 7 6 0 0 0 0 0 0 0 0 0 0 0 0 0 0 0 0 0 1 6 5 1 0 2 6 1 3 0 0 11 0 0 0 0
0 0 0 0 0 0 0 0 0 0 1 0 0 0 0 0 3 5 0 0 0 3 1 3 0 0 0 0 0 0 0 0 0 0 0 0 0 0 2 10 5 0 2 18 0 0 6 8 1 0 0 0 0 0 0 0 0 0 0 0 0 0 0 0 14 0 0 0 0 0 0 0 11 0 0 0 1 4 7 4 0 0 0 0 0 0 0 0 0 0 0 0 0 0 12 9 5 8 7 0 0 0 11 15 1 0 0 0 0 0 0 0 0 0 0 0 0 0 0 0 7 5 0 0 0 0 0 0 3 1 0 0 0 4 10 0 0 0 0 0 0 0 0 0 0 0 0 0 0 0 0 8 9 0 0 6 0 7 4 0 6 7 0 0 0 0 0 0 0 0 0 0 0 0 0 0 4 8 1 0 0 57 146 211 252 255 209 133 65 0 0 18 0 0 0 0 0 0 0 0 0 0 0 0 0 3 0 4 91 214 255 252 252 255 249 255 247 134 13 0 0 0 0 0 2 2 2 0 0 0 6 3 10 0 22 201 247 255 245 198 138 116 93 148 255 242 90 0 0 0 0 0 0 0 3 6 1 6 4 0 0 71 231 247 255 167 60 0 10 0 25 0 127 245 120 11 0 0 0 0 5 0 2 5 0 2 0 8 110 255 240 225 43 5 0 1 0 11 113 39 20 120 35 0 0 0 0 0 7 0 0 0 0 0 0 104 255 236 192 20 0 0 0 17 4 153 246 188 1 8 0 0 0 0 0 0 0 7 0 0 9 0 9 223 248 244 18 0 17 15 17 0 6 226 255 175 3 6 0 10 0 0 0 0 0 7 2 0 11 0 0 255 255 97 0 10 0 0 0 12 136 255 255 67 0 7 0 1 0 0 0 0 0 0 5 1 1 0 0 233 255 29 8 21 0 9 18 88 252 255 217 13 2 0 0 5 0 0 0 0 5 0 3 5 0 12 0 211 250 223 37 10 10 21 144 255 255 245 168 1 0 4 8 0 0 0 0 0 0 0 0 0 0 4 9 12 208 255 254 236 246 255 245 231 255 237 129 0 5 4 0 0 0 0 0 0 2 0 0 0 0 2 5 7 17 111 199 234 201 171 101 155 251 255 105 2 0 0 0 11 0 0 0 0 2 1 0 0 0 0 0 0 0 0 2 14 0 16 0 173 252 253 43 0 0 7 0 1 0 0 0 0 0 0 0 0 0 0 0 0 2 1 0 11 0 0 20 235 249 182 0 0 5 13 2 0 0 0 0 0 0 0 0 0 0 0 0 0 0 6 0 0 8 0 91 255 252 102 6 4 0 0 1 2 0 0 0 0 0 0 0 0 0 0 0 0 0 5 0 0 11 1 153 247 255 47 9 3 0 0 1 2 0 0 0 0 0 0 0 0 0 0 0 1 0 8 19 0 0 2 197 255 240 19 0 0 6 3 0 0 0 0 0 0 2 1 0 0 0 0 0 0 7 0 1 0 5 56 237 254 179 8 0 0 3 0 0 5 0 0 0 0 0 0 0 0 0 0 0 0 0 0 16 5 0 135 255 246 77 23 0 0 7 0 0 6 0 0 0 0 0 0 0 0 0 0 0 0 4 16 0 1 0 63 214 179 19 0 0 0 4 2 0 0 0 0 0 0 0 0 0 0 0 0 0 0 4 0 2 11 0 0 12 0 0 0 4 1 1 4 0 0 0 0 0 0 0 0 0 0 0 0 0 0 0 0 6 12 7 7 0 4 0 7 11 1 0 0 1 0 0 0 0 0
0 0 0 0 0 0 0 0 0 8 0 0 10 3 0 3 0 0 0 0 0 0 0 0 0 0 0 0 0 0 0 0 0 0 0 0 12 0 0 11 0 0 5 0 0 0 0 0 0 0 0 0 0 0 0 0 0 0 0 0 0 0 0 0 0 8 3 0 0 6 5 0 0 0 0 0 0 0 0 0 0 0 0 0 0 0 0 0 0 0 0 0 8 0 0 11 3 3 0 0 0 0 0 0 0 0 0 0 0 0 0 0 0 0 0 0 0 0 0 0 0 12 6 0 12 14 0 3 0 0 0 0 0 0 0 0 0 0 0 0 0 0 0 0 0 0 0 0 0 0 4 0 0 1 0 23 0 0 0 0 0 0 0 0 0 0 0 0 0 0 0 0 0 0 0 0 13 0 154 255 185 95 33 0 0 0 0 0 0 0 0 0 0 0 0 0 0 0 0 0 0 0 0 0 1 139 248 239 230 157 21 1 0 0 0 0 0 0 0 0 0 0 0 0 0 0 0 0 0 0 0 0 34 255 255 133 59 7 0 1 0 6 1 5 0 17 0 0 0 0 0 0 0 0 0 0 0 0 0 0 53 223 171 12 0 2 0 0 26 188 48 0 1 0 0 7 0 0 0 0 0 0 0 0 0 0 0 0 149 255 165 9 0 0 7 19 199 250 235 18 6 7 0 3 0 0 0 0 0 0 0 0 0 0 0 0 185 240 167 10 0 0 8 117 248 255 247 36 0 12 0 5 0 0 0 0 0 0 0 0 0 0 0 0 205 255 99 4 1 11 153 253 255 245 250 50 0 5 0 0 0 0 0 0 0 0 0 0 0 0 0 0 186 250 53 0 27 72 239 247 241 239 251 37 3 0 18 0 0 0 0 0 0 0 0 0 0 0 0 0 201 243 211 131 175 255 247 195 153 255 116 1 0 0 0 4 0 0 0 0 0 0 0 0 0 0 0 0 136 255 253 253 255 246 190 9 232 238 144 0 0 13 1 0 0 0 0 0 0 0 0 0 0 0 0 0 15 170 229 227 223 89 16 11 228 237 43 1 3 0 7 0 0 0 0 0 0 0 0 0 0 0 0 0 0 12 1 0 20 0 0 0 224 230 15 0 2 0 8 2 0 0 0 0 0 0 0 0 0 0 0 0 14 0 0 0 0 0 15 0 227 238 0 0 6 0 3 2 0 0 0 0 0 0 0 0 0 0 0 0 1 0 8 10 0 0 0 1 224 246 0 2 7 2 1 0 0 0 0 0 0 0 0 0 0 0 0 0 6 0 0 0 1 2 0 60 227 244 1 0 0 3 5 0 0 0 0 0 0 0 0 0 0 0 0 0 7 9 5 0 15 4 0 119 255 239 14 0 0 1 4 1 0 0 0 0 0 0 0 0 0 0 0 0 0 2 5 0 0 0 13 213 255 207 13 0 0 0 0 1 0 0 0 0 0 0 0 0 0 0 0 0 1 0 2 1 1 2 30 249 250 156 0 0 7 2 0 2 0 0 0 0 0 0 0 0 0 0 0 0 4 0 4 0 0 1 29 255 255 191 0 18 0 0 19 0 0 0 0 0 0 0 0 0 0 0 0 0 0 1 4 0 4 2 3 150 235 122 0 0 3 0 0 0 0 0 0 0 0 0 0 0 0 0 0 0 0 5 1 0 6 3 0 37 4 0 0 3 0 2 0 17 0 0 0 0 0 0 0 0 0 0 0 0 0 6 0 0 3 1 0 0 0 0 25 0 0 0 0 0 0 0 0 0
0 0 0 0 0 0 0 0 0 5 0 0 0 2 0 0 0 4 2 1 0 0 0 10 0 0 0 0 0 0 0 0 0 0 0 0 2 9 8 7 5 0 0 4 4 0 0 0 12 1 0 0 0 0 0 0 0 0 0 0 0 0 0 0 0 0 0 0 9 5 0 0 0 0 3 0 14 0 1 0 0 0 0 0 0 0 0 0 0 0 0 0 3 12 10 4 2 0 0 6 4 4 5 0 0 0 8 5 0 0 0 0 0 0 0 0 0 0 0 0 0 1 0 0 0 5 2 0 0 4 8 11 0 6 2 0 0 0 0 0 0 0 0 0 0 0 0 0 0 3 3 0 8 9 0 0 6 0 0 5 0 1 6 0 0 0 0 0 0 0 0 0 0 0 0 0 12 7 0 0 29 87 174 254 251 167 152 120 77 0 0 5 0 0 0 0 0 0 0 0 0 0 0 0 0 0 21 127 231 255 251 251 255 196 255 247 200 11 0 0 0 0 0 0 3 0 0 2 2 0 2 2 0 13 152 255 236 255 192 105 80 8 217 255 204 0 11 0 0 0 0 0 0 4 8 0 0 0 0 1 41 164 244 243 201 43 0 6 0 0 237 255 207 0 0 0 0 0 0 0 0 7 6 0 2 0 0 55 236 242 255 174 30 2 0 4 0 44 241 240 197 0 5 12 0 0 0 0 0 0 0 0 10 0 4 143 255 255 207 30 0 4 12 0 0 110 255 251 213 8 4 0 0 0 0 0 0 5 0 0 1 0 17 209 231 234 0 0 8 0 0 20 20 195 255 247 138 0 4 9 0 0 0 0 0 14 2 0 0 7 40 242 255 199 15 2 5 0 14 0 78 249 255 237 72 2 0 1 0 0 0 0 0 8 1 0 0 13 36 236 243 128 0 4 0 1 8 170 216 255 243 128 2 2 0 12 0 0 0 0 4 0 0 8 0 0 0 204 254 228 128 106 171 226 234 249 255 231 255 62 4 0 2 0 0 0 0 0 0 8 0 2 11 0 13 123 255 251 255 247 255 255 246 255 255 239 78 3 0 0 12 0 0 0 0 0 0 11 2 0 10 0 0 20 70 219 194 177 134 140 140 244 255 179 20 0 17 5 0 0 0 0 0 0 0 9 0 0 1 10 0 0 0 6 0 0 22 0 167 241 216 86 0 0 0 0 1 12 0 0 0 0 3 0 0 0 0 0 6 8 12 0 1 6 0 0 255 255 187 7 0 17 4 0 3 0 0 0 0 0 0 0 5 16 1 0 0 3 8 0 3 0 6 0 255 234 123 0 14 0 7 0 4 0 0 0 0 0 0 0 4 3 0 1 3 0 0 0 1 0 14 3 243 255 77 154 194 8 0 0 0 4 0 0 0 0 1 4 0 0 0 7 9 1 4 9 0 8 0 121 255 208 12 195 255 64 0 4 4 6 0 0 0 0 0 2 0 0 3 0 0 1 2 0 20 0 6 80 255 247 205 240 250 118 3 3 0 0 0 0 0 0 0 0 0 0 0 0 0 0 2 0 8 0 2 5 249 255 237 255 238 71 8 0 0 0 0 0 0 0 0 0 0 0 0 0 0 0 7 0 4 4 0 0 127 184 255 238 152 12 0 0 0 4 0 0 0 0 0 0 0 0 0 0 0 0 0 2 7 0 1 0 0 13 0 2 4 0 12 11 0 0 0 0 0 0 0 0 0 0 0 0 0 0 3 6 0 0 0 22 0 0 0 0 2 0 2 0 0 12 0 0 0 0
0 0 0 0 0 0 0 0 0 0 0 1 6 0 0 1 0 1 6 0 2 6 0 6 0 0 0 0 0 0 0 0 0 0 0 0 0 4 4 0 0 3 2 0 10 0 0 0 1 3 0 0 0 0 0 0 0 0 0 0 0 0 0 0 0 0 0 0 0 2 8 3 4 6 10 9 0 2 13 0 0 0 0 0 0 0 0 0 0 0 0 0 14 0 0 11 2 0 0 2 0 0 0 0 0 0 12 0 0 0 0 0 0 0 0 0 0 0 0 0 0 0 0 0 0 0 0 1 8 7 0 0 10 0 0 10 0 0 0 0 0 0 0 0 0 0 0 0 1 17 10 0 1 6 0 0 0 3 18 1 2 4 0 0 0 0 0 0 0 0 0 0 0 0 0 0 0 6 0 0 6 0 0 13 14 0 7 0 0 12 0 1 0 0 0 0 0 0 0 0 0 0 0 0 3 1 0 53 118 108 120 203 214 10 0 10 0 8 0 3 0 0 0 0 0 0 7 0 0 0 18 0 0 0 50 252 238 252 255 252 245 217 59 108 23 0 2 0 0 0 0 0 0 0 5 0 1 0 0 0 0 135 226 252 255 248 250 248 240 255 227 255 141 0 13 0 0 0 0 0 6 0 2 0 1 5 0 34 57 142 255 247 229 125 134 196 241 255 255 255 188 0 1 0 0 0 0 0 6 0 2 2 0 6 0 86 255 245 241 229 67 19 5 167 246 255 250 243 218 17 0 5 0 0 0 0 0 0 3 5 0 0 8 138 240 255 229 33 0 88 89 105 254 255 255 255 156 17 0 7 0 0 0 0 0 0 0 0 0 6 71 229 255 250 186 156 85 255 232 255 255 243 250 255 39 0 2 0 0 0 0 0 7 2 0 0 0 7 119 255 254 255 255 211 110 250 249 255 255 249 255 244 27 7 16 0 0 0 0 0 0 0 3 3 6 0 106 241 255 239 255 249 255 248 178 204 239 255 254 183 21 0 0 1 0 0 0 0 0 0 2 0 11 0 43 255 255 237 255 243 216 157 16 87 255 254 228 0 5 1 3 2 0 0 0 0 8 3 0 0 1 3 50 214 234 250 94 118 21 15 0 128 240 253 76 0 0 3 9 0 0 0 0 0 0 0 9 0 8 0 0 44 41 47 0 0 0 0 6 204 255 253 8 16 0 0 0 0 0 0 0 0 1 0 6 0 3 5 0 0 0 0 9 3 0 21 38 233 249 135 0 0 1 4 0 18 0 0 0 0 9 0 0 0 0 4 6 11 0 4 0 6 0 6 156 255 253 62 24 0 15 14 0 0 0 0 0 0 0 0 2 11 1 0 0 0 0 13 0 0 1 42 230 248 121 0 0 0 0 1 0 7 0 0 0 0 2 0 0 3 0 0 11 13 0 8 0 13 12 207 255 255 54 13 6 15 0 0 0 5 0 0 0 0 1 3 0 0 0 0 2 0 1 0 7 0 82 255 247 176 12 8 0 0 6 5 0 0 0 0 0 0 0 0 0 0 0 0 0 0 0 9 0 23 180 251 253 27 0 0 0 0 0 0 0 0 0 0 0 0 0 0 0 0 0 0 0 0 0 0 0 157 255 255 168 3 0 0 0 0 0 0 0 0 0 0 0 0 0 0 0 0 0 0 0 0 2 9 23 255 238 230 64 4 0 0 0 0 0 0 0 0 0 0 0 0 0 0 0 0 0 0 0 0 1 0 0 9 6 2 0 0 0 0 0 0 0 0 0 0 0 0 0 0
0 0 0 0 0 0 0 0 2 0 8 7 0 0 0 5 1 0 0 6 0 0 7 0 0 0 0 0 0 0 0 0 0 0 0 0 0 0 0 0 0 5 2 0 6 6 0 0 3 0 0 0 0 0 0 0 0 0 0 0 0 0 0 0 0 10 6 0 0 3 0 0 0 7 5 0 1 9 0 0 0 0 0 0 0 0 0 0 0 0 0 0 0 7 0 0 2 1 4 7 18 0 0 2 7 0 0 18 0 0 0 0 0 0 0 0 0 0 0 0 0 0 0 10 11 0 0 0 0 0 22 11 0 0 0 0 0 0 0 0 0 0 0 0 0 0 0 0 0 8 0 4 0 0 79 121 247 250 247 146 42 15 0 0 0 0 0 0 0 0 0 0 0 0 0 0 11 3 0 2 19 100 231 255 255 232 243 246 225 127 3 0 0 0 0 0 0 0 0 0 0 0 0 0 0 0 6 93 172 246 255 161 67 36 0 36 209 250 83 0 0 0 0 0 0 16 0 0 0 2 3 1 5 0 132 255 252 255 133 11 1 0 6 0 36 255 124 0 0 0 0 0 2 0 0 9 7 0 2 0 7 144 255 238 205 54 26 0 13 0 0 0 20 193 120 7 0 0 0 0 0 3 0 0 3 3 6 0 108 255 246 173 33 18 0 13 0 13 0 0 118 227 119 0 0 0 0 0 0 4 4 0 0 2 0 48 249 255 198 14 0 0 13 3 4 0 9 0 131 255 187 0 0 0 0 0 12 0 0 11 0 0 0 170 253 241 63 8 3 0 0 0 8 0 9 0 145 248 133 5 0 0 0 0 3 0 0 9 0 9 78 251 253 109 0 4 10 0 3 1 0 14 0 15 234 227 11 1 0 0 0 0 0 8 4 0 0 27 198 255 214 7 0 0 0 5 6 0 17 0 3 132 247 185 10 0 0 0 0 0 0 1 0 6 6 19 255 247 50 0 0 18 0 0 10 3 0 0 44 222 255 144 0 0 0 0 0 0 6 0 1 11 0 158 255 213 10 8 0 0 4 0 0 6 0 1 199 255 207 37 0 9 0 0 0 0 1 0 0 2 19 221 249 84 9 0 0 12 6 6 10 0 7 132 245 255 150 3 1 0 0 0 0 0 3 0 0 8 60 255 247 13 2 0 14 9 0 0 15 5 151 254 253 253 70 2 1 2 0 0 0 0 6 5 2 0 59 255 240 7 0 1 0 0 9 5 61 191 255 253 246 160 1 0 0 4 0 0 0 0 0 5 7 0 47 241 255 126 54 48 121 146 154 236 230 119 243 242 253 39 0 0 13 0 0 0 0 0 0 0 0 1 19 127 233 255 253 248 255 255 255 185 49 0 229 255 162 1 6 6 3 0 0 0 0 0 15 0 0 2 0 0 74 175 180 197 187 102 41 1 0 84 251 240 26 5 0 1 0 0 0 0 0 0 0 4 2 0 6 0 0 9 0 0 8 0 0 0 1 74 255 156 0 5 0 0 18 0 0 0 0 0 0 0 0 0 0 0 0 0 1 0 0 0 0 2 6 9 175 97 16 0 0 9 3 0 0 0 0 0 0 0 0 0 0 0 0 0 1 0 0 0 0 1 5 7 8 0 0 0 0 0 0 9 0 0 0 0 0 0 0 0 0 0 0 0 0 0 0 0 0 1 2 3 0 0 4 11 6 0 0 0 0 0 0 0 0 0 0 0 0 0 0 0 0 0 1 1 1 0 0 0 15 1 0 0 2 2 0 0 0 0 0 0
0 0 0 0 0 0 0 0 1 3 4 1 0 0 1 9 4 0 5 0 9 0 0 7 0 0 0 0 0 0 0 0 0 0 0 0 0 3 0 0 2 13 3 0 13 0 9 7 0 0 16 0 0 0 0 0 0 0 0 0 0 0 0 0 0 0 0 5 6 1 0 5 0 0 0 12 13 0 0 0 0 0 0 0 0 0 0 0 0 0 0 0 5 3 2 1 0 0 0 6 0 30 0 0 0 8 2 0 0 0 0 0 0 0 0 0 0 0 0 0 1 5 1 0 2 15 11 0 5 0 2 12 3 0 5 0 0 0 0 0 0 0 0 0 0 0 0 0 5 0 0 11 6 0 0 4 0 0 11 0 7 0 0 16 0 0 0 0 0 0 0 0 0 0 0 0 10 0 0 7 0 0 28 83 189 244 209 0 0 14 0 0 0 0 0 0 0 0 0 0 0 0 0 0 0 10 5 0 33 141 229 255 252 252 255 63 12 2 0 0 0 0 0 0 1 1 1 0 0 0 0 0 2 0 0 78 244 250 249 204 140 25 138 8 3 0 2 0 0 0 0 0 1 1 1 0 0 0 0 0 0 0 129 253 248 224 57 1 0 15 5 8 0 0 17 1 0 0 0 0 1 1 0 0 0 0 0 0 9 57 255 250 161 6 5 0 0 0 0 0 23 3 0 0 0 0 0 0 0 0 0 0 0 0 0 0 0 199 252 143 0 5 2 0 15 0 13 11 0 24 0 0 0 0 0 0 0 0 0 0 0 0 0 0 33 241 245 9 7 12 0 9 58 233 93 0 9 0 15 2 0 0 0 0 0 0 0 0 0 0 1 1 26 254 210 3 0 0 33 155 252 255 217 0 0 6 0 0 0 0 0 0 0 0 0 0 0 1 1 1 16 238 252 143 122 160 226 254 249 255 38 17 0 0 6 4 0 0 0 0 0 0 0 0 0 1 1 1 2 62 247 255 249 249 227 227 252 250 0 0 6 0 0 6 0 0 0 0 0 0 0 0 0 0 0 0 0 7 31 90 101 61 12 197 255 93 14 0 0 11 0 0 0 0 0 0 0 0 0 0 0 0 0 0 4 0 0 4 0 0 105 240 234 53 0 0 5 4 0 8 0 0 0 0 0 0 0 0 0 0 0 0 0 0 4 3 0 3 208 255 148 13 0 4 7 0 0 10 0 0 0 0 0 0 0 0 0 0 0 0 0 10 0 0 4 70 255 243 46 0 4 7 0 0 0 0 0 0 0 0 0 0 0 0 0 0 0 0 5 4 0 0 0 172 255 154 0 0 14 4 0 0 3 0 0 0 0 0 0 0 0 0 0 0 0 0 0 0 5 21 43 255 239 44 5 0 0 0 0 0 4 0 0 0 0 0 0 0 0 0 0 0 0 0 2 0 0 0 122 255 158 3 8 0 0 0 1 0 2 1 0 0 0 0 0 0 0 0 0 0 0 0 0 17 2 0 235 251 71 3 0 4 4 5 1 0 3 0 0 0 0 0 0 0 0 0 0 0 0 0 0 20 0 47 255 233 29 0 0 0 0 0 0 0 0 0 0 0 0 0 0 0 0 0 0 0 0 0 2 0 2 127 239 128 0 5 0 0 0 0 0 0 0 0 0 0 0 0 0 0 0 0 0 0 0 0 0 11 0 0 11 0 0 0 0 0 0 0 0 0 0 0 0 0 0 0 0 0 0 0 0 0 0 0 0 10 6 5 0 0 14 0 0 0 0 0 0 0 0 0 0 0 0 0
0 0 0 0 0 0 0 0 0 0 0 0 5 6 0 0 0 4 0 0 0 0 11 3 0 0 0 0 0 0 0 0 0 0 0 0 2 10 13 4 0 0 1 15 3 5 0 15 0 0 0 0 0 0 0 0 0 0 0 0 0 0 0 0 0 0 0 0 0 2 1 0 0 3 0 0 0 14 5 7 0 0 0 0 0 0 0 0 0 0 0 0 2 7 11 12 7 2 0 0 0 0 13 0 6 11 0 0 0 0 0 0 0 0 0 0 0 0 0 0 3 0 0 0 0 5 4 2 10 0 0 0 0 0 0 6 0 0 0 0 0 0 0 0 0 0 0 0 0 0 6 6 2 0 0 1 0 15 0 19 0 9 3 4 0 0 0 0 0 0 0 0 0 0 0 0 6 5 0 0 5 76 180 255 255 255 188 128 49 0 6 0 0 0 0 0 0 0 0 0 0 0 0 0 3 0 2 74 176 250 255 253 253 241 255 255 226 0 9 0 0 0 0 0 0 0 0 0 0 0 0 0 0 5 78 205 255 237 168 83 9 0 31 247 255 44 0 0 0 0 0 0 0 0 0 0 0 0 0 0 0 33 216 255 228 84 2 0 0 13 138 255 238 73 6 11 0 0 0 0 0 0 0 0 0 0 0 0 0 158 248 255 107 9 0 4 15 41 246 241 239 0 0 0 0 0 0 0 0 0 0 0 0 0 0 0 0 255 244 177 0 0 3 3 0 180 239 240 50 1 0 16 0 0 0 0 0 0 0 0 0 0 0 0 7 248 255 99 1 7 0 25 191 255 255 121 2 0 15 0 0 0 0 0 0 0 0 0 0 0 0 0 0 250 255 104 1 28 108 230 255 237 159 0 4 0 7 0 0 0 0 0 0 0 0 0 0 0 0 0 16 219 253 255 240 254 255 252 245 255 144 0 0 2 7 0 0 0 0 0 0 0 0 0 0 0 0 0 0 70 224 239 255 252 248 255 248 237 22 0 11 0 0 8 0 0 0 0 0 0 0 0 0 0 0 0 5 0 49 98 97 132 251 254 255 74 0 5 3 3 0 0 0 0 0 0 0 0 0 0 0 0 0 0 3 0 0 3 4 174 250 251 118 17 0 0 0 0 1 7 0 0 0 0 0 0 0 0 0 0 0 0 0 0 12 0 125 255 244 84 11 0 0 0 0 1 1 4 0 0 0 0 0 0 0 0 0 0 0 0 9 4 0 29 203 255 202 3 0 3 5 0 1 6 0 0 0 0 0 0 0 0 0 0 0 0 0 0 1 0 19 219 255 218 33 0 0 7 0 0 3 2 0 0 0 0 0 0 0 0 0 0 0 0 0 0 0 25 183 249 253 157 0 0 0 5 0 0 2 0 0 3 0 0 0 0 0 0 0 0 0 0 0 0 6 51 233 253 244 37 0 16 0 7 0 6 2 0 3 0 0 0 0 0 0 0 0 0 0 0 0 0 37 241 253 243 74 2 5 0 1 3 0 0 1 0 14 0 0 0 0 0 0 0 0 0 0 0 0 0 160 248 254 124 4 0 10 0 0 0 0 0 0 0 0 0 0 0 0 0 0 0 0 0 0 0 0 0 94 244 152 0 1 16 0 13 0 0 0 0 0 0 0 0 0 0 0 0 0 0 0 0 0 0 0 0 0 0 0 0 1 0 0 8 0 0 0 0 0 0 0 0 0 0 0 0 0 0 0 0 0 0 0 0 17 0 6 25 1 0 8 0 0 0 0 0 0 0 0 0 0 0 0 0
0 0 0 0 0 0 0 0 0 0 0 7 5 0 0 3 3 3 1 0 0 0 0 0 0 0 0 0 0 0 0 0 0 0 0 0 3 8 5 0 0 0 0 0 0 0 2 5 6 5 2 0 0 0 0 0 0 0 0 0 0 0 0 0 0 0 0 7 10 0 0 6 0 0 0 0 1 1 1 1 0 0 0 0 0 0 0 0 0 0 0 0 8 16 9 0 0 4 8 0 6 3 0 0 0 0 0 5 0 0 0 0 0 0 0 0 0 0 0 0 0 0 0 5 6 2 0 0 3 0 1 4 3 0 0 3 0 0 0 0 0 0 0 0 0 0 0 0 14 5 0 0 0 3 2 0 7 0 0 0 5 3 0 0 0 0 0 0 0 0 0 0 0 0 0 0 0 8 7 0 55 148 180 151 116 63 9 0 0 2 1 0 0 0 0 0 0 0 0 0 0 0 0 0 10 0 54 181 255 255 240 247 255 177 63 3 0 1 4 5 0 0 0 0 0 0 0 0 0 0 0 0 0 65 212 255 242 247 252 177 225 253 179 0 8 5 0 6 0 0 0 0 0 0 0 0 0 0 0 0 0 143 255 232 185 71 33 11 201 247 200 0 1 4 0 1 0 0 0 0 0 0 0 0 0 0 0 0 14 174 245 232 19 0 0 0 177 247 195 7 0 0 9 0 0 0 0 0 0 0 0 0 0 0 0 0 74 244 255 172 0 0 11 0 182 255 138 6 0 0 12 0 0 0 0 0 0 0 0 0 0 0 0 0 100 255 246 151 1 0 0 28 220 255 59 2 0 0 4 2 0 0 0 0 0 0 0 0 0 0 0 0 39 223 244 218 38 11 0 134 255 221 5 4 1 0 0 2 0 0 0 0 0 0 0 0 0 0 0 0 0 150 255 247 212 96 50 202 255 128 0 9 0 3 1 0 0 0 0 0 0 0 0 0 0 0 0 0 3 15 151 255 251 255 227 255 243 45 0 11 0 6 8 0 0 0 0 0 0 0 0 0 0 0 0 0 0 4 32 131 234 255 248 255 235 83 0 0 10 1 0 0 0 0 0 0 0 0 0 0 0 0 0 0 19 0 0 11 0 79 255 247 255 147 2 0 0 0 0 6 0 0 0 0 0 0 0 0 0 0 0 0 0 0 17 4 0 83 244 255 249 174 7 0 0 1 0 2 0 0 0 0 0 0 0 0 0 0 0 0 15 8 0 11 1 12 237 244 248 139 5 0 2 0 0 0 0 0 0 0 0 0 0 0 0 0 0 0 0 7 4 0 9 0 134 248 255 78 4 0 0 0 0 5 0 0 0 0 0 0 0 0 0 0 0 0 3 0 0 19 0 25 251 255 193 12 0 0 8 0 1 3 0 0 0 0 0 0 0 0 0 0 0 0 2 0 6 0 0 113 249 247 89 0 0 3 9 0 2 0 0 0 0 0 0 0 0 0 0 0 0 0 6 0 0 0 2 135 255 238 39 12 0 0 0 0 4 0 0 0 0 0 0 0 0 0 0 0 0 0 0 38 0 0 39 240 248 205 0 0 0 0 0 0 0 0 0 0 0 0 0 0 0 0 0 0 0 0 6 0 1 0 208 255 233 70 0 0 0 0 0 0 0 0 0 0 0 0 0 0 0 0 0 0 0 0 0 14 18 0 0 0 2 0 0 0 0 0 0 0 0 0 0 0 0 0 0 0 0 0 0 0 0 0 0 0 0 6 2 13 0 0 0 0 0 0 0 0 0 0 0 0 0 0
0 0 0 0 0 0 0 0 1 0 0 0 0 2 4 4 0 2 3 0 2 7 1 0 0 0 0 0 0 0 0 0 0 0 0 0 0 0 2 1 0 0 0 0 4 6 4 0 0 0 6 17 0 0 0 0 0 0 0 0 0 0 0 0 0 0 3 3 0 0 0 0 0 0 0 4 4 0 0 0 0 0 0 0 0 0 0 0 0 0 0 0 3 0 0 0 0 0 2 6 0 0 0 0 3 7 7 6 0 0 0 0 0 0 0 0 0 0 0 0 5 0 0 0 4 2 0 1 0 9 12 2 0 0 0 0 0 0 0 0 0 0 0 0 0 0 0 0 2 0 0 5 7 0 0 0 0 0 0 0 1 8 6 0 0 0 0 0 0 0 0 0 0 0 0 0 1 0 0 5 2 0 2 14 3 0 4 12 4 0 0 10 0 0 0 0 0 0 0 0 0 0 0 0 4 0 0 0 0 0 16 44 104 153 220 230 141 23 0 9 0 0 0 0 0 0 0 0 0 0 0 0 7 8 0 15 4 158 217 255 251 252 234 249 255 26 4 4 0 0 0 0 0 0 0 0 0 0 0 0 0 0 27 124 194 255 243 203 90 77 8 98 255 47 0 0 0 0 0 0 0 0 0 0 0 0 0 0 13 36 117 255 247 195 53 5 0 62 46 26 149 17 0 13 0 0 0 0 0 0 0 0 0 0 0 0 0 91 250 239 139 0 0 70 184 223 215 0 5 0 0 0 0 0 0 0 0 0 0 0 0 0 0 0 13 190 255 152 0 21 99 210 255 254 212 0 0 12 10 11 0 0 0 0 0 0 0 0 0 0 0 0 2 184 255 138 137 209 255 253 247 255 159 12 18 0 0 0 0 0 0 0 0 0 0 0 0 0 0 0 0 151 246 255 250 255 235 255 251 218 52 0 4 0 18 4 0 0 0 0 0 0 0 0 0 0 0 0 0 16 89 205 235 150 124 249 246 119 0 5 0 0 8 0 0 0 0 0 0 0 0 0 0 0 0 0 1 0 16 5 0 12 106 255 148 10 0 7 0 1 0 5 0 0 0 0 0 0 0 0 0 0 0 0 7 0 0 0 1 17 234 238 78 0 0 6 0 5 0 0 0 0 0 0 0 0 0 0 0 0 0 0 2 0 0 0 4 170 249 166 9 0 11 1 0 7 0 0 0 0 0 0 0 0 0 0 0 0 0 0 6 0 7 3 107 249 245 28 0 0 14 0 0 7 0 3 0 0 0 0 0 0 0 0 0 0 0 0 0 30 0 30 255 255 99 7 0 6 6 0 0 6 0 3 0 0 0 0 0 0 0 0 0 0 0 0 7 0 26 200 255 165 28 0 2 2 0 0 9 6 0 0 0 0 0 0 0 0 0 0 0 0 0 0 0 17 125 255 232 14 26 0 0 0 0 3 5 1 1 0 0 0 0 0 0 0 0 0 0 0 0 0 4 84 240 249 122 13 0 14 1 2 1 2 0 0 7 0 0 0 0 0 0 0 0 0 0 0 0 0 11 219 240 218 8 0 2 0 0 0 0 0 0 0 0 0 0 0 0 0 0 0 0 0 0 0 0 0 124 248 219 22 0 0 9 11 0 0 0 0 0 0 0 0 0 0 0 0 0 0 0 0 0 0 0 0 149 251 82 22 0 8 0 0 0 0 0 0 0 0 0 0 0 0 0 0 0 0 0 0 0 0 0 0 0 3 0 0 3 10 0 2 0 0 0 0 0 0 0 0 0 0 0 0
0 0 0 0 0 0 0 0 0 5 3 0 5 9 1 0 3 0 2 9 0 0 1 2 0 0 0 0 0 0 0 0 0 0 0 0 10 1 0 0 0 0 0 7 2 0 0 2 0 0 3 0 0 0 0 0 0 0 0 0 0 0 0 0 0 14 4 0 13 13 0 8 3 0 0 0 0 2 5 0 0 0 0 0 0 0 0 0 0 0 0 0 15 0 4 1 0 0 21 0 3 1 4 2 0 3 5 0 0 0 0 0 0 0 0 0 0 0 0 0 0 0 0 13 15 0 0 8 0 0 4 4 0 2 6 0 0 0 0 0 0 0 0 0 0 0 0 0 0 14 4 0 0 0 0 10 4 0 0 3 0 0 5 2 0 0 0 0 0 0 0 0 0 0 0 0 15 0 9 4 0 137 238 169 32 4 0 2 1 0 1 1 0 0 0 0 0 0 0 0 0 0 0 0 0 6 0 1 105 235 255 241 62 18 0 3 5 0 0 0 0 0 0 0 0 0 0 0 0 0 0 0 0 0 6 27 214 250 110 121 68 4 0 5 5 0 0 0 0 0 0 0 0 0 0 0 0 0 0 0 0 9 0 80 245 189 9 12 6 0 0 1 0 0 1 0 0 0 0 0 0 0 0 0 0 0 0 0 13 0 7 153 249 147 0 0 0 3 7 1 0 0 2 0 0 0 0 0 0 0 0 0 0 0 0 0 0 3 0 133 245 63 0 14 5 10 0 2 10 0 0 0 0 0 0 0 0 0 0 0 0 0 0 0 8 18 0 138 255 15 22 0 0 8 0 0 3 0 3 6 0 0 0 0 0 0 0 0 0 0 0 0 10 0 0 80 246 87 0 0 170 199 106 18 1 0 0 0 0 0 0 0 0 0 0 0 0 0 0 0 0 10 8 0 196 217 57 170 244 255 119 0 0 0 8 1 0 0 0 0 0 0 0 0 0 0 0 0 0 7 0 0 27 212 249 254 254 247 93 0 7 2 1 0 0 0 0 0 0 0 0 0 0 0 0 0 2 2 0 0 6 21 197 255 194 188 0 0 3 0 6 0 0 0 0 0 0 0 0 0 0 0 0 0 0 6 11 2 0 7 196 230 0 31 0 5 7 0 0 8 0 0 0 0 0 0 0 0 0 0 0 0 7 0 0 0 13 51 232 185 0 0 2 0 0 2 0 13 0 0 0 0 0 0 0 0 0 0 0 0 0 1 4 0 0 69 255 160 17 0 9 0 6 9 0 0 0 0 0 0 0 0 0 0 0 0 0 0 2 2 4 0 0 100 254 90 0 0 3 0 6 0 10 0 0 0 0 0 0 0 0 0 0 0 0 0 6 0 0 0 0 163 248 19 11 6 1 0 0 0 17 4 0 0 0 0 0 0 0 0 0 0 0 0 0 0 13 9 0 197 246 11 0 0 0 0 12 1 3 0 0 0 0 0 0 0 0 0 0 0 0 0 2 1 0 0 0 237 245 0 0 3 7 0 0 0 0 5 0 0 0 0 0 0 0 0 0 0 0 0 0 10 0 0 2 233 180 0 0 0 0 0 0 0 0 0 0 0 0 0 0 0 0 0 0 0 0 0 8 0 5 12 2 123 101 4 0 0 0 0 0 0 0 0 0 0 0 0 0 0 0 0 0 0 0 0 3 0 3 4 0 10 16 0 0 0 0 0 0 0 0 0 0 0 0 0 0 0 0 0 0 0 0 0 4 0 5 0 0 0 2 0 0 0 0 0 0 0 0 0 0 0 0 0
0 0 0 0 0 0 0 0 0 0 1 0 0 1 0 0 6 2 0 7 3 0 11 2 0 0 0 0 0 0 0 0 0 0 0 0 2 4 2 0 0 1 4 4 0 0 8 0 0 19 0 0 0 0 0 0 0 0 0 0 0 0 0 0 0 1 3 0 0 0 0 0 0 14 11 1 0 0 10 11 0 0 0 0 0 0 0 0 0 0 0 0 0 0 0 0 1 4 2 0 0 6 0 6 15 0 5 0 0 0 0 0 0 0 0 0 0 0 0 0 8 3 0 0 0 0 2 5 7 0 9 0 0 11 0 13 0 0 0 0 0 0 0 0 0 0 0 0 0 0 0 7 0 0 0 5 0 6 6 0 3 8 0 0 0 0 0 0 0 0 0 0 0 0 0 0 2 0 0 9 0 0 39 98 141 238 255 253 156 14 0 6 0 0 0 0 0 0 0 0 0 0 0 0 27 4 0 0 0 34 143 255 253 219 232 255 241 117 0 3 0 0 0 0 0 0 0 0 0 0 0 0 82 0 5 1 31 237 250 186 65 9 129 193 255 125 0 0 0 0 0 0 0 0 0 0 0 0 0 0 0 1 0 48 219 248 174 4 0 0 0 17 212 122 0 13 0 0 0 0 0 0 0 0 0 0 0 0 0 15 26 218 255 99 0 0 13 5 0 4 236 98 0 0 0 0 0 0 0 0 0 0 0 0 0 0 13 0 119 255 222 56 0 9 1 0 47 37 72 0 7 8 0 0 0 0 0 0 0 0 0 0 0 0 0 61 251 255 49 0 0 0 0 144 250 176 2 8 0 0 0 0 0 0 0 0 0 0 0 0 0 0 6 137 245 243 13 21 3 10 52 228 254 70 0 4 0 14 0 0 0 0 0 0 0 0 0 0 0 0 0 149 255 164 19 0 0 6 224 255 179 0 20 0 0 8 0 0 0 0 0 0 0 0 0 0 0 0 3 141 254 158 0 0 42 197 255 234 77 4 0 10 9 0 0 0 0 0 0 0 0 0 0 0 0 0 2 128 255 166 0 65 208 246 251 182 6 2 1 4 0 0 0 0 0 0 0 0 0 0 0 0 0 0 6 132 248 198 180 228 248 255 255 116 2 0 0 0 2 4 0 0 0 0 0 0 0 0 0 0 0 0 0 89 237 250 248 247 245 254 241 45 7 0 3 0 0 1 0 0 0 0 0 0 0 0 0 0 0 0 0 0 103 191 159 91 171 255 152 1 4 0 7 0 0 0 0 0 0 0 0 0 0 0 0 0 0 0 1 13 0 0 0 76 240 255 40 0 0 0 0 2 5 0 0 0 0 0 0 0 0 0 0 0 0 0 0 0 0 20 8 118 255 207 0 15 0 0 0 1 8 0 0 0 0 0 0 0 0 0 0 0 0 0 6 0 12 5 0 166 255 108 4 14 0 8 0 0 6 0 0 0 0 0 0 0 0 0 0 0 0 0 2 0 0 0 40 254 206 15 7 0 0 10 0 0 6 0 0 0 0 0 0 0 0 0 0 0 0 0 0 2 0 0 98 255 101 0 0 0 0 0 0 0 0 0 0 0 0 0 0 0 0 0 0 0 0 0 10 0 0 20 124 245 90 0 0 0 0 0 0 0 0 0 0 0 0 0 0 0 0 0 0 0 0 0 0 5 9 0 0 16 0 6 0 0 0 0 0 0 0 0 0 0 0 0 0 0 0 0 0 0 0 0 13 10 0 0 5 0 0 0 0 0 0 0 0 0 0 0 0 0 0 0
0 0 0 0 0 0 0 0 0 5 3 0 3 0 0 1 0 0 0 1 2 2 2 1 0 0 0 0 0 0 0 0 0 0 0 0 1 0 0 0 1 5 2 0 9 7 2 0 0 0 0 0 0 0 0 0 0 0 0 0 0 0 0 0 4 0 4 4 0 0 4 2 0 0 0 0 2 4 4 4 0 0 0 0 0 0 0 0 0 0 0 0 0 0 1 4 0 0 7 3 8 8 6 4 1 0 0 0 0 0 0 0 0 0 0 0 0 0 0 0 7 0 0 0 2 3 0 0 0 0 0 0 0 0 0 2 0 0 0 0 0 0 0 0 0 0 0 0 0 2 1 0 5 1 0 8 0 3 8 11 10 5 0 0 0 0 0 0 0 0 0 0 0 0 0 0 0 12 0 0 6 0 0 1 3 0 0 0 0 0 1 4 0 0 0 0 0 0 0 0 0 0 0 0 0 2 0 50 185 252 250 255 247 202 130 60 12 0 0 6 0 0 0 0 0 0 0 0 0 0 0 0 2 7 114 231 243 255 244 255 255 245 255 255 52 16 0 4 0 0 0 0 0 0 0 0 0 0 0 0 0 123 249 238 255 247 255 241 255 253 252 228 255 108 0 7 0 0 0 0 0 0 0 0 0 0 0 0 137 245 255 255 210 129 105 119 211 255 245 255 255 214 7 0 0 0 0 0 0 0 0 0 0 0 0 0 163 250 247 200 14 0 0 6 119 235 255 248 246 241 1 0 0 0 0 0 0 0 0 0 0 0 0 0 227 255 187 5 8 5 0 56 244 255 228 217 249 177 4 0 0 0 0 0 0 0 0 0 0 0 0 0 254 224 218 111 118 118 184 252 249 255 87 0 255 47 0 15 0 0 0 0 0 0 0 0 0 0 0 0 227 255 255 252 251 255 252 244 250 218 21 0 117 20 0 0 0 0 0 0 0 0 0 0 0 0 0 0 180 255 250 253 248 254 253 255 255 119 1 6 0 0 6 2 0 0 0 0 0 0 0 0 0 0 0 0 26 180 250 249 255 207 216 255 202 17 0 6 0 10 0 6 0 0 0 0 0 0 0 0 0 0 0 0 0 0 67 108 86 46 221 255 128 4 0 1 0 9 0 2 0 0 0 0 0 0 0 0 0 0 0 0 16 0 1 1 0 188 255 217 43 0 0 0 0 6 2 0 0 0 0 0 0 0 0 0 0 0 0 0 0 0 0 0 30 255 238 144 0 2 1 3 0 0 4 0 0 0 0 0 0 0 0 0 0 0 0 0 0 9 9 17 167 238 255 75 0 5 0 6 5 0 2 0 0 0 0 0 0 0 0 0 0 0 0 0 1 6 0 0 249 255 181 0 0 0 0 4 3 0 0 2 0 0 0 0 0 0 0 0 0 0 0 0 0 0 13 115 255 254 35 7 5 0 0 3 0 0 1 2 0 0 0 0 0 0 0 0 0 0 0 0 2 3 42 242 249 233 37 1 7 0 6 3 0 5 2 0 0 0 0 0 0 0 0 0 0 0 0 0 0 2 63 246 255 183 1 0 0 0 0 0 0 0 0 0 0 0 0 0 0 0 0 0 0 0 0 0 3 0 51 243 255 42 0 18 0 0 0 0 0 0 0 0 0 0 0 0 0 0 0 0 0 0 0 0 3 0 25 167 232 34 9 0 0 0 0 0 0 0 0 0 0 0 0 0 0 0 0 0 0 0 0 0 0 0 0 0 9 0 1 9 0 0 0 0 0 0 0 0 0 0 0 0
0 0 0 0 0 0 0 0 2 0 4 4 0 0 6 1 0 0 0 11 3 0 6 0 0 0 0 0 0 0 0 0 0 0 0 0 4 0 0 2 15 2 0 0 4 11 0 0 0 0 13 0 0 0 0 0 0 0 0 0 0 0 0 0 0 22 10 0 0 0 0 6 0 6 0 1 3 0 3 5 0 0 0 0 0 0 0 0 0 0 0 0 0 0 0 5 14 6 0 0 0 0 0 9 12 0 0 7 0 0 0 0 0 0 0 0 0 0 0 0 0 0 4 4 0 0 7 2 12 1 0 0 4 3 0 0 0 0 0 0 0 0 0 0 0 0 0 0 10 0 0 15 6 0 0 0 0 0 9 0 0 5 6 0 0 0 0 0 0 0 0 0 0 0 0 0 0 22 0 0 93 227 245 199 30 0 9 10 0 0 4 0 0 0 0 0 0 0 0 0 0 0 0 0 4 0 25 165 255 172 127 237 161 21 0 2 0 4 0 0 0 0 0 0 2 2 1 0 0 1 0 0 2 0 200 247 96 1 1 74 249 84 7 8 3 0 8 0 0 0 0 0 2 2 1 0 0 0 0 0 0 130 252 109 17 0 0 6 162 144 28 32 0 16 1 0 0 0 0 0 2 1 0 0 0 0 0 1 35 233 180 7 0 9 0 0 9 138 205 196 6 0 0 19 0 0 0 0 2 0 0 1 0 0 0 4 99 234 30 0 3 0 0 1 4 28 234 193 0 3 2 0 0 0 0 0 2 0 0 2 0 0 1 8 176 197 0 4 1 0 0 0 0 54 255 123 0 0 16 7 0 0 0 0 2 0 0 3 1 0 2 12 253 147 9 0 8 5 0 0 3 177 246 35 1 7 0 0 0 0 0 0 2 0 0 4 1 0 2 15 255 133 0 0 8 0 0 32 122 251 255 16 5 3 0 11 0 0 0 0 2 0 0 4 1 0 2 16 236 196 3 9 5 0 30 96 221 173 238 24 0 0 8 0 0 0 0 0 0 0 0 0 0 0 0 0 150 236 25 0 0 63 147 172 32 147 192 0 5 0 1 0 0 0 0 0 0 0 0 0 0 0 0 0 14 237 233 133 181 231 194 26 6 131 199 0 2 0 3 0 0 0 0 0 0 0 0 0 0 0 0 0 0 19 97 139 195 76 15 3 2 133 229 10 3 0 1 0 0 0 0 0 0 0 0 0 0 0 0 0 3 0 1 0 6 0 0 5 8 132 254 23 4 0 1 0 0 0 0 0 0 0 0 0 0 0 0 0 11 6 0 3 0 7 6 7 0 105 253 19 0 0 6 0 0 0 0 0 0 0 0 0 0 0 0 0 0 0 0 8 7 0 0 0 0 82 251 18 0 0 6 0 0 0 0 0 0 0 0 0 0 0 0 0 10 3 8 0 0 6 11 5 3 69 255 23 0 0 2 0 0 0 0 0 0 0 0 0 0 0 0 0 0 0 2 2 0 18 0 0 0 53 253 25 0 0 0 3 0 0 0 0 0 0 0 0 0 0 0 0 0 0 0 0 0 0 0 0 1 59 253 103 0 15 0 3 0 0 0 0 0 0 0 0 0 0 0 0 0 0 0 0 0 0 0 0 0 63 236 24 0 0 29 0 0 0 0 0 0 0 0 0 0 0 0 0 0 0 0 0 0 0 0 0 10 0 2 11 0 2 0 3 0 0 0 0 0 0 0 0 0 0 0 0 0 0 0 0 0 0 0 0 5 0 0 0 5 4 0 1 0 0 0 0
0 0 0 0 0 0 0 0 0 6 8 0 0 6 6 0 2 0 0 0 0 0 0 5 0 0 0 0 0 0 0 0 0 0 0 0 12 0 0 2 10 0 0 2 3 1 1 4 6 4 0 0 0 0 0 0 0 0 0 0 0 0 0 0 0 0 0 0 0 0 1 2 1 0 0 0 0 3 1 0 0 0 0 0 0 0 0 0 0 0 0 0 0 7 10 0 0 0 1 0 5 6 2 0 0 0 1 2 0 0 0 0 0 0 0 0 0 0 0 0 10 0 0 4 7 0 0 2 0 2 6 7 2 0 0 3 0 0 0 0 0 0 0 0 0 0 0 0 0 0 3 0 0 0 1 0 0 0 0 3 9 2 0 0 0 0 0 0 0 0 0 0 0 0 0 0 11 15 0 0 40 154 227 237 97 37 0 0 6 3 0 0 0 0 0 0 0 0 0 0 0 0 0 0 0 0 16 94 202 255 214 137 241 129 22 0 4 4 0 2 0 0 0 0 0 0 0 0 0 0 0 0 5 4 114 251 226 86 0 12 119 238 8 11 0 0 6 3 0 0 0 0 0 0 0 0 0 0 0 0 7 46 243 214 24 4 16 0 111 220 64 1 0 14 0 0 0 0 0 0 0 0 0 0 0 0 0 0 0 118 250 86 2 0 0 8 7 207 209 50 0 0 0 12 0 0 0 0 0 0 0 0 0 0 0 0 40 217 247 15 0 5 17 0 3 219 252 65 9 12 0 0 0 0 0 0 0 0 0 0 0 0 0 0 75 255 145 7 0 0 6 0 119 255 192 42 0 0 0 8 0 0 0 0 0 0 0 0 0 0 0 0 75 255 44 2 3 1 0 139 255 255 47 0 2 12 1 0 0 0 0 0 0 0 0 0 0 0 0 0 70 255 166 106 32 97 135 248 255 240 19 4 0 0 0 7 0 0 0 0 0 0 0 0 0 0 0 0 10 146 255 255 236 255 215 219 239 233 19 0 0 6 5 0 0 0 0 0 0 0 0 0 0 0 0 0 0 22 67 58 49 57 10 66 252 98 8 0 9 0 2 0 0 0 0 0 0 0 0 0 0 0 0 0 0 0 9 5 0 0 5 143 242 2 1 0 0 2 0 6 0 0 0 0 0 0 0 0 0 0 0 0 8 0 0 1 0 0 11 178 242 0 3 4 0 4 0 8 0 0 0 0 0 0 0 0 0 0 0 0 0 0 0 2 7 1 0 114 245 41 2 0 12 0 0 0 0 0 0 0 0 0 0 0 0 0 0 0 0 6 0 0 0 2 0 69 250 77 0 0 9 1 0 0 0 0 0 0 0 0 0 0 0 0 0 0 2 6 0 3 0 2 2 67 255 92 2 5 0 4 0 4 0 0 0 0 0 0 0 0 0 0 0 0 0 0 0 7 0 2 0 31 234 156 4 10 0 1 0 1 0 0 0 0 0 0 0 0 0 0 0 0 2 4 0 1 0 13 3 0 176 233 0 0 10 0 8 0 0 0 0 0 0 0 0 0 0 0 0 0 0 0 0 0 0 0 0 0 88 255 54 0 4 2 0 7 0 0 0 0 0 0 0 0 0 0 0 0 0 0 0 0 0 0 0 0 7 188 114 12 0 0 2 0 0 0 0 0 0 0 0 0 0 0 0 0 0 0 0 0 0 0 0 0 2 3 7 0 17 0 0 7 0 0 0 0 0 0 0 0 0 0 0 0 0 0 0 0 0 0 0 0 14 0 0 0 5 0 2 2 0 0 0 0
0 0 0 0 0 0 0 0 0 5 7 1 0 4 5 1 0 0 0 4 5 1 0 0 0 0 0 0 0 0 0 0 0 0 0 0 9 0 0 0 3 0 0 0 8 7 0 0 0 9 8 0 0 0 0 0 0 0 0 0 0 0 0 0 0 5 10 8 0 0 0 5 0 0 6 10 1 0 0 5 0 0 0 0 0 0 0 0 0 0 0 0 0 0 0 0 1 16 9 0 10 0 0 0 1 2 1 1 0 0 0 0 0 0 0 0 0 0 0 0 13 10 5 1 0 0 0 0 0 2 7 0 0 7 4 0 0 0 0 0 0 0 0 0 0 0 0 0 0 0 0 6 4 0 0 11 17 1 0 1 0 0 0 4 0 0 0 0 0 0 0 0 0 0 0 0 0 15 66 138 206 247 255 251 182 107 31 2 0 0 1 12 0 0 0 0 0 0 0 0 0 0 0 0 36 148 243 255 244 255 255 254 251 255 219 93 6 0 6 0 0 0 0 0 0 12 0 0 5 0 0 99 229 253 246 255 255 244 249 255 249 255 250 232 39 3 5 0 0 0 0 0 4 0 5 3 1 18 1 215 255 244 255 149 102 51 44 193 255 238 255 255 98 0 0 4 0 0 0 0 2 0 7 0 10 0 105 255 248 250 81 10 0 4 0 174 252 255 243 230 34 12 0 7 0 0 0 0 0 5 2 0 0 14 230 246 248 209 0 3 0 0 0 88 249 255 252 136 0 0 5 0 0 0 0 0 2 0 9 5 0 174 255 253 239 33 0 8 11 2 11 103 255 254 253 122 9 0 0 8 0 0 0 0 7 0 11 0 39 255 242 255 148 0 0 0 0 0 0 143 255 255 248 113 3 10 0 7 0 0 0 0 4 2 3 0 76 243 254 249 42 18 0 9 0 3 27 201 255 245 255 35 6 0 9 0 0 0 0 0 0 0 0 11 46 248 255 253 200 39 0 8 6 47 149 249 255 250 255 33 0 0 0 0 0 0 0 0 5 0 8 0 0 132 255 252 255 246 219 204 224 248 254 254 254 251 255 38 0 0 12 0 0 0 0 0 4 0 7 0 0 61 191 255 253 255 248 242 255 255 255 252 255 253 250 26 0 0 3 2 0 0 0 0 0 1 4 9 2 0 28 99 204 239 255 255 255 214 151 111 250 254 253 52 9 4 0 3 0 0 0 0 1 4 0 0 6 0 0 7 0 34 65 78 77 51 16 0 246 255 255 96 0 8 0 0 0 0 0 0 1 0 0 0 0 3 11 14 0 11 13 6 3 0 0 4 255 255 247 138 0 0 6 0 0 0 0 0 5 0 0 13 0 0 0 0 0 0 1 0 1 0 0 8 255 255 250 200 46 0 12 0 0 0 0 0 14 0 0 0 0 2 6 5 9 12 3 0 0 0 0 9 251 252 255 252 156 0 8 0 0 0 0 0 0 10 9 0 1 3 0 0 0 0 0 0 7 5 1 7 255 251 249 255 223 0 3 4 0 0 0 0 0 0 0 0 0 0 0 0 0 0 0 0 0 0 0 0 241 255 251 237 139 12 0 0 0 0 0 0 0 0 0 0 0 0 0 0 0 0 0 0 0 0 0 0 116 246 255 158 22 0 6 0 0 0 0 0 0 0 0 0 0 0 0 0 0 0 0 0 0 0 0 0 0 6 0 1 3 0 14 0 0 0 0 0 0 0 0 0 0 0 0 0 0 0 0 0 0 0 0 0 0 5 0 7 4 0 1 0 0 0 0 0
0 0 0 0 0 0 0 0 0 0 5 0 18 5 0 3 0 4 4 0 7 9 0 2 0 0 0 0 0 0 0 0 0 0 0 0 10 3 0 3 0 0 25 0 5 6 3 0 0 0 0 4 0 0 0 0 0 0 0 0 0 0 0 0 3 0 24 0 0 4 0 0 2 0 0 4 0 0 3 0 0 0 0 0 0 0 0 0 0 0 0 0 0 8 0 0 10 1 5 0 2 0 0 7 9 1 5 0 0 0 0 0 0 0 0 0 0 0 0 0 12 0 0 21 0 0 0 3 0 15 5 6 2 0 0 9 0 0 0 0 0 0 0 0 0 0 0 0 0 15 8 0 6 16 28 192 255 230 72 0 0 8 3 0 0 0 0 0 0 0 0 0 0 0 0 0 8 0 0 11 0 96 249 232 146 255 161 16 3 0 0 4 0 0 0 0 0 0 0 0 0 0 0 0 0 3 4 0 46 216 181 18 56 247 152 0 1 13 0 0 0 0 0 0 0 0 0 0 0 0 0 0 2 3 4 0 175 255 77 1 178 245 51 2 0 0 4 3 0 0 0 0 0 0 0 0 0 0 0 0 0 0 0 13 162 230 128 141 253 189 26 0 10 7 3 0 0 0 0 0 0 0 0 0 0 0 0 0 0 18 3 0 139 255 250 247 254 90 0 0 3 1 0 3 0 0 0 0 0 0 0 0 0 0 0 0 0 0 0 8 2 0 13 190 255 74 11 6 1 0 0 8 0 0 0 0 0 0 0 0 0 0 0 0 0 4 2 4 0 0 14 160 255 91 0 4 4 9 0 0 0 0 0 0 0 0 0 0 0 0 0 0 0 0 0 3 6 10 4 160 248 90 0 0 0 8 3 1 0 0 0 0 0 0 0 0 0 0 0 0 8 1 0 0 0 3 0 182 255 76 8 8 1 0 0 2 0 0 0 0 0 0 0 0 0 0 0 0 0 0 8 1 0 12 14 255 250 10 0 0 9 0 3 0 0 0 0 0 0 0 5 0 0 11 0 0 6 0 6 0 16 0 123 255 199 1 0 1 0 6 0 0 0 0 0 0 8 0 5 11 0 0 2 8 0 2 7 12 0 5 162 242 147 0 0 3 0 1 1 1 0 0 0 0 0 0 1 0 0 6 10 0 20 0 0 0 0 0 210 255 73 0 2 5 0 0 3 1 0 0 0 0 0 5 12 0 0 4 0 18 0 18 0 4 11 136 238 228 15 4 1 3 0 0 5 0 0 0 0 0 8 0 9 0 9 0 0 154 232 8 0 0 11 168 255 78 0 9 0 0 0 0 5 0 0 0 0 0 0 0 2 0 14 1 0 151 250 79 0 6 13 252 234 19 0 9 0 0 0 6 1 0 0 0 0 0 3 16 4 0 5 2 0 16 234 215 37 5 205 250 73 18 0 3 0 1 0 10 0 1 0 0 0 0 0 5 0 4 5 0 14 0 87 255 244 250 250 175 7 0 4 0 0 4 0 11 0 4 0 0 0 0 0 0 0 0 0 0 0 0 0 94 213 241 142 16 0 10 0 0 0 0 0 0 0 0 0 0 0 0 0 0 0 0 0 0 0 0 0 0 0 2 6 0 0 2 0 0 0 0 0 0 0 0 0 0 0 0 0 0 0 0 0 0 0 0 8 10 5 0 0 5 9 6 0 0 0 0 0 0 0 0 0 0 0 0 0 0 0 0 0 0 0 0 0 2 7 0 0 1 0 0 0 0 0 0 0 0 0 0 0 0 0 0
0 0 6 7 3 0 1 5 5 0 0 1 0 9 0 1 4 0 0 6 8 0 0 0 0 0 0 0 12 5 0 0 0 0 0 0 6 0 3 4 7 0 0 4 0 0 0 0 0 0 3 5 0 0 0 0 1 0 0 0 6 9 8 5 0 1 0 0 4 0 0 7 0 0 2 0 0 0 0 0 0 0 0 0 0 0 4 3 0 0 0 0 0 20 0 1 0 7 2 3 7 7 5 3 0 0 0 1 0 0 0 0 5 4 2 0 0 0 2 5 2 7 0 0 0 1 0 0 1 0 0 0 0 0 3 13 0 0 0 0 1 0 0 1 7 8 1 0 9 0 6 5 15 0 1 3 2 2 6 11 7 0 0 0 0 0 0 0 0 0 0 0 0 0 0 1 10 0 12 4 0 8 0 3 0 7 10 0 0 0 7 5 0 0 0 0 0 5 7 0 0 15 70 117 255 255 253 237 124 254 211 218 255 250 185 75 4 0 5 0 0 0 0 0 0 0 10 0 24 196 239 255 255 237 255 253 246 254 249 255 253 253 252 199 2 17 0 0 0 0 0 0 5 5 4 0 90 246 251 249 248 255 240 214 191 255 239 199 233 248 238 238 232 41 0 14 0 0 0 0 0 0 0 14 87 255 245 255 73 104 72 32 8 95 76 27 56 159 255 255 232 75 0 0 0 0 0 0 1 0 14 0 155 236 255 255 0 0 18 0 0 2 0 4 0 0 109 87 88 8 4 0 0 0 0 0 0 9 13 0 179 255 255 239 79 0 6 8 7 8 0 84 124 107 2 12 1 0 0 10 0 0 0 0 0 0 0 16 68 238 255 244 237 79 1 0 0 79 100 220 233 255 215 68 22 0 5 0 0 0 0 0 14 0 18 6 13 102 233 253 255 218 185 211 209 255 239 255 255 252 255 165 0 0 0 3 0 0 0 0 0 10 0 0 7 0 67 225 244 255 253 249 245 248 255 243 243 255 250 225 31 0 15 0 0 0 0 0 0 0 0 0 0 0 0 0 108 114 230 244 255 245 255 137 121 253 255 255 53 2 11 0 0 0 0 0 0 0 0 0 0 0 0 0 9 0 9 30 49 0 16 0 43 253 255 248 57 0 0 8 0 0 0 0 0 0 0 0 0 0 0 0 14 0 0 0 15 0 0 6 18 255 252 250 59 12 0 0 0 0 0 0 0 0 0 0 0 0 0 0 0 16 10 0 3 11 1 0 32 251 251 255 44 11 9 0 0 0 0 0 0 0 0 0 0 0 0 0 0 0 0 0 0 0 0 0 23 250 255 250 59 0 8 2 0 0 0 0 0 0 0 0 0 0 0 0 9 0 2 9 0 0 8 2 30 255 255 243 136 4 0 5 0 0 0 0 0 0 0 0 0 0 0 0 0 0 3 0 0 3 7 0 36 240 251 248 199 8 0 0 0 0 0 0 0 0 0 0 0 0 0 0 6 2 0 0 13 0 0 6 9 183 248 255 197 0 11 0 0 0 0 0 0 0 0 0 0 0 0 0 0 0 0 0 0 0 0 0 0 9 210 251 188 8 1 0 0 0 0 0 0 0 0 0 0 0 0 0 0 0 0 0 0 0 0 0 2 0 111 255 210 0 0 4 0 0 0 0 0 0 0 0 0 0 0 0 0 0 0 0 0 0 0 0 0 0 44 235 200 5 0 1 0 0 0 0 0 0 0 0 0 0 0 0 0 0 0 0 0 0 0 0 0 12 3 1 0 8 12 0 0 0 0 0
0 0 0 0 0 0 0 0 8 0 0 0 2 0 0 0 6 0 3 5 0 0 1 0 0 0 0 0 0 0 0 0 0 0 0 0 0 3 5 0 0 2 7 8 0 0 0 0 0 11 10 0 0 0 0 0 0 0 0 0 0 0 0 0 0 0 6 0 0 0 0 0 0 10 10 3 4 1 0 0 0 0 0 0 0 0 0 0 0 0 0 0 0 0 0 0 2 5 2 0 0 0 0 0 4 0 0 7 0 0 0 0 0 0 0 0 0 0 0 0 13 0 0 0 0 0 0 3 11 4 0 0 0 3 1 4 0 0 0 0 0 0 0 0 0 0 0 0 0 0 1 11 7 0 0 7 0 3 17 8 0 1 6 0 0 0 0 0 0 0 0 0 0 0 0 0 6 8 1 0 0 1 0 0 10 0 0 8 0 0 9 0 0 0 0 0 0 0 0 0 0 0 0 0 1 0 0 10 91 199 255 255 168 40 0 9 1 0 10 0 0 0 0 0 0 0 0 0 0 0 0 0 4 0 2 182 237 255 255 248 255 253 162 17 0 8 0 0 0 0 0 0 0 0 0 0 0 0 0 0 0 13 70 254 255 140 51 152 229 252 241 81 0 0 15 7 0 0 0 0 0 0 0 0 0 0 0 0 12 52 227 252 105 0 0 0 79 255 255 71 21 5 0 0 0 0 0 0 0 0 0 0 0 0 0 0 0 178 255 228 0 0 12 65 246 248 126 12 0 0 5 4 0 0 0 0 0 0 0 0 0 0 0 0 3 250 247 96 3 9 50 95 254 202 0 0 3 0 8 0 0 0 0 0 0 0 0 0 0 0 0 0 0 255 246 91 0 96 222 255 249 255 17 0 2 0 0 6 0 0 0 0 0 0 0 0 0 0 0 0 36 237 255 237 255 255 237 248 255 159 0 23 0 0 4 0 0 0 0 0 0 0 0 0 0 0 0 0 0 179 242 255 239 222 134 193 255 173 4 0 0 7 0 7 0 0 0 0 0 0 0 0 0 0 0 0 0 5 54 88 49 11 0 174 250 181 0 0 0 2 0 0 0 0 0 0 0 0 0 0 0 0 0 0 1 0 0 4 0 0 14 253 255 171 0 0 0 3 0 0 0 0 0 0 0 0 0 0 0 0 0 0 0 7 0 0 3 0 8 246 255 150 3 0 1 4 0 1 0 0 0 0 0 0 0 0 0 0 0 0 0 2 0 0 5 5 43 255 255 118 6 0 1 3 0 2 0 0 0 0 0 0 0 0 0 0 0 0 3 0 0 2 0 7 79 255 255 78 5 0 0 1 0 2 0 0 0 0 0 0 0 0 0 0 0 0 7 0 12 15 0 3 81 243 249 39 3 0 0 1 0 2 0 0 0 0 0 0 0 0 0 0 0 0 5 0 2 0 0 4 93 255 242 9 1 0 2 2 0 3 0 0 0 0 0 0 0 0 0 0 0 0 0 8 4 0 6 3 75 252 238 0 1 0 3 3 0 4 0 0 0 0 0 0 0 0 0 0 0 0 14 0 9 0 0 11 173 248 166 0 0 0 0 0 14 0 0 0 0 0 0 0 0 0 0 0 0 0 0 10 0 12 6 0 217 255 181 12 0 0 10 0 3 0 0 0 0 0 0 0 0 0 0 0 0 0 0 24 0 0 0 6 219 250 121 4 0 0 10 0 0 4 0 0 0 0 0 0 0 0 0 0 0 0 0 0 13 14 3 0 17 0 23 0 8 0 1 0 2 5 0 0 0 0
0 0 0 0 0 0 0 0 0 5 3 0 3 0 0 2 0 4 4 0 0 0 1 2 0 0 0 0 0 0 0 0 0 0 0 0 0 0 0 0 3 5 1 0 0 0 0 1 7 5 0 0 0 0 0 0 0 0 0 0 0 0 0 0 2 0 5 6 0 0 3 1 13 5 0 0 0 0 0 13 0 0 0 0 0 0 0 0 0 0 0 0 0 0 2 5 0 0 8 4 0 0 0 2 0 0 0 0 0 0 0 0 0 0 0 0 0 0 0 0 12 1 0 0 0 3 0 0 4 7 3 0 2 10 5 0 0 0 0 0 0 0 0 0 0 0 0 0 0 5 1 0 3 1 1 12 0 1 4 0 0 0 3 2 0 0 0 0 0 0 0 0 0 0 0 0 0 14 0 0 9 2 0 3 8 0 0 4 4 0 0 0 0 0 0 0 0 0 0 0 0 0 0 0 0 2 0 55 191 255 251 255 215 110 13 0 4 4 0 3 0 0 0 0 0 0 0 0 0 0 0 0 1 0 78 251 244 255 241 248 247 255 136 10 0 0 3 0 0 0 0 0 0 0 0 0 0 0 0 0 10 58 238 253 252 137 148 86 183 235 249 157 22 1 4 0 0 0 0 0 0 0 0 0 0 0 0 0 1 88 255 255 149 0 0 0 0 176 255 247 59 7 0 10 0 0 0 0 0 0 0 0 0 0 0 0 0 169 247 228 3 2 0 21 6 213 244 253 52 1 0 0 0 0 0 0 0 0 0 0 0 0 0 0 0 174 255 200 0 0 7 28 194 255 255 172 0 0 21 0 0 0 0 0 0 0 0 0 0 0 0 0 7 142 252 228 124 123 194 253 255 240 221 34 0 0 10 3 0 0 0 0 0 0 0 0 0 0 0 0 0 133 250 255 230 246 255 255 255 239 138 0 11 2 0 5 0 0 0 0 0 0 0 0 0 0 0 0 0 32 101 186 185 188 196 231 252 240 47 1 0 0 8 0 0 0 0 0 0 0 0 0 0 0 0 0 6 0 0 6 0 3 12 213 251 141 0 0 7 0 0 0 0 0 0 0 0 0 0 0 0 0 0 0 0 0 14 5 0 0 86 255 253 94 0 0 0 2 0 1 0 0 0 0 0 0 0 0 0 0 0 0 4 6 4 0 6 10 192 248 210 28 5 1 0 8 0 0 0 0 0 0 0 0 0 0 0 0 0 0 3 6 0 0 0 147 255 255 117 0 7 1 0 8 0 0 0 0 0 0 0 0 0 0 0 0 0 0 0 0 4 5 0 255 254 208 30 0 6 0 2 0 0 0 0 0 0 0 0 0 0 0 0 0 0 0 3 2 1 0 99 252 250 78 0 8 4 0 1 0 0 4 0 0 0 0 0 0 0 0 0 0 0 0 4 5 0 25 236 242 245 14 0 8 0 0 0 3 0 2 0 0 0 0 0 0 0 0 0 0 0 0 0 0 0 88 233 255 129 0 5 0 0 8 0 15 0 0 0 0 0 0 0 0 0 0 0 0 0 0 4 0 9 213 255 255 10 6 0 0 0 0 0 0 0 0 0 0 0 0 0 0 0 0 0 0 0 0 0 0 63 227 252 192 0 5 0 0 0 0 0 0 0 0 0 0 0 0 0 0 0 0 0 0 0 0 0 11 9 252 255 22 7 0 0 0 0 0 0 0 0 0 0 0 0 0 0 0 0 0 0 0 0 0 7 0 24 0 0 5 0 0 0 0 0 0 0 0 0 0 0 0 0 0
0 0 0 0 0 0 0 0 4 0 0 0 3 6 2 0 9 4 0 0 0 2 1 0 0 0 0 0 0 0 0 0 0 0 0 0 0 0 3 4 2 0 2 4 0 0 4 7 3 0 0 2 0 0 0 0 0 0 0 0 0 0 0 0 0 0 2 0 0 0 0 0 8 9 6 0 0 0 0 8 0 0 0 0 0 0 0 0 0 0 0 0 7 1 0 0 1 6 8 7 0 0 0 0 3 3 0 0 0 0 0 0 0 0 0 0 0 0 0 0 4 2 0 0 0 0 0 0 6 4 2 2 2 2 1 0 0 0 0 0 0 0 0 0 0 0 0 0 0 0 3 5 0 0 0 2 0 0 0 0 0 0 0 5 0 0 0 0 0 0 0 0 0 0 0 0 14 8 0 0 0 0 0 0 3 0 0 0 5 5 0 0 0 0 0 0 0 0 0 0 0 0 0 0 0 0 0 52 136 211 251 255 183 119 39 0 0 3 5 0 0 0 0 0 0 0 0 0 0 0 0 0 13 10 191 251 247 197 165 151 237 241 199 45 0 0 1 5 0 0 0 0 0 0 0 0 0 0 0 0 29 215 255 233 103 9 0 8 4 179 242 190 5 8 0 2 0 0 0 0 0 0 0 0 0 0 0 0 123 255 206 3 0 6 3 4 0 222 254 142 8 0 6 0 0 0 0 0 0 0 0 0 0 0 0 0 189 250 71 24 2 0 1 1 0 246 208 23 8 0 9 5 0 0 0 0 0 0 0 0 0 0 0 0 232 254 33 0 0 0 0 0 31 236 112 3 7 1 0 3 0 0 0 0 0 0 0 0 0 0 0 0 138 253 169 2 4 29 0 17 212 255 57 3 1 8 4 0 0 0 0 0 0 0 0 0 0 0 0 0 52 249 246 205 72 26 38 137 254 253 74 0 1 0 8 2 0 0 0 0 0 0 0 0 0 0 0 0 3 46 191 253 255 255 214 236 220 255 75 0 8 5 0 0 0 0 0 0 0 0 0 0 0 0 0 0 5 0 0 35 99 98 87 48 251 232 25 2 0 4 0 4 0 0 0 0 0 0 0 0 0 0 0 0 0 0 1 0 0 0 19 37 255 242 34 5 0 0 0 0 0 0 0 0 0 0 0 0 0 0 0 0 5 0 3 0 10 0 9 26 255 250 46 13 2 7 5 5 0 0 0 0 0 0 0 0 0 0 0 0 0 0 3 0 2 0 6 48 239 238 36 1 0 0 0 0 0 0 0 0 0 0 0 0 0 0 0 0 4 4 7 4 6 0 0 46 255 255 51 16 4 8 5 4 0 0 0 0 0 0 0 0 0 0 0 0 0 0 0 0 1 3 0 46 248 231 23 0 0 0 0 0 0 0 0 0 0 0 0 0 0 0 0 0 5 13 14 0 0 0 14 127 250 221 9 0 3 8 4 8 0 0 0 0 0 0 0 0 0 0 0 0 0 0 0 0 2 10 0 79 255 218 1 0 1 3 0 1 0 0 0 0 0 0 0 0 0 0 0 0 0 3 2 0 0 0 8 39 243 227 0 4 2 0 2 1 0 0 0 0 0 0 0 0 0 0 0 0 0 1 0 1 2 0 11 38 255 221 13 3 6 0 1 0 0 0 0 0 0 0 0 0 0 0 0 0 0 1 0 0 4 1 7 27 252 190 28 0 0 0 7 5 0 0 0 0 0 0 0 0 0 0 0 0 0 2 0 0 3 0 0 9 0 0 0 2 15 6 0 0 0 0 0 0
0 0 0 0 0 0 0 0 0 1 1 0 0 2 2 0 0 1 10 0 0 6 0 2 0 0 0 0 0 0 0 0 0 0 0 0 7 0 0 0 0 0 0 0 11 0 1 0 8 1 0 1 0 0 0 0 0 0 0 0 0 0 0 0 0 0 0 9 13 6 4 8 0 0 8 2 3 0 6 0 0 0 0 0 0 0 0 0 0 0 0 0 0 4 6 3 0 0 0 0 9 0 0 0 6 1 17 0 0 0 0 0 0 0 0 0 0 0 0 0 2 6 2 0 0 4 9 4 0 0 4 0 0 0 13 10 0 0 0 0 0 0 0 0 0 0 0 0 0 0 0 0 8 14 4 0 4 0 3 8 7 0 0 3 0 0 0 0 0 0 0 0 0 0 0 0 5 1 1 5 0 0 0 7 5 37 106 193 255 242 62 0 0 0 0 0 0 0 0 0 0 0 0 0 5 0 0 6 0 5 73 154 217 253 255 244 250 255 62 0 0 0 0 0 2 0 0 7 5 0 0 5 8 0 13 7 55 188 244 255 254 249 197 70 255 244 39 1 0 0 0 0 0 5 0 0 0 3 0 0 0 24 0 93 242 255 239 208 85 55 9 56 237 219 8 0 0 0 0 0 0 1 0 0 0 0 0 10 0 59 191 255 252 239 147 13 0 0 12 215 253 195 10 0 0 0 0 0 0 2 4 0 2 1 0 5 59 225 255 252 211 82 3 0 17 0 42 246 255 88 0 13 0 0 0 0 0 6 6 0 2 11 0 1 225 251 206 95 12 0 0 7 18 141 246 245 221 28 2 0 0 0 0 0 7 0 0 0 7 0 11 115 250 236 218 82 70 174 172 190 230 232 251 255 113 1 0 5 0 0 0 0 11 0 0 8 9 0 16 167 239 255 240 240 252 241 255 253 255 255 255 212 10 8 1 1 0 0 0 0 2 1 8 0 4 5 0 59 239 248 254 254 250 255 249 196 244 255 237 31 10 0 0 2 0 0 0 0 0 0 0 0 0 0 0 0 1 49 118 55 0 5 1 38 255 242 84 0 0 0 12 0 0 0 0 0 0 0 0 0 0 0 0 0 4 13 0 5 0 0 33 196 255 157 26 0 5 0 6 0 0 0 0 0 0 0 0 0 0 0 0 0 0 0 0 11 6 36 181 255 191 56 0 3 3 0 5 0 0 0 0 0 0 0 0 0 0 0 0 0 5 22 0 0 0 98 247 251 74 1 0 3 0 6 5 0 0 0 0 0 0 0 0 0 0 0 0 0 0 0 11 8 83 195 255 62 0 0 16 0 0 10 0 4 0 0 0 0 0 0 0 0 0 0 0 0 3 5 0 47 225 255 166 5 0 1 11 0 1 7 0 7 0 0 0 0 0 0 0 0 0 0 0 0 6 0 40 252 250 199 4 0 4 1 0 0 5 2 0 4 0 0 0 0 0 0 0 0 0 0 0 0 0 74 244 246 196 73 0 9 3 0 0 4 2 1 3 0 0 0 0 0 0 0 0 0 0 0 0 0 33 214 255 226 38 21 0 10 0 0 0 0 0 0 0 0 0 0 0 0 0 0 0 0 0 0 0 0 145 241 228 83 0 0 12 0 0 0 0 0 0 0 0 0 0 0 0 0 0 0 0 0 0 0 0 0 10 3 17 0 13 0 0 11 0 0 0 0 0 0 0 0 0 0 0 0 0 0 0 0 0 0 0 0 0 0 0 0 14 3 0 0 0 0 0 0 0 0 0 0 0 0 0 0
0 0 0 0 0 0 0 0 0 0 7 5 1 0 2 3 0 4 1 0 1 1 0 3 0 0 0 0 0 0 0 0 0 0 0 0 16 5 0 0 0 0 0 0 3 6 0 8 1 8 0 0 0 0 0 0 0 0 0 0 0 0 0 0 1 0 0 0 6 2 1 4 0 0 10 0 0 0 7 8 0 0 0 0 0 0 0 0 0 0 0 0 0 3 7 7 2 0 0 0 19 1 3 3 3 0 4 0 0 0 0 0 0 0 0 0 0 0 0 0 1 8 6 0 0 3 6 1 0 0 0 20 0 14 0 3 0 0 0 0 0 0 0 0 0 0 0 0 0 0 0 0 0 6 0 0 7 3 2 0 11 0 0 0 0 0 0 0 0 0 0 0 0 0 0 0 8 2 2 6 2 0 0 11 46 152 255 248 212 53 1 0 0 0 0 0 0 0 0 0 0 0 0 0 3 0 0 4 0 1 56 125 203 248 234 255 242 169 27 0 0 0 0 0 0 12 8 0 1 11 0 3 22 0 1 2 58 193 236 255 243 255 251 250 226 65 3 1 0 0 0 0 0 0 0 5 5 0 4 11 19 16 3 126 239 244 255 255 242 170 64 207 255 216 28 0 0 0 0 0 0 1 0 12 0 0 8 0 0 35 195 252 255 237 255 163 29 0 2 199 252 255 45 0 0 0 0 0 6 8 0 0 0 2 18 2 44 228 255 255 230 168 16 11 0 65 242 255 255 179 0 4 0 0 0 0 0 0 9 5 12 0 0 34 219 255 234 245 174 0 0 13 67 240 246 248 230 22 13 0 0 0 0 0 14 0 0 0 0 10 73 231 255 255 195 110 2 23 154 216 235 255 253 255 125 4 0 0 0 0 0 0 0 0 7 14 0 0 74 208 255 244 217 37 36 155 255 255 255 239 251 222 43 7 11 4 0 0 0 0 0 4 0 2 0 27 169 255 250 249 224 255 249 255 247 249 247 255 242 76 6 1 0 0 0 0 0 0 0 8 0 0 0 24 122 253 234 255 247 253 255 255 193 241 249 253 241 33 0 0 1 0 0 0 0 0 0 0 0 9 1 0 50 174 255 247 255 255 188 123 31 230 255 255 127 8 0 1 2 0 0 0 0 0 0 4 0 0 1 0 4 48 126 128 89 18 9 19 134 254 244 237 19 3 3 6 2 0 0 0 0 0 0 5 0 0 6 9 0 0 0 0 2 9 11 1 189 249 255 205 4 3 0 0 0 14 0 0 0 0 0 0 0 10 8 0 0 10 0 0 3 0 23 233 255 254 125 24 0 0 18 7 0 0 0 0 0 0 3 0 0 0 0 0 0 3 0 5 20 7 86 255 236 255 134 0 14 0 0 5 0 1 0 0 0 0 3 4 0 0 0 12 10 0 5 0 0 81 196 250 255 184 59 0 8 0 0 9 0 0 0 0 0 0 1 0 2 14 4 0 0 5 0 4 22 245 255 249 252 44 0 5 0 9 0 2 0 3 0 0 0 0 0 0 0 0 0 0 0 0 0 4 10 255 241 255 230 20 0 0 0 0 0 0 0 0 0 0 0 0 0 0 0 0 0 0 0 0 6 0 0 202 255 210 39 1 0 0 0 0 0 0 0 0 0 0 0 0 0 0 0 0 0 0 0 0 0 4 0 0 0 25 0 16 0 0 0 0 0 0 0 0 0 0 0 0 0 0 0 0 0 0 0 0 0 0 15 15 0 0 12 0 0 0 0 0 0 0 0 0 0 0 0 0
0 0 0 0 0 0 0 0 1 4 2 0 0 7 5 0 7 0 0 0 6 0 17 0 0 0 0 0 0 0 0 0 0 0 0 0 0 0 2 8 1 0 0 4 0 0 14 6 5 0 0 0 0 0 0 0 0 0 0 0 0 0 0 0 0 1 0 0 1 17 11 0 0 0 0 4 2 16 3 7 0 0 0 0 0 0 0 0 0 0 0 0 6 0 0 7 0 0 0 5 2 0 22 0 1 0 0 0 0 0 0 0 0 0 0 0 0 0 0 0 2 1 0 0 5 8 6 0 0 9 0 1 1 23 0 2 0 0 0 0 0 0 0 0 0 0 0 0 2 0 0 0 0 0 0 0 0 13 0 9 1 0 0 8 0 0 0 0 0 0 0 0 0 0 0 0 9 0 0 23 5 0 30 116 103 145 255 236 255 0 14 0 0 0 0 0 0 0 0 0 0 0 0 0 0 9 0 0 63 186 255 255 255 247 255 255 255 0 0 0 0 0 0 0 7 0 0 0 7 1 0 12 0 7 0 67 251 242 251 255 245 255 246 253 255 128 67 0 0 0 0 0 1 0 3 0 6 0 1 0 0 62 187 237 255 255 255 186 64 201 255 255 244 255 235 73 0 0 0 0 0 0 7 0 2 0 10 0 62 255 255 251 238 123 119 1 10 0 255 238 255 255 255 0 0 0 0 0 0 0 6 0 0 0 1 73 255 239 248 210 0 1 16 1 0 59 239 255 252 246 70 0 0 0 0 0 1 1 0 2 0 0 0 180 255 240 207 0 8 0 4 0 191 255 255 241 255 61 0 16 0 0 0 0 3 1 0 1 0 1 27 255 255 255 134 0 8 3 56 255 250 233 255 255 180 0 14 0 0 0 0 0 0 1 0 0 3 0 92 255 255 229 6 55 182 195 255 249 255 255 255 128 0 0 11 1 0 0 0 0 0 1 2 0 7 0 147 249 255 255 248 255 255 253 255 250 255 255 175 75 0 7 0 0 0 0 0 0 0 7 3 0 0 7 115 255 252 255 247 255 255 245 255 247 255 249 4 0 2 4 8 0 0 0 0 0 5 0 0 12 9 0 36 155 255 241 255 178 114 135 238 255 233 89 0 0 0 0 0 1 0 0 0 0 0 4 0 1 5 0 0 26 1 2 0 9 75 249 247 255 146 0 0 17 12 8 1 6 0 0 0 0 0 10 4 0 0 8 0 0 9 0 1 0 244 255 255 251 114 24 0 0 4 0 0 2 0 0 0 0 3 0 0 0 6 3 0 7 0 7 18 180 255 255 250 248 0 4 0 0 20 5 7 0 0 0 0 0 0 2 3 0 0 0 2 0 10 0 116 255 254 255 252 62 15 0 7 0 0 0 0 0 0 0 0 0 0 6 10 0 0 2 6 0 0 6 206 239 254 243 197 13 0 0 13 16 7 12 0 0 0 0 0 0 7 0 0 11 6 0 0 5 0 70 240 255 255 194 0 0 10 5 1 0 8 0 0 0 0 0 0 0 0 0 0 0 0 0 0 0 3 121 255 248 255 116 0 5 0 0 0 0 0 0 0 0 0 0 0 0 0 0 0 0 0 0 0 0 0 21 170 247 255 83 0 4 0 0 0 0 0 0 0 0 0 0 0 0 0 0 0 0 0 0 0 0 3 0 18 1 0 0 1 5 0 0 0 0 0 0 0 0 0 0 0 0 0 0 0 0 0 0 0 0 2 0 6 0 0 12 8 0 0 0 0 0 0 0 0 0 0 0 0 0
0 0 0 0 0 0 0 0 6 3 0 0 0 1 1 1 0 0 2 3 3 2 0 0 0 0 0 0 0 0 0 0 0 0 0 0 0 0 0 5 7 6 4 3 4 1 0 0 0 0 4 8 0 0 0 0 0 0 0 0 0 0 0 0 11 9 4 0 0 0 0 0 3 3 3 3 2 1 0 0 0 0 0 0 0 0 0 0 0 0 0 0 0 0 1 5 7 7 6 5 0 0 0 0 2 1 0 0 0 0 0 0 0 0 0 0 0 0 0 0 3 0 0 0 0 0 0 0 13 11 7 3 0 0 0 0 0 0 0 0 0 0 0 0 0 0 0 0 5 3 0 1 3 5 5 3 0 0 0 0 1 1 0 0 0 0 0 0 0 0 0 0 0 0 0 0 0 0 4 4 0 0 0 0 6 3 0 0 0 0 4 7 0 0 0 0 0 0 0 0 0 0 0 0 3 2 3 13 49 117 198 255 174 140 86 34 1 0 0 5 0 0 0 0 0 0 0 0 0 0 0 0 7 48 156 251 247 244 255 242 254 255 248 244 65 0 0 3 0 0 0 0 0 0 0 0 0 0 0 0 9 145 241 247 169 65 36 57 29 73 193 241 204 16 7 0 0 0 0 0 0 0 0 0 0 0 0 0 17 254 224 24 0 7 0 0 7 0 135 255 251 14 4 4 0 0 0 0 0 0 0 0 0 0 0 0 113 255 158 0 13 21 0 4 1 50 194 240 81 0 0 0 0 0 0 0 0 0 0 0 0 0 0 0 23 246 230 51 0 0 11 62 130 199 255 186 0 14 7 6 0 0 0 0 0 0 0 0 0 0 0 0 6 171 251 250 248 229 225 241 251 255 237 49 3 0 0 2 0 0 0 0 0 0 0 0 0 0 0 0 0 61 134 215 255 250 247 250 191 255 203 0 2 1 2 0 0 0 0 0 0 0 0 0 0 0 0 0 2 0 1 40 64 61 70 70 199 240 123 11 0 0 1 3 0 0 0 0 0 0 0 0 0 0 0 0 0 0 10 0 0 0 10 33 255 231 38 0 3 12 0 6 0 0 0 0 0 0 0 0 0 0 0 0 6 15 0 9 0 0 11 80 234 76 0 0 0 0 0 0 0 0 0 0 0 0 0 0 0 0 0 0 0 0 20 0 4 12 16 238 255 26 6 7 0 0 0 0 0 0 0 0 0 0 0 0 0 0 0 0 4 0 0 0 1 0 102 255 181 18 10 0 4 5 0 3 0 0 0 0 0 0 0 0 0 0 0 0 12 0 11 0 6 52 232 231 43 0 0 0 0 8 0 0 0 0 0 0 0 0 0 0 0 0 0 0 0 13 0 16 73 231 248 201 8 0 0 20 0 0 5 0 0 0 0 0 0 0 0 0 0 0 0 0 2 16 0 36 255 240 205 38 1 0 0 9 0 0 8 5 0 0 0 0 0 0 0 0 0 0 0 0 0 0 49 234 247 255 84 0 0 7 8 0 7 13 0 0 0 0 0 0 0 0 0 0 0 0 0 0 0 10 108 246 250 112 3 0 0 0 0 0 0 0 0 0 0 0 0 0 0 0 0 0 0 0 0 0 0 0 198 255 224 7 4 0 0 0 0 0 0 0 0 0 0 0 0 0 0 0 0 0 0 0 0 0 6 9 102 250 47 18 0 12 0 0 0 0 0 0 0 0 0 0 0 0 0 0 0 0 0 0 0 0 0 3 0 9 11 0 0 2 0 0 0 0 0 0 0 0 0 0 0 0
0 0 0 0 0 0 0 0 3 0 0 2 4 1 0 2 0 0 2 7 3 4 3 0 0 0 0 0 0 0 0 0 0 0 0 0 0 0 1 3 1 0 0 0 1 3 0 0 0 0 1 5 0 0 0 0 0 0 0 0 0 0 0 0 4 5 3 0 0 0 5 9 0 2 3 7 11 2 0 0 0 0 0 0 0 0 0 0 0 0 0 0 0 0 6 9 8 3 0 0 0 0 0 0 4 0 0 4 0 0 0 0 0 0 0 0 0 0 0 0 13 5 0 0 1 3 3 4 0 7 8 0 0 4 5 1 0 0 0 0 0 0 0 0 0 0 0 0 6 0 0 0 0 0 0 1 5 5 12 6 0 0 5 0 0 0 0 0 0 0 0 0 0 0 0 0 0 0 5 48 93 136 196 251 90 0 0 63 59 10 0 4 0 0 0 0 0 0 0 0 0 0 0 0 0 34 127 225 255 248 241 255 163 0 28 221 241 94 1 0 0 0 0 0 4 4 0 0 1 2 8 3 0 117 239 255 249 153 158 101 24 0 81 240 249 59 7 0 0 0 0 0 0 0 0 3 6 1 0 0 34 190 255 224 86 10 0 6 0 10 55 255 202 6 1 3 0 0 0 0 0 1 0 0 2 3 0 4 168 255 245 119 9 9 0 0 0 9 69 255 220 0 15 0 0 0 0 0 5 3 0 0 1 0 0 11 192 255 251 57 0 0 0 9 16 0 137 249 212 3 0 13 0 0 0 0 0 0 5 2 9 0 0 17 215 241 200 14 9 3 0 0 0 13 67 255 215 8 12 0 0 0 0 0 0 0 3 0 7 0 12 102 243 238 123 8 0 0 0 12 0 0 149 255 248 82 11 13 0 0 0 0 5 0 3 0 0 6 64 216 255 202 5 0 3 12 0 0 8 67 224 245 212 0 0 4 0 0 0 0 2 0 12 3 0 5 81 255 248 192 0 4 0 0 72 128 180 237 250 255 205 8 4 0 0 0 0 0 1 4 0 6 10 0 83 255 255 226 39 11 125 186 245 255 249 244 255 251 213 11 0 1 0 0 0 0 0 8 0 0 0 0 78 216 241 255 221 240 255 243 255 255 163 123 233 255 141 0 22 1 0 0 0 0 0 0 2 3 3 0 2 32 138 224 255 255 248 249 172 21 5 186 255 206 59 5 1 0 0 0 0 0 4 0 0 0 3 6 0 0 5 34 120 161 105 30 0 1 0 220 255 202 0 9 0 0 0 0 0 0 5 0 3 1 0 0 11 14 0 0 4 0 2 11 0 4 12 205 245 169 0 0 0 8 0 0 0 0 0 0 2 8 0 0 0 0 7 10 1 0 1 4 0 8 0 230 247 55 17 7 0 2 0 0 0 0 8 0 0 0 5 8 7 7 0 0 0 5 9 0 0 0 35 214 248 54 14 0 0 0 0 0 0 0 0 5 5 2 3 0 0 0 10 4 0 5 0 0 13 0 76 242 255 74 0 0 8 0 0 0 0 0 0 0 0 0 0 0 0 0 0 0 0 0 0 0 0 0 15 193 255 63 0 4 1 0 0 0 0 0 0 0 0 0 0 0 0 0 0 0 0 0 0 0 0 0 0 158 243 72 0 0 6 10 0 0 0 0 0 0 0 0 0 0 0 0 0 0 0 0 0 0 0 0 2 0 13 0 11 1 0 0 0 0 0 0 0 0 0 0 0 0 0 0 0 0 0 0 0 0 0 0 2 0 15 0 0 0 9 15 0 0 0 0
0 0 0 0 0 0 0 0 0 3 6 0 0 0 2 5 1 0 0 0 0 4 6 0 0 0 0 0 0 0 0 0 0 0 0 0 0 1 1 0 3 5 0 0 0 1 9 9 0 0 3 0 0 0 0 0 0 0 0 0 0 0 0 0 9 4 0 0 0 4 9 8 1 0 0 0 0 2 4 0 0 0 0 0 0 0 0 0 0 0 0 0 0 0 4 3 0 0 0 0 14 0 0 3 0 0 2 0 0 0 0 0 0 0 0 0 0 0 0 0 0 0 2 4 5 4 6 8 0 0 2 6 0 0 2 5 0 0 0 0 0 0 0 0 0 0 0 0 10 0 0 0 0 0 0 0 5 0 1 3 0 3 0 0 0 0 0 0 0 0 0 0 0 0 0 0 0 0 3 7 5 1 5 13 0 3 4 0 0 5 17 9 0 0 0 0 0 0 0 0 0 0 0 0 2 2 1 1 18 74 165 240 248 255 233 136 28 0 0 4 0 0 0 0 0 0 0 0 0 0 0 0 3 6 9 159 255 255 241 255 255 247 247 255 131 1 5 1 0 0 0 0 0 0 0 0 0 0 0 0 0 0 205 248 251 255 250 250 242 247 255 254 200 16 0 0 0 0 0 0 0 0 0 0 0 0 0 0 4 87 255 255 240 170 137 115 145 255 221 255 245 38 18 3 0 0 0 0 0 0 0 0 0 0 0 0 0 189 255 213 98 0 16 4 83 255 255 249 192 0 0 0 0 0 0 0 0 0 0 0 0 0 0 0 20 247 242 51 17 2 1 68 246 252 232 34 58 0 0 7 0 0 0 0 0 0 0 0 0 0 0 0 130 238 255 63 23 80 195 255 255 241 191 5 0 0 0 8 0 0 0 0 0 0 0 0 0 0 0 0 135 245 255 232 255 247 255 254 255 252 68 16 0 7 5 0 0 0 0 0 0 0 0 0 0 0 0 0 143 255 255 254 251 255 249 250 240 197 15 0 0 8 0 4 0 0 0 0 0 0 0 0 0 0 0 0 15 160 255 251 247 255 245 255 255 167 5 0 0 0 5 0 0 0 0 0 0 0 0 0 0 0 0 0 1 0 31 75 74 10 13 231 255 129 0 0 7 0 0 0 0 0 0 0 0 0 0 0 0 0 0 0 12 0 9 2 8 0 4 255 253 79 0 0 10 0 0 1 0 0 0 0 0 0 0 0 0 0 0 0 0 0 6 0 1 3 47 255 237 35 1 0 5 0 0 4 0 0 0 0 0 0 0 0 0 0 0 0 5 0 0 9 0 0 113 253 199 1 7 0 0 0 3 0 0 0 0 0 0 0 0 0 0 0 0 0 3 7 2 0 0 0 182 238 168 0 6 0 1 5 3 0 0 0 0 0 0 0 0 0 0 0 0 0 2 0 0 0 8 0 203 255 180 0 0 3 1 3 1 0 0 0 0 0 0 0 0 0 0 0 0 0 0 5 16 0 5 5 222 255 211 16 0 3 0 0 0 6 0 0 0 0 0 0 0 0 0 0 0 0 0 0 10 10 0 47 253 255 226 4 0 0 2 0 3 3 0 0 0 0 0 0 0 0 0 0 0 0 0 5 0 0 0 104 255 243 178 10 7 2 9 0 0 0 0 0 0 0 0 0 0 0 0 0 0 0 0 14 0 3 21 160 248 239 83 0 2 1 10 0 4 0 0 0 0 0 0 0 0 0 0 0 0 0 0 0 0 8 0 17 0 0 9 0 0 0 8 0 9 2 0 0 0 0
0 0 0 0 0 0 0 0 3 0 0 1 6 4 0 0 0 0 0 0 0 1 4 5 0 0 0 0 0 0 0 0 0 0 0 0 5 9 8 0 0 0 5 6 2 2 5 8 9 6 0 0 0 0 0 0 0 0 0 0 0 0 0 0 0 3 7 0 0 0 0 0 6 0 0 0 0 0 0 0 0 0 0 0 0 0 0 0 0 0 0 0 0 0 0 0 6 9 5 0 0 0 3 7 8 7 6 6 0 0 0 0 0 0 0 0 0 0 0 0 16 3 0 0 0 0 0 1 0 1 4 2 0 0 0 0 0 0 0 0 0 0 0 0 0 0 0 0 0 0 1 8 4 0 1 12 0 0 0 0 1 4 7 9 0 0 0 0 0 0 0 0 0 0 0 0 3 6 2 0 0 4 1 0 14 3 0 0 3 6 0 0 0 0 0 0 0 0 0 0 0 0 0 0 0 2 3 26 104 200 243 236 249 181 88 19 0 0 0 0 0 0 0 0 0 18 0 0 9 0 0 6 5 26 152 255 249 255 247 252 250 251 224 36 12 0 0 4 0 0 0 0 0 0 4 1 0 7 0 2 62 243 243 255 255 207 161 114 184 216 252 211 200 41 18 0 0 0 0 0 3 0 12 3 0 11 0 76 255 253 255 191 37 0 15 0 0 46 237 240 244 147 0 0 0 0 0 0 0 5 3 0 9 0 23 203 244 255 105 10 14 0 0 8 0 28 160 252 255 205 0 6 0 0 0 0 0 10 0 0 10 0 94 255 244 145 20 0 0 9 0 0 34 167 248 251 230 158 0 0 0 0 0 0 4 0 0 3 0 1 186 255 255 10 0 15 0 0 3 84 226 232 255 255 255 108 0 10 0 0 0 0 9 0 8 3 0 6 227 245 235 54 0 13 29 79 214 245 255 255 253 246 214 10 24 0 0 0 0 0 3 0 14 0 3 0 214 255 254 253 255 242 255 254 248 255 248 161 255 245 160 17 0 8 0 0 0 0 2 0 0 0 0 19 131 255 247 254 255 255 255 243 252 200 31 51 250 255 109 4 5 0 0 0 0 0 0 0 1 3 0 0 40 115 226 248 248 226 195 107 51 0 11 151 255 226 21 0 0 10 0 0 0 0 0 0 0 5 3 0 0 8 12 26 13 2 14 0 0 5 14 236 237 179 0 17 0 0 0 0 0 0 0 0 0 0 7 3 0 0 0 0 0 2 8 1 0 0 39 255 255 146 0 5 0 8 0 0 0 0 1 6 0 0 0 4 2 5 18 3 4 0 0 6 13 0 145 255 242 65 0 0 10 6 0 0 0 0 0 5 3 0 0 0 0 0 0 0 1 7 0 5 0 0 251 254 187 0 2 0 22 0 0 0 0 0 0 3 1 0 4 3 0 0 1 6 1 4 0 3 0 62 255 245 119 3 0 0 7 0 0 0 0 0 4 5 0 0 2 4 0 1 0 13 0 0 11 3 1 134 255 221 12 0 0 4 0 8 0 0 0 0 0 0 0 0 0 0 0 0 6 0 5 3 0 17 25 244 250 205 0 0 7 0 5 0 0 0 0 0 0 0 0 0 0 0 0 0 0 2 5 2 11 0 133 255 247 133 0 6 11 0 0 0 0 0 0 0 0 0 0 0 0 0 0 0 6 10 0 0 0 7 199 248 248 94 11 5 0 0 0 13 0 0 0 0 0 0 0 0 0 0 0 0 0 0 7 20 0 0 14 0 14 0 0 8 10 8 1 0 0 0 0 0
0 0 0 0 0 0 0 0 2 0 5 2 11 0 2 3 2 1 1 0 8 13 0 0 0 0 0 0 0 0 0 0 0 0 0 0 1 0 0 0 1 6 0 0 0 4 0 3 0 0 13 10 0 0 0 0 0 0 0 0 0 0 0 0 3 0 11 0 0 9 0 4 3 2 0 2 15 11 1 0 0 0 0 0 0 0 0 0 0 0 0 0 0 0 0 0 0 0 0 0 0 4 4 0 1 6 0 15 0 0 0 0 0 0 0 0 0 0 0 0 7 0 0 0 21 0 14 0 0 5 5 1 9 7 0 11 0 0 0 0 0 0 0 0 0 0 0 0 1 3 7 2 8 0 2 0 0 0 0 18 0 0 17 0 0 0 0 0 0 0 0 0 0 0 0 0 0 0 10 0 0 23 0 0 1 0 0 0 5 10 0 6 0 0 0 0 0 0 0 0 0 0 0 0 14 0 2 2 11 133 32 26 35 0 2 4 176 217 0 0 0 0 0 0 0 0 0 7 2 0 0 0 1 8 132 168 205 255 245 255 255 64 103 13 227 228 6 0 0 0 0 0 4 4 0 0 0 1 3 4 2 147 250 254 255 241 254 246 255 238 255 126 221 218 0 7 0 0 0 0 0 10 4 0 3 0 0 0 46 255 255 239 153 143 140 180 251 255 237 170 136 128 0 4 0 0 0 0 0 8 2 1 12 0 0 23 228 251 153 14 17 0 0 10 44 243 255 179 0 0 10 0 0 0 0 0 1 3 0 0 7 0 13 74 255 243 89 0 0 11 2 7 64 243 255 141 0 0 14 6 0 0 0 0 3 0 0 0 3 0 5 57 220 255 199 90 99 85 210 216 247 67 45 15 7 14 0 0 0 0 0 0 0 0 0 6 2 0 0 6 90 240 251 255 248 243 255 247 255 0 5 0 0 3 5 7 0 0 0 0 3 0 0 0 0 2 5 0 0 139 221 231 255 255 229 255 248 14 0 0 13 0 4 0 0 0 0 0 0 0 0 0 0 0 0 0 4 0 0 27 90 128 120 255 249 0 1 0 1 38 0 7 0 0 0 0 0 0 0 0 0 0 0 0 0 9 4 0 8 0 96 239 255 0 9 15 171 185 3 0 0 0 0 0 0 0 0 0 0 0 0 0 8 9 0 0 4 7 160 255 247 0 0 0 239 233 0 3 0 0 0 0 0 0 0 0 0 0 0 0 5 0 5 2 0 4 165 249 200 9 0 0 222 197 4 0 0 0 0 0 0 0 0 0 0 0 0 0 0 0 2 10 7 23 231 252 50 1 14 14 55 10 0 6 0 0 0 0 0 0 0 0 0 0 0 0 7 13 0 0 7 17 250 177 23 0 0 5 0 0 25 0 0 0 0 0 0 0 0 0 0 0 0 0 0 4 12 0 2 115 255 170 0 0 2 17 8 0 10 0 0 0 0 0 0 0 0 0 0 0 0 0 12 0 0 0 7 255 242 104 0 0 13 0 1 4 0 11 0 0 0 0 0 0 0 0 0 0 0 0 0 11 0 0 89 250 226 8 0 0 0 0 0 0 0 0 0 0 0 0 0 0 0 0 0 0 0 0 0 0 1 3 151 247 104 16 0 0 0 0 0 0 0 0 0 0 0 0 0 0 0 0 0 0 0 0 4 7 0 16 222 230 0 0 0 0 0 0 0 0 0 0 0 0 0 0 0 0 0 0 0 0 0 0 0 0 0 0 1 1 0 20 0 0 0 0 0 0 0 0 0 0 0 0
0 0 0 0 0 0 0 0 2 2 2 0 0 0 2 5 5 2 2 3 0 0 0 4 0 0 0 0 0 0 0 0 0 0 0 0 2 1 1 1 2 0 0 0 0 0 0 3 10 8 1 0 0 0 0 0 0 0 0 0 0 0 0 0 0 0 0 0 1 3 1 0 10 9 5 0 0 0 4 7 0 0 0 0 0 0 0 0 0 0 0 0 7 5 2 0 0 0 1 2 0 0 0 0 1 4 3 0 0 0 0 0 0 0 0 0 0 0 0 0 0 0 0 0 0 0 1 4 10 4 0 0 4 10 5 0 0 0 0 0 0 0 0 0 0 0 0 0 2 7 11 11 6 0 0 0 0 0 0 0 0 0 0 9 0 0 0 0 0 0 0 0 0 0 0 0 0 0 0 0 0 3 6 6 7 0 0 8 5 0 0 1 0 0 0 0 0 0 0 0 0 0 0 0 4 0 3 34 86 140 178 195 206 117 27 0 4 6 1 0 0 0 0 0 0 0 0 0 9 0 0 7 3 21 90 251 255 255 251 253 248 255 252 92 0 7 0 1 0 0 0 0 2 0 6 3 0 0 0 0 13 182 255 251 241 255 255 254 253 255 252 182 23 0 9 7 0 0 0 0 5 0 7 9 0 6 5 0 195 255 253 255 255 223 255 247 244 255 236 243 77 0 9 0 0 0 0 0 6 0 0 4 0 7 0 33 218 249 251 147 48 34 31 53 101 255 255 255 109 7 0 5 0 0 0 0 1 5 0 0 0 0 0 117 255 218 33 4 17 4 0 0 107 251 255 216 61 2 0 17 0 0 0 0 0 11 1 0 1 0 15 208 255 135 1 0 0 4 6 111 243 255 246 140 5 1 0 0 0 0 0 0 0 3 0 4 1 11 18 199 228 255 252 208 129 176 255 255 244 250 255 97 0 1 4 0 0 0 0 0 13 0 0 3 0 8 0 117 253 255 248 249 255 254 252 252 255 255 219 3 0 5 2 0 0 0 0 0 0 0 0 0 0 0 0 0 107 240 255 255 249 252 255 214 249 255 99 1 14 0 0 8 0 0 0 0 0 0 0 0 0 0 0 0 1 91 173 176 174 158 49 203 255 190 28 0 0 4 0 1 0 0 0 0 0 0 0 0 0 0 0 0 3 11 6 4 0 0 34 223 245 88 0 0 0 2 1 0 0 0 0 0 0 0 0 0 0 0 0 0 0 0 0 2 1 2 199 255 162 12 0 0 14 0 6 0 0 0 0 0 0 0 0 0 0 0 0 0 7 2 13 0 5 56 247 251 65 0 16 0 14 0 0 3 0 0 0 0 0 0 0 0 0 0 0 0 0 0 13 0 3 133 241 101 9 2 5 0 0 11 0 5 0 0 0 0 0 0 0 0 0 0 0 0 7 0 0 1 89 229 255 37 0 5 0 3 0 12 0 3 0 0 0 0 0 0 0 0 0 0 0 0 0 0 10 0 204 244 167 10 1 0 1 5 0 0 2 1 0 0 0 0 0 0 0 0 0 0 0 0 0 12 0 160 255 201 11 7 0 0 0 0 0 0 0 0 0 0 0 0 0 0 0 0 0 0 0 0 0 0 2 255 254 86 0 0 0 0 0 0 0 0 0 0 0 0 0 0 0 0 0 0 0 0 0 0 5 4 27 233 164 19 15 0 0 0 0 0 0 0 0 0 0 0 0 0 0 0 0 0 0 0 0 0 0 10 0 13 0 0 0 8 0 0 0 0 0 0 0 0 0 0 0 0
0 0 0 0 0 0 0 0 3 3 0 0 0 0 0 0 0 9 0 0 2 0 2 0 0 0 0 0 0 0 0 0 0 0 0 0 0 0 2 4 4 4 3 1 3 0 3 4 0 0 0 10 0 0 0 0 0 0 0 0 0 0 0 0 1 1 1 1 0 0 0 0 7 0 4 2 0 0 0 2 0 0 0 0 0 0 0 0 0 0 0 0 8 2 0 0 0 0 0 3 2 0 4 4 0 10 10 0 0 0 0 0 0 0 0 0 0 0 0 0 0 0 0 3 6 3 3 6 0 8 0 4 0 0 7 0 0 0 0 0 0 0 0 0 0 0 0 0 0 0 3 5 0 0 0 4 0 8 0 4 11 0 0 2 0 0 0 0 0 0 0 0 0 0 0 0 2 4 5 0 0 4 54 104 250 195 103 0 2 36 0 9 0 0 0 0 0 0 0 0 0 0 0 0 1 2 0 0 2 60 171 255 254 249 240 149 206 255 84 0 0 0 0 0 0 4 3 0 1 1 0 0 1 0 0 27 124 232 255 252 252 251 248 252 249 243 125 9 0 0 0 0 7 0 0 0 0 1 3 6 0 24 13 195 252 240 245 88 0 121 236 255 255 255 80 0 0 0 0 0 4 0 0 9 2 0 0 0 0 0 120 255 255 216 93 7 9 0 166 242 248 124 0 13 0 0 0 0 0 0 9 13 0 0 0 0 3 86 251 255 253 62 10 0 1 0 209 255 255 45 8 0 0 0 0 0 2 2 2 0 0 1 8 5 42 234 249 238 102 10 0 13 0 135 253 254 173 0 0 6 0 0 0 0 2 4 0 0 5 3 0 0 163 236 254 76 0 0 0 0 12 231 255 250 45 12 19 0 0 0 0 0 0 5 0 0 14 0 0 30 243 255 174 31 0 0 0 14 224 255 245 222 3 0 0 5 0 0 0 0 0 9 0 0 6 0 19 126 254 247 76 0 0 7 13 168 252 252 255 87 0 12 0 1 0 0 0 0 5 0 1 10 0 0 0 230 255 180 13 4 2 0 87 255 255 243 230 8 7 7 0 0 0 0 0 0 0 1 0 2 0 10 22 195 246 255 47 15 72 193 246 247 255 244 158 0 0 0 3 7 0 0 0 0 0 8 0 1 0 0 0 59 255 242 255 253 249 252 254 255 255 231 85 2 3 0 0 0 0 0 0 0 0 7 0 12 2 4 0 0 103 235 243 255 247 250 255 237 249 146 7 0 5 0 1 0 0 0 0 0 5 4 0 6 0 5 12 6 0 5 25 7 12 29 255 255 252 75 0 0 0 0 5 4 0 0 0 0 6 0 0 4 0 0 0 0 0 10 0 0 12 132 239 253 191 24 0 5 5 0 1 0 0 0 0 0 0 0 6 8 7 10 7 3 0 9 3 9 0 116 255 251 50 0 0 0 0 5 0 0 0 0 0 0 5 2 11 0 0 2 0 0 6 0 0 0 1 237 252 253 7 11 13 0 0 2 0 4 0 0 0 0 0 0 0 0 0 0 0 0 2 10 0 11 58 247 249 233 0 0 0 0 0 0 0 0 0 0 0 0 0 0 0 0 0 0 0 0 0 0 4 0 12 245 235 51 0 0 0 0 0 0 0 0 0 0 0 0 0 0 0 0 0 0 0 0 0 7 3 2 3 5 0 11 0 0 0 0 0 0 0 0 0 0 0 0 0 0 0 0 0 0 0 0 1 4 2 0 2 16 0 9 0 0 0 0 0 0 0 0 0 0 0 0
0 0 0 0 0 0 0 0 2 0 5 7 1 3 5 0 0 0 0 0 0 0 0 0 0 0 0 0 0 0 0 0 0 0 0 0 0 0 3 0 0 3 9 0 0 0 0 0 0 0 0 0 0 0 0 0 0 0 0 0 0 0 0 0 5 0 4 15 8 0 0 0 0 0 0 0 0 0 0 0 0 0 0 0 0 0 0 0 0 0 0 0 6 0 0 0 0 0 0 2 0 0 0 0 0 0 0 0 0 0 0 0 0 0 0 0 0 0 0 0 0 0 6 0 0 10 14 0 0 0 0 0 0 0 0 0 0 0 0 0 0 0 0 0 0 0 0 0 12 0 0 0 0 0 1 2 0 0 0 0 0 0 0 0 0 0 0 0 0 0 0 0 0 0 0 0 0 0 6 11 6 5 4 0 0 0 0 0 0 0 0 0 0 0 0 0 0 0 0 0 0 0 0 0 17 136 234 247 251 255 183 60 0 0 0 0 0 0 0 0 0 0 0 0 0 0 12 0 0 8 0 30 246 246 199 170 95 163 255 220 52 0 3 0 11 1 0 7 0 0 0 0 0 2 0 0 15 2 3 200 255 66 18 0 9 0 87 255 180 14 0 0 0 0 7 0 0 0 0 0 6 0 0 0 0 0 103 254 161 13 3 0 0 14 30 219 200 53 34 7 8 5 7 0 0 0 0 0 0 0 8 0 0 6 202 248 0 0 0 0 7 0 50 255 255 248 158 0 0 0 0 17 0 0 0 0 1 9 0 0 23 0 110 255 40 0 19 0 0 10 133 160 103 248 179 5 7 13 0 0 0 0 0 0 3 4 0 1 0 0 3 252 223 31 2 7 0 0 61 56 118 245 134 9 0 3 0 0 0 0 0 0 0 0 11 13 0 18 22 160 251 248 126 4 9 24 36 109 206 249 51 0 0 0 6 5 0 0 0 0 5 1 0 0 5 0 9 0 81 165 189 144 205 197 255 248 255 255 0 0 15 3 0 0 0 0 0 0 0 0 0 0 0 0 0 0 11 0 0 37 127 176 133 89 236 197 0 4 6 0 0 4 0 0 0 0 0 0 0 0 0 0 0 0 0 0 12 9 0 0 0 39 240 164 0 10 0 0 1 0 0 0 0 0 0 0 0 0 0 0 0 0 10 0 0 0 0 0 4 42 255 165 0 0 8 0 1 7 0 0 0 0 0 0 0 0 0 0 0 0 0 0 0 0 0 11 3 13 225 211 0 0 7 1 0 9 0 0 0 0 0 0 0 0 0 0 0 0 3 9 17 3 0 2 0 7 201 235 11 0 2 8 0 0 0 0 0 0 0 0 0 0 0 0 0 0 7 0 0 0 1 0 0 37 246 179 0 6 3 1 12 0 0 0 0 0 0 0 0 0 0 0 0 0 7 0 8 7 0 0 8 65 255 168 23 1 0 0 0 1 0 0 0 0 0 0 0 0 0 0 0 0 0 0 0 0 0 4 2 24 235 255 199 28 2 5 2 2 0 0 0 0 0 0 0 0 0 0 0 0 0 0 0 0 0 0 0 0 160 250 248 64 0 6 6 0 0 0 0 0 0 0 0 0 0 0 0 0 0 0 0 0 0 0 0 0 104 251 197 20 2 0 0 13 0 0 0 0 0 0 0 0 0 0 0 0 0 0 0 0 0 0 0 0 68 234 154 0 4 7 0 0 0 0 0 0 0 0 0 0 0 0 0 0 0 0 0 0 0 0 0 0 0 20 0 0 7 0 0 13 0 0 0 0
0 0 0 0 0 0 0 0 0 5 0 0 4 2 0 5 5 0 3 6 0 1 10 0 0 0 0 0 0 0 0 0 0 0 0 0 7 0 3 10 0 0 0 10 1 6 0 0 2 0 0 3 0 0 0 0 0 0 0 0 0 0 0 0 0 4 2 0 6 19 5 0 0 3 1 0 0 4 4 0 0 0 0 0 0 0 0 0 0 0 0 0 8 0 0 7 0 0 5 12 5 0 7 19 3 0 4 0 0 0 0 0 0 0 0 0 0 0 0 0 6 0 8 14 0 0 14 0 0 0 0 0 0 0 0 12 0 0 0 0 0 0 0 0 0 0 0 0 0 15 0 0 13 4 1 49 208 240 137 6 0 11 0 0 0 0 0 0 0 0 0 0 0 0 0 0 2 12 0 0 11 0 68 247 247 252 161 33 0 13 8 0 0 0 0 0 0 0 0 0 0 0 0 0 8 0 7 7 5 126 253 255 114 28 42 75 16 0 7 1 0 0 0 0 0 0 0 0 0 0 0 0 0 11 0 0 166 233 222 85 3 0 4 0 4 0 9 0 0 0 0 0 0 0 0 0 0 0 0 0 5 0 2 124 238 252 50 0 0 5 6 0 1 9 0 7 0 0 0 0 0 0 0 0 0 0 0 0 0 13 5 210 240 115 8 0 0 0 1 0 0 0 1 3 0 0 0 0 0 0 0 0 0 0 0 0 0 3 23 252 161 0 16 8 8 9 12 93 4 0 19 0 0 0 0 0 0 0 0 0 0 0 0 0 0 0 36 212 254 216 106 229 227 210 161 198 8 3 0 4 0 0 0 0 0 0 0 0 0 0 0 0 0 14 0 145 240 253 255 192 238 255 232 75 0 9 0 25 0 0 0 0 0 0 0 0 0 0 0 0 4 0 25 0 55 75 31 0 199 242 202 0 0 10 0 0 0 0 0 0 0 0 0 0 0 0 0 0 3 0 5 0 0 10 0 130 252 230 69 7 0 0 16 0 0 0 0 0 0 0 0 0 0 0 0 0 0 8 0 4 5 12 0 255 255 113 4 0 2 1 3 0 0 0 0 0 0 0 0 0 0 0 0 0 0 14 0 0 2 14 172 255 169 55 0 0 1 0 4 0 0 0 0 0 0 0 0 0 0 0 0 0 18 0 20 5 0 143 255 235 57 0 0 2 2 0 2 0 0 0 0 0 0 0 0 0 0 0 0 0 0 0 2 0 62 236 252 97 4 0 0 10 3 0 0 0 0 0 0 0 0 0 0 0 0 0 0 0 0 7 12 0 185 255 163 0 0 0 5 7 0 0 0 0 0 0 0 0 0 0 0 0 0 0 0 0 8 0 0 86 255 235 32 0 0 2 1 0 0 0 0 4 0 0 0 0 0 0 0 0 0 0 0 0 0 9 0 206 255 185 0 2 0 1 0 0 1 1 0 2 0 0 0 0 0 0 0 0 0 0 0 0 5 2 144 244 246 252 23 4 0 3 0 1 9 4 0 0 0 0 0 0 0 0 0 0 0 0 0 0 0 8 255 237 250 111 0 3 0 0 0 0 0 0 0 0 0 0 0 0 0 0 0 0 0 0 0 0 8 0 4 0 9 0 0 7 0 0 0 0 0 0 0 0 0 0 0 0 0 0 0 0 0 0 0 0 0 15 0 7 0 1 13 0 0 0 0 0 0 0 0 0 0 0 0 0 0 0 0 0 0 0 0 0 0 2 12 0 0 0 1 0 0 0 0 0 0 0 0 0 0 0 0 0
0 0 0 0 0 0 0 0 3 0 0 0 1 4 1 0 7 0 0 4 9 2 0 0 0 0 0 0 0 0 0 0 0 0 0 0 0 3 7 7 3 0 0 1 0 0 0 0 0 0 3 12 0 0 0 0 0 0 0 0 0 0 0 0 0 0 0 0 0 0 0 5 3 8 10 4 0 0 0 0 0 0 0 0 0 0 0 0 0 0 0 0 9 5 1 0 2 2 0 0 0 0 0 0 1 6 2 0 0 0 0 0 0 0 0 0 0 0 0 0 0 0 0 0 4 5 3 0 4 4 1 0 0 4 6 4 0 0 0 0 0 0 0 0 0 0 0 0 5 6 3 0 0 0 0 8 0 0 7 9 3 0 0 3 0 0 0 0 0 0 0 0 0 0 0 0 0 0 0 5 10 10 3 0 7 0 0 0 2 0 0 3 0 0 0 0 0 0 0 0 0 0 0 0 0 13 59 127 186 201 171 137 125 64 9 0 4 1 0 3 0 0 0 0 0 0 0 2 0 3 0 9 69 181 255 255 243 254 255 253 255 251 184 0 0 0 5 0 0 0 0 0 6 10 0 0 0 5 0 74 247 255 255 241 255 246 196 190 243 255 255 206 195 255 71 2 0 0 0 0 0 0 0 7 0 4 16 234 250 255 181 0 7 0 11 0 12 0 63 255 239 245 13 0 0 0 0 0 9 8 0 9 0 0 0 255 255 248 0 12 0 0 4 0 4 50 204 255 255 14 0 2 0 0 0 0 0 0 0 0 0 19 0 254 250 116 12 7 0 2 0 89 192 255 248 241 197 0 0 11 0 0 0 0 12 5 5 6 0 0 0 255 253 188 2 4 0 88 178 234 250 255 244 255 132 22 0 0 0 0 0 0 0 0 0 10 5 0 14 246 255 255 245 244 255 233 197 152 7 186 255 255 0 1 0 0 0 0 0 0 0 3 13 0 0 9 0 78 183 247 255 255 250 205 47 1 63 253 255 117 7 0 14 0 0 0 0 0 0 0 0 0 0 0 0 0 12 58 121 120 73 0 0 0 255 244 255 0 0 4 0 0 0 0 0 0 0 0 0 0 0 0 0 0 0 1 16 2 1 0 4 11 255 255 220 4 0 6 0 7 0 0 0 0 0 0 0 0 0 0 0 0 7 0 0 0 0 0 11 106 254 255 136 2 0 0 0 0 0 0 0 0 0 0 0 0 0 0 0 0 4 0 5 15 0 0 16 192 255 231 70 14 5 4 7 4 0 0 0 0 0 0 0 0 0 0 0 0 0 0 0 0 0 14 69 249 239 143 0 0 0 0 1 0 0 0 0 0 0 0 0 0 0 0 0 0 9 8 5 3 5 15 92 255 254 143 0 1 10 8 9 3 0 0 0 0 0 0 0 0 0 0 0 0 0 0 0 5 4 0 77 254 255 193 1 0 2 0 0 0 0 0 0 0 0 0 0 0 0 0 0 0 0 7 1 0 5 8 125 255 255 249 11 0 4 5 0 7 0 0 0 0 0 0 0 0 0 0 0 0 8 0 5 0 3 0 253 255 255 116 16 0 9 15 0 4 0 0 0 0 0 0 0 0 0 0 0 0 0 0 9 2 0 8 237 255 233 14 0 19 0 0 7 1 0 0 0 0 0 0 0 0 0 0 0 0 8 3 0 0 0 22 196 250 87 0 0 13 0 0 0 0 0 0 0 0 0 0 0 0 0 0 0 0 0 0 10 16 2 0 0 0 0 13 16 0 3 12 0 0 0 0 0 0
0 0 0 0 0 0 0 0 0 3 5 1 0 0 1 3 0 0 1 0 0 0 1 1 0 0 0 0 0 0 0 0 0 0 0 0 4 2 0 1 6 6 0 0 4 1 1 5 4 0 0 0 0 0 0 0 0 0 0 0 0 0 0 0 3 2 1 0 0 0 0 2 4 0 0 1 4 0 0 1 0 0 0 0 0 0 0 0 0 0 0 0 0 0 0 0 1 1 3 6 2 0 0 0 0 0 2 4 0 0 0 0 0 0 0 0 0 0 0 0 13 3 0 5 11 6 0 0 0 7 7 0 0 2 2 0 0 0 0 0 0 0 0 0 0 0 0 0 0 0 0 0 0 0 2 17 0 0 2 0 1 5 1 0 0 0 0 0 0 0 0 0 0 0 0 0 2 0 3 10 7 0 0 0 18 0 0 0 5 1 0 0 0 0 0 0 0 0 0 0 0 0 0 0 0 4 54 153 244 255 250 218 73 23 0 0 7 0 0 7 0 0 0 0 1 0 2 5 0 13 6 0 8 127 233 255 245 255 247 255 221 0 0 5 2 0 11 0 0 0 0 0 0 0 1 8 0 3 0 8 71 255 235 255 144 78 26 200 255 167 18 8 0 0 10 1 0 0 0 0 0 1 0 8 0 0 0 66 242 255 240 34 11 0 9 66 243 255 80 11 2 7 0 0 0 0 0 0 0 2 0 4 3 0 20 161 241 226 12 3 7 19 0 1 239 255 155 0 0 9 0 13 0 0 0 0 0 3 0 0 2 2 52 249 245 136 0 9 0 0 18 76 255 240 228 30 0 1 0 7 0 0 0 0 0 1 0 0 0 6 61 255 254 23 0 3 13 0 33 255 255 255 255 100 7 0 7 0 0 0 0 0 0 0 2 0 0 2 37 234 244 60 0 0 9 88 252 255 231 255 245 86 0 0 14 6 0 0 0 0 0 0 5 0 0 0 9 183 255 220 107 116 166 248 236 144 170 249 255 66 15 6 0 0 0 0 0 0 0 0 0 7 0 0 21 86 242 254 252 255 255 216 129 0 131 255 230 0 2 4 0 0 0 0 0 0 4 3 0 0 2 0 0 16 73 135 167 136 49 0 13 5 139 251 226 0 2 0 0 6 0 0 0 0 0 6 1 0 7 9 0 0 5 6 3 9 2 0 7 0 131 255 249 1 0 4 2 3 0 0 0 0 0 5 4 0 3 8 5 4 0 0 0 3 0 0 7 4 172 252 221 0 4 4 0 2 0 0 0 0 0 5 1 0 0 0 0 7 10 8 1 0 0 6 0 0 243 243 152 0 9 0 0 5 0 0 0 0 7 1 0 0 8 0 0 0 0 3 14 0 0 0 0 14 239 255 137 0 1 2 1 0 0 0 0 0 1 1 0 0 10 5 0 3 0 0 2 0 2 1 0 19 226 255 113 6 0 4 10 0 0 0 0 0 0 6 4 0 0 0 0 6 4 0 3 0 0 0 12 81 255 235 30 0 7 0 0 6 0 0 0 0 0 0 0 0 0 0 0 0 0 0 9 4 5 0 0 190 255 169 8 0 0 5 7 0 0 0 0 0 0 0 0 0 0 0 0 0 6 1 0 0 0 0 11 170 254 141 0 7 4 2 0 0 0 0 0 0 0 0 0 0 0 0 0 0 2 2 0 0 5 0 2 81 244 139 0 3 0 0 0 14 0 0 0 0 0 0 0 0 0 0 0 0 0 1 0 9 9 0 0 1 0 3 0 8 7 12 1 0 0 0 0 0
0 0 0 0 0 0 0 0 0 0 0 0 0 1 1 0 0 0 4 0 0 0 0 1 0 0 0 0 0 0 0 0 0 0 0 0 0 4 9 10 5 0 0 0 19 0 0 0 6 3 1 4 0 0 0 0 0 0 0 0 0 0 0 0 0 0 0 0 0 0 2 6 0 0 5 0 0 6 6 0 0 0 0 0 0 0 0 0 0 0 0 0 0 8 18 16 3 0 0 1 23 6 0 0 3 0 0 0 0 0 0 0 0 0 0 0 0 0 0 0 7 0 0 0 5 11 5 0 0 0 8 6 0 0 1 0 0 0 0 0 0 0 0 0 0 0 0 0 0 4 7 3 0 0 0 2 14 4 0 0 0 0 0 1 0 0 0 0 0 0 0 0 0 0 0 0 0 2 8 0 2 60 164 248 245 100 0 0 15 0 0 11 0 0 0 0 0 0 0 0 0 0 0 0 14 0 0 53 153 232 255 249 255 206 101 3 0 8 14 0 0 0 0 0 0 12 3 0 0 18 0 13 0 0 109 251 249 255 251 252 255 247 163 52 125 49 3 0 0 0 0 0 9 0 0 5 11 0 2 0 1 131 242 255 237 179 112 30 32 226 255 237 248 137 9 0 0 0 0 0 0 0 0 3 2 0 6 15 97 249 255 235 103 3 4 11 0 220 255 252 248 121 0 0 0 0 0 0 0 4 3 0 0 13 0 119 253 255 205 9 2 0 0 7 144 253 255 245 251 74 8 10 0 0 0 0 5 0 0 7 0 6 30 220 238 251 92 2 0 9 19 40 219 241 255 255 211 10 0 0 0 0 0 0 5 0 0 0 0 17 171 255 255 82 0 1 3 0 181 250 255 251 251 255 127 0 1 10 0 0 0 0 0 3 9 0 0 25 218 251 255 0 8 82 84 229 242 255 251 251 242 255 72 6 0 0 0 0 0 0 3 0 1 0 0 0 136 247 250 169 172 243 252 255 252 243 249 255 255 250 62 6 0 5 0 0 0 0 4 0 0 3 0 14 125 248 250 255 246 254 174 146 15 85 255 241 255 220 57 0 4 10 0 0 0 0 0 0 0 6 0 0 30 75 171 214 209 148 22 0 0 80 234 255 236 229 46 8 0 0 0 0 0 0 0 0 0 0 0 0 0 0 0 1 2 0 0 7 7 0 125 237 255 199 29 4 0 3 0 0 0 0 0 1 0 0 0 4 7 4 0 4 15 0 1 0 0 28 243 251 246 19 0 4 15 0 0 0 0 0 0 0 2 4 0 0 0 0 8 0 0 0 1 0 1 136 243 255 240 16 7 0 3 0 0 0 0 0 4 0 0 4 6 0 0 0 0 0 9 8 13 0 0 184 250 246 107 0 2 1 11 4 0 0 0 0 3 0 0 0 3 4 6 9 7 0 0 0 1 0 23 198 255 244 114 0 0 9 0 0 0 0 0 0 0 4 8 2 0 0 0 0 0 3 2 0 0 0 96 252 248 249 254 3 1 8 0 14 0 0 0 0 0 0 0 0 0 0 0 0 1 9 0 0 4 0 76 233 245 255 200 4 0 0 10 0 0 0 0 0 0 0 0 0 0 0 0 0 0 4 0 1 11 0 9 79 160 111 34 0 19 10 0 1 0 0 0 0 0 0 0 0 0 0 0 0 0 6 0 0 4 0 0 0 1 9 0 11 5 4 0 3 0 0 0 0 0 0 0 0 0 0 0 0 1 5 4 0 0 6 12 3 0 6 0 2 0 8 2 0 0 0 0 0
0 0 0 0 0 0 0 0 0 0 0 0 14 0 0 10 0 0 0 0 0 0 0 0 0 0 0 0 0 0 0 0 0 0 0 0 7 9 15 0 0 0 3 0 4 4 2 1 0 0 0 0 0 0 0 0 0 0 0 0 0 0 0 0 0 0 0 13 0 0 2 0 1 0 0 0 0 0 0 1 0 0 0 0 0 0 0 0 0 0 0 0 6 19 0 0 0 2 4 1 0 0 0 0 0 0 0 0 0 0 0 0 0 0 0 0 0 0 0 0 0 0 0 12 5 0 1 0 2 2 3 3 2 0 0 0 0 0 0 0 0 0 0 0 0 0 0 0 1 29 2 0 9 0 11 0 0 0 0 0 1 1 0 0 0 0 0 0 0 0 0 0 0 0 0 0 9 0 12 0 8 142 248 37 3 2 0 0 0 0 2 3 0 0 0 0 0 0 0 0 0 0 0 0 0 7 0 39 230 240 185 41 35 28 18 8 1 0 0 0 0 0 0 0 0 0 0 0 0 0 0 0 2 0 7 170 255 251 244 255 247 255 197 22 6 0 0 5 0 0 0 0 0 0 0 0 0 0 0 0 0 18 174 255 246 255 248 243 255 250 252 70 7 0 14 0 0 0 0 0 0 0 0 0 0 0 0 0 0 145 250 243 155 43 55 120 250 243 255 58 0 0 14 0 0 0 0 0 0 0 0 0 0 0 0 0 97 235 255 70 0 0 3 102 243 255 213 10 2 2 7 0 0 0 0 0 0 0 0 0 0 0 0 0 74 255 235 9 3 7 31 237 255 248 110 0 10 5 0 0 0 0 0 0 0 0 0 0 0 0 0 0 105 255 255 121 93 173 253 249 255 130 8 0 4 0 0 0 0 0 0 0 0 0 0 0 0 0 0 0 24 122 255 255 247 255 244 255 255 40 0 8 7 1 4 8 0 0 0 0 0 0 0 0 0 0 0 0 1 16 77 192 189 206 255 255 249 13 3 0 0 0 0 4 0 0 0 0 0 0 0 0 0 0 0 0 5 0 2 0 0 61 251 255 213 3 2 0 2 0 0 0 0 0 0 0 0 0 0 0 0 0 0 0 0 0 4 4 6 113 254 250 156 0 2 0 3 0 2 0 0 0 0 0 0 0 0 0 0 0 0 0 14 0 0 0 0 172 255 254 77 0 1 0 4 0 5 2 0 0 0 0 0 0 0 0 0 0 0 0 0 0 5 8 15 230 244 208 17 0 1 0 6 0 8 2 0 0 0 0 0 0 0 0 0 0 0 0 0 0 6 7 42 255 244 172 0 5 1 0 7 0 7 0 0 0 0 0 0 0 0 0 0 0 0 0 8 3 0 0 74 255 255 145 0 7 1 0 6 0 2 0 0 0 0 0 0 0 0 0 0 0 0 0 0 0 1 6 145 255 255 76 0 0 1 0 2 2 0 2 0 0 0 0 0 0 0 0 0 0 0 0 4 0 0 0 174 241 255 41 2 0 0 1 0 3 0 5 0 0 0 0 0 0 0 0 0 0 0 0 0 0 0 13 49 255 252 38 0 0 0 0 0 0 0 0 0 0 0 0 0 0 0 0 0 0 0 0 10 24 0 0 47 240 200 1 0 0 0 0 0 0 0 0 0 0 0 0 0 0 0 0 0 0 0 0 0 0 0 13 0 2 0 2 0 0 0 0 0 0 0 0 0 0 0 0 0 0 0 0 0 0 0 0 15 4 0 13 10 6 0 2 0 0 0 0 0 0 0 0 0 0 0 0
0 0 0 0 0 0 0 0 5 0 0 5 0 0 9 0 0 0 0 11 7 0 9 0 0 0 0 0 0 0 0 0 0 0 0 0 0 14 3 0 9 3 0 9 8 12 0 0 0 0 11 0 0 0 0 0 0 0 0 0 0 0 0 0 1 0 5 7 0 0 0 0 0 7 0 0 1 0 0 0 0 0 0 0 0 0 0 0 0 0 0 0 8 0 0 10 0 3 19 0 0 0 0 6 11 0 0 7 0 0 0 0 0 0 0 0 0 0 0 0 9 12 0 0 5 4 0 0 12 1 0 0 4 3 0 2 0 0 0 0 0 0 0 0 0 0 0 0 0 0 4 1 0 0 4 13 0 0 13 2 0 4 5 0 0 0 0 0 0 0 0 0 0 0 0 0 0 0 87 203 255 255 237 141 26 0 13 14 0 0 3 0 0 0 0 0 0 0 0 0 0 0 0 0 34 154 246 213 114 69 142 250 149 14 0 5 1 5 0 0 0 0 0 0 0 5 5 0 3 23 0 10 186 253 162 8 0 0 0 64 248 104 0 0 0 6 0 4 0 0 0 0 0 10 0 5 14 0 12 183 255 71 0 11 10 4 3 2 191 200 12 0 8 0 2 1 0 0 0 0 5 0 0 16 0 0 137 247 55 0 3 7 0 0 4 0 43 255 62 0 0 1 0 0 0 0 0 0 4 0 0 3 0 84 234 137 0 7 0 0 8 25 0 5 58 232 71 15 0 96 41 0 0 0 0 0 0 10 1 0 6 127 232 19 1 0 11 4 0 0 0 1 61 255 62 0 93 255 79 13 0 0 0 0 0 0 4 0 6 137 249 0 0 0 1 0 0 5 0 3 111 204 0 7 206 227 17 0 0 0 0 0 8 0 4 3 0 96 251 83 14 2 0 0 9 0 5 87 255 102 45 179 255 94 15 0 0 0 0 0 2 6 0 0 4 14 179 203 0 1 7 0 0 0 0 27 52 63 236 247 223 8 0 0 0 0 0 0 0 0 19 1 0 0 49 247 152 63 0 0 9 0 0 3 147 227 255 254 108 11 0 3 0 0 0 0 9 0 6 0 0 0 1 108 255 254 212 142 102 130 193 239 248 168 186 255 67 0 0 1 0 0 0 0 6 0 0 0 3 4 0 3 18 103 179 206 224 235 196 136 47 17 255 148 12 1 0 7 0 0 0 0 0 1 0 0 1 5 6 0 5 8 1 0 3 20 18 1 0 70 255 137 1 5 0 0 0 0 0 0 0 3 0 5 0 0 10 0 4 0 0 5 6 0 0 0 0 91 240 96 0 0 18 0 0 0 0 0 4 0 0 4 0 0 3 0 1 0 0 1 8 7 2 1 2 174 255 28 5 0 0 0 0 0 0 0 0 0 0 0 4 6 0 0 0 4 13 3 0 0 0 5 19 255 141 0 7 0 0 13 0 0 0 0 0 0 7 0 0 6 0 1 6 2 0 0 0 5 3 0 48 247 178 0 0 9 0 0 0 0 0 0 0 0 0 0 0 0 0 0 0 0 0 0 0 0 0 0 37 255 160 0 3 2 0 0 0 0 0 0 0 0 0 0 0 0 0 0 0 0 0 0 0 0 0 0 35 173 104 4 4 0 0 0 0 0 0 0 0 0 0 0 0 0 0 0 0 0 0 0 0 0 0 0 0 20 5 0 0 0 7 6 0 0 0 0 0 0 0 0 0 0 0 0 0 0 0 0 0 0 0 0 1 0 0 2 1 1 0 1 0 0 0 0
0 0 0 0 0 0 0 0 0 0 0 0 0 0 0 2 5 0 0 2 1 0 0 8 0 0 0 0 0 0 0 0 0 0 0 0 5 6 3 0 0 4 4 0 0 0 0 4 11 7 0 0 0 0 0 0 0 0 0 0 0 0 0 0 0 0 1 0 0 4 0 0 8 9 5 0 0 0 3 7 0 0 0 0 0 0 0 0 0 0 0 0 0 0 0 0 1 3 4 3 0 0 0 0 0 2 5 4 0 0 0 0 0 0 0 0 0 0 0 0 12 3 0 0 0 0 0 4 11 6 0 0 3 8 2 0 0 0 0 0 0 0 0 0 0 0 0 0 0 0 0 8 9 1 0 6 0 0 0 2 1 0 0 3 0 0 0 0 0 0 0 0 0 0 0 0 2 4 0 0 0 4 3 0 15 1 0 7 8 0 0 2 0 0 0 0 0 0 0 0 0 0 0 0 0 6 5 17 84 185 249 255 252 144 32 0 0 3 1 0 0 0 0 0 0 11 0 12 0 0 13 0 0 35 121 226 201 88 46 30 129 240 142 0 0 1 0 7 0 0 0 0 0 8 0 6 0 0 0 0 51 187 189 106 0 5 9 3 0 179 255 3 0 8 0 0 0 0 0 0 0 2 0 1 1 0 0 42 218 188 3 0 4 0 0 0 0 175 255 36 0 14 0 8 0 0 0 0 1 0 0 2 2 5 25 164 159 7 0 3 8 7 3 15 22 216 203 40 0 0 8 1 0 0 0 0 1 0 3 4 0 4 64 255 50 0 3 5 7 0 0 0 165 250 127 0 13 0 15 0 0 0 0 0 2 0 4 4 0 0 61 255 90 0 7 0 0 20 14 142 255 255 78 0 18 3 0 6 0 0 0 0 0 3 0 2 0 0 19 139 214 91 15 0 0 105 221 222 77 253 139 1 0 21 0 0 0 0 0 0 0 6 0 1 4 1 0 24 112 221 231 185 255 209 115 22 2 243 181 0 6 0 13 0 0 0 0 0 0 0 0 0 0 0 0 0 0 36 84 94 57 11 0 2 0 158 175 11 0 9 2 0 0 0 0 0 0 0 0 0 0 0 0 0 0 0 4 7 1 0 0 3 3 116 172 6 0 0 0 8 0 0 0 0 0 0 0 0 0 0 0 0 10 0 0 0 0 4 3 2 4 99 216 0 0 7 1 0 0 0 0 0 0 0 0 0 0 0 0 0 0 1 4 7 7 2 0 0 2 82 253 0 0 15 4 0 0 0 0 0 0 0 0 0 0 0 0 0 0 0 3 1 0 0 0 4 4 55 246 6 2 0 0 7 0 0 0 0 0 0 0 0 0 0 0 0 6 5 1 0 0 3 6 4 5 81 249 11 0 0 0 6 0 0 0 0 0 0 0 0 0 0 0 0 0 0 0 0 0 2 0 0 0 124 255 29 0 2 7 0 0 0 0 0 0 0 0 0 0 0 0 0 0 0 0 0 0 5 5 1 0 123 241 61 14 0 0 2 0 0 0 0 0 0 0 0 0 0 0 0 0 0 0 0 0 0 0 0 0 118 254 48 2 0 0 11 0 0 0 0 0 0 0 0 0 0 0 0 0 0 0 0 0 0 0 0 4 100 255 0 0 22 7 0 0 0 0 0 0 0 0 0 0 0 0 0 0 0 0 0 0 0 0 0 4 88 228 17 1 0 2 18 0 0 0 0 0 0 0 0 0 0 0 0 0 0 0 0 0 0 0 0 0 3 4 0 9 0 0 0 0 0 0 0
0 0 0 0 0 0 0 0 1 0 6 0 0 0 6 0 0 9 0 0 0 8 0 4 0 0 0 0 0 0 0 0 0 0 0 0 10 0 0 30 0 0 0 6 0 12 21 5 0 0 6 0 0 0 0 0 0 0 0 0 0 0 0 0 0 8 1 0 7 8 0 0 10 0 0 6 4 0 1 0 0 0 0 0 0 0 0 0 0 0 0 0 6 0 4 0 7 0 21 0 3 8 2 5 0 8 0 3 0 0 0 0 0 0 0 0 0 0 0 0 0 17 0 10 0 0 0 0 0 0 0 0 3 11 0 6 0 0 0 0 0 0 0 0 0 0 0 0 0 0 82 248 246 118 40 10 0 17 55 9 12 2 0 6 0 0 0 0 0 0 0 0 0 0 0 0 4 76 230 255 242 243 255 71 79 181 241 119 0 0 7 0 0 0 0 0 0 0 0 0 0 0 0 0 0 208 249 243 250 253 248 255 252 248 253 235 8 17 0 11 0 0 0 0 5 0 5 5 0 10 0 9 107 235 255 250 255 248 250 253 241 255 241 245 157 0 0 6 0 0 0 0 0 0 4 8 0 6 12 89 239 252 255 226 247 240 250 252 246 255 250 255 188 10 0 1 0 0 0 0 1 0 0 6 0 0 11 133 255 240 254 255 149 145 250 255 250 248 250 255 208 10 0 0 0 0 0 0 7 4 0 0 6 0 0 124 248 251 248 255 95 0 209 251 255 240 246 247 211 0 0 0 0 0 0 0 0 7 0 0 10 4 0 123 255 255 255 236 142 12 208 249 255 240 251 247 212 0 2 4 0 0 0 0 0 9 3 0 0 0 3 130 246 241 255 194 36 107 249 252 250 241 255 253 213 0 0 0 0 0 0 0 0 4 2 0 0 0 1 127 255 246 247 174 0 165 250 248 249 245 253 253 207 0 0 0 0 0 0 0 5 0 0 7 8 1 7 125 252 253 255 247 255 255 245 255 255 254 252 251 202 6 2 0 0 0 0 0 10 0 0 5 1 0 0 119 254 251 255 240 255 249 250 255 255 250 242 255 227 66 0 3 0 0 0 0 0 0 2 2 0 0 10 133 236 234 249 255 249 253 239 255 233 255 248 244 249 146 16 0 0 0 0 0 0 0 4 0 0 0 11 105 255 255 255 246 239 254 255 218 147 238 253 254 255 171 0 6 0 0 0 0 0 0 0 0 6 7 0 37 170 247 248 232 255 240 246 34 19 150 243 241 241 171 1 0 0 0 0 0 4 1 0 0 11 7 0 0 9 0 202 223 199 82 0 5 0 129 255 245 255 254 105 9 0 0 0 0 0 1 4 0 5 0 0 1 1 0 8 5 0 0 2 1 0 109 255 238 253 255 129 0 0 0 0 0 0 0 5 0 3 0 6 6 0 13 0 0 0 11 14 0 12 121 255 255 249 240 120 6 0 0 0 0 0 0 1 0 8 0 5 0 0 0 1 0 13 0 1 0 0 136 247 248 242 255 129 0 0 0 0 0 0 0 0 0 0 0 0 0 0 0 0 0 0 0 0 0 0 19 183 247 247 183 19 0 0 0 0 0 0 0 0 0 0 0 0 0 0 0 0 0 0 0 0 0 7 0 10 4 4 10 0 7 0 0 0 0 0 0 0 0 0 0 0 0 0 0 0 0 0 0 0 0 0 4 0 0 0 0 4 0 0 0 0 0 0 0 0 0 0 0 0 0 0 0 0 0 0 0 0 0 0 12 0 0 0 0 12 0 0 0 0 0
0 0 0 0 0 0 0 0 0 0 0 10 6 1 0 0 0 0 1 0 0 7 6 0 0 0 0 0 0 0 0 0 0 0 0 0 15 8 2 0 0 0 0 8 3 5 5 0 0 0 0 6 0 0 0 0 0 0 0 0 0 0 0 0 0 0 0 2 7 1 0 8 0 0 2 3 3 0 0 6 0 0 0 0 0 0 0 0 0 0 0 0 9 8 0 0 5 3 0 0 0 3 0 0 8 5 0 0 0 0 0 0 0 0 0 0 0 0 0 0 0 0 0 0 2 2 0 0 6 11 2 0 0 3 3 0 0 0 0 0 0 0 0 0 0 0 0 0 0 0 13 8 0 0 3 3 0 0 3 3 0 0 6 0 0 0 0 0 0 0 0 0 0 0 0 0 6 0 32 150 246 255 185 52 23 0 0 15 0 0 7 0 0 0 0 0 0 0 0 0 0 0 0 0 0 60 194 255 250 248 255 230 114 17 0 11 0 0 10 0 0 0 0 0 0 0 0 0 0 0 0 0 9 155 244 251 96 57 167 244 246 255 5 0 6 0 0 4 0 0 0 0 0 0 0 0 0 0 0 0 21 230 255 56 0 10 0 82 248 250 225 16 3 1 3 0 0 0 0 0 0 0 0 0 0 0 0 0 107 254 213 0 18 0 0 11 99 226 255 33 2 3 5 0 0 0 0 0 0 0 0 0 0 0 0 0 165 250 194 9 0 33 0 0 97 250 243 55 6 0 1 2 0 0 0 0 0 0 0 0 0 0 0 0 121 255 201 0 0 0 18 76 247 246 255 36 0 0 5 0 0 0 0 0 0 0 0 0 0 0 0 0 51 255 214 40 7 0 165 253 255 247 191 0 2 0 0 3 0 0 0 0 0 0 0 0 0 0 0 0 8 182 255 164 35 184 233 255 235 255 68 1 10 2 0 0 0 0 0 0 0 0 0 0 0 0 0 0 0 69 247 255 255 243 249 139 253 252 2 0 0 0 15 0 0 0 0 0 0 0 0 0 0 0 0 0 3 0 27 139 183 94 7 92 252 255 0 0 3 0 4 0 0 0 0 0 0 0 0 0 0 0 0 0 1 4 0 2 8 0 2 116 252 255 0 0 2 0 4 0 0 0 0 0 0 0 0 0 0 0 0 0 0 8 4 0 0 4 4 88 252 251 0 0 0 0 3 0 0 0 0 0 0 0 0 0 0 0 0 0 5 0 0 4 10 16 3 99 252 242 0 2 0 0 3 0 0 0 0 0 0 0 0 0 0 0 0 0 8 0 0 3 0 0 3 164 253 233 0 3 0 0 3 0 0 0 0 0 0 0 0 0 0 0 0 0 0 0 10 6 1 0 8 197 253 225 0 5 0 2 2 0 0 0 0 0 0 0 0 0 0 0 0 0 0 0 0 0 0 0 4 202 253 219 0 6 0 3 2 0 0 0 0 0 0 0 0 0 0 0 0 0 0 0 5 0 13 0 0 204 254 215 0 6 0 4 2 0 0 0 0 0 0 0 0 0 0 0 0 0 2 0 0 0 7 0 1 205 251 255 0 0 7 0 9 0 0 0 0 0 0 0 0 0 0 0 0 0 0 8 14 0 0 0 18 193 255 236 26 0 0 0 0 1 0 0 0 0 0 0 0 0 0 0 0 0 0 2 0 0 14 12 0 14 0 16 0 0 12 11 0 0 0 0 0 0 0 0 0 0 0 0 0 0 0 4 0 0 8 6 0 0 0 7 9 0 0 0 0 13 0 0 0 0
0 0 0 0 0 0 0 0 0 4 0 3 0 8 0 7 1 0 0 21 0 0 5 2 0 0 0 0 0 0 0 0 0 0 0 0 7 1 3 1 9 0 0 0 12 3 0 0 2 7 0 0 0 0 0 0 0 0 0 0 0 0 0 0 0 0 4 0 0 0 8 7 0 17 12 0 0 11 0 0 0 0 0 0 0 0 0 0 0 0 0 0 0 0 4 13 0 5 3 0 6 1 0 0 1 0 0 20 0 0 0 0 0 0 0 0 0 0 0 0 7 4 5 0 0 2 8 0 4 0 9 8 0 0 0 0 0 0 0 0 0 0 0 0 0 0 0 0 7 0 9 53 215 250 233 156 52 0 0 0 1 6 0 0 0 0 0 0 0 0 0 0 0 0 0 0 0 93 191 225 255 254 243 248 230 74 3 0 13 4 0 17 0 0 0 0 0 0 0 0 0 0 0 0 74 227 255 245 142 137 141 244 255 245 183 18 0 5 0 0 0 0 0 0 0 0 6 2 4 0 0 129 253 255 189 44 0 6 0 61 255 255 247 142 45 0 3 1 0 0 0 0 13 0 0 1 0 0 66 215 255 158 64 3 0 8 0 15 89 250 249 255 227 122 0 4 0 0 0 0 0 9 18 0 11 0 209 255 205 37 0 3 0 3 0 0 0 25 181 248 255 235 61 14 0 0 0 0 6 0 0 0 0 122 246 248 84 0 0 19 0 0 10 0 4 4 175 243 245 255 200 0 0 0 0 0 0 0 11 0 15 94 255 237 34 0 4 3 0 2 10 0 1 0 119 255 255 250 246 143 0 0 0 0 16 0 0 8 25 234 228 161 9 4 0 0 1 0 0 0 0 3 189 255 240 255 217 14 0 0 0 0 0 10 6 3 77 245 255 105 0 0 0 4 9 0 0 2 0 28 167 251 248 252 242 26 0 0 0 0 1 5 0 3 81 249 234 116 1 5 0 0 1 1 6 1 10 178 255 251 222 207 16 9 0 0 0 0 3 0 13 0 20 208 255 184 7 0 19 0 0 11 7 115 195 244 255 253 192 0 0 3 0 0 0 0 2 3 2 0 0 113 255 246 134 14 0 31 86 137 174 255 244 252 255 234 169 15 0 12 0 0 0 0 0 0 6 3 2 45 204 255 255 219 250 255 247 249 255 253 137 103 244 255 65 0 11 0 0 0 0 0 6 0 17 2 0 3 51 120 238 245 255 241 178 154 124 41 12 97 252 238 30 0 3 12 0 0 0 0 3 0 7 3 0 2 0 3 6 4 0 3 0 0 10 0 9 189 255 218 32 6 0 0 0 0 0 0 0 19 0 5 1 10 10 0 0 5 1 4 1 0 0 15 12 248 239 128 3 0 0 18 0 0 0 0 1 15 0 0 0 0 2 0 3 0 0 0 2 8 0 0 3 186 249 189 11 2 16 0 0 0 0 0 6 0 11 0 12 2 0 7 8 0 3 7 0 0 0 5 109 244 242 146 1 0 0 11 0 0 0 0 0 0 0 0 0 0 0 0 0 0 0 0 0 0 0 0 73 229 255 123 2 0 16 0 0 0 0 0 0 0 0 0 0 0 0 0 0 0 0 0 0 0 0 0 0 9 7 0 0 0 0 0 0 0 0 0 0 0 0 0 0 0 0 0 0 0 0 0 0 0 0 0 2 0 0 1 8 0 0 21 0 0 0 0 0 0 0 0 0 0 0 0 0 0 0 0 0 0 0 0 0 9 4 0 0 0 0 0 0 0 0 0
0 0 0 0 0 0 0 0 4 0 9 0 2 0 10 5 0 4 6 2 0 2 1 0 0 0 0 0 0 0 0 0 0 0 0 0 0 0 0 0 6 2 0 0 0 0 0 0 0 4 3 0 0 0 0 0 0 0 0 0 0 0 0 0 0 8 4 0 0 0 0 6 1 0 0 0 0 4 4 0 0 0 0 0 0 0 0 0 0 0 0 0 0 0 1 0 4 0 2 13 2 3 2 0 0 2 2 1 0 0 0 0 0 0 0 0 0 0 0 0 3 0 5 0 17 0 0 0 0 0 3 3 0 0 0 3 0 0 0 0 0 0 0 0 0 0 0 0 0 0 7 0 1 0 16 11 0 0 0 0 0 0 0 5 0 0 0 0 0 0 0 0 0 0 0 0 12 0 0 17 0 2 3 0 13 2 0 0 0 0 0 2 0 0 0 0 0 0 0 0 0 0 0 0 6 0 12 139 166 255 242 196 35 14 0 0 2 3 0 0 0 0 0 0 0 0 0 0 0 0 0 0 5 0 204 233 176 147 92 230 226 0 8 1 0 0 0 3 0 0 0 0 0 0 0 0 0 0 0 0 0 176 255 7 0 5 1 0 141 118 167 19 17 1 5 0 0 0 0 0 0 0 0 0 0 0 0 0 26 192 170 13 6 0 13 3 12 200 231 0 7 0 12 0 0 0 0 0 0 0 0 0 0 0 0 0 62 255 120 0 0 4 0 1 0 245 185 0 0 2 0 1 0 0 0 0 0 0 0 0 0 0 0 0 122 209 44 1 11 9 0 0 6 203 73 0 0 11 0 10 0 0 0 0 0 0 0 0 0 0 0 0 103 185 16 0 0 4 0 8 148 255 77 8 6 0 0 0 0 0 0 0 0 0 0 0 0 0 0 0 61 255 103 0 2 5 35 136 169 235 42 0 0 0 10 0 0 0 0 0 0 0 0 0 0 0 0 0 69 235 216 25 7 61 218 67 135 201 9 0 0 6 3 0 0 0 0 0 0 0 0 0 0 0 0 0 40 166 255 218 233 244 157 3 163 137 6 0 7 3 0 0 0 0 0 0 0 0 0 0 0 0 0 0 0 34 107 94 64 26 12 0 157 99 8 0 2 0 0 3 0 0 0 0 0 0 0 0 0 0 0 0 12 0 3 1 4 0 0 0 187 60 7 0 0 0 2 3 0 0 0 0 0 0 0 0 0 0 0 0 5 0 6 0 0 9 2 6 238 36 4 0 1 0 7 0 0 0 0 0 0 0 0 0 0 0 0 0 0 0 13 9 0 0 0 40 243 14 5 0 2 1 5 0 0 0 0 0 0 0 0 0 0 0 0 0 13 0 4 0 5 12 4 100 196 0 5 0 1 0 0 3 0 0 0 0 0 0 0 0 0 0 0 0 0 1 6 0 0 0 3 144 161 0 0 0 3 0 0 5 0 0 0 0 0 0 0 0 0 0 0 0 5 3 0 0 16 4 0 150 161 6 0 0 5 7 0 2 0 0 0 0 0 0 0 0 0 0 0 0 7 0 8 0 0 14 0 226 101 1 0 3 1 7 0 3 0 0 0 0 0 0 0 0 0 0 0 0 0 0 7 17 3 0 0 217 93 6 0 0 0 3 0 6 0 0 0 0 0 0 0 0 0 0 0 0 19 0 0 1 0 9 47 231 61 2 2 0 0 2 0 4 0 0 0 0 0 0 0 0 0 0 0 0 0 3 4 13 0 0 0 8 17 0 3 3 0 3 0 0 0 0 0 0
0 0 0 0 0 0 0 0 3 1 0 0 0 6 2 0 2 0 0 0 0 4 8 0 0 0 0 0 0 0 0 0 0 0 0 0 5 1 2 4 0 0 0 6 0 3 10 6 0 0 0 0 0 0 0 0 0 0 0 0 0 0 0 0 0 0 3 5 0 0 0 0 0 2 1 2 8 3 0 4 0 0 0 0 0 0 0 0 0 0 0 0 0 2 1 0 0 13 11 0 7 5 0 0 4 0 0 2 0 0 0 0 0 0 0 0 0 0 0 0 9 8 0 0 0 0 0 0 0 0 0 0 0 0 0 9 0 0 0 0 0 0 0 0 0 0 0 0 0 0 2 14 10 0 0 11 12 0 0 3 2 9 6 0 0 0 0 0 0 0 0 0 0 0 0 0 5 5 0 0 0 2 0 0 0 0 5 0 0 0 17 0 0 0 0 0 0 0 0 0 0 0 0 0 0 5 0 0 72 192 246 231 255 255 255 167 25 0 7 0 0 0 0 0 0 0 0 0 0 0 0 0 2 1 27 168 251 255 188 64 88 108 255 255 0 0 3 1 0 0 0 0 0 0 0 0 0 0 0 0 0 6 224 255 240 112 16 0 102 160 193 48 4 4 0 8 0 0 0 0 0 0 0 0 0 0 0 0 13 0 255 205 0 10 0 0 0 1 99 225 3 17 0 0 0 0 0 0 0 0 0 0 0 0 0 0 0 4 255 187 7 0 0 0 8 32 255 166 8 0 1 3 0 0 0 0 0 0 0 0 0 0 0 0 0 2 152 238 115 0 0 16 29 220 191 6 2 0 4 0 0 0 0 0 0 0 0 0 0 0 0 0 1 7 51 255 255 255 254 240 254 255 79 0 0 4 0 11 0 0 0 0 0 0 0 0 0 0 0 0 0 11 0 8 138 169 172 214 255 182 0 16 9 0 3 0 0 0 0 0 0 0 0 0 0 0 0 0 2 0 17 0 0 4 3 156 252 61 5 0 0 0 4 0 0 0 0 0 0 0 0 0 0 0 0 0 1 0 0 2 3 6 75 255 160 22 0 4 0 0 0 0 0 0 0 0 0 0 0 0 0 0 0 0 0 5 0 11 0 0 230 255 20 0 6 9 0 2 11 10 0 0 0 0 0 0 0 0 0 0 0 0 0 0 4 6 0 98 255 73 0 0 14 1 0 0 0 0 0 0 0 0 0 0 0 0 0 0 0 0 1 5 0 0 28 245 227 0 8 0 0 0 4 4 0 4 0 0 0 0 0 0 0 0 0 0 0 0 0 20 0 4 119 255 118 19 0 0 0 8 13 0 0 10 0 0 0 0 0 0 0 0 0 0 0 0 0 1 5 0 214 255 2 0 0 12 2 2 3 0 0 0 0 0 0 0 0 0 0 0 0 0 0 0 11 0 2 0 248 206 0 1 0 5 0 0 0 5 19 3 0 0 0 0 0 0 0 0 0 0 0 0 0 18 0 71 248 61 3 0 1 3 0 11 4 0 3 0 0 0 0 0 0 0 0 0 0 0 0 0 0 0 1 120 251 6 4 0 0 0 0 0 0 0 0 0 0 0 0 0 0 0 0 0 0 0 0 0 4 10 0 160 255 17 9 6 0 0 0 0 0 0 0 0 0 0 0 0 0 0 0 0 0 0 0 0 0 11 0 30 255 252 0 6 0 0 0 0 0 0 0 0 0 0 0 0 0 0 0 0 0 0 0 0 8 7 0 1 0 1 8 0 0 0 0 0 0 0 0 0 0 0 0 0
0 0 0 0 0 0 0 0 0 11 0 0 5 0 7 0 7 0 2 0 12 0 0 0 0 0 0 0 0 0 0 0 0 0 0 0 0 8 7 12 0 0 0 0 0 2 6 0 0 0 3 0 0 0 0 0 0 0 0 0 0 0 0 0 9 0 0 0 0 2 17 8 0 4 10 6 0 5 3 0 0 0 0 0 0 0 0 0 0 0 0 0 3 0 2 10 0 0 0 0 6 0 0 0 0 0 0 5 0 0 0 0 0 0 0 0 0 0 0 0 7 0 0 2 2 5 5 6 6 4 3 4 8 6 0 0 0 0 0 0 0 0 0 0 0 0 0 0 0 0 7 0 0 0 0 3 0 0 5 0 0 0 14 5 0 0 0 0 0 0 0 0 0 0 0 0 0 15 8 0 21 94 157 242 212 178 163 90 54 0 0 4 0 0 0 0 0 0 0 0 0 0 0 0 1 0 0 19 155 246 223 225 230 208 255 248 199 23 0 6 0 0 0 0 0 0 0 0 0 0 0 0 0 0 31 180 255 65 0 3 12 0 128 233 245 120 11 0 0 0 0 0 0 0 0 0 0 0 0 0 10 99 237 196 82 4 7 0 0 2 0 157 255 194 6 0 0 0 0 0 0 0 0 0 0 0 0 0 58 219 255 92 0 2 2 4 7 0 9 136 246 230 0 5 0 0 0 0 0 0 0 0 0 0 0 0 174 255 120 0 13 4 0 4 0 2 77 159 255 218 11 0 0 0 0 0 0 0 0 0 0 0 0 0 229 247 38 0 11 0 7 0 2 168 229 255 255 83 0 0 0 0 0 0 0 0 0 0 0 0 0 0 198 253 188 124 35 0 33 62 142 250 255 253 165 57 11 2 0 0 0 0 0 0 0 0 0 0 0 0 165 244 255 251 255 255 250 248 255 255 243 152 10 1 0 0 0 0 0 0 0 0 0 0 0 0 0 0 9 139 243 255 250 246 255 255 254 250 138 37 0 5 0 10 0 0 0 0 0 0 0 0 0 0 0 0 0 6 74 156 153 105 115 180 253 246 47 6 0 0 4 0 0 0 0 0 0 0 0 0 0 0 0 0 0 27 0 0 0 0 63 224 255 143 7 0 5 0 1 0 0 0 0 0 0 0 0 0 0 0 0 0 7 0 14 0 10 45 226 249 234 42 0 0 9 0 1 0 0 0 0 0 0 0 0 0 0 0 0 0 2 6 23 0 0 100 255 243 125 0 8 2 0 0 9 0 0 0 0 0 0 0 0 0 0 0 0 0 0 0 0 2 123 246 255 116 16 0 2 3 0 0 10 0 0 0 0 0 0 0 0 0 0 0 0 0 9 4 15 34 192 246 171 21 0 3 0 4 0 1 0 2 0 0 0 0 0 0 0 0 0 0 0 0 0 15 0 128 255 255 54 17 4 11 0 2 0 4 0 0 0 0 0 0 0 0 0 0 0 0 0 0 11 0 87 252 255 189 15 0 0 0 11 0 0 10 0 1 0 0 0 0 0 0 0 0 0 0 0 0 2 26 231 255 204 0 8 0 0 0 0 0 0 0 0 0 0 0 0 0 0 0 0 0 0 0 0 0 0 15 184 235 166 1 4 17 0 0 0 0 0 0 0 0 0 0 0 0 0 0 0 0 0 0 0 0 9 0 3 10 1 0 1 0 0 0 0 0 0 0 0 0 0 0 0 0 0 0 0 0 0 0 0 0 0 4 0 0 0 17 10 0 0 0 0 0 0 0 0 0 0 0 0 0
0 0 0 0 0 0 0 0 2 2 1 0 3 7 2 0 5 4 1 0 0 0 0 0 0 0 0 0 0 0 0 0 0 0 0 0 0 0 1 0 0 0 0 3 0 0 0 0 6 11 4 0 0 0 0 0 0 0 0 0 0 0 0 0 8 0 0 3 12 11 2 0 0 7 10 0 0 0 3 14 0 0 0 0 0 0 0 0 0 0 0 0 0 0 4 5 0 0 0 5 0 0 0 3 8 5 0 0 0 0 0 0 0 0 0 0 0 0 0 0 3 0 0 0 0 1 8 11 7 0 0 4 4 0 0 8 0 0 0 0 0 0 0 0 0 0 0 0 0 2 3 0 2 7 0 0 0 2 3 0 0 0 1 3 0 0 0 0 0 0 0 0 0 0 0 0 0 7 0 0 18 110 203 252 255 222 130 27 0 1 8 0 0 0 0 0 0 0 0 0 0 0 0 0 0 0 6 53 153 244 252 212 196 255 243 120 13 0 4 0 0 0 0 0 4 0 0 0 1 4 0 4 3 0 141 255 243 165 76 3 0 68 255 197 17 0 0 11 0 0 0 3 0 0 3 0 0 6 0 0 14 121 246 207 80 9 6 0 7 0 185 255 67 7 0 0 2 0 3 2 0 0 6 0 0 6 0 7 38 255 243 18 0 0 4 5 0 55 242 255 102 0 10 0 0 0 3 4 0 0 5 0 0 1 3 35 245 251 45 0 0 42 0 3 68 216 255 218 22 17 0 0 0 0 0 5 4 0 2 3 0 0 8 63 247 150 0 3 21 0 0 92 215 255 240 115 0 13 0 20 16 0 0 2 5 0 1 4 0 0 7 64 255 204 198 222 107 174 255 253 255 251 197 9 17 0 5 104 40 11 0 0 0 0 3 0 0 0 0 34 236 248 255 251 255 254 250 242 240 252 105 0 4 0 0 149 40 11 0 0 0 0 7 0 0 5 0 3 70 214 241 253 255 236 152 255 255 193 14 0 2 5 3 88 22 2 0 6 0 0 0 0 0 0 0 0 0 2 46 91 140 24 162 241 255 98 1 0 1 0 6 0 0 0 8 1 0 0 0 0 0 0 0 0 3 0 0 5 2 24 236 255 148 46 0 0 5 1 0 0 1 0 2 0 0 0 0 0 0 0 0 0 0 0 0 16 0 177 255 212 34 4 0 0 2 1 0 18 14 0 0 0 0 0 0 0 0 0 0 0 6 0 0 0 49 255 247 94 0 0 0 0 0 0 2 82 33 6 3 0 0 0 0 0 0 0 0 0 0 8 13 0 195 254 188 4 3 5 0 0 0 0 6 132 43 6 3 1 0 0 0 0 0 0 0 0 10 0 0 36 222 255 63 0 0 0 0 8 0 1 0 142 43 0 0 0 0 0 0 0 0 0 0 0 4 0 21 195 255 235 0 0 0 0 0 9 0 4 0 138 44 0 0 3 0 0 0 0 0 0 0 0 0 25 10 251 255 67 8 2 5 0 0 5 0 5 0 140 50 1 4 7 0 0 0 0 0 0 0 0 2 6 159 248 188 14 0 10 2 0 0 7 0 0 21 58 15 9 2 0 0 0 0 0 0 0 0 0 0 0 128 255 72 10 7 0 2 0 0 6 0 0 0 12 8 4 0 0 0 0 0 0 0 0 0 0 10 4 0 3 0 0 0 9 0 0 0 3 3 0 0 0 0 0 0 0 0 0 0 0 0 0 0 0 0 0 12 0 23 0 13 0 0 0 0 0 1 6 5 1 0 0 0 0
0 0 0 0 0 0 0 0 0 3 3 1 0 0 0 0 1 1 0 0 3 0 0 11 0 0 0 0 0 0 0 0 0 0 0 0 0 0 3 0 0 5 7 3 0 1 0 3 14 9 0 0 0 0 0 0 0 0 0 0 0 0 0 0 8 0 0 3 2 0 0 4 0 8 6 0 0 0 0 11 0 0 0 0 0 0 0 0 0 0 0 0 9 0 0 2 4 0 0 1 0 0 0 0 11 9 0 0 0 0 0 0 0 0 0 0 0 0 0 0 0 5 8 0 0 17 12 0 4 5 2 4 5 0 0 10 0 0 0 0 0 0 0 0 0 0 0 0 3 0 0 4 0 0 0 8 0 0 0 0 1 0 0 3 0 0 0 0 0 0 0 0 0 0 0 0 18 0 0 8 5 2 53 125 255 204 86 0 0 6 6 0 0 0 0 0 0 0 0 0 0 0 0 0 0 9 9 0 10 89 197 255 242 241 174 65 3 0 1 0 0 0 0 0 0 0 0 0 0 0 0 0 2 0 0 11 74 253 255 242 161 0 185 133 8 0 2 0 0 0 0 0 0 0 0 0 0 0 0 0 0 7 0 17 255 255 203 82 0 10 253 64 13 3 0 11 0 0 0 0 0 0 0 0 0 0 0 0 8 0 7 212 255 255 95 0 16 78 248 21 0 0 4 0 0 0 0 0 0 0 0 0 0 0 0 0 0 2 99 253 244 128 13 7 7 221 206 0 3 13 0 1 0 0 0 0 0 0 0 0 0 0 0 0 2 11 174 248 215 0 16 0 191 245 108 0 0 3 0 12 0 0 0 0 0 0 0 0 0 0 0 0 0 5 186 237 78 7 0 203 243 41 0 19 1 0 5 0 0 0 0 0 0 0 0 0 0 0 0 0 2 0 62 255 205 178 240 255 255 117 7 0 0 0 0 17 0 0 0 0 0 0 0 0 0 0 0 0 0 0 14 44 204 247 255 247 255 165 0 1 5 0 0 0 0 0 0 0 0 0 0 0 0 0 0 0 1 4 3 0 112 255 254 255 188 11 0 4 3 12 0 6 0 0 0 0 0 0 0 0 0 0 0 0 0 18 0 0 121 238 248 251 72 0 1 0 0 10 0 3 0 0 0 0 0 0 0 0 0 0 0 0 3 0 22 0 158 255 255 69 0 0 11 0 0 4 1 0 0 0 0 0 0 0 0 0 0 0 0 0 9 0 0 41 223 255 105 0 0 4 0 4 6 0 0 0 0 0 0 0 0 0 0 0 0 0 0 0 6 0 0 86 255 127 12 1 1 4 0 0 10 0 0 5 0 0 0 0 0 0 0 0 0 0 0 0 0 5 5 216 244 82 3 0 0 6 0 0 1 0 2 1 0 0 0 0 0 0 0 0 0 0 0 0 0 0 88 250 248 34 0 5 0 2 8 2 0 2 0 0 0 0 0 0 0 0 0 0 0 0 0 0 2 0 224 255 70 5 15 0 10 0 0 1 2 4 0 3 0 0 0 0 0 0 0 0 0 0 0 0 1 0 255 185 7 12 3 0 0 0 0 0 0 0 0 0 0 0 0 0 0 0 0 0 0 0 0 0 0 17 200 124 0 0 0 8 0 0 0 0 0 0 0 0 0 0 0 0 0 0 0 0 0 0 0 0 0 0 22 3 7 0 13 0 0 0 0 0 0 0 0 0 0 0 0 0 0 0 0 0 0 0 0 0 0 5 0 0 15 0 9 0 0 0 0 0 0 0 0 0 0 0 0 0
0 0 0 0 0 0 0 0 1 1 0 0 0 1 3 0 0 0 0 0 0 1 1 1 0 0 0 0 0 0 0 0 0 0 0 0 0 1 8 13 7 0 0 2 0 0 0 0 0 1 1 1 0 0 0 0 0 0 0 0 0 0 0 0 3 0 0 0 3 6 1 0 0 0 0 0 0 0 1 1 0 0 0 0 0 0 0 0 0 0 0 0 0 12 16 0 0 0 3 2 0 0 0 0 0 0 0 0 0 0 0 0 0 0 0 0 0 0 0 0 0 0 3 1 0 3 4 1 0 0 0 0 0 0 0 0 0 0 0 0 0 0 0 0 0 0 0 0 22 4 0 1 4 0 0 0 1 1 0 0 0 0 0 0 0 0 0 0 0 0 0 0 0 0 0 0 0 0 2 0 1 7 6 0 1 1 1 0 0 0 0 0 0 0 0 0 0 0 0 0 0 0 0 0 0 11 20 63 168 249 205 104 1 1 1 0 0 0 0 0 0 0 0 0 3 0 0 2 8 5 0 0 2 42 228 255 248 250 255 240 166 0 4 0 0 4 3 0 0 0 0 0 4 1 0 0 0 0 0 2 45 226 247 255 247 247 233 255 245 135 0 2 8 0 5 0 0 0 0 0 0 0 2 1 0 0 10 24 210 255 255 244 249 41 30 100 71 0 173 59 3 13 0 1 0 0 0 0 0 0 1 1 0 0 14 29 255 247 252 180 36 0 23 0 18 166 237 228 32 0 3 3 0 0 0 0 2 0 0 0 0 0 0 6 193 244 255 206 163 129 189 233 231 255 255 255 53 0 2 0 0 0 0 0 2 0 0 1 2 0 0 0 26 220 248 255 255 255 255 255 255 234 243 199 4 12 3 0 0 0 0 0 0 0 0 4 6 3 2 4 0 26 133 125 110 82 188 122 246 255 255 38 30 0 0 12 0 0 0 0 1 0 1 3 0 0 0 0 7 0 0 0 6 4 48 241 247 255 112 0 5 0 16 0 0 0 0 0 0 0 0 0 0 0 0 0 0 1 0 0 14 0 81 255 251 228 16 0 0 0 0 1 0 0 0 0 0 0 0 0 0 0 0 0 0 8 4 0 1 17 213 255 255 76 0 2 9 7 0 0 0 0 0 0 0 0 0 0 0 0 0 0 0 0 5 5 0 66 252 232 175 0 6 0 0 5 0 0 0 0 0 0 0 0 0 0 0 0 0 0 7 0 0 8 0 186 251 255 63 8 14 0 2 0 6 1 0 0 0 0 0 0 0 0 0 0 0 0 4 0 0 10 10 255 243 193 28 15 0 0 19 0 0 3 0 0 0 0 0 0 0 0 0 0 0 0 0 3 1 0 22 255 246 75 18 0 0 11 0 4 0 0 0 0 0 0 0 0 0 0 0 0 0 0 5 7 0 0 98 247 249 101 0 0 10 5 0 6 7 0 0 0 0 0 0 0 0 0 0 0 0 0 0 1 0 80 230 255 169 113 0 13 0 0 5 0 6 0 0 0 0 0 0 0 0 0 0 0 0 0 5 0 10 90 243 251 212 112 0 0 0 0 0 0 0 0 0 0 0 0 0 0 0 0 0 0 0 0 0 0 0 83 255 251 136 12 0 0 0 0 0 0 0 0 0 0 0 0 0 0 0 0 0 0 0 0 3 7 14 52 190 168 58 0 0 0 0 0 0 0 0 0 0 0 0 0 0 0 0 0 0 0 0 0 0 0 1 0 27 17 0 0 0 0 0 0 0 0 0 0 0 0 0 0
0 0 0 0 0 0 0 0 0 5 0 0 1 0 0 9 0 0 1 0 1 2 2 0 0 0 0 0 0 0 0 0 0 0 0 0 6 9 1 0 8 7 0 0 19 0 0 0 5 0 0 0 0 0 0 0 1 1 0 0 0 0 0 0 0 0 0 3 1 0 0 16 0 0 10 4 0 4 7 2 0 0 0 0 2 2 1 0 0 0 0 0 0 11 16 0 0 10 8 0 23 1 0 1 5 0 0 3 0 0 0 0 3 2 0 0 0 0 0 0 0 0 0 0 0 0 0 9 0 0 2 4 3 3 0 0 0 0 0 0 2 1 0 0 0 0 1 2 11 0 0 70 152 154 117 110 9 3 0 0 2 8 6 0 0 0 0 0 1 0 0 0 0 1 3 5 0 142 232 244 255 255 243 251 221 102 4 0 4 0 0 8 0 0 0 0 0 0 0 0 0 2 5 6 169 236 255 253 246 194 187 255 255 247 159 31 0 6 21 0 0 0 0 0 1 0 0 13 2 0 91 206 255 244 241 66 41 34 0 82 204 252 255 149 8 1 5 0 0 0 0 0 0 1 12 0 0 103 228 255 255 151 25 4 13 0 11 7 50 239 255 255 139 6 0 2 0 0 0 0 7 0 2 2 85 229 255 237 226 40 22 16 52 158 145 168 241 255 244 240 197 0 14 2 0 0 0 0 0 0 0 0 123 247 250 255 255 131 183 249 255 255 244 248 252 197 255 255 226 26 0 0 0 0 0 0 6 14 2 0 129 255 252 248 244 255 255 249 255 250 255 170 7 0 45 231 255 212 11 0 0 0 0 0 0 0 11 0 19 141 228 255 255 235 255 175 161 112 39 0 3 5 6 231 245 255 70 7 0 0 0 0 19 0 2 7 0 12 47 49 40 56 52 0 0 10 11 0 0 0 12 170 255 246 108 0 0 0 0 0 0 4 0 4 4 0 0 3 8 0 0 3 5 0 0 2 0 7 0 74 255 252 85 9 0 0 0 0 0 0 0 0 0 0 0 0 0 8 0 0 5 3 0 3 6 0 5 33 218 255 177 6 0 0 0 0 0 0 0 0 0 0 0 0 0 10 0 17 2 0 23 0 0 0 0 0 211 246 238 4 0 0 0 0 0 0 0 0 0 0 0 0 11 0 75 196 11 0 0 13 0 7 28 0 194 255 222 7 0 0 0 0 0 0 0 0 0 0 0 0 0 12 237 255 30 0 7 0 5 8 0 132 255 254 231 0 0 0 0 0 0 0 0 0 0 0 0 0 16 141 240 255 24 7 11 0 0 9 71 247 253 254 207 0 0 0 0 0 0 0 0 0 0 0 0 0 0 141 255 255 200 82 10 2 78 125 254 255 249 231 76 0 0 0 0 0 0 0 0 0 0 0 0 0 9 132 221 255 255 255 187 202 253 255 248 245 254 106 1 4 0 0 0 0 0 0 0 0 0 0 0 0 0 4 51 217 245 241 255 241 250 255 248 189 79 0 0 0 0 0 0 0 0 0 0 0 0 0 0 0 0 5 0 0 52 155 238 255 166 122 61 15 0 0 0 1 0 0 0 0 0 0 0 0 0 0 0 0 0 4 4 0 0 0 0 0 10 4 0 0 0 2 0 0 0 0 0 0 0 0 0 0 0 0 0 0 1 0 0 1 4 1 4 13 0 0 1 4 3 0 0 0 0 0 0 0 0 0 0 0 0 0 0 0 9 0 0 4 2 0 0 0 8 8 5 0 0 0 2 8 0 0 0 0
0 0 0 0 0 0 0 0 0 0 1 0 0 1 3 0 0 0 0 0 0 0 0 0 0 0 0 0 0 0 0 0 0 0 0 0 0 2 6 2 0 0 6 10 0 0 0 0 0 0 0 0 0 0 0 0 0 0 0 0 0 0 0 0 10 4 0 0 3 0 0 0 0 0 0 0 0 0 0 0 0 0 0 0 0 0 0 0 0 0 0 0 0 3 1 3 9 1 0 13 0 0 0 0 0 0 0 0 0 0 0 0 0 0 0 0 0 0 0 0 1 0 0 0 3 2 0 0 0 0 0 0 0 0 0 0 0 0 0 0 0 0 0 0 0 0 0 0 0 0 12 15 3 3 4 0 0 0 0 0 0 0 0 0 0 0 0 0 0 0 0 0 0 0 0 0 5 0 51 132 201 255 248 179 0 0 0 0 0 0 0 0 0 0 0 0 0 0 0 0 0 0 0 0 1 92 231 255 228 224 251 234 0 0 0 0 0 0 0 0 0 0 0 0 0 12 0 9 0 1 0 0 161 255 251 111 31 0 54 198 55 0 0 0 17 0 0 3 0 0 0 0 4 3 0 0 5 1 0 78 243 221 35 7 12 0 9 3 0 9 97 132 0 3 0 0 0 0 0 0 2 0 6 0 2 2 14 227 255 38 11 0 2 9 0 5 40 130 237 255 13 0 19 2 0 0 0 0 0 0 7 0 0 4 32 243 253 105 0 0 2 63 89 195 241 255 255 167 14 0 0 0 0 0 0 0 5 0 0 5 3 2 5 86 235 255 249 253 255 225 255 198 228 255 229 42 9 14 0 12 0 0 0 0 1 9 0 8 0 0 0 0 16 127 138 132 129 117 26 12 111 251 126 0 1 0 34 0 0 0 0 0 0 13 0 5 0 0 10 4 10 6 0 0 16 0 0 14 234 255 40 0 19 2 157 0 0 0 0 0 0 10 0 0 5 9 0 0 0 1 2 0 0 0 16 114 255 141 14 0 0 8 182 9 0 0 0 0 0 0 0 0 0 0 0 0 0 10 0 10 0 5 43 250 254 46 0 0 7 8 176 3 0 0 0 0 0 0 0 0 0 0 0 0 0 0 14 0 9 1 69 250 184 0 12 4 0 0 0 3 0 0 0 0 0 0 0 0 0 0 0 0 6 0 0 21 0 1 243 255 37 15 0 6 6 0 13 1 0 0 0 0 0 0 0 0 0 0 0 0 0 4 0 5 0 96 247 223 2 0 14 5 0 19 152 0 0 0 0 0 0 0 0 0 0 0 0 0 0 12 0 0 21 193 211 73 0 1 0 2 15 18 177 20 0 0 0 0 0 0 0 0 0 0 0 0 1 11 0 6 99 247 208 0 12 9 0 0 0 0 24 0 0 0 0 0 0 0 0 0 0 0 0 0 0 0 10 1 196 255 65 6 0 0 0 41 0 3 110 4 0 0 0 0 0 0 0 0 0 0 0 0 5 0 1 104 250 177 0 4 0 13 10 0 0 9 28 0 0 0 0 0 0 0 0 0 0 0 0 0 20 0 2 203 243 78 13 0 10 0 6 3 0 2 192 0 0 0 0 0 0 0 0 0 0 0 0 0 0 37 132 247 186 16 0 1 0 0 6 1 10 19 141 20 0 0 0 0 0 0 0 0 0 0 0 0 14 4 0 6 8 0 2 7 6 0 4 0 3 0 24 0 0 0 0 0 0 0 0 0 0 0 0 0 0 0 6 0 0 6 1 0 0 1 0 0 7 0 0 0 0 0 0 0
0 0 0 0 0 0 0 0 9 0 0 1 4 0 0 0 0 11 7 0 3 2 0 2 0 0 0 0 0 0 0 0 0 0 0 0 0 0 8 0 0 0 3 1 15 1 0 0 2 0 0 6 0 0 0 0 0 0 0 0 0 0 0 0 16 0 0 0 16 0 2 0 0 0 15 8 0 4 4 0 0 0 0 0 0 0 0 0 0 0 0 0 0 0 8 0 5 0 0 4 17 0 0 8 1 0 2 0 0 0 0 0 0 0 0 0 0 0 0 0 0 1 8 0 3 9 12 0 0 0 4 4 0 0 6 0 0 0 0 0 0 0 0 0 0 0 0 0 11 0 0 3 0 0 0 7 5 0 0 3 0 1 1 0 0 0 0 0 0 0 0 0 0 0 0 0 0 0 0 12 0 13 61 131 187 76 0 0 20 3 0 13 0 0 0 0 0 0 0 0 0 0 0 0 0 22 0 0 29 187 246 255 255 244 138 11 0 5 8 0 0 0 0 0 3 0 0 7 2 0 3 0 0 0 23 70 192 237 179 78 84 166 245 82 10 6 0 1 0 0 0 0 4 0 0 1 0 0 5 0 3 14 158 244 239 89 0 6 15 160 243 228 0 0 21 1 0 0 0 0 0 0 0 0 0 1 0 0 0 55 255 254 81 0 2 0 0 253 255 148 5 4 9 0 0 0 0 0 0 0 5 0 0 2 0 0 10 221 248 77 0 12 1 18 224 252 207 17 0 0 4 0 0 0 0 0 0 0 7 0 0 4 0 18 132 255 121 0 1 4 40 205 237 247 255 88 6 0 0 14 0 0 0 0 3 0 5 0 0 5 5 57 252 197 0 0 66 223 255 141 79 253 225 0 0 12 0 0 0 0 0 0 4 0 6 0 0 1 3 77 254 159 62 169 250 239 165 22 68 234 233 13 12 0 21 0 0 0 0 0 0 0 10 0 3 0 0 74 253 255 241 250 230 85 14 0 195 255 199 0 0 1 0 3 0 0 0 0 0 0 0 0 0 2 5 6 158 168 186 166 21 3 5 1 239 242 124 0 0 0 8 0 0 0 0 0 1 0 0 0 0 1 3 5 4 5 0 13 0 0 0 72 245 243 13 0 4 1 0 9 0 0 0 0 2 1 0 0 0 0 1 2 6 0 0 0 0 24 8 91 255 142 0 0 2 9 0 2 0 0 0 0 3 2 0 0 0 0 0 0 1 0 11 0 0 2 0 104 255 94 23 0 0 6 5 0 0 0 0 0 2 2 1 0 0 0 0 0 0 8 0 0 18 0 0 221 253 130 0 0 0 0 3 4 0 0 0 0 1 1 0 0 0 0 0 0 0 3 0 0 8 0 39 248 248 59 0 0 11 0 3 4 0 0 0 0 0 0 0 0 0 0 0 0 0 0 7 3 0 3 89 238 252 2 12 0 9 1 0 0 0 0 0 0 0 0 0 0 0 0 0 0 2 4 0 0 13 0 72 255 255 88 0 5 0 2 0 8 0 0 0 0 0 0 0 0 0 0 0 0 4 8 0 0 3 0 85 255 255 158 38 0 0 5 1 0 0 0 0 0 0 0 0 0 0 0 0 0 0 4 0 3 9 0 52 158 242 88 0 0 18 0 0 16 0 0 0 0 0 0 0 0 0 0 0 0 0 7 2 0 0 0 0 17 2 8 7 0 0 0 3 0 0 0 0 0 0 0 0 0 0 0 0 0 0 0 0 0 0 8 5 0 0 0 2 6 2 0 0 0 0 0 0 0
0 0 0 0 0 0 0 0 0 0 6 3 0 0 0 0 0 0 0 0 0 3 6 3 0 0 0 0 0 0 0 0 0 0 0 0 10 2 0 1 5 3 2 4 0 0 4 5 4 2 0 0 0 0 0 0 0 0 0 0 0 0 0 0 0 0 0 0 4 0 0 0 9 3 0 0 0 0 0 4 0 0 0 0 0 0 0 0 0 0 0 0 7 9 9 6 0 0 0 4 0 0 0 7 9 5 4 7 0 0 0 0 0 0 0 0 0 0 0 0 0 0 0 0 0 0 7 4 6 2 0 0 0 0 0 0 0 0 0 0 0 0 0 0 0 0 0 0 0 4 4 2 6 10 0 0 0 1 2 1 4 10 13 12 0 0 0 0 0 0 0 0 0 0 0 0 0 0 0 1 0 0 2 16 0 3 5 0 0 0 0 0 0 0 0 0 0 0 0 0 0 0 0 0 6 0 3 24 38 68 147 231 226 195 123 40 0 0 6 4 0 0 0 0 3 0 17 0 0 0 13 0 3 87 207 224 253 255 248 255 255 237 252 192 8 0 0 8 0 0 0 0 4 0 0 0 14 4 0 17 122 244 246 255 242 148 93 95 68 194 255 224 2 8 0 0 0 0 0 0 0 2 0 4 7 0 10 145 255 255 166 116 7 0 15 0 92 227 244 152 7 0 5 6 0 0 0 0 0 5 1 7 0 0 123 255 248 131 14 0 0 16 0 86 244 255 127 14 0 0 6 0 0 0 0 0 4 0 0 6 0 32 229 252 95 1 0 0 0 2 0 134 255 240 39 0 0 14 0 0 0 0 0 0 9 0 3 1 0 42 255 244 18 0 15 7 26 88 201 246 243 252 105 7 14 2 1 4 0 0 0 0 2 0 9 0 0 15 186 255 197 167 115 139 245 241 255 234 252 255 163 0 4 0 7 0 0 0 0 0 0 0 7 0 6 0 87 252 249 249 255 255 255 212 147 15 255 255 134 4 0 9 9 0 0 0 0 0 2 0 0 7 0 0 21 58 193 208 205 158 61 0 0 16 255 248 149 0 5 0 0 0 0 0 0 0 2 0 0 6 0 0 0 12 0 0 0 5 0 0 7 13 254 252 166 0 6 0 0 0 0 0 0 0 0 0 0 3 3 0 0 0 3 0 0 0 0 3 8 13 254 255 182 1 6 0 0 2 0 0 0 0 0 0 0 0 1 6 5 1 1 6 12 1 0 0 0 12 255 255 175 0 5 0 0 4 0 0 0 0 0 3 1 0 0 0 1 0 0 0 0 0 7 13 0 20 255 251 143 0 2 0 0 3 0 0 0 0 0 0 3 1 0 1 0 0 7 0 3 0 1 0 0 22 255 249 99 0 0 1 3 1 0 0 0 0 0 0 0 4 6 4 2 3 0 0 9 0 1 0 6 91 254 249 61 0 0 0 4 0 0 0 0 0 11 0 0 0 0 0 0 0 5 0 9 0 0 0 9 109 251 251 40 8 0 0 4 0 0 0 0 0 0 0 0 0 0 0 0 0 2 0 0 5 0 0 23 63 243 255 77 0 14 0 1 4 0 0 0 0 0 0 0 0 0 0 0 0 0 0 0 6 1 0 5 25 254 246 83 0 12 0 0 3 0 0 0 0 0 0 0 0 0 0 0 0 0 0 0 2 1 0 0 0 125 237 174 14 0 1 15 0 0 0 0 0 0 0 0 0 0 0 0 0 1 2 0 0 0 0 0 0 13 1 0 0 15 14 0 2 0 0 0 0
0 0 0 0 0 0 0 0 0 4 2 0 0 5 4 0 3 0 12 0 0 1 5 5 0 0 0 0 0 0 0 0 0 0 0 0 0 0 6 7 2 0 0 0 9 0 11 0 11 1 0 0 0 0 0 0 0 0 0 0 0 0 0 0 10 0 0 0 0 3 9 16 2 0 2 0 3 0 0 19 0 0 0 0 0 0 0 0 0 0 0 0 3 2 1 2 2 0 0 0 3 5 4 0 10 3 0 0 0 0 0 0 0 0 0 0 0 0 0 0 0 3 10 3 0 2 8 9 0 7 5 0 0 0 6 12 0 0 0 0 0 0 0 0 0 0 0 0 3 3 0 0 0 0 0 0 3 2 0 4 0 10 6 0 0 0 0 0 0 0 0 0 0 0 0 0 5 0 0 7 4 0 0 10 100 158 209 209 74 0 0 9 0 0 0 0 0 0 0 0 0 0 0 0 1 0 0 6 0 15 116 229 252 253 255 251 98 0 0 0 0 0 0 0 0 0 0 0 0 0 0 0 0 8 0 0 27 166 255 252 183 112 205 246 121 11 0 2 0 0 0 0 0 0 0 0 0 0 0 0 13 0 0 49 219 255 204 26 0 0 162 255 82 0 24 0 0 0 0 0 0 0 0 0 0 0 0 0 0 20 9 196 251 187 43 5 19 21 204 231 34 10 0 10 0 0 0 0 0 0 0 0 0 0 0 0 5 0 70 245 231 33 0 7 18 149 251 163 0 6 12 0 0 0 0 0 0 0 0 0 0 0 0 0 0 0 149 241 174 25 132 166 255 248 238 137 9 0 8 0 0 0 0 0 0 0 0 0 0 0 0 0 0 27 94 255 255 255 227 255 244 255 233 62 0 15 0 0 0 0 0 0 0 0 0 0 0 0 0 0 0 2 0 67 156 153 116 216 255 235 53 0 6 0 1 7 0 0 0 0 0 0 0 0 0 0 0 0 6 0 20 0 0 0 80 219 250 120 0 9 0 5 0 4 0 0 0 0 4 0 0 2 10 0 0 0 2 0 13 7 0 42 234 255 136 19 0 11 0 0 7 2 0 0 0 0 0 7 7 2 0 0 7 10 3 15 0 0 54 207 255 157 27 0 0 12 0 0 9 0 0 0 0 0 0 0 4 3 0 2 2 0 0 0 0 56 246 255 162 13 0 0 9 3 0 0 6 0 0 0 0 0 7 0 0 6 0 1 0 0 6 0 62 228 255 177 31 0 8 3 0 0 1 0 0 3 0 0 0 0 9 0 11 1 0 2 0 12 0 54 235 254 132 16 20 0 4 0 0 0 14 2 0 0 0 0 0 0 2 1 9 0 2 13 0 0 63 216 250 162 3 0 0 0 0 1 0 0 1 0 0 0 0 0 0 0 0 0 0 0 9 8 0 56 212 255 134 12 7 0 0 15 3 8 6 0 0 0 2 2 0 0 0 0 5 0 7 2 0 0 38 221 233 141 0 0 4 2 1 0 1 0 0 7 3 0 0 0 0 0 0 0 3 4 0 8 0 3 186 251 73 23 0 0 7 0 0 7 0 0 0 0 0 0 0 0 0 0 0 0 0 0 2 0 13 123 243 148 18 0 0 0 5 1 0 0 0 0 0 0 0 0 0 0 0 0 0 0 6 7 5 0 0 0 16 0 0 0 2 0 1 5 1 0 0 0 0 0 0 0 0 0 0 0 0 0 0 3 0 0 13 6 0 2 0 7 7 0 0 2 2 0 0 0 0 0 0 0 0 0 0 0 0 0
0 0 0 0 0 0 0 0 0 0 0 0 0 0 0 0 3 3 1 0 2 4 0 0 0 0 0 0 0 0 0 0 0 0 0 0 0 0 0 0 0 0 0 0 0 0 0 0 0 0 1 11 0 0 0 0 0 0 0 0 0 0 0 0 0 0 0 0 0 0 0 0 7 0 0 7 10 2 0 0 0 0 0 0 0 0 0 0 0 0 0 0 0 0 0 0 0 0 0 0 4 0 0 0 0 5 6 6 0 0 0 0 0 0 0 0 0 0 0 0 0 0 0 0 0 0 0 0 0 4 11 3 0 0 0 0 0 0 0 0 0 0 0 0 0 0 0 0 0 0 0 0 0 0 0 0 5 4 0 0 0 8 11 4 0 0 0 0 0 0 0 0 0 0 0 0 0 0 0 0 0 0 0 0 4 0 0 6 3 0 0 0 0 0 0 0 0 0 0 0 0 0 0 0 0 0 0 0 0 0 0 0 87 147 234 255 194 73 4 0 0 0 0 0 0 0 0 0 0 0 0 0 0 0 0 11 1 0 118 217 245 255 246 245 255 174 1 3 0 0 0 0 0 0 0 0 0 0 0 0 4 10 0 18 72 241 255 233 211 74 13 134 238 217 7 0 0 0 0 0 0 0 0 0 0 0 0 0 0 0 17 133 248 245 200 100 0 4 0 255 251 221 50 13 0 0 0 0 0 0 0 0 0 0 0 0 0 39 172 247 255 194 21 0 0 61 237 255 252 215 14 0 0 0 0 0 0 0 0 0 0 0 0 0 0 176 253 186 115 0 0 28 143 235 250 236 252 64 1 0 0 0 0 0 0 0 0 0 0 0 0 0 180 244 229 7 0 2 105 255 255 234 255 241 77 0 21 6 0 0 0 0 0 0 0 0 0 0 0 0 201 255 147 93 119 211 242 255 249 255 230 19 0 8 0 0 0 0 0 0 0 0 0 0 0 0 0 0 207 255 245 255 248 249 241 255 249 209 59 2 2 0 7 0 0 0 0 0 0 2 4 0 0 0 9 21 231 246 255 243 208 62 194 251 253 64 0 0 0 6 0 0 0 0 0 0 0 1 3 1 0 0 3 10 6 0 0 9 0 22 231 248 119 12 0 0 0 4 0 8 0 0 0 0 0 0 2 1 0 0 0 0 0 17 0 3 1 227 255 171 17 0 6 0 0 5 0 4 0 0 0 0 0 0 0 0 1 0 0 0 4 0 0 27 246 232 187 0 0 1 11 0 0 8 0 0 0 0 0 0 1 0 0 0 0 1 0 0 1 0 0 93 234 255 73 0 0 3 2 0 1 6 0 1 0 0 0 0 1 0 0 0 0 2 3 3 0 3 66 255 255 106 2 0 0 2 2 0 3 0 0 8 0 0 0 0 0 0 0 0 0 0 1 2 9 77 209 235 101 7 3 6 0 3 3 5 2 0 1 1 0 0 0 0 0 0 2 1 0 0 0 0 0 175 255 240 13 0 11 0 1 0 0 0 0 3 8 0 0 0 0 0 0 4 0 0 1 0 0 0 115 255 234 85 9 0 10 0 0 0 0 0 0 0 0 0 0 0 0 0 0 1 2 2 1 0 17 54 240 232 94 0 0 2 11 0 0 0 0 0 0 0 0 0 0 0 0 0 1 0 0 3 0 0 12 56 253 172 30 0 2 0 3 1 0 0 0 0 0 0 0 0 0 0 0 0 5 1 0 0 3 0 0 11 0 0 0 7 15 0 2 0 0 0 0 0 0 0 0 0 0 0 0 0
0 0 0 0 0 0 0 0 10 0 0 13 0 0 8 0 0 0 0 1 0 0 0 9 0 0 0 0 0 0 0 0 0 0 0 0 0 3 0 0 13 7 0 0 3 3 5 7 4 0 0 0 0 0 0 0 0 0 0 0 0 0 0 0 2 5 17 9 0 0 5 2 0 0 0 0 2 3 1 0 0 0 0 0 0 0 0 0 0 0 0 0 7 0 0 1 0 0 17 0 0 0 0 0 0 2 5 3 0 0 0 0 0 0 0 0 0 0 0 0 0 4 0 3 13 0 0 9 0 4 4 0 0 0 1 2 0 0 0 0 0 0 0 0 0 0 0 0 5 0 0 0 0 0 0 5 0 0 0 1 2 0 0 1 0 0 0 0 0 0 0 0 0 0 0 0 0 16 118 214 252 255 242 154 15 0 0 0 4 0 0 3 0 0 0 0 0 0 0 0 0 0 0 0 121 205 255 253 245 252 253 246 62 23 0 0 4 0 0 3 0 0 0 0 3 0 0 0 0 10 0 77 251 249 255 249 187 236 237 255 236 149 5 0 1 0 27 0 0 0 0 0 0 0 4 0 0 0 0 81 255 248 201 27 0 90 244 248 251 255 116 0 1 20 0 18 0 0 0 0 0 2 3 1 5 0 0 135 245 218 0 3 6 0 0 77 246 253 232 8 14 0 2 0 0 0 0 0 0 5 0 0 2 4 6 201 255 248 227 10 0 6 5 0 108 255 255 238 13 5 21 9 0 0 0 0 1 8 0 0 0 0 1 226 252 210 66 12 0 7 8 3 22 234 255 255 90 0 0 0 0 0 0 0 0 2 0 3 0 4 0 225 255 144 0 0 6 7 0 0 9 205 251 247 118 15 0 0 0 0 0 0 0 0 0 10 0 12 0 218 246 249 34 0 5 0 9 2 9 162 254 255 106 0 0 9 0 0 0 0 7 0 0 8 0 8 0 204 255 248 247 254 104 139 166 165 204 255 245 252 125 0 7 0 0 0 0 0 3 0 0 4 0 0 23 62 246 252 251 255 246 248 255 248 245 255 245 255 119 7 0 11 0 0 0 0 3 0 0 4 0 0 0 15 30 201 200 221 255 240 251 255 253 255 254 238 64 0 16 0 0 0 0 0 1 0 0 2 1 0 0 0 0 5 18 25 40 45 31 25 64 228 250 255 14 4 0 0 0 0 0 0 2 1 0 0 0 4 4 0 11 0 2 0 0 10 0 17 117 255 255 138 1 1 0 2 0 0 0 0 3 5 2 0 0 0 0 0 0 15 7 6 0 0 7 0 112 238 255 64 0 0 0 6 0 0 0 0 0 1 3 2 0 0 0 0 5 0 0 0 0 1 20 14 236 255 246 64 0 21 9 0 0 0 0 0 0 0 0 4 7 5 3 3 0 9 6 0 14 0 12 126 242 254 204 27 7 0 5 0 0 0 0 0 9 0 0 0 1 0 0 0 0 5 0 15 0 19 203 254 253 255 63 0 2 11 0 6 0 0 0 0 0 0 0 0 0 0 0 0 0 7 0 21 113 210 255 237 255 105 6 1 0 3 13 0 0 0 0 0 0 0 0 0 0 0 0 0 0 0 32 176 255 244 249 255 160 37 0 12 10 0 0 3 0 0 0 0 0 0 0 0 0 0 0 0 6 1 0 1 8 2 4 0 30 0 0 1 2 0 1 0 0 0 0 0 0 0 0 0 0 0 0 0 0 0 1 0 0 0 0 0 0 1 4 0 0 4 4 0 0 0 0 0
0 0 0 0 0 0 0 0 0 1 2 0 0 0 2 0 0 0 0 9 3 0 0 13 0 0 0 0 0 0 0 0 0 0 0 0 6 0 0 0 0 0 0 0 0 11 0 0 0 6 8 0 0 0 0 0 0 0 0 0 0 0 0 0 0 0 0 9 11 4 3 8 7 0 18 2 0 7 0 11 0 0 0 0 0 0 0 0 0 0 0 0 0 3 7 3 0 0 0 0 9 0 0 1 6 0 4 0 0 0 0 0 0 0 0 0 0 0 0 0 0 6 2 0 0 2 7 4 0 0 18 0 0 14 0 0 0 0 0 0 0 0 0 0 0 0 0 0 0 0 0 0 6 11 2 0 6 11 0 2 0 2 0 4 0 0 0 0 0 0 0 0 0 0 0 0 2 0 1 3 0 0 0 6 0 136 132 255 191 38 14 0 0 0 0 0 0 0 0 0 0 0 0 0 2 0 0 5 0 2 71 153 236 204 213 234 237 230 6 0 0 0 0 0 0 0 0 0 0 0 0 0 0 1 5 14 0 67 253 231 88 0 7 10 170 255 80 0 0 0 0 0 0 0 0 0 0 0 0 0 4 8 0 0 150 222 184 55 1 6 4 0 164 252 75 8 0 0 0 0 0 0 0 0 0 0 0 0 0 8 0 132 245 191 22 0 0 0 1 18 144 248 16 7 0 0 0 0 0 0 0 0 0 0 0 0 0 4 126 255 249 34 0 9 0 4 200 158 227 69 13 0 0 0 0 0 0 0 0 0 0 0 0 0 0 59 255 242 125 0 6 7 40 159 255 255 117 0 0 5 0 0 0 0 0 0 0 0 0 0 0 0 3 63 250 147 4 7 0 35 182 255 247 101 1 7 0 0 0 0 0 0 0 0 0 0 0 0 0 0 0 67 255 209 102 43 111 241 255 242 185 0 1 21 0 0 0 0 0 0 0 0 0 0 0 0 0 0 1 30 105 250 251 255 255 254 255 194 5 0 14 0 7 1 0 0 0 0 0 0 0 0 0 0 0 0 6 0 2 51 61 74 247 255 220 69 0 6 0 0 7 0 0 0 0 0 0 0 0 0 0 0 0 0 0 0 1 0 0 138 255 210 69 3 0 12 1 0 2 0 0 0 0 0 0 0 0 0 0 0 0 0 0 8 0 1 57 243 239 99 0 0 0 5 0 0 6 0 0 0 0 0 0 0 0 0 0 0 0 0 8 0 5 60 247 255 145 0 3 13 6 0 0 3 5 2 0 0 0 0 0 0 0 0 0 0 0 0 0 3 12 224 255 205 18 0 0 7 0 0 2 4 0 0 0 0 0 0 0 0 0 0 0 0 0 0 0 22 168 255 215 47 0 0 0 0 0 1 5 0 0 2 0 0 0 0 0 0 0 0 0 0 0 0 0 80 255 238 95 0 0 3 3 2 3 2 0 0 1 6 0 0 0 0 0 0 0 0 0 0 0 0 1 113 249 130 7 11 0 4 2 0 0 0 0 2 0 0 0 0 0 0 0 0 0 0 0 0 0 0 11 173 255 175 50 8 6 0 0 0 0 0 0 0 0 0 0 0 0 0 0 0 0 0 0 0 0 0 0 137 232 172 54 0 1 11 0 0 0 0 0 0 0 0 0 0 0 0 0 0 0 0 0 0 0 0 0 6 4 0 1 10 2 0 0 0 0 0 0 0 0 0 0 0 0 0 0 0 0 0 0 0 0 0 0 0 0 0 0 0 3 13 0 0 0 0 0 0 0 0 0 0 0 0
0 0 0 0 0 0 0 0 6 3 0 0 0 0 0 0 0 15 0 9 0 0 0 2 0 0 1 1 0 0 0 0 0 0 0 0 0 0 2 4 4 3 3 3 8 7 0 0 3 15 0 0 6 3 1 0 0 0 0 0 0 0 0 0 0 0 3 3 1 0 0 0 0 1 4 3 0 0 0 4 0 0 0 2 0 0 0 0 0 0 0 0 2 1 0 0 0 0 0 0 0 0 1 1 0 8 0 2 0 0 0 0 0 0 0 0 0 0 0 0 1 0 0 0 2 5 4 2 6 0 14 10 0 0 1 0 5 8 1 0 0 0 0 0 0 0 0 0 0 0 0 1 2 0 0 0 0 0 0 0 0 0 16 0 0 0 3 5 0 0 0 0 0 0 0 0 0 2 3 0 0 0 0 5 0 37 112 214 255 245 247 166 30 0 0 14 0 0 0 0 0 0 0 0 0 2 4 0 0 5 28 49 176 230 251 249 190 141 244 252 126 19 0 6 0 1 2 0 0 5 0 0 0 16 0 0 10 115 182 254 255 195 110 40 0 5 70 254 189 1 3 0 0 0 1 6 4 0 0 7 13 3 0 93 190 255 244 180 105 0 20 0 1 0 17 155 133 0 2 3 6 3 0 4 0 0 1 8 0 5 176 237 255 130 41 0 0 15 0 19 168 82 29 155 59 0 0 5 0 9 0 0 0 6 0 0 62 187 253 239 109 0 3 9 7 7 12 186 255 241 0 0 8 0 0 3 0 4 3 8 0 3 0 29 235 236 202 20 0 9 3 0 4 1 206 248 219 52 4 0 0 8 0 0 1 0 0 10 0 0 7 162 242 153 0 1 0 4 0 19 51 167 255 217 126 0 8 5 0 11 0 0 14 0 0 1 0 2 10 242 255 69 0 9 4 0 51 166 236 236 234 48 0 0 0 0 0 4 0 5 6 0 8 1 1 12 0 209 252 144 92 97 79 151 243 243 255 241 106 0 10 2 0 9 0 0 0 10 1 0 0 0 0 2 6 9 235 231 255 255 255 245 255 251 242 183 6 0 7 0 0 1 0 0 0 0 1 0 0 0 0 1 5 7 14 23 92 135 95 106 184 243 227 23 0 19 0 0 4 0 0 0 0 0 0 0 0 0 0 1 2 3 2 0 0 3 9 28 242 255 120 0 1 2 0 5 2 0 0 0 0 0 0 0 1 1 1 0 0 0 1 6 0 3 61 227 250 160 4 21 3 0 10 0 1 1 0 0 0 0 0 0 1 1 1 0 0 0 0 12 0 0 174 255 227 21 0 18 0 12 1 0 3 0 0 0 0 0 0 0 0 0 0 0 0 0 4 0 44 162 250 221 42 0 0 2 0 9 0 7 0 0 0 0 0 0 0 0 0 0 0 0 0 0 0 27 140 254 249 59 6 4 0 6 4 0 2 20 0 2 0 0 0 0 0 0 0 0 0 0 0 1 0 138 255 247 113 0 6 0 3 0 1 0 5 0 3 2 0 0 0 0 0 0 0 0 0 0 0 0 110 233 255 187 0 6 8 2 0 0 0 0 0 0 0 0 0 0 0 0 0 0 0 0 0 0 0 0 126 255 158 0 0 16 0 9 0 0 0 0 0 0 0 0 0 0 0 0 0 0 0 0 0 0 0 0 0 0 0 0 15 0 3 4 0 0 0 0 0 0 0 0 0 0 0 0 0 0 0 0 0 0 0 0 19 0 9 4 3 0 11 1 0 0 0 0 0 0 0 0 0 0 0 0
0 0 0 0 0 0 0 0 0 1 4 1 0 0 0 2 0 1 2 0 0 0 0 0 0 0 0 0 0 0 0 0 0 0 0 0 1 0 0 0 4 1 2 0 0 0 4 8 9 7 2 0 0 0 0 0 0 0 0 0 0 0 0 0 5 1 10 0 7 0 3 0 8 0 0 0 0 0 0 0 0 0 0 0 0 0 0 0 0 0 0 0 0 0 6 0 8 0 7 2 0 0 2 6 9 9 6 4 0 0 0 0 0 0 0 0 0 0 0 0 8 0 0 0 7 0 0 0 0 0 0 0 0 0 0 0 0 0 0 0 0 0 0 0 0 0 0 0 0 0 2 4 0 0 3 10 0 0 0 0 1 5 7 8 0 0 0 0 0 0 0 0 0 0 0 0 3 10 0 11 0 3 0 0 15 6 0 0 2 3 0 0 0 0 0 0 0 0 0 0 0 0 0 0 2 1 0 93 164 255 255 255 238 175 87 20 0 0 1 5 0 0 0 0 0 2 1 0 0 1 0 0 3 35 54 233 255 255 237 255 250 255 240 167 46 2 9 0 0 0 0 0 0 8 3 0 3 0 0 6 0 223 253 223 23 27 18 103 153 255 255 255 152 0 0 6 0 0 0 0 0 1 0 0 15 0 0 6 201 255 205 38 8 0 2 7 7 48 241 243 249 0 7 0 0 0 0 0 0 8 6 0 0 0 74 219 255 207 49 0 6 4 0 4 0 35 176 235 252 64 0 15 0 0 0 0 1 0 0 5 11 3 90 246 245 170 0 3 0 14 0 0 0 0 29 170 67 10 3 0 0 0 0 0 0 1 0 2 0 0 110 255 251 244 210 111 66 0 76 105 68 0 0 7 9 0 9 7 0 0 0 0 4 0 0 0 5 1 28 80 249 250 255 238 255 218 221 249 247 68 19 3 0 12 0 0 0 0 0 0 0 3 4 0 0 0 0 8 107 190 255 214 165 146 97 196 255 115 0 0 10 0 0 3 0 0 0 0 0 0 0 0 0 0 0 0 6 12 55 16 0 4 8 118 246 247 71 0 0 0 12 0 0 0 0 0 0 0 0 0 0 0 0 0 0 0 15 6 0 1 0 58 254 248 90 0 2 0 7 0 0 0 0 0 0 0 0 0 0 0 0 0 0 0 0 3 0 1 0 54 255 247 94 1 5 0 0 4 0 0 0 0 0 0 0 0 0 0 0 0 2 3 0 2 0 1 11 137 255 240 62 2 0 0 0 0 0 0 0 0 0 0 0 0 0 0 0 0 0 3 3 0 0 2 34 225 249 220 15 5 0 0 4 0 0 0 0 0 0 0 0 0 0 0 0 0 0 0 1 0 5 9 81 255 248 178 0 5 0 0 8 0 0 0 0 0 0 0 0 0 0 0 0 0 0 0 0 0 2 8 155 254 249 121 0 0 3 1 3 0 0 0 0 0 0 0 0 0 0 0 0 0 0 0 0 9 0 0 214 245 249 77 8 0 9 2 0 0 0 0 0 0 0 0 0 0 0 0 0 0 0 11 0 7 6 0 195 248 251 85 14 0 0 12 0 0 0 0 0 0 0 0 0 0 0 0 0 0 0 9 0 8 3 0 193 255 255 72 0 0 0 6 0 22 0 0 0 0 0 0 0 0 0 0 0 0 4 4 0 0 0 19 184 250 211 63 7 12 8 0 0 0 0 0 0 0 0 0 0 0 0 0 0 0 0 0 15 13 7 0 9 0 17 0 0 0 0 7 4 3 0 0 0 0
0 0 0 0 0 0 0 0 0 0 1 0 0 0 0 0 2 3 0 0 0 0 0 8 0 0 0 0 0 0 0 0 0 0 0 0 5 3 0 0 0 0 3 5 0 0 5 6 8 7 0 0 0 0 0 0 0 0 0 0 0 0 0 0 0 0 0 1 1 0 0 0 4 1 0 0 0 4 9 0 0 0 0 0 0 0 0 0 0 0 0 0 0 0 0 6 7 3 1 1 6 0 5 7 0 0 3 0 0 0 0 0 0 0 0 0 0 0 0 0 10 3 0 0 0 0 0 0 0 0 0 0 0 0 0 10 0 0 0 0 0 0 0 0 0 0 0 0 0 0 0 6 9 5 4 10 9 11 6 6 8 0 0 2 0 0 0 0 0 0 0 0 0 0 0 0 9 1 0 2 0 0 0 0 0 7 0 0 5 10 0 3 0 0 0 0 0 0 0 0 0 0 0 0 0 0 3 42 93 148 207 250 255 237 119 6 0 0 0 3 0 0 0 0 0 2 0 0 22 0 0 0 0 17 164 244 250 213 195 193 187 220 241 38 8 0 8 0 0 0 0 0 2 0 8 0 0 1 0 18 155 249 239 185 107 19 0 0 0 39 250 127 5 0 7 0 0 0 0 0 0 4 3 0 1 0 2 166 251 173 35 8 0 0 6 7 0 103 252 121 0 10 4 0 0 0 0 0 0 3 0 0 14 5 57 255 169 19 0 10 1 2 0 9 86 251 255 121 0 11 0 7 0 0 0 0 9 0 4 3 0 14 139 242 79 0 3 6 5 0 1 46 218 236 246 145 2 0 1 0 0 0 0 0 1 0 8 0 0 0 144 255 59 10 0 0 0 33 188 249 227 134 249 119 14 0 7 0 0 0 0 0 0 7 1 0 8 0 62 228 227 155 119 166 201 225 254 200 46 54 255 118 5 0 0 5 0 0 0 0 2 0 0 0 0 6 0 81 227 255 255 245 255 216 61 9 2 52 252 143 0 0 14 0 0 0 0 0 0 0 0 0 0 0 0 0 7 53 71 36 2 1 6 0 0 73 249 94 7 0 0 9 0 0 0 0 0 0 0 0 0 0 0 0 0 4 10 2 0 0 0 0 0 126 255 67 0 0 0 0 0 0 0 0 0 0 0 0 0 0 0 0 5 0 0 0 6 2 1 4 2 195 239 31 0 4 0 0 0 0 0 0 0 0 0 0 0 0 0 0 5 0 0 4 0 0 0 5 21 237 196 2 4 1 0 5 0 0 0 0 0 0 0 0 0 0 0 0 0 0 3 1 0 0 0 3 19 255 165 0 5 0 0 4 0 0 0 0 0 0 0 0 0 0 0 0 0 5 4 0 1 8 5 0 33 255 156 2 2 0 5 0 0 0 0 0 0 0 0 0 0 0 0 0 0 0 0 0 0 0 0 0 96 255 123 5 2 3 11 0 0 0 0 0 0 0 0 0 0 0 0 0 0 0 5 6 2 1 11 23 164 245 72 0 1 0 3 0 0 0 0 0 0 0 0 0 0 0 0 0 0 4 0 0 0 4 0 204 255 248 20 7 0 1 14 0 0 0 0 0 0 0 0 0 0 0 0 0 4 2 0 3 0 0 11 212 255 199 0 3 7 0 5 0 0 0 0 0 0 0 0 0 0 0 0 0 0 4 0 10 0 0 1 123 251 162 4 0 0 0 4 11 0 0 0 0 0 0 0 0 0 0 0 0 0 11 0 3 0 2 0 9 1 0 0 5 14 10 3 0 0 0 0 0
0 0 0 0 0 0 0 0 0 0 0 0 0 4 4 0 0 0 0 0 0 0 0 6 0 0 0 0 0 0 0 0 0 0 0 0 0 0 0 9 9 0 0 0 3 1 5 11 12 5 0 1 0 0 0 0 0 0 0 0 0 0 0 0 6 1 0 0 0 0 0 6 8 0 0 0 0 0 0 0 0 0 0 0 0 0 0 0 0 0 0 0 0 2 7 0 0 9 9 0 0 0 2 8 10 8 5 2 0 0 0 0 0 0 0 0 0 0 0 0 1 6 5 0 0 0 0 0 5 7 7 4 0 0 0 0 0 0 0 0 0 0 0 0 0 0 0 0 3 0 0 3 7 2 3 12 0 0 0 0 0 7 9 7 0 0 0 0 0 0 0 0 0 0 0 0 3 3 0 0 0 4 1 0 8 3 0 0 0 6 1 0 0 0 0 0 0 0 0 0 0 0 0 0 0 13 0 0 46 172 253 255 253 191 100 24 0 0 3 2 0 0 0 0 0 0 0 0 0 0 0 0 0 15 14 156 238 255 255 255 249 255 255 167 9 1 0 11 0 0 0 0 0 0 0 0 0 0 0 0 15 0 176 255 255 231 119 104 35 191 255 250 28 0 14 0 0 0 0 0 0 0 0 0 0 0 0 0 0 108 246 255 154 12 16 2 12 94 255 240 60 6 0 0 0 0 0 0 0 0 0 0 0 0 0 0 10 95 255 188 1 13 0 0 0 132 237 255 43 4 0 13 0 0 0 0 0 0 0 0 0 0 0 0 0 217 240 157 1 9 0 0 61 221 255 169 0 11 0 7 0 0 0 0 0 0 0 0 0 0 0 0 0 200 254 205 3 0 0 16 236 255 247 5 0 12 0 0 0 0 0 0 0 0 0 0 0 0 0 0 7 144 252 253 206 170 119 167 251 255 85 17 0 0 8 6 0 0 0 0 0 0 0 0 0 0 0 0 0 29 167 213 255 249 247 254 255 193 2 0 4 1 0 1 0 0 0 0 0 0 0 0 0 0 0 0 3 6 0 20 137 213 255 255 238 56 0 3 0 5 0 0 0 0 0 0 0 0 0 0 0 0 0 0 0 0 13 0 15 77 240 247 107 5 0 0 0 3 0 9 0 0 0 0 0 0 0 0 0 0 0 0 3 2 1 9 0 141 255 207 10 0 3 0 0 6 0 5 0 0 0 0 0 0 0 0 0 0 0 0 2 11 0 0 39 237 236 63 0 0 7 0 0 10 0 0 0 0 0 0 0 0 0 0 0 0 0 0 0 4 13 0 139 254 169 0 0 1 0 0 1 7 0 1 0 0 0 0 0 0 0 0 0 0 0 0 5 0 3 62 244 255 108 4 0 1 1 0 2 0 0 8 0 0 0 0 0 0 0 0 0 0 0 0 9 0 0 181 255 177 16 0 0 4 6 8 1 0 0 2 0 0 0 0 0 0 0 0 0 0 0 0 0 2 57 255 241 57 0 11 0 0 0 1 0 0 6 0 0 0 0 0 0 0 0 0 0 0 0 0 0 65 176 255 168 2 0 3 0 0 0 0 0 0 0 0 0 0 0 0 0 0 0 0 0 0 0 0 0 144 255 238 80 2 4 0 0 0 0 0 0 0 0 0 0 0 0 0 0 0 0 0 0 0 0 0 0 106 235 152 12 0 0 16 0 0 0 0 0 0 0 0 0 0 0 0 0 0 0 0 0 0 0 0 7 0 19 12 0 8 0 0 0 0 0 0 0 0 0 0 0 0 0 0
0 0 0 0 0 0 0 0 2 1 2 5 2 0 0 4 1 3 2 3 8 0 0 5 0 0 0 0 0 0 0 0 0 0 0 0 1 0 0 0 0 0 1 0 1 0 0 0 0 7 0 5 0 0 0 0 0 0 0 0 0 0 0 0 5 4 2 2 4 4 0 0 5 3 1 25 0 0 22 0 0 0 0 0 0 0 0 0 0 0 0 0 0 0 3 0 0 0 0 0 0 12 0 0 0 0 0 20 0 0 0 0 0 0 0 0 0 0 0 0 0 0 0 0 0 2 5 9 14 0 27 6 0 18 0 0 0 0 0 0 0 0 0 0 0 0 0 0 10 0 0 7 7 0 0 0 3 0 0 3 0 3 25 0 0 0 0 0 0 0 0 0 0 0 0 0 0 0 0 3 0 0 29 80 166 253 100 2 18 0 0 9 0 0 0 0 0 0 0 0 0 0 0 0 4 2 5 1 0 24 143 255 250 255 238 64 0 13 0 0 0 0 0 0 0 0 0 0 0 0 0 0 0 12 0 4 9 211 252 92 10 11 243 74 0 0 9 1 0 0 0 0 0 0 0 0 0 0 0 0 0 0 0 10 165 240 96 0 0 95 225 180 29 0 6 0 0 0 0 0 0 0 0 0 0 0 0 0 10 0 10 53 255 178 0 5 6 205 255 129 0 0 2 3 0 0 0 0 0 0 0 0 0 0 0 0 0 0 14 114 253 36 0 36 141 252 141 11 0 7 0 14 0 0 0 0 0 0 0 0 0 0 0 0 13 0 0 119 236 113 194 237 243 247 6 0 3 1 2 0 0 0 0 0 0 0 0 0 0 0 0 0 2 0 10 115 255 248 255 237 255 135 5 9 0 0 17 0 0 0 0 0 0 0 0 0 0 0 0 0 0 0 0 40 160 194 229 255 226 0 0 0 13 1 0 0 0 0 0 0 0 0 0 0 0 0 0 0 4 0 6 0 4 3 142 255 79 8 3 2 0 18 0 0 0 0 0 0 0 0 0 0 0 0 0 0 0 2 3 1 0 12 240 172 0 0 0 0 0 0 0 0 0 0 0 0 0 0 0 0 0 0 0 0 0 4 1 9 0 165 255 135 0 0 0 0 0 0 0 0 0 0 0 0 0 0 0 0 0 0 0 0 0 19 0 3 29 228 201 28 0 0 0 0 0 0 0 0 0 0 0 0 0 0 0 0 0 0 0 0 4 7 0 0 135 255 132 0 0 0 0 0 0 0 0 0 0 0 0 0 0 0 0 0 0 0 0 0 3 0 19 17 235 242 49 5 0 0 0 0 0 0 0 0 0 0 0 0 0 0 0 0 0 0 0 0 1 0 0 127 255 113 0 0 0 0 0 0 0 0 0 0 0 0 0 0 0 0 0 0 0 0 0 0 0 10 46 235 200 13 0 7 0 0 0 0 0 0 0 0 0 0 0 0 0 0 0 0 0 0 0 0 0 12 196 252 68 0 0 0 0 0 0 0 0 0 0 0 0 0 0 0 0 0 0 0 0 0 0 0 0 122 255 250 56 0 10 0 0 0 0 0 0 0 0 0 0 0 0 0 0 0 0 0 0 0 0 0 0 105 225 201 27 0 8 13 0 0 0 0 0 0 0 0 0 0 0 0 0 0 0 0 0 0 0 0 0 0 4 7 0 2 9 0 0 0 0 0 0 0 0 0 0 0 0 0 0 0 0 0 0 0 0 0 0 0 6 7 0 0 6 6 0 0 0 0 0 0 0 0 0 0 0 0
0 0 0 0 0 0 0 0 0 7 11 3 2 0 0 0 3 0 2 5 0 3 7 0 0 0 0 0 0 0 0 0 0 0 0 0 6 0 0 0 3 0 0 3 0 2 2 2 0 0 0 13 0 0 0 0 0 0 0 0 0 0 0 0 5 7 9 0 0 0 6 0 0 13 3 0 4 13 0 0 0 0 0 0 0 0 0 0 0 0 0 0 0 0 7 5 0 2 8 0 0 0 0 10 6 0 0 9 0 0 0 0 0 0 0 0 0 0 0 0 13 0 0 0 0 0 0 0 15 0 0 2 0 0 7 0 0 0 0 0 0 0 0 0 0 0 0 0 0 12 10 0 0 9 8 5 0 0 6 7 0 0 3 0 0 0 0 0 0 0 0 0 0 0 0 0 0 13 0 0 67 160 217 255 255 179 47 0 4 6 0 7 0 0 0 0 0 0 0 0 0 0 0 0 7 0 9 121 238 204 111 94 75 223 186 22 0 8 0 0 0 0 0 0 0 0 0 0 8 2 0 5 4 0 137 251 126 1 4 11 0 173 200 5 0 0 0 11 0 0 0 0 2 5 0 0 3 0 0 4 0 77 241 90 10 21 0 0 0 212 60 27 40 0 11 0 0 0 0 0 0 8 4 0 0 0 0 3 1 189 211 13 0 9 6 1 4 58 41 207 54 0 0 11 0 0 0 0 0 6 2 0 0 2 0 1 67 238 65 14 1 0 7 2 0 1 74 255 67 17 0 0 0 0 0 0 0 4 0 0 3 3 0 0 193 218 7 2 0 8 0 0 0 1 179 211 2 0 0 8 0 0 0 0 2 4 0 0 4 0 0 8 248 134 0 0 4 8 7 1 9 30 226 120 0 8 1 0 0 0 0 0 3 2 0 2 2 0 6 34 233 37 0 0 11 0 6 0 10 206 250 53 10 0 9 0 0 0 0 0 0 0 0 3 1 0 16 60 255 11 19 0 0 11 0 5 211 228 235 42 0 4 0 3 0 0 0 0 0 0 0 3 1 0 16 60 255 17 7 2 13 0 38 150 217 201 214 0 4 0 0 10 0 0 0 0 3 2 0 2 2 0 6 34 252 71 0 0 0 86 224 176 40 171 170 19 4 0 0 0 0 0 0 0 2 4 0 0 4 0 0 8 184 255 119 129 215 208 101 4 0 198 71 0 0 11 10 0 0 0 0 0 0 4 0 0 3 3 0 0 11 150 212 211 106 36 0 1 12 246 56 2 0 0 0 7 0 0 0 0 0 6 2 0 0 2 0 1 2 0 1 6 4 8 0 13 39 255 62 8 11 5 0 7 0 0 0 0 0 8 4 0 0 0 0 3 0 0 4 0 0 0 9 0 92 255 52 0 0 14 0 4 0 0 0 0 2 5 0 0 3 0 0 4 2 8 1 0 4 4 13 0 125 244 51 11 0 0 0 2 0 0 0 0 0 0 0 0 8 2 0 5 6 0 7 5 0 0 0 8 201 229 0 2 0 3 5 0 0 0 0 0 0 0 0 0 0 0 0 0 0 0 0 0 0 0 0 0 199 230 0 0 7 0 8 0 0 0 0 0 0 0 0 0 0 0 0 0 0 0 0 0 0 0 0 0 213 216 27 0 0 0 1 8 0 0 0 0 0 0 0 0 0 0 0 0 0 0 0 0 0 0 0 0 0 11 0 0 11 18 0 0 0 0 0 0 0 0 0 0 0 0 0 0 0 0 0 0 0 0 0 0 9 11 3 0 0 1 0 2 0 0 0 0
0 0 0 0 0 0 0 0 0 0 1 8 4 0 0 2 0 8 8 0 0 2 3 0 0 0 0 0 0 0 0 0 0 0 0 0 10 2 0 0 0 5 7 6 0 0 0 1 8 9 1 0 0 0 0 0 0 0 0 0 0 0 0 0 0 3 2 0 0 0 0 0 13 7 1 0 0 0 0 9 0 0 0 0 0 0 0 0 0 0 0 0 0 0 1 3 4 3 3 3 0 0 0 1 0 0 0 0 0 0 0 0 0 0 0 0 0 0 0 0 15 0 0 0 2 0 0 0 6 6 1 0 3 11 5 0 0 0 0 0 0 0 0 0 0 0 0 0 0 0 0 5 2 0 0 6 0 0 0 0 0 0 2 3 0 0 0 0 0 0 0 0 0 0 0 0 1 11 8 0 0 0 2 0 11 0 0 3 5 0 0 1 0 0 0 0 0 0 0 0 0 0 0 0 1 0 0 12 108 223 255 250 218 106 7 0 5 2 0 6 0 0 0 0 0 0 0 0 0 0 0 0 0 7 4 187 244 225 91 90 173 255 92 0 4 0 2 5 0 0 0 0 0 0 0 0 0 0 0 0 0 0 95 249 216 40 5 11 0 126 229 10 0 11 0 6 0 0 0 0 0 0 0 0 0 0 0 0 6 11 163 249 91 0 0 0 15 34 220 179 0 0 2 0 0 0 0 0 0 0 0 0 0 0 0 0 3 19 250 164 0 0 21 6 0 21 61 149 3 7 5 0 0 0 0 0 0 0 0 0 0 0 0 0 0 36 236 147 3 3 1 0 0 0 0 18 0 12 0 2 0 0 0 0 0 0 0 0 0 0 0 0 1 0 97 242 180 108 97 186 178 71 4 7 0 0 0 1 0 0 0 0 0 0 0 0 0 0 0 0 8 0 4 81 226 243 255 232 249 186 0 0 7 8 0 0 0 0 0 0 0 0 0 0 0 0 0 0 0 7 0 0 2 0 68 167 248 110 0 9 0 0 10 0 0 0 0 0 0 0 0 0 0 0 0 0 0 4 0 16 0 0 0 161 255 103 0 2 9 0 0 0 0 0 0 0 0 0 0 0 0 0 0 0 7 0 1 2 0 0 13 198 232 33 0 0 0 2 3 4 0 0 0 0 0 0 0 0 0 0 0 0 8 0 8 0 0 4 60 247 206 0 9 0 0 4 2 1 0 0 0 0 0 0 0 0 0 0 0 0 0 0 9 0 4 0 114 255 152 0 21 4 0 6 0 0 0 0 0 0 0 0 0 0 0 0 0 0 0 6 1 0 2 0 175 237 60 0 4 0 0 6 0 1 0 0 0 0 0 0 0 0 0 0 0 0 0 13 0 0 5 28 243 204 0 7 0 0 1 2 0 3 0 0 0 0 0 0 0 0 0 0 0 0 0 6 0 2 7 75 255 137 0 5 2 0 9 0 0 1 0 0 0 0 0 0 0 0 0 0 0 0 0 0 3 2 1 94 250 56 2 0 10 0 14 0 1 2 0 0 0 0 0 0 0 0 0 0 0 0 0 4 0 0 4 88 255 0 0 0 0 0 0 0 0 0 0 0 0 0 0 0 0 0 0 0 0 0 1 0 0 4 11 74 220 16 0 0 0 0 0 0 0 0 0 0 0 0 0 0 0 0 0 0 0 0 0 8 8 7 0 11 180 149 0 0 0 0 0 0 0 0 0 0 0 0 0 0 0 0 0 0 0 0 10 0 0 7 4 0 15 0 0 0 0 0 0 0 0 0 0 0 0 0
0 0 0 0 0 0 0 0 8 0 0 4 0 8 8 0 0 0 0 0 0 1 1 0 0 0 0 0 0 0 0 0 0 0 0 0 0 0 6 0 4 0 0 8 8 0 0 5 1 0 0 2 0 0 0 0 0 0 0 0 0 0 0 0 0 2 4 0 14 0 0 9 0 0 0 15 6 12 0 2 0 0 0 0 0 0 0 0 0 0 0 0 5 0 0 4 15 1 0 0 0 11 2 2 0 2 1 9 0 0 0 0 0 0 0 0 0 0 0 0 4 0 0 4 0 0 8 8 4 4 0 5 1 11 0 0 0 0 0 0 0 0 0 0 0 0 0 0 2 3 4 0 14 84 150 170 253 246 227 167 78 2 0 20 0 0 0 0 0 0 0 0 0 0 0 0 0 3 3 4 149 235 255 250 255 246 254 248 255 181 78 0 0 0 0 0 0 0 0 0 0 0 0 0 3 5 0 0 234 255 194 71 57 79 129 150 252 255 204 78 0 0 0 0 0 2 0 1 6 0 0 3 5 0 0 90 254 252 35 4 8 0 16 0 43 211 247 187 0 0 0 0 0 3 0 0 4 0 0 4 0 6 99 239 239 150 0 0 0 4 0 8 0 135 255 172 0 0 0 0 0 5 0 0 2 3 0 2 0 23 229 255 220 23 6 0 23 0 0 12 2 148 255 168 0 0 0 0 0 5 1 0 2 4 0 0 16 181 255 233 28 0 0 15 0 0 0 14 17 238 249 93 0 0 0 0 0 4 2 0 2 1 0 0 145 255 239 69 9 3 17 0 0 26 7 0 107 247 242 12 0 0 0 0 0 3 2 1 3 0 0 13 199 255 173 0 1 0 0 0 2 0 6 30 238 249 157 0 0 0 0 0 0 1 0 3 3 0 6 35 249 235 121 4 0 11 0 2 2 12 49 187 255 214 16 0 0 0 0 0 4 0 0 3 3 0 13 53 255 253 181 86 5 58 85 123 174 255 255 255 236 54 9 0 0 0 0 0 0 5 0 0 5 10 0 9 206 240 254 255 255 251 251 252 254 255 254 236 94 0 4 4 0 0 0 0 0 0 0 3 10 0 0 4 0 163 224 242 225 220 251 185 246 254 227 29 0 13 0 0 0 0 0 0 5 0 0 0 7 0 14 0 6 0 0 0 0 0 55 239 247 230 31 0 0 0 10 5 0 0 0 0 0 3 0 0 4 3 0 0 0 7 9 9 13 108 243 255 203 0 0 16 0 1 1 1 0 0 0 0 0 2 5 0 3 4 0 30 9 0 0 42 159 255 255 166 8 16 0 0 23 0 0 2 0 0 0 0 2 0 0 1 0 0 50 171 210 92 159 230 247 255 142 9 0 17 0 10 0 7 3 8 0 0 0 0 10 0 0 0 0 0 171 255 255 255 252 255 177 47 3 0 14 0 3 0 13 0 0 9 0 0 0 0 0 0 9 0 11 6 243 253 252 255 231 86 1 9 0 2 0 2 0 11 0 5 6 0 0 0 0 0 0 8 0 0 0 10 200 251 193 106 20 0 2 4 0 0 0 0 0 0 0 0 0 0 0 0 0 0 0 0 0 13 12 0 29 0 0 0 0 9 7 0 0 2 0 0 0 0 0 0 0 0 0 0 0 0 9 0 0 6 0 0 2 0 0 0 0 1 0 0 0 9 0 0 0 0 0 0 0 0 0 0 0 0 1 0 3 9 0 1 7 17 10 4 0 0 4 9 3 0 0 0 0 0 0 0 0 0 0 0 0 0
0 0 0 0 0 0 0 0 0 0 3 10 5 0 0 8 4 0 0 0 1 1 0 0 0 0 0 0 0 0 0 0 0 0 0 0 13 4 0 0 0 0 0 0 0 1 6 4 0 0 0 2 0 0 0 0 0 0 0 0 0 0 0 0 0 0 0 0 4 9 8 3 0 0 1 2 3 4 3 3 0 0 0 0 0 0 0 0 0 0 0 0 0 1 5 0 0 0 0 0 2 2 0 0 0 1 0 0 0 0 0 0 0 0 0 0 0 0 0 0 3 5 3 0 0 0 3 3 0 0 2 0 0 0 5 6 0 0 0 0 0 0 0 0 0 0 0 0 2 0 0 3 9 6 0 0 9 8 2 0 1 8 5 0 0 0 0 0 0 0 0 0 0 0 0 0 4 0 0 2 0 0 0 7 0 0 5 0 0 0 5 6 0 0 0 0 0 0 0 0 0 0 0 0 4 0 3 5 0 10 65 127 219 255 255 180 66 0 0 2 0 0 0 0 0 0 0 0 0 0 0 0 5 0 8 0 12 100 244 255 229 241 255 253 55 10 0 0 0 0 0 0 0 0 0 0 0 0 0 0 0 13 6 9 195 246 232 110 26 182 255 123 22 0 0 12 0 0 0 0 0 0 0 0 0 0 0 0 3 0 34 227 239 127 20 8 192 244 160 8 0 1 0 0 0 0 0 0 0 0 0 0 0 0 0 0 0 9 191 255 114 5 0 16 241 188 76 120 8 10 7 0 0 0 0 0 0 0 0 0 0 0 0 0 0 20 227 208 16 0 3 32 255 223 221 255 41 0 0 0 0 0 0 0 0 0 0 0 0 0 0 0 4 7 227 255 48 52 92 208 247 245 255 126 0 0 8 1 0 0 0 0 0 0 0 0 0 0 0 0 6 0 176 244 250 255 240 175 200 237 218 28 7 5 4 0 0 0 0 0 0 0 0 0 0 0 0 0 0 0 9 74 122 87 30 109 255 242 55 0 6 0 0 2 0 0 0 0 0 0 0 0 0 0 0 1 2 0 2 10 0 7 110 254 230 72 0 10 3 0 3 0 0 0 0 0 0 0 0 0 0 0 0 0 0 10 0 0 13 72 235 255 98 17 0 4 0 0 5 2 0 0 0 0 0 0 0 0 0 0 0 0 0 9 0 4 62 242 255 136 3 0 0 3 0 0 3 0 0 0 0 0 0 0 1 1 1 0 0 0 0 0 6 47 241 255 119 11 0 5 4 0 2 5 0 0 0 0 0 0 0 0 1 1 1 0 0 0 0 0 43 242 229 104 20 0 1 6 0 0 4 5 0 0 0 0 0 0 0 0 0 0 0 1 2 3 0 64 233 254 98 0 25 0 0 0 0 0 2 0 0 7 0 0 0 0 1 0 0 0 0 1 5 7 54 226 247 97 1 9 0 11 2 0 2 5 1 0 0 2 0 0 0 0 1 0 0 0 0 2 6 9 228 241 103 0 0 0 11 0 6 0 0 0 0 2 3 0 0 0 0 0 0 1 8 0 2 0 32 201 241 68 0 0 0 0 0 4 0 0 0 0 0 0 0 0 0 0 0 0 0 0 11 2 6 0 193 255 92 8 0 10 0 1 0 0 0 0 0 0 0 0 0 0 0 0 0 0 0 6 0 0 17 56 239 133 3 0 2 2 0 0 0 0 0 0 0 0 0 0 0 0 0 0 0 0 9 6 0 0 0 0 20 0 5 7 2 0 0 3 2 2 0 0 0 0 0 0 0 0 0 0 0 0
0 0 0 0 0 0 0 0 0 3 13 0 2 0 8 2 4 0 3 0 6 0 3 0 0 0 0 0 0 0 0 0 0 0 0 0 21 3 0 0 8 0 0 0 0 1 8 0 0 0 7 10 0 0 0 0 0 0 0 0 0 0 0 0 0 0 5 11 0 1 7 7 0 6 0 0 1 5 0 0 0 0 0 0 0 0 0 0 0 0 0 0 18 0 0 0 0 0 4 0 0 4 10 1 12 1 4 12 0 0 0 0 0 0 0 0 0 0 0 0 0 0 8 5 18 0 3 4 14 0 0 0 6 0 0 1 0 0 0 0 0 0 0 0 0 0 0 0 0 5 3 0 4 1 1 0 0 0 14 12 9 0 3 2 0 0 0 0 0 0 0 0 0 0 0 0 5 3 0 68 184 255 251 255 255 168 65 14 0 13 18 0 0 0 0 0 0 0 0 0 0 0 0 0 0 11 41 219 255 205 112 184 220 255 250 194 5 0 0 0 0 0 0 0 10 0 6 0 2 7 0 9 0 78 230 252 98 30 0 3 14 57 188 235 15 7 0 0 0 0 0 0 0 0 7 2 0 3 6 0 42 223 250 155 15 0 5 0 8 3 90 252 126 0 7 8 0 0 0 0 0 6 1 4 0 0 8 0 176 248 189 0 0 0 0 3 0 0 119 255 193 0 12 0 0 0 0 0 0 7 0 0 1 0 0 59 255 255 28 5 0 0 7 0 14 43 235 255 159 0 11 0 0 0 0 0 1 5 0 0 5 0 3 192 239 160 0 24 0 0 7 0 8 64 251 254 60 0 0 5 0 0 0 0 0 3 6 0 2 4 21 255 255 39 8 0 4 6 0 8 0 126 242 253 0 0 0 1 0 0 0 0 0 3 1 5 0 5 16 215 248 107 0 8 4 1 0 26 97 230 255 193 1 9 11 2 0 0 0 0 4 2 0 10 0 4 0 95 255 252 160 144 135 127 149 210 252 255 241 65 8 0 1 0 0 0 0 0 0 0 0 0 0 0 0 0 133 226 255 245 255 255 236 235 249 255 228 6 8 0 0 1 0 0 0 0 0 0 0 0 0 0 0 0 1 38 57 60 71 66 25 70 255 249 121 0 0 0 1 0 0 0 0 0 0 0 0 0 0 0 0 0 0 0 3 8 4 1 9 146 255 209 18 0 0 1 4 0 0 0 0 0 0 0 0 0 0 0 0 0 7 0 2 2 0 0 76 251 249 126 0 6 0 0 0 3 0 0 0 0 0 0 0 0 0 0 0 0 7 0 1 0 7 0 134 251 225 30 4 0 0 0 0 0 0 0 0 0 0 0 0 0 0 0 0 0 0 0 2 0 0 30 198 254 176 0 16 0 4 7 0 1 0 0 0 0 0 0 0 0 0 0 0 0 0 8 11 5 0 108 255 255 84 0 6 0 9 4 0 5 0 0 0 0 0 0 0 0 0 0 0 0 9 0 0 5 0 164 244 202 0 8 0 0 7 0 0 6 0 0 0 0 0 0 0 0 0 0 0 0 0 10 0 2 43 229 255 157 0 0 0 0 0 0 0 0 0 0 0 0 0 0 0 0 0 0 0 0 3 0 15 0 155 255 235 9 0 0 0 0 0 0 0 0 0 0 0 0 0 0 0 0 0 0 0 0 4 0 7 0 0 0 6 5 0 0 0 0 0 0 0 0 0 0 0 0 0 0 0 0 0 0 0 0 0 0 0 19 0 18 0 4 0 0 0 0 0 0 0 0 0 0 0 0
0 0 0 0 0 0 0 0 4 0 0 2 3 0 0 3 0 1 6 1 0 1 1 0 0 0 0 0 0 0 0 0 0 0 0 0 0 0 7 9 2 0 0 0 12 5 0 0 0 6 5 0 0 0 0 0 0 0 0 0 0 0 0 0 9 4 0 0 0 4 9 9 0 0 0 0 4 4 0 0 0 0 0 0 0 0 0 0 0 0 0 0 0 1 0 0 0 2 0 0 2 2 6 9 5 0 0 2 0 0 0 0 0 0 0 0 0 0 0 0 0 0 4 2 0 2 7 10 3 0 0 0 0 0 3 11 0 0 0 0 0 0 0 0 0 0 0 0 10 0 0 0 1 0 0 0 5 4 1 0 2 4 0 0 0 0 0 0 0 0 0 0 0 0 0 0 9 0 0 6 6 0 0 7 0 3 9 0 0 3 9 7 0 0 0 0 0 0 0 0 0 0 0 0 0 0 3 0 0 29 128 225 255 255 213 119 32 0 0 0 0 0 0 0 0 0 0 0 0 0 0 0 1 10 2 0 95 212 255 246 255 255 246 255 199 14 0 5 0 0 0 0 0 0 0 0 0 0 0 0 0 0 0 116 220 255 244 234 242 209 255 255 253 25 6 0 0 0 0 0 0 0 0 0 0 0 0 0 3 15 122 245 254 197 79 91 14 5 179 235 238 19 8 7 0 0 0 0 0 0 0 0 0 0 0 0 0 111 255 255 226 31 117 225 191 9 6 34 63 3 0 0 0 0 0 0 0 0 0 0 0 0 0 0 14 152 255 221 52 196 255 254 231 32 0 2 0 0 0 10 0 0 0 0 0 0 0 0 0 0 0 0 23 255 252 255 230 239 255 255 188 7 7 0 6 0 2 0 0 0 0 0 0 0 0 0 0 0 0 0 26 245 246 255 255 255 248 251 171 0 1 0 7 0 11 3 0 0 0 0 0 0 0 0 0 0 0 0 23 231 254 250 179 147 255 255 182 10 0 0 6 0 0 0 0 0 0 0 0 0 0 0 0 0 0 0 0 51 77 45 8 79 253 249 135 17 0 5 0 4 5 2 0 0 0 0 0 0 0 0 0 0 0 0 0 0 0 8 20 175 255 206 35 0 1 14 0 2 0 0 0 0 0 0 0 0 0 0 0 0 0 0 0 6 3 0 0 210 243 145 0 0 10 7 0 0 0 1 0 0 0 0 0 0 0 0 0 0 0 0 2 5 4 1 51 255 247 77 6 7 4 0 0 3 0 0 0 0 0 0 0 0 0 0 0 0 0 0 6 0 0 8 150 255 236 25 1 2 0 0 12 6 0 0 0 0 0 0 0 0 0 0 0 0 0 0 0 12 9 0 171 247 199 5 0 1 0 1 7 0 0 4 0 0 0 0 0 0 0 0 0 0 0 0 0 9 0 11 203 255 136 2 5 10 0 3 0 0 5 5 0 0 0 0 0 0 0 0 0 0 0 0 4 0 0 102 255 236 30 5 0 5 0 7 3 0 11 0 0 0 0 0 0 0 0 0 0 0 0 0 7 0 49 255 247 197 0 6 0 0 0 0 0 0 0 0 0 0 0 0 0 0 0 0 0 0 0 0 10 0 38 239 248 192 22 0 0 0 0 0 0 0 0 0 0 0 0 0 0 0 0 0 0 0 0 0 1 0 38 255 224 60 0 20 0 0 0 0 0 0 0 0 0 0 0 0 0 0 0 0 0 0 0 0 0 19 0 19 0 0 1 0 0 0 0 0 0 0 0 0 0 0 0 0
0 0 0 0 0 0 0 0 3 2 1 7 0 6 0 8 0 5 2 0 13 0 3 0 0 0 0 0 0 0 0 0 0 0 0 0 0 2 0 4 3 1 0 0 2 0 0 0 4 0 8 0 0 0 0 0 0 0 0 0 0 0 0 0 3 11 0 0 2 0 10 9 0 0 23 13 4 0 0 0 0 0 0 0 0 0 0 0 0 0 0 0 0 8 2 8 1 0 0 0 7 0 0 0 0 10 6 0 0 0 0 0 0 0 0 0 0 0 0 0 0 0 0 9 0 19 0 14 1 2 12 13 2 1 0 0 0 0 0 0 0 0 0 0 0 0 0 0 15 0 0 4 0 6 0 0 0 11 0 0 0 0 0 11 0 0 0 0 0 0 0 0 0 0 0 0 3 0 2 14 0 0 39 23 222 174 18 0 1 6 7 0 0 0 0 0 0 0 0 0 0 0 0 0 0 0 0 0 10 1 212 231 255 233 59 13 6 0 0 5 0 0 0 0 0 0 0 0 0 0 0 0 0 3 0 0 7 120 249 251 244 255 171 0 11 0 13 3 0 0 0 0 0 0 0 0 0 0 0 0 0 9 0 60 249 252 186 142 255 242 119 0 8 0 0 0 0 0 0 0 0 0 0 0 0 0 0 0 0 0 66 227 240 152 0 123 255 179 37 0 1 7 0 3 0 0 0 0 0 0 0 0 0 0 0 0 0 7 193 254 188 8 1 240 249 126 0 0 0 7 0 4 0 0 0 0 0 0 0 0 0 0 0 0 14 120 233 189 24 11 189 240 255 118 0 0 4 0 0 0 0 0 0 0 0 0 0 0 0 0 0 0 0 176 255 87 73 211 247 255 255 119 8 2 7 0 3 0 0 0 0 0 0 0 0 0 0 0 0 0 15 254 238 255 231 244 198 180 250 116 0 0 3 0 2 4 0 0 0 0 0 0 0 0 0 0 0 0 0 142 255 238 254 74 11 186 255 122 0 1 0 0 0 6 0 0 0 0 0 0 0 0 0 0 0 0 0 2 51 56 3 0 8 214 247 112 6 6 0 12 4 1 0 0 0 0 0 0 0 0 0 0 0 0 3 0 10 16 0 0 5 208 255 119 5 0 0 5 4 0 0 0 0 0 0 0 0 0 0 0 0 0 5 0 0 0 0 7 2 212 250 78 6 0 0 0 1 3 0 0 0 0 0 0 0 0 0 0 0 0 0 3 4 1 5 5 0 218 252 22 5 0 1 0 0 0 0 0 0 0 0 0 0 0 0 0 0 0 0 5 5 0 5 1 0 217 255 0 6 0 0 10 0 0 0 0 0 0 0 0 0 0 0 0 0 0 1 1 0 0 2 6 0 218 201 1 23 2 0 0 0 4 0 0 0 0 0 0 0 0 0 0 0 0 5 0 0 0 2 8 1 220 174 96 53 1 4 0 0 9 0 0 0 0 0 0 0 0 0 0 0 0 0 0 8 7 0 1 0 219 255 234 74 0 17 0 7 0 0 0 0 0 0 0 0 0 0 0 0 0 6 0 4 0 0 0 5 220 255 95 0 7 1 0 3 0 0 0 0 0 0 0 0 0 0 0 0 0 0 0 0 0 9 12 12 158 151 43 0 3 0 0 4 0 0 0 0 0 0 0 0 0 0 0 0 0 2 8 0 0 0 0 0 26 27 1 0 0 0 2 4 0 0 0 0 0 0 0 0 0 0 0 0 0 0 5 0 0 5 4 0 0 0 0 2 0 0 2 2 1 0 0 0 0
0 0 0 0 0 0 0 0 0 5 0 3 0 0 12 0 0 3 1 0 5 4 2 0 0 0 0 0 0 0 0 0 0 0 0 0 0 6 0 0 0 0 13 0 23 0 0 0 0 4 0 9 0 0 0 0 0 0 0 0 0 0 0 0 9 5 0 7 14 0 0 2 0 0 16 20 0 12 7 0 0 0 0 0 0 0 0 0 0 0 0 0 0 4 0 0 0 3 3 1 20 4 0 0 9 0 3 0 0 0 0 0 0 0 0 0 0 0 0 0 0 3 7 2 0 0 0 16 0 15 16 0 15 0 0 8 0 0 0 0 0 0 0 0 0 0 0 0 8 0 2 4 4 13 2 0 12 0 34 0 0 10 0 5 0 0 0 0 0 0 0 0 0 0 0 0 0 0 15 3 55 200 255 250 230 47 0 13 3 0 0 0 0 0 0 0 0 0 0 0 0 0 0 0 0 5 137 245 253 249 249 254 255 233 8 0 3 0 17 0 0 0 0 0 0 10 0 0 0 0 4 4 39 220 254 255 243 255 245 255 255 156 15 2 0 0 4 0 0 0 0 0 7 0 0 3 8 0 0 53 255 233 252 185 101 130 255 244 255 218 69 46 0 4 0 0 0 0 0 0 5 0 9 1 1 0 30 180 242 255 188 13 2 7 80 169 217 251 255 221 71 9 0 10 0 0 0 0 0 0 7 0 0 8 83 255 255 115 21 9 0 8 0 9 170 243 255 253 192 12 5 0 0 0 0 0 0 8 0 0 7 7 101 255 237 121 39 53 0 45 61 133 237 250 245 241 255 85 0 19 0 0 0 0 0 6 0 6 6 0 104 255 255 255 253 244 216 255 251 255 242 255 247 255 169 1 0 0 0 0 0 0 0 0 4 5 0 0 65 188 239 255 244 254 251 248 242 255 255 236 255 174 24 1 4 7 0 0 0 0 3 0 9 0 0 12 0 22 98 184 203 252 237 255 255 249 244 255 243 55 2 12 0 2 0 0 0 0 0 0 0 0 0 0 0 0 0 0 9 26 111 141 164 253 255 248 194 0 10 4 0 9 0 0 0 0 0 0 0 0 0 0 0 0 15 5 0 15 0 9 236 253 240 255 67 0 0 3 4 1 0 0 0 0 0 0 0 0 0 0 0 0 0 0 7 11 0 88 251 248 255 245 5 10 0 0 5 0 0 0 0 0 0 0 0 0 0 0 0 0 6 0 14 0 20 244 245 255 238 110 0 0 3 0 0 2 0 0 0 0 0 0 0 0 0 0 0 0 10 0 0 0 62 253 255 254 207 0 4 0 6 0 0 10 0 0 0 0 0 0 0 0 0 0 0 0 0 2 0 6 174 242 247 255 181 0 2 14 5 0 0 0 0 0 0 0 0 0 0 0 0 0 0 0 2 1 0 18 243 255 248 240 77 0 0 10 0 1 4 0 0 0 0 0 0 0 0 0 0 0 0 0 0 0 5 91 243 245 255 127 2 7 0 4 0 8 0 2 0 0 0 0 0 0 0 0 0 0 0 0 7 0 0 91 255 247 251 128 0 0 0 0 0 0 0 0 0 0 0 0 0 0 0 0 0 0 0 0 0 9 0 11 169 246 244 80 0 0 0 0 0 0 0 0 0 0 0 0 0 0 0 0 0 0 0 0 0 6 10 2 8 0 5 0 0 0 0 0 0 0 0 0 0 0 0 0 0 0 0 0 0 0 0 0 8 0 0 0 6 1 0 5 0 0 0 0 0 0 0 0 0 0 0 0
0 3 3 0 1 5 3 0 0 4 7 0 0 5 6 2 1 1 1 1 1 2 2 2 0 0 0 0 0 4 4 0 0 0 0 0 13 0 0 0 1 0 0 0 1 0 0 0 0 0 0 0 0 0 0 0 0 3 4 0 0 0 1 2 0 0 2 7 0 0 0 16 2 2 1 0 0 0 0 0 0 0 0 0 0 0 1 1 1 3 4 3 1 1 0 0 1 3 0 0 2 2 2 2 1 1 1 1 0 0 0 0 1 0 0 1 5 4 0 0 0 0 2 3 3 2 4 7 0 0 0 0 1 1 2 2 0 0 0 0 2 0 0 1 2 0 0 0 7 0 0 0 0 0 0 0 0 0 0 0 0 0 0 0 0 0 0 0 0 0 1 2 0 0 1 10 15 119 217 222 156 82 31 5 3 3 2 1 1 0 0 0 0 0 0 0 0 0 5 5 0 0 12 31 231 255 244 211 231 255 199 92 11 10 9 7 4 2 0 0 0 0 0 0 3 0 0 0 2 3 80 231 247 255 144 29 19 42 155 226 227 213 224 92 6 0 10 0 0 0 0 0 0 1 6 1 2 0 213 247 245 105 16 0 12 0 6 20 229 246 255 150 0 9 0 0 0 0 0 0 7 0 0 0 4 142 250 255 193 8 0 1 0 0 0 22 185 253 255 169 0 14 0 1 0 0 0 0 0 0 11 12 0 202 229 255 196 2 0 4 3 8 0 0 96 244 255 153 0 0 5 0 0 0 0 0 3 0 8 14 0 110 255 235 208 46 0 0 5 0 2 14 10 251 252 180 18 0 3 0 0 0 0 0 5 11 0 0 11 46 246 255 255 152 47 0 4 0 9 0 0 255 251 234 29 0 0 6 0 0 0 0 0 20 6 0 1 11 99 242 255 255 219 121 52 4 1 0 104 249 248 245 24 0 0 7 0 0 0 0 2 0 0 2 7 0 1 100 255 242 255 250 241 219 219 229 247 250 252 220 18 0 6 0 0 0 0 0 0 0 0 0 0 0 0 0 27 107 210 244 227 247 255 250 255 241 251 214 7 0 11 0 0 0 0 0 0 0 0 0 0 0 0 0 2 0 7 26 54 109 128 92 112 147 249 255 30 10 0 2 0 0 0 0 0 0 0 0 0 0 0 0 0 0 6 4 0 3 12 0 8 21 248 254 113 0 0 4 0 0 0 0 0 0 0 0 0 0 0 0 7 1 5 6 0 0 3 0 0 35 254 251 120 11 13 0 0 0 0 0 0 0 0 0 0 0 0 0 1 0 0 0 0 3 6 1 3 36 244 255 158 0 0 0 0 0 0 0 0 0 0 0 0 0 0 0 0 7 15 15 6 0 0 0 4 10 240 251 246 45 13 0 0 0 0 0 0 0 0 0 0 0 0 0 3 0 0 0 0 3 1 1 0 48 255 255 253 190 40 0 0 0 0 0 0 0 0 0 0 0 0 0 0 4 3 0 4 4 0 0 7 10 255 241 255 155 0 9 0 0 0 0 0 0 0 0 0 0 0 0 0 0 0 0 0 0 0 0 0 13 226 248 255 104 0 0 0 0 0 0 0 0 0 0 0 0 0 0 0 0 0 0 0 0 0 0 0 11 50 158 162 0 6 4 0 0 0 0 0 0 0 0 0 0 0 0 0 0 0 0 0 0 0 0 0 18 0 12 10 0 20 0 0 0 0 0 0 0 0 0 0 0 0 0 0 0 0 0 0 0 0 0 10 0 3 0 0 20 0 6 0 0 0 0
0 0 0 0 0 0 0 0 0 5 7 0 2 1 0 3 1 7 0 0 1 5 0 0 0 0 0 0 0 0 0 0 0 0 0 0 6 4 0 0 1 0 0 0 0 0 0 2 2 0 0 3 0 0 0 0 0 0 0 0 0 0 0 0 1 0 0 4 14 7 1 11 4 0 5 6 0 0 1 1 0 0 0 0 0 0 0 0 0 0 0 0 0 3 1 0 2 0 0 2 0 0 2 0 0 3 12 0 0 0 0 0 0 0 0 0 0 0 0 0 0 5 0 0 0 3 2 5 3 4 6 4 2 6 3 0 0 0 0 0 0 0 0 0 0 0 0 0 0 2 0 0 9 6 0 0 6 0 0 0 8 0 0 2 0 0 0 0 0 0 0 0 0 0 0 0 3 3 2 4 0 0 9 55 65 70 25 0 0 0 0 15 0 0 0 0 0 0 0 0 0 0 0 0 0 0 0 4 0 16 119 245 251 255 165 32 2 6 0 0 0 0 0 0 0 0 0 0 0 0 0 0 3 0 11 0 52 186 248 254 249 237 250 167 0 0 12 0 0 0 0 0 0 0 0 0 0 0 0 0 3 1 0 49 226 255 241 74 45 16 153 225 46 0 0 7 0 0 0 0 0 0 0 0 0 0 0 0 0 13 16 177 253 236 38 0 7 0 11 47 54 66 10 0 0 0 0 0 0 0 0 0 0 0 0 0 0 4 87 255 251 98 3 0 4 0 55 197 255 245 0 2 0 0 0 0 0 0 0 0 0 0 0 0 12 22 228 255 126 0 12 0 8 186 248 249 253 109 4 1 0 0 0 0 0 0 0 0 0 0 0 0 0 77 255 228 17 37 31 139 237 251 254 252 189 0 3 0 0 0 0 0 0 0 0 0 0 0 0 0 6 138 241 251 206 220 245 253 197 145 250 250 13 12 0 19 0 0 0 0 0 0 0 0 0 0 0 0 0 62 252 255 246 255 209 37 36 251 234 48 2 0 7 0 0 0 0 0 0 1 0 6 5 0 3 2 0 0 73 92 84 16 0 52 253 255 18 6 0 0 1 4 0 0 0 0 0 0 80 0 4 1 0 0 2 4 2 0 5 0 98 234 255 91 0 0 14 0 0 0 0 0 0 0 6 5 112 0 12 10 0 6 0 5 0 15 0 32 245 255 146 0 13 0 1 0 6 0 0 0 0 0 0 5 22 3 0 0 0 3 1 1 0 5 20 154 255 108 12 1 11 0 0 0 5 0 0 0 0 0 0 5 0 7 0 0 2 0 0 1 0 0 153 255 114 0 0 9 0 5 13 3 0 4 0 0 0 0 2 5 7 3 4 4 5 0 0 0 4 132 255 168 0 2 9 0 5 0 0 3 0 4 0 0 0 0 0 0 15 0 0 1 0 0 9 0 69 219 149 2 0 20 3 0 22 0 0 4 1 2 0 0 0 0 0 2 0 0 0 3 7 1 0 6 200 200 8 9 5 0 0 9 0 3 5 8 0 2 0 0 0 0 0 0 0 0 0 0 0 0 0 48 226 34 6 0 0 9 0 0 0 0 0 0 0 0 0 0 0 0 0 0 0 0 0 0 0 0 14 0 8 0 9 1 0 0 0 0 0 0 0 0 0 0 0 0 0 0 0 0 0 0 0 0 0 0 0 9 0 12 1 0 11 6 0 0 0 0 0 0 0 0 0 0 0 0 0 0 0 0 0 0 0 0 0 5 16 0 1 4 1 0 0 0 0 0 0 0 0 0 0 0 0 0
0 0 0 0 0 0 0 0 0 1 3 6 5 1 0 0 1 0 0 1 0 0 0 5 0 0 0 0 0 0 0 0 0 0 0 0 9 0 0 0 0 2 0 0 3 1 2 4 4 1 0 0 0 0 0 0 0 0 0 0 0 0 0 0 2 4 3 0 0 0 0 4 0 0 0 0 1 5 4 0 0 0 0 0 0 0 0 0 0 0 0 0 0 0 2 2 0 2 4 4 1 3 0 0 0 2 3 0 0 0 0 0 0 0 0 0 0 0 0 0 7 5 0 0 0 2 0 0 3 7 7 3 0 0 0 0 0 0 0 0 0 0 0 0 0 0 0 0 0 2 5 0 0 0 9 13 0 0 0 5 7 3 0 0 0 0 0 0 0 0 0 0 0 0 0 0 0 6 7 0 0 1 0 0 18 0 0 0 6 2 0 4 0 0 0 0 0 0 0 0 0 0 0 0 2 1 23 89 183 249 248 217 73 30 0 0 2 0 0 4 0 0 0 0 0 0 2 2 0 3 12 0 19 100 193 255 245 166 254 253 255 129 0 7 0 3 9 0 0 0 0 0 17 0 6 0 3 0 2 91 255 255 230 119 43 0 9 72 189 253 139 0 0 0 10 0 0 0 0 0 0 12 0 13 0 3 170 255 247 214 75 14 0 0 5 6 96 240 197 60 3 8 0 14 0 0 0 0 6 0 7 9 0 99 251 248 82 2 3 0 3 20 0 0 1 95 255 250 51 7 0 0 0 0 0 0 2 0 8 2 0 116 255 247 196 92 76 6 0 0 0 7 65 142 255 250 221 53 0 7 0 0 0 0 0 19 0 0 0 36 198 255 238 255 255 232 255 248 255 249 255 255 241 255 227 0 2 0 0 0 0 0 15 0 7 0 4 15 15 88 155 194 255 236 252 253 227 255 177 151 76 157 255 46 1 5 0 0 0 0 0 0 1 5 0 0 3 0 7 0 0 15 3 0 13 0 10 0 0 22 248 61 0 0 0 0 0 0 0 0 0 0 0 0 0 0 2 4 0 0 4 1 0 2 0 15 0 105 248 53 11 0 0 0 0 0 0 0 0 0 0 0 0 0 0 6 8 0 0 0 0 0 0 0 0 164 255 64 0 13 0 0 0 0 0 0 0 0 0 0 0 0 0 0 0 4 4 11 11 0 8 25 0 167 252 249 33 0 0 0 0 0 0 0 0 0 0 0 0 0 10 0 0 4 0 0 0 0 0 0 60 250 235 32 3 6 0 0 0 0 0 0 0 0 0 0 0 0 1 0 1 0 0 0 6 13 7 0 240 255 121 0 5 0 0 0 0 0 0 0 0 0 0 0 0 0 0 7 2 0 8 17 2 0 22 160 255 161 4 3 1 8 0 0 0 0 0 0 0 0 0 0 0 0 0 13 0 0 7 0 0 5 164 255 182 0 0 20 0 8 0 0 0 0 0 0 0 0 0 0 0 0 0 7 0 0 9 0 44 172 255 239 0 3 8 0 3 0 0 0 0 0 0 0 0 0 0 0 0 0 11 0 0 17 0 0 208 245 228 65 0 10 5 0 2 0 0 0 0 0 0 0 0 0 0 0 0 0 0 0 5 0 0 185 238 185 37 0 0 5 0 0 12 3 0 0 0 0 0 0 0 0 0 0 0 0 1 0 0 0 6 190 98 6 0 1 11 5 0 4 7 0 0 0 0 0 0 0 0 0 0 0 0 0 0 5 12 13 0 13 0 0 11 6 0 0 0 3 0 0 0 0 0 0
0 0 0 0 0 0 0 0 3 2 0 0 0 0 0 0 0 0 0 0 1 12 0 0 0 0 0 0 0 0 0 0 0 0 0 0 0 0 4 7 2 0 2 6 1 3 6 0 0 0 0 0 0 0 0 0 0 0 0 0 0 0 0 0 16 4 0 0 0 0 0 0 0 0 0 9 3 0 9 4 0 0 0 0 0 0 0 0 0 0 0 0 0 0 6 8 2 0 1 6 4 0 0 5 0 0 3 0 0 0 0 0 0 0 0 0 0 0 0 0 2 1 0 0 0 0 0 0 1 2 0 1 0 0 7 3 0 0 0 0 0 0 0 0 0 0 0 0 0 0 0 1 4 5 3 0 0 0 12 0 2 10 0 0 0 0 0 0 0 0 0 0 0 0 0 0 4 2 0 0 3 60 142 204 255 236 163 54 39 49 0 4 0 0 0 0 0 0 0 0 0 0 0 0 6 0 2 66 161 234 255 253 250 253 255 226 255 238 64 0 0 0 0 0 2 0 2 4 1 0 0 0 7 0 176 247 255 251 255 244 243 255 255 243 255 255 115 0 0 0 0 0 0 5 0 0 0 14 0 2 66 252 243 255 255 228 190 121 122 255 254 255 245 195 14 6 0 0 0 0 0 1 0 8 0 0 6 110 226 255 255 243 181 53 0 0 26 232 245 251 255 178 6 0 0 0 0 0 0 0 2 13 0 0 106 239 255 243 255 102 11 1 0 38 231 255 249 255 252 76 0 1 0 0 0 0 0 7 0 0 0 58 227 255 255 220 78 0 0 0 55 214 255 232 254 255 224 17 5 3 0 0 0 0 2 0 0 0 0 111 255 244 250 45 0 13 23 110 251 249 249 255 255 236 123 0 0 0 0 0 0 0 0 0 0 14 6 158 250 253 174 0 11 56 192 216 255 255 252 254 251 255 113 16 0 8 0 0 0 0 0 11 1 0 0 222 254 255 220 102 180 233 255 252 255 249 255 245 252 247 39 0 11 0 0 0 0 0 1 0 17 3 0 123 252 246 246 255 255 234 255 255 211 96 220 255 255 174 0 1 0 9 0 0 0 0 6 0 0 0 0 71 196 255 255 240 253 255 233 112 36 39 254 252 244 103 2 16 0 0 0 0 0 0 0 0 0 2 4 6 70 167 255 249 189 91 24 0 0 101 255 250 255 47 3 5 0 7 0 0 0 0 0 6 2 0 4 0 0 19 8 28 19 0 0 0 16 183 246 255 247 20 3 0 0 9 0 0 0 0 0 4 3 0 0 9 7 0 2 0 0 6 12 0 35 241 248 255 162 0 5 0 3 0 0 0 0 0 5 0 2 2 0 4 16 2 1 1 2 0 0 2 74 250 255 255 81 0 0 1 9 0 0 0 0 0 2 0 3 8 0 0 0 0 7 0 0 9 1 0 101 255 254 243 37 4 0 0 5 4 0 0 0 0 0 3 0 0 7 0 0 8 3 0 5 0 0 11 147 255 253 217 7 4 0 6 0 0 0 0 0 0 0 0 0 0 0 0 0 0 6 0 0 5 0 20 135 255 255 140 16 0 3 1 0 5 0 0 0 0 0 0 0 0 0 0 0 0 0 1 11 5 0 0 112 234 145 63 0 0 6 0 0 4 0 0 0 0 0 0 0 0 0 0 0 0 15 0 0 0 1 0 0 4 22 0 0 0 6 0 0 4 0 0 0 0 0 0 0 0 0 0 0 0 0 0 0 8 16 12 4 1 0 0 0 6 2 0 0 4 0 0 0 0
0 0 0 0 0 0 0 0 0 0 0 9 8 0 0 1 0 0 0 5 3 0 0 3 0 0 0 0 0 0 0 0 0 0 0 0 13 3 0 0 0 4 3 1 3 3 0 0 0 0 1 0 0 0 0 0 0 0 0 0 0 0 0 0 0 0 1 0 0 0 0 0 0 4 2 0 0 3 3 0 0 0 0 0 0 0 0 0 0 0 0 0 12 14 10 2 0 0 1 3 0 3 14 3 0 2 0 3 0 0 0 0 0 0 0 0 0 0 0 0 0 0 0 0 8 7 2 0 0 0 4 0 0 3 0 1 0 0 0 0 0 0 0 0 0 0 0 0 3 8 8 0 0 0 0 4 13 2 11 0 0 9 0 0 0 0 0 0 0 0 0 0 0 0 0 0 0 5 0 0 23 104 169 192 120 120 117 38 0 9 0 3 0 0 0 0 0 0 0 0 0 0 0 0 1 3 0 11 111 235 255 248 253 255 255 112 7 3 0 5 0 0 0 0 0 10 1 0 7 2 1 0 0 12 52 140 255 249 197 189 253 242 255 165 64 4 1 0 0 0 0 0 0 0 1 6 0 0 6 7 0 53 204 252 245 177 0 100 242 255 223 10 181 58 0 8 0 0 0 0 1 0 2 8 0 0 4 0 27 218 255 233 94 0 2 186 255 247 240 0 68 6 5 0 0 0 0 0 0 4 1 0 0 8 0 0 119 229 236 141 0 18 23 250 253 254 226 5 0 0 0 5 0 0 0 0 0 13 0 0 4 4 0 74 249 253 143 8 16 13 195 254 241 255 229 1 11 6 1 3 0 0 0 0 0 8 0 4 8 0 2 192 254 255 40 0 0 149 255 252 255 255 211 17 0 0 10 0 0 0 0 0 0 1 0 11 0 0 33 251 253 225 15 28 86 249 255 243 250 255 127 0 1 14 0 8 0 0 0 0 1 1 0 9 0 12 59 244 255 236 107 199 255 253 240 255 251 253 132 1 6 0 0 0 0 0 0 0 0 10 0 0 5 0 21 123 214 255 247 255 252 157 75 253 250 255 80 0 6 0 7 7 0 0 0 0 0 6 0 0 13 0 0 27 85 160 141 82 26 0 11 253 255 235 36 0 14 0 2 0 0 0 0 0 2 5 0 0 4 6 0 0 0 6 0 1 0 0 20 249 253 248 59 0 0 0 12 0 0 0 0 0 2 3 2 0 0 4 10 3 13 0 0 11 8 0 0 197 252 251 71 13 0 0 14 0 0 0 0 0 0 0 9 11 0 0 1 0 0 0 5 0 0 6 11 199 255 206 11 9 9 0 0 4 0 0 0 0 4 0 0 6 1 0 0 0 7 0 5 4 0 12 8 208 255 209 0 0 7 1 0 0 0 0 0 0 7 0 0 0 0 4 5 3 4 0 0 0 0 0 2 249 249 248 36 0 0 6 1 0 0 0 0 0 0 6 3 0 0 4 0 0 0 0 4 0 3 19 0 192 255 252 33 0 0 0 0 9 0 0 0 0 0 0 0 0 0 0 0 0 0 12 0 0 7 0 17 118 246 248 68 0 0 0 7 0 0 0 0 0 0 0 0 0 0 0 0 0 0 7 0 0 15 0 0 23 225 221 74 7 0 0 4 1 0 0 0 0 0 0 0 0 0 0 0 0 0 5 0 0 6 7 0 0 0 14 0 0 2 10 4 0 0 0 0 0 0 0 0 0 0 0 0 0 0 2 2 0 0 5 11 3 0 3 8 8 7 7 0 0 0 0 0 0
0 0 0 0 0 0 0 0 0 5 3 0 3 0 0 4 6 0 0 6 0 2 0 1 0 0 0 0 0 0 0 0 0 0 0 0 0 1 1 0 5 2 0 0 0 1 6 3 14 0 0 10 0 0 0 0 0 0 0 0 0 0 0 0 4 9 0 0 0 8 7 9 3 13 4 0 0 3 5 0 0 0 0 0 0 0 0 0 0 0 0 0 0 3 2 0 6 6 0 0 2 0 0 17 0 13 8 0 0 0 0 0 0 0 0 0 0 0 0 0 3 9 1 0 0 0 0 7 8 0 0 12 1 0 0 16 0 0 0 0 0 0 0 0 0 0 0 0 0 0 0 0 7 0 0 4 0 17 9 0 20 7 0 0 0 0 0 0 0 0 0 0 0 0 0 0 4 0 0 33 99 152 205 254 254 250 173 70 0 1 3 0 0 0 0 0 0 0 0 0 0 0 0 0 4 22 80 176 251 255 249 255 255 251 251 255 14 2 0 4 0 0 0 0 2 6 0 0 3 6 0 5 7 118 255 255 249 250 203 154 143 227 249 251 122 0 3 0 0 0 0 0 0 1 3 10 4 0 0 0 104 255 244 245 166 28 0 17 5 69 251 254 177 10 0 16 0 0 0 0 2 1 0 7 0 0 10 28 248 255 252 125 32 0 10 0 0 9 137 254 249 0 0 0 0 0 0 0 3 1 2 0 0 9 10 86 252 247 197 0 0 12 8 0 168 208 152 250 245 3 0 8 0 0 0 0 0 0 9 0 1 9 0 164 255 251 82 5 0 16 128 195 255 239 255 203 30 0 21 0 0 0 0 0 4 0 4 4 2 0 0 227 242 244 55 73 202 236 255 249 241 251 255 87 0 5 1 14 0 0 0 0 6 0 0 8 0 0 8 165 254 255 255 241 247 255 255 244 255 250 195 26 15 0 0 0 0 0 0 0 0 9 0 14 0 6 0 22 212 255 247 252 170 101 56 255 252 246 164 0 0 5 0 5 0 0 0 0 0 0 0 0 0 0 0 0 4 40 59 5 0 10 57 245 252 255 70 5 3 1 0 4 0 0 0 0 0 0 0 0 0 0 0 0 0 10 0 1 6 75 204 255 248 234 66 4 0 1 2 0 0 0 0 0 0 0 0 0 0 0 0 0 5 11 0 7 0 105 255 246 252 144 24 0 0 0 9 0 0 0 0 0 0 0 0 0 0 0 0 0 0 0 10 1 12 161 255 248 255 59 0 0 5 0 6 2 0 0 0 0 0 0 0 0 0 0 0 0 0 0 0 0 115 244 250 255 227 17 0 6 8 0 0 0 0 0 0 0 0 0 0 0 0 0 0 0 1 14 0 20 213 255 247 251 121 0 6 6 0 0 0 0 0 0 0 0 0 0 0 0 0 0 0 0 0 2 0 42 248 253 255 255 40 0 8 0 0 2 0 2 0 0 0 0 0 0 0 0 0 0 0 0 16 0 7 48 246 250 255 242 34 8 3 0 3 6 0 6 0 0 0 0 0 0 0 0 0 0 0 0 11 0 0 38 224 238 255 182 0 0 0 0 0 0 0 0 0 0 0 0 0 0 0 0 0 0 0 0 0 0 0 0 108 204 229 66 0 0 0 0 0 0 0 0 0 0 0 0 0 0 0 0 0 0 0 0 0 15 0 1 2 0 4 0 0 0 0 0 0 0 0 0 0 0 0 0 0 0 0 0 0 0 0 0 0 14 0 3 7 0 0 21 0 0 0 0 0 0 0 0 0 0 0 0
0 0 0 0 0 0 0 0 6 0 0 0 2 0 0 0 0 0 2 1 0 0 4 3 0 0 0 0 0 0 0 0 0 0 0 0 0 2 4 9 6 0 3 0 0 0 5 6 0 3 5 0 0 0 0 0 0 0 0 0 0 0 0 0 12 9 0 0 0 1 12 0 0 0 0 0 0 2 5 0 0 0 0 0 0 0 0 0 0 0 0 0 0 7 0 12 4 0 3 0 3 0 2 0 0 0 4 0 0 0 0 0 0 0 0 0 0 0 0 0 0 2 0 6 5 0 10 11 1 0 5 8 0 0 2 1 0 0 0 0 0 0 0 0 0 0 0 0 1 2 1 0 0 3 0 0 9 0 0 4 5 0 0 0 0 0 0 0 0 0 0 0 0 0 0 0 1 7 14 0 16 127 193 234 113 38 0 0 1 0 0 0 0 0 0 0 0 0 0 0 0 0 0 0 0 0 5 0 100 239 214 161 255 132 20 0 0 0 1 4 0 0 0 0 0 0 0 0 0 0 0 0 2 4 0 44 254 174 5 1 99 254 83 0 0 0 0 3 0 0 0 0 0 0 0 0 0 0 0 0 0 0 5 199 243 20 5 0 15 218 204 0 27 0 15 0 0 0 0 0 0 0 0 0 0 0 0 0 20 0 32 247 131 0 12 0 12 125 255 0 0 0 0 0 0 0 0 0 0 0 0 0 0 0 0 0 0 0 73 255 54 11 0 12 0 153 255 170 0 4 5 6 0 0 0 0 0 0 0 0 0 0 0 0 8 18 29 255 144 70 69 104 206 255 240 119 2 0 8 0 0 0 0 0 0 0 0 0 0 0 0 0 0 4 0 148 250 254 254 243 228 251 230 0 6 0 0 14 0 0 0 0 0 0 0 0 0 0 0 0 0 6 16 0 43 67 9 36 238 245 66 0 0 22 0 0 0 0 0 0 0 0 0 0 0 0 0 0 7 0 7 3 0 15 23 199 255 153 13 0 0 0 10 5 0 0 0 0 0 0 0 0 0 0 0 0 6 0 1 0 21 0 160 255 213 27 0 0 0 7 0 16 0 0 0 0 0 0 0 0 0 0 0 0 0 0 12 1 0 76 249 254 65 0 4 4 0 13 0 0 0 0 0 0 0 0 0 0 0 0 0 0 0 7 0 0 90 237 255 109 0 0 9 1 0 5 0 0 0 0 0 0 0 0 0 0 0 0 0 0 0 8 0 55 240 252 139 0 5 7 0 0 0 0 0 4 0 0 0 0 0 0 0 0 0 0 0 0 10 0 34 206 253 140 6 1 1 6 0 2 12 0 0 1 0 0 0 0 0 0 0 0 0 0 0 0 1 0 203 255 197 0 16 0 0 4 0 0 3 0 0 0 0 0 0 0 0 0 0 0 0 0 0 0 0 145 255 238 22 0 0 5 0 2 5 0 0 0 0 2 0 0 0 0 0 0 0 0 0 0 0 0 87 255 231 45 0 9 0 3 10 0 0 3 3 4 0 1 0 0 0 0 0 0 0 0 0 0 0 0 185 255 73 26 0 0 5 1 0 0 0 0 0 0 0 0 0 0 0 0 0 0 0 0 0 0 0 0 206 215 18 0 0 9 8 0 0 0 0 0 0 0 0 0 0 0 0 0 0 0 0 0 0 0 0 0 0 28 0 4 11 0 0 0 0 0 0 0 0 0 0 0 0 0 0 0 0 0 0 0 0 0 0 0 5 13 0 0 0 0 1 12 0 0 0 0 0 0 0 0 0 0 0 0
0 3 6 1 0 2 2 0 0 2 0 5 4 0 3 0 0 0 0 0 0 0 0 11 0 0 0 0 0 4 3 0 0 0 0 0 3 10 2 0 0 0 8 2 3 2 4 6 4 0 0 0 0 0 0 0 2 3 0 0 0 1 1 0 1 0 1 9 8 0 0 0 0 0 1 0 1 3 0 0 0 0 0 0 1 0 0 0 2 5 4 2 12 0 0 0 0 1 0 10 0 1 0 0 0 1 3 0 0 0 0 0 0 0 0 2 4 2 0 0 0 0 3 0 0 8 3 0 1 5 6 1 0 0 0 0 0 0 0 0 0 0 1 3 0 0 0 0 3 2 0 6 10 0 4 0 0 0 0 3 3 0 0 0 0 0 0 0 0 0 2 3 0 0 1 11 2 13 0 0 2 0 10 0 12 0 0 0 6 0 0 2 0 0 0 0 0 0 2 3 0 0 12 29 150 255 255 253 255 255 248 132 58 21 0 0 7 0 0 2 0 0 0 0 3 0 0 3 5 1 40 221 250 255 255 240 248 255 244 253 240 246 130 25 9 4 0 0 0 0 0 0 0 11 0 3 0 95 248 249 249 167 162 168 171 205 254 255 251 255 255 235 212 75 0 12 0 0 0 0 7 0 7 17 0 136 250 255 159 23 0 0 7 25 45 16 200 250 236 255 255 207 17 0 0 0 0 0 0 0 2 0 13 254 247 158 12 0 16 0 0 0 7 18 4 56 50 146 250 251 24 25 0 0 0 0 0 12 0 0 0 249 241 66 0 0 6 0 5 3 0 0 23 62 55 46 238 215 11 0 0 0 0 0 0 0 3 13 11 232 255 234 67 0 0 10 0 1 1 1 106 234 214 46 148 192 65 5 0 0 0 0 9 2 6 0 6 171 223 255 212 83 0 0 0 9 0 4 110 252 255 73 0 20 0 0 0 0 0 0 0 0 0 7 0 48 242 245 255 203 70 23 0 5 16 145 235 255 251 69 0 0 14 0 0 0 0 0 1 5 0 5 7 0 58 221 255 246 252 251 179 188 255 246 255 242 242 69 9 0 14 0 0 0 0 0 0 6 0 0 12 0 5 53 173 255 248 248 255 239 236 255 239 255 253 71 0 0 2 3 0 0 0 0 0 10 5 0 0 2 0 0 7 0 44 144 147 162 154 18 119 241 249 82 2 11 0 5 0 0 0 0 0 2 5 0 0 0 7 12 0 17 5 0 0 0 0 3 85 252 252 62 0 5 0 4 0 0 0 0 4 0 0 2 0 2 5 0 0 0 0 0 7 5 2 0 96 255 255 54 2 2 0 1 0 0 0 0 1 0 2 0 0 6 4 0 4 5 5 4 1 0 1 0 84 247 250 62 9 2 8 0 0 0 0 0 0 9 10 0 0 0 6 7 2 0 1 0 0 0 0 0 109 252 244 82 0 0 0 0 0 0 0 0 0 0 0 0 4 0 0 4 0 4 1 0 10 7 0 4 92 246 255 145 18 6 0 0 0 0 0 0 0 0 0 0 0 0 0 0 0 0 0 0 0 0 0 0 38 147 242 215 88 91 0 6 0 0 0 0 0 0 0 0 0 0 0 0 0 0 0 0 0 0 0 0 0 80 252 255 230 130 20 0 0 0 0 0 0 0 0 0 0 0 0 0 0 0 0 0 0 0 0 0 10 0 127 237 247 52 0 18 0 0 0 0 0 0 0 0 0 0 0 0 0 0 0 0 0 0 0 0 0 9 11 0 0 0 4 0 0 0 0 0
0 0 0 0 0 0 0 0 7 0 0 0 3 0 0 3 0 10 0 0 0 2 0 5 0 0 0 0 0 0 0 0 0 0 0 0 0 5 12 2 0 0 3 3 0 0 0 7 3 7 0 0 0 0 0 0 0 0 0 0 0 0 0 0 5 0 0 0 4 3 0 0 13 0 0 0 0 0 12 2 0 0 0 0 0 0 0 0 0 0 0 0 0 1 5 3 0 0 3 4 0 0 6 2 1 0 2 0 0 0 0 0 0 0 0 0 0 0 0 0 0 8 5 0 0 16 8 0 0 6 0 0 1 3 0 0 0 0 0 0 0 0 0 0 0 0 0 0 12 0 0 1 1 0 0 9 0 15 0 4 3 14 0 0 0 0 0 0 0 0 0 0 0 0 0 0 0 0 7 16 0 0 64 153 255 239 173 111 0 0 0 12 0 0 0 0 0 0 0 0 0 0 0 0 0 9 0 0 25 131 221 255 239 255 255 236 33 6 2 0 0 0 0 0 0 0 0 0 0 0 0 0 0 10 0 0 164 251 252 205 62 56 250 186 29 5 0 0 0 0 0 0 0 0 0 0 0 0 0 0 0 0 3 122 255 255 171 12 13 45 73 0 2 0 20 0 0 0 0 0 0 0 0 0 0 0 0 0 2 5 140 255 249 167 30 0 1 0 13 49 58 26 0 1 0 0 0 0 0 0 0 0 0 0 0 0 3 45 230 248 181 47 0 14 8 0 47 217 255 100 0 0 0 0 0 0 0 0 0 0 0 0 0 0 7 242 254 255 46 13 0 0 4 7 200 255 253 84 16 0 0 0 0 0 0 0 0 0 0 0 0 0 89 255 235 108 14 0 9 2 1 205 255 242 187 0 1 7 0 0 0 0 0 0 0 0 0 0 0 0 184 252 233 42 0 0 25 90 172 255 255 235 91 16 0 0 0 0 0 0 0 0 0 0 0 0 0 0 226 248 202 72 120 180 251 252 251 250 229 154 7 0 3 0 0 0 0 0 0 0 0 0 0 0 0 0 169 255 255 255 250 251 255 195 255 251 255 87 0 12 0 0 0 0 0 0 0 0 0 0 0 0 0 0 18 88 89 91 87 54 37 115 244 255 155 22 0 0 2 9 0 0 0 0 0 0 0 0 0 0 0 0 0 11 4 2 13 0 79 241 255 240 60 0 6 4 0 0 0 0 0 0 0 0 0 0 0 0 0 0 0 0 0 0 0 7 203 255 235 76 0 0 0 19 0 3 0 0 0 0 0 0 0 0 0 0 0 0 2 0 9 4 0 79 255 241 214 27 12 9 0 6 0 1 0 0 0 0 0 0 0 0 0 0 0 0 0 2 0 0 24 178 255 255 42 0 0 0 0 0 3 10 0 0 0 0 0 0 0 0 0 0 0 0 0 14 0 16 148 252 232 150 0 6 8 4 8 0 0 0 0 0 0 0 0 0 0 0 0 0 0 0 0 4 0 29 239 255 222 14 5 0 0 0 0 14 0 3 0 0 0 0 0 0 0 0 0 0 0 0 0 0 16 170 246 255 126 15 0 0 0 0 0 0 0 0 0 0 0 0 0 0 0 0 0 0 0 0 22 0 2 195 255 201 44 0 0 0 0 0 0 0 0 0 0 0 0 0 0 0 0 0 0 0 0 0 0 4 0 5 0 9 2 8 0 0 0 0 0 0 0 0 0 0 0 0 0 0 0 0 0 0 0 0 0 8 16 4 0 0 0 0 0 0 0 0 0 0 0 0 0 0 0 0
0 0 0 0 0 0 0 0 4 3 2 0 0 1 3 4 3 0 4 0 0 2 0 6 0 0 0 0 0 0 0 0 0 0 0 0 5 0 0 6 14 3 0 0 9 1 0 0 0 1 0 0 0 0 0 0 0 0 0 0 0 0 0 0 3 13 9 0 0 0 1 1 0 1 8 8 0 0 5 8 0 0 0 0 0 0 0 0 0 0 0 0 0 0 0 7 14 5 0 5 6 4 0 2 7 0 0 0 0 0 0 0 0 0 0 0 0 0 0 0 0 8 8 0 0 0 0 0 5 0 0 0 0 0 0 6 0 0 0 0 0 0 0 0 0 0 0 0 0 2 1 0 3 13 9 0 0 0 17 8 4 10 0 3 0 0 0 0 0 0 0 0 0 0 0 0 2 0 0 5 0 20 115 224 255 224 157 24 0 8 0 0 0 0 0 0 0 0 0 0 0 0 0 0 0 9 0 11 118 241 244 166 145 202 246 105 1 12 0 5 0 0 0 0 0 0 0 0 0 0 0 0 0 9 0 167 244 172 30 0 0 52 255 165 6 0 7 0 0 0 0 0 0 0 0 0 0 0 0 0 0 0 174 255 117 8 0 13 8 76 254 62 0 0 1 0 0 0 0 0 0 0 0 0 0 0 0 0 0 92 255 129 7 2 0 0 0 151 255 25 3 0 0 1 0 0 0 0 0 0 0 0 0 0 0 0 7 189 232 38 10 0 0 14 8 223 235 31 7 0 2 0 0 0 0 0 0 0 0 0 0 0 0 0 49 251 165 7 0 0 30 0 111 244 193 0 0 7 0 0 0 0 0 0 0 0 0 0 0 0 0 0 225 255 250 52 0 14 19 138 230 253 197 0 0 8 0 7 0 0 0 0 0 0 0 0 0 0 0 0 19 195 253 129 39 65 212 255 254 255 149 10 1 3 0 7 0 0 0 0 0 0 0 0 0 0 0 0 0 56 248 255 239 255 250 132 213 240 28 0 0 3 9 0 0 0 0 0 0 0 0 0 0 0 0 0 0 0 43 116 137 103 47 24 251 169 9 6 0 5 0 0 0 0 0 0 0 0 0 0 0 0 0 0 4 0 0 4 6 14 2 110 249 87 0 0 0 0 1 4 0 0 0 0 0 0 0 0 0 0 0 0 0 5 8 0 0 0 0 192 244 14 0 2 0 0 1 2 0 0 0 0 0 0 0 0 0 0 0 0 1 5 8 0 2 3 53 243 186 0 3 9 0 0 1 0 0 0 0 0 0 0 0 0 0 0 0 0 7 0 0 0 4 0 132 249 79 0 0 5 0 0 5 0 0 0 0 0 0 0 0 0 0 0 0 0 2 0 8 6 11 0 202 237 7 7 0 3 0 4 3 0 0 0 0 0 0 0 0 0 0 0 0 0 5 2 0 0 0 19 244 236 0 12 2 3 0 4 0 0 0 0 0 0 0 0 0 0 0 0 0 0 0 2 0 1 11 65 255 221 5 0 1 0 0 2 0 4 0 0 0 0 0 0 0 0 0 0 0 0 8 0 12 12 0 82 255 135 0 0 0 0 0 0 0 0 0 0 0 0 0 0 0 0 0 0 0 0 0 0 0 0 21 152 245 93 0 0 0 0 0 0 0 0 0 0 0 0 0 0 0 0 0 0 0 0 12 0 0 4 0 0 6 0 0 0 0 0 0 0 0 0 0 0 0 0 0 0 0 0 0 0 0 0 0 0 1 2 9 0 0 18 0 0 0 0 0 0 0 0 0 0 0 0
0 0 0 0 0 0 0 0 0 0 0 0 1 2 1 1 0 2 2 0 0 0 1 6 0 0 0 0 0 0 0 0 0 0 0 0 0 3 5 3 0 0 0 1 0 0 0 3 8 8 1 0 0 0 0 0 0 0 0 0 0 0 0 0 0 0 0 0 0 0 0 0 10 7 2 0 0 0 2 7 0 0 0 0 0 0 0 0 0 0 0 0 10 3 0 0 4 5 0 0 0 0 0 1 3 2 0 0 0 0 0 0 0 0 0 0 0 0 0 0 0 0 0 0 0 1 1 1 12 5 0 3 10 10 1 0 0 0 0 0 0 0 0 0 0 0 0 0 3 9 12 7 0 0 0 0 0 0 0 0 0 0 1 7 0 0 0 0 0 0 0 0 0 0 0 0 0 0 0 0 4 9 6 1 5 5 4 1 0 0 0 0 0 0 0 0 0 0 0 0 0 0 0 0 9 0 3 54 127 178 185 172 233 151 50 0 0 8 5 0 0 0 0 0 5 0 1 0 0 7 0 0 0 24 168 255 239 255 253 255 247 255 193 21 13 0 0 3 0 0 0 0 7 0 3 6 0 0 0 10 9 160 255 166 62 0 25 0 161 246 255 237 59 7 11 4 0 0 0 0 4 0 5 3 1 3 0 1 74 240 196 0 3 4 0 7 164 242 133 131 18 9 0 0 0 0 0 0 0 2 6 0 0 9 0 0 161 255 86 7 2 0 2 9 196 255 97 0 1 5 0 16 0 0 0 0 0 0 3 0 0 0 6 44 200 230 39 8 0 3 0 120 228 249 109 0 3 11 3 0 0 0 0 0 4 0 0 6 3 0 11 101 255 242 11 6 0 17 167 255 253 244 111 22 0 0 3 16 0 0 0 0 3 0 0 2 7 0 3 81 243 128 8 0 0 85 244 254 255 228 10 0 1 16 0 0 0 0 0 0 0 5 0 0 8 8 0 16 242 238 13 14 192 255 254 245 239 228 0 8 0 1 3 10 0 0 0 0 0 0 0 0 0 0 0 0 174 255 255 248 255 245 168 39 238 212 6 0 0 2 10 0 0 0 0 0 0 0 0 0 0 0 0 0 8 128 241 243 167 82 24 74 245 156 0 0 2 0 4 0 0 0 0 0 0 0 0 0 0 0 0 0 13 0 9 4 0 0 0 169 252 79 0 6 4 0 0 2 0 0 0 0 0 0 0 0 0 0 0 0 0 0 12 3 0 2 9 225 245 20 0 8 0 1 0 2 0 0 0 0 0 0 0 0 0 0 0 0 2 14 0 0 0 3 58 237 211 0 4 4 0 6 0 0 0 0 0 0 0 0 0 0 0 0 0 0 0 14 0 6 4 0 124 255 148 0 9 0 0 8 0 0 0 0 0 0 0 0 0 0 0 0 0 0 0 6 0 1 8 0 157 242 76 1 3 0 0 6 0 2 0 0 0 0 0 0 0 0 0 0 0 0 0 7 0 0 0 0 193 254 28 4 0 0 8 2 0 6 0 0 0 0 0 0 0 0 0 0 0 0 0 13 0 0 16 20 228 233 1 1 1 0 0 0 0 0 0 0 0 0 0 0 0 0 0 0 0 0 10 0 5 12 1 57 255 218 1 1 1 0 0 0 0 0 0 0 0 0 0 0 0 0 0 0 0 0 0 4 3 0 10 169 255 82 1 1 0 0 0 0 0 0 0 0 0 0 0 0 0 0 0 0 0 0 1 0 0 12 2 0 0 0 0 0 0 0 0 0 0 0 0 0 0 0
0 0 0 0 0 0 0 0 3 0 0 0 0 2 1 0 4 0 0 3 2 0 0 3 0 0 0 0 0 0 0 0 0 0 0 0 0 3 10 9 2 0 0 0 0 0 0 1 8 5 0 0 0 0 0 0 0 0 0 0 0 0 0 0 7 2 0 0 0 4 9 12 7 8 3 0 0 0 3 8 0 0 0 0 0 0 0 0 0 0 0 0 0 0 0 2 2 0 0 0 0 0 2 0 0 1 2 0 0 0 0 0 0 0 0 0 0 0 0 0 0 0 6 6 0 0 2 14 10 7 2 0 2 4 0 0 0 0 0 0 0 0 0 0 0 0 0 0 12 0 0 0 1 0 0 0 0 0 0 0 0 0 0 7 0 0 0 0 0 0 0 0 0 0 0 0 3 0 0 4 5 0 0 1 10 0 0 6 5 0 0 6 0 0 0 0 0 0 0 0 0 0 0 0 0 4 7 0 0 22 110 192 234 136 36 0 3 5 0 0 0 0 0 0 0 6 0 0 4 1 1 0 7 0 7 87 188 244 243 252 250 254 255 53 1 2 1 0 0 0 0 0 0 3 0 0 0 0 4 0 3 0 166 255 246 192 127 41 191 250 254 82 0 6 0 4 0 0 0 0 0 0 5 1 0 1 5 0 0 106 255 251 86 0 32 80 233 255 234 17 0 0 5 13 0 0 0 0 1 0 6 2 0 4 3 0 75 255 249 55 18 6 221 226 234 251 199 0 18 1 8 0 0 0 0 0 4 0 5 0 0 6 0 6 198 247 70 27 0 0 13 0 195 246 162 1 0 9 0 0 0 0 0 0 5 0 4 0 2 5 0 37 249 193 21 0 0 9 0 105 236 255 159 0 0 0 5 9 0 0 0 0 4 0 5 0 4 1 0 82 253 108 0 16 2 4 0 193 251 255 152 3 17 0 8 0 0 0 0 0 2 0 7 0 3 0 3 116 251 48 5 0 13 44 184 228 208 234 98 7 0 6 5 3 0 0 0 0 5 0 0 5 0 0 21 61 255 214 111 170 236 253 240 66 121 255 71 0 0 1 1 0 0 0 0 0 0 0 0 4 0 0 0 20 132 255 255 242 223 115 31 2 133 255 95 0 3 0 0 0 0 0 0 0 1 0 0 3 0 0 0 0 0 30 116 106 19 0 9 4 134 255 138 0 5 0 0 4 0 0 0 0 4 4 2 0 0 1 1 0 18 0 6 0 0 2 0 0 106 255 189 0 3 2 0 2 0 0 0 0 0 2 1 0 0 0 3 1 0 6 0 0 23 10 0 6 62 254 230 0 0 5 0 0 0 0 0 0 0 0 4 2 0 0 0 0 9 1 2 16 0 0 17 0 32 253 249 2 0 5 3 0 0 0 0 0 0 0 3 6 5 1 0 0 3 5 0 0 1 0 1 0 31 255 247 8 0 1 2 0 0 0 0 0 5 0 0 0 1 0 0 2 0 0 7 0 1 5 0 0 41 255 239 12 0 0 0 0 0 0 0 0 0 0 0 0 0 0 0 0 0 0 0 0 0 0 0 0 23 218 236 127 0 1 4 2 0 0 0 0 0 0 0 0 0 0 0 0 0 0 0 0 0 0 0 0 0 38 250 253 18 0 0 0 0 0 0 0 0 0 0 0 0 0 0 0 0 0 0 0 0 0 0 0 15 0 181 202 21 16 0 1 0 0 0 0 0 0 0 0 0 0 0 0 0 0 0 0 0 0 0 0 0 0 5 12 0 0 0 0 0 0 0 0
0 0 0 0 0 0 0 0 8 0 0 0 6 3 0 0 0 0 1 9 0 0 7 3 0 0 0 0 0 0 0 0 0 0 0 0 0 6 12 4 0 0 3 3 0 8 0 0 20 13 0 0 0 0 0 0 0 0 0 0 0 0 0 0 8 0 0 1 6 0 0 0 0 0 3 0 0 0 5 5 0 0 0 0 0 0 0 0 0 0 0 0 0 0 2 5 0 0 0 12 12 0 6 7 0 0 7 0 0 0 0 0 0 0 0 0 0 0 0 0 0 4 1 0 0 9 4 0 0 7 1 0 14 5 0 15 0 0 0 0 0 0 0 0 0 0 0 0 9 0 0 0 0 0 0 12 11 0 0 0 7 1 0 0 0 0 0 0 0 0 0 0 0 0 0 0 0 0 11 15 0 3 72 153 255 254 255 241 108 12 2 10 0 0 0 0 0 0 0 0 0 0 0 0 0 16 2 0 28 146 234 255 252 247 248 255 246 140 26 0 0 0 0 0 2 0 0 7 5 0 8 0 10 0 4 99 234 250 249 254 150 89 103 139 224 221 108 1 0 0 0 0 8 0 0 4 0 0 0 6 0 0 151 247 245 255 195 60 0 0 0 0 0 68 33 0 0 0 0 0 1 2 0 0 2 2 0 4 6 172 242 247 255 164 0 1 0 12 1 71 71 0 8 0 0 0 0 0 0 9 2 0 4 17 0 2 140 255 253 245 117 0 10 0 4 31 195 255 254 26 11 0 0 0 0 0 0 9 0 0 0 3 0 63 255 240 244 131 0 15 0 0 37 218 246 244 255 20 0 0 0 0 0 0 0 0 0 6 0 0 10 169 244 255 116 16 0 0 96 171 229 250 255 252 90 22 0 0 0 0 0 0 0 1 0 8 1 0 13 191 255 255 131 124 226 230 243 249 242 252 251 229 52 0 0 12 0 0 0 0 0 13 0 1 1 7 0 127 255 244 255 255 242 254 255 131 250 255 237 37 6 0 5 0 0 0 0 0 1 0 0 0 0 5 10 13 117 155 167 150 156 165 160 255 251 255 105 0 8 0 1 0 0 0 0 0 2 0 0 0 0 1 4 6 0 11 0 2 7 27 255 242 255 172 46 0 5 0 0 3 0 0 0 0 1 0 0 0 0 0 0 0 11 0 0 3 11 206 237 255 206 51 0 0 0 6 0 2 0 0 0 0 0 0 0 0 0 0 0 0 0 5 4 6 127 247 255 255 94 0 0 1 0 9 0 0 0 0 0 0 0 0 0 0 1 0 0 0 0 0 21 103 248 245 255 86 9 0 3 6 0 3 6 0 0 0 0 0 0 0 0 1 1 1 1 1 0 0 0 182 249 255 205 27 0 4 0 5 7 0 3 0 0 0 0 0 0 0 0 0 0 0 1 1 0 16 195 247 252 235 24 7 2 4 0 3 7 0 0 0 0 0 0 0 1 0 0 0 0 0 0 0 0 92 239 255 243 111 15 0 0 0 1 2 0 0 3 1 0 0 0 0 0 0 0 0 0 0 0 0 0 200 249 241 193 16 0 4 0 0 0 0 0 0 0 0 0 0 0 0 0 0 0 0 0 0 0 0 19 44 247 205 39 0 0 0 0 0 0 0 0 0 0 0 0 0 0 0 0 0 0 0 0 0 0 0 5 0 17 0 0 16 0 0 0 0 0 0 0 0 0 0 0 0 0 0 0 0 0 0 0 0 0 0 0 22 0 0 10 0 14 9 0 0 0 0 0 0 0 0 0 0 0 0
0 0 0 0 0 0 0 0 0 0 0 0 5 5 4 4 0 3 0 0 4 4 0 0 0 0 0 0 0 0 0 0 0 0 0 0 0 7 11 0 0 0 0 0 1 8 0 0 0 0 1 0 0 0 0 0 0 0 0 0 0 0 0 0 8 0 0 0 7 8 4 2 0 0 1 20 17 0 0 10 0 0 0 0 0 0 0 0 0 0 0 0 1 2 3 2 0 0 0 5 7 4 0 0 0 4 2 0 0 0 0 0 0 0 0 0 0 0 0 0 0 7 6 0 0 12 8 0 0 0 10 12 0 0 13 14 0 0 0 0 0 0 0 0 0 0 0 0 8 0 0 2 3 0 0 8 9 0 0 2 0 0 3 0 0 0 0 0 0 0 0 0 0 0 0 0 0 1 10 10 0 0 50 115 235 255 255 169 37 0 1 0 0 0 0 0 0 0 0 0 0 0 0 0 0 11 0 0 50 177 251 253 255 191 211 255 186 45 0 10 0 0 0 0 0 0 0 0 0 0 0 0 0 7 0 68 208 255 226 99 52 0 58 255 241 50 0 0 0 0 0 0 0 0 0 0 0 0 0 0 4 0 51 254 251 233 42 0 0 3 120 253 203 28 0 7 0 0 0 0 0 0 0 0 0 0 0 0 10 52 253 254 188 37 0 6 5 61 222 251 152 0 7 0 0 0 0 0 0 0 0 0 0 0 0 0 0 179 255 202 35 23 0 6 0 105 255 255 187 0 12 0 0 0 0 0 0 0 0 0 0 0 0 0 116 255 235 59 0 11 0 2 24 184 239 253 170 5 0 10 0 0 0 0 0 0 0 0 0 0 0 0 145 255 243 0 0 0 0 43 184 255 239 255 51 0 0 3 0 0 0 0 0 0 0 0 0 0 0 0 150 251 249 61 104 127 165 223 253 255 254 223 0 1 11 0 0 0 0 0 0 0 0 0 0 0 0 0 72 238 244 255 255 252 240 255 252 255 243 97 0 5 0 6 0 0 0 0 0 0 0 0 0 0 0 0 0 79 147 222 184 158 143 53 242 246 181 15 0 0 13 0 0 0 0 0 0 0 0 0 0 0 0 0 5 6 9 18 5 0 7 135 255 252 51 0 9 0 0 4 0 0 0 0 0 0 0 0 0 0 0 0 0 0 0 0 0 10 43 230 240 140 0 16 3 0 4 0 0 0 0 0 0 0 0 0 0 0 0 0 1 0 19 0 7 30 172 246 255 86 5 0 1 0 0 14 0 0 0 0 0 0 0 0 0 0 0 0 0 0 0 2 0 108 248 255 201 0 25 3 0 9 12 0 0 0 0 0 0 0 0 0 0 0 0 0 0 2 0 13 86 255 255 212 12 0 0 0 19 15 0 3 0 0 0 0 0 0 0 0 0 0 0 0 9 0 17 19 208 251 231 54 0 14 0 6 0 0 0 11 0 0 0 0 0 0 0 0 0 0 0 0 0 7 6 187 255 249 182 4 1 0 0 0 4 4 0 0 0 0 0 0 0 0 0 0 0 0 0 0 4 0 47 254 252 215 23 0 0 0 0 0 0 0 0 0 0 0 0 0 0 0 0 0 0 0 0 0 0 41 223 248 253 74 20 2 0 0 0 0 0 0 0 0 0 0 0 0 0 0 0 0 0 0 0 0 15 0 1 0 7 0 0 0 0 0 0 0 0 0 0 0 0 0 0 0 0 0 0 0 0 0 0 0 0 0 3 2 0 5 5 9 0 0 0 0 0 0 0 0 0 0 0 0
0 0 0 0 0 0 0 0 4 0 0 1 3 0 0 3 0 0 6 4 0 1 5 0 0 0 0 0 0 0 0 0 0 0 0 0 0 0 8 9 2 0 0 0 5 0 0 0 0 3 0 0 0 0 0 0 0 0 0 0 0 0 0 0 6 2 0 0 0 5 11 12 10 1 2 0 0 0 7 11 0 0 0 0 0 0 0 0 0 0 0 0 0 0 0 0 0 2 0 0 0 0 0 9 11 8 0 0 0 0 0 0 0 0 0 0 0 0 0 0 0 3 9 5 0 0 2 6 10 3 6 6 0 0 1 3 0 0 0 0 0 0 0 0 0 0 0 0 7 0 0 0 0 0 0 0 0 0 0 0 0 0 8 3 0 0 0 0 0 0 0 0 0 0 0 0 0 0 0 6 5 0 2 16 106 175 233 202 105 29 0 0 0 0 0 0 0 0 0 0 0 0 0 0 0 3 9 2 0 23 124 224 254 251 255 255 254 213 112 6 0 0 0 0 0 8 0 0 11 0 0 0 0 0 5 24 121 235 246 253 211 145 93 210 244 255 204 18 0 0 0 0 1 6 0 0 0 0 3 10 0 11 21 164 254 254 254 184 22 13 0 124 255 251 230 35 0 0 0 0 0 0 0 0 0 0 0 0 0 40 208 252 255 98 52 0 5 9 14 151 255 254 242 36 0 0 0 0 0 0 4 6 3 3 0 0 1 179 255 255 129 8 0 0 0 0 5 242 235 255 94 0 0 0 0 0 9 0 0 0 0 6 6 36 161 255 187 71 8 9 0 6 65 173 244 255 255 115 3 7 0 0 0 0 7 0 2 0 2 0 0 67 227 250 210 0 0 0 0 58 162 255 249 247 162 53 0 0 0 0 0 0 0 0 8 0 5 0 0 112 255 253 64 21 51 115 169 226 255 251 255 254 113 0 3 8 0 0 0 0 0 0 5 0 2 0 27 183 249 255 182 219 242 255 241 255 255 250 244 129 1 0 3 0 0 0 0 0 0 10 0 0 12 0 17 112 244 243 255 254 255 226 200 252 250 255 179 12 6 0 1 0 0 0 0 0 0 6 0 0 16 0 0 21 55 151 162 165 69 67 127 246 255 246 42 0 0 5 2 1 0 0 0 0 0 5 0 0 4 4 0 0 1 5 2 0 32 123 255 255 212 102 6 1 0 6 6 0 0 0 0 0 0 3 2 0 0 3 11 6 0 0 14 0 125 255 243 236 93 0 8 12 1 0 2 0 0 0 0 0 0 0 6 8 0 0 3 0 11 0 0 79 255 255 255 51 0 17 0 0 12 0 0 3 0 0 0 0 5 0 0 4 2 0 0 0 0 1 71 223 238 236 128 28 0 14 16 0 8 1 0 5 0 0 0 0 5 0 0 0 0 3 5 5 2 145 210 254 248 108 0 2 7 0 61 2 0 4 2 2 0 0 0 0 0 7 9 0 0 0 0 0 20 172 251 248 111 0 5 1 0 14 0 12 0 8 0 2 0 0 0 0 2 2 1 0 8 11 0 29 192 255 248 185 11 14 0 10 0 0 0 0 0 0 0 0 0 0 0 0 3 0 5 10 1 0 19 140 247 241 194 33 0 0 23 0 0 0 0 0 0 0 0 0 0 0 0 0 5 0 0 0 13 1 0 20 5 2 21 0 11 0 10 0 0 0 0 0 0 0 0 0 0 0 0 0 0 14 8 0 0 11 0 0 4 0 0 11 0 0 0 13 0 0 0 0 0 0 0 0 0 0 0 0
0 0 0 0 0 0 0 0 0 5 6 0 0 0 2 1 2 0 6 7 0 0 10 0 0 0 0 0 0 0 0 0 0 0 0 0 4 0 0 0 4 2 0 0 0 0 0 10 11 4 0 4 0 0 0 0 0 0 0 0 0 0 0 0 1 2 4 4 0 0 0 4 5 12 0 0 0 6 0 0 0 0 0 0 0 0 0 0 0 0 0 0 0 3 0 0 0 6 2 0 0 0 6 15 0 6 12 0 0 0 0 0 0 0 0 0 0 0 0 0 0 1 6 0 0 1 6 7 17 0 0 0 0 0 0 0 0 0 0 0 0 0 0 0 0 0 0 0 8 0 0 6 10 0 0 0 0 11 11 0 0 8 1 0 0 0 0 0 0 0 0 0 0 0 0 0 0 9 4 0 0 75 183 255 255 255 233 160 7 2 7 0 0 0 0 0 0 0 0 0 0 0 0 0 2 0 0 35 154 255 226 132 22 24 148 248 5 0 5 1 0 0 0 0 0 6 0 0 4 0 0 2 8 2 15 201 255 149 33 0 0 0 24 249 86 0 7 0 0 0 0 0 3 4 0 0 0 0 0 0 0 15 205 248 128 12 3 7 0 4 20 232 92 0 0 2 0 0 0 0 3 0 0 2 0 6 8 0 6 141 246 147 9 2 0 0 6 0 2 174 124 17 0 0 0 0 0 0 3 0 3 3 0 5 3 0 56 242 184 0 3 0 23 0 0 9 0 43 58 0 0 17 0 0 0 0 5 0 7 2 0 0 0 3 163 231 48 5 0 0 2 0 3 5 0 2 6 7 13 0 0 0 0 0 0 0 8 2 1 0 0 47 255 147 2 0 25 0 0 0 0 2 0 29 0 5 0 13 0 0 0 0 0 0 6 0 7 3 6 98 249 116 3 0 0 5 0 23 0 5 181 223 11 0 30 0 0 0 0 0 4 0 5 0 1 0 0 112 251 71 8 2 5 0 15 0 22 171 241 68 0 0 0 1 0 0 0 0 0 0 0 0 0 2 5 6 250 154 22 0 6 0 26 118 217 255 87 1 6 0 2 3 0 0 0 0 1 0 0 0 0 1 3 5 121 253 225 178 185 212 247 255 253 173 29 0 3 1 0 0 0 0 0 0 2 1 0 0 0 0 1 2 3 138 200 254 255 179 92 118 255 67 0 0 3 4 0 0 0 0 0 0 3 2 0 0 0 0 0 0 0 1 24 17 20 6 30 243 210 13 0 9 2 0 6 4 0 0 0 0 2 2 1 0 0 0 0 0 14 0 0 0 5 5 71 248 94 0 1 6 0 0 10 0 0 0 0 0 1 1 0 0 0 0 0 0 3 0 0 18 1 0 176 255 9 2 0 0 0 1 10 0 0 0 0 0 0 0 0 0 0 0 0 0 0 2 0 0 4 53 255 130 0 2 0 0 0 9 1 0 0 0 0 0 0 0 0 0 0 0 0 0 5 0 22 0 0 50 245 54 3 0 3 5 0 3 0 12 0 0 0 0 0 0 0 0 0 0 0 0 1 0 2 10 0 41 247 65 0 0 0 0 0 0 0 0 0 0 0 0 0 0 0 0 0 0 0 0 5 0 0 0 2 61 223 138 0 0 0 0 0 0 0 0 0 0 0 0 0 0 0 0 0 0 0 0 0 2 10 0 0 0 12 0 0 0 0 0 0 0 0 0 0 0 0 0 0 0 0 0 0 0 0 0 0 0 6 5 10 4 0 12 0 0 0 0 0 0 0 0 0 0 0 0
0 0 0 0 0 0 0 0 0 0 3 2 0 3 0 1 3 0 0 6 0 0 2 2 0 0 0 0 0 0 0 0 0 0 0 0 24 2 3 9 0 0 7 3 5 6 0 0 0 6 8 0 0 0 0 0 0 0 0 0 0 0 0 0 0 9 0 0 5 10 0 3 0 3 5 0 1 4 0 0 0 0 0 0 0 0 0 0 0 0 0 0 7 8 0 17 0 0 0 10 0 1 2 0 2 0 0 6 0 0 0 0 0 0 0 0 0 0 0 0 0 18 0 0 0 7 4 0 16 1 0 0 0 8 0 0 0 0 0 0 0 0 0 0 0 0 0 0 18 4 0 4 8 0 11 0 0 0 13 0 0 11 0 0 0 0 0 0 0 0 0 0 0 0 0 0 0 0 10 5 33 158 255 109 37 0 12 14 0 4 0 1 0 0 0 0 0 0 0 0 0 0 0 0 0 14 0 71 255 253 245 250 177 15 0 3 1 4 0 6 0 0 0 0 0 5 0 2 7 2 2 2 0 0 27 204 248 255 243 255 216 3 78 39 0 3 0 3 0 0 0 0 0 5 2 0 0 0 0 0 0 5 185 253 255 146 122 250 255 206 254 243 101 25 0 0 0 0 0 0 0 0 3 0 0 4 9 2 6 132 255 255 129 24 9 170 251 255 247 249 49 0 0 15 0 0 0 0 2 0 3 1 0 9 8 0 21 253 237 230 12 0 0 37 247 247 233 198 0 0 13 0 0 0 0 0 7 0 3 0 0 3 0 0 124 255 243 136 0 0 10 4 255 254 255 145 0 5 7 0 0 0 0 0 4 0 4 0 3 4 0 27 240 240 255 41 0 2 0 45 252 250 201 26 0 7 0 10 0 0 0 0 0 0 6 0 8 5 5 89 255 244 197 17 0 8 3 120 255 255 114 0 7 14 0 0 0 0 0 0 1 2 9 0 1 0 5 121 254 254 47 0 15 0 76 252 252 247 51 9 0 0 12 0 0 0 0 0 3 0 5 0 2 0 0 116 245 245 68 0 15 113 229 255 251 237 39 8 0 9 2 0 0 0 0 0 0 0 5 0 6 4 10 104 255 255 192 127 225 255 252 245 250 203 0 5 0 0 14 0 0 0 0 0 3 0 6 0 0 0 0 53 235 237 249 252 243 255 241 255 255 142 0 5 4 0 5 0 0 0 0 0 6 0 6 0 0 0 0 7 61 205 246 255 169 86 106 247 250 80 0 0 1 14 0 4 0 0 0 0 1 0 3 4 0 5 3 0 2 4 33 47 15 0 102 240 238 80 0 0 0 16 0 5 0 0 0 0 0 0 1 4 2 6 6 0 0 2 16 0 0 0 7 236 251 154 0 3 0 0 9 0 0 0 0 0 1 3 0 0 0 0 0 0 2 0 0 23 0 19 0 210 255 207 0 8 2 0 9 0 0 0 0 0 0 5 0 0 2 0 0 2 0 13 0 0 11 0 24 233 244 196 0 0 4 7 0 3 0 0 0 0 0 0 0 0 0 0 0 0 3 2 0 4 15 0 87 255 255 136 21 0 3 0 0 2 0 0 0 0 0 0 0 0 0 0 0 0 0 11 9 0 0 0 72 218 239 116 3 0 7 12 2 0 0 0 0 0 0 0 0 0 0 0 0 0 1 0 0 0 9 2 0 14 5 0 0 1 0 0 0 13 0 0 0 0 0 0 0 0 0 0 0 0 0 0 0 3 4 4 0 0 1 3 11 15 6 0 0 0 0 0 0 0
0 0 0 0 0 0 0 0 7 0 2 0 0 8 0 9 0 5 0 0 7 7 0 0 0 0 0 0 0 0 0 0 0 0 0 0 0 0 13 0 0 4 0 0 0 7 9 0 0 0 0 1 0 0 0 0 0 0 0 0 0 0 0 0 4 0 5 9 7 2 0 11 9 0 0 5 3 0 0 3 0 0 0 0 0 0 0 0 0 0 0 0 0 3 2 0 0 9 5 0 13 0 0 7 2 2 7 0 0 0 0 0 0 0 0 0 0 0 0 0 3 2 0 0 0 0 0 4 0 0 17 4 0 1 12 0 0 0 0 0 0 0 0 0 0 0 0 0 0 1 3 11 5 0 2 3 20 0 0 0 0 0 0 0 0 0 0 0 0 0 0 0 0 0 0 0 0 18 0 0 47 162 252 254 155 71 0 0 13 0 0 6 0 0 0 0 0 0 0 0 0 0 0 0 8 0 13 153 251 249 252 254 255 208 86 0 0 4 1 0 0 0 0 0 4 0 0 1 3 1 0 2 0 6 134 255 242 246 181 34 164 251 246 18 0 0 5 0 0 0 0 0 0 0 0 3 3 1 2 5 0 161 255 249 226 85 7 2 43 227 255 132 7 0 23 0 0 0 0 0 0 0 0 1 0 0 0 1 122 255 241 168 11 4 0 3 0 198 252 191 10 6 0 0 0 0 0 0 0 0 1 1 0 0 2 12 173 255 255 143 0 0 2 0 28 254 251 248 50 0 3 0 0 0 0 0 0 0 0 1 1 4 16 29 255 238 239 145 1 0 0 21 191 245 255 204 24 25 0 5 0 0 0 0 2 0 0 0 0 0 6 16 171 255 255 151 0 2 27 192 255 252 246 169 0 0 20 0 0 0 0 0 5 1 0 0 0 0 0 0 167 236 255 166 97 118 229 255 243 241 255 131 3 0 0 11 0 0 0 0 0 0 0 5 8 3 0 0 140 255 249 252 255 253 255 238 255 255 159 0 3 9 0 2 0 0 0 0 0 0 0 0 0 0 0 0 11 151 245 247 255 255 243 255 253 254 149 0 15 0 0 5 0 0 0 0 0 0 0 0 0 0 0 0 4 13 148 245 217 226 249 229 253 255 66 8 0 0 10 0 0 0 0 0 0 0 0 0 0 0 0 0 0 0 0 2 0 0 117 255 252 230 1 11 0 1 14 0 0 0 0 0 0 0 0 0 0 0 0 0 1 0 0 0 0 5 178 248 249 149 1 0 0 12 0 0 0 0 0 0 0 0 0 0 0 0 0 0 9 0 0 2 0 54 255 239 250 110 13 0 3 10 0 3 0 0 0 0 0 0 0 0 0 0 0 0 0 27 3 0 10 74 243 255 254 128 1 5 0 0 0 8 0 0 0 0 0 0 0 0 0 0 0 0 0 3 0 0 10 161 252 253 254 139 0 4 0 0 1 6 0 0 0 0 0 0 0 0 0 0 0 0 0 1 1 2 0 219 240 255 250 121 7 0 7 0 0 1 0 0 0 0 0 0 0 0 0 0 0 0 0 0 13 0 0 115 240 255 255 102 0 4 7 0 0 3 0 0 0 0 0 0 0 0 0 0 0 0 7 0 0 1 0 26 93 116 137 37 0 0 1 0 0 0 0 0 0 0 0 0 0 0 0 0 0 0 7 0 0 10 0 0 0 10 18 0 0 3 0 3 7 0 0 0 0 0 0 0 0 0 0 0 0 0 0 4 5 4 6 3 0 0 0 0 8 7 0 2 8 0 0 0 0 0
0 0 0 0 0 0 0 0 4 0 0 0 0 3 4 3 7 0 2 6 0 0 1 8 0 0 0 0 0 0 0 0 0 0 0 0 0 0 1 3 2 0 0 0 0 0 0 0 2 9 2 0 0 0 0 0 0 0 0 0 0 0 0 0 4 3 0 0 0 0 5 12 5 15 6 0 0 0 0 3 0 0 0 0 0 0 0 0 0 0 0 0 0 2 3 3 0 0 0 0 0 0 0 2 7 0 0 5 0 0 0 0 0 0 0 0 0 0 0 0 0 0 0 0 2 5 6 6 2 3 0 0 2 2 0 0 0 0 0 0 0 0 0 0 0 0 0 0 2 1 0 0 0 0 0 0 0 0 9 0 0 0 8 0 0 0 0 0 0 0 0 0 0 0 0 0 0 2 10 9 1 0 0 6 19 0 0 15 0 0 6 0 0 0 0 0 0 0 0 0 0 0 0 0 3 1 0 0 11 66 142 198 227 61 0 7 6 0 4 0 0 0 0 0 0 0 0 3 5 5 2 0 1 0 12 70 148 246 254 255 255 101 19 0 1 10 2 0 0 0 0 0 3 1 0 0 0 0 0 0 10 0 182 252 237 253 220 139 86 191 202 0 3 0 5 1 0 0 0 0 3 1 0 0 0 0 1 4 4 167 239 255 214 43 0 0 5 186 251 147 0 14 0 0 0 0 0 0 0 0 1 4 3 0 0 1 63 255 255 139 8 0 8 10 53 224 255 169 0 0 0 23 0 0 0 0 2 0 1 4 0 0 0 0 153 255 136 13 3 1 0 45 235 255 238 209 26 13 0 0 0 0 0 0 5 0 0 1 0 0 9 22 191 255 126 11 6 26 178 230 255 243 248 239 13 0 14 0 0 0 0 0 2 0 0 2 3 3 15 32 255 241 244 216 230 231 240 255 234 255 167 19 12 0 13 0 0 0 0 0 2 0 0 4 0 0 0 9 127 255 255 251 250 212 135 99 255 246 73 0 0 11 0 5 0 0 0 0 0 0 0 0 0 0 0 0 0 46 136 90 5 2 7 28 255 238 33 6 2 11 0 0 0 0 0 0 0 0 0 0 0 0 0 0 16 0 0 1 0 5 10 10 239 212 0 0 0 0 16 2 0 0 0 0 0 0 0 0 0 0 0 0 0 0 0 2 0 0 7 30 255 198 8 3 5 0 7 0 0 0 0 0 0 0 0 0 0 0 0 0 0 11 7 2 8 0 0 20 249 126 9 0 1 6 0 3 0 0 0 0 0 0 0 0 0 0 0 0 0 1 5 0 0 8 0 57 235 104 0 0 1 9 0 5 0 0 0 0 0 0 0 0 0 0 0 0 2 0 18 0 0 0 1 100 255 160 1 9 5 0 3 0 0 0 0 0 0 0 0 0 0 0 0 0 6 0 0 0 7 0 0 45 251 173 0 4 0 0 8 1 0 0 0 0 0 0 0 0 0 0 0 0 0 8 0 0 0 0 3 11 255 174 14 3 0 17 0 5 0 0 0 0 0 0 0 0 0 0 0 0 5 0 0 2 1 0 8 24 246 215 0 0 8 6 0 12 0 0 0 0 0 0 0 0 0 0 0 0 4 0 0 3 1 0 6 20 255 242 67 0 4 8 1 1 0 0 0 0 0 0 0 0 0 0 0 0 2 0 0 3 1 0 2 13 255 242 120 0 0 0 11 4 0 0 0 0 0 0 0 0 0 0 0 0 0 0 0 2 1 0 0 5 0 0 19 0 17 3 2 0 0 0 0 0
0 0 0 0 0 0 0 0 0 2 6 2 0 1 1 0 0 8 0 5 4 10 0 1 0 0 0 0 0 0 0 0 0 0 0 0 15 1 0 0 4 1 0 0 9 0 1 0 0 0 0 16 0 0 0 0 0 0 0 0 0 0 0 0 0 0 0 0 1 3 6 9 0 0 6 9 0 8 12 0 0 0 0 0 0 0 0 0 0 0 0 0 0 5 8 0 0 0 0 0 0 8 0 5 0 7 0 0 0 0 0 0 0 0 0 0 0 0 0 0 1 3 2 1 6 12 8 0 0 12 0 12 13 0 0 17 0 0 0 0 0 0 0 0 0 0 0 0 1 0 0 3 0 0 0 7 0 9 0 0 15 0 11 0 0 0 0 0 0 0 0 0 0 0 0 0 1 2 0 0 6 12 2 0 3 5 0 23 0 0 13 0 0 0 0 0 0 0 0 0 0 0 0 0 0 4 0 11 90 162 127 39 0 4 52 224 73 12 0 7 0 0 0 0 0 0 5 3 5 3 0 8 0 12 11 202 255 255 253 195 19 62 179 255 198 1 0 5 0 0 0 0 7 0 1 0 0 0 0 0 0 2 173 235 255 232 252 255 171 231 255 252 118 3 0 0 0 0 0 0 2 2 0 2 0 1 8 0 0 86 249 255 141 69 222 249 245 255 253 235 19 0 9 5 0 0 0 0 0 5 0 10 0 1 6 0 39 247 249 127 0 46 255 244 255 250 242 250 0 0 12 0 0 0 0 0 0 9 0 9 0 0 0 22 207 254 163 0 57 165 237 255 195 246 253 209 7 0 4 0 0 0 0 0 1 8 0 4 0 1 6 101 248 255 46 92 199 243 255 72 100 253 239 85 0 0 0 11 0 0 0 0 0 3 0 3 0 9 11 173 255 177 121 255 255 247 108 4 132 255 215 9 0 1 0 3 0 0 0 0 0 1 0 5 0 2 0 192 249 255 254 255 238 118 2 4 206 239 175 0 0 1 6 0 0 0 0 0 1 0 0 0 3 0 18 153 255 249 248 190 51 0 15 0 182 255 112 1 0 0 5 2 0 0 0 0 0 5 7 0 6 2 0 38 146 254 131 0 2 10 4 33 226 251 67 0 0 3 1 0 0 0 0 0 0 6 4 0 1 12 0 0 0 14 0 1 6 0 0 23 255 217 18 0 3 2 0 0 0 0 0 0 9 0 0 1 0 1 1 5 11 0 0 10 4 0 15 133 253 175 0 4 2 0 0 6 0 0 0 0 3 0 0 15 4 0 0 0 0 6 15 0 5 4 0 199 255 140 0 7 0 2 0 4 0 0 0 0 0 0 0 2 0 0 7 0 15 0 0 0 0 1 0 255 255 101 0 0 0 9 0 0 0 0 0 0 1 9 0 0 0 2 15 0 0 16 3 0 7 7 1 239 239 44 3 0 0 9 0 0 0 0 0 0 0 8 0 7 10 0 0 0 1 3 0 14 0 0 56 255 196 0 6 3 0 2 0 11 0 0 0 0 0 0 0 0 0 0 0 0 0 3 0 0 0 1 102 252 73 8 0 9 0 0 3 0 0 0 0 0 0 0 0 0 0 0 0 0 0 0 0 10 2 0 90 248 58 5 0 7 0 0 4 0 0 0 0 0 0 0 0 0 0 0 0 0 11 1 0 0 0 12 109 242 35 2 0 5 0 0 5 0 0 0 0 0 0 0 0 0 0 0 0 0 0 2 7 8 7 0 0 2 13 0 0 2 0 0 6 0 0 0 0 0
0 0 0 0 0 0 0 0 1 0 8 2 0 1 0 6 0 0 2 0 0 4 9 0 0 0 0 0 0 0 0 0 0 0 0 0 6 0 0 0 0 9 0 0 4 0 0 9 12 7 0 0 0 0 0 0 0 0 0 0 0 0 0 0 1 0 11 5 3 6 0 0 0 0 3 1 0 0 0 14 0 0 0 0 0 0 0 0 0 0 0 0 1 0 0 7 7 0 0 0 0 0 0 0 3 10 3 0 0 0 0 0 0 0 0 0 0 0 0 0 13 0 0 0 2 4 8 8 2 11 4 0 3 1 0 4 0 0 0 0 0 0 0 0 0 0 0 0 0 7 8 6 0 0 2 0 0 1 0 0 10 0 0 8 0 0 0 0 0 0 0 0 0 0 0 0 5 0 0 20 68 126 212 255 255 214 96 0 0 7 2 2 0 0 0 0 0 0 0 0 0 0 0 0 5 0 21 159 255 255 255 251 210 255 198 56 0 0 2 0 0 0 0 0 0 0 0 0 0 0 0 0 0 7 166 255 255 244 164 50 10 68 228 212 25 0 0 9 0 0 0 0 0 0 0 0 0 0 0 0 0 117 239 239 248 255 106 10 0 0 103 253 218 48 27 0 0 0 0 0 0 0 0 0 0 0 0 0 0 255 255 219 35 75 9 0 5 0 86 255 255 243 0 13 0 0 0 0 0 0 0 0 0 0 0 0 47 247 240 63 0 7 9 4 4 36 192 254 245 251 56 0 0 0 0 0 0 0 0 0 0 0 0 0 25 247 232 6 4 0 0 0 0 120 255 255 248 155 0 4 0 0 0 0 0 0 0 0 0 0 0 0 0 229 254 180 67 0 4 4 110 237 255 229 217 0 0 8 0 0 0 0 0 0 0 0 0 0 0 0 0 31 190 246 255 255 255 239 255 243 253 155 13 0 6 0 0 0 0 0 0 0 0 0 0 0 0 0 7 0 0 76 109 198 255 255 243 255 200 0 1 0 21 0 0 0 0 0 0 0 0 0 0 0 0 0 2 2 1 0 8 0 187 255 245 233 29 3 5 0 0 0 0 0 0 0 0 0 0 0 0 0 0 0 0 0 9 7 0 97 245 255 255 82 0 0 0 3 0 5 0 0 0 0 0 0 0 0 0 0 0 0 10 0 0 14 81 254 255 243 144 0 12 0 0 6 1 0 0 0 0 0 0 0 0 0 0 0 0 0 12 0 21 76 241 255 246 168 11 0 20 0 4 0 8 0 0 0 0 0 0 0 0 0 0 0 0 0 0 6 22 242 255 237 155 25 0 5 0 0 9 0 1 4 0 0 0 0 0 0 0 0 0 0 0 0 0 2 202 242 251 170 18 0 9 0 0 4 0 1 0 2 0 0 0 0 0 0 0 0 0 0 0 0 5 185 255 255 154 7 1 13 0 0 13 10 0 6 4 0 0 0 0 0 0 0 0 0 0 0 0 0 144 255 255 231 49 0 0 0 0 10 0 0 10 0 6 1 0 0 0 0 0 2 3 0 0 0 8 15 233 255 221 78 5 0 0 0 0 0 0 0 0 0 0 0 0 0 0 0 0 2 3 1 0 0 5 11 251 231 126 10 0 0 4 5 0 0 0 0 0 0 0 0 0 0 0 0 0 1 3 1 0 0 2 6 0 2 0 0 8 10 0 0 0 0 0 0 0 0 0 0 0 0 0 0 0 0 2 2 0 0 0 1 0 7 4 2 3 0 0 8 0 0 0 0 0 0 0 0 0 0 0 0
0 0 0 0 0 0 0 0 0 10 1 0 4 4 0 4 0 0 0 0 0 0 0 11 0 0 0 0 0 0 0 0 0 0 0 0 13 0 0 16 4 0 5 8 3 2 4 6 4 0 0 0 0 0 0 0 0 0 0 0 0 0 0 0 1 12 2 0 0 3 0 0 0 0 1 0 1 3 0 0 0 0 0 0 0 0 0 0 0 0 0 0 0 0 11 14 0 0 21 9 0 1 0 0 0 1 3 0 0 0 0 0 0 0 0 0 0 0 0 0 0 15 0 0 10 0 0 0 1 5 6 1 0 0 0 0 0 0 0 0 0 0 0 0 0 0 0 0 1 1 0 9 7 0 2 2 0 0 0 3 3 0 0 0 0 0 0 0 0 0 0 0 0 0 0 0 8 0 0 4 34 203 248 13 12 0 0 0 6 0 0 2 0 0 0 0 0 0 0 0 0 0 0 0 0 13 0 69 189 237 255 247 58 21 0 0 7 0 0 2 0 0 0 0 0 0 0 0 0 0 0 0 0 12 58 229 240 255 247 255 234 37 20 35 15 0 7 1 0 0 0 0 0 0 0 0 0 0 0 0 0 27 245 255 250 255 244 255 240 248 222 189 8 1 0 0 0 0 0 0 0 0 0 0 0 0 0 0 6 162 235 236 255 170 254 250 255 252 255 255 140 3 3 0 0 0 0 0 0 0 0 0 0 0 0 0 33 249 255 249 182 32 110 214 253 247 233 231 69 1 0 3 0 0 0 0 0 0 0 0 0 0 0 0 48 237 255 250 87 0 73 188 248 253 255 187 6 0 0 0 0 0 0 0 0 0 0 0 0 0 0 0 53 252 239 255 192 153 248 243 248 252 249 190 5 12 0 2 0 0 0 0 0 0 0 0 0 0 0 0 0 144 254 255 255 250 255 252 255 255 226 59 0 0 17 1 0 0 0 0 0 0 0 0 0 0 0 0 7 25 222 255 234 255 252 255 253 242 90 1 0 13 4 0 0 0 0 0 0 0 0 0 0 0 0 0 0 2 4 97 233 254 241 255 249 93 0 3 7 0 0 1 0 0 0 0 0 0 0 0 0 0 0 0 3 0 0 2 99 255 255 246 144 38 0 3 5 0 0 0 0 0 0 0 0 0 0 0 0 0 0 0 0 13 0 18 149 255 255 221 43 0 0 7 3 0 4 3 0 0 0 0 0 0 0 0 0 0 0 0 0 12 0 117 255 255 246 133 6 0 1 7 0 0 7 3 0 0 0 0 0 0 0 0 0 0 0 0 3 0 8 194 251 251 237 38 1 2 3 0 0 1 3 0 0 0 0 0 0 0 0 0 0 0 0 0 1 0 65 244 242 255 131 6 0 1 0 0 1 4 0 0 0 0 0 0 0 0 0 0 0 0 0 0 0 18 152 255 255 243 8 0 0 0 0 0 6 3 0 4 0 0 0 0 0 0 0 0 0 0 0 0 8 52 242 253 250 205 6 2 0 0 0 0 2 0 0 12 0 0 0 0 0 0 0 0 0 0 0 0 3 64 238 255 236 89 5 2 0 0 0 0 0 0 0 0 0 0 0 0 0 0 0 0 0 0 0 0 0 52 255 240 240 37 6 0 0 0 0 0 0 0 0 0 0 0 0 0 0 0 0 0 0 0 0 0 23 0 0 5 7 13 0 0 0 0 0 0 0 0 0 0 0 0 0 0 0 0 0 0 0 0 0 0 0 0 4 5 0 0 0 12 0 0 0 0 0 0 0 0 0 0 0 0
0 0 0 0 0 0 0 0 0 4 8 2 0 1 4 2 0 9 8 1 1 0 0 0 0 0 0 0 0 0 0 0 0 0 0 0 4 0 0 0 0 0 0 0 0 0 0 0 0 12 10 0 0 0 0 0 0 0 0 0 0 0 0 0 3 1 1 4 2 0 1 6 13 4 7 7 0 0 0 9 0 0 0 0 0 0 0 0 0 0 0 0 0 0 2 0 0 0 0 0 0 0 0 8 8 2 0 0 0 0 0 0 0 0 0 0 0 0 0 0 0 5 3 0 0 7 6 0 1 8 7 0 0 4 11 2 0 0 0 0 0 0 0 0 0 0 0 0 0 5 12 1 0 0 0 0 0 0 0 0 10 0 0 5 0 0 0 0 0 0 0 0 0 0 0 0 19 0 0 0 52 130 208 255 244 172 51 0 1 2 0 6 0 0 0 0 0 0 0 0 0 0 0 0 5 0 16 128 235 255 228 194 217 255 164 20 0 9 2 0 0 0 0 0 0 0 0 0 0 0 0 0 2 0 57 252 247 128 5 5 7 23 230 53 0 0 9 3 0 0 0 0 0 0 0 0 0 0 0 0 0 11 175 235 117 0 6 0 0 18 199 70 9 2 0 0 0 0 0 0 0 0 0 0 0 0 0 0 0 0 153 255 90 0 0 0 0 111 250 103 3 5 0 3 0 0 0 0 0 0 0 0 0 0 0 0 7 0 103 255 188 24 0 27 120 231 255 79 0 4 3 7 0 0 0 0 0 0 0 0 0 0 0 0 0 13 20 240 255 220 184 211 250 255 158 12 0 0 3 0 0 0 0 0 0 0 0 0 0 0 0 0 0 0 0 76 204 233 255 175 228 247 99 0 0 0 7 0 0 0 0 0 0 0 0 0 0 0 0 0 4 16 0 0 0 34 32 0 193 239 67 13 0 0 9 0 0 0 0 0 0 0 0 0 0 0 0 0 0 0 0 9 0 11 0 93 255 231 0 2 4 0 0 0 0 0 0 0 0 0 0 0 0 0 0 0 0 0 0 2 3 0 9 140 255 119 7 0 0 9 0 6 0 0 0 0 0 0 0 0 0 0 0 0 4 10 0 0 0 0 17 248 238 51 0 0 3 4 0 2 0 0 0 0 0 0 0 0 0 0 0 0 0 0 4 8 6 9 115 255 177 0 0 1 7 3 0 3 0 0 0 0 0 0 0 0 0 0 0 0 9 0 0 6 0 7 238 250 79 0 8 4 0 0 0 4 0 0 0 0 0 0 0 0 0 0 0 0 0 14 0 3 0 52 255 238 3 11 0 2 0 0 0 0 0 0 0 0 0 0 0 0 0 0 0 0 0 1 1 6 0 176 255 137 0 17 0 6 5 0 0 0 0 0 0 0 0 0 0 0 0 0 0 0 12 0 0 22 67 255 229 42 1 5 0 4 6 3 2 0 0 0 0 0 0 0 0 0 0 0 0 0 0 0 9 90 246 255 154 4 2 0 18 0 0 0 11 0 0 0 0 0 0 0 0 0 0 0 0 0 5 0 6 108 255 241 62 4 0 0 0 0 0 0 0 0 0 0 0 0 0 0 0 0 0 0 0 0 4 12 9 81 239 205 18 0 0 0 0 0 0 0 0 0 0 0 0 0 0 0 0 0 0 0 0 0 0 0 0 0 14 12 0 17 0 0 0 0 0 0 0 0 0 0 0 0 0 0 0 0 0 0 0 0 0 0 20 14 0 0 0 5 0 0 0 0 0 0 0 0 0 0 0 0
0 0 0 0 0 0 0 0 0 0 0 0 0 0 0 5 0 3 3 0 0 3 3 1 0 0 0 0 0 0 0 0 0 0 0 0 0 7 13 12 5 0 0 1 0 0 0 0 2 1 0 0 0 0 0 0 0 0 0 0 0 0 0 0 10 0 0 0 0 5 8 0 2 7 9 1 0 0 1 19 0 0 0 0 0 0 0 0 0 0 0 0 1 3 14 13 0 0 0 0 0 0 0 1 7 4 0 0 0 0 0 0 0 0 0 0 0 0 0 0 0 0 0 0 0 0 4 0 3 3 2 1 2 3 0 0 0 0 0 0 0 0 0 0 0 0 0 0 0 9 3 0 5 7 0 0 0 0 2 0 0 6 7 0 0 0 0 0 0 0 0 0 0 0 0 0 0 13 0 0 31 98 166 237 255 209 114 21 0 0 3 0 0 0 0 0 0 0 0 0 0 0 0 0 1 7 0 40 180 255 252 254 239 255 244 137 29 0 0 9 0 0 0 0 0 0 0 0 0 0 0 0 0 5 61 199 255 249 189 149 75 123 255 201 7 0 0 0 0 0 0 0 0 0 0 0 0 0 0 0 9 24 244 248 254 132 0 0 114 231 249 167 0 0 12 0 0 0 0 0 0 0 0 0 0 0 0 0 0 177 253 255 151 0 18 45 195 255 251 63 8 0 0 1 0 0 0 0 0 0 0 0 0 0 0 0 0 173 255 182 10 23 30 197 251 251 185 0 16 0 0 4 0 0 0 0 0 0 0 0 0 0 0 0 7 209 255 111 40 117 190 255 254 255 87 8 0 0 3 0 0 0 0 0 0 0 0 0 0 0 0 0 17 205 255 254 255 243 255 246 254 255 91 6 0 1 8 0 0 0 0 0 0 0 0 0 0 0 0 0 0 191 255 248 248 251 225 162 255 238 110 0 3 1 0 1 0 0 0 0 0 0 0 0 0 0 0 0 4 0 175 223 211 109 20 159 251 255 53 0 11 0 2 0 0 0 0 0 2 0 0 0 1 3 2 0 1 4 0 0 5 0 1 195 253 191 2 4 0 0 5 0 0 0 0 0 1 0 0 0 1 2 0 0 0 0 0 3 0 6 21 220 245 191 0 0 0 1 6 1 0 0 0 0 0 0 0 0 0 0 0 0 0 0 2 6 0 14 60 246 255 178 0 0 4 1 2 2 0 0 0 0 0 0 0 0 0 0 0 0 0 0 5 4 0 3 113 255 255 111 0 0 5 0 0 1 0 0 0 0 0 0 0 0 0 0 0 0 0 4 4 0 0 0 174 255 229 13 3 0 2 0 3 3 0 0 0 0 0 0 0 0 0 0 1 3 0 2 0 0 1 28 225 255 196 0 9 0 0 0 3 0 0 0 0 0 0 0 1 0 0 0 5 9 13 0 0 0 0 89 251 254 159 0 6 5 0 0 3 0 0 0 0 0 0 1 1 0 0 0 7 12 32 0 3 4 0 139 255 252 118 11 0 3 0 5 7 0 0 0 0 0 0 0 0 0 0 0 0 0 0 0 3 0 1 209 255 249 55 20 0 0 4 0 0 3 0 0 0 0 0 0 0 0 0 0 0 0 17 2 0 4 31 205 247 246 10 0 0 1 5 0 0 4 0 0 0 0 0 0 0 0 0 0 0 0 1 0 5 0 0 30 7 0 0 0 0 5 4 0 0 1 0 0 0 0 0 0 0 0 0 0 0 0 0 0 10 3 0 3 0 0 1 6 7 2 0 0 0 0 0 0 0 0
0 0 0 0 0 0 0 0 4 0 0 0 0 1 8 2 8 5 0 0 0 0 2 5 0 0 0 0 0 0 0 0 0 0 0 0 0 0 0 11 13 0 0 0 0 0 6 9 4 0 0 0 0 0 0 0 0 0 0 0 0 0 0 0 7 4 0 0 1 0 0 3 8 6 2 0 0 0 0 4 0 0 0 0 0 0 0 0 0 0 0 0 0 7 4 0 5 11 5 4 0 0 0 0 2 5 1 0 0 0 0 0 0 0 0 0 0 0 0 0 2 5 0 0 0 0 0 0 11 10 8 4 2 1 1 1 0 0 0 0 0 0 0 0 0 0 0 0 2 0 0 13 6 0 6 13 0 0 1 1 0 0 1 8 0 0 0 0 0 0 0 0 0 0 0 0 8 0 7 8 0 0 8 0 12 6 1 2 5 5 0 0 0 0 0 0 0 0 0 0 0 0 0 0 3 0 2 0 11 143 255 255 247 167 65 2 0 2 4 0 0 0 0 0 0 0 0 0 0 0 0 1 0 9 0 6 168 255 249 255 254 255 255 0 12 6 0 10 0 0 0 0 0 0 0 0 0 0 0 0 0 44 112 166 255 238 202 38 66 214 252 59 0 1 1 0 0 0 0 0 0 0 0 0 0 0 0 0 4 86 251 255 195 69 0 12 0 210 255 199 18 0 2 9 0 0 0 0 0 0 1 1 1 0 0 0 0 225 255 135 10 0 0 1 26 246 255 225 0 0 14 0 0 0 0 0 0 0 1 1 1 0 0 0 83 247 243 120 4 3 4 0 118 248 255 186 0 0 8 0 0 0 0 0 0 0 0 0 0 1 2 3 130 245 242 30 0 0 5 56 232 253 253 146 16 0 0 10 0 0 0 0 1 0 0 0 0 1 5 7 179 255 147 0 32 50 144 191 255 255 241 50 0 2 1 0 0 0 0 0 1 0 0 0 0 2 6 9 248 255 242 179 208 255 255 249 255 229 178 0 0 0 9 6 0 0 0 0 0 0 0 0 0 0 0 0 232 255 236 255 250 211 192 46 221 249 73 1 0 0 8 7 0 0 0 0 0 0 0 0 0 0 0 0 73 228 252 232 160 53 20 30 255 255 72 9 8 0 0 0 0 0 0 0 0 0 0 0 0 0 0 0 10 32 36 41 2 0 0 43 240 225 18 0 1 0 4 0 0 0 0 0 0 0 0 0 0 0 0 0 0 16 1 0 0 10 0 190 255 203 0 0 2 3 1 0 0 0 0 0 0 0 0 0 0 0 0 0 0 5 0 0 14 14 0 198 255 169 2 3 3 1 0 0 0 0 0 0 0 0 0 0 0 0 0 0 4 0 7 8 0 0 27 225 246 97 0 2 0 0 0 6 0 0 0 0 0 0 0 0 0 0 0 0 0 14 0 0 14 5 44 244 248 50 3 10 1 0 0 2 0 0 0 0 0 0 0 0 0 0 0 0 0 0 5 6 0 0 100 255 226 0 0 1 0 1 0 3 0 0 0 0 0 0 0 0 0 0 0 0 0 16 0 3 0 7 153 255 212 0 0 0 10 4 0 0 0 0 0 0 0 0 0 0 0 0 0 0 10 0 0 7 0 2 116 255 187 13 2 0 0 0 4 7 0 0 0 0 0 0 0 0 0 0 0 0 10 0 7 8 0 0 33 149 91 1 2 0 6 0 4 1 0 0 0 0 0 0 0 0 0 0 0 0 0 0 10 0 0 7 0 18 5 0 0 3 15 0 4 0 0 0 0 0
0 0 0 0 0 0 0 0 0 2 5 4 0 0 0 0 1 7 4 0 0 0 4 1 0 0 0 0 0 0 0 0 0 0 0 0 4 1 0 0 0 3 7 9 0 0 0 4 11 8 0 0 0 0 0 0 0 0 0 0 0 0 0 0 0 0 0 0 1 1 0 0 8 4 2 2 0 0 0 8 0 0 0 0 0 0 0 0 0 0 0 0 0 0 1 4 6 5 3 1 0 0 0 0 0 0 1 3 0 0 0 0 0 0 0 0 0 0 0 0 9 6 2 0 0 0 0 2 12 10 1 0 0 7 2 0 0 0 0 0 0 0 0 0 0 0 0 0 0 0 0 1 4 5 4 3 0 0 1 0 0 0 2 1 0 0 0 0 0 0 0 0 0 0 0 0 14 5 0 0 4 5 0 0 14 0 0 6 8 0 0 4 0 0 0 0 0 0 0 0 0 0 0 0 0 0 1 46 119 193 245 255 246 128 18 0 0 0 0 3 0 0 0 0 2 6 0 0 13 0 0 0 0 19 114 237 255 225 115 198 254 246 91 0 0 6 0 5 0 0 0 0 0 9 0 0 3 0 3 7 16 137 255 201 90 33 0 74 255 255 99 13 0 0 0 6 0 0 0 0 0 6 4 0 0 5 0 2 96 255 163 21 8 1 3 47 228 239 41 0 0 7 0 0 0 0 0 0 2 0 0 0 0 8 0 13 250 170 0 1 0 0 0 59 248 254 19 2 0 9 0 0 0 0 0 0 8 0 0 5 0 2 0 85 244 38 0 8 0 27 0 110 255 255 27 15 0 0 2 6 0 0 0 0 4 0 1 7 0 0 5 184 255 13 9 0 0 0 63 241 246 248 11 5 0 0 1 9 0 0 0 0 0 0 2 2 0 0 4 228 186 0 6 4 3 69 255 240 251 237 12 3 6 5 0 0 0 0 0 0 0 0 0 0 1 6 0 218 192 8 4 85 190 240 229 72 199 198 8 0 1 0 0 14 0 0 0 0 4 0 0 6 0 0 18 54 255 233 234 255 229 115 12 12 212 212 16 0 0 8 0 0 0 0 0 0 0 0 0 5 0 0 0 16 76 141 152 73 22 13 0 0 214 178 1 4 0 3 0 2 0 0 0 0 1 0 0 5 4 0 0 0 6 5 2 0 0 0 0 34 223 136 0 9 0 0 0 4 0 0 0 0 3 3 0 0 1 4 3 0 0 0 0 0 10 6 0 34 241 106 0 10 0 0 0 1 0 0 0 0 0 0 0 0 0 1 4 0 0 10 16 0 0 0 1 36 255 89 2 6 0 2 2 0 0 0 0 0 0 0 1 0 0 0 0 0 8 0 0 0 12 1 2 56 255 69 8 1 0 6 0 0 0 0 0 0 2 0 1 4 5 1 0 0 0 5 13 0 0 0 0 47 251 40 3 0 1 6 0 2 0 0 0 0 10 0 0 0 2 0 0 1 6 0 0 0 7 1 12 73 238 17 0 0 8 5 0 8 0 0 0 0 0 0 0 0 0 0 0 0 0 13 0 0 5 7 0 139 242 0 8 3 0 8 0 0 0 0 0 0 0 0 0 0 0 0 0 0 0 5 1 1 3 0 3 153 255 10 0 0 0 0 0 8 0 0 0 0 0 0 0 0 0 0 0 0 0 1 6 5 0 0 5 113 174 5 0 0 7 0 0 0 0 0 0 0 0 0 0 0 0 0 0 0 0 1 8 0 0 6 1 26 31 0 3 0 7 2 5 0 0 0 0 0
0 0 0 0 0 0 0 0 6 0 0 0 16 0 0 1 0 0 4 11 0 1 0 11 0 0 0 0 0 0 0 0 0 0 0 0 0 5 9 0 0 0 9 0 6 7 0 0 0 16 0 0 0 0 0 0 0 0 0 0 0 0 0 0 0 0 7 6 14 1 0 0 0 3 0 1 0 0 1 17 0 0 0 0 0 0 0 0 0 0 0 0 10 0 0 0 4 0 0 7 0 11 0 9 14 0 0 0 0 0 0 0 0 0 0 0 0 0 0 0 4 11 5 0 0 7 2 0 0 9 2 0 0 0 10 6 0 0 0 0 0 0 0 0 0 0 0 0 0 0 0 9 3 5 0 8 22 0 5 8 12 3 0 0 0 0 0 0 0 0 0 0 0 0 0 0 2 0 20 81 81 75 88 140 232 106 68 8 0 0 0 1 0 0 0 0 0 0 0 0 0 0 0 0 0 64 153 249 255 255 243 255 255 236 255 111 0 7 7 0 0 0 0 0 0 0 0 14 0 8 0 85 192 255 255 236 255 219 168 168 172 255 255 248 253 12 0 0 0 0 0 0 2 6 4 0 0 0 116 255 244 255 242 97 83 64 0 5 0 96 73 255 248 0 0 9 0 0 0 0 4 0 1 9 74 243 255 253 255 165 58 0 0 0 23 0 0 11 0 3 5 5 7 0 0 0 0 0 9 0 0 62 213 255 255 247 140 0 0 6 11 11 6 0 18 0 0 176 152 14 0 0 0 0 0 0 0 15 5 140 245 245 255 0 4 0 8 0 2 0 0 13 1 0 0 255 246 0 2 0 0 0 0 0 0 0 14 237 255 254 235 8 0 7 0 1 16 0 10 0 5 6 116 244 252 1 0 10 0 0 0 0 12 0 0 58 229 255 244 255 141 5 10 0 0 8 1 0 2 131 255 245 251 52 16 0 0 0 0 0 0 6 2 0 62 243 255 248 247 175 159 173 179 157 173 168 169 253 250 255 246 171 0 0 0 0 0 0 4 0 0 0 0 67 148 173 175 246 255 246 255 223 172 169 157 21 0 254 255 167 0 0 0 0 0 0 4 0 8 4 0 0 17 3 3 63 85 83 87 53 4 0 6 0 13 255 229 169 13 2 0 0 0 0 0 0 5 8 0 3 4 0 0 10 6 0 0 0 0 5 0 0 7 255 252 255 78 0 0 0 0 0 4 0 0 0 0 7 15 3 0 0 0 0 0 0 5 9 6 0 0 253 245 255 84 0 0 0 0 0 3 1 3 0 0 0 0 0 3 0 6 17 9 2 0 0 0 0 0 255 253 250 78 1 0 0 0 0 0 0 3 4 4 3 4 6 8 0 0 0 0 0 0 0 8 11 0 255 255 248 76 1 0 0 0 0 0 2 0 0 0 0 0 5 0 0 3 4 6 7 4 0 0 5 0 240 238 171 22 0 0 0 0 0 1 4 0 0 6 1 0 0 0 5 1 0 0 0 0 0 1 3 0 255 255 154 0 0 0 0 0 0 0 0 0 0 0 0 0 0 0 0 0 0 0 0 0 0 0 24 0 243 253 165 6 3 0 0 0 0 0 0 0 0 0 0 0 0 0 0 0 0 0 0 0 0 10 0 24 155 251 51 0 0 0 0 0 0 0 0 0 0 0 0 0 0 0 0 0 0 0 0 0 0 1 8 0 0 5 0 0 0 0 0 0 0 0 0 0 0 0 0 0 0 0 0 0 0 0 0 0 0 0 5 12 6 0 7 3 0 0 0 0 0
0 0 0 0 0 0 0 0 2 0 0 2 0 0 0 2 0 4 6 0 10 0 0 7 0 0 0 0 0 0 0 0 0 0 0 0 0 0 2 0 0 0 0 2 9 0 9 6 0 0 14 0 0 0 0 0 0 0 0 0 0 0 0 0 8 2 0 0 4 14 8 0 0 4 10 0 5 0 0 5 0 0 0 0 0 0 0 0 0 0 0 0 0 4 7 0 0 0 2 3 0 6 0 0 12 6 0 0 0 0 0 0 0 0 0 0 0 0 0 0 0 4 6 0 0 3 7 5 7 0 15 20 0 0 12 5 0 0 0 0 0 0 0 0 0 0 0 0 0 0 3 4 1 0 0 0 0 0 0 1 0 8 1 0 0 0 0 0 0 0 0 0 0 0 0 0 10 0 0 0 32 104 203 255 255 215 75 1 0 4 0 4 0 0 0 0 0 0 0 0 0 0 0 0 6 0 11 105 211 255 255 238 234 255 255 205 66 3 0 8 0 0 0 0 0 0 0 0 0 0 0 0 2 2 122 236 255 255 234 232 225 234 219 254 237 55 0 0 0 0 0 0 0 0 0 0 0 0 0 0 8 20 228 255 247 158 95 15 13 0 28 218 255 168 10 6 0 0 0 0 0 0 0 0 0 0 0 0 0 187 255 253 130 7 0 0 0 2 41 245 255 96 0 6 0 0 0 0 0 0 0 0 0 0 0 0 57 254 239 225 37 0 14 9 9 25 179 255 255 87 7 0 0 0 0 0 0 0 0 0 0 0 0 0 169 255 255 108 2 0 0 0 0 200 247 238 250 33 12 14 0 0 0 0 0 0 0 0 0 0 0 0 172 255 234 34 2 0 25 100 239 246 255 255 105 23 0 0 0 0 0 0 0 0 0 0 0 0 0 0 186 251 243 194 158 188 254 253 255 245 241 227 32 0 2 16 0 0 0 0 0 0 0 0 0 0 0 0 161 237 255 236 252 255 239 255 255 254 255 82 0 10 0 0 0 0 0 0 0 0 0 0 0 0 0 0 0 163 243 255 231 175 118 144 246 255 216 11 1 0 0 0 0 0 0 0 0 0 0 0 0 0 0 0 0 19 31 50 37 5 0 204 255 251 99 1 3 0 3 3 0 0 0 0 0 0 0 0 0 0 0 0 13 0 0 7 0 0 51 255 246 253 28 2 0 1 14 0 0 0 0 0 0 0 0 0 0 0 0 0 9 0 15 8 0 21 184 249 255 205 7 4 0 0 14 0 0 0 0 0 0 0 0 0 0 0 0 0 0 0 0 0 0 85 245 253 255 86 0 0 7 0 2 2 0 0 0 0 0 0 0 0 0 0 0 0 0 19 2 0 50 214 255 255 140 0 6 0 10 0 0 1 0 0 0 0 0 0 0 0 0 0 0 0 0 13 0 0 118 255 251 189 12 0 20 3 0 3 1 0 0 0 0 0 0 0 0 0 0 0 0 0 8 0 3 78 241 254 248 86 0 11 0 2 0 0 0 7 0 0 0 0 0 0 0 0 0 0 0 0 7 0 10 201 251 255 150 10 0 0 0 0 0 0 0 0 0 0 0 0 0 0 0 0 0 0 0 0 0 0 84 247 251 205 67 0 0 0 0 0 0 0 0 0 0 0 0 0 0 0 0 0 0 0 0 0 9 0 5 16 0 18 0 5 0 0 0 0 0 0 0 0 0 0 0 0 0 0 0 0 0 0 0 0 0 0 7 0 0 3 0 3 0 0 0 0 0 0 0 0 0 0 0 0
0 0 0 0 0 0 0 0 5 0 0 0 6 0 11 0 0 7 0 0 4 0 0 4 0 0 0 0 0 0 0 0 0 0 0 0 4 18 0 21 0 0 0 0 0 3 0 0 3 12 0 0 0 0 0 0 0 0 0 0 0 0 0 0 0 8 0 0 12 0 0 11 4 10 0 2 0 11 1 0 0 0 0 0 0 0 0 0 0 0 0 0 6 0 10 0 18 0 0 0 0 0 0 9 0 3 0 4 0 0 0 0 0 0 0 0 0 0 0 0 9 0 6 3 0 31 11 0 6 9 0 8 0 5 0 3 0 0 0 0 0 0 0 0 0 0 0 0 0 2 0 0 117 245 240 255 149 123 55 0 1 4 0 1 0 0 0 0 0 0 0 0 0 0 0 0 0 15 0 26 216 255 248 255 255 242 134 0 0 0 3 0 0 0 0 0 0 0 0 0 0 0 0 0 0 0 38 211 255 244 242 217 246 255 175 0 4 0 7 0 0 0 0 0 0 0 0 0 0 0 0 0 1 4 226 237 255 251 74 100 255 255 174 9 3 0 3 1 0 0 0 0 0 0 0 0 0 0 0 0 0 2 215 255 238 189 45 77 250 250 210 0 0 0 0 0 0 0 0 0 0 0 0 0 0 0 0 0 6 0 245 245 251 67 0 109 250 247 243 0 1 5 0 3 0 0 0 0 0 0 0 0 0 0 0 0 0 0 251 251 233 85 36 218 253 248 224 0 1 6 0 3 0 0 0 0 0 0 0 0 0 0 0 0 11 0 237 251 255 172 226 255 253 249 160 0 0 0 0 0 0 0 0 0 0 0 0 0 0 0 0 0 0 0 55 229 246 251 255 243 255 253 110 7 0 1 4 0 0 0 0 0 0 0 0 0 0 0 0 0 2 8 0 122 247 255 255 255 255 254 99 10 0 4 8 0 0 0 0 0 0 0 0 0 0 0 0 0 0 0 0 0 89 177 166 161 248 248 105 4 0 3 5 0 0 0 0 0 0 0 0 0 0 0 0 0 0 10 0 0 12 0 0 62 250 255 105 0 8 4 0 0 0 0 0 0 0 0 0 0 0 0 0 0 11 0 6 0 0 4 0 6 228 245 114 0 0 0 7 0 0 0 0 0 0 0 0 0 0 0 0 0 5 0 5 19 0 1 9 0 235 242 119 9 0 0 11 0 0 0 0 0 0 0 0 0 0 0 0 0 5 10 0 0 1 0 0 9 249 242 104 5 5 0 0 0 0 0 0 0 0 0 0 0 0 0 0 0 1 154 226 81 15 13 0 110 246 252 99 0 7 0 0 3 0 0 0 0 0 0 0 0 0 0 0 0 80 249 255 254 197 27 17 118 255 255 113 0 5 1 0 3 0 0 0 0 0 0 0 0 0 0 0 0 0 99 246 245 255 255 184 245 255 213 75 6 7 0 5 0 0 0 0 0 0 0 0 0 0 0 0 0 9 0 53 199 255 248 250 255 248 120 0 0 6 0 7 0 0 0 0 0 0 0 0 0 0 0 0 0 2 0 0 37 146 248 255 206 63 23 0 0 5 0 0 2 0 0 0 0 0 0 0 0 0 0 0 0 5 9 3 0 0 12 9 0 16 0 0 0 4 0 0 2 0 0 0 0 0 0 0 0 0 0 0 0 0 0 0 5 0 0 1 12 0 0 0 0 2 0 0 0 0 0 0 0 0 0 0 0 0 0 0 0 9 0 0 4 4 0 0 0 1 4 3 0 0 0 1 1 0 0 0 0
0 2 5 0 0 0 0 4 0 1 0 0 0 5 4 0 0 3 5 1 0 3 3 0 0 0 0 0 3 0 0 3 7 5 1 1 0 0 4 4 6 7 3 0 0 0 0 0 0 4 4 0 0 0 0 0 8 0 0 3 6 0 0 0 3 5 3 0 0 0 0 0 2 1 0 0 0 4 3 0 0 0 0 0 0 1 2 0 0 0 0 5 0 0 0 0 0 2 8 12 3 4 3 1 1 1 0 0 0 0 0 0 0 1 5 0 0 8 9 2 0 0 3 5 4 0 0 0 0 0 4 5 1 0 0 1 0 0 0 0 0 2 1 0 4 8 0 0 9 3 0 2 3 2 1 3 0 0 0 2 1 0 0 2 0 0 0 0 6 0 0 3 0 0 0 14 0 0 0 0 3 1 0 0 10 1 0 0 2 1 0 0 0 0 0 0 1 0 0 10 0 0 25 84 255 253 255 255 246 209 165 138 31 12 0 0 5 5 0 0 0 0 0 0 0 8 0 0 0 9 0 178 248 255 254 244 255 242 255 250 168 0 1 11 0 0 0 5 0 0 0 0 2 5 0 0 0 0 8 205 255 201 35 94 122 146 232 250 230 41 0 3 0 4 1 0 0 0 0 0 1 0 0 6 0 0 30 230 240 207 17 0 3 0 240 255 255 110 0 0 0 8 3 0 0 0 0 0 0 0 0 7 1 0 28 187 255 214 0 0 0 0 214 239 251 165 0 4 0 2 0 4 0 0 0 0 3 2 1 2 0 0 0 84 247 255 153 28 14 0 229 255 255 213 8 11 0 0 0 1 0 0 0 0 1 2 4 0 2 1 0 14 132 255 244 200 143 236 255 251 255 230 0 0 1 7 0 1 0 0 0 0 0 0 2 0 6 8 0 1 0 79 177 241 253 246 178 222 255 225 0 0 1 8 0 5 0 0 0 0 3 0 1 0 1 1 0 1 8 0 0 21 22 22 4 159 251 228 10 0 3 1 0 6 0 0 0 0 0 0 0 0 0 0 0 0 0 3 1 0 0 0 11 165 253 252 80 6 0 3 0 3 0 0 0 0 0 0 0 0 0 0 0 0 0 0 0 0 0 1 4 123 255 253 91 0 0 0 0 0 0 0 0 0 0 0 0 0 0 0 0 0 3 0 0 2 2 4 0 65 246 255 132 0 2 0 6 0 0 0 0 0 0 0 0 0 0 0 0 0 5 0 1 2 1 4 0 20 220 255 179 8 7 0 9 1 0 0 0 0 0 0 0 0 0 0 0 0 3 0 5 1 0 0 0 1 202 247 195 0 2 0 7 0 0 0 0 0 0 0 0 0 0 0 0 0 0 0 7 0 2 0 1 0 208 245 201 0 0 0 7 0 0 0 0 0 0 0 0 0 0 0 0 0 0 3 5 0 8 0 1 2 211 255 227 12 6 4 2 2 0 0 0 0 0 0 0 0 0 0 0 0 0 5 2 0 13 0 0 3 197 255 255 39 9 0 0 4 0 0 0 0 0 0 0 0 0 0 0 0 0 0 0 0 0 0 0 0 199 255 255 32 0 2 0 0 0 0 0 0 0 0 0 0 0 0 0 0 0 0 0 0 0 0 0 0 219 246 231 49 14 7 0 3 0 0 0 0 0 0 0 0 0 0 0 0 0 0 0 0 0 0 0 0 110 239 241 42 0 0 15 0 0 0 0 0 0 0 0 0 0 0 0 0 0 0 0 0 0 0 0 0 6 6 0 0 12 0 0 8 0 0 0 0
0 0 0 0 0 0 0 0 0 0 3 4 6 5 0 0 0 1 2 5 6 4 0 0 0 0 0 0 0 0 0 0 0 0 0 0 6 0 0 0 0 0 0 8 2 0 0 0 0 0 4 6 0 0 0 0 0 0 0 0 0 0 0 0 0 0 3 12 9 0 0 3 5 5 5 3 0 0 0 0 0 0 0 0 0 0 0 0 0 0 0 0 0 0 0 0 0 0 0 1 0 0 0 0 0 0 0 1 0 0 0 0 0 0 0 0 0 0 0 0 7 12 8 0 1 6 1 0 6 5 3 0 0 0 2 4 0 0 0 0 0 0 0 0 0 0 0 0 0 0 0 0 0 7 9 3 0 0 0 0 2 1 0 0 0 0 0 0 0 0 0 0 0 0 0 0 6 1 2 6 0 0 0 1 7 1 0 0 0 2 0 0 0 0 0 0 0 0 0 0 0 0 0 0 0 34 130 232 255 255 248 255 144 109 59 19 0 0 1 3 0 0 0 0 7 0 0 7 0 0 8 0 117 220 254 238 255 245 242 255 250 255 247 93 6 0 8 2 0 0 0 0 0 0 8 4 9 15 0 17 126 255 238 255 251 255 255 251 255 243 252 244 0 16 0 0 0 0 0 0 4 4 7 0 0 2 0 94 252 255 251 255 158 169 244 247 255 232 231 88 0 0 13 0 0 0 0 0 3 0 0 0 3 0 114 231 255 239 106 55 12 27 255 255 246 255 214 0 2 4 7 0 0 0 0 0 0 0 0 13 2 0 231 255 255 71 0 10 0 15 238 255 254 255 243 85 7 10 0 0 0 0 0 0 1 8 0 0 0 0 255 236 255 176 0 0 8 18 215 251 255 238 255 93 0 0 4 2 0 0 0 0 0 8 0 0 0 20 212 255 249 159 11 20 0 0 126 241 246 255 251 90 0 18 0 0 0 0 0 0 0 3 0 6 2 0 87 254 250 224 29 0 2 1 125 255 255 247 255 86 3 1 0 4 0 0 0 0 0 0 4 9 0 0 80 181 249 254 127 41 0 5 119 253 250 255 227 54 0 9 0 6 0 0 0 0 11 0 0 3 1 0 0 12 170 251 244 221 179 148 166 238 255 242 205 8 6 0 0 0 0 0 0 0 0 0 1 4 9 11 2 0 82 180 242 255 255 249 230 255 255 239 190 0 0 0 3 2 0 0 0 0 0 4 6 0 0 0 7 8 0 18 37 27 26 41 19 79 253 255 208 35 0 6 0 11 0 0 0 0 5 1 0 0 0 0 0 0 6 0 0 0 0 16 0 74 243 255 239 85 9 10 0 0 0 0 0 0 3 0 0 4 10 7 2 1 8 0 4 6 0 0 0 70 255 255 250 89 2 0 0 0 0 0 0 0 1 3 2 0 0 0 0 0 2 0 0 6 0 3 7 73 247 254 254 116 0 0 2 5 0 0 0 0 0 1 0 0 0 8 6 0 3 0 0 7 0 2 0 26 207 250 255 180 0 20 0 2 0 0 0 0 0 0 0 0 0 0 0 0 0 0 0 0 0 0 0 0 167 255 252 242 15 0 4 0 0 0 0 0 0 0 0 0 0 0 0 0 0 0 0 0 0 0 0 0 129 255 243 251 0 0 0 18 0 0 0 0 0 0 0 0 0 0 0 0 0 0 0 0 0 0 0 0 28 237 255 249 1 14 0 0 0 0 0 0 0 0 0 0 0 0 0 0 0 0 0 0 0 0 0 0 0 10 0 4 0 5 5 0 0 0 0 0
0 0 0 0 0 0 0 0 0 3 5 2 2 3 0 0 0 11 0 2 3 0 0 1 0 0 0 0 0 0 0 0 0 0 0 0 0 0 0 0 0 6 12 12 0 0 0 0 4 3 3 0 0 0 0 0 0 0 0 0 0 0 0 0 5 7 5 0 0 0 0 0 7 0 8 1 0 0 1 6 0 0 0 0 0 0 0 0 0 0 0 0 0 0 0 2 4 6 6 5 0 0 8 8 0 3 0 0 0 0 0 0 0 0 0 0 0 0 0 0 3 0 0 0 0 0 0 0 20 6 2 0 0 7 4 1 0 0 0 0 0 0 0 0 0 0 0 0 0 0 0 6 7 3 1 1 0 1 0 0 3 0 2 7 0 0 0 0 0 0 0 0 0 0 0 0 2 0 0 0 0 0 0 2 0 33 0 2 21 0 0 0 0 0 0 0 0 0 0 0 0 0 0 0 3 0 6 36 84 142 203 244 254 208 29 0 8 0 10 0 0 0 0 0 0 5 3 0 0 0 0 0 1 0 110 235 233 255 254 250 255 248 148 0 5 1 0 9 0 0 0 0 0 4 0 0 2 0 0 0 44 163 241 255 255 166 91 40 172 252 237 47 0 0 22 0 0 0 0 0 2 1 0 0 5 0 0 7 142 255 228 49 0 10 11 0 185 250 255 247 46 5 0 8 0 0 0 0 3 0 0 2 5 0 0 26 247 240 10 0 0 0 12 50 252 251 255 251 47 0 6 2 0 0 0 0 0 0 0 3 3 0 7 44 241 248 26 1 0 6 0 192 255 253 246 195 12 0 18 0 0 0 0 0 0 0 0 2 1 0 9 44 255 242 0 0 9 10 89 238 248 255 240 172 9 6 0 2 0 0 0 0 0 2 0 0 2 0 2 25 227 251 125 24 42 177 247 255 251 255 255 34 1 0 8 1 0 0 0 0 3 4 0 0 3 0 0 6 88 253 252 242 236 255 249 250 251 255 218 0 10 11 0 3 0 0 0 0 0 0 0 0 0 0 0 0 8 122 232 255 245 250 194 235 255 255 79 15 0 8 0 0 0 0 0 0 0 0 0 0 0 0 0 0 0 9 37 52 57 44 3 210 241 178 20 0 0 2 0 3 0 0 0 0 0 0 0 0 0 0 0 0 13 0 0 0 4 0 43 255 255 132 10 0 8 1 0 0 0 0 0 0 0 0 0 0 0 0 0 0 0 0 10 0 0 6 183 249 217 56 0 0 13 0 0 5 0 0 0 0 0 0 0 0 0 0 0 0 5 0 8 10 0 55 255 251 113 0 0 0 5 0 0 6 0 0 0 0 0 0 0 0 0 0 0 0 0 5 0 0 29 163 255 236 48 0 11 6 3 0 0 0 0 0 0 0 0 0 0 0 0 0 0 0 0 9 2 0 139 254 246 141 0 0 1 0 1 0 0 4 0 0 0 0 0 0 0 0 0 0 0 0 9 0 1 26 239 243 217 14 0 12 1 0 4 2 0 0 0 0 0 0 0 0 0 0 0 0 0 0 6 1 14 191 255 231 27 3 0 0 0 0 0 0 0 0 0 0 0 0 0 0 0 0 0 0 0 0 0 0 44 244 255 162 0 0 0 0 0 0 0 0 0 0 0 0 0 0 0 0 0 0 0 0 0 0 10 0 35 220 209 59 0 22 0 0 0 0 0 0 0 0 0 0 0 0 0 0 0 0 0 0 0 0 0 3 0 4 0 0 1 0 0 0 0 0 0 0 0 0 0 0 0 0
